dateTime,airTemperature,airHumidity,lumosity
2026-03-18 16:38:22,23.1,47,NULL
2026-03-18 16:58:21,22.51,47.4,NULL
2026-03-18 17:18:20,22.05,48.5,NULL
2026-03-18 17:38:20,21.69,49.8,NULL
2026-03-18 17:58:20,21.43,50.8,NULL
2026-03-18 18:18:20,21.19,51,NULL
2026-03-18 18:38:20,21.24,51.8,NULL
2026-03-18 18:58:20,21.58,51,NULL
2026-03-18 19:18:20,21.68,50.8,NULL
2026-03-18 19:38:20,21.46,50.9,NULL
2026-03-18 19:58:20,21.09,51.2,NULL
2026-03-18 20:18:20,20.81,51.5,NULL
2026-03-18 20:38:20,20.56,51.6,NULL
2026-03-18 20:58:19,20.37,51.6,NULL
2026-03-18 21:18:19,20.51,51.8,NULL
2026-03-18 21:38:19,20.6,51,NULL
2026-03-18 21:58:19,20.77,50.5,NULL
2026-03-18 22:18:19,20.7,52.1,NULL
2026-03-18 22:38:19,20.55,52.4,NULL
2026-03-18 22:58:19,20.41,52.3,NULL
2026-03-18 23:18:19,20.22,52.4,NULL
2026-03-18 23:38:19,20.19,52.8,NULL
2026-03-18 23:58:19,20.05,53.1,NULL
2026-03-19 00:18:19,19.92,53.2,NULL
2026-03-19 00:38:19,19.81,53.2,NULL
2026-03-19 00:58:19,19.7,53.2,NULL
2026-03-19 01:18:18,19.6,53.1,NULL
2026-03-19 01:38:18,19.51,53,NULL
2026-03-19 01:58:18,19.4,53,NULL
2026-03-19 02:18:18,19.31,52.8,NULL
2026-03-19 02:38:18,19.22,52.7,NULL
2026-03-19 02:58:18,19.15,52.8,NULL
2026-03-19 03:18:18,19.06,52.7,NULL
2026-03-19 03:38:18,18.98,52.6,NULL
2026-03-19 03:58:18,18.89,52.4,NULL
2026-03-19 04:18:18,18.81,52.6,NULL
2026-03-19 04:38:18,18.75,52.8,NULL
2026-03-19 04:58:18,18.69,52.9,NULL
2026-03-19 05:18:18,18.61,53,NULL
2026-03-19 05:38:18,18.54,53,NULL
2026-03-19 05:58:17,18.49,53.2,NULL
2026-03-19 06:18:17,19.09,53,NULL
2026-03-19 06:38:17,20.04,52.4,NULL
2026-03-19 06:58:17,21.12,50.8,NULL
2026-03-19 07:18:17,21.58,50.2,NULL
2026-03-19 07:38:17,21.66,50.1,NULL
2026-03-19 07:58:17,21.44,47.2,NULL
2026-03-19 08:18:17,20.91,48.9,NULL
2026-03-19 08:38:17,20.57,49.2,NULL
2026-03-19 08:58:17,20.33,49.6,NULL
2026-03-19 09:18:17,20.2,49.6,NULL
2026-03-19 09:38:17,20.19,49.8,NULL
2026-03-19 09:58:17,20.08,49.8,NULL
2026-03-19 10:18:16,20.04,50.1,NULL
2026-03-19 10:38:16,20.04,50.1,NULL
2026-03-19 10:58:16,20.05,50.1,NULL
2026-03-19 11:18:16,20.06,50,NULL
2026-03-19 11:38:16,20.13,49.9,NULL
2026-03-19 11:58:16,20.21,51.4,NULL
2026-03-19 12:18:16,20.39,51.6,NULL
2026-03-19 12:38:16,20.52,51.6,NULL
2026-03-19 12:58:17,20.62,51.7,NULL
2026-03-19 13:18:16,20.71,52,NULL
2026-03-19 13:38:16,20.8,51.9,NULL
2026-03-19 13:58:16,20.86,51.9,NULL
2026-03-19 14:18:16,20.94,52.2,NULL
2026-03-19 14:38:15,21.01,52.4,NULL
2026-03-19 14:58:15,20.85,51.2,NULL
2026-03-19 15:18:15,20.78,51.5,NULL
2026-03-19 15:38:15,20.75,51.8,NULL
2026-03-19 15:58:15,20.75,52.1,NULL
2026-03-19 16:18:15,20.79,52.1,NULL
2026-03-19 16:38:15,20.82,52.2,NULL
2026-03-19 16:58:15,20.81,52.1,NULL
2026-03-19 17:18:15,20.77,52.2,NULL
2026-03-19 17:38:15,20.72,52.3,NULL
2026-03-19 17:58:15,20.65,52.4,NULL
2026-03-19 18:18:15,20.61,52.5,NULL
2026-03-19 18:38:15,20.53,52.7,NULL
2026-03-19 18:58:14,20.47,52.8,NULL
2026-03-19 19:18:14,20.39,52.9,NULL
2026-03-19 19:38:14,20.31,53.1,NULL
2026-03-19 19:58:14,20.21,53.1,NULL
2026-03-19 20:18:14,20.19,59.7,NULL
2026-03-19 20:38:14,20.19,63.4,NULL
2026-03-19 20:58:14,20.08,64.8,NULL
2026-03-19 21:18:14,19.99,66.2,NULL
2026-03-19 21:38:14,19.89,66.5,NULL
2026-03-19 21:58:14,19.83,66,NULL
2026-03-19 22:18:14,19.78,66.8,NULL
2026-03-19 22:38:14,19.72,66.9,NULL
2026-03-19 22:58:14,19.65,66.7,NULL
2026-03-19 23:18:13,19.59,66,NULL
2026-03-19 23:38:13,19.53,66.2,NULL
2026-03-19 23:58:13,19.5,66.7,NULL
2026-03-20 00:18:13,19.47,67,NULL
2026-03-20 00:38:13,19.43,67.6,NULL
2026-03-20 00:58:13,19.4,67.6,NULL
2026-03-20 01:18:13,19.35,67.2,NULL
2026-03-20 01:38:13,19.3,66.6,NULL
2026-03-20 01:58:13,19.24,66.7,NULL
2026-03-20 02:18:13,19.19,66.5,NULL
2026-03-20 02:38:13,19.14,65.9,NULL
2026-03-20 02:58:13,19.09,65.3,NULL
2026-03-20 03:18:13,19.03,65,NULL
2026-03-20 03:38:12,18.98,64.5,NULL
2026-03-20 03:58:12,18.92,64,NULL
2026-03-20 04:18:12,18.88,63.2,NULL
2026-03-20 04:38:12,18.83,63.2,NULL
2026-03-20 04:58:12,18.8,62.5,NULL
2026-03-20 05:18:12,18.75,62.1,NULL
2026-03-20 05:38:12,18.7,61.7,NULL
2026-03-20 05:58:12,18.66,61.3,NULL
2026-03-20 06:18:12,18.61,61.3,NULL
2026-03-20 06:38:12,18.61,60.9,NULL
2026-03-20 06:58:12,18.59,60.7,NULL
2026-03-20 07:18:12,18.61,60.4,NULL
2026-03-20 07:38:12,18.65,60.2,NULL
2026-03-20 07:58:11,18.69,59.8,NULL
2026-03-20 08:18:11,18.71,59.6,NULL
2026-03-20 08:38:12,18.74,59,NULL
2026-03-20 08:58:11,18.76,58.5,NULL
2026-03-20 09:18:11,18.74,58.1,NULL
2026-03-20 09:38:11,18.76,57.6,NULL
2026-03-20 09:58:11,18.77,57.4,NULL
2026-03-20 10:18:11,18.81,57.1,NULL
2026-03-20 10:38:11,18.81,57,NULL
2026-03-20 10:58:11,18.87,56,NULL
2026-03-20 11:18:11,18.89,55.1,NULL
2026-03-20 11:38:11,18.92,54.8,NULL
2026-03-20 11:58:11,18.94,54.1,NULL
2026-03-20 12:18:10,18.99,53.8,NULL
2026-03-20 12:38:10,19.03,54.2,NULL
2026-03-20 12:58:10,19.07,53,NULL
2026-03-20 13:18:10,19.09,52.9,NULL
2026-03-20 13:38:10,19.13,51.7,NULL
2026-03-20 13:58:10,19.15,51.8,NULL
2026-03-20 14:18:10,19.2,51.1,NULL
2026-03-20 14:38:10,19.28,50.6,NULL
2026-03-20 14:58:10,19.33,51.8,NULL
2026-03-20 15:18:10,19.36,59.1,NULL
2026-03-20 15:38:10,19.36,61.7,NULL
2026-03-20 15:58:10,19.37,61.8,NULL
2026-03-20 16:18:10,19.35,62.2,NULL
2026-03-20 16:38:10,19.34,63.1,NULL
2026-03-20 16:58:09,19.32,63.5,NULL
2026-03-20 17:18:09,19.31,64,NULL
2026-03-20 17:38:09,19.29,63.5,NULL
2026-03-20 17:58:09,19.27,63.2,NULL
2026-03-20 18:18:09,19.25,63.5,NULL
2026-03-20 18:38:09,19.2,63.2,NULL
2026-03-20 18:58:09,19.17,61,NULL
2026-03-20 19:18:09,19.37,61.1,NULL
2026-03-20 19:38:09,19.78,61.5,NULL
2026-03-20 19:58:09,20.19,60,NULL
2026-03-20 20:18:09,20.2,59.7,NULL
2026-03-20 20:38:09,20.25,59.3,NULL
2026-03-20 20:58:09,20.21,58.9,NULL
2026-03-20 21:18:09,19.91,53.6,NULL
2026-03-20 21:38:08,19.09,54.5,NULL
2026-03-20 21:58:08,18.75,55.1,NULL
2026-03-20 22:18:08,18.61,54.9,NULL
2026-03-20 22:38:08,18.72,54.4,NULL
2026-03-20 22:58:08,18.7,53.9,NULL
2026-03-20 23:18:09,18.59,53.7,NULL
2026-03-20 23:38:08,18.48,54.1,NULL
2026-03-20 23:58:08,18.39,54.5,NULL
2026-03-21 00:18:08,18.31,54.7,NULL
2026-03-21 00:38:08,18.22,54.8,NULL
2026-03-21 00:58:08,18.15,54.7,NULL
2026-03-21 01:18:08,18.09,54.6,NULL
2026-03-21 01:38:07,18.01,54.3,NULL
2026-03-21 01:58:07,17.96,54,NULL
2026-03-21 02:18:07,17.89,53.8,NULL
2026-03-21 02:38:07,17.83,53.7,NULL
2026-03-21 02:58:07,17.79,53.5,NULL
2026-03-21 03:18:07,17.73,53.3,NULL
2026-03-21 03:38:07,17.68,53.2,NULL
2026-03-21 03:58:07,17.65,53.1,NULL
2026-03-21 04:18:07,17.6,52.9,NULL
2026-03-21 04:38:07,17.55,52.9,NULL
2026-03-21 04:58:07,17.47,52.9,NULL
2026-03-21 05:18:07,17.44,52.9,NULL
2026-03-21 05:38:07,17.44,52.9,NULL
2026-03-21 05:58:06,17.38,53.1,NULL
2026-03-21 06:18:06,17.33,53.1,NULL
2026-03-21 06:38:06,17.29,53.7,NULL
2026-03-21 06:58:06,17.23,53.7,NULL
2026-03-21 07:18:06,17.17,53.7,NULL
2026-03-21 07:38:06,17.13,53.7,NULL
2026-03-21 07:58:06,17.53,54.3,NULL
2026-03-21 08:18:06,18.22,54.3,NULL
2026-03-21 08:38:06,14.83,41.3,NULL
2026-03-21 09:01:05,14.3,83.9,NULL
2026-03-21 09:41:04,11.68,85.9,NULL
2026-03-21 10:01:11,12.09,87.9,NULL
2026-03-21 10:21:04,12.71,88,NULL
2026-03-21 10:41:11,12.53,85.2,NULL
2026-03-21 11:01:04,12.94,85.9,NULL
2026-03-21 11:21:04,13.82,85.6,NULL
2026-03-21 11:41:04,14.88,84.5,NULL
2026-03-21 12:01:11,15.62,82.5,NULL
2026-03-21 12:21:04,17.41,81.9,NULL
2026-03-21 12:41:04,17.99,79.5,NULL
2026-03-21 13:01:04,19.16,78,NULL
2026-03-21 13:21:04,21.12,76.5,NULL
2026-03-21 14:21:03,23.51,71,NULL
2026-03-21 15:01:03,21.62,70.4,NULL
2026-03-21 15:21:03,18.61,75.3,NULL
2026-03-21 16:01:03,14.67,83.1,NULL
2026-03-21 17:01:03,11.38,89.3,NULL
2026-03-21 17:21:03,10.6,90.2,NULL
2026-03-21 17:42:22,9.99,91.2,NULL
2026-03-21 18:02:22,8.73,90.1,NULL
2026-03-21 18:22:22,7.6,90.7,NULL
2026-03-21 18:42:29,6.77,91.9,NULL
2026-03-21 19:02:22,6.22,92.9,NULL
2026-03-21 19:22:22,5.83,93.6,NULL
2026-03-21 19:42:22,5.7,94.4,NULL
2026-03-21 20:22:36,5.34,95.5,NULL
2026-03-21 20:42:29,5.19,95.9,NULL
2026-03-21 21:02:29,5.02,96.3,NULL
2026-03-21 21:22:29,4.84,96.6,NULL
2026-03-21 21:42:22,4.61,96.9,NULL
2026-03-21 22:02:28,4.39,97.2,NULL
2026-03-21 22:22:28,4.23,97.4,NULL
2026-03-21 22:42:21,4.1,97.7,NULL
2026-03-21 23:22:21,3.87,98.4,NULL
2026-03-21 23:42:28,3.72,98.7,NULL
2026-03-22 00:02:28,3.62,99.1,NULL
2026-03-22 00:22:21,3.56,99.3,NULL
2026-03-22 00:42:21,3.33,99.6,NULL
2026-03-22 01:02:21,3.2,99.8,NULL
2026-03-22 01:22:21,3.01,99.9,NULL
2026-03-22 01:42:21,2.81,100,NULL
2026-03-22 02:02:21,2.77,100,NULL
2026-03-22 02:22:28,2.59,100,NULL
2026-03-22 03:02:21,2.3,100,NULL
2026-03-22 03:22:21,2.13,100,NULL
2026-03-22 03:42:21,1.91,100,NULL
2026-03-22 04:22:20,1.69,100,NULL
2026-03-22 04:42:20,1.52,100,NULL
2026-03-22 05:42:20,1.18,100,NULL
2026-03-22 06:02:20,1.41,100,NULL
2026-03-22 06:42:34,3.85,100,NULL
2026-03-22 07:02:20,6.11,100,NULL
2026-03-22 07:42:20,10.52,83.6,NULL
2026-03-22 08:02:27,13.08,79.6,NULL
2026-03-22 08:22:20,14.01,70.6,NULL
2026-03-22 08:42:34,12.48,75.7,NULL
2026-03-22 09:02:27,13.7,75.6,NULL
2026-03-22 09:22:27,15,68.9,NULL
2026-03-22 09:42:19,17.27,67,NULL
2026-03-22 10:02:26,18.31,60.3,NULL
2026-03-22 10:22:19,18.96,62.2,NULL
2026-03-22 10:42:19,20.04,57.6,NULL
2026-03-22 11:02:19,20.84,56.3,NULL
2026-03-22 11:22:26,21.3,52.2,NULL
2026-03-22 11:42:19,21.68,55.1,NULL
2026-03-22 12:02:19,22.39,50.9,NULL
2026-03-22 12:22:26,25.09,44.5,NULL
2026-03-22 12:42:19,26.8,39.5,NULL
2026-03-22 13:02:19,28.2,38.3,NULL
2026-03-22 13:22:19,27.22,41.9,NULL
2026-03-22 13:42:26,26.46,41.1,NULL
2026-03-22 14:02:18,24.64,41.4,NULL
2026-03-22 14:42:18,23.67,45.1,NULL
2026-03-22 15:22:18,23.05,43.7,NULL
2026-03-22 15:42:18,22.28,49.7,NULL
2026-03-22 16:22:18,20.75,71.1,NULL
2026-03-22 16:42:18,19.38,75.1,NULL
2026-03-22 17:02:18,17.56,78.4,NULL
2026-03-22 17:22:18,16.03,80.1,NULL
2026-03-22 18:02:18,12.42,85.2,NULL
2026-03-22 18:22:17,11,87.3,NULL
2026-03-22 19:02:24,9.13,90.3,NULL
2026-03-22 19:22:17,8.47,91.5,NULL
2026-03-22 19:42:31,7.92,92.2,NULL
2026-03-22 20:02:17,7.5,92.9,NULL
2026-03-22 20:22:24,7.06,93.4,NULL
2026-03-22 20:42:24,6.75,93.7,NULL
2026-03-22 21:02:17,6.44,94.1,NULL
2026-03-22 22:02:17,5.48,94.8,NULL
2026-03-22 22:22:17,5.23,95,NULL
2026-03-22 22:42:17,4.99,95.1,NULL
2026-03-22 23:22:17,4.58,95.6,NULL
2026-03-22 23:42:16,4.36,95.8,NULL
2026-03-23 00:02:16,4.2,96,NULL
2026-03-23 00:22:16,3.95,96.1,NULL
2026-03-23 00:42:16,3.65,96.3,NULL
2026-03-23 01:02:16,3.61,96.4,NULL
2026-03-23 01:22:23,3.47,96.6,NULL
2026-03-23 01:42:16,3.34,96.8,NULL
2026-03-23 02:02:16,3.22,97.1,NULL
2026-03-23 02:22:16,3.09,97.3,NULL
2026-03-23 02:42:16,3.08,97.5,NULL
2026-03-23 03:22:16,3.45,98.4,NULL
2026-03-23 04:02:16,3.89,99.6,NULL
2026-03-23 04:42:16,3.91,100,NULL
2026-03-23 05:02:23,3.76,100,NULL
2026-03-23 05:22:16,3.4,100,NULL
2026-03-23 06:02:15,3.11,100,NULL
2026-03-23 06:22:15,4.16,100,NULL
2026-03-23 06:42:22,6.07,100,NULL
2026-03-23 07:22:15,11.08,81.9,NULL
2026-03-23 07:42:15,13.48,79.2,NULL
2026-03-23 08:02:15,15.57,77.5,NULL
2026-03-23 08:42:15,17.3,80,NULL
2026-03-23 09:02:15,19.47,79.9,NULL
2026-03-23 09:22:15,22.8,76,NULL
2026-03-23 10:02:15,24.97,70.3,NULL
2026-03-23 10:22:14,25.69,70.3,NULL
2026-03-23 10:42:21,26.44,70.5,NULL
2026-03-23 11:02:14,27.17,69.9,NULL
2026-03-23 11:22:14,28.24,69.7,NULL
2026-03-23 11:42:14,24.38,50.4,NULL
2026-03-23 12:02:14,22.93,51.5,NULL
2026-03-23 12:42:14,20.53,53.8,NULL
2026-03-23 14:02:14,17.84,53.8,NULL
2026-03-23 14:22:21,17.5,54.5,NULL
2026-03-23 14:42:14,16.95,58.3,NULL
2026-03-23 15:02:13,16.78,60.3,NULL
2026-03-23 15:22:20,16.96,58.5,NULL
2026-03-23 15:42:13,16.78,60.1,NULL
2026-03-23 16:02:13,16.2,62.3,NULL
2026-03-23 16:22:13,15.55,62.5,NULL
2026-03-23 16:42:13,14.86,62.8,NULL
2026-03-23 17:02:13,14.19,64.4,NULL
2026-03-23 17:22:13,13.23,67,NULL
2026-03-23 18:02:20,10.94,76.5,NULL
2026-03-23 18:22:13,9.93,80.1,NULL
2026-03-23 19:02:13,8.65,84.3,NULL
2026-03-23 19:22:20,8.08,87.2,NULL
2026-03-23 19:42:12,7.73,87.9,NULL
2026-03-23 20:22:19,7.05,88.7,NULL
2026-03-23 20:42:12,6.77,89.4,NULL
2026-03-23 21:02:12,6.63,90.5,NULL
2026-03-23 21:22:19,6.38,91,NULL
2026-03-23 21:42:12,6.29,91.7,NULL
2026-03-23 22:22:19,5.66,91.6,NULL
2026-03-23 22:42:12,5.37,92,NULL
2026-03-23 23:02:12,4.95,91.8,NULL
2026-03-23 23:42:12,4.48,92.8,NULL
2026-03-24 00:02:12,4.35,93.1,NULL
2026-03-24 00:22:12,4.01,93.2,NULL
2026-03-24 00:42:12,3.93,93.2,NULL
2026-03-24 01:02:11,4.65,93.2,NULL
2026-03-24 01:22:11,5.04,91,NULL
2026-03-24 02:22:11,6.38,84.7,NULL
2026-03-24 02:42:18,6.63,83.6,NULL
2026-03-24 03:02:11,7.01,82.1,NULL
2026-03-24 03:42:11,7.71,79.1,NULL
2026-03-24 04:02:11,7.92,78.5,NULL
2026-03-24 04:22:11,8.05,79.1,NULL
2026-03-24 05:02:11,8.33,78.9,NULL
2026-03-24 05:42:11,8.51,79.9,NULL
2026-03-24 06:22:10,8.58,79.1,NULL
2026-03-24 06:42:10,8.82,80.9,NULL
2026-03-24 07:02:10,9.13,85.7,NULL
2026-03-24 07:22:10,9.46,87.9,NULL
2026-03-24 07:42:17,10.08,88.9,NULL
2026-03-24 08:02:10,11.24,88.9,NULL
2026-03-24 08:22:17,13.66,85.9,NULL
2026-03-24 08:42:10,15.31,83.3,NULL
2026-03-24 09:02:10,16.81,81.7,NULL
2026-03-24 09:22:17,19.3,78.8,NULL
2026-03-24 09:42:17,21.05,75.3,NULL
2026-03-24 10:42:10,23.17,62.6,NULL
2026-03-24 11:02:09,23.95,60.7,NULL
2026-03-24 11:22:09,25.07,58.6,NULL
2026-03-24 11:42:16,24.8,59.2,NULL
2026-03-24 12:02:09,24.32,59.8,NULL
2026-03-24 12:22:16,24.3,60.5,NULL
2026-03-24 13:02:09,24.89,60.5,NULL
2026-03-24 13:22:09,23.65,56.9,NULL
2026-03-24 13:42:16,22,65.8,NULL
2026-03-24 14:02:16,20.67,72,NULL
2026-03-24 14:22:09,19.62,74.6,NULL
2026-03-24 15:02:16,18.25,79.1,NULL
2026-03-24 15:42:08,17.44,77.4,NULL
2026-03-24 16:02:08,17.05,80.5,NULL
2026-03-24 16:22:08,16.72,81.8,NULL
2026-03-24 16:42:08,16.06,81.6,NULL
2026-03-24 17:02:15,15.26,74.1,NULL
2026-03-24 17:22:08,14.4,68.7,NULL
2026-03-24 18:02:15,13.39,67.8,NULL
2026-03-24 18:22:08,12.83,70.1,NULL
2026-03-24 18:42:08,12.28,71,NULL
2026-03-24 19:02:08,11.91,71.9,NULL
2026-03-24 19:22:08,11.6,71.5,NULL
2026-03-24 20:02:07,11.06,75.3,NULL
2026-03-24 20:22:07,11.11,76.6,NULL
2026-03-24 20:42:07,11.29,73.9,NULL
2026-03-24 21:02:07,11.19,74.1,NULL
2026-03-24 21:22:07,11.04,74.1,NULL
2026-03-24 21:42:07,11.26,72.8,NULL
2026-03-24 22:02:14,11.03,75,NULL
2026-03-24 22:42:07,10.93,75,NULL
2026-03-24 23:02:07,11.07,74.1,NULL
2026-03-24 23:22:07,11.22,73.8,NULL
2026-03-25 00:02:07,11.88,69.6,NULL
2026-03-25 00:22:14,12.1,69.4,NULL
2026-03-25 00:42:07,12.02,70.7,NULL
2026-03-25 01:22:06,11.11,80,NULL
2026-03-25 01:42:06,10.46,83.7,NULL
2026-03-25 02:02:13,10.31,85.2,NULL
2026-03-25 02:22:06,10.01,87.9,NULL
2026-03-25 02:42:13,9.14,84.5,NULL
2026-03-25 03:02:06,8.99,84.5,NULL
2026-03-25 03:22:13,8.82,85.1,NULL
2026-03-25 03:42:06,8.48,84,NULL
2026-03-25 04:02:06,7.42,84.5,NULL
2026-03-25 04:22:06,7.15,85.6,NULL
2026-03-25 04:42:13,7.19,83.5,NULL
2026-03-25 05:22:13,7.5,78.5,NULL
2026-03-25 05:42:06,7.59,78.7,NULL
2026-03-25 06:02:12,7.26,83.6,NULL
2026-03-25 06:42:12,6.96,88.4,NULL
2026-03-25 07:22:05,6.04,89.5,NULL
2026-03-25 08:02:05,6.79,90.9,NULL
2026-03-25 08:22:05,7.12,90.1,NULL
2026-03-25 08:42:12,7.36,88.4,NULL
2026-03-25 09:22:12,7.52,88.5,NULL
2026-03-25 09:42:05,9.29,90.3,NULL
2026-03-25 10:02:12,10.01,90.3,NULL
2026-03-25 10:22:05,10.06,89.7,NULL
2026-03-25 10:42:05,11.22,90.6,NULL
2026-03-25 11:02:05,11.7,86,NULL
2026-03-25 11:22:04,11.56,86.2,NULL
2026-03-25 12:02:04,15.75,77.3,NULL
2026-03-25 12:22:04,18.22,78.3,NULL
2026-03-25 12:42:04,18.89,73.6,NULL
2026-03-25 13:02:04,21.47,73.1,NULL
2026-03-25 13:22:04,19.3,69.3,NULL
2026-03-25 13:42:04,19.36,71.1,NULL
2026-03-25 14:02:04,20.2,69.1,NULL
2026-03-25 14:22:11,16.51,70.4,NULL
2026-03-25 14:42:04,17.31,78.3,NULL
2026-03-25 15:02:04,16.06,74.6,NULL
2026-03-25 15:22:04,16.68,78.3,NULL
2026-03-25 16:02:03,16.18,74.4,NULL
2026-03-25 16:22:03,13.92,79.1,NULL
2026-03-25 16:42:03,12.35,83.3,NULL
2026-03-25 17:02:10,11.5,85.4,NULL
2026-03-25 17:22:03,10.74,86,NULL
2026-03-25 17:42:03,9.58,86.9,NULL
2026-03-25 18:22:10,7.56,88.6,NULL
2026-03-25 18:42:03,6.68,90.5,NULL
2026-03-25 19:02:03,6.27,92,NULL
2026-03-25 19:22:03,5.98,93.1,NULL
2026-03-25 19:42:03,5.68,93.5,NULL
2026-03-25 20:02:03,5.72,94.3,NULL
2026-03-25 20:22:03,5.44,94.5,NULL
2026-03-25 20:42:03,5.12,94.4,NULL
2026-03-25 21:02:02,5.33,95.1,NULL
2026-03-25 21:22:09,5.33,95.6,NULL
2026-03-25 21:42:02,5.52,96.2,NULL
2026-03-25 22:02:02,5.29,96.7,NULL
2026-03-25 22:22:02,5.38,97.1,NULL
2026-03-25 22:42:02,5.53,97.5,NULL
2026-03-25 23:22:02,5.78,98.6,NULL
2026-03-25 23:42:02,5.81,99.1,NULL
2026-03-26 00:02:02,5.38,99.4,NULL
2026-03-26 00:22:02,5.18,99.4,NULL
2026-03-26 00:42:02,5.19,99.5,NULL
2026-03-26 01:02:02,5.09,99.4,NULL
2026-03-26 01:22:09,4.55,99.4,NULL
2026-03-26 01:42:02,3.86,99.1,NULL
2026-03-26 02:02:02,3.62,98.9,NULL
2026-03-26 02:22:02,3.62,98.9,NULL
2026-03-26 02:42:01,3.86,99.1,NULL
2026-03-26 03:02:01,4.16,99.4,NULL
2026-03-26 03:22:08,3.99,99.5,NULL
2026-03-26 03:42:01,3.62,99.6,NULL
2026-03-26 04:02:01,3.24,99.6,NULL
2026-03-26 04:22:01,2.97,99.6,NULL
2026-03-26 04:42:08,2.94,99.6,NULL
2026-03-26 05:02:08,3.15,99.7,NULL
2026-03-26 05:42:01,2.98,99.9,NULL
2026-03-26 06:02:08,3.54,100,NULL
2026-03-26 06:22:01,4.28,100,NULL
2026-03-26 06:42:08,4.48,100,NULL
2026-03-26 07:02:01,4.42,100,NULL
2026-03-26 07:22:15,4.39,100,NULL
2026-03-26 07:42:01,5.68,100,NULL
2026-03-26 08:22:07,10.16,98,NULL
2026-03-26 08:42:00,12.83,88.3,NULL
2026-03-26 09:02:00,15.66,84.1,NULL
2026-03-26 09:42:07,13.7,70.5,NULL
2026-03-26 10:42:07,17.12,60.7,NULL
2026-03-26 11:02:07,16.92,57.9,NULL
2026-03-26 11:22:00,16.67,60.5,NULL
2026-03-26 12:02:00,16.35,57.3,NULL
2026-03-26 12:22:07,13.96,57,NULL
2026-03-26 12:42:00,15.62,60.5,NULL
2026-03-26 13:01:59,16.46,55.2,NULL
2026-03-26 13:22:06,15.34,59.6,NULL
2026-03-26 13:42:06,13.44,59.7,NULL
2026-03-26 14:01:59,14.67,60.1,NULL
2026-03-26 14:21:59,14.69,57.2,NULL
2026-03-26 14:41:59,15.68,57.3,NULL
2026-03-26 15:02:06,11.25,64.6,NULL
2026-03-26 15:21:59,8.7,76.6,NULL
2026-03-26 15:41:59,11.24,69.8,NULL
2026-03-26 16:01:59,12.09,78.1,NULL
2026-03-26 16:22:06,11.09,77.6,NULL
2026-03-26 16:41:59,9.13,77.1,NULL
2026-03-26 17:02:06,8.31,82.3,NULL
2026-03-26 17:21:59,7.94,85.3,NULL
2026-03-26 17:41:58,7.47,86.6,NULL
2026-03-26 18:01:58,6.73,87.1,NULL
2026-03-26 18:21:58,5.45,88.1,NULL
2026-03-26 18:41:58,4.6,90,NULL
2026-03-26 19:21:58,3.63,92.5,NULL
2026-03-26 19:41:58,3.62,93.6,NULL
2026-03-26 20:01:58,3.67,94.2,NULL
2026-03-26 20:21:58,4.08,95.1,NULL
2026-03-26 20:41:58,3.92,95.6,NULL
2026-03-26 21:22:05,3.62,96.1,NULL
2026-03-26 22:02:05,3.09,96.2,NULL
2026-03-26 22:22:12,2.72,96,NULL
2026-03-26 22:41:58,2.5,96.1,NULL
2026-03-26 23:02:05,2.39,96.2,NULL
2026-03-26 23:22:05,2.24,96.4,NULL
2026-03-26 23:41:58,2.12,96.5,NULL
2026-03-27 00:01:57,2.04,96.6,NULL
2026-03-27 00:21:57,1.93,96.8,NULL
2026-03-27 00:42:04,1.89,97,NULL
2026-03-27 01:02:11,1.79,97.2,NULL
2026-03-27 01:22:11,1.7,97.3,NULL
2026-03-27 01:42:04,1.53,97.5,NULL
2026-03-27 02:02:04,1.33,97.6,NULL
2026-03-27 02:21:57,1.24,97.6,NULL
2026-03-27 02:41:57,1.12,97.7,NULL
2026-03-27 03:21:57,0.93,97.9,NULL
2026-03-27 03:41:57,0.85,98,NULL
2026-03-27 04:02:04,0.74,98.1,NULL
2026-03-27 04:41:57,0.36,98.2,NULL
2026-03-27 05:01:57,0.21,98.2,NULL
2026-03-27 05:22:11,0.08,98.1,NULL
2026-03-27 05:42:11,0.26,98.2,NULL
2026-03-27 06:02:03,1.85,98.8,NULL
2026-03-27 06:22:03,3.93,99,NULL
2026-03-27 06:42:03,5.32,98,NULL
2026-03-27 07:02:03,8.64,87,NULL
2026-03-27 08:01:56,15.01,71,NULL
2026-03-27 08:22:10,15.48,71.1,NULL
2026-03-27 08:41:56,15.59,72,NULL
2026-03-27 09:02:10,16.42,72.7,NULL
2026-03-27 09:21:56,18.61,67.8,NULL
2026-03-27 09:42:03,20.99,62.4,NULL
2026-03-27 10:01:56,22.26,61.8,NULL
2026-03-27 10:21:56,22.69,65.9,NULL
2026-03-27 10:42:03,25.11,58,NULL
2026-03-27 11:21:55,22.95,62.7,NULL
2026-03-27 11:41:55,24.63,67.2,NULL
2026-03-27 12:02:09,24.45,57.1,NULL
2026-03-27 12:21:55,21.67,62.5,NULL
2026-03-27 12:41:55,21.23,64.5,NULL
2026-03-27 13:01:55,20.12,68.1,NULL
2026-03-27 13:21:55,19.84,67.1,NULL
2026-03-27 13:41:55,19.21,69.3,NULL
2026-03-27 14:02:02,18.68,71.6,NULL
2026-03-27 14:22:02,17.77,67.6,NULL
2026-03-27 15:22:01,15.53,73.3,NULL
2026-03-27 15:42:01,15.76,80.2,NULL
2026-03-27 16:02:01,15.78,84.1,NULL
2026-03-27 16:41:54,14.28,86.5,NULL
2026-03-27 17:01:54,13.74,87.6,NULL
2026-03-27 17:22:01,13.1,88.6,NULL
2026-03-27 17:42:08,12.26,89.1,NULL
2026-03-27 18:02:01,11.58,89.8,NULL
2026-03-27 18:21:54,11.09,91,NULL
2026-03-27 18:41:54,10.72,91.9,NULL
2026-03-27 19:02:08,10.46,93,NULL
2026-03-27 19:22:01,10.11,93.4,NULL
2026-03-27 19:42:01,9.82,93.8,NULL
2026-03-27 20:02:01,9.48,94,NULL
2026-03-27 20:21:53,9.14,94.1,NULL
2026-03-27 20:41:53,9.03,94.4,NULL
2026-03-27 21:21:53,9.13,95.3,NULL
2026-03-27 21:41:53,9.13,95.5,NULL
2026-03-27 22:01:53,9.13,95.7,NULL
2026-03-27 22:41:53,9.02,96.1,NULL
2026-03-27 23:01:53,8.86,95.9,NULL
2026-03-27 23:42:00,8.64,95.9,NULL
2026-03-28 00:01:53,8.36,95.8,NULL
2026-03-28 00:21:53,8.16,95.9,NULL
2026-03-28 00:41:53,8,96.2,NULL
2026-03-28 01:01:53,7.88,96.6,NULL
2026-03-28 01:21:52,7.8,97.1,NULL
2026-03-28 01:41:52,7.76,97.8,NULL
2026-03-28 02:01:59,7.79,98.4,NULL
2026-03-28 02:21:59,7.76,99.1,NULL
2026-03-28 02:41:52,7.76,99.7,NULL
2026-03-28 03:01:52,7.74,100,NULL
2026-03-28 03:21:52,7.75,100,NULL
2026-03-28 03:41:59,7.79,100,NULL
2026-03-28 04:21:52,7.88,100,NULL
2026-03-28 04:41:52,7.83,100,NULL
2026-03-28 05:01:59,7.66,100,NULL
2026-03-28 05:21:52,7.71,100,NULL
2026-03-28 05:41:52,7.76,100,NULL
2026-03-28 06:41:51,8.36,100,NULL
2026-03-28 07:01:51,9.14,100,NULL
2026-03-28 07:21:51,9.46,100,NULL
2026-03-28 07:41:51,9.14,100,NULL
2026-03-28 08:02:05,9.01,100,NULL
2026-03-28 08:21:51,8.95,100,NULL
2026-03-28 08:41:51,8.79,100,NULL
2026-03-28 09:01:51,9.4,100,NULL
2026-03-28 09:42:05,12.62,97.2,NULL
2026-03-28 10:01:51,15.73,84.5,NULL
2026-03-28 10:21:51,16.04,79,NULL
2026-03-28 10:41:58,20.38,80.4,NULL
2026-03-28 11:01:51,19.32,71.5,NULL
2026-03-28 11:21:51,20.19,71.9,NULL
2026-03-28 11:41:50,23.67,72.3,NULL
2026-03-28 12:01:50,22.88,68,NULL
2026-03-28 12:22:04,24.45,69.8,NULL
2026-03-28 12:41:57,21.7,68,NULL
2026-03-28 13:01:50,22.36,71.8,NULL
2026-03-28 13:21:50,21.3,68.9,NULL
2026-03-28 13:41:57,19.28,71.3,NULL
2026-03-28 14:01:50,19.29,72.5,NULL
2026-03-28 14:21:50,19.83,72.6,NULL
2026-03-28 14:41:50,19.32,73.3,NULL
2026-03-28 15:01:50,21.77,73.8,NULL
2026-03-28 15:21:50,21.39,69.8,NULL
2026-03-28 15:41:50,20.55,70.9,NULL
2026-03-28 17:21:49,12.69,81.6,NULL
2026-03-28 17:41:49,10.75,85,NULL
2026-03-28 18:01:56,9.62,88.2,NULL
2026-03-28 18:22:03,8.66,89.4,NULL
2026-03-28 19:01:49,7.26,92.8,NULL
2026-03-28 19:21:49,6.77,93.5,NULL
2026-03-28 19:41:49,6.21,93.8,NULL
2026-03-28 20:21:49,6.33,95.6,NULL
2026-03-28 20:41:56,6.52,96.6,NULL
2026-03-28 21:01:55,6.83,97.6,NULL
2026-03-28 21:21:48,6.83,98.5,NULL
2026-03-28 21:41:55,6.81,99.3,NULL
2026-03-28 22:01:48,6.62,99.8,NULL
2026-03-28 22:21:48,6.17,100,NULL
2026-03-28 22:41:48,6.19,100,NULL
2026-03-28 23:01:48,5.98,100,NULL
2026-03-28 23:21:55,5.45,100,NULL
2026-03-28 23:41:55,5.53,100,NULL
2026-03-29 00:01:55,5.52,100,NULL
2026-03-29 00:21:55,5.45,100,NULL
2026-03-29 00:41:48,4.99,100,NULL
2026-03-29 01:21:55,4.14,100,NULL
2026-03-29 01:41:55,4.04,100,NULL
2026-03-29 02:01:55,4.25,100,NULL
2026-03-29 02:21:47,4.19,100,NULL
2026-03-29 02:41:54,3.74,100,NULL
2026-03-29 03:01:54,3.4,100,NULL
2026-03-29 03:21:47,3.11,100,NULL
2026-03-29 04:01:54,2.72,100,NULL
2026-03-29 04:22:01,2.6,100,NULL
2026-03-29 04:41:54,2.5,100,NULL
2026-03-29 05:01:54,2.43,100,NULL
2026-03-29 05:21:47,2.39,100,NULL
2026-03-29 05:41:47,2.74,100,NULL
2026-03-29 06:01:54,4.3,100,NULL
2026-03-29 06:21:47,5.69,100,NULL
2026-03-29 06:41:47,8.59,100,NULL
2026-03-29 07:01:54,11.84,80.7,NULL
2026-03-29 07:21:47,13.29,78.7,NULL
2026-03-29 07:41:47,15.23,75.9,NULL
2026-03-29 08:01:46,17.1,72.8,NULL
2026-03-29 08:41:46,17.22,78.9,NULL
2026-03-29 09:01:46,18,80.3,NULL
2026-03-29 09:22:00,20.83,77.5,NULL
2026-03-29 09:41:46,23.41,59.8,NULL
2026-03-29 10:01:46,20.06,67.3,NULL
2026-03-29 10:21:53,21.09,72,NULL
2026-03-29 10:41:46,21.84,73.5,NULL
2026-03-29 11:01:46,24.7,72.3,NULL
2026-03-29 11:21:46,24.58,69.8,NULL
2026-03-29 11:41:53,23.65,72.2,NULL
2026-03-29 12:41:45,26.78,69.6,NULL
2026-03-29 13:21:52,21.22,74.1,NULL
2026-03-29 13:41:45,20.55,76.2,NULL
2026-03-29 14:01:45,19.75,75.4,NULL
2026-03-29 14:41:52,18.22,78.6,NULL
2026-03-29 15:01:45,17.15,79.9,NULL
2026-03-29 15:21:45,16.4,81.3,NULL
2026-03-29 15:41:59,15.91,81.3,NULL
2026-03-29 16:01:45,15.34,83.1,NULL
2026-03-29 16:21:45,14.48,83.9,NULL
2026-03-29 16:41:45,13.74,85,NULL
2026-03-29 17:01:44,12.95,86,NULL
2026-03-29 17:21:44,12.19,88,NULL
2026-03-29 17:41:44,11.51,89.4,NULL
2026-03-29 18:01:44,11.04,91.3,NULL
2026-03-29 18:21:44,10.58,91.7,NULL
2026-03-29 20:01:51,8.31,94.3,NULL
2026-03-29 20:21:51,8.16,94.9,NULL
2026-03-29 20:41:44,8.04,95.4,NULL
2026-03-29 21:01:44,7.94,95.9,NULL
2026-03-29 21:21:51,7.96,96.6,NULL
2026-03-29 22:01:43,8.06,98,NULL
2026-03-29 22:21:50,8.16,98.8,NULL
2026-03-29 22:41:43,8.29,99.6,NULL
2026-03-29 23:01:57,8.42,100,NULL
2026-03-29 23:21:57,8.4,100,NULL
2026-03-29 23:41:50,7.99,100,NULL
2026-03-30 00:01:43,7.86,100,NULL
2026-03-30 00:41:43,7.89,100,NULL
2026-03-30 01:01:43,7.7,100,NULL
2026-03-30 01:21:57,7.5,100,NULL
2026-03-30 01:41:57,7.29,100,NULL
2026-03-30 02:01:43,7.09,100,NULL
2026-03-30 02:21:43,6.86,100,NULL
2026-03-30 03:01:57,6.15,100,NULL
2026-03-30 03:21:56,6.06,100,NULL
2026-03-30 04:01:42,5.45,100,NULL
2026-03-30 04:21:56,5.67,100,NULL
2026-03-30 04:41:56,5.7,100,NULL
2026-03-30 05:01:42,5.72,100,NULL
2026-03-30 05:21:49,5.34,100,NULL
2026-03-30 05:41:56,5.25,100,NULL
2026-03-30 06:01:42,6.38,100,NULL
2026-03-30 06:21:42,7.63,100,NULL
2026-03-30 06:41:42,10.33,100,NULL
2026-03-30 07:01:42,13.03,82.9,NULL
2026-03-30 07:21:56,14.28,79.9,NULL
2026-03-30 07:41:49,15.58,76.7,NULL
2026-03-30 08:01:42,16.32,75.7,NULL
2026-03-30 08:21:42,15.75,79,NULL
2026-03-30 08:41:41,16.07,78.3,NULL
2026-03-30 09:01:41,16.76,81.4,NULL
2026-03-30 09:21:48,16.69,79.3,NULL
2026-03-30 09:41:48,18.27,77.4,NULL
2026-03-30 10:01:41,22.03,73.9,NULL
2026-03-30 10:41:41,22.19,72.9,NULL
2026-03-30 11:01:41,26.33,69.3,NULL
2026-03-30 11:21:55,20.57,66.1,NULL
2026-03-30 12:41:41,15.04,74.1,NULL
2026-03-30 13:01:47,12.55,81.7,NULL
2026-03-30 13:21:40,15.3,85.5,NULL
2026-03-30 13:41:40,18.11,79.5,NULL
2026-03-30 14:21:40,20.76,72.2,NULL
2026-03-30 14:41:47,21.07,70.2,NULL
2026-03-30 15:01:47,21.8,69.3,NULL
2026-03-30 15:21:40,20.66,69.8,NULL
2026-03-30 15:41:40,17.03,72.2,NULL
2026-03-30 16:01:40,16.34,76.7,NULL
2026-03-30 16:21:47,15.29,75.6,NULL
2026-03-30 16:41:54,13.91,79,NULL
2026-03-30 17:01:47,12.96,80.2,NULL
2026-03-30 17:21:47,11.4,82.6,NULL
2026-03-30 17:41:46,10.01,85.3,NULL
2026-03-30 18:01:39,9.14,88.3,NULL
2026-03-30 18:21:46,8.7,90.1,NULL
2026-03-30 18:41:39,7.7,89.9,NULL
2026-03-30 19:01:39,7.15,91.8,NULL
2026-03-30 19:21:39,7.19,93.5,NULL
2026-03-30 19:41:46,6.74,93.9,NULL
2026-03-30 20:21:39,5.75,94.3,NULL
2026-03-30 20:41:39,5.63,94.8,NULL
2026-03-30 21:21:39,5.11,95.7,NULL
2026-03-30 21:41:46,4.78,95.8,NULL
2026-03-30 22:01:53,4.53,96.1,NULL
2026-03-30 22:21:39,4.4,96.4,NULL
2026-03-30 22:41:46,4.42,96.8,NULL
2026-03-30 23:01:52,4.34,97.3,NULL
2026-03-30 23:21:38,4.08,97.7,NULL
2026-03-30 23:41:38,3.84,98.1,NULL
2026-03-31 00:01:45,3.62,98.3,NULL
2026-03-31 00:21:38,3.62,98.5,NULL
2026-03-31 00:41:38,3.62,98.8,NULL
2026-03-31 01:01:38,3.62,99.2,NULL
2026-03-31 01:21:38,3.52,99.6,NULL
2026-03-31 01:41:38,3.4,100,NULL
2026-03-31 02:41:38,2.96,100,NULL
2026-03-31 03:01:45,3.36,100,NULL
2026-03-31 03:41:38,4.11,100,NULL
2026-03-31 04:01:45,4.48,100,NULL
2026-03-31 04:41:38,4.84,100,NULL
2026-03-31 05:01:37,4.92,100,NULL
2026-03-31 05:21:37,5.17,100,NULL
2026-03-31 05:41:44,5.94,100,NULL
2026-03-31 06:01:37,7.09,100,NULL
2026-03-31 06:21:37,7.26,100,NULL
2026-03-31 07:01:37,8.99,100,NULL
2026-03-31 07:21:37,9.93,100,NULL
2026-03-31 07:41:51,10.99,100,NULL
2026-03-31 08:01:37,11.91,100,NULL
2026-03-31 08:21:37,12.54,91.8,NULL
2026-03-31 08:41:44,13.1,89.7,NULL
2026-03-31 09:01:37,13.74,89.3,NULL
2026-03-31 09:21:37,14.9,88.5,NULL
2026-03-31 09:41:44,15.68,86.9,NULL
2026-03-31 10:01:36,16.66,86.2,NULL
2026-03-31 10:21:50,19.73,82.7,NULL
2026-03-31 10:41:36,19.87,78.4,NULL
2026-03-31 11:01:36,20.51,77.3,NULL
2026-03-31 11:21:50,21.05,76.6,NULL
2026-03-31 11:41:36,21.96,74.7,NULL
2026-03-31 12:01:43,22.31,74.1,NULL
2026-03-31 12:41:36,17.28,53.8,NULL
2026-03-31 13:01:36,15.51,54.5,NULL
2026-03-31 13:21:36,14.67,56.4,NULL
2026-03-31 13:41:36,15.36,56.4,NULL
2026-03-31 14:01:36,13.95,61.4,NULL
2026-03-31 14:21:35,13.77,58,NULL
2026-03-31 14:41:42,13.48,58.2,NULL
2026-03-31 15:01:49,13.3,58.9,NULL
2026-03-31 15:21:35,12.52,59.4,NULL
2026-03-31 15:41:49,12.78,69.6,NULL
2026-03-31 16:21:35,13.72,79.8,NULL
2026-03-31 16:41:35,12.64,82.4,NULL
2026-03-31 17:01:35,12.07,84.8,NULL
2026-03-31 17:21:35,11.91,85,NULL
2026-03-31 18:01:35,10.33,87.1,NULL
2026-03-31 18:21:35,9.21,88.8,NULL
2026-03-31 18:41:42,8.25,90.2,NULL
2026-03-31 19:01:42,7.65,92,NULL
2026-03-31 19:21:34,7.07,92.7,NULL
2026-03-31 19:41:34,6.38,92.9,NULL
2026-03-31 20:01:34,5.78,93.4,NULL
2026-03-31 20:21:41,5.34,93.9,NULL
2026-03-31 20:41:41,4.99,94.4,NULL
2026-03-31 21:41:34,4.19,95.5,NULL
2026-03-31 22:01:34,3.93,95.8,NULL
2026-03-31 22:21:34,3.62,96.1,NULL
2026-03-31 23:01:34,3.27,96.6,NULL
2026-03-31 23:21:34,3.08,96.9,NULL
2026-03-31 23:41:34,2.9,97.1,NULL
2026-04-01 00:21:34,2.68,97.7,NULL
2026-04-01 00:41:34,2.6,98.1,NULL
2026-04-01 01:01:34,2.47,98.4,NULL
2026-04-01 01:21:33,2.32,98.7,NULL
2026-04-01 01:41:40,2.57,99.2,NULL
2026-04-01 02:21:33,2.62,100,NULL
2026-04-01 02:41:33,2.85,100,NULL
2026-04-01 03:21:40,3.95,100,NULL
2026-04-01 03:41:33,4.4,100,NULL
2026-04-01 04:01:33,4.71,100,NULL
2026-04-01 04:21:40,4.96,100,NULL
2026-04-01 04:41:33,5.18,100,NULL
2026-04-01 05:01:33,5.39,100,NULL
2026-04-01 05:21:33,5.52,100,NULL
2026-04-01 05:41:40,5.72,100,NULL
2026-04-01 06:01:33,6.11,100,NULL
2026-04-01 06:21:33,6.77,100,NULL
2026-04-01 06:41:33,7.64,100,NULL
2026-04-01 07:01:39,8.8,100,NULL
2026-04-01 07:21:39,10.15,100,NULL
2026-04-01 07:41:32,12.58,100,NULL
2026-04-01 08:01:32,16.25,87.8,NULL
2026-04-01 08:21:39,17.22,79.4,NULL
2026-04-01 08:41:39,18.26,80,NULL
2026-04-01 09:01:39,19.37,79.4,NULL
2026-04-01 09:21:39,19.98,58.8,NULL
2026-04-01 09:41:39,19.98,56.7,NULL
2026-04-01 10:21:32,20.95,51.4,NULL
2026-04-01 10:41:32,21.57,49.7,NULL
2026-04-01 11:21:39,22.39,45.5,NULL
2026-04-01 11:41:31,22.55,50.2,NULL
2026-04-01 12:01:38,22.73,49.4,NULL
2026-04-01 12:21:38,22.64,49.4,NULL
2026-04-01 12:41:38,23.25,46.4,NULL
2026-04-01 13:01:31,23.1,44.8,NULL
2026-04-01 13:21:45,22.7,44.2,NULL
2026-04-01 13:41:31,22.94,44.1,NULL
2026-04-01 14:21:31,21.73,47.4,NULL
2026-04-01 14:41:31,21.65,46.3,NULL
2026-04-01 15:01:31,21.09,46.8,NULL
2026-04-01 16:01:30,23.17,70.3,NULL
2026-04-01 16:21:30,22.36,71.2,NULL
2026-04-01 17:01:30,18.92,75.7,NULL
2026-04-01 17:21:37,17.11,77.9,NULL
2026-04-01 17:41:30,15.13,80.3,NULL
2026-04-01 18:21:30,11.51,86.3,NULL
2026-04-01 18:41:30,10.25,88.7,NULL
2026-04-01 19:01:37,9.19,90.2,NULL
2026-04-01 19:41:30,7.67,91.9,NULL
2026-04-01 20:01:30,7.02,92.5,NULL
2026-04-01 20:21:30,6.48,93,NULL
2026-04-01 21:01:36,5.63,94,NULL
2026-04-01 21:21:29,5.27,94.4,NULL
2026-04-01 21:41:29,4.94,94.8,NULL
2026-04-01 22:01:29,4.64,95.1,NULL
2026-04-01 22:21:29,4.34,95.3,NULL
2026-04-01 22:41:29,4.12,95.6,NULL
2026-04-01 23:01:29,3.91,95.9,NULL
2026-04-01 23:41:36,3.62,96.5,NULL
2026-04-02 00:01:29,3.74,97,NULL
2026-04-02 00:21:36,3.68,97.5,NULL
2026-04-02 01:01:29,3.67,98.5,NULL
2026-04-02 01:21:36,4.44,99.3,NULL
2026-04-02 01:41:29,5.09,100,NULL
2026-04-02 02:01:29,5.52,100,NULL
2026-04-02 02:21:36,5.87,100,NULL
2026-04-02 02:41:28,6.04,100,NULL
2026-04-02 03:01:28,6.24,100,NULL
2026-04-02 03:21:28,6.38,100,NULL
2026-04-02 03:41:35,6.67,100,NULL
2026-04-02 04:01:28,6.89,100,NULL
2026-04-02 04:21:28,7.05,100,NULL
2026-04-02 04:41:28,7.05,100,NULL
2026-04-02 05:21:28,7.18,100,NULL
2026-04-02 05:41:35,7.36,100,NULL
2026-04-02 06:01:28,7.42,100,NULL
2026-04-02 06:21:35,7.54,100,NULL
2026-04-02 06:41:28,7.76,100,NULL
2026-04-02 07:01:28,8.27,100,NULL
2026-04-02 07:21:28,8.96,100,NULL
2026-04-02 07:41:34,9.66,100,NULL
2026-04-02 08:01:27,10.79,100,NULL
2026-04-02 08:21:27,12.3,100,NULL
2026-04-02 08:41:34,14.34,100,NULL
2026-04-02 09:01:34,15.77,100,NULL
2026-04-02 09:21:27,16.24,91.7,NULL
2026-04-02 09:41:27,17.31,88.5,NULL
2026-04-02 10:01:27,18.19,86.6,NULL
2026-04-02 10:41:27,18.04,84.7,NULL
2026-04-02 11:01:27,17.98,86.4,NULL
2026-04-02 11:21:27,17.31,85.3,NULL
2026-04-02 11:41:34,15.96,85.4,NULL
2026-04-02 12:01:27,15.04,86.9,NULL
2026-04-02 12:21:26,14.11,87.2,NULL
2026-04-02 12:41:26,13.74,88.8,NULL
2026-04-02 13:01:26,14.26,88.9,NULL
2026-04-02 13:21:26,15.11,86.5,NULL
2026-04-02 14:01:33,15.47,82.8,NULL
2026-04-02 14:41:26,15.23,85.7,NULL
2026-04-02 15:01:26,15.66,83.8,NULL
2026-04-02 15:21:33,14.87,84,NULL
2026-04-02 16:01:26,13.45,85.7,NULL
2026-04-02 16:21:26,12.33,86.6,NULL
2026-04-02 16:41:26,11.56,88.6,NULL
2026-04-02 17:21:32,10.61,90.4,NULL
2026-04-02 17:41:25,10.14,91.3,NULL
2026-04-02 18:01:32,9.72,92.7,NULL
2026-04-02 18:41:25,8.95,93.9,NULL
2026-04-02 19:01:25,8.64,94.6,NULL
2026-04-02 19:21:32,8.35,95.1,NULL
2026-04-02 19:41:32,8.29,95.7,NULL
2026-04-02 20:01:25,8.25,96.3,NULL
2026-04-02 20:21:25,8.22,96.9,NULL
2026-04-02 20:41:25,8.16,97.5,NULL
2026-04-02 21:01:25,8.11,97.9,NULL
2026-04-02 21:21:25,8.06,98.4,NULL
2026-04-02 22:01:24,7.8,99.1,NULL
2026-04-02 22:21:24,7.65,99.4,NULL
2026-04-02 22:41:24,7.46,99.5,NULL
2026-04-02 23:01:24,7.33,99.7,NULL
2026-04-02 23:21:24,7.19,99.8,NULL
2026-04-02 23:41:24,7.03,100,NULL
2026-04-03 00:01:24,6.7,100,NULL
2026-04-03 00:21:24,6.53,100,NULL
2026-04-03 00:41:24,6.38,100,NULL
2026-04-03 01:01:24,6.07,100,NULL
2026-04-03 01:21:24,5.77,100,NULL
2026-04-03 01:41:24,5.45,100,NULL
2026-04-03 02:01:31,4.98,100,NULL
2026-04-03 02:21:24,4.53,99.9,NULL
2026-04-03 02:41:24,4.36,99.9,NULL
2026-04-03 03:01:24,4.3,100,NULL
2026-04-03 03:21:24,4.27,100,NULL
2026-04-03 04:01:30,4.5,100,NULL
2026-04-03 04:21:23,4.59,100,NULL
2026-04-03 04:41:23,4.71,100,NULL
2026-04-03 05:01:30,4.83,100,NULL
2026-04-03 05:21:30,4.75,100,NULL
2026-04-03 05:41:37,5.04,100,NULL
2026-04-03 06:01:23,5.68,100,NULL
2026-04-03 06:21:37,6.34,100,NULL
2026-04-03 06:41:23,6.95,100,NULL
2026-04-03 07:01:37,7.56,100,NULL
2026-04-03 07:21:37,8.45,100,NULL
2026-04-03 07:41:30,9.37,100,NULL
2026-04-03 08:21:23,10.82,100,NULL
2026-04-03 08:41:30,12,100,NULL
2026-04-03 09:01:30,13.53,94.9,NULL
2026-04-03 09:21:22,15.87,84.5,NULL
2026-04-03 09:41:22,18.24,78.5,NULL
2026-04-03 10:01:22,21.3,70.6,NULL
2026-04-03 10:21:22,22.6,62.3,NULL
2026-04-03 10:41:22,22.15,65.8,NULL
2026-04-03 11:01:22,23.56,63.4,NULL
2026-04-03 11:21:29,23.35,48.9,NULL
2026-04-03 12:01:22,19.74,51.5,NULL
2026-04-03 12:21:36,19.65,49.1,NULL
2026-04-03 12:41:29,18.28,51.8,NULL
2026-04-03 13:01:22,18.49,53,NULL
2026-04-03 13:41:21,18.46,52.9,NULL
2026-04-03 14:01:28,17.65,54.7,NULL
2026-04-03 14:21:21,16.38,58.3,NULL
2026-04-03 14:41:21,15.8,61.3,NULL
2026-04-03 15:01:21,16.36,60.5,NULL
2026-04-03 15:21:28,17.72,69.7,NULL
2026-04-03 15:41:35,18.41,74.6,NULL
2026-04-03 16:01:21,17.61,79.2,NULL
2026-04-03 16:21:21,16.51,80.4,NULL
2026-04-03 16:41:21,15.29,82.8,NULL
2026-04-03 17:01:21,14.17,86.1,NULL
2026-04-03 17:21:28,13.32,88.8,NULL
2026-04-03 17:41:21,12.72,90.5,NULL
2026-04-03 18:01:28,12.3,92,NULL
2026-04-03 18:21:20,11.91,93,NULL
2026-04-03 18:41:20,11.75,94,NULL
2026-04-03 19:01:20,11.62,94.8,NULL
2026-04-03 19:21:20,11.55,95.4,NULL
2026-04-03 19:41:20,11.52,95.9,NULL
2026-04-03 20:01:20,11.52,96.4,NULL
2026-04-03 21:01:20,11.7,97.4,NULL
2026-04-03 21:41:20,11.91,98,NULL
2026-04-03 22:21:20,12.08,98.4,NULL
2026-04-03 22:41:20,12.15,98.5,NULL
2026-04-03 23:01:19,12.22,98.5,NULL
2026-04-03 23:41:19,12.26,98.5,NULL
2026-04-04 00:01:19,12.22,98.3,NULL
2026-04-04 00:21:19,11.93,98,NULL
2026-04-04 00:41:19,11.63,97.7,NULL
2026-04-04 01:21:19,11.01,97.7,NULL
2026-04-04 01:41:26,10.81,97.9,NULL
2026-04-04 02:01:19,10.65,98.1,NULL
2026-04-04 02:21:26,10.52,98.3,NULL
2026-04-04 02:41:19,10.37,98.5,NULL
2026-04-04 03:01:26,10.25,98.7,NULL
2026-04-04 03:21:19,10.1,98.8,NULL
2026-04-04 03:41:19,9.98,98.9,NULL
2026-04-04 04:01:18,9.86,99.1,NULL
2026-04-04 04:21:18,9.71,99.4,NULL
2026-04-04 04:41:18,9.4,99.5,NULL
2026-04-04 05:01:25,9.01,99.4,NULL
2026-04-04 05:41:18,8.51,99.1,NULL
2026-04-04 06:01:25,8.8,99.2,NULL
2026-04-04 06:41:18,12.47,96.8,NULL
2026-04-04 07:01:18,13.43,90.2,NULL
2026-04-04 07:21:25,14.9,86.1,NULL
2026-04-04 08:01:18,16.67,78.1,NULL
2026-04-04 08:21:18,18.56,72.2,NULL
2026-04-04 08:41:24,19.79,73.7,NULL
2026-04-04 09:01:17,20.21,60.5,NULL
2026-04-04 09:21:24,20.19,54.7,NULL
2026-04-04 09:41:24,21.3,54.1,NULL
2026-04-04 10:01:17,21.65,48.8,NULL
2026-04-04 10:41:17,20.93,46.7,NULL
2026-04-04 11:01:31,20.26,47.6,NULL
2026-04-04 11:21:31,19.87,47,NULL
2026-04-04 12:01:17,19.13,49.8,NULL
2026-04-04 12:21:24,19.02,54.2,NULL
2026-04-04 12:41:17,18.91,53.4,NULL
2026-04-04 13:01:17,19.97,60.2,NULL
2026-04-04 13:21:16,23.34,49.1,NULL
2026-04-04 13:41:30,20.19,52.1,NULL
2026-04-04 14:01:30,21.22,68.6,NULL
2026-04-04 14:41:23,25.69,70.6,NULL
2026-04-04 15:01:23,26.1,71.7,NULL
2026-04-04 15:21:30,25.32,73,NULL
2026-04-04 15:41:16,23.86,75.4,NULL
2026-04-04 16:01:16,22.33,78.4,NULL
2026-04-04 16:21:16,22.28,79.4,NULL
2026-04-04 16:41:16,21.26,80.1,NULL
2026-04-04 17:01:16,20.1,80,NULL
2026-04-04 17:21:16,18.43,82.2,NULL
2026-04-04 17:41:22,16.88,85.1,NULL
2026-04-04 18:01:22,16.11,87.7,NULL
2026-04-04 18:21:15,15.31,88.6,NULL
2026-04-04 18:41:15,14.49,89.7,NULL
2026-04-04 19:01:15,13.67,90.6,NULL
2026-04-04 19:21:15,13.09,91.7,NULL
2026-04-04 19:41:15,12.69,93,NULL
2026-04-04 20:01:15,12.43,93.9,NULL
2026-04-04 20:41:15,12.07,95.1,NULL
2026-04-04 21:01:22,11.91,95.5,NULL
2026-04-04 21:21:15,11.75,95.8,NULL
2026-04-04 21:41:15,11.68,96.2,NULL
2026-04-04 22:01:29,11.69,96.6,NULL
2026-04-04 22:21:14,11.79,97.1,NULL
2026-04-04 22:41:14,11.83,97.5,NULL
2026-04-04 23:01:14,11.83,97.7,NULL
2026-04-04 23:21:14,11.83,97.9,NULL
2026-04-05 00:01:14,11.91,98.1,NULL
2026-04-05 00:21:14,11.99,98.1,NULL
2026-04-05 00:41:21,12.09,98.1,NULL
2026-04-05 01:01:14,12.13,97.9,NULL
2026-04-05 01:21:14,12.12,97.7,NULL
2026-04-05 01:41:14,12.1,97.5,NULL
2026-04-05 02:01:14,12.1,97.5,NULL
2026-04-05 02:21:14,12.09,97.4,NULL
2026-04-05 02:41:14,12.18,97.4,NULL
2026-04-05 03:01:21,12.34,97.6,NULL
2026-04-05 03:41:20,12.39,96.5,NULL
2026-04-05 04:01:13,12.33,95.2,NULL
2026-04-05 04:21:13,12.36,94.5,NULL
2026-04-05 05:01:13,12.47,94.1,NULL
2026-04-05 05:21:13,12.29,93.6,NULL
2026-04-05 05:41:20,12.04,93.8,NULL
2026-04-05 06:01:27,12.1,94.4,NULL
2026-04-05 06:21:13,12.43,94.6,NULL
2026-04-05 06:41:13,12.49,92.6,NULL
2026-04-05 07:01:13,12.3,91.5,NULL
2026-04-05 07:21:27,12.91,92,NULL
2026-04-05 07:41:13,13.29,89.1,NULL
2026-04-05 08:21:12,14.96,88.1,NULL
2026-04-05 08:41:12,15.88,85.4,NULL
2026-04-05 09:21:12,19.83,81.7,NULL
2026-04-05 09:41:12,21.69,76.4,NULL
2026-04-05 10:01:12,21.65,75.1,NULL
2026-04-05 10:21:12,25.11,75.4,NULL
2026-04-05 10:41:19,20.79,44.5,NULL
2026-04-05 11:01:19,16.32,52.4,NULL
2026-04-05 11:21:19,15.94,53.1,NULL
2026-04-05 11:41:19,15.67,55,NULL
2026-04-05 12:01:12,16.24,52.3,NULL
2026-04-05 12:41:11,19.09,43.6,NULL
2026-04-05 13:01:11,18.39,45.2,NULL
2026-04-05 13:21:11,18.16,44.6,NULL
2026-04-05 14:01:18,15.38,54.2,NULL
2026-04-05 14:21:11,16.42,53.6,NULL
2026-04-05 14:41:11,16.28,49.6,NULL
2026-04-05 15:21:11,12.36,64.7,NULL
2026-04-05 15:41:11,13.88,69.7,NULL
2026-04-05 16:01:18,17.42,74,NULL
2026-04-05 16:21:18,17.16,74.8,NULL
2026-04-05 16:41:11,15.97,75.8,NULL
2026-04-05 17:01:10,15.25,77.8,NULL
2026-04-05 17:21:17,14.05,79.5,NULL
2026-04-05 18:01:10,12.37,84.4,NULL
2026-04-05 18:21:10,11.65,86.1,NULL
2026-04-05 19:01:10,9.79,87.2,NULL
2026-04-05 19:21:10,8.73,88.9,NULL
2026-04-05 19:41:10,7.92,90.3,NULL
2026-04-05 20:01:17,7.44,91.8,NULL
2026-04-05 20:41:10,6.9,93.4,NULL
2026-04-05 21:21:10,6.79,94.8,NULL
2026-04-05 22:01:09,6.65,95.7,NULL
2026-04-05 22:21:09,6.21,95.6,NULL
2026-04-05 22:41:09,5.72,95.3,NULL
2026-04-05 23:21:09,5.16,95.4,NULL
2026-04-05 23:41:09,4.9,95.6,NULL
2026-04-06 00:41:09,4.38,96.1,NULL
2026-04-06 01:01:09,4.26,96.4,NULL
2026-04-06 01:21:16,4.13,96.6,NULL
2026-04-06 02:01:09,3.95,97.1,NULL
2026-04-06 02:21:09,3.92,97.3,NULL
2026-04-06 02:41:16,3.81,97.6,NULL
2026-04-06 03:01:09,3.62,97.7,NULL
2026-04-06 03:21:16,3.62,97.9,NULL
2026-04-06 03:41:15,3.62,98.1,NULL
2026-04-06 04:01:08,3.61,98.3,NULL
2026-04-06 04:41:16,3.25,98.5,NULL
2026-04-06 05:41:08,5.82,100,NULL
2026-04-06 06:01:15,8.15,96.4,NULL
2026-04-06 06:21:15,9.76,87.6,NULL
2026-04-06 06:41:08,12.5,82.6,NULL
2026-04-06 07:01:08,14.4,77.9,NULL
2026-04-06 07:41:08,16.7,73.4,NULL
2026-04-06 08:01:08,17.72,75.9,NULL
2026-04-06 08:21:08,19.54,76,NULL
2026-04-06 09:01:07,13.57,54.3,NULL
2026-04-06 09:41:07,14.74,50.1,NULL
2026-04-06 10:41:14,15.98,49.1,NULL
2026-04-06 11:01:07,16.46,44.8,NULL
2026-04-06 11:21:14,17,45.5,NULL
2026-04-06 11:41:07,17,43.7,NULL
2026-04-06 12:21:07,17.39,43,NULL
2026-04-06 12:41:14,17.1,43.3,NULL
2026-04-06 13:01:14,17.13,41.7,NULL
2026-04-06 13:41:06,17.44,41.6,NULL
2026-04-06 14:01:13,17.94,41.5,NULL
2026-04-06 14:21:13,17.91,40.6,NULL
2026-04-06 14:41:13,16.76,44,NULL
2026-04-06 15:01:06,17.25,40.6,NULL
2026-04-06 15:21:13,16.47,41.5,NULL
2026-04-06 15:41:13,15.8,43.1,NULL
2026-04-06 16:01:06,15.33,44.7,NULL
2026-04-06 16:21:13,14.58,46.4,NULL
2026-04-06 16:41:13,13.81,47.5,NULL
2026-04-06 17:01:06,13.15,53.7,NULL
2026-04-06 17:21:06,12.18,55.1,NULL
2026-04-06 18:01:05,10.57,72,NULL
2026-04-06 18:41:12,8.52,85.5,NULL
2026-04-06 19:21:12,7.1,89.6,NULL
2026-04-06 20:01:05,6.18,91.5,NULL
2026-04-06 20:21:05,5.83,92.1,NULL
2026-04-06 20:41:12,5.45,92.7,NULL
2026-04-06 21:01:05,5.17,93.2,NULL
2026-04-06 21:21:05,4.87,93.5,NULL
2026-04-06 21:41:05,4.56,93.7,NULL
2026-04-06 22:01:12,4.31,94,NULL
2026-04-06 22:21:12,4.07,94.2,NULL
2026-04-06 22:41:05,3.86,94.5,NULL
2026-04-06 23:01:05,3.62,94.6,NULL
2026-04-06 23:21:12,3.53,94.8,NULL
2026-04-06 23:41:04,3.3,95,NULL
2026-04-07 00:01:04,3.1,95.1,NULL
2026-04-07 00:21:04,2.96,95.3,NULL
2026-04-07 01:01:04,2.69,95.7,NULL
2026-04-07 01:21:04,2.6,95.9,NULL
2026-04-07 01:41:04,2.47,96,NULL
2026-04-07 02:21:04,2.23,96.3,NULL
2026-04-07 02:41:04,2.15,96.4,NULL
2026-04-07 03:01:11,2.04,96.5,NULL
2026-04-07 03:41:04,1.77,96.7,NULL
2026-04-07 04:01:04,1.69,96.7,NULL
2026-04-07 04:21:04,1.57,96.8,NULL
2026-04-07 04:41:04,1.47,96.9,NULL
2026-04-07 05:01:11,1.46,97,NULL
2026-04-07 05:41:11,4.48,97.4,NULL
2026-04-07 06:21:03,8.09,84.9,NULL
2026-04-07 06:41:10,10.19,82.2,NULL
2026-04-07 07:01:03,12.53,78.4,NULL
2026-04-07 07:21:03,15.31,69.4,NULL
2026-04-07 07:41:03,17.43,68.1,NULL
2026-04-07 08:01:03,17.65,72.1,NULL
2026-04-07 08:21:03,19.09,73.4,NULL
2026-04-07 08:41:10,20.34,72.9,NULL
2026-04-07 09:01:03,21.37,74.6,NULL
2026-04-07 09:21:03,19.74,48.1,NULL
2026-04-07 09:41:03,19.51,49,NULL
2026-04-07 10:21:02,21.27,48,NULL
2026-04-07 10:41:02,21.93,45.5,NULL
2026-04-07 11:01:02,22.67,46.2,NULL
2026-04-07 11:21:02,23.53,44.6,NULL
2026-04-07 11:41:02,23.93,41.8,NULL
2026-04-07 12:21:09,24.17,42.5,NULL
2026-04-07 12:41:02,24.7,39.3,NULL
2026-04-07 13:01:02,24.78,37.1,NULL
2026-04-07 13:21:02,24.54,37.8,NULL
2026-04-07 13:41:09,24.94,37,NULL
2026-04-07 14:21:02,24.66,37,NULL
2026-04-07 14:41:01,24.34,36.3,NULL
2026-04-07 15:01:01,24.04,49.1,NULL
2026-04-07 15:41:01,26.47,67.9,NULL
2026-04-07 16:01:02,25.51,71.2,NULL
2026-04-07 16:41:01,23.17,73.9,NULL
2026-04-07 17:21:01,19.3,78.3,NULL
2026-04-07 17:41:01,17.33,81.2,NULL
2026-04-07 18:21:08,13.76,85.5,NULL
2026-04-07 18:41:01,12.32,87.3,NULL
2026-04-07 19:01:08,11.1,88.9,NULL
2026-04-07 19:21:00,10.1,90,NULL
2026-04-07 19:41:07,9.33,91.2,NULL
2026-04-07 20:01:00,8.74,92.1,NULL
2026-04-07 20:21:00,8.28,92.9,NULL
2026-04-07 20:41:00,7.92,93.6,NULL
2026-04-07 21:01:07,7.53,93.9,NULL
2026-04-07 21:21:07,7.23,94.3,NULL
2026-04-07 21:41:00,6.93,94.6,NULL
2026-04-07 22:01:00,6.7,94.9,NULL
2026-04-07 22:21:07,6.49,95.2,NULL
2026-04-07 22:41:07,6.38,95.6,NULL
2026-04-07 23:01:00,6.17,95.8,NULL
2026-04-07 23:41:07,5.63,96.1,NULL
2026-04-08 00:01:00,5.43,96.2,NULL
2026-04-08 00:21:00,5.09,96.3,NULL
2026-04-08 00:40:59,4.75,96.3,NULL
2026-04-08 01:20:59,4.26,96.4,NULL
2026-04-08 02:00:59,3.77,96.6,NULL
2026-04-08 02:21:06,3.62,96.8,NULL
2026-04-08 02:40:59,3.42,96.9,NULL
2026-04-08 03:01:06,3.22,97,NULL
2026-04-08 03:20:59,3.07,97.2,NULL
2026-04-08 03:41:06,2.96,97.5,NULL
2026-04-08 04:00:59,2.8,97.6,NULL
2026-04-08 04:21:06,2.68,97.8,NULL
2026-04-08 04:40:59,2.57,98,NULL
2026-04-08 05:00:59,2.53,98.2,NULL
2026-04-08 06:00:59,7.83,92.4,NULL
2026-04-08 06:21:05,9.4,86.6,NULL
2026-04-08 06:40:59,11.43,84.8,NULL
2026-04-08 07:00:58,14.13,79.3,NULL
2026-04-08 07:20:58,16.69,72.7,NULL
2026-04-08 07:41:05,18.05,73.1,NULL
2026-04-08 08:00:58,19.04,76.2,NULL
2026-04-08 08:20:58,18.77,57.2,NULL
2026-04-08 08:40:58,18.34,58.4,NULL
2026-04-08 09:01:05,18.51,59.8,NULL
2026-04-08 09:21:05,20.19,55,NULL
2026-04-08 09:40:58,21.83,49.4,NULL
2026-04-08 10:00:58,23.44,45,NULL
2026-04-08 10:21:05,25.06,43.9,NULL
2026-04-08 10:41:06,24.93,42.1,NULL
2026-04-08 11:00:57,26.57,42.7,NULL
2026-04-08 11:20:57,26.68,40.8,NULL
2026-04-08 11:40:57,27.05,38.3,NULL
2026-04-08 12:00:57,27.28,37.1,NULL
2026-04-08 12:20:57,28.42,35.7,NULL
2026-04-08 12:40:57,27.51,36.5,NULL
2026-04-08 13:40:57,26.32,36.3,NULL
2026-04-08 14:00:57,25.08,38.7,NULL
2026-04-08 14:21:04,25.12,40,NULL
2026-04-08 14:40:57,25.31,35.2,NULL
2026-04-08 15:00:57,25.98,33.4,NULL
2026-04-08 15:21:03,25.42,30.9,NULL
2026-04-08 15:40:56,25.35,52.4,NULL
2026-04-08 16:21:03,26.15,68.1,NULL
2026-04-08 16:40:56,25.4,72.2,NULL
2026-04-08 17:00:56,23.87,73.8,NULL
2026-04-08 17:20:56,21.74,76.1,NULL
2026-04-08 17:41:03,19.69,79.2,NULL
2026-04-08 18:20:56,16.06,84.3,NULL
2026-04-08 18:40:56,14.43,86.2,NULL
2026-04-08 20:00:55,10.56,90.8,NULL
2026-04-08 21:00:55,9.43,93.3,NULL
2026-04-08 21:20:55,9.32,94,NULL
2026-04-08 22:00:55,8.93,94.6,NULL
2026-04-08 22:20:55,8.57,94.5,NULL
2026-04-08 22:40:55,8.14,94.3,NULL
2026-04-08 23:00:55,7.98,94.6,NULL
2026-04-09 00:00:55,8.44,96.6,NULL
2026-04-09 00:21:02,8.51,97.2,NULL
2026-04-09 01:00:54,7.96,97.5,NULL
2026-04-09 01:20:54,7.4,96.9,NULL
2026-04-09 01:41:01,7.03,96.5,NULL
2026-04-09 02:01:01,6.86,96.6,NULL
2026-04-09 02:20:54,7.01,97,NULL
2026-04-09 02:40:54,7.25,97.4,NULL
2026-04-09 03:01:01,7.36,97.8,NULL
2026-04-09 04:00:54,6.81,98.4,NULL
2026-04-09 04:20:54,6.64,98.3,NULL
2026-04-09 04:40:54,6.38,98.3,NULL
2026-04-09 05:01:01,6.38,98.3,NULL
2026-04-09 05:20:54,6.46,98.4,NULL
2026-04-09 05:41:01,7.03,98.5,NULL
2026-04-09 06:00:53,7.92,98.7,NULL
2026-04-09 06:21:00,8.94,99.1,NULL
2026-04-09 06:40:53,11.41,99.4,NULL
2026-04-09 07:00:53,13.17,97.4,NULL
2026-04-09 07:20:53,14.67,88.7,NULL
2026-04-09 07:41:00,17.13,84,NULL
2026-04-09 08:00:53,19.37,84.2,NULL
2026-04-09 08:20:53,20.34,84.4,NULL
2026-04-09 08:41:00,20.94,84.7,NULL
2026-04-09 09:20:53,22.69,82.6,NULL
2026-04-09 09:40:53,25.1,79.7,NULL
2026-04-09 10:01:00,26.88,49.3,NULL
2026-04-09 10:20:53,25.07,47.7,NULL
2026-04-09 10:40:52,23.95,47.6,NULL
2026-04-09 11:00:52,24.9,49.3,NULL
2026-04-09 11:20:59,26.57,44.5,NULL
2026-04-09 11:40:59,27.67,42,NULL
2026-04-09 12:00:59,27.41,39.6,NULL
2026-04-09 12:20:52,28.42,38.9,NULL
2026-04-09 12:40:59,25.41,43.3,NULL
2026-04-09 13:01:06,23.5,47.8,NULL
2026-04-09 13:40:59,23.87,47.6,NULL
2026-04-09 14:00:52,23.6,46.2,NULL
2026-04-09 14:21:06,22.6,46.9,NULL
2026-04-09 14:40:59,24.03,44.5,NULL
2026-04-09 15:00:51,23.5,43.7,NULL
2026-04-09 15:20:51,24.58,42.3,NULL
2026-04-09 15:40:51,22.65,43.7,NULL
2026-04-09 16:01:06,22.5,47.2,NULL
2026-04-09 16:20:51,21.25,46.2,NULL
2026-04-09 16:40:58,20.37,54.8,NULL
2026-04-09 17:00:58,20.19,64.6,NULL
2026-04-09 17:40:51,19.13,75.9,NULL
2026-04-09 18:00:51,18.17,80.5,NULL
2026-04-09 18:20:51,17.25,84.6,NULL
2026-04-09 18:40:51,16.51,87.8,NULL
2026-04-09 19:00:58,16,90,NULL
2026-04-09 19:40:50,15.21,92.4,NULL
2026-04-09 20:00:57,14.91,93.2,NULL
2026-04-09 20:20:50,14.67,93.6,NULL
2026-04-09 21:00:50,14.03,94,NULL
2026-04-09 21:20:50,13.88,94.6,NULL
2026-04-09 21:40:50,14.04,95.5,NULL
2026-04-09 22:20:50,14.24,94.4,NULL
2026-04-09 22:40:50,13.74,91.4,NULL
2026-04-09 23:00:50,13.29,91.2,NULL
2026-04-09 23:40:50,12.4,90.6,NULL
2026-04-10 00:00:49,11.96,91,NULL
2026-04-10 01:00:56,11.2,92.5,NULL
2026-04-10 01:20:49,11.01,92.7,NULL
2026-04-10 01:40:49,10.77,92.4,NULL
2026-04-10 02:20:56,10.25,92.3,NULL
2026-04-10 02:40:49,9.79,91.6,NULL
2026-04-10 03:00:56,9.48,92,NULL
2026-04-10 03:20:49,9.15,92,NULL
2026-04-10 03:40:49,9.04,92.5,NULL
2026-04-10 04:00:56,8.81,92.8,NULL
2026-04-10 04:20:49,8.55,93.1,NULL
2026-04-10 05:00:55,8.22,93.9,NULL
2026-04-10 05:20:48,8.25,94.6,NULL
2026-04-10 05:40:48,8.36,95.2,NULL
2026-04-10 06:00:48,8.83,95.6,NULL
2026-04-10 06:20:55,9.67,95.6,NULL
2026-04-10 07:00:48,12.29,89.5,NULL
2026-04-10 07:20:55,13.33,86.8,NULL
2026-04-10 07:40:48,14.67,85.8,NULL
2026-04-10 08:00:48,15.79,84.7,NULL
2026-04-10 08:20:48,15.39,69.3,NULL
2026-04-10 08:40:48,14.5,70.6,NULL
2026-04-10 09:00:55,14.84,73.2,NULL
2026-04-10 09:20:48,15.23,75.4,NULL
2026-04-10 09:40:55,15.95,76.8,NULL
2026-04-10 10:00:54,18.35,72.3,NULL
2026-04-10 10:20:47,18.95,69.9,NULL
2026-04-10 10:40:52,19.31,71,NULL
2026-04-10 11:40:54,21.98,62.1,NULL
2026-04-10 12:00:47,21.62,61.3,NULL
2026-04-10 12:20:47,20.35,61.5,NULL
2026-04-10 13:00:47,18.81,61.7,NULL
2026-04-10 13:20:47,20.28,63.1,NULL
2026-04-10 13:40:54,23.18,55.3,NULL
2026-04-10 14:00:47,22.94,55.2,NULL
2026-04-10 14:20:46,21.54,60.5,NULL
2026-04-10 14:40:53,19.03,61.9,NULL
2026-04-10 15:00:46,20.19,76.4,NULL
2026-04-10 15:20:46,20.41,75,NULL
2026-04-10 15:40:53,19.09,78.7,NULL
2026-04-10 16:00:46,19.58,79.8,NULL
2026-04-10 16:20:46,19.9,78.7,NULL
2026-04-10 16:40:46,18.96,78.1,NULL
2026-04-10 17:00:46,17.64,81.1,NULL
2026-04-10 17:20:46,16.68,83,NULL
2026-04-10 17:40:46,15.69,83.2,NULL
2026-04-10 18:00:53,14.19,83.8,NULL
2026-04-10 18:20:46,12.55,85.6,NULL
2026-04-10 18:40:52,11.14,87.6,NULL
2026-04-10 19:00:45,10.04,89,NULL
2026-04-10 19:20:45,9.15,90.2,NULL
2026-04-10 19:40:45,8.49,91.1,NULL
2026-04-10 20:20:45,7.37,92.5,NULL
2026-04-10 20:40:52,7.02,93.2,NULL
2026-04-10 21:00:52,6.73,93.7,NULL
2026-04-10 21:20:52,6.38,94.1,NULL
2026-04-10 21:40:52,6.11,94.3,NULL
2026-04-10 22:00:45,5.82,94.5,NULL
2026-04-10 22:20:52,5.52,94.7,NULL
2026-04-10 22:40:52,5.23,94.8,NULL
2026-04-10 23:00:45,4.99,94.9,NULL
2026-04-10 23:20:45,4.78,95.1,NULL
2026-04-10 23:40:45,4.61,95.3,NULL
2026-04-11 00:00:45,4.59,95.6,NULL
2026-04-11 00:40:51,4.86,96.4,NULL
2026-04-11 01:00:51,5.18,97,NULL
2026-04-11 01:20:44,5.33,97.7,NULL
2026-04-11 02:00:44,6.06,99,NULL
2026-04-11 02:20:44,5.98,99.5,NULL
2026-04-11 02:40:44,5.53,99.9,NULL
2026-04-11 03:00:44,5.08,100,NULL
2026-04-11 03:20:58,4.79,99.8,NULL
2026-04-11 03:40:44,4.67,99.8,NULL
2026-04-11 04:00:51,4.71,99.8,NULL
2026-04-11 04:20:51,4.82,99.9,NULL
2026-04-11 04:40:44,4.99,100,NULL
2026-04-11 05:00:44,5.33,100,NULL
2026-04-11 05:20:52,5.79,100,NULL
2026-04-11 05:40:43,6.43,100,NULL
2026-04-11 06:00:43,7.29,100,NULL
2026-04-11 06:20:50,8.47,100,NULL
2026-04-11 06:40:50,9.9,100,NULL
2026-04-11 07:00:43,11.23,100,NULL
2026-04-11 07:40:43,14.36,94.4,NULL
2026-04-11 08:00:57,16.26,87.9,NULL
2026-04-11 08:20:43,17.54,84.1,NULL
2026-04-11 08:40:50,19.28,83.7,NULL
2026-04-11 09:00:50,21.12,80.2,NULL
2026-04-11 09:20:43,23.99,78.2,NULL
2026-04-11 09:40:43,25.98,73.4,NULL
2026-04-11 10:00:50,26.86,71.7,NULL
2026-04-11 10:20:42,28.42,72,NULL
2026-04-11 10:40:42,28.98,66.8,NULL
2026-04-11 11:00:42,29.43,62.4,NULL
2026-04-11 11:20:49,29.23,52.8,NULL
2026-04-11 11:40:42,25.11,46.9,NULL
2026-04-11 12:00:42,23.54,50.3,NULL
2026-04-11 12:20:42,22.31,47.3,NULL
2026-04-11 12:40:42,20.71,49.3,NULL
2026-04-11 13:40:42,23.25,46,NULL
2026-04-11 14:00:42,22.85,45.3,NULL
2026-04-11 14:20:42,21.26,46.4,NULL
2026-04-11 14:40:41,20.6,53.5,NULL
2026-04-11 15:20:41,20.5,72.5,NULL
2026-04-11 16:20:41,18.11,80.2,NULL
2026-04-11 16:40:41,16.83,84.8,NULL
2026-04-11 17:00:41,15.9,87.8,NULL
2026-04-11 17:20:41,14.81,87.9,NULL
2026-04-11 17:40:41,13.96,89.1,NULL
2026-04-11 18:20:55,12.34,89.8,NULL
2026-04-11 18:40:48,11.76,91.5,NULL
2026-04-11 19:20:47,11.21,93.7,NULL
2026-04-11 19:40:40,11.05,94.4,NULL
2026-04-11 20:00:40,10.99,95,NULL
2026-04-11 20:20:47,10.87,95.5,NULL
2026-04-11 20:40:40,10.73,95.8,NULL
2026-04-11 21:00:40,10.43,95.8,NULL
2026-04-11 21:20:40,9.89,95.2,NULL
2026-04-11 21:40:40,9.86,95.7,NULL
2026-04-11 22:00:47,9.57,95.9,NULL
2026-04-11 22:20:40,9.32,95.9,NULL
2026-04-11 22:40:40,9.32,96.3,NULL
2026-04-11 23:20:40,8.72,96.4,NULL
2026-04-11 23:40:40,8.24,96,NULL
2026-04-12 00:00:40,7.86,95.8,NULL
2026-04-12 00:20:39,7.54,95.7,NULL
2026-04-12 00:40:39,7.3,95.9,NULL
2026-04-12 01:00:39,7.06,96.1,NULL
2026-04-12 01:20:39,6.88,96.2,NULL
2026-04-12 01:40:39,6.63,96.3,NULL
2026-04-12 02:00:39,6.38,96.4,NULL
2026-04-12 02:20:39,6.29,96.5,NULL
2026-04-12 02:40:39,6.17,96.7,NULL
2026-04-12 03:00:39,6.06,97,NULL
2026-04-12 03:20:39,6.05,97.2,NULL
2026-04-12 03:40:39,6.03,97.6,NULL
2026-04-12 04:00:39,5.87,97.8,NULL
2026-04-12 04:40:39,5.37,98,NULL
2026-04-12 05:00:39,5.25,98,NULL
2026-04-12 05:20:39,5.45,98.2,NULL
2026-04-12 05:40:46,5.86,98.4,NULL
2026-04-12 06:00:45,6.52,98.8,NULL
2026-04-12 06:20:38,8.13,99,NULL
2026-04-12 06:40:38,9.9,97.8,NULL
2026-04-12 07:00:38,14.16,90.5,NULL
2026-04-12 07:20:38,16.93,82,NULL
2026-04-12 07:40:38,18.54,78.1,NULL
2026-04-12 08:00:38,20.38,76.6,NULL
2026-04-12 08:20:38,21.08,58.4,NULL
2026-04-12 08:40:38,17.33,57.6,NULL
2026-04-12 09:00:45,16.39,60.6,NULL
2026-04-12 09:20:38,16.91,57.8,NULL
2026-04-12 09:40:45,18.45,52.5,NULL
2026-04-12 10:00:38,19.83,49.6,NULL
2026-04-12 10:20:37,20.5,45.1,NULL
2026-04-12 11:00:37,21.85,44.9,NULL
2026-04-12 11:20:37,22.6,44,NULL
2026-04-12 12:00:37,22.13,42.9,NULL
2026-04-12 12:20:37,21.79,42.1,NULL
2026-04-12 12:40:38,21.82,43.1,NULL
2026-04-12 13:00:37,22.03,42.6,NULL
2026-04-12 13:40:37,20.69,45.9,NULL
2026-04-12 14:40:36,28.24,67.8,NULL
2026-04-12 15:00:36,28.29,66.8,NULL
2026-04-12 15:20:43,28.03,70.1,NULL
2026-04-12 15:40:43,26.6,69.5,NULL
2026-04-12 16:00:36,24.94,71.4,NULL
2026-04-12 16:20:36,23.25,74,NULL
2026-04-12 16:40:36,21.67,75.4,NULL
2026-04-12 17:00:43,20.25,78.1,NULL
2026-04-12 17:20:36,19.01,79.9,NULL
2026-04-12 17:40:36,17.57,81.6,NULL
2026-04-12 18:00:36,16.23,83.5,NULL
2026-04-12 18:20:36,14.98,84.8,NULL
2026-04-12 19:20:35,11.61,89.3,NULL
2026-04-12 19:40:35,10.92,90.5,NULL
2026-04-12 20:00:35,10.26,91.5,NULL
2026-04-12 20:20:35,9.7,92.1,NULL
2026-04-12 20:40:49,9.27,92.7,NULL
2026-04-12 21:00:35,9.04,93.3,NULL
2026-04-12 21:20:35,8.72,93.7,NULL
2026-04-12 21:40:35,8.35,93.8,NULL
2026-04-12 22:00:42,8.04,94.1,NULL
2026-04-12 22:20:35,7.83,94.5,NULL
2026-04-12 22:40:35,7.53,94.7,NULL
2026-04-12 23:00:35,7.19,94.7,NULL
2026-04-12 23:20:42,6.79,94.7,NULL
2026-04-12 23:40:35,6.43,94.6,NULL
2026-04-13 00:00:35,6.19,94.8,NULL
2026-04-13 00:20:34,5.89,95,NULL
2026-04-13 00:40:34,5.61,95,NULL
2026-04-13 01:00:39,5.33,95.1,NULL
2026-04-13 01:40:34,4.76,95.2,NULL
2026-04-13 02:00:34,4.66,95.5,NULL
2026-04-13 02:40:34,4.35,95.9,NULL
2026-04-13 03:00:34,4.23,96.1,NULL
2026-04-13 03:20:34,4.23,96.3,NULL
2026-04-13 03:40:34,4.31,96.7,NULL
2026-04-13 04:20:34,4.28,97.4,NULL
2026-04-13 04:40:34,4.25,97.6,NULL
2026-04-13 05:00:34,4.21,97.9,NULL
2026-04-13 05:20:41,4.4,98.1,NULL
2026-04-13 05:40:34,4.93,98.5,NULL
2026-04-13 06:00:40,5.69,98.9,NULL
2026-04-13 06:20:33,6.7,99.3,NULL
2026-04-13 06:40:33,7.94,99.4,NULL
2026-04-13 07:00:40,9.23,99,NULL
2026-04-13 08:00:33,13.77,90.3,NULL
2026-04-13 08:40:41,16.79,84.3,NULL
2026-04-13 09:00:33,18.14,83.6,NULL
2026-04-13 09:20:33,19.7,82.3,NULL
2026-04-13 09:40:40,21.41,79.9,NULL
2026-04-13 10:00:47,22.56,78.1,NULL
2026-04-13 10:20:33,23.5,76.9,NULL
2026-04-13 10:40:40,23.61,77,NULL
2026-04-13 11:00:39,23.73,78.1,NULL
2026-04-13 11:40:33,24.2,77.3,NULL
2026-04-13 12:00:32,25.01,78,NULL
2026-04-13 12:20:39,26.04,76.3,NULL
2026-04-13 12:40:46,26.03,77.2,NULL
2026-04-13 13:00:46,26.25,76.9,NULL
2026-04-13 13:20:32,26.11,76.2,NULL
2026-04-13 13:40:32,25.61,76.8,NULL
2026-04-13 14:00:46,24.37,76.2,NULL
2026-04-13 14:20:32,22.45,78.1,NULL
2026-04-13 14:40:39,19.69,76.6,NULL
2026-04-13 15:00:32,17.86,80.7,NULL
2026-04-13 15:20:45,17.7,84.9,NULL
2026-04-13 15:40:38,17.91,85.4,NULL
2026-04-13 16:00:31,18.16,86.3,NULL
2026-04-13 16:20:31,18.21,85.7,NULL
2026-04-13 17:00:31,16.79,85.4,NULL
2026-04-13 17:20:31,15.53,86.4,NULL
2026-04-13 17:40:31,14.66,88.2,NULL
2026-04-13 18:00:38,13.74,89.3,NULL
2026-04-13 18:20:38,13.01,90.2,NULL
2026-04-13 18:40:38,12.26,90.8,NULL
2026-04-13 19:00:31,11.6,91.8,NULL
2026-04-13 19:20:38,11.23,93,NULL
2026-04-13 19:40:30,10.99,93.7,NULL
2026-04-13 20:00:31,10.8,94.4,NULL
2026-04-13 20:20:37,10.55,94.8,NULL
2026-04-13 20:40:30,10.31,95,NULL
2026-04-13 21:00:30,10.06,95.2,NULL
2026-04-13 21:20:30,9.89,95.5,NULL
2026-04-13 21:40:38,9.71,95.9,NULL
2026-04-13 22:00:30,9.57,96.1,NULL
2026-04-13 22:20:31,9.45,96.4,NULL
2026-04-13 23:00:30,8.83,96.4,NULL
2026-04-13 23:40:30,7.84,95.8,NULL
2026-04-14 00:00:30,7.34,95.5,NULL
2026-04-14 00:20:30,6.74,95.2,NULL
2026-04-14 01:00:29,5.61,94.8,NULL
2026-04-14 01:40:29,4.76,95.2,NULL
2026-04-14 02:00:29,4.52,95.5,NULL
2026-04-14 02:20:29,4.28,95.8,NULL
2026-04-14 02:40:29,4.05,96,NULL
2026-04-14 03:00:29,3.87,96.2,NULL
2026-04-14 03:20:29,3.63,96.4,NULL
2026-04-14 04:00:29,3.34,96.6,NULL
2026-04-14 04:20:29,3.21,96.7,NULL
2026-04-14 04:40:29,3.12,97,NULL
2026-04-14 05:00:36,3.2,97.2,NULL
2026-04-14 05:20:29,3.99,97.9,NULL
2026-04-14 06:00:29,8.34,95.8,NULL
2026-04-14 06:40:28,11.8,87.6,NULL
2026-04-14 07:00:28,14.09,84.8,NULL
2026-04-14 07:20:28,15.75,80.5,NULL
2026-04-14 07:40:28,17.59,79.1,NULL
2026-04-14 08:00:42,19.65,76.3,NULL
2026-04-14 08:20:42,20.9,63.5,NULL
2026-04-14 08:40:28,19.09,63.6,NULL
2026-04-14 09:00:28,18.43,60.8,NULL
2026-04-14 09:20:28,17.13,60.3,NULL
2026-04-14 09:40:28,21.29,53.1,NULL
2026-04-14 10:00:28,21.3,45,NULL
2026-04-14 10:20:28,21.06,48.6,NULL
2026-04-14 10:40:28,19.31,51.9,NULL
2026-04-14 11:00:28,23.35,47.4,NULL
2026-04-14 11:20:27,21.36,43.4,NULL
2026-04-14 12:20:27,22.71,40.5,NULL
2026-04-14 12:40:41,23.52,41.9,NULL
2026-04-14 13:00:27,26.33,39.4,NULL
2026-04-14 13:20:34,22.79,37.7,NULL
2026-04-14 13:40:34,20.2,48,NULL
2026-04-14 14:00:27,21.12,43.7,NULL
2026-04-14 14:20:27,20.26,43.6,NULL
2026-04-14 15:00:34,19.19,58.3,NULL
2026-04-14 15:20:27,22.64,67.7,NULL
2026-04-14 15:40:26,27.19,68.5,NULL
2026-04-14 16:20:26,27.23,68.4,NULL
2026-04-14 17:00:33,23.5,76.5,NULL
2026-04-14 17:20:26,21.83,78.2,NULL
2026-04-14 17:40:33,20.19,80.7,NULL
2026-04-14 18:00:26,18.8,82.3,NULL
2026-04-14 18:20:26,17.07,83.1,NULL
2026-04-14 19:00:26,13.29,85.8,NULL
2026-04-14 19:20:33,11.96,87.4,NULL
2026-04-14 19:40:26,10.92,88.7,NULL
2026-04-14 20:00:25,10.12,90,NULL
2026-04-14 20:20:25,9.43,91,NULL
2026-04-14 21:00:25,8.51,92.4,NULL
2026-04-14 21:20:32,8.12,92.9,NULL
2026-04-14 21:40:25,7.76,93.1,NULL
2026-04-14 22:00:32,7.41,93.3,NULL
2026-04-14 22:20:25,7.06,93.4,NULL
2026-04-14 22:40:25,6.77,93.7,NULL
2026-04-14 23:00:25,6.48,93.8,NULL
2026-04-14 23:40:32,5.96,94.1,NULL
2026-04-15 00:20:25,5.54,94.6,NULL
2026-04-15 00:40:25,5.28,94.6,NULL
2026-04-15 01:00:25,5,94.7,NULL
2026-04-15 01:40:24,4.64,94.9,NULL
2026-04-15 02:00:31,4.46,95.1,NULL
2026-04-15 02:20:24,4.28,95.2,NULL
2026-04-15 03:00:24,3.93,95.3,NULL
2026-04-15 03:20:24,3.77,95.4,NULL
2026-04-15 03:40:31,3.62,95.6,NULL
2026-04-15 04:00:24,3.61,95.7,NULL
2026-04-15 04:20:24,3.52,95.8,NULL
2026-04-15 04:40:24,3.48,96,NULL
2026-04-15 05:00:24,3.62,96.2,NULL
2026-04-15 05:40:24,6.86,95,NULL
2026-04-15 06:00:31,9.13,89.7,NULL
2026-04-15 06:20:31,11.45,84.2,NULL
2026-04-15 06:40:24,12.84,84.4,NULL
2026-04-15 07:00:23,15.18,83.3,NULL
2026-04-15 07:40:30,19.66,75.7,NULL
2026-04-15 08:00:23,21.3,75,NULL
2026-04-15 08:20:30,22.15,74.5,NULL
2026-04-15 08:40:23,23.46,74,NULL
2026-04-15 09:00:23,24.68,69.6,NULL
2026-04-15 09:40:30,23.44,42.5,NULL
2026-04-15 10:00:23,23.95,42.3,NULL
2026-04-15 10:40:23,24.8,39.4,NULL
2026-04-15 11:00:30,25.37,37.5,NULL
2026-04-15 11:20:23,24.69,36.4,NULL
2026-04-15 11:40:29,23.14,38.6,NULL
2026-04-15 12:20:29,22.92,40.8,NULL
2026-04-15 12:40:22,23.43,42.4,NULL
2026-04-15 13:00:22,23.49,41.9,NULL
2026-04-15 13:20:22,24.84,38.2,NULL
2026-04-15 13:40:29,25.34,41,NULL
2026-04-15 14:00:22,26.04,40.5,NULL
2026-04-15 14:20:22,25.71,36.8,NULL
2026-04-15 14:40:22,25.69,37.6,NULL
2026-04-15 15:00:22,25.41,37,NULL
2026-04-15 15:20:22,23.54,39.5,NULL
2026-04-15 15:40:21,24.77,57,NULL
2026-04-15 16:00:21,25.25,64.3,NULL
2026-04-15 16:40:21,25.34,72.7,NULL
2026-04-15 17:00:22,24.26,74.6,NULL
2026-04-15 17:20:21,22.27,77,NULL
2026-04-15 17:40:28,20.7,80.3,NULL
2026-04-15 18:00:21,19.47,84.2,NULL
2026-04-15 18:20:21,18.5,86.7,NULL
2026-04-15 18:40:21,17.67,88.2,NULL
2026-04-15 19:20:28,16.27,91.4,NULL
2026-04-15 19:40:21,15.67,92.1,NULL
2026-04-15 20:00:20,15.13,92.7,NULL
2026-04-15 20:40:20,14.62,94.2,NULL
2026-04-15 21:00:20,14.57,94.6,NULL
2026-04-15 21:20:27,14.66,95.2,NULL
2026-04-15 22:00:27,14.66,96.2,NULL
2026-04-15 22:20:20,14.46,96.4,NULL
2026-04-15 23:00:27,13.66,96,NULL
2026-04-15 23:20:27,13.51,96.4,NULL
2026-04-15 23:40:20,13.4,96.7,NULL
2026-04-16 00:00:21,13.29,97.1,NULL
2026-04-16 00:20:27,13.29,97.5,NULL
2026-04-16 00:40:19,13.3,98.2,NULL
2026-04-16 01:00:19,13.29,98.7,NULL
2026-04-16 01:20:26,13.28,99.2,NULL
2026-04-16 01:40:26,13.31,99.7,NULL
2026-04-16 02:00:19,13.42,100,NULL
2026-04-16 02:20:19,13.4,100,NULL
2026-04-16 02:40:19,13.29,100,NULL
2026-04-16 03:00:26,13.01,99.9,NULL
2026-04-16 03:20:19,12.37,99.1,NULL
2026-04-16 03:40:19,11.82,98.5,NULL
2026-04-16 04:20:26,10.66,97.8,NULL
2026-04-16 04:40:26,10.11,97.6,NULL
2026-04-16 05:00:19,10.15,98.2,NULL
2026-04-16 05:20:19,10.37,98.7,NULL
2026-04-16 05:40:25,11.54,98.8,NULL
2026-04-16 06:00:18,12.49,96.2,NULL
2026-04-16 06:40:18,15.89,89.7,NULL
2026-04-16 07:00:25,18.43,86.3,NULL
2026-04-16 07:20:18,21.06,81,NULL
2026-04-16 07:40:18,23.66,77.2,NULL
2026-04-16 08:20:25,26.61,72.7,NULL
2026-04-16 08:40:18,27.68,72.2,NULL
2026-04-16 09:00:18,28.62,75.3,NULL
2026-04-16 09:20:18,26.63,48.1,NULL
2026-04-16 09:40:25,23.74,51.6,NULL
2026-04-16 10:00:17,23.93,46.1,NULL
2026-04-16 10:20:17,24.33,46.9,NULL
2026-04-16 10:40:17,24.39,48.2,NULL
2026-04-16 11:00:24,24.75,49.5,NULL
2026-04-16 11:20:17,25.46,42.2,NULL
2026-04-16 11:40:17,21.88,48.9,NULL
2026-04-16 12:00:17,21.06,51.9,NULL
2026-04-16 12:20:24,20.8,53.8,NULL
2026-04-16 12:40:17,20.19,51.9,NULL
2026-04-16 13:20:17,20.61,52,NULL
2026-04-16 13:40:24,20.2,52.4,NULL
2026-04-16 14:00:17,21.38,52.4,NULL
2026-04-16 14:40:16,22.9,49.3,NULL
2026-04-16 15:20:16,25.69,70.1,NULL
2026-04-16 15:40:16,24.7,73.6,NULL
2026-04-16 16:00:16,23.99,76.7,NULL
2026-04-16 16:20:23,23.34,77.5,NULL
2026-04-16 16:40:16,22.74,79.6,NULL
2026-04-16 17:00:16,22.44,82.2,NULL
2026-04-16 18:00:16,20.1,82.2,NULL
2026-04-16 18:20:16,18.02,82.2,NULL
2026-04-16 18:40:15,16.34,86.8,NULL
2026-04-16 19:20:15,14.93,91.9,NULL
2026-04-16 19:40:15,14.5,92.8,NULL
2026-04-16 20:00:15,14.31,93.9,NULL
2026-04-16 20:20:22,13.65,93.2,NULL
2026-04-16 21:00:15,13.25,95.1,NULL
2026-04-16 21:20:15,13.06,95.5,NULL
2026-04-16 21:40:22,12.57,95.1,NULL
2026-04-16 22:00:15,11.74,93.8,NULL
2026-04-16 22:20:15,11.04,93.6,NULL
2026-04-16 22:40:15,10.85,94.8,NULL
2026-04-16 23:00:15,10.58,95.3,NULL
2026-04-16 23:20:24,10.42,95.6,NULL
2026-04-16 23:40:14,10.41,96.1,NULL
2026-04-17 00:00:14,10.63,96.8,NULL
2026-04-17 00:20:21,10.79,97.7,NULL
2026-04-17 00:40:14,10.95,98.6,NULL
2026-04-17 01:00:14,10.8,99.2,NULL
2026-04-17 01:20:14,10.58,99.3,NULL
2026-04-17 01:40:21,10.05,99.1,NULL
2026-04-17 02:00:14,9.38,98.4,NULL
2026-04-17 02:20:21,8.94,98.1,NULL
2026-04-17 02:40:14,8.45,97.9,NULL
2026-04-17 03:00:21,8.09,97.8,NULL
2026-04-17 03:20:14,7.76,97.9,NULL
2026-04-17 03:40:14,7.44,98,NULL
2026-04-17 04:00:14,7.16,98.1,NULL
2026-04-17 04:20:21,6.94,98.3,NULL
2026-04-17 04:40:13,6.89,98.4,NULL
2026-04-17 05:00:20,7.12,98.7,NULL
2026-04-17 05:40:21,8.57,98.8,NULL
2026-04-17 06:00:13,10.46,98.2,NULL
2026-04-17 06:20:13,13.14,90.3,NULL
2026-04-17 06:40:20,15.01,88.9,NULL
2026-04-17 07:00:13,15.73,87.3,NULL
2026-04-17 07:20:13,16.59,87.1,NULL
2026-04-17 08:00:13,19.65,84.5,NULL
2026-04-17 08:20:13,21.84,74.6,NULL
2026-04-17 08:40:13,21.62,59.6,NULL
2026-04-17 09:20:19,22.79,54.9,NULL
2026-04-17 09:40:12,23.73,48.7,NULL
2026-04-17 10:00:12,25.68,50.4,NULL
2026-04-17 10:20:12,25.02,47.6,NULL
2026-04-17 10:40:19,26.44,49.9,NULL
2026-04-17 11:00:12,28.12,41.3,NULL
2026-04-17 11:20:12,29.25,41.4,NULL
2026-04-17 11:40:20,26.12,46.7,NULL
2026-04-17 12:00:19,27.46,46,NULL
2026-04-17 12:20:19,28,42.7,NULL
2026-04-17 12:40:12,26.11,42.7,NULL
2026-04-17 13:00:12,24.25,45.6,NULL
2026-04-17 13:40:11,23.41,53.3,NULL
2026-04-17 14:00:11,23.83,50,NULL
2026-04-17 14:20:18,23.14,50.4,NULL
2026-04-17 14:40:11,23.77,57.8,NULL
2026-04-17 15:00:11,26.71,65.4,NULL
2026-04-17 15:40:11,28.4,72.8,NULL
2026-04-17 16:00:18,28.36,74,NULL
2026-04-17 16:20:11,27.91,73.8,NULL
2026-04-17 16:40:11,26.09,74.1,NULL
2026-04-17 17:00:11,24.65,78.4,NULL
2026-04-17 17:40:11,22.09,80.2,NULL
2026-04-17 18:00:10,20.42,82.2,NULL
2026-04-17 18:20:17,19.04,84.1,NULL
2026-04-17 18:40:10,17.53,85.6,NULL
2026-04-17 19:00:10,16.11,87.5,NULL
2026-04-17 19:20:10,14.99,88.9,NULL
2026-04-17 19:40:17,13.96,90.2,NULL
2026-04-17 20:20:10,13.69,94.6,NULL
2026-04-17 20:40:10,13.99,95.9,NULL
2026-04-17 21:00:17,14.17,96.8,NULL
2026-04-17 21:20:10,14.22,97.1,NULL
2026-04-17 21:40:10,14.15,97.1,NULL
2026-04-17 22:00:10,13.83,96.6,NULL
2026-04-17 22:20:09,13.47,96,NULL
2026-04-17 23:00:09,13.46,96.9,NULL
2026-04-17 23:20:11,13.57,97.4,NULL
2026-04-17 23:40:09,13.63,97.8,NULL
2026-04-18 00:20:09,13.6,98.6,NULL
2026-04-18 00:40:09,13.56,98.8,NULL
2026-04-18 01:00:16,13.51,99,NULL
2026-04-18 01:40:10,13.34,99.3,NULL
2026-04-18 02:00:09,12.74,99,NULL
2026-04-18 02:20:17,11.91,97.9,NULL
2026-04-18 03:00:08,10.32,96,NULL
2026-04-18 03:20:15,9.86,96.4,NULL
2026-04-18 04:20:08,9.46,98.1,NULL
2026-04-18 04:40:13,9.45,98.4,NULL
2026-04-18 05:00:08,9.97,99,NULL
2026-04-18 05:40:08,11.38,100,NULL
2026-04-18 06:00:08,12.22,100,NULL
2026-04-18 07:20:15,15.79,100,NULL
2026-04-18 07:40:15,18.04,94.5,NULL
2026-04-18 08:20:07,21.4,81.9,NULL
2026-04-18 09:00:07,23.97,72.6,NULL
2026-04-18 09:40:07,22.34,61,NULL
2026-04-18 10:00:07,22.44,57.2,NULL
2026-04-18 10:40:07,21.99,56,NULL
2026-04-18 11:00:14,20.51,60.9,NULL
2026-04-18 11:20:07,21.08,61.2,NULL
2026-04-18 11:40:07,21.77,59.8,NULL
2026-04-18 12:00:07,22.48,61.7,NULL
2026-04-18 12:20:13,25.06,69.2,NULL
2026-04-18 12:40:06,27.51,73,NULL
2026-04-18 13:20:06,28.33,74,NULL
2026-04-18 13:40:13,26.8,75.4,NULL
2026-04-18 14:00:14,24.02,77.3,NULL
2026-04-18 14:20:13,21.34,79.8,NULL
2026-04-18 14:40:06,19.19,83,NULL
2026-04-18 15:00:13,18.07,85.4,NULL
2026-04-18 15:20:06,18.51,87.4,NULL
2026-04-18 15:40:06,19.39,87.2,NULL
2026-04-18 16:00:06,20.44,85.7,NULL
2026-04-18 16:20:13,20.27,84.3,NULL
2026-04-18 16:40:05,20.37,83.9,NULL
2026-04-18 17:00:05,19.36,83.7,NULL
2026-04-18 17:40:12,17.14,87,NULL
2026-04-18 18:00:05,16.31,88.9,NULL
2026-04-18 18:20:05,15.7,90.3,NULL
2026-04-18 18:40:05,15.23,91.3,NULL
2026-04-18 19:20:05,14.25,91.6,NULL
2026-04-18 19:40:05,13.72,92,NULL
2026-04-18 20:00:05,13.19,92.6,NULL
2026-04-18 20:20:12,12.32,92.1,NULL
2026-04-18 20:40:05,11.25,91.5,NULL
2026-04-18 21:00:05,10.37,92.1,NULL
2026-04-18 21:20:05,9.6,92.7,NULL
2026-04-18 21:40:11,9.07,93.4,NULL
2026-04-18 22:00:04,8.5,93.8,NULL
2026-04-18 22:20:04,8,94.1,NULL
2026-04-18 22:40:04,7.56,94.1,NULL
2026-04-18 23:00:11,7.19,94.4,NULL
2026-04-18 23:20:06,6.86,94.7,NULL
2026-04-18 23:40:04,6.64,95.1,NULL
2026-04-19 00:00:04,6.52,95.4,NULL
2026-04-19 00:20:11,6.48,95.8,NULL
2026-04-19 00:40:04,6.61,96.3,NULL
2026-04-19 01:00:04,6.67,96.9,NULL
2026-04-19 01:20:04,6.8,97.5,NULL
2026-04-19 01:40:11,6.91,98.1,NULL
2026-04-19 02:00:04,6.97,98.6,NULL
2026-04-19 02:20:04,7.02,99,NULL
2026-04-19 02:40:03,7.03,99.4,NULL
2026-04-19 03:20:03,6.9,99.9,NULL
2026-04-19 04:40:03,7.46,100,NULL
2026-04-19 05:00:03,7.76,100,NULL
2026-04-19 05:40:07,8.98,100,NULL
2026-04-19 06:00:03,9.86,100,NULL
2026-04-19 06:20:03,11.09,100,NULL
2026-04-19 07:20:03,15.64,93.1,NULL
2026-04-19 08:00:02,21.3,78.7,NULL
2026-04-19 08:20:02,22.44,55.5,NULL
2026-04-19 08:40:16,18.74,58.1,NULL
2026-04-19 09:00:02,16.36,63.7,NULL
2026-04-19 09:20:02,16.59,63,NULL
2026-04-19 09:40:03,17.44,60.3,NULL
2026-04-19 10:00:09,16.05,62.3,NULL
2026-04-19 10:20:02,15.2,66,NULL
2026-04-19 11:20:02,17.81,57.1,NULL
2026-04-19 11:40:02,18.35,60.1,NULL
2026-04-19 12:00:09,19.4,51.6,NULL
2026-04-19 12:20:01,17.03,57.6,NULL
2026-04-19 12:40:08,17.88,53.9,NULL
2026-04-19 13:00:01,17.05,53.6,NULL
2026-04-19 13:20:08,17.44,54.9,NULL
2026-04-19 13:40:08,15.94,62,NULL
2026-04-19 14:00:01,15.59,59.8,NULL
2026-04-19 14:20:08,15.41,62.6,NULL
2026-04-19 14:40:01,16.64,56.6,NULL
2026-04-19 15:00:02,15.73,58.7,NULL
2026-04-19 15:20:08,15,61.4,NULL
2026-04-19 15:40:08,15.64,63.2,NULL
2026-04-19 16:00:01,16.23,71.9,NULL
2026-04-19 16:20:01,16.76,77.4,NULL
2026-04-19 16:40:07,15.65,78.7,NULL
2026-04-19 17:00:00,14.67,81.3,NULL
2026-04-19 17:20:07,14.5,84,NULL
2026-04-19 17:40:06,14.02,84.3,NULL
2026-04-19 18:00:00,13.45,85.3,NULL
2026-04-19 18:40:00,11.44,86,NULL
2026-04-19 19:00:00,10.38,87,NULL
2026-04-19 19:20:00,9.45,88.8,NULL
2026-04-19 19:40:00,8.85,90.4,NULL
2026-04-19 20:00:00,8.41,91.4,NULL
2026-04-19 20:20:00,8.04,92.2,NULL
2026-04-19 20:40:00,7.67,92.7,NULL
2026-04-19 21:39:59,6.94,94.1,NULL
2026-04-19 22:00:10,6.77,94.4,NULL
2026-04-19 22:20:12,6.7,94.7,NULL
2026-04-19 22:59:59,6.51,95.3,NULL
2026-04-19 23:20:06,6.57,95.7,NULL
2026-04-19 23:39:59,6.51,96.1,NULL
2026-04-20 00:19:59,6.18,96.2,NULL
2026-04-20 00:40:06,5.93,96.3,NULL
2026-04-20 01:19:59,5.53,96.2,NULL
2026-04-20 01:39:59,5.31,96.3,NULL
2026-04-20 02:00:08,5.03,96.2,NULL
2026-04-20 02:19:59,4.96,96.2,NULL
2026-04-20 02:40:06,5.19,96.6,NULL
2026-04-20 03:00:05,5.58,97.2,NULL
2026-04-20 03:19:58,5.79,97.9,NULL
2026-04-20 03:39:58,5.69,98.5,NULL
2026-04-20 03:59:58,5.45,98.9,NULL
2026-04-20 04:19:58,5.04,98.9,NULL
2026-04-20 05:00:05,4.72,98.6,NULL
2026-04-20 05:19:58,5.97,98.4,NULL
2026-04-20 05:40:13,8.22,95,NULL
2026-04-20 05:59:58,10.42,88,NULL
2026-04-20 06:19:58,12.19,85.3,NULL
2026-04-20 06:39:59,13.31,84.6,NULL
2026-04-20 07:00:12,14.37,84.6,NULL
2026-04-20 07:20:12,14.43,66.9,NULL
2026-04-20 07:39:58,14.31,63.3,NULL
2026-04-20 07:59:58,14.89,65.2,NULL
2026-04-20 08:20:04,14.77,61.7,NULL
2026-04-20 08:40:11,15.09,63.8,NULL
2026-04-20 09:00:11,13.85,65.2,NULL
2026-04-20 09:20:11,16.08,62.6,NULL
2026-04-20 09:39:57,17.44,52.2,NULL
2026-04-20 10:39:57,18.14,48.4,NULL
2026-04-20 11:20:04,18.45,56.5,NULL
2026-04-20 11:39:57,19.91,42.4,NULL
2026-04-20 11:59:57,19.34,47.1,NULL
2026-04-20 12:20:04,19.52,41.9,NULL
2026-04-20 12:40:03,22.03,51,NULL
2026-04-20 12:59:56,24.41,37,NULL
2026-04-20 13:20:03,22.13,49.4,NULL
2026-04-20 13:39:56,24.53,45,NULL
2026-04-20 14:00:03,23.58,41,NULL
2026-04-20 14:19:56,21.12,44.3,NULL
2026-04-20 14:40:03,17.26,52.2,NULL
2026-04-20 15:00:10,15.91,66.7,NULL
2026-04-20 15:20:10,17.14,76.1,NULL
2026-04-20 15:39:56,17.7,77.7,NULL
2026-04-20 16:19:56,16.62,80.2,NULL
2026-04-20 16:40:03,15.5,82.7,NULL
2026-04-20 16:59:56,14.5,83.7,NULL
2026-04-20 17:20:02,13.53,85.6,NULL
2026-04-20 17:40:02,12.73,86.9,NULL
2026-04-20 17:59:55,12.05,88.1,NULL
2026-04-20 18:19:55,11.47,89.4,NULL
2026-04-20 18:39:56,10.99,90.6,NULL
2026-04-20 18:59:55,10.64,91.7,NULL
2026-04-20 19:20:02,10.32,92.2,NULL
2026-04-20 19:40:02,10.06,92.9,NULL
2026-04-20 19:59:55,9.86,93.5,NULL
2026-04-20 20:19:55,9.7,93.9,NULL
2026-04-20 20:40:02,9.59,94.3,NULL
2026-04-20 21:00:07,9.44,94.5,NULL
2026-04-20 21:39:55,9.28,95.1,NULL
2026-04-20 21:59:54,9.19,95.3,NULL
2026-04-20 22:20:01,9.13,95.4,NULL
2026-04-20 22:40:01,9.13,95.5,NULL
2026-04-20 22:59:54,8.87,95.5,NULL
2026-04-20 23:20:03,8.73,95.5,NULL
2026-04-20 23:40:01,8.59,95.5,NULL
2026-04-20 23:59:54,8.56,95.6,NULL
2026-04-21 00:19:54,8.59,95.9,NULL
2026-04-21 00:39:54,8.55,96.1,NULL
2026-04-21 00:59:54,8.49,96.3,NULL
2026-04-21 01:19:54,8.4,96.3,NULL
2026-04-21 01:40:01,8.26,96.2,NULL
2026-04-21 01:59:54,7.95,95.9,NULL
2026-04-21 02:19:54,7.92,96.1,NULL
2026-04-21 02:39:54,7.78,96.2,NULL
2026-04-21 03:00:01,7.64,96.2,NULL
2026-04-21 03:19:53,7.35,96.1,NULL
2026-04-21 03:39:53,6.74,95.6,NULL
2026-04-21 03:59:53,6.38,95.5,NULL
2026-04-21 04:19:53,5.82,95.2,NULL
2026-04-21 04:39:53,5.19,94.9,NULL
2026-04-21 05:19:53,6.42,94.3,NULL
2026-04-21 05:39:53,8.21,89.3,NULL
2026-04-21 06:19:53,11.14,84.7,NULL
2026-04-21 06:59:53,12.88,85.6,NULL
2026-04-21 07:19:53,14.24,81.6,NULL
2026-04-21 07:59:53,17.8,75.4,NULL
2026-04-21 08:19:52,15.46,55.3,NULL
2026-04-21 08:39:52,15.07,57.6,NULL
2026-04-21 08:59:52,14.48,57.8,NULL
2026-04-21 09:19:59,16.05,57.3,NULL
2026-04-21 09:39:52,17.7,53.2,NULL
2026-04-21 09:59:52,18.35,48.3,NULL
2026-04-21 10:19:52,18.77,52.5,NULL
2026-04-21 10:39:59,21.27,46.7,NULL
2026-04-21 10:59:52,21.57,45.2,NULL
2026-04-21 11:39:52,22.79,46.8,NULL
2026-04-21 12:19:52,22.99,44.2,NULL
2026-04-21 12:39:52,23.32,41.4,NULL
2026-04-21 12:59:51,23.66,43.3,NULL
2026-04-21 13:19:51,23.73,43.3,NULL
2026-04-21 14:19:51,23.23,39.1,NULL
2026-04-21 15:59:51,26.14,70.4,NULL
2026-04-21 16:19:51,25.08,70.9,NULL
2026-04-21 16:39:51,23.5,71.9,NULL
2026-04-21 16:59:50,21.74,74.8,NULL
2026-04-21 17:20:07,19.87,76.6,NULL
2026-04-21 18:00:04,15.99,81.4,NULL
2026-04-21 18:19:57,14.67,83.2,NULL
2026-04-21 18:39:50,13.29,84.8,NULL
2026-04-21 18:59:50,11.71,86.8,NULL
2026-04-21 19:19:50,10.58,89,NULL
2026-04-21 19:39:50,9.83,90.7,NULL
2026-04-21 19:59:50,9.19,91.7,NULL
2026-04-21 20:19:50,8.8,92.5,NULL
2026-04-21 20:39:57,8.45,93.2,NULL
2026-04-21 20:59:57,8.09,93.6,NULL
2026-04-21 21:19:50,7.81,93.8,NULL
2026-04-21 21:39:50,7.48,94.1,NULL
2026-04-21 21:59:51,7.17,94.3,NULL
2026-04-21 22:19:56,6.89,94.5,NULL
2026-04-21 22:39:56,6.59,94.8,NULL
2026-04-21 22:59:49,6.33,95,NULL
2026-04-21 23:39:49,5.83,95.3,NULL
2026-04-21 23:59:49,5.56,95.5,NULL
2026-04-22 00:19:49,5.3,95.6,NULL
2026-04-22 00:39:56,5.08,95.8,NULL
2026-04-22 00:59:49,4.83,95.9,NULL
2026-04-22 01:19:49,4.56,95.9,NULL
2026-04-22 01:39:49,4.39,96,NULL
2026-04-22 01:59:49,4.18,96.2,NULL
2026-04-22 02:19:49,3.99,96.2,NULL
2026-04-22 02:39:49,3.63,96.3,NULL
2026-04-22 03:39:48,3.04,96.5,NULL
2026-04-22 03:59:55,2.86,96.6,NULL
2026-04-22 04:39:55,2.69,96.8,NULL
2026-04-22 05:00:02,3.75,97.4,NULL
2026-04-22 05:39:48,7.82,91.9,NULL
2026-04-22 06:00:02,9.66,85.9,NULL
2026-04-22 06:39:49,11.94,86.2,NULL
2026-04-22 06:59:48,13.17,86.1,NULL
2026-04-22 07:19:55,15.26,83.6,NULL
2026-04-22 07:39:49,17.03,67.4,NULL
2026-04-22 07:59:48,16.06,64.6,NULL
2026-04-22 08:19:48,16.18,60.6,NULL
2026-04-22 08:39:54,17.22,60.9,NULL
2026-04-22 09:00:01,18.39,57.5,NULL
2026-04-22 09:20:01,20.33,55.7,NULL
2026-04-22 09:59:54,22.73,48.2,NULL
2026-04-22 10:19:54,23.82,41.3,NULL
2026-04-22 10:39:47,24.83,42.9,NULL
2026-04-22 10:59:51,25.02,42.4,NULL
2026-04-22 11:19:47,25.23,41.7,NULL
2026-04-22 11:40:01,26.04,36.2,NULL
2026-04-22 11:59:47,26.38,39.2,NULL
2026-04-22 12:19:47,26.97,37.7,NULL
2026-04-22 12:59:46,25.69,36.5,NULL
2026-04-22 13:19:46,25.2,37.7,NULL
2026-04-22 13:39:53,25.69,38,NULL
2026-04-22 13:59:53,25.69,37.3,NULL
2026-04-22 14:39:53,24.7,33.7,NULL
2026-04-22 14:59:47,25.68,48.3,NULL
2026-04-22 15:39:46,29.18,62.9,NULL
2026-04-22 15:59:46,28.54,67.2,NULL
2026-04-22 16:20:00,27.3,68.9,NULL
2026-04-22 16:59:53,24.23,71.9,NULL
2026-04-22 17:19:52,22.11,74,NULL
2026-04-22 17:39:46,19.8,76.4,NULL
2026-04-22 18:39:49,14.67,83.2,NULL
2026-04-22 19:00:05,13.3,85.7,NULL
2026-04-22 19:19:45,12.33,86.6,NULL
2026-04-22 19:39:45,11.49,87.9,NULL
2026-04-22 19:59:52,10.84,89.2,NULL
2026-04-22 20:19:52,10.33,90.2,NULL
2026-04-22 20:59:45,9.39,91.5,NULL
2026-04-22 21:19:52,9.07,91.9,NULL
2026-04-22 21:39:59,8.64,92.2,NULL
2026-04-22 21:59:51,8.26,92.5,NULL
2026-04-22 22:19:44,7.86,92.9,NULL
2026-04-22 22:39:51,7.34,93,NULL
2026-04-22 22:59:51,7.04,93.5,NULL
2026-04-22 23:19:44,6.72,93.7,NULL
2026-04-22 23:39:44,6.38,93.9,NULL
2026-04-22 23:59:58,6.15,94.1,NULL
2026-04-23 00:39:44,5.77,94.6,NULL
2026-04-23 00:59:44,5.48,94.7,NULL
2026-04-23 01:19:51,5.68,95.1,NULL
2026-04-23 02:19:44,7.21,97.8,NULL
2026-04-23 02:40:00,7.17,98.5,NULL
2026-04-23 02:59:58,7.2,98.9,NULL
2026-04-23 03:19:43,7.17,99,NULL
2026-04-23 03:39:50,7.12,99.1,NULL
2026-04-23 03:59:50,7.07,99.1,NULL
2026-04-23 04:19:43,7.06,99,NULL
2026-04-23 04:59:43,7.3,99,NULL
2026-04-23 05:19:45,7.6,99.1,NULL
2026-04-23 05:59:50,8.72,98.9,NULL
2026-04-23 06:19:43,9.62,98.3,NULL
2026-04-23 06:39:50,11.3,96,NULL
2026-04-23 06:59:50,13.08,92.1,NULL
2026-04-23 07:19:43,14.67,85.7,NULL
2026-04-23 07:39:43,17.31,78.3,NULL
2026-04-23 07:59:43,19.36,73.8,NULL
2026-04-23 08:19:42,17.9,55.4,NULL
2026-04-23 08:39:43,16.33,63.3,NULL
2026-04-23 08:59:49,15.52,64.1,NULL
2026-04-23 09:19:42,16.88,61.6,NULL
2026-04-23 09:39:42,18.54,57.5,NULL
2026-04-23 09:59:42,20.01,52.6,NULL
2026-04-23 10:19:42,20.92,51.3,NULL
2026-04-23 10:39:49,21.68,47.8,NULL
2026-04-23 10:59:42,22.44,46.2,NULL
2026-04-23 11:19:42,22.87,45.4,NULL
2026-04-23 11:59:49,22.35,44.6,NULL
2026-04-23 12:19:42,23.27,45.7,NULL
2026-04-23 12:39:42,23.84,43.4,NULL
2026-04-23 12:59:41,23.73,40.8,NULL
2026-04-23 13:19:41,23.67,42.5,NULL
2026-04-23 13:39:45,23.77,41.3,NULL
2026-04-23 13:59:41,23.63,40.5,NULL
2026-04-23 14:39:48,22.17,47.2,NULL
2026-04-23 14:59:41,21.88,46.6,NULL
2026-04-23 15:19:41,24.6,62.2,NULL
2026-04-23 15:39:41,26.47,65.8,NULL
2026-04-23 15:59:48,26.15,66.7,NULL
2026-04-23 16:39:41,23.63,70.4,NULL
2026-04-23 17:39:40,18.29,76.9,NULL
2026-04-23 17:59:40,16.57,78.6,NULL
2026-04-23 18:19:40,15.21,80.7,NULL
2026-04-23 18:39:47,13.97,82.9,NULL
2026-04-23 18:59:40,12.65,85,NULL
2026-04-23 19:19:40,11.54,87.2,NULL
2026-04-23 19:39:40,10.73,88.7,NULL
2026-04-23 19:59:53,10.02,89.7,NULL
2026-04-23 20:19:40,9.48,90.6,NULL
2026-04-23 20:39:40,9.04,91.2,NULL
2026-04-23 20:59:40,8.54,91.7,NULL
2026-04-23 21:19:47,8.09,92,NULL
2026-04-23 21:59:46,7.21,92.4,NULL
2026-04-23 22:19:47,7,93.1,NULL
2026-04-23 22:39:46,6.95,93.8,NULL
2026-04-23 22:59:39,7.54,95,NULL
2026-04-23 23:19:39,8.05,96,NULL
2026-04-23 23:39:39,8.35,96.8,NULL
2026-04-24 00:19:41,8.33,97.2,NULL
2026-04-24 00:39:39,7.98,96.7,NULL
2026-04-24 00:59:39,7.88,96.5,NULL
2026-04-24 01:19:39,7.98,96.7,NULL
2026-04-24 01:39:39,8.07,97,NULL
2026-04-24 01:59:39,8.12,97.1,NULL
2026-04-24 02:19:39,8.35,97.3,NULL
2026-04-24 02:39:46,8.56,97.5,NULL
2026-04-24 02:59:46,8.7,97.7,NULL
2026-04-24 03:19:38,8.81,97.8,NULL
2026-04-24 03:59:42,9.13,98,NULL
2026-04-24 04:19:38,9.13,98.1,NULL
2026-04-24 04:59:38,9.13,97.8,NULL
2026-04-24 05:39:45,9.92,97.5,NULL
2026-04-24 06:39:45,13.31,92,NULL
2026-04-24 06:59:38,14.4,86.2,NULL
2026-04-24 07:19:38,12.98,68.8,NULL
2026-04-24 07:59:44,13.56,70.3,NULL
2026-04-24 08:19:37,12.47,70.7,NULL
2026-04-24 08:39:37,15,67.4,NULL
2026-04-24 08:59:37,14.87,64.8,NULL
2026-04-24 09:19:44,16.37,63,NULL
2026-04-24 09:39:37,17.42,59.1,NULL
2026-04-24 09:59:44,17.88,57.7,NULL
2026-04-24 10:19:37,17.89,54.6,NULL
2026-04-24 10:39:44,18.98,53.7,NULL
2026-04-24 11:19:37,19.91,52.5,NULL
2026-04-24 11:39:37,19.37,53.2,NULL
2026-04-24 11:59:44,19.63,52.4,NULL
2026-04-24 12:19:44,20.7,47.7,NULL
2026-04-24 12:59:36,22.46,47.4,NULL
2026-04-24 13:19:43,22.39,45.2,NULL
2026-04-24 13:39:36,22.38,48.8,NULL
2026-04-24 13:59:36,22.49,46.8,NULL
2026-04-24 14:19:43,22.08,49.7,NULL
2026-04-24 14:39:36,22.03,48.8,NULL
2026-04-24 14:59:43,23.87,62.6,NULL
2026-04-24 15:19:36,26.62,66.9,NULL
2026-04-24 15:39:36,27.06,68.4,NULL
2026-04-24 15:59:36,26.69,70.1,NULL
2026-04-24 16:19:43,25.51,70.6,NULL
2026-04-24 16:39:36,24.08,72.1,NULL
2026-04-24 16:59:35,22.21,73.4,NULL
2026-04-24 17:19:35,20.12,75,NULL
2026-04-24 17:59:42,16.2,80.6,NULL
2026-04-24 18:19:42,14.67,82.7,NULL
2026-04-24 18:39:35,13.29,84.5,NULL
2026-04-24 18:59:35,11.91,86.7,NULL
2026-04-24 19:19:35,10.93,88.5,NULL
2026-04-24 19:39:35,10.15,89.9,NULL
2026-04-24 19:59:42,9.47,90.7,NULL
2026-04-24 20:19:42,8.92,91.6,NULL
2026-04-24 20:39:42,8.45,92.2,NULL
2026-04-24 20:59:35,8.04,92.7,NULL
2026-04-24 21:19:35,7.6,93,NULL
2026-04-24 21:39:34,7.29,93.4,NULL
2026-04-24 21:59:34,7.53,94.5,NULL
2026-04-24 22:39:34,8.11,96.1,NULL
2026-04-24 23:19:34,8.31,96.8,NULL
2026-04-24 23:39:34,8.35,96.7,NULL
2026-04-24 23:59:41,8.53,96.9,NULL
2026-04-25 00:19:41,8.56,97,NULL
2026-04-25 00:39:34,8.65,97.1,NULL
2026-04-25 01:19:34,8.36,97,NULL
2026-04-25 01:39:41,8.27,97,NULL
2026-04-25 01:59:34,8.04,96.9,NULL
2026-04-25 02:19:34,8.04,97,NULL
2026-04-25 02:39:34,8.06,97.2,NULL
2026-04-25 02:59:40,8.01,97.3,NULL
2026-04-25 03:19:33,7.95,97.4,NULL
2026-04-25 03:59:40,7.92,97.5,NULL
2026-04-25 04:39:33,7.8,97.7,NULL
2026-04-25 04:59:33,7.95,97.8,NULL
2026-04-25 05:39:40,8.92,98.1,NULL
2026-04-25 06:19:40,10.25,97.6,NULL
2026-04-25 06:39:33,11.59,97.2,NULL
2026-04-25 07:19:40,13.37,69.6,NULL
2026-04-25 07:39:40,12.4,72,NULL
2026-04-25 08:19:39,15.85,70.9,NULL
2026-04-25 08:39:39,17.33,66.1,NULL
2026-04-25 08:59:39,17.05,61.5,NULL
2026-04-25 09:19:32,19,55.8,NULL
2026-04-25 09:39:39,19.42,51.4,NULL
2026-04-25 10:19:32,20.5,46.3,NULL
2026-04-25 10:59:39,21.96,43.2,NULL
2026-04-25 11:19:32,22.36,41.4,NULL
2026-04-25 11:39:39,22.51,36.1,NULL
2026-04-25 11:59:32,21.76,35,NULL
2026-04-25 12:19:31,22.56,36.6,NULL
2026-04-25 12:39:31,22.54,32.1,NULL
2026-04-25 12:59:38,22.09,39.7,NULL
2026-04-25 13:19:38,22.2,40.5,NULL
2026-04-25 13:59:31,22.45,38.5,NULL
2026-04-25 14:19:38,22.15,38.3,NULL
2026-04-25 14:39:31,26.6,57.7,NULL
2026-04-25 15:19:38,30.4,64.7,NULL
2026-04-25 15:39:38,29.74,65,NULL
2026-04-25 15:59:31,28.16,67,NULL
2026-04-25 16:19:31,26.69,68.4,NULL
2026-04-25 16:39:37,25.3,71.3,NULL
2026-04-25 16:59:37,23.74,72,NULL
2026-04-25 17:19:37,21.81,73.3,NULL
2026-04-25 17:39:30,19.82,76.2,NULL
2026-04-25 17:59:30,18.17,77.7,NULL
2026-04-25 18:19:37,16.68,79.9,NULL
2026-04-25 18:39:30,15.24,82.2,NULL
2026-04-25 18:59:30,13.83,84.4,NULL
2026-04-25 19:19:37,12.83,87.2,NULL
2026-04-25 19:39:30,11.97,88.5,NULL
2026-04-25 19:59:30,11.29,89.3,NULL
2026-04-25 20:19:30,10.72,90.7,NULL
2026-04-25 20:59:30,9.79,91.8,NULL
2026-04-25 21:19:36,9.59,92.5,NULL
2026-04-25 21:39:29,9.13,92.2,NULL
2026-04-25 21:59:29,8.68,92.2,NULL
2026-04-25 22:19:29,8.26,92.5,NULL
2026-04-25 22:39:29,7.92,92.9,NULL
2026-04-25 22:59:29,7.67,93.4,NULL
2026-04-25 23:19:29,7.41,93.8,NULL
2026-04-25 23:39:29,7.09,93.8,NULL
2026-04-25 23:59:29,6.8,94,NULL
2026-04-26 00:19:29,7.07,94.8,NULL
2026-04-26 00:39:29,7.2,95.5,NULL
2026-04-26 00:59:29,6.86,95.4,NULL
2026-04-26 01:39:29,6.19,95,NULL
2026-04-26 01:59:29,5.83,94.9,NULL
2026-04-26 02:19:29,5.58,95,NULL
2026-04-26 02:39:28,5.33,95.1,NULL
2026-04-26 02:59:28,4.98,95,NULL
2026-04-26 03:39:28,4.44,95,NULL
2026-04-26 03:59:28,4.3,95.2,NULL
2026-04-26 04:19:28,4.21,95.3,NULL
2026-04-26 04:39:35,4.31,95.5,NULL
2026-04-26 04:59:28,5.13,95.4,NULL
2026-04-26 05:19:28,7.04,94.2,NULL
2026-04-26 06:19:28,12.83,84,NULL
2026-04-26 06:39:28,13.78,83.9,NULL
2026-04-26 06:59:35,15.05,82.6,NULL
2026-04-26 07:39:28,19.34,78.2,NULL
2026-04-26 07:59:27,19.79,55.2,NULL
2026-04-26 08:39:27,17.71,61.1,NULL
2026-04-26 08:59:34,17.79,53.7,NULL
2026-04-26 09:39:34,19.4,59,NULL
2026-04-26 10:19:27,23.34,48.2,NULL
2026-04-26 10:39:34,22.79,43.8,NULL
2026-04-26 10:59:34,22.53,49.5,NULL
2026-04-26 11:39:34,22.94,44.8,NULL
2026-04-26 11:59:27,22.84,47.1,NULL
2026-04-26 12:19:33,23.81,42,NULL
2026-04-26 12:39:33,24.4,42.2,NULL
2026-04-26 12:59:26,25.38,40.5,NULL
2026-04-26 13:19:26,25.66,40.2,NULL
2026-04-26 13:39:26,25.96,39.4,NULL
2026-04-26 14:19:26,25.69,39.4,NULL
2026-04-26 14:39:26,24.4,42.8,NULL
2026-04-26 14:59:26,24.27,55.5,NULL
2026-04-26 15:19:33,26.38,63,NULL
2026-04-26 15:39:26,27.3,66.1,NULL
2026-04-26 15:59:26,27.38,68.8,NULL
2026-04-26 16:19:26,26.46,68.9,NULL
2026-04-26 16:59:25,23.99,72.9,NULL
2026-04-26 17:19:32,22.09,74.6,NULL
2026-04-26 17:39:32,19.82,76.4,NULL
2026-04-26 17:59:25,17.89,79,NULL
2026-04-26 18:19:32,16.51,80.7,NULL
2026-04-26 18:39:25,14.95,82.9,NULL
2026-04-26 19:39:25,11.23,88.1,NULL
2026-04-26 19:59:32,10.62,89.5,NULL
2026-04-26 20:19:25,10.2,90.7,NULL
2026-04-26 20:59:25,9.38,91.5,NULL
2026-04-26 21:19:24,8.98,91.7,NULL
2026-04-26 21:39:31,8.51,92,NULL
2026-04-26 22:19:24,7.77,92.6,NULL
2026-04-26 22:39:24,7.46,92.9,NULL
2026-04-26 22:59:24,7.12,93,NULL
2026-04-26 23:19:24,6.85,93.2,NULL
2026-04-26 23:39:24,6.64,93.5,NULL
2026-04-26 23:59:31,6.38,93.8,NULL
2026-04-27 00:19:24,6.14,93.8,NULL
2026-04-27 00:39:24,5.83,93.8,NULL
2026-04-27 00:59:24,5.5,93.8,NULL
2026-04-27 01:19:24,5.22,93.8,NULL
2026-04-27 01:39:31,4.99,93.9,NULL
2026-04-27 01:59:24,4.68,94,NULL
2026-04-27 02:19:24,4.5,94.2,NULL
2026-04-27 02:39:30,4.24,94.2,NULL
2026-04-27 02:59:23,3.91,94.1,NULL
2026-04-27 03:19:23,3.63,94.2,NULL
2026-04-27 04:19:30,3.43,94.9,NULL
2026-04-27 04:39:30,3.61,95.1,NULL
2026-04-27 04:59:30,4.04,95.2,NULL
2026-04-27 05:19:23,5.37,95.1,NULL
2026-04-27 05:39:23,7.77,93.5,NULL
2026-04-27 05:59:23,9.83,88.8,NULL
2026-04-27 06:19:30,11.36,86.7,NULL
2026-04-27 06:39:23,12.55,85.8,NULL
2026-04-27 06:59:23,13.87,85.5,NULL
2026-04-27 07:19:30,15.48,83.4,NULL
2026-04-27 07:59:22,13.82,73.9,NULL
2026-04-27 08:19:22,15.17,69.1,NULL
2026-04-27 08:39:22,16.19,67.4,NULL
2026-04-27 08:59:22,16.95,66.3,NULL
2026-04-27 09:19:22,19.8,58.6,NULL
2026-04-27 09:39:22,21.28,57.1,NULL
2026-04-27 09:59:29,22.5,50.1,NULL
2026-04-27 10:19:29,23.87,51.5,NULL
2026-04-27 10:39:22,23.91,46.1,NULL
2026-04-27 10:59:22,24.19,46.6,NULL
2026-04-27 11:19:22,24.39,45.2,NULL
2026-04-27 11:39:22,24.6,43.6,NULL
2026-04-27 12:19:21,21.3,41.2,NULL
2026-04-27 12:39:21,21.3,43.6,NULL
2026-04-27 12:59:21,21.44,42.3,NULL
2026-04-27 13:19:21,21.35,46.9,NULL
2026-04-27 13:59:28,19.31,49.8,NULL
2026-04-27 14:19:28,19.22,47.1,NULL
2026-04-27 14:39:28,19.08,43,NULL
2026-04-27 14:59:21,18.73,50.8,NULL
2026-04-27 15:19:35,20.96,61.5,NULL
2026-04-27 15:39:21,22.69,66.2,NULL
2026-04-27 15:59:35,22.41,69.6,NULL
2026-04-27 16:19:28,21.89,73.3,NULL
2026-04-27 16:39:27,21.11,76.3,NULL
2026-04-27 17:39:20,18.47,80.9,NULL
2026-04-27 17:59:27,17.54,82.5,NULL
2026-04-27 18:19:27,16.63,83.5,NULL
2026-04-27 18:39:27,15.23,84.8,NULL
2026-04-27 19:19:27,13.17,88.5,NULL
2026-04-27 19:39:20,12.6,89.8,NULL
2026-04-27 19:59:20,12.24,90.5,NULL
2026-04-27 20:19:20,11.95,91.2,NULL
2026-04-27 20:39:20,11.78,91.7,NULL
2026-04-27 20:59:20,11.6,92,NULL
2026-04-27 21:19:26,11.39,92.3,NULL
2026-04-27 21:39:26,11.15,92.4,NULL
2026-04-27 21:59:19,10.88,92.4,NULL
2026-04-27 22:19:19,10.6,92.3,NULL
2026-04-27 22:39:19,10.34,92.6,NULL
2026-04-27 22:59:19,10.01,92.7,NULL
2026-04-27 23:19:26,9.75,93,NULL
2026-04-27 23:39:19,9.57,93.4,NULL
2026-04-28 00:19:19,9.14,93.8,NULL
2026-04-28 00:39:19,8.99,94,NULL
2026-04-28 00:59:19,8.83,94.3,NULL
2026-04-28 01:19:19,8.62,94.4,NULL
2026-04-28 01:39:19,8.48,94.7,NULL
2026-04-28 01:59:26,8.35,94.9,NULL
2026-04-28 02:19:18,8.31,95.2,NULL
2026-04-28 02:39:18,8.28,95.4,NULL
2026-04-28 02:59:18,8.22,95.7,NULL
2026-04-28 03:19:18,8.09,95.8,NULL
2026-04-28 03:39:18,7.93,95.8,NULL
2026-04-28 03:59:18,7.76,95.8,NULL
2026-04-28 04:39:18,7.5,95.6,NULL
2026-04-28 04:59:18,7.96,95.8,NULL
2026-04-28 05:19:25,8.85,96,NULL
2026-04-28 05:39:18,9.85,95.5,NULL
2026-04-28 05:59:18,10.99,94.2,NULL
2026-04-28 06:19:18,12.62,91.9,NULL
2026-04-28 06:39:18,14.66,88.7,NULL
2026-04-28 06:59:18,16.85,85.4,NULL
2026-04-28 07:19:24,17.25,58.9,NULL
2026-04-28 07:59:17,16.22,58.3,NULL
2026-04-28 08:19:17,16.79,54.2,NULL
2026-04-28 08:39:24,17.99,51.7,NULL
2026-04-28 09:19:17,19.82,49.5,NULL
2026-04-28 09:39:17,21.05,45.7,NULL
2026-04-28 09:59:24,19.65,43.2,NULL
2026-04-28 10:19:17,18.87,47.6,NULL
2026-04-28 10:39:24,22.06,40.6,NULL
2026-04-28 10:59:24,24.02,35.7,NULL
2026-04-28 11:19:17,23.98,33.9,NULL
2026-04-28 11:39:24,24.48,33,NULL
2026-04-28 11:59:16,24.36,33.5,NULL
2026-04-28 12:19:16,25.01,32,NULL
2026-04-28 12:59:23,25.16,31.5,NULL
2026-04-28 13:19:23,25.19,31.8,NULL
2026-04-28 13:59:23,24.76,30.2,NULL
2026-04-28 14:19:16,24.64,31.2,NULL
2026-04-28 14:39:16,24.08,30.3,NULL
2026-04-28 14:59:16,26.62,44,NULL
2026-04-28 15:19:16,29.98,49.6,NULL
2026-04-28 15:39:16,30.45,53.7,NULL
2026-04-28 15:59:22,29.68,56.6,NULL
2026-04-28 16:19:15,28.42,59.8,NULL
2026-04-28 16:39:15,26.83,62.9,NULL
2026-04-28 16:59:15,25.23,65.8,NULL
2026-04-28 17:19:15,23.38,68,NULL
2026-04-28 17:39:15,21.54,70.2,NULL
2026-04-28 17:59:15,19.79,72,NULL
2026-04-28 18:19:22,18.4,75.1,NULL
2026-04-28 18:39:22,17,76.9,NULL
2026-04-28 18:59:15,15.51,79.3,NULL
2026-04-28 19:19:15,14.18,81.3,NULL
2026-04-28 19:39:15,13.21,83.5,NULL
2026-04-28 19:59:22,12.3,85,NULL
2026-04-28 20:19:15,11.51,86.1,NULL
2026-04-28 21:19:21,10,88.2,NULL
2026-04-28 21:39:21,9.59,88.8,NULL
2026-04-28 21:59:21,9.18,89.1,NULL
2026-04-28 22:19:21,8.95,89.4,NULL
2026-04-28 22:39:28,8.6,89.8,NULL
2026-04-28 22:59:14,8.44,90.3,NULL
2026-04-28 23:19:28,8.22,90.2,NULL
2026-04-28 23:39:21,8.05,90.6,NULL
2026-04-28 23:59:21,8.07,90.8,NULL
2026-04-29 00:19:14,7.97,90.7,NULL
2026-04-29 00:39:14,7.77,90.6,NULL
2026-04-29 00:59:14,7.67,90.5,NULL
2026-04-29 01:19:14,7.48,90.4,NULL
2026-04-29 01:59:13,6.88,90.5,NULL
2026-04-29 02:19:13,6.66,91,NULL
2026-04-29 02:39:13,6.28,90.9,NULL
2026-04-29 03:19:20,5.66,91.4,NULL
2026-04-29 03:39:13,5.42,91.5,NULL
2026-04-29 03:59:13,5.14,91.7,NULL
2026-04-29 04:19:20,5.05,92,NULL
2026-04-29 04:39:20,5.57,91.8,NULL
2026-04-29 04:59:27,7.2,89.4,NULL
2026-04-29 05:19:13,8.82,86.8,NULL
2026-04-29 05:39:13,10.99,82.2,NULL
2026-04-29 06:19:13,13.68,79.9,NULL
2026-04-29 06:39:13,14.83,79.7,NULL
2026-04-29 06:59:12,15.89,65.6,NULL
2026-04-29 07:39:12,15.59,53.3,NULL
2026-04-29 08:19:12,19.05,45.4,NULL
2026-04-29 08:59:12,21.09,41.8,NULL
2026-04-29 09:19:26,21.57,36.7,NULL
2026-04-29 09:39:19,22.63,36.3,NULL
2026-04-29 09:59:19,24.51,34.1,NULL
2026-04-29 10:19:12,24.82,30.3,NULL
2026-04-29 10:39:12,26.2,30.4,NULL
2026-04-29 10:59:12,26.6,27.7,NULL
2026-04-29 11:19:18,26.89,26.6,NULL
2026-04-29 12:19:11,27.64,25.8,NULL
2026-04-29 12:39:11,28.15,23.9,NULL
2026-04-29 12:59:11,27.58,23.1,NULL
2026-04-29 13:19:11,27.52,23.2,NULL
2026-04-29 13:39:11,27.82,23.4,NULL
2026-04-29 13:59:11,27.75,22.3,NULL
2026-04-29 14:19:11,27.94,21.3,NULL
2026-04-29 14:39:11,26.75,23.3,NULL
2026-04-29 15:19:25,27.89,38.6,NULL
2026-04-29 15:39:10,30.33,45.2,NULL
2026-04-29 15:59:10,30.1,50.5,NULL
2026-04-29 16:19:10,29.07,54.8,NULL
2026-04-29 16:39:10,27.97,57.7,NULL
2026-04-29 16:59:10,26.53,60.4,NULL
2026-04-29 17:19:17,24.63,61.9,NULL
2026-04-29 17:39:10,22.3,64.9,NULL
2026-04-29 17:59:24,20.25,68.6,NULL
2026-04-29 18:19:10,18.79,72.8,NULL
2026-04-29 18:39:10,17.44,74.7,NULL
2026-04-29 18:59:10,15.99,77,NULL
2026-04-29 19:39:10,13.68,81.7,NULL
2026-04-29 20:19:09,12.22,84.7,NULL
2026-04-29 20:59:16,11.29,86.3,NULL
2026-04-29 21:19:09,10.72,86.3,NULL
2026-04-29 21:39:09,10.02,86.6,NULL
2026-04-29 22:19:09,9.02,88,NULL
2026-04-29 22:39:09,8.56,88.3,NULL
2026-04-29 22:59:09,8.22,88.6,NULL
2026-04-29 23:19:09,7.94,89.1,NULL
2026-04-29 23:39:09,7.83,89.9,NULL
2026-04-29 23:59:09,7.86,90.7,NULL
2026-04-30 00:19:16,7.86,90.8,NULL
2026-04-30 00:39:16,7.84,91,NULL
2026-04-30 00:59:09,7.73,90.7,NULL
2026-04-30 01:19:08,7.3,90.1,NULL
2026-04-30 01:39:15,6.75,89.4,NULL
2026-04-30 01:59:15,6.19,89.4,NULL
2026-04-30 02:19:08,5.83,89.8,NULL
2026-04-30 02:39:08,5.62,90.4,NULL
2026-04-30 03:19:08,5.12,90.3,NULL
2026-04-30 03:39:15,5.03,90.9,NULL
2026-04-30 03:59:08,4.81,90.7,NULL
2026-04-30 04:19:15,4.67,90.7,NULL
2026-04-30 04:39:08,5.27,90.5,NULL
2026-04-30 04:59:08,6.97,88.4,NULL
2026-04-30 05:19:15,8.62,86.5,NULL
2026-04-30 05:39:08,10.58,84.1,NULL
2026-04-30 05:59:08,12.3,82.9,NULL
2026-04-30 06:39:07,15.46,80.9,NULL
2026-04-30 06:59:14,17.18,79.5,NULL
2026-04-30 07:19:14,18.83,53.1,NULL
2026-04-30 08:19:07,20.63,34.8,NULL
2026-04-30 08:39:14,21.2,31.2,NULL
2026-04-30 08:59:07,21.96,31.8,NULL
2026-04-30 09:19:14,23.45,30.1,NULL
2026-04-30 09:39:07,24.83,26.6,NULL
2026-04-30 09:59:14,26.05,24.7,NULL
2026-04-30 10:19:07,27.33,23.9,NULL
2026-04-30 10:39:07,28.22,21.6,NULL
2026-04-30 10:59:06,29.46,22.2,NULL
2026-04-30 11:19:13,29.48,21.3,NULL
2026-04-30 11:39:06,30.08,21,NULL
2026-04-30 11:59:06,29.8,21.5,NULL
2026-04-30 12:19:06,30.23,20.6,NULL
2026-04-30 12:59:06,30.72,19,NULL
2026-04-30 13:19:06,30.49,19.6,NULL
2026-04-30 13:39:06,30.54,19.6,NULL
2026-04-30 13:59:06,30.72,19.3,NULL
2026-04-30 14:19:06,30.03,19.1,NULL
2026-04-30 14:39:06,29.34,20.6,NULL
2026-04-30 14:59:06,28.61,21.2,NULL
2026-04-30 15:19:05,29.29,28.7,NULL
2026-04-30 15:39:05,32.4,34.7,NULL
2026-04-30 15:59:05,33.04,38.5,NULL
2026-04-30 16:19:12,31.9,41.8,NULL
2026-04-30 16:39:12,30.32,45,NULL
2026-04-30 16:59:05,28.71,47.9,NULL
2026-04-30 17:19:05,26.67,51,NULL
2026-04-30 18:19:05,20.63,62.2,NULL
2026-04-30 18:39:05,19.3,65.4,NULL
2026-04-30 18:59:12,17.75,70.1,NULL
2026-04-30 19:19:12,16.41,73.9,NULL
2026-04-30 19:39:11,15.39,77.2,NULL
2026-04-30 20:19:04,14.12,80.3,NULL
2026-04-30 20:39:04,13.67,82,NULL
2026-04-30 20:59:11,13.3,82.7,NULL
2026-04-30 21:19:18,12.95,83.4,NULL
2026-04-30 21:59:11,12.12,85.4,NULL
2026-04-30 22:19:04,11.91,86,NULL
2026-04-30 22:39:04,11.6,86.3,NULL
2026-04-30 22:59:11,11.26,86.8,NULL
2026-04-30 23:19:11,10.92,87.1,NULL
2026-04-30 23:39:18,10.62,87.6,NULL
2026-04-30 23:59:04,10.37,88.1,NULL
2026-05-01 00:39:10,9.79,88.1,NULL
2026-05-01 00:59:03,9.15,87.8,NULL
2026-05-01 01:19:03,8.68,88,NULL
2026-05-01 01:39:17,8.15,87.8,NULL
2026-05-01 01:59:03,7.63,88.1,NULL
2026-05-01 02:19:03,7.18,88.4,NULL
2026-05-01 02:39:03,6.83,88.8,NULL
2026-05-01 03:19:10,6.21,89.2,NULL
2026-05-01 03:39:03,6,89.6,NULL
2026-05-01 03:59:03,5.75,89.4,NULL
2026-05-01 04:19:10,5.7,89.7,NULL
2026-05-01 04:39:03,6.29,89.2,NULL
2026-05-01 04:59:17,7.92,86.8,NULL
2026-05-01 05:19:03,9.42,85.4,NULL
2026-05-01 05:39:09,11.31,83,NULL
2026-05-01 05:59:09,12.93,82.1,NULL
2026-05-01 06:19:02,14.67,82.5,NULL
2026-05-01 06:39:02,16.64,82.1,NULL
2026-05-01 06:59:02,18.87,79.9,NULL
2026-05-01 07:19:02,21.36,73.6,NULL
2026-05-01 07:39:02,20.5,42.6,NULL
2026-05-01 07:59:02,20.98,37.4,NULL
2026-05-01 08:19:09,22.06,32.6,NULL
2026-05-01 08:39:02,22.73,34.4,NULL
2026-05-01 08:59:09,23.28,33.6,NULL
2026-05-01 09:19:02,24.62,31.8,NULL
2026-05-01 09:39:09,26.04,31.1,NULL
2026-05-01 10:19:01,27.13,30.2,NULL
2026-05-01 10:39:01,28.82,28.4,NULL
2026-05-01 10:59:16,30.04,26.6,NULL
2026-05-01 11:19:01,30.53,26.9,NULL
2026-05-01 11:39:08,31.16,24.9,NULL
2026-05-01 11:59:08,31.23,24,NULL
2026-05-01 12:19:01,31.77,23.6,NULL
2026-05-01 12:39:01,31.93,22.9,NULL
2026-05-01 12:59:01,32.16,21.9,NULL
2026-05-01 13:19:08,32.55,22.1,NULL
2026-05-01 13:39:01,32.25,21.4,NULL
2026-05-01 13:59:01,32.19,22.5,NULL
2026-05-01 14:19:01,31.89,21.4,NULL
2026-05-01 14:39:07,31.36,20.7,NULL
2026-05-01 15:19:00,30.87,22.6,NULL
2026-05-01 15:39:00,33.62,35.6,NULL
2026-05-01 15:59:07,34.78,40.6,NULL
2026-05-01 16:19:00,34.31,44.2,NULL
2026-05-01 16:39:00,33.06,48.9,NULL
2026-05-01 17:19:00,29.6,57.1,NULL
2026-05-01 17:39:00,27.64,58.4,NULL
2026-05-01 17:59:07,25.69,61.8,NULL
2026-05-01 18:19:00,23.75,67.6,NULL
2026-05-01 18:39:00,22.24,71.7,NULL
2026-05-01 18:58:59,20.47,75.3,NULL
2026-05-01 19:18:59,18.58,78.2,NULL
2026-05-01 19:39:13,16.95,81,NULL
2026-05-01 19:58:59,15.69,82.9,NULL
2026-05-01 20:39:06,13.87,85.5,NULL
2026-05-01 20:58:59,13.18,85.7,NULL
2026-05-01 21:18:59,12.52,86.3,NULL
2026-05-01 21:39:06,11.91,86.9,NULL
2026-05-01 21:58:59,11.41,87.4,NULL
2026-05-01 22:18:59,10.91,87.9,NULL
2026-05-01 22:38:59,10.51,88,NULL
2026-05-01 22:59:06,10.06,88.2,NULL
2026-05-01 23:19:06,9.68,88.6,NULL
2026-05-01 23:38:58,9.36,88.7,NULL
2026-05-01 23:59:05,9.13,88.8,NULL
2026-05-02 00:18:58,8.71,89.1,NULL
2026-05-02 00:38:58,8.44,89.5,NULL
2026-05-02 01:18:58,7.98,89.9,NULL
2026-05-02 01:59:05,7.63,90.4,NULL
2026-05-02 02:38:58,7.29,90.5,NULL
2026-05-02 02:58:58,7.14,90.8,NULL
2026-05-02 03:19:05,7.01,91,NULL
2026-05-02 03:38:58,6.88,91.2,NULL
2026-05-02 03:58:58,6.77,91.1,NULL
2026-05-02 04:38:58,7.7,91.4,NULL
2026-05-02 05:19:04,10.91,87.9,NULL
2026-05-02 05:39:04,12.83,86.8,NULL
2026-05-02 14:38:55,38.95,52.8,NULL
2026-05-02 14:58:55,38.38,55.4,NULL
2026-05-02 15:19:02,39.06,52.7,NULL
2026-05-02 15:58:55,38.03,55.6,NULL
2026-05-02 16:18:55,35.39,60.2,NULL
2026-05-02 16:38:55,34.38,62.5,NULL
2026-05-02 16:58:55,33.23,63.4,NULL
2026-05-02 17:19:02,31.16,66.1,NULL
2026-05-02 17:38:55,28.79,71,NULL
2026-05-02 17:58:55,26.65,72.9,NULL
2026-05-02 18:18:55,24.6,72.7,NULL
2026-05-02 18:39:01,22.54,70.3,NULL
2026-05-02 18:59:01,21.02,73,NULL
2026-05-02 19:18:54,19.91,75.4,NULL
2026-05-02 19:38:54,19.16,78.4,NULL
2026-05-02 19:59:01,18.57,80.9,NULL
2026-05-02 20:18:54,17.81,81.8,NULL
2026-05-02 20:38:54,17.31,85.8,NULL
2026-05-02 21:38:54,15.72,88,NULL
2026-05-02 21:58:54,15.46,89.5,NULL
2026-05-02 22:18:54,15.44,90.8,NULL
2026-05-02 22:38:54,15.51,91.6,NULL
2026-05-02 22:58:53,15.58,92.3,NULL
2026-05-02 23:18:53,15.63,92.4,NULL
2026-05-02 23:39:00,15.47,90,NULL
2026-05-03 00:18:53,14.69,90,NULL
2026-05-03 00:58:53,14.67,92.5,NULL
2026-05-03 01:38:53,14.67,93.1,NULL
2026-05-03 01:58:53,14.42,92.8,NULL
2026-05-03 02:18:53,14.14,92.7,NULL
2026-05-03 02:59:00,13.99,94.1,NULL
2026-05-03 03:19:00,14.12,94.7,NULL
2026-05-03 04:18:59,14.13,95,NULL
2026-05-03 04:38:52,14.35,95.2,NULL
2026-05-03 05:38:52,16.65,93.1,NULL
2026-05-03 05:58:59,17.99,90.7,NULL
2026-05-03 06:18:52,20.12,86.6,NULL
2026-05-03 06:38:52,21.7,81.9,NULL
2026-05-03 06:58:52,22.33,80.2,NULL
2026-05-03 07:18:52,24.9,76.9,NULL
2026-05-03 07:38:52,25.37,73.4,NULL
2026-05-03 08:18:51,29.16,67.3,NULL
2026-05-03 08:38:58,30.46,66.4,NULL
2026-05-03 08:58:58,32.07,64.8,NULL
2026-05-03 09:18:51,32.17,61.4,NULL
2026-05-03 09:38:51,31.52,62.6,NULL
2026-05-03 09:58:51,30.08,62.6,NULL
2026-05-03 10:18:58,30.12,60.4,NULL
2026-05-03 10:38:51,29.43,60.4,NULL
2026-05-03 10:58:51,30.69,56.9,NULL
2026-05-03 11:18:51,31.6,54,NULL
2026-05-03 11:38:58,32,52.9,NULL
2026-05-03 11:58:51,30.97,53.8,NULL
2026-05-03 12:18:51,29.25,55.4,NULL
2026-05-03 12:38:51,26.34,60.4,NULL
2026-05-03 12:58:50,24.32,65.5,NULL
2026-05-03 13:38:50,22.04,74.6,NULL
2026-05-03 13:58:50,21.96,76,NULL
2026-05-03 14:18:57,22.39,75.7,NULL
2026-05-03 14:58:50,22.2,75.4,NULL
2026-05-03 15:18:50,21.98,75.7,NULL
2026-05-03 15:38:50,21.61,77.1,NULL
2026-05-03 16:18:50,22.36,74.6,NULL
2026-05-03 16:38:50,21.86,75.9,NULL
2026-05-03 16:58:49,20.42,78.9,NULL
2026-05-03 17:18:49,19.39,81.4,NULL
2026-05-03 17:38:56,18.34,84.1,NULL
2026-05-03 17:58:49,16.78,89.4,NULL
2026-05-03 18:18:49,16.21,93,NULL
2026-05-03 18:38:49,16.05,94.5,NULL
2026-05-03 19:18:56,15.74,95.5,NULL
2026-05-03 19:38:49,15.66,95.8,NULL
2026-05-03 19:58:49,15.62,96.1,NULL
2026-05-03 20:38:49,15.4,96.1,NULL
2026-05-03 21:18:48,14.66,94.8,NULL
2026-05-03 21:58:48,13.68,94.6,NULL
2026-05-03 22:18:48,13.44,95.1,NULL
2026-05-03 22:38:55,13.14,95.1,NULL
2026-05-03 22:58:55,12.84,95.2,NULL
2026-05-03 23:38:55,12.5,95.6,NULL
2026-05-03 23:58:48,12.13,95.1,NULL
2026-05-04 00:18:55,11.83,94.8,NULL
2026-05-04 00:38:55,11.65,95.1,NULL
2026-05-04 01:18:48,11.65,95.9,NULL
2026-05-04 02:18:47,10.8,94.8,NULL
2026-05-04 02:38:47,10.48,94.6,NULL
2026-05-04 03:18:54,10.47,95.8,NULL
2026-05-04 03:58:47,11.51,97.5,NULL
2026-05-04 04:18:54,12.22,98.6,NULL
2026-05-04 04:38:47,12.83,100,NULL
2026-05-04 04:58:47,13.41,100,NULL
2026-05-04 05:38:54,14.28,100,NULL
2026-05-04 05:58:47,14.67,100,NULL
2026-05-04 06:38:47,16.33,99.6,NULL
2026-05-04 06:58:53,17.44,96.5,NULL
2026-05-04 07:38:53,18.3,85,NULL
2026-05-04 07:58:46,19.59,84.5,NULL
2026-05-04 08:18:53,20.85,79.6,NULL
2026-05-04 08:58:53,21.52,69.2,NULL
2026-05-04 09:18:46,23.18,68.5,NULL
2026-05-04 09:38:53,23.99,67.2,NULL
2026-05-04 09:58:46,27.44,55.7,NULL
2026-05-04 10:18:46,28.37,54.5,NULL
2026-05-04 10:38:46,27.88,55.6,NULL
2026-05-04 11:18:45,27.62,52.1,NULL
2026-05-04 11:38:45,28.76,51.6,NULL
2026-05-04 11:58:45,26.42,52.6,NULL
2026-05-04 12:18:52,20.58,68.7,NULL
2026-05-04 12:58:45,22.3,64.8,NULL
2026-05-04 13:18:45,21.65,67.4,NULL
2026-05-04 13:38:52,20.91,71.5,NULL
2026-05-04 13:58:45,20.66,70.8,NULL
2026-05-04 14:18:45,20.84,69.9,NULL
2026-05-04 14:38:52,21.54,68.6,NULL
2026-05-04 15:18:45,21.88,66.8,NULL
2026-05-04 15:38:44,20.21,71.4,NULL
2026-05-04 15:58:51,18.83,78.7,NULL
2026-05-04 16:38:44,18.68,83,NULL
2026-05-04 17:38:44,17.44,86,NULL
2026-05-04 17:58:51,17.15,86.1,NULL
2026-05-04 18:18:51,16.7,86.3,NULL
2026-05-04 18:38:44,16.12,87.7,NULL
2026-05-04 18:58:44,15.88,88.4,NULL
2026-05-04 19:18:51,15.59,88.8,NULL
2026-05-04 19:38:44,15.29,89,NULL
2026-05-04 19:58:43,15.03,89.2,NULL
2026-05-04 20:18:43,14.83,88.8,NULL
2026-05-04 20:38:50,14.57,88.3,NULL
2026-05-04 20:58:43,14.32,88.7,NULL
2026-05-04 21:38:43,13.69,87.4,NULL
2026-05-04 21:58:50,13.3,87.9,NULL
2026-05-04 22:18:43,13.02,88.4,NULL
2026-05-04 22:38:43,12.71,88.9,NULL
2026-05-04 22:58:43,12.5,89.1,NULL
2026-05-04 23:38:50,11.91,89.6,NULL
2026-05-04 23:58:43,11.77,89.6,NULL
2026-05-05 00:18:43,11.45,89.3,NULL
2026-05-05 00:38:50,11.19,89,NULL
2026-05-05 00:58:42,11.02,89.1,NULL
2026-05-05 01:18:42,10.87,89.2,NULL
2026-05-05 01:38:42,10.78,88.7,NULL
2026-05-05 01:58:49,10.65,89,NULL
2026-05-05 02:18:49,10.6,89.3,NULL
2026-05-05 02:38:42,10.55,89.3,NULL
2026-05-05 02:58:42,10.4,89.3,NULL
2026-05-05 03:38:42,10.31,89.5,NULL
2026-05-05 03:58:42,10.25,89.7,NULL
2026-05-05 04:18:42,10.19,90.1,NULL
2026-05-05 04:38:49,10.25,90.6,NULL
2026-05-05 04:58:49,10.37,90.6,NULL
2026-05-05 05:38:41,10.45,89.9,NULL
2026-05-05 05:58:48,10.44,90.5,NULL
2026-05-05 06:18:41,10.52,91.5,NULL
2026-05-05 07:38:48,9.99,90.1,NULL
2026-05-05 08:38:48,10.86,87.9,NULL
2026-05-05 08:58:48,11.01,86.3,NULL
2026-05-05 09:18:41,11.8,85,NULL
2026-05-05 09:38:41,13.42,82.8,NULL
2026-05-05 10:18:41,13.57,80.8,NULL
2026-05-05 10:38:47,13.86,77.9,NULL
2026-05-05 11:18:47,12.44,82,NULL
2026-05-05 11:58:40,16.27,83.4,NULL
2026-05-05 12:18:40,18.54,79.2,NULL
2026-05-05 12:38:47,19.35,76.4,NULL
2026-05-05 12:58:40,19.87,75.1,NULL
2026-05-05 13:18:40,20.78,74.3,NULL
2026-05-05 13:38:40,20.87,71.4,NULL
2026-05-05 13:58:47,19.97,73.5,NULL
2026-05-05 14:58:39,21.37,71.2,NULL
2026-05-05 15:18:46,20.38,75.9,NULL
2026-05-05 15:38:46,18.88,80.1,NULL
2026-05-05 15:58:39,18.26,83.5,NULL
2026-05-05 16:18:39,17.85,83.4,NULL
2026-05-05 16:38:46,17.57,83.9,NULL
2026-05-05 16:58:39,17.16,84.8,NULL
2026-05-05 17:18:46,16.37,85.7,NULL
2026-05-05 17:58:46,14.89,88,NULL
2026-05-05 18:18:46,14.32,89.1,NULL
2026-05-05 18:38:39,13.73,89.6,NULL
2026-05-05 19:18:46,12.93,91.4,NULL
2026-05-05 19:38:38,12.67,92,NULL
2026-05-05 19:58:38,12.47,92.6,NULL
2026-05-05 20:18:45,12.26,92.6,NULL
2026-05-05 20:38:45,12.09,92.8,NULL
2026-05-05 20:58:38,11.91,92.9,NULL
2026-05-05 21:18:38,11.78,92.7,NULL
2026-05-05 21:38:38,11.65,92.9,NULL
2026-05-05 21:58:45,11.59,93.5,NULL
2026-05-05 22:18:45,11.52,93.8,NULL
2026-05-05 22:38:38,11.44,93.6,NULL
2026-05-05 22:58:38,11.32,93.5,NULL
2026-05-05 23:18:45,11.2,93.5,NULL
2026-05-05 23:38:45,11.07,93.6,NULL
2026-05-05 23:58:38,10.94,93.5,NULL
2026-05-06 00:18:38,10.8,93.8,NULL
2026-05-06 00:38:44,10.65,94.1,NULL
2026-05-06 00:58:37,10.49,94.5,NULL
2026-05-06 01:18:37,10.34,94.9,NULL
2026-05-06 01:38:37,10.25,95.3,NULL
2026-05-06 01:58:44,10.28,95.8,NULL
2026-05-06 02:18:37,10.31,96.2,NULL
2026-05-06 02:38:37,10.3,96.5,NULL
2026-05-06 02:58:37,10.25,96.5,NULL
2026-05-06 03:18:37,10.18,96.6,NULL
2026-05-06 03:38:37,10.12,96.5,NULL
2026-05-06 03:58:37,10.1,96.5,NULL
2026-05-06 04:18:37,10.12,96.5,NULL
2026-05-06 04:38:37,10.19,96.6,NULL
2026-05-06 04:58:37,10.34,96.5,NULL
2026-05-06 05:18:36,10.56,96.6,NULL
2026-05-06 05:38:36,10.88,96.3,NULL
2026-05-06 05:58:36,11.31,95.8,NULL
2026-05-06 06:18:36,11.79,95.2,NULL
2026-05-06 07:18:36,13.54,89.9,NULL
2026-05-06 07:38:36,14.66,87.1,NULL
2026-05-06 08:18:36,15.55,82.8,NULL
2026-05-06 08:58:36,15.62,82,NULL
2026-05-06 09:38:36,17.92,75.1,NULL
2026-05-06 10:18:42,18.85,72,NULL
2026-05-06 10:38:35,19.22,70.2,NULL
2026-05-06 11:18:42,17.61,71.6,NULL
2026-05-06 11:38:35,17.75,73.9,NULL
2026-05-06 11:58:42,19.76,72,NULL
2026-05-06 12:18:35,20.66,66.7,NULL
2026-05-06 12:38:35,20.6,65.6,NULL
2026-05-06 12:58:35,20.54,66.2,NULL
2026-05-06 13:18:35,20.33,65.3,NULL
2026-05-06 13:38:35,19.48,66.1,NULL
2026-05-06 14:18:42,19.45,70.6,NULL
2026-05-06 14:38:41,18.71,74.9,NULL
2026-05-06 15:18:34,17.99,80.3,NULL
2026-05-06 15:58:41,18.16,82.1,NULL
2026-05-06 16:18:34,18.54,80.4,NULL
2026-05-06 16:38:34,18.34,81.2,NULL
2026-05-06 16:58:41,18.21,80.6,NULL
2026-05-06 17:18:35,17.9,81.1,NULL
2026-05-06 17:38:41,17.32,82.3,NULL
2026-05-06 18:18:34,15.46,85.4,NULL
2026-05-06 18:38:41,14.58,87.1,NULL
2026-05-06 19:18:40,13.21,89.3,NULL
2026-05-06 19:38:47,12.73,90.7,NULL
2026-05-06 19:58:47,12.5,92,NULL
2026-05-06 20:18:40,12.34,92.7,NULL
2026-05-06 20:38:40,12.08,92.7,NULL
2026-05-06 20:58:40,11.76,92.5,NULL
2026-05-06 21:18:33,11.21,91.6,NULL
2026-05-06 21:38:33,10.48,90.7,NULL
2026-05-06 21:58:40,9.88,90.7,NULL
2026-05-06 22:18:33,9.23,90.7,NULL
2026-05-06 22:38:47,8.78,91.1,NULL
2026-05-06 22:58:40,8.35,91.4,NULL
2026-05-06 23:18:40,7.96,91.9,NULL
2026-05-06 23:58:32,7.37,92.5,NULL
