dateTime,sensor,lat,lon,battery_V,T_out_C,RH_out_pct,lux
2026-06-04 00:03:01,lht65-20,52.2507,5.97306,2.991,14.36,93.2,0
2026-06-04 00:13:01,lht65-20,52.2507,5.97306,2.989,14.32,93.7,0
2026-06-04 00:22:54,lht65-20,52.2507,5.97306,2.991,14.33,93.5,0
2026-06-04 00:32:54,lht65-20,52.2507,5.97306,2.991,14.28,93.2,0
2026-06-04 00:42:54,lht65-20,52.2507,5.97306,2.991,14.22,93.0,0
2026-06-04 00:52:54,lht65-20,52.2507,5.97306,2.989,14.16,92.5,0
2026-06-04 01:02:54,lht65-20,52.2507,5.97306,2.989,14.1,92.2,0
2026-06-04 01:12:54,lht65-20,52.2507,5.97306,2.989,14.05,91.7,0
2026-06-04 01:22:54,lht65-20,52.2507,5.97306,2.989,13.98,91.5,0
2026-06-04 01:32:54,lht65-20,52.2507,5.97306,2.989,13.83,91.1,0
2026-06-04 01:42:54,lht65-20,52.2507,5.97306,2.989,13.61,91.7,0
2026-06-04 01:53:01,lht65-20,52.2507,5.97306,2.991,13.63,92.2,0
2026-06-04 02:13:01,lht65-20,52.2507,5.97306,2.989,13.74,91.4,0
2026-06-04 02:22:54,lht65-20,52.2507,5.97306,2.989,13.73,91.2,0
2026-06-04 02:32:54,lht65-20,52.2507,5.97306,2.989,13.72,91.0,0
2026-06-04 02:42:54,lht65-20,52.2507,5.97306,2.989,13.69,90.7,3
2026-06-04 02:53:01,lht65-20,52.2507,5.97306,2.987,13.71,91.0,6
2026-06-04 03:03:01,lht65-20,52.2507,5.97306,2.989,13.66,91.0,40
2026-06-04 03:13:01,lht65-20,52.2507,5.97306,2.987,13.48,91.8,108
2026-06-04 03:22:54,lht65-20,52.2507,5.97306,2.989,13.38,92.3,196
2026-06-04 03:32:54,lht65-20,52.2507,5.97306,2.989,13.37,92.9,330
2026-06-04 03:42:54,lht65-20,52.2507,5.97306,2.987,13.51,92.6,583
2026-06-04 03:53:08,lht65-20,52.2507,5.97306,2.989,13.61,92.3,647
2026-06-04 04:03:01,lht65-20,52.2507,5.97306,2.987,13.67,92.0,1045
2026-06-04 04:13:01,lht65-20,52.2507,5.97306,2.989,13.78,91.4,1321
2026-06-04 04:22:54,lht65-20,52.2507,5.97306,2.989,13.89,90.8,1350
2026-06-04 04:32:54,lht65-20,52.2507,5.97306,2.989,13.98,90.3,1520
2026-06-04 04:42:54,lht65-20,52.2507,5.97306,2.989,14.0,90.3,1440
2026-06-04 05:03:01,lht65-20,52.2507,5.97306,2.989,14.2,89.9,3193
2026-06-04 05:13:01,lht65-20,52.2507,5.97306,2.989,14.31,89.5,3761
2026-06-04 05:33:01,lht65-20,52.2507,5.97306,2.989,14.5,87.1,4797
2026-06-04 05:52:54,lht65-20,52.2507,5.97306,2.989,14.44,87.9,4195
2026-06-04 06:12:54,lht65-20,52.2507,5.97306,2.989,14.56,86.6,4593
2026-06-04 06:23:01,lht65-20,52.2507,5.97306,2.987,14.5,86.2,5904
2026-06-04 06:32:54,lht65-20,52.2507,5.97306,2.989,14.63,86.7,7048
2026-06-04 06:43:01,lht65-20,52.2507,5.97306,2.989,14.77,84.8,7696
2026-06-04 06:53:01,lht65-20,52.2507,5.97306,2.989,14.93,84.5,10215
2026-06-04 07:03:01,lht65-20,52.2507,5.97306,2.989,15.52,82.4,11654
2026-06-04 07:12:54,lht65-20,52.2507,5.97306,2.989,15.79,81.5,11548
2026-06-04 07:23:01,lht65-20,52.2507,5.97306,2.991,15.66,80.9,7795
2026-06-04 07:32:54,lht65-20,52.2507,5.97306,2.989,15.9,80.5,11755
2026-06-04 07:42:54,lht65-20,52.2507,5.97306,2.991,16.12,79.5,10928
2026-06-04 07:52:54,lht65-20,52.2507,5.97306,2.991,16.5,80.6,7270
2026-06-04 08:03:01,lht65-20,52.2507,5.97306,2.991,16.35,78.8,13670
2026-06-04 08:13:01,lht65-20,52.2507,5.97306,2.989,16.78,79.3,15511
2026-06-04 08:22:54,lht65-20,52.2507,5.97306,2.991,16.97,77.5,8796
2026-06-04 08:33:01,lht65-20,52.2507,5.97306,2.991,16.84,78.8,10706
2026-06-04 08:52:54,lht65-20,52.2507,5.97306,2.991,16.47,79.9,6220
2026-06-04 09:13:01,lht65-20,52.2507,5.97306,2.991,16.25,85.8,19163
2026-06-04 09:23:08,lht65-20,52.2507,5.97306,2.992,16.48,84.4,7487
2026-06-04 09:33:01,lht65-20,52.2507,5.97306,2.991,16.25,83.6,2164
2026-06-04 09:42:54,lht65-20,52.2507,5.97306,2.989,15.19,87.6,1475
2026-06-04 09:53:01,lht65-20,52.2507,5.97306,2.989,14.46,91.6,1731
2026-06-04 10:03:01,lht65-20,52.2507,5.97306,2.989,14.34,93.0,22329
2026-06-04 10:12:54,lht65-20,52.2507,5.97306,2.989,16.38,91.8,24530
2026-06-04 10:42:54,lht65-20,52.2507,5.97306,2.992,16.29,84.1,19916
2026-06-04 11:12:54,lht65-20,52.2507,5.97306,2.991,17.57,79.5,16980
2026-06-04 11:22:54,lht65-20,52.2507,5.97306,2.992,17.39,80.7,18368
2026-06-04 11:33:01,lht65-20,52.2507,5.97306,2.992,18.5,78.6,36961
2026-06-04 11:53:01,lht65-20,52.2507,5.97306,2.992,17.47,77.5,9507
2026-06-04 12:03:01,lht65-20,52.2507,5.97306,2.991,17.31,76.4,10975
2026-06-04 12:32:54,lht65-20,52.2507,5.97306,2.992,17.39,79.6,13790
2026-06-04 12:43:01,lht65-20,52.2507,5.97306,2.992,17.29,77.7,33937
2026-06-04 13:12:54,lht65-20,52.2507,5.97306,2.994,18.66,69.0,41063
2026-06-04 13:22:54,lht65-20,52.2507,5.97306,2.994,18.8,66.4,49421
2026-06-04 13:33:01,lht65-20,52.2507,5.97306,2.994,18.73,65.9,14889
2026-06-04 13:42:54,lht65-20,52.2507,5.97306,2.994,18.73,67.1,37685
2026-06-04 13:52:54,lht65-20,52.2507,5.97306,2.994,19.47,65.7,18089
2026-06-04 14:02:54,lht65-20,52.2507,5.97306,2.994,18.88,67.7,33227
2026-06-04 14:13:01,lht65-20,52.2507,5.97306,2.994,20.09,65.9,24050
2026-06-04 14:32:54,lht65-20,52.2507,5.97306,2.994,18.86,65.6,8919
2026-06-04 14:42:54,lht65-20,52.2507,5.97306,2.994,18.31,66.5,5878
2026-06-04 14:53:01,lht65-20,52.2507,5.97306,2.994,17.37,67.3,854
2026-06-04 15:12:54,lht65-20,52.2507,5.97306,2.989,13.76,87.8,2443
2026-06-04 15:23:01,lht65-20,52.2507,5.97306,2.989,14.05,91.4,16492
2026-06-04 15:32:54,lht65-20,52.2507,5.97306,2.989,15.67,89.1,32775
2026-06-04 15:42:54,lht65-20,52.2507,5.97306,2.991,16.84,82.6,28720
2026-06-04 16:02:54,lht65-20,52.2507,5.97306,2.991,17.5,75.6,26235
2026-06-04 16:13:01,lht65-20,52.2507,5.97306,2.994,17.87,74.8,25754
2026-06-04 16:33:01,lht65-20,52.2507,5.97306,2.994,18.39,67.6,23495
2026-06-04 16:43:01,lht65-20,52.2507,5.97306,2.994,18.17,68.3,8833
2026-06-04 16:53:01,lht65-20,52.2507,5.97306,2.992,17.14,69.4,2683
2026-06-04 17:12:54,lht65-20,52.2507,5.97306,2.992,18.25,64.3,25890
2026-06-04 17:23:01,lht65-20,52.2507,5.97306,2.994,18.27,65.7,21298
2026-06-04 17:52:54,lht65-20,52.2507,5.97306,2.994,17.3,66.4,3894
2026-06-04 18:02:54,lht65-20,52.2507,5.97306,2.992,16.63,68.7,2772
2026-06-04 18:13:01,lht65-20,52.2507,5.97306,2.992,16.38,69.2,2778
2026-06-04 18:32:54,lht65-20,52.2507,5.97306,2.991,16.25,66.4,2310
2026-06-04 18:43:01,lht65-20,52.2507,5.97306,2.991,16.05,67.6,2625
2026-06-04 18:52:54,lht65-20,52.2507,5.97306,2.991,15.89,68.2,1525
2026-06-04 19:12:54,lht65-20,52.2507,5.97306,2.989,15.55,70.2,619
2026-06-04 19:22:54,lht65-20,52.2507,5.97306,2.991,15.49,70.9,442
2026-06-04 19:52:54,lht65-20,52.2507,5.97306,2.989,15.02,74.7,144
2026-06-04 20:02:54,lht65-20,52.2507,5.97306,2.989,14.81,75.5,66
2026-06-04 20:13:01,lht65-20,52.2507,5.97306,2.989,14.59,76.9,21
2026-06-04 20:33:01,lht65-20,52.2507,5.97306,2.987,14.11,79.4,1
2026-06-04 20:42:54,lht65-20,52.2507,5.97306,2.989,13.96,80.6,0
2026-06-04 20:53:01,lht65-20,52.2507,5.97306,2.987,13.8,81.0,0
2026-06-04 21:22:54,lht65-20,52.2507,5.97306,2.987,13.43,83.0,0
2026-06-04 21:32:54,lht65-20,52.2507,5.97306,2.987,13.41,82.9,0
2026-06-04 21:42:54,lht65-20,52.2507,5.97306,2.987,13.87,79.6,0
2026-06-04 21:53:01,lht65-20,52.2507,5.97306,2.987,13.98,78.7,0
2026-06-04 22:02:54,lht65-20,52.2507,5.97306,2.989,14.03,78.2,0
2026-06-04 22:12:54,lht65-20,52.2507,5.97306,2.987,13.77,79.5,0
2026-06-04 22:23:01,lht65-20,52.2507,5.97306,2.987,13.57,80.7,0
2026-06-04 22:33:01,lht65-20,52.2507,5.97306,2.987,13.52,80.9,0
2026-06-04 22:42:54,lht65-20,52.2507,5.97306,2.987,13.42,81.1,0
2026-06-04 22:52:54,lht65-20,52.2507,5.97306,2.987,13.4,81.1,0
2026-06-04 23:02:54,lht65-20,52.2507,5.97306,2.987,13.42,81.2,0
2026-06-04 23:13:01,lht65-20,52.2507,5.97306,2.987,13.51,81.1,0
2026-06-04 23:23:01,lht65-20,52.2507,5.97306,2.987,13.45,81.6,0
2026-06-04 23:32:54,lht65-20,52.2507,5.97306,2.985,13.45,81.8,0
2026-06-04 23:42:54,lht65-20,52.2507,5.97306,2.987,13.59,81.4,0
2026-06-05 00:02:54,lht65-20,52.2507,5.97306,2.987,13.38,82.4,0
2026-06-05 00:13:01,lht65-20,52.2507,5.97306,2.985,13.33,82.9,0
2026-06-05 00:22:54,lht65-20,52.2507,5.97306,2.987,13.29,83.4,0
2026-06-05 00:33:01,lht65-20,52.2507,5.97306,2.987,13.34,83.5,0
2026-06-05 00:42:54,lht65-20,52.2507,5.97306,2.985,13.36,83.8,0
2026-06-05 00:52:54,lht65-20,52.2507,5.97306,2.987,13.42,84.0,0
2026-06-05 01:03:01,lht65-20,52.2507,5.97306,2.987,13.46,84.0,0
2026-06-05 01:12:54,lht65-20,52.2507,5.97306,2.987,13.61,83.7,0
2026-06-05 01:23:01,lht65-20,52.2507,5.97306,2.987,13.71,83.5,0
2026-06-05 01:33:01,lht65-20,52.2507,5.97306,2.987,13.96,83.1,0
2026-06-05 01:43:01,lht65-20,52.2507,5.97306,2.987,14.07,82.9,0
2026-06-05 01:53:01,lht65-20,52.2507,5.97306,2.989,13.9,84.9,0
2026-06-05 02:02:54,lht65-20,52.2507,5.97306,2.987,13.72,86.5,0
2026-06-05 02:12:54,lht65-20,52.2507,5.97306,2.987,13.58,87.7,0
2026-06-05 02:22:54,lht65-20,52.2507,5.97306,2.987,13.43,88.8,0
2026-06-05 02:32:54,lht65-20,52.2507,5.97306,2.987,13.23,89.8,0
2026-06-05 02:42:54,lht65-20,52.2507,5.97306,2.987,13.18,90.1,4
2026-06-05 02:52:54,lht65-20,52.2507,5.97306,2.987,13.23,90.0,10
2026-06-05 03:03:01,lht65-20,52.2507,5.97306,2.987,13.3,89.6,41
2026-06-05 03:13:01,lht65-20,52.2507,5.97306,2.987,13.36,89.1,132
2026-06-05 03:23:01,lht65-20,52.2507,5.97306,2.987,13.33,88.5,232
2026-06-05 03:33:01,lht65-20,52.2507,5.97306,2.985,13.46,88.3,483
2026-06-05 03:52:54,lht65-20,52.2507,5.97306,2.985,13.69,87.0,1232
2026-06-05 04:02:54,lht65-20,52.2507,5.97306,2.985,13.83,86.8,1555
2026-06-05 04:12:54,lht65-20,52.2507,5.97306,2.987,13.97,86.4,2545
2026-06-05 04:23:01,lht65-20,52.2507,5.97306,2.987,14.26,85.0,4212
2026-06-05 04:33:01,lht65-20,52.2507,5.97306,2.987,14.76,83.7,4785
2026-06-05 04:43:08,lht65-20,52.2507,5.97306,2.987,14.56,83.5,4764
2026-06-05 05:02:54,lht65-20,52.2507,5.97306,2.987,14.46,86.3,4167
2026-06-05 05:13:08,lht65-20,52.2507,5.97306,2.987,13.98,88.8,2963
2026-06-05 05:23:09,lht65-20,52.2507,5.97306,2.987,13.97,89.7,5860
2026-06-05 05:32:54,lht65-20,52.2507,5.97306,2.985,13.97,90.6,5736
2026-06-05 05:42:54,lht65-20,52.2507,5.97306,2.987,13.89,91.1,4456
2026-06-05 05:53:08,lht65-20,52.2507,5.97306,2.987,13.85,91.9,5233
2026-06-05 06:33:08,lht65-20,52.2507,5.97306,2.985,13.51,94.2,3986
2026-06-05 06:43:08,lht65-20,52.2507,5.97306,2.983,13.54,94.4,3289
2026-06-05 07:02:54,lht65-20,52.2507,5.97306,2.983,13.51,94.6,5345
2026-06-05 07:13:01,lht65-20,52.2507,5.97306,2.985,13.74,94.8,9256
2026-06-05 07:22:54,lht65-20,52.2507,5.97306,2.985,14.04,94.4,11002
2026-06-05 07:32:54,lht65-20,52.2507,5.97306,2.985,14.36,93.6,13695
2026-06-05 07:43:01,lht65-20,52.2507,5.97306,2.983,15.07,91.9,20626
2026-06-05 08:02:54,lht65-20,52.2507,5.97306,2.985,15.21,90.0,6566
2026-06-05 08:12:54,lht65-20,52.2507,5.97306,2.985,14.98,90.8,9120
2026-06-05 08:23:01,lht65-20,52.2507,5.97306,2.987,15.01,92.2,7563
2026-06-05 08:33:01,lht65-20,52.2507,5.97306,2.985,15.13,91.7,10095
2026-06-05 08:42:54,lht65-20,52.2507,5.97306,2.987,15.13,90.9,9724
2026-06-05 09:03:01,lht65-20,52.2507,5.97306,2.987,15.65,88.2,23183
2026-06-05 09:13:08,lht65-20,52.2507,5.97306,2.987,16.14,89.0,38169
2026-06-05 09:32:54,lht65-20,52.2507,5.97306,2.987,17.72,77.9,15610
2026-06-05 09:43:01,lht65-20,52.2507,5.97306,2.987,16.96,81.3,28974
2026-06-05 09:52:54,lht65-20,52.2507,5.97306,2.987,16.76,82.3,8837
2026-06-05 10:03:01,lht65-20,52.2507,5.97306,2.987,16.04,84.7,5006
2026-06-05 10:12:54,lht65-20,52.2507,5.97306,2.987,15.65,86.1,6835
2026-06-05 10:23:09,lht65-20,52.2507,5.97306,2.987,15.67,88.3,4479
2026-06-05 10:33:08,lht65-20,52.2507,5.97306,2.987,15.38,88.5,8230
2026-06-05 10:43:08,lht65-20,52.2507,5.97306,2.985,15.82,88.0,17184
2026-06-05 10:53:02,lht65-20,52.2507,5.97306,2.987,17.08,84.2,48740
2026-06-05 11:02:54,lht65-20,52.2507,5.97306,2.989,17.59,78.5,9594
2026-06-05 11:13:01,lht65-20,52.2507,5.97306,2.987,16.94,81.8,12696
2026-06-05 11:23:01,lht65-20,52.2507,5.97306,2.989,17.42,78.2,10122
2026-06-05 11:32:54,lht65-20,52.2507,5.97306,2.987,16.72,83.4,7619
2026-06-05 11:52:54,lht65-20,52.2507,5.97306,2.987,16.47,84.8,11845
2026-06-05 12:12:54,lht65-20,52.2507,5.97306,2.987,17.97,78.8,43427
2026-06-05 12:32:54,lht65-20,52.2507,5.97306,2.989,18.53,74.9,42985
2026-06-05 12:53:01,lht65-20,52.2507,5.97306,2.989,20.13,70.0,13211
2026-06-05 13:12:54,lht65-20,52.2507,5.97306,2.989,19.99,66.1,13024
2026-06-05 13:22:54,lht65-20,52.2507,5.97306,2.989,18.98,68.3,11470
2026-06-05 13:52:54,lht65-20,52.2507,5.97306,2.992,21.42,54.6,21223
2026-06-05 14:32:54,lht65-20,52.2507,5.97306,2.992,19.81,60.2,6964
2026-06-05 14:42:54,lht65-20,52.2507,5.97306,2.991,19.42,59.0,8225
2026-06-05 14:53:01,lht65-20,52.2507,5.97306,2.991,18.32,66.9,4987
2026-06-05 15:12:54,lht65-20,52.2507,5.97306,2.989,17.21,71.6,15741
2026-06-05 15:23:01,lht65-20,52.2507,5.97306,2.991,17.42,71.1,9988
2026-06-05 15:32:54,lht65-20,52.2507,5.97306,2.989,17.12,73.5,8596
2026-06-05 15:42:54,lht65-20,52.2507,5.97306,2.989,17.11,75.1,8199
2026-06-05 16:13:01,lht65-20,52.2507,5.97306,2.989,16.22,76.3,3136
2026-06-05 16:22:54,lht65-20,52.2507,5.97306,2.989,15.92,80.0,2634
2026-06-05 16:32:54,lht65-20,52.2507,5.97306,2.989,15.58,81.6,2780
2026-06-05 16:43:01,lht65-20,52.2507,5.97306,2.989,15.67,82.7,4801
2026-06-05 16:53:01,lht65-20,52.2507,5.97306,2.989,15.94,80.9,3049
2026-06-05 17:12:54,lht65-20,52.2507,5.97306,2.989,15.92,82.3,2136
2026-06-05 17:22:54,lht65-20,52.2507,5.97306,2.989,15.8,83.6,1588
2026-06-05 17:52:54,lht65-20,52.2507,5.97306,2.989,15.1,87.3,425
2026-06-05 18:13:01,lht65-20,52.2507,5.97306,2.987,14.54,89.1,478
2026-06-05 18:33:01,lht65-20,52.2507,5.97306,2.985,14.26,90.0,527
2026-06-05 18:43:01,lht65-20,52.2507,5.97306,2.987,14.18,91.6,646
2026-06-05 18:52:54,lht65-20,52.2507,5.97306,2.987,14.09,91.8,601
2026-06-05 19:02:54,lht65-20,52.2507,5.97306,2.985,14.05,93.0,405
2026-06-05 19:12:54,lht65-20,52.2507,5.97306,2.985,14.02,93.7,255
2026-06-05 19:22:54,lht65-20,52.2507,5.97306,2.987,13.98,94.2,238
2026-06-05 19:33:01,lht65-20,52.2507,5.97306,2.985,13.97,94.5,166
2026-06-05 19:42:54,lht65-20,52.2507,5.97306,2.987,13.9,94.8,120
2026-06-05 19:52:54,lht65-20,52.2507,5.97306,2.985,13.76,95.0,75
2026-06-05 20:03:01,lht65-20,52.2507,5.97306,2.985,13.71,95.4,31
2026-06-05 20:13:01,lht65-20,52.2507,5.97306,2.985,13.69,95.6,10
2026-06-05 20:43:02,lht65-20,52.2507,5.97306,2.985,13.61,96.3,0
2026-06-05 21:13:02,lht65-20,52.2507,5.97306,2.983,13.25,96.7,0
2026-06-05 21:23:02,lht65-20,52.2507,5.97306,2.983,13.22,96.8,0
2026-06-05 21:33:02,lht65-20,52.2507,5.97306,2.983,13.31,97.0,0
2026-06-05 21:43:02,lht65-20,52.2507,5.97306,2.983,13.39,97.2,0
2026-06-05 21:52:55,lht65-20,52.2507,5.97306,2.983,13.39,97.3,0
2026-06-05 22:13:02,lht65-20,52.2507,5.97306,2.983,13.41,97.6,0
2026-06-05 22:22:55,lht65-20,52.2507,5.97306,2.983,13.52,97.7,0
2026-06-05 22:33:02,lht65-20,52.2507,5.97306,2.983,13.52,97.7,0
2026-06-05 22:42:55,lht65-20,52.2507,5.97306,2.983,13.52,97.8,0
2026-06-05 22:53:02,lht65-20,52.2507,5.97306,2.983,13.47,97.9,0
2026-06-05 23:02:55,lht65-20,52.2507,5.97306,2.983,13.42,97.9,0
2026-06-05 23:13:02,lht65-20,52.2507,5.97306,2.983,13.36,98.0,0
2026-06-05 23:22:55,lht65-20,52.2507,5.97306,2.983,13.31,98.0,0
2026-06-05 23:32:55,lht65-20,52.2507,5.97306,2.983,13.14,98.1,0
2026-06-05 23:42:55,lht65-20,52.2507,5.97306,2.983,13.09,98.1,0
2026-06-05 23:53:02,lht65-20,52.2507,5.97306,2.983,13.11,98.1,0
2026-06-06 00:02:55,lht65-20,52.2507,5.97306,2.983,12.85,98.1,0
2026-06-06 00:12:55,lht65-20,52.2507,5.97306,2.983,12.95,98.2,0
2026-06-06 00:22:55,lht65-20,52.2507,5.97306,2.983,12.98,98.2,0
2026-06-06 00:33:02,lht65-20,52.2507,5.97306,2.983,12.99,98.3,0
2026-06-06 00:42:55,lht65-20,52.2507,5.97306,2.983,12.89,98.3,0
2026-06-06 00:52:55,lht65-20,52.2507,5.97306,2.983,12.5,98.3,0
2026-06-06 01:02:55,lht65-20,52.2507,5.97306,2.982,12.27,98.4,0
2026-06-06 01:13:02,lht65-20,52.2507,5.97306,2.983,12.18,98.4,0
2026-06-06 01:23:02,lht65-20,52.2507,5.97306,2.983,11.81,98.4,0
2026-06-06 01:33:02,lht65-20,52.2507,5.97306,2.98,11.44,98.4,0
2026-06-06 01:42:55,lht65-20,52.2507,5.97306,2.98,11.18,98.3,0
2026-06-06 01:52:55,lht65-20,52.2507,5.97306,2.98,11.18,98.4,0
2026-06-06 02:12:55,lht65-20,52.2507,5.97306,2.978,10.2,98.3,0
2026-06-06 02:22:55,lht65-20,52.2507,5.97306,2.976,9.91,98.2,0
2026-06-06 02:32:55,lht65-20,52.2507,5.97306,2.976,9.9,98.2,1
2026-06-06 02:43:02,lht65-20,52.2507,5.97306,2.976,9.72,98.2,7
2026-06-06 02:52:55,lht65-20,52.2507,5.97306,2.976,9.72,98.2,22
2026-06-06 03:03:09,lht65-20,52.2507,5.97306,2.976,9.34,98.3,62
2026-06-06 03:13:02,lht65-20,52.2507,5.97306,2.976,9.16,98.3,166
2026-06-06 03:23:02,lht65-20,52.2507,5.97306,2.975,9.37,98.3,314
2026-06-06 03:32:55,lht65-20,52.2507,5.97306,2.976,9.74,98.4,607
2026-06-06 03:43:02,lht65-20,52.2507,5.97306,2.976,10.01,98.4,1106
2026-06-06 03:52:55,lht65-20,52.2507,5.97306,2.975,10.19,98.5,1675
2026-06-06 04:02:55,lht65-20,52.2507,5.97306,2.976,10.4,98.6,2345
2026-06-06 04:12:55,lht65-20,52.2507,5.97306,2.976,11.35,98.7,4800
2026-06-06 04:23:02,lht65-20,52.2507,5.97306,2.978,11.94,98.8,6484
2026-06-06 04:32:55,lht65-20,52.2507,5.97306,2.978,12.23,98.7,3947
2026-06-06 04:52:55,lht65-20,52.2507,5.97306,2.98,12.34,98.5,4714
2026-06-06 05:02:55,lht65-20,52.2507,5.97306,2.98,12.45,98.3,4198
2026-06-06 05:12:55,lht65-20,52.2507,5.97306,2.98,12.6,97.9,4922
2026-06-06 05:42:55,lht65-20,52.2507,5.97306,2.98,13.25,95.1,6062
2026-06-06 05:52:55,lht65-20,52.2507,5.97306,2.983,13.61,93.5,12944
2026-06-06 06:02:55,lht65-20,52.2507,5.97306,2.983,14.27,91.1,11771
2026-06-06 06:12:55,lht65-20,52.2507,5.97306,2.983,14.47,88.9,9513
2026-06-06 07:02:55,lht65-20,52.2507,5.97306,2.985,16.44,81.1,20395
2026-06-06 07:12:55,lht65-20,52.2507,5.97306,2.987,17.15,78.0,23110
2026-06-06 07:23:02,lht65-20,52.2507,5.97306,2.987,17.41,75.5,19722
2026-06-06 07:42:55,lht65-20,52.2507,5.97306,2.987,17.41,74.0,17629
2026-06-06 07:52:55,lht65-20,52.2507,5.97306,2.987,17.59,73.7,18248
2026-06-06 08:03:09,lht65-20,52.2507,5.97306,2.987,17.72,70.2,19790
2026-06-06 08:12:55,lht65-20,52.2507,5.97306,2.987,17.9,69.9,20300
2026-06-06 08:33:02,lht65-20,52.2507,5.97306,2.989,18.09,69.4,18502
2026-06-06 08:43:02,lht65-20,52.2507,5.97306,2.987,18.06,65.5,20113
2026-06-06 08:52:55,lht65-20,52.2507,5.97306,2.987,18.54,68.2,23537
2026-06-06 09:02:55,lht65-20,52.2507,5.97306,2.987,19.05,62.9,21945
2026-06-06 09:12:55,lht65-20,52.2507,5.97306,2.989,18.93,62.4,23419
2026-06-06 09:22:55,lht65-20,52.2507,5.97306,2.989,19.17,63.8,20659
2026-06-06 09:32:55,lht65-20,52.2507,5.97306,2.989,18.96,61.1,22730
2026-06-06 09:43:02,lht65-20,52.2507,5.97306,2.987,19.61,60.7,36189
2026-06-06 09:52:55,lht65-20,52.2507,5.97306,2.989,20.07,57.9,34091
2026-06-06 10:02:55,lht65-20,52.2507,5.97306,2.989,20.07,56.9,41161
2026-06-06 10:12:55,lht65-20,52.2507,5.97306,2.989,20.2,57.0,28375
2026-06-06 10:22:55,lht65-20,52.2507,5.97306,2.989,19.96,56.1,32507
2026-06-06 10:42:55,lht65-20,52.2507,5.97306,2.989,20.48,54.8,39922
2026-06-06 10:52:55,lht65-20,52.2507,5.97306,2.991,20.96,56.0,48460
2026-06-06 11:03:02,lht65-20,52.2507,5.97306,2.992,20.96,52.5,49265
2026-06-06 11:12:55,lht65-20,52.2507,5.97306,2.991,21.51,49.1,18040
2026-06-06 11:32:55,lht65-20,52.2507,5.97306,2.992,20.67,48.4,22370
2026-06-06 11:43:02,lht65-20,52.2507,5.97306,2.991,20.86,48.1,20000
2026-06-06 12:02:55,lht65-20,52.2507,5.97306,2.989,20.62,55.6,17813
2026-06-06 12:12:55,lht65-20,52.2507,5.97306,2.991,20.99,48.3,20209
2026-06-06 12:23:02,lht65-20,52.2507,5.97306,2.992,20.92,52.5,19414
2026-06-06 12:33:02,lht65-20,52.2507,5.97306,2.992,21.3,47.1,17056
2026-06-06 12:42:55,lht65-20,52.2507,5.97306,2.992,20.76,49.1,24069
2026-06-06 12:53:02,lht65-20,52.2507,5.97306,2.994,21.84,49.3,36574
2026-06-06 13:03:02,lht65-20,52.2507,5.97306,2.994,21.42,48.9,18826
2026-06-06 13:12:55,lht65-20,52.2507,5.97306,2.992,21.14,53.2,15360
2026-06-06 13:22:55,lht65-20,52.2507,5.97306,2.992,20.76,51.5,9428
2026-06-06 13:32:55,lht65-20,52.2507,5.97306,2.992,20.47,52.2,12921
2026-06-06 13:43:02,lht65-20,52.2507,5.97306,2.992,20.2,52.7,8770
2026-06-06 13:52:55,lht65-20,52.2507,5.97306,2.994,20.4,51.2,22381
2026-06-06 14:02:55,lht65-20,52.2507,5.97306,2.992,20.71,52.9,12027
2026-06-06 14:12:55,lht65-20,52.2507,5.97306,2.994,20.46,50.9,13864
2026-06-06 14:23:02,lht65-20,52.2507,5.97306,2.994,20.73,54.3,16615
2026-06-06 14:32:55,lht65-20,52.2507,5.97306,2.991,20.56,56.4,17575
2026-06-06 14:53:02,lht65-20,52.2507,5.97306,2.994,20.44,53.6,8706
2026-06-06 15:13:02,lht65-20,52.2507,5.97306,2.994,20.17,62.9,16954
2026-06-06 15:22:55,lht65-20,52.2507,5.97306,2.992,20.27,61.3,14107
2026-06-06 15:32:55,lht65-20,52.2507,5.97306,2.994,19.96,60.3,6633
2026-06-06 15:43:02,lht65-20,52.2507,5.97306,2.994,19.18,63.6,1695
2026-06-06 15:52:55,lht65-20,52.2507,5.97306,2.991,18.54,67.0,3598
2026-06-06 16:02:55,lht65-20,52.2507,5.97306,2.992,18.32,68.7,6673
2026-06-06 16:13:09,lht65-20,52.2507,5.97306,2.992,18.54,67.8,5560
2026-06-06 16:22:55,lht65-20,52.2507,5.97306,2.992,18.32,68.6,2233
2026-06-06 16:33:02,lht65-20,52.2507,5.97306,2.992,18.13,72.5,4049
2026-06-06 16:43:02,lht65-20,52.2507,5.97306,2.991,18.12,71.8,4253
2026-06-06 16:53:02,lht65-20,52.2507,5.97306,2.992,18.5,57.6,4675
2026-06-06 17:02:55,lht65-20,52.2507,5.97306,2.991,18.03,63.6,6474
2026-06-06 17:12:55,lht65-20,52.2507,5.97306,2.989,17.62,68.7,13381
2026-06-06 17:22:55,lht65-20,52.2507,5.97306,2.989,17.38,69.8,5195
2026-06-06 17:33:02,lht65-20,52.2507,5.97306,2.991,17.35,71.5,20985
2026-06-06 17:43:02,lht65-20,52.2507,5.97306,2.989,17.33,69.2,15936
2026-06-06 18:02:55,lht65-20,52.2507,5.97306,2.989,16.95,70.4,4035
2026-06-06 18:23:02,lht65-20,52.2507,5.97306,2.989,17.09,70.1,3872
2026-06-06 18:33:02,lht65-20,52.2507,5.97306,2.989,16.91,70.4,2976
2026-06-06 18:53:02,lht65-20,52.2507,5.97306,2.989,16.85,70.9,771
2026-06-06 19:03:02,lht65-20,52.2507,5.97306,2.989,16.79,71.2,665
2026-06-06 19:13:02,lht65-20,52.2507,5.97306,2.991,16.78,71.1,380
2026-06-06 19:22:55,lht65-20,52.2507,5.97306,2.989,16.67,72.8,175
2026-06-06 19:32:55,lht65-20,52.2507,5.97306,2.989,16.47,75.6,106
2026-06-06 19:42:55,lht65-20,52.2507,5.97306,2.989,15.65,82.9,40
2026-06-06 19:53:09,lht65-20,52.2507,5.97306,2.987,15.07,86.6,34
2026-06-06 20:02:55,lht65-20,52.2507,5.97306,2.987,14.71,88.5,16
2026-06-06 20:13:02,lht65-20,52.2507,5.97306,2.987,14.54,89.2,6
2026-06-06 20:23:02,lht65-20,52.2507,5.97306,2.987,14.46,88.4,2
2026-06-06 20:32:55,lht65-20,52.2507,5.97306,2.987,14.39,88.1,0
2026-06-06 20:42:55,lht65-20,52.2507,5.97306,2.987,14.27,87.8,0
2026-06-06 20:53:02,lht65-20,52.2507,5.97306,2.987,14.22,87.0,0
2026-06-06 21:02:55,lht65-20,52.2507,5.97306,2.985,14.22,86.6,0
2026-06-06 21:22:55,lht65-20,52.2507,5.97306,2.987,14.25,87.4,0
2026-06-06 21:33:02,lht65-20,52.2507,5.97306,2.987,14.3,88.0,0
2026-06-06 21:42:55,lht65-20,52.2507,5.97306,2.987,14.29,88.5,0
2026-06-06 21:52:55,lht65-20,52.2507,5.97306,2.987,14.29,88.4,0
2026-06-06 22:13:02,lht65-20,52.2507,5.97306,2.985,14.25,87.4,0
2026-06-06 22:22:55,lht65-20,52.2507,5.97306,2.987,14.13,87.4,0
2026-06-06 22:32:55,lht65-20,52.2507,5.97306,2.987,14.02,87.6,0
2026-06-06 22:43:02,lht65-20,52.2507,5.97306,2.987,14.01,87.5,0
2026-06-06 22:52:55,lht65-20,52.2507,5.97306,2.985,13.91,87.4,0
2026-06-06 23:12:55,lht65-20,52.2507,5.97306,2.985,13.86,85.5,0
2026-06-06 23:22:55,lht65-20,52.2507,5.97306,2.985,13.84,85.7,0
2026-06-06 23:33:02,lht65-20,52.2507,5.97306,2.985,13.8,87.2,0
2026-06-06 23:42:55,lht65-20,52.2507,5.97306,2.983,13.57,88.8,0
2026-06-06 23:53:02,lht65-20,52.2507,5.97306,2.985,13.39,90.4,0
2026-06-07 00:03:02,lht65-20,52.2507,5.97306,2.983,13.28,90.8,0
2026-06-07 00:12:55,lht65-20,52.2507,5.97306,2.983,13.32,89.7,0
2026-06-07 00:22:55,lht65-20,52.2507,5.97306,2.983,13.27,89.5,0
2026-06-07 00:32:55,lht65-20,52.2507,5.97306,2.983,13.11,91.0,0
2026-06-07 00:43:02,lht65-20,52.2507,5.97306,2.983,12.87,92.3,0
2026-06-07 00:53:09,lht65-20,52.2507,5.97306,2.983,12.81,91.7,0
2026-06-07 01:02:55,lht65-20,52.2507,5.97306,2.983,12.79,91.7,0
2026-06-07 01:13:02,lht65-20,52.2507,5.97306,2.983,12.82,91.3,0
2026-06-07 01:22:55,lht65-20,52.2507,5.97306,2.983,12.84,90.4,0
2026-06-07 01:33:02,lht65-20,52.2507,5.97306,2.983,12.83,89.9,0
2026-06-07 01:43:02,lht65-20,52.2507,5.97306,2.983,12.83,89.4,0
2026-06-07 01:52:55,lht65-20,52.2507,5.97306,2.983,12.87,88.8,0
2026-06-07 02:02:55,lht65-20,52.2507,5.97306,2.983,12.91,88.4,0
2026-06-07 02:13:02,lht65-20,52.2507,5.97306,2.983,12.97,88.0,0
2026-06-07 02:22:55,lht65-20,52.2507,5.97306,2.983,12.86,88.8,0
2026-06-07 02:42:55,lht65-20,52.2507,5.97306,2.983,12.68,90.2,2
2026-06-07 03:02:55,lht65-20,52.2507,5.97306,2.983,12.42,92.3,20
2026-06-07 03:32:55,lht65-20,52.2507,5.97306,2.98,12.23,94.3,88
2026-06-07 04:52:55,lht65-20,52.2507,5.97306,2.98,12.44,96.0,1551
2026-06-07 05:02:55,lht65-20,52.2507,5.97306,2.98,12.5,96.1,1229
2026-06-07 06:12:55,lht65-20,52.2507,5.97306,2.983,12.82,96.5,1691
2026-06-07 06:42:55,lht65-20,52.2507,5.97306,2.983,12.97,96.6,2397
2026-06-07 07:32:55,lht65-20,52.2507,5.97306,2.983,13.12,96.8,5841
2026-06-07 07:42:55,lht65-20,52.2507,5.97306,2.983,13.3,96.7,6099
2026-06-07 07:53:02,lht65-20,52.2507,5.97306,2.983,13.47,96.4,5663
2026-06-07 08:33:09,lht65-20,52.2507,5.97306,2.983,14.16,95.0,19470
2026-06-07 08:42:55,lht65-20,52.2507,5.97306,2.983,14.35,94.0,11346
2026-06-07 08:53:02,lht65-20,52.2507,5.97306,2.983,14.26,93.2,7687
2026-06-07 09:03:02,lht65-20,52.2507,5.97306,2.983,14.11,93.3,7253
2026-06-07 09:33:02,lht65-20,52.2507,5.97306,2.983,14.22,93.1,6519
2026-06-07 09:43:09,lht65-20,52.2507,5.97306,2.983,14.02,93.5,8010
2026-06-07 10:03:09,lht65-20,52.2507,5.97306,2.983,14.24,93.5,11505
2026-06-07 10:13:02,lht65-20,52.2507,5.97306,2.983,14.49,92.6,16385
2026-06-07 10:23:09,lht65-20,52.2507,5.97306,2.983,14.76,91.0,16906
2026-06-07 10:33:02,lht65-20,52.2507,5.97306,2.983,15.74,88.1,35537
2026-06-07 10:52:55,lht65-20,52.2507,5.97306,2.983,16.19,86.3,21290
2026-06-07 11:03:09,lht65-20,52.2507,5.97306,2.985,16.5,86.0,22202
2026-06-07 11:13:09,lht65-20,52.2507,5.97306,2.985,16.23,83.5,7346
2026-06-07 11:22:55,lht65-20,52.2507,5.97306,2.985,15.63,85.5,17194
2026-06-07 11:43:02,lht65-20,52.2507,5.97306,2.985,16.74,82.5,14031
2026-06-07 11:52:55,lht65-20,52.2507,5.97306,2.987,16.36,82.3,6128
2026-06-07 12:12:55,lht65-20,52.2507,5.97306,2.987,17.28,80.7,26647
2026-06-07 12:22:55,lht65-20,52.2507,5.97306,2.987,17.87,75.6,18790
2026-06-07 12:33:09,lht65-20,52.2507,5.97306,2.987,17.48,77.8,17045
2026-06-07 12:42:55,lht65-20,52.2507,5.97306,2.987,17.69,74.0,9837
2026-06-07 12:53:02,lht65-20,52.2507,5.97306,2.987,17.26,78.2,10526
2026-06-07 13:03:02,lht65-20,52.2507,5.97306,2.987,17.5,76.4,17590
2026-06-07 13:33:02,lht65-20,52.2507,5.97306,2.987,19.08,67.8,38502
2026-06-07 13:43:09,lht65-20,52.2507,5.97306,2.989,19.98,66.7,17005
2026-06-07 13:53:09,lht65-20,52.2507,5.97306,2.987,19.03,63.5,12638
2026-06-07 14:02:55,lht65-20,52.2507,5.97306,2.987,19.1,64.6,31936
2026-06-07 14:12:55,lht65-20,52.2507,5.97306,2.989,19.13,63.9,16701
2026-06-07 14:23:02,lht65-20,52.2507,5.97306,2.987,19.29,61.0,23377
2026-06-07 14:33:02,lht65-20,52.2507,5.97306,2.987,19.77,60.2,36467
2026-06-07 14:43:02,lht65-20,52.2507,5.97306,2.987,19.73,58.6,14552
2026-06-07 14:52:55,lht65-20,52.2507,5.97306,2.987,19.57,58.1,13270
2026-06-07 15:02:55,lht65-20,52.2507,5.97306,2.989,19.46,63.5,28800
2026-06-07 15:13:09,lht65-20,52.2507,5.97306,2.989,19.63,58.8,20173
2026-06-07 15:23:02,lht65-20,52.2507,5.97306,2.987,18.91,57.9,15038
2026-06-07 15:42:55,lht65-20,52.2507,5.97306,2.989,19.19,62.1,33193
2026-06-07 15:53:02,lht65-20,52.2507,5.97306,2.989,19.99,56.5,32373
2026-06-07 16:13:02,lht65-20,52.2507,5.97306,2.989,19.37,57.5,29665
2026-06-07 16:33:02,lht65-20,52.2507,5.97306,2.989,18.74,61.7,7785
2026-06-07 16:53:02,lht65-20,52.2507,5.97306,2.987,18.46,63.8,6853
2026-06-07 17:02:55,lht65-20,52.2507,5.97306,2.989,18.49,64.6,8711
2026-06-07 17:13:02,lht65-20,52.2507,5.97306,2.989,18.45,62.6,7715
2026-06-07 17:22:55,lht65-20,52.2507,5.97306,2.989,18.17,65.9,4880
2026-06-07 17:33:02,lht65-20,52.2507,5.97306,2.987,18.01,67.4,4651
2026-06-07 17:42:55,lht65-20,52.2507,5.97306,2.989,17.94,66.3,3900
2026-06-07 17:53:02,lht65-20,52.2507,5.97306,2.989,17.77,68.2,2592
2026-06-07 18:23:02,lht65-20,52.2507,5.97306,2.989,17.42,69.7,1313
2026-06-07 18:33:02,lht65-20,52.2507,5.97306,2.989,17.33,68.9,1230
2026-06-07 18:53:02,lht65-20,52.2507,5.97306,2.989,17.22,72.0,825
2026-06-07 19:02:55,lht65-20,52.2507,5.97306,2.987,17.14,72.0,546
2026-06-07 19:12:55,lht65-20,52.2507,5.97306,2.987,17.0,72.6,416
2026-06-07 19:22:55,lht65-20,52.2507,5.97306,2.987,17.02,71.7,328
2026-06-07 19:32:55,lht65-20,52.2507,5.97306,2.987,16.95,72.3,201
2026-06-07 19:53:02,lht65-20,52.2507,5.97306,2.989,16.8,72.0,77
2026-06-07 20:03:02,lht65-20,52.2507,5.97306,2.987,16.8,72.1,36
2026-06-07 20:23:02,lht65-20,52.2507,5.97306,2.987,16.62,73.6,4
2026-06-07 20:33:02,lht65-20,52.2507,5.97306,2.987,16.52,74.0,0
2026-06-07 20:43:02,lht65-20,52.2507,5.97306,2.989,16.49,74.8,0
2026-06-07 20:52:55,lht65-20,52.2507,5.97306,2.987,16.39,74.7,0
2026-06-07 21:03:02,lht65-20,52.2507,5.97306,2.987,16.34,75.2,0
2026-06-07 21:13:02,lht65-20,52.2507,5.97306,2.987,16.21,75.6,0
2026-06-07 21:23:02,lht65-20,52.2507,5.97306,2.987,16.07,76.4,0
2026-06-07 21:42:55,lht65-20,52.2507,5.97306,2.987,15.41,78.8,0
2026-06-07 21:53:02,lht65-20,52.2507,5.97306,2.987,15.1,79.9,0
2026-06-07 22:02:55,lht65-20,52.2507,5.97306,2.987,15.03,80.7,0
2026-06-07 22:13:02,lht65-20,52.2507,5.97306,2.987,15.14,80.9,0
2026-06-07 22:33:02,lht65-20,52.2507,5.97306,2.985,15.22,80.4,0
2026-06-07 22:43:02,lht65-20,52.2507,5.97306,2.985,15.28,82.3,0
2026-06-07 23:03:02,lht65-20,52.2507,5.97306,2.987,15.15,82.9,0
2026-06-07 23:13:02,lht65-20,52.2507,5.97306,2.987,15.18,81.5,0
2026-06-07 23:22:55,lht65-20,52.2507,5.97306,2.987,15.25,80.1,0
2026-06-07 23:32:55,lht65-20,52.2507,5.97306,2.987,15.18,79.7,0
2026-06-07 23:42:55,lht65-20,52.2507,5.97306,2.983,14.92,80.1,0
2026-06-07 23:53:02,lht65-20,52.2507,5.97306,2.985,14.66,80.3,0
2026-06-08 00:02:55,lht65-20,52.2507,5.97306,2.983,14.41,80.9,0
2026-06-08 00:13:02,lht65-20,52.2507,5.97306,2.983,13.84,82.8,0
2026-06-08 00:22:55,lht65-20,52.2507,5.97306,2.983,13.4,84.3,0
2026-06-08 00:33:02,lht65-20,52.2507,5.97306,2.983,13.09,86.3,0
2026-06-08 00:42:55,lht65-20,52.2507,5.97306,2.983,13.11,87.6,0
2026-06-08 00:52:55,lht65-20,52.2507,5.97306,2.983,12.87,88.4,0
2026-06-08 01:02:55,lht65-20,52.2507,5.97306,2.983,12.51,89.3,0
2026-06-08 01:13:02,lht65-20,52.2507,5.97306,2.983,12.27,90.6,0
2026-06-08 01:22:55,lht65-20,52.2507,5.97306,2.983,12.3,91.4,0
2026-06-08 01:53:02,lht65-20,52.2507,5.97306,2.983,12.37,91.9,0
2026-06-08 02:02:55,lht65-20,52.2507,5.97306,2.98,12.38,91.4,0
2026-06-08 02:12:55,lht65-20,52.2507,5.97306,2.983,12.32,91.5,0
2026-06-08 02:23:02,lht65-20,52.2507,5.97306,2.982,12.35,91.8,0
2026-06-08 02:42:55,lht65-20,52.2507,5.97306,2.98,12.43,91.1,5
2026-06-08 02:52:55,lht65-20,52.2507,5.97306,2.98,12.25,90.7,18
2026-06-08 03:02:55,lht65-20,52.2507,5.97306,2.98,11.95,91.4,53
2026-06-08 03:12:55,lht65-20,52.2507,5.97306,2.98,11.65,92.0,125
2026-06-08 03:22:55,lht65-20,52.2507,5.97306,2.98,11.39,92.8,280
2026-06-08 03:33:02,lht65-20,52.2507,5.97306,2.98,11.23,93.5,555
2026-06-08 03:43:02,lht65-20,52.2507,5.97306,2.98,11.19,94.0,964
2026-06-08 03:52:55,lht65-20,52.2507,5.97306,2.98,11.35,94.7,1445
2026-06-08 04:02:55,lht65-20,52.2507,5.97306,2.978,11.48,95.0,1976
2026-06-08 04:12:55,lht65-20,52.2507,5.97306,2.978,11.65,94.8,2838
2026-06-08 04:23:02,lht65-20,52.2507,5.97306,2.98,12.14,94.4,5012
2026-06-08 04:33:02,lht65-20,52.2507,5.97306,2.98,13.01,91.8,6103
2026-06-08 04:43:02,lht65-20,52.2507,5.97306,2.98,13.54,88.6,7600
2026-06-08 05:02:55,lht65-20,52.2507,5.97306,2.983,14.2,84.8,6955
2026-06-08 05:12:55,lht65-20,52.2507,5.97306,2.983,14.44,83.3,10756
2026-06-08 05:23:02,lht65-20,52.2507,5.97306,2.983,14.72,80.8,9171
2026-06-08 05:32:55,lht65-20,52.2507,5.97306,2.983,14.89,81.1,10070
2026-06-08 06:03:02,lht65-20,52.2507,5.97306,2.985,15.75,76.6,9321
2026-06-08 06:12:55,lht65-20,52.2507,5.97306,2.983,15.58,78.0,8422
2026-06-08 06:22:55,lht65-20,52.2507,5.97306,2.985,16.05,75.4,17889
2026-06-08 06:43:02,lht65-20,52.2507,5.97306,2.985,16.7,74.8,11106
2026-06-08 06:52:55,lht65-20,52.2507,5.97306,2.985,16.94,74.4,12281
2026-06-08 07:02:55,lht65-20,52.2507,5.97306,2.985,17.45,73.7,13414
2026-06-08 07:12:55,lht65-20,52.2507,5.97306,2.985,17.87,70.6,17815
2026-06-08 07:23:02,lht65-20,52.2507,5.97306,2.987,18.15,67.8,20846
2026-06-08 07:32:55,lht65-20,52.2507,5.97306,2.987,18.6,69.0,19077
2026-06-08 07:53:02,lht65-20,52.2507,5.97306,2.989,18.55,66.8,11363
2026-06-08 08:03:02,lht65-20,52.2507,5.97306,2.987,18.35,66.3,10729
2026-06-08 08:12:55,lht65-20,52.2507,5.97306,2.987,18.24,67.6,9950
2026-06-08 08:22:55,lht65-20,52.2507,5.97306,2.987,18.3,69.8,11130
2026-06-08 08:43:02,lht65-20,52.2507,5.97306,2.989,18.56,68.4,17222
2026-06-08 08:52:55,lht65-20,52.2507,5.97306,2.987,18.79,67.0,16158
2026-06-08 09:13:02,lht65-20,52.2507,5.97306,2.989,18.81,65.6,15500
2026-06-08 09:23:02,lht65-20,52.2507,5.97306,2.989,19.14,65.9,17570
2026-06-08 09:33:02,lht65-20,52.2507,5.97306,2.989,19.33,64.7,19040
2026-06-08 09:52:55,lht65-20,52.2507,5.97306,2.989,20.08,61.0,27117
2026-06-08 10:03:02,lht65-20,52.2507,5.97306,2.991,20.7,59.6,32292
2026-06-08 10:12:55,lht65-20,52.2507,5.97306,2.991,20.86,60.2,31080
2026-06-08 10:22:55,lht65-20,52.2507,5.97306,2.989,21.4,55.0,30725
2026-06-08 10:43:02,lht65-20,52.2507,5.97306,2.992,21.12,60.1,23045
2026-06-08 10:52:55,lht65-20,52.2507,5.97306,2.991,20.83,59.1,19970
2026-06-08 11:12:55,lht65-20,52.2507,5.97306,2.991,21.28,58.4,24085
2026-06-08 11:23:02,lht65-20,52.2507,5.97306,2.989,21.46,59.2,24210
2026-06-08 11:42:55,lht65-20,52.2507,5.97306,2.991,21.51,56.6,19366
2026-06-08 11:52:55,lht65-20,52.2507,5.97306,2.991,21.1,59.8,20048
2026-06-08 12:02:55,lht65-20,52.2507,5.97306,2.991,21.17,59.2,22995
2026-06-08 12:52:55,lht65-20,52.2507,5.97306,2.992,21.39,59.4,19040
2026-06-08 13:02:55,lht65-20,52.2507,5.97306,2.992,21.31,56.6,14564
2026-06-08 13:12:55,lht65-20,52.2507,5.97306,2.994,21.2,59.3,14347
2026-06-08 13:23:02,lht65-20,52.2507,5.97306,2.992,21.46,56.1,17103
2026-06-08 13:33:02,lht65-20,52.2507,5.97306,2.994,21.72,56.4,24990
2026-06-08 13:43:02,lht65-20,52.2507,5.97306,2.994,22.17,55.1,21393
2026-06-08 13:52:55,lht65-20,52.2507,5.97306,2.994,22.0,54.1,20799
2026-06-08 14:03:02,lht65-20,52.2507,5.97306,2.994,22.78,56.2,34701
2026-06-08 14:12:55,lht65-20,52.2507,5.97306,2.994,22.72,55.2,15267
2026-06-08 14:23:02,lht65-20,52.2507,5.97306,2.994,22.46,56.1,25481
2026-06-08 14:43:02,lht65-20,52.2507,5.97306,2.996,23.2,51.3,35726
2026-06-08 14:52:55,lht65-20,52.2507,5.97306,2.994,22.67,54.8,11242
2026-06-08 15:02:55,lht65-20,52.2507,5.97306,2.994,22.01,54.8,7618
2026-06-08 15:23:02,lht65-20,52.2507,5.97306,2.994,21.46,54.7,7784
2026-06-08 15:32:55,lht65-20,52.2507,5.97306,2.994,21.39,55.2,5954
2026-06-08 15:43:02,lht65-20,52.2507,5.97306,2.994,21.21,54.6,5882
2026-06-08 16:03:02,lht65-20,52.2507,5.97306,2.994,20.99,55.9,2472
2026-06-08 16:13:02,lht65-20,52.2507,5.97306,2.994,20.93,57.5,2392
2026-06-08 16:22:55,lht65-20,52.2507,5.97306,2.994,20.66,60.0,2926
2026-06-08 16:32:55,lht65-20,52.2507,5.97306,2.994,20.77,60.2,5224
2026-06-08 16:43:02,lht65-20,52.2507,5.97306,2.994,20.79,59.7,4219
2026-06-08 16:53:02,lht65-20,52.2507,5.97306,2.994,20.56,59.3,2940
2026-06-08 17:03:02,lht65-20,52.2507,5.97306,2.994,20.47,60.7,3295
2026-06-08 17:23:02,lht65-20,52.2507,5.97306,2.994,20.41,59.6,2314
2026-06-08 17:33:02,lht65-20,52.2507,5.97306,2.994,20.25,59.6,1790
2026-06-08 17:42:55,lht65-20,52.2507,5.97306,2.994,20.07,62.0,2082
2026-06-08 17:52:55,lht65-20,52.2507,5.97306,2.994,19.81,63.6,646
2026-06-08 18:03:02,lht65-20,52.2507,5.97306,2.994,19.66,63.3,266
2026-06-08 18:13:02,lht65-20,52.2507,5.97306,2.994,16.91,79.0,90
2026-06-08 18:23:02,lht65-20,52.2507,5.97306,2.991,14.49,87.5,100
2026-06-08 20:03:02,lht65-20,52.2507,5.97306,2.987,12.86,96.1,7
2026-06-08 20:43:02,lht65-20,52.2507,5.97306,2.987,13.02,96.3,0
2026-06-08 20:53:02,lht65-20,52.2507,5.97306,2.987,13.04,96.4,0
2026-06-08 21:03:02,lht65-20,52.2507,5.97306,2.987,13.01,96.5,0
2026-06-08 21:33:02,lht65-20,52.2507,5.97306,2.985,12.8,96.2,0
2026-06-08 21:43:02,lht65-20,52.2507,5.97306,2.985,12.73,96.2,0
2026-06-08 21:53:02,lht65-20,52.2507,5.97306,2.985,12.66,96.3,0
2026-06-08 22:03:02,lht65-20,52.2507,5.97306,2.987,12.53,96.4,0
2026-06-08 22:13:02,lht65-20,52.2507,5.97306,2.983,12.44,96.6,0
2026-06-08 22:32:55,lht65-20,52.2507,5.97306,2.985,12.44,96.7,0
2026-06-08 22:43:02,lht65-20,52.2507,5.97306,2.985,12.4,96.7,0
2026-06-08 22:53:02,lht65-20,52.2507,5.97306,2.983,12.42,96.9,0
2026-06-08 23:03:02,lht65-20,52.2507,5.97306,2.983,12.41,97.0,0
2026-06-08 23:12:55,lht65-20,52.2507,5.97306,2.983,12.45,97.1,0
2026-06-08 23:23:02,lht65-20,52.2507,5.97306,2.985,12.45,97.2,0
2026-06-08 23:33:02,lht65-20,52.2507,5.97306,2.983,12.54,97.3,0
2026-06-08 23:53:02,lht65-20,52.2507,5.97306,2.983,12.65,97.0,0
2026-06-09 00:03:02,lht65-20,52.2507,5.97306,2.983,12.66,96.7,0
2026-06-09 00:23:02,lht65-20,52.2507,5.97306,2.983,12.57,96.0,0
2026-06-09 00:32:55,lht65-20,52.2507,5.97306,2.983,12.59,96.3,0
2026-06-09 00:42:55,lht65-20,52.2507,5.97306,2.983,12.67,96.3,0
2026-06-09 00:53:02,lht65-20,52.2507,5.97306,2.983,12.7,96.2,0
2026-06-09 01:02:55,lht65-20,52.2507,5.97306,2.983,12.74,95.9,0
2026-06-09 01:12:55,lht65-20,52.2507,5.97306,2.983,12.78,95.3,0
2026-06-09 01:23:02,lht65-20,52.2507,5.97306,2.983,12.77,94.7,0
2026-06-09 01:32:55,lht65-20,52.2507,5.97306,2.983,12.64,95.1,0
2026-06-09 02:03:02,lht65-20,52.2507,5.97306,2.983,12.4,95.8,0
2026-06-09 02:12:55,lht65-20,52.2507,5.97306,2.983,12.38,96.1,0
2026-06-09 02:22:55,lht65-20,52.2507,5.97306,2.983,12.36,96.3,0
2026-06-09 02:33:02,lht65-20,52.2507,5.97306,2.983,12.32,96.3,1
2026-06-09 02:43:02,lht65-20,52.2507,5.97306,2.983,12.26,96.3,5
2026-06-09 02:53:02,lht65-20,52.2507,5.97306,2.983,12.17,96.3,17
2026-06-09 03:12:55,lht65-20,52.2507,5.97306,2.983,12.06,95.7,134
2026-06-09 03:23:02,lht65-20,52.2507,5.97306,2.983,11.95,95.7,257
2026-06-09 03:43:02,lht65-20,52.2507,5.97306,2.983,11.94,95.9,751
2026-06-09 04:03:02,lht65-20,52.2507,5.97306,2.98,11.81,95.9,1514
2026-06-09 04:22:55,lht65-20,52.2507,5.97306,2.98,12.56,95.0,6605
2026-06-09 04:53:02,lht65-20,52.2507,5.97306,2.983,13.43,90.6,10790
2026-06-09 05:02:55,lht65-20,52.2507,5.97306,2.983,13.69,89.8,12229
2026-06-09 05:23:02,lht65-20,52.2507,5.97306,2.983,14.61,87.6,19076
2026-06-09 05:42:55,lht65-20,52.2507,5.97306,2.983,12.76,88.7,3211
2026-06-09 06:12:55,lht65-20,52.2507,5.97306,2.983,11.85,90.5,7085
2026-06-09 06:22:55,lht65-20,52.2507,5.97306,2.98,12.14,89.8,11040
2026-06-09 06:33:02,lht65-20,52.2507,5.97306,2.983,12.2,89.3,6240
2026-06-09 06:42:55,lht65-20,52.2507,5.97306,2.98,12.27,89.2,8643
2026-06-09 06:53:02,lht65-20,52.2507,5.97306,2.982,12.97,87.1,25174
2026-06-09 07:02:55,lht65-20,52.2507,5.97306,2.983,13.26,86.5,17586
2026-06-09 07:12:55,lht65-20,52.2507,5.97306,2.983,13.96,83.1,26000
2026-06-09 07:33:02,lht65-20,52.2507,5.97306,2.985,14.95,81.7,24525
2026-06-09 07:42:55,lht65-20,52.2507,5.97306,2.983,15.14,81.6,29916
2026-06-09 07:52:55,lht65-20,52.2507,5.97306,2.983,15.53,80.4,31912
2026-06-09 08:13:02,lht65-20,52.2507,5.97306,2.987,16.17,70.9,32089
2026-06-09 09:03:02,lht65-20,52.2507,5.97306,2.987,16.72,66.7,37630
2026-06-09 09:12:55,lht65-20,52.2507,5.97306,2.987,17.43,61.9,38692
2026-06-09 09:43:02,lht65-20,52.2507,5.97306,2.987,16.59,58.9,7929
2026-06-09 09:52:55,lht65-20,52.2507,5.97306,2.987,16.11,62.3,10834
2026-06-09 10:13:02,lht65-20,52.2507,5.97306,2.983,14.25,75.6,10696
2026-06-09 10:43:02,lht65-20,52.2507,5.97306,2.987,17.2,66.0,37559
2026-06-09 10:53:02,lht65-20,52.2507,5.97306,2.989,18.0,63.3,42175
2026-06-09 11:42:55,lht65-20,52.2507,5.97306,2.987,17.52,53.5,14655
2026-06-09 11:53:02,lht65-20,52.2507,5.97306,2.987,16.8,56.0,12251
2026-06-09 12:02:55,lht65-20,52.2507,5.97306,2.987,16.47,55.9,13055
2026-06-09 12:13:02,lht65-20,52.2507,5.97306,2.989,16.96,57.9,46327
2026-06-09 12:42:55,lht65-20,52.2507,5.97306,2.987,17.0,56.6,17763
2026-06-09 12:53:02,lht65-20,52.2507,5.97306,2.987,17.53,54.2,19655
2026-06-09 13:03:02,lht65-20,52.2507,5.97306,2.989,17.88,52.6,40982
2026-06-09 13:12:55,lht65-20,52.2507,5.97306,2.987,18.78,52.7,41938
2026-06-09 13:33:02,lht65-20,52.2507,5.97306,2.989,18.33,53.8,35181
2026-06-09 13:42:55,lht65-20,52.2507,5.97306,2.989,17.67,53.6,14632
2026-06-09 13:53:02,lht65-20,52.2507,5.97306,2.987,17.74,52.7,21204
2026-06-09 14:02:55,lht65-20,52.2507,5.97306,2.989,17.75,50.9,10610
2026-06-09 14:32:55,lht65-20,52.2507,5.97306,2.989,17.73,52.6,38094
2026-06-09 14:42:55,lht65-20,52.2507,5.97306,2.989,17.26,51.8,11355
2026-06-09 14:53:02,lht65-20,52.2507,5.97306,2.987,18.35,53.8,19795
2026-06-09 15:13:02,lht65-20,52.2507,5.97306,2.989,18.55,48.1,35885
2026-06-09 15:33:02,lht65-20,52.2507,5.97306,2.989,18.35,49.3,15837
2026-06-09 15:42:55,lht65-20,52.2507,5.97306,2.989,17.4,52.6,31746
2026-06-09 16:02:55,lht65-20,52.2507,5.97306,2.989,18.35,51.7,6950
2026-06-09 16:12:55,lht65-20,52.2507,5.97306,2.989,16.97,53.3,3624
2026-06-09 16:22:55,lht65-20,52.2507,5.97306,2.987,16.26,57.7,1029
2026-06-09 16:32:55,lht65-20,52.2507,5.97306,2.987,14.06,73.0,933
2026-06-09 16:53:02,lht65-20,52.2507,5.97306,2.985,12.33,85.5,1531
2026-06-09 17:02:55,lht65-20,52.2507,5.97306,2.983,12.4,83.3,9568
2026-06-09 17:13:02,lht65-20,52.2507,5.97306,2.983,12.93,83.5,24321
2026-06-09 17:22:55,lht65-20,52.2507,5.97306,2.983,13.36,81.4,21687
2026-06-09 17:52:55,lht65-20,52.2507,5.97306,2.983,14.13,76.4,15465
2026-06-09 18:12:55,lht65-20,52.2507,5.97306,2.983,14.46,79.4,12895
2026-06-09 18:22:55,lht65-20,52.2507,5.97306,2.983,14.6,78.2,11336
2026-06-09 18:32:55,lht65-20,52.2507,5.97306,2.983,14.62,76.8,10195
2026-06-09 18:43:02,lht65-20,52.2507,5.97306,2.983,14.62,74.3,8863
2026-06-09 19:13:02,lht65-20,52.2507,5.97306,2.985,13.29,80.3,1298
2026-06-09 19:22:55,lht65-20,52.2507,5.97306,2.983,13.01,83.1,1355
2026-06-09 19:33:02,lht65-20,52.2507,5.97306,2.983,12.58,85.3,705
2026-06-09 19:42:55,lht65-20,52.2507,5.97306,2.983,12.32,85.8,419
2026-06-09 20:22:55,lht65-20,52.2507,5.97306,2.98,11.97,86.7,11
2026-06-09 20:32:55,lht65-20,52.2507,5.97306,2.98,11.75,87.8,4
2026-06-09 20:42:55,lht65-20,52.2507,5.97306,2.98,11.64,88.7,0
2026-06-09 21:02:55,lht65-20,52.2507,5.97306,2.98,11.41,89.7,0
2026-06-09 21:12:55,lht65-20,52.2507,5.97306,2.98,11.32,89.9,0
2026-06-09 21:22:55,lht65-20,52.2507,5.97306,2.978,11.14,90.3,0
2026-06-09 21:43:02,lht65-20,52.2507,5.97306,2.98,10.93,91.0,0
2026-06-09 21:52:55,lht65-20,52.2507,5.97306,2.98,10.96,90.7,0
2026-06-09 22:03:02,lht65-20,52.2507,5.97306,2.978,10.96,90.7,0
2026-06-09 22:33:02,lht65-20,52.2507,5.97306,2.978,10.97,90.7,0
2026-06-09 22:42:55,lht65-20,52.2507,5.97306,2.978,10.91,90.6,0
2026-06-09 23:12:55,lht65-20,52.2507,5.97306,2.978,10.25,90.9,0
2026-06-09 23:22:55,lht65-20,52.2507,5.97306,2.976,10.16,90.9,0
2026-06-09 23:32:55,lht65-20,52.2507,5.97306,2.975,9.97,91.3,0
2026-06-09 23:42:55,lht65-20,52.2507,5.97306,2.975,9.81,92.0,0
2026-06-09 23:53:02,lht65-20,52.2507,5.97306,2.976,9.73,92.2,0
2026-06-10 00:22:55,lht65-20,52.2507,5.97306,2.976,9.79,89.2,0
2026-06-10 00:33:02,lht65-20,52.2507,5.97306,2.975,9.7,89.1,0
2026-06-10 00:42:55,lht65-20,52.2507,5.97306,2.975,9.81,88.5,0
2026-06-10 01:02:55,lht65-20,52.2507,5.97306,2.975,9.86,87.0,0
2026-06-10 01:33:02,lht65-20,52.2507,5.97306,2.973,9.42,88.8,0
2026-06-10 01:52:55,lht65-20,52.2507,5.97306,2.975,9.48,87.1,0
2026-06-10 02:03:02,lht65-20,52.2507,5.97306,2.975,9.55,87.4,0
2026-06-10 02:22:55,lht65-20,52.2507,5.97306,2.975,9.56,87.4,0
2026-06-10 02:43:02,lht65-20,52.2507,5.97306,2.973,9.49,87.7,10
2026-06-10 03:03:02,lht65-20,52.2507,5.97306,2.975,9.32,89.3,91
2026-06-10 03:23:02,lht65-20,52.2507,5.97306,2.973,9.27,90.8,413
2026-06-10 03:42:55,lht65-20,52.2507,5.97306,2.973,9.39,91.3,1651
2026-06-10 04:23:02,lht65-20,52.2507,5.97306,2.975,10.56,87.1,6921
2026-06-10 04:33:02,lht65-20,52.2507,5.97306,2.975,10.69,86.4,7348
2026-06-10 05:02:55,lht65-20,52.2507,5.97306,2.976,11.51,84.5,12270
2026-06-10 05:22:55,lht65-20,52.2507,5.97306,2.976,12.13,83.6,14794
2026-06-10 05:42:55,lht65-20,52.2507,5.97306,2.976,12.41,82.8,17210
2026-06-10 05:52:55,lht65-20,52.2507,5.97306,2.978,12.74,82.9,18451
2026-06-10 06:03:02,lht65-20,52.2507,5.97306,2.978,12.6,83.7,16767
2026-06-10 06:22:55,lht65-20,52.2507,5.97306,2.976,12.94,84.4,23639
2026-06-10 06:42:55,lht65-20,52.2507,5.97306,2.978,13.34,81.7,11653
2026-06-10 07:12:55,lht65-20,52.2507,5.97306,2.98,13.87,76.7,10985
2026-06-10 07:22:55,lht65-20,52.2507,5.97306,2.98,13.96,79.0,12671
2026-06-10 07:32:55,lht65-20,52.2507,5.97306,2.98,13.99,78.5,14497
2026-06-10 07:53:02,lht65-20,52.2507,5.97306,2.98,14.62,74.9,23940
2026-06-10 08:02:55,lht65-20,52.2507,5.97306,2.98,14.88,77.7,34222
2026-06-10 08:12:55,lht65-20,52.2507,5.97306,2.983,15.65,73.4,11120
2026-06-10 08:23:02,lht65-20,52.2507,5.97306,2.983,16.03,67.7,14615
2026-06-10 08:33:02,lht65-20,52.2507,5.97306,2.983,15.57,69.3,8736
2026-06-10 08:42:55,lht65-20,52.2507,5.97306,2.983,15.62,71.3,10071
2026-06-10 09:13:02,lht65-20,52.2507,5.97306,2.98,15.31,70.6,10325
2026-06-10 09:22:55,lht65-20,52.2507,5.97306,2.983,16.8,66.9,29774
2026-06-10 10:12:55,lht65-20,52.2507,5.97306,2.985,17.44,60.5,12709
2026-06-10 10:22:55,lht65-20,52.2507,5.97306,2.983,15.17,65.5,2650
2026-06-10 10:42:55,lht65-20,52.2507,5.97306,2.978,11.06,81.9,4330
2026-06-10 11:13:02,lht65-20,52.2507,5.97306,2.973,10.15,87.7,6493
2026-06-10 11:32:55,lht65-20,52.2507,5.97306,2.973,11.2,88.3,18699
2026-06-10 12:02:55,lht65-20,52.2507,5.97306,2.98,14.39,73.2,25673
2026-06-10 12:43:02,lht65-20,52.2507,5.97306,2.982,15.5,70.9,28150
2026-06-10 13:02:55,lht65-20,52.2507,5.97306,2.983,16.07,67.5,36667
2026-06-10 13:53:02,lht65-20,52.2507,5.97306,2.983,16.4,69.2,3885
2026-06-10 14:02:55,lht65-20,52.2507,5.97306,2.983,14.47,73.9,7516
2026-06-10 14:12:55,lht65-20,52.2507,5.97306,2.982,13.86,79.2,14655
2026-06-10 14:22:55,lht65-20,52.2507,5.97306,2.98,14.46,77.2,20495
2026-06-10 14:32:55,lht65-20,52.2507,5.97306,2.98,14.71,72.1,11992
2026-06-10 14:42:55,lht65-20,52.2507,5.97306,2.98,14.51,71.0,13123
2026-06-10 14:52:55,lht65-20,52.2507,5.97306,2.98,14.15,75.0,5482
2026-06-10 15:02:56,lht65-20,52.2507,5.97306,2.98,13.82,76.2,3759
2026-06-10 15:12:56,lht65-20,52.2507,5.97306,2.98,13.17,81.7,3383
2026-06-10 15:22:56,lht65-20,52.2507,5.97306,2.978,12.94,83.4,9345
2026-06-10 15:32:55,lht65-20,52.2507,5.97306,2.978,13.57,85.2,12681
2026-06-10 15:42:55,lht65-20,52.2507,5.97306,2.98,14.55,79.1,7810
2026-06-10 15:52:56,lht65-20,52.2507,5.97306,2.978,13.85,80.6,3845
2026-06-10 16:02:56,lht65-20,52.2507,5.97306,2.98,13.59,85.1,4424
2026-06-10 16:12:56,lht65-20,52.2507,5.97306,2.98,13.71,83.5,27340
2026-06-10 16:22:55,lht65-20,52.2507,5.97306,2.98,13.87,80.3,5278
2026-06-10 16:32:55,lht65-20,52.2507,5.97306,2.98,13.59,85.5,4835
2026-06-10 16:42:55,lht65-20,52.2507,5.97306,2.98,13.98,82.3,7896
2026-06-10 16:52:56,lht65-20,52.2507,5.97306,2.98,14.11,82.5,6091
2026-06-10 17:02:55,lht65-20,52.2507,5.97306,2.98,14.67,83.9,14080
2026-06-10 17:12:55,lht65-20,52.2507,5.97306,2.98,16.2,79.2,24907
2026-06-10 17:22:56,lht65-20,52.2507,5.97306,2.983,17.54,69.6,22470
2026-06-10 17:32:55,lht65-20,52.2507,5.97306,2.985,18.01,66.1,11307
2026-06-10 17:42:56,lht65-20,52.2507,5.97306,2.983,17.29,70.2,5695
2026-06-10 17:52:56,lht65-20,52.2507,5.97306,2.983,15.97,73.7,4042
2026-06-10 18:02:55,lht65-20,52.2507,5.97306,2.983,15.26,79.1,2928
2026-06-10 18:12:55,lht65-20,52.2507,5.97306,2.983,14.77,79.7,1626
2026-06-10 18:22:55,lht65-20,52.2507,5.97306,2.98,14.27,79.7,1443
2026-06-10 18:32:56,lht65-20,52.2507,5.97306,2.98,13.97,80.9,964
2026-06-10 18:42:55,lht65-20,52.2507,5.97306,2.98,13.66,80.0,1255
2026-06-10 18:52:55,lht65-20,52.2507,5.97306,2.98,13.38,82.9,961
2026-06-10 19:02:55,lht65-20,52.2507,5.97306,2.98,13.03,82.5,829
2026-06-10 19:12:55,lht65-20,52.2507,5.97306,2.98,12.74,81.6,870
2026-06-10 19:22:55,lht65-20,52.2507,5.97306,2.98,12.5,82.7,665
2026-06-10 19:32:55,lht65-20,52.2507,5.97306,2.98,12.27,84.0,473
2026-06-10 19:42:55,lht65-20,52.2507,5.97306,2.98,12.08,84.1,343
2026-06-10 19:52:56,lht65-20,52.2507,5.97306,2.978,11.89,85.3,198
2026-06-10 20:02:56,lht65-20,52.2507,5.97306,2.978,11.75,86.5,110
2026-06-10 20:12:55,lht65-20,52.2507,5.97306,2.978,11.56,87.9,34
2026-06-10 20:22:56,lht65-20,52.2507,5.97306,2.978,11.55,89.1,11
2026-06-10 20:32:55,lht65-20,52.2507,5.97306,2.976,11.4,89.8,4
2026-06-10 20:42:55,lht65-20,52.2507,5.97306,2.976,11.14,90.3,0
2026-06-10 20:52:56,lht65-20,52.2507,5.97306,2.976,10.73,91.3,0
2026-06-10 21:02:56,lht65-20,52.2507,5.97306,2.976,10.4,92.5,0
2026-06-10 21:12:55,lht65-20,52.2507,5.97306,2.975,10.27,93.5,0
2026-06-10 21:22:55,lht65-20,52.2507,5.97306,2.975,10.33,94.4,0
2026-06-10 21:32:56,lht65-20,52.2507,5.97306,2.976,10.46,95.0,0
2026-06-10 21:42:56,lht65-20,52.2507,5.97306,2.975,10.5,95.4,0
2026-06-10 21:52:56,lht65-20,52.2507,5.97306,2.975,10.56,95.7,0
2026-06-10 22:02:56,lht65-20,52.2507,5.97306,2.973,10.53,95.8,0
2026-06-10 22:12:55,lht65-20,52.2507,5.97306,2.975,10.64,95.2,0
2026-06-10 22:22:56,lht65-20,52.2507,5.97306,2.973,10.79,92.3,0
2026-06-10 22:32:56,lht65-20,52.2507,5.97306,2.975,10.78,90.2,0
2026-06-10 22:42:55,lht65-20,52.2507,5.97306,2.976,10.63,89.7,0
2026-06-10 22:52:56,lht65-20,52.2507,5.97306,2.973,10.38,90.1,0
2026-06-10 23:02:55,lht65-20,52.2507,5.97306,2.975,10.14,91.2,0
2026-06-10 23:12:56,lht65-20,52.2507,5.97306,2.973,10.08,92.0,0
2026-06-10 23:22:56,lht65-20,52.2507,5.97306,2.973,10.12,92.2,0
2026-06-10 23:32:55,lht65-20,52.2507,5.97306,2.973,10.1,92.2,0
2026-06-10 23:42:55,lht65-20,52.2507,5.97306,2.973,10.16,91.4,0
2026-06-10 23:52:55,lht65-20,52.2507,5.97306,2.973,10.1,90.8,0
2026-06-11 00:02:56,lht65-20,52.2507,5.97306,2.973,10.04,89.4,0
2026-06-11 00:12:56,lht65-20,52.2507,5.97306,2.973,9.97,89.6,0
2026-06-11 00:22:55,lht65-20,52.2507,5.97306,2.975,9.64,90.3,0
2026-06-11 00:32:55,lht65-20,52.2507,5.97306,2.973,9.19,91.3,0
2026-06-11 00:42:56,lht65-20,52.2507,5.97306,2.973,8.9,93.2,0
2026-06-11 00:52:55,lht65-20,52.2507,5.97306,2.971,8.99,94.2,0
2026-06-11 01:02:56,lht65-20,52.2507,5.97306,2.973,9.22,94.2,0
2026-06-11 01:12:56,lht65-20,52.2507,5.97306,2.973,9.17,94.2,0
2026-06-11 01:22:55,lht65-20,52.2507,5.97306,2.971,9.08,94.5,0
2026-06-11 01:32:56,lht65-20,52.2507,5.97306,2.973,8.93,94.8,0
2026-06-11 01:42:55,lht65-20,52.2507,5.97306,2.973,8.77,95.2,0
2026-06-11 01:52:56,lht65-20,52.2507,5.97306,2.971,8.48,95.3,0
2026-06-11 02:02:56,lht65-20,52.2507,5.97306,2.971,8.04,95.3,0
2026-06-11 02:12:55,lht65-20,52.2507,5.97306,2.969,7.86,95.7,0
2026-06-11 02:22:55,lht65-20,52.2507,5.97306,2.969,7.63,96.1,0
2026-06-11 02:32:55,lht65-20,52.2507,5.97306,2.969,7.78,96.5,2
2026-06-11 02:42:56,lht65-20,52.2507,5.97306,2.969,7.75,96.8,10
2026-06-11 02:52:56,lht65-20,52.2507,5.97306,2.969,7.35,97.0,32
2026-06-11 03:02:56,lht65-20,52.2507,5.97306,2.967,7.18,97.1,88
2026-06-11 03:12:56,lht65-20,52.2507,5.97306,2.969,6.89,97.1,210
2026-06-11 03:22:56,lht65-20,52.2507,5.97306,2.966,6.75,97.3,408
2026-06-11 03:32:56,lht65-20,52.2507,5.97306,2.966,6.55,97.3,697
2026-06-11 03:42:56,lht65-20,52.2507,5.97306,2.966,6.67,97.4,1974
2026-06-11 03:52:56,lht65-20,52.2507,5.97306,2.966,7.34,97.6,2003
2026-06-11 04:02:56,lht65-20,52.2507,5.97306,2.966,7.19,97.5,2042
2026-06-11 04:12:56,lht65-20,52.2507,5.97306,2.969,8.28,97.7,5890
2026-06-11 04:22:56,lht65-20,52.2507,5.97306,2.969,9.27,97.8,7421
2026-06-11 04:32:56,lht65-20,52.2507,5.97306,2.971,10.02,97.2,9019
2026-06-11 04:42:56,lht65-20,52.2507,5.97306,2.973,10.65,95.2,10407
2026-06-11 04:52:56,lht65-20,52.2507,5.97306,2.973,11.14,92.0,11766
2026-06-11 05:02:56,lht65-20,52.2507,5.97306,2.973,11.58,90.0,13016
2026-06-11 05:12:56,lht65-20,52.2507,5.97306,2.975,11.94,87.9,14285
2026-06-11 05:22:56,lht65-20,52.2507,5.97306,2.975,12.26,86.8,15420
2026-06-11 05:32:56,lht65-20,52.2507,5.97306,2.975,12.71,85.7,16506
2026-06-11 05:42:56,lht65-20,52.2507,5.97306,2.976,12.97,85.1,17426
2026-06-11 05:52:56,lht65-20,52.2507,5.97306,2.976,13.22,83.8,18530
2026-06-11 06:02:56,lht65-20,52.2507,5.97306,2.978,13.59,82.8,17907
2026-06-11 06:12:56,lht65-20,52.2507,5.97306,2.976,13.6,82.1,20606
2026-06-11 06:22:56,lht65-20,52.2507,5.97306,2.978,14.01,81.3,21878
2026-06-11 06:32:56,lht65-20,52.2507,5.97306,2.978,14.11,78.0,22502
2026-06-11 06:42:56,lht65-20,52.2507,5.97306,2.978,14.05,78.3,23544
2026-06-11 06:52:56,lht65-20,52.2507,5.97306,2.978,14.19,76.2,24540
2026-06-11 07:02:56,lht65-20,52.2507,5.97306,2.98,14.26,77.0,25370
2026-06-11 07:12:56,lht65-20,52.2507,5.97306,2.98,14.42,76.5,26031
2026-06-11 07:22:56,lht65-20,52.2507,5.97306,2.98,14.94,76.5,26843
2026-06-11 07:32:56,lht65-20,52.2507,5.97306,2.98,15.04,71.7,17567
2026-06-11 07:42:56,lht65-20,52.2507,5.97306,2.98,15.21,70.5,34315
2026-06-11 07:52:56,lht65-20,52.2507,5.97306,2.98,15.17,71.4,12248
2026-06-11 08:02:56,lht65-20,52.2507,5.97306,2.982,15.59,68.7,34159
2026-06-11 08:12:56,lht65-20,52.2507,5.97306,2.98,16.37,65.7,37585
2026-06-11 08:22:56,lht65-20,52.2507,5.97306,2.983,16.05,68.0,34965
2026-06-11 08:32:56,lht65-20,52.2507,5.97306,2.983,15.49,66.0,9439
2026-06-11 08:42:56,lht65-20,52.2507,5.97306,2.98,15.79,65.3,12859
2026-06-11 08:52:56,lht65-20,52.2507,5.97306,2.983,16.53,61.4,37364
2026-06-11 09:02:56,lht65-20,52.2507,5.97306,2.982,16.96,59.2,36373
2026-06-11 09:12:56,lht65-20,52.2507,5.97306,2.983,17.08,63.2,29890
2026-06-11 09:22:56,lht65-20,52.2507,5.97306,2.983,17.23,63.5,28616
2026-06-11 09:32:56,lht65-20,52.2507,5.97306,2.983,17.07,59.0,9371
2026-06-11 09:42:56,lht65-20,52.2507,5.97306,2.983,14.33,70.5,2704
2026-06-11 09:52:56,lht65-20,52.2507,5.97306,2.98,11.63,83.7,4774
2026-06-11 10:02:56,lht65-20,52.2507,5.97306,2.976,11.64,87.9,13459
2026-06-11 10:12:56,lht65-20,52.2507,5.97306,2.978,12.84,85.2,37745
2026-06-11 10:22:56,lht65-20,52.2507,5.97306,2.978,13.96,80.5,45792
2026-06-11 10:32:56,lht65-20,52.2507,5.97306,2.98,15.37,77.6,41410
2026-06-11 10:42:56,lht65-20,52.2507,5.97306,2.983,16.1,72.2,38512
2026-06-11 10:52:56,lht65-20,52.2507,5.97306,2.983,16.61,69.3,37894
2026-06-11 11:02:56,lht65-20,52.2507,5.97306,2.983,16.88,71.3,37699
2026-06-11 11:12:56,lht65-20,52.2507,5.97306,2.983,17.13,68.5,39041
2026-06-11 11:22:56,lht65-20,52.2507,5.97306,2.983,17.64,63.0,39856
2026-06-11 11:32:56,lht65-20,52.2507,5.97306,2.983,18.12,69.0,36021
2026-06-11 11:42:56,lht65-20,52.2507,5.97306,2.983,17.89,63.8,29451
2026-06-11 11:52:56,lht65-20,52.2507,5.97306,2.987,18.16,64.7,18788
2026-06-11 12:02:56,lht65-20,52.2507,5.97306,2.985,18.04,57.1,33212
2026-06-11 12:12:56,lht65-20,52.2507,5.97306,2.985,18.22,53.8,32188
2026-06-11 12:22:56,lht65-20,52.2507,5.97306,2.983,18.11,53.9,21425
2026-06-11 12:32:56,lht65-20,52.2507,5.97306,2.985,18.01,56.5,20886
2026-06-11 12:42:56,lht65-20,52.2507,5.97306,2.987,18.04,59.5,24969
2026-06-11 12:52:56,lht65-20,52.2507,5.97306,2.985,17.86,59.2,23616
2026-06-11 13:02:56,lht65-20,52.2507,5.97306,2.985,17.98,59.5,22797
2026-06-11 13:12:56,lht65-20,52.2507,5.97306,2.985,17.9,56.4,20449
2026-06-11 13:22:56,lht65-20,52.2507,5.97306,2.985,17.45,55.4,16919
2026-06-11 13:32:56,lht65-20,52.2507,5.97306,2.987,17.44,55.9,22393
2026-06-11 13:42:56,lht65-20,52.2507,5.97306,2.987,18.01,54.8,21753
2026-06-11 13:52:56,lht65-20,52.2507,5.97306,2.985,17.95,54.6,24286
2026-06-11 14:02:56,lht65-20,52.2507,5.97306,2.987,18.26,56.4,25466
2026-06-11 14:12:56,lht65-20,52.2507,5.97306,2.987,18.11,54.5,15776
2026-06-11 14:22:56,lht65-20,52.2507,5.97306,2.985,17.54,56.3,15455
2026-06-11 14:32:56,lht65-20,52.2507,5.97306,2.985,17.42,56.3,13033
2026-06-11 14:42:56,lht65-20,52.2507,5.97306,2.987,17.22,55.7,9998
2026-06-11 14:52:56,lht65-20,52.2507,5.97306,2.985,16.98,59.5,7707
2026-06-11 15:02:56,lht65-20,52.2507,5.97306,2.985,16.76,56.4,9405
2026-06-11 15:12:56,lht65-20,52.2507,5.97306,2.983,16.8,59.9,10419
2026-06-11 15:22:56,lht65-20,52.2507,5.97306,2.985,16.65,61.5,8896
2026-06-11 15:32:56,lht65-20,52.2507,5.97306,2.985,16.49,62.9,8290
2026-06-11 15:42:56,lht65-20,52.2507,5.97306,2.985,16.32,57.5,6666
2026-06-11 15:52:56,lht65-20,52.2507,5.97306,2.985,15.89,59.9,5642
2026-06-11 16:02:56,lht65-20,52.2507,5.97306,2.983,15.55,62.5,6614
2026-06-11 16:12:56,lht65-20,52.2507,5.97306,2.983,15.07,62.4,6632
2026-06-11 16:22:56,lht65-20,52.2507,5.97306,2.983,14.59,64.8,5833
2026-06-11 16:32:56,lht65-20,52.2507,5.97306,2.983,14.44,69.1,7285
2026-06-11 16:42:56,lht65-20,52.2507,5.97306,2.983,14.1,73.8,4327
2026-06-11 16:52:56,lht65-20,52.2507,5.97306,2.983,12.86,81.6,3187
2026-06-11 17:02:56,lht65-20,52.2507,5.97306,2.98,12.28,86.9,3703
2026-06-11 17:12:56,lht65-20,52.2507,5.97306,2.98,12.14,88.7,4974
2026-06-11 17:22:56,lht65-20,52.2507,5.97306,2.978,12.14,89.5,4791
2026-06-11 17:32:56,lht65-20,52.2507,5.97306,2.98,12.2,89.6,5505
2026-06-11 17:42:56,lht65-20,52.2507,5.97306,2.98,12.28,89.8,4438
2026-06-11 17:52:56,lht65-20,52.2507,5.97306,2.978,12.34,89.6,4315
2026-06-11 18:02:56,lht65-20,52.2507,5.97306,2.98,12.29,89.3,4219
2026-06-11 18:12:56,lht65-20,52.2507,5.97306,2.98,12.23,88.5,1955
2026-06-11 18:22:56,lht65-20,52.2507,5.97306,2.98,12.11,89.6,1599
2026-06-11 18:32:56,lht65-20,52.2507,5.97306,2.98,12.08,90.4,1164
2026-06-11 18:42:56,lht65-20,52.2507,5.97306,2.98,12.07,90.9,950
2026-06-11 18:52:56,lht65-20,52.2507,5.97306,2.98,12.06,91.9,845
2026-06-11 19:02:56,lht65-20,52.2507,5.97306,2.978,11.99,92.2,505
2026-06-11 19:12:56,lht65-20,52.2507,5.97306,2.98,11.97,92.6,419
2026-06-11 19:22:56,lht65-20,52.2507,5.97306,2.98,11.92,92.8,320
2026-06-11 19:32:56,lht65-20,52.2507,5.97306,2.98,11.86,93.1,182
2026-06-11 19:42:56,lht65-20,52.2507,5.97306,2.98,11.83,93.5,86
2026-06-11 19:52:56,lht65-20,52.2507,5.97306,2.98,11.8,94.1,45
2026-06-11 20:02:56,lht65-20,52.2507,5.97306,2.978,11.76,94.7,21
2026-06-11 20:12:56,lht65-20,52.2507,5.97306,2.98,11.76,95.0,14
2026-06-11 20:22:56,lht65-20,52.2507,5.97306,2.98,11.76,94.7,4
2026-06-11 20:32:56,lht65-20,52.2507,5.97306,2.978,11.7,95.0,0
2026-06-11 20:42:56,lht65-20,52.2507,5.97306,2.978,11.67,95.4,0
2026-06-11 20:52:56,lht65-20,52.2507,5.97306,2.978,11.65,95.7,0
2026-06-11 21:02:56,lht65-20,52.2507,5.97306,2.98,11.67,96.1,0
2026-06-11 21:12:56,lht65-20,52.2507,5.97306,2.98,11.68,96.4,0
2026-06-11 21:22:56,lht65-20,52.2507,5.97306,2.98,11.74,96.6,0
2026-06-11 21:32:56,lht65-20,52.2507,5.97306,2.978,11.74,96.7,0
2026-06-11 21:42:56,lht65-20,52.2507,5.97306,2.978,11.75,96.9,0
2026-06-11 21:52:56,lht65-20,52.2507,5.97306,2.978,11.76,96.9,0
2026-06-11 22:02:56,lht65-20,52.2507,5.97306,2.978,11.77,97.0,0
2026-06-11 22:12:56,lht65-20,52.2507,5.97306,2.978,11.76,97.1,0
2026-06-11 22:22:56,lht65-20,52.2507,5.97306,2.98,11.77,97.2,0
2026-06-11 22:32:56,lht65-20,52.2507,5.97306,2.98,11.78,97.3,0
2026-06-11 22:42:56,lht65-20,52.2507,5.97306,2.98,11.83,97.4,0
2026-06-11 22:52:56,lht65-20,52.2507,5.97306,2.978,11.89,97.5,0
2026-06-11 23:02:56,lht65-20,52.2507,5.97306,2.978,11.94,97.5,0
2026-06-11 23:12:56,lht65-20,52.2507,5.97306,2.98,11.98,97.5,0
2026-06-11 23:22:56,lht65-20,52.2507,5.97306,2.976,12.02,97.5,0
2026-06-11 23:32:56,lht65-20,52.2507,5.97306,2.98,12.07,97.6,0
2026-06-11 23:42:56,lht65-20,52.2507,5.97306,2.978,12.1,97.7,0
2026-06-11 23:52:56,lht65-20,52.2507,5.97306,2.98,12.14,97.7,0
2026-06-12 00:02:56,lht65-20,52.2507,5.97306,2.98,12.21,97.7,0
2026-06-12 00:12:56,lht65-20,52.2507,5.97306,2.978,12.24,97.7,0
2026-06-12 00:22:56,lht65-20,52.2507,5.97306,2.98,12.26,97.8,0
2026-06-12 00:32:56,lht65-20,52.2507,5.97306,2.98,12.33,97.8,0
2026-06-12 00:42:56,lht65-20,52.2507,5.97306,2.98,12.38,97.9,0
2026-06-12 00:52:56,lht65-20,52.2507,5.97306,2.98,12.43,98.0,0
2026-06-12 01:02:56,lht65-20,52.2507,5.97306,2.978,12.5,98.0,0
2026-06-12 01:12:56,lht65-20,52.2507,5.97306,2.98,12.6,98.1,0
2026-06-12 01:22:56,lht65-20,52.2507,5.97306,2.978,12.7,98.1,0
2026-06-12 01:32:56,lht65-20,52.2507,5.97306,2.98,12.82,98.2,0
2026-06-12 01:42:56,lht65-20,52.2507,5.97306,2.98,12.93,98.2,0
2026-06-12 01:52:56,lht65-20,52.2507,5.97306,2.98,13.08,98.3,0
2026-06-12 02:02:56,lht65-20,52.2507,5.97306,2.98,13.21,98.3,0
2026-06-12 02:12:56,lht65-20,52.2507,5.97306,2.98,13.29,98.4,0
2026-06-12 02:22:56,lht65-20,52.2507,5.97306,2.98,13.41,98.4,0
2026-06-12 02:32:56,lht65-20,52.2507,5.97306,2.98,13.57,98.4,0
2026-06-12 02:42:56,lht65-20,52.2507,5.97306,2.98,13.74,98.4,0
2026-06-12 02:52:56,lht65-20,52.2507,5.97306,2.982,13.88,98.4,3
2026-06-12 03:02:56,lht65-20,52.2507,5.97306,2.982,13.99,98.5,13
2026-06-12 03:12:56,lht65-20,52.2507,5.97306,2.98,14.13,98.4,32
2026-06-12 03:22:56,lht65-20,52.2507,5.97306,2.98,14.24,98.5,81
2026-06-12 03:32:56,lht65-20,52.2507,5.97306,2.983,14.36,98.5,166
2026-06-12 03:42:56,lht65-20,52.2507,5.97306,2.983,14.49,98.5,223
2026-06-12 03:52:56,lht65-20,52.2507,5.97306,2.983,14.58,98.5,508
2026-06-12 04:02:56,lht65-20,52.2507,5.97306,2.983,14.69,98.5,757
2026-06-12 04:12:56,lht65-20,52.2507,5.97306,2.983,14.79,98.4,991
2026-06-12 04:22:56,lht65-20,52.2507,5.97306,2.983,14.87,98.5,1015
2026-06-12 04:32:56,lht65-20,52.2507,5.97306,2.983,14.93,98.4,1212
2026-06-12 04:42:56,lht65-20,52.2507,5.97306,2.983,14.98,98.4,954
2026-06-12 04:52:56,lht65-20,52.2507,5.97306,2.983,15.01,98.4,805
2026-06-12 05:02:56,lht65-20,52.2507,5.97306,2.983,15.14,98.4,739
2026-06-12 05:22:56,lht65-20,52.2507,5.97306,2.983,15.43,98.2,1704
2026-06-12 05:42:56,lht65-20,52.2507,5.97306,2.983,15.58,97.9,2323
2026-06-12 05:52:56,lht65-20,52.2507,5.97306,2.983,15.67,97.6,2284
2026-06-12 06:02:56,lht65-20,52.2507,5.97306,2.983,15.73,97.1,2045
2026-06-12 06:12:56,lht65-20,52.2507,5.97306,2.985,15.82,96.6,1779
2026-06-12 06:22:56,lht65-20,52.2507,5.97306,2.983,15.83,96.3,4930
2026-06-12 06:32:56,lht65-20,52.2507,5.97306,2.983,15.97,95.9,6306
2026-06-12 06:42:56,lht65-20,52.2507,5.97306,2.983,16.1,95.8,6702
2026-06-12 06:53:03,lht65-20,52.2507,5.97306,2.985,16.23,95.8,5960
2026-06-12 07:02:56,lht65-20,52.2507,5.97306,2.985,16.15,95.6,4510
2026-06-12 07:12:56,lht65-20,52.2507,5.97306,2.983,16.22,95.9,9368
2026-06-12 07:22:56,lht65-20,52.2507,5.97306,2.985,16.47,95.5,6527
2026-06-12 07:32:56,lht65-20,52.2507,5.97306,2.983,16.44,94.8,5007
2026-06-12 07:42:56,lht65-20,52.2507,5.97306,2.983,16.22,94.8,4090
2026-06-12 07:52:56,lht65-20,52.2507,5.97306,2.985,16.12,95.3,4117
2026-06-12 08:02:56,lht65-20,52.2507,5.97306,2.985,16.46,94.7,13078
2026-06-12 08:12:56,lht65-20,52.2507,5.97306,2.987,16.95,93.2,17608
2026-06-12 08:22:56,lht65-20,52.2507,5.97306,2.983,17.29,90.9,10196
2026-06-12 08:32:56,lht65-20,52.2507,5.97306,2.987,17.22,90.7,16078
2026-06-12 08:42:56,lht65-20,52.2507,5.97306,2.987,17.55,88.8,11971
2026-06-12 08:52:56,lht65-20,52.2507,5.97306,2.987,17.48,89.6,12213
2026-06-12 09:02:56,lht65-20,52.2507,5.97306,2.987,17.97,89.1,26156
2026-06-12 09:12:56,lht65-20,52.2507,5.97306,2.987,18.0,84.7,8480
2026-06-12 09:22:56,lht65-20,52.2507,5.97306,2.987,18.71,85.6,37357
2026-06-12 09:32:56,lht65-20,52.2507,5.97306,2.987,18.63,79.7,19343
2026-06-12 09:42:56,lht65-20,52.2507,5.97306,2.987,18.34,80.8,12353
2026-06-12 09:52:56,lht65-20,52.2507,5.97306,2.989,18.81,80.3,22900
2026-06-12 10:02:56,lht65-20,52.2507,5.97306,2.987,18.16,79.7,4293
2026-06-12 10:12:56,lht65-20,52.2507,5.97306,2.987,17.69,80.9,12151
2026-06-12 10:22:56,lht65-20,52.2507,5.97306,2.989,18.36,78.5,29850
2026-06-12 10:32:56,lht65-20,52.2507,5.97306,2.987,18.3,77.6,13524
2026-06-12 10:42:56,lht65-20,52.2507,5.97306,2.987,19.09,73.0,26755
2026-06-12 10:52:56,lht65-20,52.2507,5.97306,2.989,19.02,70.7,25085
2026-06-12 11:02:56,lht65-20,52.2507,5.97306,2.987,18.78,70.8,7525
2026-06-12 11:12:56,lht65-20,52.2507,5.97306,2.989,18.4,72.2,10016
2026-06-12 11:22:56,lht65-20,52.2507,5.97306,2.989,18.51,71.8,15749
2026-06-12 11:42:56,lht65-20,52.2507,5.97306,2.989,18.76,69.7,21481
2026-06-12 11:52:56,lht65-20,52.2507,5.97306,2.987,18.71,68.0,14715
2026-06-12 12:02:56,lht65-20,52.2507,5.97306,2.989,19.19,69.1,16890
2026-06-12 12:12:56,lht65-20,52.2507,5.97306,2.989,19.15,68.1,16400
2026-06-12 12:22:56,lht65-20,52.2507,5.97306,2.989,19.1,68.9,30033
2026-06-12 12:32:56,lht65-20,52.2507,5.97306,2.989,19.92,68.3,49520
2026-06-12 12:42:56,lht65-20,52.2507,5.97306,2.989,19.47,66.7,13751
2026-06-12 12:52:56,lht65-20,52.2507,5.97306,2.989,19.46,68.0,14617
2026-06-12 13:02:56,lht65-20,52.2507,5.97306,2.989,20.58,69.4,31795
2026-06-12 13:12:56,lht65-20,52.2507,5.97306,2.989,20.44,63.0,25612
2026-06-12 13:22:56,lht65-20,52.2507,5.97306,2.991,20.04,62.6,16760
2026-06-12 13:32:56,lht65-20,52.2507,5.97306,2.991,20.04,64.6,28189
2026-06-12 13:42:56,lht65-20,52.2507,5.97306,2.991,20.2,65.8,19980
2026-06-12 13:52:56,lht65-20,52.2507,5.97306,2.992,20.06,64.2,16089
2026-06-12 14:02:56,lht65-20,52.2507,5.97306,2.991,20.23,64.5,18658
2026-06-12 14:12:56,lht65-20,52.2507,5.97306,2.991,20.12,64.5,25787
2026-06-12 14:22:56,lht65-20,52.2507,5.97306,2.992,20.32,64.1,14240
2026-06-12 14:32:56,lht65-20,52.2507,5.97306,2.991,19.84,64.7,10638
2026-06-12 14:42:56,lht65-20,52.2507,5.97306,2.991,20.35,63.9,17405
2026-06-12 14:52:56,lht65-20,52.2507,5.97306,2.991,20.09,67.2,10283
2026-06-12 15:02:56,lht65-20,52.2507,5.97306,2.992,19.6,68.4,21321
2026-06-12 15:12:56,lht65-20,52.2507,5.97306,2.992,19.59,67.9,9739
2026-06-12 15:22:56,lht65-20,52.2507,5.97306,2.992,19.74,67.3,9962
2026-06-12 15:32:56,lht65-20,52.2507,5.97306,2.991,19.47,66.8,8002
2026-06-12 15:42:56,lht65-20,52.2507,5.97306,2.992,19.36,68.5,5535
2026-06-12 15:52:56,lht65-20,52.2507,5.97306,2.991,19.33,69.8,8458
2026-06-12 16:02:56,lht65-20,52.2507,5.97306,2.992,19.79,69.6,38659
2026-06-12 16:12:56,lht65-20,52.2507,5.97306,2.992,20.26,65.8,34292
2026-06-12 16:22:56,lht65-20,52.2507,5.97306,2.992,20.09,67.0,6586
2026-06-12 16:32:56,lht65-20,52.2507,5.97306,2.992,19.55,68.1,7836
2026-06-12 16:42:56,lht65-20,52.2507,5.97306,2.992,19.98,67.6,12300
2026-06-12 16:52:56,lht65-20,52.2507,5.97306,2.991,20.07,68.6,10643
2026-06-12 17:02:56,lht65-20,52.2507,5.97306,2.991,19.51,70.2,8379
2026-06-12 17:12:56,lht65-20,52.2507,5.97306,2.994,19.32,70.4,6825
2026-06-12 17:22:56,lht65-20,52.2507,5.97306,2.991,19.33,72.5,4840
2026-06-12 17:32:56,lht65-20,52.2507,5.97306,2.991,19.1,73.9,2895
2026-06-12 17:42:56,lht65-20,52.2507,5.97306,2.992,18.83,73.6,3638
2026-06-12 17:52:56,lht65-20,52.2507,5.97306,2.991,18.58,76.0,1265
2026-06-12 18:02:56,lht65-20,52.2507,5.97306,2.992,17.57,82.3,1798
2026-06-12 18:12:56,lht65-20,52.2507,5.97306,2.991,17.41,83.7,1499
2026-06-12 18:22:56,lht65-20,52.2507,5.97306,2.991,17.51,83.1,1754
2026-06-12 18:32:56,lht65-20,52.2507,5.97306,2.989,17.5,83.6,1759
2026-06-12 18:42:56,lht65-20,52.2507,5.97306,2.991,17.52,84.2,3424
2026-06-12 18:52:56,lht65-20,52.2507,5.97306,2.991,17.68,84.3,2065
2026-06-12 19:02:56,lht65-20,52.2507,5.97306,2.989,17.66,84.5,1594
2026-06-12 19:12:56,lht65-20,52.2507,5.97306,2.992,17.51,85.1,608
2026-06-12 19:22:56,lht65-20,52.2507,5.97306,2.989,17.45,85.6,606
2026-06-12 19:32:56,lht65-20,52.2507,5.97306,2.991,17.46,85.7,244
2026-06-12 19:42:56,lht65-20,52.2507,5.97306,2.989,17.48,85.9,89
2026-06-12 19:52:56,lht65-20,52.2507,5.97306,2.991,17.22,88.1,38
2026-06-12 20:02:56,lht65-20,52.2507,5.97306,2.992,16.72,91.2,52
2026-06-12 20:12:56,lht65-20,52.2507,5.97306,2.989,16.55,92.4,28
2026-06-12 20:22:56,lht65-20,52.2507,5.97306,2.989,16.55,92.7,5
2026-06-12 20:32:56,lht65-20,52.2507,5.97306,2.991,16.62,92.3,0
2026-06-12 20:42:56,lht65-20,52.2507,5.97306,2.991,16.58,92.3,0
2026-06-12 20:52:56,lht65-20,52.2507,5.97306,2.989,16.46,92.7,0
2026-06-12 21:02:56,lht65-20,52.2507,5.97306,2.991,16.24,94.2,0
2026-06-12 21:12:56,lht65-20,52.2507,5.97306,2.989,16.28,94.3,0
2026-06-12 21:22:56,lht65-20,52.2507,5.97306,2.991,16.27,93.6,0
2026-06-12 21:32:56,lht65-20,52.2507,5.97306,2.991,16.33,92.7,0
2026-06-12 21:42:56,lht65-20,52.2507,5.97306,2.989,16.33,91.7,0
2026-06-12 21:52:56,lht65-20,52.2507,5.97306,2.991,16.23,91.8,0
2026-06-12 22:02:56,lht65-20,52.2507,5.97306,2.989,16.25,91.8,0
2026-06-12 22:12:56,lht65-20,52.2507,5.97306,2.991,16.31,91.5,0
2026-06-12 22:22:56,lht65-20,52.2507,5.97306,2.991,16.37,90.9,0
2026-06-12 22:32:56,lht65-20,52.2507,5.97306,2.991,16.32,90.9,0
2026-06-12 22:42:56,lht65-20,52.2507,5.97306,2.989,16.32,90.6,0
2026-06-12 22:52:56,lht65-20,52.2507,5.97306,2.989,16.33,90.0,0
2026-06-12 23:02:56,lht65-20,52.2507,5.97306,2.991,16.28,90.2,0
2026-06-12 23:12:56,lht65-20,52.2507,5.97306,2.989,16.28,90.0,0
2026-06-12 23:22:56,lht65-20,52.2507,5.97306,2.991,16.23,90.4,0
2026-06-12 23:32:56,lht65-20,52.2507,5.97306,2.989,16.17,90.7,0
2026-06-12 23:42:56,lht65-20,52.2507,5.97306,2.989,16.12,90.9,0
2026-06-12 23:52:56,lht65-20,52.2507,5.97306,2.991,16.08,91.2,0
2026-06-13 00:02:56,lht65-20,52.2507,5.97306,2.991,16.03,91.6,0
2026-06-13 00:12:56,lht65-20,52.2507,5.97306,2.989,16.0,91.3,0
2026-06-13 00:22:56,lht65-20,52.2507,5.97306,2.991,15.97,91.1,0
2026-06-13 00:32:56,lht65-20,52.2507,5.97306,2.991,15.92,91.0,0
2026-06-13 00:42:56,lht65-20,52.2507,5.97306,2.989,15.91,90.6,0
2026-06-13 00:52:56,lht65-20,52.2507,5.97306,2.989,15.79,90.8,0
2026-06-13 01:02:56,lht65-20,52.2507,5.97306,2.989,15.69,91.1,0
2026-06-13 01:12:56,lht65-20,52.2507,5.97306,2.989,15.61,91.5,0
2026-06-13 01:22:56,lht65-20,52.2507,5.97306,2.989,15.57,91.5,0
2026-06-13 01:32:56,lht65-20,52.2507,5.97306,2.989,15.52,91.5,0
2026-06-13 01:42:56,lht65-20,52.2507,5.97306,2.989,15.47,91.5,0
2026-06-13 01:52:56,lht65-20,52.2507,5.97306,2.989,15.44,91.4,0
2026-06-13 02:02:56,lht65-20,52.2507,5.97306,2.989,15.43,91.1,0
2026-06-13 02:12:56,lht65-20,52.2507,5.97306,2.989,15.44,90.5,0
2026-06-13 02:22:56,lht65-20,52.2507,5.97306,2.989,15.41,90.3,0
2026-06-13 02:32:56,lht65-20,52.2507,5.97306,2.989,15.35,90.6,0
2026-06-13 02:42:56,lht65-20,52.2507,5.97306,2.989,15.23,90.5,7
2026-06-13 02:52:56,lht65-20,52.2507,5.97306,2.989,14.92,91.0,26
2026-06-13 03:02:56,lht65-20,52.2507,5.97306,2.989,14.58,91.8,75
2026-06-13 03:12:56,lht65-20,52.2507,5.97306,2.987,14.17,92.9,179
2026-06-13 03:22:56,lht65-20,52.2507,5.97306,2.987,14.02,94.4,326
2026-06-13 03:32:56,lht65-20,52.2507,5.97306,2.987,13.88,94.9,463
2026-06-13 03:42:57,lht65-20,52.2507,5.97306,2.987,14.1,95.9,880
2026-06-13 03:52:56,lht65-20,52.2507,5.97306,2.987,14.28,96.0,1275
2026-06-13 04:02:56,lht65-20,52.2507,5.97306,2.987,14.33,95.6,1756
2026-06-13 04:12:56,lht65-20,52.2507,5.97306,2.987,14.48,95.2,1821
2026-06-13 04:22:56,lht65-20,52.2507,5.97306,2.987,14.57,95.0,6260
2026-06-13 04:32:56,lht65-20,52.2507,5.97306,2.989,15.26,92.5,7155
2026-06-13 04:42:56,lht65-20,52.2507,5.97306,2.989,15.47,90.9,10352
2026-06-13 04:52:56,lht65-20,52.2507,5.97306,2.989,15.34,90.0,4513
2026-06-13 05:02:56,lht65-20,52.2507,5.97306,2.989,15.18,90.2,4568
2026-06-13 05:12:56,lht65-20,52.2507,5.97306,2.989,15.66,89.0,13982
2026-06-13 05:22:56,lht65-20,52.2507,5.97306,2.989,16.2,86.7,14220
2026-06-13 05:32:56,lht65-20,52.2507,5.97306,2.989,16.27,86.9,16750
2026-06-13 05:42:56,lht65-20,52.2507,5.97306,2.991,16.32,86.0,7380
2026-06-13 05:52:56,lht65-20,52.2507,5.97306,2.989,16.05,87.2,20881
2026-06-13 06:02:56,lht65-20,52.2507,5.97306,2.989,16.38,84.8,21530
2026-06-13 06:12:56,lht65-20,52.2507,5.97306,2.989,16.7,83.7,11799
2026-06-13 06:22:56,lht65-20,52.2507,5.97306,2.991,16.51,84.1,8915
2026-06-13 06:32:56,lht65-20,52.2507,5.97306,2.991,16.38,84.9,4609
2026-06-13 06:42:56,lht65-20,52.2507,5.97306,2.991,16.57,85.2,20495
2026-06-13 06:52:56,lht65-20,52.2507,5.97306,2.992,17.12,81.2,26923
2026-06-13 07:02:56,lht65-20,52.2507,5.97306,2.991,17.83,76.4,28652
2026-06-13 07:12:56,lht65-20,52.2507,5.97306,2.991,17.89,75.9,10335
2026-06-13 07:22:56,lht65-20,52.2507,5.97306,2.991,17.88,74.4,7375
2026-06-13 07:32:56,lht65-20,52.2507,5.97306,2.992,17.77,75.0,12436
2026-06-13 07:42:56,lht65-20,52.2507,5.97306,2.991,18.07,74.2,12054
2026-06-13 07:52:56,lht65-20,52.2507,5.97306,2.992,17.84,72.7,8104
2026-06-13 08:02:56,lht65-20,52.2507,5.97306,2.992,16.86,74.4,9791
2026-06-13 08:12:56,lht65-20,52.2507,5.97306,2.991,16.99,73.9,8255
2026-06-13 08:22:56,lht65-20,52.2507,5.97306,2.991,17.76,69.3,33749
2026-06-13 08:42:56,lht65-20,52.2507,5.97306,2.992,16.96,69.5,7183
2026-06-13 08:52:56,lht65-20,52.2507,5.97306,2.991,16.37,73.9,9721
2026-06-13 09:02:56,lht65-20,52.2507,5.97306,2.992,17.41,73.5,36595
2026-06-13 09:12:56,lht65-20,52.2507,5.97306,2.992,18.28,66.3,16563
2026-06-13 09:22:56,lht65-20,52.2507,5.97306,2.994,18.1,63.4,13599
2026-06-13 09:32:56,lht65-20,52.2507,5.97306,2.992,16.95,66.3,13843
2026-06-13 09:42:56,lht65-20,52.2507,5.97306,2.992,17.17,66.8,39090
2026-06-13 10:02:56,lht65-20,52.2507,5.97306,2.992,16.91,62.8,9335
2026-06-13 10:12:56,lht65-20,52.2507,5.97306,2.991,16.59,62.2,14791
2026-06-13 10:22:56,lht65-20,52.2507,5.97306,2.991,16.63,63.0,13926
2026-06-13 10:32:56,lht65-20,52.2507,5.97306,2.991,16.46,62.1,15970
2026-06-13 10:42:56,lht65-20,52.2507,5.97306,2.991,16.38,63.5,16849
2026-06-13 10:52:56,lht65-20,52.2507,5.97306,2.991,16.42,62.5,16770
2026-06-13 11:02:56,lht65-20,52.2507,5.97306,2.992,16.39,62.8,12649
2026-06-13 11:12:56,lht65-20,52.2507,5.97306,2.989,16.12,64.1,19421
2026-06-13 11:22:56,lht65-20,52.2507,5.97306,2.991,17.01,60.7,7705
2026-06-13 11:32:56,lht65-20,52.2507,5.97306,2.991,16.18,65.5,10830
2026-06-13 11:42:56,lht65-20,52.2507,5.97306,2.989,16.32,65.4,24960
2026-06-13 12:02:56,lht65-20,52.2507,5.97306,2.991,16.23,68.2,11565
2026-06-13 12:12:56,lht65-20,52.2507,5.97306,2.991,16.04,67.5,12429
2026-06-13 12:22:56,lht65-20,52.2507,5.97306,2.991,16.51,65.3,32908
2026-06-13 12:32:56,lht65-20,52.2507,5.97306,2.991,17.16,63.8,18045
2026-06-13 12:42:56,lht65-20,52.2507,5.97306,2.992,16.53,64.9,14059
2026-06-13 12:52:56,lht65-20,52.2507,5.97306,2.991,16.65,65.3,15646
2026-06-13 13:02:56,lht65-20,52.2507,5.97306,2.991,16.25,62.6,5767
2026-06-13 13:12:56,lht65-20,52.2507,5.97306,2.989,15.59,65.0,4120
2026-06-13 13:22:56,lht65-20,52.2507,5.97306,2.989,15.4,65.3,5610
2026-06-13 13:32:56,lht65-20,52.2507,5.97306,2.989,15.53,67.0,7503
2026-06-13 13:42:56,lht65-20,52.2507,5.97306,2.991,15.34,67.8,6938
2026-06-13 13:52:56,lht65-20,52.2507,5.97306,2.989,15.46,67.9,11531
2026-06-13 14:02:56,lht65-20,52.2507,5.97306,2.989,15.62,67.6,7253
2026-06-13 14:12:57,lht65-20,52.2507,5.97306,2.989,15.21,67.5,2865
2026-06-13 14:22:56,lht65-20,52.2507,5.97306,2.989,15.07,68.5,4665
2026-06-13 14:32:56,lht65-20,52.2507,5.97306,2.989,14.93,68.8,2270
2026-06-13 14:42:56,lht65-20,52.2507,5.97306,2.989,14.6,70.0,2464
2026-06-13 14:52:56,lht65-20,52.2507,5.97306,2.989,14.59,71.1,5862
2026-06-13 15:02:56,lht65-20,52.2507,5.97306,2.987,14.76,70.5,4320
2026-06-13 15:12:56,lht65-20,52.2507,5.97306,2.989,14.74,71.0,3648
2026-06-13 15:22:56,lht65-20,52.2507,5.97306,2.989,14.69,69.0,3755
2026-06-13 15:32:56,lht65-20,52.2507,5.97306,2.989,14.74,69.3,7213
2026-06-13 15:42:56,lht65-20,52.2507,5.97306,2.989,14.92,68.7,6935
2026-06-13 15:52:56,lht65-20,52.2507,5.97306,2.989,14.87,68.5,2717
2026-06-13 16:02:56,lht65-20,52.2507,5.97306,2.989,14.58,69.7,2380
2026-06-13 16:12:56,lht65-20,52.2507,5.97306,2.989,14.42,70.4,2832
2026-06-13 16:22:56,lht65-20,52.2507,5.97306,2.987,14.41,70.5,4129
2026-06-13 16:32:56,lht65-20,52.2507,5.97306,2.987,14.57,71.1,6418
2026-06-13 16:42:56,lht65-20,52.2507,5.97306,2.989,14.75,70.3,5550
2026-06-13 16:52:56,lht65-20,52.2507,5.97306,2.989,14.71,70.1,2840
2026-06-13 17:02:56,lht65-20,52.2507,5.97306,2.987,14.55,72.1,1575
2026-06-13 17:12:56,lht65-20,52.2507,5.97306,2.987,14.43,72.5,1515
2026-06-13 17:22:56,lht65-20,52.2507,5.97306,2.989,14.37,71.9,1319
2026-06-13 17:32:56,lht65-20,52.2507,5.97306,2.989,14.36,72.2,1617
2026-06-13 17:42:56,lht65-20,52.2507,5.97306,2.989,14.31,72.7,2798
2026-06-13 17:52:56,lht65-20,52.2507,5.97306,2.989,14.37,71.5,2856
2026-06-13 18:02:56,lht65-20,52.2507,5.97306,2.989,14.49,71.3,4015
2026-06-13 18:12:56,lht65-20,52.2507,5.97306,2.989,14.5,71.6,2456
2026-06-13 18:22:56,lht65-20,52.2507,5.97306,2.989,14.43,70.9,1925
2026-06-13 18:32:56,lht65-20,52.2507,5.97306,2.989,14.36,71.4,1019
2026-06-13 18:42:56,lht65-20,52.2507,5.97306,2.989,14.24,71.7,437
2026-06-13 18:52:56,lht65-20,52.2507,5.97306,2.989,14.1,74.0,820
2026-06-13 19:02:56,lht65-20,52.2507,5.97306,2.987,13.92,74.7,1312
2026-06-13 19:12:56,lht65-20,52.2507,5.97306,2.989,13.86,75.9,686
2026-06-13 19:22:56,lht65-20,52.2507,5.97306,2.987,13.72,76.2,277
2026-06-13 19:32:56,lht65-20,52.2507,5.97306,2.989,13.59,77.1,105
2026-06-13 19:42:56,lht65-20,52.2507,5.97306,2.989,13.53,78.0,63
2026-06-13 19:52:56,lht65-20,52.2507,5.97306,2.989,13.46,77.9,20
2026-06-13 20:02:56,lht65-20,52.2507,5.97306,2.987,13.41,78.3,20
2026-06-13 20:12:56,lht65-20,52.2507,5.97306,2.987,13.37,78.5,30
2026-06-13 20:22:56,lht65-20,52.2507,5.97306,2.987,13.51,77.0,9
2026-06-13 20:32:56,lht65-20,52.2507,5.97306,2.987,13.51,77.4,3
2026-06-13 20:42:56,lht65-20,52.2507,5.97306,2.987,13.36,78.3,0
2026-06-13 20:52:56,lht65-20,52.2507,5.97306,2.987,13.26,79.7,0
2026-06-13 21:02:56,lht65-20,52.2507,5.97306,2.987,13.11,80.4,0
2026-06-13 21:12:56,lht65-20,52.2507,5.97306,2.987,13.04,80.3,0
2026-06-13 21:22:56,lht65-20,52.2507,5.97306,2.987,13.04,80.1,0
2026-06-13 21:32:56,lht65-20,52.2507,5.97306,2.987,13.19,78.3,0
2026-06-13 21:42:56,lht65-20,52.2507,5.97306,2.987,13.23,78.3,0
2026-06-13 21:52:56,lht65-20,52.2507,5.97306,2.987,13.21,78.9,0
2026-06-13 22:02:56,lht65-20,52.2507,5.97306,2.987,13.25,78.2,0
2026-06-13 22:12:56,lht65-20,52.2507,5.97306,2.987,13.32,77.5,0
2026-06-13 22:22:56,lht65-20,52.2507,5.97306,2.987,13.36,77.5,0
2026-06-13 22:32:56,lht65-20,52.2507,5.97306,2.987,13.37,76.9,0
2026-06-13 22:42:56,lht65-20,52.2507,5.97306,2.987,13.25,77.2,0
2026-06-13 22:52:56,lht65-20,52.2507,5.97306,2.987,13.04,77.8,0
2026-06-13 23:02:57,lht65-20,52.2507,5.97306,2.987,13.08,78.2,0
2026-06-13 23:12:56,lht65-20,52.2507,5.97306,2.987,12.98,78.2,0
2026-06-13 23:22:56,lht65-20,52.2507,5.97306,2.987,12.84,78.7,0
2026-06-13 23:32:56,lht65-20,52.2507,5.97306,2.987,12.74,79.1,0
2026-06-13 23:42:56,lht65-20,52.2507,5.97306,2.987,12.58,80.1,0
2026-06-13 23:52:56,lht65-20,52.2507,5.97306,2.987,12.62,80.2,0
2026-06-14 00:02:56,lht65-20,52.2507,5.97306,2.987,12.63,80.4,0
2026-06-14 00:12:56,lht65-20,52.2507,5.97306,2.987,12.71,80.2,0
2026-06-14 00:22:56,lht65-20,52.2507,5.97306,2.985,12.7,80.4,0
2026-06-14 00:32:56,lht65-20,52.2507,5.97306,2.985,12.72,80.3,0
2026-06-14 00:42:56,lht65-20,52.2507,5.97306,2.987,12.88,79.8,0
2026-06-14 00:52:56,lht65-20,52.2507,5.97306,2.987,12.92,79.9,0
2026-06-14 01:02:56,lht65-20,52.2507,5.97306,2.985,12.89,79.9,0
2026-06-14 01:12:56,lht65-20,52.2507,5.97306,2.987,12.98,79.9,0
2026-06-14 01:22:56,lht65-20,52.2507,5.97306,2.987,12.93,79.4,0
2026-06-14 01:32:56,lht65-20,52.2507,5.97306,2.987,13.04,79.1,0
2026-06-14 01:42:56,lht65-20,52.2507,5.97306,2.985,13.08,78.6,0
2026-06-14 01:52:56,lht65-20,52.2507,5.97306,2.987,13.12,78.2,0
2026-06-14 02:02:56,lht65-20,52.2507,5.97306,2.987,13.17,78.0,0
2026-06-14 02:12:56,lht65-20,52.2507,5.97306,2.987,13.12,77.6,0
2026-06-14 02:22:56,lht65-20,52.2507,5.97306,2.987,13.15,77.3,0
2026-06-14 02:32:56,lht65-20,52.2507,5.97306,2.987,13.06,77.5,1
2026-06-14 02:42:56,lht65-20,52.2507,5.97306,2.987,13.01,78.1,6
2026-06-14 02:52:56,lht65-20,52.2507,5.97306,2.985,13.0,78.3,27
2026-06-14 03:02:56,lht65-20,52.2507,5.97306,2.985,12.87,79.0,83
2026-06-14 03:12:56,lht65-20,52.2507,5.97306,2.987,12.76,79.8,175
2026-06-14 03:22:56,lht65-20,52.2507,5.97306,2.985,12.69,80.1,295
2026-06-14 03:32:56,lht65-20,52.2507,5.97306,2.983,12.64,80.4,504
2026-06-14 03:42:56,lht65-20,52.2507,5.97306,2.985,12.5,81.1,1373
2026-06-14 03:52:56,lht65-20,52.2507,5.97306,2.985,12.3,81.9,1419
2026-06-14 04:02:56,lht65-20,52.2507,5.97306,2.987,12.3,82.6,2480
2026-06-14 04:12:56,lht65-20,52.2507,5.97306,2.983,12.65,81.6,2960
2026-06-14 04:22:56,lht65-20,52.2507,5.97306,2.985,13.29,80.5,8052
2026-06-14 04:32:56,lht65-20,52.2507,5.97306,2.987,13.85,78.4,9017
2026-06-14 04:42:56,lht65-20,52.2507,5.97306,2.987,13.46,78.9,3845
2026-06-14 04:52:56,lht65-20,52.2507,5.97306,2.987,13.31,80.4,12187
2026-06-14 05:02:56,lht65-20,52.2507,5.97306,2.987,14.17,77.7,6305
2026-06-14 05:12:56,lht65-20,52.2507,5.97306,2.987,13.88,78.7,5676
2026-06-14 05:22:56,lht65-20,52.2507,5.97306,2.985,13.72,79.9,4597
2026-06-14 05:32:56,lht65-20,52.2507,5.97306,2.987,13.67,79.5,5148
2026-06-14 05:42:56,lht65-20,52.2507,5.97306,2.987,13.73,80.0,5087
2026-06-14 05:52:56,lht65-20,52.2507,5.97306,2.987,13.69,80.2,4180
2026-06-14 06:02:56,lht65-20,52.2507,5.97306,2.987,14.67,78.9,14100
2026-06-14 06:12:56,lht65-20,52.2507,5.97306,2.987,15.01,77.1,19045
2026-06-14 06:22:56,lht65-20,52.2507,5.97306,2.987,15.49,74.3,30613
2026-06-14 06:32:56,lht65-20,52.2507,5.97306,2.987,15.46,74.9,11998
2026-06-14 06:42:56,lht65-20,52.2507,5.97306,2.987,15.03,72.6,9125
2026-06-14 06:52:56,lht65-20,52.2507,5.97306,2.987,14.71,73.5,8920
2026-06-14 07:02:56,lht65-20,52.2507,5.97306,2.987,14.51,76.3,8816
2026-06-14 07:12:56,lht65-20,52.2507,5.97306,2.987,14.59,78.4,13966
2026-06-14 07:22:56,lht65-20,52.2507,5.97306,2.987,14.99,78.2,19230
2026-06-14 07:32:56,lht65-20,52.2507,5.97306,2.987,15.52,75.0,15331
2026-06-14 07:42:56,lht65-20,52.2507,5.97306,2.989,15.57,74.4,13030
2026-06-14 07:52:56,lht65-20,52.2507,5.97306,2.989,15.34,72.7,6987
2026-06-14 08:02:56,lht65-20,52.2507,5.97306,2.989,15.22,74.3,6843
2026-06-14 08:12:56,lht65-20,52.2507,5.97306,2.989,15.53,71.3,19521
2026-06-14 08:22:56,lht65-20,52.2507,5.97306,2.989,16.31,67.9,21932
2026-06-14 08:32:56,lht65-20,52.2507,5.97306,2.989,15.99,66.2,14220
2026-06-14 08:42:56,lht65-20,52.2507,5.97306,2.989,15.9,67.8,13055
2026-06-14 08:52:56,lht65-20,52.2507,5.97306,2.989,15.73,68.3,8927
2026-06-14 09:12:56,lht65-20,52.2507,5.97306,2.989,15.17,69.8,6901
2026-06-14 09:22:56,lht65-20,52.2507,5.97306,2.987,15.5,67.4,12222
2026-06-14 09:32:56,lht65-20,52.2507,5.97306,2.989,15.65,68.0,12160
2026-06-14 09:42:56,lht65-20,52.2507,5.97306,2.989,16.02,64.8,17287
2026-06-14 09:52:56,lht65-20,52.2507,5.97306,2.989,16.0,65.6,13024
2026-06-14 10:02:56,lht65-20,52.2507,5.97306,2.989,16.1,67.2,11063
2026-06-14 10:12:56,lht65-20,52.2507,5.97306,2.991,15.69,69.3,6092
2026-06-14 10:22:56,lht65-20,52.2507,5.97306,2.989,15.39,71.6,5735
2026-06-14 10:32:56,lht65-20,52.2507,5.97306,2.989,15.04,75.4,5742
2026-06-14 10:42:56,lht65-20,52.2507,5.97306,2.987,14.7,78.7,5241
2026-06-14 10:52:56,lht65-20,52.2507,5.97306,2.987,14.67,78.3,6129
2026-06-14 11:02:56,lht65-20,52.2507,5.97306,2.987,14.86,75.1,7635
2026-06-14 11:12:56,lht65-20,52.2507,5.97306,2.989,15.04,76.3,8182
2026-06-14 11:22:56,lht65-20,52.2507,5.97306,2.987,15.1,75.4,5139
2026-06-14 11:32:56,lht65-20,52.2507,5.97306,2.987,15.06,79.2,5639
2026-06-14 11:52:56,lht65-20,52.2507,5.97306,2.987,15.31,76.8,20501
2026-06-14 12:02:56,lht65-20,52.2507,5.97306,2.989,16.56,71.4,24359
2026-06-14 12:12:56,lht65-20,52.2507,5.97306,2.989,16.56,67.7,7452
2026-06-14 12:22:56,lht65-20,52.2507,5.97306,2.987,16.04,66.8,10968
2026-06-14 12:32:56,lht65-20,52.2507,5.97306,2.991,16.53,64.9,21454
2026-06-14 12:42:56,lht65-20,52.2507,5.97306,2.989,17.14,63.7,22138
2026-06-14 12:52:56,lht65-20,52.2507,5.97306,2.991,17.3,61.8,19928
2026-06-14 13:02:57,lht65-20,52.2507,5.97306,2.991,17.32,62.6,24801
2026-06-14 13:12:56,lht65-20,52.2507,5.97306,2.991,17.75,65.4,35105
2026-06-14 13:22:56,lht65-20,52.2507,5.97306,2.991,17.38,63.2,23012
2026-06-14 13:32:56,lht65-20,52.2507,5.97306,2.989,17.47,63.2,11533
2026-06-14 13:42:56,lht65-20,52.2507,5.97306,2.991,18.55,60.4,17176
2026-06-14 13:52:56,lht65-20,52.2507,5.97306,2.992,18.36,61.7,22943
2026-06-14 14:02:56,lht65-20,52.2507,5.97306,2.992,18.14,58.5,26961
2026-06-14 14:12:56,lht65-20,52.2507,5.97306,2.991,17.54,59.7,10628
2026-06-14 14:22:56,lht65-20,52.2507,5.97306,2.992,17.24,61.9,31386
2026-06-14 14:32:56,lht65-20,52.2507,5.97306,2.992,17.39,59.2,11982
2026-06-14 14:42:56,lht65-20,52.2507,5.97306,2.991,16.65,63.0,9831
2026-06-14 14:52:56,lht65-20,52.2507,5.97306,2.989,16.29,65.4,8751
2026-06-14 15:02:56,lht65-20,52.2507,5.97306,2.989,16.77,65.8,35492
2026-06-14 15:12:56,lht65-20,52.2507,5.97306,2.991,17.54,60.7,8693
2026-06-14 15:22:56,lht65-20,52.2507,5.97306,2.989,16.7,65.7,9889
2026-06-14 15:32:56,lht65-20,52.2507,5.97306,2.991,17.17,64.7,11780
2026-06-14 15:42:56,lht65-20,52.2507,5.97306,2.989,16.73,61.7,7108
2026-06-14 15:52:56,lht65-20,52.2507,5.97306,2.991,16.72,65.3,9415
2026-06-14 16:02:56,lht65-20,52.2507,5.97306,2.989,16.35,63.9,7949
2026-06-14 16:12:56,lht65-20,52.2507,5.97306,2.991,16.62,62.3,32874
2026-06-14 16:22:56,lht65-20,52.2507,5.97306,2.992,17.87,57.6,9076
2026-06-14 16:32:56,lht65-20,52.2507,5.97306,2.992,16.79,62.2,11880
2026-06-14 16:42:56,lht65-20,52.2507,5.97306,2.991,16.52,61.7,7682
2026-06-14 16:52:56,lht65-20,52.2507,5.97306,2.989,16.21,64.7,8514
2026-06-14 17:02:56,lht65-20,52.2507,5.97306,2.989,15.9,67.8,9288
2026-06-14 17:12:56,lht65-20,52.2507,5.97306,2.989,15.95,67.6,6844
2026-06-14 17:22:56,lht65-20,52.2507,5.97306,2.989,15.5,69.1,5340
2026-06-14 17:32:56,lht65-20,52.2507,5.97306,2.989,15.2,68.8,5566
2026-06-14 17:42:56,lht65-20,52.2507,5.97306,2.991,15.32,69.9,7370
2026-06-14 17:52:56,lht65-20,52.2507,5.97306,2.989,15.38,70.3,6110
2026-06-14 18:02:56,lht65-20,52.2507,5.97306,2.989,14.93,72.1,5045
2026-06-14 18:12:56,lht65-20,52.2507,5.97306,2.989,15.32,68.9,13443
2026-06-14 18:22:56,lht65-20,52.2507,5.97306,2.989,14.99,71.1,11822
2026-06-14 18:32:56,lht65-20,52.2507,5.97306,2.989,15.01,69.4,11476
2026-06-14 18:42:56,lht65-20,52.2507,5.97306,2.989,15.45,66.8,9244
2026-06-14 18:52:56,lht65-20,52.2507,5.97306,2.989,14.65,68.5,2241
2026-06-14 19:02:56,lht65-20,52.2507,5.97306,2.989,14.0,71.1,1768
2026-06-14 19:12:56,lht65-20,52.2507,5.97306,2.989,13.78,71.7,1288
2026-06-14 19:22:56,lht65-20,52.2507,5.97306,2.987,13.67,72.6,500
2026-06-14 19:32:56,lht65-20,52.2507,5.97306,2.987,13.67,72.7,233
2026-06-14 19:42:56,lht65-20,52.2507,5.97306,2.987,13.66,72.5,115
2026-06-14 19:52:56,lht65-20,52.2507,5.97306,2.987,13.59,73.1,87
2026-06-14 20:02:56,lht65-20,52.2507,5.97306,2.987,13.47,74.5,32
2026-06-14 20:12:56,lht65-20,52.2507,5.97306,2.987,13.39,76.3,34
2026-06-14 20:22:56,lht65-20,52.2507,5.97306,2.987,13.26,76.5,7
2026-06-14 20:32:56,lht65-20,52.2507,5.97306,2.987,13.22,76.9,1
2026-06-14 20:42:56,lht65-20,52.2507,5.97306,2.987,13.23,77.1,0
2026-06-14 20:52:56,lht65-20,52.2507,5.97306,2.987,13.15,77.3,0
2026-06-14 21:02:57,lht65-20,52.2507,5.97306,2.987,13.06,77.8,0
2026-06-14 21:12:56,lht65-20,52.2507,5.97306,2.987,12.99,78.6,0
2026-06-14 21:22:56,lht65-20,52.2507,5.97306,2.987,13.01,78.8,0
2026-06-14 21:32:56,lht65-20,52.2507,5.97306,2.987,13.01,79.3,0
2026-06-14 21:42:56,lht65-20,52.2507,5.97306,2.987,12.99,79.7,0
2026-06-14 21:52:56,lht65-20,52.2507,5.97306,2.987,12.98,79.7,0
2026-06-14 22:02:56,lht65-20,52.2507,5.97306,2.987,12.93,80.6,0
2026-06-14 22:12:56,lht65-20,52.2507,5.97306,2.987,12.92,81.0,0
2026-06-14 22:22:56,lht65-20,52.2507,5.97306,2.985,12.86,81.9,0
2026-06-14 22:32:56,lht65-20,52.2507,5.97306,2.985,12.88,82.2,0
2026-06-14 22:42:56,lht65-20,52.2507,5.97306,2.985,12.91,82.4,0
2026-06-14 22:52:56,lht65-20,52.2507,5.97306,2.985,12.91,82.9,0
2026-06-14 23:02:56,lht65-20,52.2507,5.97306,2.987,12.86,82.9,0
2026-06-14 23:12:56,lht65-20,52.2507,5.97306,2.987,12.84,83.3,0
2026-06-14 23:22:56,lht65-20,52.2507,5.97306,2.985,12.79,83.5,0
2026-06-14 23:32:56,lht65-20,52.2507,5.97306,2.987,12.66,84.3,0
2026-06-14 23:42:56,lht65-20,52.2507,5.97306,2.987,12.65,84.5,0
2026-06-14 23:52:56,lht65-20,52.2507,5.97306,2.987,12.65,84.4,0
2026-06-15 00:02:56,lht65-20,52.2507,5.97306,2.985,12.64,84.6,0
2026-06-15 00:12:56,lht65-20,52.2507,5.97306,2.987,12.63,84.4,0
2026-06-15 00:22:56,lht65-20,52.2507,5.97306,2.985,12.64,84.1,0
2026-06-15 00:32:56,lht65-20,52.2507,5.97306,2.985,12.63,84.1,0
2026-06-15 00:42:56,lht65-20,52.2507,5.97306,2.987,12.65,84.0,0
2026-06-15 00:52:56,lht65-20,52.2507,5.97306,2.985,12.58,84.2,0
2026-06-15 01:02:56,lht65-20,52.2507,5.97306,2.985,12.53,84.3,0
2026-06-15 01:12:56,lht65-20,52.2507,5.97306,2.983,12.54,84.2,0
2026-06-15 01:22:56,lht65-20,52.2507,5.97306,2.985,12.56,83.7,0
2026-06-15 01:32:56,lht65-20,52.2507,5.97306,2.985,12.53,84.1,0
2026-06-15 01:42:56,lht65-20,52.2507,5.97306,2.987,12.5,84.3,0
2026-06-15 01:52:56,lht65-20,52.2507,5.97306,2.987,12.43,84.8,0
2026-06-15 02:02:56,lht65-20,52.2507,5.97306,2.985,12.43,84.9,0
2026-06-15 02:12:56,lht65-20,52.2507,5.97306,2.983,12.42,85.1,0
2026-06-15 02:22:56,lht65-20,52.2507,5.97306,2.985,12.44,85.1,0
2026-06-15 02:32:56,lht65-20,52.2507,5.97306,2.983,12.4,85.0,0
2026-06-15 02:42:56,lht65-20,52.2507,5.97306,2.983,12.42,84.5,5
2026-06-15 02:52:56,lht65-20,52.2507,5.97306,2.983,12.47,84.2,11
2026-06-15 03:02:56,lht65-20,52.2507,5.97306,2.983,12.39,85.5,30
2026-06-15 03:12:56,lht65-20,52.2507,5.97306,2.983,12.14,87.7,114
2026-06-15 03:22:56,lht65-20,52.2507,5.97306,2.983,12.0,89.0,240
2026-06-15 03:32:56,lht65-20,52.2507,5.97306,2.983,11.9,89.8,408
2026-06-15 03:42:56,lht65-20,52.2507,5.97306,2.983,11.93,90.2,373
2026-06-15 03:52:56,lht65-20,52.2507,5.97306,2.983,11.94,90.6,535
2026-06-15 04:02:56,lht65-20,52.2507,5.97306,2.983,11.96,91.2,889
2026-06-15 04:12:56,lht65-20,52.2507,5.97306,2.983,12.08,90.3,1388
2026-06-15 04:22:56,lht65-20,52.2507,5.97306,2.985,12.14,89.9,920
2026-06-15 04:32:56,lht65-20,52.2507,5.97306,2.983,12.05,90.9,592
2026-06-15 04:42:56,lht65-20,52.2507,5.97306,2.983,11.84,92.7,1931
2026-06-15 04:52:57,lht65-20,52.2507,5.97306,2.983,12.0,93.3,4347
2026-06-15 05:02:57,lht65-20,52.2507,5.97306,2.983,12.14,92.4,3054
2026-06-15 05:12:56,lht65-20,52.2507,5.97306,2.983,12.24,91.4,3783
2026-06-15 05:22:56,lht65-20,52.2507,5.97306,2.983,12.33,90.8,2792
2026-06-15 05:32:56,lht65-20,52.2507,5.97306,2.983,12.36,90.6,2615
2026-06-15 05:42:56,lht65-20,52.2507,5.97306,2.983,12.43,90.3,3869
2026-06-15 05:52:57,lht65-20,52.2507,5.97306,2.985,12.54,90.0,4429
2026-06-15 06:02:56,lht65-20,52.2507,5.97306,2.983,12.63,89.9,4836
2026-06-15 06:12:57,lht65-20,52.2507,5.97306,2.983,12.8,89.6,5279
2026-06-15 06:22:56,lht65-20,52.2507,5.97306,2.983,12.89,88.3,5090
2026-06-15 06:32:57,lht65-20,52.2507,5.97306,2.985,12.96,88.1,5308
2026-06-15 06:42:56,lht65-20,52.2507,5.97306,2.985,13.0,87.7,4535
2026-06-15 06:52:56,lht65-20,52.2507,5.97306,2.985,13.03,87.7,5450
2026-06-15 07:02:56,lht65-20,52.2507,5.97306,2.985,13.09,87.8,4995
2026-06-15 07:12:56,lht65-20,52.2507,5.97306,2.985,13.18,87.5,7224
2026-06-15 07:22:56,lht65-20,52.2507,5.97306,2.985,13.38,87.1,6986
2026-06-15 07:32:56,lht65-20,52.2507,5.97306,2.985,13.32,85.4,6838
2026-06-15 07:42:56,lht65-20,52.2507,5.97306,2.983,13.4,85.9,5284
2026-06-15 07:52:56,lht65-20,52.2507,5.97306,2.987,13.44,86.3,6585
2026-06-15 08:02:56,lht65-20,52.2507,5.97306,2.985,13.44,85.7,3867
2026-06-15 08:12:56,lht65-20,52.2507,5.97306,2.985,13.46,85.6,4913
2026-06-15 08:22:56,lht65-20,52.2507,5.97306,2.985,13.51,84.5,5874
2026-06-15 08:32:56,lht65-20,52.2507,5.97306,2.987,13.77,83.7,10246
2026-06-15 08:42:57,lht65-20,52.2507,5.97306,2.985,14.3,81.7,13678
2026-06-15 08:52:56,lht65-20,52.2507,5.97306,2.987,14.84,78.7,16763
2026-06-15 09:02:56,lht65-20,52.2507,5.97306,2.987,14.96,79.3,12100
2026-06-15 09:12:56,lht65-20,52.2507,5.97306,2.987,14.78,78.8,10774
2026-06-15 09:22:56,lht65-20,52.2507,5.97306,2.987,14.6,78.5,9918
2026-06-15 09:32:57,lht65-20,52.2507,5.97306,2.987,14.33,80.2,8044
2026-06-15 09:42:56,lht65-20,52.2507,5.97306,2.987,14.29,82.1,13171
2026-06-15 09:52:56,lht65-20,52.2507,5.97306,2.987,14.91,80.0,13111
2026-06-15 10:02:56,lht65-20,52.2507,5.97306,2.987,15.19,76.1,12974
2026-06-15 10:12:57,lht65-20,52.2507,5.97306,2.987,15.36,76.7,5388
2026-06-15 10:22:56,lht65-20,52.2507,5.97306,2.987,15.16,76.9,4734
2026-06-15 10:32:56,lht65-20,52.2507,5.97306,2.987,14.64,78.5,3595
2026-06-15 10:42:56,lht65-20,52.2507,5.97306,2.987,14.51,78.5,6389
2026-06-15 10:52:56,lht65-20,52.2507,5.97306,2.987,14.66,75.7,9016
2026-06-15 11:02:56,lht65-20,52.2507,5.97306,2.987,15.07,74.1,14606
2026-06-15 11:12:57,lht65-20,52.2507,5.97306,2.987,15.72,71.2,14293
2026-06-15 11:22:56,lht65-20,52.2507,5.97306,2.989,15.48,72.3,10891
2026-06-15 11:32:56,lht65-20,52.2507,5.97306,2.987,15.43,72.4,12075
2026-06-15 11:42:56,lht65-20,52.2507,5.97306,2.987,15.33,72.7,13650
2026-06-15 11:52:56,lht65-20,52.2507,5.97306,2.987,15.29,74.9,13537
2026-06-15 12:02:56,lht65-20,52.2507,5.97306,2.989,15.34,72.9,12572
2026-06-15 12:12:56,lht65-20,52.2507,5.97306,2.987,15.35,75.0,11620
2026-06-15 12:22:56,lht65-20,52.2507,5.97306,2.987,15.74,73.2,15250
2026-06-15 12:32:56,lht65-20,52.2507,5.97306,2.989,15.47,74.6,7348
2026-06-15 12:42:56,lht65-20,52.2507,5.97306,2.987,15.6,75.3,11800
2026-06-15 12:52:56,lht65-20,52.2507,5.97306,2.989,15.67,75.0,13398
2026-06-15 13:02:56,lht65-20,52.2507,5.97306,2.987,15.79,76.1,15352
2026-06-15 13:12:56,lht65-20,52.2507,5.97306,2.987,16.31,78.2,23658
2026-06-15 13:22:57,lht65-20,52.2507,5.97306,2.989,17.33,71.4,23041
2026-06-15 13:32:56,lht65-20,52.2507,5.97306,2.991,17.21,70.6,24337
2026-06-15 13:42:56,lht65-20,52.2507,5.97306,2.991,17.89,65.7,45302
2026-06-15 13:52:56,lht65-20,52.2507,5.97306,2.991,17.8,66.5,13710
2026-06-15 14:02:56,lht65-20,52.2507,5.97306,2.991,18.25,68.1,42126
2026-06-15 14:12:56,lht65-20,52.2507,5.97306,2.989,18.91,63.3,41207
2026-06-15 14:22:56,lht65-20,52.2507,5.97306,2.992,18.92,62.5,42908
2026-06-15 14:32:56,lht65-20,52.2507,5.97306,2.991,18.33,63.8,13010
2026-06-15 14:42:56,lht65-20,52.2507,5.97306,2.992,19.07,62.9,35911
2026-06-15 14:52:56,lht65-20,52.2507,5.97306,2.992,18.8,61.4,13985
2026-06-15 15:02:56,lht65-20,52.2507,5.97306,2.992,18.03,63.9,13710
2026-06-15 15:12:56,lht65-20,52.2507,5.97306,2.991,17.85,63.8,11646
2026-06-15 15:22:56,lht65-20,52.2507,5.97306,2.991,18.35,64.8,15130
2026-06-15 15:32:56,lht65-20,52.2507,5.97306,2.991,19.04,61.9,21736
2026-06-15 15:42:56,lht65-20,52.2507,5.97306,2.992,18.46,62.9,30560
2026-06-15 15:52:56,lht65-20,52.2507,5.97306,2.992,19.14,61.7,31520
2026-06-15 16:02:56,lht65-20,52.2507,5.97306,2.992,19.87,57.3,29167
2026-06-15 16:12:56,lht65-20,52.2507,5.97306,2.994,19.92,56.9,26112
2026-06-15 16:22:56,lht65-20,52.2507,5.97306,2.994,19.62,57.3,14889
2026-06-15 16:32:56,lht65-20,52.2507,5.97306,2.992,18.74,60.5,26198
2026-06-15 16:42:56,lht65-20,52.2507,5.97306,2.992,19.57,60.1,24576
2026-06-15 16:52:56,lht65-20,52.2507,5.97306,2.994,19.8,54.6,9180
2026-06-15 17:02:56,lht65-20,52.2507,5.97306,2.994,19.27,58.4,18981
2026-06-15 17:12:56,lht65-20,52.2507,5.97306,2.992,18.31,61.7,7722
2026-06-15 17:22:56,lht65-20,52.2507,5.97306,2.992,18.09,61.2,7664
2026-06-15 17:32:56,lht65-20,52.2507,5.97306,2.992,17.51,63.6,11463
2026-06-15 17:42:56,lht65-20,52.2507,5.97306,2.992,18.15,61.7,5494
2026-06-15 17:52:56,lht65-20,52.2507,5.97306,2.992,18.51,65.5,13178
2026-06-15 18:02:56,lht65-20,52.2507,5.97306,2.994,19.36,55.7,9740
2026-06-15 18:12:56,lht65-20,52.2507,5.97306,2.994,19.01,57.8,11369
2026-06-15 18:22:56,lht65-20,52.2507,5.97306,2.994,19.1,58.6,9095
2026-06-15 18:32:56,lht65-20,52.2507,5.97306,2.994,18.43,60.5,7391
2026-06-15 18:42:56,lht65-20,52.2507,5.97306,2.994,17.91,64.4,5172
2026-06-15 18:52:56,lht65-20,52.2507,5.97306,2.992,17.32,66.1,2360
2026-06-15 19:02:56,lht65-20,52.2507,5.97306,2.991,16.57,73.9,2045
2026-06-15 19:12:56,lht65-20,52.2507,5.97306,2.992,16.05,71.5,1658
2026-06-15 19:22:56,lht65-20,52.2507,5.97306,2.991,15.61,75.7,1201
2026-06-15 19:32:56,lht65-20,52.2507,5.97306,2.989,14.96,77.3,831
2026-06-15 19:42:56,lht65-20,52.2507,5.97306,2.989,14.24,80.6,469
2026-06-15 19:52:56,lht65-20,52.2507,5.97306,2.989,13.48,82.9,242
2026-06-15 20:02:56,lht65-20,52.2507,5.97306,2.987,12.79,84.4,122
2026-06-15 20:12:56,lht65-20,52.2507,5.97306,2.987,12.43,88.7,53
2026-06-15 20:22:56,lht65-20,52.2507,5.97306,2.985,12.2,89.9,18
2026-06-15 20:32:56,lht65-20,52.2507,5.97306,2.985,11.83,90.6,5
2026-06-15 20:42:56,lht65-20,52.2507,5.97306,2.985,11.22,90.0,1
2026-06-15 20:52:56,lht65-20,52.2507,5.97306,2.983,10.78,91.6,0
2026-06-15 21:02:56,lht65-20,52.2507,5.97306,2.983,10.72,93.6,0
2026-06-15 21:12:56,lht65-20,52.2507,5.97306,2.983,10.74,94.7,0
2026-06-15 21:22:56,lht65-20,52.2507,5.97306,2.983,10.74,95.3,0
2026-06-15 21:32:56,lht65-20,52.2507,5.97306,2.983,10.66,95.8,0
2026-06-15 21:42:56,lht65-20,52.2507,5.97306,2.983,10.3,95.8,0
2026-06-15 21:52:56,lht65-20,52.2507,5.97306,2.983,9.87,95.7,0
2026-06-15 22:02:56,lht65-20,52.2507,5.97306,2.983,9.84,96.0,0
2026-06-15 22:12:56,lht65-20,52.2507,5.97306,2.98,10.1,96.4,0
2026-06-15 22:22:56,lht65-20,52.2507,5.97306,2.983,10.18,96.8,0
2026-06-15 22:32:56,lht65-20,52.2507,5.97306,2.983,10.23,97.0,0
2026-06-15 22:42:56,lht65-20,52.2507,5.97306,2.983,10.14,97.1,0
2026-06-15 22:52:56,lht65-20,52.2507,5.97306,2.983,10.17,97.3,0
2026-06-15 23:02:56,lht65-20,52.2507,5.97306,2.983,10.12,97.4,0
2026-06-15 23:12:56,lht65-20,52.2507,5.97306,2.983,10.02,97.5,0
2026-06-15 23:22:56,lht65-20,52.2507,5.97306,2.983,10.0,97.6,0
2026-06-15 23:32:56,lht65-20,52.2507,5.97306,2.98,9.98,97.7,0
2026-06-15 23:42:56,lht65-20,52.2507,5.97306,2.98,9.93,97.8,0
2026-06-15 23:52:56,lht65-20,52.2507,5.97306,2.982,9.71,97.9,0
2026-06-16 00:02:56,lht65-20,52.2507,5.97306,2.98,9.46,97.9,0
2026-06-16 00:12:56,lht65-20,52.2507,5.97306,2.98,9.29,97.9,0
2026-06-16 00:22:56,lht65-20,52.2507,5.97306,2.98,9.16,98.0,0
2026-06-16 00:32:56,lht65-20,52.2507,5.97306,2.98,9.21,98.0,0
2026-06-16 00:42:56,lht65-20,52.2507,5.97306,2.98,9.18,98.0,0
2026-06-16 00:52:56,lht65-20,52.2507,5.97306,2.98,9.14,98.0,0
2026-06-16 01:02:56,lht65-20,52.2507,5.97306,2.98,9.08,98.1,0
2026-06-16 01:12:56,lht65-20,52.2507,5.97306,2.978,9.16,98.2,0
2026-06-16 01:22:56,lht65-20,52.2507,5.97306,2.98,9.19,98.3,0
2026-06-16 01:32:56,lht65-20,52.2507,5.97306,2.98,9.3,98.3,0
2026-06-16 01:42:56,lht65-20,52.2507,5.97306,2.98,9.3,98.3,0
2026-06-16 01:52:56,lht65-20,52.2507,5.97306,2.98,9.29,98.4,0
2026-06-16 02:02:56,lht65-20,52.2507,5.97306,2.98,9.28,98.4,0
2026-06-16 02:12:56,lht65-20,52.2507,5.97306,2.98,9.37,98.5,0
2026-06-16 02:22:56,lht65-20,52.2507,5.97306,2.98,9.49,98.5,0
2026-06-16 02:32:56,lht65-20,52.2507,5.97306,2.978,9.57,98.5,0
2026-06-16 02:42:56,lht65-20,52.2507,5.97306,2.98,9.68,98.6,5
2026-06-16 02:52:56,lht65-20,52.2507,5.97306,2.98,9.74,98.6,12
2026-06-16 03:02:56,lht65-20,52.2507,5.97306,2.98,9.87,98.6,30
2026-06-16 03:12:56,lht65-20,52.2507,5.97306,2.98,10.06,98.6,55
2026-06-16 03:22:56,lht65-20,52.2507,5.97306,2.98,10.16,98.6,143
2026-06-16 03:32:57,lht65-20,52.2507,5.97306,2.98,10.28,98.6,331
2026-06-16 03:42:57,lht65-20,52.2507,5.97306,2.98,10.46,98.4,570
2026-06-16 03:52:56,lht65-20,52.2507,5.97306,2.98,10.53,98.2,473
2026-06-16 04:02:57,lht65-20,52.2507,5.97306,2.98,10.69,97.7,743
2026-06-16 04:12:57,lht65-20,52.2507,5.97306,2.983,10.87,97.0,1518
2026-06-16 04:22:56,lht65-20,52.2507,5.97306,2.983,11.02,95.7,1652
2026-06-16 04:32:57,lht65-20,52.2507,5.97306,2.982,11.18,94.5,1633
2026-06-16 04:42:56,lht65-20,52.2507,5.97306,2.983,11.29,93.7,2152
2026-06-16 04:52:56,lht65-20,52.2507,5.97306,2.983,11.47,92.5,2517
2026-06-16 05:02:56,lht65-20,52.2507,5.97306,2.983,11.71,91.4,3182
2026-06-16 05:12:56,lht65-20,52.2507,5.97306,2.983,11.96,90.4,3840
2026-06-16 05:22:56,lht65-20,52.2507,5.97306,2.983,12.11,89.6,4504
2026-06-16 05:32:57,lht65-20,52.2507,5.97306,2.983,12.32,88.3,5815
2026-06-16 05:42:56,lht65-20,52.2507,5.97306,2.983,12.67,87.6,7362
2026-06-16 05:52:57,lht65-20,52.2507,5.97306,2.983,12.91,86.9,7055
2026-06-16 06:02:56,lht65-20,52.2507,5.97306,2.983,13.3,85.2,7237
2026-06-16 06:12:57,lht65-20,52.2507,5.97306,2.983,13.33,84.6,6824
2026-06-16 06:22:57,lht65-20,52.2507,5.97306,2.985,13.56,84.1,7637
2026-06-16 06:32:56,lht65-20,52.2507,5.97306,2.985,13.74,82.9,6941
2026-06-16 06:42:57,lht65-20,52.2507,5.97306,2.985,14.11,82.4,8565
2026-06-16 06:52:57,lht65-20,52.2507,5.97306,2.985,14.46,81.0,9418
2026-06-16 07:02:57,lht65-20,52.2507,5.97306,2.987,15.61,78.8,17971
2026-06-16 07:12:57,lht65-20,52.2507,5.97306,2.987,16.27,74.6,13955
2026-06-16 07:22:57,lht65-20,52.2507,5.97306,2.989,16.1,77.3,14183
2026-06-16 07:32:57,lht65-20,52.2507,5.97306,2.987,16.34,76.0,21250
2026-06-16 07:42:57,lht65-20,52.2507,5.97306,2.989,17.24,73.1,19224
2026-06-16 07:52:57,lht65-20,52.2507,5.97306,2.989,17.37,72.3,24118
2026-06-16 08:02:56,lht65-20,52.2507,5.97306,2.989,18.09,69.4,32133
2026-06-16 08:12:56,lht65-20,52.2507,5.97306,2.989,18.6,70.1,24221
2026-06-16 08:22:56,lht65-20,52.2507,5.97306,2.989,18.12,71.5,14006
2026-06-16 08:32:57,lht65-20,52.2507,5.97306,2.991,18.5,72.2,31225
2026-06-16 08:42:57,lht65-20,52.2507,5.97306,2.991,19.14,67.8,31095
2026-06-16 08:52:57,lht65-20,52.2507,5.97306,2.991,19.64,68.3,31627
2026-06-16 09:02:57,lht65-20,52.2507,5.97306,2.994,19.73,65.6,32053
2026-06-16 09:12:56,lht65-20,52.2507,5.97306,2.992,20.04,68.3,32461
2026-06-16 09:22:56,lht65-20,52.2507,5.97306,2.992,20.37,68.3,32989
2026-06-16 09:42:56,lht65-20,52.2507,5.97306,2.994,21.21,67.3,38731
2026-06-16 09:52:56,lht65-20,52.2507,5.97306,2.994,21.46,61.6,35690
2026-06-16 10:02:56,lht65-20,52.2507,5.97306,2.994,21.6,64.8,35063
2026-06-16 10:32:56,lht65-20,52.2507,5.97306,2.994,21.21,62.4,24520
2026-06-16 10:42:56,lht65-20,52.2507,5.97306,2.994,22.03,63.6,39285
2026-06-16 10:52:56,lht65-20,52.2507,5.97306,2.996,22.6,61.1,38742
2026-06-16 11:02:56,lht65-20,52.2507,5.97306,2.998,22.46,61.1,38028
2026-06-16 11:12:56,lht65-20,52.2507,5.97306,2.996,22.93,59.3,37375
2026-06-16 11:22:56,lht65-20,52.2507,5.97306,2.996,23.05,59.9,39533
2026-06-16 11:32:56,lht65-20,52.2507,5.97306,2.998,22.71,60.0,41239
2026-06-16 11:42:56,lht65-20,52.2507,5.97306,2.996,23.46,58.5,39117
2026-06-16 11:52:56,lht65-20,52.2507,5.97306,2.998,23.27,60.8,27065
2026-06-16 12:02:56,lht65-20,52.2507,5.97306,2.998,22.29,63.4,39910
2026-06-16 12:12:57,lht65-20,52.2507,5.97306,2.998,23.45,60.5,41512
2026-06-16 12:22:56,lht65-20,52.2507,5.97306,2.998,24.37,55.6,21018
2026-06-16 12:32:56,lht65-20,52.2507,5.97306,2.998,23.2,59.2,31369
2026-06-16 12:42:56,lht65-20,52.2507,5.97306,2.998,23.1,59.5,17713
2026-06-16 12:52:57,lht65-20,52.2507,5.97306,2.998,22.62,63.3,37194
2026-06-16 13:02:56,lht65-20,52.2507,5.97306,2.998,24.38,57.1,34939
2026-06-16 13:12:56,lht65-20,52.2507,5.97306,3.0,23.25,59.0,36116
2026-06-16 13:22:56,lht65-20,52.2507,5.97306,2.998,24.74,58.3,38650
2026-06-16 13:32:56,lht65-20,52.2507,5.97306,2.998,25.91,55.7,36706
2026-06-16 13:42:57,lht65-20,52.2507,5.97306,3.0,24.46,55.9,12607
2026-06-16 13:52:56,lht65-20,52.2507,5.97306,3.0,23.16,62.4,12922
2026-06-16 14:02:56,lht65-20,52.2507,5.97306,2.998,22.53,63.4,14551
2026-06-16 14:12:56,lht65-20,52.2507,5.97306,3.0,22.6,63.3,26944
2026-06-16 14:32:56,lht65-20,52.2507,5.97306,3.0,24.7,57.9,32637
2026-06-16 14:42:56,lht65-20,52.2507,5.97306,3.001,25.67,51.9,33019
2026-06-16 14:52:56,lht65-20,52.2507,5.97306,3.001,25.94,53.6,31738
2026-06-16 15:02:56,lht65-20,52.2507,5.97306,3.001,25.43,58.0,31488
2026-06-16 15:12:56,lht65-20,52.2507,5.97306,3.001,24.54,56.3,23209
2026-06-16 15:22:56,lht65-20,52.2507,5.97306,3.001,23.82,58.3,23524
2026-06-16 15:32:56,lht65-20,52.2507,5.97306,3.001,23.19,60.7,25423
2026-06-16 15:42:56,lht65-20,52.2507,5.97306,3.001,24.77,58.1,26560
2026-06-16 15:52:56,lht65-20,52.2507,5.97306,3.001,25.61,54.6,26755
2026-06-16 16:02:56,lht65-20,52.2507,5.97306,3.001,25.45,56.2,26006
2026-06-16 16:12:56,lht65-20,52.2507,5.97306,3.001,24.39,53.4,9284
2026-06-16 16:22:56,lht65-20,52.2507,5.97306,3.001,24.79,58.9,20686
2026-06-16 16:32:56,lht65-20,52.2507,5.97306,3.001,23.8,58.2,9736
2026-06-16 16:42:56,lht65-20,52.2507,5.97306,3.001,23.44,59.6,22549
2026-06-16 16:52:56,lht65-20,52.2507,5.97306,3.001,23.24,58.4,7900
2026-06-16 17:02:56,lht65-20,52.2507,5.97306,3.001,21.98,63.1,6447
2026-06-16 17:12:56,lht65-20,52.2507,5.97306,3.001,21.62,64.6,11420
2026-06-16 17:22:56,lht65-20,52.2507,5.97306,3.001,22.61,59.8,10875
2026-06-16 17:32:56,lht65-20,52.2507,5.97306,3.001,22.21,63.0,12108
2026-06-16 17:42:56,lht65-20,52.2507,5.97306,3.001,21.82,65.6,4922
2026-06-16 17:52:56,lht65-20,52.2507,5.97306,3.001,21.36,69.4,3757
2026-06-16 18:12:56,lht65-20,52.2507,5.97306,3.001,20.8,68.9,3253
2026-06-16 18:22:56,lht65-20,52.2507,5.97306,3.001,20.63,68.6,3466
2026-06-16 18:32:56,lht65-20,52.2507,5.97306,3.0,20.51,70.5,3039
2026-06-16 18:52:56,lht65-20,52.2507,5.97306,3.001,20.76,72.9,2911
2026-06-16 19:02:56,lht65-20,52.2507,5.97306,3.001,21.06,72.3,2828
2026-06-16 19:12:56,lht65-20,52.2507,5.97306,3.001,21.05,68.5,1581
2026-06-16 19:22:56,lht65-20,52.2507,5.97306,3.001,20.33,69.7,800
2026-06-16 19:32:56,lht65-20,52.2507,5.97306,3.0,19.83,70.7,464
2026-06-16 19:42:56,lht65-20,52.2507,5.97306,3.0,19.46,73.7,309
2026-06-16 19:52:56,lht65-20,52.2507,5.97306,3.0,19.05,77.7,192
2026-06-16 20:02:56,lht65-20,52.2507,5.97306,2.998,18.58,77.6,100
2026-06-16 20:12:56,lht65-20,52.2507,5.97306,3.0,18.27,77.2,55
2026-06-16 20:22:56,lht65-20,52.2507,5.97306,3.0,17.91,79.2,21
2026-06-16 20:32:56,lht65-20,52.2507,5.97306,3.0,17.56,79.5,6
2026-06-16 20:42:56,lht65-20,52.2507,5.97306,3.0,17.24,80.4,1
2026-06-16 20:52:56,lht65-20,52.2507,5.97306,2.998,16.76,82.1,0
2026-06-16 21:02:56,lht65-20,52.2507,5.97306,2.998,16.27,83.1,0
2026-06-16 21:12:56,lht65-20,52.2507,5.97306,2.998,15.82,86.2,0
2026-06-16 21:22:56,lht65-20,52.2507,5.97306,2.998,15.79,86.5,0
2026-06-16 21:32:56,lht65-20,52.2507,5.97306,2.998,15.7,86.1,0
2026-06-16 21:42:56,lht65-20,52.2507,5.97306,2.998,15.5,88.6,0
2026-06-16 21:52:56,lht65-20,52.2507,5.97306,2.998,15.49,87.3,0
2026-06-16 22:02:56,lht65-20,52.2507,5.97306,2.998,15.29,88.2,0
2026-06-16 22:22:56,lht65-20,52.2507,5.97306,2.998,14.98,89.0,0
2026-06-16 22:32:56,lht65-20,52.2507,5.97306,2.996,14.67,90.0,0
2026-06-16 22:42:56,lht65-20,52.2507,5.97306,2.994,14.47,92.1,0
2026-06-16 22:52:56,lht65-20,52.2507,5.97306,2.994,14.34,92.5,0
2026-06-16 23:02:56,lht65-20,52.2507,5.97306,2.994,14.39,92.8,0
2026-06-16 23:12:56,lht65-20,52.2507,5.97306,2.994,14.25,93.1,0
2026-06-16 23:22:56,lht65-20,52.2507,5.97306,2.992,14.07,93.6,0
2026-06-16 23:32:56,lht65-20,52.2507,5.97306,2.994,13.91,94.2,0
2026-06-16 23:42:56,lht65-20,52.2507,5.97306,2.994,13.68,94.4,0
2026-06-16 23:52:56,lht65-20,52.2507,5.97306,2.994,13.53,94.6,0
2026-06-17 00:02:56,lht65-20,52.2507,5.97306,2.992,13.43,94.9,0
2026-06-17 00:12:56,lht65-20,52.2507,5.97306,2.992,13.34,95.3,0
2026-06-17 00:22:57,lht65-20,52.2507,5.97306,2.994,13.3,95.6,0
2026-06-17 00:32:57,lht65-20,52.2507,5.97306,2.992,13.12,95.6,0
2026-06-17 00:42:56,lht65-20,52.2507,5.97306,2.992,12.76,95.3,0
2026-06-17 00:52:57,lht65-20,52.2507,5.97306,2.992,12.68,95.7,0
2026-06-17 01:12:56,lht65-20,52.2507,5.97306,2.991,11.96,95.6,0
2026-06-17 01:22:56,lht65-20,52.2507,5.97306,2.991,11.9,95.7,0
2026-06-17 01:32:56,lht65-20,52.2507,5.97306,2.992,12.06,96.3,0
2026-06-17 01:42:56,lht65-20,52.2507,5.97306,2.991,12.09,96.8,0
2026-06-17 01:52:56,lht65-20,52.2507,5.97306,2.991,12.28,97.0,0
2026-06-17 02:02:56,lht65-20,52.2507,5.97306,2.991,12.3,97.3,0
2026-06-17 02:12:56,lht65-20,52.2507,5.97306,2.994,12.36,97.4,0
2026-06-17 02:22:56,lht65-20,52.2507,5.97306,2.991,12.41,97.6,0
2026-06-17 02:32:56,lht65-20,52.2507,5.97306,2.992,12.41,97.7,2
2026-06-17 02:42:56,lht65-20,52.2507,5.97306,2.991,12.41,97.8,5
2026-06-17 03:02:56,lht65-20,52.2507,5.97306,2.991,12.51,97.9,51
2026-06-17 03:12:56,lht65-20,52.2507,5.97306,2.989,12.57,97.9,141
2026-06-17 03:22:56,lht65-20,52.2507,5.97306,2.991,12.48,98.0,263
2026-06-17 03:32:56,lht65-20,52.2507,5.97306,2.991,12.44,98.0,394
2026-06-17 03:42:56,lht65-20,52.2507,5.97306,2.992,12.32,98.1,508
2026-06-17 03:52:56,lht65-20,52.2507,5.97306,2.991,12.47,98.1,795
2026-06-17 04:02:56,lht65-20,52.2507,5.97306,2.991,12.69,98.1,1110
2026-06-17 04:12:56,lht65-20,52.2507,5.97306,2.991,13.02,98.2,1519
2026-06-17 04:22:56,lht65-20,52.2507,5.97306,2.991,13.42,98.2,1960
2026-06-17 04:32:56,lht65-20,52.2507,5.97306,2.992,13.82,98.2,3281
2026-06-17 04:42:56,lht65-20,52.2507,5.97306,2.991,14.32,98.3,4090
2026-06-17 04:52:56,lht65-20,52.2507,5.97306,2.994,14.71,98.3,3004
2026-06-17 05:02:56,lht65-20,52.2507,5.97306,2.994,15.01,98.2,2359
2026-06-17 05:12:56,lht65-20,52.2507,5.97306,2.994,15.44,97.4,4225
2026-06-17 05:22:56,lht65-20,52.2507,5.97306,2.996,15.83,92.9,3195
2026-06-17 05:32:56,lht65-20,52.2507,5.97306,2.994,15.93,87.9,2297
2026-06-17 05:42:56,lht65-20,52.2507,5.97306,2.994,15.99,86.3,2605
2026-06-17 05:52:56,lht65-20,52.2507,5.97306,2.994,16.23,85.9,2684
2026-06-17 06:02:56,lht65-20,52.2507,5.97306,2.994,16.4,84.8,2834
2026-06-17 06:22:56,lht65-20,52.2507,5.97306,2.994,17.01,82.6,5995
2026-06-17 06:32:56,lht65-20,52.2507,5.97306,2.996,17.26,81.6,3431
2026-06-17 06:42:56,lht65-20,52.2507,5.97306,2.996,17.44,82.4,6080
2026-06-17 06:52:56,lht65-20,52.2507,5.97306,2.994,17.69,82.6,5842
2026-06-17 07:02:56,lht65-20,52.2507,5.97306,2.998,17.85,81.6,6650
2026-06-17 07:12:56,lht65-20,52.2507,5.97306,2.998,18.06,81.5,7961
2026-06-17 07:22:56,lht65-20,52.2507,5.97306,2.998,18.2,79.5,7969
2026-06-17 07:32:56,lht65-20,52.2507,5.97306,2.998,18.32,79.9,10810
2026-06-17 07:42:56,lht65-20,52.2507,5.97306,2.998,18.61,77.9,12460
2026-06-17 07:52:56,lht65-20,52.2507,5.97306,2.998,18.66,78.9,9742
2026-06-17 08:02:56,lht65-20,52.2507,5.97306,2.998,18.86,78.1,12885
2026-06-17 08:12:56,lht65-20,52.2507,5.97306,2.998,19.18,77.8,13485
2026-06-17 08:22:56,lht65-20,52.2507,5.97306,2.998,19.46,77.2,14510
2026-06-17 08:32:56,lht65-20,52.2507,5.97306,3.0,19.76,75.7,14130
2026-06-17 08:42:56,lht65-20,52.2507,5.97306,2.998,20.02,76.1,16661
2026-06-17 08:52:56,lht65-20,52.2507,5.97306,3.0,20.26,75.6,15889
2026-06-17 09:02:56,lht65-20,52.2507,5.97306,2.998,20.57,74.7,19374
2026-06-17 09:12:56,lht65-20,52.2507,5.97306,3.0,21.01,72.4,15183
2026-06-17 09:22:56,lht65-20,52.2507,5.97306,3.0,20.94,73.5,14392
2026-06-17 09:32:56,lht65-20,52.2507,5.97306,3.0,21.12,72.9,19773
2026-06-17 09:42:56,lht65-20,52.2507,5.97306,3.001,21.13,72.0,18204
2026-06-17 09:52:57,lht65-20,52.2507,5.97306,3.001,20.91,75.5,13637
2026-06-17 10:02:56,lht65-20,52.2507,5.97306,3.001,20.81,75.1,14563
2026-06-17 10:12:56,lht65-20,52.2507,5.97306,3.0,21.08,73.9,17155
2026-06-17 10:22:56,lht65-20,52.2507,5.97306,3.001,20.84,72.3,16081
2026-06-17 10:32:56,lht65-20,52.2507,5.97306,3.0,20.93,74.0,20210
2026-06-17 10:42:56,lht65-20,52.2507,5.97306,3.001,21.55,72.5,29254
2026-06-17 10:52:56,lht65-20,52.2507,5.97306,3.001,22.26,71.3,47215
2026-06-17 11:02:56,lht65-20,52.2507,5.97306,3.001,22.78,64.1,31047
2026-06-17 11:12:56,lht65-20,52.2507,5.97306,3.001,23.38,70.4,43470
2026-06-17 11:22:56,lht65-20,52.2507,5.97306,3.001,23.36,66.4,43910
2026-06-17 11:32:56,lht65-20,52.2507,5.97306,3.001,23.05,67.9,32888
2026-06-17 11:42:56,lht65-20,52.2507,5.97306,3.003,23.64,65.1,39508
2026-06-17 11:52:56,lht65-20,52.2507,5.97306,3.001,23.87,64.3,22382
2026-06-17 12:02:56,lht65-20,52.2507,5.97306,3.003,23.94,64.7,17281
2026-06-17 12:22:56,lht65-20,52.2507,5.97306,3.003,23.3,66.9,23351
2026-06-17 12:32:56,lht65-20,52.2507,5.97306,3.005,23.8,65.9,18052
2026-06-17 12:42:56,lht65-20,52.2507,5.97306,3.003,23.64,66.5,24435
2026-06-17 12:52:56,lht65-20,52.2507,5.97306,3.001,23.48,66.3,32098
2026-06-17 13:02:56,lht65-20,52.2507,5.97306,3.005,23.66,66.3,17511
2026-06-17 13:12:56,lht65-20,52.2507,5.97306,3.005,24.23,65.8,15075
2026-06-17 13:22:56,lht65-20,52.2507,5.97306,3.003,23.36,68.5,22521
2026-06-17 13:32:56,lht65-20,52.2507,5.97306,3.003,23.46,68.6,9729
2026-06-17 13:42:56,lht65-20,52.2507,5.97306,3.005,22.65,70.8,4661
2026-06-17 13:52:56,lht65-20,52.2507,5.97306,3.003,22.17,72.4,4206
2026-06-17 14:02:56,lht65-20,52.2507,5.97306,3.003,22.12,73.8,14329
2026-06-17 14:12:56,lht65-20,52.2507,5.97306,3.005,22.36,73.6,17931
2026-06-17 14:22:56,lht65-20,52.2507,5.97306,3.005,22.3,74.4,13174
2026-06-17 14:32:56,lht65-20,52.2507,5.97306,3.005,22.67,74.2,19242
2026-06-17 14:42:56,lht65-20,52.2507,5.97306,3.003,22.62,73.9,8967
2026-06-17 14:52:56,lht65-20,52.2507,5.97306,3.005,22.09,75.3,6499
2026-06-17 15:02:56,lht65-20,52.2507,5.97306,3.005,22.35,74.9,18926
2026-06-17 15:12:56,lht65-20,52.2507,5.97306,3.005,23.29,71.7,19655
2026-06-17 15:22:56,lht65-20,52.2507,5.97306,3.005,23.07,73.2,13274
2026-06-17 15:32:56,lht65-20,52.2507,5.97306,3.005,22.79,72.6,10923
2026-06-17 15:42:56,lht65-20,52.2507,5.97306,3.003,22.71,73.9,10316
2026-06-17 15:52:56,lht65-20,52.2507,5.97306,3.005,22.55,73.3,6919
2026-06-17 16:02:56,lht65-20,52.2507,5.97306,3.003,22.49,74.0,8008
2026-06-17 16:12:56,lht65-20,52.2507,5.97306,3.003,22.53,74.5,4970
2026-06-17 16:22:56,lht65-20,52.2507,5.97306,3.005,22.46,74.5,4530
2026-06-17 16:32:56,lht65-20,52.2507,5.97306,3.005,22.43,74.9,5470
2026-06-17 16:42:56,lht65-20,52.2507,5.97306,3.005,22.87,73.4,24960
2026-06-17 16:52:56,lht65-20,52.2507,5.97306,3.007,23.76,70.9,13036
2026-06-17 17:02:56,lht65-20,52.2507,5.97306,3.005,23.54,72.9,11613
2026-06-17 17:12:56,lht65-20,52.2507,5.97306,3.007,23.36,72.8,8011
2026-06-17 17:22:56,lht65-20,52.2507,5.97306,3.005,23.29,73.0,6176
2026-06-17 17:32:56,lht65-20,52.2507,5.97306,3.005,23.09,73.9,4184
2026-06-17 17:42:56,lht65-20,52.2507,5.97306,3.007,23.15,74.1,7100
2026-06-17 17:52:56,lht65-20,52.2507,5.97306,3.005,23.39,72.8,11405
2026-06-17 18:02:56,lht65-20,52.2507,5.97306,3.005,23.22,73.6,2390
2026-06-17 18:12:56,lht65-20,52.2507,5.97306,3.007,22.95,73.5,3176
2026-06-17 18:22:56,lht65-20,52.2507,5.97306,3.007,22.88,73.8,2325
2026-06-17 18:32:56,lht65-20,52.2507,5.97306,3.007,22.79,74.6,2077
2026-06-17 18:42:56,lht65-20,52.2507,5.97306,3.007,22.8,74.8,5609
2026-06-17 18:52:56,lht65-20,52.2507,5.97306,3.007,23.2,73.5,3120
2026-06-17 19:02:56,lht65-20,52.2507,5.97306,3.007,22.8,74.3,1702
2026-06-17 19:12:56,lht65-20,52.2507,5.97306,3.007,22.41,75.9,1621
2026-06-17 19:22:56,lht65-20,52.2507,5.97306,3.005,22.25,77.0,1066
2026-06-17 19:32:56,lht65-20,52.2507,5.97306,3.007,22.0,78.7,914
2026-06-17 19:42:56,lht65-20,52.2507,5.97306,3.005,21.69,79.9,575
2026-06-17 19:52:56,lht65-20,52.2507,5.97306,3.007,21.25,80.8,297
2026-06-17 20:02:56,lht65-20,52.2507,5.97306,3.007,20.88,82.5,130
2026-06-17 20:12:56,lht65-20,52.2507,5.97306,3.005,20.62,84.0,50
2026-06-17 20:22:56,lht65-20,52.2507,5.97306,3.003,20.24,85.7,14
2026-06-17 20:32:56,lht65-20,52.2507,5.97306,3.007,20.04,86.5,4
2026-06-17 20:42:56,lht65-20,52.2507,5.97306,3.005,19.93,87.5,0
2026-06-17 20:52:56,lht65-20,52.2507,5.97306,3.001,19.97,89.0,0
2026-06-17 21:02:56,lht65-20,52.2507,5.97306,3.007,20.14,88.0,0
2026-06-17 21:12:56,lht65-20,52.2507,5.97306,3.005,20.11,88.3,0
2026-06-17 21:22:56,lht65-20,52.2507,5.97306,3.005,20.06,89.0,0
2026-06-17 21:32:56,lht65-20,52.2507,5.97306,3.003,19.91,89.4,0
2026-06-17 21:42:56,lht65-20,52.2507,5.97306,3.005,19.66,90.2,0
2026-06-17 21:52:56,lht65-20,52.2507,5.97306,3.005,19.42,91.3,0
2026-06-17 22:02:56,lht65-20,52.2507,5.97306,3.003,19.13,91.6,0
2026-06-17 22:12:56,lht65-20,52.2507,5.97306,3.005,18.84,92.0,0
2026-06-17 22:22:56,lht65-20,52.2507,5.97306,3.003,18.36,92.1,0
2026-06-17 22:32:56,lht65-20,52.2507,5.97306,3.003,18.09,93.8,0
2026-06-17 22:42:56,lht65-20,52.2507,5.97306,3.001,17.74,94.2,0
2026-06-17 22:52:56,lht65-20,52.2507,5.97306,3.001,17.46,94.7,0
2026-06-17 23:02:56,lht65-20,52.2507,5.97306,3.001,17.0,94.4,0
2026-06-17 23:12:56,lht65-20,52.2507,5.97306,3.001,16.99,95.4,0
2026-06-17 23:22:56,lht65-20,52.2507,5.97306,3.001,16.94,96.0,0
2026-06-17 23:32:56,lht65-20,52.2507,5.97306,3.001,16.78,96.3,0
2026-06-17 23:42:56,lht65-20,52.2507,5.97306,3.001,16.17,96.1,0
2026-06-17 23:52:56,lht65-20,52.2507,5.97306,3.001,15.67,95.8,0
2026-06-18 00:02:56,lht65-20,52.2507,5.97306,3.001,15.58,96.2,0
2026-06-18 00:12:56,lht65-20,52.2507,5.97306,3.001,15.37,96.4,0
2026-06-18 00:22:56,lht65-20,52.2507,5.97306,3.0,15.67,96.7,0
2026-06-18 00:32:56,lht65-20,52.2507,5.97306,3.0,15.6,96.8,0
2026-06-18 00:42:56,lht65-20,52.2507,5.97306,3.001,15.68,96.9,0
2026-06-18 00:52:56,lht65-20,52.2507,5.97306,3.001,15.78,96.6,0
2026-06-18 01:02:56,lht65-20,52.2507,5.97306,3.001,15.75,96.2,0
2026-06-18 01:12:56,lht65-20,52.2507,5.97306,3.0,15.57,95.5,0
2026-06-18 01:22:56,lht65-20,52.2507,5.97306,2.998,15.41,95.6,0
2026-06-18 01:32:56,lht65-20,52.2507,5.97306,3.0,15.32,95.8,0
2026-06-18 01:42:56,lht65-20,52.2507,5.97306,3.0,15.26,96.2,0
2026-06-18 01:52:56,lht65-20,52.2507,5.97306,3.0,15.16,96.3,0
2026-06-18 02:12:56,lht65-20,52.2507,5.97306,3.0,15.14,96.4,0
2026-06-18 02:22:56,lht65-20,52.2507,5.97306,2.998,15.01,96.2,0
2026-06-18 02:32:56,lht65-20,52.2507,5.97306,3.0,14.66,95.5,4
2026-06-18 02:52:56,lht65-20,52.2507,5.97306,3.0,14.25,96.0,47
2026-06-18 03:02:56,lht65-20,52.2507,5.97306,2.998,13.86,95.8,123
2026-06-18 03:12:56,lht65-20,52.2507,5.97306,2.998,13.47,95.6,241
2026-06-18 03:22:56,lht65-20,52.2507,5.97306,2.998,13.21,95.8,426
2026-06-18 03:32:56,lht65-20,52.2507,5.97306,2.998,13.24,96.5,730
2026-06-18 03:42:56,lht65-20,52.2507,5.97306,2.994,13.29,96.9,1329
2026-06-18 03:52:56,lht65-20,52.2507,5.97306,2.998,13.72,97.3,2853
2026-06-18 04:02:56,lht65-20,52.2507,5.97306,2.998,13.89,97.4,1989
2026-06-18 04:12:56,lht65-20,52.2507,5.97306,2.998,14.42,97.6,5029
2026-06-18 04:22:56,lht65-20,52.2507,5.97306,2.998,14.93,97.4,7575
2026-06-18 04:32:56,lht65-20,52.2507,5.97306,3.0,16.35,96.8,9394
2026-06-18 04:42:56,lht65-20,52.2507,5.97306,3.0,17.41,90.1,11058
2026-06-18 04:52:56,lht65-20,52.2507,5.97306,3.001,18.1,82.8,11521
2026-06-18 05:02:56,lht65-20,52.2507,5.97306,3.001,18.77,79.2,13670
2026-06-18 05:12:56,lht65-20,52.2507,5.97306,3.001,19.51,75.2,14845
2026-06-18 05:22:56,lht65-20,52.2507,5.97306,3.001,19.76,74.3,14382
2026-06-18 05:32:56,lht65-20,52.2507,5.97306,3.001,20.01,74.3,17631
2026-06-18 05:42:56,lht65-20,52.2507,5.97306,3.005,20.38,73.9,17277
2026-06-18 05:52:56,lht65-20,52.2507,5.97306,3.005,20.49,74.0,19809
2026-06-18 06:02:56,lht65-20,52.2507,5.97306,3.003,20.56,75.6,20967
2026-06-18 06:12:56,lht65-20,52.2507,5.97306,3.005,20.95,75.4,18765
2026-06-18 06:22:56,lht65-20,52.2507,5.97306,3.003,21.07,73.9,21855
2026-06-18 06:32:56,lht65-20,52.2507,5.97306,3.005,21.51,73.6,23835
2026-06-18 06:42:56,lht65-20,52.2507,5.97306,3.005,21.74,73.3,24343
2026-06-18 06:52:56,lht65-20,52.2507,5.97306,3.005,22.09,72.6,25428
2026-06-18 07:02:56,lht65-20,52.2507,5.97306,3.005,22.65,69.7,26615
2026-06-18 07:12:56,lht65-20,52.2507,5.97306,3.007,22.78,71.7,23681
2026-06-18 07:22:56,lht65-20,52.2507,5.97306,3.007,22.69,71.0,23673
2026-06-18 07:32:56,lht65-20,52.2507,5.97306,3.007,23.0,71.7,29221
2026-06-18 07:42:56,lht65-20,52.2507,5.97306,3.007,23.39,70.6,25533
2026-06-18 07:52:56,lht65-20,52.2507,5.97306,3.005,23.67,70.9,25054
2026-06-18 08:02:56,lht65-20,52.2507,5.97306,3.007,24.24,68.2,25991
2026-06-18 08:12:56,lht65-20,52.2507,5.97306,3.007,24.23,69.7,32245
2026-06-18 08:22:56,lht65-20,52.2507,5.97306,3.009,24.71,69.0,24835
2026-06-18 08:32:56,lht65-20,52.2507,5.97306,3.009,24.81,69.4,27856
2026-06-18 08:42:56,lht65-20,52.2507,5.97306,3.009,24.95,66.3,29598
2026-06-18 08:52:56,lht65-20,52.2507,5.97306,3.009,25.3,66.6,28562
2026-06-18 09:02:56,lht65-20,52.2507,5.97306,3.009,25.3,66.4,30433
2026-06-18 09:12:56,lht65-20,52.2507,5.97306,3.009,25.58,65.5,32493
2026-06-18 09:22:56,lht65-20,52.2507,5.97306,3.009,25.61,65.6,32054
2026-06-18 09:32:56,lht65-20,52.2507,5.97306,3.009,25.94,63.4,33465
2026-06-18 09:42:56,lht65-20,52.2507,5.97306,3.009,26.16,63.0,33994
2026-06-18 10:02:56,lht65-20,52.2507,5.97306,3.009,26.83,59.5,33920
2026-06-18 10:12:56,lht65-20,52.2507,5.97306,3.012,27.53,60.6,22853
2026-06-18 10:22:56,lht65-20,52.2507,5.97306,3.012,27.07,61.7,37570
2026-06-18 10:32:56,lht65-20,52.2507,5.97306,3.012,27.74,61.5,36885
2026-06-18 10:42:56,lht65-20,52.2507,5.97306,3.012,27.36,58.4,38097
2026-06-18 10:52:56,lht65-20,52.2507,5.97306,3.012,27.71,61.0,38175
2026-06-18 11:02:56,lht65-20,52.2507,5.97306,3.012,28.29,57.8,40442
2026-06-18 11:12:56,lht65-20,52.2507,5.97306,3.012,28.21,58.0,37760
2026-06-18 11:22:56,lht65-20,52.2507,5.97306,3.012,28.23,53.7,38102
2026-06-18 11:32:56,lht65-20,52.2507,5.97306,3.012,28.36,56.6,32455
2026-06-18 11:42:56,lht65-20,52.2507,5.97306,3.014,28.65,55.3,37188
2026-06-18 11:52:56,lht65-20,52.2507,5.97306,3.012,28.52,55.0,35338
2026-06-18 12:02:56,lht65-20,52.2507,5.97306,3.014,28.46,53.7,36320
2026-06-18 12:12:56,lht65-20,52.2507,5.97306,3.012,28.68,54.0,37195
2026-06-18 12:22:56,lht65-20,52.2507,5.97306,3.012,29.0,55.0,35275
2026-06-18 12:42:56,lht65-20,52.2507,5.97306,3.014,29.45,51.6,35786
2026-06-18 12:52:56,lht65-20,52.2507,5.97306,3.014,29.21,50.2,35700
2026-06-18 13:02:56,lht65-20,52.2507,5.97306,3.014,29.35,48.4,34865
2026-06-18 13:12:56,lht65-20,52.2507,5.97306,3.014,29.7,51.1,34837
2026-06-18 13:22:56,lht65-20,52.2507,5.97306,3.014,29.9,49.2,34381
2026-06-18 13:32:56,lht65-20,52.2507,5.97306,3.016,29.77,47.9,33405
2026-06-18 13:42:56,lht65-20,52.2507,5.97306,3.014,30.12,46.0,33206
2026-06-18 13:52:56,lht65-20,52.2507,5.97306,3.016,29.95,51.3,32776
2026-06-18 14:02:56,lht65-20,52.2507,5.97306,3.016,30.26,43.3,32870
2026-06-18 14:12:56,lht65-20,52.2507,5.97306,3.016,30.41,43.9,32600
2026-06-18 14:22:56,lht65-20,52.2507,5.97306,3.016,30.39,44.8,31597
2026-06-18 14:32:56,lht65-20,52.2507,5.97306,3.016,30.62,44.9,31548
2026-06-18 14:42:56,lht65-20,52.2507,5.97306,3.016,30.56,44.6,31323
2026-06-18 15:02:56,lht65-20,52.2507,5.97306,3.016,31.12,45.3,30469
2026-06-18 15:12:56,lht65-20,52.2507,5.97306,3.018,30.86,41.4,29932
2026-06-18 15:22:56,lht65-20,52.2507,5.97306,3.018,31.73,40.3,28929
2026-06-18 15:32:56,lht65-20,52.2507,5.97306,3.018,31.66,41.6,28781
2026-06-18 15:42:56,lht65-20,52.2507,5.97306,3.018,31.57,43.8,27777
2026-06-18 16:02:56,lht65-20,52.2507,5.97306,3.018,30.72,44.8,26224
2026-06-18 16:12:56,lht65-20,52.2507,5.97306,3.018,30.99,44.8,26039
2026-06-18 16:22:56,lht65-20,52.2507,5.97306,3.018,31.75,42.0,25658
2026-06-18 16:32:56,lht65-20,52.2507,5.97306,3.019,31.11,44.9,21281
2026-06-18 16:42:56,lht65-20,52.2507,5.97306,3.019,30.89,47.8,19146
2026-06-18 16:52:57,lht65-20,52.2507,5.97306,3.019,30.69,47.4,23060
2026-06-18 17:02:56,lht65-20,52.2507,5.97306,3.019,30.79,46.6,15416
2026-06-18 17:12:56,lht65-20,52.2507,5.97306,3.019,30.57,47.3,12165
2026-06-18 17:22:56,lht65-20,52.2507,5.97306,3.019,29.69,49.7,8503
2026-06-18 17:32:56,lht65-20,52.2507,5.97306,3.019,29.22,49.3,6852
2026-06-18 17:42:56,lht65-20,52.2507,5.97306,3.021,28.42,53.8,7435
2026-06-18 17:52:56,lht65-20,52.2507,5.97306,3.018,28.4,58.4,8523
2026-06-18 18:02:56,lht65-20,52.2507,5.97306,3.021,28.5,56.1,5415
2026-06-18 18:12:56,lht65-20,52.2507,5.97306,3.019,28.04,56.9,7777
2026-06-18 18:22:56,lht65-20,52.2507,5.97306,3.019,27.91,58.8,4445
2026-06-18 18:32:56,lht65-20,52.2507,5.97306,3.019,27.33,60.4,3030
2026-06-18 18:42:56,lht65-20,52.2507,5.97306,3.018,26.73,62.5,2454
2026-06-18 18:52:56,lht65-20,52.2507,5.97306,3.019,26.14,65.8,1868
2026-06-18 19:02:56,lht65-20,52.2507,5.97306,3.019,25.44,70.6,1172
2026-06-18 19:12:56,lht65-20,52.2507,5.97306,3.019,25.3,67.0,1180
2026-06-18 19:22:56,lht65-20,52.2507,5.97306,3.018,25.24,66.8,693
2026-06-18 19:32:56,lht65-20,52.2507,5.97306,3.019,25.06,67.1,506
2026-06-18 19:42:56,lht65-20,52.2507,5.97306,3.019,24.77,68.7,270
2026-06-18 19:52:56,lht65-20,52.2507,5.97306,3.018,24.33,68.3,80
2026-06-18 20:02:56,lht65-20,52.2507,5.97306,3.019,24.08,68.0,37
2026-06-18 20:12:56,lht65-20,52.2507,5.97306,3.019,23.83,69.1,16
2026-06-18 20:22:56,lht65-20,52.2507,5.97306,3.019,23.49,69.3,8
2026-06-18 20:33:01,lht65-20,52.2507,5.97306,3.018,23.27,70.5,3
2026-06-18 20:43:02,lht65-20,52.2507,5.97306,3.019,23.23,70.0,0
2026-06-18 20:53:01,lht65-20,52.2507,5.97306,3.019,22.97,70.3,0
2026-06-18 21:03:02,lht65-20,52.2507,5.97306,3.018,22.8,70.9,0
2026-06-18 21:13:02,lht65-20,52.2507,5.97306,3.018,22.42,73.1,0
2026-06-18 21:23:01,lht65-20,52.2507,5.97306,3.018,22.1,73.8,0
2026-06-18 21:33:01,lht65-20,52.2507,5.97306,3.018,21.74,75.4,0
2026-06-18 21:43:02,lht65-20,52.2507,5.97306,3.018,21.53,78.2,0
2026-06-18 21:53:01,lht65-20,52.2507,5.97306,3.018,21.35,80.1,0
2026-06-18 22:03:02,lht65-20,52.2507,5.97306,3.018,21.25,81.6,0
2026-06-18 22:13:01,lht65-20,52.2507,5.97306,3.018,21.05,83.9,0
2026-06-18 22:23:01,lht65-20,52.2507,5.97306,3.016,20.83,85.2,0
2026-06-18 22:33:02,lht65-20,52.2507,5.97306,3.018,20.56,84.4,0
2026-06-18 22:43:02,lht65-20,52.2507,5.97306,3.018,20.34,83.4,0
2026-06-18 22:53:01,lht65-20,52.2507,5.97306,3.018,20.22,86.0,0
2026-06-18 23:03:02,lht65-20,52.2507,5.97306,3.016,20.24,88.5,0
2026-06-18 23:13:01,lht65-20,52.2507,5.97306,3.016,20.24,88.2,0
2026-06-18 23:23:01,lht65-20,52.2507,5.97306,3.018,20.48,85.6,0
2026-06-18 23:33:02,lht65-20,52.2507,5.97306,3.018,20.79,82.3,0
2026-06-18 23:43:02,lht65-20,52.2507,5.97306,3.016,20.62,83.2,0
2026-06-18 23:53:02,lht65-20,52.2507,5.97306,3.016,20.32,84.6,0
2026-06-19 00:03:01,lht65-20,52.2507,5.97306,3.016,19.99,86.6,0
2026-06-19 00:13:02,lht65-20,52.2507,5.97306,3.016,19.8,86.7,0
2026-06-19 00:23:01,lht65-20,52.2507,5.97306,3.018,20.02,84.7,0
2026-06-19 00:33:01,lht65-20,52.2507,5.97306,3.016,20.06,84.4,0
2026-06-19 00:43:02,lht65-20,52.2507,5.97306,3.016,20.06,84.9,0
2026-06-19 00:53:02,lht65-20,52.2507,5.97306,3.016,19.97,84.8,0
2026-06-19 01:03:01,lht65-20,52.2507,5.97306,3.016,19.8,86.3,0
2026-06-19 01:13:02,lht65-20,52.2507,5.97306,3.016,19.48,87.6,0
2026-06-19 01:23:01,lht65-20,52.2507,5.97306,3.016,19.59,86.8,0
2026-06-19 01:33:02,lht65-20,52.2507,5.97306,3.016,19.39,87.7,0
2026-06-19 01:43:02,lht65-20,52.2507,5.97306,3.016,19.13,89.1,0
2026-06-19 01:53:01,lht65-20,52.2507,5.97306,3.016,18.84,89.1,0
2026-06-19 02:03:01,lht65-20,52.2507,5.97306,3.016,18.54,90.5,0
2026-06-19 02:13:02,lht65-20,52.2507,5.97306,3.016,18.32,90.8,0
2026-06-19 02:23:02,lht65-20,52.2507,5.97306,3.014,17.81,91.5,0
2026-06-19 02:33:02,lht65-20,52.2507,5.97306,3.014,17.3,92.5,2
2026-06-19 02:43:01,lht65-20,52.2507,5.97306,3.016,17.17,94.2,8
2026-06-19 02:53:02,lht65-20,52.2507,5.97306,3.014,17.06,95.1,29
2026-06-19 03:03:01,lht65-20,52.2507,5.97306,3.012,16.77,95.3,75
2026-06-19 03:13:01,lht65-20,52.2507,5.97306,3.014,16.55,95.4,164
2026-06-19 03:23:02,lht65-20,52.2507,5.97306,3.012,16.32,95.6,301
2026-06-19 03:33:02,lht65-20,52.2507,5.97306,3.012,16.1,95.8,520
2026-06-19 03:43:02,lht65-20,52.2507,5.97306,3.012,15.99,96.1,932
2026-06-19 03:53:03,lht65-20,52.2507,5.97306,3.012,16.15,96.5,1585
2026-06-19 04:03:01,lht65-20,52.2507,5.97306,3.012,16.34,96.7,2324
2026-06-19 04:13:01,lht65-20,52.2507,5.97306,3.012,16.77,97.0,2661
2026-06-19 04:23:01,lht65-20,52.2507,5.97306,3.012,17.14,97.2,5178
2026-06-19 04:33:01,lht65-20,52.2507,5.97306,3.014,18.02,97.3,7487
2026-06-19 04:43:02,lht65-20,52.2507,5.97306,3.014,18.65,96.7,2666
2026-06-19 04:53:02,lht65-20,52.2507,5.97306,3.014,18.36,95.0,2904
2026-06-19 05:03:01,lht65-20,52.2507,5.97306,3.014,18.57,94.7,7780
2026-06-19 05:13:02,lht65-20,52.2507,5.97306,3.016,20.22,91.5,13442
2026-06-19 05:23:01,lht65-20,52.2507,5.97306,3.016,22.12,83.6,14288
2026-06-19 05:33:01,lht65-20,52.2507,5.97306,3.016,22.38,81.7,15609
2026-06-19 05:43:02,lht65-20,52.2507,5.97306,3.016,22.68,82.4,15890
2026-06-19 05:53:01,lht65-20,52.2507,5.97306,3.018,22.77,81.6,17542
2026-06-19 06:03:02,lht65-20,52.2507,5.97306,3.016,23.23,81.0,18550
2026-06-19 06:13:02,lht65-20,52.2507,5.97306,3.016,23.56,80.7,19350
2026-06-19 06:23:01,lht65-20,52.2507,5.97306,3.016,23.69,79.8,20475
2026-06-19 06:33:02,lht65-20,52.2507,5.97306,3.018,24.03,78.0,20986
2026-06-19 06:43:01,lht65-20,52.2507,5.97306,3.018,24.2,78.9,21848
2026-06-19 06:53:02,lht65-20,52.2507,5.97306,3.018,24.41,77.8,22525
2026-06-19 07:03:01,lht65-20,52.2507,5.97306,3.018,24.47,76.4,22023
2026-06-19 07:13:01,lht65-20,52.2507,5.97306,3.018,24.98,76.5,24506
2026-06-19 07:23:02,lht65-20,52.2507,5.97306,3.018,25.3,76.2,26067
2026-06-19 07:33:01,lht65-20,52.2507,5.97306,3.018,25.57,73.4,14199
2026-06-19 07:43:02,lht65-20,52.2507,5.97306,3.018,25.74,70.8,26400
2026-06-19 07:53:01,lht65-20,52.2507,5.97306,3.019,26.04,71.2,30381
2026-06-19 08:03:02,lht65-20,52.2507,5.97306,3.018,26.25,68.6,28599
2026-06-19 08:13:01,lht65-20,52.2507,5.97306,3.019,26.65,68.0,28194
2026-06-19 08:23:01,lht65-20,52.2507,5.97306,3.019,26.91,65.5,15235
2026-06-19 08:33:02,lht65-20,52.2507,5.97306,3.019,26.63,65.9,24877
2026-06-19 08:43:01,lht65-20,52.2507,5.97306,3.018,27.18,66.1,32798
2026-06-19 08:53:02,lht65-20,52.2507,5.97306,3.019,27.75,62.9,17615
2026-06-19 09:03:01,lht65-20,52.2507,5.97306,3.019,27.34,64.3,16410
2026-06-19 09:13:01,lht65-20,52.2507,5.97306,3.021,28.21,63.0,33457
2026-06-19 09:23:01,lht65-20,52.2507,5.97306,3.021,28.84,61.1,33344
2026-06-19 09:33:01,lht65-20,52.2507,5.97306,3.021,28.85,58.6,33716
2026-06-19 09:43:01,lht65-20,52.2507,5.97306,3.021,29.28,59.8,33548
2026-06-19 09:53:01,lht65-20,52.2507,5.97306,3.023,29.99,57.8,34133
2026-06-19 10:03:01,lht65-20,52.2507,5.97306,3.021,30.1,57.0,34504
2026-06-19 10:13:01,lht65-20,52.2507,5.97306,3.019,30.11,56.1,34975
2026-06-19 10:23:01,lht65-20,52.2507,5.97306,3.021,30.59,56.4,35330
2026-06-19 10:33:01,lht65-20,52.2507,5.97306,3.023,30.94,52.7,35536
2026-06-19 10:43:01,lht65-20,52.2507,5.97306,3.023,30.81,53.2,35681
2026-06-19 10:53:01,lht65-20,52.2507,5.97306,3.023,31.1,55.8,36083
2026-06-19 11:03:01,lht65-20,52.2507,5.97306,3.023,31.47,53.4,36235
2026-06-19 11:13:01,lht65-20,52.2507,5.97306,3.023,31.63,56.3,36309
2026-06-19 11:23:02,lht65-20,52.2507,5.97306,3.023,32.0,54.4,36365
2026-06-19 11:33:01,lht65-20,52.2507,5.97306,3.023,32.34,52.3,36470
2026-06-19 11:43:02,lht65-20,52.2507,5.97306,3.025,32.51,53.0,36299
2026-06-19 11:53:01,lht65-20,52.2507,5.97306,3.023,32.78,50.1,36214
2026-06-19 12:03:02,lht65-20,52.2507,5.97306,3.023,33.19,48.9,36013
2026-06-19 12:13:01,lht65-20,52.2507,5.97306,3.027,33.25,46.6,35948
2026-06-19 12:23:01,lht65-20,52.2507,5.97306,3.025,33.36,44.1,35777
2026-06-19 12:33:01,lht65-20,52.2507,5.97306,3.027,33.06,48.6,35285
2026-06-19 12:43:01,lht65-20,52.2507,5.97306,3.027,33.43,48.4,35285
2026-06-19 12:53:01,lht65-20,52.2507,5.97306,3.027,33.93,45.8,34934
2026-06-19 13:03:01,lht65-20,52.2507,5.97306,3.027,34.15,45.4,34674
2026-06-19 13:13:02,lht65-20,52.2507,5.97306,3.027,34.23,45.6,34225
2026-06-19 13:23:01,lht65-20,52.2507,5.97306,3.027,34.08,42.3,33794
2026-06-19 13:33:01,lht65-20,52.2507,5.97306,3.027,34.09,42.6,33490
2026-06-19 13:43:01,lht65-20,52.2507,5.97306,3.027,34.61,43.4,33106
2026-06-19 13:53:01,lht65-20,52.2507,5.97306,3.027,34.66,42.1,32473
2026-06-19 14:03:01,lht65-20,52.2507,5.97306,3.029,34.71,41.2,32001
2026-06-19 14:13:01,lht65-20,52.2507,5.97306,3.029,34.74,44.0,31695
2026-06-19 14:23:01,lht65-20,52.2507,5.97306,3.029,34.57,40.5,31049
2026-06-19 14:43:01,lht65-20,52.2507,5.97306,3.029,34.86,44.7,29999
2026-06-19 14:53:02,lht65-20,52.2507,5.97306,3.029,34.95,41.3,29622
2026-06-19 15:03:02,lht65-20,52.2507,5.97306,3.029,34.98,41.0,29311
2026-06-19 15:13:01,lht65-20,52.2507,5.97306,3.029,35.16,44.5,28496
2026-06-19 15:23:01,lht65-20,52.2507,5.97306,3.029,34.91,43.4,27905
2026-06-19 15:33:01,lht65-20,52.2507,5.97306,3.03,34.76,45.7,27415
2026-06-19 15:43:01,lht65-20,52.2507,5.97306,3.03,34.72,44.5,26635
2026-06-19 15:53:01,lht65-20,52.2507,5.97306,3.03,34.85,42.9,26164
2026-06-19 16:03:01,lht65-20,52.2507,5.97306,3.032,34.6,45.8,25619
2026-06-19 16:13:02,lht65-20,52.2507,5.97306,3.03,35.06,43.6,25335
2026-06-19 16:23:01,lht65-20,52.2507,5.97306,3.03,34.4,44.1,8868
2026-06-19 16:33:01,lht65-20,52.2507,5.97306,3.032,33.7,46.0,23843
2026-06-19 16:43:01,lht65-20,52.2507,5.97306,3.032,34.37,44.8,23957
2026-06-19 16:53:01,lht65-20,52.2507,5.97306,3.03,34.62,43.5,21258
2026-06-19 17:03:01,lht65-20,52.2507,5.97306,3.03,34.38,43.7,20140
2026-06-19 17:13:01,lht65-20,52.2507,5.97306,3.032,34.37,44.9,19090
2026-06-19 17:23:01,lht65-20,52.2507,5.97306,3.032,34.45,42.1,18134
2026-06-19 17:33:01,lht65-20,52.2507,5.97306,3.032,34.42,42.7,16585
2026-06-19 17:43:01,lht65-20,52.2507,5.97306,3.032,34.42,42.9,14932
2026-06-19 17:53:01,lht65-20,52.2507,5.97306,3.034,34.22,43.9,13396
2026-06-19 18:03:01,lht65-20,52.2507,5.97306,3.034,34.04,44.4,11870
2026-06-19 18:13:01,lht65-20,52.2507,5.97306,3.034,33.73,47.2,10704
2026-06-19 18:23:01,lht65-20,52.2507,5.97306,3.034,33.58,45.2,9876
2026-06-19 18:33:01,lht65-20,52.2507,5.97306,3.034,33.57,45.2,4882
2026-06-19 18:43:01,lht65-20,52.2507,5.97306,3.032,32.98,46.5,3573
2026-06-19 18:53:01,lht65-20,52.2507,5.97306,3.034,31.75,51.9,2600
2026-06-19 19:03:01,lht65-20,52.2507,5.97306,3.034,30.46,57.0,1809
2026-06-19 19:13:01,lht65-20,52.2507,5.97306,3.032,29.3,64.3,1445
2026-06-19 19:23:01,lht65-20,52.2507,5.97306,3.034,28.44,66.1,855
2026-06-19 19:33:01,lht65-20,52.2507,5.97306,3.032,27.57,68.2,464
2026-06-19 19:43:01,lht65-20,52.2507,5.97306,3.032,26.85,71.6,265
2026-06-19 19:53:01,lht65-20,52.2507,5.97306,3.03,26.1,76.2,151
2026-06-19 20:03:01,lht65-20,52.2507,5.97306,3.03,25.74,77.4,106
2026-06-19 20:13:01,lht65-20,52.2507,5.97306,3.032,25.45,78.9,42
2026-06-19 20:23:01,lht65-20,52.2507,5.97306,3.032,24.85,80.4,12
2026-06-19 20:33:01,lht65-20,52.2507,5.97306,3.03,24.51,82.2,3
2026-06-19 20:43:01,lht65-20,52.2507,5.97306,3.03,24.4,85.8,0
2026-06-19 20:53:01,lht65-20,52.2507,5.97306,3.03,24.85,74.7,0
2026-06-19 21:03:01,lht65-20,52.2507,5.97306,3.03,28.01,59.8,0
2026-06-19 21:13:01,lht65-20,52.2507,5.97306,3.032,25.8,60.3,0
2026-06-19 21:23:01,lht65-20,52.2507,5.97306,3.03,22.31,74.3,0
2026-06-19 21:33:01,lht65-20,52.2507,5.97306,3.03,20.57,85.4,0
2026-06-19 21:43:01,lht65-20,52.2507,5.97306,3.03,20.03,90.4,0
2026-06-19 21:53:01,lht65-20,52.2507,5.97306,3.029,19.67,91.1,0
2026-06-19 22:03:01,lht65-20,52.2507,5.97306,3.029,19.75,91.0,0
2026-06-19 22:13:01,lht65-20,52.2507,5.97306,3.029,19.84,90.1,0
2026-06-19 22:23:01,lht65-20,52.2507,5.97306,3.029,19.82,90.5,0
2026-06-19 22:33:01,lht65-20,52.2507,5.97306,3.027,19.65,91.8,0
2026-06-19 22:43:01,lht65-20,52.2507,5.97306,3.027,19.79,92.3,0
2026-06-19 22:53:01,lht65-20,52.2507,5.97306,3.029,19.93,91.1,0
2026-06-19 23:03:01,lht65-20,52.2507,5.97306,3.027,19.83,91.7,0
2026-06-19 23:13:01,lht65-20,52.2507,5.97306,3.029,19.73,92.8,0
2026-06-19 23:23:01,lht65-20,52.2507,5.97306,3.027,19.7,93.8,0
2026-06-19 23:33:01,lht65-20,52.2507,5.97306,3.027,19.68,94.0,0
2026-06-19 23:43:01,lht65-20,52.2507,5.97306,3.029,19.58,94.0,0
2026-06-19 23:53:01,lht65-20,52.2507,5.97306,3.029,19.7,93.8,0
2026-06-20 00:03:01,lht65-20,52.2507,5.97306,3.027,19.66,94.1,0
2026-06-20 00:13:01,lht65-20,52.2507,5.97306,3.029,19.59,94.6,0
2026-06-20 00:23:01,lht65-20,52.2507,5.97306,3.027,19.47,95.0,0
2026-06-20 00:33:01,lht65-20,52.2507,5.97306,3.027,19.47,95.5,0
2026-06-20 00:43:01,lht65-20,52.2507,5.97306,3.029,19.4,95.7,0
2026-06-20 00:53:01,lht65-20,52.2507,5.97306,3.027,19.35,95.8,0
2026-06-20 01:03:01,lht65-20,52.2507,5.97306,3.027,19.22,95.8,0
2026-06-20 01:13:01,lht65-20,52.2507,5.97306,3.027,18.96,95.9,0
2026-06-20 01:23:01,lht65-20,52.2507,5.97306,3.027,18.8,96.1,0
2026-06-20 01:33:01,lht65-20,52.2507,5.97306,3.027,19.05,96.3,0
2026-06-20 01:43:01,lht65-20,52.2507,5.97306,3.027,19.18,96.2,0
2026-06-20 01:53:01,lht65-20,52.2507,5.97306,3.029,19.31,95.9,0
2026-06-20 02:03:01,lht65-20,52.2507,5.97306,3.027,19.45,95.3,0
2026-06-20 02:13:01,lht65-20,52.2507,5.97306,3.029,19.52,94.1,0
2026-06-20 02:23:01,lht65-20,52.2507,5.97306,3.027,19.48,93.9,0
2026-06-20 02:33:01,lht65-20,52.2507,5.97306,3.027,19.35,94.5,1
2026-06-20 02:43:01,lht65-20,52.2507,5.97306,3.027,19.2,95.1,5
2026-06-20 02:53:01,lht65-20,52.2507,5.97306,3.027,19.12,95.7,5
2026-06-20 03:03:01,lht65-20,52.2507,5.97306,3.027,19.19,95.2,2
2026-06-20 03:13:01,lht65-20,52.2507,5.97306,3.027,18.72,94.8,10
2026-06-20 03:23:01,lht65-20,52.2507,5.97306,3.027,18.34,95.5,22
2026-06-20 03:33:01,lht65-20,52.2507,5.97306,3.027,18.27,96.2,30
2026-06-20 03:43:01,lht65-20,52.2507,5.97306,3.027,18.35,96.8,50
2026-06-20 04:03:01,lht65-20,52.2507,5.97306,3.027,18.32,97.2,494
2026-06-20 04:13:01,lht65-20,52.2507,5.97306,3.023,18.31,97.4,1326
2026-06-20 04:23:01,lht65-20,52.2507,5.97306,3.027,18.4,97.5,1953
2026-06-20 04:33:01,lht65-20,52.2507,5.97306,3.025,18.48,97.6,2420
2026-06-20 04:43:01,lht65-20,52.2507,5.97306,3.027,18.56,97.6,3100
2026-06-20 04:53:01,lht65-20,52.2507,5.97306,3.027,18.9,97.5,5291
2026-06-20 05:03:01,lht65-20,52.2507,5.97306,3.027,19.07,97.2,4007
2026-06-20 05:13:01,lht65-20,52.2507,5.97306,3.027,19.2,96.6,4497
2026-06-20 05:23:01,lht65-20,52.2507,5.97306,3.027,19.45,95.9,4818
2026-06-20 05:33:01,lht65-20,52.2507,5.97306,3.027,19.86,95.1,6899
2026-06-20 05:43:01,lht65-20,52.2507,5.97306,3.027,20.77,91.9,7767
2026-06-20 05:53:01,lht65-20,52.2507,5.97306,3.027,21.26,91.0,15377
2026-06-20 06:03:01,lht65-20,52.2507,5.97306,3.027,21.12,89.3,5008
2026-06-20 06:13:01,lht65-20,52.2507,5.97306,3.027,20.92,92.1,6575
2026-06-20 06:23:04,lht65-20,52.2507,5.97306,3.027,21.46,92.2,9751
2026-06-20 06:33:01,lht65-20,52.2507,5.97306,3.027,22.35,87.2,21450
2026-06-20 06:43:01,lht65-20,52.2507,5.97306,3.027,23.15,85.7,25253
2026-06-20 06:53:01,lht65-20,52.2507,5.97306,3.029,23.33,79.2,8807
2026-06-20 07:03:01,lht65-20,52.2507,5.97306,3.029,23.37,81.9,23858
2026-06-20 07:13:01,lht65-20,52.2507,5.97306,3.029,23.93,75.4,21867
2026-06-20 07:23:01,lht65-20,52.2507,5.97306,3.029,24.48,77.9,23875
2026-06-20 07:43:01,lht65-20,52.2507,5.97306,3.029,25.29,69.4,26369
2026-06-20 07:53:01,lht65-20,52.2507,5.97306,3.03,25.72,67.9,26986
2026-06-20 08:03:01,lht65-20,52.2507,5.97306,3.029,25.9,65.8,27833
2026-06-20 08:13:01,lht65-20,52.2507,5.97306,3.03,26.54,64.8,28540
2026-06-20 08:23:01,lht65-20,52.2507,5.97306,3.03,26.59,65.4,28993
2026-06-20 08:33:01,lht65-20,52.2507,5.97306,3.03,26.78,68.3,29462
2026-06-20 08:53:01,lht65-20,52.2507,5.97306,3.03,27.56,66.6,31299
2026-06-20 09:03:01,lht65-20,52.2507,5.97306,3.03,27.43,63.4,31902
2026-06-20 09:13:01,lht65-20,52.2507,5.97306,3.03,27.59,64.2,32770
2026-06-20 09:23:01,lht65-20,52.2507,5.97306,3.03,27.85,63.2,33467
2026-06-20 09:33:01,lht65-20,52.2507,5.97306,3.03,28.51,64.5,34077
2026-06-20 09:43:01,lht65-20,52.2507,5.97306,3.03,28.37,61.7,34532
2026-06-20 09:53:01,lht65-20,52.2507,5.97306,3.03,28.74,60.7,34758
2026-06-20 10:03:01,lht65-20,52.2507,5.97306,3.03,29.01,62.9,35531
2026-06-20 10:13:01,lht65-20,52.2507,5.97306,3.032,29.2,59.7,36093
2026-06-20 10:23:01,lht65-20,52.2507,5.97306,3.03,29.35,60.0,37582
2026-06-20 10:43:01,lht65-20,52.2507,5.97306,3.03,29.71,63.2,37342
2026-06-20 10:53:01,lht65-20,52.2507,5.97306,3.032,29.69,58.3,36303
2026-06-20 11:03:01,lht65-20,52.2507,5.97306,3.03,29.61,59.9,36508
2026-06-20 11:13:01,lht65-20,52.2507,5.97306,3.032,29.74,62.6,37649
2026-06-20 11:23:01,lht65-20,52.2507,5.97306,3.03,29.7,61.2,35860
2026-06-20 11:33:01,lht65-20,52.2507,5.97306,3.032,30.03,60.0,36622
2026-06-20 11:43:01,lht65-20,52.2507,5.97306,3.032,29.99,59.8,36842
2026-06-20 11:53:01,lht65-20,52.2507,5.97306,3.034,30.27,59.5,37235
2026-06-20 12:03:01,lht65-20,52.2507,5.97306,3.034,30.2,58.9,36191
2026-06-20 12:13:01,lht65-20,52.2507,5.97306,3.032,30.38,58.9,36711
2026-06-20 12:23:01,lht65-20,52.2507,5.97306,3.032,30.39,60.0,36206
2026-06-20 12:33:01,lht65-20,52.2507,5.97306,3.032,30.38,58.0,34695
2026-06-20 12:43:01,lht65-20,52.2507,5.97306,3.032,30.33,58.3,35930
2026-06-20 12:53:01,lht65-20,52.2507,5.97306,3.032,30.27,63.3,36314
2026-06-20 13:03:01,lht65-20,52.2507,5.97306,3.034,30.55,57.8,35072
2026-06-20 13:13:01,lht65-20,52.2507,5.97306,3.034,30.22,62.3,35412
2026-06-20 13:23:01,lht65-20,52.2507,5.97306,3.034,30.59,55.6,34108
2026-06-20 13:33:01,lht65-20,52.2507,5.97306,3.032,30.38,58.5,33102
2026-06-20 13:43:01,lht65-20,52.2507,5.97306,3.032,30.74,55.6,33164
2026-06-20 13:53:01,lht65-20,52.2507,5.97306,3.032,30.35,56.0,33471
2026-06-20 14:03:01,lht65-20,52.2507,5.97306,3.034,30.27,57.8,31550
2026-06-20 14:13:01,lht65-20,52.2507,5.97306,3.034,30.07,53.3,31715
2026-06-20 14:23:01,lht65-20,52.2507,5.97306,3.034,30.34,54.4,31579
2026-06-20 14:33:01,lht65-20,52.2507,5.97306,3.034,30.39,58.0,31346
2026-06-20 14:43:01,lht65-20,52.2507,5.97306,3.034,29.97,53.9,30560
2026-06-20 14:53:01,lht65-20,52.2507,5.97306,3.034,29.79,53.1,30065
2026-06-20 15:03:01,lht65-20,52.2507,5.97306,3.032,29.63,52.9,29675
2026-06-20 15:13:01,lht65-20,52.2507,5.97306,3.034,29.3,52.1,29169
2026-06-20 15:23:01,lht65-20,52.2507,5.97306,3.034,29.12,51.7,28905
2026-06-20 15:33:01,lht65-20,52.2507,5.97306,3.034,29.21,53.5,29326
2026-06-20 15:43:01,lht65-20,52.2507,5.97306,3.034,29.36,53.0,28972
2026-06-20 15:53:01,lht65-20,52.2507,5.97306,3.034,29.41,52.7,19064
2026-06-20 16:03:01,lht65-20,52.2507,5.97306,3.034,28.0,62.0,12100
2026-06-20 16:13:01,lht65-20,52.2507,5.97306,3.034,27.74,62.0,11822
2026-06-20 16:23:01,lht65-20,52.2507,5.97306,3.032,26.65,64.3,6705
2026-06-20 16:33:01,lht65-20,52.2507,5.97306,3.034,26.02,64.5,7884
2026-06-20 16:43:01,lht65-20,52.2507,5.97306,3.034,25.84,67.2,6203
2026-06-20 16:53:01,lht65-20,52.2507,5.97306,3.034,25.37,67.6,4637
2026-06-20 17:03:01,lht65-20,52.2507,5.97306,3.032,25.04,68.9,6807
2026-06-20 17:13:01,lht65-20,52.2507,5.97306,3.032,25.3,67.0,8684
2026-06-20 17:23:01,lht65-20,52.2507,5.97306,3.032,25.28,67.8,16952
2026-06-20 17:33:01,lht65-20,52.2507,5.97306,3.032,26.04,65.6,18410
2026-06-20 17:43:01,lht65-20,52.2507,5.97306,3.032,26.3,63.7,16981
2026-06-20 17:53:01,lht65-20,52.2507,5.97306,3.034,26.45,61.9,16400
2026-06-20 18:03:01,lht65-20,52.2507,5.97306,3.032,26.18,63.4,10140
2026-06-20 18:13:01,lht65-20,52.2507,5.97306,3.034,26.16,66.8,12330
2026-06-20 18:23:01,lht65-20,52.2507,5.97306,3.034,26.09,69.2,11506
2026-06-20 18:33:01,lht65-20,52.2507,5.97306,3.032,25.97,66.0,8998
2026-06-20 18:43:01,lht65-20,52.2507,5.97306,3.034,25.6,66.3,6800
2026-06-20 18:53:01,lht65-20,52.2507,5.97306,3.034,24.93,68.0,5470
2026-06-20 19:03:01,lht65-20,52.2507,5.97306,3.032,24.38,70.2,3956
2026-06-20 19:13:01,lht65-20,52.2507,5.97306,3.032,23.61,72.9,1365
2026-06-20 19:23:01,lht65-20,52.2507,5.97306,3.032,22.71,76.1,1044
2026-06-20 19:33:01,lht65-20,52.2507,5.97306,3.03,22.0,80.9,733
2026-06-20 19:43:01,lht65-20,52.2507,5.97306,3.03,21.35,82.8,472
2026-06-20 19:53:01,lht65-20,52.2507,5.97306,3.03,20.79,85.1,286
2026-06-20 20:03:01,lht65-20,52.2507,5.97306,3.03,20.42,88.2,154
2026-06-20 20:13:01,lht65-20,52.2507,5.97306,3.029,20.14,89.3,70
2026-06-20 20:23:01,lht65-20,52.2507,5.97306,3.03,19.93,89.8,25
2026-06-20 20:33:01,lht65-20,52.2507,5.97306,3.03,19.66,90.8,7
2026-06-20 20:43:01,lht65-20,52.2507,5.97306,3.03,19.37,91.2,2
2026-06-20 20:53:01,lht65-20,52.2507,5.97306,3.03,18.89,92.1,0
2026-06-20 21:03:01,lht65-20,52.2507,5.97306,3.029,18.68,93.7,0
2026-06-20 21:13:01,lht65-20,52.2507,5.97306,3.029,18.55,94.6,0
2026-06-20 21:23:01,lht65-20,52.2507,5.97306,3.029,18.28,94.8,0
2026-06-20 21:33:01,lht65-20,52.2507,5.97306,3.027,18.24,95.3,0
2026-06-20 21:43:01,lht65-20,52.2507,5.97306,3.029,18.15,95.7,0
2026-06-20 21:53:01,lht65-20,52.2507,5.97306,3.027,18.1,96.1,0
2026-06-20 22:03:01,lht65-20,52.2507,5.97306,3.029,17.99,96.3,0
2026-06-20 22:13:01,lht65-20,52.2507,5.97306,3.027,17.97,96.5,0
2026-06-20 22:23:01,lht65-20,52.2507,5.97306,3.027,17.85,96.7,0
2026-06-20 22:33:01,lht65-20,52.2507,5.97306,3.027,17.8,96.8,0
2026-06-20 22:43:01,lht65-20,52.2507,5.97306,3.027,17.73,96.9,0
2026-06-20 22:53:01,lht65-20,52.2507,5.97306,3.027,17.79,97.1,0
2026-06-20 23:03:01,lht65-20,52.2507,5.97306,3.027,17.83,97.2,0
2026-06-20 23:13:01,lht65-20,52.2507,5.97306,3.027,17.66,97.2,0
2026-06-20 23:23:01,lht65-20,52.2507,5.97306,3.027,17.56,97.2,0
2026-06-20 23:33:01,lht65-20,52.2507,5.97306,3.027,17.54,97.2,0
2026-06-20 23:43:01,lht65-20,52.2507,5.97306,3.027,17.71,97.3,0
2026-06-20 23:53:01,lht65-20,52.2507,5.97306,3.027,17.45,97.4,0
2026-06-21 00:03:01,lht65-20,52.2507,5.97306,3.027,17.47,97.5,0
2026-06-21 00:13:01,lht65-20,52.2507,5.97306,3.027,17.43,97.6,0
2026-06-21 00:23:01,lht65-20,52.2507,5.97306,3.027,17.39,97.6,0
2026-06-21 00:33:01,lht65-20,52.2507,5.97306,3.027,17.32,97.7,0
2026-06-21 00:43:01,lht65-20,52.2507,5.97306,3.027,17.52,97.8,0
2026-06-21 00:53:01,lht65-20,52.2507,5.97306,3.027,17.71,97.9,0
2026-06-21 01:03:01,lht65-20,52.2507,5.97306,3.027,17.84,98.0,0
2026-06-21 01:13:01,lht65-20,52.2507,5.97306,3.027,18.22,98.0,0
2026-06-21 01:23:01,lht65-20,52.2507,5.97306,3.029,18.92,97.9,0
2026-06-21 01:33:01,lht65-20,52.2507,5.97306,3.027,19.28,97.2,0
2026-06-21 01:43:01,lht65-20,52.2507,5.97306,3.027,19.46,95.1,0
2026-06-21 01:53:01,lht65-20,52.2507,5.97306,3.027,19.66,92.7,0
2026-06-21 02:03:01,lht65-20,52.2507,5.97306,3.027,19.82,92.3,0
2026-06-21 02:13:01,lht65-20,52.2507,5.97306,3.027,19.76,92.9,0
2026-06-21 02:23:01,lht65-20,52.2507,5.97306,3.029,19.46,94.5,0
2026-06-21 02:33:01,lht65-20,52.2507,5.97306,3.027,19.3,95.6,0
2026-06-21 02:43:01,lht65-20,52.2507,5.97306,3.027,19.22,96.1,0
2026-06-21 02:53:01,lht65-20,52.2507,5.97306,3.027,19.19,96.6,0
2026-06-21 03:03:01,lht65-20,52.2507,5.97306,3.027,19.18,96.9,1
2026-06-21 03:13:01,lht65-20,52.2507,5.97306,3.027,19.12,97.1,10
2026-06-21 03:23:01,lht65-20,52.2507,5.97306,3.027,19.04,97.2,18
2026-06-21 03:33:01,lht65-20,52.2507,5.97306,3.027,18.98,97.3,42
2026-06-21 03:43:01,lht65-20,52.2507,5.97306,3.027,18.86,97.3,95
2026-06-21 03:53:01,lht65-20,52.2507,5.97306,3.027,18.74,97.3,189
2026-06-21 04:03:01,lht65-20,52.2507,5.97306,3.027,18.61,97.4,290
2026-06-21 04:13:01,lht65-20,52.2507,5.97306,3.027,18.61,97.5,395
2026-06-21 04:23:01,lht65-20,52.2507,5.97306,3.027,18.57,97.5,612
2026-06-21 04:33:01,lht65-20,52.2507,5.97306,3.027,18.7,97.6,1323
2026-06-21 04:43:01,lht65-20,52.2507,5.97306,3.027,18.78,97.8,2891
2026-06-21 04:53:01,lht65-20,52.2507,5.97306,3.027,19.04,97.8,4791
2026-06-21 05:03:01,lht65-20,52.2507,5.97306,3.027,19.33,97.8,5357
2026-06-21 05:13:01,lht65-20,52.2507,5.97306,3.027,19.52,97.8,4668
2026-06-21 05:23:01,lht65-20,52.2507,5.97306,3.027,19.72,97.7,5085
2026-06-21 05:33:01,lht65-20,52.2507,5.97306,3.027,19.83,97.5,6230
2026-06-21 05:43:01,lht65-20,52.2507,5.97306,3.027,20.37,97.3,8580
2026-06-21 05:53:01,lht65-20,52.2507,5.97306,3.027,20.53,96.6,12700
2026-06-21 06:03:01,lht65-20,52.2507,5.97306,3.027,21.19,94.9,8811
2026-06-21 06:13:01,lht65-20,52.2507,5.97306,3.027,21.01,93.2,8252
2026-06-21 06:23:01,lht65-20,52.2507,5.97306,3.027,21.29,93.2,6464
2026-06-21 06:33:02,lht65-20,52.2507,5.97306,3.027,20.73,91.9,3910
2026-06-21 06:53:01,lht65-20,52.2507,5.97306,3.027,21.08,93.0,9069
2026-06-21 07:03:01,lht65-20,52.2507,5.97306,3.027,21.24,91.6,9881
2026-06-21 07:13:01,lht65-20,52.2507,5.97306,3.029,21.81,91.9,12207
2026-06-21 07:23:01,lht65-20,52.2507,5.97306,3.029,21.88,89.0,19588
2026-06-21 07:33:01,lht65-20,52.2507,5.97306,3.027,22.78,85.8,29572
2026-06-21 07:43:01,lht65-20,52.2507,5.97306,3.03,23.29,83.3,16918
2026-06-21 07:53:01,lht65-20,52.2507,5.97306,3.027,23.72,83.1,35548
2026-06-21 08:03:01,lht65-20,52.2507,5.97306,3.03,24.12,76.5,14120
2026-06-21 08:13:01,lht65-20,52.2507,5.97306,3.03,24.5,79.0,34267
2026-06-21 08:23:01,lht65-20,52.2507,5.97306,3.029,24.93,73.8,17592
2026-06-21 08:33:01,lht65-20,52.2507,5.97306,3.03,24.81,74.9,13751
2026-06-21 08:43:01,lht65-20,52.2507,5.97306,3.029,24.62,74.6,39912
2026-06-21 08:53:01,lht65-20,52.2507,5.97306,3.03,25.39,73.4,38122
2026-06-21 09:03:01,lht65-20,52.2507,5.97306,3.03,25.27,73.5,19127
2026-06-21 09:13:01,lht65-20,52.2507,5.97306,3.03,25.29,73.6,22177
2026-06-21 09:23:01,lht65-20,52.2507,5.97306,3.029,25.51,70.2,19699
2026-06-21 09:33:01,lht65-20,52.2507,5.97306,3.03,26.15,67.5,44577
2026-06-21 09:43:01,lht65-20,52.2507,5.97306,3.03,26.39,67.2,40829
2026-06-21 09:53:01,lht65-20,52.2507,5.97306,3.03,27.28,66.3,34143
2026-06-21 10:03:01,lht65-20,52.2507,5.97306,3.03,27.23,66.1,29906
2026-06-21 10:13:01,lht65-20,52.2507,5.97306,3.032,27.5,62.2,25616
2026-06-21 10:23:01,lht65-20,52.2507,5.97306,3.03,26.74,62.9,16731
2026-06-21 10:33:01,lht65-20,52.2507,5.97306,3.03,26.11,65.1,17320
2026-06-21 10:43:01,lht65-20,52.2507,5.97306,3.032,26.98,63.2,39303
2026-06-21 10:53:01,lht65-20,52.2507,5.97306,3.03,27.35,62.0,40074
2026-06-21 11:03:01,lht65-20,52.2507,5.97306,3.034,27.76,59.8,40807
2026-06-21 11:13:01,lht65-20,52.2507,5.97306,3.032,28.0,59.0,38554
2026-06-21 11:23:01,lht65-20,52.2507,5.97306,3.03,28.6,61.1,39105
2026-06-21 11:33:01,lht65-20,52.2507,5.97306,3.03,28.39,62.5,38603
2026-06-21 11:43:01,lht65-20,52.2507,5.97306,3.034,28.29,58.8,38615
2026-06-21 11:53:01,lht65-20,52.2507,5.97306,3.032,28.33,63.4,40383
2026-06-21 12:03:01,lht65-20,52.2507,5.97306,3.032,28.33,60.6,32271
2026-06-21 12:13:01,lht65-20,52.2507,5.97306,3.03,28.33,62.9,39495
2026-06-21 12:23:01,lht65-20,52.2507,5.97306,3.03,29.12,59.5,36718
2026-06-21 12:33:01,lht65-20,52.2507,5.97306,3.034,29.16,58.6,39861
2026-06-21 12:43:01,lht65-20,52.2507,5.97306,3.032,29.53,53.6,35853
2026-06-21 12:53:01,lht65-20,52.2507,5.97306,3.032,29.42,54.5,28246
2026-06-21 13:03:01,lht65-20,52.2507,5.97306,3.03,29.58,55.1,32358
2026-06-21 13:13:01,lht65-20,52.2507,5.97306,3.032,29.1,57.5,29367
2026-06-21 13:23:01,lht65-20,52.2507,5.97306,3.032,29.55,55.7,36745
2026-06-21 13:33:01,lht65-20,52.2507,5.97306,3.032,29.14,60.0,35152
2026-06-21 13:53:01,lht65-20,52.2507,5.97306,3.034,29.04,59.0,33990
2026-06-21 14:03:01,lht65-20,52.2507,5.97306,3.034,29.33,58.1,33915
2026-06-21 14:13:01,lht65-20,52.2507,5.97306,3.034,29.37,56.1,34080
2026-06-21 14:23:01,lht65-20,52.2507,5.97306,3.034,29.49,57.1,30400
2026-06-21 14:33:01,lht65-20,52.2507,5.97306,3.034,30.12,61.9,32015
2026-06-21 14:43:01,lht65-20,52.2507,5.97306,3.032,30.38,54.3,23465
2026-06-21 14:53:01,lht65-20,52.2507,5.97306,3.034,29.71,57.1,29866
2026-06-21 15:03:01,lht65-20,52.2507,5.97306,3.034,29.5,58.2,31405
2026-06-21 15:13:01,lht65-20,52.2507,5.97306,3.034,28.93,58.9,29755
2026-06-21 15:23:01,lht65-20,52.2507,5.97306,3.034,29.6,58.5,28040
2026-06-21 15:33:01,lht65-20,52.2507,5.97306,3.034,29.04,61.6,13060
2026-06-21 15:43:01,lht65-20,52.2507,5.97306,3.034,28.54,64.1,13376
2026-06-21 15:53:01,lht65-20,52.2507,5.97306,3.034,27.5,64.2,10992
2026-06-21 16:03:01,lht65-20,52.2507,5.97306,3.034,27.37,66.2,15174
2026-06-21 16:13:01,lht65-20,52.2507,5.97306,3.034,27.39,66.8,19600
2026-06-21 16:23:01,lht65-20,52.2507,5.97306,3.034,28.01,65.6,23763
2026-06-21 16:33:01,lht65-20,52.2507,5.97306,3.032,27.97,67.8,19427
2026-06-21 16:43:01,lht65-20,52.2507,5.97306,3.034,27.56,68.4,14234
2026-06-21 16:53:01,lht65-20,52.2507,5.97306,3.032,27.2,68.2,17935
2026-06-21 17:03:01,lht65-20,52.2507,5.97306,3.032,26.86,69.3,13254
2026-06-21 17:13:01,lht65-20,52.2507,5.97306,3.034,26.63,71.1,14698
2026-06-21 17:23:01,lht65-20,52.2507,5.97306,3.034,26.4,70.8,12329
2026-06-21 17:33:01,lht65-20,52.2507,5.97306,3.032,26.27,71.9,12690
2026-06-21 17:43:01,lht65-20,52.2507,5.97306,3.032,26.54,71.9,16917
2026-06-21 17:53:01,lht65-20,52.2507,5.97306,3.032,26.58,70.8,14258
2026-06-21 18:03:01,lht65-20,52.2507,5.97306,3.032,26.32,71.0,14125
2026-06-21 18:13:01,lht65-20,52.2507,5.97306,3.032,26.02,72.1,12017
2026-06-21 18:23:01,lht65-20,52.2507,5.97306,3.032,25.82,71.0,10049
2026-06-21 18:33:01,lht65-20,52.2507,5.97306,3.032,25.53,73.2,8691
2026-06-21 18:43:01,lht65-20,52.2507,5.97306,3.034,25.26,73.7,7463
2026-06-21 18:53:01,lht65-20,52.2507,5.97306,3.032,24.93,74.2,5850
2026-06-21 19:03:01,lht65-20,52.2507,5.97306,3.032,24.55,74.9,4476
2026-06-21 19:13:00,lht65-20,52.2507,5.97306,3.032,24.2,76.0,2863
2026-06-21 19:23:01,lht65-20,52.2507,5.97306,3.032,23.61,78.2,1404
2026-06-21 19:33:01,lht65-20,52.2507,5.97306,3.032,23.18,79.9,1080
2026-06-21 19:43:00,lht65-20,52.2507,5.97306,3.032,22.84,81.3,696
2026-06-21 19:53:00,lht65-20,52.2507,5.97306,3.03,22.54,82.4,395
2026-06-21 20:03:00,lht65-20,52.2507,5.97306,3.03,22.33,82.9,205
2026-06-21 20:13:01,lht65-20,52.2507,5.97306,3.03,21.96,84.0,92
2026-06-21 20:23:01,lht65-20,52.2507,5.97306,3.032,21.75,84.4,32
2026-06-21 20:33:00,lht65-20,52.2507,5.97306,3.03,21.6,84.4,9
2026-06-21 20:43:00,lht65-20,52.2507,5.97306,3.03,21.49,83.2,3
2026-06-21 20:53:00,lht65-20,52.2507,5.97306,3.03,21.22,83.6,0
2026-06-21 21:03:00,lht65-20,52.2507,5.97306,3.03,21.08,81.7,0
2026-06-21 21:13:01,lht65-20,52.2507,5.97306,3.03,20.77,82.1,0
2026-06-21 21:23:01,lht65-20,52.2507,5.97306,3.03,20.54,82.2,0
2026-06-21 21:33:01,lht65-20,52.2507,5.97306,3.03,20.26,82.1,0
2026-06-21 21:43:01,lht65-20,52.2507,5.97306,3.03,20.09,82.6,0
2026-06-21 21:53:00,lht65-20,52.2507,5.97306,3.029,19.92,82.0,0
2026-06-21 22:03:00,lht65-20,52.2507,5.97306,3.03,19.59,82.8,0
2026-06-21 22:13:01,lht65-20,52.2507,5.97306,3.029,19.23,85.7,0
2026-06-21 22:23:00,lht65-20,52.2507,5.97306,3.029,19.17,84.6,0
2026-06-21 22:43:00,lht65-20,52.2507,5.97306,3.029,18.85,85.1,0
2026-06-21 22:53:00,lht65-20,52.2507,5.97306,3.029,18.7,84.3,0
2026-06-21 23:03:01,lht65-20,52.2507,5.97306,3.029,18.51,84.0,0
2026-06-21 23:13:00,lht65-20,52.2507,5.97306,3.029,18.34,84.0,0
2026-06-21 23:23:00,lht65-20,52.2507,5.97306,3.027,18.11,84.6,0
2026-06-21 23:33:00,lht65-20,52.2507,5.97306,3.027,17.92,84.4,0
2026-06-21 23:43:00,lht65-20,52.2507,5.97306,3.027,17.73,85.0,0
2026-06-21 23:53:01,lht65-20,52.2507,5.97306,3.027,17.54,85.3,0
2026-06-22 00:03:01,lht65-20,52.2507,5.97306,3.027,17.4,85.1,0
2026-06-22 00:13:01,lht65-20,52.2507,5.97306,3.027,17.23,85.1,0
2026-06-22 00:23:01,lht65-20,52.2507,5.97306,3.027,17.07,84.4,0
2026-06-22 00:33:00,lht65-20,52.2507,5.97306,3.027,16.91,83.3,0
2026-06-22 00:43:01,lht65-20,52.2507,5.97306,3.027,16.74,81.9,0
2026-06-22 00:53:00,lht65-20,52.2507,5.97306,3.027,16.56,79.8,0
2026-06-22 01:03:01,lht65-20,52.2507,5.97306,3.025,16.38,79.0,0
2026-06-22 01:13:00,lht65-20,52.2507,5.97306,3.027,16.18,79.5,0
2026-06-22 01:23:01,lht65-20,52.2507,5.97306,3.027,15.96,78.8,0
2026-06-22 01:33:01,lht65-20,52.2507,5.97306,3.023,15.7,79.2,0
2026-06-22 01:43:01,lht65-20,52.2507,5.97306,3.023,15.5,79.2,0
2026-06-22 01:53:00,lht65-20,52.2507,5.97306,3.023,15.37,79.6,0
2026-06-22 02:03:01,lht65-20,52.2507,5.97306,3.023,15.21,80.8,0
2026-06-22 02:13:00,lht65-20,52.2507,5.97306,3.025,14.99,81.9,0
2026-06-22 02:23:01,lht65-20,52.2507,5.97306,3.023,14.94,79.8,0
2026-06-22 02:33:01,lht65-20,52.2507,5.97306,3.023,14.86,81.0,3
2026-06-22 02:43:00,lht65-20,52.2507,5.97306,3.023,14.73,81.9,11
2026-06-22 02:53:01,lht65-20,52.2507,5.97306,3.023,14.59,82.5,36
2026-06-22 03:03:01,lht65-20,52.2507,5.97306,3.021,14.43,83.9,95
2026-06-22 03:13:01,lht65-20,52.2507,5.97306,3.023,14.27,84.0,213
2026-06-22 03:23:00,lht65-20,52.2507,5.97306,3.021,14.24,84.6,414
2026-06-22 03:33:01,lht65-20,52.2507,5.97306,3.021,14.24,84.6,695
2026-06-22 03:43:00,lht65-20,52.2507,5.97306,3.021,14.31,84.2,1089
2026-06-22 03:53:01,lht65-20,52.2507,5.97306,3.021,14.56,83.6,1694
2026-06-22 04:03:00,lht65-20,52.2507,5.97306,3.023,14.73,82.1,2112
2026-06-22 04:13:01,lht65-20,52.2507,5.97306,3.023,15.05,82.4,3009
2026-06-22 04:23:01,lht65-20,52.2507,5.97306,3.021,15.28,80.6,3145
2026-06-22 04:33:01,lht65-20,52.2507,5.97306,3.021,15.36,80.9,4405
2026-06-22 04:43:01,lht65-20,52.2507,5.97306,3.023,15.87,80.4,7850
2026-06-22 04:53:00,lht65-20,52.2507,5.97306,3.023,16.33,78.0,5633
2026-06-22 05:03:01,lht65-20,52.2507,5.97306,3.023,16.49,78.7,10832
2026-06-22 05:13:01,lht65-20,52.2507,5.97306,3.023,16.93,78.1,9670
2026-06-22 05:23:00,lht65-20,52.2507,5.97306,3.025,17.39,77.8,13459
2026-06-22 05:33:01,lht65-20,52.2507,5.97306,3.023,17.53,77.0,14692
2026-06-22 05:43:01,lht65-20,52.2507,5.97306,3.023,17.94,76.0,16240
2026-06-22 05:53:00,lht65-20,52.2507,5.97306,3.025,18.03,76.0,17351
2026-06-22 06:03:01,lht65-20,52.2507,5.97306,3.023,18.41,76.1,18827
2026-06-22 06:13:01,lht65-20,52.2507,5.97306,3.027,18.77,77.7,19670
2026-06-22 06:23:00,lht65-20,52.2507,5.97306,3.025,18.83,74.4,20840
2026-06-22 06:33:01,lht65-20,52.2507,5.97306,3.027,19.29,75.0,21633
2026-06-22 06:43:01,lht65-20,52.2507,5.97306,3.025,19.47,74.1,22822
2026-06-22 06:53:01,lht65-20,52.2507,5.97306,3.027,19.48,73.8,21100
2026-06-22 07:03:01,lht65-20,52.2507,5.97306,3.025,19.46,74.9,23004
2026-06-22 07:13:00,lht65-20,52.2507,5.97306,3.027,19.64,73.8,23515
2026-06-22 07:23:00,lht65-20,52.2507,5.97306,3.027,19.91,76.1,25690
2026-06-22 07:33:00,lht65-20,52.2507,5.97306,3.027,20.26,73.7,26647
2026-06-22 07:43:01,lht65-20,52.2507,5.97306,3.027,20.68,74.0,26499
2026-06-22 07:53:01,lht65-20,52.2507,5.97306,3.027,20.92,76.1,27691
2026-06-22 08:03:01,lht65-20,52.2507,5.97306,3.027,21.0,72.8,28649
2026-06-22 08:13:01,lht65-20,52.2507,5.97306,3.027,21.2,73.1,29747
2026-06-22 08:23:01,lht65-20,52.2507,5.97306,3.027,21.51,71.1,29705
2026-06-22 08:33:01,lht65-20,52.2507,5.97306,3.027,21.72,71.6,30905
2026-06-22 08:43:01,lht65-20,52.2507,5.97306,3.027,22.01,71.3,31499
2026-06-22 08:53:00,lht65-20,52.2507,5.97306,3.027,22.36,72.7,32068
2026-06-22 09:03:01,lht65-20,52.2507,5.97306,3.027,22.92,71.2,32855
2026-06-22 09:13:01,lht65-20,52.2507,5.97306,3.029,23.03,71.4,33865
2026-06-22 09:23:01,lht65-20,52.2507,5.97306,3.027,23.0,65.5,34310
2026-06-22 09:33:01,lht65-20,52.2507,5.97306,3.029,23.59,65.0,35273
2026-06-22 09:43:01,lht65-20,52.2507,5.97306,3.027,23.59,66.9,32763
2026-06-22 09:53:01,lht65-20,52.2507,5.97306,3.029,23.8,66.3,34445
2026-06-22 10:03:00,lht65-20,52.2507,5.97306,3.027,23.78,67.1,35500
2026-06-22 10:13:01,lht65-20,52.2507,5.97306,3.03,24.28,65.8,36471
2026-06-22 10:23:01,lht65-20,52.2507,5.97306,3.029,24.25,67.8,35989
2026-06-22 10:33:01,lht65-20,52.2507,5.97306,3.03,24.54,68.0,35401
2026-06-22 10:43:00,lht65-20,52.2507,5.97306,3.027,24.83,64.3,36181
2026-06-22 10:53:01,lht65-20,52.2507,5.97306,3.03,24.98,65.8,37560
2026-06-22 11:03:01,lht65-20,52.2507,5.97306,3.03,25.21,66.4,37110
2026-06-22 11:13:00,lht65-20,52.2507,5.97306,3.03,25.13,66.3,34160
2026-06-22 11:23:01,lht65-20,52.2507,5.97306,3.03,25.42,64.6,36991
2026-06-22 11:33:01,lht65-20,52.2507,5.97306,3.027,25.39,64.2,37049
2026-06-22 11:43:01,lht65-20,52.2507,5.97306,3.029,25.96,65.7,36550
2026-06-22 11:53:01,lht65-20,52.2507,5.97306,3.029,26.22,63.9,37040
2026-06-22 12:03:00,lht65-20,52.2507,5.97306,3.03,26.2,61.0,38345
2026-06-22 12:13:01,lht65-20,52.2507,5.97306,3.03,26.64,60.8,35007
2026-06-22 12:23:01,lht65-20,52.2507,5.97306,3.029,26.3,59.2,35041
2026-06-22 12:33:00,lht65-20,52.2507,5.97306,3.03,26.49,59.6,38287
2026-06-22 12:43:00,lht65-20,52.2507,5.97306,3.03,27.19,59.4,36726
2026-06-22 12:53:00,lht65-20,52.2507,5.97306,3.03,26.87,58.5,31909
2026-06-22 13:03:00,lht65-20,52.2507,5.97306,3.03,26.78,59.5,26720
2026-06-22 13:13:01,lht65-20,52.2507,5.97306,3.03,26.26,62.7,30885
2026-06-22 13:23:00,lht65-20,52.2507,5.97306,3.03,26.38,61.7,32977
2026-06-22 13:33:01,lht65-20,52.2507,5.97306,3.03,26.78,61.2,32288
2026-06-22 13:43:01,lht65-20,52.2507,5.97306,3.03,27.35,60.9,34910
2026-06-22 13:53:00,lht65-20,52.2507,5.97306,3.03,27.08,59.9,28918
2026-06-22 14:03:00,lht65-20,52.2507,5.97306,3.03,27.14,60.9,32985
2026-06-22 14:13:00,lht65-20,52.2507,5.97306,3.03,27.64,60.1,32710
2026-06-22 14:23:01,lht65-20,52.2507,5.97306,3.032,27.21,59.1,33309
2026-06-22 14:33:00,lht65-20,52.2507,5.97306,3.032,27.29,59.3,32143
2026-06-22 14:43:00,lht65-20,52.2507,5.97306,3.03,27.43,57.1,31999
2026-06-22 14:53:00,lht65-20,52.2507,5.97306,3.03,27.44,58.0,30696
2026-06-22 15:03:01,lht65-20,52.2507,5.97306,3.03,27.19,61.7,30666
2026-06-22 15:13:00,lht65-20,52.2507,5.97306,3.032,27.3,60.5,31172
2026-06-22 15:23:00,lht65-20,52.2507,5.97306,3.03,27.29,59.3,30138
2026-06-22 15:33:00,lht65-20,52.2507,5.97306,3.03,27.17,61.7,31315
2026-06-22 15:43:00,lht65-20,52.2507,5.97306,3.03,27.2,59.0,29795
2026-06-22 15:53:00,lht65-20,52.2507,5.97306,3.03,27.11,61.0,27730
2026-06-22 16:03:00,lht65-20,52.2507,5.97306,3.032,27.05,59.4,27123
2026-06-22 16:13:01,lht65-20,52.2507,5.97306,3.03,26.84,60.0,24660
2026-06-22 16:23:00,lht65-20,52.2507,5.97306,3.03,26.64,61.4,24551
2026-06-22 16:33:00,lht65-20,52.2507,5.97306,3.03,26.31,60.3,24385
2026-06-22 16:43:00,lht65-20,52.2507,5.97306,3.03,26.54,62.1,24443
2026-06-22 16:53:00,lht65-20,52.2507,5.97306,3.032,26.41,61.2,22860
2026-06-22 17:03:00,lht65-20,52.2507,5.97306,3.03,26.24,63.7,23374
2026-06-22 17:13:01,lht65-20,52.2507,5.97306,3.03,25.95,61.4,20504
2026-06-22 17:23:00,lht65-20,52.2507,5.97306,3.03,25.61,62.9,19040
2026-06-22 17:33:00,lht65-20,52.2507,5.97306,3.032,25.23,63.0,11555
2026-06-22 17:43:00,lht65-20,52.2507,5.97306,3.03,24.67,64.7,16800
2026-06-22 17:53:00,lht65-20,52.2507,5.97306,3.03,24.82,64.1,14433
2026-06-22 18:03:00,lht65-20,52.2507,5.97306,3.03,24.48,65.0,13704
2026-06-22 18:13:00,lht65-20,52.2507,5.97306,3.032,24.21,65.2,13135
2026-06-22 18:23:00,lht65-20,52.2507,5.97306,3.03,24.01,65.7,11015
2026-06-22 18:33:00,lht65-20,52.2507,5.97306,3.03,23.53,66.1,9191
2026-06-22 18:43:00,lht65-20,52.2507,5.97306,3.03,22.84,66.5,4406
2026-06-22 18:53:00,lht65-20,52.2507,5.97306,3.029,22.12,68.2,2584
2026-06-22 19:03:00,lht65-20,52.2507,5.97306,3.029,21.51,69.1,2102
2026-06-22 19:13:00,lht65-20,52.2507,5.97306,3.027,21.06,71.2,1701
2026-06-22 19:23:00,lht65-20,52.2507,5.97306,3.029,20.77,71.2,1157
2026-06-22 19:33:00,lht65-20,52.2507,5.97306,3.029,20.34,71.9,847
2026-06-22 19:43:00,lht65-20,52.2507,5.97306,3.027,19.97,73.3,520
2026-06-22 19:53:01,lht65-20,52.2507,5.97306,3.027,19.54,74.1,280
2026-06-22 20:03:00,lht65-20,52.2507,5.97306,3.027,19.25,75.1,150
2026-06-22 20:13:00,lht65-20,52.2507,5.97306,3.027,19.04,74.4,70
2026-06-22 20:23:01,lht65-20,52.2507,5.97306,3.029,18.8,74.7,26
2026-06-22 20:33:00,lht65-20,52.2507,5.97306,3.027,18.5,74.7,9
2026-06-22 20:43:00,lht65-20,52.2507,5.97306,3.027,18.3,77.3,2
2026-06-22 20:53:00,lht65-20,52.2507,5.97306,3.027,18.03,76.3,0
2026-06-22 21:03:00,lht65-20,52.2507,5.97306,3.027,17.72,75.5,0
2026-06-22 21:13:00,lht65-20,52.2507,5.97306,3.027,17.55,76.1,0
2026-06-22 21:23:00,lht65-20,52.2507,5.97306,3.027,17.28,78.9,0
2026-06-22 21:33:00,lht65-20,52.2507,5.97306,3.027,17.15,76.6,0
2026-06-22 21:43:00,lht65-20,52.2507,5.97306,3.027,16.97,76.7,0
2026-06-22 21:53:00,lht65-20,52.2507,5.97306,3.025,16.86,76.5,0
2026-06-22 22:03:00,lht65-20,52.2507,5.97306,3.025,16.66,76.1,0
2026-06-22 22:13:00,lht65-20,52.2507,5.97306,3.023,16.5,75.9,0
2026-06-22 22:23:00,lht65-20,52.2507,5.97306,3.023,16.26,77.2,0
2026-06-22 22:33:00,lht65-20,52.2507,5.97306,3.025,15.98,79.4,0
2026-06-22 22:43:00,lht65-20,52.2507,5.97306,3.023,15.74,79.9,0
2026-06-22 22:53:01,lht65-20,52.2507,5.97306,3.023,15.68,78.9,0
2026-06-22 23:03:00,lht65-20,52.2507,5.97306,3.023,15.41,80.2,0
2026-06-22 23:13:00,lht65-20,52.2507,5.97306,3.023,15.13,81.3,0
2026-06-22 23:23:00,lht65-20,52.2507,5.97306,3.023,15.0,82.0,0
2026-06-22 23:33:00,lht65-20,52.2507,5.97306,3.021,14.87,82.3,0
2026-06-22 23:43:00,lht65-20,52.2507,5.97306,3.021,14.66,83.2,0
2026-06-22 23:53:00,lht65-20,52.2507,5.97306,3.023,14.49,84.1,0
2026-06-23 00:03:00,lht65-20,52.2507,5.97306,3.021,14.32,86.0,0
2026-06-23 00:13:00,lht65-20,52.2507,5.97306,3.019,14.21,86.0,0
2026-06-23 00:23:00,lht65-20,52.2507,5.97306,3.021,14.13,87.2,0
2026-06-23 00:33:00,lht65-20,52.2507,5.97306,3.021,14.33,86.2,0
2026-06-23 00:43:00,lht65-20,52.2507,5.97306,3.019,14.34,86.0,0
2026-06-23 00:53:01,lht65-20,52.2507,5.97306,3.021,14.41,85.0,0
2026-06-23 01:03:01,lht65-20,52.2507,5.97306,3.019,14.36,84.9,0
2026-06-23 01:13:00,lht65-20,52.2507,5.97306,3.019,14.32,85.6,0
2026-06-23 01:23:00,lht65-20,52.2507,5.97306,3.019,14.09,85.9,0
2026-06-23 01:33:00,lht65-20,52.2507,5.97306,3.019,13.81,87.6,0
2026-06-23 01:43:00,lht65-20,52.2507,5.97306,3.019,13.63,87.8,0
2026-06-23 01:53:00,lht65-20,52.2507,5.97306,3.018,13.54,89.2,0
2026-06-23 02:03:00,lht65-20,52.2507,5.97306,3.018,13.45,90.7,0
2026-06-23 02:13:00,lht65-20,52.2507,5.97306,3.018,13.39,91.3,0
2026-06-23 02:23:00,lht65-20,52.2507,5.97306,3.018,13.38,91.9,0
2026-06-23 02:33:00,lht65-20,52.2507,5.97306,3.018,13.41,91.7,1
2026-06-23 02:43:00,lht65-20,52.2507,5.97306,3.018,13.58,90.5,5
2026-06-23 02:53:00,lht65-20,52.2507,5.97306,3.019,13.72,89.9,14
2026-06-23 03:03:00,lht65-20,52.2507,5.97306,3.018,13.85,89.3,37
2026-06-23 03:13:00,lht65-20,52.2507,5.97306,3.019,13.96,89.8,90
2026-06-23 03:23:01,lht65-20,52.2507,5.97306,3.018,14.0,88.7,170
2026-06-23 03:33:00,lht65-20,52.2507,5.97306,3.019,14.1,88.4,371
2026-06-23 03:43:00,lht65-20,52.2507,5.97306,3.018,14.21,88.1,955
2026-06-23 03:53:00,lht65-20,52.2507,5.97306,3.021,14.55,86.1,1927
2026-06-23 04:03:00,lht65-20,52.2507,5.97306,3.018,14.58,86.7,1467
2026-06-23 04:13:00,lht65-20,52.2507,5.97306,3.019,14.76,86.5,3800
2026-06-23 04:23:00,lht65-20,52.2507,5.97306,3.019,14.95,85.0,2867
2026-06-23 04:33:01,lht65-20,52.2507,5.97306,3.019,14.76,85.6,2536
2026-06-23 04:43:00,lht65-20,52.2507,5.97306,3.019,14.76,86.0,4692
2026-06-23 04:53:00,lht65-20,52.2507,5.97306,3.019,15.13,85.7,5083
2026-06-23 05:03:00,lht65-20,52.2507,5.97306,3.018,15.79,83.6,11729
2026-06-23 05:13:01,lht65-20,52.2507,5.97306,3.019,16.92,79.6,13764
2026-06-23 05:23:00,lht65-20,52.2507,5.97306,3.021,17.05,77.9,5406
2026-06-23 05:33:01,lht65-20,52.2507,5.97306,3.021,16.66,81.4,5769
2026-06-23 05:43:00,lht65-20,52.2507,5.97306,3.021,16.67,80.5,6410
2026-06-23 05:53:00,lht65-20,52.2507,5.97306,3.021,16.62,82.4,4510
2026-06-23 06:03:00,lht65-20,52.2507,5.97306,3.021,16.59,82.0,3913
2026-06-23 06:13:01,lht65-20,52.2507,5.97306,3.021,16.73,80.9,4858
2026-06-23 06:23:00,lht65-20,52.2507,5.97306,3.021,16.74,81.9,6970
2026-06-23 06:33:00,lht65-20,52.2507,5.97306,3.021,16.98,81.3,7547
2026-06-23 06:43:01,lht65-20,52.2507,5.97306,3.021,17.21,80.0,7240
2026-06-23 06:53:00,lht65-20,52.2507,5.97306,3.023,17.24,79.7,6960
2026-06-23 07:03:01,lht65-20,52.2507,5.97306,3.019,17.35,80.6,6794
2026-06-23 07:13:00,lht65-20,52.2507,5.97306,3.023,17.33,81.3,7672
2026-06-23 07:23:00,lht65-20,52.2507,5.97306,3.021,17.44,81.1,8910
2026-06-23 07:33:00,lht65-20,52.2507,5.97306,3.021,17.52,80.5,10815
2026-06-23 07:43:00,lht65-20,52.2507,5.97306,3.023,18.16,79.9,13726
2026-06-23 07:53:00,lht65-20,52.2507,5.97306,3.021,18.54,77.6,10628
2026-06-23 08:03:00,lht65-20,52.2507,5.97306,3.023,18.34,77.7,31731
2026-06-23 08:13:01,lht65-20,52.2507,5.97306,3.023,19.76,77.9,30045
2026-06-23 08:23:00,lht65-20,52.2507,5.97306,3.023,20.81,71.4,31098
2026-06-23 08:33:00,lht65-20,52.2507,5.97306,3.027,21.37,69.8,30501
2026-06-23 08:43:00,lht65-20,52.2507,5.97306,3.023,21.99,68.5,29672
2026-06-23 08:53:01,lht65-20,52.2507,5.97306,3.027,22.19,69.0,28727
2026-06-23 09:03:00,lht65-20,52.2507,5.97306,3.025,22.68,66.5,30066
2026-06-23 09:13:01,lht65-20,52.2507,5.97306,3.025,23.06,64.8,31290
2026-06-23 09:23:01,lht65-20,52.2507,5.97306,3.027,23.39,65.8,32842
2026-06-23 09:33:00,lht65-20,52.2507,5.97306,3.027,23.69,64.2,32036
2026-06-23 09:43:00,lht65-20,52.2507,5.97306,3.027,24.25,63.6,33045
2026-06-23 09:53:02,lht65-20,52.2507,5.97306,3.027,24.53,63.2,35079
2026-06-23 10:33:00,lht65-20,52.2507,5.97306,3.027,25.94,61.9,36105
2026-06-23 10:43:00,lht65-20,52.2507,5.97306,3.027,26.14,64.1,30171
2026-06-23 10:53:00,lht65-20,52.2507,5.97306,3.027,25.95,61.8,23316
2026-06-23 11:03:00,lht65-20,52.2507,5.97306,3.027,26.02,61.0,39255
2026-06-23 11:13:07,lht65-20,52.2507,5.97306,3.029,26.76,58.1,37530
2026-06-23 11:23:00,lht65-20,52.2507,5.97306,3.029,26.88,58.0,37184
2026-06-23 11:33:00,lht65-20,52.2507,5.97306,3.027,26.91,59.0,36977
2026-06-23 11:43:00,lht65-20,52.2507,5.97306,3.027,26.85,61.7,37055
2026-06-23 11:53:00,lht65-20,52.2507,5.97306,3.029,27.42,58.5,37260
2026-06-23 12:03:00,lht65-20,52.2507,5.97306,3.029,27.92,57.2,37558
2026-06-23 12:13:00,lht65-20,52.2507,5.97306,3.029,28.18,55.9,39255
2026-06-23 12:23:01,lht65-20,52.2507,5.97306,3.029,28.04,54.7,21950
2026-06-23 12:33:00,lht65-20,52.2507,5.97306,3.03,27.74,54.5,39600
2026-06-23 12:43:00,lht65-20,52.2507,5.97306,3.029,29.1,51.6,37830
2026-06-23 13:03:00,lht65-20,52.2507,5.97306,3.03,29.69,53.8,34605
2026-06-23 13:13:00,lht65-20,52.2507,5.97306,3.029,29.5,59.3,35925
2026-06-23 13:23:00,lht65-20,52.2507,5.97306,3.029,28.78,53.8,26930
2026-06-23 13:33:00,lht65-20,52.2507,5.97306,3.03,29.23,52.4,36191
2026-06-23 13:43:00,lht65-20,52.2507,5.97306,3.029,29.42,51.7,34561
2026-06-23 13:53:00,lht65-20,52.2507,5.97306,3.03,29.34,50.9,33392
2026-06-23 14:03:00,lht65-20,52.2507,5.97306,3.03,29.65,51.7,32787
2026-06-23 14:13:00,lht65-20,52.2507,5.97306,3.03,29.95,50.9,31932
2026-06-23 14:23:00,lht65-20,52.2507,5.97306,3.03,29.73,49.6,31677
2026-06-23 14:33:00,lht65-20,52.2507,5.97306,3.03,29.19,52.5,31279
2026-06-23 14:43:00,lht65-20,52.2507,5.97306,3.03,29.24,51.8,30950
2026-06-23 14:53:00,lht65-20,52.2507,5.97306,3.03,29.65,50.2,30542
2026-06-23 15:03:00,lht65-20,52.2507,5.97306,3.032,29.27,51.9,29879
2026-06-23 15:13:00,lht65-20,52.2507,5.97306,3.03,29.42,50.0,29517
2026-06-23 15:33:00,lht65-20,52.2507,5.97306,3.03,29.22,48.0,28255
2026-06-23 15:43:00,lht65-20,52.2507,5.97306,3.03,29.29,53.3,27591
2026-06-23 15:53:02,lht65-20,52.2507,5.97306,3.03,29.78,50.9,27016
2026-06-23 16:03:00,lht65-20,52.2507,5.97306,3.03,30.07,50.3,26336
2026-06-23 16:13:00,lht65-20,52.2507,5.97306,3.03,29.95,53.7,25364
2026-06-23 16:23:00,lht65-20,52.2507,5.97306,3.034,30.18,51.7,24556
2026-06-23 16:33:00,lht65-20,52.2507,5.97306,3.03,30.11,50.8,23736
2026-06-23 16:43:00,lht65-20,52.2507,5.97306,3.032,30.12,50.3,22665
2026-06-23 16:53:00,lht65-20,52.2507,5.97306,3.03,29.83,52.5,21700
2026-06-23 17:03:00,lht65-20,52.2507,5.97306,3.03,29.67,52.5,20603
2026-06-23 17:13:00,lht65-20,52.2507,5.97306,3.03,29.73,52.4,19970
2026-06-23 17:23:00,lht65-20,52.2507,5.97306,3.034,29.96,50.1,18790
2026-06-23 17:33:00,lht65-20,52.2507,5.97306,3.032,29.96,51.6,17805
2026-06-23 17:43:00,lht65-20,52.2507,5.97306,3.032,29.63,52.2,16630
2026-06-23 17:53:00,lht65-20,52.2507,5.97306,3.032,29.49,51.5,15308
2026-06-23 18:03:00,lht65-20,52.2507,5.97306,3.032,29.61,50.4,14025
2026-06-23 18:13:00,lht65-20,52.2507,5.97306,3.032,29.54,55.4,12847
2026-06-23 18:23:00,lht65-20,52.2507,5.97306,3.032,29.64,51.9,11415
2026-06-23 18:33:00,lht65-20,52.2507,5.97306,3.032,29.29,52.0,9926
2026-06-23 18:43:00,lht65-20,52.2507,5.97306,3.03,29.34,53.1,8335
2026-06-23 18:53:00,lht65-20,52.2507,5.97306,3.032,29.15,53.2,6801
2026-06-23 19:03:00,lht65-20,52.2507,5.97306,3.032,28.57,54.0,5333
2026-06-23 19:13:00,lht65-20,52.2507,5.97306,3.032,28.17,56.0,3779
2026-06-23 19:23:00,lht65-20,52.2507,5.97306,3.032,27.07,59.7,1685
2026-06-23 19:33:00,lht65-20,52.2507,5.97306,3.03,25.81,66.2,1186
2026-06-23 19:43:00,lht65-20,52.2507,5.97306,3.032,24.45,70.3,778
2026-06-23 19:53:00,lht65-20,52.2507,5.97306,3.03,23.44,73.4,460
2026-06-23 20:03:00,lht65-20,52.2507,5.97306,3.03,22.57,78.3,243
2026-06-23 20:13:00,lht65-20,52.2507,5.97306,3.03,21.86,80.6,110
2026-06-23 20:23:00,lht65-20,52.2507,5.97306,3.03,21.3,85.3,40
2026-06-23 20:33:00,lht65-20,52.2507,5.97306,3.029,20.93,88.3,11
2026-06-23 20:43:00,lht65-20,52.2507,5.97306,3.029,20.58,88.9,3
2026-06-23 20:53:00,lht65-20,52.2507,5.97306,3.03,20.34,90.3,0
2026-06-23 21:03:00,lht65-20,52.2507,5.97306,3.029,20.21,89.6,0
2026-06-23 21:13:00,lht65-20,52.2507,5.97306,3.029,20.07,90.2,0
2026-06-23 21:23:00,lht65-20,52.2507,5.97306,3.029,19.66,90.4,0
2026-06-23 21:33:00,lht65-20,52.2507,5.97306,3.027,19.33,92.1,0
2026-06-23 21:43:00,lht65-20,52.2507,5.97306,3.027,19.2,93.6,0
2026-06-23 21:53:00,lht65-20,52.2507,5.97306,3.027,19.12,93.9,0
2026-06-23 22:03:00,lht65-20,52.2507,5.97306,3.029,19.05,94.0,0
2026-06-23 22:13:01,lht65-20,52.2507,5.97306,3.027,18.89,94.1,0
2026-06-23 22:23:00,lht65-20,52.2507,5.97306,3.027,18.76,94.5,0
2026-06-23 22:33:00,lht65-20,52.2507,5.97306,3.027,18.57,94.8,0
2026-06-23 22:43:00,lht65-20,52.2507,5.97306,3.027,18.34,95.1,0
2026-06-23 22:53:00,lht65-20,52.2507,5.97306,3.027,18.09,95.2,0
2026-06-23 23:03:00,lht65-20,52.2507,5.97306,3.025,17.99,95.6,0
2026-06-23 23:13:00,lht65-20,52.2507,5.97306,3.027,17.89,95.8,0
2026-06-23 23:33:00,lht65-20,52.2507,5.97306,3.027,17.54,96.2,0
2026-06-23 23:43:00,lht65-20,52.2507,5.97306,3.027,17.56,96.3,0
2026-06-23 23:53:00,lht65-20,52.2507,5.97306,3.023,17.54,96.6,0
2026-06-24 00:03:00,lht65-20,52.2507,5.97306,3.027,17.45,96.8,0
2026-06-24 00:13:00,lht65-20,52.2507,5.97306,3.027,17.41,96.9,0
2026-06-24 00:33:00,lht65-20,52.2507,5.97306,3.023,17.13,97.1,0
2026-06-24 00:43:00,lht65-20,52.2507,5.97306,3.027,17.0,97.1,0
2026-06-24 00:53:00,lht65-20,52.2507,5.97306,3.025,16.97,97.2,0
2026-06-24 01:03:00,lht65-20,52.2507,5.97306,3.023,16.89,97.3,0
2026-06-24 01:13:00,lht65-20,52.2507,5.97306,3.027,16.74,97.4,0
2026-06-24 01:23:00,lht65-20,52.2507,5.97306,3.025,16.72,97.4,0
2026-06-24 01:33:00,lht65-20,52.2507,5.97306,3.023,16.59,97.5,0
2026-06-24 01:43:00,lht65-20,52.2507,5.97306,3.023,16.55,97.5,0
2026-06-24 01:53:00,lht65-20,52.2507,5.97306,3.027,16.54,97.6,0
2026-06-24 04:03:25,lht65-20,52.2507,5.97306,3.025,16.5,97.6,0
2026-06-24 04:13:00,lht65-20,52.2507,5.97306,3.023,16.74,98.0,3950
2026-06-24 04:23:00,lht65-20,52.2507,5.97306,3.023,17.38,98.0,5216
2026-06-24 04:33:00,lht65-20,52.2507,5.97306,3.023,17.98,98.0,6498
2026-06-24 04:43:00,lht65-20,52.2507,5.97306,3.023,18.66,97.7,7789
2026-06-24 04:53:00,lht65-20,52.2507,5.97306,3.025,19.84,96.8,9133
2026-06-24 05:03:00,lht65-20,52.2507,5.97306,3.027,20.61,91.2,10444
2026-06-24 05:13:00,lht65-20,52.2507,5.97306,3.027,21.41,87.9,11786
2026-06-24 05:23:00,lht65-20,52.2507,5.97306,3.027,22.34,83.5,12971
2026-06-24 05:33:00,lht65-20,52.2507,5.97306,3.027,23.23,78.2,14087
2026-06-24 05:43:00,lht65-20,52.2507,5.97306,3.027,23.72,77.0,13845
2026-06-24 05:53:00,lht65-20,52.2507,5.97306,3.027,24.01,77.1,16541
2026-06-24 06:03:00,lht65-20,52.2507,5.97306,3.027,24.53,76.5,17936
2026-06-24 06:13:00,lht65-20,52.2507,5.97306,3.029,25.56,71.1,19164
2026-06-24 06:23:00,lht65-20,52.2507,5.97306,3.029,26.3,70.2,19454
2026-06-24 06:33:00,lht65-20,52.2507,5.97306,3.029,26.49,67.4,20371
2026-06-24 06:43:00,lht65-20,52.2507,5.97306,3.029,26.86,67.4,21920
2026-06-24 06:53:00,lht65-20,52.2507,5.97306,3.029,27.35,67.5,22720
2026-06-24 07:03:00,lht65-20,52.2507,5.97306,3.029,27.79,64.6,23448
2026-06-24 07:13:00,lht65-20,52.2507,5.97306,3.029,27.65,65.6,24209
2026-06-24 07:23:00,lht65-20,52.2507,5.97306,3.03,27.85,63.7,24172
2026-06-24 07:33:00,lht65-20,52.2507,5.97306,3.03,28.26,61.1,25387
2026-06-24 07:43:00,lht65-20,52.2507,5.97306,3.03,28.32,61.3,25657
2026-06-24 07:53:00,lht65-20,52.2507,5.97306,3.032,28.66,60.2,26708
2026-06-24 08:03:00,lht65-20,52.2507,5.97306,3.03,29.16,60.2,27453
2026-06-24 08:13:00,lht65-20,52.2507,5.97306,3.03,29.78,57.6,28338
2026-06-24 08:33:00,lht65-20,52.2507,5.97306,3.032,30.69,54.6,29380
2026-06-24 08:43:00,lht65-20,52.2507,5.97306,3.03,30.93,50.5,28989
2026-06-24 08:53:00,lht65-20,52.2507,5.97306,3.032,30.97,50.4,29661
2026-06-24 09:03:00,lht65-20,52.2507,5.97306,3.032,31.37,50.9,31405
2026-06-24 09:13:00,lht65-20,52.2507,5.97306,3.032,31.8,50.2,32223
2026-06-24 09:23:00,lht65-20,52.2507,5.97306,3.032,31.57,55.3,32640
2026-06-24 09:33:00,lht65-20,52.2507,5.97306,3.034,31.43,56.5,33121
2026-06-24 09:43:00,lht65-20,52.2507,5.97306,3.032,31.36,53.5,33886
2026-06-24 09:53:00,lht65-20,52.2507,5.97306,3.032,31.82,57.9,33867
2026-06-24 10:03:00,lht65-20,52.2507,5.97306,3.032,32.14,54.0,34348
2026-06-24 10:13:00,lht65-20,52.2507,5.97306,3.032,32.03,56.7,34775
2026-06-24 10:23:00,lht65-20,52.2507,5.97306,3.034,32.52,53.0,34931
2026-06-24 10:33:00,lht65-20,52.2507,5.97306,3.034,32.51,56.3,35435
2026-06-24 10:43:00,lht65-20,52.2507,5.97306,3.034,32.86,53.3,35569
2026-06-24 10:53:00,lht65-20,52.2507,5.97306,3.034,32.36,53.8,35759
2026-06-24 11:03:00,lht65-20,52.2507,5.97306,3.034,32.51,52.0,35797
2026-06-24 11:13:00,lht65-20,52.2507,5.97306,3.034,33.34,55.3,36079
2026-06-24 11:23:00,lht65-20,52.2507,5.97306,3.034,33.41,52.0,36352
2026-06-24 11:33:00,lht65-20,52.2507,5.97306,3.036,33.53,53.2,36090
2026-06-24 11:43:00,lht65-20,52.2507,5.97306,3.034,33.34,51.0,36137
2026-06-24 11:53:00,lht65-20,52.2507,5.97306,3.034,33.5,51.8,36012
2026-06-24 12:03:00,lht65-20,52.2507,5.97306,3.034,33.15,54.1,36195
2026-06-24 12:13:00,lht65-20,52.2507,5.97306,3.036,33.12,51.2,35666
2026-06-24 12:23:00,lht65-20,52.2507,5.97306,3.034,33.41,50.4,35535
2026-06-24 12:33:00,lht65-20,52.2507,5.97306,3.036,33.65,48.1,35061
2026-06-24 12:43:00,lht65-20,52.2507,5.97306,3.036,33.69,51.3,34947
2026-06-24 12:53:00,lht65-20,52.2507,5.97306,3.036,33.99,48.1,34935
2026-06-24 13:13:00,lht65-20,52.2507,5.97306,3.038,34.54,47.7,34201
2026-06-24 13:23:00,lht65-20,52.2507,5.97306,3.038,34.75,46.0,33940
2026-06-24 13:33:00,lht65-20,52.2507,5.97306,3.038,35.03,44.8,33238
2026-06-24 13:43:00,lht65-20,52.2507,5.97306,3.038,34.97,44.1,32899
2026-06-24 13:53:00,lht65-20,52.2507,5.97306,3.038,35.14,47.9,32261
2026-06-24 14:03:00,lht65-20,52.2507,5.97306,3.038,35.36,44.7,31888
2026-06-24 14:13:00,lht65-20,52.2507,5.97306,3.038,35.05,45.8,31291
2026-06-24 14:23:00,lht65-20,52.2507,5.97306,3.036,35.02,46.2,30605
2026-06-24 14:33:00,lht65-20,52.2507,5.97306,3.038,34.76,43.7,30497
2026-06-24 14:43:00,lht65-20,52.2507,5.97306,3.038,34.92,43.9,29715
2026-06-24 14:53:00,lht65-20,52.2507,5.97306,3.038,34.83,44.6,29157
2026-06-24 15:03:00,lht65-20,52.2507,5.97306,3.038,34.69,45.7,28915
2026-06-24 15:13:00,lht65-20,52.2507,5.97306,3.038,34.55,45.5,28423
2026-06-24 15:23:00,lht65-20,52.2507,5.97306,3.038,34.87,48.5,28008
2026-06-24 15:33:00,lht65-20,52.2507,5.97306,3.04,35.05,44.7,27505
2026-06-24 15:43:00,lht65-20,52.2507,5.97306,3.038,34.98,47.6,26602
2026-06-24 15:53:00,lht65-20,52.2507,5.97306,3.04,34.92,44.5,26320
2026-06-24 16:03:00,lht65-20,52.2507,5.97306,3.038,35.21,44.4,25435
2026-06-24 16:13:00,lht65-20,52.2507,5.97306,3.038,35.26,43.1,24421
2026-06-24 16:23:00,lht65-20,52.2507,5.97306,3.041,35.45,42.6,23734
2026-06-24 16:33:00,lht65-20,52.2507,5.97306,3.041,35.65,43.7,22367
2026-06-24 16:43:00,lht65-20,52.2507,5.97306,3.041,35.54,44.4,7782
2026-06-24 16:53:00,lht65-20,52.2507,5.97306,3.041,34.43,48.0,7112
2026-06-24 17:03:00,lht65-20,52.2507,5.97306,3.04,34.17,50.7,18603
2026-06-24 17:13:00,lht65-20,52.2507,5.97306,3.041,34.58,48.3,17857
2026-06-24 17:23:00,lht65-20,52.2507,5.97306,3.041,34.55,50.7,17100
2026-06-24 17:33:00,lht65-20,52.2507,5.97306,3.041,34.33,49.7,16017
2026-06-24 17:43:00,lht65-20,52.2507,5.97306,3.041,34.01,54.2,14985
2026-06-24 17:53:00,lht65-20,52.2507,5.97306,3.041,33.6,53.1,13720
2026-06-24 18:03:00,lht65-20,52.2507,5.97306,3.041,33.27,54.4,12497
2026-06-24 18:13:00,lht65-20,52.2507,5.97306,3.041,32.8,53.5,11371
2026-06-24 18:23:00,lht65-20,52.2507,5.97306,3.041,32.23,56.2,9755
2026-06-24 18:33:00,lht65-20,52.2507,5.97306,3.041,31.71,58.1,8381
2026-06-24 18:43:00,lht65-20,52.2507,5.97306,3.041,31.23,59.2,6920
2026-06-24 18:53:00,lht65-20,52.2507,5.97306,3.041,30.79,59.8,5473
2026-06-24 19:03:00,lht65-20,52.2507,5.97306,3.041,30.43,61.3,4170
2026-06-24 19:13:00,lht65-20,52.2507,5.97306,3.04,29.89,62.6,3030
2026-06-24 19:23:00,lht65-20,52.2507,5.97306,3.041,29.18,66.3,1633
2026-06-24 19:33:00,lht65-20,52.2507,5.97306,3.041,28.44,67.3,1131
2026-06-24 19:43:00,lht65-20,52.2507,5.97306,3.041,27.79,70.2,725
2026-06-24 19:53:00,lht65-20,52.2507,5.97306,3.041,27.23,73.2,435
2026-06-24 20:03:00,lht65-20,52.2507,5.97306,3.041,26.72,74.0,235
2026-06-24 20:13:00,lht65-20,52.2507,5.97306,3.041,26.49,70.9,106
2026-06-24 20:23:00,lht65-20,52.2507,5.97306,3.04,26.3,69.6,37
2026-06-24 20:33:00,lht65-20,52.2507,5.97306,3.04,26.15,70.6,11
2026-06-24 20:43:00,lht65-20,52.2507,5.97306,3.04,26.13,72.0,3
2026-06-24 20:53:00,lht65-20,52.2507,5.97306,3.038,26.2,73.2,0
2026-06-24 21:03:00,lht65-20,52.2507,5.97306,3.041,26.02,75.1,0
2026-06-24 21:13:00,lht65-20,52.2507,5.97306,3.038,25.75,75.8,0
2026-06-24 21:23:00,lht65-20,52.2507,5.97306,3.041,25.43,77.5,0
2026-06-24 21:33:00,lht65-20,52.2507,5.97306,3.038,25.3,76.5,0
2026-06-24 21:43:00,lht65-20,52.2507,5.97306,3.038,25.16,76.0,0
2026-06-24 21:53:00,lht65-20,52.2507,5.97306,3.038,24.97,75.8,0
2026-06-24 22:03:00,lht65-20,52.2507,5.97306,3.04,24.81,76.1,0
2026-06-24 22:13:00,lht65-20,52.2507,5.97306,3.04,24.63,76.0,0
2026-06-24 22:23:00,lht65-20,52.2507,5.97306,3.038,24.32,76.6,0
2026-06-24 22:33:00,lht65-20,52.2507,5.97306,3.038,24.13,76.9,0
2026-06-24 22:43:00,lht65-20,52.2507,5.97306,3.038,23.79,77.9,0
2026-06-24 22:53:00,lht65-20,52.2507,5.97306,3.038,23.31,79.7,0
2026-06-24 23:03:00,lht65-20,52.2507,5.97306,3.038,22.84,81.6,0
2026-06-24 23:13:00,lht65-20,52.2507,5.97306,3.038,22.45,83.2,0
2026-06-24 23:23:00,lht65-20,52.2507,5.97306,3.038,22.29,86.0,0
2026-06-24 23:33:00,lht65-20,52.2507,5.97306,3.038,21.89,87.1,0
2026-06-24 23:43:00,lht65-20,52.2507,5.97306,3.038,21.62,88.5,0
2026-06-24 23:53:00,lht65-20,52.2507,5.97306,3.038,21.38,89.3,0
2026-06-25 00:03:00,lht65-20,52.2507,5.97306,3.036,20.96,89.8,0
2026-06-25 00:13:00,lht65-20,52.2507,5.97306,3.036,20.79,92.3,0
2026-06-25 00:23:00,lht65-20,52.2507,5.97306,3.034,20.75,92.8,0
2026-06-25 00:33:00,lht65-20,52.2507,5.97306,3.036,20.61,92.9,0
2026-06-25 00:43:00,lht65-20,52.2507,5.97306,3.036,20.49,93.2,0
2026-06-25 00:53:00,lht65-20,52.2507,5.97306,3.036,20.46,93.0,0
2026-06-25 01:03:00,lht65-20,52.2507,5.97306,3.036,20.34,93.0,0
2026-06-25 01:13:00,lht65-20,52.2507,5.97306,3.034,20.33,93.1,0
2026-06-25 01:23:00,lht65-20,52.2507,5.97306,3.036,20.22,92.9,0
2026-06-25 01:33:00,lht65-20,52.2507,5.97306,3.034,20.11,93.3,0
2026-06-25 01:43:00,lht65-20,52.2507,5.97306,3.036,20.06,93.5,0
2026-06-25 01:53:00,lht65-20,52.2507,5.97306,3.034,20.03,93.8,0
2026-06-25 02:03:00,lht65-20,52.2507,5.97306,3.036,20.01,93.8,0
2026-06-25 02:13:00,lht65-20,52.2507,5.97306,3.034,19.95,93.8,0
2026-06-25 02:23:00,lht65-20,52.2507,5.97306,3.034,19.84,93.8,0
2026-06-25 02:33:00,lht65-20,52.2507,5.97306,3.034,19.64,94.0,3
2026-06-25 02:43:00,lht65-20,52.2507,5.97306,3.034,19.46,94.4,12
2026-06-25 02:53:00,lht65-20,52.2507,5.97306,3.034,19.34,94.9,36
2026-06-25 03:03:00,lht65-20,52.2507,5.97306,3.034,19.22,95.3,95
2026-06-25 03:13:00,lht65-20,52.2507,5.97306,3.034,19.08,95.6,210
2026-06-25 03:23:00,lht65-20,52.2507,5.97306,3.034,19.02,95.8,406
2026-06-25 03:33:00,lht65-20,52.2507,5.97306,3.034,19.07,96.0,697
2026-06-25 03:43:00,lht65-20,52.2507,5.97306,3.034,19.18,96.1,1137
2026-06-25 03:53:00,lht65-20,52.2507,5.97306,3.032,19.46,96.1,1853
2026-06-25 04:03:00,lht65-20,52.2507,5.97306,3.032,19.47,95.4,2093
2026-06-25 04:13:00,lht65-20,52.2507,5.97306,3.034,19.76,95.2,3709
2026-06-25 04:23:00,lht65-20,52.2507,5.97306,3.034,20.51,93.3,4740
2026-06-25 04:33:00,lht65-20,52.2507,5.97306,3.034,21.35,89.2,5929
2026-06-25 04:43:00,lht65-20,52.2507,5.97306,3.036,21.7,87.1,7102
2026-06-25 04:53:00,lht65-20,52.2507,5.97306,3.036,21.97,85.9,8448
2026-06-25 05:03:00,lht65-20,52.2507,5.97306,3.034,22.21,84.3,10100
2026-06-25 05:13:00,lht65-20,52.2507,5.97306,3.036,22.3,83.1,11440
2026-06-25 05:23:00,lht65-20,52.2507,5.97306,3.036,22.67,82.1,12423
2026-06-25 05:33:00,lht65-20,52.2507,5.97306,3.034,22.77,81.2,13687
2026-06-25 05:43:00,lht65-20,52.2507,5.97306,3.036,23.01,81.1,14732
2026-06-25 05:53:00,lht65-20,52.2507,5.97306,3.036,23.2,79.2,16033
2026-06-25 06:03:00,lht65-20,52.2507,5.97306,3.036,23.27,80.3,17240
2026-06-25 06:13:00,lht65-20,52.2507,5.97306,3.036,23.57,79.4,18285
2026-06-25 06:23:00,lht65-20,52.2507,5.97306,3.034,23.78,79.1,19342
2026-06-25 06:33:00,lht65-20,52.2507,5.97306,3.036,23.92,77.8,20306
2026-06-25 06:43:00,lht65-20,52.2507,5.97306,3.036,24.07,78.1,21150
2026-06-25 06:53:00,lht65-20,52.2507,5.97306,3.036,24.35,77.5,22091
2026-06-25 07:03:00,lht65-20,52.2507,5.97306,3.036,24.56,76.3,23122
2026-06-25 07:13:00,lht65-20,52.2507,5.97306,3.036,24.76,76.9,23670
2026-06-25 07:23:00,lht65-20,52.2507,5.97306,3.036,25.14,75.2,24200
2026-06-25 07:33:00,lht65-20,52.2507,5.97306,3.038,25.58,76.3,25293
2026-06-25 07:43:00,lht65-20,52.2507,5.97306,3.036,25.67,73.0,25646
2026-06-25 07:53:00,lht65-20,52.2507,5.97306,3.036,25.83,74.0,26899
2026-06-25 08:03:00,lht65-20,52.2507,5.97306,3.036,26.05,74.0,27480
2026-06-25 08:13:00,lht65-20,52.2507,5.97306,3.036,26.27,72.0,28381
2026-06-25 08:23:00,lht65-20,52.2507,5.97306,3.038,26.6,69.1,28765
2026-06-25 08:33:00,lht65-20,52.2507,5.97306,3.038,26.87,70.0,29480
2026-06-25 08:43:00,lht65-20,52.2507,5.97306,3.038,27.06,69.1,30093
2026-06-25 08:53:00,lht65-20,52.2507,5.97306,3.038,27.32,68.7,30927
2026-06-25 09:03:00,lht65-20,52.2507,5.97306,3.038,27.45,68.4,31326
2026-06-25 09:13:00,lht65-20,52.2507,5.97306,3.038,27.85,70.2,31861
2026-06-25 09:23:00,lht65-20,52.2507,5.97306,3.038,28.19,69.5,32570
2026-06-25 09:33:00,lht65-20,52.2507,5.97306,3.038,28.37,67.3,33085
2026-06-25 09:43:00,lht65-20,52.2507,5.97306,3.038,28.39,67.6,33708
2026-06-25 09:53:00,lht65-20,52.2507,5.97306,3.038,28.69,64.3,34386
2026-06-25 10:03:00,lht65-20,52.2507,5.97306,3.038,28.94,65.1,34675
2026-06-25 10:13:00,lht65-20,52.2507,5.97306,3.04,29.49,66.3,34919
2026-06-25 10:23:00,lht65-20,52.2507,5.97306,3.038,29.42,66.4,35296
2026-06-25 10:33:00,lht65-20,52.2507,5.97306,3.038,29.52,65.3,35282
2026-06-25 10:43:00,lht65-20,52.2507,5.97306,3.038,29.77,64.0,35611
2026-06-25 10:53:00,lht65-20,52.2507,5.97306,3.038,29.84,61.4,36401
2026-06-25 11:03:00,lht65-20,52.2507,5.97306,3.04,29.93,63.0,36283
2026-06-25 11:13:00,lht65-20,52.2507,5.97306,3.038,30.38,62.0,35179
2026-06-25 11:23:00,lht65-20,52.2507,5.97306,3.038,30.47,60.4,35708
2026-06-25 11:33:00,lht65-20,52.2507,5.97306,3.038,30.69,64.2,32908
2026-06-25 11:42:59,lht65-20,52.2507,5.97306,3.04,30.53,62.9,36870
2026-06-25 11:53:00,lht65-20,52.2507,5.97306,3.04,30.7,62.7,36915
2026-06-25 12:03:00,lht65-20,52.2507,5.97306,3.04,31.0,62.9,36930
2026-06-25 12:13:00,lht65-20,52.2507,5.97306,3.041,31.22,63.1,36452
2026-06-25 12:23:00,lht65-20,52.2507,5.97306,3.04,31.23,62.7,36435
2026-06-25 12:43:00,lht65-20,52.2507,5.97306,3.041,31.25,60.7,35699
2026-06-25 12:52:59,lht65-20,52.2507,5.97306,3.04,31.22,62.0,35197
2026-06-25 13:02:59,lht65-20,52.2507,5.97306,3.041,31.21,61.2,35225
2026-06-25 13:13:00,lht65-20,52.2507,5.97306,3.041,31.35,60.9,33800
2026-06-25 13:23:00,lht65-20,52.2507,5.97306,3.041,31.37,61.0,34073
2026-06-25 13:33:00,lht65-20,52.2507,5.97306,3.041,31.3,58.5,33943
2026-06-25 13:43:00,lht65-20,52.2507,5.97306,3.041,31.56,59.1,33288
2026-06-25 13:53:00,lht65-20,52.2507,5.97306,3.041,31.79,60.2,33258
2026-06-25 14:03:00,lht65-20,52.2507,5.97306,3.04,31.76,60.0,32212
2026-06-25 14:12:59,lht65-20,52.2507,5.97306,3.041,32.02,56.0,31855
2026-06-25 14:23:00,lht65-20,52.2507,5.97306,3.04,31.99,59.3,31420
2026-06-25 14:32:59,lht65-20,52.2507,5.97306,3.04,31.66,57.2,31208
2026-06-25 14:43:00,lht65-20,52.2507,5.97306,3.041,31.68,55.6,30475
2026-06-25 14:53:00,lht65-20,52.2507,5.97306,3.041,31.86,57.8,30169
2026-06-25 15:03:00,lht65-20,52.2507,5.97306,3.041,32.09,55.7,29712
2026-06-25 15:13:00,lht65-20,52.2507,5.97306,3.041,31.58,57.3,28507
2026-06-25 15:23:00,lht65-20,52.2507,5.97306,3.041,31.29,59.9,28402
2026-06-25 15:33:00,lht65-20,52.2507,5.97306,3.041,31.13,59.1,27860
2026-06-25 15:43:00,lht65-20,52.2507,5.97306,3.041,31.11,60.1,26916
2026-06-25 15:53:00,lht65-20,52.2507,5.97306,3.041,31.04,61.4,26301
2026-06-25 16:03:00,lht65-20,52.2507,5.97306,3.041,30.92,60.5,25506
2026-06-25 16:13:00,lht65-20,52.2507,5.97306,3.041,30.83,63.1,24700
2026-06-25 16:23:00,lht65-20,52.2507,5.97306,3.041,30.64,60.5,23784
2026-06-25 16:32:59,lht65-20,52.2507,5.97306,3.041,30.49,61.2,22828
2026-06-25 16:43:00,lht65-20,52.2507,5.97306,3.041,30.38,62.4,21885
2026-06-25 16:53:00,lht65-20,52.2507,5.97306,3.041,30.15,62.5,20840
2026-06-25 17:02:59,lht65-20,52.2507,5.97306,3.041,30.08,63.6,19954
2026-06-25 17:12:59,lht65-20,52.2507,5.97306,3.041,29.73,63.5,18911
2026-06-25 17:22:59,lht65-20,52.2507,5.97306,3.041,29.75,62.6,17806
2026-06-25 17:32:59,lht65-20,52.2507,5.97306,3.041,29.58,63.5,16543
2026-06-25 17:42:59,lht65-20,52.2507,5.97306,3.041,29.4,62.6,15170
2026-06-25 17:53:00,lht65-20,52.2507,5.97306,3.041,29.15,63.7,13860
2026-06-25 18:02:59,lht65-20,52.2507,5.97306,3.041,28.91,64.1,12414
2026-06-25 18:12:59,lht65-20,52.2507,5.97306,3.041,28.76,65.1,11172
2026-06-25 18:22:59,lht65-20,52.2507,5.97306,3.041,28.34,64.8,9780
2026-06-25 18:33:00,lht65-20,52.2507,5.97306,3.041,28.02,65.5,8484
2026-06-25 18:42:59,lht65-20,52.2507,5.97306,3.041,27.65,66.4,7196
2026-06-25 18:52:59,lht65-20,52.2507,5.97306,3.041,27.17,67.0,5896
2026-06-25 19:02:59,lht65-20,52.2507,5.97306,3.041,26.79,68.2,4544
2026-06-25 19:12:59,lht65-20,52.2507,5.97306,3.041,26.3,69.2,3241
2026-06-25 19:22:59,lht65-20,52.2507,5.97306,3.041,25.66,70.9,1675
2026-06-25 19:32:59,lht65-20,52.2507,5.97306,3.04,25.2,72.1,1160
2026-06-25 19:42:59,lht65-20,52.2507,5.97306,3.041,24.87,72.9,745
2026-06-25 19:52:59,lht65-20,52.2507,5.97306,3.04,24.49,73.8,435
2026-06-25 20:02:59,lht65-20,52.2507,5.97306,3.041,24.11,75.2,231
2026-06-25 20:12:59,lht65-20,52.2507,5.97306,3.041,23.69,77.1,107
2026-06-25 20:22:59,lht65-20,52.2507,5.97306,3.04,23.39,78.1,40
2026-06-25 20:32:59,lht65-20,52.2507,5.97306,3.04,23.1,79.2,13
2026-06-25 20:42:59,lht65-20,52.2507,5.97306,3.038,22.74,80.3,3
2026-06-25 20:52:59,lht65-20,52.2507,5.97306,3.04,22.38,81.5,0
2026-06-25 21:02:59,lht65-20,52.2507,5.97306,3.038,22.1,82.5,0
2026-06-25 21:12:59,lht65-20,52.2507,5.97306,3.038,21.72,83.2,0
2026-06-25 21:22:59,lht65-20,52.2507,5.97306,3.038,21.44,83.9,0
2026-06-25 21:32:59,lht65-20,52.2507,5.97306,3.038,21.06,85.5,0
2026-06-25 21:42:59,lht65-20,52.2507,5.97306,3.038,20.63,86.6,0
2026-06-25 21:52:59,lht65-20,52.2507,5.97306,3.038,20.52,87.0,0
2026-06-25 22:03:00,lht65-20,52.2507,5.97306,3.036,20.44,86.7,0
2026-06-25 22:12:59,lht65-20,52.2507,5.97306,3.036,20.54,85.4,0
2026-06-25 22:22:59,lht65-20,52.2507,5.97306,3.036,20.21,85.8,0
2026-06-25 22:32:59,lht65-20,52.2507,5.97306,3.036,19.89,86.5,0
2026-06-25 22:42:59,lht65-20,52.2507,5.97306,3.034,19.63,87.5,0
2026-06-25 22:52:59,lht65-20,52.2507,5.97306,3.034,19.31,89.3,0
2026-06-25 23:02:59,lht65-20,52.2507,5.97306,3.036,19.05,90.2,0
2026-06-25 23:12:59,lht65-20,52.2507,5.97306,3.036,18.94,91.1,0
2026-06-25 23:22:59,lht65-20,52.2507,5.97306,3.036,18.85,90.8,0
2026-06-25 23:32:59,lht65-20,52.2507,5.97306,3.034,18.47,90.8,0
2026-06-25 23:42:59,lht65-20,52.2507,5.97306,3.036,18.25,92.8,0
2026-06-25 23:52:59,lht65-20,52.2507,5.97306,3.034,18.14,93.8,0
2026-06-26 00:02:59,lht65-20,52.2507,5.97306,3.034,17.97,94.2,0
2026-06-26 00:12:59,lht65-20,52.2507,5.97306,3.034,17.95,94.8,0
2026-06-26 00:22:59,lht65-20,52.2507,5.97306,3.034,17.83,94.7,0
2026-06-26 00:32:59,lht65-20,52.2507,5.97306,3.034,17.68,94.6,0
2026-06-26 00:42:59,lht65-20,52.2507,5.97306,3.034,17.48,94.8,0
2026-06-26 00:52:59,lht65-20,52.2507,5.97306,3.032,17.28,95.1,0
2026-06-26 01:02:59,lht65-20,52.2507,5.97306,3.034,17.05,95.2,0
2026-06-26 01:12:59,lht65-20,52.2507,5.97306,3.032,17.0,95.6,0
2026-06-26 01:32:59,lht65-20,52.2507,5.97306,3.03,16.65,96.1,0
2026-06-26 01:42:59,lht65-20,52.2507,5.97306,3.032,16.7,96.3,0
2026-06-26 01:52:59,lht65-20,52.2507,5.97306,3.032,16.85,96.6,0
2026-06-26 02:02:59,lht65-20,52.2507,5.97306,3.032,16.72,96.8,0
2026-06-26 02:12:59,lht65-20,52.2507,5.97306,3.032,16.67,96.8,0
2026-06-26 02:22:59,lht65-20,52.2507,5.97306,3.032,16.5,96.9,0
2026-06-26 02:32:59,lht65-20,52.2507,5.97306,3.03,16.73,97.1,3
2026-06-26 02:42:59,lht65-20,52.2507,5.97306,3.032,16.8,97.2,10
2026-06-26 02:52:59,lht65-20,52.2507,5.97306,3.03,16.65,97.2,32
2026-06-26 03:03:00,lht65-20,52.2507,5.97306,3.03,16.47,97.3,89
2026-06-26 03:12:59,lht65-20,52.2507,5.97306,3.03,16.5,97.3,200
2026-06-26 03:22:59,lht65-20,52.2507,5.97306,3.03,16.58,97.4,390
2026-06-26 03:32:59,lht65-20,52.2507,5.97306,3.03,16.26,97.4,686
2026-06-26 03:52:59,lht65-20,52.2507,5.97306,3.03,16.86,97.5,1958
2026-06-26 04:02:59,lht65-20,52.2507,5.97306,3.032,16.95,97.5,2335
2026-06-26 04:12:59,lht65-20,52.2507,5.97306,3.03,17.44,97.5,4307
2026-06-26 04:22:59,lht65-20,52.2507,5.97306,3.032,18.22,97.5,5767
2026-06-26 04:32:59,lht65-20,52.2507,5.97306,3.03,19.01,97.4,7200
2026-06-26 04:52:59,lht65-20,52.2507,5.97306,3.034,20.81,85.6,8412
2026-06-26 05:02:59,lht65-20,52.2507,5.97306,3.034,21.14,85.9,9052
2026-06-26 05:22:59,lht65-20,52.2507,5.97306,3.034,22.97,76.7,13206
2026-06-26 05:32:59,lht65-20,52.2507,5.97306,3.036,23.74,74.4,13728
2026-06-26 05:42:59,lht65-20,52.2507,5.97306,3.036,23.82,73.4,12945
2026-06-26 05:52:59,lht65-20,52.2507,5.97306,3.038,24.01,72.8,14626
2026-06-26 06:02:59,lht65-20,52.2507,5.97306,3.038,24.85,72.6,20200
2026-06-26 06:12:59,lht65-20,52.2507,5.97306,3.036,25.37,68.2,20199
2026-06-26 06:22:59,lht65-20,52.2507,5.97306,3.036,25.29,69.0,15858
2026-06-26 06:32:59,lht65-20,52.2507,5.97306,3.038,25.15,68.9,15208
2026-06-26 06:42:59,lht65-20,52.2507,5.97306,3.038,25.12,70.7,16106
2026-06-26 06:52:59,lht65-20,52.2507,5.97306,3.038,25.64,68.6,22193
2026-06-26 07:02:59,lht65-20,52.2507,5.97306,3.036,26.33,67.6,22450
2026-06-26 07:12:59,lht65-20,52.2507,5.97306,3.036,26.69,66.5,23577
2026-06-26 07:22:59,lht65-20,52.2507,5.97306,3.038,26.97,66.9,20880
2026-06-26 07:32:59,lht65-20,52.2507,5.97306,3.036,27.32,66.4,22099
2026-06-26 07:42:59,lht65-20,52.2507,5.97306,3.038,27.88,64.2,25889
2026-06-26 07:52:59,lht65-20,52.2507,5.97306,3.038,28.56,63.1,28040
2026-06-26 08:02:59,lht65-20,52.2507,5.97306,3.038,28.82,65.9,24070
2026-06-26 08:12:59,lht65-20,52.2507,5.97306,3.038,29.08,62.4,23878
2026-06-26 08:22:59,lht65-20,52.2507,5.97306,3.038,29.37,62.4,28097
2026-06-26 08:32:59,lht65-20,52.2507,5.97306,3.038,29.72,61.3,30135
2026-06-26 08:42:59,lht65-20,52.2507,5.97306,3.038,30.3,61.3,28801
2026-06-26 08:52:59,lht65-20,52.2507,5.97306,3.038,30.78,59.6,32253
2026-06-26 09:03:00,lht65-20,52.2507,5.97306,3.038,31.26,58.2,31288
2026-06-26 09:12:59,lht65-20,52.2507,5.97306,3.041,31.59,60.2,33132
2026-06-26 09:22:59,lht65-20,52.2507,5.97306,3.038,31.75,58.7,33635
2026-06-26 09:42:59,lht65-20,52.2507,5.97306,3.04,32.33,56.5,34112
2026-06-26 09:52:59,lht65-20,52.2507,5.97306,3.041,32.99,55.8,34489
2026-06-26 10:02:59,lht65-20,52.2507,5.97306,3.041,33.37,56.1,34731
2026-06-26 10:12:59,lht65-20,52.2507,5.97306,3.041,33.8,55.8,35795
2026-06-26 10:22:59,lht65-20,52.2507,5.97306,3.041,34.01,54.2,35500
2026-06-26 10:32:59,lht65-20,52.2507,5.97306,3.041,34.33,54.2,35700
2026-06-26 10:42:59,lht65-20,52.2507,5.97306,3.04,34.59,52.4,33590
2026-06-26 10:52:59,lht65-20,52.2507,5.97306,3.041,34.87,53.8,36826
2026-06-26 11:02:59,lht65-20,52.2507,5.97306,3.041,35.23,53.2,37011
2026-06-26 11:12:59,lht65-20,52.2507,5.97306,3.041,35.41,53.3,37077
2026-06-26 11:22:59,lht65-20,52.2507,5.97306,3.041,35.77,51.3,37502
2026-06-26 11:32:59,lht65-20,52.2507,5.97306,3.041,35.82,48.6,37598
2026-06-26 11:42:59,lht65-20,52.2507,5.97306,3.041,36.1,47.1,37950
2026-06-26 11:52:59,lht65-20,52.2507,5.97306,3.041,36.36,44.0,38445
2026-06-26 12:02:59,lht65-20,52.2507,5.97306,3.043,36.52,45.7,37785
2026-06-26 12:12:59,lht65-20,52.2507,5.97306,3.041,36.69,46.9,37560
2026-06-26 12:22:59,lht65-20,52.2507,5.97306,3.041,36.3,44.0,33865
2026-06-26 12:32:59,lht65-20,52.2507,5.97306,3.041,36.45,45.5,33634
2026-06-26 12:42:59,lht65-20,52.2507,5.97306,3.043,36.64,45.0,31231
2026-06-26 12:52:59,lht65-20,52.2507,5.97306,3.043,36.91,44.5,37621
2026-06-26 13:02:59,lht65-20,52.2507,5.97306,3.043,36.91,44.4,35770
2026-06-26 13:12:59,lht65-20,52.2507,5.97306,3.045,37.37,43.7,36748
2026-06-26 13:22:59,lht65-20,52.2507,5.97306,3.043,37.58,43.4,36260
2026-06-26 13:32:59,lht65-20,52.2507,5.97306,3.045,37.5,42.4,34695
2026-06-26 13:42:59,lht65-20,52.2507,5.97306,3.043,36.97,42.6,26390
2026-06-26 13:52:59,lht65-20,52.2507,5.97306,3.045,37.53,44.8,35293
2026-06-26 14:02:59,lht65-20,52.2507,5.97306,3.045,38.09,36.8,36475
2026-06-26 14:12:59,lht65-20,52.2507,5.97306,3.045,38.23,38.9,35885
2026-06-26 14:22:59,lht65-20,52.2507,5.97306,3.045,38.66,36.0,27410
2026-06-26 14:32:59,lht65-20,52.2507,5.97306,3.045,38.07,37.9,22345
2026-06-26 14:42:59,lht65-20,52.2507,5.97306,3.045,37.53,43.8,23298
2026-06-26 14:52:59,lht65-20,52.2507,5.97306,3.045,37.83,41.7,24683
2026-06-26 15:02:59,lht65-20,52.2507,5.97306,3.047,37.82,39.6,24270
2026-06-26 15:12:59,lht65-20,52.2507,5.97306,3.045,37.97,38.5,32250
2026-06-26 15:22:59,lht65-20,52.2507,5.97306,3.047,38.53,37.7,28800
2026-06-26 15:32:59,lht65-20,52.2507,5.97306,3.045,39.18,40.4,27867
2026-06-26 15:42:59,lht65-20,52.2507,5.97306,3.047,39.55,34.8,27582
2026-06-26 15:52:59,lht65-20,52.2507,5.97306,3.047,39.17,38.2,26458
2026-06-26 16:02:59,lht65-20,52.2507,5.97306,3.047,38.73,38.5,25582
2026-06-26 16:12:59,lht65-20,52.2507,5.97306,3.047,38.23,39.9,24294
2026-06-26 16:22:59,lht65-20,52.2507,5.97306,3.047,37.74,41.8,23120
2026-06-26 16:32:59,lht65-20,52.2507,5.97306,3.047,37.67,39.9,22634
2026-06-26 16:42:59,lht65-20,52.2507,5.97306,3.047,37.86,41.8,21525
2026-06-26 16:52:59,lht65-20,52.2507,5.97306,3.047,38.17,43.1,20417
2026-06-26 17:02:59,lht65-20,52.2507,5.97306,3.047,38.07,40.8,19335
2026-06-26 17:12:59,lht65-20,52.2507,5.97306,3.045,37.72,43.5,18186
2026-06-26 17:22:59,lht65-20,52.2507,5.97306,3.047,37.63,40.9,16790
2026-06-26 17:32:59,lht65-20,52.2507,5.97306,3.047,37.86,44.2,15222
2026-06-26 17:42:59,lht65-20,52.2507,5.97306,3.047,37.2,45.4,14147
2026-06-26 17:52:59,lht65-20,52.2507,5.97306,3.047,36.66,47.3,12102
2026-06-26 18:02:59,lht65-20,52.2507,5.97306,3.047,36.52,54.9,10995
2026-06-26 18:12:59,lht65-20,52.2507,5.97306,3.049,36.51,52.8,9141
2026-06-26 18:22:59,lht65-20,52.2507,5.97306,3.049,35.92,53.8,7670
2026-06-26 18:32:59,lht65-20,52.2507,5.97306,3.051,35.37,55.8,7064
2026-06-26 18:42:59,lht65-20,52.2507,5.97306,3.047,34.76,52.3,4857
2026-06-26 18:52:59,lht65-20,52.2507,5.97306,3.049,33.93,61.7,4207
2026-06-26 19:02:59,lht65-20,52.2507,5.97306,3.049,33.13,68.0,2912
2026-06-26 19:12:59,lht65-20,52.2507,5.97306,3.051,32.04,67.3,1875
2026-06-26 19:22:59,lht65-20,52.2507,5.97306,3.049,30.88,70.0,1254
2026-06-26 19:32:59,lht65-20,52.2507,5.97306,3.049,30.02,75.2,873
2026-06-26 19:42:59,lht65-20,52.2507,5.97306,3.047,29.3,75.0,563
2026-06-26 19:52:59,lht65-20,52.2507,5.97306,3.047,28.52,78.2,335
2026-06-26 20:02:59,lht65-20,52.2507,5.97306,3.047,28.41,75.1,169
2026-06-26 20:12:59,lht65-20,52.2507,5.97306,3.049,29.28,70.5,78
2026-06-26 20:22:59,lht65-20,52.2507,5.97306,3.049,29.1,71.6,30
2026-06-26 20:32:59,lht65-20,52.2507,5.97306,3.047,28.92,71.2,10
2026-06-26 20:42:59,lht65-20,52.2507,5.97306,3.047,28.71,72.1,2
2026-06-26 20:52:59,lht65-20,52.2507,5.97306,3.047,28.3,73.5,0
2026-06-26 21:02:59,lht65-20,52.2507,5.97306,3.047,27.92,75.1,0
2026-06-26 21:12:59,lht65-20,52.2507,5.97306,3.047,27.3,77.5,0
2026-06-26 21:22:59,lht65-20,52.2507,5.97306,3.047,26.67,79.9,0
2026-06-26 21:32:59,lht65-20,52.2507,5.97306,3.047,26.24,82.3,0
2026-06-26 21:42:59,lht65-20,52.2507,5.97306,3.047,26.0,82.7,0
2026-06-26 21:53:00,lht65-20,52.2507,5.97306,3.045,25.88,83.2,0
2026-06-26 22:02:59,lht65-20,52.2507,5.97306,3.047,25.32,84.6,0
2026-06-26 22:12:59,lht65-20,52.2507,5.97306,3.045,25.15,86.4,0
2026-06-26 22:22:59,lht65-20,52.2507,5.97306,3.047,24.84,87.7,0
2026-06-26 22:32:59,lht65-20,52.2507,5.97306,3.047,24.62,88.9,0
2026-06-26 22:42:59,lht65-20,52.2507,5.97306,3.045,24.55,90.1,0
2026-06-26 22:52:59,lht65-20,52.2507,5.97306,3.045,24.53,90.4,0
2026-06-26 23:02:59,lht65-20,52.2507,5.97306,3.045,24.51,89.3,0
2026-06-26 23:12:59,lht65-20,52.2507,5.97306,3.047,24.56,88.5,0
2026-06-26 23:22:59,lht65-20,52.2507,5.97306,3.045,24.26,88.1,0
2026-06-26 23:32:59,lht65-20,52.2507,5.97306,3.045,24.2,88.3,0
2026-06-26 23:42:59,lht65-20,52.2507,5.97306,3.045,24.3,89.1,0
2026-06-26 23:52:59,lht65-20,52.2507,5.97306,3.045,24.11,89.5,0
2026-06-27 00:02:59,lht65-20,52.2507,5.97306,3.045,23.77,90.0,0
2026-06-27 00:12:59,lht65-20,52.2507,5.97306,3.045,23.75,91.6,0
2026-06-27 00:22:59,lht65-20,52.2507,5.97306,3.045,23.57,91.8,0
2026-06-27 00:32:59,lht65-20,52.2507,5.97306,3.045,23.42,92.2,0
2026-06-27 00:42:59,lht65-20,52.2507,5.97306,3.045,23.16,92.4,0
2026-06-27 00:53:00,lht65-20,52.2507,5.97306,3.045,22.87,92.3,0
2026-06-27 01:02:59,lht65-20,52.2507,5.97306,3.045,22.69,92.6,0
2026-06-27 01:12:59,lht65-20,52.2507,5.97306,3.045,22.42,93.1,0
2026-06-27 01:22:59,lht65-20,52.2507,5.97306,3.045,22.28,93.7,0
2026-06-27 01:32:59,lht65-20,52.2507,5.97306,3.045,22.04,93.7,0
2026-06-27 01:42:59,lht65-20,52.2507,5.97306,3.043,21.89,94.1,0
2026-06-27 01:52:59,lht65-20,52.2507,5.97306,3.041,21.87,94.1,0
2026-06-27 02:02:59,lht65-20,52.2507,5.97306,3.043,21.76,94.1,0
2026-06-27 02:12:59,lht65-20,52.2507,5.97306,3.043,21.66,93.7,0
2026-06-27 02:22:59,lht65-20,52.2507,5.97306,3.043,21.77,92.6,0
2026-06-27 02:32:59,lht65-20,52.2507,5.97306,3.043,21.77,91.9,2
2026-06-27 02:42:59,lht65-20,52.2507,5.97306,3.045,21.42,91.7,7
2026-06-27 02:52:59,lht65-20,52.2507,5.97306,3.043,20.92,92.0,25
2026-06-27 03:02:59,lht65-20,52.2507,5.97306,3.043,20.64,92.9,67
2026-06-27 03:12:59,lht65-20,52.2507,5.97306,3.041,20.41,92.3,155
2026-06-27 03:22:59,lht65-20,52.2507,5.97306,3.043,20.18,92.8,302
2026-06-27 03:32:59,lht65-20,52.2507,5.97306,3.041,20.08,93.5,510
2026-06-27 03:42:59,lht65-20,52.2507,5.97306,3.041,19.9,93.8,889
2026-06-27 03:52:59,lht65-20,52.2507,5.97306,3.041,20.12,94.6,1475
2026-06-27 04:02:59,lht65-20,52.2507,5.97306,3.043,20.4,94.8,1835
2026-06-27 04:12:59,lht65-20,52.2507,5.97306,3.041,20.68,94.7,3295
2026-06-27 04:22:59,lht65-20,52.2507,5.97306,3.041,21.12,89.7,4628
2026-06-27 04:32:59,lht65-20,52.2507,5.97306,3.043,22.1,86.5,6188
2026-06-27 04:42:59,lht65-20,52.2507,5.97306,3.043,23.34,85.9,7646
2026-06-27 04:52:59,lht65-20,52.2507,5.97306,3.045,24.45,81.9,9222
2026-06-27 05:02:59,lht65-20,52.2507,5.97306,3.045,25.37,77.6,10905
2026-06-27 05:12:59,lht65-20,52.2507,5.97306,3.045,26.62,72.6,12102
2026-06-27 05:22:59,lht65-20,52.2507,5.97306,3.045,27.74,65.5,13086
2026-06-27 05:32:59,lht65-20,52.2507,5.97306,3.045,27.97,66.3,14010
2026-06-27 05:42:59,lht65-20,52.2507,5.97306,3.045,27.47,66.0,15336
2026-06-27 05:52:59,lht65-20,52.2507,5.97306,3.045,27.45,66.2,16757
2026-06-27 06:02:59,lht65-20,52.2507,5.97306,3.045,27.12,67.1,17904
2026-06-27 06:12:59,lht65-20,52.2507,5.97306,3.045,27.16,64.3,19162
2026-06-27 06:22:59,lht65-20,52.2507,5.97306,3.047,27.55,63.4,20486
2026-06-27 06:32:59,lht65-20,52.2507,5.97306,3.045,27.65,64.4,15717
2026-06-27 06:42:59,lht65-20,52.2507,5.97306,3.045,28.15,61.7,21926
2026-06-27 06:52:59,lht65-20,52.2507,5.97306,3.045,28.32,62.6,22845
2026-06-27 07:02:59,lht65-20,52.2507,5.97306,3.047,28.56,61.8,23840
2026-06-27 07:32:59,lht65-20,52.2507,5.97306,3.045,29.75,59.5,25815
2026-06-27 07:52:59,lht65-20,52.2507,5.97306,3.047,30.39,59.3,24090
2026-06-27 08:02:59,lht65-20,52.2507,5.97306,3.045,30.66,61.9,29653
2026-06-27 08:12:59,lht65-20,52.2507,5.97306,3.047,31.13,59.5,32051
2026-06-27 08:22:59,lht65-20,52.2507,5.97306,3.047,30.96,57.5,27756
2026-06-27 08:32:59,lht65-20,52.2507,5.97306,3.047,31.08,56.5,27257
2026-06-27 08:42:59,lht65-20,52.2507,5.97306,3.047,30.91,59.9,25321
2026-06-27 08:52:59,lht65-20,52.2507,5.97306,3.047,31.89,55.5,36041
2026-06-27 09:02:59,lht65-20,52.2507,5.97306,3.045,32.19,54.9,34139
2026-06-27 09:12:59,lht65-20,52.2507,5.97306,3.047,32.41,53.9,32093
2026-06-27 09:22:59,lht65-20,52.2507,5.97306,3.047,32.55,51.2,19821
2026-06-27 09:32:59,lht65-20,52.2507,5.97306,3.045,32.1,56.1,28235
2026-06-27 09:42:59,lht65-20,52.2507,5.97306,3.047,32.54,52.6,25965
2026-06-27 09:52:59,lht65-20,52.2507,5.97306,3.047,33.18,53.0,34590
2026-06-27 10:02:59,lht65-20,52.2507,5.97306,3.047,33.29,54.1,27267
2026-06-27 10:12:59,lht65-20,52.2507,5.97306,3.047,33.06,48.6,30800
2026-06-27 10:22:59,lht65-20,52.2507,5.97306,3.047,32.19,54.8,22157
2026-06-27 10:32:59,lht65-20,52.2507,5.97306,3.047,32.49,54.3,27313
2026-06-27 10:42:59,lht65-20,52.2507,5.97306,3.047,32.8,53.2,33558
2026-06-27 10:52:59,lht65-20,52.2507,5.97306,3.047,32.55,48.8,27468
2026-06-27 11:02:59,lht65-20,52.2507,5.97306,3.047,32.88,44.4,34934
2026-06-27 11:12:59,lht65-20,52.2507,5.97306,3.047,33.41,46.8,36336
2026-06-27 11:32:59,lht65-20,52.2507,5.97306,3.049,32.88,45.6,22437
2026-06-27 11:42:59,lht65-20,52.2507,5.97306,3.047,32.88,50.9,31805
2026-06-27 11:52:59,lht65-20,52.2507,5.97306,3.049,33.63,45.4,34290
2026-06-27 12:02:59,lht65-20,52.2507,5.97306,3.047,33.43,46.0,37552
2026-06-27 12:12:59,lht65-20,52.2507,5.97306,3.049,33.58,44.4,35139
2026-06-27 12:22:59,lht65-20,52.2507,5.97306,3.049,33.52,43.9,42388
2026-06-27 12:32:59,lht65-20,52.2507,5.97306,3.049,33.24,46.0,42121
2026-06-27 12:52:59,lht65-20,52.2507,5.97306,3.049,33.55,48.5,35424
2026-06-27 13:02:59,lht65-20,52.2507,5.97306,3.047,33.22,45.8,30995
2026-06-27 13:12:59,lht65-20,52.2507,5.97306,3.047,33.65,46.8,37298
2026-06-27 13:22:59,lht65-20,52.2507,5.97306,3.049,33.64,49.5,37348
2026-06-27 13:32:59,lht65-20,52.2507,5.97306,3.047,33.75,44.4,35340
2026-06-27 13:42:59,lht65-20,52.2507,5.97306,3.049,33.49,46.4,34080
2026-06-27 13:52:59,lht65-20,52.2507,5.97306,3.051,33.43,49.2,33438
2026-06-27 14:02:59,lht65-20,52.2507,5.97306,3.049,33.56,46.9,32408
2026-06-27 14:12:59,lht65-20,52.2507,5.97306,3.049,33.4,49.3,32424
2026-06-27 14:22:59,lht65-20,52.2507,5.97306,3.049,33.51,49.1,30585
2026-06-27 14:42:59,lht65-20,52.2507,5.97306,3.049,32.62,47.6,25142
2026-06-27 14:52:59,lht65-20,52.2507,5.97306,3.049,32.82,49.0,26643
2026-06-27 15:02:59,lht65-20,52.2507,5.97306,3.049,32.97,50.2,29286
2026-06-27 15:12:59,lht65-20,52.2507,5.97306,3.049,33.28,50.2,27331
2026-06-27 15:22:59,lht65-20,52.2507,5.97306,3.051,33.68,47.3,29434
2026-06-27 15:32:59,lht65-20,52.2507,5.97306,3.049,33.34,46.7,28311
2026-06-27 15:42:59,lht65-20,52.2507,5.97306,3.049,33.27,47.6,27039
2026-06-27 15:52:59,lht65-20,52.2507,5.97306,3.051,32.96,49.4,25363
2026-06-27 16:02:59,lht65-20,52.2507,5.97306,3.049,33.1,47.0,24985
2026-06-27 16:12:59,lht65-20,52.2507,5.97306,3.051,32.52,48.1,23245
2026-06-27 16:22:59,lht65-20,52.2507,5.97306,3.051,32.26,50.7,22264
2026-06-27 16:32:59,lht65-20,52.2507,5.97306,3.049,32.09,50.0,21387
2026-06-27 16:43:00,lht65-20,52.2507,5.97306,3.049,31.7,51.7,20573
2026-06-27 16:52:59,lht65-20,52.2507,5.97306,3.049,31.4,48.9,19462
2026-06-27 17:02:59,lht65-20,52.2507,5.97306,3.049,31.15,49.4,17664
2026-06-27 17:12:59,lht65-20,52.2507,5.97306,3.049,30.98,48.8,16020
2026-06-27 17:22:59,lht65-20,52.2507,5.97306,3.051,30.63,48.5,6230
2026-06-27 17:32:59,lht65-20,52.2507,5.97306,3.051,29.7,50.0,5305
2026-06-27 17:42:59,lht65-20,52.2507,5.97306,3.049,29.35,49.6,5853
2026-06-27 17:52:59,lht65-20,52.2507,5.97306,3.049,29.38,48.2,5940
2026-06-27 18:02:59,lht65-20,52.2507,5.97306,3.049,29.5,49.7,9281
2026-06-27 18:12:59,lht65-20,52.2507,5.97306,3.049,29.69,49.8,8775
2026-06-27 18:22:59,lht65-20,52.2507,5.97306,3.051,29.58,50.9,7125
2026-06-27 18:32:59,lht65-20,52.2507,5.97306,3.049,29.42,51.9,5593
2026-06-27 18:42:59,lht65-20,52.2507,5.97306,3.047,28.94,53.8,2686
2026-06-27 18:52:59,lht65-20,52.2507,5.97306,3.049,28.23,55.9,1854
2026-06-27 19:02:59,lht65-20,52.2507,5.97306,3.047,27.65,57.7,1013
2026-06-27 19:12:59,lht65-20,52.2507,5.97306,3.047,27.21,57.7,780
2026-06-27 19:22:59,lht65-20,52.2507,5.97306,3.049,27.02,59.2,546
2026-06-27 19:32:59,lht65-20,52.2507,5.97306,3.047,26.79,59.9,408
2026-06-27 19:52:59,lht65-20,52.2507,5.97306,3.049,26.31,60.8,243
2026-06-27 20:02:59,lht65-20,52.2507,5.97306,3.047,26.06,61.4,120
2026-06-27 20:12:59,lht65-20,52.2507,5.97306,3.047,25.99,61.5,54
2026-06-27 20:22:59,lht65-20,52.2507,5.97306,3.047,25.89,62.5,15
2026-06-27 20:32:59,lht65-20,52.2507,5.97306,3.047,25.71,67.4,2
2026-06-27 20:42:59,lht65-20,52.2507,5.97306,3.047,25.42,68.5,0
2026-06-27 20:52:59,lht65-20,52.2507,5.97306,3.045,25.16,68.3,0
2026-06-27 21:02:59,lht65-20,52.2507,5.97306,3.049,24.99,69.5,0
2026-06-27 21:12:59,lht65-20,52.2507,5.97306,3.047,24.91,69.8,0
2026-06-27 21:22:59,lht65-20,52.2507,5.97306,3.047,24.93,68.4,0
2026-06-27 21:32:59,lht65-20,52.2507,5.97306,3.047,24.93,66.9,0
2026-06-27 21:42:59,lht65-20,52.2507,5.97306,3.045,24.81,68.2,0
2026-06-27 21:52:59,lht65-20,52.2507,5.97306,3.047,24.62,66.7,0
2026-06-27 22:02:59,lht65-20,52.2507,5.97306,3.045,24.25,69.8,0
2026-06-27 22:12:59,lht65-20,52.2507,5.97306,3.045,23.93,71.6,0
2026-06-27 22:32:59,lht65-20,52.2507,5.97306,3.045,23.71,73.8,0
2026-06-27 22:42:59,lht65-20,52.2507,5.97306,3.045,23.69,72.2,0
2026-06-27 22:52:59,lht65-20,52.2507,5.97306,3.047,23.74,71.6,0
2026-06-27 23:02:59,lht65-20,52.2507,5.97306,3.045,23.47,73.3,0
2026-06-27 23:12:59,lht65-20,52.2507,5.97306,3.047,23.27,74.2,0
2026-06-27 23:22:59,lht65-20,52.2507,5.97306,3.047,23.18,73.6,0
2026-06-27 23:32:59,lht65-20,52.2507,5.97306,3.045,23.1,73.3,0
2026-06-27 23:42:59,lht65-20,52.2507,5.97306,3.047,23.1,72.7,0
2026-06-27 23:52:59,lht65-20,52.2507,5.97306,3.045,22.92,72.9,0
2026-06-28 00:02:59,lht65-20,52.2507,5.97306,3.045,22.68,74.1,0
2026-06-28 00:12:59,lht65-20,52.2507,5.97306,3.045,22.12,76.7,0
2026-06-28 00:22:59,lht65-20,52.2507,5.97306,3.045,21.99,76.9,0
2026-06-28 00:32:59,lht65-20,52.2507,5.97306,3.045,22.03,77.1,0
2026-06-28 00:42:59,lht65-20,52.2507,5.97306,3.043,21.84,78.5,0
2026-06-28 00:52:59,lht65-20,52.2507,5.97306,3.045,21.95,79.0,0
2026-06-28 01:02:59,lht65-20,52.2507,5.97306,3.045,21.95,80.7,0
2026-06-28 01:12:59,lht65-20,52.2507,5.97306,3.043,21.03,87.4,0
2026-06-28 01:22:59,lht65-20,52.2507,5.97306,3.045,21.32,86.4,0
2026-06-28 01:32:59,lht65-20,52.2507,5.97306,3.043,18.88,89.8,0
2026-06-28 01:42:59,lht65-20,52.2507,5.97306,3.041,18.31,92.4,0
2026-06-28 01:52:59,lht65-20,52.2507,5.97306,3.041,18.1,94.0,0
2026-06-28 02:02:59,lht65-20,52.2507,5.97306,3.041,18.02,95.0,0
2026-06-28 02:12:59,lht65-20,52.2507,5.97306,3.041,17.99,95.6,0
2026-06-28 02:22:59,lht65-20,52.2507,5.97306,3.041,17.88,96.0,0
2026-06-28 02:32:59,lht65-20,52.2507,5.97306,3.041,17.86,96.2,0
2026-06-28 02:42:59,lht65-20,52.2507,5.97306,3.041,17.74,96.5,0
2026-06-28 02:52:59,lht65-20,52.2507,5.97306,3.041,17.68,96.7,0
2026-06-28 03:02:58,lht65-20,52.2507,5.97306,3.041,17.73,96.8,3
2026-06-28 03:12:59,lht65-20,52.2507,5.97306,3.041,17.75,97.1,14
2026-06-28 03:22:59,lht65-20,52.2507,5.97306,3.041,17.95,97.2,49
2026-06-28 03:32:58,lht65-20,52.2507,5.97306,3.041,18.16,97.3,149
2026-06-28 03:42:59,lht65-20,52.2507,5.97306,3.041,18.28,97.4,360
2026-06-28 03:52:59,lht65-20,52.2507,5.97306,3.041,18.35,97.4,712
2026-06-28 04:02:58,lht65-20,52.2507,5.97306,3.041,18.46,97.5,1177
2026-06-28 04:12:59,lht65-20,52.2507,5.97306,3.041,18.49,97.5,1690
2026-06-28 04:22:59,lht65-20,52.2507,5.97306,3.041,18.58,97.6,2122
2026-06-28 04:32:59,lht65-20,52.2507,5.97306,3.041,18.75,97.6,2372
2026-06-28 04:42:58,lht65-20,52.2507,5.97306,3.041,18.85,97.6,2864
2026-06-28 04:52:59,lht65-20,52.2507,5.97306,3.041,18.91,97.5,2927
2026-06-28 05:02:59,lht65-20,52.2507,5.97306,3.041,19.08,97.5,4335
2026-06-28 05:12:58,lht65-20,52.2507,5.97306,3.041,19.43,97.3,6303
2026-06-28 05:22:59,lht65-20,52.2507,5.97306,3.041,20.06,96.8,8653
2026-06-28 05:32:59,lht65-20,52.2507,5.97306,3.041,20.73,94.0,14064
2026-06-28 05:42:58,lht65-20,52.2507,5.97306,3.041,21.3,89.0,15603
2026-06-28 05:52:59,lht65-20,52.2507,5.97306,3.043,21.57,87.0,16571
2026-06-28 06:02:59,lht65-20,52.2507,5.97306,3.041,21.96,85.2,17675
2026-06-28 06:12:59,lht65-20,52.2507,5.97306,3.041,22.48,82.6,18819
2026-06-28 06:23:01,lht65-20,52.2507,5.97306,3.041,22.59,81.3,19985
2026-06-28 06:32:59,lht65-20,52.2507,5.97306,3.043,23.07,82.8,20961
2026-06-28 06:42:59,lht65-20,52.2507,5.97306,3.041,23.37,80.6,21874
2026-06-28 06:52:59,lht65-20,52.2507,5.97306,3.043,23.92,79.0,22634
2026-06-28 07:02:58,lht65-20,52.2507,5.97306,3.043,24.32,77.8,23448
2026-06-28 07:12:58,lht65-20,52.2507,5.97306,3.043,24.61,75.4,24095
2026-06-28 07:22:58,lht65-20,52.2507,5.97306,3.045,24.85,74.2,24896
2026-06-28 07:32:59,lht65-20,52.2507,5.97306,3.045,24.99,74.0,25636
2026-06-28 07:42:59,lht65-20,52.2507,5.97306,3.045,25.38,73.4,26461
2026-06-28 07:52:59,lht65-20,52.2507,5.97306,3.043,25.34,73.1,26975
2026-06-28 08:02:59,lht65-20,52.2507,5.97306,3.045,25.41,72.9,27837
2026-06-28 08:12:59,lht65-20,52.2507,5.97306,3.045,25.52,74.3,28467
2026-06-28 08:22:58,lht65-20,52.2507,5.97306,3.045,25.36,75.2,29004
2026-06-28 08:32:59,lht65-20,52.2507,5.97306,3.045,25.39,75.8,29583
2026-06-28 08:42:59,lht65-20,52.2507,5.97306,3.045,25.65,75.2,30315
2026-06-28 08:52:59,lht65-20,52.2507,5.97306,3.045,26.12,73.0,31089
2026-06-28 09:02:59,lht65-20,52.2507,5.97306,3.043,26.43,72.5,32021
2026-06-28 09:12:58,lht65-20,52.2507,5.97306,3.045,26.83,72.3,32564
2026-06-28 09:22:59,lht65-20,52.2507,5.97306,3.043,26.89,70.1,33057
2026-06-28 09:32:59,lht65-20,52.2507,5.97306,3.045,27.22,71.5,33354
2026-06-28 09:42:59,lht65-20,52.2507,5.97306,3.045,27.2,71.1,33952
2026-06-28 09:52:59,lht65-20,52.2507,5.97306,3.045,27.62,69.0,34485
2026-06-28 10:02:59,lht65-20,52.2507,5.97306,3.045,28.0,68.7,34854
2026-06-28 10:12:59,lht65-20,52.2507,5.97306,3.045,28.03,65.3,34480
2026-06-28 10:22:59,lht65-20,52.2507,5.97306,3.045,28.2,65.2,36961
2026-06-28 10:32:59,lht65-20,52.2507,5.97306,3.045,28.45,65.3,29778
2026-06-28 10:42:59,lht65-20,52.2507,5.97306,3.045,28.36,64.8,14815
2026-06-28 10:52:59,lht65-20,52.2507,5.97306,3.045,28.25,66.4,33035
2026-06-28 11:02:59,lht65-20,52.2507,5.97306,3.045,28.85,66.9,38426
2026-06-28 11:12:58,lht65-20,52.2507,5.97306,3.045,29.35,61.7,38455
2026-06-28 11:22:58,lht65-20,52.2507,5.97306,3.045,29.3,62.0,37928
2026-06-28 11:32:59,lht65-20,52.2507,5.97306,3.045,29.63,58.7,38421
2026-06-28 11:42:59,lht65-20,52.2507,5.97306,3.045,29.68,61.3,17979
2026-06-28 11:52:59,lht65-20,52.2507,5.97306,3.045,30.04,58.0,39368
2026-06-28 12:02:59,lht65-20,52.2507,5.97306,3.045,29.98,58.8,39185
2026-06-28 12:12:59,lht65-20,52.2507,5.97306,3.045,29.92,56.2,37587
2026-06-28 12:22:59,lht65-20,52.2507,5.97306,3.045,30.18,56.5,40995
2026-06-28 12:32:59,lht65-20,52.2507,5.97306,3.047,29.84,56.8,40105
2026-06-28 12:42:59,lht65-20,52.2507,5.97306,3.045,30.42,57.6,34408
2026-06-28 12:52:59,lht65-20,52.2507,5.97306,3.045,30.39,57.8,33111
2026-06-28 13:02:59,lht65-20,52.2507,5.97306,3.047,29.64,55.3,36730
2026-06-28 13:12:58,lht65-20,52.2507,5.97306,3.045,29.1,56.4,14585
2026-06-28 13:22:59,lht65-20,52.2507,5.97306,3.047,28.83,59.1,25720
2026-06-28 13:42:58,lht65-20,52.2507,5.97306,3.047,28.92,58.5,14883
2026-06-28 13:52:59,lht65-20,52.2507,5.97306,3.045,29.22,61.5,17534
2026-06-28 14:02:58,lht65-20,52.2507,5.97306,3.045,28.66,61.9,25479
2026-06-28 14:12:58,lht65-20,52.2507,5.97306,3.045,29.18,61.3,16526
2026-06-28 14:22:58,lht65-20,52.2507,5.97306,3.045,28.45,61.4,15801
2026-06-28 14:32:58,lht65-20,52.2507,5.97306,3.047,27.91,64.1,12542
2026-06-28 14:42:58,lht65-20,52.2507,5.97306,3.047,27.55,66.6,8592
2026-06-28 14:52:59,lht65-20,52.2507,5.97306,3.045,27.3,66.8,10883
2026-06-28 15:02:58,lht65-20,52.2507,5.97306,3.045,27.35,67.6,12696
2026-06-28 15:12:58,lht65-20,52.2507,5.97306,3.047,27.27,65.9,11772
2026-06-28 15:22:58,lht65-20,52.2507,5.97306,3.045,27.2,66.4,15167
2026-06-28 15:32:59,lht65-20,52.2507,5.97306,3.045,27.66,65.8,22285
2026-06-28 15:42:59,lht65-20,52.2507,5.97306,3.047,27.48,65.4,12777
2026-06-28 15:52:59,lht65-20,52.2507,5.97306,3.045,26.79,65.3,8296
2026-06-28 16:02:59,lht65-20,52.2507,5.97306,3.045,26.37,69.0,8473
2026-06-28 16:12:58,lht65-20,52.2507,5.97306,3.045,26.39,68.1,10379
2026-06-28 16:22:59,lht65-20,52.2507,5.97306,3.045,26.23,66.1,13646
2026-06-28 16:32:58,lht65-20,52.2507,5.97306,3.047,26.65,66.4,15909
2026-06-28 16:42:59,lht65-20,52.2507,5.97306,3.045,26.74,65.4,11802
2026-06-28 16:52:58,lht65-20,52.2507,5.97306,3.045,26.56,64.9,26959
2026-06-28 17:02:58,lht65-20,52.2507,5.97306,3.045,27.9,60.3,24248
2026-06-28 17:12:58,lht65-20,52.2507,5.97306,3.047,27.49,60.7,19514
2026-06-28 17:22:58,lht65-20,52.2507,5.97306,3.045,27.16,61.8,16070
2026-06-28 17:32:58,lht65-20,52.2507,5.97306,3.047,26.98,62.6,17386
2026-06-28 17:42:58,lht65-20,52.2507,5.97306,3.045,26.71,61.2,12533
2026-06-28 17:52:59,lht65-20,52.2507,5.97306,3.047,26.29,64.2,11495
2026-06-28 18:02:59,lht65-20,52.2507,5.97306,3.045,25.63,63.2,11680
2026-06-28 18:12:59,lht65-20,52.2507,5.97306,3.045,25.04,64.7,5558
2026-06-28 18:22:59,lht65-20,52.2507,5.97306,3.043,24.36,67.4,2304
2026-06-28 18:32:58,lht65-20,52.2507,5.97306,3.045,24.05,69.5,2138
2026-06-28 18:42:59,lht65-20,52.2507,5.97306,3.043,24.4,69.4,3896
2026-06-28 18:52:58,lht65-20,52.2507,5.97306,3.045,24.37,67.0,3813
2026-06-28 19:02:58,lht65-20,52.2507,5.97306,3.043,23.9,68.1,3410
2026-06-28 19:12:59,lht65-20,52.2507,5.97306,3.045,23.83,69.8,3229
2026-06-28 19:22:58,lht65-20,52.2507,5.97306,3.043,23.45,70.8,1704
2026-06-28 19:32:59,lht65-20,52.2507,5.97306,3.043,22.97,73.7,1253
2026-06-28 19:42:59,lht65-20,52.2507,5.97306,3.043,22.31,77.3,825
2026-06-28 19:52:59,lht65-20,52.2507,5.97306,3.043,21.7,80.5,474
2026-06-28 20:02:59,lht65-20,52.2507,5.97306,3.043,21.39,81.2,235
2026-06-28 20:12:58,lht65-20,52.2507,5.97306,3.041,20.99,84.7,97
2026-06-28 20:22:58,lht65-20,52.2507,5.97306,3.041,20.43,85.6,35
2026-06-28 20:32:58,lht65-20,52.2507,5.97306,3.041,19.89,88.0,10
2026-06-28 20:42:58,lht65-20,52.2507,5.97306,3.041,19.77,87.4,3
2026-06-28 20:52:58,lht65-20,52.2507,5.97306,3.041,20.02,84.0,0
2026-06-28 21:02:58,lht65-20,52.2507,5.97306,3.041,20.02,83.4,0
2026-06-28 21:12:58,lht65-20,52.2507,5.97306,3.041,19.47,85.5,0
2026-06-28 21:22:58,lht65-20,52.2507,5.97306,3.041,19.01,87.6,0
2026-06-28 21:32:58,lht65-20,52.2507,5.97306,3.041,18.98,86.7,0
2026-06-28 21:42:58,lht65-20,52.2507,5.97306,3.04,19.03,84.0,0
2026-06-28 21:52:58,lht65-20,52.2507,5.97306,3.04,18.86,83.2,0
2026-06-28 22:02:58,lht65-20,52.2507,5.97306,3.038,18.9,81.8,0
2026-06-28 22:12:58,lht65-20,52.2507,5.97306,3.038,18.93,81.1,0
2026-06-28 22:22:58,lht65-20,52.2507,5.97306,3.04,18.92,81.6,0
2026-06-28 22:32:58,lht65-20,52.2507,5.97306,3.038,18.95,81.1,0
2026-06-28 22:42:59,lht65-20,52.2507,5.97306,3.04,18.96,81.0,0
2026-06-28 22:52:58,lht65-20,52.2507,5.97306,3.04,18.93,80.9,0
2026-06-28 23:02:58,lht65-20,52.2507,5.97306,3.041,18.81,82.1,0
2026-06-28 23:12:58,lht65-20,52.2507,5.97306,3.038,18.74,81.6,0
2026-06-28 23:22:58,lht65-20,52.2507,5.97306,3.04,18.77,79.8,0
2026-06-28 23:32:58,lht65-20,52.2507,5.97306,3.04,18.96,79.4,0
2026-06-28 23:42:58,lht65-20,52.2507,5.97306,3.038,18.95,81.7,0
2026-06-28 23:52:58,lht65-20,52.2507,5.97306,3.04,18.94,78.2,0
2026-06-29 00:02:58,lht65-20,52.2507,5.97306,3.038,19.03,78.6,0
2026-06-29 00:12:58,lht65-20,52.2507,5.97306,3.041,18.96,80.1,0
2026-06-29 00:22:58,lht65-20,52.2507,5.97306,3.04,18.91,80.5,0
2026-06-29 00:32:58,lht65-20,52.2507,5.97306,3.038,18.9,81.5,0
2026-06-29 00:42:58,lht65-20,52.2507,5.97306,3.038,18.83,81.4,0
2026-06-29 00:52:58,lht65-20,52.2507,5.97306,3.038,18.85,81.3,0
2026-06-29 01:02:58,lht65-20,52.2507,5.97306,3.04,18.88,79.5,0
2026-06-29 01:12:58,lht65-20,52.2507,5.97306,3.038,18.98,78.8,0
2026-06-29 01:22:59,lht65-20,52.2507,5.97306,3.04,18.99,78.5,0
2026-06-29 01:32:58,lht65-20,52.2507,5.97306,3.04,19.06,77.2,0
2026-06-29 01:42:58,lht65-20,52.2507,5.97306,3.038,19.09,78.0,0
2026-06-29 01:52:58,lht65-20,52.2507,5.97306,3.038,19.08,78.0,0
2026-06-29 02:02:58,lht65-20,52.2507,5.97306,3.038,18.88,78.7,0
2026-06-29 02:12:58,lht65-20,52.2507,5.97306,3.038,18.79,78.5,0
2026-06-29 02:22:58,lht65-20,52.2507,5.97306,3.038,18.68,79.0,0
2026-06-29 02:32:58,lht65-20,52.2507,5.97306,3.038,18.49,80.0,1
2026-06-29 02:42:58,lht65-20,52.2507,5.97306,3.038,18.4,80.2,5
2026-06-29 02:52:58,lht65-20,52.2507,5.97306,3.038,18.26,81.0,17
2026-06-29 03:02:58,lht65-20,52.2507,5.97306,3.038,18.04,82.1,50
2026-06-29 03:12:58,lht65-20,52.2507,5.97306,3.038,18.0,82.2,132
2026-06-29 03:22:58,lht65-20,52.2507,5.97306,3.038,17.99,82.0,388
2026-06-29 03:32:58,lht65-20,52.2507,5.97306,3.038,18.06,81.9,580
2026-06-29 03:42:58,lht65-20,52.2507,5.97306,3.038,18.11,81.8,935
2026-06-29 03:52:58,lht65-20,52.2507,5.97306,3.038,18.35,80.8,930
2026-06-29 04:02:59,lht65-20,52.2507,5.97306,3.038,18.46,79.9,1437
2026-06-29 04:12:58,lht65-20,52.2507,5.97306,3.038,18.58,79.3,1746
2026-06-29 04:22:58,lht65-20,52.2507,5.97306,3.038,18.48,80.0,1895
2026-06-29 04:32:58,lht65-20,52.2507,5.97306,3.038,18.42,81.0,2233
2026-06-29 04:42:58,lht65-20,52.2507,5.97306,3.038,18.41,80.7,2776
2026-06-29 04:52:58,lht65-20,52.2507,5.97306,3.034,18.35,80.9,3596
2026-06-29 05:02:58,lht65-20,52.2507,5.97306,3.038,18.43,80.8,4770
2026-06-29 05:12:58,lht65-20,52.2507,5.97306,3.036,18.7,80.5,8582
2026-06-29 05:22:58,lht65-20,52.2507,5.97306,3.038,19.9,78.5,10308
2026-06-29 05:32:58,lht65-20,52.2507,5.97306,3.038,20.18,74.7,17018
2026-06-29 05:42:58,lht65-20,52.2507,5.97306,3.038,20.51,75.5,17677
2026-06-29 05:52:58,lht65-20,52.2507,5.97306,3.038,20.16,74.7,7660
2026-06-29 06:02:58,lht65-20,52.2507,5.97306,3.038,19.7,77.9,8775
2026-06-29 06:12:58,lht65-20,52.2507,5.97306,3.036,19.86,76.3,8430
2026-06-29 06:22:58,lht65-20,52.2507,5.97306,3.038,19.65,77.9,11567
2026-06-29 06:32:58,lht65-20,52.2507,5.97306,3.038,20.16,75.8,9520
2026-06-29 06:42:58,lht65-20,52.2507,5.97306,3.038,19.91,77.7,11234
2026-06-29 06:52:59,lht65-20,52.2507,5.97306,3.038,19.92,77.2,14464
2026-06-29 07:02:58,lht65-20,52.2507,5.97306,3.038,20.37,76.5,21262
2026-06-29 07:12:58,lht65-20,52.2507,5.97306,3.038,20.71,75.2,19145
2026-06-29 07:22:58,lht65-20,52.2507,5.97306,3.038,21.07,75.2,27722
2026-06-29 07:32:58,lht65-20,52.2507,5.97306,3.038,21.57,74.5,25191
2026-06-29 07:42:58,lht65-20,52.2507,5.97306,3.038,21.96,73.9,24978
2026-06-29 07:52:58,lht65-20,52.2507,5.97306,3.041,21.97,71.6,27449
2026-06-29 08:02:58,lht65-20,52.2507,5.97306,3.038,22.62,73.1,25723
2026-06-29 08:12:58,lht65-20,52.2507,5.97306,3.04,22.78,69.1,28685
2026-06-29 08:22:58,lht65-20,52.2507,5.97306,3.04,23.09,67.5,31525
2026-06-29 08:32:58,lht65-20,52.2507,5.97306,3.041,23.04,68.9,29552
2026-06-29 08:42:58,lht65-20,52.2507,5.97306,3.04,23.94,65.4,31746
2026-06-29 08:52:58,lht65-20,52.2507,5.97306,3.04,24.79,67.9,35545
2026-06-29 09:02:58,lht65-20,52.2507,5.97306,3.041,25.61,67.0,37744
2026-06-29 09:12:58,lht65-20,52.2507,5.97306,3.041,25.46,65.1,37958
2026-06-29 09:22:58,lht65-20,52.2507,5.97306,3.041,25.94,64.8,38852
2026-06-29 09:32:58,lht65-20,52.2507,5.97306,3.041,26.48,64.9,43665
2026-06-29 09:42:58,lht65-20,52.2507,5.97306,3.041,27.39,58.4,22627
2026-06-29 09:52:58,lht65-20,52.2507,5.97306,3.041,26.24,60.7,13193
2026-06-29 10:02:58,lht65-20,52.2507,5.97306,3.041,26.57,60.3,40605
2026-06-29 10:12:58,lht65-20,52.2507,5.97306,3.041,25.05,59.1,10448
2026-06-29 10:22:58,lht65-20,52.2507,5.97306,3.041,25.83,59.7,41663
2026-06-29 10:32:58,lht65-20,52.2507,5.97306,3.041,26.6,55.4,19825
2026-06-29 10:42:58,lht65-20,52.2507,5.97306,3.041,26.97,51.3,40785
2026-06-29 10:52:58,lht65-20,52.2507,5.97306,3.041,27.65,50.0,33328
2026-06-29 11:02:59,lht65-20,52.2507,5.97306,3.041,26.2,51.6,41049
2026-06-29 11:12:58,lht65-20,52.2507,5.97306,3.041,27.63,52.2,11963
2026-06-29 11:22:58,lht65-20,52.2507,5.97306,3.041,27.14,57.3,41164
2026-06-29 11:32:58,lht65-20,52.2507,5.97306,3.041,28.18,51.4,11238
2026-06-29 11:42:58,lht65-20,52.2507,5.97306,3.041,27.53,49.8,43138
2026-06-29 11:52:58,lht65-20,52.2507,5.97306,3.041,28.17,48.3,42506
2026-06-29 12:02:58,lht65-20,52.2507,5.97306,3.041,27.01,48.9,10931
2026-06-29 12:12:58,lht65-20,52.2507,5.97306,3.041,25.64,53.9,41777
2026-06-29 12:22:58,lht65-20,52.2507,5.97306,3.041,25.96,51.0,17547
2026-06-29 12:32:58,lht65-20,52.2507,5.97306,3.041,25.8,57.3,12454
2026-06-29 12:42:58,lht65-20,52.2507,5.97306,3.041,25.6,50.8,11929
2026-06-29 12:52:58,lht65-20,52.2507,5.97306,3.041,25.89,55.4,40334
2026-06-29 13:02:58,lht65-20,52.2507,5.97306,3.041,27.57,45.4,40258
2026-06-29 13:12:58,lht65-20,52.2507,5.97306,3.041,27.55,49.1,14475
2026-06-29 13:22:58,lht65-20,52.2507,5.97306,3.041,27.03,47.3,27070
2026-06-29 13:32:58,lht65-20,52.2507,5.97306,3.041,26.25,51.2,11529
2026-06-29 13:42:58,lht65-20,52.2507,5.97306,3.041,25.75,55.1,19640
2026-06-29 13:52:58,lht65-20,52.2507,5.97306,3.041,26.08,51.9,36771
2026-06-29 14:02:58,lht65-20,52.2507,5.97306,3.041,27.45,48.0,11487
2026-06-29 14:13:00,lht65-20,52.2507,5.97306,3.041,26.29,56.1,12136
2026-06-29 14:22:58,lht65-20,52.2507,5.97306,3.041,26.35,53.4,11398
2026-06-29 14:32:58,lht65-20,52.2507,5.97306,3.041,26.37,52.8,31745
2026-06-29 14:42:58,lht65-20,52.2507,5.97306,3.041,26.6,54.4,27021
2026-06-29 14:52:58,lht65-20,52.2507,5.97306,3.041,26.62,53.5,36747
2026-06-29 15:02:58,lht65-20,52.2507,5.97306,3.041,26.85,56.1,35770
2026-06-29 15:12:58,lht65-20,52.2507,5.97306,3.041,26.56,54.8,17224
2026-06-29 15:22:58,lht65-20,52.2507,5.97306,3.041,26.62,54.1,33587
2026-06-29 15:32:58,lht65-20,52.2507,5.97306,3.041,28.16,51.6,34960
2026-06-29 15:42:58,lht65-20,52.2507,5.97306,3.043,27.61,50.5,33708
2026-06-29 15:52:58,lht65-20,52.2507,5.97306,3.041,27.75,54.1,32420
2026-06-29 16:02:58,lht65-20,52.2507,5.97306,3.041,27.18,52.4,14848
2026-06-29 16:12:58,lht65-20,52.2507,5.97306,3.041,26.41,55.1,31552
2026-06-29 16:22:58,lht65-20,52.2507,5.97306,3.041,26.02,56.7,13077
2026-06-29 16:32:58,lht65-20,52.2507,5.97306,3.041,25.58,53.7,24619
2026-06-29 16:42:58,lht65-20,52.2507,5.97306,3.041,26.19,52.1,15393
2026-06-29 16:52:58,lht65-20,52.2507,5.97306,3.041,24.34,57.2,8713
2026-06-29 17:12:58,lht65-20,52.2507,5.97306,3.041,23.05,59.7,7236
2026-06-29 17:22:58,lht65-20,52.2507,5.97306,3.041,23.58,59.3,12107
2026-06-29 17:32:58,lht65-20,52.2507,5.97306,3.041,24.25,56.9,15426
2026-06-29 17:42:58,lht65-20,52.2507,5.97306,3.041,24.46,55.8,14733
2026-06-29 17:52:58,lht65-20,52.2507,5.97306,3.041,23.82,59.1,10808
2026-06-29 18:02:58,lht65-20,52.2507,5.97306,3.04,23.63,59.9,14134
2026-06-29 18:12:58,lht65-20,52.2507,5.97306,3.04,23.44,58.2,13165
2026-06-29 18:22:58,lht65-20,52.2507,5.97306,3.041,22.74,60.7,7640
2026-06-29 18:32:58,lht65-20,52.2507,5.97306,3.038,22.32,60.9,8928
2026-06-29 18:42:58,lht65-20,52.2507,5.97306,3.038,21.75,62.1,8347
2026-06-29 18:52:58,lht65-20,52.2507,5.97306,3.04,21.72,61.7,7211
2026-06-29 19:02:58,lht65-20,52.2507,5.97306,3.038,21.55,63.9,5472
2026-06-29 19:12:58,lht65-20,52.2507,5.97306,3.04,20.95,64.3,3800
2026-06-29 19:22:58,lht65-20,52.2507,5.97306,3.038,20.24,67.2,1642
2026-06-29 19:32:58,lht65-20,52.2507,5.97306,3.038,19.64,69.1,1100
2026-06-29 19:42:58,lht65-20,52.2507,5.97306,3.038,19.2,71.4,654
2026-06-29 19:52:58,lht65-20,52.2507,5.97306,3.036,18.75,73.2,365
2026-06-29 20:02:58,lht65-20,52.2507,5.97306,3.038,18.43,74.8,186
2026-06-29 20:12:58,lht65-20,52.2507,5.97306,3.034,18.18,76.9,81
2026-06-29 20:22:58,lht65-20,52.2507,5.97306,3.036,17.79,77.9,30
2026-06-29 20:32:58,lht65-20,52.2507,5.97306,3.036,17.59,79.6,9
2026-06-29 20:42:58,lht65-20,52.2507,5.97306,3.036,17.45,79.7,2
2026-06-29 20:52:58,lht65-20,52.2507,5.97306,3.034,17.35,80.1,0
2026-06-29 21:02:58,lht65-20,52.2507,5.97306,3.034,17.2,81.4,0
2026-06-29 21:12:58,lht65-20,52.2507,5.97306,3.034,16.99,81.7,0
2026-06-29 21:22:58,lht65-20,52.2507,5.97306,3.034,16.89,82.7,0
2026-06-29 21:32:58,lht65-20,52.2507,5.97306,3.034,16.85,83.5,0
2026-06-29 21:42:58,lht65-20,52.2507,5.97306,3.034,16.93,85.0,0
2026-06-29 21:52:58,lht65-20,52.2507,5.97306,3.032,17.06,85.7,0
2026-06-29 22:02:58,lht65-20,52.2507,5.97306,3.032,17.11,86.0,0
2026-06-29 22:12:58,lht65-20,52.2507,5.97306,3.034,17.07,86.0,0
2026-06-29 22:22:58,lht65-20,52.2507,5.97306,3.034,16.88,87.1,0
2026-06-29 22:32:58,lht65-20,52.2507,5.97306,3.034,16.81,88.2,0
2026-06-29 22:42:58,lht65-20,52.2507,5.97306,3.032,16.99,87.9,0
2026-06-29 22:52:58,lht65-20,52.2507,5.97306,3.034,17.06,87.7,0
2026-06-29 23:02:58,lht65-20,52.2507,5.97306,3.034,17.01,88.2,0
2026-06-29 23:12:58,lht65-20,52.2507,5.97306,3.034,17.07,88.4,0
2026-06-29 23:22:58,lht65-20,52.2507,5.97306,3.034,17.14,88.0,0
2026-06-29 23:32:58,lht65-20,52.2507,5.97306,3.034,17.07,88.0,0
2026-06-29 23:42:58,lht65-20,52.2507,5.97306,3.032,16.94,88.4,0
2026-06-29 23:52:58,lht65-20,52.2507,5.97306,3.032,16.78,89.7,0
2026-06-30 00:02:58,lht65-20,52.2507,5.97306,3.032,16.59,90.2,0
2026-06-30 00:12:58,lht65-20,52.2507,5.97306,3.034,16.35,91.6,0
2026-06-30 00:22:58,lht65-20,52.2507,5.97306,3.032,16.21,92.1,0
2026-06-30 00:32:58,lht65-20,52.2507,5.97306,3.03,15.97,92.4,0
2026-06-30 00:42:58,lht65-20,52.2507,5.97306,3.03,15.87,93.5,0
2026-06-30 00:52:58,lht65-20,52.2507,5.97306,3.032,15.73,93.8,0
2026-06-30 01:02:58,lht65-20,52.2507,5.97306,3.03,15.55,93.8,0
2026-06-30 01:12:58,lht65-20,52.2507,5.97306,3.03,15.5,94.4,0
2026-06-30 01:22:58,lht65-20,52.2507,5.97306,3.03,15.63,95.0,0
2026-06-30 01:32:58,lht65-20,52.2507,5.97306,3.03,15.53,95.2,0
2026-06-30 01:42:58,lht65-20,52.2507,5.97306,3.03,15.08,94.5,0
2026-06-30 01:52:58,lht65-20,52.2507,5.97306,3.03,14.88,94.7,0
2026-06-30 02:02:58,lht65-20,52.2507,5.97306,3.03,14.76,95.5,0
2026-06-30 02:12:58,lht65-20,52.2507,5.97306,3.029,14.6,95.9,0
2026-06-30 02:22:58,lht65-20,52.2507,5.97306,3.03,14.42,96.1,0
2026-06-30 02:32:58,lht65-20,52.2507,5.97306,3.029,14.17,96.3,1
2026-06-30 02:42:58,lht65-20,52.2507,5.97306,3.027,13.98,96.4,7
2026-06-30 02:52:58,lht65-20,52.2507,5.97306,3.03,13.96,96.6,24
2026-06-30 03:02:58,lht65-20,52.2507,5.97306,3.027,13.75,96.7,69
2026-06-30 03:12:58,lht65-20,52.2507,5.97306,3.029,13.31,96.8,165
2026-06-30 03:22:58,lht65-20,52.2507,5.97306,3.027,13.3,96.8,340
2026-06-30 03:32:58,lht65-20,52.2507,5.97306,3.025,13.22,97.0,602
2026-06-30 03:42:58,lht65-20,52.2507,5.97306,3.027,13.17,97.1,1080
2026-06-30 03:52:58,lht65-20,52.2507,5.97306,3.027,13.51,97.3,1880
2026-06-30 04:02:58,lht65-20,52.2507,5.97306,3.027,13.4,97.4,1615
2026-06-30 04:12:58,lht65-20,52.2507,5.97306,3.027,13.62,97.5,4875
2026-06-30 04:22:58,lht65-20,52.2507,5.97306,3.027,14.39,97.5,6658
2026-06-30 04:32:58,lht65-20,52.2507,5.97306,3.027,15.04,97.0,6396
2026-06-30 04:42:58,lht65-20,52.2507,5.97306,3.029,15.81,94.6,8874
2026-06-30 04:52:58,lht65-20,52.2507,5.97306,3.03,16.72,89.9,10899
2026-06-30 05:02:58,lht65-20,52.2507,5.97306,3.03,17.59,88.2,12641
2026-06-30 05:12:59,lht65-20,52.2507,5.97306,3.03,18.58,85.2,5490
2026-06-30 05:22:58,lht65-20,52.2507,5.97306,3.032,18.27,85.1,14380
2026-06-30 05:32:58,lht65-20,52.2507,5.97306,3.03,19.23,81.6,12857
2026-06-30 05:42:58,lht65-20,52.2507,5.97306,3.03,19.01,82.0,13966
2026-06-30 05:52:58,lht65-20,52.2507,5.97306,3.032,19.77,79.2,15466
2026-06-30 06:02:58,lht65-20,52.2507,5.97306,3.032,20.27,76.9,15864
2026-06-30 06:12:58,lht65-20,52.2507,5.97306,3.032,20.43,76.1,10810
2026-06-30 06:22:58,lht65-20,52.2507,5.97306,3.032,20.68,75.6,13426
2026-06-30 06:32:58,lht65-20,52.2507,5.97306,3.034,20.64,75.9,13787
2026-06-30 06:42:58,lht65-20,52.2507,5.97306,3.032,20.81,74.2,10504
2026-06-30 06:52:58,lht65-20,52.2507,5.97306,3.034,20.51,77.0,11126
2026-06-30 07:02:58,lht65-20,52.2507,5.97306,3.034,20.47,77.2,11738
2026-06-30 07:12:58,lht65-20,52.2507,5.97306,3.034,20.71,75.6,11425
2026-06-30 07:22:58,lht65-20,52.2507,5.97306,3.034,20.73,76.1,10560
2026-06-30 07:42:58,lht65-20,52.2507,5.97306,3.034,21.1,77.6,10859
2026-06-30 07:52:58,lht65-20,52.2507,5.97306,3.034,21.17,77.2,9222
2026-06-30 08:02:58,lht65-20,52.2507,5.97306,3.034,21.12,75.1,15676
2026-06-30 08:12:59,lht65-20,52.2507,5.97306,3.034,21.99,71.9,26860
2026-06-30 08:22:58,lht65-20,52.2507,5.97306,3.034,21.89,66.7,17244
2026-06-30 08:32:58,lht65-20,52.2507,5.97306,3.034,22.59,67.4,25890
2026-06-30 08:42:58,lht65-20,52.2507,5.97306,3.034,22.67,67.2,23201
2026-06-30 08:52:58,lht65-20,52.2507,5.97306,3.034,22.93,66.3,26072
2026-06-30 09:02:58,lht65-20,52.2507,5.97306,3.034,23.72,66.9,21272
2026-06-30 09:12:58,lht65-20,52.2507,5.97306,3.036,23.28,62.5,15992
2026-06-30 09:22:58,lht65-20,52.2507,5.97306,3.034,23.04,64.7,15733
2026-06-30 09:32:58,lht65-20,52.2507,5.97306,3.034,22.99,62.9,20137
2026-06-30 09:42:58,lht65-20,52.2507,5.97306,3.034,23.1,61.6,25166
2026-06-30 09:52:58,lht65-20,52.2507,5.97306,3.036,23.28,62.0,16442
2026-06-30 10:02:58,lht65-20,52.2507,5.97306,3.034,23.64,58.4,20486
2026-06-30 10:12:58,lht65-20,52.2507,5.97306,3.034,23.83,49.9,19850
2026-06-30 10:22:58,lht65-20,52.2507,5.97306,3.034,23.95,58.3,20860
2026-06-30 10:32:58,lht65-20,52.2507,5.97306,3.036,24.06,56.9,18201
2026-06-30 10:52:58,lht65-20,52.2507,5.97306,3.036,24.35,57.7,17370
2026-06-30 11:02:58,lht65-20,52.2507,5.97306,3.036,24.18,55.2,18648
2026-06-30 11:12:58,lht65-20,52.2507,5.97306,3.034,24.08,57.8,16994
2026-06-30 11:22:58,lht65-20,52.2507,5.97306,3.034,24.26,57.0,19724
2026-06-30 11:32:58,lht65-20,52.2507,5.97306,3.034,23.72,59.4,13024
2026-06-30 11:42:58,lht65-20,52.2507,5.97306,3.034,23.1,59.3,14655
2026-06-30 11:52:58,lht65-20,52.2507,5.97306,3.036,23.72,60.8,28267
2026-06-30 12:02:58,lht65-20,52.2507,5.97306,3.036,24.12,61.1,20807
2026-06-30 12:12:58,lht65-20,52.2507,5.97306,3.034,23.8,60.4,30572
2026-06-30 12:22:58,lht65-20,52.2507,5.97306,3.036,23.96,60.8,16106
2026-06-30 12:32:58,lht65-20,52.2507,5.97306,3.036,23.34,61.7,11563
2026-06-30 12:42:58,lht65-20,52.2507,5.97306,3.034,22.8,63.0,8431
2026-06-30 12:52:58,lht65-20,52.2507,5.97306,3.036,22.38,63.4,8019
2026-06-30 13:02:58,lht65-20,52.2507,5.97306,3.034,22.09,65.0,7957
2026-06-30 13:12:58,lht65-20,52.2507,5.97306,3.034,21.98,68.5,7616
2026-06-30 13:22:58,lht65-20,52.2507,5.97306,3.034,21.85,68.0,5973
2026-06-30 13:32:58,lht65-20,52.2507,5.97306,3.034,21.59,68.6,7012
2026-06-30 13:42:58,lht65-20,52.2507,5.97306,3.034,21.39,68.8,7540
2026-06-30 13:52:58,lht65-20,52.2507,5.97306,3.034,21.29,70.1,6924
2026-06-30 14:02:58,lht65-20,52.2507,5.97306,3.034,21.38,72.3,9955
2026-06-30 14:12:58,lht65-20,52.2507,5.97306,3.034,21.37,70.7,10650
2026-06-30 14:22:58,lht65-20,52.2507,5.97306,3.034,21.46,70.8,14095
2026-06-30 14:32:58,lht65-20,52.2507,5.97306,3.034,22.04,69.5,21737
2026-06-30 14:42:58,lht65-20,52.2507,5.97306,3.034,22.57,66.4,16636
2026-06-30 14:52:58,lht65-20,52.2507,5.97306,3.034,22.83,64.6,14639
2026-06-30 15:02:58,lht65-20,52.2507,5.97306,3.034,22.68,60.7,14680
2026-06-30 15:12:58,lht65-20,52.2507,5.97306,3.034,22.33,62.2,15765
2026-06-30 15:22:58,lht65-20,52.2507,5.97306,3.034,22.56,61.3,15105
2026-06-30 15:32:58,lht65-20,52.2507,5.97306,3.034,22.58,59.6,14615
2026-06-30 15:42:58,lht65-20,52.2507,5.97306,3.034,22.85,61.6,16170
2026-06-30 15:52:58,lht65-20,52.2507,5.97306,3.034,22.7,62.4,12266
2026-06-30 16:12:58,lht65-20,52.2507,5.97306,3.034,22.38,61.5,12182
2026-06-30 16:22:58,lht65-20,52.2507,5.97306,3.034,22.2,59.8,8666
2026-06-30 16:32:58,lht65-20,52.2507,5.97306,3.034,22.17,66.9,10770
2026-06-30 16:42:58,lht65-20,52.2507,5.97306,3.034,22.42,62.3,8764
2026-06-30 16:52:58,lht65-20,52.2507,5.97306,3.034,21.85,62.0,6851
2026-06-30 17:03:01,lht65-20,52.2507,5.97306,3.034,21.54,62.3,7086
2026-06-30 17:12:58,lht65-20,52.2507,5.97306,3.034,21.55,63.9,6714
2026-06-30 17:22:58,lht65-20,52.2507,5.97306,3.032,21.41,64.4,5271
2026-06-30 17:32:58,lht65-20,52.2507,5.97306,3.034,21.45,66.1,7735
2026-06-30 17:42:58,lht65-20,52.2507,5.97306,3.034,21.75,65.2,6049
2026-06-30 17:52:58,lht65-20,52.2507,5.97306,3.034,21.5,67.8,5700
2026-06-30 18:02:58,lht65-20,52.2507,5.97306,3.034,21.7,68.7,6462
2026-06-30 18:12:58,lht65-20,52.2507,5.97306,3.034,21.95,66.2,10073
2026-06-30 18:22:58,lht65-20,52.2507,5.97306,3.032,22.0,64.9,5093
2026-06-30 18:32:58,lht65-20,52.2507,5.97306,3.034,21.67,66.8,3356
2026-06-30 18:42:58,lht65-20,52.2507,5.97306,3.032,21.07,71.0,2446
2026-06-30 18:52:58,lht65-20,52.2507,5.97306,3.032,20.61,73.2,1799
2026-06-30 19:02:58,lht65-20,52.2507,5.97306,3.034,20.11,75.3,1280
2026-06-30 19:12:58,lht65-20,52.2507,5.97306,3.032,19.7,77.7,870
2026-06-30 19:22:58,lht65-20,52.2507,5.97306,3.03,19.46,81.2,612
2026-06-30 19:32:58,lht65-20,52.2507,5.97306,3.03,19.14,80.1,465
2026-06-30 19:42:58,lht65-20,52.2507,5.97306,3.032,18.81,84.6,289
2026-06-30 19:52:58,lht65-20,52.2507,5.97306,3.03,18.46,84.6,129
2026-06-30 20:02:58,lht65-20,52.2507,5.97306,3.03,18.21,88.2,57
2026-06-30 20:12:58,lht65-20,52.2507,5.97306,3.03,18.03,89.8,28
2026-06-30 20:22:58,lht65-20,52.2507,5.97306,3.03,17.91,89.4,10
2026-06-30 20:32:58,lht65-20,52.2507,5.97306,3.029,17.85,90.4,5
2026-06-30 20:42:58,lht65-20,52.2507,5.97306,3.03,17.67,91.0,1
2026-06-30 20:52:58,lht65-20,52.2507,5.97306,3.029,17.56,91.9,0
2026-06-30 21:02:58,lht65-20,52.2507,5.97306,3.03,17.46,90.6,0
2026-06-30 21:12:58,lht65-20,52.2507,5.97306,3.03,17.21,91.9,0
2026-06-30 21:22:58,lht65-20,52.2507,5.97306,3.029,16.96,92.8,0
2026-06-30 21:32:58,lht65-20,52.2507,5.97306,3.03,16.62,92.3,0
2026-06-30 21:42:58,lht65-20,52.2507,5.97306,3.029,16.36,92.7,0
2026-06-30 21:52:58,lht65-20,52.2507,5.97306,3.029,16.09,93.2,0
2026-06-30 22:02:58,lht65-20,52.2507,5.97306,3.029,15.66,92.9,0
2026-06-30 22:12:58,lht65-20,52.2507,5.97306,3.027,15.26,93.0,0
2026-06-30 22:22:58,lht65-20,52.2507,5.97306,3.027,15.18,94.6,0
2026-06-30 22:32:58,lht65-20,52.2507,5.97306,3.029,14.98,95.1,0
2026-06-30 22:42:58,lht65-20,52.2507,5.97306,3.027,14.89,95.6,0
2026-06-30 22:52:58,lht65-20,52.2507,5.97306,3.027,14.76,96.0,0
2026-06-30 23:02:58,lht65-20,52.2507,5.97306,3.027,14.36,96.1,0
2026-06-30 23:12:58,lht65-20,52.2507,5.97306,3.027,13.98,96.1,0
2026-06-30 23:22:58,lht65-20,52.2507,5.97306,3.025,14.2,96.4,0
2026-06-30 23:32:58,lht65-20,52.2507,5.97306,3.023,14.17,96.7,0
2026-06-30 23:42:58,lht65-20,52.2507,5.97306,3.025,14.13,96.9,0
2026-06-30 23:52:58,lht65-20,52.2507,5.97306,3.025,13.82,97.1,0
2026-07-01 00:02:58,lht65-20,52.2507,5.97306,3.023,13.86,97.2,0
2026-07-01 00:12:58,lht65-20,52.2507,5.97306,3.023,13.85,97.3,0
2026-07-01 00:22:58,lht65-20,52.2507,5.97306,3.027,13.89,97.4,0
2026-07-01 00:32:58,lht65-20,52.2507,5.97306,3.025,13.84,97.5,0
2026-07-01 00:42:58,lht65-20,52.2507,5.97306,3.023,13.74,97.6,0
2026-07-01 00:52:58,lht65-20,52.2507,5.97306,3.023,13.63,97.6,0
2026-07-01 01:02:58,lht65-20,52.2507,5.97306,3.023,13.32,97.6,0
2026-07-01 01:12:58,lht65-20,52.2507,5.97306,3.023,13.3,97.5,0
2026-07-01 01:22:58,lht65-20,52.2507,5.97306,3.023,13.46,97.6,0
2026-07-01 01:32:58,lht65-20,52.2507,5.97306,3.023,13.4,97.6,0
2026-07-01 01:42:58,lht65-20,52.2507,5.97306,3.023,13.33,97.6,0
2026-07-01 01:52:58,lht65-20,52.2507,5.97306,3.023,13.31,97.6,0
2026-07-01 02:02:58,lht65-20,52.2507,5.97306,3.023,13.25,97.6,0
2026-07-01 02:12:58,lht65-20,52.2507,5.97306,3.023,13.26,97.6,0
2026-07-01 02:22:58,lht65-20,52.2507,5.97306,3.023,13.22,97.6,0
2026-07-01 02:32:58,lht65-20,52.2507,5.97306,3.023,13.22,97.6,1
2026-07-01 02:42:58,lht65-20,52.2507,5.97306,3.021,13.17,97.7,5
2026-07-01 02:52:58,lht65-20,52.2507,5.97306,3.021,12.89,97.6,19
2026-07-01 03:02:58,lht65-20,52.2507,5.97306,3.021,12.21,97.1,56
2026-07-01 03:12:58,lht65-20,52.2507,5.97306,3.019,11.62,96.4,137
2026-07-01 03:22:58,lht65-20,52.2507,5.97306,3.019,11.51,96.4,271
2026-07-01 03:32:58,lht65-20,52.2507,5.97306,3.018,11.49,96.9,480
2026-07-01 03:42:58,lht65-20,52.2507,5.97306,3.019,11.6,97.3,682
2026-07-01 03:52:58,lht65-20,52.2507,5.97306,3.019,12.11,97.6,1167
2026-07-01 04:02:58,lht65-20,52.2507,5.97306,3.021,11.85,97.7,1750
2026-07-01 04:12:58,lht65-20,52.2507,5.97306,3.019,12.39,97.9,5020
2026-07-01 04:22:58,lht65-20,52.2507,5.97306,3.019,13.39,98.1,6614
2026-07-01 04:32:58,lht65-20,52.2507,5.97306,3.021,14.26,98.0,7404
2026-07-01 04:42:58,lht65-20,52.2507,5.97306,3.023,14.9,96.6,8400
2026-07-01 04:52:58,lht65-20,52.2507,5.97306,3.025,15.67,91.2,10904
2026-07-01 05:02:59,lht65-20,52.2507,5.97306,3.023,16.43,87.4,12414
2026-07-01 05:12:58,lht65-20,52.2507,5.97306,3.025,17.11,85.8,13571
2026-07-01 05:22:58,lht65-20,52.2507,5.97306,3.027,17.36,82.5,14599
2026-07-01 05:32:58,lht65-20,52.2507,5.97306,3.027,17.84,82.7,15566
2026-07-01 05:42:58,lht65-20,52.2507,5.97306,3.027,18.27,80.1,16509
2026-07-01 05:52:58,lht65-20,52.2507,5.97306,3.027,18.57,78.1,17390
2026-07-01 06:02:58,lht65-20,52.2507,5.97306,3.027,18.81,79.1,18350
2026-07-01 06:12:58,lht65-20,52.2507,5.97306,3.027,19.18,75.7,19230
2026-07-01 06:22:58,lht65-20,52.2507,5.97306,3.027,19.33,76.3,20241
2026-07-01 06:32:58,lht65-20,52.2507,5.97306,3.029,19.47,75.3,20981
2026-07-01 06:42:58,lht65-20,52.2507,5.97306,3.027,19.46,74.8,24800
2026-07-01 06:52:58,lht65-20,52.2507,5.97306,3.027,19.93,75.3,24904
2026-07-01 07:02:58,lht65-20,52.2507,5.97306,3.027,20.47,72.2,25290
2026-07-01 07:12:58,lht65-20,52.2507,5.97306,3.027,20.69,71.8,26107
2026-07-01 07:22:58,lht65-20,52.2507,5.97306,3.027,21.06,71.0,28357
2026-07-01 07:32:58,lht65-20,52.2507,5.97306,3.03,21.69,67.5,30365
2026-07-01 07:42:58,lht65-20,52.2507,5.97306,3.029,21.61,63.6,29665
2026-07-01 07:52:58,lht65-20,52.2507,5.97306,3.029,21.23,65.2,30980
2026-07-01 08:02:58,lht65-20,52.2507,5.97306,3.029,21.43,63.9,29255
2026-07-01 08:12:58,lht65-20,52.2507,5.97306,3.03,21.42,63.1,33883
2026-07-01 08:22:58,lht65-20,52.2507,5.97306,3.029,20.58,58.2,5525
2026-07-01 08:32:58,lht65-20,52.2507,5.97306,3.029,21.3,59.4,30637
2026-07-01 08:42:58,lht65-20,52.2507,5.97306,3.03,21.86,58.3,31073
2026-07-01 08:52:58,lht65-20,52.2507,5.97306,3.029,22.03,57.9,31835
2026-07-01 09:02:58,lht65-20,52.2507,5.97306,3.03,22.91,56.2,32281
2026-07-01 09:12:58,lht65-20,52.2507,5.97306,3.03,23.04,54.2,32719
2026-07-01 09:23:00,lht65-20,52.2507,5.97306,3.03,23.56,54.5,32815
2026-07-01 09:32:58,lht65-20,52.2507,5.97306,3.03,23.93,51.0,33719
2026-07-01 09:42:58,lht65-20,52.2507,5.97306,3.03,23.83,57.7,34348
2026-07-01 09:52:58,lht65-20,52.2507,5.97306,3.03,24.83,54.6,35480
2026-07-01 10:02:58,lht65-20,52.2507,5.97306,3.03,24.41,52.8,8087
2026-07-01 10:12:58,lht65-20,52.2507,5.97306,3.03,23.47,53.4,35359
2026-07-01 10:22:58,lht65-20,52.2507,5.97306,3.03,23.88,50.3,35095
2026-07-01 10:32:58,lht65-20,52.2507,5.97306,3.03,24.1,54.0,36680
2026-07-01 10:52:58,lht65-20,52.2507,5.97306,3.03,24.26,48.2,36092
2026-07-01 11:02:58,lht65-20,52.2507,5.97306,3.03,24.28,49.0,36274
2026-07-01 11:12:58,lht65-20,52.2507,5.97306,3.03,24.19,51.5,36596
2026-07-01 11:22:58,lht65-20,52.2507,5.97306,3.03,24.5,46.1,36832
2026-07-01 11:32:58,lht65-20,52.2507,5.97306,3.03,24.4,49.0,36546
2026-07-01 11:42:58,lht65-20,52.2507,5.97306,3.03,24.72,47.0,36647
2026-07-01 11:52:58,lht65-20,52.2507,5.97306,3.03,25.0,49.1,36838
2026-07-01 12:02:58,lht65-20,52.2507,5.97306,3.03,25.2,44.7,36735
2026-07-01 12:12:58,lht65-20,52.2507,5.97306,3.032,25.13,42.1,36600
2026-07-01 12:22:58,lht65-20,52.2507,5.97306,3.03,25.11,43.7,36315
2026-07-01 12:32:58,lht65-20,52.2507,5.97306,3.03,25.72,43.0,36071
2026-07-01 12:42:58,lht65-20,52.2507,5.97306,3.03,26.02,45.4,35930
2026-07-01 12:52:58,lht65-20,52.2507,5.97306,3.032,25.75,42.0,35443
2026-07-01 13:02:58,lht65-20,52.2507,5.97306,3.03,25.64,42.3,35198
2026-07-01 13:12:58,lht65-20,52.2507,5.97306,3.032,25.75,45.6,34520
2026-07-01 13:22:58,lht65-20,52.2507,5.97306,3.032,25.95,45.4,34338
2026-07-01 13:32:58,lht65-20,52.2507,5.97306,3.032,25.95,39.8,34210
2026-07-01 13:42:58,lht65-20,52.2507,5.97306,3.032,26.17,44.6,33412
2026-07-01 13:52:58,lht65-20,52.2507,5.97306,3.032,26.67,40.3,33060
2026-07-01 14:02:58,lht65-20,52.2507,5.97306,3.032,26.18,47.6,32989
2026-07-01 14:12:58,lht65-20,52.2507,5.97306,3.032,26.06,40.5,32370
2026-07-01 14:22:58,lht65-20,52.2507,5.97306,3.03,26.33,42.1,31821
2026-07-01 14:32:58,lht65-20,52.2507,5.97306,3.03,25.99,43.6,31483
2026-07-01 14:42:58,lht65-20,52.2507,5.97306,3.032,25.74,45.8,30739
2026-07-01 14:52:58,lht65-20,52.2507,5.97306,3.032,25.53,44.7,30653
2026-07-01 15:02:58,lht65-20,52.2507,5.97306,3.032,25.34,44.5,30292
2026-07-01 15:12:58,lht65-20,52.2507,5.97306,3.032,25.74,43.8,29890
2026-07-01 15:22:58,lht65-20,52.2507,5.97306,3.032,26.09,46.9,30425
2026-07-01 15:32:58,lht65-20,52.2507,5.97306,3.034,26.25,47.2,6831
2026-07-01 15:42:58,lht65-20,52.2507,5.97306,3.032,25.89,46.6,27570
2026-07-01 15:52:58,lht65-20,52.2507,5.97306,3.032,26.42,49.6,27880
2026-07-01 16:02:58,lht65-20,52.2507,5.97306,3.032,26.3,47.7,27265
2026-07-01 16:12:58,lht65-20,52.2507,5.97306,3.032,25.51,50.1,25523
2026-07-01 16:22:58,lht65-20,52.2507,5.97306,3.034,25.8,49.1,25220
2026-07-01 16:32:58,lht65-20,52.2507,5.97306,3.034,26.09,50.6,25696
2026-07-01 16:42:58,lht65-20,52.2507,5.97306,3.032,25.94,49.2,23727
2026-07-01 16:52:58,lht65-20,52.2507,5.97306,3.032,24.93,52.7,21858
2026-07-01 17:02:58,lht65-20,52.2507,5.97306,3.032,25.02,51.9,20817
2026-07-01 17:12:58,lht65-20,52.2507,5.97306,3.032,24.56,52.7,14360
2026-07-01 17:22:58,lht65-20,52.2507,5.97306,3.032,24.54,56.2,19010
2026-07-01 17:32:58,lht65-20,52.2507,5.97306,3.032,24.87,54.2,17776
2026-07-01 17:42:58,lht65-20,52.2507,5.97306,3.034,25.1,54.1,17126
2026-07-01 17:52:58,lht65-20,52.2507,5.97306,3.032,24.64,53.6,15445
2026-07-01 18:02:58,lht65-20,52.2507,5.97306,3.032,24.23,53.7,14037
2026-07-01 18:12:58,lht65-20,52.2507,5.97306,3.032,24.06,53.6,12775
2026-07-01 18:22:58,lht65-20,52.2507,5.97306,3.032,24.09,56.9,11255
2026-07-01 18:32:58,lht65-20,52.2507,5.97306,3.032,23.74,56.0,10175
2026-07-01 18:42:59,lht65-20,52.2507,5.97306,3.034,23.51,58.0,8775
2026-07-01 18:52:58,lht65-20,52.2507,5.97306,3.032,23.44,58.0,7282
2026-07-01 19:02:58,lht65-20,52.2507,5.97306,3.03,22.87,58.4,5763
2026-07-01 19:12:58,lht65-20,52.2507,5.97306,3.03,22.31,60.5,3615
2026-07-01 19:22:58,lht65-20,52.2507,5.97306,3.03,21.55,63.0,1465
2026-07-01 19:32:58,lht65-20,52.2507,5.97306,3.032,20.68,67.8,1014
2026-07-01 19:42:58,lht65-20,52.2507,5.97306,3.03,20.02,70.2,605
2026-07-01 19:52:58,lht65-20,52.2507,5.97306,3.029,19.47,71.7,356
2026-07-01 20:02:58,lht65-20,52.2507,5.97306,3.03,19.07,74.4,185
2026-07-01 20:12:58,lht65-20,52.2507,5.97306,3.029,18.59,75.9,80
2026-07-01 20:22:58,lht65-20,52.2507,5.97306,3.027,18.14,78.5,28
2026-07-01 20:32:58,lht65-20,52.2507,5.97306,3.027,17.71,80.4,8
2026-07-01 20:42:58,lht65-20,52.2507,5.97306,3.029,17.27,82.5,2
2026-07-01 20:52:58,lht65-20,52.2507,5.97306,3.027,16.91,83.8,0
2026-07-01 21:02:58,lht65-20,52.2507,5.97306,3.027,16.31,86.2,0
2026-07-01 21:12:58,lht65-20,52.2507,5.97306,3.027,15.94,88.3,0
2026-07-01 21:22:58,lht65-20,52.2507,5.97306,3.027,15.72,89.2,0
2026-07-01 21:32:58,lht65-20,52.2507,5.97306,3.025,15.23,88.8,0
2026-07-01 21:42:58,lht65-20,52.2507,5.97306,3.023,15.05,92.1,0
2026-07-01 21:52:58,lht65-20,52.2507,5.97306,3.023,14.98,93.0,0
2026-07-01 22:02:58,lht65-20,52.2507,5.97306,3.025,14.79,93.3,0
2026-07-01 22:12:58,lht65-20,52.2507,5.97306,3.023,14.57,93.5,0
2026-07-01 22:22:58,lht65-20,52.2507,5.97306,3.023,14.34,93.7,0
2026-07-01 22:32:58,lht65-20,52.2507,5.97306,3.023,14.1,94.0,0
2026-07-01 22:42:58,lht65-20,52.2507,5.97306,3.023,14.02,94.9,0
2026-07-01 22:52:58,lht65-20,52.2507,5.97306,3.023,14.01,95.5,0
2026-07-01 23:02:58,lht65-20,52.2507,5.97306,3.023,14.02,95.9,0
2026-07-01 23:12:58,lht65-20,52.2507,5.97306,3.023,13.98,96.3,0
2026-07-01 23:22:58,lht65-20,52.2507,5.97306,3.021,13.68,96.4,0
2026-07-01 23:32:58,lht65-20,52.2507,5.97306,3.021,13.69,96.5,0
2026-07-01 23:42:58,lht65-20,52.2507,5.97306,3.021,13.8,96.7,0
2026-07-01 23:52:58,lht65-20,52.2507,5.97306,3.021,13.72,96.8,0
2026-07-02 00:02:58,lht65-20,52.2507,5.97306,3.021,13.72,96.8,0
2026-07-02 00:12:58,lht65-20,52.2507,5.97306,3.021,13.62,96.8,0
2026-07-02 00:22:58,lht65-20,52.2507,5.97306,3.021,13.61,96.5,0
2026-07-02 00:32:58,lht65-20,52.2507,5.97306,3.021,13.58,95.5,0
2026-07-02 00:42:58,lht65-20,52.2507,5.97306,3.021,13.57,95.1,0
2026-07-02 00:52:58,lht65-20,52.2507,5.97306,3.021,13.66,95.5,0
2026-07-02 01:02:58,lht65-20,52.2507,5.97306,3.019,13.71,95.7,0
2026-07-02 01:12:58,lht65-20,52.2507,5.97306,3.021,13.73,95.9,0
2026-07-02 01:22:58,lht65-20,52.2507,5.97306,3.019,13.56,95.8,0
2026-07-02 01:32:58,lht65-20,52.2507,5.97306,3.021,13.54,96.1,0
2026-07-02 01:42:58,lht65-20,52.2507,5.97306,3.021,13.78,96.5,0
2026-07-02 01:52:58,lht65-20,52.2507,5.97306,3.021,14.09,96.6,0
2026-07-02 02:02:58,lht65-20,52.2507,5.97306,3.021,14.32,96.6,0
2026-07-02 02:12:58,lht65-20,52.2507,5.97306,3.023,14.45,95.9,0
2026-07-02 02:22:58,lht65-20,52.2507,5.97306,3.023,14.52,95.1,0
2026-07-02 02:32:58,lht65-20,52.2507,5.97306,3.021,14.6,94.3,1
2026-07-02 02:42:58,lht65-20,52.2507,5.97306,3.021,14.75,93.9,6
2026-07-02 02:52:58,lht65-20,52.2507,5.97306,3.023,14.86,93.6,21
2026-07-02 03:02:58,lht65-20,52.2507,5.97306,3.021,14.89,93.6,61
2026-07-02 03:12:58,lht65-20,52.2507,5.97306,3.023,15.13,93.4,156
2026-07-02 03:22:58,lht65-20,52.2507,5.97306,3.023,15.37,93.2,301
2026-07-02 03:32:58,lht65-20,52.2507,5.97306,3.023,15.53,92.5,534
2026-07-02 03:42:58,lht65-20,52.2507,5.97306,3.023,15.72,92.6,957
2026-07-02 03:52:58,lht65-20,52.2507,5.97306,3.023,16.48,90.5,2962
2026-07-02 04:02:58,lht65-20,52.2507,5.97306,3.023,16.79,87.9,1909
2026-07-02 04:12:58,lht65-20,52.2507,5.97306,3.023,17.27,86.0,5440
2026-07-02 04:22:58,lht65-20,52.2507,5.97306,3.023,17.86,82.0,7146
2026-07-02 04:32:58,lht65-20,52.2507,5.97306,3.023,17.52,82.9,2841
2026-07-02 04:42:58,lht65-20,52.2507,5.97306,3.023,18.09,81.3,8367
2026-07-02 04:52:58,lht65-20,52.2507,5.97306,3.023,17.92,81.3,11069
2026-07-02 05:02:58,lht65-20,52.2507,5.97306,3.025,18.56,78.4,8762
2026-07-02 05:12:58,lht65-20,52.2507,5.97306,3.027,18.8,77.6,13512
2026-07-02 05:22:58,lht65-20,52.2507,5.97306,3.027,19.06,76.8,14709
2026-07-02 05:32:58,lht65-20,52.2507,5.97306,3.027,19.46,75.4,15723
2026-07-02 05:42:58,lht65-20,52.2507,5.97306,3.027,19.59,74.8,18684
2026-07-02 05:52:58,lht65-20,52.2507,5.97306,3.027,19.93,73.4,11342
2026-07-02 06:02:58,lht65-20,52.2507,5.97306,3.027,19.32,75.1,7415
2026-07-02 06:12:58,lht65-20,52.2507,5.97306,3.027,19.05,75.5,20114
2026-07-02 06:22:58,lht65-20,52.2507,5.97306,3.027,20.1,73.0,20870
2026-07-02 06:32:58,lht65-20,52.2507,5.97306,3.027,20.39,68.8,21797
2026-07-02 06:42:58,lht65-20,52.2507,5.97306,3.027,20.85,66.8,23510
2026-07-02 06:52:58,lht65-20,52.2507,5.97306,3.027,21.11,59.5,31631
2026-07-02 07:02:58,lht65-20,52.2507,5.97306,3.027,21.09,58.1,12982
2026-07-02 07:12:58,lht65-20,52.2507,5.97306,3.027,20.42,62.3,15643
2026-07-02 07:22:58,lht65-20,52.2507,5.97306,3.027,20.53,64.5,7268
2026-07-02 07:32:58,lht65-20,52.2507,5.97306,3.027,20.96,66.4,34935
2026-07-02 07:42:58,lht65-20,52.2507,5.97306,3.027,21.05,65.8,14119
2026-07-02 07:52:58,lht65-20,52.2507,5.97306,3.027,20.97,66.8,15256
2026-07-02 08:02:58,lht65-20,52.2507,5.97306,3.027,20.72,67.8,10745
2026-07-02 08:12:58,lht65-20,52.2507,5.97306,3.027,20.55,67.9,18157
2026-07-02 08:22:58,lht65-20,52.2507,5.97306,3.027,20.9,68.1,15863
2026-07-02 08:32:58,lht65-20,52.2507,5.97306,3.023,20.58,70.8,13021
2026-07-02 08:42:58,lht65-20,52.2507,5.97306,3.027,20.11,71.5,5075
2026-07-02 08:52:58,lht65-20,52.2507,5.97306,3.027,19.83,73.0,8030
2026-07-02 09:02:58,lht65-20,52.2507,5.97306,3.027,19.65,74.1,3973
2026-07-02 09:12:58,lht65-20,52.2507,5.97306,3.025,19.4,77.5,7424
2026-07-02 09:22:58,lht65-20,52.2507,5.97306,3.027,18.89,81.7,10550
2026-07-02 09:32:58,lht65-20,52.2507,5.97306,3.023,18.24,88.3,11313
2026-07-02 09:42:58,lht65-20,52.2507,5.97306,3.023,17.87,90.3,5258
2026-07-02 09:52:58,lht65-20,52.2507,5.97306,3.025,17.73,91.7,4534
2026-07-02 10:12:58,lht65-20,52.2507,5.97306,3.023,17.99,92.8,9316
2026-07-02 10:22:58,lht65-20,52.2507,5.97306,3.023,18.25,92.6,13096
2026-07-02 10:32:58,lht65-20,52.2507,5.97306,3.023,18.29,92.3,13886
2026-07-02 10:42:58,lht65-20,52.2507,5.97306,3.027,18.58,91.7,14266
2026-07-02 10:52:58,lht65-20,52.2507,5.97306,3.025,18.48,92.2,10041
2026-07-02 11:02:58,lht65-20,52.2507,5.97306,3.023,18.35,92.0,9651
2026-07-02 11:12:58,lht65-20,52.2507,5.97306,3.023,18.2,92.5,9406
2026-07-02 11:22:58,lht65-20,52.2507,5.97306,3.023,18.11,93.0,10685
2026-07-02 11:32:58,lht65-20,52.2507,5.97306,3.025,18.35,92.0,13097
2026-07-02 11:42:58,lht65-20,52.2507,5.97306,3.023,18.45,91.4,11000
2026-07-02 11:52:58,lht65-20,52.2507,5.97306,3.023,18.8,90.8,18883
2026-07-02 12:02:58,lht65-20,52.2507,5.97306,3.025,19.46,89.2,20315
2026-07-02 12:22:58,lht65-20,52.2507,5.97306,3.023,19.86,87.4,13810
2026-07-02 12:32:59,lht65-20,52.2507,5.97306,3.023,19.46,87.6,7258
2026-07-02 12:42:58,lht65-20,52.2507,5.97306,3.025,19.28,88.4,8427
2026-07-02 12:52:58,lht65-20,52.2507,5.97306,3.023,19.28,88.5,6553
2026-07-02 13:02:58,lht65-20,52.2507,5.97306,3.023,19.47,87.8,16727
2026-07-02 13:12:58,lht65-20,52.2507,5.97306,3.027,19.77,83.4,5110
2026-07-02 13:22:57,lht65-20,52.2507,5.97306,3.023,19.73,82.9,13237
2026-07-02 13:32:58,lht65-20,52.2507,5.97306,3.025,19.77,78.8,14360
2026-07-02 13:42:58,lht65-20,52.2507,5.97306,3.025,20.05,75.2,42091
2026-07-02 13:52:58,lht65-20,52.2507,5.97306,3.027,21.23,67.3,37320
2026-07-02 14:02:58,lht65-20,52.2507,5.97306,3.027,21.06,64.6,19920
2026-07-02 14:12:58,lht65-20,52.2507,5.97306,3.025,21.26,68.4,14357
2026-07-02 14:22:58,lht65-20,52.2507,5.97306,3.025,21.02,62.4,25044
2026-07-02 14:32:58,lht65-20,52.2507,5.97306,3.027,21.14,62.1,34549
2026-07-02 14:42:58,lht65-20,52.2507,5.97306,3.027,21.19,59.9,19375
2026-07-02 14:52:57,lht65-20,52.2507,5.97306,3.027,20.63,62.9,12756
2026-07-02 15:02:58,lht65-20,52.2507,5.97306,3.027,21.12,59.6,31446
2026-07-02 15:12:58,lht65-20,52.2507,5.97306,3.023,21.23,61.6,30565
2026-07-02 15:22:58,lht65-20,52.2507,5.97306,3.025,21.37,59.1,19675
2026-07-02 15:32:57,lht65-20,52.2507,5.97306,3.025,21.19,57.8,30743
2026-07-02 15:42:57,lht65-20,52.2507,5.97306,3.023,20.08,60.6,18125
2026-07-02 15:52:57,lht65-20,52.2507,5.97306,3.027,20.66,56.9,30356
2026-07-02 16:02:58,lht65-20,52.2507,5.97306,3.023,20.78,57.6,28597
2026-07-02 16:12:58,lht65-20,52.2507,5.97306,3.023,20.84,55.5,9501
2026-07-02 16:22:57,lht65-20,52.2507,5.97306,3.023,20.1,60.4,26115
2026-07-02 16:32:58,lht65-20,52.2507,5.97306,3.025,21.01,59.3,24856
2026-07-02 16:42:58,lht65-20,52.2507,5.97306,3.025,21.05,57.8,27440
2026-07-02 16:52:58,lht65-20,52.2507,5.97306,3.027,20.86,58.8,11217
2026-07-02 17:02:57,lht65-20,52.2507,5.97306,3.027,20.26,60.7,12925
2026-07-02 17:12:58,lht65-20,52.2507,5.97306,3.023,19.95,62.6,20455
2026-07-02 17:22:57,lht65-20,52.2507,5.97306,3.023,19.47,62.5,6127
2026-07-02 17:32:57,lht65-20,52.2507,5.97306,3.023,19.31,65.4,8950
2026-07-02 17:42:57,lht65-20,52.2507,5.97306,3.023,18.85,66.3,17037
2026-07-02 17:52:57,lht65-20,52.2507,5.97306,3.023,19.63,63.6,16425
2026-07-02 18:02:58,lht65-20,52.2507,5.97306,3.023,19.9,63.0,15633
2026-07-02 18:12:58,lht65-20,52.2507,5.97306,3.023,19.98,62.9,14464
2026-07-02 18:22:58,lht65-20,52.2507,5.97306,3.023,19.83,62.8,13549
2026-07-02 18:32:58,lht65-20,52.2507,5.97306,3.023,19.46,64.1,10544
2026-07-02 18:42:57,lht65-20,52.2507,5.97306,3.023,19.47,65.1,8921
2026-07-02 18:52:58,lht65-20,52.2507,5.97306,3.023,19.07,66.5,4152
2026-07-02 19:02:57,lht65-20,52.2507,5.97306,3.023,18.36,68.7,2988
2026-07-02 19:12:58,lht65-20,52.2507,5.97306,3.023,18.06,70.4,3613
2026-07-02 19:22:58,lht65-20,52.2507,5.97306,3.021,17.7,70.5,1513
2026-07-02 19:32:57,lht65-20,52.2507,5.97306,3.021,17.35,71.8,1085
2026-07-02 19:42:58,lht65-20,52.2507,5.97306,3.021,16.96,73.9,719
2026-07-02 19:52:57,lht65-20,52.2507,5.97306,3.021,16.56,76.1,420
2026-07-02 20:02:58,lht65-20,52.2507,5.97306,3.019,15.98,78.9,213
2026-07-02 20:12:58,lht65-20,52.2507,5.97306,3.018,15.31,82.3,89
2026-07-02 20:22:58,lht65-20,52.2507,5.97306,3.018,14.76,84.5,31
2026-07-02 20:32:58,lht65-20,52.2507,5.97306,3.019,14.4,85.6,10
2026-07-02 20:42:58,lht65-20,52.2507,5.97306,3.018,13.98,87.0,2
2026-07-02 20:52:57,lht65-20,52.2507,5.97306,3.018,13.81,88.1,0
2026-07-02 21:02:57,lht65-20,52.2507,5.97306,3.016,13.68,88.1,0
2026-07-02 21:12:57,lht65-20,52.2507,5.97306,3.016,13.42,89.0,0
2026-07-02 21:22:57,lht65-20,52.2507,5.97306,3.016,13.21,89.7,0
2026-07-02 21:32:57,lht65-20,52.2507,5.97306,3.016,13.15,89.8,0
2026-07-02 21:42:57,lht65-20,52.2507,5.97306,3.016,13.12,89.8,0
2026-07-02 21:52:58,lht65-20,52.2507,5.97306,3.016,13.18,89.5,0
2026-07-02 22:02:58,lht65-20,52.2507,5.97306,3.016,13.04,89.5,0
2026-07-02 22:12:57,lht65-20,52.2507,5.97306,3.016,12.92,89.8,0
2026-07-02 22:22:58,lht65-20,52.2507,5.97306,3.016,12.72,90.0,0
2026-07-02 22:32:57,lht65-20,52.2507,5.97306,3.016,12.64,90.6,0
2026-07-02 22:42:57,lht65-20,52.2507,5.97306,3.016,12.56,90.3,0
2026-07-02 22:52:58,lht65-20,52.2507,5.97306,3.016,12.32,90.7,0
2026-07-02 23:02:57,lht65-20,52.2507,5.97306,3.014,12.42,90.4,0
2026-07-02 23:12:57,lht65-20,52.2507,5.97306,3.014,12.38,89.8,0
2026-07-02 23:22:58,lht65-20,52.2507,5.97306,3.014,12.53,89.7,0
2026-07-02 23:32:57,lht65-20,52.2507,5.97306,3.014,12.59,89.2,0
2026-07-02 23:42:57,lht65-20,52.2507,5.97306,3.016,12.67,88.8,0
2026-07-02 23:52:58,lht65-20,52.2507,5.97306,3.012,12.56,88.7,0
2026-07-03 00:02:58,lht65-20,52.2507,5.97306,3.012,12.34,89.3,0
2026-07-03 00:22:58,lht65-20,52.2507,5.97306,3.014,12.14,89.7,0
2026-07-03 00:32:58,lht65-20,52.2507,5.97306,3.014,11.98,90.5,0
2026-07-03 00:42:58,lht65-20,52.2507,5.97306,3.014,12.05,90.6,0
2026-07-03 00:52:58,lht65-20,52.2507,5.97306,3.014,12.19,90.0,0
2026-07-03 01:02:58,lht65-20,52.2507,5.97306,3.014,12.27,89.6,0
2026-07-03 01:12:58,lht65-20,52.2507,5.97306,3.012,12.24,89.8,0
2026-07-03 01:22:58,lht65-20,52.2507,5.97306,3.012,12.11,90.2,0
2026-07-03 01:32:58,lht65-20,52.2507,5.97306,3.012,12.09,90.3,0
2026-07-03 01:42:58,lht65-20,52.2507,5.97306,3.014,12.05,90.6,0
2026-07-03 01:52:58,lht65-20,52.2507,5.97306,3.012,12.06,90.8,0
2026-07-03 02:02:58,lht65-20,52.2507,5.97306,3.012,11.98,90.9,0
2026-07-03 02:12:58,lht65-20,52.2507,5.97306,3.012,12.17,90.9,0
2026-07-03 02:22:58,lht65-20,52.2507,5.97306,3.012,12.15,90.5,0
2026-07-03 02:32:58,lht65-20,52.2507,5.97306,3.012,12.14,90.8,1
2026-07-03 02:42:58,lht65-20,52.2507,5.97306,3.012,12.2,90.8,5
2026-07-03 02:52:58,lht65-20,52.2507,5.97306,3.012,12.12,91.1,19
2026-07-03 03:02:58,lht65-20,52.2507,5.97306,3.012,12.21,90.9,57
2026-07-03 03:12:58,lht65-20,52.2507,5.97306,3.012,12.19,90.9,145
2026-07-03 03:22:58,lht65-20,52.2507,5.97306,3.012,12.23,90.9,300
2026-07-03 03:32:58,lht65-20,52.2507,5.97306,3.012,12.3,90.8,530
2026-07-03 03:42:58,lht65-20,52.2507,5.97306,3.012,12.38,90.7,838
2026-07-03 03:52:58,lht65-20,52.2507,5.97306,3.012,12.78,89.9,2236
2026-07-03 04:02:58,lht65-20,52.2507,5.97306,3.012,12.88,88.8,1750
2026-07-03 04:12:58,lht65-20,52.2507,5.97306,3.014,13.3,88.4,4870
2026-07-03 04:22:58,lht65-20,52.2507,5.97306,3.014,14.09,85.4,6374
2026-07-03 04:32:58,lht65-20,52.2507,5.97306,3.014,14.62,83.2,7896
2026-07-03 04:42:58,lht65-20,52.2507,5.97306,3.014,15.03,81.6,9160
2026-07-03 04:52:58,lht65-20,52.2507,5.97306,3.016,15.4,80.5,10633
2026-07-03 05:02:58,lht65-20,52.2507,5.97306,3.016,15.8,79.5,11845
2026-07-03 05:12:58,lht65-20,52.2507,5.97306,3.016,16.31,78.6,13133
2026-07-03 05:22:58,lht65-20,52.2507,5.97306,3.016,16.56,77.7,14267
2026-07-03 05:32:58,lht65-20,52.2507,5.97306,3.018,16.89,75.8,15380
2026-07-03 05:42:58,lht65-20,52.2507,5.97306,3.018,17.05,75.1,16460
2026-07-03 05:52:58,lht65-20,52.2507,5.97306,3.018,17.31,75.3,17785
2026-07-03 06:02:58,lht65-20,52.2507,5.97306,3.018,17.43,75.5,18835
2026-07-03 06:12:58,lht65-20,52.2507,5.97306,3.018,17.79,74.8,19751
2026-07-03 06:22:58,lht65-20,52.2507,5.97306,3.018,17.98,73.5,20618
2026-07-03 06:32:58,lht65-20,52.2507,5.97306,3.018,18.16,73.6,21294
2026-07-03 06:42:58,lht65-20,52.2507,5.97306,3.018,18.56,73.0,22086
2026-07-03 06:52:58,lht65-20,52.2507,5.97306,3.019,18.83,71.4,23248
2026-07-03 07:02:58,lht65-20,52.2507,5.97306,3.018,19.04,69.4,24358
2026-07-03 07:12:58,lht65-20,52.2507,5.97306,3.019,19.37,66.9,27518
2026-07-03 07:22:58,lht65-20,52.2507,5.97306,3.018,19.47,63.0,32355
2026-07-03 07:32:58,lht65-20,52.2507,5.97306,3.019,19.22,62.7,8016
2026-07-03 07:42:58,lht65-20,52.2507,5.97306,3.018,18.38,67.3,8499
2026-07-03 07:52:58,lht65-20,52.2507,5.97306,3.019,18.98,68.1,9043
2026-07-03 08:02:58,lht65-20,52.2507,5.97306,3.018,18.36,67.9,5601
2026-07-03 08:12:58,lht65-20,52.2507,5.97306,3.018,17.98,68.6,4199
2026-07-03 08:22:58,lht65-20,52.2507,5.97306,3.018,17.91,70.8,10948
2026-07-03 08:32:58,lht65-20,52.2507,5.97306,3.018,18.38,72.7,13247
2026-07-03 08:42:58,lht65-20,52.2507,5.97306,3.018,19.42,68.4,22700
2026-07-03 08:52:58,lht65-20,52.2507,5.97306,3.018,18.89,66.8,11290
2026-07-03 09:02:58,lht65-20,52.2507,5.97306,3.019,19.22,67.5,18900
2026-07-03 09:12:58,lht65-20,52.2507,5.97306,3.019,19.93,66.4,41129
2026-07-03 09:22:58,lht65-20,52.2507,5.97306,3.019,20.98,60.6,37800
2026-07-03 09:32:58,lht65-20,52.2507,5.97306,3.021,20.84,59.4,16255
2026-07-03 09:42:58,lht65-20,52.2507,5.97306,3.019,20.31,60.8,8846
2026-07-03 10:02:58,lht65-20,52.2507,5.97306,3.019,20.91,60.0,45117
2026-07-03 10:12:58,lht65-20,52.2507,5.97306,3.019,20.29,60.1,14293
2026-07-03 10:22:58,lht65-20,52.2507,5.97306,3.021,20.88,57.1,30209
2026-07-03 10:32:58,lht65-20,52.2507,5.97306,3.019,20.63,59.8,40880
2026-07-03 10:42:58,lht65-20,52.2507,5.97306,3.021,21.28,54.5,13909
2026-07-03 10:52:58,lht65-20,52.2507,5.97306,3.019,20.5,54.3,39241
2026-07-03 11:02:58,lht65-20,52.2507,5.97306,3.019,21.19,53.2,14336
2026-07-03 11:12:58,lht65-20,52.2507,5.97306,3.019,21.5,55.4,39423
2026-07-03 11:22:58,lht65-20,52.2507,5.97306,3.019,21.82,52.7,27107
2026-07-03 11:32:58,lht65-20,52.2507,5.97306,3.019,21.4,52.0,13016
2026-07-03 11:42:58,lht65-20,52.2507,5.97306,3.019,21.66,55.9,12203
2026-07-03 11:52:58,lht65-20,52.2507,5.97306,3.021,21.08,53.2,39767
2026-07-03 12:02:58,lht65-20,52.2507,5.97306,3.021,21.9,53.1,16946
2026-07-03 12:12:58,lht65-20,52.2507,5.97306,3.021,21.5,54.5,42886
2026-07-03 12:22:58,lht65-20,52.2507,5.97306,3.021,22.3,52.5,12886
2026-07-03 12:42:58,lht65-20,52.2507,5.97306,3.019,22.3,50.4,40208
2026-07-03 12:52:58,lht65-20,52.2507,5.97306,3.021,22.16,51.2,35507
2026-07-03 13:02:58,lht65-20,52.2507,5.97306,3.021,22.83,50.2,29760
2026-07-03 13:12:58,lht65-20,52.2507,5.97306,3.021,22.41,53.8,22270
2026-07-03 13:22:58,lht65-20,52.2507,5.97306,3.021,21.85,51.1,33441
2026-07-03 13:32:58,lht65-20,52.2507,5.97306,3.021,21.85,52.3,38788
2026-07-03 13:42:58,lht65-20,52.2507,5.97306,3.023,22.24,52.9,39963
2026-07-03 13:52:57,lht65-20,52.2507,5.97306,3.019,21.65,53.4,14150
2026-07-03 14:12:57,lht65-20,52.2507,5.97306,3.021,20.97,55.2,12656
2026-07-03 14:22:57,lht65-20,52.2507,5.97306,3.021,21.55,52.9,36159
2026-07-03 14:32:57,lht65-20,52.2507,5.97306,3.021,21.6,53.6,34878
2026-07-03 14:42:57,lht65-20,52.2507,5.97306,3.023,22.41,56.3,33489
2026-07-03 14:52:58,lht65-20,52.2507,5.97306,3.021,22.04,51.2,33458
2026-07-03 15:02:58,lht65-20,52.2507,5.97306,3.021,22.1,50.1,32781
2026-07-03 15:12:58,lht65-20,52.2507,5.97306,3.023,21.52,53.2,11138
2026-07-03 15:22:58,lht65-20,52.2507,5.97306,3.021,21.15,50.9,9910
2026-07-03 15:32:58,lht65-20,52.2507,5.97306,3.021,20.72,55.1,19150
2026-07-03 15:42:57,lht65-20,52.2507,5.97306,3.019,21.81,54.8,8185
2026-07-03 15:52:57,lht65-20,52.2507,5.97306,3.021,21.88,54.6,9170
2026-07-03 16:02:57,lht65-20,52.2507,5.97306,3.021,21.7,53.1,24365
2026-07-03 16:12:57,lht65-20,52.2507,5.97306,3.023,21.09,53.8,9266
2026-07-03 16:22:57,lht65-20,52.2507,5.97306,3.023,21.22,53.9,25880
2026-07-03 16:32:58,lht65-20,52.2507,5.97306,3.021,21.01,53.1,22866
2026-07-03 16:42:58,lht65-20,52.2507,5.97306,3.021,21.43,52.1,20883
2026-07-03 16:52:57,lht65-20,52.2507,5.97306,3.019,21.28,52.2,23229
2026-07-03 17:02:57,lht65-20,52.2507,5.97306,3.021,20.73,54.1,22342
2026-07-03 17:12:57,lht65-20,52.2507,5.97306,3.021,20.83,54.6,20325
2026-07-03 17:22:57,lht65-20,52.2507,5.97306,3.021,20.63,54.0,17372
2026-07-03 17:32:58,lht65-20,52.2507,5.97306,3.019,20.6,53.8,17759
2026-07-03 17:42:58,lht65-20,52.2507,5.97306,3.019,20.31,51.5,13840
2026-07-03 17:52:58,lht65-20,52.2507,5.97306,3.021,19.76,53.5,16735
2026-07-03 18:02:58,lht65-20,52.2507,5.97306,3.019,19.89,56.1,14170
2026-07-03 18:12:57,lht65-20,52.2507,5.97306,3.018,19.65,56.0,12501
2026-07-03 18:22:58,lht65-20,52.2507,5.97306,3.019,19.64,55.8,11624
2026-07-03 18:32:57,lht65-20,52.2507,5.97306,3.019,19.17,58.5,7920
2026-07-03 18:42:57,lht65-20,52.2507,5.97306,3.018,18.51,59.0,7334
2026-07-03 18:52:58,lht65-20,52.2507,5.97306,3.018,18.16,60.0,5193
2026-07-03 19:02:57,lht65-20,52.2507,5.97306,3.018,17.55,62.4,3015
2026-07-03 19:12:58,lht65-20,52.2507,5.97306,3.018,16.96,65.5,2161
2026-07-03 19:22:58,lht65-20,52.2507,5.97306,3.018,16.5,66.4,1608
2026-07-03 19:32:57,lht65-20,52.2507,5.97306,3.018,16.13,68.8,1221
2026-07-03 19:42:58,lht65-20,52.2507,5.97306,3.016,15.8,69.9,730
2026-07-03 19:52:57,lht65-20,52.2507,5.97306,3.016,15.35,72.4,359
2026-07-03 20:02:57,lht65-20,52.2507,5.97306,3.016,14.86,75.0,154
2026-07-03 20:12:58,lht65-20,52.2507,5.97306,3.014,14.25,77.6,67
2026-07-03 20:22:58,lht65-20,52.2507,5.97306,3.014,13.75,79.5,24
2026-07-03 20:32:58,lht65-20,52.2507,5.97306,3.012,13.37,82.0,7
2026-07-03 20:42:58,lht65-20,52.2507,5.97306,3.012,12.84,84.0,1
2026-07-03 20:52:57,lht65-20,52.2507,5.97306,3.012,12.29,86.2,0
2026-07-03 21:02:57,lht65-20,52.2507,5.97306,3.012,12.02,87.3,0
2026-07-03 21:12:57,lht65-20,52.2507,5.97306,3.012,11.7,87.7,0
2026-07-03 21:22:57,lht65-20,52.2507,5.97306,3.009,11.38,90.0,0
2026-07-03 21:32:58,lht65-20,52.2507,5.97306,3.009,11.24,91.1,0
2026-07-03 21:42:57,lht65-20,52.2507,5.97306,3.009,10.96,91.1,0
2026-07-03 21:52:58,lht65-20,52.2507,5.97306,3.009,10.61,91.9,0
2026-07-03 22:02:58,lht65-20,52.2507,5.97306,3.009,10.86,93.4,0
2026-07-03 22:12:57,lht65-20,52.2507,5.97306,3.009,10.95,93.1,0
2026-07-03 22:22:58,lht65-20,52.2507,5.97306,3.009,10.75,92.9,0
2026-07-03 22:32:57,lht65-20,52.2507,5.97306,3.009,10.72,93.6,0
2026-07-03 22:42:57,lht65-20,52.2507,5.97306,3.009,10.61,93.9,0
2026-07-03 22:52:58,lht65-20,52.2507,5.97306,3.007,10.42,94.4,0
2026-07-03 23:02:57,lht65-20,52.2507,5.97306,3.007,10.46,95.1,0
2026-07-03 23:12:58,lht65-20,52.2507,5.97306,3.009,10.33,95.2,0
2026-07-03 23:22:58,lht65-20,52.2507,5.97306,3.009,10.1,95.2,0
2026-07-03 23:32:58,lht65-20,52.2507,5.97306,3.009,9.99,95.5,0
2026-07-03 23:42:58,lht65-20,52.2507,5.97306,3.007,10.03,95.9,0
2026-07-03 23:52:58,lht65-20,52.2507,5.97306,3.003,10.17,96.3,0
2026-07-04 00:02:58,lht65-20,52.2507,5.97306,3.005,10.34,96.6,0
2026-07-04 00:12:58,lht65-20,52.2507,5.97306,3.005,10.59,96.9,0
2026-07-04 00:22:58,lht65-20,52.2507,5.97306,3.009,10.75,97.1,0
2026-07-04 00:32:58,lht65-20,52.2507,5.97306,3.007,10.85,97.2,0
2026-07-04 00:42:58,lht65-20,52.2507,5.97306,3.009,10.87,97.4,0
2026-07-04 00:52:58,lht65-20,52.2507,5.97306,3.007,10.86,97.4,0
2026-07-04 01:02:58,lht65-20,52.2507,5.97306,3.009,11.03,97.4,0
2026-07-04 01:12:58,lht65-20,52.2507,5.97306,3.007,11.48,97.1,0
2026-07-04 01:22:58,lht65-20,52.2507,5.97306,3.009,12.08,93.9,0
2026-07-04 01:32:58,lht65-20,52.2507,5.97306,3.009,12.52,88.6,0
2026-07-04 01:42:58,lht65-20,52.2507,5.97306,3.012,12.74,87.1,0
2026-07-04 01:52:58,lht65-20,52.2507,5.97306,3.009,12.98,85.8,0
2026-07-04 02:02:58,lht65-20,52.2507,5.97306,3.009,13.24,84.4,0
2026-07-04 02:12:58,lht65-20,52.2507,5.97306,3.012,13.18,84.2,0
2026-07-04 02:22:58,lht65-20,52.2507,5.97306,3.009,13.12,84.5,0
2026-07-04 02:32:58,lht65-20,52.2507,5.97306,3.009,13.31,83.9,0
2026-07-04 02:42:58,lht65-20,52.2507,5.97306,3.012,13.72,82.6,2
2026-07-04 02:52:58,lht65-20,52.2507,5.97306,3.012,13.82,82.8,7
2026-07-04 03:02:58,lht65-20,52.2507,5.97306,3.012,13.82,82.8,25
2026-07-04 03:12:58,lht65-20,52.2507,5.97306,3.01,13.82,82.7,80
2026-07-04 03:22:58,lht65-20,52.2507,5.97306,3.012,13.9,81.9,170
2026-07-04 03:32:58,lht65-20,52.2507,5.97306,3.012,13.97,81.4,298
2026-07-04 03:42:58,lht65-20,52.2507,5.97306,3.01,13.97,80.7,446
2026-07-04 03:52:59,lht65-20,52.2507,5.97306,3.012,14.14,79.0,666
2026-07-04 04:02:58,lht65-20,52.2507,5.97306,3.012,14.41,77.8,1183
2026-07-04 04:12:58,lht65-20,52.2507,5.97306,3.012,14.81,76.9,2052
2026-07-04 04:22:58,lht65-20,52.2507,5.97306,3.012,15.04,76.5,2525
2026-07-04 04:32:58,lht65-20,52.2507,5.97306,3.012,15.35,75.7,3050
2026-07-04 04:42:58,lht65-20,52.2507,5.97306,3.012,15.66,74.4,2727
2026-07-04 04:52:58,lht65-20,52.2507,5.97306,3.012,15.98,73.4,3271
2026-07-04 05:02:59,lht65-20,52.2507,5.97306,3.012,16.23,72.3,3914
2026-07-04 05:12:58,lht65-20,52.2507,5.97306,3.012,16.37,71.4,6490
2026-07-04 05:22:58,lht65-20,52.2507,5.97306,3.012,16.36,72.1,5096
2026-07-04 05:32:58,lht65-20,52.2507,5.97306,3.012,16.37,72.2,11070
2026-07-04 05:42:58,lht65-20,52.2507,5.97306,3.014,16.83,70.4,7668
2026-07-04 05:52:58,lht65-20,52.2507,5.97306,3.012,16.97,70.2,9027
2026-07-04 06:02:58,lht65-20,52.2507,5.97306,3.012,17.31,70.6,8800
2026-07-04 06:12:58,lht65-20,52.2507,5.97306,3.014,17.64,69.7,16903
2026-07-04 06:22:58,lht65-20,52.2507,5.97306,3.012,18.14,68.6,18070
2026-07-04 06:32:58,lht65-20,52.2507,5.97306,3.014,18.57,67.9,19480
2026-07-04 06:42:58,lht65-20,52.2507,5.97306,3.014,19.02,67.2,24385
2026-07-04 06:52:58,lht65-20,52.2507,5.97306,3.016,19.17,68.5,19400
2026-07-04 07:02:58,lht65-20,52.2507,5.97306,3.016,19.54,66.6,19828
2026-07-04 07:22:58,lht65-20,52.2507,5.97306,3.016,19.99,65.8,16415
2026-07-04 07:32:58,lht65-20,52.2507,5.97306,3.016,19.8,67.2,17212
2026-07-04 07:42:58,lht65-20,52.2507,5.97306,3.016,20.17,66.7,27895
2026-07-04 08:02:58,lht65-20,52.2507,5.97306,3.016,21.15,66.0,29401
2026-07-04 08:12:58,lht65-20,52.2507,5.97306,3.018,21.86,67.5,28266
2026-07-04 08:22:58,lht65-20,52.2507,5.97306,3.018,22.24,61.2,29381
2026-07-04 08:32:58,lht65-20,52.2507,5.97306,3.018,22.54,63.7,29626
2026-07-04 08:42:58,lht65-20,52.2507,5.97306,3.018,22.8,61.9,30713
2026-07-04 08:52:58,lht65-20,52.2507,5.97306,3.019,23.02,62.6,27641
2026-07-04 09:02:58,lht65-20,52.2507,5.97306,3.018,23.07,60.8,26734
2026-07-04 09:12:58,lht65-20,52.2507,5.97306,3.018,23.04,59.2,38882
2026-07-04 09:22:58,lht65-20,52.2507,5.97306,3.018,23.54,56.0,29249
2026-07-04 09:32:58,lht65-20,52.2507,5.97306,3.019,23.79,53.5,37513
2026-07-04 09:42:58,lht65-20,52.2507,5.97306,3.018,23.89,53.0,9620
2026-07-04 09:52:58,lht65-20,52.2507,5.97306,3.019,24.51,52.2,25511
2026-07-04 10:02:58,lht65-20,52.2507,5.97306,3.021,24.67,49.7,20270
2026-07-04 10:12:58,lht65-20,52.2507,5.97306,3.019,24.4,51.5,43896
2026-07-04 10:22:58,lht65-20,52.2507,5.97306,3.019,24.5,50.7,27040
2026-07-04 10:32:58,lht65-20,52.2507,5.97306,3.019,24.58,51.4,53246
2026-07-04 10:42:58,lht65-20,52.2507,5.97306,3.019,24.83,48.3,42515
2026-07-04 11:02:58,lht65-20,52.2507,5.97306,3.019,25.17,49.4,47539
2026-07-04 11:12:58,lht65-20,52.2507,5.97306,3.019,25.48,49.7,22326
2026-07-04 11:22:58,lht65-20,52.2507,5.97306,3.019,24.35,54.0,24008
2026-07-04 11:32:58,lht65-20,52.2507,5.97306,3.019,24.12,55.5,15115
2026-07-04 11:42:58,lht65-20,52.2507,5.97306,3.019,23.95,57.4,19570
2026-07-04 11:52:57,lht65-20,52.2507,5.97306,3.021,23.99,57.5,36155
2026-07-04 12:02:58,lht65-20,52.2507,5.97306,3.021,24.4,57.8,24952
2026-07-04 12:12:58,lht65-20,52.2507,5.97306,3.021,24.01,57.3,17470
2026-07-04 12:22:58,lht65-20,52.2507,5.97306,3.021,24.13,59.8,29457
2026-07-04 12:32:58,lht65-20,52.2507,5.97306,3.019,24.04,60.6,25812
2026-07-04 12:42:58,lht65-20,52.2507,5.97306,3.021,23.52,60.1,15865
2026-07-04 12:52:58,lht65-20,52.2507,5.97306,3.018,23.21,60.4,15806
2026-07-04 13:02:58,lht65-20,52.2507,5.97306,3.019,23.15,60.3,22012
2026-07-04 13:12:58,lht65-20,52.2507,5.97306,3.019,23.49,59.2,19818
2026-07-04 13:22:58,lht65-20,52.2507,5.97306,3.021,23.87,58.8,20600
2026-07-04 13:32:58,lht65-20,52.2507,5.97306,3.019,24.01,58.1,24950
2026-07-04 13:42:58,lht65-20,52.2507,5.97306,3.021,23.67,59.3,45708
2026-07-04 13:52:58,lht65-20,52.2507,5.97306,3.019,23.23,61.3,15740
2026-07-04 14:02:58,lht65-20,52.2507,5.97306,3.021,23.01,61.3,11840
2026-07-04 14:12:58,lht65-20,52.2507,5.97306,3.019,22.57,63.4,6578
2026-07-04 14:22:58,lht65-20,52.2507,5.97306,3.019,22.44,66.1,17586
2026-07-04 14:32:57,lht65-20,52.2507,5.97306,3.021,22.51,66.4,19990
2026-07-04 14:42:58,lht65-20,52.2507,5.97306,3.019,22.39,63.6,9109
2026-07-04 14:52:58,lht65-20,52.2507,5.97306,3.019,21.9,66.6,8345
2026-07-04 15:02:58,lht65-20,52.2507,5.97306,3.019,21.76,66.9,12660
2026-07-04 15:12:58,lht65-20,52.2507,5.97306,3.019,22.13,66.0,16000
2026-07-04 15:22:58,lht65-20,52.2507,5.97306,3.021,21.87,67.1,12500
2026-07-04 15:32:57,lht65-20,52.2507,5.97306,3.018,21.81,67.3,9327
2026-07-04 15:42:58,lht65-20,52.2507,5.97306,3.019,21.66,65.8,10272
2026-07-04 15:52:57,lht65-20,52.2507,5.97306,3.019,21.73,65.7,11198
2026-07-04 16:02:58,lht65-20,52.2507,5.97306,3.019,21.68,65.8,9661
2026-07-04 16:12:58,lht65-20,52.2507,5.97306,3.019,21.55,66.0,9082
2026-07-04 16:22:58,lht65-20,52.2507,5.97306,3.021,21.53,67.0,7741
2026-07-04 16:32:58,lht65-20,52.2507,5.97306,3.019,21.49,66.8,6829
2026-07-04 16:42:58,lht65-20,52.2507,5.97306,3.019,21.35,65.8,5855
2026-07-04 16:52:57,lht65-20,52.2507,5.97306,3.019,21.34,66.6,5373
2026-07-04 17:02:58,lht65-20,52.2507,5.97306,3.019,21.3,67.1,4010
2026-07-04 17:22:58,lht65-20,52.2507,5.97306,3.019,20.94,68.0,1301
2026-07-04 17:32:58,lht65-20,52.2507,5.97306,3.019,20.73,70.0,854
2026-07-04 17:42:57,lht65-20,52.2507,5.97306,3.018,20.5,72.7,764
2026-07-04 17:52:58,lht65-20,52.2507,5.97306,3.018,19.91,75.0,1233
2026-07-04 18:02:58,lht65-20,52.2507,5.97306,3.018,19.27,79.8,1195
2026-07-04 18:12:57,lht65-20,52.2507,5.97306,3.018,18.86,83.4,516
2026-07-04 18:22:57,lht65-20,52.2507,5.97306,3.018,18.6,85.2,764
2026-07-04 18:42:57,lht65-20,52.2507,5.97306,3.018,18.42,86.8,250
2026-07-04 18:52:58,lht65-20,52.2507,5.97306,3.018,18.29,87.2,157
2026-07-04 19:02:58,lht65-20,52.2507,5.97306,3.016,18.17,88.8,461
2026-07-04 19:12:58,lht65-20,52.2507,5.97306,3.016,18.1,90.0,565
2026-07-04 19:22:57,lht65-20,52.2507,5.97306,3.016,18.06,91.6,245
2026-07-04 19:32:58,lht65-20,52.2507,5.97306,3.016,18.02,92.9,339
2026-07-04 19:42:58,lht65-20,52.2507,5.97306,3.016,17.94,92.6,178
2026-07-04 19:52:58,lht65-20,52.2507,5.97306,3.018,17.94,91.0,170
2026-07-04 20:02:57,lht65-20,52.2507,5.97306,3.016,17.95,90.4,66
2026-07-04 20:12:57,lht65-20,52.2507,5.97306,3.016,18.06,89.1,39
2026-07-04 20:22:57,lht65-20,52.2507,5.97306,3.016,18.19,87.4,17
2026-07-04 20:32:58,lht65-20,52.2507,5.97306,3.018,18.13,86.9,4
2026-07-04 20:42:59,lht65-20,52.2507,5.97306,3.016,18.06,87.0,0
2026-07-04 20:52:57,lht65-20,52.2507,5.97306,3.016,18.15,86.6,0
2026-07-04 21:02:58,lht65-20,52.2507,5.97306,3.016,18.0,86.6,0
2026-07-04 21:12:58,lht65-20,52.2507,5.97306,3.016,17.86,86.9,0
2026-07-04 21:22:57,lht65-20,52.2507,5.97306,3.016,17.82,86.9,0
2026-07-04 21:32:58,lht65-20,52.2507,5.97306,3.016,17.74,87.4,0
2026-07-04 21:42:57,lht65-20,52.2507,5.97306,3.016,17.8,87.1,0
2026-07-04 21:52:57,lht65-20,52.2507,5.97306,3.016,17.79,86.9,0
2026-07-04 22:02:58,lht65-20,52.2507,5.97306,3.016,17.79,86.8,0
2026-07-04 22:12:57,lht65-20,52.2507,5.97306,3.016,17.69,87.2,0
2026-07-04 22:22:58,lht65-20,52.2507,5.97306,3.016,17.69,87.2,0
2026-07-04 22:32:58,lht65-20,52.2507,5.97306,3.016,17.76,87.5,0
2026-07-04 22:42:57,lht65-20,52.2507,5.97306,3.014,17.94,87.1,0
2026-07-04 22:52:58,lht65-20,52.2507,5.97306,3.014,18.07,86.4,0
2026-07-04 23:02:57,lht65-20,52.2507,5.97306,3.016,18.12,86.2,0
2026-07-04 23:12:57,lht65-20,52.2507,5.97306,3.016,18.14,86.0,0
2026-07-04 23:22:58,lht65-20,52.2507,5.97306,3.016,18.06,85.7,0
2026-07-04 23:32:58,lht65-20,52.2507,5.97306,3.016,17.99,85.7,0
2026-07-04 23:42:57,lht65-20,52.2507,5.97306,3.016,17.97,85.6,0
2026-07-04 23:52:58,lht65-20,52.2507,5.97306,3.016,17.88,85.6,0
