dateTime,sensor,lat,lon,battery_V,T_out_C,RH_out_pct,lux
2026-06-04 00:03:01,lht65-20,52.2507,5.97306,2.991,14.36,93.2,0
2026-06-04 00:13:01,lht65-20,52.2507,5.97306,2.989,14.32,93.7,0
2026-06-04 00:22:54,lht65-20,52.2507,5.97306,2.991,14.33,93.5,0
2026-06-04 00:32:54,lht65-20,52.2507,5.97306,2.991,14.28,93.2,0
2026-06-04 00:42:54,lht65-20,52.2507,5.97306,2.991,14.22,93.0,0
2026-06-04 00:52:54,lht65-20,52.2507,5.97306,2.989,14.16,92.5,0
2026-06-04 01:02:54,lht65-20,52.2507,5.97306,2.989,14.1,92.2,0
2026-06-04 01:12:54,lht65-20,52.2507,5.97306,2.989,14.05,91.7,0
2026-06-04 01:22:54,lht65-20,52.2507,5.97306,2.989,13.98,91.5,0
2026-06-04 01:32:54,lht65-20,52.2507,5.97306,2.989,13.83,91.1,0
2026-06-04 01:42:54,lht65-20,52.2507,5.97306,2.989,13.61,91.7,0
2026-06-04 01:53:01,lht65-20,52.2507,5.97306,2.991,13.63,92.2,0
2026-06-04 02:13:01,lht65-20,52.2507,5.97306,2.989,13.74,91.4,0
2026-06-04 02:22:54,lht65-20,52.2507,5.97306,2.989,13.73,91.2,0
2026-06-04 02:32:54,lht65-20,52.2507,5.97306,2.989,13.72,91.0,0
2026-06-04 02:42:54,lht65-20,52.2507,5.97306,2.989,13.69,90.7,3
2026-06-04 02:53:01,lht65-20,52.2507,5.97306,2.987,13.71,91.0,6
2026-06-04 03:03:01,lht65-20,52.2507,5.97306,2.989,13.66,91.0,40
2026-06-04 03:13:01,lht65-20,52.2507,5.97306,2.987,13.48,91.8,108
2026-06-04 03:22:54,lht65-20,52.2507,5.97306,2.989,13.38,92.3,196
2026-06-04 03:32:54,lht65-20,52.2507,5.97306,2.989,13.37,92.9,330
2026-06-04 03:42:54,lht65-20,52.2507,5.97306,2.987,13.51,92.6,583
2026-06-04 03:53:08,lht65-20,52.2507,5.97306,2.989,13.61,92.3,647
2026-06-04 04:03:01,lht65-20,52.2507,5.97306,2.987,13.67,92.0,1045
2026-06-04 04:13:01,lht65-20,52.2507,5.97306,2.989,13.78,91.4,1321
2026-06-04 04:22:54,lht65-20,52.2507,5.97306,2.989,13.89,90.8,1350
2026-06-04 04:32:54,lht65-20,52.2507,5.97306,2.989,13.98,90.3,1520
2026-06-04 04:42:54,lht65-20,52.2507,5.97306,2.989,14.0,90.3,1440
2026-06-04 05:03:01,lht65-20,52.2507,5.97306,2.989,14.2,89.9,3193
2026-06-04 05:13:01,lht65-20,52.2507,5.97306,2.989,14.31,89.5,3761
2026-06-04 05:33:01,lht65-20,52.2507,5.97306,2.989,14.5,87.1,4797
2026-06-04 05:52:54,lht65-20,52.2507,5.97306,2.989,14.44,87.9,4195
2026-06-04 06:12:54,lht65-20,52.2507,5.97306,2.989,14.56,86.6,4593
2026-06-04 06:23:01,lht65-20,52.2507,5.97306,2.987,14.5,86.2,5904
2026-06-04 06:32:54,lht65-20,52.2507,5.97306,2.989,14.63,86.7,7048
2026-06-04 06:43:01,lht65-20,52.2507,5.97306,2.989,14.77,84.8,7696
2026-06-04 06:53:01,lht65-20,52.2507,5.97306,2.989,14.93,84.5,10215
2026-06-04 07:03:01,lht65-20,52.2507,5.97306,2.989,15.52,82.4,11654
2026-06-04 07:12:54,lht65-20,52.2507,5.97306,2.989,15.79,81.5,11548
2026-06-04 07:23:01,lht65-20,52.2507,5.97306,2.991,15.66,80.9,7795
2026-06-04 07:32:54,lht65-20,52.2507,5.97306,2.989,15.9,80.5,11755
2026-06-04 07:42:54,lht65-20,52.2507,5.97306,2.991,16.12,79.5,10928
2026-06-04 07:52:54,lht65-20,52.2507,5.97306,2.991,16.5,80.6,7270
2026-06-04 08:03:01,lht65-20,52.2507,5.97306,2.991,16.35,78.8,13670
2026-06-04 08:13:01,lht65-20,52.2507,5.97306,2.989,16.78,79.3,15511
2026-06-04 08:22:54,lht65-20,52.2507,5.97306,2.991,16.97,77.5,8796
2026-06-04 08:33:01,lht65-20,52.2507,5.97306,2.991,16.84,78.8,10706
2026-06-04 08:52:54,lht65-20,52.2507,5.97306,2.991,16.47,79.9,6220
2026-06-04 09:13:01,lht65-20,52.2507,5.97306,2.991,16.25,85.8,19163
2026-06-04 09:23:08,lht65-20,52.2507,5.97306,2.992,16.48,84.4,7487
2026-06-04 09:33:01,lht65-20,52.2507,5.97306,2.991,16.25,83.6,2164
2026-06-04 09:42:54,lht65-20,52.2507,5.97306,2.989,15.19,87.6,1475
2026-06-04 09:53:01,lht65-20,52.2507,5.97306,2.989,14.46,91.6,1731
2026-06-04 10:03:01,lht65-20,52.2507,5.97306,2.989,14.34,93.0,22329
2026-06-04 10:12:54,lht65-20,52.2507,5.97306,2.989,16.38,91.8,24530
2026-06-04 10:42:54,lht65-20,52.2507,5.97306,2.992,16.29,84.1,19916
2026-06-04 11:12:54,lht65-20,52.2507,5.97306,2.991,17.57,79.5,16980
2026-06-04 11:22:54,lht65-20,52.2507,5.97306,2.992,17.39,80.7,18368
2026-06-04 11:33:01,lht65-20,52.2507,5.97306,2.992,18.5,78.6,36961
2026-06-04 11:53:01,lht65-20,52.2507,5.97306,2.992,17.47,77.5,9507
2026-06-04 12:03:01,lht65-20,52.2507,5.97306,2.991,17.31,76.4,10975
2026-06-04 12:32:54,lht65-20,52.2507,5.97306,2.992,17.39,79.6,13790
2026-06-04 12:43:01,lht65-20,52.2507,5.97306,2.992,17.29,77.7,33937
2026-06-04 13:12:54,lht65-20,52.2507,5.97306,2.994,18.66,69.0,41063
2026-06-04 13:22:54,lht65-20,52.2507,5.97306,2.994,18.8,66.4,49421
2026-06-04 13:33:01,lht65-20,52.2507,5.97306,2.994,18.73,65.9,14889
2026-06-04 13:42:54,lht65-20,52.2507,5.97306,2.994,18.73,67.1,37685
2026-06-04 13:52:54,lht65-20,52.2507,5.97306,2.994,19.47,65.7,18089
2026-06-04 14:02:54,lht65-20,52.2507,5.97306,2.994,18.88,67.7,33227
2026-06-04 14:13:01,lht65-20,52.2507,5.97306,2.994,20.09,65.9,24050
2026-06-04 14:32:54,lht65-20,52.2507,5.97306,2.994,18.86,65.6,8919
2026-06-04 14:42:54,lht65-20,52.2507,5.97306,2.994,18.31,66.5,5878
2026-06-04 14:53:01,lht65-20,52.2507,5.97306,2.994,17.37,67.3,854
2026-06-04 15:12:54,lht65-20,52.2507,5.97306,2.989,13.76,87.8,2443
2026-06-04 15:23:01,lht65-20,52.2507,5.97306,2.989,14.05,91.4,16492
2026-06-04 15:32:54,lht65-20,52.2507,5.97306,2.989,15.67,89.1,32775
2026-06-04 15:42:54,lht65-20,52.2507,5.97306,2.991,16.84,82.6,28720
2026-06-04 16:02:54,lht65-20,52.2507,5.97306,2.991,17.5,75.6,26235
2026-06-04 16:13:01,lht65-20,52.2507,5.97306,2.994,17.87,74.8,25754
2026-06-04 16:33:01,lht65-20,52.2507,5.97306,2.994,18.39,67.6,23495
2026-06-04 16:43:01,lht65-20,52.2507,5.97306,2.994,18.17,68.3,8833
2026-06-04 16:53:01,lht65-20,52.2507,5.97306,2.992,17.14,69.4,2683
2026-06-04 17:12:54,lht65-20,52.2507,5.97306,2.992,18.25,64.3,25890
2026-06-04 17:23:01,lht65-20,52.2507,5.97306,2.994,18.27,65.7,21298
2026-06-04 17:52:54,lht65-20,52.2507,5.97306,2.994,17.3,66.4,3894
2026-06-04 18:02:54,lht65-20,52.2507,5.97306,2.992,16.63,68.7,2772
2026-06-04 18:13:01,lht65-20,52.2507,5.97306,2.992,16.38,69.2,2778
2026-06-04 18:32:54,lht65-20,52.2507,5.97306,2.991,16.25,66.4,2310
2026-06-04 18:43:01,lht65-20,52.2507,5.97306,2.991,16.05,67.6,2625
2026-06-04 18:52:54,lht65-20,52.2507,5.97306,2.991,15.89,68.2,1525
2026-06-04 19:12:54,lht65-20,52.2507,5.97306,2.989,15.55,70.2,619
2026-06-04 19:22:54,lht65-20,52.2507,5.97306,2.991,15.49,70.9,442
2026-06-04 19:52:54,lht65-20,52.2507,5.97306,2.989,15.02,74.7,144
2026-06-04 20:02:54,lht65-20,52.2507,5.97306,2.989,14.81,75.5,66
2026-06-04 20:13:01,lht65-20,52.2507,5.97306,2.989,14.59,76.9,21
2026-06-04 20:33:01,lht65-20,52.2507,5.97306,2.987,14.11,79.4,1
2026-06-04 20:42:54,lht65-20,52.2507,5.97306,2.989,13.96,80.6,0
2026-06-04 20:53:01,lht65-20,52.2507,5.97306,2.987,13.8,81.0,0
2026-06-04 21:22:54,lht65-20,52.2507,5.97306,2.987,13.43,83.0,0
2026-06-04 21:32:54,lht65-20,52.2507,5.97306,2.987,13.41,82.9,0
2026-06-04 21:42:54,lht65-20,52.2507,5.97306,2.987,13.87,79.6,0
2026-06-04 21:53:01,lht65-20,52.2507,5.97306,2.987,13.98,78.7,0
2026-06-04 22:02:54,lht65-20,52.2507,5.97306,2.989,14.03,78.2,0
2026-06-04 22:12:54,lht65-20,52.2507,5.97306,2.987,13.77,79.5,0
2026-06-04 22:23:01,lht65-20,52.2507,5.97306,2.987,13.57,80.7,0
2026-06-04 22:33:01,lht65-20,52.2507,5.97306,2.987,13.52,80.9,0
2026-06-04 22:42:54,lht65-20,52.2507,5.97306,2.987,13.42,81.1,0
2026-06-04 22:52:54,lht65-20,52.2507,5.97306,2.987,13.4,81.1,0
2026-06-04 23:02:54,lht65-20,52.2507,5.97306,2.987,13.42,81.2,0
2026-06-04 23:13:01,lht65-20,52.2507,5.97306,2.987,13.51,81.1,0
2026-06-04 23:23:01,lht65-20,52.2507,5.97306,2.987,13.45,81.6,0
2026-06-04 23:32:54,lht65-20,52.2507,5.97306,2.985,13.45,81.8,0
2026-06-04 23:42:54,lht65-20,52.2507,5.97306,2.987,13.59,81.4,0
2026-06-05 00:02:54,lht65-20,52.2507,5.97306,2.987,13.38,82.4,0
2026-06-05 00:13:01,lht65-20,52.2507,5.97306,2.985,13.33,82.9,0
2026-06-05 00:22:54,lht65-20,52.2507,5.97306,2.987,13.29,83.4,0
2026-06-05 00:33:01,lht65-20,52.2507,5.97306,2.987,13.34,83.5,0
2026-06-05 00:42:54,lht65-20,52.2507,5.97306,2.985,13.36,83.8,0
2026-06-05 00:52:54,lht65-20,52.2507,5.97306,2.987,13.42,84.0,0
2026-06-05 01:03:01,lht65-20,52.2507,5.97306,2.987,13.46,84.0,0
2026-06-05 01:12:54,lht65-20,52.2507,5.97306,2.987,13.61,83.7,0
2026-06-05 01:23:01,lht65-20,52.2507,5.97306,2.987,13.71,83.5,0
2026-06-05 01:33:01,lht65-20,52.2507,5.97306,2.987,13.96,83.1,0
2026-06-05 01:43:01,lht65-20,52.2507,5.97306,2.987,14.07,82.9,0
2026-06-05 01:53:01,lht65-20,52.2507,5.97306,2.989,13.9,84.9,0
2026-06-05 02:02:54,lht65-20,52.2507,5.97306,2.987,13.72,86.5,0
2026-06-05 02:12:54,lht65-20,52.2507,5.97306,2.987,13.58,87.7,0
2026-06-05 02:22:54,lht65-20,52.2507,5.97306,2.987,13.43,88.8,0
2026-06-05 02:32:54,lht65-20,52.2507,5.97306,2.987,13.23,89.8,0
2026-06-05 02:42:54,lht65-20,52.2507,5.97306,2.987,13.18,90.1,4
2026-06-05 02:52:54,lht65-20,52.2507,5.97306,2.987,13.23,90.0,10
2026-06-05 03:03:01,lht65-20,52.2507,5.97306,2.987,13.3,89.6,41
2026-06-05 03:13:01,lht65-20,52.2507,5.97306,2.987,13.36,89.1,132
2026-06-05 03:23:01,lht65-20,52.2507,5.97306,2.987,13.33,88.5,232
2026-06-05 03:33:01,lht65-20,52.2507,5.97306,2.985,13.46,88.3,483
2026-06-05 03:52:54,lht65-20,52.2507,5.97306,2.985,13.69,87.0,1232
2026-06-05 04:02:54,lht65-20,52.2507,5.97306,2.985,13.83,86.8,1555
2026-06-05 04:12:54,lht65-20,52.2507,5.97306,2.987,13.97,86.4,2545
2026-06-05 04:23:01,lht65-20,52.2507,5.97306,2.987,14.26,85.0,4212
2026-06-05 04:33:01,lht65-20,52.2507,5.97306,2.987,14.76,83.7,4785
2026-06-05 04:43:08,lht65-20,52.2507,5.97306,2.987,14.56,83.5,4764
2026-06-05 05:02:54,lht65-20,52.2507,5.97306,2.987,14.46,86.3,4167
2026-06-05 05:13:08,lht65-20,52.2507,5.97306,2.987,13.98,88.8,2963
2026-06-05 05:23:09,lht65-20,52.2507,5.97306,2.987,13.97,89.7,5860
2026-06-05 05:32:54,lht65-20,52.2507,5.97306,2.985,13.97,90.6,5736
2026-06-05 05:42:54,lht65-20,52.2507,5.97306,2.987,13.89,91.1,4456
2026-06-05 05:53:08,lht65-20,52.2507,5.97306,2.987,13.85,91.9,5233
2026-06-05 06:33:08,lht65-20,52.2507,5.97306,2.985,13.51,94.2,3986
2026-06-05 06:43:08,lht65-20,52.2507,5.97306,2.983,13.54,94.4,3289
2026-06-05 07:02:54,lht65-20,52.2507,5.97306,2.983,13.51,94.6,5345
2026-06-05 07:13:01,lht65-20,52.2507,5.97306,2.985,13.74,94.8,9256
2026-06-05 07:22:54,lht65-20,52.2507,5.97306,2.985,14.04,94.4,11002
2026-06-05 07:32:54,lht65-20,52.2507,5.97306,2.985,14.36,93.6,13695
2026-06-05 07:43:01,lht65-20,52.2507,5.97306,2.983,15.07,91.9,20626
2026-06-05 08:02:54,lht65-20,52.2507,5.97306,2.985,15.21,90.0,6566
2026-06-05 08:12:54,lht65-20,52.2507,5.97306,2.985,14.98,90.8,9120
2026-06-05 08:23:01,lht65-20,52.2507,5.97306,2.987,15.01,92.2,7563
2026-06-05 08:33:01,lht65-20,52.2507,5.97306,2.985,15.13,91.7,10095
2026-06-05 08:42:54,lht65-20,52.2507,5.97306,2.987,15.13,90.9,9724
2026-06-05 09:03:01,lht65-20,52.2507,5.97306,2.987,15.65,88.2,23183
2026-06-05 09:13:08,lht65-20,52.2507,5.97306,2.987,16.14,89.0,38169
2026-06-05 09:32:54,lht65-20,52.2507,5.97306,2.987,17.72,77.9,15610
2026-06-05 09:43:01,lht65-20,52.2507,5.97306,2.987,16.96,81.3,28974
2026-06-05 09:52:54,lht65-20,52.2507,5.97306,2.987,16.76,82.3,8837
2026-06-05 10:03:01,lht65-20,52.2507,5.97306,2.987,16.04,84.7,5006
2026-06-05 10:12:54,lht65-20,52.2507,5.97306,2.987,15.65,86.1,6835
2026-06-05 10:23:09,lht65-20,52.2507,5.97306,2.987,15.67,88.3,4479
2026-06-05 10:33:08,lht65-20,52.2507,5.97306,2.987,15.38,88.5,8230
2026-06-05 10:43:08,lht65-20,52.2507,5.97306,2.985,15.82,88.0,17184
2026-06-05 10:53:02,lht65-20,52.2507,5.97306,2.987,17.08,84.2,48740
2026-06-05 11:02:54,lht65-20,52.2507,5.97306,2.989,17.59,78.5,9594
2026-06-05 11:13:01,lht65-20,52.2507,5.97306,2.987,16.94,81.8,12696
2026-06-05 11:23:01,lht65-20,52.2507,5.97306,2.989,17.42,78.2,10122
2026-06-05 11:32:54,lht65-20,52.2507,5.97306,2.987,16.72,83.4,7619
2026-06-05 11:52:54,lht65-20,52.2507,5.97306,2.987,16.47,84.8,11845
2026-06-05 12:12:54,lht65-20,52.2507,5.97306,2.987,17.97,78.8,43427
2026-06-05 12:32:54,lht65-20,52.2507,5.97306,2.989,18.53,74.9,42985
2026-06-05 12:53:01,lht65-20,52.2507,5.97306,2.989,20.13,70.0,13211
2026-06-05 13:12:54,lht65-20,52.2507,5.97306,2.989,19.99,66.1,13024
2026-06-05 13:22:54,lht65-20,52.2507,5.97306,2.989,18.98,68.3,11470
2026-06-05 13:52:54,lht65-20,52.2507,5.97306,2.992,21.42,54.6,21223
2026-06-05 14:32:54,lht65-20,52.2507,5.97306,2.992,19.81,60.2,6964
2026-06-05 14:42:54,lht65-20,52.2507,5.97306,2.991,19.42,59.0,8225
2026-06-05 14:53:01,lht65-20,52.2507,5.97306,2.991,18.32,66.9,4987
2026-06-05 15:12:54,lht65-20,52.2507,5.97306,2.989,17.21,71.6,15741
2026-06-05 15:23:01,lht65-20,52.2507,5.97306,2.991,17.42,71.1,9988
2026-06-05 15:32:54,lht65-20,52.2507,5.97306,2.989,17.12,73.5,8596
2026-06-05 15:42:54,lht65-20,52.2507,5.97306,2.989,17.11,75.1,8199
2026-06-05 16:13:01,lht65-20,52.2507,5.97306,2.989,16.22,76.3,3136
2026-06-05 16:22:54,lht65-20,52.2507,5.97306,2.989,15.92,80.0,2634
2026-06-05 16:32:54,lht65-20,52.2507,5.97306,2.989,15.58,81.6,2780
2026-06-05 16:43:01,lht65-20,52.2507,5.97306,2.989,15.67,82.7,4801
2026-06-05 16:53:01,lht65-20,52.2507,5.97306,2.989,15.94,80.9,3049
2026-06-05 17:12:54,lht65-20,52.2507,5.97306,2.989,15.92,82.3,2136
2026-06-05 17:22:54,lht65-20,52.2507,5.97306,2.989,15.8,83.6,1588
2026-06-05 17:52:54,lht65-20,52.2507,5.97306,2.989,15.1,87.3,425
2026-06-05 18:13:01,lht65-20,52.2507,5.97306,2.987,14.54,89.1,478
2026-06-05 18:33:01,lht65-20,52.2507,5.97306,2.985,14.26,90.0,527
2026-06-05 18:43:01,lht65-20,52.2507,5.97306,2.987,14.18,91.6,646
2026-06-05 18:52:54,lht65-20,52.2507,5.97306,2.987,14.09,91.8,601
2026-06-05 19:02:54,lht65-20,52.2507,5.97306,2.985,14.05,93.0,405
2026-06-05 19:12:54,lht65-20,52.2507,5.97306,2.985,14.02,93.7,255
2026-06-05 19:22:54,lht65-20,52.2507,5.97306,2.987,13.98,94.2,238
2026-06-05 19:33:01,lht65-20,52.2507,5.97306,2.985,13.97,94.5,166
2026-06-05 19:42:54,lht65-20,52.2507,5.97306,2.987,13.9,94.8,120
2026-06-05 19:52:54,lht65-20,52.2507,5.97306,2.985,13.76,95.0,75
2026-06-05 20:03:01,lht65-20,52.2507,5.97306,2.985,13.71,95.4,31
2026-06-05 20:13:01,lht65-20,52.2507,5.97306,2.985,13.69,95.6,10
2026-06-05 20:43:02,lht65-20,52.2507,5.97306,2.985,13.61,96.3,0
2026-06-05 21:13:02,lht65-20,52.2507,5.97306,2.983,13.25,96.7,0
2026-06-05 21:23:02,lht65-20,52.2507,5.97306,2.983,13.22,96.8,0
2026-06-05 21:33:02,lht65-20,52.2507,5.97306,2.983,13.31,97.0,0
2026-06-05 21:43:02,lht65-20,52.2507,5.97306,2.983,13.39,97.2,0
2026-06-05 21:52:55,lht65-20,52.2507,5.97306,2.983,13.39,97.3,0
2026-06-05 22:13:02,lht65-20,52.2507,5.97306,2.983,13.41,97.6,0
2026-06-05 22:22:55,lht65-20,52.2507,5.97306,2.983,13.52,97.7,0
2026-06-05 22:33:02,lht65-20,52.2507,5.97306,2.983,13.52,97.7,0
2026-06-05 22:42:55,lht65-20,52.2507,5.97306,2.983,13.52,97.8,0
2026-06-05 22:53:02,lht65-20,52.2507,5.97306,2.983,13.47,97.9,0
2026-06-05 23:02:55,lht65-20,52.2507,5.97306,2.983,13.42,97.9,0
2026-06-05 23:13:02,lht65-20,52.2507,5.97306,2.983,13.36,98.0,0
2026-06-05 23:22:55,lht65-20,52.2507,5.97306,2.983,13.31,98.0,0
2026-06-05 23:32:55,lht65-20,52.2507,5.97306,2.983,13.14,98.1,0
2026-06-05 23:42:55,lht65-20,52.2507,5.97306,2.983,13.09,98.1,0
2026-06-05 23:53:02,lht65-20,52.2507,5.97306,2.983,13.11,98.1,0
2026-06-06 00:02:55,lht65-20,52.2507,5.97306,2.983,12.85,98.1,0
2026-06-06 00:12:55,lht65-20,52.2507,5.97306,2.983,12.95,98.2,0
2026-06-06 00:22:55,lht65-20,52.2507,5.97306,2.983,12.98,98.2,0
2026-06-06 00:33:02,lht65-20,52.2507,5.97306,2.983,12.99,98.3,0
2026-06-06 00:42:55,lht65-20,52.2507,5.97306,2.983,12.89,98.3,0
2026-06-06 00:52:55,lht65-20,52.2507,5.97306,2.983,12.5,98.3,0
2026-06-06 01:02:55,lht65-20,52.2507,5.97306,2.982,12.27,98.4,0
2026-06-06 01:13:02,lht65-20,52.2507,5.97306,2.983,12.18,98.4,0
2026-06-06 01:23:02,lht65-20,52.2507,5.97306,2.983,11.81,98.4,0
2026-06-06 01:33:02,lht65-20,52.2507,5.97306,2.98,11.44,98.4,0
2026-06-06 01:42:55,lht65-20,52.2507,5.97306,2.98,11.18,98.3,0
2026-06-06 01:52:55,lht65-20,52.2507,5.97306,2.98,11.18,98.4,0
2026-06-06 02:12:55,lht65-20,52.2507,5.97306,2.978,10.2,98.3,0
2026-06-06 02:22:55,lht65-20,52.2507,5.97306,2.976,9.91,98.2,0
2026-06-06 02:32:55,lht65-20,52.2507,5.97306,2.976,9.9,98.2,1
2026-06-06 02:43:02,lht65-20,52.2507,5.97306,2.976,9.72,98.2,7
2026-06-06 02:52:55,lht65-20,52.2507,5.97306,2.976,9.72,98.2,22
2026-06-06 03:03:09,lht65-20,52.2507,5.97306,2.976,9.34,98.3,62
2026-06-06 03:13:02,lht65-20,52.2507,5.97306,2.976,9.16,98.3,166
2026-06-06 03:23:02,lht65-20,52.2507,5.97306,2.975,9.37,98.3,314
2026-06-06 03:32:55,lht65-20,52.2507,5.97306,2.976,9.74,98.4,607
2026-06-06 03:43:02,lht65-20,52.2507,5.97306,2.976,10.01,98.4,1106
2026-06-06 03:52:55,lht65-20,52.2507,5.97306,2.975,10.19,98.5,1675
2026-06-06 04:02:55,lht65-20,52.2507,5.97306,2.976,10.4,98.6,2345
2026-06-06 04:12:55,lht65-20,52.2507,5.97306,2.976,11.35,98.7,4800
2026-06-06 04:23:02,lht65-20,52.2507,5.97306,2.978,11.94,98.8,6484
2026-06-06 04:32:55,lht65-20,52.2507,5.97306,2.978,12.23,98.7,3947
2026-06-06 04:52:55,lht65-20,52.2507,5.97306,2.98,12.34,98.5,4714
2026-06-06 05:02:55,lht65-20,52.2507,5.97306,2.98,12.45,98.3,4198
2026-06-06 05:12:55,lht65-20,52.2507,5.97306,2.98,12.6,97.9,4922
2026-06-06 05:42:55,lht65-20,52.2507,5.97306,2.98,13.25,95.1,6062
2026-06-06 05:52:55,lht65-20,52.2507,5.97306,2.983,13.61,93.5,12944
2026-06-06 06:02:55,lht65-20,52.2507,5.97306,2.983,14.27,91.1,11771
2026-06-06 06:12:55,lht65-20,52.2507,5.97306,2.983,14.47,88.9,9513
2026-06-06 07:02:55,lht65-20,52.2507,5.97306,2.985,16.44,81.1,20395
2026-06-06 07:12:55,lht65-20,52.2507,5.97306,2.987,17.15,78.0,23110
2026-06-06 07:23:02,lht65-20,52.2507,5.97306,2.987,17.41,75.5,19722
2026-06-06 07:42:55,lht65-20,52.2507,5.97306,2.987,17.41,74.0,17629
2026-06-06 07:52:55,lht65-20,52.2507,5.97306,2.987,17.59,73.7,18248
2026-06-06 08:03:09,lht65-20,52.2507,5.97306,2.987,17.72,70.2,19790
2026-06-06 08:12:55,lht65-20,52.2507,5.97306,2.987,17.9,69.9,20300
2026-06-06 08:33:02,lht65-20,52.2507,5.97306,2.989,18.09,69.4,18502
2026-06-06 08:43:02,lht65-20,52.2507,5.97306,2.987,18.06,65.5,20113
2026-06-06 08:52:55,lht65-20,52.2507,5.97306,2.987,18.54,68.2,23537
2026-06-06 09:02:55,lht65-20,52.2507,5.97306,2.987,19.05,62.9,21945
2026-06-06 09:12:55,lht65-20,52.2507,5.97306,2.989,18.93,62.4,23419
2026-06-06 09:22:55,lht65-20,52.2507,5.97306,2.989,19.17,63.8,20659
2026-06-06 09:32:55,lht65-20,52.2507,5.97306,2.989,18.96,61.1,22730
2026-06-06 09:43:02,lht65-20,52.2507,5.97306,2.987,19.61,60.7,36189
2026-06-06 09:52:55,lht65-20,52.2507,5.97306,2.989,20.07,57.9,34091
2026-06-06 10:02:55,lht65-20,52.2507,5.97306,2.989,20.07,56.9,41161
2026-06-06 10:12:55,lht65-20,52.2507,5.97306,2.989,20.2,57.0,28375
2026-06-06 10:22:55,lht65-20,52.2507,5.97306,2.989,19.96,56.1,32507
2026-06-06 10:42:55,lht65-20,52.2507,5.97306,2.989,20.48,54.8,39922
2026-06-06 10:52:55,lht65-20,52.2507,5.97306,2.991,20.96,56.0,48460
2026-06-06 11:03:02,lht65-20,52.2507,5.97306,2.992,20.96,52.5,49265
2026-06-06 11:12:55,lht65-20,52.2507,5.97306,2.991,21.51,49.1,18040
2026-06-06 11:32:55,lht65-20,52.2507,5.97306,2.992,20.67,48.4,22370
2026-06-06 11:43:02,lht65-20,52.2507,5.97306,2.991,20.86,48.1,20000
2026-06-06 12:02:55,lht65-20,52.2507,5.97306,2.989,20.62,55.6,17813
2026-06-06 12:12:55,lht65-20,52.2507,5.97306,2.991,20.99,48.3,20209
2026-06-06 12:23:02,lht65-20,52.2507,5.97306,2.992,20.92,52.5,19414
2026-06-06 12:33:02,lht65-20,52.2507,5.97306,2.992,21.3,47.1,17056
2026-06-06 12:42:55,lht65-20,52.2507,5.97306,2.992,20.76,49.1,24069
2026-06-06 12:53:02,lht65-20,52.2507,5.97306,2.994,21.84,49.3,36574
2026-06-06 13:03:02,lht65-20,52.2507,5.97306,2.994,21.42,48.9,18826
2026-06-06 13:12:55,lht65-20,52.2507,5.97306,2.992,21.14,53.2,15360
2026-06-06 13:22:55,lht65-20,52.2507,5.97306,2.992,20.76,51.5,9428
2026-06-06 13:32:55,lht65-20,52.2507,5.97306,2.992,20.47,52.2,12921
2026-06-06 13:43:02,lht65-20,52.2507,5.97306,2.992,20.2,52.7,8770
2026-06-06 13:52:55,lht65-20,52.2507,5.97306,2.994,20.4,51.2,22381
2026-06-06 14:02:55,lht65-20,52.2507,5.97306,2.992,20.71,52.9,12027
2026-06-06 14:12:55,lht65-20,52.2507,5.97306,2.994,20.46,50.9,13864
2026-06-06 14:23:02,lht65-20,52.2507,5.97306,2.994,20.73,54.3,16615
2026-06-06 14:32:55,lht65-20,52.2507,5.97306,2.991,20.56,56.4,17575
2026-06-06 14:53:02,lht65-20,52.2507,5.97306,2.994,20.44,53.6,8706
2026-06-06 15:13:02,lht65-20,52.2507,5.97306,2.994,20.17,62.9,16954
2026-06-06 15:22:55,lht65-20,52.2507,5.97306,2.992,20.27,61.3,14107
2026-06-06 15:32:55,lht65-20,52.2507,5.97306,2.994,19.96,60.3,6633
2026-06-06 15:43:02,lht65-20,52.2507,5.97306,2.994,19.18,63.6,1695
2026-06-06 15:52:55,lht65-20,52.2507,5.97306,2.991,18.54,67.0,3598
2026-06-06 16:02:55,lht65-20,52.2507,5.97306,2.992,18.32,68.7,6673
2026-06-06 16:13:09,lht65-20,52.2507,5.97306,2.992,18.54,67.8,5560
2026-06-06 16:22:55,lht65-20,52.2507,5.97306,2.992,18.32,68.6,2233
2026-06-06 16:33:02,lht65-20,52.2507,5.97306,2.992,18.13,72.5,4049
2026-06-06 16:43:02,lht65-20,52.2507,5.97306,2.991,18.12,71.8,4253
2026-06-06 16:53:02,lht65-20,52.2507,5.97306,2.992,18.5,57.6,4675
2026-06-06 17:02:55,lht65-20,52.2507,5.97306,2.991,18.03,63.6,6474
2026-06-06 17:12:55,lht65-20,52.2507,5.97306,2.989,17.62,68.7,13381
2026-06-06 17:22:55,lht65-20,52.2507,5.97306,2.989,17.38,69.8,5195
2026-06-06 17:33:02,lht65-20,52.2507,5.97306,2.991,17.35,71.5,20985
2026-06-06 17:43:02,lht65-20,52.2507,5.97306,2.989,17.33,69.2,15936
2026-06-06 18:02:55,lht65-20,52.2507,5.97306,2.989,16.95,70.4,4035
2026-06-06 18:23:02,lht65-20,52.2507,5.97306,2.989,17.09,70.1,3872
2026-06-06 18:33:02,lht65-20,52.2507,5.97306,2.989,16.91,70.4,2976
2026-06-06 18:53:02,lht65-20,52.2507,5.97306,2.989,16.85,70.9,771
2026-06-06 19:03:02,lht65-20,52.2507,5.97306,2.989,16.79,71.2,665
2026-06-06 19:13:02,lht65-20,52.2507,5.97306,2.991,16.78,71.1,380
2026-06-06 19:22:55,lht65-20,52.2507,5.97306,2.989,16.67,72.8,175
2026-06-06 19:32:55,lht65-20,52.2507,5.97306,2.989,16.47,75.6,106
2026-06-06 19:42:55,lht65-20,52.2507,5.97306,2.989,15.65,82.9,40
2026-06-06 19:53:09,lht65-20,52.2507,5.97306,2.987,15.07,86.6,34
2026-06-06 20:02:55,lht65-20,52.2507,5.97306,2.987,14.71,88.5,16
2026-06-06 20:13:02,lht65-20,52.2507,5.97306,2.987,14.54,89.2,6
2026-06-06 20:23:02,lht65-20,52.2507,5.97306,2.987,14.46,88.4,2
2026-06-06 20:32:55,lht65-20,52.2507,5.97306,2.987,14.39,88.1,0
2026-06-06 20:42:55,lht65-20,52.2507,5.97306,2.987,14.27,87.8,0
2026-06-06 20:53:02,lht65-20,52.2507,5.97306,2.987,14.22,87.0,0
2026-06-06 21:02:55,lht65-20,52.2507,5.97306,2.985,14.22,86.6,0
2026-06-06 21:22:55,lht65-20,52.2507,5.97306,2.987,14.25,87.4,0
2026-06-06 21:33:02,lht65-20,52.2507,5.97306,2.987,14.3,88.0,0
2026-06-06 21:42:55,lht65-20,52.2507,5.97306,2.987,14.29,88.5,0
2026-06-06 21:52:55,lht65-20,52.2507,5.97306,2.987,14.29,88.4,0
2026-06-06 22:13:02,lht65-20,52.2507,5.97306,2.985,14.25,87.4,0
2026-06-06 22:22:55,lht65-20,52.2507,5.97306,2.987,14.13,87.4,0
2026-06-06 22:32:55,lht65-20,52.2507,5.97306,2.987,14.02,87.6,0
2026-06-06 22:43:02,lht65-20,52.2507,5.97306,2.987,14.01,87.5,0
2026-06-06 22:52:55,lht65-20,52.2507,5.97306,2.985,13.91,87.4,0
2026-06-06 23:12:55,lht65-20,52.2507,5.97306,2.985,13.86,85.5,0
2026-06-06 23:22:55,lht65-20,52.2507,5.97306,2.985,13.84,85.7,0
2026-06-06 23:33:02,lht65-20,52.2507,5.97306,2.985,13.8,87.2,0
2026-06-06 23:42:55,lht65-20,52.2507,5.97306,2.983,13.57,88.8,0
2026-06-06 23:53:02,lht65-20,52.2507,5.97306,2.985,13.39,90.4,0
2026-06-07 00:03:02,lht65-20,52.2507,5.97306,2.983,13.28,90.8,0
2026-06-07 00:12:55,lht65-20,52.2507,5.97306,2.983,13.32,89.7,0
2026-06-07 00:22:55,lht65-20,52.2507,5.97306,2.983,13.27,89.5,0
2026-06-07 00:32:55,lht65-20,52.2507,5.97306,2.983,13.11,91.0,0
2026-06-07 00:43:02,lht65-20,52.2507,5.97306,2.983,12.87,92.3,0
2026-06-07 00:53:09,lht65-20,52.2507,5.97306,2.983,12.81,91.7,0
2026-06-07 01:02:55,lht65-20,52.2507,5.97306,2.983,12.79,91.7,0
2026-06-07 01:13:02,lht65-20,52.2507,5.97306,2.983,12.82,91.3,0
2026-06-07 01:22:55,lht65-20,52.2507,5.97306,2.983,12.84,90.4,0
2026-06-07 01:33:02,lht65-20,52.2507,5.97306,2.983,12.83,89.9,0
2026-06-07 01:43:02,lht65-20,52.2507,5.97306,2.983,12.83,89.4,0
2026-06-07 01:52:55,lht65-20,52.2507,5.97306,2.983,12.87,88.8,0
2026-06-07 02:02:55,lht65-20,52.2507,5.97306,2.983,12.91,88.4,0
2026-06-07 02:13:02,lht65-20,52.2507,5.97306,2.983,12.97,88.0,0
2026-06-07 02:22:55,lht65-20,52.2507,5.97306,2.983,12.86,88.8,0
2026-06-07 02:42:55,lht65-20,52.2507,5.97306,2.983,12.68,90.2,2
2026-06-07 03:02:55,lht65-20,52.2507,5.97306,2.983,12.42,92.3,20
2026-06-07 03:32:55,lht65-20,52.2507,5.97306,2.98,12.23,94.3,88
2026-06-07 04:52:55,lht65-20,52.2507,5.97306,2.98,12.44,96.0,1551
2026-06-07 05:02:55,lht65-20,52.2507,5.97306,2.98,12.5,96.1,1229
2026-06-07 06:12:55,lht65-20,52.2507,5.97306,2.983,12.82,96.5,1691
2026-06-07 06:42:55,lht65-20,52.2507,5.97306,2.983,12.97,96.6,2397
2026-06-07 07:32:55,lht65-20,52.2507,5.97306,2.983,13.12,96.8,5841
2026-06-07 07:42:55,lht65-20,52.2507,5.97306,2.983,13.3,96.7,6099
2026-06-07 07:53:02,lht65-20,52.2507,5.97306,2.983,13.47,96.4,5663
2026-06-07 08:33:09,lht65-20,52.2507,5.97306,2.983,14.16,95.0,19470
2026-06-07 08:42:55,lht65-20,52.2507,5.97306,2.983,14.35,94.0,11346
2026-06-07 08:53:02,lht65-20,52.2507,5.97306,2.983,14.26,93.2,7687
2026-06-07 09:03:02,lht65-20,52.2507,5.97306,2.983,14.11,93.3,7253
2026-06-07 09:33:02,lht65-20,52.2507,5.97306,2.983,14.22,93.1,6519
2026-06-07 09:43:09,lht65-20,52.2507,5.97306,2.983,14.02,93.5,8010
2026-06-07 10:03:09,lht65-20,52.2507,5.97306,2.983,14.24,93.5,11505
2026-06-07 10:13:02,lht65-20,52.2507,5.97306,2.983,14.49,92.6,16385
2026-06-07 10:23:09,lht65-20,52.2507,5.97306,2.983,14.76,91.0,16906
2026-06-07 10:33:02,lht65-20,52.2507,5.97306,2.983,15.74,88.1,35537
2026-06-07 10:52:55,lht65-20,52.2507,5.97306,2.983,16.19,86.3,21290
2026-06-07 11:03:09,lht65-20,52.2507,5.97306,2.985,16.5,86.0,22202
2026-06-07 11:13:09,lht65-20,52.2507,5.97306,2.985,16.23,83.5,7346
2026-06-07 11:22:55,lht65-20,52.2507,5.97306,2.985,15.63,85.5,17194
2026-06-07 11:43:02,lht65-20,52.2507,5.97306,2.985,16.74,82.5,14031
2026-06-07 11:52:55,lht65-20,52.2507,5.97306,2.987,16.36,82.3,6128
2026-06-07 12:12:55,lht65-20,52.2507,5.97306,2.987,17.28,80.7,26647
2026-06-07 12:22:55,lht65-20,52.2507,5.97306,2.987,17.87,75.6,18790
2026-06-07 12:33:09,lht65-20,52.2507,5.97306,2.987,17.48,77.8,17045
2026-06-07 12:42:55,lht65-20,52.2507,5.97306,2.987,17.69,74.0,9837
2026-06-07 12:53:02,lht65-20,52.2507,5.97306,2.987,17.26,78.2,10526
2026-06-07 13:03:02,lht65-20,52.2507,5.97306,2.987,17.5,76.4,17590
2026-06-07 13:33:02,lht65-20,52.2507,5.97306,2.987,19.08,67.8,38502
2026-06-07 13:43:09,lht65-20,52.2507,5.97306,2.989,19.98,66.7,17005
2026-06-07 13:53:09,lht65-20,52.2507,5.97306,2.987,19.03,63.5,12638
2026-06-07 14:02:55,lht65-20,52.2507,5.97306,2.987,19.1,64.6,31936
2026-06-07 14:12:55,lht65-20,52.2507,5.97306,2.989,19.13,63.9,16701
2026-06-07 14:23:02,lht65-20,52.2507,5.97306,2.987,19.29,61.0,23377
2026-06-07 14:33:02,lht65-20,52.2507,5.97306,2.987,19.77,60.2,36467
2026-06-07 14:43:02,lht65-20,52.2507,5.97306,2.987,19.73,58.6,14552
2026-06-07 14:52:55,lht65-20,52.2507,5.97306,2.987,19.57,58.1,13270
2026-06-07 15:02:55,lht65-20,52.2507,5.97306,2.989,19.46,63.5,28800
2026-06-07 15:13:09,lht65-20,52.2507,5.97306,2.989,19.63,58.8,20173
2026-06-07 15:23:02,lht65-20,52.2507,5.97306,2.987,18.91,57.9,15038
2026-06-07 15:42:55,lht65-20,52.2507,5.97306,2.989,19.19,62.1,33193
2026-06-07 15:53:02,lht65-20,52.2507,5.97306,2.989,19.99,56.5,32373
2026-06-07 16:13:02,lht65-20,52.2507,5.97306,2.989,19.37,57.5,29665
2026-06-07 16:33:02,lht65-20,52.2507,5.97306,2.989,18.74,61.7,7785
2026-06-07 16:53:02,lht65-20,52.2507,5.97306,2.987,18.46,63.8,6853
2026-06-07 17:02:55,lht65-20,52.2507,5.97306,2.989,18.49,64.6,8711
2026-06-07 17:13:02,lht65-20,52.2507,5.97306,2.989,18.45,62.6,7715
2026-06-07 17:22:55,lht65-20,52.2507,5.97306,2.989,18.17,65.9,4880
2026-06-07 17:33:02,lht65-20,52.2507,5.97306,2.987,18.01,67.4,4651
2026-06-07 17:42:55,lht65-20,52.2507,5.97306,2.989,17.94,66.3,3900
2026-06-07 17:53:02,lht65-20,52.2507,5.97306,2.989,17.77,68.2,2592
2026-06-07 18:23:02,lht65-20,52.2507,5.97306,2.989,17.42,69.7,1313
2026-06-07 18:33:02,lht65-20,52.2507,5.97306,2.989,17.33,68.9,1230
2026-06-07 18:53:02,lht65-20,52.2507,5.97306,2.989,17.22,72.0,825
2026-06-07 19:02:55,lht65-20,52.2507,5.97306,2.987,17.14,72.0,546
2026-06-07 19:12:55,lht65-20,52.2507,5.97306,2.987,17.0,72.6,416
2026-06-07 19:22:55,lht65-20,52.2507,5.97306,2.987,17.02,71.7,328
2026-06-07 19:32:55,lht65-20,52.2507,5.97306,2.987,16.95,72.3,201
2026-06-07 19:53:02,lht65-20,52.2507,5.97306,2.989,16.8,72.0,77
2026-06-07 20:03:02,lht65-20,52.2507,5.97306,2.987,16.8,72.1,36
2026-06-07 20:23:02,lht65-20,52.2507,5.97306,2.987,16.62,73.6,4
2026-06-07 20:33:02,lht65-20,52.2507,5.97306,2.987,16.52,74.0,0
2026-06-07 20:43:02,lht65-20,52.2507,5.97306,2.989,16.49,74.8,0
2026-06-07 20:52:55,lht65-20,52.2507,5.97306,2.987,16.39,74.7,0
2026-06-07 21:03:02,lht65-20,52.2507,5.97306,2.987,16.34,75.2,0
2026-06-07 21:13:02,lht65-20,52.2507,5.97306,2.987,16.21,75.6,0
2026-06-07 21:23:02,lht65-20,52.2507,5.97306,2.987,16.07,76.4,0
2026-06-07 21:42:55,lht65-20,52.2507,5.97306,2.987,15.41,78.8,0
2026-06-07 21:53:02,lht65-20,52.2507,5.97306,2.987,15.1,79.9,0
2026-06-07 22:02:55,lht65-20,52.2507,5.97306,2.987,15.03,80.7,0
2026-06-07 22:13:02,lht65-20,52.2507,5.97306,2.987,15.14,80.9,0
2026-06-07 22:33:02,lht65-20,52.2507,5.97306,2.985,15.22,80.4,0
2026-06-07 22:43:02,lht65-20,52.2507,5.97306,2.985,15.28,82.3,0
2026-06-07 23:03:02,lht65-20,52.2507,5.97306,2.987,15.15,82.9,0
2026-06-07 23:13:02,lht65-20,52.2507,5.97306,2.987,15.18,81.5,0
2026-06-07 23:22:55,lht65-20,52.2507,5.97306,2.987,15.25,80.1,0
2026-06-07 23:32:55,lht65-20,52.2507,5.97306,2.987,15.18,79.7,0
2026-06-07 23:42:55,lht65-20,52.2507,5.97306,2.983,14.92,80.1,0
2026-06-07 23:53:02,lht65-20,52.2507,5.97306,2.985,14.66,80.3,0
2026-06-08 00:02:55,lht65-20,52.2507,5.97306,2.983,14.41,80.9,0
2026-06-08 00:13:02,lht65-20,52.2507,5.97306,2.983,13.84,82.8,0
2026-06-08 00:22:55,lht65-20,52.2507,5.97306,2.983,13.4,84.3,0
2026-06-08 00:33:02,lht65-20,52.2507,5.97306,2.983,13.09,86.3,0
2026-06-08 00:42:55,lht65-20,52.2507,5.97306,2.983,13.11,87.6,0
2026-06-08 00:52:55,lht65-20,52.2507,5.97306,2.983,12.87,88.4,0
2026-06-08 01:02:55,lht65-20,52.2507,5.97306,2.983,12.51,89.3,0
2026-06-08 01:13:02,lht65-20,52.2507,5.97306,2.983,12.27,90.6,0
2026-06-08 01:22:55,lht65-20,52.2507,5.97306,2.983,12.3,91.4,0
2026-06-08 01:53:02,lht65-20,52.2507,5.97306,2.983,12.37,91.9,0
2026-06-08 02:02:55,lht65-20,52.2507,5.97306,2.98,12.38,91.4,0
2026-06-08 02:12:55,lht65-20,52.2507,5.97306,2.983,12.32,91.5,0
2026-06-08 02:23:02,lht65-20,52.2507,5.97306,2.982,12.35,91.8,0
2026-06-08 02:42:55,lht65-20,52.2507,5.97306,2.98,12.43,91.1,5
2026-06-08 02:52:55,lht65-20,52.2507,5.97306,2.98,12.25,90.7,18
2026-06-08 03:02:55,lht65-20,52.2507,5.97306,2.98,11.95,91.4,53
2026-06-08 03:12:55,lht65-20,52.2507,5.97306,2.98,11.65,92.0,125
2026-06-08 03:22:55,lht65-20,52.2507,5.97306,2.98,11.39,92.8,280
2026-06-08 03:33:02,lht65-20,52.2507,5.97306,2.98,11.23,93.5,555
2026-06-08 03:43:02,lht65-20,52.2507,5.97306,2.98,11.19,94.0,964
2026-06-08 03:52:55,lht65-20,52.2507,5.97306,2.98,11.35,94.7,1445
2026-06-08 04:02:55,lht65-20,52.2507,5.97306,2.978,11.48,95.0,1976
2026-06-08 04:12:55,lht65-20,52.2507,5.97306,2.978,11.65,94.8,2838
2026-06-08 04:23:02,lht65-20,52.2507,5.97306,2.98,12.14,94.4,5012
2026-06-08 04:33:02,lht65-20,52.2507,5.97306,2.98,13.01,91.8,6103
2026-06-08 04:43:02,lht65-20,52.2507,5.97306,2.98,13.54,88.6,7600
2026-06-08 05:02:55,lht65-20,52.2507,5.97306,2.983,14.2,84.8,6955
2026-06-08 05:12:55,lht65-20,52.2507,5.97306,2.983,14.44,83.3,10756
2026-06-08 05:23:02,lht65-20,52.2507,5.97306,2.983,14.72,80.8,9171
2026-06-08 05:32:55,lht65-20,52.2507,5.97306,2.983,14.89,81.1,10070
2026-06-08 06:03:02,lht65-20,52.2507,5.97306,2.985,15.75,76.6,9321
2026-06-08 06:12:55,lht65-20,52.2507,5.97306,2.983,15.58,78.0,8422
2026-06-08 06:22:55,lht65-20,52.2507,5.97306,2.985,16.05,75.4,17889
2026-06-08 06:43:02,lht65-20,52.2507,5.97306,2.985,16.7,74.8,11106
2026-06-08 06:52:55,lht65-20,52.2507,5.97306,2.985,16.94,74.4,12281
2026-06-08 07:02:55,lht65-20,52.2507,5.97306,2.985,17.45,73.7,13414
2026-06-08 07:12:55,lht65-20,52.2507,5.97306,2.985,17.87,70.6,17815
2026-06-08 07:23:02,lht65-20,52.2507,5.97306,2.987,18.15,67.8,20846
2026-06-08 07:32:55,lht65-20,52.2507,5.97306,2.987,18.6,69.0,19077
2026-06-08 07:53:02,lht65-20,52.2507,5.97306,2.989,18.55,66.8,11363
2026-06-08 08:03:02,lht65-20,52.2507,5.97306,2.987,18.35,66.3,10729
2026-06-08 08:12:55,lht65-20,52.2507,5.97306,2.987,18.24,67.6,9950
2026-06-08 08:22:55,lht65-20,52.2507,5.97306,2.987,18.3,69.8,11130
2026-06-08 08:43:02,lht65-20,52.2507,5.97306,2.989,18.56,68.4,17222
2026-06-08 08:52:55,lht65-20,52.2507,5.97306,2.987,18.79,67.0,16158
2026-06-08 09:13:02,lht65-20,52.2507,5.97306,2.989,18.81,65.6,15500
2026-06-08 09:23:02,lht65-20,52.2507,5.97306,2.989,19.14,65.9,17570
2026-06-08 09:33:02,lht65-20,52.2507,5.97306,2.989,19.33,64.7,19040
2026-06-08 09:52:55,lht65-20,52.2507,5.97306,2.989,20.08,61.0,27117
2026-06-08 10:03:02,lht65-20,52.2507,5.97306,2.991,20.7,59.6,32292
2026-06-08 10:12:55,lht65-20,52.2507,5.97306,2.991,20.86,60.2,31080
2026-06-08 10:22:55,lht65-20,52.2507,5.97306,2.989,21.4,55.0,30725
2026-06-08 10:43:02,lht65-20,52.2507,5.97306,2.992,21.12,60.1,23045
2026-06-08 10:52:55,lht65-20,52.2507,5.97306,2.991,20.83,59.1,19970
2026-06-08 11:12:55,lht65-20,52.2507,5.97306,2.991,21.28,58.4,24085
2026-06-08 11:23:02,lht65-20,52.2507,5.97306,2.989,21.46,59.2,24210
2026-06-08 11:42:55,lht65-20,52.2507,5.97306,2.991,21.51,56.6,19366
2026-06-08 11:52:55,lht65-20,52.2507,5.97306,2.991,21.1,59.8,20048
2026-06-08 12:02:55,lht65-20,52.2507,5.97306,2.991,21.17,59.2,22995
2026-06-08 12:52:55,lht65-20,52.2507,5.97306,2.992,21.39,59.4,19040
2026-06-08 13:02:55,lht65-20,52.2507,5.97306,2.992,21.31,56.6,14564
2026-06-08 13:12:55,lht65-20,52.2507,5.97306,2.994,21.2,59.3,14347
2026-06-08 13:23:02,lht65-20,52.2507,5.97306,2.992,21.46,56.1,17103
2026-06-08 13:33:02,lht65-20,52.2507,5.97306,2.994,21.72,56.4,24990
2026-06-08 13:43:02,lht65-20,52.2507,5.97306,2.994,22.17,55.1,21393
2026-06-08 13:52:55,lht65-20,52.2507,5.97306,2.994,22.0,54.1,20799
2026-06-08 14:03:02,lht65-20,52.2507,5.97306,2.994,22.78,56.2,34701
2026-06-08 14:12:55,lht65-20,52.2507,5.97306,2.994,22.72,55.2,15267
2026-06-08 14:23:02,lht65-20,52.2507,5.97306,2.994,22.46,56.1,25481
2026-06-08 14:43:02,lht65-20,52.2507,5.97306,2.996,23.2,51.3,35726
2026-06-08 14:52:55,lht65-20,52.2507,5.97306,2.994,22.67,54.8,11242
2026-06-08 15:02:55,lht65-20,52.2507,5.97306,2.994,22.01,54.8,7618
2026-06-08 15:23:02,lht65-20,52.2507,5.97306,2.994,21.46,54.7,7784
2026-06-08 15:32:55,lht65-20,52.2507,5.97306,2.994,21.39,55.2,5954
2026-06-08 15:43:02,lht65-20,52.2507,5.97306,2.994,21.21,54.6,5882
2026-06-08 16:03:02,lht65-20,52.2507,5.97306,2.994,20.99,55.9,2472
2026-06-08 16:13:02,lht65-20,52.2507,5.97306,2.994,20.93,57.5,2392
2026-06-08 16:22:55,lht65-20,52.2507,5.97306,2.994,20.66,60.0,2926
2026-06-08 16:32:55,lht65-20,52.2507,5.97306,2.994,20.77,60.2,5224
2026-06-08 16:43:02,lht65-20,52.2507,5.97306,2.994,20.79,59.7,4219
2026-06-08 16:53:02,lht65-20,52.2507,5.97306,2.994,20.56,59.3,2940
2026-06-08 17:03:02,lht65-20,52.2507,5.97306,2.994,20.47,60.7,3295
2026-06-08 17:23:02,lht65-20,52.2507,5.97306,2.994,20.41,59.6,2314
2026-06-08 17:33:02,lht65-20,52.2507,5.97306,2.994,20.25,59.6,1790
2026-06-08 17:42:55,lht65-20,52.2507,5.97306,2.994,20.07,62.0,2082
2026-06-08 17:52:55,lht65-20,52.2507,5.97306,2.994,19.81,63.6,646
2026-06-08 18:03:02,lht65-20,52.2507,5.97306,2.994,19.66,63.3,266
2026-06-08 18:13:02,lht65-20,52.2507,5.97306,2.994,16.91,79.0,90
2026-06-08 18:23:02,lht65-20,52.2507,5.97306,2.991,14.49,87.5,100
2026-06-08 20:03:02,lht65-20,52.2507,5.97306,2.987,12.86,96.1,7
2026-06-08 20:43:02,lht65-20,52.2507,5.97306,2.987,13.02,96.3,0
2026-06-08 20:53:02,lht65-20,52.2507,5.97306,2.987,13.04,96.4,0
2026-06-08 21:03:02,lht65-20,52.2507,5.97306,2.987,13.01,96.5,0
2026-06-08 21:33:02,lht65-20,52.2507,5.97306,2.985,12.8,96.2,0
2026-06-08 21:43:02,lht65-20,52.2507,5.97306,2.985,12.73,96.2,0
2026-06-08 21:53:02,lht65-20,52.2507,5.97306,2.985,12.66,96.3,0
2026-06-08 22:03:02,lht65-20,52.2507,5.97306,2.987,12.53,96.4,0
2026-06-08 22:13:02,lht65-20,52.2507,5.97306,2.983,12.44,96.6,0
2026-06-08 22:32:55,lht65-20,52.2507,5.97306,2.985,12.44,96.7,0
2026-06-08 22:43:02,lht65-20,52.2507,5.97306,2.985,12.4,96.7,0
2026-06-08 22:53:02,lht65-20,52.2507,5.97306,2.983,12.42,96.9,0
2026-06-08 23:03:02,lht65-20,52.2507,5.97306,2.983,12.41,97.0,0
2026-06-08 23:12:55,lht65-20,52.2507,5.97306,2.983,12.45,97.1,0
2026-06-08 23:23:02,lht65-20,52.2507,5.97306,2.985,12.45,97.2,0
2026-06-08 23:33:02,lht65-20,52.2507,5.97306,2.983,12.54,97.3,0
2026-06-08 23:53:02,lht65-20,52.2507,5.97306,2.983,12.65,97.0,0
2026-06-09 00:03:02,lht65-20,52.2507,5.97306,2.983,12.66,96.7,0
2026-06-09 00:23:02,lht65-20,52.2507,5.97306,2.983,12.57,96.0,0
2026-06-09 00:32:55,lht65-20,52.2507,5.97306,2.983,12.59,96.3,0
2026-06-09 00:42:55,lht65-20,52.2507,5.97306,2.983,12.67,96.3,0
2026-06-09 00:53:02,lht65-20,52.2507,5.97306,2.983,12.7,96.2,0
2026-06-09 01:02:55,lht65-20,52.2507,5.97306,2.983,12.74,95.9,0
2026-06-09 01:12:55,lht65-20,52.2507,5.97306,2.983,12.78,95.3,0
2026-06-09 01:23:02,lht65-20,52.2507,5.97306,2.983,12.77,94.7,0
2026-06-09 01:32:55,lht65-20,52.2507,5.97306,2.983,12.64,95.1,0
2026-06-09 02:03:02,lht65-20,52.2507,5.97306,2.983,12.4,95.8,0
2026-06-09 02:12:55,lht65-20,52.2507,5.97306,2.983,12.38,96.1,0
2026-06-09 02:22:55,lht65-20,52.2507,5.97306,2.983,12.36,96.3,0
2026-06-09 02:33:02,lht65-20,52.2507,5.97306,2.983,12.32,96.3,1
2026-06-09 02:43:02,lht65-20,52.2507,5.97306,2.983,12.26,96.3,5
2026-06-09 02:53:02,lht65-20,52.2507,5.97306,2.983,12.17,96.3,17
2026-06-09 03:12:55,lht65-20,52.2507,5.97306,2.983,12.06,95.7,134
2026-06-09 03:23:02,lht65-20,52.2507,5.97306,2.983,11.95,95.7,257
2026-06-09 03:43:02,lht65-20,52.2507,5.97306,2.983,11.94,95.9,751
2026-06-09 04:03:02,lht65-20,52.2507,5.97306,2.98,11.81,95.9,1514
2026-06-09 04:22:55,lht65-20,52.2507,5.97306,2.98,12.56,95.0,6605
2026-06-09 04:53:02,lht65-20,52.2507,5.97306,2.983,13.43,90.6,10790
2026-06-09 05:02:55,lht65-20,52.2507,5.97306,2.983,13.69,89.8,12229
2026-06-09 05:23:02,lht65-20,52.2507,5.97306,2.983,14.61,87.6,19076
2026-06-09 05:42:55,lht65-20,52.2507,5.97306,2.983,12.76,88.7,3211
2026-06-09 06:12:55,lht65-20,52.2507,5.97306,2.983,11.85,90.5,7085
2026-06-09 06:22:55,lht65-20,52.2507,5.97306,2.98,12.14,89.8,11040
2026-06-09 06:33:02,lht65-20,52.2507,5.97306,2.983,12.2,89.3,6240
2026-06-09 06:42:55,lht65-20,52.2507,5.97306,2.98,12.27,89.2,8643
2026-06-09 06:53:02,lht65-20,52.2507,5.97306,2.982,12.97,87.1,25174
2026-06-09 07:02:55,lht65-20,52.2507,5.97306,2.983,13.26,86.5,17586
2026-06-09 07:12:55,lht65-20,52.2507,5.97306,2.983,13.96,83.1,26000
2026-06-09 07:33:02,lht65-20,52.2507,5.97306,2.985,14.95,81.7,24525
2026-06-09 07:42:55,lht65-20,52.2507,5.97306,2.983,15.14,81.6,29916
2026-06-09 07:52:55,lht65-20,52.2507,5.97306,2.983,15.53,80.4,31912
2026-06-09 08:13:02,lht65-20,52.2507,5.97306,2.987,16.17,70.9,32089
2026-06-09 09:03:02,lht65-20,52.2507,5.97306,2.987,16.72,66.7,37630
2026-06-09 09:12:55,lht65-20,52.2507,5.97306,2.987,17.43,61.9,38692
2026-06-09 09:43:02,lht65-20,52.2507,5.97306,2.987,16.59,58.9,7929
2026-06-09 09:52:55,lht65-20,52.2507,5.97306,2.987,16.11,62.3,10834
2026-06-09 10:13:02,lht65-20,52.2507,5.97306,2.983,14.25,75.6,10696
2026-06-09 10:43:02,lht65-20,52.2507,5.97306,2.987,17.2,66.0,37559
2026-06-09 10:53:02,lht65-20,52.2507,5.97306,2.989,18.0,63.3,42175
2026-06-09 11:42:55,lht65-20,52.2507,5.97306,2.987,17.52,53.5,14655
2026-06-09 11:53:02,lht65-20,52.2507,5.97306,2.987,16.8,56.0,12251
2026-06-09 12:02:55,lht65-20,52.2507,5.97306,2.987,16.47,55.9,13055
2026-06-09 12:13:02,lht65-20,52.2507,5.97306,2.989,16.96,57.9,46327
2026-06-09 12:42:55,lht65-20,52.2507,5.97306,2.987,17.0,56.6,17763
2026-06-09 12:53:02,lht65-20,52.2507,5.97306,2.987,17.53,54.2,19655
2026-06-09 13:03:02,lht65-20,52.2507,5.97306,2.989,17.88,52.6,40982
2026-06-09 13:12:55,lht65-20,52.2507,5.97306,2.987,18.78,52.7,41938
2026-06-09 13:33:02,lht65-20,52.2507,5.97306,2.989,18.33,53.8,35181
2026-06-09 13:42:55,lht65-20,52.2507,5.97306,2.989,17.67,53.6,14632
2026-06-09 13:53:02,lht65-20,52.2507,5.97306,2.987,17.74,52.7,21204
2026-06-09 14:02:55,lht65-20,52.2507,5.97306,2.989,17.75,50.9,10610
2026-06-09 14:32:55,lht65-20,52.2507,5.97306,2.989,17.73,52.6,38094
2026-06-09 14:42:55,lht65-20,52.2507,5.97306,2.989,17.26,51.8,11355
2026-06-09 14:53:02,lht65-20,52.2507,5.97306,2.987,18.35,53.8,19795
2026-06-09 15:13:02,lht65-20,52.2507,5.97306,2.989,18.55,48.1,35885
2026-06-09 15:33:02,lht65-20,52.2507,5.97306,2.989,18.35,49.3,15837
2026-06-09 15:42:55,lht65-20,52.2507,5.97306,2.989,17.4,52.6,31746
2026-06-09 16:02:55,lht65-20,52.2507,5.97306,2.989,18.35,51.7,6950
2026-06-09 16:12:55,lht65-20,52.2507,5.97306,2.989,16.97,53.3,3624
2026-06-09 16:22:55,lht65-20,52.2507,5.97306,2.987,16.26,57.7,1029
2026-06-09 16:32:55,lht65-20,52.2507,5.97306,2.987,14.06,73.0,933
2026-06-09 16:53:02,lht65-20,52.2507,5.97306,2.985,12.33,85.5,1531
2026-06-09 17:02:55,lht65-20,52.2507,5.97306,2.983,12.4,83.3,9568
2026-06-09 17:13:02,lht65-20,52.2507,5.97306,2.983,12.93,83.5,24321
2026-06-09 17:22:55,lht65-20,52.2507,5.97306,2.983,13.36,81.4,21687
2026-06-09 17:52:55,lht65-20,52.2507,5.97306,2.983,14.13,76.4,15465
2026-06-09 18:12:55,lht65-20,52.2507,5.97306,2.983,14.46,79.4,12895
2026-06-09 18:22:55,lht65-20,52.2507,5.97306,2.983,14.6,78.2,11336
2026-06-09 18:32:55,lht65-20,52.2507,5.97306,2.983,14.62,76.8,10195
2026-06-09 18:43:02,lht65-20,52.2507,5.97306,2.983,14.62,74.3,8863
2026-06-09 19:13:02,lht65-20,52.2507,5.97306,2.985,13.29,80.3,1298
2026-06-09 19:22:55,lht65-20,52.2507,5.97306,2.983,13.01,83.1,1355
2026-06-09 19:33:02,lht65-20,52.2507,5.97306,2.983,12.58,85.3,705
2026-06-09 19:42:55,lht65-20,52.2507,5.97306,2.983,12.32,85.8,419
2026-06-09 20:22:55,lht65-20,52.2507,5.97306,2.98,11.97,86.7,11
2026-06-09 20:32:55,lht65-20,52.2507,5.97306,2.98,11.75,87.8,4
2026-06-09 20:42:55,lht65-20,52.2507,5.97306,2.98,11.64,88.7,0
2026-06-09 21:02:55,lht65-20,52.2507,5.97306,2.98,11.41,89.7,0
2026-06-09 21:12:55,lht65-20,52.2507,5.97306,2.98,11.32,89.9,0
2026-06-09 21:22:55,lht65-20,52.2507,5.97306,2.978,11.14,90.3,0
2026-06-09 21:43:02,lht65-20,52.2507,5.97306,2.98,10.93,91.0,0
2026-06-09 21:52:55,lht65-20,52.2507,5.97306,2.98,10.96,90.7,0
2026-06-09 22:03:02,lht65-20,52.2507,5.97306,2.978,10.96,90.7,0
2026-06-09 22:33:02,lht65-20,52.2507,5.97306,2.978,10.97,90.7,0
2026-06-09 22:42:55,lht65-20,52.2507,5.97306,2.978,10.91,90.6,0
2026-06-09 23:12:55,lht65-20,52.2507,5.97306,2.978,10.25,90.9,0
2026-06-09 23:22:55,lht65-20,52.2507,5.97306,2.976,10.16,90.9,0
2026-06-09 23:32:55,lht65-20,52.2507,5.97306,2.975,9.97,91.3,0
2026-06-09 23:42:55,lht65-20,52.2507,5.97306,2.975,9.81,92.0,0
2026-06-09 23:53:02,lht65-20,52.2507,5.97306,2.976,9.73,92.2,0
2026-06-10 00:22:55,lht65-20,52.2507,5.97306,2.976,9.79,89.2,0
2026-06-10 00:33:02,lht65-20,52.2507,5.97306,2.975,9.7,89.1,0
2026-06-10 00:42:55,lht65-20,52.2507,5.97306,2.975,9.81,88.5,0
2026-06-10 01:02:55,lht65-20,52.2507,5.97306,2.975,9.86,87.0,0
2026-06-10 01:33:02,lht65-20,52.2507,5.97306,2.973,9.42,88.8,0
2026-06-10 01:52:55,lht65-20,52.2507,5.97306,2.975,9.48,87.1,0
2026-06-10 02:03:02,lht65-20,52.2507,5.97306,2.975,9.55,87.4,0
2026-06-10 02:22:55,lht65-20,52.2507,5.97306,2.975,9.56,87.4,0
2026-06-10 02:43:02,lht65-20,52.2507,5.97306,2.973,9.49,87.7,10
2026-06-10 03:03:02,lht65-20,52.2507,5.97306,2.975,9.32,89.3,91
2026-06-10 03:23:02,lht65-20,52.2507,5.97306,2.973,9.27,90.8,413
2026-06-10 03:42:55,lht65-20,52.2507,5.97306,2.973,9.39,91.3,1651
2026-06-10 04:23:02,lht65-20,52.2507,5.97306,2.975,10.56,87.1,6921
2026-06-10 04:33:02,lht65-20,52.2507,5.97306,2.975,10.69,86.4,7348
2026-06-10 05:02:55,lht65-20,52.2507,5.97306,2.976,11.51,84.5,12270
2026-06-10 05:22:55,lht65-20,52.2507,5.97306,2.976,12.13,83.6,14794
2026-06-10 05:42:55,lht65-20,52.2507,5.97306,2.976,12.41,82.8,17210
2026-06-10 05:52:55,lht65-20,52.2507,5.97306,2.978,12.74,82.9,18451
2026-06-10 06:03:02,lht65-20,52.2507,5.97306,2.978,12.6,83.7,16767
2026-06-10 06:22:55,lht65-20,52.2507,5.97306,2.976,12.94,84.4,23639
2026-06-10 06:42:55,lht65-20,52.2507,5.97306,2.978,13.34,81.7,11653
2026-06-10 07:12:55,lht65-20,52.2507,5.97306,2.98,13.87,76.7,10985
2026-06-10 07:22:55,lht65-20,52.2507,5.97306,2.98,13.96,79.0,12671
2026-06-10 07:32:55,lht65-20,52.2507,5.97306,2.98,13.99,78.5,14497
2026-06-10 07:53:02,lht65-20,52.2507,5.97306,2.98,14.62,74.9,23940
2026-06-10 08:02:55,lht65-20,52.2507,5.97306,2.98,14.88,77.7,34222
2026-06-10 08:12:55,lht65-20,52.2507,5.97306,2.983,15.65,73.4,11120
2026-06-10 08:23:02,lht65-20,52.2507,5.97306,2.983,16.03,67.7,14615
2026-06-10 08:33:02,lht65-20,52.2507,5.97306,2.983,15.57,69.3,8736
2026-06-10 08:42:55,lht65-20,52.2507,5.97306,2.983,15.62,71.3,10071
2026-06-10 09:13:02,lht65-20,52.2507,5.97306,2.98,15.31,70.6,10325
2026-06-10 09:22:55,lht65-20,52.2507,5.97306,2.983,16.8,66.9,29774
2026-06-10 10:12:55,lht65-20,52.2507,5.97306,2.985,17.44,60.5,12709
2026-06-10 10:22:55,lht65-20,52.2507,5.97306,2.983,15.17,65.5,2650
2026-06-10 10:42:55,lht65-20,52.2507,5.97306,2.978,11.06,81.9,4330
2026-06-10 11:13:02,lht65-20,52.2507,5.97306,2.973,10.15,87.7,6493
2026-06-10 11:32:55,lht65-20,52.2507,5.97306,2.973,11.2,88.3,18699
2026-06-10 12:02:55,lht65-20,52.2507,5.97306,2.98,14.39,73.2,25673
2026-06-10 12:43:02,lht65-20,52.2507,5.97306,2.982,15.5,70.9,28150
2026-06-10 13:02:55,lht65-20,52.2507,5.97306,2.983,16.07,67.5,36667
2026-06-10 13:53:02,lht65-20,52.2507,5.97306,2.983,16.4,69.2,3885
2026-06-10 14:02:55,lht65-20,52.2507,5.97306,2.983,14.47,73.9,7516
2026-06-10 14:12:55,lht65-20,52.2507,5.97306,2.982,13.86,79.2,14655
2026-06-10 14:22:55,lht65-20,52.2507,5.97306,2.98,14.46,77.2,20495
2026-06-10 14:32:55,lht65-20,52.2507,5.97306,2.98,14.71,72.1,11992
2026-06-10 14:42:55,lht65-20,52.2507,5.97306,2.98,14.51,71.0,13123
2026-06-10 14:52:55,lht65-20,52.2507,5.97306,2.98,14.15,75.0,5482
2026-06-10 15:02:56,lht65-20,52.2507,5.97306,2.98,13.82,76.2,3759
2026-06-10 15:12:56,lht65-20,52.2507,5.97306,2.98,13.17,81.7,3383
2026-06-10 15:22:56,lht65-20,52.2507,5.97306,2.978,12.94,83.4,9345
2026-06-10 15:32:55,lht65-20,52.2507,5.97306,2.978,13.57,85.2,12681
2026-06-10 15:42:55,lht65-20,52.2507,5.97306,2.98,14.55,79.1,7810
2026-06-10 15:52:56,lht65-20,52.2507,5.97306,2.978,13.85,80.6,3845
2026-06-10 16:02:56,lht65-20,52.2507,5.97306,2.98,13.59,85.1,4424
2026-06-10 16:12:56,lht65-20,52.2507,5.97306,2.98,13.71,83.5,27340
2026-06-10 16:22:55,lht65-20,52.2507,5.97306,2.98,13.87,80.3,5278
2026-06-10 16:32:55,lht65-20,52.2507,5.97306,2.98,13.59,85.5,4835
2026-06-10 16:42:55,lht65-20,52.2507,5.97306,2.98,13.98,82.3,7896
2026-06-10 16:52:56,lht65-20,52.2507,5.97306,2.98,14.11,82.5,6091
2026-06-10 17:02:55,lht65-20,52.2507,5.97306,2.98,14.67,83.9,14080
2026-06-10 17:12:55,lht65-20,52.2507,5.97306,2.98,16.2,79.2,24907
2026-06-10 17:22:56,lht65-20,52.2507,5.97306,2.983,17.54,69.6,22470
2026-06-10 17:32:55,lht65-20,52.2507,5.97306,2.985,18.01,66.1,11307
2026-06-10 17:42:56,lht65-20,52.2507,5.97306,2.983,17.29,70.2,5695
2026-06-10 17:52:56,lht65-20,52.2507,5.97306,2.983,15.97,73.7,4042
2026-06-10 18:02:55,lht65-20,52.2507,5.97306,2.983,15.26,79.1,2928
2026-06-10 18:12:55,lht65-20,52.2507,5.97306,2.983,14.77,79.7,1626
2026-06-10 18:22:55,lht65-20,52.2507,5.97306,2.98,14.27,79.7,1443
2026-06-10 18:32:56,lht65-20,52.2507,5.97306,2.98,13.97,80.9,964
2026-06-10 18:42:55,lht65-20,52.2507,5.97306,2.98,13.66,80.0,1255
2026-06-10 18:52:55,lht65-20,52.2507,5.97306,2.98,13.38,82.9,961
2026-06-10 19:02:55,lht65-20,52.2507,5.97306,2.98,13.03,82.5,829
2026-06-10 19:12:55,lht65-20,52.2507,5.97306,2.98,12.74,81.6,870
2026-06-10 19:22:55,lht65-20,52.2507,5.97306,2.98,12.5,82.7,665
2026-06-10 19:32:55,lht65-20,52.2507,5.97306,2.98,12.27,84.0,473
2026-06-10 19:42:55,lht65-20,52.2507,5.97306,2.98,12.08,84.1,343
2026-06-10 19:52:56,lht65-20,52.2507,5.97306,2.978,11.89,85.3,198
2026-06-10 20:02:56,lht65-20,52.2507,5.97306,2.978,11.75,86.5,110
2026-06-10 20:12:55,lht65-20,52.2507,5.97306,2.978,11.56,87.9,34
2026-06-10 20:22:56,lht65-20,52.2507,5.97306,2.978,11.55,89.1,11
2026-06-10 20:32:55,lht65-20,52.2507,5.97306,2.976,11.4,89.8,4
2026-06-10 20:42:55,lht65-20,52.2507,5.97306,2.976,11.14,90.3,0
2026-06-10 20:52:56,lht65-20,52.2507,5.97306,2.976,10.73,91.3,0
2026-06-10 21:02:56,lht65-20,52.2507,5.97306,2.976,10.4,92.5,0
2026-06-10 21:12:55,lht65-20,52.2507,5.97306,2.975,10.27,93.5,0
2026-06-10 21:22:55,lht65-20,52.2507,5.97306,2.975,10.33,94.4,0
2026-06-10 21:32:56,lht65-20,52.2507,5.97306,2.976,10.46,95.0,0
2026-06-10 21:42:56,lht65-20,52.2507,5.97306,2.975,10.5,95.4,0
2026-06-10 21:52:56,lht65-20,52.2507,5.97306,2.975,10.56,95.7,0
2026-06-10 22:02:56,lht65-20,52.2507,5.97306,2.973,10.53,95.8,0
2026-06-10 22:12:55,lht65-20,52.2507,5.97306,2.975,10.64,95.2,0
2026-06-10 22:22:56,lht65-20,52.2507,5.97306,2.973,10.79,92.3,0
2026-06-10 22:32:56,lht65-20,52.2507,5.97306,2.975,10.78,90.2,0
2026-06-10 22:42:55,lht65-20,52.2507,5.97306,2.976,10.63,89.7,0
2026-06-10 22:52:56,lht65-20,52.2507,5.97306,2.973,10.38,90.1,0
2026-06-10 23:02:55,lht65-20,52.2507,5.97306,2.975,10.14,91.2,0
2026-06-10 23:12:56,lht65-20,52.2507,5.97306,2.973,10.08,92.0,0
2026-06-10 23:22:56,lht65-20,52.2507,5.97306,2.973,10.12,92.2,0
2026-06-10 23:32:55,lht65-20,52.2507,5.97306,2.973,10.1,92.2,0
2026-06-10 23:42:55,lht65-20,52.2507,5.97306,2.973,10.16,91.4,0
2026-06-10 23:52:55,lht65-20,52.2507,5.97306,2.973,10.1,90.8,0
2026-06-11 00:02:56,lht65-20,52.2507,5.97306,2.973,10.04,89.4,0
2026-06-11 00:12:56,lht65-20,52.2507,5.97306,2.973,9.97,89.6,0
2026-06-11 00:22:55,lht65-20,52.2507,5.97306,2.975,9.64,90.3,0
2026-06-11 00:32:55,lht65-20,52.2507,5.97306,2.973,9.19,91.3,0
2026-06-11 00:42:56,lht65-20,52.2507,5.97306,2.973,8.9,93.2,0
2026-06-11 00:52:55,lht65-20,52.2507,5.97306,2.971,8.99,94.2,0
2026-06-11 01:02:56,lht65-20,52.2507,5.97306,2.973,9.22,94.2,0
2026-06-11 01:12:56,lht65-20,52.2507,5.97306,2.973,9.17,94.2,0
2026-06-11 01:22:55,lht65-20,52.2507,5.97306,2.971,9.08,94.5,0
2026-06-11 01:32:56,lht65-20,52.2507,5.97306,2.973,8.93,94.8,0
2026-06-11 01:42:55,lht65-20,52.2507,5.97306,2.973,8.77,95.2,0
2026-06-11 01:52:56,lht65-20,52.2507,5.97306,2.971,8.48,95.3,0
2026-06-11 02:02:56,lht65-20,52.2507,5.97306,2.971,8.04,95.3,0
2026-06-11 02:12:55,lht65-20,52.2507,5.97306,2.969,7.86,95.7,0
2026-06-11 02:22:55,lht65-20,52.2507,5.97306,2.969,7.63,96.1,0
2026-06-11 02:32:55,lht65-20,52.2507,5.97306,2.969,7.78,96.5,2
2026-06-11 02:42:56,lht65-20,52.2507,5.97306,2.969,7.75,96.8,10
2026-06-11 02:52:56,lht65-20,52.2507,5.97306,2.969,7.35,97.0,32
2026-06-11 03:02:56,lht65-20,52.2507,5.97306,2.967,7.18,97.1,88
2026-06-11 03:12:56,lht65-20,52.2507,5.97306,2.969,6.89,97.1,210
2026-06-11 03:22:56,lht65-20,52.2507,5.97306,2.966,6.75,97.3,408
2026-06-11 03:32:56,lht65-20,52.2507,5.97306,2.966,6.55,97.3,697
2026-06-11 03:42:56,lht65-20,52.2507,5.97306,2.966,6.67,97.4,1974
2026-06-11 03:52:56,lht65-20,52.2507,5.97306,2.966,7.34,97.6,2003
2026-06-11 04:02:56,lht65-20,52.2507,5.97306,2.966,7.19,97.5,2042
2026-06-11 04:12:56,lht65-20,52.2507,5.97306,2.969,8.28,97.7,5890
2026-06-11 04:22:56,lht65-20,52.2507,5.97306,2.969,9.27,97.8,7421
2026-06-11 04:32:56,lht65-20,52.2507,5.97306,2.971,10.02,97.2,9019
2026-06-11 04:42:56,lht65-20,52.2507,5.97306,2.973,10.65,95.2,10407
2026-06-11 04:52:56,lht65-20,52.2507,5.97306,2.973,11.14,92.0,11766
2026-06-11 05:02:56,lht65-20,52.2507,5.97306,2.973,11.58,90.0,13016
2026-06-11 05:12:56,lht65-20,52.2507,5.97306,2.975,11.94,87.9,14285
2026-06-11 05:22:56,lht65-20,52.2507,5.97306,2.975,12.26,86.8,15420
2026-06-11 05:32:56,lht65-20,52.2507,5.97306,2.975,12.71,85.7,16506
2026-06-11 05:42:56,lht65-20,52.2507,5.97306,2.976,12.97,85.1,17426
2026-06-11 05:52:56,lht65-20,52.2507,5.97306,2.976,13.22,83.8,18530
2026-06-11 06:02:56,lht65-20,52.2507,5.97306,2.978,13.59,82.8,17907
2026-06-11 06:12:56,lht65-20,52.2507,5.97306,2.976,13.6,82.1,20606
2026-06-11 06:22:56,lht65-20,52.2507,5.97306,2.978,14.01,81.3,21878
2026-06-11 06:32:56,lht65-20,52.2507,5.97306,2.978,14.11,78.0,22502
2026-06-11 06:42:56,lht65-20,52.2507,5.97306,2.978,14.05,78.3,23544
2026-06-11 06:52:56,lht65-20,52.2507,5.97306,2.978,14.19,76.2,24540
2026-06-11 07:02:56,lht65-20,52.2507,5.97306,2.98,14.26,77.0,25370
2026-06-11 07:12:56,lht65-20,52.2507,5.97306,2.98,14.42,76.5,26031
2026-06-11 07:22:56,lht65-20,52.2507,5.97306,2.98,14.94,76.5,26843
2026-06-11 07:32:56,lht65-20,52.2507,5.97306,2.98,15.04,71.7,17567
2026-06-11 07:42:56,lht65-20,52.2507,5.97306,2.98,15.21,70.5,34315
2026-06-11 07:52:56,lht65-20,52.2507,5.97306,2.98,15.17,71.4,12248
2026-06-11 08:02:56,lht65-20,52.2507,5.97306,2.982,15.59,68.7,34159
2026-06-11 08:12:56,lht65-20,52.2507,5.97306,2.98,16.37,65.7,37585
2026-06-11 08:22:56,lht65-20,52.2507,5.97306,2.983,16.05,68.0,34965
2026-06-11 08:32:56,lht65-20,52.2507,5.97306,2.983,15.49,66.0,9439
2026-06-11 08:42:56,lht65-20,52.2507,5.97306,2.98,15.79,65.3,12859
2026-06-11 08:52:56,lht65-20,52.2507,5.97306,2.983,16.53,61.4,37364
2026-06-11 09:02:56,lht65-20,52.2507,5.97306,2.982,16.96,59.2,36373
2026-06-11 09:12:56,lht65-20,52.2507,5.97306,2.983,17.08,63.2,29890
2026-06-11 09:22:56,lht65-20,52.2507,5.97306,2.983,17.23,63.5,28616
2026-06-11 09:32:56,lht65-20,52.2507,5.97306,2.983,17.07,59.0,9371
2026-06-11 09:42:56,lht65-20,52.2507,5.97306,2.983,14.33,70.5,2704
2026-06-11 09:52:56,lht65-20,52.2507,5.97306,2.98,11.63,83.7,4774
2026-06-11 10:02:56,lht65-20,52.2507,5.97306,2.976,11.64,87.9,13459
2026-06-11 10:12:56,lht65-20,52.2507,5.97306,2.978,12.84,85.2,37745
2026-06-11 10:22:56,lht65-20,52.2507,5.97306,2.978,13.96,80.5,45792
2026-06-11 10:32:56,lht65-20,52.2507,5.97306,2.98,15.37,77.6,41410
2026-06-11 10:42:56,lht65-20,52.2507,5.97306,2.983,16.1,72.2,38512
2026-06-11 10:52:56,lht65-20,52.2507,5.97306,2.983,16.61,69.3,37894
2026-06-11 11:02:56,lht65-20,52.2507,5.97306,2.983,16.88,71.3,37699
2026-06-11 11:12:56,lht65-20,52.2507,5.97306,2.983,17.13,68.5,39041
2026-06-11 11:22:56,lht65-20,52.2507,5.97306,2.983,17.64,63.0,39856
2026-06-11 11:32:56,lht65-20,52.2507,5.97306,2.983,18.12,69.0,36021
2026-06-11 11:42:56,lht65-20,52.2507,5.97306,2.983,17.89,63.8,29451
2026-06-11 11:52:56,lht65-20,52.2507,5.97306,2.987,18.16,64.7,18788
2026-06-11 12:02:56,lht65-20,52.2507,5.97306,2.985,18.04,57.1,33212
2026-06-11 12:12:56,lht65-20,52.2507,5.97306,2.985,18.22,53.8,32188
2026-06-11 12:22:56,lht65-20,52.2507,5.97306,2.983,18.11,53.9,21425
2026-06-11 12:32:56,lht65-20,52.2507,5.97306,2.985,18.01,56.5,20886
2026-06-11 12:42:56,lht65-20,52.2507,5.97306,2.987,18.04,59.5,24969
2026-06-11 12:52:56,lht65-20,52.2507,5.97306,2.985,17.86,59.2,23616
2026-06-11 13:02:56,lht65-20,52.2507,5.97306,2.985,17.98,59.5,22797
2026-06-11 13:12:56,lht65-20,52.2507,5.97306,2.985,17.9,56.4,20449
2026-06-11 13:22:56,lht65-20,52.2507,5.97306,2.985,17.45,55.4,16919
2026-06-11 13:32:56,lht65-20,52.2507,5.97306,2.987,17.44,55.9,22393
2026-06-11 13:42:56,lht65-20,52.2507,5.97306,2.987,18.01,54.8,21753
2026-06-11 13:52:56,lht65-20,52.2507,5.97306,2.985,17.95,54.6,24286
2026-06-11 14:02:56,lht65-20,52.2507,5.97306,2.987,18.26,56.4,25466
2026-06-11 14:12:56,lht65-20,52.2507,5.97306,2.987,18.11,54.5,15776
2026-06-11 14:22:56,lht65-20,52.2507,5.97306,2.985,17.54,56.3,15455
2026-06-11 14:32:56,lht65-20,52.2507,5.97306,2.985,17.42,56.3,13033
2026-06-11 14:42:56,lht65-20,52.2507,5.97306,2.987,17.22,55.7,9998
2026-06-11 14:52:56,lht65-20,52.2507,5.97306,2.985,16.98,59.5,7707
2026-06-11 15:02:56,lht65-20,52.2507,5.97306,2.985,16.76,56.4,9405
2026-06-11 15:12:56,lht65-20,52.2507,5.97306,2.983,16.8,59.9,10419
2026-06-11 15:22:56,lht65-20,52.2507,5.97306,2.985,16.65,61.5,8896
2026-06-11 15:32:56,lht65-20,52.2507,5.97306,2.985,16.49,62.9,8290
2026-06-11 15:42:56,lht65-20,52.2507,5.97306,2.985,16.32,57.5,6666
2026-06-11 15:52:56,lht65-20,52.2507,5.97306,2.985,15.89,59.9,5642
2026-06-11 16:02:56,lht65-20,52.2507,5.97306,2.983,15.55,62.5,6614
2026-06-11 16:12:56,lht65-20,52.2507,5.97306,2.983,15.07,62.4,6632
2026-06-11 16:22:56,lht65-20,52.2507,5.97306,2.983,14.59,64.8,5833
2026-06-11 16:32:56,lht65-20,52.2507,5.97306,2.983,14.44,69.1,7285
2026-06-11 16:42:56,lht65-20,52.2507,5.97306,2.983,14.1,73.8,4327
2026-06-11 16:52:56,lht65-20,52.2507,5.97306,2.983,12.86,81.6,3187
2026-06-11 17:02:56,lht65-20,52.2507,5.97306,2.98,12.28,86.9,3703
2026-06-11 17:12:56,lht65-20,52.2507,5.97306,2.98,12.14,88.7,4974
2026-06-11 17:22:56,lht65-20,52.2507,5.97306,2.978,12.14,89.5,4791
2026-06-11 17:32:56,lht65-20,52.2507,5.97306,2.98,12.2,89.6,5505
2026-06-11 17:42:56,lht65-20,52.2507,5.97306,2.98,12.28,89.8,4438
2026-06-11 17:52:56,lht65-20,52.2507,5.97306,2.978,12.34,89.6,4315
2026-06-11 18:02:56,lht65-20,52.2507,5.97306,2.98,12.29,89.3,4219
2026-06-11 18:12:56,lht65-20,52.2507,5.97306,2.98,12.23,88.5,1955
2026-06-11 18:22:56,lht65-20,52.2507,5.97306,2.98,12.11,89.6,1599
2026-06-11 18:32:56,lht65-20,52.2507,5.97306,2.98,12.08,90.4,1164
2026-06-11 18:42:56,lht65-20,52.2507,5.97306,2.98,12.07,90.9,950
2026-06-11 18:52:56,lht65-20,52.2507,5.97306,2.98,12.06,91.9,845
2026-06-11 19:02:56,lht65-20,52.2507,5.97306,2.978,11.99,92.2,505
2026-06-11 19:12:56,lht65-20,52.2507,5.97306,2.98,11.97,92.6,419
2026-06-11 19:22:56,lht65-20,52.2507,5.97306,2.98,11.92,92.8,320
2026-06-11 19:32:56,lht65-20,52.2507,5.97306,2.98,11.86,93.1,182
2026-06-11 19:42:56,lht65-20,52.2507,5.97306,2.98,11.83,93.5,86
2026-06-11 19:52:56,lht65-20,52.2507,5.97306,2.98,11.8,94.1,45
2026-06-11 20:02:56,lht65-20,52.2507,5.97306,2.978,11.76,94.7,21
2026-06-11 20:12:56,lht65-20,52.2507,5.97306,2.98,11.76,95.0,14
2026-06-11 20:22:56,lht65-20,52.2507,5.97306,2.98,11.76,94.7,4
2026-06-11 20:32:56,lht65-20,52.2507,5.97306,2.978,11.7,95.0,0
2026-06-11 20:42:56,lht65-20,52.2507,5.97306,2.978,11.67,95.4,0
2026-06-11 20:52:56,lht65-20,52.2507,5.97306,2.978,11.65,95.7,0
2026-06-11 21:02:56,lht65-20,52.2507,5.97306,2.98,11.67,96.1,0
2026-06-11 21:12:56,lht65-20,52.2507,5.97306,2.98,11.68,96.4,0
2026-06-11 21:22:56,lht65-20,52.2507,5.97306,2.98,11.74,96.6,0
2026-06-11 21:32:56,lht65-20,52.2507,5.97306,2.978,11.74,96.7,0
2026-06-11 21:42:56,lht65-20,52.2507,5.97306,2.978,11.75,96.9,0
2026-06-11 21:52:56,lht65-20,52.2507,5.97306,2.978,11.76,96.9,0
2026-06-11 22:02:56,lht65-20,52.2507,5.97306,2.978,11.77,97.0,0
2026-06-11 22:12:56,lht65-20,52.2507,5.97306,2.978,11.76,97.1,0
2026-06-11 22:22:56,lht65-20,52.2507,5.97306,2.98,11.77,97.2,0
2026-06-11 22:32:56,lht65-20,52.2507,5.97306,2.98,11.78,97.3,0
2026-06-11 22:42:56,lht65-20,52.2507,5.97306,2.98,11.83,97.4,0
2026-06-11 22:52:56,lht65-20,52.2507,5.97306,2.978,11.89,97.5,0
2026-06-11 23:02:56,lht65-20,52.2507,5.97306,2.978,11.94,97.5,0
2026-06-11 23:12:56,lht65-20,52.2507,5.97306,2.98,11.98,97.5,0
2026-06-11 23:22:56,lht65-20,52.2507,5.97306,2.976,12.02,97.5,0
2026-06-11 23:32:56,lht65-20,52.2507,5.97306,2.98,12.07,97.6,0
2026-06-11 23:42:56,lht65-20,52.2507,5.97306,2.978,12.1,97.7,0
2026-06-11 23:52:56,lht65-20,52.2507,5.97306,2.98,12.14,97.7,0
2026-06-12 00:02:56,lht65-20,52.2507,5.97306,2.98,12.21,97.7,0
2026-06-12 00:12:56,lht65-20,52.2507,5.97306,2.978,12.24,97.7,0
2026-06-12 00:22:56,lht65-20,52.2507,5.97306,2.98,12.26,97.8,0
2026-06-12 00:32:56,lht65-20,52.2507,5.97306,2.98,12.33,97.8,0
2026-06-12 00:42:56,lht65-20,52.2507,5.97306,2.98,12.38,97.9,0
2026-06-12 00:52:56,lht65-20,52.2507,5.97306,2.98,12.43,98.0,0
2026-06-12 01:02:56,lht65-20,52.2507,5.97306,2.978,12.5,98.0,0
2026-06-12 01:12:56,lht65-20,52.2507,5.97306,2.98,12.6,98.1,0
2026-06-12 01:22:56,lht65-20,52.2507,5.97306,2.978,12.7,98.1,0
2026-06-12 01:32:56,lht65-20,52.2507,5.97306,2.98,12.82,98.2,0
2026-06-12 01:42:56,lht65-20,52.2507,5.97306,2.98,12.93,98.2,0
2026-06-12 01:52:56,lht65-20,52.2507,5.97306,2.98,13.08,98.3,0
2026-06-12 02:02:56,lht65-20,52.2507,5.97306,2.98,13.21,98.3,0
2026-06-12 02:12:56,lht65-20,52.2507,5.97306,2.98,13.29,98.4,0
2026-06-12 02:22:56,lht65-20,52.2507,5.97306,2.98,13.41,98.4,0
2026-06-12 02:32:56,lht65-20,52.2507,5.97306,2.98,13.57,98.4,0
2026-06-12 02:42:56,lht65-20,52.2507,5.97306,2.98,13.74,98.4,0
2026-06-12 02:52:56,lht65-20,52.2507,5.97306,2.982,13.88,98.4,3
2026-06-12 03:02:56,lht65-20,52.2507,5.97306,2.982,13.99,98.5,13
2026-06-12 03:12:56,lht65-20,52.2507,5.97306,2.98,14.13,98.4,32
2026-06-12 03:22:56,lht65-20,52.2507,5.97306,2.98,14.24,98.5,81
2026-06-12 03:32:56,lht65-20,52.2507,5.97306,2.983,14.36,98.5,166
2026-06-12 03:42:56,lht65-20,52.2507,5.97306,2.983,14.49,98.5,223
2026-06-12 03:52:56,lht65-20,52.2507,5.97306,2.983,14.58,98.5,508
2026-06-12 04:02:56,lht65-20,52.2507,5.97306,2.983,14.69,98.5,757
2026-06-12 04:12:56,lht65-20,52.2507,5.97306,2.983,14.79,98.4,991
2026-06-12 04:22:56,lht65-20,52.2507,5.97306,2.983,14.87,98.5,1015
2026-06-12 04:32:56,lht65-20,52.2507,5.97306,2.983,14.93,98.4,1212
2026-06-12 04:42:56,lht65-20,52.2507,5.97306,2.983,14.98,98.4,954
2026-06-12 04:52:56,lht65-20,52.2507,5.97306,2.983,15.01,98.4,805
2026-06-12 05:02:56,lht65-20,52.2507,5.97306,2.983,15.14,98.4,739
2026-06-12 05:22:56,lht65-20,52.2507,5.97306,2.983,15.43,98.2,1704
2026-06-12 05:42:56,lht65-20,52.2507,5.97306,2.983,15.58,97.9,2323
2026-06-12 05:52:56,lht65-20,52.2507,5.97306,2.983,15.67,97.6,2284
2026-06-12 06:02:56,lht65-20,52.2507,5.97306,2.983,15.73,97.1,2045
2026-06-12 06:12:56,lht65-20,52.2507,5.97306,2.985,15.82,96.6,1779
2026-06-12 06:22:56,lht65-20,52.2507,5.97306,2.983,15.83,96.3,4930
2026-06-12 06:32:56,lht65-20,52.2507,5.97306,2.983,15.97,95.9,6306
2026-06-12 06:42:56,lht65-20,52.2507,5.97306,2.983,16.1,95.8,6702
2026-06-12 06:53:03,lht65-20,52.2507,5.97306,2.985,16.23,95.8,5960
2026-06-12 07:02:56,lht65-20,52.2507,5.97306,2.985,16.15,95.6,4510
2026-06-12 07:12:56,lht65-20,52.2507,5.97306,2.983,16.22,95.9,9368
2026-06-12 07:22:56,lht65-20,52.2507,5.97306,2.985,16.47,95.5,6527
2026-06-12 07:32:56,lht65-20,52.2507,5.97306,2.983,16.44,94.8,5007
2026-06-12 07:42:56,lht65-20,52.2507,5.97306,2.983,16.22,94.8,4090
2026-06-12 07:52:56,lht65-20,52.2507,5.97306,2.985,16.12,95.3,4117
2026-06-12 08:02:56,lht65-20,52.2507,5.97306,2.985,16.46,94.7,13078
2026-06-12 08:12:56,lht65-20,52.2507,5.97306,2.987,16.95,93.2,17608
2026-06-12 08:22:56,lht65-20,52.2507,5.97306,2.983,17.29,90.9,10196
2026-06-12 08:32:56,lht65-20,52.2507,5.97306,2.987,17.22,90.7,16078
2026-06-12 08:42:56,lht65-20,52.2507,5.97306,2.987,17.55,88.8,11971
2026-06-12 08:52:56,lht65-20,52.2507,5.97306,2.987,17.48,89.6,12213
2026-06-12 09:02:56,lht65-20,52.2507,5.97306,2.987,17.97,89.1,26156
2026-06-12 09:12:56,lht65-20,52.2507,5.97306,2.987,18.0,84.7,8480
2026-06-12 09:22:56,lht65-20,52.2507,5.97306,2.987,18.71,85.6,37357
2026-06-12 09:32:56,lht65-20,52.2507,5.97306,2.987,18.63,79.7,19343
2026-06-12 09:42:56,lht65-20,52.2507,5.97306,2.987,18.34,80.8,12353
2026-06-12 09:52:56,lht65-20,52.2507,5.97306,2.989,18.81,80.3,22900
2026-06-12 10:02:56,lht65-20,52.2507,5.97306,2.987,18.16,79.7,4293
2026-06-12 10:12:56,lht65-20,52.2507,5.97306,2.987,17.69,80.9,12151
2026-06-12 10:22:56,lht65-20,52.2507,5.97306,2.989,18.36,78.5,29850
2026-06-12 10:32:56,lht65-20,52.2507,5.97306,2.987,18.3,77.6,13524
2026-06-12 10:42:56,lht65-20,52.2507,5.97306,2.987,19.09,73.0,26755
2026-06-12 10:52:56,lht65-20,52.2507,5.97306,2.989,19.02,70.7,25085
2026-06-12 11:02:56,lht65-20,52.2507,5.97306,2.987,18.78,70.8,7525
2026-06-12 11:12:56,lht65-20,52.2507,5.97306,2.989,18.4,72.2,10016
2026-06-12 11:22:56,lht65-20,52.2507,5.97306,2.989,18.51,71.8,15749
2026-06-12 11:42:56,lht65-20,52.2507,5.97306,2.989,18.76,69.7,21481
2026-06-12 11:52:56,lht65-20,52.2507,5.97306,2.987,18.71,68.0,14715
2026-06-12 12:02:56,lht65-20,52.2507,5.97306,2.989,19.19,69.1,16890
2026-06-12 12:12:56,lht65-20,52.2507,5.97306,2.989,19.15,68.1,16400
2026-06-12 12:22:56,lht65-20,52.2507,5.97306,2.989,19.1,68.9,30033
2026-06-12 12:32:56,lht65-20,52.2507,5.97306,2.989,19.92,68.3,49520
2026-06-12 12:42:56,lht65-20,52.2507,5.97306,2.989,19.47,66.7,13751
2026-06-12 12:52:56,lht65-20,52.2507,5.97306,2.989,19.46,68.0,14617
2026-06-12 13:02:56,lht65-20,52.2507,5.97306,2.989,20.58,69.4,31795
2026-06-12 13:12:56,lht65-20,52.2507,5.97306,2.989,20.44,63.0,25612
2026-06-12 13:22:56,lht65-20,52.2507,5.97306,2.991,20.04,62.6,16760
2026-06-12 13:32:56,lht65-20,52.2507,5.97306,2.991,20.04,64.6,28189
2026-06-12 13:42:56,lht65-20,52.2507,5.97306,2.991,20.2,65.8,19980
2026-06-12 13:52:56,lht65-20,52.2507,5.97306,2.992,20.06,64.2,16089
2026-06-12 14:02:56,lht65-20,52.2507,5.97306,2.991,20.23,64.5,18658
2026-06-12 14:12:56,lht65-20,52.2507,5.97306,2.991,20.12,64.5,25787
2026-06-12 14:22:56,lht65-20,52.2507,5.97306,2.992,20.32,64.1,14240
2026-06-12 14:32:56,lht65-20,52.2507,5.97306,2.991,19.84,64.7,10638
2026-06-12 14:42:56,lht65-20,52.2507,5.97306,2.991,20.35,63.9,17405
2026-06-12 14:52:56,lht65-20,52.2507,5.97306,2.991,20.09,67.2,10283
2026-06-12 15:02:56,lht65-20,52.2507,5.97306,2.992,19.6,68.4,21321
2026-06-12 15:12:56,lht65-20,52.2507,5.97306,2.992,19.59,67.9,9739
2026-06-12 15:22:56,lht65-20,52.2507,5.97306,2.992,19.74,67.3,9962
2026-06-12 15:32:56,lht65-20,52.2507,5.97306,2.991,19.47,66.8,8002
2026-06-12 15:42:56,lht65-20,52.2507,5.97306,2.992,19.36,68.5,5535
2026-06-12 15:52:56,lht65-20,52.2507,5.97306,2.991,19.33,69.8,8458
2026-06-12 16:02:56,lht65-20,52.2507,5.97306,2.992,19.79,69.6,38659
2026-06-12 16:12:56,lht65-20,52.2507,5.97306,2.992,20.26,65.8,34292
2026-06-12 16:22:56,lht65-20,52.2507,5.97306,2.992,20.09,67.0,6586
2026-06-12 16:32:56,lht65-20,52.2507,5.97306,2.992,19.55,68.1,7836
2026-06-12 16:42:56,lht65-20,52.2507,5.97306,2.992,19.98,67.6,12300
2026-06-12 16:52:56,lht65-20,52.2507,5.97306,2.991,20.07,68.6,10643
2026-06-12 17:02:56,lht65-20,52.2507,5.97306,2.991,19.51,70.2,8379
2026-06-12 17:12:56,lht65-20,52.2507,5.97306,2.994,19.32,70.4,6825
2026-06-12 17:22:56,lht65-20,52.2507,5.97306,2.991,19.33,72.5,4840
2026-06-12 17:32:56,lht65-20,52.2507,5.97306,2.991,19.1,73.9,2895
2026-06-12 17:42:56,lht65-20,52.2507,5.97306,2.992,18.83,73.6,3638
2026-06-12 17:52:56,lht65-20,52.2507,5.97306,2.991,18.58,76.0,1265
2026-06-12 18:02:56,lht65-20,52.2507,5.97306,2.992,17.57,82.3,1798
2026-06-12 18:12:56,lht65-20,52.2507,5.97306,2.991,17.41,83.7,1499
2026-06-12 18:22:56,lht65-20,52.2507,5.97306,2.991,17.51,83.1,1754
2026-06-12 18:32:56,lht65-20,52.2507,5.97306,2.989,17.5,83.6,1759
2026-06-12 18:42:56,lht65-20,52.2507,5.97306,2.991,17.52,84.2,3424
2026-06-12 18:52:56,lht65-20,52.2507,5.97306,2.991,17.68,84.3,2065
2026-06-12 19:02:56,lht65-20,52.2507,5.97306,2.989,17.66,84.5,1594
2026-06-12 19:12:56,lht65-20,52.2507,5.97306,2.992,17.51,85.1,608
2026-06-12 19:22:56,lht65-20,52.2507,5.97306,2.989,17.45,85.6,606
2026-06-12 19:32:56,lht65-20,52.2507,5.97306,2.991,17.46,85.7,244
2026-06-12 19:42:56,lht65-20,52.2507,5.97306,2.989,17.48,85.9,89
2026-06-12 19:52:56,lht65-20,52.2507,5.97306,2.991,17.22,88.1,38
2026-06-12 20:02:56,lht65-20,52.2507,5.97306,2.992,16.72,91.2,52
2026-06-12 20:12:56,lht65-20,52.2507,5.97306,2.989,16.55,92.4,28
2026-06-12 20:22:56,lht65-20,52.2507,5.97306,2.989,16.55,92.7,5
2026-06-12 20:32:56,lht65-20,52.2507,5.97306,2.991,16.62,92.3,0
2026-06-12 20:42:56,lht65-20,52.2507,5.97306,2.991,16.58,92.3,0
2026-06-12 20:52:56,lht65-20,52.2507,5.97306,2.989,16.46,92.7,0
2026-06-12 21:02:56,lht65-20,52.2507,5.97306,2.991,16.24,94.2,0
2026-06-12 21:12:56,lht65-20,52.2507,5.97306,2.989,16.28,94.3,0
2026-06-12 21:22:56,lht65-20,52.2507,5.97306,2.991,16.27,93.6,0
2026-06-12 21:32:56,lht65-20,52.2507,5.97306,2.991,16.33,92.7,0
2026-06-12 21:42:56,lht65-20,52.2507,5.97306,2.989,16.33,91.7,0
2026-06-12 21:52:56,lht65-20,52.2507,5.97306,2.991,16.23,91.8,0
2026-06-12 22:02:56,lht65-20,52.2507,5.97306,2.989,16.25,91.8,0
2026-06-12 22:12:56,lht65-20,52.2507,5.97306,2.991,16.31,91.5,0
2026-06-12 22:22:56,lht65-20,52.2507,5.97306,2.991,16.37,90.9,0
2026-06-12 22:32:56,lht65-20,52.2507,5.97306,2.991,16.32,90.9,0
2026-06-12 22:42:56,lht65-20,52.2507,5.97306,2.989,16.32,90.6,0
2026-06-12 22:52:56,lht65-20,52.2507,5.97306,2.989,16.33,90.0,0
2026-06-12 23:02:56,lht65-20,52.2507,5.97306,2.991,16.28,90.2,0
2026-06-12 23:12:56,lht65-20,52.2507,5.97306,2.989,16.28,90.0,0
2026-06-12 23:22:56,lht65-20,52.2507,5.97306,2.991,16.23,90.4,0
2026-06-12 23:32:56,lht65-20,52.2507,5.97306,2.989,16.17,90.7,0
2026-06-12 23:42:56,lht65-20,52.2507,5.97306,2.989,16.12,90.9,0
2026-06-12 23:52:56,lht65-20,52.2507,5.97306,2.991,16.08,91.2,0
2026-06-13 00:02:56,lht65-20,52.2507,5.97306,2.991,16.03,91.6,0
2026-06-13 00:12:56,lht65-20,52.2507,5.97306,2.989,16.0,91.3,0
2026-06-13 00:22:56,lht65-20,52.2507,5.97306,2.991,15.97,91.1,0
2026-06-13 00:32:56,lht65-20,52.2507,5.97306,2.991,15.92,91.0,0
2026-06-13 00:42:56,lht65-20,52.2507,5.97306,2.989,15.91,90.6,0
2026-06-13 00:52:56,lht65-20,52.2507,5.97306,2.989,15.79,90.8,0
2026-06-13 01:02:56,lht65-20,52.2507,5.97306,2.989,15.69,91.1,0
2026-06-13 01:12:56,lht65-20,52.2507,5.97306,2.989,15.61,91.5,0
2026-06-13 01:22:56,lht65-20,52.2507,5.97306,2.989,15.57,91.5,0
2026-06-13 01:32:56,lht65-20,52.2507,5.97306,2.989,15.52,91.5,0
2026-06-13 01:42:56,lht65-20,52.2507,5.97306,2.989,15.47,91.5,0
2026-06-13 01:52:56,lht65-20,52.2507,5.97306,2.989,15.44,91.4,0
2026-06-13 02:02:56,lht65-20,52.2507,5.97306,2.989,15.43,91.1,0
2026-06-13 02:12:56,lht65-20,52.2507,5.97306,2.989,15.44,90.5,0
2026-06-13 02:22:56,lht65-20,52.2507,5.97306,2.989,15.41,90.3,0
2026-06-13 02:32:56,lht65-20,52.2507,5.97306,2.989,15.35,90.6,0
2026-06-13 02:42:56,lht65-20,52.2507,5.97306,2.989,15.23,90.5,7
2026-06-13 02:52:56,lht65-20,52.2507,5.97306,2.989,14.92,91.0,26
2026-06-13 03:02:56,lht65-20,52.2507,5.97306,2.989,14.58,91.8,75
2026-06-13 03:12:56,lht65-20,52.2507,5.97306,2.987,14.17,92.9,179
2026-06-13 03:22:56,lht65-20,52.2507,5.97306,2.987,14.02,94.4,326
2026-06-13 03:32:56,lht65-20,52.2507,5.97306,2.987,13.88,94.9,463
2026-06-13 03:42:57,lht65-20,52.2507,5.97306,2.987,14.1,95.9,880
2026-06-13 03:52:56,lht65-20,52.2507,5.97306,2.987,14.28,96.0,1275
2026-06-13 04:02:56,lht65-20,52.2507,5.97306,2.987,14.33,95.6,1756
2026-06-13 04:12:56,lht65-20,52.2507,5.97306,2.987,14.48,95.2,1821
2026-06-13 04:22:56,lht65-20,52.2507,5.97306,2.987,14.57,95.0,6260
2026-06-13 04:32:56,lht65-20,52.2507,5.97306,2.989,15.26,92.5,7155
2026-06-13 04:42:56,lht65-20,52.2507,5.97306,2.989,15.47,90.9,10352
2026-06-13 04:52:56,lht65-20,52.2507,5.97306,2.989,15.34,90.0,4513
2026-06-13 05:02:56,lht65-20,52.2507,5.97306,2.989,15.18,90.2,4568
2026-06-13 05:12:56,lht65-20,52.2507,5.97306,2.989,15.66,89.0,13982
2026-06-13 05:22:56,lht65-20,52.2507,5.97306,2.989,16.2,86.7,14220
2026-06-13 05:32:56,lht65-20,52.2507,5.97306,2.989,16.27,86.9,16750
2026-06-13 05:42:56,lht65-20,52.2507,5.97306,2.991,16.32,86.0,7380
2026-06-13 05:52:56,lht65-20,52.2507,5.97306,2.989,16.05,87.2,20881
2026-06-13 06:02:56,lht65-20,52.2507,5.97306,2.989,16.38,84.8,21530
2026-06-13 06:12:56,lht65-20,52.2507,5.97306,2.989,16.7,83.7,11799
2026-06-13 06:22:56,lht65-20,52.2507,5.97306,2.991,16.51,84.1,8915
2026-06-13 06:32:56,lht65-20,52.2507,5.97306,2.991,16.38,84.9,4609
2026-06-13 06:42:56,lht65-20,52.2507,5.97306,2.991,16.57,85.2,20495
2026-06-13 06:52:56,lht65-20,52.2507,5.97306,2.992,17.12,81.2,26923
2026-06-13 07:02:56,lht65-20,52.2507,5.97306,2.991,17.83,76.4,28652
2026-06-13 07:12:56,lht65-20,52.2507,5.97306,2.991,17.89,75.9,10335
2026-06-13 07:22:56,lht65-20,52.2507,5.97306,2.991,17.88,74.4,7375
2026-06-13 07:32:56,lht65-20,52.2507,5.97306,2.992,17.77,75.0,12436
2026-06-13 07:42:56,lht65-20,52.2507,5.97306,2.991,18.07,74.2,12054
2026-06-13 07:52:56,lht65-20,52.2507,5.97306,2.992,17.84,72.7,8104
2026-06-13 08:02:56,lht65-20,52.2507,5.97306,2.992,16.86,74.4,9791
2026-06-13 08:12:56,lht65-20,52.2507,5.97306,2.991,16.99,73.9,8255
2026-06-13 08:22:56,lht65-20,52.2507,5.97306,2.991,17.76,69.3,33749
2026-06-13 08:42:56,lht65-20,52.2507,5.97306,2.992,16.96,69.5,7183
2026-06-13 08:52:56,lht65-20,52.2507,5.97306,2.991,16.37,73.9,9721
2026-06-13 09:02:56,lht65-20,52.2507,5.97306,2.992,17.41,73.5,36595
2026-06-13 09:12:56,lht65-20,52.2507,5.97306,2.992,18.28,66.3,16563
2026-06-13 09:22:56,lht65-20,52.2507,5.97306,2.994,18.1,63.4,13599
2026-06-13 09:32:56,lht65-20,52.2507,5.97306,2.992,16.95,66.3,13843
2026-06-13 09:42:56,lht65-20,52.2507,5.97306,2.992,17.17,66.8,39090
2026-06-13 10:02:56,lht65-20,52.2507,5.97306,2.992,16.91,62.8,9335
2026-06-13 10:12:56,lht65-20,52.2507,5.97306,2.991,16.59,62.2,14791
2026-06-13 10:22:56,lht65-20,52.2507,5.97306,2.991,16.63,63.0,13926
2026-06-13 10:32:56,lht65-20,52.2507,5.97306,2.991,16.46,62.1,15970
2026-06-13 10:42:56,lht65-20,52.2507,5.97306,2.991,16.38,63.5,16849
2026-06-13 10:52:56,lht65-20,52.2507,5.97306,2.991,16.42,62.5,16770
2026-06-13 11:02:56,lht65-20,52.2507,5.97306,2.992,16.39,62.8,12649
2026-06-13 11:12:56,lht65-20,52.2507,5.97306,2.989,16.12,64.1,19421
2026-06-13 11:22:56,lht65-20,52.2507,5.97306,2.991,17.01,60.7,7705
2026-06-13 11:32:56,lht65-20,52.2507,5.97306,2.991,16.18,65.5,10830
2026-06-13 11:42:56,lht65-20,52.2507,5.97306,2.989,16.32,65.4,24960
2026-06-13 12:02:56,lht65-20,52.2507,5.97306,2.991,16.23,68.2,11565
2026-06-13 12:12:56,lht65-20,52.2507,5.97306,2.991,16.04,67.5,12429
2026-06-13 12:22:56,lht65-20,52.2507,5.97306,2.991,16.51,65.3,32908
2026-06-13 12:32:56,lht65-20,52.2507,5.97306,2.991,17.16,63.8,18045
2026-06-13 12:42:56,lht65-20,52.2507,5.97306,2.992,16.53,64.9,14059
2026-06-13 12:52:56,lht65-20,52.2507,5.97306,2.991,16.65,65.3,15646
2026-06-13 13:02:56,lht65-20,52.2507,5.97306,2.991,16.25,62.6,5767
2026-06-13 13:12:56,lht65-20,52.2507,5.97306,2.989,15.59,65.0,4120
2026-06-13 13:22:56,lht65-20,52.2507,5.97306,2.989,15.4,65.3,5610
2026-06-13 13:32:56,lht65-20,52.2507,5.97306,2.989,15.53,67.0,7503
2026-06-13 13:42:56,lht65-20,52.2507,5.97306,2.991,15.34,67.8,6938
2026-06-13 13:52:56,lht65-20,52.2507,5.97306,2.989,15.46,67.9,11531
2026-06-13 14:02:56,lht65-20,52.2507,5.97306,2.989,15.62,67.6,7253
2026-06-13 14:12:57,lht65-20,52.2507,5.97306,2.989,15.21,67.5,2865
2026-06-13 14:22:56,lht65-20,52.2507,5.97306,2.989,15.07,68.5,4665
2026-06-13 14:32:56,lht65-20,52.2507,5.97306,2.989,14.93,68.8,2270
2026-06-13 14:42:56,lht65-20,52.2507,5.97306,2.989,14.6,70.0,2464
2026-06-13 14:52:56,lht65-20,52.2507,5.97306,2.989,14.59,71.1,5862
2026-06-13 15:02:56,lht65-20,52.2507,5.97306,2.987,14.76,70.5,4320
2026-06-13 15:12:56,lht65-20,52.2507,5.97306,2.989,14.74,71.0,3648
2026-06-13 15:22:56,lht65-20,52.2507,5.97306,2.989,14.69,69.0,3755
2026-06-13 15:32:56,lht65-20,52.2507,5.97306,2.989,14.74,69.3,7213
2026-06-13 15:42:56,lht65-20,52.2507,5.97306,2.989,14.92,68.7,6935
2026-06-13 15:52:56,lht65-20,52.2507,5.97306,2.989,14.87,68.5,2717
2026-06-13 16:02:56,lht65-20,52.2507,5.97306,2.989,14.58,69.7,2380
2026-06-13 16:12:56,lht65-20,52.2507,5.97306,2.989,14.42,70.4,2832
2026-06-13 16:22:56,lht65-20,52.2507,5.97306,2.987,14.41,70.5,4129
2026-06-13 16:32:56,lht65-20,52.2507,5.97306,2.987,14.57,71.1,6418
2026-06-13 16:42:56,lht65-20,52.2507,5.97306,2.989,14.75,70.3,5550
2026-06-13 16:52:56,lht65-20,52.2507,5.97306,2.989,14.71,70.1,2840
2026-06-13 17:02:56,lht65-20,52.2507,5.97306,2.987,14.55,72.1,1575
2026-06-13 17:12:56,lht65-20,52.2507,5.97306,2.987,14.43,72.5,1515
2026-06-13 17:22:56,lht65-20,52.2507,5.97306,2.989,14.37,71.9,1319
2026-06-13 17:32:56,lht65-20,52.2507,5.97306,2.989,14.36,72.2,1617
2026-06-13 17:42:56,lht65-20,52.2507,5.97306,2.989,14.31,72.7,2798
2026-06-13 17:52:56,lht65-20,52.2507,5.97306,2.989,14.37,71.5,2856
2026-06-13 18:02:56,lht65-20,52.2507,5.97306,2.989,14.49,71.3,4015
2026-06-13 18:12:56,lht65-20,52.2507,5.97306,2.989,14.5,71.6,2456
2026-06-13 18:22:56,lht65-20,52.2507,5.97306,2.989,14.43,70.9,1925
2026-06-13 18:32:56,lht65-20,52.2507,5.97306,2.989,14.36,71.4,1019
2026-06-13 18:42:56,lht65-20,52.2507,5.97306,2.989,14.24,71.7,437
2026-06-13 18:52:56,lht65-20,52.2507,5.97306,2.989,14.1,74.0,820
2026-06-13 19:02:56,lht65-20,52.2507,5.97306,2.987,13.92,74.7,1312
2026-06-13 19:12:56,lht65-20,52.2507,5.97306,2.989,13.86,75.9,686
2026-06-13 19:22:56,lht65-20,52.2507,5.97306,2.987,13.72,76.2,277
2026-06-13 19:32:56,lht65-20,52.2507,5.97306,2.989,13.59,77.1,105
2026-06-13 19:42:56,lht65-20,52.2507,5.97306,2.989,13.53,78.0,63
2026-06-13 19:52:56,lht65-20,52.2507,5.97306,2.989,13.46,77.9,20
2026-06-13 20:02:56,lht65-20,52.2507,5.97306,2.987,13.41,78.3,20
2026-06-13 20:12:56,lht65-20,52.2507,5.97306,2.987,13.37,78.5,30
2026-06-13 20:22:56,lht65-20,52.2507,5.97306,2.987,13.51,77.0,9
2026-06-13 20:32:56,lht65-20,52.2507,5.97306,2.987,13.51,77.4,3
2026-06-13 20:42:56,lht65-20,52.2507,5.97306,2.987,13.36,78.3,0
2026-06-13 20:52:56,lht65-20,52.2507,5.97306,2.987,13.26,79.7,0
2026-06-13 21:02:56,lht65-20,52.2507,5.97306,2.987,13.11,80.4,0
2026-06-13 21:12:56,lht65-20,52.2507,5.97306,2.987,13.04,80.3,0
2026-06-13 21:22:56,lht65-20,52.2507,5.97306,2.987,13.04,80.1,0
2026-06-13 21:32:56,lht65-20,52.2507,5.97306,2.987,13.19,78.3,0
2026-06-13 21:42:56,lht65-20,52.2507,5.97306,2.987,13.23,78.3,0
2026-06-13 21:52:56,lht65-20,52.2507,5.97306,2.987,13.21,78.9,0
2026-06-13 22:02:56,lht65-20,52.2507,5.97306,2.987,13.25,78.2,0
2026-06-13 22:12:56,lht65-20,52.2507,5.97306,2.987,13.32,77.5,0
2026-06-13 22:22:56,lht65-20,52.2507,5.97306,2.987,13.36,77.5,0
2026-06-13 22:32:56,lht65-20,52.2507,5.97306,2.987,13.37,76.9,0
2026-06-13 22:42:56,lht65-20,52.2507,5.97306,2.987,13.25,77.2,0
2026-06-13 22:52:56,lht65-20,52.2507,5.97306,2.987,13.04,77.8,0
2026-06-13 23:02:57,lht65-20,52.2507,5.97306,2.987,13.08,78.2,0
2026-06-13 23:12:56,lht65-20,52.2507,5.97306,2.987,12.98,78.2,0
2026-06-13 23:22:56,lht65-20,52.2507,5.97306,2.987,12.84,78.7,0
2026-06-13 23:32:56,lht65-20,52.2507,5.97306,2.987,12.74,79.1,0
2026-06-13 23:42:56,lht65-20,52.2507,5.97306,2.987,12.58,80.1,0
2026-06-13 23:52:56,lht65-20,52.2507,5.97306,2.987,12.62,80.2,0
2026-06-14 00:02:56,lht65-20,52.2507,5.97306,2.987,12.63,80.4,0
2026-06-14 00:12:56,lht65-20,52.2507,5.97306,2.987,12.71,80.2,0
2026-06-14 00:22:56,lht65-20,52.2507,5.97306,2.985,12.7,80.4,0
2026-06-14 00:32:56,lht65-20,52.2507,5.97306,2.985,12.72,80.3,0
2026-06-14 00:42:56,lht65-20,52.2507,5.97306,2.987,12.88,79.8,0
2026-06-14 00:52:56,lht65-20,52.2507,5.97306,2.987,12.92,79.9,0
2026-06-14 01:02:56,lht65-20,52.2507,5.97306,2.985,12.89,79.9,0
2026-06-14 01:12:56,lht65-20,52.2507,5.97306,2.987,12.98,79.9,0
2026-06-14 01:22:56,lht65-20,52.2507,5.97306,2.987,12.93,79.4,0
2026-06-14 01:32:56,lht65-20,52.2507,5.97306,2.987,13.04,79.1,0
2026-06-14 01:42:56,lht65-20,52.2507,5.97306,2.985,13.08,78.6,0
2026-06-14 01:52:56,lht65-20,52.2507,5.97306,2.987,13.12,78.2,0
2026-06-14 02:02:56,lht65-20,52.2507,5.97306,2.987,13.17,78.0,0
2026-06-14 02:12:56,lht65-20,52.2507,5.97306,2.987,13.12,77.6,0
2026-06-14 02:22:56,lht65-20,52.2507,5.97306,2.987,13.15,77.3,0
2026-06-14 02:32:56,lht65-20,52.2507,5.97306,2.987,13.06,77.5,1
2026-06-14 02:42:56,lht65-20,52.2507,5.97306,2.987,13.01,78.1,6
2026-06-14 02:52:56,lht65-20,52.2507,5.97306,2.985,13.0,78.3,27
2026-06-14 03:02:56,lht65-20,52.2507,5.97306,2.985,12.87,79.0,83
2026-06-14 03:12:56,lht65-20,52.2507,5.97306,2.987,12.76,79.8,175
2026-06-14 03:22:56,lht65-20,52.2507,5.97306,2.985,12.69,80.1,295
2026-06-14 03:32:56,lht65-20,52.2507,5.97306,2.983,12.64,80.4,504
2026-06-14 03:42:56,lht65-20,52.2507,5.97306,2.985,12.5,81.1,1373
2026-06-14 03:52:56,lht65-20,52.2507,5.97306,2.985,12.3,81.9,1419
2026-06-14 04:02:56,lht65-20,52.2507,5.97306,2.987,12.3,82.6,2480
2026-06-14 04:12:56,lht65-20,52.2507,5.97306,2.983,12.65,81.6,2960
2026-06-14 04:22:56,lht65-20,52.2507,5.97306,2.985,13.29,80.5,8052
2026-06-14 04:32:56,lht65-20,52.2507,5.97306,2.987,13.85,78.4,9017
2026-06-14 04:42:56,lht65-20,52.2507,5.97306,2.987,13.46,78.9,3845
2026-06-14 04:52:56,lht65-20,52.2507,5.97306,2.987,13.31,80.4,12187
2026-06-14 05:02:56,lht65-20,52.2507,5.97306,2.987,14.17,77.7,6305
2026-06-14 05:12:56,lht65-20,52.2507,5.97306,2.987,13.88,78.7,5676
2026-06-14 05:22:56,lht65-20,52.2507,5.97306,2.985,13.72,79.9,4597
2026-06-14 05:32:56,lht65-20,52.2507,5.97306,2.987,13.67,79.5,5148
2026-06-14 05:42:56,lht65-20,52.2507,5.97306,2.987,13.73,80.0,5087
2026-06-14 05:52:56,lht65-20,52.2507,5.97306,2.987,13.69,80.2,4180
2026-06-14 06:02:56,lht65-20,52.2507,5.97306,2.987,14.67,78.9,14100
2026-06-14 06:12:56,lht65-20,52.2507,5.97306,2.987,15.01,77.1,19045
2026-06-14 06:22:56,lht65-20,52.2507,5.97306,2.987,15.49,74.3,30613
2026-06-14 06:32:56,lht65-20,52.2507,5.97306,2.987,15.46,74.9,11998
2026-06-14 06:42:56,lht65-20,52.2507,5.97306,2.987,15.03,72.6,9125
2026-06-14 06:52:56,lht65-20,52.2507,5.97306,2.987,14.71,73.5,8920
2026-06-14 07:02:56,lht65-20,52.2507,5.97306,2.987,14.51,76.3,8816
2026-06-14 07:12:56,lht65-20,52.2507,5.97306,2.987,14.59,78.4,13966
2026-06-14 07:22:56,lht65-20,52.2507,5.97306,2.987,14.99,78.2,19230
2026-06-14 07:32:56,lht65-20,52.2507,5.97306,2.987,15.52,75.0,15331
2026-06-14 07:42:56,lht65-20,52.2507,5.97306,2.989,15.57,74.4,13030
2026-06-14 07:52:56,lht65-20,52.2507,5.97306,2.989,15.34,72.7,6987
2026-06-14 08:02:56,lht65-20,52.2507,5.97306,2.989,15.22,74.3,6843
2026-06-14 08:12:56,lht65-20,52.2507,5.97306,2.989,15.53,71.3,19521
2026-06-14 08:22:56,lht65-20,52.2507,5.97306,2.989,16.31,67.9,21932
2026-06-14 08:32:56,lht65-20,52.2507,5.97306,2.989,15.99,66.2,14220
2026-06-14 08:42:56,lht65-20,52.2507,5.97306,2.989,15.9,67.8,13055
2026-06-14 08:52:56,lht65-20,52.2507,5.97306,2.989,15.73,68.3,8927
2026-06-14 09:12:56,lht65-20,52.2507,5.97306,2.989,15.17,69.8,6901
2026-06-14 09:22:56,lht65-20,52.2507,5.97306,2.987,15.5,67.4,12222
2026-06-14 09:32:56,lht65-20,52.2507,5.97306,2.989,15.65,68.0,12160
2026-06-14 09:42:56,lht65-20,52.2507,5.97306,2.989,16.02,64.8,17287
2026-06-14 09:52:56,lht65-20,52.2507,5.97306,2.989,16.0,65.6,13024
2026-06-14 10:02:56,lht65-20,52.2507,5.97306,2.989,16.1,67.2,11063
2026-06-14 10:12:56,lht65-20,52.2507,5.97306,2.991,15.69,69.3,6092
2026-06-14 10:22:56,lht65-20,52.2507,5.97306,2.989,15.39,71.6,5735
2026-06-14 10:32:56,lht65-20,52.2507,5.97306,2.989,15.04,75.4,5742
2026-06-14 10:42:56,lht65-20,52.2507,5.97306,2.987,14.7,78.7,5241
2026-06-14 10:52:56,lht65-20,52.2507,5.97306,2.987,14.67,78.3,6129
2026-06-14 11:02:56,lht65-20,52.2507,5.97306,2.987,14.86,75.1,7635
2026-06-14 11:12:56,lht65-20,52.2507,5.97306,2.989,15.04,76.3,8182
2026-06-14 11:22:56,lht65-20,52.2507,5.97306,2.987,15.1,75.4,5139
2026-06-14 11:32:56,lht65-20,52.2507,5.97306,2.987,15.06,79.2,5639
2026-06-14 11:52:56,lht65-20,52.2507,5.97306,2.987,15.31,76.8,20501
2026-06-14 12:02:56,lht65-20,52.2507,5.97306,2.989,16.56,71.4,24359
2026-06-14 12:12:56,lht65-20,52.2507,5.97306,2.989,16.56,67.7,7452
2026-06-14 12:22:56,lht65-20,52.2507,5.97306,2.987,16.04,66.8,10968
2026-06-14 12:32:56,lht65-20,52.2507,5.97306,2.991,16.53,64.9,21454
2026-06-14 12:42:56,lht65-20,52.2507,5.97306,2.989,17.14,63.7,22138
2026-06-14 12:52:56,lht65-20,52.2507,5.97306,2.991,17.3,61.8,19928
2026-06-14 13:02:57,lht65-20,52.2507,5.97306,2.991,17.32,62.6,24801
2026-06-14 13:12:56,lht65-20,52.2507,5.97306,2.991,17.75,65.4,35105
2026-06-14 13:22:56,lht65-20,52.2507,5.97306,2.991,17.38,63.2,23012
2026-06-14 13:32:56,lht65-20,52.2507,5.97306,2.989,17.47,63.2,11533
2026-06-14 13:42:56,lht65-20,52.2507,5.97306,2.991,18.55,60.4,17176
2026-06-14 13:52:56,lht65-20,52.2507,5.97306,2.992,18.36,61.7,22943
2026-06-14 14:02:56,lht65-20,52.2507,5.97306,2.992,18.14,58.5,26961
2026-06-14 14:12:56,lht65-20,52.2507,5.97306,2.991,17.54,59.7,10628
2026-06-14 14:22:56,lht65-20,52.2507,5.97306,2.992,17.24,61.9,31386
2026-06-14 14:32:56,lht65-20,52.2507,5.97306,2.992,17.39,59.2,11982
2026-06-14 14:42:56,lht65-20,52.2507,5.97306,2.991,16.65,63.0,9831
2026-06-14 14:52:56,lht65-20,52.2507,5.97306,2.989,16.29,65.4,8751
2026-06-14 15:02:56,lht65-20,52.2507,5.97306,2.989,16.77,65.8,35492
2026-06-14 15:12:56,lht65-20,52.2507,5.97306,2.991,17.54,60.7,8693
2026-06-14 15:22:56,lht65-20,52.2507,5.97306,2.989,16.7,65.7,9889
2026-06-14 15:32:56,lht65-20,52.2507,5.97306,2.991,17.17,64.7,11780
2026-06-14 15:42:56,lht65-20,52.2507,5.97306,2.989,16.73,61.7,7108
2026-06-14 15:52:56,lht65-20,52.2507,5.97306,2.991,16.72,65.3,9415
2026-06-14 16:02:56,lht65-20,52.2507,5.97306,2.989,16.35,63.9,7949
2026-06-14 16:12:56,lht65-20,52.2507,5.97306,2.991,16.62,62.3,32874
2026-06-14 16:22:56,lht65-20,52.2507,5.97306,2.992,17.87,57.6,9076
2026-06-14 16:32:56,lht65-20,52.2507,5.97306,2.992,16.79,62.2,11880
2026-06-14 16:42:56,lht65-20,52.2507,5.97306,2.991,16.52,61.7,7682
2026-06-14 16:52:56,lht65-20,52.2507,5.97306,2.989,16.21,64.7,8514
2026-06-14 17:02:56,lht65-20,52.2507,5.97306,2.989,15.9,67.8,9288
2026-06-14 17:12:56,lht65-20,52.2507,5.97306,2.989,15.95,67.6,6844
2026-06-14 17:22:56,lht65-20,52.2507,5.97306,2.989,15.5,69.1,5340
2026-06-14 17:32:56,lht65-20,52.2507,5.97306,2.989,15.2,68.8,5566
2026-06-14 17:42:56,lht65-20,52.2507,5.97306,2.991,15.32,69.9,7370
2026-06-14 17:52:56,lht65-20,52.2507,5.97306,2.989,15.38,70.3,6110
2026-06-14 18:02:56,lht65-20,52.2507,5.97306,2.989,14.93,72.1,5045
2026-06-14 18:12:56,lht65-20,52.2507,5.97306,2.989,15.32,68.9,13443
2026-06-14 18:22:56,lht65-20,52.2507,5.97306,2.989,14.99,71.1,11822
2026-06-14 18:32:56,lht65-20,52.2507,5.97306,2.989,15.01,69.4,11476
2026-06-14 18:42:56,lht65-20,52.2507,5.97306,2.989,15.45,66.8,9244
2026-06-14 18:52:56,lht65-20,52.2507,5.97306,2.989,14.65,68.5,2241
2026-06-14 19:02:56,lht65-20,52.2507,5.97306,2.989,14.0,71.1,1768
2026-06-14 19:12:56,lht65-20,52.2507,5.97306,2.989,13.78,71.7,1288
2026-06-14 19:22:56,lht65-20,52.2507,5.97306,2.987,13.67,72.6,500
2026-06-14 19:32:56,lht65-20,52.2507,5.97306,2.987,13.67,72.7,233
2026-06-14 19:42:56,lht65-20,52.2507,5.97306,2.987,13.66,72.5,115
2026-06-14 19:52:56,lht65-20,52.2507,5.97306,2.987,13.59,73.1,87
2026-06-14 20:02:56,lht65-20,52.2507,5.97306,2.987,13.47,74.5,32
2026-06-14 20:12:56,lht65-20,52.2507,5.97306,2.987,13.39,76.3,34
2026-06-14 20:22:56,lht65-20,52.2507,5.97306,2.987,13.26,76.5,7
2026-06-14 20:32:56,lht65-20,52.2507,5.97306,2.987,13.22,76.9,1
2026-06-14 20:42:56,lht65-20,52.2507,5.97306,2.987,13.23,77.1,0
2026-06-14 20:52:56,lht65-20,52.2507,5.97306,2.987,13.15,77.3,0
2026-06-14 21:02:57,lht65-20,52.2507,5.97306,2.987,13.06,77.8,0
2026-06-14 21:12:56,lht65-20,52.2507,5.97306,2.987,12.99,78.6,0
2026-06-14 21:22:56,lht65-20,52.2507,5.97306,2.987,13.01,78.8,0
2026-06-14 21:32:56,lht65-20,52.2507,5.97306,2.987,13.01,79.3,0
2026-06-14 21:42:56,lht65-20,52.2507,5.97306,2.987,12.99,79.7,0
2026-06-14 21:52:56,lht65-20,52.2507,5.97306,2.987,12.98,79.7,0
2026-06-14 22:02:56,lht65-20,52.2507,5.97306,2.987,12.93,80.6,0
2026-06-14 22:12:56,lht65-20,52.2507,5.97306,2.987,12.92,81.0,0
2026-06-14 22:22:56,lht65-20,52.2507,5.97306,2.985,12.86,81.9,0
2026-06-14 22:32:56,lht65-20,52.2507,5.97306,2.985,12.88,82.2,0
2026-06-14 22:42:56,lht65-20,52.2507,5.97306,2.985,12.91,82.4,0
2026-06-14 22:52:56,lht65-20,52.2507,5.97306,2.985,12.91,82.9,0
2026-06-14 23:02:56,lht65-20,52.2507,5.97306,2.987,12.86,82.9,0
2026-06-14 23:12:56,lht65-20,52.2507,5.97306,2.987,12.84,83.3,0
2026-06-14 23:22:56,lht65-20,52.2507,5.97306,2.985,12.79,83.5,0
2026-06-14 23:32:56,lht65-20,52.2507,5.97306,2.987,12.66,84.3,0
2026-06-14 23:42:56,lht65-20,52.2507,5.97306,2.987,12.65,84.5,0
2026-06-14 23:52:56,lht65-20,52.2507,5.97306,2.987,12.65,84.4,0
2026-06-15 00:02:56,lht65-20,52.2507,5.97306,2.985,12.64,84.6,0
2026-06-15 00:12:56,lht65-20,52.2507,5.97306,2.987,12.63,84.4,0
2026-06-15 00:22:56,lht65-20,52.2507,5.97306,2.985,12.64,84.1,0
2026-06-15 00:32:56,lht65-20,52.2507,5.97306,2.985,12.63,84.1,0
2026-06-15 00:42:56,lht65-20,52.2507,5.97306,2.987,12.65,84.0,0
2026-06-15 00:52:56,lht65-20,52.2507,5.97306,2.985,12.58,84.2,0
2026-06-15 01:02:56,lht65-20,52.2507,5.97306,2.985,12.53,84.3,0
2026-06-15 01:12:56,lht65-20,52.2507,5.97306,2.983,12.54,84.2,0
2026-06-15 01:22:56,lht65-20,52.2507,5.97306,2.985,12.56,83.7,0
2026-06-15 01:32:56,lht65-20,52.2507,5.97306,2.985,12.53,84.1,0
2026-06-15 01:42:56,lht65-20,52.2507,5.97306,2.987,12.5,84.3,0
2026-06-15 01:52:56,lht65-20,52.2507,5.97306,2.987,12.43,84.8,0
2026-06-15 02:02:56,lht65-20,52.2507,5.97306,2.985,12.43,84.9,0
2026-06-15 02:12:56,lht65-20,52.2507,5.97306,2.983,12.42,85.1,0
2026-06-15 02:22:56,lht65-20,52.2507,5.97306,2.985,12.44,85.1,0
2026-06-15 02:32:56,lht65-20,52.2507,5.97306,2.983,12.4,85.0,0
2026-06-15 02:42:56,lht65-20,52.2507,5.97306,2.983,12.42,84.5,5
2026-06-15 02:52:56,lht65-20,52.2507,5.97306,2.983,12.47,84.2,11
2026-06-15 03:02:56,lht65-20,52.2507,5.97306,2.983,12.39,85.5,30
2026-06-15 03:12:56,lht65-20,52.2507,5.97306,2.983,12.14,87.7,114
2026-06-15 03:22:56,lht65-20,52.2507,5.97306,2.983,12.0,89.0,240
2026-06-15 03:32:56,lht65-20,52.2507,5.97306,2.983,11.9,89.8,408
2026-06-15 03:42:56,lht65-20,52.2507,5.97306,2.983,11.93,90.2,373
2026-06-15 03:52:56,lht65-20,52.2507,5.97306,2.983,11.94,90.6,535
2026-06-15 04:02:56,lht65-20,52.2507,5.97306,2.983,11.96,91.2,889
2026-06-15 04:12:56,lht65-20,52.2507,5.97306,2.983,12.08,90.3,1388
2026-06-15 04:22:56,lht65-20,52.2507,5.97306,2.985,12.14,89.9,920
2026-06-15 04:32:56,lht65-20,52.2507,5.97306,2.983,12.05,90.9,592
2026-06-15 04:42:56,lht65-20,52.2507,5.97306,2.983,11.84,92.7,1931
2026-06-15 04:52:57,lht65-20,52.2507,5.97306,2.983,12.0,93.3,4347
2026-06-15 05:02:57,lht65-20,52.2507,5.97306,2.983,12.14,92.4,3054
2026-06-15 05:12:56,lht65-20,52.2507,5.97306,2.983,12.24,91.4,3783
2026-06-15 05:22:56,lht65-20,52.2507,5.97306,2.983,12.33,90.8,2792
2026-06-15 05:32:56,lht65-20,52.2507,5.97306,2.983,12.36,90.6,2615
2026-06-15 05:42:56,lht65-20,52.2507,5.97306,2.983,12.43,90.3,3869
2026-06-15 05:52:57,lht65-20,52.2507,5.97306,2.985,12.54,90.0,4429
2026-06-15 06:02:56,lht65-20,52.2507,5.97306,2.983,12.63,89.9,4836
2026-06-15 06:12:57,lht65-20,52.2507,5.97306,2.983,12.8,89.6,5279
2026-06-15 06:22:56,lht65-20,52.2507,5.97306,2.983,12.89,88.3,5090
2026-06-15 06:32:57,lht65-20,52.2507,5.97306,2.985,12.96,88.1,5308
2026-06-15 06:42:56,lht65-20,52.2507,5.97306,2.985,13.0,87.7,4535
2026-06-15 06:52:56,lht65-20,52.2507,5.97306,2.985,13.03,87.7,5450
2026-06-15 07:02:56,lht65-20,52.2507,5.97306,2.985,13.09,87.8,4995
2026-06-15 07:12:56,lht65-20,52.2507,5.97306,2.985,13.18,87.5,7224
2026-06-15 07:22:56,lht65-20,52.2507,5.97306,2.985,13.38,87.1,6986
2026-06-15 07:32:56,lht65-20,52.2507,5.97306,2.985,13.32,85.4,6838
2026-06-15 07:42:56,lht65-20,52.2507,5.97306,2.983,13.4,85.9,5284
2026-06-15 07:52:56,lht65-20,52.2507,5.97306,2.987,13.44,86.3,6585
2026-06-15 08:02:56,lht65-20,52.2507,5.97306,2.985,13.44,85.7,3867
2026-06-15 08:12:56,lht65-20,52.2507,5.97306,2.985,13.46,85.6,4913
2026-06-15 08:22:56,lht65-20,52.2507,5.97306,2.985,13.51,84.5,5874
2026-06-15 08:32:56,lht65-20,52.2507,5.97306,2.987,13.77,83.7,10246
2026-06-15 08:42:57,lht65-20,52.2507,5.97306,2.985,14.3,81.7,13678
2026-06-15 08:52:56,lht65-20,52.2507,5.97306,2.987,14.84,78.7,16763
2026-06-15 09:02:56,lht65-20,52.2507,5.97306,2.987,14.96,79.3,12100
2026-06-15 09:12:56,lht65-20,52.2507,5.97306,2.987,14.78,78.8,10774
2026-06-15 09:22:56,lht65-20,52.2507,5.97306,2.987,14.6,78.5,9918
2026-06-15 09:32:57,lht65-20,52.2507,5.97306,2.987,14.33,80.2,8044
2026-06-15 09:42:56,lht65-20,52.2507,5.97306,2.987,14.29,82.1,13171
2026-06-15 09:52:56,lht65-20,52.2507,5.97306,2.987,14.91,80.0,13111
2026-06-15 10:02:56,lht65-20,52.2507,5.97306,2.987,15.19,76.1,12974
2026-06-15 10:12:57,lht65-20,52.2507,5.97306,2.987,15.36,76.7,5388
2026-06-15 10:22:56,lht65-20,52.2507,5.97306,2.987,15.16,76.9,4734
2026-06-15 10:32:56,lht65-20,52.2507,5.97306,2.987,14.64,78.5,3595
2026-06-15 10:42:56,lht65-20,52.2507,5.97306,2.987,14.51,78.5,6389
2026-06-15 10:52:56,lht65-20,52.2507,5.97306,2.987,14.66,75.7,9016
2026-06-15 11:02:56,lht65-20,52.2507,5.97306,2.987,15.07,74.1,14606
2026-06-15 11:12:57,lht65-20,52.2507,5.97306,2.987,15.72,71.2,14293
2026-06-15 11:22:56,lht65-20,52.2507,5.97306,2.989,15.48,72.3,10891
2026-06-15 11:32:56,lht65-20,52.2507,5.97306,2.987,15.43,72.4,12075
2026-06-15 11:42:56,lht65-20,52.2507,5.97306,2.987,15.33,72.7,13650
2026-06-15 11:52:56,lht65-20,52.2507,5.97306,2.987,15.29,74.9,13537
2026-06-15 12:02:56,lht65-20,52.2507,5.97306,2.989,15.34,72.9,12572
2026-06-15 12:12:56,lht65-20,52.2507,5.97306,2.987,15.35,75.0,11620
2026-06-15 12:22:56,lht65-20,52.2507,5.97306,2.987,15.74,73.2,15250
2026-06-15 12:32:56,lht65-20,52.2507,5.97306,2.989,15.47,74.6,7348
2026-06-15 12:42:56,lht65-20,52.2507,5.97306,2.987,15.6,75.3,11800
2026-06-15 12:52:56,lht65-20,52.2507,5.97306,2.989,15.67,75.0,13398
2026-06-15 13:02:56,lht65-20,52.2507,5.97306,2.987,15.79,76.1,15352
2026-06-15 13:12:56,lht65-20,52.2507,5.97306,2.987,16.31,78.2,23658
2026-06-15 13:22:57,lht65-20,52.2507,5.97306,2.989,17.33,71.4,23041
2026-06-15 13:32:56,lht65-20,52.2507,5.97306,2.991,17.21,70.6,24337
2026-06-15 13:42:56,lht65-20,52.2507,5.97306,2.991,17.89,65.7,45302
2026-06-15 13:52:56,lht65-20,52.2507,5.97306,2.991,17.8,66.5,13710
2026-06-15 14:02:56,lht65-20,52.2507,5.97306,2.991,18.25,68.1,42126
2026-06-15 14:12:56,lht65-20,52.2507,5.97306,2.989,18.91,63.3,41207
2026-06-15 14:22:56,lht65-20,52.2507,5.97306,2.992,18.92,62.5,42908
2026-06-15 14:32:56,lht65-20,52.2507,5.97306,2.991,18.33,63.8,13010
2026-06-15 14:42:56,lht65-20,52.2507,5.97306,2.992,19.07,62.9,35911
2026-06-15 14:52:56,lht65-20,52.2507,5.97306,2.992,18.8,61.4,13985
2026-06-15 15:02:56,lht65-20,52.2507,5.97306,2.992,18.03,63.9,13710
2026-06-15 15:12:56,lht65-20,52.2507,5.97306,2.991,17.85,63.8,11646
2026-06-15 15:22:56,lht65-20,52.2507,5.97306,2.991,18.35,64.8,15130
2026-06-15 15:32:56,lht65-20,52.2507,5.97306,2.991,19.04,61.9,21736
2026-06-15 15:42:56,lht65-20,52.2507,5.97306,2.992,18.46,62.9,30560
2026-06-15 15:52:56,lht65-20,52.2507,5.97306,2.992,19.14,61.7,31520
2026-06-15 16:02:56,lht65-20,52.2507,5.97306,2.992,19.87,57.3,29167
2026-06-15 16:12:56,lht65-20,52.2507,5.97306,2.994,19.92,56.9,26112
2026-06-15 16:22:56,lht65-20,52.2507,5.97306,2.994,19.62,57.3,14889
2026-06-15 16:32:56,lht65-20,52.2507,5.97306,2.992,18.74,60.5,26198
2026-06-15 16:42:56,lht65-20,52.2507,5.97306,2.992,19.57,60.1,24576
2026-06-15 16:52:56,lht65-20,52.2507,5.97306,2.994,19.8,54.6,9180
2026-06-15 17:02:56,lht65-20,52.2507,5.97306,2.994,19.27,58.4,18981
2026-06-15 17:12:56,lht65-20,52.2507,5.97306,2.992,18.31,61.7,7722
2026-06-15 17:22:56,lht65-20,52.2507,5.97306,2.992,18.09,61.2,7664
2026-06-15 17:32:56,lht65-20,52.2507,5.97306,2.992,17.51,63.6,11463
2026-06-15 17:42:56,lht65-20,52.2507,5.97306,2.992,18.15,61.7,5494
2026-06-15 17:52:56,lht65-20,52.2507,5.97306,2.992,18.51,65.5,13178
2026-06-15 18:02:56,lht65-20,52.2507,5.97306,2.994,19.36,55.7,9740
2026-06-15 18:12:56,lht65-20,52.2507,5.97306,2.994,19.01,57.8,11369
2026-06-15 18:22:56,lht65-20,52.2507,5.97306,2.994,19.1,58.6,9095
2026-06-15 18:32:56,lht65-20,52.2507,5.97306,2.994,18.43,60.5,7391
2026-06-15 18:42:56,lht65-20,52.2507,5.97306,2.994,17.91,64.4,5172
2026-06-15 18:52:56,lht65-20,52.2507,5.97306,2.992,17.32,66.1,2360
2026-06-15 19:02:56,lht65-20,52.2507,5.97306,2.991,16.57,73.9,2045
2026-06-15 19:12:56,lht65-20,52.2507,5.97306,2.992,16.05,71.5,1658
2026-06-15 19:22:56,lht65-20,52.2507,5.97306,2.991,15.61,75.7,1201
2026-06-15 19:32:56,lht65-20,52.2507,5.97306,2.989,14.96,77.3,831
2026-06-15 19:42:56,lht65-20,52.2507,5.97306,2.989,14.24,80.6,469
2026-06-15 19:52:56,lht65-20,52.2507,5.97306,2.989,13.48,82.9,242
2026-06-15 20:02:56,lht65-20,52.2507,5.97306,2.987,12.79,84.4,122
2026-06-15 20:12:56,lht65-20,52.2507,5.97306,2.987,12.43,88.7,53
2026-06-15 20:22:56,lht65-20,52.2507,5.97306,2.985,12.2,89.9,18
2026-06-15 20:32:56,lht65-20,52.2507,5.97306,2.985,11.83,90.6,5
2026-06-15 20:42:56,lht65-20,52.2507,5.97306,2.985,11.22,90.0,1
2026-06-15 20:52:56,lht65-20,52.2507,5.97306,2.983,10.78,91.6,0
2026-06-15 21:02:56,lht65-20,52.2507,5.97306,2.983,10.72,93.6,0
2026-06-15 21:12:56,lht65-20,52.2507,5.97306,2.983,10.74,94.7,0
2026-06-15 21:22:56,lht65-20,52.2507,5.97306,2.983,10.74,95.3,0
2026-06-15 21:32:56,lht65-20,52.2507,5.97306,2.983,10.66,95.8,0
2026-06-15 21:42:56,lht65-20,52.2507,5.97306,2.983,10.3,95.8,0
2026-06-15 21:52:56,lht65-20,52.2507,5.97306,2.983,9.87,95.7,0
2026-06-15 22:02:56,lht65-20,52.2507,5.97306,2.983,9.84,96.0,0
2026-06-15 22:12:56,lht65-20,52.2507,5.97306,2.98,10.1,96.4,0
2026-06-15 22:22:56,lht65-20,52.2507,5.97306,2.983,10.18,96.8,0
2026-06-15 22:32:56,lht65-20,52.2507,5.97306,2.983,10.23,97.0,0
2026-06-15 22:42:56,lht65-20,52.2507,5.97306,2.983,10.14,97.1,0
2026-06-15 22:52:56,lht65-20,52.2507,5.97306,2.983,10.17,97.3,0
2026-06-15 23:02:56,lht65-20,52.2507,5.97306,2.983,10.12,97.4,0
2026-06-15 23:12:56,lht65-20,52.2507,5.97306,2.983,10.02,97.5,0
2026-06-15 23:22:56,lht65-20,52.2507,5.97306,2.983,10.0,97.6,0
2026-06-15 23:32:56,lht65-20,52.2507,5.97306,2.98,9.98,97.7,0
2026-06-15 23:42:56,lht65-20,52.2507,5.97306,2.98,9.93,97.8,0
2026-06-15 23:52:56,lht65-20,52.2507,5.97306,2.982,9.71,97.9,0
2026-06-16 00:02:56,lht65-20,52.2507,5.97306,2.98,9.46,97.9,0
2026-06-16 00:12:56,lht65-20,52.2507,5.97306,2.98,9.29,97.9,0
2026-06-16 00:22:56,lht65-20,52.2507,5.97306,2.98,9.16,98.0,0
2026-06-16 00:32:56,lht65-20,52.2507,5.97306,2.98,9.21,98.0,0
2026-06-16 00:42:56,lht65-20,52.2507,5.97306,2.98,9.18,98.0,0
2026-06-16 00:52:56,lht65-20,52.2507,5.97306,2.98,9.14,98.0,0
2026-06-16 01:02:56,lht65-20,52.2507,5.97306,2.98,9.08,98.1,0
2026-06-16 01:12:56,lht65-20,52.2507,5.97306,2.978,9.16,98.2,0
2026-06-16 01:22:56,lht65-20,52.2507,5.97306,2.98,9.19,98.3,0
2026-06-16 01:32:56,lht65-20,52.2507,5.97306,2.98,9.3,98.3,0
2026-06-16 01:42:56,lht65-20,52.2507,5.97306,2.98,9.3,98.3,0
2026-06-16 01:52:56,lht65-20,52.2507,5.97306,2.98,9.29,98.4,0
2026-06-16 02:02:56,lht65-20,52.2507,5.97306,2.98,9.28,98.4,0
2026-06-16 02:12:56,lht65-20,52.2507,5.97306,2.98,9.37,98.5,0
2026-06-16 02:22:56,lht65-20,52.2507,5.97306,2.98,9.49,98.5,0
2026-06-16 02:32:56,lht65-20,52.2507,5.97306,2.978,9.57,98.5,0
2026-06-16 02:42:56,lht65-20,52.2507,5.97306,2.98,9.68,98.6,5
2026-06-16 02:52:56,lht65-20,52.2507,5.97306,2.98,9.74,98.6,12
2026-06-16 03:02:56,lht65-20,52.2507,5.97306,2.98,9.87,98.6,30
2026-06-16 03:12:56,lht65-20,52.2507,5.97306,2.98,10.06,98.6,55
2026-06-16 03:22:56,lht65-20,52.2507,5.97306,2.98,10.16,98.6,143
2026-06-16 03:32:57,lht65-20,52.2507,5.97306,2.98,10.28,98.6,331
2026-06-16 03:42:57,lht65-20,52.2507,5.97306,2.98,10.46,98.4,570
2026-06-16 03:52:56,lht65-20,52.2507,5.97306,2.98,10.53,98.2,473
2026-06-16 04:02:57,lht65-20,52.2507,5.97306,2.98,10.69,97.7,743
2026-06-16 04:12:57,lht65-20,52.2507,5.97306,2.983,10.87,97.0,1518
2026-06-16 04:22:56,lht65-20,52.2507,5.97306,2.983,11.02,95.7,1652
2026-06-16 04:32:57,lht65-20,52.2507,5.97306,2.982,11.18,94.5,1633
2026-06-16 04:42:56,lht65-20,52.2507,5.97306,2.983,11.29,93.7,2152
2026-06-16 04:52:56,lht65-20,52.2507,5.97306,2.983,11.47,92.5,2517
2026-06-16 05:02:56,lht65-20,52.2507,5.97306,2.983,11.71,91.4,3182
2026-06-16 05:12:56,lht65-20,52.2507,5.97306,2.983,11.96,90.4,3840
2026-06-16 05:22:56,lht65-20,52.2507,5.97306,2.983,12.11,89.6,4504
2026-06-16 05:32:57,lht65-20,52.2507,5.97306,2.983,12.32,88.3,5815
2026-06-16 05:42:56,lht65-20,52.2507,5.97306,2.983,12.67,87.6,7362
2026-06-16 05:52:57,lht65-20,52.2507,5.97306,2.983,12.91,86.9,7055
2026-06-16 06:02:56,lht65-20,52.2507,5.97306,2.983,13.3,85.2,7237
2026-06-16 06:12:57,lht65-20,52.2507,5.97306,2.983,13.33,84.6,6824
2026-06-16 06:22:57,lht65-20,52.2507,5.97306,2.985,13.56,84.1,7637
2026-06-16 06:32:56,lht65-20,52.2507,5.97306,2.985,13.74,82.9,6941
2026-06-16 06:42:57,lht65-20,52.2507,5.97306,2.985,14.11,82.4,8565
2026-06-16 06:52:57,lht65-20,52.2507,5.97306,2.985,14.46,81.0,9418
2026-06-16 07:02:57,lht65-20,52.2507,5.97306,2.987,15.61,78.8,17971
2026-06-16 07:12:57,lht65-20,52.2507,5.97306,2.987,16.27,74.6,13955
2026-06-16 07:22:57,lht65-20,52.2507,5.97306,2.989,16.1,77.3,14183
2026-06-16 07:32:57,lht65-20,52.2507,5.97306,2.987,16.34,76.0,21250
2026-06-16 07:42:57,lht65-20,52.2507,5.97306,2.989,17.24,73.1,19224
2026-06-16 07:52:57,lht65-20,52.2507,5.97306,2.989,17.37,72.3,24118
2026-06-16 08:02:56,lht65-20,52.2507,5.97306,2.989,18.09,69.4,32133
2026-06-16 08:12:56,lht65-20,52.2507,5.97306,2.989,18.6,70.1,24221
2026-06-16 08:22:56,lht65-20,52.2507,5.97306,2.989,18.12,71.5,14006
2026-06-16 08:32:57,lht65-20,52.2507,5.97306,2.991,18.5,72.2,31225
2026-06-16 08:42:57,lht65-20,52.2507,5.97306,2.991,19.14,67.8,31095
2026-06-16 08:52:57,lht65-20,52.2507,5.97306,2.991,19.64,68.3,31627
2026-06-16 09:02:57,lht65-20,52.2507,5.97306,2.994,19.73,65.6,32053
2026-06-16 09:12:56,lht65-20,52.2507,5.97306,2.992,20.04,68.3,32461
2026-06-16 09:22:56,lht65-20,52.2507,5.97306,2.992,20.37,68.3,32989
2026-06-16 09:42:56,lht65-20,52.2507,5.97306,2.994,21.21,67.3,38731
2026-06-16 09:52:56,lht65-20,52.2507,5.97306,2.994,21.46,61.6,35690
2026-06-16 10:02:56,lht65-20,52.2507,5.97306,2.994,21.6,64.8,35063
2026-06-16 10:32:56,lht65-20,52.2507,5.97306,2.994,21.21,62.4,24520
2026-06-16 10:42:56,lht65-20,52.2507,5.97306,2.994,22.03,63.6,39285
2026-06-16 10:52:56,lht65-20,52.2507,5.97306,2.996,22.6,61.1,38742
2026-06-16 11:02:56,lht65-20,52.2507,5.97306,2.998,22.46,61.1,38028
2026-06-16 11:12:56,lht65-20,52.2507,5.97306,2.996,22.93,59.3,37375
2026-06-16 11:22:56,lht65-20,52.2507,5.97306,2.996,23.05,59.9,39533
2026-06-16 11:32:56,lht65-20,52.2507,5.97306,2.998,22.71,60.0,41239
2026-06-16 11:42:56,lht65-20,52.2507,5.97306,2.996,23.46,58.5,39117
2026-06-16 11:52:56,lht65-20,52.2507,5.97306,2.998,23.27,60.8,27065
2026-06-16 12:02:56,lht65-20,52.2507,5.97306,2.998,22.29,63.4,39910
2026-06-16 12:12:57,lht65-20,52.2507,5.97306,2.998,23.45,60.5,41512
2026-06-16 12:22:56,lht65-20,52.2507,5.97306,2.998,24.37,55.6,21018
2026-06-16 12:32:56,lht65-20,52.2507,5.97306,2.998,23.2,59.2,31369
2026-06-16 12:42:56,lht65-20,52.2507,5.97306,2.998,23.1,59.5,17713
2026-06-16 12:52:57,lht65-20,52.2507,5.97306,2.998,22.62,63.3,37194
2026-06-16 13:02:56,lht65-20,52.2507,5.97306,2.998,24.38,57.1,34939
2026-06-16 13:12:56,lht65-20,52.2507,5.97306,3.0,23.25,59.0,36116
2026-06-16 13:22:56,lht65-20,52.2507,5.97306,2.998,24.74,58.3,38650
2026-06-16 13:32:56,lht65-20,52.2507,5.97306,2.998,25.91,55.7,36706
2026-06-16 13:42:57,lht65-20,52.2507,5.97306,3.0,24.46,55.9,12607
2026-06-16 13:52:56,lht65-20,52.2507,5.97306,3.0,23.16,62.4,12922
2026-06-16 14:02:56,lht65-20,52.2507,5.97306,2.998,22.53,63.4,14551
2026-06-16 14:12:56,lht65-20,52.2507,5.97306,3.0,22.6,63.3,26944
2026-06-16 14:32:56,lht65-20,52.2507,5.97306,3.0,24.7,57.9,32637
2026-06-16 14:42:56,lht65-20,52.2507,5.97306,3.001,25.67,51.9,33019
2026-06-16 14:52:56,lht65-20,52.2507,5.97306,3.001,25.94,53.6,31738
2026-06-16 15:02:56,lht65-20,52.2507,5.97306,3.001,25.43,58.0,31488
2026-06-16 15:12:56,lht65-20,52.2507,5.97306,3.001,24.54,56.3,23209
2026-06-16 15:22:56,lht65-20,52.2507,5.97306,3.001,23.82,58.3,23524
2026-06-16 15:32:56,lht65-20,52.2507,5.97306,3.001,23.19,60.7,25423
2026-06-16 15:42:56,lht65-20,52.2507,5.97306,3.001,24.77,58.1,26560
2026-06-16 15:52:56,lht65-20,52.2507,5.97306,3.001,25.61,54.6,26755
2026-06-16 16:02:56,lht65-20,52.2507,5.97306,3.001,25.45,56.2,26006
2026-06-16 16:12:56,lht65-20,52.2507,5.97306,3.001,24.39,53.4,9284
2026-06-16 16:22:56,lht65-20,52.2507,5.97306,3.001,24.79,58.9,20686
2026-06-16 16:32:56,lht65-20,52.2507,5.97306,3.001,23.8,58.2,9736
2026-06-16 16:42:56,lht65-20,52.2507,5.97306,3.001,23.44,59.6,22549
2026-06-16 16:52:56,lht65-20,52.2507,5.97306,3.001,23.24,58.4,7900
2026-06-16 17:02:56,lht65-20,52.2507,5.97306,3.001,21.98,63.1,6447
2026-06-16 17:12:56,lht65-20,52.2507,5.97306,3.001,21.62,64.6,11420
2026-06-16 17:22:56,lht65-20,52.2507,5.97306,3.001,22.61,59.8,10875
2026-06-16 17:32:56,lht65-20,52.2507,5.97306,3.001,22.21,63.0,12108
2026-06-16 17:42:56,lht65-20,52.2507,5.97306,3.001,21.82,65.6,4922
2026-06-16 17:52:56,lht65-20,52.2507,5.97306,3.001,21.36,69.4,3757
2026-06-16 18:12:56,lht65-20,52.2507,5.97306,3.001,20.8,68.9,3253
2026-06-16 18:22:56,lht65-20,52.2507,5.97306,3.001,20.63,68.6,3466
2026-06-16 18:32:56,lht65-20,52.2507,5.97306,3.0,20.51,70.5,3039
2026-06-16 18:52:56,lht65-20,52.2507,5.97306,3.001,20.76,72.9,2911
2026-06-16 19:02:56,lht65-20,52.2507,5.97306,3.001,21.06,72.3,2828
2026-06-16 19:12:56,lht65-20,52.2507,5.97306,3.001,21.05,68.5,1581
2026-06-16 19:22:56,lht65-20,52.2507,5.97306,3.001,20.33,69.7,800
2026-06-16 19:32:56,lht65-20,52.2507,5.97306,3.0,19.83,70.7,464
2026-06-16 19:42:56,lht65-20,52.2507,5.97306,3.0,19.46,73.7,309
2026-06-16 19:52:56,lht65-20,52.2507,5.97306,3.0,19.05,77.7,192
2026-06-16 20:02:56,lht65-20,52.2507,5.97306,2.998,18.58,77.6,100
2026-06-16 20:12:56,lht65-20,52.2507,5.97306,3.0,18.27,77.2,55
2026-06-16 20:22:56,lht65-20,52.2507,5.97306,3.0,17.91,79.2,21
2026-06-16 20:32:56,lht65-20,52.2507,5.97306,3.0,17.56,79.5,6
2026-06-16 20:42:56,lht65-20,52.2507,5.97306,3.0,17.24,80.4,1
2026-06-16 20:52:56,lht65-20,52.2507,5.97306,2.998,16.76,82.1,0
2026-06-16 21:02:56,lht65-20,52.2507,5.97306,2.998,16.27,83.1,0
2026-06-16 21:12:56,lht65-20,52.2507,5.97306,2.998,15.82,86.2,0
2026-06-16 21:22:56,lht65-20,52.2507,5.97306,2.998,15.79,86.5,0
2026-06-16 21:32:56,lht65-20,52.2507,5.97306,2.998,15.7,86.1,0
2026-06-16 21:42:56,lht65-20,52.2507,5.97306,2.998,15.5,88.6,0
2026-06-16 21:52:56,lht65-20,52.2507,5.97306,2.998,15.49,87.3,0
2026-06-16 22:02:56,lht65-20,52.2507,5.97306,2.998,15.29,88.2,0
2026-06-16 22:22:56,lht65-20,52.2507,5.97306,2.998,14.98,89.0,0
2026-06-16 22:32:56,lht65-20,52.2507,5.97306,2.996,14.67,90.0,0
2026-06-16 22:42:56,lht65-20,52.2507,5.97306,2.994,14.47,92.1,0
2026-06-16 22:52:56,lht65-20,52.2507,5.97306,2.994,14.34,92.5,0
2026-06-16 23:02:56,lht65-20,52.2507,5.97306,2.994,14.39,92.8,0
2026-06-16 23:12:56,lht65-20,52.2507,5.97306,2.994,14.25,93.1,0
2026-06-16 23:22:56,lht65-20,52.2507,5.97306,2.992,14.07,93.6,0
2026-06-16 23:32:56,lht65-20,52.2507,5.97306,2.994,13.91,94.2,0
2026-06-16 23:42:56,lht65-20,52.2507,5.97306,2.994,13.68,94.4,0
2026-06-16 23:52:56,lht65-20,52.2507,5.97306,2.994,13.53,94.6,0
2026-06-17 00:02:56,lht65-20,52.2507,5.97306,2.992,13.43,94.9,0
2026-06-17 00:12:56,lht65-20,52.2507,5.97306,2.992,13.34,95.3,0
2026-06-17 00:22:57,lht65-20,52.2507,5.97306,2.994,13.3,95.6,0
2026-06-17 00:32:57,lht65-20,52.2507,5.97306,2.992,13.12,95.6,0
2026-06-17 00:42:56,lht65-20,52.2507,5.97306,2.992,12.76,95.3,0
2026-06-17 00:52:57,lht65-20,52.2507,5.97306,2.992,12.68,95.7,0
2026-06-17 01:12:56,lht65-20,52.2507,5.97306,2.991,11.96,95.6,0
2026-06-17 01:22:56,lht65-20,52.2507,5.97306,2.991,11.9,95.7,0
2026-06-17 01:32:56,lht65-20,52.2507,5.97306,2.992,12.06,96.3,0
2026-06-17 01:42:56,lht65-20,52.2507,5.97306,2.991,12.09,96.8,0
2026-06-17 01:52:56,lht65-20,52.2507,5.97306,2.991,12.28,97.0,0
2026-06-17 02:02:56,lht65-20,52.2507,5.97306,2.991,12.3,97.3,0
2026-06-17 02:12:56,lht65-20,52.2507,5.97306,2.994,12.36,97.4,0
2026-06-17 02:22:56,lht65-20,52.2507,5.97306,2.991,12.41,97.6,0
2026-06-17 02:32:56,lht65-20,52.2507,5.97306,2.992,12.41,97.7,2
2026-06-17 02:42:56,lht65-20,52.2507,5.97306,2.991,12.41,97.8,5
2026-06-17 03:02:56,lht65-20,52.2507,5.97306,2.991,12.51,97.9,51
2026-06-17 03:12:56,lht65-20,52.2507,5.97306,2.989,12.57,97.9,141
2026-06-17 03:22:56,lht65-20,52.2507,5.97306,2.991,12.48,98.0,263
2026-06-17 03:32:56,lht65-20,52.2507,5.97306,2.991,12.44,98.0,394
2026-06-17 03:42:56,lht65-20,52.2507,5.97306,2.992,12.32,98.1,508
2026-06-17 03:52:56,lht65-20,52.2507,5.97306,2.991,12.47,98.1,795
2026-06-17 04:02:56,lht65-20,52.2507,5.97306,2.991,12.69,98.1,1110
2026-06-17 04:12:56,lht65-20,52.2507,5.97306,2.991,13.02,98.2,1519
2026-06-17 04:22:56,lht65-20,52.2507,5.97306,2.991,13.42,98.2,1960
2026-06-17 04:32:56,lht65-20,52.2507,5.97306,2.992,13.82,98.2,3281
2026-06-17 04:42:56,lht65-20,52.2507,5.97306,2.991,14.32,98.3,4090
2026-06-17 04:52:56,lht65-20,52.2507,5.97306,2.994,14.71,98.3,3004
2026-06-17 05:02:56,lht65-20,52.2507,5.97306,2.994,15.01,98.2,2359
2026-06-17 05:12:56,lht65-20,52.2507,5.97306,2.994,15.44,97.4,4225
2026-06-17 05:22:56,lht65-20,52.2507,5.97306,2.996,15.83,92.9,3195
2026-06-17 05:32:56,lht65-20,52.2507,5.97306,2.994,15.93,87.9,2297
2026-06-17 05:42:56,lht65-20,52.2507,5.97306,2.994,15.99,86.3,2605
2026-06-17 05:52:56,lht65-20,52.2507,5.97306,2.994,16.23,85.9,2684
2026-06-17 06:02:56,lht65-20,52.2507,5.97306,2.994,16.4,84.8,2834
2026-06-17 06:22:56,lht65-20,52.2507,5.97306,2.994,17.01,82.6,5995
2026-06-17 06:32:56,lht65-20,52.2507,5.97306,2.996,17.26,81.6,3431
2026-06-17 06:42:56,lht65-20,52.2507,5.97306,2.996,17.44,82.4,6080
2026-06-17 06:52:56,lht65-20,52.2507,5.97306,2.994,17.69,82.6,5842
2026-06-17 07:02:56,lht65-20,52.2507,5.97306,2.998,17.85,81.6,6650
2026-06-17 07:12:56,lht65-20,52.2507,5.97306,2.998,18.06,81.5,7961
2026-06-17 07:22:56,lht65-20,52.2507,5.97306,2.998,18.2,79.5,7969
2026-06-17 07:32:56,lht65-20,52.2507,5.97306,2.998,18.32,79.9,10810
2026-06-17 07:42:56,lht65-20,52.2507,5.97306,2.998,18.61,77.9,12460
2026-06-17 07:52:56,lht65-20,52.2507,5.97306,2.998,18.66,78.9,9742
2026-06-17 08:02:56,lht65-20,52.2507,5.97306,2.998,18.86,78.1,12885
2026-06-17 08:12:56,lht65-20,52.2507,5.97306,2.998,19.18,77.8,13485
2026-06-17 08:22:56,lht65-20,52.2507,5.97306,2.998,19.46,77.2,14510
2026-06-17 08:32:56,lht65-20,52.2507,5.97306,3.0,19.76,75.7,14130
2026-06-17 08:42:56,lht65-20,52.2507,5.97306,2.998,20.02,76.1,16661
2026-06-17 08:52:56,lht65-20,52.2507,5.97306,3.0,20.26,75.6,15889
2026-06-17 09:02:56,lht65-20,52.2507,5.97306,2.998,20.57,74.7,19374
2026-06-17 09:12:56,lht65-20,52.2507,5.97306,3.0,21.01,72.4,15183
2026-06-17 09:22:56,lht65-20,52.2507,5.97306,3.0,20.94,73.5,14392
2026-06-17 09:32:56,lht65-20,52.2507,5.97306,3.0,21.12,72.9,19773
2026-06-17 09:42:56,lht65-20,52.2507,5.97306,3.001,21.13,72.0,18204
2026-06-17 09:52:57,lht65-20,52.2507,5.97306,3.001,20.91,75.5,13637
2026-06-17 10:02:56,lht65-20,52.2507,5.97306,3.001,20.81,75.1,14563
2026-06-17 10:12:56,lht65-20,52.2507,5.97306,3.0,21.08,73.9,17155
2026-06-17 10:22:56,lht65-20,52.2507,5.97306,3.001,20.84,72.3,16081
2026-06-17 10:32:56,lht65-20,52.2507,5.97306,3.0,20.93,74.0,20210
2026-06-17 10:42:56,lht65-20,52.2507,5.97306,3.001,21.55,72.5,29254
2026-06-17 10:52:56,lht65-20,52.2507,5.97306,3.001,22.26,71.3,47215
2026-06-17 11:02:56,lht65-20,52.2507,5.97306,3.001,22.78,64.1,31047
2026-06-17 11:12:56,lht65-20,52.2507,5.97306,3.001,23.38,70.4,43470
2026-06-17 11:22:56,lht65-20,52.2507,5.97306,3.001,23.36,66.4,43910
2026-06-17 11:32:56,lht65-20,52.2507,5.97306,3.001,23.05,67.9,32888
2026-06-17 11:42:56,lht65-20,52.2507,5.97306,3.003,23.64,65.1,39508
2026-06-17 11:52:56,lht65-20,52.2507,5.97306,3.001,23.87,64.3,22382
2026-06-17 12:02:56,lht65-20,52.2507,5.97306,3.003,23.94,64.7,17281
2026-06-17 12:22:56,lht65-20,52.2507,5.97306,3.003,23.3,66.9,23351
2026-06-17 12:32:56,lht65-20,52.2507,5.97306,3.005,23.8,65.9,18052
2026-06-17 12:42:56,lht65-20,52.2507,5.97306,3.003,23.64,66.5,24435
2026-06-17 12:52:56,lht65-20,52.2507,5.97306,3.001,23.48,66.3,32098
2026-06-17 13:02:56,lht65-20,52.2507,5.97306,3.005,23.66,66.3,17511
2026-06-17 13:12:56,lht65-20,52.2507,5.97306,3.005,24.23,65.8,15075
2026-06-17 13:22:56,lht65-20,52.2507,5.97306,3.003,23.36,68.5,22521
2026-06-17 13:32:56,lht65-20,52.2507,5.97306,3.003,23.46,68.6,9729
2026-06-17 13:42:56,lht65-20,52.2507,5.97306,3.005,22.65,70.8,4661
2026-06-17 13:52:56,lht65-20,52.2507,5.97306,3.003,22.17,72.4,4206
2026-06-17 14:02:56,lht65-20,52.2507,5.97306,3.003,22.12,73.8,14329
2026-06-17 14:12:56,lht65-20,52.2507,5.97306,3.005,22.36,73.6,17931
2026-06-17 14:22:56,lht65-20,52.2507,5.97306,3.005,22.3,74.4,13174
2026-06-17 14:32:56,lht65-20,52.2507,5.97306,3.005,22.67,74.2,19242
2026-06-17 14:42:56,lht65-20,52.2507,5.97306,3.003,22.62,73.9,8967
2026-06-17 14:52:56,lht65-20,52.2507,5.97306,3.005,22.09,75.3,6499
2026-06-17 15:02:56,lht65-20,52.2507,5.97306,3.005,22.35,74.9,18926
2026-06-17 15:12:56,lht65-20,52.2507,5.97306,3.005,23.29,71.7,19655
2026-06-17 15:22:56,lht65-20,52.2507,5.97306,3.005,23.07,73.2,13274
2026-06-17 15:32:56,lht65-20,52.2507,5.97306,3.005,22.79,72.6,10923
2026-06-17 15:42:56,lht65-20,52.2507,5.97306,3.003,22.71,73.9,10316
2026-06-17 15:52:56,lht65-20,52.2507,5.97306,3.005,22.55,73.3,6919
2026-06-17 16:02:56,lht65-20,52.2507,5.97306,3.003,22.49,74.0,8008
2026-06-17 16:12:56,lht65-20,52.2507,5.97306,3.003,22.53,74.5,4970
2026-06-17 16:22:56,lht65-20,52.2507,5.97306,3.005,22.46,74.5,4530
2026-06-17 16:32:56,lht65-20,52.2507,5.97306,3.005,22.43,74.9,5470
2026-06-17 16:42:56,lht65-20,52.2507,5.97306,3.005,22.87,73.4,24960
2026-06-17 16:52:56,lht65-20,52.2507,5.97306,3.007,23.76,70.9,13036
2026-06-17 17:02:56,lht65-20,52.2507,5.97306,3.005,23.54,72.9,11613
2026-06-17 17:12:56,lht65-20,52.2507,5.97306,3.007,23.36,72.8,8011
2026-06-17 17:22:56,lht65-20,52.2507,5.97306,3.005,23.29,73.0,6176
2026-06-17 17:32:56,lht65-20,52.2507,5.97306,3.005,23.09,73.9,4184
2026-06-17 17:42:56,lht65-20,52.2507,5.97306,3.007,23.15,74.1,7100
2026-06-17 17:52:56,lht65-20,52.2507,5.97306,3.005,23.39,72.8,11405
2026-06-17 18:02:56,lht65-20,52.2507,5.97306,3.005,23.22,73.6,2390
2026-06-17 18:12:56,lht65-20,52.2507,5.97306,3.007,22.95,73.5,3176
2026-06-17 18:22:56,lht65-20,52.2507,5.97306,3.007,22.88,73.8,2325
2026-06-17 18:32:56,lht65-20,52.2507,5.97306,3.007,22.79,74.6,2077
2026-06-17 18:42:56,lht65-20,52.2507,5.97306,3.007,22.8,74.8,5609
2026-06-17 18:52:56,lht65-20,52.2507,5.97306,3.007,23.2,73.5,3120
2026-06-17 19:02:56,lht65-20,52.2507,5.97306,3.007,22.8,74.3,1702
2026-06-17 19:12:56,lht65-20,52.2507,5.97306,3.007,22.41,75.9,1621
2026-06-17 19:22:56,lht65-20,52.2507,5.97306,3.005,22.25,77.0,1066
2026-06-17 19:32:56,lht65-20,52.2507,5.97306,3.007,22.0,78.7,914
2026-06-17 19:42:56,lht65-20,52.2507,5.97306,3.005,21.69,79.9,575
2026-06-17 19:52:56,lht65-20,52.2507,5.97306,3.007,21.25,80.8,297
2026-06-17 20:02:56,lht65-20,52.2507,5.97306,3.007,20.88,82.5,130
2026-06-17 20:12:56,lht65-20,52.2507,5.97306,3.005,20.62,84.0,50
2026-06-17 20:22:56,lht65-20,52.2507,5.97306,3.003,20.24,85.7,14
2026-06-17 20:32:56,lht65-20,52.2507,5.97306,3.007,20.04,86.5,4
2026-06-17 20:42:56,lht65-20,52.2507,5.97306,3.005,19.93,87.5,0
2026-06-17 20:52:56,lht65-20,52.2507,5.97306,3.001,19.97,89.0,0
2026-06-17 21:02:56,lht65-20,52.2507,5.97306,3.007,20.14,88.0,0
2026-06-17 21:12:56,lht65-20,52.2507,5.97306,3.005,20.11,88.3,0
2026-06-17 21:22:56,lht65-20,52.2507,5.97306,3.005,20.06,89.0,0
2026-06-17 21:32:56,lht65-20,52.2507,5.97306,3.003,19.91,89.4,0
2026-06-17 21:42:56,lht65-20,52.2507,5.97306,3.005,19.66,90.2,0
2026-06-17 21:52:56,lht65-20,52.2507,5.97306,3.005,19.42,91.3,0
2026-06-17 22:02:56,lht65-20,52.2507,5.97306,3.003,19.13,91.6,0
2026-06-17 22:12:56,lht65-20,52.2507,5.97306,3.005,18.84,92.0,0
2026-06-17 22:22:56,lht65-20,52.2507,5.97306,3.003,18.36,92.1,0
2026-06-17 22:32:56,lht65-20,52.2507,5.97306,3.003,18.09,93.8,0
2026-06-17 22:42:56,lht65-20,52.2507,5.97306,3.001,17.74,94.2,0
2026-06-17 22:52:56,lht65-20,52.2507,5.97306,3.001,17.46,94.7,0
2026-06-17 23:02:56,lht65-20,52.2507,5.97306,3.001,17.0,94.4,0
2026-06-17 23:12:56,lht65-20,52.2507,5.97306,3.001,16.99,95.4,0
2026-06-17 23:22:56,lht65-20,52.2507,5.97306,3.001,16.94,96.0,0
2026-06-17 23:32:56,lht65-20,52.2507,5.97306,3.001,16.78,96.3,0
2026-06-17 23:42:56,lht65-20,52.2507,5.97306,3.001,16.17,96.1,0
2026-06-17 23:52:56,lht65-20,52.2507,5.97306,3.001,15.67,95.8,0
2026-06-18 00:02:56,lht65-20,52.2507,5.97306,3.001,15.58,96.2,0
2026-06-18 00:12:56,lht65-20,52.2507,5.97306,3.001,15.37,96.4,0
2026-06-18 00:22:56,lht65-20,52.2507,5.97306,3.0,15.67,96.7,0
2026-06-18 00:32:56,lht65-20,52.2507,5.97306,3.0,15.6,96.8,0
2026-06-18 00:42:56,lht65-20,52.2507,5.97306,3.001,15.68,96.9,0
2026-06-18 00:52:56,lht65-20,52.2507,5.97306,3.001,15.78,96.6,0
2026-06-18 01:02:56,lht65-20,52.2507,5.97306,3.001,15.75,96.2,0
2026-06-18 01:12:56,lht65-20,52.2507,5.97306,3.0,15.57,95.5,0
2026-06-18 01:22:56,lht65-20,52.2507,5.97306,2.998,15.41,95.6,0
2026-06-18 01:32:56,lht65-20,52.2507,5.97306,3.0,15.32,95.8,0
2026-06-18 01:42:56,lht65-20,52.2507,5.97306,3.0,15.26,96.2,0
2026-06-18 01:52:56,lht65-20,52.2507,5.97306,3.0,15.16,96.3,0
2026-06-18 02:12:56,lht65-20,52.2507,5.97306,3.0,15.14,96.4,0
2026-06-18 02:22:56,lht65-20,52.2507,5.97306,2.998,15.01,96.2,0
2026-06-18 02:32:56,lht65-20,52.2507,5.97306,3.0,14.66,95.5,4
2026-06-18 02:52:56,lht65-20,52.2507,5.97306,3.0,14.25,96.0,47
2026-06-18 03:02:56,lht65-20,52.2507,5.97306,2.998,13.86,95.8,123
2026-06-18 03:12:56,lht65-20,52.2507,5.97306,2.998,13.47,95.6,241
2026-06-18 03:22:56,lht65-20,52.2507,5.97306,2.998,13.21,95.8,426
2026-06-18 03:32:56,lht65-20,52.2507,5.97306,2.998,13.24,96.5,730
2026-06-18 03:42:56,lht65-20,52.2507,5.97306,2.994,13.29,96.9,1329
2026-06-18 03:52:56,lht65-20,52.2507,5.97306,2.998,13.72,97.3,2853
2026-06-18 04:02:56,lht65-20,52.2507,5.97306,2.998,13.89,97.4,1989
2026-06-18 04:12:56,lht65-20,52.2507,5.97306,2.998,14.42,97.6,5029
2026-06-18 04:22:56,lht65-20,52.2507,5.97306,2.998,14.93,97.4,7575
2026-06-18 04:32:56,lht65-20,52.2507,5.97306,3.0,16.35,96.8,9394
2026-06-18 04:42:56,lht65-20,52.2507,5.97306,3.0,17.41,90.1,11058
2026-06-18 04:52:56,lht65-20,52.2507,5.97306,3.001,18.1,82.8,11521
2026-06-18 05:02:56,lht65-20,52.2507,5.97306,3.001,18.77,79.2,13670
2026-06-18 05:12:56,lht65-20,52.2507,5.97306,3.001,19.51,75.2,14845
2026-06-18 05:22:56,lht65-20,52.2507,5.97306,3.001,19.76,74.3,14382
2026-06-18 05:32:56,lht65-20,52.2507,5.97306,3.001,20.01,74.3,17631
2026-06-18 05:42:56,lht65-20,52.2507,5.97306,3.005,20.38,73.9,17277
2026-06-18 05:52:56,lht65-20,52.2507,5.97306,3.005,20.49,74.0,19809
2026-06-18 06:02:56,lht65-20,52.2507,5.97306,3.003,20.56,75.6,20967
2026-06-18 06:12:56,lht65-20,52.2507,5.97306,3.005,20.95,75.4,18765
2026-06-18 06:22:56,lht65-20,52.2507,5.97306,3.003,21.07,73.9,21855
2026-06-18 06:32:56,lht65-20,52.2507,5.97306,3.005,21.51,73.6,23835
2026-06-18 06:42:56,lht65-20,52.2507,5.97306,3.005,21.74,73.3,24343
2026-06-18 06:52:56,lht65-20,52.2507,5.97306,3.005,22.09,72.6,25428
2026-06-18 07:02:56,lht65-20,52.2507,5.97306,3.005,22.65,69.7,26615
2026-06-18 07:12:56,lht65-20,52.2507,5.97306,3.007,22.78,71.7,23681
2026-06-18 07:22:56,lht65-20,52.2507,5.97306,3.007,22.69,71.0,23673
2026-06-18 07:32:56,lht65-20,52.2507,5.97306,3.007,23.0,71.7,29221
2026-06-18 07:42:56,lht65-20,52.2507,5.97306,3.007,23.39,70.6,25533
2026-06-18 07:52:56,lht65-20,52.2507,5.97306,3.005,23.67,70.9,25054
2026-06-18 08:02:56,lht65-20,52.2507,5.97306,3.007,24.24,68.2,25991
2026-06-18 08:12:56,lht65-20,52.2507,5.97306,3.007,24.23,69.7,32245
2026-06-18 08:22:56,lht65-20,52.2507,5.97306,3.009,24.71,69.0,24835
2026-06-18 08:32:56,lht65-20,52.2507,5.97306,3.009,24.81,69.4,27856
2026-06-18 08:42:56,lht65-20,52.2507,5.97306,3.009,24.95,66.3,29598
2026-06-18 08:52:56,lht65-20,52.2507,5.97306,3.009,25.3,66.6,28562
2026-06-18 09:02:56,lht65-20,52.2507,5.97306,3.009,25.3,66.4,30433
2026-06-18 09:12:56,lht65-20,52.2507,5.97306,3.009,25.58,65.5,32493
2026-06-18 09:22:56,lht65-20,52.2507,5.97306,3.009,25.61,65.6,32054
2026-06-18 09:32:56,lht65-20,52.2507,5.97306,3.009,25.94,63.4,33465
2026-06-18 09:42:56,lht65-20,52.2507,5.97306,3.009,26.16,63.0,33994
2026-06-18 10:02:56,lht65-20,52.2507,5.97306,3.009,26.83,59.5,33920
2026-06-18 10:12:56,lht65-20,52.2507,5.97306,3.012,27.53,60.6,22853
2026-06-18 10:22:56,lht65-20,52.2507,5.97306,3.012,27.07,61.7,37570
2026-06-18 10:32:56,lht65-20,52.2507,5.97306,3.012,27.74,61.5,36885
2026-06-18 10:42:56,lht65-20,52.2507,5.97306,3.012,27.36,58.4,38097
2026-06-18 10:52:56,lht65-20,52.2507,5.97306,3.012,27.71,61.0,38175
2026-06-18 11:02:56,lht65-20,52.2507,5.97306,3.012,28.29,57.8,40442
2026-06-18 11:12:56,lht65-20,52.2507,5.97306,3.012,28.21,58.0,37760
2026-06-18 11:22:56,lht65-20,52.2507,5.97306,3.012,28.23,53.7,38102
2026-06-18 11:32:56,lht65-20,52.2507,5.97306,3.012,28.36,56.6,32455
2026-06-18 11:42:56,lht65-20,52.2507,5.97306,3.014,28.65,55.3,37188
2026-06-18 11:52:56,lht65-20,52.2507,5.97306,3.012,28.52,55.0,35338
2026-06-18 12:02:56,lht65-20,52.2507,5.97306,3.014,28.46,53.7,36320
2026-06-18 12:12:56,lht65-20,52.2507,5.97306,3.012,28.68,54.0,37195
2026-06-18 12:22:56,lht65-20,52.2507,5.97306,3.012,29.0,55.0,35275
2026-06-18 12:42:56,lht65-20,52.2507,5.97306,3.014,29.45,51.6,35786
2026-06-18 12:52:56,lht65-20,52.2507,5.97306,3.014,29.21,50.2,35700
2026-06-18 13:02:56,lht65-20,52.2507,5.97306,3.014,29.35,48.4,34865
2026-06-18 13:12:56,lht65-20,52.2507,5.97306,3.014,29.7,51.1,34837
2026-06-18 13:22:56,lht65-20,52.2507,5.97306,3.014,29.9,49.2,34381
2026-06-18 13:32:56,lht65-20,52.2507,5.97306,3.016,29.77,47.9,33405
2026-06-18 13:42:56,lht65-20,52.2507,5.97306,3.014,30.12,46.0,33206
2026-06-18 13:52:56,lht65-20,52.2507,5.97306,3.016,29.95,51.3,32776
2026-06-18 14:02:56,lht65-20,52.2507,5.97306,3.016,30.26,43.3,32870
2026-06-18 14:12:56,lht65-20,52.2507,5.97306,3.016,30.41,43.9,32600
2026-06-18 14:22:56,lht65-20,52.2507,5.97306,3.016,30.39,44.8,31597
2026-06-18 14:32:56,lht65-20,52.2507,5.97306,3.016,30.62,44.9,31548
2026-06-18 14:42:56,lht65-20,52.2507,5.97306,3.016,30.56,44.6,31323
2026-06-18 15:02:56,lht65-20,52.2507,5.97306,3.016,31.12,45.3,30469
2026-06-18 15:12:56,lht65-20,52.2507,5.97306,3.018,30.86,41.4,29932
2026-06-18 15:22:56,lht65-20,52.2507,5.97306,3.018,31.73,40.3,28929
2026-06-18 15:32:56,lht65-20,52.2507,5.97306,3.018,31.66,41.6,28781
2026-06-18 15:42:56,lht65-20,52.2507,5.97306,3.018,31.57,43.8,27777
2026-06-18 16:02:56,lht65-20,52.2507,5.97306,3.018,30.72,44.8,26224
2026-06-18 16:12:56,lht65-20,52.2507,5.97306,3.018,30.99,44.8,26039
2026-06-18 16:22:56,lht65-20,52.2507,5.97306,3.018,31.75,42.0,25658
2026-06-18 16:32:56,lht65-20,52.2507,5.97306,3.019,31.11,44.9,21281
2026-06-18 16:42:56,lht65-20,52.2507,5.97306,3.019,30.89,47.8,19146
2026-06-18 16:52:57,lht65-20,52.2507,5.97306,3.019,30.69,47.4,23060
2026-06-18 17:02:56,lht65-20,52.2507,5.97306,3.019,30.79,46.6,15416
2026-06-18 17:12:56,lht65-20,52.2507,5.97306,3.019,30.57,47.3,12165
2026-06-18 17:22:56,lht65-20,52.2507,5.97306,3.019,29.69,49.7,8503
2026-06-18 17:32:56,lht65-20,52.2507,5.97306,3.019,29.22,49.3,6852
2026-06-18 17:42:56,lht65-20,52.2507,5.97306,3.021,28.42,53.8,7435
2026-06-18 17:52:56,lht65-20,52.2507,5.97306,3.018,28.4,58.4,8523
2026-06-18 18:02:56,lht65-20,52.2507,5.97306,3.021,28.5,56.1,5415
2026-06-18 18:12:56,lht65-20,52.2507,5.97306,3.019,28.04,56.9,7777
2026-06-18 18:22:56,lht65-20,52.2507,5.97306,3.019,27.91,58.8,4445
2026-06-18 18:32:56,lht65-20,52.2507,5.97306,3.019,27.33,60.4,3030
2026-06-18 18:42:56,lht65-20,52.2507,5.97306,3.018,26.73,62.5,2454
2026-06-18 18:52:56,lht65-20,52.2507,5.97306,3.019,26.14,65.8,1868
2026-06-18 19:02:56,lht65-20,52.2507,5.97306,3.019,25.44,70.6,1172
2026-06-18 19:12:56,lht65-20,52.2507,5.97306,3.019,25.3,67.0,1180
2026-06-18 19:22:56,lht65-20,52.2507,5.97306,3.018,25.24,66.8,693
2026-06-18 19:32:56,lht65-20,52.2507,5.97306,3.019,25.06,67.1,506
2026-06-18 19:42:56,lht65-20,52.2507,5.97306,3.019,24.77,68.7,270
2026-06-18 19:52:56,lht65-20,52.2507,5.97306,3.018,24.33,68.3,80
2026-06-18 20:02:56,lht65-20,52.2507,5.97306,3.019,24.08,68.0,37
2026-06-18 20:12:56,lht65-20,52.2507,5.97306,3.019,23.83,69.1,16
2026-06-18 20:22:56,lht65-20,52.2507,5.97306,3.019,23.49,69.3,8
2026-06-18 20:33:01,lht65-20,52.2507,5.97306,3.018,23.27,70.5,3
2026-06-18 20:43:02,lht65-20,52.2507,5.97306,3.019,23.23,70.0,0
2026-06-18 20:53:01,lht65-20,52.2507,5.97306,3.019,22.97,70.3,0
2026-06-18 21:03:02,lht65-20,52.2507,5.97306,3.018,22.8,70.9,0
2026-06-18 21:13:02,lht65-20,52.2507,5.97306,3.018,22.42,73.1,0
2026-06-18 21:23:01,lht65-20,52.2507,5.97306,3.018,22.1,73.8,0
2026-06-18 21:33:01,lht65-20,52.2507,5.97306,3.018,21.74,75.4,0
2026-06-18 21:43:02,lht65-20,52.2507,5.97306,3.018,21.53,78.2,0
2026-06-18 21:53:01,lht65-20,52.2507,5.97306,3.018,21.35,80.1,0
2026-06-18 22:03:02,lht65-20,52.2507,5.97306,3.018,21.25,81.6,0
2026-06-18 22:13:01,lht65-20,52.2507,5.97306,3.018,21.05,83.9,0
2026-06-18 22:23:01,lht65-20,52.2507,5.97306,3.016,20.83,85.2,0
2026-06-18 22:33:02,lht65-20,52.2507,5.97306,3.018,20.56,84.4,0
2026-06-18 22:43:02,lht65-20,52.2507,5.97306,3.018,20.34,83.4,0
2026-06-18 22:53:01,lht65-20,52.2507,5.97306,3.018,20.22,86.0,0
2026-06-18 23:03:02,lht65-20,52.2507,5.97306,3.016,20.24,88.5,0
2026-06-18 23:13:01,lht65-20,52.2507,5.97306,3.016,20.24,88.2,0
2026-06-18 23:23:01,lht65-20,52.2507,5.97306,3.018,20.48,85.6,0
2026-06-18 23:33:02,lht65-20,52.2507,5.97306,3.018,20.79,82.3,0
2026-06-18 23:43:02,lht65-20,52.2507,5.97306,3.016,20.62,83.2,0
2026-06-18 23:53:02,lht65-20,52.2507,5.97306,3.016,20.32,84.6,0
2026-06-19 00:03:01,lht65-20,52.2507,5.97306,3.016,19.99,86.6,0
2026-06-19 00:13:02,lht65-20,52.2507,5.97306,3.016,19.8,86.7,0
2026-06-19 00:23:01,lht65-20,52.2507,5.97306,3.018,20.02,84.7,0
2026-06-19 00:33:01,lht65-20,52.2507,5.97306,3.016,20.06,84.4,0
2026-06-19 00:43:02,lht65-20,52.2507,5.97306,3.016,20.06,84.9,0
2026-06-19 00:53:02,lht65-20,52.2507,5.97306,3.016,19.97,84.8,0
2026-06-19 01:03:01,lht65-20,52.2507,5.97306,3.016,19.8,86.3,0
2026-06-19 01:13:02,lht65-20,52.2507,5.97306,3.016,19.48,87.6,0
2026-06-19 01:23:01,lht65-20,52.2507,5.97306,3.016,19.59,86.8,0
2026-06-19 01:33:02,lht65-20,52.2507,5.97306,3.016,19.39,87.7,0
2026-06-19 01:43:02,lht65-20,52.2507,5.97306,3.016,19.13,89.1,0
2026-06-19 01:53:01,lht65-20,52.2507,5.97306,3.016,18.84,89.1,0
2026-06-19 02:03:01,lht65-20,52.2507,5.97306,3.016,18.54,90.5,0
2026-06-19 02:13:02,lht65-20,52.2507,5.97306,3.016,18.32,90.8,0
2026-06-19 02:23:02,lht65-20,52.2507,5.97306,3.014,17.81,91.5,0
2026-06-19 02:33:02,lht65-20,52.2507,5.97306,3.014,17.3,92.5,2
2026-06-19 02:43:01,lht65-20,52.2507,5.97306,3.016,17.17,94.2,8
2026-06-19 02:53:02,lht65-20,52.2507,5.97306,3.014,17.06,95.1,29
2026-06-19 03:03:01,lht65-20,52.2507,5.97306,3.012,16.77,95.3,75
2026-06-19 03:13:01,lht65-20,52.2507,5.97306,3.014,16.55,95.4,164
2026-06-19 03:23:02,lht65-20,52.2507,5.97306,3.012,16.32,95.6,301
2026-06-19 03:33:02,lht65-20,52.2507,5.97306,3.012,16.1,95.8,520
2026-06-19 03:43:02,lht65-20,52.2507,5.97306,3.012,15.99,96.1,932
2026-06-19 03:53:03,lht65-20,52.2507,5.97306,3.012,16.15,96.5,1585
2026-06-19 04:03:01,lht65-20,52.2507,5.97306,3.012,16.34,96.7,2324
2026-06-19 04:13:01,lht65-20,52.2507,5.97306,3.012,16.77,97.0,2661
2026-06-19 04:23:01,lht65-20,52.2507,5.97306,3.012,17.14,97.2,5178
2026-06-19 04:33:01,lht65-20,52.2507,5.97306,3.014,18.02,97.3,7487
2026-06-19 04:43:02,lht65-20,52.2507,5.97306,3.014,18.65,96.7,2666
2026-06-19 04:53:02,lht65-20,52.2507,5.97306,3.014,18.36,95.0,2904
2026-06-19 05:03:01,lht65-20,52.2507,5.97306,3.014,18.57,94.7,7780
2026-06-19 05:13:02,lht65-20,52.2507,5.97306,3.016,20.22,91.5,13442
2026-06-19 05:23:01,lht65-20,52.2507,5.97306,3.016,22.12,83.6,14288
2026-06-19 05:33:01,lht65-20,52.2507,5.97306,3.016,22.38,81.7,15609
2026-06-19 05:43:02,lht65-20,52.2507,5.97306,3.016,22.68,82.4,15890
2026-06-19 05:53:01,lht65-20,52.2507,5.97306,3.018,22.77,81.6,17542
2026-06-19 06:03:02,lht65-20,52.2507,5.97306,3.016,23.23,81.0,18550
2026-06-19 06:13:02,lht65-20,52.2507,5.97306,3.016,23.56,80.7,19350
2026-06-19 06:23:01,lht65-20,52.2507,5.97306,3.016,23.69,79.8,20475
2026-06-19 06:33:02,lht65-20,52.2507,5.97306,3.018,24.03,78.0,20986
2026-06-19 06:43:01,lht65-20,52.2507,5.97306,3.018,24.2,78.9,21848
2026-06-19 06:53:02,lht65-20,52.2507,5.97306,3.018,24.41,77.8,22525
2026-06-19 07:03:01,lht65-20,52.2507,5.97306,3.018,24.47,76.4,22023
2026-06-19 07:13:01,lht65-20,52.2507,5.97306,3.018,24.98,76.5,24506
2026-06-19 07:23:02,lht65-20,52.2507,5.97306,3.018,25.3,76.2,26067
2026-06-19 07:33:01,lht65-20,52.2507,5.97306,3.018,25.57,73.4,14199
2026-06-19 07:43:02,lht65-20,52.2507,5.97306,3.018,25.74,70.8,26400
2026-06-19 07:53:01,lht65-20,52.2507,5.97306,3.019,26.04,71.2,30381
2026-06-19 08:03:02,lht65-20,52.2507,5.97306,3.018,26.25,68.6,28599
2026-06-19 08:13:01,lht65-20,52.2507,5.97306,3.019,26.65,68.0,28194
2026-06-19 08:23:01,lht65-20,52.2507,5.97306,3.019,26.91,65.5,15235
2026-06-19 08:33:02,lht65-20,52.2507,5.97306,3.019,26.63,65.9,24877
2026-06-19 08:43:01,lht65-20,52.2507,5.97306,3.018,27.18,66.1,32798
2026-06-19 08:53:02,lht65-20,52.2507,5.97306,3.019,27.75,62.9,17615
2026-06-19 09:03:01,lht65-20,52.2507,5.97306,3.019,27.34,64.3,16410
2026-06-19 09:13:01,lht65-20,52.2507,5.97306,3.021,28.21,63.0,33457
2026-06-19 09:23:01,lht65-20,52.2507,5.97306,3.021,28.84,61.1,33344
2026-06-19 09:33:01,lht65-20,52.2507,5.97306,3.021,28.85,58.6,33716
2026-06-19 09:43:01,lht65-20,52.2507,5.97306,3.021,29.28,59.8,33548
2026-06-19 09:53:01,lht65-20,52.2507,5.97306,3.023,29.99,57.8,34133
2026-06-19 10:03:01,lht65-20,52.2507,5.97306,3.021,30.1,57.0,34504
2026-06-19 10:13:01,lht65-20,52.2507,5.97306,3.019,30.11,56.1,34975
2026-06-19 10:23:01,lht65-20,52.2507,5.97306,3.021,30.59,56.4,35330
2026-06-19 10:33:01,lht65-20,52.2507,5.97306,3.023,30.94,52.7,35536
2026-06-19 10:43:01,lht65-20,52.2507,5.97306,3.023,30.81,53.2,35681
2026-06-19 10:53:01,lht65-20,52.2507,5.97306,3.023,31.1,55.8,36083
2026-06-19 11:03:01,lht65-20,52.2507,5.97306,3.023,31.47,53.4,36235
2026-06-19 11:13:01,lht65-20,52.2507,5.97306,3.023,31.63,56.3,36309
2026-06-19 11:23:02,lht65-20,52.2507,5.97306,3.023,32.0,54.4,36365
2026-06-19 11:33:01,lht65-20,52.2507,5.97306,3.023,32.34,52.3,36470
2026-06-19 11:43:02,lht65-20,52.2507,5.97306,3.025,32.51,53.0,36299
2026-06-19 11:53:01,lht65-20,52.2507,5.97306,3.023,32.78,50.1,36214
2026-06-19 12:03:02,lht65-20,52.2507,5.97306,3.023,33.19,48.9,36013
2026-06-19 12:13:01,lht65-20,52.2507,5.97306,3.027,33.25,46.6,35948
2026-06-19 12:23:01,lht65-20,52.2507,5.97306,3.025,33.36,44.1,35777
2026-06-19 12:33:01,lht65-20,52.2507,5.97306,3.027,33.06,48.6,35285
2026-06-19 12:43:01,lht65-20,52.2507,5.97306,3.027,33.43,48.4,35285
2026-06-19 12:53:01,lht65-20,52.2507,5.97306,3.027,33.93,45.8,34934
2026-06-19 13:03:01,lht65-20,52.2507,5.97306,3.027,34.15,45.4,34674
2026-06-19 13:13:02,lht65-20,52.2507,5.97306,3.027,34.23,45.6,34225
2026-06-19 13:23:01,lht65-20,52.2507,5.97306,3.027,34.08,42.3,33794
2026-06-19 13:33:01,lht65-20,52.2507,5.97306,3.027,34.09,42.6,33490
2026-06-19 13:43:01,lht65-20,52.2507,5.97306,3.027,34.61,43.4,33106
2026-06-19 13:53:01,lht65-20,52.2507,5.97306,3.027,34.66,42.1,32473
2026-06-19 14:03:01,lht65-20,52.2507,5.97306,3.029,34.71,41.2,32001
2026-06-19 14:13:01,lht65-20,52.2507,5.97306,3.029,34.74,44.0,31695
2026-06-19 14:23:01,lht65-20,52.2507,5.97306,3.029,34.57,40.5,31049
2026-06-19 14:43:01,lht65-20,52.2507,5.97306,3.029,34.86,44.7,29999
2026-06-19 14:53:02,lht65-20,52.2507,5.97306,3.029,34.95,41.3,29622
2026-06-19 15:03:02,lht65-20,52.2507,5.97306,3.029,34.98,41.0,29311
2026-06-19 15:13:01,lht65-20,52.2507,5.97306,3.029,35.16,44.5,28496
2026-06-19 15:23:01,lht65-20,52.2507,5.97306,3.029,34.91,43.4,27905
2026-06-19 15:33:01,lht65-20,52.2507,5.97306,3.03,34.76,45.7,27415
2026-06-19 15:43:01,lht65-20,52.2507,5.97306,3.03,34.72,44.5,26635
2026-06-19 15:53:01,lht65-20,52.2507,5.97306,3.03,34.85,42.9,26164
2026-06-19 16:03:01,lht65-20,52.2507,5.97306,3.032,34.6,45.8,25619
2026-06-19 16:13:02,lht65-20,52.2507,5.97306,3.03,35.06,43.6,25335
2026-06-19 16:23:01,lht65-20,52.2507,5.97306,3.03,34.4,44.1,8868
2026-06-19 16:33:01,lht65-20,52.2507,5.97306,3.032,33.7,46.0,23843
2026-06-19 16:43:01,lht65-20,52.2507,5.97306,3.032,34.37,44.8,23957
2026-06-19 16:53:01,lht65-20,52.2507,5.97306,3.03,34.62,43.5,21258
2026-06-19 17:03:01,lht65-20,52.2507,5.97306,3.03,34.38,43.7,20140
2026-06-19 17:13:01,lht65-20,52.2507,5.97306,3.032,34.37,44.9,19090
2026-06-19 17:23:01,lht65-20,52.2507,5.97306,3.032,34.45,42.1,18134
2026-06-19 17:33:01,lht65-20,52.2507,5.97306,3.032,34.42,42.7,16585
2026-06-19 17:43:01,lht65-20,52.2507,5.97306,3.032,34.42,42.9,14932
2026-06-19 17:53:01,lht65-20,52.2507,5.97306,3.034,34.22,43.9,13396
2026-06-19 18:03:01,lht65-20,52.2507,5.97306,3.034,34.04,44.4,11870
2026-06-19 18:13:01,lht65-20,52.2507,5.97306,3.034,33.73,47.2,10704
2026-06-19 18:23:01,lht65-20,52.2507,5.97306,3.034,33.58,45.2,9876
2026-06-19 18:33:01,lht65-20,52.2507,5.97306,3.034,33.57,45.2,4882
2026-06-19 18:43:01,lht65-20,52.2507,5.97306,3.032,32.98,46.5,3573
2026-06-19 18:53:01,lht65-20,52.2507,5.97306,3.034,31.75,51.9,2600
2026-06-19 19:03:01,lht65-20,52.2507,5.97306,3.034,30.46,57.0,1809
2026-06-19 19:13:01,lht65-20,52.2507,5.97306,3.032,29.3,64.3,1445
2026-06-19 19:23:01,lht65-20,52.2507,5.97306,3.034,28.44,66.1,855
2026-06-19 19:33:01,lht65-20,52.2507,5.97306,3.032,27.57,68.2,464
2026-06-19 19:43:01,lht65-20,52.2507,5.97306,3.032,26.85,71.6,265
2026-06-19 19:53:01,lht65-20,52.2507,5.97306,3.03,26.1,76.2,151
2026-06-19 20:03:01,lht65-20,52.2507,5.97306,3.03,25.74,77.4,106
2026-06-19 20:13:01,lht65-20,52.2507,5.97306,3.032,25.45,78.9,42
2026-06-19 20:23:01,lht65-20,52.2507,5.97306,3.032,24.85,80.4,12
2026-06-19 20:33:01,lht65-20,52.2507,5.97306,3.03,24.51,82.2,3
2026-06-19 20:43:01,lht65-20,52.2507,5.97306,3.03,24.4,85.8,0
2026-06-19 20:53:01,lht65-20,52.2507,5.97306,3.03,24.85,74.7,0
2026-06-19 21:03:01,lht65-20,52.2507,5.97306,3.03,28.01,59.8,0
2026-06-19 21:13:01,lht65-20,52.2507,5.97306,3.032,25.8,60.3,0
2026-06-19 21:23:01,lht65-20,52.2507,5.97306,3.03,22.31,74.3,0
2026-06-19 21:33:01,lht65-20,52.2507,5.97306,3.03,20.57,85.4,0
2026-06-19 21:43:01,lht65-20,52.2507,5.97306,3.03,20.03,90.4,0
2026-06-19 21:53:01,lht65-20,52.2507,5.97306,3.029,19.67,91.1,0
2026-06-19 22:03:01,lht65-20,52.2507,5.97306,3.029,19.75,91.0,0
2026-06-19 22:13:01,lht65-20,52.2507,5.97306,3.029,19.84,90.1,0
2026-06-19 22:23:01,lht65-20,52.2507,5.97306,3.029,19.82,90.5,0
2026-06-19 22:33:01,lht65-20,52.2507,5.97306,3.027,19.65,91.8,0
2026-06-19 22:43:01,lht65-20,52.2507,5.97306,3.027,19.79,92.3,0
2026-06-19 22:53:01,lht65-20,52.2507,5.97306,3.029,19.93,91.1,0
2026-06-19 23:03:01,lht65-20,52.2507,5.97306,3.027,19.83,91.7,0
2026-06-19 23:13:01,lht65-20,52.2507,5.97306,3.029,19.73,92.8,0
2026-06-19 23:23:01,lht65-20,52.2507,5.97306,3.027,19.7,93.8,0
2026-06-19 23:33:01,lht65-20,52.2507,5.97306,3.027,19.68,94.0,0
2026-06-19 23:43:01,lht65-20,52.2507,5.97306,3.029,19.58,94.0,0
2026-06-19 23:53:01,lht65-20,52.2507,5.97306,3.029,19.7,93.8,0
2026-06-20 00:03:01,lht65-20,52.2507,5.97306,3.027,19.66,94.1,0
2026-06-20 00:13:01,lht65-20,52.2507,5.97306,3.029,19.59,94.6,0
2026-06-20 00:23:01,lht65-20,52.2507,5.97306,3.027,19.47,95.0,0
2026-06-20 00:33:01,lht65-20,52.2507,5.97306,3.027,19.47,95.5,0
2026-06-20 00:43:01,lht65-20,52.2507,5.97306,3.029,19.4,95.7,0
2026-06-20 00:53:01,lht65-20,52.2507,5.97306,3.027,19.35,95.8,0
2026-06-20 01:03:01,lht65-20,52.2507,5.97306,3.027,19.22,95.8,0
2026-06-20 01:13:01,lht65-20,52.2507,5.97306,3.027,18.96,95.9,0
2026-06-20 01:23:01,lht65-20,52.2507,5.97306,3.027,18.8,96.1,0
2026-06-20 01:33:01,lht65-20,52.2507,5.97306,3.027,19.05,96.3,0
2026-06-20 01:43:01,lht65-20,52.2507,5.97306,3.027,19.18,96.2,0
2026-06-20 01:53:01,lht65-20,52.2507,5.97306,3.029,19.31,95.9,0
2026-06-20 02:03:01,lht65-20,52.2507,5.97306,3.027,19.45,95.3,0
2026-06-20 02:13:01,lht65-20,52.2507,5.97306,3.029,19.52,94.1,0
2026-06-20 02:23:01,lht65-20,52.2507,5.97306,3.027,19.48,93.9,0
2026-06-20 02:33:01,lht65-20,52.2507,5.97306,3.027,19.35,94.5,1
2026-06-20 02:43:01,lht65-20,52.2507,5.97306,3.027,19.2,95.1,5
2026-06-20 02:53:01,lht65-20,52.2507,5.97306,3.027,19.12,95.7,5
2026-06-20 03:03:01,lht65-20,52.2507,5.97306,3.027,19.19,95.2,2
2026-06-20 03:13:01,lht65-20,52.2507,5.97306,3.027,18.72,94.8,10
2026-06-20 03:23:01,lht65-20,52.2507,5.97306,3.027,18.34,95.5,22
2026-06-20 03:33:01,lht65-20,52.2507,5.97306,3.027,18.27,96.2,30
2026-06-20 03:43:01,lht65-20,52.2507,5.97306,3.027,18.35,96.8,50
2026-06-20 04:03:01,lht65-20,52.2507,5.97306,3.027,18.32,97.2,494
2026-06-20 04:13:01,lht65-20,52.2507,5.97306,3.023,18.31,97.4,1326
2026-06-20 04:23:01,lht65-20,52.2507,5.97306,3.027,18.4,97.5,1953
2026-06-20 04:33:01,lht65-20,52.2507,5.97306,3.025,18.48,97.6,2420
2026-06-20 04:43:01,lht65-20,52.2507,5.97306,3.027,18.56,97.6,3100
2026-06-20 04:53:01,lht65-20,52.2507,5.97306,3.027,18.9,97.5,5291
2026-06-20 05:03:01,lht65-20,52.2507,5.97306,3.027,19.07,97.2,4007
2026-06-20 05:13:01,lht65-20,52.2507,5.97306,3.027,19.2,96.6,4497
2026-06-20 05:23:01,lht65-20,52.2507,5.97306,3.027,19.45,95.9,4818
2026-06-20 05:33:01,lht65-20,52.2507,5.97306,3.027,19.86,95.1,6899
2026-06-20 05:43:01,lht65-20,52.2507,5.97306,3.027,20.77,91.9,7767
2026-06-20 05:53:01,lht65-20,52.2507,5.97306,3.027,21.26,91.0,15377
2026-06-20 06:03:01,lht65-20,52.2507,5.97306,3.027,21.12,89.3,5008
2026-06-20 06:13:01,lht65-20,52.2507,5.97306,3.027,20.92,92.1,6575
2026-06-20 06:23:04,lht65-20,52.2507,5.97306,3.027,21.46,92.2,9751
2026-06-20 06:33:01,lht65-20,52.2507,5.97306,3.027,22.35,87.2,21450
2026-06-20 06:43:01,lht65-20,52.2507,5.97306,3.027,23.15,85.7,25253
2026-06-20 06:53:01,lht65-20,52.2507,5.97306,3.029,23.33,79.2,8807
2026-06-20 07:03:01,lht65-20,52.2507,5.97306,3.029,23.37,81.9,23858
2026-06-20 07:13:01,lht65-20,52.2507,5.97306,3.029,23.93,75.4,21867
2026-06-20 07:23:01,lht65-20,52.2507,5.97306,3.029,24.48,77.9,23875
2026-06-20 07:43:01,lht65-20,52.2507,5.97306,3.029,25.29,69.4,26369
2026-06-20 07:53:01,lht65-20,52.2507,5.97306,3.03,25.72,67.9,26986
2026-06-20 08:03:01,lht65-20,52.2507,5.97306,3.029,25.9,65.8,27833
2026-06-20 08:13:01,lht65-20,52.2507,5.97306,3.03,26.54,64.8,28540
2026-06-20 08:23:01,lht65-20,52.2507,5.97306,3.03,26.59,65.4,28993
2026-06-20 08:33:01,lht65-20,52.2507,5.97306,3.03,26.78,68.3,29462
2026-06-20 08:53:01,lht65-20,52.2507,5.97306,3.03,27.56,66.6,31299
2026-06-20 09:03:01,lht65-20,52.2507,5.97306,3.03,27.43,63.4,31902
2026-06-20 09:13:01,lht65-20,52.2507,5.97306,3.03,27.59,64.2,32770
2026-06-20 09:23:01,lht65-20,52.2507,5.97306,3.03,27.85,63.2,33467
2026-06-20 09:33:01,lht65-20,52.2507,5.97306,3.03,28.51,64.5,34077
2026-06-20 09:43:01,lht65-20,52.2507,5.97306,3.03,28.37,61.7,34532
2026-06-20 09:53:01,lht65-20,52.2507,5.97306,3.03,28.74,60.7,34758
2026-06-20 10:03:01,lht65-20,52.2507,5.97306,3.03,29.01,62.9,35531
2026-06-20 10:13:01,lht65-20,52.2507,5.97306,3.032,29.2,59.7,36093
2026-06-20 10:23:01,lht65-20,52.2507,5.97306,3.03,29.35,60.0,37582
2026-06-20 10:43:01,lht65-20,52.2507,5.97306,3.03,29.71,63.2,37342
2026-06-20 10:53:01,lht65-20,52.2507,5.97306,3.032,29.69,58.3,36303
2026-06-20 11:03:01,lht65-20,52.2507,5.97306,3.03,29.61,59.9,36508
2026-06-20 11:13:01,lht65-20,52.2507,5.97306,3.032,29.74,62.6,37649
2026-06-20 11:23:01,lht65-20,52.2507,5.97306,3.03,29.7,61.2,35860
2026-06-20 11:33:01,lht65-20,52.2507,5.97306,3.032,30.03,60.0,36622
2026-06-20 11:43:01,lht65-20,52.2507,5.97306,3.032,29.99,59.8,36842
2026-06-20 11:53:01,lht65-20,52.2507,5.97306,3.034,30.27,59.5,37235
2026-06-20 12:03:01,lht65-20,52.2507,5.97306,3.034,30.2,58.9,36191
2026-06-20 12:13:01,lht65-20,52.2507,5.97306,3.032,30.38,58.9,36711
2026-06-20 12:23:01,lht65-20,52.2507,5.97306,3.032,30.39,60.0,36206
2026-06-20 12:33:01,lht65-20,52.2507,5.97306,3.032,30.38,58.0,34695
2026-06-20 12:43:01,lht65-20,52.2507,5.97306,3.032,30.33,58.3,35930
2026-06-20 12:53:01,lht65-20,52.2507,5.97306,3.032,30.27,63.3,36314
2026-06-20 13:03:01,lht65-20,52.2507,5.97306,3.034,30.55,57.8,35072
2026-06-20 13:13:01,lht65-20,52.2507,5.97306,3.034,30.22,62.3,35412
2026-06-20 13:23:01,lht65-20,52.2507,5.97306,3.034,30.59,55.6,34108
2026-06-20 13:33:01,lht65-20,52.2507,5.97306,3.032,30.38,58.5,33102
2026-06-20 13:43:01,lht65-20,52.2507,5.97306,3.032,30.74,55.6,33164
2026-06-20 13:53:01,lht65-20,52.2507,5.97306,3.032,30.35,56.0,33471
2026-06-20 14:03:01,lht65-20,52.2507,5.97306,3.034,30.27,57.8,31550
2026-06-20 14:13:01,lht65-20,52.2507,5.97306,3.034,30.07,53.3,31715
2026-06-20 14:23:01,lht65-20,52.2507,5.97306,3.034,30.34,54.4,31579
2026-06-20 14:33:01,lht65-20,52.2507,5.97306,3.034,30.39,58.0,31346
2026-06-20 14:43:01,lht65-20,52.2507,5.97306,3.034,29.97,53.9,30560
2026-06-20 14:53:01,lht65-20,52.2507,5.97306,3.034,29.79,53.1,30065
2026-06-20 15:03:01,lht65-20,52.2507,5.97306,3.032,29.63,52.9,29675
2026-06-20 15:13:01,lht65-20,52.2507,5.97306,3.034,29.3,52.1,29169
2026-06-20 15:23:01,lht65-20,52.2507,5.97306,3.034,29.12,51.7,28905
2026-06-20 15:33:01,lht65-20,52.2507,5.97306,3.034,29.21,53.5,29326
2026-06-20 15:43:01,lht65-20,52.2507,5.97306,3.034,29.36,53.0,28972
2026-06-20 15:53:01,lht65-20,52.2507,5.97306,3.034,29.41,52.7,19064
2026-06-20 16:03:01,lht65-20,52.2507,5.97306,3.034,28.0,62.0,12100
2026-06-20 16:13:01,lht65-20,52.2507,5.97306,3.034,27.74,62.0,11822
2026-06-20 16:23:01,lht65-20,52.2507,5.97306,3.032,26.65,64.3,6705
2026-06-20 16:33:01,lht65-20,52.2507,5.97306,3.034,26.02,64.5,7884
2026-06-20 16:43:01,lht65-20,52.2507,5.97306,3.034,25.84,67.2,6203
2026-06-20 16:53:01,lht65-20,52.2507,5.97306,3.034,25.37,67.6,4637
2026-06-20 17:03:01,lht65-20,52.2507,5.97306,3.032,25.04,68.9,6807
2026-06-20 17:13:01,lht65-20,52.2507,5.97306,3.032,25.3,67.0,8684
2026-06-20 17:23:01,lht65-20,52.2507,5.97306,3.032,25.28,67.8,16952
2026-06-20 17:33:01,lht65-20,52.2507,5.97306,3.032,26.04,65.6,18410
2026-06-20 17:43:01,lht65-20,52.2507,5.97306,3.032,26.3,63.7,16981
2026-06-20 17:53:01,lht65-20,52.2507,5.97306,3.034,26.45,61.9,16400
2026-06-20 18:03:01,lht65-20,52.2507,5.97306,3.032,26.18,63.4,10140
2026-06-20 18:13:01,lht65-20,52.2507,5.97306,3.034,26.16,66.8,12330
2026-06-20 18:23:01,lht65-20,52.2507,5.97306,3.034,26.09,69.2,11506
2026-06-20 18:33:01,lht65-20,52.2507,5.97306,3.032,25.97,66.0,8998
2026-06-20 18:43:01,lht65-20,52.2507,5.97306,3.034,25.6,66.3,6800
2026-06-20 18:53:01,lht65-20,52.2507,5.97306,3.034,24.93,68.0,5470
2026-06-20 19:03:01,lht65-20,52.2507,5.97306,3.032,24.38,70.2,3956
2026-06-20 19:13:01,lht65-20,52.2507,5.97306,3.032,23.61,72.9,1365
2026-06-20 19:23:01,lht65-20,52.2507,5.97306,3.032,22.71,76.1,1044
2026-06-20 19:33:01,lht65-20,52.2507,5.97306,3.03,22.0,80.9,733
2026-06-20 19:43:01,lht65-20,52.2507,5.97306,3.03,21.35,82.8,472
2026-06-20 19:53:01,lht65-20,52.2507,5.97306,3.03,20.79,85.1,286
2026-06-20 20:03:01,lht65-20,52.2507,5.97306,3.03,20.42,88.2,154
2026-06-20 20:13:01,lht65-20,52.2507,5.97306,3.029,20.14,89.3,70
2026-06-20 20:23:01,lht65-20,52.2507,5.97306,3.03,19.93,89.8,25
2026-06-20 20:33:01,lht65-20,52.2507,5.97306,3.03,19.66,90.8,7
2026-06-20 20:43:01,lht65-20,52.2507,5.97306,3.03,19.37,91.2,2
2026-06-20 20:53:01,lht65-20,52.2507,5.97306,3.03,18.89,92.1,0
2026-06-20 21:03:01,lht65-20,52.2507,5.97306,3.029,18.68,93.7,0
2026-06-20 21:13:01,lht65-20,52.2507,5.97306,3.029,18.55,94.6,0
2026-06-20 21:23:01,lht65-20,52.2507,5.97306,3.029,18.28,94.8,0
2026-06-20 21:33:01,lht65-20,52.2507,5.97306,3.027,18.24,95.3,0
2026-06-20 21:43:01,lht65-20,52.2507,5.97306,3.029,18.15,95.7,0
2026-06-20 21:53:01,lht65-20,52.2507,5.97306,3.027,18.1,96.1,0
2026-06-20 22:03:01,lht65-20,52.2507,5.97306,3.029,17.99,96.3,0
2026-06-20 22:13:01,lht65-20,52.2507,5.97306,3.027,17.97,96.5,0
2026-06-20 22:23:01,lht65-20,52.2507,5.97306,3.027,17.85,96.7,0
2026-06-20 22:33:01,lht65-20,52.2507,5.97306,3.027,17.8,96.8,0
2026-06-20 22:43:01,lht65-20,52.2507,5.97306,3.027,17.73,96.9,0
2026-06-20 22:53:01,lht65-20,52.2507,5.97306,3.027,17.79,97.1,0
2026-06-20 23:03:01,lht65-20,52.2507,5.97306,3.027,17.83,97.2,0
2026-06-20 23:13:01,lht65-20,52.2507,5.97306,3.027,17.66,97.2,0
2026-06-20 23:23:01,lht65-20,52.2507,5.97306,3.027,17.56,97.2,0
2026-06-20 23:33:01,lht65-20,52.2507,5.97306,3.027,17.54,97.2,0
2026-06-20 23:43:01,lht65-20,52.2507,5.97306,3.027,17.71,97.3,0
2026-06-20 23:53:01,lht65-20,52.2507,5.97306,3.027,17.45,97.4,0
2026-06-21 00:03:01,lht65-20,52.2507,5.97306,3.027,17.47,97.5,0
2026-06-21 00:13:01,lht65-20,52.2507,5.97306,3.027,17.43,97.6,0
2026-06-21 00:23:01,lht65-20,52.2507,5.97306,3.027,17.39,97.6,0
2026-06-21 00:33:01,lht65-20,52.2507,5.97306,3.027,17.32,97.7,0
2026-06-21 00:43:01,lht65-20,52.2507,5.97306,3.027,17.52,97.8,0
2026-06-21 00:53:01,lht65-20,52.2507,5.97306,3.027,17.71,97.9,0
2026-06-21 01:03:01,lht65-20,52.2507,5.97306,3.027,17.84,98.0,0
2026-06-21 01:13:01,lht65-20,52.2507,5.97306,3.027,18.22,98.0,0
2026-06-21 01:23:01,lht65-20,52.2507,5.97306,3.029,18.92,97.9,0
2026-06-21 01:33:01,lht65-20,52.2507,5.97306,3.027,19.28,97.2,0
2026-06-21 01:43:01,lht65-20,52.2507,5.97306,3.027,19.46,95.1,0
2026-06-21 01:53:01,lht65-20,52.2507,5.97306,3.027,19.66,92.7,0
2026-06-21 02:03:01,lht65-20,52.2507,5.97306,3.027,19.82,92.3,0
2026-06-21 02:13:01,lht65-20,52.2507,5.97306,3.027,19.76,92.9,0
2026-06-21 02:23:01,lht65-20,52.2507,5.97306,3.029,19.46,94.5,0
2026-06-21 02:33:01,lht65-20,52.2507,5.97306,3.027,19.3,95.6,0
2026-06-21 02:43:01,lht65-20,52.2507,5.97306,3.027,19.22,96.1,0
2026-06-21 02:53:01,lht65-20,52.2507,5.97306,3.027,19.19,96.6,0
2026-06-21 03:03:01,lht65-20,52.2507,5.97306,3.027,19.18,96.9,1
2026-06-21 03:13:01,lht65-20,52.2507,5.97306,3.027,19.12,97.1,10
2026-06-21 03:23:01,lht65-20,52.2507,5.97306,3.027,19.04,97.2,18
2026-06-21 03:33:01,lht65-20,52.2507,5.97306,3.027,18.98,97.3,42
2026-06-21 03:43:01,lht65-20,52.2507,5.97306,3.027,18.86,97.3,95
2026-06-21 03:53:01,lht65-20,52.2507,5.97306,3.027,18.74,97.3,189
2026-06-21 04:03:01,lht65-20,52.2507,5.97306,3.027,18.61,97.4,290
2026-06-21 04:13:01,lht65-20,52.2507,5.97306,3.027,18.61,97.5,395
2026-06-21 04:23:01,lht65-20,52.2507,5.97306,3.027,18.57,97.5,612
2026-06-21 04:33:01,lht65-20,52.2507,5.97306,3.027,18.7,97.6,1323
2026-06-21 04:43:01,lht65-20,52.2507,5.97306,3.027,18.78,97.8,2891
2026-06-21 04:53:01,lht65-20,52.2507,5.97306,3.027,19.04,97.8,4791
2026-06-21 05:03:01,lht65-20,52.2507,5.97306,3.027,19.33,97.8,5357
2026-06-21 05:13:01,lht65-20,52.2507,5.97306,3.027,19.52,97.8,4668
2026-06-21 05:23:01,lht65-20,52.2507,5.97306,3.027,19.72,97.7,5085
2026-06-21 05:33:01,lht65-20,52.2507,5.97306,3.027,19.83,97.5,6230
2026-06-21 05:43:01,lht65-20,52.2507,5.97306,3.027,20.37,97.3,8580
2026-06-21 05:53:01,lht65-20,52.2507,5.97306,3.027,20.53,96.6,12700
2026-06-21 06:03:01,lht65-20,52.2507,5.97306,3.027,21.19,94.9,8811
2026-06-21 06:13:01,lht65-20,52.2507,5.97306,3.027,21.01,93.2,8252
2026-06-21 06:23:01,lht65-20,52.2507,5.97306,3.027,21.29,93.2,6464
2026-06-21 06:33:02,lht65-20,52.2507,5.97306,3.027,20.73,91.9,3910
2026-06-21 06:53:01,lht65-20,52.2507,5.97306,3.027,21.08,93.0,9069
2026-06-21 07:03:01,lht65-20,52.2507,5.97306,3.027,21.24,91.6,9881
2026-06-21 07:13:01,lht65-20,52.2507,5.97306,3.029,21.81,91.9,12207
2026-06-21 07:23:01,lht65-20,52.2507,5.97306,3.029,21.88,89.0,19588
2026-06-21 07:33:01,lht65-20,52.2507,5.97306,3.027,22.78,85.8,29572
2026-06-21 07:43:01,lht65-20,52.2507,5.97306,3.03,23.29,83.3,16918
2026-06-21 07:53:01,lht65-20,52.2507,5.97306,3.027,23.72,83.1,35548
2026-06-21 08:03:01,lht65-20,52.2507,5.97306,3.03,24.12,76.5,14120
2026-06-21 08:13:01,lht65-20,52.2507,5.97306,3.03,24.5,79.0,34267
2026-06-21 08:23:01,lht65-20,52.2507,5.97306,3.029,24.93,73.8,17592
2026-06-21 08:33:01,lht65-20,52.2507,5.97306,3.03,24.81,74.9,13751
2026-06-21 08:43:01,lht65-20,52.2507,5.97306,3.029,24.62,74.6,39912
2026-06-21 08:53:01,lht65-20,52.2507,5.97306,3.03,25.39,73.4,38122
2026-06-21 09:03:01,lht65-20,52.2507,5.97306,3.03,25.27,73.5,19127
2026-06-21 09:13:01,lht65-20,52.2507,5.97306,3.03,25.29,73.6,22177
2026-06-21 09:23:01,lht65-20,52.2507,5.97306,3.029,25.51,70.2,19699
2026-06-21 09:33:01,lht65-20,52.2507,5.97306,3.03,26.15,67.5,44577
2026-06-21 09:43:01,lht65-20,52.2507,5.97306,3.03,26.39,67.2,40829
2026-06-21 09:53:01,lht65-20,52.2507,5.97306,3.03,27.28,66.3,34143
2026-06-21 10:03:01,lht65-20,52.2507,5.97306,3.03,27.23,66.1,29906
2026-06-21 10:13:01,lht65-20,52.2507,5.97306,3.032,27.5,62.2,25616
2026-06-21 10:23:01,lht65-20,52.2507,5.97306,3.03,26.74,62.9,16731
2026-06-21 10:33:01,lht65-20,52.2507,5.97306,3.03,26.11,65.1,17320
2026-06-21 10:43:01,lht65-20,52.2507,5.97306,3.032,26.98,63.2,39303
2026-06-21 10:53:01,lht65-20,52.2507,5.97306,3.03,27.35,62.0,40074
2026-06-21 11:03:01,lht65-20,52.2507,5.97306,3.034,27.76,59.8,40807
2026-06-21 11:13:01,lht65-20,52.2507,5.97306,3.032,28.0,59.0,38554
2026-06-21 11:23:01,lht65-20,52.2507,5.97306,3.03,28.6,61.1,39105
2026-06-21 11:33:01,lht65-20,52.2507,5.97306,3.03,28.39,62.5,38603
2026-06-21 11:43:01,lht65-20,52.2507,5.97306,3.034,28.29,58.8,38615
2026-06-21 11:53:01,lht65-20,52.2507,5.97306,3.032,28.33,63.4,40383
2026-06-21 12:03:01,lht65-20,52.2507,5.97306,3.032,28.33,60.6,32271
2026-06-21 12:13:01,lht65-20,52.2507,5.97306,3.03,28.33,62.9,39495
2026-06-21 12:23:01,lht65-20,52.2507,5.97306,3.03,29.12,59.5,36718
2026-06-21 12:33:01,lht65-20,52.2507,5.97306,3.034,29.16,58.6,39861
2026-06-21 12:43:01,lht65-20,52.2507,5.97306,3.032,29.53,53.6,35853
2026-06-21 12:53:01,lht65-20,52.2507,5.97306,3.032,29.42,54.5,28246
2026-06-21 13:03:01,lht65-20,52.2507,5.97306,3.03,29.58,55.1,32358
2026-06-21 13:13:01,lht65-20,52.2507,5.97306,3.032,29.1,57.5,29367
2026-06-21 13:23:01,lht65-20,52.2507,5.97306,3.032,29.55,55.7,36745
2026-06-21 13:33:01,lht65-20,52.2507,5.97306,3.032,29.14,60.0,35152
2026-06-21 13:53:01,lht65-20,52.2507,5.97306,3.034,29.04,59.0,33990
2026-06-21 14:03:01,lht65-20,52.2507,5.97306,3.034,29.33,58.1,33915
2026-06-21 14:13:01,lht65-20,52.2507,5.97306,3.034,29.37,56.1,34080
2026-06-21 14:23:01,lht65-20,52.2507,5.97306,3.034,29.49,57.1,30400
2026-06-21 14:33:01,lht65-20,52.2507,5.97306,3.034,30.12,61.9,32015
2026-06-21 14:43:01,lht65-20,52.2507,5.97306,3.032,30.38,54.3,23465
2026-06-21 14:53:01,lht65-20,52.2507,5.97306,3.034,29.71,57.1,29866
2026-06-21 15:03:01,lht65-20,52.2507,5.97306,3.034,29.5,58.2,31405
2026-06-21 15:13:01,lht65-20,52.2507,5.97306,3.034,28.93,58.9,29755
2026-06-21 15:23:01,lht65-20,52.2507,5.97306,3.034,29.6,58.5,28040
2026-06-21 15:33:01,lht65-20,52.2507,5.97306,3.034,29.04,61.6,13060
2026-06-21 15:43:01,lht65-20,52.2507,5.97306,3.034,28.54,64.1,13376
2026-06-21 15:53:01,lht65-20,52.2507,5.97306,3.034,27.5,64.2,10992
2026-06-21 16:03:01,lht65-20,52.2507,5.97306,3.034,27.37,66.2,15174
2026-06-21 16:13:01,lht65-20,52.2507,5.97306,3.034,27.39,66.8,19600
2026-06-21 16:23:01,lht65-20,52.2507,5.97306,3.034,28.01,65.6,23763
2026-06-21 16:33:01,lht65-20,52.2507,5.97306,3.032,27.97,67.8,19427
2026-06-21 16:43:01,lht65-20,52.2507,5.97306,3.034,27.56,68.4,14234
2026-06-21 16:53:01,lht65-20,52.2507,5.97306,3.032,27.2,68.2,17935
2026-06-21 17:03:01,lht65-20,52.2507,5.97306,3.032,26.86,69.3,13254
2026-06-21 17:13:01,lht65-20,52.2507,5.97306,3.034,26.63,71.1,14698
2026-06-21 17:23:01,lht65-20,52.2507,5.97306,3.034,26.4,70.8,12329
2026-06-21 17:33:01,lht65-20,52.2507,5.97306,3.032,26.27,71.9,12690
2026-06-21 17:43:01,lht65-20,52.2507,5.97306,3.032,26.54,71.9,16917
2026-06-21 17:53:01,lht65-20,52.2507,5.97306,3.032,26.58,70.8,14258
2026-06-21 18:03:01,lht65-20,52.2507,5.97306,3.032,26.32,71.0,14125
2026-06-21 18:13:01,lht65-20,52.2507,5.97306,3.032,26.02,72.1,12017
2026-06-21 18:23:01,lht65-20,52.2507,5.97306,3.032,25.82,71.0,10049
2026-06-21 18:33:01,lht65-20,52.2507,5.97306,3.032,25.53,73.2,8691
2026-06-21 18:43:01,lht65-20,52.2507,5.97306,3.034,25.26,73.7,7463
2026-06-21 18:53:01,lht65-20,52.2507,5.97306,3.032,24.93,74.2,5850
2026-06-21 19:03:01,lht65-20,52.2507,5.97306,3.032,24.55,74.9,4476
2026-06-21 19:13:00,lht65-20,52.2507,5.97306,3.032,24.2,76.0,2863
2026-06-21 19:23:01,lht65-20,52.2507,5.97306,3.032,23.61,78.2,1404
2026-06-21 19:33:01,lht65-20,52.2507,5.97306,3.032,23.18,79.9,1080
2026-06-21 19:43:00,lht65-20,52.2507,5.97306,3.032,22.84,81.3,696
2026-06-21 19:53:00,lht65-20,52.2507,5.97306,3.03,22.54,82.4,395
2026-06-21 20:03:00,lht65-20,52.2507,5.97306,3.03,22.33,82.9,205
2026-06-21 20:13:01,lht65-20,52.2507,5.97306,3.03,21.96,84.0,92
2026-06-21 20:23:01,lht65-20,52.2507,5.97306,3.032,21.75,84.4,32
2026-06-21 20:33:00,lht65-20,52.2507,5.97306,3.03,21.6,84.4,9
2026-06-21 20:43:00,lht65-20,52.2507,5.97306,3.03,21.49,83.2,3
2026-06-21 20:53:00,lht65-20,52.2507,5.97306,3.03,21.22,83.6,0
2026-06-21 21:03:00,lht65-20,52.2507,5.97306,3.03,21.08,81.7,0
2026-06-21 21:13:01,lht65-20,52.2507,5.97306,3.03,20.77,82.1,0
2026-06-21 21:23:01,lht65-20,52.2507,5.97306,3.03,20.54,82.2,0
2026-06-21 21:33:01,lht65-20,52.2507,5.97306,3.03,20.26,82.1,0
2026-06-21 21:43:01,lht65-20,52.2507,5.97306,3.03,20.09,82.6,0
2026-06-21 21:53:00,lht65-20,52.2507,5.97306,3.029,19.92,82.0,0
2026-06-21 22:03:00,lht65-20,52.2507,5.97306,3.03,19.59,82.8,0
2026-06-21 22:13:01,lht65-20,52.2507,5.97306,3.029,19.23,85.7,0
2026-06-21 22:23:00,lht65-20,52.2507,5.97306,3.029,19.17,84.6,0
2026-06-21 22:43:00,lht65-20,52.2507,5.97306,3.029,18.85,85.1,0
2026-06-21 22:53:00,lht65-20,52.2507,5.97306,3.029,18.7,84.3,0
2026-06-21 23:03:01,lht65-20,52.2507,5.97306,3.029,18.51,84.0,0
2026-06-21 23:13:00,lht65-20,52.2507,5.97306,3.029,18.34,84.0,0
2026-06-21 23:23:00,lht65-20,52.2507,5.97306,3.027,18.11,84.6,0
2026-06-21 23:33:00,lht65-20,52.2507,5.97306,3.027,17.92,84.4,0
2026-06-21 23:43:00,lht65-20,52.2507,5.97306,3.027,17.73,85.0,0
2026-06-21 23:53:01,lht65-20,52.2507,5.97306,3.027,17.54,85.3,0
2026-06-22 00:03:01,lht65-20,52.2507,5.97306,3.027,17.4,85.1,0
2026-06-22 00:13:01,lht65-20,52.2507,5.97306,3.027,17.23,85.1,0
2026-06-22 00:23:01,lht65-20,52.2507,5.97306,3.027,17.07,84.4,0
2026-06-22 00:33:00,lht65-20,52.2507,5.97306,3.027,16.91,83.3,0
2026-06-22 00:43:01,lht65-20,52.2507,5.97306,3.027,16.74,81.9,0
2026-06-22 00:53:00,lht65-20,52.2507,5.97306,3.027,16.56,79.8,0
2026-06-22 01:03:01,lht65-20,52.2507,5.97306,3.025,16.38,79.0,0
2026-06-22 01:13:00,lht65-20,52.2507,5.97306,3.027,16.18,79.5,0
2026-06-22 01:23:01,lht65-20,52.2507,5.97306,3.027,15.96,78.8,0
2026-06-22 01:33:01,lht65-20,52.2507,5.97306,3.023,15.7,79.2,0
2026-06-22 01:43:01,lht65-20,52.2507,5.97306,3.023,15.5,79.2,0
2026-06-22 01:53:00,lht65-20,52.2507,5.97306,3.023,15.37,79.6,0
2026-06-22 02:03:01,lht65-20,52.2507,5.97306,3.023,15.21,80.8,0
2026-06-22 02:13:00,lht65-20,52.2507,5.97306,3.025,14.99,81.9,0
2026-06-22 02:23:01,lht65-20,52.2507,5.97306,3.023,14.94,79.8,0
2026-06-22 02:33:01,lht65-20,52.2507,5.97306,3.023,14.86,81.0,3
2026-06-22 02:43:00,lht65-20,52.2507,5.97306,3.023,14.73,81.9,11
2026-06-22 02:53:01,lht65-20,52.2507,5.97306,3.023,14.59,82.5,36
2026-06-22 03:03:01,lht65-20,52.2507,5.97306,3.021,14.43,83.9,95
2026-06-22 03:13:01,lht65-20,52.2507,5.97306,3.023,14.27,84.0,213
2026-06-22 03:23:00,lht65-20,52.2507,5.97306,3.021,14.24,84.6,414
2026-06-22 03:33:01,lht65-20,52.2507,5.97306,3.021,14.24,84.6,695
2026-06-22 03:43:00,lht65-20,52.2507,5.97306,3.021,14.31,84.2,1089
2026-06-22 03:53:01,lht65-20,52.2507,5.97306,3.021,14.56,83.6,1694
2026-06-22 04:03:00,lht65-20,52.2507,5.97306,3.023,14.73,82.1,2112
2026-06-22 04:13:01,lht65-20,52.2507,5.97306,3.023,15.05,82.4,3009
2026-06-22 04:23:01,lht65-20,52.2507,5.97306,3.021,15.28,80.6,3145
2026-06-22 04:33:01,lht65-20,52.2507,5.97306,3.021,15.36,80.9,4405
2026-06-22 04:43:01,lht65-20,52.2507,5.97306,3.023,15.87,80.4,7850
2026-06-22 04:53:00,lht65-20,52.2507,5.97306,3.023,16.33,78.0,5633
2026-06-22 05:03:01,lht65-20,52.2507,5.97306,3.023,16.49,78.7,10832
2026-06-22 05:13:01,lht65-20,52.2507,5.97306,3.023,16.93,78.1,9670
2026-06-22 05:23:00,lht65-20,52.2507,5.97306,3.025,17.39,77.8,13459
2026-06-22 05:33:01,lht65-20,52.2507,5.97306,3.023,17.53,77.0,14692
2026-06-22 05:43:01,lht65-20,52.2507,5.97306,3.023,17.94,76.0,16240
2026-06-22 05:53:00,lht65-20,52.2507,5.97306,3.025,18.03,76.0,17351
2026-06-22 06:03:01,lht65-20,52.2507,5.97306,3.023,18.41,76.1,18827
2026-06-22 06:13:01,lht65-20,52.2507,5.97306,3.027,18.77,77.7,19670
2026-06-22 06:23:00,lht65-20,52.2507,5.97306,3.025,18.83,74.4,20840
2026-06-22 06:33:01,lht65-20,52.2507,5.97306,3.027,19.29,75.0,21633
2026-06-22 06:43:01,lht65-20,52.2507,5.97306,3.025,19.47,74.1,22822
2026-06-22 06:53:01,lht65-20,52.2507,5.97306,3.027,19.48,73.8,21100
2026-06-22 07:03:01,lht65-20,52.2507,5.97306,3.025,19.46,74.9,23004
2026-06-22 07:13:00,lht65-20,52.2507,5.97306,3.027,19.64,73.8,23515
2026-06-22 07:23:00,lht65-20,52.2507,5.97306,3.027,19.91,76.1,25690
2026-06-22 07:33:00,lht65-20,52.2507,5.97306,3.027,20.26,73.7,26647
2026-06-22 07:43:01,lht65-20,52.2507,5.97306,3.027,20.68,74.0,26499
2026-06-22 07:53:01,lht65-20,52.2507,5.97306,3.027,20.92,76.1,27691
2026-06-22 08:03:01,lht65-20,52.2507,5.97306,3.027,21.0,72.8,28649
2026-06-22 08:13:01,lht65-20,52.2507,5.97306,3.027,21.2,73.1,29747
2026-06-22 08:23:01,lht65-20,52.2507,5.97306,3.027,21.51,71.1,29705
2026-06-22 08:33:01,lht65-20,52.2507,5.97306,3.027,21.72,71.6,30905
2026-06-22 08:43:01,lht65-20,52.2507,5.97306,3.027,22.01,71.3,31499
2026-06-22 08:53:00,lht65-20,52.2507,5.97306,3.027,22.36,72.7,32068
2026-06-22 09:03:01,lht65-20,52.2507,5.97306,3.027,22.92,71.2,32855
2026-06-22 09:13:01,lht65-20,52.2507,5.97306,3.029,23.03,71.4,33865
2026-06-22 09:23:01,lht65-20,52.2507,5.97306,3.027,23.0,65.5,34310
2026-06-22 09:33:01,lht65-20,52.2507,5.97306,3.029,23.59,65.0,35273
2026-06-22 09:43:01,lht65-20,52.2507,5.97306,3.027,23.59,66.9,32763
2026-06-22 09:53:01,lht65-20,52.2507,5.97306,3.029,23.8,66.3,34445
2026-06-22 10:03:00,lht65-20,52.2507,5.97306,3.027,23.78,67.1,35500
2026-06-22 10:13:01,lht65-20,52.2507,5.97306,3.03,24.28,65.8,36471
2026-06-22 10:23:01,lht65-20,52.2507,5.97306,3.029,24.25,67.8,35989
2026-06-22 10:33:01,lht65-20,52.2507,5.97306,3.03,24.54,68.0,35401
2026-06-22 10:43:00,lht65-20,52.2507,5.97306,3.027,24.83,64.3,36181
2026-06-22 10:53:01,lht65-20,52.2507,5.97306,3.03,24.98,65.8,37560
2026-06-22 11:03:01,lht65-20,52.2507,5.97306,3.03,25.21,66.4,37110
2026-06-22 11:13:00,lht65-20,52.2507,5.97306,3.03,25.13,66.3,34160
2026-06-22 11:23:01,lht65-20,52.2507,5.97306,3.03,25.42,64.6,36991
2026-06-22 11:33:01,lht65-20,52.2507,5.97306,3.027,25.39,64.2,37049
2026-06-22 11:43:01,lht65-20,52.2507,5.97306,3.029,25.96,65.7,36550
2026-06-22 11:53:01,lht65-20,52.2507,5.97306,3.029,26.22,63.9,37040
2026-06-22 12:03:00,lht65-20,52.2507,5.97306,3.03,26.2,61.0,38345
2026-06-22 12:13:01,lht65-20,52.2507,5.97306,3.03,26.64,60.8,35007
2026-06-22 12:23:01,lht65-20,52.2507,5.97306,3.029,26.3,59.2,35041
2026-06-22 12:33:00,lht65-20,52.2507,5.97306,3.03,26.49,59.6,38287
2026-06-22 12:43:00,lht65-20,52.2507,5.97306,3.03,27.19,59.4,36726
2026-06-22 12:53:00,lht65-20,52.2507,5.97306,3.03,26.87,58.5,31909
2026-06-22 13:03:00,lht65-20,52.2507,5.97306,3.03,26.78,59.5,26720
2026-06-22 13:13:01,lht65-20,52.2507,5.97306,3.03,26.26,62.7,30885
2026-06-22 13:23:00,lht65-20,52.2507,5.97306,3.03,26.38,61.7,32977
2026-06-22 13:33:01,lht65-20,52.2507,5.97306,3.03,26.78,61.2,32288
2026-06-22 13:43:01,lht65-20,52.2507,5.97306,3.03,27.35,60.9,34910
2026-06-22 13:53:00,lht65-20,52.2507,5.97306,3.03,27.08,59.9,28918
2026-06-22 14:03:00,lht65-20,52.2507,5.97306,3.03,27.14,60.9,32985
2026-06-22 14:13:00,lht65-20,52.2507,5.97306,3.03,27.64,60.1,32710
2026-06-22 14:23:01,lht65-20,52.2507,5.97306,3.032,27.21,59.1,33309
2026-06-22 14:33:00,lht65-20,52.2507,5.97306,3.032,27.29,59.3,32143
2026-06-22 14:43:00,lht65-20,52.2507,5.97306,3.03,27.43,57.1,31999
2026-06-22 14:53:00,lht65-20,52.2507,5.97306,3.03,27.44,58.0,30696
2026-06-22 15:03:01,lht65-20,52.2507,5.97306,3.03,27.19,61.7,30666
2026-06-22 15:13:00,lht65-20,52.2507,5.97306,3.032,27.3,60.5,31172
2026-06-22 15:23:00,lht65-20,52.2507,5.97306,3.03,27.29,59.3,30138
2026-06-22 15:33:00,lht65-20,52.2507,5.97306,3.03,27.17,61.7,31315
2026-06-22 15:43:00,lht65-20,52.2507,5.97306,3.03,27.2,59.0,29795
2026-06-22 15:53:00,lht65-20,52.2507,5.97306,3.03,27.11,61.0,27730
2026-06-22 16:03:00,lht65-20,52.2507,5.97306,3.032,27.05,59.4,27123
2026-06-22 16:13:01,lht65-20,52.2507,5.97306,3.03,26.84,60.0,24660
2026-06-22 16:23:00,lht65-20,52.2507,5.97306,3.03,26.64,61.4,24551
2026-06-22 16:33:00,lht65-20,52.2507,5.97306,3.03,26.31,60.3,24385
2026-06-22 16:43:00,lht65-20,52.2507,5.97306,3.03,26.54,62.1,24443
2026-06-22 16:53:00,lht65-20,52.2507,5.97306,3.032,26.41,61.2,22860
2026-06-22 17:03:00,lht65-20,52.2507,5.97306,3.03,26.24,63.7,23374
2026-06-22 17:13:01,lht65-20,52.2507,5.97306,3.03,25.95,61.4,20504
2026-06-22 17:23:00,lht65-20,52.2507,5.97306,3.03,25.61,62.9,19040
2026-06-22 17:33:00,lht65-20,52.2507,5.97306,3.032,25.23,63.0,11555
2026-06-22 17:43:00,lht65-20,52.2507,5.97306,3.03,24.67,64.7,16800
2026-06-22 17:53:00,lht65-20,52.2507,5.97306,3.03,24.82,64.1,14433
2026-06-22 18:03:00,lht65-20,52.2507,5.97306,3.03,24.48,65.0,13704
2026-06-22 18:13:00,lht65-20,52.2507,5.97306,3.032,24.21,65.2,13135
2026-06-22 18:23:00,lht65-20,52.2507,5.97306,3.03,24.01,65.7,11015
2026-06-22 18:33:00,lht65-20,52.2507,5.97306,3.03,23.53,66.1,9191
2026-06-22 18:43:00,lht65-20,52.2507,5.97306,3.03,22.84,66.5,4406
2026-06-22 18:53:00,lht65-20,52.2507,5.97306,3.029,22.12,68.2,2584
2026-06-22 19:03:00,lht65-20,52.2507,5.97306,3.029,21.51,69.1,2102
2026-06-22 19:13:00,lht65-20,52.2507,5.97306,3.027,21.06,71.2,1701
2026-06-22 19:23:00,lht65-20,52.2507,5.97306,3.029,20.77,71.2,1157
2026-06-22 19:33:00,lht65-20,52.2507,5.97306,3.029,20.34,71.9,847
2026-06-22 19:43:00,lht65-20,52.2507,5.97306,3.027,19.97,73.3,520
2026-06-22 19:53:01,lht65-20,52.2507,5.97306,3.027,19.54,74.1,280
2026-06-22 20:03:00,lht65-20,52.2507,5.97306,3.027,19.25,75.1,150
2026-06-22 20:13:00,lht65-20,52.2507,5.97306,3.027,19.04,74.4,70
2026-06-22 20:23:01,lht65-20,52.2507,5.97306,3.029,18.8,74.7,26
2026-06-22 20:33:00,lht65-20,52.2507,5.97306,3.027,18.5,74.7,9
2026-06-22 20:43:00,lht65-20,52.2507,5.97306,3.027,18.3,77.3,2
2026-06-22 20:53:00,lht65-20,52.2507,5.97306,3.027,18.03,76.3,0
2026-06-22 21:03:00,lht65-20,52.2507,5.97306,3.027,17.72,75.5,0
2026-06-22 21:13:00,lht65-20,52.2507,5.97306,3.027,17.55,76.1,0
2026-06-22 21:23:00,lht65-20,52.2507,5.97306,3.027,17.28,78.9,0
2026-06-22 21:33:00,lht65-20,52.2507,5.97306,3.027,17.15,76.6,0
2026-06-22 21:43:00,lht65-20,52.2507,5.97306,3.027,16.97,76.7,0
2026-06-22 21:53:00,lht65-20,52.2507,5.97306,3.025,16.86,76.5,0
2026-06-22 22:03:00,lht65-20,52.2507,5.97306,3.025,16.66,76.1,0
2026-06-22 22:13:00,lht65-20,52.2507,5.97306,3.023,16.5,75.9,0
2026-06-22 22:23:00,lht65-20,52.2507,5.97306,3.023,16.26,77.2,0
2026-06-22 22:33:00,lht65-20,52.2507,5.97306,3.025,15.98,79.4,0
2026-06-22 22:43:00,lht65-20,52.2507,5.97306,3.023,15.74,79.9,0
2026-06-22 22:53:01,lht65-20,52.2507,5.97306,3.023,15.68,78.9,0
2026-06-22 23:03:00,lht65-20,52.2507,5.97306,3.023,15.41,80.2,0
2026-06-22 23:13:00,lht65-20,52.2507,5.97306,3.023,15.13,81.3,0
2026-06-22 23:23:00,lht65-20,52.2507,5.97306,3.023,15.0,82.0,0
2026-06-22 23:33:00,lht65-20,52.2507,5.97306,3.021,14.87,82.3,0
2026-06-22 23:43:00,lht65-20,52.2507,5.97306,3.021,14.66,83.2,0
2026-06-22 23:53:00,lht65-20,52.2507,5.97306,3.023,14.49,84.1,0
2026-06-23 00:03:00,lht65-20,52.2507,5.97306,3.021,14.32,86.0,0
2026-06-23 00:13:00,lht65-20,52.2507,5.97306,3.019,14.21,86.0,0
2026-06-23 00:23:00,lht65-20,52.2507,5.97306,3.021,14.13,87.2,0
2026-06-23 00:33:00,lht65-20,52.2507,5.97306,3.021,14.33,86.2,0
2026-06-23 00:43:00,lht65-20,52.2507,5.97306,3.019,14.34,86.0,0
2026-06-23 00:53:01,lht65-20,52.2507,5.97306,3.021,14.41,85.0,0
2026-06-23 01:03:01,lht65-20,52.2507,5.97306,3.019,14.36,84.9,0
2026-06-23 01:13:00,lht65-20,52.2507,5.97306,3.019,14.32,85.6,0
2026-06-23 01:23:00,lht65-20,52.2507,5.97306,3.019,14.09,85.9,0
2026-06-23 01:33:00,lht65-20,52.2507,5.97306,3.019,13.81,87.6,0
2026-06-23 01:43:00,lht65-20,52.2507,5.97306,3.019,13.63,87.8,0
2026-06-23 01:53:00,lht65-20,52.2507,5.97306,3.018,13.54,89.2,0
2026-06-23 02:03:00,lht65-20,52.2507,5.97306,3.018,13.45,90.7,0
2026-06-23 02:13:00,lht65-20,52.2507,5.97306,3.018,13.39,91.3,0
2026-06-23 02:23:00,lht65-20,52.2507,5.97306,3.018,13.38,91.9,0
2026-06-23 02:33:00,lht65-20,52.2507,5.97306,3.018,13.41,91.7,1
2026-06-23 02:43:00,lht65-20,52.2507,5.97306,3.018,13.58,90.5,5
2026-06-23 02:53:00,lht65-20,52.2507,5.97306,3.019,13.72,89.9,14
2026-06-23 03:03:00,lht65-20,52.2507,5.97306,3.018,13.85,89.3,37
2026-06-23 03:13:00,lht65-20,52.2507,5.97306,3.019,13.96,89.8,90
2026-06-23 03:23:01,lht65-20,52.2507,5.97306,3.018,14.0,88.7,170
2026-06-23 03:33:00,lht65-20,52.2507,5.97306,3.019,14.1,88.4,371
2026-06-23 03:43:00,lht65-20,52.2507,5.97306,3.018,14.21,88.1,955
2026-06-23 03:53:00,lht65-20,52.2507,5.97306,3.021,14.55,86.1,1927
2026-06-23 04:03:00,lht65-20,52.2507,5.97306,3.018,14.58,86.7,1467
2026-06-23 04:13:00,lht65-20,52.2507,5.97306,3.019,14.76,86.5,3800
2026-06-23 04:23:00,lht65-20,52.2507,5.97306,3.019,14.95,85.0,2867
2026-06-23 04:33:01,lht65-20,52.2507,5.97306,3.019,14.76,85.6,2536
2026-06-23 04:43:00,lht65-20,52.2507,5.97306,3.019,14.76,86.0,4692
2026-06-23 04:53:00,lht65-20,52.2507,5.97306,3.019,15.13,85.7,5083
2026-06-23 05:03:00,lht65-20,52.2507,5.97306,3.018,15.79,83.6,11729
2026-06-23 05:13:01,lht65-20,52.2507,5.97306,3.019,16.92,79.6,13764
2026-06-23 05:23:00,lht65-20,52.2507,5.97306,3.021,17.05,77.9,5406
2026-06-23 05:33:01,lht65-20,52.2507,5.97306,3.021,16.66,81.4,5769
2026-06-23 05:43:00,lht65-20,52.2507,5.97306,3.021,16.67,80.5,6410
2026-06-23 05:53:00,lht65-20,52.2507,5.97306,3.021,16.62,82.4,4510
2026-06-23 06:03:00,lht65-20,52.2507,5.97306,3.021,16.59,82.0,3913
2026-06-23 06:13:01,lht65-20,52.2507,5.97306,3.021,16.73,80.9,4858
2026-06-23 06:23:00,lht65-20,52.2507,5.97306,3.021,16.74,81.9,6970
2026-06-23 06:33:00,lht65-20,52.2507,5.97306,3.021,16.98,81.3,7547
2026-06-23 06:43:01,lht65-20,52.2507,5.97306,3.021,17.21,80.0,7240
2026-06-23 06:53:00,lht65-20,52.2507,5.97306,3.023,17.24,79.7,6960
2026-06-23 07:03:01,lht65-20,52.2507,5.97306,3.019,17.35,80.6,6794
2026-06-23 07:13:00,lht65-20,52.2507,5.97306,3.023,17.33,81.3,7672
2026-06-23 07:23:00,lht65-20,52.2507,5.97306,3.021,17.44,81.1,8910
2026-06-23 07:33:00,lht65-20,52.2507,5.97306,3.021,17.52,80.5,10815
2026-06-23 07:43:00,lht65-20,52.2507,5.97306,3.023,18.16,79.9,13726
2026-06-23 07:53:00,lht65-20,52.2507,5.97306,3.021,18.54,77.6,10628
2026-06-23 08:03:00,lht65-20,52.2507,5.97306,3.023,18.34,77.7,31731
2026-06-23 08:13:01,lht65-20,52.2507,5.97306,3.023,19.76,77.9,30045
2026-06-23 08:23:00,lht65-20,52.2507,5.97306,3.023,20.81,71.4,31098
2026-06-23 08:33:00,lht65-20,52.2507,5.97306,3.027,21.37,69.8,30501
2026-06-23 08:43:00,lht65-20,52.2507,5.97306,3.023,21.99,68.5,29672
2026-06-23 08:53:01,lht65-20,52.2507,5.97306,3.027,22.19,69.0,28727
2026-06-23 09:03:00,lht65-20,52.2507,5.97306,3.025,22.68,66.5,30066
2026-06-23 09:13:01,lht65-20,52.2507,5.97306,3.025,23.06,64.8,31290
2026-06-23 09:23:01,lht65-20,52.2507,5.97306,3.027,23.39,65.8,32842
2026-06-23 09:33:00,lht65-20,52.2507,5.97306,3.027,23.69,64.2,32036
2026-06-23 09:43:00,lht65-20,52.2507,5.97306,3.027,24.25,63.6,33045
2026-06-23 09:53:02,lht65-20,52.2507,5.97306,3.027,24.53,63.2,35079
2026-06-23 10:33:00,lht65-20,52.2507,5.97306,3.027,25.94,61.9,36105
2026-06-23 10:43:00,lht65-20,52.2507,5.97306,3.027,26.14,64.1,30171
2026-06-23 10:53:00,lht65-20,52.2507,5.97306,3.027,25.95,61.8,23316
2026-06-23 11:03:00,lht65-20,52.2507,5.97306,3.027,26.02,61.0,39255
2026-06-23 11:13:07,lht65-20,52.2507,5.97306,3.029,26.76,58.1,37530
2026-06-23 11:23:00,lht65-20,52.2507,5.97306,3.029,26.88,58.0,37184
2026-06-23 11:33:00,lht65-20,52.2507,5.97306,3.027,26.91,59.0,36977
2026-06-23 11:43:00,lht65-20,52.2507,5.97306,3.027,26.85,61.7,37055
2026-06-23 11:53:00,lht65-20,52.2507,5.97306,3.029,27.42,58.5,37260
2026-06-23 12:03:00,lht65-20,52.2507,5.97306,3.029,27.92,57.2,37558
2026-06-23 12:13:00,lht65-20,52.2507,5.97306,3.029,28.18,55.9,39255
2026-06-23 12:23:01,lht65-20,52.2507,5.97306,3.029,28.04,54.7,21950
2026-06-23 12:33:00,lht65-20,52.2507,5.97306,3.03,27.74,54.5,39600
2026-06-23 12:43:00,lht65-20,52.2507,5.97306,3.029,29.1,51.6,37830
2026-06-23 13:03:00,lht65-20,52.2507,5.97306,3.03,29.69,53.8,34605
2026-06-23 13:13:00,lht65-20,52.2507,5.97306,3.029,29.5,59.3,35925
2026-06-23 13:23:00,lht65-20,52.2507,5.97306,3.029,28.78,53.8,26930
2026-06-23 13:33:00,lht65-20,52.2507,5.97306,3.03,29.23,52.4,36191
2026-06-23 13:43:00,lht65-20,52.2507,5.97306,3.029,29.42,51.7,34561
2026-06-23 13:53:00,lht65-20,52.2507,5.97306,3.03,29.34,50.9,33392
2026-06-23 14:03:00,lht65-20,52.2507,5.97306,3.03,29.65,51.7,32787
2026-06-23 14:13:00,lht65-20,52.2507,5.97306,3.03,29.95,50.9,31932
2026-06-23 14:23:00,lht65-20,52.2507,5.97306,3.03,29.73,49.6,31677
2026-06-23 14:33:00,lht65-20,52.2507,5.97306,3.03,29.19,52.5,31279
2026-06-23 14:43:00,lht65-20,52.2507,5.97306,3.03,29.24,51.8,30950
2026-06-23 14:53:00,lht65-20,52.2507,5.97306,3.03,29.65,50.2,30542
2026-06-23 15:03:00,lht65-20,52.2507,5.97306,3.032,29.27,51.9,29879
2026-06-23 15:13:00,lht65-20,52.2507,5.97306,3.03,29.42,50.0,29517
2026-06-23 15:33:00,lht65-20,52.2507,5.97306,3.03,29.22,48.0,28255
2026-06-23 15:43:00,lht65-20,52.2507,5.97306,3.03,29.29,53.3,27591
2026-06-23 15:53:02,lht65-20,52.2507,5.97306,3.03,29.78,50.9,27016
2026-06-23 16:03:00,lht65-20,52.2507,5.97306,3.03,30.07,50.3,26336
2026-06-23 16:13:00,lht65-20,52.2507,5.97306,3.03,29.95,53.7,25364
2026-06-23 16:23:00,lht65-20,52.2507,5.97306,3.034,30.18,51.7,24556
2026-06-23 16:33:00,lht65-20,52.2507,5.97306,3.03,30.11,50.8,23736
2026-06-23 16:43:00,lht65-20,52.2507,5.97306,3.032,30.12,50.3,22665
2026-06-23 16:53:00,lht65-20,52.2507,5.97306,3.03,29.83,52.5,21700
2026-06-23 17:03:00,lht65-20,52.2507,5.97306,3.03,29.67,52.5,20603
2026-06-23 17:13:00,lht65-20,52.2507,5.97306,3.03,29.73,52.4,19970
2026-06-23 17:23:00,lht65-20,52.2507,5.97306,3.034,29.96,50.1,18790
2026-06-23 17:33:00,lht65-20,52.2507,5.97306,3.032,29.96,51.6,17805
2026-06-23 17:43:00,lht65-20,52.2507,5.97306,3.032,29.63,52.2,16630
2026-06-23 17:53:00,lht65-20,52.2507,5.97306,3.032,29.49,51.5,15308
2026-06-23 18:03:00,lht65-20,52.2507,5.97306,3.032,29.61,50.4,14025
2026-06-23 18:13:00,lht65-20,52.2507,5.97306,3.032,29.54,55.4,12847
2026-06-23 18:23:00,lht65-20,52.2507,5.97306,3.032,29.64,51.9,11415
2026-06-23 18:33:00,lht65-20,52.2507,5.97306,3.032,29.29,52.0,9926
2026-06-23 18:43:00,lht65-20,52.2507,5.97306,3.03,29.34,53.1,8335
2026-06-23 18:53:00,lht65-20,52.2507,5.97306,3.032,29.15,53.2,6801
2026-06-23 19:03:00,lht65-20,52.2507,5.97306,3.032,28.57,54.0,5333
2026-06-23 19:13:00,lht65-20,52.2507,5.97306,3.032,28.17,56.0,3779
2026-06-23 19:23:00,lht65-20,52.2507,5.97306,3.032,27.07,59.7,1685
2026-06-23 19:33:00,lht65-20,52.2507,5.97306,3.03,25.81,66.2,1186
2026-06-23 19:43:00,lht65-20,52.2507,5.97306,3.032,24.45,70.3,778
2026-06-23 19:53:00,lht65-20,52.2507,5.97306,3.03,23.44,73.4,460
2026-06-23 20:03:00,lht65-20,52.2507,5.97306,3.03,22.57,78.3,243
2026-06-23 20:13:00,lht65-20,52.2507,5.97306,3.03,21.86,80.6,110
2026-06-23 20:23:00,lht65-20,52.2507,5.97306,3.03,21.3,85.3,40
2026-06-23 20:33:00,lht65-20,52.2507,5.97306,3.029,20.93,88.3,11
2026-06-23 20:43:00,lht65-20,52.2507,5.97306,3.029,20.58,88.9,3
2026-06-23 20:53:00,lht65-20,52.2507,5.97306,3.03,20.34,90.3,0
2026-06-23 21:03:00,lht65-20,52.2507,5.97306,3.029,20.21,89.6,0
2026-06-23 21:13:00,lht65-20,52.2507,5.97306,3.029,20.07,90.2,0
2026-06-23 21:23:00,lht65-20,52.2507,5.97306,3.029,19.66,90.4,0
2026-06-23 21:33:00,lht65-20,52.2507,5.97306,3.027,19.33,92.1,0
2026-06-23 21:43:00,lht65-20,52.2507,5.97306,3.027,19.2,93.6,0
2026-06-23 21:53:00,lht65-20,52.2507,5.97306,3.027,19.12,93.9,0
2026-06-23 22:03:00,lht65-20,52.2507,5.97306,3.029,19.05,94.0,0
2026-06-23 22:13:01,lht65-20,52.2507,5.97306,3.027,18.89,94.1,0
2026-06-23 22:23:00,lht65-20,52.2507,5.97306,3.027,18.76,94.5,0
2026-06-23 22:33:00,lht65-20,52.2507,5.97306,3.027,18.57,94.8,0
2026-06-23 22:43:00,lht65-20,52.2507,5.97306,3.027,18.34,95.1,0
2026-06-23 22:53:00,lht65-20,52.2507,5.97306,3.027,18.09,95.2,0
2026-06-23 23:03:00,lht65-20,52.2507,5.97306,3.025,17.99,95.6,0
2026-06-23 23:13:00,lht65-20,52.2507,5.97306,3.027,17.89,95.8,0
2026-06-23 23:33:00,lht65-20,52.2507,5.97306,3.027,17.54,96.2,0
2026-06-23 23:43:00,lht65-20,52.2507,5.97306,3.027,17.56,96.3,0
2026-06-23 23:53:00,lht65-20,52.2507,5.97306,3.023,17.54,96.6,0
2026-06-24 00:03:00,lht65-20,52.2507,5.97306,3.027,17.45,96.8,0
2026-06-24 00:13:00,lht65-20,52.2507,5.97306,3.027,17.41,96.9,0
2026-06-24 00:33:00,lht65-20,52.2507,5.97306,3.023,17.13,97.1,0
2026-06-24 00:43:00,lht65-20,52.2507,5.97306,3.027,17.0,97.1,0
2026-06-24 00:53:00,lht65-20,52.2507,5.97306,3.025,16.97,97.2,0
2026-06-24 01:03:00,lht65-20,52.2507,5.97306,3.023,16.89,97.3,0
2026-06-24 01:13:00,lht65-20,52.2507,5.97306,3.027,16.74,97.4,0
2026-06-24 01:23:00,lht65-20,52.2507,5.97306,3.025,16.72,97.4,0
2026-06-24 01:33:00,lht65-20,52.2507,5.97306,3.023,16.59,97.5,0
2026-06-24 01:43:00,lht65-20,52.2507,5.97306,3.023,16.55,97.5,0
2026-06-24 01:53:00,lht65-20,52.2507,5.97306,3.027,16.54,97.6,0
2026-06-24 04:03:25,lht65-20,52.2507,5.97306,3.025,16.5,97.6,0
2026-06-24 04:13:00,lht65-20,52.2507,5.97306,3.023,16.74,98.0,3950
2026-06-24 04:23:00,lht65-20,52.2507,5.97306,3.023,17.38,98.0,5216
2026-06-24 04:33:00,lht65-20,52.2507,5.97306,3.023,17.98,98.0,6498
2026-06-24 04:43:00,lht65-20,52.2507,5.97306,3.023,18.66,97.7,7789
2026-06-24 04:53:00,lht65-20,52.2507,5.97306,3.025,19.84,96.8,9133
2026-06-24 05:03:00,lht65-20,52.2507,5.97306,3.027,20.61,91.2,10444
2026-06-24 05:13:00,lht65-20,52.2507,5.97306,3.027,21.41,87.9,11786
2026-06-24 05:23:00,lht65-20,52.2507,5.97306,3.027,22.34,83.5,12971
2026-06-24 05:33:00,lht65-20,52.2507,5.97306,3.027,23.23,78.2,14087
2026-06-24 05:43:00,lht65-20,52.2507,5.97306,3.027,23.72,77.0,13845
2026-06-24 05:53:00,lht65-20,52.2507,5.97306,3.027,24.01,77.1,16541
2026-06-24 06:03:00,lht65-20,52.2507,5.97306,3.027,24.53,76.5,17936
2026-06-24 06:13:00,lht65-20,52.2507,5.97306,3.029,25.56,71.1,19164
2026-06-24 06:23:00,lht65-20,52.2507,5.97306,3.029,26.3,70.2,19454
2026-06-24 06:33:00,lht65-20,52.2507,5.97306,3.029,26.49,67.4,20371
2026-06-24 06:43:00,lht65-20,52.2507,5.97306,3.029,26.86,67.4,21920
2026-06-24 06:53:00,lht65-20,52.2507,5.97306,3.029,27.35,67.5,22720
2026-06-24 07:03:00,lht65-20,52.2507,5.97306,3.029,27.79,64.6,23448
2026-06-24 07:13:00,lht65-20,52.2507,5.97306,3.029,27.65,65.6,24209
2026-06-24 07:23:00,lht65-20,52.2507,5.97306,3.03,27.85,63.7,24172
2026-06-24 07:33:00,lht65-20,52.2507,5.97306,3.03,28.26,61.1,25387
2026-06-24 07:43:00,lht65-20,52.2507,5.97306,3.03,28.32,61.3,25657
2026-06-24 07:53:00,lht65-20,52.2507,5.97306,3.032,28.66,60.2,26708
2026-06-24 08:03:00,lht65-20,52.2507,5.97306,3.03,29.16,60.2,27453
2026-06-24 08:13:00,lht65-20,52.2507,5.97306,3.03,29.78,57.6,28338
2026-06-24 08:33:00,lht65-20,52.2507,5.97306,3.032,30.69,54.6,29380
2026-06-24 08:43:00,lht65-20,52.2507,5.97306,3.03,30.93,50.5,28989
2026-06-24 08:53:00,lht65-20,52.2507,5.97306,3.032,30.97,50.4,29661
2026-06-24 09:03:00,lht65-20,52.2507,5.97306,3.032,31.37,50.9,31405
2026-06-24 09:13:00,lht65-20,52.2507,5.97306,3.032,31.8,50.2,32223
2026-06-24 09:23:00,lht65-20,52.2507,5.97306,3.032,31.57,55.3,32640
2026-06-24 09:33:00,lht65-20,52.2507,5.97306,3.034,31.43,56.5,33121
2026-06-24 09:43:00,lht65-20,52.2507,5.97306,3.032,31.36,53.5,33886
2026-06-24 09:53:00,lht65-20,52.2507,5.97306,3.032,31.82,57.9,33867
2026-06-24 10:03:00,lht65-20,52.2507,5.97306,3.032,32.14,54.0,34348
2026-06-24 10:13:00,lht65-20,52.2507,5.97306,3.032,32.03,56.7,34775
2026-06-24 10:23:00,lht65-20,52.2507,5.97306,3.034,32.52,53.0,34931
2026-06-24 10:33:00,lht65-20,52.2507,5.97306,3.034,32.51,56.3,35435
2026-06-24 10:43:00,lht65-20,52.2507,5.97306,3.034,32.86,53.3,35569
2026-06-24 10:53:00,lht65-20,52.2507,5.97306,3.034,32.36,53.8,35759
2026-06-24 11:03:00,lht65-20,52.2507,5.97306,3.034,32.51,52.0,35797
2026-06-24 11:13:00,lht65-20,52.2507,5.97306,3.034,33.34,55.3,36079
2026-06-24 11:23:00,lht65-20,52.2507,5.97306,3.034,33.41,52.0,36352
2026-06-24 11:33:00,lht65-20,52.2507,5.97306,3.036,33.53,53.2,36090
2026-06-24 11:43:00,lht65-20,52.2507,5.97306,3.034,33.34,51.0,36137
2026-06-24 11:53:00,lht65-20,52.2507,5.97306,3.034,33.5,51.8,36012
2026-06-24 12:03:00,lht65-20,52.2507,5.97306,3.034,33.15,54.1,36195
2026-06-24 12:13:00,lht65-20,52.2507,5.97306,3.036,33.12,51.2,35666
2026-06-24 12:23:00,lht65-20,52.2507,5.97306,3.034,33.41,50.4,35535
2026-06-24 12:33:00,lht65-20,52.2507,5.97306,3.036,33.65,48.1,35061
2026-06-24 12:43:00,lht65-20,52.2507,5.97306,3.036,33.69,51.3,34947
2026-06-24 12:53:00,lht65-20,52.2507,5.97306,3.036,33.99,48.1,34935
2026-06-24 13:13:00,lht65-20,52.2507,5.97306,3.038,34.54,47.7,34201
2026-06-24 13:23:00,lht65-20,52.2507,5.97306,3.038,34.75,46.0,33940
2026-06-24 13:33:00,lht65-20,52.2507,5.97306,3.038,35.03,44.8,33238
2026-06-24 13:43:00,lht65-20,52.2507,5.97306,3.038,34.97,44.1,32899
2026-06-24 13:53:00,lht65-20,52.2507,5.97306,3.038,35.14,47.9,32261
2026-06-24 14:03:00,lht65-20,52.2507,5.97306,3.038,35.36,44.7,31888
2026-06-24 14:13:00,lht65-20,52.2507,5.97306,3.038,35.05,45.8,31291
2026-06-24 14:23:00,lht65-20,52.2507,5.97306,3.036,35.02,46.2,30605
2026-06-24 14:33:00,lht65-20,52.2507,5.97306,3.038,34.76,43.7,30497
2026-06-24 14:43:00,lht65-20,52.2507,5.97306,3.038,34.92,43.9,29715
2026-06-24 14:53:00,lht65-20,52.2507,5.97306,3.038,34.83,44.6,29157
2026-06-24 15:03:00,lht65-20,52.2507,5.97306,3.038,34.69,45.7,28915
2026-06-24 15:13:00,lht65-20,52.2507,5.97306,3.038,34.55,45.5,28423
2026-06-24 15:23:00,lht65-20,52.2507,5.97306,3.038,34.87,48.5,28008
2026-06-24 15:33:00,lht65-20,52.2507,5.97306,3.04,35.05,44.7,27505
2026-06-24 15:43:00,lht65-20,52.2507,5.97306,3.038,34.98,47.6,26602
2026-06-24 15:53:00,lht65-20,52.2507,5.97306,3.04,34.92,44.5,26320
2026-06-24 16:03:00,lht65-20,52.2507,5.97306,3.038,35.21,44.4,25435
2026-06-24 16:13:00,lht65-20,52.2507,5.97306,3.038,35.26,43.1,24421
2026-06-24 16:23:00,lht65-20,52.2507,5.97306,3.041,35.45,42.6,23734
2026-06-24 16:33:00,lht65-20,52.2507,5.97306,3.041,35.65,43.7,22367
2026-06-24 16:43:00,lht65-20,52.2507,5.97306,3.041,35.54,44.4,7782
2026-06-24 16:53:00,lht65-20,52.2507,5.97306,3.041,34.43,48.0,7112
2026-06-24 17:03:00,lht65-20,52.2507,5.97306,3.04,34.17,50.7,18603
2026-06-24 17:13:00,lht65-20,52.2507,5.97306,3.041,34.58,48.3,17857
2026-06-24 17:23:00,lht65-20,52.2507,5.97306,3.041,34.55,50.7,17100
2026-06-24 17:33:00,lht65-20,52.2507,5.97306,3.041,34.33,49.7,16017
2026-06-24 17:43:00,lht65-20,52.2507,5.97306,3.041,34.01,54.2,14985
2026-06-24 17:53:00,lht65-20,52.2507,5.97306,3.041,33.6,53.1,13720
2026-06-24 18:03:00,lht65-20,52.2507,5.97306,3.041,33.27,54.4,12497
2026-06-24 18:13:00,lht65-20,52.2507,5.97306,3.041,32.8,53.5,11371
2026-06-24 18:23:00,lht65-20,52.2507,5.97306,3.041,32.23,56.2,9755
2026-06-24 18:33:00,lht65-20,52.2507,5.97306,3.041,31.71,58.1,8381
2026-06-24 18:43:00,lht65-20,52.2507,5.97306,3.041,31.23,59.2,6920
2026-06-24 18:53:00,lht65-20,52.2507,5.97306,3.041,30.79,59.8,5473
2026-06-24 19:03:00,lht65-20,52.2507,5.97306,3.041,30.43,61.3,4170
2026-06-24 19:13:00,lht65-20,52.2507,5.97306,3.04,29.89,62.6,3030
2026-06-24 19:23:00,lht65-20,52.2507,5.97306,3.041,29.18,66.3,1633
2026-06-24 19:33:00,lht65-20,52.2507,5.97306,3.041,28.44,67.3,1131
2026-06-24 19:43:00,lht65-20,52.2507,5.97306,3.041,27.79,70.2,725
2026-06-24 19:53:00,lht65-20,52.2507,5.97306,3.041,27.23,73.2,435
2026-06-24 20:03:00,lht65-20,52.2507,5.97306,3.041,26.72,74.0,235
2026-06-24 20:13:00,lht65-20,52.2507,5.97306,3.041,26.49,70.9,106
2026-06-24 20:23:00,lht65-20,52.2507,5.97306,3.04,26.3,69.6,37
2026-06-24 20:33:00,lht65-20,52.2507,5.97306,3.04,26.15,70.6,11
2026-06-24 20:43:00,lht65-20,52.2507,5.97306,3.04,26.13,72.0,3
2026-06-24 20:53:00,lht65-20,52.2507,5.97306,3.038,26.2,73.2,0
2026-06-24 21:03:00,lht65-20,52.2507,5.97306,3.041,26.02,75.1,0
2026-06-24 21:13:00,lht65-20,52.2507,5.97306,3.038,25.75,75.8,0
2026-06-24 21:23:00,lht65-20,52.2507,5.97306,3.041,25.43,77.5,0
2026-06-24 21:33:00,lht65-20,52.2507,5.97306,3.038,25.3,76.5,0
2026-06-24 21:43:00,lht65-20,52.2507,5.97306,3.038,25.16,76.0,0
2026-06-24 21:53:00,lht65-20,52.2507,5.97306,3.038,24.97,75.8,0
2026-06-24 22:03:00,lht65-20,52.2507,5.97306,3.04,24.81,76.1,0
2026-06-24 22:13:00,lht65-20,52.2507,5.97306,3.04,24.63,76.0,0
2026-06-24 22:23:00,lht65-20,52.2507,5.97306,3.038,24.32,76.6,0
2026-06-24 22:33:00,lht65-20,52.2507,5.97306,3.038,24.13,76.9,0
2026-06-24 22:43:00,lht65-20,52.2507,5.97306,3.038,23.79,77.9,0
2026-06-24 22:53:00,lht65-20,52.2507,5.97306,3.038,23.31,79.7,0
2026-06-24 23:03:00,lht65-20,52.2507,5.97306,3.038,22.84,81.6,0
2026-06-24 23:13:00,lht65-20,52.2507,5.97306,3.038,22.45,83.2,0
2026-06-24 23:23:00,lht65-20,52.2507,5.97306,3.038,22.29,86.0,0
2026-06-24 23:33:00,lht65-20,52.2507,5.97306,3.038,21.89,87.1,0
2026-06-24 23:43:00,lht65-20,52.2507,5.97306,3.038,21.62,88.5,0
2026-06-24 23:53:00,lht65-20,52.2507,5.97306,3.038,21.38,89.3,0
2026-06-25 00:03:00,lht65-20,52.2507,5.97306,3.036,20.96,89.8,0
2026-06-25 00:13:00,lht65-20,52.2507,5.97306,3.036,20.79,92.3,0
2026-06-25 00:23:00,lht65-20,52.2507,5.97306,3.034,20.75,92.8,0
2026-06-25 00:33:00,lht65-20,52.2507,5.97306,3.036,20.61,92.9,0
2026-06-25 00:43:00,lht65-20,52.2507,5.97306,3.036,20.49,93.2,0
2026-06-25 00:53:00,lht65-20,52.2507,5.97306,3.036,20.46,93.0,0
2026-06-25 01:03:00,lht65-20,52.2507,5.97306,3.036,20.34,93.0,0
2026-06-25 01:13:00,lht65-20,52.2507,5.97306,3.034,20.33,93.1,0
2026-06-25 01:23:00,lht65-20,52.2507,5.97306,3.036,20.22,92.9,0
2026-06-25 01:33:00,lht65-20,52.2507,5.97306,3.034,20.11,93.3,0
2026-06-25 01:43:00,lht65-20,52.2507,5.97306,3.036,20.06,93.5,0
2026-06-25 01:53:00,lht65-20,52.2507,5.97306,3.034,20.03,93.8,0
2026-06-25 02:03:00,lht65-20,52.2507,5.97306,3.036,20.01,93.8,0
2026-06-25 02:13:00,lht65-20,52.2507,5.97306,3.034,19.95,93.8,0
2026-06-25 02:23:00,lht65-20,52.2507,5.97306,3.034,19.84,93.8,0
2026-06-25 02:33:00,lht65-20,52.2507,5.97306,3.034,19.64,94.0,3
2026-06-25 02:43:00,lht65-20,52.2507,5.97306,3.034,19.46,94.4,12
2026-06-25 02:53:00,lht65-20,52.2507,5.97306,3.034,19.34,94.9,36
2026-06-25 03:03:00,lht65-20,52.2507,5.97306,3.034,19.22,95.3,95
2026-06-25 03:13:00,lht65-20,52.2507,5.97306,3.034,19.08,95.6,210
2026-06-25 03:23:00,lht65-20,52.2507,5.97306,3.034,19.02,95.8,406
2026-06-25 03:33:00,lht65-20,52.2507,5.97306,3.034,19.07,96.0,697
2026-06-25 03:43:00,lht65-20,52.2507,5.97306,3.034,19.18,96.1,1137
2026-06-25 03:53:00,lht65-20,52.2507,5.97306,3.032,19.46,96.1,1853
2026-06-25 04:03:00,lht65-20,52.2507,5.97306,3.032,19.47,95.4,2093
2026-06-25 04:13:00,lht65-20,52.2507,5.97306,3.034,19.76,95.2,3709
2026-06-25 04:23:00,lht65-20,52.2507,5.97306,3.034,20.51,93.3,4740
2026-06-25 04:33:00,lht65-20,52.2507,5.97306,3.034,21.35,89.2,5929
2026-06-25 04:43:00,lht65-20,52.2507,5.97306,3.036,21.7,87.1,7102
2026-06-25 04:53:00,lht65-20,52.2507,5.97306,3.036,21.97,85.9,8448
2026-06-25 05:03:00,lht65-20,52.2507,5.97306,3.034,22.21,84.3,10100
2026-06-25 05:13:00,lht65-20,52.2507,5.97306,3.036,22.3,83.1,11440
2026-06-25 05:23:00,lht65-20,52.2507,5.97306,3.036,22.67,82.1,12423
2026-06-25 05:33:00,lht65-20,52.2507,5.97306,3.034,22.77,81.2,13687
2026-06-25 05:43:00,lht65-20,52.2507,5.97306,3.036,23.01,81.1,14732
2026-06-25 05:53:00,lht65-20,52.2507,5.97306,3.036,23.2,79.2,16033
2026-06-25 06:03:00,lht65-20,52.2507,5.97306,3.036,23.27,80.3,17240
2026-06-25 06:13:00,lht65-20,52.2507,5.97306,3.036,23.57,79.4,18285
2026-06-25 06:23:00,lht65-20,52.2507,5.97306,3.034,23.78,79.1,19342
2026-06-25 06:33:00,lht65-20,52.2507,5.97306,3.036,23.92,77.8,20306
2026-06-25 06:43:00,lht65-20,52.2507,5.97306,3.036,24.07,78.1,21150
2026-06-25 06:53:00,lht65-20,52.2507,5.97306,3.036,24.35,77.5,22091
2026-06-25 07:03:00,lht65-20,52.2507,5.97306,3.036,24.56,76.3,23122
2026-06-25 07:13:00,lht65-20,52.2507,5.97306,3.036,24.76,76.9,23670
2026-06-25 07:23:00,lht65-20,52.2507,5.97306,3.036,25.14,75.2,24200
2026-06-25 07:33:00,lht65-20,52.2507,5.97306,3.038,25.58,76.3,25293
2026-06-25 07:43:00,lht65-20,52.2507,5.97306,3.036,25.67,73.0,25646
2026-06-25 07:53:00,lht65-20,52.2507,5.97306,3.036,25.83,74.0,26899
2026-06-25 08:03:00,lht65-20,52.2507,5.97306,3.036,26.05,74.0,27480
2026-06-25 08:13:00,lht65-20,52.2507,5.97306,3.036,26.27,72.0,28381
2026-06-25 08:23:00,lht65-20,52.2507,5.97306,3.038,26.6,69.1,28765
2026-06-25 08:33:00,lht65-20,52.2507,5.97306,3.038,26.87,70.0,29480
2026-06-25 08:43:00,lht65-20,52.2507,5.97306,3.038,27.06,69.1,30093
2026-06-25 08:53:00,lht65-20,52.2507,5.97306,3.038,27.32,68.7,30927
2026-06-25 09:03:00,lht65-20,52.2507,5.97306,3.038,27.45,68.4,31326
2026-06-25 09:13:00,lht65-20,52.2507,5.97306,3.038,27.85,70.2,31861
2026-06-25 09:23:00,lht65-20,52.2507,5.97306,3.038,28.19,69.5,32570
2026-06-25 09:33:00,lht65-20,52.2507,5.97306,3.038,28.37,67.3,33085
2026-06-25 09:43:00,lht65-20,52.2507,5.97306,3.038,28.39,67.6,33708
2026-06-25 09:53:00,lht65-20,52.2507,5.97306,3.038,28.69,64.3,34386
2026-06-25 10:03:00,lht65-20,52.2507,5.97306,3.038,28.94,65.1,34675
2026-06-25 10:13:00,lht65-20,52.2507,5.97306,3.04,29.49,66.3,34919
2026-06-25 10:23:00,lht65-20,52.2507,5.97306,3.038,29.42,66.4,35296
2026-06-25 10:33:00,lht65-20,52.2507,5.97306,3.038,29.52,65.3,35282
2026-06-25 10:43:00,lht65-20,52.2507,5.97306,3.038,29.77,64.0,35611
2026-06-25 10:53:00,lht65-20,52.2507,5.97306,3.038,29.84,61.4,36401
2026-06-25 11:03:00,lht65-20,52.2507,5.97306,3.04,29.93,63.0,36283
2026-06-25 11:13:00,lht65-20,52.2507,5.97306,3.038,30.38,62.0,35179
2026-06-25 11:23:00,lht65-20,52.2507,5.97306,3.038,30.47,60.4,35708
2026-06-25 11:33:00,lht65-20,52.2507,5.97306,3.038,30.69,64.2,32908
2026-06-25 11:42:59,lht65-20,52.2507,5.97306,3.04,30.53,62.9,36870
2026-06-25 11:53:00,lht65-20,52.2507,5.97306,3.04,30.7,62.7,36915
2026-06-25 12:03:00,lht65-20,52.2507,5.97306,3.04,31.0,62.9,36930
2026-06-25 12:13:00,lht65-20,52.2507,5.97306,3.041,31.22,63.1,36452
2026-06-25 12:23:00,lht65-20,52.2507,5.97306,3.04,31.23,62.7,36435
2026-06-25 12:43:00,lht65-20,52.2507,5.97306,3.041,31.25,60.7,35699
2026-06-25 12:52:59,lht65-20,52.2507,5.97306,3.04,31.22,62.0,35197
2026-06-25 13:02:59,lht65-20,52.2507,5.97306,3.041,31.21,61.2,35225
2026-06-25 13:13:00,lht65-20,52.2507,5.97306,3.041,31.35,60.9,33800
2026-06-25 13:23:00,lht65-20,52.2507,5.97306,3.041,31.37,61.0,34073
2026-06-25 13:33:00,lht65-20,52.2507,5.97306,3.041,31.3,58.5,33943
2026-06-25 13:43:00,lht65-20,52.2507,5.97306,3.041,31.56,59.1,33288
2026-06-25 13:53:00,lht65-20,52.2507,5.97306,3.041,31.79,60.2,33258
2026-06-25 14:03:00,lht65-20,52.2507,5.97306,3.04,31.76,60.0,32212
2026-06-25 14:12:59,lht65-20,52.2507,5.97306,3.041,32.02,56.0,31855
2026-06-25 14:23:00,lht65-20,52.2507,5.97306,3.04,31.99,59.3,31420
2026-06-25 14:32:59,lht65-20,52.2507,5.97306,3.04,31.66,57.2,31208
2026-06-25 14:43:00,lht65-20,52.2507,5.97306,3.041,31.68,55.6,30475
2026-06-25 14:53:00,lht65-20,52.2507,5.97306,3.041,31.86,57.8,30169
2026-06-25 15:03:00,lht65-20,52.2507,5.97306,3.041,32.09,55.7,29712
2026-06-25 15:13:00,lht65-20,52.2507,5.97306,3.041,31.58,57.3,28507
2026-06-25 15:23:00,lht65-20,52.2507,5.97306,3.041,31.29,59.9,28402
2026-06-25 15:33:00,lht65-20,52.2507,5.97306,3.041,31.13,59.1,27860
2026-06-25 15:43:00,lht65-20,52.2507,5.97306,3.041,31.11,60.1,26916
2026-06-25 15:53:00,lht65-20,52.2507,5.97306,3.041,31.04,61.4,26301
2026-06-25 16:03:00,lht65-20,52.2507,5.97306,3.041,30.92,60.5,25506
2026-06-25 16:13:00,lht65-20,52.2507,5.97306,3.041,30.83,63.1,24700
2026-06-25 16:23:00,lht65-20,52.2507,5.97306,3.041,30.64,60.5,23784
2026-06-25 16:32:59,lht65-20,52.2507,5.97306,3.041,30.49,61.2,22828
2026-06-25 16:43:00,lht65-20,52.2507,5.97306,3.041,30.38,62.4,21885
2026-06-25 16:53:00,lht65-20,52.2507,5.97306,3.041,30.15,62.5,20840
2026-06-25 17:02:59,lht65-20,52.2507,5.97306,3.041,30.08,63.6,19954
2026-06-25 17:12:59,lht65-20,52.2507,5.97306,3.041,29.73,63.5,18911
2026-06-25 17:22:59,lht65-20,52.2507,5.97306,3.041,29.75,62.6,17806
2026-06-25 17:32:59,lht65-20,52.2507,5.97306,3.041,29.58,63.5,16543
2026-06-25 17:42:59,lht65-20,52.2507,5.97306,3.041,29.4,62.6,15170
2026-06-25 17:53:00,lht65-20,52.2507,5.97306,3.041,29.15,63.7,13860
2026-06-25 18:02:59,lht65-20,52.2507,5.97306,3.041,28.91,64.1,12414
2026-06-25 18:12:59,lht65-20,52.2507,5.97306,3.041,28.76,65.1,11172
2026-06-25 18:22:59,lht65-20,52.2507,5.97306,3.041,28.34,64.8,9780
2026-06-25 18:33:00,lht65-20,52.2507,5.97306,3.041,28.02,65.5,8484
2026-06-25 18:42:59,lht65-20,52.2507,5.97306,3.041,27.65,66.4,7196
2026-06-25 18:52:59,lht65-20,52.2507,5.97306,3.041,27.17,67.0,5896
2026-06-25 19:02:59,lht65-20,52.2507,5.97306,3.041,26.79,68.2,4544
2026-06-25 19:12:59,lht65-20,52.2507,5.97306,3.041,26.3,69.2,3241
2026-06-25 19:22:59,lht65-20,52.2507,5.97306,3.041,25.66,70.9,1675
2026-06-25 19:32:59,lht65-20,52.2507,5.97306,3.04,25.2,72.1,1160
2026-06-25 19:42:59,lht65-20,52.2507,5.97306,3.041,24.87,72.9,745
2026-06-25 19:52:59,lht65-20,52.2507,5.97306,3.04,24.49,73.8,435
2026-06-25 20:02:59,lht65-20,52.2507,5.97306,3.041,24.11,75.2,231
2026-06-25 20:12:59,lht65-20,52.2507,5.97306,3.041,23.69,77.1,107
2026-06-25 20:22:59,lht65-20,52.2507,5.97306,3.04,23.39,78.1,40
2026-06-25 20:32:59,lht65-20,52.2507,5.97306,3.04,23.1,79.2,13
2026-06-25 20:42:59,lht65-20,52.2507,5.97306,3.038,22.74,80.3,3
2026-06-25 20:52:59,lht65-20,52.2507,5.97306,3.04,22.38,81.5,0
2026-06-25 21:02:59,lht65-20,52.2507,5.97306,3.038,22.1,82.5,0
2026-06-25 21:12:59,lht65-20,52.2507,5.97306,3.038,21.72,83.2,0
2026-06-25 21:22:59,lht65-20,52.2507,5.97306,3.038,21.44,83.9,0
2026-06-25 21:32:59,lht65-20,52.2507,5.97306,3.038,21.06,85.5,0
2026-06-25 21:42:59,lht65-20,52.2507,5.97306,3.038,20.63,86.6,0
2026-06-25 21:52:59,lht65-20,52.2507,5.97306,3.038,20.52,87.0,0
2026-06-25 22:03:00,lht65-20,52.2507,5.97306,3.036,20.44,86.7,0
2026-06-25 22:12:59,lht65-20,52.2507,5.97306,3.036,20.54,85.4,0
2026-06-25 22:22:59,lht65-20,52.2507,5.97306,3.036,20.21,85.8,0
2026-06-25 22:32:59,lht65-20,52.2507,5.97306,3.036,19.89,86.5,0
2026-06-25 22:42:59,lht65-20,52.2507,5.97306,3.034,19.63,87.5,0
2026-06-25 22:52:59,lht65-20,52.2507,5.97306,3.034,19.31,89.3,0
2026-06-25 23:02:59,lht65-20,52.2507,5.97306,3.036,19.05,90.2,0
2026-06-25 23:12:59,lht65-20,52.2507,5.97306,3.036,18.94,91.1,0
2026-06-25 23:22:59,lht65-20,52.2507,5.97306,3.036,18.85,90.8,0
2026-06-25 23:32:59,lht65-20,52.2507,5.97306,3.034,18.47,90.8,0
2026-06-25 23:42:59,lht65-20,52.2507,5.97306,3.036,18.25,92.8,0
2026-06-25 23:52:59,lht65-20,52.2507,5.97306,3.034,18.14,93.8,0
2026-06-26 00:02:59,lht65-20,52.2507,5.97306,3.034,17.97,94.2,0
2026-06-26 00:12:59,lht65-20,52.2507,5.97306,3.034,17.95,94.8,0
2026-06-26 00:22:59,lht65-20,52.2507,5.97306,3.034,17.83,94.7,0
2026-06-26 00:32:59,lht65-20,52.2507,5.97306,3.034,17.68,94.6,0
2026-06-26 00:42:59,lht65-20,52.2507,5.97306,3.034,17.48,94.8,0
2026-06-26 00:52:59,lht65-20,52.2507,5.97306,3.032,17.28,95.1,0
2026-06-26 01:02:59,lht65-20,52.2507,5.97306,3.034,17.05,95.2,0
2026-06-26 01:12:59,lht65-20,52.2507,5.97306,3.032,17.0,95.6,0
2026-06-26 01:32:59,lht65-20,52.2507,5.97306,3.03,16.65,96.1,0
2026-06-26 01:42:59,lht65-20,52.2507,5.97306,3.032,16.7,96.3,0
2026-06-26 01:52:59,lht65-20,52.2507,5.97306,3.032,16.85,96.6,0
2026-06-26 02:02:59,lht65-20,52.2507,5.97306,3.032,16.72,96.8,0
2026-06-26 02:12:59,lht65-20,52.2507,5.97306,3.032,16.67,96.8,0
2026-06-26 02:22:59,lht65-20,52.2507,5.97306,3.032,16.5,96.9,0
2026-06-26 02:32:59,lht65-20,52.2507,5.97306,3.03,16.73,97.1,3
2026-06-26 02:42:59,lht65-20,52.2507,5.97306,3.032,16.8,97.2,10
2026-06-26 02:52:59,lht65-20,52.2507,5.97306,3.03,16.65,97.2,32
2026-06-26 03:03:00,lht65-20,52.2507,5.97306,3.03,16.47,97.3,89
2026-06-26 03:12:59,lht65-20,52.2507,5.97306,3.03,16.5,97.3,200
2026-06-26 03:22:59,lht65-20,52.2507,5.97306,3.03,16.58,97.4,390
2026-06-26 03:32:59,lht65-20,52.2507,5.97306,3.03,16.26,97.4,686
2026-06-26 03:52:59,lht65-20,52.2507,5.97306,3.03,16.86,97.5,1958
2026-06-26 04:02:59,lht65-20,52.2507,5.97306,3.032,16.95,97.5,2335
2026-06-26 04:12:59,lht65-20,52.2507,5.97306,3.03,17.44,97.5,4307
2026-06-26 04:22:59,lht65-20,52.2507,5.97306,3.032,18.22,97.5,5767
2026-06-26 04:32:59,lht65-20,52.2507,5.97306,3.03,19.01,97.4,7200
2026-06-26 04:52:59,lht65-20,52.2507,5.97306,3.034,20.81,85.6,8412
2026-06-26 05:02:59,lht65-20,52.2507,5.97306,3.034,21.14,85.9,9052
2026-06-26 05:22:59,lht65-20,52.2507,5.97306,3.034,22.97,76.7,13206
2026-06-26 05:32:59,lht65-20,52.2507,5.97306,3.036,23.74,74.4,13728
2026-06-26 05:42:59,lht65-20,52.2507,5.97306,3.036,23.82,73.4,12945
2026-06-26 05:52:59,lht65-20,52.2507,5.97306,3.038,24.01,72.8,14626
2026-06-26 06:02:59,lht65-20,52.2507,5.97306,3.038,24.85,72.6,20200
2026-06-26 06:12:59,lht65-20,52.2507,5.97306,3.036,25.37,68.2,20199
2026-06-26 06:22:59,lht65-20,52.2507,5.97306,3.036,25.29,69.0,15858
2026-06-26 06:32:59,lht65-20,52.2507,5.97306,3.038,25.15,68.9,15208
2026-06-26 06:42:59,lht65-20,52.2507,5.97306,3.038,25.12,70.7,16106
2026-06-26 06:52:59,lht65-20,52.2507,5.97306,3.038,25.64,68.6,22193
2026-06-26 07:02:59,lht65-20,52.2507,5.97306,3.036,26.33,67.6,22450
2026-06-26 07:12:59,lht65-20,52.2507,5.97306,3.036,26.69,66.5,23577
2026-06-26 07:22:59,lht65-20,52.2507,5.97306,3.038,26.97,66.9,20880
2026-06-26 07:32:59,lht65-20,52.2507,5.97306,3.036,27.32,66.4,22099
2026-06-26 07:42:59,lht65-20,52.2507,5.97306,3.038,27.88,64.2,25889
2026-06-26 07:52:59,lht65-20,52.2507,5.97306,3.038,28.56,63.1,28040
2026-06-26 08:02:59,lht65-20,52.2507,5.97306,3.038,28.82,65.9,24070
2026-06-26 08:12:59,lht65-20,52.2507,5.97306,3.038,29.08,62.4,23878
2026-06-26 08:22:59,lht65-20,52.2507,5.97306,3.038,29.37,62.4,28097
2026-06-26 08:32:59,lht65-20,52.2507,5.97306,3.038,29.72,61.3,30135
2026-06-26 08:42:59,lht65-20,52.2507,5.97306,3.038,30.3,61.3,28801
2026-06-26 08:52:59,lht65-20,52.2507,5.97306,3.038,30.78,59.6,32253
2026-06-26 09:03:00,lht65-20,52.2507,5.97306,3.038,31.26,58.2,31288
2026-06-26 09:12:59,lht65-20,52.2507,5.97306,3.041,31.59,60.2,33132
2026-06-26 09:22:59,lht65-20,52.2507,5.97306,3.038,31.75,58.7,33635
2026-06-26 09:42:59,lht65-20,52.2507,5.97306,3.04,32.33,56.5,34112
2026-06-26 09:52:59,lht65-20,52.2507,5.97306,3.041,32.99,55.8,34489
2026-06-26 10:02:59,lht65-20,52.2507,5.97306,3.041,33.37,56.1,34731
2026-06-26 10:12:59,lht65-20,52.2507,5.97306,3.041,33.8,55.8,35795
2026-06-26 10:22:59,lht65-20,52.2507,5.97306,3.041,34.01,54.2,35500
2026-06-26 10:32:59,lht65-20,52.2507,5.97306,3.041,34.33,54.2,35700
2026-06-26 10:42:59,lht65-20,52.2507,5.97306,3.04,34.59,52.4,33590
2026-06-26 10:52:59,lht65-20,52.2507,5.97306,3.041,34.87,53.8,36826
2026-06-26 11:02:59,lht65-20,52.2507,5.97306,3.041,35.23,53.2,37011
2026-06-26 11:12:59,lht65-20,52.2507,5.97306,3.041,35.41,53.3,37077
2026-06-26 11:22:59,lht65-20,52.2507,5.97306,3.041,35.77,51.3,37502
2026-06-26 11:32:59,lht65-20,52.2507,5.97306,3.041,35.82,48.6,37598
2026-06-26 11:42:59,lht65-20,52.2507,5.97306,3.041,36.1,47.1,37950
2026-06-26 11:52:59,lht65-20,52.2507,5.97306,3.041,36.36,44.0,38445
2026-06-26 12:02:59,lht65-20,52.2507,5.97306,3.043,36.52,45.7,37785
2026-06-26 12:12:59,lht65-20,52.2507,5.97306,3.041,36.69,46.9,37560
2026-06-26 12:22:59,lht65-20,52.2507,5.97306,3.041,36.3,44.0,33865
2026-06-26 12:32:59,lht65-20,52.2507,5.97306,3.041,36.45,45.5,33634
2026-06-26 12:42:59,lht65-20,52.2507,5.97306,3.043,36.64,45.0,31231
2026-06-26 12:52:59,lht65-20,52.2507,5.97306,3.043,36.91,44.5,37621
2026-06-26 13:02:59,lht65-20,52.2507,5.97306,3.043,36.91,44.4,35770
2026-06-26 13:12:59,lht65-20,52.2507,5.97306,3.045,37.37,43.7,36748
2026-06-26 13:22:59,lht65-20,52.2507,5.97306,3.043,37.58,43.4,36260
2026-06-26 13:32:59,lht65-20,52.2507,5.97306,3.045,37.5,42.4,34695
2026-06-26 13:42:59,lht65-20,52.2507,5.97306,3.043,36.97,42.6,26390
2026-06-26 13:52:59,lht65-20,52.2507,5.97306,3.045,37.53,44.8,35293
2026-06-26 14:02:59,lht65-20,52.2507,5.97306,3.045,38.09,36.8,36475
2026-06-26 14:12:59,lht65-20,52.2507,5.97306,3.045,38.23,38.9,35885
2026-06-26 14:22:59,lht65-20,52.2507,5.97306,3.045,38.66,36.0,27410
2026-06-26 14:32:59,lht65-20,52.2507,5.97306,3.045,38.07,37.9,22345
2026-06-26 14:42:59,lht65-20,52.2507,5.97306,3.045,37.53,43.8,23298
2026-06-26 14:52:59,lht65-20,52.2507,5.97306,3.045,37.83,41.7,24683
2026-06-26 15:02:59,lht65-20,52.2507,5.97306,3.047,37.82,39.6,24270
2026-06-26 15:12:59,lht65-20,52.2507,5.97306,3.045,37.97,38.5,32250
2026-06-26 15:22:59,lht65-20,52.2507,5.97306,3.047,38.53,37.7,28800
2026-06-26 15:32:59,lht65-20,52.2507,5.97306,3.045,39.18,40.4,27867
2026-06-26 15:42:59,lht65-20,52.2507,5.97306,3.047,39.55,34.8,27582
2026-06-26 15:52:59,lht65-20,52.2507,5.97306,3.047,39.17,38.2,26458
2026-06-26 16:02:59,lht65-20,52.2507,5.97306,3.047,38.73,38.5,25582
2026-06-26 16:12:59,lht65-20,52.2507,5.97306,3.047,38.23,39.9,24294
2026-06-26 16:22:59,lht65-20,52.2507,5.97306,3.047,37.74,41.8,23120
2026-06-26 16:32:59,lht65-20,52.2507,5.97306,3.047,37.67,39.9,22634
2026-06-26 16:42:59,lht65-20,52.2507,5.97306,3.047,37.86,41.8,21525
2026-06-26 16:52:59,lht65-20,52.2507,5.97306,3.047,38.17,43.1,20417
2026-06-26 17:02:59,lht65-20,52.2507,5.97306,3.047,38.07,40.8,19335
2026-06-26 17:12:59,lht65-20,52.2507,5.97306,3.045,37.72,43.5,18186
2026-06-26 17:22:59,lht65-20,52.2507,5.97306,3.047,37.63,40.9,16790
2026-06-26 17:32:59,lht65-20,52.2507,5.97306,3.047,37.86,44.2,15222
2026-06-26 17:42:59,lht65-20,52.2507,5.97306,3.047,37.2,45.4,14147
2026-06-26 17:52:59,lht65-20,52.2507,5.97306,3.047,36.66,47.3,12102
2026-06-26 18:02:59,lht65-20,52.2507,5.97306,3.047,36.52,54.9,10995
2026-06-26 18:12:59,lht65-20,52.2507,5.97306,3.049,36.51,52.8,9141
2026-06-26 18:22:59,lht65-20,52.2507,5.97306,3.049,35.92,53.8,7670
2026-06-26 18:32:59,lht65-20,52.2507,5.97306,3.051,35.37,55.8,7064
2026-06-26 18:42:59,lht65-20,52.2507,5.97306,3.047,34.76,52.3,4857
2026-06-26 18:52:59,lht65-20,52.2507,5.97306,3.049,33.93,61.7,4207
2026-06-26 19:02:59,lht65-20,52.2507,5.97306,3.049,33.13,68.0,2912
2026-06-26 19:12:59,lht65-20,52.2507,5.97306,3.051,32.04,67.3,1875
2026-06-26 19:22:59,lht65-20,52.2507,5.97306,3.049,30.88,70.0,1254
2026-06-26 19:32:59,lht65-20,52.2507,5.97306,3.049,30.02,75.2,873
2026-06-26 19:42:59,lht65-20,52.2507,5.97306,3.047,29.3,75.0,563
2026-06-26 19:52:59,lht65-20,52.2507,5.97306,3.047,28.52,78.2,335
2026-06-26 20:02:59,lht65-20,52.2507,5.97306,3.047,28.41,75.1,169
2026-06-26 20:12:59,lht65-20,52.2507,5.97306,3.049,29.28,70.5,78
2026-06-26 20:22:59,lht65-20,52.2507,5.97306,3.049,29.1,71.6,30
2026-06-26 20:32:59,lht65-20,52.2507,5.97306,3.047,28.92,71.2,10
2026-06-26 20:42:59,lht65-20,52.2507,5.97306,3.047,28.71,72.1,2
2026-06-26 20:52:59,lht65-20,52.2507,5.97306,3.047,28.3,73.5,0
2026-06-26 21:02:59,lht65-20,52.2507,5.97306,3.047,27.92,75.1,0
2026-06-26 21:12:59,lht65-20,52.2507,5.97306,3.047,27.3,77.5,0
2026-06-26 21:22:59,lht65-20,52.2507,5.97306,3.047,26.67,79.9,0
2026-06-26 21:32:59,lht65-20,52.2507,5.97306,3.047,26.24,82.3,0
2026-06-26 21:42:59,lht65-20,52.2507,5.97306,3.047,26.0,82.7,0
2026-06-26 21:53:00,lht65-20,52.2507,5.97306,3.045,25.88,83.2,0
2026-06-26 22:02:59,lht65-20,52.2507,5.97306,3.047,25.32,84.6,0
2026-06-26 22:12:59,lht65-20,52.2507,5.97306,3.045,25.15,86.4,0
2026-06-26 22:22:59,lht65-20,52.2507,5.97306,3.047,24.84,87.7,0
2026-06-26 22:32:59,lht65-20,52.2507,5.97306,3.047,24.62,88.9,0
2026-06-26 22:42:59,lht65-20,52.2507,5.97306,3.045,24.55,90.1,0
2026-06-26 22:52:59,lht65-20,52.2507,5.97306,3.045,24.53,90.4,0
2026-06-26 23:02:59,lht65-20,52.2507,5.97306,3.045,24.51,89.3,0
2026-06-26 23:12:59,lht65-20,52.2507,5.97306,3.047,24.56,88.5,0
2026-06-26 23:22:59,lht65-20,52.2507,5.97306,3.045,24.26,88.1,0
2026-06-26 23:32:59,lht65-20,52.2507,5.97306,3.045,24.2,88.3,0
2026-06-26 23:42:59,lht65-20,52.2507,5.97306,3.045,24.3,89.1,0
2026-06-26 23:52:59,lht65-20,52.2507,5.97306,3.045,24.11,89.5,0
2026-06-27 00:02:59,lht65-20,52.2507,5.97306,3.045,23.77,90.0,0
2026-06-27 00:12:59,lht65-20,52.2507,5.97306,3.045,23.75,91.6,0
2026-06-27 00:22:59,lht65-20,52.2507,5.97306,3.045,23.57,91.8,0
2026-06-27 00:32:59,lht65-20,52.2507,5.97306,3.045,23.42,92.2,0
2026-06-27 00:42:59,lht65-20,52.2507,5.97306,3.045,23.16,92.4,0
2026-06-27 00:53:00,lht65-20,52.2507,5.97306,3.045,22.87,92.3,0
2026-06-27 01:02:59,lht65-20,52.2507,5.97306,3.045,22.69,92.6,0
2026-06-27 01:12:59,lht65-20,52.2507,5.97306,3.045,22.42,93.1,0
2026-06-27 01:22:59,lht65-20,52.2507,5.97306,3.045,22.28,93.7,0
2026-06-27 01:32:59,lht65-20,52.2507,5.97306,3.045,22.04,93.7,0
2026-06-27 01:42:59,lht65-20,52.2507,5.97306,3.043,21.89,94.1,0
2026-06-27 01:52:59,lht65-20,52.2507,5.97306,3.041,21.87,94.1,0
2026-06-27 02:02:59,lht65-20,52.2507,5.97306,3.043,21.76,94.1,0
2026-06-27 02:12:59,lht65-20,52.2507,5.97306,3.043,21.66,93.7,0
2026-06-27 02:22:59,lht65-20,52.2507,5.97306,3.043,21.77,92.6,0
2026-06-27 02:32:59,lht65-20,52.2507,5.97306,3.043,21.77,91.9,2
2026-06-27 02:42:59,lht65-20,52.2507,5.97306,3.045,21.42,91.7,7
2026-06-27 02:52:59,lht65-20,52.2507,5.97306,3.043,20.92,92.0,25
2026-06-27 03:02:59,lht65-20,52.2507,5.97306,3.043,20.64,92.9,67
2026-06-27 03:12:59,lht65-20,52.2507,5.97306,3.041,20.41,92.3,155
2026-06-27 03:22:59,lht65-20,52.2507,5.97306,3.043,20.18,92.8,302
2026-06-27 03:32:59,lht65-20,52.2507,5.97306,3.041,20.08,93.5,510
2026-06-27 03:42:59,lht65-20,52.2507,5.97306,3.041,19.9,93.8,889
2026-06-27 03:52:59,lht65-20,52.2507,5.97306,3.041,20.12,94.6,1475
2026-06-27 04:02:59,lht65-20,52.2507,5.97306,3.043,20.4,94.8,1835
2026-06-27 04:12:59,lht65-20,52.2507,5.97306,3.041,20.68,94.7,3295
2026-06-27 04:22:59,lht65-20,52.2507,5.97306,3.041,21.12,89.7,4628
2026-06-27 04:32:59,lht65-20,52.2507,5.97306,3.043,22.1,86.5,6188
2026-06-27 04:42:59,lht65-20,52.2507,5.97306,3.043,23.34,85.9,7646
2026-06-27 04:52:59,lht65-20,52.2507,5.97306,3.045,24.45,81.9,9222
2026-06-27 05:02:59,lht65-20,52.2507,5.97306,3.045,25.37,77.6,10905
2026-06-27 05:12:59,lht65-20,52.2507,5.97306,3.045,26.62,72.6,12102
2026-06-27 05:22:59,lht65-20,52.2507,5.97306,3.045,27.74,65.5,13086
2026-06-27 05:32:59,lht65-20,52.2507,5.97306,3.045,27.97,66.3,14010
2026-06-27 05:42:59,lht65-20,52.2507,5.97306,3.045,27.47,66.0,15336
2026-06-27 05:52:59,lht65-20,52.2507,5.97306,3.045,27.45,66.2,16757
2026-06-27 06:02:59,lht65-20,52.2507,5.97306,3.045,27.12,67.1,17904
2026-06-27 06:12:59,lht65-20,52.2507,5.97306,3.045,27.16,64.3,19162
2026-06-27 06:22:59,lht65-20,52.2507,5.97306,3.047,27.55,63.4,20486
2026-06-27 06:32:59,lht65-20,52.2507,5.97306,3.045,27.65,64.4,15717
2026-06-27 06:42:59,lht65-20,52.2507,5.97306,3.045,28.15,61.7,21926
2026-06-27 06:52:59,lht65-20,52.2507,5.97306,3.045,28.32,62.6,22845
2026-06-27 07:02:59,lht65-20,52.2507,5.97306,3.047,28.56,61.8,23840
2026-06-27 07:32:59,lht65-20,52.2507,5.97306,3.045,29.75,59.5,25815
2026-06-27 07:52:59,lht65-20,52.2507,5.97306,3.047,30.39,59.3,24090
2026-06-27 08:02:59,lht65-20,52.2507,5.97306,3.045,30.66,61.9,29653
2026-06-27 08:12:59,lht65-20,52.2507,5.97306,3.047,31.13,59.5,32051
2026-06-27 08:22:59,lht65-20,52.2507,5.97306,3.047,30.96,57.5,27756
2026-06-27 08:32:59,lht65-20,52.2507,5.97306,3.047,31.08,56.5,27257
2026-06-27 08:42:59,lht65-20,52.2507,5.97306,3.047,30.91,59.9,25321
2026-06-27 08:52:59,lht65-20,52.2507,5.97306,3.047,31.89,55.5,36041
2026-06-27 09:02:59,lht65-20,52.2507,5.97306,3.045,32.19,54.9,34139
2026-06-27 09:12:59,lht65-20,52.2507,5.97306,3.047,32.41,53.9,32093
2026-06-27 09:22:59,lht65-20,52.2507,5.97306,3.047,32.55,51.2,19821
2026-06-27 09:32:59,lht65-20,52.2507,5.97306,3.045,32.1,56.1,28235
2026-06-27 09:42:59,lht65-20,52.2507,5.97306,3.047,32.54,52.6,25965
2026-06-27 09:52:59,lht65-20,52.2507,5.97306,3.047,33.18,53.0,34590
2026-06-27 10:02:59,lht65-20,52.2507,5.97306,3.047,33.29,54.1,27267
2026-06-27 10:12:59,lht65-20,52.2507,5.97306,3.047,33.06,48.6,30800
2026-06-27 10:22:59,lht65-20,52.2507,5.97306,3.047,32.19,54.8,22157
2026-06-27 10:32:59,lht65-20,52.2507,5.97306,3.047,32.49,54.3,27313
2026-06-27 10:42:59,lht65-20,52.2507,5.97306,3.047,32.8,53.2,33558
2026-06-27 10:52:59,lht65-20,52.2507,5.97306,3.047,32.55,48.8,27468
2026-06-27 11:02:59,lht65-20,52.2507,5.97306,3.047,32.88,44.4,34934
2026-06-27 11:12:59,lht65-20,52.2507,5.97306,3.047,33.41,46.8,36336
2026-06-27 11:32:59,lht65-20,52.2507,5.97306,3.049,32.88,45.6,22437
2026-06-27 11:42:59,lht65-20,52.2507,5.97306,3.047,32.88,50.9,31805
2026-06-27 11:52:59,lht65-20,52.2507,5.97306,3.049,33.63,45.4,34290
2026-06-27 12:02:59,lht65-20,52.2507,5.97306,3.047,33.43,46.0,37552
2026-06-27 12:12:59,lht65-20,52.2507,5.97306,3.049,33.58,44.4,35139
2026-06-27 12:22:59,lht65-20,52.2507,5.97306,3.049,33.52,43.9,42388
2026-06-27 12:32:59,lht65-20,52.2507,5.97306,3.049,33.24,46.0,42121
2026-06-27 12:52:59,lht65-20,52.2507,5.97306,3.049,33.55,48.5,35424
2026-06-27 13:02:59,lht65-20,52.2507,5.97306,3.047,33.22,45.8,30995
2026-06-27 13:12:59,lht65-20,52.2507,5.97306,3.047,33.65,46.8,37298
2026-06-27 13:22:59,lht65-20,52.2507,5.97306,3.049,33.64,49.5,37348
2026-06-27 13:32:59,lht65-20,52.2507,5.97306,3.047,33.75,44.4,35340
2026-06-27 13:42:59,lht65-20,52.2507,5.97306,3.049,33.49,46.4,34080
2026-06-27 13:52:59,lht65-20,52.2507,5.97306,3.051,33.43,49.2,33438
2026-06-27 14:02:59,lht65-20,52.2507,5.97306,3.049,33.56,46.9,32408
2026-06-27 14:12:59,lht65-20,52.2507,5.97306,3.049,33.4,49.3,32424
2026-06-27 14:22:59,lht65-20,52.2507,5.97306,3.049,33.51,49.1,30585
2026-06-27 14:42:59,lht65-20,52.2507,5.97306,3.049,32.62,47.6,25142
2026-06-27 14:52:59,lht65-20,52.2507,5.97306,3.049,32.82,49.0,26643
2026-06-27 15:02:59,lht65-20,52.2507,5.97306,3.049,32.97,50.2,29286
2026-06-27 15:12:59,lht65-20,52.2507,5.97306,3.049,33.28,50.2,27331
2026-06-27 15:22:59,lht65-20,52.2507,5.97306,3.051,33.68,47.3,29434
2026-06-27 15:32:59,lht65-20,52.2507,5.97306,3.049,33.34,46.7,28311
2026-06-27 15:42:59,lht65-20,52.2507,5.97306,3.049,33.27,47.6,27039
2026-06-27 15:52:59,lht65-20,52.2507,5.97306,3.051,32.96,49.4,25363
2026-06-27 16:02:59,lht65-20,52.2507,5.97306,3.049,33.1,47.0,24985
2026-06-27 16:12:59,lht65-20,52.2507,5.97306,3.051,32.52,48.1,23245
2026-06-27 16:22:59,lht65-20,52.2507,5.97306,3.051,32.26,50.7,22264
2026-06-27 16:32:59,lht65-20,52.2507,5.97306,3.049,32.09,50.0,21387
2026-06-27 16:43:00,lht65-20,52.2507,5.97306,3.049,31.7,51.7,20573
2026-06-27 16:52:59,lht65-20,52.2507,5.97306,3.049,31.4,48.9,19462
2026-06-27 17:02:59,lht65-20,52.2507,5.97306,3.049,31.15,49.4,17664
2026-06-27 17:12:59,lht65-20,52.2507,5.97306,3.049,30.98,48.8,16020
2026-06-27 17:22:59,lht65-20,52.2507,5.97306,3.051,30.63,48.5,6230
2026-06-27 17:32:59,lht65-20,52.2507,5.97306,3.051,29.7,50.0,5305
2026-06-27 17:42:59,lht65-20,52.2507,5.97306,3.049,29.35,49.6,5853
2026-06-27 17:52:59,lht65-20,52.2507,5.97306,3.049,29.38,48.2,5940
2026-06-27 18:02:59,lht65-20,52.2507,5.97306,3.049,29.5,49.7,9281
2026-06-27 18:12:59,lht65-20,52.2507,5.97306,3.049,29.69,49.8,8775
2026-06-27 18:22:59,lht65-20,52.2507,5.97306,3.051,29.58,50.9,7125
2026-06-27 18:32:59,lht65-20,52.2507,5.97306,3.049,29.42,51.9,5593
2026-06-27 18:42:59,lht65-20,52.2507,5.97306,3.047,28.94,53.8,2686
2026-06-27 18:52:59,lht65-20,52.2507,5.97306,3.049,28.23,55.9,1854
2026-06-27 19:02:59,lht65-20,52.2507,5.97306,3.047,27.65,57.7,1013
2026-06-27 19:12:59,lht65-20,52.2507,5.97306,3.047,27.21,57.7,780
2026-06-27 19:22:59,lht65-20,52.2507,5.97306,3.049,27.02,59.2,546
2026-06-27 19:32:59,lht65-20,52.2507,5.97306,3.047,26.79,59.9,408
2026-06-27 19:52:59,lht65-20,52.2507,5.97306,3.049,26.31,60.8,243
2026-06-27 20:02:59,lht65-20,52.2507,5.97306,3.047,26.06,61.4,120
2026-06-27 20:12:59,lht65-20,52.2507,5.97306,3.047,25.99,61.5,54
2026-06-27 20:22:59,lht65-20,52.2507,5.97306,3.047,25.89,62.5,15
2026-06-27 20:32:59,lht65-20,52.2507,5.97306,3.047,25.71,67.4,2
2026-06-27 20:42:59,lht65-20,52.2507,5.97306,3.047,25.42,68.5,0
2026-06-27 20:52:59,lht65-20,52.2507,5.97306,3.045,25.16,68.3,0
2026-06-27 21:02:59,lht65-20,52.2507,5.97306,3.049,24.99,69.5,0
2026-06-27 21:12:59,lht65-20,52.2507,5.97306,3.047,24.91,69.8,0
2026-06-27 21:22:59,lht65-20,52.2507,5.97306,3.047,24.93,68.4,0
2026-06-27 21:32:59,lht65-20,52.2507,5.97306,3.047,24.93,66.9,0
2026-06-27 21:42:59,lht65-20,52.2507,5.97306,3.045,24.81,68.2,0
2026-06-27 21:52:59,lht65-20,52.2507,5.97306,3.047,24.62,66.7,0
2026-06-27 22:02:59,lht65-20,52.2507,5.97306,3.045,24.25,69.8,0
2026-06-27 22:12:59,lht65-20,52.2507,5.97306,3.045,23.93,71.6,0
2026-06-27 22:32:59,lht65-20,52.2507,5.97306,3.045,23.71,73.8,0
2026-06-27 22:42:59,lht65-20,52.2507,5.97306,3.045,23.69,72.2,0
2026-06-27 22:52:59,lht65-20,52.2507,5.97306,3.047,23.74,71.6,0
2026-06-27 23:02:59,lht65-20,52.2507,5.97306,3.045,23.47,73.3,0
2026-06-27 23:12:59,lht65-20,52.2507,5.97306,3.047,23.27,74.2,0
2026-06-27 23:22:59,lht65-20,52.2507,5.97306,3.047,23.18,73.6,0
2026-06-27 23:32:59,lht65-20,52.2507,5.97306,3.045,23.1,73.3,0
2026-06-27 23:42:59,lht65-20,52.2507,5.97306,3.047,23.1,72.7,0
2026-06-27 23:52:59,lht65-20,52.2507,5.97306,3.045,22.92,72.9,0
2026-06-28 00:02:59,lht65-20,52.2507,5.97306,3.045,22.68,74.1,0
2026-06-28 00:12:59,lht65-20,52.2507,5.97306,3.045,22.12,76.7,0
2026-06-28 00:22:59,lht65-20,52.2507,5.97306,3.045,21.99,76.9,0
2026-06-28 00:32:59,lht65-20,52.2507,5.97306,3.045,22.03,77.1,0
2026-06-28 00:42:59,lht65-20,52.2507,5.97306,3.043,21.84,78.5,0
2026-06-28 00:52:59,lht65-20,52.2507,5.97306,3.045,21.95,79.0,0
2026-06-28 01:02:59,lht65-20,52.2507,5.97306,3.045,21.95,80.7,0
2026-06-28 01:12:59,lht65-20,52.2507,5.97306,3.043,21.03,87.4,0
2026-06-28 01:22:59,lht65-20,52.2507,5.97306,3.045,21.32,86.4,0
2026-06-28 01:32:59,lht65-20,52.2507,5.97306,3.043,18.88,89.8,0
2026-06-28 01:42:59,lht65-20,52.2507,5.97306,3.041,18.31,92.4,0
2026-06-28 01:52:59,lht65-20,52.2507,5.97306,3.041,18.1,94.0,0
2026-06-28 02:02:59,lht65-20,52.2507,5.97306,3.041,18.02,95.0,0
2026-06-28 02:12:59,lht65-20,52.2507,5.97306,3.041,17.99,95.6,0
2026-06-28 02:22:59,lht65-20,52.2507,5.97306,3.041,17.88,96.0,0
2026-06-28 02:32:59,lht65-20,52.2507,5.97306,3.041,17.86,96.2,0
2026-06-28 02:42:59,lht65-20,52.2507,5.97306,3.041,17.74,96.5,0
2026-06-28 02:52:59,lht65-20,52.2507,5.97306,3.041,17.68,96.7,0
2026-06-28 03:02:58,lht65-20,52.2507,5.97306,3.041,17.73,96.8,3
2026-06-28 03:12:59,lht65-20,52.2507,5.97306,3.041,17.75,97.1,14
2026-06-28 03:22:59,lht65-20,52.2507,5.97306,3.041,17.95,97.2,49
2026-06-28 03:32:58,lht65-20,52.2507,5.97306,3.041,18.16,97.3,149
2026-06-28 03:42:59,lht65-20,52.2507,5.97306,3.041,18.28,97.4,360
2026-06-28 03:52:59,lht65-20,52.2507,5.97306,3.041,18.35,97.4,712
2026-06-28 04:02:58,lht65-20,52.2507,5.97306,3.041,18.46,97.5,1177
2026-06-28 04:12:59,lht65-20,52.2507,5.97306,3.041,18.49,97.5,1690
2026-06-28 04:22:59,lht65-20,52.2507,5.97306,3.041,18.58,97.6,2122
2026-06-28 04:32:59,lht65-20,52.2507,5.97306,3.041,18.75,97.6,2372
2026-06-28 04:42:58,lht65-20,52.2507,5.97306,3.041,18.85,97.6,2864
2026-06-28 04:52:59,lht65-20,52.2507,5.97306,3.041,18.91,97.5,2927
2026-06-28 05:02:59,lht65-20,52.2507,5.97306,3.041,19.08,97.5,4335
2026-06-28 05:12:58,lht65-20,52.2507,5.97306,3.041,19.43,97.3,6303
2026-06-28 05:22:59,lht65-20,52.2507,5.97306,3.041,20.06,96.8,8653
2026-06-28 05:32:59,lht65-20,52.2507,5.97306,3.041,20.73,94.0,14064
2026-06-28 05:42:58,lht65-20,52.2507,5.97306,3.041,21.3,89.0,15603
2026-06-28 05:52:59,lht65-20,52.2507,5.97306,3.043,21.57,87.0,16571
2026-06-28 06:02:59,lht65-20,52.2507,5.97306,3.041,21.96,85.2,17675
2026-06-28 06:12:59,lht65-20,52.2507,5.97306,3.041,22.48,82.6,18819
2026-06-28 06:23:01,lht65-20,52.2507,5.97306,3.041,22.59,81.3,19985
2026-06-28 06:32:59,lht65-20,52.2507,5.97306,3.043,23.07,82.8,20961
2026-06-28 06:42:59,lht65-20,52.2507,5.97306,3.041,23.37,80.6,21874
2026-06-28 06:52:59,lht65-20,52.2507,5.97306,3.043,23.92,79.0,22634
2026-06-28 07:02:58,lht65-20,52.2507,5.97306,3.043,24.32,77.8,23448
2026-06-28 07:12:58,lht65-20,52.2507,5.97306,3.043,24.61,75.4,24095
2026-06-28 07:22:58,lht65-20,52.2507,5.97306,3.045,24.85,74.2,24896
2026-06-28 07:32:59,lht65-20,52.2507,5.97306,3.045,24.99,74.0,25636
2026-06-28 07:42:59,lht65-20,52.2507,5.97306,3.045,25.38,73.4,26461
2026-06-28 07:52:59,lht65-20,52.2507,5.97306,3.043,25.34,73.1,26975
2026-06-28 08:02:59,lht65-20,52.2507,5.97306,3.045,25.41,72.9,27837
2026-06-28 08:12:59,lht65-20,52.2507,5.97306,3.045,25.52,74.3,28467
2026-06-28 08:22:58,lht65-20,52.2507,5.97306,3.045,25.36,75.2,29004
2026-06-28 08:32:59,lht65-20,52.2507,5.97306,3.045,25.39,75.8,29583
2026-06-28 08:42:59,lht65-20,52.2507,5.97306,3.045,25.65,75.2,30315
2026-06-28 08:52:59,lht65-20,52.2507,5.97306,3.045,26.12,73.0,31089
2026-06-28 09:02:59,lht65-20,52.2507,5.97306,3.043,26.43,72.5,32021
2026-06-28 09:12:58,lht65-20,52.2507,5.97306,3.045,26.83,72.3,32564
2026-06-28 09:22:59,lht65-20,52.2507,5.97306,3.043,26.89,70.1,33057
2026-06-28 09:32:59,lht65-20,52.2507,5.97306,3.045,27.22,71.5,33354
2026-06-28 09:42:59,lht65-20,52.2507,5.97306,3.045,27.2,71.1,33952
2026-06-28 09:52:59,lht65-20,52.2507,5.97306,3.045,27.62,69.0,34485
2026-06-28 10:02:59,lht65-20,52.2507,5.97306,3.045,28.0,68.7,34854
2026-06-28 10:12:59,lht65-20,52.2507,5.97306,3.045,28.03,65.3,34480
2026-06-28 10:22:59,lht65-20,52.2507,5.97306,3.045,28.2,65.2,36961
2026-06-28 10:32:59,lht65-20,52.2507,5.97306,3.045,28.45,65.3,29778
2026-06-28 10:42:59,lht65-20,52.2507,5.97306,3.045,28.36,64.8,14815
2026-06-28 10:52:59,lht65-20,52.2507,5.97306,3.045,28.25,66.4,33035
2026-06-28 11:02:59,lht65-20,52.2507,5.97306,3.045,28.85,66.9,38426
2026-06-28 11:12:58,lht65-20,52.2507,5.97306,3.045,29.35,61.7,38455
2026-06-28 11:22:58,lht65-20,52.2507,5.97306,3.045,29.3,62.0,37928
2026-06-28 11:32:59,lht65-20,52.2507,5.97306,3.045,29.63,58.7,38421
2026-06-28 11:42:59,lht65-20,52.2507,5.97306,3.045,29.68,61.3,17979
2026-06-28 11:52:59,lht65-20,52.2507,5.97306,3.045,30.04,58.0,39368
2026-06-28 12:02:59,lht65-20,52.2507,5.97306,3.045,29.98,58.8,39185
2026-06-28 12:12:59,lht65-20,52.2507,5.97306,3.045,29.92,56.2,37587
2026-06-28 12:22:59,lht65-20,52.2507,5.97306,3.045,30.18,56.5,40995
2026-06-28 12:32:59,lht65-20,52.2507,5.97306,3.047,29.84,56.8,40105
2026-06-28 12:42:59,lht65-20,52.2507,5.97306,3.045,30.42,57.6,34408
2026-06-28 12:52:59,lht65-20,52.2507,5.97306,3.045,30.39,57.8,33111
2026-06-28 13:02:59,lht65-20,52.2507,5.97306,3.047,29.64,55.3,36730
2026-06-28 13:12:58,lht65-20,52.2507,5.97306,3.045,29.1,56.4,14585
2026-06-28 13:22:59,lht65-20,52.2507,5.97306,3.047,28.83,59.1,25720
2026-06-28 13:42:58,lht65-20,52.2507,5.97306,3.047,28.92,58.5,14883
2026-06-28 13:52:59,lht65-20,52.2507,5.97306,3.045,29.22,61.5,17534
2026-06-28 14:02:58,lht65-20,52.2507,5.97306,3.045,28.66,61.9,25479
2026-06-28 14:12:58,lht65-20,52.2507,5.97306,3.045,29.18,61.3,16526
2026-06-28 14:22:58,lht65-20,52.2507,5.97306,3.045,28.45,61.4,15801
2026-06-28 14:32:58,lht65-20,52.2507,5.97306,3.047,27.91,64.1,12542
2026-06-28 14:42:58,lht65-20,52.2507,5.97306,3.047,27.55,66.6,8592
2026-06-28 14:52:59,lht65-20,52.2507,5.97306,3.045,27.3,66.8,10883
2026-06-28 15:02:58,lht65-20,52.2507,5.97306,3.045,27.35,67.6,12696
2026-06-28 15:12:58,lht65-20,52.2507,5.97306,3.047,27.27,65.9,11772
2026-06-28 15:22:58,lht65-20,52.2507,5.97306,3.045,27.2,66.4,15167
2026-06-28 15:32:59,lht65-20,52.2507,5.97306,3.045,27.66,65.8,22285
2026-06-28 15:42:59,lht65-20,52.2507,5.97306,3.047,27.48,65.4,12777
2026-06-28 15:52:59,lht65-20,52.2507,5.97306,3.045,26.79,65.3,8296
2026-06-28 16:02:59,lht65-20,52.2507,5.97306,3.045,26.37,69.0,8473
2026-06-28 16:12:58,lht65-20,52.2507,5.97306,3.045,26.39,68.1,10379
2026-06-28 16:22:59,lht65-20,52.2507,5.97306,3.045,26.23,66.1,13646
2026-06-28 16:32:58,lht65-20,52.2507,5.97306,3.047,26.65,66.4,15909
2026-06-28 16:42:59,lht65-20,52.2507,5.97306,3.045,26.74,65.4,11802
2026-06-28 16:52:58,lht65-20,52.2507,5.97306,3.045,26.56,64.9,26959
2026-06-28 17:02:58,lht65-20,52.2507,5.97306,3.045,27.9,60.3,24248
2026-06-28 17:12:58,lht65-20,52.2507,5.97306,3.047,27.49,60.7,19514
2026-06-28 17:22:58,lht65-20,52.2507,5.97306,3.045,27.16,61.8,16070
2026-06-28 17:32:58,lht65-20,52.2507,5.97306,3.047,26.98,62.6,17386
2026-06-28 17:42:58,lht65-20,52.2507,5.97306,3.045,26.71,61.2,12533
2026-06-28 17:52:59,lht65-20,52.2507,5.97306,3.047,26.29,64.2,11495
2026-06-28 18:02:59,lht65-20,52.2507,5.97306,3.045,25.63,63.2,11680
2026-06-28 18:12:59,lht65-20,52.2507,5.97306,3.045,25.04,64.7,5558
2026-06-28 18:22:59,lht65-20,52.2507,5.97306,3.043,24.36,67.4,2304
2026-06-28 18:32:58,lht65-20,52.2507,5.97306,3.045,24.05,69.5,2138
2026-06-28 18:42:59,lht65-20,52.2507,5.97306,3.043,24.4,69.4,3896
2026-06-28 18:52:58,lht65-20,52.2507,5.97306,3.045,24.37,67.0,3813
2026-06-28 19:02:58,lht65-20,52.2507,5.97306,3.043,23.9,68.1,3410
2026-06-28 19:12:59,lht65-20,52.2507,5.97306,3.045,23.83,69.8,3229
2026-06-28 19:22:58,lht65-20,52.2507,5.97306,3.043,23.45,70.8,1704
2026-06-28 19:32:59,lht65-20,52.2507,5.97306,3.043,22.97,73.7,1253
2026-06-28 19:42:59,lht65-20,52.2507,5.97306,3.043,22.31,77.3,825
2026-06-28 19:52:59,lht65-20,52.2507,5.97306,3.043,21.7,80.5,474
2026-06-28 20:02:59,lht65-20,52.2507,5.97306,3.043,21.39,81.2,235
2026-06-28 20:12:58,lht65-20,52.2507,5.97306,3.041,20.99,84.7,97
2026-06-28 20:22:58,lht65-20,52.2507,5.97306,3.041,20.43,85.6,35
2026-06-28 20:32:58,lht65-20,52.2507,5.97306,3.041,19.89,88.0,10
2026-06-28 20:42:58,lht65-20,52.2507,5.97306,3.041,19.77,87.4,3
2026-06-28 20:52:58,lht65-20,52.2507,5.97306,3.041,20.02,84.0,0
2026-06-28 21:02:58,lht65-20,52.2507,5.97306,3.041,20.02,83.4,0
2026-06-28 21:12:58,lht65-20,52.2507,5.97306,3.041,19.47,85.5,0
2026-06-28 21:22:58,lht65-20,52.2507,5.97306,3.041,19.01,87.6,0
2026-06-28 21:32:58,lht65-20,52.2507,5.97306,3.041,18.98,86.7,0
2026-06-28 21:42:58,lht65-20,52.2507,5.97306,3.04,19.03,84.0,0
2026-06-28 21:52:58,lht65-20,52.2507,5.97306,3.04,18.86,83.2,0
2026-06-28 22:02:58,lht65-20,52.2507,5.97306,3.038,18.9,81.8,0
2026-06-28 22:12:58,lht65-20,52.2507,5.97306,3.038,18.93,81.1,0
2026-06-28 22:22:58,lht65-20,52.2507,5.97306,3.04,18.92,81.6,0
2026-06-28 22:32:58,lht65-20,52.2507,5.97306,3.038,18.95,81.1,0
2026-06-28 22:42:59,lht65-20,52.2507,5.97306,3.04,18.96,81.0,0
2026-06-28 22:52:58,lht65-20,52.2507,5.97306,3.04,18.93,80.9,0
2026-06-28 23:02:58,lht65-20,52.2507,5.97306,3.041,18.81,82.1,0
2026-06-28 23:12:58,lht65-20,52.2507,5.97306,3.038,18.74,81.6,0
2026-06-28 23:22:58,lht65-20,52.2507,5.97306,3.04,18.77,79.8,0
2026-06-28 23:32:58,lht65-20,52.2507,5.97306,3.04,18.96,79.4,0
2026-06-28 23:42:58,lht65-20,52.2507,5.97306,3.038,18.95,81.7,0
2026-06-28 23:52:58,lht65-20,52.2507,5.97306,3.04,18.94,78.2,0
2026-06-29 00:02:58,lht65-20,52.2507,5.97306,3.038,19.03,78.6,0
2026-06-29 00:12:58,lht65-20,52.2507,5.97306,3.041,18.96,80.1,0
2026-06-29 00:22:58,lht65-20,52.2507,5.97306,3.04,18.91,80.5,0
2026-06-29 00:32:58,lht65-20,52.2507,5.97306,3.038,18.9,81.5,0
2026-06-29 00:42:58,lht65-20,52.2507,5.97306,3.038,18.83,81.4,0
2026-06-29 00:52:58,lht65-20,52.2507,5.97306,3.038,18.85,81.3,0
2026-06-29 01:02:58,lht65-20,52.2507,5.97306,3.04,18.88,79.5,0
2026-06-29 01:12:58,lht65-20,52.2507,5.97306,3.038,18.98,78.8,0
2026-06-29 01:22:59,lht65-20,52.2507,5.97306,3.04,18.99,78.5,0
2026-06-29 01:32:58,lht65-20,52.2507,5.97306,3.04,19.06,77.2,0
2026-06-29 01:42:58,lht65-20,52.2507,5.97306,3.038,19.09,78.0,0
2026-06-29 01:52:58,lht65-20,52.2507,5.97306,3.038,19.08,78.0,0
2026-06-29 02:02:58,lht65-20,52.2507,5.97306,3.038,18.88,78.7,0
2026-06-29 02:12:58,lht65-20,52.2507,5.97306,3.038,18.79,78.5,0
2026-06-29 02:22:58,lht65-20,52.2507,5.97306,3.038,18.68,79.0,0
2026-06-29 02:32:58,lht65-20,52.2507,5.97306,3.038,18.49,80.0,1
2026-06-29 02:42:58,lht65-20,52.2507,5.97306,3.038,18.4,80.2,5
2026-06-29 02:52:58,lht65-20,52.2507,5.97306,3.038,18.26,81.0,17
2026-06-29 03:02:58,lht65-20,52.2507,5.97306,3.038,18.04,82.1,50
2026-06-29 03:12:58,lht65-20,52.2507,5.97306,3.038,18.0,82.2,132
2026-06-29 03:22:58,lht65-20,52.2507,5.97306,3.038,17.99,82.0,388
2026-06-29 03:32:58,lht65-20,52.2507,5.97306,3.038,18.06,81.9,580
2026-06-29 03:42:58,lht65-20,52.2507,5.97306,3.038,18.11,81.8,935
2026-06-29 03:52:58,lht65-20,52.2507,5.97306,3.038,18.35,80.8,930
2026-06-29 04:02:59,lht65-20,52.2507,5.97306,3.038,18.46,79.9,1437
2026-06-29 04:12:58,lht65-20,52.2507,5.97306,3.038,18.58,79.3,1746
2026-06-29 04:22:58,lht65-20,52.2507,5.97306,3.038,18.48,80.0,1895
2026-06-29 04:32:58,lht65-20,52.2507,5.97306,3.038,18.42,81.0,2233
2026-06-29 04:42:58,lht65-20,52.2507,5.97306,3.038,18.41,80.7,2776
2026-06-29 04:52:58,lht65-20,52.2507,5.97306,3.034,18.35,80.9,3596
2026-06-29 05:02:58,lht65-20,52.2507,5.97306,3.038,18.43,80.8,4770
2026-06-29 05:12:58,lht65-20,52.2507,5.97306,3.036,18.7,80.5,8582
2026-06-29 05:22:58,lht65-20,52.2507,5.97306,3.038,19.9,78.5,10308
2026-06-29 05:32:58,lht65-20,52.2507,5.97306,3.038,20.18,74.7,17018
2026-06-29 05:42:58,lht65-20,52.2507,5.97306,3.038,20.51,75.5,17677
2026-06-29 05:52:58,lht65-20,52.2507,5.97306,3.038,20.16,74.7,7660
2026-06-29 06:02:58,lht65-20,52.2507,5.97306,3.038,19.7,77.9,8775
2026-06-29 06:12:58,lht65-20,52.2507,5.97306,3.036,19.86,76.3,8430
2026-06-29 06:22:58,lht65-20,52.2507,5.97306,3.038,19.65,77.9,11567
2026-06-29 06:32:58,lht65-20,52.2507,5.97306,3.038,20.16,75.8,9520
2026-06-29 06:42:58,lht65-20,52.2507,5.97306,3.038,19.91,77.7,11234
2026-06-29 06:52:59,lht65-20,52.2507,5.97306,3.038,19.92,77.2,14464
2026-06-29 07:02:58,lht65-20,52.2507,5.97306,3.038,20.37,76.5,21262
2026-06-29 07:12:58,lht65-20,52.2507,5.97306,3.038,20.71,75.2,19145
2026-06-29 07:22:58,lht65-20,52.2507,5.97306,3.038,21.07,75.2,27722
2026-06-29 07:32:58,lht65-20,52.2507,5.97306,3.038,21.57,74.5,25191
2026-06-29 07:42:58,lht65-20,52.2507,5.97306,3.038,21.96,73.9,24978
2026-06-29 07:52:58,lht65-20,52.2507,5.97306,3.041,21.97,71.6,27449
2026-06-29 08:02:58,lht65-20,52.2507,5.97306,3.038,22.62,73.1,25723
2026-06-29 08:12:58,lht65-20,52.2507,5.97306,3.04,22.78,69.1,28685
2026-06-29 08:22:58,lht65-20,52.2507,5.97306,3.04,23.09,67.5,31525
2026-06-29 08:32:58,lht65-20,52.2507,5.97306,3.041,23.04,68.9,29552
2026-06-29 08:42:58,lht65-20,52.2507,5.97306,3.04,23.94,65.4,31746
2026-06-29 08:52:58,lht65-20,52.2507,5.97306,3.04,24.79,67.9,35545
2026-06-29 09:02:58,lht65-20,52.2507,5.97306,3.041,25.61,67.0,37744
2026-06-29 09:12:58,lht65-20,52.2507,5.97306,3.041,25.46,65.1,37958
2026-06-29 09:22:58,lht65-20,52.2507,5.97306,3.041,25.94,64.8,38852
2026-06-29 09:32:58,lht65-20,52.2507,5.97306,3.041,26.48,64.9,43665
2026-06-29 09:42:58,lht65-20,52.2507,5.97306,3.041,27.39,58.4,22627
2026-06-29 09:52:58,lht65-20,52.2507,5.97306,3.041,26.24,60.7,13193
2026-06-29 10:02:58,lht65-20,52.2507,5.97306,3.041,26.57,60.3,40605
2026-06-29 10:12:58,lht65-20,52.2507,5.97306,3.041,25.05,59.1,10448
2026-06-29 10:22:58,lht65-20,52.2507,5.97306,3.041,25.83,59.7,41663
2026-06-29 10:32:58,lht65-20,52.2507,5.97306,3.041,26.6,55.4,19825
2026-06-29 10:42:58,lht65-20,52.2507,5.97306,3.041,26.97,51.3,40785
2026-06-29 10:52:58,lht65-20,52.2507,5.97306,3.041,27.65,50.0,33328
2026-06-29 11:02:59,lht65-20,52.2507,5.97306,3.041,26.2,51.6,41049
2026-06-29 11:12:58,lht65-20,52.2507,5.97306,3.041,27.63,52.2,11963
2026-06-29 11:22:58,lht65-20,52.2507,5.97306,3.041,27.14,57.3,41164
2026-06-29 11:32:58,lht65-20,52.2507,5.97306,3.041,28.18,51.4,11238
2026-06-29 11:42:58,lht65-20,52.2507,5.97306,3.041,27.53,49.8,43138
2026-06-29 11:52:58,lht65-20,52.2507,5.97306,3.041,28.17,48.3,42506
2026-06-29 12:02:58,lht65-20,52.2507,5.97306,3.041,27.01,48.9,10931
2026-06-29 12:12:58,lht65-20,52.2507,5.97306,3.041,25.64,53.9,41777
2026-06-29 12:22:58,lht65-20,52.2507,5.97306,3.041,25.96,51.0,17547
2026-06-29 12:32:58,lht65-20,52.2507,5.97306,3.041,25.8,57.3,12454
2026-06-29 12:42:58,lht65-20,52.2507,5.97306,3.041,25.6,50.8,11929
2026-06-29 12:52:58,lht65-20,52.2507,5.97306,3.041,25.89,55.4,40334
2026-06-29 13:02:58,lht65-20,52.2507,5.97306,3.041,27.57,45.4,40258
2026-06-29 13:12:58,lht65-20,52.2507,5.97306,3.041,27.55,49.1,14475
2026-06-29 13:22:58,lht65-20,52.2507,5.97306,3.041,27.03,47.3,27070
2026-06-29 13:32:58,lht65-20,52.2507,5.97306,3.041,26.25,51.2,11529
2026-06-29 13:42:58,lht65-20,52.2507,5.97306,3.041,25.75,55.1,19640
2026-06-29 13:52:58,lht65-20,52.2507,5.97306,3.041,26.08,51.9,36771
2026-06-29 14:02:58,lht65-20,52.2507,5.97306,3.041,27.45,48.0,11487
2026-06-29 14:13:00,lht65-20,52.2507,5.97306,3.041,26.29,56.1,12136
2026-06-29 14:22:58,lht65-20,52.2507,5.97306,3.041,26.35,53.4,11398
2026-06-29 14:32:58,lht65-20,52.2507,5.97306,3.041,26.37,52.8,31745
2026-06-29 14:42:58,lht65-20,52.2507,5.97306,3.041,26.6,54.4,27021
2026-06-29 14:52:58,lht65-20,52.2507,5.97306,3.041,26.62,53.5,36747
2026-06-29 15:02:58,lht65-20,52.2507,5.97306,3.041,26.85,56.1,35770
2026-06-29 15:12:58,lht65-20,52.2507,5.97306,3.041,26.56,54.8,17224
2026-06-29 15:22:58,lht65-20,52.2507,5.97306,3.041,26.62,54.1,33587
2026-06-29 15:32:58,lht65-20,52.2507,5.97306,3.041,28.16,51.6,34960
2026-06-29 15:42:58,lht65-20,52.2507,5.97306,3.043,27.61,50.5,33708
2026-06-29 15:52:58,lht65-20,52.2507,5.97306,3.041,27.75,54.1,32420
2026-06-29 16:02:58,lht65-20,52.2507,5.97306,3.041,27.18,52.4,14848
2026-06-29 16:12:58,lht65-20,52.2507,5.97306,3.041,26.41,55.1,31552
2026-06-29 16:22:58,lht65-20,52.2507,5.97306,3.041,26.02,56.7,13077
2026-06-29 16:32:58,lht65-20,52.2507,5.97306,3.041,25.58,53.7,24619
2026-06-29 16:42:58,lht65-20,52.2507,5.97306,3.041,26.19,52.1,15393
2026-06-29 16:52:58,lht65-20,52.2507,5.97306,3.041,24.34,57.2,8713
2026-06-29 17:12:58,lht65-20,52.2507,5.97306,3.041,23.05,59.7,7236
2026-06-29 17:22:58,lht65-20,52.2507,5.97306,3.041,23.58,59.3,12107
2026-06-29 17:32:58,lht65-20,52.2507,5.97306,3.041,24.25,56.9,15426
2026-06-29 17:42:58,lht65-20,52.2507,5.97306,3.041,24.46,55.8,14733
2026-06-29 17:52:58,lht65-20,52.2507,5.97306,3.041,23.82,59.1,10808
2026-06-29 18:02:58,lht65-20,52.2507,5.97306,3.04,23.63,59.9,14134
2026-06-29 18:12:58,lht65-20,52.2507,5.97306,3.04,23.44,58.2,13165
2026-06-29 18:22:58,lht65-20,52.2507,5.97306,3.041,22.74,60.7,7640
2026-06-29 18:32:58,lht65-20,52.2507,5.97306,3.038,22.32,60.9,8928
2026-06-29 18:42:58,lht65-20,52.2507,5.97306,3.038,21.75,62.1,8347
2026-06-29 18:52:58,lht65-20,52.2507,5.97306,3.04,21.72,61.7,7211
2026-06-29 19:02:58,lht65-20,52.2507,5.97306,3.038,21.55,63.9,5472
2026-06-29 19:12:58,lht65-20,52.2507,5.97306,3.04,20.95,64.3,3800
2026-06-29 19:22:58,lht65-20,52.2507,5.97306,3.038,20.24,67.2,1642
2026-06-29 19:32:58,lht65-20,52.2507,5.97306,3.038,19.64,69.1,1100
2026-06-29 19:42:58,lht65-20,52.2507,5.97306,3.038,19.2,71.4,654
2026-06-29 19:52:58,lht65-20,52.2507,5.97306,3.036,18.75,73.2,365
2026-06-29 20:02:58,lht65-20,52.2507,5.97306,3.038,18.43,74.8,186
2026-06-29 20:12:58,lht65-20,52.2507,5.97306,3.034,18.18,76.9,81
2026-06-29 20:22:58,lht65-20,52.2507,5.97306,3.036,17.79,77.9,30
2026-06-29 20:32:58,lht65-20,52.2507,5.97306,3.036,17.59,79.6,9
2026-06-29 20:42:58,lht65-20,52.2507,5.97306,3.036,17.45,79.7,2
2026-06-29 20:52:58,lht65-20,52.2507,5.97306,3.034,17.35,80.1,0
2026-06-29 21:02:58,lht65-20,52.2507,5.97306,3.034,17.2,81.4,0
2026-06-29 21:12:58,lht65-20,52.2507,5.97306,3.034,16.99,81.7,0
2026-06-29 21:22:58,lht65-20,52.2507,5.97306,3.034,16.89,82.7,0
2026-06-29 21:32:58,lht65-20,52.2507,5.97306,3.034,16.85,83.5,0
2026-06-29 21:42:58,lht65-20,52.2507,5.97306,3.034,16.93,85.0,0
2026-06-29 21:52:58,lht65-20,52.2507,5.97306,3.032,17.06,85.7,0
2026-06-29 22:02:58,lht65-20,52.2507,5.97306,3.032,17.11,86.0,0
2026-06-29 22:12:58,lht65-20,52.2507,5.97306,3.034,17.07,86.0,0
2026-06-29 22:22:58,lht65-20,52.2507,5.97306,3.034,16.88,87.1,0
2026-06-29 22:32:58,lht65-20,52.2507,5.97306,3.034,16.81,88.2,0
2026-06-29 22:42:58,lht65-20,52.2507,5.97306,3.032,16.99,87.9,0
2026-06-29 22:52:58,lht65-20,52.2507,5.97306,3.034,17.06,87.7,0
2026-06-29 23:02:58,lht65-20,52.2507,5.97306,3.034,17.01,88.2,0
2026-06-29 23:12:58,lht65-20,52.2507,5.97306,3.034,17.07,88.4,0
2026-06-29 23:22:58,lht65-20,52.2507,5.97306,3.034,17.14,88.0,0
2026-06-29 23:32:58,lht65-20,52.2507,5.97306,3.034,17.07,88.0,0
2026-06-29 23:42:58,lht65-20,52.2507,5.97306,3.032,16.94,88.4,0
2026-06-29 23:52:58,lht65-20,52.2507,5.97306,3.032,16.78,89.7,0
2026-06-30 00:02:58,lht65-20,52.2507,5.97306,3.032,16.59,90.2,0
2026-06-30 00:12:58,lht65-20,52.2507,5.97306,3.034,16.35,91.6,0
2026-06-30 00:22:58,lht65-20,52.2507,5.97306,3.032,16.21,92.1,0
2026-06-30 00:32:58,lht65-20,52.2507,5.97306,3.03,15.97,92.4,0
2026-06-30 00:42:58,lht65-20,52.2507,5.97306,3.03,15.87,93.5,0
2026-06-30 00:52:58,lht65-20,52.2507,5.97306,3.032,15.73,93.8,0
2026-06-30 01:02:58,lht65-20,52.2507,5.97306,3.03,15.55,93.8,0
2026-06-30 01:12:58,lht65-20,52.2507,5.97306,3.03,15.5,94.4,0
2026-06-30 01:22:58,lht65-20,52.2507,5.97306,3.03,15.63,95.0,0
2026-06-30 01:32:58,lht65-20,52.2507,5.97306,3.03,15.53,95.2,0
2026-06-30 01:42:58,lht65-20,52.2507,5.97306,3.03,15.08,94.5,0
2026-06-30 01:52:58,lht65-20,52.2507,5.97306,3.03,14.88,94.7,0
2026-06-30 02:02:58,lht65-20,52.2507,5.97306,3.03,14.76,95.5,0
2026-06-30 02:12:58,lht65-20,52.2507,5.97306,3.029,14.6,95.9,0
2026-06-30 02:22:58,lht65-20,52.2507,5.97306,3.03,14.42,96.1,0
2026-06-30 02:32:58,lht65-20,52.2507,5.97306,3.029,14.17,96.3,1
2026-06-30 02:42:58,lht65-20,52.2507,5.97306,3.027,13.98,96.4,7
2026-06-30 02:52:58,lht65-20,52.2507,5.97306,3.03,13.96,96.6,24
2026-06-30 03:02:58,lht65-20,52.2507,5.97306,3.027,13.75,96.7,69
2026-06-30 03:12:58,lht65-20,52.2507,5.97306,3.029,13.31,96.8,165
2026-06-30 03:22:58,lht65-20,52.2507,5.97306,3.027,13.3,96.8,340
2026-06-30 03:32:58,lht65-20,52.2507,5.97306,3.025,13.22,97.0,602
2026-06-30 03:42:58,lht65-20,52.2507,5.97306,3.027,13.17,97.1,1080
2026-06-30 03:52:58,lht65-20,52.2507,5.97306,3.027,13.51,97.3,1880
2026-06-30 04:02:58,lht65-20,52.2507,5.97306,3.027,13.4,97.4,1615
2026-06-30 04:12:58,lht65-20,52.2507,5.97306,3.027,13.62,97.5,4875
2026-06-30 04:22:58,lht65-20,52.2507,5.97306,3.027,14.39,97.5,6658
2026-06-30 04:32:58,lht65-20,52.2507,5.97306,3.027,15.04,97.0,6396
2026-06-30 04:42:58,lht65-20,52.2507,5.97306,3.029,15.81,94.6,8874
2026-06-30 04:52:58,lht65-20,52.2507,5.97306,3.03,16.72,89.9,10899
2026-06-30 05:02:58,lht65-20,52.2507,5.97306,3.03,17.59,88.2,12641
2026-06-30 05:12:59,lht65-20,52.2507,5.97306,3.03,18.58,85.2,5490
2026-06-30 05:22:58,lht65-20,52.2507,5.97306,3.032,18.27,85.1,14380
2026-06-30 05:32:58,lht65-20,52.2507,5.97306,3.03,19.23,81.6,12857
2026-06-30 05:42:58,lht65-20,52.2507,5.97306,3.03,19.01,82.0,13966
2026-06-30 05:52:58,lht65-20,52.2507,5.97306,3.032,19.77,79.2,15466
2026-06-30 06:02:58,lht65-20,52.2507,5.97306,3.032,20.27,76.9,15864
2026-06-30 06:12:58,lht65-20,52.2507,5.97306,3.032,20.43,76.1,10810
2026-06-30 06:22:58,lht65-20,52.2507,5.97306,3.032,20.68,75.6,13426
2026-06-30 06:32:58,lht65-20,52.2507,5.97306,3.034,20.64,75.9,13787
2026-06-30 06:42:58,lht65-20,52.2507,5.97306,3.032,20.81,74.2,10504
2026-06-30 06:52:58,lht65-20,52.2507,5.97306,3.034,20.51,77.0,11126
2026-06-30 07:02:58,lht65-20,52.2507,5.97306,3.034,20.47,77.2,11738
2026-06-30 07:12:58,lht65-20,52.2507,5.97306,3.034,20.71,75.6,11425
2026-06-30 07:22:58,lht65-20,52.2507,5.97306,3.034,20.73,76.1,10560
2026-06-30 07:42:58,lht65-20,52.2507,5.97306,3.034,21.1,77.6,10859
2026-06-30 07:52:58,lht65-20,52.2507,5.97306,3.034,21.17,77.2,9222
2026-06-30 08:02:58,lht65-20,52.2507,5.97306,3.034,21.12,75.1,15676
2026-06-30 08:12:59,lht65-20,52.2507,5.97306,3.034,21.99,71.9,26860
2026-06-30 08:22:58,lht65-20,52.2507,5.97306,3.034,21.89,66.7,17244
2026-06-30 08:32:58,lht65-20,52.2507,5.97306,3.034,22.59,67.4,25890
2026-06-30 08:42:58,lht65-20,52.2507,5.97306,3.034,22.67,67.2,23201
2026-06-30 08:52:58,lht65-20,52.2507,5.97306,3.034,22.93,66.3,26072
2026-06-30 09:02:58,lht65-20,52.2507,5.97306,3.034,23.72,66.9,21272
2026-06-30 09:12:58,lht65-20,52.2507,5.97306,3.036,23.28,62.5,15992
2026-06-30 09:22:58,lht65-20,52.2507,5.97306,3.034,23.04,64.7,15733
2026-06-30 09:32:58,lht65-20,52.2507,5.97306,3.034,22.99,62.9,20137
2026-06-30 09:42:58,lht65-20,52.2507,5.97306,3.034,23.1,61.6,25166
2026-06-30 09:52:58,lht65-20,52.2507,5.97306,3.036,23.28,62.0,16442
2026-06-30 10:02:58,lht65-20,52.2507,5.97306,3.034,23.64,58.4,20486
2026-06-30 10:12:58,lht65-20,52.2507,5.97306,3.034,23.83,49.9,19850
2026-06-30 10:22:58,lht65-20,52.2507,5.97306,3.034,23.95,58.3,20860
2026-06-30 10:32:58,lht65-20,52.2507,5.97306,3.036,24.06,56.9,18201
2026-06-30 10:52:58,lht65-20,52.2507,5.97306,3.036,24.35,57.7,17370
2026-06-30 11:02:58,lht65-20,52.2507,5.97306,3.036,24.18,55.2,18648
2026-06-30 11:12:58,lht65-20,52.2507,5.97306,3.034,24.08,57.8,16994
2026-06-30 11:22:58,lht65-20,52.2507,5.97306,3.034,24.26,57.0,19724
2026-06-30 11:32:58,lht65-20,52.2507,5.97306,3.034,23.72,59.4,13024
2026-06-30 11:42:58,lht65-20,52.2507,5.97306,3.034,23.1,59.3,14655
2026-06-30 11:52:58,lht65-20,52.2507,5.97306,3.036,23.72,60.8,28267
2026-06-30 12:02:58,lht65-20,52.2507,5.97306,3.036,24.12,61.1,20807
2026-06-30 12:12:58,lht65-20,52.2507,5.97306,3.034,23.8,60.4,30572
2026-06-30 12:22:58,lht65-20,52.2507,5.97306,3.036,23.96,60.8,16106
2026-06-30 12:32:58,lht65-20,52.2507,5.97306,3.036,23.34,61.7,11563
2026-06-30 12:42:58,lht65-20,52.2507,5.97306,3.034,22.8,63.0,8431
2026-06-30 12:52:58,lht65-20,52.2507,5.97306,3.036,22.38,63.4,8019
2026-06-30 13:02:58,lht65-20,52.2507,5.97306,3.034,22.09,65.0,7957
2026-06-30 13:12:58,lht65-20,52.2507,5.97306,3.034,21.98,68.5,7616
2026-06-30 13:22:58,lht65-20,52.2507,5.97306,3.034,21.85,68.0,5973
2026-06-30 13:32:58,lht65-20,52.2507,5.97306,3.034,21.59,68.6,7012
2026-06-30 13:42:58,lht65-20,52.2507,5.97306,3.034,21.39,68.8,7540
2026-06-30 13:52:58,lht65-20,52.2507,5.97306,3.034,21.29,70.1,6924
2026-06-30 14:02:58,lht65-20,52.2507,5.97306,3.034,21.38,72.3,9955
2026-06-30 14:12:58,lht65-20,52.2507,5.97306,3.034,21.37,70.7,10650
2026-06-30 14:22:58,lht65-20,52.2507,5.97306,3.034,21.46,70.8,14095
2026-06-30 14:32:58,lht65-20,52.2507,5.97306,3.034,22.04,69.5,21737
2026-06-30 14:42:58,lht65-20,52.2507,5.97306,3.034,22.57,66.4,16636
2026-06-30 14:52:58,lht65-20,52.2507,5.97306,3.034,22.83,64.6,14639
2026-06-30 15:02:58,lht65-20,52.2507,5.97306,3.034,22.68,60.7,14680
2026-06-30 15:12:58,lht65-20,52.2507,5.97306,3.034,22.33,62.2,15765
2026-06-30 15:22:58,lht65-20,52.2507,5.97306,3.034,22.56,61.3,15105
2026-06-30 15:32:58,lht65-20,52.2507,5.97306,3.034,22.58,59.6,14615
2026-06-30 15:42:58,lht65-20,52.2507,5.97306,3.034,22.85,61.6,16170
2026-06-30 15:52:58,lht65-20,52.2507,5.97306,3.034,22.7,62.4,12266
2026-06-30 16:12:58,lht65-20,52.2507,5.97306,3.034,22.38,61.5,12182
2026-06-30 16:22:58,lht65-20,52.2507,5.97306,3.034,22.2,59.8,8666
2026-06-30 16:32:58,lht65-20,52.2507,5.97306,3.034,22.17,66.9,10770
2026-06-30 16:42:58,lht65-20,52.2507,5.97306,3.034,22.42,62.3,8764
2026-06-30 16:52:58,lht65-20,52.2507,5.97306,3.034,21.85,62.0,6851
2026-06-30 17:03:01,lht65-20,52.2507,5.97306,3.034,21.54,62.3,7086
2026-06-30 17:12:58,lht65-20,52.2507,5.97306,3.034,21.55,63.9,6714
2026-06-30 17:22:58,lht65-20,52.2507,5.97306,3.032,21.41,64.4,5271
2026-06-30 17:32:58,lht65-20,52.2507,5.97306,3.034,21.45,66.1,7735
2026-06-30 17:42:58,lht65-20,52.2507,5.97306,3.034,21.75,65.2,6049
2026-06-30 17:52:58,lht65-20,52.2507,5.97306,3.034,21.5,67.8,5700
2026-06-30 18:02:58,lht65-20,52.2507,5.97306,3.034,21.7,68.7,6462
2026-06-30 18:12:58,lht65-20,52.2507,5.97306,3.034,21.95,66.2,10073
2026-06-30 18:22:58,lht65-20,52.2507,5.97306,3.032,22.0,64.9,5093
2026-06-30 18:32:58,lht65-20,52.2507,5.97306,3.034,21.67,66.8,3356
2026-06-30 18:42:58,lht65-20,52.2507,5.97306,3.032,21.07,71.0,2446
2026-06-30 18:52:58,lht65-20,52.2507,5.97306,3.032,20.61,73.2,1799
2026-06-30 19:02:58,lht65-20,52.2507,5.97306,3.034,20.11,75.3,1280
2026-06-30 19:12:58,lht65-20,52.2507,5.97306,3.032,19.7,77.7,870
2026-06-30 19:22:58,lht65-20,52.2507,5.97306,3.03,19.46,81.2,612
2026-06-30 19:32:58,lht65-20,52.2507,5.97306,3.03,19.14,80.1,465
2026-06-30 19:42:58,lht65-20,52.2507,5.97306,3.032,18.81,84.6,289
2026-06-30 19:52:58,lht65-20,52.2507,5.97306,3.03,18.46,84.6,129
2026-06-30 20:02:58,lht65-20,52.2507,5.97306,3.03,18.21,88.2,57
2026-06-30 20:12:58,lht65-20,52.2507,5.97306,3.03,18.03,89.8,28
2026-06-30 20:22:58,lht65-20,52.2507,5.97306,3.03,17.91,89.4,10
2026-06-30 20:32:58,lht65-20,52.2507,5.97306,3.029,17.85,90.4,5
2026-06-30 20:42:58,lht65-20,52.2507,5.97306,3.03,17.67,91.0,1
2026-06-30 20:52:58,lht65-20,52.2507,5.97306,3.029,17.56,91.9,0
2026-06-30 21:02:58,lht65-20,52.2507,5.97306,3.03,17.46,90.6,0
2026-06-30 21:12:58,lht65-20,52.2507,5.97306,3.03,17.21,91.9,0
2026-06-30 21:22:58,lht65-20,52.2507,5.97306,3.029,16.96,92.8,0
2026-06-30 21:32:58,lht65-20,52.2507,5.97306,3.03,16.62,92.3,0
2026-06-30 21:42:58,lht65-20,52.2507,5.97306,3.029,16.36,92.7,0
2026-06-30 21:52:58,lht65-20,52.2507,5.97306,3.029,16.09,93.2,0
2026-06-30 22:02:58,lht65-20,52.2507,5.97306,3.029,15.66,92.9,0
2026-06-30 22:12:58,lht65-20,52.2507,5.97306,3.027,15.26,93.0,0
2026-06-30 22:22:58,lht65-20,52.2507,5.97306,3.027,15.18,94.6,0
2026-06-30 22:32:58,lht65-20,52.2507,5.97306,3.029,14.98,95.1,0
2026-06-30 22:42:58,lht65-20,52.2507,5.97306,3.027,14.89,95.6,0
2026-06-30 22:52:58,lht65-20,52.2507,5.97306,3.027,14.76,96.0,0
2026-06-30 23:02:58,lht65-20,52.2507,5.97306,3.027,14.36,96.1,0
2026-06-30 23:12:58,lht65-20,52.2507,5.97306,3.027,13.98,96.1,0
2026-06-30 23:22:58,lht65-20,52.2507,5.97306,3.025,14.2,96.4,0
2026-06-30 23:32:58,lht65-20,52.2507,5.97306,3.023,14.17,96.7,0
2026-06-30 23:42:58,lht65-20,52.2507,5.97306,3.025,14.13,96.9,0
2026-06-30 23:52:58,lht65-20,52.2507,5.97306,3.025,13.82,97.1,0
2026-07-01 00:02:58,lht65-20,52.2507,5.97306,3.023,13.86,97.2,0
2026-07-01 00:12:58,lht65-20,52.2507,5.97306,3.023,13.85,97.3,0
2026-07-01 00:22:58,lht65-20,52.2507,5.97306,3.027,13.89,97.4,0
2026-07-01 00:32:58,lht65-20,52.2507,5.97306,3.025,13.84,97.5,0
2026-07-01 00:42:58,lht65-20,52.2507,5.97306,3.023,13.74,97.6,0
2026-07-01 00:52:58,lht65-20,52.2507,5.97306,3.023,13.63,97.6,0
2026-07-01 01:02:58,lht65-20,52.2507,5.97306,3.023,13.32,97.6,0
2026-07-01 01:12:58,lht65-20,52.2507,5.97306,3.023,13.3,97.5,0
2026-07-01 01:22:58,lht65-20,52.2507,5.97306,3.023,13.46,97.6,0
2026-07-01 01:32:58,lht65-20,52.2507,5.97306,3.023,13.4,97.6,0
2026-07-01 01:42:58,lht65-20,52.2507,5.97306,3.023,13.33,97.6,0
2026-07-01 01:52:58,lht65-20,52.2507,5.97306,3.023,13.31,97.6,0
2026-07-01 02:02:58,lht65-20,52.2507,5.97306,3.023,13.25,97.6,0
2026-07-01 02:12:58,lht65-20,52.2507,5.97306,3.023,13.26,97.6,0
2026-07-01 02:22:58,lht65-20,52.2507,5.97306,3.023,13.22,97.6,0
2026-07-01 02:32:58,lht65-20,52.2507,5.97306,3.023,13.22,97.6,1
2026-07-01 02:42:58,lht65-20,52.2507,5.97306,3.021,13.17,97.7,5
2026-07-01 02:52:58,lht65-20,52.2507,5.97306,3.021,12.89,97.6,19
2026-07-01 03:02:58,lht65-20,52.2507,5.97306,3.021,12.21,97.1,56
2026-07-01 03:12:58,lht65-20,52.2507,5.97306,3.019,11.62,96.4,137
2026-07-01 03:22:58,lht65-20,52.2507,5.97306,3.019,11.51,96.4,271
2026-07-01 03:32:58,lht65-20,52.2507,5.97306,3.018,11.49,96.9,480
2026-07-01 03:42:58,lht65-20,52.2507,5.97306,3.019,11.6,97.3,682
2026-07-01 03:52:58,lht65-20,52.2507,5.97306,3.019,12.11,97.6,1167
2026-07-01 04:02:58,lht65-20,52.2507,5.97306,3.021,11.85,97.7,1750
2026-07-01 04:12:58,lht65-20,52.2507,5.97306,3.019,12.39,97.9,5020
2026-07-01 04:22:58,lht65-20,52.2507,5.97306,3.019,13.39,98.1,6614
2026-07-01 04:32:58,lht65-20,52.2507,5.97306,3.021,14.26,98.0,7404
2026-07-01 04:42:58,lht65-20,52.2507,5.97306,3.023,14.9,96.6,8400
2026-07-01 04:52:58,lht65-20,52.2507,5.97306,3.025,15.67,91.2,10904
2026-07-01 05:02:59,lht65-20,52.2507,5.97306,3.023,16.43,87.4,12414
2026-07-01 05:12:58,lht65-20,52.2507,5.97306,3.025,17.11,85.8,13571
2026-07-01 05:22:58,lht65-20,52.2507,5.97306,3.027,17.36,82.5,14599
2026-07-01 05:32:58,lht65-20,52.2507,5.97306,3.027,17.84,82.7,15566
2026-07-01 05:42:58,lht65-20,52.2507,5.97306,3.027,18.27,80.1,16509
2026-07-01 05:52:58,lht65-20,52.2507,5.97306,3.027,18.57,78.1,17390
2026-07-01 06:02:58,lht65-20,52.2507,5.97306,3.027,18.81,79.1,18350
2026-07-01 06:12:58,lht65-20,52.2507,5.97306,3.027,19.18,75.7,19230
2026-07-01 06:22:58,lht65-20,52.2507,5.97306,3.027,19.33,76.3,20241
2026-07-01 06:32:58,lht65-20,52.2507,5.97306,3.029,19.47,75.3,20981
2026-07-01 06:42:58,lht65-20,52.2507,5.97306,3.027,19.46,74.8,24800
2026-07-01 06:52:58,lht65-20,52.2507,5.97306,3.027,19.93,75.3,24904
2026-07-01 07:02:58,lht65-20,52.2507,5.97306,3.027,20.47,72.2,25290
2026-07-01 07:12:58,lht65-20,52.2507,5.97306,3.027,20.69,71.8,26107
2026-07-01 07:22:58,lht65-20,52.2507,5.97306,3.027,21.06,71.0,28357
2026-07-01 07:32:58,lht65-20,52.2507,5.97306,3.03,21.69,67.5,30365
2026-07-01 07:42:58,lht65-20,52.2507,5.97306,3.029,21.61,63.6,29665
2026-07-01 07:52:58,lht65-20,52.2507,5.97306,3.029,21.23,65.2,30980
2026-07-01 08:02:58,lht65-20,52.2507,5.97306,3.029,21.43,63.9,29255
2026-07-01 08:12:58,lht65-20,52.2507,5.97306,3.03,21.42,63.1,33883
2026-07-01 08:22:58,lht65-20,52.2507,5.97306,3.029,20.58,58.2,5525
2026-07-01 08:32:58,lht65-20,52.2507,5.97306,3.029,21.3,59.4,30637
2026-07-01 08:42:58,lht65-20,52.2507,5.97306,3.03,21.86,58.3,31073
2026-07-01 08:52:58,lht65-20,52.2507,5.97306,3.029,22.03,57.9,31835
2026-07-01 09:02:58,lht65-20,52.2507,5.97306,3.03,22.91,56.2,32281
2026-07-01 09:12:58,lht65-20,52.2507,5.97306,3.03,23.04,54.2,32719
2026-07-01 09:23:00,lht65-20,52.2507,5.97306,3.03,23.56,54.5,32815
2026-07-01 09:32:58,lht65-20,52.2507,5.97306,3.03,23.93,51.0,33719
2026-07-01 09:42:58,lht65-20,52.2507,5.97306,3.03,23.83,57.7,34348
2026-07-01 09:52:58,lht65-20,52.2507,5.97306,3.03,24.83,54.6,35480
2026-07-01 10:02:58,lht65-20,52.2507,5.97306,3.03,24.41,52.8,8087
2026-07-01 10:12:58,lht65-20,52.2507,5.97306,3.03,23.47,53.4,35359
2026-07-01 10:22:58,lht65-20,52.2507,5.97306,3.03,23.88,50.3,35095
2026-07-01 10:32:58,lht65-20,52.2507,5.97306,3.03,24.1,54.0,36680
2026-07-01 10:52:58,lht65-20,52.2507,5.97306,3.03,24.26,48.2,36092
2026-07-01 11:02:58,lht65-20,52.2507,5.97306,3.03,24.28,49.0,36274
2026-07-01 11:12:58,lht65-20,52.2507,5.97306,3.03,24.19,51.5,36596
2026-07-01 11:22:58,lht65-20,52.2507,5.97306,3.03,24.5,46.1,36832
2026-07-01 11:32:58,lht65-20,52.2507,5.97306,3.03,24.4,49.0,36546
2026-07-01 11:42:58,lht65-20,52.2507,5.97306,3.03,24.72,47.0,36647
2026-07-01 11:52:58,lht65-20,52.2507,5.97306,3.03,25.0,49.1,36838
2026-07-01 12:02:58,lht65-20,52.2507,5.97306,3.03,25.2,44.7,36735
2026-07-01 12:12:58,lht65-20,52.2507,5.97306,3.032,25.13,42.1,36600
2026-07-01 12:22:58,lht65-20,52.2507,5.97306,3.03,25.11,43.7,36315
2026-07-01 12:32:58,lht65-20,52.2507,5.97306,3.03,25.72,43.0,36071
2026-07-01 12:42:58,lht65-20,52.2507,5.97306,3.03,26.02,45.4,35930
2026-07-01 12:52:58,lht65-20,52.2507,5.97306,3.032,25.75,42.0,35443
2026-07-01 13:02:58,lht65-20,52.2507,5.97306,3.03,25.64,42.3,35198
2026-07-01 13:12:58,lht65-20,52.2507,5.97306,3.032,25.75,45.6,34520
2026-07-01 13:22:58,lht65-20,52.2507,5.97306,3.032,25.95,45.4,34338
2026-07-01 13:32:58,lht65-20,52.2507,5.97306,3.032,25.95,39.8,34210
2026-07-01 13:42:58,lht65-20,52.2507,5.97306,3.032,26.17,44.6,33412
2026-07-01 13:52:58,lht65-20,52.2507,5.97306,3.032,26.67,40.3,33060
2026-07-01 14:02:58,lht65-20,52.2507,5.97306,3.032,26.18,47.6,32989
2026-07-01 14:12:58,lht65-20,52.2507,5.97306,3.032,26.06,40.5,32370
2026-07-01 14:22:58,lht65-20,52.2507,5.97306,3.03,26.33,42.1,31821
2026-07-01 14:32:58,lht65-20,52.2507,5.97306,3.03,25.99,43.6,31483
2026-07-01 14:42:58,lht65-20,52.2507,5.97306,3.032,25.74,45.8,30739
2026-07-01 14:52:58,lht65-20,52.2507,5.97306,3.032,25.53,44.7,30653
2026-07-01 15:02:58,lht65-20,52.2507,5.97306,3.032,25.34,44.5,30292
2026-07-01 15:12:58,lht65-20,52.2507,5.97306,3.032,25.74,43.8,29890
2026-07-01 15:22:58,lht65-20,52.2507,5.97306,3.032,26.09,46.9,30425
2026-07-01 15:32:58,lht65-20,52.2507,5.97306,3.034,26.25,47.2,6831
2026-07-01 15:42:58,lht65-20,52.2507,5.97306,3.032,25.89,46.6,27570
2026-07-01 15:52:58,lht65-20,52.2507,5.97306,3.032,26.42,49.6,27880
2026-07-01 16:02:58,lht65-20,52.2507,5.97306,3.032,26.3,47.7,27265
2026-07-01 16:12:58,lht65-20,52.2507,5.97306,3.032,25.51,50.1,25523
2026-07-01 16:22:58,lht65-20,52.2507,5.97306,3.034,25.8,49.1,25220
2026-07-01 16:32:58,lht65-20,52.2507,5.97306,3.034,26.09,50.6,25696
2026-07-01 16:42:58,lht65-20,52.2507,5.97306,3.032,25.94,49.2,23727
2026-07-01 16:52:58,lht65-20,52.2507,5.97306,3.032,24.93,52.7,21858
2026-07-01 17:02:58,lht65-20,52.2507,5.97306,3.032,25.02,51.9,20817
2026-07-01 17:12:58,lht65-20,52.2507,5.97306,3.032,24.56,52.7,14360
2026-07-01 17:22:58,lht65-20,52.2507,5.97306,3.032,24.54,56.2,19010
2026-07-01 17:32:58,lht65-20,52.2507,5.97306,3.032,24.87,54.2,17776
2026-07-01 17:42:58,lht65-20,52.2507,5.97306,3.034,25.1,54.1,17126
2026-07-01 17:52:58,lht65-20,52.2507,5.97306,3.032,24.64,53.6,15445
2026-07-01 18:02:58,lht65-20,52.2507,5.97306,3.032,24.23,53.7,14037
2026-07-01 18:12:58,lht65-20,52.2507,5.97306,3.032,24.06,53.6,12775
2026-07-01 18:22:58,lht65-20,52.2507,5.97306,3.032,24.09,56.9,11255
2026-07-01 18:32:58,lht65-20,52.2507,5.97306,3.032,23.74,56.0,10175
2026-07-01 18:42:59,lht65-20,52.2507,5.97306,3.034,23.51,58.0,8775
2026-07-01 18:52:58,lht65-20,52.2507,5.97306,3.032,23.44,58.0,7282
2026-07-01 19:02:58,lht65-20,52.2507,5.97306,3.03,22.87,58.4,5763
2026-07-01 19:12:58,lht65-20,52.2507,5.97306,3.03,22.31,60.5,3615
2026-07-01 19:22:58,lht65-20,52.2507,5.97306,3.03,21.55,63.0,1465
2026-07-01 19:32:58,lht65-20,52.2507,5.97306,3.032,20.68,67.8,1014
2026-07-01 19:42:58,lht65-20,52.2507,5.97306,3.03,20.02,70.2,605
2026-07-01 19:52:58,lht65-20,52.2507,5.97306,3.029,19.47,71.7,356
2026-07-01 20:02:58,lht65-20,52.2507,5.97306,3.03,19.07,74.4,185
2026-07-01 20:12:58,lht65-20,52.2507,5.97306,3.029,18.59,75.9,80
2026-07-01 20:22:58,lht65-20,52.2507,5.97306,3.027,18.14,78.5,28
2026-07-01 20:32:58,lht65-20,52.2507,5.97306,3.027,17.71,80.4,8
2026-07-01 20:42:58,lht65-20,52.2507,5.97306,3.029,17.27,82.5,2
2026-07-01 20:52:58,lht65-20,52.2507,5.97306,3.027,16.91,83.8,0
2026-07-01 21:02:58,lht65-20,52.2507,5.97306,3.027,16.31,86.2,0
2026-07-01 21:12:58,lht65-20,52.2507,5.97306,3.027,15.94,88.3,0
2026-07-01 21:22:58,lht65-20,52.2507,5.97306,3.027,15.72,89.2,0
2026-07-01 21:32:58,lht65-20,52.2507,5.97306,3.025,15.23,88.8,0
2026-07-01 21:42:58,lht65-20,52.2507,5.97306,3.023,15.05,92.1,0
2026-07-01 21:52:58,lht65-20,52.2507,5.97306,3.023,14.98,93.0,0
2026-07-01 22:02:58,lht65-20,52.2507,5.97306,3.025,14.79,93.3,0
2026-07-01 22:12:58,lht65-20,52.2507,5.97306,3.023,14.57,93.5,0
2026-07-01 22:22:58,lht65-20,52.2507,5.97306,3.023,14.34,93.7,0
2026-07-01 22:32:58,lht65-20,52.2507,5.97306,3.023,14.1,94.0,0
2026-07-01 22:42:58,lht65-20,52.2507,5.97306,3.023,14.02,94.9,0
2026-07-01 22:52:58,lht65-20,52.2507,5.97306,3.023,14.01,95.5,0
2026-07-01 23:02:58,lht65-20,52.2507,5.97306,3.023,14.02,95.9,0
2026-07-01 23:12:58,lht65-20,52.2507,5.97306,3.023,13.98,96.3,0
2026-07-01 23:22:58,lht65-20,52.2507,5.97306,3.021,13.68,96.4,0
2026-07-01 23:32:58,lht65-20,52.2507,5.97306,3.021,13.69,96.5,0
2026-07-01 23:42:58,lht65-20,52.2507,5.97306,3.021,13.8,96.7,0
2026-07-01 23:52:58,lht65-20,52.2507,5.97306,3.021,13.72,96.8,0
2026-07-02 00:02:58,lht65-20,52.2507,5.97306,3.021,13.72,96.8,0
2026-07-02 00:12:58,lht65-20,52.2507,5.97306,3.021,13.62,96.8,0
2026-07-02 00:22:58,lht65-20,52.2507,5.97306,3.021,13.61,96.5,0
2026-07-02 00:32:58,lht65-20,52.2507,5.97306,3.021,13.58,95.5,0
2026-07-02 00:42:58,lht65-20,52.2507,5.97306,3.021,13.57,95.1,0
2026-07-02 00:52:58,lht65-20,52.2507,5.97306,3.021,13.66,95.5,0
2026-07-02 01:02:58,lht65-20,52.2507,5.97306,3.019,13.71,95.7,0
2026-07-02 01:12:58,lht65-20,52.2507,5.97306,3.021,13.73,95.9,0
2026-07-02 01:22:58,lht65-20,52.2507,5.97306,3.019,13.56,95.8,0
2026-07-02 01:32:58,lht65-20,52.2507,5.97306,3.021,13.54,96.1,0
2026-07-02 01:42:58,lht65-20,52.2507,5.97306,3.021,13.78,96.5,0
2026-07-02 01:52:58,lht65-20,52.2507,5.97306,3.021,14.09,96.6,0
2026-07-02 02:02:58,lht65-20,52.2507,5.97306,3.021,14.32,96.6,0
2026-07-02 02:12:58,lht65-20,52.2507,5.97306,3.023,14.45,95.9,0
2026-07-02 02:22:58,lht65-20,52.2507,5.97306,3.023,14.52,95.1,0
2026-07-02 02:32:58,lht65-20,52.2507,5.97306,3.021,14.6,94.3,1
2026-07-02 02:42:58,lht65-20,52.2507,5.97306,3.021,14.75,93.9,6
2026-07-02 02:52:58,lht65-20,52.2507,5.97306,3.023,14.86,93.6,21
2026-07-02 03:02:58,lht65-20,52.2507,5.97306,3.021,14.89,93.6,61
2026-07-02 03:12:58,lht65-20,52.2507,5.97306,3.023,15.13,93.4,156
2026-07-02 03:22:58,lht65-20,52.2507,5.97306,3.023,15.37,93.2,301
2026-07-02 03:32:58,lht65-20,52.2507,5.97306,3.023,15.53,92.5,534
2026-07-02 03:42:58,lht65-20,52.2507,5.97306,3.023,15.72,92.6,957
2026-07-02 03:52:58,lht65-20,52.2507,5.97306,3.023,16.48,90.5,2962
2026-07-02 04:02:58,lht65-20,52.2507,5.97306,3.023,16.79,87.9,1909
2026-07-02 04:12:58,lht65-20,52.2507,5.97306,3.023,17.27,86.0,5440
2026-07-02 04:22:58,lht65-20,52.2507,5.97306,3.023,17.86,82.0,7146
2026-07-02 04:32:58,lht65-20,52.2507,5.97306,3.023,17.52,82.9,2841
2026-07-02 04:42:58,lht65-20,52.2507,5.97306,3.023,18.09,81.3,8367
2026-07-02 04:52:58,lht65-20,52.2507,5.97306,3.023,17.92,81.3,11069
2026-07-02 05:02:58,lht65-20,52.2507,5.97306,3.025,18.56,78.4,8762
2026-07-02 05:12:58,lht65-20,52.2507,5.97306,3.027,18.8,77.6,13512
2026-07-02 05:22:58,lht65-20,52.2507,5.97306,3.027,19.06,76.8,14709
2026-07-02 05:32:58,lht65-20,52.2507,5.97306,3.027,19.46,75.4,15723
2026-07-02 05:42:58,lht65-20,52.2507,5.97306,3.027,19.59,74.8,18684
2026-07-02 05:52:58,lht65-20,52.2507,5.97306,3.027,19.93,73.4,11342
2026-07-02 06:02:58,lht65-20,52.2507,5.97306,3.027,19.32,75.1,7415
2026-07-02 06:12:58,lht65-20,52.2507,5.97306,3.027,19.05,75.5,20114
2026-07-02 06:22:58,lht65-20,52.2507,5.97306,3.027,20.1,73.0,20870
2026-07-02 06:32:58,lht65-20,52.2507,5.97306,3.027,20.39,68.8,21797
2026-07-02 06:42:58,lht65-20,52.2507,5.97306,3.027,20.85,66.8,23510
2026-07-02 06:52:58,lht65-20,52.2507,5.97306,3.027,21.11,59.5,31631
2026-07-02 07:02:58,lht65-20,52.2507,5.97306,3.027,21.09,58.1,12982
2026-07-02 07:12:58,lht65-20,52.2507,5.97306,3.027,20.42,62.3,15643
2026-07-02 07:22:58,lht65-20,52.2507,5.97306,3.027,20.53,64.5,7268
2026-07-02 07:32:58,lht65-20,52.2507,5.97306,3.027,20.96,66.4,34935
2026-07-02 07:42:58,lht65-20,52.2507,5.97306,3.027,21.05,65.8,14119
2026-07-02 07:52:58,lht65-20,52.2507,5.97306,3.027,20.97,66.8,15256
2026-07-02 08:02:58,lht65-20,52.2507,5.97306,3.027,20.72,67.8,10745
2026-07-02 08:12:58,lht65-20,52.2507,5.97306,3.027,20.55,67.9,18157
2026-07-02 08:22:58,lht65-20,52.2507,5.97306,3.027,20.9,68.1,15863
2026-07-02 08:32:58,lht65-20,52.2507,5.97306,3.023,20.58,70.8,13021
2026-07-02 08:42:58,lht65-20,52.2507,5.97306,3.027,20.11,71.5,5075
2026-07-02 08:52:58,lht65-20,52.2507,5.97306,3.027,19.83,73.0,8030
2026-07-02 09:02:58,lht65-20,52.2507,5.97306,3.027,19.65,74.1,3973
2026-07-02 09:12:58,lht65-20,52.2507,5.97306,3.025,19.4,77.5,7424
2026-07-02 09:22:58,lht65-20,52.2507,5.97306,3.027,18.89,81.7,10550
2026-07-02 09:32:58,lht65-20,52.2507,5.97306,3.023,18.24,88.3,11313
2026-07-02 09:42:58,lht65-20,52.2507,5.97306,3.023,17.87,90.3,5258
2026-07-02 09:52:58,lht65-20,52.2507,5.97306,3.025,17.73,91.7,4534
2026-07-02 10:12:58,lht65-20,52.2507,5.97306,3.023,17.99,92.8,9316
2026-07-02 10:22:58,lht65-20,52.2507,5.97306,3.023,18.25,92.6,13096
2026-07-02 10:32:58,lht65-20,52.2507,5.97306,3.023,18.29,92.3,13886
2026-07-02 10:42:58,lht65-20,52.2507,5.97306,3.027,18.58,91.7,14266
2026-07-02 10:52:58,lht65-20,52.2507,5.97306,3.025,18.48,92.2,10041
2026-07-02 11:02:58,lht65-20,52.2507,5.97306,3.023,18.35,92.0,9651
2026-07-02 11:12:58,lht65-20,52.2507,5.97306,3.023,18.2,92.5,9406
2026-07-02 11:22:58,lht65-20,52.2507,5.97306,3.023,18.11,93.0,10685
2026-07-02 11:32:58,lht65-20,52.2507,5.97306,3.025,18.35,92.0,13097
2026-07-02 11:42:58,lht65-20,52.2507,5.97306,3.023,18.45,91.4,11000
2026-07-02 11:52:58,lht65-20,52.2507,5.97306,3.023,18.8,90.8,18883
2026-07-02 12:02:58,lht65-20,52.2507,5.97306,3.025,19.46,89.2,20315
2026-07-02 12:22:58,lht65-20,52.2507,5.97306,3.023,19.86,87.4,13810
2026-07-02 12:32:59,lht65-20,52.2507,5.97306,3.023,19.46,87.6,7258
2026-07-02 12:42:58,lht65-20,52.2507,5.97306,3.025,19.28,88.4,8427
2026-07-02 12:52:58,lht65-20,52.2507,5.97306,3.023,19.28,88.5,6553
2026-07-02 13:02:58,lht65-20,52.2507,5.97306,3.023,19.47,87.8,16727
2026-07-02 13:12:58,lht65-20,52.2507,5.97306,3.027,19.77,83.4,5110
2026-07-02 13:22:57,lht65-20,52.2507,5.97306,3.023,19.73,82.9,13237
2026-07-02 13:32:58,lht65-20,52.2507,5.97306,3.025,19.77,78.8,14360
2026-07-02 13:42:58,lht65-20,52.2507,5.97306,3.025,20.05,75.2,42091
2026-07-02 13:52:58,lht65-20,52.2507,5.97306,3.027,21.23,67.3,37320
2026-07-02 14:02:58,lht65-20,52.2507,5.97306,3.027,21.06,64.6,19920
2026-07-02 14:12:58,lht65-20,52.2507,5.97306,3.025,21.26,68.4,14357
2026-07-02 14:22:58,lht65-20,52.2507,5.97306,3.025,21.02,62.4,25044
2026-07-02 14:32:58,lht65-20,52.2507,5.97306,3.027,21.14,62.1,34549
2026-07-02 14:42:58,lht65-20,52.2507,5.97306,3.027,21.19,59.9,19375
2026-07-02 14:52:57,lht65-20,52.2507,5.97306,3.027,20.63,62.9,12756
2026-07-02 15:02:58,lht65-20,52.2507,5.97306,3.027,21.12,59.6,31446
2026-07-02 15:12:58,lht65-20,52.2507,5.97306,3.023,21.23,61.6,30565
2026-07-02 15:22:58,lht65-20,52.2507,5.97306,3.025,21.37,59.1,19675
2026-07-02 15:32:57,lht65-20,52.2507,5.97306,3.025,21.19,57.8,30743
2026-07-02 15:42:57,lht65-20,52.2507,5.97306,3.023,20.08,60.6,18125
2026-07-02 15:52:57,lht65-20,52.2507,5.97306,3.027,20.66,56.9,30356
2026-07-02 16:02:58,lht65-20,52.2507,5.97306,3.023,20.78,57.6,28597
2026-07-02 16:12:58,lht65-20,52.2507,5.97306,3.023,20.84,55.5,9501
2026-07-02 16:22:57,lht65-20,52.2507,5.97306,3.023,20.1,60.4,26115
2026-07-02 16:32:58,lht65-20,52.2507,5.97306,3.025,21.01,59.3,24856
2026-07-02 16:42:58,lht65-20,52.2507,5.97306,3.025,21.05,57.8,27440
2026-07-02 16:52:58,lht65-20,52.2507,5.97306,3.027,20.86,58.8,11217
2026-07-02 17:02:57,lht65-20,52.2507,5.97306,3.027,20.26,60.7,12925
2026-07-02 17:12:58,lht65-20,52.2507,5.97306,3.023,19.95,62.6,20455
2026-07-02 17:22:57,lht65-20,52.2507,5.97306,3.023,19.47,62.5,6127
2026-07-02 17:32:57,lht65-20,52.2507,5.97306,3.023,19.31,65.4,8950
2026-07-02 17:42:57,lht65-20,52.2507,5.97306,3.023,18.85,66.3,17037
2026-07-02 17:52:57,lht65-20,52.2507,5.97306,3.023,19.63,63.6,16425
2026-07-02 18:02:58,lht65-20,52.2507,5.97306,3.023,19.9,63.0,15633
2026-07-02 18:12:58,lht65-20,52.2507,5.97306,3.023,19.98,62.9,14464
2026-07-02 18:22:58,lht65-20,52.2507,5.97306,3.023,19.83,62.8,13549
2026-07-02 18:32:58,lht65-20,52.2507,5.97306,3.023,19.46,64.1,10544
2026-07-02 18:42:57,lht65-20,52.2507,5.97306,3.023,19.47,65.1,8921
2026-07-02 18:52:58,lht65-20,52.2507,5.97306,3.023,19.07,66.5,4152
2026-07-02 19:02:57,lht65-20,52.2507,5.97306,3.023,18.36,68.7,2988
2026-07-02 19:12:58,lht65-20,52.2507,5.97306,3.023,18.06,70.4,3613
2026-07-02 19:22:58,lht65-20,52.2507,5.97306,3.021,17.7,70.5,1513
2026-07-02 19:32:57,lht65-20,52.2507,5.97306,3.021,17.35,71.8,1085
2026-07-02 19:42:58,lht65-20,52.2507,5.97306,3.021,16.96,73.9,719
2026-07-02 19:52:57,lht65-20,52.2507,5.97306,3.021,16.56,76.1,420
2026-07-02 20:02:58,lht65-20,52.2507,5.97306,3.019,15.98,78.9,213
2026-07-02 20:12:58,lht65-20,52.2507,5.97306,3.018,15.31,82.3,89
2026-07-02 20:22:58,lht65-20,52.2507,5.97306,3.018,14.76,84.5,31
2026-07-02 20:32:58,lht65-20,52.2507,5.97306,3.019,14.4,85.6,10
2026-07-02 20:42:58,lht65-20,52.2507,5.97306,3.018,13.98,87.0,2
2026-07-02 20:52:57,lht65-20,52.2507,5.97306,3.018,13.81,88.1,0
2026-07-02 21:02:57,lht65-20,52.2507,5.97306,3.016,13.68,88.1,0
2026-07-02 21:12:57,lht65-20,52.2507,5.97306,3.016,13.42,89.0,0
2026-07-02 21:22:57,lht65-20,52.2507,5.97306,3.016,13.21,89.7,0
2026-07-02 21:32:57,lht65-20,52.2507,5.97306,3.016,13.15,89.8,0
2026-07-02 21:42:57,lht65-20,52.2507,5.97306,3.016,13.12,89.8,0
2026-07-02 21:52:58,lht65-20,52.2507,5.97306,3.016,13.18,89.5,0
2026-07-02 22:02:58,lht65-20,52.2507,5.97306,3.016,13.04,89.5,0
2026-07-02 22:12:57,lht65-20,52.2507,5.97306,3.016,12.92,89.8,0
2026-07-02 22:22:58,lht65-20,52.2507,5.97306,3.016,12.72,90.0,0
2026-07-02 22:32:57,lht65-20,52.2507,5.97306,3.016,12.64,90.6,0
2026-07-02 22:42:57,lht65-20,52.2507,5.97306,3.016,12.56,90.3,0
2026-07-02 22:52:58,lht65-20,52.2507,5.97306,3.016,12.32,90.7,0
2026-07-02 23:02:57,lht65-20,52.2507,5.97306,3.014,12.42,90.4,0
2026-07-02 23:12:57,lht65-20,52.2507,5.97306,3.014,12.38,89.8,0
2026-07-02 23:22:58,lht65-20,52.2507,5.97306,3.014,12.53,89.7,0
2026-07-02 23:32:57,lht65-20,52.2507,5.97306,3.014,12.59,89.2,0
2026-07-02 23:42:57,lht65-20,52.2507,5.97306,3.016,12.67,88.8,0
2026-07-02 23:52:58,lht65-20,52.2507,5.97306,3.012,12.56,88.7,0
2026-07-03 00:02:58,lht65-20,52.2507,5.97306,3.012,12.34,89.3,0
2026-07-03 00:22:58,lht65-20,52.2507,5.97306,3.014,12.14,89.7,0
2026-07-03 00:32:58,lht65-20,52.2507,5.97306,3.014,11.98,90.5,0
2026-07-03 00:42:58,lht65-20,52.2507,5.97306,3.014,12.05,90.6,0
2026-07-03 00:52:58,lht65-20,52.2507,5.97306,3.014,12.19,90.0,0
2026-07-03 01:02:58,lht65-20,52.2507,5.97306,3.014,12.27,89.6,0
2026-07-03 01:12:58,lht65-20,52.2507,5.97306,3.012,12.24,89.8,0
2026-07-03 01:22:58,lht65-20,52.2507,5.97306,3.012,12.11,90.2,0
2026-07-03 01:32:58,lht65-20,52.2507,5.97306,3.012,12.09,90.3,0
2026-07-03 01:42:58,lht65-20,52.2507,5.97306,3.014,12.05,90.6,0
2026-07-03 01:52:58,lht65-20,52.2507,5.97306,3.012,12.06,90.8,0
2026-07-03 02:02:58,lht65-20,52.2507,5.97306,3.012,11.98,90.9,0
2026-07-03 02:12:58,lht65-20,52.2507,5.97306,3.012,12.17,90.9,0
2026-07-03 02:22:58,lht65-20,52.2507,5.97306,3.012,12.15,90.5,0
2026-07-03 02:32:58,lht65-20,52.2507,5.97306,3.012,12.14,90.8,1
2026-07-03 02:42:58,lht65-20,52.2507,5.97306,3.012,12.2,90.8,5
2026-07-03 02:52:58,lht65-20,52.2507,5.97306,3.012,12.12,91.1,19
2026-07-03 03:02:58,lht65-20,52.2507,5.97306,3.012,12.21,90.9,57
2026-07-03 03:12:58,lht65-20,52.2507,5.97306,3.012,12.19,90.9,145
2026-07-03 03:22:58,lht65-20,52.2507,5.97306,3.012,12.23,90.9,300
2026-07-03 03:32:58,lht65-20,52.2507,5.97306,3.012,12.3,90.8,530
2026-07-03 03:42:58,lht65-20,52.2507,5.97306,3.012,12.38,90.7,838
2026-07-03 03:52:58,lht65-20,52.2507,5.97306,3.012,12.78,89.9,2236
2026-07-03 04:02:58,lht65-20,52.2507,5.97306,3.012,12.88,88.8,1750
2026-07-03 04:12:58,lht65-20,52.2507,5.97306,3.014,13.3,88.4,4870
2026-07-03 04:22:58,lht65-20,52.2507,5.97306,3.014,14.09,85.4,6374
2026-07-03 04:32:58,lht65-20,52.2507,5.97306,3.014,14.62,83.2,7896
2026-07-03 04:42:58,lht65-20,52.2507,5.97306,3.014,15.03,81.6,9160
2026-07-03 04:52:58,lht65-20,52.2507,5.97306,3.016,15.4,80.5,10633
2026-07-03 05:02:58,lht65-20,52.2507,5.97306,3.016,15.8,79.5,11845
2026-07-03 05:12:58,lht65-20,52.2507,5.97306,3.016,16.31,78.6,13133
2026-07-03 05:22:58,lht65-20,52.2507,5.97306,3.016,16.56,77.7,14267
2026-07-03 05:32:58,lht65-20,52.2507,5.97306,3.018,16.89,75.8,15380
2026-07-03 05:42:58,lht65-20,52.2507,5.97306,3.018,17.05,75.1,16460
2026-07-03 05:52:58,lht65-20,52.2507,5.97306,3.018,17.31,75.3,17785
2026-07-03 06:02:58,lht65-20,52.2507,5.97306,3.018,17.43,75.5,18835
2026-07-03 06:12:58,lht65-20,52.2507,5.97306,3.018,17.79,74.8,19751
2026-07-03 06:22:58,lht65-20,52.2507,5.97306,3.018,17.98,73.5,20618
2026-07-03 06:32:58,lht65-20,52.2507,5.97306,3.018,18.16,73.6,21294
2026-07-03 06:42:58,lht65-20,52.2507,5.97306,3.018,18.56,73.0,22086
2026-07-03 06:52:58,lht65-20,52.2507,5.97306,3.019,18.83,71.4,23248
2026-07-03 07:02:58,lht65-20,52.2507,5.97306,3.018,19.04,69.4,24358
2026-07-03 07:12:58,lht65-20,52.2507,5.97306,3.019,19.37,66.9,27518
2026-07-03 07:22:58,lht65-20,52.2507,5.97306,3.018,19.47,63.0,32355
2026-07-03 07:32:58,lht65-20,52.2507,5.97306,3.019,19.22,62.7,8016
2026-07-03 07:42:58,lht65-20,52.2507,5.97306,3.018,18.38,67.3,8499
2026-07-03 07:52:58,lht65-20,52.2507,5.97306,3.019,18.98,68.1,9043
2026-07-03 08:02:58,lht65-20,52.2507,5.97306,3.018,18.36,67.9,5601
2026-07-03 08:12:58,lht65-20,52.2507,5.97306,3.018,17.98,68.6,4199
2026-07-03 08:22:58,lht65-20,52.2507,5.97306,3.018,17.91,70.8,10948
2026-07-03 08:32:58,lht65-20,52.2507,5.97306,3.018,18.38,72.7,13247
2026-07-03 08:42:58,lht65-20,52.2507,5.97306,3.018,19.42,68.4,22700
2026-07-03 08:52:58,lht65-20,52.2507,5.97306,3.018,18.89,66.8,11290
2026-07-03 09:02:58,lht65-20,52.2507,5.97306,3.019,19.22,67.5,18900
2026-07-03 09:12:58,lht65-20,52.2507,5.97306,3.019,19.93,66.4,41129
2026-07-03 09:22:58,lht65-20,52.2507,5.97306,3.019,20.98,60.6,37800
2026-07-03 09:32:58,lht65-20,52.2507,5.97306,3.021,20.84,59.4,16255
2026-07-03 09:42:58,lht65-20,52.2507,5.97306,3.019,20.31,60.8,8846
2026-07-03 10:02:58,lht65-20,52.2507,5.97306,3.019,20.91,60.0,45117
2026-07-03 10:12:58,lht65-20,52.2507,5.97306,3.019,20.29,60.1,14293
2026-07-03 10:22:58,lht65-20,52.2507,5.97306,3.021,20.88,57.1,30209
2026-07-03 10:32:58,lht65-20,52.2507,5.97306,3.019,20.63,59.8,40880
2026-07-03 10:42:58,lht65-20,52.2507,5.97306,3.021,21.28,54.5,13909
2026-07-03 10:52:58,lht65-20,52.2507,5.97306,3.019,20.5,54.3,39241
2026-07-03 11:02:58,lht65-20,52.2507,5.97306,3.019,21.19,53.2,14336
2026-07-03 11:12:58,lht65-20,52.2507,5.97306,3.019,21.5,55.4,39423
2026-07-03 11:22:58,lht65-20,52.2507,5.97306,3.019,21.82,52.7,27107
2026-07-03 11:32:58,lht65-20,52.2507,5.97306,3.019,21.4,52.0,13016
2026-07-03 11:42:58,lht65-20,52.2507,5.97306,3.019,21.66,55.9,12203
2026-07-03 11:52:58,lht65-20,52.2507,5.97306,3.021,21.08,53.2,39767
2026-07-03 12:02:58,lht65-20,52.2507,5.97306,3.021,21.9,53.1,16946
2026-07-03 12:12:58,lht65-20,52.2507,5.97306,3.021,21.5,54.5,42886
2026-07-03 12:22:58,lht65-20,52.2507,5.97306,3.021,22.3,52.5,12886
2026-07-03 12:42:58,lht65-20,52.2507,5.97306,3.019,22.3,50.4,40208
2026-07-03 12:52:58,lht65-20,52.2507,5.97306,3.021,22.16,51.2,35507
2026-07-03 13:02:58,lht65-20,52.2507,5.97306,3.021,22.83,50.2,29760
2026-07-03 13:12:58,lht65-20,52.2507,5.97306,3.021,22.41,53.8,22270
2026-07-03 13:22:58,lht65-20,52.2507,5.97306,3.021,21.85,51.1,33441
2026-07-03 13:32:58,lht65-20,52.2507,5.97306,3.021,21.85,52.3,38788
2026-07-03 13:42:58,lht65-20,52.2507,5.97306,3.023,22.24,52.9,39963
2026-07-03 13:52:57,lht65-20,52.2507,5.97306,3.019,21.65,53.4,14150
2026-07-03 14:12:57,lht65-20,52.2507,5.97306,3.021,20.97,55.2,12656
2026-07-03 14:22:57,lht65-20,52.2507,5.97306,3.021,21.55,52.9,36159
2026-07-03 14:32:57,lht65-20,52.2507,5.97306,3.021,21.6,53.6,34878
2026-07-03 14:42:57,lht65-20,52.2507,5.97306,3.023,22.41,56.3,33489
2026-07-03 14:52:58,lht65-20,52.2507,5.97306,3.021,22.04,51.2,33458
2026-07-03 15:02:58,lht65-20,52.2507,5.97306,3.021,22.1,50.1,32781
2026-07-03 15:12:58,lht65-20,52.2507,5.97306,3.023,21.52,53.2,11138
2026-07-03 15:22:58,lht65-20,52.2507,5.97306,3.021,21.15,50.9,9910
2026-07-03 15:32:58,lht65-20,52.2507,5.97306,3.021,20.72,55.1,19150
2026-07-03 15:42:57,lht65-20,52.2507,5.97306,3.019,21.81,54.8,8185
2026-07-03 15:52:57,lht65-20,52.2507,5.97306,3.021,21.88,54.6,9170
2026-07-03 16:02:57,lht65-20,52.2507,5.97306,3.021,21.7,53.1,24365
2026-07-03 16:12:57,lht65-20,52.2507,5.97306,3.023,21.09,53.8,9266
2026-07-03 16:22:57,lht65-20,52.2507,5.97306,3.023,21.22,53.9,25880
2026-07-03 16:32:58,lht65-20,52.2507,5.97306,3.021,21.01,53.1,22866
2026-07-03 16:42:58,lht65-20,52.2507,5.97306,3.021,21.43,52.1,20883
2026-07-03 16:52:57,lht65-20,52.2507,5.97306,3.019,21.28,52.2,23229
2026-07-03 17:02:57,lht65-20,52.2507,5.97306,3.021,20.73,54.1,22342
2026-07-03 17:12:57,lht65-20,52.2507,5.97306,3.021,20.83,54.6,20325
2026-07-03 17:22:57,lht65-20,52.2507,5.97306,3.021,20.63,54.0,17372
2026-07-03 17:32:58,lht65-20,52.2507,5.97306,3.019,20.6,53.8,17759
2026-07-03 17:42:58,lht65-20,52.2507,5.97306,3.019,20.31,51.5,13840
2026-07-03 17:52:58,lht65-20,52.2507,5.97306,3.021,19.76,53.5,16735
2026-07-03 18:02:58,lht65-20,52.2507,5.97306,3.019,19.89,56.1,14170
2026-07-03 18:12:57,lht65-20,52.2507,5.97306,3.018,19.65,56.0,12501
2026-07-03 18:22:58,lht65-20,52.2507,5.97306,3.019,19.64,55.8,11624
2026-07-03 18:32:57,lht65-20,52.2507,5.97306,3.019,19.17,58.5,7920
2026-07-03 18:42:57,lht65-20,52.2507,5.97306,3.018,18.51,59.0,7334
2026-07-03 18:52:58,lht65-20,52.2507,5.97306,3.018,18.16,60.0,5193
2026-07-03 19:02:57,lht65-20,52.2507,5.97306,3.018,17.55,62.4,3015
2026-07-03 19:12:58,lht65-20,52.2507,5.97306,3.018,16.96,65.5,2161
2026-07-03 19:22:58,lht65-20,52.2507,5.97306,3.018,16.5,66.4,1608
2026-07-03 19:32:57,lht65-20,52.2507,5.97306,3.018,16.13,68.8,1221
2026-07-03 19:42:58,lht65-20,52.2507,5.97306,3.016,15.8,69.9,730
2026-07-03 19:52:57,lht65-20,52.2507,5.97306,3.016,15.35,72.4,359
2026-07-03 20:02:57,lht65-20,52.2507,5.97306,3.016,14.86,75.0,154
2026-07-03 20:12:58,lht65-20,52.2507,5.97306,3.014,14.25,77.6,67
2026-07-03 20:22:58,lht65-20,52.2507,5.97306,3.014,13.75,79.5,24
2026-07-03 20:32:58,lht65-20,52.2507,5.97306,3.012,13.37,82.0,7
2026-07-03 20:42:58,lht65-20,52.2507,5.97306,3.012,12.84,84.0,1
2026-07-03 20:52:57,lht65-20,52.2507,5.97306,3.012,12.29,86.2,0
2026-07-03 21:02:57,lht65-20,52.2507,5.97306,3.012,12.02,87.3,0
2026-07-03 21:12:57,lht65-20,52.2507,5.97306,3.012,11.7,87.7,0
2026-07-03 21:22:57,lht65-20,52.2507,5.97306,3.009,11.38,90.0,0
2026-07-03 21:32:58,lht65-20,52.2507,5.97306,3.009,11.24,91.1,0
2026-07-03 21:42:57,lht65-20,52.2507,5.97306,3.009,10.96,91.1,0
2026-07-03 21:52:58,lht65-20,52.2507,5.97306,3.009,10.61,91.9,0
2026-07-03 22:02:58,lht65-20,52.2507,5.97306,3.009,10.86,93.4,0
2026-07-03 22:12:57,lht65-20,52.2507,5.97306,3.009,10.95,93.1,0
2026-07-03 22:22:58,lht65-20,52.2507,5.97306,3.009,10.75,92.9,0
2026-07-03 22:32:57,lht65-20,52.2507,5.97306,3.009,10.72,93.6,0
2026-07-03 22:42:57,lht65-20,52.2507,5.97306,3.009,10.61,93.9,0
2026-07-03 22:52:58,lht65-20,52.2507,5.97306,3.007,10.42,94.4,0
2026-07-03 23:02:57,lht65-20,52.2507,5.97306,3.007,10.46,95.1,0
2026-07-03 23:12:58,lht65-20,52.2507,5.97306,3.009,10.33,95.2,0
2026-07-03 23:22:58,lht65-20,52.2507,5.97306,3.009,10.1,95.2,0
2026-07-03 23:32:58,lht65-20,52.2507,5.97306,3.009,9.99,95.5,0
2026-07-03 23:42:58,lht65-20,52.2507,5.97306,3.007,10.03,95.9,0
2026-07-03 23:52:58,lht65-20,52.2507,5.97306,3.003,10.17,96.3,0
2026-07-04 00:02:58,lht65-20,52.2507,5.97306,3.005,10.34,96.6,0
2026-07-04 00:12:58,lht65-20,52.2507,5.97306,3.005,10.59,96.9,0
2026-07-04 00:22:58,lht65-20,52.2507,5.97306,3.009,10.75,97.1,0
2026-07-04 00:32:58,lht65-20,52.2507,5.97306,3.007,10.85,97.2,0
2026-07-04 00:42:58,lht65-20,52.2507,5.97306,3.009,10.87,97.4,0
2026-07-04 00:52:58,lht65-20,52.2507,5.97306,3.007,10.86,97.4,0
2026-07-04 01:02:58,lht65-20,52.2507,5.97306,3.009,11.03,97.4,0
2026-07-04 01:12:58,lht65-20,52.2507,5.97306,3.007,11.48,97.1,0
2026-07-04 01:22:58,lht65-20,52.2507,5.97306,3.009,12.08,93.9,0
2026-07-04 01:32:58,lht65-20,52.2507,5.97306,3.009,12.52,88.6,0
2026-07-04 01:42:58,lht65-20,52.2507,5.97306,3.012,12.74,87.1,0
2026-07-04 01:52:58,lht65-20,52.2507,5.97306,3.009,12.98,85.8,0
2026-07-04 02:02:58,lht65-20,52.2507,5.97306,3.009,13.24,84.4,0
2026-07-04 02:12:58,lht65-20,52.2507,5.97306,3.012,13.18,84.2,0
2026-07-04 02:22:58,lht65-20,52.2507,5.97306,3.009,13.12,84.5,0
2026-07-04 02:32:58,lht65-20,52.2507,5.97306,3.009,13.31,83.9,0
2026-07-04 02:42:58,lht65-20,52.2507,5.97306,3.012,13.72,82.6,2
2026-07-04 02:52:58,lht65-20,52.2507,5.97306,3.012,13.82,82.8,7
2026-07-04 03:02:58,lht65-20,52.2507,5.97306,3.012,13.82,82.8,25
2026-07-04 03:12:58,lht65-20,52.2507,5.97306,3.01,13.82,82.7,80
2026-07-04 03:22:58,lht65-20,52.2507,5.97306,3.012,13.9,81.9,170
2026-07-04 03:32:58,lht65-20,52.2507,5.97306,3.012,13.97,81.4,298
2026-07-04 03:42:58,lht65-20,52.2507,5.97306,3.01,13.97,80.7,446
2026-07-04 03:52:59,lht65-20,52.2507,5.97306,3.012,14.14,79.0,666
2026-07-04 04:02:58,lht65-20,52.2507,5.97306,3.012,14.41,77.8,1183
2026-07-04 04:12:58,lht65-20,52.2507,5.97306,3.012,14.81,76.9,2052
2026-07-04 04:22:58,lht65-20,52.2507,5.97306,3.012,15.04,76.5,2525
2026-07-04 04:32:58,lht65-20,52.2507,5.97306,3.012,15.35,75.7,3050
2026-07-04 04:42:58,lht65-20,52.2507,5.97306,3.012,15.66,74.4,2727
2026-07-04 04:52:58,lht65-20,52.2507,5.97306,3.012,15.98,73.4,3271
2026-07-04 05:02:59,lht65-20,52.2507,5.97306,3.012,16.23,72.3,3914
2026-07-04 05:12:58,lht65-20,52.2507,5.97306,3.012,16.37,71.4,6490
2026-07-04 05:22:58,lht65-20,52.2507,5.97306,3.012,16.36,72.1,5096
2026-07-04 05:32:58,lht65-20,52.2507,5.97306,3.012,16.37,72.2,11070
2026-07-04 05:42:58,lht65-20,52.2507,5.97306,3.014,16.83,70.4,7668
2026-07-04 05:52:58,lht65-20,52.2507,5.97306,3.012,16.97,70.2,9027
2026-07-04 06:02:58,lht65-20,52.2507,5.97306,3.012,17.31,70.6,8800
2026-07-04 06:12:58,lht65-20,52.2507,5.97306,3.014,17.64,69.7,16903
2026-07-04 06:22:58,lht65-20,52.2507,5.97306,3.012,18.14,68.6,18070
2026-07-04 06:32:58,lht65-20,52.2507,5.97306,3.014,18.57,67.9,19480
2026-07-04 06:42:58,lht65-20,52.2507,5.97306,3.014,19.02,67.2,24385
2026-07-04 06:52:58,lht65-20,52.2507,5.97306,3.016,19.17,68.5,19400
2026-07-04 07:02:58,lht65-20,52.2507,5.97306,3.016,19.54,66.6,19828
2026-07-04 07:22:58,lht65-20,52.2507,5.97306,3.016,19.99,65.8,16415
2026-07-04 07:32:58,lht65-20,52.2507,5.97306,3.016,19.8,67.2,17212
2026-07-04 07:42:58,lht65-20,52.2507,5.97306,3.016,20.17,66.7,27895
2026-07-04 08:02:58,lht65-20,52.2507,5.97306,3.016,21.15,66.0,29401
2026-07-04 08:12:58,lht65-20,52.2507,5.97306,3.018,21.86,67.5,28266
2026-07-04 08:22:58,lht65-20,52.2507,5.97306,3.018,22.24,61.2,29381
2026-07-04 08:32:58,lht65-20,52.2507,5.97306,3.018,22.54,63.7,29626
2026-07-04 08:42:58,lht65-20,52.2507,5.97306,3.018,22.8,61.9,30713
2026-07-04 08:52:58,lht65-20,52.2507,5.97306,3.019,23.02,62.6,27641
2026-07-04 09:02:58,lht65-20,52.2507,5.97306,3.018,23.07,60.8,26734
2026-07-04 09:12:58,lht65-20,52.2507,5.97306,3.018,23.04,59.2,38882
2026-07-04 09:22:58,lht65-20,52.2507,5.97306,3.018,23.54,56.0,29249
2026-07-04 09:32:58,lht65-20,52.2507,5.97306,3.019,23.79,53.5,37513
2026-07-04 09:42:58,lht65-20,52.2507,5.97306,3.018,23.89,53.0,9620
2026-07-04 09:52:58,lht65-20,52.2507,5.97306,3.019,24.51,52.2,25511
2026-07-04 10:02:58,lht65-20,52.2507,5.97306,3.021,24.67,49.7,20270
2026-07-04 10:12:58,lht65-20,52.2507,5.97306,3.019,24.4,51.5,43896
2026-07-04 10:22:58,lht65-20,52.2507,5.97306,3.019,24.5,50.7,27040
2026-07-04 10:32:58,lht65-20,52.2507,5.97306,3.019,24.58,51.4,53246
2026-07-04 10:42:58,lht65-20,52.2507,5.97306,3.019,24.83,48.3,42515
2026-07-04 11:02:58,lht65-20,52.2507,5.97306,3.019,25.17,49.4,47539
2026-07-04 11:12:58,lht65-20,52.2507,5.97306,3.019,25.48,49.7,22326
2026-07-04 11:22:58,lht65-20,52.2507,5.97306,3.019,24.35,54.0,24008
2026-07-04 11:32:58,lht65-20,52.2507,5.97306,3.019,24.12,55.5,15115
2026-07-04 11:42:58,lht65-20,52.2507,5.97306,3.019,23.95,57.4,19570
2026-07-04 11:52:57,lht65-20,52.2507,5.97306,3.021,23.99,57.5,36155
2026-07-04 12:02:58,lht65-20,52.2507,5.97306,3.021,24.4,57.8,24952
2026-07-04 12:12:58,lht65-20,52.2507,5.97306,3.021,24.01,57.3,17470
2026-07-04 12:22:58,lht65-20,52.2507,5.97306,3.021,24.13,59.8,29457
2026-07-04 12:32:58,lht65-20,52.2507,5.97306,3.019,24.04,60.6,25812
2026-07-04 12:42:58,lht65-20,52.2507,5.97306,3.021,23.52,60.1,15865
2026-07-04 12:52:58,lht65-20,52.2507,5.97306,3.018,23.21,60.4,15806
2026-07-04 13:02:58,lht65-20,52.2507,5.97306,3.019,23.15,60.3,22012
2026-07-04 13:12:58,lht65-20,52.2507,5.97306,3.019,23.49,59.2,19818
2026-07-04 13:22:58,lht65-20,52.2507,5.97306,3.021,23.87,58.8,20600
2026-07-04 13:32:58,lht65-20,52.2507,5.97306,3.019,24.01,58.1,24950
2026-07-04 13:42:58,lht65-20,52.2507,5.97306,3.021,23.67,59.3,45708
2026-07-04 13:52:58,lht65-20,52.2507,5.97306,3.019,23.23,61.3,15740
2026-07-04 14:02:58,lht65-20,52.2507,5.97306,3.021,23.01,61.3,11840
2026-07-04 14:12:58,lht65-20,52.2507,5.97306,3.019,22.57,63.4,6578
2026-07-04 14:22:58,lht65-20,52.2507,5.97306,3.019,22.44,66.1,17586
2026-07-04 14:32:57,lht65-20,52.2507,5.97306,3.021,22.51,66.4,19990
2026-07-04 14:42:58,lht65-20,52.2507,5.97306,3.019,22.39,63.6,9109
2026-07-04 14:52:58,lht65-20,52.2507,5.97306,3.019,21.9,66.6,8345
2026-07-04 15:02:58,lht65-20,52.2507,5.97306,3.019,21.76,66.9,12660
2026-07-04 15:12:58,lht65-20,52.2507,5.97306,3.019,22.13,66.0,16000
2026-07-04 15:22:58,lht65-20,52.2507,5.97306,3.021,21.87,67.1,12500
2026-07-04 15:32:57,lht65-20,52.2507,5.97306,3.018,21.81,67.3,9327
2026-07-04 15:42:58,lht65-20,52.2507,5.97306,3.019,21.66,65.8,10272
2026-07-04 15:52:57,lht65-20,52.2507,5.97306,3.019,21.73,65.7,11198
2026-07-04 16:02:58,lht65-20,52.2507,5.97306,3.019,21.68,65.8,9661
2026-07-04 16:12:58,lht65-20,52.2507,5.97306,3.019,21.55,66.0,9082
2026-07-04 16:22:58,lht65-20,52.2507,5.97306,3.021,21.53,67.0,7741
2026-07-04 16:32:58,lht65-20,52.2507,5.97306,3.019,21.49,66.8,6829
2026-07-04 16:42:58,lht65-20,52.2507,5.97306,3.019,21.35,65.8,5855
2026-07-04 16:52:57,lht65-20,52.2507,5.97306,3.019,21.34,66.6,5373
2026-07-04 17:02:58,lht65-20,52.2507,5.97306,3.019,21.3,67.1,4010
2026-07-04 17:22:58,lht65-20,52.2507,5.97306,3.019,20.94,68.0,1301
2026-07-04 17:32:58,lht65-20,52.2507,5.97306,3.019,20.73,70.0,854
2026-07-04 17:42:57,lht65-20,52.2507,5.97306,3.018,20.5,72.7,764
2026-07-04 17:52:58,lht65-20,52.2507,5.97306,3.018,19.91,75.0,1233
2026-07-04 18:02:58,lht65-20,52.2507,5.97306,3.018,19.27,79.8,1195
2026-07-04 18:12:57,lht65-20,52.2507,5.97306,3.018,18.86,83.4,516
2026-07-04 18:22:57,lht65-20,52.2507,5.97306,3.018,18.6,85.2,764
2026-07-04 18:42:57,lht65-20,52.2507,5.97306,3.018,18.42,86.8,250
2026-07-04 18:52:58,lht65-20,52.2507,5.97306,3.018,18.29,87.2,157
2026-07-04 19:02:58,lht65-20,52.2507,5.97306,3.016,18.17,88.8,461
2026-07-04 19:12:58,lht65-20,52.2507,5.97306,3.016,18.1,90.0,565
2026-07-04 19:22:57,lht65-20,52.2507,5.97306,3.016,18.06,91.6,245
2026-07-04 19:32:58,lht65-20,52.2507,5.97306,3.016,18.02,92.9,339
2026-07-04 19:42:58,lht65-20,52.2507,5.97306,3.016,17.94,92.6,178
2026-07-04 19:52:58,lht65-20,52.2507,5.97306,3.018,17.94,91.0,170
2026-07-04 20:02:57,lht65-20,52.2507,5.97306,3.016,17.95,90.4,66
2026-07-04 20:12:57,lht65-20,52.2507,5.97306,3.016,18.06,89.1,39
2026-07-04 20:22:57,lht65-20,52.2507,5.97306,3.016,18.19,87.4,17
2026-07-04 20:32:58,lht65-20,52.2507,5.97306,3.018,18.13,86.9,4
2026-07-04 20:42:59,lht65-20,52.2507,5.97306,3.016,18.06,87.0,0
2026-07-04 20:52:57,lht65-20,52.2507,5.97306,3.016,18.15,86.6,0
2026-07-04 21:02:58,lht65-20,52.2507,5.97306,3.016,18.0,86.6,0
2026-07-04 21:12:58,lht65-20,52.2507,5.97306,3.016,17.86,86.9,0
2026-07-04 21:22:57,lht65-20,52.2507,5.97306,3.016,17.82,86.9,0
2026-07-04 21:32:58,lht65-20,52.2507,5.97306,3.016,17.74,87.4,0
2026-07-04 21:42:57,lht65-20,52.2507,5.97306,3.016,17.8,87.1,0
2026-07-04 21:52:57,lht65-20,52.2507,5.97306,3.016,17.79,86.9,0
2026-07-04 22:02:58,lht65-20,52.2507,5.97306,3.016,17.79,86.8,0
2026-07-04 22:12:57,lht65-20,52.2507,5.97306,3.016,17.69,87.2,0
2026-07-04 22:22:58,lht65-20,52.2507,5.97306,3.016,17.69,87.2,0
2026-07-04 22:32:58,lht65-20,52.2507,5.97306,3.016,17.76,87.5,0
2026-07-04 22:42:57,lht65-20,52.2507,5.97306,3.014,17.94,87.1,0
2026-07-04 22:52:58,lht65-20,52.2507,5.97306,3.014,18.07,86.4,0
2026-07-04 23:02:57,lht65-20,52.2507,5.97306,3.016,18.12,86.2,0
2026-07-04 23:12:57,lht65-20,52.2507,5.97306,3.016,18.14,86.0,0
2026-07-04 23:22:58,lht65-20,52.2507,5.97306,3.016,18.06,85.7,0
2026-07-04 23:32:58,lht65-20,52.2507,5.97306,3.016,17.99,85.7,0
2026-07-04 23:42:57,lht65-20,52.2507,5.97306,3.016,17.97,85.6,0
2026-07-04 23:52:58,lht65-20,52.2507,5.97306,3.016,17.88,85.6,0
2026-07-05 00:02:57,lht65-20,52.2507,5.97306,3.016,17.67,86.1,0
2026-07-05 00:13:02,lht65-20,52.2507,5.97306,3.016,17.64,86.3,0
2026-07-05 00:22:57,lht65-20,52.2507,5.97306,3.016,17.57,86.4,0
2026-07-05 00:32:57,lht65-20,52.2507,5.97306,3.016,17.62,86.4,0
2026-07-05 00:42:58,lht65-20,52.2507,5.97306,3.016,17.67,86.4,0
2026-07-05 00:53:02,lht65-20,52.2507,5.97306,3.014,17.66,86.5,0
2026-07-05 01:02:58,lht65-20,52.2507,5.97306,3.016,17.66,86.6,0
2026-07-05 01:12:58,lht65-20,52.2507,5.97306,3.016,17.53,87.1,0
2026-07-05 01:22:57,lht65-20,52.2507,5.97306,3.016,17.46,87.2,0
2026-07-05 01:32:57,lht65-20,52.2507,5.97306,3.016,17.29,87.8,0
2026-07-05 01:42:57,lht65-20,52.2507,5.97306,3.016,17.26,88.3,0
2026-07-05 01:52:57,lht65-20,52.2507,5.97306,3.016,17.14,88.4,0
2026-07-05 02:02:58,lht65-20,52.2507,5.97306,3.014,17.08,88.7,0
2026-07-05 02:12:57,lht65-20,52.2507,5.97306,3.014,17.01,88.9,0
2026-07-05 02:22:58,lht65-20,52.2507,5.97306,3.014,16.86,89.2,0
2026-07-05 02:32:58,lht65-20,52.2507,5.97306,3.014,16.65,90.2,0
2026-07-05 02:42:57,lht65-20,52.2507,5.97306,3.014,16.59,91.0,2
2026-07-05 02:52:58,lht65-20,52.2507,5.97306,3.014,16.63,91.1,8
2026-07-05 03:02:57,lht65-20,52.2507,5.97306,3.014,16.59,91.2,30
2026-07-05 03:12:58,lht65-20,52.2507,5.97306,3.012,16.56,91.3,92
2026-07-05 03:22:57,lht65-20,52.2507,5.97306,3.016,16.5,91.5,211
2026-07-05 03:32:58,lht65-20,52.2507,5.97306,3.012,16.46,91.6,382
2026-07-05 03:42:57,lht65-20,52.2507,5.97306,3.014,16.36,91.8,598
2026-07-05 03:52:58,lht65-20,52.2507,5.97306,3.012,16.35,92.1,801
2026-07-05 04:02:57,lht65-20,52.2507,5.97306,3.014,16.54,92.1,922
2026-07-05 04:12:57,lht65-20,52.2507,5.97306,3.012,16.8,91.3,1894
2026-07-05 04:22:57,lht65-20,52.2507,5.97306,3.014,17.09,90.2,2005
2026-07-05 04:32:58,lht65-20,52.2507,5.97306,3.014,17.47,89.9,3895
2026-07-05 04:42:58,lht65-20,52.2507,5.97306,3.014,17.41,89.2,2640
2026-07-05 04:52:57,lht65-20,52.2507,5.97306,3.014,17.36,89.6,2473
2026-07-05 05:02:58,lht65-20,52.2507,5.97306,3.014,17.41,89.7,3957
2026-07-05 05:12:57,lht65-20,52.2507,5.97306,3.014,17.67,89.3,3825
2026-07-05 05:22:57,lht65-20,52.2507,5.97306,3.014,18.0,88.4,6820
2026-07-05 05:32:57,lht65-20,52.2507,5.97306,3.016,18.22,87.1,9868
2026-07-05 05:42:57,lht65-20,52.2507,5.97306,3.014,19.31,84.3,9155
2026-07-05 05:52:57,lht65-20,52.2507,5.97306,3.016,19.13,84.0,9600
2026-07-05 06:02:57,lht65-20,52.2507,5.97306,3.016,19.62,82.9,9492
2026-07-05 06:12:58,lht65-20,52.2507,5.97306,3.016,19.92,81.2,20587
2026-07-05 06:22:57,lht65-20,52.2507,5.97306,3.016,20.01,80.7,15290
2026-07-05 06:32:58,lht65-20,52.2507,5.97306,3.016,20.38,80.8,26013
2026-07-05 06:42:57,lht65-20,52.2507,5.97306,3.016,20.02,80.3,7004
2026-07-05 06:52:57,lht65-20,52.2507,5.97306,3.016,19.5,81.8,2425
2026-07-05 07:02:58,lht65-20,52.2507,5.97306,3.016,18.96,85.6,6987
2026-07-05 07:12:57,lht65-20,52.2507,5.97306,3.016,19.39,84.5,25465
2026-07-05 07:22:57,lht65-20,52.2507,5.97306,3.016,20.55,79.8,18293
2026-07-05 07:32:57,lht65-20,52.2507,5.97306,3.018,20.52,77.4,8915
2026-07-05 07:42:57,lht65-20,52.2507,5.97306,3.016,20.12,78.9,11484
2026-07-05 07:52:58,lht65-20,52.2507,5.97306,3.016,20.02,79.3,7413
2026-07-05 08:02:58,lht65-20,52.2507,5.97306,3.016,20.21,79.6,12335
2026-07-05 08:12:57,lht65-20,52.2507,5.97306,3.016,20.85,75.9,37505
2026-07-05 08:22:57,lht65-20,52.2507,5.97306,3.016,20.96,75.5,14735
2026-07-05 08:32:57,lht65-20,52.2507,5.97306,3.016,20.72,75.3,19127
2026-07-05 08:42:57,lht65-20,52.2507,5.97306,3.016,20.86,74.7,14340
2026-07-05 08:52:57,lht65-20,52.2507,5.97306,3.016,21.03,76.3,15806
2026-07-05 09:02:58,lht65-20,52.2507,5.97306,3.016,20.98,73.3,13165
2026-07-05 09:12:57,lht65-20,52.2507,5.97306,3.018,21.08,76.1,17635
2026-07-05 09:22:58,lht65-20,52.2507,5.97306,3.018,21.16,73.9,13313
2026-07-05 09:32:57,lht65-20,52.2507,5.97306,3.018,21.53,73.6,18168
2026-07-05 09:42:57,lht65-20,52.2507,5.97306,3.016,21.39,72.0,13542
2026-07-05 09:52:57,lht65-20,52.2507,5.97306,3.016,21.1,73.3,10494
2026-07-05 10:02:58,lht65-20,52.2507,5.97306,3.016,21.02,74.4,14300
2026-07-05 10:12:57,lht65-20,52.2507,5.97306,3.016,21.28,74.4,12256
2026-07-05 10:22:57,lht65-20,52.2507,5.97306,3.018,20.83,75.3,9306
2026-07-05 10:32:58,lht65-20,52.2507,5.97306,3.018,20.94,76.0,11913
2026-07-05 10:42:57,lht65-20,52.2507,5.97306,3.018,21.09,75.9,22892
2026-07-05 10:52:58,lht65-20,52.2507,5.97306,3.018,20.73,76.3,3790
2026-07-05 11:02:57,lht65-20,52.2507,5.97306,3.016,20.24,82.4,18540
2026-07-05 11:12:58,lht65-20,52.2507,5.97306,3.016,20.6,82.8,9883
2026-07-05 11:22:57,lht65-20,52.2507,5.97306,3.016,21.34,81.8,44210
2026-07-05 11:32:57,lht65-20,52.2507,5.97306,3.018,22.04,74.1,4730
2026-07-05 11:42:57,lht65-20,52.2507,5.97306,3.016,21.28,76.4,29619
2026-07-05 11:52:57,lht65-20,52.2507,5.97306,3.018,21.47,75.5,20072
2026-07-05 12:02:57,lht65-20,52.2507,5.97306,3.016,21.37,74.5,16888
2026-07-05 12:12:57,lht65-20,52.2507,5.97306,3.016,21.26,75.4,14938
2026-07-05 12:23:00,lht65-20,52.2507,5.97306,3.016,21.42,74.6,13987
2026-07-05 12:32:58,lht65-20,52.2507,5.97306,3.016,21.22,76.9,18558
2026-07-05 12:42:57,lht65-20,52.2507,5.97306,3.016,21.02,76.4,4619
2026-07-05 12:52:57,lht65-20,52.2507,5.97306,3.016,19.7,83.8,10208
2026-07-05 13:02:57,lht65-20,52.2507,5.97306,3.016,19.38,86.9,12486
2026-07-05 13:12:57,lht65-20,52.2507,5.97306,3.016,19.65,87.7,12399
2026-07-05 13:22:57,lht65-20,52.2507,5.97306,3.016,19.8,85.3,20526
2026-07-05 13:32:57,lht65-20,52.2507,5.97306,3.016,20.07,83.7,18725
2026-07-05 13:42:57,lht65-20,52.2507,5.97306,3.016,20.25,84.4,11895
2026-07-05 14:02:57,lht65-20,52.2507,5.97306,3.016,20.79,81.1,17060
2026-07-05 14:12:57,lht65-20,52.2507,5.97306,3.016,20.73,79.4,15108
2026-07-05 14:22:57,lht65-20,52.2507,5.97306,3.018,20.78,79.5,10255
2026-07-05 14:32:57,lht65-20,52.2507,5.97306,3.016,20.51,79.7,8600
2026-07-05 14:42:57,lht65-20,52.2507,5.97306,3.018,20.8,79.2,15673
2026-07-05 14:52:57,lht65-20,52.2507,5.97306,3.016,20.54,79.0,7011
2026-07-05 15:02:57,lht65-20,52.2507,5.97306,3.016,20.2,78.3,9715
2026-07-05 15:12:57,lht65-20,52.2507,5.97306,3.016,20.38,78.0,11320
2026-07-05 15:22:57,lht65-20,52.2507,5.97306,3.016,20.41,76.7,12850
2026-07-05 15:32:57,lht65-20,52.2507,5.97306,3.016,20.63,74.8,11852
2026-07-05 15:42:57,lht65-20,52.2507,5.97306,3.018,20.33,74.7,8207
2026-07-05 15:52:57,lht65-20,52.2507,5.97306,3.016,20.19,76.0,10348
2026-07-05 16:02:57,lht65-20,52.2507,5.97306,3.016,20.2,76.3,8840
2026-07-05 16:12:57,lht65-20,52.2507,5.97306,3.016,20.46,74.2,11821
2026-07-05 16:32:57,lht65-20,52.2507,5.97306,3.018,20.55,74.0,9590
2026-07-05 16:42:57,lht65-20,52.2507,5.97306,3.016,20.62,74.6,9070
2026-07-05 16:52:57,lht65-20,52.2507,5.97306,3.016,20.32,74.3,11809
2026-07-05 17:02:57,lht65-20,52.2507,5.97306,3.016,20.05,73.9,7085
2026-07-05 17:12:57,lht65-20,52.2507,5.97306,3.016,19.61,74.6,4553
2026-07-05 17:22:57,lht65-20,52.2507,5.97306,3.016,19.47,75.3,6481
2026-07-05 17:32:59,lht65-20,52.2507,5.97306,3.016,19.46,74.8,5210
2026-07-05 17:42:57,lht65-20,52.2507,5.97306,3.016,19.54,74.6,6305
2026-07-05 17:52:59,lht65-20,52.2507,5.97306,3.016,19.48,74.2,2610
2026-07-05 18:02:57,lht65-20,52.2507,5.97306,3.016,19.25,73.9,2564
2026-07-05 18:12:57,lht65-20,52.2507,5.97306,3.016,19.09,74.8,2025
2026-07-05 18:22:58,lht65-20,52.2507,5.97306,3.016,18.98,75.5,1892
2026-07-05 18:32:57,lht65-20,52.2507,5.97306,3.016,18.89,73.7,2006
2026-07-05 18:42:57,lht65-20,52.2507,5.97306,3.016,18.85,74.8,1842
2026-07-05 18:52:57,lht65-20,52.2507,5.97306,3.016,18.71,75.9,1047
2026-07-05 19:02:57,lht65-20,52.2507,5.97306,3.016,18.61,75.4,1266
2026-07-05 19:12:57,lht65-20,52.2507,5.97306,3.016,18.59,75.1,1348
2026-07-05 19:22:57,lht65-20,52.2507,5.97306,3.016,18.41,76.3,1105
2026-07-05 19:32:57,lht65-20,52.2507,5.97306,3.016,18.12,77.2,633
2026-07-05 19:42:57,lht65-20,52.2507,5.97306,3.014,18.03,77.5,396
2026-07-05 20:02:57,lht65-20,52.2507,5.97306,3.014,17.8,78.9,92
2026-07-05 20:12:57,lht65-20,52.2507,5.97306,3.014,17.62,79.8,45
2026-07-05 20:22:57,lht65-20,52.2507,5.97306,3.012,17.35,81.0,20
2026-07-05 20:32:57,lht65-20,52.2507,5.97306,3.014,16.98,82.3,5
2026-07-05 20:42:57,lht65-20,52.2507,5.97306,3.012,16.59,83.9,1
2026-07-05 20:52:57,lht65-20,52.2507,5.97306,3.012,16.29,85.0,0
2026-07-05 21:02:57,lht65-20,52.2507,5.97306,3.012,15.98,86.1,0
2026-07-05 21:12:57,lht65-20,52.2507,5.97306,3.012,15.8,87.1,0
2026-07-05 21:22:57,lht65-20,52.2507,5.97306,3.012,15.73,87.5,0
2026-07-05 21:32:57,lht65-20,52.2507,5.97306,3.012,15.64,88.0,0
2026-07-05 21:42:57,lht65-20,52.2507,5.97306,3.012,15.81,88.1,0
2026-07-05 21:52:57,lht65-20,52.2507,5.97306,3.012,15.99,87.5,0
2026-07-05 22:02:57,lht65-20,52.2507,5.97306,3.012,16.03,87.9,0
2026-07-05 22:12:57,lht65-20,52.2507,5.97306,3.012,16.04,88.0,0
2026-07-05 22:22:57,lht65-20,52.2507,5.97306,3.012,16.06,88.4,0
2026-07-05 22:32:58,lht65-20,52.2507,5.97306,3.012,16.11,88.2,0
2026-07-05 22:42:57,lht65-20,52.2507,5.97306,3.012,16.13,88.2,0
2026-07-05 22:52:57,lht65-20,52.2507,5.97306,3.012,16.23,87.7,0
2026-07-05 23:02:57,lht65-20,52.2507,5.97306,3.012,16.26,87.7,0
2026-07-05 23:12:57,lht65-20,52.2507,5.97306,3.012,16.21,88.1,0
2026-07-05 23:22:57,lht65-20,52.2507,5.97306,3.012,16.19,88.5,0
2026-07-05 23:32:57,lht65-20,52.2507,5.97306,3.012,16.25,88.5,0
2026-07-05 23:42:57,lht65-20,52.2507,5.97306,3.012,16.34,88.4,0
2026-07-05 23:52:57,lht65-20,52.2507,5.97306,3.012,16.41,88.1,0
2026-07-06 00:02:57,lht65-20,52.2507,5.97306,3.012,16.44,87.8,0
2026-07-06 00:12:57,lht65-20,52.2507,5.97306,3.012,16.49,87.6,0
2026-07-06 00:22:57,lht65-20,52.2507,5.97306,3.012,16.5,87.2,0
2026-07-06 00:32:57,lht65-20,52.2507,5.97306,3.012,16.56,86.8,0
2026-07-06 00:42:57,lht65-20,52.2507,5.97306,3.012,16.66,85.9,0
2026-07-06 00:52:58,lht65-20,52.2507,5.97306,3.012,16.69,85.9,0
2026-07-06 01:02:57,lht65-20,52.2507,5.97306,3.012,16.65,85.6,0
2026-07-06 01:12:57,lht65-20,52.2507,5.97306,3.012,16.63,85.7,0
2026-07-06 01:22:57,lht65-20,52.2507,5.97306,3.012,16.63,85.7,0
2026-07-06 01:32:57,lht65-20,52.2507,5.97306,3.012,16.63,86.0,0
2026-07-06 01:42:57,lht65-20,52.2507,5.97306,3.012,16.65,86.1,0
2026-07-06 01:52:57,lht65-20,52.2507,5.97306,3.012,16.63,86.2,0
2026-07-06 02:02:57,lht65-20,52.2507,5.97306,3.012,16.59,86.7,0
2026-07-06 02:12:57,lht65-20,52.2507,5.97306,3.012,16.65,87.3,0
2026-07-06 02:22:57,lht65-20,52.2507,5.97306,3.012,16.76,88.0,0
2026-07-06 02:32:57,lht65-20,52.2507,5.97306,3.012,16.89,88.8,0
2026-07-06 02:42:57,lht65-20,52.2507,5.97306,3.012,16.97,89.0,0
2026-07-06 02:52:57,lht65-20,52.2507,5.97306,3.012,17.01,88.9,3
2026-07-06 03:02:57,lht65-20,52.2507,5.97306,3.012,17.01,89.4,10
2026-07-06 03:12:57,lht65-20,52.2507,5.97306,3.012,17.07,89.7,27
2026-07-06 03:22:57,lht65-20,52.2507,5.97306,3.012,17.1,90.0,61
2026-07-06 03:32:57,lht65-20,52.2507,5.97306,3.012,17.09,90.3,157
2026-07-06 03:42:57,lht65-20,52.2507,5.97306,3.012,17.09,90.6,233
2026-07-06 03:52:57,lht65-20,52.2507,5.97306,3.012,17.16,90.6,427
2026-07-06 04:02:57,lht65-20,52.2507,5.97306,3.012,17.24,90.0,465
2026-07-06 04:12:57,lht65-20,52.2507,5.97306,3.012,17.35,89.4,421
2026-07-06 04:22:57,lht65-20,52.2507,5.97306,3.012,17.41,89.1,603
2026-07-06 04:42:58,lht65-20,52.2507,5.97306,3.012,17.6,88.4,1138
2026-07-06 04:52:57,lht65-20,52.2507,5.97306,3.012,17.72,87.7,1171
2026-07-06 05:02:57,lht65-20,52.2507,5.97306,3.012,17.79,87.7,1265
2026-07-06 05:12:58,lht65-20,52.2507,5.97306,3.012,17.83,87.7,1645
2026-07-06 05:22:57,lht65-20,52.2507,5.97306,3.012,17.92,87.4,2255
2026-07-06 05:32:57,lht65-20,52.2507,5.97306,3.012,18.09,87.3,3203
2026-07-06 05:42:57,lht65-20,52.2507,5.97306,3.012,18.27,87.4,3257
2026-07-06 05:52:57,lht65-20,52.2507,5.97306,3.012,18.48,87.3,4752
2026-07-06 06:03:02,lht65-20,52.2507,5.97306,3.012,18.6,87.1,5172
2026-07-06 06:12:57,lht65-20,52.2507,5.97306,3.014,18.54,88.4,3107
2026-07-06 06:22:57,lht65-20,52.2507,5.97306,3.014,18.45,89.2,3199
2026-07-06 06:32:58,lht65-20,52.2507,5.97306,3.012,18.48,89.1,4191
2026-07-06 06:42:57,lht65-20,52.2507,5.97306,3.012,18.64,89.2,5957
2026-07-06 06:52:57,lht65-20,52.2507,5.97306,3.012,18.94,88.6,6909
2026-07-06 07:02:57,lht65-20,52.2507,5.97306,3.012,19.2,87.9,7314
2026-07-06 07:12:57,lht65-20,52.2507,5.97306,3.012,19.47,87.4,8852
2026-07-06 07:22:58,lht65-20,52.2507,5.97306,3.012,19.83,86.8,10390
2026-07-06 07:32:57,lht65-20,52.2507,5.97306,3.014,19.96,85.7,6330
2026-07-06 07:42:57,lht65-20,52.2507,5.97306,3.012,20.03,85.6,7464
2026-07-06 07:52:57,lht65-20,52.2507,5.97306,3.012,20.22,85.0,6553
2026-07-06 08:03:00,lht65-20,52.2507,5.97306,3.016,20.33,84.2,6079
2026-07-06 08:12:59,lht65-20,52.2507,5.97306,3.014,20.46,83.3,6933
2026-07-06 08:22:57,lht65-20,52.2507,5.97306,3.014,20.78,81.8,10790
2026-07-06 08:32:57,lht65-20,52.2507,5.97306,3.016,21.1,80.0,11096
2026-07-06 08:42:57,lht65-20,52.2507,5.97306,3.016,21.41,77.9,14508
2026-07-06 08:52:57,lht65-20,52.2507,5.97306,3.016,21.74,74.7,26755
2026-07-06 09:02:57,lht65-20,52.2507,5.97306,3.014,22.16,72.9,14825
2026-07-06 09:12:57,lht65-20,52.2507,5.97306,3.016,22.3,71.2,21338
2026-07-06 09:22:57,lht65-20,52.2507,5.97306,3.016,22.79,67.4,25779
2026-07-06 09:32:57,lht65-20,52.2507,5.97306,3.016,22.92,67.7,25196
2026-07-06 09:42:57,lht65-20,52.2507,5.97306,3.016,23.39,62.4,22074
2026-07-06 09:52:57,lht65-20,52.2507,5.97306,3.016,23.06,66.4,21987
2026-07-06 10:02:57,lht65-20,52.2507,5.97306,3.016,23.79,63.9,30462
2026-07-06 10:12:57,lht65-20,52.2507,5.97306,3.018,24.72,60.0,15514
2026-07-06 10:23:03,lht65-20,52.2507,5.97306,3.016,24.84,60.7,25914
2026-07-06 10:32:58,lht65-20,52.2507,5.97306,3.018,24.81,57.9,34135
2026-07-06 10:42:57,lht65-20,52.2507,5.97306,3.016,24.91,58.3,46910
2026-07-06 10:52:57,lht65-20,52.2507,5.97306,3.018,25.16,59.5,32568
2026-07-06 11:02:57,lht65-20,52.2507,5.97306,3.018,25.14,58.3,24930
2026-07-06 11:12:57,lht65-20,52.2507,5.97306,3.018,25.28,56.0,26464
2026-07-06 11:22:57,lht65-20,52.2507,5.97306,3.018,25.11,55.1,26890
2026-07-06 11:32:58,lht65-20,52.2507,5.97306,3.018,25.01,55.8,28560
2026-07-06 11:42:57,lht65-20,52.2507,5.97306,3.018,25.41,57.3,23915
2026-07-06 11:52:57,lht65-20,52.2507,5.97306,3.018,24.77,56.5,20495
2026-07-06 12:02:57,lht65-20,52.2507,5.97306,3.018,24.78,57.4,26455
2026-07-06 12:12:57,lht65-20,52.2507,5.97306,3.018,25.32,59.3,24075
2026-07-06 12:22:57,lht65-20,52.2507,5.97306,3.018,25.05,55.8,20022
2026-07-06 12:32:57,lht65-20,52.2507,5.97306,3.016,24.55,56.0,26133
2026-07-06 12:42:57,lht65-20,52.2507,5.97306,3.019,24.75,57.6,23251
2026-07-06 12:52:57,lht65-20,52.2507,5.97306,3.019,25.56,55.5,40296
2026-07-06 13:02:57,lht65-20,52.2507,5.97306,3.018,26.23,54.8,38639
2026-07-06 13:12:57,lht65-20,52.2507,5.97306,3.018,26.35,53.7,23484
2026-07-06 13:22:58,lht65-20,52.2507,5.97306,3.019,25.99,54.7,36215
2026-07-06 13:32:57,lht65-20,52.2507,5.97306,3.018,26.06,56.3,32013
2026-07-06 13:42:57,lht65-20,52.2507,5.97306,3.019,26.02,55.6,33104
2026-07-06 13:52:57,lht65-20,52.2507,5.97306,3.019,26.05,56.0,32105
2026-07-06 14:02:57,lht65-20,52.2507,5.97306,3.018,26.27,52.0,31988
2026-07-06 14:12:57,lht65-20,52.2507,5.97306,3.018,26.12,52.9,31948
2026-07-06 14:22:58,lht65-20,52.2507,5.97306,3.019,26.27,53.3,28428
2026-07-06 14:32:57,lht65-20,52.2507,5.97306,3.019,25.79,52.2,11224
2026-07-06 14:42:57,lht65-20,52.2507,5.97306,3.019,24.84,54.8,23311
2026-07-06 14:52:57,lht65-20,52.2507,5.97306,3.018,24.99,53.7,24775
2026-07-06 15:02:57,lht65-20,52.2507,5.97306,3.018,25.4,52.6,30880
2026-07-06 15:12:57,lht65-20,52.2507,5.97306,3.019,25.68,50.4,24116
2026-07-06 15:22:57,lht65-20,52.2507,5.97306,3.019,25.26,53.2,25931
2026-07-06 15:32:57,lht65-20,52.2507,5.97306,3.019,25.65,54.4,27968
2026-07-06 15:42:57,lht65-20,52.2507,5.97306,3.019,25.59,53.7,27500
2026-07-06 15:52:57,lht65-20,52.2507,5.97306,3.019,25.68,48.2,24761
2026-07-06 16:02:57,lht65-20,52.2507,5.97306,3.019,25.78,48.3,26351
2026-07-06 16:12:57,lht65-20,52.2507,5.97306,3.019,26.01,49.5,24582
2026-07-06 16:23:03,lht65-20,52.2507,5.97306,3.019,26.04,47.8,25114
2026-07-06 16:32:57,lht65-20,52.2507,5.97306,3.019,26.09,48.0,23366
2026-07-06 16:42:57,lht65-20,52.2507,5.97306,3.019,26.35,48.7,20765
2026-07-06 16:52:57,lht65-20,52.2507,5.97306,3.019,26.15,50.0,21110
2026-07-06 17:02:57,lht65-20,52.2507,5.97306,3.019,26.33,50.6,22186
2026-07-06 17:12:57,lht65-20,52.2507,5.97306,3.019,26.12,50.1,20594
2026-07-06 17:22:57,lht65-20,52.2507,5.97306,3.019,26.05,50.2,16395
2026-07-06 17:32:57,lht65-20,52.2507,5.97306,3.021,25.79,51.3,11953
2026-07-06 17:42:57,lht65-20,52.2507,5.97306,3.023,25.93,51.4,19693
2026-07-06 17:52:58,lht65-20,52.2507,5.97306,3.021,26.24,51.2,9499
2026-07-06 18:03:03,lht65-20,52.2507,5.97306,3.021,26.11,51.9,14375
2026-07-06 18:12:57,lht65-20,52.2507,5.97306,3.021,26.45,53.7,11470
2026-07-06 18:22:57,lht65-20,52.2507,5.97306,3.021,26.03,54.6,7283
2026-07-06 18:32:57,lht65-20,52.2507,5.97306,3.021,25.42,57.5,3182
2026-07-06 18:42:57,lht65-20,52.2507,5.97306,3.021,24.62,60.3,2322
2026-07-06 18:52:57,lht65-20,52.2507,5.97306,3.019,23.89,62.3,1736
2026-07-06 19:02:57,lht65-20,52.2507,5.97306,3.021,23.42,62.3,1667
2026-07-06 19:12:57,lht65-20,52.2507,5.97306,3.019,23.21,62.3,1297
2026-07-06 19:22:57,lht65-20,52.2507,5.97306,3.019,22.78,66.7,867
2026-07-06 19:32:57,lht65-20,52.2507,5.97306,3.019,22.16,68.1,500
2026-07-06 19:42:57,lht65-20,52.2507,5.97306,3.018,21.47,72.0,283
2026-07-06 19:52:57,lht65-20,52.2507,5.97306,3.018,20.83,75.6,155
2026-07-06 20:02:57,lht65-20,52.2507,5.97306,3.018,20.41,79.4,78
2026-07-06 20:12:57,lht65-20,52.2507,5.97306,3.018,20.1,77.3,35
2026-07-06 20:22:58,lht65-20,52.2507,5.97306,3.018,20.28,74.7,12
2026-07-06 20:32:57,lht65-20,52.2507,5.97306,3.019,19.95,75.8,3
2026-07-06 20:42:57,lht65-20,52.2507,5.97306,3.016,19.46,78.4,0
2026-07-06 20:52:57,lht65-20,52.2507,5.97306,3.018,19.07,79.9,0
2026-07-06 21:02:57,lht65-20,52.2507,5.97306,3.018,18.99,80.3,0
2026-07-06 21:12:57,lht65-20,52.2507,5.97306,3.016,18.91,80.3,0
2026-07-06 21:22:57,lht65-20,52.2507,5.97306,3.018,18.95,80.9,0
2026-07-06 21:32:57,lht65-20,52.2507,5.97306,3.018,19.02,78.3,0
2026-07-06 21:42:57,lht65-20,52.2507,5.97306,3.016,19.47,76.0,0
2026-07-06 21:52:57,lht65-20,52.2507,5.97306,3.016,19.84,74.5,0
2026-07-06 22:02:57,lht65-20,52.2507,5.97306,3.018,19.88,73.9,0
2026-07-06 22:12:57,lht65-20,52.2507,5.97306,3.018,19.94,73.2,0
2026-07-06 22:22:57,lht65-20,52.2507,5.97306,3.018,19.81,73.4,0
2026-07-06 22:32:57,lht65-20,52.2507,5.97306,3.018,19.68,74.1,0
2026-07-06 22:42:57,lht65-20,52.2507,5.97306,3.018,19.46,75.4,0
2026-07-06 22:52:57,lht65-20,52.2507,5.97306,3.016,19.21,76.5,0
2026-07-06 23:02:57,lht65-20,52.2507,5.97306,3.018,18.98,77.9,0
2026-07-06 23:12:57,lht65-20,52.2507,5.97306,3.018,18.87,78.5,0
2026-07-06 23:22:57,lht65-20,52.2507,5.97306,3.016,18.84,78.7,0
2026-07-06 23:32:57,lht65-20,52.2507,5.97306,3.016,18.7,79.6,0
2026-07-06 23:42:57,lht65-20,52.2507,5.97306,3.016,18.45,80.5,0
2026-07-06 23:52:57,lht65-20,52.2507,5.97306,3.016,18.22,81.4,0
2026-07-07 00:02:57,lht65-20,52.2507,5.97306,3.016,18.01,82.2,0
2026-07-07 00:12:57,lht65-20,52.2507,5.97306,3.016,17.88,82.8,0
2026-07-07 00:22:57,lht65-20,52.2507,5.97306,3.016,17.6,83.5,0
2026-07-07 00:32:57,lht65-20,52.2507,5.97306,3.016,17.41,84.9,0
2026-07-07 00:52:58,lht65-20,52.2507,5.97306,3.016,17.57,85.1,0
2026-07-07 01:02:57,lht65-20,52.2507,5.97306,3.016,17.72,84.8,0
2026-07-07 01:12:57,lht65-20,52.2507,5.97306,3.014,17.64,85.2,0
2026-07-07 01:22:57,lht65-20,52.2507,5.97306,3.016,17.55,85.8,0
2026-07-07 01:32:57,lht65-20,52.2507,5.97306,3.016,17.35,86.3,0
2026-07-07 01:42:57,lht65-20,52.2507,5.97306,3.016,17.22,86.8,0
2026-07-07 01:52:57,lht65-20,52.2507,5.97306,3.014,17.03,87.9,0
2026-07-07 02:02:57,lht65-20,52.2507,5.97306,3.014,16.97,88.1,0
2026-07-07 02:12:57,lht65-20,52.2507,5.97306,3.014,16.87,88.8,0
2026-07-07 02:22:57,lht65-20,52.2507,5.97306,3.016,17.0,88.6,0
2026-07-07 02:32:57,lht65-20,52.2507,5.97306,3.014,16.95,87.9,0
2026-07-07 02:42:57,lht65-20,52.2507,5.97306,3.014,16.96,87.9,0
2026-07-07 02:52:58,lht65-20,52.2507,5.97306,3.014,16.99,87.3,3
2026-07-07 03:02:57,lht65-20,52.2507,5.97306,3.014,16.99,86.8,13
2026-07-07 03:12:57,lht65-20,52.2507,5.97306,3.014,17.08,84.9,41
2026-07-07 03:22:57,lht65-20,52.2507,5.97306,3.014,17.23,83.6,81
2026-07-07 03:32:57,lht65-20,52.2507,5.97306,3.016,17.41,82.5,149
2026-07-07 03:42:57,lht65-20,52.2507,5.97306,3.016,17.41,82.8,280
2026-07-07 03:52:57,lht65-20,52.2507,5.97306,3.014,17.31,83.5,540
2026-07-07 04:02:57,lht65-20,52.2507,5.97306,3.012,17.41,82.6,460
2026-07-07 04:12:57,lht65-20,52.2507,5.97306,3.014,17.48,82.2,625
2026-07-07 04:22:57,lht65-20,52.2507,5.97306,3.014,17.44,82.1,555
2026-07-07 04:32:57,lht65-20,52.2507,5.97306,3.014,17.74,80.5,515
2026-07-07 04:42:57,lht65-20,52.2507,5.97306,3.016,18.34,77.6,1401
2026-07-07 04:52:57,lht65-20,52.2507,5.97306,3.016,18.6,76.8,1838
2026-07-07 05:02:57,lht65-20,52.2507,5.97306,3.014,18.88,75.1,4352
2026-07-07 05:12:57,lht65-20,52.2507,5.97306,3.016,19.07,74.7,4405
2026-07-07 05:22:57,lht65-20,52.2507,5.97306,3.016,19.3,73.5,5010
2026-07-07 05:32:57,lht65-20,52.2507,5.97306,3.016,19.46,74.6,4972
2026-07-07 05:42:57,lht65-20,52.2507,5.97306,3.016,19.55,73.8,4638
2026-07-07 05:52:57,lht65-20,52.2507,5.97306,3.016,19.57,73.6,3893
2026-07-07 06:02:57,lht65-20,52.2507,5.97306,3.016,19.68,73.8,5276
2026-07-07 06:12:57,lht65-20,52.2507,5.97306,3.016,19.77,73.5,4877
2026-07-07 06:33:00,lht65-20,52.2507,5.97306,3.018,20.02,73.8,6770
2026-07-07 06:42:57,lht65-20,52.2507,5.97306,3.016,20.34,73.6,7435
2026-07-07 06:52:57,lht65-20,52.2507,5.97306,3.016,20.5,72.4,6304
2026-07-07 07:02:57,lht65-20,52.2507,5.97306,3.016,20.57,71.0,8352
2026-07-07 07:22:57,lht65-20,52.2507,5.97306,3.016,21.42,70.5,22416
2026-07-07 07:32:57,lht65-20,52.2507,5.97306,3.018,22.38,68.3,26003
2026-07-07 07:42:57,lht65-20,52.2507,5.97306,3.016,23.04,64.0,26065
2026-07-07 07:52:57,lht65-20,52.2507,5.97306,3.018,23.6,62.1,24751
2026-07-07 08:02:57,lht65-20,52.2507,5.97306,3.018,23.82,59.5,28400
2026-07-07 08:12:57,lht65-20,52.2507,5.97306,3.018,23.97,57.2,27172
2026-07-07 08:22:57,lht65-20,52.2507,5.97306,3.018,24.45,55.5,27551
2026-07-07 08:32:57,lht65-20,52.2507,5.97306,3.018,24.42,57.4,26135
2026-07-07 08:42:57,lht65-20,52.2507,5.97306,3.018,24.71,57.7,27228
2026-07-07 08:52:57,lht65-20,52.2507,5.97306,3.018,24.92,56.6,31732
2026-07-07 09:02:57,lht65-20,52.2507,5.97306,3.019,25.08,54.5,29207
2026-07-07 09:22:57,lht65-20,52.2507,5.97306,3.019,25.45,51.7,30465
2026-07-07 09:32:57,lht65-20,52.2507,5.97306,3.019,25.55,51.5,34074
2026-07-07 09:42:57,lht65-20,52.2507,5.97306,3.019,25.55,50.0,32130
2026-07-07 09:52:57,lht65-20,52.2507,5.97306,3.018,25.49,47.4,33875
2026-07-07 10:02:57,lht65-20,52.2507,5.97306,3.019,25.76,48.3,36272
2026-07-07 10:12:57,lht65-20,52.2507,5.97306,3.019,26.28,47.3,36310
2026-07-07 10:22:57,lht65-20,52.2507,5.97306,3.019,26.38,46.2,12733
2026-07-07 10:32:57,lht65-20,52.2507,5.97306,3.019,26.53,47.6,33339
2026-07-07 10:42:57,lht65-20,52.2507,5.97306,3.019,26.08,47.2,26091
2026-07-07 10:52:57,lht65-20,52.2507,5.97306,3.019,26.27,49.7,35986
2026-07-07 11:02:57,lht65-20,52.2507,5.97306,3.019,26.25,50.0,38877
2026-07-07 11:12:57,lht65-20,52.2507,5.97306,3.019,26.25,51.0,35807
2026-07-07 11:22:57,lht65-20,52.2507,5.97306,3.019,26.15,49.9,25245
2026-07-07 11:32:57,lht65-20,52.2507,5.97306,3.019,25.3,51.7,18168
2026-07-07 11:42:57,lht65-20,52.2507,5.97306,3.021,25.14,52.0,23558
2026-07-07 11:52:57,lht65-20,52.2507,5.97306,3.019,25.1,51.4,32375
2026-07-07 12:12:57,lht65-20,52.2507,5.97306,3.018,25.04,52.4,17435
2026-07-07 12:22:57,lht65-20,52.2507,5.97306,3.021,24.45,53.4,20850
2026-07-07 12:32:57,lht65-20,52.2507,5.97306,3.021,24.54,52.6,21823
2026-07-07 12:42:57,lht65-20,52.2507,5.97306,3.019,25.32,50.1,36465
2026-07-07 12:52:57,lht65-20,52.2507,5.97306,3.019,25.63,52.4,30801
2026-07-07 13:02:57,lht65-20,52.2507,5.97306,3.023,25.07,52.0,34340
2026-07-07 13:12:57,lht65-20,52.2507,5.97306,3.021,24.95,52.2,45555
2026-07-07 13:22:57,lht65-20,52.2507,5.97306,3.019,25.43,51.3,25226
2026-07-07 13:32:57,lht65-20,52.2507,5.97306,3.021,25.35,52.6,32788
2026-07-07 13:42:57,lht65-20,52.2507,5.97306,3.021,25.43,52.8,34502
2026-07-07 13:52:57,lht65-20,52.2507,5.97306,3.021,24.86,55.7,22080
2026-07-07 14:02:57,lht65-20,52.2507,5.97306,3.021,24.13,55.4,18377
2026-07-07 14:12:57,lht65-20,52.2507,5.97306,3.021,24.11,56.7,44865
2026-07-07 14:22:57,lht65-20,52.2507,5.97306,3.019,24.15,57.7,38987
2026-07-07 14:32:57,lht65-20,52.2507,5.97306,3.019,23.68,57.7,17630
2026-07-07 14:42:57,lht65-20,52.2507,5.97306,3.019,23.91,58.7,34488
2026-07-07 14:52:57,lht65-20,52.2507,5.97306,3.021,24.07,58.5,24555
2026-07-07 15:02:57,lht65-20,52.2507,5.97306,3.021,23.39,61.1,13938
2026-07-07 15:12:57,lht65-20,52.2507,5.97306,3.019,22.56,61.4,10643
2026-07-07 15:22:57,lht65-20,52.2507,5.97306,3.018,21.99,65.7,8056
2026-07-07 15:32:57,lht65-20,52.2507,5.97306,3.019,21.82,65.9,16000
2026-07-07 15:42:57,lht65-20,52.2507,5.97306,3.018,22.09,66.6,16207
2026-07-07 15:52:57,lht65-20,52.2507,5.97306,3.019,22.5,63.8,16869
2026-07-07 16:02:57,lht65-20,52.2507,5.97306,3.019,21.97,66.3,19701
2026-07-07 16:12:57,lht65-20,52.2507,5.97306,3.019,21.6,65.1,12504
2026-07-07 16:22:57,lht65-20,52.2507,5.97306,3.019,20.93,66.4,7150
2026-07-07 16:32:57,lht65-20,52.2507,5.97306,3.018,20.55,69.3,4629
2026-07-07 16:42:57,lht65-20,52.2507,5.97306,3.018,20.1,71.1,2762
2026-07-07 16:52:57,lht65-20,52.2507,5.97306,3.018,19.98,73.1,4904
2026-07-07 17:02:57,lht65-20,52.2507,5.97306,3.019,20.06,71.6,5335
2026-07-07 17:12:57,lht65-20,52.2507,5.97306,3.018,20.02,72.0,4290
2026-07-07 17:22:57,lht65-20,52.2507,5.97306,3.018,19.94,72.6,4445
2026-07-07 17:32:57,lht65-20,52.2507,5.97306,3.019,19.98,72.4,6150
2026-07-07 17:42:57,lht65-20,52.2507,5.97306,3.018,20.08,71.6,6130
2026-07-07 17:52:57,lht65-20,52.2507,5.97306,3.018,20.01,73.2,5565
2026-07-07 18:02:57,lht65-20,52.2507,5.97306,3.018,19.96,72.8,3555
2026-07-07 18:12:57,lht65-20,52.2507,5.97306,3.018,19.78,73.7,1617
2026-07-07 18:22:57,lht65-20,52.2507,5.97306,3.018,19.69,73.9,2182
2026-07-07 18:32:57,lht65-20,52.2507,5.97306,3.018,19.59,74.6,1412
2026-07-07 18:42:57,lht65-20,52.2507,5.97306,3.018,19.47,75.3,1450
2026-07-07 18:52:57,lht65-20,52.2507,5.97306,3.018,19.46,75.6,1199
2026-07-07 19:02:57,lht65-20,52.2507,5.97306,3.018,19.51,75.6,2182
2026-07-07 19:12:57,lht65-20,52.2507,5.97306,3.016,19.51,75.9,2020
2026-07-07 19:22:57,lht65-20,52.2507,5.97306,3.016,19.46,74.9,1525
2026-07-07 19:32:57,lht65-20,52.2507,5.97306,3.018,19.22,74.5,960
2026-07-07 19:42:57,lht65-20,52.2507,5.97306,3.016,19.01,75.4,506
2026-07-07 19:52:57,lht65-20,52.2507,5.97306,3.016,18.74,76.0,241
2026-07-07 20:03:01,lht65-20,52.2507,5.97306,3.016,18.56,76.6,101
2026-07-07 20:12:57,lht65-20,52.2507,5.97306,3.016,18.36,77.2,44
2026-07-07 20:22:57,lht65-20,52.2507,5.97306,3.016,18.27,77.7,14
2026-07-07 20:32:57,lht65-20,52.2507,5.97306,3.016,18.15,78.3,4
2026-07-07 20:42:57,lht65-20,52.2507,5.97306,3.016,18.09,78.9,0
2026-07-07 20:52:57,lht65-20,52.2507,5.97306,3.016,17.99,79.3,0
2026-07-07 21:02:57,lht65-20,52.2507,5.97306,3.016,17.85,79.8,0
2026-07-07 21:12:57,lht65-20,52.2507,5.97306,3.016,17.76,80.4,0
2026-07-07 21:22:57,lht65-20,52.2507,5.97306,3.016,17.66,81.5,0
2026-07-07 21:32:57,lht65-20,52.2507,5.97306,3.016,17.48,82.0,0
2026-07-07 21:42:57,lht65-20,52.2507,5.97306,3.014,17.45,83.0,0
2026-07-07 21:52:57,lht65-20,52.2507,5.97306,3.016,17.45,82.8,0
2026-07-07 22:02:57,lht65-20,52.2507,5.97306,3.016,17.43,82.6,0
2026-07-07 22:12:57,lht65-20,52.2507,5.97306,3.016,17.4,82.9,0
2026-07-07 22:22:57,lht65-20,52.2507,5.97306,3.016,17.27,83.8,0
2026-07-07 22:32:57,lht65-20,52.2507,5.97306,3.014,17.17,84.3,0
2026-07-07 22:42:57,lht65-20,52.2507,5.97306,3.016,17.18,84.6,0
2026-07-07 22:52:57,lht65-20,52.2507,5.97306,3.014,17.08,84.9,0
2026-07-07 23:02:57,lht65-20,52.2507,5.97306,3.012,17.08,85.5,0
2026-07-07 23:12:57,lht65-20,52.2507,5.97306,3.014,17.11,85.5,0
2026-07-07 23:22:57,lht65-20,52.2507,5.97306,3.014,17.13,85.6,0
2026-07-07 23:32:57,lht65-20,52.2507,5.97306,3.012,17.15,85.7,0
2026-07-07 23:42:57,lht65-20,52.2507,5.97306,3.014,17.03,86.8,0
2026-07-07 23:52:57,lht65-20,52.2507,5.97306,3.014,16.96,87.1,0
2026-07-08 00:02:57,lht65-20,52.2507,5.97306,3.014,17.01,86.9,0
2026-07-08 00:12:57,lht65-20,52.2507,5.97306,3.014,17.01,87.2,0
2026-07-08 00:22:57,lht65-20,52.2507,5.97306,3.014,17.02,87.2,0
2026-07-08 00:32:57,lht65-20,52.2507,5.97306,3.014,17.03,87.3,0
2026-07-08 00:42:57,lht65-20,52.2507,5.97306,3.014,17.06,87.5,0
2026-07-08 00:52:57,lht65-20,52.2507,5.97306,3.012,17.06,87.6,0
2026-07-08 01:02:57,lht65-20,52.2507,5.97306,3.014,16.99,87.9,0
2026-07-08 01:12:57,lht65-20,52.2507,5.97306,3.014,16.82,88.5,0
2026-07-08 01:22:57,lht65-20,52.2507,5.97306,3.014,16.72,89.0,0
2026-07-08 01:32:57,lht65-20,52.2507,5.97306,3.014,16.66,89.3,0
2026-07-08 01:42:57,lht65-20,52.2507,5.97306,3.014,16.62,89.5,0
2026-07-08 01:52:57,lht65-20,52.2507,5.97306,3.012,16.63,89.6,0
2026-07-08 02:02:57,lht65-20,52.2507,5.97306,3.012,16.7,89.6,0
2026-07-08 02:12:57,lht65-20,52.2507,5.97306,3.014,16.72,89.5,0
2026-07-08 02:22:57,lht65-20,52.2507,5.97306,3.014,16.78,89.4,0
2026-07-08 02:32:57,lht65-20,52.2507,5.97306,3.014,16.81,89.5,0
2026-07-08 02:42:57,lht65-20,52.2507,5.97306,3.012,16.82,89.6,0
2026-07-08 02:52:57,lht65-20,52.2507,5.97306,3.012,16.89,89.5,2
2026-07-08 03:02:57,lht65-20,52.2507,5.97306,3.014,16.98,89.2,11
2026-07-08 03:13:01,lht65-20,52.2507,5.97306,3.014,17.02,88.9,26
2026-07-08 03:22:57,lht65-20,52.2507,5.97306,3.014,17.09,88.7,70
2026-07-08 03:32:57,lht65-20,52.2507,5.97306,3.012,17.17,88.2,116
2026-07-08 03:42:57,lht65-20,52.2507,5.97306,3.014,17.25,87.9,190
2026-07-08 03:53:02,lht65-20,52.2507,5.97306,3.012,17.3,87.9,251
2026-07-08 04:02:57,lht65-20,52.2507,5.97306,3.014,17.33,87.7,368
2026-07-08 04:12:57,lht65-20,52.2507,5.97306,3.014,17.41,87.6,444
2026-07-08 04:22:57,lht65-20,52.2507,5.97306,3.014,17.43,87.7,565
2026-07-08 04:32:57,lht65-20,52.2507,5.97306,3.012,17.5,87.3,719
2026-07-08 04:42:57,lht65-20,52.2507,5.97306,3.014,17.57,87.2,858
2026-07-08 04:52:57,lht65-20,52.2507,5.97306,3.014,17.6,87.2,869
2026-07-08 05:02:57,lht65-20,52.2507,5.97306,3.014,17.66,87.1,1318
2026-07-08 05:12:57,lht65-20,52.2507,5.97306,3.012,17.79,87.0,3669
2026-07-08 05:22:57,lht65-20,52.2507,5.97306,3.014,18.0,85.8,2682
2026-07-08 05:32:57,lht65-20,52.2507,5.97306,3.014,17.99,84.8,2278
2026-07-08 05:42:57,lht65-20,52.2507,5.97306,3.014,17.94,85.3,2173
2026-07-08 05:52:57,lht65-20,52.2507,5.97306,3.014,17.85,86.0,1489
2026-07-08 06:02:57,lht65-20,52.2507,5.97306,3.014,17.82,86.2,1899
2026-07-08 06:12:57,lht65-20,52.2507,5.97306,3.012,17.9,85.4,2470
2026-07-08 06:22:57,lht65-20,52.2507,5.97306,3.014,18.01,85.1,2408
2026-07-08 06:32:57,lht65-20,52.2507,5.97306,3.016,18.13,84.7,2919
2026-07-08 06:42:57,lht65-20,52.2507,5.97306,3.014,18.27,83.8,4245
2026-07-08 06:52:57,lht65-20,52.2507,5.97306,3.012,18.45,83.3,5606
2026-07-08 07:02:57,lht65-20,52.2507,5.97306,3.014,18.77,82.4,5383
2026-07-08 07:12:57,lht65-20,52.2507,5.97306,3.016,18.76,82.4,4626
2026-07-08 07:22:57,lht65-20,52.2507,5.97306,3.014,18.84,81.1,4809
2026-07-08 07:32:57,lht65-20,52.2507,5.97306,3.014,18.94,80.6,7419
2026-07-08 07:42:57,lht65-20,52.2507,5.97306,3.014,19.02,81.3,4765
2026-07-08 07:52:57,lht65-20,52.2507,5.97306,3.014,19.02,80.8,3640
2026-07-08 08:02:57,lht65-20,52.2507,5.97306,3.014,18.83,82.3,2989
2026-07-08 08:12:57,lht65-20,52.2507,5.97306,3.014,18.77,82.0,4016
2026-07-08 08:22:57,lht65-20,52.2507,5.97306,3.012,18.9,82.3,4055
2026-07-08 08:32:57,lht65-20,52.2507,5.97306,3.014,18.75,82.2,4941
2026-07-08 08:42:57,lht65-20,52.2507,5.97306,3.014,18.96,81.8,8455
2026-07-08 08:52:57,lht65-20,52.2507,5.97306,3.016,19.17,80.3,5375
2026-07-08 09:02:57,lht65-20,52.2507,5.97306,3.014,19.1,80.9,5972
2026-07-08 09:12:57,lht65-20,52.2507,5.97306,3.014,19.02,81.6,7213
2026-07-08 09:22:57,lht65-20,52.2507,5.97306,3.016,19.29,84.6,10069
2026-07-08 09:32:57,lht65-20,52.2507,5.97306,3.014,19.47,84.5,8844
2026-07-08 09:42:57,lht65-20,52.2507,5.97306,3.014,19.24,85.8,6826
2026-07-08 09:52:57,lht65-20,52.2507,5.97306,3.014,18.99,86.3,5346
2026-07-08 10:02:57,lht65-20,52.2507,5.97306,3.012,19.07,86.1,12510
2026-07-08 10:12:57,lht65-20,52.2507,5.97306,3.012,19.54,86.0,14713
2026-07-08 10:22:57,lht65-20,52.2507,5.97306,3.016,20.5,79.9,22660
2026-07-08 10:32:57,lht65-20,52.2507,5.97306,3.016,20.54,79.0,10885
2026-07-08 10:42:57,lht65-20,52.2507,5.97306,3.016,20.16,79.2,7740
2026-07-08 10:52:57,lht65-20,52.2507,5.97306,3.014,20.03,81.5,14370
2026-07-08 11:02:57,lht65-20,52.2507,5.97306,3.016,20.68,77.2,28310
2026-07-08 11:12:57,lht65-20,52.2507,5.97306,3.016,21.23,77.0,20356
2026-07-08 11:22:57,lht65-20,52.2507,5.97306,3.014,21.02,76.3,10650
2026-07-08 11:32:57,lht65-20,52.2507,5.97306,3.016,20.77,82.0,15458
2026-07-08 11:52:57,lht65-20,52.2507,5.97306,3.016,21.64,78.3,23265
2026-07-08 12:02:57,lht65-20,52.2507,5.97306,3.016,21.85,74.5,18773
2026-07-08 12:12:57,lht65-20,52.2507,5.97306,3.016,21.52,75.1,15034
2026-07-08 12:22:57,lht65-20,52.2507,5.97306,3.016,21.93,74.7,19939
2026-07-08 12:32:57,lht65-20,52.2507,5.97306,3.016,22.25,73.0,11324
2026-07-08 12:42:57,lht65-20,52.2507,5.97306,3.016,21.74,74.3,15305
2026-07-08 12:52:57,lht65-20,52.2507,5.97306,3.016,21.93,74.9,23770
2026-07-08 13:02:57,lht65-20,52.2507,5.97306,3.016,22.2,73.5,12625
2026-07-08 13:12:58,lht65-20,52.2507,5.97306,3.016,22.41,73.7,17995
2026-07-08 13:22:57,lht65-20,52.2507,5.97306,3.016,22.64,70.5,12155
2026-07-08 13:32:57,lht65-20,52.2507,5.97306,3.018,21.69,71.6,9751
2026-07-08 13:42:57,lht65-20,52.2507,5.97306,3.016,21.31,74.8,6201
2026-07-08 14:02:57,lht65-20,52.2507,5.97306,3.016,22.16,75.7,12681
2026-07-08 14:32:57,lht65-20,52.2507,5.97306,3.016,20.41,79.3,7739
2026-07-08 15:52:58,lht65-20,52.2507,5.97306,3.014,20.05,80.2,4217
2026-07-08 16:22:57,lht65-20,52.2507,5.97306,3.016,20.17,78.8,4572
2026-07-08 16:32:57,lht65-20,52.2507,5.97306,3.016,20.27,79.7,7192
2026-07-08 16:53:04,lht65-20,52.2507,5.97306,3.016,20.79,77.5,8092
2026-07-08 17:02:57,lht65-20,52.2507,5.97306,3.014,20.83,76.4,6879
2026-07-08 17:22:57,lht65-20,52.2507,5.97306,3.016,20.72,78.3,6401
2026-07-08 17:33:04,lht65-20,52.2507,5.97306,3.016,20.84,77.1,3701
2026-07-08 17:43:11,lht65-20,52.2507,5.97306,3.016,20.49,77.9,2498
2026-07-08 17:53:11,lht65-20,52.2507,5.97306,3.014,20.43,78.5,4635
2026-07-08 18:03:04,lht65-20,52.2507,5.97306,3.016,20.47,78.3,3324
2026-07-08 18:23:11,lht65-20,52.2507,5.97306,3.014,20.26,79.0,2315
2026-07-08 18:33:04,lht65-20,52.2507,5.97306,3.014,20.19,78.5,2251
2026-07-08 18:42:57,lht65-20,52.2507,5.97306,3.014,20.16,77.8,1969
2026-07-08 18:52:57,lht65-20,52.2507,5.97306,3.014,20.14,77.9,4532
2026-07-08 19:12:57,lht65-20,52.2507,5.97306,3.016,20.08,78.4,2238
2026-07-08 19:22:57,lht65-20,52.2507,5.97306,3.012,19.54,80.0,1379
2026-07-08 19:33:04,lht65-20,52.2507,5.97306,3.012,19.15,81.5,1006
2026-07-08 19:52:57,lht65-20,52.2507,5.97306,3.012,18.1,84.8,339
2026-07-08 20:03:12,lht65-20,52.2507,5.97306,3.012,17.4,88.3,162
2026-07-08 20:12:57,lht65-20,52.2507,5.97306,3.009,16.85,89.6,66
2026-07-08 20:33:04,lht65-20,52.2507,5.97306,3.012,16.13,92.4,6
2026-07-08 20:43:04,lht65-20,52.2507,5.97306,3.009,15.7,92.6,1
2026-07-08 20:52:57,lht65-20,52.2507,5.97306,3.009,15.43,93.6,0
2026-07-08 21:02:57,lht65-20,52.2507,5.97306,3.007,15.28,94.6,0
2026-07-08 21:13:04,lht65-20,52.2507,5.97306,3.009,15.29,95.3,0
2026-07-08 21:23:11,lht65-20,52.2507,5.97306,3.009,15.24,95.8,0
2026-07-08 21:32:57,lht65-20,52.2507,5.97306,3.009,15.28,96.2,0
2026-07-08 21:43:11,lht65-20,52.2507,5.97306,3.009,15.17,96.4,0
2026-07-08 21:53:04,lht65-20,52.2507,5.97306,3.009,14.66,96.4,0
2026-07-08 22:02:57,lht65-20,52.2507,5.97306,3.007,14.34,96.0,0
2026-07-08 22:22:57,lht65-20,52.2507,5.97306,3.005,14.29,96.5,0
2026-07-08 22:32:57,lht65-20,52.2507,5.97306,3.005,14.01,96.7,0
2026-07-08 22:43:11,lht65-20,52.2507,5.97306,3.005,13.67,96.7,0
2026-07-08 22:52:57,lht65-20,52.2507,5.97306,3.005,13.54,96.7,0
2026-07-08 23:02:57,lht65-20,52.2507,5.97306,3.005,13.32,96.8,0
2026-07-08 23:12:57,lht65-20,52.2507,5.97306,3.003,13.33,97.0,0
2026-07-08 23:22:57,lht65-20,52.2507,5.97306,3.003,13.58,97.2,0
2026-07-08 23:32:57,lht65-20,52.2507,5.97306,3.003,13.33,97.4,0
2026-07-08 23:43:01,lht65-20,52.2507,5.97306,3.003,13.38,97.5,0
2026-07-08 23:52:57,lht65-20,52.2507,5.97306,3.003,13.29,97.6,0
2026-07-09 00:02:57,lht65-20,52.2507,5.97306,3.001,13.12,97.7,0
2026-07-09 00:12:57,lht65-20,52.2507,5.97306,3.003,13.02,97.8,0
2026-07-09 00:22:57,lht65-20,52.2507,5.97306,3.003,13.26,97.8,0
2026-07-09 00:32:57,lht65-20,52.2507,5.97306,3.003,13.48,98.0,0
2026-07-09 00:42:58,lht65-20,52.2507,5.97306,3.001,13.83,98.0,0
2026-07-09 00:52:57,lht65-20,52.2507,5.97306,3.003,14.19,98.1,0
2026-07-09 01:02:57,lht65-20,52.2507,5.97306,3.005,14.42,98.1,0
2026-07-09 01:12:57,lht65-20,52.2507,5.97306,3.003,14.59,98.2,0
2026-07-09 01:22:57,lht65-20,52.2507,5.97306,3.005,14.72,98.2,0
2026-07-09 01:42:57,lht65-20,52.2507,5.97306,3.005,15.05,98.3,0
2026-07-09 01:53:12,lht65-20,52.2507,5.97306,3.005,15.15,98.3,0
2026-07-09 02:02:57,lht65-20,52.2507,5.97306,3.005,15.2,98.4,0
2026-07-09 02:12:57,lht65-20,52.2507,5.97306,3.005,15.23,98.4,0
2026-07-09 02:22:57,lht65-20,52.2507,5.97306,3.005,15.22,98.4,0
2026-07-09 02:32:57,lht65-20,52.2507,5.97306,3.003,15.2,98.4,0
2026-07-09 02:52:58,lht65-20,52.2507,5.97306,3.005,15.15,98.4,5
2026-07-09 03:02:57,lht65-20,52.2507,5.97306,3.005,15.1,98.5,15
2026-07-09 03:42:57,lht65-20,52.2507,5.97306,3.003,15.16,98.5,446
2026-07-09 03:52:57,lht65-20,52.2507,5.97306,3.001,15.07,98.5,769
2026-07-09 04:12:57,lht65-20,52.2507,5.97306,3.001,14.88,98.6,1484
2026-07-09 04:42:57,lht65-20,52.2507,5.97306,3.003,15.88,98.6,7260
2026-07-09 04:52:57,lht65-20,52.2507,5.97306,3.003,16.09,98.5,7613
2026-07-09 05:02:57,lht65-20,52.2507,5.97306,3.001,16.22,98.3,4001
2026-07-09 05:32:57,lht65-20,52.2507,5.97306,3.005,16.36,96.6,5020
2026-07-09 05:42:57,lht65-20,52.2507,5.97306,3.005,16.8,95.5,9404
2026-07-09 06:02:57,lht65-20,52.2507,5.97306,3.005,17.33,89.1,4929
2026-07-09 06:12:57,lht65-20,52.2507,5.97306,3.007,17.62,90.5,11745
2026-07-09 06:22:57,lht65-20,52.2507,5.97306,3.005,18.45,86.4,19302
2026-07-09 06:52:57,lht65-20,52.2507,5.97306,3.007,19.61,75.9,23217
2026-07-09 07:02:57,lht65-20,52.2507,5.97306,3.007,19.72,75.2,20110
2026-07-09 07:13:04,lht65-20,52.2507,5.97306,3.007,20.09,73.2,32342
2026-07-09 07:22:57,lht65-20,52.2507,5.97306,3.009,20.28,72.4,16554
2026-07-09 07:32:57,lht65-20,52.2507,5.97306,3.009,20.26,73.6,14271
2026-07-09 07:42:57,lht65-20,52.2507,5.97306,3.009,20.38,71.3,13129
2026-07-09 07:53:04,lht65-20,52.2507,5.97306,3.009,20.41,72.2,13807
2026-07-09 08:22:57,lht65-20,52.2507,5.97306,3.007,20.82,72.3,17124
2026-07-09 08:33:04,lht65-20,52.2507,5.97306,3.009,21.51,69.7,18576
2026-07-09 08:42:57,lht65-20,52.2507,5.97306,3.009,21.37,71.1,19647
2026-07-09 08:53:00,lht65-20,52.2507,5.97306,3.009,22.0,66.7,19550
2026-07-09 09:12:57,lht65-20,52.2507,5.97306,3.01,23.1,64.3,24241
2026-07-09 09:42:57,lht65-20,52.2507,5.97306,3.009,23.07,61.3,16689
2026-07-09 09:53:04,lht65-20,52.2507,5.97306,3.009,22.61,62.2,18245
2026-07-09 10:12:57,lht65-20,52.2507,5.97306,3.012,23.51,62.3,21169
2026-07-09 10:23:12,lht65-20,52.2507,5.97306,3.012,23.61,60.6,25088
2026-07-09 10:52:57,lht65-20,52.2507,5.97306,3.012,22.84,64.0,21315
2026-07-09 11:03:05,lht65-20,52.2507,5.97306,3.012,22.56,64.5,20820
2026-07-09 11:42:57,lht65-20,52.2507,5.97306,3.012,23.45,62.5,32901
2026-07-09 11:52:57,lht65-20,52.2507,5.97306,3.012,23.82,60.5,18640
2026-07-09 12:02:57,lht65-20,52.2507,5.97306,3.012,23.23,62.2,21787
2026-07-09 12:12:57,lht65-20,52.2507,5.97306,3.012,23.56,60.4,22157
2026-07-09 12:22:57,lht65-20,52.2507,5.97306,3.012,23.88,60.8,15684
2026-07-09 12:32:57,lht65-20,52.2507,5.97306,3.012,23.68,65.0,19961
2026-07-09 12:42:57,lht65-20,52.2507,5.97306,3.012,23.69,62.7,23937
2026-07-09 12:52:57,lht65-20,52.2507,5.97306,3.012,23.67,62.5,22186
2026-07-09 13:02:57,lht65-20,52.2507,5.97306,3.012,23.79,60.5,21384
2026-07-09 13:12:57,lht65-20,52.2507,5.97306,3.012,24.54,62.9,22040
2026-07-09 13:22:57,lht65-20,52.2507,5.97306,3.012,24.93,58.2,31775
2026-07-09 13:32:57,lht65-20,52.2507,5.97306,3.012,24.3,61.0,17895
2026-07-09 13:42:57,lht65-20,52.2507,5.97306,3.012,24.96,63.4,39753
2026-07-09 13:52:57,lht65-20,52.2507,5.97306,3.012,25.82,58.0,35318
2026-07-09 14:02:57,lht65-20,52.2507,5.97306,3.012,24.92,58.4,34732
2026-07-09 14:12:57,lht65-20,52.2507,5.97306,3.014,25.37,58.3,36043
2026-07-09 14:22:57,lht65-20,52.2507,5.97306,3.012,25.67,56.4,32919
2026-07-09 14:32:56,lht65-20,52.2507,5.97306,3.014,25.84,59.2,14152
2026-07-09 14:42:56,lht65-20,52.2507,5.97306,3.014,24.7,61.1,31761
2026-07-09 14:52:57,lht65-20,52.2507,5.97306,3.012,25.31,59.3,31168
2026-07-09 15:02:59,lht65-20,52.2507,5.97306,3.014,25.57,56.9,13490
2026-07-09 15:12:57,lht65-20,52.2507,5.97306,3.012,24.42,60.6,11343
2026-07-09 15:22:57,lht65-20,52.2507,5.97306,3.012,24.92,61.2,25142
2026-07-09 15:32:57,lht65-20,52.2507,5.97306,3.014,24.32,61.0,23860
2026-07-09 16:12:56,lht65-20,52.2507,5.97306,3.014,24.64,63.1,26726
2026-07-09 16:23:00,lht65-20,52.2507,5.97306,3.014,25.17,60.5,26618
2026-07-09 16:32:57,lht65-20,52.2507,5.97306,3.014,24.81,62.5,15177
2026-07-09 16:42:56,lht65-20,52.2507,5.97306,3.014,24.7,62.3,22629
2026-07-09 16:52:56,lht65-20,52.2507,5.97306,3.014,24.31,63.3,12392
2026-07-09 17:02:57,lht65-20,52.2507,5.97306,3.012,24.34,64.4,16880
2026-07-09 17:12:57,lht65-20,52.2507,5.97306,3.014,23.59,64.5,12089
2026-07-09 17:22:57,lht65-20,52.2507,5.97306,3.014,23.19,67.6,8546
2026-07-09 17:32:56,lht65-20,52.2507,5.97306,3.012,22.94,68.1,6233
2026-07-09 17:42:56,lht65-20,52.2507,5.97306,3.014,22.55,68.2,5799
2026-07-09 17:52:56,lht65-20,52.2507,5.97306,3.012,22.47,69.3,5491
2026-07-09 18:02:57,lht65-20,52.2507,5.97306,3.012,22.29,68.8,4233
2026-07-09 18:12:57,lht65-20,52.2507,5.97306,3.012,22.09,69.2,3860
2026-07-09 18:22:57,lht65-20,52.2507,5.97306,3.012,21.86,71.8,2931
2026-07-09 18:32:57,lht65-20,52.2507,5.97306,3.014,21.71,71.4,2539
2026-07-09 18:42:57,lht65-20,52.2507,5.97306,3.014,21.64,72.6,2607
2026-07-09 18:52:56,lht65-20,52.2507,5.97306,3.012,21.41,72.3,2311
2026-07-09 19:03:03,lht65-20,52.2507,5.97306,3.012,21.2,73.2,3180
2026-07-09 19:12:56,lht65-20,52.2507,5.97306,3.012,21.06,73.3,1974
2026-07-09 19:22:58,lht65-20,52.2507,5.97306,3.012,20.5,75.5,1314
2026-07-09 19:32:56,lht65-20,52.2507,5.97306,3.012,19.89,77.6,905
2026-07-09 19:42:57,lht65-20,52.2507,5.97306,3.012,19.25,80.6,543
2026-07-09 19:52:57,lht65-20,52.2507,5.97306,3.012,18.51,83.3,287
2026-07-09 20:02:56,lht65-20,52.2507,5.97306,3.012,17.82,85.8,134
2026-07-09 20:12:56,lht65-20,52.2507,5.97306,3.009,17.17,87.8,52
2026-07-09 20:22:57,lht65-20,52.2507,5.97306,3.009,16.8,90.8,16
2026-07-09 20:32:56,lht65-20,52.2507,5.97306,3.009,16.54,92.2,4
2026-07-09 20:42:57,lht65-20,52.2507,5.97306,3.009,16.32,92.4,0
2026-07-09 20:52:57,lht65-20,52.2507,5.97306,3.009,15.91,92.1,0
2026-07-09 21:02:57,lht65-20,52.2507,5.97306,3.009,15.51,92.9,0
2026-07-09 21:12:56,lht65-20,52.2507,5.97306,3.007,15.09,93.2,0
2026-07-09 21:22:57,lht65-20,52.2507,5.97306,3.005,14.67,93.5,0
2026-07-09 21:32:56,lht65-20,52.2507,5.97306,3.007,14.59,94.4,0
2026-07-09 21:42:56,lht65-20,52.2507,5.97306,3.005,14.44,95.1,0
2026-07-09 21:52:56,lht65-20,52.2507,5.97306,3.005,14.39,95.5,0
2026-07-09 22:02:56,lht65-20,52.2507,5.97306,3.005,14.42,95.9,0
2026-07-09 22:12:57,lht65-20,52.2507,5.97306,3.003,13.82,95.9,0
2026-07-09 22:23:07,lht65-20,52.2507,5.97306,3.005,13.75,95.9,0
2026-07-09 22:32:56,lht65-20,52.2507,5.97306,3.005,14.09,96.3,0
2026-07-09 22:42:57,lht65-20,52.2507,5.97306,3.005,14.1,96.6,0
2026-07-09 22:52:57,lht65-20,52.2507,5.97306,3.005,13.83,96.8,0
2026-07-09 23:02:57,lht65-20,52.2507,5.97306,3.001,13.46,96.9,0
2026-07-09 23:12:56,lht65-20,52.2507,5.97306,3.005,13.57,97.0,0
2026-07-09 23:22:57,lht65-20,52.2507,5.97306,3.003,13.5,97.1,0
2026-07-09 23:32:56,lht65-20,52.2507,5.97306,3.003,13.46,97.2,0
2026-07-09 23:42:56,lht65-20,52.2507,5.97306,3.003,13.43,97.3,0
2026-07-09 23:52:57,lht65-20,52.2507,5.97306,3.003,13.44,97.5,0
2026-07-10 00:02:57,lht65-20,52.2507,5.97306,3.001,13.41,97.5,0
2026-07-10 00:12:56,lht65-20,52.2507,5.97306,3.001,13.38,97.6,0
2026-07-10 00:22:56,lht65-20,52.2507,5.97306,3.001,13.19,97.7,0
2026-07-10 00:32:58,lht65-20,52.2507,5.97306,3.001,12.94,97.8,0
2026-07-10 00:42:56,lht65-20,52.2507,5.97306,3.001,12.77,97.9,0
2026-07-10 00:52:57,lht65-20,52.2507,5.97306,3.001,12.39,97.9,0
2026-07-10 01:02:57,lht65-20,52.2507,5.97306,3.0,12.3,97.9,0
2026-07-10 01:12:57,lht65-20,52.2507,5.97306,3.001,12.28,98.0,0
2026-07-10 01:22:57,lht65-20,52.2507,5.97306,3.001,12.21,98.0,0
2026-07-10 01:32:56,lht65-20,52.2507,5.97306,3.001,12.13,98.0,0
2026-07-10 01:42:58,lht65-20,52.2507,5.97306,3.001,11.91,98.1,0
2026-07-10 01:52:56,lht65-20,52.2507,5.97306,3.0,11.81,98.1,0
2026-07-10 02:02:56,lht65-20,52.2507,5.97306,3.0,11.81,98.1,0
2026-07-10 02:12:57,lht65-20,52.2507,5.97306,3.0,11.73,98.2,0
2026-07-10 02:22:57,lht65-20,52.2507,5.97306,3.0,11.54,98.2,0
2026-07-10 02:32:57,lht65-20,52.2507,5.97306,2.998,11.07,98.3,0
2026-07-10 02:42:57,lht65-20,52.2507,5.97306,3.0,11.18,98.3,1
2026-07-10 02:52:56,lht65-20,52.2507,5.97306,2.998,11.23,98.3,6
2026-07-10 03:02:57,lht65-20,52.2507,5.97306,2.998,10.94,98.4,22
2026-07-10 03:12:57,lht65-20,52.2507,5.97306,2.998,11.11,98.4,61
2026-07-10 03:22:57,lht65-20,52.2507,5.97306,2.998,11.19,98.4,153
2026-07-10 03:32:57,lht65-20,52.2507,5.97306,2.998,10.99,98.4,300
2026-07-10 03:42:57,lht65-20,52.2507,5.97306,2.998,11.11,98.5,495
2026-07-10 03:52:57,lht65-20,52.2507,5.97306,2.998,11.25,98.5,795
2026-07-10 04:02:57,lht65-20,52.2507,5.97306,3.0,11.48,98.5,1283
2026-07-10 04:12:57,lht65-20,52.2507,5.97306,2.998,11.73,98.5,1681
2026-07-10 04:22:57,lht65-20,52.2507,5.97306,3.0,11.96,98.6,1903
2026-07-10 04:32:59,lht65-20,52.2507,5.97306,3.0,12.27,98.6,1604
2026-07-10 04:42:57,lht65-20,52.2507,5.97306,3.0,12.95,98.6,1850
2026-07-10 04:52:57,lht65-20,52.2507,5.97306,3.0,13.8,98.6,2046
2026-07-10 05:02:57,lht65-20,52.2507,5.97306,3.001,14.19,98.5,2400
2026-07-10 05:12:57,lht65-20,52.2507,5.97306,3.001,14.36,98.5,2492
2026-07-10 05:22:57,lht65-20,52.2507,5.97306,3.001,14.43,98.5,2590
2026-07-10 05:32:57,lht65-20,52.2507,5.97306,3.001,14.49,98.6,2989
2026-07-10 05:42:57,lht65-20,52.2507,5.97306,3.001,14.5,98.6,3157
2026-07-10 05:52:57,lht65-20,52.2507,5.97306,3.001,14.57,98.6,3465
2026-07-10 06:02:57,lht65-20,52.2507,5.97306,3.005,14.86,98.6,3339
2026-07-10 06:12:57,lht65-20,52.2507,5.97306,3.001,14.79,98.6,3305
2026-07-10 06:22:57,lht65-20,52.2507,5.97306,3.001,14.83,98.6,4000
2026-07-10 06:32:57,lht65-20,52.2507,5.97306,3.001,14.89,98.6,4917
2026-07-10 06:52:57,lht65-20,52.2507,5.97306,3.003,15.11,98.5,4890
2026-07-10 07:02:57,lht65-20,52.2507,5.97306,3.001,15.2,98.6,6166
2026-07-10 07:12:57,lht65-20,52.2507,5.97306,3.001,15.32,98.5,5525
2026-07-10 07:22:57,lht65-20,52.2507,5.97306,3.003,15.49,98.5,6612
2026-07-10 07:32:57,lht65-20,52.2507,5.97306,3.001,15.77,98.4,9935
2026-07-10 07:42:57,lht65-20,52.2507,5.97306,3.001,15.91,98.2,7445
2026-07-10 07:52:57,lht65-20,52.2507,5.97306,3.003,16.22,97.9,11600
2026-07-10 08:03:01,lht65-20,52.2507,5.97306,3.003,16.79,96.8,13083
2026-07-10 08:12:57,lht65-20,52.2507,5.97306,3.005,17.52,91.5,14565
2026-07-10 08:22:57,lht65-20,52.2507,5.97306,3.005,18.5,85.4,35729
2026-07-10 08:32:57,lht65-20,52.2507,5.97306,3.007,19.86,79.9,33092
2026-07-10 08:42:57,lht65-20,52.2507,5.97306,3.007,20.43,77.4,30695
2026-07-10 08:52:57,lht65-20,52.2507,5.97306,3.009,20.64,76.9,23110
2026-07-10 09:02:57,lht65-20,52.2507,5.97306,3.009,20.95,74.7,31515
2026-07-10 09:12:57,lht65-20,52.2507,5.97306,3.009,21.53,76.4,32185
2026-07-10 09:22:57,lht65-20,52.2507,5.97306,3.009,22.21,70.7,30930
2026-07-10 09:32:57,lht65-20,52.2507,5.97306,3.009,22.44,71.8,32240
2026-07-10 09:42:57,lht65-20,52.2507,5.97306,3.009,23.08,68.1,32739
2026-07-10 09:52:57,lht65-20,52.2507,5.97306,3.012,23.06,73.2,32955
2026-07-10 10:03:00,lht65-20,52.2507,5.97306,3.009,23.51,69.3,32654
2026-07-10 10:12:57,lht65-20,52.2507,5.97306,3.012,23.81,68.8,33129
2026-07-10 10:22:57,lht65-20,52.2507,5.97306,3.012,23.79,67.0,33947
2026-07-10 10:32:57,lht65-20,52.2507,5.97306,3.012,24.33,64.6,34054
2026-07-10 10:42:57,lht65-20,52.2507,5.97306,3.012,24.38,63.4,34568
2026-07-10 10:52:57,lht65-20,52.2507,5.97306,3.012,25.01,61.7,35060
2026-07-10 11:02:57,lht65-20,52.2507,5.97306,3.012,25.22,60.8,35089
2026-07-10 11:12:57,lht65-20,52.2507,5.97306,3.012,25.3,60.5,35225
2026-07-10 11:22:57,lht65-20,52.2507,5.97306,3.012,25.79,58.4,35393
2026-07-10 11:32:57,lht65-20,52.2507,5.97306,3.012,25.72,57.7,35572
2026-07-10 11:42:58,lht65-20,52.2507,5.97306,3.014,26.2,60.7,35574
2026-07-10 11:52:57,lht65-20,52.2507,5.97306,3.014,26.56,57.1,35734
2026-07-10 12:02:57,lht65-20,52.2507,5.97306,3.012,26.57,60.3,10980
2026-07-10 12:12:56,lht65-20,52.2507,5.97306,3.012,26.76,56.7,34799
2026-07-10 12:22:57,lht65-20,52.2507,5.97306,3.014,27.15,59.1,29851
2026-07-10 12:32:56,lht65-20,52.2507,5.97306,3.014,27.76,55.2,34007
2026-07-10 12:42:56,lht65-20,52.2507,5.97306,3.014,27.41,56.1,35958
2026-07-10 12:52:57,lht65-20,52.2507,5.97306,3.014,27.48,55.5,18165
2026-07-10 13:02:57,lht65-20,52.2507,5.97306,3.014,27.49,57.2,35276
2026-07-10 13:12:57,lht65-20,52.2507,5.97306,3.014,27.65,54.5,35383
2026-07-10 13:22:57,lht65-20,52.2507,5.97306,3.016,27.47,55.3,34541
2026-07-10 13:32:56,lht65-20,52.2507,5.97306,3.016,28.15,55.7,14415
2026-07-10 13:42:56,lht65-20,52.2507,5.97306,3.016,27.88,54.6,39832
2026-07-10 13:52:56,lht65-20,52.2507,5.97306,3.014,27.08,56.3,32995
2026-07-10 14:02:57,lht65-20,52.2507,5.97306,3.016,27.79,55.3,33825
2026-07-10 14:13:02,lht65-20,52.2507,5.97306,3.016,27.71,56.4,35875
2026-07-10 14:22:57,lht65-20,52.2507,5.97306,3.016,27.46,57.1,10712
2026-07-10 14:32:57,lht65-20,52.2507,5.97306,3.016,27.16,54.4,31606
2026-07-10 14:42:57,lht65-20,52.2507,5.97306,3.016,27.61,54.6,32346
2026-07-10 14:52:56,lht65-20,52.2507,5.97306,3.016,27.9,55.2,30394
2026-07-10 15:02:56,lht65-20,52.2507,5.97306,3.016,28.34,52.5,30667
2026-07-10 15:12:57,lht65-20,52.2507,5.97306,3.016,27.83,52.9,30472
2026-07-10 15:22:56,lht65-20,52.2507,5.97306,3.016,27.33,54.6,28700
2026-07-10 15:32:57,lht65-20,52.2507,5.97306,3.018,27.77,54.0,28394
2026-07-10 15:42:57,lht65-20,52.2507,5.97306,3.016,27.62,51.4,26333
2026-07-10 15:52:57,lht65-20,52.2507,5.97306,3.018,27.45,54.4,26518
2026-07-10 16:02:57,lht65-20,52.2507,5.97306,3.016,27.73,52.8,25165
2026-07-10 16:12:56,lht65-20,52.2507,5.97306,3.018,27.71,53.5,24120
2026-07-10 16:22:56,lht65-20,52.2507,5.97306,3.018,26.89,54.3,23485
2026-07-10 16:32:56,lht65-20,52.2507,5.97306,3.016,27.28,53.3,22844
2026-07-10 16:42:56,lht65-20,52.2507,5.97306,3.018,27.35,52.7,21865
2026-07-10 16:52:56,lht65-20,52.2507,5.97306,3.018,27.34,55.3,20946
2026-07-10 17:02:56,lht65-20,52.2507,5.97306,3.016,27.28,53.9,19438
2026-07-10 17:12:56,lht65-20,52.2507,5.97306,3.018,27.19,54.3,18715
2026-07-10 17:22:59,lht65-20,52.2507,5.97306,3.018,27.08,54.3,17745
2026-07-10 17:33:01,lht65-20,52.2507,5.97306,3.018,26.79,57.5,16592
2026-07-10 17:42:56,lht65-20,52.2507,5.97306,3.018,26.58,56.3,15292
2026-07-10 17:52:56,lht65-20,52.2507,5.97306,3.018,26.46,56.3,14021
2026-07-10 18:02:56,lht65-20,52.2507,5.97306,3.018,26.27,58.1,12712
2026-07-10 18:12:56,lht65-20,52.2507,5.97306,3.018,25.99,58.5,11259
2026-07-10 18:22:56,lht65-20,52.2507,5.97306,3.018,25.63,58.9,10021
2026-07-10 18:32:57,lht65-20,52.2507,5.97306,3.018,25.43,60.6,8645
2026-07-10 18:42:56,lht65-20,52.2507,5.97306,3.018,25.11,62.2,6688
2026-07-10 18:52:56,lht65-20,52.2507,5.97306,3.016,24.7,63.9,5322
2026-07-10 19:02:56,lht65-20,52.2507,5.97306,3.016,24.16,64.9,3459
2026-07-10 19:12:56,lht65-20,52.2507,5.97306,3.016,23.36,67.9,1921
2026-07-10 19:22:56,lht65-20,52.2507,5.97306,3.018,22.77,70.5,1303
2026-07-10 19:32:57,lht65-20,52.2507,5.97306,3.016,22.3,72.2,904
2026-07-10 19:42:56,lht65-20,52.2507,5.97306,3.016,21.79,73.8,565
2026-07-10 19:52:57,lht65-20,52.2507,5.97306,3.016,21.42,75.0,310
2026-07-10 20:02:57,lht65-20,52.2507,5.97306,3.016,21.2,75.8,143
2026-07-10 20:12:56,lht65-20,52.2507,5.97306,3.016,20.99,76.6,53
2026-07-10 20:22:56,lht65-20,52.2507,5.97306,3.016,20.83,77.4,15
2026-07-10 20:32:57,lht65-20,52.2507,5.97306,3.016,20.61,78.5,4
2026-07-10 20:42:57,lht65-20,52.2507,5.97306,3.016,20.6,78.6,0
2026-07-10 20:52:56,lht65-20,52.2507,5.97306,3.012,20.27,80.0,0
2026-07-10 21:02:56,lht65-20,52.2507,5.97306,3.014,20.05,81.8,0
2026-07-10 21:12:56,lht65-20,52.2507,5.97306,3.016,19.86,83.1,0
2026-07-10 21:22:56,lht65-20,52.2507,5.97306,3.014,19.7,83.9,0
2026-07-10 21:32:57,lht65-20,52.2507,5.97306,3.016,19.47,85.1,0
2026-07-10 21:42:57,lht65-20,52.2507,5.97306,3.014,19.29,86.4,0
2026-07-10 21:52:56,lht65-20,52.2507,5.97306,3.014,19.05,87.3,0
2026-07-10 22:02:56,lht65-20,52.2507,5.97306,3.012,18.76,88.4,0
2026-07-10 22:12:56,lht65-20,52.2507,5.97306,3.014,18.65,89.0,0
2026-07-10 22:23:02,lht65-20,52.2507,5.97306,3.012,18.45,89.4,0
2026-07-10 22:32:56,lht65-20,52.2507,5.97306,3.014,18.1,90.1,0
2026-07-10 22:42:56,lht65-20,52.2507,5.97306,3.012,17.74,91.3,0
2026-07-10 22:52:56,lht65-20,52.2507,5.97306,3.012,17.44,92.1,0
2026-07-10 23:02:56,lht65-20,52.2507,5.97306,3.012,17.21,92.8,0
2026-07-10 23:12:57,lht65-20,52.2507,5.97306,3.012,17.26,93.8,0
2026-07-10 23:22:56,lht65-20,52.2507,5.97306,3.012,17.14,93.8,0
2026-07-10 23:32:56,lht65-20,52.2507,5.97306,3.012,17.11,94.1,0
2026-07-10 23:42:56,lht65-20,52.2507,5.97306,3.012,16.87,94.0,0
2026-07-10 23:52:56,lht65-20,52.2507,5.97306,3.012,16.72,94.5,0
2026-07-11 00:02:56,lht65-20,52.2507,5.97306,3.012,16.66,94.9,0
2026-07-11 00:12:57,lht65-20,52.2507,5.97306,3.012,16.68,95.3,0
2026-07-11 00:22:56,lht65-20,52.2507,5.97306,3.012,16.51,95.3,0
2026-07-11 00:32:56,lht65-20,52.2507,5.97306,3.012,16.38,95.4,0
2026-07-11 00:42:56,lht65-20,52.2507,5.97306,3.012,16.35,95.7,0
2026-07-11 00:52:56,lht65-20,52.2507,5.97306,3.012,16.23,95.9,0
2026-07-11 01:02:56,lht65-20,52.2507,5.97306,3.012,15.95,95.9,0
2026-07-11 01:12:56,lht65-20,52.2507,5.97306,3.012,15.82,96.0,0
2026-07-11 01:22:56,lht65-20,52.2507,5.97306,3.009,15.67,96.2,0
2026-07-11 01:32:56,lht65-20,52.2507,5.97306,3.012,15.75,96.4,0
2026-07-11 01:42:56,lht65-20,52.2507,5.97306,3.009,15.73,96.6,0
2026-07-11 01:52:56,lht65-20,52.2507,5.97306,3.012,15.91,96.8,0
2026-07-11 02:02:56,lht65-20,52.2507,5.97306,3.009,16.09,97.0,0
2026-07-11 02:12:56,lht65-20,52.2507,5.97306,3.009,16.12,97.1,0
2026-07-11 02:22:56,lht65-20,52.2507,5.97306,3.012,16.18,97.2,0
2026-07-11 02:32:56,lht65-20,52.2507,5.97306,3.009,16.24,97.3,0
2026-07-11 02:42:56,lht65-20,52.2507,5.97306,3.01,16.29,97.3,0
2026-07-11 02:52:57,lht65-20,52.2507,5.97306,3.01,16.22,97.4,1
2026-07-11 03:03:00,lht65-20,52.2507,5.97306,3.009,16.14,97.5,6
2026-07-11 03:12:56,lht65-20,52.2507,5.97306,3.009,16.15,97.5,25
2026-07-11 03:22:56,lht65-20,52.2507,5.97306,3.009,16.2,97.5,66
2026-07-11 03:32:56,lht65-20,52.2507,5.97306,3.009,16.14,97.6,119
2026-07-11 03:42:56,lht65-20,52.2507,5.97306,3.01,16.12,97.6,193
2026-07-11 03:53:00,lht65-20,52.2507,5.97306,3.009,16.04,97.6,345
2026-07-11 04:02:56,lht65-20,52.2507,5.97306,3.009,15.96,97.6,420
2026-07-11 04:12:56,lht65-20,52.2507,5.97306,3.009,15.92,97.7,595
2026-07-11 04:22:56,lht65-20,52.2507,5.97306,3.009,15.92,97.7,790
2026-07-11 04:32:57,lht65-20,52.2507,5.97306,3.009,15.97,97.7,900
2026-07-11 04:42:56,lht65-20,52.2507,5.97306,3.009,16.0,97.6,1155
2026-07-11 04:52:56,lht65-20,52.2507,5.97306,3.009,16.0,97.6,1075
2026-07-11 05:02:56,lht65-20,52.2507,5.97306,3.009,16.07,97.7,1111
2026-07-11 05:12:56,lht65-20,52.2507,5.97306,3.01,16.1,97.7,1703
2026-07-11 05:22:56,lht65-20,52.2507,5.97306,3.009,16.1,97.7,1950
2026-07-11 05:32:56,lht65-20,52.2507,5.97306,3.009,15.96,97.6,2031
2026-07-11 05:42:57,lht65-20,52.2507,5.97306,3.009,15.94,97.6,2298
2026-07-11 05:52:56,lht65-20,52.2507,5.97306,3.009,15.94,97.6,2786
2026-07-11 06:02:56,lht65-20,52.2507,5.97306,3.009,15.95,97.6,3046
2026-07-11 06:12:56,lht65-20,52.2507,5.97306,3.009,15.91,97.6,3081
2026-07-11 06:22:56,lht65-20,52.2507,5.97306,3.009,15.98,97.5,3308
2026-07-11 06:32:57,lht65-20,52.2507,5.97306,3.009,16.11,97.5,4385
2026-07-11 06:42:56,lht65-20,52.2507,5.97306,3.009,16.17,97.4,4405
2026-07-11 06:52:56,lht65-20,52.2507,5.97306,3.009,16.23,97.4,4635
2026-07-11 07:02:56,lht65-20,52.2507,5.97306,3.009,16.34,97.3,4592
2026-07-11 07:12:56,lht65-20,52.2507,5.97306,3.009,16.54,97.2,5521
2026-07-11 07:22:56,lht65-20,52.2507,5.97306,3.009,16.7,96.8,6143
2026-07-11 07:32:56,lht65-20,52.2507,5.97306,3.009,16.89,96.2,6315
2026-07-11 07:42:56,lht65-20,52.2507,5.97306,3.009,17.13,95.3,5902
2026-07-11 07:52:56,lht65-20,52.2507,5.97306,3.009,17.26,94.2,6121
2026-07-11 08:03:00,lht65-20,52.2507,5.97306,3.009,17.35,93.8,6311
2026-07-11 08:12:56,lht65-20,52.2507,5.97306,3.009,17.6,93.5,7158
2026-07-11 08:22:57,lht65-20,52.2507,5.97306,3.012,17.94,91.9,8339
2026-07-11 08:32:56,lht65-20,52.2507,5.97306,3.012,18.07,91.0,9663
2026-07-11 08:42:56,lht65-20,52.2507,5.97306,3.009,18.49,89.7,10711
2026-07-11 08:52:56,lht65-20,52.2507,5.97306,3.012,18.58,89.0,10157
2026-07-11 09:02:56,lht65-20,52.2507,5.97306,3.012,18.85,87.5,11093
2026-07-11 09:22:56,lht65-20,52.2507,5.97306,3.012,18.85,88.4,8847
2026-07-11 09:32:57,lht65-20,52.2507,5.97306,3.012,19.13,87.7,10010
2026-07-11 09:42:56,lht65-20,52.2507,5.97306,3.012,19.43,88.1,12077
2026-07-11 09:52:56,lht65-20,52.2507,5.97306,3.009,19.91,86.5,14434
2026-07-11 10:02:56,lht65-20,52.2507,5.97306,3.012,20.48,82.7,19406
2026-07-11 10:13:00,lht65-20,52.2507,5.97306,3.012,20.92,81.5,18818
2026-07-11 10:22:56,lht65-20,52.2507,5.97306,3.012,21.17,80.0,18683
2026-07-11 10:32:56,lht65-20,52.2507,5.97306,3.012,21.96,78.7,45068
2026-07-11 10:52:56,lht65-20,52.2507,5.97306,3.014,22.55,77.7,23566
2026-07-11 11:02:56,lht65-20,52.2507,5.97306,3.012,22.92,76.2,36354
2026-07-11 11:12:56,lht65-20,52.2507,5.97306,3.012,23.33,73.7,35735
2026-07-11 11:22:57,lht65-20,52.2507,5.97306,3.014,24.2,74.7,37420
2026-07-11 11:32:56,lht65-20,52.2507,5.97306,3.016,24.34,71.7,35674
2026-07-11 11:42:56,lht65-20,52.2507,5.97306,3.014,24.67,69.5,35746
2026-07-11 11:52:56,lht65-20,52.2507,5.97306,3.016,25.01,69.2,35467
2026-07-11 12:02:56,lht65-20,52.2507,5.97306,3.016,25.16,70.0,35640
2026-07-11 12:13:02,lht65-20,52.2507,5.97306,3.016,24.99,67.3,35229
2026-07-11 12:22:56,lht65-20,52.2507,5.97306,3.016,25.19,67.1,34943
2026-07-11 12:32:56,lht65-20,52.2507,5.97306,3.016,25.44,66.8,34954
2026-07-11 12:42:56,lht65-20,52.2507,5.97306,3.016,25.65,66.7,34481
2026-07-11 12:52:56,lht65-20,52.2507,5.97306,3.016,26.15,65.1,34125
2026-07-11 13:02:56,lht65-20,52.2507,5.97306,3.016,26.26,64.0,34200
2026-07-11 13:12:59,lht65-20,52.2507,5.97306,3.016,26.75,65.2,32908
2026-07-11 13:22:56,lht65-20,52.2507,5.97306,3.018,26.58,62.3,32965
2026-07-11 13:32:56,lht65-20,52.2507,5.97306,3.018,27.2,61.1,32467
2026-07-11 13:42:56,lht65-20,52.2507,5.97306,3.016,27.52,59.1,32388
2026-07-11 13:52:56,lht65-20,52.2507,5.97306,3.018,27.42,61.7,29875
2026-07-11 14:02:56,lht65-20,52.2507,5.97306,3.018,27.77,60.1,30691
2026-07-11 14:12:56,lht65-20,52.2507,5.97306,3.018,27.8,61.0,31725
2026-07-11 14:22:56,lht65-20,52.2507,5.97306,3.016,27.68,59.1,30290
2026-07-11 14:42:57,lht65-20,52.2507,5.97306,3.018,27.65,61.1,29234
2026-07-11 14:52:56,lht65-20,52.2507,5.97306,3.018,28.09,60.0,29161
2026-07-11 15:02:56,lht65-20,52.2507,5.97306,3.018,28.31,59.2,28781
2026-07-11 15:12:56,lht65-20,52.2507,5.97306,3.018,28.17,60.5,28097
2026-07-11 15:22:57,lht65-20,52.2507,5.97306,3.018,28.46,60.9,26031
2026-07-11 15:32:56,lht65-20,52.2507,5.97306,3.018,28.46,58.5,27145
2026-07-11 15:42:56,lht65-20,52.2507,5.97306,3.019,28.2,59.7,26037
2026-07-11 15:52:56,lht65-20,52.2507,5.97306,3.018,28.23,58.7,25570
2026-07-11 16:02:56,lht65-20,52.2507,5.97306,3.019,28.46,60.0,23972
2026-07-11 16:12:57,lht65-20,52.2507,5.97306,3.018,28.11,60.7,23906
2026-07-11 16:22:59,lht65-20,52.2507,5.97306,3.018,28.34,58.0,23058
2026-07-11 16:32:56,lht65-20,52.2507,5.97306,3.019,28.47,58.7,22322
2026-07-11 16:42:56,lht65-20,52.2507,5.97306,3.019,28.29,58.1,21393
2026-07-11 16:52:57,lht65-20,52.2507,5.97306,3.018,28.59,57.0,20533
2026-07-11 17:02:56,lht65-20,52.2507,5.97306,3.018,28.49,56.2,19398
2026-07-11 17:12:57,lht65-20,52.2507,5.97306,3.018,28.17,57.9,18501
2026-07-11 17:22:58,lht65-20,52.2507,5.97306,3.019,27.86,55.6,17335
2026-07-11 17:32:56,lht65-20,52.2507,5.97306,3.019,27.58,58.2,16153
2026-07-11 17:42:56,lht65-20,52.2507,5.97306,3.019,27.67,57.0,14972
2026-07-11 17:52:56,lht65-20,52.2507,5.97306,3.019,27.46,57.6,13684
2026-07-11 18:02:56,lht65-20,52.2507,5.97306,3.019,27.2,59.7,12432
2026-07-11 18:12:56,lht65-20,52.2507,5.97306,3.021,26.91,58.9,11131
2026-07-11 18:22:56,lht65-20,52.2507,5.97306,3.019,26.58,61.0,9834
2026-07-11 18:32:56,lht65-20,52.2507,5.97306,3.019,26.37,61.4,8315
2026-07-11 18:42:56,lht65-20,52.2507,5.97306,3.019,26.13,63.1,6895
2026-07-11 18:52:56,lht65-20,52.2507,5.97306,3.021,25.8,63.5,5402
2026-07-11 19:02:56,lht65-20,52.2507,5.97306,3.019,25.32,65.3,3936
2026-07-11 19:12:56,lht65-20,52.2507,5.97306,3.018,24.7,69.8,1915
2026-07-11 19:22:58,lht65-20,52.2507,5.97306,3.018,24.22,73.6,1297
2026-07-11 19:42:56,lht65-20,52.2507,5.97306,3.018,23.46,76.4,530
2026-07-11 19:52:56,lht65-20,52.2507,5.97306,3.019,23.05,77.8,280
2026-07-11 20:02:56,lht65-20,52.2507,5.97306,3.018,22.71,78.9,121
2026-07-11 20:12:56,lht65-20,52.2507,5.97306,3.018,22.42,80.0,44
2026-07-11 20:22:56,lht65-20,52.2507,5.97306,3.018,22.08,81.3,13
2026-07-11 20:33:01,lht65-20,52.2507,5.97306,3.016,21.74,82.4,3
2026-07-11 20:42:56,lht65-20,52.2507,5.97306,3.018,21.4,83.2,0
2026-07-11 20:52:56,lht65-20,52.2507,5.97306,3.018,21.15,83.3,0
2026-07-11 21:02:56,lht65-20,52.2507,5.97306,3.018,20.87,83.7,0
2026-07-11 21:12:57,lht65-20,52.2507,5.97306,3.018,20.64,84.4,0
2026-07-11 21:22:56,lht65-20,52.2507,5.97306,3.016,20.5,84.6,0
2026-07-11 21:32:56,lht65-20,52.2507,5.97306,3.018,20.33,84.8,0
2026-07-11 21:42:56,lht65-20,52.2507,5.97306,3.016,20.04,85.4,0
2026-07-11 21:52:56,lht65-20,52.2507,5.97306,3.016,19.81,86.0,0
2026-07-11 22:02:56,lht65-20,52.2507,5.97306,3.016,19.61,86.5,0
2026-07-11 22:12:56,lht65-20,52.2507,5.97306,3.016,19.45,87.1,0
2026-07-11 22:22:56,lht65-20,52.2507,5.97306,3.016,19.18,88.0,0
2026-07-11 22:32:56,lht65-20,52.2507,5.97306,3.016,18.9,89.0,0
2026-07-11 22:42:56,lht65-20,52.2507,5.97306,3.014,18.72,89.6,0
2026-07-11 22:52:56,lht65-20,52.2507,5.97306,3.016,18.46,90.3,0
2026-07-11 23:02:56,lht65-20,52.2507,5.97306,3.016,18.27,91.0,0
2026-07-11 23:12:58,lht65-20,52.2507,5.97306,3.014,18.07,91.7,0
2026-07-11 23:22:56,lht65-20,52.2507,5.97306,3.016,17.85,92.3,0
2026-07-11 23:32:56,lht65-20,52.2507,5.97306,3.016,17.57,92.8,0
2026-07-11 23:42:59,lht65-20,52.2507,5.97306,3.012,17.44,93.5,0
2026-07-11 23:52:56,lht65-20,52.2507,5.97306,3.012,17.32,93.9,0
2026-07-12 00:02:56,lht65-20,52.2507,5.97306,3.014,17.2,94.1,0
2026-07-12 00:12:56,lht65-20,52.2507,5.97306,3.012,17.01,94.4,0
2026-07-12 00:22:56,lht65-20,52.2507,5.97306,3.012,16.84,94.6,0
2026-07-12 00:32:56,lht65-20,52.2507,5.97306,3.014,16.65,94.8,0
2026-07-12 00:42:57,lht65-20,52.2507,5.97306,3.012,16.55,95.2,0
2026-07-12 00:52:56,lht65-20,52.2507,5.97306,3.012,16.42,95.4,0
2026-07-12 01:03:03,lht65-20,52.2507,5.97306,3.012,16.26,95.5,0
2026-07-12 01:12:56,lht65-20,52.2507,5.97306,3.012,16.11,95.6,0
2026-07-12 01:23:07,lht65-20,52.2507,5.97306,3.012,16.0,95.8,0
2026-07-12 01:33:01,lht65-20,52.2507,5.97306,3.012,16.02,96.0,0
2026-07-12 01:43:02,lht65-20,52.2507,5.97306,3.012,16.05,96.1,0
2026-07-12 01:52:56,lht65-20,52.2507,5.97306,3.012,15.98,96.0,0
2026-07-12 02:03:06,lht65-20,52.2507,5.97306,3.012,15.8,95.8,0
2026-07-12 02:12:56,lht65-20,52.2507,5.97306,3.012,15.74,95.9,0
2026-07-12 02:23:07,lht65-20,52.2507,5.97306,3.012,15.61,95.9,0
2026-07-12 02:32:56,lht65-20,52.2507,5.97306,3.012,15.57,96.0,0
2026-07-12 02:43:01,lht65-20,52.2507,5.97306,3.012,15.55,96.2,0
2026-07-12 02:52:56,lht65-20,52.2507,5.97306,3.012,15.54,96.2,4
2026-07-12 03:02:56,lht65-20,52.2507,5.97306,3.012,15.46,96.3,13
2026-07-12 03:12:56,lht65-20,52.2507,5.97306,3.012,15.43,96.4,43
2026-07-12 03:23:02,lht65-20,52.2507,5.97306,3.009,15.38,96.5,96
2026-07-12 03:32:56,lht65-20,52.2507,5.97306,3.012,15.41,96.7,193
2026-07-12 03:43:02,lht65-20,52.2507,5.97306,3.012,15.45,96.8,324
2026-07-12 03:52:57,lht65-20,52.2507,5.97306,3.01,15.51,96.9,505
2026-07-12 04:03:03,lht65-20,52.2507,5.97306,3.012,15.6,97.0,722
2026-07-12 04:12:56,lht65-20,52.2507,5.97306,3.012,15.68,97.1,1120
2026-07-12 04:23:07,lht65-20,52.2507,5.97306,3.012,15.78,97.1,1445
2026-07-12 04:32:56,lht65-20,52.2507,5.97306,3.012,15.88,97.1,1533
2026-07-12 04:43:02,lht65-20,52.2507,5.97306,3.012,15.91,97.0,1735
2026-07-12 04:52:58,lht65-20,52.2507,5.97306,3.012,15.97,96.8,2640
2026-07-12 05:03:06,lht65-20,52.2507,5.97306,3.012,16.13,96.6,3231
2026-07-12 05:12:56,lht65-20,52.2507,5.97306,3.012,16.36,96.2,3832
2026-07-12 05:23:02,lht65-20,52.2507,5.97306,3.012,16.55,95.6,7097
2026-07-12 05:32:56,lht65-20,52.2507,5.97306,3.012,17.82,92.1,12669
2026-07-12 05:43:06,lht65-20,52.2507,5.97306,3.012,18.45,88.4,12353
2026-07-12 05:52:56,lht65-20,52.2507,5.97306,3.012,18.89,86.6,14503
2026-07-12 06:03:04,lht65-20,52.2507,5.97306,3.012,19.2,85.1,16150
2026-07-12 06:12:56,lht65-20,52.2507,5.97306,3.012,19.88,83.0,17541
2026-07-12 06:23:02,lht65-20,52.2507,5.97306,3.014,19.68,82.4,18459
2026-07-12 06:32:56,lht65-20,52.2507,5.97306,3.014,19.31,82.8,20689
2026-07-12 06:43:06,lht65-20,52.2507,5.97306,3.012,19.37,82.6,21463
2026-07-12 06:52:56,lht65-20,52.2507,5.97306,3.014,19.58,82.8,21443
2026-07-12 07:03:01,lht65-20,52.2507,5.97306,3.012,19.38,83.8,22518
2026-07-12 07:12:56,lht65-20,52.2507,5.97306,3.014,19.96,81.3,5055
2026-07-12 07:23:05,lht65-20,52.2507,5.97306,3.014,20.52,80.4,24274
2026-07-12 07:33:00,lht65-20,52.2507,5.97306,3.014,20.82,80.7,25136
2026-07-12 07:42:58,lht65-20,52.2507,5.97306,3.016,21.59,75.6,25576
2026-07-12 07:52:56,lht65-20,52.2507,5.97306,3.016,21.93,74.2,26355
2026-07-12 08:02:59,lht65-20,52.2507,5.97306,3.016,21.85,75.0,27735
2026-07-12 08:12:56,lht65-20,52.2507,5.97306,3.016,22.18,73.3,28550
2026-07-12 08:23:06,lht65-20,52.2507,5.97306,3.016,22.64,71.8,29561
2026-07-12 08:32:56,lht65-20,52.2507,5.97306,3.018,22.93,69.8,30391
2026-07-12 08:43:01,lht65-20,52.2507,5.97306,3.016,22.98,71.6,27558
2026-07-12 08:52:56,lht65-20,52.2507,5.97306,3.016,23.63,70.5,30875
2026-07-12 09:02:56,lht65-20,52.2507,5.97306,3.018,23.88,71.6,31617
2026-07-12 09:12:56,lht65-20,52.2507,5.97306,3.016,24.68,64.3,31921
2026-07-12 09:23:07,lht65-20,52.2507,5.97306,3.016,24.72,64.5,32278
2026-07-12 09:32:56,lht65-20,52.2507,5.97306,3.018,24.82,63.0,32830
2026-07-12 09:43:06,lht65-20,52.2507,5.97306,3.016,25.68,62.9,33822
2026-07-12 09:52:56,lht65-20,52.2507,5.97306,3.018,25.48,59.3,22203
2026-07-12 10:02:58,lht65-20,52.2507,5.97306,3.018,26.01,58.8,36032
2026-07-12 10:12:56,lht65-20,52.2507,5.97306,3.018,26.3,56.9,21552
2026-07-12 10:23:01,lht65-20,52.2507,5.97306,3.016,26.47,57.4,35723
2026-07-12 10:32:56,lht65-20,52.2507,5.97306,3.018,26.74,54.0,35402
2026-07-12 10:43:01,lht65-20,52.2507,5.97306,3.018,27.67,55.3,38569
2026-07-12 10:52:56,lht65-20,52.2507,5.97306,3.018,27.89,53.3,38721
2026-07-12 11:02:56,lht65-20,52.2507,5.97306,3.019,27.9,57.1,30261
2026-07-12 11:12:56,lht65-20,52.2507,5.97306,3.018,27.37,55.3,29742
2026-07-12 11:22:56,lht65-20,52.2507,5.97306,3.018,27.95,50.9,38401
2026-07-12 11:32:56,lht65-20,52.2507,5.97306,3.019,28.48,49.3,39061
2026-07-12 11:42:56,lht65-20,52.2507,5.97306,3.018,29.21,48.0,35058
2026-07-12 11:52:56,lht65-20,52.2507,5.97306,3.019,28.61,47.6,35745
2026-07-12 12:02:56,lht65-20,52.2507,5.97306,3.019,28.71,48.5,25260
2026-07-12 12:12:56,lht65-20,52.2507,5.97306,3.019,27.65,51.5,25808
2026-07-12 12:22:56,lht65-20,52.2507,5.97306,3.021,27.42,49.5,27038
2026-07-12 12:32:56,lht65-20,52.2507,5.97306,3.018,27.48,52.5,23772
2026-07-12 12:42:56,lht65-20,52.2507,5.97306,3.019,27.23,48.2,29350
2026-07-12 12:52:56,lht65-20,52.2507,5.97306,3.021,27.62,49.2,29187
2026-07-12 13:02:56,lht65-20,52.2507,5.97306,3.021,28.23,47.2,28285
2026-07-12 13:12:56,lht65-20,52.2507,5.97306,3.021,28.05,45.5,30043
2026-07-12 13:22:56,lht65-20,52.2507,5.97306,3.021,27.92,48.1,28374
2026-07-12 13:32:56,lht65-20,52.2507,5.97306,3.021,27.87,48.1,26345
2026-07-12 13:42:56,lht65-20,52.2507,5.97306,3.019,28.0,52.7,29958
2026-07-12 13:52:56,lht65-20,52.2507,5.97306,3.021,28.06,49.0,30486
2026-07-12 14:02:56,lht65-20,52.2507,5.97306,3.021,28.52,49.2,34849
2026-07-12 14:12:56,lht65-20,52.2507,5.97306,3.021,28.53,44.0,31994
2026-07-12 14:22:57,lht65-20,52.2507,5.97306,3.021,28.7,44.5,31115
2026-07-12 14:32:56,lht65-20,52.2507,5.97306,3.021,28.52,46.3,31392
2026-07-12 14:42:57,lht65-20,52.2507,5.97306,3.023,28.97,43.1,30258
2026-07-12 14:52:56,lht65-20,52.2507,5.97306,3.021,28.61,42.4,29385
2026-07-12 15:02:57,lht65-20,52.2507,5.97306,3.023,27.58,43.3,23487
2026-07-12 15:12:56,lht65-20,52.2507,5.97306,3.023,27.58,42.3,21221
2026-07-12 15:22:56,lht65-20,52.2507,5.97306,3.021,26.83,40.9,22174
2026-07-12 15:32:56,lht65-20,52.2507,5.97306,3.021,26.83,40.3,25341
2026-07-12 15:42:56,lht65-20,52.2507,5.97306,3.021,27.57,40.1,27712
2026-07-12 15:52:56,lht65-20,52.2507,5.97306,3.021,27.04,40.9,21040
2026-07-12 16:02:56,lht65-20,52.2507,5.97306,3.023,27.04,45.6,25585
2026-07-12 16:12:56,lht65-20,52.2507,5.97306,3.023,26.94,42.4,18435
2026-07-12 16:22:56,lht65-20,52.2507,5.97306,3.023,27.12,43.9,25801
2026-07-12 16:32:56,lht65-20,52.2507,5.97306,3.023,26.92,42.8,23923
2026-07-12 16:42:56,lht65-20,52.2507,5.97306,3.023,26.46,42.2,22499
2026-07-12 16:52:56,lht65-20,52.2507,5.97306,3.023,26.69,43.3,21351
2026-07-12 17:02:56,lht65-20,52.2507,5.97306,3.023,26.26,43.2,20293
2026-07-12 17:12:56,lht65-20,52.2507,5.97306,3.021,26.16,45.6,19195
2026-07-12 17:22:56,lht65-20,52.2507,5.97306,3.021,25.91,46.8,18251
2026-07-12 17:32:56,lht65-20,52.2507,5.97306,3.021,25.64,47.2,17086
2026-07-12 17:42:56,lht65-20,52.2507,5.97306,3.023,25.41,48.1,15908
2026-07-12 17:52:56,lht65-20,52.2507,5.97306,3.021,25.04,50.2,14610
2026-07-12 18:02:56,lht65-20,52.2507,5.97306,3.021,25.08,51.3,13365
2026-07-12 18:12:56,lht65-20,52.2507,5.97306,3.021,24.77,52.3,11845
2026-07-12 18:22:56,lht65-20,52.2507,5.97306,3.021,24.62,53.0,10441
2026-07-12 18:32:56,lht65-20,52.2507,5.97306,3.021,24.11,54.5,8832
2026-07-12 18:42:56,lht65-20,52.2507,5.97306,3.019,23.52,55.7,6672
2026-07-12 18:52:56,lht65-20,52.2507,5.97306,3.021,23.0,58.7,4475
2026-07-12 19:02:56,lht65-20,52.2507,5.97306,3.019,22.44,60.2,3102
2026-07-12 19:12:56,lht65-20,52.2507,5.97306,3.019,21.65,60.3,1493
2026-07-12 19:22:56,lht65-20,52.2507,5.97306,3.019,20.78,62.0,1020
2026-07-12 19:32:56,lht65-20,52.2507,5.97306,3.019,20.2,63.7,705
2026-07-12 19:42:56,lht65-20,52.2507,5.97306,3.018,19.59,64.7,420
2026-07-12 19:52:56,lht65-20,52.2507,5.97306,3.019,19.06,67.2,210
2026-07-12 20:02:56,lht65-20,52.2507,5.97306,3.018,18.66,69.3,98
2026-07-12 20:12:56,lht65-20,52.2507,5.97306,3.018,18.22,70.3,35
2026-07-12 20:22:56,lht65-20,52.2507,5.97306,3.016,17.73,72.0,10
2026-07-12 20:32:56,lht65-20,52.2507,5.97306,3.016,17.23,74.6,2
2026-07-12 20:42:56,lht65-20,52.2507,5.97306,3.016,16.96,76.2,0
2026-07-12 20:52:56,lht65-20,52.2507,5.97306,3.016,16.74,77.0,0
2026-07-12 21:02:56,lht65-20,52.2507,5.97306,3.016,16.48,78.1,0
2026-07-12 21:12:56,lht65-20,52.2507,5.97306,3.014,16.15,79.8,0
2026-07-12 21:22:56,lht65-20,52.2507,5.97306,3.014,15.88,81.3,0
2026-07-12 21:32:56,lht65-20,52.2507,5.97306,3.016,15.61,83.0,0
2026-07-12 21:42:56,lht65-20,52.2507,5.97306,3.014,15.41,84.5,0
2026-07-12 21:52:56,lht65-20,52.2507,5.97306,3.014,15.37,86.0,0
2026-07-12 22:02:56,lht65-20,52.2507,5.97306,3.012,15.41,85.8,0
2026-07-12 22:12:56,lht65-20,52.2507,5.97306,3.012,15.21,86.5,0
2026-07-12 22:22:56,lht65-20,52.2507,5.97306,3.012,15.09,87.0,0
2026-07-12 22:32:56,lht65-20,52.2507,5.97306,3.014,14.93,87.5,0
2026-07-12 22:42:56,lht65-20,52.2507,5.97306,3.012,14.81,87.9,0
2026-07-12 22:52:56,lht65-20,52.2507,5.97306,3.012,14.57,88.8,0
2026-07-12 23:02:57,lht65-20,52.2507,5.97306,3.012,14.27,89.2,0
2026-07-12 23:12:56,lht65-20,52.2507,5.97306,3.012,13.96,90.6,0
2026-07-12 23:22:56,lht65-20,52.2507,5.97306,3.012,13.67,92.0,0
2026-07-12 23:32:56,lht65-20,52.2507,5.97306,3.012,13.39,92.3,0
2026-07-12 23:42:56,lht65-20,52.2507,5.97306,3.012,13.12,93.0,0
2026-07-12 23:52:56,lht65-20,52.2507,5.97306,3.01,12.91,93.8,0
2026-07-13 00:02:56,lht65-20,52.2507,5.97306,3.009,12.33,93.1,0
2026-07-13 00:12:56,lht65-20,52.2507,5.97306,3.009,12.02,93.6,0
2026-07-13 00:22:56,lht65-20,52.2507,5.97306,3.009,12.18,94.8,0
2026-07-13 00:32:56,lht65-20,52.2507,5.97306,3.009,11.96,95.3,0
2026-07-13 00:42:59,lht65-20,52.2507,5.97306,3.009,11.47,95.2,0
2026-07-13 00:52:56,lht65-20,52.2507,5.97306,3.007,11.01,94.9,0
2026-07-13 01:02:56,lht65-20,52.2507,5.97306,3.007,10.69,94.8,0
2026-07-13 01:12:56,lht65-20,52.2507,5.97306,3.005,10.65,95.2,0
2026-07-13 01:22:56,lht65-20,52.2507,5.97306,3.005,10.84,95.8,0
2026-07-13 01:32:56,lht65-20,52.2507,5.97306,3.005,11.22,96.3,0
2026-07-13 01:42:56,lht65-20,52.2507,5.97306,3.007,11.37,96.6,0
2026-07-13 01:52:56,lht65-20,52.2507,5.97306,3.007,10.93,96.8,0
2026-07-13 02:02:56,lht65-20,52.2507,5.97306,3.007,10.86,96.9,0
2026-07-13 02:12:56,lht65-20,52.2507,5.97306,3.005,11.08,97.1,0
2026-07-13 02:22:56,lht65-20,52.2507,5.97306,3.005,11.34,97.2,0
2026-07-13 02:32:57,lht65-20,52.2507,5.97306,3.005,11.38,97.3,0
2026-07-13 02:42:57,lht65-20,52.2507,5.97306,3.005,11.18,97.4,0
2026-07-13 02:52:58,lht65-20,52.2507,5.97306,3.005,11.2,97.5,3
2026-07-13 03:02:57,lht65-20,52.2507,5.97306,3.005,11.09,97.6,14
2026-07-13 03:12:56,lht65-20,52.2507,5.97306,3.005,11.04,97.6,45
2026-07-13 03:22:57,lht65-20,52.2507,5.97306,3.005,10.57,97.7,116
2026-07-13 03:32:58,lht65-20,52.2507,5.97306,3.003,10.13,97.7,232
2026-07-13 03:42:56,lht65-20,52.2507,5.97306,3.001,9.98,97.8,386
2026-07-13 03:52:56,lht65-20,52.2507,5.97306,3.003,10.1,97.8,449
2026-07-13 04:02:56,lht65-20,52.2507,5.97306,3.003,11.1,97.8,634
2026-07-13 04:12:56,lht65-20,52.2507,5.97306,3.005,11.73,97.8,1031
2026-07-13 04:22:56,lht65-20,52.2507,5.97306,3.007,12.39,97.9,1335
2026-07-13 04:32:56,lht65-20,52.2507,5.97306,3.009,13.03,97.9,1557
2026-07-13 04:42:57,lht65-20,52.2507,5.97306,3.007,13.59,97.9,2014
2026-07-13 04:52:57,lht65-20,52.2507,5.97306,3.009,13.98,98.0,2397
2026-07-13 05:02:56,lht65-20,52.2507,5.97306,3.009,14.37,97.9,2968
2026-07-13 05:12:57,lht65-20,52.2507,5.97306,3.009,14.55,97.9,3194
2026-07-13 05:22:56,lht65-20,52.2507,5.97306,3.009,14.81,97.9,4283
2026-07-13 05:32:56,lht65-20,52.2507,5.97306,3.009,14.93,98.0,3844
2026-07-13 05:42:56,lht65-20,52.2507,5.97306,3.01,15.01,98.0,4302
2026-07-13 05:52:59,lht65-20,52.2507,5.97306,3.009,15.16,98.0,5697
2026-07-13 06:02:56,lht65-20,52.2507,5.97306,3.009,15.13,98.0,6647
2026-07-13 06:12:56,lht65-20,52.2507,5.97306,3.012,15.33,98.0,9419
2026-07-13 06:22:56,lht65-20,52.2507,5.97306,3.01,15.63,98.0,8786
2026-07-13 06:42:57,lht65-20,52.2507,5.97306,3.01,16.96,97.2,14141
2026-07-13 06:52:57,lht65-20,52.2507,5.97306,3.012,17.68,89.9,20348
2026-07-13 07:02:56,lht65-20,52.2507,5.97306,3.012,18.3,83.2,18092
2026-07-13 07:12:56,lht65-20,52.2507,5.97306,3.012,18.54,80.7,23638
2026-07-13 07:22:56,lht65-20,52.2507,5.97306,3.012,19.07,79.0,20535
2026-07-13 07:32:56,lht65-20,52.2507,5.97306,3.014,19.61,78.4,26017
2026-07-13 07:42:56,lht65-20,52.2507,5.97306,3.014,20.05,75.4,25825
2026-07-13 07:52:56,lht65-20,52.2507,5.97306,3.012,20.33,74.8,26500
2026-07-13 08:02:56,lht65-20,52.2507,5.97306,3.016,20.29,74.0,26759
2026-07-13 08:12:56,lht65-20,52.2507,5.97306,3.016,20.58,72.3,27144
2026-07-13 08:22:56,lht65-20,52.2507,5.97306,3.016,21.11,72.3,27876
2026-07-13 08:32:58,lht65-20,52.2507,5.97306,3.016,21.2,69.5,28449
2026-07-13 08:42:56,lht65-20,52.2507,5.97306,3.016,21.55,72.9,28932
2026-07-13 08:52:56,lht65-20,52.2507,5.97306,3.016,21.83,68.7,29784
2026-07-13 09:02:56,lht65-20,52.2507,5.97306,3.016,21.87,68.2,30161
2026-07-13 09:12:56,lht65-20,52.2507,5.97306,3.016,22.17,66.9,30918
2026-07-13 09:22:56,lht65-20,52.2507,5.97306,3.016,22.45,63.2,31460
2026-07-13 09:32:56,lht65-20,52.2507,5.97306,3.016,22.74,66.3,31690
2026-07-13 09:42:56,lht65-20,52.2507,5.97306,3.016,23.44,64.2,32231
2026-07-13 09:52:56,lht65-20,52.2507,5.97306,3.018,23.33,62.4,32678
2026-07-13 10:02:56,lht65-20,52.2507,5.97306,3.016,23.51,64.2,33277
2026-07-13 10:12:56,lht65-20,52.2507,5.97306,3.016,23.82,61.4,33751
2026-07-13 10:22:56,lht65-20,52.2507,5.97306,3.018,24.08,60.8,34050
2026-07-13 10:32:56,lht65-20,52.2507,5.97306,3.016,24.46,58.0,34464
2026-07-13 10:42:56,lht65-20,52.2507,5.97306,3.018,24.93,58.0,34784
2026-07-13 10:52:56,lht65-20,52.2507,5.97306,3.018,24.98,58.4,35026
2026-07-13 11:02:56,lht65-20,52.2507,5.97306,3.016,25.34,56.2,35254
2026-07-13 11:12:56,lht65-20,52.2507,5.97306,3.018,25.52,56.0,35081
2026-07-13 11:22:56,lht65-20,52.2507,5.97306,3.018,26.02,55.8,35112
2026-07-13 11:32:56,lht65-20,52.2507,5.97306,3.018,25.82,56.8,35165
2026-07-13 11:42:56,lht65-20,52.2507,5.97306,3.018,26.44,55.3,34870
2026-07-13 11:52:56,lht65-20,52.2507,5.97306,3.018,26.03,54.5,34753
2026-07-13 12:02:56,lht65-20,52.2507,5.97306,3.019,26.3,53.2,34704
2026-07-13 12:12:56,lht65-20,52.2507,5.97306,3.019,26.19,51.8,34523
2026-07-13 12:22:56,lht65-20,52.2507,5.97306,3.019,26.62,52.2,34762
2026-07-13 12:32:56,lht65-20,52.2507,5.97306,3.018,26.75,52.3,34600
2026-07-13 12:42:56,lht65-20,52.2507,5.97306,3.019,27.51,50.0,34495
2026-07-13 12:52:56,lht65-20,52.2507,5.97306,3.019,27.71,47.9,34360
2026-07-13 13:02:56,lht65-20,52.2507,5.97306,3.019,27.61,46.2,33605
2026-07-13 13:12:56,lht65-20,52.2507,5.97306,3.019,27.46,48.6,33315
2026-07-13 13:22:56,lht65-20,52.2507,5.97306,3.019,27.58,45.3,33155
2026-07-13 13:32:56,lht65-20,52.2507,5.97306,3.019,28.13,44.8,32715
2026-07-13 13:42:56,lht65-20,52.2507,5.97306,3.019,28.52,47.1,32266
2026-07-13 13:52:56,lht65-20,52.2507,5.97306,3.019,28.54,47.1,31911
2026-07-13 14:02:56,lht65-20,52.2507,5.97306,3.023,28.12,46.1,31657
2026-07-13 14:12:56,lht65-20,52.2507,5.97306,3.021,28.69,48.0,30967
2026-07-13 14:22:56,lht65-20,52.2507,5.97306,3.021,28.47,45.6,30535
2026-07-13 14:32:56,lht65-20,52.2507,5.97306,3.023,28.33,46.0,29533
2026-07-13 14:42:56,lht65-20,52.2507,5.97306,3.021,28.98,46.1,29373
2026-07-13 14:52:56,lht65-20,52.2507,5.97306,3.021,28.61,47.7,28775
2026-07-13 15:02:56,lht65-20,52.2507,5.97306,3.023,28.79,48.4,28101
2026-07-13 15:12:56,lht65-20,52.2507,5.97306,3.023,28.76,51.7,27251
2026-07-13 15:22:56,lht65-20,52.2507,5.97306,3.023,28.61,47.3,26858
2026-07-13 15:32:56,lht65-20,52.2507,5.97306,3.023,29.28,46.6,25945
2026-07-13 15:42:56,lht65-20,52.2507,5.97306,3.023,29.04,46.2,25063
2026-07-13 15:52:56,lht65-20,52.2507,5.97306,3.023,28.91,46.3,24346
2026-07-13 16:02:56,lht65-20,52.2507,5.97306,3.023,28.93,46.9,23766
2026-07-13 16:12:56,lht65-20,52.2507,5.97306,3.023,28.92,45.6,22186
2026-07-13 16:22:56,lht65-20,52.2507,5.97306,3.023,29.05,49.3,22570
2026-07-13 16:32:56,lht65-20,52.2507,5.97306,3.021,29.59,48.6,20207
2026-07-13 16:42:56,lht65-20,52.2507,5.97306,3.023,29.41,46.1,20166
2026-07-13 16:52:56,lht65-20,52.2507,5.97306,3.023,29.54,49.8,19800
2026-07-13 17:02:57,lht65-20,52.2507,5.97306,3.023,29.94,46.6,16684
2026-07-13 17:12:56,lht65-20,52.2507,5.97306,3.023,29.22,49.7,17854
2026-07-13 17:22:56,lht65-20,52.2507,5.97306,3.023,28.85,46.8,16375
2026-07-13 17:32:56,lht65-20,52.2507,5.97306,3.023,28.66,47.1,14815
2026-07-13 17:42:56,lht65-20,52.2507,5.97306,3.023,28.42,49.5,13734
2026-07-13 17:52:56,lht65-20,52.2507,5.97306,3.025,28.04,51.1,12757
2026-07-13 18:12:56,lht65-20,52.2507,5.97306,3.023,27.6,51.7,10855
2026-07-13 18:22:56,lht65-20,52.2507,5.97306,3.023,27.51,52.0,9211
2026-07-13 18:32:56,lht65-20,52.2507,5.97306,3.023,27.19,53.5,8550
2026-07-13 18:52:56,lht65-20,52.2507,5.97306,3.023,26.97,55.6,5339
2026-07-13 19:02:56,lht65-20,52.2507,5.97306,3.023,26.52,56.2,3888
2026-07-13 19:12:56,lht65-20,52.2507,5.97306,3.023,25.55,58.0,1845
2026-07-13 19:22:56,lht65-20,52.2507,5.97306,3.021,24.53,62.2,1254
2026-07-13 19:32:56,lht65-20,52.2507,5.97306,3.023,23.73,65.3,818
2026-07-13 19:42:56,lht65-20,52.2507,5.97306,3.023,23.01,68.2,479
2026-07-13 19:52:56,lht65-20,52.2507,5.97306,3.021,22.42,71.5,241
2026-07-13 20:02:56,lht65-20,52.2507,5.97306,3.021,21.98,75.3,100
2026-07-13 20:12:56,lht65-20,52.2507,5.97306,3.021,21.62,78.7,32
2026-07-13 20:22:56,lht65-20,52.2507,5.97306,3.021,21.41,80.6,9
2026-07-13 20:32:56,lht65-20,52.2507,5.97306,3.019,21.24,81.7,2
2026-07-13 20:42:56,lht65-20,52.2507,5.97306,3.019,21.05,82.6,0
2026-07-13 20:52:56,lht65-20,52.2507,5.97306,3.019,20.72,83.9,0
2026-07-13 21:02:56,lht65-20,52.2507,5.97306,3.019,20.42,85.3,0
2026-07-13 21:12:56,lht65-20,52.2507,5.97306,3.021,20.23,86.2,0
2026-07-13 21:22:56,lht65-20,52.2507,5.97306,3.018,20.03,87.0,0
2026-07-13 21:32:56,lht65-20,52.2507,5.97306,3.018,19.82,87.6,0
2026-07-13 21:42:56,lht65-20,52.2507,5.97306,3.019,19.61,88.2,0
2026-07-13 21:52:56,lht65-20,52.2507,5.97306,3.018,19.38,88.8,0
2026-07-13 22:02:56,lht65-20,52.2507,5.97306,3.018,19.13,89.6,0
2026-07-13 22:12:56,lht65-20,52.2507,5.97306,3.018,18.88,90.0,0
2026-07-13 22:22:56,lht65-20,52.2507,5.97306,3.018,18.6,91.0,0
2026-07-13 22:32:56,lht65-20,52.2507,5.97306,3.018,18.54,91.4,0
2026-07-13 22:42:56,lht65-20,52.2507,5.97306,3.018,18.42,91.6,0
2026-07-13 22:52:56,lht65-20,52.2507,5.97306,3.018,18.26,92.1,0
2026-07-13 23:02:56,lht65-20,52.2507,5.97306,3.018,18.09,92.3,0
2026-07-13 23:12:56,lht65-20,52.2507,5.97306,3.016,17.85,92.7,0
2026-07-13 23:22:56,lht65-20,52.2507,5.97306,3.016,17.65,93.2,0
2026-07-13 23:32:56,lht65-20,52.2507,5.97306,3.016,17.51,93.8,0
2026-07-13 23:42:56,lht65-20,52.2507,5.97306,3.016,17.41,94.2,0
2026-07-13 23:52:56,lht65-20,52.2507,5.97306,3.018,17.37,94.4,0
2026-07-14 00:02:56,lht65-20,52.2507,5.97306,3.016,17.32,94.7,0
2026-07-14 00:12:56,lht65-20,52.2507,5.97306,3.016,17.21,94.8,0
2026-07-14 00:22:56,lht65-20,52.2507,5.97306,3.016,17.13,95.1,0
2026-07-14 00:32:56,lht65-20,52.2507,5.97306,3.016,17.1,95.3,0
2026-07-14 00:42:56,lht65-20,52.2507,5.97306,3.016,16.94,95.4,0
2026-07-14 00:52:56,lht65-20,52.2507,5.97306,3.016,16.84,95.5,0
2026-07-14 01:02:56,lht65-20,52.2507,5.97306,3.016,16.76,95.7,0
2026-07-14 01:12:56,lht65-20,52.2507,5.97306,3.016,16.63,95.8,0
2026-07-14 01:22:56,lht65-20,52.2507,5.97306,3.016,16.52,96.0,0
2026-07-14 01:32:56,lht65-20,52.2507,5.97306,3.016,16.47,96.2,0
2026-07-14 01:42:56,lht65-20,52.2507,5.97306,3.016,16.39,96.3,0
2026-07-14 01:52:56,lht65-20,52.2507,5.97306,3.016,16.24,96.4,0
2026-07-14 02:02:56,lht65-20,52.2507,5.97306,3.016,16.22,96.5,0
2026-07-14 02:12:56,lht65-20,52.2507,5.97306,3.016,16.27,96.6,0
2026-07-14 02:22:56,lht65-20,52.2507,5.97306,3.016,16.32,96.7,0
2026-07-14 02:32:56,lht65-20,52.2507,5.97306,3.014,16.26,96.7,0
2026-07-14 02:42:56,lht65-20,52.2507,5.97306,3.016,16.18,96.7,0
2026-07-14 02:52:56,lht65-20,52.2507,5.97306,3.014,16.09,96.7,3
2026-07-14 03:02:56,lht65-20,52.2507,5.97306,3.016,15.91,96.6,11
2026-07-14 03:12:56,lht65-20,52.2507,5.97306,3.016,15.95,96.4,38
2026-07-14 03:22:56,lht65-20,52.2507,5.97306,3.014,15.88,96.2,103
2026-07-14 03:32:56,lht65-20,52.2507,5.97306,3.014,15.82,95.9,237
2026-07-14 03:42:56,lht65-20,52.2507,5.97306,3.014,15.8,95.5,449
2026-07-14 03:52:56,lht65-20,52.2507,5.97306,3.012,15.73,95.2,855
2026-07-14 04:02:56,lht65-20,52.2507,5.97306,3.016,15.99,94.6,952
2026-07-14 04:12:56,lht65-20,52.2507,5.97306,3.014,16.13,93.3,1101
2026-07-14 04:22:56,lht65-20,52.2507,5.97306,3.012,16.18,92.3,1410
2026-07-14 04:32:56,lht65-20,52.2507,5.97306,3.014,16.28,91.5,2520
2026-07-14 04:42:56,lht65-20,52.2507,5.97306,3.014,16.31,90.8,1870
2026-07-14 04:52:56,lht65-20,52.2507,5.97306,3.014,16.31,90.4,2157
2026-07-14 05:02:56,lht65-20,52.2507,5.97306,3.014,16.38,90.3,4121
2026-07-14 05:12:56,lht65-20,52.2507,5.97306,3.014,16.82,88.7,5925
2026-07-14 05:22:56,lht65-20,52.2507,5.97306,3.014,17.56,86.8,9776
2026-07-14 05:32:56,lht65-20,52.2507,5.97306,3.016,18.35,83.7,13600
2026-07-14 05:42:56,lht65-20,52.2507,5.97306,3.016,18.86,81.7,14905
2026-07-14 05:52:56,lht65-20,52.2507,5.97306,3.016,19.23,79.8,15883
2026-07-14 06:02:56,lht65-20,52.2507,5.97306,3.016,19.47,78.6,16888
2026-07-14 06:12:56,lht65-20,52.2507,5.97306,3.016,19.93,78.3,17859
2026-07-14 06:22:56,lht65-20,52.2507,5.97306,3.016,20.07,76.6,18804
2026-07-14 06:32:56,lht65-20,52.2507,5.97306,3.016,20.24,75.1,19490
2026-07-14 06:42:56,lht65-20,52.2507,5.97306,3.016,20.46,75.5,20517
2026-07-14 06:52:56,lht65-20,52.2507,5.97306,3.018,21.13,73.7,20896
2026-07-14 07:02:56,lht65-20,52.2507,5.97306,3.018,21.14,74.2,22025
2026-07-14 07:12:56,lht65-20,52.2507,5.97306,3.018,21.62,71.4,23147
2026-07-14 07:22:56,lht65-20,52.2507,5.97306,3.018,22.12,68.2,24074
2026-07-14 07:32:56,lht65-20,52.2507,5.97306,3.018,22.2,67.8,24760
2026-07-14 07:42:56,lht65-20,52.2507,5.97306,3.018,22.2,68.0,25470
2026-07-14 07:52:56,lht65-20,52.2507,5.97306,3.018,22.64,67.6,26134
2026-07-14 08:02:56,lht65-20,52.2507,5.97306,3.018,23.0,64.9,26748
2026-07-14 08:12:56,lht65-20,52.2507,5.97306,3.019,23.48,63.8,27519
2026-07-14 08:22:56,lht65-20,52.2507,5.97306,3.018,23.57,62.7,28052
2026-07-14 08:32:56,lht65-20,52.2507,5.97306,3.019,23.97,62.7,28640
2026-07-14 08:42:56,lht65-20,52.2507,5.97306,3.018,24.33,59.6,29184
2026-07-14 08:52:56,lht65-20,52.2507,5.97306,3.019,25.06,57.1,29915
2026-07-14 09:02:56,lht65-20,52.2507,5.97306,3.018,25.2,56.0,30446
2026-07-14 09:12:56,lht65-20,52.2507,5.97306,3.019,25.59,54.6,30976
2026-07-14 09:22:56,lht65-20,52.2507,5.97306,3.021,25.89,53.8,31606
2026-07-14 09:32:56,lht65-20,52.2507,5.97306,3.019,26.35,54.9,32125
2026-07-14 09:42:56,lht65-20,52.2507,5.97306,3.021,26.91,52.0,32588
2026-07-14 09:52:56,lht65-20,52.2507,5.97306,3.021,26.98,50.8,33050
2026-07-14 10:02:56,lht65-20,52.2507,5.97306,3.021,27.18,50.2,33408
2026-07-14 10:12:56,lht65-20,52.2507,5.97306,3.021,27.47,51.5,33779
2026-07-14 10:22:56,lht65-20,52.2507,5.97306,3.021,27.65,49.6,34025
2026-07-14 10:32:56,lht65-20,52.2507,5.97306,3.023,27.71,49.4,34427
2026-07-14 10:42:56,lht65-20,52.2507,5.97306,3.021,27.92,47.4,34678
2026-07-14 10:52:56,lht65-20,52.2507,5.97306,3.023,28.27,46.5,35010
2026-07-14 11:02:56,lht65-20,52.2507,5.97306,3.023,28.67,46.0,35170
2026-07-14 11:12:56,lht65-20,52.2507,5.97306,3.023,29.11,43.3,35343
2026-07-14 11:22:56,lht65-20,52.2507,5.97306,3.023,29.14,44.4,35396
2026-07-14 11:32:56,lht65-20,52.2507,5.97306,3.023,29.01,43.9,35467
2026-07-14 11:42:56,lht65-20,52.2507,5.97306,3.023,29.09,44.4,35458
2026-07-14 11:52:56,lht65-20,52.2507,5.97306,3.023,29.09,44.2,35442
2026-07-14 12:02:56,lht65-20,52.2507,5.97306,3.023,29.29,43.7,35544
2026-07-14 12:12:56,lht65-20,52.2507,5.97306,3.025,29.42,41.7,35338
2026-07-14 12:22:56,lht65-20,52.2507,5.97306,3.023,29.74,43.1,34906
2026-07-14 12:32:56,lht65-20,52.2507,5.97306,3.023,29.7,42.5,34701
2026-07-14 12:42:56,lht65-20,52.2507,5.97306,3.023,29.92,44.2,34369
2026-07-14 13:12:56,lht65-20,52.2507,5.97306,3.023,29.95,40.3,33330
2026-07-14 13:22:56,lht65-20,52.2507,5.97306,3.025,30.04,40.5,32783
2026-07-14 13:32:56,lht65-20,52.2507,5.97306,3.023,30.15,38.9,32714
2026-07-14 13:42:56,lht65-20,52.2507,5.97306,3.027,30.28,38.0,33565
2026-07-14 13:52:56,lht65-20,52.2507,5.97306,3.025,30.1,41.2,32161
2026-07-14 14:02:56,lht65-20,52.2507,5.97306,3.027,30.35,38.3,31880
2026-07-14 14:12:56,lht65-20,52.2507,5.97306,3.025,29.84,40.7,31965
2026-07-14 14:22:56,lht65-20,52.2507,5.97306,3.027,29.52,43.2,32526
2026-07-14 14:32:56,lht65-20,52.2507,5.97306,3.025,29.65,41.2,32446
2026-07-14 14:42:56,lht65-20,52.2507,5.97306,3.025,29.6,42.5,31595
2026-07-14 14:52:56,lht65-20,52.2507,5.97306,3.027,29.78,40.7,29425
2026-07-14 15:02:56,lht65-20,52.2507,5.97306,3.027,30.35,40.8,11198
2026-07-14 15:12:56,lht65-20,52.2507,5.97306,3.027,29.9,41.5,27022
2026-07-14 15:22:56,lht65-20,52.2507,5.97306,3.027,29.92,40.8,28884
2026-07-14 15:32:56,lht65-20,52.2507,5.97306,3.027,29.78,42.8,27688
2026-07-14 15:42:56,lht65-20,52.2507,5.97306,3.027,29.69,42.2,26460
2026-07-14 15:52:56,lht65-20,52.2507,5.97306,3.027,29.52,41.7,26002
2026-07-14 16:02:56,lht65-20,52.2507,5.97306,3.027,29.39,41.7,24914
2026-07-14 16:12:56,lht65-20,52.2507,5.97306,3.027,29.23,42.6,24184
2026-07-14 16:22:56,lht65-20,52.2507,5.97306,3.027,29.06,43.5,23615
2026-07-14 16:32:56,lht65-20,52.2507,5.97306,3.027,28.4,45.2,22130
2026-07-14 16:42:56,lht65-20,52.2507,5.97306,3.027,28.34,46.1,21355
2026-07-14 16:52:55,lht65-20,52.2507,5.97306,3.027,28.19,46.1,20380
2026-07-14 17:02:56,lht65-20,52.2507,5.97306,3.027,27.98,46.6,19444
2026-07-14 17:12:56,lht65-20,52.2507,5.97306,3.027,27.83,45.7,18632
2026-07-14 17:22:56,lht65-20,52.2507,5.97306,3.027,27.65,45.2,17530
2026-07-14 17:32:56,lht65-20,52.2507,5.97306,3.027,27.41,46.0,16458
2026-07-14 17:42:55,lht65-20,52.2507,5.97306,3.027,27.16,45.7,15438
2026-07-14 17:52:56,lht65-20,52.2507,5.97306,3.027,26.96,46.0,14275
2026-07-14 18:02:56,lht65-20,52.2507,5.97306,3.027,26.69,47.0,12946
2026-07-14 18:12:56,lht65-20,52.2507,5.97306,3.027,26.41,47.4,11563
2026-07-14 18:22:56,lht65-20,52.2507,5.97306,3.027,26.22,48.0,10210
2026-07-14 18:32:55,lht65-20,52.2507,5.97306,3.025,25.83,49.8,8645
2026-07-14 18:42:55,lht65-20,52.2507,5.97306,3.027,25.4,50.4,7140
2026-07-14 18:52:55,lht65-20,52.2507,5.97306,3.025,25.11,49.9,5790
2026-07-14 19:02:55,lht65-20,52.2507,5.97306,3.027,24.79,49.8,4309
2026-07-14 19:12:56,lht65-20,52.2507,5.97306,3.025,24.24,51.8,1795
2026-07-14 19:22:56,lht65-20,52.2507,5.97306,3.027,23.68,54.0,1343
2026-07-14 19:32:55,lht65-20,52.2507,5.97306,3.023,23.38,55.5,872
2026-07-14 19:42:56,lht65-20,52.2507,5.97306,3.023,23.06,56.6,464
2026-07-14 19:52:56,lht65-20,52.2507,5.97306,3.027,22.68,58.5,236
2026-07-14 20:02:56,lht65-20,52.2507,5.97306,3.025,22.49,60.3,94
2026-07-14 20:12:56,lht65-20,52.2507,5.97306,3.023,22.2,64.4,29
2026-07-14 20:22:56,lht65-20,52.2507,5.97306,3.023,22.09,67.7,8
2026-07-14 20:32:56,lht65-20,52.2507,5.97306,3.023,22.01,69.1,2
2026-07-14 20:42:56,lht65-20,52.2507,5.97306,3.023,21.76,70.0,0
2026-07-14 20:52:56,lht65-20,52.2507,5.97306,3.023,21.65,70.7,0
2026-07-14 21:02:56,lht65-20,52.2507,5.97306,3.023,21.5,71.1,0
2026-07-14 21:12:56,lht65-20,52.2507,5.97306,3.023,21.28,71.8,0
2026-07-14 21:22:55,lht65-20,52.2507,5.97306,3.023,21.16,72.2,0
2026-07-14 21:32:56,lht65-20,52.2507,5.97306,3.023,20.99,72.8,0
2026-07-14 21:42:56,lht65-20,52.2507,5.97306,3.023,20.86,73.5,0
2026-07-14 21:52:56,lht65-20,52.2507,5.97306,3.023,20.65,74.5,0
2026-07-14 22:02:56,lht65-20,52.2507,5.97306,3.023,20.52,75.0,0
2026-07-14 22:12:55,lht65-20,52.2507,5.97306,3.021,20.38,75.7,0
2026-07-14 22:22:56,lht65-20,52.2507,5.97306,3.021,20.26,76.6,0
2026-07-14 22:32:55,lht65-20,52.2507,5.97306,3.021,20.26,77.2,0
2026-07-14 22:42:55,lht65-20,52.2507,5.97306,3.023,20.11,78.3,0
2026-07-14 22:52:56,lht65-20,52.2507,5.97306,3.023,19.93,79.5,0
2026-07-14 23:02:55,lht65-20,52.2507,5.97306,3.021,19.72,80.6,0
2026-07-14 23:12:56,lht65-20,52.2507,5.97306,3.021,19.47,81.7,0
2026-07-14 23:22:56,lht65-20,52.2507,5.97306,3.019,19.25,82.8,0
2026-07-14 23:32:55,lht65-20,52.2507,5.97306,3.021,18.99,84.1,0
2026-07-14 23:42:56,lht65-20,52.2507,5.97306,3.019,18.73,85.2,0
2026-07-14 23:52:56,lht65-20,52.2507,5.97306,3.021,18.51,86.0,0
2026-07-15 00:02:55,lht65-20,52.2507,5.97306,3.019,18.63,85.7,0
2026-07-15 00:12:56,lht65-20,52.2507,5.97306,3.019,18.39,86.0,0
2026-07-15 00:22:55,lht65-20,52.2507,5.97306,3.019,18.27,86.8,0
2026-07-15 00:32:56,lht65-20,52.2507,5.97306,3.019,18.17,87.4,0
2026-07-15 00:42:55,lht65-20,52.2507,5.97306,3.018,18.17,87.1,0
2026-07-15 00:52:56,lht65-20,52.2507,5.97306,3.019,18.11,87.2,0
2026-07-15 01:02:55,lht65-20,52.2507,5.97306,3.019,17.89,87.6,0
2026-07-15 01:12:56,lht65-20,52.2507,5.97306,3.018,17.57,88.6,0
2026-07-15 01:22:55,lht65-20,52.2507,5.97306,3.018,17.29,89.4,0
2026-07-15 01:32:56,lht65-20,52.2507,5.97306,3.018,16.97,90.2,0
2026-07-15 01:42:55,lht65-20,52.2507,5.97306,3.018,16.72,91.0,0
2026-07-15 01:52:55,lht65-20,52.2507,5.97306,3.018,16.33,91.7,0
2026-07-15 02:02:56,lht65-20,52.2507,5.97306,3.016,16.06,92.9,0
2026-07-15 02:12:56,lht65-20,52.2507,5.97306,3.018,15.68,92.9,0
2026-07-15 02:22:56,lht65-20,52.2507,5.97306,3.016,15.61,94.0,0
2026-07-15 02:32:56,lht65-20,52.2507,5.97306,3.016,15.5,94.5,0
2026-07-15 02:42:56,lht65-20,52.2507,5.97306,3.018,15.33,94.7,0
2026-07-15 02:52:55,lht65-20,52.2507,5.97306,3.016,15.32,95.0,2
2026-07-15 03:02:56,lht65-20,52.2507,5.97306,3.016,15.21,95.2,10
2026-07-15 03:12:56,lht65-20,52.2507,5.97306,3.016,15.05,95.3,34
2026-07-15 03:22:56,lht65-20,52.2507,5.97306,3.016,14.92,95.4,92
2026-07-15 03:32:56,lht65-20,52.2507,5.97306,3.016,14.78,95.5,214
2026-07-15 03:42:56,lht65-20,52.2507,5.97306,3.016,14.74,95.7,425
2026-07-15 03:52:56,lht65-20,52.2507,5.97306,3.014,14.83,95.9,779
2026-07-15 04:02:55,lht65-20,52.2507,5.97306,3.016,14.84,96.0,1099
2026-07-15 04:12:56,lht65-20,52.2507,5.97306,3.016,15.03,96.1,1722
2026-07-15 04:22:55,lht65-20,52.2507,5.97306,3.016,15.49,96.2,3520
2026-07-15 04:32:56,lht65-20,52.2507,5.97306,3.016,16.29,95.7,5101
2026-07-15 04:42:56,lht65-20,52.2507,5.97306,3.018,17.03,92.1,6396
2026-07-15 04:52:55,lht65-20,52.2507,5.97306,3.016,17.86,87.7,7610
2026-07-15 05:02:55,lht65-20,52.2507,5.97306,3.018,18.5,83.7,8778
2026-07-15 05:12:56,lht65-20,52.2507,5.97306,3.018,18.78,82.0,10084
2026-07-15 05:22:56,lht65-20,52.2507,5.97306,3.018,19.24,81.1,11079
2026-07-15 05:32:56,lht65-20,52.2507,5.97306,3.018,19.52,78.5,12418
2026-07-15 05:42:56,lht65-20,52.2507,5.97306,3.019,19.57,76.9,13839
2026-07-15 05:52:56,lht65-20,52.2507,5.97306,3.018,19.9,75.4,15218
2026-07-15 06:02:56,lht65-20,52.2507,5.97306,3.018,20.1,76.0,16080
2026-07-15 06:12:55,lht65-20,52.2507,5.97306,3.019,20.21,75.3,17348
2026-07-15 06:22:56,lht65-20,52.2507,5.97306,3.018,20.4,74.6,18305
2026-07-15 06:32:55,lht65-20,52.2507,5.97306,3.019,20.4,72.7,19353
2026-07-15 06:42:56,lht65-20,52.2507,5.97306,3.019,20.81,70.9,20113
2026-07-15 06:52:56,lht65-20,52.2507,5.97306,3.019,21.22,69.3,21306
2026-07-15 07:02:56,lht65-20,52.2507,5.97306,3.018,21.57,68.4,22045
2026-07-15 07:12:55,lht65-20,52.2507,5.97306,3.021,22.0,66.5,22930
2026-07-15 07:22:56,lht65-20,52.2507,5.97306,3.018,22.47,65.3,23545
2026-07-15 07:32:56,lht65-20,52.2507,5.97306,3.019,22.59,61.3,24220
2026-07-15 07:42:55,lht65-20,52.2507,5.97306,3.021,23.03,59.7,24954
2026-07-15 07:52:55,lht65-20,52.2507,5.97306,3.021,23.25,58.5,25449
2026-07-15 08:02:56,lht65-20,52.2507,5.97306,3.023,23.76,55.5,26053
2026-07-15 08:12:55,lht65-20,52.2507,5.97306,3.023,24.05,55.6,26533
2026-07-15 08:22:55,lht65-20,52.2507,5.97306,3.023,24.41,51.6,27160
2026-07-15 08:32:56,lht65-20,52.2507,5.97306,3.021,24.68,52.4,27828
2026-07-15 08:42:56,lht65-20,52.2507,5.97306,3.021,25.11,47.6,28410
2026-07-15 08:52:56,lht65-20,52.2507,5.97306,3.021,25.37,46.0,29148
2026-07-15 09:02:55,lht65-20,52.2507,5.97306,3.021,25.63,43.9,30072
2026-07-15 09:22:55,lht65-20,52.2507,5.97306,3.023,26.14,42.1,29558
2026-07-15 09:32:56,lht65-20,52.2507,5.97306,3.023,26.09,39.6,32254
2026-07-15 09:42:55,lht65-20,52.2507,5.97306,3.023,26.3,40.0,32442
2026-07-15 09:52:56,lht65-20,52.2507,5.97306,3.023,26.78,39.4,32758
2026-07-15 10:02:55,lht65-20,52.2507,5.97306,3.023,26.63,37.8,33307
2026-07-15 10:12:55,lht65-20,52.2507,5.97306,3.023,26.9,38.1,33761
2026-07-15 10:22:55,lht65-20,52.2507,5.97306,3.023,26.93,37.5,34149
2026-07-15 10:32:55,lht65-20,52.2507,5.97306,3.023,27.5,39.0,34390
2026-07-15 10:42:55,lht65-20,52.2507,5.97306,3.023,27.67,38.5,34480
2026-07-15 10:52:55,lht65-20,52.2507,5.97306,3.023,27.6,41.0,34812
2026-07-15 11:02:55,lht65-20,52.2507,5.97306,3.023,27.65,37.0,35263
2026-07-15 11:12:55,lht65-20,52.2507,5.97306,3.023,27.81,36.4,35735
2026-07-15 11:22:56,lht65-20,52.2507,5.97306,3.027,28.53,38.7,37099
2026-07-15 11:32:55,lht65-20,52.2507,5.97306,3.023,27.98,36.4,35292
2026-07-15 11:42:55,lht65-20,52.2507,5.97306,3.023,28.11,36.4,38507
2026-07-15 11:52:55,lht65-20,52.2507,5.97306,3.023,28.26,36.0,34965
2026-07-15 12:02:55,lht65-20,52.2507,5.97306,3.023,28.35,36.7,36380
2026-07-15 12:12:55,lht65-20,52.2507,5.97306,3.027,28.33,32.7,35645
2026-07-15 12:22:55,lht65-20,52.2507,5.97306,3.027,28.89,34.7,35135
2026-07-15 12:32:55,lht65-20,52.2507,5.97306,3.027,29.24,31.3,34678
2026-07-15 12:42:55,lht65-20,52.2507,5.97306,3.027,29.07,32.8,34500
2026-07-15 12:52:56,lht65-20,52.2507,5.97306,3.027,28.82,34.6,34258
2026-07-15 13:02:55,lht65-20,52.2507,5.97306,3.027,29.0,32.4,34303
2026-07-15 13:12:55,lht65-20,52.2507,5.97306,3.027,29.41,33.5,34757
2026-07-15 13:22:55,lht65-20,52.2507,5.97306,3.027,29.74,32.9,35189
2026-07-15 13:32:55,lht65-20,52.2507,5.97306,3.027,29.88,33.5,34619
2026-07-15 13:42:55,lht65-20,52.2507,5.97306,3.027,29.25,33.5,25733
2026-07-15 13:52:55,lht65-20,52.2507,5.97306,3.027,29.55,33.1,33835
2026-07-15 14:02:55,lht65-20,52.2507,5.97306,3.027,29.41,32.5,33271
2026-07-15 14:12:55,lht65-20,52.2507,5.97306,3.027,28.48,35.2,20426
2026-07-15 14:22:56,lht65-20,52.2507,5.97306,3.027,29.21,36.3,32446
2026-07-15 14:32:55,lht65-20,52.2507,5.97306,3.027,30.16,36.7,32090
2026-07-15 14:42:55,lht65-20,52.2507,5.97306,3.027,30.46,35.5,31964
2026-07-15 14:52:55,lht65-20,52.2507,5.97306,3.027,30.04,34.7,29973
2026-07-15 15:02:55,lht65-20,52.2507,5.97306,3.027,29.89,33.4,29289
2026-07-15 15:12:55,lht65-20,52.2507,5.97306,3.027,29.99,36.7,28264
2026-07-15 15:22:55,lht65-20,52.2507,5.97306,3.027,29.28,37.4,27462
2026-07-15 15:32:55,lht65-20,52.2507,5.97306,3.027,28.61,39.4,26430
2026-07-15 15:42:55,lht65-20,52.2507,5.97306,3.027,28.4,39.4,25630
2026-07-15 15:52:55,lht65-20,52.2507,5.97306,3.027,28.49,39.8,25066
2026-07-15 16:02:55,lht65-20,52.2507,5.97306,3.029,28.66,38.9,24220
2026-07-15 16:12:55,lht65-20,52.2507,5.97306,3.027,28.39,38.3,23264
2026-07-15 16:22:55,lht65-20,52.2507,5.97306,3.027,28.39,38.1,22460
2026-07-15 16:32:55,lht65-20,52.2507,5.97306,3.029,28.55,39.4,21625
2026-07-15 16:42:55,lht65-20,52.2507,5.97306,3.029,28.54,38.9,20276
2026-07-15 16:52:55,lht65-20,52.2507,5.97306,3.027,28.33,38.4,19491
2026-07-15 17:02:55,lht65-20,52.2507,5.97306,3.029,28.34,40.2,18499
2026-07-15 17:12:55,lht65-20,52.2507,5.97306,3.027,28.2,38.4,17381
2026-07-15 17:22:55,lht65-20,52.2507,5.97306,3.027,27.78,40.2,16234
2026-07-15 17:32:55,lht65-20,52.2507,5.97306,3.027,27.46,40.9,15078
2026-07-15 17:42:55,lht65-20,52.2507,5.97306,3.027,27.23,43.1,13914
2026-07-15 17:52:55,lht65-20,52.2507,5.97306,3.029,26.94,45.1,12480
2026-07-15 18:02:55,lht65-20,52.2507,5.97306,3.027,26.57,45.7,11015
2026-07-15 18:12:55,lht65-20,52.2507,5.97306,3.029,26.3,44.6,9816
2026-07-15 18:22:55,lht65-20,52.2507,5.97306,3.027,26.04,43.9,8563
2026-07-15 18:42:55,lht65-20,52.2507,5.97306,3.027,25.35,46.8,5973
2026-07-15 18:52:55,lht65-20,52.2507,5.97306,3.027,24.78,48.3,3764
2026-07-15 19:02:55,lht65-20,52.2507,5.97306,3.027,24.2,53.0,1723
2026-07-15 19:12:55,lht65-20,52.2507,5.97306,3.027,23.75,54.1,1143
2026-07-15 19:22:55,lht65-20,52.2507,5.97306,3.025,23.29,53.9,844
2026-07-15 19:32:55,lht65-20,52.2507,5.97306,3.027,22.9,52.7,496
2026-07-15 19:42:55,lht65-20,52.2507,5.97306,3.027,22.54,53.1,254
2026-07-15 19:52:55,lht65-20,52.2507,5.97306,3.025,22.26,54.1,126
2026-07-15 20:02:55,lht65-20,52.2507,5.97306,3.025,21.97,56.5,55
2026-07-15 20:12:55,lht65-20,52.2507,5.97306,3.025,21.66,58.7,17
2026-07-15 20:22:55,lht65-20,52.2507,5.97306,3.023,21.34,60.2,5
2026-07-15 20:32:55,lht65-20,52.2507,5.97306,3.025,20.95,62.2,0
2026-07-15 20:42:55,lht65-20,52.2507,5.97306,3.023,20.71,62.1,0
2026-07-15 20:52:55,lht65-20,52.2507,5.97306,3.023,20.5,62.8,0
2026-07-15 21:02:55,lht65-20,52.2507,5.97306,3.023,20.23,63.1,0
2026-07-15 21:12:55,lht65-20,52.2507,5.97306,3.023,19.95,65.1,0
2026-07-15 21:22:55,lht65-20,52.2507,5.97306,3.023,19.63,66.4,0
2026-07-15 21:32:55,lht65-20,52.2507,5.97306,3.023,19.47,67.5,0
2026-07-15 21:42:55,lht65-20,52.2507,5.97306,3.023,19.58,67.8,0
2026-07-15 21:52:55,lht65-20,52.2507,5.97306,3.023,19.53,68.9,0
2026-07-15 22:02:55,lht65-20,52.2507,5.97306,3.021,19.39,69.2,0
2026-07-15 22:12:55,lht65-20,52.2507,5.97306,3.023,19.63,69.3,0
2026-07-15 22:22:55,lht65-20,52.2507,5.97306,3.023,19.72,69.3,0
2026-07-15 22:32:55,lht65-20,52.2507,5.97306,3.021,19.63,69.8,0
2026-07-15 22:42:55,lht65-20,52.2507,5.97306,3.021,19.39,70.9,0
2026-07-15 22:52:55,lht65-20,52.2507,5.97306,3.023,19.15,72.6,0
2026-07-15 23:02:55,lht65-20,52.2507,5.97306,3.023,19.09,73.1,0
2026-07-15 23:12:55,lht65-20,52.2507,5.97306,3.023,18.96,74.0,0
2026-07-15 23:22:55,lht65-20,52.2507,5.97306,3.023,18.89,74.7,0
2026-07-15 23:32:55,lht65-20,52.2507,5.97306,3.021,18.83,74.9,0
2026-07-15 23:42:55,lht65-20,52.2507,5.97306,3.021,18.81,75.2,0
2026-07-15 23:52:55,lht65-20,52.2507,5.97306,3.019,18.54,76.8,0
2026-07-16 00:02:55,lht65-20,52.2507,5.97306,3.021,18.17,78.6,0
2026-07-16 00:12:55,lht65-20,52.2507,5.97306,3.023,17.86,78.2,0
2026-07-16 00:22:55,lht65-20,52.2507,5.97306,3.019,17.57,79.4,0
2026-07-16 00:32:55,lht65-20,52.2507,5.97306,3.019,17.08,81.5,0
2026-07-16 00:42:55,lht65-20,52.2507,5.97306,3.019,16.7,83.8,0
2026-07-16 00:52:55,lht65-20,52.2507,5.97306,3.019,16.56,84.8,0
2026-07-16 01:02:55,lht65-20,52.2507,5.97306,3.019,16.57,85.2,0
2026-07-16 01:12:55,lht65-20,52.2507,5.97306,3.019,16.62,85.3,0
2026-07-16 01:22:55,lht65-20,52.2507,5.97306,3.019,16.46,86.0,0
2026-07-16 01:32:55,lht65-20,52.2507,5.97306,3.018,16.2,86.8,0
2026-07-16 01:42:55,lht65-20,52.2507,5.97306,3.018,16.09,88.1,0
2026-07-16 01:52:55,lht65-20,52.2507,5.97306,3.018,16.03,88.0,0
2026-07-16 02:02:55,lht65-20,52.2507,5.97306,3.018,15.83,88.7,0
2026-07-16 02:12:55,lht65-20,52.2507,5.97306,3.018,15.7,89.2,0
2026-07-16 02:22:55,lht65-20,52.2507,5.97306,3.018,15.57,89.9,0
2026-07-16 02:32:55,lht65-20,52.2507,5.97306,3.018,15.43,90.5,0
2026-07-16 02:42:55,lht65-20,52.2507,5.97306,3.016,15.28,91.0,0
2026-07-16 02:52:55,lht65-20,52.2507,5.97306,3.018,15.26,91.6,1
2026-07-16 03:02:55,lht65-20,52.2507,5.97306,3.018,15.1,92.3,5
2026-07-16 03:12:55,lht65-20,52.2507,5.97306,3.016,14.92,93.1,18
2026-07-16 03:22:55,lht65-20,52.2507,5.97306,3.018,15.04,94.0,55
2026-07-16 03:32:55,lht65-20,52.2507,5.97306,3.016,15.15,94.3,133
2026-07-16 03:42:55,lht65-20,52.2507,5.97306,3.016,15.24,94.4,277
2026-07-16 03:52:55,lht65-20,52.2507,5.97306,3.018,15.29,94.4,472
2026-07-16 04:02:55,lht65-20,52.2507,5.97306,3.016,15.31,94.4,748
2026-07-16 04:12:55,lht65-20,52.2507,5.97306,3.016,15.38,94.6,870
2026-07-16 04:22:55,lht65-20,52.2507,5.97306,3.016,15.38,94.6,1138
2026-07-16 04:32:55,lht65-20,52.2507,5.97306,3.018,15.34,94.5,1495
2026-07-16 04:42:55,lht65-20,52.2507,5.97306,3.016,15.37,94.8,1740
2026-07-16 04:52:55,lht65-20,52.2507,5.97306,3.016,15.49,94.9,2019
2026-07-16 05:02:55,lht65-20,52.2507,5.97306,3.016,15.65,94.8,2760
2026-07-16 05:12:55,lht65-20,52.2507,5.97306,3.016,15.87,94.7,3486
2026-07-16 05:22:55,lht65-20,52.2507,5.97306,3.016,16.08,94.4,3186
2026-07-16 05:32:55,lht65-20,52.2507,5.97306,3.018,16.22,94.1,3762
2026-07-16 05:42:55,lht65-20,52.2507,5.97306,3.018,16.44,94.1,4486
2026-07-16 05:52:55,lht65-20,52.2507,5.97306,3.018,16.98,93.7,5604
2026-07-16 06:02:55,lht65-20,52.2507,5.97306,3.018,17.45,89.9,5426
2026-07-16 06:12:55,lht65-20,52.2507,5.97306,3.018,17.73,88.2,4861
2026-07-16 06:22:55,lht65-20,52.2507,5.97306,3.019,17.89,86.8,4729
2026-07-16 06:32:55,lht65-20,52.2507,5.97306,3.018,18.02,85.6,4437
2026-07-16 06:42:55,lht65-20,52.2507,5.97306,3.018,18.01,86.0,3807
2026-07-16 06:52:55,lht65-20,52.2507,5.97306,3.018,18.03,85.6,3798
2026-07-16 07:02:55,lht65-20,52.2507,5.97306,3.018,18.07,84.3,4213
2026-07-16 07:12:55,lht65-20,52.2507,5.97306,3.018,18.16,84.0,4247
2026-07-16 07:22:55,lht65-20,52.2507,5.97306,3.018,18.15,85.1,4014
2026-07-16 07:32:55,lht65-20,52.2507,5.97306,3.018,18.12,84.6,3747
2026-07-16 07:42:55,lht65-20,52.2507,5.97306,3.018,18.25,84.6,5454
2026-07-16 07:52:55,lht65-20,52.2507,5.97306,3.018,18.54,85.3,7770
2026-07-16 08:02:55,lht65-20,52.2507,5.97306,3.018,18.78,84.8,5490
2026-07-16 08:12:55,lht65-20,52.2507,5.97306,3.019,18.92,82.9,4853
2026-07-16 08:22:55,lht65-20,52.2507,5.97306,3.019,18.94,83.8,5433
2026-07-16 08:32:55,lht65-20,52.2507,5.97306,3.018,19.04,82.1,6581
2026-07-16 08:42:55,lht65-20,52.2507,5.97306,3.018,19.29,81.4,7570
2026-07-16 08:52:55,lht65-20,52.2507,5.97306,3.019,19.46,81.0,7740
2026-07-16 09:02:55,lht65-20,52.2507,5.97306,3.018,19.67,80.3,7940
2026-07-16 09:12:55,lht65-20,52.2507,5.97306,3.018,19.79,80.7,8322
2026-07-16 09:22:55,lht65-20,52.2507,5.97306,3.019,20.03,80.4,9030
2026-07-16 09:32:55,lht65-20,52.2507,5.97306,3.019,20.19,79.7,10346
2026-07-16 09:42:55,lht65-20,52.2507,5.97306,3.018,20.48,76.7,11585
2026-07-16 09:52:55,lht65-20,52.2507,5.97306,3.019,20.67,78.1,12700
2026-07-16 10:02:55,lht65-20,52.2507,5.97306,3.019,20.81,76.6,14486
2026-07-16 10:12:55,lht65-20,52.2507,5.97306,3.019,21.11,77.1,14571
2026-07-16 10:22:55,lht65-20,52.2507,5.97306,3.023,21.27,77.5,17042
2026-07-16 10:32:55,lht65-20,52.2507,5.97306,3.021,21.43,76.9,21609
2026-07-16 10:52:55,lht65-20,52.2507,5.97306,3.021,22.93,73.1,22770
2026-07-16 11:02:55,lht65-20,52.2507,5.97306,3.023,23.48,70.7,22629
2026-07-16 11:12:55,lht65-20,52.2507,5.97306,3.023,23.66,68.9,20698
2026-07-16 11:22:55,lht65-20,52.2507,5.97306,3.021,23.2,72.2,22193
2026-07-16 11:32:55,lht65-20,52.2507,5.97306,3.019,23.83,70.0,23488
2026-07-16 11:42:55,lht65-20,52.2507,5.97306,3.021,23.76,66.6,24101
2026-07-16 11:52:55,lht65-20,52.2507,5.97306,3.023,24.22,65.4,27490
2026-07-16 12:02:55,lht65-20,52.2507,5.97306,3.023,24.38,63.5,27330
2026-07-16 12:12:55,lht65-20,52.2507,5.97306,3.023,24.4,62.9,22685
2026-07-16 12:22:55,lht65-20,52.2507,5.97306,3.023,24.24,64.3,20265
2026-07-16 12:32:55,lht65-20,52.2507,5.97306,3.023,24.25,64.8,19140
2026-07-16 12:42:55,lht65-20,52.2507,5.97306,3.023,23.95,65.8,19534
2026-07-16 12:52:55,lht65-20,52.2507,5.97306,3.021,24.3,63.5,22588
2026-07-16 13:02:55,lht65-20,52.2507,5.97306,3.023,24.92,63.5,22070
2026-07-16 13:12:55,lht65-20,52.2507,5.97306,3.023,24.82,62.5,18245
2026-07-16 13:22:55,lht65-20,52.2507,5.97306,3.023,24.91,63.1,20129
2026-07-16 13:32:55,lht65-20,52.2507,5.97306,3.023,25.01,63.6,22066
2026-07-16 13:42:55,lht65-20,52.2507,5.97306,3.023,25.39,61.8,24884
2026-07-16 14:02:55,lht65-20,52.2507,5.97306,3.023,26.48,58.5,29760
2026-07-16 14:12:55,lht65-20,52.2507,5.97306,3.023,26.09,60.0,27425
2026-07-16 14:22:55,lht65-20,52.2507,5.97306,3.023,26.15,59.0,24187
2026-07-16 14:32:55,lht65-20,52.2507,5.97306,3.023,26.2,60.0,26904
2026-07-16 14:42:55,lht65-20,52.2507,5.97306,3.023,27.14,52.5,36883
2026-07-16 14:52:55,lht65-20,52.2507,5.97306,3.023,27.29,53.3,18150
2026-07-16 15:02:55,lht65-20,52.2507,5.97306,3.027,25.78,57.1,14701
2026-07-16 15:12:55,lht65-20,52.2507,5.97306,3.027,25.69,57.5,12683
2026-07-16 15:22:55,lht65-20,52.2507,5.97306,3.023,25.55,58.3,11915
2026-07-16 15:32:55,lht65-20,52.2507,5.97306,3.023,25.31,57.7,11860
2026-07-16 15:42:55,lht65-20,52.2507,5.97306,3.023,25.17,56.9,11595
2026-07-16 15:52:55,lht65-20,52.2507,5.97306,3.023,25.29,59.7,12771
2026-07-16 16:02:55,lht65-20,52.2507,5.97306,3.023,25.54,57.9,12095
2026-07-16 16:12:55,lht65-20,52.2507,5.97306,3.023,25.27,57.0,10095
2026-07-16 16:22:55,lht65-20,52.2507,5.97306,3.023,25.19,58.3,8930
2026-07-16 16:32:55,lht65-20,52.2507,5.97306,3.023,25.1,56.9,7909
2026-07-16 16:42:55,lht65-20,52.2507,5.97306,3.023,24.92,59.2,8998
2026-07-16 16:52:55,lht65-20,52.2507,5.97306,3.023,24.71,64.7,8243
2026-07-16 17:02:55,lht65-20,52.2507,5.97306,3.025,24.25,66.6,9284
2026-07-16 17:12:55,lht65-20,52.2507,5.97306,3.023,24.43,67.1,19845
2026-07-16 17:22:55,lht65-20,52.2507,5.97306,3.023,25.19,63.5,10595
2026-07-16 17:32:55,lht65-20,52.2507,5.97306,3.023,24.41,64.2,5830
2026-07-16 17:42:55,lht65-20,52.2507,5.97306,3.023,23.36,67.4,4098
2026-07-16 17:52:55,lht65-20,52.2507,5.97306,3.023,22.98,69.3,9873
2026-07-16 18:02:55,lht65-20,52.2507,5.97306,3.023,23.44,68.5,10770
2026-07-16 18:12:55,lht65-20,52.2507,5.97306,3.023,24.1,64.1,10359
2026-07-16 18:22:55,lht65-20,52.2507,5.97306,3.023,24.04,62.9,8673
2026-07-16 18:32:55,lht65-20,52.2507,5.97306,3.023,23.82,64.0,7186
2026-07-16 18:42:55,lht65-20,52.2507,5.97306,3.021,23.79,63.3,5634
2026-07-16 18:52:55,lht65-20,52.2507,5.97306,3.023,23.72,63.1,4368
2026-07-16 19:02:55,lht65-20,52.2507,5.97306,3.023,23.39,62.9,2844
2026-07-16 19:12:55,lht65-20,52.2507,5.97306,3.023,22.71,65.7,1515
2026-07-16 19:22:55,lht65-20,52.2507,5.97306,3.023,21.59,68.1,1040
2026-07-16 19:32:55,lht65-20,52.2507,5.97306,3.023,20.69,70.1,613
2026-07-16 19:42:55,lht65-20,52.2507,5.97306,3.021,20.09,71.9,350
2026-07-16 19:52:55,lht65-20,52.2507,5.97306,3.019,19.6,73.8,171
2026-07-16 20:02:55,lht65-20,52.2507,5.97306,3.019,19.16,75.8,68
2026-07-16 20:12:55,lht65-20,52.2507,5.97306,3.019,18.81,77.4,22
2026-07-16 20:22:55,lht65-20,52.2507,5.97306,3.019,18.48,78.4,5
2026-07-16 20:32:55,lht65-20,52.2507,5.97306,3.019,18.25,79.5,1
2026-07-16 20:42:55,lht65-20,52.2507,5.97306,3.018,18.06,80.5,0
2026-07-16 20:52:55,lht65-20,52.2507,5.97306,3.018,17.92,81.5,0
2026-07-16 21:02:55,lht65-20,52.2507,5.97306,3.018,17.53,82.7,0
2026-07-16 21:12:55,lht65-20,52.2507,5.97306,3.018,17.27,83.9,0
2026-07-16 21:22:55,lht65-20,52.2507,5.97306,3.018,16.79,85.5,0
2026-07-16 21:32:55,lht65-20,52.2507,5.97306,3.018,16.62,86.9,0
2026-07-16 21:42:55,lht65-20,52.2507,5.97306,3.018,16.67,87.2,0
2026-07-16 21:52:55,lht65-20,52.2507,5.97306,3.018,16.72,87.5,0
2026-07-16 22:02:55,lht65-20,52.2507,5.97306,3.016,16.62,87.3,0
2026-07-16 22:12:55,lht65-20,52.2507,5.97306,3.018,16.38,88.2,0
2026-07-16 22:22:55,lht65-20,52.2507,5.97306,3.016,16.15,88.8,0
2026-07-16 22:32:55,lht65-20,52.2507,5.97306,3.016,15.92,90.0,0
2026-07-16 22:42:55,lht65-20,52.2507,5.97306,3.016,15.62,90.0,0
2026-07-16 22:52:55,lht65-20,52.2507,5.97306,3.016,15.16,91.6,0
2026-07-16 23:02:55,lht65-20,52.2507,5.97306,3.016,14.85,92.5,0
2026-07-16 23:12:55,lht65-20,52.2507,5.97306,3.014,14.63,93.3,0
2026-07-16 23:22:55,lht65-20,52.2507,5.97306,3.016,14.78,94.4,0
2026-07-16 23:32:55,lht65-20,52.2507,5.97306,3.016,14.47,94.3,0
2026-07-16 23:42:55,lht65-20,52.2507,5.97306,3.012,13.98,93.3,0
2026-07-16 23:52:55,lht65-20,52.2507,5.97306,3.014,13.54,93.6,0
2026-07-17 00:02:55,lht65-20,52.2507,5.97306,3.014,13.47,94.6,0
2026-07-17 00:12:55,lht65-20,52.2507,5.97306,3.014,13.63,95.5,0
2026-07-17 00:22:55,lht65-20,52.2507,5.97306,3.012,13.46,95.8,0
2026-07-17 00:32:55,lht65-20,52.2507,5.97306,3.012,13.67,96.1,0
2026-07-17 00:42:55,lht65-20,52.2507,5.97306,3.012,13.77,96.4,0
2026-07-17 00:52:55,lht65-20,52.2507,5.97306,3.014,13.73,96.6,0
2026-07-17 01:02:55,lht65-20,52.2507,5.97306,3.012,13.09,96.6,0
2026-07-17 01:12:55,lht65-20,52.2507,5.97306,3.012,13.45,96.7,0
2026-07-17 01:22:55,lht65-20,52.2507,5.97306,3.012,13.72,96.8,0
2026-07-17 01:32:55,lht65-20,52.2507,5.97306,3.014,13.98,96.9,0
2026-07-17 01:42:55,lht65-20,52.2507,5.97306,3.012,13.85,97.0,0
2026-07-17 01:52:55,lht65-20,52.2507,5.97306,3.012,13.72,97.1,0
2026-07-17 02:02:55,lht65-20,52.2507,5.97306,3.012,13.83,97.2,0
2026-07-17 02:12:55,lht65-20,52.2507,5.97306,3.012,13.0,97.3,0
2026-07-17 02:22:55,lht65-20,52.2507,5.97306,3.012,13.24,97.3,0
2026-07-17 02:32:55,lht65-20,52.2507,5.97306,3.012,13.54,97.3,0
2026-07-17 02:42:55,lht65-20,52.2507,5.97306,3.012,14.16,97.4,0
2026-07-17 02:52:55,lht65-20,52.2507,5.97306,3.012,14.06,97.4,1
2026-07-17 03:02:55,lht65-20,52.2507,5.97306,3.012,13.62,97.5,6
2026-07-17 03:12:55,lht65-20,52.2507,5.97306,3.012,13.53,97.6,23
2026-07-17 03:22:55,lht65-20,52.2507,5.97306,3.012,13.32,97.6,70
2026-07-17 03:32:55,lht65-20,52.2507,5.97306,3.012,13.21,97.7,172
2026-07-17 03:42:55,lht65-20,52.2507,5.97306,3.012,12.63,97.7,345
2026-07-17 03:52:55,lht65-20,52.2507,5.97306,3.009,12.64,97.8,611
2026-07-17 04:02:55,lht65-20,52.2507,5.97306,3.012,13.38,97.7,957
2026-07-17 04:12:55,lht65-20,52.2507,5.97306,3.012,14.03,97.7,1189
2026-07-17 04:22:55,lht65-20,52.2507,5.97306,3.012,14.49,97.7,1701
2026-07-17 04:32:55,lht65-20,52.2507,5.97306,3.012,14.79,97.7,2403
2026-07-17 04:42:55,lht65-20,52.2507,5.97306,3.012,15.0,97.7,3173
2026-07-17 04:52:55,lht65-20,52.2507,5.97306,3.014,15.43,97.7,5179
2026-07-17 05:02:55,lht65-20,52.2507,5.97306,3.014,15.85,97.7,5212
2026-07-17 05:12:55,lht65-20,52.2507,5.97306,3.012,16.05,97.7,6919
2026-07-17 05:22:55,lht65-20,52.2507,5.97306,3.012,16.35,97.6,7202
2026-07-17 05:32:55,lht65-20,52.2507,5.97306,3.014,16.83,97.6,8377
2026-07-17 05:42:55,lht65-20,52.2507,5.97306,3.014,17.64,97.6,12914
2026-07-17 05:52:55,lht65-20,52.2507,5.97306,3.016,18.21,97.2,13670
2026-07-17 06:02:55,lht65-20,52.2507,5.97306,3.014,18.54,96.2,15066
2026-07-17 06:12:55,lht65-20,52.2507,5.97306,3.016,19.02,92.6,13122
2026-07-17 06:22:55,lht65-20,52.2507,5.97306,3.016,19.51,89.5,17645
2026-07-17 06:32:55,lht65-20,52.2507,5.97306,3.018,19.91,87.2,19128
2026-07-17 06:42:55,lht65-20,52.2507,5.97306,3.016,20.29,86.5,20503
2026-07-17 06:52:55,lht65-20,52.2507,5.97306,3.016,20.87,83.5,19139
2026-07-17 07:02:55,lht65-20,52.2507,5.97306,3.018,20.94,82.9,12318
2026-07-17 07:12:55,lht65-20,52.2507,5.97306,3.018,21.98,78.0,24673
2026-07-17 07:22:55,lht65-20,52.2507,5.97306,3.018,22.14,73.9,25345
2026-07-17 07:32:55,lht65-20,52.2507,5.97306,3.018,21.89,75.8,25538
2026-07-17 07:42:55,lht65-20,52.2507,5.97306,3.018,22.64,72.4,27308
2026-07-17 07:52:55,lht65-20,52.2507,5.97306,3.018,23.5,69.3,30267
2026-07-17 08:02:55,lht65-20,52.2507,5.97306,3.019,23.19,67.7,28222
2026-07-17 08:12:55,lht65-20,52.2507,5.97306,3.019,24.02,67.2,29439
2026-07-17 08:22:55,lht65-20,52.2507,5.97306,3.018,24.64,62.3,30500
2026-07-17 08:32:55,lht65-20,52.2507,5.97306,3.019,24.38,61.9,30160
2026-07-17 08:42:55,lht65-20,52.2507,5.97306,3.019,24.93,59.5,31830
2026-07-17 08:52:55,lht65-20,52.2507,5.97306,3.019,24.78,58.2,34619
2026-07-17 09:02:55,lht65-20,52.2507,5.97306,3.019,25.54,57.4,35565
2026-07-17 09:22:55,lht65-20,52.2507,5.97306,3.019,24.98,59.1,9660
2026-07-17 09:32:55,lht65-20,52.2507,5.97306,3.019,23.83,65.2,33904
2026-07-17 09:42:55,lht65-20,52.2507,5.97306,3.019,25.49,54.3,16620
2026-07-17 09:52:55,lht65-20,52.2507,5.97306,3.021,24.74,58.5,35314
2026-07-17 10:02:55,lht65-20,52.2507,5.97306,3.019,25.25,56.5,37760
2026-07-17 10:12:55,lht65-20,52.2507,5.97306,3.021,25.91,57.9,41692
2026-07-17 10:22:55,lht65-20,52.2507,5.97306,3.021,25.36,58.0,30486
2026-07-17 10:32:55,lht65-20,52.2507,5.97306,3.021,25.8,56.9,15362
2026-07-17 10:42:55,lht65-20,52.2507,5.97306,3.021,24.61,59.0,12700
2026-07-17 10:52:55,lht65-20,52.2507,5.97306,3.019,24.63,60.7,19292
2026-07-17 11:02:55,lht65-20,52.2507,5.97306,3.021,25.08,57.3,20206
2026-07-17 11:12:55,lht65-20,52.2507,5.97306,3.023,25.05,57.3,13590
2026-07-17 11:22:55,lht65-20,52.2507,5.97306,3.021,25.01,58.5,36809
2026-07-17 11:32:55,lht65-20,52.2507,5.97306,3.021,26.38,57.1,38176
2026-07-17 11:42:55,lht65-20,52.2507,5.97306,3.021,26.83,54.2,42871
2026-07-17 11:52:55,lht65-20,52.2507,5.97306,3.023,26.16,56.1,11455
2026-07-17 12:02:55,lht65-20,52.2507,5.97306,3.019,25.05,58.5,38286
2026-07-17 12:12:55,lht65-20,52.2507,5.97306,3.023,26.64,53.2,36801
2026-07-17 12:22:55,lht65-20,52.2507,5.97306,3.023,27.12,54.5,37695
2026-07-17 12:32:55,lht65-20,52.2507,5.97306,3.021,26.88,56.1,37521
2026-07-17 12:42:55,lht65-20,52.2507,5.97306,3.023,26.58,56.7,38822
2026-07-17 12:52:55,lht65-20,52.2507,5.97306,3.023,27.12,52.7,13099
2026-07-17 13:02:55,lht65-20,52.2507,5.97306,3.023,27.63,54.4,39032
2026-07-17 13:12:55,lht65-20,52.2507,5.97306,3.023,26.11,53.3,38910
2026-07-17 13:22:55,lht65-20,52.2507,5.97306,3.023,26.33,53.0,18080
2026-07-17 13:32:55,lht65-20,52.2507,5.97306,3.023,25.67,55.9,10813
2026-07-17 13:42:55,lht65-20,52.2507,5.97306,3.023,26.1,55.8,15223
2026-07-17 13:52:55,lht65-20,52.2507,5.97306,3.023,26.48,56.8,27946
2026-07-17 14:02:55,lht65-20,52.2507,5.97306,3.023,26.06,55.4,11334
2026-07-17 14:12:55,lht65-20,52.2507,5.97306,3.023,25.6,57.2,8984
2026-07-17 14:22:55,lht65-20,52.2507,5.97306,3.023,25.61,58.4,11074
2026-07-17 14:32:55,lht65-20,52.2507,5.97306,3.023,25.31,58.1,11258
2026-07-17 14:52:55,lht65-20,52.2507,5.97306,3.023,25.23,59.5,11788
2026-07-17 15:02:55,lht65-20,52.2507,5.97306,3.023,26.22,57.3,11834
2026-07-17 15:12:55,lht65-20,52.2507,5.97306,3.023,25.13,62.0,31500
2026-07-17 15:22:55,lht65-20,52.2507,5.97306,3.023,25.2,58.7,12739
2026-07-17 15:32:55,lht65-20,52.2507,5.97306,3.023,25.58,56.7,26657
2026-07-17 15:42:55,lht65-20,52.2507,5.97306,3.023,25.67,60.4,28476
2026-07-17 15:52:55,lht65-20,52.2507,5.97306,3.023,26.19,57.6,25958
2026-07-17 16:02:55,lht65-20,52.2507,5.97306,3.023,24.67,60.9,20462
2026-07-17 16:12:55,lht65-20,52.2507,5.97306,3.023,24.36,61.8,18923
2026-07-17 16:22:55,lht65-20,52.2507,5.97306,3.023,24.24,62.3,22931
2026-07-17 16:32:55,lht65-20,52.2507,5.97306,3.023,24.93,60.9,22690
2026-07-17 16:42:55,lht65-20,52.2507,5.97306,3.023,25.17,59.8,22128
2026-07-17 16:52:55,lht65-20,52.2507,5.97306,3.023,25.35,58.7,20825
2026-07-17 17:02:55,lht65-20,52.2507,5.97306,3.023,24.8,59.6,18680
2026-07-17 17:12:55,lht65-20,52.2507,5.97306,3.023,23.97,61.9,16298
2026-07-17 17:22:55,lht65-20,52.2507,5.97306,3.021,23.19,65.1,15237
2026-07-17 17:32:55,lht65-20,52.2507,5.97306,3.023,23.23,65.3,14218
2026-07-17 17:42:55,lht65-20,52.2507,5.97306,3.023,23.04,65.1,5632
2026-07-17 17:52:55,lht65-20,52.2507,5.97306,3.021,22.56,66.4,4690
2026-07-17 18:02:55,lht65-20,52.2507,5.97306,3.023,21.66,68.8,3580
2026-07-17 18:12:55,lht65-20,52.2507,5.97306,3.019,21.19,70.3,2887
2026-07-17 18:22:55,lht65-20,52.2507,5.97306,3.021,20.91,71.5,3355
2026-07-17 18:32:55,lht65-20,52.2507,5.97306,3.021,21.08,71.1,5280
2026-07-17 18:42:55,lht65-20,52.2507,5.97306,3.019,20.99,71.7,3066
2026-07-17 18:52:55,lht65-20,52.2507,5.97306,3.021,20.52,73.1,2462
2026-07-17 19:02:55,lht65-20,52.2507,5.97306,3.019,20.07,74.4,1473
2026-07-17 19:12:55,lht65-20,52.2507,5.97306,3.018,19.7,75.4,1171
2026-07-17 19:22:55,lht65-20,52.2507,5.97306,3.019,19.46,76.5,896
2026-07-17 19:32:55,lht65-20,52.2507,5.97306,3.018,19.1,77.9,608
2026-07-17 19:42:55,lht65-20,52.2507,5.97306,3.018,18.71,79.4,344
2026-07-17 19:52:55,lht65-20,52.2507,5.97306,3.019,18.48,79.9,163
2026-07-17 20:02:55,lht65-20,52.2507,5.97306,3.018,18.35,80.4,63
2026-07-17 20:12:55,lht65-20,52.2507,5.97306,3.018,18.22,81.1,20
2026-07-17 20:22:55,lht65-20,52.2507,5.97306,3.018,17.92,82.0,5
2026-07-17 20:32:55,lht65-20,52.2507,5.97306,3.018,17.7,83.6,1
2026-07-17 20:42:55,lht65-20,52.2507,5.97306,3.018,17.67,83.9,0
2026-07-17 20:52:55,lht65-20,52.2507,5.97306,3.018,17.47,84.8,0
2026-07-17 21:02:55,lht65-20,52.2507,5.97306,3.018,17.35,85.6,0
2026-07-17 21:12:55,lht65-20,52.2507,5.97306,3.018,17.25,86.2,0
2026-07-17 21:22:55,lht65-20,52.2507,5.97306,3.016,17.08,86.3,0
2026-07-17 21:32:55,lht65-20,52.2507,5.97306,3.016,16.83,87.4,0
2026-07-17 21:42:55,lht65-20,52.2507,5.97306,3.016,16.67,88.0,0
2026-07-17 22:02:55,lht65-20,52.2507,5.97306,3.016,16.44,89.4,0
2026-07-17 22:12:55,lht65-20,52.2507,5.97306,3.016,16.38,89.6,0
2026-07-17 22:22:55,lht65-20,52.2507,5.97306,3.016,16.36,89.9,0
2026-07-17 22:32:55,lht65-20,52.2507,5.97306,3.016,16.25,89.9,0
2026-07-17 22:42:55,lht65-20,52.2507,5.97306,3.016,16.22,90.1,0
2026-07-17 22:52:55,lht65-20,52.2507,5.97306,3.016,16.12,90.2,0
2026-07-17 23:02:55,lht65-20,52.2507,5.97306,3.014,16.15,90.6,0
2026-07-17 23:12:55,lht65-20,52.2507,5.97306,3.016,16.1,90.8,0
2026-07-17 23:22:55,lht65-20,52.2507,5.97306,3.014,16.19,90.8,0
2026-07-17 23:32:55,lht65-20,52.2507,5.97306,3.014,16.29,90.7,0
2026-07-17 23:42:55,lht65-20,52.2507,5.97306,3.016,16.38,90.3,0
2026-07-17 23:52:55,lht65-20,52.2507,5.97306,3.016,16.43,90.2,0
2026-07-18 00:02:55,lht65-20,52.2507,5.97306,3.016,16.28,90.5,0
2026-07-18 00:12:55,lht65-20,52.2507,5.97306,3.016,16.04,90.6,0
2026-07-18 00:22:55,lht65-20,52.2507,5.97306,3.014,15.66,91.2,0
2026-07-18 00:32:55,lht65-20,52.2507,5.97306,3.012,15.35,92.3,0
2026-07-18 00:42:55,lht65-20,52.2507,5.97306,3.014,15.18,93.4,0
2026-07-18 00:52:55,lht65-20,52.2507,5.97306,3.012,15.06,93.9,0
2026-07-18 01:02:55,lht65-20,52.2507,5.97306,3.014,14.85,94.2,0
2026-07-18 01:12:55,lht65-20,52.2507,5.97306,3.014,14.72,94.7,0
2026-07-18 01:22:55,lht65-20,52.2507,5.97306,3.012,14.4,94.8,0
2026-07-18 01:32:55,lht65-20,52.2507,5.97306,3.012,14.24,94.9,0
2026-07-18 01:42:55,lht65-20,52.2507,5.97306,3.012,14.14,95.4,0
2026-07-18 01:52:55,lht65-20,52.2507,5.97306,3.012,14.17,95.7,0
2026-07-18 02:02:55,lht65-20,52.2507,5.97306,3.012,14.64,96.1,0
2026-07-18 02:12:55,lht65-20,52.2507,5.97306,3.012,14.98,96.3,0
2026-07-18 02:22:55,lht65-20,52.2507,5.97306,3.014,15.07,96.5,0
2026-07-18 02:32:55,lht65-20,52.2507,5.97306,3.014,14.99,96.3,0
2026-07-18 02:42:55,lht65-20,52.2507,5.97306,3.012,14.99,95.9,0
2026-07-18 02:52:55,lht65-20,52.2507,5.97306,3.012,15.11,95.2,0
2026-07-18 03:02:55,lht65-20,52.2507,5.97306,3.012,15.2,93.8,5
2026-07-18 03:12:55,lht65-20,52.2507,5.97306,3.012,15.39,91.7,16
2026-07-18 03:22:55,lht65-20,52.2507,5.97306,3.012,15.29,91.1,53
2026-07-18 03:32:55,lht65-20,52.2507,5.97306,3.012,15.03,92.2,107
2026-07-18 03:42:55,lht65-20,52.2507,5.97306,3.012,15.05,93.3,161
2026-07-18 03:52:55,lht65-20,52.2507,5.97306,3.014,15.44,93.0,270
2026-07-18 04:02:55,lht65-20,52.2507,5.97306,3.012,15.74,91.6,366
2026-07-18 04:12:55,lht65-20,52.2507,5.97306,3.012,15.97,90.7,364
2026-07-18 04:22:55,lht65-20,52.2507,5.97306,3.012,16.22,89.4,662
2026-07-18 04:32:55,lht65-20,52.2507,5.97306,3.014,16.41,88.5,667
2026-07-18 04:42:55,lht65-20,52.2507,5.97306,3.014,16.61,87.7,1160
2026-07-18 04:52:55,lht65-20,52.2507,5.97306,3.014,16.83,86.9,1586
2026-07-18 05:02:55,lht65-20,52.2507,5.97306,3.014,16.99,86.1,1356
2026-07-18 05:12:55,lht65-20,52.2507,5.97306,3.014,17.05,86.3,961
2026-07-18 05:22:55,lht65-20,52.2507,5.97306,3.014,17.11,86.2,1820
2026-07-18 05:32:55,lht65-20,52.2507,5.97306,3.014,17.24,85.6,2441
2026-07-18 05:42:55,lht65-20,52.2507,5.97306,3.014,17.41,84.7,2035
2026-07-18 05:52:55,lht65-20,52.2507,5.97306,3.014,17.52,84.7,2584
2026-07-18 06:02:55,lht65-20,52.2507,5.97306,3.016,17.73,80.5,5197
2026-07-18 06:12:55,lht65-20,52.2507,5.97306,3.016,17.97,78.1,4667
2026-07-18 06:22:55,lht65-20,52.2507,5.97306,3.016,18.16,76.7,5710
2026-07-18 06:32:55,lht65-20,52.2507,5.97306,3.016,18.27,74.0,5843
2026-07-18 06:42:55,lht65-20,52.2507,5.97306,3.016,18.36,72.1,6023
2026-07-18 06:52:55,lht65-20,52.2507,5.97306,3.016,18.31,72.5,4892
2026-07-18 07:02:55,lht65-20,52.2507,5.97306,3.016,18.29,73.3,4719
2026-07-18 07:12:55,lht65-20,52.2507,5.97306,3.014,18.27,73.5,4368
2026-07-18 07:22:55,lht65-20,52.2507,5.97306,3.016,18.38,72.2,6100
2026-07-18 07:32:55,lht65-20,52.2507,5.97306,3.016,18.63,70.8,9002
2026-07-18 07:42:55,lht65-20,52.2507,5.97306,3.016,18.87,71.3,8685
2026-07-18 07:52:55,lht65-20,52.2507,5.97306,3.016,19.05,70.5,6012
2026-07-18 08:02:55,lht65-20,52.2507,5.97306,3.016,18.81,70.6,3952
2026-07-18 08:12:55,lht65-20,52.2507,5.97306,3.016,18.56,71.4,4280
2026-07-18 08:22:55,lht65-20,52.2507,5.97306,3.016,18.59,70.8,8778
2026-07-18 08:32:55,lht65-20,52.2507,5.97306,3.016,18.85,70.1,7025
2026-07-18 08:42:55,lht65-20,52.2507,5.97306,3.016,18.71,68.6,5714
2026-07-18 08:52:55,lht65-20,52.2507,5.97306,3.014,18.49,68.4,5722
2026-07-18 09:02:55,lht65-20,52.2507,5.97306,3.016,18.65,68.8,8402
2026-07-18 09:12:55,lht65-20,52.2507,5.97306,3.016,18.88,67.2,9157
2026-07-18 09:22:55,lht65-20,52.2507,5.97306,3.016,19.21,66.5,11378
2026-07-18 09:32:55,lht65-20,52.2507,5.97306,3.016,19.46,64.9,10262
2026-07-18 09:42:55,lht65-20,52.2507,5.97306,3.014,19.46,64.6,9356
2026-07-18 09:52:55,lht65-20,52.2507,5.97306,3.016,19.34,67.6,6473
2026-07-18 10:02:55,lht65-20,52.2507,5.97306,3.016,18.94,67.4,6655
2026-07-18 10:12:55,lht65-20,52.2507,5.97306,3.016,18.65,69.7,6844
2026-07-18 10:22:55,lht65-20,52.2507,5.97306,3.016,18.12,74.2,8620
2026-07-18 10:32:55,lht65-20,52.2507,5.97306,3.014,18.34,71.7,9831
2026-07-18 10:42:55,lht65-20,52.2507,5.97306,3.016,18.81,71.3,13340
2026-07-18 10:52:55,lht65-20,52.2507,5.97306,3.016,19.46,67.5,19881
2026-07-18 11:02:55,lht65-20,52.2507,5.97306,3.016,20.58,64.9,22872
2026-07-18 11:12:55,lht65-20,52.2507,5.97306,3.016,20.87,65.1,29754
2026-07-18 11:22:55,lht65-20,52.2507,5.97306,3.018,20.97,65.5,20897
2026-07-18 11:32:55,lht65-20,52.2507,5.97306,3.016,21.31,59.2,17612
2026-07-18 11:42:55,lht65-20,52.2507,5.97306,3.016,21.23,60.3,25690
2026-07-18 11:52:55,lht65-20,52.2507,5.97306,3.016,21.38,58.4,11301
2026-07-18 12:02:55,lht65-20,52.2507,5.97306,3.016,20.86,60.9,15253
2026-07-18 12:12:55,lht65-20,52.2507,5.97306,3.018,21.12,60.4,18237
2026-07-18 12:22:55,lht65-20,52.2507,5.97306,3.016,22.1,55.4,22060
2026-07-18 12:32:55,lht65-20,52.2507,5.97306,3.018,21.8,57.5,16092
2026-07-18 12:42:55,lht65-20,52.2507,5.97306,3.016,21.36,57.5,22551
2026-07-18 12:52:55,lht65-20,52.2507,5.97306,3.016,22.02,56.3,25355
2026-07-18 13:02:55,lht65-20,52.2507,5.97306,3.016,22.02,56.1,16405
2026-07-18 13:12:55,lht65-20,52.2507,5.97306,3.018,22.74,55.6,41381
2026-07-18 13:22:55,lht65-20,52.2507,5.97306,3.018,22.15,55.4,15962
2026-07-18 13:32:55,lht65-20,52.2507,5.97306,3.016,21.58,56.8,17247
2026-07-18 13:42:55,lht65-20,52.2507,5.97306,3.018,21.43,55.4,16364
2026-07-18 13:52:55,lht65-20,52.2507,5.97306,3.016,21.21,55.1,14203
2026-07-18 14:02:55,lht65-20,52.2507,5.97306,3.016,20.93,57.3,13081
2026-07-18 14:12:55,lht65-20,52.2507,5.97306,3.016,20.57,61.5,14546
2026-07-18 14:22:55,lht65-20,52.2507,5.97306,3.016,20.33,63.4,13143
2026-07-18 14:32:55,lht65-20,52.2507,5.97306,3.016,20.07,62.5,11125
2026-07-18 14:42:55,lht65-20,52.2507,5.97306,3.016,19.81,63.1,14520
2026-07-18 14:52:55,lht65-20,52.2507,5.97306,3.016,19.66,62.9,11735
2026-07-18 15:02:55,lht65-20,52.2507,5.97306,3.016,19.57,63.2,12290
2026-07-18 15:12:55,lht65-20,52.2507,5.97306,3.016,19.4,68.1,7981
2026-07-18 15:22:55,lht65-20,52.2507,5.97306,3.016,18.42,68.6,7328
2026-07-18 15:32:55,lht65-20,52.2507,5.97306,3.016,17.89,73.0,5345
2026-07-18 15:42:55,lht65-20,52.2507,5.97306,3.014,17.14,78.7,3934
2026-07-18 15:52:55,lht65-20,52.2507,5.97306,3.012,16.35,86.1,3815
2026-07-18 16:02:55,lht65-20,52.2507,5.97306,3.012,15.92,86.1,6089
2026-07-18 16:12:55,lht65-20,52.2507,5.97306,3.012,16.03,86.4,8823
2026-07-18 16:22:55,lht65-20,52.2507,5.97306,3.012,16.57,85.2,11801
2026-07-18 16:32:55,lht65-20,52.2507,5.97306,3.012,16.96,81.9,9821
2026-07-18 16:42:55,lht65-20,52.2507,5.97306,3.014,17.48,81.0,11531
2026-07-18 16:52:55,lht65-20,52.2507,5.97306,3.012,17.48,80.1,4610
2026-07-18 17:02:55,lht65-20,52.2507,5.97306,3.014,17.35,81.8,3945
2026-07-18 17:12:55,lht65-20,52.2507,5.97306,3.014,17.44,81.8,2416
2026-07-18 17:22:55,lht65-20,52.2507,5.97306,3.014,17.32,74.9,3155
2026-07-18 17:32:55,lht65-20,52.2507,5.97306,3.014,17.33,74.2,3193
2026-07-18 17:42:55,lht65-20,52.2507,5.97306,3.014,17.3,73.8,4261
2026-07-18 17:52:55,lht65-20,52.2507,5.97306,3.012,17.45,74.2,4389
2026-07-18 18:02:55,lht65-20,52.2507,5.97306,3.014,17.87,72.2,4484
2026-07-18 18:12:55,lht65-20,52.2507,5.97306,3.014,17.66,72.6,927
2026-07-18 18:22:55,lht65-20,52.2507,5.97306,3.012,16.78,77.9,937
2026-07-18 18:32:55,lht65-20,52.2507,5.97306,3.012,16.06,82.2,1180
2026-07-18 18:42:55,lht65-20,52.2507,5.97306,3.012,15.79,83.8,915
2026-07-18 18:52:55,lht65-20,52.2507,5.97306,3.012,15.68,83.3,544
2026-07-18 19:02:55,lht65-20,52.2507,5.97306,3.012,15.72,81.8,480
2026-07-18 19:12:55,lht65-20,52.2507,5.97306,3.012,15.72,82.2,682
2026-07-18 19:22:55,lht65-20,52.2507,5.97306,3.012,15.67,82.3,676
2026-07-18 19:32:55,lht65-20,52.2507,5.97306,3.01,15.57,83.0,455
2026-07-18 19:42:55,lht65-20,52.2507,5.97306,3.012,15.38,83.5,245
2026-07-18 19:52:55,lht65-20,52.2507,5.97306,3.012,15.04,84.7,105
2026-07-18 20:12:55,lht65-20,52.2507,5.97306,3.012,14.46,86.0,14
2026-07-18 20:22:55,lht65-20,52.2507,5.97306,3.009,14.16,86.9,4
2026-07-18 20:32:55,lht65-20,52.2507,5.97306,3.009,13.87,87.7,0
2026-07-18 20:42:55,lht65-20,52.2507,5.97306,3.009,13.62,88.9,0
2026-07-18 20:52:55,lht65-20,52.2507,5.97306,3.009,13.62,90.0,0
2026-07-18 21:02:55,lht65-20,52.2507,5.97306,3.007,13.6,90.2,0
2026-07-18 21:22:55,lht65-20,52.2507,5.97306,3.005,13.36,89.5,0
2026-07-18 21:32:55,lht65-20,52.2507,5.97306,3.007,13.24,89.9,0
2026-07-18 21:42:55,lht65-20,52.2507,5.97306,3.009,13.21,90.5,0
2026-07-18 21:52:55,lht65-20,52.2507,5.97306,3.007,13.09,90.1,0
2026-07-18 22:02:55,lht65-20,52.2507,5.97306,3.007,12.83,90.2,0
2026-07-18 22:12:55,lht65-20,52.2507,5.97306,3.007,12.62,91.2,0
2026-07-18 22:22:55,lht65-20,52.2507,5.97306,3.007,12.84,91.2,0
2026-07-18 22:32:55,lht65-20,52.2507,5.97306,3.007,13.04,91.4,0
2026-07-18 22:42:55,lht65-20,52.2507,5.97306,3.005,13.12,91.0,0
2026-07-18 22:52:55,lht65-20,52.2507,5.97306,3.005,13.06,90.5,0
2026-07-18 23:02:55,lht65-20,52.2507,5.97306,3.007,12.98,90.1,0
2026-07-18 23:12:55,lht65-20,52.2507,5.97306,3.007,13.13,88.9,0
2026-07-18 23:22:55,lht65-20,52.2507,5.97306,3.007,13.23,87.9,0
2026-07-18 23:32:55,lht65-20,52.2507,5.97306,3.005,12.96,89.3,0
2026-07-18 23:42:55,lht65-20,52.2507,5.97306,3.007,12.62,91.4,0
2026-07-18 23:52:55,lht65-20,52.2507,5.97306,3.005,12.7,93.8,0
2026-07-19 00:02:55,lht65-20,52.2507,5.97306,3.005,12.8,94.5,0
2026-07-19 00:12:55,lht65-20,52.2507,5.97306,3.007,12.83,94.6,0
2026-07-19 00:22:55,lht65-20,52.2507,5.97306,3.007,12.83,94.8,0
2026-07-19 00:32:55,lht65-20,52.2507,5.97306,3.005,12.86,94.8,0
2026-07-19 00:42:55,lht65-20,52.2507,5.97306,3.003,12.69,94.1,0
2026-07-19 00:52:55,lht65-20,52.2507,5.97306,3.007,12.35,92.7,0
2026-07-19 01:02:55,lht65-20,52.2507,5.97306,3.005,12.25,92.5,0
2026-07-19 01:12:55,lht65-20,52.2507,5.97306,3.003,12.17,92.0,0
2026-07-19 01:22:55,lht65-20,52.2507,5.97306,3.001,11.97,92.1,0
2026-07-19 01:32:55,lht65-20,52.2507,5.97306,3.001,11.62,92.1,0
2026-07-19 01:42:55,lht65-20,52.2507,5.97306,3.001,11.28,93.3,0
2026-07-19 01:52:55,lht65-20,52.2507,5.97306,3.001,11.23,94.5,0
2026-07-19 02:02:55,lht65-20,52.2507,5.97306,3.001,11.26,95.2,0
2026-07-19 02:12:55,lht65-20,52.2507,5.97306,3.003,12.07,95.3,0
2026-07-19 02:22:55,lht65-20,52.2507,5.97306,3.003,12.51,94.0,0
2026-07-19 02:32:55,lht65-20,52.2507,5.97306,3.003,12.54,94.1,0
2026-07-19 02:42:55,lht65-20,52.2507,5.97306,3.001,12.58,94.4,0
2026-07-19 02:52:55,lht65-20,52.2507,5.97306,3.003,12.59,93.6,0
2026-07-19 03:02:55,lht65-20,52.2507,5.97306,3.003,12.41,92.7,2
2026-07-19 03:12:55,lht65-20,52.2507,5.97306,3.003,12.49,92.2,7
2026-07-19 03:22:55,lht65-20,52.2507,5.97306,3.003,12.64,91.0,22
2026-07-19 03:32:55,lht65-20,52.2507,5.97306,3.001,12.72,89.8,65
2026-07-19 03:42:55,lht65-20,52.2507,5.97306,3.003,12.71,89.9,125
2026-07-19 03:52:55,lht65-20,52.2507,5.97306,3.003,12.71,89.6,169
2026-07-19 04:02:55,lht65-20,52.2507,5.97306,3.001,12.76,89.8,256
2026-07-19 04:12:55,lht65-20,52.2507,5.97306,3.005,12.86,88.8,390
2026-07-19 04:22:55,lht65-20,52.2507,5.97306,3.005,13.14,87.0,485
2026-07-19 04:32:55,lht65-20,52.2507,5.97306,3.005,13.5,86.1,890
2026-07-19 04:42:55,lht65-20,52.2507,5.97306,3.005,13.71,84.4,987
2026-07-19 04:52:55,lht65-20,52.2507,5.97306,3.005,13.84,84.0,1271
2026-07-19 05:02:55,lht65-20,52.2507,5.97306,3.005,13.97,83.4,1490
2026-07-19 05:12:55,lht65-20,52.2507,5.97306,3.005,14.1,84.0,1580
2026-07-19 05:22:55,lht65-20,52.2507,5.97306,3.005,14.2,85.0,1316
2026-07-19 05:32:55,lht65-20,52.2507,5.97306,3.005,14.02,88.1,1019
2026-07-19 05:42:55,lht65-20,52.2507,5.97306,3.005,14.09,87.5,2184
2026-07-19 05:52:55,lht65-20,52.2507,5.97306,3.005,14.29,85.9,2034
2026-07-19 06:02:55,lht65-20,52.2507,5.97306,3.005,14.4,86.1,1935
2026-07-19 06:12:55,lht65-20,52.2507,5.97306,3.005,14.45,85.0,1833
2026-07-19 06:22:55,lht65-20,52.2507,5.97306,3.005,14.62,82.4,1976
2026-07-19 06:32:55,lht65-20,52.2507,5.97306,3.007,14.84,83.0,3149
2026-07-19 06:42:55,lht65-20,52.2507,5.97306,3.007,15.11,83.0,4302
2026-07-19 06:52:55,lht65-20,52.2507,5.97306,3.007,15.6,81.2,4930
2026-07-19 07:02:55,lht65-20,52.2507,5.97306,3.007,16.11,79.8,26682
2026-07-19 07:12:55,lht65-20,52.2507,5.97306,3.009,17.26,75.0,6485
2026-07-19 07:22:55,lht65-20,52.2507,5.97306,3.009,17.07,72.9,9056
2026-07-19 07:32:55,lht65-20,52.2507,5.97306,3.009,18.21,67.8,30605
2026-07-19 07:42:55,lht65-20,52.2507,5.97306,3.012,18.55,63.6,15880
2026-07-19 07:52:55,lht65-20,52.2507,5.97306,3.01,18.72,62.6,23452
2026-07-19 08:02:55,lht65-20,52.2507,5.97306,3.01,18.61,64.3,22651
2026-07-19 08:12:55,lht65-20,52.2507,5.97306,3.012,19.31,57.9,11111
2026-07-19 08:22:55,lht65-20,52.2507,5.97306,3.009,18.96,62.2,25170
2026-07-19 08:32:55,lht65-20,52.2507,5.97306,3.009,19.46,63.3,33105
2026-07-19 08:42:55,lht65-20,52.2507,5.97306,3.01,18.73,60.0,8972
2026-07-19 08:52:55,lht65-20,52.2507,5.97306,3.012,18.36,61.0,13981
2026-07-19 09:02:55,lht65-20,52.2507,5.97306,3.009,19.19,59.6,31715
2026-07-19 09:12:55,lht65-20,52.2507,5.97306,3.01,19.75,57.5,12115
2026-07-19 09:22:55,lht65-20,52.2507,5.97306,3.012,18.75,59.5,9931
2026-07-19 09:32:55,lht65-20,52.2507,5.97306,3.009,17.68,64.7,10772
2026-07-19 09:42:55,lht65-20,52.2507,5.97306,3.009,18.1,66.0,30549
2026-07-19 09:52:55,lht65-20,52.2507,5.97306,3.012,19.35,57.5,34118
2026-07-19 10:02:55,lht65-20,52.2507,5.97306,3.01,20.29,55.3,35125
2026-07-19 10:12:55,lht65-20,52.2507,5.97306,3.012,21.22,53.1,35140
2026-07-19 10:22:55,lht65-20,52.2507,5.97306,3.012,21.4,47.4,9747
2026-07-19 10:32:55,lht65-20,52.2507,5.97306,3.012,21.59,47.1,39549
2026-07-19 10:42:55,lht65-20,52.2507,5.97306,3.012,20.76,48.2,26061
2026-07-19 10:52:55,lht65-20,52.2507,5.97306,3.012,20.79,47.3,12050
2026-07-19 11:02:55,lht65-20,52.2507,5.97306,3.012,21.89,45.8,40891
2026-07-19 11:12:55,lht65-20,52.2507,5.97306,3.012,21.75,46.1,36516
2026-07-19 11:22:55,lht65-20,52.2507,5.97306,3.012,22.02,44.9,37536
2026-07-19 11:32:55,lht65-20,52.2507,5.97306,3.012,21.58,45.6,10879
2026-07-19 11:42:55,lht65-20,52.2507,5.97306,3.014,22.4,44.7,30339
2026-07-19 11:52:55,lht65-20,52.2507,5.97306,3.014,21.9,47.5,43429
2026-07-19 12:12:55,lht65-20,52.2507,5.97306,3.012,20.77,51.3,16933
2026-07-19 12:22:55,lht65-20,52.2507,5.97306,3.012,21.08,50.2,13030
2026-07-19 12:32:55,lht65-20,52.2507,5.97306,3.012,21.62,49.3,40141
2026-07-19 12:42:55,lht65-20,52.2507,5.97306,3.012,21.39,49.3,10275
2026-07-19 12:52:55,lht65-20,52.2507,5.97306,3.012,20.58,52.6,43516
2026-07-19 13:02:55,lht65-20,52.2507,5.97306,3.012,21.25,49.2,37107
2026-07-19 13:12:55,lht65-20,52.2507,5.97306,3.012,22.41,48.2,38027
2026-07-19 13:22:55,lht65-20,52.2507,5.97306,3.014,20.25,51.2,41289
2026-07-19 13:32:55,lht65-20,52.2507,5.97306,3.012,22.03,47.8,35982
2026-07-19 13:42:55,lht65-20,52.2507,5.97306,3.012,21.93,49.7,17377
2026-07-19 13:52:55,lht65-20,52.2507,5.97306,3.012,21.79,46.7,16560
2026-07-19 14:02:55,lht65-20,52.2507,5.97306,3.014,20.58,49.6,8929
2026-07-19 14:12:55,lht65-20,52.2507,5.97306,3.012,19.48,51.3,14319
2026-07-19 14:22:55,lht65-20,52.2507,5.97306,3.012,20.25,52.2,34730
2026-07-19 14:32:55,lht65-20,52.2507,5.97306,3.012,20.34,44.6,33339
2026-07-19 14:42:55,lht65-20,52.2507,5.97306,3.012,21.44,45.4,32300
2026-07-19 14:52:55,lht65-20,52.2507,5.97306,3.012,21.16,47.6,12207
2026-07-19 15:02:55,lht65-20,52.2507,5.97306,3.012,20.65,50.6,32824
2026-07-19 15:12:55,lht65-20,52.2507,5.97306,3.012,20.35,53.4,5466
2026-07-19 15:22:55,lht65-20,52.2507,5.97306,3.012,18.92,56.6,8270
2026-07-19 15:32:55,lht65-20,52.2507,5.97306,3.012,18.69,58.0,11776
2026-07-19 15:42:55,lht65-20,52.2507,5.97306,3.012,18.86,58.5,11787
2026-07-19 15:52:55,lht65-20,52.2507,5.97306,3.012,18.79,56.8,10545
2026-07-19 16:02:55,lht65-20,52.2507,5.97306,3.012,18.57,57.6,9452
2026-07-19 16:12:55,lht65-20,52.2507,5.97306,3.012,18.51,59.2,10268
2026-07-19 16:22:55,lht65-20,52.2507,5.97306,3.012,19.04,56.6,10320
2026-07-19 16:32:55,lht65-20,52.2507,5.97306,3.012,18.89,57.5,10000
2026-07-19 16:42:55,lht65-20,52.2507,5.97306,3.012,18.79,57.3,6778
2026-07-19 16:52:55,lht65-20,52.2507,5.97306,3.01,18.69,60.4,21999
2026-07-19 17:02:55,lht65-20,52.2507,5.97306,3.012,18.68,56.8,11457
2026-07-19 17:12:55,lht65-20,52.2507,5.97306,3.012,18.16,59.0,5544
2026-07-19 17:22:55,lht65-20,52.2507,5.97306,3.012,17.83,60.2,5566
2026-07-19 17:32:55,lht65-20,52.2507,5.97306,3.01,17.82,59.6,6388
2026-07-19 17:52:55,lht65-20,52.2507,5.97306,3.009,17.13,60.8,3999
2026-07-19 18:02:55,lht65-20,52.2507,5.97306,3.009,17.03,62.9,5011
2026-07-19 18:12:55,lht65-20,52.2507,5.97306,3.009,17.2,63.7,4840
2026-07-19 18:22:55,lht65-20,52.2507,5.97306,3.009,17.0,63.6,3049
2026-07-19 18:32:55,lht65-20,52.2507,5.97306,3.009,16.64,63.4,1866
2026-07-19 18:42:55,lht65-20,52.2507,5.97306,3.009,16.51,64.3,1663
2026-07-19 18:52:55,lht65-20,52.2507,5.97306,3.007,16.4,65.3,1286
2026-07-19 19:02:55,lht65-20,52.2507,5.97306,3.009,16.29,66.1,842
2026-07-19 19:12:55,lht65-20,52.2507,5.97306,3.009,16.15,65.8,517
2026-07-19 19:22:55,lht65-20,52.2507,5.97306,3.009,16.07,66.5,337
2026-07-19 19:32:55,lht65-20,52.2507,5.97306,3.007,16.0,66.5,166
2026-07-19 19:42:55,lht65-20,52.2507,5.97306,3.009,15.91,67.7,72
2026-07-19 19:52:55,lht65-20,52.2507,5.97306,3.007,15.81,66.7,43
2026-07-19 20:02:55,lht65-20,52.2507,5.97306,3.009,15.72,67.2,20
2026-07-19 20:12:55,lht65-20,52.2507,5.97306,3.007,15.6,68.0,5
2026-07-19 20:22:55,lht65-20,52.2507,5.97306,3.007,15.48,68.3,1
2026-07-19 20:32:55,lht65-20,52.2507,5.97306,3.005,15.4,69.0,0
2026-07-19 20:42:55,lht65-20,52.2507,5.97306,3.007,15.33,69.5,0
2026-07-19 20:52:55,lht65-20,52.2507,5.97306,3.009,15.25,69.8,0
2026-07-19 21:02:55,lht65-20,52.2507,5.97306,3.007,15.17,71.2,0
2026-07-19 21:12:55,lht65-20,52.2507,5.97306,3.007,15.13,70.8,0
2026-07-19 21:22:55,lht65-20,52.2507,5.97306,3.007,15.08,71.7,0
2026-07-19 21:32:55,lht65-20,52.2507,5.97306,3.005,15.03,71.3,0
2026-07-19 21:42:55,lht65-20,52.2507,5.97306,3.007,14.99,72.0,0
2026-07-19 21:52:55,lht65-20,52.2507,5.97306,3.005,14.93,72.2,0
2026-07-19 22:02:55,lht65-20,52.2507,5.97306,3.007,14.93,72.3,0
2026-07-19 22:12:55,lht65-20,52.2507,5.97306,3.005,14.78,74.8,0
2026-07-19 22:22:55,lht65-20,52.2507,5.97306,3.005,14.75,74.7,0
2026-07-19 22:32:55,lht65-20,52.2507,5.97306,3.005,14.61,76.9,0
2026-07-19 22:42:55,lht65-20,52.2507,5.97306,3.005,14.49,77.0,0
2026-07-19 22:52:55,lht65-20,52.2507,5.97306,3.005,14.48,77.8,0
2026-07-19 23:02:55,lht65-20,52.2507,5.97306,3.005,14.41,78.6,0
2026-07-19 23:12:55,lht65-20,52.2507,5.97306,3.005,14.32,79.1,0
2026-07-19 23:22:55,lht65-20,52.2507,5.97306,3.005,14.28,78.9,0
2026-07-19 23:32:55,lht65-20,52.2507,5.97306,3.005,14.24,79.8,0
2026-07-19 23:42:55,lht65-20,52.2507,5.97306,3.005,14.17,80.0,0
2026-07-19 23:52:55,lht65-20,52.2507,5.97306,3.005,14.18,78.6,0
2026-07-20 00:02:55,lht65-20,52.2507,5.97306,3.005,14.22,78.0,0
2026-07-20 00:12:55,lht65-20,52.2507,5.97306,3.003,14.29,76.8,0
2026-07-20 00:22:55,lht65-20,52.2507,5.97306,3.003,14.45,75.5,0
2026-07-20 00:32:55,lht65-20,52.2507,5.97306,3.003,14.51,74.7,0
2026-07-20 00:42:55,lht65-20,52.2507,5.97306,3.005,14.64,73.5,0
2026-07-20 00:52:55,lht65-20,52.2507,5.97306,3.005,14.66,73.4,0
2026-07-20 01:02:55,lht65-20,52.2507,5.97306,3.005,14.57,73.8,0
2026-07-20 01:12:55,lht65-20,52.2507,5.97306,3.005,14.32,75.5,0
2026-07-20 01:22:55,lht65-20,52.2507,5.97306,3.003,14.06,76.9,0
2026-07-20 01:32:55,lht65-20,52.2507,5.97306,3.003,14.04,77.5,0
2026-07-20 01:42:55,lht65-20,52.2507,5.97306,3.003,14.09,78.3,0
2026-07-20 01:52:55,lht65-20,52.2507,5.97306,3.003,14.05,78.7,0
2026-07-20 02:02:55,lht65-20,52.2507,5.97306,3.001,13.98,80.0,0
2026-07-20 02:12:55,lht65-20,52.2507,5.97306,3.005,13.85,80.7,0
2026-07-20 02:22:55,lht65-20,52.2507,5.97306,3.003,13.74,81.3,0
2026-07-20 02:32:55,lht65-20,52.2507,5.97306,3.001,13.75,80.8,0
2026-07-20 02:42:55,lht65-20,52.2507,5.97306,3.001,13.9,79.6,0
2026-07-20 02:52:55,lht65-20,52.2507,5.97306,3.001,13.98,79.5,0
2026-07-20 03:02:55,lht65-20,52.2507,5.97306,3.003,13.96,80.6,1
2026-07-20 03:12:55,lht65-20,52.2507,5.97306,3.003,13.77,81.7,6
2026-07-20 03:22:55,lht65-20,52.2507,5.97306,3.001,13.73,81.0,25
2026-07-20 03:32:55,lht65-20,52.2507,5.97306,3.001,13.71,81.4,72
2026-07-20 03:42:55,lht65-20,52.2507,5.97306,3.001,13.65,82.6,130
2026-07-20 03:52:55,lht65-20,52.2507,5.97306,3.003,13.57,82.7,241
2026-07-20 04:02:55,lht65-20,52.2507,5.97306,3.003,13.66,82.7,450
2026-07-20 04:12:55,lht65-20,52.2507,5.97306,3.001,13.74,82.4,876
2026-07-20 04:22:55,lht65-20,52.2507,5.97306,3.001,13.8,82.0,1188
2026-07-20 04:32:55,lht65-20,52.2507,5.97306,3.001,13.77,83.2,1648
2026-07-20 04:42:55,lht65-20,52.2507,5.97306,3.001,13.7,83.9,2394
2026-07-20 04:52:55,lht65-20,52.2507,5.97306,3.001,13.67,84.5,2787
2026-07-20 05:02:55,lht65-20,52.2507,5.97306,3.001,13.61,84.6,3025
2026-07-20 05:12:55,lht65-20,52.2507,5.97306,3.001,13.75,84.7,3160
2026-07-20 05:22:55,lht65-20,52.2507,5.97306,3.001,13.99,84.2,3918
2026-07-20 05:32:55,lht65-20,52.2507,5.97306,3.001,14.49,82.8,5725
2026-07-20 05:42:55,lht65-20,52.2507,5.97306,3.001,15.65,79.6,7733
2026-07-20 05:52:55,lht65-20,52.2507,5.97306,3.005,15.73,78.0,7936
2026-07-20 06:02:55,lht65-20,52.2507,5.97306,3.005,16.95,74.0,20091
2026-07-20 06:12:55,lht65-20,52.2507,5.97306,3.005,17.11,71.0,7845
2026-07-20 06:22:55,lht65-20,52.2507,5.97306,3.005,16.77,72.9,8540
2026-07-20 06:32:55,lht65-20,52.2507,5.97306,3.007,16.76,72.0,6515
2026-07-20 06:42:55,lht65-20,52.2507,5.97306,3.003,16.78,70.7,6506
2026-07-20 06:52:55,lht65-20,52.2507,5.97306,3.005,16.63,70.8,14586
2026-07-20 07:02:55,lht65-20,52.2507,5.97306,3.007,16.98,69.6,8382
2026-07-20 07:12:55,lht65-20,52.2507,5.97306,3.007,17.55,68.6,20358
2026-07-20 07:22:55,lht65-20,52.2507,5.97306,3.005,18.57,66.6,25652
2026-07-20 07:32:55,lht65-20,52.2507,5.97306,3.007,19.45,62.8,27240
2026-07-20 07:42:55,lht65-20,52.2507,5.97306,3.009,20.17,60.5,29447
2026-07-20 07:52:55,lht65-20,52.2507,5.97306,3.009,20.54,56.1,18679
2026-07-20 08:02:55,lht65-20,52.2507,5.97306,3.009,19.94,56.7,16994
2026-07-20 08:12:55,lht65-20,52.2507,5.97306,3.009,19.63,59.4,21830
2026-07-20 08:22:55,lht65-20,52.2507,5.97306,3.009,20.76,53.2,11670
2026-07-20 08:32:55,lht65-20,52.2507,5.97306,3.009,19.89,54.2,10546
2026-07-20 08:42:55,lht65-20,52.2507,5.97306,3.007,19.48,56.0,15063
2026-07-20 08:52:55,lht65-20,52.2507,5.97306,3.009,20.09,51.6,13123
2026-07-20 09:02:55,lht65-20,52.2507,5.97306,3.009,19.89,56.3,37949
2026-07-20 09:12:55,lht65-20,52.2507,5.97306,3.009,21.53,49.9,41100
2026-07-20 09:22:55,lht65-20,52.2507,5.97306,3.01,22.23,48.4,15081
2026-07-20 09:32:55,lht65-20,52.2507,5.97306,3.009,21.26,49.5,17526
2026-07-20 09:42:55,lht65-20,52.2507,5.97306,3.01,21.79,49.9,33839
2026-07-20 09:52:55,lht65-20,52.2507,5.97306,3.01,22.2,47.6,38610
2026-07-20 10:02:55,lht65-20,52.2507,5.97306,3.012,22.7,45.8,38270
2026-07-20 10:12:55,lht65-20,52.2507,5.97306,3.009,22.9,48.8,38215
2026-07-20 10:22:55,lht65-20,52.2507,5.97306,3.012,23.36,46.9,39663
2026-07-20 10:32:55,lht65-20,52.2507,5.97306,3.012,22.38,48.5,15684
2026-07-20 10:42:55,lht65-20,52.2507,5.97306,3.01,22.84,47.7,37812
2026-07-20 10:52:55,lht65-20,52.2507,5.97306,3.012,23.35,44.8,37002
2026-07-20 11:02:55,lht65-20,52.2507,5.97306,3.012,22.46,47.0,44305
2026-07-20 11:12:55,lht65-20,52.2507,5.97306,3.012,22.83,48.4,37988
2026-07-20 11:22:55,lht65-20,52.2507,5.97306,3.012,23.49,45.3,14538
2026-07-20 11:32:55,lht65-20,52.2507,5.97306,3.01,21.45,50.3,37705
2026-07-20 11:42:55,lht65-20,52.2507,5.97306,3.012,23.1,46.3,38401
2026-07-20 11:52:55,lht65-20,52.2507,5.97306,3.012,23.5,47.7,12615
2026-07-20 12:02:55,lht65-20,52.2507,5.97306,3.012,23.38,46.6,40505
2026-07-20 12:12:55,lht65-20,52.2507,5.97306,3.012,23.83,46.4,37920
2026-07-20 12:22:55,lht65-20,52.2507,5.97306,3.012,24.67,44.5,40385
2026-07-20 12:32:55,lht65-20,52.2507,5.97306,3.012,23.48,43.9,41095
2026-07-20 12:42:55,lht65-20,52.2507,5.97306,3.012,24.52,45.0,39224
2026-07-20 12:52:55,lht65-20,52.2507,5.97306,3.014,24.2,44.7,13250
2026-07-20 13:02:55,lht65-20,52.2507,5.97306,3.014,23.34,45.4,38254
2026-07-20 13:12:55,lht65-20,52.2507,5.97306,3.012,23.21,46.5,11852
2026-07-20 13:22:55,lht65-20,52.2507,5.97306,3.012,23.24,46.6,35066
2026-07-20 13:32:55,lht65-20,52.2507,5.97306,3.012,23.43,44.5,37358
2026-07-20 13:42:55,lht65-20,52.2507,5.97306,3.012,23.3,48.1,34380
2026-07-20 13:52:55,lht65-20,52.2507,5.97306,3.012,22.12,47.1,30828
2026-07-20 14:02:55,lht65-20,52.2507,5.97306,3.012,23.18,46.2,33914
2026-07-20 14:12:55,lht65-20,52.2507,5.97306,3.012,23.87,44.3,10889
2026-07-20 14:22:55,lht65-20,52.2507,5.97306,3.014,21.9,48.7,9338
2026-07-20 14:32:55,lht65-20,52.2507,5.97306,3.012,22.79,47.4,23252
2026-07-20 14:42:55,lht65-20,52.2507,5.97306,3.012,22.2,46.4,31635
2026-07-20 14:52:55,lht65-20,52.2507,5.97306,3.012,23.41,46.4,29835
2026-07-20 15:02:55,lht65-20,52.2507,5.97306,3.012,23.9,43.8,28925
2026-07-20 15:12:55,lht65-20,52.2507,5.97306,3.012,23.98,43.9,28440
2026-07-20 15:22:55,lht65-20,52.2507,5.97306,3.014,23.23,44.4,28264
2026-07-20 15:32:55,lht65-20,52.2507,5.97306,3.012,23.29,46.8,27237
2026-07-20 15:42:55,lht65-20,52.2507,5.97306,3.014,23.72,43.4,26835
2026-07-20 15:52:55,lht65-20,52.2507,5.97306,3.012,23.39,45.1,25460
2026-07-20 16:02:55,lht65-20,52.2507,5.97306,3.012,23.5,45.4,25226
2026-07-20 16:12:55,lht65-20,52.2507,5.97306,3.012,23.31,45.5,24181
2026-07-20 16:22:55,lht65-20,52.2507,5.97306,3.014,23.6,46.7,10019
2026-07-20 16:32:55,lht65-20,52.2507,5.97306,3.014,23.23,47.4,22419
2026-07-20 16:42:55,lht65-20,52.2507,5.97306,3.012,22.2,50.9,21349
2026-07-20 16:52:55,lht65-20,52.2507,5.97306,3.012,22.63,50.8,20180
2026-07-20 17:02:55,lht65-20,52.2507,5.97306,3.014,22.39,51.2,19247
2026-07-20 17:12:55,lht65-20,52.2507,5.97306,3.012,21.87,53.4,18032
2026-07-20 17:22:55,lht65-20,52.2507,5.97306,3.012,21.69,54.6,17220
2026-07-20 17:32:55,lht65-20,52.2507,5.97306,3.012,21.55,55.1,15906
2026-07-20 17:42:55,lht65-20,52.2507,5.97306,3.012,21.24,55.4,14640
2026-07-20 17:52:55,lht65-20,52.2507,5.97306,3.012,21.07,55.8,13363
2026-07-20 18:02:55,lht65-20,52.2507,5.97306,3.014,20.61,56.7,11593
2026-07-20 18:12:55,lht65-20,52.2507,5.97306,3.012,20.33,57.7,10131
2026-07-20 18:22:55,lht65-20,52.2507,5.97306,3.012,19.92,58.7,8766
2026-07-20 18:32:55,lht65-20,52.2507,5.97306,3.012,19.65,59.4,7442
2026-07-20 18:42:55,lht65-20,52.2507,5.97306,3.012,19.28,60.5,5825
2026-07-20 18:52:55,lht65-20,52.2507,5.97306,3.009,18.88,61.9,4595
2026-07-20 19:02:55,lht65-20,52.2507,5.97306,3.01,18.28,63.1,2491
2026-07-20 19:12:55,lht65-20,52.2507,5.97306,3.009,17.5,65.6,1592
2026-07-20 19:22:55,lht65-20,52.2507,5.97306,3.009,16.92,67.9,1005
2026-07-20 19:32:55,lht65-20,52.2507,5.97306,3.009,16.39,69.9,595
2026-07-20 19:42:55,lht65-20,52.2507,5.97306,3.009,15.91,71.5,290
2026-07-20 19:52:55,lht65-20,52.2507,5.97306,3.009,15.49,73.0,117
2026-07-20 20:02:55,lht65-20,52.2507,5.97306,3.007,15.11,74.3,41
2026-07-20 20:12:55,lht65-20,52.2507,5.97306,3.005,14.94,74.8,11
2026-07-20 20:22:55,lht65-20,52.2507,5.97306,3.007,14.69,75.6,3
2026-07-20 20:32:55,lht65-20,52.2507,5.97306,3.007,14.35,76.8,0
2026-07-20 20:42:55,lht65-20,52.2507,5.97306,3.005,14.01,78.0,0
2026-07-20 20:52:55,lht65-20,52.2507,5.97306,3.003,13.7,79.5,0
2026-07-20 21:02:55,lht65-20,52.2507,5.97306,3.003,13.42,80.7,0
2026-07-20 21:12:55,lht65-20,52.2507,5.97306,3.003,13.18,81.6,0
2026-07-20 21:22:55,lht65-20,52.2507,5.97306,3.003,13.04,82.3,0
2026-07-20 21:32:55,lht65-20,52.2507,5.97306,3.001,12.71,83.5,0
2026-07-20 21:42:55,lht65-20,52.2507,5.97306,3.001,12.4,84.8,0
2026-07-20 21:52:55,lht65-20,52.2507,5.97306,3.001,12.2,85.5,0
2026-07-20 22:02:55,lht65-20,52.2507,5.97306,3.0,11.8,86.4,0
2026-07-20 22:12:55,lht65-20,52.2507,5.97306,3.0,11.43,88.3,0
2026-07-20 22:22:55,lht65-20,52.2507,5.97306,3.0,11.24,89.5,0
2026-07-20 22:32:55,lht65-20,52.2507,5.97306,2.998,11.09,90.0,0
2026-07-20 22:42:55,lht65-20,52.2507,5.97306,3.0,10.97,90.2,0
2026-07-20 22:52:55,lht65-20,52.2507,5.97306,2.998,10.79,90.3,0
2026-07-20 23:02:55,lht65-20,52.2507,5.97306,2.998,10.62,90.5,0
2026-07-20 23:12:55,lht65-20,52.2507,5.97306,3.0,10.44,90.9,0
2026-07-20 23:22:55,lht65-20,52.2507,5.97306,2.998,10.3,91.4,0
2026-07-20 23:32:55,lht65-20,52.2507,5.97306,2.998,10.17,92.3,0
2026-07-20 23:42:55,lht65-20,52.2507,5.97306,2.998,10.04,92.8,0
2026-07-20 23:52:55,lht65-20,52.2507,5.97306,2.998,9.84,93.1,0
2026-07-21 00:02:55,lht65-20,52.2507,5.97306,2.998,9.76,93.7,0
2026-07-21 00:12:55,lht65-20,52.2507,5.97306,2.998,9.67,94.0,0
2026-07-21 00:22:55,lht65-20,52.2507,5.97306,2.996,9.54,94.2,0
2026-07-21 00:32:55,lht65-20,52.2507,5.97306,2.996,9.41,94.3,0
2026-07-21 00:42:55,lht65-20,52.2507,5.97306,2.994,8.77,92.5,0
2026-07-21 00:52:55,lht65-20,52.2507,5.97306,2.994,8.52,93.4,0
2026-07-21 01:02:55,lht65-20,52.2507,5.97306,2.994,8.36,94.3,0
2026-07-21 01:12:55,lht65-20,52.2507,5.97306,2.991,8.15,94.7,0
2026-07-21 01:22:55,lht65-20,52.2507,5.97306,2.992,8.27,95.3,0
2026-07-21 01:32:55,lht65-20,52.2507,5.97306,2.991,8.19,95.8,0
2026-07-21 01:42:55,lht65-20,52.2507,5.97306,2.992,8.01,96.1,0
2026-07-21 01:52:55,lht65-20,52.2507,5.97306,2.992,7.91,96.2,0
2026-07-21 02:02:55,lht65-20,52.2507,5.97306,2.991,7.79,96.4,0
2026-07-21 02:12:55,lht65-20,52.2507,5.97306,2.992,7.95,96.6,0
2026-07-21 02:22:55,lht65-20,52.2507,5.97306,2.991,8.12,96.8,0
2026-07-21 02:32:55,lht65-20,52.2507,5.97306,2.991,8.53,96.9,0
2026-07-21 02:42:55,lht65-20,52.2507,5.97306,2.991,8.88,97.1,0
2026-07-21 02:52:55,lht65-20,52.2507,5.97306,2.994,9.1,97.2,0
2026-07-21 03:02:55,lht65-20,52.2507,5.97306,2.994,9.29,97.3,2
2026-07-21 03:12:55,lht65-20,52.2507,5.97306,2.994,9.21,97.5,9
2026-07-21 03:22:55,lht65-20,52.2507,5.97306,2.992,9.14,97.6,29
2026-07-21 03:32:55,lht65-20,52.2507,5.97306,2.994,9.11,97.6,65
2026-07-21 03:42:55,lht65-20,52.2507,5.97306,2.991,9.34,97.7,140
2026-07-21 03:52:55,lht65-20,52.2507,5.97306,2.994,9.51,97.8,268
2026-07-21 04:02:55,lht65-20,52.2507,5.97306,2.994,9.96,97.8,420
2026-07-21 04:12:55,lht65-20,52.2507,5.97306,2.994,10.42,97.8,601
2026-07-21 04:22:55,lht65-20,52.2507,5.97306,2.996,10.77,97.9,885
2026-07-21 04:32:55,lht65-20,52.2507,5.97306,2.998,11.09,97.9,1240
2026-07-21 04:42:55,lht65-20,52.2507,5.97306,2.996,11.5,97.9,2020
2026-07-21 04:52:55,lht65-20,52.2507,5.97306,2.998,12.42,97.9,7550
2026-07-21 05:02:55,lht65-20,52.2507,5.97306,2.998,13.39,96.8,6560
2026-07-21 05:12:55,lht65-20,52.2507,5.97306,2.998,14.13,88.6,5151
2026-07-21 05:22:55,lht65-20,52.2507,5.97306,3.0,14.44,86.0,13110
2026-07-21 05:32:55,lht65-20,52.2507,5.97306,3.001,15.25,83.0,13235
2026-07-21 05:42:55,lht65-20,52.2507,5.97306,3.001,15.97,78.8,13205
2026-07-21 05:52:55,lht65-20,52.2507,5.97306,3.001,15.74,79.0,11965
2026-07-21 06:02:55,lht65-20,52.2507,5.97306,3.001,15.8,80.9,8229
2026-07-21 06:12:55,lht65-20,52.2507,5.97306,3.003,16.35,79.8,8783
2026-07-21 06:22:55,lht65-20,52.2507,5.97306,3.003,16.62,77.6,9241
2026-07-21 06:32:55,lht65-20,52.2507,5.97306,3.001,17.05,76.1,11300
2026-07-21 06:42:55,lht65-20,52.2507,5.97306,3.003,17.7,72.3,26028
2026-07-21 06:52:55,lht65-20,52.2507,5.97306,3.005,18.19,71.1,17792
2026-07-21 07:02:55,lht65-20,52.2507,5.97306,3.005,18.3,70.8,11177
2026-07-21 07:12:55,lht65-20,52.2507,5.97306,3.005,17.84,70.8,11858
2026-07-21 07:22:55,lht65-20,52.2507,5.97306,3.005,18.09,70.4,15517
2026-07-21 07:32:55,lht65-20,52.2507,5.97306,3.005,18.74,68.5,29168
2026-07-21 07:42:55,lht65-20,52.2507,5.97306,3.009,19.74,63.7,8945
2026-07-21 07:52:55,lht65-20,52.2507,5.97306,3.007,19.6,63.8,29983
2026-07-21 08:02:55,lht65-20,52.2507,5.97306,3.007,19.63,62.0,28420
2026-07-21 08:22:55,lht65-20,52.2507,5.97306,3.007,19.97,60.9,31780
2026-07-21 08:32:55,lht65-20,52.2507,5.97306,3.005,20.41,61.6,11748
2026-07-21 08:42:55,lht65-20,52.2507,5.97306,3.007,19.46,58.8,8319
2026-07-21 09:02:55,lht65-20,52.2507,5.97306,3.009,20.44,57.3,10012
2026-07-21 09:12:55,lht65-20,52.2507,5.97306,3.007,19.81,57.9,32427
2026-07-21 09:22:55,lht65-20,52.2507,5.97306,3.009,21.27,55.4,32969
2026-07-21 09:32:55,lht65-20,52.2507,5.97306,3.009,22.08,55.0,34795
2026-07-21 09:42:55,lht65-20,52.2507,5.97306,3.009,22.12,52.9,39773
2026-07-21 09:52:55,lht65-20,52.2507,5.97306,3.009,21.09,56.2,13364
2026-07-21 10:02:55,lht65-20,52.2507,5.97306,3.009,21.89,51.7,37346
2026-07-21 10:12:55,lht65-20,52.2507,5.97306,3.009,22.4,50.0,13104
2026-07-21 10:22:55,lht65-20,52.2507,5.97306,3.009,23.09,51.8,17630
2026-07-21 10:32:55,lht65-20,52.2507,5.97306,3.009,21.79,53.7,34648
2026-07-21 10:42:55,lht65-20,52.2507,5.97306,3.009,23.21,51.8,40477
2026-07-21 10:52:55,lht65-20,52.2507,5.97306,3.009,22.21,51.6,12204
2026-07-21 11:02:55,lht65-20,52.2507,5.97306,3.009,22.9,49.8,40557
2026-07-21 11:12:55,lht65-20,52.2507,5.97306,3.009,22.59,51.2,10085
2026-07-21 11:22:55,lht65-20,52.2507,5.97306,3.009,23.54,49.7,38466
2026-07-21 11:32:55,lht65-20,52.2507,5.97306,3.009,24.23,49.8,14698
2026-07-21 11:42:55,lht65-20,52.2507,5.97306,3.009,23.43,51.5,38742
2026-07-21 11:52:55,lht65-20,52.2507,5.97306,3.009,23.97,48.8,11170
2026-07-21 12:02:55,lht65-20,52.2507,5.97306,3.01,24.03,48.1,16581
2026-07-21 12:12:55,lht65-20,52.2507,5.97306,3.012,24.06,46.0,13232
2026-07-21 12:22:55,lht65-20,52.2507,5.97306,3.009,23.5,50.9,40583
2026-07-21 12:32:55,lht65-20,52.2507,5.97306,3.012,23.24,49.1,39146
2026-07-21 12:42:55,lht65-20,52.2507,5.97306,3.012,23.56,50.3,38348
2026-07-21 12:52:55,lht65-20,52.2507,5.97306,3.012,23.93,50.5,37439
2026-07-21 13:02:55,lht65-20,52.2507,5.97306,3.01,24.38,47.8,38504
2026-07-21 13:12:55,lht65-20,52.2507,5.97306,3.012,24.2,49.1,37371
2026-07-21 13:22:55,lht65-20,52.2507,5.97306,3.012,23.78,50.4,38056
2026-07-21 13:32:55,lht65-20,52.2507,5.97306,3.012,22.59,53.7,20405
2026-07-21 13:42:55,lht65-20,52.2507,5.97306,3.012,23.34,49.9,35168
2026-07-21 13:52:55,lht65-20,52.2507,5.97306,3.012,23.46,49.5,34459
2026-07-21 14:02:55,lht65-20,52.2507,5.97306,3.012,23.87,48.3,34179
2026-07-21 14:12:55,lht65-20,52.2507,5.97306,3.012,24.08,46.4,34549
2026-07-21 14:22:55,lht65-20,52.2507,5.97306,3.012,23.64,49.6,33650
2026-07-21 14:32:55,lht65-20,52.2507,5.97306,3.012,22.76,51.1,27142
2026-07-21 14:42:55,lht65-20,52.2507,5.97306,3.012,23.46,52.5,33120
2026-07-21 14:52:55,lht65-20,52.2507,5.97306,3.012,23.3,50.0,11171
2026-07-21 15:02:55,lht65-20,52.2507,5.97306,3.012,21.67,53.1,12473
2026-07-21 15:12:55,lht65-20,52.2507,5.97306,3.012,22.01,52.2,9355
2026-07-21 15:22:55,lht65-20,52.2507,5.97306,3.012,22.78,51.4,27720
2026-07-21 15:32:55,lht65-20,52.2507,5.97306,3.012,22.85,48.4,23540
2026-07-21 15:42:55,lht65-20,52.2507,5.97306,3.012,23.2,47.9,25902
2026-07-21 15:52:55,lht65-20,52.2507,5.97306,3.012,23.04,48.7,25225
2026-07-21 16:02:55,lht65-20,52.2507,5.97306,3.012,23.37,48.3,24849
2026-07-21 16:12:55,lht65-20,52.2507,5.97306,3.012,23.19,48.1,23515
2026-07-21 16:22:55,lht65-20,52.2507,5.97306,3.012,23.05,49.3,23509
2026-07-21 16:32:55,lht65-20,52.2507,5.97306,3.012,22.65,49.8,22053
2026-07-21 16:42:55,lht65-20,52.2507,5.97306,3.012,22.59,50.5,21497
2026-07-21 16:52:55,lht65-20,52.2507,5.97306,3.012,22.65,51.6,20525
2026-07-21 17:02:55,lht65-20,52.2507,5.97306,3.012,22.08,52.0,20201
2026-07-21 17:12:55,lht65-20,52.2507,5.97306,3.012,21.88,52.7,17966
2026-07-21 17:22:55,lht65-20,52.2507,5.97306,3.012,21.57,53.9,17198
2026-07-21 17:42:55,lht65-20,52.2507,5.97306,3.009,19.65,58.6,4947
2026-07-21 17:52:55,lht65-20,52.2507,5.97306,3.009,19.03,61.5,12653
2026-07-21 18:02:55,lht65-20,52.2507,5.97306,3.009,19.65,60.6,11358
2026-07-21 18:12:55,lht65-20,52.2507,5.97306,3.009,20.19,59.5,9323
2026-07-21 18:22:55,lht65-20,52.2507,5.97306,3.009,20.47,58.4,6780
2026-07-21 18:32:55,lht65-20,52.2507,5.97306,3.012,20.06,60.1,3115
2026-07-21 18:42:55,lht65-20,52.2507,5.97306,3.012,18.73,64.2,2273
2026-07-21 18:52:55,lht65-20,52.2507,5.97306,3.009,17.89,66.8,1854
2026-07-21 19:02:55,lht65-20,52.2507,5.97306,3.009,17.43,68.6,1468
2026-07-21 19:12:55,lht65-20,52.2507,5.97306,3.007,17.15,70.3,1028
2026-07-21 19:22:55,lht65-20,52.2507,5.97306,3.009,16.81,71.8,664
2026-07-21 19:32:55,lht65-20,52.2507,5.97306,3.007,16.48,73.0,385
2026-07-21 19:42:55,lht65-20,52.2507,5.97306,3.005,16.17,74.1,204
2026-07-21 19:52:55,lht65-20,52.2507,5.97306,3.005,15.79,75.6,82
2026-07-21 20:02:55,lht65-20,52.2507,5.97306,3.007,15.54,76.9,25
2026-07-21 20:12:55,lht65-20,52.2507,5.97306,3.005,15.61,77.4,4
2026-07-21 20:22:55,lht65-20,52.2507,5.97306,3.005,15.65,78.2,0
2026-07-21 20:32:55,lht65-20,52.2507,5.97306,3.005,15.85,78.4,0
2026-07-21 20:42:55,lht65-20,52.2507,5.97306,3.005,15.96,79.5,0
2026-07-21 20:52:55,lht65-20,52.2507,5.97306,3.007,15.97,80.7,0
2026-07-21 21:02:55,lht65-20,52.2507,5.97306,3.005,16.06,81.2,0
2026-07-21 21:12:55,lht65-20,52.2507,5.97306,3.007,16.11,81.3,0
2026-07-21 21:22:55,lht65-20,52.2507,5.97306,3.007,16.19,81.4,0
2026-07-21 21:32:55,lht65-20,52.2507,5.97306,3.005,16.17,82.5,0
2026-07-21 21:42:55,lht65-20,52.2507,5.97306,3.007,16.08,83.2,0
2026-07-21 21:52:55,lht65-20,52.2507,5.97306,3.007,15.99,83.6,0
2026-07-21 22:02:55,lht65-20,52.2507,5.97306,3.003,15.95,84.1,0
2026-07-21 22:12:55,lht65-20,52.2507,5.97306,3.005,15.88,84.4,0
2026-07-21 22:22:55,lht65-20,52.2507,5.97306,3.005,15.82,84.6,0
2026-07-21 22:32:55,lht65-20,52.2507,5.97306,3.005,15.8,85.4,0
2026-07-21 22:42:55,lht65-20,52.2507,5.97306,3.005,15.73,86.2,0
2026-07-21 22:52:55,lht65-20,52.2507,5.97306,3.005,15.58,87.0,0
2026-07-21 23:02:55,lht65-20,52.2507,5.97306,3.005,15.37,87.7,0
2026-07-21 23:12:55,lht65-20,52.2507,5.97306,3.005,15.25,89.0,0
2026-07-21 23:22:55,lht65-20,52.2507,5.97306,3.005,15.23,89.9,0
2026-07-21 23:32:55,lht65-20,52.2507,5.97306,3.005,15.18,89.4,0
2026-07-21 23:42:55,lht65-20,52.2507,5.97306,3.005,15.07,90.1,0
2026-07-21 23:52:55,lht65-20,52.2507,5.97306,3.005,15.02,90.6,0
2026-07-22 00:02:55,lht65-20,52.2507,5.97306,3.003,15.19,90.0,0
2026-07-22 00:12:55,lht65-20,52.2507,5.97306,3.005,15.23,89.4,0
2026-07-22 00:22:55,lht65-20,52.2507,5.97306,3.001,15.1,90.0,0
2026-07-22 00:32:55,lht65-20,52.2507,5.97306,3.003,15.01,89.8,0
2026-07-22 00:42:55,lht65-20,52.2507,5.97306,3.001,14.99,88.8,0
2026-07-22 00:52:55,lht65-20,52.2507,5.97306,3.003,15.0,88.1,0
2026-07-22 01:02:55,lht65-20,52.2507,5.97306,3.001,14.98,87.8,0
2026-07-22 01:12:55,lht65-20,52.2507,5.97306,3.001,14.84,88.7,0
2026-07-22 01:22:55,lht65-20,52.2507,5.97306,3.003,14.65,90.0,0
2026-07-22 01:32:55,lht65-20,52.2507,5.97306,3.001,14.54,90.9,0
2026-07-22 01:42:55,lht65-20,52.2507,5.97306,3.003,14.51,91.9,0
2026-07-22 01:52:55,lht65-20,52.2507,5.97306,3.001,14.75,89.3,0
2026-07-22 02:02:55,lht65-20,52.2507,5.97306,3.003,15.04,86.9,0
2026-07-22 02:12:55,lht65-20,52.2507,5.97306,3.001,15.07,87.2,0
2026-07-22 02:22:55,lht65-20,52.2507,5.97306,3.001,14.95,88.7,0
2026-07-22 02:32:55,lht65-20,52.2507,5.97306,3.001,14.86,89.3,0
2026-07-22 02:42:55,lht65-20,52.2507,5.97306,3.001,14.81,89.2,0
2026-07-22 02:52:55,lht65-20,52.2507,5.97306,3.001,14.71,89.2,0
2026-07-22 03:02:55,lht65-20,52.2507,5.97306,3.001,14.58,90.5,0
2026-07-22 03:12:55,lht65-20,52.2507,5.97306,3.001,14.42,91.2,3
2026-07-22 03:22:55,lht65-20,52.2507,5.97306,3.001,14.3,91.6,15
2026-07-22 03:32:55,lht65-20,52.2507,5.97306,3.001,14.25,92.5,42
2026-07-22 03:42:55,lht65-20,52.2507,5.97306,3.001,14.81,88.4,92
2026-07-22 03:52:55,lht65-20,52.2507,5.97306,3.001,15.11,87.4,170
2026-07-22 04:02:55,lht65-20,52.2507,5.97306,3.0,15.07,88.1,421
2026-07-22 04:12:55,lht65-20,52.2507,5.97306,3.001,14.96,88.9,692
2026-07-22 04:22:55,lht65-20,52.2507,5.97306,3.001,14.95,89.2,916
2026-07-22 04:32:55,lht65-20,52.2507,5.97306,3.001,14.96,89.3,1035
2026-07-22 04:42:55,lht65-20,52.2507,5.97306,3.001,15.01,89.6,823
2026-07-22 04:52:55,lht65-20,52.2507,5.97306,3.001,15.03,89.4,928
2026-07-22 05:02:55,lht65-20,52.2507,5.97306,3.001,15.04,89.8,2394
2026-07-22 05:12:55,lht65-20,52.2507,5.97306,3.001,15.01,90.1,3223
2026-07-22 05:22:55,lht65-20,52.2507,5.97306,3.001,15.22,90.6,3557
2026-07-22 05:32:55,lht65-20,52.2507,5.97306,3.001,15.46,89.4,4055
2026-07-22 05:42:55,lht65-20,52.2507,5.97306,3.001,15.7,88.6,3552
2026-07-22 05:52:55,lht65-20,52.2507,5.97306,3.003,15.88,87.7,3078
2026-07-22 06:02:55,lht65-20,52.2507,5.97306,3.001,15.98,87.2,2229
2026-07-22 06:12:55,lht65-20,52.2507,5.97306,3.003,16.1,86.6,4510
2026-07-22 06:22:55,lht65-20,52.2507,5.97306,3.001,16.42,84.7,7360
2026-07-22 06:32:55,lht65-20,52.2507,5.97306,3.003,16.99,82.9,7787
2026-07-22 06:42:55,lht65-20,52.2507,5.97306,3.005,17.11,80.2,6452
2026-07-22 06:52:55,lht65-20,52.2507,5.97306,3.003,17.16,80.0,5913
2026-07-22 07:02:55,lht65-20,52.2507,5.97306,3.005,17.12,78.6,6385
2026-07-22 07:12:55,lht65-20,52.2507,5.97306,3.003,17.08,78.8,4739
2026-07-22 07:22:55,lht65-20,52.2507,5.97306,3.003,17.22,78.5,4656
2026-07-22 07:32:55,lht65-20,52.2507,5.97306,3.003,17.23,76.2,6954
2026-07-22 07:42:55,lht65-20,52.2507,5.97306,3.003,17.22,77.6,6968
2026-07-22 07:52:55,lht65-20,52.2507,5.97306,3.005,17.41,77.6,8248
2026-07-22 08:02:55,lht65-20,52.2507,5.97306,3.005,17.62,75.2,8723
2026-07-22 08:12:55,lht65-20,52.2507,5.97306,3.005,17.89,75.4,10141
2026-07-22 08:22:55,lht65-20,52.2507,5.97306,3.005,17.69,76.3,6770
2026-07-22 08:32:55,lht65-20,52.2507,5.97306,3.005,17.74,77.7,9600
2026-07-22 08:42:55,lht65-20,52.2507,5.97306,3.003,17.96,77.0,13333
2026-07-22 08:52:55,lht65-20,52.2507,5.97306,3.005,18.69,77.1,9714
2026-07-22 09:02:55,lht65-20,52.2507,5.97306,3.005,18.29,74.9,5343
2026-07-22 09:12:55,lht65-20,52.2507,5.97306,3.005,17.56,80.6,8667
2026-07-22 09:22:55,lht65-20,52.2507,5.97306,3.005,17.9,83.2,13641
2026-07-22 09:32:55,lht65-20,52.2507,5.97306,3.005,18.71,78.8,15205
2026-07-22 09:42:55,lht65-20,52.2507,5.97306,3.007,19.28,72.1,19143
2026-07-22 09:52:55,lht65-20,52.2507,5.97306,3.007,19.6,69.9,11012
2026-07-22 10:02:55,lht65-20,52.2507,5.97306,3.007,19.47,72.0,18922
2026-07-22 10:12:55,lht65-20,52.2507,5.97306,3.007,20.33,69.9,29144
2026-07-22 10:22:55,lht65-20,52.2507,5.97306,3.009,21.38,61.9,18665
2026-07-22 10:32:55,lht65-20,52.2507,5.97306,3.009,21.88,62.5,13047
2026-07-22 10:42:55,lht65-20,52.2507,5.97306,3.009,21.68,66.0,29165
2026-07-22 10:52:55,lht65-20,52.2507,5.97306,3.007,21.59,58.8,10626
2026-07-22 11:02:55,lht65-20,52.2507,5.97306,3.007,20.66,64.1,5424
2026-07-22 11:12:55,lht65-20,52.2507,5.97306,3.009,19.31,71.2,10761
2026-07-22 11:22:55,lht65-20,52.2507,5.97306,3.007,19.47,73.4,16616
2026-07-22 11:32:55,lht65-20,52.2507,5.97306,3.007,19.15,74.2,16886
2026-07-22 11:42:55,lht65-20,52.2507,5.97306,3.005,19.32,74.7,13507
2026-07-22 11:52:55,lht65-20,52.2507,5.97306,3.005,19.43,74.5,14241
2026-07-22 12:02:55,lht65-20,52.2507,5.97306,3.007,18.6,75.7,8145
2026-07-22 12:12:55,lht65-20,52.2507,5.97306,3.005,18.99,79.2,38828
2026-07-22 12:22:55,lht65-20,52.2507,5.97306,3.007,20.02,70.8,11011
2026-07-22 12:32:55,lht65-20,52.2507,5.97306,3.007,20.19,70.5,20244
2026-07-22 12:42:55,lht65-20,52.2507,5.97306,3.007,19.94,67.3,17251
2026-07-22 12:52:55,lht65-20,52.2507,5.97306,3.007,20.23,66.0,13887
2026-07-22 13:02:55,lht65-20,52.2507,5.97306,3.009,19.88,65.8,8960
2026-07-22 13:12:55,lht65-20,52.2507,5.97306,3.007,19.39,67.5,9480
2026-07-22 13:22:55,lht65-20,52.2507,5.97306,3.007,20.03,64.8,39048
2026-07-22 13:32:55,lht65-20,52.2507,5.97306,3.007,20.57,62.2,16791
2026-07-22 13:42:55,lht65-20,52.2507,5.97306,3.007,20.73,60.3,16978
2026-07-22 13:52:55,lht65-20,52.2507,5.97306,3.009,20.41,61.9,11982
2026-07-22 14:02:55,lht65-20,52.2507,5.97306,3.007,19.83,67.7,11008
2026-07-22 14:12:55,lht65-20,52.2507,5.97306,3.007,19.47,69.9,9809
2026-07-22 14:22:55,lht65-20,52.2507,5.97306,3.009,19.42,68.4,16137
2026-07-22 14:32:55,lht65-20,52.2507,5.97306,3.007,19.2,75.1,17799
2026-07-22 14:42:55,lht65-20,52.2507,5.97306,3.009,18.78,74.9,15807
2026-07-22 14:52:55,lht65-20,52.2507,5.97306,3.005,19.13,70.4,15330
2026-07-22 15:02:55,lht65-20,52.2507,5.97306,3.009,20.13,69.2,29685
2026-07-22 15:12:55,lht65-20,52.2507,5.97306,3.007,19.17,70.8,4783
2026-07-22 15:22:55,lht65-20,52.2507,5.97306,3.005,18.59,73.4,15141
2026-07-22 15:32:55,lht65-20,52.2507,5.97306,3.007,19.67,71.3,15359
2026-07-22 15:42:55,lht65-20,52.2507,5.97306,3.007,19.22,71.5,14842
2026-07-22 15:52:55,lht65-20,52.2507,5.97306,3.009,19.51,70.1,14691
2026-07-22 16:02:55,lht65-20,52.2507,5.97306,3.009,19.29,70.0,7087
2026-07-22 16:12:55,lht65-20,52.2507,5.97306,3.007,18.88,70.5,15329
2026-07-22 16:22:55,lht65-20,52.2507,5.97306,3.007,19.58,68.2,10241
2026-07-22 16:32:55,lht65-20,52.2507,5.97306,3.009,19.04,67.2,7541
2026-07-22 16:42:55,lht65-20,52.2507,5.97306,3.007,18.74,67.8,3747
2026-07-22 16:52:55,lht65-20,52.2507,5.97306,3.005,18.26,69.9,4747
2026-07-22 17:02:55,lht65-20,52.2507,5.97306,3.005,17.97,69.0,5358
2026-07-22 17:12:55,lht65-20,52.2507,5.97306,3.005,17.83,70.3,2515
2026-07-22 17:22:55,lht65-20,52.2507,5.97306,3.005,17.4,75.8,1055
2026-07-22 17:32:55,lht65-20,52.2507,5.97306,3.003,16.06,83.3,2835
2026-07-22 17:42:55,lht65-20,52.2507,5.97306,3.003,15.46,87.4,4445
2026-07-22 17:52:55,lht65-20,52.2507,5.97306,3.003,15.43,87.2,3714
2026-07-22 18:02:55,lht65-20,52.2507,5.97306,3.003,15.52,87.6,3450
2026-07-22 18:12:55,lht65-20,52.2507,5.97306,3.001,15.51,88.1,1445
2026-07-22 18:22:55,lht65-20,52.2507,5.97306,3.001,15.35,88.7,1316
2026-07-22 18:32:55,lht65-20,52.2507,5.97306,3.001,15.33,89.5,1114
2026-07-22 18:42:55,lht65-20,52.2507,5.97306,3.001,15.34,89.3,602
2026-07-22 18:52:55,lht65-20,52.2507,5.97306,3.001,15.33,89.3,595
2026-07-22 19:02:55,lht65-20,52.2507,5.97306,3.003,15.22,89.7,753
2026-07-22 19:12:55,lht65-20,52.2507,5.97306,3.001,15.18,90.1,360
2026-07-22 19:22:55,lht65-20,52.2507,5.97306,3.001,15.17,90.1,292
2026-07-22 19:32:55,lht65-20,52.2507,5.97306,3.003,15.14,90.2,116
2026-07-22 19:42:55,lht65-20,52.2507,5.97306,3.001,15.09,89.9,49
2026-07-22 19:52:55,lht65-20,52.2507,5.97306,3.001,15.05,89.9,13
2026-07-22 20:02:55,lht65-20,52.2507,5.97306,3.001,15.0,89.6,7
2026-07-22 20:12:55,lht65-20,52.2507,5.97306,3.001,14.99,89.4,1
2026-07-22 20:22:55,lht65-20,52.2507,5.97306,3.001,14.95,89.6,0
2026-07-22 20:32:55,lht65-20,52.2507,5.97306,3.001,14.93,89.2,0
2026-07-22 20:42:55,lht65-20,52.2507,5.97306,3.001,14.95,88.3,0
2026-07-22 20:52:55,lht65-20,52.2507,5.97306,3.001,15.14,85.3,0
2026-07-22 21:02:55,lht65-20,52.2507,5.97306,3.001,15.17,85.0,0
2026-07-22 21:12:55,lht65-20,52.2507,5.97306,3.001,15.14,85.5,0
2026-07-22 21:22:55,lht65-20,52.2507,5.97306,3.0,15.06,85.9,0
2026-07-22 21:32:55,lht65-20,52.2507,5.97306,3.001,15.03,85.7,0
2026-07-22 21:42:55,lht65-20,52.2507,5.97306,3.0,15.06,85.1,0
2026-07-22 21:52:55,lht65-20,52.2507,5.97306,3.001,15.1,83.8,0
2026-07-22 22:02:55,lht65-20,52.2507,5.97306,3.001,15.14,83.1,0
2026-07-22 22:12:55,lht65-20,52.2507,5.97306,3.001,15.1,83.0,0
2026-07-22 22:22:55,lht65-20,52.2507,5.97306,3.001,15.08,81.9,0
2026-07-22 22:32:55,lht65-20,52.2507,5.97306,3.0,15.03,82.8,0
2026-07-22 22:42:55,lht65-20,52.2507,5.97306,3.001,15.03,82.1,0
2026-07-22 22:52:55,lht65-20,52.2507,5.97306,3.001,15.05,81.4,0
2026-07-22 23:02:55,lht65-20,52.2507,5.97306,3.001,15.05,80.1,0
2026-07-22 23:12:55,lht65-20,52.2507,5.97306,3.001,15.07,80.2,0
2026-07-22 23:22:55,lht65-20,52.2507,5.97306,3.001,15.11,79.2,0
2026-07-22 23:32:55,lht65-20,52.2507,5.97306,3.001,15.2,78.7,0
2026-07-22 23:42:55,lht65-20,52.2507,5.97306,3.001,15.21,78.7,0
2026-07-22 23:52:55,lht65-20,52.2507,5.97306,3.001,15.19,77.6,0
2026-07-23 00:02:55,lht65-20,52.2507,5.97306,3.001,15.24,76.4,0
2026-07-23 00:12:55,lht65-20,52.2507,5.97306,3.001,15.3,75.8,0
2026-07-23 00:22:55,lht65-20,52.2507,5.97306,3.0,15.24,75.5,0
2026-07-23 00:32:55,lht65-20,52.2507,5.97306,3.0,15.22,76.0,0
2026-07-23 00:42:55,lht65-20,52.2507,5.97306,3.0,15.1,77.5,0
2026-07-23 00:52:55,lht65-20,52.2507,5.97306,3.001,15.01,77.6,0
2026-07-23 01:02:55,lht65-20,52.2507,5.97306,3.001,14.91,80.2,0
2026-07-23 01:12:55,lht65-20,52.2507,5.97306,3.0,14.84,79.0,0
2026-07-23 01:22:55,lht65-20,52.2507,5.97306,3.0,14.87,78.8,0
2026-07-23 01:32:55,lht65-20,52.2507,5.97306,3.001,14.86,77.8,0
2026-07-23 01:42:55,lht65-20,52.2507,5.97306,3.001,14.76,80.2,0
2026-07-23 01:52:55,lht65-20,52.2507,5.97306,3.0,14.7,80.7,0
2026-07-23 02:02:55,lht65-20,52.2507,5.97306,3.0,14.63,82.2,0
2026-07-23 02:12:55,lht65-20,52.2507,5.97306,3.001,14.55,81.9,0
2026-07-23 02:22:55,lht65-20,52.2507,5.97306,3.0,14.56,82.5,0
2026-07-23 02:32:55,lht65-20,52.2507,5.97306,3.0,14.49,83.6,0
2026-07-23 02:42:55,lht65-20,52.2507,5.97306,3.0,14.52,83.1,0
2026-07-23 02:52:55,lht65-20,52.2507,5.97306,2.998,14.48,84.6,0
2026-07-23 03:02:55,lht65-20,52.2507,5.97306,2.998,14.54,83.1,0
2026-07-23 03:12:55,lht65-20,52.2507,5.97306,3.0,14.59,83.2,3
2026-07-23 03:22:55,lht65-20,52.2507,5.97306,3.0,14.55,84.4,5
2026-07-23 03:32:55,lht65-20,52.2507,5.97306,2.998,14.5,84.8,22
2026-07-23 03:42:55,lht65-20,52.2507,5.97306,2.998,14.41,86.8,75
2026-07-23 03:52:55,lht65-20,52.2507,5.97306,3.0,14.29,87.6,197
2026-07-23 04:02:55,lht65-20,52.2507,5.97306,3.0,14.3,87.2,295
2026-07-23 04:12:55,lht65-20,52.2507,5.97306,3.0,14.32,87.5,483
2026-07-23 04:22:55,lht65-20,52.2507,5.97306,2.998,14.39,87.1,394
2026-07-23 04:32:55,lht65-20,52.2507,5.97306,2.998,14.45,88.8,964
2026-07-23 04:42:55,lht65-20,52.2507,5.97306,3.0,14.5,89.5,1001
2026-07-23 04:52:55,lht65-20,52.2507,5.97306,2.998,14.59,89.2,900
2026-07-23 05:02:55,lht65-20,52.2507,5.97306,3.0,14.77,88.5,1275
2026-07-23 05:12:55,lht65-20,52.2507,5.97306,3.0,14.98,88.2,1982
2026-07-23 05:22:55,lht65-20,52.2507,5.97306,3.001,15.21,87.5,3215
2026-07-23 05:32:55,lht65-20,52.2507,5.97306,3.001,15.35,86.4,3091
2026-07-23 05:42:55,lht65-20,52.2507,5.97306,3.0,15.52,86.8,3921
2026-07-23 05:52:55,lht65-20,52.2507,5.97306,2.998,15.72,84.7,3792
2026-07-23 06:02:55,lht65-20,52.2507,5.97306,3.0,15.78,85.1,2800
2026-07-23 06:12:55,lht65-20,52.2507,5.97306,3.0,15.91,84.9,3846
2026-07-23 06:22:55,lht65-20,52.2507,5.97306,3.001,16.13,83.8,5345
2026-07-23 06:32:55,lht65-20,52.2507,5.97306,3.001,16.5,81.5,5984
2026-07-23 06:42:55,lht65-20,52.2507,5.97306,3.001,17.11,78.1,8640
2026-07-23 06:52:55,lht65-20,52.2507,5.97306,3.001,17.45,76.8,8884
2026-07-23 07:02:55,lht65-20,52.2507,5.97306,3.001,17.72,74.2,9049
2026-07-23 07:12:55,lht65-20,52.2507,5.97306,3.001,17.56,73.3,9470
2026-07-23 07:22:55,lht65-20,52.2507,5.97306,3.001,18.12,71.5,10504
2026-07-23 07:32:55,lht65-20,52.2507,5.97306,3.001,18.4,69.0,12541
2026-07-23 07:42:55,lht65-20,52.2507,5.97306,3.001,18.73,66.5,18895
2026-07-23 07:52:55,lht65-20,52.2507,5.97306,3.001,19.18,65.7,12968
2026-07-23 08:02:55,lht65-20,52.2507,5.97306,3.003,19.13,61.0,12234
2026-07-23 08:12:55,lht65-20,52.2507,5.97306,3.003,18.98,62.3,12179
2026-07-23 08:22:55,lht65-20,52.2507,5.97306,3.003,18.87,62.0,13259
2026-07-23 08:32:55,lht65-20,52.2507,5.97306,3.003,18.87,62.6,13066
2026-07-23 08:42:55,lht65-20,52.2507,5.97306,3.003,19.38,60.6,14471
2026-07-23 08:52:55,lht65-20,52.2507,5.97306,3.005,19.28,59.7,18331
2026-07-23 09:02:55,lht65-20,52.2507,5.97306,3.003,19.15,61.0,14471
2026-07-23 09:12:55,lht65-20,52.2507,5.97306,3.003,19.01,60.7,13081
2026-07-23 09:22:55,lht65-20,52.2507,5.97306,3.003,18.85,62.1,15451
2026-07-23 09:32:55,lht65-20,52.2507,5.97306,3.003,18.85,60.0,14033
2026-07-23 09:42:55,lht65-20,52.2507,5.97306,3.005,18.99,62.0,18745
2026-07-23 09:52:55,lht65-20,52.2507,5.97306,3.005,20.09,60.1,21883
2026-07-23 10:02:55,lht65-20,52.2507,5.97306,3.005,20.28,56.8,17404
2026-07-23 10:12:55,lht65-20,52.2507,5.97306,3.003,20.23,56.4,18392
2026-07-23 10:22:55,lht65-20,52.2507,5.97306,3.005,20.56,55.7,28174
2026-07-23 10:32:55,lht65-20,52.2507,5.97306,3.005,19.99,58.0,17199
2026-07-23 10:42:55,lht65-20,52.2507,5.97306,3.003,20.35,57.1,16970
2026-07-23 10:52:55,lht65-20,52.2507,5.97306,3.005,20.4,58.0,14554
2026-07-23 11:02:55,lht65-20,52.2507,5.97306,3.005,20.02,55.5,18589
2026-07-23 11:12:55,lht65-20,52.2507,5.97306,3.005,20.66,55.3,14666
2026-07-23 11:22:55,lht65-20,52.2507,5.97306,3.003,20.53,54.4,35856
2026-07-23 11:32:55,lht65-20,52.2507,5.97306,3.005,22.18,52.1,42409
2026-07-23 11:42:55,lht65-20,52.2507,5.97306,3.005,21.54,51.2,20172
2026-07-23 11:52:55,lht65-20,52.2507,5.97306,3.007,22.25,50.3,41334
2026-07-23 12:02:55,lht65-20,52.2507,5.97306,3.007,21.93,51.7,17723
2026-07-23 12:12:55,lht65-20,52.2507,5.97306,3.007,22.33,52.0,45625
2026-07-23 12:32:55,lht65-20,52.2507,5.97306,3.007,22.2,52.1,23273
2026-07-23 12:42:55,lht65-20,52.2507,5.97306,3.005,22.59,51.7,16605
2026-07-23 12:52:55,lht65-20,52.2507,5.97306,3.007,21.65,55.8,41559
2026-07-23 13:12:55,lht65-20,52.2507,5.97306,3.007,22.89,51.2,19641
2026-07-23 13:22:55,lht65-20,52.2507,5.97306,3.009,22.88,50.0,40449
2026-07-23 13:32:55,lht65-20,52.2507,5.97306,3.007,23.1,50.4,30050
2026-07-23 13:42:55,lht65-20,52.2507,5.97306,3.009,23.65,47.2,39370
2026-07-23 13:52:55,lht65-20,52.2507,5.97306,3.009,23.17,47.6,36719
2026-07-23 14:02:55,lht65-20,52.2507,5.97306,3.009,23.0,49.2,34575
2026-07-23 14:12:55,lht65-20,52.2507,5.97306,3.009,23.58,49.1,18730
2026-07-23 14:22:55,lht65-20,52.2507,5.97306,3.009,23.25,48.4,37030
2026-07-23 14:32:55,lht65-20,52.2507,5.97306,3.009,23.02,48.9,12250
2026-07-23 14:42:55,lht65-20,52.2507,5.97306,3.009,22.34,52.0,30103
2026-07-23 14:52:55,lht65-20,52.2507,5.97306,3.007,21.61,53.4,32731
2026-07-23 15:02:55,lht65-20,52.2507,5.97306,3.009,22.33,51.4,30252
2026-07-23 15:12:55,lht65-20,52.2507,5.97306,3.007,21.57,53.8,22900
2026-07-23 15:22:55,lht65-20,52.2507,5.97306,3.007,21.14,54.3,12943
2026-07-23 15:32:55,lht65-20,52.2507,5.97306,3.009,20.78,56.4,26795
2026-07-23 15:42:55,lht65-20,52.2507,5.97306,3.009,20.81,56.2,15349
2026-07-23 15:52:55,lht65-20,52.2507,5.97306,3.007,20.68,54.2,17790
2026-07-23 16:02:55,lht65-20,52.2507,5.97306,3.007,20.94,54.4,15661
2026-07-23 16:12:55,lht65-20,52.2507,5.97306,3.007,20.46,55.2,12890
2026-07-23 16:22:55,lht65-20,52.2507,5.97306,3.005,20.06,56.5,14237
2026-07-23 16:32:55,lht65-20,52.2507,5.97306,3.005,20.23,55.2,14389
2026-07-23 16:42:55,lht65-20,52.2507,5.97306,3.007,20.58,54.1,22371
2026-07-23 16:52:55,lht65-20,52.2507,5.97306,3.007,20.82,54.3,17510
2026-07-23 17:02:55,lht65-20,52.2507,5.97306,3.007,20.91,54.3,22684
2026-07-23 17:12:55,lht65-20,52.2507,5.97306,3.007,20.42,55.7,11960
2026-07-23 17:22:55,lht65-20,52.2507,5.97306,3.007,19.98,57.6,17495
2026-07-23 17:32:55,lht65-20,52.2507,5.97306,3.005,19.05,59.7,6181
2026-07-23 17:42:55,lht65-20,52.2507,5.97306,3.005,18.95,61.9,16435
2026-07-23 17:52:55,lht65-20,52.2507,5.97306,3.005,19.16,59.9,14632
2026-07-23 18:02:54,lht65-20,52.2507,5.97306,3.005,19.6,58.7,11995
2026-07-23 18:12:54,lht65-20,52.2507,5.97306,3.007,19.4,58.7,6293
2026-07-23 18:22:55,lht65-20,52.2507,5.97306,3.005,18.19,61.4,2805
2026-07-23 18:32:55,lht65-20,52.2507,5.97306,3.003,17.48,64.5,2666
2026-07-23 18:42:54,lht65-20,52.2507,5.97306,3.003,17.3,66.1,2585
2026-07-23 18:52:55,lht65-20,52.2507,5.97306,3.003,17.01,67.7,4715
2026-07-23 19:02:54,lht65-20,52.2507,5.97306,3.003,16.85,68.3,1541
2026-07-23 19:12:54,lht65-20,52.2507,5.97306,3.001,16.4,70.1,1028
2026-07-23 19:22:55,lht65-20,52.2507,5.97306,3.001,15.97,72.3,580
2026-07-23 19:32:54,lht65-20,52.2507,5.97306,3.001,15.52,73.4,318
2026-07-23 19:42:54,lht65-20,52.2507,5.97306,3.001,15.22,75.2,187
2026-07-23 19:52:55,lht65-20,52.2507,5.97306,3.001,14.76,77.3,65
2026-07-23 20:02:55,lht65-20,52.2507,5.97306,3.001,14.09,80.6,15
2026-07-23 20:12:55,lht65-20,52.2507,5.97306,3.0,13.72,82.8,5
2026-07-23 20:22:55,lht65-20,52.2507,5.97306,3.0,13.58,84.1,0
2026-07-23 20:32:55,lht65-20,52.2507,5.97306,3.0,13.12,86.0,0
2026-07-23 20:42:54,lht65-20,52.2507,5.97306,2.998,12.83,88.2,0
2026-07-23 20:52:55,lht65-20,52.2507,5.97306,2.998,12.66,89.3,0
2026-07-23 21:02:54,lht65-20,52.2507,5.97306,2.998,12.65,89.9,0
2026-07-23 21:12:54,lht65-20,52.2507,5.97306,2.998,12.76,90.2,0
2026-07-23 21:22:55,lht65-20,52.2507,5.97306,2.998,13.02,92.0,0
2026-07-23 21:32:55,lht65-20,52.2507,5.97306,2.998,13.31,92.4,0
2026-07-23 21:42:55,lht65-20,52.2507,5.97306,2.998,13.86,89.4,0
2026-07-23 21:52:55,lht65-20,52.2507,5.97306,3.0,14.17,88.4,0
2026-07-23 22:02:55,lht65-20,52.2507,5.97306,2.998,14.26,88.1,0
2026-07-23 22:12:55,lht65-20,52.2507,5.97306,2.998,14.3,88.0,0
2026-07-23 22:22:55,lht65-20,52.2507,5.97306,2.998,14.42,87.5,0
2026-07-23 22:32:55,lht65-20,52.2507,5.97306,2.998,14.47,87.9,0
2026-07-23 22:42:55,lht65-20,52.2507,5.97306,3.0,14.56,86.7,0
2026-07-23 22:52:55,lht65-20,52.2507,5.97306,2.998,14.64,86.1,0
2026-07-23 23:02:55,lht65-20,52.2507,5.97306,3.0,14.71,87.3,0
2026-07-23 23:12:55,lht65-20,52.2507,5.97306,3.0,14.7,86.6,0
2026-07-23 23:22:55,lht65-20,52.2507,5.97306,3.001,14.75,86.5,0
2026-07-23 23:32:55,lht65-20,52.2507,5.97306,3.0,14.73,87.2,0
2026-07-23 23:42:55,lht65-20,52.2507,5.97306,3.0,14.89,86.0,0
2026-07-23 23:52:55,lht65-20,52.2507,5.97306,3.0,15.0,86.3,0
2026-07-24 00:02:55,lht65-20,52.2507,5.97306,3.001,14.76,85.4,0
2026-07-24 00:12:55,lht65-20,52.2507,5.97306,3.0,14.2,87.6,0
2026-07-24 00:22:55,lht65-20,52.2507,5.97306,2.998,13.54,87.8,0
2026-07-24 00:32:55,lht65-20,52.2507,5.97306,2.998,13.19,91.0,0
2026-07-24 00:42:55,lht65-20,52.2507,5.97306,2.998,12.96,92.0,0
2026-07-24 00:52:55,lht65-20,52.2507,5.97306,2.998,12.98,93.1,0
2026-07-24 01:02:55,lht65-20,52.2507,5.97306,2.998,12.95,93.2,0
2026-07-24 01:12:55,lht65-20,52.2507,5.97306,2.998,12.62,92.3,0
2026-07-24 01:22:55,lht65-20,52.2507,5.97306,2.998,12.43,92.8,0
2026-07-24 01:32:55,lht65-20,52.2507,5.97306,2.994,12.42,94.0,0
2026-07-24 01:42:55,lht65-20,52.2507,5.97306,2.998,12.53,94.8,0
2026-07-24 01:52:55,lht65-20,52.2507,5.97306,2.998,12.79,95.5,0
2026-07-24 02:02:55,lht65-20,52.2507,5.97306,2.998,13.0,95.8,0
2026-07-24 02:12:55,lht65-20,52.2507,5.97306,2.998,13.3,96.2,0
2026-07-24 02:22:55,lht65-20,52.2507,5.97306,2.998,13.51,96.3,0
2026-07-24 02:32:55,lht65-20,52.2507,5.97306,2.998,13.72,96.1,0
2026-07-24 02:42:55,lht65-20,52.2507,5.97306,2.998,13.83,95.8,0
2026-07-24 02:52:55,lht65-20,52.2507,5.97306,2.998,13.89,95.5,0
2026-07-24 03:02:55,lht65-20,52.2507,5.97306,2.998,13.98,95.2,0
2026-07-24 03:12:55,lht65-20,52.2507,5.97306,2.998,14.04,94.9,4
2026-07-24 03:22:55,lht65-20,52.2507,5.97306,2.998,14.0,94.6,15
2026-07-24 03:32:55,lht65-20,52.2507,5.97306,2.998,14.03,94.6,34
2026-07-24 03:42:55,lht65-20,52.2507,5.97306,2.998,14.29,94.9,89
2026-07-24 03:52:55,lht65-20,52.2507,5.97306,2.998,14.44,95.0,226
2026-07-24 04:02:55,lht65-20,52.2507,5.97306,2.998,14.5,95.1,327
2026-07-24 04:12:55,lht65-20,52.2507,5.97306,2.998,14.56,95.2,561
2026-07-24 04:22:55,lht65-20,52.2507,5.97306,2.998,14.63,95.3,770
2026-07-24 04:32:55,lht65-20,52.2507,5.97306,2.998,14.72,95.1,1039
2026-07-24 04:42:55,lht65-20,52.2507,5.97306,2.998,14.86,94.6,1352
2026-07-24 04:52:55,lht65-20,52.2507,5.97306,2.998,14.96,93.9,1637
2026-07-24 05:02:55,lht65-20,52.2507,5.97306,2.998,15.04,93.6,1228
2026-07-24 05:12:55,lht65-20,52.2507,5.97306,3.0,15.13,93.2,1270
2026-07-24 05:22:55,lht65-20,52.2507,5.97306,2.998,15.24,93.2,1744
2026-07-24 05:32:55,lht65-20,52.2507,5.97306,2.998,15.39,93.3,2085
2026-07-24 05:42:55,lht65-20,52.2507,5.97306,3.0,15.61,92.9,3217
2026-07-24 05:52:55,lht65-20,52.2507,5.97306,3.0,15.79,91.6,2238
2026-07-24 06:02:55,lht65-20,52.2507,5.97306,3.0,15.8,91.3,3259
2026-07-24 06:12:55,lht65-20,52.2507,5.97306,3.0,15.93,90.8,2942
2026-07-24 06:22:55,lht65-20,52.2507,5.97306,2.998,16.0,91.0,4592
2026-07-24 06:32:55,lht65-20,52.2507,5.97306,3.0,16.24,90.0,5391
2026-07-24 06:42:55,lht65-20,52.2507,5.97306,3.0,16.44,89.7,7440
2026-07-24 06:52:55,lht65-20,52.2507,5.97306,3.0,16.84,88.6,9887
2026-07-24 07:02:55,lht65-20,52.2507,5.97306,3.0,17.33,87.1,11395
2026-07-24 07:12:55,lht65-20,52.2507,5.97306,3.0,17.7,83.7,10371
2026-07-24 07:22:55,lht65-20,52.2507,5.97306,3.001,18.17,82.0,14040
2026-07-24 07:32:55,lht65-20,52.2507,5.97306,3.001,18.28,79.8,12538
2026-07-24 07:42:55,lht65-20,52.2507,5.97306,3.001,18.48,78.2,11221
2026-07-24 07:52:55,lht65-20,52.2507,5.97306,3.003,18.71,76.4,16046
2026-07-24 08:02:55,lht65-20,52.2507,5.97306,3.003,19.08,76.0,16779
2026-07-24 08:12:55,lht65-20,52.2507,5.97306,3.001,19.45,74.2,9270
2026-07-24 08:22:55,lht65-20,52.2507,5.97306,3.001,18.9,74.0,8226
2026-07-24 08:32:55,lht65-20,52.2507,5.97306,3.001,19.01,74.0,12420
2026-07-24 08:42:55,lht65-20,52.2507,5.97306,3.001,19.25,73.3,13805
2026-07-24 08:52:55,lht65-20,52.2507,5.97306,3.001,19.46,73.1,14705
2026-07-24 09:02:55,lht65-20,52.2507,5.97306,3.003,19.66,71.0,14424
2026-07-24 09:12:55,lht65-20,52.2507,5.97306,3.005,19.74,70.9,14260
2026-07-24 09:22:55,lht65-20,52.2507,5.97306,3.005,20.29,70.9,15775
2026-07-24 09:32:55,lht65-20,52.2507,5.97306,3.003,20.78,66.9,16669
2026-07-24 09:42:55,lht65-20,52.2507,5.97306,3.003,20.78,66.3,16358
2026-07-24 09:52:55,lht65-20,52.2507,5.97306,3.001,20.75,66.4,12552
2026-07-24 10:02:55,lht65-20,52.2507,5.97306,3.003,20.5,65.8,13827
2026-07-24 10:12:55,lht65-20,52.2507,5.97306,3.005,20.68,64.5,18155
2026-07-24 10:22:55,lht65-20,52.2507,5.97306,3.003,21.05,63.7,18328
2026-07-24 10:32:55,lht65-20,52.2507,5.97306,3.003,21.22,63.4,19052
2026-07-24 10:42:55,lht65-20,52.2507,5.97306,3.005,21.44,62.2,17263
2026-07-24 10:52:55,lht65-20,52.2507,5.97306,3.005,21.61,60.2,18685
2026-07-24 11:02:55,lht65-20,52.2507,5.97306,3.005,21.54,62.1,18193
2026-07-24 11:12:55,lht65-20,52.2507,5.97306,3.005,21.34,61.8,17739
2026-07-24 11:22:55,lht65-20,52.2507,5.97306,3.003,21.62,62.7,18290
2026-07-24 11:32:55,lht65-20,52.2507,5.97306,3.005,21.7,60.2,18968
2026-07-24 11:42:55,lht65-20,52.2507,5.97306,3.005,21.77,57.3,19670
2026-07-24 11:52:55,lht65-20,52.2507,5.97306,3.005,22.34,58.3,20725
2026-07-24 12:02:55,lht65-20,52.2507,5.97306,3.005,23.5,53.9,43361
2026-07-24 12:12:55,lht65-20,52.2507,5.97306,3.007,23.76,50.6,24414
2026-07-24 12:22:55,lht65-20,52.2507,5.97306,3.007,23.56,51.0,18205
2026-07-24 12:32:55,lht65-20,52.2507,5.97306,3.007,23.75,49.7,18723
2026-07-24 12:42:55,lht65-20,52.2507,5.97306,3.007,23.41,49.9,16640
2026-07-24 12:52:55,lht65-20,52.2507,5.97306,3.007,23.33,48.9,15445
2026-07-24 13:02:55,lht65-20,52.2507,5.97306,3.005,23.04,52.5,12279
2026-07-24 13:12:55,lht65-20,52.2507,5.97306,3.005,22.87,52.5,10826
2026-07-24 13:22:55,lht65-20,52.2507,5.97306,3.007,22.8,54.4,11882
2026-07-24 13:32:55,lht65-20,52.2507,5.97306,3.007,23.0,53.9,11600
2026-07-24 13:42:55,lht65-20,52.2507,5.97306,3.007,23.05,54.2,11368
2026-07-24 13:52:55,lht65-20,52.2507,5.97306,3.009,23.41,52.4,15011
2026-07-24 14:02:55,lht65-20,52.2507,5.97306,3.009,24.02,51.9,14091
2026-07-24 14:12:55,lht65-20,52.2507,5.97306,3.007,24.25,51.0,17813
2026-07-24 14:22:55,lht65-20,52.2507,5.97306,3.009,24.18,49.1,15104
2026-07-24 14:32:55,lht65-20,52.2507,5.97306,3.009,24.48,50.6,12358
2026-07-24 14:42:55,lht65-20,52.2507,5.97306,3.009,23.89,50.4,13144
2026-07-24 14:52:55,lht65-20,52.2507,5.97306,3.007,24.19,50.6,13137
2026-07-24 15:02:55,lht65-20,52.2507,5.97306,3.009,23.93,50.5,11460
2026-07-24 15:12:54,lht65-20,52.2507,5.97306,3.009,23.41,53.2,11465
2026-07-24 15:22:55,lht65-20,52.2507,5.97306,3.009,23.84,50.8,13085
2026-07-24 15:32:55,lht65-20,52.2507,5.97306,3.009,23.91,51.2,10766
2026-07-24 15:42:55,lht65-20,52.2507,5.97306,3.009,23.17,52.5,9878
2026-07-24 15:52:55,lht65-20,52.2507,5.97306,3.009,23.18,51.8,11322
2026-07-24 16:02:55,lht65-20,52.2507,5.97306,3.009,23.87,52.0,23590
2026-07-24 16:12:55,lht65-20,52.2507,5.97306,3.009,24.15,52.7,12765
2026-07-24 16:22:55,lht65-20,52.2507,5.97306,3.009,24.49,50.4,23241
2026-07-24 16:32:55,lht65-20,52.2507,5.97306,3.009,24.52,50.8,22480
2026-07-24 16:42:54,lht65-20,52.2507,5.97306,3.01,25.08,50.2,22948
2026-07-24 16:52:55,lht65-20,52.2507,5.97306,3.01,25.23,48.6,20692
2026-07-24 17:02:55,lht65-20,52.2507,5.97306,3.009,24.97,49.0,18857
2026-07-24 17:12:55,lht65-20,52.2507,5.97306,3.009,24.77,49.5,17760
2026-07-24 17:22:55,lht65-20,52.2507,5.97306,3.01,24.47,51.6,16365
2026-07-24 17:32:55,lht65-20,52.2507,5.97306,3.009,24.18,51.4,11949
2026-07-24 17:42:55,lht65-20,52.2507,5.97306,3.012,24.28,50.3,8285
2026-07-24 17:52:54,lht65-20,52.2507,5.97306,3.009,24.01,51.7,11625
2026-07-24 18:02:54,lht65-20,52.2507,5.97306,3.009,24.34,52.9,10737
2026-07-24 18:12:55,lht65-20,52.2507,5.97306,3.01,24.4,51.8,9590
2026-07-24 18:22:55,lht65-20,52.2507,5.97306,3.009,24.34,52.5,8010
2026-07-24 18:32:54,lht65-20,52.2507,5.97306,3.009,23.95,52.7,6092
2026-07-24 18:42:54,lht65-20,52.2507,5.97306,3.009,23.13,54.7,4767
2026-07-24 18:52:55,lht65-20,52.2507,5.97306,3.009,22.59,56.0,3537
2026-07-24 19:02:55,lht65-20,52.2507,5.97306,3.009,22.05,58.2,1540
2026-07-24 19:12:54,lht65-20,52.2507,5.97306,3.009,20.85,62.0,947
2026-07-24 19:22:55,lht65-20,52.2507,5.97306,3.009,20.11,64.0,625
2026-07-24 19:32:55,lht65-20,52.2507,5.97306,3.009,19.46,65.6,357
2026-07-24 19:42:54,lht65-20,52.2507,5.97306,3.007,18.79,68.7,150
2026-07-24 19:52:55,lht65-20,52.2507,5.97306,3.007,18.17,71.0,55
2026-07-24 20:02:55,lht65-20,52.2507,5.97306,3.005,17.57,72.6,16
2026-07-24 20:12:55,lht65-20,52.2507,5.97306,3.005,16.83,75.8,4
2026-07-24 20:22:56,lht65-20,52.2507,5.97306,3.005,16.0,78.6,0
2026-07-24 20:32:55,lht65-20,52.2507,5.97306,3.003,15.36,82.2,0
2026-07-24 20:42:54,lht65-20,52.2507,5.97306,3.003,14.95,85.7,0
2026-07-24 20:52:55,lht65-20,52.2507,5.97306,3.001,14.75,87.1,0
2026-07-24 21:02:54,lht65-20,52.2507,5.97306,3.001,14.52,87.1,0
2026-07-24 21:12:54,lht65-20,52.2507,5.97306,3.001,14.25,88.9,0
2026-07-24 21:22:54,lht65-20,52.2507,5.97306,3.0,13.97,89.7,0
2026-07-24 21:32:54,lht65-20,52.2507,5.97306,3.001,13.72,90.3,0
2026-07-24 21:42:54,lht65-20,52.2507,5.97306,3.0,13.45,90.4,0
2026-07-24 21:52:54,lht65-20,52.2507,5.97306,3.001,12.97,90.5,0
2026-07-24 22:02:54,lht65-20,52.2507,5.97306,3.0,12.76,92.7,0
2026-07-24 22:12:54,lht65-20,52.2507,5.97306,3.0,12.86,94.3,0
2026-07-24 22:22:54,lht65-20,52.2507,5.97306,2.998,12.58,94.3,0
2026-07-24 22:32:55,lht65-20,52.2507,5.97306,2.998,12.53,94.7,0
2026-07-24 22:42:55,lht65-20,52.2507,5.97306,2.998,12.45,95.2,0
2026-07-24 22:52:54,lht65-20,52.2507,5.97306,3.0,12.24,95.3,0
2026-07-24 23:02:55,lht65-20,52.2507,5.97306,2.998,12.04,95.3,0
2026-07-24 23:12:54,lht65-20,52.2507,5.97306,2.998,11.66,95.0,0
2026-07-24 23:22:55,lht65-20,52.2507,5.97306,2.998,11.64,95.1,0
2026-07-24 23:32:55,lht65-20,52.2507,5.97306,2.998,11.68,95.6,0
2026-07-24 23:42:55,lht65-20,52.2507,5.97306,2.996,11.37,95.8,0
2026-07-24 23:52:55,lht65-20,52.2507,5.97306,2.994,11.14,95.6,0
2026-07-25 00:02:55,lht65-20,52.2507,5.97306,2.998,11.23,96.0,0
2026-07-25 00:12:55,lht65-20,52.2507,5.97306,2.994,11.23,96.3,0
2026-07-25 00:22:55,lht65-20,52.2507,5.97306,2.994,11.02,96.4,0
2026-07-25 00:32:54,lht65-20,52.2507,5.97306,2.994,10.73,96.5,0
2026-07-25 00:42:55,lht65-20,52.2507,5.97306,2.994,10.62,96.5,0
2026-07-25 00:52:54,lht65-20,52.2507,5.97306,2.994,10.33,96.6,0
2026-07-25 01:02:54,lht65-20,52.2507,5.97306,2.994,10.28,96.6,0
2026-07-25 01:12:55,lht65-20,52.2507,5.97306,2.994,10.23,96.8,0
2026-07-25 01:22:55,lht65-20,52.2507,5.97306,2.992,10.08,96.9,0
2026-07-25 01:32:55,lht65-20,52.2507,5.97306,2.994,10.3,97.0,0
2026-07-25 01:42:55,lht65-20,52.2507,5.97306,2.994,10.37,97.2,0
2026-07-25 01:52:55,lht65-20,52.2507,5.97306,2.994,10.06,97.2,0
2026-07-25 02:02:55,lht65-20,52.2507,5.97306,2.992,9.76,97.3,0
2026-07-25 02:12:55,lht65-20,52.2507,5.97306,2.991,9.78,97.3,0
2026-07-25 02:22:55,lht65-20,52.2507,5.97306,2.994,9.87,97.4,0
2026-07-25 02:32:55,lht65-20,52.2507,5.97306,2.991,9.83,97.4,0
2026-07-25 02:42:55,lht65-20,52.2507,5.97306,2.991,9.79,97.5,0
2026-07-25 02:52:55,lht65-20,52.2507,5.97306,2.991,9.59,97.6,0
2026-07-25 03:02:55,lht65-20,52.2507,5.97306,2.991,9.24,97.7,0
2026-07-25 03:12:55,lht65-20,52.2507,5.97306,2.991,9.36,97.7,3
2026-07-25 03:22:55,lht65-20,52.2507,5.97306,2.989,9.55,97.8,12
2026-07-25 03:32:55,lht65-20,52.2507,5.97306,2.991,9.72,97.9,56
2026-07-25 03:42:55,lht65-20,52.2507,5.97306,2.989,9.96,97.9,171
2026-07-25 03:52:55,lht65-20,52.2507,5.97306,2.991,9.96,97.9,361
2026-07-25 04:02:55,lht65-20,52.2507,5.97306,2.991,9.84,98.0,637
2026-07-25 04:12:55,lht65-20,52.2507,5.97306,2.991,9.81,98.1,976
2026-07-25 04:22:55,lht65-20,52.2507,5.97306,2.991,9.99,98.1,1504
2026-07-25 04:32:55,lht65-20,52.2507,5.97306,2.991,10.4,98.2,2765
2026-07-25 04:42:55,lht65-20,52.2507,5.97306,2.992,11.5,98.2,3668
2026-07-25 04:52:55,lht65-20,52.2507,5.97306,2.994,12.25,98.2,4839
2026-07-25 05:02:55,lht65-20,52.2507,5.97306,2.994,12.28,98.2,4324
2026-07-25 05:12:55,lht65-20,52.2507,5.97306,2.994,13.67,98.2,8246
2026-07-25 05:22:55,lht65-20,52.2507,5.97306,2.998,15.34,98.1,9541
2026-07-25 05:32:55,lht65-20,52.2507,5.97306,3.0,16.52,96.2,10710
2026-07-25 05:42:55,lht65-20,52.2507,5.97306,3.0,17.23,80.8,11450
2026-07-25 05:52:55,lht65-20,52.2507,5.97306,3.001,18.2,75.0,12737
2026-07-25 06:02:55,lht65-20,52.2507,5.97306,3.001,19.17,69.4,14337
2026-07-25 06:12:55,lht65-20,52.2507,5.97306,3.001,20.02,67.1,15875
2026-07-25 06:22:55,lht65-20,52.2507,5.97306,3.003,20.72,65.0,16915
2026-07-25 06:32:55,lht65-20,52.2507,5.97306,3.005,20.91,62.9,18094
2026-07-25 06:42:55,lht65-20,52.2507,5.97306,3.003,21.13,59.7,18960
2026-07-25 06:52:55,lht65-20,52.2507,5.97306,3.005,21.27,59.8,19820
2026-07-25 07:02:55,lht65-20,52.2507,5.97306,3.005,21.66,58.7,20628
2026-07-25 07:12:55,lht65-20,52.2507,5.97306,3.005,21.88,57.5,21109
2026-07-25 07:22:55,lht65-20,52.2507,5.97306,3.005,22.47,56.5,22399
2026-07-25 07:42:55,lht65-20,52.2507,5.97306,3.007,23.49,56.5,24280
2026-07-25 07:52:55,lht65-20,52.2507,5.97306,3.007,23.68,53.3,24512
2026-07-25 08:02:55,lht65-20,52.2507,5.97306,3.007,23.86,54.3,25495
2026-07-25 08:12:55,lht65-20,52.2507,5.97306,3.007,24.16,53.4,25806
2026-07-25 08:22:55,lht65-20,52.2507,5.97306,3.009,24.39,51.8,26746
2026-07-25 08:32:55,lht65-20,52.2507,5.97306,3.007,24.82,52.9,27411
2026-07-25 08:42:55,lht65-20,52.2507,5.97306,3.009,25.04,50.1,26845
2026-07-25 08:52:55,lht65-20,52.2507,5.97306,3.009,25.46,48.8,28633
2026-07-25 09:02:55,lht65-20,52.2507,5.97306,3.009,25.99,48.1,29147
2026-07-25 09:12:55,lht65-20,52.2507,5.97306,3.009,25.94,47.8,29560
2026-07-25 09:22:55,lht65-20,52.2507,5.97306,3.009,26.15,48.3,30341
2026-07-25 09:32:55,lht65-20,52.2507,5.97306,3.01,26.58,47.1,30804
2026-07-25 09:42:55,lht65-20,52.2507,5.97306,3.009,26.74,47.7,31025
2026-07-25 09:52:55,lht65-20,52.2507,5.97306,3.009,26.97,47.6,33041
2026-07-25 10:02:55,lht65-20,52.2507,5.97306,3.012,27.59,45.9,23447
2026-07-25 10:12:55,lht65-20,52.2507,5.97306,3.012,27.33,45.8,14218
2026-07-25 10:22:55,lht65-20,52.2507,5.97306,3.009,26.8,49.0,28522
2026-07-25 10:42:55,lht65-20,52.2507,5.97306,3.012,27.34,48.4,38775
2026-07-25 10:52:55,lht65-20,52.2507,5.97306,3.012,27.2,46.6,35648
2026-07-25 11:02:55,lht65-20,52.2507,5.97306,3.012,27.19,45.9,10000
2026-07-25 11:12:55,lht65-20,52.2507,5.97306,3.012,25.96,52.1,21505
2026-07-25 11:22:55,lht65-20,52.2507,5.97306,3.012,26.33,50.9,13123
2026-07-25 11:32:55,lht65-20,52.2507,5.97306,3.012,25.86,51.7,9553
2026-07-25 11:42:54,lht65-20,52.2507,5.97306,3.012,25.35,52.9,10703
2026-07-25 11:52:55,lht65-20,52.2507,5.97306,3.012,25.4,53.4,13108
2026-07-25 12:02:55,lht65-20,52.2507,5.97306,3.012,26.72,50.4,40104
2026-07-25 12:12:55,lht65-20,52.2507,5.97306,3.012,27.09,48.7,21277
2026-07-25 12:22:55,lht65-20,52.2507,5.97306,3.012,27.41,49.9,33150
2026-07-25 12:32:55,lht65-20,52.2507,5.97306,3.012,27.92,49.1,34527
2026-07-25 12:42:54,lht65-20,52.2507,5.97306,3.012,27.9,49.2,28611
2026-07-25 12:52:55,lht65-20,52.2507,5.97306,3.014,28.02,48.6,14851
2026-07-25 13:02:55,lht65-20,52.2507,5.97306,3.012,27.48,48.6,36234
2026-07-25 13:12:54,lht65-20,52.2507,5.97306,3.012,28.54,44.8,36515
2026-07-25 13:22:55,lht65-20,52.2507,5.97306,3.014,28.71,43.6,32145
2026-07-25 13:32:55,lht65-20,52.2507,5.97306,3.012,28.66,45.3,34902
2026-07-25 13:42:55,lht65-20,52.2507,5.97306,3.012,28.41,45.1,34181
2026-07-25 13:52:55,lht65-20,52.2507,5.97306,3.014,27.8,45.1,35248
2026-07-25 14:02:54,lht65-20,52.2507,5.97306,3.014,28.06,42.1,27400
2026-07-25 14:12:55,lht65-20,52.2507,5.97306,3.012,28.48,41.6,28878
2026-07-25 14:22:54,lht65-20,52.2507,5.97306,3.014,28.97,40.0,33982
2026-07-25 14:32:54,lht65-20,52.2507,5.97306,3.014,28.42,41.3,17495
2026-07-25 14:42:54,lht65-20,52.2507,5.97306,3.014,27.52,43.4,16422
2026-07-25 14:52:54,lht65-20,52.2507,5.97306,3.016,28.12,42.9,32597
2026-07-25 15:02:54,lht65-20,52.2507,5.97306,3.016,28.31,42.7,16610
2026-07-25 15:12:54,lht65-20,52.2507,5.97306,3.016,26.79,44.8,12973
2026-07-25 15:22:54,lht65-20,52.2507,5.97306,3.016,26.18,46.8,13214
2026-07-25 15:32:54,lht65-20,52.2507,5.97306,3.016,26.56,47.2,27417
2026-07-25 15:42:54,lht65-20,52.2507,5.97306,3.014,27.5,45.3,28570
2026-07-25 15:52:54,lht65-20,52.2507,5.97306,3.016,27.97,42.2,26199
2026-07-25 16:02:54,lht65-20,52.2507,5.97306,3.016,27.86,44.2,16865
2026-07-25 16:12:54,lht65-20,52.2507,5.97306,3.016,27.49,44.3,28860
2026-07-25 16:22:54,lht65-20,52.2507,5.97306,3.014,27.18,43.7,20978
2026-07-25 16:32:54,lht65-20,52.2507,5.97306,3.014,26.48,44.2,14170
2026-07-25 16:42:54,lht65-20,52.2507,5.97306,3.014,25.86,46.8,12880
2026-07-25 16:52:54,lht65-20,52.2507,5.97306,3.016,25.48,47.9,9149
2026-07-25 17:02:54,lht65-20,52.2507,5.97306,3.014,25.05,47.1,6985
2026-07-25 17:22:54,lht65-20,52.2507,5.97306,3.014,24.87,46.2,14555
2026-07-25 17:32:54,lht65-20,52.2507,5.97306,3.016,24.62,47.0,6818
2026-07-25 17:42:54,lht65-20,52.2507,5.97306,3.014,24.32,47.4,7575
2026-07-25 17:52:54,lht65-20,52.2507,5.97306,3.016,24.63,46.4,10271
2026-07-25 18:02:54,lht65-20,52.2507,5.97306,3.016,24.77,46.7,14239
2026-07-25 18:22:54,lht65-20,52.2507,5.97306,3.016,24.69,46.8,9607
2026-07-25 18:32:54,lht65-20,52.2507,5.97306,3.016,24.46,47.0,7583
2026-07-25 18:42:54,lht65-20,52.2507,5.97306,3.014,24.17,48.6,5622
2026-07-25 18:52:54,lht65-20,52.2507,5.97306,3.014,23.75,50.0,3833
2026-07-25 19:02:54,lht65-20,52.2507,5.97306,3.014,23.29,51.0,1722
2026-07-25 19:12:54,lht65-20,52.2507,5.97306,3.016,22.69,53.0,1051
2026-07-25 19:22:54,lht65-20,52.2507,5.97306,3.012,22.11,54.9,605
2026-07-25 19:32:54,lht65-20,52.2507,5.97306,3.014,21.39,57.6,303
2026-07-25 19:42:54,lht65-20,52.2507,5.97306,3.012,21.0,58.5,145
2026-07-25 19:52:54,lht65-20,52.2507,5.97306,3.012,20.32,60.7,56
2026-07-25 20:02:54,lht65-20,52.2507,5.97306,3.012,19.86,62.9,16
2026-07-25 20:12:54,lht65-20,52.2507,5.97306,3.012,19.33,64.3,4
2026-07-25 20:22:54,lht65-20,52.2507,5.97306,3.012,18.8,66.3,0
2026-07-25 20:32:54,lht65-20,52.2507,5.97306,3.012,18.39,68.0,0
2026-07-25 20:42:54,lht65-20,52.2507,5.97306,3.012,17.65,70.7,0
2026-07-25 20:52:54,lht65-20,52.2507,5.97306,3.012,16.72,74.0,0
2026-07-25 21:02:54,lht65-20,52.2507,5.97306,3.009,16.11,78.0,0
2026-07-25 21:12:54,lht65-20,52.2507,5.97306,3.009,15.73,79.5,0
2026-07-25 21:22:54,lht65-20,52.2507,5.97306,3.007,15.38,81.1,0
2026-07-25 21:32:54,lht65-20,52.2507,5.97306,3.009,15.31,82.0,0
2026-07-25 21:42:54,lht65-20,52.2507,5.97306,3.009,15.53,81.4,0
2026-07-25 21:52:54,lht65-20,52.2507,5.97306,3.009,15.61,81.9,0
2026-07-25 22:02:54,lht65-20,52.2507,5.97306,3.009,15.45,82.6,0
2026-07-25 22:12:54,lht65-20,52.2507,5.97306,3.009,15.18,84.2,0
2026-07-25 22:22:54,lht65-20,52.2507,5.97306,3.007,15.06,84.9,0
2026-07-25 22:32:54,lht65-20,52.2507,5.97306,3.009,15.04,84.7,0
2026-07-25 22:42:54,lht65-20,52.2507,5.97306,3.007,15.43,83.7,0
2026-07-25 22:52:54,lht65-20,52.2507,5.97306,3.007,16.38,79.9,0
2026-07-25 23:02:54,lht65-20,52.2507,5.97306,3.009,17.06,77.0,0
2026-07-25 23:12:54,lht65-20,52.2507,5.97306,3.009,17.54,74.8,0
2026-07-25 23:22:54,lht65-20,52.2507,5.97306,3.012,17.83,73.4,0
2026-07-25 23:32:54,lht65-20,52.2507,5.97306,3.009,18.0,72.9,0
2026-07-25 23:42:54,lht65-20,52.2507,5.97306,3.01,18.04,72.8,0
2026-07-25 23:52:54,lht65-20,52.2507,5.97306,3.009,18.13,72.8,0
2026-07-26 00:02:54,lht65-20,52.2507,5.97306,3.01,18.27,72.6,0
2026-07-26 00:12:54,lht65-20,52.2507,5.97306,3.01,18.28,72.9,0
2026-07-26 00:22:54,lht65-20,52.2507,5.97306,3.012,18.35,72.6,0
2026-07-26 00:32:54,lht65-20,52.2507,5.97306,3.01,18.26,73.1,0
2026-07-26 00:42:54,lht65-20,52.2507,5.97306,3.009,18.35,73.2,0
2026-07-26 00:52:54,lht65-20,52.2507,5.97306,3.01,18.43,73.4,0
2026-07-26 01:02:55,lht65-20,52.2507,5.97306,3.012,18.55,73.4,0
2026-07-26 01:12:54,lht65-20,52.2507,5.97306,3.009,18.4,73.6,0
2026-07-26 01:22:54,lht65-20,52.2507,5.97306,3.012,18.27,74.3,0
2026-07-26 01:32:54,lht65-20,52.2507,5.97306,3.01,18.31,74.6,0
2026-07-26 01:42:54,lht65-20,52.2507,5.97306,3.009,18.38,75.4,0
2026-07-26 01:52:54,lht65-20,52.2507,5.97306,3.012,18.3,75.7,0
2026-07-26 02:02:54,lht65-20,52.2507,5.97306,3.009,18.27,75.8,0
2026-07-26 02:12:54,lht65-20,52.2507,5.97306,3.009,18.11,75.9,0
2026-07-26 02:32:54,lht65-20,52.2507,5.97306,3.01,18.05,75.6,0
2026-07-26 02:42:54,lht65-20,52.2507,5.97306,3.009,18.17,74.7,0
2026-07-26 02:52:54,lht65-20,52.2507,5.97306,3.009,18.12,74.4,0
2026-07-26 03:02:54,lht65-20,52.2507,5.97306,3.009,18.09,74.5,0
2026-07-26 03:12:54,lht65-20,52.2507,5.97306,3.009,18.1,74.2,0
2026-07-26 03:22:54,lht65-20,52.2507,5.97306,3.009,18.16,73.7,4
2026-07-26 03:32:54,lht65-20,52.2507,5.97306,3.009,18.18,73.5,10
2026-07-26 03:42:54,lht65-20,52.2507,5.97306,3.009,18.14,74.0,46
2026-07-26 03:52:54,lht65-20,52.2507,5.97306,3.009,18.1,74.0,113
2026-07-26 04:02:54,lht65-20,52.2507,5.97306,3.009,18.09,74.2,300
2026-07-26 04:12:54,lht65-20,52.2507,5.97306,3.009,18.07,74.4,536
2026-07-26 04:22:54,lht65-20,52.2507,5.97306,3.009,18.06,75.1,673
2026-07-26 04:32:54,lht65-20,52.2507,5.97306,3.009,18.14,75.4,985
2026-07-26 04:42:54,lht65-20,52.2507,5.97306,3.009,18.22,75.2,639
2026-07-26 04:52:54,lht65-20,52.2507,5.97306,3.009,18.28,75.2,621
2026-07-26 05:02:54,lht65-20,52.2507,5.97306,3.009,18.27,75.3,711
2026-07-26 05:12:54,lht65-20,52.2507,5.97306,3.009,18.29,75.6,709
2026-07-26 05:22:54,lht65-20,52.2507,5.97306,3.01,18.31,76.0,685
2026-07-26 05:32:54,lht65-20,52.2507,5.97306,3.009,18.33,76.2,1103
2026-07-26 05:42:54,lht65-20,52.2507,5.97306,3.009,18.43,76.2,1942
2026-07-26 05:52:54,lht65-20,52.2507,5.97306,3.009,18.56,76.2,3180
2026-07-26 06:02:54,lht65-20,52.2507,5.97306,3.012,18.74,76.4,4011
2026-07-26 06:12:55,lht65-20,52.2507,5.97306,3.009,18.89,75.8,4568
2026-07-26 06:22:54,lht65-20,52.2507,5.97306,3.01,18.94,76.3,3040
2026-07-26 06:32:54,lht65-20,52.2507,5.97306,3.009,18.9,76.9,2724
2026-07-26 06:42:54,lht65-20,52.2507,5.97306,3.009,18.89,77.2,3220
2026-07-26 06:52:54,lht65-20,52.2507,5.97306,3.009,18.91,77.1,2753
2026-07-26 07:02:54,lht65-20,52.2507,5.97306,3.01,18.9,77.4,2995
2026-07-26 07:12:54,lht65-20,52.2507,5.97306,3.009,18.96,77.4,5354
2026-07-26 07:22:54,lht65-20,52.2507,5.97306,3.01,19.25,76.8,5835
2026-07-26 07:32:54,lht65-20,52.2507,5.97306,3.01,19.47,76.0,9063
2026-07-26 07:42:54,lht65-20,52.2507,5.97306,3.01,19.77,75.8,14216
2026-07-26 07:52:54,lht65-20,52.2507,5.97306,3.012,20.37,74.8,25169
2026-07-26 08:02:54,lht65-20,52.2507,5.97306,3.012,21.19,72.6,20263
2026-07-26 08:12:54,lht65-20,52.2507,5.97306,3.012,21.47,70.9,14555
2026-07-26 08:22:54,lht65-20,52.2507,5.97306,3.012,21.45,70.1,15490
2026-07-26 08:32:54,lht65-20,52.2507,5.97306,3.012,22.12,68.4,21283
2026-07-26 08:42:54,lht65-20,52.2507,5.97306,3.012,22.18,67.5,13439
2026-07-26 08:52:54,lht65-20,52.2507,5.97306,3.012,22.1,67.5,12266
2026-07-26 09:02:54,lht65-20,52.2507,5.97306,3.012,21.6,67.7,2444
2026-07-26 09:12:54,lht65-20,52.2507,5.97306,3.012,21.14,68.9,3720
2026-07-26 09:22:55,lht65-20,52.2507,5.97306,3.012,21.08,70.0,5078
2026-07-26 09:32:54,lht65-20,52.2507,5.97306,3.012,21.02,71.0,4010
2026-07-26 09:42:54,lht65-20,52.2507,5.97306,3.012,20.85,72.3,1627
2026-07-26 09:52:54,lht65-20,52.2507,5.97306,3.012,20.41,77.0,5487
2026-07-26 10:02:54,lht65-20,52.2507,5.97306,3.01,19.47,85.3,10250
2026-07-26 10:12:54,lht65-20,52.2507,5.97306,3.012,19.08,88.1,10980
2026-07-26 10:22:54,lht65-20,52.2507,5.97306,3.009,19.0,89.9,10732
2026-07-26 10:32:54,lht65-20,52.2507,5.97306,3.009,19.01,90.3,7574
2026-07-26 10:42:54,lht65-20,52.2507,5.97306,3.01,18.75,90.7,6948
2026-07-26 10:52:54,lht65-20,52.2507,5.97306,3.009,18.47,91.0,4385
2026-07-26 11:02:54,lht65-20,52.2507,5.97306,3.009,18.29,92.0,5351
2026-07-26 11:12:54,lht65-20,52.2507,5.97306,3.009,18.6,91.3,10720
2026-07-26 11:22:54,lht65-20,52.2507,5.97306,3.009,18.74,91.1,7392
2026-07-26 11:32:54,lht65-20,52.2507,5.97306,3.009,18.79,90.9,5370
2026-07-26 11:42:54,lht65-20,52.2507,5.97306,3.009,18.94,91.2,13673
2026-07-26 11:52:54,lht65-20,52.2507,5.97306,3.009,19.54,89.3,13176
2026-07-26 12:02:54,lht65-20,52.2507,5.97306,3.009,19.46,88.3,5238
2026-07-26 12:12:54,lht65-20,52.2507,5.97306,3.009,19.36,88.6,8636
2026-07-26 12:22:54,lht65-20,52.2507,5.97306,3.009,19.3,89.3,5105
2026-07-26 12:32:54,lht65-20,52.2507,5.97306,3.009,19.05,90.1,4702
2026-07-26 12:42:54,lht65-20,52.2507,5.97306,3.009,18.72,91.3,4710
2026-07-26 12:52:54,lht65-20,52.2507,5.97306,3.009,18.68,92.1,6643
2026-07-26 13:02:54,lht65-20,52.2507,5.97306,3.009,18.71,91.9,9073
2026-07-26 13:12:54,lht65-20,52.2507,5.97306,3.009,19.03,91.6,9820
2026-07-26 13:22:54,lht65-20,52.2507,5.97306,3.009,19.09,90.6,4887
2026-07-26 13:32:54,lht65-20,52.2507,5.97306,3.01,18.8,92.0,4332
2026-07-26 13:42:54,lht65-20,52.2507,5.97306,3.009,18.68,92.5,3960
2026-07-26 13:52:54,lht65-20,52.2507,5.97306,3.009,18.63,93.0,6756
2026-07-26 14:02:54,lht65-20,52.2507,5.97306,3.009,18.57,93.5,5365
2026-07-26 14:12:54,lht65-20,52.2507,5.97306,3.009,18.88,93.9,16044
2026-07-26 14:22:54,lht65-20,52.2507,5.97306,3.009,19.46,91.8,27735
2026-07-26 14:32:54,lht65-20,52.2507,5.97306,3.01,20.01,90.7,18710
2026-07-26 14:42:54,lht65-20,52.2507,5.97306,3.012,19.98,90.7,8744
2026-07-26 14:52:54,lht65-20,52.2507,5.97306,3.012,19.84,91.4,4474
2026-07-26 15:02:54,lht65-20,52.2507,5.97306,3.01,19.61,90.9,8076
2026-07-26 15:12:54,lht65-20,52.2507,5.97306,3.01,19.77,91.3,7683
2026-07-26 15:22:54,lht65-20,52.2507,5.97306,3.009,19.47,91.4,4213
2026-07-26 15:32:54,lht65-20,52.2507,5.97306,3.01,19.39,92.5,5238
2026-07-26 15:42:54,lht65-20,52.2507,5.97306,3.009,19.27,93.1,5024
2026-07-26 16:02:54,lht65-20,52.2507,5.97306,3.009,19.04,92.7,11022
2026-07-26 16:12:54,lht65-20,52.2507,5.97306,3.01,19.15,91.5,14535
2026-07-26 16:22:54,lht65-20,52.2507,5.97306,3.01,20.06,90.6,10017
2026-07-26 16:32:54,lht65-20,52.2507,5.97306,3.009,19.82,89.8,20152
2026-07-26 16:42:54,lht65-20,52.2507,5.97306,3.009,20.17,89.6,21309
2026-07-26 16:52:54,lht65-20,52.2507,5.97306,3.01,20.78,87.8,20480
2026-07-26 17:02:54,lht65-20,52.2507,5.97306,3.012,20.75,88.1,3151
2026-07-26 17:12:54,lht65-20,52.2507,5.97306,3.012,20.18,90.4,3377
2026-07-26 17:22:54,lht65-20,52.2507,5.97306,3.01,20.12,89.8,3184
2026-07-26 17:32:54,lht65-20,52.2507,5.97306,3.012,20.27,87.1,15291
2026-07-26 17:42:54,lht65-20,52.2507,5.97306,3.01,20.98,81.3,12641
2026-07-26 17:52:54,lht65-20,52.2507,5.97306,3.012,21.19,77.3,9907
2026-07-26 18:02:54,lht65-20,52.2507,5.97306,3.012,20.82,78.1,4687
2026-07-26 18:12:54,lht65-20,52.2507,5.97306,3.012,20.63,77.0,3976
2026-07-26 18:22:54,lht65-20,52.2507,5.97306,3.01,20.04,78.9,5787
2026-07-26 18:32:54,lht65-20,52.2507,5.97306,3.009,20.25,78.5,5017
2026-07-26 18:42:54,lht65-20,52.2507,5.97306,3.01,19.98,79.1,2888
2026-07-26 18:52:54,lht65-20,52.2507,5.97306,3.012,19.45,81.1,1843
2026-07-26 19:02:54,lht65-20,52.2507,5.97306,3.009,18.92,82.9,1250
2026-07-26 19:12:54,lht65-20,52.2507,5.97306,3.009,18.63,82.1,754
2026-07-26 19:22:54,lht65-20,52.2507,5.97306,3.009,18.53,81.3,399
2026-07-26 19:32:54,lht65-20,52.2507,5.97306,3.009,18.41,82.2,175
2026-07-26 19:42:54,lht65-20,52.2507,5.97306,3.009,18.21,82.6,104
2026-07-26 19:52:54,lht65-20,52.2507,5.97306,3.009,18.16,82.4,35
2026-07-26 20:02:54,lht65-20,52.2507,5.97306,3.009,18.1,82.1,10
2026-07-26 20:12:54,lht65-20,52.2507,5.97306,3.009,17.91,83.0,1
2026-07-26 20:22:54,lht65-20,52.2507,5.97306,3.009,17.71,84.1,0
2026-07-26 20:32:54,lht65-20,52.2507,5.97306,3.007,17.83,83.4,0
2026-07-26 20:42:54,lht65-20,52.2507,5.97306,3.009,17.86,82.7,0
2026-07-26 20:52:54,lht65-20,52.2507,5.97306,3.009,17.89,82.2,0
2026-07-26 21:02:54,lht65-20,52.2507,5.97306,3.007,17.94,81.6,0
2026-07-26 21:12:54,lht65-20,52.2507,5.97306,3.009,17.77,81.9,0
2026-07-26 21:22:54,lht65-20,52.2507,5.97306,3.009,17.65,82.5,0
2026-07-26 21:32:54,lht65-20,52.2507,5.97306,3.007,17.48,83.1,0
2026-07-26 21:42:54,lht65-20,52.2507,5.97306,3.007,17.26,84.5,0
2026-07-26 21:52:54,lht65-20,52.2507,5.97306,3.007,17.14,85.6,0
2026-07-26 22:02:54,lht65-20,52.2507,5.97306,3.007,16.83,86.9,0
2026-07-26 22:12:54,lht65-20,52.2507,5.97306,3.007,16.46,88.6,0
2026-07-26 22:22:54,lht65-20,52.2507,5.97306,3.005,16.34,89.5,0
2026-07-26 22:32:54,lht65-20,52.2507,5.97306,3.007,16.34,89.7,0
2026-07-26 22:42:54,lht65-20,52.2507,5.97306,3.007,16.38,89.6,0
2026-07-26 22:52:54,lht65-20,52.2507,5.97306,3.005,16.38,89.8,0
2026-07-26 23:02:54,lht65-20,52.2507,5.97306,3.007,16.53,89.2,0
2026-07-26 23:12:54,lht65-20,52.2507,5.97306,3.005,16.56,89.1,0
2026-07-26 23:22:54,lht65-20,52.2507,5.97306,3.007,16.53,89.0,0
2026-07-26 23:32:54,lht65-20,52.2507,5.97306,3.005,16.42,89.5,0
2026-07-26 23:42:54,lht65-20,52.2507,5.97306,3.005,16.72,89.1,0
2026-07-26 23:52:54,lht65-20,52.2507,5.97306,3.003,16.89,89.0,0
2026-07-27 00:02:54,lht65-20,52.2507,5.97306,3.005,16.53,91.2,0
2026-07-27 00:12:54,lht65-20,52.2507,5.97306,3.005,16.17,90.8,0
2026-07-27 00:22:54,lht65-20,52.2507,5.97306,3.007,16.05,91.8,0
2026-07-27 00:32:54,lht65-20,52.2507,5.97306,3.005,15.97,92.7,0
2026-07-27 00:42:54,lht65-20,52.2507,5.97306,3.005,15.83,93.5,0
2026-07-27 00:52:54,lht65-20,52.2507,5.97306,3.005,15.67,93.9,0
2026-07-27 01:02:54,lht65-20,52.2507,5.97306,3.005,15.52,94.4,0
2026-07-27 01:12:54,lht65-20,52.2507,5.97306,3.005,15.48,94.7,0
2026-07-27 01:22:54,lht65-20,52.2507,5.97306,3.003,15.51,94.8,0
2026-07-27 01:32:54,lht65-20,52.2507,5.97306,3.005,15.41,94.8,0
2026-07-27 01:42:54,lht65-20,52.2507,5.97306,3.005,15.23,94.9,0
2026-07-27 01:52:54,lht65-20,52.2507,5.97306,3.005,15.13,95.2,0
2026-07-27 02:02:54,lht65-20,52.2507,5.97306,3.005,15.08,95.7,0
2026-07-27 02:12:54,lht65-20,52.2507,5.97306,3.003,15.13,96.0,0
2026-07-27 02:22:54,lht65-20,52.2507,5.97306,3.003,15.16,96.2,0
2026-07-27 02:32:54,lht65-20,52.2507,5.97306,3.005,15.22,96.2,0
2026-07-27 02:42:54,lht65-20,52.2507,5.97306,3.001,15.39,95.5,0
2026-07-27 02:52:54,lht65-20,52.2507,5.97306,3.003,15.35,94.5,0
2026-07-27 03:02:54,lht65-20,52.2507,5.97306,3.005,15.32,94.0,0
2026-07-27 03:12:54,lht65-20,52.2507,5.97306,3.001,15.1,94.0,2
2026-07-27 03:22:54,lht65-20,52.2507,5.97306,3.005,14.88,94.6,11
2026-07-27 03:32:54,lht65-20,52.2507,5.97306,3.003,14.67,95.0,41
2026-07-27 03:42:54,lht65-20,52.2507,5.97306,3.001,14.48,95.3,108
2026-07-27 03:52:54,lht65-20,52.2507,5.97306,3.001,14.35,95.6,246
2026-07-27 04:02:54,lht65-20,52.2507,5.97306,3.001,14.41,96.0,470
2026-07-27 04:12:54,lht65-20,52.2507,5.97306,3.001,14.51,96.2,774
2026-07-27 04:22:54,lht65-20,52.2507,5.97306,3.003,14.62,96.2,1395
2026-07-27 04:32:54,lht65-20,52.2507,5.97306,3.001,15.05,96.2,3543
2026-07-27 04:42:54,lht65-20,52.2507,5.97306,3.003,15.72,95.1,4735
2026-07-27 04:52:54,lht65-20,52.2507,5.97306,3.003,15.75,92.5,3948
2026-07-27 05:02:54,lht65-20,52.2507,5.97306,3.003,15.73,92.4,3497
2026-07-27 05:12:54,lht65-20,52.2507,5.97306,3.003,15.97,91.2,2895
2026-07-27 05:22:54,lht65-20,52.2507,5.97306,3.001,16.66,90.4,10445
2026-07-27 05:32:54,lht65-20,52.2507,5.97306,3.003,17.25,87.4,11583
2026-07-27 05:42:54,lht65-20,52.2507,5.97306,3.005,17.7,85.8,12957
2026-07-27 05:52:54,lht65-20,52.2507,5.97306,3.003,18.02,84.8,14358
2026-07-27 06:02:54,lht65-20,52.2507,5.97306,3.007,18.28,82.1,15218
2026-07-27 06:12:54,lht65-20,52.2507,5.97306,3.005,18.51,81.7,17120
2026-07-27 06:22:54,lht65-20,52.2507,5.97306,3.007,18.9,80.7,18716
2026-07-27 06:32:54,lht65-20,52.2507,5.97306,3.007,19.04,78.6,20029
2026-07-27 06:42:54,lht65-20,52.2507,5.97306,3.005,19.47,78.0,21871
2026-07-27 06:52:54,lht65-20,52.2507,5.97306,3.007,19.89,76.1,24007
2026-07-27 07:02:54,lht65-20,52.2507,5.97306,3.007,19.87,76.5,26031
2026-07-27 07:12:54,lht65-20,52.2507,5.97306,3.007,20.28,74.6,6539
2026-07-27 07:22:54,lht65-20,52.2507,5.97306,3.007,19.03,77.9,4741
2026-07-27 07:32:54,lht65-20,52.2507,5.97306,3.007,18.68,81.1,26110
2026-07-27 07:42:54,lht65-20,52.2507,5.97306,3.009,19.6,77.2,24645
2026-07-27 07:52:54,lht65-20,52.2507,5.97306,3.007,19.1,77.0,6770
2026-07-27 08:02:54,lht65-20,52.2507,5.97306,3.007,18.26,81.7,8185
2026-07-27 08:12:54,lht65-20,52.2507,5.97306,3.005,18.18,85.0,9155
2026-07-27 08:22:54,lht65-20,52.2507,5.97306,3.007,18.42,85.5,31486
2026-07-27 08:32:54,lht65-20,52.2507,5.97306,3.007,20.33,79.9,19472
2026-07-27 08:42:54,lht65-20,52.2507,5.97306,3.009,20.69,75.2,14904
2026-07-27 08:52:54,lht65-20,52.2507,5.97306,3.009,20.57,76.9,13546
2026-07-27 09:02:54,lht65-20,52.2507,5.97306,3.009,20.01,78.9,9104
2026-07-27 09:12:54,lht65-20,52.2507,5.97306,3.007,18.94,82.8,8295
2026-07-27 09:22:54,lht65-20,52.2507,5.97306,3.007,18.29,85.5,6949
2026-07-27 09:32:54,lht65-20,52.2507,5.97306,3.007,18.38,88.4,19671
2026-07-27 09:42:54,lht65-20,52.2507,5.97306,3.007,19.99,83.9,19783
2026-07-27 09:52:54,lht65-20,52.2507,5.97306,3.009,20.28,79.7,21115
2026-07-27 10:02:54,lht65-20,52.2507,5.97306,3.009,21.14,76.5,23487
2026-07-27 10:12:54,lht65-20,52.2507,5.97306,3.009,21.01,76.9,27313
2026-07-27 10:22:54,lht65-20,52.2507,5.97306,3.009,21.55,72.7,11383
2026-07-27 10:32:54,lht65-20,52.2507,5.97306,3.009,20.91,74.4,10437
2026-07-27 10:42:54,lht65-20,52.2507,5.97306,3.009,20.94,75.3,10274
2026-07-27 10:52:54,lht65-20,52.2507,5.97306,3.009,20.33,73.8,2750
2026-07-27 11:02:54,lht65-20,52.2507,5.97306,3.007,19.64,74.4,12971
2026-07-27 11:12:54,lht65-20,52.2507,5.97306,3.009,20.38,76.8,18867
2026-07-27 11:22:54,lht65-20,52.2507,5.97306,3.009,21.93,68.0,16335
2026-07-27 11:32:54,lht65-20,52.2507,5.97306,3.01,21.83,67.2,18355
2026-07-27 11:42:54,lht65-20,52.2507,5.97306,3.009,21.55,65.6,46359
2026-07-27 11:52:54,lht65-20,52.2507,5.97306,3.009,22.11,66.3,20931
2026-07-27 12:02:54,lht65-20,52.2507,5.97306,3.012,21.87,63.6,14038
2026-07-27 12:12:54,lht65-20,52.2507,5.97306,3.009,21.25,66.4,12140
2026-07-27 12:22:54,lht65-20,52.2507,5.97306,3.007,20.97,68.3,19473
2026-07-27 12:32:54,lht65-20,52.2507,5.97306,3.009,21.74,66.0,19524
2026-07-27 12:42:54,lht65-20,52.2507,5.97306,3.009,21.85,62.9,16602
2026-07-27 12:52:54,lht65-20,52.2507,5.97306,3.009,22.53,58.7,14113
2026-07-27 13:02:54,lht65-20,52.2507,5.97306,3.01,22.83,60.4,24959
2026-07-27 13:12:54,lht65-20,52.2507,5.97306,3.009,22.62,57.9,40301
2026-07-27 13:22:54,lht65-20,52.2507,5.97306,3.01,22.12,59.8,12885
2026-07-27 13:32:54,lht65-20,52.2507,5.97306,3.009,22.17,61.7,40640
2026-07-27 13:42:54,lht65-20,52.2507,5.97306,3.009,22.4,57.3,27684
2026-07-27 13:52:54,lht65-20,52.2507,5.97306,3.01,22.69,58.3,35700
2026-07-27 14:02:54,lht65-20,52.2507,5.97306,3.012,23.34,55.3,14620
2026-07-27 14:12:54,lht65-20,52.2507,5.97306,3.012,22.27,59.2,13956
2026-07-27 14:22:54,lht65-20,52.2507,5.97306,3.009,22.09,59.2,19723
2026-07-27 14:32:54,lht65-20,52.2507,5.97306,3.012,22.46,56.4,36588
2026-07-27 14:42:54,lht65-20,52.2507,5.97306,3.01,23.1,56.2,34665
2026-07-27 14:52:54,lht65-20,52.2507,5.97306,3.012,23.23,56.5,10888
2026-07-27 15:02:54,lht65-20,52.2507,5.97306,3.012,21.99,59.5,9558
2026-07-27 15:12:54,lht65-20,52.2507,5.97306,3.01,22.12,59.8,33515
2026-07-27 15:22:54,lht65-20,52.2507,5.97306,3.009,23.07,57.0,31191
2026-07-27 15:32:54,lht65-20,52.2507,5.97306,3.01,23.6,56.2,31151
2026-07-27 15:42:54,lht65-20,52.2507,5.97306,3.012,23.21,57.0,32257
2026-07-27 15:52:54,lht65-20,52.2507,5.97306,3.012,22.41,59.4,9422
2026-07-27 16:02:54,lht65-20,52.2507,5.97306,3.009,21.31,61.9,6951
2026-07-27 16:12:54,lht65-20,52.2507,5.97306,3.009,20.81,62.7,8880
2026-07-27 16:22:54,lht65-20,52.2507,5.97306,3.012,21.38,61.3,6098
2026-07-27 16:32:54,lht65-20,52.2507,5.97306,3.009,20.56,63.9,5156
2026-07-27 16:42:54,lht65-20,52.2507,5.97306,3.009,20.16,63.8,6080
2026-07-27 16:52:54,lht65-20,52.2507,5.97306,3.009,20.1,64.4,5741
2026-07-27 17:02:54,lht65-20,52.2507,5.97306,3.009,20.07,62.5,5512
2026-07-27 17:12:54,lht65-20,52.2507,5.97306,3.009,19.96,63.2,6881
2026-07-27 17:22:54,lht65-20,52.2507,5.97306,3.009,21.19,60.3,17002
2026-07-27 17:32:54,lht65-20,52.2507,5.97306,3.01,21.19,59.9,15419
2026-07-27 17:42:54,lht65-20,52.2507,5.97306,3.009,20.25,62.3,5591
2026-07-27 17:52:54,lht65-20,52.2507,5.97306,3.009,20.49,63.3,12432
2026-07-27 18:02:54,lht65-20,52.2507,5.97306,3.009,20.58,62.7,11146
2026-07-27 18:12:54,lht65-20,52.2507,5.97306,3.009,20.58,64.1,9904
2026-07-27 18:22:54,lht65-20,52.2507,5.97306,3.009,20.62,63.6,8621
2026-07-27 18:32:54,lht65-20,52.2507,5.97306,3.009,20.57,64.3,6217
2026-07-27 18:42:54,lht65-20,52.2507,5.97306,3.009,20.33,62.8,5505
2026-07-27 18:52:54,lht65-20,52.2507,5.97306,3.009,19.94,64.7,3999
2026-07-27 19:02:54,lht65-20,52.2507,5.97306,3.009,19.47,65.6,1430
2026-07-27 19:12:54,lht65-20,52.2507,5.97306,3.009,18.57,69.1,963
2026-07-27 19:22:54,lht65-20,52.2507,5.97306,3.007,17.82,71.2,585
2026-07-27 19:32:54,lht65-20,52.2507,5.97306,3.007,17.23,73.2,304
2026-07-27 19:42:54,lht65-20,52.2507,5.97306,3.007,16.56,75.8,131
2026-07-27 19:52:54,lht65-20,52.2507,5.97306,3.007,15.79,80.9,44
2026-07-27 20:02:54,lht65-20,52.2507,5.97306,3.005,15.28,81.1,11
2026-07-27 20:12:54,lht65-20,52.2507,5.97306,3.005,15.41,80.0,2
2026-07-27 20:22:54,lht65-20,52.2507,5.97306,3.005,15.35,79.7,0
2026-07-27 20:32:54,lht65-20,52.2507,5.97306,3.005,15.22,80.0,0
2026-07-27 20:42:54,lht65-20,52.2507,5.97306,3.005,14.86,81.0,0
2026-07-27 20:52:54,lht65-20,52.2507,5.97306,3.003,14.63,82.1,0
2026-07-27 21:02:54,lht65-20,52.2507,5.97306,3.003,14.35,83.6,0
2026-07-27 21:12:54,lht65-20,52.2507,5.97306,3.001,13.84,84.6,0
2026-07-27 21:22:54,lht65-20,52.2507,5.97306,3.001,13.61,88.1,0
2026-07-27 21:32:54,lht65-20,52.2507,5.97306,3.001,14.11,87.6,0
2026-07-27 21:42:54,lht65-20,52.2507,5.97306,3.001,14.54,85.8,0
2026-07-27 21:52:54,lht65-20,52.2507,5.97306,3.001,14.78,85.5,0
2026-07-27 22:02:54,lht65-20,52.2507,5.97306,3.003,14.89,85.3,0
2026-07-27 22:12:54,lht65-20,52.2507,5.97306,3.001,15.19,82.2,0
2026-07-27 22:22:54,lht65-20,52.2507,5.97306,3.001,15.31,81.3,0
2026-07-27 22:32:54,lht65-20,52.2507,5.97306,3.005,15.2,81.4,0
2026-07-27 22:42:54,lht65-20,52.2507,5.97306,3.003,15.04,81.8,0
2026-07-27 22:52:54,lht65-20,52.2507,5.97306,3.003,14.9,82.5,0
2026-07-27 23:02:54,lht65-20,52.2507,5.97306,3.001,14.32,84.7,0
2026-07-27 23:12:54,lht65-20,52.2507,5.97306,3.001,13.98,85.5,0
2026-07-27 23:22:54,lht65-20,52.2507,5.97306,3.001,13.52,87.2,0
2026-07-27 23:32:54,lht65-20,52.2507,5.97306,3.001,12.92,87.7,0
2026-07-27 23:42:54,lht65-20,52.2507,5.97306,3.0,12.38,89.1,0
2026-07-27 23:52:54,lht65-20,52.2507,5.97306,2.998,11.92,90.5,0
2026-07-28 00:02:54,lht65-20,52.2507,5.97306,2.998,11.65,92.7,0
2026-07-28 00:12:54,lht65-20,52.2507,5.97306,3.0,11.73,93.9,0
2026-07-28 00:22:54,lht65-20,52.2507,5.97306,2.998,11.98,94.9,0
2026-07-28 00:32:54,lht65-20,52.2507,5.97306,2.998,12.32,95.6,0
2026-07-28 00:42:54,lht65-20,52.2507,5.97306,2.998,12.47,96.0,0
2026-07-28 00:52:54,lht65-20,52.2507,5.97306,2.998,12.38,96.1,0
2026-07-28 01:02:54,lht65-20,52.2507,5.97306,3.0,12.3,96.1,0
2026-07-28 01:12:54,lht65-20,52.2507,5.97306,2.998,12.49,96.1,0
2026-07-28 01:22:54,lht65-20,52.2507,5.97306,2.998,12.36,95.8,0
2026-07-28 01:32:54,lht65-20,52.2507,5.97306,2.998,12.13,95.2,0
2026-07-28 01:42:54,lht65-20,52.2507,5.97306,2.998,11.98,94.7,0
2026-07-28 01:52:54,lht65-20,52.2507,5.97306,2.998,11.82,94.6,0
2026-07-28 02:02:54,lht65-20,52.2507,5.97306,2.998,11.86,95.0,0
2026-07-28 02:12:54,lht65-20,52.2507,5.97306,2.998,12.05,94.8,0
2026-07-28 02:22:54,lht65-20,52.2507,5.97306,2.998,12.58,94.6,0
2026-07-28 02:32:54,lht65-20,52.2507,5.97306,2.998,13.16,92.2,0
2026-07-28 02:42:54,lht65-20,52.2507,5.97306,3.0,13.51,90.8,0
2026-07-28 02:52:54,lht65-20,52.2507,5.97306,3.0,13.78,88.5,0
2026-07-28 03:02:54,lht65-20,52.2507,5.97306,3.0,14.13,86.2,0
2026-07-28 03:12:54,lht65-20,52.2507,5.97306,2.998,14.41,85.1,0
2026-07-28 03:22:54,lht65-20,52.2507,5.97306,3.0,14.64,84.2,4
2026-07-28 03:32:54,lht65-20,52.2507,5.97306,3.0,14.86,83.6,19
2026-07-28 03:42:54,lht65-20,52.2507,5.97306,3.001,14.94,83.3,61
2026-07-28 03:52:54,lht65-20,52.2507,5.97306,3.001,15.15,82.7,179
2026-07-28 04:02:54,lht65-20,52.2507,5.97306,3.0,15.4,81.1,420
2026-07-28 04:12:54,lht65-20,52.2507,5.97306,3.001,15.47,80.1,723
2026-07-28 04:22:54,lht65-20,52.2507,5.97306,3.001,15.47,80.4,908
2026-07-28 04:32:54,lht65-20,52.2507,5.97306,3.001,15.52,79.8,1346
2026-07-28 04:42:54,lht65-20,52.2507,5.97306,3.001,15.7,79.0,1468
2026-07-28 04:52:54,lht65-20,52.2507,5.97306,3.001,15.92,78.1,2236
2026-07-28 05:02:54,lht65-20,52.2507,5.97306,3.001,16.21,76.7,2859
2026-07-28 05:12:54,lht65-20,52.2507,5.97306,3.001,16.43,75.1,3338
2026-07-28 05:22:54,lht65-20,52.2507,5.97306,3.001,16.65,75.0,4043
2026-07-28 05:32:54,lht65-20,52.2507,5.97306,3.003,16.87,73.2,5649
2026-07-28 05:42:54,lht65-20,52.2507,5.97306,3.003,17.26,71.7,7547
2026-07-28 05:52:54,lht65-20,52.2507,5.97306,3.003,17.85,70.1,9823
2026-07-28 06:02:54,lht65-20,52.2507,5.97306,3.005,18.4,67.9,16689
2026-07-28 06:12:54,lht65-20,52.2507,5.97306,3.003,18.59,67.9,19062
2026-07-28 06:22:54,lht65-20,52.2507,5.97306,3.003,19.32,65.1,16760
2026-07-28 06:32:54,lht65-20,52.2507,5.97306,3.005,19.64,65.1,19872
2026-07-28 06:42:54,lht65-20,52.2507,5.97306,3.005,20.03,62.9,21054
2026-07-28 06:52:54,lht65-20,52.2507,5.97306,3.007,20.14,62.3,20763
2026-07-28 07:02:54,lht65-20,52.2507,5.97306,3.007,20.61,61.5,21805
2026-07-28 07:12:54,lht65-20,52.2507,5.97306,3.007,20.73,61.0,22283
2026-07-28 07:22:54,lht65-20,52.2507,5.97306,3.007,21.06,60.0,22937
2026-07-28 07:32:54,lht65-20,52.2507,5.97306,3.009,21.2,59.2,23862
2026-07-28 07:42:54,lht65-20,52.2507,5.97306,3.007,21.73,59.9,22806
2026-07-28 07:52:54,lht65-20,52.2507,5.97306,3.009,22.03,56.8,25533
2026-07-28 08:02:54,lht65-20,52.2507,5.97306,3.009,22.03,57.1,24407
2026-07-28 08:12:54,lht65-20,52.2507,5.97306,3.009,22.47,57.5,27135
2026-07-28 08:22:54,lht65-20,52.2507,5.97306,3.009,22.79,56.7,27377
2026-07-28 08:32:54,lht65-20,52.2507,5.97306,3.007,23.0,55.1,27620
2026-07-28 08:42:54,lht65-20,52.2507,5.97306,3.009,23.1,54.5,28160
2026-07-28 08:52:54,lht65-20,52.2507,5.97306,3.009,23.52,55.0,28704
2026-07-28 09:02:54,lht65-20,52.2507,5.97306,3.009,23.77,54.1,29415
2026-07-28 09:12:54,lht65-20,52.2507,5.97306,3.009,24.15,54.0,29963
2026-07-28 09:22:54,lht65-20,52.2507,5.97306,3.009,24.23,53.7,30215
2026-07-28 09:32:54,lht65-20,52.2507,5.97306,3.009,24.58,53.0,30740
2026-07-28 09:42:54,lht65-20,52.2507,5.97306,3.009,24.93,52.2,31177
2026-07-28 09:52:54,lht65-20,52.2507,5.97306,3.009,25.27,52.1,31753
2026-07-28 10:02:54,lht65-20,52.2507,5.97306,3.012,25.41,51.1,32149
2026-07-28 10:12:54,lht65-20,52.2507,5.97306,3.01,25.76,50.7,32738
2026-07-28 10:22:54,lht65-20,52.2507,5.97306,3.012,26.42,48.9,33014
2026-07-28 10:42:54,lht65-20,52.2507,5.97306,3.012,27.03,46.8,34478
2026-07-28 11:02:54,lht65-20,52.2507,5.97306,3.012,27.51,45.5,35130
2026-07-28 11:12:54,lht65-20,52.2507,5.97306,3.012,27.63,46.7,35108
2026-07-28 11:22:54,lht65-20,52.2507,5.97306,3.012,27.47,47.6,34903
2026-07-28 11:32:54,lht65-20,52.2507,5.97306,3.014,27.35,45.4,35075
2026-07-28 11:42:54,lht65-20,52.2507,5.97306,3.012,27.73,45.6,35605
2026-07-28 11:52:54,lht65-20,52.2507,5.97306,3.014,27.96,45.3,36078
2026-07-28 12:02:54,lht65-20,52.2507,5.97306,3.012,28.2,44.1,35602
2026-07-28 12:12:54,lht65-20,52.2507,5.97306,3.014,28.64,42.4,38385
2026-07-28 12:22:54,lht65-20,52.2507,5.97306,3.014,28.76,43.8,27472
2026-07-28 12:32:54,lht65-20,52.2507,5.97306,3.016,28.15,47.0,35347
2026-07-28 12:42:54,lht65-20,52.2507,5.97306,3.012,28.67,44.2,36357
2026-07-28 12:52:54,lht65-20,52.2507,5.97306,3.016,29.0,43.6,26881
2026-07-28 13:02:54,lht65-20,52.2507,5.97306,3.014,28.21,44.9,23190
2026-07-28 13:12:54,lht65-20,52.2507,5.97306,3.016,28.16,45.7,25088
2026-07-28 13:22:54,lht65-20,52.2507,5.97306,3.016,28.71,43.0,44169
2026-07-28 13:32:54,lht65-20,52.2507,5.97306,3.016,29.14,42.9,41691
2026-07-28 13:42:54,lht65-20,52.2507,5.97306,3.016,29.25,42.7,21399
2026-07-28 13:52:54,lht65-20,52.2507,5.97306,3.016,28.84,44.3,23020
2026-07-28 14:02:54,lht65-20,52.2507,5.97306,3.016,29.1,43.9,36071
2026-07-28 14:12:54,lht65-20,52.2507,5.97306,3.014,29.22,44.8,32236
2026-07-28 14:22:54,lht65-20,52.2507,5.97306,3.016,28.7,44.2,18460
2026-07-28 14:32:54,lht65-20,52.2507,5.97306,3.016,28.41,45.5,21724
2026-07-28 14:42:54,lht65-20,52.2507,5.97306,3.016,28.82,44.1,33245
2026-07-28 14:52:54,lht65-20,52.2507,5.97306,3.016,29.7,42.7,31788
2026-07-28 15:02:54,lht65-20,52.2507,5.97306,3.016,29.01,44.0,19770
2026-07-28 15:12:54,lht65-20,52.2507,5.97306,3.016,29.18,43.0,22052
2026-07-28 15:22:54,lht65-20,52.2507,5.97306,3.018,29.53,42.5,18335
2026-07-28 15:32:54,lht65-20,52.2507,5.97306,3.016,29.24,44.5,17156
2026-07-28 15:42:54,lht65-20,52.2507,5.97306,3.016,29.14,41.8,16439
2026-07-28 16:02:54,lht65-20,52.2507,5.97306,3.018,29.52,41.4,18986
2026-07-28 16:12:54,lht65-20,52.2507,5.97306,3.018,29.94,42.3,22062
2026-07-28 16:22:54,lht65-20,52.2507,5.97306,3.016,29.08,43.3,10349
2026-07-28 16:32:54,lht65-20,52.2507,5.97306,3.016,28.17,44.4,8225
2026-07-28 16:42:54,lht65-20,52.2507,5.97306,3.016,27.73,45.5,7015
2026-07-28 16:52:54,lht65-20,52.2507,5.97306,3.016,27.65,46.2,6764
2026-07-28 17:02:54,lht65-20,52.2507,5.97306,3.016,27.56,48.2,6460
2026-07-28 17:12:54,lht65-20,52.2507,5.97306,3.018,27.39,50.7,11244
2026-07-28 17:22:54,lht65-20,52.2507,5.97306,3.016,27.79,47.3,7786
2026-07-28 17:32:54,lht65-20,52.2507,5.97306,3.018,27.46,48.9,6167
2026-07-28 17:42:54,lht65-20,52.2507,5.97306,3.016,27.28,48.4,5804
2026-07-28 17:52:54,lht65-20,52.2507,5.97306,3.018,27.27,51.4,9950
2026-07-28 18:02:54,lht65-20,52.2507,5.97306,3.016,27.38,48.8,7775
2026-07-28 18:12:54,lht65-20,52.2507,5.97306,3.018,28.1,46.4,4989
2026-07-28 18:22:54,lht65-20,52.2507,5.97306,3.018,27.5,50.6,3045
2026-07-28 18:32:54,lht65-20,52.2507,5.97306,3.018,26.86,54.2,2281
2026-07-28 18:42:54,lht65-20,52.2507,5.97306,3.018,26.14,56.4,1835
2026-07-28 18:52:54,lht65-20,52.2507,5.97306,3.018,25.23,61.0,1208
2026-07-28 19:02:54,lht65-20,52.2507,5.97306,3.016,24.32,62.5,932
2026-07-28 19:12:54,lht65-20,52.2507,5.97306,3.018,23.5,67.7,625
2026-07-28 19:22:54,lht65-20,52.2507,5.97306,3.016,23.0,67.1,320
2026-07-28 19:32:54,lht65-20,52.2507,5.97306,3.016,22.38,70.1,160
2026-07-28 19:42:54,lht65-20,52.2507,5.97306,3.016,21.75,77.1,62
2026-07-28 19:52:54,lht65-20,52.2507,5.97306,3.016,21.28,75.4,21
2026-07-28 20:02:54,lht65-20,52.2507,5.97306,3.016,20.97,76.3,5
2026-07-28 20:12:54,lht65-20,52.2507,5.97306,3.016,20.6,79.8,0
2026-07-28 20:22:54,lht65-20,52.2507,5.97306,3.016,20.06,80.3,0
2026-07-28 20:32:54,lht65-20,52.2507,5.97306,3.016,19.57,83.7,0
2026-07-28 20:42:54,lht65-20,52.2507,5.97306,3.014,19.34,87.7,0
2026-07-28 20:52:54,lht65-20,52.2507,5.97306,3.014,18.99,87.5,0
2026-07-28 21:02:54,lht65-20,52.2507,5.97306,3.012,18.53,87.6,0
2026-07-28 21:12:54,lht65-20,52.2507,5.97306,3.012,18.19,90.0,0
2026-07-28 21:22:54,lht65-20,52.2507,5.97306,3.012,18.18,90.0,0
2026-07-28 21:32:54,lht65-20,52.2507,5.97306,3.012,18.14,89.0,0
2026-07-28 21:42:54,lht65-20,52.2507,5.97306,3.012,17.77,89.5,0
2026-07-28 21:52:54,lht65-20,52.2507,5.97306,3.012,17.44,90.9,0
2026-07-28 22:02:54,lht65-20,52.2507,5.97306,3.012,17.01,90.6,0
2026-07-28 22:12:54,lht65-20,52.2507,5.97306,3.012,16.88,93.0,0
2026-07-28 22:22:54,lht65-20,52.2507,5.97306,3.012,16.85,93.8,0
2026-07-28 22:32:54,lht65-20,52.2507,5.97306,3.012,16.79,93.9,0
2026-07-28 22:42:54,lht65-20,52.2507,5.97306,3.012,16.76,94.1,0
2026-07-28 22:52:54,lht65-20,52.2507,5.97306,3.012,16.59,94.0,0
2026-07-28 23:02:54,lht65-20,52.2507,5.97306,3.012,16.59,94.4,0
2026-07-28 23:12:54,lht65-20,52.2507,5.97306,3.01,16.63,94.7,0
2026-07-28 23:22:54,lht65-20,52.2507,5.97306,3.012,16.59,94.8,0
2026-07-28 23:32:54,lht65-20,52.2507,5.97306,3.012,16.44,94.6,0
2026-07-28 23:42:54,lht65-20,52.2507,5.97306,3.009,16.31,94.8,0
2026-07-28 23:52:54,lht65-20,52.2507,5.97306,3.012,16.11,94.9,0
2026-07-29 00:02:54,lht65-20,52.2507,5.97306,3.012,16.0,95.0,0
2026-07-29 00:12:54,lht65-20,52.2507,5.97306,3.012,15.83,95.3,0
2026-07-29 00:22:54,lht65-20,52.2507,5.97306,3.01,15.5,95.2,0
2026-07-29 00:32:54,lht65-20,52.2507,5.97306,3.009,15.34,95.4,0
2026-07-29 00:42:54,lht65-20,52.2507,5.97306,3.009,15.17,95.6,0
2026-07-29 00:52:54,lht65-20,52.2507,5.97306,3.009,15.14,95.8,0
2026-07-29 01:02:54,lht65-20,52.2507,5.97306,3.009,15.05,96.0,0
2026-07-29 01:12:54,lht65-20,52.2507,5.97306,3.009,14.89,96.2,0
2026-07-29 01:22:54,lht65-20,52.2507,5.97306,3.009,14.83,96.3,0
2026-07-29 01:32:54,lht65-20,52.2507,5.97306,3.009,14.64,96.5,0
2026-07-29 01:42:54,lht65-20,52.2507,5.97306,3.009,14.21,96.5,0
2026-07-29 01:52:54,lht65-20,52.2507,5.97306,3.007,14.22,96.4,0
2026-07-29 02:02:54,lht65-20,52.2507,5.97306,3.007,14.18,96.5,0
2026-07-29 02:12:54,lht65-20,52.2507,5.97306,3.007,14.07,96.6,0
2026-07-29 02:22:54,lht65-20,52.2507,5.97306,3.007,14.29,96.7,0
2026-07-29 02:32:54,lht65-20,52.2507,5.97306,3.005,14.28,96.9,0
2026-07-29 02:42:54,lht65-20,52.2507,5.97306,3.007,14.26,97.0,0
2026-07-29 02:52:54,lht65-20,52.2507,5.97306,3.005,14.05,97.1,0
2026-07-29 03:02:54,lht65-20,52.2507,5.97306,3.007,13.92,97.1,0
2026-07-29 03:12:54,lht65-20,52.2507,5.97306,3.007,13.89,97.2,1
2026-07-29 03:22:54,lht65-20,52.2507,5.97306,3.005,13.98,97.2,7
2026-07-29 03:32:54,lht65-20,52.2507,5.97306,3.007,14.06,97.3,30
2026-07-29 03:42:54,lht65-20,52.2507,5.97306,3.005,13.86,97.3,91
2026-07-29 03:52:54,lht65-20,52.2507,5.97306,3.007,13.74,97.3,220
2026-07-29 04:02:54,lht65-20,52.2507,5.97306,3.005,13.8,97.4,463
2026-07-29 04:12:54,lht65-20,52.2507,5.97306,3.005,13.69,97.5,851
2026-07-29 04:22:54,lht65-20,52.2507,5.97306,3.005,13.57,97.5,1453
2026-07-29 04:32:54,lht65-20,52.2507,5.97306,3.005,13.88,97.5,2519
2026-07-29 04:42:54,lht65-20,52.2507,5.97306,3.007,14.92,97.6,4876
2026-07-29 04:52:54,lht65-20,52.2507,5.97306,3.007,14.9,97.5,2695
2026-07-29 05:02:54,lht65-20,52.2507,5.97306,3.007,14.84,97.5,3083
2026-07-29 05:12:54,lht65-20,52.2507,5.97306,3.007,16.17,97.6,9704
2026-07-29 05:22:54,lht65-20,52.2507,5.97306,3.009,17.82,97.5,11029
2026-07-29 05:32:54,lht65-20,52.2507,5.97306,3.01,18.9,97.2,12365
2026-07-29 05:42:54,lht65-20,52.2507,5.97306,3.009,19.66,95.0,13620
2026-07-29 05:52:54,lht65-20,52.2507,5.97306,3.012,20.26,77.4,14839
2026-07-29 06:02:54,lht65-20,52.2507,5.97306,3.012,20.78,73.4,16103
2026-07-29 06:12:54,lht65-20,52.2507,5.97306,3.012,21.35,67.5,16452
2026-07-29 06:22:54,lht65-20,52.2507,5.97306,3.012,21.66,67.1,17799
2026-07-29 06:32:54,lht65-20,52.2507,5.97306,3.012,22.38,63.1,18658
2026-07-29 06:42:54,lht65-20,52.2507,5.97306,3.012,22.67,61.3,19529
2026-07-29 06:52:54,lht65-20,52.2507,5.97306,3.012,22.88,60.9,20426
2026-07-29 07:02:54,lht65-20,52.2507,5.97306,3.012,23.17,60.0,21314
2026-07-29 07:12:54,lht65-20,52.2507,5.97306,3.014,23.65,59.1,22140
2026-07-29 07:22:54,lht65-20,52.2507,5.97306,3.012,23.83,59.3,22896
2026-07-29 07:32:54,lht65-20,52.2507,5.97306,3.016,24.25,57.3,23640
2026-07-29 07:42:54,lht65-20,52.2507,5.97306,3.014,24.69,56.9,24443
2026-07-29 07:52:54,lht65-20,52.2507,5.97306,3.014,25.01,57.1,25073
2026-07-29 08:02:54,lht65-20,52.2507,5.97306,3.014,25.91,55.1,25813
2026-07-29 08:12:54,lht65-20,52.2507,5.97306,3.016,26.45,53.2,26470
2026-07-29 08:22:54,lht65-20,52.2507,5.97306,3.016,27.11,52.9,27093
2026-07-29 08:32:54,lht65-20,52.2507,5.97306,3.016,27.52,50.8,27681
2026-07-29 08:42:54,lht65-20,52.2507,5.97306,3.018,27.98,50.8,28310
2026-07-29 08:52:54,lht65-20,52.2507,5.97306,3.016,28.47,48.9,28870
2026-07-29 09:02:54,lht65-20,52.2507,5.97306,3.016,28.84,49.0,29476
2026-07-29 09:12:54,lht65-20,52.2507,5.97306,3.018,29.64,46.5,30048
2026-07-29 09:22:54,lht65-20,52.2507,5.97306,3.019,30.18,45.6,30586
2026-07-29 09:32:54,lht65-20,52.2507,5.97306,3.018,30.75,43.0,31061
2026-07-29 09:42:54,lht65-20,52.2507,5.97306,3.018,31.11,42.2,31316
2026-07-29 09:52:54,lht65-20,52.2507,5.97306,3.018,31.5,37.9,31947
2026-07-29 10:02:54,lht65-20,52.2507,5.97306,3.018,32.27,38.4,32326
2026-07-29 10:12:54,lht65-20,52.2507,5.97306,3.019,32.55,39.1,32721
2026-07-29 10:22:54,lht65-20,52.2507,5.97306,3.019,32.67,34.5,33130
2026-07-29 10:32:54,lht65-20,52.2507,5.97306,3.018,32.96,34.5,33435
2026-07-29 10:42:54,lht65-20,52.2507,5.97306,3.019,32.93,34.7,33756
2026-07-29 10:52:54,lht65-20,52.2507,5.97306,3.021,32.89,33.8,33863
2026-07-29 11:02:54,lht65-20,52.2507,5.97306,3.019,33.27,34.7,34195
2026-07-29 11:12:54,lht65-20,52.2507,5.97306,3.021,33.41,32.8,34536
2026-07-29 11:22:54,lht65-20,52.2507,5.97306,3.021,33.8,32.4,34440
2026-07-29 11:32:54,lht65-20,52.2507,5.97306,3.021,33.92,30.4,34879
2026-07-29 11:42:54,lht65-20,52.2507,5.97306,3.021,33.73,32.4,34559
2026-07-29 11:52:54,lht65-20,52.2507,5.97306,3.023,34.22,32.1,34674
2026-07-29 12:02:54,lht65-20,52.2507,5.97306,3.023,34.33,31.6,34539
2026-07-29 12:12:54,lht65-20,52.2507,5.97306,3.023,34.28,31.1,34354
2026-07-29 12:22:54,lht65-20,52.2507,5.97306,3.023,34.56,31.3,34179
2026-07-29 12:32:54,lht65-20,52.2507,5.97306,3.023,34.61,31.2,33805
2026-07-29 12:42:54,lht65-20,52.2507,5.97306,3.023,34.31,30.9,33384
2026-07-29 12:52:54,lht65-20,52.2507,5.97306,3.023,34.32,30.6,33221
2026-07-29 13:02:54,lht65-20,52.2507,5.97306,3.023,34.55,31.2,32837
2026-07-29 13:12:54,lht65-20,52.2507,5.97306,3.025,34.9,29.4,32362
2026-07-29 13:22:54,lht65-20,52.2507,5.97306,3.023,34.92,32.0,31835
2026-07-29 13:32:54,lht65-20,52.2507,5.97306,3.025,34.9,30.3,31395
2026-07-29 13:42:54,lht65-20,52.2507,5.97306,3.023,35.39,29.0,31345
2026-07-29 13:52:54,lht65-20,52.2507,5.97306,3.025,35.0,30.1,30780
2026-07-29 14:02:54,lht65-20,52.2507,5.97306,3.025,35.23,32.1,30366
2026-07-29 14:12:54,lht65-20,52.2507,5.97306,3.027,35.22,30.8,29995
2026-07-29 14:22:54,lht65-20,52.2507,5.97306,3.027,35.23,29.4,29644
2026-07-29 14:32:54,lht65-20,52.2507,5.97306,3.027,35.2,28.6,29269
2026-07-29 14:42:54,lht65-20,52.2507,5.97306,3.027,35.16,28.8,28569
2026-07-29 14:52:54,lht65-20,52.2507,5.97306,3.027,35.37,29.3,27905
2026-07-29 15:02:54,lht65-20,52.2507,5.97306,3.027,35.35,29.8,27674
2026-07-29 15:12:54,lht65-20,52.2507,5.97306,3.027,35.45,28.7,27000
2026-07-29 15:22:54,lht65-20,52.2507,5.97306,3.029,35.13,28.9,26395
2026-07-29 15:52:54,lht65-20,52.2507,5.97306,3.029,35.08,29.0,24500
2026-07-29 16:02:54,lht65-20,52.2507,5.97306,3.027,35.01,29.8,23700
2026-07-29 16:12:54,lht65-20,52.2507,5.97306,3.029,34.87,30.6,22835
2026-07-29 16:22:54,lht65-20,52.2507,5.97306,3.029,35.0,30.8,22034
2026-07-29 16:32:54,lht65-20,52.2507,5.97306,3.029,34.65,31.1,21088
2026-07-29 16:42:54,lht65-20,52.2507,5.97306,3.029,34.95,31.1,20137
2026-07-29 16:52:54,lht65-20,52.2507,5.97306,3.03,34.77,29.9,18736
2026-07-29 17:02:54,lht65-20,52.2507,5.97306,3.03,34.69,31.1,17740
2026-07-29 17:12:54,lht65-20,52.2507,5.97306,3.029,34.26,31.6,16740
2026-07-29 17:22:54,lht65-20,52.2507,5.97306,3.029,34.27,32.6,15719
2026-07-29 17:32:54,lht65-20,52.2507,5.97306,3.03,34.37,32.3,14530
2026-07-29 17:42:54,lht65-20,52.2507,5.97306,3.03,34.39,34.0,13134
2026-07-29 17:52:54,lht65-20,52.2507,5.97306,3.03,33.68,33.4,11884
2026-07-29 18:02:54,lht65-20,52.2507,5.97306,3.03,33.52,35.2,10661
2026-07-29 18:12:54,lht65-20,52.2507,5.97306,3.03,33.97,40.4,9093
2026-07-29 18:22:54,lht65-20,52.2507,5.97306,3.03,33.05,39.2,7571
2026-07-29 18:32:54,lht65-20,52.2507,5.97306,3.03,31.01,42.9,5973
2026-07-29 18:42:54,lht65-20,52.2507,5.97306,3.03,29.97,45.7,4375
2026-07-29 18:52:54,lht65-20,52.2507,5.97306,3.03,29.12,48.0,2598
2026-07-29 19:02:54,lht65-20,52.2507,5.97306,3.03,28.19,50.6,1262
2026-07-29 19:12:54,lht65-20,52.2507,5.97306,3.03,27.16,53.8,756
2026-07-29 19:22:54,lht65-20,52.2507,5.97306,3.029,26.19,56.4,412
2026-07-29 19:32:54,lht65-20,52.2507,5.97306,3.029,25.14,61.1,181
2026-07-29 19:42:54,lht65-20,52.2507,5.97306,3.029,24.25,65.2,73
2026-07-29 19:52:54,lht65-20,52.2507,5.97306,3.027,23.32,69.4,23
2026-07-29 20:02:54,lht65-20,52.2507,5.97306,3.027,22.69,72.2,5
2026-07-29 20:12:54,lht65-20,52.2507,5.97306,3.027,22.13,73.9,0
2026-07-29 20:22:54,lht65-20,52.2507,5.97306,3.027,21.4,77.2,0
2026-07-29 20:32:54,lht65-20,52.2507,5.97306,3.027,21.09,78.2,0
2026-07-29 20:42:54,lht65-20,52.2507,5.97306,3.027,20.85,78.5,0
2026-07-29 20:52:54,lht65-20,52.2507,5.97306,3.027,20.5,80.4,0
2026-07-29 21:02:54,lht65-20,52.2507,5.97306,3.025,19.94,82.0,0
2026-07-29 21:12:54,lht65-20,52.2507,5.97306,3.027,19.63,83.2,0
2026-07-29 21:22:54,lht65-20,52.2507,5.97306,3.027,19.31,85.5,0
2026-07-29 21:32:54,lht65-20,52.2507,5.97306,3.023,19.1,85.1,0
2026-07-29 21:42:54,lht65-20,52.2507,5.97306,3.023,18.95,86.9,0
2026-07-29 21:52:54,lht65-20,52.2507,5.97306,3.023,18.83,86.0,0
2026-07-29 22:02:54,lht65-20,52.2507,5.97306,3.025,18.63,86.5,0
2026-07-29 22:12:54,lht65-20,52.2507,5.97306,3.023,18.35,87.8,0
2026-07-29 22:22:54,lht65-20,52.2507,5.97306,3.021,18.06,89.0,0
2026-07-29 22:32:54,lht65-20,52.2507,5.97306,3.023,17.64,89.3,0
2026-07-29 22:42:54,lht65-20,52.2507,5.97306,3.021,17.48,90.6,0
2026-07-29 22:52:54,lht65-20,52.2507,5.97306,3.023,17.36,91.1,0
2026-07-29 23:02:54,lht65-20,52.2507,5.97306,3.023,17.26,90.9,0
2026-07-29 23:12:54,lht65-20,52.2507,5.97306,3.023,17.14,90.8,0
2026-07-29 23:22:54,lht65-20,52.2507,5.97306,3.021,17.13,91.9,0
2026-07-29 23:32:54,lht65-20,52.2507,5.97306,3.021,17.01,91.9,0
2026-07-29 23:42:54,lht65-20,52.2507,5.97306,3.021,16.87,92.1,0
2026-07-29 23:52:54,lht65-20,52.2507,5.97306,3.019,16.76,93.0,0
2026-07-30 00:02:54,lht65-20,52.2507,5.97306,3.021,16.54,93.2,0
2026-07-30 00:12:54,lht65-20,52.2507,5.97306,3.021,16.35,93.5,0
2026-07-30 00:22:54,lht65-20,52.2507,5.97306,3.021,16.27,94.1,0
2026-07-30 00:32:54,lht65-20,52.2507,5.97306,3.019,16.15,94.4,0
2026-07-30 00:42:54,lht65-20,52.2507,5.97306,3.021,16.1,94.7,0
2026-07-30 00:52:54,lht65-20,52.2507,5.97306,3.021,15.94,94.8,0
2026-07-30 01:02:54,lht65-20,52.2507,5.97306,3.019,15.67,94.5,0
2026-07-30 01:12:54,lht65-20,52.2507,5.97306,3.019,15.55,94.9,0
2026-07-30 01:22:54,lht65-20,52.2507,5.97306,3.018,15.38,95.1,0
2026-07-30 01:32:54,lht65-20,52.2507,5.97306,3.018,15.3,95.3,0
2026-07-30 01:42:54,lht65-20,52.2507,5.97306,3.019,15.44,95.6,0
2026-07-30 01:52:54,lht65-20,52.2507,5.97306,3.018,15.23,95.8,0
2026-07-30 02:02:54,lht65-20,52.2507,5.97306,3.019,14.93,95.8,0
2026-07-30 02:12:54,lht65-20,52.2507,5.97306,3.018,15.07,95.9,0
2026-07-30 02:22:54,lht65-20,52.2507,5.97306,3.018,15.26,96.2,0
2026-07-30 02:32:54,lht65-20,52.2507,5.97306,3.018,15.25,96.3,0
2026-07-30 02:42:54,lht65-20,52.2507,5.97306,3.018,15.13,96.5,0
2026-07-30 02:52:54,lht65-20,52.2507,5.97306,3.018,15.13,96.6,0
2026-07-30 03:02:54,lht65-20,52.2507,5.97306,3.018,15.04,96.7,0
2026-07-30 03:12:54,lht65-20,52.2507,5.97306,3.018,14.86,96.7,0
2026-07-30 03:22:54,lht65-20,52.2507,5.97306,3.016,14.59,96.7,5
2026-07-30 03:32:54,lht65-20,52.2507,5.97306,3.018,14.59,96.6,21
2026-07-30 03:42:54,lht65-20,52.2507,5.97306,3.018,14.76,96.7,67
2026-07-30 03:52:54,lht65-20,52.2507,5.97306,3.018,14.81,96.8,172
2026-07-30 04:02:54,lht65-20,52.2507,5.97306,3.018,15.07,96.9,356
2026-07-30 04:12:54,lht65-20,52.2507,5.97306,3.018,15.11,96.9,616
2026-07-30 04:22:54,lht65-20,52.2507,5.97306,3.018,15.15,97.0,925
2026-07-30 04:32:54,lht65-20,52.2507,5.97306,3.018,15.19,97.0,1400
2026-07-30 04:42:54,lht65-20,52.2507,5.97306,3.018,15.65,96.9,2078
2026-07-30 04:52:54,lht65-20,52.2507,5.97306,3.018,15.8,96.7,2396
2026-07-30 05:02:54,lht65-20,52.2507,5.97306,3.018,16.17,96.5,2909
2026-07-30 05:12:54,lht65-20,52.2507,5.97306,3.018,16.62,96.3,3360
2026-07-30 05:22:54,lht65-20,52.2507,5.97306,3.019,17.09,94.9,4070
2026-07-30 05:32:54,lht65-20,52.2507,5.97306,3.019,18.1,90.1,6798
2026-07-30 05:42:54,lht65-20,52.2507,5.97306,3.019,19.35,81.9,5075
2026-07-30 05:52:54,lht65-20,52.2507,5.97306,3.021,19.94,82.2,5357
2026-07-30 06:02:54,lht65-20,52.2507,5.97306,3.021,20.75,79.2,7755
2026-07-30 06:12:54,lht65-20,52.2507,5.97306,3.023,22.13,67.3,7780
2026-07-30 06:22:54,lht65-20,52.2507,5.97306,3.023,22.79,62.6,10983
2026-07-30 06:32:54,lht65-20,52.2507,5.97306,3.023,23.74,58.9,8956
2026-07-30 06:42:54,lht65-20,52.2507,5.97306,3.023,24.39,55.8,16680
2026-07-30 06:52:54,lht65-20,52.2507,5.97306,3.023,25.06,55.2,18059
2026-07-30 07:02:54,lht65-20,52.2507,5.97306,3.023,25.35,54.0,16598
2026-07-30 07:12:54,lht65-20,52.2507,5.97306,3.025,25.79,52.4,19610
2026-07-30 07:22:54,lht65-20,52.2507,5.97306,3.027,26.05,52.3,20557
2026-07-30 07:32:54,lht65-20,52.2507,5.97306,3.027,26.41,51.1,21235
2026-07-30 07:42:54,lht65-20,52.2507,5.97306,3.027,26.64,49.1,21960
2026-07-30 07:52:54,lht65-20,52.2507,5.97306,3.027,26.91,47.8,23266
2026-07-30 08:02:54,lht65-20,52.2507,5.97306,3.027,27.36,47.2,24670
2026-07-30 08:12:54,lht65-20,52.2507,5.97306,3.027,27.52,47.3,26041
2026-07-30 08:22:54,lht65-20,52.2507,5.97306,3.027,27.71,45.3,12457
2026-07-30 08:32:54,lht65-20,52.2507,5.97306,3.027,28.08,46.5,17292
2026-07-30 08:42:54,lht65-20,52.2507,5.97306,3.027,28.42,45.6,25844
2026-07-30 08:52:54,lht65-20,52.2507,5.97306,3.027,29.01,43.3,28048
2026-07-30 09:02:54,lht65-20,52.2507,5.97306,3.027,29.46,43.0,26098
2026-07-30 09:12:54,lht65-20,52.2507,5.97306,3.029,29.99,42.5,28838
2026-07-30 09:22:54,lht65-20,52.2507,5.97306,3.027,30.48,41.2,29902
2026-07-30 09:32:54,lht65-20,52.2507,5.97306,3.029,30.76,42.2,30056
2026-07-30 09:42:54,lht65-20,52.2507,5.97306,3.027,31.03,40.2,30308
2026-07-30 09:52:54,lht65-20,52.2507,5.97306,3.027,31.16,40.8,31172
2026-07-30 10:12:54,lht65-20,52.2507,5.97306,3.03,31.46,40.9,31038
2026-07-30 10:22:54,lht65-20,52.2507,5.97306,3.027,31.86,38.6,31459
2026-07-30 10:32:54,lht65-20,52.2507,5.97306,3.029,32.27,37.2,31965
2026-07-30 10:42:54,lht65-20,52.2507,5.97306,3.029,32.75,40.8,31705
2026-07-30 10:52:54,lht65-20,52.2507,5.97306,3.029,32.52,39.4,28394
2026-07-30 11:02:53,lht65-20,52.2507,5.97306,3.03,32.25,40.2,27394
2026-07-30 11:12:54,lht65-20,52.2507,5.97306,3.03,32.19,40.6,27335
2026-07-30 11:22:53,lht65-20,52.2507,5.97306,3.03,31.86,41.2,24633
2026-07-30 11:42:53,lht65-20,52.2507,5.97306,3.03,31.33,42.3,25732
2026-07-30 11:52:54,lht65-20,52.2507,5.97306,3.03,31.45,43.7,24919
2026-07-30 12:02:54,lht65-20,52.2507,5.97306,3.03,31.22,43.6,20655
2026-07-30 12:12:53,lht65-20,52.2507,5.97306,3.03,30.7,45.5,20586
2026-07-30 12:22:54,lht65-20,52.2507,5.97306,3.03,30.41,47.2,21178
2026-07-30 12:32:54,lht65-20,52.2507,5.97306,3.03,30.25,48.9,19039
2026-07-30 12:42:54,lht65-20,52.2507,5.97306,3.03,29.94,52.6,18855
2026-07-30 13:02:53,lht65-20,52.2507,5.97306,3.029,28.22,56.9,13920
2026-07-30 13:12:53,lht65-20,52.2507,5.97306,3.029,27.7,59.0,10514
2026-07-30 13:22:54,lht65-20,52.2507,5.97306,3.029,27.27,61.2,8745
2026-07-30 13:32:54,lht65-20,52.2507,5.97306,3.03,26.98,61.5,8670
2026-07-30 13:42:53,lht65-20,52.2507,5.97306,3.03,26.76,62.0,7559
2026-07-30 13:52:53,lht65-20,52.2507,5.97306,3.027,26.42,60.6,7287
2026-07-30 14:02:54,lht65-20,52.2507,5.97306,3.027,26.33,61.5,6495
2026-07-30 14:12:54,lht65-20,52.2507,5.97306,3.029,26.14,60.2,4662
2026-07-30 14:32:53,lht65-20,52.2507,5.97306,3.029,25.63,62.8,3004
2026-07-30 14:42:54,lht65-20,52.2507,5.97306,3.029,25.49,61.5,2608
2026-07-30 14:52:54,lht65-20,52.2507,5.97306,3.027,25.34,61.7,2716
2026-07-30 15:02:54,lht65-20,52.2507,5.97306,3.029,25.09,63.2,3000
2026-07-30 15:12:53,lht65-20,52.2507,5.97306,3.027,24.18,68.3,2624
2026-07-30 15:22:53,lht65-20,52.2507,5.97306,3.027,23.21,75.7,2370
2026-07-30 15:32:53,lht65-20,52.2507,5.97306,3.027,22.54,82.5,2355
2026-07-30 15:42:53,lht65-20,52.2507,5.97306,3.027,21.99,84.2,2468
2026-07-30 15:52:54,lht65-20,52.2507,5.97306,3.027,21.66,86.9,1987
2026-07-30 16:02:53,lht65-20,52.2507,5.97306,3.027,21.41,89.0,1951
2026-07-30 16:12:53,lht65-20,52.2507,5.97306,3.027,21.38,90.7,3961
2026-07-30 16:22:54,lht65-20,52.2507,5.97306,3.027,21.52,91.4,3761
2026-07-30 16:32:54,lht65-20,52.2507,5.97306,3.027,21.79,91.4,5515
2026-07-30 16:42:54,lht65-20,52.2507,5.97306,3.027,22.14,90.2,5903
2026-07-30 16:52:54,lht65-20,52.2507,5.97306,3.027,22.44,87.4,6168
2026-07-30 17:02:53,lht65-20,52.2507,5.97306,3.027,22.75,85.2,6200
2026-07-30 17:12:54,lht65-20,52.2507,5.97306,3.027,22.85,84.6,6820
2026-07-30 17:22:53,lht65-20,52.2507,5.97306,3.027,23.33,81.7,9146
2026-07-30 17:32:54,lht65-20,52.2507,5.97306,3.027,23.48,81.2,9712
2026-07-30 17:42:53,lht65-20,52.2507,5.97306,3.027,23.58,80.7,7152
2026-07-30 17:52:54,lht65-20,52.2507,5.97306,3.027,23.39,78.5,5163
2026-07-30 18:02:53,lht65-20,52.2507,5.97306,3.027,23.18,80.4,3725
2026-07-30 18:12:54,lht65-20,52.2507,5.97306,3.027,22.51,83.5,2635
2026-07-30 18:22:53,lht65-20,52.2507,5.97306,3.027,22.12,85.9,2104
2026-07-30 18:32:53,lht65-20,52.2507,5.97306,3.027,21.81,87.3,1750
2026-07-30 18:42:53,lht65-20,52.2507,5.97306,3.027,21.58,88.8,1577
2026-07-30 18:52:53,lht65-20,52.2507,5.97306,3.023,21.28,89.8,975
2026-07-30 19:02:53,lht65-20,52.2507,5.97306,3.023,20.9,90.9,672
2026-07-30 19:12:53,lht65-20,52.2507,5.97306,3.023,20.48,91.4,439
2026-07-30 19:22:53,lht65-20,52.2507,5.97306,3.023,20.17,92.4,235
2026-07-30 19:32:53,lht65-20,52.2507,5.97306,3.023,19.79,92.6,106
2026-07-30 19:42:53,lht65-20,52.2507,5.97306,3.023,19.54,93.4,41
2026-07-30 19:52:53,lht65-20,52.2507,5.97306,3.023,19.31,94.0,11
2026-07-30 20:02:54,lht65-20,52.2507,5.97306,3.023,19.17,94.5,3
2026-07-30 20:12:53,lht65-20,52.2507,5.97306,3.023,19.12,95.0,0
2026-07-30 20:22:53,lht65-20,52.2507,5.97306,3.023,19.19,95.3,0
2026-07-30 20:32:53,lht65-20,52.2507,5.97306,3.023,18.98,95.6,0
2026-07-30 20:42:54,lht65-20,52.2507,5.97306,3.023,18.8,95.6,0
2026-07-30 20:52:53,lht65-20,52.2507,5.97306,3.021,18.68,95.7,0
2026-07-30 21:02:53,lht65-20,52.2507,5.97306,3.023,18.51,95.8,0
2026-07-30 21:12:53,lht65-20,52.2507,5.97306,3.023,18.53,95.9,0
2026-07-30 21:22:53,lht65-20,52.2507,5.97306,3.023,18.28,96.0,0
2026-07-30 21:32:53,lht65-20,52.2507,5.97306,3.019,18.04,96.1,0
2026-07-30 21:42:53,lht65-20,52.2507,5.97306,3.019,18.0,96.2,0
2026-07-30 21:52:54,lht65-20,52.2507,5.97306,3.023,18.02,96.3,0
2026-07-30 22:02:53,lht65-20,52.2507,5.97306,3.021,17.77,96.4,0
2026-07-30 22:12:54,lht65-20,52.2507,5.97306,3.021,17.55,96.5,0
2026-07-30 22:22:53,lht65-20,52.2507,5.97306,3.021,17.37,96.5,0
2026-07-30 22:32:53,lht65-20,52.2507,5.97306,3.021,17.33,96.6,0
2026-07-30 22:42:53,lht65-20,52.2507,5.97306,3.021,17.22,96.6,0
2026-07-30 22:52:53,lht65-20,52.2507,5.97306,3.021,17.11,96.7,0
2026-07-30 23:02:53,lht65-20,52.2507,5.97306,3.019,16.83,96.8,0
2026-07-30 23:12:53,lht65-20,52.2507,5.97306,3.021,16.77,96.9,0
2026-07-30 23:22:53,lht65-20,52.2507,5.97306,3.019,16.59,96.9,0
2026-07-30 23:32:54,lht65-20,52.2507,5.97306,3.018,16.32,96.9,0
2026-07-30 23:42:53,lht65-20,52.2507,5.97306,3.019,16.05,97.0,0
2026-07-30 23:52:53,lht65-20,52.2507,5.97306,3.018,16.08,97.0,0
2026-07-31 00:02:53,lht65-20,52.2507,5.97306,3.019,15.68,97.1,0
2026-07-31 00:12:53,lht65-20,52.2507,5.97306,3.018,15.31,97.1,0
2026-07-31 00:22:54,lht65-20,52.2507,5.97306,3.018,15.21,97.1,0
2026-07-31 00:32:53,lht65-20,52.2507,5.97306,3.018,15.51,97.1,0
2026-07-31 00:42:53,lht65-20,52.2507,5.97306,3.018,15.79,97.1,0
2026-07-31 00:52:53,lht65-20,52.2507,5.97306,3.018,15.58,97.2,0
2026-07-31 01:02:53,lht65-20,52.2507,5.97306,3.018,15.69,97.2,0
2026-07-31 01:12:53,lht65-20,52.2507,5.97306,3.018,15.41,97.3,0
2026-07-31 01:22:53,lht65-20,52.2507,5.97306,3.018,15.07,97.4,0
2026-07-31 01:32:53,lht65-20,52.2507,5.97306,3.018,15.22,97.4,0
2026-07-31 01:42:53,lht65-20,52.2507,5.97306,3.016,15.39,97.4,0
2026-07-31 01:52:53,lht65-20,52.2507,5.97306,3.016,15.9,97.4,0
2026-07-31 02:02:53,lht65-20,52.2507,5.97306,3.018,16.25,97.4,0
2026-07-31 02:12:53,lht65-20,52.2507,5.97306,3.018,16.4,97.4,0
2026-07-31 02:22:53,lht65-20,52.2507,5.97306,3.018,16.41,97.4,0
2026-07-31 02:32:53,lht65-20,52.2507,5.97306,3.018,16.5,97.4,0
2026-07-31 02:42:53,lht65-20,52.2507,5.97306,3.018,16.83,97.4,0
2026-07-31 02:52:53,lht65-20,52.2507,5.97306,3.018,17.09,97.4,0
2026-07-31 03:02:53,lht65-20,52.2507,5.97306,3.018,17.2,97.4,0
2026-07-31 03:12:53,lht65-20,52.2507,5.97306,3.019,17.17,97.4,0
2026-07-31 03:22:53,lht65-20,52.2507,5.97306,3.018,17.07,97.4,2
2026-07-31 03:32:53,lht65-20,52.2507,5.97306,3.019,16.89,97.5,10
2026-07-31 03:42:54,lht65-20,52.2507,5.97306,3.018,16.81,97.5,35
2026-07-31 03:52:53,lht65-20,52.2507,5.97306,3.019,16.66,97.5,95
2026-07-31 04:02:54,lht65-20,52.2507,5.97306,3.018,16.49,97.5,215
2026-07-31 04:12:53,lht65-20,52.2507,5.97306,3.018,16.27,97.6,377
2026-07-31 04:22:53,lht65-20,52.2507,5.97306,3.018,16.2,97.6,490
2026-07-31 04:32:53,lht65-20,52.2507,5.97306,3.016,16.38,97.6,625
2026-07-31 04:42:53,lht65-20,52.2507,5.97306,3.018,16.58,97.6,1129
2026-07-31 04:52:54,lht65-20,52.2507,5.97306,3.018,16.88,97.6,2136
2026-07-31 05:02:53,lht65-20,52.2507,5.97306,3.018,17.08,97.5,2152
2026-07-31 05:12:53,lht65-20,52.2507,5.97306,3.018,17.28,97.5,3548
2026-07-31 05:22:53,lht65-20,52.2507,5.97306,3.018,17.44,97.5,3787
2026-07-31 05:32:53,lht65-20,52.2507,5.97306,3.018,17.68,97.4,5299
2026-07-31 05:42:54,lht65-20,52.2507,5.97306,3.018,17.98,97.4,5501
2026-07-31 05:52:53,lht65-20,52.2507,5.97306,3.018,18.03,97.3,6215
2026-07-31 06:02:53,lht65-20,52.2507,5.97306,3.019,18.15,97.3,6815
2026-07-31 06:12:53,lht65-20,52.2507,5.97306,3.018,18.33,97.3,9271
2026-07-31 06:22:53,lht65-20,52.2507,5.97306,3.018,18.93,97.2,12354
2026-07-31 06:32:53,lht65-20,52.2507,5.97306,3.019,19.48,97.1,11259
2026-07-31 06:42:53,lht65-20,52.2507,5.97306,3.019,19.57,96.7,14622
2026-07-31 06:52:53,lht65-20,52.2507,5.97306,3.021,19.92,95.2,10465
2026-07-31 07:02:53,lht65-20,52.2507,5.97306,3.019,20.09,91.7,7231
2026-07-31 07:12:53,lht65-20,52.2507,5.97306,3.019,20.23,90.5,5864
2026-07-31 07:22:53,lht65-20,52.2507,5.97306,3.021,20.33,89.7,6449
2026-07-31 07:32:53,lht65-20,52.2507,5.97306,3.021,20.81,89.6,11902
2026-07-31 07:42:53,lht65-20,52.2507,5.97306,3.021,21.64,86.6,13497
2026-07-31 07:52:53,lht65-20,52.2507,5.97306,3.021,22.31,85.0,20250
2026-07-31 08:02:53,lht65-20,52.2507,5.97306,3.021,22.71,81.8,14582
2026-07-31 08:12:53,lht65-20,52.2507,5.97306,3.023,23.38,80.9,16888
2026-07-31 08:22:53,lht65-20,52.2507,5.97306,3.023,24.1,78.7,15564
2026-07-31 08:32:53,lht65-20,52.2507,5.97306,3.023,24.2,76.6,23420
2026-07-31 08:42:53,lht65-20,52.2507,5.97306,3.023,24.78,73.5,16445
2026-07-31 08:52:53,lht65-20,52.2507,5.97306,3.023,25.06,72.6,29982
2026-07-31 09:02:53,lht65-20,52.2507,5.97306,3.023,25.24,69.0,17574
2026-07-31 09:12:53,lht65-20,52.2507,5.97306,3.023,25.88,67.1,26392
2026-07-31 09:22:53,lht65-20,52.2507,5.97306,3.023,26.05,65.9,30557
2026-07-31 09:32:53,lht65-20,52.2507,5.97306,3.023,26.12,62.1,29345
2026-07-31 09:42:53,lht65-20,52.2507,5.97306,3.025,26.6,62.1,11315
2026-07-31 09:52:53,lht65-20,52.2507,5.97306,3.027,25.57,64.9,28155
2026-07-31 10:02:53,lht65-20,52.2507,5.97306,3.023,26.68,60.7,37388
2026-07-31 10:12:53,lht65-20,52.2507,5.97306,3.027,27.48,58.4,37302
2026-07-31 10:22:53,lht65-20,52.2507,5.97306,3.023,26.77,54.9,26333
2026-07-31 10:32:53,lht65-20,52.2507,5.97306,3.025,25.55,59.2,29373
2026-07-31 10:42:53,lht65-20,52.2507,5.97306,3.025,26.54,57.4,40157
2026-07-31 10:52:53,lht65-20,52.2507,5.97306,3.025,27.03,62.3,11026
2026-07-31 11:02:53,lht65-20,52.2507,5.97306,3.025,25.42,66.8,16940
2026-07-31 11:12:53,lht65-20,52.2507,5.97306,3.025,26.26,63.6,23419
2026-07-31 11:22:53,lht65-20,52.2507,5.97306,3.027,26.74,62.5,36787
2026-07-31 11:32:53,lht65-20,52.2507,5.97306,3.023,26.6,63.5,16317
2026-07-31 11:42:53,lht65-20,52.2507,5.97306,3.027,27.24,60.1,39612
2026-07-31 11:52:53,lht65-20,52.2507,5.97306,3.027,27.45,58.9,39573
2026-07-31 12:02:53,lht65-20,52.2507,5.97306,3.027,26.98,60.5,37455
2026-07-31 12:12:53,lht65-20,52.2507,5.97306,3.027,27.65,59.2,35381
2026-07-31 12:22:53,lht65-20,52.2507,5.97306,3.027,27.33,56.0,22340
2026-07-31 12:32:53,lht65-20,52.2507,5.97306,3.027,27.08,58.6,37153
2026-07-31 12:42:53,lht65-20,52.2507,5.97306,3.027,26.6,59.3,19008
2026-07-31 12:52:53,lht65-20,52.2507,5.97306,3.027,27.31,57.3,25347
2026-07-31 13:02:53,lht65-20,52.2507,5.97306,3.027,27.68,56.0,33485
2026-07-31 13:12:53,lht65-20,52.2507,5.97306,3.027,27.72,54.5,34479
2026-07-31 13:22:53,lht65-20,52.2507,5.97306,3.027,28.05,52.4,36663
2026-07-31 13:32:53,lht65-20,52.2507,5.97306,3.027,28.08,52.6,13173
2026-07-31 13:42:53,lht65-20,52.2507,5.97306,3.027,26.64,54.4,34571
2026-07-31 13:52:53,lht65-20,52.2507,5.97306,3.025,27.77,51.9,19694
2026-07-31 14:02:53,lht65-20,52.2507,5.97306,3.027,28.24,49.4,21441
2026-07-31 14:12:53,lht65-20,52.2507,5.97306,3.027,27.35,49.3,34241
2026-07-31 14:22:53,lht65-20,52.2507,5.97306,3.027,26.24,52.1,11571
2026-07-31 14:32:53,lht65-20,52.2507,5.97306,3.027,25.29,52.7,14403
2026-07-31 14:42:53,lht65-20,52.2507,5.97306,3.027,25.16,53.4,9497
2026-07-31 14:52:53,lht65-20,52.2507,5.97306,3.025,24.71,55.9,13130
2026-07-31 15:02:53,lht65-20,52.2507,5.97306,3.027,24.83,55.5,11244
2026-07-31 15:12:53,lht65-20,52.2507,5.97306,3.025,24.67,55.7,8764
2026-07-31 15:22:53,lht65-20,52.2507,5.97306,3.027,24.31,56.9,11250
2026-07-31 15:32:53,lht65-20,52.2507,5.97306,3.027,24.41,56.0,10950
2026-07-31 15:42:53,lht65-20,52.2507,5.97306,3.027,24.18,56.5,6786
2026-07-31 15:52:53,lht65-20,52.2507,5.97306,3.025,23.81,56.6,5201
2026-07-31 16:02:53,lht65-20,52.2507,5.97306,3.027,23.67,59.1,8641
2026-07-31 16:12:53,lht65-20,52.2507,5.97306,3.023,23.82,57.1,12569
2026-07-31 16:22:53,lht65-20,52.2507,5.97306,3.025,24.43,55.7,10069
2026-07-31 16:32:53,lht65-20,52.2507,5.97306,3.027,24.25,56.3,10497
2026-07-31 16:42:53,lht65-20,52.2507,5.97306,3.027,24.05,55.7,8414
2026-07-31 16:52:53,lht65-20,52.2507,5.97306,3.023,23.58,56.5,9272
2026-07-31 17:02:53,lht65-20,52.2507,5.97306,3.025,23.24,58.1,7920
2026-07-31 17:12:53,lht65-20,52.2507,5.97306,3.025,23.53,57.9,15150
2026-07-31 17:22:53,lht65-20,52.2507,5.97306,3.023,23.44,56.5,13605
2026-07-31 17:32:53,lht65-20,52.2507,5.97306,3.025,22.91,57.7,11107
2026-07-31 17:42:53,lht65-20,52.2507,5.97306,3.023,22.59,57.8,6244
2026-07-31 17:52:53,lht65-20,52.2507,5.97306,3.023,22.49,56.8,4980
2026-07-31 18:02:53,lht65-20,52.2507,5.97306,3.027,22.35,57.3,9068
2026-07-31 18:12:53,lht65-20,52.2507,5.97306,3.023,22.42,55.5,8746
2026-07-31 18:22:53,lht65-20,52.2507,5.97306,3.023,22.3,57.0,5860
2026-07-31 18:32:53,lht65-20,52.2507,5.97306,3.023,22.31,57.2,5683
2026-07-31 18:42:53,lht65-20,52.2507,5.97306,3.023,22.25,57.3,4415
2026-07-31 18:52:53,lht65-20,52.2507,5.97306,3.023,21.94,57.9,2468
2026-07-31 19:02:53,lht65-20,52.2507,5.97306,3.023,21.17,59.5,1350
2026-07-31 19:12:53,lht65-20,52.2507,5.97306,3.023,20.42,62.3,836
2026-07-31 19:22:53,lht65-20,52.2507,5.97306,3.021,19.86,65.5,397
2026-07-31 19:42:53,lht65-20,52.2507,5.97306,3.021,18.77,71.0,56
2026-07-31 19:52:53,lht65-20,52.2507,5.97306,3.023,18.26,73.3,15
2026-07-31 20:02:53,lht65-20,52.2507,5.97306,3.018,17.86,75.0,3
2026-07-31 20:12:53,lht65-20,52.2507,5.97306,3.021,17.48,76.9,0
2026-07-31 20:22:53,lht65-20,52.2507,5.97306,3.019,17.37,78.2,0
2026-07-31 20:32:53,lht65-20,52.2507,5.97306,3.019,17.18,79.2,0
2026-07-31 20:42:53,lht65-20,52.2507,5.97306,3.021,17.12,80.0,0
2026-07-31 20:52:53,lht65-20,52.2507,5.97306,3.018,16.94,80.9,0
2026-07-31 21:02:53,lht65-20,52.2507,5.97306,3.018,16.7,82.0,0
2026-07-31 21:12:53,lht65-20,52.2507,5.97306,3.018,16.58,82.5,0
2026-07-31 21:22:53,lht65-20,52.2507,5.97306,3.018,16.39,83.4,0
2026-07-31 21:32:53,lht65-20,52.2507,5.97306,3.018,16.29,84.0,0
2026-07-31 21:42:53,lht65-20,52.2507,5.97306,3.018,16.11,84.9,0
2026-07-31 21:52:53,lht65-20,52.2507,5.97306,3.018,16.0,85.2,0
2026-07-31 22:02:53,lht65-20,52.2507,5.97306,3.016,15.79,85.9,0
2026-07-31 22:12:53,lht65-20,52.2507,5.97306,3.016,15.67,86.6,0
2026-07-31 22:22:53,lht65-20,52.2507,5.97306,3.016,15.45,87.3,0
2026-07-31 22:32:53,lht65-20,52.2507,5.97306,3.016,15.28,88.1,0
2026-07-31 22:42:53,lht65-20,52.2507,5.97306,3.018,15.09,88.6,0
2026-07-31 22:52:53,lht65-20,52.2507,5.97306,3.016,14.81,89.8,0
2026-07-31 23:02:53,lht65-20,52.2507,5.97306,3.016,14.61,90.2,0
2026-07-31 23:12:53,lht65-20,52.2507,5.97306,3.016,14.32,91.0,0
2026-07-31 23:22:53,lht65-20,52.2507,5.97306,3.016,14.18,92.1,0
2026-07-31 23:32:53,lht65-20,52.2507,5.97306,3.014,13.97,92.4,0
2026-07-31 23:42:53,lht65-20,52.2507,5.97306,3.016,13.98,93.4,0
2026-07-31 23:52:53,lht65-20,52.2507,5.97306,3.014,13.61,92.9,0
2026-08-01 00:02:53,lht65-20,52.2507,5.97306,3.012,13.1,92.7,0
2026-08-01 00:12:53,lht65-20,52.2507,5.97306,3.012,12.98,93.7,0
2026-08-01 00:22:53,lht65-20,52.2507,5.97306,3.012,12.76,94.1,0
2026-08-01 00:32:53,lht65-20,52.2507,5.97306,3.012,12.63,94.5,0
2026-08-01 00:42:53,lht65-20,52.2507,5.97306,3.012,12.0,94.2,0
2026-08-01 00:52:53,lht65-20,52.2507,5.97306,3.012,12.2,94.7,0
2026-08-01 01:02:53,lht65-20,52.2507,5.97306,3.012,12.04,95.1,0
2026-08-01 01:12:53,lht65-20,52.2507,5.97306,3.01,11.56,95.3,0
2026-08-01 01:22:53,lht65-20,52.2507,5.97306,3.012,11.23,95.4,0
2026-08-01 01:32:53,lht65-20,52.2507,5.97306,3.009,10.71,95.3,0
2026-08-01 01:42:53,lht65-20,52.2507,5.97306,3.009,10.59,95.4,0
2026-08-01 01:52:53,lht65-20,52.2507,5.97306,3.009,10.41,95.6,0
2026-08-01 02:02:53,lht65-20,52.2507,5.97306,3.009,10.41,95.8,0
2026-08-01 02:12:53,lht65-20,52.2507,5.97306,3.009,10.6,96.0,0
2026-08-01 02:22:53,lht65-20,52.2507,5.97306,3.009,10.52,96.2,0
2026-08-01 02:32:53,lht65-20,52.2507,5.97306,3.009,10.27,96.3,0
2026-08-01 02:42:53,lht65-20,52.2507,5.97306,3.007,9.87,96.4,0
2026-08-01 02:52:53,lht65-20,52.2507,5.97306,3.005,9.56,96.4,0
2026-08-01 03:02:53,lht65-20,52.2507,5.97306,3.005,9.33,96.5,0
2026-08-01 03:12:53,lht65-20,52.2507,5.97306,3.007,9.7,96.6,0
2026-08-01 03:22:53,lht65-20,52.2507,5.97306,3.007,10.05,96.7,2
2026-08-01 03:32:53,lht65-20,52.2507,5.97306,3.007,10.08,96.8,10
2026-08-01 03:42:53,lht65-20,52.2507,5.97306,3.007,10.15,96.8,36
2026-08-01 03:52:53,lht65-20,52.2507,5.97306,3.009,10.06,96.9,90
2026-08-01 04:02:53,lht65-20,52.2507,5.97306,3.007,9.58,97.0,180
2026-08-01 04:12:53,lht65-20,52.2507,5.97306,3.005,9.86,97.1,361
2026-08-01 04:22:53,lht65-20,52.2507,5.97306,3.005,9.91,97.1,646
2026-08-01 04:32:53,lht65-20,52.2507,5.97306,3.005,10.02,97.2,1031
2026-08-01 04:42:53,lht65-20,52.2507,5.97306,3.007,10.25,97.2,1679
2026-08-01 04:52:53,lht65-20,52.2507,5.97306,3.005,10.46,97.2,2120
2026-08-01 05:02:53,lht65-20,52.2507,5.97306,3.009,10.63,97.3,2340
2026-08-01 05:12:53,lht65-20,52.2507,5.97306,3.009,11.04,97.3,2920
2026-08-01 05:22:53,lht65-20,52.2507,5.97306,3.009,11.4,97.3,3309
2026-08-01 05:32:53,lht65-20,52.2507,5.97306,3.01,12.0,97.3,3933
2026-08-01 05:42:53,lht65-20,52.2507,5.97306,3.009,12.5,97.3,4441
2026-08-01 05:52:53,lht65-20,52.2507,5.97306,3.009,12.86,97.3,4667
2026-08-01 06:02:53,lht65-20,52.2507,5.97306,3.012,13.27,97.2,5225
2026-08-01 06:12:53,lht65-20,52.2507,5.97306,3.012,13.73,97.2,5645
2026-08-01 06:22:53,lht65-20,52.2507,5.97306,3.012,14.02,97.2,6986
2026-08-01 06:32:53,lht65-20,52.2507,5.97306,3.012,14.4,97.2,6892
2026-08-01 06:42:53,lht65-20,52.2507,5.97306,3.012,14.76,97.1,8173
2026-08-01 06:52:53,lht65-20,52.2507,5.97306,3.012,15.1,97.1,9835
2026-08-01 07:02:53,lht65-20,52.2507,5.97306,3.012,15.88,96.8,13925
2026-08-01 07:12:53,lht65-20,52.2507,5.97306,3.012,16.0,94.5,9563
2026-08-01 07:22:53,lht65-20,52.2507,5.97306,3.014,16.19,89.5,11207
2026-08-01 07:32:53,lht65-20,52.2507,5.97306,3.014,16.97,87.6,11188
2026-08-01 07:42:53,lht65-20,52.2507,5.97306,3.014,17.5,85.5,12571
2026-08-01 07:52:53,lht65-20,52.2507,5.97306,3.014,17.7,81.9,24574
2026-08-01 08:02:53,lht65-20,52.2507,5.97306,3.016,18.79,79.0,27607
2026-08-01 08:12:53,lht65-20,52.2507,5.97306,3.018,19.31,75.0,26360
2026-08-01 08:22:53,lht65-20,52.2507,5.97306,3.016,19.73,71.3,26710
2026-08-01 08:32:53,lht65-20,52.2507,5.97306,3.018,19.91,69.9,27020
2026-08-01 08:42:53,lht65-20,52.2507,5.97306,3.018,20.48,68.1,27467
2026-08-01 08:52:54,lht65-20,52.2507,5.97306,3.018,20.68,67.5,28362
2026-08-01 09:02:53,lht65-20,52.2507,5.97306,3.018,21.28,65.3,29160
2026-08-01 09:12:53,lht65-20,52.2507,5.97306,3.018,21.65,63.0,29257
2026-08-01 09:22:53,lht65-20,52.2507,5.97306,3.018,21.89,60.4,29841
2026-08-01 09:32:54,lht65-20,52.2507,5.97306,3.018,22.77,57.2,30490
2026-08-01 09:42:53,lht65-20,52.2507,5.97306,3.019,22.93,53.1,31199
2026-08-01 09:52:53,lht65-20,52.2507,5.97306,3.019,23.19,55.1,31658
2026-08-01 10:02:54,lht65-20,52.2507,5.97306,3.019,23.5,48.6,32885
2026-08-01 10:12:53,lht65-20,52.2507,5.97306,3.018,23.67,46.2,34597
2026-08-01 10:22:53,lht65-20,52.2507,5.97306,3.018,23.94,43.9,37448
2026-08-01 10:32:53,lht65-20,52.2507,5.97306,3.021,24.54,42.5,37142
2026-08-01 10:42:53,lht65-20,52.2507,5.97306,3.019,23.71,45.1,37795
2026-08-01 10:52:53,lht65-20,52.2507,5.97306,3.021,24.25,44.8,24248
2026-08-01 11:02:53,lht65-20,52.2507,5.97306,3.019,24.4,45.3,13269
2026-08-01 11:12:53,lht65-20,52.2507,5.97306,3.019,23.47,45.0,15400
2026-08-01 11:22:53,lht65-20,52.2507,5.97306,3.018,22.94,47.6,9614
2026-08-01 11:32:53,lht65-20,52.2507,5.97306,3.019,23.76,46.2,37804
2026-08-01 11:42:53,lht65-20,52.2507,5.97306,3.019,23.69,44.8,13011
2026-08-01 11:52:53,lht65-20,52.2507,5.97306,3.021,23.99,43.7,12274
2026-08-01 12:02:53,lht65-20,52.2507,5.97306,3.019,24.61,44.4,35124
2026-08-01 12:12:53,lht65-20,52.2507,5.97306,3.019,24.24,44.1,13034
2026-08-01 12:22:53,lht65-20,52.2507,5.97306,3.019,23.88,44.9,38605
2026-08-01 12:32:53,lht65-20,52.2507,5.97306,3.021,25.14,41.8,36306
2026-08-01 12:42:53,lht65-20,52.2507,5.97306,3.023,24.02,41.7,10175
2026-08-01 12:52:53,lht65-20,52.2507,5.97306,3.021,23.93,43.0,12650
2026-08-01 13:02:53,lht65-20,52.2507,5.97306,3.019,25.06,40.5,14822
2026-08-01 13:12:53,lht65-20,52.2507,5.97306,3.023,25.8,41.8,39522
2026-08-01 13:22:53,lht65-20,52.2507,5.97306,3.021,26.74,36.4,36173
2026-08-01 13:32:53,lht65-20,52.2507,5.97306,3.021,25.74,37.2,13783
2026-08-01 13:42:53,lht65-20,52.2507,5.97306,3.021,25.4,37.5,8982
2026-08-01 14:02:53,lht65-20,52.2507,5.97306,3.021,24.32,43.0,13357
2026-08-01 14:12:53,lht65-20,52.2507,5.97306,3.021,23.95,42.1,10191
2026-08-01 14:22:53,lht65-20,52.2507,5.97306,3.021,23.8,41.5,11778
2026-08-01 14:32:54,lht65-20,52.2507,5.97306,3.019,24.16,43.2,17427
2026-08-01 14:42:53,lht65-20,52.2507,5.97306,3.021,24.67,41.6,18212
2026-08-01 14:52:53,lht65-20,52.2507,5.97306,3.023,25.43,39.3,17747
2026-08-01 15:02:53,lht65-20,52.2507,5.97306,3.023,26.04,37.1,19805
2026-08-01 15:12:53,lht65-20,52.2507,5.97306,3.021,26.71,37.0,30775
2026-08-01 15:22:53,lht65-20,52.2507,5.97306,3.023,27.19,38.5,28950
2026-08-01 15:32:53,lht65-20,52.2507,5.97306,3.023,25.95,39.2,11005
2026-08-01 15:42:53,lht65-20,52.2507,5.97306,3.023,25.36,38.0,23974
2026-08-01 15:52:53,lht65-20,52.2507,5.97306,3.023,26.41,37.2,23485
2026-08-01 16:02:53,lht65-20,52.2507,5.97306,3.023,26.44,37.9,22945
2026-08-01 16:12:53,lht65-20,52.2507,5.97306,3.023,25.13,40.5,21930
2026-08-01 16:22:53,lht65-20,52.2507,5.97306,3.023,26.26,37.3,21977
2026-08-01 16:32:53,lht65-20,52.2507,5.97306,3.023,26.53,37.5,18208
2026-08-01 16:42:53,lht65-20,52.2507,5.97306,3.023,26.7,36.6,20133
2026-08-01 16:52:53,lht65-20,52.2507,5.97306,3.023,26.04,37.5,8235
2026-08-01 17:02:53,lht65-20,52.2507,5.97306,3.023,24.72,40.4,7378
2026-08-01 17:12:53,lht65-20,52.2507,5.97306,3.023,24.23,44.6,7892
2026-08-01 17:22:53,lht65-20,52.2507,5.97306,3.023,24.43,42.9,7058
2026-08-01 17:32:53,lht65-20,52.2507,5.97306,3.023,24.02,43.8,10576
2026-08-01 17:42:53,lht65-20,52.2507,5.97306,3.023,24.34,43.4,12471
2026-08-01 17:52:53,lht65-20,52.2507,5.97306,3.023,24.49,44.0,9635
2026-08-01 18:02:53,lht65-20,52.2507,5.97306,3.021,24.07,44.7,8093
2026-08-01 18:12:53,lht65-20,52.2507,5.97306,3.023,23.72,45.3,7540
2026-08-01 18:22:53,lht65-20,52.2507,5.97306,3.021,23.82,45.7,6346
2026-08-01 18:32:53,lht65-20,52.2507,5.97306,3.021,23.54,46.5,4650
2026-08-01 18:52:53,lht65-20,52.2507,5.97306,3.021,21.99,51.6,1830
2026-08-01 19:02:53,lht65-20,52.2507,5.97306,3.021,20.92,53.9,1184
2026-08-01 19:12:53,lht65-20,52.2507,5.97306,3.019,19.91,56.0,665
2026-08-01 19:22:53,lht65-20,52.2507,5.97306,3.018,19.02,60.5,306
2026-08-01 19:32:53,lht65-20,52.2507,5.97306,3.018,18.06,63.1,145
2026-08-01 19:42:53,lht65-20,52.2507,5.97306,3.018,17.43,72.4,48
2026-08-01 19:52:53,lht65-20,52.2507,5.97306,3.016,16.72,71.4,11
2026-08-01 20:02:53,lht65-20,52.2507,5.97306,3.016,16.15,74.1,2
2026-08-01 20:12:53,lht65-20,52.2507,5.97306,3.016,15.23,76.1,0
2026-08-01 20:22:53,lht65-20,52.2507,5.97306,3.012,14.76,79.4,0
2026-08-01 20:32:53,lht65-20,52.2507,5.97306,3.014,14.46,82.3,0
2026-08-01 20:42:53,lht65-20,52.2507,5.97306,3.014,14.26,81.8,0
2026-08-01 20:52:53,lht65-20,52.2507,5.97306,3.014,13.9,84.3,0
2026-08-01 21:02:53,lht65-20,52.2507,5.97306,3.012,13.58,85.5,0
2026-08-01 21:12:53,lht65-20,52.2507,5.97306,3.014,13.54,85.0,0
2026-08-01 21:22:53,lht65-20,52.2507,5.97306,3.012,13.45,86.0,0
2026-08-01 21:32:53,lht65-20,52.2507,5.97306,3.012,13.31,86.1,0
2026-08-01 21:42:53,lht65-20,52.2507,5.97306,3.012,13.13,87.1,0
2026-08-01 21:52:53,lht65-20,52.2507,5.97306,3.012,12.94,87.9,0
2026-08-01 22:02:53,lht65-20,52.2507,5.97306,3.012,12.88,88.3,0
2026-08-01 22:12:53,lht65-20,52.2507,5.97306,3.012,12.59,89.2,0
2026-08-01 22:22:53,lht65-20,52.2507,5.97306,3.012,12.21,89.3,0
2026-08-01 22:32:53,lht65-20,52.2507,5.97306,3.009,12.09,91.2,0
2026-08-01 22:42:53,lht65-20,52.2507,5.97306,3.009,11.84,91.7,0
2026-08-01 22:52:53,lht65-20,52.2507,5.97306,3.009,11.77,92.8,0
2026-08-01 23:02:53,lht65-20,52.2507,5.97306,3.009,11.75,93.0,0
2026-08-01 23:12:53,lht65-20,52.2507,5.97306,3.009,11.53,92.6,0
2026-08-01 23:22:53,lht65-20,52.2507,5.97306,3.009,11.49,92.9,0
2026-08-01 23:32:53,lht65-20,52.2507,5.97306,3.009,11.52,93.0,0
2026-08-01 23:42:53,lht65-20,52.2507,5.97306,3.009,11.4,92.1,0
2026-08-01 23:52:53,lht65-20,52.2507,5.97306,3.009,11.4,92.9,0
2026-08-02 00:02:53,lht65-20,52.2507,5.97306,3.009,11.54,93.4,0
2026-08-02 00:12:53,lht65-20,52.2507,5.97306,3.009,11.55,93.2,0
2026-08-02 00:22:53,lht65-20,52.2507,5.97306,3.009,11.47,93.1,0
2026-08-02 00:32:53,lht65-20,52.2507,5.97306,3.009,11.4,93.0,0
2026-08-02 00:42:53,lht65-20,52.2507,5.97306,3.007,11.18,92.8,0
2026-08-02 00:52:53,lht65-20,52.2507,5.97306,3.005,11.0,93.2,0
2026-08-02 01:02:53,lht65-20,52.2507,5.97306,3.009,10.92,93.9,0
2026-08-02 01:12:53,lht65-20,52.2507,5.97306,3.007,10.76,93.9,0
2026-08-02 01:22:53,lht65-20,52.2507,5.97306,3.009,10.66,94.1,0
2026-08-02 01:32:53,lht65-20,52.2507,5.97306,3.007,10.55,94.5,0
2026-08-02 01:42:53,lht65-20,52.2507,5.97306,3.003,10.31,94.4,0
2026-08-02 01:52:53,lht65-20,52.2507,5.97306,3.005,9.95,94.1,0
2026-08-02 02:02:53,lht65-20,52.2507,5.97306,3.003,10.06,94.8,0
2026-08-02 02:12:53,lht65-20,52.2507,5.97306,3.003,9.78,95.2,0
2026-08-02 02:22:53,lht65-20,52.2507,5.97306,3.005,9.84,95.4,0
2026-08-02 02:32:53,lht65-20,52.2507,5.97306,3.005,9.86,95.6,0
2026-08-02 02:42:53,lht65-20,52.2507,5.97306,3.003,9.86,95.9,0
2026-08-02 02:52:53,lht65-20,52.2507,5.97306,3.003,9.61,96.0,0
2026-08-02 03:02:53,lht65-20,52.2507,5.97306,3.001,9.67,96.1,0
2026-08-02 03:12:53,lht65-20,52.2507,5.97306,3.001,9.68,96.2,0
2026-08-02 03:22:53,lht65-20,52.2507,5.97306,3.003,9.48,96.4,2
2026-08-02 03:32:53,lht65-20,52.2507,5.97306,3.001,9.42,96.5,10
2026-08-02 03:42:53,lht65-20,52.2507,5.97306,3.001,9.43,96.6,42
2026-08-02 03:52:53,lht65-20,52.2507,5.97306,3.001,9.34,96.7,113
2026-08-02 04:02:53,lht65-20,52.2507,5.97306,3.001,9.3,96.7,264
2026-08-02 04:12:53,lht65-20,52.2507,5.97306,3.001,9.12,96.8,580
2026-08-02 04:22:53,lht65-20,52.2507,5.97306,3.001,9.13,96.8,1045
2026-08-02 04:32:53,lht65-20,52.2507,5.97306,3.001,9.44,96.9,1691
2026-08-02 04:42:54,lht65-20,52.2507,5.97306,3.001,9.78,96.9,2310
2026-08-02 04:52:54,lht65-20,52.2507,5.97306,3.001,10.02,97.0,2932
2026-08-02 05:02:53,lht65-20,52.2507,5.97306,3.001,10.4,97.0,4257
2026-08-02 05:12:53,lht65-20,52.2507,5.97306,3.005,11.33,97.1,6536
2026-08-02 05:22:53,lht65-20,52.2507,5.97306,3.005,12.28,96.9,7486
2026-08-02 05:32:53,lht65-20,52.2507,5.97306,3.007,12.92,96.2,8078
2026-08-02 05:42:53,lht65-20,52.2507,5.97306,3.009,13.69,93.8,9706
2026-08-02 05:52:53,lht65-20,52.2507,5.97306,3.009,14.63,90.9,10905
2026-08-02 06:02:53,lht65-20,52.2507,5.97306,3.01,15.35,85.3,9840
2026-08-02 06:12:54,lht65-20,52.2507,5.97306,3.01,15.91,82.4,9481
2026-08-02 06:22:53,lht65-20,52.2507,5.97306,3.01,16.17,80.8,10355
2026-08-02 06:32:53,lht65-20,52.2507,5.97306,3.012,16.81,77.9,16202
2026-08-02 06:52:53,lht65-20,52.2507,5.97306,3.012,18.03,73.1,13570
2026-08-02 07:02:54,lht65-20,52.2507,5.97306,3.014,18.12,73.2,11580
2026-08-02 07:12:53,lht65-20,52.2507,5.97306,3.012,18.24,72.4,10018
2026-08-02 07:22:53,lht65-20,52.2507,5.97306,3.014,18.09,74.1,16154
2026-08-02 07:32:54,lht65-20,52.2507,5.97306,3.014,18.63,71.7,17215
2026-08-02 07:42:53,lht65-20,52.2507,5.97306,3.014,19.38,68.9,22721
2026-08-02 07:52:53,lht65-20,52.2507,5.97306,3.016,20.12,66.4,24013
2026-08-02 08:02:53,lht65-20,52.2507,5.97306,3.016,20.95,65.5,24883
2026-08-02 08:22:53,lht65-20,52.2507,5.97306,3.016,22.38,56.0,26333
2026-08-02 08:32:53,lht65-20,52.2507,5.97306,3.018,22.68,54.3,26962
2026-08-02 08:42:53,lht65-20,52.2507,5.97306,3.018,23.17,52.5,27541
2026-08-02 08:52:53,lht65-20,52.2507,5.97306,3.016,23.65,49.2,28135
2026-08-02 09:02:53,lht65-20,52.2507,5.97306,3.018,24.23,45.7,28737
2026-08-02 09:12:53,lht65-20,52.2507,5.97306,3.018,24.6,44.7,29415
2026-08-02 09:22:53,lht65-20,52.2507,5.97306,3.016,24.84,43.5,30010
2026-08-02 09:32:53,lht65-20,52.2507,5.97306,3.016,25.48,42.3,30766
2026-08-02 09:52:53,lht65-20,52.2507,5.97306,3.018,25.59,39.9,32128
2026-08-02 10:02:53,lht65-20,52.2507,5.97306,3.018,26.12,39.8,32638
2026-08-02 10:12:53,lht65-20,52.2507,5.97306,3.019,26.17,37.9,31128
2026-08-02 10:22:53,lht65-20,52.2507,5.97306,3.019,26.62,36.7,33240
2026-08-02 10:32:53,lht65-20,52.2507,5.97306,3.018,26.91,37.1,34070
2026-08-02 10:42:53,lht65-20,52.2507,5.97306,3.021,27.33,35.4,33236
2026-08-02 10:52:53,lht65-20,52.2507,5.97306,3.019,27.68,35.1,32989
2026-08-02 11:02:53,lht65-20,52.2507,5.97306,3.019,27.28,35.3,34027
2026-08-02 11:12:53,lht65-20,52.2507,5.97306,3.019,27.82,35.3,34129
2026-08-02 11:22:53,lht65-20,52.2507,5.97306,3.019,27.88,33.6,33464
2026-08-02 11:32:53,lht65-20,52.2507,5.97306,3.021,28.36,34.6,33925
2026-08-02 11:42:53,lht65-20,52.2507,5.97306,3.019,28.36,31.4,31048
2026-08-02 11:52:53,lht65-20,52.2507,5.97306,3.021,28.34,32.8,35221
2026-08-02 12:02:53,lht65-20,52.2507,5.97306,3.023,28.1,33.5,34695
2026-08-02 12:12:53,lht65-20,52.2507,5.97306,3.021,27.93,33.2,33868
2026-08-02 12:22:53,lht65-20,52.2507,5.97306,3.023,27.87,32.1,31709
2026-08-02 12:32:53,lht65-20,52.2507,5.97306,3.023,28.12,32.2,34554
2026-08-02 12:42:53,lht65-20,52.2507,5.97306,3.021,28.3,32.0,34006
2026-08-02 12:52:53,lht65-20,52.2507,5.97306,3.023,29.0,31.8,33342
2026-08-02 13:02:53,lht65-20,52.2507,5.97306,3.021,28.91,31.8,33099
2026-08-02 13:12:53,lht65-20,52.2507,5.97306,3.021,28.59,32.5,32064
2026-08-02 13:22:53,lht65-20,52.2507,5.97306,3.019,28.35,32.5,31611
2026-08-02 13:32:53,lht65-20,52.2507,5.97306,3.021,28.26,33.9,30778
2026-08-02 13:42:53,lht65-20,52.2507,5.97306,3.023,28.04,33.5,30578
2026-08-02 13:52:53,lht65-20,52.2507,5.97306,3.023,28.25,33.5,30717
2026-08-02 14:02:53,lht65-20,52.2507,5.97306,3.023,28.04,34.3,30481
2026-08-02 14:12:53,lht65-20,52.2507,5.97306,3.023,28.27,34.7,29808
2026-08-02 14:22:53,lht65-20,52.2507,5.97306,3.023,28.39,33.4,26566
2026-08-02 14:32:53,lht65-20,52.2507,5.97306,3.023,28.93,34.1,28279
2026-08-02 14:42:53,lht65-20,52.2507,5.97306,3.023,28.78,33.9,27784
2026-08-02 14:52:53,lht65-20,52.2507,5.97306,3.023,28.52,34.3,27475
2026-08-02 15:02:53,lht65-20,52.2507,5.97306,3.023,28.56,34.6,23565
2026-08-02 15:12:53,lht65-20,52.2507,5.97306,3.023,28.48,33.6,22350
2026-08-02 15:22:53,lht65-20,52.2507,5.97306,3.021,28.1,35.2,25233
2026-08-02 15:32:53,lht65-20,52.2507,5.97306,3.023,28.47,34.1,25353
2026-08-02 15:42:53,lht65-20,52.2507,5.97306,3.023,28.66,33.3,25197
2026-08-02 15:52:53,lht65-20,52.2507,5.97306,3.023,28.91,33.6,21481
2026-08-02 16:02:53,lht65-20,52.2507,5.97306,3.023,28.71,33.5,23110
2026-08-02 16:12:53,lht65-20,52.2507,5.97306,3.023,28.7,34.1,23586
2026-08-02 16:22:53,lht65-20,52.2507,5.97306,3.023,28.66,35.9,22675
2026-08-02 16:32:53,lht65-20,52.2507,5.97306,3.023,27.94,34.8,20816
2026-08-02 16:42:53,lht65-20,52.2507,5.97306,3.023,28.48,35.9,20141
2026-08-02 16:52:53,lht65-20,52.2507,5.97306,3.023,28.76,34.4,18484
2026-08-02 17:02:53,lht65-20,52.2507,5.97306,3.023,28.6,35.2,17292
2026-08-02 17:12:53,lht65-20,52.2507,5.97306,3.025,28.2,36.3,16431
2026-08-02 17:22:53,lht65-20,52.2507,5.97306,3.023,27.78,36.4,14099
2026-08-02 17:32:53,lht65-20,52.2507,5.97306,3.023,27.44,36.6,13744
2026-08-02 17:42:53,lht65-20,52.2507,5.97306,3.023,27.34,37.4,10708
2026-08-02 17:52:53,lht65-20,52.2507,5.97306,3.023,26.88,38.7,10549
2026-08-02 18:02:53,lht65-20,52.2507,5.97306,3.023,26.61,40.1,8115
2026-08-02 18:12:53,lht65-20,52.2507,5.97306,3.023,26.05,41.5,4545
2026-08-02 18:22:53,lht65-20,52.2507,5.97306,3.023,25.08,43.6,4106
2026-08-02 18:32:53,lht65-20,52.2507,5.97306,3.023,24.47,45.4,3075
2026-08-02 18:42:53,lht65-20,52.2507,5.97306,3.023,23.84,46.5,1951
2026-08-02 18:52:53,lht65-20,52.2507,5.97306,3.023,23.44,48.7,1408
2026-08-02 19:02:53,lht65-20,52.2507,5.97306,3.023,22.95,49.7,799
2026-08-02 19:12:53,lht65-20,52.2507,5.97306,3.021,22.42,50.5,450
2026-08-02 19:22:53,lht65-20,52.2507,5.97306,3.023,22.12,50.8,200
2026-08-02 19:32:53,lht65-20,52.2507,5.97306,3.023,21.75,51.6,83
2026-08-02 19:42:53,lht65-20,52.2507,5.97306,3.021,21.37,52.9,27
2026-08-02 19:52:53,lht65-20,52.2507,5.97306,3.019,21.12,53.9,6
2026-08-02 20:02:53,lht65-20,52.2507,5.97306,3.019,20.73,54.7,1
2026-08-02 20:12:53,lht65-20,52.2507,5.97306,3.019,20.64,55.2,0
2026-08-02 20:22:53,lht65-20,52.2507,5.97306,3.021,20.48,56.0,0
2026-08-02 20:32:53,lht65-20,52.2507,5.97306,3.019,20.49,55.5,0
2026-08-02 20:42:53,lht65-20,52.2507,5.97306,3.021,20.41,56.3,0
2026-08-02 20:52:53,lht65-20,52.2507,5.97306,3.021,20.27,56.9,0
2026-08-02 21:02:53,lht65-20,52.2507,5.97306,3.019,20.26,56.9,0
2026-08-02 21:12:53,lht65-20,52.2507,5.97306,3.019,20.17,57.4,0
2026-08-02 21:22:53,lht65-20,52.2507,5.97306,3.021,20.04,57.3,0
2026-08-02 21:32:53,lht65-20,52.2507,5.97306,3.018,19.81,58.1,0
2026-08-02 21:42:53,lht65-20,52.2507,5.97306,3.021,19.48,58.4,0
2026-08-02 21:52:53,lht65-20,52.2507,5.97306,3.019,19.24,59.1,0
2026-08-02 22:02:53,lht65-20,52.2507,5.97306,3.018,18.89,59.8,0
2026-08-02 22:12:53,lht65-20,52.2507,5.97306,3.018,18.68,60.4,0
2026-08-02 22:22:53,lht65-20,52.2507,5.97306,3.019,18.45,60.7,0
2026-08-02 22:32:53,lht65-20,52.2507,5.97306,3.018,18.27,61.1,0
2026-08-02 22:42:53,lht65-20,52.2507,5.97306,3.018,18.1,61.4,0
2026-08-02 22:52:53,lht65-20,52.2507,5.97306,3.018,17.95,62.2,0
2026-08-02 23:02:53,lht65-20,52.2507,5.97306,3.016,17.75,63.2,0
2026-08-02 23:12:53,lht65-20,52.2507,5.97306,3.016,17.76,63.4,0
2026-08-02 23:22:53,lht65-20,52.2507,5.97306,3.018,17.62,63.8,0
2026-08-02 23:32:53,lht65-20,52.2507,5.97306,3.019,17.79,62.8,0
2026-08-02 23:42:53,lht65-20,52.2507,5.97306,3.016,17.89,62.4,0
2026-08-02 23:52:53,lht65-20,52.2507,5.97306,3.018,17.85,63.0,0
2026-08-03 00:02:53,lht65-20,52.2507,5.97306,3.018,17.72,62.8,0
2026-08-03 00:12:53,lht65-20,52.2507,5.97306,3.016,17.54,63.2,0
2026-08-03 00:22:53,lht65-20,52.2507,5.97306,3.016,17.41,64.0,0
2026-08-03 00:32:53,lht65-20,52.2507,5.97306,3.016,17.22,63.6,0
2026-08-03 00:42:53,lht65-20,52.2507,5.97306,3.016,16.93,64.8,0
2026-08-03 00:52:53,lht65-20,52.2507,5.97306,3.016,16.53,67.1,0
2026-08-03 01:02:53,lht65-20,52.2507,5.97306,3.016,16.02,68.3,0
2026-08-03 01:12:53,lht65-20,52.2507,5.97306,3.014,15.7,69.6,0
2026-08-03 01:22:53,lht65-20,52.2507,5.97306,3.016,15.38,70.8,0
2026-08-03 01:32:53,lht65-20,52.2507,5.97306,3.014,15.2,71.2,0
2026-08-03 01:42:53,lht65-20,52.2507,5.97306,3.016,15.04,72.1,0
2026-08-03 01:52:53,lht65-20,52.2507,5.97306,3.014,14.85,73.2,0
2026-08-03 02:02:53,lht65-20,52.2507,5.97306,3.014,14.72,75.6,0
2026-08-03 02:12:53,lht65-20,52.2507,5.97306,3.012,14.44,75.2,0
2026-08-03 02:22:53,lht65-20,52.2507,5.97306,3.012,14.13,76.0,0
2026-08-03 02:32:53,lht65-20,52.2507,5.97306,3.014,14.13,76.2,0
2026-08-03 02:42:53,lht65-20,52.2507,5.97306,3.012,14.01,77.0,0
2026-08-03 02:52:53,lht65-20,52.2507,5.97306,3.014,13.96,77.3,0
2026-08-03 03:02:53,lht65-20,52.2507,5.97306,3.012,13.84,77.7,0
2026-08-03 03:12:53,lht65-20,52.2507,5.97306,3.014,13.68,78.4,0
2026-08-03 03:22:53,lht65-20,52.2507,5.97306,3.012,13.43,79.5,1
2026-08-03 03:32:53,lht65-20,52.2507,5.97306,3.012,13.16,81.0,7
2026-08-03 03:42:53,lht65-20,52.2507,5.97306,3.012,13.17,81.9,20
2026-08-03 03:52:53,lht65-20,52.2507,5.97306,3.012,13.38,81.8,49
2026-08-03 04:02:53,lht65-20,52.2507,5.97306,3.012,13.6,82.0,156
2026-08-03 04:12:53,lht65-20,52.2507,5.97306,3.012,13.68,83.8,385
2026-08-03 04:22:53,lht65-20,52.2507,5.97306,3.012,13.56,83.4,712
2026-08-03 04:32:53,lht65-20,52.2507,5.97306,3.012,13.58,82.8,1180
2026-08-03 04:42:53,lht65-20,52.2507,5.97306,3.012,13.63,83.2,1917
2026-08-03 04:52:53,lht65-20,52.2507,5.97306,3.012,13.86,83.6,2511
2026-08-03 05:02:53,lht65-20,52.2507,5.97306,3.012,14.14,83.5,3040
2026-08-03 05:12:53,lht65-20,52.2507,5.97306,3.012,14.94,79.8,5719
2026-08-03 05:22:53,lht65-20,52.2507,5.97306,3.012,16.03,76.6,7590
2026-08-03 05:32:53,lht65-20,52.2507,5.97306,3.014,16.98,71.3,5173
2026-08-03 05:42:53,lht65-20,52.2507,5.97306,3.014,17.03,73.1,5455
2026-08-03 05:52:53,lht65-20,52.2507,5.97306,3.016,17.76,68.8,9398
2026-08-03 06:02:53,lht65-20,52.2507,5.97306,3.016,18.33,68.8,13105
2026-08-03 06:12:53,lht65-20,52.2507,5.97306,3.016,19.28,63.9,14081
2026-08-03 06:22:53,lht65-20,52.2507,5.97306,3.016,20.02,62.5,14991
2026-08-03 06:32:53,lht65-20,52.2507,5.97306,3.018,20.85,58.7,17595
2026-08-03 06:42:53,lht65-20,52.2507,5.97306,3.016,20.96,58.1,10103
2026-08-03 06:52:53,lht65-20,52.2507,5.97306,3.018,21.22,58.5,18286
2026-08-03 07:02:53,lht65-20,52.2507,5.97306,3.018,22.01,56.2,20682
2026-08-03 07:12:53,lht65-20,52.2507,5.97306,3.018,22.54,54.3,20973
2026-08-03 07:22:53,lht65-20,52.2507,5.97306,3.018,22.91,54.4,24193
2026-08-03 07:32:53,lht65-20,52.2507,5.97306,3.019,23.65,51.4,27334
2026-08-03 07:42:53,lht65-20,52.2507,5.97306,3.019,23.65,53.6,13288
2026-08-03 07:52:53,lht65-20,52.2507,5.97306,3.019,23.29,53.3,16184
2026-08-03 08:02:53,lht65-20,52.2507,5.97306,3.018,23.97,52.3,27227
2026-08-03 08:12:53,lht65-20,52.2507,5.97306,3.019,25.08,49.2,28618
2026-08-03 08:22:53,lht65-20,52.2507,5.97306,3.019,25.67,48.0,24975
2026-08-03 08:32:53,lht65-20,52.2507,5.97306,3.021,26.22,47.5,27739
2026-08-03 08:42:53,lht65-20,52.2507,5.97306,3.021,26.74,45.4,27747
2026-08-03 08:52:53,lht65-20,52.2507,5.97306,3.021,27.07,45.9,15093
2026-08-03 09:02:53,lht65-20,52.2507,5.97306,3.019,27.51,43.8,28800
2026-08-03 09:12:53,lht65-20,52.2507,5.97306,3.021,28.31,41.9,28843
2026-08-03 09:22:53,lht65-20,52.2507,5.97306,3.023,28.97,41.3,30561
2026-08-03 09:32:53,lht65-20,52.2507,5.97306,3.021,28.87,41.3,27791
2026-08-03 09:42:53,lht65-20,52.2507,5.97306,3.021,29.43,40.8,30571
2026-08-03 09:52:53,lht65-20,52.2507,5.97306,3.023,29.75,41.9,31010
2026-08-03 10:02:53,lht65-20,52.2507,5.97306,3.023,30.49,38.0,31201
2026-08-03 10:12:53,lht65-20,52.2507,5.97306,3.023,30.79,39.2,31847
2026-08-03 10:22:53,lht65-20,52.2507,5.97306,3.025,30.73,39.6,32160
2026-08-03 10:32:53,lht65-20,52.2507,5.97306,3.025,31.11,39.7,32517
2026-08-03 10:42:53,lht65-20,52.2507,5.97306,3.023,31.47,38.4,33770
2026-08-03 10:52:53,lht65-20,52.2507,5.97306,3.023,32.0,37.2,34034
2026-08-03 11:02:53,lht65-20,52.2507,5.97306,3.025,32.31,37.0,33388
2026-08-03 11:12:53,lht65-20,52.2507,5.97306,3.025,32.34,36.7,34229
2026-08-03 11:22:53,lht65-20,52.2507,5.97306,3.025,32.39,36.3,24670
2026-08-03 11:42:53,lht65-20,52.2507,5.97306,3.025,32.46,36.5,33332
2026-08-03 11:52:53,lht65-20,52.2507,5.97306,3.027,32.96,36.0,35015
2026-08-03 12:02:53,lht65-20,52.2507,5.97306,3.027,33.54,35.1,34176
2026-08-03 12:12:53,lht65-20,52.2507,5.97306,3.027,33.67,34.7,36005
2026-08-03 12:22:53,lht65-20,52.2507,5.97306,3.027,33.89,34.8,32814
2026-08-03 12:32:53,lht65-20,52.2507,5.97306,3.029,34.01,35.0,34221
2026-08-03 12:42:53,lht65-20,52.2507,5.97306,3.027,33.99,35.0,33543
2026-08-03 12:52:53,lht65-20,52.2507,5.97306,3.027,34.32,35.0,31221
2026-08-03 13:02:53,lht65-20,52.2507,5.97306,3.027,33.97,35.8,30585
2026-08-03 13:12:53,lht65-20,52.2507,5.97306,3.029,33.86,37.0,29684
2026-08-03 13:22:53,lht65-20,52.2507,5.97306,3.027,34.38,35.8,26750
2026-08-03 13:32:53,lht65-20,52.2507,5.97306,3.029,33.22,37.4,15531
2026-08-03 13:42:53,lht65-20,52.2507,5.97306,3.029,32.71,38.2,21034
2026-08-03 13:52:53,lht65-20,52.2507,5.97306,3.029,33.49,37.3,31550
2026-08-03 14:02:53,lht65-20,52.2507,5.97306,3.027,34.58,36.6,32760
2026-08-03 14:12:53,lht65-20,52.2507,5.97306,3.029,34.88,36.7,32103
2026-08-03 14:22:53,lht65-20,52.2507,5.97306,3.03,35.41,35.4,31962
2026-08-03 14:32:53,lht65-20,52.2507,5.97306,3.03,35.51,35.8,30751
2026-08-03 14:42:53,lht65-20,52.2507,5.97306,3.03,35.5,30.6,27559
2026-08-03 14:52:53,lht65-20,52.2507,5.97306,3.03,35.88,32.5,29485
2026-08-03 15:02:53,lht65-20,52.2507,5.97306,3.03,36.1,30.1,27050
2026-08-03 15:22:53,lht65-20,52.2507,5.97306,3.03,35.54,28.3,25974
2026-08-03 15:42:53,lht65-20,52.2507,5.97306,3.03,35.37,29.0,24731
2026-08-03 15:52:53,lht65-20,52.2507,5.97306,3.03,35.22,29.9,24382
2026-08-03 16:02:53,lht65-20,52.2507,5.97306,3.032,34.83,29.6,7904
2026-08-03 16:12:53,lht65-20,52.2507,5.97306,3.032,33.54,31.3,9680
2026-08-03 16:22:53,lht65-20,52.2507,5.97306,3.03,33.26,32.5,9964
2026-08-03 16:32:53,lht65-20,52.2507,5.97306,3.032,33.71,30.3,17874
2026-08-03 16:42:53,lht65-20,52.2507,5.97306,3.032,34.08,30.8,9042
2026-08-03 16:52:53,lht65-20,52.2507,5.97306,3.032,33.38,30.8,8043
2026-08-03 17:02:53,lht65-20,52.2507,5.97306,3.03,32.99,31.0,5578
2026-08-03 17:12:53,lht65-20,52.2507,5.97306,3.032,32.56,31.4,4525
2026-08-03 17:22:53,lht65-20,52.2507,5.97306,3.032,32.39,33.6,7541
2026-08-03 17:32:53,lht65-20,52.2507,5.97306,3.03,32.62,34.3,10960
2026-08-03 17:42:53,lht65-20,52.2507,5.97306,3.032,32.96,32.8,9274
2026-08-03 17:52:53,lht65-20,52.2507,5.97306,3.03,32.96,35.0,8695
2026-08-03 18:02:53,lht65-20,52.2507,5.97306,3.032,32.98,35.6,7875
2026-08-03 18:12:53,lht65-20,52.2507,5.97306,3.032,32.63,36.0,5830
2026-08-03 18:22:53,lht65-20,52.2507,5.97306,3.032,32.09,41.1,4626
2026-08-03 18:32:53,lht65-20,52.2507,5.97306,3.032,31.35,42.0,3315
2026-08-03 18:42:53,lht65-20,52.2507,5.97306,3.032,29.98,46.9,2336
2026-08-03 18:52:53,lht65-20,52.2507,5.97306,3.032,29.2,46.2,1673
2026-08-03 19:02:53,lht65-20,52.2507,5.97306,3.032,28.41,48.2,1192
2026-08-03 19:12:53,lht65-20,52.2507,5.97306,3.03,27.76,50.6,664
2026-08-03 19:22:53,lht65-20,52.2507,5.97306,3.03,27.09,55.2,240
2026-08-03 19:32:53,lht65-20,52.2507,5.97306,3.032,26.3,53.9,73
2026-08-03 19:42:53,lht65-20,52.2507,5.97306,3.03,26.42,53.5,19
2026-08-03 19:52:53,lht65-20,52.2507,5.97306,3.03,26.05,55.7,4
2026-08-03 20:02:53,lht65-20,52.2507,5.97306,3.03,25.72,56.4,0
2026-08-03 20:12:53,lht65-20,52.2507,5.97306,3.03,25.3,59.8,0
2026-08-03 20:22:53,lht65-20,52.2507,5.97306,3.03,24.86,59.7,0
2026-08-03 20:32:53,lht65-20,52.2507,5.97306,3.029,24.6,61.1,0
2026-08-03 20:42:53,lht65-20,52.2507,5.97306,3.03,24.55,61.6,0
2026-08-03 20:52:53,lht65-20,52.2507,5.97306,3.03,24.22,62.6,0
2026-08-03 21:02:53,lht65-20,52.2507,5.97306,3.03,23.84,64.4,0
2026-08-03 21:12:53,lht65-20,52.2507,5.97306,3.03,23.61,66.8,0
2026-08-03 21:22:53,lht65-20,52.2507,5.97306,3.03,23.47,69.4,0
2026-08-03 21:32:53,lht65-20,52.2507,5.97306,3.03,23.28,69.7,0
2026-08-03 21:42:53,lht65-20,52.2507,5.97306,3.03,23.08,73.8,0
2026-08-03 21:52:53,lht65-20,52.2507,5.97306,3.03,22.89,74.2,0
2026-08-03 22:02:53,lht65-20,52.2507,5.97306,3.029,22.58,76.4,0
2026-08-03 22:12:53,lht65-20,52.2507,5.97306,3.029,22.36,76.8,0
2026-08-03 22:22:53,lht65-20,52.2507,5.97306,3.029,22.45,77.2,0
2026-08-03 22:32:53,lht65-20,52.2507,5.97306,3.029,22.69,75.9,0
2026-08-03 22:42:53,lht65-20,52.2507,5.97306,3.029,22.49,80.1,0
2026-08-03 22:52:53,lht65-20,52.2507,5.97306,3.029,21.84,84.5,0
2026-08-03 23:02:53,lht65-20,52.2507,5.97306,3.03,21.44,87.4,0
2026-08-03 23:12:53,lht65-20,52.2507,5.97306,3.029,21.49,88.1,0
2026-08-03 23:22:53,lht65-20,52.2507,5.97306,3.027,21.52,85.5,0
2026-08-03 23:32:53,lht65-20,52.2507,5.97306,3.027,21.4,85.2,0
2026-08-03 23:42:53,lht65-20,52.2507,5.97306,3.027,21.38,84.3,0
2026-08-03 23:52:53,lht65-20,52.2507,5.97306,3.029,21.34,84.5,0
2026-08-04 00:02:53,lht65-20,52.2507,5.97306,3.029,21.2,85.7,0
2026-08-04 00:12:53,lht65-20,52.2507,5.97306,3.027,21.05,86.5,0
2026-08-04 00:22:53,lht65-20,52.2507,5.97306,3.027,20.84,87.3,0
2026-08-04 00:32:53,lht65-20,52.2507,5.97306,3.027,20.56,88.6,0
2026-08-04 00:42:53,lht65-20,52.2507,5.97306,3.027,20.29,89.9,0
2026-08-04 00:52:53,lht65-20,52.2507,5.97306,3.027,20.22,90.7,0
2026-08-04 01:02:53,lht65-20,52.2507,5.97306,3.027,20.13,91.0,0
2026-08-04 01:12:53,lht65-20,52.2507,5.97306,3.027,20.06,91.6,0
2026-08-04 01:22:53,lht65-20,52.2507,5.97306,3.027,20.05,92.1,0
2026-08-04 01:32:53,lht65-20,52.2507,5.97306,3.029,20.02,92.5,0
2026-08-04 01:42:53,lht65-20,52.2507,5.97306,3.027,19.92,92.9,0
2026-08-04 01:52:53,lht65-20,52.2507,5.97306,3.027,19.86,93.3,0
2026-08-04 02:02:53,lht65-20,52.2507,5.97306,3.027,19.86,93.6,0
2026-08-04 02:12:53,lht65-20,52.2507,5.97306,3.027,19.88,93.8,0
2026-08-04 02:22:53,lht65-20,52.2507,5.97306,3.027,19.86,93.9,0
2026-08-04 02:32:53,lht65-20,52.2507,5.97306,3.027,19.8,94.1,0
2026-08-04 02:42:53,lht65-20,52.2507,5.97306,3.027,19.81,94.3,0
2026-08-04 02:52:53,lht65-20,52.2507,5.97306,3.027,19.92,94.3,0
2026-08-04 03:02:53,lht65-20,52.2507,5.97306,3.027,20.05,94.2,0
2026-08-04 03:12:53,lht65-20,52.2507,5.97306,3.027,20.12,94.1,0
2026-08-04 03:22:53,lht65-20,52.2507,5.97306,3.027,20.2,94.1,0
2026-08-04 03:32:53,lht65-20,52.2507,5.97306,3.027,20.34,94.2,0
2026-08-04 03:42:53,lht65-20,52.2507,5.97306,3.027,20.33,94.1,5
2026-08-04 03:52:53,lht65-20,52.2507,5.97306,3.027,20.24,94.0,17
2026-08-04 04:02:53,lht65-20,52.2507,5.97306,3.027,20.31,94.4,40
2026-08-04 04:12:53,lht65-20,52.2507,5.97306,3.027,20.25,94.5,72
2026-08-04 04:22:53,lht65-20,52.2507,5.97306,3.027,20.13,94.5,129
2026-08-04 04:32:53,lht65-20,52.2507,5.97306,3.027,20.09,94.6,221
2026-08-04 04:42:53,lht65-20,52.2507,5.97306,3.027,20.11,94.8,318
2026-08-04 04:52:53,lht65-20,52.2507,5.97306,3.027,20.08,94.9,315
2026-08-04 05:02:53,lht65-20,52.2507,5.97306,3.027,20.06,95.1,526
2026-08-04 05:12:53,lht65-20,52.2507,5.97306,3.027,20.07,95.1,1166
2026-08-04 05:22:53,lht65-20,52.2507,5.97306,3.027,20.17,95.2,1658
2026-08-04 05:32:53,lht65-20,52.2507,5.97306,3.027,20.33,95.3,1859
2026-08-04 05:42:53,lht65-20,52.2507,5.97306,3.027,20.44,95.3,2865
2026-08-04 05:52:53,lht65-20,52.2507,5.97306,3.027,20.48,95.3,3627
2026-08-04 06:02:53,lht65-20,52.2507,5.97306,3.027,21.19,95.1,7034
2026-08-04 06:12:53,lht65-20,52.2507,5.97306,3.027,22.38,91.6,13955
2026-08-04 06:22:53,lht65-20,52.2507,5.97306,3.027,23.34,84.9,15196
2026-08-04 06:32:53,lht65-20,52.2507,5.97306,3.027,23.93,80.4,16560
2026-08-04 06:52:53,lht65-20,52.2507,5.97306,3.029,24.6,75.7,18288
2026-08-04 07:02:53,lht65-20,52.2507,5.97306,3.027,24.86,75.6,19873
2026-08-04 07:12:53,lht65-20,52.2507,5.97306,3.029,25.24,72.3,20542
2026-08-04 07:22:53,lht65-20,52.2507,5.97306,3.027,25.74,70.0,21400
2026-08-04 07:32:53,lht65-20,52.2507,5.97306,3.029,26.34,68.1,22160
2026-08-04 07:52:53,lht65-20,52.2507,5.97306,3.029,26.84,65.5,23719
2026-08-04 08:02:53,lht65-20,52.2507,5.97306,3.03,27.19,62.9,24461
2026-08-04 08:12:53,lht65-20,52.2507,5.97306,3.03,27.33,63.2,25097
2026-08-04 08:22:53,lht65-20,52.2507,5.97306,3.027,27.86,61.0,25711
2026-08-04 08:32:53,lht65-20,52.2507,5.97306,3.029,28.18,60.9,26122
2026-08-04 08:42:53,lht65-20,52.2507,5.97306,3.03,28.54,58.4,27284
2026-08-04 08:52:53,lht65-20,52.2507,5.97306,3.029,29.26,56.2,27876
2026-08-04 09:02:53,lht65-20,52.2507,5.97306,3.03,30.23,53.8,28537
2026-08-04 09:12:53,lht65-20,52.2507,5.97306,3.03,30.39,47.4,29402
2026-08-04 09:22:53,lht65-20,52.2507,5.97306,3.03,30.63,47.7,29815
2026-08-04 09:32:53,lht65-20,52.2507,5.97306,3.03,31.08,46.7,30317
2026-08-04 09:42:53,lht65-20,52.2507,5.97306,3.03,31.29,43.9,30812
2026-08-04 09:52:53,lht65-20,52.2507,5.97306,3.03,31.81,41.8,31273
2026-08-04 10:02:53,lht65-20,52.2507,5.97306,3.032,31.94,43.2,31781
2026-08-04 10:12:53,lht65-20,52.2507,5.97306,3.03,32.65,40.9,32061
2026-08-04 10:22:52,lht65-20,52.2507,5.97306,3.032,32.76,39.6,32506
2026-08-04 10:32:53,lht65-20,52.2507,5.97306,3.03,32.96,40.7,32595
2026-08-04 10:52:52,lht65-20,52.2507,5.97306,3.03,33.21,41.0,33295
2026-08-04 11:02:52,lht65-20,52.2507,5.97306,3.032,33.48,39.8,33392
2026-08-04 11:12:53,lht65-20,52.2507,5.97306,3.03,33.5,38.3,33726
2026-08-04 11:32:53,lht65-20,52.2507,5.97306,3.032,33.85,38.6,33920
2026-08-04 11:42:53,lht65-20,52.2507,5.97306,3.034,34.22,36.9,25866
2026-08-04 11:52:53,lht65-20,52.2507,5.97306,3.034,34.1,36.7,34439
2026-08-04 12:02:53,lht65-20,52.2507,5.97306,3.034,34.47,35.7,33579
2026-08-04 12:12:53,lht65-20,52.2507,5.97306,3.034,34.48,37.1,33430
2026-08-04 12:22:53,lht65-20,52.2507,5.97306,3.034,34.71,35.8,33745
2026-08-04 12:32:52,lht65-20,52.2507,5.97306,3.034,34.81,36.1,33625
2026-08-04 12:42:52,lht65-20,52.2507,5.97306,3.034,34.84,37.1,32419
2026-08-04 12:52:53,lht65-20,52.2507,5.97306,3.034,34.73,36.1,32356
2026-08-04 13:02:53,lht65-20,52.2507,5.97306,3.034,34.95,36.4,32160
2026-08-04 13:12:53,lht65-20,52.2507,5.97306,3.034,35.46,34.5,31715
2026-08-04 13:22:53,lht65-20,52.2507,5.97306,3.034,34.86,34.1,31681
2026-08-04 13:32:52,lht65-20,52.2507,5.97306,3.034,35.23,35.4,31118
2026-08-04 13:42:53,lht65-20,52.2507,5.97306,3.034,35.17,32.8,30062
2026-08-04 13:52:53,lht65-20,52.2507,5.97306,3.036,35.16,34.5,30927
2026-08-04 14:02:53,lht65-20,52.2507,5.97306,3.036,34.98,33.6,30518
2026-08-04 14:12:53,lht65-20,52.2507,5.97306,3.036,35.21,33.4,29840
2026-08-04 14:22:53,lht65-20,52.2507,5.97306,3.034,35.16,33.0,29472
2026-08-04 14:32:53,lht65-20,52.2507,5.97306,3.036,35.23,33.7,29721
2026-08-04 14:42:53,lht65-20,52.2507,5.97306,3.034,35.37,32.6,30121
2026-08-04 14:52:53,lht65-20,52.2507,5.97306,3.034,35.34,32.2,13945
2026-08-04 15:02:52,lht65-20,52.2507,5.97306,3.036,34.96,33.5,13100
2026-08-04 15:12:53,lht65-20,52.2507,5.97306,3.036,34.19,35.0,9482
2026-08-04 15:22:53,lht65-20,52.2507,5.97306,3.036,32.76,41.9,9095
2026-08-04 15:32:53,lht65-20,52.2507,5.97306,3.038,32.4,42.8,13143
2026-08-04 15:42:53,lht65-20,52.2507,5.97306,3.038,32.48,41.7,9765
2026-08-04 15:52:53,lht65-20,52.2507,5.97306,3.036,32.14,42.4,7225
2026-08-04 16:02:53,lht65-20,52.2507,5.97306,3.038,31.65,43.8,5797
2026-08-04 16:12:53,lht65-20,52.2507,5.97306,3.036,31.2,45.8,4775
2026-08-04 16:22:53,lht65-20,52.2507,5.97306,3.034,30.87,47.9,4474
2026-08-04 16:42:53,lht65-20,52.2507,5.97306,3.036,30.53,48.5,3033
2026-08-04 16:52:53,lht65-20,52.2507,5.97306,3.038,30.35,48.0,2536
2026-08-04 17:02:52,lht65-20,52.2507,5.97306,3.036,29.99,49.9,2507
2026-08-04 17:12:53,lht65-20,52.2507,5.97306,3.036,29.5,51.4,2030
2026-08-04 17:22:53,lht65-20,52.2507,5.97306,3.038,29.39,52.1,1706
2026-08-04 17:32:53,lht65-20,52.2507,5.97306,3.036,29.21,52.9,1252
2026-08-04 17:42:52,lht65-20,52.2507,5.97306,3.038,28.99,53.0,1540
2026-08-04 17:52:53,lht65-20,52.2507,5.97306,3.038,28.83,52.8,1360
2026-08-04 18:02:52,lht65-20,52.2507,5.97306,3.036,28.56,51.1,1085
2026-08-04 18:12:52,lht65-20,52.2507,5.97306,3.036,28.34,51.2,815
2026-08-04 18:22:52,lht65-20,52.2507,5.97306,3.036,28.11,52.5,654
2026-08-04 18:32:52,lht65-20,52.2507,5.97306,3.036,27.96,53.2,376
2026-08-04 18:42:52,lht65-20,52.2507,5.97306,3.034,27.77,56.1,346
2026-08-04 18:52:52,lht65-20,52.2507,5.97306,3.034,27.55,56.6,172
2026-08-04 19:02:52,lht65-20,52.2507,5.97306,3.034,27.33,57.2,91
2026-08-04 19:12:52,lht65-20,52.2507,5.97306,3.036,27.18,57.7,65
2026-08-04 19:22:52,lht65-20,52.2507,5.97306,3.038,27.02,57.9,37
2026-08-04 19:32:52,lht65-20,52.2507,5.97306,3.034,26.88,57.9,11
2026-08-04 19:42:52,lht65-20,52.2507,5.97306,3.034,26.75,58.1,1
2026-08-04 19:52:52,lht65-20,52.2507,5.97306,3.034,26.63,58.4,0
2026-08-04 20:02:52,lht65-20,52.2507,5.97306,3.034,26.53,59.2,0
2026-08-04 20:12:52,lht65-20,52.2507,5.97306,3.036,26.41,59.7,0
2026-08-04 20:22:52,lht65-20,52.2507,5.97306,3.034,26.32,60.2,0
2026-08-04 20:32:52,lht65-20,52.2507,5.97306,3.034,26.22,60.9,0
2026-08-04 20:42:53,lht65-20,52.2507,5.97306,3.034,26.08,61.5,0
2026-08-04 20:52:52,lht65-20,52.2507,5.97306,3.034,25.98,62.1,0
2026-08-04 21:02:52,lht65-20,52.2507,5.97306,3.034,25.81,63.1,0
2026-08-04 21:12:52,lht65-20,52.2507,5.97306,3.034,25.67,63.6,0
2026-08-04 21:22:52,lht65-20,52.2507,5.97306,3.034,25.6,64.5,0
2026-08-04 21:32:52,lht65-20,52.2507,5.97306,3.034,25.44,65.3,0
2026-08-04 21:42:52,lht65-20,52.2507,5.97306,3.034,25.22,65.2,0
2026-08-04 21:52:52,lht65-20,52.2507,5.97306,3.034,24.92,65.3,0
2026-08-04 22:02:52,lht65-20,52.2507,5.97306,3.034,24.61,65.9,0
2026-08-04 22:12:52,lht65-20,52.2507,5.97306,3.034,24.39,65.4,0
2026-08-04 22:22:52,lht65-20,52.2507,5.97306,3.034,24.13,65.8,0
2026-08-04 22:32:53,lht65-20,52.2507,5.97306,3.034,23.71,66.7,0
2026-08-04 22:42:53,lht65-20,52.2507,5.97306,3.034,23.18,68.4,0
2026-08-04 22:52:52,lht65-20,52.2507,5.97306,3.034,22.61,71.1,0
2026-08-04 23:02:52,lht65-20,52.2507,5.97306,3.032,22.02,73.3,0
2026-08-04 23:12:52,lht65-20,52.2507,5.97306,3.032,21.81,74.5,0
2026-08-04 23:22:52,lht65-20,52.2507,5.97306,3.034,21.52,75.2,0
2026-08-04 23:32:52,lht65-20,52.2507,5.97306,3.03,21.68,74.4,0
2026-08-04 23:42:52,lht65-20,52.2507,5.97306,3.034,21.97,72.6,0
2026-08-04 23:52:52,lht65-20,52.2507,5.97306,3.034,21.86,72.7,0
2026-08-05 00:02:52,lht65-20,52.2507,5.97306,3.03,21.69,73.1,0
2026-08-05 00:12:52,lht65-20,52.2507,5.97306,3.03,21.46,73.7,0
2026-08-05 00:22:52,lht65-20,52.2507,5.97306,3.03,21.45,73.4,0
2026-08-05 00:32:53,lht65-20,52.2507,5.97306,3.03,21.75,72.1,0
2026-08-05 00:42:52,lht65-20,52.2507,5.97306,3.032,21.8,71.6,0
2026-08-05 00:52:52,lht65-20,52.2507,5.97306,3.032,22.04,70.4,0
2026-08-05 01:02:52,lht65-20,52.2507,5.97306,3.03,22.16,69.2,0
2026-08-05 01:12:52,lht65-20,52.2507,5.97306,3.03,22.11,68.8,0
2026-08-05 01:22:52,lht65-20,52.2507,5.97306,3.032,22.05,69.0,0
2026-08-05 01:32:52,lht65-20,52.2507,5.97306,3.03,22.0,69.6,0
2026-08-05 01:42:53,lht65-20,52.2507,5.97306,3.032,22.11,69.7,0
2026-08-05 01:52:52,lht65-20,52.2507,5.97306,3.032,22.04,69.6,0
2026-08-05 02:02:52,lht65-20,52.2507,5.97306,3.03,22.0,69.7,0
2026-08-05 02:12:52,lht65-20,52.2507,5.97306,3.032,21.83,70.6,0
2026-08-05 02:22:52,lht65-20,52.2507,5.97306,3.03,21.7,71.3,0
2026-08-05 02:32:53,lht65-20,52.2507,5.97306,3.032,21.46,72.2,0
2026-08-05 02:42:52,lht65-20,52.2507,5.97306,3.03,21.24,73.2,0
2026-08-05 02:52:52,lht65-20,52.2507,5.97306,3.03,21.09,74.1,0
2026-08-05 03:02:52,lht65-20,52.2507,5.97306,3.03,20.92,75.0,0
2026-08-05 03:12:52,lht65-20,52.2507,5.97306,3.03,20.87,75.5,0
2026-08-05 03:22:52,lht65-20,52.2507,5.97306,3.03,20.78,76.0,1
2026-08-05 03:32:52,lht65-20,52.2507,5.97306,3.03,20.87,75.8,4
2026-08-05 03:42:52,lht65-20,52.2507,5.97306,3.03,20.97,75.4,13
2026-08-05 03:52:52,lht65-20,52.2507,5.97306,3.03,21.08,75.1,46
2026-08-05 04:02:53,lht65-20,52.2507,5.97306,3.03,21.2,74.6,152
2026-08-05 04:12:52,lht65-20,52.2507,5.97306,3.03,21.09,74.6,385
2026-08-05 04:22:52,lht65-20,52.2507,5.97306,3.03,20.92,75.1,660
2026-08-05 04:32:52,lht65-20,52.2507,5.97306,3.03,20.75,75.8,989
2026-08-05 04:42:52,lht65-20,52.2507,5.97306,3.03,20.61,76.5,1530
2026-08-05 04:52:52,lht65-20,52.2507,5.97306,3.03,20.61,76.8,1904
2026-08-05 05:02:52,lht65-20,52.2507,5.97306,3.03,20.56,77.0,2106
2026-08-05 05:12:52,lht65-20,52.2507,5.97306,3.03,20.79,76.6,5165
2026-08-05 05:22:52,lht65-20,52.2507,5.97306,3.03,20.78,76.5,2796
2026-08-05 05:32:52,lht65-20,52.2507,5.97306,3.029,20.88,76.8,4009
2026-08-05 05:42:52,lht65-20,52.2507,5.97306,3.029,21.07,76.2,5117
2026-08-05 05:52:52,lht65-20,52.2507,5.97306,3.03,21.53,74.7,14732
2026-08-05 06:02:52,lht65-20,52.2507,5.97306,3.03,22.45,71.3,15395
2026-08-05 06:22:52,lht65-20,52.2507,5.97306,3.03,22.4,70.0,5211
2026-08-05 06:32:52,lht65-20,52.2507,5.97306,3.03,22.93,69.3,8840
2026-08-05 06:42:52,lht65-20,52.2507,5.97306,3.03,23.01,66.9,8072
2026-08-05 06:52:52,lht65-20,52.2507,5.97306,3.03,22.98,66.3,8422
2026-08-05 07:02:52,lht65-20,52.2507,5.97306,3.03,23.5,62.8,9835
2026-08-05 07:12:52,lht65-20,52.2507,5.97306,3.03,23.64,61.7,9161
2026-08-05 07:22:52,lht65-20,52.2507,5.97306,3.03,23.87,60.4,10369
2026-08-05 07:32:52,lht65-20,52.2507,5.97306,3.03,24.19,59.9,12930
2026-08-05 07:42:52,lht65-20,52.2507,5.97306,3.03,24.41,58.4,24480
2026-08-05 07:52:52,lht65-20,52.2507,5.97306,3.03,24.87,56.7,21327
2026-08-05 08:02:52,lht65-20,52.2507,5.97306,3.032,24.96,55.8,12501
2026-08-05 08:12:52,lht65-20,52.2507,5.97306,3.032,25.37,55.9,32335
2026-08-05 08:22:52,lht65-20,52.2507,5.97306,3.032,26.4,53.5,23642
2026-08-05 08:32:52,lht65-20,52.2507,5.97306,3.032,26.08,54.5,20581
2026-08-05 08:42:52,lht65-20,52.2507,5.97306,3.032,25.57,55.2,14490
2026-08-05 08:52:52,lht65-20,52.2507,5.97306,3.03,25.49,57.1,16349
2026-08-05 09:02:52,lht65-20,52.2507,5.97306,3.03,25.96,56.1,34902
2026-08-05 09:12:52,lht65-20,52.2507,5.97306,3.03,25.65,56.3,40283
2026-08-05 09:22:52,lht65-20,52.2507,5.97306,3.034,25.9,56.9,18944
2026-08-05 09:32:52,lht65-20,52.2507,5.97306,3.03,25.38,54.7,15810
2026-08-05 09:42:52,lht65-20,52.2507,5.97306,3.03,24.93,54.9,12583
2026-08-05 09:52:52,lht65-20,52.2507,5.97306,3.032,25.14,55.6,18144
2026-08-05 10:02:52,lht65-20,52.2507,5.97306,3.034,26.12,54.2,31342
2026-08-05 10:12:52,lht65-20,52.2507,5.97306,3.032,26.31,52.8,20384
2026-08-05 10:22:52,lht65-20,52.2507,5.97306,3.034,26.67,53.3,42758
2026-08-05 10:32:52,lht65-20,52.2507,5.97306,3.032,26.71,52.5,42843
2026-08-05 10:52:52,lht65-20,52.2507,5.97306,3.03,26.32,52.1,19110
2026-08-05 11:02:52,lht65-20,52.2507,5.97306,3.032,26.38,52.5,25568
2026-08-05 11:12:52,lht65-20,52.2507,5.97306,3.032,26.9,52.3,19278
2026-08-05 11:22:52,lht65-20,52.2507,5.97306,3.032,26.45,51.7,23926
2026-08-05 11:32:52,lht65-20,52.2507,5.97306,3.032,26.61,51.2,19185
2026-08-05 11:42:52,lht65-20,52.2507,5.97306,3.034,27.06,49.9,42975
2026-08-05 11:52:52,lht65-20,52.2507,5.97306,3.034,27.12,49.3,19307
2026-08-05 12:12:52,lht65-20,52.2507,5.97306,3.034,26.69,48.6,29852
2026-08-05 12:22:52,lht65-20,52.2507,5.97306,3.034,26.34,49.9,14065
2026-08-05 12:32:52,lht65-20,52.2507,5.97306,3.034,26.83,48.2,29572
2026-08-05 12:42:52,lht65-20,52.2507,5.97306,3.032,27.22,47.3,16750
2026-08-05 12:52:52,lht65-20,52.2507,5.97306,3.034,26.79,47.6,43624
2026-08-05 13:02:52,lht65-20,52.2507,5.97306,3.034,27.77,46.1,27142
2026-08-05 13:12:52,lht65-20,52.2507,5.97306,3.034,28.12,45.5,39049
2026-08-05 13:32:52,lht65-20,52.2507,5.97306,3.034,28.11,44.5,12370
2026-08-05 13:42:52,lht65-20,52.2507,5.97306,3.034,26.82,48.1,38306
2026-08-05 13:52:52,lht65-20,52.2507,5.97306,3.03,26.9,48.2,25672
2026-08-05 14:02:52,lht65-20,52.2507,5.97306,3.034,27.81,47.3,32888
2026-08-05 14:12:52,lht65-20,52.2507,5.97306,3.034,26.83,47.6,16367
2026-08-05 14:22:52,lht65-20,52.2507,5.97306,3.034,26.67,47.7,9040
2026-08-05 14:32:52,lht65-20,52.2507,5.97306,3.032,26.23,49.0,12280
2026-08-05 14:42:52,lht65-20,52.2507,5.97306,3.034,26.3,49.8,11538
2026-08-05 14:52:52,lht65-20,52.2507,5.97306,3.034,26.5,47.9,14172
2026-08-05 15:02:52,lht65-20,52.2507,5.97306,3.032,27.01,47.5,21960
2026-08-05 15:12:52,lht65-20,52.2507,5.97306,3.032,27.18,46.8,12175
2026-08-05 15:22:52,lht65-20,52.2507,5.97306,3.034,26.63,48.2,9541
2026-08-05 15:32:52,lht65-20,52.2507,5.97306,3.032,26.2,49.5,8759
2026-08-05 15:42:52,lht65-20,52.2507,5.97306,3.034,27.12,47.0,10906
2026-08-05 15:52:52,lht65-20,52.2507,5.97306,3.032,26.87,46.6,15014
2026-08-05 16:02:52,lht65-20,52.2507,5.97306,3.034,26.44,47.8,7300
2026-08-05 16:12:52,lht65-20,52.2507,5.97306,3.034,26.64,48.5,26450
2026-08-05 16:22:52,lht65-20,52.2507,5.97306,3.034,27.46,46.3,7464
2026-08-05 16:32:52,lht65-20,52.2507,5.97306,3.03,26.26,49.0,5719
2026-08-05 16:42:52,lht65-20,52.2507,5.97306,3.034,25.94,50.5,6120
2026-08-05 16:52:52,lht65-20,52.2507,5.97306,3.034,25.67,53.3,5775
2026-08-05 17:02:52,lht65-20,52.2507,5.97306,3.032,25.38,53.5,5266
2026-08-05 17:12:52,lht65-20,52.2507,5.97306,3.03,25.09,54.4,3653
2026-08-05 17:22:52,lht65-20,52.2507,5.97306,3.032,24.93,53.3,4491
2026-08-05 17:32:52,lht65-20,52.2507,5.97306,3.03,25.05,52.8,5478
2026-08-05 17:42:52,lht65-20,52.2507,5.97306,3.034,24.93,52.3,4839
2026-08-05 17:52:52,lht65-20,52.2507,5.97306,3.032,24.77,52.0,3674
2026-08-05 18:02:52,lht65-20,52.2507,5.97306,3.032,24.55,51.3,1932
2026-08-05 18:12:52,lht65-20,52.2507,5.97306,3.03,24.38,52.0,3514
2026-08-05 18:22:52,lht65-20,52.2507,5.97306,3.032,24.24,52.1,2234
2026-08-05 18:32:52,lht65-20,52.2507,5.97306,3.032,24.13,52.7,3564
2026-08-05 18:42:52,lht65-20,52.2507,5.97306,3.032,24.27,53.2,3182
2026-08-05 18:52:52,lht65-20,52.2507,5.97306,3.034,23.99,54.2,1297
2026-08-05 19:02:52,lht65-20,52.2507,5.97306,3.032,23.56,56.8,852
2026-08-05 19:12:52,lht65-20,52.2507,5.97306,3.03,22.98,59.0,407
2026-08-05 19:22:52,lht65-20,52.2507,5.97306,3.03,22.47,60.1,187
2026-08-05 19:32:52,lht65-20,52.2507,5.97306,3.03,22.04,61.0,67
2026-08-05 19:42:52,lht65-20,52.2507,5.97306,3.03,21.5,62.2,17
2026-08-05 19:52:52,lht65-20,52.2507,5.97306,3.03,20.95,63.8,3
2026-08-05 20:02:52,lht65-20,52.2507,5.97306,3.03,20.42,66.0,0
2026-08-05 20:12:52,lht65-20,52.2507,5.97306,3.03,20.27,66.5,0
2026-08-05 20:22:52,lht65-20,52.2507,5.97306,3.03,20.96,61.5,0
2026-08-05 20:32:52,lht65-20,52.2507,5.97306,3.03,21.19,59.7,0
2026-08-05 20:42:52,lht65-20,52.2507,5.97306,3.03,21.0,59.3,0
2026-08-05 20:52:52,lht65-20,52.2507,5.97306,3.03,20.96,58.8,0
2026-08-05 21:02:52,lht65-20,52.2507,5.97306,3.03,20.86,58.6,0
2026-08-05 21:12:52,lht65-20,52.2507,5.97306,3.03,20.62,59.0,0
2026-08-05 21:22:52,lht65-20,52.2507,5.97306,3.03,20.44,59.0,0
2026-08-05 21:32:52,lht65-20,52.2507,5.97306,3.029,20.24,59.0,0
2026-08-05 21:42:52,lht65-20,52.2507,5.97306,3.029,20.01,60.0,0
2026-08-05 21:52:52,lht65-20,52.2507,5.97306,3.029,19.83,61.3,0
2026-08-05 22:02:52,lht65-20,52.2507,5.97306,3.029,19.55,63.5,0
2026-08-05 22:12:52,lht65-20,52.2507,5.97306,3.027,19.66,63.6,0
2026-08-05 22:22:52,lht65-20,52.2507,5.97306,3.027,19.53,64.5,0
2026-08-05 22:32:52,lht65-20,52.2507,5.97306,3.029,19.46,65.1,0
2026-08-05 22:42:52,lht65-20,52.2507,5.97306,3.027,19.28,66.1,0
2026-08-05 22:52:52,lht65-20,52.2507,5.97306,3.029,19.16,66.9,0
2026-08-05 23:02:52,lht65-20,52.2507,5.97306,3.029,19.01,67.7,0
2026-08-05 23:12:52,lht65-20,52.2507,5.97306,3.029,18.87,68.6,0
2026-08-05 23:22:52,lht65-20,52.2507,5.97306,3.027,18.71,69.8,0
2026-08-05 23:32:52,lht65-20,52.2507,5.97306,3.027,18.47,70.8,0
2026-08-05 23:42:52,lht65-20,52.2507,5.97306,3.027,18.25,71.4,0
2026-08-05 23:52:52,lht65-20,52.2507,5.97306,3.027,18.15,72.0,0
2026-08-06 00:02:52,lht65-20,52.2507,5.97306,3.027,18.01,72.7,0
2026-08-06 00:12:52,lht65-20,52.2507,5.97306,3.027,17.87,72.9,0
2026-08-06 00:22:52,lht65-20,52.2507,5.97306,3.027,17.72,73.3,0
2026-08-06 00:32:52,lht65-20,52.2507,5.97306,3.027,17.52,73.8,0
2026-08-06 00:42:52,lht65-20,52.2507,5.97306,3.025,17.37,74.6,0
2026-08-06 00:52:52,lht65-20,52.2507,5.97306,3.027,17.27,75.0,0
2026-08-06 01:02:52,lht65-20,52.2507,5.97306,3.027,17.26,74.9,0
2026-08-06 01:12:52,lht65-20,52.2507,5.97306,3.027,17.17,75.2,0
2026-08-06 01:22:52,lht65-20,52.2507,5.97306,3.027,17.16,75.3,0
2026-08-06 01:32:52,lht65-20,52.2507,5.97306,3.025,17.09,75.6,0
2026-08-06 01:42:52,lht65-20,52.2507,5.97306,3.023,17.01,75.8,0
2026-08-06 01:52:52,lht65-20,52.2507,5.97306,3.023,16.87,76.4,0
2026-08-06 02:02:52,lht65-20,52.2507,5.97306,3.023,16.73,77.0,0
2026-08-06 02:12:52,lht65-20,52.2507,5.97306,3.025,16.65,77.0,0
2026-08-06 02:22:52,lht65-20,52.2507,5.97306,3.023,16.5,77.4,0
2026-08-06 02:32:52,lht65-20,52.2507,5.97306,3.023,16.42,77.6,0
2026-08-06 02:42:52,lht65-20,52.2507,5.97306,3.023,16.31,77.9,0
2026-08-06 02:52:52,lht65-20,52.2507,5.97306,3.023,16.08,78.5,0
2026-08-06 03:02:52,lht65-20,52.2507,5.97306,3.023,15.96,78.7,0
2026-08-06 03:12:52,lht65-20,52.2507,5.97306,3.023,15.79,79.2,0
2026-08-06 03:22:52,lht65-20,52.2507,5.97306,3.023,15.65,79.4,0
2026-08-06 03:32:52,lht65-20,52.2507,5.97306,3.023,15.58,79.8,5
2026-08-06 03:42:52,lht65-20,52.2507,5.97306,3.021,15.52,79.9,25
2026-08-06 03:52:52,lht65-20,52.2507,5.97306,3.023,15.41,80.3,84
2026-08-06 04:02:52,lht65-20,52.2507,5.97306,3.023,15.26,80.9,230
2026-08-06 04:12:52,lht65-20,52.2507,5.97306,3.021,15.19,81.4,457
2026-08-06 04:22:52,lht65-20,52.2507,5.97306,3.021,15.13,81.6,778
2026-08-06 04:32:52,lht65-20,52.2507,5.97306,3.023,15.09,82.1,1209
2026-08-06 04:42:52,lht65-20,52.2507,5.97306,3.019,15.16,82.3,1817
2026-08-06 04:52:52,lht65-20,52.2507,5.97306,3.019,15.31,82.1,2090
2026-08-06 05:02:52,lht65-20,52.2507,5.97306,3.021,15.38,82.1,2785
2026-08-06 05:12:52,lht65-20,52.2507,5.97306,3.021,15.55,82.0,5278
2026-08-06 05:22:52,lht65-20,52.2507,5.97306,3.023,16.4,79.9,10100
2026-08-06 05:32:52,lht65-20,52.2507,5.97306,3.023,16.51,79.0,8379
2026-08-06 05:42:52,lht65-20,52.2507,5.97306,3.021,17.28,76.6,12308
2026-08-06 05:52:52,lht65-20,52.2507,5.97306,3.023,17.72,75.5,14762
2026-08-06 06:02:52,lht65-20,52.2507,5.97306,3.023,18.65,71.5,16933
2026-08-06 06:12:52,lht65-20,52.2507,5.97306,3.027,19.15,68.6,13150
2026-08-06 06:22:52,lht65-20,52.2507,5.97306,3.023,18.74,70.0,5203
2026-08-06 06:32:52,lht65-20,52.2507,5.97306,3.025,18.24,70.1,4270
2026-08-06 06:42:52,lht65-20,52.2507,5.97306,3.023,18.78,70.0,9545
2026-08-06 06:52:52,lht65-20,52.2507,5.97306,3.025,18.53,70.0,9343
2026-08-06 07:02:52,lht65-20,52.2507,5.97306,3.023,18.43,69.0,8235
2026-08-06 07:12:52,lht65-20,52.2507,5.97306,3.025,18.86,68.6,22057
2026-08-06 07:22:52,lht65-20,52.2507,5.97306,3.025,19.92,64.8,21727
2026-08-06 07:32:52,lht65-20,52.2507,5.97306,3.027,20.25,62.5,11371
2026-08-06 07:42:52,lht65-20,52.2507,5.97306,3.025,20.26,61.2,16529
2026-08-06 07:52:52,lht65-20,52.2507,5.97306,3.027,20.67,58.1,13509
2026-08-06 08:02:52,lht65-20,52.2507,5.97306,3.027,21.08,55.4,20800
2026-08-06 08:12:52,lht65-20,52.2507,5.97306,3.027,21.01,55.7,13200
2026-08-06 08:22:52,lht65-20,52.2507,5.97306,3.027,21.56,56.0,26534
2026-08-06 08:32:52,lht65-20,52.2507,5.97306,3.027,22.41,51.8,13616
2026-08-06 08:42:52,lht65-20,52.2507,5.97306,3.029,22.45,51.9,22490
2026-08-06 08:52:52,lht65-20,52.2507,5.97306,3.027,22.2,51.4,10682
2026-08-06 09:02:52,lht65-20,52.2507,5.97306,3.027,21.66,52.5,23071
2026-08-06 09:12:52,lht65-20,52.2507,5.97306,3.027,21.93,51.4,28490
2026-08-06 09:22:52,lht65-20,52.2507,5.97306,3.027,22.2,51.1,9463
2026-08-06 09:32:52,lht65-20,52.2507,5.97306,3.027,21.01,54.6,8852
2026-08-06 09:42:52,lht65-20,52.2507,5.97306,3.027,20.92,53.8,35825
2026-08-06 09:52:52,lht65-20,52.2507,5.97306,3.027,22.5,49.8,17015
2026-08-06 10:02:52,lht65-20,52.2507,5.97306,3.027,22.99,46.7,39400
2026-08-06 10:12:52,lht65-20,52.2507,5.97306,3.027,22.65,44.8,18614
2026-08-06 10:22:52,lht65-20,52.2507,5.97306,3.027,23.2,44.3,30520
2026-08-06 10:32:52,lht65-20,52.2507,5.97306,3.027,23.83,44.5,22465
2026-08-06 10:42:52,lht65-20,52.2507,5.97306,3.027,21.99,45.7,11476
2026-08-06 10:52:52,lht65-20,52.2507,5.97306,3.027,23.21,45.6,35444
2026-08-06 11:02:52,lht65-20,52.2507,5.97306,3.027,23.71,44.1,17034
2026-08-06 11:12:52,lht65-20,52.2507,5.97306,3.027,23.49,41.9,28754
2026-08-06 11:22:52,lht65-20,52.2507,5.97306,3.027,23.68,41.1,33370
2026-08-06 11:32:52,lht65-20,52.2507,5.97306,3.027,24.24,40.7,35948
2026-08-06 11:42:52,lht65-20,52.2507,5.97306,3.027,23.71,41.7,16420
2026-08-06 11:52:52,lht65-20,52.2507,5.97306,3.029,24.57,40.9,12995
2026-08-06 12:02:52,lht65-20,52.2507,5.97306,3.027,23.43,43.6,36167
2026-08-06 12:12:52,lht65-20,52.2507,5.97306,3.029,23.72,41.1,37541
2026-08-06 12:22:52,lht65-20,52.2507,5.97306,3.027,23.65,40.5,38752
2026-08-06 12:32:52,lht65-20,52.2507,5.97306,3.029,23.03,43.7,11932
2026-08-06 12:42:52,lht65-20,52.2507,5.97306,3.027,23.34,42.1,12503
2026-08-06 12:52:52,lht65-20,52.2507,5.97306,3.027,22.83,42.7,34051
2026-08-06 13:02:52,lht65-20,52.2507,5.97306,3.029,22.7,42.5,13333
2026-08-06 13:32:52,lht65-20,52.2507,5.97306,3.029,24.3,39.8,35487
2026-08-06 13:42:52,lht65-20,52.2507,5.97306,3.027,24.31,38.4,32969
2026-08-06 13:52:52,lht65-20,52.2507,5.97306,3.027,24.03,38.0,32434
2026-08-06 14:02:52,lht65-20,52.2507,5.97306,3.027,24.26,36.5,32114
2026-08-06 14:12:52,lht65-20,52.2507,5.97306,3.027,24.85,37.1,30597
2026-08-06 14:22:52,lht65-20,52.2507,5.97306,3.029,23.6,38.1,27232
2026-08-06 14:32:52,lht65-20,52.2507,5.97306,3.027,23.97,38.9,31290
2026-08-06 14:42:52,lht65-20,52.2507,5.97306,3.027,24.27,39.1,30035
2026-08-06 14:52:52,lht65-20,52.2507,5.97306,3.027,23.9,39.0,30508
2026-08-06 15:02:52,lht65-20,52.2507,5.97306,3.027,23.28,39.1,27615
2026-08-06 15:12:52,lht65-20,52.2507,5.97306,3.029,23.07,40.1,8425
2026-08-06 15:22:52,lht65-20,52.2507,5.97306,3.027,22.93,39.8,27249
2026-08-06 15:32:52,lht65-20,52.2507,5.97306,3.027,22.91,40.2,7459
2026-08-06 15:42:52,lht65-20,52.2507,5.97306,3.027,22.27,41.8,24586
2026-08-06 15:52:52,lht65-20,52.2507,5.97306,3.027,22.35,41.4,24350
2026-08-06 16:02:52,lht65-20,52.2507,5.97306,3.027,21.81,42.5,24013
2026-08-06 16:12:52,lht65-20,52.2507,5.97306,3.027,21.88,43.4,22386
2026-08-06 16:22:52,lht65-20,52.2507,5.97306,3.027,22.04,44.3,21677
2026-08-06 16:32:52,lht65-20,52.2507,5.97306,3.027,21.7,44.4,21013
2026-08-06 16:42:52,lht65-20,52.2507,5.97306,3.027,21.55,43.5,20576
2026-08-06 16:52:52,lht65-20,52.2507,5.97306,3.027,21.67,43.4,18939
2026-08-06 17:02:52,lht65-20,52.2507,5.97306,3.027,21.35,46.8,10664
2026-08-06 17:12:52,lht65-20,52.2507,5.97306,3.027,20.5,49.4,5805
2026-08-06 17:22:52,lht65-20,52.2507,5.97306,3.027,20.84,49.0,16682
2026-08-06 17:32:52,lht65-20,52.2507,5.97306,3.023,20.31,48.5,6890
2026-08-06 17:42:52,lht65-20,52.2507,5.97306,3.023,20.38,46.7,13186
2026-08-06 17:52:52,lht65-20,52.2507,5.97306,3.027,20.33,46.7,11287
2026-08-06 18:02:52,lht65-20,52.2507,5.97306,3.027,20.09,47.5,9920
2026-08-06 18:12:52,lht65-20,52.2507,5.97306,3.023,19.86,47.6,7055
2026-08-06 18:22:52,lht65-20,52.2507,5.97306,3.023,19.66,49.3,6543
2026-08-06 18:32:52,lht65-20,52.2507,5.97306,3.027,19.04,50.3,4067
2026-08-06 18:42:52,lht65-20,52.2507,5.97306,3.023,18.59,51.8,1597
2026-08-06 18:52:52,lht65-20,52.2507,5.97306,3.023,18.12,53.4,1179
2026-08-06 19:02:52,lht65-20,52.2507,5.97306,3.023,17.61,54.8,723
2026-08-06 19:12:52,lht65-20,52.2507,5.97306,3.021,17.23,56.9,384
2026-08-06 19:22:52,lht65-20,52.2507,5.97306,3.021,16.72,59.1,171
2026-08-06 19:32:52,lht65-20,52.2507,5.97306,3.023,16.19,61.6,55
2026-08-06 19:42:52,lht65-20,52.2507,5.97306,3.021,15.38,64.2,13
2026-08-06 19:52:52,lht65-20,52.2507,5.97306,3.018,14.34,68.6,2
2026-08-06 20:02:52,lht65-20,52.2507,5.97306,3.018,13.77,71.7,0
2026-08-06 20:12:52,lht65-20,52.2507,5.97306,3.018,13.52,72.7,0
2026-08-06 20:22:52,lht65-20,52.2507,5.97306,3.018,13.19,74.4,0
2026-08-06 20:32:52,lht65-20,52.2507,5.97306,3.018,13.32,73.9,0
2026-08-06 20:42:52,lht65-20,52.2507,5.97306,3.018,13.57,73.1,0
2026-08-06 20:52:52,lht65-20,52.2507,5.97306,3.018,13.52,73.5,0
2026-08-06 21:02:52,lht65-20,52.2507,5.97306,3.018,13.8,72.8,0
2026-08-06 21:12:52,lht65-20,52.2507,5.97306,3.018,13.73,73.1,0
2026-08-06 21:22:52,lht65-20,52.2507,5.97306,3.018,13.58,74.3,0
2026-08-06 21:32:52,lht65-20,52.2507,5.97306,3.016,13.38,74.9,0
2026-08-06 21:42:52,lht65-20,52.2507,5.97306,3.016,13.27,75.7,0
2026-08-06 21:52:52,lht65-20,52.2507,5.97306,3.016,13.08,76.6,0
2026-08-06 22:02:52,lht65-20,52.2507,5.97306,3.016,13.14,77.2,0
2026-08-06 22:12:52,lht65-20,52.2507,5.97306,3.016,13.32,76.9,0
2026-08-06 22:22:52,lht65-20,52.2507,5.97306,3.018,13.21,78.0,0
2026-08-06 22:32:52,lht65-20,52.2507,5.97306,3.016,13.11,79.1,0
2026-08-06 22:42:52,lht65-20,52.2507,5.97306,3.016,13.02,80.2,0
2026-08-06 22:52:52,lht65-20,52.2507,5.97306,3.016,12.92,80.9,0
2026-08-06 23:02:52,lht65-20,52.2507,5.97306,3.012,12.58,82.6,0
2026-08-06 23:12:52,lht65-20,52.2507,5.97306,3.016,12.44,83.8,0
2026-08-06 23:22:52,lht65-20,52.2507,5.97306,3.016,12.44,84.9,0
2026-08-06 23:32:52,lht65-20,52.2507,5.97306,3.016,12.13,85.3,0
2026-08-06 23:42:52,lht65-20,52.2507,5.97306,3.014,11.74,87.1,0
2026-08-06 23:52:52,lht65-20,52.2507,5.97306,3.012,11.7,87.7,0
2026-08-07 00:02:52,lht65-20,52.2507,5.97306,3.012,11.58,88.7,0
2026-08-07 00:12:52,lht65-20,52.2507,5.97306,3.012,11.41,89.4,0
2026-08-07 00:22:52,lht65-20,52.2507,5.97306,3.012,11.26,90.0,0
2026-08-07 00:32:52,lht65-20,52.2507,5.97306,3.012,11.11,90.6,0
2026-08-07 00:42:52,lht65-20,52.2507,5.97306,3.012,11.23,92.3,0
2026-08-07 00:52:52,lht65-20,52.2507,5.97306,3.012,11.43,92.9,0
2026-08-07 01:02:52,lht65-20,52.2507,5.97306,3.012,11.65,93.0,0
2026-08-07 01:12:52,lht65-20,52.2507,5.97306,3.014,11.64,92.5,0
2026-08-07 01:22:52,lht65-20,52.2507,5.97306,3.014,11.46,92.8,0
2026-08-07 01:32:52,lht65-20,52.2507,5.97306,3.012,11.18,93.0,0
2026-08-07 01:42:52,lht65-20,52.2507,5.97306,3.012,11.06,93.8,0
2026-08-07 01:52:52,lht65-20,52.2507,5.97306,3.012,10.89,94.1,0
2026-08-07 02:02:52,lht65-20,52.2507,5.97306,3.012,10.62,94.0,0
2026-08-07 02:12:52,lht65-20,52.2507,5.97306,3.012,10.65,94.5,0
2026-08-07 02:22:52,lht65-20,52.2507,5.97306,3.012,10.8,95.0,0
2026-08-07 02:32:52,lht65-20,52.2507,5.97306,3.012,11.09,95.4,0
2026-08-07 02:42:52,lht65-20,52.2507,5.97306,3.012,11.12,95.6,0
2026-08-07 02:52:52,lht65-20,52.2507,5.97306,3.012,11.41,95.8,0
2026-08-07 03:02:52,lht65-20,52.2507,5.97306,3.012,11.64,95.7,0
2026-08-07 03:12:52,lht65-20,52.2507,5.97306,3.012,12.05,95.7,0
2026-08-07 03:22:52,lht65-20,52.2507,5.97306,3.012,12.39,95.7,0
2026-08-07 03:32:52,lht65-20,52.2507,5.97306,3.012,12.71,95.5,0
2026-08-07 03:42:52,lht65-20,52.2507,5.97306,3.014,12.88,95.1,5
2026-08-07 03:52:52,lht65-20,52.2507,5.97306,3.014,12.94,94.7,22
2026-08-07 04:02:52,lht65-20,52.2507,5.97306,3.012,12.93,94.7,46
2026-08-07 04:12:52,lht65-20,52.2507,5.97306,3.014,12.97,94.7,94
2026-08-07 04:22:52,lht65-20,52.2507,5.97306,3.014,13.02,95.0,235
2026-08-07 04:32:52,lht65-20,52.2507,5.97306,3.012,13.11,95.3,509
2026-08-07 04:42:52,lht65-20,52.2507,5.97306,3.012,13.23,95.5,728
2026-08-07 04:52:52,lht65-20,52.2507,5.97306,3.014,13.43,95.7,1140
2026-08-07 05:02:52,lht65-20,52.2507,5.97306,3.014,13.7,95.8,1540
2026-08-07 05:12:52,lht65-20,52.2507,5.97306,3.014,13.87,95.7,1660
2026-08-07 05:22:52,lht65-20,52.2507,5.97306,3.014,13.96,95.2,1985
2026-08-07 05:32:52,lht65-20,52.2507,5.97306,3.014,14.06,94.7,2388
2026-08-07 05:42:52,lht65-20,52.2507,5.97306,3.016,14.21,94.2,2900
2026-08-07 05:52:52,lht65-20,52.2507,5.97306,3.016,14.46,93.9,3615
2026-08-07 06:02:52,lht65-20,52.2507,5.97306,3.014,14.77,93.6,4076
2026-08-07 06:12:52,lht65-20,52.2507,5.97306,3.014,15.06,91.7,4075
2026-08-07 06:22:52,lht65-20,52.2507,5.97306,3.016,15.26,89.4,3935
2026-08-07 06:32:52,lht65-20,52.2507,5.97306,3.016,15.55,90.0,4219
2026-08-07 06:42:52,lht65-20,52.2507,5.97306,3.016,15.79,89.2,3430
2026-08-07 06:52:52,lht65-20,52.2507,5.97306,3.016,15.85,89.5,3821
2026-08-07 07:02:52,lht65-20,52.2507,5.97306,3.016,16.05,88.2,4431
2026-08-07 07:12:52,lht65-20,52.2507,5.97306,3.016,16.46,86.8,5027
2026-08-07 07:22:52,lht65-20,52.2507,5.97306,3.016,16.51,82.4,5679
2026-08-07 07:32:52,lht65-20,52.2507,5.97306,3.016,16.64,78.6,6785
2026-08-07 07:42:52,lht65-20,52.2507,5.97306,3.016,16.92,77.0,8250
2026-08-07 07:52:52,lht65-20,52.2507,5.97306,3.016,17.38,73.9,9965
2026-08-07 08:02:52,lht65-20,52.2507,5.97306,3.018,17.79,73.1,11121
2026-08-07 08:12:52,lht65-20,52.2507,5.97306,3.018,18.11,70.4,12896
2026-08-07 08:22:52,lht65-20,52.2507,5.97306,3.016,18.51,70.8,17998
2026-08-07 08:32:52,lht65-20,52.2507,5.97306,3.016,19.17,67.8,19007
2026-08-07 08:42:52,lht65-20,52.2507,5.97306,3.016,20.02,62.0,21744
2026-08-07 08:52:52,lht65-20,52.2507,5.97306,3.018,19.95,61.9,12276
2026-08-07 09:02:52,lht65-20,52.2507,5.97306,3.018,19.66,64.4,13423
2026-08-07 09:12:52,lht65-20,52.2507,5.97306,3.018,20.02,62.3,15895
2026-08-07 09:22:52,lht65-20,52.2507,5.97306,3.019,20.44,60.5,16211
2026-08-07 09:32:52,lht65-20,52.2507,5.97306,3.018,20.24,61.2,13762
2026-08-07 09:42:52,lht65-20,52.2507,5.97306,3.021,20.01,60.4,10181
2026-08-07 09:52:52,lht65-20,52.2507,5.97306,3.018,19.66,60.0,10556
2026-08-07 10:02:52,lht65-20,52.2507,5.97306,3.018,19.9,62.5,11047
2026-08-07 10:12:52,lht65-20,52.2507,5.97306,3.018,20.08,60.6,7298
2026-08-07 10:22:52,lht65-20,52.2507,5.97306,3.019,19.51,62.2,3150
2026-08-07 10:32:52,lht65-20,52.2507,5.97306,3.018,17.68,75.3,2965
2026-08-07 10:42:52,lht65-20,52.2507,5.97306,3.018,16.72,79.6,3655
2026-08-07 10:52:52,lht65-20,52.2507,5.97306,3.016,16.43,81.5,4317
2026-08-07 11:02:52,lht65-20,52.2507,5.97306,3.016,16.54,84.2,6506
2026-08-07 11:12:52,lht65-20,52.2507,5.97306,3.016,16.87,80.9,9220
2026-08-07 11:22:52,lht65-20,52.2507,5.97306,3.018,17.48,80.5,11207
2026-08-07 11:32:52,lht65-20,52.2507,5.97306,3.016,18.24,76.5,15499
2026-08-07 11:42:52,lht65-20,52.2507,5.97306,3.018,19.1,71.5,18421
2026-08-07 11:52:52,lht65-20,52.2507,5.97306,3.018,19.76,67.3,14138
2026-08-07 12:02:52,lht65-20,52.2507,5.97306,3.018,19.78,64.2,11780
2026-08-07 12:12:52,lht65-20,52.2507,5.97306,3.018,19.91,65.6,11125
2026-08-07 12:22:52,lht65-20,52.2507,5.97306,3.018,19.7,62.2,10410
2026-08-07 12:32:52,lht65-20,52.2507,5.97306,3.018,19.67,63.4,10657
2026-08-07 12:42:52,lht65-20,52.2507,5.97306,3.018,19.66,63.0,12490
2026-08-07 12:52:52,lht65-20,52.2507,5.97306,3.019,19.88,59.4,12435
2026-08-07 13:02:52,lht65-20,52.2507,5.97306,3.018,20.11,59.4,12970
2026-08-07 13:12:52,lht65-20,52.2507,5.97306,3.018,20.16,59.4,11944
2026-08-07 13:22:52,lht65-20,52.2507,5.97306,3.019,20.34,62.8,10935
2026-08-07 13:32:52,lht65-20,52.2507,5.97306,3.018,20.51,62.5,13862
2026-08-07 13:42:52,lht65-20,52.2507,5.97306,3.018,20.57,63.4,16807
2026-08-07 13:52:52,lht65-20,52.2507,5.97306,3.018,21.65,60.2,23281
2026-08-07 14:02:52,lht65-20,52.2507,5.97306,3.019,22.41,56.0,29280
2026-08-07 14:12:52,lht65-20,52.2507,5.97306,3.019,22.9,53.8,23931
2026-08-07 14:22:52,lht65-20,52.2507,5.97306,3.023,23.51,53.0,23215
2026-08-07 14:32:52,lht65-20,52.2507,5.97306,3.021,23.17,52.8,27413
2026-08-07 14:42:52,lht65-20,52.2507,5.97306,3.021,22.93,51.6,29128
2026-08-07 14:52:52,lht65-20,52.2507,5.97306,3.021,21.72,55.0,14780
2026-08-07 15:02:52,lht65-20,52.2507,5.97306,3.021,21.15,57.2,7973
2026-08-07 15:12:52,lht65-20,52.2507,5.97306,3.019,20.98,57.5,9222
2026-08-07 15:22:52,lht65-20,52.2507,5.97306,3.019,20.72,59.9,10389
2026-08-07 15:32:52,lht65-20,52.2507,5.97306,3.019,21.2,56.7,13603
2026-08-07 15:42:52,lht65-20,52.2507,5.97306,3.021,22.04,53.6,10539
2026-08-07 15:52:52,lht65-20,52.2507,5.97306,3.019,21.41,55.5,8827
2026-08-07 16:02:52,lht65-20,52.2507,5.97306,3.019,21.38,54.7,7901
2026-08-07 16:12:52,lht65-20,52.2507,5.97306,3.019,21.19,57.0,10829
2026-08-07 16:22:52,lht65-20,52.2507,5.97306,3.018,21.82,53.4,9590
2026-08-07 16:32:52,lht65-20,52.2507,5.97306,3.019,21.13,57.9,14826
2026-08-07 16:42:52,lht65-20,52.2507,5.97306,3.021,22.49,54.7,20672
2026-08-07 16:52:52,lht65-20,52.2507,5.97306,3.021,22.75,53.7,20179
2026-08-07 17:02:52,lht65-20,52.2507,5.97306,3.021,22.47,48.4,18642
2026-08-07 17:12:52,lht65-20,52.2507,5.97306,3.021,22.85,47.9,15139
2026-08-07 17:22:52,lht65-20,52.2507,5.97306,3.021,22.94,51.6,14999
2026-08-07 17:32:52,lht65-20,52.2507,5.97306,3.021,22.79,53.4,14966
2026-08-07 17:42:52,lht65-20,52.2507,5.97306,3.021,23.08,46.8,12293
2026-08-07 17:52:52,lht65-20,52.2507,5.97306,3.021,22.39,46.8,9845
2026-08-07 18:02:52,lht65-20,52.2507,5.97306,3.019,22.15,46.7,9268
2026-08-07 18:12:52,lht65-20,52.2507,5.97306,3.021,21.88,46.1,7269
2026-08-07 18:22:52,lht65-20,52.2507,5.97306,3.021,21.44,47.7,5712
2026-08-07 18:32:52,lht65-20,52.2507,5.97306,3.019,21.0,51.5,4121
2026-08-07 18:42:52,lht65-20,52.2507,5.97306,3.019,20.41,52.8,2453
2026-08-07 18:52:52,lht65-20,52.2507,5.97306,3.018,19.57,54.7,1039
2026-08-07 19:02:52,lht65-20,52.2507,5.97306,3.018,18.1,61.1,564
2026-08-07 19:12:52,lht65-20,52.2507,5.97306,3.018,16.87,65.4,280
2026-08-07 19:22:52,lht65-20,52.2507,5.97306,3.016,15.72,70.0,117
2026-08-07 19:32:52,lht65-20,52.2507,5.97306,3.016,14.62,75.9,36
2026-08-07 19:42:52,lht65-20,52.2507,5.97306,3.012,13.71,79.9,8
2026-08-07 19:52:52,lht65-20,52.2507,5.97306,3.012,13.18,82.6,1
2026-08-07 20:02:52,lht65-20,52.2507,5.97306,3.012,12.76,84.8,0
2026-08-07 20:12:52,lht65-20,52.2507,5.97306,3.012,12.65,84.2,0
2026-08-07 20:22:52,lht65-20,52.2507,5.97306,3.012,12.45,84.8,0
2026-08-07 20:32:52,lht65-20,52.2507,5.97306,3.012,12.14,84.6,0
2026-08-07 20:42:52,lht65-20,52.2507,5.97306,3.01,11.78,87.3,0
2026-08-07 20:52:52,lht65-20,52.2507,5.97306,3.012,11.55,88.7,0
2026-08-07 21:02:52,lht65-20,52.2507,5.97306,3.009,11.37,89.4,0
2026-08-07 21:12:52,lht65-20,52.2507,5.97306,3.009,11.03,88.3,0
2026-08-07 21:22:52,lht65-20,52.2507,5.97306,3.009,10.76,90.3,0
2026-08-07 21:32:52,lht65-20,52.2507,5.97306,3.009,10.6,90.8,0
2026-08-07 21:42:52,lht65-20,52.2507,5.97306,3.009,10.42,91.1,0
2026-08-07 21:52:52,lht65-20,52.2507,5.97306,3.007,10.15,91.3,0
2026-08-07 22:02:52,lht65-20,52.2507,5.97306,3.005,9.83,91.7,0
2026-08-07 22:12:52,lht65-20,52.2507,5.97306,3.005,9.7,92.6,0
2026-08-07 22:22:52,lht65-20,52.2507,5.97306,3.005,9.56,93.1,0
2026-08-07 22:32:52,lht65-20,52.2507,5.97306,3.005,9.4,93.4,0
2026-08-07 22:42:52,lht65-20,52.2507,5.97306,3.005,9.41,94.1,0
2026-08-07 22:52:52,lht65-20,52.2507,5.97306,3.003,9.21,94.1,0
2026-08-07 23:02:52,lht65-20,52.2507,5.97306,3.003,9.08,94.3,0
2026-08-07 23:12:52,lht65-20,52.2507,5.97306,3.003,8.89,94.4,0
2026-08-07 23:22:52,lht65-20,52.2507,5.97306,3.001,8.52,94.4,0
2026-08-07 23:32:52,lht65-20,52.2507,5.97306,3.001,8.25,94.4,0
2026-08-07 23:42:52,lht65-20,52.2507,5.97306,3.001,7.9,94.2,0
2026-08-07 23:52:52,lht65-20,52.2507,5.97306,3.0,7.62,94.5,0
2026-08-08 00:02:52,lht65-20,52.2507,5.97306,3.0,7.52,95.0,0
2026-08-08 00:12:52,lht65-20,52.2507,5.97306,3.001,7.91,95.5,0
2026-08-08 00:22:52,lht65-20,52.2507,5.97306,3.0,7.92,95.9,0
2026-08-08 00:32:52,lht65-20,52.2507,5.97306,2.998,7.65,96.2,0
2026-08-08 00:42:52,lht65-20,52.2507,5.97306,2.998,7.38,96.3,0
2026-08-08 00:52:52,lht65-20,52.2507,5.97306,2.998,6.97,96.3,0
2026-08-08 01:02:52,lht65-20,52.2507,5.97306,2.998,7.18,96.4,0
2026-08-08 01:12:52,lht65-20,52.2507,5.97306,2.998,7.27,96.5,0
2026-08-08 01:22:52,lht65-20,52.2507,5.97306,2.998,7.14,96.7,0
2026-08-08 01:32:52,lht65-20,52.2507,5.97306,2.998,7.09,96.8,0
2026-08-08 01:42:52,lht65-20,52.2507,5.97306,2.998,7.19,96.9,0
2026-08-08 01:52:52,lht65-20,52.2507,5.97306,2.998,7.05,97.0,0
2026-08-08 02:02:52,lht65-20,52.2507,5.97306,2.998,6.72,97.0,0
2026-08-08 02:12:52,lht65-20,52.2507,5.97306,2.996,6.44,97.1,0
2026-08-08 02:22:52,lht65-20,52.2507,5.97306,2.998,6.18,97.1,0
2026-08-08 02:32:52,lht65-20,52.2507,5.97306,2.994,6.18,97.1,0
2026-08-08 02:42:52,lht65-20,52.2507,5.97306,2.994,6.12,97.2,0
2026-08-08 02:52:52,lht65-20,52.2507,5.97306,2.998,6.5,97.2,0
2026-08-08 03:02:52,lht65-20,52.2507,5.97306,2.994,6.75,97.3,0
2026-08-08 03:12:52,lht65-20,52.2507,5.97306,2.998,6.83,97.4,0
2026-08-08 03:22:52,lht65-20,52.2507,5.97306,2.998,6.75,97.5,0
2026-08-08 03:32:52,lht65-20,52.2507,5.97306,2.998,6.72,97.5,2
2026-08-08 03:42:52,lht65-20,52.2507,5.97306,2.994,6.5,97.6,12
2026-08-08 03:52:52,lht65-20,52.2507,5.97306,2.994,6.2,97.7,49
2026-08-08 04:02:52,lht65-20,52.2507,5.97306,2.994,5.93,97.7,147
2026-08-08 04:12:52,lht65-20,52.2507,5.97306,2.994,6.07,97.8,340
2026-08-08 04:22:52,lht65-20,52.2507,5.97306,2.994,6.05,97.8,649
2026-08-08 04:32:52,lht65-20,52.2507,5.97306,2.994,6.27,97.8,1085
2026-08-08 04:42:52,lht65-20,52.2507,5.97306,2.994,6.26,97.9,1510
2026-08-08 04:52:52,lht65-20,52.2507,5.97306,2.994,6.59,97.9,1958
2026-08-08 05:02:52,lht65-20,52.2507,5.97306,2.996,7.05,97.9,2697
2026-08-08 05:12:52,lht65-20,52.2507,5.97306,2.996,7.38,97.9,4778
2026-08-08 05:22:52,lht65-20,52.2507,5.97306,2.998,9.01,98.0,7959
2026-08-08 05:32:52,lht65-20,52.2507,5.97306,3.0,9.9,98.0,9136
2026-08-08 05:42:52,lht65-20,52.2507,5.97306,3.001,10.91,97.9,10410
2026-08-08 05:52:52,lht65-20,52.2507,5.97306,3.003,11.62,97.8,11752
2026-08-08 06:02:52,lht65-20,52.2507,5.97306,3.005,12.6,97.3,12965
2026-08-08 06:12:52,lht65-20,52.2507,5.97306,3.005,13.36,93.5,14143
2026-08-08 06:22:52,lht65-20,52.2507,5.97306,3.009,14.26,87.5,15255
2026-08-08 06:32:52,lht65-20,52.2507,5.97306,3.009,15.26,82.2,16350
2026-08-08 06:42:52,lht65-20,52.2507,5.97306,3.012,16.36,78.5,18156
2026-08-08 06:52:52,lht65-20,52.2507,5.97306,3.009,16.91,74.3,19330
2026-08-08 07:02:52,lht65-20,52.2507,5.97306,3.01,17.38,72.1,20253
2026-08-08 07:12:52,lht65-20,52.2507,5.97306,3.012,17.89,69.4,21070
2026-08-08 07:22:52,lht65-20,52.2507,5.97306,3.012,18.72,66.2,21748
2026-08-08 07:32:52,lht65-20,52.2507,5.97306,3.014,19.45,63.2,22462
2026-08-08 07:42:52,lht65-20,52.2507,5.97306,3.012,19.82,63.1,23125
2026-08-08 07:52:52,lht65-20,52.2507,5.97306,3.016,20.13,59.9,23908
2026-08-08 08:02:52,lht65-20,52.2507,5.97306,3.014,20.38,58.8,24590
2026-08-08 08:12:52,lht65-20,52.2507,5.97306,3.016,20.8,55.8,25410
2026-08-08 08:22:52,lht65-20,52.2507,5.97306,3.016,21.15,56.4,25948
2026-08-08 08:32:52,lht65-20,52.2507,5.97306,3.014,21.6,56.0,26465
2026-08-08 08:42:52,lht65-20,52.2507,5.97306,3.018,22.19,53.1,27082
2026-08-08 08:52:52,lht65-20,52.2507,5.97306,3.016,22.44,52.2,27815
2026-08-08 09:02:52,lht65-20,52.2507,5.97306,3.016,22.95,45.2,28546
2026-08-08 09:12:52,lht65-20,52.2507,5.97306,3.016,23.48,42.1,28955
2026-08-08 09:22:52,lht65-20,52.2507,5.97306,3.018,23.42,44.5,29546
2026-08-08 09:32:52,lht65-20,52.2507,5.97306,3.018,23.94,42.0,29755
2026-08-08 09:42:52,lht65-20,52.2507,5.97306,3.018,23.87,42.8,30019
2026-08-08 09:52:52,lht65-20,52.2507,5.97306,3.018,24.18,42.3,29980
2026-08-08 10:02:52,lht65-20,52.2507,5.97306,3.018,24.02,42.3,30772
2026-08-08 10:12:52,lht65-20,52.2507,5.97306,3.018,24.33,40.2,31360
2026-08-08 10:22:52,lht65-20,52.2507,5.97306,3.016,24.54,40.5,31647
2026-08-08 10:32:52,lht65-20,52.2507,5.97306,3.018,24.71,38.7,32054
2026-08-08 10:42:52,lht65-20,52.2507,5.97306,3.018,24.64,39.2,32010
2026-08-08 10:52:52,lht65-20,52.2507,5.97306,3.018,24.79,38.5,32374
2026-08-08 11:02:52,lht65-20,52.2507,5.97306,3.018,24.93,38.4,32627
2026-08-08 11:12:52,lht65-20,52.2507,5.97306,3.018,25.44,37.3,32846
2026-08-08 11:22:52,lht65-20,52.2507,5.97306,3.018,25.78,38.1,32723
2026-08-08 11:32:52,lht65-20,52.2507,5.97306,3.018,25.38,36.7,32801
2026-08-08 11:42:52,lht65-20,52.2507,5.97306,3.019,25.64,36.8,32612
2026-08-08 11:52:52,lht65-20,52.2507,5.97306,3.018,26.44,35.5,29955
2026-08-08 12:02:52,lht65-20,52.2507,5.97306,3.018,26.25,35.3,32995
2026-08-08 12:12:52,lht65-20,52.2507,5.97306,3.019,26.39,35.5,32325
2026-08-08 12:22:52,lht65-20,52.2507,5.97306,3.019,26.22,36.1,32975
2026-08-08 12:32:52,lht65-20,52.2507,5.97306,3.019,26.4,34.8,32727
2026-08-08 12:42:52,lht65-20,52.2507,5.97306,3.021,26.25,35.4,31758
2026-08-08 12:52:52,lht65-20,52.2507,5.97306,3.019,26.15,35.8,28820
2026-08-08 13:02:52,lht65-20,52.2507,5.97306,3.019,26.47,37.7,31948
2026-08-08 13:12:52,lht65-20,52.2507,5.97306,3.019,26.78,36.2,29036
2026-08-08 13:22:52,lht65-20,52.2507,5.97306,3.019,26.03,36.3,26463
2026-08-08 13:32:52,lht65-20,52.2507,5.97306,3.021,27.02,35.1,30484
2026-08-08 13:42:52,lht65-20,52.2507,5.97306,3.019,27.33,35.5,30039
2026-08-08 13:52:52,lht65-20,52.2507,5.97306,3.023,26.97,35.0,29580
2026-08-08 14:02:52,lht65-20,52.2507,5.97306,3.021,27.03,34.6,29135
2026-08-08 14:12:52,lht65-20,52.2507,5.97306,3.021,27.37,35.5,28940
2026-08-08 14:22:52,lht65-20,52.2507,5.97306,3.023,27.42,32.8,28085
2026-08-08 14:32:52,lht65-20,52.2507,5.97306,3.021,27.45,34.8,27559
2026-08-08 14:42:52,lht65-20,52.2507,5.97306,3.019,27.0,35.8,27312
2026-08-08 14:52:52,lht65-20,52.2507,5.97306,3.021,27.23,35.4,27343
2026-08-08 15:02:52,lht65-20,52.2507,5.97306,3.023,27.81,33.4,26209
2026-08-08 15:12:52,lht65-20,52.2507,5.97306,3.023,27.9,34.2,26373
2026-08-08 15:22:52,lht65-20,52.2507,5.97306,3.023,27.34,33.6,25576
2026-08-08 15:32:52,lht65-20,52.2507,5.97306,3.023,27.49,35.1,25030
2026-08-08 15:42:52,lht65-20,52.2507,5.97306,3.023,27.62,34.8,24222
2026-08-08 15:52:52,lht65-20,52.2507,5.97306,3.021,27.67,33.1,23836
2026-08-08 16:02:52,lht65-20,52.2507,5.97306,3.021,27.5,34.1,23211
2026-08-08 16:12:52,lht65-20,52.2507,5.97306,3.023,27.72,33.5,22536
2026-08-08 16:22:52,lht65-20,52.2507,5.97306,3.023,27.92,34.0,21211
2026-08-08 16:32:52,lht65-20,52.2507,5.97306,3.023,27.6,33.1,21201
2026-08-08 16:42:52,lht65-20,52.2507,5.97306,3.023,27.72,33.7,19419
2026-08-08 16:52:52,lht65-20,52.2507,5.97306,3.023,27.22,34.2,17992
2026-08-08 17:02:52,lht65-20,52.2507,5.97306,3.021,27.41,34.7,17659
2026-08-08 17:12:52,lht65-20,52.2507,5.97306,3.023,27.3,35.3,15846
2026-08-08 17:22:52,lht65-20,52.2507,5.97306,3.023,27.05,36.1,13868
2026-08-08 17:32:52,lht65-20,52.2507,5.97306,3.023,27.03,35.9,12929
2026-08-08 17:42:52,lht65-20,52.2507,5.97306,3.023,26.9,35.7,10890
2026-08-08 17:52:52,lht65-20,52.2507,5.97306,3.023,26.74,36.5,7725
2026-08-08 18:02:52,lht65-20,52.2507,5.97306,3.023,25.97,39.6,6155
2026-08-08 18:12:52,lht65-20,52.2507,5.97306,3.023,25.0,41.6,3397
2026-08-08 18:22:52,lht65-20,52.2507,5.97306,3.023,23.68,46.0,2730
2026-08-08 18:32:52,lht65-20,52.2507,5.97306,3.023,22.65,48.1,1915
2026-08-08 18:42:52,lht65-20,52.2507,5.97306,3.021,21.5,54.4,1241
2026-08-08 18:52:52,lht65-20,52.2507,5.97306,3.019,20.35,56.4,747
2026-08-08 19:02:52,lht65-20,52.2507,5.97306,3.019,19.46,63.7,385
2026-08-08 19:12:52,lht65-20,52.2507,5.97306,3.018,18.88,64.1,180
2026-08-08 19:22:52,lht65-20,52.2507,5.97306,3.018,18.01,69.1,80
2026-08-08 19:32:52,lht65-20,52.2507,5.97306,3.018,17.05,69.8,25
2026-08-08 19:42:52,lht65-20,52.2507,5.97306,3.016,16.34,73.6,5
2026-08-08 19:52:52,lht65-20,52.2507,5.97306,3.016,15.9,76.6,0
2026-08-08 20:02:52,lht65-20,52.2507,5.97306,3.016,15.55,76.8,0
2026-08-08 20:12:52,lht65-20,52.2507,5.97306,3.016,15.35,76.8,0
2026-08-08 20:22:52,lht65-20,52.2507,5.97306,3.016,15.07,77.4,0
2026-08-08 20:32:52,lht65-20,52.2507,5.97306,3.016,14.59,80.0,0
2026-08-08 20:42:52,lht65-20,52.2507,5.97306,3.014,14.25,80.9,0
2026-08-08 20:52:52,lht65-20,52.2507,5.97306,3.012,14.0,80.6,0
2026-08-08 21:02:52,lht65-20,52.2507,5.97306,3.014,13.78,81.4,0
2026-08-08 21:12:52,lht65-20,52.2507,5.97306,3.012,13.47,82.1,0
2026-08-08 21:22:52,lht65-20,52.2507,5.97306,3.012,13.15,82.6,0
2026-08-08 21:32:52,lht65-20,52.2507,5.97306,3.012,12.89,84.0,0
2026-08-08 21:42:52,lht65-20,52.2507,5.97306,3.012,12.65,84.1,0
2026-08-08 21:52:52,lht65-20,52.2507,5.97306,3.012,12.51,84.3,0
2026-08-08 22:02:52,lht65-20,52.2507,5.97306,3.01,12.42,84.7,0
2026-08-08 22:12:52,lht65-20,52.2507,5.97306,3.009,12.24,85.7,0
2026-08-08 22:22:52,lht65-20,52.2507,5.97306,3.01,12.34,85.5,0
2026-08-08 22:32:52,lht65-20,52.2507,5.97306,3.009,12.4,85.7,0
2026-08-08 22:42:52,lht65-20,52.2507,5.97306,3.009,12.39,85.5,0
2026-08-08 22:52:52,lht65-20,52.2507,5.97306,3.01,12.47,85.2,0
2026-08-08 23:02:52,lht65-20,52.2507,5.97306,3.009,12.36,85.5,0
2026-08-08 23:12:52,lht65-20,52.2507,5.97306,3.012,12.34,85.2,0
2026-08-08 23:22:52,lht65-20,52.2507,5.97306,3.009,12.14,85.3,0
2026-08-08 23:32:52,lht65-20,52.2507,5.97306,3.009,11.82,85.7,0
2026-08-08 23:42:52,lht65-20,52.2507,5.97306,3.009,11.64,86.7,0
2026-08-08 23:52:52,lht65-20,52.2507,5.97306,3.009,11.65,86.5,0
2026-08-09 00:02:52,lht65-20,52.2507,5.97306,3.009,11.44,87.0,0
2026-08-09 00:12:52,lht65-20,52.2507,5.97306,3.009,11.22,87.5,0
2026-08-09 00:22:52,lht65-20,52.2507,5.97306,3.009,11.06,88.1,0
2026-08-09 00:32:52,lht65-20,52.2507,5.97306,3.007,10.81,88.3,0
2026-08-09 00:42:52,lht65-20,52.2507,5.97306,3.009,10.7,89.5,0
2026-08-09 00:52:52,lht65-20,52.2507,5.97306,3.007,10.77,89.5,0
2026-08-09 01:02:52,lht65-20,52.2507,5.97306,3.005,10.6,89.2,0
2026-08-09 01:12:52,lht65-20,52.2507,5.97306,3.007,10.5,90.2,0
2026-08-09 01:22:52,lht65-20,52.2507,5.97306,3.005,10.37,90.3,0
2026-08-09 01:32:52,lht65-20,52.2507,5.97306,3.005,10.2,90.7,0
2026-08-09 01:42:52,lht65-20,52.2507,5.97306,3.005,10.14,91.4,0
2026-08-09 01:52:52,lht65-20,52.2507,5.97306,3.005,10.13,91.9,0
2026-08-09 02:02:52,lht65-20,52.2507,5.97306,3.005,10.1,92.3,0
2026-08-09 02:12:52,lht65-20,52.2507,5.97306,3.003,9.9,92.1,0
2026-08-09 02:22:52,lht65-20,52.2507,5.97306,3.001,9.86,92.8,0
2026-08-09 02:32:52,lht65-20,52.2507,5.97306,3.005,9.72,92.8,0
2026-08-09 02:42:52,lht65-20,52.2507,5.97306,3.003,9.57,93.1,0
2026-08-09 02:52:52,lht65-20,52.2507,5.97306,3.001,9.47,93.4,0
2026-08-09 03:02:52,lht65-20,52.2507,5.97306,3.001,9.36,93.9,0
2026-08-09 03:12:52,lht65-20,52.2507,5.97306,3.003,9.41,94.4,0
2026-08-09 03:22:52,lht65-20,52.2507,5.97306,3.001,9.31,94.4,0
2026-08-09 03:32:52,lht65-20,52.2507,5.97306,3.001,9.11,94.3,1
2026-08-09 03:42:52,lht65-20,52.2507,5.97306,3.0,9.07,94.6,9
2026-08-09 03:52:52,lht65-20,52.2507,5.97306,3.001,8.99,95.0,39
2026-08-09 04:02:52,lht65-20,52.2507,5.97306,3.001,8.79,95.0,126
2026-08-09 04:12:52,lht65-20,52.2507,5.97306,3.001,8.72,95.1,349
2026-08-09 04:22:52,lht65-20,52.2507,5.97306,3.001,8.81,95.3,680
2026-08-09 04:32:52,lht65-20,52.2507,5.97306,3.0,8.93,95.5,1135
2026-08-09 04:42:52,lht65-20,52.2507,5.97306,3.001,9.09,95.7,1540
2026-08-09 04:52:52,lht65-20,52.2507,5.97306,3.001,9.12,95.7,1951
2026-08-09 05:02:52,lht65-20,52.2507,5.97306,3.001,9.6,95.9,2587
2026-08-09 05:12:52,lht65-20,52.2507,5.97306,3.001,10.05,96.0,6232
2026-08-09 05:22:52,lht65-20,52.2507,5.97306,3.001,11.34,95.9,8248
2026-08-09 05:32:52,lht65-20,52.2507,5.97306,3.005,12.19,91.8,4760
2026-08-09 05:42:52,lht65-20,52.2507,5.97306,3.007,13.23,90.3,10820
2026-08-09 05:52:52,lht65-20,52.2507,5.97306,3.007,14.27,87.7,12331
2026-08-09 06:02:52,lht65-20,52.2507,5.97306,3.009,15.49,82.6,13759
2026-08-09 06:12:52,lht65-20,52.2507,5.97306,3.009,16.95,79.3,15008
2026-08-09 06:22:52,lht65-20,52.2507,5.97306,3.012,18.27,72.0,16161
2026-08-09 06:32:52,lht65-20,52.2507,5.97306,3.012,18.86,69.0,17237
2026-08-09 06:42:52,lht65-20,52.2507,5.97306,3.014,19.43,67.4,18132
2026-08-09 06:52:52,lht65-20,52.2507,5.97306,3.014,19.78,67.9,18997
2026-08-09 07:02:52,lht65-20,52.2507,5.97306,3.016,20.62,64.1,19965
2026-08-09 07:12:52,lht65-20,52.2507,5.97306,3.014,21.19,62.0,20911
2026-08-09 07:22:52,lht65-20,52.2507,5.97306,3.016,21.74,61.5,21732
2026-08-09 07:32:52,lht65-20,52.2507,5.97306,3.016,22.78,57.5,22468
2026-08-09 07:42:52,lht65-20,52.2507,5.97306,3.016,23.53,55.5,23317
2026-08-09 07:52:52,lht65-20,52.2507,5.97306,3.018,24.61,55.2,24105
2026-08-09 08:02:52,lht65-20,52.2507,5.97306,3.018,25.11,50.9,24906
2026-08-09 08:12:52,lht65-20,52.2507,5.97306,3.018,25.73,47.1,25618
2026-08-09 08:22:52,lht65-20,52.2507,5.97306,3.019,26.45,43.1,26219
2026-08-09 08:32:52,lht65-20,52.2507,5.97306,3.018,27.17,40.7,26747
2026-08-09 08:42:52,lht65-20,52.2507,5.97306,3.018,27.32,38.4,27301
2026-08-09 08:52:52,lht65-20,52.2507,5.97306,3.021,27.47,39.4,27750
2026-08-09 09:02:52,lht65-20,52.2507,5.97306,3.019,28.16,36.0,28292
2026-08-09 09:12:52,lht65-20,52.2507,5.97306,3.019,28.76,35.3,28801
2026-08-09 09:22:52,lht65-20,52.2507,5.97306,3.021,29.28,35.3,29226
2026-08-09 09:32:52,lht65-20,52.2507,5.97306,3.019,29.79,33.8,29999
2026-08-09 09:42:52,lht65-20,52.2507,5.97306,3.021,30.19,33.6,30331
2026-08-09 09:52:52,lht65-20,52.2507,5.97306,3.023,29.71,33.9,30486
2026-08-09 10:02:52,lht65-20,52.2507,5.97306,3.021,30.01,31.3,31475
2026-08-09 10:12:52,lht65-20,52.2507,5.97306,3.021,30.25,29.2,32275
2026-08-09 10:22:52,lht65-20,52.2507,5.97306,3.021,30.55,29.9,32998
2026-08-09 10:32:52,lht65-20,52.2507,5.97306,3.023,30.49,28.6,32295
2026-08-09 10:42:52,lht65-20,52.2507,5.97306,3.023,30.29,27.9,31175
2026-08-09 10:52:52,lht65-20,52.2507,5.97306,3.023,30.44,27.4,17100
2026-08-09 11:02:52,lht65-20,52.2507,5.97306,3.023,30.38,27.0,33693
2026-08-09 11:12:52,lht65-20,52.2507,5.97306,3.023,30.84,25.7,30740
2026-08-09 11:22:52,lht65-20,52.2507,5.97306,3.023,30.63,26.3,32049
2026-08-09 11:32:52,lht65-20,52.2507,5.97306,3.023,30.98,25.4,32885
2026-08-09 11:42:52,lht65-20,52.2507,5.97306,3.023,31.15,23.0,34032
2026-08-09 11:52:52,lht65-20,52.2507,5.97306,3.023,31.07,21.9,33494
2026-08-09 12:02:52,lht65-20,52.2507,5.97306,3.023,31.34,22.1,32630
2026-08-09 12:12:52,lht65-20,52.2507,5.97306,3.025,31.96,20.4,33430
2026-08-09 12:22:52,lht65-20,52.2507,5.97306,3.025,32.06,22.0,33008
2026-08-09 12:32:52,lht65-20,52.2507,5.97306,3.023,31.86,21.5,30625
2026-08-09 12:42:52,lht65-20,52.2507,5.97306,3.027,32.05,22.3,32292
2026-08-09 12:52:52,lht65-20,52.2507,5.97306,3.027,32.53,21.9,31307
2026-08-09 13:02:52,lht65-20,52.2507,5.97306,3.027,32.21,23.4,32047
2026-08-09 13:12:52,lht65-20,52.2507,5.97306,3.027,32.19,23.3,31751
2026-08-09 13:22:52,lht65-20,52.2507,5.97306,3.027,32.09,23.0,32278
2026-08-09 13:32:52,lht65-20,52.2507,5.97306,3.027,32.26,23.1,29875
2026-08-09 13:52:52,lht65-20,52.2507,5.97306,3.027,32.55,23.6,30775
2026-08-09 14:02:52,lht65-20,52.2507,5.97306,3.027,32.71,24.4,27200
2026-08-09 14:12:52,lht65-20,52.2507,5.97306,3.027,31.95,25.0,18339
2026-08-09 14:22:52,lht65-20,52.2507,5.97306,3.027,32.09,26.2,27092
2026-08-09 14:32:52,lht65-20,52.2507,5.97306,3.027,32.35,26.1,23527
2026-08-09 14:42:52,lht65-20,52.2507,5.97306,3.027,31.92,27.4,27302
2026-08-09 14:52:52,lht65-20,52.2507,5.97306,3.027,31.96,25.8,26503
2026-08-09 15:02:52,lht65-20,52.2507,5.97306,3.027,32.21,26.5,23859
2026-08-09 15:12:52,lht65-20,52.2507,5.97306,3.027,31.37,27.2,12949
2026-08-09 15:22:52,lht65-20,52.2507,5.97306,3.029,30.67,28.5,11733
2026-08-09 15:42:52,lht65-20,52.2507,5.97306,3.027,29.68,30.0,10085
2026-08-09 15:52:52,lht65-20,52.2507,5.97306,3.027,29.56,31.2,8380
2026-08-09 16:02:52,lht65-20,52.2507,5.97306,3.027,29.37,30.9,8122
2026-08-09 16:12:52,lht65-20,52.2507,5.97306,3.027,29.31,31.0,6781
2026-08-09 16:22:52,lht65-20,52.2507,5.97306,3.027,29.06,30.9,4485
2026-08-09 16:32:52,lht65-20,52.2507,5.97306,3.027,28.79,31.8,3158
2026-08-09 16:42:52,lht65-20,52.2507,5.97306,3.029,28.54,32.3,2923
2026-08-09 16:52:52,lht65-20,52.2507,5.97306,3.027,28.33,33.6,2745
2026-08-09 17:02:52,lht65-20,52.2507,5.97306,3.027,28.3,33.1,5718
2026-08-09 17:12:52,lht65-20,52.2507,5.97306,3.027,28.46,32.0,5728
2026-08-09 17:22:52,lht65-20,52.2507,5.97306,3.027,28.47,32.8,4156
2026-08-09 17:32:52,lht65-20,52.2507,5.97306,3.027,28.36,33.6,4215
2026-08-09 17:42:52,lht65-20,52.2507,5.97306,3.027,28.32,35.0,3297
2026-08-09 17:52:52,lht65-20,52.2507,5.97306,3.027,28.06,35.5,1930
2026-08-09 18:02:52,lht65-20,52.2507,5.97306,3.027,27.65,39.0,1393
2026-08-09 18:12:52,lht65-20,52.2507,5.97306,3.027,27.06,39.6,1420
2026-08-09 18:22:52,lht65-20,52.2507,5.97306,3.027,26.74,39.2,1350
2026-08-09 18:32:52,lht65-20,52.2507,5.97306,3.027,26.16,43.1,930
2026-08-09 18:42:52,lht65-20,52.2507,5.97306,3.027,25.64,44.5,401
2026-08-09 18:52:52,lht65-20,52.2507,5.97306,3.027,25.13,44.6,197
2026-08-09 19:02:52,lht65-20,52.2507,5.97306,3.027,24.52,46.3,123
2026-08-09 19:12:52,lht65-20,52.2507,5.97306,3.027,23.94,55.5,54
2026-08-09 19:22:52,lht65-20,52.2507,5.97306,3.025,23.36,52.6,19
2026-08-09 19:32:52,lht65-20,52.2507,5.97306,3.027,23.07,54.4,4
2026-08-09 19:42:52,lht65-20,52.2507,5.97306,3.027,22.95,55.0,0
2026-08-09 19:52:52,lht65-20,52.2507,5.97306,3.027,22.78,56.3,0
2026-08-09 20:02:52,lht65-20,52.2507,5.97306,3.027,22.48,59.2,0
2026-08-09 20:12:52,lht65-20,52.2507,5.97306,3.023,22.2,59.2,0
2026-08-09 20:22:52,lht65-20,52.2507,5.97306,3.023,21.81,64.1,0
2026-08-09 20:32:52,lht65-20,52.2507,5.97306,3.023,21.38,64.4,0
2026-08-09 20:42:52,lht65-20,52.2507,5.97306,3.023,21.16,68.2,0
2026-08-09 20:52:52,lht65-20,52.2507,5.97306,3.025,20.75,72.3,0
2026-08-09 21:02:52,lht65-20,52.2507,5.97306,3.023,20.26,70.1,0
2026-08-09 21:12:52,lht65-20,52.2507,5.97306,3.023,19.74,66.6,0
2026-08-09 21:22:52,lht65-20,52.2507,5.97306,3.023,19.75,69.1,0
2026-08-09 21:32:52,lht65-20,52.2507,5.97306,3.023,18.9,71.1,0
2026-08-09 21:42:52,lht65-20,52.2507,5.97306,3.021,18.3,69.5,0
2026-08-09 21:52:52,lht65-20,52.2507,5.97306,3.019,18.4,67.7,0
2026-08-09 22:02:52,lht65-20,52.2507,5.97306,3.021,19.03,65.4,0
2026-08-09 22:12:52,lht65-20,52.2507,5.97306,3.023,19.75,59.3,0
2026-08-09 22:22:52,lht65-20,52.2507,5.97306,3.023,20.28,57.0,0
2026-08-09 22:32:52,lht65-20,52.2507,5.97306,3.023,20.46,55.6,0
2026-08-09 22:42:52,lht65-20,52.2507,5.97306,3.023,20.43,54.9,0
2026-08-09 22:52:52,lht65-20,52.2507,5.97306,3.023,20.58,54.1,0
2026-08-09 23:02:52,lht65-20,52.2507,5.97306,3.023,20.9,52.7,0
2026-08-09 23:12:52,lht65-20,52.2507,5.97306,3.023,20.96,52.8,0
2026-08-09 23:22:52,lht65-20,52.2507,5.97306,3.023,21.34,51.0,0
2026-08-09 23:32:52,lht65-20,52.2507,5.97306,3.023,21.8,50.1,0
2026-08-09 23:42:52,lht65-20,52.2507,5.97306,3.025,22.01,49.3,0
2026-08-09 23:52:52,lht65-20,52.2507,5.97306,3.023,22.06,49.0,0
2026-08-10 00:02:52,lht65-20,52.2507,5.97306,3.025,21.9,49.6,0
2026-08-10 00:12:52,lht65-20,52.2507,5.97306,3.025,21.51,50.0,0
2026-08-10 00:22:52,lht65-20,52.2507,5.97306,3.023,21.19,50.9,0
2026-08-10 00:32:52,lht65-20,52.2507,5.97306,3.023,21.08,50.8,0
2026-08-10 00:42:52,lht65-20,52.2507,5.97306,3.023,20.86,51.6,0
2026-08-10 00:52:52,lht65-20,52.2507,5.97306,3.023,20.58,52.1,0
2026-08-10 01:02:52,lht65-20,52.2507,5.97306,3.023,20.34,53.0,0
2026-08-10 01:12:52,lht65-20,52.2507,5.97306,3.023,20.19,53.5,0
2026-08-10 01:22:52,lht65-20,52.2507,5.97306,3.021,19.98,54.3,0
2026-08-10 01:32:52,lht65-20,52.2507,5.97306,3.023,19.89,54.5,0
2026-08-10 01:42:52,lht65-20,52.2507,5.97306,3.021,19.81,55.1,0
2026-08-10 01:52:52,lht65-20,52.2507,5.97306,3.023,19.48,56.1,0
2026-08-10 02:02:52,lht65-20,52.2507,5.97306,3.023,19.3,56.9,0
2026-08-10 02:12:52,lht65-20,52.2507,5.97306,3.021,18.88,58.8,0
2026-08-10 02:22:52,lht65-20,52.2507,5.97306,3.021,18.46,60.3,0
2026-08-10 02:32:52,lht65-20,52.2507,5.97306,3.019,18.13,61.8,0
2026-08-10 02:42:52,lht65-20,52.2507,5.97306,3.019,17.87,62.9,0
2026-08-10 02:52:52,lht65-20,52.2507,5.97306,3.019,17.77,62.8,0
2026-08-10 03:02:52,lht65-20,52.2507,5.97306,3.019,17.87,62.8,0
2026-08-10 03:12:52,lht65-20,52.2507,5.97306,3.018,18.2,62.3,0
2026-08-10 03:22:52,lht65-20,52.2507,5.97306,3.019,18.16,62.5,0
2026-08-10 03:32:52,lht65-20,52.2507,5.97306,3.021,18.24,62.4,0
2026-08-10 03:42:52,lht65-20,52.2507,5.97306,3.019,18.17,62.9,5
2026-08-10 03:52:52,lht65-20,52.2507,5.97306,3.021,18.07,63.6,26
2026-08-10 04:02:52,lht65-20,52.2507,5.97306,3.019,18.02,64.0,88
2026-08-10 04:12:52,lht65-20,52.2507,5.97306,3.019,17.8,64.9,218
2026-08-10 04:22:52,lht65-20,52.2507,5.97306,3.019,17.9,65.0,495
2026-08-10 04:32:52,lht65-20,52.2507,5.97306,3.018,18.18,64.8,735
2026-08-10 04:42:52,lht65-20,52.2507,5.97306,3.019,18.41,64.5,1081
2026-08-10 04:52:52,lht65-20,52.2507,5.97306,3.019,18.51,64.7,1533
2026-08-10 05:02:52,lht65-20,52.2507,5.97306,3.019,18.72,64.7,1959
2026-08-10 05:12:52,lht65-20,52.2507,5.97306,3.021,18.94,64.7,2937
2026-08-10 05:22:52,lht65-20,52.2507,5.97306,3.021,19.01,64.7,3445
2026-08-10 05:32:52,lht65-20,52.2507,5.97306,3.019,19.15,64.9,8213
2026-08-10 05:42:52,lht65-20,52.2507,5.97306,3.018,19.66,63.5,10794
2026-08-10 05:52:52,lht65-20,52.2507,5.97306,3.019,20.03,64.4,13923
2026-08-10 06:02:52,lht65-20,52.2507,5.97306,3.021,20.34,65.5,8390
2026-08-10 06:12:52,lht65-20,52.2507,5.97306,3.023,20.26,67.5,7404
2026-08-10 06:22:52,lht65-20,52.2507,5.97306,3.021,20.24,69.1,6392
2026-08-10 06:32:52,lht65-20,52.2507,5.97306,3.021,20.44,70.5,12545
2026-08-10 06:42:52,lht65-20,52.2507,5.97306,3.021,20.8,69.4,16085
2026-08-10 06:52:52,lht65-20,52.2507,5.97306,3.021,21.24,69.7,15110
2026-08-10 07:02:52,lht65-20,52.2507,5.97306,3.023,21.81,69.8,7727
2026-08-10 07:12:52,lht65-20,52.2507,5.97306,3.023,21.59,69.9,18707
2026-08-10 07:22:52,lht65-20,52.2507,5.97306,3.023,22.09,68.9,21493
2026-08-10 07:32:52,lht65-20,52.2507,5.97306,3.023,22.72,69.8,17945
2026-08-10 07:42:52,lht65-20,52.2507,5.97306,3.021,22.78,69.6,11476
2026-08-10 07:52:52,lht65-20,52.2507,5.97306,3.023,23.35,68.1,23985
2026-08-10 08:02:52,lht65-20,52.2507,5.97306,3.023,23.57,66.9,24372
2026-08-10 08:12:52,lht65-20,52.2507,5.97306,3.023,24.49,63.8,25894
2026-08-10 08:22:52,lht65-20,52.2507,5.97306,3.025,25.52,57.7,29212
2026-08-10 08:32:52,lht65-20,52.2507,5.97306,3.023,26.42,56.6,29605
2026-08-10 08:42:52,lht65-20,52.2507,5.97306,3.023,25.44,59.0,18563
2026-08-10 08:52:52,lht65-20,52.2507,5.97306,3.023,25.71,59.0,28850
2026-08-10 09:02:52,lht65-20,52.2507,5.97306,3.023,25.88,57.7,27418
2026-08-10 09:12:52,lht65-20,52.2507,5.97306,3.025,25.3,59.8,28165
2026-08-10 09:22:52,lht65-20,52.2507,5.97306,3.027,26.1,55.4,31210
2026-08-10 09:32:52,lht65-20,52.2507,5.97306,3.023,26.68,53.7,32120
2026-08-10 09:42:52,lht65-20,52.2507,5.97306,3.025,26.82,53.2,11975
2026-08-10 09:52:52,lht65-20,52.2507,5.97306,3.027,26.17,54.5,31247
2026-08-10 10:02:52,lht65-20,52.2507,5.97306,3.025,26.34,51.8,32686
2026-08-10 10:12:52,lht65-20,52.2507,5.97306,3.025,26.3,50.4,33146
2026-08-10 10:22:52,lht65-20,52.2507,5.97306,3.027,26.87,46.6,34667
2026-08-10 10:32:52,lht65-20,52.2507,5.97306,3.025,27.26,45.1,35811
2026-08-10 10:42:52,lht65-20,52.2507,5.97306,3.027,26.49,46.4,41090
2026-08-10 10:52:52,lht65-20,52.2507,5.97306,3.027,26.16,49.6,41718
2026-08-10 11:02:52,lht65-20,52.2507,5.97306,3.027,25.97,48.6,12805
2026-08-10 11:12:52,lht65-20,52.2507,5.97306,3.025,25.69,49.5,40745
2026-08-10 11:22:52,lht65-20,52.2507,5.97306,3.023,25.85,49.4,14133
2026-08-10 11:32:52,lht65-20,52.2507,5.97306,3.025,25.22,53.2,37548
2026-08-10 11:42:52,lht65-20,52.2507,5.97306,3.027,27.2,48.2,15128
2026-08-10 11:52:51,lht65-20,52.2507,5.97306,3.027,26.43,50.3,45209
2026-08-10 12:02:52,lht65-20,52.2507,5.97306,3.027,26.06,50.9,42195
2026-08-10 12:12:52,lht65-20,52.2507,5.97306,3.025,25.46,54.2,17580
2026-08-10 12:22:52,lht65-20,52.2507,5.97306,3.027,26.72,52.5,37099
2026-08-10 12:32:52,lht65-20,52.2507,5.97306,3.027,26.22,53.9,40632
2026-08-10 12:42:52,lht65-20,52.2507,5.97306,3.027,25.76,54.8,37974
2026-08-10 12:52:52,lht65-20,52.2507,5.97306,3.027,26.44,53.4,36665
2026-08-10 13:02:51,lht65-20,52.2507,5.97306,3.027,25.53,54.3,35615
2026-08-10 13:12:51,lht65-20,52.2507,5.97306,3.027,26.33,51.9,33236
2026-08-10 13:22:52,lht65-20,52.2507,5.97306,3.027,24.97,53.6,33815
2026-08-10 13:32:52,lht65-20,52.2507,5.97306,3.025,25.54,52.6,34345
2026-08-10 13:42:51,lht65-20,52.2507,5.97306,3.027,26.25,50.0,19187
2026-08-10 13:52:51,lht65-20,52.2507,5.97306,3.027,26.37,49.1,31720
2026-08-10 14:02:51,lht65-20,52.2507,5.97306,3.027,26.8,48.0,34064
2026-08-10 14:12:51,lht65-20,52.2507,5.97306,3.027,26.2,47.3,30188
2026-08-10 14:22:51,lht65-20,52.2507,5.97306,3.027,26.38,46.8,29683
2026-08-10 14:32:51,lht65-20,52.2507,5.97306,3.027,26.4,46.3,29926
2026-08-10 14:42:51,lht65-20,52.2507,5.97306,3.027,26.33,45.5,33300
2026-08-10 14:52:51,lht65-20,52.2507,5.97306,3.025,26.16,45.6,29281
2026-08-10 15:02:51,lht65-20,52.2507,5.97306,3.027,26.7,44.8,9102
2026-08-10 15:12:51,lht65-20,52.2507,5.97306,3.027,26.18,45.6,31975
2026-08-10 15:22:51,lht65-20,52.2507,5.97306,3.027,26.52,44.0,28883
2026-08-10 15:32:51,lht65-20,52.2507,5.97306,3.027,26.74,44.6,26089
2026-08-10 15:42:51,lht65-20,52.2507,5.97306,3.027,25.97,45.3,23379
2026-08-10 15:52:51,lht65-20,52.2507,5.97306,3.025,24.93,48.4,23925
2026-08-10 16:02:51,lht65-20,52.2507,5.97306,3.027,25.48,45.5,16493
2026-08-10 16:12:52,lht65-20,52.2507,5.97306,3.027,24.25,48.5,9945
2026-08-10 16:22:52,lht65-20,52.2507,5.97306,3.027,24.04,48.5,22958
2026-08-10 16:32:51,lht65-20,52.2507,5.97306,3.027,23.57,47.7,11380
2026-08-10 16:42:52,lht65-20,52.2507,5.97306,3.023,22.7,50.2,12955
2026-08-10 16:52:51,lht65-20,52.2507,5.97306,3.025,23.32,46.1,13197
2026-08-10 17:02:52,lht65-20,52.2507,5.97306,3.023,22.95,45.7,13495
2026-08-10 17:12:51,lht65-20,52.2507,5.97306,3.023,22.91,46.8,10205
2026-08-10 17:22:52,lht65-20,52.2507,5.97306,3.023,22.46,49.3,6032
2026-08-10 17:32:52,lht65-20,52.2507,5.97306,3.023,21.71,51.7,6137
2026-08-10 17:42:52,lht65-20,52.2507,5.97306,3.023,21.27,53.7,4550
2026-08-10 17:52:52,lht65-20,52.2507,5.97306,3.023,20.81,54.9,3906
2026-08-10 18:02:51,lht65-20,52.2507,5.97306,3.023,20.43,56.4,3523
2026-08-10 18:12:51,lht65-20,52.2507,5.97306,3.021,20.14,57.5,4567
2026-08-10 18:22:51,lht65-20,52.2507,5.97306,3.021,19.98,58.3,2366
2026-08-10 18:32:51,lht65-20,52.2507,5.97306,3.023,19.55,60.3,1764
2026-08-10 18:42:51,lht65-20,52.2507,5.97306,3.023,19.1,61.7,1207
2026-08-10 18:52:52,lht65-20,52.2507,5.97306,3.021,18.73,60.9,715
2026-08-10 19:02:51,lht65-20,52.2507,5.97306,3.019,18.35,62.4,346
2026-08-10 19:12:51,lht65-20,52.2507,5.97306,3.021,17.87,64.5,147
2026-08-10 19:22:51,lht65-20,52.2507,5.97306,3.021,17.56,65.8,50
2026-08-10 19:32:51,lht65-20,52.2507,5.97306,3.019,17.4,67.6,13
2026-08-10 19:42:51,lht65-20,52.2507,5.97306,3.019,17.17,69.4,2
2026-08-10 19:52:51,lht65-20,52.2507,5.97306,3.018,16.95,70.9,0
2026-08-10 20:02:51,lht65-20,52.2507,5.97306,3.018,16.72,72.5,0
2026-08-10 20:12:51,lht65-20,52.2507,5.97306,3.019,16.53,73.5,0
2026-08-10 20:22:51,lht65-20,52.2507,5.97306,3.018,16.29,74.8,0
2026-08-10 20:32:51,lht65-20,52.2507,5.97306,3.018,16.19,75.4,0
2026-08-10 20:42:52,lht65-20,52.2507,5.97306,3.019,15.82,76.7,0
2026-08-10 20:52:52,lht65-20,52.2507,5.97306,3.018,15.55,77.7,0
2026-08-10 21:02:51,lht65-20,52.2507,5.97306,3.018,15.33,78.7,0
2026-08-10 21:12:51,lht65-20,52.2507,5.97306,3.016,15.17,79.2,0
2026-08-10 21:22:51,lht65-20,52.2507,5.97306,3.016,14.86,80.3,0
2026-08-10 21:32:51,lht65-20,52.2507,5.97306,3.016,14.61,80.9,0
2026-08-10 21:42:51,lht65-20,52.2507,5.97306,3.016,14.34,80.9,0
2026-08-10 21:52:51,lht65-20,52.2507,5.97306,3.016,14.11,81.2,0
2026-08-10 22:02:51,lht65-20,52.2507,5.97306,3.016,13.97,81.0,0
2026-08-10 22:12:51,lht65-20,52.2507,5.97306,3.014,13.67,81.8,0
2026-08-10 22:22:52,lht65-20,52.2507,5.97306,3.014,13.33,83.2,0
2026-08-10 22:32:51,lht65-20,52.2507,5.97306,3.014,13.19,84.1,0
2026-08-10 22:42:51,lht65-20,52.2507,5.97306,3.014,12.87,85.1,0
2026-08-10 22:52:51,lht65-20,52.2507,5.97306,3.012,12.41,86.8,0
2026-08-10 23:02:51,lht65-20,52.2507,5.97306,3.012,11.94,87.4,0
2026-08-10 23:12:51,lht65-20,52.2507,5.97306,3.012,11.65,89.7,0
2026-08-10 23:22:52,lht65-20,52.2507,5.97306,3.012,11.4,89.3,0
2026-08-10 23:32:52,lht65-20,52.2507,5.97306,3.012,10.96,90.6,0
2026-08-10 23:42:51,lht65-20,52.2507,5.97306,3.012,10.89,92.6,0
2026-08-10 23:52:52,lht65-20,52.2507,5.97306,3.009,10.49,92.2,0
2026-08-11 00:02:52,lht65-20,52.2507,5.97306,3.009,10.43,93.2,0
2026-08-11 00:12:52,lht65-20,52.2507,5.97306,3.009,10.18,93.5,0
2026-08-11 00:22:52,lht65-20,52.2507,5.97306,3.007,9.83,93.2,0
2026-08-11 00:32:52,lht65-20,52.2507,5.97306,3.009,9.72,93.8,0
2026-08-11 00:42:52,lht65-20,52.2507,5.97306,3.007,9.34,94.0,0
2026-08-11 01:02:52,lht65-20,52.2507,5.97306,3.005,8.72,94.0,0
2026-08-11 01:12:52,lht65-20,52.2507,5.97306,3.003,8.55,94.8,0
2026-08-11 01:22:51,lht65-20,52.2507,5.97306,3.003,8.14,94.9,0
2026-08-11 01:32:52,lht65-20,52.2507,5.97306,3.001,8.07,95.1,0
2026-08-11 01:42:51,lht65-20,52.2507,5.97306,3.001,8.07,95.4,0
2026-08-11 01:52:52,lht65-20,52.2507,5.97306,3.001,7.69,95.6,0
2026-08-11 02:02:51,lht65-20,52.2507,5.97306,3.001,7.53,95.6,0
2026-08-11 02:12:52,lht65-20,52.2507,5.97306,3.001,7.65,95.9,0
2026-08-11 02:22:52,lht65-20,52.2507,5.97306,3.001,7.53,96.1,0
2026-08-11 02:32:52,lht65-20,52.2507,5.97306,3.003,7.31,96.2,0
2026-08-11 02:42:52,lht65-20,52.2507,5.97306,3.0,7.11,96.3,0
2026-08-11 02:52:52,lht65-20,52.2507,5.97306,3.001,7.16,96.4,0
2026-08-11 03:02:52,lht65-20,52.2507,5.97306,3.0,7.16,96.5,0
2026-08-11 03:12:52,lht65-20,52.2507,5.97306,3.0,6.9,96.6,0
2026-08-11 03:22:52,lht65-20,52.2507,5.97306,3.001,6.9,96.7,0
2026-08-11 03:32:52,lht65-20,52.2507,5.97306,2.998,6.75,96.8,0
2026-08-11 03:42:52,lht65-20,52.2507,5.97306,3.0,6.72,96.9,5
2026-08-11 03:52:52,lht65-20,52.2507,5.97306,2.998,6.43,97.0,27
2026-08-11 04:02:52,lht65-20,52.2507,5.97306,2.998,6.15,97.0,95
2026-08-11 04:12:52,lht65-20,52.2507,5.97306,2.998,6.32,97.1,257
2026-08-11 04:22:52,lht65-20,52.2507,5.97306,2.998,6.66,97.1,547
2026-08-11 04:32:52,lht65-20,52.2507,5.97306,2.998,6.92,97.2,955
2026-08-11 04:42:52,lht65-20,52.2507,5.97306,2.998,6.94,97.4,1330
2026-08-11 04:52:52,lht65-20,52.2507,5.97306,3.0,7.44,97.4,1725
2026-08-11 05:02:52,lht65-20,52.2507,5.97306,3.0,7.98,97.5,2763
2026-08-11 05:12:52,lht65-20,52.2507,5.97306,3.001,8.68,97.6,7566
2026-08-11 05:22:52,lht65-20,52.2507,5.97306,3.003,9.92,97.6,9070
2026-08-11 05:32:52,lht65-20,52.2507,5.97306,3.003,10.71,97.6,10429
2026-08-11 05:42:52,lht65-20,52.2507,5.97306,3.007,11.94,97.5,11718
2026-08-11 05:52:52,lht65-20,52.2507,5.97306,3.009,13.42,97.0,13004
2026-08-11 06:02:52,lht65-20,52.2507,5.97306,3.01,14.15,92.0,14306
2026-08-11 06:12:52,lht65-20,52.2507,5.97306,3.012,15.34,80.4,15510
2026-08-11 06:22:52,lht65-20,52.2507,5.97306,3.012,15.65,76.8,16480
2026-08-11 06:32:52,lht65-20,52.2507,5.97306,3.012,16.0,75.2,17424
2026-08-11 06:42:52,lht65-20,52.2507,5.97306,3.012,16.61,73.4,18405
2026-08-11 06:52:52,lht65-20,52.2507,5.97306,3.014,17.17,69.5,19219
2026-08-11 07:02:52,lht65-20,52.2507,5.97306,3.014,17.25,67.4,19957
2026-08-11 07:12:52,lht65-20,52.2507,5.97306,3.014,17.54,68.2,20493
2026-08-11 07:22:52,lht65-20,52.2507,5.97306,3.014,17.76,65.8,21249
2026-08-11 07:32:52,lht65-20,52.2507,5.97306,3.016,18.04,64.8,21931
2026-08-11 07:42:52,lht65-20,52.2507,5.97306,3.016,18.24,64.3,22700
2026-08-11 07:52:52,lht65-20,52.2507,5.97306,3.016,18.27,63.2,23411
2026-08-11 08:02:52,lht65-20,52.2507,5.97306,3.014,18.57,61.5,24090
2026-08-11 08:12:52,lht65-20,52.2507,5.97306,3.016,19.1,60.3,24722
2026-08-11 08:22:52,lht65-20,52.2507,5.97306,3.016,19.48,59.3,25459
2026-08-11 08:32:52,lht65-20,52.2507,5.97306,3.016,19.52,57.1,26309
2026-08-11 08:42:52,lht65-20,52.2507,5.97306,3.016,19.81,56.1,26965
2026-08-11 08:52:52,lht65-20,52.2507,5.97306,3.018,20.19,54.6,26571
2026-08-11 09:02:52,lht65-20,52.2507,5.97306,3.016,19.84,54.4,22639
2026-08-11 09:12:52,lht65-20,52.2507,5.97306,3.016,20.13,54.4,22035
2026-08-11 09:22:52,lht65-20,52.2507,5.97306,3.018,20.77,54.0,27942
2026-08-11 09:32:52,lht65-20,52.2507,5.97306,3.018,21.11,52.3,21154
2026-08-11 09:42:52,lht65-20,52.2507,5.97306,3.018,20.63,51.3,25235
2026-08-11 09:52:52,lht65-20,52.2507,5.97306,3.018,20.86,51.9,24052
2026-08-11 10:02:52,lht65-20,52.2507,5.97306,3.018,20.75,52.5,29611
2026-08-11 10:12:52,lht65-20,52.2507,5.97306,3.018,21.6,50.9,30894
2026-08-11 10:22:52,lht65-20,52.2507,5.97306,3.018,21.86,49.9,31329
2026-08-11 10:32:52,lht65-20,52.2507,5.97306,3.018,21.86,49.9,25826
2026-08-11 10:42:52,lht65-20,52.2507,5.97306,3.018,22.15,50.8,32100
2026-08-11 10:52:52,lht65-20,52.2507,5.97306,3.018,22.49,47.5,31752
2026-08-11 11:02:52,lht65-20,52.2507,5.97306,3.019,22.72,47.8,32342
2026-08-11 11:12:52,lht65-20,52.2507,5.97306,3.018,23.1,46.8,34055
2026-08-11 11:22:52,lht65-20,52.2507,5.97306,3.019,22.86,45.0,30027
2026-08-11 11:32:52,lht65-20,52.2507,5.97306,3.018,23.02,45.0,29518
2026-08-11 11:42:52,lht65-20,52.2507,5.97306,3.018,23.5,43.5,30469
2026-08-11 11:52:52,lht65-20,52.2507,5.97306,3.019,23.36,43.1,31100
2026-08-11 12:02:52,lht65-20,52.2507,5.97306,3.019,24.03,42.1,31007
2026-08-11 12:12:52,lht65-20,52.2507,5.97306,3.018,23.88,41.5,32022
2026-08-11 12:22:52,lht65-20,52.2507,5.97306,3.018,23.43,41.7,32591
2026-08-11 12:32:52,lht65-20,52.2507,5.97306,3.019,23.75,42.5,32594
2026-08-11 12:42:52,lht65-20,52.2507,5.97306,3.018,23.74,41.3,31695
2026-08-11 12:52:52,lht65-20,52.2507,5.97306,3.019,23.78,42.7,28473
2026-08-11 13:12:52,lht65-20,52.2507,5.97306,3.021,24.24,41.0,30184
2026-08-11 13:22:52,lht65-20,52.2507,5.97306,3.019,24.21,41.4,28745
2026-08-11 13:32:52,lht65-20,52.2507,5.97306,3.021,23.96,40.6,29900
2026-08-11 13:42:51,lht65-20,52.2507,5.97306,3.019,24.15,40.6,29883
2026-08-11 13:52:52,lht65-20,52.2507,5.97306,3.021,24.31,42.6,29936
2026-08-11 14:02:52,lht65-20,52.2507,5.97306,3.019,24.32,41.0,28752
2026-08-11 14:12:52,lht65-20,52.2507,5.97306,3.019,24.8,39.9,29325
2026-08-11 14:22:52,lht65-20,52.2507,5.97306,3.021,24.46,39.2,28021
2026-08-11 14:32:51,lht65-20,52.2507,5.97306,3.019,24.3,41.0,28175
2026-08-11 14:42:52,lht65-20,52.2507,5.97306,3.021,24.25,39.4,25295
2026-08-11 14:52:52,lht65-20,52.2507,5.97306,3.019,24.25,40.6,27464
2026-08-11 15:12:51,lht65-20,52.2507,5.97306,3.021,23.71,41.8,25266
2026-08-11 15:22:51,lht65-20,52.2507,5.97306,3.019,23.91,41.9,24514
2026-08-11 15:32:52,lht65-20,52.2507,5.97306,3.019,23.73,42.3,22217
2026-08-11 15:42:51,lht65-20,52.2507,5.97306,3.019,23.74,41.5,21407
2026-08-11 15:52:51,lht65-20,52.2507,5.97306,3.019,23.64,41.8,23191
2026-08-11 16:02:52,lht65-20,52.2507,5.97306,3.019,23.71,41.4,22412
2026-08-11 16:12:52,lht65-20,52.2507,5.97306,3.019,23.89,41.6,21655
2026-08-11 16:22:51,lht65-20,52.2507,5.97306,3.021,23.75,39.9,20823
2026-08-11 16:32:52,lht65-20,52.2507,5.97306,3.019,23.3,42.0,19990
2026-08-11 16:42:52,lht65-20,52.2507,5.97306,3.018,22.94,42.8,18879
2026-08-11 16:52:52,lht65-20,52.2507,5.97306,3.019,23.1,42.2,17936
2026-08-11 17:02:52,lht65-20,52.2507,5.97306,3.021,23.15,42.4,16731
2026-08-11 17:12:51,lht65-20,52.2507,5.97306,3.018,22.64,43.9,15455
2026-08-11 17:22:52,lht65-20,52.2507,5.97306,3.019,22.49,42.9,14092
2026-08-11 17:32:52,lht65-20,52.2507,5.97306,3.018,22.21,44.2,12660
2026-08-11 17:42:51,lht65-20,52.2507,5.97306,3.018,22.1,43.6,10309
2026-08-11 17:52:51,lht65-20,52.2507,5.97306,3.018,21.41,45.3,6890
2026-08-11 18:02:52,lht65-20,52.2507,5.97306,3.019,21.15,46.0,7712
2026-08-11 18:12:52,lht65-20,52.2507,5.97306,3.018,20.85,46.9,6150
2026-08-11 18:22:52,lht65-20,52.2507,5.97306,3.018,20.46,48.4,4305
2026-08-11 18:32:51,lht65-20,52.2507,5.97306,3.018,19.86,50.5,2721
2026-08-11 18:42:52,lht65-20,52.2507,5.97306,3.018,19.29,52.3,1230
2026-08-11 18:52:52,lht65-20,52.2507,5.97306,3.018,18.68,53.5,785
2026-08-11 19:02:52,lht65-20,52.2507,5.97306,3.016,18.21,54.8,413
2026-08-11 19:12:51,lht65-20,52.2507,5.97306,3.016,17.8,55.7,162
2026-08-11 19:22:52,lht65-20,52.2507,5.97306,3.016,17.44,56.7,53
2026-08-11 19:32:52,lht65-20,52.2507,5.97306,3.016,17.07,58.1,12
2026-08-11 19:42:52,lht65-20,52.2507,5.97306,3.016,16.77,58.8,2
2026-08-11 19:52:52,lht65-20,52.2507,5.97306,3.014,16.52,59.9,0
2026-08-11 20:02:52,lht65-20,52.2507,5.97306,3.014,16.22,61.3,0
2026-08-11 20:12:52,lht65-20,52.2507,5.97306,3.014,15.94,62.2,0
2026-08-11 20:22:51,lht65-20,52.2507,5.97306,3.014,15.45,64.1,0
2026-08-11 20:32:52,lht65-20,52.2507,5.97306,3.012,15.06,65.6,0
2026-08-11 20:42:52,lht65-20,52.2507,5.97306,3.012,14.74,67.1,0
2026-08-11 20:52:51,lht65-20,52.2507,5.97306,3.012,14.35,68.7,0
2026-08-11 21:12:52,lht65-20,52.2507,5.97306,3.012,13.13,73.7,0
2026-08-11 21:22:52,lht65-20,52.2507,5.97306,3.012,12.4,76.5,0
2026-08-11 21:32:52,lht65-20,52.2507,5.97306,3.012,11.96,79.7,0
2026-08-11 21:42:52,lht65-20,52.2507,5.97306,3.007,11.76,81.4,0
2026-08-11 21:52:52,lht65-20,52.2507,5.97306,3.009,11.6,82.0,0
2026-08-11 22:02:51,lht65-20,52.2507,5.97306,3.007,11.59,82.6,0
2026-08-11 22:12:51,lht65-20,52.2507,5.97306,3.007,11.5,82.9,0
2026-08-11 22:22:51,lht65-20,52.2507,5.97306,3.007,11.34,83.2,0
2026-08-11 22:32:51,lht65-20,52.2507,5.97306,3.009,11.32,83.7,0
2026-08-11 22:42:51,lht65-20,52.2507,5.97306,3.007,11.21,84.3,0
2026-08-11 22:52:51,lht65-20,52.2507,5.97306,3.007,10.99,84.8,0
2026-08-11 23:02:51,lht65-20,52.2507,5.97306,3.007,10.67,85.4,0
2026-08-11 23:12:52,lht65-20,52.2507,5.97306,3.007,10.46,87.7,0
2026-08-11 23:22:52,lht65-20,52.2507,5.97306,3.005,10.4,87.9,0
2026-08-11 23:32:51,lht65-20,52.2507,5.97306,3.003,10.11,88.3,0
2026-08-11 23:42:52,lht65-20,52.2507,5.97306,3.005,9.96,89.8,0
2026-08-11 23:52:52,lht65-20,52.2507,5.97306,3.001,9.93,90.5,0
2026-08-12 00:02:52,lht65-20,52.2507,5.97306,3.003,10.01,90.1,0
2026-08-12 00:12:52,lht65-20,52.2507,5.97306,3.003,9.99,89.8,0
2026-08-12 00:22:52,lht65-20,52.2507,5.97306,3.003,9.79,89.2,0
2026-08-12 00:32:52,lht65-20,52.2507,5.97306,3.001,9.58,90.1,0
2026-08-12 00:42:51,lht65-20,52.2507,5.97306,3.003,9.54,91.7,0
2026-08-12 00:52:52,lht65-20,52.2507,5.97306,3.001,9.47,91.8,0
2026-08-12 01:02:54,lht65-20,52.2507,5.97306,3.001,9.48,92.0,0
2026-08-12 01:12:51,lht65-20,52.2507,5.97306,3.001,9.34,91.9,0
2026-08-12 01:22:52,lht65-20,52.2507,5.97306,3.001,9.26,92.0,0
2026-08-12 01:32:52,lht65-20,52.2507,5.97306,3.001,9.15,92.3,0
2026-08-12 01:42:52,lht65-20,52.2507,5.97306,3.001,9.0,92.7,0
2026-08-12 01:52:51,lht65-20,52.2507,5.97306,3.0,8.79,93.1,0
2026-08-12 02:02:52,lht65-20,52.2507,5.97306,3.0,8.72,93.7,0
2026-08-12 02:22:52,lht65-20,52.2507,5.97306,3.001,8.49,94.3,0
2026-08-12 02:32:52,lht65-20,52.2507,5.97306,2.998,8.4,94.5,0
2026-08-12 02:42:52,lht65-20,52.2507,5.97306,3.0,8.39,94.8,0
2026-08-12 02:52:52,lht65-20,52.2507,5.97306,2.998,8.21,95.0,0
2026-08-12 03:02:52,lht65-20,52.2507,5.97306,2.998,8.05,94.9,0
2026-08-12 03:12:52,lht65-20,52.2507,5.97306,2.998,8.01,95.2,0
2026-08-12 03:22:52,lht65-20,52.2507,5.97306,2.998,7.96,95.4,0
2026-08-12 03:32:52,lht65-20,52.2507,5.97306,2.998,7.84,95.5,0
2026-08-12 03:42:52,lht65-20,52.2507,5.97306,2.998,7.84,95.7,5
2026-08-12 03:52:52,lht65-20,52.2507,5.97306,2.998,7.8,95.9,24
2026-08-12 04:02:52,lht65-20,52.2507,5.97306,2.998,7.74,95.9,90
2026-08-12 04:12:52,lht65-20,52.2507,5.97306,2.998,7.73,96.0,246
2026-08-12 04:22:52,lht65-20,52.2507,5.97306,2.998,7.63,96.1,537
2026-08-12 04:32:52,lht65-20,52.2507,5.97306,2.998,7.67,96.1,970
2026-08-12 04:42:52,lht65-20,52.2507,5.97306,2.998,7.62,96.1,1416
2026-08-12 04:52:52,lht65-20,52.2507,5.97306,2.998,7.69,96.1,1897
2026-08-12 05:02:52,lht65-20,52.2507,5.97306,2.996,8.21,96.2,3011
2026-08-12 05:12:52,lht65-20,52.2507,5.97306,2.998,8.97,96.4,7035
2026-08-12 05:22:52,lht65-20,52.2507,5.97306,3.0,10.19,96.2,7975
2026-08-12 05:32:52,lht65-20,52.2507,5.97306,3.001,11.45,93.9,9703
2026-08-12 05:42:52,lht65-20,52.2507,5.97306,3.003,12.5,85.0,10884
2026-08-12 05:52:52,lht65-20,52.2507,5.97306,3.005,13.27,80.5,12357
2026-08-12 06:02:52,lht65-20,52.2507,5.97306,3.005,13.96,77.8,13597
2026-08-12 06:12:52,lht65-20,52.2507,5.97306,3.007,14.3,76.2,14874
2026-08-12 06:22:52,lht65-20,52.2507,5.97306,3.009,14.59,74.4,16067
2026-08-12 06:32:52,lht65-20,52.2507,5.97306,3.009,14.92,73.1,16838
2026-08-12 06:42:52,lht65-20,52.2507,5.97306,3.009,15.52,71.5,17184
2026-08-12 06:52:52,lht65-20,52.2507,5.97306,3.009,15.82,69.5,17592
2026-08-12 07:02:52,lht65-20,52.2507,5.97306,3.009,16.05,70.1,19262
2026-08-12 07:12:52,lht65-20,52.2507,5.97306,3.009,16.83,66.5,20123
2026-08-12 07:22:52,lht65-20,52.2507,5.97306,3.009,17.32,65.6,21021
2026-08-12 07:32:52,lht65-20,52.2507,5.97306,3.012,17.96,61.6,21618
2026-08-12 07:42:52,lht65-20,52.2507,5.97306,3.012,18.64,59.2,22651
2026-08-12 07:52:52,lht65-20,52.2507,5.97306,3.012,19.22,57.8,22750
2026-08-12 08:02:52,lht65-20,52.2507,5.97306,3.012,19.83,54.7,19001
2026-08-12 08:12:52,lht65-20,52.2507,5.97306,3.014,20.14,54.4,24080
2026-08-12 08:22:52,lht65-20,52.2507,5.97306,3.012,20.81,53.0,23344
2026-08-12 08:32:52,lht65-20,52.2507,5.97306,3.016,21.02,51.8,22602
2026-08-12 08:42:52,lht65-20,52.2507,5.97306,3.014,21.43,51.0,24095
2026-08-12 08:52:52,lht65-20,52.2507,5.97306,3.014,21.64,50.4,25117
2026-08-12 09:02:52,lht65-20,52.2507,5.97306,3.016,22.2,49.1,26499
2026-08-12 09:12:52,lht65-20,52.2507,5.97306,3.016,22.62,47.7,28578
2026-08-12 09:22:52,lht65-20,52.2507,5.97306,3.016,23.34,45.8,26090
2026-08-12 09:32:52,lht65-20,52.2507,5.97306,3.016,23.58,46.0,25753
2026-08-12 09:42:52,lht65-20,52.2507,5.97306,3.016,24.11,43.0,29885
2026-08-12 09:52:52,lht65-20,52.2507,5.97306,3.016,24.48,41.0,29939
2026-08-12 10:02:52,lht65-20,52.2507,5.97306,3.016,24.95,41.7,29473
2026-08-12 10:12:52,lht65-20,52.2507,5.97306,3.018,25.65,39.0,32238
2026-08-12 10:22:52,lht65-20,52.2507,5.97306,3.018,25.93,39.3,33034
2026-08-12 10:32:52,lht65-20,52.2507,5.97306,3.016,26.0,36.8,30357
2026-08-12 10:42:52,lht65-20,52.2507,5.97306,3.018,26.32,36.3,30960
2026-08-12 10:52:52,lht65-20,52.2507,5.97306,3.018,26.64,36.4,31939
2026-08-12 11:02:52,lht65-20,52.2507,5.97306,3.018,27.04,35.8,30095
2026-08-12 11:12:52,lht65-20,52.2507,5.97306,3.018,27.03,34.7,31134
2026-08-12 11:22:52,lht65-20,52.2507,5.97306,3.018,27.21,34.3,31944
2026-08-12 11:32:52,lht65-20,52.2507,5.97306,3.018,27.3,34.1,33137
2026-08-12 11:42:52,lht65-20,52.2507,5.97306,3.018,27.74,31.4,33655
2026-08-12 11:52:53,lht65-20,52.2507,5.97306,3.018,28.1,31.1,32520
2026-08-12 12:02:52,lht65-20,52.2507,5.97306,3.018,28.42,30.9,31140
2026-08-12 12:12:52,lht65-20,52.2507,5.97306,3.018,28.31,30.1,31715
2026-08-12 12:22:52,lht65-20,52.2507,5.97306,3.019,28.91,31.6,31873
2026-08-12 12:32:52,lht65-20,52.2507,5.97306,3.019,29.04,29.5,31409
2026-08-12 12:42:52,lht65-20,52.2507,5.97306,3.019,29.06,28.7,31903
2026-08-12 13:02:52,lht65-20,52.2507,5.97306,3.021,29.49,29.8,30784
2026-08-12 13:12:52,lht65-20,52.2507,5.97306,3.023,29.26,29.3,30721
2026-08-12 13:22:52,lht65-20,52.2507,5.97306,3.021,29.72,29.0,30380
2026-08-12 13:32:52,lht65-20,52.2507,5.97306,3.021,29.57,28.7,29967
2026-08-12 13:42:52,lht65-20,52.2507,5.97306,3.023,29.73,28.1,29440
2026-08-12 13:52:52,lht65-20,52.2507,5.97306,3.021,29.96,27.8,28950
2026-08-12 14:02:52,lht65-20,52.2507,5.97306,3.021,29.74,27.3,28505
2026-08-12 14:12:52,lht65-20,52.2507,5.97306,3.021,30.17,27.0,28095
2026-08-12 14:22:52,lht65-20,52.2507,5.97306,3.023,30.38,26.9,27486
2026-08-12 14:32:52,lht65-20,52.2507,5.97306,3.021,30.32,25.9,26962
2026-08-12 14:42:52,lht65-20,52.2507,5.97306,3.021,30.3,25.7,26790
2026-08-12 14:52:52,lht65-20,52.2507,5.97306,3.023,30.39,26.4,26252
2026-08-12 15:02:52,lht65-20,52.2507,5.97306,3.023,30.64,25.7,25810
2026-08-12 15:12:52,lht65-20,52.2507,5.97306,3.023,30.39,25.9,25233
2026-08-12 15:22:51,lht65-20,52.2507,5.97306,3.023,30.69,25.6,24638
2026-08-12 15:32:51,lht65-20,52.2507,5.97306,3.023,30.75,27.1,24058
2026-08-12 15:42:52,lht65-20,52.2507,5.97306,3.023,30.73,26.1,23496
2026-08-12 15:52:51,lht65-20,52.2507,5.97306,3.023,30.78,26.7,22465
2026-08-12 16:02:52,lht65-20,52.2507,5.97306,3.023,30.58,27.1,22222
2026-08-12 16:12:52,lht65-20,52.2507,5.97306,3.025,30.54,26.4,21476
2026-08-12 16:22:51,lht65-20,52.2507,5.97306,3.023,30.68,26.0,20701
2026-08-12 16:32:52,lht65-20,52.2507,5.97306,3.023,30.3,25.7,19775
2026-08-12 16:42:52,lht65-20,52.2507,5.97306,3.027,30.3,26.3,18845
2026-08-12 16:52:51,lht65-20,52.2507,5.97306,3.025,30.33,25.8,17720
2026-08-12 17:02:51,lht65-20,52.2507,5.97306,3.023,30.08,25.8,16493
2026-08-12 17:12:52,lht65-20,52.2507,5.97306,3.023,29.99,25.2,15336
2026-08-12 17:22:52,lht65-20,52.2507,5.97306,3.023,29.84,26.2,13488
2026-08-12 17:32:52,lht65-20,52.2507,5.97306,3.027,29.44,26.7,10448
2026-08-12 17:42:51,lht65-20,52.2507,5.97306,3.025,28.83,27.1,7029
2026-08-12 17:52:51,lht65-20,52.2507,5.97306,3.023,28.01,28.9,3831
2026-08-12 18:02:52,lht65-20,52.2507,5.97306,3.023,26.84,30.6,1467
2026-08-12 18:12:52,lht65-20,52.2507,5.97306,3.023,25.54,32.6,640
2026-08-12 18:22:52,lht65-20,52.2507,5.97306,3.023,24.12,35.8,1234
2026-08-12 18:32:51,lht65-20,52.2507,5.97306,3.023,23.02,38.5,1540
2026-08-12 18:42:51,lht65-20,52.2507,5.97306,3.021,22.21,40.3,800
2026-08-12 18:52:52,lht65-20,52.2507,5.97306,3.021,21.05,45.8,621
2026-08-12 19:02:52,lht65-20,52.2507,5.97306,3.021,20.12,47.0,360
2026-08-12 19:12:51,lht65-20,52.2507,5.97306,3.019,19.25,48.9,154
2026-08-12 19:22:52,lht65-20,52.2507,5.97306,3.019,18.54,57.9,48
2026-08-12 19:32:52,lht65-20,52.2507,5.97306,3.018,17.8,55.5,10
2026-08-12 19:52:52,lht65-20,52.2507,5.97306,3.016,16.48,64.2,0
2026-08-12 20:02:52,lht65-20,52.2507,5.97306,3.018,16.1,67.6,0
2026-08-12 20:12:52,lht65-20,52.2507,5.97306,3.016,15.93,68.6,0
2026-08-12 20:22:51,lht65-20,52.2507,5.97306,3.016,15.41,69.8,0
2026-08-12 20:32:52,lht65-20,52.2507,5.97306,3.016,15.3,74.1,0
2026-08-12 20:42:52,lht65-20,52.2507,5.97306,3.016,15.34,74.9,0
2026-08-12 20:52:52,lht65-20,52.2507,5.97306,3.016,15.43,71.4,0
2026-08-12 21:02:52,lht65-20,52.2507,5.97306,3.016,15.32,74.9,0
2026-08-12 21:12:52,lht65-20,52.2507,5.97306,3.016,15.08,72.5,0
2026-08-12 21:22:52,lht65-20,52.2507,5.97306,3.014,14.71,75.3,0
2026-08-12 21:32:52,lht65-20,52.2507,5.97306,3.016,14.6,75.9,0
2026-08-12 21:42:52,lht65-20,52.2507,5.97306,3.014,14.36,75.0,0
2026-08-12 21:52:52,lht65-20,52.2507,5.97306,3.012,14.06,76.8,0
2026-08-12 22:02:52,lht65-20,52.2507,5.97306,3.012,13.68,79.1,0
2026-08-12 22:12:52,lht65-20,52.2507,5.97306,3.012,13.22,79.5,0
2026-08-12 22:22:52,lht65-20,52.2507,5.97306,3.012,13.03,81.3,0
2026-08-12 22:32:52,lht65-20,52.2507,5.97306,3.012,13.12,80.7,0
2026-08-12 22:42:52,lht65-20,52.2507,5.97306,3.012,13.22,78.8,0
2026-08-12 22:52:52,lht65-20,52.2507,5.97306,3.012,13.14,80.6,0
2026-08-12 23:02:52,lht65-20,52.2507,5.97306,3.012,12.91,80.6,0
2026-08-12 23:12:52,lht65-20,52.2507,5.97306,3.012,12.72,81.3,0
2026-08-12 23:22:52,lht65-20,52.2507,5.97306,3.01,12.52,81.7,0
2026-08-12 23:32:52,lht65-20,52.2507,5.97306,3.012,12.6,80.3,0
2026-08-12 23:42:52,lht65-20,52.2507,5.97306,3.012,12.34,80.0,0
2026-08-12 23:52:52,lht65-20,52.2507,5.97306,3.01,11.92,85.6,0
2026-08-13 00:02:52,lht65-20,52.2507,5.97306,3.009,11.8,85.1,0
2026-08-13 00:12:53,lht65-20,52.2507,5.97306,3.009,11.78,83.5,0
2026-08-13 00:22:52,lht65-20,52.2507,5.97306,3.009,11.63,85.6,0
2026-08-13 00:32:52,lht65-20,52.2507,5.97306,3.009,11.51,84.4,0
2026-08-13 00:42:52,lht65-20,52.2507,5.97306,3.009,11.44,85.0,0
2026-08-13 00:52:52,lht65-20,52.2507,5.97306,3.007,11.31,85.6,0
2026-08-13 01:02:52,lht65-20,52.2507,5.97306,3.009,11.21,84.9,0
2026-08-13 01:12:52,lht65-20,52.2507,5.97306,3.009,10.95,86.8,0
2026-08-13 01:22:52,lht65-20,52.2507,5.97306,3.007,10.82,87.1,0
2026-08-13 01:32:52,lht65-20,52.2507,5.97306,3.007,10.9,85.4,0
2026-08-13 01:42:51,lht65-20,52.2507,5.97306,3.007,10.78,85.6,0
2026-08-13 01:52:52,lht65-20,52.2507,5.97306,3.005,10.56,86.9,0
2026-08-13 02:02:52,lht65-20,52.2507,5.97306,3.007,10.4,86.9,0
2026-08-13 02:12:52,lht65-20,52.2507,5.97306,3.003,10.27,86.3,0
2026-08-13 02:22:52,lht65-20,52.2507,5.97306,3.005,10.12,88.1,0
2026-08-13 02:32:52,lht65-20,52.2507,5.97306,3.003,9.91,89.0,0
2026-08-13 02:42:52,lht65-20,52.2507,5.97306,3.003,9.78,88.9,0
2026-08-13 02:52:52,lht65-20,52.2507,5.97306,3.005,9.51,90.3,0
2026-08-13 03:02:52,lht65-20,52.2507,5.97306,3.005,9.53,90.1,0
2026-08-13 03:12:52,lht65-20,52.2507,5.97306,3.005,9.4,89.3,0
2026-08-13 03:22:52,lht65-20,52.2507,5.97306,3.001,9.11,89.2,0
2026-08-13 03:32:52,lht65-20,52.2507,5.97306,3.003,9.03,91.6,0
2026-08-13 03:42:52,lht65-20,52.2507,5.97306,3.001,8.99,91.9,3
2026-08-13 03:52:52,lht65-20,52.2507,5.97306,3.001,8.73,90.9,16
2026-08-13 04:02:52,lht65-20,52.2507,5.97306,3.001,8.69,92.4,65
2026-08-13 04:12:52,lht65-20,52.2507,5.97306,3.003,8.66,93.1,191
2026-08-13 04:22:52,lht65-20,52.2507,5.97306,3.001,8.62,93.0,422
2026-08-13 04:32:52,lht65-20,52.2507,5.97306,3.001,8.68,93.2,768
2026-08-13 04:42:52,lht65-20,52.2507,5.97306,3.001,8.88,93.1,1156
2026-08-13 04:52:52,lht65-20,52.2507,5.97306,3.0,9.14,92.1,1590
2026-08-13 05:02:52,lht65-20,52.2507,5.97306,3.001,9.48,91.6,2186
2026-08-13 05:12:52,lht65-20,52.2507,5.97306,3.003,10.2,90.8,6171
2026-08-13 05:22:52,lht65-20,52.2507,5.97306,3.003,11.45,85.0,7624
2026-08-13 05:32:52,lht65-20,52.2507,5.97306,3.007,12.76,81.6,9164
2026-08-13 05:42:52,lht65-20,52.2507,5.97306,3.009,14.1,78.9,10569
2026-08-13 05:52:52,lht65-20,52.2507,5.97306,3.009,15.52,73.6,11910
2026-08-13 06:02:52,lht65-20,52.2507,5.97306,3.012,16.26,70.4,13107
2026-08-13 06:12:52,lht65-20,52.2507,5.97306,3.012,17.2,66.9,14143
2026-08-13 06:22:52,lht65-20,52.2507,5.97306,3.012,17.95,63.2,15270
2026-08-13 06:32:52,lht65-20,52.2507,5.97306,3.014,18.87,60.3,16395
2026-08-13 06:42:52,lht65-20,52.2507,5.97306,3.016,19.62,56.7,17388
2026-08-13 06:52:52,lht65-20,52.2507,5.97306,3.016,20.06,54.8,18278
2026-08-13 07:02:52,lht65-20,52.2507,5.97306,3.016,20.43,53.3,19094
2026-08-13 07:12:52,lht65-20,52.2507,5.97306,3.016,20.94,52.3,19947
2026-08-13 07:22:52,lht65-20,52.2507,5.97306,3.016,21.41,50.3,20800
2026-08-13 07:32:52,lht65-20,52.2507,5.97306,3.018,22.02,48.8,21527
2026-08-13 07:42:52,lht65-20,52.2507,5.97306,3.016,22.61,49.6,22286
2026-08-13 07:52:52,lht65-20,52.2507,5.97306,3.018,23.32,44.8,22977
2026-08-13 08:02:52,lht65-20,52.2507,5.97306,3.019,24.02,41.9,23705
2026-08-13 08:12:52,lht65-20,52.2507,5.97306,3.018,24.66,40.3,24451
2026-08-13 08:22:52,lht65-20,52.2507,5.97306,3.018,25.27,39.9,25083
2026-08-13 08:32:52,lht65-20,52.2507,5.97306,3.019,25.91,38.0,25661
2026-08-13 08:42:52,lht65-20,52.2507,5.97306,3.018,26.46,36.3,26180
2026-08-13 08:52:52,lht65-20,52.2507,5.97306,3.019,27.2,36.1,26808
2026-08-13 09:02:52,lht65-20,52.2507,5.97306,3.019,27.62,35.1,27390
2026-08-13 09:12:52,lht65-20,52.2507,5.97306,3.019,28.22,33.8,28000
2026-08-13 09:22:52,lht65-20,52.2507,5.97306,3.021,28.69,34.2,28562
2026-08-13 09:32:52,lht65-20,52.2507,5.97306,3.023,29.5,31.4,29126
2026-08-13 09:42:52,lht65-20,52.2507,5.97306,3.019,29.66,32.2,29568
2026-08-13 09:52:52,lht65-20,52.2507,5.97306,3.021,30.09,30.5,30120
2026-08-13 10:02:52,lht65-20,52.2507,5.97306,3.021,30.2,29.6,30525
2026-08-13 10:12:52,lht65-20,52.2507,5.97306,3.021,30.82,29.2,30890
2026-08-13 10:22:52,lht65-20,52.2507,5.97306,3.023,30.76,27.7,31343
2026-08-13 10:32:52,lht65-20,52.2507,5.97306,3.023,31.32,27.3,31586
2026-08-13 10:42:52,lht65-20,52.2507,5.97306,3.023,31.58,26.3,31877
2026-08-13 10:52:52,lht65-20,52.2507,5.97306,3.023,31.94,27.1,32148
2026-08-13 11:02:51,lht65-20,52.2507,5.97306,3.023,32.21,25.3,27817
2026-08-13 11:12:52,lht65-20,52.2507,5.97306,3.025,32.35,26.8,32559
2026-08-13 11:22:52,lht65-20,52.2507,5.97306,3.023,32.91,25.7,32746
2026-08-13 11:32:51,lht65-20,52.2507,5.97306,3.025,33.0,24.8,32748
2026-08-13 11:42:52,lht65-20,52.2507,5.97306,3.025,33.24,24.4,32835
2026-08-13 11:52:51,lht65-20,52.2507,5.97306,3.027,33.21,25.6,32806
2026-08-13 12:02:52,lht65-20,52.2507,5.97306,3.027,33.68,24.9,32587
2026-08-13 12:12:52,lht65-20,52.2507,5.97306,3.027,33.54,25.5,32255
2026-08-13 12:22:52,lht65-20,52.2507,5.97306,3.027,33.74,24.2,32415
2026-08-13 12:32:52,lht65-20,52.2507,5.97306,3.027,34.19,23.3,32076
2026-08-13 12:42:52,lht65-20,52.2507,5.97306,3.027,34.54,23.3,31823
2026-08-13 12:52:52,lht65-20,52.2507,5.97306,3.027,34.47,23.8,31343
2026-08-13 13:02:52,lht65-20,52.2507,5.97306,3.027,34.51,23.5,30945
2026-08-13 13:12:52,lht65-20,52.2507,5.97306,3.027,34.7,21.9,30690
2026-08-13 13:22:52,lht65-20,52.2507,5.97306,3.027,34.54,22.6,30312
2026-08-13 13:32:52,lht65-20,52.2507,5.97306,3.029,34.91,23.3,29940
2026-08-13 13:42:51,lht65-20,52.2507,5.97306,3.027,34.87,21.7,29515
2026-08-13 14:02:52,lht65-20,52.2507,5.97306,3.027,35.08,23.0,28674
2026-08-13 14:12:51,lht65-20,52.2507,5.97306,3.029,35.25,21.9,27882
2026-08-13 14:22:51,lht65-20,52.2507,5.97306,3.027,35.12,22.6,27684
2026-08-13 14:32:52,lht65-20,52.2507,5.97306,3.03,35.34,21.7,27237
2026-08-13 14:42:52,lht65-20,52.2507,5.97306,3.029,35.32,21.3,26810
2026-08-13 14:52:52,lht65-20,52.2507,5.97306,3.029,35.31,21.3,26352
2026-08-13 15:02:52,lht65-20,52.2507,5.97306,3.029,35.32,22.5,25868
2026-08-13 15:12:52,lht65-20,52.2507,5.97306,3.03,35.6,21.8,25360
2026-08-13 15:22:52,lht65-20,52.2507,5.97306,3.029,35.65,21.6,24795
2026-08-13 15:32:52,lht65-20,52.2507,5.97306,3.03,35.6,21.5,24188
2026-08-13 15:42:52,lht65-20,52.2507,5.97306,3.03,35.39,21.0,23585
2026-08-13 15:52:51,lht65-20,52.2507,5.97306,3.03,35.5,22.2,23146
2026-08-13 16:02:52,lht65-20,52.2507,5.97306,3.03,35.82,21.1,22500
2026-08-13 16:12:52,lht65-20,52.2507,5.97306,3.03,35.37,22.2,21607
2026-08-13 16:22:52,lht65-20,52.2507,5.97306,3.03,35.26,21.2,20893
2026-08-13 16:32:51,lht65-20,52.2507,5.97306,3.032,35.16,21.9,19818
2026-08-13 16:42:52,lht65-20,52.2507,5.97306,3.032,34.98,22.8,18811
2026-08-13 16:52:52,lht65-20,52.2507,5.97306,3.03,35.01,21.8,17666
2026-08-13 17:02:52,lht65-20,52.2507,5.97306,3.03,35.05,23.3,16557
2026-08-13 17:12:51,lht65-20,52.2507,5.97306,3.032,34.88,23.4,15359
2026-08-13 17:22:51,lht65-20,52.2507,5.97306,3.03,34.69,23.2,14120
2026-08-13 17:32:51,lht65-20,52.2507,5.97306,3.032,34.57,24.7,12613
2026-08-13 17:42:51,lht65-20,52.2507,5.97306,3.032,34.31,24.6,11215
2026-08-13 17:52:52,lht65-20,52.2507,5.97306,3.03,34.15,25.6,6906
2026-08-13 18:02:51,lht65-20,52.2507,5.97306,3.034,33.41,30.4,7759
2026-08-13 18:12:52,lht65-20,52.2507,5.97306,3.032,32.45,31.5,6215
2026-08-13 18:22:52,lht65-20,52.2507,5.97306,3.03,31.47,36.7,4479
2026-08-13 18:32:52,lht65-20,52.2507,5.97306,3.034,30.2,36.1,2865
2026-08-13 18:42:52,lht65-20,52.2507,5.97306,3.032,28.33,38.8,1073
2026-08-13 18:52:52,lht65-20,52.2507,5.97306,3.03,26.45,43.9,651
2026-08-13 19:02:52,lht65-20,52.2507,5.97306,3.03,24.82,46.6,337
2026-08-13 19:12:51,lht65-20,52.2507,5.97306,3.03,23.65,52.2,122
2026-08-13 19:22:52,lht65-20,52.2507,5.97306,3.03,22.84,56.0,34
2026-08-13 19:32:52,lht65-20,52.2507,5.97306,3.029,22.16,61.5,6
2026-08-13 19:42:52,lht65-20,52.2507,5.97306,3.029,21.31,60.0,1
2026-08-13 19:52:52,lht65-20,52.2507,5.97306,3.029,20.64,63.7,0
2026-08-13 20:02:51,lht65-20,52.2507,5.97306,3.027,19.99,64.5,0
2026-08-13 20:12:51,lht65-20,52.2507,5.97306,3.027,19.48,66.3,0
2026-08-13 20:22:52,lht65-20,52.2507,5.97306,3.027,19.23,67.0,0
2026-08-13 20:32:51,lht65-20,52.2507,5.97306,3.027,18.84,67.8,0
2026-08-13 20:42:51,lht65-20,52.2507,5.97306,3.027,18.47,71.2,0
2026-08-13 20:52:51,lht65-20,52.2507,5.97306,3.027,18.14,71.6,0
2026-08-13 21:02:52,lht65-20,52.2507,5.97306,3.027,17.84,73.8,0
2026-08-13 21:12:52,lht65-20,52.2507,5.97306,3.023,17.55,72.6,0
2026-08-13 21:22:52,lht65-20,52.2507,5.97306,3.027,17.51,72.9,0
2026-08-13 21:32:52,lht65-20,52.2507,5.97306,3.023,17.14,73.5,0
2026-08-13 21:42:51,lht65-20,52.2507,5.97306,3.023,16.83,75.2,0
2026-08-13 21:52:51,lht65-20,52.2507,5.97306,3.023,16.56,76.4,0
2026-08-13 22:02:51,lht65-20,52.2507,5.97306,3.023,16.41,74.8,0
2026-08-13 22:12:51,lht65-20,52.2507,5.97306,3.023,16.33,74.8,0
2026-08-13 22:22:51,lht65-20,52.2507,5.97306,3.023,16.21,74.3,0
2026-08-13 22:32:51,lht65-20,52.2507,5.97306,3.023,16.04,75.3,0
2026-08-13 22:42:51,lht65-20,52.2507,5.97306,3.023,15.92,74.8,0
2026-08-13 22:52:51,lht65-20,52.2507,5.97306,3.023,15.74,74.5,0
2026-08-13 23:02:51,lht65-20,52.2507,5.97306,3.023,15.46,76.2,0
2026-08-13 23:12:51,lht65-20,52.2507,5.97306,3.023,15.19,76.2,0
2026-08-13 23:22:51,lht65-20,52.2507,5.97306,3.021,14.72,79.1,0
2026-08-13 23:32:51,lht65-20,52.2507,5.97306,3.021,14.54,80.3,0
2026-08-13 23:42:51,lht65-20,52.2507,5.97306,3.018,14.37,80.6,0
2026-08-13 23:52:51,lht65-20,52.2507,5.97306,3.019,14.13,81.0,0
2026-08-14 00:02:52,lht65-20,52.2507,5.97306,3.021,13.92,82.3,0
2026-08-14 00:12:52,lht65-20,52.2507,5.97306,3.018,13.82,85.4,0
2026-08-14 00:22:51,lht65-20,52.2507,5.97306,3.021,13.61,84.4,0
2026-08-14 00:32:52,lht65-20,52.2507,5.97306,3.019,13.33,85.8,0
2026-08-14 00:42:51,lht65-20,52.2507,5.97306,3.018,13.14,86.4,0
2026-08-14 00:52:51,lht65-20,52.2507,5.97306,3.018,12.87,87.8,0
2026-08-14 01:02:51,lht65-20,52.2507,5.97306,3.018,12.72,88.6,0
2026-08-14 01:12:52,lht65-20,52.2507,5.97306,3.018,12.66,89.3,0
2026-08-14 01:22:51,lht65-20,52.2507,5.97306,3.016,12.74,87.8,0
2026-08-14 01:32:52,lht65-20,52.2507,5.97306,3.018,12.79,86.1,0
2026-08-14 01:42:52,lht65-20,52.2507,5.97306,3.018,12.37,86.4,0
2026-08-14 01:52:51,lht65-20,52.2507,5.97306,3.016,12.19,88.7,0
2026-08-14 02:02:52,lht65-20,52.2507,5.97306,3.016,12.13,89.8,0
2026-08-14 02:12:51,lht65-20,52.2507,5.97306,3.016,12.07,90.1,0
2026-08-14 02:22:52,lht65-20,52.2507,5.97306,3.016,11.88,89.7,0
2026-08-14 02:32:51,lht65-20,52.2507,5.97306,3.016,11.92,89.7,0
2026-08-14 02:42:52,lht65-20,52.2507,5.97306,3.016,11.8,89.2,0
2026-08-14 02:52:51,lht65-20,52.2507,5.97306,3.016,11.7,90.2,0
2026-08-14 03:02:52,lht65-20,52.2507,5.97306,3.016,11.73,90.6,0
2026-08-14 03:12:52,lht65-20,52.2507,5.97306,3.016,11.64,90.5,0
2026-08-14 03:22:51,lht65-20,52.2507,5.97306,3.016,11.67,90.5,0
2026-08-14 03:32:52,lht65-20,52.2507,5.97306,3.016,11.71,89.7,0
2026-08-14 03:42:52,lht65-20,52.2507,5.97306,3.016,11.52,89.0,2
2026-08-14 03:52:52,lht65-20,52.2507,5.97306,3.014,11.23,90.4,12
2026-08-14 04:02:52,lht65-20,52.2507,5.97306,3.012,11.26,91.7,51
2026-08-14 04:12:52,lht65-20,52.2507,5.97306,3.014,11.15,92.0,152
2026-08-14 04:22:51,lht65-20,52.2507,5.97306,3.014,11.11,91.8,350
2026-08-14 04:32:51,lht65-20,52.2507,5.97306,3.014,11.07,91.8,654
2026-08-14 04:42:52,lht65-20,52.2507,5.97306,3.016,11.03,91.9,1001
2026-08-14 04:52:51,lht65-20,52.2507,5.97306,3.016,10.93,92.3,1501
2026-08-14 05:02:51,lht65-20,52.2507,5.97306,3.012,11.26,93.3,2027
2026-08-14 05:12:52,lht65-20,52.2507,5.97306,3.014,12.06,93.5,4717
2026-08-14 05:22:52,lht65-20,52.2507,5.97306,3.014,13.24,89.9,6186
2026-08-14 05:32:52,lht65-20,52.2507,5.97306,3.016,14.44,87.1,7202
2026-08-14 05:42:52,lht65-20,52.2507,5.97306,3.018,15.96,81.2,8605
2026-08-14 05:52:52,lht65-20,52.2507,5.97306,3.018,16.97,77.5,9828
2026-08-14 06:02:51,lht65-20,52.2507,5.97306,3.019,18.29,73.5,11192
2026-08-14 06:12:52,lht65-20,52.2507,5.97306,3.019,18.84,71.6,12230
2026-08-14 06:22:52,lht65-20,52.2507,5.97306,3.023,19.75,66.0,13563
2026-08-14 06:32:52,lht65-20,52.2507,5.97306,3.023,20.63,64.7,14600
2026-08-14 06:42:52,lht65-20,52.2507,5.97306,3.023,21.5,58.5,16047
2026-08-14 06:52:52,lht65-20,52.2507,5.97306,3.023,22.26,53.6,17254
2026-08-14 07:02:51,lht65-20,52.2507,5.97306,3.025,22.8,50.8,18002
2026-08-14 07:12:51,lht65-20,52.2507,5.97306,3.025,23.27,48.8,18786
2026-08-14 07:22:51,lht65-20,52.2507,5.97306,3.023,23.82,48.0,19236
2026-08-14 07:32:52,lht65-20,52.2507,5.97306,3.027,24.63,44.7,20419
2026-08-14 07:42:51,lht65-20,52.2507,5.97306,3.027,25.31,43.9,21610
2026-08-14 07:52:51,lht65-20,52.2507,5.97306,3.027,26.02,44.6,22515
2026-08-14 08:02:52,lht65-20,52.2507,5.97306,3.027,26.69,41.2,23372
2026-08-14 08:12:52,lht65-20,52.2507,5.97306,3.027,27.38,40.2,24106
2026-08-14 08:22:52,lht65-20,52.2507,5.97306,3.027,27.95,39.0,24260
2026-08-14 08:32:52,lht65-20,52.2507,5.97306,3.027,28.13,40.3,25333
2026-08-14 08:42:51,lht65-20,52.2507,5.97306,3.027,29.23,37.8,25630
2026-08-14 08:52:51,lht65-20,52.2507,5.97306,3.029,30.16,37.7,26503
2026-08-14 09:02:51,lht65-20,52.2507,5.97306,3.029,31.06,37.5,27244
2026-08-14 09:12:51,lht65-20,52.2507,5.97306,3.029,32.02,34.8,27932
2026-08-14 09:22:51,lht65-20,52.2507,5.97306,3.03,32.35,33.9,27892
2026-08-14 09:32:51,lht65-20,52.2507,5.97306,3.03,32.78,32.3,28151
2026-08-14 09:42:51,lht65-20,52.2507,5.97306,3.03,33.11,32.5,28771
2026-08-14 09:52:51,lht65-20,52.2507,5.97306,3.03,33.69,30.5,29425
2026-08-14 10:02:51,lht65-20,52.2507,5.97306,3.03,34.18,28.0,30405
2026-08-14 10:12:51,lht65-20,52.2507,5.97306,3.03,34.17,28.5,30720
2026-08-14 10:22:52,lht65-20,52.2507,5.97306,3.032,34.78,27.0,31208
2026-08-14 10:32:51,lht65-20,52.2507,5.97306,3.03,34.95,26.4,31570
2026-08-14 10:42:51,lht65-20,52.2507,5.97306,3.032,35.35,26.3,31810
2026-08-14 10:52:51,lht65-20,52.2507,5.97306,3.03,35.67,25.9,32130
2026-08-14 11:02:51,lht65-20,52.2507,5.97306,3.03,35.82,25.2,32588
2026-08-14 11:12:51,lht65-20,52.2507,5.97306,3.03,35.85,25.2,31815
2026-08-14 11:22:51,lht65-20,52.2507,5.97306,3.03,36.07,26.0,32669
2026-08-14 11:42:51,lht65-20,52.2507,5.97306,3.032,36.74,24.6,32724
2026-08-14 11:52:51,lht65-20,52.2507,5.97306,3.034,36.93,24.5,32461
2026-08-14 12:02:51,lht65-20,52.2507,5.97306,3.032,36.61,24.0,32744
2026-08-14 12:12:51,lht65-20,52.2507,5.97306,3.034,36.92,23.8,32405
2026-08-14 12:22:51,lht65-20,52.2507,5.97306,3.034,36.48,24.4,31745
2026-08-14 12:32:51,lht65-20,52.2507,5.97306,3.034,36.53,24.2,31893
2026-08-14 12:42:51,lht65-20,52.2507,5.97306,3.034,37.48,19.3,31940
2026-08-14 12:52:51,lht65-20,52.2507,5.97306,3.034,38.51,20.0,31541
2026-08-14 13:02:51,lht65-20,52.2507,5.97306,3.036,38.54,21.6,31185
2026-08-14 13:12:51,lht65-20,52.2507,5.97306,3.034,38.82,20.4,30680
2026-08-14 13:22:51,lht65-20,52.2507,5.97306,3.034,38.24,21.7,30091
2026-08-14 13:32:51,lht65-20,52.2507,5.97306,3.036,38.12,22.7,29733
2026-08-14 13:42:51,lht65-20,52.2507,5.97306,3.038,38.41,22.5,29332
2026-08-14 13:52:51,lht65-20,52.2507,5.97306,3.038,37.86,22.0,28702
2026-08-14 14:02:51,lht65-20,52.2507,5.97306,3.036,37.82,23.7,28237
2026-08-14 14:12:51,lht65-20,52.2507,5.97306,3.036,38.38,23.4,27735
2026-08-14 14:22:52,lht65-20,52.2507,5.97306,3.038,38.68,22.3,27242
2026-08-14 14:32:51,lht65-20,52.2507,5.97306,3.038,38.88,23.2,26630
2026-08-14 14:42:51,lht65-20,52.2507,5.97306,3.038,38.5,24.6,26095
2026-08-14 14:52:51,lht65-20,52.2507,5.97306,3.038,38.39,24.5,25590
2026-08-14 15:02:51,lht65-20,52.2507,5.97306,3.038,37.91,23.3,24843
2026-08-14 15:12:52,lht65-20,52.2507,5.97306,3.038,37.66,24.2,23990
2026-08-14 15:22:51,lht65-20,52.2507,5.97306,3.038,37.52,25.1,24290
2026-08-14 15:32:51,lht65-20,52.2507,5.97306,3.038,37.57,23.7,23312
2026-08-14 15:42:51,lht65-20,52.2507,5.97306,3.038,37.76,23.4,22854
2026-08-14 15:52:51,lht65-20,52.2507,5.97306,3.04,37.89,24.2,21970
2026-08-14 16:02:52,lht65-20,52.2507,5.97306,3.038,37.8,24.1,21053
2026-08-14 16:12:52,lht65-20,52.2507,5.97306,3.038,37.77,25.3,20100
2026-08-14 16:22:51,lht65-20,52.2507,5.97306,3.041,37.43,24.5,18314
2026-08-14 16:32:51,lht65-20,52.2507,5.97306,3.04,37.21,25.7,18570
2026-08-14 16:42:51,lht65-20,52.2507,5.97306,3.041,36.83,27.5,16666
2026-08-14 16:52:51,lht65-20,52.2507,5.97306,3.041,36.61,25.5,16327
2026-08-14 17:02:51,lht65-20,52.2507,5.97306,3.041,36.36,25.6,14135
2026-08-14 17:12:51,lht65-20,52.2507,5.97306,3.041,35.78,27.4,14252
2026-08-14 17:22:52,lht65-20,52.2507,5.97306,3.04,35.48,28.3,12894
2026-08-14 17:32:51,lht65-20,52.2507,5.97306,3.04,35.62,27.3,11296
2026-08-14 17:42:51,lht65-20,52.2507,5.97306,3.041,35.4,29.9,9838
2026-08-14 17:52:51,lht65-20,52.2507,5.97306,3.041,34.9,29.3,8055
2026-08-14 18:02:51,lht65-20,52.2507,5.97306,3.041,34.15,30.0,6510
2026-08-14 18:12:51,lht65-20,52.2507,5.97306,3.04,33.51,31.0,4791
2026-08-14 18:22:51,lht65-20,52.2507,5.97306,3.041,32.47,32.3,3145
2026-08-14 18:32:51,lht65-20,52.2507,5.97306,3.038,31.28,34.4,1884
2026-08-14 18:42:51,lht65-20,52.2507,5.97306,3.038,30.13,35.0,874
2026-08-14 18:52:51,lht65-20,52.2507,5.97306,3.038,29.2,37.0,459
2026-08-14 19:02:51,lht65-20,52.2507,5.97306,3.041,28.23,38.8,205
2026-08-14 19:12:51,lht65-20,52.2507,5.97306,3.038,27.57,40.7,75
2026-08-14 19:22:51,lht65-20,52.2507,5.97306,3.04,26.84,42.4,20
2026-08-14 19:32:51,lht65-20,52.2507,5.97306,3.038,26.18,43.0,4
2026-08-14 19:42:51,lht65-20,52.2507,5.97306,3.038,25.43,46.2,0
2026-08-14 19:52:51,lht65-20,52.2507,5.97306,3.038,24.07,47.9,0
2026-08-14 20:02:51,lht65-20,52.2507,5.97306,3.038,22.91,55.1,0
2026-08-14 20:12:51,lht65-20,52.2507,5.97306,3.036,21.97,56.7,0
2026-08-14 20:22:51,lht65-20,52.2507,5.97306,3.036,21.64,58.2,0
2026-08-14 20:32:51,lht65-20,52.2507,5.97306,3.038,21.43,61.4,0
2026-08-14 20:42:51,lht65-20,52.2507,5.97306,3.034,21.17,61.1,0
2026-08-14 20:52:51,lht65-20,52.2507,5.97306,3.034,21.41,62.2,0
2026-08-14 21:02:51,lht65-20,52.2507,5.97306,3.034,20.92,63.9,0
2026-08-14 21:12:51,lht65-20,52.2507,5.97306,3.034,20.64,65.2,0
2026-08-14 21:22:51,lht65-20,52.2507,5.97306,3.034,20.48,66.1,0
2026-08-14 21:32:51,lht65-20,52.2507,5.97306,3.034,20.21,67.6,0
2026-08-14 21:42:51,lht65-20,52.2507,5.97306,3.034,19.64,70.3,0
2026-08-14 21:52:51,lht65-20,52.2507,5.97306,3.032,19.23,73.8,0
2026-08-14 22:02:51,lht65-20,52.2507,5.97306,3.034,19.38,74.0,0
2026-08-14 22:12:51,lht65-20,52.2507,5.97306,3.034,19.47,74.4,0
2026-08-14 22:22:51,lht65-20,52.2507,5.97306,3.034,19.66,74.1,0
2026-08-14 22:32:51,lht65-20,52.2507,5.97306,3.034,19.8,73.6,0
2026-08-14 22:42:51,lht65-20,52.2507,5.97306,3.034,19.65,75.1,0
2026-08-14 22:52:51,lht65-20,52.2507,5.97306,3.034,19.61,76.0,0
2026-08-14 23:02:51,lht65-20,52.2507,5.97306,3.034,19.4,77.3,0
2026-08-14 23:12:51,lht65-20,52.2507,5.97306,3.034,19.05,78.7,0
2026-08-14 23:22:51,lht65-20,52.2507,5.97306,3.034,18.71,81.0,0
2026-08-14 23:32:51,lht65-20,52.2507,5.97306,3.034,18.54,80.8,0
2026-08-14 23:42:51,lht65-20,52.2507,5.97306,3.032,18.26,83.0,0
2026-08-14 23:52:51,lht65-20,52.2507,5.97306,3.032,17.83,85.8,0
2026-08-15 00:02:51,lht65-20,52.2507,5.97306,3.032,17.97,86.4,0
2026-08-15 00:12:51,lht65-20,52.2507,5.97306,3.032,18.05,87.8,0
2026-08-15 00:22:51,lht65-20,52.2507,5.97306,3.032,18.06,88.7,0
2026-08-15 00:32:51,lht65-20,52.2507,5.97306,3.03,17.96,89.6,0
2026-08-15 00:42:51,lht65-20,52.2507,5.97306,3.03,17.7,90.0,0
2026-08-15 00:52:51,lht65-20,52.2507,5.97306,3.03,17.6,91.6,0
2026-08-15 01:02:51,lht65-20,52.2507,5.97306,3.03,17.62,91.7,0
2026-08-15 01:12:51,lht65-20,52.2507,5.97306,3.032,17.56,91.7,0
2026-08-15 01:22:51,lht65-20,52.2507,5.97306,3.03,17.53,92.3,0
2026-08-15 01:32:51,lht65-20,52.2507,5.97306,3.03,17.44,92.7,0
2026-08-15 01:42:51,lht65-20,52.2507,5.97306,3.03,17.16,92.6,0
2026-08-15 01:52:51,lht65-20,52.2507,5.97306,3.03,16.99,93.3,0
2026-08-15 02:02:51,lht65-20,52.2507,5.97306,3.03,16.82,93.6,0
2026-08-15 02:12:51,lht65-20,52.2507,5.97306,3.03,16.61,93.8,0
2026-08-15 02:22:51,lht65-20,52.2507,5.97306,3.03,16.65,94.6,0
2026-08-15 02:42:51,lht65-20,52.2507,5.97306,3.03,16.12,94.7,0
2026-08-15 02:52:51,lht65-20,52.2507,5.97306,3.029,16.37,95.1,0
2026-08-15 03:02:51,lht65-20,52.2507,5.97306,3.03,16.49,95.4,0
2026-08-15 03:12:51,lht65-20,52.2507,5.97306,3.03,16.55,95.6,0
2026-08-15 03:22:51,lht65-20,52.2507,5.97306,3.029,16.52,95.8,0
2026-08-15 03:32:51,lht65-20,52.2507,5.97306,3.029,16.58,95.9,0
2026-08-15 03:42:51,lht65-20,52.2507,5.97306,3.027,16.67,96.0,0
2026-08-15 03:52:51,lht65-20,52.2507,5.97306,3.03,16.74,96.1,5
2026-08-15 04:02:51,lht65-20,52.2507,5.97306,3.03,16.8,96.1,29
2026-08-15 04:12:51,lht65-20,52.2507,5.97306,3.029,16.65,96.2,93
2026-08-15 04:22:51,lht65-20,52.2507,5.97306,3.029,16.68,96.2,230
2026-08-15 04:32:51,lht65-20,52.2507,5.97306,3.029,16.47,96.3,445
2026-08-15 04:42:51,lht65-20,52.2507,5.97306,3.03,16.47,96.2,887
2026-08-15 04:52:51,lht65-20,52.2507,5.97306,3.029,16.5,96.2,1500
2026-08-15 05:02:51,lht65-20,52.2507,5.97306,3.03,16.69,96.1,1670
2026-08-15 05:12:51,lht65-20,52.2507,5.97306,3.029,17.12,96.2,987
2026-08-15 05:22:51,lht65-20,52.2507,5.97306,3.029,17.3,96.1,1088
2026-08-15 05:32:51,lht65-20,52.2507,5.97306,3.029,17.4,96.0,1555
2026-08-15 05:42:51,lht65-20,52.2507,5.97306,3.029,17.62,95.3,1835
2026-08-15 05:52:51,lht65-20,52.2507,5.97306,3.03,17.89,93.5,2995
2026-08-15 06:02:51,lht65-20,52.2507,5.97306,3.03,18.35,89.8,3038
2026-08-15 06:12:51,lht65-20,52.2507,5.97306,3.03,18.83,86.0,3765
2026-08-15 06:22:51,lht65-20,52.2507,5.97306,3.03,19.08,83.8,2260
2026-08-15 06:32:51,lht65-20,52.2507,5.97306,3.03,19.0,85.2,2315
2026-08-15 06:42:51,lht65-20,52.2507,5.97306,3.03,18.84,86.2,1633
2026-08-15 06:52:51,lht65-20,52.2507,5.97306,3.03,18.83,87.1,1790
2026-08-15 07:02:51,lht65-20,52.2507,5.97306,3.03,18.88,87.3,2092
2026-08-15 07:12:51,lht65-20,52.2507,5.97306,3.03,19.02,87.0,3036
2026-08-15 07:22:51,lht65-20,52.2507,5.97306,3.03,19.25,85.6,4810
2026-08-15 07:32:51,lht65-20,52.2507,5.97306,3.03,19.75,82.1,9611
2026-08-15 07:42:51,lht65-20,52.2507,5.97306,3.03,20.26,81.0,10624
2026-08-15 07:52:51,lht65-20,52.2507,5.97306,3.03,20.67,80.4,13196
2026-08-15 08:02:51,lht65-20,52.2507,5.97306,3.03,21.07,79.7,8264
2026-08-15 08:12:51,lht65-20,52.2507,5.97306,3.03,20.92,79.6,8398
2026-08-15 08:22:51,lht65-20,52.2507,5.97306,3.032,21.24,78.8,9207
2026-08-15 08:32:51,lht65-20,52.2507,5.97306,3.032,21.59,78.3,15000
2026-08-15 08:42:51,lht65-20,52.2507,5.97306,3.032,22.16,74.7,5801
2026-08-15 08:52:51,lht65-20,52.2507,5.97306,3.032,21.87,77.1,2899
2026-08-15 09:02:51,lht65-20,52.2507,5.97306,3.032,21.3,80.4,2840
2026-08-15 09:12:51,lht65-20,52.2507,5.97306,3.03,20.82,82.4,3793
2026-08-15 09:22:51,lht65-20,52.2507,5.97306,3.032,20.81,83.0,3810
2026-08-15 09:32:51,lht65-20,52.2507,5.97306,3.032,20.95,83.6,3248
2026-08-15 09:42:51,lht65-20,52.2507,5.97306,3.032,20.93,83.5,4583
2026-08-15 09:52:51,lht65-20,52.2507,5.97306,3.03,20.99,83.8,2827
2026-08-15 10:02:51,lht65-20,52.2507,5.97306,3.03,20.84,86.3,2689
2026-08-15 10:12:51,lht65-20,52.2507,5.97306,3.03,20.58,87.2,4565
2026-08-15 10:22:51,lht65-20,52.2507,5.97306,3.03,20.69,89.1,8004
2026-08-15 10:32:51,lht65-20,52.2507,5.97306,3.03,20.88,86.9,6524
2026-08-15 10:42:51,lht65-20,52.2507,5.97306,3.03,21.1,88.0,5552
2026-08-15 10:52:51,lht65-20,52.2507,5.97306,3.03,21.07,86.6,5753
2026-08-15 11:02:51,lht65-20,52.2507,5.97306,3.032,21.16,87.7,4167
2026-08-15 11:12:51,lht65-20,52.2507,5.97306,3.032,20.97,87.6,2699
2026-08-15 11:22:51,lht65-20,52.2507,5.97306,3.03,20.7,89.1,2579
2026-08-15 11:32:51,lht65-20,52.2507,5.97306,3.03,20.47,90.6,3219
2026-08-15 11:42:51,lht65-20,52.2507,5.97306,3.03,20.34,91.2,5824
2026-08-15 12:02:51,lht65-20,52.2507,5.97306,3.03,20.84,90.9,6161
2026-08-15 12:12:51,lht65-20,52.2507,5.97306,3.032,20.83,91.0,4893
2026-08-15 12:22:51,lht65-20,52.2507,5.97306,3.03,20.82,91.1,5393
2026-08-15 12:32:51,lht65-20,52.2507,5.97306,3.03,20.85,91.8,4187
2026-08-15 12:42:51,lht65-20,52.2507,5.97306,3.03,20.92,91.7,6267
2026-08-15 12:52:51,lht65-20,52.2507,5.97306,3.03,21.11,91.7,6775
2026-08-15 13:02:51,lht65-20,52.2507,5.97306,3.03,21.56,92.0,10492
2026-08-15 13:12:51,lht65-20,52.2507,5.97306,3.032,21.7,88.8,9440
2026-08-15 13:22:51,lht65-20,52.2507,5.97306,3.032,21.64,88.3,7330
2026-08-15 13:32:51,lht65-20,52.2507,5.97306,3.03,21.43,87.8,5550
2026-08-15 13:42:51,lht65-20,52.2507,5.97306,3.03,21.26,88.2,4805
2026-08-15 13:52:51,lht65-20,52.2507,5.97306,3.03,21.28,89.0,7534
2026-08-15 14:02:51,lht65-20,52.2507,5.97306,3.03,21.55,88.0,9362
2026-08-15 14:12:51,lht65-20,52.2507,5.97306,3.03,21.82,87.1,8673
2026-08-15 14:22:51,lht65-20,52.2507,5.97306,3.03,22.01,87.3,11792
2026-08-15 14:32:51,lht65-20,52.2507,5.97306,3.03,21.95,86.5,9682
2026-08-15 14:42:51,lht65-20,52.2507,5.97306,3.03,22.02,85.7,9760
2026-08-15 14:52:51,lht65-20,52.2507,5.97306,3.03,22.09,85.7,11021
2026-08-15 15:02:51,lht65-20,52.2507,5.97306,3.03,22.23,85.3,16988
2026-08-15 15:12:51,lht65-20,52.2507,5.97306,3.032,23.08,82.0,16643
2026-08-15 15:22:51,lht65-20,52.2507,5.97306,3.03,22.94,83.2,16934
2026-08-15 15:32:51,lht65-20,52.2507,5.97306,3.03,23.1,82.9,13029
2026-08-15 15:42:51,lht65-20,52.2507,5.97306,3.03,22.84,83.2,13787
2026-08-15 15:52:51,lht65-20,52.2507,5.97306,3.032,22.84,83.0,12436
2026-08-15 16:02:51,lht65-20,52.2507,5.97306,3.03,22.75,82.1,8752
2026-08-15 16:12:51,lht65-20,52.2507,5.97306,3.03,22.56,84.0,5173
2026-08-15 16:22:51,lht65-20,52.2507,5.97306,3.03,22.33,83.8,5900
2026-08-15 16:32:51,lht65-20,52.2507,5.97306,3.03,21.95,84.6,5673
2026-08-15 16:42:51,lht65-20,52.2507,5.97306,3.03,21.81,84.9,4688
2026-08-15 16:52:51,lht65-20,52.2507,5.97306,3.03,21.43,85.3,2911
2026-08-15 17:02:51,lht65-20,52.2507,5.97306,3.03,21.11,85.8,1604
2026-08-15 17:12:51,lht65-20,52.2507,5.97306,3.03,20.69,86.9,1922
2026-08-15 17:22:51,lht65-20,52.2507,5.97306,3.029,20.46,88.1,3760
2026-08-15 17:32:51,lht65-20,52.2507,5.97306,3.027,20.33,88.8,3760
2026-08-15 17:42:51,lht65-20,52.2507,5.97306,3.03,20.26,89.0,4300
2026-08-15 17:52:51,lht65-20,52.2507,5.97306,3.03,20.37,89.8,3165
2026-08-15 18:02:51,lht65-20,52.2507,5.97306,3.029,20.25,85.5,2486
2026-08-15 18:12:51,lht65-20,52.2507,5.97306,3.03,19.97,84.1,1607
2026-08-15 18:22:51,lht65-20,52.2507,5.97306,3.029,19.76,83.1,1315
2026-08-15 18:32:51,lht65-20,52.2507,5.97306,3.027,19.46,84.5,845
2026-08-15 18:42:51,lht65-20,52.2507,5.97306,3.029,19.19,85.1,504
2026-08-15 18:52:51,lht65-20,52.2507,5.97306,3.029,19.03,84.5,247
2026-08-15 19:02:51,lht65-20,52.2507,5.97306,3.029,18.85,85.4,94
2026-08-15 19:12:51,lht65-20,52.2507,5.97306,3.027,18.71,84.5,32
2026-08-15 19:22:51,lht65-20,52.2507,5.97306,3.027,18.55,83.7,8
2026-08-15 19:32:51,lht65-20,52.2507,5.97306,3.027,18.39,84.0,1
2026-08-15 19:42:51,lht65-20,52.2507,5.97306,3.027,18.28,84.1,0
2026-08-15 19:52:51,lht65-20,52.2507,5.97306,3.029,18.16,84.6,0
2026-08-15 20:02:51,lht65-20,52.2507,5.97306,3.029,18.09,84.7,0
2026-08-15 20:12:51,lht65-20,52.2507,5.97306,3.027,17.89,85.6,0
2026-08-15 20:22:51,lht65-20,52.2507,5.97306,3.027,17.73,85.7,0
2026-08-15 20:32:51,lht65-20,52.2507,5.97306,3.027,17.65,85.4,0
2026-08-15 20:42:51,lht65-20,52.2507,5.97306,3.027,17.51,84.8,0
2026-08-15 20:52:51,lht65-20,52.2507,5.97306,3.027,17.33,84.4,0
2026-08-15 21:02:51,lht65-20,52.2507,5.97306,3.027,17.16,84.5,0
2026-08-15 21:12:51,lht65-20,52.2507,5.97306,3.027,17.13,84.8,0
2026-08-15 21:22:51,lht65-20,52.2507,5.97306,3.027,16.99,85.0,0
2026-08-15 21:32:51,lht65-20,52.2507,5.97306,3.027,16.87,85.1,0
2026-08-15 21:42:51,lht65-20,52.2507,5.97306,3.027,16.66,85.6,0
2026-08-15 21:52:51,lht65-20,52.2507,5.97306,3.027,16.42,86.4,0
2026-08-15 22:02:51,lht65-20,52.2507,5.97306,3.023,16.32,86.9,0
2026-08-15 22:12:51,lht65-20,52.2507,5.97306,3.023,16.41,86.3,0
2026-08-15 22:22:51,lht65-20,52.2507,5.97306,3.023,16.38,86.6,0
2026-08-15 22:32:51,lht65-20,52.2507,5.97306,3.023,16.24,87.2,0
2026-08-15 22:42:51,lht65-20,52.2507,5.97306,3.027,15.96,88.1,0
2026-08-15 22:52:51,lht65-20,52.2507,5.97306,3.025,15.64,89.8,0
2026-08-15 23:02:51,lht65-20,52.2507,5.97306,3.023,15.49,90.8,0
2026-08-15 23:12:51,lht65-20,52.2507,5.97306,3.025,15.26,90.9,0
2026-08-15 23:22:51,lht65-20,52.2507,5.97306,3.023,15.15,92.1,0
2026-08-15 23:32:51,lht65-20,52.2507,5.97306,3.023,14.98,92.2,0
2026-08-15 23:42:51,lht65-20,52.2507,5.97306,3.023,14.67,92.8,0
2026-08-15 23:52:51,lht65-20,52.2507,5.97306,3.023,14.61,93.5,0
2026-08-16 00:02:51,lht65-20,52.2507,5.97306,3.023,14.59,93.9,0
2026-08-16 00:12:51,lht65-20,52.2507,5.97306,3.021,14.56,94.0,0
2026-08-16 00:22:51,lht65-20,52.2507,5.97306,3.021,14.45,93.9,0
2026-08-16 00:32:51,lht65-20,52.2507,5.97306,3.023,14.42,94.1,0
2026-08-16 00:42:51,lht65-20,52.2507,5.97306,3.021,14.32,94.1,0
2026-08-16 00:52:51,lht65-20,52.2507,5.97306,3.023,14.2,94.3,0
2026-08-16 01:02:51,lht65-20,52.2507,5.97306,3.019,14.19,94.4,0
2026-08-16 01:12:51,lht65-20,52.2507,5.97306,3.021,14.13,94.1,0
2026-08-16 01:22:51,lht65-20,52.2507,5.97306,3.021,13.9,94.1,0
2026-08-16 01:32:51,lht65-20,52.2507,5.97306,3.019,13.76,94.5,0
2026-08-16 01:42:51,lht65-20,52.2507,5.97306,3.021,13.67,94.9,0
2026-08-16 01:52:51,lht65-20,52.2507,5.97306,3.019,13.58,95.1,0
2026-08-16 02:02:51,lht65-20,52.2507,5.97306,3.019,13.33,95.2,0
2026-08-16 02:12:51,lht65-20,52.2507,5.97306,3.018,13.18,95.3,0
2026-08-16 02:22:51,lht65-20,52.2507,5.97306,3.018,13.09,95.4,0
2026-08-16 02:32:51,lht65-20,52.2507,5.97306,3.018,12.98,95.6,0
2026-08-16 02:42:51,lht65-20,52.2507,5.97306,3.018,12.8,95.7,0
2026-08-16 02:52:51,lht65-20,52.2507,5.97306,3.018,12.79,95.9,0
2026-08-16 03:02:51,lht65-20,52.2507,5.97306,3.018,12.74,96.1,0
2026-08-16 03:12:51,lht65-20,52.2507,5.97306,3.018,12.74,96.2,0
2026-08-16 03:22:51,lht65-20,52.2507,5.97306,3.018,12.58,96.3,0
2026-08-16 03:32:51,lht65-20,52.2507,5.97306,3.018,12.35,96.4,0
2026-08-16 03:42:51,lht65-20,52.2507,5.97306,3.018,12.43,96.5,0
2026-08-16 03:52:51,lht65-20,52.2507,5.97306,3.018,12.6,96.6,3
2026-08-16 04:02:51,lht65-20,52.2507,5.97306,3.016,12.58,96.7,20
2026-08-16 04:12:51,lht65-20,52.2507,5.97306,3.016,12.63,96.8,66
2026-08-16 04:22:51,lht65-20,52.2507,5.97306,3.018,12.67,96.8,186
2026-08-16 04:32:51,lht65-20,52.2507,5.97306,3.016,12.65,96.9,408
2026-08-16 04:42:51,lht65-20,52.2507,5.97306,3.018,12.65,96.9,744
2026-08-16 04:52:51,lht65-20,52.2507,5.97306,3.018,12.68,96.9,1195
2026-08-16 05:02:51,lht65-20,52.2507,5.97306,3.018,12.91,97.0,1764
2026-08-16 05:12:51,lht65-20,52.2507,5.97306,3.018,13.54,97.0,2965
2026-08-16 05:22:51,lht65-20,52.2507,5.97306,3.019,14.13,96.9,2912
2026-08-16 05:32:51,lht65-20,52.2507,5.97306,3.018,14.36,96.9,2718
2026-08-16 05:42:51,lht65-20,52.2507,5.97306,3.018,14.43,96.9,3676
2026-08-16 05:52:51,lht65-20,52.2507,5.97306,3.018,14.65,96.7,4639
2026-08-16 06:02:51,lht65-20,52.2507,5.97306,3.019,15.44,96.1,12071
2026-08-16 06:12:51,lht65-20,52.2507,5.97306,3.019,16.38,90.3,13588
2026-08-16 06:22:51,lht65-20,52.2507,5.97306,3.023,17.32,85.9,14815
2026-08-16 06:32:51,lht65-20,52.2507,5.97306,3.023,18.12,81.5,15692
2026-08-16 06:42:51,lht65-20,52.2507,5.97306,3.021,18.4,80.1,17201
2026-08-16 06:52:51,lht65-20,52.2507,5.97306,3.021,18.5,77.3,18224
2026-08-16 07:02:51,lht65-20,52.2507,5.97306,3.023,18.75,77.9,19127
2026-08-16 07:12:51,lht65-20,52.2507,5.97306,3.023,18.79,76.7,19924
2026-08-16 07:22:51,lht65-20,52.2507,5.97306,3.023,19.09,77.3,20527
2026-08-16 07:32:51,lht65-20,52.2507,5.97306,3.023,19.35,74.0,20354
2026-08-16 07:42:51,lht65-20,52.2507,5.97306,3.021,19.3,74.5,22227
2026-08-16 07:52:51,lht65-20,52.2507,5.97306,3.023,19.68,72.3,22505
2026-08-16 08:02:51,lht65-20,52.2507,5.97306,3.025,20.03,71.2,23330
2026-08-16 08:12:51,lht65-20,52.2507,5.97306,3.023,20.56,68.5,24529
2026-08-16 08:22:51,lht65-20,52.2507,5.97306,3.027,20.66,67.2,25008
2026-08-16 08:32:51,lht65-20,52.2507,5.97306,3.027,21.4,65.9,25800
2026-08-16 08:42:51,lht65-20,52.2507,5.97306,3.027,21.23,62.6,27508
2026-08-16 08:52:51,lht65-20,52.2507,5.97306,3.023,21.89,61.0,27391
2026-08-16 09:02:51,lht65-20,52.2507,5.97306,3.025,21.42,58.2,14239
2026-08-16 09:12:51,lht65-20,52.2507,5.97306,3.027,22.2,56.2,27855
2026-08-16 09:22:51,lht65-20,52.2507,5.97306,3.027,23.05,54.6,26979
2026-08-16 09:32:51,lht65-20,52.2507,5.97306,3.027,22.74,55.6,21920
2026-08-16 09:42:51,lht65-20,52.2507,5.97306,3.027,23.51,56.2,26435
2026-08-16 09:52:51,lht65-20,52.2507,5.97306,3.027,23.23,54.4,27344
2026-08-16 10:02:51,lht65-20,52.2507,5.97306,3.027,23.35,54.0,20693
2026-08-16 10:12:51,lht65-20,52.2507,5.97306,3.027,23.1,55.1,17498
2026-08-16 10:22:51,lht65-20,52.2507,5.97306,3.027,22.8,53.9,28156
2026-08-16 10:32:51,lht65-20,52.2507,5.97306,3.027,24.23,52.7,30014
2026-08-16 10:42:51,lht65-20,52.2507,5.97306,3.029,24.62,51.9,28275
2026-08-16 10:52:51,lht65-20,52.2507,5.97306,3.027,23.75,51.0,30005
2026-08-16 11:02:51,lht65-20,52.2507,5.97306,3.027,23.93,51.8,19115
2026-08-16 11:12:51,lht65-20,52.2507,5.97306,3.027,24.38,51.1,29715
2026-08-16 11:22:51,lht65-20,52.2507,5.97306,3.027,24.93,47.0,26185
2026-08-16 11:32:51,lht65-20,52.2507,5.97306,3.027,25.2,44.3,33170
2026-08-16 11:42:51,lht65-20,52.2507,5.97306,3.027,25.96,44.4,29466
2026-08-16 11:52:51,lht65-20,52.2507,5.97306,3.029,25.46,44.4,29121
2026-08-16 12:02:51,lht65-20,52.2507,5.97306,3.027,25.35,45.9,19535
2026-08-16 12:12:51,lht65-20,52.2507,5.97306,3.029,24.77,44.8,33748
2026-08-16 12:22:51,lht65-20,52.2507,5.97306,3.027,24.77,46.0,16890
2026-08-16 12:32:51,lht65-20,52.2507,5.97306,3.027,24.22,46.7,17223
2026-08-16 12:42:51,lht65-20,52.2507,5.97306,3.027,24.4,46.7,16469
2026-08-16 12:52:51,lht65-20,52.2507,5.97306,3.027,24.75,46.8,23100
2026-08-16 13:02:51,lht65-20,52.2507,5.97306,3.027,25.45,44.1,21154
2026-08-16 13:12:51,lht65-20,52.2507,5.97306,3.029,25.39,45.0,29946
2026-08-16 13:22:51,lht65-20,52.2507,5.97306,3.029,25.27,45.4,13853
2026-08-16 13:32:51,lht65-20,52.2507,5.97306,3.029,24.91,46.1,10521
2026-08-16 13:42:51,lht65-20,52.2507,5.97306,3.029,23.92,46.5,8935
2026-08-16 13:52:51,lht65-20,52.2507,5.97306,3.027,23.61,50.4,8991
2026-08-16 14:02:51,lht65-20,52.2507,5.97306,3.027,23.77,50.3,11522
2026-08-16 14:12:51,lht65-20,52.2507,5.97306,3.027,23.98,49.5,14965
2026-08-16 14:22:51,lht65-20,52.2507,5.97306,3.029,24.42,50.8,11797
2026-08-16 14:32:51,lht65-20,52.2507,5.97306,3.027,23.92,49.5,10142
2026-08-16 14:42:51,lht65-20,52.2507,5.97306,3.027,23.51,51.2,8532
2026-08-16 14:52:51,lht65-20,52.2507,5.97306,3.027,23.43,53.1,14638
2026-08-16 15:02:51,lht65-20,52.2507,5.97306,3.029,24.02,50.8,10295
2026-08-16 15:12:51,lht65-20,52.2507,5.97306,3.027,23.57,53.0,7204
2026-08-16 15:22:51,lht65-20,52.2507,5.97306,3.027,22.97,54.1,6887
2026-08-16 15:32:51,lht65-20,52.2507,5.97306,3.027,22.91,54.2,7161
2026-08-16 15:42:51,lht65-20,52.2507,5.97306,3.027,22.61,57.0,8781
2026-08-16 15:52:51,lht65-20,52.2507,5.97306,3.027,22.88,56.9,9976
2026-08-16 16:02:51,lht65-20,52.2507,5.97306,3.027,22.94,58.0,7771
2026-08-16 16:12:51,lht65-20,52.2507,5.97306,3.027,22.26,59.7,4337
2026-08-16 16:22:51,lht65-20,52.2507,5.97306,3.027,21.74,62.3,2874
2026-08-16 16:32:51,lht65-20,52.2507,5.97306,3.027,21.38,63.9,4000
2026-08-16 16:42:51,lht65-20,52.2507,5.97306,3.027,22.11,62.4,11733
2026-08-16 16:52:51,lht65-20,52.2507,5.97306,3.027,22.7,61.4,8719
2026-08-16 17:02:51,lht65-20,52.2507,5.97306,3.027,23.13,61.3,14820
2026-08-16 17:12:51,lht65-20,52.2507,5.97306,3.027,22.9,59.8,8060
2026-08-16 17:22:51,lht65-20,52.2507,5.97306,3.027,22.41,61.4,8005
2026-08-16 17:32:51,lht65-20,52.2507,5.97306,3.027,21.95,62.3,3962
2026-08-16 17:42:51,lht65-20,52.2507,5.97306,3.027,21.03,64.6,2068
2026-08-16 17:52:51,lht65-20,52.2507,5.97306,3.027,20.2,66.9,1760
2026-08-16 18:02:51,lht65-20,52.2507,5.97306,3.025,19.66,68.9,2115
2026-08-16 18:12:51,lht65-20,52.2507,5.97306,3.023,19.46,69.7,1129
2026-08-16 18:22:51,lht65-20,52.2507,5.97306,3.023,19.17,69.5,718
2026-08-16 18:32:51,lht65-20,52.2507,5.97306,3.023,18.93,70.7,574
2026-08-16 18:42:51,lht65-20,52.2507,5.97306,3.023,18.72,71.3,305
2026-08-16 18:52:51,lht65-20,52.2507,5.97306,3.023,18.5,72.3,149
2026-08-16 19:02:51,lht65-20,52.2507,5.97306,3.023,18.29,73.2,75
2026-08-16 19:12:51,lht65-20,52.2507,5.97306,3.023,18.13,73.9,27
2026-08-16 19:22:51,lht65-20,52.2507,5.97306,3.023,17.86,75.0,8
2026-08-16 19:32:51,lht65-20,52.2507,5.97306,3.023,17.54,75.8,1
2026-08-16 19:42:51,lht65-20,52.2507,5.97306,3.023,17.27,76.3,0
2026-08-16 19:52:51,lht65-20,52.2507,5.97306,3.023,16.86,77.0,0
2026-08-16 20:02:51,lht65-20,52.2507,5.97306,3.021,16.17,80.2,0
2026-08-16 20:12:51,lht65-20,52.2507,5.97306,3.019,15.49,83.4,0
2026-08-16 20:22:51,lht65-20,52.2507,5.97306,3.019,15.04,84.7,0
2026-08-16 20:32:51,lht65-20,52.2507,5.97306,3.019,14.43,86.3,0
2026-08-16 20:42:51,lht65-20,52.2507,5.97306,3.018,13.98,88.8,0
2026-08-16 20:52:51,lht65-20,52.2507,5.97306,3.019,13.63,90.0,0
2026-08-16 21:02:51,lht65-20,52.2507,5.97306,3.018,13.46,91.0,0
2026-08-16 21:12:51,lht65-20,52.2507,5.97306,3.018,13.16,91.5,0
2026-08-16 21:22:51,lht65-20,52.2507,5.97306,3.016,12.64,91.0,0
2026-08-16 21:32:51,lht65-20,52.2507,5.97306,3.016,12.28,92.2,0
2026-08-16 21:42:51,lht65-20,52.2507,5.97306,3.016,12.27,93.4,0
2026-08-16 21:52:51,lht65-20,52.2507,5.97306,3.016,12.45,94.2,0
2026-08-16 22:02:51,lht65-20,52.2507,5.97306,3.016,12.65,94.5,0
2026-08-16 22:12:51,lht65-20,52.2507,5.97306,3.016,12.8,94.7,0
2026-08-16 22:22:51,lht65-20,52.2507,5.97306,3.016,12.53,94.3,0
2026-08-16 22:32:51,lht65-20,52.2507,5.97306,3.016,12.14,93.4,0
2026-08-16 22:42:51,lht65-20,52.2507,5.97306,3.016,12.17,94.1,0
2026-08-16 22:52:51,lht65-20,52.2507,5.97306,3.016,12.4,94.8,0
2026-08-16 23:02:51,lht65-20,52.2507,5.97306,3.016,12.6,95.2,0
2026-08-16 23:12:51,lht65-20,52.2507,5.97306,3.016,12.77,95.4,0
2026-08-16 23:22:51,lht65-20,52.2507,5.97306,3.016,13.06,95.5,0
2026-08-16 23:32:51,lht65-20,52.2507,5.97306,3.016,13.29,95.3,0
2026-08-16 23:42:51,lht65-20,52.2507,5.97306,3.016,13.46,94.9,0
2026-08-16 23:52:51,lht65-20,52.2507,5.97306,3.016,13.47,94.1,0
2026-08-17 00:02:51,lht65-20,52.2507,5.97306,3.016,13.55,93.5,0
2026-08-17 00:12:51,lht65-20,52.2507,5.97306,3.016,13.56,93.4,0
2026-08-17 00:22:51,lht65-20,52.2507,5.97306,3.016,13.51,93.2,0
2026-08-17 00:32:51,lht65-20,52.2507,5.97306,3.016,13.57,93.5,0
2026-08-17 00:42:51,lht65-20,52.2507,5.97306,3.016,13.52,93.5,0
2026-08-17 00:52:51,lht65-20,52.2507,5.97306,3.016,13.36,93.6,0
2026-08-17 01:02:51,lht65-20,52.2507,5.97306,3.016,13.13,93.7,0
2026-08-17 01:12:51,lht65-20,52.2507,5.97306,3.016,13.0,94.1,0
2026-08-17 01:22:51,lht65-20,52.2507,5.97306,3.016,12.95,94.6,0
2026-08-17 01:32:51,lht65-20,52.2507,5.97306,3.016,13.19,95.2,0
2026-08-17 01:42:51,lht65-20,52.2507,5.97306,3.016,13.31,95.4,0
2026-08-17 01:52:51,lht65-20,52.2507,5.97306,3.016,13.5,95.4,0
2026-08-17 02:02:51,lht65-20,52.2507,5.97306,3.014,13.63,95.3,0
2026-08-17 02:12:51,lht65-20,52.2507,5.97306,3.016,13.73,95.2,0
2026-08-17 02:22:51,lht65-20,52.2507,5.97306,3.016,13.85,95.2,0
2026-08-17 02:32:51,lht65-20,52.2507,5.97306,3.016,14.03,95.2,0
2026-08-17 02:42:51,lht65-20,52.2507,5.97306,3.016,14.11,94.9,0
2026-08-17 02:52:51,lht65-20,52.2507,5.97306,3.016,14.15,94.7,0
2026-08-17 03:02:51,lht65-20,52.2507,5.97306,3.016,14.24,94.4,0
2026-08-17 03:12:51,lht65-20,52.2507,5.97306,3.016,14.37,93.8,0
2026-08-17 03:22:51,lht65-20,52.2507,5.97306,3.016,14.46,93.3,0
2026-08-17 03:32:51,lht65-20,52.2507,5.97306,3.016,14.52,92.8,0
2026-08-17 03:42:51,lht65-20,52.2507,5.97306,3.016,14.62,92.8,0
2026-08-17 03:52:51,lht65-20,52.2507,5.97306,3.016,14.62,92.7,0
2026-08-17 04:02:51,lht65-20,52.2507,5.97306,3.016,14.5,93.1,1
2026-08-17 04:12:51,lht65-20,52.2507,5.97306,3.016,14.42,93.8,8
2026-08-17 04:22:51,lht65-20,52.2507,5.97306,3.016,14.33,94.5,25
2026-08-17 04:32:51,lht65-20,52.2507,5.97306,3.016,14.29,95.0,45
2026-08-17 04:42:51,lht65-20,52.2507,5.97306,3.016,14.27,95.3,70
2026-08-17 04:52:51,lht65-20,52.2507,5.97306,3.016,14.25,95.5,45
2026-08-17 05:02:51,lht65-20,52.2507,5.97306,3.016,14.22,95.6,142
2026-08-17 05:12:51,lht65-20,52.2507,5.97306,3.014,14.21,95.7,154
2026-08-17 05:22:51,lht65-20,52.2507,5.97306,3.016,14.19,95.9,299
2026-08-17 05:32:51,lht65-20,52.2507,5.97306,3.016,14.22,96.0,520
2026-08-17 05:42:51,lht65-20,52.2507,5.97306,3.016,14.28,96.1,661
2026-08-17 05:52:51,lht65-20,52.2507,5.97306,3.016,14.31,96.2,642
2026-08-17 06:02:51,lht65-20,52.2507,5.97306,3.016,14.33,96.3,1436
2026-08-17 06:12:51,lht65-20,52.2507,5.97306,3.016,14.36,96.3,1501
2026-08-17 06:22:51,lht65-20,52.2507,5.97306,3.016,14.37,96.3,960
2026-08-17 06:32:51,lht65-20,52.2507,5.97306,3.016,14.42,96.3,954
2026-08-17 06:42:51,lht65-20,52.2507,5.97306,3.016,14.48,96.4,3055
2026-08-17 06:52:51,lht65-20,52.2507,5.97306,3.016,14.69,96.4,4341
2026-08-17 07:02:51,lht65-20,52.2507,5.97306,3.016,14.89,96.3,5498
2026-08-17 07:12:51,lht65-20,52.2507,5.97306,3.016,15.05,95.9,7146
2026-08-17 07:22:51,lht65-20,52.2507,5.97306,3.016,15.4,95.3,9543
2026-08-17 07:32:51,lht65-20,52.2507,5.97306,3.016,15.64,94.2,9591
2026-08-17 07:42:51,lht65-20,52.2507,5.97306,3.016,16.03,92.4,10546
2026-08-17 07:52:51,lht65-20,52.2507,5.97306,3.016,16.55,90.7,27004
2026-08-17 08:02:51,lht65-20,52.2507,5.97306,3.016,17.07,89.0,24155
2026-08-17 08:12:51,lht65-20,52.2507,5.97306,3.018,17.24,87.7,16504
2026-08-17 08:22:51,lht65-20,52.2507,5.97306,3.018,17.54,86.2,32602
2026-08-17 08:32:51,lht65-20,52.2507,5.97306,3.018,18.32,83.0,27396
2026-08-17 08:42:51,lht65-20,52.2507,5.97306,3.018,17.9,83.0,6278
2026-08-17 08:52:51,lht65-20,52.2507,5.97306,3.018,17.3,84.7,9490
2026-08-17 09:02:51,lht65-20,52.2507,5.97306,3.018,18.3,82.3,30613
2026-08-17 09:12:51,lht65-20,52.2507,5.97306,3.018,18.61,80.3,32246
2026-08-17 09:22:51,lht65-20,52.2507,5.97306,3.018,20.04,78.2,33276
2026-08-17 09:32:51,lht65-20,52.2507,5.97306,3.019,19.47,72.3,7915
2026-08-17 09:42:51,lht65-20,52.2507,5.97306,3.018,18.8,76.9,14280
2026-08-17 09:52:51,lht65-20,52.2507,5.97306,3.018,18.48,79.1,9885
2026-08-17 10:02:51,lht65-20,52.2507,5.97306,3.019,18.91,82.4,17799
2026-08-17 10:12:51,lht65-20,52.2507,5.97306,3.018,18.98,77.4,12850
2026-08-17 10:22:51,lht65-20,52.2507,5.97306,3.018,18.32,78.6,5920
2026-08-17 10:32:51,lht65-20,52.2507,5.97306,3.016,17.69,83.6,7025
2026-08-17 10:42:51,lht65-20,52.2507,5.97306,3.018,17.73,86.3,15536
2026-08-17 10:52:51,lht65-20,52.2507,5.97306,3.018,18.12,84.8,13048
2026-08-17 11:02:51,lht65-20,52.2507,5.97306,3.016,18.31,81.8,18209
2026-08-17 11:12:51,lht65-20,52.2507,5.97306,3.018,18.89,77.1,18224
2026-08-17 11:22:51,lht65-20,52.2507,5.97306,3.018,19.46,74.7,20079
2026-08-17 11:32:51,lht65-20,52.2507,5.97306,3.018,19.91,73.1,22533
2026-08-17 11:42:51,lht65-20,52.2507,5.97306,3.018,20.27,72.1,17422
2026-08-17 11:52:51,lht65-20,52.2507,5.97306,3.018,21.28,67.1,21417
2026-08-17 12:02:51,lht65-20,52.2507,5.97306,3.018,20.95,69.0,14744
2026-08-17 12:12:51,lht65-20,52.2507,5.97306,3.021,21.17,63.6,15701
2026-08-17 12:22:51,lht65-20,52.2507,5.97306,3.019,21.36,65.5,16335
2026-08-17 12:32:51,lht65-20,52.2507,5.97306,3.021,21.3,64.4,15329
2026-08-17 12:42:51,lht65-20,52.2507,5.97306,3.019,21.27,61.3,11510
2026-08-17 12:52:51,lht65-20,52.2507,5.97306,3.019,20.72,62.3,7995
2026-08-17 13:02:51,lht65-20,52.2507,5.97306,3.021,20.18,65.0,5429
2026-08-17 13:12:51,lht65-20,52.2507,5.97306,3.018,19.75,66.0,5035
2026-08-17 13:22:51,lht65-20,52.2507,5.97306,3.019,19.39,67.6,4544
2026-08-17 13:32:51,lht65-20,52.2507,5.97306,3.019,19.04,67.2,5261
2026-08-17 13:42:51,lht65-20,52.2507,5.97306,3.018,18.84,67.5,3715
2026-08-17 13:52:51,lht65-20,52.2507,5.97306,3.018,18.53,69.4,2994
2026-08-17 14:02:51,lht65-20,52.2507,5.97306,3.018,18.13,72.7,2790
2026-08-17 14:12:51,lht65-20,52.2507,5.97306,3.018,17.97,75.1,2825
2026-08-17 14:22:51,lht65-20,52.2507,5.97306,3.018,17.88,76.7,2694
2026-08-17 14:32:51,lht65-20,52.2507,5.97306,3.018,17.82,77.6,4436
2026-08-17 14:42:51,lht65-20,52.2507,5.97306,3.016,18.18,75.2,6655
2026-08-17 14:52:51,lht65-20,52.2507,5.97306,3.018,18.5,75.4,6956
2026-08-17 15:02:51,lht65-20,52.2507,5.97306,3.016,18.54,74.8,4350
2026-08-17 15:12:51,lht65-20,52.2507,5.97306,3.018,18.51,74.6,5277
2026-08-17 15:22:51,lht65-20,52.2507,5.97306,3.018,18.81,74.1,7040
2026-08-17 15:32:51,lht65-20,52.2507,5.97306,3.018,18.98,72.8,5310
2026-08-17 15:42:51,lht65-20,52.2507,5.97306,3.018,19.09,68.6,6857
2026-08-17 15:52:51,lht65-20,52.2507,5.97306,3.019,19.39,66.0,8730
2026-08-17 16:02:51,lht65-20,52.2507,5.97306,3.018,19.57,66.5,7790
2026-08-17 16:12:51,lht65-20,52.2507,5.97306,3.018,19.47,68.2,7500
2026-08-17 16:22:51,lht65-20,52.2507,5.97306,3.018,19.48,67.6,7586
2026-08-17 16:32:51,lht65-20,52.2507,5.97306,3.018,19.46,68.6,7381
2026-08-17 16:42:51,lht65-20,52.2507,5.97306,3.018,19.45,69.2,6805
2026-08-17 16:52:51,lht65-20,52.2507,5.97306,3.018,19.19,70.4,5429
2026-08-17 17:02:51,lht65-20,52.2507,5.97306,3.018,18.99,71.0,4993
2026-08-17 17:12:51,lht65-20,52.2507,5.97306,3.018,18.84,70.7,3748
2026-08-17 17:22:51,lht65-20,52.2507,5.97306,3.018,18.56,72.5,2951
2026-08-17 17:32:51,lht65-20,52.2507,5.97306,3.018,18.42,72.4,2248
2026-08-17 17:42:51,lht65-20,52.2507,5.97306,3.016,18.09,74.5,1556
2026-08-17 17:52:51,lht65-20,52.2507,5.97306,3.016,17.82,74.7,958
2026-08-17 18:02:51,lht65-20,52.2507,5.97306,3.016,17.62,76.0,452
2026-08-17 18:12:51,lht65-20,52.2507,5.97306,3.016,17.45,76.6,508
2026-08-17 18:22:51,lht65-20,52.2507,5.97306,3.016,17.31,76.4,416
2026-08-17 18:32:51,lht65-20,52.2507,5.97306,3.016,17.18,78.5,364
2026-08-17 18:42:51,lht65-20,52.2507,5.97306,3.016,17.09,79.2,233
2026-08-17 19:12:51,lht65-20,52.2507,5.97306,3.016,16.68,81.7,13
2026-08-17 19:22:51,lht65-20,52.2507,5.97306,3.016,16.63,82.1,3
2026-08-17 19:32:51,lht65-20,52.2507,5.97306,3.014,16.54,81.8,0
2026-08-17 19:42:51,lht65-20,52.2507,5.97306,3.016,16.47,83.6,0
2026-08-17 19:52:51,lht65-20,52.2507,5.97306,3.016,16.36,85.2,0
2026-08-17 20:02:51,lht65-20,52.2507,5.97306,3.014,16.31,84.7,0
2026-08-17 20:12:51,lht65-20,52.2507,5.97306,3.016,16.26,85.4,0
2026-08-17 20:22:51,lht65-20,52.2507,5.97306,3.016,16.21,85.9,0
2026-08-17 20:32:51,lht65-20,52.2507,5.97306,3.016,16.12,86.5,0
2026-08-17 20:42:51,lht65-20,52.2507,5.97306,3.014,15.95,87.8,0
2026-08-17 20:52:51,lht65-20,52.2507,5.97306,3.016,15.87,87.7,0
2026-08-17 21:02:51,lht65-20,52.2507,5.97306,3.016,15.89,86.3,0
2026-08-17 21:12:51,lht65-20,52.2507,5.97306,3.014,15.67,86.9,0
2026-08-17 21:22:51,lht65-20,52.2507,5.97306,3.014,15.17,86.8,0
2026-08-17 21:32:51,lht65-20,52.2507,5.97306,3.014,14.61,89.7,0
2026-08-17 21:42:51,lht65-20,52.2507,5.97306,3.012,14.19,91.0,0
2026-08-17 21:52:51,lht65-20,52.2507,5.97306,3.012,13.8,91.9,0
2026-08-17 22:02:51,lht65-20,52.2507,5.97306,3.012,13.37,92.2,0
2026-08-17 22:12:51,lht65-20,52.2507,5.97306,3.012,13.12,93.3,0
2026-08-17 22:22:51,lht65-20,52.2507,5.97306,3.012,12.96,94.4,0
2026-08-17 22:32:51,lht65-20,52.2507,5.97306,3.012,12.72,94.7,0
2026-08-17 22:42:51,lht65-20,52.2507,5.97306,3.009,12.39,94.8,0
2026-08-17 22:52:51,lht65-20,52.2507,5.97306,3.012,12.32,95.0,0
2026-08-17 23:02:51,lht65-20,52.2507,5.97306,3.009,12.41,95.5,0
2026-08-17 23:12:51,lht65-20,52.2507,5.97306,3.01,12.47,95.8,0
2026-08-17 23:22:51,lht65-20,52.2507,5.97306,3.009,12.41,96.1,0
2026-08-17 23:32:51,lht65-20,52.2507,5.97306,3.009,12.26,96.2,0
2026-08-17 23:42:51,lht65-20,52.2507,5.97306,3.01,12.14,96.4,0
2026-08-17 23:52:51,lht65-20,52.2507,5.97306,3.009,12.26,96.5,0
2026-08-18 00:02:51,lht65-20,52.2507,5.97306,3.009,11.92,96.6,0
2026-08-18 00:12:51,lht65-20,52.2507,5.97306,3.009,11.89,96.6,0
2026-08-18 00:22:51,lht65-20,52.2507,5.97306,3.009,12.14,96.7,0
2026-08-18 00:32:51,lht65-20,52.2507,5.97306,3.009,12.33,96.8,0
2026-08-18 00:42:51,lht65-20,52.2507,5.97306,3.009,12.55,96.9,0
2026-08-18 00:52:51,lht65-20,52.2507,5.97306,3.009,12.6,97.0,0
2026-08-18 01:02:51,lht65-20,52.2507,5.97306,3.009,12.71,97.0,0
2026-08-18 01:12:51,lht65-20,52.2507,5.97306,3.009,12.77,97.1,0
2026-08-18 01:22:51,lht65-20,52.2507,5.97306,3.01,12.85,97.1,0
2026-08-18 01:32:51,lht65-20,52.2507,5.97306,3.009,12.91,97.1,0
2026-08-18 01:42:51,lht65-20,52.2507,5.97306,3.01,13.01,97.2,0
2026-08-18 01:52:51,lht65-20,52.2507,5.97306,3.009,13.1,97.2,0
2026-08-18 02:02:51,lht65-20,52.2507,5.97306,3.009,13.1,97.3,0
2026-08-18 02:12:51,lht65-20,52.2507,5.97306,3.01,13.22,97.3,0
2026-08-18 02:22:51,lht65-20,52.2507,5.97306,3.009,13.18,97.3,0
2026-08-18 02:32:51,lht65-20,52.2507,5.97306,3.009,13.17,97.4,0
2026-08-18 02:42:51,lht65-20,52.2507,5.97306,3.012,13.3,97.4,0
2026-08-18 02:52:51,lht65-20,52.2507,5.97306,3.009,13.34,97.4,0
2026-08-18 03:02:51,lht65-20,52.2507,5.97306,3.009,13.52,97.4,0
2026-08-18 03:12:51,lht65-20,52.2507,5.97306,3.01,13.59,97.4,0
2026-08-18 03:22:51,lht65-20,52.2507,5.97306,3.009,13.8,97.4,0
2026-08-18 03:32:51,lht65-20,52.2507,5.97306,3.009,13.97,97.5,0
2026-08-18 03:42:51,lht65-20,52.2507,5.97306,3.012,13.98,97.4,0
2026-08-18 03:52:51,lht65-20,52.2507,5.97306,3.01,13.97,97.4,0
2026-08-18 04:02:51,lht65-20,52.2507,5.97306,3.012,13.97,97.5,1
2026-08-18 04:12:51,lht65-20,52.2507,5.97306,3.012,14.14,97.5,7
2026-08-18 04:22:51,lht65-20,52.2507,5.97306,3.012,14.24,97.5,11
2026-08-18 04:32:51,lht65-20,52.2507,5.97306,3.009,14.28,97.5,25
2026-08-18 04:42:51,lht65-20,52.2507,5.97306,3.01,14.27,97.5,58
2026-08-18 04:52:51,lht65-20,52.2507,5.97306,3.012,14.35,97.5,116
2026-08-18 05:02:51,lht65-20,52.2507,5.97306,3.012,14.42,97.5,219
2026-08-18 05:12:51,lht65-20,52.2507,5.97306,3.009,14.45,97.5,215
2026-08-18 05:22:51,lht65-20,52.2507,5.97306,3.012,14.49,97.5,336
2026-08-18 05:32:51,lht65-20,52.2507,5.97306,3.012,14.55,97.5,387
2026-08-18 05:42:51,lht65-20,52.2507,5.97306,3.01,14.64,97.5,754
2026-08-18 05:52:51,lht65-20,52.2507,5.97306,3.012,14.72,97.5,930
2026-08-18 06:02:51,lht65-20,52.2507,5.97306,3.009,14.75,97.5,857
2026-08-18 06:12:51,lht65-20,52.2507,5.97306,3.012,14.84,97.5,1449
2026-08-18 06:22:51,lht65-20,52.2507,5.97306,3.012,14.91,97.5,1484
2026-08-18 06:32:51,lht65-20,52.2507,5.97306,3.012,14.93,97.4,1210
2026-08-18 06:42:51,lht65-20,52.2507,5.97306,3.01,14.96,97.4,1778
2026-08-18 06:52:51,lht65-20,52.2507,5.97306,3.012,15.01,97.4,2220
2026-08-18 07:02:51,lht65-20,52.2507,5.97306,3.01,15.09,97.4,2368
2026-08-18 07:12:51,lht65-20,52.2507,5.97306,3.01,15.2,97.3,3869
2026-08-18 07:22:51,lht65-20,52.2507,5.97306,3.01,15.3,97.2,3618
2026-08-18 07:32:51,lht65-20,52.2507,5.97306,3.009,15.35,97.2,3218
2026-08-18 07:42:51,lht65-20,52.2507,5.97306,3.01,15.47,97.0,4821
2026-08-18 07:52:51,lht65-20,52.2507,5.97306,3.01,15.62,96.9,4640
2026-08-18 08:02:51,lht65-20,52.2507,5.97306,3.012,15.63,96.6,4485
2026-08-18 08:12:51,lht65-20,52.2507,5.97306,3.012,15.79,96.3,4540
2026-08-18 08:22:51,lht65-20,52.2507,5.97306,3.012,15.81,95.9,4539
2026-08-18 08:32:51,lht65-20,52.2507,5.97306,3.012,15.88,95.7,5876
2026-08-18 08:42:51,lht65-20,52.2507,5.97306,3.012,16.02,95.5,5635
2026-08-18 08:52:51,lht65-20,52.2507,5.97306,3.012,16.07,95.5,5609
2026-08-18 09:02:51,lht65-20,52.2507,5.97306,3.012,16.2,95.6,4134
2026-08-18 09:12:51,lht65-20,52.2507,5.97306,3.012,16.17,95.5,2737
2026-08-18 09:22:51,lht65-20,52.2507,5.97306,3.012,16.17,95.6,4463
2026-08-18 09:32:51,lht65-20,52.2507,5.97306,3.012,16.31,95.7,4632
2026-08-18 09:42:51,lht65-20,52.2507,5.97306,3.012,16.38,95.7,6300
2026-08-18 09:52:51,lht65-20,52.2507,5.97306,3.012,16.51,95.7,5317
2026-08-18 10:02:51,lht65-20,52.2507,5.97306,3.012,16.73,95.7,8075
2026-08-18 10:12:51,lht65-20,52.2507,5.97306,3.012,16.96,95.6,9341
2026-08-18 10:22:51,lht65-20,52.2507,5.97306,3.012,17.17,95.3,9462
2026-08-18 10:32:51,lht65-20,52.2507,5.97306,3.012,17.86,95.3,9265
2026-08-18 10:42:51,lht65-20,52.2507,5.97306,3.012,18.02,94.8,11238
2026-08-18 10:52:51,lht65-20,52.2507,5.97306,3.012,18.27,94.4,12510
2026-08-18 11:02:51,lht65-20,52.2507,5.97306,3.012,18.5,94.1,14647
2026-08-18 11:12:51,lht65-20,52.2507,5.97306,3.014,18.68,94.2,6543
2026-08-18 11:22:51,lht65-20,52.2507,5.97306,3.012,19.18,94.0,11495
2026-08-18 11:32:51,lht65-20,52.2507,5.97306,3.012,19.21,93.2,12926
2026-08-18 11:42:51,lht65-20,52.2507,5.97306,3.012,19.47,92.6,10808
2026-08-18 11:52:51,lht65-20,52.2507,5.97306,3.016,19.7,92.1,19795
2026-08-18 12:02:51,lht65-20,52.2507,5.97306,3.014,20.34,90.5,9375
2026-08-18 12:12:51,lht65-20,52.2507,5.97306,3.016,19.9,90.5,4709
2026-08-18 12:22:51,lht65-20,52.2507,5.97306,3.016,19.92,90.3,10267
2026-08-18 12:32:51,lht65-20,52.2507,5.97306,3.012,20.02,88.8,3341
2026-08-18 12:42:51,lht65-20,52.2507,5.97306,3.014,19.63,88.9,2709
2026-08-18 12:52:51,lht65-20,52.2507,5.97306,3.016,19.33,88.9,5615
2026-08-18 13:02:51,lht65-20,52.2507,5.97306,3.014,19.47,88.9,8274
2026-08-18 13:12:51,lht65-20,52.2507,5.97306,3.014,19.69,89.2,13855
2026-08-18 13:22:51,lht65-20,52.2507,5.97306,3.014,20.09,87.7,5147
2026-08-18 13:32:51,lht65-20,52.2507,5.97306,3.014,19.78,89.1,1982
2026-08-18 13:42:51,lht65-20,52.2507,5.97306,3.016,19.62,90.5,6451
2026-08-18 13:52:51,lht65-20,52.2507,5.97306,3.016,19.92,90.0,8530
2026-08-18 14:02:51,lht65-20,52.2507,5.97306,3.016,20.37,86.3,9865
2026-08-18 14:12:51,lht65-20,52.2507,5.97306,3.016,20.69,84.2,7616
2026-08-18 14:22:51,lht65-20,52.2507,5.97306,3.016,20.67,84.9,7837
2026-08-18 14:32:51,lht65-20,52.2507,5.97306,3.016,20.43,84.1,3002
2026-08-18 14:42:51,lht65-20,52.2507,5.97306,3.016,20.48,84.6,10548
2026-08-18 14:52:51,lht65-20,52.2507,5.97306,3.016,20.57,83.1,6666
2026-08-18 15:02:51,lht65-20,52.2507,5.97306,3.016,20.54,83.2,6988
2026-08-18 15:12:51,lht65-20,52.2507,5.97306,3.016,20.77,83.1,7930
2026-08-18 15:22:51,lht65-20,52.2507,5.97306,3.014,20.97,82.5,10052
2026-08-18 15:32:51,lht65-20,52.2507,5.97306,3.016,20.78,83.0,4115
2026-08-18 15:42:51,lht65-20,52.2507,5.97306,3.016,20.33,85.5,8290
2026-08-18 15:52:51,lht65-20,52.2507,5.97306,3.016,20.37,85.1,6203
2026-08-18 16:02:51,lht65-20,52.2507,5.97306,3.014,20.18,86.0,7155
2026-08-18 16:12:51,lht65-20,52.2507,5.97306,3.014,20.37,84.7,9321
2026-08-18 16:22:51,lht65-20,52.2507,5.97306,3.016,20.56,83.4,10958
2026-08-18 16:32:51,lht65-20,52.2507,5.97306,3.016,20.7,82.2,8145
2026-08-18 16:42:51,lht65-20,52.2507,5.97306,3.016,20.53,82.9,6949
2026-08-18 16:52:51,lht65-20,52.2507,5.97306,3.016,20.43,83.1,6591
2026-08-18 17:02:51,lht65-20,52.2507,5.97306,3.016,20.4,83.5,5270
2026-08-18 17:12:51,lht65-20,52.2507,5.97306,3.016,20.27,84.1,4551
2026-08-18 17:22:51,lht65-20,52.2507,5.97306,3.014,20.16,84.5,3440
2026-08-18 17:32:51,lht65-20,52.2507,5.97306,3.016,20.04,85.5,2253
2026-08-18 17:42:51,lht65-20,52.2507,5.97306,3.016,19.98,85.2,2555
2026-08-18 17:52:51,lht65-20,52.2507,5.97306,3.016,19.97,84.8,2394
2026-08-18 18:02:51,lht65-20,52.2507,5.97306,3.016,19.83,85.5,1967
2026-08-18 18:12:51,lht65-20,52.2507,5.97306,3.016,19.61,86.0,1439
2026-08-18 18:22:51,lht65-20,52.2507,5.97306,3.014,19.46,86.0,1014
2026-08-18 18:32:51,lht65-20,52.2507,5.97306,3.014,19.24,86.4,692
2026-08-18 18:42:51,lht65-20,52.2507,5.97306,3.012,18.99,87.4,390
2026-08-18 18:52:51,lht65-20,52.2507,5.97306,3.014,18.61,88.9,115
2026-08-18 19:02:51,lht65-20,52.2507,5.97306,3.014,18.61,89.1,22
2026-08-18 19:12:51,lht65-20,52.2507,5.97306,3.014,18.64,89.1,5
2026-08-18 19:22:51,lht65-20,52.2507,5.97306,3.016,18.68,88.8,1
2026-08-18 19:32:51,lht65-20,52.2507,5.97306,3.012,18.66,88.6,0
2026-08-18 19:42:51,lht65-20,52.2507,5.97306,3.014,18.68,88.5,0
2026-08-18 19:52:51,lht65-20,52.2507,5.97306,3.012,18.7,88.4,0
2026-08-18 20:02:51,lht65-20,52.2507,5.97306,3.014,18.61,88.5,0
2026-08-18 20:12:51,lht65-20,52.2507,5.97306,3.014,18.44,89.2,0
2026-08-18 20:22:51,lht65-20,52.2507,5.97306,3.012,18.27,90.1,0
2026-08-18 20:32:51,lht65-20,52.2507,5.97306,3.012,18.12,90.8,0
2026-08-18 20:42:51,lht65-20,52.2507,5.97306,3.012,17.97,91.6,0
2026-08-18 20:52:51,lht65-20,52.2507,5.97306,3.012,17.89,92.2,0
2026-08-18 21:02:51,lht65-20,52.2507,5.97306,3.012,17.84,92.5,0
2026-08-18 21:12:51,lht65-20,52.2507,5.97306,3.012,17.84,92.7,0
2026-08-18 21:22:51,lht65-20,52.2507,5.97306,3.012,17.85,92.8,0
2026-08-18 21:32:51,lht65-20,52.2507,5.97306,3.012,17.86,92.9,0
2026-08-18 21:42:51,lht65-20,52.2507,5.97306,3.012,17.88,92.8,0
2026-08-18 21:52:51,lht65-20,52.2507,5.97306,3.012,17.84,92.8,0
2026-08-18 22:02:51,lht65-20,52.2507,5.97306,3.012,17.83,92.7,0
2026-08-18 22:12:51,lht65-20,52.2507,5.97306,3.012,17.81,92.6,0
2026-08-18 22:22:51,lht65-20,52.2507,5.97306,3.012,17.7,92.7,0
2026-08-18 22:32:51,lht65-20,52.2507,5.97306,3.012,17.53,93.0,0
2026-08-18 22:42:51,lht65-20,52.2507,5.97306,3.012,17.39,93.3,0
2026-08-18 22:52:51,lht65-20,52.2507,5.97306,3.012,17.32,93.4,0
2026-08-18 23:02:51,lht65-20,52.2507,5.97306,3.012,17.37,93.3,0
2026-08-18 23:12:51,lht65-20,52.2507,5.97306,3.012,17.26,93.5,0
2026-08-18 23:22:51,lht65-20,52.2507,5.97306,3.012,17.1,93.9,0
2026-08-18 23:32:51,lht65-20,52.2507,5.97306,3.012,17.01,94.1,0
2026-08-18 23:42:51,lht65-20,52.2507,5.97306,3.012,16.93,94.5,0
2026-08-18 23:52:51,lht65-20,52.2507,5.97306,3.012,16.85,94.6,0
2026-08-19 00:02:51,lht65-20,52.2507,5.97306,3.012,16.83,94.9,0
2026-08-19 00:12:51,lht65-20,52.2507,5.97306,3.012,16.93,95.0,0
2026-08-19 00:22:51,lht65-20,52.2507,5.97306,3.012,16.98,94.7,0
2026-08-19 00:32:51,lht65-20,52.2507,5.97306,3.01,17.03,94.4,0
2026-08-19 00:42:51,lht65-20,52.2507,5.97306,3.012,16.99,94.3,0
2026-08-19 00:52:51,lht65-20,52.2507,5.97306,3.012,16.92,94.4,0
2026-08-19 01:02:51,lht65-20,52.2507,5.97306,3.012,16.8,94.5,0
2026-08-19 01:12:51,lht65-20,52.2507,5.97306,3.012,16.7,94.9,0
2026-08-19 01:22:51,lht65-20,52.2507,5.97306,3.012,16.64,95.0,0
2026-08-19 01:32:51,lht65-20,52.2507,5.97306,3.012,16.54,95.2,0
2026-08-19 01:42:51,lht65-20,52.2507,5.97306,3.012,16.42,95.4,0
2026-08-19 01:52:51,lht65-20,52.2507,5.97306,3.009,16.46,95.6,0
2026-08-19 02:02:51,lht65-20,52.2507,5.97306,3.009,16.54,95.6,0
2026-08-19 02:12:51,lht65-20,52.2507,5.97306,3.01,16.53,95.5,0
2026-08-19 02:22:51,lht65-20,52.2507,5.97306,3.012,16.5,95.4,0
2026-08-19 02:32:51,lht65-20,52.2507,5.97306,3.01,16.44,95.5,0
2026-08-19 02:42:51,lht65-20,52.2507,5.97306,3.012,16.43,95.6,0
2026-08-19 02:52:51,lht65-20,52.2507,5.97306,3.012,16.43,95.6,0
2026-08-19 03:02:51,lht65-20,52.2507,5.97306,3.012,16.47,95.6,0
2026-08-19 03:12:51,lht65-20,52.2507,5.97306,3.009,16.43,95.5,0
2026-08-19 03:22:51,lht65-20,52.2507,5.97306,3.01,16.37,95.4,0
2026-08-19 03:32:51,lht65-20,52.2507,5.97306,3.009,16.27,95.4,0
2026-08-19 03:42:51,lht65-20,52.2507,5.97306,3.012,16.34,95.6,0
2026-08-19 03:52:51,lht65-20,52.2507,5.97306,3.009,16.35,95.6,0
2026-08-19 04:02:51,lht65-20,52.2507,5.97306,3.009,16.34,95.5,2
2026-08-19 04:12:51,lht65-20,52.2507,5.97306,3.01,16.36,95.5,21
2026-08-19 04:22:51,lht65-20,52.2507,5.97306,3.009,16.35,95.4,28
2026-08-19 04:32:51,lht65-20,52.2507,5.97306,3.012,16.31,95.4,54
2026-08-19 04:42:51,lht65-20,52.2507,5.97306,3.009,16.34,95.5,109
2026-08-19 04:52:51,lht65-20,52.2507,5.97306,3.009,16.33,95.5,345
2026-08-19 05:02:51,lht65-20,52.2507,5.97306,3.012,16.29,95.4,331
2026-08-19 05:12:51,lht65-20,52.2507,5.97306,3.009,16.24,95.5,397
2026-08-19 05:22:51,lht65-20,52.2507,5.97306,3.009,16.22,95.6,758
2026-08-19 05:32:51,lht65-20,52.2507,5.97306,3.009,16.25,95.7,597
2026-08-19 05:42:51,lht65-20,52.2507,5.97306,3.009,16.33,95.9,520
2026-08-19 05:52:51,lht65-20,52.2507,5.97306,3.009,16.41,96.0,727
2026-08-19 06:02:51,lht65-20,52.2507,5.97306,3.009,16.49,96.1,629
2026-08-19 06:12:51,lht65-20,52.2507,5.97306,3.009,16.56,96.2,1048
2026-08-19 06:22:51,lht65-20,52.2507,5.97306,3.01,16.58,96.2,936
2026-08-19 06:32:51,lht65-20,52.2507,5.97306,3.009,16.59,96.1,2892
2026-08-19 06:42:51,lht65-20,52.2507,5.97306,3.009,16.69,95.8,3505
2026-08-19 06:52:51,lht65-20,52.2507,5.97306,3.009,16.81,95.6,1800
2026-08-19 07:02:51,lht65-20,52.2507,5.97306,3.009,16.87,95.2,1852
2026-08-19 07:12:51,lht65-20,52.2507,5.97306,3.009,16.91,95.3,2416
2026-08-19 07:22:51,lht65-20,52.2507,5.97306,3.009,17.01,95.4,1317
2026-08-19 07:32:51,lht65-20,52.2507,5.97306,3.009,17.06,95.4,1045
2026-08-19 07:42:51,lht65-20,52.2507,5.97306,3.009,17.08,95.4,2225
2026-08-19 07:52:51,lht65-20,52.2507,5.97306,3.009,17.12,95.5,1128
2026-08-19 08:02:51,lht65-20,52.2507,5.97306,3.009,16.91,95.2,1157
2026-08-19 08:12:51,lht65-20,52.2507,5.97306,3.01,16.82,95.1,1160
2026-08-19 08:22:51,lht65-20,52.2507,5.97306,3.009,16.65,95.3,1176
2026-08-19 08:32:51,lht65-20,52.2507,5.97306,3.009,16.41,94.5,2370
2026-08-19 08:42:51,lht65-20,52.2507,5.97306,3.009,16.44,94.7,1386
2026-08-19 08:52:51,lht65-20,52.2507,5.97306,3.009,16.38,94.9,3302
2026-08-19 09:02:51,lht65-20,52.2507,5.97306,3.009,16.57,95.4,1673
2026-08-19 09:12:51,lht65-20,52.2507,5.97306,3.009,16.72,95.5,5791
2026-08-19 09:22:51,lht65-20,52.2507,5.97306,3.009,16.96,94.6,5154
2026-08-19 09:32:51,lht65-20,52.2507,5.97306,3.009,16.83,93.2,3400
2026-08-19 09:42:51,lht65-20,52.2507,5.97306,3.009,16.77,93.8,4050
2026-08-19 09:52:51,lht65-20,52.2507,5.97306,3.009,16.84,94.4,6409
2026-08-19 10:02:51,lht65-20,52.2507,5.97306,3.009,17.01,94.6,4805
2026-08-19 10:12:51,lht65-20,52.2507,5.97306,3.009,17.11,94.6,5478
2026-08-19 10:22:51,lht65-20,52.2507,5.97306,3.009,17.37,94.2,14533
2026-08-19 10:32:51,lht65-20,52.2507,5.97306,3.012,18.19,94.2,13950
2026-08-19 10:42:51,lht65-20,52.2507,5.97306,3.012,18.46,91.8,14014
2026-08-19 10:52:51,lht65-20,52.2507,5.97306,3.01,18.16,90.6,7953
2026-08-19 11:02:51,lht65-20,52.2507,5.97306,3.009,17.8,90.4,7209
2026-08-19 11:12:51,lht65-20,52.2507,5.97306,3.009,17.36,90.8,4465
2026-08-19 11:22:51,lht65-20,52.2507,5.97306,3.009,17.6,91.4,16308
2026-08-19 11:32:51,lht65-20,52.2507,5.97306,3.009,18.36,88.1,15146
2026-08-19 11:42:51,lht65-20,52.2507,5.97306,3.009,18.3,85.6,9820
2026-08-19 11:52:51,lht65-20,52.2507,5.97306,3.009,18.06,85.7,10780
2026-08-19 12:02:51,lht65-20,52.2507,5.97306,3.012,18.32,87.2,12180
2026-08-19 12:12:51,lht65-20,52.2507,5.97306,3.009,18.93,83.2,19045
2026-08-19 12:22:51,lht65-20,52.2507,5.97306,3.012,19.04,82.4,11048
2026-08-19 12:32:51,lht65-20,52.2507,5.97306,3.01,18.56,83.9,6520
2026-08-19 12:42:51,lht65-20,52.2507,5.97306,3.01,18.4,86.0,5871
2026-08-19 12:52:51,lht65-20,52.2507,5.97306,3.012,18.25,86.9,3585
2026-08-19 13:12:51,lht65-20,52.2507,5.97306,3.009,18.11,88.0,3776
2026-08-19 13:22:51,lht65-20,52.2507,5.97306,3.009,18.17,88.3,3588
2026-08-19 13:32:51,lht65-20,52.2507,5.97306,3.01,18.26,88.0,5215
2026-08-19 13:42:51,lht65-20,52.2507,5.97306,3.012,18.38,87.7,10296
2026-08-19 13:52:51,lht65-20,52.2507,5.97306,3.009,18.65,87.3,8326
2026-08-19 14:02:51,lht65-20,52.2507,5.97306,3.009,18.6,86.5,4763
2026-08-19 14:12:51,lht65-20,52.2507,5.97306,3.012,18.46,87.6,3510
2026-08-19 14:32:51,lht65-20,52.2507,5.97306,3.012,18.56,88.3,5476
2026-08-19 14:42:51,lht65-20,52.2507,5.97306,3.01,18.6,87.6,4693
2026-08-19 14:52:51,lht65-20,52.2507,5.97306,3.01,18.5,87.8,3799
2026-08-19 15:02:51,lht65-20,52.2507,5.97306,3.009,18.48,88.1,4770
2026-08-19 15:12:51,lht65-20,52.2507,5.97306,3.009,18.6,87.6,6107
2026-08-19 15:22:51,lht65-20,52.2507,5.97306,3.009,18.89,88.1,11021
2026-08-19 15:32:51,lht65-20,52.2507,5.97306,3.012,19.4,85.9,9222
2026-08-19 15:42:51,lht65-20,52.2507,5.97306,3.012,19.46,84.4,7685
2026-08-19 15:52:51,lht65-20,52.2507,5.97306,3.012,19.46,83.6,7550
2026-08-19 16:02:51,lht65-20,52.2507,5.97306,3.012,19.24,84.5,5199
2026-08-19 16:12:51,lht65-20,52.2507,5.97306,3.012,19.05,83.0,4269
2026-08-19 16:22:51,lht65-20,52.2507,5.97306,3.012,18.91,82.7,3460
2026-08-19 16:32:51,lht65-20,52.2507,5.97306,3.012,18.75,83.6,2755
2026-08-19 16:42:51,lht65-20,52.2507,5.97306,3.01,18.64,84.0,3093
2026-08-19 16:52:51,lht65-20,52.2507,5.97306,3.009,18.59,84.9,2264
2026-08-19 17:02:51,lht65-20,52.2507,5.97306,3.012,18.55,85.2,2839
2026-08-19 17:12:51,lht65-20,52.2507,5.97306,3.01,18.75,86.0,4949
2026-08-19 17:22:51,lht65-20,52.2507,5.97306,3.012,18.99,86.3,8655
2026-08-19 17:32:51,lht65-20,52.2507,5.97306,3.012,19.43,84.7,4545
2026-08-19 17:42:51,lht65-20,52.2507,5.97306,3.012,19.17,84.4,2168
2026-08-19 17:52:51,lht65-20,52.2507,5.97306,3.01,18.86,86.2,1535
2026-08-19 18:02:51,lht65-20,52.2507,5.97306,3.012,18.68,87.0,1489
2026-08-19 18:12:51,lht65-20,52.2507,5.97306,3.009,18.57,87.7,578
2026-08-19 18:22:51,lht65-20,52.2507,5.97306,3.01,18.41,88.4,306
2026-08-19 18:32:51,lht65-20,52.2507,5.97306,3.012,18.2,88.3,130
2026-08-19 18:42:51,lht65-20,52.2507,5.97306,3.012,18.0,90.1,90
2026-08-19 18:52:51,lht65-20,52.2507,5.97306,3.009,17.73,91.2,44
2026-08-19 19:02:51,lht65-20,52.2507,5.97306,3.009,17.53,92.3,14
2026-08-19 19:12:51,lht65-20,52.2507,5.97306,3.009,17.33,93.6,2
2026-08-19 19:22:51,lht65-20,52.2507,5.97306,3.009,17.17,94.1,0
2026-08-19 19:32:51,lht65-20,52.2507,5.97306,3.009,17.1,94.0,0
2026-08-19 19:42:51,lht65-20,52.2507,5.97306,3.009,17.05,93.9,0
2026-08-19 19:52:51,lht65-20,52.2507,5.97306,3.009,17.02,94.2,0
2026-08-19 20:02:51,lht65-20,52.2507,5.97306,3.009,16.97,94.7,0
2026-08-19 20:12:51,lht65-20,52.2507,5.97306,3.009,16.88,95.0,0
2026-08-19 20:22:51,lht65-20,52.2507,5.97306,3.009,16.93,94.2,0
2026-08-19 20:32:51,lht65-20,52.2507,5.97306,3.009,16.91,93.9,0
2026-08-19 20:42:51,lht65-20,52.2507,5.97306,3.009,16.83,94.5,0
2026-08-19 20:52:51,lht65-20,52.2507,5.97306,3.009,16.73,94.9,0
2026-08-19 21:02:51,lht65-20,52.2507,5.97306,3.009,16.54,94.9,0
2026-08-19 21:12:51,lht65-20,52.2507,5.97306,3.009,16.4,94.8,0
2026-08-19 21:22:51,lht65-20,52.2507,5.97306,3.007,16.35,94.8,0
2026-08-19 21:32:51,lht65-20,52.2507,5.97306,3.007,16.22,94.9,0
2026-08-19 21:42:51,lht65-20,52.2507,5.97306,3.009,16.08,95.2,0
2026-08-19 21:52:51,lht65-20,52.2507,5.97306,3.007,15.98,95.5,0
2026-08-19 22:02:51,lht65-20,52.2507,5.97306,3.007,15.91,95.8,0
2026-08-19 22:12:51,lht65-20,52.2507,5.97306,3.007,15.82,95.9,0
2026-08-19 22:22:51,lht65-20,52.2507,5.97306,3.007,15.81,96.1,0
2026-08-19 22:32:51,lht65-20,52.2507,5.97306,3.007,15.79,96.2,0
2026-08-19 22:42:51,lht65-20,52.2507,5.97306,3.007,15.61,96.2,0
2026-08-19 22:52:51,lht65-20,52.2507,5.97306,3.007,15.35,96.1,0
2026-08-19 23:02:51,lht65-20,52.2507,5.97306,3.005,15.11,96.1,0
2026-08-19 23:12:51,lht65-20,52.2507,5.97306,3.007,15.08,96.3,0
2026-08-19 23:22:51,lht65-20,52.2507,5.97306,3.005,15.15,96.5,0
2026-08-19 23:32:51,lht65-20,52.2507,5.97306,3.005,15.31,96.6,0
2026-08-19 23:42:51,lht65-20,52.2507,5.97306,3.007,15.39,96.6,0
2026-08-19 23:52:51,lht65-20,52.2507,5.97306,3.005,15.46,96.5,0
2026-08-20 00:02:51,lht65-20,52.2507,5.97306,3.007,15.5,96.3,0
2026-08-20 00:12:51,lht65-20,52.2507,5.97306,3.007,15.37,95.9,0
2026-08-20 00:22:51,lht65-20,52.2507,5.97306,3.005,15.25,95.6,0
2026-08-20 00:32:51,lht65-20,52.2507,5.97306,3.007,15.35,95.8,0
2026-08-20 00:42:51,lht65-20,52.2507,5.97306,3.005,15.4,95.9,0
2026-08-20 00:52:51,lht65-20,52.2507,5.97306,3.005,15.48,96.0,0
2026-08-20 01:02:51,lht65-20,52.2507,5.97306,3.005,15.44,95.9,0
2026-08-20 01:12:51,lht65-20,52.2507,5.97306,3.005,15.36,96.0,0
2026-08-20 01:22:51,lht65-20,52.2507,5.97306,3.005,15.34,96.0,0
2026-08-20 01:32:51,lht65-20,52.2507,5.97306,3.005,15.35,96.1,0
2026-08-20 01:42:51,lht65-20,52.2507,5.97306,3.005,15.34,96.1,0
2026-08-20 01:52:51,lht65-20,52.2507,5.97306,3.005,15.31,96.1,0
2026-08-20 02:02:51,lht65-20,52.2507,5.97306,3.005,15.28,96.1,0
2026-08-20 02:12:51,lht65-20,52.2507,5.97306,3.005,15.28,96.1,0
2026-08-20 02:22:51,lht65-20,52.2507,5.97306,3.005,15.23,96.0,0
2026-08-20 02:32:51,lht65-20,52.2507,5.97306,3.005,15.2,96.0,0
2026-08-20 02:42:51,lht65-20,52.2507,5.97306,3.003,15.2,96.0,0
2026-08-20 02:52:51,lht65-20,52.2507,5.97306,3.005,15.18,96.0,0
2026-08-20 03:02:51,lht65-20,52.2507,5.97306,3.005,15.17,96.0,0
2026-08-20 03:12:51,lht65-20,52.2507,5.97306,3.003,15.16,95.9,0
2026-08-20 03:22:51,lht65-20,52.2507,5.97306,3.003,15.16,95.8,0
2026-08-20 03:32:51,lht65-20,52.2507,5.97306,3.005,15.21,95.8,0
2026-08-20 03:42:51,lht65-20,52.2507,5.97306,3.005,15.26,95.7,0
2026-08-20 03:52:51,lht65-20,52.2507,5.97306,3.005,15.33,95.7,0
2026-08-20 04:02:51,lht65-20,52.2507,5.97306,3.005,15.39,95.6,3
2026-08-20 04:12:51,lht65-20,52.2507,5.97306,3.005,15.46,95.4,14
2026-08-20 04:22:51,lht65-20,52.2507,5.97306,3.003,15.49,95.0,70
2026-08-20 04:32:51,lht65-20,52.2507,5.97306,3.005,15.52,94.9,187
2026-08-20 04:42:51,lht65-20,52.2507,5.97306,3.005,15.53,94.3,470
2026-08-20 04:52:51,lht65-20,52.2507,5.97306,3.005,15.58,94.1,812
2026-08-20 05:02:51,lht65-20,52.2507,5.97306,3.005,15.63,94.1,1179
2026-08-20 05:12:51,lht65-20,52.2507,5.97306,3.005,15.74,94.1,2028
2026-08-20 05:22:51,lht65-20,52.2507,5.97306,3.005,15.99,93.8,1967
2026-08-20 05:32:51,lht65-20,52.2507,5.97306,3.003,16.26,93.6,2414
2026-08-20 05:42:51,lht65-20,52.2507,5.97306,3.005,16.33,93.3,2668
2026-08-20 05:52:51,lht65-20,52.2507,5.97306,3.005,16.5,93.1,3203
2026-08-20 06:02:51,lht65-20,52.2507,5.97306,3.005,16.66,92.6,4431
2026-08-20 06:12:51,lht65-20,52.2507,5.97306,3.005,16.93,92.3,4069
2026-08-20 06:22:51,lht65-20,52.2507,5.97306,3.007,17.03,91.5,10307
2026-08-20 06:32:51,lht65-20,52.2507,5.97306,3.007,17.14,91.1,5035
2026-08-20 06:42:51,lht65-20,52.2507,5.97306,3.005,17.18,90.9,4280
2026-08-20 06:52:51,lht65-20,52.2507,5.97306,3.005,17.46,90.9,9225
2026-08-20 07:02:51,lht65-20,52.2507,5.97306,3.007,17.82,88.5,10092
2026-08-20 07:12:51,lht65-20,52.2507,5.97306,3.009,18.09,86.9,8895
2026-08-20 07:22:51,lht65-20,52.2507,5.97306,3.007,18.4,86.8,15633
2026-08-20 07:32:51,lht65-20,52.2507,5.97306,3.007,18.51,84.3,9309
2026-08-20 07:42:51,lht65-20,52.2507,5.97306,3.009,18.91,84.7,22585
2026-08-20 07:52:51,lht65-20,52.2507,5.97306,3.009,19.38,82.8,22995
2026-08-20 08:02:51,lht65-20,52.2507,5.97306,3.009,19.98,81.1,26233
2026-08-20 08:12:51,lht65-20,52.2507,5.97306,3.009,19.99,76.9,16588
2026-08-20 08:22:51,lht65-20,52.2507,5.97306,3.009,19.87,79.5,14083
2026-08-20 08:32:51,lht65-20,52.2507,5.97306,3.009,20.24,76.6,22889
2026-08-20 08:52:51,lht65-20,52.2507,5.97306,3.009,20.53,74.1,11290
2026-08-20 09:02:51,lht65-20,52.2507,5.97306,3.012,21.05,71.2,28455
2026-08-20 09:12:51,lht65-20,52.2507,5.97306,3.012,21.44,70.1,12775
2026-08-20 09:22:51,lht65-20,52.2507,5.97306,3.01,21.03,70.7,16125
2026-08-20 09:32:51,lht65-20,52.2507,5.97306,3.012,20.7,70.6,12783
2026-08-20 09:42:51,lht65-20,52.2507,5.97306,3.009,20.7,68.8,9690
2026-08-20 09:52:51,lht65-20,52.2507,5.97306,3.009,20.29,70.3,7082
2026-08-20 10:02:51,lht65-20,52.2507,5.97306,3.009,20.93,68.7,15868
2026-08-20 10:12:51,lht65-20,52.2507,5.97306,3.009,21.07,66.5,16088
2026-08-20 10:22:51,lht65-20,52.2507,5.97306,3.012,21.39,64.3,27970
2026-08-20 10:32:51,lht65-20,52.2507,5.97306,3.01,21.87,65.8,26641
2026-08-20 10:42:51,lht65-20,52.2507,5.97306,3.01,22.06,62.0,22326
2026-08-20 10:52:51,lht65-20,52.2507,5.97306,3.012,22.26,60.4,15757
2026-08-20 11:02:51,lht65-20,52.2507,5.97306,3.012,22.21,60.0,9380
2026-08-20 11:12:51,lht65-20,52.2507,5.97306,3.012,21.75,61.8,23800
2026-08-20 11:22:51,lht65-20,52.2507,5.97306,3.012,21.87,62.6,10589
2026-08-20 11:32:51,lht65-20,52.2507,5.97306,3.012,21.66,61.4,12065
2026-08-20 11:42:51,lht65-20,52.2507,5.97306,3.01,20.73,68.3,9164
2026-08-20 11:52:51,lht65-20,52.2507,5.97306,3.01,20.2,78.2,35811
2026-08-20 12:02:51,lht65-20,52.2507,5.97306,3.012,21.15,74.6,35700
2026-08-20 12:12:51,lht65-20,52.2507,5.97306,3.012,21.36,70.4,26823
2026-08-20 12:22:51,lht65-20,52.2507,5.97306,3.009,21.49,65.6,7713
2026-08-20 12:32:51,lht65-20,52.2507,5.97306,3.01,21.39,65.7,20752
2026-08-20 12:42:51,lht65-20,52.2507,5.97306,3.012,21.22,64.4,7335
2026-08-20 12:52:51,lht65-20,52.2507,5.97306,3.012,20.09,72.3,2316
2026-08-20 13:02:51,lht65-20,52.2507,5.97306,3.009,17.77,82.1,4803
2026-08-20 13:12:51,lht65-20,52.2507,5.97306,3.009,16.97,87.0,5667
2026-08-20 13:22:51,lht65-20,52.2507,5.97306,3.007,16.55,87.9,2890
2026-08-20 13:32:51,lht65-20,52.2507,5.97306,3.007,16.08,88.4,3089
2026-08-20 13:42:51,lht65-20,52.2507,5.97306,3.005,15.97,89.5,6363
2026-08-20 13:52:51,lht65-20,52.2507,5.97306,3.005,16.57,88.3,13695
2026-08-20 14:02:51,lht65-20,52.2507,5.97306,3.005,17.17,88.0,17814
2026-08-20 14:12:51,lht65-20,52.2507,5.97306,3.005,18.04,88.5,33832
2026-08-20 14:22:51,lht65-20,52.2507,5.97306,3.009,19.67,82.4,36568
2026-08-20 14:32:51,lht65-20,52.2507,5.97306,3.01,20.49,75.3,28464
2026-08-20 14:42:51,lht65-20,52.2507,5.97306,3.009,20.62,77.9,27385
2026-08-20 14:52:51,lht65-20,52.2507,5.97306,3.01,20.88,75.9,28586
2026-08-20 15:02:51,lht65-20,52.2507,5.97306,3.012,21.24,73.6,26515
2026-08-20 15:12:51,lht65-20,52.2507,5.97306,3.009,21.26,70.2,25410
2026-08-20 15:32:51,lht65-20,52.2507,5.97306,3.012,21.77,69.1,24858
2026-08-20 15:42:51,lht65-20,52.2507,5.97306,3.012,22.29,63.2,23460
2026-08-20 15:52:51,lht65-20,52.2507,5.97306,3.01,22.11,62.5,22581
2026-08-20 16:02:51,lht65-20,52.2507,5.97306,3.012,22.36,60.4,21990
2026-08-20 16:12:51,lht65-20,52.2507,5.97306,3.012,22.48,59.8,20699
2026-08-20 16:22:51,lht65-20,52.2507,5.97306,3.012,22.46,59.8,9314
2026-08-20 16:32:51,lht65-20,52.2507,5.97306,3.012,21.61,60.5,6881
2026-08-20 16:42:51,lht65-20,52.2507,5.97306,3.012,21.12,62.7,3278
2026-08-20 16:52:51,lht65-20,52.2507,5.97306,3.009,20.67,64.1,2286
2026-08-20 17:02:51,lht65-20,52.2507,5.97306,3.012,20.13,67.9,2643
2026-08-20 17:12:51,lht65-20,52.2507,5.97306,3.009,19.7,71.4,3009
2026-08-20 17:22:51,lht65-20,52.2507,5.97306,3.009,19.46,72.4,3600
2026-08-20 17:32:51,lht65-20,52.2507,5.97306,3.009,19.19,74.0,3397
2026-08-20 17:42:51,lht65-20,52.2507,5.97306,3.009,19.13,73.3,2003
2026-08-20 17:52:51,lht65-20,52.2507,5.97306,3.009,19.19,71.1,1747
2026-08-20 18:02:51,lht65-20,52.2507,5.97306,3.009,19.38,70.3,1554
2026-08-20 18:12:51,lht65-20,52.2507,5.97306,3.009,19.46,70.8,1512
2026-08-20 18:22:51,lht65-20,52.2507,5.97306,3.009,19.29,72.3,970
2026-08-20 18:32:51,lht65-20,52.2507,5.97306,3.009,18.99,73.6,590
2026-08-20 18:42:51,lht65-20,52.2507,5.97306,3.009,18.68,75.1,296
2026-08-20 18:52:51,lht65-20,52.2507,5.97306,3.009,18.42,76.4,160
2026-08-20 19:02:51,lht65-20,52.2507,5.97306,3.009,18.11,77.6,58
2026-08-20 19:12:51,lht65-20,52.2507,5.97306,3.009,17.85,78.2,13
2026-08-20 19:22:51,lht65-20,52.2507,5.97306,3.009,17.6,79.2,2
2026-08-20 19:32:51,lht65-20,52.2507,5.97306,3.005,17.16,81.0,0
2026-08-20 19:42:51,lht65-20,52.2507,5.97306,3.007,16.67,83.2,0
2026-08-20 19:52:51,lht65-20,52.2507,5.97306,3.007,16.29,87.7,0
2026-08-20 20:02:51,lht65-20,52.2507,5.97306,3.005,15.47,90.5,0
2026-08-20 20:12:51,lht65-20,52.2507,5.97306,3.005,15.16,92.4,0
2026-08-20 20:22:51,lht65-20,52.2507,5.97306,3.003,15.09,93.4,0
2026-08-20 20:32:51,lht65-20,52.2507,5.97306,3.005,15.0,93.5,0
2026-08-20 20:42:51,lht65-20,52.2507,5.97306,3.001,14.62,93.4,0
2026-08-20 20:52:51,lht65-20,52.2507,5.97306,3.003,14.34,93.9,0
2026-08-20 21:02:51,lht65-20,52.2507,5.97306,3.003,14.15,94.5,0
2026-08-20 21:12:51,lht65-20,52.2507,5.97306,3.001,13.97,94.8,0
2026-08-20 21:22:51,lht65-20,52.2507,5.97306,3.003,13.65,94.9,0
2026-08-20 21:32:51,lht65-20,52.2507,5.97306,3.001,13.43,95.0,0
2026-08-20 21:42:51,lht65-20,52.2507,5.97306,3.001,13.5,95.5,0
2026-08-20 21:52:51,lht65-20,52.2507,5.97306,3.001,13.42,95.8,0
2026-08-20 22:02:51,lht65-20,52.2507,5.97306,3.001,13.39,96.0,0
2026-08-20 22:12:51,lht65-20,52.2507,5.97306,3.001,13.63,96.2,0
2026-08-20 22:22:51,lht65-20,52.2507,5.97306,3.001,13.46,96.3,0
2026-08-20 22:32:51,lht65-20,52.2507,5.97306,3.001,13.5,96.5,0
2026-08-20 22:42:51,lht65-20,52.2507,5.97306,3.001,13.29,96.6,0
2026-08-20 22:52:51,lht65-20,52.2507,5.97306,3.001,12.76,96.6,0
2026-08-20 23:02:51,lht65-20,52.2507,5.97306,3.001,12.55,96.5,0
2026-08-20 23:12:51,lht65-20,52.2507,5.97306,3.0,12.43,96.5,0
2026-08-20 23:22:51,lht65-20,52.2507,5.97306,3.0,12.39,96.5,0
2026-08-20 23:32:51,lht65-20,52.2507,5.97306,3.0,12.28,96.6,0
2026-08-20 23:42:51,lht65-20,52.2507,5.97306,2.998,12.55,96.7,0
2026-08-20 23:52:51,lht65-20,52.2507,5.97306,2.998,12.74,96.8,0
2026-08-21 00:02:51,lht65-20,52.2507,5.97306,3.0,12.8,96.9,0
2026-08-21 00:12:51,lht65-20,52.2507,5.97306,3.0,12.54,96.9,0
2026-08-21 00:22:51,lht65-20,52.2507,5.97306,3.0,12.34,97.1,0
2026-08-21 00:32:51,lht65-20,52.2507,5.97306,3.0,12.19,97.1,0
2026-08-21 00:42:51,lht65-20,52.2507,5.97306,3.0,12.34,97.2,0
2026-08-21 00:52:51,lht65-20,52.2507,5.97306,3.001,12.58,97.2,0
2026-08-21 01:02:51,lht65-20,52.2507,5.97306,3.0,12.64,97.3,0
2026-08-21 01:12:51,lht65-20,52.2507,5.97306,3.0,12.82,97.3,0
2026-08-21 01:22:51,lht65-20,52.2507,5.97306,2.998,12.98,97.3,0
2026-08-21 01:42:51,lht65-20,52.2507,5.97306,3.0,12.67,97.4,0
2026-08-21 01:52:51,lht65-20,52.2507,5.97306,2.998,12.78,97.5,0
2026-08-21 02:02:51,lht65-20,52.2507,5.97306,3.0,12.96,97.5,0
2026-08-21 02:12:51,lht65-20,52.2507,5.97306,3.001,13.26,97.5,0
2026-08-21 02:22:51,lht65-20,52.2507,5.97306,3.001,13.34,97.5,0
2026-08-21 02:32:51,lht65-20,52.2507,5.97306,3.0,13.29,97.5,0
2026-08-21 02:42:51,lht65-20,52.2507,5.97306,3.0,13.01,97.5,0
2026-08-21 02:52:51,lht65-20,52.2507,5.97306,3.0,12.87,97.5,0
2026-08-21 03:02:51,lht65-20,52.2507,5.97306,2.998,12.59,97.6,0
2026-08-21 03:12:51,lht65-20,52.2507,5.97306,2.998,12.58,97.6,0
2026-08-21 03:22:51,lht65-20,52.2507,5.97306,2.998,12.57,97.6,0
2026-08-21 03:32:51,lht65-20,52.2507,5.97306,2.998,12.49,97.6,0
2026-08-21 03:42:51,lht65-20,52.2507,5.97306,2.998,12.51,97.6,0
2026-08-21 03:52:51,lht65-20,52.2507,5.97306,3.0,12.71,97.6,1
2026-08-21 04:02:51,lht65-20,52.2507,5.97306,2.998,12.45,97.6,8
2026-08-21 04:12:51,lht65-20,52.2507,5.97306,3.0,12.18,97.6,40
2026-08-21 04:22:51,lht65-20,52.2507,5.97306,2.998,12.35,97.6,144
2026-08-21 04:32:51,lht65-20,52.2507,5.97306,2.998,12.14,97.6,342
2026-08-21 04:42:51,lht65-20,52.2507,5.97306,2.998,12.18,97.6,689
2026-08-21 04:52:51,lht65-20,52.2507,5.97306,2.998,12.2,97.6,1127
2026-08-21 05:02:51,lht65-20,52.2507,5.97306,2.998,12.39,97.6,1725
2026-08-21 05:12:51,lht65-20,52.2507,5.97306,2.998,12.65,97.6,3525
2026-08-21 05:22:51,lht65-20,52.2507,5.97306,2.998,13.22,97.6,5654
2026-08-21 05:32:51,lht65-20,52.2507,5.97306,3.0,13.57,97.5,6854
2026-08-21 05:42:51,lht65-20,52.2507,5.97306,3.0,13.98,97.4,7172
2026-08-21 05:52:51,lht65-20,52.2507,5.97306,3.0,14.3,97.1,10350
2026-08-21 06:02:51,lht65-20,52.2507,5.97306,3.0,14.61,96.4,6350
2026-08-21 06:12:51,lht65-20,52.2507,5.97306,3.0,14.63,95.6,10810
2026-08-21 06:22:51,lht65-20,52.2507,5.97306,3.0,15.18,94.6,7690
2026-08-21 06:32:51,lht65-20,52.2507,5.97306,3.001,15.09,93.9,5377
2026-08-21 06:42:51,lht65-20,52.2507,5.97306,3.001,15.2,94.1,12835
2026-08-21 06:52:51,lht65-20,52.2507,5.97306,3.001,15.61,93.8,15421
2026-08-21 07:02:51,lht65-20,52.2507,5.97306,3.001,15.87,92.8,15413
2026-08-21 07:12:51,lht65-20,52.2507,5.97306,3.001,16.21,92.4,16871
2026-08-21 07:22:51,lht65-20,52.2507,5.97306,3.001,16.57,90.7,18710
2026-08-21 07:32:51,lht65-20,52.2507,5.97306,3.003,17.11,89.9,23302
2026-08-21 07:42:51,lht65-20,52.2507,5.97306,3.003,17.77,87.4,17262
2026-08-21 07:52:51,lht65-20,52.2507,5.97306,3.005,18.18,86.1,23660
2026-08-21 08:02:51,lht65-20,52.2507,5.97306,3.003,18.74,82.4,24554
2026-08-21 08:12:51,lht65-20,52.2507,5.97306,3.005,19.09,78.6,25508
2026-08-21 08:22:51,lht65-20,52.2507,5.97306,3.005,19.54,75.1,29814
2026-08-21 08:42:51,lht65-20,52.2507,5.97306,3.005,19.18,75.3,9630
2026-08-21 09:12:51,lht65-20,52.2507,5.97306,3.007,22.15,66.8,14250
2026-08-21 09:22:51,lht65-20,52.2507,5.97306,3.009,20.79,68.3,3868
2026-08-21 09:32:51,lht65-20,52.2507,5.97306,3.007,19.21,73.6,3260
2026-08-21 09:42:51,lht65-20,52.2507,5.97306,3.005,18.51,79.1,6715
2026-08-21 09:52:51,lht65-20,52.2507,5.97306,3.005,18.5,79.6,10818
2026-08-21 10:02:51,lht65-20,52.2507,5.97306,3.005,19.22,77.3,31815
2026-08-21 10:12:51,lht65-20,52.2507,5.97306,3.007,20.05,72.7,11107
2026-08-21 10:22:51,lht65-20,52.2507,5.97306,3.005,19.27,72.7,6482
2026-08-21 10:32:51,lht65-20,52.2507,5.97306,3.005,18.87,75.6,7670
2026-08-21 10:42:51,lht65-20,52.2507,5.97306,3.005,18.85,77.9,11940
2026-08-21 10:52:51,lht65-20,52.2507,5.97306,3.007,19.09,76.7,16654
2026-08-21 11:02:51,lht65-20,52.2507,5.97306,3.007,20.19,74.5,21001
2026-08-21 11:12:51,lht65-20,52.2507,5.97306,3.005,20.66,73.1,24630
2026-08-21 11:22:51,lht65-20,52.2507,5.97306,3.007,21.37,71.1,24106
2026-08-21 11:32:51,lht65-20,52.2507,5.97306,3.007,21.19,68.0,20800
2026-08-21 11:42:51,lht65-20,52.2507,5.97306,3.007,21.14,69.0,20260
2026-08-21 11:52:51,lht65-20,52.2507,5.97306,3.009,22.03,65.1,18769
2026-08-21 12:02:51,lht65-20,52.2507,5.97306,3.007,21.71,64.4,15110
2026-08-21 12:12:51,lht65-20,52.2507,5.97306,3.009,21.74,64.7,20615
2026-08-21 12:22:51,lht65-20,52.2507,5.97306,3.009,22.29,63.1,33845
2026-08-21 12:32:51,lht65-20,52.2507,5.97306,3.009,21.83,60.8,12409
2026-08-21 12:42:51,lht65-20,52.2507,5.97306,3.009,21.07,62.8,12013
2026-08-21 12:52:51,lht65-20,52.2507,5.97306,3.009,21.23,63.4,17322
2026-08-21 13:02:51,lht65-20,52.2507,5.97306,3.009,22.21,62.1,17258
2026-08-21 13:12:51,lht65-20,52.2507,5.97306,3.007,21.68,63.5,14978
2026-08-21 13:22:51,lht65-20,52.2507,5.97306,3.009,21.45,61.7,10952
2026-08-21 13:32:51,lht65-20,52.2507,5.97306,3.009,21.27,57.6,11701
2026-08-21 13:42:51,lht65-20,52.2507,5.97306,3.009,21.29,53.7,14596
2026-08-21 13:52:51,lht65-20,52.2507,5.97306,3.009,21.81,58.6,18989
2026-08-21 14:02:51,lht65-20,52.2507,5.97306,3.009,22.12,57.5,16736
2026-08-21 14:12:51,lht65-20,52.2507,5.97306,3.009,21.62,58.7,11779
2026-08-21 14:22:51,lht65-20,52.2507,5.97306,3.009,21.19,59.1,10581
2026-08-21 14:32:51,lht65-20,52.2507,5.97306,3.009,20.99,60.5,9201
2026-08-21 14:42:52,lht65-20,52.2507,5.97306,3.007,20.82,62.4,10534
2026-08-21 14:52:51,lht65-20,52.2507,5.97306,3.009,21.21,62.4,12098
2026-08-21 15:02:51,lht65-20,52.2507,5.97306,3.009,22.2,60.5,36665
2026-08-21 15:12:51,lht65-20,52.2507,5.97306,3.009,22.74,56.6,12100
2026-08-21 15:22:51,lht65-20,52.2507,5.97306,3.009,21.6,57.1,7817
2026-08-21 15:32:51,lht65-20,52.2507,5.97306,3.007,20.91,57.6,7150
2026-08-21 15:42:51,lht65-20,52.2507,5.97306,3.009,20.64,60.9,9628
2026-08-21 15:52:51,lht65-20,52.2507,5.97306,3.009,21.19,56.7,19550
2026-08-21 16:02:51,lht65-20,52.2507,5.97306,3.009,21.89,55.9,17873
2026-08-21 16:12:51,lht65-20,52.2507,5.97306,3.009,22.39,57.6,12113
2026-08-21 16:22:51,lht65-20,52.2507,5.97306,3.01,21.79,58.2,8585
2026-08-21 16:32:51,lht65-20,52.2507,5.97306,3.009,20.61,59.8,7750
2026-08-21 16:42:51,lht65-20,52.2507,5.97306,3.009,20.04,59.5,3293
2026-08-21 16:52:51,lht65-20,52.2507,5.97306,3.007,19.52,62.0,3226
2026-08-21 17:02:51,lht65-20,52.2507,5.97306,3.009,19.36,64.6,3034
2026-08-21 17:12:51,lht65-20,52.2507,5.97306,3.007,19.07,65.5,3028
2026-08-21 17:22:51,lht65-20,52.2507,5.97306,3.007,18.86,66.7,3218
2026-08-21 17:32:51,lht65-20,52.2507,5.97306,3.005,18.71,67.2,2583
2026-08-21 17:42:51,lht65-20,52.2507,5.97306,3.007,18.48,68.7,1804
2026-08-21 17:52:51,lht65-20,52.2507,5.97306,3.007,18.22,70.5,1515
2026-08-21 18:02:51,lht65-20,52.2507,5.97306,3.005,17.97,71.7,1655
2026-08-21 18:12:51,lht65-20,52.2507,5.97306,3.005,17.77,71.9,1286
2026-08-21 18:22:51,lht65-20,52.2507,5.97306,3.005,17.6,74.0,1465
2026-08-21 18:32:51,lht65-20,52.2507,5.97306,3.005,17.47,73.2,557
2026-08-21 18:42:51,lht65-20,52.2507,5.97306,3.005,17.2,73.3,300
2026-08-21 18:52:51,lht65-20,52.2507,5.97306,3.005,16.98,74.0,97
2026-08-21 19:02:51,lht65-20,52.2507,5.97306,3.005,16.73,75.3,25
2026-08-21 19:12:51,lht65-20,52.2507,5.97306,3.001,16.53,76.5,5
2026-08-21 19:22:51,lht65-20,52.2507,5.97306,3.005,16.39,77.7,0
2026-08-21 19:32:51,lht65-20,52.2507,5.97306,3.003,16.26,78.5,0
2026-08-21 19:42:51,lht65-20,52.2507,5.97306,3.003,16.17,78.4,0
2026-08-21 19:52:51,lht65-20,52.2507,5.97306,3.003,15.98,79.9,0
2026-08-21 20:02:51,lht65-20,52.2507,5.97306,3.001,15.8,80.3,0
2026-08-21 20:12:51,lht65-20,52.2507,5.97306,3.001,15.69,80.5,0
2026-08-21 20:22:51,lht65-20,52.2507,5.97306,3.001,15.61,80.8,0
2026-08-21 20:32:51,lht65-20,52.2507,5.97306,3.003,15.45,81.8,0
2026-08-21 20:42:51,lht65-20,52.2507,5.97306,3.005,15.21,82.6,0
2026-08-21 20:52:51,lht65-20,52.2507,5.97306,3.003,15.01,83.6,0
2026-08-21 21:02:51,lht65-20,52.2507,5.97306,3.001,14.85,84.4,0
2026-08-21 21:12:51,lht65-20,52.2507,5.97306,3.001,14.69,84.8,0
2026-08-21 21:22:51,lht65-20,52.2507,5.97306,3.001,14.46,85.3,0
2026-08-21 21:32:51,lht65-20,52.2507,5.97306,3.0,14.31,86.6,0
2026-08-21 21:42:51,lht65-20,52.2507,5.97306,3.001,14.13,87.3,0
2026-08-21 21:52:51,lht65-20,52.2507,5.97306,3.001,13.96,88.2,0
2026-08-21 22:02:51,lht65-20,52.2507,5.97306,3.0,13.83,89.4,0
2026-08-21 22:12:51,lht65-20,52.2507,5.97306,3.0,13.74,90.3,0
2026-08-21 22:22:51,lht65-20,52.2507,5.97306,3.0,13.71,91.1,0
2026-08-21 22:32:51,lht65-20,52.2507,5.97306,3.0,13.72,91.4,0
2026-08-21 22:42:51,lht65-20,52.2507,5.97306,3.0,13.62,91.0,0
2026-08-21 22:52:51,lht65-20,52.2507,5.97306,3.0,13.6,90.9,0
2026-08-21 23:02:51,lht65-20,52.2507,5.97306,3.0,13.5,90.9,0
2026-08-21 23:12:51,lht65-20,52.2507,5.97306,2.998,13.38,90.9,0
2026-08-21 23:22:51,lht65-20,52.2507,5.97306,3.0,13.36,91.4,0
2026-08-21 23:32:51,lht65-20,52.2507,5.97306,2.998,13.39,91.9,0
2026-08-21 23:42:51,lht65-20,52.2507,5.97306,2.998,13.38,91.9,0
2026-08-21 23:52:51,lht65-20,52.2507,5.97306,2.998,13.45,92.4,0
2026-08-22 00:02:51,lht65-20,52.2507,5.97306,2.998,13.56,92.4,0
2026-08-22 00:12:51,lht65-20,52.2507,5.97306,3.0,13.7,91.9,0
2026-08-22 00:22:51,lht65-20,52.2507,5.97306,2.998,13.84,91.8,0
2026-08-22 00:32:51,lht65-20,52.2507,5.97306,2.998,13.9,92.9,0
2026-08-22 00:42:51,lht65-20,52.2507,5.97306,3.0,13.92,93.5,0
2026-08-22 00:52:51,lht65-20,52.2507,5.97306,3.0,13.85,94.0,0
2026-08-22 01:02:51,lht65-20,52.2507,5.97306,3.0,13.76,94.3,0
2026-08-22 01:12:51,lht65-20,52.2507,5.97306,3.0,13.65,94.6,0
2026-08-22 01:22:51,lht65-20,52.2507,5.97306,2.998,13.51,94.8,0
2026-08-22 01:32:51,lht65-20,52.2507,5.97306,3.0,13.48,95.1,0
2026-08-22 01:42:51,lht65-20,52.2507,5.97306,2.998,13.46,95.4,0
2026-08-22 01:52:51,lht65-20,52.2507,5.97306,2.998,13.42,95.5,0
2026-08-22 02:02:51,lht65-20,52.2507,5.97306,2.998,13.3,95.6,0
2026-08-22 02:12:51,lht65-20,52.2507,5.97306,2.998,13.02,95.5,0
2026-08-22 02:22:51,lht65-20,52.2507,5.97306,2.998,12.86,95.5,0
2026-08-22 02:32:51,lht65-20,52.2507,5.97306,2.998,12.86,95.6,0
2026-08-22 02:42:51,lht65-20,52.2507,5.97306,2.998,12.8,95.8,0
2026-08-22 02:52:51,lht65-20,52.2507,5.97306,2.998,12.68,95.8,0
2026-08-22 03:02:51,lht65-20,52.2507,5.97306,2.998,12.49,95.9,0
2026-08-22 03:12:51,lht65-20,52.2507,5.97306,2.998,12.25,95.9,0
2026-08-22 03:22:51,lht65-20,52.2507,5.97306,2.996,12.15,95.9,0
2026-08-22 03:32:51,lht65-20,52.2507,5.97306,2.998,12.06,96.0,0
2026-08-22 03:42:51,lht65-20,52.2507,5.97306,2.998,12.12,96.1,0
2026-08-22 03:52:51,lht65-20,52.2507,5.97306,2.998,12.22,96.2,0
2026-08-22 04:02:51,lht65-20,52.2507,5.97306,2.998,12.14,96.4,3
2026-08-22 04:12:51,lht65-20,52.2507,5.97306,2.998,12.07,96.4,15
2026-08-22 04:22:51,lht65-20,52.2507,5.97306,2.998,12.18,96.5,53
2026-08-22 04:32:51,lht65-20,52.2507,5.97306,2.994,12.3,96.6,139
2026-08-22 04:42:51,lht65-20,52.2507,5.97306,2.998,12.4,96.7,315
2026-08-22 04:52:51,lht65-20,52.2507,5.97306,2.994,12.51,96.7,543
2026-08-22 05:02:51,lht65-20,52.2507,5.97306,2.998,12.67,96.8,744
2026-08-22 05:12:51,lht65-20,52.2507,5.97306,2.998,12.85,96.8,711
2026-08-22 05:22:51,lht65-20,52.2507,5.97306,2.998,13.02,96.8,1141
2026-08-22 05:32:51,lht65-20,52.2507,5.97306,2.998,13.27,96.8,2273
2026-08-22 05:42:51,lht65-20,52.2507,5.97306,2.998,13.43,96.6,2268
2026-08-22 05:52:51,lht65-20,52.2507,5.97306,2.998,13.41,96.2,2780
2026-08-22 06:02:51,lht65-20,52.2507,5.97306,2.998,13.92,95.7,11242
2026-08-22 06:12:51,lht65-20,52.2507,5.97306,2.998,14.35,94.2,7979
2026-08-22 06:22:51,lht65-20,52.2507,5.97306,2.998,15.39,92.1,16991
2026-08-22 06:32:51,lht65-20,52.2507,5.97306,2.998,16.33,87.7,15834
2026-08-22 06:42:51,lht65-20,52.2507,5.97306,3.0,16.14,86.7,7580
2026-08-22 06:52:51,lht65-20,52.2507,5.97306,3.001,16.63,86.3,13026
2026-08-22 07:02:51,lht65-20,52.2507,5.97306,3.001,16.28,86.2,11218
2026-08-22 07:12:51,lht65-20,52.2507,5.97306,3.0,15.95,85.3,5247
2026-08-22 07:22:51,lht65-20,52.2507,5.97306,2.998,15.57,87.0,3247
2026-08-22 07:32:51,lht65-20,52.2507,5.97306,3.001,15.1,88.8,3453
2026-08-22 07:42:51,lht65-20,52.2507,5.97306,3.0,14.67,91.2,4341
2026-08-22 07:52:51,lht65-20,52.2507,5.97306,2.998,14.86,92.1,15985
2026-08-22 08:02:51,lht65-20,52.2507,5.97306,2.998,15.44,87.7,11222
2026-08-22 08:12:51,lht65-20,52.2507,5.97306,3.0,16.46,84.5,21948
2026-08-22 08:22:51,lht65-20,52.2507,5.97306,3.001,17.07,79.7,13015
2026-08-22 08:32:51,lht65-20,52.2507,5.97306,3.001,16.85,82.4,14235
2026-08-22 08:42:51,lht65-20,52.2507,5.97306,3.001,16.98,80.2,18947
2026-08-22 08:52:51,lht65-20,52.2507,5.97306,3.001,17.53,73.7,30760
2026-08-22 09:02:51,lht65-20,52.2507,5.97306,3.001,18.28,69.9,29920
2026-08-22 09:12:51,lht65-20,52.2507,5.97306,3.001,19.01,68.0,23680
2026-08-22 09:22:51,lht65-20,52.2507,5.97306,3.001,18.16,72.3,14465
2026-08-22 09:32:51,lht65-20,52.2507,5.97306,3.001,18.04,71.7,17126
2026-08-22 09:42:51,lht65-20,52.2507,5.97306,3.001,18.15,70.4,20835
2026-08-22 09:52:51,lht65-20,52.2507,5.97306,3.001,18.33,69.9,27516
2026-08-22 10:02:51,lht65-20,52.2507,5.97306,3.001,18.77,69.8,20019
2026-08-22 10:12:51,lht65-20,52.2507,5.97306,3.001,19.27,68.1,35114
2026-08-22 10:22:51,lht65-20,52.2507,5.97306,3.001,20.1,63.6,36874
2026-08-22 10:32:51,lht65-20,52.2507,5.97306,3.005,20.78,64.1,39908
2026-08-22 10:42:51,lht65-20,52.2507,5.97306,3.005,20.85,61.4,20302
2026-08-22 10:52:51,lht65-20,52.2507,5.97306,3.005,18.5,72.0,8699
2026-08-22 11:02:51,lht65-20,52.2507,5.97306,3.001,18.31,74.0,34532
2026-08-22 11:12:51,lht65-20,52.2507,5.97306,3.003,20.12,66.4,34210
2026-08-22 11:22:51,lht65-20,52.2507,5.97306,3.005,20.93,63.5,34828
2026-08-22 11:32:51,lht65-20,52.2507,5.97306,3.003,20.77,58.6,13421
2026-08-22 11:42:51,lht65-20,52.2507,5.97306,3.003,20.33,59.5,34440
2026-08-22 11:52:51,lht65-20,52.2507,5.97306,3.005,21.41,59.2,38262
2026-08-22 12:02:51,lht65-20,52.2507,5.97306,3.005,21.39,58.7,38017
2026-08-22 12:12:51,lht65-20,52.2507,5.97306,3.005,20.8,57.7,12425
2026-08-22 12:22:51,lht65-20,52.2507,5.97306,3.005,20.68,57.7,32820
2026-08-22 12:32:51,lht65-20,52.2507,5.97306,3.007,20.81,56.8,35134
2026-08-22 12:42:51,lht65-20,52.2507,5.97306,3.005,21.44,57.1,35010
2026-08-22 12:52:51,lht65-20,52.2507,5.97306,3.005,21.44,58.3,36610
2026-08-22 13:02:51,lht65-20,52.2507,5.97306,3.005,21.93,54.5,38715
2026-08-22 13:12:51,lht65-20,52.2507,5.97306,3.007,21.54,60.4,20744
2026-08-22 13:22:51,lht65-20,52.2507,5.97306,3.005,21.3,57.0,17647
2026-08-22 13:32:51,lht65-20,52.2507,5.97306,3.005,21.21,57.6,12072
2026-08-22 13:42:51,lht65-20,52.2507,5.97306,3.005,20.29,60.1,12671
2026-08-22 13:52:51,lht65-20,52.2507,5.97306,3.005,20.6,63.4,20049
2026-08-22 14:02:51,lht65-20,52.2507,5.97306,3.005,21.35,59.4,35415
2026-08-22 14:12:51,lht65-20,52.2507,5.97306,3.007,21.47,58.1,21760
2026-08-22 14:22:51,lht65-20,52.2507,5.97306,3.005,20.47,62.2,32383
2026-08-22 14:32:51,lht65-20,52.2507,5.97306,3.005,20.69,55.8,15897
2026-08-22 14:42:51,lht65-20,52.2507,5.97306,3.005,20.22,59.8,15827
2026-08-22 14:52:51,lht65-20,52.2507,5.97306,3.005,19.96,60.5,8795
2026-08-22 15:02:51,lht65-20,52.2507,5.97306,3.005,19.34,61.5,9219
2026-08-22 15:12:51,lht65-20,52.2507,5.97306,3.005,19.93,59.7,12478
2026-08-22 15:22:51,lht65-20,52.2507,5.97306,3.003,20.29,56.8,9836
2026-08-22 15:32:51,lht65-20,52.2507,5.97306,3.005,20.02,58.5,24814
2026-08-22 15:42:51,lht65-20,52.2507,5.97306,3.003,20.6,59.3,26111
2026-08-22 16:02:51,lht65-20,52.2507,5.97306,3.005,18.91,63.5,3900
2026-08-22 16:12:51,lht65-20,52.2507,5.97306,3.005,18.09,67.0,4963
2026-08-22 16:22:51,lht65-20,52.2507,5.97306,3.003,17.67,68.1,4644
2026-08-22 16:32:51,lht65-20,52.2507,5.97306,3.003,17.51,70.4,4289
2026-08-22 16:42:51,lht65-20,52.2507,5.97306,3.001,17.68,69.7,4674
2026-08-22 16:52:51,lht65-20,52.2507,5.97306,3.003,17.55,69.1,3957
2026-08-22 17:02:51,lht65-20,52.2507,5.97306,3.001,17.41,69.8,5362
2026-08-22 17:12:51,lht65-20,52.2507,5.97306,3.001,17.39,70.5,4355
2026-08-22 17:22:51,lht65-20,52.2507,5.97306,3.001,17.27,68.9,4011
2026-08-22 17:32:51,lht65-20,52.2507,5.97306,3.001,17.28,67.7,10044
2026-08-22 17:42:51,lht65-20,52.2507,5.97306,3.001,17.57,67.8,3831
2026-08-22 17:52:51,lht65-20,52.2507,5.97306,3.003,17.29,68.5,2312
2026-08-22 18:02:51,lht65-20,52.2507,5.97306,3.001,16.67,71.6,1630
2026-08-22 18:12:51,lht65-20,52.2507,5.97306,3.001,16.29,72.7,1235
2026-08-22 18:22:51,lht65-20,52.2507,5.97306,3.001,16.04,74.5,924
2026-08-22 18:32:51,lht65-20,52.2507,5.97306,3.001,15.75,75.2,380
2026-08-22 18:42:51,lht65-20,52.2507,5.97306,3.0,15.69,76.3,124
2026-08-22 18:52:51,lht65-20,52.2507,5.97306,3.0,15.51,76.1,81
2026-08-22 19:02:51,lht65-20,52.2507,5.97306,3.0,15.36,76.8,30
2026-08-22 19:12:51,lht65-20,52.2507,5.97306,3.0,15.21,79.1,5
2026-08-22 19:22:51,lht65-20,52.2507,5.97306,3.0,14.73,82.0,0
2026-08-22 19:32:51,lht65-20,52.2507,5.97306,2.998,14.17,85.0,0
2026-08-22 19:42:51,lht65-20,52.2507,5.97306,2.998,13.83,87.3,0
2026-08-22 19:52:51,lht65-20,52.2507,5.97306,3.0,13.73,88.0,0
2026-08-22 20:02:51,lht65-20,52.2507,5.97306,3.0,13.72,86.6,0
2026-08-22 20:12:51,lht65-20,52.2507,5.97306,2.998,13.71,86.0,0
2026-08-22 20:22:51,lht65-20,52.2507,5.97306,2.998,13.88,85.0,0
2026-08-22 20:32:51,lht65-20,52.2507,5.97306,2.998,13.78,85.3,0
2026-08-22 20:42:51,lht65-20,52.2507,5.97306,2.998,13.54,86.1,0
2026-08-22 20:52:51,lht65-20,52.2507,5.97306,2.998,13.21,87.1,0
2026-08-22 21:02:51,lht65-20,52.2507,5.97306,2.998,12.82,88.4,0
2026-08-22 21:12:51,lht65-20,52.2507,5.97306,2.996,12.29,88.2,0
2026-08-22 21:22:51,lht65-20,52.2507,5.97306,2.994,11.7,90.8,0
2026-08-22 21:32:51,lht65-20,52.2507,5.97306,2.994,11.34,92.5,0
2026-08-22 21:42:51,lht65-20,52.2507,5.97306,2.994,11.08,93.4,0
2026-08-22 21:52:51,lht65-20,52.2507,5.97306,2.994,10.81,93.7,0
2026-08-22 22:02:51,lht65-20,52.2507,5.97306,2.992,10.6,94.1,0
2026-08-22 22:12:51,lht65-20,52.2507,5.97306,2.992,10.48,94.6,0
2026-08-22 22:22:51,lht65-20,52.2507,5.97306,2.992,10.43,95.0,0
2026-08-22 22:32:51,lht65-20,52.2507,5.97306,2.991,10.12,95.0,0
2026-08-22 22:42:51,lht65-20,52.2507,5.97306,2.991,10.18,95.4,0
2026-08-22 22:52:51,lht65-20,52.2507,5.97306,2.992,10.33,95.8,0
2026-08-22 23:02:51,lht65-20,52.2507,5.97306,2.991,10.82,96.0,0
2026-08-22 23:12:51,lht65-20,52.2507,5.97306,2.991,11.33,96.1,0
2026-08-22 23:22:51,lht65-20,52.2507,5.97306,2.994,11.7,95.8,0
2026-08-22 23:32:51,lht65-20,52.2507,5.97306,2.994,12.04,94.5,0
2026-08-22 23:42:51,lht65-20,52.2507,5.97306,2.994,12.25,92.7,0
2026-08-22 23:52:51,lht65-20,52.2507,5.97306,2.994,12.44,91.3,0
2026-08-23 00:02:51,lht65-20,52.2507,5.97306,2.994,12.52,90.8,0
2026-08-23 00:12:51,lht65-20,52.2507,5.97306,2.994,12.49,91.0,0
2026-08-23 00:22:51,lht65-20,52.2507,5.97306,2.994,12.64,90.8,0
2026-08-23 00:32:51,lht65-20,52.2507,5.97306,2.994,12.81,90.3,0
2026-08-23 00:42:51,lht65-20,52.2507,5.97306,2.994,12.91,89.7,0
2026-08-23 00:52:51,lht65-20,52.2507,5.97306,2.994,12.96,89.6,0
2026-08-23 01:02:51,lht65-20,52.2507,5.97306,2.994,12.99,89.3,0
2026-08-23 01:12:51,lht65-20,52.2507,5.97306,2.994,13.09,88.6,0
2026-08-23 01:22:51,lht65-20,52.2507,5.97306,2.994,13.0,88.3,0
2026-08-23 01:32:51,lht65-20,52.2507,5.97306,2.994,12.88,88.6,0
2026-08-23 01:42:51,lht65-20,52.2507,5.97306,2.994,12.84,89.3,0
2026-08-23 01:52:51,lht65-20,52.2507,5.97306,2.994,12.96,89.2,0
2026-08-23 02:02:51,lht65-20,52.2507,5.97306,2.996,13.1,88.5,0
2026-08-23 02:12:51,lht65-20,52.2507,5.97306,2.994,13.21,88.1,0
2026-08-23 02:22:51,lht65-20,52.2507,5.97306,2.998,13.17,88.1,0
2026-08-23 02:32:51,lht65-20,52.2507,5.97306,2.994,13.11,88.1,0
2026-08-23 02:42:51,lht65-20,52.2507,5.97306,2.994,12.86,88.1,0
2026-08-23 02:52:51,lht65-20,52.2507,5.97306,2.994,12.66,89.3,0
2026-08-23 03:02:51,lht65-20,52.2507,5.97306,2.994,12.76,89.6,0
2026-08-23 03:12:51,lht65-20,52.2507,5.97306,2.994,12.76,89.4,0
2026-08-23 03:22:51,lht65-20,52.2507,5.97306,2.994,12.76,89.2,0
2026-08-23 03:32:51,lht65-20,52.2507,5.97306,2.994,12.79,89.4,0
2026-08-23 03:42:51,lht65-20,52.2507,5.97306,2.994,12.83,89.6,0
2026-08-23 03:52:51,lht65-20,52.2507,5.97306,2.994,12.87,89.1,0
2026-08-23 04:02:51,lht65-20,52.2507,5.97306,2.996,12.92,88.9,1
2026-08-23 04:12:51,lht65-20,52.2507,5.97306,2.994,12.89,89.3,10
2026-08-23 04:22:51,lht65-20,52.2507,5.97306,2.994,12.82,89.8,45
2026-08-23 04:32:51,lht65-20,52.2507,5.97306,2.994,12.72,91.0,89
2026-08-23 04:42:51,lht65-20,52.2507,5.97306,2.994,12.77,90.4,116
2026-08-23 04:52:51,lht65-20,52.2507,5.97306,2.994,12.8,90.6,422
2026-08-23 05:02:51,lht65-20,52.2507,5.97306,2.994,12.78,91.2,822
2026-08-23 05:12:51,lht65-20,52.2507,5.97306,2.994,12.79,90.9,1520
2026-08-23 05:22:51,lht65-20,52.2507,5.97306,2.991,12.87,91.8,1502
2026-08-23 05:32:51,lht65-20,52.2507,5.97306,2.994,13.01,91.1,1450
2026-08-23 05:42:51,lht65-20,52.2507,5.97306,2.994,13.17,90.3,2300
2026-08-23 05:52:51,lht65-20,52.2507,5.97306,2.998,13.31,90.7,2305
2026-08-23 06:02:51,lht65-20,52.2507,5.97306,2.994,13.45,90.0,3173
2026-08-23 06:12:51,lht65-20,52.2507,5.97306,2.992,13.62,88.2,3750
2026-08-23 06:22:51,lht65-20,52.2507,5.97306,2.994,13.81,87.3,4797
2026-08-23 06:32:51,lht65-20,52.2507,5.97306,2.994,14.12,85.8,6069
2026-08-23 06:42:51,lht65-20,52.2507,5.97306,2.998,14.47,84.7,6429
2026-08-23 06:52:51,lht65-20,52.2507,5.97306,2.994,14.67,83.6,6279
2026-08-23 07:02:51,lht65-20,52.2507,5.97306,2.996,15.05,83.5,8358
2026-08-23 07:12:51,lht65-20,52.2507,5.97306,2.998,15.22,82.3,9057
2026-08-23 07:22:51,lht65-20,52.2507,5.97306,2.998,15.7,80.4,11482
2026-08-23 07:32:51,lht65-20,52.2507,5.97306,2.998,16.18,78.8,10565
2026-08-23 07:42:51,lht65-20,52.2507,5.97306,2.998,16.42,77.9,19446
2026-08-23 07:52:51,lht65-20,52.2507,5.97306,2.998,16.82,74.9,12676
2026-08-23 08:02:51,lht65-20,52.2507,5.97306,2.998,17.26,73.8,24793
2026-08-23 08:12:51,lht65-20,52.2507,5.97306,3.0,17.38,73.0,14665
2026-08-23 08:22:51,lht65-20,52.2507,5.97306,2.998,17.76,70.4,24544
2026-08-23 08:32:51,lht65-20,52.2507,5.97306,2.998,18.41,66.3,19675
2026-08-23 08:42:51,lht65-20,52.2507,5.97306,3.0,18.73,62.4,12900
2026-08-23 08:52:51,lht65-20,52.2507,5.97306,3.0,18.48,62.2,16730
2026-08-23 09:02:51,lht65-20,52.2507,5.97306,3.001,18.66,62.3,15415
2026-08-23 09:12:51,lht65-20,52.2507,5.97306,3.001,19.12,61.2,17942
2026-08-23 09:22:51,lht65-20,52.2507,5.97306,3.0,19.33,59.7,37611
2026-08-23 09:32:51,lht65-20,52.2507,5.97306,3.001,19.66,56.9,12823
2026-08-23 09:42:51,lht65-20,52.2507,5.97306,3.0,19.22,57.9,14628
2026-08-23 09:52:51,lht65-20,52.2507,5.97306,3.001,18.86,59.1,11086
2026-08-23 10:02:52,lht65-20,52.2507,5.97306,3.0,18.86,56.9,19132
2026-08-23 10:12:51,lht65-20,52.2507,5.97306,3.0,19.36,56.6,35947
2026-08-23 10:22:51,lht65-20,52.2507,5.97306,3.003,21.16,52.8,34241
2026-08-23 10:32:51,lht65-20,52.2507,5.97306,3.003,21.06,52.7,7739
2026-08-23 10:42:51,lht65-20,52.2507,5.97306,3.001,20.53,52.1,13148
2026-08-23 10:52:51,lht65-20,52.2507,5.97306,3.001,21.09,49.5,32215
2026-08-23 11:02:51,lht65-20,52.2507,5.97306,3.001,20.44,48.9,14575
2026-08-23 11:12:51,lht65-20,52.2507,5.97306,3.0,20.04,50.6,19562
2026-08-23 11:22:51,lht65-20,52.2507,5.97306,3.003,20.09,54.1,19191
2026-08-23 11:32:51,lht65-20,52.2507,5.97306,3.001,20.28,52.8,27227
2026-08-23 11:42:51,lht65-20,52.2507,5.97306,3.001,20.84,50.9,19920
2026-08-23 11:52:51,lht65-20,52.2507,5.97306,3.003,20.6,54.0,20582
2026-08-23 12:02:51,lht65-20,52.2507,5.97306,3.003,20.68,51.3,20334
2026-08-23 12:12:51,lht65-20,52.2507,5.97306,3.001,21.32,53.1,31492
2026-08-23 12:22:51,lht65-20,52.2507,5.97306,3.003,21.86,50.0,24366
2026-08-23 12:32:51,lht65-20,52.2507,5.97306,3.001,21.23,51.4,18903
2026-08-23 12:42:51,lht65-20,52.2507,5.97306,3.003,21.98,52.9,36210
2026-08-23 12:52:51,lht65-20,52.2507,5.97306,3.003,22.45,48.9,37598
2026-08-23 13:02:51,lht65-20,52.2507,5.97306,3.005,22.06,52.0,11528
2026-08-23 13:12:51,lht65-20,52.2507,5.97306,3.005,21.77,52.0,25255
2026-08-23 13:22:51,lht65-20,52.2507,5.97306,3.003,20.81,55.1,7283
2026-08-23 13:32:51,lht65-20,52.2507,5.97306,3.003,21.03,54.7,19919
2026-08-23 13:42:51,lht65-20,52.2507,5.97306,3.003,20.61,54.7,11227
2026-08-23 13:52:51,lht65-20,52.2507,5.97306,3.003,20.81,55.1,17192
2026-08-23 14:02:51,lht65-20,52.2507,5.97306,3.001,22.31,53.5,23065
2026-08-23 14:12:51,lht65-20,52.2507,5.97306,3.003,22.23,52.2,12968
2026-08-23 14:22:51,lht65-20,52.2507,5.97306,3.003,21.22,52.9,7236
2026-08-23 14:32:51,lht65-20,52.2507,5.97306,3.001,20.21,56.8,10086
2026-08-23 14:42:51,lht65-20,52.2507,5.97306,3.001,19.62,59.8,11187
2026-08-23 14:52:51,lht65-20,52.2507,5.97306,3.001,19.81,62.6,10988
2026-08-23 15:02:51,lht65-20,52.2507,5.97306,3.003,19.07,66.5,8394
2026-08-23 15:12:51,lht65-20,52.2507,5.97306,3.001,18.55,70.6,9031
2026-08-23 15:22:51,lht65-20,52.2507,5.97306,3.001,18.78,67.3,12306
2026-08-23 15:32:51,lht65-20,52.2507,5.97306,3.001,19.42,66.7,31196
2026-08-23 15:42:51,lht65-20,52.2507,5.97306,3.001,20.61,60.3,16432
2026-08-23 15:52:51,lht65-20,52.2507,5.97306,3.001,20.14,62.0,15923
2026-08-23 16:02:51,lht65-20,52.2507,5.97306,3.005,20.02,59.2,4410
2026-08-23 16:12:51,lht65-20,52.2507,5.97306,3.001,18.61,65.1,5120
2026-08-23 16:22:51,lht65-20,52.2507,5.97306,3.001,18.22,69.0,5343
2026-08-23 16:32:51,lht65-20,52.2507,5.97306,3.001,17.96,69.1,4646
2026-08-23 16:42:51,lht65-20,52.2507,5.97306,3.001,17.68,70.5,7949
2026-08-23 16:52:51,lht65-20,52.2507,5.97306,3.001,17.41,70.3,3933
2026-08-23 17:02:51,lht65-20,52.2507,5.97306,3.001,17.23,71.6,3740
2026-08-23 17:12:51,lht65-20,52.2507,5.97306,3.001,17.14,72.1,3201
2026-08-23 17:22:51,lht65-20,52.2507,5.97306,3.001,17.13,73.1,2763
2026-08-23 17:32:51,lht65-20,52.2507,5.97306,2.998,17.13,72.9,2605
2026-08-23 17:42:51,lht65-20,52.2507,5.97306,3.001,17.11,72.0,2505
2026-08-23 17:52:51,lht65-20,52.2507,5.97306,3.0,17.22,72.1,5100
2026-08-23 18:02:51,lht65-20,52.2507,5.97306,3.0,17.41,72.3,1611
2026-08-23 18:12:51,lht65-20,52.2507,5.97306,3.0,16.98,73.1,1342
2026-08-23 18:22:51,lht65-20,52.2507,5.97306,3.001,16.56,75.1,799
2026-08-23 18:32:51,lht65-20,52.2507,5.97306,3.001,16.13,77.1,515
2026-08-23 18:42:51,lht65-20,52.2507,5.97306,2.998,15.58,79.1,254
2026-08-23 18:52:51,lht65-20,52.2507,5.97306,2.998,15.05,81.2,97
2026-08-23 19:02:51,lht65-20,52.2507,5.97306,2.998,14.63,83.0,26
2026-08-23 19:12:51,lht65-20,52.2507,5.97306,2.998,14.19,84.7,5
2026-08-23 19:22:51,lht65-20,52.2507,5.97306,2.998,13.73,85.4,0
2026-08-23 19:32:51,lht65-20,52.2507,5.97306,2.998,13.06,87.8,0
2026-08-23 19:42:51,lht65-20,52.2507,5.97306,2.994,12.5,89.8,0
2026-08-23 19:52:51,lht65-20,52.2507,5.97306,2.994,12.14,91.5,0
2026-08-23 20:02:51,lht65-20,52.2507,5.97306,2.994,11.78,92.4,0
2026-08-23 20:12:51,lht65-20,52.2507,5.97306,2.994,11.67,93.4,0
2026-08-23 20:22:51,lht65-20,52.2507,5.97306,2.994,11.54,94.1,0
2026-08-23 20:32:51,lht65-20,52.2507,5.97306,2.994,11.44,94.6,0
2026-08-23 20:42:51,lht65-20,52.2507,5.97306,2.992,11.4,95.0,0
2026-08-23 20:52:51,lht65-20,52.2507,5.97306,2.992,11.0,94.9,0
2026-08-23 21:02:51,lht65-20,52.2507,5.97306,2.989,10.87,95.0,0
2026-08-23 21:12:51,lht65-20,52.2507,5.97306,2.991,10.73,95.2,0
2026-08-23 21:22:51,lht65-20,52.2507,5.97306,2.991,10.55,95.4,0
2026-08-23 21:32:51,lht65-20,52.2507,5.97306,2.989,10.23,95.4,0
2026-08-23 21:42:51,lht65-20,52.2507,5.97306,2.989,10.2,95.6,0
2026-08-23 21:52:51,lht65-20,52.2507,5.97306,2.989,10.03,95.8,0
2026-08-23 22:02:51,lht65-20,52.2507,5.97306,2.989,10.02,96.0,0
2026-08-23 22:12:51,lht65-20,52.2507,5.97306,2.987,9.97,96.1,0
2026-08-23 22:22:51,lht65-20,52.2507,5.97306,2.989,9.84,96.3,0
2026-08-23 22:32:51,lht65-20,52.2507,5.97306,2.989,9.69,96.4,0
2026-08-23 22:42:51,lht65-20,52.2507,5.97306,2.989,9.63,96.5,0
2026-08-23 22:52:51,lht65-20,52.2507,5.97306,2.989,9.54,96.6,0
2026-08-23 23:02:51,lht65-20,52.2507,5.97306,2.987,9.52,96.7,0
2026-08-23 23:12:51,lht65-20,52.2507,5.97306,2.987,9.46,96.8,0
2026-08-23 23:22:51,lht65-20,52.2507,5.97306,2.987,9.13,96.9,0
2026-08-23 23:32:51,lht65-20,52.2507,5.97306,2.987,8.75,96.9,0
2026-08-23 23:42:51,lht65-20,52.2507,5.97306,2.987,8.44,96.9,0
2026-08-23 23:52:51,lht65-20,52.2507,5.97306,2.987,8.48,96.9,0
2026-08-24 00:02:51,lht65-20,52.2507,5.97306,2.985,8.33,97.0,0
2026-08-24 00:12:51,lht65-20,52.2507,5.97306,2.985,8.24,97.0,0
2026-08-24 00:22:51,lht65-20,52.2507,5.97306,2.985,8.19,97.1,0
2026-08-24 00:32:51,lht65-20,52.2507,5.97306,2.985,8.14,97.2,0
2026-08-24 00:42:51,lht65-20,52.2507,5.97306,2.983,8.08,97.3,0
2026-08-24 00:52:51,lht65-20,52.2507,5.97306,2.983,7.74,97.3,0
2026-08-24 01:02:51,lht65-20,52.2507,5.97306,2.983,7.9,97.4,0
2026-08-24 01:12:51,lht65-20,52.2507,5.97306,2.983,7.83,97.5,0
2026-08-24 01:22:51,lht65-20,52.2507,5.97306,2.983,7.56,97.5,0
2026-08-24 01:32:51,lht65-20,52.2507,5.97306,2.983,7.36,97.5,0
2026-08-24 01:42:51,lht65-20,52.2507,5.97306,2.983,7.16,97.6,0
2026-08-24 01:52:51,lht65-20,52.2507,5.97306,2.983,7.07,97.6,0
2026-08-24 02:02:51,lht65-20,52.2507,5.97306,2.983,6.85,97.6,0
2026-08-24 02:12:51,lht65-20,52.2507,5.97306,2.98,6.75,97.7,0
2026-08-24 02:22:51,lht65-20,52.2507,5.97306,2.98,6.6,97.7,0
2026-08-24 02:32:51,lht65-20,52.2507,5.97306,2.98,6.6,97.8,0
2026-08-24 02:42:51,lht65-20,52.2507,5.97306,2.98,6.67,97.8,0
2026-08-24 02:52:51,lht65-20,52.2507,5.97306,2.98,6.73,97.8,0
2026-08-24 03:02:51,lht65-20,52.2507,5.97306,2.98,6.63,97.9,0
2026-08-24 03:12:51,lht65-20,52.2507,5.97306,2.98,6.53,97.9,0
2026-08-24 03:22:51,lht65-20,52.2507,5.97306,2.98,6.52,97.9,0
2026-08-24 03:32:51,lht65-20,52.2507,5.97306,2.98,6.38,98.0,0
2026-08-24 03:42:51,lht65-20,52.2507,5.97306,2.978,6.11,98.0,0
2026-08-24 03:52:51,lht65-20,52.2507,5.97306,2.978,6.12,98.1,0
2026-08-24 04:02:51,lht65-20,52.2507,5.97306,2.98,6.12,98.1,3
2026-08-24 04:12:51,lht65-20,52.2507,5.97306,2.98,5.99,98.1,18
2026-08-24 04:22:51,lht65-20,52.2507,5.97306,2.976,5.86,98.1,79
2026-08-24 04:32:51,lht65-20,52.2507,5.97306,2.978,6.01,98.2,229
2026-08-24 04:42:51,lht65-20,52.2507,5.97306,2.978,5.82,98.2,507
2026-08-24 04:52:51,lht65-20,52.2507,5.97306,2.976,5.77,98.2,921
2026-08-24 05:02:51,lht65-20,52.2507,5.97306,2.976,6.08,98.3,1921
2026-08-24 05:12:51,lht65-20,52.2507,5.97306,2.978,6.63,98.3,3601
2026-08-24 05:22:51,lht65-20,52.2507,5.97306,2.978,7.17,98.3,5364
2026-08-24 05:32:51,lht65-20,52.2507,5.97306,2.98,7.85,98.3,6952
2026-08-24 05:42:51,lht65-20,52.2507,5.97306,2.983,8.51,98.3,8400
2026-08-24 05:52:51,lht65-20,52.2507,5.97306,2.983,8.82,98.3,9765
2026-08-24 06:02:51,lht65-20,52.2507,5.97306,2.983,9.57,98.2,11080
2026-08-24 06:12:51,lht65-20,52.2507,5.97306,2.983,10.56,98.1,12290
2026-08-24 06:22:51,lht65-20,52.2507,5.97306,2.987,11.43,97.8,13619
2026-08-24 06:32:51,lht65-20,52.2507,5.97306,2.987,12.27,97.4,14890
2026-08-24 06:42:51,lht65-20,52.2507,5.97306,2.987,13.04,95.4,16250
2026-08-24 06:52:51,lht65-20,52.2507,5.97306,2.989,13.9,92.0,17377
2026-08-24 07:02:51,lht65-20,52.2507,5.97306,2.992,14.45,88.2,18470
2026-08-24 07:12:51,lht65-20,52.2507,5.97306,2.991,14.99,85.4,19411
2026-08-24 07:22:51,lht65-20,52.2507,5.97306,2.994,15.43,83.0,20440
2026-08-24 07:32:51,lht65-20,52.2507,5.97306,2.994,15.94,80.0,21410
2026-08-24 07:42:51,lht65-20,52.2507,5.97306,2.994,16.29,79.7,22295
2026-08-24 07:52:51,lht65-20,52.2507,5.97306,2.994,16.7,76.0,23040
2026-08-24 08:02:51,lht65-20,52.2507,5.97306,2.994,17.0,74.3,23716
2026-08-24 08:12:51,lht65-20,52.2507,5.97306,2.998,17.3,74.4,24169
2026-08-24 08:22:51,lht65-20,52.2507,5.97306,2.998,17.85,72.7,24737
2026-08-24 08:32:51,lht65-20,52.2507,5.97306,2.996,18.11,70.1,25307
2026-08-24 08:42:51,lht65-20,52.2507,5.97306,2.998,18.65,66.2,26178
2026-08-24 08:52:51,lht65-20,52.2507,5.97306,2.998,18.93,64.5,26998
2026-08-24 09:02:51,lht65-20,52.2507,5.97306,2.998,19.23,60.8,29814
2026-08-24 09:12:51,lht65-20,52.2507,5.97306,2.998,19.84,57.2,15482
2026-08-24 09:22:51,lht65-20,52.2507,5.97306,2.998,20.01,57.1,34741
2026-08-24 09:32:51,lht65-20,52.2507,5.97306,2.998,20.02,55.4,35084
2026-08-24 09:42:51,lht65-20,52.2507,5.97306,2.998,19.88,53.7,10971
2026-08-24 09:52:51,lht65-20,52.2507,5.97306,2.998,19.08,58.3,11285
2026-08-24 10:02:51,lht65-20,52.2507,5.97306,2.998,18.68,61.0,11875
2026-08-24 10:12:51,lht65-20,52.2507,5.97306,2.998,18.99,58.1,13185
2026-08-24 10:22:51,lht65-20,52.2507,5.97306,2.998,19.03,62.2,29278
2026-08-24 10:32:51,lht65-20,52.2507,5.97306,2.998,20.02,55.7,38971
2026-08-24 10:42:51,lht65-20,52.2507,5.97306,3.0,20.97,54.9,13672
2026-08-24 10:52:51,lht65-20,52.2507,5.97306,2.998,20.09,55.1,19816
2026-08-24 11:02:51,lht65-20,52.2507,5.97306,2.998,19.92,55.5,21766
2026-08-24 11:12:51,lht65-20,52.2507,5.97306,2.998,19.9,56.3,14980
2026-08-24 11:22:51,lht65-20,52.2507,5.97306,2.998,19.7,54.9,13018
2026-08-24 11:32:51,lht65-20,52.2507,5.97306,2.998,19.62,53.3,11150
2026-08-24 11:42:51,lht65-20,52.2507,5.97306,3.0,20.02,52.8,16390
2026-08-24 11:52:51,lht65-20,52.2507,5.97306,3.0,20.81,53.0,29494
2026-08-24 12:02:51,lht65-20,52.2507,5.97306,3.0,20.91,51.3,12303
2026-08-24 12:12:51,lht65-20,52.2507,5.97306,3.0,21.38,50.9,33646
2026-08-24 12:22:51,lht65-20,52.2507,5.97306,3.001,22.53,48.9,38275
2026-08-24 12:32:51,lht65-20,52.2507,5.97306,3.001,22.63,47.8,33468
2026-08-24 12:42:51,lht65-20,52.2507,5.97306,3.001,22.93,46.7,34299
2026-08-24 12:52:51,lht65-20,52.2507,5.97306,3.001,22.34,48.0,32087
2026-08-24 13:02:51,lht65-20,52.2507,5.97306,3.001,22.84,47.2,32428
2026-08-24 13:12:51,lht65-20,52.2507,5.97306,3.001,22.78,49.0,31430
2026-08-24 13:22:51,lht65-20,52.2507,5.97306,3.001,22.42,49.1,29452
2026-08-24 13:32:51,lht65-20,52.2507,5.97306,3.001,22.69,48.4,30464
2026-08-24 13:42:51,lht65-20,52.2507,5.97306,3.001,22.41,48.1,29243
2026-08-24 13:52:51,lht65-20,52.2507,5.97306,3.001,22.64,48.1,28855
2026-08-24 14:02:51,lht65-20,52.2507,5.97306,3.003,22.39,47.3,29982
2026-08-24 14:12:51,lht65-20,52.2507,5.97306,3.003,22.42,47.0,28047
2026-08-24 14:22:51,lht65-20,52.2507,5.97306,3.001,21.97,50.5,24768
2026-08-24 14:32:51,lht65-20,52.2507,5.97306,3.001,22.35,46.7,27201
2026-08-24 14:42:51,lht65-20,52.2507,5.97306,3.001,22.54,47.7,25973
2026-08-24 14:52:51,lht65-20,52.2507,5.97306,3.001,22.7,47.8,26155
2026-08-24 15:02:51,lht65-20,52.2507,5.97306,3.003,22.73,46.9,24491
2026-08-24 15:12:51,lht65-20,52.2507,5.97306,3.003,22.89,45.4,23665
2026-08-24 15:22:51,lht65-20,52.2507,5.97306,3.005,22.9,48.1,22951
2026-08-24 15:32:51,lht65-20,52.2507,5.97306,3.003,22.77,46.3,22483
2026-08-24 15:42:51,lht65-20,52.2507,5.97306,3.005,22.46,47.5,21879
2026-08-24 15:52:51,lht65-20,52.2507,5.97306,3.003,22.32,48.1,21199
2026-08-24 16:02:51,lht65-20,52.2507,5.97306,3.003,22.36,47.8,20483
2026-08-24 16:12:51,lht65-20,52.2507,5.97306,3.001,22.46,48.3,19650
2026-08-24 16:22:51,lht65-20,52.2507,5.97306,3.001,22.31,48.0,18635
2026-08-24 16:32:51,lht65-20,52.2507,5.97306,3.003,22.11,48.3,17824
2026-08-24 16:42:51,lht65-20,52.2507,5.97306,3.003,21.96,48.6,16633
2026-08-24 16:52:51,lht65-20,52.2507,5.97306,3.005,21.7,49.5,15370
2026-08-24 17:02:51,lht65-20,52.2507,5.97306,3.001,21.64,51.3,14017
2026-08-24 17:12:51,lht65-20,52.2507,5.97306,3.001,21.56,50.7,12547
2026-08-24 17:22:51,lht65-20,52.2507,5.97306,3.001,21.26,51.1,11067
2026-08-24 17:32:51,lht65-20,52.2507,5.97306,3.003,21.11,52.2,9444
2026-08-24 17:42:51,lht65-20,52.2507,5.97306,3.001,20.77,52.9,7730
2026-08-24 17:52:51,lht65-20,52.2507,5.97306,3.001,20.37,54.0,5933
2026-08-24 18:02:51,lht65-20,52.2507,5.97306,3.001,19.98,55.5,4165
2026-08-24 18:12:51,lht65-20,52.2507,5.97306,3.001,19.46,56.3,2572
2026-08-24 18:22:51,lht65-20,52.2507,5.97306,3.001,18.86,57.9,1228
2026-08-24 18:32:51,lht65-20,52.2507,5.97306,3.0,18.09,60.5,556
2026-08-24 18:42:51,lht65-20,52.2507,5.97306,3.001,17.47,62.2,251
2026-08-24 18:52:51,lht65-20,52.2507,5.97306,3.0,17.05,64.0,85
2026-08-24 19:02:51,lht65-20,52.2507,5.97306,2.998,16.5,66.0,20
2026-08-24 19:12:51,lht65-20,52.2507,5.97306,2.998,16.06,67.7,3
2026-08-24 19:22:51,lht65-20,52.2507,5.97306,2.998,15.52,69.6,0
2026-08-24 19:32:51,lht65-20,52.2507,5.97306,2.998,15.15,71.1,0
2026-08-24 19:42:51,lht65-20,52.2507,5.97306,2.998,14.96,71.9,0
2026-08-24 19:52:51,lht65-20,52.2507,5.97306,2.998,14.64,73.2,0
2026-08-24 20:02:51,lht65-20,52.2507,5.97306,2.994,14.18,75.2,0
2026-08-24 20:12:51,lht65-20,52.2507,5.97306,2.998,13.9,76.3,0
2026-08-24 20:22:51,lht65-20,52.2507,5.97306,2.994,13.47,77.7,0
2026-08-24 20:32:51,lht65-20,52.2507,5.97306,2.994,13.26,79.3,0
2026-08-24 20:42:51,lht65-20,52.2507,5.97306,2.994,13.02,80.4,0
2026-08-24 20:52:51,lht65-20,52.2507,5.97306,2.994,12.73,82.1,0
2026-08-24 21:02:51,lht65-20,52.2507,5.97306,2.989,12.26,84.2,0
2026-08-24 21:12:51,lht65-20,52.2507,5.97306,2.992,12.17,84.3,0
2026-08-24 21:22:51,lht65-20,52.2507,5.97306,2.991,11.95,85.0,0
2026-08-24 21:32:51,lht65-20,52.2507,5.97306,2.992,11.71,86.5,0
2026-08-24 21:42:51,lht65-20,52.2507,5.97306,2.992,11.54,86.9,0
2026-08-24 21:52:51,lht65-20,52.2507,5.97306,2.991,11.51,87.8,0
2026-08-24 22:02:51,lht65-20,52.2507,5.97306,2.992,11.36,87.9,0
2026-08-24 22:12:51,lht65-20,52.2507,5.97306,2.991,11.28,88.4,0
2026-08-24 22:22:51,lht65-20,52.2507,5.97306,2.991,11.36,88.0,0
2026-08-24 22:32:51,lht65-20,52.2507,5.97306,2.991,11.17,88.6,0
2026-08-24 22:42:51,lht65-20,52.2507,5.97306,2.991,11.07,88.9,0
2026-08-24 22:52:51,lht65-20,52.2507,5.97306,2.991,10.94,89.1,0
2026-08-24 23:02:51,lht65-20,52.2507,5.97306,2.989,10.81,89.8,0
2026-08-24 23:12:51,lht65-20,52.2507,5.97306,2.992,10.58,90.4,0
2026-08-24 23:22:51,lht65-20,52.2507,5.97306,2.991,10.53,90.8,0
2026-08-24 23:32:51,lht65-20,52.2507,5.97306,2.987,10.37,91.2,0
2026-08-24 23:42:51,lht65-20,52.2507,5.97306,2.989,10.32,91.5,0
2026-08-24 23:52:51,lht65-20,52.2507,5.97306,2.989,10.2,91.6,0
2026-08-25 00:02:51,lht65-20,52.2507,5.97306,2.989,10.11,92.0,0
2026-08-25 00:12:51,lht65-20,52.2507,5.97306,2.989,9.99,92.0,0
2026-08-25 00:22:51,lht65-20,52.2507,5.97306,2.987,9.62,92.0,0
2026-08-25 00:32:51,lht65-20,52.2507,5.97306,2.987,9.43,92.8,0
2026-08-25 00:42:51,lht65-20,52.2507,5.97306,2.987,9.27,93.4,0
2026-08-25 00:52:51,lht65-20,52.2507,5.97306,2.987,9.15,94.0,0
2026-08-25 01:02:51,lht65-20,52.2507,5.97306,2.987,9.22,94.4,0
2026-08-25 01:12:51,lht65-20,52.2507,5.97306,2.987,9.42,94.8,0
2026-08-25 01:22:51,lht65-20,52.2507,5.97306,2.987,9.34,94.8,0
2026-08-25 01:32:51,lht65-20,52.2507,5.97306,2.987,9.15,94.6,0
2026-08-25 01:42:51,lht65-20,52.2507,5.97306,2.987,9.03,94.5,0
2026-08-25 01:52:51,lht65-20,52.2507,5.97306,2.987,8.88,94.7,0
2026-08-25 02:02:51,lht65-20,52.2507,5.97306,2.987,8.77,94.7,0
2026-08-25 02:12:51,lht65-20,52.2507,5.97306,2.985,8.48,94.8,0
2026-08-25 02:22:51,lht65-20,52.2507,5.97306,2.983,8.52,95.1,0
2026-08-25 02:32:51,lht65-20,52.2507,5.97306,2.987,8.98,95.6,0
2026-08-25 02:42:51,lht65-20,52.2507,5.97306,2.985,8.94,95.8,0
2026-08-25 02:52:52,lht65-20,52.2507,5.97306,2.985,8.89,96.0,0
2026-08-25 03:02:51,lht65-20,52.2507,5.97306,2.987,9.05,96.1,0
2026-08-25 03:12:51,lht65-20,52.2507,5.97306,2.985,9.12,96.1,0
2026-08-25 03:22:51,lht65-20,52.2507,5.97306,2.983,9.27,96.1,0
2026-08-25 03:32:51,lht65-20,52.2507,5.97306,2.987,9.37,96.1,0
2026-08-25 03:42:51,lht65-20,52.2507,5.97306,2.987,9.39,95.8,0
2026-08-25 03:52:51,lht65-20,52.2507,5.97306,2.987,9.54,95.6,0
2026-08-25 04:02:52,lht65-20,52.2507,5.97306,2.985,9.53,95.1,2
2026-08-25 04:12:51,lht65-20,52.2507,5.97306,2.985,9.48,94.6,15
2026-08-25 04:22:52,lht65-20,52.2507,5.97306,2.987,9.43,94.3,68
2026-08-25 04:32:51,lht65-20,52.2507,5.97306,2.985,9.59,94.5,208
2026-08-25 04:42:51,lht65-20,52.2507,5.97306,2.985,9.56,94.2,472
2026-08-25 04:52:51,lht65-20,52.2507,5.97306,2.985,9.56,94.2,841
2026-08-25 05:02:52,lht65-20,52.2507,5.97306,2.985,9.85,94.2,2345
2026-08-25 05:12:51,lht65-20,52.2507,5.97306,2.987,10.58,92.6,3317
2026-08-25 05:22:51,lht65-20,52.2507,5.97306,2.987,11.25,89.8,5655
2026-08-25 05:32:51,lht65-20,52.2507,5.97306,2.987,11.91,87.5,7218
2026-08-25 05:42:51,lht65-20,52.2507,5.97306,2.989,12.43,86.0,8792
2026-08-25 05:52:51,lht65-20,52.2507,5.97306,2.991,12.93,85.0,10184
2026-08-25 06:02:51,lht65-20,52.2507,5.97306,2.991,13.54,82.7,11496
2026-08-25 06:12:51,lht65-20,52.2507,5.97306,2.992,13.85,82.4,12876
2026-08-25 06:22:51,lht65-20,52.2507,5.97306,2.991,14.14,80.8,14213
2026-08-25 06:32:51,lht65-20,52.2507,5.97306,2.992,14.52,80.9,15684
2026-08-25 06:42:51,lht65-20,52.2507,5.97306,2.994,14.99,79.1,16800
2026-08-25 06:52:51,lht65-20,52.2507,5.97306,2.994,15.24,78.7,17842
2026-08-25 07:02:51,lht65-20,52.2507,5.97306,2.994,15.68,76.7,18705
2026-08-25 07:12:51,lht65-20,52.2507,5.97306,2.994,16.2,77.0,19443
2026-08-25 07:22:51,lht65-20,52.2507,5.97306,2.994,16.86,73.4,20283
2026-08-25 07:32:51,lht65-20,52.2507,5.97306,2.996,17.3,70.6,21112
2026-08-25 07:42:51,lht65-20,52.2507,5.97306,2.998,17.79,68.6,21935
2026-08-25 07:52:51,lht65-20,52.2507,5.97306,2.998,18.16,65.7,22762
2026-08-25 08:02:51,lht65-20,52.2507,5.97306,2.998,18.89,63.8,23111
2026-08-25 08:12:51,lht65-20,52.2507,5.97306,2.998,19.12,63.8,24504
2026-08-25 08:22:51,lht65-20,52.2507,5.97306,2.998,19.63,61.1,25163
2026-08-25 08:32:52,lht65-20,52.2507,5.97306,2.998,19.75,61.0,25530
2026-08-25 08:42:51,lht65-20,52.2507,5.97306,2.998,20.33,58.4,26034
2026-08-25 08:52:51,lht65-20,52.2507,5.97306,3.0,20.76,58.3,26248
2026-08-25 09:02:51,lht65-20,52.2507,5.97306,3.0,20.77,58.1,24211
2026-08-25 09:12:51,lht65-20,52.2507,5.97306,2.998,20.91,57.0,25005
2026-08-25 09:22:51,lht65-20,52.2507,5.97306,3.0,21.31,55.7,24951
2026-08-25 09:32:51,lht65-20,52.2507,5.97306,3.001,21.59,54.6,23520
2026-08-25 09:42:52,lht65-20,52.2507,5.97306,3.001,22.17,52.8,27770
2026-08-25 09:52:51,lht65-20,52.2507,5.97306,3.001,22.12,52.9,30416
2026-08-25 10:02:51,lht65-20,52.2507,5.97306,3.001,22.92,52.0,30491
2026-08-25 10:12:51,lht65-20,52.2507,5.97306,3.001,23.04,51.0,28001
2026-08-25 10:22:51,lht65-20,52.2507,5.97306,3.001,23.17,50.7,30172
2026-08-25 10:32:51,lht65-20,52.2507,5.97306,3.001,23.35,50.0,31315
2026-08-25 10:42:51,lht65-20,52.2507,5.97306,3.001,23.77,48.3,32420
2026-08-25 10:52:51,lht65-20,52.2507,5.97306,3.001,23.83,48.1,31655
2026-08-25 11:02:51,lht65-20,52.2507,5.97306,3.001,23.83,49.3,27397
2026-08-25 11:12:51,lht65-20,52.2507,5.97306,3.001,24.42,50.1,23199
2026-08-25 11:22:51,lht65-20,52.2507,5.97306,3.001,23.74,48.8,25705
2026-08-25 11:32:51,lht65-20,52.2507,5.97306,3.001,24.38,48.1,35413
2026-08-25 11:42:51,lht65-20,52.2507,5.97306,3.003,24.92,43.7,35675
2026-08-25 11:52:51,lht65-20,52.2507,5.97306,3.005,25.69,42.4,33388
2026-08-25 12:02:51,lht65-20,52.2507,5.97306,3.005,25.59,42.3,35445
2026-08-25 12:12:52,lht65-20,52.2507,5.97306,3.003,25.19,39.9,29141
2026-08-25 12:22:52,lht65-20,52.2507,5.97306,3.005,25.5,40.3,29183
2026-08-25 12:32:51,lht65-20,52.2507,5.97306,3.001,25.3,41.0,29683
2026-08-25 12:42:51,lht65-20,52.2507,5.97306,3.005,24.83,42.3,19507
2026-08-25 12:52:51,lht65-20,52.2507,5.97306,3.003,24.96,40.5,30249
2026-08-25 13:02:51,lht65-20,52.2507,5.97306,3.003,24.75,40.6,13058
2026-08-25 13:12:51,lht65-20,52.2507,5.97306,3.005,23.88,42.8,12635
2026-08-25 13:22:51,lht65-20,52.2507,5.97306,3.005,23.53,44.3,12429
2026-08-25 13:32:51,lht65-20,52.2507,5.97306,3.005,23.17,46.3,12265
2026-08-25 13:42:51,lht65-20,52.2507,5.97306,3.005,23.21,46.5,14397
2026-08-25 13:52:51,lht65-20,52.2507,5.97306,3.005,23.46,44.5,22475
2026-08-25 14:02:51,lht65-20,52.2507,5.97306,3.005,24.7,44.4,32705
2026-08-25 14:12:51,lht65-20,52.2507,5.97306,3.003,25.6,41.7,32603
2026-08-25 14:22:51,lht65-20,52.2507,5.97306,3.005,26.02,40.1,22893
2026-08-25 14:32:51,lht65-20,52.2507,5.97306,3.005,26.11,41.6,25939
2026-08-25 14:42:51,lht65-20,52.2507,5.97306,3.005,25.82,41.6,28312
2026-08-25 14:52:51,lht65-20,52.2507,5.97306,3.005,25.71,41.8,23455
2026-08-25 15:02:51,lht65-20,52.2507,5.97306,3.005,25.41,42.6,19945
2026-08-25 15:12:52,lht65-20,52.2507,5.97306,3.007,25.17,42.4,14093
2026-08-25 15:22:51,lht65-20,52.2507,5.97306,3.007,24.56,45.8,18640
2026-08-25 15:32:51,lht65-20,52.2507,5.97306,3.007,24.85,44.9,21364
2026-08-25 15:42:51,lht65-20,52.2507,5.97306,3.007,25.12,46.9,18943
2026-08-25 15:52:51,lht65-20,52.2507,5.97306,3.005,25.5,43.2,18087
2026-08-25 16:02:51,lht65-20,52.2507,5.97306,3.005,25.09,43.8,11545
2026-08-25 16:12:51,lht65-20,52.2507,5.97306,3.007,24.61,45.0,13104
2026-08-25 16:22:51,lht65-20,52.2507,5.97306,3.009,24.39,45.9,11310
2026-08-25 16:32:51,lht65-20,52.2507,5.97306,3.007,24.34,48.1,10830
2026-08-25 16:42:51,lht65-20,52.2507,5.97306,3.007,23.91,46.7,7239
2026-08-25 16:52:51,lht65-20,52.2507,5.97306,3.005,23.61,48.7,8885
2026-08-25 17:02:51,lht65-20,52.2507,5.97306,3.005,23.45,49.4,8270
2026-08-25 17:12:51,lht65-20,52.2507,5.97306,3.007,23.2,49.9,4637
2026-08-25 17:22:51,lht65-20,52.2507,5.97306,3.007,22.69,51.9,3661
2026-08-25 17:32:51,lht65-20,52.2507,5.97306,3.007,22.43,52.0,8281
2026-08-25 17:42:51,lht65-20,52.2507,5.97306,3.007,22.99,50.6,4967
2026-08-25 17:52:51,lht65-20,52.2507,5.97306,3.007,22.97,51.2,6214
2026-08-25 18:02:51,lht65-20,52.2507,5.97306,3.005,22.99,51.1,4371
2026-08-25 18:12:51,lht65-20,52.2507,5.97306,3.007,22.61,52.4,2685
2026-08-25 18:22:51,lht65-20,52.2507,5.97306,3.007,21.93,54.7,1070
2026-08-25 18:32:51,lht65-20,52.2507,5.97306,3.005,20.78,58.2,558
2026-08-25 18:42:51,lht65-20,52.2507,5.97306,3.005,19.7,61.3,239
2026-08-25 18:52:51,lht65-20,52.2507,5.97306,3.005,18.75,67.8,68
2026-08-25 19:02:51,lht65-20,52.2507,5.97306,3.005,17.62,70.5,13
2026-08-25 19:12:51,lht65-20,52.2507,5.97306,3.001,16.84,76.4,2
2026-08-25 19:22:51,lht65-20,52.2507,5.97306,3.001,16.17,78.0,0
2026-08-25 19:32:51,lht65-20,52.2507,5.97306,3.001,15.53,79.7,0
2026-08-25 19:42:51,lht65-20,52.2507,5.97306,3.0,15.04,83.9,0
2026-08-25 19:52:51,lht65-20,52.2507,5.97306,3.0,14.78,85.9,0
2026-08-25 20:02:51,lht65-20,52.2507,5.97306,3.0,14.75,85.0,0
2026-08-25 20:12:51,lht65-20,52.2507,5.97306,2.998,14.61,85.5,0
2026-08-25 20:22:51,lht65-20,52.2507,5.97306,3.0,14.29,87.0,0
2026-08-25 20:32:51,lht65-20,52.2507,5.97306,2.998,14.07,88.5,0
2026-08-25 20:42:51,lht65-20,52.2507,5.97306,2.998,14.09,87.7,0
2026-08-25 20:52:51,lht65-20,52.2507,5.97306,2.998,14.09,87.3,0
2026-08-25 21:02:51,lht65-20,52.2507,5.97306,2.998,13.71,87.8,0
2026-08-25 21:12:51,lht65-20,52.2507,5.97306,2.998,13.4,89.9,0
2026-08-25 21:22:51,lht65-20,52.2507,5.97306,2.998,13.3,90.4,0
2026-08-25 21:32:51,lht65-20,52.2507,5.97306,2.998,13.27,90.2,0
2026-08-25 21:42:51,lht65-20,52.2507,5.97306,2.998,12.91,89.9,0
2026-08-25 21:52:51,lht65-20,52.2507,5.97306,2.998,12.58,91.3,0
2026-08-25 22:02:51,lht65-20,52.2507,5.97306,2.994,12.32,92.2,0
2026-08-25 22:12:51,lht65-20,52.2507,5.97306,2.994,12.04,92.3,0
2026-08-25 22:22:51,lht65-20,52.2507,5.97306,2.994,11.96,93.2,0
2026-08-25 22:32:51,lht65-20,52.2507,5.97306,2.994,11.85,93.6,0
2026-08-25 22:42:51,lht65-20,52.2507,5.97306,2.994,11.58,93.5,0
2026-08-25 22:52:51,lht65-20,52.2507,5.97306,2.994,11.48,93.9,0
2026-08-25 23:02:51,lht65-20,52.2507,5.97306,2.994,11.45,94.4,0
2026-08-25 23:12:51,lht65-20,52.2507,5.97306,2.991,11.38,94.6,0
2026-08-25 23:22:51,lht65-20,52.2507,5.97306,2.994,11.35,94.7,0
2026-08-25 23:32:51,lht65-20,52.2507,5.97306,2.992,11.22,94.9,0
2026-08-25 23:42:51,lht65-20,52.2507,5.97306,2.992,11.11,95.0,0
2026-08-26 00:02:51,lht65-20,52.2507,5.97306,2.992,10.7,94.9,0
2026-08-26 00:12:51,lht65-20,52.2507,5.97306,2.991,10.58,94.9,0
2026-08-26 00:22:51,lht65-20,52.2507,5.97306,2.992,10.44,95.1,0
2026-08-26 00:32:52,lht65-20,52.2507,5.97306,2.991,10.42,95.3,0
2026-08-26 00:42:51,lht65-20,52.2507,5.97306,2.989,10.12,95.5,0
2026-08-26 00:52:51,lht65-20,52.2507,5.97306,2.991,9.82,95.4,0
2026-08-26 01:02:51,lht65-20,52.2507,5.97306,2.991,9.96,95.5,0
2026-08-26 01:12:51,lht65-20,52.2507,5.97306,2.991,9.97,95.7,0
2026-08-26 01:22:51,lht65-20,52.2507,5.97306,2.991,9.89,95.9,0
2026-08-26 01:32:51,lht65-20,52.2507,5.97306,2.989,9.79,96.0,0
2026-08-26 01:42:52,lht65-20,52.2507,5.97306,2.989,9.7,96.2,0
2026-08-26 01:52:51,lht65-20,52.2507,5.97306,2.989,9.51,96.2,0
2026-08-26 02:02:52,lht65-20,52.2507,5.97306,2.989,9.42,96.3,0
2026-08-26 02:12:51,lht65-20,52.2507,5.97306,2.989,9.45,96.4,0
2026-08-26 02:22:51,lht65-20,52.2507,5.97306,2.989,9.41,96.4,0
2026-08-26 02:32:51,lht65-20,52.2507,5.97306,2.989,9.46,96.5,0
2026-08-26 02:42:51,lht65-20,52.2507,5.97306,2.989,9.27,96.6,0
2026-08-26 02:52:51,lht65-20,52.2507,5.97306,2.987,9.16,96.6,0
2026-08-26 03:02:51,lht65-20,52.2507,5.97306,2.987,9.16,96.7,0
2026-08-26 03:12:51,lht65-20,52.2507,5.97306,2.989,9.26,96.7,0
2026-08-26 03:22:51,lht65-20,52.2507,5.97306,2.987,9.27,96.8,0
2026-08-26 03:32:51,lht65-20,52.2507,5.97306,2.987,9.34,96.9,0
2026-08-26 03:42:51,lht65-20,52.2507,5.97306,2.987,9.39,96.9,0
2026-08-26 03:52:51,lht65-20,52.2507,5.97306,2.987,9.4,96.9,0
2026-08-26 04:02:51,lht65-20,52.2507,5.97306,2.987,9.39,97.0,0
2026-08-26 04:12:51,lht65-20,52.2507,5.97306,2.987,9.4,97.0,6
2026-08-26 04:22:51,lht65-20,52.2507,5.97306,2.987,9.39,97.1,34
2026-08-26 04:32:51,lht65-20,52.2507,5.97306,2.987,9.37,97.1,128
2026-08-26 04:42:51,lht65-20,52.2507,5.97306,2.987,9.38,97.1,314
2026-08-26 04:52:51,lht65-20,52.2507,5.97306,2.987,9.3,97.1,579
2026-08-26 05:02:52,lht65-20,52.2507,5.97306,2.989,9.29,97.2,894
2026-08-26 05:12:51,lht65-20,52.2507,5.97306,2.987,9.32,97.2,1336
2026-08-26 05:22:51,lht65-20,52.2507,5.97306,2.987,9.51,97.2,4063
2026-08-26 05:32:51,lht65-20,52.2507,5.97306,2.989,10.18,97.3,5630
2026-08-26 05:42:51,lht65-20,52.2507,5.97306,2.989,10.55,97.2,7103
2026-08-26 05:52:51,lht65-20,52.2507,5.97306,2.989,11.26,97.1,8535
2026-08-26 06:02:52,lht65-20,52.2507,5.97306,2.991,12.08,96.7,9987
2026-08-26 06:12:51,lht65-20,52.2507,5.97306,2.992,12.94,95.4,11306
2026-08-26 06:22:51,lht65-20,52.2507,5.97306,2.992,13.9,91.4,12833
2026-08-26 06:32:52,lht65-20,52.2507,5.97306,2.994,14.81,84.9,14232
2026-08-26 06:42:52,lht65-20,52.2507,5.97306,2.996,15.37,82.9,15714
2026-08-26 06:52:52,lht65-20,52.2507,5.97306,2.996,15.85,82.0,16770
2026-08-26 07:02:51,lht65-20,52.2507,5.97306,2.998,16.85,79.8,18176
2026-08-26 07:12:52,lht65-20,52.2507,5.97306,2.998,17.67,76.6,19416
2026-08-26 07:22:51,lht65-20,52.2507,5.97306,2.998,18.55,75.7,20198
2026-08-26 07:32:51,lht65-20,52.2507,5.97306,3.0,19.46,72.7,20985
2026-08-26 07:42:52,lht65-20,52.2507,5.97306,3.0,20.47,69.3,21908
2026-08-26 07:52:52,lht65-20,52.2507,5.97306,3.001,21.01,63.6,19815
2026-08-26 08:02:51,lht65-20,52.2507,5.97306,3.001,21.23,61.3,20830
2026-08-26 08:12:52,lht65-20,52.2507,5.97306,3.001,21.61,60.2,24526
2026-08-26 08:22:51,lht65-20,52.2507,5.97306,3.001,22.08,56.8,25668
2026-08-26 08:32:52,lht65-20,52.2507,5.97306,3.001,22.38,57.1,26469
2026-08-26 08:42:51,lht65-20,52.2507,5.97306,3.003,23.03,55.8,27230
2026-08-26 08:52:51,lht65-20,52.2507,5.97306,3.005,23.29,53.7,22143
2026-08-26 09:02:51,lht65-20,52.2507,5.97306,3.003,23.75,51.6,27752
2026-08-26 09:12:51,lht65-20,52.2507,5.97306,3.005,23.32,52.7,12959
2026-08-26 09:22:52,lht65-20,52.2507,5.97306,3.003,22.36,54.2,14850
2026-08-26 09:32:51,lht65-20,52.2507,5.97306,3.003,22.38,55.5,17325
2026-08-26 09:42:51,lht65-20,52.2507,5.97306,3.001,23.05,54.8,29850
2026-08-26 09:52:51,lht65-20,52.2507,5.97306,3.001,23.92,51.9,30831
2026-08-26 10:02:51,lht65-20,52.2507,5.97306,3.003,24.45,51.2,31455
2026-08-26 10:12:51,lht65-20,52.2507,5.97306,3.003,24.45,50.9,31112
2026-08-26 10:22:51,lht65-20,52.2507,5.97306,3.007,24.69,50.9,31900
2026-08-26 10:32:52,lht65-20,52.2507,5.97306,3.005,25.06,50.1,32249
2026-08-26 10:42:51,lht65-20,52.2507,5.97306,3.005,25.17,49.9,30904
2026-08-26 10:52:51,lht65-20,52.2507,5.97306,3.007,25.09,49.7,33290
2026-08-26 11:02:51,lht65-20,52.2507,5.97306,3.005,25.22,48.4,32142
2026-08-26 11:12:51,lht65-20,52.2507,5.97306,3.005,25.48,46.6,32736
2026-08-26 11:22:51,lht65-20,52.2507,5.97306,3.005,25.97,45.7,32221
2026-08-26 11:32:51,lht65-20,52.2507,5.97306,3.007,26.15,46.2,32850
2026-08-26 11:42:51,lht65-20,52.2507,5.97306,3.007,26.03,46.0,19540
2026-08-26 11:52:51,lht65-20,52.2507,5.97306,3.007,26.09,47.6,32595
2026-08-26 12:02:51,lht65-20,52.2507,5.97306,3.009,26.45,46.2,32242
2026-08-26 12:12:51,lht65-20,52.2507,5.97306,3.009,26.52,44.9,31665
2026-08-26 12:22:51,lht65-20,52.2507,5.97306,3.009,26.52,45.7,31220
2026-08-26 12:32:51,lht65-20,52.2507,5.97306,3.009,26.39,47.0,31369
2026-08-26 12:42:51,lht65-20,52.2507,5.97306,3.007,26.61,46.6,31135
2026-08-26 12:52:52,lht65-20,52.2507,5.97306,3.009,26.52,46.4,31205
2026-08-26 13:02:51,lht65-20,52.2507,5.97306,3.009,26.96,45.7,34260
2026-08-26 13:12:52,lht65-20,52.2507,5.97306,3.009,26.3,48.5,32178
2026-08-26 13:22:51,lht65-20,52.2507,5.97306,3.009,26.4,50.8,28292
2026-08-26 13:32:51,lht65-20,52.2507,5.97306,3.009,26.11,49.3,8958
2026-08-26 13:42:51,lht65-20,52.2507,5.97306,3.009,25.67,50.5,30343
2026-08-26 13:52:51,lht65-20,52.2507,5.97306,3.009,26.63,49.7,31141
2026-08-26 14:02:51,lht65-20,52.2507,5.97306,3.009,25.34,52.2,12234
2026-08-26 14:12:51,lht65-20,52.2507,5.97306,3.009,25.84,50.9,10279
2026-08-26 14:22:51,lht65-20,52.2507,5.97306,3.009,24.91,52.1,11545
2026-08-26 14:32:51,lht65-20,52.2507,5.97306,3.009,25.24,54.4,15844
2026-08-26 14:42:51,lht65-20,52.2507,5.97306,3.009,26.4,49.2,31653
2026-08-26 14:52:51,lht65-20,52.2507,5.97306,3.009,26.93,48.9,27498
2026-08-26 15:02:51,lht65-20,52.2507,5.97306,3.01,26.27,51.9,17235
2026-08-26 15:12:51,lht65-20,52.2507,5.97306,3.009,25.11,53.8,8596
2026-08-26 15:22:52,lht65-20,52.2507,5.97306,3.009,24.42,55.6,18348
2026-08-26 15:32:51,lht65-20,52.2507,5.97306,3.009,24.39,55.8,11048
2026-08-26 15:42:51,lht65-20,52.2507,5.97306,3.009,24.31,55.5,15082
2026-08-26 15:52:51,lht65-20,52.2507,5.97306,3.009,24.42,58.3,12345
2026-08-26 16:02:51,lht65-20,52.2507,5.97306,3.009,24.09,57.7,10245
2026-08-26 16:12:51,lht65-20,52.2507,5.97306,3.009,24.39,56.4,18525
2026-08-26 16:22:51,lht65-20,52.2507,5.97306,3.009,24.76,55.3,15700
2026-08-26 16:32:51,lht65-20,52.2507,5.97306,3.009,24.57,55.9,15330
2026-08-26 16:42:51,lht65-20,52.2507,5.97306,3.009,24.45,56.5,13892
2026-08-26 16:52:51,lht65-20,52.2507,5.97306,3.009,24.19,56.7,13178
2026-08-26 17:02:51,lht65-20,52.2507,5.97306,3.009,24.1,57.1,12234
2026-08-26 17:12:51,lht65-20,52.2507,5.97306,3.009,23.87,57.7,10462
2026-08-26 17:22:51,lht65-20,52.2507,5.97306,3.009,23.61,57.7,8665
2026-08-26 17:32:51,lht65-20,52.2507,5.97306,3.009,23.23,59.0,7010
2026-08-26 17:42:51,lht65-20,52.2507,5.97306,3.009,22.93,60.1,5008
2026-08-26 17:52:51,lht65-20,52.2507,5.97306,3.009,22.42,61.5,3305
2026-08-26 18:02:51,lht65-20,52.2507,5.97306,3.009,21.89,63.7,2498
2026-08-26 18:12:51,lht65-20,52.2507,5.97306,3.009,21.44,65.2,1221
2026-08-26 18:22:51,lht65-20,52.2507,5.97306,3.007,20.88,67.1,663
2026-08-26 18:32:51,lht65-20,52.2507,5.97306,3.009,20.33,69.1,318
2026-08-26 18:42:51,lht65-20,52.2507,5.97306,3.007,19.94,70.8,130
2026-08-26 18:52:51,lht65-20,52.2507,5.97306,3.007,19.48,72.4,41
2026-08-26 19:02:51,lht65-20,52.2507,5.97306,3.007,19.07,74.2,8
2026-08-26 19:12:51,lht65-20,52.2507,5.97306,3.007,18.73,75.7,0
2026-08-26 19:22:51,lht65-20,52.2507,5.97306,3.007,18.47,77.0,0
2026-08-26 19:32:51,lht65-20,52.2507,5.97306,3.005,18.12,78.0,0
2026-08-26 19:42:51,lht65-20,52.2507,5.97306,3.005,17.68,79.8,0
2026-08-26 19:52:51,lht65-20,52.2507,5.97306,3.005,17.37,80.4,0
2026-08-26 20:02:51,lht65-20,52.2507,5.97306,3.005,16.98,82.5,0
2026-08-26 20:12:51,lht65-20,52.2507,5.97306,3.005,16.76,83.5,0
2026-08-26 20:22:51,lht65-20,52.2507,5.97306,3.003,16.57,84.7,0
2026-08-26 20:42:51,lht65-20,52.2507,5.97306,3.003,16.12,86.4,0
2026-08-26 20:52:51,lht65-20,52.2507,5.97306,3.003,16.12,86.5,0
2026-08-26 21:02:51,lht65-20,52.2507,5.97306,3.003,16.1,86.7,0
2026-08-26 21:12:51,lht65-20,52.2507,5.97306,3.001,16.1,87.2,0
2026-08-26 21:22:51,lht65-20,52.2507,5.97306,3.001,15.7,87.4,0
2026-08-26 21:32:51,lht65-20,52.2507,5.97306,3.001,15.37,89.4,0
2026-08-26 21:42:51,lht65-20,52.2507,5.97306,3.001,15.13,89.1,0
2026-08-26 21:52:51,lht65-20,52.2507,5.97306,3.001,14.81,90.8,0
2026-08-26 22:02:51,lht65-20,52.2507,5.97306,3.001,14.6,91.5,0
2026-08-26 22:12:51,lht65-20,52.2507,5.97306,3.0,14.44,92.2,0
2026-08-26 22:22:51,lht65-20,52.2507,5.97306,3.0,14.29,92.9,0
2026-08-26 22:32:51,lht65-20,52.2507,5.97306,3.001,14.07,93.3,0
2026-08-26 22:42:51,lht65-20,52.2507,5.97306,3.0,13.78,93.3,0
2026-08-26 22:52:51,lht65-20,52.2507,5.97306,3.0,13.62,93.6,0
2026-08-26 23:02:51,lht65-20,52.2507,5.97306,2.998,13.39,93.7,0
2026-08-26 23:12:51,lht65-20,52.2507,5.97306,2.998,13.43,94.2,0
2026-08-26 23:22:51,lht65-20,52.2507,5.97306,3.0,13.27,94.5,0
2026-08-26 23:32:51,lht65-20,52.2507,5.97306,2.998,13.06,94.6,0
2026-08-26 23:42:51,lht65-20,52.2507,5.97306,2.998,13.13,94.8,0
2026-08-26 23:52:51,lht65-20,52.2507,5.97306,2.998,13.09,95.0,0
2026-08-27 00:02:51,lht65-20,52.2507,5.97306,2.998,13.03,95.2,0
2026-08-27 00:12:51,lht65-20,52.2507,5.97306,2.998,12.57,95.2,0
2026-08-27 00:22:51,lht65-20,52.2507,5.97306,2.998,12.39,95.1,0
2026-08-27 00:32:51,lht65-20,52.2507,5.97306,2.998,12.38,95.2,0
2026-08-27 00:42:51,lht65-20,52.2507,5.97306,2.998,12.23,95.4,0
2026-08-27 00:52:51,lht65-20,52.2507,5.97306,2.998,12.68,95.6,0
2026-08-27 01:02:51,lht65-20,52.2507,5.97306,2.998,12.72,95.7,0
2026-08-27 01:12:51,lht65-20,52.2507,5.97306,2.998,12.58,95.9,0
2026-08-27 01:22:51,lht65-20,52.2507,5.97306,2.998,12.48,96.0,0
2026-08-27 01:32:51,lht65-20,52.2507,5.97306,2.998,12.44,96.1,0
2026-08-27 01:42:51,lht65-20,52.2507,5.97306,2.994,12.56,96.1,0
2026-08-27 01:52:52,lht65-20,52.2507,5.97306,2.998,12.65,96.2,0
2026-08-27 02:02:52,lht65-20,52.2507,5.97306,2.998,12.29,96.3,0
2026-08-27 02:12:51,lht65-20,52.2507,5.97306,2.998,12.43,96.3,0
2026-08-27 02:22:51,lht65-20,52.2507,5.97306,2.998,12.38,96.4,0
2026-08-27 02:32:51,lht65-20,52.2507,5.97306,2.996,12.23,96.4,0
2026-08-27 02:42:51,lht65-20,52.2507,5.97306,2.998,12.13,96.5,0
2026-08-27 02:52:51,lht65-20,52.2507,5.97306,2.998,12.21,96.5,0
2026-08-27 03:02:52,lht65-20,52.2507,5.97306,2.996,11.9,96.6,0
2026-08-27 03:12:51,lht65-20,52.2507,5.97306,2.998,12.0,96.6,0
2026-08-27 03:22:51,lht65-20,52.2507,5.97306,2.994,11.82,96.6,0
2026-08-27 03:32:51,lht65-20,52.2507,5.97306,2.994,11.45,96.6,0
2026-08-27 03:42:51,lht65-20,52.2507,5.97306,2.994,11.19,96.7,0
2026-08-27 03:52:52,lht65-20,52.2507,5.97306,2.994,11.38,96.6,0
2026-08-27 04:02:52,lht65-20,52.2507,5.97306,2.994,11.11,96.7,0
2026-08-27 15:22:51,lht65-20,52.2507,5.97306,3.016,30.74,44.4,11358
2026-08-27 15:32:51,lht65-20,52.2507,5.97306,3.016,30.42,45.5,12870
2026-08-27 15:42:51,lht65-20,52.2507,5.97306,3.016,30.13,45.7,13114
2026-08-27 15:52:51,lht65-20,52.2507,5.97306,3.016,29.93,46.2,10229
2026-08-27 16:02:51,lht65-20,52.2507,5.97306,3.016,29.82,46.3,11200
2026-08-27 16:12:51,lht65-20,52.2507,5.97306,3.014,29.65,48.1,7380
2026-08-27 16:22:51,lht65-20,52.2507,5.97306,3.016,29.48,47.7,6640
2026-08-27 16:32:51,lht65-20,52.2507,5.97306,3.016,29.33,51.1,5349
2026-08-27 16:42:51,lht65-20,52.2507,5.97306,3.014,28.93,50.7,4806
2026-08-27 16:52:51,lht65-20,52.2507,5.97306,3.016,28.6,51.6,4263
2026-08-27 17:02:51,lht65-20,52.2507,5.97306,3.016,28.33,52.0,3825
2026-08-27 17:12:51,lht65-20,52.2507,5.97306,3.016,28.13,54.7,3510
2026-08-27 17:22:51,lht65-20,52.2507,5.97306,3.016,27.85,55.2,3415
2026-08-27 17:32:51,lht65-20,52.2507,5.97306,3.016,27.86,54.7,3935
2026-08-27 17:42:51,lht65-20,52.2507,5.97306,3.016,28.27,55.3,5855
2026-08-27 17:52:51,lht65-20,52.2507,5.97306,3.016,28.7,57.2,5177
2026-08-27 18:02:51,lht65-20,52.2507,5.97306,3.016,28.74,57.4,2845
2026-08-27 18:12:51,lht65-20,52.2507,5.97306,3.016,28.19,57.2,1881
2026-08-27 18:22:51,lht65-20,52.2507,5.97306,3.016,27.56,58.7,813
2026-08-27 18:32:51,lht65-20,52.2507,5.97306,3.016,26.49,61.3,240
2026-08-27 18:42:51,lht65-20,52.2507,5.97306,3.016,25.41,65.6,51
2026-08-27 18:52:51,lht65-20,52.2507,5.97306,3.016,24.49,71.6,10
2026-08-27 19:02:51,lht65-20,52.2507,5.97306,3.016,23.73,73.5,1
2026-08-27 19:12:51,lht65-20,52.2507,5.97306,3.016,23.5,75.1,0
2026-08-27 19:22:51,lht65-20,52.2507,5.97306,3.016,23.21,77.0,0
2026-08-27 19:32:51,lht65-20,52.2507,5.97306,3.016,22.85,79.2,0
2026-08-27 19:42:51,lht65-20,52.2507,5.97306,3.016,22.49,81.0,0
2026-08-27 19:52:51,lht65-20,52.2507,5.97306,3.014,22.17,82.2,0
2026-08-27 20:02:51,lht65-20,52.2507,5.97306,3.014,21.93,83.3,0
2026-08-27 20:12:51,lht65-20,52.2507,5.97306,3.014,21.73,84.8,0
2026-08-27 20:22:51,lht65-20,52.2507,5.97306,3.014,21.61,85.6,0
2026-08-27 20:32:51,lht65-20,52.2507,5.97306,3.014,21.59,85.8,0
2026-08-27 20:42:51,lht65-20,52.2507,5.97306,3.014,21.53,87.7,0
2026-08-27 20:52:51,lht65-20,52.2507,5.97306,3.014,21.32,88.1,0
2026-08-27 21:02:51,lht65-20,52.2507,5.97306,3.012,21.37,89.0,0
2026-08-27 21:32:51,lht65-20,52.2507,5.97306,3.012,20.79,92.4,0
2026-08-27 21:42:51,lht65-20,52.2507,5.97306,3.012,20.71,93.1,0
2026-08-27 21:52:51,lht65-20,52.2507,5.97306,3.012,20.48,93.1,0
2026-08-27 22:02:51,lht65-20,52.2507,5.97306,3.014,20.24,92.8,0
2026-08-27 22:12:51,lht65-20,52.2507,5.97306,3.012,20.04,92.2,0
2026-08-27 22:22:51,lht65-20,52.2507,5.97306,3.012,19.89,92.1,0
2026-08-27 22:32:51,lht65-20,52.2507,5.97306,3.012,19.78,92.6,0
2026-08-27 22:42:51,lht65-20,52.2507,5.97306,3.012,19.73,93.4,0
2026-08-27 22:52:51,lht65-20,52.2507,5.97306,3.012,19.64,93.7,0
2026-08-27 23:02:51,lht65-20,52.2507,5.97306,3.012,19.47,94.0,0
2026-08-27 23:12:51,lht65-20,52.2507,5.97306,3.012,19.46,94.3,0
2026-08-27 23:22:51,lht65-20,52.2507,5.97306,3.012,19.36,94.5,0
2026-08-27 23:32:51,lht65-20,52.2507,5.97306,3.012,19.23,94.7,0
2026-08-27 23:42:51,lht65-20,52.2507,5.97306,3.012,19.13,94.8,0
2026-08-27 23:52:51,lht65-20,52.2507,5.97306,3.012,19.17,95.0,0
2026-08-28 00:02:51,lht65-20,52.2507,5.97306,3.012,19.24,95.1,0
2026-08-28 00:12:51,lht65-20,52.2507,5.97306,3.012,19.38,95.3,0
2026-08-28 00:22:51,lht65-20,52.2507,5.97306,3.012,19.36,95.4,0
2026-08-28 00:32:51,lht65-20,52.2507,5.97306,3.012,19.31,95.6,0
2026-08-28 00:42:51,lht65-20,52.2507,5.97306,3.012,19.27,95.6,0
2026-08-28 00:52:51,lht65-20,52.2507,5.97306,3.012,19.23,95.7,0
2026-08-28 01:02:51,lht65-20,52.2507,5.97306,3.012,19.2,95.7,0
2026-08-28 01:12:51,lht65-20,52.2507,5.97306,3.012,19.14,95.8,0
2026-08-28 01:22:51,lht65-20,52.2507,5.97306,3.012,19.09,95.8,0
2026-08-28 01:32:51,lht65-20,52.2507,5.97306,3.012,19.03,95.8,0
2026-08-28 01:42:51,lht65-20,52.2507,5.97306,3.012,18.72,95.9,0
2026-08-28 01:52:51,lht65-20,52.2507,5.97306,3.012,18.64,95.9,0
2026-08-28 02:02:51,lht65-20,52.2507,5.97306,3.012,18.47,95.9,0
2026-08-28 02:12:51,lht65-20,52.2507,5.97306,3.009,18.22,95.9,0
2026-08-28 02:22:51,lht65-20,52.2507,5.97306,3.01,18.28,95.9,0
2026-08-28 02:32:51,lht65-20,52.2507,5.97306,3.01,18.54,95.9,0
2026-08-28 02:42:51,lht65-20,52.2507,5.97306,3.009,18.68,96.0,0
2026-08-28 02:52:51,lht65-20,52.2507,5.97306,3.012,18.68,96.0,0
2026-08-28 03:02:51,lht65-20,52.2507,5.97306,3.009,18.73,95.9,0
2026-08-28 03:12:51,lht65-20,52.2507,5.97306,3.012,18.77,95.7,0
2026-08-28 03:22:51,lht65-20,52.2507,5.97306,3.01,18.77,95.3,0
2026-08-28 03:32:51,lht65-20,52.2507,5.97306,3.009,18.71,94.9,0
2026-08-28 03:42:51,lht65-20,52.2507,5.97306,3.01,18.68,94.8,0
2026-08-28 03:52:51,lht65-20,52.2507,5.97306,3.009,18.59,94.8,0
2026-08-28 04:02:51,lht65-20,52.2507,5.97306,3.009,18.5,94.9,0
2026-08-28 04:12:51,lht65-20,52.2507,5.97306,3.012,18.57,95.0,0
2026-08-28 04:22:51,lht65-20,52.2507,5.97306,3.009,18.64,95.1,3
2026-08-28 04:32:51,lht65-20,52.2507,5.97306,3.009,18.74,95.3,13
2026-08-28 04:42:51,lht65-20,52.2507,5.97306,3.012,18.81,95.4,67
2026-08-28 04:52:51,lht65-20,52.2507,5.97306,3.01,18.83,95.4,135
2026-08-28 05:02:51,lht65-20,52.2507,5.97306,3.01,18.88,95.4,160
2026-08-28 05:12:51,lht65-20,52.2507,5.97306,3.01,18.93,95.4,265
2026-08-28 05:22:51,lht65-20,52.2507,5.97306,3.012,18.96,95.3,555
2026-08-28 05:32:51,lht65-20,52.2507,5.97306,3.009,18.96,95.2,850
2026-08-28 05:42:51,lht65-20,52.2507,5.97306,3.01,18.96,95.1,978
2026-08-28 05:52:51,lht65-20,52.2507,5.97306,3.009,18.95,95.0,951
2026-08-28 06:02:51,lht65-20,52.2507,5.97306,3.009,18.98,95.0,732
2026-08-28 06:12:51,lht65-20,52.2507,5.97306,3.009,19.05,95.1,1466
2026-08-28 06:22:51,lht65-20,52.2507,5.97306,3.012,19.17,95.0,3044
2026-08-28 06:32:51,lht65-20,52.2507,5.97306,3.012,19.3,94.8,3000
2026-08-28 06:42:51,lht65-20,52.2507,5.97306,3.01,19.34,94.5,3658
2026-08-28 06:52:51,lht65-20,52.2507,5.97306,3.012,19.4,94.3,4053
2026-08-28 07:02:51,lht65-20,52.2507,5.97306,3.009,19.46,94.1,3742
2026-08-28 07:12:51,lht65-20,52.2507,5.97306,3.009,19.47,94.0,4393
2026-08-28 07:22:51,lht65-20,52.2507,5.97306,3.012,19.6,93.7,5685
2026-08-28 07:32:51,lht65-20,52.2507,5.97306,3.009,19.69,93.3,5545
2026-08-28 07:42:51,lht65-20,52.2507,5.97306,3.009,19.72,92.9,4630
2026-08-28 07:52:51,lht65-20,52.2507,5.97306,3.01,19.77,92.5,7280
2026-08-28 08:02:51,lht65-20,52.2507,5.97306,3.012,20.03,91.7,9720
2026-08-28 08:12:51,lht65-20,52.2507,5.97306,3.012,20.34,91.5,10631
2026-08-28 08:22:51,lht65-20,52.2507,5.97306,3.012,20.46,89.7,13385
2026-08-28 08:32:51,lht65-20,52.2507,5.97306,3.012,20.53,88.9,8377
2026-08-28 08:42:51,lht65-20,52.2507,5.97306,3.012,20.38,88.7,6144
2026-08-28 08:52:51,lht65-20,52.2507,5.97306,3.012,20.35,89.1,4978
2026-08-28 09:02:51,lht65-20,52.2507,5.97306,3.012,20.33,88.7,4786
2026-08-28 09:12:51,lht65-20,52.2507,5.97306,3.012,20.29,87.5,4077
2026-08-28 09:22:51,lht65-20,52.2507,5.97306,3.012,20.11,88.1,4479
2026-08-28 09:32:51,lht65-20,52.2507,5.97306,3.012,20.07,88.4,4937
2026-08-28 09:42:51,lht65-20,52.2507,5.97306,3.012,20.09,88.7,4590
2026-08-28 09:52:51,lht65-20,52.2507,5.97306,3.012,19.96,88.6,3508
2026-08-28 10:02:51,lht65-20,52.2507,5.97306,3.012,19.76,89.4,3872
2026-08-28 10:12:51,lht65-20,52.2507,5.97306,3.012,19.64,89.3,3519
2026-08-28 10:22:51,lht65-20,52.2507,5.97306,3.012,19.47,90.1,3278
2026-08-28 10:32:51,lht65-20,52.2507,5.97306,3.009,19.4,90.1,2760
2026-08-28 10:42:51,lht65-20,52.2507,5.97306,3.01,19.39,90.5,4538
2026-08-28 10:52:51,lht65-20,52.2507,5.97306,3.012,19.46,90.4,4861
2026-08-28 11:02:51,lht65-20,52.2507,5.97306,3.01,19.55,90.4,6751
2026-08-28 11:12:51,lht65-20,52.2507,5.97306,3.012,19.58,90.3,4503
2026-08-28 11:22:51,lht65-20,52.2507,5.97306,3.009,19.61,90.4,6814
2026-08-28 11:32:51,lht65-20,52.2507,5.97306,3.012,19.84,90.2,6626
2026-08-28 11:42:51,lht65-20,52.2507,5.97306,3.009,19.95,89.4,4774
2026-08-28 11:52:51,lht65-20,52.2507,5.97306,3.012,19.9,89.3,3235
2026-08-28 12:02:51,lht65-20,52.2507,5.97306,3.01,19.77,89.5,5322
2026-08-28 12:12:51,lht65-20,52.2507,5.97306,3.01,19.82,89.8,7621
2026-08-28 12:22:51,lht65-20,52.2507,5.97306,3.012,19.87,89.8,6304
2026-08-28 12:32:51,lht65-20,52.2507,5.97306,3.01,20.01,89.5,9430
2026-08-28 12:42:51,lht65-20,52.2507,5.97306,3.01,20.7,89.0,17707
2026-08-28 12:52:51,lht65-20,52.2507,5.97306,3.012,20.95,88.5,10425
2026-08-28 13:02:51,lht65-20,52.2507,5.97306,3.012,20.47,87.3,3798
2026-08-28 13:12:51,lht65-20,52.2507,5.97306,3.012,19.95,87.2,1827
2026-08-28 13:22:51,lht65-20,52.2507,5.97306,3.01,19.62,88.6,858
2026-08-28 13:32:51,lht65-20,52.2507,5.97306,3.012,19.27,90.2,422
2026-08-28 13:42:51,lht65-20,52.2507,5.97306,3.01,18.56,92.6,793
2026-08-28 13:52:51,lht65-20,52.2507,5.97306,3.009,18.09,94.0,1727
2026-08-28 14:02:51,lht65-20,52.2507,5.97306,3.009,17.55,90.8,2860
2026-08-28 14:12:51,lht65-20,52.2507,5.97306,3.009,17.17,90.6,3537
2026-08-28 14:22:51,lht65-20,52.2507,5.97306,3.009,16.85,89.6,5663
2026-08-28 14:32:51,lht65-20,52.2507,5.97306,3.009,16.85,90.9,7577
2026-08-28 14:42:51,lht65-20,52.2507,5.97306,3.009,16.73,91.1,5999
2026-08-28 14:52:51,lht65-20,52.2507,5.97306,3.007,16.74,91.9,5355
2026-08-28 15:02:51,lht65-20,52.2507,5.97306,3.009,16.72,91.8,4229
2026-08-28 15:12:51,lht65-20,52.2507,5.97306,3.007,16.64,91.7,3340
2026-08-28 15:22:51,lht65-20,52.2507,5.97306,3.009,16.59,92.2,3561
2026-08-28 15:32:51,lht65-20,52.2507,5.97306,3.005,16.62,92.0,3886
2026-08-28 15:42:51,lht65-20,52.2507,5.97306,3.009,16.78,92.6,4830
2026-08-28 15:52:51,lht65-20,52.2507,5.97306,3.007,16.95,92.3,5185
2026-08-28 16:02:51,lht65-20,52.2507,5.97306,3.009,17.0,91.8,4200
2026-08-28 16:12:51,lht65-20,52.2507,5.97306,3.007,17.0,92.2,3362
2026-08-28 16:22:51,lht65-20,52.2507,5.97306,3.007,17.0,92.4,2223
2026-08-28 16:32:51,lht65-20,52.2507,5.97306,3.005,16.96,92.6,2258
2026-08-28 16:42:51,lht65-20,52.2507,5.97306,3.007,16.94,92.7,2719
2026-08-28 16:52:51,lht65-20,52.2507,5.97306,3.007,16.96,92.8,2837
2026-08-28 17:02:51,lht65-20,52.2507,5.97306,3.007,17.0,91.9,3603
2026-08-28 17:12:51,lht65-20,52.2507,5.97306,3.007,17.06,91.1,3780
2026-08-28 17:22:51,lht65-20,52.2507,5.97306,3.007,17.07,91.5,4100
2026-08-28 17:32:51,lht65-20,52.2507,5.97306,3.007,17.07,91.3,3230
2026-08-28 17:42:51,lht65-20,52.2507,5.97306,3.005,17.07,91.0,2970
2026-08-28 17:52:51,lht65-20,52.2507,5.97306,3.009,17.03,90.7,3971
2026-08-28 18:02:51,lht65-20,52.2507,5.97306,3.007,17.11,90.5,3372
2026-08-28 18:12:51,lht65-20,52.2507,5.97306,3.007,16.97,90.9,1646
2026-08-28 18:22:51,lht65-20,52.2507,5.97306,3.007,16.63,91.5,606
2026-08-28 18:32:51,lht65-20,52.2507,5.97306,3.007,16.36,92.2,220
2026-08-28 18:42:51,lht65-20,52.2507,5.97306,3.009,16.14,92.6,70
2026-08-28 18:52:51,lht65-20,52.2507,5.97306,3.005,15.96,92.9,19
2026-08-28 19:02:51,lht65-20,52.2507,5.97306,3.005,15.85,93.2,3
2026-08-28 19:12:51,lht65-20,52.2507,5.97306,3.005,15.76,93.3,0
2026-08-28 19:22:51,lht65-20,52.2507,5.97306,3.007,15.69,93.4,0
2026-08-28 19:32:51,lht65-20,52.2507,5.97306,3.005,15.6,93.6,0
2026-08-28 19:42:51,lht65-20,52.2507,5.97306,3.003,15.57,94.0,0
2026-08-28 19:52:51,lht65-20,52.2507,5.97306,3.005,15.6,94.1,0
2026-08-28 20:02:51,lht65-20,52.2507,5.97306,3.003,15.57,94.3,0
2026-08-28 20:12:51,lht65-20,52.2507,5.97306,3.005,15.58,94.4,0
2026-08-28 20:22:51,lht65-20,52.2507,5.97306,3.005,15.6,94.6,0
2026-08-28 20:32:51,lht65-20,52.2507,5.97306,3.005,15.64,94.5,0
2026-08-28 20:42:51,lht65-20,52.2507,5.97306,3.005,15.69,94.7,0
2026-08-28 20:52:51,lht65-20,52.2507,5.97306,3.007,15.79,94.6,0
2026-08-28 21:02:51,lht65-20,52.2507,5.97306,3.003,15.85,94.4,0
2026-08-28 21:12:51,lht65-20,52.2507,5.97306,3.005,15.89,94.2,0
2026-08-28 21:22:51,lht65-20,52.2507,5.97306,3.003,15.91,94.2,0
2026-08-28 21:32:51,lht65-20,52.2507,5.97306,3.005,15.87,94.1,0
2026-08-28 21:42:51,lht65-20,52.2507,5.97306,3.003,15.95,93.8,0
2026-08-28 21:52:51,lht65-20,52.2507,5.97306,3.003,16.05,93.4,0
2026-08-28 22:02:51,lht65-20,52.2507,5.97306,3.003,16.19,92.7,0
2026-08-28 22:12:51,lht65-20,52.2507,5.97306,3.005,16.29,91.8,0
2026-08-28 22:22:51,lht65-20,52.2507,5.97306,3.005,16.31,91.5,0
2026-08-28 22:32:51,lht65-20,52.2507,5.97306,3.005,16.35,90.8,0
2026-08-28 22:42:51,lht65-20,52.2507,5.97306,3.005,16.28,90.7,0
2026-08-28 22:52:51,lht65-20,52.2507,5.97306,3.005,16.27,90.6,0
2026-08-28 23:02:51,lht65-20,52.2507,5.97306,3.005,16.37,89.6,0
2026-08-28 23:12:51,lht65-20,52.2507,5.97306,3.005,16.33,89.3,0
2026-08-28 23:22:51,lht65-20,52.2507,5.97306,3.003,16.21,89.4,0
2026-08-28 23:32:51,lht65-20,52.2507,5.97306,3.005,16.15,89.3,0
2026-08-28 23:42:51,lht65-20,52.2507,5.97306,3.005,16.02,89.6,0
2026-08-28 23:52:51,lht65-20,52.2507,5.97306,3.005,15.94,89.8,0
2026-08-29 00:02:51,lht65-20,52.2507,5.97306,3.003,15.91,89.9,0
2026-08-29 00:12:51,lht65-20,52.2507,5.97306,3.003,15.87,90.0,0
2026-08-29 00:22:51,lht65-20,52.2507,5.97306,3.003,15.79,90.0,0
2026-08-29 00:32:51,lht65-20,52.2507,5.97306,3.005,15.68,90.3,0
2026-08-29 00:42:51,lht65-20,52.2507,5.97306,3.005,15.62,90.5,0
2026-08-29 00:52:51,lht65-20,52.2507,5.97306,3.003,15.53,90.8,0
2026-08-29 01:02:51,lht65-20,52.2507,5.97306,3.003,15.45,91.1,0
2026-08-29 01:12:51,lht65-20,52.2507,5.97306,3.003,15.38,91.4,0
2026-08-29 01:32:51,lht65-20,52.2507,5.97306,3.003,15.39,91.6,0
2026-08-29 01:42:51,lht65-20,52.2507,5.97306,3.003,15.39,91.7,0
2026-08-29 01:52:51,lht65-20,52.2507,5.97306,3.003,15.43,91.6,0
2026-08-29 02:02:51,lht65-20,52.2507,5.97306,3.003,15.47,91.4,0
2026-08-29 02:12:51,lht65-20,52.2507,5.97306,3.001,15.49,91.4,0
2026-08-29 02:22:51,lht65-20,52.2507,5.97306,3.003,15.52,91.5,0
2026-08-29 02:32:51,lht65-20,52.2507,5.97306,3.003,15.5,91.6,0
2026-08-29 02:42:51,lht65-20,52.2507,5.97306,3.001,15.45,91.8,0
2026-08-29 02:52:51,lht65-20,52.2507,5.97306,3.003,15.48,91.9,0
2026-08-29 03:02:51,lht65-20,52.2507,5.97306,3.001,15.51,91.7,0
2026-08-29 03:12:51,lht65-20,52.2507,5.97306,3.003,15.54,91.4,0
2026-08-29 03:22:51,lht65-20,52.2507,5.97306,3.003,15.7,90.6,0
2026-08-29 03:32:51,lht65-20,52.2507,5.97306,3.003,15.79,90.1,0
2026-08-29 03:42:51,lht65-20,52.2507,5.97306,3.003,15.9,89.7,0
2026-08-29 03:52:51,lht65-20,52.2507,5.97306,3.003,15.97,89.3,0
2026-08-29 04:02:51,lht65-20,52.2507,5.97306,3.003,16.05,89.0,0
2026-08-29 04:12:51,lht65-20,52.2507,5.97306,3.003,16.14,88.7,1
2026-08-29 04:22:51,lht65-20,52.2507,5.97306,3.003,16.11,89.0,7
2026-08-29 04:32:51,lht65-20,52.2507,5.97306,3.001,16.17,88.4,23
2026-08-29 04:42:51,lht65-20,52.2507,5.97306,3.003,16.24,88.2,66
2026-08-29 04:52:51,lht65-20,52.2507,5.97306,3.001,16.25,88.4,175
2026-08-29 05:02:51,lht65-20,52.2507,5.97306,3.001,16.19,88.6,342
2026-08-29 05:12:51,lht65-20,52.2507,5.97306,3.005,16.22,88.4,698
2026-08-29 05:22:51,lht65-20,52.2507,5.97306,3.003,16.27,87.6,964
2026-08-29 05:32:51,lht65-20,52.2507,5.97306,3.005,16.27,87.4,1245
2026-08-29 05:42:51,lht65-20,52.2507,5.97306,3.003,16.22,87.6,1677
2026-08-29 05:52:51,lht65-20,52.2507,5.97306,3.003,16.24,87.5,2628
2026-08-29 06:02:51,lht65-20,52.2507,5.97306,3.003,16.46,87.2,12379
2026-08-29 06:12:51,lht65-20,52.2507,5.97306,3.001,17.07,84.7,5450
2026-08-29 06:22:51,lht65-20,52.2507,5.97306,3.005,17.44,84.0,12974
2026-08-29 06:32:51,lht65-20,52.2507,5.97306,3.005,17.59,83.1,4561
2026-08-29 06:42:51,lht65-20,52.2507,5.97306,3.005,17.43,83.9,6131
2026-08-29 06:52:51,lht65-20,52.2507,5.97306,3.005,17.48,83.5,5329
2026-08-29 07:12:51,lht65-20,52.2507,5.97306,3.003,17.71,83.2,6853
2026-08-29 07:22:51,lht65-20,52.2507,5.97306,3.005,17.72,83.3,5735
2026-08-29 07:32:51,lht65-20,52.2507,5.97306,3.005,17.72,83.6,6346
2026-08-29 07:42:51,lht65-20,52.2507,5.97306,3.005,17.82,83.9,14980
2026-08-29 07:52:51,lht65-20,52.2507,5.97306,3.003,18.3,82.8,25739
2026-08-29 08:02:51,lht65-20,52.2507,5.97306,3.005,18.64,81.0,10952
2026-08-29 08:12:51,lht65-20,52.2507,5.97306,3.005,18.79,80.3,8290
2026-08-29 08:22:51,lht65-20,52.2507,5.97306,3.007,19.12,78.9,12043
2026-08-29 08:32:51,lht65-20,52.2507,5.97306,3.007,19.37,77.3,9980
2026-08-29 08:42:51,lht65-20,52.2507,5.97306,3.005,20.27,74.7,17089
2026-08-29 08:52:51,lht65-20,52.2507,5.97306,3.007,20.84,72.9,29820
2026-08-29 09:02:51,lht65-20,52.2507,5.97306,3.009,20.99,72.5,29590
2026-08-29 09:12:51,lht65-20,52.2507,5.97306,3.007,21.67,70.3,28938
2026-08-29 09:22:51,lht65-20,52.2507,5.97306,3.009,22.0,69.9,32606
2026-08-29 09:32:51,lht65-20,52.2507,5.97306,3.009,21.76,67.3,31574
2026-08-29 09:42:51,lht65-20,52.2507,5.97306,3.009,22.44,67.8,29805
2026-08-29 09:52:51,lht65-20,52.2507,5.97306,3.009,22.54,62.4,8166
2026-08-29 10:02:51,lht65-20,52.2507,5.97306,3.009,22.75,61.1,30775
2026-08-29 10:22:51,lht65-20,52.2507,5.97306,3.009,23.31,58.2,34144
2026-08-29 10:32:51,lht65-20,52.2507,5.97306,3.009,23.5,55.8,13333
2026-08-29 10:42:51,lht65-20,52.2507,5.97306,3.009,23.13,57.9,23305
2026-08-29 10:52:51,lht65-20,52.2507,5.97306,3.009,23.72,58.0,26735
2026-08-29 11:02:51,lht65-20,52.2507,5.97306,3.012,23.04,58.8,17675
2026-08-29 11:22:51,lht65-20,52.2507,5.97306,3.009,23.17,60.9,31088
2026-08-29 11:32:51,lht65-20,52.2507,5.97306,3.009,24.35,56.5,14447
2026-08-29 11:42:51,lht65-20,52.2507,5.97306,3.01,23.92,55.7,39020
2026-08-29 11:52:51,lht65-20,52.2507,5.97306,3.012,24.17,54.7,12433
2026-08-29 12:02:51,lht65-20,52.2507,5.97306,3.009,23.61,57.1,7895
2026-08-29 12:12:51,lht65-20,52.2507,5.97306,3.012,23.43,59.9,36116
2026-08-29 12:22:51,lht65-20,52.2507,5.97306,3.012,24.45,57.1,22572
2026-08-29 12:32:51,lht65-20,52.2507,5.97306,3.01,23.99,56.4,14443
2026-08-29 12:42:51,lht65-20,52.2507,5.97306,3.012,24.84,54.6,19748
2026-08-29 12:52:51,lht65-20,52.2507,5.97306,3.009,24.36,57.0,15059
2026-08-29 13:02:51,lht65-20,52.2507,5.97306,3.012,23.35,59.6,9091
2026-08-29 13:12:51,lht65-20,52.2507,5.97306,3.012,22.98,62.0,8852
2026-08-29 13:22:51,lht65-20,52.2507,5.97306,3.009,22.85,64.3,11811
2026-08-29 13:32:51,lht65-20,52.2507,5.97306,3.01,22.53,65.2,11466
2026-08-29 13:42:51,lht65-20,52.2507,5.97306,3.01,22.41,65.5,8901
2026-08-29 13:52:51,lht65-20,52.2507,5.97306,3.009,22.36,67.1,8695
2026-08-29 14:02:51,lht65-20,52.2507,5.97306,3.012,22.32,65.6,5442
2026-08-29 14:12:51,lht65-20,52.2507,5.97306,3.01,22.03,64.6,6703
2026-08-29 14:22:51,lht65-20,52.2507,5.97306,3.01,22.03,66.2,6561
2026-08-29 14:32:51,lht65-20,52.2507,5.97306,3.009,21.11,71.7,4257
2026-08-29 14:42:51,lht65-20,52.2507,5.97306,3.009,20.11,77.9,3766
2026-08-29 14:52:51,lht65-20,52.2507,5.97306,3.009,19.46,83.0,4071
2026-08-29 15:02:51,lht65-20,52.2507,5.97306,3.007,19.22,85.0,4856
2026-08-29 15:12:51,lht65-20,52.2507,5.97306,3.007,19.29,85.3,5520
2026-08-29 15:22:51,lht65-20,52.2507,5.97306,3.009,19.36,84.8,4570
2026-08-29 15:32:51,lht65-20,52.2507,5.97306,3.009,19.46,84.6,5905
2026-08-29 15:42:51,lht65-20,52.2507,5.97306,3.009,19.52,84.4,7883
2026-08-29 15:52:51,lht65-20,52.2507,5.97306,3.009,19.72,83.9,6675
2026-08-29 16:02:51,lht65-20,52.2507,5.97306,3.009,19.72,83.6,6918
2026-08-29 16:12:51,lht65-20,52.2507,5.97306,3.009,19.72,83.9,5340
2026-08-29 16:22:51,lht65-20,52.2507,5.97306,3.007,19.55,84.6,4227
2026-08-29 16:32:51,lht65-20,52.2507,5.97306,3.009,19.61,84.6,7186
2026-08-29 16:42:51,lht65-20,52.2507,5.97306,3.009,19.9,83.5,7307
2026-08-29 16:52:51,lht65-20,52.2507,5.97306,3.009,20.03,82.8,7451
2026-08-29 17:02:51,lht65-20,52.2507,5.97306,3.009,20.06,82.0,3825
2026-08-29 17:12:51,lht65-20,52.2507,5.97306,3.009,19.94,81.8,2030
2026-08-29 17:22:51,lht65-20,52.2507,5.97306,3.009,19.92,82.0,2331
2026-08-29 17:32:51,lht65-20,52.2507,5.97306,3.009,19.91,81.7,1789
2026-08-29 17:42:51,lht65-20,52.2507,5.97306,3.009,19.89,82.0,1700
2026-08-29 17:52:51,lht65-20,52.2507,5.97306,3.009,19.8,82.9,1120
2026-08-29 18:02:51,lht65-20,52.2507,5.97306,3.009,19.33,85.9,535
2026-08-29 18:12:51,lht65-20,52.2507,5.97306,3.007,18.75,89.2,196
2026-08-29 18:22:51,lht65-20,52.2507,5.97306,3.007,18.27,91.8,68
2026-08-29 18:32:51,lht65-20,52.2507,5.97306,3.007,18.05,93.0,32
2026-08-29 18:42:51,lht65-20,52.2507,5.97306,3.005,17.96,93.8,6
2026-08-29 18:52:51,lht65-20,52.2507,5.97306,3.007,17.94,94.0,1
2026-08-29 19:02:51,lht65-20,52.2507,5.97306,3.007,17.96,93.9,0
2026-08-29 19:12:52,lht65-20,52.2507,5.97306,3.007,17.94,94.1,0
2026-08-29 19:22:51,lht65-20,52.2507,5.97306,3.003,17.99,93.9,0
2026-08-29 19:32:51,lht65-20,52.2507,5.97306,3.007,18.04,93.8,0
2026-08-29 19:42:51,lht65-20,52.2507,5.97306,3.005,18.09,93.6,0
2026-08-29 19:52:51,lht65-20,52.2507,5.97306,3.005,18.15,93.4,0
2026-08-29 20:02:51,lht65-20,52.2507,5.97306,3.007,18.2,93.1,0
2026-08-29 20:12:51,lht65-20,52.2507,5.97306,3.007,18.25,92.9,0
2026-08-29 20:22:51,lht65-20,52.2507,5.97306,3.009,18.31,92.6,0
2026-08-29 20:32:51,lht65-20,52.2507,5.97306,3.007,18.4,92.2,0
2026-08-29 20:42:51,lht65-20,52.2507,5.97306,3.009,18.47,92.2,0
2026-08-29 20:52:51,lht65-20,52.2507,5.97306,3.005,18.41,92.5,0
2026-08-29 21:02:51,lht65-20,52.2507,5.97306,3.005,18.25,93.4,0
2026-08-29 21:12:51,lht65-20,52.2507,5.97306,3.007,18.05,94.4,0
2026-08-29 21:22:51,lht65-20,52.2507,5.97306,3.005,18.03,94.7,0
2026-08-29 21:32:51,lht65-20,52.2507,5.97306,3.007,18.11,94.7,0
2026-08-29 21:42:51,lht65-20,52.2507,5.97306,3.007,18.13,94.5,0
2026-08-29 21:52:51,lht65-20,52.2507,5.97306,3.007,18.22,93.9,0
2026-08-29 22:02:51,lht65-20,52.2507,5.97306,3.007,18.25,93.6,0
2026-08-29 22:12:51,lht65-20,52.2507,5.97306,3.005,18.3,93.3,0
2026-08-29 22:22:51,lht65-20,52.2507,5.97306,3.007,18.33,93.1,0
2026-08-29 22:32:51,lht65-20,52.2507,5.97306,3.009,18.35,92.8,0
2026-08-29 22:42:51,lht65-20,52.2507,5.97306,3.007,18.43,92.0,0
2026-08-29 22:52:51,lht65-20,52.2507,5.97306,3.009,18.5,91.3,0
2026-08-29 23:02:51,lht65-20,52.2507,5.97306,3.007,18.5,91.1,0
2026-08-29 23:12:51,lht65-20,52.2507,5.97306,3.005,18.47,91.2,0
2026-08-29 23:22:51,lht65-20,52.2507,5.97306,3.005,18.53,91.1,0
2026-08-29 23:32:51,lht65-20,52.2507,5.97306,3.007,18.47,90.8,0
2026-08-29 23:42:51,lht65-20,52.2507,5.97306,3.005,18.36,91.6,0
2026-08-29 23:52:51,lht65-20,52.2507,5.97306,3.005,18.4,90.6,0
2026-08-30 00:02:51,lht65-20,52.2507,5.97306,3.007,18.39,89.7,0
2026-08-30 00:12:51,lht65-20,52.2507,5.97306,3.005,18.4,89.7,0
2026-08-30 00:22:51,lht65-20,52.2507,5.97306,3.007,18.33,90.0,0
2026-08-30 00:32:51,lht65-20,52.2507,5.97306,3.007,18.33,89.5,0
2026-08-30 00:42:51,lht65-20,52.2507,5.97306,3.005,18.28,89.6,0
2026-08-30 00:52:51,lht65-20,52.2507,5.97306,3.005,18.12,89.7,0
2026-08-30 01:02:51,lht65-20,52.2507,5.97306,3.005,18.13,89.4,0
2026-08-30 01:12:51,lht65-20,52.2507,5.97306,3.005,17.99,89.9,0
2026-08-30 01:22:51,lht65-20,52.2507,5.97306,3.005,17.79,90.7,0
2026-08-30 01:32:51,lht65-20,52.2507,5.97306,3.005,17.83,89.8,0
2026-08-30 01:42:51,lht65-20,52.2507,5.97306,3.005,17.99,88.6,0
2026-08-30 01:52:51,lht65-20,52.2507,5.97306,3.005,18.04,88.4,0
2026-08-30 02:02:51,lht65-20,52.2507,5.97306,3.005,17.82,89.4,0
2026-08-30 02:12:51,lht65-20,52.2507,5.97306,3.005,17.92,88.6,0
2026-08-30 02:22:51,lht65-20,52.2507,5.97306,3.005,18.18,86.8,0
2026-08-30 02:32:51,lht65-20,52.2507,5.97306,3.005,18.27,85.9,0
2026-08-30 02:42:51,lht65-20,52.2507,5.97306,3.005,18.29,85.6,0
2026-08-30 02:52:51,lht65-20,52.2507,5.97306,3.005,18.36,85.2,0
2026-08-30 03:02:51,lht65-20,52.2507,5.97306,3.005,18.41,84.5,0
2026-08-30 03:12:51,lht65-20,52.2507,5.97306,3.005,18.42,84.9,0
2026-08-30 03:22:51,lht65-20,52.2507,5.97306,3.005,18.39,85.1,0
2026-08-30 03:32:51,lht65-20,52.2507,5.97306,3.007,18.34,85.7,0
2026-08-30 03:42:51,lht65-20,52.2507,5.97306,3.005,18.27,86.1,0
2026-08-30 03:52:51,lht65-20,52.2507,5.97306,3.005,18.21,86.5,0
2026-08-30 04:02:51,lht65-20,52.2507,5.97306,3.007,18.11,87.3,0
2026-08-30 04:12:51,lht65-20,52.2507,5.97306,3.003,17.98,88.0,0
2026-08-30 04:22:51,lht65-20,52.2507,5.97306,3.005,17.83,88.9,4
2026-08-30 04:32:51,lht65-20,52.2507,5.97306,3.005,17.67,89.9,21
2026-08-30 04:42:51,lht65-20,52.2507,5.97306,3.005,17.55,90.5,40
2026-08-30 04:52:51,lht65-20,52.2507,5.97306,3.007,17.42,91.1,77
2026-08-30 05:02:51,lht65-20,52.2507,5.97306,3.005,17.35,91.4,166
2026-08-30 05:12:51,lht65-20,52.2507,5.97306,3.003,17.31,91.6,195
2026-08-30 05:22:51,lht65-20,52.2507,5.97306,3.005,17.28,91.7,332
2026-08-30 05:32:51,lht65-20,52.2507,5.97306,3.003,17.28,91.8,518
2026-08-30 05:42:51,lht65-20,52.2507,5.97306,3.005,17.31,91.7,823
2026-08-30 05:52:51,lht65-20,52.2507,5.97306,3.005,17.38,91.4,1002
2026-08-30 06:02:51,lht65-20,52.2507,5.97306,3.005,17.42,91.2,1500
2026-08-30 06:12:51,lht65-20,52.2507,5.97306,3.003,17.44,91.2,2647
2026-08-30 06:22:51,lht65-20,52.2507,5.97306,3.003,17.5,90.9,1944
2026-08-30 06:32:51,lht65-20,52.2507,5.97306,3.003,17.46,91.3,1635
2026-08-30 06:42:51,lht65-20,52.2507,5.97306,3.005,17.28,92.4,2184
2026-08-30 06:52:51,lht65-20,52.2507,5.97306,3.005,17.24,93.0,2339
2026-08-30 07:02:51,lht65-20,52.2507,5.97306,3.003,17.33,92.7,3333
2026-08-30 07:12:51,lht65-20,52.2507,5.97306,3.003,17.39,92.2,2960
2026-08-30 07:22:51,lht65-20,52.2507,5.97306,3.005,17.42,92.4,3146
2026-08-30 07:32:51,lht65-20,52.2507,5.97306,3.005,17.62,93.2,6465
2026-08-30 07:42:51,lht65-20,52.2507,5.97306,3.005,17.9,91.9,8507
2026-08-30 07:52:51,lht65-20,52.2507,5.97306,3.003,17.96,91.1,10647
2026-08-30 08:02:51,lht65-20,52.2507,5.97306,3.003,18.03,92.2,12400
2026-08-30 08:12:51,lht65-20,52.2507,5.97306,3.005,17.97,91.8,8896
2026-08-30 08:22:51,lht65-20,52.2507,5.97306,3.005,17.84,92.7,7629
2026-08-30 08:32:51,lht65-20,52.2507,5.97306,3.005,17.77,93.4,6072
2026-08-30 08:42:51,lht65-20,52.2507,5.97306,3.001,18.0,93.4,12911
2026-08-30 08:52:51,lht65-20,52.2507,5.97306,3.005,18.12,93.3,10646
2026-08-30 09:02:51,lht65-20,52.2507,5.97306,3.005,18.01,93.3,11152
2026-08-30 09:12:51,lht65-20,52.2507,5.97306,3.005,18.73,92.4,22128
2026-08-30 09:22:51,lht65-20,52.2507,5.97306,3.005,19.4,88.9,23765
2026-08-30 09:32:51,lht65-20,52.2507,5.97306,3.005,19.47,88.0,10955
2026-08-30 09:42:51,lht65-20,52.2507,5.97306,3.005,19.47,87.3,12457
2026-08-30 09:52:51,lht65-20,52.2507,5.97306,3.007,19.65,86.9,20202
2026-08-30 10:02:51,lht65-20,52.2507,5.97306,3.007,19.75,88.6,15503
2026-08-30 10:12:51,lht65-20,52.2507,5.97306,3.005,19.0,90.7,12761
2026-08-30 10:22:51,lht65-20,52.2507,5.97306,3.005,19.17,90.7,17493
2026-08-30 10:32:51,lht65-20,52.2507,5.97306,3.005,19.06,90.8,14934
2026-08-30 10:42:51,lht65-20,52.2507,5.97306,3.005,19.35,91.2,11682
2026-08-30 10:52:51,lht65-20,52.2507,5.97306,3.005,19.3,90.3,13164
2026-08-30 11:02:51,lht65-20,52.2507,5.97306,3.005,19.17,90.5,14622
2026-08-30 11:12:51,lht65-20,52.2507,5.97306,3.005,19.27,91.1,12063
2026-08-30 11:22:51,lht65-20,52.2507,5.97306,3.005,19.47,89.3,13269
2026-08-30 11:32:51,lht65-20,52.2507,5.97306,3.005,19.61,86.7,9905
2026-08-30 11:42:51,lht65-20,52.2507,5.97306,3.005,19.33,88.2,11323
2026-08-30 11:52:51,lht65-20,52.2507,5.97306,3.005,18.9,89.7,6275
2026-08-30 12:02:51,lht65-20,52.2507,5.97306,3.005,18.46,90.3,7988
2026-08-30 12:12:51,lht65-20,52.2507,5.97306,3.005,18.45,91.0,10662
2026-08-30 12:22:51,lht65-20,52.2507,5.97306,3.005,18.76,91.7,24280
2026-08-30 12:32:51,lht65-20,52.2507,5.97306,3.007,19.23,91.7,22105
2026-08-30 12:42:51,lht65-20,52.2507,5.97306,3.005,19.42,91.3,12256
2026-08-30 12:52:51,lht65-20,52.2507,5.97306,3.005,18.8,91.5,6260
2026-08-30 13:02:51,lht65-20,52.2507,5.97306,3.005,18.35,93.0,6516
2026-08-30 13:12:51,lht65-20,52.2507,5.97306,3.005,18.58,93.7,12643
2026-08-30 13:22:51,lht65-20,52.2507,5.97306,3.007,19.08,93.3,19425
2026-08-30 13:32:51,lht65-20,52.2507,5.97306,3.007,20.33,90.5,28273
2026-08-30 13:42:51,lht65-20,52.2507,5.97306,3.007,20.21,87.6,13681
2026-08-30 13:52:51,lht65-20,52.2507,5.97306,3.005,20.23,89.6,31978
2026-08-30 14:02:51,lht65-20,52.2507,5.97306,3.007,21.53,83.8,28331
2026-08-30 14:12:51,lht65-20,52.2507,5.97306,3.007,21.64,79.8,19999
2026-08-30 14:22:51,lht65-20,52.2507,5.97306,3.005,21.13,81.4,15448
2026-08-30 14:32:51,lht65-20,52.2507,5.97306,3.009,21.32,80.9,15941
2026-08-30 14:42:51,lht65-20,52.2507,5.97306,3.007,21.43,80.9,20737
2026-08-30 14:52:51,lht65-20,52.2507,5.97306,3.007,21.62,79.2,14078
2026-08-30 15:02:51,lht65-20,52.2507,5.97306,3.009,21.4,80.1,14514
2026-08-30 15:12:51,lht65-20,52.2507,5.97306,3.007,21.61,77.0,11398
2026-08-30 15:22:51,lht65-20,52.2507,5.97306,3.009,21.37,76.9,12620
2026-08-30 15:32:51,lht65-20,52.2507,5.97306,3.009,21.37,76.9,15141
2026-08-30 15:42:51,lht65-20,52.2507,5.97306,3.007,21.46,76.8,12067
2026-08-30 15:52:51,lht65-20,52.2507,5.97306,3.007,21.74,76.9,11419
2026-08-30 16:02:51,lht65-20,52.2507,5.97306,3.009,21.74,74.3,8382
2026-08-30 16:12:51,lht65-20,52.2507,5.97306,3.007,21.47,76.2,6730
2026-08-30 16:22:51,lht65-20,52.2507,5.97306,3.009,21.31,77.4,4183
2026-08-30 16:32:51,lht65-20,52.2507,5.97306,3.007,21.11,76.6,4592
2026-08-30 16:42:51,lht65-20,52.2507,5.97306,3.009,21.02,77.1,4423
2026-08-30 16:52:51,lht65-20,52.2507,5.97306,3.007,20.93,74.8,2992
2026-08-30 17:02:51,lht65-20,52.2507,5.97306,3.009,20.79,75.6,3404
2026-08-30 17:12:51,lht65-20,52.2507,5.97306,3.007,20.68,73.5,2974
2026-08-30 17:22:51,lht65-20,52.2507,5.97306,3.007,20.54,73.4,2184
2026-08-30 17:32:51,lht65-20,52.2507,5.97306,3.007,20.31,74.3,1474
2026-08-30 17:42:51,lht65-20,52.2507,5.97306,3.007,20.2,75.7,1210
2026-08-30 17:52:51,lht65-20,52.2507,5.97306,3.007,20.02,76.4,629
2026-08-30 18:02:51,lht65-20,52.2507,5.97306,3.007,19.82,77.4,442
2026-08-30 18:12:51,lht65-20,52.2507,5.97306,3.007,19.6,78.5,260
2026-08-30 18:22:51,lht65-20,52.2507,5.97306,3.007,19.46,79.5,122
2026-08-30 18:32:51,lht65-20,52.2507,5.97306,3.005,19.08,80.5,57
2026-08-30 18:42:51,lht65-20,52.2507,5.97306,3.005,18.69,81.8,16
2026-08-30 18:52:51,lht65-20,52.2507,5.97306,3.007,18.24,83.9,2
2026-08-30 19:02:51,lht65-20,52.2507,5.97306,3.005,17.86,86.9,0
2026-08-30 19:12:51,lht65-20,52.2507,5.97306,3.005,17.62,89.5,0
2026-08-30 19:22:51,lht65-20,52.2507,5.97306,3.005,17.23,89.4,0
2026-08-30 19:32:51,lht65-20,52.2507,5.97306,3.003,17.09,92.3,0
2026-08-30 19:42:51,lht65-20,52.2507,5.97306,3.003,17.02,92.2,0
2026-08-30 19:52:51,lht65-20,52.2507,5.97306,3.005,17.2,89.6,0
2026-08-30 20:02:51,lht65-20,52.2507,5.97306,3.001,17.28,89.0,0
2026-08-30 20:12:51,lht65-20,52.2507,5.97306,3.003,17.27,89.2,0
2026-08-30 20:22:51,lht65-20,52.2507,5.97306,3.001,17.14,88.8,0
2026-08-30 20:32:51,lht65-20,52.2507,5.97306,3.003,16.98,89.5,0
2026-08-30 20:42:51,lht65-20,52.2507,5.97306,3.005,16.92,90.3,0
2026-08-30 20:52:51,lht65-20,52.2507,5.97306,3.001,16.91,90.8,0
2026-08-30 21:02:51,lht65-20,52.2507,5.97306,3.003,16.83,90.2,0
2026-08-30 21:12:51,lht65-20,52.2507,5.97306,3.001,16.49,90.9,0
2026-08-30 21:22:51,lht65-20,52.2507,5.97306,3.001,16.65,92.4,0
2026-08-30 21:32:51,lht65-20,52.2507,5.97306,3.003,17.0,91.2,0
2026-08-30 21:42:51,lht65-20,52.2507,5.97306,3.001,17.07,91.0,0
2026-08-30 21:52:51,lht65-20,52.2507,5.97306,3.001,17.16,90.5,0
2026-08-30 22:02:51,lht65-20,52.2507,5.97306,3.001,17.31,89.5,0
2026-08-30 22:12:51,lht65-20,52.2507,5.97306,3.005,17.39,88.6,0
2026-08-30 22:22:51,lht65-20,52.2507,5.97306,3.003,17.38,88.1,0
2026-08-30 22:32:51,lht65-20,52.2507,5.97306,3.003,17.28,88.1,0
2026-08-30 22:42:51,lht65-20,52.2507,5.97306,3.001,17.17,87.6,0
2026-08-30 22:52:51,lht65-20,52.2507,5.97306,3.001,16.86,88.2,0
2026-08-30 23:02:51,lht65-20,52.2507,5.97306,3.003,16.5,88.7,0
2026-08-30 23:12:51,lht65-20,52.2507,5.97306,3.001,16.23,89.8,0
2026-08-30 23:22:51,lht65-20,52.2507,5.97306,3.001,16.49,89.4,0
2026-08-30 23:32:51,lht65-20,52.2507,5.97306,3.001,16.72,88.6,0
2026-08-30 23:42:51,lht65-20,52.2507,5.97306,3.001,16.97,87.4,0
2026-08-30 23:52:51,lht65-20,52.2507,5.97306,3.003,17.11,86.9,0
2026-08-31 00:02:51,lht65-20,52.2507,5.97306,3.003,17.22,86.3,0
2026-08-31 00:12:51,lht65-20,52.2507,5.97306,3.001,17.17,86.3,0
2026-08-31 00:22:51,lht65-20,52.2507,5.97306,3.003,17.24,86.4,0
2026-08-31 00:32:51,lht65-20,52.2507,5.97306,3.001,17.23,86.0,0
2026-08-31 00:42:51,lht65-20,52.2507,5.97306,3.003,17.27,85.7,0
2026-08-31 00:52:51,lht65-20,52.2507,5.97306,3.001,17.29,85.7,0
2026-08-31 01:02:51,lht65-20,52.2507,5.97306,3.003,17.31,85.8,0
2026-08-31 01:12:51,lht65-20,52.2507,5.97306,3.003,17.4,85.6,0
2026-08-31 01:22:51,lht65-20,52.2507,5.97306,3.001,17.32,85.8,0
2026-08-31 01:32:51,lht65-20,52.2507,5.97306,3.001,17.27,86.1,0
2026-08-31 01:42:51,lht65-20,52.2507,5.97306,3.003,17.3,86.0,0
2026-08-31 01:52:51,lht65-20,52.2507,5.97306,3.003,17.27,85.9,0
2026-08-31 02:02:51,lht65-20,52.2507,5.97306,3.005,17.27,86.0,0
2026-08-31 02:12:51,lht65-20,52.2507,5.97306,3.001,17.13,86.0,0
2026-08-31 02:22:51,lht65-20,52.2507,5.97306,3.003,16.84,87.1,0
2026-08-31 02:32:51,lht65-20,52.2507,5.97306,3.001,16.68,87.8,0
2026-08-31 02:42:51,lht65-20,52.2507,5.97306,3.001,16.53,88.7,0
2026-08-31 02:52:51,lht65-20,52.2507,5.97306,3.001,16.48,89.1,0
2026-08-31 03:02:51,lht65-20,52.2507,5.97306,3.001,16.35,89.7,0
2026-08-31 03:12:51,lht65-20,52.2507,5.97306,3.001,16.39,90.2,0
2026-08-31 03:22:51,lht65-20,52.2507,5.97306,3.001,16.41,90.0,0
2026-08-31 03:32:51,lht65-20,52.2507,5.97306,3.001,16.46,90.0,0
2026-08-31 03:42:51,lht65-20,52.2507,5.97306,3.001,16.44,89.8,0
2026-08-31 03:52:51,lht65-20,52.2507,5.97306,3.001,16.38,90.3,0
2026-08-31 04:02:51,lht65-20,52.2507,5.97306,3.001,16.36,90.3,0
2026-08-31 04:12:51,lht65-20,52.2507,5.97306,3.001,16.35,90.4,1
2026-08-31 04:22:51,lht65-20,52.2507,5.97306,3.001,16.33,90.6,11
2026-08-31 04:32:51,lht65-20,52.2507,5.97306,3.001,16.21,90.9,56
2026-08-31 04:42:51,lht65-20,52.2507,5.97306,3.001,16.1,91.1,180
2026-08-31 04:52:51,lht65-20,52.2507,5.97306,3.001,16.03,91.4,438
2026-08-31 05:02:51,lht65-20,52.2507,5.97306,3.001,16.05,91.4,993
2026-08-31 05:12:51,lht65-20,52.2507,5.97306,3.001,16.19,90.7,1687
2026-08-31 05:22:51,lht65-20,52.2507,5.97306,3.001,16.35,89.9,2065
2026-08-31 05:32:51,lht65-20,52.2507,5.97306,3.001,16.34,89.5,2362
2026-08-31 05:42:51,lht65-20,52.2507,5.97306,3.001,16.53,88.9,4641
2026-08-31 05:52:51,lht65-20,52.2507,5.97306,3.001,16.62,88.5,3028
2026-08-31 06:02:51,lht65-20,52.2507,5.97306,3.001,16.59,88.5,3969
2026-08-31 06:12:51,lht65-20,52.2507,5.97306,3.001,16.68,88.5,4873
2026-08-31 06:22:51,lht65-20,52.2507,5.97306,3.001,17.03,87.7,6894
2026-08-31 06:32:51,lht65-20,52.2507,5.97306,3.001,17.57,86.3,16044
2026-08-31 06:42:51,lht65-20,52.2507,5.97306,3.003,17.66,85.1,10395
2026-08-31 06:52:51,lht65-20,52.2507,5.97306,3.001,17.9,84.2,19179
2026-08-31 07:02:51,lht65-20,52.2507,5.97306,3.003,18.12,82.8,8411
2026-08-31 07:12:51,lht65-20,52.2507,5.97306,3.005,18.61,81.5,10105
2026-08-31 07:22:51,lht65-20,52.2507,5.97306,3.003,18.93,80.5,6672
2026-08-31 07:32:51,lht65-20,52.2507,5.97306,3.005,18.03,83.8,4786
2026-08-31 07:42:51,lht65-20,52.2507,5.97306,3.001,17.26,88.1,2800
2026-08-31 07:52:51,lht65-20,52.2507,5.97306,3.001,16.88,90.7,2601
2026-08-31 08:02:51,lht65-20,52.2507,5.97306,3.001,16.92,90.1,8373
2026-08-31 08:12:51,lht65-20,52.2507,5.97306,3.001,17.62,88.4,4540
2026-08-31 08:22:51,lht65-20,52.2507,5.97306,3.001,17.67,87.7,13698
2026-08-31 08:32:51,lht65-20,52.2507,5.97306,3.003,18.33,85.1,7022
2026-08-31 08:42:51,lht65-20,52.2507,5.97306,3.003,18.4,83.4,15625
2026-08-31 08:52:51,lht65-20,52.2507,5.97306,3.001,18.66,82.2,11591
2026-08-31 09:02:51,lht65-20,52.2507,5.97306,3.001,19.46,77.7,14291
2026-08-31 09:12:51,lht65-20,52.2507,5.97306,3.005,20.16,75.7,15985
2026-08-31 09:22:51,lht65-20,52.2507,5.97306,3.005,19.48,75.1,10284
2026-08-31 09:32:51,lht65-20,52.2507,5.97306,3.005,19.46,73.3,6875
2026-08-31 09:42:51,lht65-20,52.2507,5.97306,3.003,19.05,72.1,8584
2026-08-31 09:52:51,lht65-20,52.2507,5.97306,3.003,18.95,74.0,10587
2026-08-31 10:02:51,lht65-20,52.2507,5.97306,3.003,18.28,77.5,4430
2026-08-31 10:12:51,lht65-20,52.2507,5.97306,3.003,17.36,83.8,7483
2026-08-31 10:22:51,lht65-20,52.2507,5.97306,3.003,19.1,82.8,33245
2026-08-31 10:32:51,lht65-20,52.2507,5.97306,3.005,20.28,76.3,36550
2026-08-31 10:42:51,lht65-20,52.2507,5.97306,3.005,20.08,71.0,11684
2026-08-31 10:52:51,lht65-20,52.2507,5.97306,3.003,19.86,71.6,5725
2026-08-31 11:02:51,lht65-20,52.2507,5.97306,3.005,21.07,65.0,20857
2026-08-31 11:12:51,lht65-20,52.2507,5.97306,3.007,21.3,64.6,41047
2026-08-31 11:22:51,lht65-20,52.2507,5.97306,3.005,21.69,61.7,13496
2026-08-31 11:32:51,lht65-20,52.2507,5.97306,3.005,20.44,63.6,7169
2026-08-31 11:42:51,lht65-20,52.2507,5.97306,3.005,20.34,63.2,8590
2026-08-31 11:52:51,lht65-20,52.2507,5.97306,3.003,19.53,68.0,11074
2026-08-31 12:02:51,lht65-20,52.2507,5.97306,3.001,18.68,71.9,10343
2026-08-31 12:12:51,lht65-20,52.2507,5.97306,3.003,18.89,72.7,4524
2026-08-31 12:22:51,lht65-20,52.2507,5.97306,3.001,17.23,78.5,3740
2026-08-31 12:32:51,lht65-20,52.2507,5.97306,3.001,15.96,87.1,7050
2026-08-31 12:42:51,lht65-20,52.2507,5.97306,3.001,16.62,88.1,9675
2026-08-31 12:52:51,lht65-20,52.2507,5.97306,3.001,18.04,86.3,34769
2026-08-31 13:02:51,lht65-20,52.2507,5.97306,3.003,19.32,78.9,13123
2026-08-31 13:12:51,lht65-20,52.2507,5.97306,3.003,19.01,75.7,26675
2026-08-31 13:22:51,lht65-20,52.2507,5.97306,3.003,20.34,69.9,33088
2026-08-31 13:32:51,lht65-20,52.2507,5.97306,3.003,20.49,69.4,30985
2026-08-31 13:42:51,lht65-20,52.2507,5.97306,3.005,20.67,69.6,18990
2026-08-31 13:52:51,lht65-20,52.2507,5.97306,3.007,20.58,67.4,9285
2026-08-31 14:02:51,lht65-20,52.2507,5.97306,3.005,19.38,72.4,11455
2026-08-31 14:12:51,lht65-20,52.2507,5.97306,3.005,19.96,71.8,31054
2026-08-31 14:22:51,lht65-20,52.2507,5.97306,3.005,20.62,67.8,28850
2026-08-31 14:32:51,lht65-20,52.2507,5.97306,3.005,20.79,63.9,19401
2026-08-31 14:42:51,lht65-20,52.2507,5.97306,3.005,19.8,67.1,8391
2026-08-31 14:52:51,lht65-20,52.2507,5.97306,3.005,19.55,69.5,5591
2026-08-31 15:02:51,lht65-20,52.2507,5.97306,3.005,19.14,69.2,8129
2026-08-31 15:12:51,lht65-20,52.2507,5.97306,3.003,19.36,71.4,10030
2026-08-31 15:22:51,lht65-20,52.2507,5.97306,3.003,19.47,69.9,21546
2026-08-31 15:32:51,lht65-20,52.2507,5.97306,3.005,19.64,68.8,32951
2026-08-31 15:42:51,lht65-20,52.2507,5.97306,3.005,19.83,68.0,7478
2026-08-31 15:52:51,lht65-20,52.2507,5.97306,3.005,20.43,65.2,9163
2026-08-31 16:02:51,lht65-20,52.2507,5.97306,3.005,19.96,67.4,6501
2026-08-31 16:12:51,lht65-20,52.2507,5.97306,3.005,19.62,67.4,18570
2026-08-31 16:22:51,lht65-20,52.2507,5.97306,3.005,20.53,65.2,21301
2026-08-31 16:32:51,lht65-20,52.2507,5.97306,3.005,20.41,65.7,18940
2026-08-31 16:42:51,lht65-20,52.2507,5.97306,3.005,20.24,65.4,4410
2026-08-31 16:52:51,lht65-20,52.2507,5.97306,3.003,19.37,69.6,14333
2026-08-31 17:02:51,lht65-20,52.2507,5.97306,3.005,19.47,69.1,4150
2026-08-31 17:12:51,lht65-20,52.2507,5.97306,3.003,19.43,70.3,10947
2026-08-31 17:22:51,lht65-20,52.2507,5.97306,3.005,19.46,71.1,3088
2026-08-31 17:32:51,lht65-20,52.2507,5.97306,3.005,18.86,72.4,2353
2026-08-31 17:42:51,lht65-20,52.2507,5.97306,3.003,18.77,73.5,1676
2026-08-31 17:52:51,lht65-20,52.2507,5.97306,3.003,18.6,74.4,867
2026-08-31 18:02:51,lht65-20,52.2507,5.97306,3.003,18.41,75.7,690
2026-08-31 18:12:51,lht65-20,52.2507,5.97306,3.003,18.27,76.6,230
2026-08-31 18:22:51,lht65-20,52.2507,5.97306,3.005,18.05,79.8,72
2026-08-31 18:32:51,lht65-20,52.2507,5.97306,3.001,17.0,86.4,19
2026-08-31 18:42:51,lht65-20,52.2507,5.97306,3.001,16.47,89.8,14
2026-08-31 18:52:51,lht65-20,52.2507,5.97306,3.001,16.23,91.0,4
2026-08-31 19:02:51,lht65-20,52.2507,5.97306,3.0,16.02,91.8,0
2026-08-31 19:12:51,lht65-20,52.2507,5.97306,3.001,15.69,92.6,0
2026-08-31 19:22:51,lht65-20,52.2507,5.97306,3.0,15.47,93.3,0
2026-08-31 19:32:51,lht65-20,52.2507,5.97306,3.001,15.59,92.4,0
2026-08-31 19:42:51,lht65-20,52.2507,5.97306,3.001,15.93,90.8,0
2026-08-31 19:52:51,lht65-20,52.2507,5.97306,3.001,15.96,90.2,0
2026-08-31 20:02:51,lht65-20,52.2507,5.97306,3.001,15.91,90.5,0
2026-08-31 20:12:51,lht65-20,52.2507,5.97306,3.0,15.89,90.6,0
2026-08-31 20:22:51,lht65-20,52.2507,5.97306,3.001,15.74,90.7,0
2026-08-31 20:32:51,lht65-20,52.2507,5.97306,3.001,15.57,90.8,0
2026-08-31 20:42:51,lht65-20,52.2507,5.97306,3.001,15.36,91.6,0
2026-08-31 20:52:51,lht65-20,52.2507,5.97306,2.998,15.14,92.3,0
2026-08-31 21:02:51,lht65-20,52.2507,5.97306,3.0,15.09,92.7,0
2026-08-31 21:12:51,lht65-20,52.2507,5.97306,3.0,15.1,92.7,0
2026-08-31 21:22:51,lht65-20,52.2507,5.97306,2.998,15.14,92.3,0
2026-08-31 21:32:51,lht65-20,52.2507,5.97306,2.998,15.14,92.2,0
2026-08-31 21:42:51,lht65-20,52.2507,5.97306,2.998,15.28,91.5,0
2026-08-31 21:52:51,lht65-20,52.2507,5.97306,3.0,15.34,91.0,0
2026-08-31 22:02:51,lht65-20,52.2507,5.97306,3.0,15.51,90.1,0
2026-08-31 22:12:51,lht65-20,52.2507,5.97306,2.998,15.51,90.0,0
2026-08-31 22:22:51,lht65-20,52.2507,5.97306,3.0,15.43,90.1,0
2026-08-31 22:32:51,lht65-20,52.2507,5.97306,2.998,15.44,90.4,0
2026-08-31 22:42:51,lht65-20,52.2507,5.97306,3.001,15.57,90.8,0
2026-08-31 22:52:51,lht65-20,52.2507,5.97306,3.001,15.67,91.2,0
2026-08-31 23:02:51,lht65-20,52.2507,5.97306,3.001,15.76,91.5,0
2026-08-31 23:12:51,lht65-20,52.2507,5.97306,3.001,16.0,91.2,0
2026-08-31 23:22:51,lht65-20,52.2507,5.97306,3.001,16.09,91.0,0
2026-08-31 23:32:51,lht65-20,52.2507,5.97306,3.0,16.17,91.9,0
2026-08-31 23:42:51,lht65-20,52.2507,5.97306,3.0,16.37,92.7,0
2026-08-31 23:52:51,lht65-20,52.2507,5.97306,3.0,16.52,92.6,0
2026-09-01 00:02:51,lht65-20,52.2507,5.97306,3.001,16.4,92.2,0
2026-09-01 00:12:51,lht65-20,52.2507,5.97306,3.0,16.25,92.2,0
2026-09-01 00:22:51,lht65-20,52.2507,5.97306,3.001,16.09,93.0,0
2026-09-01 00:32:51,lht65-20,52.2507,5.97306,3.001,16.04,93.9,0
2026-09-01 00:42:51,lht65-20,52.2507,5.97306,3.0,15.99,94.2,0
2026-09-01 00:52:51,lht65-20,52.2507,5.97306,3.001,15.91,94.5,0
2026-09-01 01:02:51,lht65-20,52.2507,5.97306,3.0,15.78,94.7,0
2026-09-01 01:12:51,lht65-20,52.2507,5.97306,3.0,15.63,94.8,0
2026-09-01 01:22:51,lht65-20,52.2507,5.97306,3.0,15.62,94.7,0
2026-09-01 01:32:51,lht65-20,52.2507,5.97306,3.0,15.53,94.4,0
2026-09-01 01:42:51,lht65-20,52.2507,5.97306,3.001,15.38,94.4,0
2026-09-01 01:52:51,lht65-20,52.2507,5.97306,2.998,15.29,94.5,0
2026-09-01 02:02:51,lht65-20,52.2507,5.97306,3.0,15.17,94.7,0
2026-09-01 02:12:51,lht65-20,52.2507,5.97306,2.998,15.11,95.0,0
2026-09-01 02:22:51,lht65-20,52.2507,5.97306,2.998,15.07,95.4,0
2026-09-01 02:32:51,lht65-20,52.2507,5.97306,2.998,15.07,95.7,0
2026-09-01 02:42:51,lht65-20,52.2507,5.97306,2.998,15.01,95.8,0
2026-09-01 02:52:51,lht65-20,52.2507,5.97306,2.998,14.94,95.7,0
2026-09-01 03:02:51,lht65-20,52.2507,5.97306,2.998,14.95,95.7,0
2026-09-01 03:12:51,lht65-20,52.2507,5.97306,2.998,15.09,95.7,0
2026-09-01 03:22:51,lht65-20,52.2507,5.97306,2.998,15.21,95.2,0
2026-09-01 03:32:51,lht65-20,52.2507,5.97306,2.998,15.21,94.7,0
2026-09-01 03:42:51,lht65-20,52.2507,5.97306,3.0,15.19,94.3,0
2026-09-01 03:52:51,lht65-20,52.2507,5.97306,2.998,15.02,94.1,0
2026-09-01 04:02:51,lht65-20,52.2507,5.97306,2.998,14.87,94.5,0
2026-09-01 04:12:51,lht65-20,52.2507,5.97306,2.998,14.84,94.8,0
2026-09-01 04:22:51,lht65-20,52.2507,5.97306,2.998,14.79,94.9,7
2026-09-01 04:32:51,lht65-20,52.2507,5.97306,2.998,14.87,95.0,35
2026-09-01 04:42:51,lht65-20,52.2507,5.97306,2.998,14.91,95.0,130
2026-09-01 04:52:51,lht65-20,52.2507,5.97306,2.998,14.92,94.9,310
2026-09-01 05:02:51,lht65-20,52.2507,5.97306,2.998,14.9,95.0,654
2026-09-01 05:12:51,lht65-20,52.2507,5.97306,2.998,15.14,95.1,989
2026-09-01 05:22:51,lht65-20,52.2507,5.97306,2.998,15.24,95.1,1810
2026-09-01 05:32:51,lht65-20,52.2507,5.97306,2.998,15.4,94.9,2200
2026-09-01 05:42:51,lht65-20,52.2507,5.97306,3.0,15.57,94.6,2315
2026-09-01 05:52:51,lht65-20,52.2507,5.97306,2.998,15.73,94.3,3796
2026-09-01 06:02:51,lht65-20,52.2507,5.97306,3.0,15.98,93.9,4870
2026-09-01 06:12:51,lht65-20,52.2507,5.97306,2.998,16.26,93.7,5180
2026-09-01 06:22:51,lht65-20,52.2507,5.97306,3.0,16.43,93.3,5386
2026-09-01 06:32:51,lht65-20,52.2507,5.97306,2.998,16.58,93.1,4583
2026-09-01 06:42:51,lht65-20,52.2507,5.97306,3.0,16.72,92.8,6608
2026-09-01 06:52:51,lht65-20,52.2507,5.97306,3.0,16.97,92.4,8445
2026-09-01 07:02:51,lht65-20,52.2507,5.97306,3.0,17.21,92.0,4262
2026-09-01 07:12:51,lht65-20,52.2507,5.97306,3.0,17.09,92.1,4945
2026-09-01 07:22:51,lht65-20,52.2507,5.97306,3.0,17.32,91.6,7488
2026-09-01 07:32:51,lht65-20,52.2507,5.97306,3.0,17.77,90.7,21924
2026-09-01 07:42:51,lht65-20,52.2507,5.97306,3.0,18.45,89.2,23940
2026-09-01 07:52:51,lht65-20,52.2507,5.97306,3.001,18.45,86.9,8191
2026-09-01 08:02:51,lht65-20,52.2507,5.97306,3.001,18.54,85.6,13638
2026-09-01 08:12:51,lht65-20,52.2507,5.97306,3.0,19.07,82.4,12720
2026-09-01 08:22:51,lht65-20,52.2507,5.97306,3.001,19.22,82.0,14160
2026-09-01 08:32:51,lht65-20,52.2507,5.97306,3.001,19.02,80.1,5802
2026-09-01 08:42:51,lht65-20,52.2507,5.97306,3.001,18.56,79.9,10125
2026-09-01 08:52:51,lht65-20,52.2507,5.97306,3.001,18.57,79.2,7121
2026-09-01 09:02:51,lht65-20,52.2507,5.97306,3.001,18.28,80.4,6680
2026-09-01 09:12:51,lht65-20,52.2507,5.97306,3.0,19.46,77.7,31244
2026-09-01 09:22:51,lht65-20,52.2507,5.97306,3.001,20.17,73.9,9653
2026-09-01 09:32:51,lht65-20,52.2507,5.97306,3.003,19.74,70.6,9442
2026-09-01 09:42:51,lht65-20,52.2507,5.97306,3.001,19.25,69.8,8199
2026-09-01 09:52:51,lht65-20,52.2507,5.97306,3.001,20.12,67.6,28080
2026-09-01 10:02:51,lht65-20,52.2507,5.97306,3.003,19.77,66.6,8685
2026-09-01 10:12:51,lht65-20,52.2507,5.97306,3.001,19.54,67.8,9327
2026-09-01 10:22:51,lht65-20,52.2507,5.97306,3.001,19.54,67.0,15215
2026-09-01 10:32:51,lht65-20,52.2507,5.97306,3.003,20.68,59.5,8623
2026-09-01 10:42:51,lht65-20,52.2507,5.97306,3.001,20.02,64.6,8445
2026-09-01 10:52:51,lht65-20,52.2507,5.97306,3.001,19.47,63.7,8738
2026-09-01 11:02:51,lht65-20,52.2507,5.97306,3.003,20.25,63.2,33676
2026-09-01 11:12:51,lht65-20,52.2507,5.97306,3.003,21.42,57.7,35513
2026-09-01 11:22:51,lht65-20,52.2507,5.97306,3.003,22.2,61.4,36024
2026-09-01 11:32:51,lht65-20,52.2507,5.97306,3.005,22.76,55.5,36305
2026-09-01 11:42:51,lht65-20,52.2507,5.97306,3.005,22.71,55.1,38546
2026-09-01 11:52:51,lht65-20,52.2507,5.97306,3.005,21.89,53.1,34842
2026-09-01 12:12:51,lht65-20,52.2507,5.97306,3.003,21.0,55.9,32836
2026-09-01 12:22:51,lht65-20,52.2507,5.97306,3.003,21.84,54.7,32745
2026-09-01 12:32:51,lht65-20,52.2507,5.97306,3.005,22.42,54.8,35342
2026-09-01 12:42:51,lht65-20,52.2507,5.97306,3.005,22.65,52.0,35128
2026-09-01 12:52:51,lht65-20,52.2507,5.97306,3.005,22.54,52.6,32045
2026-09-01 13:02:51,lht65-20,52.2507,5.97306,3.005,22.27,52.8,33843
2026-09-01 13:12:51,lht65-20,52.2507,5.97306,3.005,22.41,52.8,32102
2026-09-01 13:22:51,lht65-20,52.2507,5.97306,3.003,21.56,56.9,30712
2026-09-01 13:32:51,lht65-20,52.2507,5.97306,3.003,21.9,51.9,30835
2026-09-01 13:42:51,lht65-20,52.2507,5.97306,3.003,21.99,52.2,29715
2026-09-01 13:52:51,lht65-20,52.2507,5.97306,3.005,22.24,49.6,29036
2026-09-01 14:02:51,lht65-20,52.2507,5.97306,3.005,22.77,50.5,28786
2026-09-01 14:12:50,lht65-20,52.2507,5.97306,3.007,22.23,48.9,8148
2026-09-01 14:22:50,lht65-20,52.2507,5.97306,3.005,21.16,55.0,31365
2026-09-01 14:32:51,lht65-20,52.2507,5.97306,3.005,23.04,48.3,31450
2026-09-01 14:42:51,lht65-20,52.2507,5.97306,3.005,22.38,55.3,29899
2026-09-01 14:52:51,lht65-20,52.2507,5.97306,3.005,22.28,49.7,28465
2026-09-01 15:02:51,lht65-20,52.2507,5.97306,3.007,22.28,50.3,9348
2026-09-01 15:12:51,lht65-20,52.2507,5.97306,3.007,21.24,53.7,21020
2026-09-01 15:22:51,lht65-20,52.2507,5.97306,3.005,20.97,54.2,9034
2026-09-01 15:32:50,lht65-20,52.2507,5.97306,3.005,21.49,52.9,24171
2026-09-01 15:42:51,lht65-20,52.2507,5.97306,3.005,21.81,51.5,21674
2026-09-01 15:52:51,lht65-20,52.2507,5.97306,3.005,21.9,52.7,16535
2026-09-01 16:02:50,lht65-20,52.2507,5.97306,3.005,21.7,52.6,19880
2026-09-01 16:12:51,lht65-20,52.2507,5.97306,3.007,21.52,53.9,16592
2026-09-01 16:22:51,lht65-20,52.2507,5.97306,3.005,21.27,53.5,16688
2026-09-01 16:32:51,lht65-20,52.2507,5.97306,3.003,21.29,54.3,16157
2026-09-01 16:42:51,lht65-20,52.2507,5.97306,3.005,21.05,55.9,15082
2026-09-01 16:52:50,lht65-20,52.2507,5.97306,3.005,21.19,55.0,14852
2026-09-01 17:02:50,lht65-20,52.2507,5.97306,3.005,21.08,55.7,13112
2026-09-01 17:12:51,lht65-20,52.2507,5.97306,3.005,20.86,56.0,11247
2026-09-01 17:22:50,lht65-20,52.2507,5.97306,3.005,20.55,57.2,9416
2026-09-01 17:32:51,lht65-20,52.2507,5.97306,3.005,20.44,58.2,7370
2026-09-01 17:42:51,lht65-20,52.2507,5.97306,3.003,20.11,58.9,5203
2026-09-01 17:52:51,lht65-20,52.2507,5.97306,3.005,19.81,60.6,3447
2026-09-01 18:02:51,lht65-20,52.2507,5.97306,3.005,19.0,64.6,1141
2026-09-01 18:12:50,lht65-20,52.2507,5.97306,3.003,17.87,67.2,460
2026-09-01 18:22:51,lht65-20,52.2507,5.97306,3.001,16.62,76.0,217
2026-09-01 18:32:51,lht65-20,52.2507,5.97306,3.001,15.72,79.1,80
2026-09-01 18:42:51,lht65-20,52.2507,5.97306,3.001,15.04,80.2,20
2026-09-01 18:52:51,lht65-20,52.2507,5.97306,3.0,14.41,83.5,3
2026-09-01 19:02:50,lht65-20,52.2507,5.97306,2.998,13.98,87.2,0
2026-09-01 19:12:51,lht65-20,52.2507,5.97306,3.0,13.6,88.1,0
2026-09-01 19:32:51,lht65-20,52.2507,5.97306,2.998,12.91,89.4,0
2026-09-01 19:42:51,lht65-20,52.2507,5.97306,2.998,12.65,90.4,0
2026-09-01 19:52:51,lht65-20,52.2507,5.97306,2.998,12.34,91.1,0
2026-09-01 20:02:50,lht65-20,52.2507,5.97306,2.998,12.14,92.7,0
2026-09-01 20:12:51,lht65-20,52.2507,5.97306,2.996,12.0,93.2,0
2026-09-01 20:22:51,lht65-20,52.2507,5.97306,2.996,11.85,93.5,0
2026-09-01 20:32:51,lht65-20,52.2507,5.97306,2.994,11.81,94.2,0
2026-09-01 20:42:51,lht65-20,52.2507,5.97306,2.994,11.6,94.3,0
2026-09-01 20:52:51,lht65-20,52.2507,5.97306,2.994,11.52,94.7,0
2026-09-01 21:12:51,lht65-20,52.2507,5.97306,2.994,11.24,95.1,0
2026-09-01 21:22:51,lht65-20,52.2507,5.97306,2.994,11.23,95.5,0
2026-09-01 21:32:51,lht65-20,52.2507,5.97306,2.994,11.18,95.7,0
2026-09-01 21:42:51,lht65-20,52.2507,5.97306,2.994,11.11,95.9,0
2026-09-01 21:52:51,lht65-20,52.2507,5.97306,2.992,10.9,96.0,0
2026-09-01 22:02:51,lht65-20,52.2507,5.97306,2.991,10.59,95.9,0
2026-09-01 22:12:51,lht65-20,52.2507,5.97306,2.992,10.47,96.0,0
2026-09-01 22:22:51,lht65-20,52.2507,5.97306,2.991,10.66,96.2,0
2026-09-01 22:32:51,lht65-20,52.2507,5.97306,2.994,11.07,96.5,0
2026-09-01 22:42:51,lht65-20,52.2507,5.97306,2.991,11.26,96.7,0
2026-09-01 22:52:51,lht65-20,52.2507,5.97306,2.992,11.24,96.9,0
2026-09-01 23:02:51,lht65-20,52.2507,5.97306,2.992,11.23,97.0,0
2026-09-01 23:12:51,lht65-20,52.2507,5.97306,2.992,11.23,97.1,0
2026-09-01 23:22:51,lht65-20,52.2507,5.97306,2.994,11.23,97.2,0
2026-09-01 23:32:51,lht65-20,52.2507,5.97306,2.992,11.15,97.2,0
2026-09-01 23:42:51,lht65-20,52.2507,5.97306,2.992,11.17,97.2,0
2026-09-01 23:52:51,lht65-20,52.2507,5.97306,2.992,11.11,97.2,0
2026-09-02 00:02:51,lht65-20,52.2507,5.97306,2.994,11.17,97.2,0
2026-09-02 00:12:51,lht65-20,52.2507,5.97306,2.991,11.15,97.2,0
2026-09-02 00:22:51,lht65-20,52.2507,5.97306,2.992,11.14,97.2,0
2026-09-02 00:32:51,lht65-20,52.2507,5.97306,2.992,11.22,97.2,0
2026-09-02 00:42:51,lht65-20,52.2507,5.97306,2.994,11.3,97.2,0
2026-09-02 00:52:51,lht65-20,52.2507,5.97306,2.994,11.36,97.2,0
2026-09-02 01:02:51,lht65-20,52.2507,5.97306,2.992,11.5,97.3,0
2026-09-02 01:12:51,lht65-20,52.2507,5.97306,2.991,11.54,97.3,0
2026-09-02 01:22:51,lht65-20,52.2507,5.97306,2.994,11.48,97.4,0
2026-09-02 01:32:51,lht65-20,52.2507,5.97306,2.991,11.48,97.4,0
2026-09-02 01:42:51,lht65-20,52.2507,5.97306,2.991,11.58,97.4,0
2026-09-02 01:52:51,lht65-20,52.2507,5.97306,2.991,11.53,97.4,0
2026-09-02 02:02:51,lht65-20,52.2507,5.97306,2.992,11.56,97.5,0
2026-09-02 02:12:51,lht65-20,52.2507,5.97306,2.992,11.46,97.4,0
2026-09-02 02:22:51,lht65-20,52.2507,5.97306,2.991,11.44,97.4,0
2026-09-02 02:32:51,lht65-20,52.2507,5.97306,2.992,11.51,97.4,0
2026-09-02 02:42:51,lht65-20,52.2507,5.97306,2.992,11.62,97.3,0
2026-09-02 02:52:51,lht65-20,52.2507,5.97306,2.992,11.99,97.4,0
2026-09-02 03:02:51,lht65-20,52.2507,5.97306,2.992,12.27,97.4,0
2026-09-02 03:12:51,lht65-20,52.2507,5.97306,2.994,12.56,97.3,0
2026-09-02 03:22:51,lht65-20,52.2507,5.97306,2.994,12.95,97.0,0
2026-09-02 03:32:51,lht65-20,52.2507,5.97306,2.994,13.12,95.8,0
2026-09-02 03:42:51,lht65-20,52.2507,5.97306,2.994,13.04,93.2,0
2026-09-02 03:52:51,lht65-20,52.2507,5.97306,2.994,12.93,93.0,0
2026-09-02 04:02:51,lht65-20,52.2507,5.97306,2.994,13.02,93.4,0
2026-09-02 04:12:51,lht65-20,52.2507,5.97306,2.994,13.4,92.4,0
2026-09-02 04:22:51,lht65-20,52.2507,5.97306,2.994,13.62,91.6,1
2026-09-02 04:32:51,lht65-20,52.2507,5.97306,2.994,13.92,90.8,15
2026-09-02 04:42:51,lht65-20,52.2507,5.97306,2.994,14.21,89.6,50
2026-09-02 04:52:51,lht65-20,52.2507,5.97306,2.998,14.27,89.2,132
2026-09-02 05:02:51,lht65-20,52.2507,5.97306,2.994,14.32,88.8,298
2026-09-02 05:12:51,lht65-20,52.2507,5.97306,2.998,14.39,88.2,627
2026-09-02 05:22:51,lht65-20,52.2507,5.97306,2.994,14.47,87.1,1079
2026-09-02 05:32:51,lht65-20,52.2507,5.97306,2.996,14.49,86.4,1330
2026-09-02 05:42:51,lht65-20,52.2507,5.97306,2.994,14.5,85.8,2139
2026-09-02 05:52:51,lht65-20,52.2507,5.97306,2.994,14.69,85.1,3310
2026-09-02 06:02:51,lht65-20,52.2507,5.97306,2.994,14.98,83.9,4325
2026-09-02 06:12:51,lht65-20,52.2507,5.97306,2.998,15.34,82.7,9144
2026-09-02 06:22:51,lht65-20,52.2507,5.97306,2.998,15.94,80.6,7529
2026-09-02 06:32:51,lht65-20,52.2507,5.97306,2.998,15.92,79.2,7295
2026-09-02 06:42:51,lht65-20,52.2507,5.97306,2.998,16.1,79.3,11775
2026-09-02 06:52:51,lht65-20,52.2507,5.97306,2.998,16.36,78.9,15364
2026-09-02 07:02:51,lht65-20,52.2507,5.97306,2.998,16.85,77.7,15360
2026-09-02 07:12:51,lht65-20,52.2507,5.97306,2.998,17.68,76.5,14865
2026-09-02 07:22:51,lht65-20,52.2507,5.97306,2.998,17.62,74.8,15130
2026-09-02 07:32:51,lht65-20,52.2507,5.97306,3.0,18.16,74.0,9535
2026-09-02 07:42:51,lht65-20,52.2507,5.97306,2.998,18.02,74.0,9747
2026-09-02 07:52:51,lht65-20,52.2507,5.97306,3.0,18.1,74.7,20311
2026-09-02 08:02:51,lht65-20,52.2507,5.97306,3.0,18.6,74.8,10533
2026-09-02 08:12:51,lht65-20,52.2507,5.97306,3.0,19.27,73.6,20558
2026-09-02 08:22:51,lht65-20,52.2507,5.97306,3.001,19.34,75.6,24306
2026-09-02 08:32:51,lht65-20,52.2507,5.97306,3.001,20.19,73.9,24770
2026-09-02 08:42:51,lht65-20,52.2507,5.97306,3.001,20.56,74.0,25358
2026-09-02 08:52:51,lht65-20,52.2507,5.97306,3.001,20.76,72.5,28068
2026-09-02 09:02:51,lht65-20,52.2507,5.97306,3.001,21.43,71.4,29625
2026-09-02 09:12:51,lht65-20,52.2507,5.97306,3.001,21.36,73.2,30202
2026-09-02 09:22:51,lht65-20,52.2507,5.97306,3.001,21.77,70.2,30851
2026-09-02 09:32:51,lht65-20,52.2507,5.97306,3.001,21.82,71.6,23956
2026-09-02 09:42:51,lht65-20,52.2507,5.97306,3.003,21.58,69.8,13544
2026-09-02 09:52:51,lht65-20,52.2507,5.97306,3.001,21.0,68.1,12340
2026-09-02 10:02:51,lht65-20,52.2507,5.97306,3.001,21.05,70.3,14255
2026-09-02 10:12:51,lht65-20,52.2507,5.97306,3.001,21.43,69.2,20140
2026-09-02 10:22:51,lht65-20,52.2507,5.97306,3.001,21.59,69.4,24261
2026-09-02 10:32:51,lht65-20,52.2507,5.97306,3.001,21.2,68.6,15127
2026-09-02 10:42:51,lht65-20,52.2507,5.97306,3.001,21.47,69.7,20038
2026-09-02 10:52:51,lht65-20,52.2507,5.97306,3.003,21.68,66.4,16273
2026-09-02 11:02:51,lht65-20,52.2507,5.97306,3.003,21.08,67.9,14100
2026-09-02 11:12:51,lht65-20,52.2507,5.97306,3.003,20.83,70.6,15480
2026-09-02 11:22:51,lht65-20,52.2507,5.97306,3.003,21.07,71.9,15373
2026-09-02 11:32:51,lht65-20,52.2507,5.97306,3.003,21.08,70.9,18666
2026-09-02 11:42:51,lht65-20,52.2507,5.97306,3.001,21.19,69.4,24415
2026-09-02 11:52:51,lht65-20,52.2507,5.97306,3.001,21.17,67.0,18898
2026-09-02 12:02:51,lht65-20,52.2507,5.97306,3.001,21.65,65.5,17112
2026-09-02 12:12:51,lht65-20,52.2507,5.97306,3.003,21.91,64.3,31784
2026-09-02 12:22:51,lht65-20,52.2507,5.97306,3.003,21.8,64.1,9166
2026-09-02 12:32:51,lht65-20,52.2507,5.97306,3.003,20.94,66.4,3635
2026-09-02 12:42:51,lht65-20,52.2507,5.97306,3.001,20.31,70.9,1530
2026-09-02 12:52:51,lht65-20,52.2507,5.97306,3.001,19.18,79.4,794
2026-09-02 13:02:51,lht65-20,52.2507,5.97306,3.001,17.82,84.1,1674
2026-09-02 13:12:51,lht65-20,52.2507,5.97306,3.0,17.38,88.6,2591
2026-09-02 13:22:51,lht65-20,52.2507,5.97306,3.0,17.35,87.3,2647
2026-09-02 13:32:51,lht65-20,52.2507,5.97306,2.998,17.32,87.3,2755
2026-09-02 13:42:51,lht65-20,52.2507,5.97306,3.0,17.38,86.1,4005
2026-09-02 13:52:51,lht65-20,52.2507,5.97306,3.0,17.68,87.7,8035
2026-09-02 14:02:51,lht65-20,52.2507,5.97306,3.0,18.47,85.7,12660
2026-09-02 14:12:51,lht65-20,52.2507,5.97306,3.001,19.1,83.8,11702
2026-09-02 14:22:51,lht65-20,52.2507,5.97306,3.001,19.35,80.4,8550
2026-09-02 14:32:51,lht65-20,52.2507,5.97306,3.001,19.72,79.8,7769
2026-09-02 14:42:51,lht65-20,52.2507,5.97306,3.001,20.2,78.2,6139
2026-09-02 14:52:51,lht65-20,52.2507,5.97306,3.003,20.07,73.9,5237
2026-09-02 15:02:51,lht65-20,52.2507,5.97306,3.001,19.83,74.2,5235
2026-09-02 15:12:51,lht65-20,52.2507,5.97306,3.003,19.7,75.7,3886
2026-09-02 15:22:51,lht65-20,52.2507,5.97306,3.001,19.61,75.3,3674
2026-09-02 15:32:51,lht65-20,52.2507,5.97306,3.001,19.52,76.0,9146
2026-09-02 15:42:51,lht65-20,52.2507,5.97306,3.001,19.98,74.7,9863
2026-09-02 15:52:51,lht65-20,52.2507,5.97306,3.001,19.97,74.3,3995
2026-09-02 16:02:51,lht65-20,52.2507,5.97306,3.003,19.8,75.3,4910
2026-09-02 16:12:51,lht65-20,52.2507,5.97306,3.003,19.78,76.2,2475
2026-09-02 16:22:51,lht65-20,52.2507,5.97306,3.001,19.6,76.2,1657
2026-09-02 16:32:51,lht65-20,52.2507,5.97306,3.001,19.45,78.3,1592
2026-09-02 16:42:51,lht65-20,52.2507,5.97306,3.001,19.23,79.7,1657
2026-09-02 16:52:51,lht65-20,52.2507,5.97306,3.001,19.21,78.0,2062
2026-09-02 17:02:51,lht65-20,52.2507,5.97306,3.001,19.24,77.6,1169
2026-09-02 17:12:51,lht65-20,52.2507,5.97306,3.001,19.05,78.1,1062
2026-09-02 17:22:51,lht65-20,52.2507,5.97306,3.001,18.88,78.1,831
2026-09-02 17:32:51,lht65-20,52.2507,5.97306,3.001,18.65,79.0,804
2026-09-02 17:42:51,lht65-20,52.2507,5.97306,3.001,18.51,79.2,642
2026-09-02 17:52:51,lht65-20,52.2507,5.97306,3.001,18.35,80.0,422
2026-09-02 18:02:51,lht65-20,52.2507,5.97306,3.0,18.18,80.7,238
2026-09-02 18:12:51,lht65-20,52.2507,5.97306,3.001,18.06,81.4,171
2026-09-02 18:22:51,lht65-20,52.2507,5.97306,3.0,17.91,81.7,98
2026-09-02 18:32:51,lht65-20,52.2507,5.97306,3.0,17.8,82.4,34
2026-09-02 18:42:51,lht65-20,52.2507,5.97306,3.001,17.75,82.2,7
2026-09-02 18:52:51,lht65-20,52.2507,5.97306,3.0,17.64,81.9,0
2026-09-02 19:02:51,lht65-20,52.2507,5.97306,3.001,17.57,81.8,0
2026-09-02 19:12:51,lht65-20,52.2507,5.97306,3.001,17.52,82.2,0
2026-09-02 19:22:51,lht65-20,52.2507,5.97306,3.001,17.42,82.8,0
2026-09-02 19:32:51,lht65-20,52.2507,5.97306,3.0,17.33,83.0,0
2026-09-02 19:42:51,lht65-20,52.2507,5.97306,3.001,17.31,82.7,0
2026-09-02 19:52:51,lht65-20,52.2507,5.97306,3.001,17.24,82.7,0
2026-09-02 20:02:51,lht65-20,52.2507,5.97306,3.001,17.22,82.9,0
2026-09-02 20:12:51,lht65-20,52.2507,5.97306,2.998,17.13,83.9,0
2026-09-02 20:22:51,lht65-20,52.2507,5.97306,3.001,17.01,84.3,0
2026-09-02 20:32:51,lht65-20,52.2507,5.97306,3.0,17.01,84.6,0
2026-09-02 20:42:51,lht65-20,52.2507,5.97306,2.998,16.93,85.8,0
2026-09-02 20:52:51,lht65-20,52.2507,5.97306,2.998,16.74,87.2,0
2026-09-02 21:02:51,lht65-20,52.2507,5.97306,2.998,16.7,87.9,0
2026-09-02 21:12:51,lht65-20,52.2507,5.97306,2.998,16.79,87.6,0
2026-09-02 21:22:51,lht65-20,52.2507,5.97306,3.0,16.79,87.4,0
2026-09-02 21:32:51,lht65-20,52.2507,5.97306,2.998,16.81,87.3,0
2026-09-02 21:42:51,lht65-20,52.2507,5.97306,3.0,16.81,87.5,0
2026-09-02 21:52:51,lht65-20,52.2507,5.97306,2.998,16.86,87.2,0
2026-09-02 22:02:51,lht65-20,52.2507,5.97306,2.998,17.06,87.0,0
2026-09-02 22:12:51,lht65-20,52.2507,5.97306,2.998,17.13,86.4,0
2026-09-02 22:22:51,lht65-20,52.2507,5.97306,3.0,17.14,85.9,0
2026-09-02 22:32:51,lht65-20,52.2507,5.97306,3.0,17.22,85.2,0
2026-09-02 22:42:51,lht65-20,52.2507,5.97306,3.0,17.23,84.3,0
2026-09-02 22:52:51,lht65-20,52.2507,5.97306,3.001,17.27,83.6,0
2026-09-02 23:02:51,lht65-20,52.2507,5.97306,2.998,17.33,82.4,0
2026-09-02 23:12:51,lht65-20,52.2507,5.97306,2.998,17.6,80.4,0
2026-09-02 23:22:51,lht65-20,52.2507,5.97306,3.0,17.7,79.2,0
2026-09-02 23:32:51,lht65-20,52.2507,5.97306,3.001,17.68,78.9,0
2026-09-02 23:42:51,lht65-20,52.2507,5.97306,2.998,17.71,77.9,0
2026-09-02 23:52:51,lht65-20,52.2507,5.97306,3.0,17.69,78.4,0
2026-09-03 00:02:51,lht65-20,52.2507,5.97306,3.0,17.53,79.2,0
2026-09-03 00:12:51,lht65-20,52.2507,5.97306,3.0,17.44,79.5,0
2026-09-03 00:22:51,lht65-20,52.2507,5.97306,3.0,17.4,79.8,0
2026-09-03 00:32:51,lht65-20,52.2507,5.97306,3.0,17.3,80.1,0
2026-09-03 00:42:51,lht65-20,52.2507,5.97306,3.0,17.3,80.4,0
2026-09-03 00:52:51,lht65-20,52.2507,5.97306,3.0,17.35,80.4,0
2026-09-03 01:02:51,lht65-20,52.2507,5.97306,3.0,17.39,80.6,0
2026-09-03 01:12:51,lht65-20,52.2507,5.97306,3.0,17.3,80.9,0
2026-09-03 01:22:51,lht65-20,52.2507,5.97306,3.0,17.37,80.5,0
2026-09-03 01:32:51,lht65-20,52.2507,5.97306,2.998,17.4,80.7,0
2026-09-03 01:42:51,lht65-20,52.2507,5.97306,3.0,17.29,81.2,0
2026-09-03 01:52:51,lht65-20,52.2507,5.97306,3.001,17.21,81.7,0
2026-09-03 02:02:51,lht65-20,52.2507,5.97306,3.0,17.21,81.3,0
2026-09-03 02:12:51,lht65-20,52.2507,5.97306,2.998,17.15,81.2,0
2026-09-03 02:22:51,lht65-20,52.2507,5.97306,3.0,17.08,81.3,0
2026-09-03 02:32:51,lht65-20,52.2507,5.97306,3.001,16.95,81.6,0
2026-09-03 02:42:51,lht65-20,52.2507,5.97306,2.998,17.08,81.5,0
2026-09-03 02:52:51,lht65-20,52.2507,5.97306,2.998,17.18,80.9,0
2026-09-03 03:02:51,lht65-20,52.2507,5.97306,3.0,17.15,82.2,0
2026-09-03 03:12:51,lht65-20,52.2507,5.97306,3.0,17.2,82.1,0
2026-09-03 03:22:51,lht65-20,52.2507,5.97306,3.0,17.36,81.6,0
2026-09-03 03:32:51,lht65-20,52.2507,5.97306,3.0,17.42,81.9,0
2026-09-03 03:42:51,lht65-20,52.2507,5.97306,3.001,17.65,81.9,0
2026-09-03 03:52:51,lht65-20,52.2507,5.97306,3.0,17.79,82.8,0
2026-09-03 04:02:51,lht65-20,52.2507,5.97306,3.001,17.8,83.3,0
2026-09-03 04:12:51,lht65-20,52.2507,5.97306,3.0,17.82,83.4,0
2026-09-03 04:22:51,lht65-20,52.2507,5.97306,3.0,17.82,83.6,0
2026-09-03 04:32:51,lht65-20,52.2507,5.97306,3.001,17.84,83.6,5
2026-09-03 04:42:51,lht65-20,52.2507,5.97306,3.0,17.83,83.7,25
2026-09-03 04:52:51,lht65-20,52.2507,5.97306,3.0,17.85,83.6,40
2026-09-03 05:02:51,lht65-20,52.2507,5.97306,3.0,17.92,83.8,121
2026-09-03 05:12:51,lht65-20,52.2507,5.97306,3.0,17.94,84.1,170
2026-09-03 05:22:51,lht65-20,52.2507,5.97306,2.998,17.89,84.5,206
2026-09-03 05:32:51,lht65-20,52.2507,5.97306,3.0,17.89,85.3,278
2026-09-03 05:42:51,lht65-20,52.2507,5.97306,3.001,17.88,85.0,900
2026-09-03 05:52:51,lht65-20,52.2507,5.97306,3.001,18.0,85.5,1039
2026-09-03 06:02:51,lht65-20,52.2507,5.97306,3.001,17.73,87.3,1510
2026-09-03 06:12:51,lht65-20,52.2507,5.97306,3.0,17.35,90.3,1550
2026-09-03 06:22:51,lht65-20,52.2507,5.97306,3.0,17.08,92.2,796
2026-09-03 06:32:51,lht65-20,52.2507,5.97306,3.0,16.95,93.2,2393
2026-09-03 06:42:51,lht65-20,52.2507,5.97306,3.0,17.09,93.4,3385
2026-09-03 06:52:51,lht65-20,52.2507,5.97306,3.0,17.25,93.3,4213
2026-09-03 07:02:51,lht65-20,52.2507,5.97306,3.0,17.55,92.8,6173
2026-09-03 07:12:51,lht65-20,52.2507,5.97306,3.0,17.83,91.9,3059
2026-09-03 07:22:51,lht65-20,52.2507,5.97306,3.001,17.81,91.9,3062
2026-09-03 07:32:51,lht65-20,52.2507,5.97306,3.0,17.71,92.9,2901
2026-09-03 07:42:51,lht65-20,52.2507,5.97306,3.0,17.88,93.3,5310
2026-09-03 07:52:51,lht65-20,52.2507,5.97306,3.0,18.03,93.2,6900
2026-09-03 08:02:51,lht65-20,52.2507,5.97306,3.001,18.19,92.8,2965
2026-09-03 08:12:51,lht65-20,52.2507,5.97306,3.001,18.21,92.8,2077
2026-09-03 08:22:50,lht65-20,52.2507,5.97306,3.001,18.22,93.4,7182
2026-09-03 08:32:51,lht65-20,52.2507,5.97306,3.0,18.26,93.6,5305
2026-09-03 08:42:51,lht65-20,52.2507,5.97306,3.0,18.46,93.8,6020
2026-09-03 08:52:51,lht65-20,52.2507,5.97306,2.998,18.59,93.5,6385
2026-09-03 09:02:51,lht65-20,52.2507,5.97306,3.0,18.74,93.1,4830
2026-09-03 09:12:50,lht65-20,52.2507,5.97306,3.001,18.78,93.2,5801
2026-09-03 09:22:51,lht65-20,52.2507,5.97306,3.001,18.94,92.9,9970
2026-09-03 09:32:51,lht65-20,52.2507,5.97306,3.001,19.59,90.4,11680
2026-09-03 09:42:50,lht65-20,52.2507,5.97306,3.001,20.23,88.3,8244
2026-09-03 09:52:51,lht65-20,52.2507,5.97306,3.001,20.6,86.8,10430
2026-09-03 10:02:51,lht65-20,52.2507,5.97306,3.003,20.93,84.4,9954
2026-09-03 10:12:51,lht65-20,52.2507,5.97306,3.001,20.9,84.6,11416
2026-09-03 10:22:51,lht65-20,52.2507,5.97306,3.001,21.05,83.7,9505
2026-09-03 10:32:51,lht65-20,52.2507,5.97306,3.001,21.13,82.9,5300
2026-09-03 10:42:50,lht65-20,52.2507,5.97306,3.001,20.84,83.2,11895
2026-09-03 10:52:51,lht65-20,52.2507,5.97306,3.001,21.49,81.8,16584
2026-09-03 11:02:51,lht65-20,52.2507,5.97306,3.003,22.48,73.6,16623
2026-09-03 11:12:51,lht65-20,52.2507,5.97306,3.003,22.25,72.8,10690
2026-09-03 11:22:51,lht65-20,52.2507,5.97306,3.003,22.43,73.1,21841
2026-09-03 11:32:51,lht65-20,52.2507,5.97306,3.003,22.7,73.1,17315
2026-09-03 11:42:51,lht65-20,52.2507,5.97306,3.003,23.33,70.2,26588
2026-09-03 11:52:51,lht65-20,52.2507,5.97306,3.005,22.7,68.2,15496
2026-09-03 12:02:51,lht65-20,52.2507,5.97306,3.003,22.64,71.0,10130
2026-09-03 12:12:51,lht65-20,52.2507,5.97306,3.005,22.41,72.1,18831
2026-09-03 12:22:50,lht65-20,52.2507,5.97306,3.003,22.87,70.9,35505
2026-09-03 12:32:51,lht65-20,52.2507,5.97306,3.005,23.45,68.8,19771
2026-09-03 12:42:51,lht65-20,52.2507,5.97306,3.003,22.69,70.2,10651
2026-09-03 12:52:51,lht65-20,52.2507,5.97306,3.003,23.08,68.8,14302
2026-09-03 13:02:51,lht65-20,52.2507,5.97306,3.005,23.19,69.4,13906
2026-09-03 13:12:51,lht65-20,52.2507,5.97306,3.005,23.53,68.5,20530
2026-09-03 13:22:51,lht65-20,52.2507,5.97306,3.005,23.53,66.9,9831
2026-09-03 13:32:51,lht65-20,52.2507,5.97306,3.003,23.0,68.9,15983
2026-09-03 13:42:51,lht65-20,52.2507,5.97306,3.005,23.88,64.5,14404
2026-09-03 13:52:50,lht65-20,52.2507,5.97306,3.005,23.19,65.0,18677
2026-09-03 14:02:51,lht65-20,52.2507,5.97306,3.005,23.06,65.7,7126
2026-09-03 14:12:50,lht65-20,52.2507,5.97306,3.005,22.79,67.6,20566
2026-09-03 14:22:51,lht65-20,52.2507,5.97306,3.005,23.91,65.4,12100
2026-09-03 14:32:51,lht65-20,52.2507,5.97306,3.005,22.94,67.3,7567
2026-09-03 14:42:51,lht65-20,52.2507,5.97306,3.005,23.9,66.5,28752
2026-09-03 14:52:50,lht65-20,52.2507,5.97306,3.007,23.51,65.6,9478
2026-09-03 15:02:50,lht65-20,52.2507,5.97306,3.005,22.79,67.4,9925
2026-09-03 15:12:50,lht65-20,52.2507,5.97306,3.005,22.54,67.7,12027
2026-09-03 15:22:50,lht65-20,52.2507,5.97306,3.007,22.79,68.1,15986
2026-09-03 15:32:50,lht65-20,52.2507,5.97306,3.007,22.48,68.2,9493
2026-09-03 15:42:50,lht65-20,52.2507,5.97306,3.005,22.9,67.9,25433
2026-09-03 15:52:50,lht65-20,52.2507,5.97306,3.005,23.52,65.2,23636
2026-09-03 16:02:50,lht65-20,52.2507,5.97306,3.005,23.29,65.9,6505
2026-09-03 16:12:51,lht65-20,52.2507,5.97306,3.007,22.99,67.7,15380
2026-09-03 16:22:50,lht65-20,52.2507,5.97306,3.007,22.7,65.8,9205
2026-09-03 16:32:50,lht65-20,52.2507,5.97306,3.007,22.57,67.4,8817
2026-09-03 16:42:50,lht65-20,52.2507,5.97306,3.007,22.68,67.3,12359
2026-09-03 16:52:50,lht65-20,52.2507,5.97306,3.007,22.68,66.7,5473
2026-09-03 17:02:51,lht65-20,52.2507,5.97306,3.005,21.86,68.2,2671
2026-09-03 17:12:50,lht65-20,52.2507,5.97306,3.005,21.36,69.5,2406
2026-09-03 17:22:50,lht65-20,52.2507,5.97306,3.005,21.22,69.9,1639
2026-09-03 17:32:50,lht65-20,52.2507,5.97306,3.005,21.15,69.8,1086
2026-09-03 17:42:50,lht65-20,52.2507,5.97306,3.005,21.06,70.7,847
2026-09-03 17:52:50,lht65-20,52.2507,5.97306,3.005,20.91,70.9,584
2026-09-03 18:02:50,lht65-20,52.2507,5.97306,3.007,20.73,71.5,436
2026-09-03 18:12:50,lht65-20,52.2507,5.97306,3.005,20.33,74.2,223
2026-09-03 18:22:50,lht65-20,52.2507,5.97306,3.005,20.29,75.7,92
2026-09-03 18:32:50,lht65-20,52.2507,5.97306,3.005,20.14,77.1,26
2026-09-03 18:42:50,lht65-20,52.2507,5.97306,3.005,19.98,78.9,5
2026-09-03 19:02:51,lht65-20,52.2507,5.97306,3.003,19.86,80.0,0
2026-09-03 19:12:50,lht65-20,52.2507,5.97306,3.005,19.72,81.3,0
2026-09-03 19:22:50,lht65-20,52.2507,5.97306,3.005,19.66,82.7,0
2026-09-03 19:32:50,lht65-20,52.2507,5.97306,3.005,19.63,83.4,0
2026-09-03 19:42:50,lht65-20,52.2507,5.97306,3.003,19.47,84.7,0
2026-09-03 19:52:50,lht65-20,52.2507,5.97306,3.003,19.55,85.3,0
2026-09-03 20:02:50,lht65-20,52.2507,5.97306,3.005,19.47,86.1,0
2026-09-03 20:12:50,lht65-20,52.2507,5.97306,3.005,19.46,86.6,0
2026-09-03 20:22:50,lht65-20,52.2507,5.97306,3.001,19.24,87.4,0
2026-09-03 20:32:50,lht65-20,52.2507,5.97306,3.003,19.03,88.0,0
2026-09-03 20:42:50,lht65-20,52.2507,5.97306,3.003,18.86,89.3,0
2026-09-03 20:52:50,lht65-20,52.2507,5.97306,3.003,19.07,89.4,0
2026-09-03 21:02:50,lht65-20,52.2507,5.97306,3.001,19.38,89.0,0
2026-09-03 21:12:50,lht65-20,52.2507,5.97306,3.005,19.46,88.5,0
2026-09-03 21:22:50,lht65-20,52.2507,5.97306,3.003,19.46,89.0,0
2026-09-03 21:32:50,lht65-20,52.2507,5.97306,3.003,19.47,89.2,0
2026-09-03 21:42:50,lht65-20,52.2507,5.97306,3.003,19.46,89.6,0
2026-09-03 21:52:50,lht65-20,52.2507,5.97306,3.005,19.46,90.0,0
2026-09-03 22:02:51,lht65-20,52.2507,5.97306,3.005,19.45,89.9,0
2026-09-03 22:12:50,lht65-20,52.2507,5.97306,3.003,19.31,90.1,0
2026-09-03 22:22:50,lht65-20,52.2507,5.97306,3.003,19.35,90.3,0
2026-09-03 22:32:50,lht65-20,52.2507,5.97306,3.001,19.42,90.1,0
2026-09-03 22:42:50,lht65-20,52.2507,5.97306,3.005,19.46,89.9,0
2026-09-03 22:52:50,lht65-20,52.2507,5.97306,3.003,19.34,90.1,0
2026-09-03 23:02:50,lht65-20,52.2507,5.97306,3.003,19.33,90.3,0
2026-09-03 23:12:50,lht65-20,52.2507,5.97306,3.003,19.48,89.8,0
2026-09-03 23:22:50,lht65-20,52.2507,5.97306,3.001,19.68,89.2,0
2026-09-03 23:32:50,lht65-20,52.2507,5.97306,3.001,19.75,89.0,0
2026-09-03 23:42:50,lht65-20,52.2507,5.97306,3.001,19.91,88.4,0
2026-09-03 23:52:50,lht65-20,52.2507,5.97306,3.005,20.02,88.1,0
2026-09-04 00:02:51,lht65-20,52.2507,5.97306,3.003,20.04,88.0,0
2026-09-04 00:12:51,lht65-20,52.2507,5.97306,3.003,19.99,88.0,0
2026-09-04 00:22:50,lht65-20,52.2507,5.97306,3.003,19.96,88.3,0
2026-09-04 00:32:50,lht65-20,52.2507,5.97306,3.005,20.01,88.4,0
2026-09-04 00:42:50,lht65-20,52.2507,5.97306,3.003,20.08,88.2,0
2026-09-04 00:52:51,lht65-20,52.2507,5.97306,3.003,20.18,87.8,0
2026-09-04 01:02:51,lht65-20,52.2507,5.97306,3.005,20.25,87.7,0
2026-09-04 01:12:51,lht65-20,52.2507,5.97306,3.003,20.25,88.1,0
2026-09-04 01:22:50,lht65-20,52.2507,5.97306,3.003,20.09,89.1,0
2026-09-04 01:32:50,lht65-20,52.2507,5.97306,3.005,19.98,89.5,0
2026-09-04 01:42:51,lht65-20,52.2507,5.97306,3.005,19.93,89.5,0
2026-09-04 01:52:51,lht65-20,52.2507,5.97306,3.003,19.94,89.3,0
2026-09-04 02:02:50,lht65-20,52.2507,5.97306,3.005,19.97,89.4,0
2026-09-04 02:12:51,lht65-20,52.2507,5.97306,3.003,19.93,90.0,0
2026-09-04 02:22:50,lht65-20,52.2507,5.97306,3.005,19.67,91.1,0
2026-09-04 02:32:50,lht65-20,52.2507,5.97306,3.005,19.66,90.7,0
2026-09-04 02:42:50,lht65-20,52.2507,5.97306,3.003,19.77,89.9,0
2026-09-04 02:52:50,lht65-20,52.2507,5.97306,3.005,19.92,88.8,0
2026-09-04 03:02:50,lht65-20,52.2507,5.97306,3.005,20.07,87.6,0
2026-09-04 03:12:50,lht65-20,52.2507,5.97306,3.005,20.08,87.2,0
2026-09-04 03:22:50,lht65-20,52.2507,5.97306,3.003,20.12,87.0,0
2026-09-04 03:32:50,lht65-20,52.2507,5.97306,3.005,20.08,87.4,0
2026-09-04 03:42:50,lht65-20,52.2507,5.97306,3.003,20.01,87.5,0
2026-09-04 03:52:50,lht65-20,52.2507,5.97306,3.003,20.12,86.6,0
2026-09-04 04:02:50,lht65-20,52.2507,5.97306,3.005,20.18,86.3,0
2026-09-04 04:12:50,lht65-20,52.2507,5.97306,3.005,20.24,85.9,0
2026-09-04 04:22:50,lht65-20,52.2507,5.97306,3.005,20.25,85.4,0
2026-09-04 04:32:50,lht65-20,52.2507,5.97306,3.003,20.33,84.7,4
2026-09-04 04:42:50,lht65-20,52.2507,5.97306,3.005,20.4,83.5,16
2026-09-04 04:52:50,lht65-20,52.2507,5.97306,3.005,20.43,83.0,77
2026-09-04 05:02:50,lht65-20,52.2507,5.97306,3.005,20.46,82.8,205
2026-09-04 05:12:50,lht65-20,52.2507,5.97306,3.005,20.43,83.0,350
2026-09-04 05:22:50,lht65-20,52.2507,5.97306,3.005,20.41,83.4,310
2026-09-04 05:32:50,lht65-20,52.2507,5.97306,3.005,20.31,84.3,364
2026-09-04 05:42:50,lht65-20,52.2507,5.97306,3.003,20.23,84.9,465
2026-09-04 05:52:50,lht65-20,52.2507,5.97306,3.005,19.9,87.3,475
2026-09-04 06:02:50,lht65-20,52.2507,5.97306,3.005,19.77,87.8,1280
2026-09-04 06:12:50,lht65-20,52.2507,5.97306,3.001,20.04,86.1,2338
2026-09-04 06:22:50,lht65-20,52.2507,5.97306,3.003,20.33,84.7,1455
2026-09-04 06:32:50,lht65-20,52.2507,5.97306,3.005,20.6,83.7,2320
2026-09-04 06:42:50,lht65-20,52.2507,5.97306,3.005,20.84,82.8,4080
2026-09-04 06:52:50,lht65-20,52.2507,5.97306,3.005,21.01,81.9,3388
2026-09-04 07:02:50,lht65-20,52.2507,5.97306,3.005,21.07,81.9,3898
2026-09-04 07:12:50,lht65-20,52.2507,5.97306,3.005,21.15,81.5,2444
2026-09-04 07:22:50,lht65-20,52.2507,5.97306,3.007,21.15,81.3,2490
2026-09-04 07:32:50,lht65-20,52.2507,5.97306,3.005,21.15,81.4,3148
2026-09-04 07:52:50,lht65-20,52.2507,5.97306,3.007,21.31,80.8,1896
2026-09-04 08:02:50,lht65-20,52.2507,5.97306,3.005,21.28,81.4,1498
2026-09-04 08:22:50,lht65-20,52.2507,5.97306,3.005,20.68,86.3,5790
2026-09-04 08:32:50,lht65-20,52.2507,5.97306,3.005,20.25,89.1,6462
2026-09-04 08:42:50,lht65-20,52.2507,5.97306,3.003,20.06,90.4,1514
2026-09-04 08:52:50,lht65-20,52.2507,5.97306,3.005,19.97,91.3,7842
2026-09-04 09:02:50,lht65-20,52.2507,5.97306,3.007,20.21,90.6,7769
2026-09-04 09:12:50,lht65-20,52.2507,5.97306,3.003,20.39,89.5,6575
2026-09-04 09:22:50,lht65-20,52.2507,5.97306,3.003,20.61,88.6,7346
2026-09-04 09:32:50,lht65-20,52.2507,5.97306,3.005,20.67,88.2,5690
2026-09-04 09:42:50,lht65-20,52.2507,5.97306,3.005,20.6,89.5,8915
2026-09-04 09:52:50,lht65-20,52.2507,5.97306,3.007,20.6,89.1,7842
2026-09-04 10:02:50,lht65-20,52.2507,5.97306,3.005,20.56,89.3,7088
2026-09-04 10:12:50,lht65-20,52.2507,5.97306,3.003,20.49,90.9,10187
2026-09-04 10:22:50,lht65-20,52.2507,5.97306,3.005,19.98,92.2,10755
2026-09-04 10:32:50,lht65-20,52.2507,5.97306,3.005,18.93,89.3,9077
2026-09-04 10:42:50,lht65-20,52.2507,5.97306,3.003,18.49,90.8,6411
2026-09-04 10:52:50,lht65-20,52.2507,5.97306,3.003,18.16,91.9,9986
2026-09-04 11:02:50,lht65-20,52.2507,5.97306,3.003,18.05,92.5,12915
2026-09-04 11:12:50,lht65-20,52.2507,5.97306,3.001,18.13,92.5,12207
2026-09-04 11:22:50,lht65-20,52.2507,5.97306,3.003,18.06,92.5,11900
2026-09-04 11:32:50,lht65-20,52.2507,5.97306,3.005,18.03,93.2,8168
2026-09-04 11:42:50,lht65-20,52.2507,5.97306,3.001,17.9,93.6,9009
2026-09-04 11:52:50,lht65-20,52.2507,5.97306,3.003,17.91,94.2,8437
2026-09-04 12:02:50,lht65-20,52.2507,5.97306,3.003,17.86,94.3,6895
2026-09-04 12:12:50,lht65-20,52.2507,5.97306,3.005,17.85,94.3,6628
2026-09-04 12:22:50,lht65-20,52.2507,5.97306,3.001,17.82,94.2,6520
2026-09-04 12:32:50,lht65-20,52.2507,5.97306,3.001,17.94,94.1,6711
2026-09-04 12:42:50,lht65-20,52.2507,5.97306,3.003,17.96,94.2,5896
2026-09-04 12:52:50,lht65-20,52.2507,5.97306,3.005,17.91,94.4,4011
2026-09-04 13:02:50,lht65-20,52.2507,5.97306,3.001,17.87,94.6,3509
2026-09-04 13:12:50,lht65-20,52.2507,5.97306,3.001,17.9,94.1,4894
2026-09-04 13:22:50,lht65-20,52.2507,5.97306,3.001,17.91,94.1,4470
2026-09-04 13:32:50,lht65-20,52.2507,5.97306,3.003,17.98,94.4,9169
2026-09-04 13:42:50,lht65-20,52.2507,5.97306,3.005,18.11,93.0,8921
2026-09-04 13:52:50,lht65-20,52.2507,5.97306,3.003,18.34,89.9,15996
2026-09-04 14:02:50,lht65-20,52.2507,5.97306,3.001,18.51,88.5,13428
2026-09-04 14:12:50,lht65-20,52.2507,5.97306,3.003,18.35,89.5,9571
2026-09-04 14:22:50,lht65-20,52.2507,5.97306,3.001,18.29,89.0,9491
2026-09-04 14:32:50,lht65-20,52.2507,5.97306,3.001,18.41,89.1,8931
2026-09-04 14:42:50,lht65-20,52.2507,5.97306,3.001,18.55,89.1,10189
2026-09-04 14:52:50,lht65-20,52.2507,5.97306,3.001,18.78,88.0,9241
2026-09-04 15:02:50,lht65-20,52.2507,5.97306,3.003,18.93,87.9,14214
2026-09-04 15:12:50,lht65-20,52.2507,5.97306,3.001,19.03,86.8,9015
2026-09-04 15:22:50,lht65-20,52.2507,5.97306,3.003,19.01,86.3,7765
2026-09-04 15:32:50,lht65-20,52.2507,5.97306,3.001,19.01,85.1,7360
2026-09-04 15:42:50,lht65-20,52.2507,5.97306,3.001,18.96,84.4,5148
2026-09-04 15:52:50,lht65-20,52.2507,5.97306,3.003,18.84,83.2,5894
2026-09-04 16:02:50,lht65-20,52.2507,5.97306,3.003,18.79,83.8,4994
2026-09-04 16:12:50,lht65-20,52.2507,5.97306,3.001,18.72,83.2,4745
2026-09-04 16:22:50,lht65-20,52.2507,5.97306,3.001,18.57,82.7,3687
2026-09-04 16:32:50,lht65-20,52.2507,5.97306,3.003,18.46,82.8,3053
2026-09-04 16:42:50,lht65-20,52.2507,5.97306,3.001,18.33,83.0,2377
2026-09-04 16:52:50,lht65-20,52.2507,5.97306,3.001,18.26,81.8,1930
2026-09-04 17:02:50,lht65-20,52.2507,5.97306,3.003,18.19,81.1,1561
2026-09-04 17:12:50,lht65-20,52.2507,5.97306,3.001,18.07,81.8,1180
2026-09-04 17:22:50,lht65-20,52.2507,5.97306,3.001,17.99,82.1,1002
2026-09-04 17:32:50,lht65-20,52.2507,5.97306,3.001,17.89,82.0,696
2026-09-04 17:42:50,lht65-20,52.2507,5.97306,3.001,17.8,81.4,515
2026-09-04 17:52:50,lht65-20,52.2507,5.97306,3.003,17.75,81.6,222
2026-09-04 18:02:50,lht65-20,52.2507,5.97306,3.001,17.66,81.6,139
2026-09-04 18:12:50,lht65-20,52.2507,5.97306,3.001,17.52,82.0,72
2026-09-04 18:22:50,lht65-20,52.2507,5.97306,3.003,17.43,82.0,79
2026-09-04 18:32:50,lht65-20,52.2507,5.97306,3.001,17.38,82.0,12
2026-09-04 18:42:50,lht65-20,52.2507,5.97306,3.001,17.28,82.2,2
2026-09-04 18:52:50,lht65-20,52.2507,5.97306,3.003,17.11,82.6,0
2026-09-04 19:02:50,lht65-20,52.2507,5.97306,3.001,17.12,82.1,0
2026-09-04 19:12:50,lht65-20,52.2507,5.97306,3.0,17.02,82.1,0
2026-09-04 19:22:50,lht65-20,52.2507,5.97306,3.001,16.85,82.5,0
2026-09-04 19:32:50,lht65-20,52.2507,5.97306,3.001,16.72,83.1,0
2026-09-04 19:42:50,lht65-20,52.2507,5.97306,3.0,16.61,82.7,0
2026-09-04 19:52:50,lht65-20,52.2507,5.97306,3.001,16.55,82.0,0
2026-09-04 20:02:50,lht65-20,52.2507,5.97306,3.001,16.48,81.4,0
2026-09-04 20:12:50,lht65-20,52.2507,5.97306,3.0,16.49,80.6,0
2026-09-04 20:22:50,lht65-20,52.2507,5.97306,3.001,16.42,80.3,0
2026-09-04 20:32:50,lht65-20,52.2507,5.97306,3.001,16.35,80.2,0
2026-09-04 20:42:50,lht65-20,52.2507,5.97306,3.0,16.14,80.8,0
2026-09-04 20:52:50,lht65-20,52.2507,5.97306,3.001,15.99,80.7,0
2026-09-04 21:02:50,lht65-20,52.2507,5.97306,3.0,15.74,81.1,0
2026-09-04 21:12:50,lht65-20,52.2507,5.97306,3.001,15.65,81.2,0
2026-09-04 21:22:50,lht65-20,52.2507,5.97306,2.998,15.35,82.4,0
2026-09-04 21:32:50,lht65-20,52.2507,5.97306,3.0,14.99,83.6,0
2026-09-04 21:42:50,lht65-20,52.2507,5.97306,3.0,14.79,84.5,0
2026-09-04 21:52:50,lht65-20,52.2507,5.97306,2.998,14.7,84.9,0
2026-09-04 22:02:50,lht65-20,52.2507,5.97306,2.998,14.36,86.1,0
2026-09-04 22:12:50,lht65-20,52.2507,5.97306,2.998,14.15,86.9,0
2026-09-04 22:22:50,lht65-20,52.2507,5.97306,2.998,14.1,87.4,0
2026-09-04 22:32:50,lht65-20,52.2507,5.97306,2.998,13.98,87.3,0
2026-09-04 22:42:50,lht65-20,52.2507,5.97306,2.998,13.86,87.4,0
2026-09-04 22:52:50,lht65-20,52.2507,5.97306,2.998,13.6,88.2,0
2026-09-04 23:02:50,lht65-20,52.2507,5.97306,2.998,13.5,89.1,0
2026-09-04 23:12:50,lht65-20,52.2507,5.97306,2.998,13.57,88.8,0
2026-09-04 23:22:50,lht65-20,52.2507,5.97306,2.998,13.57,88.5,0
2026-09-04 23:32:50,lht65-20,52.2507,5.97306,2.998,13.55,88.8,0
2026-09-04 23:42:50,lht65-20,52.2507,5.97306,2.998,13.59,88.4,0
2026-09-04 23:52:50,lht65-20,52.2507,5.97306,2.998,13.5,88.6,0
2026-09-05 00:02:50,lht65-20,52.2507,5.97306,2.998,13.43,88.9,0
2026-09-05 00:12:50,lht65-20,52.2507,5.97306,2.998,13.52,88.5,0
2026-09-05 00:22:50,lht65-20,52.2507,5.97306,2.998,13.5,88.6,0
2026-09-05 00:32:50,lht65-20,52.2507,5.97306,2.994,13.51,88.4,0
2026-09-05 00:42:50,lht65-20,52.2507,5.97306,2.994,13.57,88.0,0
2026-09-05 00:52:50,lht65-20,52.2507,5.97306,2.994,13.63,87.5,0
2026-09-05 01:02:50,lht65-20,52.2507,5.97306,2.998,13.56,87.5,0
2026-09-05 01:12:50,lht65-20,52.2507,5.97306,2.994,13.53,87.6,0
2026-09-05 01:22:50,lht65-20,52.2507,5.97306,2.998,13.42,87.7,0
2026-09-05 01:32:50,lht65-20,52.2507,5.97306,2.994,13.32,88.1,0
2026-09-05 01:42:50,lht65-20,52.2507,5.97306,2.994,13.25,88.6,0
2026-09-05 01:52:50,lht65-20,52.2507,5.97306,2.996,13.21,88.5,0
2026-09-05 02:02:50,lht65-20,52.2507,5.97306,2.994,13.1,89.0,0
2026-09-05 02:12:50,lht65-20,52.2507,5.97306,2.996,13.09,89.2,0
2026-09-05 02:22:50,lht65-20,52.2507,5.97306,2.994,13.16,88.9,0
2026-09-05 02:32:50,lht65-20,52.2507,5.97306,2.994,13.0,89.3,0
2026-09-05 02:42:50,lht65-20,52.2507,5.97306,2.994,12.82,90.0,0
2026-09-05 02:52:50,lht65-20,52.2507,5.97306,2.994,12.79,90.4,0
2026-09-05 03:12:50,lht65-20,52.2507,5.97306,2.994,12.91,90.0,0
2026-09-05 03:22:50,lht65-20,52.2507,5.97306,2.994,12.88,90.0,0
2026-09-05 03:32:50,lht65-20,52.2507,5.97306,2.994,12.89,90.1,0
2026-09-05 03:42:50,lht65-20,52.2507,5.97306,2.994,12.86,90.2,0
2026-09-05 03:52:50,lht65-20,52.2507,5.97306,2.994,12.96,90.0,0
2026-09-05 04:02:50,lht65-20,52.2507,5.97306,2.996,12.96,89.9,0
2026-09-05 04:12:50,lht65-20,52.2507,5.97306,2.994,13.13,89.6,0
2026-09-05 04:22:50,lht65-20,52.2507,5.97306,2.994,13.26,89.0,3
2026-09-05 04:32:50,lht65-20,52.2507,5.97306,2.994,13.21,89.1,18
2026-09-05 04:42:50,lht65-20,52.2507,5.97306,2.994,13.15,89.3,80
2026-09-05 04:52:50,lht65-20,52.2507,5.97306,2.994,13.11,89.3,235
2026-09-05 05:02:50,lht65-20,52.2507,5.97306,2.994,13.14,89.3,527
2026-09-05 05:12:50,lht65-20,52.2507,5.97306,2.994,13.15,89.2,932
2026-09-05 05:22:50,lht65-20,52.2507,5.97306,2.994,13.26,89.0,1457
2026-09-05 05:32:50,lht65-20,52.2507,5.97306,2.994,13.39,88.9,2310
2026-09-05 05:42:50,lht65-20,52.2507,5.97306,2.994,13.53,88.6,2609
2026-09-05 05:52:50,lht65-20,52.2507,5.97306,2.994,13.84,88.3,6172
2026-09-05 06:02:50,lht65-20,52.2507,5.97306,2.998,14.32,86.5,9007
2026-09-05 06:12:50,lht65-20,52.2507,5.97306,2.998,14.73,86.0,11834
2026-09-05 06:22:50,lht65-20,52.2507,5.97306,2.998,14.91,85.5,7519
2026-09-05 06:32:50,lht65-20,52.2507,5.97306,2.998,15.28,84.8,13239
2026-09-05 06:42:50,lht65-20,52.2507,5.97306,2.998,15.66,84.2,14676
2026-09-05 06:52:50,lht65-20,52.2507,5.97306,2.998,16.1,82.5,16155
2026-09-05 07:02:50,lht65-20,52.2507,5.97306,2.998,16.54,82.4,13032
2026-09-05 07:12:50,lht65-20,52.2507,5.97306,2.998,16.62,82.5,6996
2026-09-05 07:32:50,lht65-20,52.2507,5.97306,3.0,17.38,81.0,9432
2026-09-05 07:42:50,lht65-20,52.2507,5.97306,2.998,17.79,80.2,22641
2026-09-05 07:52:50,lht65-20,52.2507,5.97306,3.0,18.34,77.8,23365
2026-09-05 08:02:50,lht65-20,52.2507,5.97306,3.001,18.53,77.8,25052
2026-09-05 08:12:50,lht65-20,52.2507,5.97306,3.001,18.54,76.8,9380
2026-09-05 08:22:50,lht65-20,52.2507,5.97306,3.0,18.86,75.5,25717
2026-09-05 08:32:50,lht65-20,52.2507,5.97306,3.0,18.98,72.6,10698
2026-09-05 08:42:50,lht65-20,52.2507,5.97306,3.0,18.9,72.4,9093
2026-09-05 08:52:50,lht65-20,52.2507,5.97306,3.001,19.15,69.6,21009
2026-09-05 09:02:50,lht65-20,52.2507,5.97306,3.001,19.1,69.6,10450
2026-09-05 09:12:50,lht65-20,52.2507,5.97306,3.001,19.09,68.5,8256
2026-09-05 09:22:50,lht65-20,52.2507,5.97306,3.0,18.61,69.6,5404
2026-09-05 09:32:50,lht65-20,52.2507,5.97306,3.001,19.31,68.3,27455
2026-09-05 09:42:50,lht65-20,52.2507,5.97306,3.001,19.66,65.9,34520
2026-09-05 10:02:50,lht65-20,52.2507,5.97306,3.001,20.04,65.0,31916
2026-09-05 10:12:50,lht65-20,52.2507,5.97306,3.0,19.22,65.9,7854
2026-09-05 10:22:50,lht65-20,52.2507,5.97306,3.001,19.96,62.5,29587
2026-09-05 10:32:50,lht65-20,52.2507,5.97306,3.001,20.64,60.5,39395
2026-09-05 10:42:50,lht65-20,52.2507,5.97306,3.001,20.53,58.3,9018
2026-09-05 11:02:50,lht65-20,52.2507,5.97306,3.001,21.07,61.7,32235
2026-09-05 11:12:50,lht65-20,52.2507,5.97306,3.001,21.44,57.7,28550
2026-09-05 11:22:50,lht65-20,52.2507,5.97306,3.001,20.16,58.9,6746
2026-09-05 11:32:50,lht65-20,52.2507,5.97306,3.001,19.25,61.9,7778
2026-09-05 11:42:50,lht65-20,52.2507,5.97306,3.001,19.45,66.3,5120
2026-09-05 11:52:50,lht65-20,52.2507,5.97306,3.0,18.29,71.1,6380
2026-09-05 12:02:50,lht65-20,52.2507,5.97306,3.001,18.25,68.0,38769
2026-09-05 12:12:50,lht65-20,52.2507,5.97306,3.001,18.68,66.5,6755
2026-09-05 12:22:50,lht65-20,52.2507,5.97306,3.001,18.19,68.3,11208
2026-09-05 12:32:50,lht65-20,52.2507,5.97306,3.0,18.31,67.1,15780
2026-09-05 12:42:50,lht65-20,52.2507,5.97306,3.001,18.65,66.6,12386
2026-09-05 12:52:50,lht65-20,52.2507,5.97306,3.001,19.46,67.0,14351
2026-09-05 13:02:50,lht65-20,52.2507,5.97306,3.001,19.51,68.5,41254
2026-09-05 13:12:50,lht65-20,52.2507,5.97306,3.001,19.47,66.3,17392
2026-09-05 13:22:50,lht65-20,52.2507,5.97306,3.001,19.55,65.1,17981
2026-09-05 13:32:50,lht65-20,52.2507,5.97306,3.001,19.32,65.1,12890
2026-09-05 13:42:50,lht65-20,52.2507,5.97306,3.0,19.13,64.6,10905
2026-09-05 14:02:50,lht65-20,52.2507,5.97306,3.001,18.74,67.1,31832
2026-09-05 14:12:50,lht65-20,52.2507,5.97306,3.001,19.87,63.7,26884
2026-09-05 14:22:50,lht65-20,52.2507,5.97306,3.001,20.48,61.8,29111
2026-09-05 14:32:50,lht65-20,52.2507,5.97306,3.001,19.46,63.4,7931
2026-09-05 14:52:50,lht65-20,52.2507,5.97306,3.0,18.48,67.1,7425
2026-09-05 15:02:50,lht65-20,52.2507,5.97306,3.0,18.44,64.8,9827
2026-09-05 15:12:50,lht65-20,52.2507,5.97306,3.001,18.83,63.4,6360
2026-09-05 15:22:50,lht65-20,52.2507,5.97306,3.001,19.47,58.0,6523
2026-09-05 15:32:50,lht65-20,52.2507,5.97306,3.001,19.06,60.1,24695
2026-09-05 15:42:50,lht65-20,52.2507,5.97306,3.001,20.16,58.7,19716
2026-09-05 15:52:50,lht65-20,52.2507,5.97306,3.001,18.86,61.1,5666
2026-09-05 16:02:50,lht65-20,52.2507,5.97306,3.001,18.38,64.1,4062
2026-09-05 16:12:50,lht65-20,52.2507,5.97306,3.001,18.19,64.4,7741
2026-09-05 16:22:50,lht65-20,52.2507,5.97306,3.001,18.74,63.7,12586
2026-09-05 16:32:50,lht65-20,52.2507,5.97306,3.001,18.7,63.3,13493
2026-09-05 16:42:50,lht65-20,52.2507,5.97306,3.001,18.21,62.2,12935
2026-09-05 16:52:50,lht65-20,52.2507,5.97306,3.001,18.54,60.3,11993
2026-09-05 17:02:50,lht65-20,52.2507,5.97306,3.001,18.75,58.5,10887
2026-09-05 17:12:50,lht65-20,52.2507,5.97306,3.001,18.74,58.4,6123
2026-09-05 17:22:50,lht65-20,52.2507,5.97306,3.001,18.3,59.6,5789
2026-09-05 17:32:50,lht65-20,52.2507,5.97306,3.001,17.92,62.0,2743
2026-09-05 17:42:50,lht65-20,52.2507,5.97306,3.0,17.56,64.0,2114
2026-09-05 17:52:50,lht65-20,52.2507,5.97306,3.0,17.25,66.2,939
2026-09-05 18:02:50,lht65-20,52.2507,5.97306,3.0,17.01,67.6,493
2026-09-05 18:12:50,lht65-20,52.2507,5.97306,3.0,16.62,69.7,256
2026-09-05 18:22:50,lht65-20,52.2507,5.97306,2.998,16.21,72.1,92
2026-09-05 18:32:50,lht65-20,52.2507,5.97306,2.998,15.98,73.8,26
2026-09-05 18:42:50,lht65-20,52.2507,5.97306,2.998,15.76,74.3,4
2026-09-05 18:52:50,lht65-20,52.2507,5.97306,2.998,15.41,76.4,0
2026-09-05 19:02:50,lht65-20,52.2507,5.97306,2.998,14.91,78.2,0
2026-09-05 19:12:50,lht65-20,52.2507,5.97306,2.998,14.41,80.1,0
2026-09-05 19:22:50,lht65-20,52.2507,5.97306,2.998,13.89,82.5,0
2026-09-05 19:32:50,lht65-20,52.2507,5.97306,2.998,13.48,84.0,0
2026-09-05 19:42:50,lht65-20,52.2507,5.97306,2.996,13.22,85.2,0
2026-09-05 19:52:50,lht65-20,52.2507,5.97306,2.994,12.89,85.6,0
2026-09-05 20:02:50,lht65-20,52.2507,5.97306,2.994,12.37,87.5,0
2026-09-05 20:12:50,lht65-20,52.2507,5.97306,2.994,11.97,90.0,0
2026-09-05 20:22:50,lht65-20,52.2507,5.97306,2.992,11.52,91.3,0
2026-09-05 20:32:50,lht65-20,52.2507,5.97306,2.992,11.19,92.4,0
2026-09-05 20:42:50,lht65-20,52.2507,5.97306,2.991,10.73,92.6,0
2026-09-05 20:52:50,lht65-20,52.2507,5.97306,2.989,10.27,92.9,0
2026-09-05 21:02:50,lht65-20,52.2507,5.97306,2.989,9.84,93.0,0
2026-09-05 21:12:50,lht65-20,52.2507,5.97306,2.989,9.84,94.7,0
2026-09-05 21:22:50,lht65-20,52.2507,5.97306,2.989,9.97,95.5,0
2026-09-05 21:32:50,lht65-20,52.2507,5.97306,2.989,9.84,95.9,0
2026-09-05 21:42:50,lht65-20,52.2507,5.97306,2.989,9.77,96.1,0
2026-09-05 21:52:50,lht65-20,52.2507,5.97306,2.989,9.72,96.3,0
2026-09-05 22:02:50,lht65-20,52.2507,5.97306,2.989,9.83,96.5,0
2026-09-05 22:12:50,lht65-20,52.2507,5.97306,2.989,10.01,96.7,0
2026-09-05 22:22:50,lht65-20,52.2507,5.97306,2.989,9.84,96.8,0
2026-09-05 22:32:50,lht65-20,52.2507,5.97306,2.987,9.52,96.7,0
2026-09-05 22:42:50,lht65-20,52.2507,5.97306,2.989,9.51,96.6,0
2026-09-05 22:52:50,lht65-20,52.2507,5.97306,2.987,9.49,96.7,0
2026-09-05 23:02:50,lht65-20,52.2507,5.97306,2.987,9.42,96.7,0
2026-09-05 23:12:50,lht65-20,52.2507,5.97306,2.987,9.04,96.7,0
2026-09-05 23:22:50,lht65-20,52.2507,5.97306,2.987,8.84,96.5,0
2026-09-05 23:32:50,lht65-20,52.2507,5.97306,2.987,8.99,96.6,0
2026-09-05 23:42:50,lht65-20,52.2507,5.97306,2.985,8.97,96.8,0
2026-09-05 23:52:50,lht65-20,52.2507,5.97306,2.987,8.85,97.0,0
2026-09-06 00:02:50,lht65-20,52.2507,5.97306,2.987,8.84,97.1,0
2026-09-06 00:12:50,lht65-20,52.2507,5.97306,2.987,8.67,97.1,0
2026-09-06 00:22:50,lht65-20,52.2507,5.97306,2.985,8.7,97.2,0
2026-09-06 00:32:50,lht65-20,52.2507,5.97306,2.985,8.37,97.2,0
2026-09-06 00:42:50,lht65-20,52.2507,5.97306,2.983,7.93,97.2,0
2026-09-06 00:52:50,lht65-20,52.2507,5.97306,2.985,8.16,97.2,0
2026-09-06 01:02:50,lht65-20,52.2507,5.97306,2.983,8.37,97.3,0
2026-09-06 01:12:50,lht65-20,52.2507,5.97306,2.985,8.2,97.4,0
2026-09-06 01:22:50,lht65-20,52.2507,5.97306,2.983,8.34,97.5,0
2026-09-06 01:32:50,lht65-20,52.2507,5.97306,2.985,8.23,97.6,0
2026-09-06 01:42:50,lht65-20,52.2507,5.97306,2.983,7.99,97.7,0
2026-09-06 01:52:50,lht65-20,52.2507,5.97306,2.983,8.12,97.7,0
2026-09-06 02:02:50,lht65-20,52.2507,5.97306,2.983,7.89,97.8,0
2026-09-06 02:12:50,lht65-20,52.2507,5.97306,2.983,7.66,97.9,0
2026-09-06 02:22:51,lht65-20,52.2507,5.97306,2.983,7.77,97.9,0
2026-09-06 02:32:51,lht65-20,52.2507,5.97306,2.983,7.74,97.9,0
2026-09-06 02:42:51,lht65-20,52.2507,5.97306,2.983,7.73,98.0,0
2026-09-06 02:52:51,lht65-20,52.2507,5.97306,2.983,7.93,98.0,0
2026-09-06 03:02:51,lht65-20,52.2507,5.97306,2.983,7.99,98.1,0
2026-09-06 03:12:51,lht65-20,52.2507,5.97306,2.983,7.99,98.1,0
2026-09-06 03:22:51,lht65-20,52.2507,5.97306,2.983,7.85,98.2,0
2026-09-06 03:32:51,lht65-20,52.2507,5.97306,2.983,8.04,98.2,0
2026-09-06 03:42:51,lht65-20,52.2507,5.97306,2.983,7.74,98.2,0
2026-09-06 03:52:51,lht65-20,52.2507,5.97306,2.983,7.89,98.3,0
2026-09-06 04:02:50,lht65-20,52.2507,5.97306,2.983,7.8,98.3,0
2026-09-06 04:12:51,lht65-20,52.2507,5.97306,2.983,7.79,98.4,0
2026-09-06 04:22:51,lht65-20,52.2507,5.97306,2.983,7.93,98.3,2
2026-09-06 04:42:51,lht65-20,52.2507,5.97306,2.98,7.6,98.4,71
2026-09-06 04:52:51,lht65-20,52.2507,5.97306,2.982,7.45,98.4,226
2026-09-06 05:02:51,lht65-20,52.2507,5.97306,2.983,7.59,98.4,515
2026-09-06 05:12:51,lht65-20,52.2507,5.97306,2.983,7.54,98.5,921
2026-09-06 05:22:51,lht65-20,52.2507,5.97306,2.98,7.4,98.5,1373
2026-09-06 05:32:51,lht65-20,52.2507,5.97306,2.98,7.71,98.5,2238
2026-09-06 05:42:51,lht65-20,52.2507,5.97306,2.983,7.95,98.6,2578
2026-09-06 05:52:51,lht65-20,52.2507,5.97306,2.982,8.41,98.5,7338
2026-09-06 06:02:51,lht65-20,52.2507,5.97306,2.985,9.75,98.5,8965
2026-09-06 06:12:51,lht65-20,52.2507,5.97306,2.987,10.99,98.4,10524
2026-09-06 06:22:51,lht65-20,52.2507,5.97306,2.987,11.83,98.4,12161
2026-09-06 06:32:51,lht65-20,52.2507,5.97306,2.989,12.29,98.2,13640
2026-09-06 06:42:51,lht65-20,52.2507,5.97306,2.989,12.85,98.2,14916
2026-09-06 06:52:51,lht65-20,52.2507,5.97306,2.991,13.63,98.1,16122
2026-09-06 07:02:51,lht65-20,52.2507,5.97306,2.991,14.29,96.3,17282
2026-09-06 07:12:51,lht65-20,52.2507,5.97306,2.992,15.14,86.4,18346
2026-09-06 07:22:51,lht65-20,52.2507,5.97306,2.994,15.95,81.4,19386
2026-09-06 07:32:51,lht65-20,52.2507,5.97306,2.994,16.59,76.4,20250
2026-09-06 07:42:51,lht65-20,52.2507,5.97306,2.994,17.28,73.1,21012
2026-09-06 07:52:51,lht65-20,52.2507,5.97306,2.994,18.1,69.4,21813
2026-09-06 08:02:51,lht65-20,52.2507,5.97306,2.996,18.39,66.9,22435
2026-09-06 08:12:51,lht65-20,52.2507,5.97306,2.998,18.69,62.1,23322
2026-09-06 08:22:51,lht65-20,52.2507,5.97306,2.998,19.08,59.0,23763
2026-09-06 08:32:51,lht65-20,52.2507,5.97306,2.998,19.47,60.1,24183
2026-09-06 08:42:51,lht65-20,52.2507,5.97306,2.998,20.17,56.0,24920
2026-09-06 08:52:51,lht65-20,52.2507,5.97306,2.998,20.4,56.0,25533
2026-09-06 09:02:51,lht65-20,52.2507,5.97306,3.0,20.63,54.6,26090
2026-09-06 09:12:51,lht65-20,52.2507,5.97306,2.998,20.78,55.2,26805
2026-09-06 09:22:51,lht65-20,52.2507,5.97306,3.0,20.96,55.6,27569
2026-09-06 09:32:51,lht65-20,52.2507,5.97306,2.998,21.19,53.6,27807
2026-09-06 09:42:51,lht65-20,52.2507,5.97306,2.998,21.5,52.6,29480
2026-09-06 09:52:51,lht65-20,52.2507,5.97306,3.0,21.38,52.2,29606
2026-09-06 10:02:51,lht65-20,52.2507,5.97306,3.0,21.91,53.2,29601
2026-09-06 10:12:51,lht65-20,52.2507,5.97306,3.0,22.19,50.4,29136
2026-09-06 10:22:51,lht65-20,52.2507,5.97306,3.0,22.27,52.7,28091
2026-09-06 10:32:51,lht65-20,52.2507,5.97306,3.001,22.32,50.1,30418
2026-09-06 10:42:51,lht65-20,52.2507,5.97306,3.0,22.71,50.3,32050
2026-09-06 10:52:51,lht65-20,52.2507,5.97306,3.001,22.84,51.9,33104
2026-09-06 11:02:51,lht65-20,52.2507,5.97306,3.0,22.76,51.4,32967
2026-09-06 11:12:51,lht65-20,52.2507,5.97306,3.0,23.04,48.4,30461
2026-09-06 11:22:51,lht65-20,52.2507,5.97306,3.001,22.14,51.0,38170
2026-09-06 11:32:51,lht65-20,52.2507,5.97306,3.0,22.14,53.4,37635
2026-09-06 11:42:51,lht65-20,52.2507,5.97306,3.0,22.44,50.4,36706
2026-09-06 11:52:51,lht65-20,52.2507,5.97306,3.001,22.74,51.2,33363
2026-09-06 12:02:51,lht65-20,52.2507,5.97306,3.001,23.23,50.9,33055
2026-09-06 12:12:51,lht65-20,52.2507,5.97306,3.001,23.25,50.6,32780
2026-09-06 12:22:51,lht65-20,52.2507,5.97306,3.001,23.16,49.5,32361
2026-09-06 12:32:51,lht65-20,52.2507,5.97306,3.001,23.24,50.8,35165
2026-09-06 12:42:51,lht65-20,52.2507,5.97306,3.001,22.87,50.2,19786
2026-09-06 12:52:51,lht65-20,52.2507,5.97306,3.001,23.57,49.0,37841
2026-09-06 13:02:51,lht65-20,52.2507,5.97306,3.001,23.16,48.7,18740
2026-09-06 13:12:51,lht65-20,52.2507,5.97306,3.001,22.59,50.4,20186
2026-09-06 13:22:51,lht65-20,52.2507,5.97306,3.001,22.28,51.9,16398
2026-09-06 13:32:51,lht65-20,52.2507,5.97306,3.001,22.18,50.0,15832
2026-09-06 13:42:51,lht65-20,52.2507,5.97306,3.001,22.44,50.6,32770
2026-09-06 13:52:51,lht65-20,52.2507,5.97306,3.003,23.69,45.9,28942
2026-09-06 14:02:51,lht65-20,52.2507,5.97306,3.003,22.88,47.6,10571
2026-09-06 14:12:51,lht65-20,52.2507,5.97306,3.001,22.11,50.2,27805
2026-09-06 14:22:51,lht65-20,52.2507,5.97306,3.001,22.2,50.1,12924
2026-09-06 14:32:51,lht65-20,52.2507,5.97306,3.001,21.85,49.2,11940
2026-09-06 14:42:51,lht65-20,52.2507,5.97306,3.001,21.76,53.5,12642
2026-09-06 14:52:51,lht65-20,52.2507,5.97306,3.001,22.76,51.0,30184
2026-09-06 15:02:50,lht65-20,52.2507,5.97306,3.001,23.61,48.0,26047
2026-09-06 15:12:51,lht65-20,52.2507,5.97306,3.003,23.17,46.5,7877
2026-09-06 15:22:51,lht65-20,52.2507,5.97306,3.005,23.36,47.8,24421
2026-09-06 15:32:51,lht65-20,52.2507,5.97306,3.003,23.77,47.3,23807
2026-09-06 15:42:51,lht65-20,52.2507,5.97306,3.001,22.97,49.8,15905
2026-09-06 15:52:50,lht65-20,52.2507,5.97306,3.003,22.99,50.5,13384
2026-09-06 16:02:51,lht65-20,52.2507,5.97306,3.003,23.75,49.9,21568
2026-09-06 16:12:51,lht65-20,52.2507,5.97306,3.001,23.61,45.0,18320
2026-09-06 16:22:51,lht65-20,52.2507,5.97306,3.003,22.93,47.9,6647
2026-09-06 16:32:51,lht65-20,52.2507,5.97306,3.003,22.04,51.0,17566
2026-09-06 16:42:51,lht65-20,52.2507,5.97306,3.003,22.2,49.8,5880
2026-09-06 16:52:50,lht65-20,52.2507,5.97306,3.001,21.7,50.4,3521
2026-09-06 17:02:51,lht65-20,52.2507,5.97306,3.003,21.13,51.7,2786
2026-09-06 17:12:51,lht65-20,52.2507,5.97306,3.001,20.58,56.0,2515
2026-09-06 17:22:51,lht65-20,52.2507,5.97306,3.001,20.58,57.7,3625
2026-09-06 17:32:51,lht65-20,52.2507,5.97306,3.003,21.13,55.8,6480
2026-09-06 17:52:51,lht65-20,52.2507,5.97306,3.003,20.61,57.0,862
2026-09-06 18:02:51,lht65-20,52.2507,5.97306,3.001,19.25,62.3,469
2026-09-06 18:12:50,lht65-20,52.2507,5.97306,3.001,18.05,66.3,199
2026-09-06 18:22:50,lht65-20,52.2507,5.97306,3.001,17.07,70.8,67
2026-09-06 18:32:51,lht65-20,52.2507,5.97306,3.0,16.33,75.7,13
2026-09-06 18:42:51,lht65-20,52.2507,5.97306,2.998,15.67,77.5,1
2026-09-06 19:02:51,lht65-20,52.2507,5.97306,2.998,14.57,85.3,0
2026-09-06 19:12:51,lht65-20,52.2507,5.97306,2.998,14.24,87.7,0
2026-09-06 19:22:51,lht65-20,52.2507,5.97306,2.998,13.98,88.4,0
2026-09-06 19:32:51,lht65-20,52.2507,5.97306,2.996,13.96,90.0,0
2026-09-06 19:42:51,lht65-20,52.2507,5.97306,2.996,13.77,89.7,0
2026-09-06 19:52:51,lht65-20,52.2507,5.97306,2.998,13.72,91.3,0
2026-09-06 20:02:51,lht65-20,52.2507,5.97306,2.996,13.78,91.1,0
2026-09-06 20:12:51,lht65-20,52.2507,5.97306,2.994,13.6,91.2,0
2026-09-06 20:22:50,lht65-20,52.2507,5.97306,2.994,13.53,92.1,0
2026-09-06 20:32:50,lht65-20,52.2507,5.97306,2.994,13.44,92.1,0
2026-09-06 20:42:51,lht65-20,52.2507,5.97306,2.994,13.29,92.3,0
2026-09-06 20:52:51,lht65-20,52.2507,5.97306,2.996,13.19,93.1,0
2026-09-06 21:02:50,lht65-20,52.2507,5.97306,2.994,13.26,94.0,0
2026-09-06 21:12:51,lht65-20,52.2507,5.97306,2.994,13.23,94.2,0
2026-09-06 21:22:51,lht65-20,52.2507,5.97306,2.994,13.25,94.6,0
2026-09-06 21:32:51,lht65-20,52.2507,5.97306,2.994,13.29,94.9,0
2026-09-06 21:42:51,lht65-20,52.2507,5.97306,2.994,13.41,95.1,0
2026-09-06 21:52:51,lht65-20,52.2507,5.97306,2.994,13.48,95.0,0
2026-09-06 22:12:51,lht65-20,52.2507,5.97306,2.994,13.56,94.6,0
2026-09-06 22:22:51,lht65-20,52.2507,5.97306,2.994,13.52,94.7,0
2026-09-06 22:32:51,lht65-20,52.2507,5.97306,2.994,13.33,94.6,0
2026-09-06 22:42:50,lht65-20,52.2507,5.97306,2.994,13.03,94.3,0
2026-09-06 22:52:51,lht65-20,52.2507,5.97306,2.994,12.81,94.6,0
2026-09-06 23:02:51,lht65-20,52.2507,5.97306,2.992,12.52,94.6,0
2026-09-06 23:12:51,lht65-20,52.2507,5.97306,2.994,12.3,94.9,0
2026-09-06 23:22:51,lht65-20,52.2507,5.97306,2.992,12.26,95.5,0
2026-09-06 23:32:51,lht65-20,52.2507,5.97306,2.992,12.21,95.9,0
2026-09-06 23:42:51,lht65-20,52.2507,5.97306,2.992,12.19,96.1,0
2026-09-06 23:52:51,lht65-20,52.2507,5.97306,2.992,11.99,96.3,0
2026-09-07 00:02:51,lht65-20,52.2507,5.97306,2.991,11.63,96.2,0
2026-09-07 00:12:51,lht65-20,52.2507,5.97306,2.991,11.46,96.3,0
2026-09-07 00:22:51,lht65-20,52.2507,5.97306,2.991,11.37,96.4,0
2026-09-07 00:32:51,lht65-20,52.2507,5.97306,2.989,11.29,96.5,0
2026-09-07 00:42:51,lht65-20,52.2507,5.97306,2.991,11.09,96.6,0
2026-09-07 00:52:51,lht65-20,52.2507,5.97306,2.989,11.12,96.7,0
2026-09-07 01:02:51,lht65-20,52.2507,5.97306,2.991,11.26,96.8,0
2026-09-07 01:12:51,lht65-20,52.2507,5.97306,2.991,11.51,96.9,0
2026-09-07 01:22:51,lht65-20,52.2507,5.97306,2.989,11.7,97.0,0
2026-09-07 01:32:51,lht65-20,52.2507,5.97306,2.992,11.93,97.2,0
2026-09-07 01:42:51,lht65-20,52.2507,5.97306,2.991,12.09,97.2,0
2026-09-07 01:52:51,lht65-20,52.2507,5.97306,2.992,12.22,97.3,0
2026-09-07 02:02:51,lht65-20,52.2507,5.97306,2.991,12.27,97.4,0
2026-09-07 02:12:51,lht65-20,52.2507,5.97306,2.992,12.39,97.4,0
2026-09-07 02:22:51,lht65-20,52.2507,5.97306,2.991,12.4,97.4,0
2026-09-07 02:32:51,lht65-20,52.2507,5.97306,2.992,12.47,97.5,0
2026-09-07 02:42:51,lht65-20,52.2507,5.97306,2.991,12.58,97.6,0
2026-09-07 02:52:51,lht65-20,52.2507,5.97306,2.994,12.76,97.6,0
2026-09-07 03:02:51,lht65-20,52.2507,5.97306,2.992,12.81,97.6,0
2026-09-07 03:12:51,lht65-20,52.2507,5.97306,2.992,12.87,97.6,0
2026-09-07 03:22:51,lht65-20,52.2507,5.97306,2.991,12.82,97.6,0
2026-09-07 03:32:51,lht65-20,52.2507,5.97306,2.992,12.94,97.7,0
2026-09-07 03:42:51,lht65-20,52.2507,5.97306,2.992,12.95,97.7,0
2026-09-07 03:52:51,lht65-20,52.2507,5.97306,2.991,12.94,97.7,0
2026-09-07 04:02:51,lht65-20,52.2507,5.97306,2.991,12.76,97.7,0
2026-09-07 04:12:51,lht65-20,52.2507,5.97306,2.991,12.64,97.7,0
2026-09-07 04:22:51,lht65-20,52.2507,5.97306,2.991,12.58,97.7,0
2026-09-07 04:32:51,lht65-20,52.2507,5.97306,2.992,12.51,97.7,5
2026-09-07 04:42:51,lht65-20,52.2507,5.97306,2.991,12.47,97.7,30
2026-09-07 04:52:51,lht65-20,52.2507,5.97306,2.992,12.51,97.7,95
2026-09-07 05:02:51,lht65-20,52.2507,5.97306,2.991,12.51,97.6,260
2026-09-07 05:12:51,lht65-20,52.2507,5.97306,2.991,12.47,97.7,618
2026-09-07 05:22:51,lht65-20,52.2507,5.97306,2.991,12.54,97.6,1080
2026-09-07 05:32:51,lht65-20,52.2507,5.97306,2.991,12.7,97.6,1313
2026-09-07 05:42:51,lht65-20,52.2507,5.97306,2.991,12.8,97.6,1473
2026-09-07 05:52:51,lht65-20,52.2507,5.97306,2.991,12.97,97.6,1883
2026-09-07 06:02:51,lht65-20,52.2507,5.97306,2.992,13.16,97.6,2485
2026-09-07 06:12:51,lht65-20,52.2507,5.97306,2.991,13.44,97.6,6490
2026-09-07 06:22:51,lht65-20,52.2507,5.97306,2.992,14.19,97.5,9078
2026-09-07 06:32:51,lht65-20,52.2507,5.97306,2.994,15.35,97.3,13090
2026-09-07 06:42:51,lht65-20,52.2507,5.97306,2.994,16.5,94.7,14544
2026-09-07 06:52:51,lht65-20,52.2507,5.97306,2.996,17.88,78.6,15545
2026-09-07 07:02:51,lht65-20,52.2507,5.97306,2.998,18.6,72.1,7530
2026-09-07 07:12:51,lht65-20,52.2507,5.97306,2.998,18.87,71.1,8092
2026-09-07 07:22:51,lht65-20,52.2507,5.97306,2.998,19.28,72.1,9812
2026-09-07 07:32:51,lht65-20,52.2507,5.97306,3.0,20.72,69.4,15035
2026-09-07 07:42:51,lht65-20,52.2507,5.97306,3.0,21.52,61.6,11510
2026-09-07 07:52:51,lht65-20,52.2507,5.97306,3.0,21.66,60.5,10289
2026-09-07 08:02:51,lht65-20,52.2507,5.97306,3.0,21.83,56.4,18475
2026-09-07 08:12:51,lht65-20,52.2507,5.97306,3.001,21.93,58.6,8057
2026-09-07 08:22:51,lht65-20,52.2507,5.97306,3.0,21.86,58.1,9196
2026-09-07 08:32:51,lht65-20,52.2507,5.97306,3.001,22.28,57.4,12112
2026-09-07 08:42:51,lht65-20,52.2507,5.97306,3.001,22.58,58.3,15695
2026-09-07 08:52:51,lht65-20,52.2507,5.97306,3.001,23.9,55.7,19135
2026-09-07 09:02:51,lht65-20,52.2507,5.97306,3.001,24.03,54.1,20246
2026-09-07 09:12:51,lht65-20,52.2507,5.97306,3.001,24.22,52.8,19708
2026-09-07 09:22:51,lht65-20,52.2507,5.97306,3.001,24.04,54.5,11985
2026-09-07 09:32:51,lht65-20,52.2507,5.97306,3.003,24.18,51.8,21273
2026-09-07 09:42:51,lht65-20,52.2507,5.97306,3.005,24.64,51.4,26768
2026-09-07 09:52:51,lht65-20,52.2507,5.97306,3.003,25.64,47.2,29315
2026-09-07 10:02:51,lht65-20,52.2507,5.97306,3.005,26.38,46.7,29325
2026-09-07 10:12:51,lht65-20,52.2507,5.97306,3.005,26.74,46.1,28736
2026-09-07 10:22:51,lht65-20,52.2507,5.97306,3.007,27.34,44.7,29501
2026-09-07 10:32:51,lht65-20,52.2507,5.97306,3.005,27.79,40.7,29833
2026-09-07 10:42:51,lht65-20,52.2507,5.97306,3.005,28.34,39.6,30134
2026-09-07 10:52:51,lht65-20,52.2507,5.97306,3.005,28.66,38.3,30343
2026-09-07 11:02:51,lht65-20,52.2507,5.97306,3.007,29.0,38.6,30508
2026-09-07 11:12:51,lht65-20,52.2507,5.97306,3.007,29.49,39.2,30817
2026-09-07 11:22:51,lht65-20,52.2507,5.97306,3.009,29.33,37.2,30688
2026-09-07 11:32:51,lht65-20,52.2507,5.97306,3.007,29.54,37.3,30535
2026-09-07 11:42:51,lht65-20,52.2507,5.97306,3.009,29.89,40.2,30305
2026-09-07 11:52:51,lht65-20,52.2507,5.97306,3.009,30.05,38.6,30161
2026-09-07 12:02:51,lht65-20,52.2507,5.97306,3.009,29.8,37.4,29902
2026-09-07 12:12:51,lht65-20,52.2507,5.97306,3.009,30.16,38.1,29900
2026-09-07 12:22:51,lht65-20,52.2507,5.97306,3.009,29.89,39.3,29500
2026-09-07 12:32:51,lht65-20,52.2507,5.97306,3.009,30.31,38.0,29888
2026-09-07 12:42:51,lht65-20,52.2507,5.97306,3.009,30.12,40.6,27841
2026-09-07 12:52:51,lht65-20,52.2507,5.97306,3.009,30.45,38.9,28602
2026-09-07 13:02:51,lht65-20,52.2507,5.97306,3.01,30.39,43.6,28185
2026-09-07 13:12:51,lht65-20,52.2507,5.97306,3.01,29.42,44.0,25636
2026-09-07 13:22:50,lht65-20,52.2507,5.97306,3.01,29.41,45.2,22833
2026-09-07 13:32:51,lht65-20,52.2507,5.97306,3.009,28.98,44.8,20224
2026-09-07 13:42:51,lht65-20,52.2507,5.97306,3.012,29.33,46.6,18593
2026-09-07 13:52:51,lht65-20,52.2507,5.97306,3.012,28.98,47.7,21301
2026-09-07 14:02:51,lht65-20,52.2507,5.97306,3.01,29.07,47.5,27495
2026-09-07 14:12:51,lht65-20,52.2507,5.97306,3.01,28.94,48.9,25208
2026-09-07 14:22:51,lht65-20,52.2507,5.97306,3.01,28.55,49.2,22398
2026-09-07 14:32:51,lht65-20,52.2507,5.97306,3.012,28.55,50.6,20606
2026-09-07 14:42:51,lht65-20,52.2507,5.97306,3.012,27.87,53.1,14020
2026-09-07 14:52:51,lht65-20,52.2507,5.97306,3.012,27.27,54.8,11210
2026-09-07 15:02:51,lht65-20,52.2507,5.97306,3.012,26.57,58.3,14468
2026-09-07 15:12:51,lht65-20,52.2507,5.97306,3.012,26.54,57.6,22998
2026-09-07 15:22:51,lht65-20,52.2507,5.97306,3.012,27.07,56.2,22540
2026-09-07 15:32:51,lht65-20,52.2507,5.97306,3.012,26.41,56.7,18735
2026-09-07 15:42:50,lht65-20,52.2507,5.97306,3.012,26.18,57.2,13847
2026-09-07 15:52:51,lht65-20,52.2507,5.97306,3.012,25.55,58.4,7349
2026-09-07 16:02:51,lht65-20,52.2507,5.97306,3.012,25.28,60.1,9515
2026-09-07 16:12:51,lht65-20,52.2507,5.97306,3.01,25.52,60.1,18806
2026-09-07 16:22:51,lht65-20,52.2507,5.97306,3.012,25.5,60.7,7733
2026-09-07 16:32:51,lht65-20,52.2507,5.97306,3.012,24.9,65.0,3205
2026-09-07 16:42:51,lht65-20,52.2507,5.97306,3.009,24.48,65.5,2549
2026-09-07 16:52:51,lht65-20,52.2507,5.97306,3.012,24.17,66.5,3479
2026-09-07 17:02:51,lht65-20,52.2507,5.97306,3.01,23.74,68.4,2725
2026-09-07 17:12:50,lht65-20,52.2507,5.97306,3.009,23.35,69.5,1276
2026-09-07 17:22:50,lht65-20,52.2507,5.97306,3.012,23.08,70.3,575
2026-09-07 17:32:50,lht65-20,52.2507,5.97306,3.012,22.91,71.1,645
2026-09-07 17:42:50,lht65-20,52.2507,5.97306,3.009,22.8,70.7,284
2026-09-07 17:52:50,lht65-20,52.2507,5.97306,3.01,22.6,71.8,173
2026-09-07 18:02:50,lht65-20,52.2507,5.97306,3.009,22.46,72.6,76
2026-09-07 18:12:50,lht65-20,52.2507,5.97306,3.009,22.28,73.5,66
2026-09-07 18:22:50,lht65-20,52.2507,5.97306,3.009,21.93,74.8,15
2026-09-07 18:32:50,lht65-20,52.2507,5.97306,3.009,21.79,75.3,5
2026-09-07 18:42:50,lht65-20,52.2507,5.97306,3.012,21.8,75.2,0
2026-09-07 18:52:50,lht65-20,52.2507,5.97306,3.009,21.69,75.2,0
2026-09-07 19:02:50,lht65-20,52.2507,5.97306,3.009,21.67,75.9,0
2026-09-07 19:12:50,lht65-20,52.2507,5.97306,3.009,21.46,77.0,0
2026-09-07 19:22:50,lht65-20,52.2507,5.97306,3.009,21.21,78.3,0
2026-09-07 19:32:50,lht65-20,52.2507,5.97306,3.01,20.98,79.7,0
2026-09-07 19:42:50,lht65-20,52.2507,5.97306,3.009,20.83,80.4,0
2026-09-07 19:52:50,lht65-20,52.2507,5.97306,3.009,20.63,81.1,0
2026-09-07 20:02:50,lht65-20,52.2507,5.97306,3.009,20.49,81.6,0
2026-09-07 20:12:50,lht65-20,52.2507,5.97306,3.009,20.24,82.5,0
2026-09-07 20:22:50,lht65-20,52.2507,5.97306,3.009,19.88,84.0,0
2026-09-07 20:32:50,lht65-20,52.2507,5.97306,3.007,19.69,85.0,0
2026-09-07 20:42:50,lht65-20,52.2507,5.97306,3.009,19.53,85.5,0
2026-09-07 20:52:50,lht65-20,52.2507,5.97306,3.007,19.39,86.7,0
2026-09-07 21:02:50,lht65-20,52.2507,5.97306,3.009,19.32,87.4,0
2026-09-07 21:12:50,lht65-20,52.2507,5.97306,3.009,19.29,87.6,0
2026-09-07 21:22:50,lht65-20,52.2507,5.97306,3.007,19.24,88.0,0
2026-09-07 21:32:50,lht65-20,52.2507,5.97306,3.009,19.46,87.3,0
2026-09-07 21:42:50,lht65-20,52.2507,5.97306,3.009,19.46,87.6,0
2026-09-07 21:52:50,lht65-20,52.2507,5.97306,3.009,19.46,87.4,0
2026-09-07 22:02:50,lht65-20,52.2507,5.97306,3.009,19.34,87.6,0
2026-09-07 22:12:50,lht65-20,52.2507,5.97306,3.009,19.34,87.1,0
2026-09-07 22:22:50,lht65-20,52.2507,5.97306,3.009,19.27,86.7,0
2026-09-07 22:32:50,lht65-20,52.2507,5.97306,3.007,19.19,86.2,0
2026-09-07 22:42:50,lht65-20,52.2507,5.97306,3.005,19.16,85.7,0
2026-09-07 22:52:50,lht65-20,52.2507,5.97306,3.009,19.15,84.2,0
2026-09-07 23:02:50,lht65-20,52.2507,5.97306,3.007,18.99,84.0,0
2026-09-07 23:12:50,lht65-20,52.2507,5.97306,3.007,18.91,83.6,0
2026-09-07 23:22:50,lht65-20,52.2507,5.97306,3.005,18.87,83.4,0
2026-09-07 23:32:50,lht65-20,52.2507,5.97306,3.007,18.66,83.8,0
2026-09-07 23:42:50,lht65-20,52.2507,5.97306,3.005,18.53,84.1,0
2026-09-07 23:52:50,lht65-20,52.2507,5.97306,3.007,18.36,84.7,0
2026-09-08 00:02:50,lht65-20,52.2507,5.97306,3.005,18.28,85.0,0
2026-09-08 00:12:50,lht65-20,52.2507,5.97306,3.007,18.19,85.1,0
2026-09-08 00:22:50,lht65-20,52.2507,5.97306,3.007,18.1,85.6,0
2026-09-08 00:32:50,lht65-20,52.2507,5.97306,3.005,18.02,85.5,0
2026-09-08 00:42:50,lht65-20,52.2507,5.97306,3.005,17.89,85.8,0
2026-09-08 00:52:50,lht65-20,52.2507,5.97306,3.005,17.87,85.5,0
2026-09-08 01:02:50,lht65-20,52.2507,5.97306,3.007,17.81,85.6,0
2026-09-08 01:12:50,lht65-20,52.2507,5.97306,3.005,17.75,85.9,0
2026-09-08 01:22:50,lht65-20,52.2507,5.97306,3.005,17.84,85.9,0
2026-09-08 01:32:50,lht65-20,52.2507,5.97306,3.005,17.82,86.0,0
2026-09-08 01:42:50,lht65-20,52.2507,5.97306,3.005,17.75,86.0,0
2026-09-08 01:52:50,lht65-20,52.2507,5.97306,3.005,17.81,85.9,0
2026-09-08 02:02:50,lht65-20,52.2507,5.97306,3.005,17.6,86.3,0
2026-09-08 02:12:50,lht65-20,52.2507,5.97306,3.005,17.43,86.9,0
2026-09-08 02:22:50,lht65-20,52.2507,5.97306,3.005,17.31,87.4,0
2026-09-08 02:42:50,lht65-20,52.2507,5.97306,3.005,17.26,87.7,0
2026-09-08 02:52:50,lht65-20,52.2507,5.97306,3.005,17.28,87.5,0
2026-09-08 03:02:50,lht65-20,52.2507,5.97306,3.005,17.25,87.7,0
2026-09-08 03:12:50,lht65-20,52.2507,5.97306,3.005,17.26,87.7,0
2026-09-08 03:22:50,lht65-20,52.2507,5.97306,3.007,17.26,87.8,0
2026-09-08 03:32:50,lht65-20,52.2507,5.97306,3.007,17.29,87.6,0
2026-09-08 03:42:50,lht65-20,52.2507,5.97306,3.003,17.33,87.5,0
2026-09-08 03:52:50,lht65-20,52.2507,5.97306,3.005,17.36,87.3,0
2026-09-08 04:02:50,lht65-20,52.2507,5.97306,3.005,17.36,87.2,0
2026-09-08 04:12:50,lht65-20,52.2507,5.97306,3.005,17.35,87.2,0
2026-09-08 04:22:50,lht65-20,52.2507,5.97306,3.003,17.38,87.0,0
2026-09-08 04:32:50,lht65-20,52.2507,5.97306,3.005,17.37,86.9,1
2026-09-08 04:42:50,lht65-20,52.2507,5.97306,3.005,17.42,86.6,9
2026-09-08 04:52:50,lht65-20,52.2507,5.97306,3.005,17.44,86.5,35
2026-09-08 05:02:50,lht65-20,52.2507,5.97306,3.003,17.48,86.3,89
2026-09-08 05:12:50,lht65-20,52.2507,5.97306,3.005,17.55,85.9,264
2026-09-08 05:22:50,lht65-20,52.2507,5.97306,3.003,17.61,85.7,615
2026-09-08 05:32:50,lht65-20,52.2507,5.97306,3.003,17.64,85.4,525
2026-09-08 05:42:50,lht65-20,52.2507,5.97306,3.003,17.68,85.1,711
2026-09-08 05:52:50,lht65-20,52.2507,5.97306,3.005,17.66,85.2,1036
2026-09-08 06:02:50,lht65-20,52.2507,5.97306,3.005,17.62,85.5,1221
2026-09-08 06:12:50,lht65-20,52.2507,5.97306,3.003,17.62,85.5,1677
2026-09-08 06:22:50,lht65-20,52.2507,5.97306,3.003,17.62,85.5,2230
2026-09-08 06:32:50,lht65-20,52.2507,5.97306,3.003,17.66,85.8,2493
2026-09-08 06:42:50,lht65-20,52.2507,5.97306,3.005,17.7,85.3,3621
2026-09-08 06:52:50,lht65-20,52.2507,5.97306,3.003,17.81,85.0,3161
2026-09-08 07:02:50,lht65-20,52.2507,5.97306,3.005,17.89,84.2,4150
2026-09-08 07:12:50,lht65-20,52.2507,5.97306,3.005,18.0,83.4,3985
2026-09-08 07:22:50,lht65-20,52.2507,5.97306,3.003,18.13,82.7,4608
2026-09-08 07:32:50,lht65-20,52.2507,5.97306,3.003,18.27,81.7,5147
2026-09-08 07:42:50,lht65-20,52.2507,5.97306,3.003,18.36,81.2,5825
2026-09-08 07:52:50,lht65-20,52.2507,5.97306,3.005,18.59,79.9,7806
2026-09-08 08:02:50,lht65-20,52.2507,5.97306,3.007,18.77,79.4,6831
2026-09-08 08:12:50,lht65-20,52.2507,5.97306,3.005,18.76,79.0,6410
2026-09-08 08:22:50,lht65-20,52.2507,5.97306,3.005,18.68,79.7,6117
2026-09-08 08:32:50,lht65-20,52.2507,5.97306,3.005,18.88,78.8,10407
2026-09-08 08:42:50,lht65-20,52.2507,5.97306,3.005,19.29,77.1,9473
2026-09-08 08:52:50,lht65-20,52.2507,5.97306,3.005,19.39,76.5,11261
2026-09-08 09:02:50,lht65-20,52.2507,5.97306,3.007,19.7,74.9,16481
2026-09-08 09:12:50,lht65-20,52.2507,5.97306,3.005,20.27,72.6,17544
2026-09-08 09:22:50,lht65-20,52.2507,5.97306,3.007,20.19,72.3,13425
2026-09-08 09:32:50,lht65-20,52.2507,5.97306,3.007,20.14,71.6,14578
2026-09-08 09:42:50,lht65-20,52.2507,5.97306,3.005,20.12,72.3,12964
2026-09-08 09:52:50,lht65-20,52.2507,5.97306,3.007,20.21,70.9,12795
2026-09-08 10:02:50,lht65-20,52.2507,5.97306,3.007,20.26,70.2,11384
2026-09-08 10:12:50,lht65-20,52.2507,5.97306,3.007,20.16,70.3,12035
2026-09-08 10:22:50,lht65-20,52.2507,5.97306,3.007,20.33,70.5,13182
2026-09-08 10:32:50,lht65-20,52.2507,5.97306,3.009,21.05,67.6,15370
2026-09-08 10:42:50,lht65-20,52.2507,5.97306,3.007,21.24,66.2,16685
2026-09-08 10:52:50,lht65-20,52.2507,5.97306,3.007,21.51,66.9,24753
2026-09-08 11:02:50,lht65-20,52.2507,5.97306,3.009,21.67,63.6,28325
2026-09-08 11:12:50,lht65-20,52.2507,5.97306,3.007,21.4,65.5,15402
2026-09-08 11:22:50,lht65-20,52.2507,5.97306,3.007,21.62,63.9,13648
2026-09-08 11:32:50,lht65-20,52.2507,5.97306,3.009,21.32,64.3,13870
2026-09-08 11:42:50,lht65-20,52.2507,5.97306,3.009,21.55,63.1,14989
2026-09-08 11:52:50,lht65-20,52.2507,5.97306,3.009,21.4,62.9,12191
2026-09-08 12:02:50,lht65-20,52.2507,5.97306,3.009,21.28,63.1,8636
2026-09-08 12:12:50,lht65-20,52.2507,5.97306,3.007,20.62,66.2,6757
2026-09-08 12:22:50,lht65-20,52.2507,5.97306,3.007,20.76,66.7,13075
2026-09-08 12:32:50,lht65-20,52.2507,5.97306,3.005,21.34,65.2,20410
2026-09-08 12:52:50,lht65-20,52.2507,5.97306,3.007,21.19,64.6,20334
2026-09-08 13:02:50,lht65-20,52.2507,5.97306,3.009,21.08,65.0,11927
2026-09-08 13:12:50,lht65-20,52.2507,5.97306,3.009,22.01,61.5,10335
2026-09-08 13:22:50,lht65-20,52.2507,5.97306,3.007,21.8,62.0,13314
2026-09-08 13:32:50,lht65-20,52.2507,5.97306,3.009,21.71,64.7,10668
2026-09-08 13:42:50,lht65-20,52.2507,5.97306,3.009,21.4,62.6,10460
2026-09-08 13:52:50,lht65-20,52.2507,5.97306,3.009,21.44,62.6,12101
2026-09-08 14:02:50,lht65-20,52.2507,5.97306,3.007,21.34,63.7,5731
2026-09-08 14:12:50,lht65-20,52.2507,5.97306,3.009,20.93,66.7,3320
2026-09-08 14:22:50,lht65-20,52.2507,5.97306,3.007,20.55,68.4,3920
2026-09-08 14:32:50,lht65-20,52.2507,5.97306,3.009,20.38,69.9,4678
2026-09-08 14:42:50,lht65-20,52.2507,5.97306,3.005,20.34,71.1,2017
2026-09-08 14:52:50,lht65-20,52.2507,5.97306,3.009,20.08,72.7,4745
2026-09-08 15:02:50,lht65-20,52.2507,5.97306,3.009,20.01,72.5,5884
2026-09-08 15:12:50,lht65-20,52.2507,5.97306,3.007,19.89,73.5,3439
2026-09-08 15:22:50,lht65-20,52.2507,5.97306,3.007,19.17,76.8,1932
2026-09-08 15:32:50,lht65-20,52.2507,5.97306,3.007,18.56,80.2,1718
2026-09-08 15:42:50,lht65-20,52.2507,5.97306,3.005,18.16,83.1,1606
2026-09-08 15:52:50,lht65-20,52.2507,5.97306,3.005,17.64,85.4,1806
2026-09-08 16:02:50,lht65-20,52.2507,5.97306,3.003,17.11,88.4,1978
2026-09-08 16:12:50,lht65-20,52.2507,5.97306,3.003,16.78,90.2,1735
2026-09-08 16:22:50,lht65-20,52.2507,5.97306,3.003,16.54,91.6,924
2026-09-08 16:32:50,lht65-20,52.2507,5.97306,3.001,16.37,92.4,1206
2026-09-08 16:42:50,lht65-20,52.2507,5.97306,3.001,16.17,92.9,701
2026-09-08 16:52:50,lht65-20,52.2507,5.97306,3.001,16.0,93.4,813
2026-09-08 17:02:50,lht65-20,52.2507,5.97306,3.003,15.87,93.8,554
2026-09-08 17:12:50,lht65-20,52.2507,5.97306,3.001,15.73,94.3,234
2026-09-08 17:22:50,lht65-20,52.2507,5.97306,3.001,15.62,94.7,230
2026-09-08 17:32:50,lht65-20,52.2507,5.97306,3.003,15.58,95.0,112
2026-09-08 17:42:50,lht65-20,52.2507,5.97306,3.003,15.53,95.3,137
2026-09-08 17:52:50,lht65-20,52.2507,5.97306,3.001,15.44,95.5,204
2026-09-08 18:02:50,lht65-20,52.2507,5.97306,3.001,15.36,95.7,111
2026-09-08 18:12:50,lht65-20,52.2507,5.97306,3.001,15.29,95.8,19
2026-09-08 18:22:50,lht65-20,52.2507,5.97306,3.001,15.25,96.0,6
2026-09-08 18:32:50,lht65-20,52.2507,5.97306,3.001,15.24,96.1,0
2026-09-08 18:42:50,lht65-20,52.2507,5.97306,3.001,15.29,96.2,0
2026-09-08 18:52:50,lht65-20,52.2507,5.97306,3.001,15.33,96.3,0
2026-09-08 19:02:50,lht65-20,52.2507,5.97306,3.001,15.36,96.4,0
2026-09-08 19:12:50,lht65-20,52.2507,5.97306,3.001,15.44,96.5,0
2026-09-08 19:22:50,lht65-20,52.2507,5.97306,3.001,15.47,96.5,0
2026-09-08 19:32:50,lht65-20,52.2507,5.97306,3.001,15.53,96.6,0
2026-09-08 19:42:50,lht65-20,52.2507,5.97306,3.003,15.62,96.6,0
2026-09-08 19:52:50,lht65-20,52.2507,5.97306,3.001,15.34,96.5,0
2026-09-08 20:02:50,lht65-20,52.2507,5.97306,3.001,15.25,96.3,0
2026-09-08 20:12:50,lht65-20,52.2507,5.97306,3.001,15.22,96.3,0
2026-09-08 20:22:50,lht65-20,52.2507,5.97306,3.001,15.23,96.3,0
2026-09-08 20:32:50,lht65-20,52.2507,5.97306,3.001,15.2,96.3,0
2026-09-08 20:42:50,lht65-20,52.2507,5.97306,3.001,15.18,96.3,0
2026-09-08 20:52:50,lht65-20,52.2507,5.97306,3.001,15.1,96.2,0
2026-09-08 21:02:50,lht65-20,52.2507,5.97306,3.001,15.07,96.1,0
2026-09-08 21:12:50,lht65-20,52.2507,5.97306,3.001,15.04,95.9,0
2026-09-08 21:32:50,lht65-20,52.2507,5.97306,3.0,15.03,95.3,0
2026-09-08 21:42:50,lht65-20,52.2507,5.97306,3.0,15.03,95.2,0
2026-09-08 21:52:50,lht65-20,52.2507,5.97306,3.0,14.99,95.3,0
2026-09-08 22:12:50,lht65-20,52.2507,5.97306,3.0,14.76,94.0,0
2026-09-08 22:22:50,lht65-20,52.2507,5.97306,3.001,14.5,93.2,0
2026-09-08 22:32:50,lht65-20,52.2507,5.97306,3.001,14.2,93.1,0
2026-09-08 22:42:50,lht65-20,52.2507,5.97306,3.0,13.89,93.0,0
2026-09-08 22:52:50,lht65-20,52.2507,5.97306,3.0,13.58,92.6,0
2026-09-08 23:02:50,lht65-20,52.2507,5.97306,2.998,13.21,92.9,0
2026-09-08 23:12:50,lht65-20,52.2507,5.97306,2.998,12.92,93.7,0
2026-09-08 23:22:50,lht65-20,52.2507,5.97306,2.998,12.59,94.3,0
2026-09-08 23:32:50,lht65-20,52.2507,5.97306,2.998,12.5,95.0,0
2026-09-08 23:42:50,lht65-20,52.2507,5.97306,2.998,12.57,95.5,0
2026-09-08 23:52:50,lht65-20,52.2507,5.97306,2.998,12.55,95.5,0
2026-09-09 00:02:50,lht65-20,52.2507,5.97306,2.998,12.56,95.4,0
2026-09-09 00:12:50,lht65-20,52.2507,5.97306,2.998,12.55,95.3,0
2026-09-09 00:22:50,lht65-20,52.2507,5.97306,2.998,12.49,95.2,0
2026-09-09 00:32:50,lht65-20,52.2507,5.97306,2.998,12.55,95.2,0
2026-09-09 00:42:50,lht65-20,52.2507,5.97306,2.998,12.64,95.1,0
2026-09-09 00:52:50,lht65-20,52.2507,5.97306,2.998,12.65,95.0,0
2026-09-09 01:02:50,lht65-20,52.2507,5.97306,2.998,12.59,95.1,0
2026-09-09 01:12:50,lht65-20,52.2507,5.97306,2.998,12.47,95.0,0
2026-09-09 01:22:50,lht65-20,52.2507,5.97306,2.998,12.36,95.1,0
2026-09-09 01:32:50,lht65-20,52.2507,5.97306,2.998,12.28,95.1,0
2026-09-09 01:42:50,lht65-20,52.2507,5.97306,2.998,12.22,95.1,0
2026-09-09 01:52:50,lht65-20,52.2507,5.97306,2.996,12.19,95.0,0
2026-09-09 02:02:50,lht65-20,52.2507,5.97306,2.998,12.14,95.0,0
2026-09-09 02:12:50,lht65-20,52.2507,5.97306,2.994,12.02,95.0,0
2026-09-09 02:22:50,lht65-20,52.2507,5.97306,2.994,11.98,95.3,0
2026-09-09 02:32:50,lht65-20,52.2507,5.97306,2.994,12.04,95.4,0
2026-09-09 02:42:50,lht65-20,52.2507,5.97306,2.996,12.07,95.4,0
2026-09-09 02:52:50,lht65-20,52.2507,5.97306,2.998,12.05,95.3,0
2026-09-09 03:02:50,lht65-20,52.2507,5.97306,2.994,12.12,95.1,0
2026-09-09 03:12:50,lht65-20,52.2507,5.97306,2.994,12.17,94.8,0
2026-09-09 03:22:50,lht65-20,52.2507,5.97306,2.996,12.14,94.6,0
2026-09-09 03:32:50,lht65-20,52.2507,5.97306,2.994,12.08,94.4,0
2026-09-09 03:42:50,lht65-20,52.2507,5.97306,2.994,12.07,94.4,0
2026-09-09 03:52:50,lht65-20,52.2507,5.97306,2.994,11.99,94.6,0
2026-09-09 04:02:50,lht65-20,52.2507,5.97306,2.998,11.92,94.9,0
2026-09-09 04:12:50,lht65-20,52.2507,5.97306,2.994,11.97,95.1,0
2026-09-09 04:22:50,lht65-20,52.2507,5.97306,2.994,11.99,95.1,0
2026-09-09 04:32:50,lht65-20,52.2507,5.97306,2.994,12.02,94.9,5
2026-09-09 04:42:50,lht65-20,52.2507,5.97306,2.996,12.05,94.8,27
2026-09-09 04:52:50,lht65-20,52.2507,5.97306,2.994,11.98,94.8,107
2026-09-09 05:02:50,lht65-20,52.2507,5.97306,2.994,11.94,94.8,312
2026-09-09 05:12:50,lht65-20,52.2507,5.97306,2.994,11.89,94.9,710
2026-09-09 05:22:50,lht65-20,52.2507,5.97306,2.994,11.88,94.9,1211
2026-09-09 05:32:50,lht65-20,52.2507,5.97306,2.994,11.96,94.9,1899
2026-09-09 05:42:50,lht65-20,52.2507,5.97306,2.994,12.05,94.7,2400
2026-09-09 05:52:50,lht65-20,52.2507,5.97306,2.994,12.19,94.4,6342
2026-09-09 06:02:50,lht65-20,52.2507,5.97306,2.994,12.56,93.5,9176
2026-09-09 06:12:50,lht65-20,52.2507,5.97306,2.994,12.87,92.4,11030
2026-09-09 06:22:50,lht65-20,52.2507,5.97306,2.998,13.23,91.2,12837
2026-09-09 06:32:50,lht65-20,52.2507,5.97306,2.996,13.52,89.9,14037
2026-09-09 06:42:50,lht65-20,52.2507,5.97306,2.998,13.87,88.9,15356
2026-09-09 06:52:50,lht65-20,52.2507,5.97306,2.998,14.15,88.0,16260
2026-09-09 07:02:51,lht65-20,52.2507,5.97306,2.998,14.5,87.0,17005
2026-09-09 07:12:50,lht65-20,52.2507,5.97306,2.998,14.74,85.9,19819
2026-09-09 07:22:50,lht65-20,52.2507,5.97306,2.998,15.01,85.6,17690
2026-09-09 07:32:50,lht65-20,52.2507,5.97306,2.998,15.25,84.6,18747
2026-09-09 07:42:50,lht65-20,52.2507,5.97306,2.998,15.57,84.6,19264
2026-09-09 07:52:50,lht65-20,52.2507,5.97306,2.998,15.96,82.2,19967
2026-09-09 08:02:50,lht65-20,52.2507,5.97306,3.0,16.19,81.0,21063
2026-09-09 08:12:51,lht65-20,52.2507,5.97306,2.998,16.55,80.5,23611
2026-09-09 08:22:50,lht65-20,52.2507,5.97306,2.998,16.83,77.9,23694
2026-09-09 08:32:50,lht65-20,52.2507,5.97306,3.0,17.07,77.3,12201
2026-09-09 08:42:50,lht65-20,52.2507,5.97306,3.0,17.15,77.8,25265
2026-09-09 08:52:50,lht65-20,52.2507,5.97306,3.0,16.83,81.3,8945
2026-09-09 09:02:50,lht65-20,52.2507,5.97306,2.998,15.98,83.8,11750
2026-09-09 09:12:50,lht65-20,52.2507,5.97306,2.998,15.35,85.3,9084
2026-09-09 09:32:50,lht65-20,52.2507,5.97306,2.998,16.42,80.3,38518
2026-09-09 09:42:50,lht65-20,52.2507,5.97306,3.0,16.82,78.1,15212
2026-09-09 09:52:50,lht65-20,52.2507,5.97306,2.998,16.0,83.1,12070
2026-09-09 10:02:50,lht65-20,52.2507,5.97306,2.998,15.8,82.4,11511
2026-09-09 10:12:50,lht65-20,52.2507,5.97306,2.998,16.07,82.1,28410
2026-09-09 10:22:50,lht65-20,52.2507,5.97306,3.0,15.95,82.9,9796
2026-09-09 10:32:50,lht65-20,52.2507,5.97306,2.998,15.61,84.6,21646
2026-09-09 10:42:50,lht65-20,52.2507,5.97306,2.998,16.56,82.1,21678
2026-09-09 11:02:50,lht65-20,52.2507,5.97306,3.0,16.74,81.7,16060
2026-09-09 11:12:50,lht65-20,52.2507,5.97306,2.998,16.35,83.4,27287
2026-09-09 11:22:50,lht65-20,52.2507,5.97306,2.998,15.9,84.2,9909
2026-09-09 11:32:50,lht65-20,52.2507,5.97306,2.998,15.59,85.1,10326
2026-09-09 11:42:50,lht65-20,52.2507,5.97306,2.998,15.47,85.4,9916
2026-09-09 11:52:51,lht65-20,52.2507,5.97306,3.0,16.72,82.4,23155
2026-09-09 12:02:50,lht65-20,52.2507,5.97306,2.998,16.5,81.9,15737
2026-09-09 12:12:50,lht65-20,52.2507,5.97306,2.998,17.31,78.3,30903
2026-09-09 12:22:50,lht65-20,52.2507,5.97306,3.0,17.91,77.6,31158
2026-09-09 12:32:51,lht65-20,52.2507,5.97306,3.0,18.59,73.5,31848
2026-09-09 12:42:50,lht65-20,52.2507,5.97306,3.0,19.03,73.2,35148
2026-09-09 12:52:50,lht65-20,52.2507,5.97306,3.001,19.0,71.3,39770
2026-09-09 13:02:50,lht65-20,52.2507,5.97306,3.001,19.08,70.8,36610
2026-09-09 13:12:50,lht65-20,52.2507,5.97306,3.0,19.73,69.7,7081
2026-09-09 13:22:50,lht65-20,52.2507,5.97306,3.001,17.99,74.4,8777
2026-09-09 13:32:50,lht65-20,52.2507,5.97306,3.001,18.28,75.3,33320
2026-09-09 13:42:51,lht65-20,52.2507,5.97306,3.001,18.54,72.4,8435
2026-09-09 13:52:51,lht65-20,52.2507,5.97306,3.001,18.1,69.6,7733
2026-09-09 14:02:50,lht65-20,52.2507,5.97306,3.001,18.43,75.9,19143
2026-09-09 14:22:50,lht65-20,52.2507,5.97306,3.0,18.22,75.2,7790
2026-09-09 14:32:50,lht65-20,52.2507,5.97306,3.001,17.79,76.7,10144
2026-09-09 14:42:50,lht65-20,52.2507,5.97306,3.001,19.65,76.3,25089
2026-09-09 14:52:50,lht65-20,52.2507,5.97306,3.001,19.67,67.6,12150
2026-09-09 15:02:50,lht65-20,52.2507,5.97306,3.0,18.78,71.4,7261
2026-09-09 15:12:50,lht65-20,52.2507,5.97306,3.001,18.86,73.4,5387
2026-09-09 15:22:50,lht65-20,52.2507,5.97306,3.001,18.07,76.4,4101
2026-09-09 15:32:50,lht65-20,52.2507,5.97306,3.001,17.53,74.7,4753
2026-09-09 15:42:50,lht65-20,52.2507,5.97306,3.001,17.24,76.6,3570
2026-09-09 15:52:50,lht65-20,52.2507,5.97306,3.0,16.91,76.2,3645
2026-09-09 16:02:50,lht65-20,52.2507,5.97306,3.0,17.14,75.7,5203
2026-09-09 16:12:50,lht65-20,52.2507,5.97306,2.998,17.76,72.3,4748
2026-09-09 16:22:50,lht65-20,52.2507,5.97306,3.0,17.36,73.0,15198
2026-09-09 16:32:50,lht65-20,52.2507,5.97306,3.0,17.37,73.8,3081
2026-09-09 16:42:50,lht65-20,52.2507,5.97306,3.0,16.74,78.0,2685
2026-09-09 16:52:50,lht65-20,52.2507,5.97306,3.0,16.2,79.2,8981
2026-09-09 17:02:50,lht65-20,52.2507,5.97306,3.0,16.13,79.9,2678
2026-09-09 17:12:50,lht65-20,52.2507,5.97306,2.998,15.7,81.2,2245
2026-09-09 17:22:50,lht65-20,52.2507,5.97306,2.998,15.52,81.6,1605
2026-09-09 17:32:50,lht65-20,52.2507,5.97306,2.998,15.4,82.0,1035
2026-09-09 17:42:50,lht65-20,52.2507,5.97306,2.998,15.26,82.8,1128
2026-09-09 17:52:50,lht65-20,52.2507,5.97306,2.998,14.99,83.7,268
2026-09-09 18:02:51,lht65-20,52.2507,5.97306,2.998,14.7,87.1,203
2026-09-09 18:12:50,lht65-20,52.2507,5.97306,2.998,14.59,88.5,40
2026-09-09 18:22:50,lht65-20,52.2507,5.97306,2.998,14.59,88.2,15
2026-09-09 18:32:50,lht65-20,52.2507,5.97306,2.998,14.5,89.4,3
2026-09-09 18:42:50,lht65-20,52.2507,5.97306,2.998,14.26,90.4,0
2026-09-09 18:52:50,lht65-20,52.2507,5.97306,2.998,14.11,92.0,0
2026-09-09 19:02:50,lht65-20,52.2507,5.97306,2.998,14.04,92.5,0
2026-09-09 19:12:51,lht65-20,52.2507,5.97306,2.994,13.97,92.6,0
2026-09-09 19:22:50,lht65-20,52.2507,5.97306,2.994,13.72,92.9,0
2026-09-09 19:32:51,lht65-20,52.2507,5.97306,2.998,13.44,93.6,0
2026-09-09 19:42:51,lht65-20,52.2507,5.97306,2.994,13.18,94.2,0
2026-09-09 19:52:50,lht65-20,52.2507,5.97306,2.994,12.83,94.2,0
2026-09-09 20:02:50,lht65-20,52.2507,5.97306,2.994,12.57,94.6,0
2026-09-09 20:12:51,lht65-20,52.2507,5.97306,2.994,12.4,95.0,0
2026-09-09 20:22:50,lht65-20,52.2507,5.97306,2.994,12.39,95.4,0
2026-09-09 20:32:51,lht65-20,52.2507,5.97306,2.994,12.25,95.7,0
2026-09-09 20:42:51,lht65-20,52.2507,5.97306,2.992,11.75,95.3,0
2026-09-09 20:52:51,lht65-20,52.2507,5.97306,2.992,11.43,95.1,0
2026-09-09 21:02:50,lht65-20,52.2507,5.97306,2.991,11.47,95.7,0
2026-09-09 21:12:51,lht65-20,52.2507,5.97306,2.992,11.44,96.1,0
2026-09-09 21:22:51,lht65-20,52.2507,5.97306,2.992,11.29,96.4,0
2026-09-09 21:32:51,lht65-20,52.2507,5.97306,2.991,10.97,96.4,0
2026-09-09 21:42:51,lht65-20,52.2507,5.97306,2.989,11.08,96.6,0
2026-09-09 21:52:51,lht65-20,52.2507,5.97306,2.991,11.66,96.8,0
2026-09-09 22:02:51,lht65-20,52.2507,5.97306,2.992,11.9,97.0,0
2026-09-09 22:12:51,lht65-20,52.2507,5.97306,2.992,11.84,97.1,0
2026-09-09 22:22:51,lht65-20,52.2507,5.97306,2.992,11.84,97.1,0
2026-09-09 22:32:51,lht65-20,52.2507,5.97306,2.991,11.88,97.1,0
2026-09-09 22:42:50,lht65-20,52.2507,5.97306,2.992,11.86,97.0,0
2026-09-09 22:52:51,lht65-20,52.2507,5.97306,2.992,11.8,96.9,0
2026-09-09 23:02:51,lht65-20,52.2507,5.97306,2.992,11.73,96.7,0
2026-09-09 23:12:51,lht65-20,52.2507,5.97306,2.992,11.64,96.6,0
2026-09-09 23:22:51,lht65-20,52.2507,5.97306,2.991,11.44,96.4,0
2026-09-09 23:32:51,lht65-20,52.2507,5.97306,2.991,11.23,96.3,0
2026-09-09 23:42:51,lht65-20,52.2507,5.97306,2.989,11.23,96.4,0
2026-09-09 23:52:50,lht65-20,52.2507,5.97306,2.989,11.1,96.5,0
2026-09-10 00:02:50,lht65-20,52.2507,5.97306,2.989,11.0,96.5,0
2026-09-10 00:12:51,lht65-20,52.2507,5.97306,2.989,10.85,96.6,0
2026-09-10 00:22:51,lht65-20,52.2507,5.97306,2.991,10.79,96.6,0
2026-09-10 00:32:51,lht65-20,52.2507,5.97306,2.989,10.61,96.7,0
2026-09-10 00:42:51,lht65-20,52.2507,5.97306,2.989,10.28,96.7,0
2026-09-10 00:52:51,lht65-20,52.2507,5.97306,2.987,9.96,96.6,0
2026-09-10 01:02:51,lht65-20,52.2507,5.97306,2.987,9.93,96.7,0
2026-09-10 01:12:51,lht65-20,52.2507,5.97306,2.989,10.12,96.9,0
2026-09-10 01:22:51,lht65-20,52.2507,5.97306,2.987,10.3,97.1,0
2026-09-10 01:32:51,lht65-20,52.2507,5.97306,2.989,10.37,97.3,0
2026-09-10 01:42:51,lht65-20,52.2507,5.97306,2.989,10.51,97.4,0
2026-09-10 01:52:51,lht65-20,52.2507,5.97306,2.989,10.48,97.5,0
2026-09-10 02:02:51,lht65-20,52.2507,5.97306,2.989,10.57,97.5,0
2026-09-10 02:12:51,lht65-20,52.2507,5.97306,2.989,10.84,97.5,0
2026-09-10 02:22:51,lht65-20,52.2507,5.97306,2.989,11.0,97.5,0
2026-09-10 02:32:51,lht65-20,52.2507,5.97306,2.989,11.15,97.5,0
2026-09-10 02:42:51,lht65-20,52.2507,5.97306,2.989,11.28,97.5,0
2026-09-10 02:52:51,lht65-20,52.2507,5.97306,2.991,11.37,97.3,0
2026-09-10 03:02:51,lht65-20,52.2507,5.97306,2.989,11.41,97.1,0
2026-09-10 03:12:51,lht65-20,52.2507,5.97306,2.989,11.44,96.6,0
2026-09-10 03:22:51,lht65-20,52.2507,5.97306,2.989,11.25,96.0,0
2026-09-10 03:32:51,lht65-20,52.2507,5.97306,2.989,11.14,95.6,0
2026-09-10 03:42:51,lht65-20,52.2507,5.97306,2.989,10.95,95.6,0
2026-09-10 03:52:51,lht65-20,52.2507,5.97306,2.989,11.02,95.9,0
2026-09-10 04:02:51,lht65-20,52.2507,5.97306,2.989,10.89,95.8,0
2026-09-10 04:12:51,lht65-20,52.2507,5.97306,2.989,10.74,95.6,0
2026-09-10 04:22:51,lht65-20,52.2507,5.97306,2.989,10.52,95.7,0
2026-09-10 04:32:51,lht65-20,52.2507,5.97306,2.989,10.28,95.7,3
2026-09-10 04:42:51,lht65-20,52.2507,5.97306,2.987,10.1,96.0,24
2026-09-10 04:52:51,lht65-20,52.2507,5.97306,2.987,9.9,96.2,107
2026-09-10 05:02:51,lht65-20,52.2507,5.97306,2.989,9.78,96.5,303
2026-09-10 05:12:51,lht65-20,52.2507,5.97306,2.987,9.74,96.7,634
2026-09-10 05:22:51,lht65-20,52.2507,5.97306,2.987,9.66,96.9,1083
2026-09-10 05:32:51,lht65-20,52.2507,5.97306,2.987,9.39,96.9,2050
2026-09-10 05:42:51,lht65-20,52.2507,5.97306,2.985,9.46,96.9,2072
2026-09-10 05:52:51,lht65-20,52.2507,5.97306,2.985,9.55,97.1,7009
2026-09-10 06:02:51,lht65-20,52.2507,5.97306,2.987,9.97,97.3,9274
2026-09-10 06:12:51,lht65-20,52.2507,5.97306,2.985,10.61,97.4,11137
2026-09-10 06:22:51,lht65-20,52.2507,5.97306,2.987,11.25,97.4,12604
2026-09-10 06:32:51,lht65-20,52.2507,5.97306,2.989,11.86,96.8,13931
2026-09-10 06:42:51,lht65-20,52.2507,5.97306,2.989,12.48,94.9,15070
2026-09-10 06:52:51,lht65-20,52.2507,5.97306,2.989,13.04,92.4,16155
2026-09-10 07:02:51,lht65-20,52.2507,5.97306,2.991,13.48,89.2,17252
2026-09-10 07:12:51,lht65-20,52.2507,5.97306,2.992,13.85,87.7,18219
2026-09-10 07:22:51,lht65-20,52.2507,5.97306,2.992,14.4,86.6,19151
2026-09-10 07:32:51,lht65-20,52.2507,5.97306,2.992,15.04,84.3,20025
2026-09-10 07:42:51,lht65-20,52.2507,5.97306,2.994,15.6,79.5,20675
2026-09-10 07:52:51,lht65-20,52.2507,5.97306,2.994,16.09,75.1,21430
2026-09-10 08:02:52,lht65-20,52.2507,5.97306,2.994,16.57,71.8,21701
2026-09-10 08:12:51,lht65-20,52.2507,5.97306,2.994,17.08,68.1,22435
2026-09-10 08:22:51,lht65-20,52.2507,5.97306,2.994,17.27,65.2,23395
2026-09-10 08:32:51,lht65-20,52.2507,5.97306,2.994,17.41,64.6,25132
2026-09-10 08:42:51,lht65-20,52.2507,5.97306,2.998,17.68,64.7,25221
2026-09-10 08:52:51,lht65-20,52.2507,5.97306,2.998,17.94,63.0,26079
2026-09-10 09:02:51,lht65-20,52.2507,5.97306,2.998,18.26,63.8,26199
2026-09-10 09:12:51,lht65-20,52.2507,5.97306,2.998,18.4,62.3,14375
2026-09-10 09:22:51,lht65-20,52.2507,5.97306,2.998,18.8,60.9,11262
2026-09-10 09:32:51,lht65-20,52.2507,5.97306,2.998,18.55,63.2,29905
2026-09-10 09:42:51,lht65-20,52.2507,5.97306,2.998,18.07,58.5,11614
2026-09-10 09:52:51,lht65-20,52.2507,5.97306,2.998,18.42,61.8,36493
2026-09-10 10:02:51,lht65-20,52.2507,5.97306,2.998,18.07,60.8,13314
2026-09-10 10:12:51,lht65-20,52.2507,5.97306,2.998,18.78,59.3,34591
2026-09-10 10:22:51,lht65-20,52.2507,5.97306,2.998,19.01,55.9,31118
2026-09-10 10:32:51,lht65-20,52.2507,5.97306,2.998,20.02,48.4,13185
2026-09-10 10:42:51,lht65-20,52.2507,5.97306,2.998,20.18,53.5,10676
2026-09-10 10:52:51,lht65-20,52.2507,5.97306,3.0,19.47,55.9,30985
2026-09-10 11:02:51,lht65-20,52.2507,5.97306,3.0,20.84,52.2,37041
2026-09-10 11:12:51,lht65-20,52.2507,5.97306,2.998,20.29,53.0,15993
2026-09-10 11:22:51,lht65-20,52.2507,5.97306,3.0,19.38,54.6,23781
2026-09-10 11:32:51,lht65-20,52.2507,5.97306,2.998,18.85,55.6,7894
2026-09-10 11:42:51,lht65-20,52.2507,5.97306,2.998,18.54,55.6,9715
2026-09-10 11:52:51,lht65-20,52.2507,5.97306,2.998,19.91,53.8,36600
2026-09-10 12:02:51,lht65-20,52.2507,5.97306,2.998,20.13,55.0,33479
2026-09-10 12:12:51,lht65-20,52.2507,5.97306,3.001,20.9,55.3,32940
2026-09-10 12:22:51,lht65-20,52.2507,5.97306,3.0,21.62,50.7,35735
2026-09-10 12:32:51,lht65-20,52.2507,5.97306,3.001,20.55,51.2,10947
2026-09-10 12:42:51,lht65-20,52.2507,5.97306,3.0,20.14,51.2,12641
2026-09-10 12:52:51,lht65-20,52.2507,5.97306,2.998,19.77,54.2,9290
2026-09-10 13:02:51,lht65-20,52.2507,5.97306,3.0,20.38,53.6,10786
2026-09-10 13:12:51,lht65-20,52.2507,5.97306,2.998,19.38,54.7,9173
2026-09-10 13:22:51,lht65-20,52.2507,5.97306,2.998,19.09,55.7,21448
2026-09-10 13:32:51,lht65-20,52.2507,5.97306,2.998,20.49,52.7,11157
2026-09-10 13:42:51,lht65-20,52.2507,5.97306,2.998,19.46,54.6,9164
2026-09-10 13:52:51,lht65-20,52.2507,5.97306,3.0,19.46,58.9,16883
2026-09-10 14:02:51,lht65-20,52.2507,5.97306,3.0,21.0,49.5,14628
2026-09-10 14:12:51,lht65-20,52.2507,5.97306,3.001,21.35,52.6,12948
2026-09-10 14:22:51,lht65-20,52.2507,5.97306,3.0,20.39,51.4,8740
2026-09-10 14:32:51,lht65-20,52.2507,5.97306,3.0,19.89,54.9,6584
2026-09-10 14:42:51,lht65-20,52.2507,5.97306,3.0,19.39,55.8,5491
2026-09-10 14:52:51,lht65-20,52.2507,5.97306,2.998,19.3,57.0,16005
2026-09-10 15:02:51,lht65-20,52.2507,5.97306,2.998,19.47,58.6,10531
2026-09-10 15:12:51,lht65-20,52.2507,5.97306,2.998,19.17,55.6,10310
2026-09-10 15:32:51,lht65-20,52.2507,5.97306,3.001,19.2,57.8,8367
2026-09-10 15:42:51,lht65-20,52.2507,5.97306,2.998,19.66,52.9,11471
2026-09-10 15:52:51,lht65-20,52.2507,5.97306,3.001,19.66,51.8,8115
2026-09-10 16:02:51,lht65-20,52.2507,5.97306,2.998,19.94,52.1,16150
2026-09-10 16:12:51,lht65-20,52.2507,5.97306,3.0,20.07,52.1,8419
2026-09-10 16:22:51,lht65-20,52.2507,5.97306,2.998,19.75,51.8,10824
2026-09-10 16:32:51,lht65-20,52.2507,5.97306,3.0,19.96,55.6,7939
2026-09-10 16:42:51,lht65-20,52.2507,5.97306,2.998,19.29,54.4,7828
2026-09-10 16:52:51,lht65-20,52.2507,5.97306,3.0,18.96,57.1,7365
2026-09-10 17:02:51,lht65-20,52.2507,5.97306,2.998,18.51,58.5,2885
2026-09-10 17:12:51,lht65-20,52.2507,5.97306,3.0,17.76,60.3,1988
2026-09-10 17:22:51,lht65-20,52.2507,5.97306,2.998,17.71,62.8,2710
2026-09-10 17:32:51,lht65-20,52.2507,5.97306,2.998,17.61,62.9,1412
2026-09-10 17:42:51,lht65-20,52.2507,5.97306,2.998,17.01,65.1,965
2026-09-10 17:52:51,lht65-20,52.2507,5.97306,2.998,16.28,67.6,441
2026-09-10 18:02:51,lht65-20,52.2507,5.97306,2.998,15.49,70.2,173
2026-09-10 18:12:51,lht65-20,52.2507,5.97306,2.996,14.75,73.9,54
2026-09-10 18:22:51,lht65-20,52.2507,5.97306,2.994,14.21,76.2,10
2026-09-10 18:32:51,lht65-20,52.2507,5.97306,2.994,14.1,78.4,0
2026-09-10 18:42:51,lht65-20,52.2507,5.97306,2.994,14.16,78.4,0
2026-09-10 18:52:51,lht65-20,52.2507,5.97306,2.994,14.2,77.6,0
2026-09-10 19:02:51,lht65-20,52.2507,5.97306,2.994,14.24,76.7,0
2026-09-10 19:12:51,lht65-20,52.2507,5.97306,2.994,14.51,74.1,0
2026-09-10 19:22:51,lht65-20,52.2507,5.97306,2.994,14.7,73.3,0
2026-09-10 19:32:51,lht65-20,52.2507,5.97306,2.996,14.84,72.4,0
2026-09-10 19:42:51,lht65-20,52.2507,5.97306,2.994,14.75,73.0,0
2026-09-10 19:52:51,lht65-20,52.2507,5.97306,2.996,14.69,74.5,0
2026-09-10 20:02:51,lht65-20,52.2507,5.97306,2.994,14.78,73.3,0
2026-09-10 20:12:51,lht65-20,52.2507,5.97306,2.994,15.09,72.8,0
2026-09-10 20:22:52,lht65-20,52.2507,5.97306,2.998,14.9,77.0,0
2026-09-10 20:32:51,lht65-20,52.2507,5.97306,2.994,14.76,75.6,0
2026-09-10 20:42:51,lht65-20,52.2507,5.97306,2.994,14.78,74.8,0
2026-09-10 20:52:51,lht65-20,52.2507,5.97306,2.994,14.88,74.9,0
2026-09-10 21:02:51,lht65-20,52.2507,5.97306,2.994,14.94,72.8,0
2026-09-10 21:12:51,lht65-20,52.2507,5.97306,2.996,15.07,72.7,0
2026-09-10 21:22:51,lht65-20,52.2507,5.97306,2.994,15.03,71.4,0
2026-09-10 21:32:51,lht65-20,52.2507,5.97306,2.996,15.17,70.9,0
2026-09-10 21:42:51,lht65-20,52.2507,5.97306,2.994,15.23,70.7,0
2026-09-10 21:52:51,lht65-20,52.2507,5.97306,2.994,15.28,70.8,0
2026-09-10 22:02:51,lht65-20,52.2507,5.97306,2.996,15.31,70.2,0
2026-09-10 22:12:51,lht65-20,52.2507,5.97306,2.994,15.15,72.1,0
2026-09-10 22:22:51,lht65-20,52.2507,5.97306,2.994,15.02,72.1,0
2026-09-10 22:32:51,lht65-20,52.2507,5.97306,2.996,14.93,72.5,0
2026-09-10 22:42:51,lht65-20,52.2507,5.97306,2.994,14.72,73.0,0
2026-09-10 22:52:51,lht65-20,52.2507,5.97306,2.994,14.76,72.4,0
2026-09-10 23:02:51,lht65-20,52.2507,5.97306,2.994,14.7,72.6,0
2026-09-10 23:12:51,lht65-20,52.2507,5.97306,2.994,14.58,73.5,0
2026-09-10 23:22:51,lht65-20,52.2507,5.97306,2.994,14.46,73.7,0
2026-09-10 23:32:51,lht65-20,52.2507,5.97306,2.994,14.26,74.4,0
2026-09-10 23:42:51,lht65-20,52.2507,5.97306,2.994,14.11,74.5,0
2026-09-10 23:52:51,lht65-20,52.2507,5.97306,2.994,13.96,75.3,0
2026-09-11 00:02:51,lht65-20,52.2507,5.97306,2.992,13.7,76.6,0
2026-09-11 00:12:51,lht65-20,52.2507,5.97306,2.992,13.46,77.6,0
2026-09-11 00:22:51,lht65-20,52.2507,5.97306,2.992,13.31,78.4,0
2026-09-11 00:32:51,lht65-20,52.2507,5.97306,2.991,13.29,80.3,0
2026-09-11 00:42:51,lht65-20,52.2507,5.97306,2.991,13.29,80.7,0
2026-09-11 00:52:51,lht65-20,52.2507,5.97306,2.994,13.29,78.9,0
2026-09-11 01:02:51,lht65-20,52.2507,5.97306,2.994,13.65,75.4,0
2026-09-11 01:12:51,lht65-20,52.2507,5.97306,2.994,13.97,73.7,0
2026-09-11 01:22:51,lht65-20,52.2507,5.97306,2.994,14.16,72.5,0
2026-09-11 01:32:51,lht65-20,52.2507,5.97306,2.991,14.14,71.9,0
2026-09-11 01:42:51,lht65-20,52.2507,5.97306,2.992,13.98,73.0,0
2026-09-11 01:52:51,lht65-20,52.2507,5.97306,2.992,13.74,75.7,0
2026-09-11 02:02:51,lht65-20,52.2507,5.97306,2.992,13.47,78.5,0
2026-09-11 02:12:51,lht65-20,52.2507,5.97306,2.994,13.28,78.7,0
2026-09-11 02:22:51,lht65-20,52.2507,5.97306,2.992,13.21,81.6,0
2026-09-11 02:32:51,lht65-20,52.2507,5.97306,2.994,13.18,82.5,0
2026-09-11 02:42:51,lht65-20,52.2507,5.97306,2.991,13.15,83.6,0
2026-09-11 02:52:51,lht65-20,52.2507,5.97306,2.991,13.14,80.6,0
2026-09-11 03:02:51,lht65-20,52.2507,5.97306,2.991,12.96,83.4,0
2026-09-11 03:12:51,lht65-20,52.2507,5.97306,2.992,12.64,85.7,0
2026-09-11 03:22:51,lht65-20,52.2507,5.97306,2.991,12.34,87.2,0
2026-09-11 03:32:51,lht65-20,52.2507,5.97306,2.991,12.11,87.9,0
2026-09-11 03:42:51,lht65-20,52.2507,5.97306,2.989,11.91,88.8,0
2026-09-11 03:52:51,lht65-20,52.2507,5.97306,2.989,11.92,89.1,0
2026-09-11 04:02:51,lht65-20,52.2507,5.97306,2.989,11.92,90.7,0
2026-09-11 04:12:51,lht65-20,52.2507,5.97306,2.989,11.99,91.9,0
2026-09-11 04:22:51,lht65-20,52.2507,5.97306,2.989,11.92,91.5,0
2026-09-11 04:32:51,lht65-20,52.2507,5.97306,2.989,11.78,91.4,0
2026-09-11 04:42:51,lht65-20,52.2507,5.97306,2.989,11.75,92.3,4
2026-09-11 04:52:51,lht65-20,52.2507,5.97306,2.989,11.68,91.9,20
2026-09-11 05:02:51,lht65-20,52.2507,5.97306,2.989,11.8,91.6,91
2026-09-11 05:12:51,lht65-20,52.2507,5.97306,2.989,11.96,90.6,225
2026-09-11 05:22:51,lht65-20,52.2507,5.97306,2.989,12.13,89.6,338
2026-09-11 05:32:51,lht65-20,52.2507,5.97306,2.989,12.22,89.3,419
2026-09-11 05:42:51,lht65-20,52.2507,5.97306,2.989,12.47,89.1,715
2026-09-11 05:52:51,lht65-20,52.2507,5.97306,2.989,12.92,87.0,1190
2026-09-11 06:02:51,lht65-20,52.2507,5.97306,2.991,13.36,85.5,1254
2026-09-11 06:12:51,lht65-20,52.2507,5.97306,2.989,13.7,84.4,1656
2026-09-11 06:22:51,lht65-20,52.2507,5.97306,2.991,14.06,82.5,1905
2026-09-11 06:32:51,lht65-20,52.2507,5.97306,2.991,14.4,81.8,2253
2026-09-11 06:42:51,lht65-20,52.2507,5.97306,2.992,14.75,79.7,2453
2026-09-11 06:52:51,lht65-20,52.2507,5.97306,2.992,15.16,78.2,2979
2026-09-11 07:02:51,lht65-20,52.2507,5.97306,2.994,15.48,75.7,3802
2026-09-11 07:12:51,lht65-20,52.2507,5.97306,2.994,15.8,74.2,4335
2026-09-11 07:22:51,lht65-20,52.2507,5.97306,2.994,16.18,73.4,6326
2026-09-11 07:32:51,lht65-20,52.2507,5.97306,2.994,16.37,73.7,5689
2026-09-11 07:42:51,lht65-20,52.2507,5.97306,2.994,16.51,73.1,8233
2026-09-11 07:52:51,lht65-20,52.2507,5.97306,2.998,16.77,72.4,9623
2026-09-11 08:02:51,lht65-20,52.2507,5.97306,2.994,16.92,74.0,10487
2026-09-11 08:12:51,lht65-20,52.2507,5.97306,2.994,17.0,73.3,13191
2026-09-11 08:22:51,lht65-20,52.2507,5.97306,2.994,17.14,73.0,10127
2026-09-11 08:32:51,lht65-20,52.2507,5.97306,2.994,17.15,74.7,13032
2026-09-11 08:42:51,lht65-20,52.2507,5.97306,2.996,17.43,73.8,12860
2026-09-11 08:52:51,lht65-20,52.2507,5.97306,2.996,17.54,74.1,10775
2026-09-11 09:02:51,lht65-20,52.2507,5.97306,2.996,17.74,73.3,14424
2026-09-11 09:12:51,lht65-20,52.2507,5.97306,2.998,18.05,72.9,17195
2026-09-11 09:22:51,lht65-20,52.2507,5.97306,2.996,18.25,74.7,12640
2026-09-11 09:32:51,lht65-20,52.2507,5.97306,2.994,18.28,72.2,14510
2026-09-11 09:42:51,lht65-20,52.2507,5.97306,2.998,17.91,75.1,12559
2026-09-11 09:52:51,lht65-20,52.2507,5.97306,2.994,17.69,77.6,13962
2026-09-11 10:02:51,lht65-20,52.2507,5.97306,2.998,17.2,83.2,9844
2026-09-11 10:12:51,lht65-20,52.2507,5.97306,2.998,16.62,86.8,8710
2026-09-11 10:22:51,lht65-20,52.2507,5.97306,2.994,16.11,89.3,9852
2026-09-11 10:42:51,lht65-20,52.2507,5.97306,2.994,16.11,91.2,10786
2026-09-11 10:52:51,lht65-20,52.2507,5.97306,2.994,16.06,91.4,8599
2026-09-11 11:02:51,lht65-20,52.2507,5.97306,2.994,16.03,91.8,9052
2026-09-11 11:12:51,lht65-20,52.2507,5.97306,2.994,15.99,91.5,10515
2026-09-11 11:22:51,lht65-20,52.2507,5.97306,2.996,16.33,91.8,10038
2026-09-11 11:32:51,lht65-20,52.2507,5.97306,2.994,16.24,91.6,6345
2026-09-11 11:42:51,lht65-20,52.2507,5.97306,2.992,16.06,91.6,6924
2026-09-11 11:52:51,lht65-20,52.2507,5.97306,2.994,15.92,91.9,7539
2026-09-11 12:02:51,lht65-20,52.2507,5.97306,2.994,16.11,92.4,14462
2026-09-11 12:12:51,lht65-20,52.2507,5.97306,2.994,16.33,91.7,11292
2026-09-11 12:22:51,lht65-20,52.2507,5.97306,2.994,16.32,91.5,12372
2026-09-11 12:32:51,lht65-20,52.2507,5.97306,2.998,16.54,92.2,11355
2026-09-11 12:42:51,lht65-20,52.2507,5.97306,2.994,16.24,91.5,8780
2026-09-11 12:52:51,lht65-20,52.2507,5.97306,2.994,16.2,92.0,12098
2026-09-11 13:02:51,lht65-20,52.2507,5.97306,2.994,16.38,91.5,10680
2026-09-11 13:12:51,lht65-20,52.2507,5.97306,2.994,16.43,91.7,9066
2026-09-11 13:22:51,lht65-20,52.2507,5.97306,2.994,16.69,92.0,16290
2026-09-11 13:32:51,lht65-20,52.2507,5.97306,2.994,17.15,90.1,11643
2026-09-11 13:42:51,lht65-20,52.2507,5.97306,2.998,17.3,89.3,14520
2026-09-11 13:52:51,lht65-20,52.2507,5.97306,2.998,17.48,88.6,14699
2026-09-11 14:02:51,lht65-20,52.2507,5.97306,2.994,17.48,88.3,11040
2026-09-11 14:12:51,lht65-20,52.2507,5.97306,2.996,17.36,89.0,9114
2026-09-11 14:22:51,lht65-20,52.2507,5.97306,2.994,17.31,89.7,7210
2026-09-11 14:32:51,lht65-20,52.2507,5.97306,2.996,17.16,89.8,5219
2026-09-11 14:42:51,lht65-20,52.2507,5.97306,2.998,17.28,90.0,8748
2026-09-11 14:52:51,lht65-20,52.2507,5.97306,2.996,17.43,89.4,12979
2026-09-11 15:02:51,lht65-20,52.2507,5.97306,2.996,17.84,88.8,8360
2026-09-11 15:12:51,lht65-20,52.2507,5.97306,2.998,17.95,88.0,9658
2026-09-11 15:22:51,lht65-20,52.2507,5.97306,2.998,18.27,86.5,7585
2026-09-11 15:32:51,lht65-20,52.2507,5.97306,2.998,18.32,86.2,10875
2026-09-11 15:42:51,lht65-20,52.2507,5.97306,2.998,18.8,84.9,17337
2026-09-11 15:52:51,lht65-20,52.2507,5.97306,2.998,19.53,83.2,18005
2026-09-11 16:02:51,lht65-20,52.2507,5.97306,2.998,20.18,79.7,7963
2026-09-11 16:12:51,lht65-20,52.2507,5.97306,2.998,19.77,80.9,13213
2026-09-11 16:22:51,lht65-20,52.2507,5.97306,2.998,19.89,81.2,11768
2026-09-11 16:32:51,lht65-20,52.2507,5.97306,3.0,19.25,83.3,6685
2026-09-11 16:42:51,lht65-20,52.2507,5.97306,2.998,19.05,84.6,4854
2026-09-11 16:52:51,lht65-20,52.2507,5.97306,2.998,18.92,85.1,3781
2026-09-11 17:02:51,lht65-20,52.2507,5.97306,2.998,18.49,86.4,1774
2026-09-11 17:12:51,lht65-20,52.2507,5.97306,2.998,18.21,87.9,1018
2026-09-11 17:22:51,lht65-20,52.2507,5.97306,2.998,18.09,89.1,503
2026-09-11 17:32:51,lht65-20,52.2507,5.97306,2.998,17.98,89.9,651
2026-09-11 17:42:51,lht65-20,52.2507,5.97306,2.996,17.86,90.5,520
2026-09-11 17:52:51,lht65-20,52.2507,5.97306,2.998,17.7,90.9,274
2026-09-11 18:02:51,lht65-20,52.2507,5.97306,2.998,17.53,91.3,130
2026-09-11 18:12:51,lht65-20,52.2507,5.97306,2.998,17.39,91.5,46
2026-09-11 18:22:51,lht65-20,52.2507,5.97306,2.994,17.02,92.3,7
2026-09-11 18:32:51,lht65-20,52.2507,5.97306,2.996,16.76,93.2,0
2026-09-11 18:42:51,lht65-20,52.2507,5.97306,2.996,16.64,93.8,0
2026-09-11 18:52:51,lht65-20,52.2507,5.97306,2.998,16.44,93.9,0
2026-09-11 19:02:51,lht65-20,52.2507,5.97306,2.994,16.08,93.8,0
2026-09-11 19:12:51,lht65-20,52.2507,5.97306,2.994,15.72,94.1,0
2026-09-11 19:22:51,lht65-20,52.2507,5.97306,2.994,15.51,94.7,0
2026-09-11 19:32:51,lht65-20,52.2507,5.97306,2.994,15.33,95.0,0
2026-09-11 19:42:51,lht65-20,52.2507,5.97306,2.994,15.23,95.4,0
2026-09-11 19:52:51,lht65-20,52.2507,5.97306,2.994,15.2,95.7,0
2026-09-11 20:02:51,lht65-20,52.2507,5.97306,2.994,15.04,95.9,0
2026-09-11 20:12:51,lht65-20,52.2507,5.97306,2.994,14.89,96.0,0
2026-09-11 20:22:51,lht65-20,52.2507,5.97306,2.994,14.61,96.0,0
2026-09-11 20:32:51,lht65-20,52.2507,5.97306,2.992,14.35,96.0,0
2026-09-11 20:42:51,lht65-20,52.2507,5.97306,2.992,14.18,96.1,0
2026-09-11 20:52:51,lht65-20,52.2507,5.97306,2.994,14.13,96.2,0
2026-09-11 21:02:51,lht65-20,52.2507,5.97306,2.992,13.98,96.4,0
2026-09-11 21:12:51,lht65-20,52.2507,5.97306,2.992,14.1,96.5,0
2026-09-11 21:22:51,lht65-20,52.2507,5.97306,2.992,14.25,96.6,0
2026-09-11 21:32:51,lht65-20,52.2507,5.97306,2.991,14.11,96.7,0
2026-09-11 21:42:51,lht65-20,52.2507,5.97306,2.992,13.98,96.8,0
2026-09-11 21:52:51,lht65-20,52.2507,5.97306,2.991,13.7,96.8,0
2026-09-11 22:02:51,lht65-20,52.2507,5.97306,2.991,13.31,96.9,0
2026-09-11 22:12:51,lht65-20,52.2507,5.97306,2.991,12.88,96.8,0
2026-09-11 22:22:51,lht65-20,52.2507,5.97306,2.989,12.8,96.8,0
2026-09-11 22:32:51,lht65-20,52.2507,5.97306,2.989,12.54,96.7,0
2026-09-11 22:42:51,lht65-20,52.2507,5.97306,2.989,12.14,96.7,0
2026-09-11 22:52:51,lht65-20,52.2507,5.97306,2.989,12.07,96.7,0
2026-09-11 23:02:51,lht65-20,52.2507,5.97306,2.989,11.99,96.8,0
2026-09-11 23:12:51,lht65-20,52.2507,5.97306,2.989,11.73,96.9,0
2026-09-11 23:22:51,lht65-20,52.2507,5.97306,2.989,11.58,97.0,0
2026-09-11 23:32:51,lht65-20,52.2507,5.97306,2.987,11.55,97.0,0
2026-09-11 23:42:51,lht65-20,52.2507,5.97306,2.989,11.49,97.1,0
2026-09-11 23:52:51,lht65-20,52.2507,5.97306,2.987,11.32,97.1,0
2026-09-12 00:02:51,lht65-20,52.2507,5.97306,2.989,11.07,97.2,0
2026-09-12 00:12:51,lht65-20,52.2507,5.97306,2.987,11.02,97.2,0
2026-09-12 00:22:51,lht65-20,52.2507,5.97306,2.987,10.77,97.3,0
2026-09-12 00:32:51,lht65-20,52.2507,5.97306,2.987,10.51,97.3,0
2026-09-12 00:42:51,lht65-20,52.2507,5.97306,2.985,10.17,97.3,0
2026-09-12 00:52:51,lht65-20,52.2507,5.97306,2.987,10.14,97.4,0
2026-09-12 01:02:51,lht65-20,52.2507,5.97306,2.987,10.32,97.4,0
2026-09-12 01:12:51,lht65-20,52.2507,5.97306,2.985,10.12,97.4,0
2026-09-12 01:22:51,lht65-20,52.2507,5.97306,2.985,10.34,97.5,0
2026-09-12 01:32:51,lht65-20,52.2507,5.97306,2.985,10.01,97.6,0
2026-09-12 01:42:51,lht65-20,52.2507,5.97306,2.983,9.9,97.6,0
2026-09-12 01:52:51,lht65-20,52.2507,5.97306,2.983,9.88,97.7,0
2026-09-12 02:02:51,lht65-20,52.2507,5.97306,2.983,9.77,97.7,0
2026-09-12 02:12:51,lht65-20,52.2507,5.97306,2.983,9.67,97.8,0
2026-09-12 02:22:51,lht65-20,52.2507,5.97306,2.983,9.54,97.8,0
2026-09-12 02:32:51,lht65-20,52.2507,5.97306,2.983,9.27,97.8,0
2026-09-12 02:42:51,lht65-20,52.2507,5.97306,2.983,8.98,97.8,0
2026-09-12 02:52:51,lht65-20,52.2507,5.97306,2.983,8.74,97.9,0
2026-09-12 03:02:51,lht65-20,52.2507,5.97306,2.983,8.56,97.9,0
2026-09-12 03:12:51,lht65-20,52.2507,5.97306,2.98,8.69,97.9,0
2026-09-12 03:22:51,lht65-20,52.2507,5.97306,2.983,8.73,97.9,0
2026-09-12 03:32:51,lht65-20,52.2507,5.97306,2.983,8.74,97.9,0
2026-09-12 03:42:51,lht65-20,52.2507,5.97306,2.983,8.7,97.9,0
2026-09-12 03:52:51,lht65-20,52.2507,5.97306,2.983,8.8,97.9,0
2026-09-12 04:02:51,lht65-20,52.2507,5.97306,2.983,8.84,98.0,0
2026-09-12 04:12:51,lht65-20,52.2507,5.97306,2.983,9.11,98.0,0
2026-09-12 04:22:51,lht65-20,52.2507,5.97306,2.983,9.04,98.0,0
2026-09-12 04:32:51,lht65-20,52.2507,5.97306,2.983,9.15,98.1,2
2026-09-12 04:42:51,lht65-20,52.2507,5.97306,2.983,9.12,98.0,15
2026-09-12 04:52:51,lht65-20,52.2507,5.97306,2.983,9.15,98.1,78
2026-09-12 05:02:51,lht65-20,52.2507,5.97306,2.982,9.27,98.1,215
2026-09-12 05:12:51,lht65-20,52.2507,5.97306,2.983,9.22,98.1,495
2026-09-12 05:22:51,lht65-20,52.2507,5.97306,2.983,9.23,98.1,709
2026-09-12 05:32:51,lht65-20,52.2507,5.97306,2.983,9.29,98.1,940
2026-09-12 05:42:51,lht65-20,52.2507,5.97306,2.983,9.68,98.2,1509
2026-09-12 05:52:51,lht65-20,52.2507,5.97306,2.983,10.18,98.2,1954
2026-09-12 06:02:51,lht65-20,52.2507,5.97306,2.983,10.66,98.1,2769
2026-09-12 06:12:51,lht65-20,52.2507,5.97306,2.985,11.19,98.1,4036
2026-09-12 06:22:51,lht65-20,52.2507,5.97306,2.985,11.94,98.1,13344
2026-09-12 06:32:51,lht65-20,52.2507,5.97306,2.987,13.02,98.0,9563
2026-09-12 06:42:51,lht65-20,52.2507,5.97306,2.987,13.83,97.9,15175
2026-09-12 06:52:51,lht65-20,52.2507,5.97306,2.989,14.57,97.9,9225
2026-09-12 07:02:51,lht65-20,52.2507,5.97306,2.991,14.64,97.8,6580
2026-09-12 07:12:51,lht65-20,52.2507,5.97306,2.989,14.86,97.7,9376
2026-09-12 07:22:51,lht65-20,52.2507,5.97306,2.991,15.32,97.6,8661
2026-09-12 07:32:51,lht65-20,52.2507,5.97306,2.991,15.62,97.5,19320
2026-09-12 07:42:51,lht65-20,52.2507,5.97306,2.991,16.19,97.0,21334
2026-09-12 07:52:51,lht65-20,52.2507,5.97306,2.992,16.99,94.5,9960
2026-09-12 08:02:51,lht65-20,52.2507,5.97306,2.992,16.65,91.9,3610
2026-09-12 08:12:51,lht65-20,52.2507,5.97306,2.992,16.72,92.7,8394
2026-09-12 08:22:51,lht65-20,52.2507,5.97306,2.991,17.0,91.6,10403
2026-09-12 08:32:51,lht65-20,52.2507,5.97306,2.994,17.4,91.1,10857
2026-09-12 08:42:51,lht65-20,52.2507,5.97306,2.994,17.79,89.4,11566
2026-09-12 08:52:51,lht65-20,52.2507,5.97306,2.994,18.32,88.8,12948
2026-09-12 09:02:51,lht65-20,52.2507,5.97306,2.994,18.49,85.6,13506
2026-09-12 09:12:51,lht65-20,52.2507,5.97306,2.994,18.89,85.0,14725
2026-09-12 09:22:51,lht65-20,52.2507,5.97306,2.996,19.46,83.1,18933
2026-09-12 09:32:51,lht65-20,52.2507,5.97306,2.998,19.46,82.7,12477
2026-09-12 09:42:51,lht65-20,52.2507,5.97306,2.994,19.42,81.6,18610
2026-09-12 09:52:51,lht65-20,52.2507,5.97306,2.994,19.43,81.2,20070
2026-09-12 10:02:51,lht65-20,52.2507,5.97306,2.996,20.12,78.4,20366
2026-09-12 10:12:51,lht65-20,52.2507,5.97306,2.998,20.48,76.3,18585
2026-09-12 10:22:51,lht65-20,52.2507,5.97306,2.998,20.79,74.9,25175
2026-09-12 10:32:51,lht65-20,52.2507,5.97306,2.998,20.87,73.4,26152
2026-09-12 10:42:51,lht65-20,52.2507,5.97306,2.996,20.69,74.7,14388
2026-09-12 10:52:51,lht65-20,52.2507,5.97306,2.998,21.47,70.9,17592
2026-09-12 11:02:51,lht65-20,52.2507,5.97306,2.998,21.88,66.5,28139
2026-09-12 11:12:51,lht65-20,52.2507,5.97306,2.998,22.26,64.2,38856
2026-09-12 11:22:51,lht65-20,52.2507,5.97306,2.998,22.35,62.3,17565
2026-09-12 11:32:51,lht65-20,52.2507,5.97306,2.998,22.38,63.0,16740
2026-09-12 11:42:51,lht65-20,52.2507,5.97306,2.998,21.28,66.4,15933
2026-09-12 11:52:51,lht65-20,52.2507,5.97306,2.998,21.84,63.7,31698
2026-09-12 12:02:51,lht65-20,52.2507,5.97306,2.998,22.78,60.4,30111
2026-09-12 12:12:51,lht65-20,52.2507,5.97306,2.998,22.2,61.7,15594
2026-09-12 12:22:51,lht65-20,52.2507,5.97306,3.0,21.56,63.0,8392
2026-09-12 12:32:51,lht65-20,52.2507,5.97306,2.998,21.23,63.8,10725
2026-09-12 12:42:51,lht65-20,52.2507,5.97306,2.998,21.22,65.6,9840
2026-09-12 12:52:51,lht65-20,52.2507,5.97306,2.998,21.03,65.2,7550
2026-09-12 13:02:51,lht65-20,52.2507,5.97306,2.998,21.44,66.0,19585
2026-09-12 13:12:51,lht65-20,52.2507,5.97306,2.998,22.31,63.5,13810
2026-09-12 13:22:51,lht65-20,52.2507,5.97306,2.998,22.64,62.8,25998
2026-09-12 13:32:51,lht65-20,52.2507,5.97306,2.998,22.02,62.9,10663
2026-09-12 13:42:51,lht65-20,52.2507,5.97306,2.998,21.74,63.5,11445
2026-09-12 13:52:51,lht65-20,52.2507,5.97306,2.998,21.61,61.7,16371
2026-09-12 14:02:51,lht65-20,52.2507,5.97306,2.998,22.3,60.3,28839
2026-09-12 14:12:51,lht65-20,52.2507,5.97306,3.0,22.13,59.5,14612
2026-09-12 14:22:51,lht65-20,52.2507,5.97306,3.001,22.62,61.7,21261
2026-09-12 14:32:51,lht65-20,52.2507,5.97306,3.0,22.74,59.5,17866
2026-09-12 14:42:51,lht65-20,52.2507,5.97306,3.0,22.82,59.2,13155
2026-09-12 14:52:51,lht65-20,52.2507,5.97306,3.001,22.49,61.1,24356
2026-09-12 15:02:51,lht65-20,52.2507,5.97306,3.0,21.93,63.3,8035
2026-09-12 15:12:51,lht65-20,52.2507,5.97306,2.998,21.69,63.9,10000
2026-09-12 15:22:51,lht65-20,52.2507,5.97306,2.998,21.58,61.9,8434
2026-09-12 15:32:51,lht65-20,52.2507,5.97306,3.001,21.28,63.9,6036
2026-09-12 15:42:51,lht65-20,52.2507,5.97306,2.998,21.09,65.7,4491
2026-09-12 15:52:51,lht65-20,52.2507,5.97306,2.998,20.83,65.3,4744
2026-09-12 16:02:52,lht65-20,52.2507,5.97306,2.998,20.66,64.4,3695
2026-09-12 16:12:51,lht65-20,52.2507,5.97306,3.0,20.51,64.4,2700
2026-09-12 16:22:51,lht65-20,52.2507,5.97306,2.998,20.29,64.5,2004
2026-09-12 16:32:51,lht65-20,52.2507,5.97306,3.0,20.34,64.2,2945
2026-09-12 16:42:51,lht65-20,52.2507,5.97306,2.998,20.2,65.3,2563
2026-09-12 16:52:51,lht65-20,52.2507,5.97306,2.998,20.11,65.2,1384
2026-09-12 17:02:51,lht65-20,52.2507,5.97306,2.998,19.94,67.0,1013
2026-09-12 17:12:51,lht65-20,52.2507,5.97306,3.0,19.84,66.9,395
2026-09-12 17:22:51,lht65-20,52.2507,5.97306,3.0,19.69,68.4,450
2026-09-12 17:42:51,lht65-20,52.2507,5.97306,3.0,19.34,71.1,183
2026-09-12 17:52:51,lht65-20,52.2507,5.97306,3.0,19.25,72.0,47
2026-09-12 18:02:51,lht65-20,52.2507,5.97306,2.998,19.17,72.9,25
2026-09-12 18:12:51,lht65-20,52.2507,5.97306,2.998,19.05,74.7,17
2026-09-12 18:22:51,lht65-20,52.2507,5.97306,2.998,18.74,76.0,2
2026-09-12 18:32:51,lht65-20,52.2507,5.97306,2.998,18.59,76.6,0
2026-09-12 18:42:51,lht65-20,52.2507,5.97306,2.998,18.58,77.6,0
2026-09-12 18:52:52,lht65-20,52.2507,5.97306,2.998,18.54,77.7,0
2026-09-12 19:02:51,lht65-20,52.2507,5.97306,2.998,18.71,76.6,0
2026-09-12 19:12:51,lht65-20,52.2507,5.97306,2.998,18.78,76.3,0
2026-09-12 19:22:51,lht65-20,52.2507,5.97306,2.998,18.83,76.9,0
2026-09-12 19:32:51,lht65-20,52.2507,5.97306,2.998,18.88,77.1,0
2026-09-12 19:42:51,lht65-20,52.2507,5.97306,2.998,18.91,77.4,0
2026-09-12 19:52:51,lht65-20,52.2507,5.97306,3.0,18.99,77.2,0
2026-09-12 20:02:51,lht65-20,52.2507,5.97306,2.998,18.95,78.2,0
2026-09-12 20:12:51,lht65-20,52.2507,5.97306,2.998,18.38,83.3,0
2026-09-12 20:22:51,lht65-20,52.2507,5.97306,2.998,17.75,86.9,0
2026-09-12 20:32:51,lht65-20,52.2507,5.97306,2.998,17.42,88.9,0
2026-09-12 20:42:51,lht65-20,52.2507,5.97306,2.998,17.22,90.3,0
2026-09-12 20:52:51,lht65-20,52.2507,5.97306,2.998,17.11,91.0,0
2026-09-12 21:02:51,lht65-20,52.2507,5.97306,2.998,17.06,91.3,0
2026-09-12 21:12:51,lht65-20,52.2507,5.97306,2.996,16.86,91.8,0
2026-09-12 21:22:51,lht65-20,52.2507,5.97306,2.998,16.58,92.6,0
2026-09-12 21:32:51,lht65-20,52.2507,5.97306,2.998,16.43,93.3,0
2026-09-12 21:42:51,lht65-20,52.2507,5.97306,2.994,16.4,93.6,0
2026-09-12 21:52:51,lht65-20,52.2507,5.97306,2.998,16.38,93.9,0
2026-09-12 22:02:51,lht65-20,52.2507,5.97306,2.998,16.35,94.3,0
2026-09-12 22:12:51,lht65-20,52.2507,5.97306,2.998,16.34,94.6,0
2026-09-12 22:22:51,lht65-20,52.2507,5.97306,2.998,16.38,94.9,0
2026-09-12 22:32:51,lht65-20,52.2507,5.97306,2.994,16.41,95.1,0
2026-09-12 22:42:51,lht65-20,52.2507,5.97306,2.998,16.49,95.2,0
2026-09-12 22:52:51,lht65-20,52.2507,5.97306,2.996,16.56,95.2,0
2026-09-12 23:02:51,lht65-20,52.2507,5.97306,2.998,16.66,95.1,0
2026-09-12 23:12:51,lht65-20,52.2507,5.97306,2.994,16.66,95.0,0
2026-09-12 23:22:51,lht65-20,52.2507,5.97306,2.996,16.68,95.1,0
2026-09-12 23:32:51,lht65-20,52.2507,5.97306,2.998,16.72,95.3,0
2026-09-12 23:42:51,lht65-20,52.2507,5.97306,2.998,16.72,95.3,0
2026-09-12 23:52:51,lht65-20,52.2507,5.97306,2.998,16.74,95.4,0
2026-09-13 00:02:51,lht65-20,52.2507,5.97306,2.998,16.76,95.5,0
2026-09-13 00:12:51,lht65-20,52.2507,5.97306,2.996,16.77,95.6,0
2026-09-13 00:22:51,lht65-20,52.2507,5.97306,2.996,16.81,95.6,0
2026-09-13 00:32:51,lht65-20,52.2507,5.97306,2.998,16.87,95.7,0
2026-09-13 00:42:51,lht65-20,52.2507,5.97306,2.996,16.99,95.8,0
2026-09-13 00:52:51,lht65-20,52.2507,5.97306,2.998,17.05,95.8,0
2026-09-13 01:02:51,lht65-20,52.2507,5.97306,2.998,17.1,95.8,0
2026-09-13 01:12:51,lht65-20,52.2507,5.97306,2.998,17.13,95.8,0
2026-09-13 01:22:51,lht65-20,52.2507,5.97306,2.998,17.13,95.9,0
2026-09-13 01:32:51,lht65-20,52.2507,5.97306,2.998,17.13,95.9,0
2026-09-13 01:42:51,lht65-20,52.2507,5.97306,2.998,17.13,96.0,0
2026-09-13 01:52:51,lht65-20,52.2507,5.97306,2.998,17.15,96.0,0
2026-09-13 02:02:51,lht65-20,52.2507,5.97306,2.996,17.18,96.1,0
2026-09-13 02:12:51,lht65-20,52.2507,5.97306,2.998,17.23,96.2,0
2026-09-13 02:22:51,lht65-20,52.2507,5.97306,2.998,17.29,96.2,0
2026-09-13 02:32:51,lht65-20,52.2507,5.97306,2.998,17.35,96.2,0
2026-09-13 02:42:51,lht65-20,52.2507,5.97306,2.998,17.41,96.2,0
2026-09-13 02:52:51,lht65-20,52.2507,5.97306,2.998,17.46,96.1,0
2026-09-13 03:02:51,lht65-20,52.2507,5.97306,2.998,17.53,96.1,0
2026-09-13 03:12:51,lht65-20,52.2507,5.97306,2.998,17.56,96.0,0
2026-09-13 03:22:51,lht65-20,52.2507,5.97306,2.998,17.61,96.0,0
2026-09-13 03:32:51,lht65-20,52.2507,5.97306,2.998,17.62,95.9,0
2026-09-13 03:42:51,lht65-20,52.2507,5.97306,2.996,17.66,95.9,0
2026-09-13 03:52:51,lht65-20,52.2507,5.97306,2.998,17.69,95.9,0
2026-09-13 04:02:51,lht65-20,52.2507,5.97306,2.998,17.71,95.8,0
2026-09-13 04:12:51,lht65-20,52.2507,5.97306,2.998,17.77,95.7,0
2026-09-13 04:22:51,lht65-20,52.2507,5.97306,2.998,17.76,95.6,0
2026-09-13 04:32:51,lht65-20,52.2507,5.97306,2.998,17.72,95.7,0
2026-09-13 04:42:51,lht65-20,52.2507,5.97306,2.998,17.69,95.8,0
2026-09-13 04:52:51,lht65-20,52.2507,5.97306,2.998,17.72,95.9,9
2026-09-13 05:02:51,lht65-20,52.2507,5.97306,2.996,17.74,96.0,39
2026-09-13 05:12:51,lht65-20,52.2507,5.97306,2.998,17.77,96.0,105
2026-09-13 05:22:51,lht65-20,52.2507,5.97306,2.996,17.82,95.9,160
2026-09-13 05:32:51,lht65-20,52.2507,5.97306,2.998,17.85,95.9,109
2026-09-13 05:42:51,lht65-20,52.2507,5.97306,2.998,17.86,95.8,417
2026-09-13 05:52:51,lht65-20,52.2507,5.97306,2.994,17.87,95.8,435
2026-09-13 06:02:51,lht65-20,52.2507,5.97306,2.998,17.88,95.7,502
2026-09-13 06:12:51,lht65-20,52.2507,5.97306,2.998,17.9,95.7,985
2026-09-13 06:22:51,lht65-20,52.2507,5.97306,2.998,17.92,95.7,656
2026-09-13 06:32:51,lht65-20,52.2507,5.97306,2.996,17.96,95.8,1775
2026-09-13 06:42:51,lht65-20,52.2507,5.97306,2.998,18.04,95.7,2749
2026-09-13 06:52:51,lht65-20,52.2507,5.97306,2.998,18.15,95.6,3734
2026-09-13 07:02:51,lht65-20,52.2507,5.97306,2.998,18.27,95.5,5355
2026-09-13 07:12:51,lht65-20,52.2507,5.97306,2.998,18.42,95.1,5641
2026-09-13 07:22:51,lht65-20,52.2507,5.97306,2.998,18.51,94.7,6066
2026-09-13 07:32:51,lht65-20,52.2507,5.97306,2.998,18.65,94.4,6217
2026-09-13 07:42:51,lht65-20,52.2507,5.97306,2.998,18.79,94.3,4900
2026-09-13 07:52:51,lht65-20,52.2507,5.97306,2.998,18.74,93.9,5028
2026-09-13 08:02:51,lht65-20,52.2507,5.97306,2.998,18.77,93.8,5093
2026-09-13 08:12:51,lht65-20,52.2507,5.97306,2.998,18.76,93.5,4625
2026-09-13 08:22:51,lht65-20,52.2507,5.97306,2.998,18.8,93.6,5290
2026-09-13 08:32:51,lht65-20,52.2507,5.97306,2.998,18.9,93.5,6404
2026-09-13 08:42:51,lht65-20,52.2507,5.97306,2.998,19.04,93.1,7520
2026-09-13 08:52:51,lht65-20,52.2507,5.97306,2.998,19.18,92.5,9714
2026-09-13 09:02:51,lht65-20,52.2507,5.97306,2.998,19.37,91.8,10679
2026-09-13 09:12:51,lht65-20,52.2507,5.97306,2.998,19.46,90.9,7673
2026-09-13 09:22:51,lht65-20,52.2507,5.97306,2.998,19.46,90.7,10106
2026-09-13 09:32:51,lht65-20,52.2507,5.97306,2.998,19.64,89.7,10109
2026-09-13 09:42:51,lht65-20,52.2507,5.97306,2.998,19.69,89.0,9344
2026-09-13 09:52:51,lht65-20,52.2507,5.97306,2.998,19.67,89.2,7140
2026-09-13 10:02:51,lht65-20,52.2507,5.97306,2.998,19.59,88.9,8925
2026-09-13 10:12:51,lht65-20,52.2507,5.97306,3.0,19.73,89.2,7945
2026-09-13 10:22:51,lht65-20,52.2507,5.97306,2.998,19.78,88.9,7810
2026-09-13 10:32:51,lht65-20,52.2507,5.97306,2.998,19.8,89.8,6136
2026-09-13 10:42:51,lht65-20,52.2507,5.97306,2.998,19.55,89.7,7530
2026-09-13 10:52:51,lht65-20,52.2507,5.97306,2.998,19.48,90.9,9557
2026-09-13 11:02:51,lht65-20,52.2507,5.97306,2.998,19.46,90.9,8019
2026-09-13 11:12:51,lht65-20,52.2507,5.97306,2.998,19.28,91.8,7731
2026-09-13 11:22:51,lht65-20,52.2507,5.97306,2.998,19.32,92.3,11086
2026-09-13 11:32:51,lht65-20,52.2507,5.97306,2.998,19.33,92.0,9291
2026-09-13 11:42:51,lht65-20,52.2507,5.97306,3.0,19.34,91.4,11169
2026-09-13 11:52:51,lht65-20,52.2507,5.97306,3.0,19.48,90.6,12682
2026-09-13 12:02:51,lht65-20,52.2507,5.97306,3.0,19.79,89.2,12075
2026-09-13 12:12:51,lht65-20,52.2507,5.97306,2.998,19.77,87.9,21173
2026-09-13 12:22:51,lht65-20,52.2507,5.97306,3.0,20.27,84.6,27132
2026-09-13 12:32:51,lht65-20,52.2507,5.97306,3.0,21.0,85.1,16631
2026-09-13 12:42:51,lht65-20,52.2507,5.97306,3.001,20.84,82.9,14941
2026-09-13 12:52:51,lht65-20,52.2507,5.97306,3.0,20.55,84.5,9889
2026-09-13 13:02:51,lht65-20,52.2507,5.97306,3.0,20.96,82.1,24837
2026-09-13 13:12:51,lht65-20,52.2507,5.97306,3.001,20.78,81.7,10789
2026-09-13 13:22:51,lht65-20,52.2507,5.97306,3.0,20.38,82.3,7045
2026-09-13 13:32:51,lht65-20,52.2507,5.97306,2.998,21.14,83.4,28317
2026-09-13 13:42:51,lht65-20,52.2507,5.97306,3.0,21.91,77.0,27716
2026-09-13 13:52:51,lht65-20,52.2507,5.97306,3.001,22.04,73.4,26921
2026-09-13 14:02:51,lht65-20,52.2507,5.97306,3.001,22.2,72.6,26478
2026-09-13 14:12:51,lht65-20,52.2507,5.97306,3.001,22.01,73.4,26439
2026-09-13 14:22:51,lht65-20,52.2507,5.97306,3.001,21.67,74.0,28489
2026-09-13 14:32:51,lht65-20,52.2507,5.97306,3.001,23.0,71.7,23583
2026-09-13 14:42:51,lht65-20,52.2507,5.97306,3.001,22.33,70.5,8207
2026-09-13 15:02:51,lht65-20,52.2507,5.97306,3.001,21.19,74.6,9292
2026-09-13 15:12:51,lht65-20,52.2507,5.97306,3.001,21.82,75.7,28684
2026-09-13 15:22:51,lht65-20,52.2507,5.97306,3.001,21.88,74.5,5378
2026-09-13 15:32:51,lht65-20,52.2507,5.97306,3.001,21.42,74.1,9663
2026-09-13 15:42:51,lht65-20,52.2507,5.97306,3.001,20.86,76.0,10245
2026-09-13 15:52:51,lht65-20,52.2507,5.97306,3.001,20.85,76.9,9865
2026-09-13 16:02:51,lht65-20,52.2507,5.97306,3.001,20.46,78.2,10743
2026-09-13 16:12:51,lht65-20,52.2507,5.97306,3.001,19.95,78.1,4455
2026-09-13 16:22:51,lht65-20,52.2507,5.97306,3.0,19.54,78.4,3770
2026-09-13 16:32:51,lht65-20,52.2507,5.97306,3.0,19.24,77.7,3256
2026-09-13 16:42:51,lht65-20,52.2507,5.97306,3.001,19.19,78.9,4923
2026-09-13 16:52:51,lht65-20,52.2507,5.97306,3.0,19.1,77.8,2652
2026-09-13 17:02:51,lht65-20,52.2507,5.97306,3.0,19.29,75.6,6452
2026-09-13 17:12:51,lht65-20,52.2507,5.97306,3.001,18.88,76.3,2021
2026-09-13 17:22:51,lht65-20,52.2507,5.97306,3.0,18.43,78.4,1267
2026-09-13 17:32:51,lht65-20,52.2507,5.97306,2.998,18.12,80.7,744
2026-09-13 17:42:51,lht65-20,52.2507,5.97306,2.998,17.75,82.2,479
2026-09-13 17:52:51,lht65-20,52.2507,5.97306,2.998,17.39,84.0,264
2026-09-13 18:02:51,lht65-20,52.2507,5.97306,2.998,16.94,86.7,82
2026-09-13 18:12:51,lht65-20,52.2507,5.97306,2.998,16.63,88.2,16
2026-09-13 18:22:51,lht65-20,52.2507,5.97306,2.998,16.48,89.1,3
2026-09-13 18:32:51,lht65-20,52.2507,5.97306,2.998,16.42,89.8,0
2026-09-13 18:42:51,lht65-20,52.2507,5.97306,2.998,16.21,90.5,0
2026-09-13 18:52:51,lht65-20,52.2507,5.97306,2.998,15.95,91.3,0
2026-09-13 19:02:51,lht65-20,52.2507,5.97306,2.998,15.62,92.2,0
2026-09-13 19:12:51,lht65-20,52.2507,5.97306,2.998,15.35,92.9,0
2026-09-13 19:22:51,lht65-20,52.2507,5.97306,2.996,15.18,93.7,0
2026-09-13 19:32:51,lht65-20,52.2507,5.97306,2.998,14.98,93.9,0
2026-09-13 19:42:51,lht65-20,52.2507,5.97306,2.994,14.54,93.5,0
2026-09-13 19:52:51,lht65-20,52.2507,5.97306,2.994,14.3,94.2,0
2026-09-13 20:02:51,lht65-20,52.2507,5.97306,2.994,13.88,94.1,0
2026-09-13 20:12:51,lht65-20,52.2507,5.97306,2.994,13.96,95.2,0
2026-09-13 20:22:51,lht65-20,52.2507,5.97306,2.994,13.77,95.6,0
2026-09-13 20:32:51,lht65-20,52.2507,5.97306,2.994,13.84,95.9,0
2026-09-13 20:42:51,lht65-20,52.2507,5.97306,2.994,13.7,96.2,0
2026-09-13 20:52:51,lht65-20,52.2507,5.97306,2.992,13.56,96.4,0
2026-09-13 21:02:51,lht65-20,52.2507,5.97306,2.994,13.62,96.6,0
2026-09-13 21:12:51,lht65-20,52.2507,5.97306,2.992,13.54,96.7,0
2026-09-13 21:22:51,lht65-20,52.2507,5.97306,2.992,13.52,96.8,0
2026-09-13 21:32:51,lht65-20,52.2507,5.97306,2.992,13.33,96.9,0
2026-09-13 21:42:51,lht65-20,52.2507,5.97306,2.994,13.53,97.0,0
2026-09-13 21:52:51,lht65-20,52.2507,5.97306,2.994,13.36,97.0,0
2026-09-13 22:02:51,lht65-20,52.2507,5.97306,2.992,12.97,97.1,0
2026-09-13 22:12:51,lht65-20,52.2507,5.97306,2.992,12.73,97.1,0
2026-09-13 22:22:51,lht65-20,52.2507,5.97306,2.992,12.77,97.1,0
2026-09-13 22:32:51,lht65-20,52.2507,5.97306,2.992,12.58,97.2,0
2026-09-13 22:42:51,lht65-20,52.2507,5.97306,2.992,12.37,97.2,0
2026-09-13 22:52:51,lht65-20,52.2507,5.97306,2.991,12.26,97.2,0
2026-09-13 23:02:51,lht65-20,52.2507,5.97306,2.991,12.25,97.3,0
2026-09-13 23:12:51,lht65-20,52.2507,5.97306,2.991,12.22,97.3,0
2026-09-13 23:22:51,lht65-20,52.2507,5.97306,2.991,12.29,97.4,0
2026-09-13 23:32:51,lht65-20,52.2507,5.97306,2.991,12.27,97.5,0
2026-09-13 23:42:51,lht65-20,52.2507,5.97306,2.991,11.96,97.5,0
2026-09-13 23:52:51,lht65-20,52.2507,5.97306,2.991,12.07,97.5,0
2026-09-14 00:02:51,lht65-20,52.2507,5.97306,2.991,11.82,97.6,0
2026-09-14 00:12:51,lht65-20,52.2507,5.97306,2.989,11.51,97.6,0
2026-09-14 00:22:51,lht65-20,52.2507,5.97306,2.989,11.55,97.7,0
2026-09-14 00:32:51,lht65-20,52.2507,5.97306,2.989,11.64,97.7,0
2026-09-14 00:42:51,lht65-20,52.2507,5.97306,2.989,11.6,97.7,0
2026-09-14 00:52:51,lht65-20,52.2507,5.97306,2.989,11.4,97.7,0
2026-09-14 01:02:51,lht65-20,52.2507,5.97306,2.987,11.23,97.8,0
2026-09-14 01:12:51,lht65-20,52.2507,5.97306,2.989,10.86,97.8,0
2026-09-14 01:22:51,lht65-20,52.2507,5.97306,2.989,10.95,97.8,0
2026-09-14 01:32:51,lht65-20,52.2507,5.97306,2.987,10.84,97.8,0
2026-09-14 01:42:51,lht65-20,52.2507,5.97306,2.987,10.88,97.9,0
2026-09-14 01:52:51,lht65-20,52.2507,5.97306,2.987,10.88,97.9,0
2026-09-14 02:02:51,lht65-20,52.2507,5.97306,2.989,10.99,97.9,0
2026-09-14 02:12:51,lht65-20,52.2507,5.97306,2.989,10.78,97.9,0
2026-09-14 02:22:51,lht65-20,52.2507,5.97306,2.987,10.75,98.0,0
2026-09-14 02:32:51,lht65-20,52.2507,5.97306,2.987,10.64,98.0,0
2026-09-14 02:42:51,lht65-20,52.2507,5.97306,2.987,10.61,98.0,0
2026-09-14 02:52:51,lht65-20,52.2507,5.97306,2.987,10.47,98.0,0
2026-09-14 03:02:51,lht65-20,52.2507,5.97306,2.987,10.36,98.1,0
2026-09-14 03:12:51,lht65-20,52.2507,5.97306,2.987,10.31,98.1,0
2026-09-14 03:22:51,lht65-20,52.2507,5.97306,2.987,10.13,98.1,0
2026-09-14 03:32:51,lht65-20,52.2507,5.97306,2.985,10.04,98.1,0
2026-09-14 03:42:51,lht65-20,52.2507,5.97306,2.985,10.03,98.2,0
2026-09-14 03:52:51,lht65-20,52.2507,5.97306,2.985,9.86,98.2,0
2026-09-14 04:02:51,lht65-20,52.2507,5.97306,2.987,9.74,98.2,0
2026-09-14 04:12:51,lht65-20,52.2507,5.97306,2.983,9.63,98.2,0
2026-09-14 04:22:51,lht65-20,52.2507,5.97306,2.987,9.96,98.2,0
2026-09-14 04:32:51,lht65-20,52.2507,5.97306,2.985,10.17,98.2,0
2026-09-14 04:42:51,lht65-20,52.2507,5.97306,2.987,10.22,98.2,4
2026-09-14 04:52:51,lht65-20,52.2507,5.97306,2.985,10.45,98.2,22
2026-09-14 05:02:51,lht65-20,52.2507,5.97306,2.985,10.52,98.3,96
2026-09-14 05:12:51,lht65-20,52.2507,5.97306,2.987,10.38,98.3,260
2026-09-14 05:22:51,lht65-20,52.2507,5.97306,2.987,10.46,98.3,600
2026-09-14 05:32:51,lht65-20,52.2507,5.97306,2.987,10.63,98.3,1024
2026-09-14 05:42:51,lht65-20,52.2507,5.97306,2.985,10.61,98.3,1266
2026-09-14 05:52:51,lht65-20,52.2507,5.97306,2.987,10.72,98.3,1647
2026-09-14 06:02:51,lht65-20,52.2507,5.97306,2.987,10.99,98.3,2594
2026-09-14 06:12:51,lht65-20,52.2507,5.97306,2.987,11.25,98.3,4228
2026-09-14 06:22:51,lht65-20,52.2507,5.97306,2.989,11.58,98.3,5843
2026-09-14 06:32:51,lht65-20,52.2507,5.97306,2.989,12.27,98.2,8137
2026-09-14 06:52:51,lht65-20,52.2507,5.97306,2.987,13.03,98.1,6999
2026-09-14 07:02:51,lht65-20,52.2507,5.97306,2.989,13.28,98.2,7449
2026-09-14 07:12:51,lht65-20,52.2507,5.97306,2.989,13.56,98.1,3950
2026-09-14 07:22:51,lht65-20,52.2507,5.97306,2.991,13.7,98.1,8786
2026-09-14 07:32:51,lht65-20,52.2507,5.97306,2.991,14.25,98.0,16929
2026-09-14 07:42:51,lht65-20,52.2507,5.97306,2.992,14.83,98.0,19649
2026-09-14 07:52:51,lht65-20,52.2507,5.97306,2.991,15.29,97.8,16813
2026-09-14 08:02:51,lht65-20,52.2507,5.97306,2.992,15.81,97.5,23786
2026-09-14 08:12:51,lht65-20,52.2507,5.97306,2.994,16.54,96.4,18965
2026-09-14 08:22:51,lht65-20,52.2507,5.97306,2.994,17.1,91.2,21971
2026-09-14 08:32:51,lht65-20,52.2507,5.97306,2.994,17.41,88.8,21373
2026-09-14 08:42:51,lht65-20,52.2507,5.97306,2.994,17.28,88.8,20448
2026-09-14 08:52:51,lht65-20,52.2507,5.97306,2.994,17.62,88.4,16322
2026-09-14 09:02:51,lht65-20,52.2507,5.97306,2.994,18.03,86.5,20421
2026-09-14 09:12:51,lht65-20,52.2507,5.97306,2.994,18.26,86.8,29594
2026-09-14 09:22:51,lht65-20,52.2507,5.97306,2.996,19.01,84.9,26415
2026-09-14 09:32:51,lht65-20,52.2507,5.97306,2.998,19.14,82.1,17132
2026-09-14 09:42:51,lht65-20,52.2507,5.97306,2.994,19.62,80.2,22724
2026-09-14 09:52:51,lht65-20,52.2507,5.97306,2.998,20.31,78.7,28098
2026-09-14 10:02:51,lht65-20,52.2507,5.97306,2.998,21.19,76.7,28352
2026-09-14 10:12:51,lht65-20,52.2507,5.97306,2.998,21.32,75.0,12955
2026-09-14 10:22:51,lht65-20,52.2507,5.97306,2.998,21.45,76.8,28610
2026-09-14 10:32:51,lht65-20,52.2507,5.97306,2.998,22.11,73.5,31671
2026-09-14 10:42:51,lht65-20,52.2507,5.97306,3.0,22.62,71.0,33321
2026-09-14 10:52:51,lht65-20,52.2507,5.97306,2.998,22.98,69.7,38188
2026-09-14 11:02:51,lht65-20,52.2507,5.97306,3.0,22.79,72.0,31755
2026-09-14 11:12:51,lht65-20,52.2507,5.97306,2.998,22.25,72.7,20480
2026-09-14 11:22:51,lht65-20,52.2507,5.97306,2.998,22.43,71.2,14693
2026-09-14 11:32:51,lht65-20,52.2507,5.97306,3.0,22.1,72.4,11992
2026-09-14 11:42:51,lht65-20,52.2507,5.97306,3.0,22.26,73.9,9629
2026-09-14 11:52:51,lht65-20,52.2507,5.97306,2.998,21.91,73.6,15420
2026-09-14 12:02:51,lht65-20,52.2507,5.97306,2.998,22.95,71.5,22845
2026-09-14 12:12:51,lht65-20,52.2507,5.97306,2.998,22.73,70.6,19670
2026-09-14 12:22:51,lht65-20,52.2507,5.97306,3.0,23.87,67.9,29349
2026-09-14 12:32:51,lht65-20,52.2507,5.97306,3.0,23.59,70.1,16580
2026-09-14 12:42:51,lht65-20,52.2507,5.97306,2.998,23.24,71.1,13332
2026-09-14 12:52:51,lht65-20,52.2507,5.97306,3.001,22.95,71.0,13296
2026-09-14 13:02:51,lht65-20,52.2507,5.97306,3.001,23.09,72.7,14128
2026-09-14 13:12:51,lht65-20,52.2507,5.97306,3.001,22.97,73.1,11097
2026-09-14 13:22:51,lht65-20,52.2507,5.97306,3.0,22.71,73.9,6557
2026-09-14 13:32:51,lht65-20,52.2507,5.97306,3.001,22.31,74.7,3285
2026-09-14 13:42:51,lht65-20,52.2507,5.97306,3.001,22.08,75.5,4600
2026-09-14 13:52:51,lht65-20,52.2507,5.97306,3.0,21.95,77.2,3431
2026-09-14 14:02:51,lht65-20,52.2507,5.97306,3.0,21.62,79.5,5432
2026-09-14 14:12:51,lht65-20,52.2507,5.97306,3.001,21.25,81.7,3940
2026-09-14 14:22:51,lht65-20,52.2507,5.97306,3.0,20.96,82.6,6468
2026-09-14 14:32:51,lht65-20,52.2507,5.97306,3.0,21.28,82.3,10206
2026-09-14 14:42:51,lht65-20,52.2507,5.97306,3.0,21.77,79.9,20626
2026-09-14 14:52:51,lht65-20,52.2507,5.97306,3.001,23.27,76.8,24435
2026-09-14 15:02:51,lht65-20,52.2507,5.97306,3.001,23.95,71.6,12040
2026-09-14 15:12:51,lht65-20,52.2507,5.97306,3.001,23.33,73.6,12321
2026-09-14 15:22:51,lht65-20,52.2507,5.97306,3.001,23.1,75.0,10574
2026-09-14 15:32:51,lht65-20,52.2507,5.97306,3.001,23.43,73.5,7920
2026-09-14 15:42:51,lht65-20,52.2507,5.97306,3.001,22.68,77.0,4645
2026-09-14 15:52:51,lht65-20,52.2507,5.97306,3.001,22.4,77.9,7529
2026-09-14 16:02:51,lht65-20,52.2507,5.97306,3.001,22.28,79.1,4475
2026-09-14 16:12:51,lht65-20,52.2507,5.97306,3.001,22.1,80.5,6493
2026-09-14 16:22:51,lht65-20,52.2507,5.97306,3.001,22.2,80.6,9435
2026-09-14 16:32:51,lht65-20,52.2507,5.97306,3.001,23.15,78.1,11340
2026-09-14 16:42:51,lht65-20,52.2507,5.97306,3.001,23.19,76.8,9099
2026-09-14 16:52:51,lht65-20,52.2507,5.97306,3.001,22.62,79.0,2073
2026-09-14 17:02:51,lht65-20,52.2507,5.97306,3.001,21.81,81.5,1355
2026-09-14 17:12:51,lht65-20,52.2507,5.97306,3.001,21.4,83.4,2289
2026-09-14 17:22:51,lht65-20,52.2507,5.97306,3.001,21.57,83.5,2687
2026-09-14 17:32:51,lht65-20,52.2507,5.97306,3.001,21.4,83.6,1190
2026-09-14 17:42:51,lht65-20,52.2507,5.97306,3.001,21.03,84.3,600
2026-09-14 17:52:51,lht65-20,52.2507,5.97306,3.001,20.67,85.1,293
2026-09-14 18:02:51,lht65-20,52.2507,5.97306,3.001,20.12,86.9,104
2026-09-14 18:12:51,lht65-20,52.2507,5.97306,3.0,19.63,88.2,23
2026-09-14 18:22:51,lht65-20,52.2507,5.97306,3.0,19.09,89.5,2
2026-09-14 18:32:51,lht65-20,52.2507,5.97306,3.0,18.77,90.7,0
2026-09-14 18:42:51,lht65-20,52.2507,5.97306,3.0,18.6,91.2,0
2026-09-14 18:52:51,lht65-20,52.2507,5.97306,3.0,18.56,92.0,0
2026-09-14 19:02:51,lht65-20,52.2507,5.97306,3.0,18.65,92.3,0
2026-09-14 19:12:51,lht65-20,52.2507,5.97306,3.0,18.86,92.0,0
2026-09-14 19:22:51,lht65-20,52.2507,5.97306,2.998,19.3,90.3,0
2026-09-14 19:32:51,lht65-20,52.2507,5.97306,3.0,19.39,90.2,0
2026-09-14 19:42:51,lht65-20,52.2507,5.97306,3.001,19.38,90.2,0
2026-09-14 19:52:51,lht65-20,52.2507,5.97306,3.0,19.14,90.8,0
2026-09-14 20:02:51,lht65-20,52.2507,5.97306,3.001,18.85,91.4,0
2026-09-14 20:12:51,lht65-20,52.2507,5.97306,2.998,18.6,92.6,0
2026-09-14 20:22:51,lht65-20,52.2507,5.97306,3.0,18.32,93.1,0
2026-09-14 20:32:51,lht65-20,52.2507,5.97306,3.0,18.03,93.3,0
2026-09-14 20:42:51,lht65-20,52.2507,5.97306,3.0,17.68,93.7,0
2026-09-14 20:52:51,lht65-20,52.2507,5.97306,2.998,17.43,94.3,0
2026-09-14 21:02:51,lht65-20,52.2507,5.97306,2.998,17.15,94.5,0
2026-09-14 21:12:51,lht65-20,52.2507,5.97306,2.998,16.88,94.7,0
2026-09-14 21:22:51,lht65-20,52.2507,5.97306,2.998,16.69,95.0,0
2026-09-14 21:32:51,lht65-20,52.2507,5.97306,2.998,16.4,95.3,0
2026-09-14 21:42:51,lht65-20,52.2507,5.97306,2.998,16.06,95.3,0
2026-09-14 21:52:51,lht65-20,52.2507,5.97306,2.998,16.06,95.7,0
2026-09-14 22:02:51,lht65-20,52.2507,5.97306,2.998,15.82,95.9,0
2026-09-14 22:12:51,lht65-20,52.2507,5.97306,2.998,15.59,95.9,0
2026-09-14 22:22:51,lht65-20,52.2507,5.97306,2.998,15.33,96.0,0
2026-09-14 22:32:51,lht65-20,52.2507,5.97306,2.998,15.13,96.0,0
2026-09-14 22:42:51,lht65-20,52.2507,5.97306,2.994,15.1,96.2,0
2026-09-14 22:52:51,lht65-20,52.2507,5.97306,2.998,15.45,96.4,0
2026-09-14 23:02:51,lht65-20,52.2507,5.97306,2.998,15.81,96.5,0
2026-09-14 23:12:51,lht65-20,52.2507,5.97306,2.998,16.07,96.7,0
2026-09-14 23:22:51,lht65-20,52.2507,5.97306,2.998,16.12,96.7,0
2026-09-14 23:32:51,lht65-20,52.2507,5.97306,2.998,16.02,96.9,0
2026-09-14 23:42:51,lht65-20,52.2507,5.97306,2.998,16.46,96.9,0
2026-09-14 23:52:51,lht65-20,52.2507,5.97306,2.998,16.84,96.9,0
2026-09-15 00:02:51,lht65-20,52.2507,5.97306,2.998,17.01,96.9,0
2026-09-15 00:12:51,lht65-20,52.2507,5.97306,2.998,17.21,96.9,0
2026-09-15 00:22:51,lht65-20,52.2507,5.97306,3.0,17.29,97.0,0
2026-09-15 00:32:51,lht65-20,52.2507,5.97306,2.998,17.37,97.0,0
2026-09-15 00:42:51,lht65-20,52.2507,5.97306,2.998,17.36,97.0,0
2026-09-15 00:52:51,lht65-20,52.2507,5.97306,2.998,17.24,97.1,0
2026-09-15 01:02:51,lht65-20,52.2507,5.97306,2.998,17.11,97.1,0
2026-09-15 01:12:51,lht65-20,52.2507,5.97306,2.998,17.08,97.1,0
2026-09-15 01:22:51,lht65-20,52.2507,5.97306,2.998,16.83,97.1,0
2026-09-15 01:32:51,lht65-20,52.2507,5.97306,2.998,16.58,97.1,0
2026-09-15 01:42:51,lht65-20,52.2507,5.97306,2.998,16.38,97.1,0
2026-09-15 01:52:51,lht65-20,52.2507,5.97306,2.998,16.05,97.1,0
2026-09-15 02:02:51,lht65-20,52.2507,5.97306,2.996,15.87,97.1,0
2026-09-15 02:12:51,lht65-20,52.2507,5.97306,2.998,15.62,97.1,0
2026-09-15 02:22:51,lht65-20,52.2507,5.97306,2.994,15.22,97.1,0
2026-09-15 02:32:51,lht65-20,52.2507,5.97306,2.996,14.81,97.0,0
2026-09-15 02:42:51,lht65-20,52.2507,5.97306,2.994,14.51,97.0,0
2026-09-15 02:52:51,lht65-20,52.2507,5.97306,2.994,14.29,96.9,0
2026-09-15 03:02:51,lht65-20,52.2507,5.97306,2.994,14.15,96.9,0
2026-09-15 03:12:51,lht65-20,52.2507,5.97306,2.994,14.11,96.8,0
2026-09-15 03:22:51,lht65-20,52.2507,5.97306,2.994,14.99,96.9,0
2026-09-15 03:32:51,lht65-20,52.2507,5.97306,2.994,14.96,96.9,0
2026-09-15 03:42:51,lht65-20,52.2507,5.97306,2.994,14.39,97.0,0
2026-09-15 03:52:51,lht65-20,52.2507,5.97306,2.994,14.16,97.1,0
2026-09-15 04:02:51,lht65-20,52.2507,5.97306,2.994,14.22,97.2,0
2026-09-15 04:12:51,lht65-20,52.2507,5.97306,2.994,14.3,97.2,0
2026-09-15 04:22:51,lht65-20,52.2507,5.97306,2.994,13.99,97.3,0
2026-09-15 04:32:51,lht65-20,52.2507,5.97306,2.992,13.52,97.3,0
2026-09-15 04:42:51,lht65-20,52.2507,5.97306,2.992,13.61,97.4,5
2026-09-15 04:52:51,lht65-20,52.2507,5.97306,2.992,14.02,97.4,35
2026-09-15 05:02:51,lht65-20,52.2507,5.97306,2.994,13.98,97.4,136
2026-09-15 05:12:51,lht65-20,52.2507,5.97306,2.994,14.21,97.4,354
2026-09-15 05:22:51,lht65-20,52.2507,5.97306,2.994,14.47,97.4,729
2026-09-15 05:32:51,lht65-20,52.2507,5.97306,2.992,14.67,97.4,1350
2026-09-15 05:42:51,lht65-20,52.2507,5.97306,2.994,14.84,97.4,1835
2026-09-15 05:52:51,lht65-20,52.2507,5.97306,2.994,14.91,97.4,2336
2026-09-15 06:02:51,lht65-20,52.2507,5.97306,2.994,15.09,97.4,3051
2026-09-15 06:12:51,lht65-20,52.2507,5.97306,2.994,15.57,97.5,8816
2026-09-15 06:22:51,lht65-20,52.2507,5.97306,2.998,16.66,97.4,10775
2026-09-15 06:42:51,lht65-20,52.2507,5.97306,2.998,18.04,97.2,13774
2026-09-15 06:52:51,lht65-20,52.2507,5.97306,2.998,18.34,97.2,15310
2026-09-15 07:02:51,lht65-20,52.2507,5.97306,2.998,18.78,97.2,16375
2026-09-15 07:12:51,lht65-20,52.2507,5.97306,2.998,19.45,96.7,17415
2026-09-15 07:32:51,lht65-20,52.2507,5.97306,2.998,20.56,86.6,19265
2026-09-15 07:42:51,lht65-20,52.2507,5.97306,3.0,21.11,83.5,20205
2026-09-15 07:52:51,lht65-20,52.2507,5.97306,2.998,21.56,81.4,20640
2026-09-15 08:02:51,lht65-20,52.2507,5.97306,3.001,22.09,79.8,21418
2026-09-15 08:12:51,lht65-20,52.2507,5.97306,3.001,22.32,77.7,22061
2026-09-15 08:22:51,lht65-20,52.2507,5.97306,3.0,22.78,75.4,22868
2026-09-15 08:32:51,lht65-20,52.2507,5.97306,3.001,23.34,71.7,23300
2026-09-15 08:42:51,lht65-20,52.2507,5.97306,3.001,23.57,69.8,24371
2026-09-15 08:52:51,lht65-20,52.2507,5.97306,3.001,23.82,68.3,21656
2026-09-15 09:02:51,lht65-20,52.2507,5.97306,3.001,24.05,68.3,26053
2026-09-15 09:12:51,lht65-20,52.2507,5.97306,3.001,24.13,69.9,26080
2026-09-15 09:22:51,lht65-20,52.2507,5.97306,3.003,24.75,67.5,26478
2026-09-15 09:32:51,lht65-20,52.2507,5.97306,3.003,24.7,67.2,26726
2026-09-15 09:42:51,lht65-20,52.2507,5.97306,3.005,24.86,65.3,26792
2026-09-15 09:52:51,lht65-20,52.2507,5.97306,3.001,25.07,66.6,27168
2026-09-15 10:02:51,lht65-20,52.2507,5.97306,3.003,25.68,65.1,28408
2026-09-15 10:12:51,lht65-20,52.2507,5.97306,3.005,26.05,62.6,28641
2026-09-15 10:22:51,lht65-20,52.2507,5.97306,3.003,26.32,61.8,28195
2026-09-15 10:32:51,lht65-20,52.2507,5.97306,3.005,26.18,63.7,29505
2026-09-15 10:42:51,lht65-20,52.2507,5.97306,3.003,26.7,61.0,29616
2026-09-15 10:52:51,lht65-20,52.2507,5.97306,3.007,26.6,60.3,30142
2026-09-15 11:02:51,lht65-20,52.2507,5.97306,3.005,26.67,61.1,31135
2026-09-15 11:12:51,lht65-20,52.2507,5.97306,3.005,27.16,58.6,32018
2026-09-15 11:22:51,lht65-20,52.2507,5.97306,3.005,27.14,59.1,8886
2026-09-15 11:32:51,lht65-20,52.2507,5.97306,3.007,26.8,58.8,7483
2026-09-15 11:42:51,lht65-20,52.2507,5.97306,3.007,26.48,61.5,33887
2026-09-15 11:52:51,lht65-20,52.2507,5.97306,3.005,26.82,59.4,32329
2026-09-15 12:02:51,lht65-20,52.2507,5.97306,3.005,27.51,57.3,31968
2026-09-15 12:12:51,lht65-20,52.2507,5.97306,3.005,28.02,57.4,29841
2026-09-15 12:22:51,lht65-20,52.2507,5.97306,3.009,27.96,56.8,14039
2026-09-15 12:32:51,lht65-20,52.2507,5.97306,3.007,26.88,58.9,22656
2026-09-15 12:42:51,lht65-20,52.2507,5.97306,3.007,27.33,62.3,33195
2026-09-15 12:52:51,lht65-20,52.2507,5.97306,3.007,27.93,57.0,28327
2026-09-15 13:02:51,lht65-20,52.2507,5.97306,3.007,27.62,57.4,25070
2026-09-15 13:12:51,lht65-20,52.2507,5.97306,3.007,27.31,59.2,12073
2026-09-15 13:22:51,lht65-20,52.2507,5.97306,3.009,26.97,61.2,24800
2026-09-15 13:32:51,lht65-20,52.2507,5.97306,3.009,27.21,62.0,27732
2026-09-15 13:42:51,lht65-20,52.2507,5.97306,3.009,27.65,57.2,22880
2026-09-15 13:52:51,lht65-20,52.2507,5.97306,3.009,27.28,59.3,18555
2026-09-15 14:02:51,lht65-20,52.2507,5.97306,3.009,26.77,58.2,11932
2026-09-15 14:12:51,lht65-20,52.2507,5.97306,3.009,26.33,59.9,10462
2026-09-15 14:22:51,lht65-20,52.2507,5.97306,3.009,26.03,60.9,9910
2026-09-15 14:32:51,lht65-20,52.2507,5.97306,3.009,26.03,62.6,9583
2026-09-15 14:42:51,lht65-20,52.2507,5.97306,3.009,25.81,63.5,7137
2026-09-15 14:52:51,lht65-20,52.2507,5.97306,3.007,25.6,66.1,6267
2026-09-15 15:02:51,lht65-20,52.2507,5.97306,3.009,25.41,64.6,6458
2026-09-15 15:12:51,lht65-20,52.2507,5.97306,3.009,25.25,66.0,5242
2026-09-15 15:22:51,lht65-20,52.2507,5.97306,3.007,24.92,67.4,3644
2026-09-15 15:32:51,lht65-20,52.2507,5.97306,3.009,24.65,66.9,2953
2026-09-15 15:42:51,lht65-20,52.2507,5.97306,3.009,24.41,68.0,3533
2026-09-15 15:52:51,lht65-20,52.2507,5.97306,3.009,24.21,70.2,3714
2026-09-15 16:02:51,lht65-20,52.2507,5.97306,3.009,23.99,71.4,3597
2026-09-15 16:12:51,lht65-20,52.2507,5.97306,3.009,23.88,70.8,3719
2026-09-15 16:22:51,lht65-20,52.2507,5.97306,3.009,23.75,70.1,3704
2026-09-15 16:32:51,lht65-20,52.2507,5.97306,3.009,23.56,70.9,2941
2026-09-15 16:42:51,lht65-20,52.2507,5.97306,3.009,23.23,71.7,1866
2026-09-15 16:52:51,lht65-20,52.2507,5.97306,3.009,22.86,67.4,1476
2026-09-15 17:02:51,lht65-20,52.2507,5.97306,3.007,22.5,67.7,1401
2026-09-15 17:12:51,lht65-20,52.2507,5.97306,3.009,22.26,68.7,1266
2026-09-15 17:22:51,lht65-20,52.2507,5.97306,3.009,21.9,71.8,1006
2026-09-15 17:32:51,lht65-20,52.2507,5.97306,3.005,21.37,73.2,504
2026-09-15 17:42:51,lht65-20,52.2507,5.97306,3.007,20.99,75.7,263
2026-09-15 17:52:51,lht65-20,52.2507,5.97306,3.007,20.68,77.3,112
2026-09-15 18:02:51,lht65-20,52.2507,5.97306,3.007,20.44,78.5,30
2026-09-15 18:12:51,lht65-20,52.2507,5.97306,3.005,20.22,80.6,5
2026-09-15 18:22:51,lht65-20,52.2507,5.97306,3.005,20.05,81.4,0
2026-09-15 18:32:51,lht65-20,52.2507,5.97306,3.005,19.88,81.7,0
2026-09-15 18:42:51,lht65-20,52.2507,5.97306,3.005,19.74,82.2,0
2026-09-15 18:52:51,lht65-20,52.2507,5.97306,3.005,19.6,82.4,0
2026-09-15 19:02:51,lht65-20,52.2507,5.97306,3.005,19.46,83.4,0
2026-09-15 19:12:51,lht65-20,52.2507,5.97306,3.005,19.31,84.6,0
2026-09-15 19:22:51,lht65-20,52.2507,5.97306,3.003,19.19,85.6,0
2026-09-15 19:32:51,lht65-20,52.2507,5.97306,3.005,18.81,89.0,0
2026-09-15 19:42:51,lht65-20,52.2507,5.97306,3.003,18.33,90.5,0
2026-09-15 19:52:51,lht65-20,52.2507,5.97306,3.003,18.12,91.8,0
2026-09-15 20:02:51,lht65-20,52.2507,5.97306,3.001,17.98,92.5,0
2026-09-15 20:12:51,lht65-20,52.2507,5.97306,3.003,17.89,93.1,0
2026-09-15 20:22:51,lht65-20,52.2507,5.97306,3.001,17.76,93.5,0
2026-09-15 20:32:51,lht65-20,52.2507,5.97306,3.005,17.67,93.4,0
2026-09-15 20:42:51,lht65-20,52.2507,5.97306,3.003,17.6,93.4,0
2026-09-15 20:52:51,lht65-20,52.2507,5.97306,3.003,17.61,93.6,0
2026-09-15 21:02:51,lht65-20,52.2507,5.97306,3.003,17.59,93.7,0
2026-09-15 21:12:51,lht65-20,52.2507,5.97306,3.003,17.55,93.9,0
2026-09-15 21:22:51,lht65-20,52.2507,5.97306,3.003,17.51,94.2,0
2026-09-15 21:32:51,lht65-20,52.2507,5.97306,3.001,17.41,94.2,0
2026-09-15 21:42:51,lht65-20,52.2507,5.97306,3.003,16.97,91.9,0
2026-09-15 21:52:51,lht65-20,52.2507,5.97306,3.001,16.72,92.4,0
2026-09-15 22:02:51,lht65-20,52.2507,5.97306,3.001,16.62,92.3,0
2026-09-15 22:12:51,lht65-20,52.2507,5.97306,3.001,16.56,92.7,0
2026-09-15 22:22:51,lht65-20,52.2507,5.97306,3.001,16.49,93.1,0
2026-09-15 22:32:51,lht65-20,52.2507,5.97306,3.001,16.46,93.4,0
2026-09-15 22:42:51,lht65-20,52.2507,5.97306,3.001,16.31,93.6,0
2026-09-15 22:52:51,lht65-20,52.2507,5.97306,3.001,16.18,93.8,0
2026-09-15 23:02:51,lht65-20,52.2507,5.97306,3.0,16.14,93.6,0
2026-09-15 23:12:51,lht65-20,52.2507,5.97306,3.001,16.05,93.3,0
2026-09-15 23:22:51,lht65-20,52.2507,5.97306,3.0,15.8,92.9,0
2026-09-15 23:32:51,lht65-20,52.2507,5.97306,3.001,15.65,92.9,0
2026-09-15 23:42:51,lht65-20,52.2507,5.97306,3.001,15.5,93.0,0
2026-09-15 23:52:51,lht65-20,52.2507,5.97306,3.001,15.47,93.6,0
2026-09-16 00:02:51,lht65-20,52.2507,5.97306,3.001,15.49,93.9,0
2026-09-16 00:12:51,lht65-20,52.2507,5.97306,3.001,15.51,94.0,0
2026-09-16 00:22:51,lht65-20,52.2507,5.97306,3.0,15.5,93.9,0
2026-09-16 00:32:51,lht65-20,52.2507,5.97306,3.0,15.51,93.8,0
2026-09-16 00:42:51,lht65-20,52.2507,5.97306,3.0,15.58,93.8,0
2026-09-16 00:52:51,lht65-20,52.2507,5.97306,3.001,15.57,93.8,0
2026-09-16 01:02:51,lht65-20,52.2507,5.97306,3.001,15.53,93.9,0
2026-09-16 01:12:51,lht65-20,52.2507,5.97306,3.0,15.44,94.0,0
2026-09-16 01:22:51,lht65-20,52.2507,5.97306,3.0,15.28,93.8,0
2026-09-16 01:32:51,lht65-20,52.2507,5.97306,2.998,14.95,93.8,0
2026-09-16 01:42:51,lht65-20,52.2507,5.97306,2.998,14.72,94.4,0
2026-09-16 01:52:51,lht65-20,52.2507,5.97306,2.998,14.51,94.7,0
2026-09-16 02:02:51,lht65-20,52.2507,5.97306,2.998,14.2,94.8,0
2026-09-16 02:12:51,lht65-20,52.2507,5.97306,2.998,13.84,95.0,0
2026-09-16 02:22:51,lht65-20,52.2507,5.97306,2.998,13.59,95.2,0
2026-09-16 02:32:51,lht65-20,52.2507,5.97306,2.998,13.04,94.9,0
2026-09-16 02:42:51,lht65-20,52.2507,5.97306,2.998,12.81,95.3,0
2026-09-16 02:52:51,lht65-20,52.2507,5.97306,2.996,12.82,95.9,0
2026-09-16 03:02:51,lht65-20,52.2507,5.97306,2.998,12.57,96.2,0
2026-09-16 03:12:51,lht65-20,52.2507,5.97306,2.998,12.54,96.4,0
2026-09-16 03:22:51,lht65-20,52.2507,5.97306,2.998,12.87,96.6,0
2026-09-16 03:32:51,lht65-20,52.2507,5.97306,2.994,13.02,96.7,0
2026-09-16 03:42:51,lht65-20,52.2507,5.97306,2.998,13.33,96.9,0
2026-09-16 03:52:51,lht65-20,52.2507,5.97306,2.998,13.59,97.0,0
2026-09-16 04:02:51,lht65-20,52.2507,5.97306,2.998,14.07,97.1,0
2026-09-16 04:12:51,lht65-20,52.2507,5.97306,2.998,14.26,97.1,0
2026-09-16 04:22:51,lht65-20,52.2507,5.97306,2.998,14.49,97.2,0
2026-09-16 04:32:51,lht65-20,52.2507,5.97306,2.998,14.71,97.2,0
2026-09-16 04:42:51,lht65-20,52.2507,5.97306,3.0,14.81,97.2,0
2026-09-16 04:52:51,lht65-20,52.2507,5.97306,2.998,14.92,97.2,7
2026-09-16 05:02:51,lht65-20,52.2507,5.97306,2.998,14.93,96.9,35
2026-09-16 05:12:51,lht65-20,52.2507,5.97306,2.998,14.86,96.4,97
2026-09-16 05:22:51,lht65-20,52.2507,5.97306,2.998,14.77,95.8,214
2026-09-16 05:32:51,lht65-20,52.2507,5.97306,2.998,14.73,95.2,493
2026-09-16 05:42:51,lht65-20,52.2507,5.97306,2.998,14.7,94.6,814
2026-09-16 05:52:51,lht65-20,52.2507,5.97306,2.998,14.67,94.0,1451
2026-09-16 06:02:51,lht65-20,52.2507,5.97306,3.0,14.63,93.8,2137
2026-09-16 06:12:51,lht65-20,52.2507,5.97306,2.998,14.61,93.9,2755
2026-09-16 06:22:51,lht65-20,52.2507,5.97306,2.998,14.88,93.7,8098
2026-09-16 06:32:51,lht65-20,52.2507,5.97306,2.998,14.89,93.4,4454
2026-09-16 06:42:51,lht65-20,52.2507,5.97306,2.998,15.35,92.9,7184
2026-09-16 06:52:51,lht65-20,52.2507,5.97306,2.998,15.51,92.1,4816
2026-09-16 07:02:51,lht65-20,52.2507,5.97306,2.998,15.65,91.2,4683
2026-09-16 07:12:51,lht65-20,52.2507,5.97306,2.998,16.12,90.4,16082
2026-09-16 07:22:51,lht65-20,52.2507,5.97306,2.998,16.69,87.8,17190
2026-09-16 07:32:51,lht65-20,52.2507,5.97306,3.001,17.21,86.6,18211
2026-09-16 07:42:51,lht65-20,52.2507,5.97306,3.001,17.67,83.2,18894
2026-09-16 07:52:51,lht65-20,52.2507,5.97306,3.001,18.19,82.0,19971
2026-09-16 08:02:51,lht65-20,52.2507,5.97306,3.001,18.48,78.3,23312
2026-09-16 08:12:51,lht65-20,52.2507,5.97306,3.001,18.27,77.7,17033
2026-09-16 08:22:51,lht65-20,52.2507,5.97306,3.001,18.53,77.9,26748
2026-09-16 08:32:51,lht65-20,52.2507,5.97306,3.001,18.78,77.5,25874
2026-09-16 08:42:51,lht65-20,52.2507,5.97306,3.001,19.27,74.6,27690
2026-09-16 08:52:51,lht65-20,52.2507,5.97306,3.001,19.14,74.8,27808
2026-09-16 09:02:51,lht65-20,52.2507,5.97306,3.001,19.47,70.3,29340
2026-09-16 09:12:51,lht65-20,52.2507,5.97306,3.001,19.55,71.3,28345
2026-09-16 09:22:51,lht65-20,52.2507,5.97306,3.001,20.21,71.0,32028
2026-09-16 09:32:51,lht65-20,52.2507,5.97306,3.005,20.61,68.0,32357
2026-09-16 09:42:51,lht65-20,52.2507,5.97306,3.003,20.72,69.0,34340
2026-09-16 09:52:51,lht65-20,52.2507,5.97306,3.003,19.88,69.7,7308
2026-09-16 10:02:51,lht65-20,52.2507,5.97306,3.003,19.12,74.4,5500
2026-09-16 10:12:51,lht65-20,52.2507,5.97306,3.001,16.38,83.1,3960
2026-09-16 10:22:51,lht65-20,52.2507,5.97306,3.0,15.31,89.7,4815
2026-09-16 10:32:51,lht65-20,52.2507,5.97306,3.0,15.15,91.3,7250
2026-09-16 10:42:51,lht65-20,52.2507,5.97306,2.998,16.0,91.7,32694
2026-09-16 10:52:51,lht65-20,52.2507,5.97306,3.0,17.37,88.4,34620
2026-09-16 11:02:51,lht65-20,52.2507,5.97306,3.001,19.16,84.2,25628
2026-09-16 11:12:51,lht65-20,52.2507,5.97306,3.001,18.27,84.1,7361
2026-09-16 11:22:51,lht65-20,52.2507,5.97306,3.001,17.41,85.1,5964
2026-09-16 11:32:51,lht65-20,52.2507,5.97306,3.001,16.94,85.7,6061
2026-09-16 11:42:51,lht65-20,52.2507,5.97306,3.001,18.3,82.4,33030
2026-09-16 12:02:51,lht65-20,52.2507,5.97306,3.001,18.0,80.3,11250
2026-09-16 12:12:51,lht65-20,52.2507,5.97306,3.001,19.75,74.1,34985
2026-09-16 12:22:51,lht65-20,52.2507,5.97306,3.001,19.53,73.0,4880
2026-09-16 12:32:51,lht65-20,52.2507,5.97306,3.001,18.02,79.1,6476
2026-09-16 12:42:51,lht65-20,52.2507,5.97306,3.0,16.7,83.9,25335
2026-09-16 12:52:51,lht65-20,52.2507,5.97306,3.0,17.91,80.9,34475
2026-09-16 13:02:51,lht65-20,52.2507,5.97306,3.001,17.87,82.8,13045
2026-09-16 13:12:51,lht65-20,52.2507,5.97306,3.001,17.68,82.7,15238
2026-09-16 13:22:51,lht65-20,52.2507,5.97306,3.001,17.2,81.6,9320
2026-09-16 13:32:51,lht65-20,52.2507,5.97306,3.001,18.14,80.9,8858
2026-09-16 13:42:51,lht65-20,52.2507,5.97306,3.001,17.16,84.1,5856
2026-09-16 13:52:51,lht65-20,52.2507,5.97306,3.0,16.81,88.7,29925
2026-09-16 14:02:51,lht65-20,52.2507,5.97306,3.0,18.27,84.4,26667
2026-09-16 14:12:51,lht65-20,52.2507,5.97306,3.001,19.13,80.0,26840
2026-09-16 14:22:51,lht65-20,52.2507,5.97306,3.001,18.4,81.6,5434
2026-09-16 14:32:51,lht65-20,52.2507,5.97306,3.001,18.22,75.6,19721
2026-09-16 14:42:51,lht65-20,52.2507,5.97306,3.001,18.29,77.3,3542
2026-09-16 14:52:51,lht65-20,52.2507,5.97306,3.001,16.59,82.9,27841
2026-09-16 15:02:51,lht65-20,52.2507,5.97306,3.0,16.89,83.5,12036
2026-09-16 15:12:51,lht65-20,52.2507,5.97306,3.0,17.13,79.8,14465
2026-09-16 15:22:51,lht65-20,52.2507,5.97306,3.001,17.9,79.5,24199
2026-09-16 15:32:51,lht65-20,52.2507,5.97306,3.001,18.32,77.2,19709
2026-09-16 15:42:51,lht65-20,52.2507,5.97306,3.001,18.54,79.4,18571
2026-09-16 15:52:51,lht65-20,52.2507,5.97306,3.001,18.81,78.5,10397
2026-09-16 16:02:51,lht65-20,52.2507,5.97306,3.001,17.77,82.0,15125
2026-09-16 16:12:51,lht65-20,52.2507,5.97306,3.0,17.9,80.7,15753
2026-09-16 16:22:51,lht65-20,52.2507,5.97306,3.001,18.31,79.3,4180
2026-09-16 16:32:51,lht65-20,52.2507,5.97306,3.001,17.53,83.0,11013
2026-09-16 16:42:51,lht65-20,52.2507,5.97306,3.001,17.25,82.9,3715
2026-09-16 16:52:51,lht65-20,52.2507,5.97306,3.0,16.85,85.6,1777
2026-09-16 17:02:51,lht65-20,52.2507,5.97306,3.001,16.31,86.5,1234
2026-09-16 17:12:51,lht65-20,52.2507,5.97306,3.0,15.95,86.9,1355
2026-09-16 17:22:51,lht65-20,52.2507,5.97306,3.0,15.76,86.0,793
2026-09-16 17:32:51,lht65-20,52.2507,5.97306,3.0,15.54,86.1,568
2026-09-16 17:42:51,lht65-20,52.2507,5.97306,2.998,15.34,87.2,338
2026-09-16 17:52:51,lht65-20,52.2507,5.97306,2.998,15.11,87.4,140
2026-09-16 18:02:51,lht65-20,52.2507,5.97306,2.998,14.86,88.4,34
2026-09-16 18:12:51,lht65-20,52.2507,5.97306,2.998,14.66,89.0,5
2026-09-16 18:22:51,lht65-20,52.2507,5.97306,2.998,14.49,89.5,0
2026-09-16 18:32:51,lht65-20,52.2507,5.97306,2.998,14.35,90.1,0
2026-09-16 18:42:51,lht65-20,52.2507,5.97306,2.998,14.31,90.3,0
2026-09-16 18:52:51,lht65-20,52.2507,5.97306,2.998,14.02,90.8,0
2026-09-16 19:02:51,lht65-20,52.2507,5.97306,2.998,13.81,90.8,0
2026-09-16 19:12:51,lht65-20,52.2507,5.97306,2.996,13.55,91.8,0
2026-09-16 19:22:51,lht65-20,52.2507,5.97306,2.998,13.31,92.8,0
2026-09-16 19:32:51,lht65-20,52.2507,5.97306,2.994,13.13,93.7,0
2026-09-16 19:42:51,lht65-20,52.2507,5.97306,2.994,12.95,94.1,0
2026-09-16 19:52:51,lht65-20,52.2507,5.97306,2.994,12.66,94.2,0
2026-09-16 20:02:51,lht65-20,52.2507,5.97306,2.994,12.7,94.9,0
2026-09-16 20:12:51,lht65-20,52.2507,5.97306,2.996,12.82,95.0,0
2026-09-16 20:22:51,lht65-20,52.2507,5.97306,2.998,12.98,94.5,0
2026-09-16 20:32:51,lht65-20,52.2507,5.97306,2.994,12.95,94.0,0
2026-09-16 20:42:51,lht65-20,52.2507,5.97306,2.994,12.8,93.8,0
2026-09-16 20:52:51,lht65-20,52.2507,5.97306,2.994,12.78,93.9,0
2026-09-16 21:02:51,lht65-20,52.2507,5.97306,2.994,12.71,93.6,0
2026-09-16 21:12:51,lht65-20,52.2507,5.97306,2.994,12.56,93.8,0
2026-09-16 21:22:51,lht65-20,52.2507,5.97306,2.994,12.48,94.1,0
2026-09-16 21:32:51,lht65-20,52.2507,5.97306,2.994,12.48,94.3,0
2026-09-16 21:42:51,lht65-20,52.2507,5.97306,2.994,12.48,94.0,0
2026-09-16 21:52:51,lht65-20,52.2507,5.97306,2.992,12.39,93.7,0
2026-09-16 22:02:51,lht65-20,52.2507,5.97306,2.994,12.24,93.8,0
2026-09-16 22:12:51,lht65-20,52.2507,5.97306,2.994,12.33,94.2,0
2026-09-16 22:22:51,lht65-20,52.2507,5.97306,2.994,12.41,93.9,0
2026-09-16 22:32:51,lht65-20,52.2507,5.97306,2.994,12.43,94.0,0
2026-09-16 22:42:51,lht65-20,52.2507,5.97306,2.994,12.58,94.1,0
2026-09-16 22:52:51,lht65-20,52.2507,5.97306,2.994,12.72,93.9,0
2026-09-16 23:02:51,lht65-20,52.2507,5.97306,2.994,12.82,93.7,0
2026-09-16 23:12:51,lht65-20,52.2507,5.97306,2.994,12.84,93.4,0
2026-09-16 23:22:51,lht65-20,52.2507,5.97306,2.994,12.74,93.2,0
2026-09-16 23:32:51,lht65-20,52.2507,5.97306,2.992,12.54,93.5,0
2026-09-16 23:42:51,lht65-20,52.2507,5.97306,2.992,12.58,94.3,0
2026-09-16 23:52:51,lht65-20,52.2507,5.97306,2.992,12.71,94.2,0
2026-09-17 00:02:51,lht65-20,52.2507,5.97306,2.992,12.7,94.1,0
2026-09-17 00:12:51,lht65-20,52.2507,5.97306,2.994,12.55,94.1,0
2026-09-17 00:22:51,lht65-20,52.2507,5.97306,2.994,12.3,94.4,0
2026-09-17 00:32:51,lht65-20,52.2507,5.97306,2.992,12.12,94.8,0
2026-09-17 00:42:51,lht65-20,52.2507,5.97306,2.992,12.08,95.3,0
2026-09-17 00:52:51,lht65-20,52.2507,5.97306,2.992,12.26,95.9,0
2026-09-17 01:02:51,lht65-20,52.2507,5.97306,2.994,12.44,96.1,0
2026-09-17 01:12:51,lht65-20,52.2507,5.97306,2.994,12.58,95.9,0
2026-09-17 01:22:51,lht65-20,52.2507,5.97306,2.994,12.57,95.4,0
2026-09-17 01:32:51,lht65-20,52.2507,5.97306,2.992,12.54,95.1,0
2026-09-17 01:42:51,lht65-20,52.2507,5.97306,2.994,12.53,95.0,0
2026-09-17 01:52:51,lht65-20,52.2507,5.97306,2.992,12.64,95.2,0
2026-09-17 02:02:51,lht65-20,52.2507,5.97306,2.994,12.85,95.0,0
2026-09-17 02:12:51,lht65-20,52.2507,5.97306,2.992,13.04,94.5,0
2026-09-17 02:22:51,lht65-20,52.2507,5.97306,2.994,13.14,94.1,0
2026-09-17 02:32:51,lht65-20,52.2507,5.97306,2.994,13.16,93.8,0
2026-09-17 02:42:51,lht65-20,52.2507,5.97306,2.992,13.19,93.7,0
2026-09-17 02:52:51,lht65-20,52.2507,5.97306,2.994,13.23,93.5,0
2026-09-17 03:02:51,lht65-20,52.2507,5.97306,2.994,13.16,93.5,0
2026-09-17 03:12:51,lht65-20,52.2507,5.97306,2.992,13.04,93.8,0
2026-09-17 03:22:51,lht65-20,52.2507,5.97306,2.994,12.99,94.2,0
2026-09-17 03:32:51,lht65-20,52.2507,5.97306,2.994,13.0,94.4,0
2026-09-17 03:42:51,lht65-20,52.2507,5.97306,2.994,12.92,94.4,0
2026-09-17 03:52:51,lht65-20,52.2507,5.97306,2.994,12.87,94.8,0
2026-09-17 04:02:51,lht65-20,52.2507,5.97306,2.992,12.91,94.9,0
2026-09-17 04:12:51,lht65-20,52.2507,5.97306,2.994,12.92,95.0,0
2026-09-17 04:22:51,lht65-20,52.2507,5.97306,2.992,12.93,94.9,0
2026-09-17 04:32:51,lht65-20,52.2507,5.97306,2.994,12.98,94.7,0
2026-09-17 04:42:51,lht65-20,52.2507,5.97306,2.992,12.96,94.5,0
2026-09-17 04:52:51,lht65-20,52.2507,5.97306,2.994,12.96,94.4,6
2026-09-17 05:02:51,lht65-20,52.2507,5.97306,2.992,13.02,94.1,33
2026-09-17 05:12:51,lht65-20,52.2507,5.97306,2.991,13.03,93.9,135
2026-09-17 05:22:51,lht65-20,52.2507,5.97306,2.992,13.02,93.7,258
2026-09-17 05:32:51,lht65-20,52.2507,5.97306,2.994,13.1,93.4,335
2026-09-17 05:42:51,lht65-20,52.2507,5.97306,2.992,13.14,93.3,404
2026-09-17 05:52:51,lht65-20,52.2507,5.97306,2.994,13.18,93.1,1025
2026-09-17 06:02:51,lht65-20,52.2507,5.97306,2.994,13.26,92.9,1378
2026-09-17 06:12:51,lht65-20,52.2507,5.97306,2.994,13.36,92.7,1340
2026-09-17 06:22:51,lht65-20,52.2507,5.97306,2.994,13.39,92.3,1004
2026-09-17 06:32:51,lht65-20,52.2507,5.97306,2.994,13.4,92.4,1830
2026-09-17 06:42:51,lht65-20,52.2507,5.97306,2.994,13.47,92.4,1847
2026-09-17 06:52:51,lht65-20,52.2507,5.97306,2.994,13.52,92.1,2417
2026-09-17 07:02:51,lht65-20,52.2507,5.97306,2.992,13.6,92.2,3240
2026-09-17 07:12:51,lht65-20,52.2507,5.97306,2.994,13.73,91.8,3466
2026-09-17 07:22:51,lht65-20,52.2507,5.97306,2.992,13.9,91.3,5039
2026-09-17 07:32:51,lht65-20,52.2507,5.97306,2.994,14.11,91.1,4290
2026-09-17 07:42:51,lht65-20,52.2507,5.97306,2.994,14.26,90.4,4528
2026-09-17 07:52:51,lht65-20,52.2507,5.97306,2.994,14.48,90.1,7349
2026-09-17 08:02:51,lht65-20,52.2507,5.97306,2.994,14.72,88.1,8502
2026-09-17 08:12:51,lht65-20,52.2507,5.97306,2.994,14.96,88.0,9960
2026-09-17 08:22:51,lht65-20,52.2507,5.97306,2.998,15.23,87.5,11540
2026-09-17 08:32:51,lht65-20,52.2507,5.97306,2.994,15.52,86.4,15072
2026-09-17 08:42:51,lht65-20,52.2507,5.97306,2.998,16.35,83.9,21803
2026-09-17 08:52:51,lht65-20,52.2507,5.97306,2.998,16.67,83.0,11834
2026-09-17 09:02:51,lht65-20,52.2507,5.97306,2.994,16.35,82.0,10330
2026-09-17 09:12:51,lht65-20,52.2507,5.97306,2.994,16.47,82.4,10215
2026-09-17 09:22:51,lht65-20,52.2507,5.97306,2.998,16.68,81.3,12468
2026-09-17 09:32:51,lht65-20,52.2507,5.97306,2.998,17.95,77.9,31875
2026-09-17 09:42:51,lht65-20,52.2507,5.97306,2.998,18.99,71.1,26705
2026-09-17 09:52:51,lht65-20,52.2507,5.97306,2.998,19.22,69.1,25075
2026-09-17 10:02:51,lht65-20,52.2507,5.97306,2.998,18.48,70.6,15619
2026-09-17 10:12:51,lht65-20,52.2507,5.97306,2.998,18.35,72.3,14715
2026-09-17 10:22:51,lht65-20,52.2507,5.97306,2.998,18.59,68.5,17265
2026-09-17 10:32:51,lht65-20,52.2507,5.97306,2.998,18.5,70.3,11038
2026-09-17 10:42:51,lht65-20,52.2507,5.97306,2.998,18.18,72.6,8310
2026-09-17 10:52:51,lht65-20,52.2507,5.97306,2.998,17.69,74.7,4894
2026-09-17 11:02:51,lht65-20,52.2507,5.97306,2.998,17.55,73.2,7140
2026-09-17 11:12:51,lht65-20,52.2507,5.97306,2.998,17.72,75.6,9085
2026-09-17 11:22:51,lht65-20,52.2507,5.97306,2.998,17.68,73.2,2802
2026-09-17 11:32:51,lht65-20,52.2507,5.97306,2.998,17.56,74.8,8790
2026-09-17 11:42:51,lht65-20,52.2507,5.97306,3.0,17.7,74.0,9218
2026-09-17 11:52:51,lht65-20,52.2507,5.97306,2.998,17.68,73.5,6643
2026-09-17 12:02:51,lht65-20,52.2507,5.97306,2.998,17.96,74.8,7502
2026-09-17 12:12:51,lht65-20,52.2507,5.97306,2.998,17.71,72.7,3933
2026-09-17 12:22:51,lht65-20,52.2507,5.97306,2.998,17.12,77.7,3716
2026-09-17 12:32:51,lht65-20,52.2507,5.97306,2.998,16.35,82.7,4204
2026-09-17 12:42:51,lht65-20,52.2507,5.97306,2.998,16.54,82.0,10273
2026-09-17 12:52:51,lht65-20,52.2507,5.97306,2.996,16.81,79.3,4315
2026-09-17 13:02:51,lht65-20,52.2507,5.97306,2.998,16.89,78.2,4225
2026-09-17 13:12:52,lht65-20,52.2507,5.97306,2.998,17.07,77.2,3134
2026-09-17 13:22:51,lht65-20,52.2507,5.97306,2.998,17.22,76.5,7121
2026-09-17 13:32:51,lht65-20,52.2507,5.97306,2.998,17.5,76.3,8196
2026-09-17 13:42:51,lht65-20,52.2507,5.97306,2.998,17.39,78.2,7153
2026-09-17 13:52:51,lht65-20,52.2507,5.97306,2.998,16.89,80.4,4679
2026-09-17 14:02:51,lht65-20,52.2507,5.97306,2.998,16.55,81.8,4968
2026-09-17 14:12:51,lht65-20,52.2507,5.97306,2.998,16.21,85.3,5648
2026-09-17 14:22:51,lht65-20,52.2507,5.97306,2.996,16.04,87.1,7145
2026-09-17 14:32:51,lht65-20,52.2507,5.97306,2.998,16.0,88.1,7713
2026-09-17 14:42:51,lht65-20,52.2507,5.97306,2.998,16.08,86.6,4710
2026-09-17 14:52:51,lht65-20,52.2507,5.97306,2.996,16.15,87.0,6786
2026-09-17 15:02:51,lht65-20,52.2507,5.97306,2.998,16.36,86.2,7412
2026-09-17 15:12:51,lht65-20,52.2507,5.97306,2.998,16.55,84.6,7257
2026-09-17 15:22:51,lht65-20,52.2507,5.97306,2.998,16.72,83.0,7438
2026-09-17 15:32:51,lht65-20,52.2507,5.97306,2.998,16.39,84.8,4603
2026-09-17 15:42:51,lht65-20,52.2507,5.97306,2.998,16.18,86.1,4383
2026-09-17 15:52:51,lht65-20,52.2507,5.97306,2.998,16.35,84.2,4150
2026-09-17 16:02:51,lht65-20,52.2507,5.97306,2.998,16.31,84.4,2020
2026-09-17 16:12:51,lht65-20,52.2507,5.97306,2.994,16.25,83.6,1532
2026-09-17 16:22:51,lht65-20,52.2507,5.97306,2.998,16.24,83.2,1496
2026-09-17 16:32:51,lht65-20,52.2507,5.97306,2.998,16.12,84.6,1456
2026-09-17 16:42:51,lht65-20,52.2507,5.97306,2.994,15.82,87.1,1501
2026-09-17 16:52:51,lht65-20,52.2507,5.97306,2.996,15.6,88.9,568
2026-09-17 17:02:51,lht65-20,52.2507,5.97306,2.996,15.39,90.0,419
2026-09-17 17:12:51,lht65-20,52.2507,5.97306,2.998,15.34,90.7,645
2026-09-17 17:22:51,lht65-20,52.2507,5.97306,2.994,15.28,90.3,215
2026-09-17 17:32:51,lht65-20,52.2507,5.97306,2.994,15.2,90.4,109
2026-09-17 17:42:51,lht65-20,52.2507,5.97306,2.994,15.19,90.7,101
2026-09-17 17:52:51,lht65-20,52.2507,5.97306,2.994,15.23,90.7,78
2026-09-17 18:02:51,lht65-20,52.2507,5.97306,2.994,15.26,89.9,19
2026-09-17 18:12:51,lht65-20,52.2507,5.97306,2.994,15.34,89.7,3
2026-09-17 18:22:51,lht65-20,52.2507,5.97306,2.994,15.31,89.8,0
2026-09-17 18:32:51,lht65-20,52.2507,5.97306,2.994,15.33,89.8,0
2026-09-17 18:42:51,lht65-20,52.2507,5.97306,2.994,15.39,89.7,0
2026-09-17 18:52:51,lht65-20,52.2507,5.97306,2.994,15.46,89.4,0
2026-09-17 19:02:51,lht65-20,52.2507,5.97306,2.994,15.43,89.5,0
2026-09-17 19:12:51,lht65-20,52.2507,5.97306,2.994,15.35,89.9,0
2026-09-17 19:22:51,lht65-20,52.2507,5.97306,2.996,15.37,89.8,0
2026-09-17 19:32:51,lht65-20,52.2507,5.97306,2.994,15.39,89.7,0
2026-09-17 19:42:51,lht65-20,52.2507,5.97306,2.994,15.44,89.4,0
2026-09-17 19:52:51,lht65-20,52.2507,5.97306,2.994,15.48,89.4,0
2026-09-17 20:02:51,lht65-20,52.2507,5.97306,2.994,15.49,89.8,0
2026-09-17 20:12:51,lht65-20,52.2507,5.97306,2.994,15.53,89.7,0
2026-09-17 20:22:51,lht65-20,52.2507,5.97306,2.994,15.52,90.1,0
2026-09-17 20:32:51,lht65-20,52.2507,5.97306,2.996,15.49,89.9,0
2026-09-17 20:42:51,lht65-20,52.2507,5.97306,2.994,15.46,89.8,0
2026-09-17 20:52:51,lht65-20,52.2507,5.97306,2.994,15.45,89.2,0
2026-09-17 21:02:51,lht65-20,52.2507,5.97306,2.994,15.41,88.2,0
2026-09-17 21:12:51,lht65-20,52.2507,5.97306,2.994,15.31,89.3,0
2026-09-17 21:22:51,lht65-20,52.2507,5.97306,2.996,15.11,90.8,0
2026-09-17 21:32:51,lht65-20,52.2507,5.97306,2.994,14.95,91.9,0
2026-09-17 21:42:51,lht65-20,52.2507,5.97306,2.994,14.79,92.4,0
2026-09-17 21:52:51,lht65-20,52.2507,5.97306,2.994,14.63,92.7,0
2026-09-17 22:02:51,lht65-20,52.2507,5.97306,2.992,14.37,93.3,0
2026-09-17 22:12:51,lht65-20,52.2507,5.97306,2.992,14.42,94.0,0
2026-09-17 22:22:56,lht65-20,52.2507,5.97306,2.994,14.33,93.9,0
2026-09-17 22:32:51,lht65-20,52.2507,5.97306,2.994,14.18,94.3,0
2026-09-17 22:42:51,lht65-20,52.2507,5.97306,2.994,13.98,94.6,0
2026-09-17 22:52:51,lht65-20,52.2507,5.97306,2.992,13.89,94.9,0
2026-09-17 23:02:51,lht65-20,52.2507,5.97306,2.994,13.87,95.2,0
2026-09-17 23:12:51,lht65-20,52.2507,5.97306,2.991,13.84,95.4,0
2026-09-17 23:22:51,lht65-20,52.2507,5.97306,2.992,13.75,95.5,0
2026-09-17 23:32:51,lht65-20,52.2507,5.97306,2.992,13.85,95.8,0
2026-09-17 23:42:51,lht65-20,52.2507,5.97306,2.992,14.09,96.0,0
2026-09-17 23:52:51,lht65-20,52.2507,5.97306,2.992,14.17,95.7,0
