dateTime,sensor,sensorLatitude,sensorLongitude,sensorBattery,airTemperature,airHumidity,soilTemperature
2026-06-01 00:08:36,lht65-02,52.25,5.97326,3.023,15.4,93.1,22.06
2026-06-01 00:18:43,lht65-02,52.25,5.97326,3.023,15.52,93.3,22.0
2026-06-01 00:28:43,lht65-02,52.25,5.97326,3.023,15.6,93.5,21.93
2026-06-01 00:38:36,lht65-02,52.25,5.97326,3.023,15.63,93.3,21.87
2026-06-01 00:48:43,lht65-02,52.25,5.97326,3.025,15.61,92.9,21.81
2026-06-01 00:58:36,lht65-02,52.25,5.97326,3.023,15.61,93.0,21.75
2026-06-01 01:08:50,lht65-02,52.25,5.97326,3.023,15.68,93.3,21.68
2026-06-01 01:18:43,lht65-02,52.25,5.97326,3.021,15.72,93.6,21.62
2026-06-01 01:28:43,lht65-02,52.25,5.97326,3.023,15.81,93.7,21.56
2026-06-01 01:38:36,lht65-02,52.25,5.97326,3.023,15.85,93.8,21.5
2026-06-01 01:48:36,lht65-02,52.25,5.97326,3.023,15.88,93.8,21.5
2026-06-01 01:58:36,lht65-02,52.25,5.97326,3.023,15.81,93.6,21.43
2026-06-01 02:08:43,lht65-02,52.25,5.97326,3.021,15.74,93.4,21.37
2026-06-01 02:18:43,lht65-02,52.25,5.97326,3.023,15.55,92.8,21.31
2026-06-01 02:28:36,lht65-02,52.25,5.97326,3.023,15.2,91.3,21.25
2026-06-01 02:38:36,lht65-02,52.25,5.97326,3.023,14.77,90.0,21.25
2026-06-01 02:48:36,lht65-02,52.25,5.97326,3.023,14.31,89.5,21.18
2026-06-01 02:58:36,lht65-02,52.25,5.97326,3.019,13.97,89.7,21.12
2026-06-01 03:08:36,lht65-02,52.25,5.97326,3.019,13.61,90.0,21.06
2026-06-01 03:18:36,lht65-02,52.25,5.97326,3.019,13.28,90.3,21.0
2026-06-01 03:28:36,lht65-02,52.25,5.97326,3.019,13.01,90.7,20.93
2026-06-01 03:38:36,lht65-02,52.25,5.97326,3.019,12.81,90.8,20.87
2026-06-01 03:58:36,lht65-02,52.25,5.97326,3.019,12.8,91.8,20.75
2026-06-01 04:08:36,lht65-02,52.25,5.97326,3.019,13.34,92.3,20.68
2026-06-01 04:18:36,lht65-02,52.25,5.97326,3.019,14.31,92.0,20.62
2026-06-01 04:28:36,lht65-02,52.25,5.97326,3.019,15.18,90.7,20.56
2026-06-01 04:38:36,lht65-02,52.25,5.97326,3.019,15.75,90.8,20.5
2026-06-01 04:58:35,lht65-02,52.25,5.97326,3.019,16.69,90.7,20.43
2026-06-01 05:08:35,lht65-02,52.25,5.97326,3.019,17.29,90.4,20.37
2026-06-01 05:28:42,lht65-02,52.25,5.97326,3.021,19.19,89.4,20.37
2026-06-01 05:38:42,lht65-02,52.25,5.97326,3.023,19.78,87.5,20.37
2026-06-01 05:48:35,lht65-02,52.25,5.97326,3.023,20.83,87.7,20.37
2026-06-01 05:58:35,lht65-02,52.25,5.97326,3.023,22.28,85.7,20.43
2026-06-01 06:08:35,lht65-02,52.25,5.97326,3.023,23.33,82.5,20.43
2026-06-01 06:18:35,lht65-02,52.25,5.97326,3.023,24.42,80.5,20.5
2026-06-01 06:38:35,lht65-02,52.25,5.97326,3.014,27.41,78.0,20.56
2026-06-01 06:48:35,lht65-02,52.25,5.97326,3.014,28.47,74.2,20.68
2026-06-01 06:58:42,lht65-02,52.25,5.97326,3.018,28.64,73.7,20.75
2026-06-01 07:08:42,lht65-02,52.25,5.97326,3.016,28.92,74.2,20.87
2026-06-01 07:18:42,lht65-02,52.25,5.97326,3.021,29.9,72.0,20.93
2026-06-01 07:28:35,lht65-02,52.25,5.97326,3.016,31.01,63.7,21.06
2026-06-01 07:38:42,lht65-02,52.25,5.97326,3.019,31.64,61.3,21.18
2026-06-01 07:48:35,lht65-02,52.25,5.97326,3.021,31.34,59.6,21.31
2026-06-01 08:08:35,lht65-02,52.25,5.97326,3.019,32.47,55.0,21.62
2026-06-01 08:18:35,lht65-02,52.25,5.97326,3.018,32.54,51.7,21.75
2026-06-01 08:38:35,lht65-02,52.25,5.97326,3.019,30.16,46.6,22.06
2026-06-01 08:58:42,lht65-02,52.25,5.97326,3.019,30.83,51.9,22.37
2026-06-01 09:08:42,lht65-02,52.25,5.97326,3.019,31.16,52.0,22.43
2026-06-01 09:28:42,lht65-02,52.25,5.97326,3.021,31.3,39.3,22.68
2026-06-01 09:38:35,lht65-02,52.25,5.97326,3.019,30.37,39.7,22.87
2026-06-01 09:48:42,lht65-02,52.25,5.97326,3.019,28.44,46.1,22.93
2026-06-01 10:08:42,lht65-02,52.25,5.97326,3.021,29.22,56.9,23.12
2026-06-01 10:18:35,lht65-02,52.25,5.97326,3.019,29.23,55.0,23.18
2026-06-01 10:28:42,lht65-02,52.25,5.97326,3.021,28.64,57.8,23.31
2026-06-01 10:48:35,lht65-02,52.25,5.97326,3.01,30.43,39.2,23.37
2026-06-01 11:08:35,lht65-02,52.25,5.97326,3.019,30.13,49.1,23.5
2026-06-01 11:28:35,lht65-02,52.25,5.97326,3.019,30.82,44.2,23.68
2026-06-01 11:38:35,lht65-02,52.25,5.97326,3.019,29.48,53.3,23.75
2026-06-01 11:48:35,lht65-02,52.25,5.97326,3.019,29.35,57.2,23.81
2026-06-01 11:58:35,lht65-02,52.25,5.97326,3.019,29.45,57.1,23.87
2026-06-01 12:08:35,lht65-02,52.25,5.97326,3.019,29.49,57.0,23.93
2026-06-01 12:18:35,lht65-02,52.25,5.97326,3.019,29.46,59.3,23.93
2026-06-01 12:28:35,lht65-02,52.25,5.97326,3.019,29.81,55.6,23.93
2026-06-01 12:38:35,lht65-02,52.25,5.97326,3.019,30.82,59.3,24.0
2026-06-01 12:48:35,lht65-02,52.25,5.97326,3.019,31.41,49.9,24.0
2026-06-01 12:58:35,lht65-02,52.25,5.97326,3.019,31.56,47.2,24.06
2026-06-01 13:08:42,lht65-02,52.25,5.97326,3.019,31.94,45.7,24.12
2026-06-01 13:28:35,lht65-02,52.25,5.97326,3.019,32.19,39.4,24.18
2026-06-01 13:38:35,lht65-02,52.25,5.97326,3.019,32.39,41.9,24.25
2026-06-01 13:48:35,lht65-02,52.25,5.97326,3.019,32.47,44.0,24.31
2026-06-01 14:08:35,lht65-02,52.25,5.97326,3.019,30.82,41.9,24.5
2026-06-01 14:18:34,lht65-02,52.25,5.97326,3.019,29.94,42.9,24.56
2026-06-01 14:28:34,lht65-02,52.25,5.97326,3.019,29.38,48.0,24.62
2026-06-01 14:48:34,lht65-02,52.25,5.97326,3.016,33.18,39.5,24.68
2026-06-01 14:58:34,lht65-02,52.25,5.97326,3.019,32.65,38.3,24.75
2026-06-01 15:08:34,lht65-02,52.25,5.97326,3.019,32.39,40.1,24.75
2026-06-01 15:18:41,lht65-02,52.25,5.97326,3.019,31.19,40.6,24.81
2026-06-01 15:28:34,lht65-02,52.25,5.97326,3.019,30.59,49.3,24.87
2026-06-01 15:38:34,lht65-02,52.25,5.97326,3.019,30.83,49.0,24.93
2026-06-01 15:48:34,lht65-02,52.25,5.97326,3.019,31.61,41.3,24.93
2026-06-01 16:08:34,lht65-02,52.25,5.97326,3.019,28.86,49.6,25.0
2026-06-01 16:18:34,lht65-02,52.25,5.97326,3.019,28.82,49.8,25.0
2026-06-01 16:28:34,lht65-02,52.25,5.97326,3.021,29.51,52.2,25.0
2026-06-01 16:38:34,lht65-02,52.25,5.97326,3.023,29.86,50.7,25.0
2026-06-01 16:48:34,lht65-02,52.25,5.97326,3.019,29.45,50.3,25.0
2026-06-01 16:58:34,lht65-02,52.25,5.97326,3.021,29.0,54.2,25.0
2026-06-01 17:08:34,lht65-02,52.25,5.97326,3.021,28.66,55.8,25.0
2026-06-01 17:18:41,lht65-02,52.25,5.97326,3.019,28.12,56.3,25.0
2026-06-01 17:28:34,lht65-02,52.25,5.97326,3.019,27.52,56.3,25.0
2026-06-01 17:38:34,lht65-02,52.25,5.97326,3.023,26.83,58.8,24.93
2026-06-01 17:48:34,lht65-02,52.25,5.97326,3.021,26.03,62.0,24.87
2026-06-01 17:58:34,lht65-02,52.25,5.97326,3.023,25.38,62.3,24.87
2026-06-01 18:08:41,lht65-02,52.25,5.97326,3.023,24.98,63.2,24.81
2026-06-01 18:18:34,lht65-02,52.25,5.97326,3.023,24.69,64.1,24.75
2026-06-01 18:28:34,lht65-02,52.25,5.97326,3.023,24.41,65.8,24.68
2026-06-01 18:38:34,lht65-02,52.25,5.97326,3.023,24.02,67.9,24.62
2026-06-01 18:48:41,lht65-02,52.25,5.97326,3.023,23.61,70.5,24.56
2026-06-01 18:58:34,lht65-02,52.25,5.97326,3.023,23.32,74.1,24.5
2026-06-01 19:08:34,lht65-02,52.25,5.97326,3.023,23.02,76.0,24.43
2026-06-01 19:18:34,lht65-02,52.25,5.97326,3.023,22.82,77.9,24.37
2026-06-01 19:28:34,lht65-02,52.25,5.97326,3.025,22.53,79.0,24.31
2026-06-01 19:38:34,lht65-02,52.25,5.97326,3.025,22.06,80.1,24.25
2026-06-01 19:48:34,lht65-02,52.25,5.97326,3.025,21.52,81.2,24.18
2026-06-01 19:58:34,lht65-02,52.25,5.97326,3.023,20.95,82.5,24.12
2026-06-01 20:08:34,lht65-02,52.25,5.97326,3.023,20.52,82.7,24.06
2026-06-01 20:18:34,lht65-02,52.25,5.97326,3.025,19.86,82.3,24.0
2026-06-01 20:28:34,lht65-02,52.25,5.97326,3.025,19.39,82.9,23.93
2026-06-01 20:48:34,lht65-02,52.25,5.97326,3.023,18.27,83.5,23.75
2026-06-01 20:58:34,lht65-02,52.25,5.97326,3.023,17.84,83.7,23.68
2026-06-01 21:18:34,lht65-02,52.25,5.97326,3.023,17.08,85.3,23.5
2026-06-01 21:28:34,lht65-02,52.25,5.97326,3.025,16.74,86.1,23.37
2026-06-01 21:38:34,lht65-02,52.25,5.97326,3.023,16.39,86.8,23.31
2026-06-01 21:48:34,lht65-02,52.25,5.97326,3.023,16.11,87.4,23.25
2026-06-01 21:58:41,lht65-02,52.25,5.97326,3.023,15.85,87.8,23.12
2026-06-01 22:08:34,lht65-02,52.25,5.97326,3.023,15.7,88.7,23.06
2026-06-01 22:18:34,lht65-02,52.25,5.97326,3.023,15.58,88.8,23.0
2026-06-01 22:28:34,lht65-02,52.25,5.97326,3.021,15.45,88.8,22.87
2026-06-01 22:38:34,lht65-02,52.25,5.97326,3.021,15.34,88.8,22.81
2026-06-01 22:48:34,lht65-02,52.25,5.97326,3.021,15.23,89.2,22.68
2026-06-01 23:08:34,lht65-02,52.25,5.97326,3.019,14.92,89.2,22.56
2026-06-01 23:28:34,lht65-02,52.25,5.97326,3.019,14.71,90.1,22.37
2026-06-01 23:38:34,lht65-02,52.25,5.97326,3.019,14.63,90.1,22.25
2026-06-01 23:58:34,lht65-02,52.25,5.97326,3.021,14.45,90.8,22.12
2026-06-02 00:28:33,lht65-02,52.25,5.97326,3.025,14.31,91.2,21.87
2026-06-02 00:38:33,lht65-02,52.25,5.97326,3.021,14.28,91.2,21.81
2026-06-02 00:48:33,lht65-02,52.25,5.97326,3.021,14.06,91.2,21.75
2026-06-02 00:58:33,lht65-02,52.25,5.97326,3.021,13.96,91.3,21.68
2026-06-02 01:08:33,lht65-02,52.25,5.97326,3.023,13.82,91.4,21.62
2026-06-02 01:18:33,lht65-02,52.25,5.97326,3.019,13.71,91.5,21.5
2026-06-02 01:28:33,lht65-02,52.25,5.97326,3.019,13.63,91.7,21.43
2026-06-02 01:48:33,lht65-02,52.25,5.97326,3.019,13.48,91.9,21.31
2026-06-02 01:58:33,lht65-02,52.25,5.97326,3.018,13.45,92.2,21.25
2026-06-02 02:08:33,lht65-02,52.25,5.97326,3.021,13.43,92.6,21.18
2026-06-02 02:28:33,lht65-02,52.25,5.97326,3.019,13.41,93.1,21.06
2026-06-02 02:38:33,lht65-02,52.25,5.97326,3.021,13.38,93.1,21.0
2026-06-02 02:48:33,lht65-02,52.25,5.97326,3.021,13.28,93.1,20.93
2026-06-02 02:58:33,lht65-02,52.25,5.97326,3.019,13.21,92.9,20.87
2026-06-02 03:08:33,lht65-02,52.25,5.97326,3.018,13.15,93.0,20.81
2026-06-02 03:18:33,lht65-02,52.25,5.97326,3.019,13.14,93.2,20.75
2026-06-02 03:28:33,lht65-02,52.25,5.97326,3.019,13.13,93.4,20.68
2026-06-02 03:38:33,lht65-02,52.25,5.97326,3.019,13.18,93.6,20.62
2026-06-02 03:48:40,lht65-02,52.25,5.97326,3.019,13.28,93.8,20.56
2026-06-02 03:58:40,lht65-02,52.25,5.97326,3.019,13.52,94.0,20.5
2026-06-02 04:08:33,lht65-02,52.25,5.97326,3.019,13.97,94.3,20.5
2026-06-02 04:28:40,lht65-02,52.25,5.97326,3.019,15.2,94.3,20.37
2026-06-02 04:48:40,lht65-02,52.25,5.97326,3.019,16.19,92.9,20.31
2026-06-02 04:58:33,lht65-02,52.25,5.97326,3.019,16.72,92.3,20.25
2026-06-02 05:08:33,lht65-02,52.25,5.97326,3.019,17.32,91.6,20.25
2026-06-02 05:18:33,lht65-02,52.25,5.97326,3.019,18.15,90.7,20.25
2026-06-02 05:28:40,lht65-02,52.25,5.97326,3.021,19.33,89.7,20.25
2026-06-02 05:38:33,lht65-02,52.25,5.97326,3.019,20.46,88.4,20.18
2026-06-02 05:48:40,lht65-02,52.25,5.97326,3.021,21.58,87.4,20.25
2026-06-02 05:58:33,lht65-02,52.25,5.97326,3.023,22.31,84.8,20.31
2026-06-02 06:08:33,lht65-02,52.25,5.97326,3.021,22.83,83.3,20.31
2026-06-02 06:18:33,lht65-02,52.25,5.97326,3.019,23.16,83.1,20.31
2026-06-02 06:28:40,lht65-02,52.25,5.97326,3.019,23.41,82.2,20.37
2026-06-02 06:48:33,lht65-02,52.25,5.97326,3.016,24.27,81.8,20.5
2026-06-02 06:58:33,lht65-02,52.25,5.97326,3.016,25.32,80.9,20.56
2026-06-02 07:08:40,lht65-02,52.25,5.97326,3.016,26.13,80.9,20.62
2026-06-02 07:18:33,lht65-02,52.25,5.97326,3.014,27.14,68.7,20.68
2026-06-02 07:28:33,lht65-02,52.25,5.97326,3.016,27.48,65.9,20.75
2026-06-02 07:38:33,lht65-02,52.25,5.97326,3.019,27.55,62.7,20.87
2026-06-02 07:58:33,lht65-02,52.25,5.97326,3.016,28.11,63.1,21.06
2026-06-02 08:08:33,lht65-02,52.25,5.97326,3.019,28.44,60.2,21.12
2026-06-02 08:18:33,lht65-02,52.25,5.97326,3.019,28.51,61.4,21.25
2026-06-02 08:28:40,lht65-02,52.25,5.97326,3.019,28.27,59.9,21.37
2026-06-02 08:38:33,lht65-02,52.25,5.97326,3.019,28.77,60.6,21.43
2026-06-02 08:58:33,lht65-02,52.25,5.97326,3.019,29.0,59.0,21.62
2026-06-02 09:08:40,lht65-02,52.25,5.97326,3.016,29.9,55.2,21.75
2026-06-02 09:18:40,lht65-02,52.25,5.97326,3.019,29.9,50.0,21.81
2026-06-02 09:28:33,lht65-02,52.25,5.97326,3.019,28.6,51.5,21.93
2026-06-02 09:38:33,lht65-02,52.25,5.97326,3.019,26.67,55.0,22.0
2026-06-02 09:48:33,lht65-02,52.25,5.97326,3.019,24.72,62.4,22.12
2026-06-02 09:58:33,lht65-02,52.25,5.97326,3.019,23.07,68.2,22.18
2026-06-02 10:08:33,lht65-02,52.25,5.97326,3.019,21.91,75.0,22.18
2026-06-02 10:18:33,lht65-02,52.25,5.97326,3.019,21.5,78.4,22.18
2026-06-02 10:28:39,lht65-02,52.25,5.97326,3.019,21.27,81.6,22.18
2026-06-02 10:38:32,lht65-02,52.25,5.97326,3.019,21.36,83.0,22.18
2026-06-02 10:58:33,lht65-02,52.25,5.97326,3.019,21.68,83.0,22.12
2026-06-02 11:18:32,lht65-02,52.25,5.97326,3.019,23.64,82.2,22.06
2026-06-02 11:28:33,lht65-02,52.25,5.97326,3.021,25.32,80.4,22.12
2026-06-02 11:38:32,lht65-02,52.25,5.97326,3.019,27.35,78.0,22.12
2026-06-02 11:48:33,lht65-02,52.25,5.97326,3.019,30.52,70.1,22.12
2026-06-02 11:58:39,lht65-02,52.25,5.97326,3.019,29.93,59.4,22.18
2026-06-02 12:08:32,lht65-02,52.25,5.97326,3.021,29.38,61.1,22.25
2026-06-02 12:18:32,lht65-02,52.25,5.97326,3.019,30.32,60.9,22.37
2026-06-02 12:28:39,lht65-02,52.25,5.97326,3.019,32.46,54.5,22.5
2026-06-02 12:38:32,lht65-02,52.25,5.97326,3.021,31.88,50.9,22.62
2026-06-02 12:48:32,lht65-02,52.25,5.97326,3.023,31.58,52.3,22.75
2026-06-02 13:08:32,lht65-02,52.25,5.97326,3.021,31.92,52.7,23.06
2026-06-02 13:18:39,lht65-02,52.25,5.97326,3.023,30.83,48.2,23.18
2026-06-02 13:28:32,lht65-02,52.25,5.97326,3.023,30.31,53.8,23.37
2026-06-02 13:38:39,lht65-02,52.25,5.97326,3.021,29.37,52.4,23.5
2026-06-02 13:58:32,lht65-02,52.25,5.97326,3.023,27.37,57.0,23.75
2026-06-02 14:08:32,lht65-02,52.25,5.97326,3.023,25.42,59.4,23.81
2026-06-02 14:18:39,lht65-02,52.25,5.97326,3.023,24.05,64.8,23.87
2026-06-02 14:28:39,lht65-02,52.25,5.97326,3.027,23.29,71.5,23.93
2026-06-02 14:38:32,lht65-02,52.25,5.97326,3.023,22.59,75.5,23.87
2026-06-02 14:48:32,lht65-02,52.25,5.97326,3.023,22.09,78.4,23.81
2026-06-02 14:58:39,lht65-02,52.25,5.97326,3.023,21.89,80.9,23.81
2026-06-02 15:08:39,lht65-02,52.25,5.97326,3.023,22.09,82.3,23.75
2026-06-02 15:18:32,lht65-02,52.25,5.97326,3.023,22.31,82.6,23.68
2026-06-02 15:28:32,lht65-02,52.25,5.97326,3.023,22.11,82.0,23.62
2026-06-02 15:38:39,lht65-02,52.25,5.97326,3.023,21.68,82.4,23.56
2026-06-02 15:48:40,lht65-02,52.25,5.97326,3.023,21.49,83.0,23.5
2026-06-02 15:58:32,lht65-02,52.25,5.97326,3.023,21.35,83.5,23.43
2026-06-02 16:08:32,lht65-02,52.25,5.97326,3.019,21.22,83.7,23.37
2026-06-02 16:18:32,lht65-02,52.25,5.97326,3.023,21.16,84.1,23.31
2026-06-02 16:38:39,lht65-02,52.25,5.97326,3.021,21.25,84.6,23.18
2026-06-02 16:48:32,lht65-02,52.25,5.97326,3.023,21.23,84.7,23.12
2026-06-02 16:58:39,lht65-02,52.25,5.97326,3.021,21.2,84.9,23.06
2026-06-02 17:18:32,lht65-02,52.25,5.97326,3.023,21.14,85.3,23.0
2026-06-02 17:28:32,lht65-02,52.25,5.97326,3.023,20.92,85.3,22.93
2026-06-02 17:38:32,lht65-02,52.25,5.97326,3.023,20.64,85.4,22.93
2026-06-02 17:48:46,lht65-02,52.25,5.97326,3.023,20.28,85.4,22.81
2026-06-02 17:58:32,lht65-02,52.25,5.97326,3.021,19.86,85.8,22.81
2026-06-02 18:08:39,lht65-02,52.25,5.97326,3.021,19.61,86.3,22.75
2026-06-02 18:18:32,lht65-02,52.25,5.97326,3.021,19.31,86.8,22.68
2026-06-02 18:28:32,lht65-02,52.25,5.97326,3.019,19.05,87.3,22.62
2026-06-02 18:38:32,lht65-02,52.25,5.97326,3.021,18.81,87.7,22.56
2026-06-02 18:48:32,lht65-02,52.25,5.97326,3.023,18.63,88.1,22.56
2026-06-02 18:58:32,lht65-02,52.25,5.97326,3.019,18.46,88.5,22.5
2026-06-02 19:08:39,lht65-02,52.25,5.97326,3.018,18.28,88.5,22.43
2026-06-02 19:18:32,lht65-02,52.25,5.97326,3.019,18.12,88.9,22.37
2026-06-02 19:28:32,lht65-02,52.25,5.97326,3.019,18.0,89.0,22.31
2026-06-02 19:38:32,lht65-02,52.25,5.97326,3.018,17.83,89.2,22.25
2026-06-02 19:48:32,lht65-02,52.25,5.97326,3.021,17.64,89.5,22.18
2026-06-02 19:58:32,lht65-02,52.25,5.97326,3.019,17.41,89.8,22.12
2026-06-02 20:08:31,lht65-02,52.25,5.97326,3.021,17.24,90.3,22.06
2026-06-02 20:38:31,lht65-02,52.25,5.97326,3.019,16.88,91.5,21.87
2026-06-02 21:08:31,lht65-02,52.25,5.97326,3.019,16.63,92.3,21.75
2026-06-02 21:28:31,lht65-02,52.25,5.97326,3.016,16.33,91.9,21.62
2026-06-02 21:38:31,lht65-02,52.25,5.97326,3.016,16.12,91.6,21.56
2026-06-02 21:48:31,lht65-02,52.25,5.97326,3.016,15.9,91.4,21.5
2026-06-02 21:58:31,lht65-02,52.25,5.97326,3.012,15.64,91.1,21.43
2026-06-02 22:48:31,lht65-02,52.25,5.97326,3.012,14.96,92.9,21.12
2026-06-02 22:58:32,lht65-02,52.25,5.97326,3.012,14.88,93.1,21.12
2026-06-02 23:08:45,lht65-02,52.25,5.97326,3.016,14.79,93.2,21.0
2026-06-02 23:18:31,lht65-02,52.25,5.97326,3.016,14.73,93.4,21.0
2026-06-02 23:28:31,lht65-02,52.25,5.97326,3.016,14.64,93.3,20.93
2026-06-02 23:38:31,lht65-02,52.25,5.97326,3.016,14.49,93.2,20.87
2026-06-02 23:48:31,lht65-02,52.25,5.97326,3.016,14.32,93.0,20.81
2026-06-02 23:58:38,lht65-02,52.25,5.97326,3.016,14.3,92.7,20.75
2026-06-03 00:18:38,lht65-02,52.25,5.97326,3.019,13.9,92.8,20.62
2026-06-03 00:28:31,lht65-02,52.25,5.97326,3.016,13.8,93.0,20.62
2026-06-03 00:38:31,lht65-02,52.25,5.97326,2.996,13.7,93.0,20.5
2026-06-03 00:48:31,lht65-02,52.25,5.97326,3.01,13.58,93.1,20.5
2026-06-03 00:58:38,lht65-02,52.25,5.97326,3.012,13.47,93.2,20.43
2026-06-03 01:08:31,lht65-02,52.25,5.97326,3.009,13.37,93.2,20.37
2026-06-03 01:18:31,lht65-02,52.25,5.97326,3.01,13.22,93.2,20.31
2026-06-03 01:28:31,lht65-02,52.25,5.97326,3.012,13.11,93.2,20.25
2026-06-03 01:38:31,lht65-02,52.25,5.97326,2.987,13.09,93.5,20.18
2026-06-03 01:48:31,lht65-02,52.25,5.97326,3.009,13.15,94.1,20.12
2026-06-03 02:08:31,lht65-02,52.25,5.97326,3.009,13.16,95.1,20.06
2026-06-03 02:18:31,lht65-02,52.25,5.97326,3.009,13.06,95.2,20.0
2026-06-03 02:28:38,lht65-02,52.25,5.97326,3.012,12.98,95.2,19.93
2026-06-03 02:38:38,lht65-02,52.25,5.97326,3.009,12.93,95.2,19.87
2026-06-03 02:48:31,lht65-02,52.25,5.97326,3.009,12.97,95.3,19.87
2026-06-03 02:58:31,lht65-02,52.25,5.97326,3.01,13.02,95.6,19.75
2026-06-03 03:08:31,lht65-02,52.25,5.97326,3.007,13.02,96.1,19.75
2026-06-03 03:18:38,lht65-02,52.25,5.97326,3.009,12.92,96.4,19.68
2026-06-03 03:28:38,lht65-02,52.25,5.97326,3.009,12.82,96.1,19.68
2026-06-03 03:38:31,lht65-02,52.25,5.97326,3.007,12.76,96.0,19.62
2026-06-03 03:48:31,lht65-02,52.25,5.97326,3.009,12.78,95.9,19.56
2026-06-03 03:58:38,lht65-02,52.25,5.97326,3.009,12.92,96.0,19.5
2026-06-03 04:08:31,lht65-02,52.25,5.97326,3.009,13.04,96.1,19.5
2026-06-03 04:18:31,lht65-02,52.25,5.97326,3.01,13.31,96.2,19.43
2026-06-03 04:28:38,lht65-02,52.25,5.97326,3.009,13.8,96.4,19.37
2026-06-03 04:38:38,lht65-02,52.25,5.97326,3.009,14.39,96.4,19.37
2026-06-03 04:48:38,lht65-02,52.25,5.97326,3.01,14.9,95.7,19.37
2026-06-03 04:58:38,lht65-02,52.25,5.97326,3.009,15.44,95.4,19.31
2026-06-03 05:08:31,lht65-02,52.25,5.97326,3.012,16.0,95.4,19.31
2026-06-03 05:48:31,lht65-02,52.25,5.97326,3.012,19.03,90.6,19.31
2026-06-03 05:58:31,lht65-02,52.25,5.97326,3.012,19.63,88.7,19.31
2026-06-03 06:18:38,lht65-02,52.25,5.97326,3.01,20.29,86.4,19.37
2026-06-03 06:28:31,lht65-02,52.25,5.97326,3.012,20.63,86.1,19.37
2026-06-03 06:38:31,lht65-02,52.25,5.97326,3.016,21.15,86.1,19.43
2026-06-03 06:48:31,lht65-02,52.25,5.97326,3.016,21.59,85.4,19.5
2026-06-03 06:58:31,lht65-02,52.25,5.97326,3.016,21.94,84.6,19.56
2026-06-03 07:08:44,lht65-02,52.25,5.97326,3.016,22.44,84.1,19.62
2026-06-03 07:28:30,lht65-02,52.25,5.97326,3.009,22.91,75.5,19.75
2026-06-03 07:38:37,lht65-02,52.25,5.97326,3.012,22.58,74.2,19.81
2026-06-03 07:48:30,lht65-02,52.25,5.97326,3.014,21.74,74.0,19.81
2026-06-03 07:58:30,lht65-02,52.25,5.97326,3.014,21.44,75.6,19.93
2026-06-03 08:08:30,lht65-02,52.25,5.97326,3.014,21.47,76.9,19.93
2026-06-03 08:18:30,lht65-02,52.25,5.97326,3.016,21.34,76.9,20.0
2026-06-03 08:28:30,lht65-02,52.25,5.97326,3.016,21.14,75.6,20.06
2026-06-03 08:38:30,lht65-02,52.25,5.97326,3.012,21.81,78.2,20.12
2026-06-03 08:48:30,lht65-02,52.25,5.97326,3.007,23.67,75.0,20.12
2026-06-03 08:58:37,lht65-02,52.25,5.97326,3.009,25.32,68.3,20.18
2026-06-03 09:08:30,lht65-02,52.25,5.97326,3.009,26.63,67.7,20.25
2026-06-03 09:18:37,lht65-02,52.25,5.97326,3.009,27.06,61.6,20.31
2026-06-03 09:28:31,lht65-02,52.25,5.97326,3.016,26.38,64.7,20.43
2026-06-03 09:38:30,lht65-02,52.25,5.97326,3.014,26.46,64.6,20.56
2026-06-03 09:48:30,lht65-02,52.25,5.97326,3.016,25.32,65.1,20.62
2026-06-03 09:58:30,lht65-02,52.25,5.97326,3.012,24.41,67.2,20.75
2026-06-03 10:08:30,lht65-02,52.25,5.97326,3.014,24.62,70.2,20.81
2026-06-03 10:18:30,lht65-02,52.25,5.97326,3.016,24.65,69.4,20.93
2026-06-03 10:38:30,lht65-02,52.25,5.97326,3.012,26.44,69.4,21.06
2026-06-03 10:48:30,lht65-02,52.25,5.97326,3.009,29.19,67.2,21.12
2026-06-03 10:58:30,lht65-02,52.25,5.97326,3.005,30.08,50.0,21.18
2026-06-03 11:28:30,lht65-02,52.25,5.97326,3.016,26.28,58.2,21.62
2026-06-03 11:38:30,lht65-02,52.25,5.97326,3.016,25.82,60.3,21.68
2026-06-03 11:58:30,lht65-02,52.25,5.97326,3.019,27.34,58.6,21.93
2026-06-03 12:18:30,lht65-02,52.25,5.97326,3.016,28.08,53.9,22.06
2026-06-03 12:28:30,lht65-02,52.25,5.97326,3.016,29.28,51.3,22.18
2026-06-03 12:48:30,lht65-02,52.25,5.97326,3.016,26.76,55.2,22.37
2026-06-03 13:08:30,lht65-02,52.25,5.97326,3.016,25.02,61.4,22.56
2026-06-03 13:18:30,lht65-02,52.25,5.97326,3.016,25.06,63.8,22.56
2026-06-03 13:28:30,lht65-02,52.25,5.97326,3.016,25.89,66.4,22.62
2026-06-03 13:38:30,lht65-02,52.25,5.97326,3.016,27.89,60.4,22.68
2026-06-03 13:48:30,lht65-02,52.25,5.97326,3.016,28.74,53.4,22.68
2026-06-03 13:58:30,lht65-02,52.25,5.97326,3.016,28.67,49.5,22.75
2026-06-03 14:08:37,lht65-02,52.25,5.97326,3.018,28.41,51.8,22.81
2026-06-03 14:18:30,lht65-02,52.25,5.97326,3.018,27.85,53.0,22.93
2026-06-03 14:28:30,lht65-02,52.25,5.97326,3.019,27.89,53.7,23.0
2026-06-03 14:38:37,lht65-02,52.25,5.97326,3.016,26.63,52.1,23.06
2026-06-03 14:58:30,lht65-02,52.25,5.97326,3.018,25.74,52.9,23.12
2026-06-03 15:08:30,lht65-02,52.25,5.97326,3.019,26.4,51.1,23.18
2026-06-03 15:18:30,lht65-02,52.25,5.97326,3.016,27.6,50.1,23.18
2026-06-03 15:28:30,lht65-02,52.25,5.97326,3.016,28.36,49.5,23.25
2026-06-03 15:38:30,lht65-02,52.25,5.97326,3.016,28.08,51.2,23.25
2026-06-03 15:48:37,lht65-02,52.25,5.97326,3.016,28.37,49.5,23.25
2026-06-03 15:58:30,lht65-02,52.25,5.97326,3.016,26.64,50.1,23.31
2026-06-03 16:08:30,lht65-02,52.25,5.97326,3.016,25.32,53.0,23.31
2026-06-03 16:18:30,lht65-02,52.25,5.97326,3.016,24.12,53.8,23.31
2026-06-03 16:28:29,lht65-02,52.25,5.97326,3.016,23.04,60.1,23.31
2026-06-03 16:38:36,lht65-02,52.25,5.97326,3.019,22.3,66.1,23.31
2026-06-03 16:48:29,lht65-02,52.25,5.97326,3.016,21.61,71.3,23.31
2026-06-03 16:58:29,lht65-02,52.25,5.97326,3.014,21.09,74.7,23.25
2026-06-03 17:08:29,lht65-02,52.25,5.97326,3.016,20.91,77.3,23.18
2026-06-03 17:18:29,lht65-02,52.25,5.97326,3.019,21.22,78.9,23.12
2026-06-03 17:28:29,lht65-02,52.25,5.97326,3.016,21.31,78.9,23.06
2026-06-03 17:38:29,lht65-02,52.25,5.97326,3.016,21.29,79.3,23.0
2026-06-03 17:48:29,lht65-02,52.25,5.97326,3.016,21.14,79.7,22.93
2026-06-03 17:58:29,lht65-02,52.25,5.97326,3.016,21.03,80.1,22.87
2026-06-03 18:08:29,lht65-02,52.25,5.97326,3.016,20.86,81.1,22.81
2026-06-03 18:18:29,lht65-02,52.25,5.97326,3.019,20.77,82.1,22.81
2026-06-03 18:28:29,lht65-02,52.25,5.97326,3.016,20.73,82.3,22.75
2026-06-03 18:38:29,lht65-02,52.25,5.97326,3.018,20.61,81.7,22.68
2026-06-03 19:08:29,lht65-02,52.25,5.97326,3.016,19.16,82.9,22.56
2026-06-03 19:18:36,lht65-02,52.25,5.97326,3.009,18.66,84.1,22.43
2026-06-03 19:28:29,lht65-02,52.25,5.97326,3.007,18.25,85.2,22.37
2026-06-03 19:38:29,lht65-02,52.25,5.97326,3.009,17.89,86.1,22.31
2026-06-03 19:48:36,lht65-02,52.25,5.97326,3.009,17.64,87.2,22.25
2026-06-03 19:58:29,lht65-02,52.25,5.97326,3.012,17.44,88.1,22.18
2026-06-03 20:08:36,lht65-02,52.25,5.97326,3.01,17.27,88.6,22.12
2026-06-03 20:18:29,lht65-02,52.25,5.97326,3.01,17.09,89.1,22.06
2026-06-03 20:28:36,lht65-02,52.25,5.97326,3.012,17.05,89.7,22.0
2026-06-03 20:38:29,lht65-02,52.25,5.97326,3.01,16.95,90.1,21.93
2026-06-03 20:48:29,lht65-02,52.25,5.97326,3.01,16.87,90.5,21.87
2026-06-03 20:58:29,lht65-02,52.25,5.97326,3.012,16.83,90.9,21.81
2026-06-03 21:08:29,lht65-02,52.25,5.97326,3.014,16.78,91.1,21.68
2026-06-03 21:18:29,lht65-02,52.25,5.97326,3.012,16.76,91.6,21.62
2026-06-03 21:58:29,lht65-02,52.25,5.97326,3.012,16.64,92.4,21.43
2026-06-03 22:08:29,lht65-02,52.25,5.97326,3.012,16.62,92.6,21.31
2026-06-03 22:18:29,lht65-02,52.25,5.97326,3.012,16.58,92.7,21.25
2026-06-03 22:28:29,lht65-02,52.25,5.97326,3.014,16.56,92.8,21.25
2026-06-03 22:58:29,lht65-02,52.25,5.97326,3.012,16.47,93.1,21.06
2026-06-03 23:08:36,lht65-02,52.25,5.97326,3.005,16.4,93.1,21.0
2026-06-03 23:18:29,lht65-02,52.25,5.97326,3.01,16.32,93.1,21.0
2026-06-03 23:28:29,lht65-02,52.25,5.97326,3.01,16.23,93.0,20.87
2026-06-03 23:38:29,lht65-02,52.25,5.97326,3.007,16.14,93.0,20.87
2026-06-03 23:48:36,lht65-02,52.25,5.97326,3.009,16.02,92.9,20.81
2026-06-03 23:58:36,lht65-02,52.25,5.97326,3.012,15.9,92.9,20.81
2026-06-04 00:08:29,lht65-02,52.25,5.97326,2.998,15.74,92.8,20.75
2026-06-04 00:18:29,lht65-02,52.25,5.97326,3.009,15.68,93.0,20.68
2026-06-04 00:28:29,lht65-02,52.25,5.97326,3.009,15.61,93.3,20.68
2026-06-04 00:38:36,lht65-02,52.25,5.97326,3.01,15.57,93.5,20.56
2026-06-04 00:48:36,lht65-02,52.25,5.97326,3.009,15.59,94.0,20.56
2026-06-04 00:58:29,lht65-02,52.25,5.97326,3.012,15.6,94.6,20.5
2026-06-04 01:18:29,lht65-02,52.25,5.97326,3.012,15.63,95.5,20.43
2026-06-04 01:28:43,lht65-02,52.25,5.97326,3.012,15.59,95.7,20.37
2026-06-04 01:38:29,lht65-02,52.25,5.97326,3.012,15.34,95.1,20.31
2026-06-04 01:48:36,lht65-02,52.25,5.97326,3.003,15.1,94.1,20.25
2026-06-04 01:58:36,lht65-02,52.25,5.97326,3.01,15.04,94.4,20.25
2026-06-04 02:08:29,lht65-02,52.25,5.97326,3.012,15.06,95.1,20.18
2026-06-04 02:18:29,lht65-02,52.25,5.97326,3.012,15.11,95.6,20.18
2026-06-04 02:38:29,lht65-02,52.25,5.97326,3.014,15.09,96.2,20.06
2026-06-04 02:48:35,lht65-02,52.25,5.97326,3.01,14.94,95.9,20.06
2026-06-04 02:58:28,lht65-02,52.25,5.97326,3.014,14.85,95.6,20.0
2026-06-04 03:08:28,lht65-02,52.25,5.97326,3.009,14.7,95.5,20.0
2026-06-04 03:18:35,lht65-02,52.25,5.97326,2.968,14.51,95.0,19.93
2026-06-04 03:28:35,lht65-02,52.25,5.97326,3.009,14.32,94.7,19.87
2026-06-04 03:58:35,lht65-02,52.25,5.97326,3.01,14.56,96.1,19.75
2026-06-04 04:08:28,lht65-02,52.25,5.97326,3.012,14.77,96.4,19.68
2026-06-04 04:18:28,lht65-02,52.25,5.97326,3.01,15.01,97.0,19.68
2026-06-04 04:28:28,lht65-02,52.25,5.97326,3.01,15.23,97.6,19.62
2026-06-04 04:48:28,lht65-02,52.25,5.97326,3.012,15.72,98.7,19.56
2026-06-04 04:58:28,lht65-02,52.25,5.97326,3.012,16.09,99.0,19.56
2026-06-04 05:08:28,lht65-02,52.25,5.97326,3.014,16.52,98.9,19.56
2026-06-04 05:28:28,lht65-02,52.25,5.97326,3.012,17.38,97.4,19.5
2026-06-04 05:38:28,lht65-02,52.25,5.97326,3.014,17.8,94.9,19.5
2026-06-04 05:48:28,lht65-02,52.25,5.97326,3.012,17.99,92.8,19.5
2026-06-04 05:58:35,lht65-02,52.25,5.97326,3.012,18.22,92.2,19.5
2026-06-04 06:08:35,lht65-02,52.25,5.97326,3.012,18.61,92.1,19.5
2026-06-04 06:18:28,lht65-02,52.25,5.97326,3.016,18.88,91.4,19.5
2026-06-04 06:28:28,lht65-02,52.25,5.97326,3.012,19.17,90.9,19.56
2026-06-04 06:48:28,lht65-02,52.25,5.97326,3.014,19.86,88.7,19.56
2026-06-04 06:58:28,lht65-02,52.25,5.97326,3.014,20.65,88.2,19.62
2026-06-04 07:18:28,lht65-02,52.25,5.97326,3.014,22.59,85.9,19.68
2026-06-04 07:28:28,lht65-02,52.25,5.97326,3.019,23.0,83.9,19.68
2026-06-04 07:38:28,lht65-02,52.25,5.97326,3.014,23.61,84.0,19.75
2026-06-04 08:08:28,lht65-02,52.25,5.97326,3.016,23.07,73.6,20.0
2026-06-04 08:38:35,lht65-02,52.25,5.97326,3.016,23.19,72.6,20.18
2026-06-04 08:48:28,lht65-02,52.25,5.97326,3.014,22.59,73.2,20.25
2026-06-04 08:58:35,lht65-02,52.25,5.97326,3.016,21.91,74.7,20.31
2026-06-04 09:08:28,lht65-02,52.25,5.97326,3.016,21.42,75.5,20.37
2026-06-04 09:18:35,lht65-02,52.25,5.97326,3.016,22.3,77.1,20.43
2026-06-04 09:28:35,lht65-02,52.25,5.97326,3.016,22.59,75.0,20.43
2026-06-04 09:38:28,lht65-02,52.25,5.97326,3.016,21.96,73.5,20.5
2026-06-04 09:48:28,lht65-02,52.25,5.97326,3.016,20.61,76.8,20.56
2026-06-04 10:08:28,lht65-02,52.25,5.97326,3.018,20.88,86.7,20.62
2026-06-04 10:28:28,lht65-02,52.25,5.97326,3.009,28.08,81.7,20.62
2026-06-04 10:48:35,lht65-02,52.25,5.97326,3.016,27.96,63.6,20.81
2026-06-04 10:58:28,lht65-02,52.25,5.97326,3.01,29.16,67.7,20.87
2026-06-04 11:08:28,lht65-02,52.25,5.97326,3.014,29.82,58.5,21.0
2026-06-04 11:18:35,lht65-02,52.25,5.97326,3.016,28.68,61.7,21.12
2026-06-04 11:28:28,lht65-02,52.25,5.97326,3.014,28.39,62.5,21.25
2026-06-04 11:38:28,lht65-02,52.25,5.97326,3.012,30.07,63.2,21.37
2026-06-04 11:48:28,lht65-02,52.25,5.97326,3.009,29.36,57.3,21.56
2026-06-04 11:58:35,lht65-02,52.25,5.97326,3.012,27.66,60.4,21.68
2026-06-04 12:08:30,lht65-02,52.25,5.97326,3.014,25.89,60.5,21.81
2026-06-04 12:18:28,lht65-02,52.25,5.97326,3.014,24.87,66.8,21.87
2026-06-04 12:28:28,lht65-02,52.25,5.97326,3.012,25.0,73.7,22.0
2026-06-04 12:48:27,lht65-02,52.25,5.97326,3.014,27.05,77.3,22.12
2026-06-04 12:58:27,lht65-02,52.25,5.97326,3.009,31.29,61.8,22.12
2026-06-04 13:08:27,lht65-02,52.25,5.97326,3.009,30.92,42.5,22.18
2026-06-04 13:18:34,lht65-02,52.25,5.97326,3.012,29.55,49.5,22.31
2026-06-04 13:38:27,lht65-02,52.25,5.97326,3.016,28.41,53.7,22.62
2026-06-04 13:48:27,lht65-02,52.25,5.97326,3.014,29.71,55.4,22.75
2026-06-04 14:08:27,lht65-02,52.25,5.97326,3.014,30.04,53.3,23.0
2026-06-04 14:18:35,lht65-02,52.25,5.97326,3.01,31.13,54.0,23.06
2026-06-04 14:38:27,lht65-02,52.25,5.97326,3.014,28.38,54.3,23.31
2026-06-04 14:48:27,lht65-02,52.25,5.97326,3.009,26.57,55.3,23.37
2026-06-04 15:08:34,lht65-02,52.25,5.97326,3.016,22.41,66.7,23.5
2026-06-04 15:18:27,lht65-02,52.25,5.97326,3.012,20.91,72.1,23.5
2026-06-04 15:28:27,lht65-02,52.25,5.97326,3.014,21.29,78.8,23.43
2026-06-04 15:38:27,lht65-02,52.25,5.97326,3.016,23.96,80.9,23.37
2026-06-04 15:58:27,lht65-02,52.25,5.97326,3.009,28.4,70.7,23.31
2026-06-04 16:08:27,lht65-02,52.25,5.97326,3.009,29.0,61.7,23.31
2026-06-04 16:18:27,lht65-02,52.25,5.97326,3.01,28.62,62.3,23.31
2026-06-04 16:28:27,lht65-02,52.25,5.97326,3.012,28.08,59.9,23.31
2026-06-04 16:48:27,lht65-02,52.25,5.97326,3.012,26.44,60.8,23.37
2026-06-04 16:58:34,lht65-02,52.25,5.97326,3.012,24.57,62.5,23.37
2026-06-04 17:08:34,lht65-02,52.25,5.97326,3.01,23.95,70.8,23.37
2026-06-04 17:18:27,lht65-02,52.25,5.97326,3.01,24.17,74.5,23.43
2026-06-04 17:28:27,lht65-02,52.25,5.97326,3.012,24.23,75.2,23.37
2026-06-04 17:38:34,lht65-02,52.25,5.97326,3.012,23.9,76.0,23.37
2026-06-04 17:48:27,lht65-02,52.25,5.97326,3.012,23.43,75.7,23.31
2026-06-04 17:58:34,lht65-02,52.25,5.97326,3.012,22.7,76.7,23.31
2026-06-04 18:08:27,lht65-02,52.25,5.97326,3.009,21.87,77.9,23.25
2026-06-04 18:18:27,lht65-02,52.25,5.97326,3.009,21.34,80.3,23.25
2026-06-04 18:28:34,lht65-02,52.25,5.97326,3.009,20.95,81.3,23.18
2026-06-04 18:38:27,lht65-02,52.25,5.97326,3.005,20.52,81.1,23.06
2026-06-04 18:48:27,lht65-02,52.25,5.97326,3.005,20.04,81.3,23.06
2026-06-04 18:58:27,lht65-02,52.25,5.97326,3.009,19.58,82.3,23.0
2026-06-04 19:08:27,lht65-02,52.25,5.97326,3.009,18.93,82.4,22.87
2026-06-04 19:28:34,lht65-02,52.25,5.97326,3.007,18.0,85.3,22.75
2026-06-04 19:38:27,lht65-02,52.25,5.97326,3.005,17.74,86.6,22.68
2026-06-04 19:48:27,lht65-02,52.25,5.97326,3.005,17.52,87.2,22.56
2026-06-04 19:58:27,lht65-02,52.25,5.97326,2.996,17.09,86.8,22.5
2026-06-04 20:08:34,lht65-02,52.25,5.97326,3.005,16.68,86.2,22.43
2026-06-04 20:18:27,lht65-02,52.25,5.97326,3.005,16.19,86.3,22.37
2026-06-04 20:28:27,lht65-02,52.25,5.97326,3.001,15.69,86.7,22.31
2026-06-04 20:38:27,lht65-02,52.25,5.97326,3.009,15.33,87.5,22.18
2026-06-04 20:48:27,lht65-02,52.25,5.97326,3.009,15.03,88.1,22.12
2026-06-04 20:58:27,lht65-02,52.25,5.97326,3.005,14.74,88.5,22.0
2026-06-04 21:08:27,lht65-02,52.25,5.97326,3.0,14.43,88.4,21.93
2026-06-04 21:18:27,lht65-02,52.25,5.97326,3.001,14.26,88.8,21.81
2026-06-04 21:28:34,lht65-02,52.25,5.97326,3.009,13.96,89.6,21.75
2026-06-04 21:38:27,lht65-02,52.25,5.97326,3.012,13.82,90.1,21.62
2026-06-04 21:48:27,lht65-02,52.25,5.97326,2.996,13.72,90.6,21.56
2026-06-04 21:58:27,lht65-02,52.25,5.97326,3.007,13.66,91.0,21.43
2026-06-04 22:08:34,lht65-02,52.25,5.97326,3.009,13.58,91.2,21.37
2026-06-04 22:18:27,lht65-02,52.25,5.97326,3.009,13.47,91.2,21.31
2026-06-04 22:28:27,lht65-02,52.25,5.97326,3.005,13.38,91.1,21.18
2026-06-04 22:38:27,lht65-02,52.25,5.97326,3.009,13.28,91.2,21.12
2026-06-04 23:08:26,lht65-02,52.25,5.97326,2.998,13.06,91.8,20.87
2026-06-04 23:28:26,lht65-02,52.25,5.97326,3.012,12.92,92.0,20.75
2026-06-05 00:08:26,lht65-02,52.25,5.97326,3.009,12.8,92.8,20.43
2026-06-05 00:28:26,lht65-02,52.25,5.97326,3.01,12.72,93.0,20.31
2026-06-05 00:48:26,lht65-02,52.25,5.97326,3.009,12.8,93.8,20.18
2026-06-05 00:58:26,lht65-02,52.25,5.97326,3.009,12.92,94.5,20.06
2026-06-05 01:18:26,lht65-02,52.25,5.97326,3.009,13.03,96.2,19.93
2026-06-05 01:38:26,lht65-02,52.25,5.97326,3.009,13.31,97.6,19.81
2026-06-05 01:48:26,lht65-02,52.25,5.97326,3.009,13.55,98.7,19.81
2026-06-05 01:58:33,lht65-02,52.25,5.97326,3.009,13.74,99.6,19.75
2026-06-05 02:08:26,lht65-02,52.25,5.97326,3.009,13.9,100.0,19.68
2026-06-05 02:18:33,lht65-02,52.25,5.97326,3.009,14.02,100.0,19.62
2026-06-05 02:28:26,lht65-02,52.25,5.97326,3.012,14.09,100.0,19.62
2026-06-05 02:38:26,lht65-02,52.25,5.97326,3.009,14.01,100.0,19.56
2026-06-05 02:48:33,lht65-02,52.25,5.97326,3.009,13.9,100.0,19.5
2026-06-05 02:58:26,lht65-02,52.25,5.97326,3.009,13.85,100.0,19.5
2026-06-05 03:18:26,lht65-02,52.25,5.97326,3.009,13.85,100.0,19.43
2026-06-05 03:28:26,lht65-02,52.25,5.97326,3.01,13.75,100.0,19.43
2026-06-05 03:38:33,lht65-02,52.25,5.97326,3.012,13.82,100.0,19.31
2026-06-05 03:48:33,lht65-02,52.25,5.97326,3.012,13.97,100.0,19.31
2026-06-05 03:58:26,lht65-02,52.25,5.97326,3.009,14.3,100.0,19.25
2026-06-05 04:18:26,lht65-02,52.25,5.97326,3.012,14.99,100.0,19.18
2026-06-05 04:28:33,lht65-02,52.25,5.97326,3.009,15.78,100.0,19.18
2026-06-05 04:38:26,lht65-02,52.25,5.97326,3.01,16.59,100.0,19.18
2026-06-05 04:48:26,lht65-02,52.25,5.97326,3.012,17.2,100.0,19.18
2026-06-05 04:58:33,lht65-02,52.25,5.97326,3.01,18.0,98.9,19.18
2026-06-05 05:08:33,lht65-02,52.25,5.97326,3.012,18.26,95.1,19.18
2026-06-05 05:18:33,lht65-02,52.25,5.97326,3.01,18.18,93.7,19.18
2026-06-05 05:28:33,lht65-02,52.25,5.97326,3.012,18.38,92.7,19.18
2026-06-05 05:38:26,lht65-02,52.25,5.97326,3.012,18.61,92.1,19.18
2026-06-05 05:48:33,lht65-02,52.25,5.97326,3.012,18.7,91.2,19.25
2026-06-05 05:58:26,lht65-02,52.25,5.97326,3.009,18.69,90.6,19.25
2026-06-05 06:08:33,lht65-02,52.25,5.97326,3.012,18.56,90.8,19.25
2026-06-05 06:18:26,lht65-02,52.25,5.97326,3.01,18.24,90.5,19.31
2026-06-05 06:38:26,lht65-02,52.25,5.97326,3.014,17.64,91.7,19.31
2026-06-05 06:48:33,lht65-02,52.25,5.97326,3.01,17.59,92.3,19.31
2026-06-05 06:58:26,lht65-02,52.25,5.97326,3.01,17.57,92.3,19.37
2026-06-05 07:08:26,lht65-02,52.25,5.97326,3.012,17.79,93.0,19.37
2026-06-05 07:28:26,lht65-02,52.25,5.97326,3.009,19.34,92.8,19.37
2026-06-05 07:38:26,lht65-02,52.25,5.97326,3.005,20.65,92.4,19.37
2026-06-05 07:48:26,lht65-02,52.25,5.97326,2.991,23.09,93.2,19.37
2026-06-05 07:58:40,lht65-02,52.25,5.97326,3.012,24.83,84.3,19.43
2026-06-05 08:08:33,lht65-02,52.25,5.97326,3.014,25.0,79.2,19.5
2026-06-05 08:28:33,lht65-02,52.25,5.97326,3.012,24.09,77.1,19.68
2026-06-05 08:38:33,lht65-02,52.25,5.97326,3.014,23.89,78.9,19.75
2026-06-05 08:48:26,lht65-02,52.25,5.97326,3.012,23.8,80.2,19.81
2026-06-05 08:58:26,lht65-02,52.25,5.97326,3.014,24.53,80.3,19.93
2026-06-05 09:08:26,lht65-02,52.25,5.97326,3.012,25.12,76.9,20.0
2026-06-05 09:18:40,lht65-02,52.25,5.97326,2.971,27.31,77.9,20.06
2026-06-05 09:28:26,lht65-02,52.25,5.97326,2.994,31.07,64.5,20.12
2026-06-05 09:38:32,lht65-02,52.25,5.97326,3.012,30.62,52.2,20.31
2026-06-05 09:48:32,lht65-02,52.25,5.97326,3.012,28.62,56.0,20.43
2026-06-05 09:58:39,lht65-02,52.25,5.97326,3.01,26.71,60.1,20.62
2026-06-05 10:08:25,lht65-02,52.25,5.97326,3.01,24.62,66.4,20.81
2026-06-05 10:18:25,lht65-02,52.25,5.97326,3.009,23.59,71.9,20.87
2026-06-05 10:28:25,lht65-02,52.25,5.97326,3.009,22.93,73.8,20.93
2026-06-05 10:38:25,lht65-02,52.25,5.97326,3.01,22.59,75.7,21.0
2026-06-05 10:48:25,lht65-02,52.25,5.97326,3.014,23.51,77.1,21.06
2026-06-05 10:58:25,lht65-02,52.25,5.97326,3.012,27.14,78.2,21.06
2026-06-05 11:18:32,lht65-02,52.25,5.97326,3.012,27.57,62.7,21.18
2026-06-05 11:38:25,lht65-02,52.25,5.97326,3.014,25.16,66.9,21.37
2026-06-05 11:48:32,lht65-02,52.25,5.97326,3.012,24.75,71.7,21.5
2026-06-05 11:58:25,lht65-02,52.25,5.97326,3.014,24.95,73.4,21.56
2026-06-05 12:08:32,lht65-02,52.25,5.97326,3.014,26.06,72.4,21.56
2026-06-05 12:18:39,lht65-02,52.25,5.97326,3.009,29.63,73.7,21.62
2026-06-05 12:28:25,lht65-02,52.25,5.97326,2.955,30.82,51.3,21.68
2026-06-05 12:38:25,lht65-02,52.25,5.97326,3.009,30.17,53.3,21.81
2026-06-05 12:58:25,lht65-02,52.25,5.97326,3.01,30.22,49.8,22.12
2026-06-05 13:08:25,lht65-02,52.25,5.97326,3.01,28.93,56.2,22.31
2026-06-05 13:18:25,lht65-02,52.25,5.97326,3.012,29.18,52.0,22.43
2026-06-05 13:48:32,lht65-02,52.25,5.97326,2.952,32.52,49.2,22.75
2026-06-05 13:58:25,lht65-02,52.25,5.97326,2.991,32.42,38.8,22.87
2026-06-05 14:08:25,lht65-02,52.25,5.97326,3.01,29.89,40.0,23.06
2026-06-05 14:18:25,lht65-02,52.25,5.97326,3.01,29.16,43.7,23.18
2026-06-05 14:28:25,lht65-02,52.25,5.97326,3.012,28.18,45.2,23.31
2026-06-05 14:38:25,lht65-02,52.25,5.97326,3.012,27.09,50.6,23.37
2026-06-05 14:48:25,lht65-02,52.25,5.97326,3.005,26.03,51.7,23.43
2026-06-05 15:08:32,lht65-02,52.25,5.97326,3.009,23.93,67.1,23.43
2026-06-05 15:18:25,lht65-02,52.25,5.97326,3.009,24.56,69.8,23.43
2026-06-05 15:28:32,lht65-02,52.25,5.97326,3.009,25.32,67.1,23.37
2026-06-05 15:38:25,lht65-02,52.25,5.97326,3.009,25.4,65.1,23.37
2026-06-05 15:58:25,lht65-02,52.25,5.97326,3.009,24.78,69.0,23.31
2026-06-05 16:08:25,lht65-02,52.25,5.97326,3.009,23.91,72.5,23.25
2026-06-05 16:18:25,lht65-02,52.25,5.97326,2.998,22.98,75.4,23.25
2026-06-05 16:38:25,lht65-02,52.25,5.97326,3.005,21.66,78.3,23.12
2026-06-05 16:48:25,lht65-02,52.25,5.97326,3.009,21.34,80.0,23.06
2026-06-05 16:58:25,lht65-02,52.25,5.97326,3.009,21.16,80.9,23.0
2026-06-05 17:08:32,lht65-02,52.25,5.97326,2.998,20.87,81.6,22.93
2026-06-05 17:18:25,lht65-02,52.25,5.97326,3.001,20.56,82.8,22.87
2026-06-05 17:38:25,lht65-02,52.25,5.97326,3.0,19.86,84.4,22.75
2026-06-05 17:48:32,lht65-02,52.25,5.97326,2.998,19.59,84.7,22.68
2026-06-05 17:58:25,lht65-02,52.25,5.97326,2.996,19.1,84.8,22.62
2026-06-05 18:08:25,lht65-02,52.25,5.97326,2.982,18.64,85.6,22.5
2026-06-05 18:18:25,lht65-02,52.25,5.97326,2.994,18.2,86.1,22.43
2026-06-05 18:28:25,lht65-02,52.25,5.97326,2.996,17.85,86.9,22.37
2026-06-05 18:38:25,lht65-02,52.25,5.97326,3.001,17.55,87.5,22.31
2026-06-05 18:48:32,lht65-02,52.25,5.97326,2.998,17.33,88.3,22.18
2026-06-05 18:58:25,lht65-02,52.25,5.97326,3.009,17.18,88.4,22.12
2026-06-05 19:08:31,lht65-02,52.25,5.97326,3.009,17.08,89.1,22.06
2026-06-05 19:18:24,lht65-02,52.25,5.97326,3.01,17.0,89.6,22.0
2026-06-05 19:38:24,lht65-02,52.25,5.97326,3.005,16.83,90.3,21.81
2026-06-05 19:48:24,lht65-02,52.25,5.97326,3.009,16.77,90.4,21.75
2026-06-05 19:58:24,lht65-02,52.25,5.97326,3.009,16.64,90.4,21.68
2026-06-05 20:08:31,lht65-02,52.25,5.97326,3.01,16.51,90.6,21.62
2026-06-05 20:18:24,lht65-02,52.25,5.97326,3.009,16.39,90.8,21.56
2026-06-05 20:28:31,lht65-02,52.25,5.97326,3.009,16.27,91.2,21.43
2026-06-05 20:38:24,lht65-02,52.25,5.97326,3.01,16.18,91.4,21.37
2026-06-05 20:48:24,lht65-02,52.25,5.97326,3.009,16.08,91.7,21.31
2026-06-05 20:58:24,lht65-02,52.25,5.97326,3.012,15.99,91.9,21.25
2026-06-05 21:08:24,lht65-02,52.25,5.97326,3.009,15.9,92.0,21.18
2026-06-05 21:18:24,lht65-02,52.25,5.97326,3.007,15.77,91.9,21.12
2026-06-05 21:28:24,lht65-02,52.25,5.97326,3.012,15.69,92.2,21.06
2026-06-05 21:38:24,lht65-02,52.25,5.97326,3.009,15.67,92.5,21.0
2026-06-05 21:48:24,lht65-02,52.25,5.97326,3.009,15.64,93.0,20.93
2026-06-05 21:58:24,lht65-02,52.25,5.97326,3.009,15.63,93.5,20.87
2026-06-05 22:08:31,lht65-02,52.25,5.97326,3.01,15.65,94.1,20.81
2026-06-05 22:18:24,lht65-02,52.25,5.97326,3.01,15.64,94.5,20.75
2026-06-05 22:38:24,lht65-02,52.25,5.97326,3.01,15.63,95.2,20.62
2026-06-05 22:48:24,lht65-02,52.25,5.97326,3.012,15.62,95.5,20.56
2026-06-05 22:58:24,lht65-02,52.25,5.97326,3.01,15.59,95.6,20.56
2026-06-05 23:08:31,lht65-02,52.25,5.97326,3.01,15.53,95.6,20.5
2026-06-05 23:18:24,lht65-02,52.25,5.97326,3.009,15.47,95.5,20.43
2026-06-05 23:38:31,lht65-02,52.25,5.97326,3.007,15.32,95.4,20.31
2026-06-05 23:48:24,lht65-02,52.25,5.97326,3.005,15.23,95.4,20.31
2026-06-06 00:08:31,lht65-02,52.25,5.97326,3.005,15.05,95.3,20.18
2026-06-06 00:18:24,lht65-02,52.25,5.97326,3.005,15.0,95.5,20.12
2026-06-06 00:28:31,lht65-02,52.25,5.97326,3.005,14.91,95.5,20.12
2026-06-06 00:38:24,lht65-02,52.25,5.97326,3.0,14.87,95.6,20.06
2026-06-06 00:48:24,lht65-02,52.25,5.97326,3.005,14.79,95.6,20.0
2026-06-06 00:58:31,lht65-02,52.25,5.97326,3.005,14.66,95.5,19.93
2026-06-06 01:08:24,lht65-02,52.25,5.97326,2.991,14.34,94.6,19.87
2026-06-06 01:18:24,lht65-02,52.25,5.97326,2.998,14.1,93.4,19.87
2026-06-06 01:28:24,lht65-02,52.25,5.97326,3.005,13.73,92.7,19.81
2026-06-06 01:38:31,lht65-02,52.25,5.97326,2.971,13.36,92.1,19.75
2026-06-06 01:48:24,lht65-02,52.25,5.97326,2.969,12.98,92.1,19.68
2026-06-06 02:08:31,lht65-02,52.25,5.97326,2.987,12.4,92.6,19.56
2026-06-06 02:18:24,lht65-02,52.25,5.97326,3.005,12.11,92.7,19.5
2026-06-06 02:28:24,lht65-02,52.25,5.97326,2.962,11.85,92.8,19.43
2026-06-06 02:38:24,lht65-02,52.25,5.97326,2.998,11.55,93.1,19.37
2026-06-06 02:48:24,lht65-02,52.25,5.97326,3.005,11.41,93.3,19.31
2026-06-06 02:58:24,lht65-02,52.25,5.97326,3.001,11.36,94.0,19.25
2026-06-06 03:08:31,lht65-02,52.25,5.97326,3.005,11.34,94.6,19.18
2026-06-06 03:18:31,lht65-02,52.25,5.97326,3.003,11.39,95.1,19.12
2026-06-06 03:28:31,lht65-02,52.25,5.97326,3.005,11.48,95.6,19.06
2026-06-06 03:38:24,lht65-02,52.25,5.97326,3.005,11.56,96.1,19.0
2026-06-06 03:48:31,lht65-02,52.25,5.97326,3.005,11.8,96.9,18.93
2026-06-06 03:58:24,lht65-02,52.25,5.97326,3.005,11.97,97.6,18.87
2026-06-06 04:28:24,lht65-02,52.25,5.97326,3.005,13.81,97.3,18.75
2026-06-06 04:38:24,lht65-02,52.25,5.97326,3.005,14.3,96.5,18.75
2026-06-06 04:48:24,lht65-02,52.25,5.97326,3.005,14.57,95.9,18.68
2026-06-06 04:58:31,lht65-02,52.25,5.97326,3.005,15.05,95.3,18.68
2026-06-06 05:18:24,lht65-02,52.25,5.97326,3.005,15.93,93.8,18.68
2026-06-06 05:28:24,lht65-02,52.25,5.97326,3.005,16.38,93.2,18.62
2026-06-06 05:38:31,lht65-02,52.25,5.97326,3.005,16.78,92.5,18.68
2026-06-06 05:48:24,lht65-02,52.25,5.97326,3.005,17.21,91.6,18.68
2026-06-06 05:58:31,lht65-02,52.25,5.97326,3.005,18.09,90.7,18.68
2026-06-06 06:18:31,lht65-02,52.25,5.97326,3.005,20.07,88.4,18.75
2026-06-06 06:28:23,lht65-02,52.25,5.97326,3.001,21.09,86.9,18.81
2026-06-06 06:48:23,lht65-02,52.25,5.97326,2.998,23.51,83.8,18.93
2026-06-06 07:08:23,lht65-02,52.25,5.97326,3.005,25.64,80.9,19.12
2026-06-06 07:18:23,lht65-02,52.25,5.97326,2.994,26.71,67.1,19.25
2026-06-06 07:28:23,lht65-02,52.25,5.97326,3.005,25.88,63.9,19.37
2026-06-06 07:38:30,lht65-02,52.25,5.97326,3.005,25.48,66.5,19.5
2026-06-06 07:48:23,lht65-02,52.25,5.97326,3.007,24.78,65.7,19.68
2026-06-06 08:08:23,lht65-02,52.25,5.97326,3.007,24.72,65.6,19.93
2026-06-06 08:18:30,lht65-02,52.25,5.97326,3.007,25.7,61.5,20.06
2026-06-06 08:28:23,lht65-02,52.25,5.97326,3.007,25.34,62.9,20.12
2026-06-06 08:38:23,lht65-02,52.25,5.97326,3.007,24.78,64.3,20.25
2026-06-06 09:08:30,lht65-02,52.25,5.97326,3.003,26.61,60.1,20.62
2026-06-06 09:28:23,lht65-02,52.25,5.97326,3.0,27.67,56.3,20.81
2026-06-06 09:38:30,lht65-02,52.25,5.97326,3.01,27.11,58.2,21.0
2026-06-06 09:48:30,lht65-02,52.25,5.97326,3.001,28.44,59.0,21.12
2026-06-06 09:58:30,lht65-02,52.25,5.97326,2.987,29.77,46.7,21.25
2026-06-06 10:08:23,lht65-02,52.25,5.97326,3.009,29.09,47.1,21.37
2026-06-06 10:18:30,lht65-02,52.25,5.97326,3.009,29.19,47.9,21.5
2026-06-06 10:28:23,lht65-02,52.25,5.97326,3.009,29.12,47.0,21.68
2026-06-06 10:48:23,lht65-02,52.25,5.97326,3.007,29.14,47.6,22.0
2026-06-06 10:58:30,lht65-02,52.25,5.97326,3.001,30.45,44.2,22.12
2026-06-06 11:08:23,lht65-02,52.25,5.97326,2.994,31.31,42.4,22.25
2026-06-06 11:18:23,lht65-02,52.25,5.97326,2.962,31.61,39.8,22.37
2026-06-06 11:28:23,lht65-02,52.25,5.97326,2.998,30.74,37.1,22.56
2026-06-06 11:38:30,lht65-02,52.25,5.97326,2.996,28.83,41.9,22.75
2026-06-06 11:48:23,lht65-02,52.25,5.97326,2.996,28.47,45.7,22.87
2026-06-06 11:58:23,lht65-02,52.25,5.97326,2.996,28.44,49.1,23.0
2026-06-06 12:08:23,lht65-02,52.25,5.97326,2.994,28.35,44.8,23.06
2026-06-06 12:18:30,lht65-02,52.25,5.97326,3.0,28.52,45.1,23.18
2026-06-06 12:28:30,lht65-02,52.25,5.97326,2.994,28.65,48.6,23.25
2026-06-06 12:38:30,lht65-02,52.25,5.97326,2.991,28.92,46.6,23.31
2026-06-06 12:48:23,lht65-02,52.25,5.97326,2.992,28.79,46.1,23.37
2026-06-06 12:58:30,lht65-02,52.25,5.97326,2.994,30.13,52.2,23.37
2026-06-06 13:08:23,lht65-02,52.25,5.97326,2.994,29.9,41.4,23.43
2026-06-06 13:18:23,lht65-02,52.25,5.97326,2.992,28.86,44.6,23.5
2026-06-06 13:38:30,lht65-02,52.25,5.97326,2.991,25.88,47.1,23.62
2026-06-06 13:48:23,lht65-02,52.25,5.97326,2.998,25.11,49.2,23.62
2026-06-06 13:58:23,lht65-02,52.25,5.97326,3.0,25.83,49.8,23.62
2026-06-06 14:08:23,lht65-02,52.25,5.97326,3.0,26.32,47.9,23.62
2026-06-06 14:18:30,lht65-02,52.25,5.97326,3.0,26.01,48.7,23.62
2026-06-06 14:28:30,lht65-02,52.25,5.97326,2.996,26.15,50.1,23.56
2026-06-06 14:38:23,lht65-02,52.25,5.97326,2.996,26.59,52.1,23.56
2026-06-06 14:48:23,lht65-02,52.25,5.97326,2.998,26.53,48.9,23.56
2026-06-06 14:58:23,lht65-02,52.25,5.97326,2.996,25.65,51.6,23.56
2026-06-06 15:08:23,lht65-02,52.25,5.97326,2.996,25.32,55.5,23.56
2026-06-06 15:18:23,lht65-02,52.25,5.97326,2.996,25.81,56.2,23.56
2026-06-06 15:28:30,lht65-02,52.25,5.97326,2.996,26.26,55.6,23.56
2026-06-06 15:48:23,lht65-02,52.25,5.97326,2.991,23.99,58.5,23.5
2026-06-06 15:58:22,lht65-02,52.25,5.97326,2.98,22.79,63.9,23.5
2026-06-06 16:08:22,lht65-02,52.25,5.97326,3.005,22.59,69.5,23.5
2026-06-06 16:18:22,lht65-02,52.25,5.97326,3.001,22.59,72.5,23.43
2026-06-06 16:28:22,lht65-02,52.25,5.97326,3.0,22.35,74.2,23.37
2026-06-06 16:38:22,lht65-02,52.25,5.97326,3.005,22.2,76.3,23.31
2026-06-06 16:48:22,lht65-02,52.25,5.97326,3.009,22.23,77.3,23.25
2026-06-06 17:08:22,lht65-02,52.25,5.97326,3.009,22.19,76.3,23.12
2026-06-06 17:18:29,lht65-02,52.25,5.97326,3.009,22.89,76.2,23.06
2026-06-06 17:28:29,lht65-02,52.25,5.97326,3.005,23.33,75.0,23.06
2026-06-06 17:48:22,lht65-02,52.25,5.97326,3.007,23.02,75.8,23.0
2026-06-06 17:58:29,lht65-02,52.25,5.97326,3.007,22.65,77.2,22.93
2026-06-06 18:08:29,lht65-02,52.25,5.97326,3.005,22.42,78.3,22.93
2026-06-06 18:18:22,lht65-02,52.25,5.97326,3.005,22.24,78.9,22.87
2026-06-06 18:28:22,lht65-02,52.25,5.97326,3.005,21.99,78.5,22.87
2026-06-06 18:38:22,lht65-02,52.25,5.97326,3.005,21.64,79.4,22.81
2026-06-06 18:48:29,lht65-02,52.25,5.97326,3.005,21.22,80.7,22.75
2026-06-06 19:08:29,lht65-02,52.25,5.97326,3.005,20.34,82.9,22.68
2026-06-06 19:18:22,lht65-02,52.25,5.97326,3.005,19.86,84.0,22.62
2026-06-06 19:28:22,lht65-02,52.25,5.97326,3.005,19.54,84.5,22.56
2026-06-06 19:48:22,lht65-02,52.25,5.97326,3.001,18.58,84.7,22.43
2026-06-06 19:58:22,lht65-02,52.25,5.97326,2.998,18.11,85.1,22.31
2026-06-06 20:18:22,lht65-02,52.25,5.97326,2.987,17.36,86.8,22.25
2026-06-06 20:28:22,lht65-02,52.25,5.97326,3.001,17.09,87.6,22.12
2026-06-06 20:38:22,lht65-02,52.25,5.97326,3.001,16.8,87.9,22.06
2026-06-06 20:48:22,lht65-02,52.25,5.97326,3.005,16.52,88.1,22.0
2026-06-06 20:58:22,lht65-02,52.25,5.97326,3.001,16.28,88.5,21.93
2026-06-06 21:18:22,lht65-02,52.25,5.97326,3.007,15.87,89.1,21.75
2026-06-06 21:38:22,lht65-02,52.25,5.97326,3.005,15.68,90.6,21.56
2026-06-06 21:48:22,lht65-02,52.25,5.97326,3.005,15.68,91.3,21.5
2026-06-06 22:08:29,lht65-02,52.25,5.97326,3.007,15.65,91.9,21.37
2026-06-06 22:18:22,lht65-02,52.25,5.97326,3.007,15.59,91.8,21.25
2026-06-06 22:28:22,lht65-02,52.25,5.97326,3.007,15.5,91.7,21.18
2026-06-06 22:38:22,lht65-02,52.25,5.97326,3.009,15.41,91.5,21.12
2026-06-06 22:48:22,lht65-02,52.25,5.97326,3.005,15.34,91.7,21.06
2026-06-06 23:08:29,lht65-02,52.25,5.97326,3.005,15.16,91.6,20.93
2026-06-06 23:18:22,lht65-02,52.25,5.97326,3.005,15.1,91.9,20.87
2026-06-06 23:28:22,lht65-02,52.25,5.97326,3.005,15.06,92.3,20.81
2026-06-06 23:48:22,lht65-02,52.25,5.97326,3.005,15.09,93.0,20.68
2026-06-06 23:58:22,lht65-02,52.25,5.97326,3.007,15.09,93.2,20.62
2026-06-07 00:08:22,lht65-02,52.25,5.97326,3.005,15.07,93.3,20.56
2026-06-07 00:28:22,lht65-02,52.25,5.97326,3.005,15.01,93.4,20.43
2026-06-07 00:38:22,lht65-02,52.25,5.97326,3.005,14.96,93.4,20.43
2026-06-07 00:48:22,lht65-02,52.25,5.97326,3.005,14.92,93.4,20.37
2026-06-07 00:58:22,lht65-02,52.25,5.97326,3.005,14.87,93.5,20.31
2026-06-07 01:08:22,lht65-02,52.25,5.97326,3.001,14.81,93.4,20.25
2026-06-07 01:18:22,lht65-02,52.25,5.97326,2.994,14.75,93.4,20.18
2026-06-07 01:28:29,lht65-02,52.25,5.97326,2.973,14.7,93.5,20.12
2026-06-07 01:38:29,lht65-02,52.25,5.97326,2.994,14.66,93.6,20.12
2026-06-07 01:48:22,lht65-02,52.25,5.97326,3.001,14.65,93.7,20.06
2026-06-07 01:58:22,lht65-02,52.25,5.97326,3.001,14.63,93.9,20.0
2026-06-07 02:08:29,lht65-02,52.25,5.97326,3.001,14.63,94.1,20.0
2026-06-07 02:28:21,lht65-02,52.25,5.97326,2.991,14.55,94.3,19.87
2026-06-07 02:38:21,lht65-02,52.25,5.97326,2.998,14.49,94.2,19.81
2026-06-07 02:48:28,lht65-02,52.25,5.97326,3.005,14.43,94.1,19.81
2026-06-07 02:58:21,lht65-02,52.25,5.97326,3.001,14.33,94.1,19.75
2026-06-07 03:08:21,lht65-02,52.25,5.97326,3.001,14.31,94.2,19.68
2026-06-07 03:18:28,lht65-02,52.25,5.97326,3.001,14.31,94.3,19.68
2026-06-07 03:48:21,lht65-02,52.25,5.97326,3.001,14.3,94.7,19.56
2026-06-07 03:58:21,lht65-02,52.25,5.97326,3.005,14.31,94.9,19.5
2026-06-07 04:18:21,lht65-02,52.25,5.97326,3.003,14.31,95.5,19.43
2026-06-07 04:28:28,lht65-02,52.25,5.97326,3.003,14.32,95.8,19.37
2026-06-07 04:38:21,lht65-02,52.25,5.97326,3.001,14.42,96.1,19.37
2026-06-07 04:48:28,lht65-02,52.25,5.97326,3.001,14.49,96.3,19.31
2026-06-07 04:58:21,lht65-02,52.25,5.97326,3.001,14.67,96.6,19.25
2026-06-07 05:08:28,lht65-02,52.25,5.97326,3.001,14.85,96.8,19.25
2026-06-07 05:18:21,lht65-02,52.25,5.97326,3.001,15.03,96.9,19.25
2026-06-07 05:28:21,lht65-02,52.25,5.97326,3.001,15.23,96.8,19.18
2026-06-07 05:38:21,lht65-02,52.25,5.97326,3.001,15.46,96.6,19.18
2026-06-07 05:48:28,lht65-02,52.25,5.97326,3.0,15.68,96.4,19.18
2026-06-07 05:58:21,lht65-02,52.25,5.97326,3.001,15.78,95.8,19.12
2026-06-07 06:08:21,lht65-02,52.25,5.97326,3.005,15.9,95.4,19.12
2026-06-07 06:18:21,lht65-02,52.25,5.97326,3.001,15.94,94.8,19.12
2026-06-07 06:28:28,lht65-02,52.25,5.97326,3.001,16.08,94.7,19.12
2026-06-07 06:48:21,lht65-02,52.25,5.97326,3.001,16.41,94.5,19.12
2026-06-07 06:58:21,lht65-02,52.25,5.97326,3.001,16.52,93.9,19.12
2026-06-07 07:08:21,lht65-02,52.25,5.97326,3.001,16.54,93.5,19.12
2026-06-07 07:18:21,lht65-02,52.25,5.97326,3.0,16.64,93.2,19.12
2026-06-07 07:28:21,lht65-02,52.25,5.97326,3.0,16.73,93.3,19.12
2026-06-07 07:38:21,lht65-02,52.25,5.97326,2.998,17.03,93.1,19.06
2026-06-07 07:48:28,lht65-02,52.25,5.97326,2.998,17.47,93.0,19.06
2026-06-07 07:58:28,lht65-02,52.25,5.97326,2.998,17.98,92.7,19.12
2026-06-07 08:38:21,lht65-02,52.25,5.97326,2.998,20.58,89.9,19.18
2026-06-07 08:48:21,lht65-02,52.25,5.97326,2.996,21.68,87.2,19.18
2026-06-07 08:58:21,lht65-02,52.25,5.97326,2.998,22.06,83.7,19.25
2026-06-07 09:08:28,lht65-02,52.25,5.97326,2.996,22.04,83.2,19.31
2026-06-07 09:18:28,lht65-02,52.25,5.97326,2.998,22.13,82.2,19.43
2026-06-07 09:28:21,lht65-02,52.25,5.97326,2.998,22.13,82.6,19.5
2026-06-07 09:38:21,lht65-02,52.25,5.97326,3.001,22.06,82.1,19.56
2026-06-07 09:48:28,lht65-02,52.25,5.97326,3.001,21.93,82.1,19.62
2026-06-07 09:58:21,lht65-02,52.25,5.97326,3.001,21.88,82.9,19.68
2026-06-07 10:08:21,lht65-02,52.25,5.97326,2.998,22.34,83.4,19.75
2026-06-07 10:18:21,lht65-02,52.25,5.97326,3.0,23.6,82.9,19.75
2026-06-07 10:38:21,lht65-02,52.25,5.97326,2.996,28.01,82.0,19.93
2026-06-07 10:48:21,lht65-02,52.25,5.97326,2.991,29.65,73.8,20.0
2026-06-07 10:58:21,lht65-02,52.25,5.97326,2.987,30.72,64.4,20.18
2026-06-07 11:08:28,lht65-02,52.25,5.97326,2.98,32.0,60.3,20.37
2026-06-07 11:18:21,lht65-02,52.25,5.97326,3.005,30.0,55.0,20.56
2026-06-07 11:38:21,lht65-02,52.25,5.97326,3.007,28.47,62.1,20.87
2026-06-07 11:48:28,lht65-02,52.25,5.97326,3.007,28.77,62.1,21.06
2026-06-07 11:58:21,lht65-02,52.25,5.97326,2.992,27.0,62.6,21.18
2026-06-07 12:08:21,lht65-02,52.25,5.97326,3.007,26.26,68.6,21.31
2026-06-07 12:18:21,lht65-02,52.25,5.97326,3.009,28.84,74.8,21.37
2026-06-07 12:28:28,lht65-02,52.25,5.97326,3.009,30.76,62.8,21.5
2026-06-07 12:38:21,lht65-02,52.25,5.97326,3.009,29.5,58.3,21.56
2026-06-07 12:48:20,lht65-02,52.25,5.97326,3.009,28.69,59.5,21.68
2026-06-07 12:58:20,lht65-02,52.25,5.97326,3.009,27.55,59.8,21.81
2026-06-07 13:08:20,lht65-02,52.25,5.97326,3.009,27.8,63.1,21.87
2026-06-07 13:18:20,lht65-02,52.25,5.97326,3.009,29.72,59.6,21.93
2026-06-07 13:28:20,lht65-02,52.25,5.97326,3.007,30.83,55.0,22.06
2026-06-07 13:38:20,lht65-02,52.25,5.97326,2.938,32.48,56.3,22.12
2026-06-07 13:48:27,lht65-02,52.25,5.97326,3.014,32.45,39.0,22.31
2026-06-07 13:58:20,lht65-02,52.25,5.97326,3.014,29.26,44.0,22.43
2026-06-07 14:08:27,lht65-02,52.25,5.97326,3.012,28.46,46.0,22.62
2026-06-07 14:18:20,lht65-02,52.25,5.97326,3.005,27.52,55.8,22.68
2026-06-07 14:28:27,lht65-02,52.25,5.97326,3.009,28.94,53.7,22.81
2026-06-07 14:38:20,lht65-02,52.25,5.97326,3.01,30.83,55.2,22.87
2026-06-07 14:48:20,lht65-02,52.25,5.97326,3.01,31.26,47.4,22.93
2026-06-07 14:58:20,lht65-02,52.25,5.97326,3.009,30.82,48.2,23.06
2026-06-07 15:08:20,lht65-02,52.25,5.97326,3.012,30.83,52.6,23.12
2026-06-07 15:18:20,lht65-02,52.25,5.97326,3.012,31.04,51.2,23.25
2026-06-07 15:38:20,lht65-02,52.25,5.97326,3.012,30.33,51.5,23.37
2026-06-07 15:48:20,lht65-02,52.25,5.97326,3.012,30.24,53.6,23.43
2026-06-07 15:58:20,lht65-02,52.25,5.97326,3.01,31.13,54.4,23.56
2026-06-07 16:18:20,lht65-02,52.25,5.97326,3.012,29.63,47.6,23.62
2026-06-07 16:38:20,lht65-02,52.25,5.97326,3.003,27.16,52.6,23.75
2026-06-07 17:08:20,lht65-02,52.25,5.97326,3.007,25.32,61.0,23.75
2026-06-07 17:18:20,lht65-02,52.25,5.97326,3.007,25.06,59.4,23.68
2026-06-07 17:28:20,lht65-02,52.25,5.97326,3.005,24.55,61.3,23.68
2026-06-07 17:38:20,lht65-02,52.25,5.97326,3.01,24.17,65.5,23.62
2026-06-07 17:48:27,lht65-02,52.25,5.97326,3.007,23.69,70.5,23.56
2026-06-07 17:58:20,lht65-02,52.25,5.97326,3.009,23.19,73.8,23.5
2026-06-07 18:08:20,lht65-02,52.25,5.97326,3.007,22.84,76.1,23.43
2026-06-07 18:18:20,lht65-02,52.25,5.97326,3.007,22.44,78.0,23.43
2026-06-07 18:28:20,lht65-02,52.25,5.97326,3.007,21.98,79.6,23.37
2026-06-07 18:48:20,lht65-02,52.25,5.97326,3.009,21.12,83.0,23.18
2026-06-07 19:08:20,lht65-02,52.25,5.97326,3.009,20.46,85.1,23.06
2026-06-07 19:18:20,lht65-02,52.25,5.97326,3.005,20.14,86.0,23.0
2026-06-07 19:28:27,lht65-02,52.25,5.97326,3.003,19.86,86.6,22.93
2026-06-07 19:38:27,lht65-02,52.25,5.97326,3.003,19.68,87.2,22.87
2026-06-07 19:48:20,lht65-02,52.25,5.97326,3.003,19.42,87.8,22.75
2026-06-07 19:58:34,lht65-02,52.25,5.97326,3.005,19.17,88.3,22.68
2026-06-07 20:08:34,lht65-02,52.25,5.97326,3.001,18.96,88.6,22.62
2026-06-07 20:18:20,lht65-02,52.25,5.97326,3.0,18.76,88.9,22.56
2026-06-07 20:28:27,lht65-02,52.25,5.97326,3.007,18.58,89.4,22.43
2026-06-07 20:38:20,lht65-02,52.25,5.97326,3.009,18.44,89.6,22.37
2026-06-07 20:48:20,lht65-02,52.25,5.97326,3.009,18.26,90.0,22.31
2026-06-07 21:08:20,lht65-02,52.25,5.97326,3.009,17.99,90.2,22.18
2026-06-07 21:18:27,lht65-02,52.25,5.97326,3.001,17.79,90.3,22.12
2026-06-07 21:28:20,lht65-02,52.25,5.97326,3.005,17.61,90.4,22.06
2026-06-07 21:38:20,lht65-02,52.25,5.97326,3.001,17.27,89.5,21.93
2026-06-07 21:48:20,lht65-02,52.25,5.97326,3.005,16.89,88.7,21.87
2026-06-07 21:58:34,lht65-02,52.25,5.97326,3.009,16.52,89.0,21.81
2026-06-07 22:08:34,lht65-02,52.25,5.97326,3.009,16.26,89.9,21.75
2026-06-07 22:18:20,lht65-02,52.25,5.97326,2.998,16.15,91.0,21.68
2026-06-07 22:28:26,lht65-02,52.25,5.97326,3.005,16.15,91.9,21.56
2026-06-07 22:38:19,lht65-02,52.25,5.97326,3.005,16.19,92.7,21.5
2026-06-07 22:48:19,lht65-02,52.25,5.97326,3.009,16.27,93.7,21.43
2026-06-07 22:58:19,lht65-02,52.25,5.97326,3.009,16.36,94.5,21.37
2026-06-07 23:08:26,lht65-02,52.25,5.97326,3.007,16.42,95.1,21.31
2026-06-07 23:28:26,lht65-02,52.25,5.97326,3.005,16.49,95.9,21.18
2026-06-07 23:38:19,lht65-02,52.25,5.97326,3.007,16.4,95.7,21.12
2026-06-07 23:48:19,lht65-02,52.25,5.97326,3.005,16.1,94.2,21.06
2026-06-07 23:58:19,lht65-02,52.25,5.97326,2.998,15.73,92.4,21.0
2026-06-08 00:08:26,lht65-02,52.25,5.97326,3.005,15.36,91.8,20.93
2026-06-08 00:18:19,lht65-02,52.25,5.97326,3.0,14.98,91.4,20.87
2026-06-08 00:28:26,lht65-02,52.25,5.97326,2.994,14.63,91.5,20.81
2026-06-08 00:38:26,lht65-02,52.25,5.97326,3.001,14.31,91.8,20.75
2026-06-08 00:48:26,lht65-02,52.25,5.97326,3.005,14.18,92.4,20.68
2026-06-08 00:58:19,lht65-02,52.25,5.97326,3.001,13.99,93.1,20.62
2026-06-08 01:08:19,lht65-02,52.25,5.97326,2.994,13.88,93.6,20.56
2026-06-08 01:18:19,lht65-02,52.25,5.97326,3.0,13.84,94.1,20.5
2026-06-08 01:28:19,lht65-02,52.25,5.97326,3.005,13.81,94.6,20.43
2026-06-08 01:38:19,lht65-02,52.25,5.97326,3.009,13.75,94.7,20.37
2026-06-08 01:48:26,lht65-02,52.25,5.97326,3.005,13.7,94.7,20.31
2026-06-08 01:58:26,lht65-02,52.25,5.97326,3.007,13.61,94.8,20.18
2026-06-08 02:08:19,lht65-02,52.25,5.97326,3.005,13.53,94.7,20.12
2026-06-08 02:18:19,lht65-02,52.25,5.97326,3.005,13.46,94.7,20.06
2026-06-08 02:28:26,lht65-02,52.25,5.97326,3.009,13.42,94.9,20.0
2026-06-08 02:38:19,lht65-02,52.25,5.97326,3.007,13.39,95.1,19.93
2026-06-08 02:48:19,lht65-02,52.25,5.97326,3.005,13.33,95.2,19.93
2026-06-08 03:08:19,lht65-02,52.25,5.97326,3.009,13.17,95.0,19.81
2026-06-08 03:38:19,lht65-02,52.25,5.97326,3.001,12.87,94.3,19.62
2026-06-08 03:48:19,lht65-02,52.25,5.97326,3.001,12.87,94.2,19.56
2026-06-08 04:08:19,lht65-02,52.25,5.97326,2.998,13.16,94.3,19.43
2026-06-08 04:18:19,lht65-02,52.25,5.97326,3.0,13.47,94.4,19.37
2026-06-08 04:38:19,lht65-02,52.25,5.97326,3.001,14.77,93.9,19.31
2026-06-08 05:18:19,lht65-02,52.25,5.97326,3.001,17.3,90.4,19.25
2026-06-08 05:28:19,lht65-02,52.25,5.97326,3.001,17.99,89.6,19.25
2026-06-08 05:38:19,lht65-02,52.25,5.97326,3.005,18.65,88.8,19.25
2026-06-08 05:48:33,lht65-02,52.25,5.97326,3.001,19.64,88.9,19.25
2026-06-08 05:58:19,lht65-02,52.25,5.97326,2.996,20.73,88.4,19.31
2026-06-08 06:08:26,lht65-02,52.25,5.97326,2.996,21.5,86.2,19.37
2026-06-08 06:18:26,lht65-02,52.25,5.97326,3.001,21.95,83.8,19.37
2026-06-08 06:28:19,lht65-02,52.25,5.97326,3.0,22.75,84.4,19.5
2026-06-08 06:38:19,lht65-02,52.25,5.97326,2.996,23.78,82.6,19.56
2026-06-08 06:48:19,lht65-02,52.25,5.97326,3.001,24.31,81.2,19.62
2026-06-08 06:58:19,lht65-02,52.25,5.97326,3.001,24.79,80.2,19.68
2026-06-08 07:08:19,lht65-02,52.25,5.97326,2.994,25.32,80.3,19.81
2026-06-08 07:18:19,lht65-02,52.25,5.97326,2.994,26.13,78.6,19.87
2026-06-08 07:28:19,lht65-02,52.25,5.97326,2.987,27.35,79.6,20.0
2026-06-08 07:38:19,lht65-02,52.25,5.97326,2.921,28.61,76.7,20.06
2026-06-08 08:28:19,lht65-02,52.25,5.97326,2.998,24.22,73.2,20.68
2026-06-08 08:48:19,lht65-02,52.25,5.97326,3.005,26.02,78.5,20.87
2026-06-08 08:58:19,lht65-02,52.25,5.97326,3.005,27.16,77.5,20.93
2026-06-08 09:18:18,lht65-02,52.25,5.97326,3.0,28.77,73.9,21.12
2026-06-08 09:28:18,lht65-02,52.25,5.97326,3.005,29.45,69.7,21.18
2026-06-08 09:58:18,lht65-02,52.25,5.97326,3.009,29.42,62.1,21.56
2026-06-08 10:08:18,lht65-02,52.25,5.97326,2.907,30.43,52.7,21.62
2026-06-08 10:38:18,lht65-02,52.25,5.97326,3.007,30.02,48.1,22.12
2026-06-08 10:48:25,lht65-02,52.25,5.97326,3.005,30.03,57.5,22.25
2026-06-08 10:58:18,lht65-02,52.25,5.97326,3.007,30.58,58.0,22.37
2026-06-08 11:08:25,lht65-02,52.25,5.97326,3.007,30.64,48.6,22.56
2026-06-08 11:18:18,lht65-02,52.25,5.97326,3.007,30.49,53.4,22.62
2026-06-08 11:28:18,lht65-02,52.25,5.97326,3.005,30.52,49.7,22.75
2026-06-08 11:38:18,lht65-02,52.25,5.97326,2.982,30.83,48.5,22.93
2026-06-08 11:48:18,lht65-02,52.25,5.97326,3.001,30.48,47.4,23.0
2026-06-08 11:58:18,lht65-02,52.25,5.97326,3.005,30.18,53.1,23.12
2026-06-08 12:18:18,lht65-02,52.25,5.97326,3.001,30.82,50.5,23.31
2026-06-08 12:28:18,lht65-02,52.25,5.97326,2.994,30.2,48.2,23.37
2026-06-08 12:38:25,lht65-02,52.25,5.97326,3.001,29.24,52.5,23.5
2026-06-08 12:48:18,lht65-02,52.25,5.97326,3.003,28.72,54.5,23.56
2026-06-08 12:58:18,lht65-02,52.25,5.97326,3.005,28.84,53.4,23.62
2026-06-08 13:08:18,lht65-02,52.25,5.97326,3.005,28.27,53.3,23.68
2026-06-08 13:18:32,lht65-02,52.25,5.97326,3.005,27.87,52.6,23.68
2026-06-08 13:28:32,lht65-02,52.25,5.97326,3.001,28.04,57.4,23.75
2026-06-08 13:38:25,lht65-02,52.25,5.97326,3.001,29.01,56.6,23.75
2026-06-08 13:48:25,lht65-02,52.25,5.97326,3.003,29.68,50.5,23.75
2026-06-08 13:58:25,lht65-02,52.25,5.97326,3.001,30.1,52.8,23.81
2026-06-08 14:08:25,lht65-02,52.25,5.97326,2.751,31.37,49.0,23.81
2026-06-08 14:18:18,lht65-02,52.25,5.97326,3.009,30.29,44.9,23.93
2026-06-08 14:28:18,lht65-02,52.25,5.97326,3.007,28.77,47.6,24.0
2026-06-08 14:38:18,lht65-02,52.25,5.97326,3.009,29.19,49.4,24.06
2026-06-08 14:48:25,lht65-02,52.25,5.97326,3.007,30.83,47.4,24.12
2026-06-08 14:58:18,lht65-02,52.25,5.97326,3.007,28.97,44.2,24.18
2026-06-08 15:08:25,lht65-02,52.25,5.97326,3.005,27.03,48.3,24.25
2026-06-08 15:18:18,lht65-02,52.25,5.97326,3.007,25.75,50.3,24.31
2026-06-08 15:28:18,lht65-02,52.25,5.97326,3.007,25.32,53.2,24.31
2026-06-08 15:38:18,lht65-02,52.25,5.97326,3.009,25.04,53.7,24.31
2026-06-08 15:48:25,lht65-02,52.25,5.97326,3.007,24.69,54.9,24.25
2026-06-08 15:58:18,lht65-02,52.25,5.97326,3.007,24.12,57.3,24.25
2026-06-08 16:08:18,lht65-02,52.25,5.97326,3.005,23.61,57.2,24.18
2026-06-08 16:18:18,lht65-02,52.25,5.97326,3.005,22.99,60.9,24.12
2026-06-08 16:28:18,lht65-02,52.25,5.97326,3.005,22.86,65.8,24.0
2026-06-08 16:38:18,lht65-02,52.25,5.97326,3.001,23.09,70.3,23.93
2026-06-08 17:08:18,lht65-02,52.25,5.97326,3.005,23.42,74.6,23.75
2026-06-08 17:28:18,lht65-02,52.25,5.97326,3.005,23.37,78.1,23.62
2026-06-08 17:38:18,lht65-02,52.25,5.97326,3.005,23.18,79.2,23.56
2026-06-08 17:58:18,lht65-02,52.25,5.97326,3.005,22.58,80.8,23.5
2026-06-08 18:08:18,lht65-02,52.25,5.97326,3.005,22.04,81.1,23.43
2026-06-08 18:28:18,lht65-02,52.25,5.97326,2.994,20.23,79.6,23.31
2026-06-08 18:38:17,lht65-02,52.25,5.97326,3.001,19.32,80.5,23.25
2026-06-08 18:48:24,lht65-02,52.25,5.97326,2.991,18.45,81.9,23.12
2026-06-08 18:58:24,lht65-02,52.25,5.97326,3.001,17.85,83.8,23.0
2026-06-08 19:08:17,lht65-02,52.25,5.97326,3.005,17.38,85.2,22.93
2026-06-08 19:18:17,lht65-02,52.25,5.97326,3.005,17.03,86.7,22.87
2026-06-08 19:28:24,lht65-02,52.25,5.97326,3.007,16.78,87.6,22.75
2026-06-08 19:38:17,lht65-02,52.25,5.97326,3.001,16.55,88.1,22.68
2026-06-08 19:48:17,lht65-02,52.25,5.97326,3.007,16.39,88.9,22.56
2026-06-08 19:58:17,lht65-02,52.25,5.97326,3.001,16.25,89.3,22.43
2026-06-08 20:08:24,lht65-02,52.25,5.97326,3.005,16.12,89.9,22.37
2026-06-08 20:18:17,lht65-02,52.25,5.97326,2.996,16.02,90.1,22.25
2026-06-08 20:28:17,lht65-02,52.25,5.97326,3.005,15.92,90.3,22.18
2026-06-08 20:48:17,lht65-02,52.25,5.97326,3.005,15.73,91.0,22.0
2026-06-08 20:58:17,lht65-02,52.25,5.97326,3.005,15.68,91.4,21.87
2026-06-08 21:08:24,lht65-02,52.25,5.97326,3.005,15.68,91.7,21.81
2026-06-08 21:18:17,lht65-02,52.25,5.97326,2.996,15.55,91.7,21.75
2026-06-08 21:28:24,lht65-02,52.25,5.97326,2.962,15.41,91.4,21.62
2026-06-08 21:38:17,lht65-02,52.25,5.97326,3.001,15.23,91.0,21.56
2026-06-08 21:48:17,lht65-02,52.25,5.97326,2.998,15.05,91.0,21.5
2026-06-08 21:58:24,lht65-02,52.25,5.97326,3.001,14.88,91.1,21.43
2026-06-08 22:08:24,lht65-02,52.25,5.97326,3.005,14.69,91.2,21.31
2026-06-08 22:28:17,lht65-02,52.25,5.97326,2.968,14.35,91.5,21.18
2026-06-08 22:38:24,lht65-02,52.25,5.97326,3.005,14.31,91.8,21.12
2026-06-08 22:48:17,lht65-02,52.25,5.97326,3.005,14.3,91.8,21.06
2026-06-08 22:58:17,lht65-02,52.25,5.97326,3.007,14.15,92.2,20.93
2026-06-08 23:08:17,lht65-02,52.25,5.97326,3.007,14.1,92.6,20.87
2026-06-08 23:18:17,lht65-02,52.25,5.97326,3.005,14.09,93.1,20.81
2026-06-08 23:28:24,lht65-02,52.25,5.97326,3.005,14.12,93.6,20.75
2026-06-08 23:38:17,lht65-02,52.25,5.97326,3.005,14.24,94.4,20.68
2026-06-08 23:48:24,lht65-02,52.25,5.97326,3.005,14.3,95.2,20.62
2026-06-08 23:58:17,lht65-02,52.25,5.97326,3.005,14.31,95.8,20.56
2026-06-09 00:08:17,lht65-02,52.25,5.97326,3.005,14.31,96.3,20.5
2026-06-09 00:18:17,lht65-02,52.25,5.97326,3.005,14.31,96.5,20.43
2026-06-09 00:38:17,lht65-02,52.25,5.97326,3.005,14.31,96.8,20.31
2026-06-09 00:48:17,lht65-02,52.25,5.97326,3.005,14.39,96.9,20.25
2026-06-09 00:58:17,lht65-02,52.25,5.97326,3.005,14.46,97.3,20.18
2026-06-09 01:08:24,lht65-02,52.25,5.97326,3.005,14.52,97.9,20.18
2026-06-09 01:18:17,lht65-02,52.25,5.97326,3.005,14.55,98.5,20.12
2026-06-09 01:28:17,lht65-02,52.25,5.97326,3.005,14.54,98.8,20.06
2026-06-09 01:38:17,lht65-02,52.25,5.97326,3.005,14.49,98.8,20.06
2026-06-09 01:48:31,lht65-02,52.25,5.97326,3.005,14.45,98.7,20.0
2026-06-09 01:58:17,lht65-02,52.25,5.97326,3.005,14.33,98.5,19.93
2026-06-09 02:08:17,lht65-02,52.25,5.97326,3.005,14.31,98.2,19.87
2026-06-09 02:18:24,lht65-02,52.25,5.97326,3.005,14.3,98.0,19.81
2026-06-09 02:28:17,lht65-02,52.25,5.97326,3.005,14.11,97.9,19.81
2026-06-09 02:38:17,lht65-02,52.25,5.97326,3.005,13.95,97.7,19.75
2026-06-09 02:58:17,lht65-02,52.25,5.97326,3.005,13.56,97.1,19.68
2026-06-09 03:08:17,lht65-02,52.25,5.97326,3.007,13.39,97.0,19.62
2026-06-09 03:18:17,lht65-02,52.25,5.97326,2.948,13.21,96.8,19.56
2026-06-09 03:28:24,lht65-02,52.25,5.97326,3.005,13.02,96.7,19.5
2026-06-09 03:38:17,lht65-02,52.25,5.97326,3.005,12.92,96.8,19.43
2026-06-09 03:48:17,lht65-02,52.25,5.97326,3.005,12.84,96.9,19.43
2026-06-09 03:58:17,lht65-02,52.25,5.97326,3.007,12.8,96.9,19.37
2026-06-09 04:08:24,lht65-02,52.25,5.97326,3.005,12.8,96.8,19.31
2026-06-09 04:18:31,lht65-02,52.25,5.97326,3.005,13.14,97.0,19.25
2026-06-09 04:28:17,lht65-02,52.25,5.97326,3.005,13.99,96.0,19.25
2026-06-09 04:38:31,lht65-02,52.25,5.97326,3.005,14.51,93.5,19.18
2026-06-09 04:48:17,lht65-02,52.25,5.97326,3.005,15.01,93.4,19.12
2026-06-09 04:58:17,lht65-02,52.25,5.97326,3.007,15.53,93.5,19.12
2026-06-09 05:08:24,lht65-02,52.25,5.97326,3.007,16.48,93.5,19.12
2026-06-09 05:18:17,lht65-02,52.25,5.97326,3.007,17.98,90.5,19.06
2026-06-09 05:28:24,lht65-02,52.25,5.97326,3.007,19.77,87.6,19.06
2026-06-09 05:38:17,lht65-02,52.25,5.97326,3.007,19.84,84.9,19.12
2026-06-09 05:48:16,lht65-02,52.25,5.97326,3.009,19.22,83.7,19.12
2026-06-09 05:58:16,lht65-02,52.25,5.97326,3.009,18.53,84.2,19.18
2026-06-09 06:08:16,lht65-02,52.25,5.97326,3.009,18.02,85.3,19.25
2026-06-09 06:18:16,lht65-02,52.25,5.97326,3.009,18.12,86.1,19.25
2026-06-09 06:28:16,lht65-02,52.25,5.97326,3.009,18.75,86.7,19.25
2026-06-09 06:58:16,lht65-02,52.25,5.97326,3.009,20.85,82.8,19.37
2026-06-09 07:28:16,lht65-02,52.25,5.97326,2.996,25.32,75.5,19.56
2026-06-09 07:38:16,lht65-02,52.25,5.97326,2.996,26.85,70.5,19.62
2026-06-09 07:48:16,lht65-02,52.25,5.97326,2.966,28.21,67.8,19.75
2026-06-09 08:18:16,lht65-02,52.25,5.97326,3.005,30.82,52.4,20.25
2026-06-09 08:38:16,lht65-02,52.25,5.97326,3.007,28.83,50.1,20.62
2026-06-09 08:48:16,lht65-02,52.25,5.97326,3.009,28.24,45.6,20.81
2026-06-09 08:58:16,lht65-02,52.25,5.97326,3.007,26.05,52.0,21.0
2026-06-09 09:08:16,lht65-02,52.25,5.97326,3.007,25.95,53.9,21.12
2026-06-09 09:18:16,lht65-02,52.25,5.97326,3.007,27.66,52.5,21.25
2026-06-09 09:28:16,lht65-02,52.25,5.97326,3.007,28.21,44.3,21.43
2026-06-09 09:48:23,lht65-02,52.25,5.97326,3.009,23.8,55.3,21.75
2026-06-09 10:08:16,lht65-02,52.25,5.97326,3.003,21.86,58.3,22.0
2026-06-09 10:18:16,lht65-02,52.25,5.97326,3.005,21.68,68.9,22.12
2026-06-09 10:28:16,lht65-02,52.25,5.97326,3.005,25.05,74.2,22.12
2026-06-09 10:38:16,lht65-02,52.25,5.97326,3.001,29.09,63.7,22.12
2026-06-09 10:48:30,lht65-02,52.25,5.97326,2.612,31.36,52.2,21.25
2026-06-09 10:58:30,lht65-02,52.25,5.97326,2.945,33.18,42.1,22.31
2026-06-09 11:08:30,lht65-02,52.25,5.97326,3.001,34.1,36.1,22.5
2026-06-09 11:18:16,lht65-02,52.25,5.97326,3.009,33.96,35.7,22.68
2026-06-09 11:28:23,lht65-02,52.25,5.97326,3.012,30.6,35.4,22.93
2026-06-09 11:38:16,lht65-02,52.25,5.97326,3.012,28.39,41.5,23.12
2026-06-09 11:48:16,lht65-02,52.25,5.97326,3.012,28.38,42.2,23.31
2026-06-09 11:58:16,lht65-02,52.25,5.97326,3.001,27.01,45.1,23.37
2026-06-09 12:08:16,lht65-02,52.25,5.97326,3.001,26.05,47.5,23.43
2026-06-09 12:18:16,lht65-02,52.25,5.97326,3.009,26.83,52.7,23.5
2026-06-09 12:38:16,lht65-02,52.25,5.97326,3.009,27.55,56.6,23.56
2026-06-09 12:48:16,lht65-02,52.25,5.97326,3.009,28.91,57.3,23.62
2026-06-09 12:58:16,lht65-02,52.25,5.97326,3.009,31.28,51.2,23.62
2026-06-09 13:18:16,lht65-02,52.25,5.97326,3.001,32.51,38.2,23.75
2026-06-09 13:28:16,lht65-02,52.25,5.97326,3.009,31.35,39.4,23.87
2026-06-09 13:38:16,lht65-02,52.25,5.97326,3.009,31.55,37.3,24.0
2026-06-09 13:48:23,lht65-02,52.25,5.97326,3.009,29.93,40.2,24.12
2026-06-09 13:58:30,lht65-02,52.25,5.97326,3.009,29.87,40.5,24.18
2026-06-09 14:08:16,lht65-02,52.25,5.97326,3.009,29.18,40.9,24.31
2026-06-09 14:18:23,lht65-02,52.25,5.97326,3.005,27.36,41.3,24.37
2026-06-09 14:28:30,lht65-02,52.25,5.97326,3.009,27.79,43.4,24.37
2026-06-09 14:38:23,lht65-02,52.25,5.97326,3.009,28.08,42.4,24.43
2026-06-09 14:48:16,lht65-02,52.25,5.97326,3.009,27.16,46.3,24.43
2026-06-09 14:58:16,lht65-02,52.25,5.97326,3.009,28.4,43.2,24.43
2026-06-09 15:08:16,lht65-02,52.25,5.97326,3.01,28.21,44.3,24.43
2026-06-09 15:28:22,lht65-02,52.25,5.97326,3.009,28.8,43.9,24.5
2026-06-09 15:38:15,lht65-02,52.25,5.97326,3.009,29.11,45.0,24.5
2026-06-09 15:48:15,lht65-02,52.25,5.97326,3.009,28.64,46.1,24.56
2026-06-09 15:58:22,lht65-02,52.25,5.97326,3.009,29.77,44.1,24.56
2026-06-09 16:08:15,lht65-02,52.25,5.97326,3.009,28.2,47.6,24.56
2026-06-09 16:18:22,lht65-02,52.25,5.97326,2.991,26.01,47.9,24.62
2026-06-09 16:28:15,lht65-02,52.25,5.97326,2.969,23.75,54.5,24.56
2026-06-09 16:38:15,lht65-02,52.25,5.97326,2.983,21.9,62.0,24.5
2026-06-09 16:48:22,lht65-02,52.25,5.97326,2.978,20.23,67.7,24.43
2026-06-09 16:58:15,lht65-02,52.25,5.97326,2.952,19.08,72.3,24.37
2026-06-09 17:08:15,lht65-02,52.25,5.97326,3.007,18.84,75.6,24.25
2026-06-09 17:28:15,lht65-02,52.25,5.97326,3.009,19.84,77.6,24.06
2026-06-09 17:58:15,lht65-02,52.25,5.97326,3.009,19.86,75.8,23.75
2026-06-09 18:08:15,lht65-02,52.25,5.97326,3.009,19.42,76.2,23.68
2026-06-09 18:28:15,lht65-02,52.25,5.97326,2.991,18.69,78.5,23.5
2026-06-09 18:38:15,lht65-02,52.25,5.97326,2.968,18.39,79.3,23.37
2026-06-09 18:48:15,lht65-02,52.25,5.97326,3.001,18.11,80.2,23.31
2026-06-09 19:08:15,lht65-02,52.25,5.97326,3.005,17.53,81.7,23.12
2026-06-09 19:18:15,lht65-02,52.25,5.97326,3.009,17.29,83.1,23.0
2026-06-09 19:28:22,lht65-02,52.25,5.97326,3.005,17.09,83.1,22.93
2026-06-09 19:48:15,lht65-02,52.25,5.97326,2.994,16.09,82.3,22.75
2026-06-09 19:58:15,lht65-02,52.25,5.97326,2.987,15.46,82.7,22.62
2026-06-09 20:28:15,lht65-02,52.25,5.97326,2.969,14.3,86.2,22.31
2026-06-09 20:38:22,lht65-02,52.25,5.97326,2.983,13.85,86.5,22.25
2026-06-09 20:48:22,lht65-02,52.25,5.97326,3.005,13.53,86.8,22.12
2026-06-09 21:08:22,lht65-02,52.25,5.97326,3.005,13.02,87.8,21.93
2026-06-09 21:18:15,lht65-02,52.25,5.97326,3.005,12.82,88.1,21.81
2026-06-09 21:28:22,lht65-02,52.25,5.97326,2.973,12.64,88.6,21.68
2026-06-09 21:48:15,lht65-02,52.25,5.97326,3.007,12.4,89.5,21.5
2026-06-09 21:58:15,lht65-02,52.25,5.97326,3.007,12.4,90.3,21.37
2026-06-09 22:08:15,lht65-02,52.25,5.97326,3.009,12.47,91.1,21.25
2026-06-09 22:18:22,lht65-02,52.25,5.97326,3.007,12.58,92.1,21.18
2026-06-09 22:28:15,lht65-02,52.25,5.97326,3.007,12.72,92.7,21.06
2026-06-09 22:38:15,lht65-02,52.25,5.97326,3.007,12.81,93.1,21.0
2026-06-09 22:48:15,lht65-02,52.25,5.97326,3.009,12.87,93.3,20.93
2026-06-09 23:08:15,lht65-02,52.25,5.97326,3.007,12.64,92.0,20.75
2026-06-09 23:18:15,lht65-02,52.25,5.97326,3.007,12.37,90.6,20.68
2026-06-09 23:28:15,lht65-02,52.25,5.97326,2.948,12.0,89.7,20.56
2026-06-09 23:48:22,lht65-02,52.25,5.97326,2.98,11.41,90.0,20.43
2026-06-09 23:58:15,lht65-02,52.25,5.97326,2.994,11.23,90.8,20.37
2026-06-10 00:08:15,lht65-02,52.25,5.97326,2.996,11.08,91.1,20.31
2026-06-10 00:28:15,lht65-02,52.25,5.97326,3.005,10.86,91.8,20.12
2026-06-10 00:38:15,lht65-02,52.25,5.97326,3.005,10.77,91.9,20.06
2026-06-10 00:48:22,lht65-02,52.25,5.97326,3.005,10.71,92.0,19.93
2026-06-10 01:08:15,lht65-02,52.25,5.97326,3.005,10.6,92.2,19.81
2026-06-10 01:18:15,lht65-02,52.25,5.97326,3.005,10.52,92.3,19.68
2026-06-10 01:28:22,lht65-02,52.25,5.97326,3.005,10.5,92.6,19.62
2026-06-10 01:38:15,lht65-02,52.25,5.97326,3.005,10.49,92.9,19.56
2026-06-10 01:48:15,lht65-02,52.25,5.97326,3.005,10.36,92.8,19.5
2026-06-10 01:58:15,lht65-02,52.25,5.97326,2.991,10.28,92.5,19.43
2026-06-10 02:08:15,lht65-02,52.25,5.97326,2.966,10.28,92.8,19.37
2026-06-10 02:38:21,lht65-02,52.25,5.97326,2.996,10.15,93.2,19.18
2026-06-10 02:48:14,lht65-02,52.25,5.97326,2.998,10.03,92.9,19.06
2026-06-10 03:08:14,lht65-02,52.25,5.97326,2.987,9.79,92.6,18.93
2026-06-10 03:18:14,lht65-02,52.25,5.97326,2.976,9.7,92.6,18.87
2026-06-10 03:28:21,lht65-02,52.25,5.97326,2.996,9.67,92.8,18.81
2026-06-10 03:38:21,lht65-02,52.25,5.97326,2.996,9.7,93.0,18.75
2026-06-10 03:48:14,lht65-02,52.25,5.97326,2.996,9.85,93.3,18.75
2026-06-10 04:08:14,lht65-02,52.25,5.97326,2.996,10.46,93.4,18.56
2026-06-10 04:28:21,lht65-02,52.25,5.97326,2.996,11.77,91.5,18.5
2026-06-10 04:38:14,lht65-02,52.25,5.97326,2.998,12.28,90.2,18.43
2026-06-10 04:48:14,lht65-02,52.25,5.97326,3.0,12.81,89.9,18.37
2026-06-10 04:58:14,lht65-02,52.25,5.97326,3.001,13.41,90.3,18.37
2026-06-10 05:18:14,lht65-02,52.25,5.97326,2.996,15.55,87.8,18.37
2026-06-10 05:38:14,lht65-02,52.25,5.97326,2.991,17.75,82.2,18.37
2026-06-10 05:48:21,lht65-02,52.25,5.97326,2.994,18.7,80.8,18.37
2026-06-10 05:58:21,lht65-02,52.25,5.97326,2.991,19.69,79.7,18.43
2026-06-10 06:18:14,lht65-02,52.25,5.97326,3.001,20.31,78.4,18.56
2026-06-10 06:58:14,lht65-02,52.25,5.97326,2.987,23.27,75.3,18.81
2026-06-10 07:08:21,lht65-02,52.25,5.97326,2.992,23.31,73.6,18.93
2026-06-10 07:18:14,lht65-02,52.25,5.97326,3.007,23.28,73.7,19.0
2026-06-10 07:38:14,lht65-02,52.25,5.97326,3.005,24.06,72.7,19.25
2026-06-10 07:48:21,lht65-02,52.25,5.97326,3.005,24.61,72.8,19.31
2026-06-10 07:58:14,lht65-02,52.25,5.97326,2.998,25.6,68.1,19.43
2026-06-10 08:08:21,lht65-02,52.25,5.97326,3.01,26.72,67.9,19.5
2026-06-10 08:18:14,lht65-02,52.25,5.97326,3.0,27.88,63.4,19.62
2026-06-10 08:28:21,lht65-02,52.25,5.97326,3.009,28.1,59.9,19.75
2026-06-10 08:38:21,lht65-02,52.25,5.97326,3.009,27.26,58.4,19.93
2026-06-10 08:48:21,lht65-02,52.25,5.97326,3.009,26.41,62.2,20.06
2026-06-10 09:18:21,lht65-02,52.25,5.97326,3.009,24.66,69.1,20.31
2026-06-10 09:28:21,lht65-02,52.25,5.97326,3.01,26.87,65.3,20.37
2026-06-10 09:38:14,lht65-02,52.25,5.97326,3.009,28.04,62.7,20.43
2026-06-10 09:58:14,lht65-02,52.25,5.97326,2.916,32.09,58.4,20.62
2026-06-10 10:08:21,lht65-02,52.25,5.97326,2.987,32.22,40.1,20.81
2026-06-10 10:18:14,lht65-02,52.25,5.97326,3.005,29.38,42.8,21.0
2026-06-10 10:28:21,lht65-02,52.25,5.97326,3.005,25.58,50.7,21.18
2026-06-10 10:38:14,lht65-02,52.25,5.97326,2.987,22.55,57.3,21.31
2026-06-10 10:48:21,lht65-02,52.25,5.97326,2.962,20.29,65.1,21.43
2026-06-10 10:58:14,lht65-02,52.25,5.97326,2.982,19.07,69.1,21.43
2026-06-10 11:08:21,lht65-02,52.25,5.97326,2.991,18.03,72.1,21.43
2026-06-10 11:18:14,lht65-02,52.25,5.97326,2.982,17.38,75.2,21.43
2026-06-10 11:28:21,lht65-02,52.25,5.97326,3.0,17.65,78.4,21.37
2026-06-10 11:38:14,lht65-02,52.25,5.97326,2.996,19.17,79.0,21.37
2026-06-10 11:48:21,lht65-02,52.25,5.97326,2.994,22.4,77.4,21.31
2026-06-10 11:58:14,lht65-02,52.25,5.97326,2.992,25.34,69.4,21.31
2026-06-10 12:08:14,lht65-02,52.25,5.97326,2.983,28.11,62.8,21.37
2026-06-10 12:18:14,lht65-02,52.25,5.97326,2.978,30.08,56.5,21.37
2026-06-10 12:28:14,lht65-02,52.25,5.97326,3.001,31.1,44.7,21.5
2026-06-10 12:38:14,lht65-02,52.25,5.97326,3.001,29.57,42.8,21.68
2026-06-10 12:48:14,lht65-02,52.25,5.97326,3.005,29.18,48.8,21.81
2026-06-10 12:58:14,lht65-02,52.25,5.97326,2.998,29.98,50.0,21.93
2026-06-10 13:18:13,lht65-02,52.25,5.97326,2.998,32.2,48.0,22.18
2026-06-10 13:28:13,lht65-02,52.25,5.97326,3.012,33.33,43.8,22.37
2026-06-10 13:38:13,lht65-02,52.25,5.97326,3.014,33.57,39.7,22.56
2026-06-10 13:48:20,lht65-02,52.25,5.97326,3.016,32.78,38.5,22.81
2026-06-10 13:58:13,lht65-02,52.25,5.97326,3.016,28.71,43.9,23.0
2026-06-10 14:08:13,lht65-02,52.25,5.97326,3.012,25.32,55.4,23.12
2026-06-10 14:18:14,lht65-02,52.25,5.97326,3.012,24.24,64.3,23.25
2026-06-10 14:28:13,lht65-02,52.25,5.97326,3.012,25.12,64.2,23.31
2026-06-10 14:38:14,lht65-02,52.25,5.97326,3.014,25.86,63.3,23.31
2026-06-10 14:48:20,lht65-02,52.25,5.97326,3.014,26.19,62.7,23.31
2026-06-10 14:58:13,lht65-02,52.25,5.97326,3.012,25.49,61.6,23.31
2026-06-10 15:08:13,lht65-02,52.25,5.97326,3.012,24.07,62.1,23.31
2026-06-10 15:18:13,lht65-02,52.25,5.97326,3.009,22.59,65.2,23.31
2026-06-10 15:28:13,lht65-02,52.25,5.97326,3.009,21.79,69.0,23.31
2026-06-10 15:38:13,lht65-02,52.25,5.97326,3.009,22.59,73.0,23.25
2026-06-10 15:48:13,lht65-02,52.25,5.97326,3.01,23.57,73.0,23.18
2026-06-10 15:58:13,lht65-02,52.25,5.97326,3.009,23.27,72.5,23.12
2026-06-10 16:08:13,lht65-02,52.25,5.97326,3.009,22.5,73.1,23.12
2026-06-10 16:18:13,lht65-02,52.25,5.97326,3.009,22.79,74.6,23.06
2026-06-10 16:28:13,lht65-02,52.25,5.97326,3.009,22.89,73.1,23.06
2026-06-10 16:38:13,lht65-02,52.25,5.97326,3.009,22.51,74.3,23.0
2026-06-10 16:48:13,lht65-02,52.25,5.97326,3.009,22.59,75.6,22.93
2026-06-10 16:58:13,lht65-02,52.25,5.97326,3.009,22.51,75.4,22.93
2026-06-10 17:08:13,lht65-02,52.25,5.97326,3.009,22.59,75.9,22.87
2026-06-10 17:18:13,lht65-02,52.25,5.97326,3.009,23.13,77.4,22.87
2026-06-10 17:28:13,lht65-02,52.25,5.97326,3.01,23.81,77.8,22.81
2026-06-10 17:38:13,lht65-02,52.25,5.97326,3.012,24.1,76.1,22.81
2026-06-10 17:48:13,lht65-02,52.25,5.97326,3.012,23.77,74.9,22.81
2026-06-10 17:58:13,lht65-02,52.25,5.97326,3.012,22.98,74.8,22.81
2026-06-10 18:08:13,lht65-02,52.25,5.97326,3.012,22.28,76.0,22.75
2026-06-10 18:18:13,lht65-02,52.25,5.97326,2.996,21.56,77.4,22.75
2026-06-10 18:28:13,lht65-02,52.25,5.97326,2.996,20.84,78.5,22.68
2026-06-10 18:38:13,lht65-02,52.25,5.97326,2.983,20.16,79.6,22.62
2026-06-10 18:48:13,lht65-02,52.25,5.97326,2.983,19.62,80.7,22.62
2026-06-10 18:58:13,lht65-02,52.25,5.97326,2.992,18.99,81.0,22.5
2026-06-10 19:08:13,lht65-02,52.25,5.97326,2.991,18.33,81.1,22.43
2026-06-10 19:18:13,lht65-02,52.25,5.97326,2.962,17.72,81.8,22.37
2026-06-10 19:28:13,lht65-02,52.25,5.97326,2.957,17.15,83.2,22.31
2026-06-10 19:38:13,lht65-02,52.25,5.97326,2.962,16.72,83.6,22.25
2026-06-10 19:48:13,lht65-02,52.25,5.97326,2.938,16.21,84.1,22.12
2026-06-10 19:58:13,lht65-02,52.25,5.97326,2.991,15.78,84.8,22.06
2026-06-10 20:08:13,lht65-02,52.25,5.97326,2.978,15.4,85.5,21.93
2026-06-10 20:18:13,lht65-02,52.25,5.97326,2.991,14.98,86.2,21.87
2026-06-10 20:28:13,lht65-02,52.25,5.97326,2.994,14.61,86.2,21.75
2026-06-10 20:38:13,lht65-02,52.25,5.97326,2.994,14.3,86.2,21.68
2026-06-10 20:48:13,lht65-02,52.25,5.97326,3.005,13.73,86.0,21.56
2026-06-10 20:58:13,lht65-02,52.25,5.97326,3.003,13.25,86.2,21.43
2026-06-10 21:08:13,lht65-02,52.25,5.97326,3.01,12.85,86.7,21.37
2026-06-10 21:18:13,lht65-02,52.25,5.97326,3.012,12.51,87.8,21.25
2026-06-10 21:28:13,lht65-02,52.25,5.97326,3.01,12.41,89.3,21.18
2026-06-10 21:38:13,lht65-02,52.25,5.97326,3.005,12.47,90.8,21.06
2026-06-10 21:48:13,lht65-02,52.25,5.97326,3.007,12.56,91.8,20.93
2026-06-10 21:58:13,lht65-02,52.25,5.97326,3.009,12.71,92.7,20.87
2026-06-10 22:08:13,lht65-02,52.25,5.97326,3.009,12.82,93.3,20.75
2026-06-10 22:18:13,lht65-02,52.25,5.97326,3.009,12.92,93.8,20.68
2026-06-10 22:28:13,lht65-02,52.25,5.97326,3.009,12.96,94.1,20.62
2026-06-10 22:38:13,lht65-02,52.25,5.97326,3.007,12.93,93.9,20.5
2026-06-10 22:48:13,lht65-02,52.25,5.97326,3.009,12.77,93.0,20.43
2026-06-10 22:58:13,lht65-02,52.25,5.97326,3.009,12.5,91.7,20.37
2026-06-10 23:08:13,lht65-02,52.25,5.97326,3.009,12.2,90.8,20.31
2026-06-10 23:18:13,lht65-02,52.25,5.97326,2.994,11.85,90.3,20.18
2026-06-10 23:28:12,lht65-02,52.25,5.97326,2.998,11.55,90.9,20.12
2026-06-10 23:38:13,lht65-02,52.25,5.97326,3.005,11.44,91.4,20.06
2026-06-10 23:48:12,lht65-02,52.25,5.97326,3.005,11.25,91.6,20.0
2026-06-10 23:58:13,lht65-02,52.25,5.97326,3.001,11.07,91.6,19.87
2026-06-11 00:08:13,lht65-02,52.25,5.97326,3.001,10.85,91.3,19.81
2026-06-11 00:18:12,lht65-02,52.25,5.97326,2.846,10.62,91.2,19.68
2026-06-11 00:28:12,lht65-02,52.25,5.97326,2.962,10.44,91.4,19.62
2026-06-11 00:38:12,lht65-02,52.25,5.97326,2.955,10.26,91.6,19.56
2026-06-11 00:48:13,lht65-02,52.25,5.97326,2.947,10.14,91.8,19.5
2026-06-11 00:58:12,lht65-02,52.25,5.97326,2.933,9.98,92.0,19.37
2026-06-11 01:08:12,lht65-02,52.25,5.97326,2.706,9.88,92.2,19.25
2026-06-11 01:18:12,lht65-02,52.25,5.97326,2.955,9.77,92.3,19.25
2026-06-11 01:28:12,lht65-02,52.25,5.97326,2.98,9.7,92.4,19.18
2026-06-11 01:38:12,lht65-02,52.25,5.97326,2.964,9.59,92.5,19.06
2026-06-11 01:48:12,lht65-02,52.25,5.97326,2.966,9.48,92.5,19.0
2026-06-11 01:58:13,lht65-02,52.25,5.97326,2.624,9.34,92.3,18.93
2026-06-11 02:08:12,lht65-02,52.25,5.97326,2.952,9.21,92.3,18.87
2026-06-11 02:18:12,lht65-02,52.25,5.97326,2.957,9.1,92.3,18.81
2026-06-11 02:28:12,lht65-02,52.25,5.97326,2.955,9.0,92.5,18.68
2026-06-11 02:38:12,lht65-02,52.25,5.97326,2.95,8.94,92.7,18.62
2026-06-11 02:48:12,lht65-02,52.25,5.97326,2.941,8.87,93.0,18.56
2026-06-11 02:58:12,lht65-02,52.25,5.97326,2.488,8.78,92.8,18.5
2026-06-11 03:08:12,lht65-02,52.25,5.97326,2.94,8.77,92.5,18.43
2026-06-11 03:18:12,lht65-02,52.25,5.97326,1.88,8.63,92.4,18.37
2026-06-11 03:28:12,lht65-02,52.25,5.97326,2.994,8.5,92.3,18.31
2026-06-11 03:38:12,lht65-02,52.25,5.97326,2.994,8.42,92.2,18.25
2026-06-11 03:48:12,lht65-02,52.25,5.97326,2.996,8.45,92.5,18.18
2026-06-11 03:58:12,lht65-02,52.25,5.97326,2.994,8.6,92.9,18.06
2026-06-11 04:08:12,lht65-02,52.25,5.97326,2.996,8.79,93.0,18.06
2026-06-11 04:18:13,lht65-02,52.25,5.97326,2.996,9.44,92.9,18.0
2026-06-11 04:28:12,lht65-02,52.25,5.97326,2.996,10.01,92.5,17.93
2026-06-11 04:38:12,lht65-02,52.25,5.97326,2.994,10.62,92.2,17.87
2026-06-11 04:48:13,lht65-02,52.25,5.97326,2.996,11.24,92.5,17.81
2026-06-11 04:58:12,lht65-02,52.25,5.97326,2.996,12.07,93.2,17.81
2026-06-11 05:08:12,lht65-02,52.25,5.97326,2.996,13.0,93.4,17.75
2026-06-11 05:18:12,lht65-02,52.25,5.97326,2.996,14.3,92.9,17.75
2026-06-11 05:28:12,lht65-02,52.25,5.97326,2.998,15.34,90.4,17.75
2026-06-11 05:38:12,lht65-02,52.25,5.97326,3.0,16.56,86.8,17.75
2026-06-11 05:48:12,lht65-02,52.25,5.97326,3.001,17.64,84.6,17.81
2026-06-11 05:58:12,lht65-02,52.25,5.97326,2.996,18.65,82.4,17.81
2026-06-11 06:08:12,lht65-02,52.25,5.97326,2.994,19.76,80.6,17.87
2026-06-11 06:18:12,lht65-02,52.25,5.97326,2.98,20.82,79.0,17.93
2026-06-11 06:28:12,lht65-02,52.25,5.97326,2.973,21.96,76.7,18.0
2026-06-11 06:38:12,lht65-02,52.25,5.97326,2.962,23.15,75.3,18.06
2026-06-11 06:48:12,lht65-02,52.25,5.97326,2.8,24.36,73.7,18.18
2026-06-11 06:58:12,lht65-02,52.25,5.97326,2.996,25.49,72.1,18.31
2026-06-11 07:08:12,lht65-02,52.25,5.97326,2.973,26.53,71.2,18.43
2026-06-11 07:18:12,lht65-02,52.25,5.97326,2.962,27.45,71.8,18.56
2026-06-11 07:28:12,lht65-02,52.25,5.97326,3.014,28.69,70.3,18.75
2026-06-11 07:38:12,lht65-02,52.25,5.97326,3.007,29.78,69.0,18.87
2026-06-11 07:48:12,lht65-02,52.25,5.97326,3.0,30.37,65.4,19.12
2026-06-11 07:58:12,lht65-02,52.25,5.97326,3.001,29.75,59.0,19.25
2026-06-11 08:08:12,lht65-02,52.25,5.97326,2.955,30.69,60.0,19.43
2026-06-11 08:18:12,lht65-02,52.25,5.97326,2.983,30.67,54.9,19.62
2026-06-11 08:28:12,lht65-02,52.25,5.97326,2.991,30.22,53.7,19.81
2026-06-11 08:38:12,lht65-02,52.25,5.97326,2.991,29.04,56.0,20.0
2026-06-11 08:48:12,lht65-02,52.25,5.97326,2.991,28.48,58.0,20.18
2026-06-11 08:58:12,lht65-02,52.25,5.97326,2.991,29.74,58.8,20.31
2026-06-11 09:08:12,lht65-02,52.25,5.97326,2.851,32.01,57.0,20.43
2026-06-11 09:18:12,lht65-02,52.25,5.97326,2.976,31.19,52.4,20.62
2026-06-11 09:28:12,lht65-02,52.25,5.97326,2.975,31.51,54.3,20.81
2026-06-11 09:38:12,lht65-02,52.25,5.97326,2.968,30.31,52.2,21.0
2026-06-11 09:48:12,lht65-02,52.25,5.97326,2.982,25.97,49.7,21.18
2026-06-11 09:58:12,lht65-02,52.25,5.97326,2.948,22.94,62.7,21.31
2026-06-11 10:08:12,lht65-02,52.25,5.97326,2.98,22.21,70.9,21.43
2026-06-11 10:18:12,lht65-02,52.25,5.97326,2.991,24.36,78.0,21.43
2026-06-11 10:28:12,lht65-02,52.25,5.97326,2.962,27.45,78.8,21.43
2026-06-11 10:38:12,lht65-02,52.25,5.97326,2.912,30.98,62.3,21.5
2026-06-11 10:48:12,lht65-02,52.25,5.97326,2.971,30.92,46.7,21.62
2026-06-11 10:58:12,lht65-02,52.25,5.97326,2.962,31.05,45.4,21.81
2026-06-11 11:08:12,lht65-02,52.25,5.97326,2.948,30.59,48.9,22.0
2026-06-11 11:18:12,lht65-02,52.25,5.97326,3.005,33.07,54.1,22.18
2026-06-11 11:28:12,lht65-02,52.25,5.97326,3.014,33.35,38.9,22.43
2026-06-11 11:38:12,lht65-02,52.25,5.97326,3.014,31.52,40.5,22.62
2026-06-11 11:48:12,lht65-02,52.25,5.97326,3.016,30.35,42.8,22.87
2026-06-11 11:58:12,lht65-02,52.25,5.97326,3.014,30.35,48.8,23.06
2026-06-11 12:08:11,lht65-02,52.25,5.97326,3.016,31.51,49.0,23.25
2026-06-11 12:18:11,lht65-02,52.25,5.97326,3.016,32.65,47.2,23.37
2026-06-11 12:28:12,lht65-02,52.25,5.97326,3.016,32.54,37.2,23.5
2026-06-11 12:38:12,lht65-02,52.25,5.97326,3.016,32.09,43.9,23.62
2026-06-11 12:48:12,lht65-02,52.25,5.97326,3.016,31.57,41.6,23.75
2026-06-11 12:58:11,lht65-02,52.25,5.97326,3.016,31.31,42.6,23.81
2026-06-11 13:08:11,lht65-02,52.25,5.97326,3.016,31.32,45.9,23.93
2026-06-11 13:18:11,lht65-02,52.25,5.97326,3.016,30.98,43.0,24.0
2026-06-11 13:28:12,lht65-02,52.25,5.97326,3.016,30.29,44.9,24.06
2026-06-11 13:38:11,lht65-02,52.25,5.97326,3.014,30.18,48.3,24.12
2026-06-11 13:48:11,lht65-02,52.25,5.97326,3.016,30.55,49.6,24.18
2026-06-11 13:58:11,lht65-02,52.25,5.97326,3.016,31.14,49.3,24.18
2026-06-11 14:08:11,lht65-02,52.25,5.97326,3.016,32.07,49.2,24.25
2026-06-11 14:18:11,lht65-02,52.25,5.97326,3.014,31.48,45.5,24.31
2026-06-11 14:28:11,lht65-02,52.25,5.97326,3.016,30.62,47.3,24.37
2026-06-11 14:38:12,lht65-02,52.25,5.97326,3.016,29.34,45.4,24.43
2026-06-11 14:48:11,lht65-02,52.25,5.97326,3.016,28.08,51.0,24.43
2026-06-11 14:58:13,lht65-02,52.25,5.97326,3.016,26.79,51.2,24.43
2026-06-11 15:08:11,lht65-02,52.25,5.97326,3.014,25.64,52.2,24.43
2026-06-11 15:18:11,lht65-02,52.25,5.97326,3.01,25.32,62.0,24.43
2026-06-11 15:28:11,lht65-02,52.25,5.97326,3.009,24.93,64.8,24.37
2026-06-11 15:38:11,lht65-02,52.25,5.97326,3.005,24.66,69.1,24.37
2026-06-11 15:48:11,lht65-02,52.25,5.97326,3.001,24.4,70.9,24.31
2026-06-11 15:58:11,lht65-02,52.25,5.97326,2.987,23.9,70.7,24.25
2026-06-11 16:08:11,lht65-02,52.25,5.97326,2.976,23.33,70.3,24.18
2026-06-11 16:18:11,lht65-02,52.25,5.97326,2.952,22.74,70.9,24.12
2026-06-11 16:28:11,lht65-02,52.25,5.97326,2.973,22.25,72.4,24.06
2026-06-11 16:38:11,lht65-02,52.25,5.97326,2.991,21.94,73.7,24.0
2026-06-11 16:48:11,lht65-02,52.25,5.97326,2.996,21.41,74.4,23.87
2026-06-11 16:58:11,lht65-02,52.25,5.97326,2.912,20.66,74.9,23.81
2026-06-11 17:08:11,lht65-02,52.25,5.97326,2.991,20.06,76.2,23.75
2026-06-11 17:18:11,lht65-02,52.25,5.97326,3.009,19.84,77.4,23.68
2026-06-11 17:28:11,lht65-02,52.25,5.97326,2.921,19.6,77.7,23.56
2026-06-11 17:38:11,lht65-02,52.25,5.97326,3.009,19.46,78.6,23.5
2026-06-11 17:48:11,lht65-02,52.25,5.97326,3.009,19.47,79.1,23.43
2026-06-11 17:58:11,lht65-02,52.25,5.97326,3.009,19.48,79.2,23.37
2026-06-11 18:08:11,lht65-02,52.25,5.97326,3.01,19.4,79.2,23.31
2026-06-11 18:18:11,lht65-02,52.25,5.97326,2.998,19.08,79.5,23.18
2026-06-11 18:28:11,lht65-02,52.25,5.97326,2.994,18.66,79.6,23.12
2026-06-11 18:38:11,lht65-02,52.25,5.97326,2.987,18.15,80.2,23.0
2026-06-11 18:48:11,lht65-02,52.25,5.97326,2.969,17.64,81.2,22.93
2026-06-11 18:58:11,lht65-02,52.25,5.97326,2.994,17.09,82.3,22.87
2026-06-11 19:08:11,lht65-02,52.25,5.97326,3.001,16.76,83.4,22.75
2026-06-11 19:18:11,lht65-02,52.25,5.97326,3.009,16.39,84.6,22.68
2026-06-11 19:28:11,lht65-02,52.25,5.97326,3.012,16.11,85.1,22.56
2026-06-11 19:38:11,lht65-02,52.25,5.97326,3.016,15.83,85.8,22.5
2026-06-11 19:48:11,lht65-02,52.25,5.97326,3.012,15.59,86.5,22.37
2026-06-11 19:58:12,lht65-02,52.25,5.97326,3.01,15.41,86.9,22.31
2026-06-11 20:08:11,lht65-02,52.25,5.97326,2.994,15.23,87.8,22.18
2026-06-11 20:18:11,lht65-02,52.25,5.97326,3.009,15.09,88.2,22.06
2026-06-11 20:28:10,lht65-02,52.25,5.97326,3.009,14.93,88.5,22.0
2026-06-11 20:38:10,lht65-02,52.25,5.97326,3.0,14.81,89.0,21.93
2026-06-11 20:48:11,lht65-02,52.25,5.97326,3.005,14.71,89.6,21.81
2026-06-11 20:58:10,lht65-02,52.25,5.97326,3.007,14.64,89.9,21.75
2026-06-11 21:08:10,lht65-02,52.25,5.97326,3.009,14.59,90.2,21.62
2026-06-11 21:18:10,lht65-02,52.25,5.97326,3.007,14.56,90.5,21.56
2026-06-11 21:28:11,lht65-02,52.25,5.97326,3.009,14.54,90.8,21.43
2026-06-11 21:38:10,lht65-02,52.25,5.97326,3.007,14.52,91.1,21.37
2026-06-11 21:48:10,lht65-02,52.25,5.97326,3.005,14.49,91.2,21.31
2026-06-11 21:58:10,lht65-02,52.25,5.97326,3.009,14.47,91.2,21.18
2026-06-11 22:08:10,lht65-02,52.25,5.97326,3.007,14.44,91.4,21.12
2026-06-11 22:18:10,lht65-02,52.25,5.97326,3.009,14.41,91.4,21.06
2026-06-11 22:28:10,lht65-02,52.25,5.97326,3.007,14.35,91.5,21.0
2026-06-11 22:38:10,lht65-02,52.25,5.97326,3.007,14.32,91.7,20.93
2026-06-11 22:48:10,lht65-02,52.25,5.97326,3.007,14.32,91.9,20.81
2026-06-11 22:58:10,lht65-02,52.25,5.97326,3.007,14.31,92.0,20.75
2026-06-11 23:08:10,lht65-02,52.25,5.97326,3.005,14.31,92.2,20.68
2026-06-11 23:18:10,lht65-02,52.25,5.97326,3.007,14.31,92.3,20.68
2026-06-11 23:28:10,lht65-02,52.25,5.97326,3.007,14.31,92.6,20.56
2026-06-11 23:38:10,lht65-02,52.25,5.97326,3.005,14.31,92.8,20.56
2026-06-11 23:48:10,lht65-02,52.25,5.97326,3.007,14.32,93.2,20.5
2026-06-11 23:58:10,lht65-02,52.25,5.97326,3.009,14.32,93.3,20.37
2026-06-12 00:08:11,lht65-02,52.25,5.97326,3.005,14.32,93.5,20.37
2026-06-12 00:18:10,lht65-02,52.25,5.97326,3.009,14.37,93.7,20.31
2026-06-12 00:28:10,lht65-02,52.25,5.97326,3.005,14.41,93.9,20.25
2026-06-12 00:38:10,lht65-02,52.25,5.97326,3.009,14.45,94.2,20.18
2026-06-12 00:58:10,lht65-02,52.25,5.97326,3.005,14.56,94.9,20.06
2026-06-12 01:08:10,lht65-02,52.25,5.97326,3.005,14.6,95.4,20.06
2026-06-12 01:18:10,lht65-02,52.25,5.97326,3.007,14.65,95.7,20.0
2026-06-12 01:28:10,lht65-02,52.25,5.97326,3.007,14.67,96.1,19.93
2026-06-12 01:38:10,lht65-02,52.25,5.97326,3.007,14.74,96.4,19.87
2026-06-12 01:48:10,lht65-02,52.25,5.97326,3.005,14.81,96.8,19.87
2026-06-12 01:58:10,lht65-02,52.25,5.97326,3.005,14.88,97.2,19.81
2026-06-12 02:08:10,lht65-02,52.25,5.97326,3.007,14.95,97.7,19.81
2026-06-12 02:18:10,lht65-02,52.25,5.97326,3.009,15.03,98.3,19.75
2026-06-12 02:28:10,lht65-02,52.25,5.97326,3.007,15.1,98.8,19.68
2026-06-12 02:38:10,lht65-02,52.25,5.97326,3.005,15.17,99.2,19.68
2026-06-12 02:48:10,lht65-02,52.25,5.97326,3.009,15.23,99.7,19.62
2026-06-12 02:58:10,lht65-02,52.25,5.97326,3.007,15.31,100.0,19.62
2026-06-12 03:08:10,lht65-02,52.25,5.97326,3.007,15.39,100.0,19.56
2026-06-12 03:18:10,lht65-02,52.25,5.97326,3.009,15.45,100.0,19.56
2026-06-12 03:28:10,lht65-02,52.25,5.97326,3.007,15.53,100.0,19.56
2026-06-12 03:38:10,lht65-02,52.25,5.97326,3.005,15.62,100.0,19.5
2026-06-12 03:48:10,lht65-02,52.25,5.97326,3.007,15.69,100.0,19.5
2026-06-12 03:58:10,lht65-02,52.25,5.97326,3.009,15.83,100.0,19.43
2026-06-12 04:08:10,lht65-02,52.25,5.97326,3.009,16.0,100.0,19.43
2026-06-12 04:18:10,lht65-02,52.25,5.97326,3.005,16.22,100.0,19.43
2026-06-12 04:28:10,lht65-02,52.25,5.97326,3.005,16.4,100.0,19.43
2026-06-12 04:38:10,lht65-02,52.25,5.97326,3.009,16.61,100.0,19.37
2026-06-12 04:48:10,lht65-02,52.25,5.97326,3.005,16.77,100.0,19.37
2026-06-12 04:58:10,lht65-02,52.25,5.97326,3.009,16.85,100.0,19.37
2026-06-12 05:08:10,lht65-02,52.25,5.97326,3.007,16.93,100.0,19.37
2026-06-12 05:18:10,lht65-02,52.25,5.97326,3.009,17.09,100.0,19.37
2026-06-12 05:28:10,lht65-02,52.25,5.97326,3.009,17.22,100.0,19.37
2026-06-12 05:38:10,lht65-02,52.25,5.97326,3.007,17.4,100.0,19.37
2026-06-12 05:48:10,lht65-02,52.25,5.97326,3.005,17.64,100.0,19.37
2026-06-12 05:58:10,lht65-02,52.25,5.97326,3.007,17.82,100.0,19.31
2026-06-12 06:08:10,lht65-02,52.25,5.97326,3.007,18.0,100.0,19.37
2026-06-12 06:18:10,lht65-02,52.25,5.97326,3.007,18.21,100.0,19.37
2026-06-12 06:28:10,lht65-02,52.25,5.97326,3.007,18.51,100.0,19.37
2026-06-12 06:38:10,lht65-02,52.25,5.97326,3.007,19.07,99.7,19.37
2026-06-12 06:48:10,lht65-02,52.25,5.97326,3.009,19.8,99.2,19.37
2026-06-12 06:58:10,lht65-02,52.25,5.97326,3.005,20.23,97.2,19.43
2026-06-12 07:08:10,lht65-02,52.25,5.97326,3.007,20.42,94.9,19.43
2026-06-12 07:18:10,lht65-02,52.25,5.97326,3.005,20.95,94.1,19.5
2026-06-12 07:28:09,lht65-02,52.25,5.97326,3.007,21.39,92.3,19.5
2026-06-12 07:38:10,lht65-02,52.25,5.97326,3.007,21.51,90.4,19.56
2026-06-12 07:48:09,lht65-02,52.25,5.97326,3.009,21.38,89.7,19.62
2026-06-12 07:58:10,lht65-02,52.25,5.97326,3.007,21.22,89.9,19.68
2026-06-12 08:08:10,lht65-02,52.25,5.97326,3.005,21.95,90.7,19.68
2026-06-12 08:18:09,lht65-02,52.25,5.97326,3.007,23.37,90.4,19.75
2026-06-12 08:28:10,lht65-02,52.25,5.97326,3.009,24.63,88.4,19.81
2026-06-12 08:38:09,lht65-02,52.25,5.97326,3.0,25.44,86.8,19.87
2026-06-12 08:48:09,lht65-02,52.25,5.97326,3.005,26.26,85.1,19.93
2026-06-12 08:58:10,lht65-02,52.25,5.97326,3.001,26.76,84.5,20.06
2026-06-12 09:08:09,lht65-02,52.25,5.97326,3.003,28.31,84.7,20.18
2026-06-12 09:18:10,lht65-02,52.25,5.97326,3.009,28.84,70.3,20.31
2026-06-12 09:28:09,lht65-02,52.25,5.97326,2.987,30.31,66.4,20.43
2026-06-12 09:38:09,lht65-02,52.25,5.97326,3.009,30.1,61.9,20.56
2026-06-12 09:48:09,lht65-02,52.25,5.97326,3.009,29.26,61.2,20.75
2026-06-12 09:58:10,lht65-02,52.25,5.97326,3.009,29.75,61.5,20.93
2026-06-12 10:08:09,lht65-02,52.25,5.97326,3.009,28.04,61.3,21.06
2026-06-12 10:18:09,lht65-02,52.25,5.97326,3.009,26.72,64.6,21.18
2026-06-12 10:28:09,lht65-02,52.25,5.97326,3.009,27.21,65.1,21.31
2026-06-12 10:38:09,lht65-02,52.25,5.97326,3.009,27.55,67.3,21.37
2026-06-12 10:48:09,lht65-02,52.25,5.97326,3.009,29.08,62.1,21.5
2026-06-12 10:58:09,lht65-02,52.25,5.97326,3.009,29.6,58.6,21.56
2026-06-12 11:08:09,lht65-02,52.25,5.97326,3.009,28.75,57.8,21.68
2026-06-12 11:18:09,lht65-02,52.25,5.97326,3.009,27.78,58.8,21.75
2026-06-12 11:28:09,lht65-02,52.25,5.97326,3.009,27.52,63.5,21.87
2026-06-12 11:38:09,lht65-02,52.25,5.97326,3.009,28.03,59.6,21.93
2026-06-12 11:48:09,lht65-02,52.25,5.97326,3.009,27.8,57.6,22.0
2026-06-12 11:58:09,lht65-02,52.25,5.97326,3.01,27.74,57.5,22.06
2026-06-12 12:08:09,lht65-02,52.25,5.97326,3.009,28.57,60.6,22.18
2026-06-12 12:18:09,lht65-02,52.25,5.97326,3.009,28.94,57.2,22.25
2026-06-12 12:28:09,lht65-02,52.25,5.97326,3.007,29.81,56.2,22.31
2026-06-12 12:38:09,lht65-02,52.25,5.97326,2.917,32.21,59.5,22.37
2026-06-12 12:48:09,lht65-02,52.25,5.97326,2.992,31.32,48.9,22.5
2026-06-12 12:58:09,lht65-02,52.25,5.97326,2.998,31.07,53.4,22.62
2026-06-12 13:08:09,lht65-02,52.25,5.97326,2.763,33.57,52.8,22.68
2026-06-12 13:18:09,lht65-02,52.25,5.97326,3.012,31.23,42.4,22.87
2026-06-12 13:28:09,lht65-02,52.25,5.97326,3.012,28.38,45.9,23.0
2026-06-12 13:38:09,lht65-02,52.25,5.97326,3.012,27.7,51.6,23.12
2026-06-12 13:48:09,lht65-02,52.25,5.97326,3.012,28.2,56.0,23.18
2026-06-12 13:58:09,lht65-02,52.25,5.97326,3.012,28.71,54.0,23.31
2026-06-12 14:08:09,lht65-02,52.25,5.97326,3.012,29.08,52.3,23.37
2026-06-12 14:18:09,lht65-02,52.25,5.97326,3.012,29.55,54.0,23.43
2026-06-12 14:28:09,lht65-02,52.25,5.97326,3.012,29.7,52.1,23.5
2026-06-12 14:38:09,lht65-02,52.25,5.97326,3.012,29.0,51.4,23.5
2026-06-12 14:48:09,lht65-02,52.25,5.97326,3.012,29.81,54.4,23.56
2026-06-12 14:58:09,lht65-02,52.25,5.97326,3.012,29.53,51.6,23.62
2026-06-12 15:08:09,lht65-02,52.25,5.97326,3.012,28.77,53.2,23.62
2026-06-12 15:18:09,lht65-02,52.25,5.97326,3.014,28.08,57.2,23.68
2026-06-12 15:28:09,lht65-02,52.25,5.97326,3.012,27.77,57.1,23.68
2026-06-12 15:38:09,lht65-02,52.25,5.97326,3.01,27.02,56.1,23.75
2026-06-12 15:48:09,lht65-02,52.25,5.97326,3.012,26.03,57.4,23.75
2026-06-12 15:58:09,lht65-02,52.25,5.97326,3.012,25.74,60.0,23.75
2026-06-12 16:08:09,lht65-02,52.25,5.97326,3.012,26.98,61.1,23.68
2026-06-12 16:18:09,lht65-02,52.25,5.97326,3.014,28.29,58.4,23.68
2026-06-12 16:28:09,lht65-02,52.25,5.97326,3.012,28.02,57.1,23.68
2026-06-12 16:38:09,lht65-02,52.25,5.97326,3.012,27.11,55.1,23.68
2026-06-12 16:48:09,lht65-02,52.25,5.97326,3.012,26.83,57.7,23.68
2026-06-12 16:58:08,lht65-02,52.25,5.97326,3.014,26.71,58.8,23.68
2026-06-12 17:08:08,lht65-02,52.25,5.97326,3.012,26.26,60.3,23.68
2026-06-12 17:18:09,lht65-02,52.25,5.97326,3.014,25.79,62.9,23.68
2026-06-12 17:28:09,lht65-02,52.25,5.97326,3.009,25.32,60.6,23.62
2026-06-12 17:38:08,lht65-02,52.25,5.97326,3.01,24.28,62.9,23.62
2026-06-12 17:48:08,lht65-02,52.25,5.97326,3.01,23.66,68.1,23.56
2026-06-12 17:58:08,lht65-02,52.25,5.97326,3.01,23.07,72.4,23.56
2026-06-12 18:08:08,lht65-02,52.25,5.97326,3.009,22.31,75.2,23.5
2026-06-12 18:18:08,lht65-02,52.25,5.97326,3.01,21.75,77.8,23.43
2026-06-12 18:28:08,lht65-02,52.25,5.97326,3.014,21.38,80.2,23.37
2026-06-12 18:38:08,lht65-02,52.25,5.97326,3.01,21.12,81.7,23.31
2026-06-12 18:48:09,lht65-02,52.25,5.97326,3.01,21.05,82.6,23.25
2026-06-12 18:58:08,lht65-02,52.25,5.97326,3.012,21.03,82.9,23.18
2026-06-12 19:08:08,lht65-02,52.25,5.97326,3.01,20.85,83.1,23.12
2026-06-12 19:18:08,lht65-02,52.25,5.97326,3.009,20.41,83.6,23.06
2026-06-12 19:28:08,lht65-02,52.25,5.97326,3.005,19.87,84.4,23.0
2026-06-12 19:38:08,lht65-02,52.25,5.97326,3.001,19.65,85.7,22.93
2026-06-12 19:48:08,lht65-02,52.25,5.97326,3.001,19.36,86.7,22.87
2026-06-12 19:58:08,lht65-02,52.25,5.97326,3.001,19.12,87.3,22.75
2026-06-12 20:08:09,lht65-02,52.25,5.97326,3.005,18.88,87.8,22.68
2026-06-12 20:18:08,lht65-02,52.25,5.97326,3.001,18.68,88.2,22.62
2026-06-12 20:28:08,lht65-02,52.25,5.97326,3.005,18.46,88.7,22.56
2026-06-12 20:38:08,lht65-02,52.25,5.97326,3.005,18.33,89.3,22.5
2026-06-12 20:48:08,lht65-02,52.25,5.97326,3.007,18.2,89.9,22.37
2026-06-12 20:58:08,lht65-02,52.25,5.97326,3.007,18.11,90.3,22.31
2026-06-12 21:08:08,lht65-02,52.25,5.97326,3.005,18.0,90.6,22.25
2026-06-12 21:18:08,lht65-02,52.25,5.97326,3.007,17.99,91.1,22.18
2026-06-12 21:28:08,lht65-02,52.25,5.97326,2.991,17.84,90.8,22.12
2026-06-12 21:38:08,lht65-02,52.25,5.97326,3.005,17.71,90.9,22.06
2026-06-12 21:48:08,lht65-02,52.25,5.97326,2.998,17.53,90.6,22.0
2026-06-12 21:58:08,lht65-02,52.25,5.97326,3.005,17.33,90.5,21.93
2026-06-12 22:08:08,lht65-02,52.25,5.97326,2.976,17.22,91.0,21.87
2026-06-12 22:18:08,lht65-02,52.25,5.97326,3.001,17.09,91.5,21.81
2026-06-12 22:28:08,lht65-02,52.25,5.97326,3.005,17.09,92.2,21.75
2026-06-12 22:38:08,lht65-02,52.25,5.97326,3.005,17.09,92.5,21.68
2026-06-12 22:48:08,lht65-02,52.25,5.97326,3.005,17.09,92.9,21.62
2026-06-12 22:58:08,lht65-02,52.25,5.97326,3.005,17.09,93.4,21.56
2026-06-12 23:08:08,lht65-02,52.25,5.97326,3.009,17.09,93.9,21.5
2026-06-12 23:18:08,lht65-02,52.25,5.97326,3.005,17.17,94.5,21.43
2026-06-12 23:28:08,lht65-02,52.25,5.97326,3.005,17.2,94.9,21.37
2026-06-12 23:38:08,lht65-02,52.25,5.97326,3.005,17.2,95.1,21.31
2026-06-12 23:48:08,lht65-02,52.25,5.97326,3.005,17.18,95.2,21.31
2026-06-12 23:58:08,lht65-02,52.25,5.97326,3.005,17.15,95.2,21.18
2026-06-13 00:08:08,lht65-02,52.25,5.97326,3.005,17.09,95.2,21.18
2026-06-13 00:18:08,lht65-02,52.25,5.97326,3.005,17.09,95.1,21.12
2026-06-13 00:28:08,lht65-02,52.25,5.97326,3.007,17.05,95.0,21.06
2026-06-13 00:38:08,lht65-02,52.25,5.97326,3.007,16.96,94.9,21.06
2026-06-13 00:48:08,lht65-02,52.25,5.97326,3.005,16.85,94.8,21.0
2026-06-13 00:58:08,lht65-02,52.25,5.97326,2.996,16.73,94.5,20.93
2026-06-13 01:08:08,lht65-02,52.25,5.97326,3.005,16.58,94.4,20.87
2026-06-13 01:18:08,lht65-02,52.25,5.97326,3.005,16.48,94.5,20.87
2026-06-13 01:28:08,lht65-02,52.25,5.97326,3.009,16.4,94.8,20.81
2026-06-13 01:38:08,lht65-02,52.25,5.97326,3.009,16.35,95.1,20.75
2026-06-13 01:48:08,lht65-02,52.25,5.97326,3.009,16.32,95.3,20.75
2026-06-13 01:58:08,lht65-02,52.25,5.97326,3.005,16.28,95.5,20.68
2026-06-13 02:08:08,lht65-02,52.25,5.97326,3.007,16.26,95.7,20.62
2026-06-13 02:18:08,lht65-02,52.25,5.97326,3.005,16.25,95.9,20.62
2026-06-13 02:28:08,lht65-02,52.25,5.97326,3.005,16.24,96.2,20.56
2026-06-13 02:38:08,lht65-02,52.25,5.97326,3.007,16.21,96.6,20.5
2026-06-13 02:48:08,lht65-02,52.25,5.97326,2.998,16.04,96.3,20.43
2026-06-13 02:58:08,lht65-02,52.25,5.97326,2.929,15.76,95.3,20.43
2026-06-13 03:08:07,lht65-02,52.25,5.97326,3.005,15.43,93.6,20.37
2026-06-13 03:18:07,lht65-02,52.25,5.97326,3.005,15.13,93.0,20.37
2026-06-13 03:28:07,lht65-02,52.25,5.97326,2.994,14.89,93.4,20.31
2026-06-13 03:38:07,lht65-02,52.25,5.97326,3.005,14.73,94.0,20.25
2026-06-13 03:48:07,lht65-02,52.25,5.97326,3.001,14.71,94.6,20.25
2026-06-13 03:58:07,lht65-02,52.25,5.97326,3.001,14.81,94.9,20.12
2026-06-13 04:08:08,lht65-02,52.25,5.97326,3.003,14.96,95.1,20.12
2026-06-13 04:18:07,lht65-02,52.25,5.97326,3.003,15.15,95.0,20.06
2026-06-13 04:28:07,lht65-02,52.25,5.97326,3.007,15.68,94.6,20.0
2026-06-13 04:38:07,lht65-02,52.25,5.97326,3.005,16.21,93.4,20.0
2026-06-13 04:48:07,lht65-02,52.25,5.97326,3.005,16.87,92.9,19.93
2026-06-13 04:58:07,lht65-02,52.25,5.97326,3.007,17.21,93.0,19.93
2026-06-13 05:08:07,lht65-02,52.25,5.97326,3.007,17.53,91.5,19.93
2026-06-13 05:18:08,lht65-02,52.25,5.97326,3.005,18.22,91.1,19.93
2026-06-13 05:28:07,lht65-02,52.25,5.97326,3.01,19.12,90.5,19.93
2026-06-13 05:38:07,lht65-02,52.25,5.97326,3.009,19.86,88.1,19.93
2026-06-13 05:48:07,lht65-02,52.25,5.97326,3.009,20.76,85.9,19.93
2026-06-13 05:58:07,lht65-02,52.25,5.97326,3.007,21.57,85.7,19.93
2026-06-13 06:08:07,lht65-02,52.25,5.97326,3.009,22.12,84.0,20.0
2026-06-13 06:18:07,lht65-02,52.25,5.97326,3.009,22.83,84.1,20.0
2026-06-13 06:28:07,lht65-02,52.25,5.97326,3.009,23.28,82.6,20.06
2026-06-13 06:38:07,lht65-02,52.25,5.97326,3.012,23.15,82.1,20.12
2026-06-13 06:48:07,lht65-02,52.25,5.97326,3.01,23.84,83.9,20.18
2026-06-13 06:58:07,lht65-02,52.25,5.97326,3.012,24.87,83.1,20.25
2026-06-13 07:08:07,lht65-02,52.25,5.97326,3.012,26.71,80.0,20.31
2026-06-13 07:18:07,lht65-02,52.25,5.97326,3.012,28.33,77.1,20.37
2026-06-13 07:28:07,lht65-02,52.25,5.97326,3.016,29.0,74.4,20.5
2026-06-13 07:38:07,lht65-02,52.25,5.97326,3.016,29.7,75.0,20.62
2026-06-13 07:48:07,lht65-02,52.25,5.97326,3.007,30.83,63.6,20.75
2026-06-13 07:58:07,lht65-02,52.25,5.97326,3.012,29.45,58.6,20.87
2026-06-13 08:08:07,lht65-02,52.25,5.97326,3.016,27.72,60.4,21.06
2026-06-13 08:18:07,lht65-02,52.25,5.97326,3.012,27.47,60.4,21.18
2026-06-13 08:28:07,lht65-02,52.25,5.97326,3.012,28.3,57.7,21.25
2026-06-13 08:38:07,lht65-02,52.25,5.97326,3.012,27.51,57.3,21.37
2026-06-13 08:48:07,lht65-02,52.25,5.97326,3.012,25.86,58.0,21.5
2026-06-13 08:58:07,lht65-02,52.25,5.97326,3.01,25.32,70.0,21.56
2026-06-13 09:08:07,lht65-02,52.25,5.97326,3.012,27.51,73.4,21.62
2026-06-13 09:18:07,lht65-02,52.25,5.97326,2.955,30.68,71.2,21.68
2026-06-13 09:28:07,lht65-02,52.25,5.97326,2.954,31.17,49.4,21.75
2026-06-13 09:38:07,lht65-02,52.25,5.97326,2.987,28.71,53.8,21.87
2026-06-13 09:48:07,lht65-02,52.25,5.97326,2.994,29.21,56.4,22.0
2026-06-13 09:58:07,lht65-02,52.25,5.97326,2.996,30.07,53.6,22.12
2026-06-13 10:08:07,lht65-02,52.25,5.97326,2.996,28.64,48.7,22.25
2026-06-13 10:18:07,lht65-02,52.25,5.97326,2.994,27.3,54.7,22.37
2026-06-13 10:28:07,lht65-02,52.25,5.97326,2.992,26.44,53.9,22.5
2026-06-13 10:38:07,lht65-02,52.25,5.97326,2.992,25.69,53.0,22.56
2026-06-13 10:48:07,lht65-02,52.25,5.97326,2.994,25.73,62.0,22.62
2026-06-13 10:58:07,lht65-02,52.25,5.97326,2.987,26.59,71.8,22.62
2026-06-13 11:08:07,lht65-02,52.25,5.97326,2.982,27.02,70.3,22.68
2026-06-13 11:18:07,lht65-02,52.25,5.97326,2.992,27.96,74.6,22.75
2026-06-13 11:28:07,lht65-02,52.25,5.97326,2.991,28.79,65.7,22.81
2026-06-13 11:38:07,lht65-02,52.25,5.97326,2.991,27.7,55.7,22.87
2026-06-13 11:48:07,lht65-02,52.25,5.97326,2.996,27.06,58.5,22.93
2026-06-13 11:58:07,lht65-02,52.25,5.97326,2.987,26.74,57.2,22.93
2026-06-13 12:08:07,lht65-02,52.25,5.97326,2.994,25.79,54.6,22.93
2026-06-13 12:18:07,lht65-02,52.25,5.97326,2.994,25.32,63.4,23.0
2026-06-13 12:28:07,lht65-02,52.25,5.97326,2.991,26.72,71.8,23.06
2026-06-13 12:38:07,lht65-02,52.25,5.97326,2.994,28.9,70.7,23.06
2026-06-13 12:48:07,lht65-02,52.25,5.97326,2.992,28.7,56.3,23.06
2026-06-13 12:58:07,lht65-02,52.25,5.97326,2.994,28.1,54.7,23.12
2026-06-13 13:08:06,lht65-02,52.25,5.97326,2.994,26.35,51.3,23.18
2026-06-13 13:18:07,lht65-02,52.25,5.97326,3.001,24.3,59.5,23.25
2026-06-13 13:28:07,lht65-02,52.25,5.97326,3.005,23.23,68.0,23.25
2026-06-13 13:38:06,lht65-02,52.25,5.97326,3.009,22.77,72.1,23.25
2026-06-13 13:48:06,lht65-02,52.25,5.97326,3.009,22.59,76.1,23.18
2026-06-13 13:58:07,lht65-02,52.25,5.97326,3.012,22.77,77.0,23.18
2026-06-13 14:08:06,lht65-02,52.25,5.97326,3.012,22.89,77.3,23.12
2026-06-13 14:18:06,lht65-02,52.25,5.97326,3.009,22.49,76.4,23.12
2026-06-13 14:28:06,lht65-02,52.25,5.97326,3.009,21.9,77.5,23.06
2026-06-13 14:38:07,lht65-02,52.25,5.97326,3.003,21.27,77.8,23.06
2026-06-13 14:48:07,lht65-02,52.25,5.97326,3.001,20.49,77.8,23.0
2026-06-13 14:58:07,lht65-02,52.25,5.97326,3.005,20.14,80.4,22.93
2026-06-13 15:08:06,lht65-02,52.25,5.97326,3.007,20.06,82.0,22.87
2026-06-13 15:18:06,lht65-02,52.25,5.97326,3.005,19.93,82.9,22.81
2026-06-13 15:28:06,lht65-02,52.25,5.97326,3.007,19.86,83.2,22.81
2026-06-13 15:38:07,lht65-02,52.25,5.97326,3.005,20.18,83.7,22.68
2026-06-13 15:48:06,lht65-02,52.25,5.97326,3.007,20.63,83.7,22.68
2026-06-13 15:58:06,lht65-02,52.25,5.97326,3.005,20.64,82.3,22.62
2026-06-13 16:08:06,lht65-02,52.25,5.97326,3.005,20.26,81.5,22.56
2026-06-13 16:18:06,lht65-02,52.25,5.97326,3.005,19.86,82.3,22.56
2026-06-13 16:28:06,lht65-02,52.25,5.97326,3.005,19.84,82.8,22.5
2026-06-13 16:38:06,lht65-02,52.25,5.97326,3.005,19.86,83.6,22.43
2026-06-13 16:48:06,lht65-02,52.25,5.97326,3.005,20.28,83.4,22.43
2026-06-13 16:58:06,lht65-02,52.25,5.97326,3.005,20.29,83.2,22.37
2026-06-13 17:08:06,lht65-02,52.25,5.97326,3.005,19.91,83.3,22.31
2026-06-13 17:18:06,lht65-02,52.25,5.97326,2.992,19.62,83.9,22.31
2026-06-13 17:28:06,lht65-02,52.25,5.97326,3.005,19.19,83.9,22.25
2026-06-13 17:38:06,lht65-02,52.25,5.97326,3.007,18.86,84.4,22.18
2026-06-13 17:48:06,lht65-02,52.25,5.97326,3.005,18.71,85.1,22.18
2026-06-13 17:58:06,lht65-02,52.25,5.97326,3.005,18.68,85.3,22.12
2026-06-13 18:08:06,lht65-02,52.25,5.97326,3.009,18.83,85.5,22.06
2026-06-13 18:18:06,lht65-02,52.25,5.97326,3.007,18.86,84.7,22.0
2026-06-13 18:28:06,lht65-02,52.25,5.97326,3.007,18.7,84.8,21.93
2026-06-13 18:38:06,lht65-02,52.25,5.97326,3.005,18.45,85.0,21.93
2026-06-13 18:48:06,lht65-02,52.25,5.97326,3.001,18.06,85.6,21.87
2026-06-13 18:58:06,lht65-02,52.25,5.97326,3.001,17.69,85.5,21.81
2026-06-13 19:08:06,lht65-02,52.25,5.97326,3.0,17.38,85.4,21.75
2026-06-13 19:18:06,lht65-02,52.25,5.97326,2.983,17.08,85.7,21.68
2026-06-13 19:28:06,lht65-02,52.25,5.97326,2.998,16.68,86.3,21.62
2026-06-13 19:38:06,lht65-02,52.25,5.97326,2.994,16.34,87.2,21.62
2026-06-13 19:48:06,lht65-02,52.25,5.97326,2.994,16.07,87.9,21.56
2026-06-13 19:58:06,lht65-02,52.25,5.97326,2.994,15.83,88.7,21.43
2026-06-13 20:08:06,lht65-02,52.25,5.97326,2.991,15.68,89.1,21.37
2026-06-13 20:18:06,lht65-02,52.25,5.97326,3.005,15.45,89.3,21.31
2026-06-13 20:28:06,lht65-02,52.25,5.97326,2.983,15.26,89.5,21.25
2026-06-13 20:38:06,lht65-02,52.25,5.97326,3.007,15.1,89.8,21.18
2026-06-13 20:48:06,lht65-02,52.25,5.97326,3.007,14.98,90.0,21.12
2026-06-13 20:58:06,lht65-02,52.25,5.97326,3.005,14.87,90.6,21.06
2026-06-13 21:08:06,lht65-02,52.25,5.97326,2.987,14.78,91.0,21.0
2026-06-13 21:18:06,lht65-02,52.25,5.97326,3.009,14.74,91.5,20.93
2026-06-13 21:28:06,lht65-02,52.25,5.97326,3.009,14.71,91.8,20.87
2026-06-13 21:38:06,lht65-02,52.25,5.97326,3.009,14.69,92.2,20.81
2026-06-13 21:48:06,lht65-02,52.25,5.97326,3.009,14.66,92.4,20.75
2026-06-13 21:58:06,lht65-02,52.25,5.97326,3.01,14.65,92.6,20.68
2026-06-13 22:08:06,lht65-02,52.25,5.97326,3.009,14.62,92.7,20.62
2026-06-13 22:18:06,lht65-02,52.25,5.97326,3.007,14.6,92.9,20.56
2026-06-13 22:28:06,lht65-02,52.25,5.97326,3.009,14.58,93.1,20.5
2026-06-13 22:38:06,lht65-02,52.25,5.97326,3.009,14.5,93.1,20.43
2026-06-13 22:48:06,lht65-02,52.25,5.97326,3.007,14.31,92.0,20.43
2026-06-13 22:58:05,lht65-02,52.25,5.97326,2.982,14.07,91.2,20.37
2026-06-13 23:08:06,lht65-02,52.25,5.97326,3.005,13.9,91.8,20.31
2026-06-13 23:18:06,lht65-02,52.25,5.97326,3.005,13.78,92.1,20.25
2026-06-13 23:28:05,lht65-02,52.25,5.97326,3.003,13.62,91.9,20.18
2026-06-13 23:38:05,lht65-02,52.25,5.97326,2.968,13.39,91.6,20.12
2026-06-13 23:48:05,lht65-02,52.25,5.97326,3.009,13.21,91.4,20.06
2026-06-13 23:58:06,lht65-02,52.25,5.97326,3.005,13.01,91.6,20.0
2026-06-14 00:08:05,lht65-02,52.25,5.97326,3.003,12.92,92.0,19.93
2026-06-14 00:18:05,lht65-02,52.25,5.97326,3.005,12.84,92.5,19.87
2026-06-14 00:28:05,lht65-02,52.25,5.97326,3.007,12.84,93.1,19.81
2026-06-14 00:38:05,lht65-02,52.25,5.97326,3.007,12.87,93.5,19.81
2026-06-14 00:48:06,lht65-02,52.25,5.97326,3.005,12.92,94.2,19.68
2026-06-14 00:58:05,lht65-02,52.25,5.97326,3.005,13.06,95.2,19.68
2026-06-14 01:08:05,lht65-02,52.25,5.97326,3.009,13.21,96.2,19.62
2026-06-14 01:18:06,lht65-02,52.25,5.97326,3.007,13.29,97.3,19.56
2026-06-14 01:28:05,lht65-02,52.25,5.97326,3.007,13.34,98.2,19.5
2026-06-14 01:38:05,lht65-02,52.25,5.97326,3.005,13.39,98.8,19.43
2026-06-14 01:48:05,lht65-02,52.25,5.97326,3.005,13.44,99.1,19.43
2026-06-14 01:58:05,lht65-02,52.25,5.97326,3.007,13.47,99.3,19.43
2026-06-14 02:08:05,lht65-02,52.25,5.97326,3.007,13.53,99.4,19.37
2026-06-14 02:18:05,lht65-02,52.25,5.97326,3.009,13.53,99.4,19.31
2026-06-14 02:28:05,lht65-02,52.25,5.97326,3.009,13.51,99.3,19.31
2026-06-14 02:38:05,lht65-02,52.25,5.97326,3.007,13.46,99.2,19.25
2026-06-14 02:48:05,lht65-02,52.25,5.97326,3.005,13.39,99.0,19.18
2026-06-14 02:58:05,lht65-02,52.25,5.97326,3.005,13.29,98.7,19.18
2026-06-14 03:08:05,lht65-02,52.25,5.97326,3.005,13.15,98.2,19.12
2026-06-14 03:18:05,lht65-02,52.25,5.97326,3.007,13.01,97.8,19.12
2026-06-14 03:28:05,lht65-02,52.25,5.97326,3.007,12.94,97.8,19.06
2026-06-14 03:38:05,lht65-02,52.25,5.97326,3.009,12.93,98.1,19.0
2026-06-14 03:48:05,lht65-02,52.25,5.97326,3.007,12.92,97.9,19.0
2026-06-14 03:58:05,lht65-02,52.25,5.97326,3.007,12.82,97.1,18.93
2026-06-14 04:08:05,lht65-02,52.25,5.97326,3.007,13.06,96.6,18.93
2026-06-14 04:18:05,lht65-02,52.25,5.97326,3.007,13.47,96.7,18.87
2026-06-14 04:28:05,lht65-02,52.25,5.97326,3.009,14.56,94.9,18.87
2026-06-14 04:38:05,lht65-02,52.25,5.97326,3.009,15.11,92.3,18.81
2026-06-14 04:48:05,lht65-02,52.25,5.97326,3.007,14.96,91.9,18.81
2026-06-14 04:58:05,lht65-02,52.25,5.97326,3.009,15.18,92.1,18.75
2026-06-14 05:08:05,lht65-02,52.25,5.97326,3.009,15.63,93.1,18.75
2026-06-14 05:18:05,lht65-02,52.25,5.97326,3.009,16.34,94.1,18.75
2026-06-14 05:28:05,lht65-02,52.25,5.97326,3.009,16.92,94.2,18.75
2026-06-14 05:38:05,lht65-02,52.25,5.97326,3.007,17.46,94.0,18.75
2026-06-14 05:48:05,lht65-02,52.25,5.97326,3.009,17.89,92.6,18.81
2026-06-14 05:58:05,lht65-02,52.25,5.97326,3.009,18.35,91.5,18.81
2026-06-14 06:08:05,lht65-02,52.25,5.97326,3.009,19.63,90.5,18.81
2026-06-14 06:18:05,lht65-02,52.25,5.97326,3.009,21.17,86.3,18.87
2026-06-14 06:28:05,lht65-02,52.25,5.97326,3.01,23.1,84.7,18.93
2026-06-14 06:38:05,lht65-02,52.25,5.97326,3.014,24.2,80.4,19.0
2026-06-14 06:48:05,lht65-02,52.25,5.97326,3.014,24.47,77.8,19.06
2026-06-14 06:58:05,lht65-02,52.25,5.97326,3.014,24.5,76.8,19.18
2026-06-14 07:08:05,lht65-02,52.25,5.97326,3.016,24.06,75.8,19.31
2026-06-14 07:18:05,lht65-02,52.25,5.97326,3.014,23.99,78.5,19.37
2026-06-14 07:28:05,lht65-02,52.25,5.97326,3.016,24.91,80.8,19.43
2026-06-14 07:38:05,lht65-02,52.25,5.97326,3.012,26.37,78.2,19.56
2026-06-14 07:48:05,lht65-02,52.25,5.97326,3.009,26.79,75.8,19.62
2026-06-14 07:58:05,lht65-02,52.25,5.97326,3.01,26.62,73.9,19.75
2026-06-14 08:08:05,lht65-02,52.25,5.97326,3.01,25.84,75.4,19.87
2026-06-14 08:18:05,lht65-02,52.25,5.97326,3.012,26.13,77.4,20.0
2026-06-14 08:28:05,lht65-02,52.25,5.97326,3.01,27.22,76.5,20.12
2026-06-14 08:38:05,lht65-02,52.25,5.97326,3.012,27.71,74.7,20.18
2026-06-14 08:48:05,lht65-02,52.25,5.97326,3.012,27.55,75.0,20.31
2026-06-14 08:58:05,lht65-02,52.25,5.97326,3.012,27.05,73.4,20.43
2026-06-14 09:08:05,lht65-02,52.25,5.97326,3.012,25.78,73.5,20.56
2026-06-14 09:18:05,lht65-02,52.25,5.97326,3.012,24.76,75.3,20.62
2026-06-14 09:28:05,lht65-02,52.25,5.97326,3.012,24.66,77.7,20.75
2026-06-14 09:38:05,lht65-02,52.25,5.97326,3.016,24.82,78.6,20.81
2026-06-14 09:48:04,lht65-02,52.25,5.97326,3.012,25.49,78.1,20.87
2026-06-14 09:58:04,lht65-02,52.25,5.97326,3.012,25.89,77.4,20.93
2026-06-14 10:08:04,lht65-02,52.25,5.97326,3.014,25.85,77.0,20.93
2026-06-14 10:18:04,lht65-02,52.25,5.97326,3.012,25.31,76.7,21.06
2026-06-14 10:28:04,lht65-02,52.25,5.97326,3.014,24.23,75.6,21.12
2026-06-14 10:38:04,lht65-02,52.25,5.97326,3.012,22.93,75.3,21.18
2026-06-14 10:48:04,lht65-02,52.25,5.97326,3.012,21.95,77.7,21.25
2026-06-14 10:58:04,lht65-02,52.25,5.97326,3.012,21.3,79.8,21.25
2026-06-14 11:08:04,lht65-02,52.25,5.97326,3.01,21.11,81.6,21.25
2026-06-14 11:18:04,lht65-02,52.25,5.97326,3.01,21.12,81.8,21.25
2026-06-14 11:28:04,lht65-02,52.25,5.97326,3.007,20.91,81.9,21.25
2026-06-14 11:38:04,lht65-02,52.25,5.97326,3.005,20.69,81.7,21.25
2026-06-14 11:48:04,lht65-02,52.25,5.97326,3.009,20.77,81.4,21.18
2026-06-14 11:58:04,lht65-02,52.25,5.97326,3.009,22.19,83.6,21.18
2026-06-14 12:08:04,lht65-02,52.25,5.97326,3.009,25.02,85.9,21.25
2026-06-14 12:18:04,lht65-02,52.25,5.97326,3.01,26.32,80.1,21.25
2026-06-14 12:28:04,lht65-02,52.25,5.97326,3.009,26.49,76.8,21.31
2026-06-14 12:38:04,lht65-02,52.25,5.97326,3.005,27.61,77.1,21.37
2026-06-14 12:48:04,lht65-02,52.25,5.97326,3.005,29.0,69.7,21.43
2026-06-14 12:58:04,lht65-02,52.25,5.97326,2.994,29.46,58.8,21.5
2026-06-14 13:08:04,lht65-02,52.25,5.97326,3.005,29.67,57.8,21.62
2026-06-14 13:18:04,lht65-02,52.25,5.97326,2.859,30.86,54.0,21.75
2026-06-14 13:28:04,lht65-02,52.25,5.97326,3.005,31.01,53.9,21.93
2026-06-14 13:38:04,lht65-02,52.25,5.97326,3.005,30.25,55.2,22.06
2026-06-14 13:48:04,lht65-02,52.25,5.97326,2.874,30.82,56.5,22.18
2026-06-14 13:58:04,lht65-02,52.25,5.97326,2.982,30.74,55.0,22.31
2026-06-14 14:08:04,lht65-02,52.25,5.97326,2.991,31.1,50.5,22.43
2026-06-14 14:18:04,lht65-02,52.25,5.97326,2.994,30.3,51.7,22.62
2026-06-14 14:28:04,lht65-02,52.25,5.97326,2.991,29.1,52.9,22.75
2026-06-14 14:38:04,lht65-02,52.25,5.97326,2.991,27.86,53.8,22.87
2026-06-14 14:48:04,lht65-02,52.25,5.97326,2.992,26.53,55.8,23.0
2026-06-14 14:58:04,lht65-02,52.25,5.97326,2.991,25.32,58.5,23.0
2026-06-14 15:08:04,lht65-02,52.25,5.97326,2.966,26.37,67.4,23.06
2026-06-14 15:18:04,lht65-02,52.25,5.97326,3.003,27.43,68.0,23.12
2026-06-14 15:28:04,lht65-02,52.25,5.97326,3.001,27.15,68.6,23.12
2026-06-14 15:38:04,lht65-02,52.25,5.97326,3.003,27.36,69.8,23.18
2026-06-14 15:48:04,lht65-02,52.25,5.97326,3.001,26.96,69.6,23.18
2026-06-14 15:58:04,lht65-02,52.25,5.97326,3.003,26.63,70.7,23.25
2026-06-14 16:08:04,lht65-02,52.25,5.97326,3.005,25.75,71.0,23.25
2026-06-14 16:18:04,lht65-02,52.25,5.97326,3.001,26.18,75.0,23.25
2026-06-14 16:28:04,lht65-02,52.25,5.97326,3.001,26.84,74.1,23.25
2026-06-14 16:38:04,lht65-02,52.25,5.97326,3.005,26.61,72.0,23.31
2026-06-14 16:48:04,lht65-02,52.25,5.97326,3.001,25.94,72.2,23.31
2026-06-14 16:58:04,lht65-02,52.25,5.97326,3.001,25.38,74.0,23.31
2026-06-14 17:08:04,lht65-02,52.25,5.97326,2.991,25.16,74.7,23.31
2026-06-14 17:18:04,lht65-02,52.25,5.97326,2.996,24.65,75.3,23.31
2026-06-14 17:28:04,lht65-02,52.25,5.97326,2.992,23.97,74.9,23.31
2026-06-14 17:38:04,lht65-02,52.25,5.97326,2.994,23.45,74.8,23.31
2026-06-14 17:48:04,lht65-02,52.25,5.97326,2.996,22.98,75.6,23.25
2026-06-14 17:58:04,lht65-02,52.25,5.97326,2.991,22.3,76.8,23.25
2026-06-14 18:08:04,lht65-02,52.25,5.97326,2.996,21.6,77.2,23.18
2026-06-14 18:18:04,lht65-02,52.25,5.97326,2.998,21.22,78.8,23.12
2026-06-14 18:28:04,lht65-02,52.25,5.97326,3.001,20.8,78.7,23.06
2026-06-14 18:38:04,lht65-02,52.25,5.97326,3.0,20.44,79.7,23.0
2026-06-14 18:48:04,lht65-02,52.25,5.97326,2.998,20.05,78.3,22.93
2026-06-14 18:58:04,lht65-02,52.25,5.97326,2.996,19.39,78.3,22.87
2026-06-14 19:08:04,lht65-02,52.25,5.97326,3.005,18.59,79.2,22.81
2026-06-14 19:18:03,lht65-02,52.25,5.97326,3.009,17.89,81.2,22.75
2026-06-14 19:28:03,lht65-02,52.25,5.97326,3.009,17.33,83.7,22.68
2026-06-14 19:38:04,lht65-02,52.25,5.97326,3.001,16.96,85.2,22.56
2026-06-14 19:48:03,lht65-02,52.25,5.97326,3.005,16.66,86.4,22.5
2026-06-14 19:58:04,lht65-02,52.25,5.97326,3.001,16.43,87.4,22.37
2026-06-14 20:08:03,lht65-02,52.25,5.97326,3.001,16.26,88.1,22.31
2026-06-14 20:18:03,lht65-02,52.25,5.97326,3.003,16.08,88.2,22.18
2026-06-14 20:28:03,lht65-02,52.25,5.97326,3.005,15.89,88.6,22.12
2026-06-14 20:38:03,lht65-02,52.25,5.97326,3.007,15.76,89.3,22.0
2026-06-14 20:48:03,lht65-02,52.25,5.97326,3.005,15.63,89.4,21.93
2026-06-14 20:58:03,lht65-02,52.25,5.97326,3.0,15.5,89.6,21.81
2026-06-14 21:08:03,lht65-02,52.25,5.97326,3.012,15.41,90.1,21.75
2026-06-14 21:18:03,lht65-02,52.25,5.97326,3.009,15.35,90.4,21.68
2026-06-14 21:28:03,lht65-02,52.25,5.97326,3.009,15.29,90.6,21.56
2026-06-14 21:38:03,lht65-02,52.25,5.97326,3.009,15.23,90.9,21.5
2026-06-14 21:48:03,lht65-02,52.25,5.97326,3.01,15.18,91.1,21.43
2026-06-14 21:58:03,lht65-02,52.25,5.97326,3.009,15.1,91.2,21.37
2026-06-14 22:08:03,lht65-02,52.25,5.97326,3.01,15.08,91.5,21.25
2026-06-14 22:18:03,lht65-02,52.25,5.97326,3.009,15.06,91.7,21.18
2026-06-14 22:28:03,lht65-02,52.25,5.97326,3.009,15.02,91.8,21.12
2026-06-14 22:38:03,lht65-02,52.25,5.97326,3.009,14.99,92.0,21.06
2026-06-14 22:48:03,lht65-02,52.25,5.97326,3.009,14.98,92.2,21.0
2026-06-14 22:58:03,lht65-02,52.25,5.97326,3.01,14.94,92.4,20.93
2026-06-14 23:08:03,lht65-02,52.25,5.97326,3.009,14.85,92.2,20.87
2026-06-14 23:18:03,lht65-02,52.25,5.97326,2.983,14.74,92.1,20.81
2026-06-14 23:28:03,lht65-02,52.25,5.97326,3.007,14.64,91.8,20.75
2026-06-14 23:38:03,lht65-02,52.25,5.97326,3.007,14.5,91.7,20.68
2026-06-14 23:48:03,lht65-02,52.25,5.97326,3.005,14.43,92.0,20.62
2026-06-14 23:58:03,lht65-02,52.25,5.97326,3.009,14.41,92.5,20.56
2026-06-15 00:08:03,lht65-02,52.25,5.97326,3.009,14.41,92.9,20.5
2026-06-15 00:18:03,lht65-02,52.25,5.97326,3.007,14.42,93.3,20.43
2026-06-15 00:28:03,lht65-02,52.25,5.97326,3.005,14.45,93.7,20.37
2026-06-15 00:38:03,lht65-02,52.25,5.97326,3.009,14.46,94.1,20.37
2026-06-15 00:48:03,lht65-02,52.25,5.97326,3.005,14.45,94.2,20.31
2026-06-15 00:58:03,lht65-02,52.25,5.97326,3.005,14.42,94.2,20.25
2026-06-15 01:08:03,lht65-02,52.25,5.97326,3.007,14.41,94.3,20.18
2026-06-15 01:18:03,lht65-02,52.25,5.97326,3.005,14.4,94.5,20.12
2026-06-15 01:28:03,lht65-02,52.25,5.97326,3.007,14.39,94.6,20.12
2026-06-15 01:38:03,lht65-02,52.25,5.97326,3.007,14.37,94.7,20.06
2026-06-15 01:48:03,lht65-02,52.25,5.97326,3.007,14.36,94.9,20.0
2026-06-15 01:58:03,lht65-02,52.25,5.97326,3.009,14.31,94.7,19.93
2026-06-15 02:08:03,lht65-02,52.25,5.97326,3.007,14.3,94.6,19.93
2026-06-15 02:18:03,lht65-02,52.25,5.97326,3.005,14.3,94.6,19.87
2026-06-15 02:28:03,lht65-02,52.25,5.97326,3.005,14.3,94.7,19.81
2026-06-15 02:38:03,lht65-02,52.25,5.97326,3.005,14.3,94.9,19.81
2026-06-15 02:48:03,lht65-02,52.25,5.97326,3.005,14.3,95.0,19.75
2026-06-15 02:58:03,lht65-02,52.25,5.97326,3.005,14.3,95.1,19.68
2026-06-15 03:08:03,lht65-02,52.25,5.97326,3.005,14.22,95.2,19.68
2026-06-15 03:18:03,lht65-02,52.25,5.97326,3.005,14.09,95.1,19.62
2026-06-15 03:28:03,lht65-02,52.25,5.97326,2.991,14.0,94.9,19.56
2026-06-15 03:38:03,lht65-02,52.25,5.97326,3.005,13.92,94.6,19.5
2026-06-15 03:48:03,lht65-02,52.25,5.97326,3.005,13.88,94.6,19.5
2026-06-15 03:58:03,lht65-02,52.25,5.97326,3.005,13.91,94.8,19.43
2026-06-15 04:08:03,lht65-02,52.25,5.97326,3.009,14.01,95.0,19.43
2026-06-15 04:18:03,lht65-02,52.25,5.97326,3.005,14.17,95.1,19.37
2026-06-15 04:28:03,lht65-02,52.25,5.97326,3.007,14.3,95.2,19.37
2026-06-15 04:38:03,lht65-02,52.25,5.97326,3.005,14.3,95.2,19.31
2026-06-15 04:48:03,lht65-02,52.25,5.97326,3.005,14.37,95.1,19.31
2026-06-15 04:58:03,lht65-02,52.25,5.97326,3.005,14.81,95.1,19.25
2026-06-15 05:08:03,lht65-02,52.25,5.97326,3.007,15.19,94.9,19.18
2026-06-15 05:18:03,lht65-02,52.25,5.97326,3.007,15.55,94.5,19.18
2026-06-15 05:28:03,lht65-02,52.25,5.97326,3.005,15.88,93.9,19.18
2026-06-15 05:38:03,lht65-02,52.25,5.97326,3.005,16.05,93.0,19.18
2026-06-15 05:48:03,lht65-02,52.25,5.97326,3.005,16.29,92.8,19.18
2026-06-15 05:58:03,lht65-02,52.25,5.97326,3.005,16.58,92.8,19.18
2026-06-15 06:08:03,lht65-02,52.25,5.97326,3.005,16.93,92.6,19.18
2026-06-15 06:18:03,lht65-02,52.25,5.97326,3.007,17.38,92.5,19.18
2026-06-15 06:28:02,lht65-02,52.25,5.97326,3.007,17.79,91.8,19.18
2026-06-15 06:38:02,lht65-02,52.25,5.97326,3.005,18.14,91.3,19.18
2026-06-15 06:48:03,lht65-02,52.25,5.97326,3.007,18.38,90.3,19.25
2026-06-15 06:58:02,lht65-02,52.25,5.97326,3.007,18.59,90.1,19.25
2026-06-15 07:08:03,lht65-02,52.25,5.97326,3.005,18.81,89.5,19.25
2026-06-15 07:18:02,lht65-02,52.25,5.97326,3.005,19.13,89.4,19.31
2026-06-15 07:28:02,lht65-02,52.25,5.97326,3.007,19.61,89.5,19.31
2026-06-15 07:38:03,lht65-02,52.25,5.97326,3.007,19.86,88.5,19.37
2026-06-15 07:48:02,lht65-02,52.25,5.97326,3.007,20.01,88.1,19.43
2026-06-15 07:58:02,lht65-02,52.25,5.97326,3.005,20.19,87.7,19.43
2026-06-15 08:08:02,lht65-02,52.25,5.97326,3.005,20.12,87.2,19.5
2026-06-15 08:18:02,lht65-02,52.25,5.97326,3.005,20.04,87.2,19.56
2026-06-15 08:28:02,lht65-02,52.25,5.97326,3.007,20.02,87.1,19.56
2026-06-15 08:38:02,lht65-02,52.25,5.97326,3.005,20.53,87.8,19.62
2026-06-15 08:48:02,lht65-02,52.25,5.97326,3.009,21.68,88.7,19.62
2026-06-15 08:58:02,lht65-02,52.25,5.97326,3.009,23.21,87.3,19.68
2026-06-15 09:08:02,lht65-02,52.25,5.97326,3.009,24.21,85.3,19.75
2026-06-15 09:18:02,lht65-02,52.25,5.97326,3.009,24.62,83.5,19.81
2026-06-15 09:28:02,lht65-02,52.25,5.97326,3.009,24.65,79.8,19.93
2026-06-15 09:38:02,lht65-02,52.25,5.97326,3.009,24.24,79.6,20.0
2026-06-15 09:48:02,lht65-02,52.25,5.97326,3.01,24.37,81.0,20.12
2026-06-15 09:58:02,lht65-02,52.25,5.97326,3.009,24.83,81.6,20.18
2026-06-15 10:08:02,lht65-02,52.25,5.97326,3.009,25.32,81.7,20.25
2026-06-15 10:18:02,lht65-02,52.25,5.97326,3.01,25.13,80.7,20.37
2026-06-15 10:28:02,lht65-02,52.25,5.97326,3.009,24.28,79.5,20.43
2026-06-15 10:38:02,lht65-02,52.25,5.97326,3.009,23.19,79.2,20.5
2026-06-15 10:48:02,lht65-02,52.25,5.97326,3.01,22.39,80.7,20.56
2026-06-15 10:58:02,lht65-02,52.25,5.97326,3.01,22.2,82.9,20.62
2026-06-15 11:08:02,lht65-02,52.25,5.97326,3.012,22.95,84.5,20.62
2026-06-15 11:18:02,lht65-02,52.25,5.97326,3.01,24.12,84.3,20.68
2026-06-15 11:28:02,lht65-02,52.25,5.97326,3.012,24.68,83.1,20.68
2026-06-15 11:38:02,lht65-02,52.25,5.97326,3.01,25.19,82.2,20.75
2026-06-15 11:48:02,lht65-02,52.25,5.97326,3.01,25.61,81.2,20.81
2026-06-15 11:58:02,lht65-02,52.25,5.97326,3.009,26.19,80.7,20.87
2026-06-15 12:08:02,lht65-02,52.25,5.97326,3.014,26.49,78.7,20.93
2026-06-15 12:18:02,lht65-02,52.25,5.97326,3.012,26.56,79.1,21.06
2026-06-15 12:28:02,lht65-02,52.25,5.97326,3.009,27.04,79.9,21.12
2026-06-15 12:38:02,lht65-02,52.25,5.97326,3.01,26.98,78.9,21.18
2026-06-15 12:48:02,lht65-02,52.25,5.97326,3.01,26.78,79.0,21.31
2026-06-15 12:58:02,lht65-02,52.25,5.97326,3.012,26.54,78.3,21.37
2026-06-15 13:08:02,lht65-02,52.25,5.97326,3.01,26.69,79.3,21.43
2026-06-15 13:18:02,lht65-02,52.25,5.97326,2.996,28.19,81.3,21.5
2026-06-15 13:28:02,lht65-02,52.25,5.97326,2.973,29.97,67.7,21.56
2026-06-15 13:38:02,lht65-02,52.25,5.97326,2.914,30.83,60.2,21.68
2026-06-15 13:48:02,lht65-02,52.25,5.97326,2.985,32.05,60.6,21.81
2026-06-15 13:58:02,lht65-02,52.25,5.97326,3.005,31.56,54.5,22.0
2026-06-15 14:08:02,lht65-02,52.25,5.97326,2.968,32.27,60.5,22.12
2026-06-15 14:18:02,lht65-02,52.25,5.97326,3.016,33.75,40.9,22.25
2026-06-15 14:28:02,lht65-02,52.25,5.97326,3.016,32.53,40.7,22.43
2026-06-15 14:38:02,lht65-02,52.25,5.97326,3.016,30.83,42.4,22.62
2026-06-15 14:48:02,lht65-02,52.25,5.97326,3.016,31.62,50.1,22.81
2026-06-15 14:58:02,lht65-02,52.25,5.97326,3.016,31.9,53.3,23.0
2026-06-15 15:08:02,lht65-02,52.25,5.97326,3.014,30.34,53.7,23.12
2026-06-15 15:18:02,lht65-02,52.25,5.97326,3.016,29.45,56.3,23.25
2026-06-15 15:28:02,lht65-02,52.25,5.97326,3.016,29.73,56.2,23.37
2026-06-15 15:38:02,lht65-02,52.25,5.97326,3.014,30.03,56.9,23.43
2026-06-15 15:48:01,lht65-02,52.25,5.97326,3.016,29.84,58.3,23.5
2026-06-15 15:58:02,lht65-02,52.25,5.97326,3.016,30.66,60.5,23.56
2026-06-15 16:08:02,lht65-02,52.25,5.97326,3.014,31.28,52.2,23.62
2026-06-15 16:18:01,lht65-02,52.25,5.97326,3.018,30.82,51.0,23.68
2026-06-15 16:28:01,lht65-02,52.25,5.97326,3.016,30.02,52.5,23.75
2026-06-15 16:38:01,lht65-02,52.25,5.97326,3.016,28.92,55.4,23.81
2026-06-15 16:48:01,lht65-02,52.25,5.97326,3.016,28.17,59.2,23.87
2026-06-15 16:58:02,lht65-02,52.25,5.97326,3.014,27.49,59.4,23.87
2026-06-15 17:08:01,lht65-02,52.25,5.97326,3.009,26.34,60.3,23.93
2026-06-15 17:18:02,lht65-02,52.25,5.97326,3.001,24.96,64.4,23.93
2026-06-15 17:28:01,lht65-02,52.25,5.97326,2.998,23.84,67.6,23.87
2026-06-15 17:38:01,lht65-02,52.25,5.97326,2.978,22.71,71.3,23.81
2026-06-15 17:48:01,lht65-02,52.25,5.97326,2.976,21.9,74.1,23.75
2026-06-15 17:58:01,lht65-02,52.25,5.97326,2.955,21.5,76.6,23.68
2026-06-15 18:08:01,lht65-02,52.25,5.97326,2.998,21.52,79.0,23.62
2026-06-15 18:18:01,lht65-02,52.25,5.97326,2.945,21.64,79.3,23.56
2026-06-15 18:28:01,lht65-02,52.25,5.97326,2.94,21.58,79.2,23.43
2026-06-15 18:38:01,lht65-02,52.25,5.97326,2.98,21.31,78.6,23.37
2026-06-15 18:48:01,lht65-02,52.25,5.97326,2.982,20.93,79.0,23.31
2026-06-15 18:58:01,lht65-02,52.25,5.97326,3.001,20.48,80.0,23.18
2026-06-15 19:08:01,lht65-02,52.25,5.97326,3.001,19.95,80.9,23.12
2026-06-15 19:18:01,lht65-02,52.25,5.97326,3.001,19.63,81.2,23.06
2026-06-15 19:28:01,lht65-02,52.25,5.97326,2.994,18.92,81.5,23.0
2026-06-15 19:38:01,lht65-02,52.25,5.97326,2.987,18.24,81.7,22.87
2026-06-15 19:48:01,lht65-02,52.25,5.97326,2.943,17.53,82.1,22.81
2026-06-15 19:58:01,lht65-02,52.25,5.97326,2.98,16.78,82.7,22.75
2026-06-15 20:08:01,lht65-02,52.25,5.97326,3.0,16.08,83.7,22.62
2026-06-15 20:18:01,lht65-02,52.25,5.97326,2.983,15.5,84.7,22.5
2026-06-15 20:28:01,lht65-02,52.25,5.97326,2.987,15.02,85.3,22.37
2026-06-15 20:38:01,lht65-02,52.25,5.97326,2.976,14.58,86.1,22.31
2026-06-15 20:48:01,lht65-02,52.25,5.97326,2.973,14.31,86.9,22.18
2026-06-15 20:58:01,lht65-02,52.25,5.97326,3.007,13.98,87.6,22.06
2026-06-15 21:08:01,lht65-02,52.25,5.97326,3.005,13.72,88.1,21.93
2026-06-15 21:18:01,lht65-02,52.25,5.97326,2.996,13.47,88.5,21.87
2026-06-15 21:28:01,lht65-02,52.25,5.97326,2.966,13.23,88.7,21.75
2026-06-15 21:38:01,lht65-02,52.25,5.97326,3.005,13.02,88.9,21.62
2026-06-15 21:48:01,lht65-02,52.25,5.97326,3.001,12.81,89.2,21.56
2026-06-15 21:58:01,lht65-02,52.25,5.97326,3.003,12.63,89.6,21.43
2026-06-15 22:08:01,lht65-02,52.25,5.97326,2.996,12.54,90.2,21.31
2026-06-15 22:18:01,lht65-02,52.25,5.97326,3.001,12.47,90.6,21.25
2026-06-15 22:28:01,lht65-02,52.25,5.97326,2.996,12.45,91.1,21.12
2026-06-15 22:38:01,lht65-02,52.25,5.97326,2.998,12.42,91.4,21.06
2026-06-15 22:48:01,lht65-02,52.25,5.97326,2.996,12.38,91.5,20.93
2026-06-15 22:58:01,lht65-02,52.25,5.97326,2.998,12.37,91.8,20.87
2026-06-15 23:08:01,lht65-02,52.25,5.97326,2.996,12.38,92.2,20.81
2026-06-15 23:18:01,lht65-02,52.25,5.97326,2.996,12.34,92.3,20.68
2026-06-15 23:28:01,lht65-02,52.25,5.97326,2.994,12.28,92.3,20.62
2026-06-15 23:38:01,lht65-02,52.25,5.97326,2.996,12.2,92.1,20.5
2026-06-15 23:48:01,lht65-02,52.25,5.97326,2.994,12.08,91.8,20.43
2026-06-15 23:58:01,lht65-02,52.25,5.97326,2.973,11.93,91.6,20.37
2026-06-16 00:08:01,lht65-02,52.25,5.97326,3.009,11.78,91.4,20.25
2026-06-16 00:18:01,lht65-02,52.25,5.97326,3.009,11.55,91.4,20.18
2026-06-16 00:28:01,lht65-02,52.25,5.97326,3.005,11.47,91.3,20.12
2026-06-16 00:38:01,lht65-02,52.25,5.97326,3.007,11.31,91.5,20.06
2026-06-16 00:48:01,lht65-02,52.25,5.97326,3.007,11.22,91.9,19.93
2026-06-16 00:58:01,lht65-02,52.25,5.97326,2.973,11.19,92.3,19.87
2026-06-16 01:08:01,lht65-02,52.25,5.97326,3.009,11.2,92.7,19.81
2026-06-16 01:18:01,lht65-02,52.25,5.97326,3.007,11.29,93.3,19.75
2026-06-16 01:28:01,lht65-02,52.25,5.97326,3.007,11.44,94.2,19.68
2026-06-16 01:38:01,lht65-02,52.25,5.97326,3.009,11.54,95.0,19.62
2026-06-16 01:48:01,lht65-02,52.25,5.97326,3.007,11.55,95.6,19.56
2026-06-16 01:58:01,lht65-02,52.25,5.97326,3.009,11.67,96.1,19.5
2026-06-16 02:08:01,lht65-02,52.25,5.97326,3.007,11.82,96.8,19.43
2026-06-16 02:18:01,lht65-02,52.25,5.97326,3.009,11.97,97.9,19.37
2026-06-16 02:28:01,lht65-02,52.25,5.97326,3.009,12.11,98.8,19.31
2026-06-16 02:38:01,lht65-02,52.25,5.97326,3.012,12.25,99.6,19.25
2026-06-16 02:48:01,lht65-02,52.25,5.97326,3.009,12.32,100.0,19.25
2026-06-16 02:58:00,lht65-02,52.25,5.97326,3.007,12.41,100.0,19.18
2026-06-16 03:08:01,lht65-02,52.25,5.97326,3.007,12.49,100.0,19.12
2026-06-16 03:18:00,lht65-02,52.25,5.97326,3.007,12.64,100.0,19.06
2026-06-16 03:28:00,lht65-02,52.25,5.97326,3.007,12.79,100.0,19.06
2026-06-16 03:38:00,lht65-02,52.25,5.97326,3.009,12.92,100.0,19.0
2026-06-16 03:48:00,lht65-02,52.25,5.97326,3.009,13.0,100.0,19.0
2026-06-16 03:58:01,lht65-02,52.25,5.97326,3.009,13.14,100.0,18.93
2026-06-16 04:08:01,lht65-02,52.25,5.97326,3.009,13.31,100.0,18.93
2026-06-16 04:18:00,lht65-02,52.25,5.97326,3.007,13.54,100.0,18.87
2026-06-16 04:28:00,lht65-02,52.25,5.97326,3.007,13.73,100.0,18.87
2026-06-16 04:48:01,lht65-02,52.25,5.97326,3.009,14.3,100.0,18.81
2026-06-16 04:58:01,lht65-02,52.25,5.97326,3.009,14.48,100.0,18.81
2026-06-16 05:08:01,lht65-02,52.25,5.97326,3.009,14.83,100.0,18.75
2026-06-16 05:18:00,lht65-02,52.25,5.97326,3.009,15.23,100.0,18.81
2026-06-16 05:28:00,lht65-02,52.25,5.97326,3.009,15.65,98.9,18.75
2026-06-16 05:38:00,lht65-02,52.25,5.97326,3.01,16.21,97.5,18.75
2026-06-16 05:48:00,lht65-02,52.25,5.97326,3.009,16.94,96.4,18.81
2026-06-16 05:58:00,lht65-02,52.25,5.97326,3.009,17.59,94.7,18.75
2026-06-16 06:08:00,lht65-02,52.25,5.97326,3.009,18.21,93.1,18.81
2026-06-16 06:18:00,lht65-02,52.25,5.97326,3.012,18.64,91.8,18.81
2026-06-16 06:28:00,lht65-02,52.25,5.97326,3.01,19.15,89.5,18.87
2026-06-16 06:38:00,lht65-02,52.25,5.97326,3.01,19.61,86.1,18.93
2026-06-16 06:48:00,lht65-02,52.25,5.97326,3.009,20.02,84.4,18.93
2026-06-16 06:58:00,lht65-02,52.25,5.97326,3.005,20.77,83.0,19.0
2026-06-16 07:08:00,lht65-02,52.25,5.97326,2.994,22.67,81.8,19.06
2026-06-16 07:18:00,lht65-02,52.25,5.97326,2.998,24.42,77.0,19.12
2026-06-16 07:28:00,lht65-02,52.25,5.97326,2.998,25.32,73.9,19.18
2026-06-16 07:38:00,lht65-02,52.25,5.97326,2.991,25.98,73.1,19.31
2026-06-16 07:48:00,lht65-02,52.25,5.97326,3.005,27.53,70.6,19.43
2026-06-16 07:58:00,lht65-02,52.25,5.97326,3.016,28.9,68.3,19.56
2026-06-16 08:08:00,lht65-02,52.25,5.97326,2.936,30.63,66.5,19.62
2026-06-16 08:18:00,lht65-02,52.25,5.97326,2.991,30.83,51.7,19.81
2026-06-16 08:28:00,lht65-02,52.25,5.97326,2.992,29.0,54.0,20.0
2026-06-16 08:38:00,lht65-02,52.25,5.97326,2.992,29.1,55.7,20.18
2026-06-16 08:48:00,lht65-02,52.25,5.97326,2.992,29.93,54.6,20.37
2026-06-16 08:58:00,lht65-02,52.25,5.97326,2.994,30.66,51.4,20.5
2026-06-16 09:08:00,lht65-02,52.25,5.97326,2.991,31.05,52.0,20.68
2026-06-16 09:18:00,lht65-02,52.25,5.97326,2.952,31.8,49.6,20.81
2026-06-16 09:28:00,lht65-02,52.25,5.97326,2.964,31.6,51.3,21.0
2026-06-16 09:38:00,lht65-02,52.25,5.97326,2.973,32.04,44.7,21.18
2026-06-16 09:48:00,lht65-02,52.25,5.97326,2.991,31.4,45.1,21.43
2026-06-16 09:58:00,lht65-02,52.25,5.97326,2.991,30.71,48.3,21.62
2026-06-16 10:08:00,lht65-02,52.25,5.97326,2.973,30.48,46.4,21.81
2026-06-16 10:28:00,lht65-02,52.25,5.97326,2.976,30.83,47.9,22.31
2026-06-16 10:38:00,lht65-02,52.25,5.97326,2.947,31.74,49.1,22.5
2026-06-16 10:48:00,lht65-02,52.25,5.97326,2.987,33.66,47.6,22.68
2026-06-16 10:58:00,lht65-02,52.25,5.97326,2.998,32.3,39.6,22.87
2026-06-16 11:08:00,lht65-02,52.25,5.97326,3.01,30.32,48.6,23.06
2026-06-16 11:18:00,lht65-02,52.25,5.97326,3.009,29.71,45.4,23.31
2026-06-16 11:28:00,lht65-02,52.25,5.97326,3.009,31.97,50.2,23.5
2026-06-16 11:38:00,lht65-02,52.25,5.97326,3.005,32.97,43.4,23.68
2026-06-16 11:48:00,lht65-02,52.25,5.97326,3.007,31.32,44.5,23.87
2026-06-16 11:58:00,lht65-02,52.25,5.97326,3.005,29.21,47.0,24.06
2026-06-16 12:08:00,lht65-02,52.25,5.97326,3.005,29.53,57.1,24.18
2026-06-16 12:18:00,lht65-02,52.25,5.97326,3.005,32.89,49.1,24.31
2026-06-16 12:28:00,lht65-02,52.25,5.97326,3.007,32.04,40.9,24.43
2026-06-16 12:38:00,lht65-02,52.25,5.97326,3.007,30.82,44.5,24.56
2026-06-16 12:48:00,lht65-02,52.25,5.97326,3.009,29.19,48.5,24.68
2026-06-16 12:58:00,lht65-02,52.25,5.97326,3.007,30.83,53.0,24.81
2026-06-16 13:08:00,lht65-02,52.25,5.97326,3.009,32.98,40.3,24.93
2026-06-16 13:18:00,lht65-02,52.25,5.97326,3.009,30.6,46.3,25.06
2026-06-16 13:28:00,lht65-02,52.25,5.97326,3.009,31.44,46.0,25.12
2026-06-16 13:37:59,lht65-02,52.25,5.97326,3.012,32.63,48.1,25.25
2026-06-16 13:48:00,lht65-02,52.25,5.97326,3.009,32.6,41.2,25.37
2026-06-16 13:58:00,lht65-02,52.25,5.97326,3.009,29.09,48.6,25.5
2026-06-16 14:07:59,lht65-02,52.25,5.97326,3.005,27.35,53.0,25.62
2026-06-16 14:18:00,lht65-02,52.25,5.97326,3.005,27.5,59.1,25.68
2026-06-16 14:27:59,lht65-02,52.25,5.97326,3.005,30.34,54.5,25.68
2026-06-16 14:38:00,lht65-02,52.25,5.97326,3.005,32.44,49.1,25.68
2026-06-16 14:47:59,lht65-02,52.25,5.97326,3.003,31.94,43.6,25.68
2026-06-16 14:57:59,lht65-02,52.25,5.97326,3.005,31.06,48.4,25.75
2026-06-16 15:07:59,lht65-02,52.25,5.97326,3.007,31.02,45.1,25.81
2026-06-16 15:17:59,lht65-02,52.25,5.97326,3.007,31.51,50.0,25.87
2026-06-16 15:28:00,lht65-02,52.25,5.97326,3.007,32.26,47.3,25.93
2026-06-16 15:37:59,lht65-02,52.25,5.97326,3.007,32.19,48.8,26.0
2026-06-16 15:47:59,lht65-02,52.25,5.97326,3.007,32.54,45.8,26.06
2026-06-16 15:58:00,lht65-02,52.25,5.97326,3.007,32.63,44.1,26.06
2026-06-16 16:07:59,lht65-02,52.25,5.97326,3.009,30.94,43.3,26.12
2026-06-16 16:17:59,lht65-02,52.25,5.97326,3.007,29.0,47.4,26.12
2026-06-16 16:27:59,lht65-02,52.25,5.97326,3.005,28.08,52.0,26.12
2026-06-16 16:37:59,lht65-02,52.25,5.97326,3.005,27.52,57.2,26.12
2026-06-16 16:47:59,lht65-02,52.25,5.97326,3.005,27.57,60.6,26.06
2026-06-16 16:57:59,lht65-02,52.25,5.97326,3.005,27.65,62.1,26.06
2026-06-16 17:07:59,lht65-02,52.25,5.97326,3.001,27.04,63.9,25.93
2026-06-16 17:17:59,lht65-02,52.25,5.97326,3.005,26.45,66.2,25.93
2026-06-16 17:27:59,lht65-02,52.25,5.97326,3.003,26.24,67.8,25.81
2026-06-16 17:37:59,lht65-02,52.25,5.97326,3.001,25.94,67.7,25.81
2026-06-16 17:47:59,lht65-02,52.25,5.97326,3.0,25.46,69.4,25.68
2026-06-16 17:57:59,lht65-02,52.25,5.97326,3.003,24.83,70.9,25.62
2026-06-16 18:07:59,lht65-02,52.25,5.97326,2.998,24.24,72.8,25.5
2026-06-16 18:17:59,lht65-02,52.25,5.97326,2.996,23.84,73.7,25.43
2026-06-16 18:27:59,lht65-02,52.25,5.97326,2.994,23.5,75.1,25.37
2026-06-16 18:37:59,lht65-02,52.25,5.97326,2.998,23.09,77.3,25.25
2026-06-16 18:47:59,lht65-02,52.25,5.97326,2.996,22.98,79.5,25.18
2026-06-16 18:57:59,lht65-02,52.25,5.97326,2.994,22.93,80.3,25.06
2026-06-16 19:07:59,lht65-02,52.25,5.97326,3.0,22.84,81.3,25.0
2026-06-16 19:17:59,lht65-02,52.25,5.97326,2.996,22.59,81.9,24.87
2026-06-16 19:28:01,lht65-02,52.25,5.97326,2.996,22.31,82.3,24.81
2026-06-16 19:37:59,lht65-02,52.25,5.97326,2.991,21.91,83.2,24.75
2026-06-16 19:47:59,lht65-02,52.25,5.97326,2.969,21.53,84.1,24.62
2026-06-16 19:57:59,lht65-02,52.25,5.97326,2.971,21.11,84.7,24.5
2026-06-16 20:07:59,lht65-02,52.25,5.97326,2.973,20.69,85.3,24.43
2026-06-16 20:17:59,lht65-02,52.25,5.97326,2.989,20.22,84.5,24.37
2026-06-16 20:27:59,lht65-02,52.25,5.97326,2.987,19.74,84.0,24.25
2026-06-16 20:37:59,lht65-02,52.25,5.97326,3.003,19.18,84.2,24.18
2026-06-16 20:47:59,lht65-02,52.25,5.97326,3.005,18.63,83.8,24.06
2026-06-16 20:57:59,lht65-02,52.25,5.97326,2.996,18.12,84.3,23.93
2026-06-16 21:07:59,lht65-02,52.25,5.97326,2.985,17.69,84.4,23.87
2026-06-16 21:17:59,lht65-02,52.25,5.97326,2.98,17.32,85.6,23.75
2026-06-16 21:27:59,lht65-02,52.25,5.97326,3.0,17.13,87.1,23.62
2026-06-16 21:37:59,lht65-02,52.25,5.97326,2.998,16.99,86.6,23.56
2026-06-16 21:47:59,lht65-02,52.25,5.97326,2.991,16.76,86.8,23.5
2026-06-16 21:57:59,lht65-02,52.25,5.97326,2.992,16.57,87.0,23.37
2026-06-16 22:07:59,lht65-02,52.25,5.97326,3.012,16.34,87.0,23.25
2026-06-16 22:17:59,lht65-02,52.25,5.97326,3.012,16.15,87.4,23.12
2026-06-16 22:27:59,lht65-02,52.25,5.97326,3.012,15.98,87.9,23.06
2026-06-16 22:37:59,lht65-02,52.25,5.97326,3.012,15.83,87.7,22.93
2026-06-16 22:47:59,lht65-02,52.25,5.97326,3.012,15.69,87.9,22.87
2026-06-16 22:57:59,lht65-02,52.25,5.97326,3.012,15.68,88.9,22.75
2026-06-16 23:07:59,lht65-02,52.25,5.97326,3.012,15.54,88.8,22.68
2026-06-16 23:17:58,lht65-02,52.25,5.97326,3.0,15.41,89.1,22.56
2026-06-16 23:27:58,lht65-02,52.25,5.97326,3.005,15.23,89.1,22.5
2026-06-16 23:37:58,lht65-02,52.25,5.97326,2.959,15.06,89.2,22.37
2026-06-16 23:47:58,lht65-02,52.25,5.97326,2.998,14.91,89.5,22.31
2026-06-16 23:57:58,lht65-02,52.25,5.97326,2.987,14.75,89.7,22.18
2026-06-17 00:07:59,lht65-02,52.25,5.97326,2.968,14.65,90.2,22.12
2026-06-17 00:17:58,lht65-02,52.25,5.97326,3.001,14.61,90.7,22.06
2026-06-17 00:27:58,lht65-02,52.25,5.97326,3.001,14.54,90.8,22.0
2026-06-17 00:37:58,lht65-02,52.25,5.97326,2.991,14.37,90.4,21.87
2026-06-17 00:47:58,lht65-02,52.25,5.97326,2.994,14.31,90.3,21.81
2026-06-17 00:57:58,lht65-02,52.25,5.97326,2.957,14.21,90.4,21.75
2026-06-17 01:07:58,lht65-02,52.25,5.97326,2.998,14.04,90.6,21.68
2026-06-17 01:17:59,lht65-02,52.25,5.97326,3.003,13.91,90.7,21.56
2026-06-17 01:27:58,lht65-02,52.25,5.97326,3.005,13.91,91.5,21.5
2026-06-17 01:37:58,lht65-02,52.25,5.97326,3.005,14.0,92.4,21.43
2026-06-17 01:47:58,lht65-02,52.25,5.97326,3.005,14.09,93.1,21.37
2026-06-17 01:57:58,lht65-02,52.25,5.97326,3.005,14.15,93.6,21.31
2026-06-17 02:07:58,lht65-02,52.25,5.97326,3.005,14.17,93.6,21.25
2026-06-17 02:17:58,lht65-02,52.25,5.97326,3.005,14.3,93.9,21.18
2026-06-17 02:27:58,lht65-02,52.25,5.97326,3.005,14.31,94.2,21.06
2026-06-17 02:37:58,lht65-02,52.25,5.97326,3.005,14.3,94.6,21.06
2026-06-17 02:47:58,lht65-02,52.25,5.97326,3.005,14.31,94.8,20.93
2026-06-17 02:57:58,lht65-02,52.25,5.97326,3.005,14.34,95.2,20.93
2026-06-17 03:07:58,lht65-02,52.25,5.97326,3.005,14.43,95.5,20.87
2026-06-17 03:17:58,lht65-02,52.25,5.97326,3.005,14.46,95.6,20.81
2026-06-17 03:27:58,lht65-02,52.25,5.97326,3.005,14.5,95.7,20.75
2026-06-17 03:37:58,lht65-02,52.25,5.97326,3.005,14.55,95.6,20.68
2026-06-17 03:47:58,lht65-02,52.25,5.97326,3.005,14.58,95.5,20.62
2026-06-17 03:57:58,lht65-02,52.25,5.97326,3.005,14.65,95.4,20.62
2026-06-17 04:07:58,lht65-02,52.25,5.97326,3.005,14.85,95.6,20.56
2026-06-17 04:17:58,lht65-02,52.25,5.97326,3.005,15.19,95.9,20.5
2026-06-17 04:27:58,lht65-02,52.25,5.97326,3.005,15.6,96.5,20.43
2026-06-17 04:37:58,lht65-02,52.25,5.97326,3.007,16.17,97.6,20.43
2026-06-17 04:47:58,lht65-02,52.25,5.97326,3.005,16.84,98.2,20.37
2026-06-17 04:57:58,lht65-02,52.25,5.97326,3.005,17.37,98.0,20.37
2026-06-17 05:07:58,lht65-02,52.25,5.97326,3.007,17.77,97.5,20.37
2026-06-17 05:17:58,lht65-02,52.25,5.97326,3.005,18.27,97.0,20.37
2026-06-17 05:27:58,lht65-02,52.25,5.97326,3.005,18.74,96.2,20.37
2026-06-17 05:37:58,lht65-02,52.25,5.97326,3.005,18.98,94.8,20.37
2026-06-17 05:47:58,lht65-02,52.25,5.97326,3.005,19.12,94.0,20.37
2026-06-17 05:57:58,lht65-02,52.25,5.97326,3.007,19.28,94.0,20.37
2026-06-17 06:07:58,lht65-02,52.25,5.97326,3.007,19.5,93.9,20.43
2026-06-17 06:17:58,lht65-02,52.25,5.97326,3.005,19.84,94.0,20.37
2026-06-17 06:27:58,lht65-02,52.25,5.97326,3.005,20.34,94.0,20.43
2026-06-17 06:37:58,lht65-02,52.25,5.97326,3.007,20.78,93.4,20.43
2026-06-17 06:47:58,lht65-02,52.25,5.97326,3.001,21.26,92.5,20.43
2026-06-17 06:57:58,lht65-02,52.25,5.97326,3.005,21.7,92.1,20.5
2026-06-17 07:07:58,lht65-02,52.25,5.97326,3.007,22.2,91.4,20.5
2026-06-17 07:17:58,lht65-02,52.25,5.97326,3.001,22.83,90.9,20.56
2026-06-17 07:27:58,lht65-02,52.25,5.97326,3.005,23.41,89.7,20.62
2026-06-17 07:37:58,lht65-02,52.25,5.97326,3.007,24.16,89.3,20.68
2026-06-17 07:47:58,lht65-02,52.25,5.97326,3.009,25.16,88.5,20.68
2026-06-17 07:57:58,lht65-02,52.25,5.97326,3.0,25.85,87.3,20.81
2026-06-17 08:07:58,lht65-02,52.25,5.97326,3.005,26.61,86.1,20.87
2026-06-17 08:17:58,lht65-02,52.25,5.97326,2.992,27.42,85.5,20.93
2026-06-17 08:27:58,lht65-02,52.25,5.97326,2.964,28.27,84.2,21.06
2026-06-17 08:37:58,lht65-02,52.25,5.97326,2.976,28.92,73.2,21.18
2026-06-17 08:47:58,lht65-02,52.25,5.97326,3.009,29.09,69.7,21.25
2026-06-17 08:57:58,lht65-02,52.25,5.97326,2.973,29.45,68.7,21.37
2026-06-17 09:07:58,lht65-02,52.25,5.97326,2.98,30.09,68.5,21.5
2026-06-17 09:17:58,lht65-02,52.25,5.97326,2.985,30.22,67.1,21.62
2026-06-17 09:27:58,lht65-02,52.25,5.97326,2.987,29.87,66.7,21.75
2026-06-17 09:37:57,lht65-02,52.25,5.97326,2.983,29.82,67.2,21.87
2026-06-17 09:47:58,lht65-02,52.25,5.97326,2.987,30.29,65.9,21.93
2026-06-17 09:57:57,lht65-02,52.25,5.97326,2.987,30.32,66.2,22.06
2026-06-17 10:07:57,lht65-02,52.25,5.97326,2.985,30.18,66.5,22.18
2026-06-17 10:17:58,lht65-02,52.25,5.97326,2.983,30.27,63.0,22.31
2026-06-17 10:27:57,lht65-02,52.25,5.97326,2.983,30.03,62.1,22.37
2026-06-17 10:37:57,lht65-02,52.25,5.97326,2.982,30.41,64.8,22.5
2026-06-17 10:47:57,lht65-02,52.25,5.97326,2.991,32.0,62.9,22.56
2026-06-17 10:57:57,lht65-02,52.25,5.97326,2.904,33.93,52.1,22.68
2026-06-17 11:07:57,lht65-02,52.25,5.97326,2.996,34.03,46.7,22.81
2026-06-17 11:17:57,lht65-02,52.25,5.97326,2.996,33.87,49.5,22.93
2026-06-17 11:27:57,lht65-02,52.25,5.97326,2.996,34.04,45.1,23.12
2026-06-17 11:37:57,lht65-02,52.25,5.97326,3.007,33.68,51.1,23.31
2026-06-17 11:47:57,lht65-02,52.25,5.97326,3.005,35.21,51.2,23.5
2026-06-17 11:57:57,lht65-02,52.25,5.97326,3.012,35.21,42.9,23.68
2026-06-17 12:07:57,lht65-02,52.25,5.97326,3.012,34.1,43.9,23.87
2026-06-17 12:17:57,lht65-02,52.25,5.97326,3.014,32.65,47.5,24.06
2026-06-17 12:27:57,lht65-02,52.25,5.97326,3.014,32.68,54.5,24.25
2026-06-17 12:37:57,lht65-02,52.25,5.97326,3.014,32.93,47.3,24.31
2026-06-17 12:47:57,lht65-02,52.25,5.97326,3.014,32.35,52.2,24.43
2026-06-17 12:57:57,lht65-02,52.25,5.97326,3.012,32.18,49.6,24.56
2026-06-17 13:07:57,lht65-02,52.25,5.97326,3.016,32.11,54.2,24.68
2026-06-17 13:17:57,lht65-02,52.25,5.97326,3.014,32.38,50.4,24.75
2026-06-17 13:27:57,lht65-02,52.25,5.97326,3.014,31.6,53.1,24.81
2026-06-17 13:37:57,lht65-02,52.25,5.97326,3.014,30.34,52.3,24.87
2026-06-17 13:47:57,lht65-02,52.25,5.97326,3.01,28.64,59.2,24.93
2026-06-17 13:57:57,lht65-02,52.25,5.97326,3.009,27.47,61.6,25.0
2026-06-17 14:07:57,lht65-02,52.25,5.97326,3.012,27.59,65.3,25.0
2026-06-17 14:17:57,lht65-02,52.25,5.97326,3.012,28.47,67.7,24.93
2026-06-17 14:27:57,lht65-02,52.25,5.97326,3.012,29.14,64.5,24.93
2026-06-17 14:37:57,lht65-02,52.25,5.97326,3.01,30.76,64.4,24.93
2026-06-17 14:47:57,lht65-02,52.25,5.97326,3.01,30.83,59.6,24.93
2026-06-17 14:57:57,lht65-02,52.25,5.97326,3.012,29.56,60.7,25.0
2026-06-17 15:07:57,lht65-02,52.25,5.97326,3.012,29.72,63.8,25.0
2026-06-17 15:17:57,lht65-02,52.25,5.97326,3.012,30.67,62.0,25.0
2026-06-17 15:27:57,lht65-02,52.25,5.97326,3.012,30.7,60.5,25.0
2026-06-17 15:37:57,lht65-02,52.25,5.97326,3.01,30.19,61.1,25.06
2026-06-17 15:47:57,lht65-02,52.25,5.97326,3.012,29.6,63.6,25.06
2026-06-17 15:57:57,lht65-02,52.25,5.97326,3.012,29.25,65.3,25.06
2026-06-17 16:07:57,lht65-02,52.25,5.97326,3.012,28.89,66.4,25.06
2026-06-17 16:17:57,lht65-02,52.25,5.97326,3.012,28.38,66.6,25.06
2026-06-17 16:27:57,lht65-02,52.25,5.97326,3.012,27.68,68.1,25.06
2026-06-17 16:37:57,lht65-02,52.25,5.97326,3.012,27.16,69.6,25.0
2026-06-17 16:47:57,lht65-02,52.25,5.97326,3.01,27.87,68.4,25.0
2026-06-17 16:57:57,lht65-02,52.25,5.97326,3.01,28.8,68.1,24.93
2026-06-17 17:07:57,lht65-02,52.25,5.97326,3.01,29.14,69.5,24.93
2026-06-17 17:17:57,lht65-02,52.25,5.97326,3.012,29.0,67.5,24.87
2026-06-17 17:27:57,lht65-02,52.25,5.97326,3.012,28.71,70.2,24.87
2026-06-17 17:37:57,lht65-02,52.25,5.97326,3.012,28.23,69.0,24.87
2026-06-17 17:47:57,lht65-02,52.25,5.97326,3.01,27.8,69.5,24.81
2026-06-17 17:57:57,lht65-02,52.25,5.97326,3.01,27.39,68.0,24.81
2026-06-17 18:07:57,lht65-02,52.25,5.97326,3.007,26.71,70.4,24.81
2026-06-17 18:17:57,lht65-02,52.25,5.97326,3.001,26.18,71.3,24.81
2026-06-17 18:27:57,lht65-02,52.25,5.97326,3.005,25.71,72.5,24.75
2026-06-17 18:37:57,lht65-02,52.25,5.97326,3.009,25.32,74.0,24.68
2026-06-17 18:47:57,lht65-02,52.25,5.97326,3.009,25.12,74.3,24.62
2026-06-17 18:57:57,lht65-02,52.25,5.97326,3.009,24.87,74.8,24.56
2026-06-17 19:07:57,lht65-02,52.25,5.97326,3.005,24.37,75.9,24.5
2026-06-17 19:17:56,lht65-02,52.25,5.97326,3.007,23.87,77.6,24.43
2026-06-17 19:27:56,lht65-02,52.25,5.97326,3.005,23.44,79.4,24.37
2026-06-17 19:37:57,lht65-02,52.25,5.97326,3.007,23.08,81.2,24.31
2026-06-17 19:47:57,lht65-02,52.25,5.97326,3.009,22.65,82.5,24.25
2026-06-17 19:57:56,lht65-02,52.25,5.97326,3.007,22.23,83.7,24.18
2026-06-17 20:07:56,lht65-02,52.25,5.97326,3.007,21.85,85.6,24.12
2026-06-17 20:17:56,lht65-02,52.25,5.97326,3.005,21.51,86.0,24.06
2026-06-17 20:27:56,lht65-02,52.25,5.97326,3.016,21.28,86.7,24.0
2026-06-17 20:37:56,lht65-02,52.25,5.97326,3.014,21.14,87.4,23.93
2026-06-17 20:47:56,lht65-02,52.25,5.97326,3.014,21.03,87.5,23.81
2026-06-17 20:57:56,lht65-02,52.25,5.97326,3.007,20.95,87.9,23.75
2026-06-17 21:07:56,lht65-02,52.25,5.97326,3.01,20.9,88.3,23.68
2026-06-17 21:17:56,lht65-02,52.25,5.97326,3.012,20.82,88.0,23.62
2026-06-17 21:27:56,lht65-02,52.25,5.97326,3.01,20.78,89.1,23.56
2026-06-17 21:37:56,lht65-02,52.25,5.97326,2.941,20.66,88.9,23.5
2026-06-17 21:47:56,lht65-02,52.25,5.97326,3.0,20.46,88.8,23.43
2026-06-17 21:57:56,lht65-02,52.25,5.97326,3.0,20.2,88.7,23.37
2026-06-17 22:07:56,lht65-02,52.25,5.97326,2.945,19.86,89.0,23.31
2026-06-17 22:17:56,lht65-02,52.25,5.97326,2.987,19.63,88.4,23.25
2026-06-17 22:27:56,lht65-02,52.25,5.97326,2.952,19.23,88.9,23.18
2026-06-17 22:37:56,lht65-02,52.25,5.97326,3.001,18.91,89.0,23.12
2026-06-17 22:47:56,lht65-02,52.25,5.97326,3.005,18.59,89.2,23.06
2026-06-17 22:57:56,lht65-02,52.25,5.97326,3.007,18.31,89.5,23.0
2026-06-17 23:07:56,lht65-02,52.25,5.97326,2.983,18.0,89.6,22.87
2026-06-17 23:17:56,lht65-02,52.25,5.97326,3.005,17.79,90.5,22.81
2026-06-17 23:27:56,lht65-02,52.25,5.97326,3.001,17.64,91.1,22.75
2026-06-17 23:37:56,lht65-02,52.25,5.97326,2.983,17.4,90.9,22.68
2026-06-17 23:47:56,lht65-02,52.25,5.97326,2.996,17.1,90.9,22.62
2026-06-17 23:57:56,lht65-02,52.25,5.97326,2.994,16.89,90.8,22.56
2026-06-18 00:07:56,lht65-02,52.25,5.97326,2.973,16.58,90.4,22.43
2026-06-18 00:17:56,lht65-02,52.25,5.97326,3.005,16.49,91.1,22.43
2026-06-18 00:27:56,lht65-02,52.25,5.97326,3.009,16.44,91.4,22.31
2026-06-18 00:37:56,lht65-02,52.25,5.97326,3.009,16.42,91.6,22.25
2026-06-18 00:47:56,lht65-02,52.25,5.97326,3.009,16.39,91.5,22.18
2026-06-18 00:57:56,lht65-02,52.25,5.97326,3.009,16.34,91.5,22.12
2026-06-18 01:07:56,lht65-02,52.25,5.97326,3.007,16.22,91.3,22.06
2026-06-18 01:17:56,lht65-02,52.25,5.97326,3.001,16.09,91.2,21.93
2026-06-18 01:27:56,lht65-02,52.25,5.97326,3.007,16.04,91.4,21.87
2026-06-18 01:37:56,lht65-02,52.25,5.97326,3.009,15.99,91.5,21.81
2026-06-18 01:47:56,lht65-02,52.25,5.97326,3.009,15.96,91.5,21.81
2026-06-18 01:57:56,lht65-02,52.25,5.97326,3.009,15.9,91.7,21.68
2026-06-18 02:07:56,lht65-02,52.25,5.97326,3.012,15.82,91.7,21.68
2026-06-18 02:17:56,lht65-02,52.25,5.97326,3.001,15.76,91.5,21.56
2026-06-18 02:27:56,lht65-02,52.25,5.97326,3.009,15.68,91.2,21.5
2026-06-18 02:37:56,lht65-02,52.25,5.97326,3.01,15.49,91.1,21.5
2026-06-18 02:47:56,lht65-02,52.25,5.97326,3.007,15.38,91.6,21.43
2026-06-18 02:57:56,lht65-02,52.25,5.97326,2.998,15.31,91.7,21.37
2026-06-18 03:07:56,lht65-02,52.25,5.97326,3.005,15.24,91.8,21.31
2026-06-18 03:17:56,lht65-02,52.25,5.97326,3.007,15.18,91.6,21.25
2026-06-18 03:27:56,lht65-02,52.25,5.97326,3.005,15.05,91.5,21.18
2026-06-18 03:37:56,lht65-02,52.25,5.97326,2.991,14.95,91.4,21.12
2026-06-18 03:47:56,lht65-02,52.25,5.97326,3.001,14.95,91.7,21.06
2026-06-18 03:57:56,lht65-02,52.25,5.97326,3.001,15.02,91.9,21.0
2026-06-18 04:07:56,lht65-02,52.25,5.97326,3.005,15.23,92.1,20.93
2026-06-18 04:17:56,lht65-02,52.25,5.97326,3.005,15.62,92.1,20.93
2026-06-18 04:27:56,lht65-02,52.25,5.97326,3.005,16.29,91.5,20.87
2026-06-18 04:37:56,lht65-02,52.25,5.97326,3.005,16.83,91.0,20.81
2026-06-18 04:47:56,lht65-02,52.25,5.97326,3.005,17.41,91.3,20.81
2026-06-18 04:57:56,lht65-02,52.25,5.97326,3.005,18.11,91.9,20.75
2026-06-18 05:07:56,lht65-02,52.25,5.97326,3.005,19.07,91.9,20.75
2026-06-18 05:17:56,lht65-02,52.25,5.97326,3.005,20.27,89.8,20.75
2026-06-18 05:27:56,lht65-02,52.25,5.97326,3.001,21.5,87.0,20.75
2026-06-18 05:37:56,lht65-02,52.25,5.97326,3.007,22.59,84.9,20.75
2026-06-18 05:47:55,lht65-02,52.25,5.97326,3.012,23.6,82.8,20.81
2026-06-18 05:57:56,lht65-02,52.25,5.97326,3.01,24.48,81.3,20.81
2026-06-18 06:07:56,lht65-02,52.25,5.97326,3.009,25.42,80.6,20.87
2026-06-18 06:17:56,lht65-02,52.25,5.97326,2.996,26.56,79.6,20.87
2026-06-18 06:27:55,lht65-02,52.25,5.97326,3.001,27.73,79.0,21.0
2026-06-18 06:37:56,lht65-02,52.25,5.97326,2.998,28.9,77.7,21.06
2026-06-18 06:47:55,lht65-02,52.25,5.97326,3.0,29.99,77.8,21.18
2026-06-18 06:57:55,lht65-02,52.25,5.97326,2.985,30.73,68.7,21.25
2026-06-18 07:07:55,lht65-02,52.25,5.97326,3.005,30.82,70.2,21.37
2026-06-18 07:17:55,lht65-02,52.25,5.97326,2.991,31.12,67.2,21.56
2026-06-18 07:27:55,lht65-02,52.25,5.97326,3.016,31.27,63.5,21.68
2026-06-18 07:37:55,lht65-02,52.25,5.97326,3.001,31.78,62.7,21.87
2026-06-18 07:47:55,lht65-02,52.25,5.97326,3.014,32.21,62.5,22.0
2026-06-18 07:57:55,lht65-02,52.25,5.97326,2.994,32.47,61.4,22.12
2026-06-18 08:07:55,lht65-02,52.25,5.97326,2.926,32.65,56.0,22.31
2026-06-18 08:17:55,lht65-02,52.25,5.97326,2.976,32.65,53.5,22.43
2026-06-18 08:27:55,lht65-02,52.25,5.97326,2.98,32.22,54.1,22.62
2026-06-18 08:37:55,lht65-02,52.25,5.97326,2.982,32.68,62.4,22.81
2026-06-18 08:47:55,lht65-02,52.25,5.97326,2.969,33.57,54.9,22.93
2026-06-18 08:57:55,lht65-02,52.25,5.97326,3.005,33.73,52.1,23.12
2026-06-18 09:07:55,lht65-02,52.25,5.97326,3.009,33.87,52.6,23.31
2026-06-18 09:17:55,lht65-02,52.25,5.97326,2.938,34.31,52.9,23.43
2026-06-18 09:27:55,lht65-02,52.25,5.97326,3.001,34.67,49.4,23.62
2026-06-18 09:37:55,lht65-02,52.25,5.97326,2.781,35.19,50.9,23.75
2026-06-18 09:47:55,lht65-02,52.25,5.97326,3.016,35.78,48.3,24.0
2026-06-18 09:57:55,lht65-02,52.25,5.97326,3.016,35.45,51.1,24.18
2026-06-18 10:07:55,lht65-02,52.25,5.97326,2.964,36.31,47.2,24.37
2026-06-18 10:17:55,lht65-02,52.25,5.97326,2.955,36.64,47.2,24.56
2026-06-18 10:27:55,lht65-02,52.25,5.97326,3.018,37.11,46.5,24.81
2026-06-18 10:37:55,lht65-02,52.25,5.97326,3.009,37.52,48.5,25.0
2026-06-18 10:47:55,lht65-02,52.25,5.97326,3.016,37.4,48.7,25.18
2026-06-18 10:57:55,lht65-02,52.25,5.97326,2.973,37.99,45.2,25.43
2026-06-18 11:07:55,lht65-02,52.25,5.97326,2.987,38.8,42.5,25.56
2026-06-18 11:17:55,lht65-02,52.25,5.97326,3.019,38.85,43.9,25.81
2026-06-18 11:27:55,lht65-02,52.25,5.97326,3.019,38.6,42.5,26.0
2026-06-18 11:37:55,lht65-02,52.25,5.97326,3.019,39.0,39.6,26.18
2026-06-18 11:47:55,lht65-02,52.25,5.97326,3.019,37.88,42.2,26.37
2026-06-18 11:57:55,lht65-02,52.25,5.97326,3.019,38.2,42.9,26.56
2026-06-18 12:17:55,lht65-02,52.25,5.97326,3.019,38.69,41.6,26.87
2026-06-18 12:27:55,lht65-02,52.25,5.97326,3.019,38.87,40.7,27.0
2026-06-18 12:37:55,lht65-02,52.25,5.97326,3.019,39.27,37.7,27.12
2026-06-18 12:47:55,lht65-02,52.25,5.97326,3.019,39.07,40.6,27.31
2026-06-18 12:57:55,lht65-02,52.25,5.97326,3.016,39.68,39.4,27.43
2026-06-18 13:07:55,lht65-02,52.25,5.97326,3.016,39.57,38.3,27.56
2026-06-18 13:17:55,lht65-02,52.25,5.97326,2.976,39.8,42.0,27.75
2026-06-18 13:27:55,lht65-02,52.25,5.97326,3.016,40.22,38.2,27.93
2026-06-18 13:37:55,lht65-02,52.25,5.97326,3.016,39.88,38.9,28.06
2026-06-18 13:47:55,lht65-02,52.25,5.97326,3.019,39.27,38.1,28.25
2026-06-18 13:57:55,lht65-02,52.25,5.97326,3.019,39.06,39.9,28.37
2026-06-18 14:07:55,lht65-02,52.25,5.97326,3.019,39.36,38.6,28.5
2026-06-18 14:17:55,lht65-02,52.25,5.97326,3.019,39.39,36.9,28.68
2026-06-18 14:27:55,lht65-02,52.25,5.97326,3.016,39.11,37.8,28.81
2026-06-18 14:37:55,lht65-02,52.25,5.97326,3.019,38.99,37.7,28.93
2026-06-18 14:47:55,lht65-02,52.25,5.97326,3.019,39.02,38.2,29.06
2026-06-18 14:57:55,lht65-02,52.25,5.97326,3.019,38.96,41.2,29.12
2026-06-18 15:07:55,lht65-02,52.25,5.97326,3.019,38.61,40.6,29.18
2026-06-18 15:17:55,lht65-02,52.25,5.97326,3.019,37.54,38.5,29.25
2026-06-18 15:27:55,lht65-02,52.25,5.97326,3.019,37.04,39.2,29.31
2026-06-18 15:37:55,lht65-02,52.25,5.97326,3.019,36.92,43.5,29.37
2026-06-18 15:47:55,lht65-02,52.25,5.97326,3.019,36.79,40.9,29.43
2026-06-18 15:57:55,lht65-02,52.25,5.97326,3.019,36.32,41.9,29.43
2026-06-18 16:07:55,lht65-02,52.25,5.97326,3.019,36.45,41.8,29.43
2026-06-18 16:17:55,lht65-02,52.25,5.97326,3.019,35.94,42.1,29.43
2026-06-18 16:27:54,lht65-02,52.25,5.97326,3.019,35.4,44.5,29.43
2026-06-18 16:37:54,lht65-02,52.25,5.97326,3.019,34.96,48.3,29.37
2026-06-18 16:47:54,lht65-02,52.25,5.97326,3.018,33.92,48.0,29.37
2026-06-18 16:57:54,lht65-02,52.25,5.97326,3.019,33.35,48.5,29.31
2026-06-18 17:07:55,lht65-02,52.25,5.97326,3.018,32.65,54.0,29.25
2026-06-18 17:17:55,lht65-02,52.25,5.97326,3.016,31.99,52.2,29.18
2026-06-18 17:27:55,lht65-02,52.25,5.97326,3.016,31.0,54.9,29.06
2026-06-18 17:37:54,lht65-02,52.25,5.97326,3.016,30.47,59.2,29.0
2026-06-18 17:47:55,lht65-02,52.25,5.97326,3.018,29.95,60.6,28.87
2026-06-18 17:57:54,lht65-02,52.25,5.97326,3.016,29.7,60.4,28.81
2026-06-18 18:07:55,lht65-02,52.25,5.97326,3.018,29.45,63.4,28.68
2026-06-18 18:17:54,lht65-02,52.25,5.97326,3.016,29.24,65.5,28.56
2026-06-18 18:27:54,lht65-02,52.25,5.97326,3.018,29.04,67.5,28.5
2026-06-18 18:37:55,lht65-02,52.25,5.97326,3.016,28.68,69.1,28.37
2026-06-18 18:47:54,lht65-02,52.25,5.97326,3.012,28.15,71.1,28.25
2026-06-18 18:57:54,lht65-02,52.25,5.97326,3.001,27.75,71.6,28.12
2026-06-18 19:07:54,lht65-02,52.25,5.97326,2.98,27.22,70.5,28.06
2026-06-18 19:17:55,lht65-02,52.25,5.97326,2.994,26.84,69.9,27.93
2026-06-18 19:27:54,lht65-02,52.25,5.97326,2.994,26.54,71.0,27.81
2026-06-18 19:37:54,lht65-02,52.25,5.97326,2.966,26.18,70.2,27.75
2026-06-18 19:47:54,lht65-02,52.25,5.97326,3.01,25.81,72.8,27.62
2026-06-18 19:57:54,lht65-02,52.25,5.97326,2.987,25.38,73.2,27.5
2026-06-18 20:07:54,lht65-02,52.25,5.97326,2.968,25.07,70.4,27.43
2026-06-18 20:17:54,lht65-02,52.25,5.97326,2.962,24.68,68.2,27.31
2026-06-18 20:27:54,lht65-02,52.25,5.97326,2.966,24.25,70.1,27.18
2026-06-18 20:37:54,lht65-02,52.25,5.97326,2.976,23.86,70.2,27.06
2026-06-18 20:47:54,lht65-02,52.25,5.97326,2.98,23.57,70.4,27.0
2026-06-18 20:57:54,lht65-02,52.25,5.97326,2.938,23.33,71.8,26.87
2026-06-18 21:07:54,lht65-02,52.25,5.97326,3.007,23.07,72.0,26.75
2026-06-18 21:17:54,lht65-02,52.25,5.97326,2.992,22.83,72.8,26.68
2026-06-18 21:27:54,lht65-02,52.25,5.97326,3.016,22.59,73.6,26.56
2026-06-18 21:37:54,lht65-02,52.25,5.97326,3.016,22.46,75.0,26.43
2026-06-18 21:47:54,lht65-02,52.25,5.97326,3.016,22.28,78.5,26.31
2026-06-18 21:57:54,lht65-02,52.25,5.97326,3.016,22.17,77.9,26.25
2026-06-18 22:07:54,lht65-02,52.25,5.97326,3.014,22.03,79.7,26.12
2026-06-18 22:17:54,lht65-02,52.25,5.97326,2.968,21.95,80.1,26.0
2026-06-18 22:27:54,lht65-02,52.25,5.97326,3.001,21.79,81.5,25.93
2026-06-18 22:37:54,lht65-02,52.25,5.97326,3.0,21.62,83.3,25.81
2026-06-18 22:47:54,lht65-02,52.25,5.97326,3.001,21.47,84.4,25.75
2026-06-18 22:57:54,lht65-02,52.25,5.97326,3.001,21.39,84.2,25.62
2026-06-18 23:07:54,lht65-02,52.25,5.97326,3.001,21.35,84.8,25.56
2026-06-18 23:17:54,lht65-02,52.25,5.97326,3.005,21.29,85.4,25.5
2026-06-18 23:27:54,lht65-02,52.25,5.97326,3.005,21.23,85.7,25.43
2026-06-18 23:37:54,lht65-02,52.25,5.97326,2.94,21.13,85.0,25.31
2026-06-18 23:47:54,lht65-02,52.25,5.97326,3.009,20.98,85.9,25.18
2026-06-18 23:57:54,lht65-02,52.25,5.97326,3.005,20.84,86.7,25.18
2026-06-19 00:07:54,lht65-02,52.25,5.97326,3.005,20.67,87.2,25.12
2026-06-19 00:17:54,lht65-02,52.25,5.97326,3.007,20.56,87.7,25.0
2026-06-19 00:27:54,lht65-02,52.25,5.97326,3.005,20.46,88.0,24.93
2026-06-19 00:37:54,lht65-02,52.25,5.97326,3.005,20.38,88.3,24.87
2026-06-19 00:47:54,lht65-02,52.25,5.97326,3.001,20.29,88.3,24.81
2026-06-19 00:57:54,lht65-02,52.25,5.97326,2.998,20.23,88.7,24.75
2026-06-19 01:07:54,lht65-02,52.25,5.97326,2.996,20.1,87.6,24.62
2026-06-19 01:17:54,lht65-02,52.25,5.97326,3.016,19.92,87.0,24.62
2026-06-19 01:27:54,lht65-02,52.25,5.97326,3.012,19.86,88.2,24.5
2026-06-19 01:37:54,lht65-02,52.25,5.97326,3.012,19.76,88.3,24.43
2026-06-19 01:47:54,lht65-02,52.25,5.97326,3.01,19.61,88.6,24.37
2026-06-19 01:57:54,lht65-02,52.25,5.97326,3.005,19.34,88.5,24.31
2026-06-19 02:07:53,lht65-02,52.25,5.97326,2.966,19.15,88.7,24.25
2026-06-19 02:17:53,lht65-02,52.25,5.97326,3.001,18.89,89.0,24.18
2026-06-19 02:27:53,lht65-02,52.25,5.97326,3.001,18.58,88.8,24.06
2026-06-19 02:37:53,lht65-02,52.25,5.97326,2.969,18.27,89.1,24.0
2026-06-19 02:47:53,lht65-02,52.25,5.97326,3.005,18.03,89.7,23.93
2026-06-19 02:57:53,lht65-02,52.25,5.97326,3.005,17.89,90.1,23.87
2026-06-19 03:07:53,lht65-02,52.25,5.97326,3.009,17.72,90.4,23.81
2026-06-19 03:17:53,lht65-02,52.25,5.97326,2.912,17.51,90.6,23.68
2026-06-19 03:27:53,lht65-02,52.25,5.97326,3.005,17.4,91.0,23.68
2026-06-19 03:37:53,lht65-02,52.25,5.97326,3.005,17.37,91.4,23.62
2026-06-19 03:47:53,lht65-02,52.25,5.97326,3.007,17.42,91.8,23.5
2026-06-19 03:57:53,lht65-02,52.25,5.97326,3.007,17.64,92.3,23.43
2026-06-19 04:07:53,lht65-02,52.25,5.97326,3.009,18.0,92.7,23.37
2026-06-19 04:17:53,lht65-02,52.25,5.97326,3.009,18.44,92.7,23.37
2026-06-19 04:27:53,lht65-02,52.25,5.97326,3.007,19.13,92.6,23.25
2026-06-19 04:37:53,lht65-02,52.25,5.97326,3.005,19.87,90.8,23.18
2026-06-19 04:47:53,lht65-02,52.25,5.97326,3.005,20.11,89.7,23.18
2026-06-19 04:57:53,lht65-02,52.25,5.97326,3.007,20.19,89.4,23.18
2026-06-19 05:07:53,lht65-02,52.25,5.97326,3.005,20.55,89.4,23.12
2026-06-19 05:17:54,lht65-02,52.25,5.97326,3.009,21.43,89.6,23.06
2026-06-19 05:27:53,lht65-02,52.25,5.97326,3.005,22.59,89.2,23.06
2026-06-19 05:37:53,lht65-02,52.25,5.97326,3.007,23.77,87.4,23.06
2026-06-19 05:47:53,lht65-02,52.25,5.97326,3.012,24.91,85.1,23.06
2026-06-19 05:57:53,lht65-02,52.25,5.97326,3.016,26.03,83.6,23.06
2026-06-19 06:17:53,lht65-02,52.25,5.97326,3.007,28.22,80.3,23.12
2026-06-19 06:27:53,lht65-02,52.25,5.97326,3.009,29.29,78.1,23.18
2026-06-19 06:37:53,lht65-02,52.25,5.97326,3.01,29.51,69.1,23.25
2026-06-19 06:47:53,lht65-02,52.25,5.97326,3.012,29.23,69.4,23.31
2026-06-19 06:57:53,lht65-02,52.25,5.97326,3.012,29.5,70.4,23.43
2026-06-19 07:07:53,lht65-02,52.25,5.97326,3.012,29.41,71.1,23.5
2026-06-19 07:17:53,lht65-02,52.25,5.97326,3.003,29.94,71.2,23.62
2026-06-19 07:27:53,lht65-02,52.25,5.97326,2.968,30.64,67.1,23.68
2026-06-19 07:37:53,lht65-02,52.25,5.97326,3.009,30.39,66.3,23.81
2026-06-19 07:47:53,lht65-02,52.25,5.97326,3.005,30.83,67.8,23.93
2026-06-19 07:57:53,lht65-02,52.25,5.97326,3.009,30.54,61.0,24.0
2026-06-19 08:07:53,lht65-02,52.25,5.97326,3.01,29.72,61.8,24.12
2026-06-19 08:17:53,lht65-02,52.25,5.97326,3.01,30.11,62.5,24.25
2026-06-19 08:27:53,lht65-02,52.25,5.97326,3.01,30.44,59.1,24.37
2026-06-19 08:37:53,lht65-02,52.25,5.97326,3.014,29.83,60.6,24.5
2026-06-19 08:47:53,lht65-02,52.25,5.97326,3.01,30.74,60.3,24.62
2026-06-19 08:57:53,lht65-02,52.25,5.97326,3.009,30.83,58.0,24.75
2026-06-19 09:07:53,lht65-02,52.25,5.97326,3.009,31.03,60.3,24.87
2026-06-19 09:17:53,lht65-02,52.25,5.97326,3.001,32.5,57.7,25.0
2026-06-19 09:27:53,lht65-02,52.25,5.97326,2.996,33.26,53.8,25.12
2026-06-19 09:37:53,lht65-02,52.25,5.97326,2.996,34.1,56.0,25.25
2026-06-19 09:47:53,lht65-02,52.25,5.97326,2.945,34.63,55.6,25.43
2026-06-19 09:57:53,lht65-02,52.25,5.97326,3.016,34.67,53.8,25.62
2026-06-19 10:07:53,lht65-02,52.25,5.97326,3.007,34.9,52.9,25.75
2026-06-19 10:17:53,lht65-02,52.25,5.97326,2.996,35.17,50.0,25.93
2026-06-19 10:27:53,lht65-02,52.25,5.97326,2.959,35.65,48.9,26.12
2026-06-19 10:37:53,lht65-02,52.25,5.97326,3.016,35.76,48.7,26.31
2026-06-19 10:47:53,lht65-02,52.25,5.97326,3.019,35.76,49.3,26.56
2026-06-19 10:57:53,lht65-02,52.25,5.97326,3.019,36.06,47.3,26.75
2026-06-19 11:07:53,lht65-02,52.25,5.97326,2.962,36.63,48.6,26.87
2026-06-19 11:17:53,lht65-02,52.25,5.97326,3.012,36.87,46.3,27.12
2026-06-19 11:27:53,lht65-02,52.25,5.97326,3.012,36.96,45.7,27.25
2026-06-19 11:37:53,lht65-02,52.25,5.97326,3.01,37.12,45.9,27.43
2026-06-19 11:47:53,lht65-02,52.25,5.97326,3.01,37.08,47.5,27.62
2026-06-19 11:57:53,lht65-02,52.25,5.97326,2.816,37.61,45.3,27.75
2026-06-19 12:17:53,lht65-02,52.25,5.97326,2.89,39.85,44.7,28.06
2026-06-19 12:27:52,lht65-02,52.25,5.97326,3.012,41.06,40.8,28.25
2026-06-19 12:37:52,lht65-02,52.25,5.97326,2.994,41.65,40.2,28.37
2026-06-19 12:47:53,lht65-02,52.25,5.97326,3.016,40.8,40.5,28.5
2026-06-19 12:57:52,lht65-02,52.25,5.97326,3.019,41.1,40.1,28.68
2026-06-19 13:07:53,lht65-02,52.25,5.97326,3.019,40.81,42.8,28.81
2026-06-19 13:17:53,lht65-02,52.25,5.97326,3.019,40.82,40.0,29.0
2026-06-19 13:27:53,lht65-02,52.25,5.97326,3.019,41.63,39.9,29.12
2026-06-19 13:37:53,lht65-02,52.25,5.97326,3.019,41.71,37.9,29.31
2026-06-19 13:47:52,lht65-02,52.25,5.97326,3.019,41.8,38.6,29.43
2026-06-19 13:57:52,lht65-02,52.25,5.97326,3.019,41.56,39.9,29.62
2026-06-19 14:07:53,lht65-02,52.25,5.97326,3.019,41.81,39.0,29.75
2026-06-19 14:17:53,lht65-02,52.25,5.97326,3.019,41.73,35.9,29.87
2026-06-19 14:27:52,lht65-02,52.25,5.97326,3.021,40.98,40.1,30.0
2026-06-19 14:37:53,lht65-02,52.25,5.97326,3.019,40.95,39.2,30.12
2026-06-19 14:47:53,lht65-02,52.25,5.97326,3.019,40.62,37.6,30.25
2026-06-19 14:57:52,lht65-02,52.25,5.97326,3.019,40.31,40.0,30.37
2026-06-19 15:07:53,lht65-02,52.25,5.97326,3.021,40.67,40.8,30.43
2026-06-19 15:17:52,lht65-02,52.25,5.97326,3.019,40.42,39.0,30.5
2026-06-19 15:27:52,lht65-02,52.25,5.97326,3.019,39.26,39.8,30.56
2026-06-19 15:37:52,lht65-02,52.25,5.97326,3.019,38.85,41.9,30.62
2026-06-19 15:47:52,lht65-02,52.25,5.97326,3.019,38.6,43.2,30.62
2026-06-19 15:57:52,lht65-02,52.25,5.97326,3.021,38.5,42.5,30.68
2026-06-19 16:07:53,lht65-02,52.25,5.97326,3.019,37.99,44.2,30.62
2026-06-19 16:17:52,lht65-02,52.25,5.97326,3.019,37.69,43.1,30.62
2026-06-19 16:27:52,lht65-02,52.25,5.97326,3.019,36.53,45.9,30.62
2026-06-19 16:47:52,lht65-02,52.25,5.97326,3.019,36.31,46.2,30.56
2026-06-19 16:57:52,lht65-02,52.25,5.97326,3.019,36.04,46.2,30.5
2026-06-19 17:07:52,lht65-02,52.25,5.97326,3.016,35.4,44.9,30.43
2026-06-19 17:17:52,lht65-02,52.25,5.97326,3.016,34.7,46.7,30.37
2026-06-19 17:27:52,lht65-02,52.25,5.97326,3.019,34.27,47.5,30.31
2026-06-19 17:37:52,lht65-02,52.25,5.97326,3.018,33.92,47.1,30.25
2026-06-19 17:47:52,lht65-02,52.25,5.97326,3.021,33.57,48.4,30.12
2026-06-19 17:57:52,lht65-02,52.25,5.97326,3.019,33.26,48.6,30.0
2026-06-19 18:07:52,lht65-02,52.25,5.97326,3.019,33.01,49.2,29.93
2026-06-19 18:17:52,lht65-02,52.25,5.97326,3.019,32.77,49.1,29.87
2026-06-19 18:27:52,lht65-02,52.25,5.97326,3.019,32.56,52.0,29.75
2026-06-19 18:37:52,lht65-02,52.25,5.97326,3.019,32.2,55.5,29.68
2026-06-19 18:47:52,lht65-02,52.25,5.97326,3.019,31.7,61.9,29.56
2026-06-19 18:57:52,lht65-02,52.25,5.97326,3.019,30.98,62.4,29.43
2026-06-19 19:07:52,lht65-02,52.25,5.97326,3.021,30.34,62.2,29.37
2026-06-19 19:17:52,lht65-02,52.25,5.97326,3.019,29.61,65.3,29.25
2026-06-19 19:27:52,lht65-02,52.25,5.97326,3.023,28.94,69.1,29.18
2026-06-19 19:37:52,lht65-02,52.25,5.97326,3.019,28.31,70.7,29.06
2026-06-19 19:47:52,lht65-02,52.25,5.97326,3.023,27.76,73.7,29.0
2026-06-19 19:57:52,lht65-02,52.25,5.97326,3.014,27.3,75.2,28.87
2026-06-19 20:07:52,lht65-02,52.25,5.97326,3.016,26.9,77.0,28.75
2026-06-19 20:17:52,lht65-02,52.25,5.97326,3.01,26.46,78.1,28.68
2026-06-19 20:27:52,lht65-02,52.25,5.97326,3.019,26.11,79.3,28.56
2026-06-19 20:37:52,lht65-02,52.25,5.97326,3.01,25.82,79.7,28.43
2026-06-19 20:47:52,lht65-02,52.25,5.97326,3.021,25.71,79.9,28.31
2026-06-19 20:57:52,lht65-02,52.25,5.97326,3.023,25.98,71.1,28.25
2026-06-19 21:07:52,lht65-02,52.25,5.97326,3.023,26.94,67.4,28.12
2026-06-19 21:17:52,lht65-02,52.25,5.97326,3.021,26.27,63.1,28.06
2026-06-19 21:27:52,lht65-02,52.25,5.97326,2.952,24.5,69.5,27.93
2026-06-19 21:37:52,lht65-02,52.25,5.97326,3.001,22.92,77.9,27.81
2026-06-19 21:47:52,lht65-02,52.25,5.97326,2.98,22.05,82.1,27.68
2026-06-19 21:57:52,lht65-02,52.25,5.97326,3.023,21.68,84.3,27.62
2026-06-19 22:07:52,lht65-02,52.25,5.97326,3.023,21.46,85.4,27.5
2026-06-19 22:17:52,lht65-02,52.25,5.97326,3.019,21.36,86.6,27.37
2026-06-19 22:27:52,lht65-02,52.25,5.97326,3.023,21.26,87.1,27.25
2026-06-19 22:37:52,lht65-02,52.25,5.97326,3.021,21.1,86.9,27.12
2026-06-19 22:47:52,lht65-02,52.25,5.97326,2.948,20.95,87.2,27.0
2026-06-19 22:57:51,lht65-02,52.25,5.97326,3.0,20.92,88.2,26.93
2026-06-19 23:07:52,lht65-02,52.25,5.97326,2.998,20.91,89.0,26.81
2026-06-19 23:17:51,lht65-02,52.25,5.97326,2.991,20.9,89.2,26.68
2026-06-19 23:27:51,lht65-02,52.25,5.97326,2.998,20.88,89.9,26.62
2026-06-19 23:37:52,lht65-02,52.25,5.97326,2.996,20.85,90.0,26.5
2026-06-19 23:47:51,lht65-02,52.25,5.97326,3.01,20.77,89.2,26.43
2026-06-19 23:57:52,lht65-02,52.25,5.97326,3.012,20.63,89.3,26.31
2026-06-20 00:07:51,lht65-02,52.25,5.97326,3.012,20.54,89.9,26.25
2026-06-20 00:17:51,lht65-02,52.25,5.97326,3.012,20.49,90.4,26.12
2026-06-20 00:27:52,lht65-02,52.25,5.97326,3.012,20.46,91.0,26.06
2026-06-20 00:37:51,lht65-02,52.25,5.97326,3.012,20.46,91.6,26.0
2026-06-20 00:47:51,lht65-02,52.25,5.97326,3.014,20.46,91.8,25.93
2026-06-20 00:57:51,lht65-02,52.25,5.97326,3.012,20.41,91.5,25.81
2026-06-20 01:07:51,lht65-02,52.25,5.97326,3.012,20.25,90.8,25.75
2026-06-20 01:17:51,lht65-02,52.25,5.97326,2.991,20.07,90.6,25.68
2026-06-20 01:27:51,lht65-02,52.25,5.97326,3.012,19.86,91.0,25.62
2026-06-20 01:37:51,lht65-02,52.25,5.97326,3.016,19.86,91.7,25.5
2026-06-20 01:47:51,lht65-02,52.25,5.97326,3.016,19.86,92.1,25.43
2026-06-20 01:57:51,lht65-02,52.25,5.97326,3.016,19.91,92.0,25.37
2026-06-20 02:07:52,lht65-02,52.25,5.97326,3.014,19.97,92.2,25.31
2026-06-20 02:17:51,lht65-02,52.25,5.97326,3.016,19.98,92.0,25.25
2026-06-20 02:27:51,lht65-02,52.25,5.97326,3.014,19.93,92.1,25.18
2026-06-20 02:37:51,lht65-02,52.25,5.97326,3.014,19.86,92.2,25.06
2026-06-20 02:47:51,lht65-02,52.25,5.97326,3.01,19.86,92.1,25.06
2026-06-20 02:57:51,lht65-02,52.25,5.97326,3.016,19.86,92.6,25.0
2026-06-20 03:07:51,lht65-02,52.25,5.97326,3.01,19.84,91.5,24.93
2026-06-20 03:17:51,lht65-02,52.25,5.97326,3.009,19.84,91.8,24.87
2026-06-20 03:27:51,lht65-02,52.25,5.97326,3.014,19.82,92.3,24.75
2026-06-20 03:37:51,lht65-02,52.25,5.97326,3.016,19.77,92.9,24.68
2026-06-20 03:47:51,lht65-02,52.25,5.97326,3.016,19.8,93.6,24.62
2026-06-20 03:57:51,lht65-02,52.25,5.97326,3.016,19.84,94.4,24.56
2026-06-20 04:17:51,lht65-02,52.25,5.97326,3.016,19.86,95.7,24.37
2026-06-20 04:27:51,lht65-02,52.25,5.97326,3.016,20.03,95.8,24.31
2026-06-20 04:37:51,lht65-02,52.25,5.97326,3.014,20.2,95.3,24.25
2026-06-20 04:47:51,lht65-02,52.25,5.97326,3.014,20.46,94.6,24.18
2026-06-20 04:57:51,lht65-02,52.25,5.97326,3.014,20.84,94.0,24.18
2026-06-20 05:07:51,lht65-02,52.25,5.97326,3.014,21.16,92.7,24.06
2026-06-20 05:17:51,lht65-02,52.25,5.97326,3.012,21.49,92.0,24.06
2026-06-20 05:27:51,lht65-02,52.25,5.97326,3.012,21.88,91.2,24.06
2026-06-20 05:37:51,lht65-02,52.25,5.97326,3.012,22.5,90.7,24.0
2026-06-20 05:47:51,lht65-02,52.25,5.97326,3.012,23.33,90.6,23.93
2026-06-20 05:57:51,lht65-02,52.25,5.97326,3.016,24.13,90.2,23.93
2026-06-20 06:07:51,lht65-02,52.25,5.97326,3.012,24.49,88.8,23.93
2026-06-20 06:17:51,lht65-02,52.25,5.97326,3.012,24.72,87.8,23.93
2026-06-20 06:27:51,lht65-02,52.25,5.97326,3.012,25.6,88.5,24.0
2026-06-20 06:37:51,lht65-02,52.25,5.97326,3.01,27.17,86.8,24.0
2026-06-20 06:47:51,lht65-02,52.25,5.97326,3.007,29.21,85.8,24.0
2026-06-20 06:57:51,lht65-02,52.25,5.97326,3.01,29.72,74.0,24.06
2026-06-20 07:07:51,lht65-02,52.25,5.97326,3.01,30.15,74.6,24.12
2026-06-20 07:17:51,lht65-02,52.25,5.97326,3.009,30.43,70.0,24.25
2026-06-20 07:27:51,lht65-02,52.25,5.97326,3.005,30.51,67.6,24.31
2026-06-20 07:37:51,lht65-02,52.25,5.97326,3.001,30.44,66.1,24.43
2026-06-20 07:47:51,lht65-02,52.25,5.97326,3.005,30.53,66.8,24.5
2026-06-20 07:57:51,lht65-02,52.25,5.97326,3.001,30.82,64.3,24.62
2026-06-20 08:07:51,lht65-02,52.25,5.97326,3.001,31.17,62.1,24.68
2026-06-20 08:17:51,lht65-02,52.25,5.97326,3.007,32.03,61.8,24.81
2026-06-20 08:27:51,lht65-02,52.25,5.97326,3.001,32.74,59.2,24.93
2026-06-20 08:37:51,lht65-02,52.25,5.97326,3.009,33.26,58.8,25.06
2026-06-20 08:47:51,lht65-02,52.25,5.97326,3.014,33.92,57.6,25.18
2026-06-20 08:57:51,lht65-02,52.25,5.97326,3.009,34.52,56.4,25.31
2026-06-20 09:07:51,lht65-02,52.25,5.97326,2.994,35.74,53.2,25.43
2026-06-20 09:17:51,lht65-02,52.25,5.97326,2.973,36.31,53.5,25.62
2026-06-20 09:27:51,lht65-02,52.25,5.97326,2.962,36.91,49.7,25.75
2026-06-20 09:37:50,lht65-02,52.25,5.97326,2.989,37.53,49.3,25.93
2026-06-20 09:47:51,lht65-02,52.25,5.97326,3.005,37.48,48.4,26.12
2026-06-20 09:57:51,lht65-02,52.25,5.97326,3.001,37.84,50.7,26.31
2026-06-20 10:07:50,lht65-02,52.25,5.97326,2.998,38.22,47.9,26.5
2026-06-20 10:17:51,lht65-02,52.25,5.97326,2.966,38.91,47.7,26.68
2026-06-20 10:27:51,lht65-02,52.25,5.97326,2.9,39.25,48.6,26.93
2026-06-20 10:37:51,lht65-02,52.25,5.97326,3.009,40.16,46.4,27.12
2026-06-20 10:47:51,lht65-02,52.25,5.97326,3.012,40.07,45.1,27.37
2026-06-20 10:57:50,lht65-02,52.25,5.97326,3.016,39.98,45.5,27.5
2026-06-20 11:07:51,lht65-02,52.25,5.97326,3.014,38.99,46.5,27.75
2026-06-20 11:17:51,lht65-02,52.25,5.97326,3.014,38.39,46.6,27.93
2026-06-20 11:27:51,lht65-02,52.25,5.97326,3.014,37.76,50.3,28.06
2026-06-20 11:37:51,lht65-02,52.25,5.97326,3.012,38.51,48.3,28.25
2026-06-20 11:47:50,lht65-02,52.25,5.97326,3.01,38.27,51.2,28.43
2026-06-20 11:57:50,lht65-02,52.25,5.97326,3.012,38.51,48.7,28.56
2026-06-20 12:07:50,lht65-02,52.25,5.97326,3.012,38.92,47.6,28.75
2026-06-20 12:17:50,lht65-02,52.25,5.97326,3.01,39.68,48.0,28.87
2026-06-20 12:27:50,lht65-02,52.25,5.97326,3.01,39.37,46.4,29.0
2026-06-20 12:37:50,lht65-02,52.25,5.97326,3.01,38.81,49.3,29.12
2026-06-20 12:47:50,lht65-02,52.25,5.97326,3.012,39.02,48.3,29.25
2026-06-20 12:57:50,lht65-02,52.25,5.97326,3.012,39.06,46.5,29.37
2026-06-20 13:07:50,lht65-02,52.25,5.97326,3.012,39.06,47.6,29.5
2026-06-20 13:17:50,lht65-02,52.25,5.97326,3.012,38.75,46.5,29.68
2026-06-20 13:27:50,lht65-02,52.25,5.97326,3.009,38.85,47.4,29.81
2026-06-20 13:37:50,lht65-02,52.25,5.97326,3.01,38.57,48.1,29.93
2026-06-20 13:47:51,lht65-02,52.25,5.97326,3.009,39.06,44.9,30.06
2026-06-20 13:57:50,lht65-02,52.25,5.97326,3.01,38.32,49.7,30.18
2026-06-20 14:07:50,lht65-02,52.25,5.97326,3.012,38.23,47.7,30.31
2026-06-20 14:17:50,lht65-02,52.25,5.97326,3.01,37.81,46.3,30.43
2026-06-20 14:27:50,lht65-02,52.25,5.97326,3.012,37.91,47.6,30.56
2026-06-20 14:37:50,lht65-02,52.25,5.97326,3.01,38.15,46.2,30.62
2026-06-20 14:47:50,lht65-02,52.25,5.97326,3.012,37.55,45.4,30.68
2026-06-20 14:57:50,lht65-02,52.25,5.97326,3.01,36.94,47.1,30.81
2026-06-20 15:07:50,lht65-02,52.25,5.97326,3.012,36.45,47.2,30.87
2026-06-20 15:17:50,lht65-02,52.25,5.97326,3.012,36.03,44.4,30.93
2026-06-20 15:27:50,lht65-02,52.25,5.97326,3.01,36.05,44.0,31.0
2026-06-20 15:37:50,lht65-02,52.25,5.97326,3.01,35.72,47.9,30.93
2026-06-20 15:47:50,lht65-02,52.25,5.97326,3.012,35.41,46.9,31.0
2026-06-20 15:57:50,lht65-02,52.25,5.97326,3.005,34.32,52.0,31.0
2026-06-20 16:07:50,lht65-02,52.25,5.97326,2.991,32.65,54.6,31.0
2026-06-20 16:17:50,lht65-02,52.25,5.97326,2.996,31.44,54.9,30.93
2026-06-20 16:27:50,lht65-02,52.25,5.97326,3.009,30.56,61.0,30.87
2026-06-20 16:37:50,lht65-02,52.25,5.97326,3.014,30.16,63.2,30.81
2026-06-20 16:47:50,lht65-02,52.25,5.97326,3.009,29.79,64.7,30.68
2026-06-20 16:57:50,lht65-02,52.25,5.97326,3.005,29.34,67.2,30.56
2026-06-20 17:07:50,lht65-02,52.25,5.97326,3.009,29.0,68.0,30.43
2026-06-20 17:17:52,lht65-02,52.25,5.97326,3.014,29.0,70.1,30.37
2026-06-20 17:27:50,lht65-02,52.25,5.97326,3.019,29.0,71.0,30.25
2026-06-20 17:37:50,lht65-02,52.25,5.97326,3.019,29.0,70.1,30.12
2026-06-20 17:47:50,lht65-02,52.25,5.97326,3.019,28.82,67.7,30.0
2026-06-20 17:57:50,lht65-02,52.25,5.97326,3.021,28.52,66.5,29.87
2026-06-20 18:07:50,lht65-02,52.25,5.97326,3.023,28.24,66.7,29.81
2026-06-20 18:17:50,lht65-02,52.25,5.97326,3.023,28.04,69.4,29.68
2026-06-20 18:27:50,lht65-02,52.25,5.97326,3.021,27.83,71.3,29.56
2026-06-20 18:37:50,lht65-02,52.25,5.97326,3.019,27.49,71.8,29.43
2026-06-20 18:47:50,lht65-02,52.25,5.97326,3.018,27.04,73.3,29.31
2026-06-20 18:57:50,lht65-02,52.25,5.97326,3.016,26.54,74.8,29.18
2026-06-20 19:07:50,lht65-02,52.25,5.97326,3.016,26.02,74.9,29.06
2026-06-20 19:17:50,lht65-02,52.25,5.97326,3.009,25.34,76.0,28.93
2026-06-20 19:27:49,lht65-02,52.25,5.97326,2.989,24.66,78.0,28.87
2026-06-20 19:37:49,lht65-02,52.25,5.97326,2.996,23.96,79.5,28.75
2026-06-20 19:47:49,lht65-02,52.25,5.97326,3.012,23.35,80.8,28.62
2026-06-20 19:57:50,lht65-02,52.25,5.97326,2.987,22.84,82.0,28.5
2026-06-20 20:07:49,lht65-02,52.25,5.97326,2.987,22.36,83.2,28.37
2026-06-20 20:17:49,lht65-02,52.25,5.97326,3.009,21.87,83.5,28.18
2026-06-20 20:27:50,lht65-02,52.25,5.97326,2.983,21.45,84.5,28.12
2026-06-20 20:37:49,lht65-02,52.25,5.97326,3.009,21.12,84.8,28.0
2026-06-20 20:47:49,lht65-02,52.25,5.97326,3.016,20.84,85.7,27.87
2026-06-20 20:57:49,lht65-02,52.25,5.97326,2.978,20.53,85.9,27.68
2026-06-20 21:07:49,lht65-02,52.25,5.97326,2.996,20.26,86.4,27.56
2026-06-20 21:17:49,lht65-02,52.25,5.97326,3.009,19.98,86.9,27.43
2026-06-20 21:27:49,lht65-02,52.25,5.97326,2.848,19.84,87.5,27.31
2026-06-20 21:37:49,lht65-02,52.25,5.97326,3.016,19.6,87.8,27.25
2026-06-20 21:47:49,lht65-02,52.25,5.97326,3.005,19.38,88.5,27.12
2026-06-20 21:57:49,lht65-02,52.25,5.97326,3.009,19.23,89.0,27.0
2026-06-20 22:07:50,lht65-02,52.25,5.97326,3.009,19.14,89.4,26.87
2026-06-20 22:17:49,lht65-02,52.25,5.97326,3.012,19.08,90.1,26.75
2026-06-20 22:27:49,lht65-02,52.25,5.97326,3.012,19.08,90.6,26.62
2026-06-20 22:37:49,lht65-02,52.25,5.97326,3.012,19.08,90.7,26.5
2026-06-20 22:47:49,lht65-02,52.25,5.97326,3.012,19.07,90.7,26.43
2026-06-20 22:57:49,lht65-02,52.25,5.97326,3.014,19.06,90.8,26.31
2026-06-20 23:07:49,lht65-02,52.25,5.97326,3.014,19.05,90.6,26.18
2026-06-20 23:17:49,lht65-02,52.25,5.97326,3.014,19.0,90.6,26.12
2026-06-20 23:27:49,lht65-02,52.25,5.97326,3.014,18.92,90.6,26.0
2026-06-20 23:37:49,lht65-02,52.25,5.97326,3.012,18.91,90.9,25.93
2026-06-20 23:47:49,lht65-02,52.25,5.97326,3.012,18.9,91.1,25.81
2026-06-20 23:57:49,lht65-02,52.25,5.97326,3.014,18.89,91.2,25.75
2026-06-21 00:07:50,lht65-02,52.25,5.97326,3.012,18.76,91.0,25.62
2026-06-21 00:17:49,lht65-02,52.25,5.97326,2.976,18.74,91.5,25.56
2026-06-21 00:27:49,lht65-02,52.25,5.97326,3.016,18.74,91.7,25.5
2026-06-21 00:37:49,lht65-02,52.25,5.97326,3.019,18.78,92.0,25.43
2026-06-21 00:47:49,lht65-02,52.25,5.97326,3.016,18.86,92.4,25.31
2026-06-21 00:57:49,lht65-02,52.25,5.97326,3.019,18.92,92.6,25.25
2026-06-21 01:07:49,lht65-02,52.25,5.97326,3.016,19.04,93.0,25.18
2026-06-21 01:17:49,lht65-02,52.25,5.97326,3.016,19.31,92.7,25.12
2026-06-21 01:27:49,lht65-02,52.25,5.97326,3.016,19.57,92.0,25.0
2026-06-21 01:37:49,lht65-02,52.25,5.97326,3.009,19.77,91.2,25.0
2026-06-21 01:47:49,lht65-02,52.25,5.97326,3.014,19.86,91.3,24.87
2026-06-21 01:57:49,lht65-02,52.25,5.97326,3.016,19.89,91.2,24.81
2026-06-21 02:07:49,lht65-02,52.25,5.97326,3.012,20.07,91.6,24.81
2026-06-21 02:17:49,lht65-02,52.25,5.97326,3.009,20.14,92.0,24.75
2026-06-21 02:27:49,lht65-02,52.25,5.97326,3.012,20.08,92.1,24.68
2026-06-21 02:37:49,lht65-02,52.25,5.97326,3.012,20.01,92.2,24.62
2026-06-21 02:47:49,lht65-02,52.25,5.97326,3.016,19.86,92.4,24.62
2026-06-21 02:57:49,lht65-02,52.25,5.97326,3.01,19.86,92.7,24.56
2026-06-21 03:07:49,lht65-02,52.25,5.97326,3.012,19.86,93.3,24.5
2026-06-21 03:17:49,lht65-02,52.25,5.97326,3.014,19.86,93.4,24.43
2026-06-21 03:27:49,lht65-02,52.25,5.97326,3.012,19.86,93.6,24.37
2026-06-21 03:37:49,lht65-02,52.25,5.97326,3.01,19.86,93.8,24.37
2026-06-21 03:47:49,lht65-02,52.25,5.97326,3.01,19.86,94.1,24.31
2026-06-21 03:57:49,lht65-02,52.25,5.97326,3.01,19.86,94.5,24.25
2026-06-21 04:07:49,lht65-02,52.25,5.97326,3.012,19.86,94.7,24.25
2026-06-21 04:17:49,lht65-02,52.25,5.97326,3.014,19.86,94.9,24.18
2026-06-21 04:27:49,lht65-02,52.25,5.97326,3.012,19.86,95.0,24.18
2026-06-21 04:37:49,lht65-02,52.25,5.97326,3.012,20.04,95.2,24.12
2026-06-21 04:47:49,lht65-02,52.25,5.97326,3.016,20.34,95.4,24.06
2026-06-21 04:57:49,lht65-02,52.25,5.97326,3.012,20.91,95.5,24.0
2026-06-21 05:07:48,lht65-02,52.25,5.97326,3.014,21.56,95.0,24.0
2026-06-21 05:17:49,lht65-02,52.25,5.97326,3.012,22.15,93.8,24.0
2026-06-21 05:27:48,lht65-02,52.25,5.97326,3.016,22.59,92.4,24.0
2026-06-21 05:37:48,lht65-02,52.25,5.97326,3.016,23.07,91.2,24.0
2026-06-21 05:47:49,lht65-02,52.25,5.97326,3.012,23.76,90.4,24.0
2026-06-21 05:57:48,lht65-02,52.25,5.97326,3.016,24.56,90.6,24.0
2026-06-21 06:07:49,lht65-02,52.25,5.97326,3.018,25.51,89.8,24.0
2026-06-21 06:17:48,lht65-02,52.25,5.97326,3.01,26.14,88.7,24.0
2026-06-21 06:27:48,lht65-02,52.25,5.97326,3.014,26.59,87.8,24.06
2026-06-21 06:37:48,lht65-02,52.25,5.97326,3.016,26.49,86.5,24.12
2026-06-21 06:47:49,lht65-02,52.25,5.97326,3.016,26.47,87.1,24.18
2026-06-21 06:57:48,lht65-02,52.25,5.97326,3.014,26.87,88.1,24.18
2026-06-21 07:07:48,lht65-02,52.25,5.97326,3.014,27.38,87.7,24.25
2026-06-21 07:17:48,lht65-02,52.25,5.97326,3.009,28.17,87.0,24.31
2026-06-21 07:27:49,lht65-02,52.25,5.97326,3.01,28.57,79.5,24.37
2026-06-21 07:37:48,lht65-02,52.25,5.97326,3.01,29.82,74.1,24.43
2026-06-21 07:47:48,lht65-02,52.25,5.97326,3.009,30.18,72.9,24.5
2026-06-21 07:57:48,lht65-02,52.25,5.97326,3.012,30.46,68.8,24.62
2026-06-21 08:07:48,lht65-02,52.25,5.97326,3.014,29.07,65.0,24.68
2026-06-21 08:17:48,lht65-02,52.25,5.97326,3.012,29.11,66.9,24.81
2026-06-21 08:27:48,lht65-02,52.25,5.97326,3.014,28.84,68.3,24.93
2026-06-21 08:37:48,lht65-02,52.25,5.97326,3.012,29.58,72.0,25.06
2026-06-21 08:47:48,lht65-02,52.25,5.97326,3.016,30.49,70.1,25.18
2026-06-21 08:57:48,lht65-02,52.25,5.97326,3.003,30.85,61.5,25.25
2026-06-21 09:07:48,lht65-02,52.25,5.97326,3.012,30.17,62.8,25.37
2026-06-21 09:17:48,lht65-02,52.25,5.97326,3.012,29.84,64.0,25.5
2026-06-21 09:27:48,lht65-02,52.25,5.97326,3.009,31.14,69.4,25.62
2026-06-21 09:37:48,lht65-02,52.25,5.97326,2.991,32.2,57.6,25.75
2026-06-21 09:47:48,lht65-02,52.25,5.97326,3.012,31.73,59.4,25.87
2026-06-21 09:57:48,lht65-02,52.25,5.97326,3.009,32.2,55.3,26.0
2026-06-21 10:07:48,lht65-02,52.25,5.97326,3.005,32.37,55.5,26.18
2026-06-21 10:17:48,lht65-02,52.25,5.97326,3.012,31.79,55.8,26.37
2026-06-21 10:27:48,lht65-02,52.25,5.97326,3.014,31.61,59.1,26.5
2026-06-21 10:37:48,lht65-02,52.25,5.97326,3.012,30.82,61.3,26.68
2026-06-21 10:47:48,lht65-02,52.25,5.97326,3.012,32.47,63.4,26.81
2026-06-21 10:57:48,lht65-02,52.25,5.97326,2.996,33.57,55.4,26.87
2026-06-21 11:07:48,lht65-02,52.25,5.97326,3.019,33.57,52.5,27.0
2026-06-21 11:17:48,lht65-02,52.25,5.97326,3.019,33.78,53.1,27.12
2026-06-21 11:27:48,lht65-02,52.25,5.97326,2.916,34.31,52.4,27.31
2026-06-21 11:37:48,lht65-02,52.25,5.97326,3.016,34.02,52.8,27.43
2026-06-21 11:47:48,lht65-02,52.25,5.97326,3.018,34.18,51.7,27.62
2026-06-21 11:57:48,lht65-02,52.25,5.97326,3.019,33.79,53.3,27.75
2026-06-21 12:07:48,lht65-02,52.25,5.97326,3.019,33.59,52.4,27.93
2026-06-21 12:17:48,lht65-02,52.25,5.97326,3.016,34.22,52.3,28.06
2026-06-21 12:27:48,lht65-02,52.25,5.97326,3.007,34.27,50.0,28.18
2026-06-21 12:37:48,lht65-02,52.25,5.97326,3.005,34.59,50.9,28.31
2026-06-21 12:47:48,lht65-02,52.25,5.97326,3.01,34.57,49.0,28.43
2026-06-21 12:57:48,lht65-02,52.25,5.97326,3.005,34.3,51.2,28.56
2026-06-21 13:07:48,lht65-02,52.25,5.97326,3.0,34.47,50.4,28.68
2026-06-21 13:17:48,lht65-02,52.25,5.97326,3.014,34.03,53.1,28.81
2026-06-21 13:27:48,lht65-02,52.25,5.97326,3.009,34.66,49.9,28.93
2026-06-21 13:37:48,lht65-02,52.25,5.97326,3.001,34.62,48.3,29.06
2026-06-21 13:47:48,lht65-02,52.25,5.97326,3.001,34.98,51.8,29.25
2026-06-21 13:57:48,lht65-02,52.25,5.97326,2.991,35.21,49.2,29.37
2026-06-21 14:07:48,lht65-02,52.25,5.97326,3.023,35.07,51.2,29.5
2026-06-21 14:17:48,lht65-02,52.25,5.97326,3.025,35.0,48.8,29.62
2026-06-21 14:27:48,lht65-02,52.25,5.97326,3.025,34.95,50.3,29.75
2026-06-21 14:37:48,lht65-02,52.25,5.97326,3.025,34.95,48.5,29.87
2026-06-21 14:47:48,lht65-02,52.25,5.97326,3.025,34.17,48.3,30.0
2026-06-21 14:57:48,lht65-02,52.25,5.97326,3.023,33.88,53.5,30.06
2026-06-21 15:07:48,lht65-02,52.25,5.97326,3.025,33.85,50.7,30.12
2026-06-21 15:17:47,lht65-02,52.25,5.97326,3.025,33.55,52.1,30.18
2026-06-21 15:27:48,lht65-02,52.25,5.97326,3.025,33.53,51.5,30.25
2026-06-21 15:37:48,lht65-02,52.25,5.97326,3.023,33.35,52.5,30.25
2026-06-21 15:47:47,lht65-02,52.25,5.97326,3.025,32.11,55.2,30.31
2026-06-21 15:57:48,lht65-02,52.25,5.97326,3.025,31.32,58.8,30.31
2026-06-21 16:07:48,lht65-02,52.25,5.97326,3.023,31.44,60.2,30.25
2026-06-21 16:17:47,lht65-02,52.25,5.97326,3.025,31.42,58.6,30.18
2026-06-21 16:27:48,lht65-02,52.25,5.97326,3.025,31.84,58.0,30.12
2026-06-21 16:37:47,lht65-02,52.25,5.97326,3.023,31.58,59.1,30.06
2026-06-21 16:47:48,lht65-02,52.25,5.97326,3.027,31.36,63.7,30.06
2026-06-21 16:57:48,lht65-02,52.25,5.97326,3.025,30.83,59.2,30.0
2026-06-21 17:07:47,lht65-02,52.25,5.97326,3.023,30.13,60.6,29.93
2026-06-21 17:17:47,lht65-02,52.25,5.97326,3.023,29.55,63.7,29.81
2026-06-21 17:27:47,lht65-02,52.25,5.97326,3.023,29.1,66.8,29.75
2026-06-21 17:37:48,lht65-02,52.25,5.97326,3.023,28.93,69.9,29.68
2026-06-21 17:47:48,lht65-02,52.25,5.97326,3.025,29.0,71.7,29.62
2026-06-21 17:57:47,lht65-02,52.25,5.97326,3.023,28.93,70.1,29.56
2026-06-21 18:07:47,lht65-02,52.25,5.97326,3.023,28.56,71.0,29.43
2026-06-21 18:17:47,lht65-02,52.25,5.97326,3.023,28.38,72.7,29.37
2026-06-21 18:27:47,lht65-02,52.25,5.97326,3.023,28.1,73.5,29.25
2026-06-21 18:37:47,lht65-02,52.25,5.97326,3.023,27.88,73.2,29.18
2026-06-21 18:47:47,lht65-02,52.25,5.97326,3.021,27.49,74.3,29.06
2026-06-21 18:57:47,lht65-02,52.25,5.97326,3.019,27.09,75.2,29.0
2026-06-21 19:07:47,lht65-02,52.25,5.97326,3.019,26.71,75.9,28.93
2026-06-21 19:17:48,lht65-02,52.25,5.97326,3.021,26.26,77.5,28.81
2026-06-21 19:27:47,lht65-02,52.25,5.97326,3.019,25.68,78.1,28.68
2026-06-21 19:37:47,lht65-02,52.25,5.97326,3.021,25.31,79.5,28.62
2026-06-21 19:47:47,lht65-02,52.25,5.97326,3.019,24.66,80.4,28.5
2026-06-21 19:57:47,lht65-02,52.25,5.97326,3.016,24.12,81.6,28.43
2026-06-21 20:07:47,lht65-02,52.25,5.97326,3.016,23.5,81.6,28.31
2026-06-21 20:17:47,lht65-02,52.25,5.97326,3.021,22.98,80.4,28.18
2026-06-21 20:27:47,lht65-02,52.25,5.97326,3.009,22.59,81.1,28.06
2026-06-21 20:37:47,lht65-02,52.25,5.97326,3.019,22.24,81.2,27.93
2026-06-21 20:47:47,lht65-02,52.25,5.97326,3.0,21.96,81.5,27.87
2026-06-21 20:57:47,lht65-02,52.25,5.97326,3.021,21.68,83.1,27.75
2026-06-21 21:07:47,lht65-02,52.25,5.97326,3.007,21.42,83.6,27.62
2026-06-21 21:17:47,lht65-02,52.25,5.97326,3.016,21.12,83.3,27.5
2026-06-21 21:27:47,lht65-02,52.25,5.97326,2.969,20.78,83.8,27.37
2026-06-21 21:37:47,lht65-02,52.25,5.97326,3.003,20.51,84.6,27.25
2026-06-21 21:47:47,lht65-02,52.25,5.97326,2.998,20.32,85.8,27.18
2026-06-21 21:57:47,lht65-02,52.25,5.97326,2.924,20.14,85.9,27.06
2026-06-21 22:07:47,lht65-02,52.25,5.97326,3.009,19.93,86.4,26.93
2026-06-21 22:17:47,lht65-02,52.25,5.97326,3.009,19.86,87.0,26.81
2026-06-21 22:27:47,lht65-02,52.25,5.97326,3.01,19.77,87.2,26.75
2026-06-21 22:37:47,lht65-02,52.25,5.97326,3.009,19.58,87.1,26.62
2026-06-21 22:47:47,lht65-02,52.25,5.97326,2.992,19.38,87.2,26.5
2026-06-21 22:57:47,lht65-02,52.25,5.97326,3.01,19.24,87.6,26.43
2026-06-21 23:07:47,lht65-02,52.25,5.97326,3.009,19.09,87.4,26.37
2026-06-21 23:17:47,lht65-02,52.25,5.97326,3.01,18.93,87.3,26.25
2026-06-21 23:27:47,lht65-02,52.25,5.97326,3.009,18.77,86.8,26.12
2026-06-21 23:37:47,lht65-02,52.25,5.97326,2.989,18.57,87.1,26.06
2026-06-21 23:47:47,lht65-02,52.25,5.97326,3.009,18.45,87.6,26.0
2026-06-21 23:57:47,lht65-02,52.25,5.97326,3.005,18.19,86.5,25.87
2026-06-22 00:07:47,lht65-02,52.25,5.97326,3.009,18.02,87.6,25.75
2026-06-22 00:17:47,lht65-02,52.25,5.97326,3.001,17.88,86.8,25.68
2026-06-22 00:27:47,lht65-02,52.25,5.97326,2.959,17.71,87.5,25.56
2026-06-22 00:37:47,lht65-02,52.25,5.97326,3.007,17.56,87.0,25.5
2026-06-22 00:47:47,lht65-02,52.25,5.97326,3.007,17.39,87.1,25.43
2026-06-22 00:57:47,lht65-02,52.25,5.97326,3.007,17.27,87.2,25.31
2026-06-22 01:07:47,lht65-02,52.25,5.97326,3.003,17.09,87.1,25.25
2026-06-22 01:17:46,lht65-02,52.25,5.97326,2.919,17.01,87.3,25.12
2026-06-22 01:27:47,lht65-02,52.25,5.97326,3.027,16.85,86.8,25.06
2026-06-22 01:37:47,lht65-02,52.25,5.97326,3.023,16.68,86.9,25.0
2026-06-22 01:47:47,lht65-02,52.25,5.97326,3.025,16.53,86.8,24.87
2026-06-22 01:57:46,lht65-02,52.25,5.97326,2.922,16.37,86.9,24.81
2026-06-22 02:07:46,lht65-02,52.25,5.97326,3.007,16.23,87.4,24.68
2026-06-22 02:17:46,lht65-02,52.25,5.97326,3.012,16.09,87.4,24.68
2026-06-22 02:27:46,lht65-02,52.25,5.97326,3.016,15.95,87.4,24.56
2026-06-22 02:37:47,lht65-02,52.25,5.97326,3.01,15.81,87.9,24.5
2026-06-22 02:47:46,lht65-02,52.25,5.97326,3.012,15.72,88.0,24.43
2026-06-22 02:57:46,lht65-02,52.25,5.97326,3.009,15.68,88.3,24.31
2026-06-22 03:07:46,lht65-02,52.25,5.97326,3.012,15.55,88.0,24.25
2026-06-22 03:17:46,lht65-02,52.25,5.97326,2.996,15.5,88.4,24.12
2026-06-22 03:27:46,lht65-02,52.25,5.97326,3.009,15.5,89.0,24.06
2026-06-22 03:37:46,lht65-02,52.25,5.97326,3.021,15.55,89.6,24.0
2026-06-22 03:47:46,lht65-02,52.25,5.97326,3.019,15.67,90.0,23.93
2026-06-22 03:57:46,lht65-02,52.25,5.97326,3.021,15.81,90.4,23.87
2026-06-22 04:07:46,lht65-02,52.25,5.97326,3.021,16.07,90.6,23.81
2026-06-22 04:17:46,lht65-02,52.25,5.97326,3.021,16.46,90.3,23.75
2026-06-22 04:27:46,lht65-02,52.25,5.97326,3.023,16.97,89.6,23.68
2026-06-22 04:37:46,lht65-02,52.25,5.97326,3.021,17.36,89.2,23.62
2026-06-22 04:47:46,lht65-02,52.25,5.97326,3.021,18.06,88.7,23.56
2026-06-22 04:57:46,lht65-02,52.25,5.97326,3.023,18.73,87.9,23.5
2026-06-22 05:07:46,lht65-02,52.25,5.97326,3.023,19.51,87.5,23.5
2026-06-22 05:17:46,lht65-02,52.25,5.97326,3.023,20.31,86.8,23.43
2026-06-22 05:27:47,lht65-02,52.25,5.97326,3.023,21.26,86.2,23.43
2026-06-22 05:37:46,lht65-02,52.25,5.97326,3.025,22.24,84.7,23.43
2026-06-22 05:47:46,lht65-02,52.25,5.97326,3.023,23.28,83.5,23.43
2026-06-22 05:57:46,lht65-02,52.25,5.97326,3.023,24.17,81.1,23.43
2026-06-22 06:07:46,lht65-02,52.25,5.97326,3.023,24.97,80.4,23.43
2026-06-22 06:17:46,lht65-02,52.25,5.97326,3.021,25.96,80.2,23.5
2026-06-22 06:27:46,lht65-02,52.25,5.97326,3.021,26.9,78.9,23.56
2026-06-22 06:37:46,lht65-02,52.25,5.97326,3.019,27.93,78.4,23.62
2026-06-22 06:47:46,lht65-02,52.25,5.97326,3.019,28.79,77.1,23.68
2026-06-22 06:57:46,lht65-02,52.25,5.97326,3.019,29.08,72.4,23.75
2026-06-22 07:07:46,lht65-02,52.25,5.97326,3.021,28.96,71.2,23.87
2026-06-22 07:17:46,lht65-02,52.25,5.97326,3.023,28.99,70.2,23.93
2026-06-22 07:27:46,lht65-02,52.25,5.97326,3.023,29.12,71.8,24.06
2026-06-22 07:37:46,lht65-02,52.25,5.97326,3.014,29.55,72.5,24.18
2026-06-22 07:47:46,lht65-02,52.25,5.97326,3.016,29.93,67.8,24.25
2026-06-22 07:57:46,lht65-02,52.25,5.97326,3.019,29.98,67.0,24.43
2026-06-22 08:07:46,lht65-02,52.25,5.97326,3.019,30.07,57.2,24.56
2026-06-22 08:17:46,lht65-02,52.25,5.97326,3.019,28.52,54.0,24.68
2026-06-22 08:27:46,lht65-02,52.25,5.97326,3.019,27.6,59.8,24.81
2026-06-22 08:37:46,lht65-02,52.25,5.97326,3.019,27.49,59.6,24.93
2026-06-22 08:47:46,lht65-02,52.25,5.97326,3.019,29.1,68.2,25.0
2026-06-22 08:57:46,lht65-02,52.25,5.97326,3.016,29.95,53.7,25.12
2026-06-22 09:07:46,lht65-02,52.25,5.97326,3.021,29.81,54.1,25.25
2026-06-22 09:17:46,lht65-02,52.25,5.97326,3.023,29.71,54.9,25.37
2026-06-22 09:27:46,lht65-02,52.25,5.97326,3.019,30.23,62.0,25.56
2026-06-22 09:37:46,lht65-02,52.25,5.97326,2.991,31.8,49.1,25.68
2026-06-22 09:47:46,lht65-02,52.25,5.97326,3.016,30.83,52.0,25.87
2026-06-22 09:57:46,lht65-02,52.25,5.97326,3.018,30.83,51.2,26.0
2026-06-22 10:07:46,lht65-02,52.25,5.97326,3.018,31.29,60.0,26.18
2026-06-22 10:17:46,lht65-02,52.25,5.97326,2.964,33.13,51.5,26.37
2026-06-22 10:27:46,lht65-02,52.25,5.97326,3.012,32.65,48.3,26.56
2026-06-22 10:37:46,lht65-02,52.25,5.97326,3.012,32.19,50.2,26.75
2026-06-22 10:47:46,lht65-02,52.25,5.97326,3.012,32.2,55.0,26.87
2026-06-22 10:57:46,lht65-02,52.25,5.97326,2.968,33.72,49.3,27.06
2026-06-22 11:07:46,lht65-02,52.25,5.97326,2.987,33.18,47.1,27.25
2026-06-22 11:17:45,lht65-02,52.25,5.97326,2.991,32.62,47.8,27.37
2026-06-22 11:27:45,lht65-02,52.25,5.97326,2.987,32.55,51.0,27.5
2026-06-22 11:37:45,lht65-02,52.25,5.97326,2.991,32.53,49.7,27.68
2026-06-22 11:47:46,lht65-02,52.25,5.97326,3.009,32.51,51.2,27.81
2026-06-22 11:57:46,lht65-02,52.25,5.97326,3.012,32.89,50.0,27.93
2026-06-22 12:07:46,lht65-02,52.25,5.97326,3.014,32.91,48.7,28.06
2026-06-22 12:17:45,lht65-02,52.25,5.97326,3.01,32.77,48.9,28.18
2026-06-22 12:27:45,lht65-02,52.25,5.97326,3.012,32.66,51.4,28.25
2026-06-22 12:37:46,lht65-02,52.25,5.97326,3.012,32.95,50.7,28.43
2026-06-22 12:47:45,lht65-02,52.25,5.97326,3.016,32.78,48.9,28.5
2026-06-22 12:57:45,lht65-02,52.25,5.97326,3.014,32.4,50.0,28.62
2026-06-22 13:07:45,lht65-02,52.25,5.97326,3.016,32.35,52.9,28.68
2026-06-22 13:17:45,lht65-02,52.25,5.97326,3.016,32.39,51.7,28.81
2026-06-22 13:27:46,lht65-02,52.25,5.97326,3.014,32.65,51.3,28.93
2026-06-22 13:37:45,lht65-02,52.25,5.97326,3.014,33.11,50.0,29.0
2026-06-22 13:47:45,lht65-02,52.25,5.97326,3.012,33.37,47.6,29.12
2026-06-22 13:57:45,lht65-02,52.25,5.97326,3.01,32.78,48.3,29.18
2026-06-22 14:07:45,lht65-02,52.25,5.97326,3.009,32.85,48.7,29.31
2026-06-22 14:17:45,lht65-02,52.25,5.97326,3.01,33.16,48.1,29.37
2026-06-22 14:27:45,lht65-02,52.25,5.97326,3.01,33.29,49.4,29.43
2026-06-22 14:37:45,lht65-02,52.25,5.97326,3.01,33.41,48.3,29.56
2026-06-22 14:47:46,lht65-02,52.25,5.97326,3.01,33.29,49.7,29.68
2026-06-22 14:57:45,lht65-02,52.25,5.97326,3.009,33.48,48.1,29.75
2026-06-22 15:07:45,lht65-02,52.25,5.97326,3.012,33.3,49.7,29.81
2026-06-22 15:17:45,lht65-02,52.25,5.97326,3.012,32.93,50.0,29.87
2026-06-22 15:27:45,lht65-02,52.25,5.97326,3.012,32.65,49.8,29.93
2026-06-22 15:37:45,lht65-02,52.25,5.97326,3.012,32.8,48.0,29.93
2026-06-22 15:47:45,lht65-02,52.25,5.97326,3.012,32.2,50.9,30.0
2026-06-22 15:57:45,lht65-02,52.25,5.97326,3.01,32.04,50.8,30.06
2026-06-22 16:07:45,lht65-02,52.25,5.97326,3.014,32.04,54.1,30.06
2026-06-22 16:17:45,lht65-02,52.25,5.97326,3.012,32.04,50.9,30.0
2026-06-22 16:27:45,lht65-02,52.25,5.97326,3.012,30.99,52.0,30.0
2026-06-22 16:37:45,lht65-02,52.25,5.97326,3.01,30.19,53.6,29.93
2026-06-22 16:47:45,lht65-02,52.25,5.97326,3.01,29.58,59.1,29.93
2026-06-22 16:57:45,lht65-02,52.25,5.97326,3.01,29.7,61.3,29.87
2026-06-22 17:07:45,lht65-02,52.25,5.97326,3.01,29.24,56.3,29.87
2026-06-22 17:17:45,lht65-02,52.25,5.97326,3.005,28.08,58.0,29.75
2026-06-22 17:27:45,lht65-02,52.25,5.97326,2.998,27.22,59.6,29.68
2026-06-22 17:37:45,lht65-02,52.25,5.97326,3.005,26.63,63.4,29.62
2026-06-22 17:47:45,lht65-02,52.25,5.97326,3.001,26.44,66.4,29.5
2026-06-22 17:57:45,lht65-02,52.25,5.97326,3.005,26.47,67.9,29.37
2026-06-22 18:07:45,lht65-02,52.25,5.97326,2.996,26.44,67.5,29.25
2026-06-22 18:17:45,lht65-02,52.25,5.97326,2.991,26.27,68.9,29.12
2026-06-22 18:27:45,lht65-02,52.25,5.97326,2.983,26.03,69.4,29.06
2026-06-22 18:37:45,lht65-02,52.25,5.97326,2.973,25.71,69.8,28.93
2026-06-22 18:47:45,lht65-02,52.25,5.97326,2.975,25.32,70.1,28.81
2026-06-22 18:57:45,lht65-02,52.25,5.97326,2.98,24.5,70.4,28.75
2026-06-22 19:07:45,lht65-02,52.25,5.97326,2.969,23.81,72.1,28.62
2026-06-22 19:17:45,lht65-02,52.25,5.97326,2.98,23.14,74.0,28.5
2026-06-22 19:27:45,lht65-02,52.25,5.97326,2.98,22.59,76.8,28.37
2026-06-22 19:37:45,lht65-02,52.25,5.97326,2.991,22.14,79.0,28.25
2026-06-22 19:47:45,lht65-02,52.25,5.97326,3.012,21.69,80.5,28.12
2026-06-22 19:57:45,lht65-02,52.25,5.97326,3.014,21.29,82.0,28.0
2026-06-22 20:07:45,lht65-02,52.25,5.97326,3.009,20.95,82.9,27.87
2026-06-22 20:17:45,lht65-02,52.25,5.97326,3.009,20.46,79.6,27.75
2026-06-22 20:27:45,lht65-02,52.25,5.97326,2.978,19.95,80.5,27.62
2026-06-22 20:37:44,lht65-02,52.25,5.97326,3.001,19.72,81.4,27.5
2026-06-22 20:47:44,lht65-02,52.25,5.97326,2.985,19.36,82.3,27.37
2026-06-22 20:57:45,lht65-02,52.25,5.97326,3.016,19.07,82.6,27.25
2026-06-22 21:07:44,lht65-02,52.25,5.97326,2.973,18.77,82.6,27.12
2026-06-22 21:17:44,lht65-02,52.25,5.97326,3.019,18.53,83.6,27.0
2026-06-22 21:27:45,lht65-02,52.25,5.97326,3.019,18.32,84.1,26.93
2026-06-22 21:37:44,lht65-02,52.25,5.97326,3.016,18.15,84.2,26.81
2026-06-22 21:47:44,lht65-02,52.25,5.97326,2.975,18.0,84.6,26.68
2026-06-22 21:57:44,lht65-02,52.25,5.97326,3.023,17.81,84.4,26.56
2026-06-22 22:07:44,lht65-02,52.25,5.97326,3.023,17.64,84.5,26.43
2026-06-22 22:17:44,lht65-02,52.25,5.97326,3.023,17.43,84.7,26.37
2026-06-22 22:27:44,lht65-02,52.25,5.97326,3.023,17.24,84.8,26.25
2026-06-22 22:37:48,lht65-02,52.25,5.97326,2.987,17.08,84.8,26.12
2026-06-22 22:47:44,lht65-02,52.25,5.97326,3.012,16.89,85.3,26.0
2026-06-22 22:57:44,lht65-02,52.25,5.97326,3.005,16.74,85.3,25.93
2026-06-22 23:07:44,lht65-02,52.25,5.97326,3.019,16.59,85.7,25.81
2026-06-22 23:17:44,lht65-02,52.25,5.97326,2.948,16.44,85.9,25.68
2026-06-22 23:27:44,lht65-02,52.25,5.97326,3.021,16.29,86.1,25.56
2026-06-22 23:37:44,lht65-02,52.25,5.97326,3.021,16.17,86.5,25.5
2026-06-22 23:47:44,lht65-02,52.25,5.97326,3.021,16.06,86.7,25.37
2026-06-22 23:57:44,lht65-02,52.25,5.97326,3.021,15.97,87.1,25.31
2026-06-23 00:07:44,lht65-02,52.25,5.97326,3.021,15.9,87.6,25.18
2026-06-23 00:17:44,lht65-02,52.25,5.97326,3.019,15.81,86.9,25.12
2026-06-23 00:27:44,lht65-02,52.25,5.97326,3.019,15.81,88.2,25.0
2026-06-23 00:37:44,lht65-02,52.25,5.97326,3.021,15.8,87.5,24.93
2026-06-23 00:47:44,lht65-02,52.25,5.97326,3.021,15.87,88.5,24.81
2026-06-23 00:57:44,lht65-02,52.25,5.97326,3.021,15.83,87.1,24.75
2026-06-23 01:07:44,lht65-02,52.25,5.97326,3.021,15.79,87.8,24.68
2026-06-23 01:17:44,lht65-02,52.25,5.97326,3.021,15.72,88.0,24.56
2026-06-23 01:27:44,lht65-02,52.25,5.97326,2.948,15.55,87.1,24.5
2026-06-23 01:37:44,lht65-02,52.25,5.97326,3.012,15.37,87.5,24.43
2026-06-23 01:47:44,lht65-02,52.25,5.97326,3.012,15.23,87.3,24.31
2026-06-23 01:57:44,lht65-02,52.25,5.97326,3.016,15.08,87.7,24.25
2026-06-23 02:07:44,lht65-02,52.25,5.97326,3.016,15.04,88.5,24.18
2026-06-23 02:17:44,lht65-02,52.25,5.97326,3.012,15.03,88.9,24.12
2026-06-23 02:27:44,lht65-02,52.25,5.97326,3.014,15.05,89.1,24.0
2026-06-23 02:37:44,lht65-02,52.25,5.97326,3.014,15.1,89.4,23.93
2026-06-23 02:47:44,lht65-02,52.25,5.97326,3.014,15.15,89.3,23.87
2026-06-23 02:57:44,lht65-02,52.25,5.97326,3.012,15.23,89.5,23.81
2026-06-23 03:07:44,lht65-02,52.25,5.97326,3.014,15.29,89.5,23.75
2026-06-23 03:17:44,lht65-02,52.25,5.97326,3.012,15.35,89.6,23.68
2026-06-23 03:27:44,lht65-02,52.25,5.97326,3.016,15.5,90.5,23.62
2026-06-23 03:37:44,lht65-02,52.25,5.97326,3.014,15.68,91.0,23.56
2026-06-23 03:47:44,lht65-02,52.25,5.97326,3.014,15.95,91.3,23.5
2026-06-23 03:57:44,lht65-02,52.25,5.97326,3.012,16.24,91.5,23.43
2026-06-23 04:07:44,lht65-02,52.25,5.97326,3.016,16.62,91.5,23.37
2026-06-23 04:17:44,lht65-02,52.25,5.97326,3.014,17.09,91.0,23.31
2026-06-23 04:27:44,lht65-02,52.25,5.97326,3.012,17.59,90.3,23.31
2026-06-23 04:37:44,lht65-02,52.25,5.97326,3.016,17.86,89.3,23.25
2026-06-23 04:47:44,lht65-02,52.25,5.97326,3.016,18.13,88.7,23.25
2026-06-23 04:57:44,lht65-02,52.25,5.97326,3.014,18.49,88.6,23.18
2026-06-23 05:07:44,lht65-02,52.25,5.97326,3.014,19.42,88.8,23.18
2026-06-23 05:17:44,lht65-02,52.25,5.97326,3.014,20.73,88.7,23.18
2026-06-23 05:27:44,lht65-02,52.25,5.97326,3.014,21.45,87.1,23.12
2026-06-23 05:37:44,lht65-02,52.25,5.97326,3.014,21.87,85.6,23.12
2026-06-23 05:47:44,lht65-02,52.25,5.97326,3.016,22.2,85.7,23.18
2026-06-23 05:57:44,lht65-02,52.25,5.97326,3.014,22.31,85.4,23.18
2026-06-23 06:07:44,lht65-02,52.25,5.97326,3.016,22.26,85.3,23.18
2026-06-23 06:17:44,lht65-02,52.25,5.97326,3.014,22.25,85.2,23.25
2026-06-23 06:27:44,lht65-02,52.25,5.97326,3.016,22.46,85.2,23.25
2026-06-23 06:37:44,lht65-02,52.25,5.97326,3.019,22.75,84.8,23.31
2026-06-23 06:47:44,lht65-02,52.25,5.97326,3.016,23.13,85.4,23.31
2026-06-23 06:57:44,lht65-02,52.25,5.97326,3.016,23.45,84.6,23.37
2026-06-23 07:07:44,lht65-02,52.25,5.97326,3.018,23.75,83.8,23.37
2026-06-23 07:17:44,lht65-02,52.25,5.97326,3.016,23.96,83.5,23.43
2026-06-23 07:27:44,lht65-02,52.25,5.97326,3.016,24.51,82.4,23.43
2026-06-23 07:37:44,lht65-02,52.25,5.97326,3.014,25.09,78.1,23.5
2026-06-23 07:47:43,lht65-02,52.25,5.97326,3.016,25.32,75.5,23.56
2026-06-23 07:57:44,lht65-02,52.25,5.97326,3.019,25.0,73.8,23.56
2026-06-23 08:07:43,lht65-02,52.25,5.97326,3.014,25.8,77.4,23.62
2026-06-23 08:17:43,lht65-02,52.25,5.97326,3.007,28.16,70.7,23.68
2026-06-23 08:27:43,lht65-02,52.25,5.97326,3.016,28.77,61.6,23.75
2026-06-23 08:37:43,lht65-02,52.25,5.97326,3.016,29.39,62.4,23.81
2026-06-23 08:47:43,lht65-02,52.25,5.97326,3.016,29.54,61.9,23.93
2026-06-23 08:57:43,lht65-02,52.25,5.97326,3.005,30.31,61.3,24.06
2026-06-23 09:07:43,lht65-02,52.25,5.97326,2.478,30.83,58.4,24.18
2026-06-23 09:17:43,lht65-02,52.25,5.97326,3.019,30.63,57.8,24.37
2026-06-23 09:27:43,lht65-02,52.25,5.97326,3.019,30.82,55.4,24.5
2026-06-23 09:37:43,lht65-02,52.25,5.97326,3.019,30.94,57.1,24.68
2026-06-23 09:47:43,lht65-02,52.25,5.97326,3.014,31.36,50.9,24.87
2026-06-23 09:57:43,lht65-02,52.25,5.97326,3.012,30.54,53.2,25.06
2026-06-23 10:07:43,lht65-02,52.25,5.97326,3.023,30.83,54.2,25.25
2026-06-23 10:17:43,lht65-02,52.25,5.97326,3.021,31.74,58.8,25.37
2026-06-23 10:27:43,lht65-02,52.25,5.97326,3.012,32.88,52.2,25.56
2026-06-23 10:37:43,lht65-02,52.25,5.97326,3.016,32.37,49.6,25.81
2026-06-23 10:47:43,lht65-02,52.25,5.97326,2.966,31.56,50.4,25.93
2026-06-23 10:57:43,lht65-02,52.25,5.97326,2.971,30.83,53.6,26.12
2026-06-23 11:07:43,lht65-02,52.25,5.97326,3.012,31.18,52.6,26.31
2026-06-23 11:17:43,lht65-02,52.25,5.97326,2.924,31.88,50.6,26.43
2026-06-23 11:27:43,lht65-02,52.25,5.97326,2.938,32.4,52.3,26.56
2026-06-23 11:37:43,lht65-02,52.25,5.97326,2.934,32.54,52.2,26.68
2026-06-23 11:47:43,lht65-02,52.25,5.97326,2.922,32.49,53.2,26.81
2026-06-23 11:57:43,lht65-02,52.25,5.97326,3.012,32.93,51.9,27.0
2026-06-23 12:07:43,lht65-02,52.25,5.97326,2.964,33.4,49.8,27.06
2026-06-23 12:17:43,lht65-02,52.25,5.97326,3.027,33.57,51.0,27.25
2026-06-23 12:27:43,lht65-02,52.25,5.97326,3.027,32.98,49.6,27.37
2026-06-23 12:37:43,lht65-02,52.25,5.97326,3.027,32.95,50.7,27.5
2026-06-23 12:47:43,lht65-02,52.25,5.97326,3.029,33.57,48.5,27.62
2026-06-23 12:57:43,lht65-02,52.25,5.97326,3.027,34.18,50.9,27.75
2026-06-23 13:07:43,lht65-02,52.25,5.97326,3.027,34.67,48.2,27.93
2026-06-23 13:17:43,lht65-02,52.25,5.97326,3.023,34.28,48.1,28.06
2026-06-23 13:27:43,lht65-02,52.25,5.97326,3.027,33.79,49.5,28.25
2026-06-23 13:37:43,lht65-02,52.25,5.97326,3.027,34.17,47.6,28.37
2026-06-23 13:47:43,lht65-02,52.25,5.97326,3.025,34.28,44.9,28.56
2026-06-23 13:57:43,lht65-02,52.25,5.97326,3.027,34.23,46.2,28.68
2026-06-23 14:07:43,lht65-02,52.25,5.97326,3.027,34.34,46.4,28.81
2026-06-23 14:17:43,lht65-02,52.25,5.97326,3.025,34.18,45.3,29.0
2026-06-23 14:27:43,lht65-02,52.25,5.97326,3.027,33.96,46.1,29.12
2026-06-23 14:37:43,lht65-02,52.25,5.97326,3.027,34.24,45.8,29.25
2026-06-23 14:47:43,lht65-02,52.25,5.97326,3.027,33.84,47.4,29.37
2026-06-23 14:57:43,lht65-02,52.25,5.97326,3.029,33.62,47.3,29.43
2026-06-23 15:07:43,lht65-02,52.25,5.97326,3.027,33.89,48.1,29.56
2026-06-23 15:17:43,lht65-02,52.25,5.97326,3.027,33.57,46.3,29.62
2026-06-23 15:27:43,lht65-02,52.25,5.97326,3.029,33.18,45.6,29.68
2026-06-23 15:37:43,lht65-02,52.25,5.97326,3.027,33.18,45.9,29.68
2026-06-23 15:47:43,lht65-02,52.25,5.97326,3.029,33.18,49.2,29.75
2026-06-23 15:57:43,lht65-02,52.25,5.97326,3.029,32.95,49.0,29.75
2026-06-23 16:07:43,lht65-02,52.25,5.97326,3.027,32.65,49.8,29.75
2026-06-23 16:17:43,lht65-02,52.25,5.97326,3.027,32.32,50.1,29.75
2026-06-23 16:27:43,lht65-02,52.25,5.97326,3.027,31.75,52.2,29.75
2026-06-23 16:37:43,lht65-02,52.25,5.97326,3.027,31.46,52.4,29.68
2026-06-23 16:47:43,lht65-02,52.25,5.97326,3.029,30.77,53.2,29.68
2026-06-23 16:57:43,lht65-02,52.25,5.97326,3.027,30.12,55.0,29.68
2026-06-23 17:07:43,lht65-02,52.25,5.97326,3.027,29.56,56.0,29.62
2026-06-23 17:17:43,lht65-02,52.25,5.97326,3.027,29.0,57.4,29.56
2026-06-23 17:37:42,lht65-02,52.25,5.97326,3.027,28.68,60.6,29.37
2026-06-23 17:47:42,lht65-02,52.25,5.97326,3.027,28.5,60.8,29.31
2026-06-23 17:57:42,lht65-02,52.25,5.97326,3.027,28.35,61.7,29.25
2026-06-23 18:07:42,lht65-02,52.25,5.97326,3.029,28.2,64.8,29.12
2026-06-23 18:17:42,lht65-02,52.25,5.97326,3.027,28.08,65.9,29.0
2026-06-23 18:27:42,lht65-02,52.25,5.97326,3.027,27.89,67.5,28.93
2026-06-23 18:37:43,lht65-02,52.25,5.97326,3.027,27.65,67.0,28.81
2026-06-23 18:47:43,lht65-02,52.25,5.97326,3.027,27.39,69.5,28.75
2026-06-23 18:57:43,lht65-02,52.25,5.97326,3.027,27.07,72.5,28.62
2026-06-23 19:07:42,lht65-02,52.25,5.97326,3.025,26.72,73.4,28.56
2026-06-23 19:17:42,lht65-02,52.25,5.97326,3.027,26.38,74.7,28.43
2026-06-23 19:27:43,lht65-02,52.25,5.97326,3.025,25.97,75.6,28.37
2026-06-23 19:37:42,lht65-02,52.25,5.97326,3.025,25.51,75.7,28.25
2026-06-23 19:47:42,lht65-02,52.25,5.97326,3.025,25.07,77.6,28.18
2026-06-23 19:57:42,lht65-02,52.25,5.97326,3.025,24.49,78.7,28.06
2026-06-23 20:07:42,lht65-02,52.25,5.97326,3.019,23.92,79.5,28.0
2026-06-23 20:17:42,lht65-02,52.25,5.97326,3.019,23.29,80.8,27.87
2026-06-23 20:27:42,lht65-02,52.25,5.97326,3.009,22.59,81.8,27.75
2026-06-23 20:37:42,lht65-02,52.25,5.97326,2.973,22.19,83.1,27.68
2026-06-23 20:47:42,lht65-02,52.25,5.97326,3.007,21.81,83.7,27.56
2026-06-23 20:57:42,lht65-02,52.25,5.97326,3.016,21.43,84.5,27.43
2026-06-23 21:07:42,lht65-02,52.25,5.97326,3.016,21.21,85.3,27.37
2026-06-23 21:17:42,lht65-02,52.25,5.97326,3.023,20.95,85.9,27.25
2026-06-23 21:27:42,lht65-02,52.25,5.97326,3.021,20.75,86.5,27.12
2026-06-23 21:37:42,lht65-02,52.25,5.97326,2.962,20.53,87.1,27.0
2026-06-23 21:47:42,lht65-02,52.25,5.97326,2.991,20.37,87.7,26.93
2026-06-23 21:57:42,lht65-02,52.25,5.97326,2.985,20.23,88.0,26.81
2026-06-23 22:07:42,lht65-02,52.25,5.97326,2.998,20.03,88.2,26.75
2026-06-23 22:17:42,lht65-02,52.25,5.97326,2.973,19.86,88.5,26.62
2026-06-23 22:27:42,lht65-02,52.25,5.97326,3.01,19.81,88.8,26.56
2026-06-23 22:37:42,lht65-02,52.25,5.97326,3.007,19.61,88.9,26.43
2026-06-23 22:47:42,lht65-02,52.25,5.97326,3.005,19.46,89.2,26.37
2026-06-23 22:57:42,lht65-02,52.25,5.97326,3.01,19.3,89.1,26.25
2026-06-23 23:07:42,lht65-02,52.25,5.97326,2.955,19.19,89.9,26.18
2026-06-23 23:17:42,lht65-02,52.25,5.97326,3.016,19.1,90.0,26.12
2026-06-23 23:27:42,lht65-02,52.25,5.97326,3.016,18.98,90.0,26.0
2026-06-23 23:37:42,lht65-02,52.25,5.97326,3.019,18.8,89.9,25.93
2026-06-23 23:47:42,lht65-02,52.25,5.97326,3.019,18.72,90.6,25.81
2026-06-23 23:57:42,lht65-02,52.25,5.97326,3.018,18.66,90.8,25.75
2026-06-24 00:07:42,lht65-02,52.25,5.97326,3.016,18.59,91.0,25.68
2026-06-24 00:17:42,lht65-02,52.25,5.97326,3.016,18.54,91.2,25.56
2026-06-24 00:27:42,lht65-02,52.25,5.97326,2.911,18.43,91.0,25.5
2026-06-24 00:37:42,lht65-02,52.25,5.97326,2.983,18.34,91.1,25.43
2026-06-24 00:47:42,lht65-02,52.25,5.97326,2.991,18.18,90.8,25.37
2026-06-24 00:57:42,lht65-02,52.25,5.97326,2.992,18.05,91.0,25.25
2026-06-24 01:07:42,lht65-02,52.25,5.97326,2.991,17.99,91.3,25.18
2026-06-24 01:17:42,lht65-02,52.25,5.97326,2.994,17.88,91.4,25.12
2026-06-24 01:27:42,lht65-02,52.25,5.97326,2.994,17.79,91.6,25.06
2026-06-24 01:37:42,lht65-02,52.25,5.97326,2.992,17.71,91.6,25.0
2026-06-24 01:47:42,lht65-02,52.25,5.97326,2.994,17.67,91.8,24.93
2026-06-24 01:57:42,lht65-02,52.25,5.97326,2.996,17.64,91.9,24.81
2026-06-24 02:07:42,lht65-02,52.25,5.97326,2.996,17.55,91.9,24.75
2026-06-24 02:57:41,lht65-02,52.25,5.97326,3.007,17.17,92.2,24.43
2026-06-24 04:07:41,lht65-02,52.25,5.97326,2.998,17.67,92.7,24.0
2026-06-24 04:17:41,lht65-02,52.25,5.97326,3.0,18.14,92.6,24.0
2026-06-24 04:27:42,lht65-02,52.25,5.97326,2.998,18.84,92.0,23.93
2026-06-24 04:37:42,lht65-02,52.25,5.97326,2.998,19.5,90.6,23.87
2026-06-24 04:47:42,lht65-02,52.25,5.97326,2.998,19.86,90.5,23.81
2026-06-24 04:57:41,lht65-02,52.25,5.97326,2.998,20.61,91.0,23.81
2026-06-24 05:07:41,lht65-02,52.25,5.97326,2.998,21.38,91.2,23.81
2026-06-24 05:17:41,lht65-02,52.25,5.97326,2.998,22.32,90.9,23.81
2026-06-24 05:27:41,lht65-02,52.25,5.97326,2.998,23.48,89.0,23.75
2026-06-24 05:37:41,lht65-02,52.25,5.97326,2.985,24.58,87.2,23.75
2026-06-24 05:47:41,lht65-02,52.25,5.97326,2.978,25.55,85.7,23.75
2026-06-24 05:57:41,lht65-02,52.25,5.97326,2.983,26.6,84.2,23.81
2026-06-24 06:17:41,lht65-02,52.25,5.97326,3.009,28.64,82.2,23.87
2026-06-24 06:27:41,lht65-02,52.25,5.97326,2.98,29.72,77.3,23.93
2026-06-24 06:37:41,lht65-02,52.25,5.97326,2.996,30.54,69.9,24.0
2026-06-24 06:47:42,lht65-02,52.25,5.97326,2.994,30.91,67.8,24.12
2026-06-24 06:57:41,lht65-02,52.25,5.97326,2.996,31.52,67.1,24.18
2026-06-24 07:07:41,lht65-02,52.25,5.97326,2.998,31.82,64.7,24.31
2026-06-24 07:17:41,lht65-02,52.25,5.97326,2.998,31.73,63.7,24.37
2026-06-24 07:27:41,lht65-02,52.25,5.97326,2.996,31.7,63.1,24.5
2026-06-24 07:37:41,lht65-02,52.25,5.97326,2.996,31.61,61.7,24.62
2026-06-24 07:47:41,lht65-02,52.25,5.97326,2.996,31.57,59.5,24.75
2026-06-24 07:57:41,lht65-02,52.25,5.97326,2.991,31.8,60.0,24.87
2026-06-24 08:07:41,lht65-02,52.25,5.97326,3.0,32.39,61.2,24.93
2026-06-24 08:17:41,lht65-02,52.25,5.97326,2.996,33.16,59.6,25.12
2026-06-24 08:27:41,lht65-02,52.25,5.97326,2.934,34.02,59.4,25.18
2026-06-24 08:37:41,lht65-02,52.25,5.97326,2.94,34.51,54.4,25.31
2026-06-24 08:47:41,lht65-02,52.25,5.97326,2.994,34.7,55.1,25.5
2026-06-24 08:57:41,lht65-02,52.25,5.97326,2.959,35.52,52.5,25.62
2026-06-24 09:07:41,lht65-02,52.25,5.97326,3.016,35.4,50.5,25.68
2026-06-24 09:17:41,lht65-02,52.25,5.97326,3.014,35.29,49.6,25.87
2026-06-24 09:27:41,lht65-02,52.25,5.97326,2.911,35.88,52.0,26.0
2026-06-24 09:37:41,lht65-02,52.25,5.97326,3.005,35.95,50.6,26.12
2026-06-24 09:47:41,lht65-02,52.25,5.97326,3.005,36.13,50.6,26.31
2026-06-24 09:57:41,lht65-02,52.25,5.97326,3.001,36.19,49.9,26.5
2026-06-24 10:07:41,lht65-02,52.25,5.97326,3.001,36.31,49.8,26.68
2026-06-24 10:17:41,lht65-02,52.25,5.97326,3.001,36.31,53.1,26.81
2026-06-24 10:27:41,lht65-02,52.25,5.97326,3.001,36.31,49.7,27.0
2026-06-24 10:37:41,lht65-02,52.25,5.97326,2.959,36.77,48.2,27.18
2026-06-24 10:47:41,lht65-02,52.25,5.97326,2.998,37.13,48.7,27.31
2026-06-24 10:57:41,lht65-02,52.25,5.97326,2.994,37.15,49.4,27.5
2026-06-24 11:07:41,lht65-02,52.25,5.97326,2.778,37.51,46.5,27.62
2026-06-24 11:17:41,lht65-02,52.25,5.97326,2.973,37.78,48.7,27.81
2026-06-24 11:27:41,lht65-02,52.25,5.97326,2.976,37.7,47.5,27.93
2026-06-24 11:37:41,lht65-02,52.25,5.97326,2.973,37.76,47.3,28.12
2026-06-24 11:47:41,lht65-02,52.25,5.97326,2.976,37.48,47.3,28.25
2026-06-24 11:57:41,lht65-02,52.25,5.97326,2.978,37.72,47.6,28.37
2026-06-24 12:07:41,lht65-02,52.25,5.97326,2.976,37.86,46.6,28.5
2026-06-24 12:17:41,lht65-02,52.25,5.97326,2.971,37.97,48.5,28.62
2026-06-24 12:27:41,lht65-02,52.25,5.97326,2.966,38.14,45.2,28.75
2026-06-24 12:37:41,lht65-02,52.25,5.97326,2.962,38.22,45.5,28.87
2026-06-24 12:47:41,lht65-02,52.25,5.97326,2.962,38.14,46.9,29.0
2026-06-24 12:57:41,lht65-02,52.25,5.97326,2.971,38.14,48.8,29.12
2026-06-24 13:07:41,lht65-02,52.25,5.97326,2.806,38.29,50.0,29.25
2026-06-24 13:17:41,lht65-02,52.25,5.97326,2.966,38.61,44.1,29.43
2026-06-24 13:27:41,lht65-02,52.25,5.97326,2.964,38.92,48.4,29.62
2026-06-24 13:37:41,lht65-02,52.25,5.97326,2.973,38.82,45.5,29.75
2026-06-24 13:47:41,lht65-02,52.25,5.97326,2.975,38.74,46.5,29.87
2026-06-24 13:57:41,lht65-02,52.25,5.97326,2.973,39.06,46.0,30.06
2026-06-24 14:07:41,lht65-02,52.25,5.97326,2.969,38.87,45.5,30.18
2026-06-24 14:27:41,lht65-02,52.25,5.97326,2.987,38.51,44.9,30.5
2026-06-24 14:37:41,lht65-02,52.25,5.97326,2.987,38.37,47.4,30.56
2026-06-24 14:47:41,lht65-02,52.25,5.97326,2.987,38.14,46.1,30.68
2026-06-24 14:57:41,lht65-02,52.25,5.97326,2.987,38.06,48.1,30.81
2026-06-24 15:07:41,lht65-02,52.25,5.97326,2.991,37.73,46.8,30.87
2026-06-24 15:17:41,lht65-02,52.25,5.97326,2.989,37.37,45.6,30.93
2026-06-24 15:27:40,lht65-02,52.25,5.97326,2.991,37.36,48.3,31.0
2026-06-24 15:37:41,lht65-02,52.25,5.97326,2.991,37.32,47.3,31.0
2026-06-24 15:47:40,lht65-02,52.25,5.97326,2.987,37.3,47.5,31.06
2026-06-24 15:57:40,lht65-02,52.25,5.97326,2.991,36.87,44.5,31.06
2026-06-24 16:07:40,lht65-02,52.25,5.97326,2.991,36.65,47.1,31.06
2026-06-24 16:17:40,lht65-02,52.25,5.97326,2.991,36.31,46.8,31.06
2026-06-24 16:27:40,lht65-02,52.25,5.97326,2.991,35.97,49.5,31.06
2026-06-24 16:37:40,lht65-02,52.25,5.97326,2.991,35.66,49.5,31.06
2026-06-24 16:47:40,lht65-02,52.25,5.97326,2.991,34.74,51.0,31.0
2026-06-24 16:57:42,lht65-02,52.25,5.97326,2.969,33.84,53.0,31.0
2026-06-24 17:07:40,lht65-02,52.25,5.97326,2.98,33.57,54.8,30.93
2026-06-24 17:17:40,lht65-02,52.25,5.97326,2.982,33.47,54.3,30.87
2026-06-24 17:27:40,lht65-02,52.25,5.97326,2.976,33.27,58.4,30.81
2026-06-24 17:37:40,lht65-02,52.25,5.97326,2.969,33.01,56.6,30.68
2026-06-24 17:47:40,lht65-02,52.25,5.97326,2.973,32.65,60.8,30.62
2026-06-24 17:57:40,lht65-02,52.25,5.97326,2.973,32.33,59.7,30.56
2026-06-24 18:07:40,lht65-02,52.25,5.97326,2.976,32.07,61.3,30.43
2026-06-24 18:17:40,lht65-02,52.25,5.97326,2.975,31.79,64.1,30.37
2026-06-24 18:27:40,lht65-02,52.25,5.97326,2.976,31.48,63.4,30.25
2026-06-24 18:37:40,lht65-02,52.25,5.97326,2.976,31.12,62.8,30.18
2026-06-24 18:47:40,lht65-02,52.25,5.97326,2.962,30.82,63.4,30.06
2026-06-24 18:57:40,lht65-02,52.25,5.97326,2.987,30.42,64.2,30.0
2026-06-24 19:07:40,lht65-02,52.25,5.97326,3.012,30.03,66.6,29.93
2026-06-24 19:17:40,lht65-02,52.25,5.97326,3.012,29.6,70.2,29.81
2026-06-24 19:27:40,lht65-02,52.25,5.97326,3.009,29.18,71.4,29.68
2026-06-24 19:37:40,lht65-02,52.25,5.97326,3.016,28.71,73.4,29.62
2026-06-24 19:47:40,lht65-02,52.25,5.97326,3.014,28.25,75.6,29.5
2026-06-24 19:57:40,lht65-02,52.25,5.97326,3.016,27.78,77.4,29.37
2026-06-24 20:07:40,lht65-02,52.25,5.97326,3.019,27.33,79.3,29.31
2026-06-24 20:17:40,lht65-02,52.25,5.97326,3.019,26.98,72.4,29.25
2026-06-24 20:27:40,lht65-02,52.25,5.97326,3.019,26.73,70.3,29.12
2026-06-24 20:37:40,lht65-02,52.25,5.97326,3.016,26.5,71.9,29.06
2026-06-24 20:47:40,lht65-02,52.25,5.97326,3.014,26.26,73.3,28.93
2026-06-24 20:57:40,lht65-02,52.25,5.97326,3.016,26.05,75.0,28.81
2026-06-24 21:07:40,lht65-02,52.25,5.97326,3.007,25.81,76.8,28.75
2026-06-24 21:17:40,lht65-02,52.25,5.97326,3.005,25.57,77.5,28.62
2026-06-24 21:27:40,lht65-02,52.25,5.97326,3.01,25.34,78.3,28.5
2026-06-24 21:37:40,lht65-02,52.25,5.97326,2.976,25.32,77.4,28.43
2026-06-24 21:47:40,lht65-02,52.25,5.97326,3.018,25.07,77.3,28.31
2026-06-24 21:57:40,lht65-02,52.25,5.97326,3.016,24.86,77.4,28.25
2026-06-24 22:07:40,lht65-02,52.25,5.97326,2.976,24.68,77.4,28.12
2026-06-24 22:17:40,lht65-02,52.25,5.97326,3.016,24.48,77.6,28.06
2026-06-24 22:27:40,lht65-02,52.25,5.97326,3.016,24.27,78.8,28.0
2026-06-24 22:37:40,lht65-02,52.25,5.97326,3.012,24.08,77.7,27.87
2026-06-24 22:47:40,lht65-02,52.25,5.97326,3.01,23.88,79.0,27.81
2026-06-24 22:57:40,lht65-02,52.25,5.97326,2.982,23.64,79.7,27.75
2026-06-24 23:07:40,lht65-02,52.25,5.97326,3.016,23.43,79.9,27.62
2026-06-24 23:17:40,lht65-02,52.25,5.97326,3.016,23.17,82.0,27.56
2026-06-24 23:27:39,lht65-02,52.25,5.97326,2.894,22.84,83.3,27.43
2026-06-24 23:37:39,lht65-02,52.25,5.97326,3.025,22.58,84.7,27.37
2026-06-24 23:47:40,lht65-02,52.25,5.97326,3.025,22.29,85.7,27.31
2026-06-24 23:57:39,lht65-02,52.25,5.97326,2.987,22.06,86.4,27.18
2026-06-25 00:07:39,lht65-02,52.25,5.97326,2.98,21.85,87.0,27.12
2026-06-25 00:17:40,lht65-02,52.25,5.97326,2.975,21.68,87.8,27.06
2026-06-25 00:27:40,lht65-02,52.25,5.97326,2.969,21.52,88.3,26.93
2026-06-25 00:37:39,lht65-02,52.25,5.97326,3.016,21.39,88.7,26.87
2026-06-25 00:47:39,lht65-02,52.25,5.97326,2.982,21.27,89.1,26.81
2026-06-25 00:57:39,lht65-02,52.25,5.97326,3.021,21.22,89.8,26.75
2026-06-25 01:07:39,lht65-02,52.25,5.97326,3.021,21.12,90.2,26.62
2026-06-25 01:17:39,lht65-02,52.25,5.97326,3.021,21.06,90.6,26.56
2026-06-25 01:27:39,lht65-02,52.25,5.97326,3.019,21.01,90.7,26.5
2026-06-25 01:37:39,lht65-02,52.25,5.97326,3.021,20.95,90.9,26.43
2026-06-25 01:47:39,lht65-02,52.25,5.97326,3.021,20.94,91.0,26.37
2026-06-25 01:57:39,lht65-02,52.25,5.97326,3.019,20.87,91.0,26.25
2026-06-25 02:07:39,lht65-02,52.25,5.97326,3.019,20.8,90.7,26.25
2026-06-25 02:17:39,lht65-02,52.25,5.97326,3.019,20.68,90.6,26.12
2026-06-25 02:27:39,lht65-02,52.25,5.97326,3.016,20.55,90.7,26.12
2026-06-25 02:37:39,lht65-02,52.25,5.97326,2.962,20.43,90.8,26.0
2026-06-25 02:47:39,lht65-02,52.25,5.97326,3.018,20.31,90.9,25.93
2026-06-25 02:57:39,lht65-02,52.25,5.97326,3.016,20.18,91.1,25.87
2026-06-25 03:07:39,lht65-02,52.25,5.97326,3.018,20.06,91.4,25.81
2026-06-25 03:17:39,lht65-02,52.25,5.97326,3.019,20.02,91.7,25.75
2026-06-25 03:27:39,lht65-02,52.25,5.97326,3.019,20.03,92.0,25.68
2026-06-25 03:37:39,lht65-02,52.25,5.97326,3.019,20.12,92.3,25.62
2026-06-25 03:47:39,lht65-02,52.25,5.97326,3.019,20.21,92.2,25.56
2026-06-25 03:57:39,lht65-02,52.25,5.97326,3.019,20.33,92.1,25.56
2026-06-25 04:07:39,lht65-02,52.25,5.97326,3.019,20.53,92.1,25.43
2026-06-25 04:17:39,lht65-02,52.25,5.97326,3.019,20.88,92.1,25.43
2026-06-25 04:27:39,lht65-02,52.25,5.97326,3.019,21.43,91.6,25.37
2026-06-25 04:37:39,lht65-02,52.25,5.97326,3.019,22.03,90.1,25.31
2026-06-25 04:47:39,lht65-02,52.25,5.97326,3.018,22.46,89.7,25.31
2026-06-25 04:57:39,lht65-02,52.25,5.97326,3.016,22.9,89.6,25.25
2026-06-25 05:07:39,lht65-02,52.25,5.97326,3.019,23.51,89.3,25.25
2026-06-25 05:17:39,lht65-02,52.25,5.97326,3.019,24.24,88.3,25.18
2026-06-25 05:27:39,lht65-02,52.25,5.97326,3.019,25.05,87.6,25.18
2026-06-25 05:37:39,lht65-02,52.25,5.97326,3.019,25.9,86.4,25.18
2026-06-25 05:47:39,lht65-02,52.25,5.97326,3.019,26.82,84.1,25.18
2026-06-25 05:57:39,lht65-02,52.25,5.97326,3.019,27.73,83.1,25.25
2026-06-25 06:07:39,lht65-02,52.25,5.97326,3.016,28.6,81.9,25.25
2026-06-25 06:17:39,lht65-02,52.25,5.97326,3.016,29.34,78.5,25.25
2026-06-25 06:27:39,lht65-02,52.25,5.97326,3.016,29.57,78.3,25.31
2026-06-25 06:37:39,lht65-02,52.25,5.97326,3.016,29.92,76.8,25.37
2026-06-25 06:47:39,lht65-02,52.25,5.97326,3.016,30.16,76.6,25.43
2026-06-25 06:57:39,lht65-02,52.25,5.97326,3.016,30.56,75.8,25.5
2026-06-25 07:07:39,lht65-02,52.25,5.97326,3.016,30.83,75.0,25.56
2026-06-25 07:17:39,lht65-02,52.25,5.97326,3.016,31.06,73.5,25.62
2026-06-25 07:27:39,lht65-02,52.25,5.97326,3.012,31.52,72.5,25.75
2026-06-25 07:37:39,lht65-02,52.25,5.97326,3.016,30.83,62.5,25.81
2026-06-25 07:47:39,lht65-02,52.25,5.97326,3.016,30.16,63.6,25.93
2026-06-25 07:57:39,lht65-02,52.25,5.97326,3.016,30.03,64.7,26.06
2026-06-25 08:07:39,lht65-02,52.25,5.97326,3.016,31.16,72.9,26.12
2026-06-25 08:17:39,lht65-02,52.25,5.97326,3.012,31.22,60.9,26.25
2026-06-25 08:27:39,lht65-02,52.25,5.97326,3.01,30.93,63.2,26.31
2026-06-25 08:37:39,lht65-02,52.25,5.97326,3.01,31.25,62.0,26.43
2026-06-25 08:47:39,lht65-02,52.25,5.97326,3.01,31.66,61.1,26.62
2026-06-25 08:57:39,lht65-02,52.25,5.97326,3.005,32.29,59.7,26.68
2026-06-25 09:07:38,lht65-02,52.25,5.97326,3.003,32.65,58.3,26.81
2026-06-25 09:17:39,lht65-02,52.25,5.97326,3.005,33.01,59.0,26.93
2026-06-25 09:27:38,lht65-02,52.25,5.97326,3.016,33.22,59.7,27.06
2026-06-25 09:37:39,lht65-02,52.25,5.97326,3.012,33.73,59.7,27.18
2026-06-25 09:47:39,lht65-02,52.25,5.97326,3.019,33.86,57.0,27.31
2026-06-25 09:57:39,lht65-02,52.25,5.97326,3.025,33.96,55.5,27.43
2026-06-25 10:07:38,lht65-02,52.25,5.97326,3.023,34.01,57.0,27.62
2026-06-25 10:17:38,lht65-02,52.25,5.97326,3.025,33.97,59.5,27.75
2026-06-25 10:27:38,lht65-02,52.25,5.97326,3.025,34.56,58.1,27.93
2026-06-25 10:37:38,lht65-02,52.25,5.97326,3.019,34.95,54.7,28.12
2026-06-25 10:47:38,lht65-02,52.25,5.97326,3.023,35.03,54.2,28.25
2026-06-25 10:57:38,lht65-02,52.25,5.97326,3.001,35.33,55.6,28.37
2026-06-25 11:07:38,lht65-02,52.25,5.97326,3.016,35.67,53.3,28.5
2026-06-25 11:17:38,lht65-02,52.25,5.97326,3.016,35.84,55.3,28.62
2026-06-25 11:27:38,lht65-02,52.25,5.97326,3.01,36.04,52.8,28.75
2026-06-25 11:37:38,lht65-02,52.25,5.97326,2.996,36.16,53.1,28.81
2026-06-25 11:47:38,lht65-02,52.25,5.97326,3.021,36.18,53.5,28.93
2026-06-25 11:57:38,lht65-02,52.25,5.97326,3.021,36.13,53.5,29.06
2026-06-25 12:07:38,lht65-02,52.25,5.97326,3.021,36.16,53.0,29.12
2026-06-25 12:17:38,lht65-02,52.25,5.97326,3.019,36.32,54.1,29.18
2026-06-25 12:27:38,lht65-02,52.25,5.97326,3.016,36.7,53.0,29.31
2026-06-25 12:37:38,lht65-02,52.25,5.97326,3.023,36.78,51.9,29.37
2026-06-25 12:47:38,lht65-02,52.25,5.97326,2.813,37.08,53.2,29.43
2026-06-25 12:57:38,lht65-02,52.25,5.97326,3.025,36.98,54.4,29.56
2026-06-25 13:07:38,lht65-02,52.25,5.97326,3.027,36.88,52.2,29.68
2026-06-25 13:17:38,lht65-02,52.25,5.97326,3.027,36.95,51.4,29.81
2026-06-25 13:27:38,lht65-02,52.25,5.97326,3.027,36.96,52.1,29.93
2026-06-25 13:37:38,lht65-02,52.25,5.97326,3.03,36.66,53.1,30.0
2026-06-25 13:47:38,lht65-02,52.25,5.97326,3.03,36.31,54.0,30.12
2026-06-25 13:57:38,lht65-02,52.25,5.97326,3.029,36.31,51.7,30.25
2026-06-25 14:07:38,lht65-02,52.25,5.97326,3.03,36.15,51.8,30.37
2026-06-25 14:17:38,lht65-02,52.25,5.97326,3.03,35.92,53.4,30.43
2026-06-25 14:27:38,lht65-02,52.25,5.97326,3.03,35.95,52.3,30.56
2026-06-25 14:37:38,lht65-02,52.25,5.97326,3.03,35.81,53.7,30.62
2026-06-25 14:47:38,lht65-02,52.25,5.97326,3.03,35.8,53.4,30.68
2026-06-25 14:57:38,lht65-02,52.25,5.97326,3.03,35.42,52.7,30.75
2026-06-25 15:07:38,lht65-02,52.25,5.97326,3.03,35.32,51.7,30.81
2026-06-25 15:17:38,lht65-02,52.25,5.97326,3.03,35.34,54.5,30.87
2026-06-25 15:27:38,lht65-02,52.25,5.97326,3.029,35.26,52.9,30.87
2026-06-25 15:37:38,lht65-02,52.25,5.97326,3.029,35.21,53.6,30.87
2026-06-25 15:47:38,lht65-02,52.25,5.97326,3.03,34.97,53.9,30.87
2026-06-25 15:57:38,lht65-02,52.25,5.97326,3.03,34.55,54.9,30.87
2026-06-25 16:07:38,lht65-02,52.25,5.97326,3.03,34.47,56.2,30.87
2026-06-25 16:17:38,lht65-02,52.25,5.97326,3.03,34.1,56.5,30.87
2026-06-25 16:27:38,lht65-02,52.25,5.97326,3.029,33.57,56.6,30.81
2026-06-25 16:37:38,lht65-02,52.25,5.97326,3.03,33.18,56.7,30.81
2026-06-25 16:47:38,lht65-02,52.25,5.97326,3.029,32.65,58.6,30.75
2026-06-25 16:57:38,lht65-02,52.25,5.97326,3.027,31.93,60.6,30.68
2026-06-25 17:07:38,lht65-02,52.25,5.97326,3.027,31.29,61.1,30.62
2026-06-25 17:17:38,lht65-02,52.25,5.97326,3.027,30.82,63.5,30.56
2026-06-25 17:27:38,lht65-02,52.25,5.97326,3.025,30.2,63.8,30.5
2026-06-25 17:37:38,lht65-02,52.25,5.97326,3.027,29.72,66.0,30.37
2026-06-25 17:47:38,lht65-02,52.25,5.97326,3.029,29.45,68.0,30.31
2026-06-25 17:57:38,lht65-02,52.25,5.97326,3.027,29.23,68.4,30.18
2026-06-25 18:07:38,lht65-02,52.25,5.97326,3.027,29.0,69.7,30.06
2026-06-25 18:17:38,lht65-02,52.25,5.97326,3.029,28.82,70.7,30.0
2026-06-25 18:27:38,lht65-02,52.25,5.97326,3.027,28.62,73.0,29.87
2026-06-25 18:37:38,lht65-02,52.25,5.97326,3.029,28.47,74.3,29.75
2026-06-25 18:47:38,lht65-02,52.25,5.97326,3.027,28.26,75.5,29.68
2026-06-25 18:57:38,lht65-02,52.25,5.97326,3.025,27.98,76.9,29.56
2026-06-25 19:07:38,lht65-02,52.25,5.97326,3.025,27.65,77.6,29.43
2026-06-25 19:17:37,lht65-02,52.25,5.97326,3.025,27.28,78.8,29.37
2026-06-25 19:27:38,lht65-02,52.25,5.97326,3.027,26.87,79.4,29.25
2026-06-25 19:37:38,lht65-02,52.25,5.97326,3.023,26.42,79.7,29.18
2026-06-25 19:47:37,lht65-02,52.25,5.97326,3.025,25.88,80.8,29.06
2026-06-25 19:57:37,lht65-02,52.25,5.97326,3.025,25.32,79.8,29.0
2026-06-25 20:07:37,lht65-02,52.25,5.97326,3.027,24.68,81.9,28.87
2026-06-25 20:17:38,lht65-02,52.25,5.97326,3.027,24.24,76.8,28.75
2026-06-25 20:27:38,lht65-02,52.25,5.97326,3.027,23.88,77.8,28.68
2026-06-25 20:37:37,lht65-02,52.25,5.97326,3.029,23.51,78.8,28.56
2026-06-25 20:47:37,lht65-02,52.25,5.97326,3.027,23.21,79.4,28.43
2026-06-25 20:57:37,lht65-02,52.25,5.97326,3.029,22.89,80.3,28.31
2026-06-25 21:07:37,lht65-02,52.25,5.97326,3.019,22.59,81.3,28.18
2026-06-25 21:17:37,lht65-02,52.25,5.97326,3.025,22.3,81.4,28.12
2026-06-25 21:27:37,lht65-02,52.25,5.97326,3.023,22.05,82.0,28.0
2026-06-25 21:37:37,lht65-02,52.25,5.97326,2.975,21.84,83.1,27.87
2026-06-25 21:47:37,lht65-02,52.25,5.97326,3.023,21.54,84.4,27.81
2026-06-25 21:57:37,lht65-02,52.25,5.97326,3.019,21.25,85.9,27.68
2026-06-25 22:07:37,lht65-02,52.25,5.97326,2.998,20.97,86.6,27.56
2026-06-25 22:17:37,lht65-02,52.25,5.97326,3.019,20.77,87.2,27.5
2026-06-25 22:27:37,lht65-02,52.25,5.97326,3.019,20.54,87.4,27.37
2026-06-25 22:37:37,lht65-02,52.25,5.97326,2.931,20.35,87.4,27.25
2026-06-25 22:47:37,lht65-02,52.25,5.97326,3.005,20.21,87.6,27.12
2026-06-25 22:57:37,lht65-02,52.25,5.97326,3.009,20.04,87.6,27.06
2026-06-25 23:07:37,lht65-02,52.25,5.97326,3.009,19.86,87.7,26.93
2026-06-25 23:17:37,lht65-02,52.25,5.97326,3.009,19.84,88.2,26.87
2026-06-25 23:27:37,lht65-02,52.25,5.97326,3.005,19.69,88.6,26.75
2026-06-25 23:37:37,lht65-02,52.25,5.97326,2.938,19.47,89.0,26.68
2026-06-25 23:47:37,lht65-02,52.25,5.97326,3.021,19.31,89.4,26.56
2026-06-25 23:57:37,lht65-02,52.25,5.97326,3.023,19.16,89.6,26.5
2026-06-26 00:07:37,lht65-02,52.25,5.97326,3.021,19.03,90.0,26.43
2026-06-26 00:17:37,lht65-02,52.25,5.97326,3.023,18.96,90.4,26.37
2026-06-26 00:27:37,lht65-02,52.25,5.97326,3.021,18.91,90.4,26.25
2026-06-26 00:37:37,lht65-02,52.25,5.97326,3.023,18.78,90.3,26.12
2026-06-26 00:47:37,lht65-02,52.25,5.97326,2.894,18.63,90.3,26.06
2026-06-26 00:57:37,lht65-02,52.25,5.97326,2.996,18.45,90.4,26.0
2026-06-26 01:07:37,lht65-02,52.25,5.97326,3.0,18.35,91.0,25.93
2026-06-26 01:17:37,lht65-02,52.25,5.97326,3.007,18.26,91.1,25.87
2026-06-26 01:27:37,lht65-02,52.25,5.97326,3.001,18.14,91.2,25.75
2026-06-26 01:37:37,lht65-02,52.25,5.97326,3.009,18.0,91.2,25.68
2026-06-26 01:47:37,lht65-02,52.25,5.97326,2.991,17.99,91.9,25.62
2026-06-26 01:57:37,lht65-02,52.25,5.97326,2.992,17.95,91.9,25.56
2026-06-26 02:07:37,lht65-02,52.25,5.97326,3.005,17.88,91.8,25.43
2026-06-26 02:17:37,lht65-02,52.25,5.97326,3.003,17.86,92.1,25.37
2026-06-26 02:27:37,lht65-02,52.25,5.97326,2.987,17.83,92.4,25.31
2026-06-26 02:37:37,lht65-02,52.25,5.97326,2.991,17.88,93.0,25.25
2026-06-26 02:47:37,lht65-02,52.25,5.97326,2.98,17.86,93.1,25.18
2026-06-26 02:57:37,lht65-02,52.25,5.97326,2.994,17.76,92.8,25.12
2026-06-26 03:07:37,lht65-02,52.25,5.97326,3.001,17.71,92.8,25.06
2026-06-26 03:17:37,lht65-02,52.25,5.97326,3.005,17.69,93.0,25.0
2026-06-26 03:27:37,lht65-02,52.25,5.97326,3.012,17.76,93.5,24.93
2026-06-26 03:37:37,lht65-02,52.25,5.97326,3.012,17.76,92.9,24.87
2026-06-26 03:47:37,lht65-02,52.25,5.97326,3.01,17.9,93.3,24.81
2026-06-26 03:57:37,lht65-02,52.25,5.97326,3.01,18.06,93.5,24.75
2026-06-26 04:07:37,lht65-02,52.25,5.97326,3.01,18.38,94.0,24.68
2026-06-26 04:17:37,lht65-02,52.25,5.97326,3.016,18.9,94.7,24.62
2026-06-26 04:27:37,lht65-02,52.25,5.97326,3.01,19.64,95.1,24.56
2026-06-26 04:37:37,lht65-02,52.25,5.97326,3.009,20.34,94.5,24.56
2026-06-26 04:47:37,lht65-02,52.25,5.97326,3.009,21.03,93.6,24.56
2026-06-26 04:57:37,lht65-02,52.25,5.97326,3.01,21.68,93.1,24.5
2026-06-26 05:07:37,lht65-02,52.25,5.97326,3.009,22.28,92.8,24.5
2026-06-26 05:17:37,lht65-02,52.25,5.97326,3.009,23.27,92.1,24.5
2026-06-26 05:27:37,lht65-02,52.25,5.97326,2.998,24.27,89.6,24.5
2026-06-26 05:37:37,lht65-02,52.25,5.97326,2.994,25.22,88.2,24.43
2026-06-26 05:47:37,lht65-02,52.25,5.97326,2.985,25.86,87.1,24.5
2026-06-26 05:57:36,lht65-02,52.25,5.97326,2.983,26.73,87.1,24.5
2026-06-26 06:07:36,lht65-02,52.25,5.97326,2.985,27.92,86.2,24.56
2026-06-26 06:17:37,lht65-02,52.25,5.97326,2.994,29.07,78.3,24.56
2026-06-26 06:27:36,lht65-02,52.25,5.97326,3.005,29.21,73.3,24.62
2026-06-26 06:37:37,lht65-02,52.25,5.97326,3.005,29.11,72.2,24.75
2026-06-26 06:47:36,lht65-02,52.25,5.97326,3.005,29.21,70.8,24.81
2026-06-26 06:57:36,lht65-02,52.25,5.97326,2.994,29.6,71.9,24.87
2026-06-26 07:07:36,lht65-02,52.25,5.97326,2.975,30.4,69.6,24.93
2026-06-26 07:17:37,lht65-02,52.25,5.97326,2.994,31.0,67.9,25.0
2026-06-26 07:27:36,lht65-02,52.25,5.97326,2.994,31.52,67.0,25.12
2026-06-26 07:37:36,lht65-02,52.25,5.97326,2.987,32.04,66.6,25.18
2026-06-26 07:47:37,lht65-02,52.25,5.97326,3.005,31.59,62.3,25.31
2026-06-26 07:57:36,lht65-02,52.25,5.97326,3.005,31.19,63.0,25.43
2026-06-26 08:07:36,lht65-02,52.25,5.97326,3.007,31.4,62.4,25.56
2026-06-26 08:17:36,lht65-02,52.25,5.97326,3.007,31.46,63.6,25.68
2026-06-26 08:27:36,lht65-02,52.25,5.97326,3.003,32.06,59.8,25.75
2026-06-26 08:37:36,lht65-02,52.25,5.97326,2.987,32.55,60.6,25.87
2026-06-26 08:47:36,lht65-02,52.25,5.97326,2.994,33.15,59.2,26.0
2026-06-26 08:57:36,lht65-02,52.25,5.97326,3.005,33.93,57.9,26.12
2026-06-26 09:07:36,lht65-02,52.25,5.97326,3.016,34.03,58.1,26.31
2026-06-26 09:17:37,lht65-02,52.25,5.97326,3.016,34.36,59.2,26.43
2026-06-26 09:27:36,lht65-02,52.25,5.97326,3.012,34.95,59.7,26.56
2026-06-26 09:37:36,lht65-02,52.25,5.97326,3.027,35.34,57.1,26.68
2026-06-26 09:47:36,lht65-02,52.25,5.97326,2.973,35.74,59.4,26.87
2026-06-26 09:57:36,lht65-02,52.25,5.97326,3.021,36.31,55.1,27.06
2026-06-26 10:07:36,lht65-02,52.25,5.97326,3.01,36.8,56.5,27.25
2026-06-26 10:17:36,lht65-02,52.25,5.97326,3.025,37.15,53.9,27.43
2026-06-26 10:27:36,lht65-02,52.25,5.97326,3.009,37.48,53.5,27.68
2026-06-26 10:37:36,lht65-02,52.25,5.97326,3.027,37.54,54.4,27.81
2026-06-26 10:47:36,lht65-02,52.25,5.97326,2.994,38.06,53.0,28.0
2026-06-26 10:57:36,lht65-02,52.25,5.97326,3.019,38.31,51.7,28.18
2026-06-26 11:07:36,lht65-02,52.25,5.97326,3.019,38.82,50.6,28.37
2026-06-26 11:17:36,lht65-02,52.25,5.97326,3.019,39.01,50.1,28.56
2026-06-26 11:27:36,lht65-02,52.25,5.97326,3.019,39.02,50.2,28.68
2026-06-26 11:37:36,lht65-02,52.25,5.97326,3.021,39.06,47.1,28.87
2026-06-26 11:47:36,lht65-02,52.25,5.97326,3.023,39.06,43.7,29.0
2026-06-26 11:57:36,lht65-02,52.25,5.97326,3.016,39.21,44.0,29.12
2026-06-26 12:07:36,lht65-02,52.25,5.97326,2.962,39.52,43.1,29.25
2026-06-26 12:17:36,lht65-02,52.25,5.97326,2.973,39.91,44.7,29.37
2026-06-26 12:27:36,lht65-02,52.25,5.97326,3.019,39.98,47.9,29.56
2026-06-26 12:37:36,lht65-02,52.25,5.97326,2.907,39.88,47.0,29.68
2026-06-26 12:47:36,lht65-02,52.25,5.97326,3.016,39.81,45.8,29.81
2026-06-26 13:07:36,lht65-02,52.25,5.97326,3.019,40.38,48.2,30.06
2026-06-26 13:17:36,lht65-02,52.25,5.97326,3.009,40.84,44.1,30.18
2026-06-26 13:27:36,lht65-02,52.25,5.97326,3.009,40.76,40.4,30.37
2026-06-26 13:37:36,lht65-02,52.25,5.97326,3.009,40.59,41.4,30.5
2026-06-26 13:47:36,lht65-02,52.25,5.97326,3.012,40.37,43.9,30.68
2026-06-26 13:57:36,lht65-02,52.25,5.97326,3.009,40.55,43.9,30.87
2026-06-26 14:07:36,lht65-02,52.25,5.97326,3.009,41.33,42.6,31.0
2026-06-26 14:17:36,lht65-02,52.25,5.97326,3.005,41.8,42.2,31.06
2026-06-26 14:27:36,lht65-02,52.25,5.97326,2.962,41.93,39.6,31.18
2026-06-26 14:37:36,lht65-02,52.25,5.97326,3.019,41.68,49.2,31.31
2026-06-26 14:47:36,lht65-02,52.25,5.97326,3.019,40.95,46.4,31.43
2026-06-26 14:57:36,lht65-02,52.25,5.97326,3.019,40.6,42.3,31.5
2026-06-26 15:07:36,lht65-02,52.25,5.97326,3.018,39.88,39.9,31.56
2026-06-26 15:17:36,lht65-02,52.25,5.97326,3.019,40.63,49.9,31.62
2026-06-26 15:27:36,lht65-02,52.25,5.97326,3.019,41.25,39.9,31.62
2026-06-26 15:37:36,lht65-02,52.25,5.97326,3.019,41.2,42.9,31.68
2026-06-26 15:47:36,lht65-02,52.25,5.97326,3.019,40.82,43.2,31.68
2026-06-26 15:57:36,lht65-02,52.25,5.97326,3.016,40.29,45.5,31.68
2026-06-26 16:07:36,lht65-02,52.25,5.97326,3.016,39.93,42.2,31.75
2026-06-26 16:17:36,lht65-02,52.25,5.97326,3.019,39.37,44.1,31.75
2026-06-26 16:27:36,lht65-02,52.25,5.97326,3.016,38.87,45.4,31.75
2026-06-26 16:37:36,lht65-02,52.25,5.97326,3.016,38.14,46.2,31.75
2026-06-26 16:47:36,lht65-02,52.25,5.97326,3.016,37.43,48.1,31.68
2026-06-26 16:57:36,lht65-02,52.25,5.97326,3.014,36.65,48.8,31.68
2026-06-26 17:07:36,lht65-02,52.25,5.97326,3.01,36.0,51.6,31.68
2026-06-26 17:17:36,lht65-02,52.25,5.97326,3.014,35.41,54.1,31.56
2026-06-26 17:27:36,lht65-02,52.25,5.97326,3.016,34.91,54.5,31.56
2026-06-26 17:37:36,lht65-02,52.25,5.97326,3.016,34.47,54.9,31.43
2026-06-26 17:47:36,lht65-02,52.25,5.97326,3.014,34.09,60.0,31.37
2026-06-26 17:57:35,lht65-02,52.25,5.97326,3.014,33.78,59.4,31.31
2026-06-26 18:07:35,lht65-02,52.25,5.97326,3.012,33.51,63.4,31.25
2026-06-26 18:17:35,lht65-02,52.25,5.97326,3.016,33.18,65.9,31.12
2026-06-26 18:27:35,lht65-02,52.25,5.97326,3.016,32.9,64.9,31.06
2026-06-26 18:37:35,lht65-02,52.25,5.97326,3.014,32.65,62.9,30.93
2026-06-26 18:47:36,lht65-02,52.25,5.97326,3.01,32.34,64.3,30.87
2026-06-26 18:57:35,lht65-02,52.25,5.97326,3.01,32.02,67.7,30.75
2026-06-26 19:07:35,lht65-02,52.25,5.97326,3.014,31.6,72.0,30.68
2026-06-26 19:17:35,lht65-02,52.25,5.97326,3.007,31.11,72.2,30.56
2026-06-26 19:27:35,lht65-02,52.25,5.97326,3.005,30.63,75.4,30.5
2026-06-26 19:37:35,lht65-02,52.25,5.97326,3.007,30.11,76.8,30.37
2026-06-26 19:47:35,lht65-02,52.25,5.97326,2.996,29.6,78.2,30.31
2026-06-26 19:57:35,lht65-02,52.25,5.97326,3.0,29.07,79.2,30.25
2026-06-26 20:07:35,lht65-02,52.25,5.97326,3.027,28.64,79.7,30.12
2026-06-26 20:17:35,lht65-02,52.25,5.97326,3.025,28.39,79.2,30.06
2026-06-26 20:27:35,lht65-02,52.25,5.97326,3.025,28.13,79.5,29.93
2026-06-26 20:37:35,lht65-02,52.25,5.97326,3.023,27.92,80.2,29.81
2026-06-26 20:47:35,lht65-02,52.25,5.97326,3.016,27.62,79.7,29.75
2026-06-26 20:57:35,lht65-02,52.25,5.97326,2.987,27.38,81.5,29.62
2026-06-26 21:07:35,lht65-02,52.25,5.97326,3.03,27.17,81.7,29.56
2026-06-26 21:17:35,lht65-02,52.25,5.97326,3.027,26.98,82.2,29.43
2026-06-26 21:27:35,lht65-02,52.25,5.97326,3.027,26.72,82.5,29.37
2026-06-26 21:37:35,lht65-02,52.25,5.97326,3.009,26.45,83.4,29.25
2026-06-26 21:47:35,lht65-02,52.25,5.97326,3.023,26.26,85.2,29.18
2026-06-26 21:57:35,lht65-02,52.25,5.97326,3.023,26.04,84.5,29.06
2026-06-26 22:07:35,lht65-02,52.25,5.97326,2.975,25.79,84.4,29.0
2026-06-26 22:17:35,lht65-02,52.25,5.97326,3.023,25.61,85.6,28.93
2026-06-26 22:27:35,lht65-02,52.25,5.97326,3.023,25.46,86.2,28.81
2026-06-26 22:37:35,lht65-02,52.25,5.97326,3.027,25.34,87.2,28.75
2026-06-26 22:47:35,lht65-02,52.25,5.97326,3.025,25.32,87.9,28.68
2026-06-26 22:57:35,lht65-02,52.25,5.97326,3.029,25.32,87.8,28.56
2026-06-26 23:07:35,lht65-02,52.25,5.97326,2.921,25.17,87.3,28.5
2026-06-26 23:17:35,lht65-02,52.25,5.97326,3.025,25.01,88.7,28.43
2026-06-26 23:27:35,lht65-02,52.25,5.97326,3.019,24.87,87.2,28.31
2026-06-26 23:37:35,lht65-02,52.25,5.97326,3.019,24.81,87.3,28.31
2026-06-26 23:47:35,lht65-02,52.25,5.97326,3.016,24.75,88.3,28.25
2026-06-26 23:57:35,lht65-02,52.25,5.97326,3.016,24.66,88.9,28.12
2026-06-27 00:07:35,lht65-02,52.25,5.97326,3.016,24.55,88.2,28.06
2026-06-27 00:17:35,lht65-02,52.25,5.97326,3.01,24.47,88.9,28.0
2026-06-27 00:27:35,lht65-02,52.25,5.97326,3.007,24.35,89.5,27.93
2026-06-27 00:37:35,lht65-02,52.25,5.97326,3.009,24.21,89.0,27.87
2026-06-27 00:47:35,lht65-02,52.25,5.97326,3.019,23.99,89.0,27.81
2026-06-27 00:57:35,lht65-02,52.25,5.97326,3.019,23.84,89.5,27.75
2026-06-27 01:07:35,lht65-02,52.25,5.97326,3.019,23.66,89.8,27.68
2026-06-27 01:17:35,lht65-02,52.25,5.97326,3.016,23.51,89.2,27.62
2026-06-27 01:27:35,lht65-02,52.25,5.97326,2.962,23.31,88.8,27.5
2026-06-27 01:37:35,lht65-02,52.25,5.97326,3.014,23.07,89.8,27.43
2026-06-27 01:47:35,lht65-02,52.25,5.97326,3.009,22.94,90.1,27.37
2026-06-27 01:57:34,lht65-02,52.25,5.97326,3.01,22.84,90.4,27.31
2026-06-27 02:07:35,lht65-02,52.25,5.97326,2.941,22.71,90.2,27.25
2026-06-27 02:17:34,lht65-02,52.25,5.97326,3.01,22.59,90.6,27.18
2026-06-27 02:27:34,lht65-02,52.25,5.97326,3.012,22.54,90.3,27.12
2026-06-27 02:37:35,lht65-02,52.25,5.97326,3.005,22.45,90.4,27.06
2026-06-27 02:47:35,lht65-02,52.25,5.97326,3.009,22.28,90.3,27.0
2026-06-27 02:57:35,lht65-02,52.25,5.97326,3.005,22.05,89.5,26.93
2026-06-27 03:07:35,lht65-02,52.25,5.97326,3.009,21.91,89.8,26.87
2026-06-27 03:17:34,lht65-02,52.25,5.97326,2.856,21.71,88.3,26.81
2026-06-27 03:27:35,lht65-02,52.25,5.97326,2.998,21.53,89.4,26.75
2026-06-27 03:37:34,lht65-02,52.25,5.97326,3.0,21.41,90.7,26.68
2026-06-27 03:47:34,lht65-02,52.25,5.97326,2.998,21.35,91.4,26.56
2026-06-27 03:57:35,lht65-02,52.25,5.97326,2.991,21.4,92.1,26.56
2026-06-27 04:07:34,lht65-02,52.25,5.97326,3.005,21.54,92.5,26.5
2026-06-27 04:17:34,lht65-02,52.25,5.97326,2.998,21.85,92.8,26.43
2026-06-27 04:27:34,lht65-02,52.25,5.97326,2.994,22.4,92.4,26.37
2026-06-27 04:37:34,lht65-02,52.25,5.97326,2.996,23.0,91.3,26.31
2026-06-27 04:47:34,lht65-02,52.25,5.97326,2.996,23.5,91.0,26.31
2026-06-27 04:57:34,lht65-02,52.25,5.97326,2.996,23.97,91.4,26.25
2026-06-27 05:07:34,lht65-02,52.25,5.97326,2.996,24.66,91.8,26.18
2026-06-27 05:17:34,lht65-02,52.25,5.97326,3.023,25.55,91.4,26.18
2026-06-27 05:27:34,lht65-02,52.25,5.97326,3.023,26.6,89.4,26.18
2026-06-27 05:37:34,lht65-02,52.25,5.97326,3.023,27.6,87.9,26.18
2026-06-27 05:47:34,lht65-02,52.25,5.97326,3.023,28.55,86.4,26.18
2026-06-27 05:57:34,lht65-02,52.25,5.97326,3.019,29.35,78.5,26.18
2026-06-27 06:07:34,lht65-02,52.25,5.97326,3.019,29.9,77.3,26.18
2026-06-27 06:17:34,lht65-02,52.25,5.97326,3.021,30.52,75.8,26.25
2026-06-27 06:27:34,lht65-02,52.25,5.97326,3.023,30.98,71.7,26.25
2026-06-27 06:37:34,lht65-02,52.25,5.97326,3.021,31.37,72.4,26.31
2026-06-27 06:47:34,lht65-02,52.25,5.97326,3.019,31.81,67.6,26.37
2026-06-27 06:57:34,lht65-02,52.25,5.97326,3.018,31.88,62.9,26.43
2026-06-27 07:07:34,lht65-02,52.25,5.97326,3.016,31.87,62.5,26.5
2026-06-27 07:17:34,lht65-02,52.25,5.97326,3.019,32.33,64.2,26.56
2026-06-27 07:27:34,lht65-02,52.25,5.97326,3.021,32.69,61.8,26.62
2026-06-27 07:37:34,lht65-02,52.25,5.97326,3.012,33.29,62.9,26.75
2026-06-27 07:47:34,lht65-02,52.25,5.97326,3.023,33.95,60.4,26.81
2026-06-27 07:57:34,lht65-02,52.25,5.97326,3.023,34.38,60.2,26.93
2026-06-27 08:07:34,lht65-02,52.25,5.97326,3.025,34.99,61.7,27.0
2026-06-27 08:17:34,lht65-02,52.25,5.97326,3.027,35.5,58.3,27.12
2026-06-27 08:27:34,lht65-02,52.25,5.97326,3.025,35.86,58.0,27.25
2026-06-27 08:37:34,lht65-02,52.25,5.97326,3.025,35.87,58.0,27.37
2026-06-27 08:47:34,lht65-02,52.25,5.97326,3.025,35.95,58.3,27.5
2026-06-27 08:57:34,lht65-02,52.25,5.97326,3.016,37.1,56.2,27.62
2026-06-27 09:07:34,lht65-02,52.25,5.97326,3.005,38.28,51.2,27.75
2026-06-27 09:17:34,lht65-02,52.25,5.97326,3.001,38.91,53.6,27.87
2026-06-27 09:27:34,lht65-02,52.25,5.97326,3.012,38.44,53.3,28.0
2026-06-27 09:37:34,lht65-02,52.25,5.97326,3.01,37.69,54.5,28.18
2026-06-27 09:47:34,lht65-02,52.25,5.97326,3.014,37.88,51.8,28.31
2026-06-27 09:57:34,lht65-02,52.25,5.97326,3.014,38.33,50.8,28.43
2026-06-27 10:07:34,lht65-02,52.25,5.97326,3.014,38.14,54.1,28.56
2026-06-27 10:17:34,lht65-02,52.25,5.97326,3.012,37.96,51.5,28.68
2026-06-27 10:27:34,lht65-02,52.25,5.97326,3.016,37.09,50.7,28.81
2026-06-27 10:37:34,lht65-02,52.25,5.97326,3.014,36.85,51.2,28.93
2026-06-27 10:47:34,lht65-02,52.25,5.97326,3.016,37.32,50.5,29.06
2026-06-27 10:57:34,lht65-02,52.25,5.97326,3.012,36.85,44.1,29.12
2026-06-27 11:07:34,lht65-02,52.25,5.97326,3.016,37.2,51.5,29.25
2026-06-27 11:17:34,lht65-02,52.25,5.97326,3.016,37.72,47.5,29.31
2026-06-27 11:27:34,lht65-02,52.25,5.97326,3.012,37.65,50.0,29.43
2026-06-27 11:37:34,lht65-02,52.25,5.97326,3.014,37.27,46.4,29.5
2026-06-27 11:47:34,lht65-02,52.25,5.97326,3.014,37.72,47.7,29.62
2026-06-27 11:57:34,lht65-02,52.25,5.97326,3.012,37.96,43.7,29.68
2026-06-27 12:07:34,lht65-02,52.25,5.97326,3.012,38.14,44.1,29.81
2026-06-27 12:17:33,lht65-02,52.25,5.97326,3.016,38.57,41.8,29.87
2026-06-27 12:27:34,lht65-02,52.25,5.97326,3.001,38.42,41.0,29.93
2026-06-27 12:37:33,lht65-02,52.25,5.97326,3.016,38.55,42.0,30.0
2026-06-27 12:47:34,lht65-02,52.25,5.97326,2.991,38.98,40.4,30.12
2026-06-27 12:57:34,lht65-02,52.25,5.97326,3.032,38.83,43.4,30.25
2026-06-27 13:07:34,lht65-02,52.25,5.97326,3.034,38.32,43.0,30.37
2026-06-27 13:17:34,lht65-02,52.25,5.97326,3.032,38.36,40.2,30.5
2026-06-27 13:27:33,lht65-02,52.25,5.97326,3.03,39.0,45.8,30.62
2026-06-27 13:37:34,lht65-02,52.25,5.97326,3.03,38.85,40.1,30.75
2026-06-27 13:47:34,lht65-02,52.25,5.97326,3.03,38.52,43.2,30.87
2026-06-27 13:57:33,lht65-02,52.25,5.97326,3.034,38.57,42.2,31.0
2026-06-27 14:07:33,lht65-02,52.25,5.97326,3.034,38.35,41.5,31.12
2026-06-27 14:17:33,lht65-02,52.25,5.97326,3.032,38.14,45.2,31.25
2026-06-27 14:27:34,lht65-02,52.25,5.97326,3.03,38.14,43.8,31.37
2026-06-27 14:37:33,lht65-02,52.25,5.97326,3.03,37.41,44.4,31.43
2026-06-27 14:47:33,lht65-02,52.25,5.97326,3.03,36.51,44.4,31.5
2026-06-27 14:57:33,lht65-02,52.25,5.97326,3.029,36.74,46.0,31.56
2026-06-27 15:07:34,lht65-02,52.25,5.97326,3.029,36.93,47.1,31.62
2026-06-27 15:17:33,lht65-02,52.25,5.97326,3.029,37.04,45.3,31.62
2026-06-27 15:27:33,lht65-02,52.25,5.97326,3.03,37.2,47.2,31.68
2026-06-27 15:37:33,lht65-02,52.25,5.97326,3.029,37.03,43.3,31.68
2026-06-27 15:47:33,lht65-02,52.25,5.97326,3.027,37.12,42.4,31.68
2026-06-27 15:57:33,lht65-02,52.25,5.97326,3.027,36.69,47.2,31.68
2026-06-27 16:07:33,lht65-02,52.25,5.97326,3.027,36.4,45.0,31.68
2026-06-27 16:17:33,lht65-02,52.25,5.97326,3.025,35.74,46.7,31.68
2026-06-27 16:27:33,lht65-02,52.25,5.97326,3.025,35.31,47.1,31.68
2026-06-27 16:37:33,lht65-02,52.25,5.97326,3.023,34.85,47.0,31.62
2026-06-27 16:47:33,lht65-02,52.25,5.97326,3.019,34.28,47.9,31.62
2026-06-27 16:57:33,lht65-02,52.25,5.97326,3.012,33.47,46.1,31.56
2026-06-27 17:07:33,lht65-02,52.25,5.97326,3.018,32.66,47.9,31.5
2026-06-27 17:17:33,lht65-02,52.25,5.97326,3.009,32.05,50.5,31.43
2026-06-27 17:27:33,lht65-02,52.25,5.97326,3.007,31.44,49.9,31.31
2026-06-27 17:37:33,lht65-02,52.25,5.97326,3.009,30.82,50.7,31.25
2026-06-27 17:47:33,lht65-02,52.25,5.97326,3.014,30.33,53.9,31.18
2026-06-27 17:57:33,lht65-02,52.25,5.97326,3.012,30.13,53.1,31.06
2026-06-27 18:07:33,lht65-02,52.25,5.97326,3.012,30.13,52.4,30.93
2026-06-27 18:17:33,lht65-02,52.25,5.97326,3.016,30.08,51.9,30.87
2026-06-27 18:27:33,lht65-02,52.25,5.97326,3.003,29.9,53.5,30.75
2026-06-27 18:37:33,lht65-02,52.25,5.97326,3.01,29.64,58.2,30.62
2026-06-27 18:47:33,lht65-02,52.25,5.97326,3.007,29.27,57.3,30.56
2026-06-27 18:57:33,lht65-02,52.25,5.97326,3.005,28.87,61.5,30.43
2026-06-27 19:07:33,lht65-02,52.25,5.97326,3.001,28.38,64.5,30.31
2026-06-27 19:17:33,lht65-02,52.25,5.97326,3.012,27.89,67.9,30.25
2026-06-27 19:27:33,lht65-02,52.25,5.97326,3.012,27.44,70.4,30.12
2026-06-27 19:37:33,lht65-02,52.25,5.97326,3.019,27.05,71.1,30.06
2026-06-27 19:47:33,lht65-02,52.25,5.97326,3.016,26.71,72.1,29.93
2026-06-27 19:57:33,lht65-02,52.25,5.97326,3.019,26.44,72.7,29.81
2026-06-27 20:07:33,lht65-02,52.25,5.97326,3.014,26.18,72.4,29.75
2026-06-27 20:17:33,lht65-02,52.25,5.97326,3.014,25.99,65.0,29.62
2026-06-27 20:27:33,lht65-02,52.25,5.97326,3.016,25.85,67.4,29.56
2026-06-27 20:37:33,lht65-02,52.25,5.97326,3.01,25.69,70.3,29.43
2026-06-27 20:47:33,lht65-02,52.25,5.97326,3.001,25.51,70.9,29.31
2026-06-27 20:57:33,lht65-02,52.25,5.97326,3.001,25.32,70.4,29.25
2026-06-27 21:07:33,lht65-02,52.25,5.97326,3.01,25.19,71.1,29.12
2026-06-27 21:17:33,lht65-02,52.25,5.97326,3.007,25.0,70.9,29.06
2026-06-27 21:27:33,lht65-02,52.25,5.97326,3.01,24.89,70.0,28.93
2026-06-27 21:37:33,lht65-02,52.25,5.97326,3.01,24.8,69.7,28.87
2026-06-27 21:47:33,lht65-02,52.25,5.97326,3.005,24.72,71.2,28.75
2026-06-27 21:57:33,lht65-02,52.25,5.97326,2.996,24.66,69.9,28.68
2026-06-27 22:07:33,lht65-02,52.25,5.97326,3.001,24.48,72.4,28.56
2026-06-27 22:17:33,lht65-02,52.25,5.97326,3.019,24.24,72.5,28.5
2026-06-27 22:27:33,lht65-02,52.25,5.97326,3.016,24.05,74.5,28.43
2026-06-27 22:37:33,lht65-02,52.25,5.97326,3.016,23.93,75.3,28.31
2026-06-27 22:47:33,lht65-02,52.25,5.97326,3.016,23.84,74.1,28.25
2026-06-27 22:57:33,lht65-02,52.25,5.97326,3.019,23.78,73.9,28.18
2026-06-27 23:07:33,lht65-02,52.25,5.97326,2.851,23.66,74.7,28.06
2026-06-27 23:17:32,lht65-02,52.25,5.97326,3.025,23.5,74.8,28.0
2026-06-27 23:27:32,lht65-02,52.25,5.97326,3.025,23.34,74.8,27.93
2026-06-27 23:37:33,lht65-02,52.25,5.97326,3.023,23.17,75.3,27.87
2026-06-27 23:47:32,lht65-02,52.25,5.97326,3.025,23.03,74.2,27.81
2026-06-27 23:57:32,lht65-02,52.25,5.97326,3.023,22.89,75.8,27.68
2026-06-28 00:07:32,lht65-02,52.25,5.97326,2.973,22.67,77.3,27.62
2026-06-28 00:17:32,lht65-02,52.25,5.97326,3.012,22.31,77.4,27.56
2026-06-28 00:27:32,lht65-02,52.25,5.97326,3.009,22.15,78.2,27.5
2026-06-28 00:37:32,lht65-02,52.25,5.97326,3.019,22.05,78.2,27.43
2026-06-28 00:47:32,lht65-02,52.25,5.97326,3.014,21.97,79.0,27.31
2026-06-28 00:57:32,lht65-02,52.25,5.97326,3.016,21.99,81.7,27.25
2026-06-28 01:07:32,lht65-02,52.25,5.97326,3.016,22.03,81.6,27.18
2026-06-28 01:17:32,lht65-02,52.25,5.97326,3.012,21.93,83.9,27.12
2026-06-28 01:27:32,lht65-02,52.25,5.97326,2.982,21.17,87.9,23.81
2026-06-28 01:37:32,lht65-02,52.25,5.97326,2.992,20.23,92.5,25.5
2026-06-28 01:47:32,lht65-02,52.25,5.97326,2.938,19.65,94.4,25.87
2026-06-28 01:57:32,lht65-02,52.25,5.97326,2.945,19.23,95.9,25.81
2026-06-28 02:07:32,lht65-02,52.25,5.97326,3.019,18.91,97.1,25.68
2026-06-28 02:17:32,lht65-02,52.25,5.97326,3.025,18.76,98.3,25.62
2026-06-28 02:27:32,lht65-02,52.25,5.97326,3.027,18.65,99.9,25.5
2026-06-28 02:37:32,lht65-02,52.25,5.97326,3.027,18.64,100.0,25.43
2026-06-28 02:47:32,lht65-02,52.25,5.97326,3.027,18.45,100.0,25.31
2026-06-28 02:57:32,lht65-02,52.25,5.97326,2.787,18.32,100.0,25.18
2026-06-28 03:17:32,lht65-02,52.25,5.97326,3.005,18.26,100.0,25.06
2026-06-28 03:27:32,lht65-02,52.25,5.97326,3.009,18.41,100.0,24.93
2026-06-28 03:37:32,lht65-02,52.25,5.97326,3.009,18.69,100.0,24.87
2026-06-28 03:47:32,lht65-02,52.25,5.97326,3.009,18.96,100.0,24.81
2026-06-28 03:57:32,lht65-02,52.25,5.97326,3.005,19.21,100.0,24.75
2026-06-28 04:07:32,lht65-02,52.25,5.97326,3.009,19.46,100.0,24.68
2026-06-28 04:17:32,lht65-02,52.25,5.97326,3.009,19.72,100.0,24.62
2026-06-28 04:27:32,lht65-02,52.25,5.97326,3.005,19.86,100.0,24.56
2026-06-28 04:37:32,lht65-02,52.25,5.97326,3.005,20.17,100.0,24.56
2026-06-28 04:47:32,lht65-02,52.25,5.97326,3.001,20.41,100.0,24.5
2026-06-28 04:57:32,lht65-02,52.25,5.97326,3.005,20.57,100.0,24.5
2026-06-28 05:07:32,lht65-02,52.25,5.97326,3.007,20.82,100.0,24.43
2026-06-28 05:17:32,lht65-02,52.25,5.97326,3.009,21.27,100.0,24.43
2026-06-28 05:27:32,lht65-02,52.25,5.97326,3.016,21.83,100.0,24.43
2026-06-28 05:37:32,lht65-02,52.25,5.97326,3.012,22.68,100.0,24.43
2026-06-28 05:47:33,lht65-02,52.25,5.97326,2.998,23.72,100.0,24.37
2026-06-28 05:57:32,lht65-02,52.25,5.97326,2.998,24.58,100.0,24.43
2026-06-28 06:07:32,lht65-02,52.25,5.97326,2.996,25.34,100.0,24.43
2026-06-28 06:17:32,lht65-02,52.25,5.97326,3.016,26.23,100.0,24.43
2026-06-28 06:27:32,lht65-02,52.25,5.97326,3.009,27.16,100.0,24.56
2026-06-28 06:37:32,lht65-02,52.25,5.97326,3.009,27.85,100.0,24.62
2026-06-28 06:47:32,lht65-02,52.25,5.97326,3.001,27.26,84.1,24.68
2026-06-28 06:57:32,lht65-02,52.25,5.97326,3.005,27.2,80.1,24.81
2026-06-28 07:07:32,lht65-02,52.25,5.97326,3.005,27.56,82.1,24.93
2026-06-28 07:17:32,lht65-02,52.25,5.97326,3.005,28.36,85.5,25.06
2026-06-28 07:27:32,lht65-02,52.25,5.97326,3.001,29.0,76.1,25.18
2026-06-28 07:37:32,lht65-02,52.25,5.97326,2.992,29.8,78.3,25.25
2026-06-28 07:47:32,lht65-02,52.25,5.97326,2.98,30.71,78.2,25.37
2026-06-28 07:57:32,lht65-02,52.25,5.97326,2.991,31.34,68.4,25.5
2026-06-28 08:07:31,lht65-02,52.25,5.97326,2.987,31.3,67.9,25.62
2026-06-28 08:17:32,lht65-02,52.25,5.97326,2.98,31.73,68.3,25.81
2026-06-28 08:27:32,lht65-02,52.25,5.97326,2.964,32.35,71.7,25.93
2026-06-28 08:37:31,lht65-02,52.25,5.97326,2.971,32.98,64.9,26.12
2026-06-28 08:47:31,lht65-02,52.25,5.97326,2.978,33.22,63.0,26.25
2026-06-28 08:57:31,lht65-02,52.25,5.97326,2.916,33.71,62.4,26.37
2026-06-28 09:07:32,lht65-02,52.25,5.97326,2.948,34.11,62.7,26.56
2026-06-28 09:17:32,lht65-02,52.25,5.97326,2.962,34.9,60.0,26.68
2026-06-28 09:27:31,lht65-02,52.25,5.97326,3.025,35.11,59.9,26.81
2026-06-28 09:37:31,lht65-02,52.25,5.97326,3.027,35.42,57.3,26.93
2026-06-28 09:47:31,lht65-02,52.25,5.97326,3.03,36.01,58.3,27.12
2026-06-28 09:57:31,lht65-02,52.25,5.97326,3.025,36.31,58.1,27.25
2026-06-28 10:07:31,lht65-02,52.25,5.97326,3.03,36.35,59.1,27.43
2026-06-28 10:17:31,lht65-02,52.25,5.97326,3.03,36.47,54.8,27.62
2026-06-28 10:27:31,lht65-02,52.25,5.97326,3.019,36.75,59.0,27.81
2026-06-28 10:37:31,lht65-02,52.25,5.97326,3.027,37.27,57.2,27.93
2026-06-28 10:47:31,lht65-02,52.25,5.97326,3.03,37.22,52.9,28.12
2026-06-28 10:57:31,lht65-02,52.25,5.97326,3.032,37.04,56.1,28.25
2026-06-28 11:07:31,lht65-02,52.25,5.97326,2.833,37.58,54.1,28.37
2026-06-28 11:17:31,lht65-02,52.25,5.97326,3.023,37.82,56.0,28.56
2026-06-28 11:27:31,lht65-02,52.25,5.97326,3.027,38.18,52.8,28.68
2026-06-28 11:37:31,lht65-02,52.25,5.97326,3.03,38.24,54.4,28.75
2026-06-28 11:47:31,lht65-02,52.25,5.97326,3.029,38.46,50.4,28.87
2026-06-28 11:57:31,lht65-02,52.25,5.97326,2.906,38.58,52.2,28.93
2026-06-28 12:07:31,lht65-02,52.25,5.97326,3.025,38.68,46.3,29.12
2026-06-28 12:17:31,lht65-02,52.25,5.97326,3.027,38.4,49.8,29.18
2026-06-28 12:27:31,lht65-02,52.25,5.97326,3.027,38.69,51.0,29.31
2026-06-28 12:37:31,lht65-02,52.25,5.97326,3.027,38.31,51.1,29.37
2026-06-28 12:47:31,lht65-02,52.25,5.97326,3.023,38.52,46.9,29.5
2026-06-28 12:57:32,lht65-02,52.25,5.97326,3.01,38.25,46.9,29.56
2026-06-28 13:07:31,lht65-02,52.25,5.97326,3.012,37.21,48.4,29.68
2026-06-28 13:17:31,lht65-02,52.25,5.97326,3.012,35.81,51.4,29.75
2026-06-28 13:27:31,lht65-02,52.25,5.97326,3.007,35.34,53.5,29.81
2026-06-28 13:37:31,lht65-02,52.25,5.97326,3.009,35.73,53.7,29.81
2026-06-28 13:47:31,lht65-02,52.25,5.97326,3.012,35.31,52.5,29.81
2026-06-28 13:57:31,lht65-02,52.25,5.97326,3.016,35.06,54.8,29.87
2026-06-28 14:07:31,lht65-02,52.25,5.97326,3.012,34.25,55.5,29.87
2026-06-28 14:17:31,lht65-02,52.25,5.97326,3.016,34.27,58.4,29.87
2026-06-28 14:27:31,lht65-02,52.25,5.97326,3.012,33.57,57.5,29.87
2026-06-28 14:37:31,lht65-02,52.25,5.97326,3.012,32.61,60.2,29.81
2026-06-28 14:47:31,lht65-02,52.25,5.97326,3.027,31.74,62.2,29.81
2026-06-28 14:57:31,lht65-02,52.25,5.97326,3.025,30.98,64.5,29.75
2026-06-28 15:07:31,lht65-02,52.25,5.97326,3.032,31.19,66.3,29.68
2026-06-28 15:17:31,lht65-02,52.25,5.97326,3.03,30.87,64.2,29.62
2026-06-28 15:27:31,lht65-02,52.25,5.97326,3.032,30.83,64.4,29.56
2026-06-28 15:37:31,lht65-02,52.25,5.97326,3.032,31.25,63.7,29.5
2026-06-28 15:47:31,lht65-02,52.25,5.97326,3.03,31.18,63.8,29.43
2026-06-28 15:57:31,lht65-02,52.25,5.97326,3.025,30.43,61.8,29.43
2026-06-28 16:07:31,lht65-02,52.25,5.97326,3.03,29.77,66.5,29.31
2026-06-28 16:17:31,lht65-02,52.25,5.97326,3.03,29.94,70.5,29.31
2026-06-28 16:27:31,lht65-02,52.25,5.97326,3.03,30.37,70.4,29.25
2026-06-28 16:37:31,lht65-02,52.25,5.97326,3.03,31.11,63.9,29.12
2026-06-28 16:47:31,lht65-02,52.25,5.97326,3.032,30.83,61.6,29.06
2026-06-28 16:57:31,lht65-02,52.25,5.97326,3.032,30.66,63.7,29.0
2026-06-28 17:07:31,lht65-02,52.25,5.97326,3.03,30.83,66.1,29.0
2026-06-28 17:17:31,lht65-02,52.25,5.97326,3.032,30.49,67.5,28.93
2026-06-28 17:27:31,lht65-02,52.25,5.97326,3.03,30.1,62.2,28.87
2026-06-28 17:37:31,lht65-02,52.25,5.97326,3.029,29.36,62.2,28.87
2026-06-28 17:47:31,lht65-02,52.25,5.97326,3.027,28.77,63.5,28.81
2026-06-28 17:57:31,lht65-02,52.25,5.97326,3.03,28.52,68.2,28.68
2026-06-28 18:07:31,lht65-02,52.25,5.97326,3.03,28.55,70.3,28.62
2026-06-28 18:17:31,lht65-02,52.25,5.97326,3.03,28.35,71.6,28.56
2026-06-28 18:27:30,lht65-02,52.25,5.97326,3.025,27.9,73.2,28.43
2026-06-28 18:37:31,lht65-02,52.25,5.97326,3.027,27.42,75.3,28.37
2026-06-28 18:47:30,lht65-02,52.25,5.97326,3.029,27.23,75.6,28.31
2026-06-28 18:57:31,lht65-02,52.25,5.97326,3.027,27.11,74.3,28.25
2026-06-28 19:07:31,lht65-02,52.25,5.97326,3.027,26.75,75.2,28.12
2026-06-28 19:17:30,lht65-02,52.25,5.97326,3.021,26.3,74.2,28.06
2026-06-28 19:27:30,lht65-02,52.25,5.97326,3.019,25.71,75.8,27.93
2026-06-28 19:37:30,lht65-02,52.25,5.97326,2.991,25.32,78.6,27.87
2026-06-28 19:47:30,lht65-02,52.25,5.97326,3.01,24.66,80.5,27.75
2026-06-28 19:57:30,lht65-02,52.25,5.97326,2.989,24.02,80.3,27.68
2026-06-28 20:07:30,lht65-02,52.25,5.97326,2.987,23.32,81.3,27.56
2026-06-28 20:17:31,lht65-02,52.25,5.97326,2.911,22.59,83.0,27.43
2026-06-28 20:27:30,lht65-02,52.25,5.97326,3.005,22.1,83.1,27.37
2026-06-28 20:37:30,lht65-02,52.25,5.97326,3.009,21.58,83.3,27.25
2026-06-28 20:47:30,lht65-02,52.25,5.97326,3.019,21.22,84.8,27.12
2026-06-28 20:57:30,lht65-02,52.25,5.97326,3.01,20.86,85.8,27.0
2026-06-28 21:07:30,lht65-02,52.25,5.97326,3.025,20.55,86.8,26.87
2026-06-28 21:17:30,lht65-02,52.25,5.97326,3.029,20.34,87.4,26.81
2026-06-28 21:27:30,lht65-02,52.25,5.97326,3.027,20.03,87.2,26.68
2026-06-28 21:37:30,lht65-02,52.25,5.97326,3.032,19.86,87.7,26.56
2026-06-28 21:47:30,lht65-02,52.25,5.97326,3.03,19.84,87.7,26.43
2026-06-28 21:57:30,lht65-02,52.25,5.97326,3.03,19.69,87.5,26.31
2026-06-28 22:07:30,lht65-02,52.25,5.97326,3.03,19.59,86.5,26.18
2026-06-28 22:17:30,lht65-02,52.25,5.97326,3.03,19.48,87.6,26.06
2026-06-28 22:27:30,lht65-02,52.25,5.97326,3.03,19.45,88.8,26.0
2026-06-28 22:37:30,lht65-02,52.25,5.97326,3.03,19.48,89.2,25.87
2026-06-28 22:47:30,lht65-02,52.25,5.97326,3.03,19.53,89.6,25.81
2026-06-28 22:57:30,lht65-02,52.25,5.97326,3.032,19.58,89.6,25.68
2026-06-28 23:07:30,lht65-02,52.25,5.97326,3.03,19.52,88.6,25.56
2026-06-28 23:17:30,lht65-02,52.25,5.97326,3.03,19.52,89.8,25.5
2026-06-28 23:27:30,lht65-02,52.25,5.97326,3.03,19.54,88.1,25.43
2026-06-28 23:37:30,lht65-02,52.25,5.97326,3.03,19.58,86.7,25.31
2026-06-28 23:47:30,lht65-02,52.25,5.97326,3.03,19.63,88.0,25.25
2026-06-28 23:57:30,lht65-02,52.25,5.97326,3.03,19.64,87.9,25.18
2026-06-29 00:07:30,lht65-02,52.25,5.97326,3.03,19.62,88.7,25.12
2026-06-29 00:17:30,lht65-02,52.25,5.97326,3.03,19.57,89.1,25.0
2026-06-29 00:27:30,lht65-02,52.25,5.97326,3.03,19.51,88.6,24.93
2026-06-29 00:37:30,lht65-02,52.25,5.97326,3.03,19.48,88.9,24.87
2026-06-29 00:47:30,lht65-02,52.25,5.97326,3.03,19.45,88.5,24.81
2026-06-29 00:57:30,lht65-02,52.25,5.97326,3.03,19.42,87.6,24.75
2026-06-29 01:07:30,lht65-02,52.25,5.97326,3.03,19.38,88.1,24.68
2026-06-29 01:17:30,lht65-02,52.25,5.97326,3.034,19.29,88.1,24.62
2026-06-29 01:27:30,lht65-02,52.25,5.97326,3.03,19.28,87.6,24.56
2026-06-29 01:37:30,lht65-02,52.25,5.97326,3.03,19.32,88.8,24.5
2026-06-29 01:47:30,lht65-02,52.25,5.97326,3.03,19.31,87.4,24.43
2026-06-29 01:57:30,lht65-02,52.25,5.97326,3.03,19.32,88.3,24.37
2026-06-29 02:07:30,lht65-02,52.25,5.97326,3.03,19.27,87.4,24.31
2026-06-29 02:17:30,lht65-02,52.25,5.97326,3.034,19.14,87.5,24.31
2026-06-29 02:27:30,lht65-02,52.25,5.97326,2.922,19.0,88.2,24.18
2026-06-29 02:37:30,lht65-02,52.25,5.97326,3.023,18.83,88.1,24.18
2026-06-29 02:47:30,lht65-02,52.25,5.97326,3.027,18.56,87.7,24.12
2026-06-29 02:57:30,lht65-02,52.25,5.97326,3.005,18.34,88.4,24.06
2026-06-29 03:07:30,lht65-02,52.25,5.97326,3.009,18.18,88.8,24.0
2026-06-29 03:17:30,lht65-02,52.25,5.97326,3.014,18.0,89.0,23.93
2026-06-29 03:27:30,lht65-02,52.25,5.97326,3.005,18.0,89.9,23.87
2026-06-29 03:37:30,lht65-02,52.25,5.97326,3.007,18.14,91.2,23.81
2026-06-29 03:47:30,lht65-02,52.25,5.97326,2.98,18.32,92.1,23.75
2026-06-29 03:57:30,lht65-02,52.25,5.97326,2.989,18.58,93.0,23.68
2026-06-29 04:07:30,lht65-02,52.25,5.97326,2.982,18.92,94.5,23.62
2026-06-29 04:17:30,lht65-02,52.25,5.97326,2.978,19.27,96.2,23.56
2026-06-29 04:27:30,lht65-02,52.25,5.97326,2.982,19.55,97.0,23.56
2026-06-29 04:37:29,lht65-02,52.25,5.97326,2.991,19.84,96.7,23.5
2026-06-29 04:47:30,lht65-02,52.25,5.97326,2.975,19.87,96.2,23.5
2026-06-29 04:57:29,lht65-02,52.25,5.97326,3.023,20.2,95.4,23.5
2026-06-29 05:07:30,lht65-02,52.25,5.97326,3.019,20.53,94.6,23.5
2026-06-29 05:17:30,lht65-02,52.25,5.97326,3.019,21.05,94.3,23.43
2026-06-29 05:27:29,lht65-02,52.25,5.97326,3.023,21.96,94.5,23.43
2026-06-29 05:37:29,lht65-02,52.25,5.97326,3.019,23.14,94.1,23.43
2026-06-29 05:47:30,lht65-02,52.25,5.97326,3.018,24.42,92.9,23.5
2026-06-29 05:57:29,lht65-02,52.25,5.97326,3.007,25.32,89.6,23.5
2026-06-29 06:07:29,lht65-02,52.25,5.97326,2.998,25.85,87.0,23.56
2026-06-29 06:17:29,lht65-02,52.25,5.97326,3.01,26.26,85.5,23.62
2026-06-29 06:27:30,lht65-02,52.25,5.97326,2.991,26.63,86.1,23.75
2026-06-29 06:37:30,lht65-02,52.25,5.97326,2.996,27.2,84.8,23.75
2026-06-29 06:47:29,lht65-02,52.25,5.97326,2.987,27.53,83.9,23.87
2026-06-29 06:57:29,lht65-02,52.25,5.97326,2.991,27.89,83.0,23.93
2026-06-29 07:07:29,lht65-02,52.25,5.97326,2.987,28.75,82.1,24.0
2026-06-29 07:17:29,lht65-02,52.25,5.97326,2.994,29.6,80.9,24.12
2026-06-29 07:27:29,lht65-02,52.25,5.97326,2.996,30.0,75.5,24.25
2026-06-29 07:37:29,lht65-02,52.25,5.97326,2.978,30.52,74.2,24.31
2026-06-29 07:47:29,lht65-02,52.25,5.97326,3.027,31.15,69.2,24.5
2026-06-29 07:57:29,lht65-02,52.25,5.97326,3.029,31.49,66.7,24.62
2026-06-29 08:07:29,lht65-02,52.25,5.97326,3.007,32.1,66.1,24.75
2026-06-29 08:17:29,lht65-02,52.25,5.97326,2.991,32.65,63.2,24.87
2026-06-29 08:27:29,lht65-02,52.25,5.97326,2.98,33.18,59.0,25.0
2026-06-29 08:37:29,lht65-02,52.25,5.97326,3.012,31.6,55.3,25.18
2026-06-29 08:47:29,lht65-02,52.25,5.97326,2.991,30.6,57.7,25.31
2026-06-29 08:57:30,lht65-02,52.25,5.97326,2.994,30.83,66.0,25.5
2026-06-29 09:07:29,lht65-02,52.25,5.97326,2.952,33.49,58.2,25.62
2026-06-29 09:17:29,lht65-02,52.25,5.97326,2.983,33.01,52.4,25.75
2026-06-29 09:27:29,lht65-02,52.25,5.97326,2.971,33.68,48.8,25.93
2026-06-29 09:37:29,lht65-02,52.25,5.97326,3.019,34.12,51.9,26.06
2026-06-29 09:47:29,lht65-02,52.25,5.97326,3.01,33.36,48.1,26.18
2026-06-29 09:57:29,lht65-02,52.25,5.97326,3.0,32.52,57.0,26.37
2026-06-29 10:07:29,lht65-02,52.25,5.97326,3.019,34.47,48.3,26.5
2026-06-29 10:17:29,lht65-02,52.25,5.97326,3.027,32.4,51.7,26.68
2026-06-29 10:27:29,lht65-02,52.25,5.97326,3.027,32.55,56.9,26.81
2026-06-29 10:37:29,lht65-02,52.25,5.97326,3.027,32.89,52.8,26.87
2026-06-29 10:47:29,lht65-02,52.25,5.97326,3.025,33.51,46.0,27.0
2026-06-29 10:57:29,lht65-02,52.25,5.97326,3.027,33.34,48.5,27.06
2026-06-29 11:07:29,lht65-02,52.25,5.97326,3.029,33.27,52.0,27.18
2026-06-29 11:17:29,lht65-02,52.25,5.97326,3.03,32.2,43.9,27.25
2026-06-29 11:27:29,lht65-02,52.25,5.97326,3.029,32.02,55.6,27.31
2026-06-29 11:37:29,lht65-02,52.25,5.97326,3.029,32.23,47.5,27.37
2026-06-29 11:47:29,lht65-02,52.25,5.97326,3.03,33.04,51.9,27.43
2026-06-29 11:57:29,lht65-02,52.25,5.97326,3.029,33.78,48.0,27.5
2026-06-29 12:07:29,lht65-02,52.25,5.97326,3.029,31.19,44.7,27.56
2026-06-29 12:17:29,lht65-02,52.25,5.97326,3.029,30.83,58.8,27.62
2026-06-29 12:27:29,lht65-02,52.25,5.97326,3.029,31.6,51.7,27.62
2026-06-29 12:37:29,lht65-02,52.25,5.97326,3.03,30.49,54.2,27.62
2026-06-29 12:47:29,lht65-02,52.25,5.97326,3.029,29.6,48.3,27.68
2026-06-29 12:57:29,lht65-02,52.25,5.97326,3.03,30.83,59.2,27.62
2026-06-29 13:07:29,lht65-02,52.25,5.97326,3.027,34.42,55.4,27.62
2026-06-29 13:17:29,lht65-02,52.25,5.97326,3.03,33.57,47.8,27.68
2026-06-29 13:27:29,lht65-02,52.25,5.97326,3.034,32.86,46.0,27.75
2026-06-29 13:37:29,lht65-02,52.25,5.97326,3.03,31.29,53.3,27.81
2026-06-29 13:47:29,lht65-02,52.25,5.97326,3.03,30.83,61.4,27.87
2026-06-29 13:57:29,lht65-02,52.25,5.97326,3.03,32.02,56.4,27.87
2026-06-29 14:07:28,lht65-02,52.25,5.97326,3.03,31.02,44.4,27.87
2026-06-29 14:17:29,lht65-02,52.25,5.97326,3.03,30.02,51.8,27.93
2026-06-29 14:27:29,lht65-02,52.25,5.97326,3.03,29.79,58.2,27.93
2026-06-29 14:37:29,lht65-02,52.25,5.97326,3.03,31.52,67.3,27.93
2026-06-29 14:47:28,lht65-02,52.25,5.97326,3.03,32.18,45.4,27.87
2026-06-29 14:57:28,lht65-02,52.25,5.97326,3.03,31.6,50.7,27.87
2026-06-29 15:07:29,lht65-02,52.25,5.97326,3.03,32.05,48.7,27.87
2026-06-29 15:17:28,lht65-02,52.25,5.97326,3.032,31.62,55.4,27.93
2026-06-29 15:27:28,lht65-02,52.25,5.97326,3.03,32.39,52.7,27.93
2026-06-29 15:37:28,lht65-02,52.25,5.97326,3.03,33.1,47.6,27.93
2026-06-29 15:47:28,lht65-02,52.25,5.97326,3.03,32.86,50.8,28.0
2026-06-29 15:57:28,lht65-02,52.25,5.97326,3.03,33.06,49.4,28.0
2026-06-29 16:07:28,lht65-02,52.25,5.97326,3.03,32.39,49.9,28.06
2026-06-29 16:17:28,lht65-02,52.25,5.97326,3.032,32.02,50.7,28.06
2026-06-29 16:27:29,lht65-02,52.25,5.97326,3.034,30.83,55.0,28.06
2026-06-29 16:37:28,lht65-02,52.25,5.97326,3.034,30.83,61.4,28.06
2026-06-29 16:47:28,lht65-02,52.25,5.97326,3.03,30.83,52.3,28.06
2026-06-29 16:57:28,lht65-02,52.25,5.97326,3.027,28.85,51.8,28.06
2026-06-29 17:07:28,lht65-02,52.25,5.97326,3.025,27.08,56.7,28.06
2026-06-29 17:17:30,lht65-02,52.25,5.97326,3.027,26.06,65.2,28.0
2026-06-29 17:37:28,lht65-02,52.25,5.97326,3.03,25.49,74.7,27.81
2026-06-29 17:47:28,lht65-02,52.25,5.97326,3.03,25.72,78.0,27.75
2026-06-29 17:57:28,lht65-02,52.25,5.97326,3.03,25.74,79.1,27.62
2026-06-29 18:07:28,lht65-02,52.25,5.97326,3.03,25.69,79.8,27.5
2026-06-29 18:17:28,lht65-02,52.25,5.97326,3.03,25.7,79.0,27.43
2026-06-29 18:27:28,lht65-02,52.25,5.97326,3.03,25.51,78.6,27.37
2026-06-29 18:37:28,lht65-02,52.25,5.97326,3.029,25.32,78.9,27.25
2026-06-29 18:47:28,lht65-02,52.25,5.97326,3.029,24.81,79.5,27.18
2026-06-29 18:57:28,lht65-02,52.25,5.97326,3.029,24.54,80.1,27.12
2026-06-29 19:07:29,lht65-02,52.25,5.97326,3.03,24.24,81.1,27.0
2026-06-29 19:17:28,lht65-02,52.25,5.97326,3.03,23.96,81.1,26.93
2026-06-29 19:27:28,lht65-02,52.25,5.97326,3.03,23.62,81.0,26.87
2026-06-29 19:37:28,lht65-02,52.25,5.97326,3.03,23.13,81.0,26.75
2026-06-29 19:47:28,lht65-02,52.25,5.97326,3.03,22.59,82.0,26.68
2026-06-29 19:57:28,lht65-02,52.25,5.97326,3.029,21.98,82.9,26.56
2026-06-29 20:07:28,lht65-02,52.25,5.97326,3.029,21.42,83.6,26.5
2026-06-29 20:17:28,lht65-02,52.25,5.97326,3.025,20.81,82.9,26.37
2026-06-29 20:27:28,lht65-02,52.25,5.97326,3.014,20.18,83.4,26.25
2026-06-29 20:37:28,lht65-02,52.25,5.97326,3.019,19.73,84.1,26.18
2026-06-29 20:47:28,lht65-02,52.25,5.97326,3.023,19.23,84.9,26.06
2026-06-29 20:57:28,lht65-02,52.25,5.97326,2.983,18.9,85.7,25.93
2026-06-29 21:07:28,lht65-02,52.25,5.97326,3.021,18.59,86.3,25.81
2026-06-29 21:17:28,lht65-02,52.25,5.97326,3.012,18.33,86.9,25.75
2026-06-29 21:27:28,lht65-02,52.25,5.97326,2.833,18.13,87.7,25.62
2026-06-29 21:37:28,lht65-02,52.25,5.97326,3.001,18.06,88.8,25.5
2026-06-29 21:47:28,lht65-02,52.25,5.97326,2.998,18.2,90.0,25.37
2026-06-29 21:57:28,lht65-02,52.25,5.97326,3.001,18.4,90.6,25.31
2026-06-29 22:07:28,lht65-02,52.25,5.97326,3.001,18.54,90.5,25.18
2026-06-29 22:17:28,lht65-02,52.25,5.97326,3.0,18.56,89.9,25.06
2026-06-29 22:27:28,lht65-02,52.25,5.97326,2.996,18.47,89.8,25.0
2026-06-29 22:37:28,lht65-02,52.25,5.97326,3.001,18.45,90.3,24.93
2026-06-29 22:47:28,lht65-02,52.25,5.97326,3.001,18.53,90.9,24.81
2026-06-29 22:57:28,lht65-02,52.25,5.97326,3.001,18.55,90.7,24.75
2026-06-29 23:07:28,lht65-02,52.25,5.97326,3.001,18.57,90.8,24.68
2026-06-29 23:17:28,lht65-02,52.25,5.97326,2.996,18.61,91.1,24.62
2026-06-29 23:27:28,lht65-02,52.25,5.97326,2.998,18.63,91.1,24.5
2026-06-29 23:37:28,lht65-02,52.25,5.97326,3.001,18.6,90.8,24.5
2026-06-29 23:47:27,lht65-02,52.25,5.97326,3.001,18.49,90.5,24.43
2026-06-29 23:57:28,lht65-02,52.25,5.97326,2.996,18.41,90.7,24.31
2026-06-30 00:07:28,lht65-02,52.25,5.97326,3.016,18.24,90.3,24.25
2026-06-30 00:17:27,lht65-02,52.25,5.97326,3.016,18.0,90.0,24.18
2026-06-30 00:27:28,lht65-02,52.25,5.97326,2.864,17.73,89.9,24.12
2026-06-30 00:37:27,lht65-02,52.25,5.97326,3.014,17.51,90.1,24.06
2026-06-30 00:47:28,lht65-02,52.25,5.97326,3.003,17.29,90.2,24.0
2026-06-30 00:57:27,lht65-02,52.25,5.97326,2.994,17.09,89.8,23.93
2026-06-30 01:07:27,lht65-02,52.25,5.97326,3.005,16.91,90.5,23.87
2026-06-30 01:17:27,lht65-02,52.25,5.97326,3.007,16.89,91.5,23.81
2026-06-30 01:27:27,lht65-02,52.25,5.97326,3.009,16.94,92.0,23.75
2026-06-30 01:37:28,lht65-02,52.25,5.97326,3.012,16.84,91.4,23.68
2026-06-30 01:47:28,lht65-02,52.25,5.97326,3.007,16.66,90.7,23.56
2026-06-30 01:57:28,lht65-02,52.25,5.97326,3.0,16.43,90.5,23.56
2026-06-30 02:07:27,lht65-02,52.25,5.97326,3.016,16.24,90.9,23.5
2026-06-30 02:17:27,lht65-02,52.25,5.97326,3.016,16.13,91.5,23.37
2026-06-30 02:27:27,lht65-02,52.25,5.97326,2.994,15.9,91.1,23.31
2026-06-30 02:37:27,lht65-02,52.25,5.97326,3.012,15.6,90.5,23.25
2026-06-30 02:47:27,lht65-02,52.25,5.97326,2.996,15.39,91.0,23.18
2026-06-30 03:07:27,lht65-02,52.25,5.97326,2.991,14.98,91.4,23.0
2026-06-30 03:17:27,lht65-02,52.25,5.97326,3.005,14.79,91.4,23.0
2026-06-30 03:27:27,lht65-02,52.25,5.97326,3.012,14.75,92.1,22.87
2026-06-30 03:37:27,lht65-02,52.25,5.97326,3.009,14.73,92.6,22.81
2026-06-30 03:47:27,lht65-02,52.25,5.97326,3.009,14.73,92.8,22.75
2026-06-30 03:57:27,lht65-02,52.25,5.97326,3.009,14.83,93.2,22.68
2026-06-30 04:07:27,lht65-02,52.25,5.97326,3.01,14.9,93.4,22.62
2026-06-30 04:17:27,lht65-02,52.25,5.97326,3.012,15.14,93.6,22.56
2026-06-30 04:27:27,lht65-02,52.25,5.97326,3.009,15.63,94.1,22.5
2026-06-30 04:37:27,lht65-02,52.25,5.97326,3.009,16.09,94.4,22.43
2026-06-30 04:47:27,lht65-02,52.25,5.97326,3.01,16.63,94.2,22.37
2026-06-30 04:57:27,lht65-02,52.25,5.97326,3.01,17.32,94.2,22.37
2026-06-30 05:07:27,lht65-02,52.25,5.97326,3.01,18.27,95.0,22.31
2026-06-30 05:17:27,lht65-02,52.25,5.97326,3.012,19.22,95.7,22.31
2026-06-30 05:27:27,lht65-02,52.25,5.97326,3.019,20.33,94.9,22.31
2026-06-30 05:37:27,lht65-02,52.25,5.97326,3.016,21.5,91.5,22.31
2026-06-30 05:47:27,lht65-02,52.25,5.97326,3.012,22.43,89.3,22.31
2026-06-30 05:57:27,lht65-02,52.25,5.97326,3.012,23.51,87.7,22.37
2026-06-30 06:07:27,lht65-02,52.25,5.97326,3.009,24.51,86.2,22.43
2026-06-30 06:17:27,lht65-02,52.25,5.97326,3.021,25.32,85.1,22.43
2026-06-30 06:27:27,lht65-02,52.25,5.97326,3.019,26.04,83.6,22.56
2026-06-30 06:37:27,lht65-02,52.25,5.97326,3.019,26.77,80.3,22.62
2026-06-30 06:47:27,lht65-02,52.25,5.97326,3.016,27.21,77.2,22.68
2026-06-30 06:57:27,lht65-02,52.25,5.97326,3.019,27.21,75.5,22.81
2026-06-30 07:07:27,lht65-02,52.25,5.97326,3.016,27.21,77.5,22.87
2026-06-30 07:17:27,lht65-02,52.25,5.97326,3.016,27.33,75.3,23.0
2026-06-30 07:27:27,lht65-02,52.25,5.97326,3.016,27.38,74.5,23.06
2026-06-30 07:37:27,lht65-02,52.25,5.97326,3.016,27.52,76.7,23.12
2026-06-30 07:47:27,lht65-02,52.25,5.97326,3.016,27.56,76.5,23.25
2026-06-30 07:57:27,lht65-02,52.25,5.97326,3.019,27.33,76.7,23.31
2026-06-30 08:07:27,lht65-02,52.25,5.97326,3.012,27.61,77.0,23.37
2026-06-30 08:17:27,lht65-02,52.25,5.97326,3.007,29.1,73.8,23.43
2026-06-30 08:27:27,lht65-02,52.25,5.97326,3.023,29.51,62.7,23.56
2026-06-30 08:37:27,lht65-02,52.25,5.97326,3.016,29.79,62.4,23.62
2026-06-30 08:47:27,lht65-02,52.25,5.97326,3.016,30.14,62.4,23.75
2026-06-30 08:57:27,lht65-02,52.25,5.97326,2.976,30.83,61.5,23.87
2026-06-30 09:07:27,lht65-02,52.25,5.97326,3.023,30.96,59.1,24.0
2026-06-30 09:17:27,lht65-02,52.25,5.97326,3.023,30.51,57.3,24.12
2026-06-30 09:27:27,lht65-02,52.25,5.97326,3.019,29.68,59.7,24.25
2026-06-30 09:37:27,lht65-02,52.25,5.97326,3.019,29.44,62.5,24.37
2026-06-30 09:47:27,lht65-02,52.25,5.97326,3.018,29.6,60.7,24.43
2026-06-30 09:57:27,lht65-02,52.25,5.97326,3.019,29.5,57.9,24.5
2026-06-30 10:07:27,lht65-02,52.25,5.97326,3.019,29.55,55.6,24.56
2026-06-30 10:17:26,lht65-02,52.25,5.97326,3.019,29.69,56.0,24.68
2026-06-30 10:27:27,lht65-02,52.25,5.97326,3.019,30.0,55.4,24.75
2026-06-30 10:37:27,lht65-02,52.25,5.97326,3.019,30.17,58.2,24.81
2026-06-30 10:47:26,lht65-02,52.25,5.97326,3.018,30.26,55.7,24.87
2026-06-30 10:57:27,lht65-02,52.25,5.97326,3.019,29.71,57.6,24.93
2026-06-30 11:07:27,lht65-02,52.25,5.97326,3.018,29.8,56.4,25.0
2026-06-30 11:17:27,lht65-02,52.25,5.97326,3.016,29.9,59.2,25.06
2026-06-30 11:27:26,lht65-02,52.25,5.97326,3.016,30.45,59.5,25.12
2026-06-30 11:37:27,lht65-02,52.25,5.97326,3.019,30.26,55.9,25.18
2026-06-30 11:47:26,lht65-02,52.25,5.97326,3.019,29.79,61.5,25.25
2026-06-30 11:57:26,lht65-02,52.25,5.97326,2.983,30.82,58.7,25.31
2026-06-30 12:07:26,lht65-02,52.25,5.97326,2.912,31.63,55.6,25.31
2026-06-30 12:17:27,lht65-02,52.25,5.97326,3.005,31.74,55.4,25.37
2026-06-30 12:27:27,lht65-02,52.25,5.97326,3.009,31.53,54.9,25.5
2026-06-30 12:37:26,lht65-02,52.25,5.97326,3.012,30.82,57.3,25.56
2026-06-30 12:47:26,lht65-02,52.25,5.97326,3.007,29.64,57.3,25.62
2026-06-30 12:57:26,lht65-02,52.25,5.97326,3.007,28.64,59.8,25.68
2026-06-30 13:07:26,lht65-02,52.25,5.97326,3.005,27.8,61.5,25.68
2026-06-30 13:17:26,lht65-02,52.25,5.97326,3.005,27.16,65.0,25.68
2026-06-30 13:27:26,lht65-02,52.25,5.97326,3.003,26.58,65.1,25.68
2026-06-30 13:37:26,lht65-02,52.25,5.97326,2.998,26.08,67.2,25.62
2026-06-30 13:47:26,lht65-02,52.25,5.97326,2.998,25.71,69.1,25.62
2026-06-30 13:57:26,lht65-02,52.25,5.97326,2.994,25.34,66.8,25.56
2026-06-30 14:07:26,lht65-02,52.25,5.97326,2.994,25.32,67.9,25.56
2026-06-30 14:17:26,lht65-02,52.25,5.97326,3.0,25.32,69.0,25.5
2026-06-30 14:27:26,lht65-02,52.25,5.97326,3.007,25.65,66.6,25.43
2026-06-30 14:37:26,lht65-02,52.25,5.97326,3.005,26.71,64.5,25.43
2026-06-30 14:47:26,lht65-02,52.25,5.97326,3.001,27.45,63.8,25.43
2026-06-30 14:57:26,lht65-02,52.25,5.97326,3.005,27.87,62.2,25.43
2026-06-30 15:07:26,lht65-02,52.25,5.97326,3.001,28.17,61.7,25.43
2026-06-30 15:17:26,lht65-02,52.25,5.97326,2.996,28.56,62.8,25.5
2026-06-30 15:27:26,lht65-02,52.25,5.97326,2.983,29.13,66.1,25.5
2026-06-30 15:37:26,lht65-02,52.25,5.97326,2.976,29.74,67.6,25.5
2026-06-30 15:47:26,lht65-02,52.25,5.97326,2.982,30.67,67.4,25.56
2026-06-30 15:57:26,lht65-02,52.25,5.97326,2.998,30.82,61.0,25.56
2026-06-30 16:07:26,lht65-02,52.25,5.97326,2.983,30.17,62.7,25.62
2026-06-30 16:17:26,lht65-02,52.25,5.97326,2.991,29.96,64.1,25.68
2026-06-30 16:27:27,lht65-02,52.25,5.97326,2.983,29.39,66.3,25.75
2026-06-30 16:37:26,lht65-02,52.25,5.97326,2.983,28.87,68.1,25.75
2026-06-30 16:47:26,lht65-02,52.25,5.97326,2.959,28.41,67.5,25.75
2026-06-30 16:57:26,lht65-02,52.25,5.97326,2.976,27.68,68.0,25.75
2026-06-30 17:07:26,lht65-02,52.25,5.97326,2.991,27.16,69.4,25.81
2026-06-30 17:17:26,lht65-02,52.25,5.97326,3.001,26.72,69.9,25.81
2026-06-30 17:27:26,lht65-02,52.25,5.97326,3.001,26.28,72.2,25.75
2026-06-30 17:37:26,lht65-02,52.25,5.97326,2.987,26.1,74.2,25.75
2026-06-30 17:47:26,lht65-02,52.25,5.97326,3.016,26.02,73.6,25.75
2026-06-30 17:57:26,lht65-02,52.25,5.97326,3.019,25.74,75.1,25.68
2026-06-30 18:07:26,lht65-02,52.25,5.97326,3.023,25.58,76.7,25.68
2026-06-30 18:17:26,lht65-02,52.25,5.97326,3.023,25.53,78.0,25.68
2026-06-30 18:27:26,lht65-02,52.25,5.97326,3.023,25.41,77.1,25.62
2026-06-30 18:37:26,lht65-02,52.25,5.97326,3.014,25.08,77.2,25.62
2026-06-30 18:47:26,lht65-02,52.25,5.97326,3.023,24.5,78.8,25.56
2026-06-30 18:57:26,lht65-02,52.25,5.97326,3.023,23.92,79.6,25.56
2026-06-30 19:07:26,lht65-02,52.25,5.97326,3.025,23.31,80.8,25.5
2026-06-30 19:17:26,lht65-02,52.25,5.97326,3.027,22.85,83.2,25.43
2026-06-30 19:27:25,lht65-02,52.25,5.97326,3.025,22.48,84.8,25.37
2026-06-30 19:37:25,lht65-02,52.25,5.97326,3.029,22.1,85.3,25.31
2026-06-30 19:47:26,lht65-02,52.25,5.97326,3.025,21.75,86.0,25.25
2026-06-30 19:57:26,lht65-02,52.25,5.97326,3.023,21.45,87.1,25.18
2026-06-30 20:07:26,lht65-02,52.25,5.97326,3.025,21.22,88.0,25.12
2026-06-30 20:17:26,lht65-02,52.25,5.97326,3.025,20.85,85.7,25.06
2026-06-30 20:27:26,lht65-02,52.25,5.97326,3.025,20.54,87.1,25.0
2026-06-30 20:37:25,lht65-02,52.25,5.97326,3.025,20.24,86.1,24.93
2026-06-30 20:47:26,lht65-02,52.25,5.97326,3.025,19.86,86.0,24.87
2026-06-30 20:57:25,lht65-02,52.25,5.97326,3.025,19.72,87.3,24.81
2026-06-30 21:07:25,lht65-02,52.25,5.97326,3.025,19.33,86.7,24.68
2026-06-30 21:17:26,lht65-02,52.25,5.97326,3.025,18.93,86.0,24.62
2026-06-30 21:27:25,lht65-02,52.25,5.97326,3.027,18.59,85.7,24.56
2026-06-30 21:37:26,lht65-02,52.25,5.97326,3.027,18.28,86.2,24.43
2026-06-30 21:47:26,lht65-02,52.25,5.97326,3.027,17.94,86.8,24.37
2026-06-30 21:57:25,lht65-02,52.25,5.97326,3.029,17.64,87.2,24.31
2026-06-30 22:07:25,lht65-02,52.25,5.97326,3.03,17.27,87.5,24.25
2026-06-30 22:17:25,lht65-02,52.25,5.97326,3.029,16.95,88.1,24.12
2026-06-30 22:27:25,lht65-02,52.25,5.97326,3.029,16.67,88.9,24.06
2026-06-30 22:37:26,lht65-02,52.25,5.97326,3.03,16.42,89.5,23.93
2026-06-30 22:47:25,lht65-02,52.25,5.97326,3.03,16.26,89.8,23.87
2026-06-30 22:57:25,lht65-02,52.25,5.97326,3.029,16.18,90.3,23.75
2026-06-30 23:07:25,lht65-02,52.25,5.97326,3.03,15.99,89.8,23.68
2026-06-30 23:17:25,lht65-02,52.25,5.97326,3.027,15.78,90.0,23.62
2026-06-30 23:27:25,lht65-02,52.25,5.97326,3.001,15.68,90.6,23.5
2026-06-30 23:37:25,lht65-02,52.25,5.97326,3.019,15.57,90.7,23.43
2026-06-30 23:47:25,lht65-02,52.25,5.97326,3.018,15.43,90.6,23.31
2026-06-30 23:57:25,lht65-02,52.25,5.97326,2.983,15.3,90.6,23.25
2026-07-01 00:07:25,lht65-02,52.25,5.97326,3.021,15.21,91.0,23.18
2026-07-01 00:17:25,lht65-02,52.25,5.97326,3.023,15.25,91.9,23.12
2026-07-01 00:27:25,lht65-02,52.25,5.97326,3.021,15.38,92.9,23.06
2026-07-01 00:37:25,lht65-02,52.25,5.97326,3.019,15.41,93.4,22.93
2026-07-01 00:47:25,lht65-02,52.25,5.97326,3.021,15.26,92.5,22.93
2026-07-01 00:57:25,lht65-02,52.25,5.97326,3.021,15.1,91.9,22.81
2026-07-01 01:07:25,lht65-02,52.25,5.97326,3.019,14.9,91.6,22.75
2026-07-01 01:17:25,lht65-02,52.25,5.97326,2.763,14.7,91.7,22.62
2026-07-01 01:27:25,lht65-02,52.25,5.97326,3.014,14.65,92.2,22.62
2026-07-01 01:37:25,lht65-02,52.25,5.97326,3.016,14.58,92.4,22.56
2026-07-01 01:47:25,lht65-02,52.25,5.97326,3.016,14.51,92.6,22.5
2026-07-01 01:57:25,lht65-02,52.25,5.97326,3.005,14.45,92.6,22.43
2026-07-01 02:07:25,lht65-02,52.25,5.97326,3.016,14.32,92.6,22.37
2026-07-01 02:17:25,lht65-02,52.25,5.97326,3.012,14.31,92.4,22.25
2026-07-01 02:27:25,lht65-02,52.25,5.97326,3.009,14.3,92.4,22.25
2026-07-01 02:37:25,lht65-02,52.25,5.97326,3.009,14.11,92.4,22.18
2026-07-01 02:47:25,lht65-02,52.25,5.97326,3.016,14.0,92.4,22.12
2026-07-01 02:57:25,lht65-02,52.25,5.97326,3.016,13.86,92.3,22.06
2026-07-01 03:07:25,lht65-02,52.25,5.97326,3.01,13.69,91.8,21.93
2026-07-01 03:17:25,lht65-02,52.25,5.97326,2.991,13.5,91.4,21.93
2026-07-01 03:27:25,lht65-02,52.25,5.97326,3.005,13.37,91.6,21.81
2026-07-01 03:37:25,lht65-02,52.25,5.97326,3.01,13.24,91.9,21.75
2026-07-01 03:47:25,lht65-02,52.25,5.97326,3.005,13.22,92.3,21.68
2026-07-01 03:57:25,lht65-02,52.25,5.97326,3.01,13.39,93.3,21.62
2026-07-01 04:07:25,lht65-02,52.25,5.97326,3.01,13.53,93.5,21.56
2026-07-01 04:17:25,lht65-02,52.25,5.97326,3.012,13.85,93.7,21.56
2026-07-01 04:27:25,lht65-02,52.25,5.97326,3.014,14.31,93.9,21.43
2026-07-01 04:37:25,lht65-02,52.25,5.97326,3.016,14.81,94.2,21.43
2026-07-01 04:47:25,lht65-02,52.25,5.97326,3.014,15.34,94.0,21.37
2026-07-01 04:57:25,lht65-02,52.25,5.97326,3.016,15.97,94.2,21.37
2026-07-01 05:07:25,lht65-02,52.25,5.97326,3.016,16.76,95.0,21.31
2026-07-01 05:17:25,lht65-02,52.25,5.97326,3.014,17.69,95.7,21.31
2026-07-01 05:27:25,lht65-02,52.25,5.97326,3.016,18.77,94.2,21.31
2026-07-01 05:37:25,lht65-02,52.25,5.97326,3.016,19.86,91.0,21.31
2026-07-01 05:47:25,lht65-02,52.25,5.97326,3.014,20.83,88.7,21.37
2026-07-01 05:57:25,lht65-02,52.25,5.97326,3.012,21.8,87.3,21.37
2026-07-01 06:07:24,lht65-02,52.25,5.97326,3.012,22.76,85.6,21.43
2026-07-01 06:17:24,lht65-02,52.25,5.97326,3.009,23.81,84.0,21.43
2026-07-01 06:27:25,lht65-02,52.25,5.97326,3.01,24.89,82.4,21.5
2026-07-01 06:37:24,lht65-02,52.25,5.97326,3.009,26.01,81.1,21.62
2026-07-01 06:47:25,lht65-02,52.25,5.97326,3.012,27.03,79.9,21.68
2026-07-01 06:57:25,lht65-02,52.25,5.97326,3.016,28.27,78.7,21.81
2026-07-01 07:07:24,lht65-02,52.25,5.97326,3.016,29.45,72.6,21.93
2026-07-01 07:17:24,lht65-02,52.25,5.97326,3.014,29.9,64.3,22.06
2026-07-01 07:27:25,lht65-02,52.25,5.97326,3.019,29.67,60.0,22.25
2026-07-01 07:37:24,lht65-02,52.25,5.97326,3.019,29.59,61.2,22.37
2026-07-01 07:47:24,lht65-02,52.25,5.97326,3.019,29.45,60.6,22.56
2026-07-01 07:57:24,lht65-02,52.25,5.97326,3.005,30.04,60.3,22.68
2026-07-01 08:07:25,lht65-02,52.25,5.97326,3.005,30.6,58.5,22.87
2026-07-01 08:17:24,lht65-02,52.25,5.97326,3.007,31.31,56.9,23.0
2026-07-01 08:27:25,lht65-02,52.25,5.97326,3.01,30.11,55.0,23.18
2026-07-01 08:37:24,lht65-02,52.25,5.97326,3.009,30.44,55.1,23.31
2026-07-01 08:47:24,lht65-02,52.25,5.97326,3.014,30.98,55.4,23.43
2026-07-01 08:57:24,lht65-02,52.25,5.97326,2.985,31.84,52.1,23.56
2026-07-01 09:07:25,lht65-02,52.25,5.97326,2.971,32.55,51.7,23.68
2026-07-01 09:17:24,lht65-02,52.25,5.97326,2.733,32.05,39.7,23.81
2026-07-01 09:27:24,lht65-02,52.25,5.97326,2.991,30.78,43.4,24.0
2026-07-01 09:37:24,lht65-02,52.25,5.97326,2.976,30.26,47.1,24.18
2026-07-01 09:47:24,lht65-02,52.25,5.97326,2.991,30.41,42.6,24.31
2026-07-01 09:57:24,lht65-02,52.25,5.97326,2.98,30.08,46.4,24.43
2026-07-01 10:07:24,lht65-02,52.25,5.97326,2.987,29.27,48.1,24.62
2026-07-01 10:17:24,lht65-02,52.25,5.97326,2.983,30.04,50.3,24.81
2026-07-01 10:27:24,lht65-02,52.25,5.97326,2.982,31.11,45.3,24.93
2026-07-01 10:37:24,lht65-02,52.25,5.97326,2.971,32.29,47.9,25.06
2026-07-01 10:47:24,lht65-02,52.25,5.97326,2.851,33.01,45.5,25.18
2026-07-01 10:57:24,lht65-02,52.25,5.97326,2.985,32.85,40.8,25.37
2026-07-01 11:07:24,lht65-02,52.25,5.97326,2.803,33.57,39.6,25.5
2026-07-01 11:17:24,lht65-02,52.25,5.97326,2.987,33.57,43.2,25.68
2026-07-01 11:27:24,lht65-02,52.25,5.97326,2.982,33.89,41.6,25.81
2026-07-01 11:37:24,lht65-02,52.25,5.97326,2.976,33.96,42.5,25.93
2026-07-01 11:47:24,lht65-02,52.25,5.97326,2.983,33.33,34.1,26.06
2026-07-01 11:57:24,lht65-02,52.25,5.97326,2.983,32.65,37.5,26.18
2026-07-01 12:07:24,lht65-02,52.25,5.97326,2.983,32.47,37.8,26.31
2026-07-01 12:17:24,lht65-02,52.25,5.97326,2.976,33.01,44.0,26.43
2026-07-01 12:27:24,lht65-02,52.25,5.97326,2.945,33.4,41.3,26.5
2026-07-01 12:37:24,lht65-02,52.25,5.97326,2.968,33.16,35.5,26.62
2026-07-01 12:47:24,lht65-02,52.25,5.97326,2.976,33.01,35.8,26.75
2026-07-01 12:57:24,lht65-02,52.25,5.97326,2.983,33.19,35.6,26.87
2026-07-01 13:07:24,lht65-02,52.25,5.97326,2.973,33.23,39.3,27.0
2026-07-01 13:17:24,lht65-02,52.25,5.97326,2.748,32.79,36.6,27.12
2026-07-01 13:27:24,lht65-02,52.25,5.97326,2.973,32.93,34.6,27.31
2026-07-01 13:37:24,lht65-02,52.25,5.97326,2.983,32.97,36.6,27.5
2026-07-01 13:47:24,lht65-02,52.25,5.97326,2.983,32.79,37.6,27.62
2026-07-01 13:57:24,lht65-02,52.25,5.97326,2.994,32.65,37.4,27.75
2026-07-01 14:07:24,lht65-02,52.25,5.97326,2.998,32.58,35.0,27.87
2026-07-01 14:17:24,lht65-02,52.25,5.97326,2.998,32.2,34.8,28.0
2026-07-01 14:27:24,lht65-02,52.25,5.97326,3.001,32.37,37.5,28.12
2026-07-01 14:37:24,lht65-02,52.25,5.97326,2.994,32.82,38.1,28.18
2026-07-01 14:47:24,lht65-02,52.25,5.97326,2.996,33.18,41.6,28.25
2026-07-01 14:57:24,lht65-02,52.25,5.97326,2.996,33.16,39.1,28.31
2026-07-01 15:07:24,lht65-02,52.25,5.97326,2.996,32.86,42.5,28.31
2026-07-01 15:17:24,lht65-02,52.25,5.97326,2.998,33.03,46.6,28.37
2026-07-01 15:27:24,lht65-02,52.25,5.97326,2.996,32.77,38.8,28.37
2026-07-01 15:37:24,lht65-02,52.25,5.97326,2.994,31.49,41.8,28.37
2026-07-01 15:47:24,lht65-02,52.25,5.97326,2.991,30.83,42.8,28.37
2026-07-01 15:57:24,lht65-02,52.25,5.97326,2.994,31.36,52.1,28.37
2026-07-01 16:07:24,lht65-02,52.25,5.97326,2.996,31.94,43.7,28.31
2026-07-01 16:17:24,lht65-02,52.25,5.97326,2.998,30.71,45.4,28.31
2026-07-01 16:27:24,lht65-02,52.25,5.97326,2.994,29.83,46.1,28.25
2026-07-01 16:37:24,lht65-02,52.25,5.97326,2.992,29.45,52.5,28.18
2026-07-01 16:47:23,lht65-02,52.25,5.97326,2.989,29.03,55.9,28.18
2026-07-01 16:57:23,lht65-02,52.25,5.97326,2.991,28.4,58.9,28.12
2026-07-01 17:07:23,lht65-02,52.25,5.97326,2.992,27.82,62.6,28.06
2026-07-01 17:17:23,lht65-02,52.25,5.97326,2.95,27.16,65.5,27.93
2026-07-01 17:27:23,lht65-02,52.25,5.97326,2.952,26.52,66.5,27.87
2026-07-01 17:37:23,lht65-02,52.25,5.97326,2.928,25.99,66.8,27.81
2026-07-01 17:47:23,lht65-02,52.25,5.97326,2.907,25.56,67.4,27.68
2026-07-01 17:57:23,lht65-02,52.25,5.97326,2.966,25.32,67.3,27.56
2026-07-01 18:07:23,lht65-02,52.25,5.97326,2.968,25.07,68.0,27.43
2026-07-01 18:17:23,lht65-02,52.25,5.97326,2.962,24.76,68.8,27.37
2026-07-01 18:27:23,lht65-02,52.25,5.97326,2.968,24.42,70.6,27.25
2026-07-01 18:37:23,lht65-02,52.25,5.97326,2.966,24.11,72.7,27.12
2026-07-01 18:47:23,lht65-02,52.25,5.97326,2.941,23.77,74.6,27.06
2026-07-01 18:57:23,lht65-02,52.25,5.97326,2.98,23.5,75.0,26.93
2026-07-01 19:07:23,lht65-02,52.25,5.97326,3.0,23.17,75.2,26.87
2026-07-01 19:17:23,lht65-02,52.25,5.97326,2.985,22.83,76.3,26.75
2026-07-01 19:27:23,lht65-02,52.25,5.97326,2.976,22.45,78.0,26.62
2026-07-01 19:37:23,lht65-02,52.25,5.97326,3.016,22.05,79.5,26.5
2026-07-01 19:47:23,lht65-02,52.25,5.97326,3.012,21.62,81.2,26.37
2026-07-01 19:57:23,lht65-02,52.25,5.97326,3.007,21.13,82.5,26.31
2026-07-01 20:07:23,lht65-02,52.25,5.97326,3.009,20.67,83.4,26.18
2026-07-01 20:17:23,lht65-02,52.25,5.97326,3.012,20.21,83.4,26.06
2026-07-01 20:27:23,lht65-02,52.25,5.97326,2.973,19.86,82.3,26.0
2026-07-01 20:37:23,lht65-02,52.25,5.97326,3.001,19.43,82.5,25.87
2026-07-01 20:47:23,lht65-02,52.25,5.97326,3.012,19.05,83.0,25.81
2026-07-01 20:57:23,lht65-02,52.25,5.97326,2.98,18.69,83.2,25.68
2026-07-01 21:07:23,lht65-02,52.25,5.97326,2.934,18.35,82.4,25.56
2026-07-01 21:17:31,lht65-02,52.25,5.97326,3.0,18.0,83.8,25.43
2026-07-01 21:27:25,lht65-02,52.25,5.97326,2.966,17.7,84.7,25.31
2026-07-01 21:37:23,lht65-02,52.25,5.97326,3.018,17.42,85.0,25.25
2026-07-01 21:47:23,lht65-02,52.25,5.97326,3.019,17.15,85.3,25.12
2026-07-01 21:57:23,lht65-02,52.25,5.97326,3.025,16.93,85.8,25.06
2026-07-01 22:07:23,lht65-02,52.25,5.97326,3.009,16.7,86.1,24.87
2026-07-01 22:17:23,lht65-02,52.25,5.97326,3.019,16.48,86.7,24.81
2026-07-01 22:27:23,lht65-02,52.25,5.97326,3.016,16.17,87.2,24.68
2026-07-01 22:37:23,lht65-02,52.25,5.97326,3.005,16.05,88.3,24.62
2026-07-01 22:47:23,lht65-02,52.25,5.97326,3.019,15.97,88.3,24.5
2026-07-01 22:57:23,lht65-02,52.25,5.97326,3.019,15.81,88.8,24.37
2026-07-01 23:07:23,lht65-02,52.25,5.97326,3.019,15.7,89.0,24.31
2026-07-01 23:17:23,lht65-02,52.25,5.97326,3.007,15.64,89.3,24.25
2026-07-01 23:27:23,lht65-02,52.25,5.97326,2.969,15.59,89.7,24.12
2026-07-01 23:37:23,lht65-02,52.25,5.97326,3.016,15.53,89.6,24.06
2026-07-01 23:47:23,lht65-02,52.25,5.97326,3.012,15.47,89.9,23.93
2026-07-01 23:57:23,lht65-02,52.25,5.97326,3.009,15.45,89.9,23.87
2026-07-02 00:07:23,lht65-02,52.25,5.97326,3.014,15.39,89.9,23.75
2026-07-02 00:17:23,lht65-02,52.25,5.97326,3.01,15.25,89.3,23.68
2026-07-02 00:27:23,lht65-02,52.25,5.97326,3.009,15.14,89.1,23.62
2026-07-02 00:37:23,lht65-02,52.25,5.97326,3.007,15.03,89.1,23.5
2026-07-02 00:47:23,lht65-02,52.25,5.97326,2.916,14.94,89.3,23.43
2026-07-02 00:57:23,lht65-02,52.25,5.97326,2.996,14.87,89.5,23.37
2026-07-02 01:07:23,lht65-02,52.25,5.97326,2.996,14.75,89.7,23.31
2026-07-02 01:17:23,lht65-02,52.25,5.97326,2.996,14.69,90.0,23.25
2026-07-02 01:27:23,lht65-02,52.25,5.97326,2.994,14.62,90.4,23.12
2026-07-02 01:37:23,lht65-02,52.25,5.97326,2.994,14.54,90.5,23.06
2026-07-02 01:47:23,lht65-02,52.25,5.97326,2.996,14.49,90.8,23.0
2026-07-02 01:57:22,lht65-02,52.25,5.97326,2.996,14.51,91.1,22.87
2026-07-02 02:07:23,lht65-02,52.25,5.97326,2.998,14.52,91.5,22.81
2026-07-02 02:17:23,lht65-02,52.25,5.97326,3.01,14.52,91.6,22.81
2026-07-02 02:27:23,lht65-02,52.25,5.97326,3.009,14.52,91.8,22.68
2026-07-02 02:37:23,lht65-02,52.25,5.97326,3.007,14.56,92.1,22.68
2026-07-02 02:47:23,lht65-02,52.25,5.97326,3.009,14.64,92.6,22.62
2026-07-02 02:57:23,lht65-02,52.25,5.97326,3.009,14.74,93.3,22.56
2026-07-02 03:07:23,lht65-02,52.25,5.97326,3.01,14.92,94.1,22.5
2026-07-02 03:17:22,lht65-02,52.25,5.97326,3.014,15.15,95.3,22.37
2026-07-02 03:27:22,lht65-02,52.25,5.97326,3.016,15.41,96.7,22.37
2026-07-02 03:37:22,lht65-02,52.25,5.97326,3.014,15.59,98.2,22.31
2026-07-02 03:47:23,lht65-02,52.25,5.97326,3.012,15.8,99.2,22.25
2026-07-02 03:57:23,lht65-02,52.25,5.97326,3.01,16.11,99.9,22.25
2026-07-02 04:07:22,lht65-02,52.25,5.97326,3.005,16.46,100.0,22.18
2026-07-02 04:17:22,lht65-02,52.25,5.97326,2.996,16.92,100.0,22.18
2026-07-02 04:27:22,lht65-02,52.25,5.97326,2.982,17.46,100.0,22.12
2026-07-02 04:37:22,lht65-02,52.25,5.97326,2.98,17.74,99.2,22.06
2026-07-02 04:47:23,lht65-02,52.25,5.97326,3.005,18.15,96.7,22.12
2026-07-02 04:57:22,lht65-02,52.25,5.97326,2.998,18.45,95.8,22.06
2026-07-02 05:07:22,lht65-02,52.25,5.97326,2.996,19.05,96.4,22.06
2026-07-02 05:17:22,lht65-02,52.25,5.97326,2.996,19.86,94.9,22.06
2026-07-02 05:27:22,lht65-02,52.25,5.97326,2.998,21.05,91.2,22.06
2026-07-02 05:37:22,lht65-02,52.25,5.97326,3.001,21.93,89.0,22.12
2026-07-02 05:47:22,lht65-02,52.25,5.97326,3.007,23.02,88.2,22.12
2026-07-02 05:57:22,lht65-02,52.25,5.97326,3.009,24.35,88.2,22.18
2026-07-02 06:07:22,lht65-02,52.25,5.97326,3.005,24.85,85.5,22.25
2026-07-02 06:17:22,lht65-02,52.25,5.97326,3.0,25.21,84.1,22.25
2026-07-02 06:27:22,lht65-02,52.25,5.97326,2.987,26.05,83.1,22.37
2026-07-02 06:37:23,lht65-02,52.25,5.97326,2.987,27.16,81.7,22.43
2026-07-02 06:47:22,lht65-02,52.25,5.97326,2.994,28.27,81.3,22.5
2026-07-02 06:57:22,lht65-02,52.25,5.97326,2.983,29.9,72.8,22.62
2026-07-02 07:07:22,lht65-02,52.25,5.97326,3.009,29.33,57.9,22.68
2026-07-02 07:17:22,lht65-02,52.25,5.97326,3.012,27.93,59.8,22.87
2026-07-02 07:27:22,lht65-02,52.25,5.97326,3.012,26.98,62.6,22.93
2026-07-02 07:37:22,lht65-02,52.25,5.97326,3.01,27.86,66.6,23.06
2026-07-02 07:47:22,lht65-02,52.25,5.97326,3.012,27.93,64.3,23.18
2026-07-02 07:57:22,lht65-02,52.25,5.97326,3.012,27.97,62.5,23.25
2026-07-02 08:07:22,lht65-02,52.25,5.97326,3.012,27.35,64.0,23.37
2026-07-02 08:17:22,lht65-02,52.25,5.97326,3.014,27.35,66.0,23.43
2026-07-02 08:27:22,lht65-02,52.25,5.97326,3.012,27.81,65.4,23.56
2026-07-02 08:37:22,lht65-02,52.25,5.97326,3.014,27.45,63.0,23.62
2026-07-02 08:47:22,lht65-02,52.25,5.97326,3.012,26.26,65.0,23.68
2026-07-02 08:57:22,lht65-02,52.25,5.97326,3.016,25.32,67.6,23.75
2026-07-02 09:07:22,lht65-02,52.25,5.97326,3.012,24.37,69.6,23.81
2026-07-02 09:17:22,lht65-02,52.25,5.97326,3.009,24.07,73.8,23.87
2026-07-02 09:27:22,lht65-02,52.25,5.97326,3.01,23.96,77.8,23.87
2026-07-02 09:37:22,lht65-02,52.25,5.97326,3.009,24.34,81.4,23.87
2026-07-02 09:47:22,lht65-02,52.25,5.97326,3.009,24.42,81.8,23.87
2026-07-02 09:57:22,lht65-02,52.25,5.97326,3.009,24.22,82.5,23.87
2026-07-02 10:07:22,lht65-02,52.25,5.97326,3.01,24.43,83.4,23.87
2026-07-02 10:17:22,lht65-02,52.25,5.97326,3.01,24.91,83.7,23.87
2026-07-02 10:27:22,lht65-02,52.25,5.97326,3.009,25.54,84.1,23.87
2026-07-02 10:37:22,lht65-02,52.25,5.97326,3.009,26.14,83.7,23.93
2026-07-02 10:48:04,lht65-02,52.25,5.97326,3.009,26.9,83.2,23.93
2026-07-02 10:57:22,lht65-02,52.25,5.97326,3.009,27.26,77.6,24.0
2026-07-02 11:07:24,lht65-02,52.25,5.97326,3.012,27.32,75.9,24.06
2026-07-02 11:17:22,lht65-02,52.25,5.97326,3.012,27.07,74.2,24.12
2026-07-02 11:27:22,lht65-02,52.25,5.97326,3.012,26.74,76.7,24.12
2026-07-02 11:37:22,lht65-02,52.25,5.97326,3.012,26.86,77.9,24.18
2026-07-02 11:47:22,lht65-02,52.25,5.97326,3.012,27.01,77.7,24.25
2026-07-02 11:57:22,lht65-02,52.25,5.97326,3.012,27.71,78.9,24.25
2026-07-02 12:07:21,lht65-02,52.25,5.97326,3.009,29.15,79.8,24.31
2026-07-02 12:17:22,lht65-02,52.25,5.97326,2.98,30.47,69.3,24.37
2026-07-02 12:27:22,lht65-02,52.25,5.97326,3.01,30.12,64.7,24.43
2026-07-02 12:37:21,lht65-02,52.25,5.97326,3.009,28.54,66.5,24.56
2026-07-02 12:47:21,lht65-02,52.25,5.97326,3.0,27.47,68.9,24.62
2026-07-02 12:57:21,lht65-02,52.25,5.97326,2.992,26.55,71.0,24.68
2026-07-02 13:07:21,lht65-02,52.25,5.97326,3.001,26.37,73.0,24.68
2026-07-02 13:17:21,lht65-02,52.25,5.97326,3.0,26.1,69.5,24.68
2026-07-02 13:27:21,lht65-02,52.25,5.97326,3.007,25.97,71.0,24.75
2026-07-02 13:37:21,lht65-02,52.25,5.97326,3.007,26.26,68.3,24.75
2026-07-02 13:47:22,lht65-02,52.25,5.97326,3.005,27.39,69.0,24.75
2026-07-02 13:57:21,lht65-02,52.25,5.97326,2.991,30.28,59.6,24.81
2026-07-02 14:07:21,lht65-02,52.25,5.97326,2.964,31.32,53.4,24.81
2026-07-02 14:17:21,lht65-02,52.25,5.97326,3.005,31.46,53.3,24.93
2026-07-02 14:27:21,lht65-02,52.25,5.97326,3.012,31.08,51.4,25.06
2026-07-02 14:37:21,lht65-02,52.25,5.97326,3.018,30.83,51.0,25.18
2026-07-02 14:47:21,lht65-02,52.25,5.97326,3.009,30.83,50.7,25.31
2026-07-02 14:57:21,lht65-02,52.25,5.97326,3.012,30.45,51.9,25.37
2026-07-02 15:07:21,lht65-02,52.25,5.97326,3.012,30.82,49.1,25.5
2026-07-02 15:17:21,lht65-02,52.25,5.97326,3.012,31.0,48.9,25.56
2026-07-02 15:27:21,lht65-02,52.25,5.97326,3.012,30.54,51.4,25.62
2026-07-02 15:37:21,lht65-02,52.25,5.97326,3.014,29.86,47.8,25.68
2026-07-02 15:47:21,lht65-02,52.25,5.97326,3.01,28.39,49.2,25.75
2026-07-02 15:57:21,lht65-02,52.25,5.97326,3.016,28.47,49.9,25.81
2026-07-02 16:07:21,lht65-02,52.25,5.97326,3.014,28.83,50.4,25.81
2026-07-02 16:17:21,lht65-02,52.25,5.97326,3.019,28.75,48.6,25.81
2026-07-02 16:27:21,lht65-02,52.25,5.97326,3.016,27.92,50.9,25.81
2026-07-02 16:37:21,lht65-02,52.25,5.97326,3.012,27.56,53.8,25.81
2026-07-02 16:47:21,lht65-02,52.25,5.97326,3.014,27.53,54.2,25.81
2026-07-02 16:57:21,lht65-02,52.25,5.97326,3.012,27.16,50.7,25.81
2026-07-02 17:07:21,lht65-02,52.25,5.97326,3.012,25.88,54.7,25.81
2026-07-02 17:17:21,lht65-02,52.25,5.97326,3.005,24.76,62.7,25.81
2026-07-02 17:27:21,lht65-02,52.25,5.97326,2.994,24.03,69.1,25.75
2026-07-02 17:37:21,lht65-02,52.25,5.97326,3.009,23.33,72.5,25.68
2026-07-02 17:47:21,lht65-02,52.25,5.97326,2.994,22.84,74.4,25.62
2026-07-02 17:57:21,lht65-02,52.25,5.97326,3.016,22.55,75.7,25.56
2026-07-02 18:07:21,lht65-02,52.25,5.97326,3.016,22.42,77.6,25.5
2026-07-02 18:17:21,lht65-02,52.25,5.97326,3.016,22.44,77.9,25.43
2026-07-02 18:27:21,lht65-02,52.25,5.97326,3.016,22.49,77.9,25.37
2026-07-02 18:37:21,lht65-02,52.25,5.97326,3.014,22.31,77.6,25.31
2026-07-02 18:47:21,lht65-02,52.25,5.97326,3.009,21.95,77.8,25.25
2026-07-02 18:57:22,lht65-02,52.25,5.97326,3.012,21.58,78.7,25.18
2026-07-02 19:07:21,lht65-02,52.25,5.97326,3.005,21.16,79.8,25.06
2026-07-02 19:17:21,lht65-02,52.25,5.97326,3.009,20.77,81.0,25.0
2026-07-02 19:27:21,lht65-02,52.25,5.97326,3.012,20.37,82.0,24.93
2026-07-02 19:37:21,lht65-02,52.25,5.97326,3.01,19.86,82.6,24.87
2026-07-02 19:47:21,lht65-02,52.25,5.97326,3.009,19.54,83.1,24.75
2026-07-02 19:57:21,lht65-02,52.25,5.97326,3.009,18.99,83.4,24.68
2026-07-02 20:07:21,lht65-02,52.25,5.97326,3.007,18.43,84.1,24.62
2026-07-02 20:17:21,lht65-02,52.25,5.97326,3.005,17.9,85.0,24.5
2026-07-02 20:27:21,lht65-02,52.25,5.97326,3.0,17.43,85.7,24.43
2026-07-02 20:37:21,lht65-02,52.25,5.97326,3.001,17.02,86.3,24.31
2026-07-02 20:47:21,lht65-02,52.25,5.97326,2.998,16.62,87.0,24.25
2026-07-02 20:57:21,lht65-02,52.25,5.97326,3.016,16.28,87.6,24.12
2026-07-02 21:07:21,lht65-02,52.25,5.97326,3.01,15.94,88.0,24.06
2026-07-02 21:17:21,lht65-02,52.25,5.97326,3.019,15.64,88.2,23.93
2026-07-02 21:27:21,lht65-02,52.25,5.97326,3.016,15.36,88.5,23.87
2026-07-02 21:37:20,lht65-02,52.25,5.97326,3.01,15.11,88.8,23.75
2026-07-02 21:47:21,lht65-02,52.25,5.97326,2.998,14.91,89.2,23.62
2026-07-02 21:57:20,lht65-02,52.25,5.97326,2.989,14.72,89.5,23.56
2026-07-02 22:07:20,lht65-02,52.25,5.97326,2.973,14.57,89.9,23.43
2026-07-02 22:17:20,lht65-02,52.25,5.97326,2.994,14.41,90.0,23.37
2026-07-02 22:27:20,lht65-02,52.25,5.97326,2.966,14.3,90.1,23.25
2026-07-02 22:37:20,lht65-02,52.25,5.97326,3.014,14.15,90.4,23.18
2026-07-02 22:47:20,lht65-02,52.25,5.97326,3.009,14.01,90.6,23.12
2026-07-02 22:57:21,lht65-02,52.25,5.97326,3.012,13.89,90.9,23.0
2026-07-02 23:07:20,lht65-02,52.25,5.97326,3.014,13.78,91.1,22.93
2026-07-02 23:17:21,lht65-02,52.25,5.97326,3.012,13.69,91.4,22.87
2026-07-02 23:27:20,lht65-02,52.25,5.97326,3.012,13.61,91.8,22.75
2026-07-02 23:37:20,lht65-02,52.25,5.97326,3.005,13.52,92.0,22.68
2026-07-02 23:47:20,lht65-02,52.25,5.97326,3.009,13.46,92.3,22.56
2026-07-02 23:57:20,lht65-02,52.25,5.97326,3.016,13.39,92.4,22.5
2026-07-03 00:07:20,lht65-02,52.25,5.97326,3.014,13.33,92.5,22.43
2026-07-03 00:17:20,lht65-02,52.25,5.97326,3.014,13.24,92.5,22.37
2026-07-03 00:27:20,lht65-02,52.25,5.97326,3.014,13.16,92.7,22.31
2026-07-03 00:37:20,lht65-02,52.25,5.97326,3.014,13.1,93.0,22.18
2026-07-03 00:47:20,lht65-02,52.25,5.97326,3.016,13.04,93.4,22.12
2026-07-03 00:57:20,lht65-02,52.25,5.97326,3.016,13.01,93.7,22.06
2026-07-03 01:07:20,lht65-02,52.25,5.97326,3.012,12.98,93.9,22.0
2026-07-03 01:17:20,lht65-02,52.25,5.97326,3.014,12.92,94.1,21.93
2026-07-03 01:27:20,lht65-02,52.25,5.97326,3.012,12.87,94.1,21.87
2026-07-03 01:37:20,lht65-02,52.25,5.97326,2.966,12.8,94.1,21.75
2026-07-03 01:47:20,lht65-02,52.25,5.97326,3.01,12.72,94.3,21.75
2026-07-03 01:57:20,lht65-02,52.25,5.97326,3.009,12.71,94.6,21.68
2026-07-03 02:07:20,lht65-02,52.25,5.97326,3.009,12.67,94.8,21.56
2026-07-03 02:17:20,lht65-02,52.25,5.97326,3.01,12.65,95.1,21.56
2026-07-03 02:27:20,lht65-02,52.25,5.97326,3.007,12.6,95.4,21.43
2026-07-03 02:37:20,lht65-02,52.25,5.97326,3.007,12.59,95.7,21.37
2026-07-03 02:47:20,lht65-02,52.25,5.97326,3.005,12.57,95.9,21.31
2026-07-03 02:57:20,lht65-02,52.25,5.97326,3.001,12.55,96.3,21.31
2026-07-03 03:07:20,lht65-02,52.25,5.97326,3.003,12.54,96.5,21.25
2026-07-03 03:17:20,lht65-02,52.25,5.97326,3.005,12.53,96.8,21.18
2026-07-03 03:27:20,lht65-02,52.25,5.97326,3.001,12.53,97.0,21.12
2026-07-03 03:37:20,lht65-02,52.25,5.97326,3.005,12.58,97.4,21.06
2026-07-03 03:47:22,lht65-02,52.25,5.97326,3.005,12.67,98.0,21.0
2026-07-03 03:57:20,lht65-02,52.25,5.97326,3.001,12.8,98.6,21.0
2026-07-03 04:07:20,lht65-02,52.25,5.97326,3.003,12.98,99.3,20.93
2026-07-03 04:17:20,lht65-02,52.25,5.97326,3.009,13.36,100.0,20.87
2026-07-03 04:27:20,lht65-02,52.25,5.97326,3.01,13.85,100.0,20.81
2026-07-03 04:37:20,lht65-02,52.25,5.97326,3.005,14.32,100.0,20.81
2026-07-03 04:47:20,lht65-02,52.25,5.97326,3.005,14.83,100.0,20.75
2026-07-03 04:57:20,lht65-02,52.25,5.97326,3.001,15.41,100.0,20.75
2026-07-03 05:07:20,lht65-02,52.25,5.97326,3.005,16.15,100.0,20.75
2026-07-03 05:17:20,lht65-02,52.25,5.97326,3.005,17.08,100.0,20.75
2026-07-03 05:27:20,lht65-02,52.25,5.97326,3.005,18.05,100.0,20.75
2026-07-03 05:37:20,lht65-02,52.25,5.97326,3.007,19.13,96.4,20.75
2026-07-03 05:47:20,lht65-02,52.25,5.97326,3.007,20.13,93.3,20.81
2026-07-03 05:57:20,lht65-02,52.25,5.97326,3.01,21.08,91.1,20.81
2026-07-03 06:07:20,lht65-02,52.25,5.97326,3.012,22.03,89.6,20.87
2026-07-03 06:17:20,lht65-02,52.25,5.97326,3.009,23.06,87.6,20.87
2026-07-03 06:27:20,lht65-02,52.25,5.97326,3.018,24.16,87.0,20.93
2026-07-03 06:37:20,lht65-02,52.25,5.97326,3.016,25.32,85.6,21.0
2026-07-03 06:47:20,lht65-02,52.25,5.97326,3.012,26.32,82.5,21.12
2026-07-03 06:57:20,lht65-02,52.25,5.97326,3.009,27.33,79.0,21.18
2026-07-03 07:07:20,lht65-02,52.25,5.97326,3.003,28.35,78.5,21.31
2026-07-03 07:17:20,lht65-02,52.25,5.97326,3.001,29.11,71.6,21.5
2026-07-03 07:27:20,lht65-02,52.25,5.97326,2.996,29.46,63.7,21.62
2026-07-03 07:37:20,lht65-02,52.25,5.97326,3.019,28.77,67.8,21.75
2026-07-03 07:47:20,lht65-02,52.25,5.97326,3.016,27.9,69.0,21.93
2026-07-03 07:57:20,lht65-02,52.25,5.97326,3.018,28.08,72.0,22.06
2026-07-03 08:07:20,lht65-02,52.25,5.97326,3.016,27.11,67.4,22.18
2026-07-03 08:17:20,lht65-02,52.25,5.97326,3.016,25.91,70.8,22.31
2026-07-03 08:27:20,lht65-02,52.25,5.97326,3.016,25.58,78.9,22.37
2026-07-03 08:37:19,lht65-02,52.25,5.97326,3.014,26.18,80.3,22.43
2026-07-03 08:47:19,lht65-02,52.25,5.97326,3.016,28.32,82.2,22.5
2026-07-03 08:57:19,lht65-02,52.25,5.97326,3.014,29.18,73.3,22.56
2026-07-03 09:07:19,lht65-02,52.25,5.97326,3.009,29.55,69.8,22.68
2026-07-03 09:17:20,lht65-02,52.25,5.97326,2.959,30.82,70.1,22.75
2026-07-03 09:27:19,lht65-02,52.25,5.97326,2.751,32.91,62.6,22.81
2026-07-03 09:37:20,lht65-02,52.25,5.97326,3.009,31.65,46.6,23.0
2026-07-03 09:47:20,lht65-02,52.25,5.97326,3.005,28.79,50.7,23.18
2026-07-03 09:57:20,lht65-02,52.25,5.97326,3.005,27.16,58.4,23.31
2026-07-03 10:07:27,lht65-02,52.25,5.97326,3.012,28.22,64.5,23.43
2026-07-03 10:17:19,lht65-02,52.25,5.97326,3.009,28.9,65.1,23.56
2026-07-03 10:27:19,lht65-02,52.25,5.97326,3.007,30.13,64.4,23.62
2026-07-03 10:37:19,lht65-02,52.25,5.97326,2.994,31.63,67.8,23.75
2026-07-03 10:47:19,lht65-02,52.25,5.97326,2.994,31.72,43.9,23.87
2026-07-03 10:57:20,lht65-02,52.25,5.97326,2.992,29.75,48.1,24.0
2026-07-03 11:07:19,lht65-02,52.25,5.97326,2.985,28.77,46.5,24.12
2026-07-03 11:17:19,lht65-02,52.25,5.97326,2.985,29.6,53.4,24.18
2026-07-03 11:27:19,lht65-02,52.25,5.97326,2.987,31.52,53.7,24.31
2026-07-03 11:37:19,lht65-02,52.25,5.97326,3.001,31.74,47.7,24.37
2026-07-03 11:47:19,lht65-02,52.25,5.97326,2.991,31.6,52.3,24.5
2026-07-03 11:57:20,lht65-02,52.25,5.97326,2.996,31.25,52.9,24.62
2026-07-03 12:07:19,lht65-02,52.25,5.97326,2.983,32.12,47.4,24.75
2026-07-03 12:17:19,lht65-02,52.25,5.97326,2.976,32.15,55.9,24.81
2026-07-03 12:27:19,lht65-02,52.25,5.97326,2.239,32.58,40.0,24.18
2026-07-03 12:37:19,lht65-02,52.25,5.97326,3.025,30.2,46.7,25.06
2026-07-03 12:47:19,lht65-02,52.25,5.97326,3.023,31.12,48.5,25.12
2026-07-03 12:57:19,lht65-02,52.25,5.97326,3.023,31.6,54.6,25.25
2026-07-03 13:07:19,lht65-02,52.25,5.97326,2.874,33.57,44.6,25.31
2026-07-03 13:17:19,lht65-02,52.25,5.97326,2.994,32.2,41.5,25.5
2026-07-03 13:27:19,lht65-02,52.25,5.97326,2.996,30.41,44.5,25.62
2026-07-03 13:37:19,lht65-02,52.25,5.97326,2.991,30.09,55.7,25.75
2026-07-03 13:47:19,lht65-02,52.25,5.97326,2.98,31.42,57.8,25.87
2026-07-03 13:57:19,lht65-02,52.25,5.97326,2.991,31.36,48.8,25.93
2026-07-03 14:07:19,lht65-02,52.25,5.97326,3.0,30.81,55.1,26.0
2026-07-03 14:17:19,lht65-02,52.25,5.97326,3.001,30.4,57.7,26.06
2026-07-03 14:27:19,lht65-02,52.25,5.97326,2.989,31.2,55.3,26.18
2026-07-03 14:37:19,lht65-02,52.25,5.97326,2.991,32.47,51.7,26.18
2026-07-03 14:47:19,lht65-02,52.25,5.97326,3.001,33.52,43.4,26.18
2026-07-03 14:57:19,lht65-02,52.25,5.97326,3.001,31.95,41.4,26.31
2026-07-03 15:07:19,lht65-02,52.25,5.97326,2.975,30.4,44.4,26.37
2026-07-03 15:17:19,lht65-02,52.25,5.97326,2.966,29.69,51.1,26.43
2026-07-03 15:27:19,lht65-02,52.25,5.97326,2.978,29.73,56.0,26.5
2026-07-03 15:37:19,lht65-02,52.25,5.97326,2.973,30.1,57.3,26.5
2026-07-03 15:47:19,lht65-02,52.25,5.97326,2.991,30.76,57.3,26.5
2026-07-03 15:57:19,lht65-02,52.25,5.97326,2.968,31.1,54.2,26.56
2026-07-03 16:07:19,lht65-02,52.25,5.97326,2.976,31.29,53.9,26.56
2026-07-03 16:17:19,lht65-02,52.25,5.97326,2.969,30.44,56.2,26.56
2026-07-03 16:27:19,lht65-02,52.25,5.97326,2.973,30.16,56.8,26.56
2026-07-03 16:37:19,lht65-02,52.25,5.97326,2.966,29.61,58.9,26.56
2026-07-03 16:47:19,lht65-02,52.25,5.97326,2.987,28.79,60.4,26.56
2026-07-03 16:57:19,lht65-02,52.25,5.97326,2.991,27.92,63.1,26.56
2026-07-03 17:07:19,lht65-02,52.25,5.97326,2.959,26.92,63.9,26.56
2026-07-03 17:17:19,lht65-02,52.25,5.97326,2.964,25.88,65.9,26.56
2026-07-03 17:27:19,lht65-02,52.25,5.97326,2.943,25.0,67.4,26.43
2026-07-03 17:37:19,lht65-02,52.25,5.97326,2.962,24.13,65.5,26.37
2026-07-03 17:47:19,lht65-02,52.25,5.97326,2.98,23.24,65.9,26.31
2026-07-03 17:57:19,lht65-02,52.25,5.97326,2.992,22.58,69.6,26.25
2026-07-03 18:07:18,lht65-02,52.25,5.97326,3.001,22.33,73.4,26.18
2026-07-03 18:17:19,lht65-02,52.25,5.97326,2.994,22.19,76.1,26.06
2026-07-03 18:27:18,lht65-02,52.25,5.97326,2.991,22.03,77.5,25.93
2026-07-03 18:37:18,lht65-02,52.25,5.97326,2.971,21.76,78.1,25.87
2026-07-03 18:47:18,lht65-02,52.25,5.97326,2.973,21.5,80.2,25.75
2026-07-03 18:57:18,lht65-02,52.25,5.97326,2.987,21.22,80.8,25.62
2026-07-03 19:07:26,lht65-02,52.25,5.97326,2.966,20.84,80.8,25.56
2026-07-03 19:17:18,lht65-02,52.25,5.97326,2.976,20.27,81.4,25.43
2026-07-03 19:27:19,lht65-02,52.25,5.97326,2.992,19.86,82.6,25.37
2026-07-03 19:37:18,lht65-02,52.25,5.97326,2.976,19.42,83.2,25.25
2026-07-03 19:47:18,lht65-02,52.25,5.97326,2.994,18.92,83.6,25.18
2026-07-03 19:57:19,lht65-02,52.25,5.97326,2.989,18.36,84.0,25.06
2026-07-03 20:07:18,lht65-02,52.25,5.97326,2.945,17.75,84.6,24.93
2026-07-03 20:17:22,lht65-02,52.25,5.97326,2.808,17.2,85.4,24.81
2026-07-03 20:27:23,lht65-02,52.25,5.97326,2.962,16.68,86.2,24.75
2026-07-03 20:37:18,lht65-02,52.25,5.97326,3.005,16.18,86.8,24.62
2026-07-03 20:47:19,lht65-02,52.25,5.97326,3.012,15.75,87.5,24.5
2026-07-03 20:57:18,lht65-02,52.25,5.97326,2.897,15.4,88.4,24.37
2026-07-03 21:07:18,lht65-02,52.25,5.97326,2.998,15.05,89.0,24.31
2026-07-03 21:17:18,lht65-02,52.25,5.97326,2.982,14.71,89.5,24.18
2026-07-03 21:27:18,lht65-02,52.25,5.97326,3.012,14.41,89.9,24.06
2026-07-03 21:37:18,lht65-02,52.25,5.97326,3.001,14.3,90.5,23.93
2026-07-03 21:47:18,lht65-02,52.25,5.97326,3.019,13.98,91.0,23.87
2026-07-03 21:57:19,lht65-02,52.25,5.97326,3.016,13.76,91.6,23.75
2026-07-03 22:07:18,lht65-02,52.25,5.97326,3.009,13.66,92.2,23.62
2026-07-03 22:17:18,lht65-02,52.25,5.97326,3.012,13.54,92.7,23.5
2026-07-03 22:27:18,lht65-02,52.25,5.97326,3.012,13.44,93.2,23.37
2026-07-03 22:37:18,lht65-02,52.25,5.97326,3.012,13.33,93.6,23.31
2026-07-03 22:47:18,lht65-02,52.25,5.97326,2.994,13.22,93.8,23.18
2026-07-03 22:57:18,lht65-02,52.25,5.97326,3.014,13.15,94.3,23.12
2026-07-03 23:07:18,lht65-02,52.25,5.97326,3.014,13.1,95.0,23.0
2026-07-03 23:17:18,lht65-02,52.25,5.97326,3.014,13.04,95.4,22.93
2026-07-03 23:27:18,lht65-02,52.25,5.97326,3.014,12.98,95.5,22.81
2026-07-03 23:37:18,lht65-02,52.25,5.97326,3.014,12.92,95.7,22.75
2026-07-03 23:47:18,lht65-02,52.25,5.97326,3.016,12.92,96.3,22.62
2026-07-03 23:57:20,lht65-02,52.25,5.97326,3.014,13.0,97.6,22.56
2026-07-04 00:07:18,lht65-02,52.25,5.97326,3.016,13.21,99.5,22.5
2026-07-04 00:17:18,lht65-02,52.25,5.97326,3.014,13.33,100.0,22.37
2026-07-04 00:27:18,lht65-02,52.25,5.97326,3.014,13.43,100.0,22.31
2026-07-04 00:37:18,lht65-02,52.25,5.97326,3.016,13.52,100.0,22.25
2026-07-04 00:47:18,lht65-02,52.25,5.97326,3.014,13.53,100.0,22.18
2026-07-04 00:57:18,lht65-02,52.25,5.97326,3.019,13.54,100.0,22.12
2026-07-04 01:07:18,lht65-02,52.25,5.97326,3.016,13.61,100.0,22.06
2026-07-04 01:17:18,lht65-02,52.25,5.97326,3.014,13.61,100.0,22.0
2026-07-04 01:27:18,lht65-02,52.25,5.97326,3.016,13.62,100.0,21.93
2026-07-04 01:37:18,lht65-02,52.25,5.97326,3.014,13.61,100.0,21.87
2026-07-04 01:47:18,lht65-02,52.25,5.97326,3.016,13.63,100.0,21.81
2026-07-04 01:57:18,lht65-02,52.25,5.97326,3.014,13.75,100.0,21.75
2026-07-04 02:07:18,lht65-02,52.25,5.97326,3.012,13.88,100.0,21.68
2026-07-04 02:17:18,lht65-02,52.25,5.97326,3.014,13.91,100.0,21.62
2026-07-04 02:27:18,lht65-02,52.25,5.97326,3.014,13.92,100.0,21.62
2026-07-04 02:37:18,lht65-02,52.25,5.97326,3.014,14.07,100.0,21.56
2026-07-04 02:47:18,lht65-02,52.25,5.97326,3.014,14.3,100.0,21.5
2026-07-04 02:57:18,lht65-02,52.25,5.97326,3.016,14.42,100.0,21.43
2026-07-04 03:07:18,lht65-02,52.25,5.97326,3.014,14.66,100.0,21.43
2026-07-04 03:17:18,lht65-02,52.25,5.97326,3.016,14.86,100.0,21.37
2026-07-04 03:37:18,lht65-02,52.25,5.97326,3.016,15.06,100.0,21.31
2026-07-04 03:47:18,lht65-02,52.25,5.97326,3.016,15.1,100.0,21.31
2026-07-04 03:57:18,lht65-02,52.25,5.97326,3.014,15.23,100.0,21.25
2026-07-04 04:07:18,lht65-02,52.25,5.97326,3.016,15.48,100.0,21.25
2026-07-04 04:17:18,lht65-02,52.25,5.97326,3.012,15.78,100.0,21.18
2026-07-04 04:27:18,lht65-02,52.25,5.97326,3.016,16.17,100.0,21.18
2026-07-04 04:37:18,lht65-02,52.25,5.97326,3.012,16.61,100.0,21.18
2026-07-04 04:47:18,lht65-02,52.25,5.97326,3.012,17.07,100.0,21.18
2026-07-04 04:57:18,lht65-02,52.25,5.97326,3.014,17.52,100.0,21.12
2026-07-04 05:07:17,lht65-02,52.25,5.97326,3.016,18.0,100.0,21.18
2026-07-04 05:17:17,lht65-02,52.25,5.97326,3.016,18.54,100.0,21.18
2026-07-04 05:27:18,lht65-02,52.25,5.97326,3.016,19.05,100.0,21.18
2026-07-04 05:37:17,lht65-02,52.25,5.97326,3.016,19.51,100.0,21.18
2026-07-04 05:47:18,lht65-02,52.25,5.97326,3.016,20.21,100.0,21.18
2026-07-04 05:57:17,lht65-02,52.25,5.97326,3.016,21.0,100.0,21.25
2026-07-04 06:07:17,lht65-02,52.25,5.97326,3.016,21.68,99.7,21.25
2026-07-04 06:17:17,lht65-02,52.25,5.97326,3.016,22.41,97.0,21.31
2026-07-04 06:27:18,lht65-02,52.25,5.97326,3.016,23.35,95.5,21.37
2026-07-04 06:37:17,lht65-02,52.25,5.97326,3.016,24.54,92.7,21.43
2026-07-04 06:47:17,lht65-02,52.25,5.97326,3.016,25.72,91.3,21.5
2026-07-04 06:57:18,lht65-02,52.25,5.97326,3.014,26.92,89.7,21.56
2026-07-04 07:07:17,lht65-02,52.25,5.97326,3.016,28.08,87.8,21.68
2026-07-04 07:17:17,lht65-02,52.25,5.97326,2.987,29.53,78.8,21.81
2026-07-04 07:27:18,lht65-02,52.25,5.97326,3.012,29.4,71.3,21.93
2026-07-04 07:37:17,lht65-02,52.25,5.97326,3.014,28.64,67.2,22.06
2026-07-04 07:47:17,lht65-02,52.25,5.97326,3.012,28.33,65.2,22.18
2026-07-04 07:57:17,lht65-02,52.25,5.97326,3.016,28.81,63.2,22.31
2026-07-04 08:07:17,lht65-02,52.25,5.97326,3.014,28.82,60.9,22.43
2026-07-04 08:17:17,lht65-02,52.25,5.97326,3.014,29.0,59.0,22.62
2026-07-04 08:27:17,lht65-02,52.25,5.97326,3.014,28.91,57.9,22.75
2026-07-04 08:37:17,lht65-02,52.25,5.97326,3.01,29.39,59.2,22.93
2026-07-04 08:47:17,lht65-02,52.25,5.97326,2.973,29.88,59.6,23.06
2026-07-04 08:57:17,lht65-02,52.25,5.97326,3.018,30.13,56.2,23.25
2026-07-04 09:07:17,lht65-02,52.25,5.97326,2.973,31.15,61.0,23.37
2026-07-04 09:17:17,lht65-02,52.25,5.97326,2.962,31.85,55.9,23.5
2026-07-04 09:27:17,lht65-02,52.25,5.97326,2.968,32.82,48.5,23.68
2026-07-04 09:37:17,lht65-02,52.25,5.97326,3.003,32.26,43.9,23.81
2026-07-04 09:47:17,lht65-02,52.25,5.97326,3.001,31.92,49.1,24.0
2026-07-04 09:57:17,lht65-02,52.25,5.97326,3.003,32.36,56.9,24.12
2026-07-04 10:07:17,lht65-02,52.25,5.97326,2.994,32.97,48.1,24.31
2026-07-04 10:17:17,lht65-02,52.25,5.97326,2.998,32.4,48.3,24.5
2026-07-04 10:27:17,lht65-02,52.25,5.97326,2.996,32.2,46.4,24.68
2026-07-04 10:37:17,lht65-02,52.25,5.97326,2.994,31.91,49.8,24.81
2026-07-04 10:47:17,lht65-02,52.25,5.97326,2.987,32.65,50.4,25.0
2026-07-04 10:57:17,lht65-02,52.25,5.97326,2.8,33.21,48.9,25.12
2026-07-04 11:07:17,lht65-02,52.25,5.97326,3.009,33.11,45.3,25.31
2026-07-04 11:17:17,lht65-02,52.25,5.97326,2.884,33.18,42.8,25.37
2026-07-04 11:27:17,lht65-02,52.25,5.97326,3.023,32.2,45.6,25.56
2026-07-04 11:37:17,lht65-02,52.25,5.97326,3.023,31.45,53.3,25.68
2026-07-04 11:47:17,lht65-02,52.25,5.97326,3.021,31.97,54.1,25.81
2026-07-04 11:57:17,lht65-02,52.25,5.97326,3.023,32.21,47.2,25.87
2026-07-04 12:07:17,lht65-02,52.25,5.97326,3.023,31.92,50.9,26.0
2026-07-04 12:17:17,lht65-02,52.25,5.97326,3.021,30.83,51.5,26.06
2026-07-04 12:27:17,lht65-02,52.25,5.97326,3.019,31.0,61.4,26.12
2026-07-04 12:37:17,lht65-02,52.25,5.97326,2.991,32.05,48.2,26.18
2026-07-04 12:47:17,lht65-02,52.25,5.97326,3.012,30.75,52.1,26.25
2026-07-04 12:57:17,lht65-02,52.25,5.97326,3.007,29.43,51.4,26.31
2026-07-04 13:07:17,lht65-02,52.25,5.97326,3.009,28.99,60.4,26.37
2026-07-04 13:17:17,lht65-02,52.25,5.97326,3.01,30.54,62.1,26.37
2026-07-04 13:27:17,lht65-02,52.25,5.97326,3.009,32.1,49.1,26.43
2026-07-04 13:37:17,lht65-02,52.25,5.97326,3.012,31.68,49.5,26.43
2026-07-04 13:47:17,lht65-02,52.25,5.97326,3.021,30.83,51.0,26.5
2026-07-04 13:57:17,lht65-02,52.25,5.97326,3.016,29.72,58.5,26.56
2026-07-04 14:07:17,lht65-02,52.25,5.97326,3.016,29.46,61.9,26.62
2026-07-04 14:17:17,lht65-02,52.25,5.97326,3.001,29.0,61.3,26.62
2026-07-04 14:27:17,lht65-02,52.25,5.97326,3.009,29.48,66.5,26.62
2026-07-04 14:37:17,lht65-02,52.25,5.97326,3.009,30.33,64.4,26.62
2026-07-04 14:47:17,lht65-02,52.25,5.97326,3.009,30.34,62.9,26.62
2026-07-04 14:57:17,lht65-02,52.25,5.97326,2.962,29.7,65.4,26.56
2026-07-04 15:07:17,lht65-02,52.25,5.97326,3.014,29.46,66.0,26.56
2026-07-04 15:17:16,lht65-02,52.25,5.97326,3.012,30.05,65.9,26.56
2026-07-04 15:27:17,lht65-02,52.25,5.97326,3.01,30.02,64.7,26.5
2026-07-04 15:37:17,lht65-02,52.25,5.97326,3.009,29.61,65.1,26.5
2026-07-04 15:47:16,lht65-02,52.25,5.97326,3.014,29.24,64.4,26.5
2026-07-04 15:57:17,lht65-02,52.25,5.97326,3.01,28.91,63.7,26.43
2026-07-04 16:07:16,lht65-02,52.25,5.97326,3.009,28.64,64.3,26.43
2026-07-04 16:17:16,lht65-02,52.25,5.97326,3.001,28.32,64.7,26.43
2026-07-04 16:27:16,lht65-02,52.25,5.97326,2.989,27.83,64.3,26.37
2026-07-04 16:37:17,lht65-02,52.25,5.97326,2.996,27.53,68.4,26.37
2026-07-04 16:47:16,lht65-02,52.25,5.97326,2.95,27.03,64.6,26.31
2026-07-04 16:57:16,lht65-02,52.25,5.97326,2.966,26.54,67.4,26.25
2026-07-04 17:07:16,lht65-02,52.25,5.97326,2.987,26.03,68.7,26.18
2026-07-04 17:17:17,lht65-02,52.25,5.97326,2.969,25.34,70.3,26.18
2026-07-04 17:27:16,lht65-02,52.25,5.97326,2.983,24.7,73.0,26.12
2026-07-04 17:37:16,lht65-02,52.25,5.97326,2.982,24.07,75.6,26.0
2026-07-04 17:47:16,lht65-02,52.25,5.97326,2.948,23.44,76.4,25.93
2026-07-04 17:57:16,lht65-02,52.25,5.97326,2.966,22.79,79.2,25.87
2026-07-04 18:07:16,lht65-02,52.25,5.97326,2.954,22.27,81.7,25.81
2026-07-04 18:17:16,lht65-02,52.25,5.97326,2.914,21.77,84.2,25.68
2026-07-04 18:27:16,lht65-02,52.25,5.97326,2.959,21.51,86.4,25.62
2026-07-04 18:37:16,lht65-02,52.25,5.97326,2.975,21.35,87.7,25.5
2026-07-04 18:47:16,lht65-02,52.25,5.97326,2.917,21.17,88.5,25.43
2026-07-04 19:07:16,lht65-02,52.25,5.97326,2.948,20.87,90.1,25.25
2026-07-04 19:17:16,lht65-02,52.25,5.97326,2.991,20.82,90.9,25.18
2026-07-04 19:27:16,lht65-02,52.25,5.97326,2.994,20.77,91.6,25.12
2026-07-04 19:37:16,lht65-02,52.25,5.97326,2.994,20.7,91.9,25.0
2026-07-04 19:47:16,lht65-02,52.25,5.97326,2.907,20.6,92.1,24.93
2026-07-04 19:57:16,lht65-02,52.25,5.97326,2.992,20.49,92.4,24.87
2026-07-04 20:07:16,lht65-02,52.25,5.97326,2.945,20.31,92.2,24.81
2026-07-04 20:17:16,lht65-02,52.25,5.97326,2.894,20.04,90.9,24.68
2026-07-04 20:27:16,lht65-02,52.25,5.97326,2.966,19.84,90.0,24.62
2026-07-04 20:37:16,lht65-02,52.25,5.97326,2.872,19.47,90.5,24.56
2026-07-04 20:47:16,lht65-02,52.25,5.97326,2.931,19.21,91.2,24.5
2026-07-04 20:57:16,lht65-02,52.25,5.97326,2.998,19.0,91.3,24.43
2026-07-04 21:07:16,lht65-02,52.25,5.97326,2.985,18.76,91.5,24.37
2026-07-04 21:17:16,lht65-02,52.25,5.97326,3.001,18.56,91.9,24.31
2026-07-04 21:27:16,lht65-02,52.25,5.97326,3.009,18.4,92.3,24.18
2026-07-04 21:37:16,lht65-02,52.25,5.97326,3.009,18.28,92.9,24.12
2026-07-04 21:47:16,lht65-02,52.25,5.97326,2.803,18.18,93.1,24.0
2026-07-04 21:57:16,lht65-02,52.25,5.97326,3.001,18.11,93.3,24.0
2026-07-04 22:07:16,lht65-02,52.25,5.97326,3.005,18.0,93.7,23.93
2026-07-04 22:17:16,lht65-02,52.25,5.97326,3.001,17.95,93.7,23.87
2026-07-04 22:27:16,lht65-02,52.25,5.97326,3.001,17.87,94.1,23.75
2026-07-04 22:37:16,lht65-02,52.25,5.97326,3.001,17.87,94.8,23.68
2026-07-04 22:47:16,lht65-02,52.25,5.97326,3.001,17.96,95.5,23.62
2026-07-04 22:57:16,lht65-02,52.25,5.97326,3.005,18.0,95.9,23.56
2026-07-04 23:07:16,lht65-02,52.25,5.97326,3.007,18.06,95.1,23.5
2026-07-04 23:17:16,lht65-02,52.25,5.97326,3.005,18.1,94.7,23.43
2026-07-04 23:27:16,lht65-02,52.25,5.97326,3.007,18.05,94.6,23.37
2026-07-04 23:37:16,lht65-02,52.25,5.97326,3.001,18.0,94.9,23.37
2026-07-04 23:47:16,lht65-02,52.25,5.97326,3.003,18.0,94.4,23.31
2026-07-04 23:57:16,lht65-02,52.25,5.97326,3.001,17.92,94.4,23.25
2026-07-05 00:07:16,lht65-02,52.25,5.97326,3.001,17.77,94.1,23.18
2026-07-05 00:17:16,lht65-02,52.25,5.97326,3.001,17.66,94.4,23.12
2026-07-05 00:27:16,lht65-02,52.25,5.97326,3.001,17.57,94.7,23.06
2026-07-05 00:37:15,lht65-02,52.25,5.97326,3.005,17.53,95.4,23.0
2026-07-05 00:47:16,lht65-02,52.25,5.97326,3.0,17.51,95.5,22.93
2026-07-05 00:57:16,lht65-02,52.25,5.97326,3.003,17.51,95.6,22.93
2026-07-05 01:07:16,lht65-02,52.25,5.97326,3.001,17.51,95.3,22.87
2026-07-05 01:17:16,lht65-02,52.25,5.97326,3.001,17.46,95.2,22.81
2026-07-05 01:27:16,lht65-02,52.25,5.97326,3.001,17.38,94.9,22.75
2026-07-05 01:37:16,lht65-02,52.25,5.97326,2.835,17.24,95.0,22.68
2026-07-05 01:47:16,lht65-02,52.25,5.97326,2.985,17.09,95.0,22.68
2026-07-05 01:57:15,lht65-02,52.25,5.97326,2.998,17.07,95.0,22.62
2026-07-05 02:07:16,lht65-02,52.25,5.97326,3.001,16.97,95.6,22.56
2026-07-05 02:17:15,lht65-02,52.25,5.97326,3.001,16.87,95.6,22.56
2026-07-05 02:27:15,lht65-02,52.25,5.97326,3.005,16.8,95.5,22.5
2026-07-05 02:37:16,lht65-02,52.25,5.97326,3.007,16.72,96.0,22.43
2026-07-05 02:47:15,lht65-02,52.25,5.97326,3.005,16.72,96.9,22.43
2026-07-05 02:57:15,lht65-02,52.25,5.97326,3.007,16.73,97.7,22.31
2026-07-05 03:07:15,lht65-02,52.25,5.97326,3.007,16.77,98.2,22.31
2026-07-05 03:17:15,lht65-02,52.25,5.97326,3.009,16.76,98.3,22.25
2026-07-05 03:27:15,lht65-02,52.25,5.97326,3.005,16.73,98.1,22.25
2026-07-05 03:37:15,lht65-02,52.25,5.97326,3.009,16.7,98.0,22.18
2026-07-05 03:47:15,lht65-02,52.25,5.97326,3.009,16.68,98.1,22.12
2026-07-05 03:57:15,lht65-02,52.25,5.97326,3.009,16.68,98.4,22.12
2026-07-05 04:07:15,lht65-02,52.25,5.97326,3.009,16.83,99.7,22.06
2026-07-05 04:17:15,lht65-02,52.25,5.97326,3.007,17.09,100.0,22.0
2026-07-05 04:27:15,lht65-02,52.25,5.97326,3.009,17.48,100.0,22.0
2026-07-05 04:37:15,lht65-02,52.25,5.97326,3.009,18.0,100.0,21.93
2026-07-05 04:47:16,lht65-02,52.25,5.97326,3.009,18.4,100.0,21.93
2026-07-05 04:57:15,lht65-02,52.25,5.97326,3.009,18.74,100.0,21.93
2026-07-05 05:07:15,lht65-02,52.25,5.97326,3.009,19.16,100.0,21.93
2026-07-05 05:17:15,lht65-02,52.25,5.97326,3.009,19.67,100.0,21.93
2026-07-05 05:27:15,lht65-02,52.25,5.97326,3.012,20.23,100.0,21.93
2026-07-05 05:37:15,lht65-02,52.25,5.97326,3.009,20.93,100.0,21.93
2026-07-05 05:47:15,lht65-02,52.25,5.97326,3.009,21.9,100.0,21.93
2026-07-05 05:57:15,lht65-02,52.25,5.97326,3.01,22.99,100.0,22.0
2026-07-05 06:07:15,lht65-02,52.25,5.97326,3.012,24.24,99.8,22.0
2026-07-05 06:17:15,lht65-02,52.25,5.97326,3.009,25.52,96.9,22.06
2026-07-05 06:37:15,lht65-02,52.25,5.97326,3.014,27.96,92.8,22.18
2026-07-05 06:47:15,lht65-02,52.25,5.97326,3.019,28.3,87.8,22.31
2026-07-05 06:57:15,lht65-02,52.25,5.97326,3.019,27.88,84.5,22.43
2026-07-05 07:07:15,lht65-02,52.25,5.97326,3.019,27.08,85.4,22.5
2026-07-05 07:17:15,lht65-02,52.25,5.97326,3.019,27.36,87.5,22.56
2026-07-05 07:27:15,lht65-02,52.25,5.97326,3.019,28.69,87.5,22.68
2026-07-05 07:37:15,lht65-02,52.25,5.97326,3.019,29.24,82.1,22.75
2026-07-05 07:47:15,lht65-02,52.25,5.97326,3.021,28.7,75.4,22.81
2026-07-05 07:57:15,lht65-02,52.25,5.97326,3.019,27.75,75.5,22.93
2026-07-05 08:07:15,lht65-02,52.25,5.97326,3.023,27.53,77.4,23.06
2026-07-05 08:17:15,lht65-02,52.25,5.97326,3.019,28.76,78.0,23.12
2026-07-05 08:27:15,lht65-02,52.25,5.97326,3.019,29.31,74.6,23.18
2026-07-05 08:37:15,lht65-02,52.25,5.97326,3.019,29.46,74.4,23.25
2026-07-05 08:47:15,lht65-02,52.25,5.97326,3.021,29.42,72.2,23.37
2026-07-05 08:57:15,lht65-02,52.25,5.97326,3.019,29.49,73.6,23.43
2026-07-05 09:07:15,lht65-02,52.25,5.97326,3.019,29.19,71.3,23.56
2026-07-05 09:17:15,lht65-02,52.25,5.97326,3.019,29.11,73.8,23.68
2026-07-05 09:27:15,lht65-02,52.25,5.97326,3.021,29.15,73.1,23.75
2026-07-05 09:37:15,lht65-02,52.25,5.97326,3.019,29.63,73.0,23.81
2026-07-05 09:47:16,lht65-02,52.25,5.97326,3.021,29.58,72.6,23.87
2026-07-05 09:57:15,lht65-02,52.25,5.97326,3.021,28.81,71.8,24.0
2026-07-05 10:07:15,lht65-02,52.25,5.97326,3.021,28.66,74.6,24.06
2026-07-05 10:17:15,lht65-02,52.25,5.97326,3.021,28.77,72.8,24.12
2026-07-05 10:27:15,lht65-02,52.25,5.97326,3.021,28.31,74.8,24.18
2026-07-05 10:37:15,lht65-02,52.25,5.97326,3.021,28.08,74.5,24.18
2026-07-05 10:47:15,lht65-02,52.25,5.97326,3.023,28.47,75.8,24.25
2026-07-05 10:57:15,lht65-02,52.25,5.97326,3.023,27.88,72.5,24.31
2026-07-05 11:07:15,lht65-02,52.25,5.97326,3.021,27.91,77.0,24.31
2026-07-05 11:17:14,lht65-02,52.25,5.97326,3.021,28.08,74.4,24.37
2026-07-05 11:27:14,lht65-02,52.25,5.97326,3.009,29.99,79.6,24.37
2026-07-05 11:37:15,lht65-02,52.25,5.97326,2.996,30.83,62.0,24.43
2026-07-05 11:47:14,lht65-02,52.25,5.97326,3.012,30.11,63.1,24.56
2026-07-05 11:57:14,lht65-02,52.25,5.97326,3.009,29.22,62.1,24.62
2026-07-05 12:07:14,lht65-02,52.25,5.97326,3.01,28.04,67.6,24.68
2026-07-05 12:17:15,lht65-02,52.25,5.97326,3.01,28.41,75.0,24.75
2026-07-05 12:27:14,lht65-02,52.25,5.97326,3.012,29.26,72.3,24.81
2026-07-05 12:37:14,lht65-02,52.25,5.97326,3.009,29.72,73.3,24.87
2026-07-05 12:47:15,lht65-02,52.25,5.97326,3.01,29.01,69.4,24.93
2026-07-05 12:57:14,lht65-02,52.25,5.97326,3.012,28.08,71.4,25.0
2026-07-05 13:07:14,lht65-02,52.25,5.97326,3.009,27.51,74.7,25.06
2026-07-05 13:17:14,lht65-02,52.25,5.97326,3.009,27.63,74.3,25.06
2026-07-05 13:27:14,lht65-02,52.25,5.97326,3.009,28.07,75.1,25.12
2026-07-05 13:37:14,lht65-02,52.25,5.97326,3.009,28.55,74.3,25.12
2026-07-05 13:47:14,lht65-02,52.25,5.97326,3.009,28.8,73.8,25.12
2026-07-05 13:57:14,lht65-02,52.25,5.97326,3.009,29.52,75.4,25.12
2026-07-05 14:07:14,lht65-02,52.25,5.97326,3.012,29.81,72.6,25.18
2026-07-05 14:27:14,lht65-02,52.25,5.97326,3.01,29.46,70.9,25.25
2026-07-05 14:37:14,lht65-02,52.25,5.97326,3.009,28.75,72.9,25.31
2026-07-05 14:47:14,lht65-02,52.25,5.97326,3.009,28.72,72.9,25.31
2026-07-05 14:57:15,lht65-02,52.25,5.97326,3.009,27.97,70.9,25.37
2026-07-05 15:07:14,lht65-02,52.25,5.97326,3.009,27.17,71.6,25.37
2026-07-05 15:17:14,lht65-02,52.25,5.97326,3.009,27.04,73.6,25.37
2026-07-05 15:27:14,lht65-02,52.25,5.97326,3.009,27.0,73.6,25.37
2026-07-05 15:37:14,lht65-02,52.25,5.97326,3.005,27.2,72.5,25.37
2026-07-05 15:47:14,lht65-02,52.25,5.97326,3.009,27.04,72.4,25.37
2026-07-05 15:57:14,lht65-02,52.25,5.97326,3.009,26.93,72.0,25.37
2026-07-05 16:07:14,lht65-02,52.25,5.97326,3.009,26.92,71.7,25.37
2026-07-05 16:17:14,lht65-02,52.25,5.97326,3.009,27.19,70.7,25.37
2026-07-05 16:27:14,lht65-02,52.25,5.97326,3.009,27.19,69.4,25.37
2026-07-05 16:37:14,lht65-02,52.25,5.97326,3.007,27.29,69.2,25.37
2026-07-05 16:47:14,lht65-02,52.25,5.97326,3.009,27.26,69.7,25.31
2026-07-05 16:57:14,lht65-02,52.25,5.97326,3.009,26.93,71.5,25.31
2026-07-05 17:07:14,lht65-02,52.25,5.97326,3.009,26.34,71.5,25.37
2026-07-05 17:17:14,lht65-02,52.25,5.97326,3.009,25.52,72.4,25.31
2026-07-05 17:27:14,lht65-02,52.25,5.97326,3.014,24.95,72.8,25.31
2026-07-05 17:37:14,lht65-02,52.25,5.97326,3.012,24.47,73.5,25.31
2026-07-05 17:47:14,lht65-02,52.25,5.97326,3.016,24.2,75.5,25.25
2026-07-05 17:57:14,lht65-02,52.25,5.97326,3.016,23.83,75.0,25.25
2026-07-05 18:07:14,lht65-02,52.25,5.97326,3.014,23.38,78.8,25.18
2026-07-05 18:17:14,lht65-02,52.25,5.97326,3.014,22.97,82.5,25.12
2026-07-05 18:27:14,lht65-02,52.25,5.97326,3.016,22.59,84.8,25.06
2026-07-05 18:37:14,lht65-02,52.25,5.97326,3.016,22.4,86.2,25.0
2026-07-05 18:47:14,lht65-02,52.25,5.97326,3.016,22.24,87.4,25.0
2026-07-05 18:57:14,lht65-02,52.25,5.97326,3.014,22.05,88.3,24.93
2026-07-05 19:07:14,lht65-02,52.25,5.97326,3.016,21.88,88.8,24.87
2026-07-05 19:17:14,lht65-02,52.25,5.97326,3.016,21.68,88.0,24.81
2026-07-05 19:27:14,lht65-02,52.25,5.97326,3.012,21.36,88.3,24.75
2026-07-05 19:37:14,lht65-02,52.25,5.97326,3.014,20.95,88.5,24.68
2026-07-05 19:47:14,lht65-02,52.25,5.97326,3.012,20.62,89.5,24.62
2026-07-05 19:57:13,lht65-02,52.25,5.97326,3.014,20.28,90.1,24.56
2026-07-05 20:07:14,lht65-02,52.25,5.97326,3.016,20.02,91.2,24.5
2026-07-05 20:17:14,lht65-02,52.25,5.97326,3.012,19.86,89.5,24.43
2026-07-05 20:27:14,lht65-02,52.25,5.97326,3.012,19.48,88.5,24.37
2026-07-05 20:37:13,lht65-02,52.25,5.97326,3.012,19.05,88.5,24.31
2026-07-05 20:47:14,lht65-02,52.25,5.97326,3.01,18.45,88.6,24.18
2026-07-05 20:57:13,lht65-02,52.25,5.97326,3.009,17.94,89.2,24.12
2026-07-05 21:07:13,lht65-02,52.25,5.97326,3.012,17.51,89.9,24.06
2026-07-05 21:27:13,lht65-02,52.25,5.97326,3.01,16.88,90.4,23.87
2026-07-05 21:37:13,lht65-02,52.25,5.97326,3.01,16.68,91.3,23.81
2026-07-05 21:47:13,lht65-02,52.25,5.97326,3.014,16.64,92.5,23.68
2026-07-05 21:57:13,lht65-02,52.25,5.97326,3.012,16.69,93.8,23.62
2026-07-05 22:07:13,lht65-02,52.25,5.97326,3.016,16.81,95.3,23.56
2026-07-05 22:17:13,lht65-02,52.25,5.97326,3.014,16.92,96.4,23.43
2026-07-05 22:27:13,lht65-02,52.25,5.97326,3.016,16.99,96.4,23.37
2026-07-05 22:37:13,lht65-02,52.25,5.97326,3.014,17.0,95.9,23.31
2026-07-05 22:47:13,lht65-02,52.25,5.97326,3.016,16.97,95.5,23.25
2026-07-05 22:57:13,lht65-02,52.25,5.97326,3.014,17.02,96.1,23.18
2026-07-05 23:07:13,lht65-02,52.25,5.97326,3.014,17.08,96.1,23.12
2026-07-05 23:17:13,lht65-02,52.25,5.97326,3.016,17.08,96.1,23.06
2026-07-05 23:27:13,lht65-02,52.25,5.97326,3.014,17.08,96.0,23.0
2026-07-05 23:37:13,lht65-02,52.25,5.97326,3.014,17.03,95.7,22.93
2026-07-05 23:47:13,lht65-02,52.25,5.97326,3.014,17.07,95.9,22.87
2026-07-05 23:57:13,lht65-02,52.25,5.97326,3.014,17.09,96.1,22.81
2026-07-06 00:07:13,lht65-02,52.25,5.97326,3.014,17.09,95.9,22.75
2026-07-06 00:17:13,lht65-02,52.25,5.97326,3.014,17.09,95.6,22.75
2026-07-06 00:27:13,lht65-02,52.25,5.97326,3.019,17.09,95.5,22.68
2026-07-06 00:37:13,lht65-02,52.25,5.97326,3.016,17.09,95.6,22.68
2026-07-06 00:47:13,lht65-02,52.25,5.97326,3.012,17.09,95.4,22.62
2026-07-06 00:57:13,lht65-02,52.25,5.97326,3.019,17.09,95.4,22.56
2026-07-06 01:07:13,lht65-02,52.25,5.97326,3.016,17.09,95.3,22.5
2026-07-06 01:17:13,lht65-02,52.25,5.97326,3.016,17.09,94.8,22.43
2026-07-06 01:27:13,lht65-02,52.25,5.97326,3.014,17.09,95.1,22.43
2026-07-06 01:37:13,lht65-02,52.25,5.97326,3.014,17.07,95.1,22.37
2026-07-06 01:47:13,lht65-02,52.25,5.97326,3.016,17.06,95.2,22.37
2026-07-06 01:57:13,lht65-02,52.25,5.97326,3.016,17.03,95.2,22.31
2026-07-06 02:07:13,lht65-02,52.25,5.97326,3.014,16.99,95.3,22.25
2026-07-06 02:17:13,lht65-02,52.25,5.97326,3.016,16.97,95.4,22.18
2026-07-06 02:27:13,lht65-02,52.25,5.97326,3.016,16.96,96.0,22.18
2026-07-06 02:37:13,lht65-02,52.25,5.97326,3.014,16.98,96.3,22.12
2026-07-06 02:47:13,lht65-02,52.25,5.97326,3.014,17.05,96.8,22.12
2026-07-06 02:57:13,lht65-02,52.25,5.97326,3.009,17.09,96.7,22.06
2026-07-06 03:07:13,lht65-02,52.25,5.97326,3.009,17.09,97.0,22.06
2026-07-06 03:17:13,lht65-02,52.25,5.97326,3.009,17.13,97.4,22.0
2026-07-06 03:27:13,lht65-02,52.25,5.97326,3.009,17.17,97.2,21.93
2026-07-06 03:37:13,lht65-02,52.25,5.97326,3.01,17.25,97.6,21.93
2026-07-06 03:47:13,lht65-02,52.25,5.97326,3.009,17.35,98.9,21.93
2026-07-06 03:57:13,lht65-02,52.25,5.97326,3.009,17.46,100.0,21.87
2026-07-06 04:07:13,lht65-02,52.25,5.97326,3.009,17.56,100.0,21.87
2026-07-06 04:17:13,lht65-02,52.25,5.97326,3.009,17.69,100.0,21.81
2026-07-06 04:27:13,lht65-02,52.25,5.97326,3.009,17.83,100.0,21.81
2026-07-06 04:37:13,lht65-02,52.25,5.97326,3.007,18.0,100.0,21.81
2026-07-06 04:47:13,lht65-02,52.25,5.97326,3.009,18.19,100.0,21.75
2026-07-06 04:57:13,lht65-02,52.25,5.97326,3.007,18.4,100.0,21.75
2026-07-06 05:07:13,lht65-02,52.25,5.97326,3.009,18.56,100.0,21.75
2026-07-06 05:17:13,lht65-02,52.25,5.97326,3.007,18.78,100.0,21.75
2026-07-06 05:27:13,lht65-02,52.25,5.97326,3.007,19.02,100.0,21.68
2026-07-06 05:37:13,lht65-02,52.25,5.97326,3.007,19.34,100.0,21.68
2026-07-06 05:47:13,lht65-02,52.25,5.97326,3.001,19.73,100.0,21.68
2026-07-06 05:57:13,lht65-02,52.25,5.97326,3.005,20.12,100.0,21.68
2026-07-06 06:07:13,lht65-02,52.25,5.97326,3.005,20.65,100.0,21.75
2026-07-06 06:17:13,lht65-02,52.25,5.97326,3.005,20.95,100.0,21.75
2026-07-06 06:27:13,lht65-02,52.25,5.97326,3.005,21.05,100.0,21.75
2026-07-06 06:37:13,lht65-02,52.25,5.97326,3.007,21.22,100.0,21.81
2026-07-06 06:47:16,lht65-02,52.25,5.97326,3.005,21.45,100.0,21.81
2026-07-06 06:57:13,lht65-02,52.25,5.97326,3.005,21.96,100.0,21.81
2026-07-06 07:07:13,lht65-02,52.25,5.97326,3.005,22.56,100.0,21.87
2026-07-06 07:17:13,lht65-02,52.25,5.97326,3.005,23.29,100.0,21.87
2026-07-06 07:27:12,lht65-02,52.25,5.97326,3.009,24.15,100.0,21.93
2026-07-06 07:37:12,lht65-02,52.25,5.97326,3.012,24.75,99.4,22.0
2026-07-06 07:47:12,lht65-02,52.25,5.97326,3.016,25.28,98.2,22.06
2026-07-06 07:57:12,lht65-02,52.25,5.97326,3.014,25.46,96.4,22.12
2026-07-06 08:07:13,lht65-02,52.25,5.97326,3.016,25.65,95.0,22.18
2026-07-06 08:17:12,lht65-02,52.25,5.97326,3.016,25.81,94.9,22.25
2026-07-06 08:27:13,lht65-02,52.25,5.97326,3.016,26.38,96.3,22.31
2026-07-06 08:37:12,lht65-02,52.25,5.97326,3.014,27.12,96.2,22.37
2026-07-06 08:47:14,lht65-02,52.25,5.97326,3.009,28.08,96.5,22.43
2026-07-06 08:57:12,lht65-02,52.25,5.97326,3.005,29.27,92.2,22.56
2026-07-06 09:07:12,lht65-02,52.25,5.97326,3.016,29.46,75.6,22.62
2026-07-06 09:17:12,lht65-02,52.25,5.97326,3.016,29.37,74.8,22.75
2026-07-06 09:27:12,lht65-02,52.25,5.97326,3.01,29.84,72.9,22.87
2026-07-06 09:37:12,lht65-02,52.25,5.97326,3.005,30.25,73.5,22.93
2026-07-06 09:47:12,lht65-02,52.25,5.97326,2.994,30.83,64.2,23.06
2026-07-06 09:57:16,lht65-02,52.25,5.97326,3.012,30.54,66.6,23.25
2026-07-06 10:07:12,lht65-02,52.25,5.97326,3.001,31.05,70.9,23.37
2026-07-06 10:17:12,lht65-02,52.25,5.97326,2.828,32.79,57.4,23.43
2026-07-06 10:27:12,lht65-02,52.25,5.97326,3.007,32.81,52.0,23.62
2026-07-06 10:37:12,lht65-02,52.25,5.97326,3.001,32.2,55.1,23.75
2026-07-06 10:47:13,lht65-02,52.25,5.97326,3.001,32.08,56.9,23.93
2026-07-06 10:57:12,lht65-02,52.25,5.97326,2.841,32.92,53.5,24.06
2026-07-06 11:07:12,lht65-02,52.25,5.97326,2.98,32.65,49.2,24.25
2026-07-06 11:17:12,lht65-02,52.25,5.97326,3.001,31.78,49.9,24.43
2026-07-06 11:27:12,lht65-02,52.25,5.97326,3.005,30.83,54.7,24.56
2026-07-06 11:37:12,lht65-02,52.25,5.97326,3.005,31.16,59.1,24.68
2026-07-06 11:47:12,lht65-02,52.25,5.97326,3.003,32.33,54.8,24.81
2026-07-06 11:57:12,lht65-02,52.25,5.97326,3.007,31.15,53.8,24.93
2026-07-06 12:07:12,lht65-02,52.25,5.97326,3.007,30.91,55.2,25.06
2026-07-06 12:17:12,lht65-02,52.25,5.97326,3.005,31.55,55.5,25.12
2026-07-06 12:27:12,lht65-02,52.25,5.97326,3.001,31.6,52.4,25.25
2026-07-06 12:37:12,lht65-02,52.25,5.97326,3.001,31.0,53.1,25.31
2026-07-06 12:47:12,lht65-02,52.25,5.97326,3.005,30.57,56.8,25.43
2026-07-06 12:57:12,lht65-02,52.25,5.97326,2.991,32.0,59.7,25.5
2026-07-06 13:07:12,lht65-02,52.25,5.97326,2.328,34.66,54.2,25.56
2026-07-06 13:17:12,lht65-02,52.25,5.97326,3.016,35.1,46.5,25.75
2026-07-06 13:27:12,lht65-02,52.25,5.97326,3.016,34.43,46.4,25.87
2026-07-06 13:37:15,lht65-02,52.25,5.97326,3.001,34.15,53.0,26.06
2026-07-06 13:47:12,lht65-02,52.25,5.97326,2.985,33.69,48.8,26.18
2026-07-06 13:57:15,lht65-02,52.25,5.97326,3.007,33.5,45.8,26.43
2026-07-06 14:07:13,lht65-02,52.25,5.97326,3.005,33.73,46.8,26.56
2026-07-06 14:17:13,lht65-02,52.25,5.97326,2.991,33.72,45.1,26.68
2026-07-06 14:27:12,lht65-02,52.25,5.97326,2.994,33.57,49.1,26.87
2026-07-06 14:37:12,lht65-02,52.25,5.97326,2.994,31.96,44.3,26.93
2026-07-06 14:47:12,lht65-02,52.25,5.97326,2.998,31.02,52.9,27.06
2026-07-06 14:57:12,lht65-02,52.25,5.97326,2.991,31.91,56.9,27.12
2026-07-06 15:07:12,lht65-02,52.25,5.97326,2.987,32.47,49.8,27.12
2026-07-06 15:17:12,lht65-02,52.25,5.97326,2.994,31.89,45.6,27.18
2026-07-06 15:27:12,lht65-02,52.25,5.97326,2.992,31.19,48.4,27.18
2026-07-06 15:37:12,lht65-02,52.25,5.97326,2.996,31.71,56.5,27.25
2026-07-06 15:47:12,lht65-02,52.25,5.97326,2.992,32.26,46.9,27.25
2026-07-06 15:57:12,lht65-02,52.25,5.97326,2.991,31.6,50.1,27.25
2026-07-06 16:07:11,lht65-02,52.25,5.97326,2.991,31.04,48.1,27.25
2026-07-06 16:17:12,lht65-02,52.25,5.97326,2.989,30.83,55.3,27.25
2026-07-06 16:27:12,lht65-02,52.25,5.97326,2.991,30.83,54.0,27.25
2026-07-06 16:37:12,lht65-02,52.25,5.97326,2.994,30.83,55.8,27.25
2026-07-06 16:47:11,lht65-02,52.25,5.97326,2.991,30.54,54.1,27.25
2026-07-06 16:57:12,lht65-02,52.25,5.97326,2.987,29.9,57.4,27.18
2026-07-06 17:07:12,lht65-02,52.25,5.97326,2.987,29.4,57.8,27.18
2026-07-06 17:17:11,lht65-02,52.25,5.97326,2.987,28.67,59.2,27.18
2026-07-06 17:27:11,lht65-02,52.25,5.97326,2.987,28.22,61.5,27.12
2026-07-06 17:37:11,lht65-02,52.25,5.97326,2.983,27.89,63.6,27.06
2026-07-06 17:47:12,lht65-02,52.25,5.97326,2.991,27.82,63.8,27.0
2026-07-06 17:57:11,lht65-02,52.25,5.97326,2.983,27.73,68.0,26.93
2026-07-06 18:07:14,lht65-02,52.25,5.97326,2.983,27.56,68.2,26.87
2026-07-06 18:17:12,lht65-02,52.25,5.97326,2.976,27.35,68.8,26.81
2026-07-06 18:27:11,lht65-02,52.25,5.97326,2.966,27.05,70.5,26.75
2026-07-06 18:37:11,lht65-02,52.25,5.97326,2.966,26.58,72.8,26.68
2026-07-06 18:47:11,lht65-02,52.25,5.97326,2.973,25.96,73.8,26.62
2026-07-06 18:57:11,lht65-02,52.25,5.97326,2.962,25.32,75.9,26.56
2026-07-06 19:07:12,lht65-02,52.25,5.97326,2.966,24.75,76.7,26.5
2026-07-06 19:17:14,lht65-02,52.25,5.97326,2.96,24.32,77.7,26.37
2026-07-06 19:27:11,lht65-02,52.25,5.97326,2.938,23.91,78.2,26.31
2026-07-06 19:37:11,lht65-02,52.25,5.97326,2.94,23.44,79.2,26.25
2026-07-06 19:47:12,lht65-02,52.25,5.97326,2.978,22.87,82.9,26.12
2026-07-06 19:57:11,lht65-02,52.25,5.97326,2.962,22.42,85.1,26.06
2026-07-06 20:07:11,lht65-02,52.25,5.97326,2.987,22.01,86.1,25.93
2026-07-06 20:17:12,lht65-02,52.25,5.97326,2.916,21.59,84.5,25.87
2026-07-06 20:27:11,lht65-02,52.25,5.97326,2.89,21.22,84.8,25.75
2026-07-06 20:37:11,lht65-02,52.25,5.97326,2.857,20.86,85.3,25.68
2026-07-06 20:47:11,lht65-02,52.25,5.97326,2.931,20.58,86.3,25.56
2026-07-06 20:57:11,lht65-02,52.25,5.97326,2.884,20.32,85.7,25.43
2026-07-06 21:07:11,lht65-02,52.25,5.97326,2.904,20.11,87.1,25.37
2026-07-06 21:17:11,lht65-02,52.25,5.97326,2.88,19.86,87.4,25.25
2026-07-06 21:27:11,lht65-02,52.25,5.97326,2.952,19.81,87.7,25.18
2026-07-06 21:37:14,lht65-02,52.25,5.97326,2.934,19.55,88.3,25.12
2026-07-06 21:47:11,lht65-02,52.25,5.97326,2.98,19.39,88.1,25.06
2026-07-06 21:57:11,lht65-02,52.25,5.97326,2.959,19.29,87.1,24.93
2026-07-06 22:07:11,lht65-02,52.25,5.97326,2.975,19.23,87.4,24.87
2026-07-06 22:17:11,lht65-02,52.25,5.97326,2.987,19.16,86.6,24.75
2026-07-06 22:27:11,lht65-02,52.25,5.97326,2.899,19.01,87.0,24.68
2026-07-06 22:37:11,lht65-02,52.25,5.97326,2.962,18.85,87.1,24.62
2026-07-06 22:47:11,lht65-02,52.25,5.97326,2.926,18.69,86.2,24.5
2026-07-06 22:57:11,lht65-02,52.25,5.97326,3.009,18.53,87.2,24.43
2026-07-06 23:07:11,lht65-02,52.25,5.97326,3.005,18.36,87.2,24.37
2026-07-06 23:17:11,lht65-02,52.25,5.97326,2.975,18.24,86.6,24.31
2026-07-06 23:27:11,lht65-02,52.25,5.97326,2.996,18.11,87.7,24.25
2026-07-06 23:37:11,lht65-02,52.25,5.97326,3.005,17.97,87.6,24.12
2026-07-06 23:47:11,lht65-02,52.25,5.97326,3.0,17.79,88.3,24.06
2026-07-06 23:57:11,lht65-02,52.25,5.97326,3.001,17.64,88.5,24.0
2026-07-07 00:07:11,lht65-02,52.25,5.97326,2.998,17.51,88.5,23.93
2026-07-07 00:17:11,lht65-02,52.25,5.97326,2.996,17.4,88.9,23.87
2026-07-07 00:27:11,lht65-02,52.25,5.97326,2.971,17.27,89.2,23.75
2026-07-07 00:37:11,lht65-02,52.25,5.97326,2.998,17.15,90.0,23.68
2026-07-07 00:47:11,lht65-02,52.25,5.97326,2.994,17.09,90.7,23.62
2026-07-07 00:57:11,lht65-02,52.25,5.97326,2.992,17.17,91.6,23.56
2026-07-07 01:07:11,lht65-02,52.25,5.97326,2.991,17.25,92.1,23.5
2026-07-07 01:17:11,lht65-02,52.25,5.97326,2.996,17.3,92.4,23.43
2026-07-07 01:27:11,lht65-02,52.25,5.97326,2.996,17.31,92.3,23.37
2026-07-07 01:37:11,lht65-02,52.25,5.97326,3.001,17.26,92.3,23.31
2026-07-07 01:47:11,lht65-02,52.25,5.97326,3.001,17.12,92.2,23.25
2026-07-07 01:57:10,lht65-02,52.25,5.97326,3.001,17.09,92.2,23.18
2026-07-07 02:07:11,lht65-02,52.25,5.97326,3.005,17.01,92.5,23.12
2026-07-07 02:17:11,lht65-02,52.25,5.97326,3.005,16.95,93.3,23.06
2026-07-07 02:27:11,lht65-02,52.25,5.97326,3.005,16.93,93.5,23.06
2026-07-07 02:37:11,lht65-02,52.25,5.97326,2.968,16.87,93.6,22.93
2026-07-07 02:47:10,lht65-02,52.25,5.97326,3.01,16.88,94.1,22.93
2026-07-07 02:57:11,lht65-02,52.25,5.97326,3.016,16.95,94.6,22.87
2026-07-07 03:07:11,lht65-02,52.25,5.97326,3.014,17.01,94.6,22.81
2026-07-07 03:17:10,lht65-02,52.25,5.97326,2.998,17.03,93.9,22.81
2026-07-07 03:27:10,lht65-02,52.25,5.97326,3.016,17.01,93.1,22.75
2026-07-07 03:37:10,lht65-02,52.25,5.97326,2.978,17.03,93.9,22.68
2026-07-07 03:47:10,lht65-02,52.25,5.97326,2.987,17.09,94.8,22.62
2026-07-07 03:57:10,lht65-02,52.25,5.97326,2.991,17.15,95.7,22.62
2026-07-07 04:07:10,lht65-02,52.25,5.97326,2.991,17.31,96.9,22.56
2026-07-07 04:17:10,lht65-02,52.25,5.97326,2.991,17.46,98.1,22.5
2026-07-07 04:37:11,lht65-02,52.25,5.97326,2.991,17.8,100.0,22.43
2026-07-07 04:47:10,lht65-02,52.25,5.97326,2.991,18.0,100.0,22.43
2026-07-07 04:57:10,lht65-02,52.25,5.97326,2.987,18.27,100.0,22.37
2026-07-07 05:07:10,lht65-02,52.25,5.97326,2.991,18.7,100.0,22.37
2026-07-07 05:17:10,lht65-02,52.25,5.97326,2.991,19.23,100.0,22.31
2026-07-07 05:27:10,lht65-02,52.25,5.97326,2.994,19.86,100.0,22.31
2026-07-07 05:37:10,lht65-02,52.25,5.97326,2.998,20.43,100.0,22.31
2026-07-07 05:47:10,lht65-02,52.25,5.97326,2.992,20.95,99.9,22.31
2026-07-07 05:57:10,lht65-02,52.25,5.97326,2.992,21.34,98.9,22.37
2026-07-07 06:07:10,lht65-02,52.25,5.97326,2.992,21.75,98.2,22.37
2026-07-07 06:17:10,lht65-02,52.25,5.97326,2.992,22.15,97.9,22.37
2026-07-07 06:27:10,lht65-02,52.25,5.97326,2.991,22.56,97.6,22.43
2026-07-07 06:37:10,lht65-02,52.25,5.97326,2.996,23.08,96.8,22.43
2026-07-07 06:47:10,lht65-02,52.25,5.97326,2.996,23.75,95.0,22.5
2026-07-07 06:57:10,lht65-02,52.25,5.97326,2.991,24.24,93.6,22.5
2026-07-07 07:07:10,lht65-02,52.25,5.97326,2.987,24.64,91.6,22.56
2026-07-07 07:17:10,lht65-02,52.25,5.97326,2.991,25.02,90.7,22.62
2026-07-07 07:27:10,lht65-02,52.25,5.97326,2.983,26.01,91.7,22.68
2026-07-07 07:37:10,lht65-02,52.25,5.97326,2.973,27.65,90.9,22.68
2026-07-07 07:47:10,lht65-02,52.25,5.97326,2.957,29.45,74.1,22.81
2026-07-07 07:57:10,lht65-02,52.25,5.97326,2.989,29.92,64.3,22.87
2026-07-07 08:07:10,lht65-02,52.25,5.97326,2.991,30.04,65.7,23.0
2026-07-07 08:17:10,lht65-02,52.25,5.97326,2.991,30.18,61.9,23.12
2026-07-07 08:27:10,lht65-02,52.25,5.97326,2.978,30.49,61.7,23.31
2026-07-07 08:37:10,lht65-02,52.25,5.97326,2.969,30.83,58.2,23.43
2026-07-07 08:47:10,lht65-02,52.25,5.97326,2.964,31.44,56.2,23.56
2026-07-07 08:57:10,lht65-02,52.25,5.97326,2.978,31.7,51.2,23.75
2026-07-07 09:07:10,lht65-02,52.25,5.97326,2.991,31.6,49.1,23.87
2026-07-07 09:17:10,lht65-02,52.25,5.97326,3.0,31.44,49.7,24.0
2026-07-07 09:27:10,lht65-02,52.25,5.97326,3.001,31.46,51.0,24.12
2026-07-07 09:37:10,lht65-02,52.25,5.97326,2.929,32.09,52.3,24.25
2026-07-07 09:47:10,lht65-02,52.25,5.97326,2.992,32.2,44.2,24.43
2026-07-07 09:57:10,lht65-02,52.25,5.97326,3.005,31.52,47.5,24.56
2026-07-07 10:07:10,lht65-02,52.25,5.97326,2.991,31.57,45.8,24.68
2026-07-07 10:17:10,lht65-02,52.25,5.97326,2.844,32.65,52.0,24.81
2026-07-07 10:27:10,lht65-02,52.25,5.97326,2.854,32.66,44.6,24.93
2026-07-07 10:37:10,lht65-02,52.25,5.97326,3.027,32.5,48.8,25.18
2026-07-07 10:47:10,lht65-02,52.25,5.97326,3.025,31.75,47.9,25.31
2026-07-07 10:57:10,lht65-02,52.25,5.97326,3.03,31.77,50.9,25.43
2026-07-07 11:07:10,lht65-02,52.25,5.97326,3.027,32.55,49.8,25.62
2026-07-07 11:17:10,lht65-02,52.25,5.97326,3.029,32.65,47.7,25.75
2026-07-07 11:27:10,lht65-02,52.25,5.97326,3.027,33.01,49.2,25.87
2026-07-07 11:37:10,lht65-02,52.25,5.97326,3.027,31.21,48.5,25.93
2026-07-07 11:47:10,lht65-02,52.25,5.97326,3.027,31.14,53.2,26.06
2026-07-07 11:57:10,lht65-02,52.25,5.97326,3.027,31.99,50.0,26.12
2026-07-07 12:07:10,lht65-02,52.25,5.97326,3.023,31.61,50.0,26.18
2026-07-07 12:17:10,lht65-02,52.25,5.97326,3.027,30.83,47.8,26.31
2026-07-07 12:27:10,lht65-02,52.25,5.97326,3.027,30.13,56.2,26.37
2026-07-07 12:37:10,lht65-02,52.25,5.97326,3.027,30.83,60.6,26.43
2026-07-07 12:47:09,lht65-02,52.25,5.97326,3.025,32.64,45.8,26.43
2026-07-07 12:57:10,lht65-02,52.25,5.97326,3.027,32.34,45.9,26.5
2026-07-07 13:07:09,lht65-02,52.25,5.97326,3.025,30.83,49.1,26.62
2026-07-07 13:17:10,lht65-02,52.25,5.97326,3.027,31.15,53.4,26.68
2026-07-07 13:27:10,lht65-02,52.25,5.97326,3.025,32.69,50.4,26.81
2026-07-07 13:37:10,lht65-02,52.25,5.97326,3.027,33.01,45.0,26.87
2026-07-07 13:47:09,lht65-02,52.25,5.97326,3.025,32.96,48.4,27.0
2026-07-07 13:57:09,lht65-02,52.25,5.97326,3.027,31.7,49.2,27.12
2026-07-07 14:07:09,lht65-02,52.25,5.97326,3.03,31.31,53.3,27.18
2026-07-07 14:17:10,lht65-02,52.25,5.97326,3.027,32.29,56.3,27.25
2026-07-07 14:27:09,lht65-02,52.25,5.97326,3.029,32.04,48.0,27.31
2026-07-07 14:37:09,lht65-02,52.25,5.97326,3.029,30.71,51.9,27.37
2026-07-07 14:47:09,lht65-02,52.25,5.97326,3.027,30.43,52.3,27.43
2026-07-07 14:57:17,lht65-02,52.25,5.97326,3.029,31.2,61.7,27.43
2026-07-07 15:07:10,lht65-02,52.25,5.97326,3.027,31.37,54.6,27.5
2026-07-07 15:17:09,lht65-02,52.25,5.97326,3.027,30.41,56.3,27.5
2026-07-07 15:27:09,lht65-02,52.25,5.97326,3.029,29.33,60.4,27.5
2026-07-07 15:37:09,lht65-02,52.25,5.97326,3.029,28.82,64.5,27.5
2026-07-07 15:47:09,lht65-02,52.25,5.97326,3.029,29.33,64.6,27.5
2026-07-07 15:57:09,lht65-02,52.25,5.97326,3.029,30.3,62.0,27.43
2026-07-07 16:07:09,lht65-02,52.25,5.97326,3.029,30.48,62.7,27.43
2026-07-07 16:17:09,lht65-02,52.25,5.97326,3.027,30.17,59.0,27.37
2026-07-07 16:27:09,lht65-02,52.25,5.97326,3.029,28.99,59.0,27.37
2026-07-07 16:37:09,lht65-02,52.25,5.97326,3.027,27.7,61.8,27.37
2026-07-07 16:47:09,lht65-02,52.25,5.97326,2.952,26.32,65.8,27.31
2026-07-07 16:57:09,lht65-02,52.25,5.97326,2.835,25.39,70.8,27.25
2026-07-07 17:07:10,lht65-02,52.25,5.97326,2.917,24.98,70.0,27.18
2026-07-07 17:17:09,lht65-02,52.25,5.97326,2.822,24.66,71.6,27.06
2026-07-07 17:27:09,lht65-02,52.25,5.97326,3.001,24.35,72.5,27.0
2026-07-07 17:37:09,lht65-02,52.25,5.97326,2.994,24.24,72.9,26.93
2026-07-07 17:47:09,lht65-02,52.25,5.97326,2.998,24.24,73.0,26.87
2026-07-07 17:57:09,lht65-02,52.25,5.97326,2.996,24.21,74.1,26.75
2026-07-07 18:07:09,lht65-02,52.25,5.97326,2.752,24.01,75.0,26.12
2026-07-07 18:17:09,lht65-02,52.25,5.97326,2.894,23.63,74.4,26.56
2026-07-07 18:27:09,lht65-02,52.25,5.97326,2.985,23.31,76.5,26.5
2026-07-07 18:37:09,lht65-02,52.25,5.97326,3.012,23.04,79.8,26.43
2026-07-07 18:47:09,lht65-02,52.25,5.97326,2.994,22.8,81.8,26.37
2026-07-07 18:57:12,lht65-02,52.25,5.97326,2.954,22.59,83.5,26.31
2026-07-07 19:07:09,lht65-02,52.25,5.97326,3.027,22.59,84.8,26.18
2026-07-07 19:17:09,lht65-02,52.25,5.97326,3.027,22.53,85.1,26.12
2026-07-07 19:27:09,lht65-02,52.25,5.97326,3.025,22.32,84.7,26.06
2026-07-07 19:37:09,lht65-02,52.25,5.97326,3.023,22.03,85.1,26.0
2026-07-07 19:47:09,lht65-02,52.25,5.97326,3.025,21.68,85.7,25.87
2026-07-07 19:57:09,lht65-02,52.25,5.97326,3.023,21.29,86.3,25.81
2026-07-07 20:07:09,lht65-02,52.25,5.97326,3.023,20.93,86.6,25.75
2026-07-07 20:17:09,lht65-02,52.25,5.97326,3.023,20.51,84.4,25.68
2026-07-07 20:27:09,lht65-02,52.25,5.97326,3.019,20.02,82.3,25.56
2026-07-07 20:37:09,lht65-02,52.25,5.97326,2.998,19.69,84.4,25.5
2026-07-07 20:47:09,lht65-02,52.25,5.97326,3.005,19.34,85.8,25.37
2026-07-07 20:57:09,lht65-02,52.25,5.97326,3.009,19.06,86.2,25.31
2026-07-07 21:07:09,lht65-02,52.25,5.97326,2.998,18.84,87.2,25.18
2026-07-07 21:17:09,lht65-02,52.25,5.97326,3.0,18.69,88.4,25.12
2026-07-07 21:27:09,lht65-02,52.25,5.97326,3.005,18.59,88.8,25.06
2026-07-07 21:37:09,lht65-02,52.25,5.97326,2.994,18.49,89.6,24.93
2026-07-07 21:47:09,lht65-02,52.25,5.97326,2.998,18.5,90.2,24.87
2026-07-07 21:57:08,lht65-02,52.25,5.97326,3.005,18.55,90.8,24.81
2026-07-07 22:07:08,lht65-02,52.25,5.97326,3.016,18.58,90.9,24.68
2026-07-07 22:17:08,lht65-02,52.25,5.97326,3.014,18.56,90.7,24.62
2026-07-07 22:27:08,lht65-02,52.25,5.97326,3.014,18.49,90.2,24.5
2026-07-07 22:37:08,lht65-02,52.25,5.97326,3.016,18.43,90.4,24.43
2026-07-07 22:47:09,lht65-02,52.25,5.97326,3.019,18.34,90.4,24.37
2026-07-07 22:57:08,lht65-02,52.25,5.97326,2.976,18.24,90.6,24.31
2026-07-07 23:07:08,lht65-02,52.25,5.97326,3.001,18.2,90.6,24.25
2026-07-07 23:17:08,lht65-02,52.25,5.97326,3.001,18.21,90.9,24.18
2026-07-07 23:27:09,lht65-02,52.25,5.97326,2.996,18.26,91.5,24.12
2026-07-07 23:37:08,lht65-02,52.25,5.97326,2.996,18.3,91.0,24.06
2026-07-07 23:47:08,lht65-02,52.25,5.97326,3.0,18.29,91.0,24.0
2026-07-07 23:57:08,lht65-02,52.25,5.97326,2.996,18.25,91.0,23.93
2026-07-08 00:07:08,lht65-02,52.25,5.97326,2.998,18.21,90.6,23.87
2026-07-08 00:17:08,lht65-02,52.25,5.97326,3.012,18.2,90.3,23.81
2026-07-08 00:27:08,lht65-02,52.25,5.97326,3.012,18.19,90.6,23.75
2026-07-08 00:37:08,lht65-02,52.25,5.97326,3.012,18.2,91.5,23.68
2026-07-08 00:47:08,lht65-02,52.25,5.97326,3.012,18.22,92.1,23.62
2026-07-08 00:57:10,lht65-02,52.25,5.97326,3.016,18.22,92.1,23.62
2026-07-08 01:07:08,lht65-02,52.25,5.97326,3.016,18.15,91.8,23.56
2026-07-08 01:17:08,lht65-02,52.25,5.97326,3.016,18.0,91.6,23.5
2026-07-08 01:27:08,lht65-02,52.25,5.97326,2.931,17.83,91.7,23.43
2026-07-08 01:37:08,lht65-02,52.25,5.97326,2.983,17.7,92.0,23.37
2026-07-08 01:47:08,lht65-02,52.25,5.97326,2.98,17.59,92.2,23.37
2026-07-08 01:57:08,lht65-02,52.25,5.97326,2.991,17.52,92.5,23.31
2026-07-08 02:07:08,lht65-02,52.25,5.97326,2.991,17.52,93.2,23.25
2026-07-08 02:17:08,lht65-02,52.25,5.97326,2.991,17.54,93.8,23.18
2026-07-08 02:27:08,lht65-02,52.25,5.97326,2.983,17.55,94.1,23.12
2026-07-08 02:37:08,lht65-02,52.25,5.97326,2.991,17.56,94.0,23.12
2026-07-08 02:47:08,lht65-02,52.25,5.97326,2.992,17.57,93.8,23.06
2026-07-08 02:57:08,lht65-02,52.25,5.97326,2.996,17.64,94.1,23.0
2026-07-08 03:07:08,lht65-02,52.25,5.97326,2.992,17.72,94.4,22.93
2026-07-08 03:17:09,lht65-02,52.25,5.97326,2.983,17.79,94.7,22.93
2026-07-08 03:27:08,lht65-02,52.25,5.97326,2.987,17.85,94.1,22.87
2026-07-08 03:37:08,lht65-02,52.25,5.97326,2.991,17.94,94.3,22.87
2026-07-08 03:47:08,lht65-02,52.25,5.97326,2.992,18.01,95.4,22.81
2026-07-08 03:57:08,lht65-02,52.25,5.97326,2.994,18.18,96.8,22.81
2026-07-08 04:07:08,lht65-02,52.25,5.97326,2.994,18.32,98.3,22.75
2026-07-08 04:17:08,lht65-02,52.25,5.97326,2.996,18.45,99.5,22.75
2026-07-08 04:27:08,lht65-02,52.25,5.97326,2.994,18.61,100.0,22.68
2026-07-08 04:37:08,lht65-02,52.25,5.97326,2.996,18.77,100.0,22.68
2026-07-08 04:47:08,lht65-02,52.25,5.97326,2.996,18.92,100.0,22.68
2026-07-08 04:57:08,lht65-02,52.25,5.97326,2.996,19.05,100.0,22.62
2026-07-08 05:07:08,lht65-02,52.25,5.97326,2.994,19.21,100.0,22.62
2026-07-08 05:17:08,lht65-02,52.25,5.97326,2.996,19.58,100.0,22.62
2026-07-08 05:27:08,lht65-02,52.25,5.97326,2.998,19.86,100.0,22.56
2026-07-08 05:37:08,lht65-02,52.25,5.97326,2.998,20.18,100.0,22.56
2026-07-08 05:47:08,lht65-02,52.25,5.97326,2.998,20.37,100.0,22.56
2026-07-08 05:57:08,lht65-02,52.25,5.97326,3.001,20.43,100.0,22.56
2026-07-08 06:07:08,lht65-02,52.25,5.97326,3.005,20.5,100.0,22.56
2026-07-08 06:17:08,lht65-02,52.25,5.97326,3.005,20.58,100.0,22.56
2026-07-08 06:27:08,lht65-02,52.25,5.97326,3.0,20.76,100.0,22.56
2026-07-08 06:37:08,lht65-02,52.25,5.97326,3.003,20.92,100.0,22.56
2026-07-08 06:47:08,lht65-02,52.25,5.97326,2.998,21.22,100.0,22.56
2026-07-08 06:57:08,lht65-02,52.25,5.97326,3.0,21.64,100.0,22.62
2026-07-08 07:07:08,lht65-02,52.25,5.97326,2.998,22.15,100.0,22.62
2026-07-08 07:17:08,lht65-02,52.25,5.97326,2.996,22.58,99.8,22.62
2026-07-08 07:27:08,lht65-02,52.25,5.97326,2.994,22.91,98.1,22.62
2026-07-08 07:37:08,lht65-02,52.25,5.97326,3.001,23.36,97.4,22.68
2026-07-08 07:47:08,lht65-02,52.25,5.97326,3.005,23.61,95.6,22.68
2026-07-08 07:57:08,lht65-02,52.25,5.97326,3.001,23.69,94.9,22.75
2026-07-08 08:07:07,lht65-02,52.25,5.97326,3.001,23.59,94.2,22.81
2026-07-08 08:17:08,lht65-02,52.25,5.97326,3.001,23.46,94.1,22.81
2026-07-08 08:27:07,lht65-02,52.25,5.97326,3.003,23.42,93.9,22.81
2026-07-08 08:37:07,lht65-02,52.25,5.97326,3.005,23.44,94.3,22.87
2026-07-08 08:47:07,lht65-02,52.25,5.97326,3.0,23.87,95.8,22.87
2026-07-08 08:57:07,lht65-02,52.25,5.97326,2.998,24.2,94.7,22.93
2026-07-08 09:07:07,lht65-02,52.25,5.97326,3.0,24.34,94.1,22.93
2026-07-08 09:17:14,lht65-02,52.25,5.97326,3.001,24.5,93.0,23.0
2026-07-08 09:27:07,lht65-02,52.25,5.97326,2.996,24.89,93.9,23.0
2026-07-08 09:37:07,lht65-02,52.25,5.97326,2.992,25.32,92.2,23.06
2026-07-08 09:47:08,lht65-02,52.25,5.97326,2.996,25.32,91.1,23.06
2026-07-08 09:57:07,lht65-02,52.25,5.97326,2.994,25.13,90.7,23.12
2026-07-08 10:07:07,lht65-02,52.25,5.97326,2.996,25.44,91.5,23.18
2026-07-08 10:17:07,lht65-02,52.25,5.97326,2.991,26.31,93.2,23.18
2026-07-08 10:27:07,lht65-02,52.25,5.97326,2.998,28.08,94.8,23.25
2026-07-08 10:37:07,lht65-02,52.25,5.97326,3.019,29.0,77.2,23.37
2026-07-08 10:47:08,lht65-02,52.25,5.97326,3.001,28.24,76.4,23.43
2026-07-08 10:57:07,lht65-02,52.25,5.97326,2.991,27.89,77.2,23.5
2026-07-08 11:07:07,lht65-02,52.25,5.97326,2.98,29.24,79.1,23.56
2026-07-08 11:17:07,lht65-02,52.25,5.97326,2.994,30.33,76.8,23.68
2026-07-08 11:27:07,lht65-02,52.25,5.97326,3.003,30.59,68.6,23.75
2026-07-08 11:37:14,lht65-02,52.25,5.97326,3.005,29.67,70.4,23.87
2026-07-08 11:47:07,lht65-02,52.25,5.97326,3.003,30.14,75.3,23.93
2026-07-08 11:57:07,lht65-02,52.25,5.97326,2.987,31.31,75.3,24.06
2026-07-08 12:07:07,lht65-02,52.25,5.97326,2.996,31.72,66.3,24.12
2026-07-08 12:17:07,lht65-02,52.25,5.97326,3.009,30.83,66.9,24.25
2026-07-08 12:27:07,lht65-02,52.25,5.97326,3.012,30.83,72.6,24.37
2026-07-08 12:37:07,lht65-02,52.25,5.97326,3.014,30.83,71.3,24.43
2026-07-08 12:47:07,lht65-02,52.25,5.97326,3.016,30.34,71.3,24.56
2026-07-08 12:57:07,lht65-02,52.25,5.97326,3.016,30.83,72.8,24.62
2026-07-08 13:07:07,lht65-02,52.25,5.97326,3.016,30.83,68.0,24.68
2026-07-08 13:17:07,lht65-02,52.25,5.97326,3.019,30.83,71.9,24.75
2026-07-08 13:27:07,lht65-02,52.25,5.97326,3.016,30.82,71.7,24.81
2026-07-08 13:37:07,lht65-02,52.25,5.97326,3.018,30.08,71.2,24.93
2026-07-08 14:07:07,lht65-02,52.25,5.97326,3.019,28.95,75.1,25.06
2026-07-08 15:47:07,lht65-02,52.25,5.97326,2.983,24.42,81.0,24.93
2026-07-08 16:57:21,lht65-02,52.25,5.97326,2.962,25.5,78.9,24.75
2026-07-08 23:17:06,lht65-02,52.25,5.97326,2.982,14.88,95.6,22.75
2026-07-09 00:47:20,lht65-02,52.25,5.97326,2.994,15.17,100.0,22.12
2026-07-09 01:07:13,lht65-02,52.25,5.97326,2.996,15.77,100.0,22.06
2026-07-09 01:37:13,lht65-02,52.25,5.97326,2.994,16.44,100.0,21.93
2026-07-09 02:47:20,lht65-02,52.25,5.97326,2.994,17.02,100.0,21.75
2026-07-09 05:17:05,lht65-02,52.25,5.97326,2.994,18.1,100.0,21.43
2026-07-09 11:57:05,lht65-02,52.25,5.97326,2.994,30.07,53.3,24.87
2026-07-09 12:07:05,lht65-02,52.25,5.97326,2.996,28.61,53.3,24.93
2026-07-09 12:17:05,lht65-02,52.25,5.97326,2.994,27.95,55.6,25.06
2026-07-09 12:27:05,lht65-02,52.25,5.97326,2.994,27.63,63.0,25.12
2026-07-09 12:37:05,lht65-02,52.25,5.97326,2.992,28.85,71.9,25.18
2026-07-09 12:47:05,lht65-02,52.25,5.97326,2.948,30.33,67.4,25.25
2026-07-09 12:57:05,lht65-02,52.25,5.97326,2.992,29.54,54.3,25.31
2026-07-09 13:07:05,lht65-02,52.25,5.97326,2.994,28.65,55.2,25.37
2026-07-09 13:17:05,lht65-02,52.25,5.97326,2.975,28.47,57.1,25.43
2026-07-09 13:27:05,lht65-02,52.25,5.97326,2.987,30.4,71.8,25.5
2026-07-09 13:37:05,lht65-02,52.25,5.97326,2.994,29.88,52.4,25.56
2026-07-09 13:47:05,lht65-02,52.25,5.97326,2.994,29.89,54.4,25.62
2026-07-09 13:57:04,lht65-02,52.25,5.97326,2.991,30.4,53.1,25.68
2026-07-09 14:07:05,lht65-02,52.25,5.97326,2.989,30.83,59.2,25.81
2026-07-09 14:17:05,lht65-02,52.25,5.97326,2.89,31.94,52.0,25.87
2026-07-09 14:27:05,lht65-02,52.25,5.97326,3.005,31.11,49.5,26.0
2026-07-09 14:37:05,lht65-02,52.25,5.97326,3.005,30.39,50.6,26.12
2026-07-09 14:47:04,lht65-02,52.25,5.97326,3.005,30.46,62.7,26.25
2026-07-09 14:57:04,lht65-02,52.25,5.97326,3.005,31.7,48.5,26.31
2026-07-09 15:07:04,lht65-02,52.25,5.97326,3.005,30.34,50.9,26.37
2026-07-09 15:17:04,lht65-02,52.25,5.97326,3.005,28.56,55.3,26.43
2026-07-09 15:27:04,lht65-02,52.25,5.97326,3.005,29.34,63.2,26.5
2026-07-09 15:37:04,lht65-02,52.25,5.97326,3.005,30.48,62.2,26.56
2026-07-09 15:57:04,lht65-02,52.25,5.97326,3.001,28.5,53.4,26.56
2026-07-09 16:27:04,lht65-02,52.25,5.97326,3.001,30.2,67.4,26.56
2026-07-09 16:37:04,lht65-02,52.25,5.97326,3.001,29.04,54.7,26.56
2026-07-09 16:47:04,lht65-02,52.25,5.97326,3.0,27.89,57.6,26.56
2026-07-09 16:57:04,lht65-02,52.25,5.97326,2.98,26.78,60.6,26.56
2026-07-09 17:07:04,lht65-02,52.25,5.97326,2.985,26.74,69.3,26.56
2026-07-09 17:17:04,lht65-02,52.25,5.97326,2.907,26.9,71.3,26.5
2026-07-09 17:27:04,lht65-02,52.25,5.97326,2.921,26.98,72.1,26.5
2026-07-09 17:37:04,lht65-02,52.25,5.97326,2.914,26.9,71.4,26.43
2026-07-09 17:47:04,lht65-02,52.25,5.97326,2.941,26.68,73.2,26.43
2026-07-09 17:57:04,lht65-02,52.25,5.97326,2.921,26.44,71.8,26.37
2026-07-09 18:07:04,lht65-02,52.25,5.97326,2.917,26.22,75.1,26.31
2026-07-09 18:17:04,lht65-02,52.25,5.97326,2.897,25.88,75.2,26.25
2026-07-09 18:27:04,lht65-02,52.25,5.97326,2.897,25.49,76.0,26.18
2026-07-09 18:37:04,lht65-02,52.25,5.97326,2.889,25.14,77.1,26.12
2026-07-09 18:47:04,lht65-02,52.25,5.97326,2.895,24.75,78.5,26.06
2026-07-09 18:57:04,lht65-02,52.25,5.97326,2.832,24.36,79.5,26.0
2026-07-09 19:07:07,lht65-02,52.25,5.97326,2.809,23.88,79.7,25.93
2026-07-09 19:17:04,lht65-02,52.25,5.97326,2.841,23.34,80.5,25.87
2026-07-09 19:27:04,lht65-02,52.25,5.97326,2.861,22.78,81.5,25.81
2026-07-09 19:37:04,lht65-02,52.25,5.97326,2.844,22.26,82.8,25.75
2026-07-09 19:47:04,lht65-02,52.25,5.97326,2.882,21.71,83.6,25.68
2026-07-09 19:57:04,lht65-02,52.25,5.97326,2.871,21.14,84.5,25.56
2026-07-09 20:07:04,lht65-02,52.25,5.97326,2.854,20.56,85.1,25.5
2026-07-09 20:17:04,lht65-02,52.25,5.97326,2.797,19.88,84.9,25.37
2026-07-09 20:27:04,lht65-02,52.25,5.97326,2.876,19.43,85.3,25.31
2026-07-09 20:37:04,lht65-02,52.25,5.97326,2.876,18.96,86.2,25.18
2026-07-09 20:47:04,lht65-02,52.25,5.97326,2.857,18.48,86.4,25.06
2026-07-09 20:57:04,lht65-02,52.25,5.97326,2.832,18.02,87.6,25.0
2026-07-09 21:07:09,lht65-02,52.25,5.97326,2.948,17.73,87.6,24.93
2026-07-09 21:17:04,lht65-02,52.25,5.97326,2.998,17.38,88.3,24.81
2026-07-09 21:27:04,lht65-02,52.25,5.97326,2.992,17.09,88.6,24.68
2026-07-09 21:37:04,lht65-02,52.25,5.97326,2.998,16.84,89.2,24.62
2026-07-09 21:47:04,lht65-02,52.25,5.97326,3.009,16.54,89.3,24.5
2026-07-09 21:57:04,lht65-02,52.25,5.97326,3.007,16.32,90.1,24.43
2026-07-09 22:07:04,lht65-02,52.25,5.97326,3.007,16.19,91.2,24.31
2026-07-09 22:17:04,lht65-02,52.25,5.97326,3.005,16.08,91.3,24.18
2026-07-09 22:27:04,lht65-02,52.25,5.97326,3.007,15.97,91.6,24.12
2026-07-09 22:37:04,lht65-02,52.25,5.97326,3.007,15.94,92.1,24.0
2026-07-09 22:47:04,lht65-02,52.25,5.97326,3.007,15.85,92.1,23.93
2026-07-09 22:57:04,lht65-02,52.25,5.97326,3.007,15.68,91.7,23.81
2026-07-09 23:07:04,lht65-02,52.25,5.97326,3.005,15.58,91.8,23.75
2026-07-09 23:17:04,lht65-02,52.25,5.97326,3.009,15.48,92.1,23.62
2026-07-09 23:27:04,lht65-02,52.25,5.97326,3.007,15.35,92.4,23.56
2026-07-09 23:37:04,lht65-02,52.25,5.97326,3.005,15.18,92.0,23.43
2026-07-09 23:47:04,lht65-02,52.25,5.97326,3.005,14.99,91.9,23.37
2026-07-09 23:57:03,lht65-02,52.25,5.97326,2.998,14.92,92.9,23.31
2026-07-10 00:07:04,lht65-02,52.25,5.97326,3.0,14.85,93.3,23.25
2026-07-10 00:17:07,lht65-02,52.25,5.97326,3.0,14.71,92.8,23.12
2026-07-10 00:27:04,lht65-02,52.25,5.97326,2.991,14.58,92.8,23.06
2026-07-10 00:37:03,lht65-02,52.25,5.97326,2.996,14.43,92.7,23.0
2026-07-10 00:47:03,lht65-02,52.25,5.97326,2.996,14.31,93.0,22.93
2026-07-10 00:57:03,lht65-02,52.25,5.97326,2.996,14.31,93.1,22.81
2026-07-10 01:07:03,lht65-02,52.25,5.97326,2.994,14.19,93.0,22.75
2026-07-10 01:17:03,lht65-02,52.25,5.97326,2.994,14.04,93.1,22.68
2026-07-10 01:27:03,lht65-02,52.25,5.97326,2.992,13.95,93.3,22.62
2026-07-10 01:37:03,lht65-02,52.25,5.97326,2.994,13.86,93.4,22.56
2026-07-10 01:47:03,lht65-02,52.25,5.97326,2.994,13.75,93.4,22.5
2026-07-10 01:57:03,lht65-02,52.25,5.97326,2.992,13.66,93.4,22.43
2026-07-10 02:07:03,lht65-02,52.25,5.97326,2.994,13.57,93.5,22.31
2026-07-10 02:17:03,lht65-02,52.25,5.97326,2.991,13.47,93.5,22.25
2026-07-10 02:27:03,lht65-02,52.25,5.97326,2.987,13.41,93.6,22.18
2026-07-10 02:37:03,lht65-02,52.25,5.97326,2.991,13.33,93.6,22.12
2026-07-10 02:47:03,lht65-02,52.25,5.97326,2.991,13.24,93.7,22.06
2026-07-10 02:57:06,lht65-02,52.25,5.97326,2.991,13.21,93.9,22.0
2026-07-10 03:07:03,lht65-02,52.25,5.97326,2.991,13.19,94.3,21.93
2026-07-10 03:17:03,lht65-02,52.25,5.97326,2.991,13.21,94.7,21.87
2026-07-10 03:27:03,lht65-02,52.25,5.97326,2.992,13.23,95.3,21.81
2026-07-10 03:37:03,lht65-02,52.25,5.97326,2.991,13.29,95.8,21.75
2026-07-10 03:47:03,lht65-02,52.25,5.97326,2.992,13.39,96.4,21.68
2026-07-10 03:57:03,lht65-02,52.25,5.97326,2.992,13.57,97.3,21.62
2026-07-10 04:07:03,lht65-02,52.25,5.97326,2.994,13.78,98.4,21.56
2026-07-10 04:17:03,lht65-02,52.25,5.97326,3.001,14.05,98.9,21.56
2026-07-10 04:27:03,lht65-02,52.25,5.97326,2.996,14.31,99.3,21.5
2026-07-10 04:37:03,lht65-02,52.25,5.97326,2.985,14.69,100.0,21.43
2026-07-10 04:47:03,lht65-02,52.25,5.97326,2.994,15.23,100.0,21.43
2026-07-10 04:57:03,lht65-02,52.25,5.97326,2.994,15.76,100.0,21.37
2026-07-10 05:07:03,lht65-02,52.25,5.97326,2.996,16.28,100.0,21.37
2026-07-10 05:17:03,lht65-02,52.25,5.97326,3.0,16.78,100.0,21.37
2026-07-10 05:27:03,lht65-02,52.25,5.97326,2.998,17.22,100.0,21.37
2026-07-10 05:37:03,lht65-02,52.25,5.97326,2.998,17.64,100.0,21.31
2026-07-10 05:47:03,lht65-02,52.25,5.97326,2.998,18.0,100.0,21.31
2026-07-10 05:57:03,lht65-02,52.25,5.97326,3.001,18.38,100.0,21.31
2026-07-10 06:07:03,lht65-02,52.25,5.97326,3.005,18.73,100.0,21.37
2026-07-10 06:17:03,lht65-02,52.25,5.97326,3.001,19.05,100.0,21.37
2026-07-10 06:37:03,lht65-02,52.25,5.97326,3.0,19.69,100.0,21.37
2026-07-10 06:47:03,lht65-02,52.25,5.97326,3.001,19.97,100.0,21.43
2026-07-10 06:57:03,lht65-02,52.25,5.97326,3.0,20.37,98.6,21.43
2026-07-10 07:07:07,lht65-02,52.25,5.97326,3.003,20.84,98.7,21.5
2026-07-10 07:17:03,lht65-02,52.25,5.97326,3.005,21.25,97.5,21.5
2026-07-10 07:27:03,lht65-02,52.25,5.97326,3.005,21.74,97.8,21.56
2026-07-10 07:37:05,lht65-02,52.25,5.97326,3.005,22.58,98.1,21.56
2026-07-10 07:47:03,lht65-02,52.25,5.97326,3.016,23.25,95.4,21.62
2026-07-10 07:57:03,lht65-02,52.25,5.97326,2.985,24.05,95.9,21.68
2026-07-10 08:07:03,lht65-02,52.25,5.97326,3.012,25.09,95.7,21.75
2026-07-10 08:17:03,lht65-02,52.25,5.97326,3.014,26.38,95.8,21.81
2026-07-10 08:27:03,lht65-02,52.25,5.97326,3.007,28.91,92.8,21.87
2026-07-10 08:37:03,lht65-02,52.25,5.97326,3.01,30.61,69.8,22.0
2026-07-10 08:47:03,lht65-02,52.25,5.97326,3.014,30.82,64.5,22.18
2026-07-10 08:57:03,lht65-02,52.25,5.97326,3.007,31.34,65.9,22.31
2026-07-10 09:07:03,lht65-02,52.25,5.97326,2.921,32.33,63.9,22.43
2026-07-10 09:17:03,lht65-02,52.25,5.97326,2.987,30.07,53.9,22.68
2026-07-10 09:27:07,lht65-02,52.25,5.97326,3.009,28.9,58.6,22.87
2026-07-10 09:37:03,lht65-02,52.25,5.97326,3.009,28.48,59.0,23.0
2026-07-10 09:47:03,lht65-02,52.25,5.97326,3.009,30.07,68.8,23.18
2026-07-10 09:57:03,lht65-02,52.25,5.97326,3.005,31.16,55.8,23.37
2026-07-10 10:07:02,lht65-02,52.25,5.97326,3.009,29.82,56.3,23.56
2026-07-10 10:17:03,lht65-02,52.25,5.97326,3.009,29.35,57.1,23.75
2026-07-10 10:27:02,lht65-02,52.25,5.97326,3.009,29.86,68.3,23.93
2026-07-10 10:37:03,lht65-02,52.25,5.97326,2.98,31.85,52.5,24.06
2026-07-10 10:47:03,lht65-02,52.25,5.97326,3.005,30.81,54.2,24.31
2026-07-10 10:57:02,lht65-02,52.25,5.97326,3.005,30.34,54.9,24.43
2026-07-10 11:07:03,lht65-02,52.25,5.97326,3.005,30.43,58.3,24.62
2026-07-10 11:17:04,lht65-02,52.25,5.97326,2.764,32.52,57.5,24.68
2026-07-10 11:27:02,lht65-02,52.25,5.97326,2.998,31.74,51.9,24.87
2026-07-10 11:37:02,lht65-02,52.25,5.97326,3.003,30.98,53.0,25.0
2026-07-10 11:47:03,lht65-02,52.25,5.97326,3.005,30.83,51.4,25.12
2026-07-10 11:57:02,lht65-02,52.25,5.97326,3.005,30.82,51.7,25.25
2026-07-10 12:07:02,lht65-02,52.25,5.97326,3.005,30.79,55.1,25.37
2026-07-10 12:17:02,lht65-02,52.25,5.97326,3.007,30.9,53.9,25.5
2026-07-10 12:27:03,lht65-02,52.25,5.97326,3.005,31.13,55.4,25.62
2026-07-10 12:37:02,lht65-02,52.25,5.97326,3.005,31.16,52.5,25.75
2026-07-10 12:47:02,lht65-02,52.25,5.97326,3.009,30.83,51.3,25.87
2026-07-10 12:57:02,lht65-02,52.25,5.97326,3.009,31.15,50.8,26.0
2026-07-10 13:07:02,lht65-02,52.25,5.97326,3.007,31.41,53.2,26.18
2026-07-10 13:17:02,lht65-02,52.25,5.97326,3.009,31.28,51.4,26.31
2026-07-10 13:27:02,lht65-02,52.25,5.97326,3.007,31.57,52.0,26.43
2026-07-10 13:37:02,lht65-02,52.25,5.97326,3.007,31.9,53.4,26.62
2026-07-10 13:47:02,lht65-02,52.25,5.97326,3.005,31.85,49.3,26.81
2026-07-10 13:57:02,lht65-02,52.25,5.97326,3.007,31.25,56.3,26.93
2026-07-10 14:07:02,lht65-02,52.25,5.97326,3.005,31.28,50.9,27.06
2026-07-10 14:17:02,lht65-02,52.25,5.97326,3.009,31.29,50.4,27.18
2026-07-10 14:27:02,lht65-02,52.25,5.97326,3.009,30.69,51.9,27.25
2026-07-10 14:37:02,lht65-02,52.25,5.97326,3.005,31.44,57.7,27.37
2026-07-10 14:47:02,lht65-02,52.25,5.97326,2.806,32.76,48.3,27.37
2026-07-10 14:57:02,lht65-02,52.25,5.97326,2.934,32.21,49.1,27.5
2026-07-10 15:07:02,lht65-02,52.25,5.97326,2.917,32.08,49.9,27.5
2026-07-10 15:17:02,lht65-02,52.25,5.97326,2.774,31.41,47.9,27.56
2026-07-10 15:27:03,lht65-02,52.25,5.97326,3.012,30.29,50.6,27.62
2026-07-10 15:37:02,lht65-02,52.25,5.97326,3.001,31.7,58.0,27.62
2026-07-10 15:47:02,lht65-02,52.25,5.97326,3.009,31.42,46.5,27.68
2026-07-10 15:57:02,lht65-02,52.25,5.97326,2.985,30.64,52.0,27.68
2026-07-10 16:07:02,lht65-02,52.25,5.97326,2.959,29.93,53.0,27.68
2026-07-10 16:17:02,lht65-02,52.25,5.97326,2.996,30.04,57.6,27.68
2026-07-10 16:27:02,lht65-02,52.25,5.97326,2.996,30.07,59.3,27.68
2026-07-10 16:37:02,lht65-02,52.25,5.97326,3.001,30.41,59.8,27.62
2026-07-10 16:47:02,lht65-02,52.25,5.97326,2.998,30.35,57.9,27.62
2026-07-10 16:57:02,lht65-02,52.25,5.97326,3.0,29.75,59.8,27.62
2026-07-10 17:07:02,lht65-02,52.25,5.97326,3.016,29.09,59.2,27.56
2026-07-10 17:17:02,lht65-02,52.25,5.97326,3.014,28.29,62.9,27.56
2026-07-10 17:27:02,lht65-02,52.25,5.97326,2.996,27.73,68.7,27.5
2026-07-10 17:37:02,lht65-02,52.25,5.97326,2.968,27.43,71.2,27.43
2026-07-10 17:47:02,lht65-02,52.25,5.97326,2.982,27.16,71.6,27.37
2026-07-10 17:57:05,lht65-02,52.25,5.97326,2.955,26.92,72.3,27.31
2026-07-10 18:07:02,lht65-02,52.25,5.97326,3.009,26.67,73.7,27.18
2026-07-10 18:17:02,lht65-02,52.25,5.97326,3.021,26.32,73.6,27.12
2026-07-10 18:27:02,lht65-02,52.25,5.97326,3.021,26.0,73.0,27.06
2026-07-10 18:37:02,lht65-02,52.25,5.97326,3.014,25.66,74.8,26.93
2026-07-10 18:47:02,lht65-02,52.25,5.97326,2.973,25.32,76.1,26.87
2026-07-10 18:57:02,lht65-02,52.25,5.97326,2.998,24.97,77.8,26.81
2026-07-10 19:07:02,lht65-02,52.25,5.97326,2.996,24.57,78.7,26.68
2026-07-10 19:17:02,lht65-02,52.25,5.97326,2.983,24.17,79.6,26.62
2026-07-10 19:27:01,lht65-02,52.25,5.97326,2.983,23.77,80.3,26.5
2026-07-10 19:37:02,lht65-02,52.25,5.97326,2.987,23.34,81.1,26.43
2026-07-10 19:47:01,lht65-02,52.25,5.97326,2.976,22.82,82.2,26.37
2026-07-10 19:57:02,lht65-02,52.25,5.97326,2.991,22.32,83.7,26.25
2026-07-10 20:07:06,lht65-02,52.25,5.97326,2.976,21.83,83.2,26.18
2026-07-10 20:17:01,lht65-02,52.25,5.97326,2.991,21.23,83.1,26.06
2026-07-10 20:27:01,lht65-02,52.25,5.97326,2.966,20.73,83.8,26.0
2026-07-10 20:37:01,lht65-02,52.25,5.97326,2.985,20.34,85.0,25.87
2026-07-10 20:47:02,lht65-02,52.25,5.97326,2.989,20.06,86.0,25.81
2026-07-10 20:57:01,lht65-02,52.25,5.97326,2.991,19.86,86.8,25.68
2026-07-10 21:07:01,lht65-02,52.25,5.97326,2.98,19.7,87.6,25.56
2026-07-10 21:17:01,lht65-02,52.25,5.97326,2.982,19.52,88.1,25.5
2026-07-10 21:27:01,lht65-02,52.25,5.97326,2.987,19.31,88.5,25.37
2026-07-10 21:37:01,lht65-02,52.25,5.97326,2.991,19.15,89.0,25.31
2026-07-10 21:47:01,lht65-02,52.25,5.97326,2.978,19.0,89.4,25.18
2026-07-10 21:57:02,lht65-02,52.25,5.97326,2.985,18.88,89.8,25.12
2026-07-10 22:07:05,lht65-02,52.25,5.97326,3.005,18.77,90.2,25.0
2026-07-10 22:17:05,lht65-02,52.25,5.97326,2.952,18.63,90.3,24.93
2026-07-10 22:27:01,lht65-02,52.25,5.97326,2.991,18.48,90.5,24.87
2026-07-10 22:37:01,lht65-02,52.25,5.97326,2.943,18.39,90.9,24.75
2026-07-10 22:47:01,lht65-02,52.25,5.97326,2.976,18.26,91.1,24.68
2026-07-10 22:57:01,lht65-02,52.25,5.97326,2.998,18.16,91.4,24.62
2026-07-10 23:07:01,lht65-02,52.25,5.97326,2.991,18.04,91.7,24.5
2026-07-10 23:17:05,lht65-02,52.25,5.97326,2.95,17.96,91.7,24.43
2026-07-10 23:27:01,lht65-02,52.25,5.97326,2.973,17.86,92.2,24.37
2026-07-10 23:37:01,lht65-02,52.25,5.97326,2.739,17.75,92.2,24.25
2026-07-10 23:47:01,lht65-02,52.25,5.97326,2.969,17.67,92.5,24.18
2026-07-10 23:57:01,lht65-02,52.25,5.97326,2.962,17.62,92.8,24.12
2026-07-11 00:07:07,lht65-02,52.25,5.97326,2.959,17.55,93.0,24.06
2026-07-11 00:17:01,lht65-02,52.25,5.97326,2.959,17.5,92.7,24.0
2026-07-11 00:27:01,lht65-02,52.25,5.97326,2.962,17.42,92.7,23.93
2026-07-11 00:37:01,lht65-02,52.25,5.97326,2.94,17.31,92.7,23.87
2026-07-11 00:47:07,lht65-02,52.25,5.97326,2.983,17.17,92.9,23.81
2026-07-11 00:57:01,lht65-02,52.25,5.97326,2.991,17.09,93.1,23.75
2026-07-11 01:07:01,lht65-02,52.25,5.97326,2.991,17.05,93.4,23.68
2026-07-11 01:17:01,lht65-02,52.25,5.97326,2.991,16.95,93.8,23.62
2026-07-11 01:27:01,lht65-02,52.25,5.97326,2.998,16.85,94.1,23.56
2026-07-11 01:37:01,lht65-02,52.25,5.97326,3.016,16.76,94.4,23.5
2026-07-11 01:47:07,lht65-02,52.25,5.97326,2.998,16.68,94.8,23.37
2026-07-11 01:57:01,lht65-02,52.25,5.97326,2.996,16.66,95.7,23.37
2026-07-11 02:07:01,lht65-02,52.25,5.97326,2.996,16.72,97.5,23.31
2026-07-11 02:17:01,lht65-02,52.25,5.97326,2.998,16.73,98.9,23.25
2026-07-11 02:27:01,lht65-02,52.25,5.97326,2.998,16.77,100.0,23.18
2026-07-11 02:37:01,lht65-02,52.25,5.97326,2.996,16.83,100.0,23.12
2026-07-11 02:47:01,lht65-02,52.25,5.97326,2.998,16.86,100.0,23.06
2026-07-11 02:57:01,lht65-02,52.25,5.97326,2.996,16.81,100.0,23.0
2026-07-11 03:07:01,lht65-02,52.25,5.97326,3.0,16.78,100.0,23.0
2026-07-11 03:17:01,lht65-02,52.25,5.97326,3.001,16.79,100.0,22.93
2026-07-11 03:27:01,lht65-02,52.25,5.97326,3.001,16.8,100.0,22.87
2026-07-11 03:37:01,lht65-02,52.25,5.97326,3.001,16.83,100.0,22.81
2026-07-11 03:47:01,lht65-02,52.25,5.97326,2.998,16.96,100.0,22.81
2026-07-11 03:57:01,lht65-02,52.25,5.97326,3.0,17.11,100.0,22.75
2026-07-11 04:07:01,lht65-02,52.25,5.97326,2.998,17.35,100.0,22.68
2026-07-11 04:17:01,lht65-02,52.25,5.97326,2.998,17.51,100.0,22.68
2026-07-11 04:27:03,lht65-02,52.25,5.97326,3.001,17.68,100.0,22.62
2026-07-11 04:37:01,lht65-02,52.25,5.97326,2.998,17.87,100.0,22.62
2026-07-11 04:47:01,lht65-02,52.25,5.97326,3.001,18.02,100.0,22.56
2026-07-11 04:57:01,lht65-02,52.25,5.97326,3.0,18.19,100.0,22.56
2026-07-11 05:07:01,lht65-02,52.25,5.97326,3.0,18.36,100.0,22.56
2026-07-11 05:17:01,lht65-02,52.25,5.97326,3.001,18.58,100.0,22.5
2026-07-11 05:27:01,lht65-02,52.25,5.97326,3.005,18.85,100.0,22.5
2026-07-11 05:37:00,lht65-02,52.25,5.97326,3.001,19.08,100.0,22.5
2026-07-11 05:47:01,lht65-02,52.25,5.97326,3.001,19.29,100.0,22.43
2026-07-11 05:57:00,lht65-02,52.25,5.97326,3.001,19.51,100.0,22.43
2026-07-11 06:07:00,lht65-02,52.25,5.97326,3.001,19.73,100.0,22.43
2026-07-11 06:17:00,lht65-02,52.25,5.97326,3.0,19.86,100.0,22.43
2026-07-11 06:27:01,lht65-02,52.25,5.97326,3.001,20.02,100.0,22.43
2026-07-11 06:37:01,lht65-02,52.25,5.97326,3.001,20.35,100.0,22.43
2026-07-11 06:47:01,lht65-02,52.25,5.97326,3.001,20.77,100.0,22.43
2026-07-11 06:57:00,lht65-02,52.25,5.97326,3.001,21.09,100.0,22.5
2026-07-11 07:07:01,lht65-02,52.25,5.97326,3.001,21.42,100.0,22.5
2026-07-11 07:17:00,lht65-02,52.25,5.97326,3.003,21.84,99.9,22.5
2026-07-11 07:27:00,lht65-02,52.25,5.97326,3.0,22.29,99.5,22.5
2026-07-11 07:37:01,lht65-02,52.25,5.97326,3.001,22.63,98.1,22.56
2026-07-11 07:47:00,lht65-02,52.25,5.97326,3.001,23.01,97.5,22.56
2026-07-11 07:57:00,lht65-02,52.25,5.97326,3.001,23.25,95.8,22.62
2026-07-11 08:07:00,lht65-02,52.25,5.97326,3.001,23.5,95.4,22.62
2026-07-11 08:17:00,lht65-02,52.25,5.97326,3.001,22.41,79.0,22.68
2026-07-11 08:27:02,lht65-02,52.25,5.97326,3.001,21.46,80.5,22.68
2026-07-11 08:37:00,lht65-02,52.25,5.97326,3.001,21.19,83.2,22.75
2026-07-11 08:47:01,lht65-02,52.25,5.97326,3.001,21.69,90.0,22.75
2026-07-11 08:57:00,lht65-02,52.25,5.97326,3.005,22.84,92.5,22.81
2026-07-11 09:07:00,lht65-02,52.25,5.97326,3.005,24.1,93.5,22.81
2026-07-11 09:17:00,lht65-02,52.25,5.97326,3.005,24.94,83.2,22.87
2026-07-11 09:27:00,lht65-02,52.25,5.97326,3.005,23.6,75.1,22.87
2026-07-11 09:37:00,lht65-02,52.25,5.97326,3.005,22.72,77.5,22.93
2026-07-11 09:47:00,lht65-02,52.25,5.97326,3.003,22.44,80.0,23.0
2026-07-11 09:57:00,lht65-02,52.25,5.97326,3.001,23.5,86.9,23.0
2026-07-11 10:07:00,lht65-02,52.25,5.97326,3.003,25.46,87.2,23.06
2026-07-11 10:17:01,lht65-02,52.25,5.97326,3.005,27.31,83.2,23.12
2026-07-11 10:27:00,lht65-02,52.25,5.97326,3.005,26.71,67.5,23.18
2026-07-11 10:37:00,lht65-02,52.25,5.97326,3.001,26.75,68.0,23.25
2026-07-11 10:47:00,lht65-02,52.25,5.97326,3.005,27.07,66.8,23.31
2026-07-11 10:57:00,lht65-02,52.25,5.97326,3.005,27.48,78.5,23.43
2026-07-11 11:07:00,lht65-02,52.25,5.97326,3.005,29.31,70.6,23.56
2026-07-11 11:17:00,lht65-02,52.25,5.97326,3.005,29.19,62.3,23.68
2026-07-11 11:27:00,lht65-02,52.25,5.97326,3.005,28.48,62.0,23.81
2026-07-11 11:37:00,lht65-02,52.25,5.97326,3.005,28.59,67.7,23.93
2026-07-11 11:47:00,lht65-02,52.25,5.97326,3.0,31.05,72.8,24.06
2026-07-11 11:57:00,lht65-02,52.25,5.97326,2.998,31.15,58.9,24.18
2026-07-11 12:07:00,lht65-02,52.25,5.97326,3.005,30.76,61.0,24.37
2026-07-11 12:17:00,lht65-02,52.25,5.97326,3.005,30.3,59.9,24.5
2026-07-11 12:27:00,lht65-02,52.25,5.97326,3.005,30.03,59.5,24.68
2026-07-11 12:37:05,lht65-02,52.25,5.97326,3.005,30.33,59.7,24.81
2026-07-11 12:47:00,lht65-02,52.25,5.97326,3.003,30.61,59.0,24.93
2026-07-11 12:57:00,lht65-02,52.25,5.97326,3.005,30.56,60.5,25.12
2026-07-11 13:07:00,lht65-02,52.25,5.97326,3.001,31.02,57.1,25.31
2026-07-11 13:17:00,lht65-02,52.25,5.97326,2.998,30.83,57.4,25.5
2026-07-11 13:27:00,lht65-02,52.25,5.97326,3.001,31.13,57.2,25.68
2026-07-11 13:37:00,lht65-02,52.25,5.97326,2.897,31.63,56.2,25.87
2026-07-11 13:47:00,lht65-02,52.25,5.97326,3.016,31.61,56.1,26.12
2026-07-11 13:57:00,lht65-02,52.25,5.97326,2.98,31.6,55.6,26.25
2026-07-11 14:07:00,lht65-02,52.25,5.97326,3.019,31.75,55.7,26.5
2026-07-11 14:17:00,lht65-02,52.25,5.97326,3.021,31.53,55.8,26.62
2026-07-11 14:27:01,lht65-02,52.25,5.97326,3.019,31.84,57.3,26.75
2026-07-11 14:37:00,lht65-02,52.25,5.97326,3.019,31.81,54.8,26.87
2026-07-11 14:47:00,lht65-02,52.25,5.97326,3.019,31.79,54.2,27.0
2026-07-11 14:57:00,lht65-02,52.25,5.97326,3.019,31.77,56.9,27.06
2026-07-11 15:07:00,lht65-02,52.25,5.97326,3.019,31.7,56.1,27.12
2026-07-11 15:17:00,lht65-02,52.25,5.97326,3.019,31.16,56.7,27.18
2026-07-11 15:26:59,lht65-02,52.25,5.97326,3.019,31.15,55.4,27.25
2026-07-11 15:37:00,lht65-02,52.25,5.97326,3.019,31.01,56.3,27.31
2026-07-11 15:47:00,lht65-02,52.25,5.97326,3.019,30.73,55.4,27.31
2026-07-11 15:57:00,lht65-02,52.25,5.97326,3.019,30.44,56.7,27.37
2026-07-11 16:07:00,lht65-02,52.25,5.97326,3.019,30.43,57.2,27.37
2026-07-11 16:17:00,lht65-02,52.25,5.97326,3.019,30.26,62.3,27.37
2026-07-11 16:26:59,lht65-02,52.25,5.97326,3.019,30.83,55.9,27.37
2026-07-11 16:36:59,lht65-02,52.25,5.97326,3.019,30.2,55.4,27.37
2026-07-11 16:47:02,lht65-02,52.25,5.97326,3.019,29.8,58.1,27.37
2026-07-11 16:56:59,lht65-02,52.25,5.97326,3.019,29.42,61.3,27.37
2026-07-11 17:06:59,lht65-02,52.25,5.97326,3.018,29.16,65.6,27.37
2026-07-11 17:16:59,lht65-02,52.25,5.97326,3.016,28.81,66.4,27.31
2026-07-11 17:26:59,lht65-02,52.25,5.97326,3.018,28.33,66.6,27.25
2026-07-11 17:36:59,lht65-02,52.25,5.97326,3.016,27.95,69.2,27.25
2026-07-11 17:47:00,lht65-02,52.25,5.97326,3.016,27.67,70.2,27.18
2026-07-11 17:56:59,lht65-02,52.25,5.97326,3.016,27.44,72.4,27.12
2026-07-11 18:06:59,lht65-02,52.25,5.97326,3.018,27.16,72.5,27.06
2026-07-11 18:16:59,lht65-02,52.25,5.97326,3.019,26.9,72.9,27.0
2026-07-11 18:26:59,lht65-02,52.25,5.97326,3.014,26.64,74.6,26.87
2026-07-11 18:37:01,lht65-02,52.25,5.97326,3.012,26.35,76.0,26.81
2026-07-11 18:46:59,lht65-02,52.25,5.97326,2.978,26.05,76.3,26.75
2026-07-11 18:56:59,lht65-02,52.25,5.97326,2.983,25.75,76.4,26.68
2026-07-11 19:06:59,lht65-02,52.25,5.97326,2.987,25.43,76.5,26.56
2026-07-11 19:16:59,lht65-02,52.25,5.97326,2.989,25.17,77.4,26.5
2026-07-11 19:26:59,lht65-02,52.25,5.97326,2.985,24.78,78.5,26.43
2026-07-11 19:36:59,lht65-02,52.25,5.97326,2.978,24.4,80.4,26.37
2026-07-11 19:46:59,lht65-02,52.25,5.97326,2.975,23.94,81.4,26.31
2026-07-11 19:56:59,lht65-02,52.25,5.97326,3.016,23.45,82.3,26.25
2026-07-11 20:06:59,lht65-02,52.25,5.97326,3.016,22.95,80.7,26.12
2026-07-11 20:16:59,lht65-02,52.25,5.97326,3.016,22.59,80.8,26.06
2026-07-11 20:26:59,lht65-02,52.25,5.97326,3.014,22.32,81.5,26.0
2026-07-11 20:36:59,lht65-02,52.25,5.97326,3.014,22.05,82.2,25.87
2026-07-11 20:46:59,lht65-02,52.25,5.97326,3.016,21.73,84.1,25.81
2026-07-11 20:57:00,lht65-02,52.25,5.97326,3.01,21.38,85.1,25.75
2026-07-11 21:07:04,lht65-02,52.25,5.97326,3.012,21.06,85.8,25.62
2026-07-11 21:16:59,lht65-02,52.25,5.97326,3.012,20.72,86.2,25.56
2026-07-11 21:26:59,lht65-02,52.25,5.97326,3.009,20.4,87.1,25.5
2026-07-11 21:36:59,lht65-02,52.25,5.97326,3.009,20.13,87.9,25.37
2026-07-11 21:46:59,lht65-02,52.25,5.97326,3.01,19.86,88.4,25.31
2026-07-11 21:56:59,lht65-02,52.25,5.97326,3.009,19.84,88.6,25.18
2026-07-11 22:06:59,lht65-02,52.25,5.97326,2.996,19.62,89.2,25.12
2026-07-11 22:16:59,lht65-02,52.25,5.97326,3.009,19.46,89.2,25.06
2026-07-11 22:26:59,lht65-02,52.25,5.97326,3.007,19.3,89.4,24.93
2026-07-11 22:36:59,lht65-02,52.25,5.97326,3.012,19.16,89.9,24.87
2026-07-11 22:46:59,lht65-02,52.25,5.97326,3.005,19.04,90.0,24.81
2026-07-11 22:56:59,lht65-02,52.25,5.97326,3.005,18.9,90.2,24.75
2026-07-11 23:06:59,lht65-02,52.25,5.97326,3.012,18.77,90.4,24.62
2026-07-11 23:17:03,lht65-02,52.25,5.97326,3.009,18.63,90.7,24.56
2026-07-11 23:26:59,lht65-02,52.25,5.97326,3.01,18.48,90.9,24.5
2026-07-11 23:36:59,lht65-02,52.25,5.97326,3.001,18.35,91.1,24.43
2026-07-11 23:46:59,lht65-02,52.25,5.97326,3.003,18.22,91.4,24.31
2026-07-11 23:56:59,lht65-02,52.25,5.97326,3.009,18.1,91.7,24.25
2026-07-12 00:06:59,lht65-02,52.25,5.97326,3.0,18.0,91.9,24.18
2026-07-12 00:16:59,lht65-02,52.25,5.97326,2.983,17.86,92.0,24.12
2026-07-12 00:26:59,lht65-02,52.25,5.97326,2.98,17.73,92.1,24.06
2026-07-12 00:36:59,lht65-02,52.25,5.97326,2.991,17.6,92.3,24.0
2026-07-12 00:46:59,lht65-02,52.25,5.97326,2.975,17.44,92.2,23.93
2026-07-12 00:56:59,lht65-02,52.25,5.97326,2.992,17.32,92.3,23.81
2026-07-12 01:06:59,lht65-02,52.25,5.97326,2.987,17.21,92.5,23.81
2026-07-12 01:17:03,lht65-02,52.25,5.97326,3.0,17.09,92.6,23.75
2026-07-12 01:26:59,lht65-02,52.25,5.97326,3.0,17.02,92.6,23.68
2026-07-12 01:36:59,lht65-02,52.25,5.97326,2.991,16.94,92.8,23.62
2026-07-12 01:46:59,lht65-02,52.25,5.97326,3.001,16.87,92.6,23.56
2026-07-12 01:56:58,lht65-02,52.25,5.97326,3.001,16.79,92.6,23.5
2026-07-12 02:06:59,lht65-02,52.25,5.97326,3.001,16.68,92.7,23.43
2026-07-12 02:16:59,lht65-02,52.25,5.97326,2.987,16.59,92.8,23.31
2026-07-12 02:26:58,lht65-02,52.25,5.97326,2.998,16.51,92.9,23.31
2026-07-12 02:36:58,lht65-02,52.25,5.97326,3.001,16.43,93.0,23.25
2026-07-12 02:46:59,lht65-02,52.25,5.97326,3.005,16.34,93.0,23.18
2026-07-12 02:57:01,lht65-02,52.25,5.97326,3.009,16.24,93.1,23.12
2026-07-12 03:06:59,lht65-02,52.25,5.97326,3.005,16.15,93.3,23.06
2026-07-12 03:16:58,lht65-02,52.25,5.97326,3.009,16.08,93.8,23.0
2026-07-12 03:26:58,lht65-02,52.25,5.97326,3.009,16.06,94.6,22.93
2026-07-12 03:36:58,lht65-02,52.25,5.97326,3.009,16.06,95.3,22.87
2026-07-12 03:46:58,lht65-02,52.25,5.97326,3.009,16.2,97.0,22.81
2026-07-12 03:56:58,lht65-02,52.25,5.97326,3.01,16.39,99.1,22.81
2026-07-12 04:06:58,lht65-02,52.25,5.97326,3.009,16.66,100.0,22.75
2026-07-12 04:16:58,lht65-02,52.25,5.97326,3.01,16.94,100.0,22.68
2026-07-12 04:26:58,lht65-02,52.25,5.97326,3.01,17.21,100.0,22.62
2026-07-12 04:36:58,lht65-02,52.25,5.97326,3.009,17.47,100.0,22.62
2026-07-12 04:47:02,lht65-02,52.25,5.97326,3.01,17.72,100.0,22.56
2026-07-12 04:56:58,lht65-02,52.25,5.97326,3.01,17.99,100.0,22.56
2026-07-12 05:06:58,lht65-02,52.25,5.97326,3.012,18.34,100.0,22.5
2026-07-12 05:16:58,lht65-02,52.25,5.97326,3.01,18.8,100.0,22.5
2026-07-12 05:27:01,lht65-02,52.25,5.97326,3.009,19.29,100.0,22.5
2026-07-12 05:36:59,lht65-02,52.25,5.97326,3.01,20.04,100.0,22.5
2026-07-12 05:46:58,lht65-02,52.25,5.97326,3.01,20.87,100.0,22.5
2026-07-12 05:56:58,lht65-02,52.25,5.97326,3.012,21.77,100.0,22.5
2026-07-12 06:06:58,lht65-02,52.25,5.97326,3.01,22.73,98.9,22.5
2026-07-12 06:17:00,lht65-02,52.25,5.97326,3.01,23.66,96.4,22.56
2026-07-12 06:26:58,lht65-02,52.25,5.97326,3.01,24.54,92.6,22.56
2026-07-12 06:36:58,lht65-02,52.25,5.97326,3.01,25.31,89.8,22.62
2026-07-12 06:46:58,lht65-02,52.25,5.97326,3.01,26.01,89.0,22.68
2026-07-12 06:56:58,lht65-02,52.25,5.97326,3.01,27.01,87.7,22.75
2026-07-12 07:06:58,lht65-02,52.25,5.97326,3.01,27.87,87.1,22.81
2026-07-12 07:16:58,lht65-02,52.25,5.97326,3.009,28.93,84.0,22.87
2026-07-12 07:26:58,lht65-02,52.25,5.97326,3.009,29.6,77.9,23.0
2026-07-12 07:36:58,lht65-02,52.25,5.97326,3.005,30.08,75.4,23.12
2026-07-12 07:46:58,lht65-02,52.25,5.97326,3.009,30.83,69.6,23.25
2026-07-12 07:56:58,lht65-02,52.25,5.97326,3.005,31.36,70.9,23.37
2026-07-12 08:06:58,lht65-02,52.25,5.97326,3.001,31.78,68.2,23.5
2026-07-12 08:16:58,lht65-02,52.25,5.97326,2.98,32.2,57.7,23.62
2026-07-12 08:26:58,lht65-02,52.25,5.97326,3.007,30.04,53.4,23.81
2026-07-12 08:36:58,lht65-02,52.25,5.97326,3.009,28.62,57.7,23.87
2026-07-12 08:46:58,lht65-02,52.25,5.97326,3.012,27.8,62.6,24.06
2026-07-12 08:56:58,lht65-02,52.25,5.97326,3.012,29.65,75.3,24.18
2026-07-12 09:06:58,lht65-02,52.25,5.97326,3.016,30.13,57.7,24.25
2026-07-12 09:16:58,lht65-02,52.25,5.97326,3.014,29.61,56.5,24.37
2026-07-12 09:27:01,lht65-02,52.25,5.97326,3.012,29.04,56.4,24.5
2026-07-12 09:36:58,lht65-02,52.25,5.97326,3.012,30.6,71.6,24.62
2026-07-12 09:46:58,lht65-02,52.25,5.97326,2.964,31.73,50.4,24.75
2026-07-12 09:56:58,lht65-02,52.25,5.97326,3.012,30.48,54.3,24.87
2026-07-12 10:06:58,lht65-02,52.25,5.97326,2.996,30.22,55.0,25.06
2026-07-12 10:16:58,lht65-02,52.25,5.97326,3.009,29.85,53.8,25.18
2026-07-12 10:26:58,lht65-02,52.25,5.97326,3.019,30.32,54.2,25.37
2026-07-12 10:36:58,lht65-02,52.25,5.97326,3.014,30.83,54.2,25.5
2026-07-12 10:46:58,lht65-02,52.25,5.97326,3.001,31.44,51.5,25.62
2026-07-12 10:56:57,lht65-02,52.25,5.97326,2.857,32.09,50.5,25.62
2026-07-12 11:06:58,lht65-02,52.25,5.97326,2.992,31.92,49.8,25.81
2026-07-12 11:16:57,lht65-02,52.25,5.97326,2.966,31.59,50.6,26.0
2026-07-12 11:26:57,lht65-02,52.25,5.97326,3.019,31.97,49.9,26.12
2026-07-12 11:36:58,lht65-02,52.25,5.97326,2.899,32.85,45.6,26.18
2026-07-12 11:46:58,lht65-02,52.25,5.97326,2.994,32.74,44.6,26.31
2026-07-12 11:56:57,lht65-02,52.25,5.97326,2.952,32.44,47.0,26.37
2026-07-12 12:06:58,lht65-02,52.25,5.97326,2.955,32.17,48.8,26.5
2026-07-12 12:16:57,lht65-02,52.25,5.97326,2.948,31.31,48.3,26.62
2026-07-12 12:26:57,lht65-02,52.25,5.97326,2.948,30.83,49.1,26.75
2026-07-12 12:36:57,lht65-02,52.25,5.97326,3.018,30.85,49.6,26.81
2026-07-12 12:46:57,lht65-02,52.25,5.97326,3.019,30.82,47.5,26.87
2026-07-12 12:56:57,lht65-02,52.25,5.97326,3.019,31.15,46.3,26.93
2026-07-12 13:06:57,lht65-02,52.25,5.97326,3.019,31.74,48.1,27.0
2026-07-12 13:16:57,lht65-02,52.25,5.97326,3.019,31.34,42.5,27.12
2026-07-12 13:26:57,lht65-02,52.25,5.97326,3.019,31.23,44.3,27.18
2026-07-12 13:36:57,lht65-02,52.25,5.97326,3.019,31.11,46.4,27.31
2026-07-12 13:46:57,lht65-02,52.25,5.97326,3.019,31.46,46.3,27.37
2026-07-12 13:56:57,lht65-02,52.25,5.97326,3.019,31.6,48.2,27.5
2026-07-12 14:06:57,lht65-02,52.25,5.97326,3.018,32.0,44.2,27.56
2026-07-12 14:16:58,lht65-02,52.25,5.97326,3.018,31.92,45.2,27.62
2026-07-12 14:26:57,lht65-02,52.25,5.97326,3.019,32.15,42.3,27.75
2026-07-12 14:36:57,lht65-02,52.25,5.97326,3.019,32.07,42.9,27.81
2026-07-12 14:46:58,lht65-02,52.25,5.97326,3.018,32.14,41.2,27.87
2026-07-12 14:56:58,lht65-02,52.25,5.97326,3.018,31.32,39.0,27.93
2026-07-12 15:06:58,lht65-02,52.25,5.97326,3.019,30.49,38.8,28.0
2026-07-12 15:16:57,lht65-02,52.25,5.97326,3.018,30.7,49.1,28.0
2026-07-12 15:26:57,lht65-02,52.25,5.97326,3.019,30.61,39.3,28.06
2026-07-12 15:36:57,lht65-02,52.25,5.97326,3.018,29.94,39.5,28.06
2026-07-12 15:46:57,lht65-02,52.25,5.97326,3.019,29.67,38.4,28.06
2026-07-12 15:56:57,lht65-02,52.25,5.97326,3.019,29.49,46.5,28.0
2026-07-12 16:06:57,lht65-02,52.25,5.97326,3.019,30.43,51.1,28.0
2026-07-12 16:16:57,lht65-02,52.25,5.97326,3.019,29.52,40.8,28.0
2026-07-12 16:26:57,lht65-02,52.25,5.97326,3.021,28.94,41.6,27.93
2026-07-12 16:36:57,lht65-02,52.25,5.97326,3.021,28.69,43.0,27.93
2026-07-12 16:46:57,lht65-02,52.25,5.97326,3.021,28.84,51.6,27.93
2026-07-12 16:56:57,lht65-02,52.25,5.97326,3.019,28.86,52.5,27.87
2026-07-12 17:06:57,lht65-02,52.25,5.97326,3.019,28.19,52.5,27.81
2026-07-12 17:16:57,lht65-02,52.25,5.97326,3.019,27.78,58.7,27.81
2026-07-12 17:26:57,lht65-02,52.25,5.97326,3.021,27.35,61.6,27.75
2026-07-12 17:36:57,lht65-02,52.25,5.97326,3.021,26.87,64.8,27.68
2026-07-12 17:46:57,lht65-02,52.25,5.97326,3.019,26.44,64.1,27.62
2026-07-12 17:56:57,lht65-02,52.25,5.97326,3.019,26.05,65.1,27.56
2026-07-12 18:06:57,lht65-02,52.25,5.97326,3.019,25.66,64.9,27.43
2026-07-12 18:16:57,lht65-02,52.25,5.97326,3.019,25.32,67.8,27.37
2026-07-12 18:26:57,lht65-02,52.25,5.97326,3.016,24.92,67.0,27.25
2026-07-12 18:36:57,lht65-02,52.25,5.97326,3.0,24.54,68.6,27.18
2026-07-12 18:46:57,lht65-02,52.25,5.97326,3.01,24.15,68.8,27.06
2026-07-12 18:56:57,lht65-02,52.25,5.97326,3.009,23.75,71.3,27.0
2026-07-12 19:06:57,lht65-02,52.25,5.97326,3.019,23.27,72.3,26.93
2026-07-12 19:16:57,lht65-02,52.25,5.97326,3.019,22.87,74.8,26.81
2026-07-12 19:26:57,lht65-02,52.25,5.97326,3.019,22.41,77.1,26.68
2026-07-12 19:36:57,lht65-02,52.25,5.97326,3.021,21.89,78.4,26.62
2026-07-12 19:46:57,lht65-02,52.25,5.97326,3.019,21.34,79.6,26.5
2026-07-12 19:56:57,lht65-02,52.25,5.97326,3.019,20.8,81.0,26.43
2026-07-12 20:06:57,lht65-02,52.25,5.97326,3.019,20.29,80.3,26.31
2026-07-12 20:16:57,lht65-02,52.25,5.97326,3.019,19.84,80.0,26.18
2026-07-12 20:26:57,lht65-02,52.25,5.97326,3.019,19.28,81.3,26.06
2026-07-12 20:36:56,lht65-02,52.25,5.97326,3.019,18.8,81.4,26.0
2026-07-12 20:46:56,lht65-02,52.25,5.97326,3.009,18.35,82.0,25.87
2026-07-12 20:56:56,lht65-02,52.25,5.97326,2.978,17.99,83.1,25.75
2026-07-12 21:06:57,lht65-02,52.25,5.97326,3.016,17.65,83.6,25.62
2026-07-12 21:16:57,lht65-02,52.25,5.97326,2.998,17.35,84.2,25.56
2026-07-12 21:26:57,lht65-02,52.25,5.97326,3.001,17.09,85.1,25.43
2026-07-12 21:36:56,lht65-02,52.25,5.97326,3.009,16.83,85.6,25.31
2026-07-12 21:46:56,lht65-02,52.25,5.97326,3.009,16.63,86.1,25.25
2026-07-12 21:56:56,lht65-02,52.25,5.97326,3.005,16.44,86.5,25.06
2026-07-12 22:06:57,lht65-02,52.25,5.97326,3.012,16.31,86.8,25.0
2026-07-12 22:16:56,lht65-02,52.25,5.97326,3.01,16.15,87.3,24.87
2026-07-12 22:26:56,lht65-02,52.25,5.97326,3.001,16.02,87.5,24.81
2026-07-12 22:36:56,lht65-02,52.25,5.97326,3.007,15.9,87.9,24.68
2026-07-12 22:46:56,lht65-02,52.25,5.97326,3.009,15.74,87.8,24.56
2026-07-12 22:56:57,lht65-02,52.25,5.97326,3.012,15.58,88.1,24.5
2026-07-12 23:07:02,lht65-02,52.25,5.97326,2.983,15.41,88.3,24.37
2026-07-12 23:16:56,lht65-02,52.25,5.97326,3.007,15.28,88.8,24.31
2026-07-12 23:26:56,lht65-02,52.25,5.97326,3.007,15.15,88.9,24.18
2026-07-12 23:36:56,lht65-02,52.25,5.97326,2.994,15.0,89.2,24.12
2026-07-12 23:46:56,lht65-02,52.25,5.97326,3.007,14.84,89.2,24.06
2026-07-12 23:56:56,lht65-02,52.25,5.97326,3.007,14.65,89.0,23.93
2026-07-13 00:06:56,lht65-02,52.25,5.97326,3.0,14.4,88.6,23.87
2026-07-13 00:16:56,lht65-02,52.25,5.97326,3.0,14.31,88.9,23.75
2026-07-13 00:26:56,lht65-02,52.25,5.97326,3.001,14.11,89.1,23.68
2026-07-13 00:36:56,lht65-02,52.25,5.97326,3.007,13.97,89.4,23.56
2026-07-13 00:46:56,lht65-02,52.25,5.97326,3.0,13.81,89.2,23.5
2026-07-13 00:56:56,lht65-02,52.25,5.97326,3.005,13.68,89.3,23.43
2026-07-13 01:06:56,lht65-02,52.25,5.97326,3.009,13.55,89.5,23.31
2026-07-13 01:16:56,lht65-02,52.25,5.97326,3.005,13.42,89.4,23.25
2026-07-13 01:26:56,lht65-02,52.25,5.97326,2.973,13.31,89.6,23.18
2026-07-13 01:36:56,lht65-02,52.25,5.97326,3.005,13.26,90.1,23.06
2026-07-13 01:46:57,lht65-02,52.25,5.97326,3.001,13.27,90.8,23.0
2026-07-13 01:56:56,lht65-02,52.25,5.97326,3.0,13.25,91.0,22.93
2026-07-13 02:06:56,lht65-02,52.25,5.97326,2.998,13.21,90.8,22.87
2026-07-13 02:16:56,lht65-02,52.25,5.97326,3.0,13.1,90.6,22.75
2026-07-13 02:26:56,lht65-02,52.25,5.97326,3.001,13.02,90.7,22.68
2026-07-13 02:36:56,lht65-02,52.25,5.97326,2.996,12.97,90.9,22.62
2026-07-13 02:46:57,lht65-02,52.25,5.97326,2.998,12.92,90.7,22.56
2026-07-13 02:56:57,lht65-02,52.25,5.97326,3.0,12.82,91.0,22.5
2026-07-13 03:06:56,lht65-02,52.25,5.97326,2.996,12.83,91.6,22.43
2026-07-13 03:16:56,lht65-02,52.25,5.97326,3.0,12.84,91.7,22.37
2026-07-13 03:26:56,lht65-02,52.25,5.97326,3.0,12.78,91.3,22.25
2026-07-13 03:36:56,lht65-02,52.25,5.97326,2.998,12.69,91.1,22.25
2026-07-13 03:46:56,lht65-02,52.25,5.97326,2.791,12.65,91.2,22.06
2026-07-13 03:56:57,lht65-02,52.25,5.97326,2.994,12.8,92.5,22.06
2026-07-13 04:06:58,lht65-02,52.25,5.97326,2.996,13.21,94.9,22.0
2026-07-13 04:16:56,lht65-02,52.25,5.97326,2.998,13.75,98.5,21.93
2026-07-13 04:26:56,lht65-02,52.25,5.97326,2.998,14.31,100.0,21.93
2026-07-13 04:36:56,lht65-02,52.25,5.97326,2.998,14.84,100.0,21.87
2026-07-13 04:46:56,lht65-02,52.25,5.97326,2.998,15.46,100.0,21.81
2026-07-13 04:56:56,lht65-02,52.25,5.97326,3.003,16.1,100.0,21.81
2026-07-13 05:06:56,lht65-02,52.25,5.97326,3.005,16.68,100.0,21.81
2026-07-13 05:16:56,lht65-02,52.25,5.97326,3.005,17.22,100.0,21.75
2026-07-13 05:26:56,lht65-02,52.25,5.97326,3.009,17.82,100.0,21.75
2026-07-13 05:36:57,lht65-02,52.25,5.97326,3.009,18.4,100.0,21.75
2026-07-13 05:46:56,lht65-02,52.25,5.97326,3.005,18.92,100.0,21.75
2026-07-13 05:56:56,lht65-02,52.25,5.97326,3.009,19.46,100.0,21.81
2026-07-13 06:06:56,lht65-02,52.25,5.97326,3.01,19.92,99.2,21.81
2026-07-13 06:16:56,lht65-02,52.25,5.97326,3.009,20.53,97.2,21.81
2026-07-13 06:27:02,lht65-02,52.25,5.97326,3.01,21.22,96.4,21.87
2026-07-13 06:36:57,lht65-02,52.25,5.97326,3.007,22.2,96.8,21.93
2026-07-13 06:46:57,lht65-02,52.25,5.97326,3.009,23.27,95.9,21.93
2026-07-13 06:56:57,lht65-02,52.25,5.97326,3.014,24.53,93.4,22.0
2026-07-13 07:06:56,lht65-02,52.25,5.97326,3.012,25.97,89.5,22.06
2026-07-13 07:16:56,lht65-02,52.25,5.97326,3.012,27.06,87.6,22.18
2026-07-13 07:26:56,lht65-02,52.25,5.97326,3.005,28.4,85.8,22.31
2026-07-13 07:36:56,lht65-02,52.25,5.97326,2.987,29.53,72.4,22.37
2026-07-13 07:46:55,lht65-02,52.25,5.97326,3.009,29.54,69.9,22.56
2026-07-13 07:56:56,lht65-02,52.25,5.97326,3.007,29.41,71.5,22.62
2026-07-13 08:06:56,lht65-02,52.25,5.97326,3.009,29.52,69.3,22.81
2026-07-13 08:16:55,lht65-02,52.25,5.97326,3.009,29.56,67.5,23.0
2026-07-13 08:26:55,lht65-02,52.25,5.97326,2.998,30.44,69.1,23.12
2026-07-13 08:36:56,lht65-02,52.25,5.97326,3.005,28.47,55.1,23.31
2026-07-13 08:46:55,lht65-02,52.25,5.97326,3.005,27.24,58.4,23.5
2026-07-13 08:56:55,lht65-02,52.25,5.97326,3.005,26.94,58.0,23.62
2026-07-13 09:06:55,lht65-02,52.25,5.97326,3.009,28.86,73.0,23.75
2026-07-13 09:16:55,lht65-02,52.25,5.97326,2.992,30.98,55.0,23.87
2026-07-13 09:26:55,lht65-02,52.25,5.97326,3.007,29.18,51.3,24.0
2026-07-13 09:36:55,lht65-02,52.25,5.97326,3.005,28.64,53.1,24.12
2026-07-13 09:46:56,lht65-02,52.25,5.97326,3.007,28.84,58.9,24.25
2026-07-13 09:56:55,lht65-02,52.25,5.97326,3.007,30.83,60.8,24.37
2026-07-13 10:06:55,lht65-02,52.25,5.97326,2.991,30.2,50.7,24.56
2026-07-13 10:16:55,lht65-02,52.25,5.97326,3.005,29.45,52.3,24.68
2026-07-13 10:26:55,lht65-02,52.25,5.97326,3.007,29.29,56.7,24.87
2026-07-13 10:36:55,lht65-02,52.25,5.97326,2.991,31.27,65.4,25.0
2026-07-13 10:46:55,lht65-02,52.25,5.97326,2.992,30.83,49.2,25.18
2026-07-13 10:56:55,lht65-02,52.25,5.97326,3.001,30.24,49.2,25.31
2026-07-13 11:06:55,lht65-02,52.25,5.97326,3.005,30.04,54.0,25.43
2026-07-13 11:16:55,lht65-02,52.25,5.97326,3.005,30.09,51.4,25.56
2026-07-13 11:26:55,lht65-02,52.25,5.97326,3.005,30.11,51.3,25.68
2026-07-13 11:36:55,lht65-02,52.25,5.97326,3.005,30.29,51.5,25.81
2026-07-13 11:46:55,lht65-02,52.25,5.97326,3.005,30.34,50.2,25.87
2026-07-13 11:56:55,lht65-02,52.25,5.97326,3.005,30.42,50.6,26.0
2026-07-13 12:06:55,lht65-02,52.25,5.97326,3.005,30.83,50.0,26.06
2026-07-13 12:16:55,lht65-02,52.25,5.97326,3.005,30.82,50.1,26.18
2026-07-13 12:26:55,lht65-02,52.25,5.97326,3.007,31.0,47.9,26.31
2026-07-13 12:36:55,lht65-02,52.25,5.97326,3.009,31.21,47.3,26.37
2026-07-13 12:46:55,lht65-02,52.25,5.97326,3.005,31.6,49.5,26.5
2026-07-13 12:56:55,lht65-02,52.25,5.97326,3.005,31.7,43.8,26.62
2026-07-13 13:06:55,lht65-02,52.25,5.97326,3.005,31.6,45.5,26.75
2026-07-13 13:16:55,lht65-02,52.25,5.97326,3.007,31.57,45.1,26.87
2026-07-13 13:26:55,lht65-02,52.25,5.97326,3.007,31.74,44.6,27.0
2026-07-13 13:36:55,lht65-02,52.25,5.97326,2.978,32.37,43.0,27.18
2026-07-13 13:46:55,lht65-02,52.25,5.97326,2.989,32.65,44.1,27.37
2026-07-13 13:56:55,lht65-02,52.25,5.97326,2.931,32.95,43.1,27.5
2026-07-13 14:06:55,lht65-02,52.25,5.97326,3.023,32.63,43.4,27.68
2026-07-13 14:16:55,lht65-02,52.25,5.97326,3.023,32.65,43.8,27.81
2026-07-13 14:26:55,lht65-02,52.25,5.97326,3.023,32.52,42.6,27.93
2026-07-13 14:36:55,lht65-02,52.25,5.97326,3.023,32.47,44.8,28.0
2026-07-13 14:46:55,lht65-02,52.25,5.97326,3.025,32.39,45.4,28.12
2026-07-13 14:56:55,lht65-02,52.25,5.97326,3.023,32.12,44.4,28.12
2026-07-13 15:06:56,lht65-02,52.25,5.97326,3.023,31.99,44.3,28.18
2026-07-13 15:16:55,lht65-02,52.25,5.97326,3.025,31.79,45.6,28.25
2026-07-13 15:26:55,lht65-02,52.25,5.97326,3.023,31.6,43.5,28.25
2026-07-13 15:36:55,lht65-02,52.25,5.97326,3.023,31.61,44.9,28.25
2026-07-13 15:46:55,lht65-02,52.25,5.97326,3.023,31.3,47.5,28.31
2026-07-13 15:56:55,lht65-02,52.25,5.97326,3.023,31.05,48.9,28.25
2026-07-13 16:06:55,lht65-02,52.25,5.97326,3.023,30.83,46.8,28.25
2026-07-13 16:16:55,lht65-02,52.25,5.97326,3.023,30.44,47.8,28.25
2026-07-13 16:26:55,lht65-02,52.25,5.97326,3.023,30.52,53.6,28.25
2026-07-13 16:36:55,lht65-02,52.25,5.97326,3.025,30.82,49.0,28.18
2026-07-13 16:46:55,lht65-02,52.25,5.97326,3.023,30.26,46.9,28.18
2026-07-13 16:56:55,lht65-02,52.25,5.97326,3.023,29.72,49.5,28.12
2026-07-13 17:06:58,lht65-02,52.25,5.97326,3.023,29.16,55.5,28.12
2026-07-13 17:16:55,lht65-02,52.25,5.97326,3.023,28.84,60.6,28.06
2026-07-13 17:26:56,lht65-02,52.25,5.97326,3.023,28.51,61.5,28.0
2026-07-13 17:36:54,lht65-02,52.25,5.97326,3.023,28.08,64.2,27.93
2026-07-13 17:46:55,lht65-02,52.25,5.97326,3.023,27.87,66.5,27.87
2026-07-13 17:56:55,lht65-02,52.25,5.97326,3.023,27.58,68.0,27.81
2026-07-13 18:06:54,lht65-02,52.25,5.97326,3.023,27.31,69.5,27.75
2026-07-13 18:16:55,lht65-02,52.25,5.97326,3.023,27.05,71.1,27.68
2026-07-13 18:26:54,lht65-02,52.25,5.97326,3.023,26.76,71.3,27.56
2026-07-13 18:36:54,lht65-02,52.25,5.97326,3.023,26.48,72.9,27.5
2026-07-13 18:46:55,lht65-02,52.25,5.97326,3.023,26.18,73.1,27.43
2026-07-13 18:56:54,lht65-02,52.25,5.97326,3.023,25.88,75.5,27.31
2026-07-13 19:06:54,lht65-02,52.25,5.97326,3.023,25.57,76.5,27.25
2026-07-13 19:16:54,lht65-02,52.25,5.97326,3.023,25.32,76.2,27.18
2026-07-13 19:26:54,lht65-02,52.25,5.97326,3.023,24.96,74.9,27.06
2026-07-13 19:36:54,lht65-02,52.25,5.97326,3.023,24.53,76.5,27.0
2026-07-13 19:46:55,lht65-02,52.25,5.97326,3.023,23.96,77.9,26.93
2026-07-13 19:56:54,lht65-02,52.25,5.97326,3.023,23.38,79.5,26.81
2026-07-13 20:06:54,lht65-02,52.25,5.97326,3.023,22.93,77.2,26.75
2026-07-13 20:16:54,lht65-02,52.25,5.97326,3.021,22.59,78.7,26.62
2026-07-13 20:26:54,lht65-02,52.25,5.97326,3.023,22.28,79.6,26.56
2026-07-13 20:36:54,lht65-02,52.25,5.97326,3.023,22.03,80.7,26.43
2026-07-13 20:46:54,lht65-02,52.25,5.97326,3.023,21.82,82.0,26.37
2026-07-13 20:56:54,lht65-02,52.25,5.97326,3.021,21.49,83.3,26.31
2026-07-13 21:06:54,lht65-02,52.25,5.97326,3.021,21.16,84.7,26.18
2026-07-13 21:16:54,lht65-02,52.25,5.97326,3.019,20.86,85.5,26.06
2026-07-13 21:26:54,lht65-02,52.25,5.97326,3.021,20.61,86.6,26.0
2026-07-13 21:36:54,lht65-02,52.25,5.97326,3.023,20.4,87.5,25.93
2026-07-13 21:46:54,lht65-02,52.25,5.97326,3.019,20.21,87.9,25.81
2026-07-13 21:56:54,lht65-02,52.25,5.97326,3.019,20.02,88.1,25.75
2026-07-13 22:06:54,lht65-02,52.25,5.97326,3.019,19.86,88.5,25.68
2026-07-13 22:16:54,lht65-02,52.25,5.97326,3.019,19.8,88.6,25.56
2026-07-13 22:26:54,lht65-02,52.25,5.97326,3.019,19.63,89.0,25.5
2026-07-13 22:36:54,lht65-02,52.25,5.97326,3.019,19.48,89.0,25.43
2026-07-13 22:46:54,lht65-02,52.25,5.97326,3.014,19.36,89.5,25.31
2026-07-13 22:56:54,lht65-02,52.25,5.97326,3.016,19.23,89.6,25.18
2026-07-13 23:06:54,lht65-02,52.25,5.97326,3.016,19.1,89.6,25.12
2026-07-13 23:16:54,lht65-02,52.25,5.97326,3.016,18.98,89.8,25.06
2026-07-13 23:26:54,lht65-02,52.25,5.97326,3.016,18.86,90.1,25.0
2026-07-13 23:36:54,lht65-02,52.25,5.97326,3.005,18.74,90.3,24.93
2026-07-13 23:46:54,lht65-02,52.25,5.97326,3.009,18.61,90.3,24.87
2026-07-13 23:56:54,lht65-02,52.25,5.97326,3.007,18.51,90.7,24.75
2026-07-14 00:06:54,lht65-02,52.25,5.97326,3.005,18.43,90.7,24.68
2026-07-14 00:16:54,lht65-02,52.25,5.97326,3.007,18.3,90.9,24.62
2026-07-14 00:26:54,lht65-02,52.25,5.97326,3.009,18.21,91.2,24.56
2026-07-14 00:36:54,lht65-02,52.25,5.97326,3.007,18.14,91.5,24.5
2026-07-14 00:46:54,lht65-02,52.25,5.97326,3.009,18.06,91.5,24.43
2026-07-14 00:56:54,lht65-02,52.25,5.97326,2.983,17.99,91.6,24.37
2026-07-14 01:06:54,lht65-02,52.25,5.97326,3.016,17.91,91.8,24.31
2026-07-14 01:16:54,lht65-02,52.25,5.97326,3.019,17.84,91.9,24.25
2026-07-14 01:26:54,lht65-02,52.25,5.97326,3.014,17.77,92.2,24.12
2026-07-14 01:36:54,lht65-02,52.25,5.97326,3.016,17.71,92.1,24.06
2026-07-14 01:46:54,lht65-02,52.25,5.97326,3.016,17.64,92.2,24.06
2026-07-14 01:56:54,lht65-02,52.25,5.97326,3.016,17.56,92.3,24.0
2026-07-14 02:06:54,lht65-02,52.25,5.97326,3.016,17.6,92.7,23.93
2026-07-14 02:26:54,lht65-02,52.25,5.97326,3.014,17.54,92.0,23.81
2026-07-14 02:36:54,lht65-02,52.25,5.97326,3.016,17.46,92.1,23.75
2026-07-14 02:46:54,lht65-02,52.25,5.97326,3.012,17.38,92.3,23.68
2026-07-14 02:56:53,lht65-02,52.25,5.97326,3.012,17.33,91.8,23.62
2026-07-14 03:06:53,lht65-02,52.25,5.97326,2.982,17.28,91.5,23.56
2026-07-14 03:16:53,lht65-02,52.25,5.97326,3.01,17.18,91.0,23.5
2026-07-14 03:26:53,lht65-02,52.25,5.97326,3.01,17.09,91.4,23.43
2026-07-14 03:36:54,lht65-02,52.25,5.97326,3.01,16.94,91.4,23.37
2026-07-14 03:46:54,lht65-02,52.25,5.97326,3.01,16.84,91.8,23.37
2026-07-14 03:56:54,lht65-02,52.25,5.97326,3.009,16.83,92.3,23.31
2026-07-14 04:06:53,lht65-02,52.25,5.97326,3.012,16.85,92.6,23.25
2026-07-14 04:16:53,lht65-02,52.25,5.97326,3.01,16.87,92.8,23.18
2026-07-14 04:26:53,lht65-02,52.25,5.97326,3.014,16.91,92.8,23.12
2026-07-14 04:36:53,lht65-02,52.25,5.97326,3.01,16.99,92.9,23.12
2026-07-14 04:46:53,lht65-02,52.25,5.97326,3.012,17.08,92.9,23.06
2026-07-14 04:56:53,lht65-02,52.25,5.97326,3.012,17.09,92.7,23.0
2026-07-14 05:06:53,lht65-02,52.25,5.97326,3.014,17.23,92.7,22.93
2026-07-14 05:16:53,lht65-02,52.25,5.97326,3.012,17.53,93.1,22.93
2026-07-14 05:26:53,lht65-02,52.25,5.97326,3.014,18.0,93.7,22.93
2026-07-14 05:36:53,lht65-02,52.25,5.97326,3.01,18.78,94.6,22.87
2026-07-14 05:46:53,lht65-02,52.25,5.97326,3.012,19.72,96.7,22.81
2026-07-14 05:56:53,lht65-02,52.25,5.97326,3.012,20.63,98.1,22.81
2026-07-14 06:06:53,lht65-02,52.25,5.97326,3.012,21.62,96.4,22.81
2026-07-14 06:16:53,lht65-02,52.25,5.97326,3.012,22.59,92.0,22.81
2026-07-14 06:26:53,lht65-02,52.25,5.97326,3.012,23.51,89.6,22.81
2026-07-14 06:36:53,lht65-02,52.25,5.97326,3.012,24.53,87.4,22.87
2026-07-14 06:46:53,lht65-02,52.25,5.97326,3.012,25.54,85.3,22.93
2026-07-14 06:56:53,lht65-02,52.25,5.97326,3.014,26.59,83.4,23.0
2026-07-14 07:06:53,lht65-02,52.25,5.97326,3.012,27.51,81.7,23.06
2026-07-14 07:16:53,lht65-02,52.25,5.97326,3.012,28.33,72.4,23.12
2026-07-14 07:36:53,lht65-02,52.25,5.97326,3.014,27.65,63.2,23.31
2026-07-14 07:46:53,lht65-02,52.25,5.97326,3.014,27.41,64.0,23.43
2026-07-14 07:56:53,lht65-02,52.25,5.97326,3.014,27.48,63.6,23.5
2026-07-14 08:06:53,lht65-02,52.25,5.97326,3.014,27.97,65.4,23.62
2026-07-14 08:16:53,lht65-02,52.25,5.97326,3.016,28.72,61.3,23.75
2026-07-14 08:26:53,lht65-02,52.25,5.97326,3.016,29.04,58.3,23.81
2026-07-14 08:36:53,lht65-02,52.25,5.97326,3.014,29.43,60.4,23.93
2026-07-14 08:46:53,lht65-02,52.25,5.97326,3.016,29.92,60.8,24.12
2026-07-14 08:56:53,lht65-02,52.25,5.97326,3.012,30.68,58.4,24.18
2026-07-14 09:06:53,lht65-02,52.25,5.97326,3.016,30.14,50.4,24.31
2026-07-14 09:16:53,lht65-02,52.25,5.97326,3.016,29.74,49.9,24.43
2026-07-14 09:26:53,lht65-02,52.25,5.97326,3.016,29.92,50.9,24.56
2026-07-14 09:36:53,lht65-02,52.25,5.97326,3.012,30.68,57.9,24.68
2026-07-14 09:46:53,lht65-02,52.25,5.97326,3.005,31.55,47.8,24.81
2026-07-14 09:56:53,lht65-02,52.25,5.97326,3.014,31.26,49.5,24.93
2026-07-14 10:26:53,lht65-02,52.25,5.97326,3.014,31.79,47.9,25.43
2026-07-14 10:36:53,lht65-02,52.25,5.97326,3.012,31.77,48.2,25.62
2026-07-14 10:46:53,lht65-02,52.25,5.97326,3.012,31.66,46.7,25.75
2026-07-14 10:56:53,lht65-02,52.25,5.97326,3.012,31.74,45.3,25.93
2026-07-14 11:06:53,lht65-02,52.25,5.97326,3.012,31.74,44.9,26.06
2026-07-14 11:16:53,lht65-02,52.25,5.97326,3.012,31.8,48.0,26.18
2026-07-14 11:36:53,lht65-02,52.25,5.97326,3.016,32.22,45.2,26.37
2026-07-14 11:46:53,lht65-02,52.25,5.97326,3.019,32.33,45.8,26.5
2026-07-14 11:57:00,lht65-02,52.25,5.97326,3.019,32.48,45.3,26.62
2026-07-14 12:06:53,lht65-02,52.25,5.97326,2.924,32.56,42.4,26.68
2026-07-14 12:16:53,lht65-02,52.25,5.97326,2.996,32.62,42.7,26.81
2026-07-14 12:26:53,lht65-02,52.25,5.97326,2.996,32.91,43.6,26.87
2026-07-14 12:36:53,lht65-02,52.25,5.97326,2.994,33.09,43.0,27.0
2026-07-14 12:46:53,lht65-02,52.25,5.97326,2.994,32.89,41.9,27.12
2026-07-14 12:56:53,lht65-02,52.25,5.97326,2.994,32.65,41.0,27.25
2026-07-14 13:06:53,lht65-02,52.25,5.97326,2.994,32.93,42.4,27.37
2026-07-14 13:16:53,lht65-02,52.25,5.97326,2.998,32.9,41.0,27.5
2026-07-14 13:26:53,lht65-02,52.25,5.97326,3.0,33.19,42.6,27.62
2026-07-14 13:36:53,lht65-02,52.25,5.97326,2.998,33.26,42.5,27.75
2026-07-14 13:46:53,lht65-02,52.25,5.97326,2.948,32.81,40.0,27.87
2026-07-14 13:56:53,lht65-02,52.25,5.97326,2.991,33.11,43.6,28.06
2026-07-14 14:06:53,lht65-02,52.25,5.97326,2.994,33.01,41.4,28.18
2026-07-14 14:16:53,lht65-02,52.25,5.97326,2.996,32.65,41.1,28.25
2026-07-14 14:26:53,lht65-02,52.25,5.97326,2.994,32.34,40.2,28.31
2026-07-14 14:36:53,lht65-02,52.25,5.97326,2.996,32.0,42.5,28.37
2026-07-14 14:46:52,lht65-02,52.25,5.97326,2.994,32.15,43.3,28.43
2026-07-14 14:56:52,lht65-02,52.25,5.97326,2.996,32.09,42.8,28.43
2026-07-14 15:06:52,lht65-02,52.25,5.97326,2.996,31.82,41.5,28.43
2026-07-14 15:16:52,lht65-02,52.25,5.97326,2.994,31.79,42.2,28.43
2026-07-14 15:26:52,lht65-02,52.25,5.97326,2.994,31.92,45.4,28.43
2026-07-14 15:36:52,lht65-02,52.25,5.97326,2.996,31.68,42.1,28.43
2026-07-14 15:46:52,lht65-02,52.25,5.97326,2.994,31.36,41.9,28.37
2026-07-14 15:56:52,lht65-02,52.25,5.97326,2.996,31.02,42.3,28.37
2026-07-14 16:06:52,lht65-02,52.25,5.97326,2.996,30.83,43.3,28.37
2026-07-14 16:16:52,lht65-02,52.25,5.97326,2.994,30.6,45.1,28.31
2026-07-14 16:26:52,lht65-02,52.25,5.97326,2.994,30.14,44.9,28.31
2026-07-14 16:36:52,lht65-02,52.25,5.97326,2.996,29.9,49.2,28.25
2026-07-14 16:46:52,lht65-02,52.25,5.97326,2.994,29.92,47.1,28.18
2026-07-14 16:56:52,lht65-02,52.25,5.97326,2.996,29.08,47.0,28.18
2026-07-14 17:06:52,lht65-02,52.25,5.97326,2.996,28.36,48.7,28.12
2026-07-14 17:16:52,lht65-02,52.25,5.97326,2.996,27.8,53.1,28.06
2026-07-14 17:26:52,lht65-02,52.25,5.97326,2.996,27.6,57.0,28.0
2026-07-14 17:36:52,lht65-02,52.25,5.97326,2.996,27.41,58.3,27.93
2026-07-14 17:46:52,lht65-02,52.25,5.97326,2.994,27.28,60.0,27.87
2026-07-14 17:56:52,lht65-02,52.25,5.97326,2.996,27.05,58.7,27.75
2026-07-14 18:06:52,lht65-02,52.25,5.97326,2.994,26.75,60.6,27.68
2026-07-14 18:16:52,lht65-02,52.25,5.97326,2.994,26.44,62.1,27.56
2026-07-14 18:26:52,lht65-02,52.25,5.97326,2.994,26.11,64.0,27.5
2026-07-14 18:36:52,lht65-02,52.25,5.97326,2.994,25.75,65.3,27.37
2026-07-14 18:46:52,lht65-02,52.25,5.97326,2.991,25.34,67.0,27.31
2026-07-14 18:56:52,lht65-02,52.25,5.97326,2.978,25.09,65.7,27.18
2026-07-14 19:06:52,lht65-02,52.25,5.97326,2.98,24.72,66.4,27.12
2026-07-14 19:16:52,lht65-02,52.25,5.97326,2.976,24.4,68.6,27.0
2026-07-14 19:26:52,lht65-02,52.25,5.97326,2.976,24.05,69.6,26.87
2026-07-14 19:36:52,lht65-02,52.25,5.97326,2.969,23.66,70.4,26.81
2026-07-14 19:46:52,lht65-02,52.25,5.97326,2.976,23.23,71.4,26.68
2026-07-14 19:56:52,lht65-02,52.25,5.97326,2.991,22.78,73.3,26.62
2026-07-14 20:06:52,lht65-02,52.25,5.97326,3.001,22.38,67.1,26.5
2026-07-14 20:16:52,lht65-02,52.25,5.97326,3.001,22.09,71.2,26.43
2026-07-14 20:26:52,lht65-02,52.25,5.97326,2.987,21.99,71.2,26.31
2026-07-14 20:36:52,lht65-02,52.25,5.97326,2.987,21.89,72.2,26.25
2026-07-14 20:46:52,lht65-02,52.25,5.97326,2.969,21.76,73.4,26.12
2026-07-14 20:56:52,lht65-02,52.25,5.97326,2.991,21.64,73.9,26.06
2026-07-14 21:06:52,lht65-02,52.25,5.97326,2.987,21.42,75.9,25.93
2026-07-14 21:16:52,lht65-02,52.25,5.97326,2.991,21.14,77.4,25.81
2026-07-14 21:26:52,lht65-02,52.25,5.97326,2.991,20.92,78.3,25.75
2026-07-14 21:36:52,lht65-02,52.25,5.97326,2.969,20.69,79.0,25.68
2026-07-14 21:46:52,lht65-02,52.25,5.97326,2.969,20.53,79.1,25.56
2026-07-14 21:56:52,lht65-02,52.25,5.97326,2.968,20.4,80.6,25.5
2026-07-14 22:06:52,lht65-02,52.25,5.97326,3.0,20.29,82.0,25.43
2026-07-14 22:16:52,lht65-02,52.25,5.97326,2.983,20.19,83.2,25.31
2026-07-14 22:26:52,lht65-02,52.25,5.97326,3.0,20.11,83.5,25.25
2026-07-14 22:36:52,lht65-02,52.25,5.97326,2.996,20.05,84.4,25.18
2026-07-14 22:46:52,lht65-02,52.25,5.97326,2.996,19.91,85.2,25.12
2026-07-14 22:56:52,lht65-02,52.25,5.97326,2.938,19.86,85.5,25.0
2026-07-14 23:06:52,lht65-02,52.25,5.97326,2.982,19.76,86.3,24.93
2026-07-14 23:16:52,lht65-02,52.25,5.97326,2.978,19.62,87.1,24.87
2026-07-14 23:26:52,lht65-02,52.25,5.97326,2.978,19.47,87.6,24.81
2026-07-14 23:36:51,lht65-02,52.25,5.97326,2.948,19.31,87.4,24.68
2026-07-14 23:46:51,lht65-02,52.25,5.97326,2.98,19.15,87.9,24.68
2026-07-14 23:56:51,lht65-02,52.25,5.97326,2.991,19.0,88.2,24.56
2026-07-15 00:06:51,lht65-02,52.25,5.97326,2.991,18.84,88.2,24.5
2026-07-15 00:16:52,lht65-02,52.25,5.97326,2.982,18.61,88.1,24.43
2026-07-15 00:26:51,lht65-02,52.25,5.97326,2.994,18.44,88.6,24.37
2026-07-15 00:36:52,lht65-02,52.25,5.97326,2.994,18.29,89.2,24.31
2026-07-15 00:46:51,lht65-02,52.25,5.97326,2.983,18.17,89.2,24.25
2026-07-15 00:56:52,lht65-02,52.25,5.97326,2.994,18.0,89.3,24.18
2026-07-15 01:06:51,lht65-02,52.25,5.97326,2.991,17.86,89.5,24.12
2026-07-15 01:16:51,lht65-02,52.25,5.97326,2.948,17.71,89.6,24.06
2026-07-15 01:26:51,lht65-02,52.25,5.97326,3.01,17.54,89.8,24.0
2026-07-15 01:36:51,lht65-02,52.25,5.97326,3.019,17.39,90.1,23.93
2026-07-15 01:46:51,lht65-02,52.25,5.97326,3.018,17.22,90.3,23.87
2026-07-15 01:56:51,lht65-02,52.25,5.97326,3.016,17.09,90.8,23.81
2026-07-15 02:06:51,lht65-02,52.25,5.97326,3.012,17.0,90.7,23.75
2026-07-15 02:16:51,lht65-02,52.25,5.97326,3.012,16.87,90.9,23.68
2026-07-15 02:26:51,lht65-02,52.25,5.97326,3.012,16.78,91.4,23.62
2026-07-15 02:36:51,lht65-02,52.25,5.97326,3.016,16.69,91.7,23.56
2026-07-15 02:46:51,lht65-02,52.25,5.97326,3.014,16.62,91.9,23.5
2026-07-15 02:56:51,lht65-02,52.25,5.97326,2.991,16.52,91.8,23.43
2026-07-15 03:06:51,lht65-02,52.25,5.97326,2.991,16.41,91.9,23.37
2026-07-15 03:16:51,lht65-02,52.25,5.97326,2.994,16.32,91.3,23.31
2026-07-15 03:26:51,lht65-02,52.25,5.97326,2.991,16.29,91.5,23.18
2026-07-15 03:36:51,lht65-02,52.25,5.97326,3.0,16.27,91.4,23.18
2026-07-15 03:46:51,lht65-02,52.25,5.97326,2.998,16.23,91.8,23.12
2026-07-15 03:56:51,lht65-02,52.25,5.97326,2.996,16.22,92.3,23.06
2026-07-15 04:06:51,lht65-02,52.25,5.97326,2.996,16.24,92.6,22.93
2026-07-15 04:16:51,lht65-02,52.25,5.97326,2.998,16.33,92.7,22.93
2026-07-15 04:26:51,lht65-02,52.25,5.97326,3.0,16.54,92.8,22.87
2026-07-15 04:36:51,lht65-02,52.25,5.97326,2.998,16.88,93.0,22.81
2026-07-15 04:46:51,lht65-02,52.25,5.97326,2.998,17.21,93.2,22.75
2026-07-15 04:56:51,lht65-02,52.25,5.97326,2.996,17.6,93.6,22.75
2026-07-15 05:06:51,lht65-02,52.25,5.97326,2.998,18.04,94.5,22.68
2026-07-15 05:16:51,lht65-02,52.25,5.97326,2.998,18.65,95.8,22.68
2026-07-15 05:26:51,lht65-02,52.25,5.97326,2.998,19.34,96.2,22.62
2026-07-15 05:36:51,lht65-02,52.25,5.97326,3.0,20.01,96.1,22.62
2026-07-15 05:46:51,lht65-02,52.25,5.97326,3.0,20.82,95.0,22.62
2026-07-15 05:56:51,lht65-02,52.25,5.97326,3.0,21.6,93.6,22.62
2026-07-15 06:06:51,lht65-02,52.25,5.97326,2.998,22.36,91.7,22.62
2026-07-15 06:16:51,lht65-02,52.25,5.97326,3.0,23.18,90.5,22.68
2026-07-15 06:26:51,lht65-02,52.25,5.97326,2.998,24.04,89.3,22.68
2026-07-15 06:36:51,lht65-02,52.25,5.97326,2.994,25.04,87.7,22.75
2026-07-15 06:46:51,lht65-02,52.25,5.97326,3.0,26.1,86.4,22.81
2026-07-15 06:56:51,lht65-02,52.25,5.97326,2.994,27.23,85.3,22.87
2026-07-15 07:06:51,lht65-02,52.25,5.97326,2.996,28.18,84.7,22.93
2026-07-15 07:16:51,lht65-02,52.25,5.97326,2.998,29.05,79.2,23.0
2026-07-15 07:26:51,lht65-02,52.25,5.97326,3.009,29.45,64.6,23.12
2026-07-15 07:36:51,lht65-02,52.25,5.97326,3.001,29.21,65.9,23.25
2026-07-15 07:46:51,lht65-02,52.25,5.97326,3.001,29.24,62.3,23.37
2026-07-15 07:56:51,lht65-02,52.25,5.97326,3.001,29.28,60.2,23.5
2026-07-15 08:06:51,lht65-02,52.25,5.97326,3.001,29.26,53.6,23.56
2026-07-15 08:16:51,lht65-02,52.25,5.97326,3.003,28.36,52.0,23.68
2026-07-15 08:26:51,lht65-02,52.25,5.97326,3.003,27.85,52.0,23.81
2026-07-15 08:36:51,lht65-02,52.25,5.97326,3.003,27.9,56.3,23.93
2026-07-15 08:46:50,lht65-02,52.25,5.97326,2.996,29.66,61.6,24.0
2026-07-15 08:56:51,lht65-02,52.25,5.97326,2.976,30.83,53.2,24.12
2026-07-15 09:06:51,lht65-02,52.25,5.97326,2.996,30.68,44.8,24.25
2026-07-15 09:16:50,lht65-02,52.25,5.97326,2.996,29.88,43.6,24.37
2026-07-15 09:26:50,lht65-02,52.25,5.97326,2.998,29.49,42.4,24.5
2026-07-15 09:36:50,lht65-02,52.25,5.97326,3.005,30.32,51.1,24.62
2026-07-15 09:46:51,lht65-02,52.25,5.97326,2.991,31.56,42.0,24.75
2026-07-15 09:56:50,lht65-02,52.25,5.97326,2.994,30.82,41.6,24.87
2026-07-15 10:06:50,lht65-02,52.25,5.97326,2.996,30.37,37.6,25.0
2026-07-15 10:16:50,lht65-02,52.25,5.97326,2.998,30.26,39.1,25.12
2026-07-15 10:26:50,lht65-02,52.25,5.97326,3.0,30.2,37.6,25.31
2026-07-15 10:36:50,lht65-02,52.25,5.97326,3.001,30.37,38.5,25.43
2026-07-15 10:46:50,lht65-02,52.25,5.97326,3.001,30.4,40.4,25.56
2026-07-15 10:56:50,lht65-02,52.25,5.97326,3.0,30.55,41.3,25.68
2026-07-15 11:06:51,lht65-02,52.25,5.97326,3.001,30.83,36.2,25.81
2026-07-15 11:16:50,lht65-02,52.25,5.97326,3.001,30.83,38.8,25.87
2026-07-15 11:26:50,lht65-02,52.25,5.97326,3.005,31.34,38.4,26.0
2026-07-15 11:36:50,lht65-02,52.25,5.97326,3.012,30.94,38.9,26.12
2026-07-15 11:46:50,lht65-02,52.25,5.97326,3.012,31.32,38.3,26.18
2026-07-15 11:56:50,lht65-02,52.25,5.97326,3.012,31.27,35.4,26.31
2026-07-15 12:06:50,lht65-02,52.25,5.97326,2.952,31.71,34.9,26.37
2026-07-15 12:16:50,lht65-02,52.25,5.97326,3.001,31.67,33.5,26.5
2026-07-15 12:26:50,lht65-02,52.25,5.97326,3.001,31.94,37.6,26.56
2026-07-15 12:36:50,lht65-02,52.25,5.97326,3.001,32.04,35.7,26.68
2026-07-15 12:46:50,lht65-02,52.25,5.97326,3.005,32.09,35.9,26.81
2026-07-15 13:06:50,lht65-02,52.25,5.97326,3.001,31.93,34.9,27.06
2026-07-15 13:16:50,lht65-02,52.25,5.97326,3.005,32.2,36.9,27.18
2026-07-15 13:26:50,lht65-02,52.25,5.97326,2.835,32.65,33.6,27.31
2026-07-15 13:36:50,lht65-02,52.25,5.97326,3.019,32.5,35.4,27.5
2026-07-15 13:46:50,lht65-02,52.25,5.97326,3.018,32.05,35.9,27.68
2026-07-15 13:56:50,lht65-02,52.25,5.97326,3.016,32.41,36.2,27.81
2026-07-15 14:06:50,lht65-02,52.25,5.97326,3.019,32.07,33.7,27.93
2026-07-15 14:16:50,lht65-02,52.25,5.97326,3.016,30.96,36.2,28.06
2026-07-15 14:26:51,lht65-02,52.25,5.97326,3.016,31.79,37.8,28.18
2026-07-15 14:36:50,lht65-02,52.25,5.97326,2.98,32.26,38.0,28.25
2026-07-15 14:46:50,lht65-02,52.25,5.97326,3.016,32.51,35.3,28.31
2026-07-15 14:56:50,lht65-02,52.25,5.97326,3.016,32.2,35.6,28.31
2026-07-15 15:06:50,lht65-02,52.25,5.97326,3.016,32.26,36.4,28.37
2026-07-15 15:16:50,lht65-02,52.25,5.97326,3.016,31.93,36.9,28.37
2026-07-15 15:26:50,lht65-02,52.25,5.97326,3.018,31.52,36.7,28.37
2026-07-15 15:36:50,lht65-02,52.25,5.97326,3.016,30.72,38.5,28.37
2026-07-15 15:46:50,lht65-02,52.25,5.97326,3.016,30.32,38.8,28.43
2026-07-15 15:56:50,lht65-02,52.25,5.97326,3.018,30.25,39.8,28.43
2026-07-15 16:06:50,lht65-02,52.25,5.97326,3.016,30.17,39.9,28.37
2026-07-15 16:16:50,lht65-02,52.25,5.97326,3.016,29.93,42.6,28.37
2026-07-15 16:26:50,lht65-02,52.25,5.97326,3.016,30.29,41.1,28.31
2026-07-15 16:36:50,lht65-02,52.25,5.97326,3.016,29.88,38.9,28.31
2026-07-15 16:46:50,lht65-02,52.25,5.97326,3.012,29.34,39.7,28.25
2026-07-15 16:56:50,lht65-02,52.25,5.97326,3.016,28.87,40.9,28.25
2026-07-15 17:06:50,lht65-02,52.25,5.97326,3.016,28.68,51.5,28.18
2026-07-15 17:16:50,lht65-02,52.25,5.97326,3.016,28.38,47.4,28.12
2026-07-15 17:26:50,lht65-02,52.25,5.97326,3.016,27.85,48.7,28.06
2026-07-15 17:36:50,lht65-02,52.25,5.97326,3.014,27.57,53.6,28.0
2026-07-15 17:46:50,lht65-02,52.25,5.97326,3.014,27.32,56.2,27.93
2026-07-15 17:56:50,lht65-02,52.25,5.97326,3.014,27.08,57.2,27.81
2026-07-15 18:06:49,lht65-02,52.25,5.97326,3.012,26.79,58.0,27.75
2026-07-15 18:16:50,lht65-02,52.25,5.97326,3.019,26.49,57.9,27.68
2026-07-15 18:26:50,lht65-02,52.25,5.97326,3.021,26.14,59.7,27.56
2026-07-15 18:36:50,lht65-02,52.25,5.97326,3.021,25.79,58.8,27.5
2026-07-15 18:46:50,lht65-02,52.25,5.97326,3.021,25.4,60.2,27.37
2026-07-15 18:56:49,lht65-02,52.25,5.97326,3.023,25.11,62.9,27.31
2026-07-15 19:06:49,lht65-02,52.25,5.97326,3.023,24.66,62.7,27.25
2026-07-15 19:16:49,lht65-02,52.25,5.97326,3.023,24.22,64.7,27.12
2026-07-15 19:26:49,lht65-02,52.25,5.97326,3.023,23.75,64.7,27.06
2026-07-15 19:36:50,lht65-02,52.25,5.97326,3.023,23.24,65.1,26.93
2026-07-15 19:46:49,lht65-02,52.25,5.97326,3.023,22.74,66.4,26.81
2026-07-15 19:56:49,lht65-02,52.25,5.97326,3.023,22.32,70.9,26.75
2026-07-15 20:06:49,lht65-02,52.25,5.97326,3.023,21.89,61.6,26.62
2026-07-15 20:16:49,lht65-02,52.25,5.97326,3.023,21.58,63.6,26.56
2026-07-15 20:26:49,lht65-02,52.25,5.97326,3.021,21.3,68.2,26.43
2026-07-15 20:36:49,lht65-02,52.25,5.97326,3.021,20.95,68.4,26.37
2026-07-15 20:46:49,lht65-02,52.25,5.97326,3.023,20.54,71.6,26.25
2026-07-15 20:56:49,lht65-02,52.25,5.97326,3.023,20.23,74.2,26.12
2026-07-15 21:06:49,lht65-02,52.25,5.97326,3.019,19.91,76.6,26.0
2026-07-15 21:16:49,lht65-02,52.25,5.97326,3.019,19.84,78.2,25.87
2026-07-15 21:26:49,lht65-02,52.25,5.97326,3.016,19.67,79.8,25.81
2026-07-15 21:36:49,lht65-02,52.25,5.97326,3.016,19.54,80.9,25.75
2026-07-15 21:46:49,lht65-02,52.25,5.97326,3.019,19.5,81.0,25.62
2026-07-15 21:56:49,lht65-02,52.25,5.97326,3.016,19.48,82.1,25.5
2026-07-15 22:06:49,lht65-02,52.25,5.97326,3.016,19.46,82.4,25.43
2026-07-15 22:16:49,lht65-02,52.25,5.97326,3.018,19.47,82.3,25.37
2026-07-15 22:26:49,lht65-02,52.25,5.97326,3.016,19.47,83.2,25.25
2026-07-15 22:36:49,lht65-02,52.25,5.97326,3.016,19.47,83.8,25.18
2026-07-15 22:46:49,lht65-02,52.25,5.97326,3.016,19.45,84.4,25.12
2026-07-15 22:56:49,lht65-02,52.25,5.97326,3.012,19.43,85.0,25.0
2026-07-15 23:06:49,lht65-02,52.25,5.97326,3.023,19.38,85.3,25.0
2026-07-15 23:16:49,lht65-02,52.25,5.97326,3.007,19.32,85.4,24.87
2026-07-15 23:26:49,lht65-02,52.25,5.97326,3.016,19.22,85.7,24.81
2026-07-15 23:36:49,lht65-02,52.25,5.97326,3.01,19.06,85.9,24.75
2026-07-15 23:46:49,lht65-02,52.25,5.97326,2.998,18.92,85.9,24.68
2026-07-15 23:56:49,lht65-02,52.25,5.97326,2.948,18.79,86.5,24.62
2026-07-16 00:06:49,lht65-02,52.25,5.97326,2.994,18.61,87.1,24.56
2026-07-16 00:16:49,lht65-02,52.25,5.97326,2.976,18.42,86.9,24.43
2026-07-16 00:26:49,lht65-02,52.25,5.97326,2.962,18.18,85.6,24.43
2026-07-16 00:36:49,lht65-02,52.25,5.97326,2.94,18.0,87.1,24.31
2026-07-16 00:46:49,lht65-02,52.25,5.97326,3.012,17.84,88.0,24.31
2026-07-16 00:56:49,lht65-02,52.25,5.97326,3.009,17.72,88.2,24.25
2026-07-16 01:06:49,lht65-02,52.25,5.97326,3.009,17.64,88.8,24.12
2026-07-16 01:16:49,lht65-02,52.25,5.97326,3.007,17.54,88.6,24.06
2026-07-16 01:26:49,lht65-02,52.25,5.97326,2.945,17.38,88.1,24.0
2026-07-16 01:36:49,lht65-02,52.25,5.97326,2.98,17.26,88.7,23.93
2026-07-16 01:46:49,lht65-02,52.25,5.97326,2.98,17.09,89.1,23.87
2026-07-16 01:56:49,lht65-02,52.25,5.97326,2.976,17.01,89.3,23.81
2026-07-16 02:06:49,lht65-02,52.25,5.97326,2.931,16.83,89.2,23.75
2026-07-16 02:16:49,lht65-02,52.25,5.97326,2.989,16.67,89.4,23.68
2026-07-16 02:26:49,lht65-02,52.25,5.97326,2.992,16.52,89.5,23.62
2026-07-16 02:36:49,lht65-02,52.25,5.97326,2.991,16.41,90.0,23.56
2026-07-16 02:46:49,lht65-02,52.25,5.97326,2.966,16.33,90.3,23.5
2026-07-16 02:56:49,lht65-02,52.25,5.97326,2.987,16.25,90.5,23.43
2026-07-16 03:06:49,lht65-02,52.25,5.97326,2.991,16.17,90.8,23.37
2026-07-16 03:16:49,lht65-02,52.25,5.97326,2.994,16.15,91.2,23.31
2026-07-16 03:26:49,lht65-02,52.25,5.97326,2.998,16.17,91.8,23.25
2026-07-16 03:36:49,lht65-02,52.25,5.97326,2.996,16.17,92.1,23.18
2026-07-16 03:46:49,lht65-02,52.25,5.97326,2.998,16.24,92.7,23.12
2026-07-16 03:56:49,lht65-02,52.25,5.97326,2.996,16.29,93.0,23.06
2026-07-16 04:06:49,lht65-02,52.25,5.97326,2.998,16.39,93.3,23.0
2026-07-16 04:16:48,lht65-02,52.25,5.97326,2.998,16.48,93.4,23.0
2026-07-16 04:26:49,lht65-02,52.25,5.97326,3.0,16.57,93.6,22.93
2026-07-16 04:36:48,lht65-02,52.25,5.97326,3.0,16.69,93.7,22.87
2026-07-16 04:46:48,lht65-02,52.25,5.97326,2.998,16.84,93.7,22.81
2026-07-16 04:56:48,lht65-02,52.25,5.97326,3.0,17.0,93.6,22.81
2026-07-16 05:06:48,lht65-02,52.25,5.97326,3.001,17.17,93.6,22.75
2026-07-16 05:16:48,lht65-02,52.25,5.97326,3.005,17.51,93.8,22.68
2026-07-16 05:26:48,lht65-02,52.25,5.97326,3.001,17.87,93.9,22.68
2026-07-16 05:36:48,lht65-02,52.25,5.97326,3.003,18.2,93.7,22.62
2026-07-16 05:46:48,lht65-02,52.25,5.97326,3.001,18.66,93.7,22.62
2026-07-16 05:56:48,lht65-02,52.25,5.97326,3.005,19.25,94.0,22.62
2026-07-16 06:06:48,lht65-02,52.25,5.97326,3.001,19.86,93.6,22.62
2026-07-16 06:16:48,lht65-02,52.25,5.97326,3.001,20.27,92.8,22.62
2026-07-16 06:26:48,lht65-02,52.25,5.97326,3.001,20.67,92.0,22.62
2026-07-16 06:36:48,lht65-02,52.25,5.97326,3.005,20.98,91.9,22.62
2026-07-16 06:46:48,lht65-02,52.25,5.97326,3.001,21.22,91.6,22.62
2026-07-16 06:56:48,lht65-02,52.25,5.97326,3.001,21.39,91.4,22.62
2026-07-16 07:06:48,lht65-02,52.25,5.97326,3.003,21.56,91.4,22.68
2026-07-16 07:16:48,lht65-02,52.25,5.97326,3.001,21.69,91.2,22.68
2026-07-16 07:26:48,lht65-02,52.25,5.97326,3.001,21.79,90.6,22.75
2026-07-16 07:36:48,lht65-02,52.25,5.97326,3.005,21.77,90.1,22.75
2026-07-16 07:46:48,lht65-02,52.25,5.97326,3.001,21.88,90.5,22.75
2026-07-16 07:56:48,lht65-02,52.25,5.97326,3.005,22.28,91.0,22.75
2026-07-16 08:06:48,lht65-02,52.25,5.97326,3.001,22.65,90.4,22.75
2026-07-16 08:16:48,lht65-02,52.25,5.97326,3.005,22.86,89.4,22.81
2026-07-16 08:26:48,lht65-02,52.25,5.97326,3.001,22.95,89.0,22.81
2026-07-16 08:36:48,lht65-02,52.25,5.97326,3.001,23.17,89.5,22.87
2026-07-16 08:46:48,lht65-02,52.25,5.97326,3.003,23.57,90.2,22.87
2026-07-16 08:56:48,lht65-02,52.25,5.97326,3.005,24.06,90.0,22.93
2026-07-16 09:06:48,lht65-02,52.25,5.97326,3.003,24.56,89.5,22.93
2026-07-16 09:16:48,lht65-02,52.25,5.97326,3.005,25.06,89.0,23.0
2026-07-16 09:26:48,lht65-02,52.25,5.97326,3.001,25.46,88.5,23.06
2026-07-16 09:36:48,lht65-02,52.25,5.97326,3.001,26.09,88.6,23.06
2026-07-16 09:46:48,lht65-02,52.25,5.97326,3.005,26.79,88.3,23.12
2026-07-16 09:56:48,lht65-02,52.25,5.97326,2.996,27.67,88.0,23.18
2026-07-16 10:06:48,lht65-02,52.25,5.97326,3.005,28.01,76.3,23.25
2026-07-16 10:16:48,lht65-02,52.25,5.97326,3.001,28.2,78.3,23.37
2026-07-16 10:26:48,lht65-02,52.25,5.97326,2.998,28.61,78.7,23.43
2026-07-16 10:36:48,lht65-02,52.25,5.97326,2.996,29.52,79.2,23.5
2026-07-16 10:46:48,lht65-02,52.25,5.97326,3.0,30.18,61.9,23.62
2026-07-16 10:56:48,lht65-02,52.25,5.97326,2.998,28.38,59.4,23.75
2026-07-16 11:06:48,lht65-02,52.25,5.97326,3.0,27.22,63.3,23.81
2026-07-16 11:16:48,lht65-02,52.25,5.97326,3.0,26.86,66.5,23.93
2026-07-16 11:26:48,lht65-02,52.25,5.97326,2.998,28.02,76.4,24.06
2026-07-16 11:36:48,lht65-02,52.25,5.97326,2.998,29.73,75.8,24.12
2026-07-16 11:46:48,lht65-02,52.25,5.97326,3.005,29.93,57.3,24.18
2026-07-16 11:56:48,lht65-02,52.25,5.97326,3.019,28.92,57.8,24.31
2026-07-16 12:06:48,lht65-02,52.25,5.97326,3.019,29.0,57.0,24.43
2026-07-16 12:16:48,lht65-02,52.25,5.97326,3.019,29.34,68.9,24.56
2026-07-16 12:26:48,lht65-02,52.25,5.97326,3.019,30.11,63.8,24.62
2026-07-16 12:36:48,lht65-02,52.25,5.97326,3.019,29.41,54.9,24.75
2026-07-16 12:46:48,lht65-02,52.25,5.97326,3.019,28.08,57.6,24.87
2026-07-16 12:56:48,lht65-02,52.25,5.97326,3.014,27.66,58.6,24.93
2026-07-16 13:06:48,lht65-02,52.25,5.97326,3.014,28.27,69.8,25.0
2026-07-16 13:16:48,lht65-02,52.25,5.97326,3.01,29.63,70.1,25.06
2026-07-16 13:26:48,lht65-02,52.25,5.97326,2.998,29.98,56.3,25.12
2026-07-16 13:36:48,lht65-02,52.25,5.97326,2.996,28.8,56.7,25.18
2026-07-16 13:46:48,lht65-02,52.25,5.97326,3.001,28.69,61.3,25.31
2026-07-16 13:56:47,lht65-02,52.25,5.97326,2.992,29.86,69.4,25.31
2026-07-16 14:06:48,lht65-02,52.25,5.97326,2.959,31.65,54.8,25.43
2026-07-16 14:16:48,lht65-02,52.25,5.97326,2.991,30.57,52.9,25.5
2026-07-16 14:26:48,lht65-02,52.25,5.97326,2.991,29.97,55.2,25.62
2026-07-16 14:36:47,lht65-02,52.25,5.97326,2.992,30.1,61.1,25.68
2026-07-16 14:46:47,lht65-02,52.25,5.97326,2.955,32.04,50.0,25.81
2026-07-16 14:56:47,lht65-02,52.25,5.97326,2.992,31.23,49.0,25.87
2026-07-16 15:06:47,lht65-02,52.25,5.97326,2.991,29.81,52.7,26.0
2026-07-16 15:16:47,lht65-02,52.25,5.97326,2.992,28.97,59.1,26.06
2026-07-16 15:26:47,lht65-02,52.25,5.97326,3.019,29.0,67.6,26.12
2026-07-16 15:36:47,lht65-02,52.25,5.97326,3.019,29.29,70.4,26.18
2026-07-16 15:46:47,lht65-02,52.25,5.97326,3.019,29.57,69.3,26.18
2026-07-16 15:56:47,lht65-02,52.25,5.97326,3.019,29.51,67.6,26.25
2026-07-16 16:06:47,lht65-02,52.25,5.97326,3.019,29.64,68.7,26.25
2026-07-16 16:16:47,lht65-02,52.25,5.97326,2.991,29.46,67.9,26.25
2026-07-16 16:26:47,lht65-02,52.25,5.97326,2.994,29.29,71.3,26.25
2026-07-16 16:36:47,lht65-02,52.25,5.97326,2.994,29.15,71.4,26.25
2026-07-16 16:46:47,lht65-02,52.25,5.97326,2.992,29.0,72.6,26.25
2026-07-16 16:56:47,lht65-02,52.25,5.97326,2.994,28.84,72.8,26.25
2026-07-16 17:06:47,lht65-02,52.25,5.97326,2.994,28.4,73.4,26.25
2026-07-16 17:16:47,lht65-02,52.25,5.97326,2.994,28.29,75.5,26.25
2026-07-16 17:26:47,lht65-02,52.25,5.97326,2.996,28.16,74.4,26.25
2026-07-16 17:36:47,lht65-02,52.25,5.97326,2.996,27.53,74.3,26.18
2026-07-16 17:46:47,lht65-02,52.25,5.97326,2.994,26.71,74.8,26.18
2026-07-16 17:56:47,lht65-02,52.25,5.97326,2.991,25.9,76.7,26.12
2026-07-16 18:06:47,lht65-02,52.25,5.97326,2.991,25.34,77.5,26.12
2026-07-16 18:16:47,lht65-02,52.25,5.97326,2.991,25.32,77.4,26.06
2026-07-16 18:26:47,lht65-02,52.25,5.97326,2.991,25.01,77.0,26.0
2026-07-16 18:36:47,lht65-02,52.25,5.97326,2.992,24.76,77.7,26.0
2026-07-16 18:46:47,lht65-02,52.25,5.97326,2.991,24.43,78.8,25.87
2026-07-16 18:56:47,lht65-02,52.25,5.97326,2.991,24.1,79.6,25.87
2026-07-16 19:06:47,lht65-02,52.25,5.97326,2.991,23.69,80.4,25.75
2026-07-16 19:16:47,lht65-02,52.25,5.97326,2.991,23.21,80.1,25.75
2026-07-16 19:26:47,lht65-02,52.25,5.97326,2.991,22.61,81.2,25.62
2026-07-16 19:36:47,lht65-02,52.25,5.97326,2.991,22.12,82.7,25.56
2026-07-16 19:46:47,lht65-02,52.25,5.97326,2.987,21.67,84.0,25.5
2026-07-16 19:56:47,lht65-02,52.25,5.97326,2.987,21.22,85.0,25.43
2026-07-16 20:06:47,lht65-02,52.25,5.97326,2.987,20.77,84.5,25.37
2026-07-16 20:16:47,lht65-02,52.25,5.97326,2.983,20.32,85.0,25.25
2026-07-16 20:26:47,lht65-02,52.25,5.97326,2.987,19.86,84.8,25.18
2026-07-16 20:36:47,lht65-02,52.25,5.97326,2.987,19.55,85.7,25.12
2026-07-16 20:46:47,lht65-02,52.25,5.97326,2.983,19.19,86.3,25.0
2026-07-16 20:56:47,lht65-02,52.25,5.97326,2.983,18.86,86.6,24.93
2026-07-16 21:06:47,lht65-02,52.25,5.97326,2.985,18.54,86.5,24.87
2026-07-16 21:16:47,lht65-02,52.25,5.97326,2.983,18.26,87.2,24.75
2026-07-16 21:26:47,lht65-02,52.25,5.97326,2.991,18.0,87.8,24.62
2026-07-16 21:36:47,lht65-02,52.25,5.97326,2.998,17.81,88.3,24.56
2026-07-16 21:46:47,lht65-02,52.25,5.97326,2.994,17.64,88.7,24.43
2026-07-16 21:56:47,lht65-02,52.25,5.97326,2.978,17.44,88.8,24.37
2026-07-16 22:06:47,lht65-02,52.25,5.97326,2.987,17.28,89.0,24.31
2026-07-16 22:16:47,lht65-02,52.25,5.97326,2.982,17.09,89.3,24.25
2026-07-16 22:26:47,lht65-02,52.25,5.97326,2.985,16.99,89.7,24.12
2026-07-16 22:36:47,lht65-02,52.25,5.97326,2.994,16.84,89.9,24.06
2026-07-16 22:46:47,lht65-02,52.25,5.97326,2.996,16.66,89.6,24.0
2026-07-16 22:56:47,lht65-02,52.25,5.97326,2.971,16.47,89.0,23.87
2026-07-16 23:06:47,lht65-02,52.25,5.97326,3.009,16.22,89.0,23.81
2026-07-16 23:16:47,lht65-02,52.25,5.97326,2.996,16.05,90.0,23.75
2026-07-16 23:26:47,lht65-02,52.25,5.97326,2.98,15.9,90.4,23.62
2026-07-16 23:36:46,lht65-02,52.25,5.97326,2.996,15.75,90.4,23.56
2026-07-16 23:46:47,lht65-02,52.25,5.97326,2.941,15.59,90.3,23.5
2026-07-16 23:56:47,lht65-02,52.25,5.97326,3.014,15.41,90.3,23.43
2026-07-17 00:06:47,lht65-02,52.25,5.97326,3.016,15.22,90.1,23.37
2026-07-17 00:16:46,lht65-02,52.25,5.97326,3.014,15.07,90.6,23.31
2026-07-17 00:26:46,lht65-02,52.25,5.97326,3.009,15.01,91.6,23.18
2026-07-17 00:36:46,lht65-02,52.25,5.97326,2.996,15.05,92.7,23.12
2026-07-17 00:46:46,lht65-02,52.25,5.97326,3.005,15.03,93.0,23.06
2026-07-17 00:56:46,lht65-02,52.25,5.97326,2.991,15.03,93.1,23.0
2026-07-17 01:06:46,lht65-02,52.25,5.97326,3.007,15.05,93.4,22.87
2026-07-17 01:16:46,lht65-02,52.25,5.97326,3.009,15.1,93.9,22.81
2026-07-17 01:26:46,lht65-02,52.25,5.97326,3.007,15.14,94.4,22.75
2026-07-17 01:36:46,lht65-02,52.25,5.97326,2.996,15.14,94.6,22.68
2026-07-17 01:46:46,lht65-02,52.25,5.97326,3.005,15.07,94.3,22.62
2026-07-17 01:56:46,lht65-02,52.25,5.97326,2.994,14.93,93.7,22.56
2026-07-17 02:06:46,lht65-02,52.25,5.97326,2.996,14.89,93.9,22.5
2026-07-17 02:16:46,lht65-02,52.25,5.97326,3.005,14.69,92.3,22.43
2026-07-17 02:26:46,lht65-02,52.25,5.97326,2.921,14.56,92.8,22.37
2026-07-17 02:36:46,lht65-02,52.25,5.97326,3.005,14.56,93.7,22.31
2026-07-17 02:46:46,lht65-02,52.25,5.97326,3.005,14.64,94.5,22.31
2026-07-17 02:56:46,lht65-02,52.25,5.97326,3.001,14.61,94.7,22.25
2026-07-17 03:06:46,lht65-02,52.25,5.97326,2.994,14.51,94.4,22.18
2026-07-17 03:16:46,lht65-02,52.25,5.97326,2.998,14.32,93.7,22.12
2026-07-17 03:26:46,lht65-02,52.25,5.97326,2.994,14.3,93.3,22.06
2026-07-17 03:36:46,lht65-02,52.25,5.97326,3.005,14.21,93.3,22.0
2026-07-17 03:46:46,lht65-02,52.25,5.97326,3.001,14.11,93.4,21.93
2026-07-17 03:56:46,lht65-02,52.25,5.97326,3.005,14.1,93.8,21.87
2026-07-17 04:06:46,lht65-02,52.25,5.97326,3.007,14.3,94.6,21.87
2026-07-17 04:16:46,lht65-02,52.25,5.97326,3.003,14.45,95.5,21.81
2026-07-17 04:26:46,lht65-02,52.25,5.97326,2.996,14.78,97.3,21.75
2026-07-17 04:36:46,lht65-02,52.25,5.97326,3.005,15.17,99.6,21.75
2026-07-17 04:46:46,lht65-02,52.25,5.97326,3.001,15.58,100.0,21.68
2026-07-17 04:56:46,lht65-02,52.25,5.97326,3.001,16.05,100.0,21.62
2026-07-17 05:06:46,lht65-02,52.25,5.97326,3.001,16.63,100.0,21.62
2026-07-17 05:16:46,lht65-02,52.25,5.97326,3.001,17.27,100.0,21.62
2026-07-17 05:26:46,lht65-02,52.25,5.97326,2.996,17.99,100.0,21.56
2026-07-17 05:36:46,lht65-02,52.25,5.97326,3.009,18.7,100.0,21.56
2026-07-17 05:46:46,lht65-02,52.25,5.97326,3.0,19.5,100.0,21.56
2026-07-17 05:56:46,lht65-02,52.25,5.97326,3.001,20.31,100.0,21.62
2026-07-17 06:06:46,lht65-02,52.25,5.97326,3.001,21.15,100.0,21.62
2026-07-17 06:16:46,lht65-02,52.25,5.97326,3.001,21.89,100.0,21.62
2026-07-17 06:26:46,lht65-02,52.25,5.97326,2.998,22.67,98.1,21.68
2026-07-17 06:36:46,lht65-02,52.25,5.97326,3.0,23.5,94.8,21.75
2026-07-17 06:46:46,lht65-02,52.25,5.97326,3.005,24.24,92.2,21.81
2026-07-17 06:56:46,lht65-02,52.25,5.97326,3.001,25.32,91.2,21.87
2026-07-17 07:06:46,lht65-02,52.25,5.97326,3.001,26.44,88.5,21.93
2026-07-17 07:16:46,lht65-02,52.25,5.97326,3.005,27.77,87.5,22.0
2026-07-17 07:26:46,lht65-02,52.25,5.97326,3.001,28.64,71.4,22.12
2026-07-17 07:36:46,lht65-02,52.25,5.97326,3.005,28.37,69.1,22.18
2026-07-17 07:46:46,lht65-02,52.25,5.97326,3.009,28.56,67.6,22.31
2026-07-17 07:56:46,lht65-02,52.25,5.97326,3.005,28.89,67.3,22.43
2026-07-17 08:06:46,lht65-02,52.25,5.97326,3.001,29.45,65.0,22.56
2026-07-17 08:16:46,lht65-02,52.25,5.97326,2.943,29.73,62.4,22.68
2026-07-17 08:26:46,lht65-02,52.25,5.97326,2.994,29.87,60.3,22.81
2026-07-17 08:36:46,lht65-02,52.25,5.97326,2.994,29.69,61.1,23.0
2026-07-17 08:46:46,lht65-02,52.25,5.97326,2.992,30.53,70.7,23.18
2026-07-17 08:56:46,lht65-02,52.25,5.97326,2.98,31.89,50.7,23.31
2026-07-17 09:06:46,lht65-02,52.25,5.97326,2.983,31.89,52.7,23.43
2026-07-17 09:16:46,lht65-02,52.25,5.97326,2.994,30.83,56.2,23.56
2026-07-17 09:26:46,lht65-02,52.25,5.97326,3.012,30.82,64.3,23.75
2026-07-17 09:36:46,lht65-02,52.25,5.97326,3.009,31.06,68.1,23.87
2026-07-17 09:46:46,lht65-02,52.25,5.97326,2.928,32.67,48.8,24.0
2026-07-17 09:56:46,lht65-02,52.25,5.97326,2.998,31.89,53.6,24.06
2026-07-17 10:06:45,lht65-02,52.25,5.97326,2.998,32.37,51.9,24.25
2026-07-17 10:16:46,lht65-02,52.25,5.97326,2.973,32.56,50.9,24.37
2026-07-17 10:26:45,lht65-02,52.25,5.97326,2.968,31.9,55.4,24.5
2026-07-17 10:36:46,lht65-02,52.25,5.97326,3.014,32.89,61.5,24.62
2026-07-17 10:46:45,lht65-02,52.25,5.97326,2.968,32.73,59.3,24.75
2026-07-17 10:56:45,lht65-02,52.25,5.97326,3.019,31.87,50.6,24.93
2026-07-17 11:06:45,lht65-02,52.25,5.97326,3.019,30.62,50.1,25.0
2026-07-17 11:16:45,lht65-02,52.25,5.97326,3.016,29.59,56.4,25.12
2026-07-17 11:26:45,lht65-02,52.25,5.97326,3.007,29.79,67.9,25.18
2026-07-17 11:36:45,lht65-02,52.25,5.97326,2.969,32.03,59.3,25.25
2026-07-17 11:46:45,lht65-02,52.25,5.97326,2.936,33.54,48.9,25.31
2026-07-17 11:56:45,lht65-02,52.25,5.97326,3.018,31.44,52.1,25.37
2026-07-17 12:06:45,lht65-02,52.25,5.97326,3.019,30.64,64.1,25.43
2026-07-17 12:16:45,lht65-02,52.25,5.97326,3.019,32.93,58.7,25.56
2026-07-17 12:26:45,lht65-02,52.25,5.97326,3.019,33.95,49.3,25.62
2026-07-17 12:36:45,lht65-02,52.25,5.97326,3.019,33.9,50.0,25.68
2026-07-17 12:46:45,lht65-02,52.25,5.97326,3.019,33.57,51.4,25.81
2026-07-17 12:56:45,lht65-02,52.25,5.97326,3.018,33.57,45.9,25.93
2026-07-17 13:06:45,lht65-02,52.25,5.97326,3.019,33.79,44.9,26.06
2026-07-17 13:16:45,lht65-02,52.25,5.97326,3.018,32.65,53.2,26.25
2026-07-17 13:26:45,lht65-02,52.25,5.97326,3.018,32.65,49.1,26.37
2026-07-17 13:36:45,lht65-02,52.25,5.97326,3.018,31.61,49.8,26.5
2026-07-17 13:46:45,lht65-02,52.25,5.97326,3.019,32.86,59.9,26.62
2026-07-17 13:56:45,lht65-02,52.25,5.97326,2.966,34.03,45.5,26.75
2026-07-17 14:06:45,lht65-02,52.25,5.97326,3.019,32.06,50.4,26.87
2026-07-17 14:16:45,lht65-02,52.25,5.97326,3.019,30.48,55.7,26.93
2026-07-17 14:26:45,lht65-02,52.25,5.97326,3.018,31.02,62.1,27.0
2026-07-17 14:36:45,lht65-02,52.25,5.97326,3.019,31.28,53.1,27.06
2026-07-17 14:46:45,lht65-02,52.25,5.97326,3.016,29.9,54.9,27.06
2026-07-17 14:56:45,lht65-02,52.25,5.97326,3.016,29.4,57.0,27.12
2026-07-17 15:06:45,lht65-02,52.25,5.97326,3.016,29.89,64.8,27.12
2026-07-17 15:16:45,lht65-02,52.25,5.97326,3.01,30.78,65.7,27.12
2026-07-17 15:26:45,lht65-02,52.25,5.97326,2.991,30.83,53.1,27.12
2026-07-17 15:36:45,lht65-02,52.25,5.97326,2.985,30.07,53.6,27.06
2026-07-17 15:46:45,lht65-02,52.25,5.97326,3.019,29.92,53.0,27.12
2026-07-17 15:56:45,lht65-02,52.25,5.97326,3.019,30.1,61.4,27.06
2026-07-17 16:06:45,lht65-02,52.25,5.97326,3.019,29.82,63.1,27.06
2026-07-17 16:16:45,lht65-02,52.25,5.97326,3.019,29.52,65.1,27.06
2026-07-17 16:26:45,lht65-02,52.25,5.97326,3.019,29.52,67.2,27.06
2026-07-17 16:36:45,lht65-02,52.25,5.97326,3.019,29.55,64.8,27.06
2026-07-17 16:46:45,lht65-02,52.25,5.97326,3.019,29.5,65.1,27.0
2026-07-17 16:56:45,lht65-02,52.25,5.97326,3.019,29.37,65.7,27.0
2026-07-17 17:06:45,lht65-02,52.25,5.97326,3.019,28.93,68.3,27.0
2026-07-17 17:16:45,lht65-02,52.25,5.97326,3.019,28.31,68.2,26.93
2026-07-17 17:26:45,lht65-02,52.25,5.97326,3.019,27.58,68.0,26.93
2026-07-17 17:36:45,lht65-02,52.25,5.97326,3.019,26.63,69.2,26.93
2026-07-17 17:46:45,lht65-02,52.25,5.97326,3.018,25.81,70.1,26.87
2026-07-17 17:56:45,lht65-02,52.25,5.97326,3.016,25.15,72.9,26.81
2026-07-17 18:06:45,lht65-02,52.25,5.97326,3.016,24.43,73.6,26.75
2026-07-17 18:16:45,lht65-02,52.25,5.97326,3.016,23.88,74.9,26.68
2026-07-17 18:26:45,lht65-02,52.25,5.97326,3.014,23.38,75.7,26.56
2026-07-17 18:36:45,lht65-02,52.25,5.97326,3.016,23.23,76.8,26.5
2026-07-17 18:46:45,lht65-02,52.25,5.97326,3.016,23.2,78.6,26.43
2026-07-17 18:56:45,lht65-02,52.25,5.97326,3.012,23.03,80.7,26.31
2026-07-17 19:06:45,lht65-02,52.25,5.97326,3.019,22.73,81.5,26.25
2026-07-17 19:16:45,lht65-02,52.25,5.97326,3.019,22.38,82.4,26.18
2026-07-17 19:26:45,lht65-02,52.25,5.97326,3.019,21.97,83.2,26.06
2026-07-17 19:36:45,lht65-02,52.25,5.97326,3.021,21.53,83.6,26.0
2026-07-17 19:46:44,lht65-02,52.25,5.97326,3.019,21.1,84.4,25.93
2026-07-17 19:56:44,lht65-02,52.25,5.97326,3.019,20.68,85.0,25.81
2026-07-17 20:06:44,lht65-02,52.25,5.97326,3.019,20.23,84.7,25.75
2026-07-17 20:16:44,lht65-02,52.25,5.97326,3.021,19.84,84.6,25.62
2026-07-17 20:26:44,lht65-02,52.25,5.97326,3.019,19.38,84.8,25.5
2026-07-17 20:36:44,lht65-02,52.25,5.97326,3.023,18.98,85.3,25.43
2026-07-17 20:46:44,lht65-02,52.25,5.97326,3.021,18.66,85.9,25.37
2026-07-17 20:56:44,lht65-02,52.25,5.97326,3.019,18.39,86.3,25.25
2026-07-17 21:06:44,lht65-02,52.25,5.97326,3.019,18.12,86.8,25.18
2026-07-17 21:16:44,lht65-02,52.25,5.97326,3.019,17.91,87.7,25.06
2026-07-17 21:26:44,lht65-02,52.25,5.97326,3.005,17.71,87.8,25.0
2026-07-17 21:36:44,lht65-02,52.25,5.97326,3.014,17.52,88.2,24.87
2026-07-17 21:46:44,lht65-02,52.25,5.97326,3.014,17.32,88.2,24.75
2026-07-17 21:56:44,lht65-02,52.25,5.97326,3.014,17.15,88.7,24.68
2026-07-17 22:06:44,lht65-02,52.25,5.97326,3.001,17.07,88.9,24.56
2026-07-17 22:16:44,lht65-02,52.25,5.97326,3.012,16.92,89.2,24.5
2026-07-17 22:26:44,lht65-02,52.25,5.97326,3.012,16.81,89.4,24.43
2026-07-17 22:36:44,lht65-02,52.25,5.97326,3.012,16.72,89.7,24.31
2026-07-17 22:46:44,lht65-02,52.25,5.97326,3.012,16.61,89.7,24.25
2026-07-17 22:56:44,lht65-02,52.25,5.97326,3.005,16.5,89.9,24.18
2026-07-17 23:06:44,lht65-02,52.25,5.97326,3.014,16.41,90.2,24.06
2026-07-17 23:16:44,lht65-02,52.25,5.97326,3.016,16.35,90.6,24.0
2026-07-17 23:26:44,lht65-02,52.25,5.97326,3.014,16.34,90.9,23.87
2026-07-17 23:36:44,lht65-02,52.25,5.97326,3.012,16.32,91.2,23.81
2026-07-17 23:46:44,lht65-02,52.25,5.97326,3.014,16.32,91.4,23.75
2026-07-17 23:56:44,lht65-02,52.25,5.97326,3.014,16.37,91.9,23.68
2026-07-18 00:06:44,lht65-02,52.25,5.97326,3.014,16.39,92.1,23.62
2026-07-18 00:16:44,lht65-02,52.25,5.97326,3.014,16.35,91.5,23.5
2026-07-18 00:26:44,lht65-02,52.25,5.97326,3.016,16.23,91.0,23.43
2026-07-18 00:36:44,lht65-02,52.25,5.97326,3.016,16.15,91.2,23.37
2026-07-18 00:46:44,lht65-02,52.25,5.97326,3.014,16.05,91.3,23.31
2026-07-18 00:56:44,lht65-02,52.25,5.97326,3.014,15.87,90.9,23.25
2026-07-18 01:06:44,lht65-02,52.25,5.97326,3.012,15.73,91.4,23.18
2026-07-18 01:16:44,lht65-02,52.25,5.97326,3.014,15.68,91.7,23.12
2026-07-18 01:26:44,lht65-02,52.25,5.97326,3.016,15.59,91.8,23.06
2026-07-18 01:36:44,lht65-02,52.25,5.97326,3.016,15.39,90.7,23.0
2026-07-18 01:46:44,lht65-02,52.25,5.97326,3.016,15.37,92.0,22.93
2026-07-18 01:56:44,lht65-02,52.25,5.97326,3.014,15.41,92.6,22.87
2026-07-18 02:06:44,lht65-02,52.25,5.97326,3.014,15.61,94.4,22.81
2026-07-18 02:16:44,lht65-02,52.25,5.97326,3.016,15.82,96.5,22.81
2026-07-18 02:26:44,lht65-02,52.25,5.97326,3.016,15.97,97.8,22.68
2026-07-18 02:36:44,lht65-02,52.25,5.97326,3.016,16.0,97.4,22.68
2026-07-18 02:46:44,lht65-02,52.25,5.97326,3.014,15.98,96.8,22.62
2026-07-18 02:56:44,lht65-02,52.25,5.97326,3.016,15.92,96.1,22.56
2026-07-18 03:06:44,lht65-02,52.25,5.97326,3.016,15.79,95.2,22.5
2026-07-18 03:16:44,lht65-02,52.25,5.97326,3.016,15.69,95.2,22.43
2026-07-18 03:26:44,lht65-02,52.25,5.97326,3.016,15.62,95.2,22.43
2026-07-18 03:36:44,lht65-02,52.25,5.97326,3.014,15.59,95.2,22.37
2026-07-18 03:46:44,lht65-02,52.25,5.97326,3.014,15.68,95.6,22.31
2026-07-18 03:56:44,lht65-02,52.25,5.97326,3.016,15.89,96.3,22.31
2026-07-18 04:06:44,lht65-02,52.25,5.97326,3.016,16.1,96.7,22.25
2026-07-18 04:16:44,lht65-02,52.25,5.97326,3.014,16.35,97.1,22.25
2026-07-18 04:26:44,lht65-02,52.25,5.97326,3.014,16.61,97.8,22.18
2026-07-18 04:36:44,lht65-02,52.25,5.97326,3.016,16.85,98.5,22.12
2026-07-18 04:46:44,lht65-02,52.25,5.97326,3.014,17.09,99.8,22.12
2026-07-18 04:56:44,lht65-02,52.25,5.97326,3.016,17.42,100.0,22.06
2026-07-18 05:06:44,lht65-02,52.25,5.97326,3.016,17.75,100.0,22.06
2026-07-18 05:16:44,lht65-02,52.25,5.97326,3.018,18.0,100.0,22.06
2026-07-18 05:36:44,lht65-02,52.25,5.97326,3.016,18.54,100.0,22.06
2026-07-18 05:46:44,lht65-02,52.25,5.97326,3.016,18.84,100.0,22.0
2026-07-18 05:56:44,lht65-02,52.25,5.97326,3.019,19.13,100.0,22.0
2026-07-18 06:06:44,lht65-02,52.25,5.97326,3.016,19.6,100.0,22.0
2026-07-18 06:16:44,lht65-02,52.25,5.97326,3.016,20.1,100.0,22.0
2026-07-18 06:26:44,lht65-02,52.25,5.97326,3.016,20.77,100.0,22.06
2026-07-18 06:36:43,lht65-02,52.25,5.97326,3.016,21.42,100.0,22.06
2026-07-18 06:46:43,lht65-02,52.25,5.97326,3.016,21.99,100.0,22.06
2026-07-18 06:56:43,lht65-02,52.25,5.97326,3.016,22.44,98.4,22.12
2026-07-18 07:06:43,lht65-02,52.25,5.97326,3.016,22.72,96.4,22.12
2026-07-18 07:16:43,lht65-02,52.25,5.97326,3.018,22.94,95.6,22.18
2026-07-18 07:26:43,lht65-02,52.25,5.97326,3.016,23.18,94.6,22.18
2026-07-18 07:36:43,lht65-02,52.25,5.97326,3.018,23.65,95.2,22.25
2026-07-18 07:46:43,lht65-02,52.25,5.97326,3.016,24.3,95.8,22.25
2026-07-18 07:56:43,lht65-02,52.25,5.97326,3.016,24.79,94.8,22.37
2026-07-18 08:06:43,lht65-02,52.25,5.97326,3.019,24.85,93.1,22.37
2026-07-18 08:16:43,lht65-02,52.25,5.97326,3.018,24.68,90.2,22.5
2026-07-18 08:26:43,lht65-02,52.25,5.97326,3.016,24.66,90.5,22.5
2026-07-18 08:36:43,lht65-02,52.25,5.97326,3.016,24.86,91.3,22.56
2026-07-18 08:46:43,lht65-02,52.25,5.97326,3.016,24.85,89.1,22.62
2026-07-18 08:56:43,lht65-02,52.25,5.97326,3.018,24.72,90.6,22.68
2026-07-18 09:06:43,lht65-02,52.25,5.97326,3.018,24.93,91.5,22.68
2026-07-18 09:16:43,lht65-02,52.25,5.97326,3.016,25.34,92.3,22.75
2026-07-18 09:36:43,lht65-02,52.25,5.97326,3.019,26.78,91.4,22.87
2026-07-18 09:46:43,lht65-02,52.25,5.97326,3.019,27.21,89.5,22.93
2026-07-18 09:56:43,lht65-02,52.25,5.97326,3.019,27.28,87.5,22.93
2026-07-18 10:06:43,lht65-02,52.25,5.97326,3.019,26.96,84.3,23.06
2026-07-18 10:16:43,lht65-02,52.25,5.97326,3.019,26.5,84.3,23.12
2026-07-18 10:26:43,lht65-02,52.25,5.97326,3.019,26.18,85.4,23.18
2026-07-18 10:36:43,lht65-02,52.25,5.97326,3.019,26.32,87.1,23.25
2026-07-18 10:46:43,lht65-02,52.25,5.97326,3.019,26.88,88.4,23.25
2026-07-18 10:56:43,lht65-02,52.25,5.97326,3.016,28.08,89.6,23.31
2026-07-18 11:06:43,lht65-02,52.25,5.97326,3.016,29.7,73.0,23.37
2026-07-18 11:16:43,lht65-02,52.25,5.97326,3.016,30.37,66.1,23.43
2026-07-18 11:26:43,lht65-02,52.25,5.97326,3.019,30.23,69.5,23.56
2026-07-18 11:36:43,lht65-02,52.25,5.97326,3.019,30.61,67.0,23.62
2026-07-18 11:46:43,lht65-02,52.25,5.97326,3.016,30.82,68.9,23.75
2026-07-18 11:56:43,lht65-02,52.25,5.97326,3.019,30.73,58.9,23.81
2026-07-18 12:06:43,lht65-02,52.25,5.97326,3.019,29.36,65.0,23.93
2026-07-18 12:16:43,lht65-02,52.25,5.97326,3.019,29.27,69.0,24.06
2026-07-18 12:26:43,lht65-02,52.25,5.97326,3.009,30.9,69.2,24.12
2026-07-18 12:36:43,lht65-02,52.25,5.97326,3.016,29.98,50.9,24.18
2026-07-18 12:46:43,lht65-02,52.25,5.97326,3.016,28.55,48.6,24.31
2026-07-18 12:56:43,lht65-02,52.25,5.97326,3.016,28.37,53.5,24.37
2026-07-18 13:06:43,lht65-02,52.25,5.97326,3.016,28.77,65.7,24.43
2026-07-18 13:16:43,lht65-02,52.25,5.97326,2.985,31.16,67.6,24.56
2026-07-18 13:26:43,lht65-02,52.25,5.97326,3.009,30.43,46.0,24.62
2026-07-18 13:36:43,lht65-02,52.25,5.97326,3.009,28.39,48.2,24.75
2026-07-18 13:46:43,lht65-02,52.25,5.97326,3.009,27.16,50.4,24.81
2026-07-18 13:56:43,lht65-02,52.25,5.97326,3.009,26.92,63.2,24.87
2026-07-18 14:06:43,lht65-02,52.25,5.97326,3.009,27.15,64.5,24.93
2026-07-18 14:16:43,lht65-02,52.25,5.97326,3.007,27.43,64.4,25.0
2026-07-18 14:26:43,lht65-02,52.25,5.97326,3.005,27.46,66.2,25.0
2026-07-18 14:36:43,lht65-02,52.25,5.97326,3.005,27.37,64.5,25.06
2026-07-18 14:46:43,lht65-02,52.25,5.97326,3.012,27.16,64.8,25.06
2026-07-18 14:56:43,lht65-02,52.25,5.97326,3.014,27.0,65.7,25.06
2026-07-18 15:06:43,lht65-02,52.25,5.97326,3.016,26.88,65.7,25.06
2026-07-18 15:16:43,lht65-02,52.25,5.97326,3.014,26.29,65.5,25.12
2026-07-18 15:26:43,lht65-02,52.25,5.97326,3.012,25.34,67.3,25.12
2026-07-18 15:36:43,lht65-02,52.25,5.97326,3.014,24.72,69.8,25.12
2026-07-18 15:46:43,lht65-02,52.25,5.97326,3.012,23.61,72.4,25.06
2026-07-18 15:56:43,lht65-02,52.25,5.97326,3.012,22.59,76.4,25.06
2026-07-18 16:06:43,lht65-02,52.25,5.97326,3.012,22.27,80.1,25.0
2026-07-18 16:16:42,lht65-02,52.25,5.97326,3.012,22.44,83.0,25.0
2026-07-18 16:26:42,lht65-02,52.25,5.97326,3.012,23.22,84.3,24.93
2026-07-18 16:36:42,lht65-02,52.25,5.97326,3.012,23.96,84.2,24.87
2026-07-18 16:46:42,lht65-02,52.25,5.97326,3.01,24.74,85.2,24.81
2026-07-18 16:56:42,lht65-02,52.25,5.97326,3.012,25.14,84.4,24.81
2026-07-18 17:06:42,lht65-02,52.25,5.97326,3.012,25.02,83.1,24.81
2026-07-18 17:16:42,lht65-02,52.25,5.97326,3.016,24.71,81.3,24.81
2026-07-18 17:26:42,lht65-02,52.25,5.97326,3.012,24.16,81.0,24.75
2026-07-18 17:36:42,lht65-02,52.25,5.97326,3.012,23.68,82.3,24.75
2026-07-18 17:46:42,lht65-02,52.25,5.97326,3.012,23.31,83.3,24.75
2026-07-18 17:56:42,lht65-02,52.25,5.97326,3.012,23.15,84.4,24.68
2026-07-18 18:06:42,lht65-02,52.25,5.97326,3.014,23.14,85.0,24.62
2026-07-18 18:16:42,lht65-02,52.25,5.97326,3.012,22.87,84.0,24.62
2026-07-18 18:26:42,lht65-02,52.25,5.97326,3.01,22.17,81.6,24.56
2026-07-18 18:36:42,lht65-02,52.25,5.97326,3.012,21.4,82.6,24.56
2026-07-18 18:46:42,lht65-02,52.25,5.97326,3.012,20.75,83.6,24.5
2026-07-18 18:56:42,lht65-02,52.25,5.97326,3.01,20.14,84.6,24.43
2026-07-18 19:06:42,lht65-02,52.25,5.97326,3.009,19.78,85.8,24.37
2026-07-18 19:16:42,lht65-02,52.25,5.97326,3.012,19.38,87.1,24.31
2026-07-18 19:26:42,lht65-02,52.25,5.97326,3.01,19.08,87.5,24.18
2026-07-18 19:36:42,lht65-02,52.25,5.97326,3.009,18.84,88.0,24.18
2026-07-18 19:46:42,lht65-02,52.25,5.97326,3.01,18.5,87.5,24.12
2026-07-18 19:56:42,lht65-02,52.25,5.97326,3.012,18.11,87.6,24.0
2026-07-18 20:06:42,lht65-02,52.25,5.97326,3.009,17.77,87.8,23.93
2026-07-18 20:16:42,lht65-02,52.25,5.97326,3.01,17.33,87.1,23.87
2026-07-18 20:26:42,lht65-02,52.25,5.97326,3.009,16.93,87.3,23.81
2026-07-18 20:36:42,lht65-02,52.25,5.97326,3.009,16.48,87.1,23.75
2026-07-18 20:46:42,lht65-02,52.25,5.97326,3.016,16.11,88.0,23.68
2026-07-18 20:56:42,lht65-02,52.25,5.97326,3.016,15.94,89.6,23.56
2026-07-18 21:06:42,lht65-02,52.25,5.97326,3.012,15.77,89.5,23.5
2026-07-18 21:16:42,lht65-02,52.25,5.97326,3.012,15.53,89.3,23.43
2026-07-18 21:26:42,lht65-02,52.25,5.97326,3.01,15.32,89.2,23.31
2026-07-18 21:36:42,lht65-02,52.25,5.97326,3.012,15.16,89.9,23.25
2026-07-18 21:46:42,lht65-02,52.25,5.97326,3.012,15.1,90.6,23.12
2026-07-18 21:56:42,lht65-02,52.25,5.97326,3.012,14.98,90.5,23.06
2026-07-18 22:06:42,lht65-02,52.25,5.97326,3.007,14.77,90.1,23.0
2026-07-18 22:16:42,lht65-02,52.25,5.97326,3.009,14.62,90.3,22.87
2026-07-18 22:26:42,lht65-02,52.25,5.97326,3.01,14.66,91.9,22.81
2026-07-18 22:36:42,lht65-02,52.25,5.97326,3.01,14.77,93.3,22.75
2026-07-18 22:46:42,lht65-02,52.25,5.97326,3.01,14.86,94.1,22.68
2026-07-18 22:56:42,lht65-02,52.25,5.97326,3.014,14.88,94.1,22.62
2026-07-18 23:06:42,lht65-02,52.25,5.97326,3.012,14.87,93.8,22.56
2026-07-18 23:16:42,lht65-02,52.25,5.97326,3.012,14.87,93.8,22.43
2026-07-18 23:26:42,lht65-02,52.25,5.97326,3.012,14.88,94.1,22.43
2026-07-18 23:36:42,lht65-02,52.25,5.97326,3.016,14.79,93.5,22.37
2026-07-18 23:46:42,lht65-02,52.25,5.97326,3.012,14.79,93.8,22.31
2026-07-18 23:56:42,lht65-02,52.25,5.97326,3.012,14.85,94.4,22.25
2026-07-19 00:06:42,lht65-02,52.25,5.97326,3.012,14.93,94.9,22.12
2026-07-19 00:16:42,lht65-02,52.25,5.97326,3.014,15.02,95.7,22.12
2026-07-19 00:26:42,lht65-02,52.25,5.97326,3.012,15.1,96.6,22.06
2026-07-19 00:36:42,lht65-02,52.25,5.97326,3.012,15.1,96.7,22.0
2026-07-19 00:46:42,lht65-02,52.25,5.97326,3.016,14.85,95.0,21.93
2026-07-19 00:56:42,lht65-02,52.25,5.97326,3.016,14.51,92.4,21.93
2026-07-19 01:06:42,lht65-02,52.25,5.97326,3.016,14.3,92.1,21.87
2026-07-19 01:16:42,lht65-02,52.25,5.97326,2.811,13.96,92.2,21.75
2026-07-19 01:26:42,lht65-02,52.25,5.97326,3.016,13.71,92.6,21.75
2026-07-19 01:36:42,lht65-02,52.25,5.97326,3.005,13.53,93.1,21.68
2026-07-19 01:46:42,lht65-02,52.25,5.97326,2.916,13.46,94.0,21.62
2026-07-19 01:56:41,lht65-02,52.25,5.97326,2.945,13.51,94.8,21.56
2026-07-19 02:06:41,lht65-02,52.25,5.97326,2.948,13.61,95.7,21.5
2026-07-19 02:16:42,lht65-02,52.25,5.97326,2.952,13.75,96.6,21.5
2026-07-19 02:26:41,lht65-02,52.25,5.97326,2.955,13.91,97.5,21.43
2026-07-19 02:36:42,lht65-02,52.25,5.97326,3.005,14.09,98.8,21.37
2026-07-19 02:46:42,lht65-02,52.25,5.97326,2.968,14.3,100.0,21.31
2026-07-19 02:56:41,lht65-02,52.25,5.97326,2.959,14.3,100.0,21.31
2026-07-19 03:06:41,lht65-02,52.25,5.97326,2.962,14.1,100.0,21.25
2026-07-19 03:16:41,lht65-02,52.25,5.97326,2.959,14.05,99.7,21.18
2026-07-19 03:26:41,lht65-02,52.25,5.97326,2.96,14.09,99.7,21.18
2026-07-19 03:36:41,lht65-02,52.25,5.97326,2.957,14.15,99.9,21.12
2026-07-19 03:46:41,lht65-02,52.25,5.97326,2.959,14.3,100.0,21.06
2026-07-19 03:56:41,lht65-02,52.25,5.97326,2.955,14.3,100.0,21.0
2026-07-19 04:06:41,lht65-02,52.25,5.97326,2.948,14.34,100.0,21.0
2026-07-19 04:16:41,lht65-02,52.25,5.97326,2.948,14.51,100.0,21.0
2026-07-19 04:26:41,lht65-02,52.25,5.97326,2.955,14.66,100.0,20.93
2026-07-19 04:36:41,lht65-02,52.25,5.97326,2.948,14.87,100.0,20.87
2026-07-19 04:46:41,lht65-02,52.25,5.97326,2.95,15.14,100.0,20.87
2026-07-19 04:56:41,lht65-02,52.25,5.97326,2.948,15.41,100.0,20.87
2026-07-19 05:06:41,lht65-02,52.25,5.97326,2.955,15.72,100.0,20.81
2026-07-19 05:16:41,lht65-02,52.25,5.97326,2.964,16.02,100.0,20.81
2026-07-19 05:26:41,lht65-02,52.25,5.97326,2.966,16.25,100.0,20.81
2026-07-19 05:36:41,lht65-02,52.25,5.97326,2.959,16.37,100.0,20.81
2026-07-19 05:46:41,lht65-02,52.25,5.97326,2.955,16.53,100.0,20.81
2026-07-19 05:56:41,lht65-02,52.25,5.97326,2.95,16.67,100.0,20.81
2026-07-19 06:06:41,lht65-02,52.25,5.97326,2.996,16.77,100.0,20.81
2026-07-19 06:16:41,lht65-02,52.25,5.97326,2.952,16.83,100.0,20.81
2026-07-19 06:26:41,lht65-02,52.25,5.97326,2.952,16.87,100.0,20.81
2026-07-19 06:36:41,lht65-02,52.25,5.97326,2.95,17.06,100.0,20.75
2026-07-19 06:46:41,lht65-02,52.25,5.97326,2.971,17.41,100.0,20.81
2026-07-19 06:56:41,lht65-02,52.25,5.97326,2.987,18.02,100.0,20.81
2026-07-19 07:06:41,lht65-02,52.25,5.97326,2.989,19.32,100.0,20.81
2026-07-19 07:16:41,lht65-02,52.25,5.97326,2.983,20.77,100.0,20.81
2026-07-19 07:26:41,lht65-02,52.25,5.97326,2.998,21.77,100.0,20.87
2026-07-19 07:36:41,lht65-02,52.25,5.97326,3.009,23.84,100.0,20.93
2026-07-19 07:46:41,lht65-02,52.25,5.97326,2.994,26.1,100.0,21.0
2026-07-19 07:56:41,lht65-02,52.25,5.97326,2.998,27.88,82.9,21.06
2026-07-19 08:06:41,lht65-02,52.25,5.97326,3.001,28.47,71.1,21.18
2026-07-19 08:16:41,lht65-02,52.25,5.97326,2.996,28.77,64.7,21.37
2026-07-19 08:26:41,lht65-02,52.25,5.97326,2.992,28.65,67.0,21.5
2026-07-19 08:36:41,lht65-02,52.25,5.97326,2.987,29.6,69.7,21.62
2026-07-19 08:46:41,lht65-02,52.25,5.97326,3.003,28.72,62.5,21.81
2026-07-19 08:56:41,lht65-02,52.25,5.97326,2.998,27.19,63.5,21.93
2026-07-19 09:06:41,lht65-02,52.25,5.97326,2.996,28.08,67.9,22.06
2026-07-19 09:16:41,lht65-02,52.25,5.97326,2.996,29.14,64.0,22.18
2026-07-19 09:26:41,lht65-02,52.25,5.97326,2.996,27.94,59.9,22.31
2026-07-19 09:36:41,lht65-02,52.25,5.97326,3.005,26.2,63.1,22.43
2026-07-19 09:46:41,lht65-02,52.25,5.97326,2.996,26.46,73.6,22.5
2026-07-19 09:56:41,lht65-02,52.25,5.97326,2.994,28.3,76.7,22.62
2026-07-19 10:06:41,lht65-02,52.25,5.97326,2.983,30.14,70.1,22.68
2026-07-19 10:16:41,lht65-02,52.25,5.97326,2.976,30.68,42.5,22.75
2026-07-19 10:26:41,lht65-02,52.25,5.97326,2.996,28.29,48.0,22.93
2026-07-19 10:36:41,lht65-02,52.25,5.97326,3.005,26.63,45.1,23.06
2026-07-19 10:46:41,lht65-02,52.25,5.97326,3.009,26.89,65.1,23.18
2026-07-19 10:56:41,lht65-02,52.25,5.97326,3.01,28.46,74.7,23.25
2026-07-19 11:06:41,lht65-02,52.25,5.97326,2.998,30.71,42.7,23.37
2026-07-19 11:16:41,lht65-02,52.25,5.97326,2.991,30.22,42.7,23.43
2026-07-19 11:26:41,lht65-02,52.25,5.97326,2.987,29.82,41.4,23.56
2026-07-19 11:36:41,lht65-02,52.25,5.97326,2.994,28.75,50.9,23.68
2026-07-19 11:46:41,lht65-02,52.25,5.97326,2.991,30.09,61.6,23.81
2026-07-19 11:56:41,lht65-02,52.25,5.97326,2.991,30.83,35.3,23.93
2026-07-19 12:06:41,lht65-02,52.25,5.97326,3.014,28.57,42.6,24.0
2026-07-19 12:16:40,lht65-02,52.25,5.97326,3.014,26.6,44.7,24.12
2026-07-19 12:26:41,lht65-02,52.25,5.97326,3.016,27.37,64.9,24.18
2026-07-19 12:36:41,lht65-02,52.25,5.97326,3.016,30.22,53.5,24.31
2026-07-19 12:46:40,lht65-02,52.25,5.97326,3.016,29.06,42.3,24.37
2026-07-19 12:56:40,lht65-02,52.25,5.97326,3.016,27.8,45.4,24.43
2026-07-19 13:06:40,lht65-02,52.25,5.97326,3.016,28.08,48.9,24.56
2026-07-19 13:16:40,lht65-02,52.25,5.97326,3.012,29.82,55.6,24.62
2026-07-19 13:26:40,lht65-02,52.25,5.97326,2.943,30.42,54.6,24.75
2026-07-19 13:36:40,lht65-02,52.25,5.97326,2.973,32.06,41.9,24.87
2026-07-19 13:46:40,lht65-02,52.25,5.97326,3.014,30.31,40.4,25.0
2026-07-19 13:56:40,lht65-02,52.25,5.97326,3.012,28.78,41.2,25.12
2026-07-19 14:06:40,lht65-02,52.25,5.97326,3.012,26.65,45.0,25.25
2026-07-19 14:16:40,lht65-02,52.25,5.97326,3.012,25.64,58.2,25.31
2026-07-19 14:26:40,lht65-02,52.25,5.97326,3.012,27.14,71.4,25.37
2026-07-19 14:36:40,lht65-02,52.25,5.97326,3.012,28.67,72.8,25.37
2026-07-19 14:46:40,lht65-02,52.25,5.97326,3.012,30.34,49.5,25.43
2026-07-19 14:56:40,lht65-02,52.25,5.97326,3.012,28.64,38.3,25.5
2026-07-19 15:06:40,lht65-02,52.25,5.97326,3.012,26.71,45.6,25.5
2026-07-19 15:16:40,lht65-02,52.25,5.97326,3.012,25.27,50.0,25.5
2026-07-19 15:26:40,lht65-02,52.25,5.97326,3.012,24.02,61.3,25.56
2026-07-19 15:36:40,lht65-02,52.25,5.97326,3.012,24.06,69.7,25.5
2026-07-19 15:46:40,lht65-02,52.25,5.97326,3.012,24.61,74.8,25.43
2026-07-19 15:56:40,lht65-02,52.25,5.97326,3.012,25.32,74.9,25.43
2026-07-19 16:06:40,lht65-02,52.25,5.97326,3.012,25.32,76.7,25.37
2026-07-19 16:16:40,lht65-02,52.25,5.97326,3.012,25.6,76.7,25.37
2026-07-19 16:26:40,lht65-02,52.25,5.97326,3.014,26.09,77.1,25.31
2026-07-19 16:36:40,lht65-02,52.25,5.97326,3.012,26.31,77.9,25.31
2026-07-19 16:46:40,lht65-02,52.25,5.97326,3.012,26.28,76.0,25.31
2026-07-19 16:56:40,lht65-02,52.25,5.97326,3.009,26.26,77.7,25.25
2026-07-19 17:06:40,lht65-02,52.25,5.97326,3.001,26.09,76.0,25.25
2026-07-19 17:16:40,lht65-02,52.25,5.97326,3.01,25.7,77.1,25.25
2026-07-19 17:26:40,lht65-02,52.25,5.97326,3.01,25.32,78.0,25.18
2026-07-19 17:36:40,lht65-02,52.25,5.97326,3.01,24.9,77.0,25.18
2026-07-19 17:46:40,lht65-02,52.25,5.97326,3.003,24.38,78.2,25.18
2026-07-19 17:56:40,lht65-02,52.25,5.97326,2.998,23.83,77.4,25.12
2026-07-19 18:06:40,lht65-02,52.25,5.97326,2.98,23.46,79.6,25.06
2026-07-19 18:16:40,lht65-02,52.25,5.97326,2.954,23.15,80.8,25.0
2026-07-19 18:26:40,lht65-02,52.25,5.97326,2.948,22.73,79.9,25.0
2026-07-19 18:36:40,lht65-02,52.25,5.97326,2.952,22.17,80.3,24.93
2026-07-19 18:46:40,lht65-02,52.25,5.97326,3.016,21.65,80.6,24.87
2026-07-19 18:56:40,lht65-02,52.25,5.97326,3.019,21.22,81.9,24.81
2026-07-19 19:06:40,lht65-02,52.25,5.97326,3.019,20.77,82.9,24.75
2026-07-19 19:16:40,lht65-02,52.25,5.97326,3.019,20.31,83.9,24.68
2026-07-19 19:26:40,lht65-02,52.25,5.97326,3.019,19.86,84.0,24.62
2026-07-19 19:36:40,lht65-02,52.25,5.97326,3.014,19.62,84.7,24.5
2026-07-19 19:46:40,lht65-02,52.25,5.97326,3.012,19.29,85.0,24.5
2026-07-19 19:56:40,lht65-02,52.25,5.97326,3.012,18.99,85.3,24.37
2026-07-19 20:06:40,lht65-02,52.25,5.97326,2.959,18.7,85.8,24.31
2026-07-19 20:16:40,lht65-02,52.25,5.97326,2.948,18.45,86.5,24.18
2026-07-19 20:26:40,lht65-02,52.25,5.97326,3.009,18.2,86.9,24.12
2026-07-19 20:36:40,lht65-02,52.25,5.97326,3.01,18.0,87.1,24.06
2026-07-19 20:46:40,lht65-02,52.25,5.97326,2.948,17.81,87.7,23.93
2026-07-19 20:56:40,lht65-02,52.25,5.97326,2.973,17.69,88.7,23.87
2026-07-19 21:06:40,lht65-02,52.25,5.97326,2.945,17.52,88.1,23.81
2026-07-19 21:16:40,lht65-02,52.25,5.97326,2.973,17.28,87.9,23.75
2026-07-19 21:26:40,lht65-02,52.25,5.97326,2.966,17.09,88.7,23.62
2026-07-19 21:36:40,lht65-02,52.25,5.97326,2.962,16.99,89.3,23.56
2026-07-19 21:46:40,lht65-02,52.25,5.97326,2.969,16.94,90.0,23.5
2026-07-19 21:56:39,lht65-02,52.25,5.97326,2.973,16.92,90.5,23.43
2026-07-19 22:06:39,lht65-02,52.25,5.97326,2.971,16.89,90.8,23.37
2026-07-19 22:16:40,lht65-02,52.25,5.97326,2.976,16.81,90.5,23.25
2026-07-19 22:26:39,lht65-02,52.25,5.97326,2.976,16.68,90.2,23.18
2026-07-19 22:36:39,lht65-02,52.25,5.97326,2.976,16.52,89.5,23.12
2026-07-19 22:46:39,lht65-02,52.25,5.97326,2.983,16.36,89.9,23.06
2026-07-19 22:56:39,lht65-02,52.25,5.97326,2.987,16.24,90.4,23.0
2026-07-19 23:06:39,lht65-02,52.25,5.97326,2.969,16.15,90.7,22.93
2026-07-19 23:16:39,lht65-02,52.25,5.97326,2.982,16.05,90.7,22.87
2026-07-19 23:26:39,lht65-02,52.25,5.97326,2.983,15.97,91.0,22.81
2026-07-19 23:36:39,lht65-02,52.25,5.97326,2.985,15.92,91.4,22.75
2026-07-19 23:46:39,lht65-02,52.25,5.97326,2.985,15.9,91.7,22.68
2026-07-19 23:56:39,lht65-02,52.25,5.97326,2.983,15.89,92.0,22.62
2026-07-20 00:06:39,lht65-02,52.25,5.97326,2.983,15.89,92.3,22.56
2026-07-20 00:16:39,lht65-02,52.25,5.97326,2.987,15.9,92.7,22.5
2026-07-20 00:26:39,lht65-02,52.25,5.97326,2.983,15.91,93.0,22.43
2026-07-20 00:36:39,lht65-02,52.25,5.97326,2.985,15.94,93.2,22.37
2026-07-20 00:46:39,lht65-02,52.25,5.97326,2.987,15.97,93.2,22.31
2026-07-20 00:56:39,lht65-02,52.25,5.97326,2.985,16.0,93.4,22.31
2026-07-20 01:06:39,lht65-02,52.25,5.97326,2.987,15.99,93.5,22.25
2026-07-20 01:16:39,lht65-02,52.25,5.97326,2.983,15.92,92.9,22.18
2026-07-20 01:26:39,lht65-02,52.25,5.97326,2.983,15.87,93.0,22.12
2026-07-20 01:36:39,lht65-02,52.25,5.97326,2.985,15.9,93.6,22.12
2026-07-20 01:46:39,lht65-02,52.25,5.97326,2.985,15.94,94.1,22.06
2026-07-20 01:56:39,lht65-02,52.25,5.97326,2.985,15.97,94.5,22.0
2026-07-20 02:06:39,lht65-02,52.25,5.97326,2.985,15.97,94.6,21.93
2026-07-20 02:16:39,lht65-02,52.25,5.97326,2.983,15.94,94.5,21.93
2026-07-20 02:26:39,lht65-02,52.25,5.97326,2.983,15.9,94.4,21.87
2026-07-20 02:36:39,lht65-02,52.25,5.97326,2.983,15.88,94.4,21.81
2026-07-20 02:46:39,lht65-02,52.25,5.97326,2.987,15.83,94.5,21.81
2026-07-20 02:56:39,lht65-02,52.25,5.97326,2.985,15.81,94.6,21.75
2026-07-20 03:06:39,lht65-02,52.25,5.97326,2.983,15.79,94.7,21.68
2026-07-20 03:16:39,lht65-02,52.25,5.97326,2.985,15.77,94.7,21.68
2026-07-20 03:26:39,lht65-02,52.25,5.97326,2.987,15.73,94.8,21.68
2026-07-20 03:36:39,lht65-02,52.25,5.97326,2.983,15.68,94.6,21.62
2026-07-20 03:46:39,lht65-02,52.25,5.97326,2.987,15.68,94.7,21.56
2026-07-20 03:56:39,lht65-02,52.25,5.97326,2.983,15.68,95.0,21.56
2026-07-20 04:06:39,lht65-02,52.25,5.97326,2.983,15.73,95.3,21.5
2026-07-20 04:16:39,lht65-02,52.25,5.97326,2.982,15.81,95.7,21.5
2026-07-20 04:26:39,lht65-02,52.25,5.97326,2.987,15.88,95.6,21.43
2026-07-20 04:36:39,lht65-02,52.25,5.97326,2.987,15.9,95.2,21.43
2026-07-20 04:46:39,lht65-02,52.25,5.97326,2.987,15.92,94.6,21.37
2026-07-20 04:56:39,lht65-02,52.25,5.97326,2.985,15.95,93.7,21.31
2026-07-20 05:06:39,lht65-02,52.25,5.97326,2.983,16.04,93.6,21.31
2026-07-20 05:16:39,lht65-02,52.25,5.97326,2.987,16.23,94.1,21.31
2026-07-20 05:26:39,lht65-02,52.25,5.97326,2.985,16.58,94.6,21.25
2026-07-20 05:36:39,lht65-02,52.25,5.97326,2.985,17.09,95.3,21.25
2026-07-20 05:46:39,lht65-02,52.25,5.97326,2.987,17.87,95.8,21.25
2026-07-20 05:56:39,lht65-02,52.25,5.97326,2.985,18.74,97.1,21.18
2026-07-20 06:06:39,lht65-02,52.25,5.97326,2.987,19.95,99.8,21.25
2026-07-20 06:16:39,lht65-02,52.25,5.97326,2.983,21.22,100.0,21.25
2026-07-20 06:26:39,lht65-02,52.25,5.97326,2.987,22.03,94.7,21.31
2026-07-20 06:36:39,lht65-02,52.25,5.97326,2.989,22.27,89.2,21.31
2026-07-20 06:46:39,lht65-02,52.25,5.97326,2.991,22.3,86.9,21.37
2026-07-20 06:56:39,lht65-02,52.25,5.97326,2.991,22.19,85.8,21.43
2026-07-20 07:06:39,lht65-02,52.25,5.97326,2.991,22.19,86.7,21.43
2026-07-20 07:16:39,lht65-02,52.25,5.97326,2.991,22.73,89.0,21.5
2026-07-20 07:26:39,lht65-02,52.25,5.97326,3.005,23.96,90.4,21.56
2026-07-20 07:36:39,lht65-02,52.25,5.97326,2.987,25.55,89.4,21.62
2026-07-20 07:46:39,lht65-02,52.25,5.97326,3.016,27.81,87.9,21.68
2026-07-20 07:56:39,lht65-02,52.25,5.97326,3.005,29.46,66.5,21.81
2026-07-20 08:06:39,lht65-02,52.25,5.97326,3.012,29.08,64.2,21.87
2026-07-20 08:16:39,lht65-02,52.25,5.97326,2.98,29.23,67.1,22.06
2026-07-20 08:26:39,lht65-02,52.25,5.97326,2.98,29.81,65.4,22.12
2026-07-20 08:36:39,lht65-02,52.25,5.97326,2.985,28.95,63.7,22.31
2026-07-20 08:46:38,lht65-02,52.25,5.97326,2.98,28.08,65.7,22.43
2026-07-20 08:56:39,lht65-02,52.25,5.97326,2.987,28.03,66.7,22.56
2026-07-20 09:06:38,lht65-02,52.25,5.97326,2.987,28.09,67.9,22.68
2026-07-20 09:16:38,lht65-02,52.25,5.97326,2.982,30.04,70.4,22.75
2026-07-20 09:26:38,lht65-02,52.25,5.97326,2.969,31.26,58.9,22.87
2026-07-20 09:36:38,lht65-02,52.25,5.97326,2.985,30.83,57.1,22.93
2026-07-20 09:46:38,lht65-02,52.25,5.97326,2.948,31.45,65.3,23.06
2026-07-20 09:56:38,lht65-02,52.25,5.97326,2.96,30.83,36.9,23.18
2026-07-20 10:06:38,lht65-02,52.25,5.97326,3.016,28.57,40.2,23.37
2026-07-20 10:16:38,lht65-02,52.25,5.97326,3.014,28.95,46.1,23.5
2026-07-20 10:26:38,lht65-02,52.25,5.97326,3.016,29.55,60.1,23.56
2026-07-20 10:36:38,lht65-02,52.25,5.97326,3.014,30.81,56.6,23.68
2026-07-20 10:46:38,lht65-02,52.25,5.97326,3.012,31.34,40.0,23.81
2026-07-20 10:56:38,lht65-02,52.25,5.97326,2.95,30.62,38.6,23.93
2026-07-20 11:06:38,lht65-02,52.25,5.97326,2.95,28.62,43.0,24.12
2026-07-20 11:16:38,lht65-02,52.25,5.97326,2.948,28.47,59.4,24.18
2026-07-20 11:26:38,lht65-02,52.25,5.97326,2.948,30.33,47.2,24.25
2026-07-20 11:36:38,lht65-02,52.25,5.97326,2.954,28.42,42.3,24.37
2026-07-20 11:46:38,lht65-02,52.25,5.97326,2.95,28.33,50.1,24.43
2026-07-20 11:56:38,lht65-02,52.25,5.97326,2.962,29.0,49.1,24.56
2026-07-20 12:06:38,lht65-02,52.25,5.97326,2.962,30.27,63.5,24.62
2026-07-20 12:16:38,lht65-02,52.25,5.97326,2.96,30.69,41.0,24.68
2026-07-20 12:26:38,lht65-02,52.25,5.97326,2.959,30.03,39.7,24.75
2026-07-20 12:36:38,lht65-02,52.25,5.97326,2.959,29.8,40.6,24.87
2026-07-20 12:46:38,lht65-02,52.25,5.97326,2.98,31.61,57.8,25.0
2026-07-20 12:56:38,lht65-02,52.25,5.97326,2.987,31.6,34.5,25.12
2026-07-20 13:06:38,lht65-02,52.25,5.97326,2.948,30.14,43.5,25.18
2026-07-20 13:16:38,lht65-02,52.25,5.97326,3.019,28.64,41.9,25.31
2026-07-20 13:26:38,lht65-02,52.25,5.97326,3.019,29.66,58.5,25.43
2026-07-20 13:36:38,lht65-02,52.25,5.97326,3.019,31.8,37.3,25.56
2026-07-20 13:46:38,lht65-02,52.25,5.97326,3.019,30.28,37.9,25.68
2026-07-20 13:56:38,lht65-02,52.25,5.97326,3.018,27.86,42.0,25.81
2026-07-20 14:06:38,lht65-02,52.25,5.97326,3.016,28.84,54.6,25.93
2026-07-20 14:16:38,lht65-02,52.25,5.97326,3.016,30.83,45.7,26.0
2026-07-20 14:26:38,lht65-02,52.25,5.97326,3.016,28.38,43.0,26.06
2026-07-20 14:36:38,lht65-02,52.25,5.97326,3.016,27.45,41.8,26.12
2026-07-20 14:46:38,lht65-02,52.25,5.97326,3.021,26.26,47.2,26.18
2026-07-20 14:56:38,lht65-02,52.25,5.97326,3.023,28.08,59.6,26.18
2026-07-20 15:06:38,lht65-02,52.25,5.97326,3.023,30.18,50.2,26.18
2026-07-20 15:16:38,lht65-02,52.25,5.97326,3.023,29.39,40.0,26.18
2026-07-20 15:26:38,lht65-02,52.25,5.97326,3.021,28.26,42.1,26.18
2026-07-20 15:36:38,lht65-02,52.25,5.97326,3.023,27.28,45.9,26.18
2026-07-20 15:46:38,lht65-02,52.25,5.97326,3.023,28.0,56.8,26.18
2026-07-20 16:06:38,lht65-02,52.25,5.97326,3.019,29.34,59.0,26.18
2026-07-20 16:16:38,lht65-02,52.25,5.97326,3.023,29.4,57.3,26.18
2026-07-20 16:26:38,lht65-02,52.25,5.97326,3.023,29.0,59.6,26.18
2026-07-20 16:36:38,lht65-02,52.25,5.97326,3.021,28.56,61.3,26.18
2026-07-20 16:46:38,lht65-02,52.25,5.97326,3.021,27.83,62.4,26.18
2026-07-20 16:56:38,lht65-02,52.25,5.97326,3.023,27.16,62.8,26.18
2026-07-20 17:06:38,lht65-02,52.25,5.97326,3.021,26.27,64.1,26.12
2026-07-20 17:16:38,lht65-02,52.25,5.97326,3.023,25.32,65.7,26.12
2026-07-20 17:26:38,lht65-02,52.25,5.97326,3.021,24.42,65.3,26.12
2026-07-20 17:36:38,lht65-02,52.25,5.97326,3.019,23.6,66.5,26.0
2026-07-20 17:46:38,lht65-02,52.25,5.97326,3.023,22.88,66.2,26.0
2026-07-20 17:56:37,lht65-02,52.25,5.97326,3.021,22.28,69.7,25.87
2026-07-20 18:06:38,lht65-02,52.25,5.97326,3.021,21.9,74.1,25.81
2026-07-20 18:16:37,lht65-02,52.25,5.97326,3.019,21.68,76.1,25.75
2026-07-20 18:26:37,lht65-02,52.25,5.97326,3.023,21.46,78.1,25.68
2026-07-20 18:36:37,lht65-02,52.25,5.97326,3.019,21.23,78.7,25.56
2026-07-20 18:46:37,lht65-02,52.25,5.97326,3.019,20.99,79.1,25.43
2026-07-20 18:56:37,lht65-02,52.25,5.97326,3.019,20.75,79.8,25.37
2026-07-20 19:06:37,lht65-02,52.25,5.97326,3.019,20.43,80.2,25.31
2026-07-20 19:16:37,lht65-02,52.25,5.97326,3.019,20.04,80.3,25.18
2026-07-20 19:26:37,lht65-02,52.25,5.97326,3.019,19.69,81.0,25.06
2026-07-20 19:36:37,lht65-02,52.25,5.97326,3.019,19.15,81.0,25.0
2026-07-20 19:46:37,lht65-02,52.25,5.97326,3.023,18.61,81.5,24.87
2026-07-20 19:56:37,lht65-02,52.25,5.97326,3.023,18.11,82.3,24.81
2026-07-20 20:06:37,lht65-02,52.25,5.97326,3.012,17.64,82.9,24.68
2026-07-20 20:16:37,lht65-02,52.25,5.97326,3.01,17.22,83.6,24.62
2026-07-20 20:26:37,lht65-02,52.25,5.97326,3.001,16.85,84.0,24.5
2026-07-20 20:36:37,lht65-02,52.25,5.97326,3.016,16.49,84.6,24.37
2026-07-20 20:46:37,lht65-02,52.25,5.97326,3.014,16.15,85.1,24.31
2026-07-20 20:56:37,lht65-02,52.25,5.97326,2.968,15.85,85.4,24.18
2026-07-20 21:06:37,lht65-02,52.25,5.97326,2.991,15.58,85.8,24.06
2026-07-20 21:16:37,lht65-02,52.25,5.97326,2.95,15.3,85.9,24.0
2026-07-20 21:26:37,lht65-02,52.25,5.97326,2.987,15.02,86.2,23.93
2026-07-20 21:36:37,lht65-02,52.25,5.97326,2.938,14.74,86.3,23.75
2026-07-20 21:46:37,lht65-02,52.25,5.97326,2.966,14.48,86.2,23.68
2026-07-20 21:56:37,lht65-02,52.25,5.97326,2.976,14.3,86.2,23.56
2026-07-20 22:06:37,lht65-02,52.25,5.97326,2.994,13.9,86.6,23.5
2026-07-20 22:16:37,lht65-02,52.25,5.97326,3.005,13.68,87.1,23.37
2026-07-20 22:26:37,lht65-02,52.25,5.97326,3.005,13.47,87.3,23.31
2026-07-20 22:36:37,lht65-02,52.25,5.97326,3.001,13.25,87.2,23.18
2026-07-20 22:46:37,lht65-02,52.25,5.97326,3.01,13.02,87.3,23.12
2026-07-20 22:56:37,lht65-02,52.25,5.97326,3.001,12.85,87.6,23.0
2026-07-20 23:06:37,lht65-02,52.25,5.97326,3.005,12.71,87.8,22.93
2026-07-20 23:16:37,lht65-02,52.25,5.97326,3.009,12.55,87.9,22.81
2026-07-20 23:26:37,lht65-02,52.25,5.97326,3.001,12.4,87.9,22.68
2026-07-20 23:36:37,lht65-02,52.25,5.97326,2.929,12.25,88.1,22.62
2026-07-20 23:46:37,lht65-02,52.25,5.97326,3.007,12.08,88.2,22.56
2026-07-20 23:56:37,lht65-02,52.25,5.97326,3.005,11.94,88.3,22.43
2026-07-21 00:06:37,lht65-02,52.25,5.97326,3.009,11.79,88.2,22.37
2026-07-21 00:16:37,lht65-02,52.25,5.97326,3.01,11.61,88.3,22.25
2026-07-21 00:26:37,lht65-02,52.25,5.97326,3.012,11.5,88.3,22.18
2026-07-21 00:36:37,lht65-02,52.25,5.97326,3.012,11.34,88.3,22.12
2026-07-21 00:46:37,lht65-02,52.25,5.97326,3.009,11.17,88.3,22.0
2026-07-21 00:56:37,lht65-02,52.25,5.97326,3.001,10.99,88.4,21.93
2026-07-21 01:06:37,lht65-02,52.25,5.97326,2.962,10.86,88.5,21.81
2026-07-21 01:16:37,lht65-02,52.25,5.97326,3.009,10.66,88.3,21.75
2026-07-21 01:26:37,lht65-02,52.25,5.97326,3.001,10.56,88.7,21.68
2026-07-21 01:36:37,lht65-02,52.25,5.97326,2.991,10.45,88.9,21.62
2026-07-21 01:46:37,lht65-02,52.25,5.97326,3.009,10.36,89.2,21.5
2026-07-21 01:56:37,lht65-02,52.25,5.97326,3.005,10.3,89.5,21.43
2026-07-21 02:06:37,lht65-02,52.25,5.97326,3.012,10.33,90.3,21.37
2026-07-21 02:16:37,lht65-02,52.25,5.97326,3.014,10.43,91.0,21.25
2026-07-21 02:26:37,lht65-02,52.25,5.97326,3.016,10.62,92.2,21.18
2026-07-21 02:36:37,lht65-02,52.25,5.97326,3.016,10.93,93.9,21.12
2026-07-21 02:46:37,lht65-02,52.25,5.97326,3.016,11.25,95.8,21.06
2026-07-21 02:56:37,lht65-02,52.25,5.97326,3.016,11.5,97.4,21.0
2026-07-21 03:06:37,lht65-02,52.25,5.97326,3.014,11.55,98.1,20.93
2026-07-21 03:16:37,lht65-02,52.25,5.97326,3.016,11.54,97.4,20.87
2026-07-21 03:26:37,lht65-02,52.25,5.97326,3.014,11.4,95.6,20.81
2026-07-21 03:36:37,lht65-02,52.25,5.97326,3.018,11.46,95.8,20.81
2026-07-21 03:46:37,lht65-02,52.25,5.97326,3.012,11.65,96.7,20.68
2026-07-21 03:56:37,lht65-02,52.25,5.97326,3.014,11.94,97.4,20.68
2026-07-21 04:06:37,lht65-02,52.25,5.97326,3.018,12.25,98.3,20.62
2026-07-21 04:16:37,lht65-02,52.25,5.97326,3.016,12.58,99.4,20.62
2026-07-21 04:26:37,lht65-02,52.25,5.97326,3.016,12.93,100.0,20.56
2026-07-21 04:36:37,lht65-02,52.25,5.97326,3.016,13.33,100.0,20.5
2026-07-21 04:46:37,lht65-02,52.25,5.97326,3.018,13.74,100.0,20.5
2026-07-21 04:56:37,lht65-02,52.25,5.97326,3.01,14.3,100.0,20.43
2026-07-21 05:06:37,lht65-02,52.25,5.97326,2.971,14.99,100.0,20.43
2026-07-21 05:16:36,lht65-02,52.25,5.97326,2.983,15.8,100.0,20.43
2026-07-21 05:26:37,lht65-02,52.25,5.97326,2.968,16.58,100.0,20.43
2026-07-21 05:36:37,lht65-02,52.25,5.97326,2.998,17.38,100.0,20.43
2026-07-21 05:46:36,lht65-02,52.25,5.97326,2.996,18.18,100.0,20.43
2026-07-21 05:56:37,lht65-02,52.25,5.97326,3.009,18.76,100.0,20.5
2026-07-21 06:06:36,lht65-02,52.25,5.97326,3.016,19.3,97.7,20.5
2026-07-21 06:16:36,lht65-02,52.25,5.97326,2.996,19.91,97.8,20.56
2026-07-21 06:26:36,lht65-02,52.25,5.97326,2.959,20.85,96.4,20.56
2026-07-21 06:36:36,lht65-02,52.25,5.97326,2.945,21.75,95.3,20.62
2026-07-21 06:46:36,lht65-02,52.25,5.97326,2.917,22.54,71.6,20.62
2026-07-21 06:56:36,lht65-02,52.25,5.97326,3.019,22.26,73.5,20.75
2026-07-21 07:06:36,lht65-02,52.25,5.97326,3.019,21.76,71.3,20.81
2026-07-21 07:16:36,lht65-02,52.25,5.97326,3.019,21.35,72.5,20.87
2026-07-21 07:26:36,lht65-02,52.25,5.97326,3.019,21.52,77.3,20.93
2026-07-21 07:36:36,lht65-02,52.25,5.97326,2.957,23.24,76.0,21.0
2026-07-21 07:46:36,lht65-02,52.25,5.97326,3.009,23.15,67.7,21.06
2026-07-21 07:56:36,lht65-02,52.25,5.97326,2.994,23.78,73.5,21.18
2026-07-21 08:06:37,lht65-02,52.25,5.97326,2.943,25.32,64.6,21.25
2026-07-21 08:16:36,lht65-02,52.25,5.97326,2.938,26.44,66.0,21.31
2026-07-21 08:26:36,lht65-02,52.25,5.97326,2.994,27.02,55.6,21.43
2026-07-21 08:36:36,lht65-02,52.25,5.97326,3.016,25.36,51.8,21.62
2026-07-21 08:46:36,lht65-02,52.25,5.97326,3.018,23.34,54.8,21.68
2026-07-21 08:56:36,lht65-02,52.25,5.97326,3.019,24.77,68.8,21.81
2026-07-21 09:06:36,lht65-02,52.25,5.97326,2.983,25.32,56.6,21.93
2026-07-21 09:16:36,lht65-02,52.25,5.97326,3.012,25.34,74.1,22.0
2026-07-21 09:26:36,lht65-02,52.25,5.97326,3.016,26.85,51.5,22.12
2026-07-21 09:36:36,lht65-02,52.25,5.97326,3.016,26.63,56.3,22.25
2026-07-21 09:46:36,lht65-02,52.25,5.97326,3.005,27.49,47.7,22.31
2026-07-21 09:56:36,lht65-02,52.25,5.97326,3.016,25.57,50.5,22.43
2026-07-21 10:06:36,lht65-02,52.25,5.97326,3.018,26.63,57.1,22.56
2026-07-21 10:16:36,lht65-02,52.25,5.97326,3.019,26.91,49.1,22.68
2026-07-21 10:26:36,lht65-02,52.25,5.97326,3.018,27.2,54.2,22.81
2026-07-21 10:36:36,lht65-02,52.25,5.97326,3.005,28.05,67.3,22.87
2026-07-21 10:46:36,lht65-02,52.25,5.97326,2.991,29.92,43.6,23.0
2026-07-21 10:56:36,lht65-02,52.25,5.97326,3.01,28.54,46.9,23.18
2026-07-21 11:06:36,lht65-02,52.25,5.97326,3.009,28.08,48.1,23.25
2026-07-21 11:16:36,lht65-02,52.25,5.97326,3.01,27.08,53.2,23.37
2026-07-21 11:26:36,lht65-02,52.25,5.97326,3.014,29.0,69.4,23.5
2026-07-21 11:36:36,lht65-02,52.25,5.97326,3.001,30.26,42.9,23.56
2026-07-21 11:46:36,lht65-02,52.25,5.97326,3.016,29.53,44.6,23.68
2026-07-21 11:56:36,lht65-02,52.25,5.97326,3.014,28.45,47.0,23.75
2026-07-21 12:06:36,lht65-02,52.25,5.97326,3.014,29.0,63.5,23.87
2026-07-21 12:16:36,lht65-02,52.25,5.97326,3.014,30.79,42.9,23.93
2026-07-21 12:26:36,lht65-02,52.25,5.97326,3.016,30.29,45.0,24.06
2026-07-21 12:36:36,lht65-02,52.25,5.97326,3.016,29.36,47.4,24.12
2026-07-21 12:46:36,lht65-02,52.25,5.97326,3.014,29.87,60.4,24.25
2026-07-21 12:56:36,lht65-02,52.25,5.97326,3.012,32.32,45.8,24.31
2026-07-21 13:06:36,lht65-02,52.25,5.97326,3.019,32.59,42.3,24.37
2026-07-21 13:16:36,lht65-02,52.25,5.97326,3.019,31.79,38.6,24.5
2026-07-21 13:26:36,lht65-02,52.25,5.97326,3.019,30.83,50.1,24.62
2026-07-21 13:36:36,lht65-02,52.25,5.97326,3.019,30.69,56.7,24.81
2026-07-21 13:46:36,lht65-02,52.25,5.97326,3.019,31.96,54.2,24.87
2026-07-21 13:56:36,lht65-02,52.25,5.97326,3.021,32.74,42.5,25.0
2026-07-21 14:06:36,lht65-02,52.25,5.97326,3.019,32.21,41.8,25.12
2026-07-21 14:16:36,lht65-02,52.25,5.97326,3.019,31.67,42.4,25.25
2026-07-21 14:26:36,lht65-02,52.25,5.97326,3.019,31.5,51.6,25.31
2026-07-21 14:36:36,lht65-02,52.25,5.97326,3.021,31.35,52.7,25.43
2026-07-21 14:46:36,lht65-02,52.25,5.97326,3.021,32.41,43.4,25.5
2026-07-21 14:56:36,lht65-02,52.25,5.97326,3.019,30.73,41.6,25.62
2026-07-21 15:06:36,lht65-02,52.25,5.97326,3.019,28.08,46.3,25.68
2026-07-21 15:16:35,lht65-02,52.25,5.97326,3.016,27.37,50.2,25.68
2026-07-21 15:26:35,lht65-02,52.25,5.97326,3.019,28.23,58.3,25.75
2026-07-21 15:36:35,lht65-02,52.25,5.97326,3.019,29.37,59.1,25.68
2026-07-21 15:46:35,lht65-02,52.25,5.97326,3.019,30.28,53.1,25.68
2026-07-21 15:56:35,lht65-02,52.25,5.97326,3.019,30.82,49.4,25.75
2026-07-21 16:06:35,lht65-02,52.25,5.97326,3.019,30.18,54.7,25.75
2026-07-21 16:16:35,lht65-02,52.25,5.97326,3.019,29.72,58.1,25.75
2026-07-21 16:26:35,lht65-02,52.25,5.97326,3.019,29.41,56.1,25.81
2026-07-21 16:36:35,lht65-02,52.25,5.97326,3.019,28.49,59.4,25.81
2026-07-21 16:46:35,lht65-02,52.25,5.97326,3.019,27.87,60.3,25.81
2026-07-21 16:56:35,lht65-02,52.25,5.97326,3.019,27.33,60.4,25.81
2026-07-21 17:06:35,lht65-02,52.25,5.97326,3.016,26.54,63.8,25.81
2026-07-21 17:16:35,lht65-02,52.25,5.97326,3.016,25.58,61.6,25.81
2026-07-21 17:26:35,lht65-02,52.25,5.97326,3.019,24.66,64.0,25.75
2026-07-21 17:36:35,lht65-02,52.25,5.97326,3.016,23.74,65.0,25.68
2026-07-21 17:46:35,lht65-02,52.25,5.97326,3.021,22.84,67.2,25.68
2026-07-21 17:56:35,lht65-02,52.25,5.97326,3.023,22.19,72.9,25.62
2026-07-21 18:06:35,lht65-02,52.25,5.97326,3.021,21.85,75.4,25.56
2026-07-21 18:16:35,lht65-02,52.25,5.97326,3.023,21.68,76.5,25.5
2026-07-21 18:26:35,lht65-02,52.25,5.97326,3.019,21.57,78.3,25.37
2026-07-21 18:36:35,lht65-02,52.25,5.97326,3.021,21.39,77.7,25.31
2026-07-21 18:46:35,lht65-02,52.25,5.97326,3.014,21.02,79.3,25.18
2026-07-21 18:56:35,lht65-02,52.25,5.97326,3.012,20.6,78.7,25.12
2026-07-21 19:06:35,lht65-02,52.25,5.97326,3.012,20.11,80.4,25.06
2026-07-21 19:16:35,lht65-02,52.25,5.97326,3.009,19.74,81.1,24.93
2026-07-21 19:26:35,lht65-02,52.25,5.97326,3.012,19.22,81.9,24.87
2026-07-21 19:36:35,lht65-02,52.25,5.97326,3.012,18.76,82.6,24.75
2026-07-21 19:46:35,lht65-02,52.25,5.97326,3.001,18.31,83.4,24.68
2026-07-21 19:56:35,lht65-02,52.25,5.97326,2.996,17.87,83.9,24.62
2026-07-21 20:06:35,lht65-02,52.25,5.97326,3.005,17.48,84.8,24.5
2026-07-21 20:16:35,lht65-02,52.25,5.97326,2.987,17.26,86.2,24.43
2026-07-21 20:26:35,lht65-02,52.25,5.97326,3.012,17.24,88.2,24.31
2026-07-21 20:36:35,lht65-02,52.25,5.97326,3.016,17.33,89.0,24.25
2026-07-21 20:46:35,lht65-02,52.25,5.97326,3.012,17.44,89.4,24.12
2026-07-21 20:56:35,lht65-02,52.25,5.97326,3.014,17.55,89.8,24.0
2026-07-21 21:06:35,lht65-02,52.25,5.97326,3.016,17.65,90.1,23.93
2026-07-21 21:16:35,lht65-02,52.25,5.97326,3.016,17.74,90.2,23.87
2026-07-21 21:26:35,lht65-02,52.25,5.97326,3.016,17.83,90.5,23.81
2026-07-21 21:36:35,lht65-02,52.25,5.97326,3.016,17.88,90.2,23.75
2026-07-21 21:46:35,lht65-02,52.25,5.97326,3.016,17.88,90.4,23.62
2026-07-21 21:56:35,lht65-02,52.25,5.97326,3.016,17.88,90.6,23.62
2026-07-21 22:06:35,lht65-02,52.25,5.97326,3.016,17.88,90.8,23.56
2026-07-21 22:16:35,lht65-02,52.25,5.97326,3.012,17.89,91.0,23.43
2026-07-21 22:26:35,lht65-02,52.25,5.97326,3.014,17.89,91.0,23.43
2026-07-21 22:36:35,lht65-02,52.25,5.97326,3.016,17.87,90.9,23.37
2026-07-21 22:46:35,lht65-02,52.25,5.97326,3.016,17.84,91.0,23.31
2026-07-21 22:56:35,lht65-02,52.25,5.97326,3.016,17.77,91.0,23.25
2026-07-21 23:06:35,lht65-02,52.25,5.97326,3.016,17.69,91.0,23.18
2026-07-21 23:16:35,lht65-02,52.25,5.97326,3.016,17.61,91.0,23.12
2026-07-21 23:26:35,lht65-02,52.25,5.97326,3.016,17.52,91.1,23.06
2026-07-21 23:36:35,lht65-02,52.25,5.97326,3.018,17.44,91.0,23.06
2026-07-21 23:46:35,lht65-02,52.25,5.97326,3.005,17.38,91.3,23.0
2026-07-21 23:56:35,lht65-02,52.25,5.97326,3.016,17.33,91.6,22.93
2026-07-22 00:06:35,lht65-02,52.25,5.97326,3.016,17.31,91.9,22.87
2026-07-22 00:16:35,lht65-02,52.25,5.97326,3.016,17.23,91.5,22.81
2026-07-22 00:26:35,lht65-02,52.25,5.97326,3.016,17.09,91.4,22.75
2026-07-22 00:36:35,lht65-02,52.25,5.97326,2.998,17.06,91.3,22.75
2026-07-22 00:46:34,lht65-02,52.25,5.97326,3.012,16.97,91.5,22.68
2026-07-22 00:56:35,lht65-02,52.25,5.97326,3.012,16.88,91.7,22.62
2026-07-22 01:06:35,lht65-02,52.25,5.97326,3.012,16.78,91.5,22.56
2026-07-22 01:16:35,lht65-02,52.25,5.97326,2.987,16.66,91.5,22.56
2026-07-22 01:26:35,lht65-02,52.25,5.97326,2.982,16.63,92.1,22.5
2026-07-22 01:36:34,lht65-02,52.25,5.97326,3.005,16.63,92.7,22.43
2026-07-22 01:46:34,lht65-02,52.25,5.97326,2.966,16.66,93.2,22.37
2026-07-22 01:56:34,lht65-02,52.25,5.97326,2.985,16.68,93.5,22.31
2026-07-22 02:06:34,lht65-02,52.25,5.97326,3.003,16.68,93.6,22.31
2026-07-22 02:16:34,lht65-02,52.25,5.97326,2.987,16.66,93.3,22.25
2026-07-22 02:26:34,lht65-02,52.25,5.97326,2.976,16.64,93.4,22.18
2026-07-22 02:36:34,lht65-02,52.25,5.97326,3.012,16.62,93.4,22.18
2026-07-22 02:46:36,lht65-02,52.25,5.97326,3.009,16.54,93.3,22.12
2026-07-22 02:56:34,lht65-02,52.25,5.97326,3.007,16.44,93.1,22.12
2026-07-22 03:06:34,lht65-02,52.25,5.97326,2.941,16.44,93.7,22.06
2026-07-22 03:16:34,lht65-02,52.25,5.97326,3.009,16.47,94.1,22.0
2026-07-22 03:26:35,lht65-02,52.25,5.97326,3.009,16.5,94.6,22.0
2026-07-22 03:36:34,lht65-02,52.25,5.97326,3.01,16.52,94.9,21.93
2026-07-22 03:46:34,lht65-02,52.25,5.97326,3.012,16.59,95.4,21.93
2026-07-22 03:56:34,lht65-02,52.25,5.97326,3.009,16.68,96.1,21.87
2026-07-22 04:06:34,lht65-02,52.25,5.97326,3.009,16.78,96.8,21.81
2026-07-22 04:16:34,lht65-02,52.25,5.97326,3.012,16.85,97.1,21.81
2026-07-22 04:26:34,lht65-02,52.25,5.97326,3.01,16.96,97.2,21.81
2026-07-22 04:36:34,lht65-02,52.25,5.97326,3.012,17.09,97.3,21.75
2026-07-22 04:46:34,lht65-02,52.25,5.97326,3.012,17.21,97.4,21.75
2026-07-22 04:56:34,lht65-02,52.25,5.97326,3.01,17.35,97.5,21.68
2026-07-22 05:06:34,lht65-02,52.25,5.97326,3.009,17.46,97.2,21.68
2026-07-22 05:16:34,lht65-02,52.25,5.97326,3.009,17.55,96.1,21.62
2026-07-22 05:26:34,lht65-02,52.25,5.97326,3.001,17.83,96.2,21.62
2026-07-22 05:36:34,lht65-02,52.25,5.97326,2.959,18.18,96.3,21.62
2026-07-22 05:46:34,lht65-02,52.25,5.97326,2.948,18.56,96.2,21.62
2026-07-22 05:56:34,lht65-02,52.25,5.97326,3.012,18.88,95.9,21.62
2026-07-22 06:06:34,lht65-02,52.25,5.97326,3.009,19.09,95.4,21.56
2026-07-22 06:16:34,lht65-02,52.25,5.97326,3.009,19.38,95.5,21.62
2026-07-22 06:26:34,lht65-02,52.25,5.97326,3.003,19.86,95.8,21.62
2026-07-22 06:36:34,lht65-02,52.25,5.97326,3.012,20.77,96.5,21.62
2026-07-22 06:46:34,lht65-02,52.25,5.97326,3.009,21.54,96.7,21.62
2026-07-22 06:56:34,lht65-02,52.25,5.97326,3.019,22.14,94.7,21.62
2026-07-22 07:06:34,lht65-02,52.25,5.97326,3.019,22.51,92.1,21.68
2026-07-22 07:16:34,lht65-02,52.25,5.97326,3.021,22.59,91.1,21.75
2026-07-22 07:26:34,lht65-02,52.25,5.97326,3.019,22.85,90.9,21.75
2026-07-22 07:36:34,lht65-02,52.25,5.97326,3.019,22.97,88.3,21.81
2026-07-22 07:46:34,lht65-02,52.25,5.97326,3.019,22.93,87.7,21.87
2026-07-22 07:56:34,lht65-02,52.25,5.97326,3.019,23.14,89.0,21.87
2026-07-22 08:06:34,lht65-02,52.25,5.97326,3.009,23.51,89.0,21.93
2026-07-22 08:16:34,lht65-02,52.25,5.97326,3.005,24.04,90.0,22.0
2026-07-22 08:26:34,lht65-02,52.25,5.97326,2.996,24.45,88.9,22.0
2026-07-22 08:36:34,lht65-02,52.25,5.97326,2.991,24.97,89.1,22.06
2026-07-22 08:46:34,lht65-02,52.25,5.97326,3.009,25.82,89.6,22.12
2026-07-22 08:56:34,lht65-02,52.25,5.97326,3.009,26.83,87.3,22.18
2026-07-22 09:06:34,lht65-02,52.25,5.97326,3.019,26.6,81.9,22.25
2026-07-22 09:16:34,lht65-02,52.25,5.97326,3.019,25.72,81.1,22.31
2026-07-22 09:26:34,lht65-02,52.25,5.97326,3.019,25.59,81.9,22.37
2026-07-22 09:36:34,lht65-02,52.25,5.97326,3.019,26.05,84.8,22.43
2026-07-22 09:46:34,lht65-02,52.25,5.97326,2.991,27.16,87.2,22.5
2026-07-22 09:56:34,lht65-02,52.25,5.97326,3.012,28.36,73.1,22.56
2026-07-22 10:16:34,lht65-02,52.25,5.97326,3.009,29.28,72.0,22.75
2026-07-22 10:26:34,lht65-02,52.25,5.97326,3.016,30.17,70.1,22.81
2026-07-22 10:36:34,lht65-02,52.25,5.97326,3.014,30.72,64.2,22.93
2026-07-22 10:46:34,lht65-02,52.25,5.97326,3.012,30.23,67.2,23.0
2026-07-22 10:56:33,lht65-02,52.25,5.97326,3.014,29.77,63.9,23.12
2026-07-22 11:06:34,lht65-02,52.25,5.97326,3.014,28.69,64.3,23.18
2026-07-22 11:16:34,lht65-02,52.25,5.97326,3.016,26.86,66.3,23.25
2026-07-22 11:26:34,lht65-02,52.25,5.97326,3.016,27.16,69.7,23.31
2026-07-22 11:36:33,lht65-02,52.25,5.97326,3.016,27.18,69.6,23.37
2026-07-22 11:46:33,lht65-02,52.25,5.97326,3.016,27.04,69.9,23.37
2026-07-22 11:56:33,lht65-02,52.25,5.97326,3.016,26.72,69.5,23.43
2026-07-22 12:06:33,lht65-02,52.25,5.97326,3.019,26.23,69.3,23.43
2026-07-22 12:16:33,lht65-02,52.25,5.97326,3.016,27.27,78.5,23.5
2026-07-22 12:26:33,lht65-02,52.25,5.97326,3.016,28.72,68.9,23.5
2026-07-22 12:36:33,lht65-02,52.25,5.97326,3.016,29.31,67.3,23.5
2026-07-22 12:46:33,lht65-02,52.25,5.97326,3.016,29.25,64.6,23.56
2026-07-22 12:56:33,lht65-02,52.25,5.97326,3.016,29.0,65.9,23.62
2026-07-22 13:06:33,lht65-02,52.25,5.97326,3.016,28.44,64.4,23.62
2026-07-22 13:16:33,lht65-02,52.25,5.97326,3.016,27.44,65.6,23.75
2026-07-22 13:26:33,lht65-02,52.25,5.97326,3.016,27.75,67.6,23.75
2026-07-22 13:36:33,lht65-02,52.25,5.97326,3.014,28.37,66.1,23.81
2026-07-22 13:46:33,lht65-02,52.25,5.97326,3.012,28.66,65.2,23.81
2026-07-22 13:56:33,lht65-02,52.25,5.97326,3.014,28.48,63.3,23.81
2026-07-22 14:06:33,lht65-02,52.25,5.97326,3.016,27.59,64.2,23.87
2026-07-22 14:16:33,lht65-02,52.25,5.97326,3.016,26.72,67.1,23.87
2026-07-22 14:26:33,lht65-02,52.25,5.97326,3.016,26.94,68.9,23.93
2026-07-22 14:36:33,lht65-02,52.25,5.97326,3.016,26.69,68.6,23.93
2026-07-22 14:46:33,lht65-02,52.25,5.97326,3.016,26.65,68.6,23.93
2026-07-22 14:56:33,lht65-02,52.25,5.97326,3.016,27.04,68.9,24.0
2026-07-22 15:06:33,lht65-02,52.25,5.97326,3.014,27.68,68.6,23.93
2026-07-22 15:16:33,lht65-02,52.25,5.97326,3.016,26.62,64.8,24.0
2026-07-22 15:26:33,lht65-02,52.25,5.97326,3.014,25.88,68.7,24.0
2026-07-22 15:36:33,lht65-02,52.25,5.97326,3.016,26.86,69.0,24.0
2026-07-22 15:46:33,lht65-02,52.25,5.97326,3.016,27.03,66.5,24.0
2026-07-22 15:56:33,lht65-02,52.25,5.97326,3.016,27.22,65.8,24.0
2026-07-22 16:06:33,lht65-02,52.25,5.97326,3.016,26.61,69.6,24.06
2026-07-22 16:16:33,lht65-02,52.25,5.97326,3.018,26.34,75.5,24.06
2026-07-22 16:26:33,lht65-02,52.25,5.97326,3.016,26.8,76.4,24.06
2026-07-22 16:36:33,lht65-02,52.25,5.97326,3.016,26.53,77.2,24.06
2026-07-22 16:46:33,lht65-02,52.25,5.97326,3.016,25.97,78.1,24.06
2026-07-22 16:56:33,lht65-02,52.25,5.97326,3.016,25.32,77.4,24.12
2026-07-22 17:06:33,lht65-02,52.25,5.97326,3.016,24.7,79.5,24.12
2026-07-22 17:16:33,lht65-02,52.25,5.97326,3.016,24.19,79.5,24.12
2026-07-22 17:26:33,lht65-02,52.25,5.97326,3.012,23.22,78.8,24.12
2026-07-22 17:36:33,lht65-02,52.25,5.97326,3.01,22.06,79.0,24.06
2026-07-22 17:46:33,lht65-02,52.25,5.97326,3.012,21.45,81.8,24.06
2026-07-22 17:56:33,lht65-02,52.25,5.97326,3.009,21.15,83.5,24.0
2026-07-22 18:06:33,lht65-02,52.25,5.97326,3.012,21.08,84.7,23.93
2026-07-22 18:16:33,lht65-02,52.25,5.97326,3.012,20.84,85.3,23.87
2026-07-22 18:26:33,lht65-02,52.25,5.97326,3.01,20.52,85.8,23.87
2026-07-22 18:36:33,lht65-02,52.25,5.97326,3.001,20.23,86.5,23.81
2026-07-22 18:46:33,lht65-02,52.25,5.97326,2.968,19.86,87.2,23.75
2026-07-22 18:56:33,lht65-02,52.25,5.97326,2.996,19.73,87.2,23.68
2026-07-22 19:16:33,lht65-02,52.25,5.97326,2.985,19.04,88.0,23.56
2026-07-22 19:26:33,lht65-02,52.25,5.97326,2.976,18.75,88.5,23.5
2026-07-22 19:36:33,lht65-02,52.25,5.97326,2.964,18.49,89.0,23.43
2026-07-22 19:46:33,lht65-02,52.25,5.97326,3.01,18.27,89.5,23.37
2026-07-22 19:56:33,lht65-02,52.25,5.97326,3.01,18.05,89.9,23.31
2026-07-22 20:06:33,lht65-02,52.25,5.97326,3.01,17.87,90.1,23.18
2026-07-22 20:16:32,lht65-02,52.25,5.97326,3.014,17.7,90.6,23.18
2026-07-22 20:26:32,lht65-02,52.25,5.97326,3.014,17.55,91.0,23.06
2026-07-22 20:36:32,lht65-02,52.25,5.97326,3.014,17.43,91.4,23.0
2026-07-22 20:46:33,lht65-02,52.25,5.97326,3.012,17.32,91.6,22.93
2026-07-22 20:56:33,lht65-02,52.25,5.97326,3.016,17.21,91.6,22.87
2026-07-22 21:06:32,lht65-02,52.25,5.97326,3.016,17.09,92.1,22.81
2026-07-22 21:16:32,lht65-02,52.25,5.97326,3.016,17.09,92.7,22.75
2026-07-22 21:26:32,lht65-02,52.25,5.97326,3.016,17.09,93.2,22.68
2026-07-22 21:36:32,lht65-02,52.25,5.97326,3.014,17.09,93.8,22.62
2026-07-22 21:46:32,lht65-02,52.25,5.97326,3.014,17.09,94.4,22.56
2026-07-22 21:56:32,lht65-02,52.25,5.97326,3.016,17.09,94.8,22.5
2026-07-22 22:06:32,lht65-02,52.25,5.97326,3.016,17.09,95.0,22.43
2026-07-22 22:16:32,lht65-02,52.25,5.97326,3.014,17.09,95.1,22.43
2026-07-22 22:26:32,lht65-02,52.25,5.97326,3.014,17.09,95.3,22.31
2026-07-22 22:36:32,lht65-02,52.25,5.97326,3.014,17.09,95.5,22.31
2026-07-22 22:46:32,lht65-02,52.25,5.97326,3.016,17.09,95.6,22.25
2026-07-22 22:56:32,lht65-02,52.25,5.97326,3.016,17.09,95.8,22.18
2026-07-22 23:06:32,lht65-02,52.25,5.97326,3.014,17.07,95.7,22.12
2026-07-22 23:16:32,lht65-02,52.25,5.97326,3.014,16.99,95.5,22.12
2026-07-22 23:26:32,lht65-02,52.25,5.97326,3.012,16.95,95.5,22.06
2026-07-22 23:36:32,lht65-02,52.25,5.97326,3.014,16.93,95.7,22.06
2026-07-22 23:46:32,lht65-02,52.25,5.97326,3.014,16.89,95.7,21.93
2026-07-22 23:56:32,lht65-02,52.25,5.97326,3.012,16.84,95.6,21.93
2026-07-23 00:06:32,lht65-02,52.25,5.97326,3.016,16.82,95.6,21.87
2026-07-23 00:16:32,lht65-02,52.25,5.97326,3.012,16.81,95.8,21.81
2026-07-23 00:26:32,lht65-02,52.25,5.97326,3.016,16.81,96.0,21.81
2026-07-23 00:36:32,lht65-02,52.25,5.97326,3.012,16.82,96.1,21.75
2026-07-23 00:46:32,lht65-02,52.25,5.97326,3.012,16.83,96.4,21.75
2026-07-23 00:56:32,lht65-02,52.25,5.97326,3.012,16.86,96.9,21.68
2026-07-23 01:06:32,lht65-02,52.25,5.97326,3.014,16.87,97.2,21.68
2026-07-23 01:16:32,lht65-02,52.25,5.97326,3.009,16.88,97.5,21.62
2026-07-23 01:26:32,lht65-02,52.25,5.97326,3.01,16.88,97.5,21.62
2026-07-23 01:36:32,lht65-02,52.25,5.97326,2.996,16.87,97.5,21.56
2026-07-23 01:46:32,lht65-02,52.25,5.97326,2.962,16.84,97.5,21.5
2026-07-23 01:56:32,lht65-02,52.25,5.97326,3.009,16.83,97.5,21.5
2026-07-23 02:06:32,lht65-02,52.25,5.97326,3.009,16.78,97.5,21.43
2026-07-23 02:16:32,lht65-02,52.25,5.97326,3.005,16.78,97.5,21.43
2026-07-23 02:26:32,lht65-02,52.25,5.97326,2.978,16.73,97.5,21.37
2026-07-23 02:36:32,lht65-02,52.25,5.97326,3.005,16.7,97.5,21.37
2026-07-23 02:46:32,lht65-02,52.25,5.97326,2.957,16.68,97.6,21.31
2026-07-23 02:56:32,lht65-02,52.25,5.97326,2.948,16.68,97.7,21.31
2026-07-23 03:06:32,lht65-02,52.25,5.97326,3.009,16.66,97.8,21.31
2026-07-23 03:16:32,lht65-02,52.25,5.97326,3.01,16.62,97.8,21.25
2026-07-23 03:26:32,lht65-02,52.25,5.97326,3.012,16.57,97.7,21.18
2026-07-23 03:36:32,lht65-02,52.25,5.97326,3.009,16.53,97.7,21.18
2026-07-23 03:46:32,lht65-02,52.25,5.97326,2.985,16.47,97.7,21.12
2026-07-23 03:56:32,lht65-02,52.25,5.97326,3.012,16.39,97.5,21.12
2026-07-23 04:06:32,lht65-02,52.25,5.97326,3.016,16.38,97.7,21.12
2026-07-23 04:16:32,lht65-02,52.25,5.97326,3.014,16.41,97.8,21.06
2026-07-23 04:26:32,lht65-02,52.25,5.97326,3.014,16.49,98.0,21.06
2026-07-23 04:36:32,lht65-02,52.25,5.97326,3.016,16.58,98.5,21.06
2026-07-23 04:46:32,lht65-02,52.25,5.97326,3.014,16.68,99.1,21.0
2026-07-23 04:56:32,lht65-02,52.25,5.97326,3.016,16.78,99.4,21.0
2026-07-23 05:06:32,lht65-02,52.25,5.97326,3.014,16.87,99.5,21.0
2026-07-23 05:16:32,lht65-02,52.25,5.97326,3.014,17.09,99.6,20.93
2026-07-23 05:26:32,lht65-02,52.25,5.97326,3.014,17.39,99.7,20.93
2026-07-23 05:36:32,lht65-02,52.25,5.97326,3.012,17.73,99.8,20.93
2026-07-23 05:46:32,lht65-02,52.25,5.97326,3.016,18.14,99.9,20.87
2026-07-23 05:56:32,lht65-02,52.25,5.97326,3.016,18.57,99.6,20.87
2026-07-23 06:06:32,lht65-02,52.25,5.97326,3.016,18.88,99.0,20.93
2026-07-23 06:16:32,lht65-02,52.25,5.97326,3.016,19.09,98.1,20.93
2026-07-23 06:26:32,lht65-02,52.25,5.97326,3.016,19.47,97.9,20.93
2026-07-23 06:36:32,lht65-02,52.25,5.97326,3.016,19.86,97.6,20.93
2026-07-23 06:46:32,lht65-02,52.25,5.97326,3.016,20.69,98.0,20.93
2026-07-23 06:56:32,lht65-02,52.25,5.97326,3.014,21.57,97.3,20.93
2026-07-23 07:06:31,lht65-02,52.25,5.97326,3.012,22.46,96.4,21.0
2026-07-23 07:16:31,lht65-02,52.25,5.97326,2.962,23.24,94.1,21.0
2026-07-23 07:26:31,lht65-02,52.25,5.97326,3.001,24.15,92.9,21.06
2026-07-23 07:36:31,lht65-02,52.25,5.97326,2.992,24.91,90.7,21.12
2026-07-23 07:46:31,lht65-02,52.25,5.97326,3.001,26.12,90.2,21.18
2026-07-23 07:56:31,lht65-02,52.25,5.97326,2.987,27.18,86.2,21.25
2026-07-23 08:06:31,lht65-02,52.25,5.97326,2.976,27.68,82.4,21.37
2026-07-23 08:16:31,lht65-02,52.25,5.97326,3.005,28.08,82.6,21.5
2026-07-23 08:26:31,lht65-02,52.25,5.97326,3.018,28.11,80.6,21.56
2026-07-23 08:36:31,lht65-02,52.25,5.97326,3.018,28.27,80.5,21.68
2026-07-23 08:46:31,lht65-02,52.25,5.97326,3.012,28.53,78.7,21.81
2026-07-23 08:56:31,lht65-02,52.25,5.97326,3.016,28.72,69.9,21.93
2026-07-23 09:06:31,lht65-02,52.25,5.97326,3.016,28.65,67.8,22.0
2026-07-23 09:16:31,lht65-02,52.25,5.97326,3.019,27.95,65.9,22.12
2026-07-23 09:26:31,lht65-02,52.25,5.97326,3.016,27.58,68.1,22.25
2026-07-23 09:36:31,lht65-02,52.25,5.97326,3.019,27.36,68.2,22.31
2026-07-23 09:46:31,lht65-02,52.25,5.97326,3.016,27.29,69.3,22.43
2026-07-23 09:56:31,lht65-02,52.25,5.97326,3.016,28.41,70.4,22.5
2026-07-23 10:06:31,lht65-02,52.25,5.97326,3.016,28.96,70.6,22.56
2026-07-23 10:16:31,lht65-02,52.25,5.97326,3.016,29.28,67.3,22.68
2026-07-23 10:26:31,lht65-02,52.25,5.97326,3.012,29.79,69.2,22.75
2026-07-23 10:36:31,lht65-02,52.25,5.97326,3.019,29.95,65.7,22.81
2026-07-23 10:46:31,lht65-02,52.25,5.97326,3.012,30.29,64.5,22.93
2026-07-23 10:56:31,lht65-02,52.25,5.97326,3.019,30.1,65.9,23.0
2026-07-23 11:06:31,lht65-02,52.25,5.97326,3.021,29.66,64.4,23.12
2026-07-23 11:16:31,lht65-02,52.25,5.97326,3.019,29.97,66.6,23.18
2026-07-23 11:26:31,lht65-02,52.25,5.97326,3.019,29.71,63.4,23.31
2026-07-23 11:36:31,lht65-02,52.25,5.97326,2.991,31.42,69.9,23.37
2026-07-23 11:46:31,lht65-02,52.25,5.97326,3.016,30.78,39.1,23.5
2026-07-23 11:56:31,lht65-02,52.25,5.97326,3.016,29.19,51.6,23.56
2026-07-23 12:06:31,lht65-02,52.25,5.97326,3.016,27.8,45.8,23.68
2026-07-23 12:16:31,lht65-02,52.25,5.97326,3.016,28.08,68.0,23.75
2026-07-23 12:26:31,lht65-02,52.25,5.97326,3.014,30.48,68.7,23.81
2026-07-23 12:36:31,lht65-02,52.25,5.97326,3.016,30.6,41.7,23.93
2026-07-23 12:46:31,lht65-02,52.25,5.97326,3.019,28.47,45.9,24.0
2026-07-23 12:56:31,lht65-02,52.25,5.97326,3.019,27.65,49.3,24.12
2026-07-23 13:06:31,lht65-02,52.25,5.97326,3.019,27.67,62.0,24.18
2026-07-23 13:16:31,lht65-02,52.25,5.97326,3.019,28.85,59.0,24.25
2026-07-23 13:26:31,lht65-02,52.25,5.97326,3.019,30.03,62.1,24.31
2026-07-23 13:36:31,lht65-02,52.25,5.97326,3.016,30.63,40.7,24.37
2026-07-23 13:46:31,lht65-02,52.25,5.97326,3.019,30.08,47.9,24.5
2026-07-23 13:56:31,lht65-02,52.25,5.97326,3.019,30.75,42.1,24.56
2026-07-23 14:06:31,lht65-02,52.25,5.97326,3.019,30.32,53.1,24.68
2026-07-23 14:16:31,lht65-02,52.25,5.97326,3.016,31.94,52.7,24.75
2026-07-23 14:26:31,lht65-02,52.25,5.97326,3.019,31.56,42.5,24.87
2026-07-23 14:36:31,lht65-02,52.25,5.97326,3.019,29.85,43.7,25.0
2026-07-23 14:46:31,lht65-02,52.25,5.97326,3.018,28.95,49.2,25.06
2026-07-23 14:56:31,lht65-02,52.25,5.97326,3.019,28.61,56.8,25.12
2026-07-23 15:06:31,lht65-02,52.25,5.97326,3.019,29.71,61.4,25.18
2026-07-23 15:16:31,lht65-02,52.25,5.97326,3.019,30.19,60.9,25.18
2026-07-23 15:26:31,lht65-02,52.25,5.97326,3.019,29.72,57.0,25.25
2026-07-23 15:36:31,lht65-02,52.25,5.97326,3.019,29.0,61.1,25.31
2026-07-23 15:46:31,lht65-02,52.25,5.97326,3.019,29.15,62.4,25.31
2026-07-23 15:56:31,lht65-02,52.25,5.97326,3.021,29.19,60.7,25.31
2026-07-23 16:06:31,lht65-02,52.25,5.97326,3.019,29.22,61.7,25.31
2026-07-23 16:16:31,lht65-02,52.25,5.97326,3.019,28.68,60.6,25.37
2026-07-23 16:26:30,lht65-02,52.25,5.97326,3.021,27.98,61.0,25.37
2026-07-23 16:36:30,lht65-02,52.25,5.97326,3.019,27.47,61.2,25.37
2026-07-23 16:46:31,lht65-02,52.25,5.97326,3.019,27.12,63.4,25.37
2026-07-23 16:56:30,lht65-02,52.25,5.97326,3.018,26.62,63.9,25.43
2026-07-23 17:06:30,lht65-02,52.25,5.97326,3.018,26.39,59.6,25.37
2026-07-23 17:16:30,lht65-02,52.25,5.97326,3.016,26.03,56.6,25.37
2026-07-23 17:26:30,lht65-02,52.25,5.97326,3.012,25.11,57.8,25.37
2026-07-23 17:36:30,lht65-02,52.25,5.97326,3.014,23.81,65.4,25.31
2026-07-23 17:46:30,lht65-02,52.25,5.97326,3.014,22.95,71.2,25.31
2026-07-23 17:56:30,lht65-02,52.25,5.97326,3.007,22.3,75.0,25.25
2026-07-23 18:06:30,lht65-02,52.25,5.97326,3.007,21.91,77.0,25.18
2026-07-23 18:16:30,lht65-02,52.25,5.97326,3.005,21.45,78.4,25.12
2026-07-23 18:26:30,lht65-02,52.25,5.97326,2.985,20.95,78.1,25.0
2026-07-23 18:36:30,lht65-02,52.25,5.97326,2.983,20.49,78.7,24.93
2026-07-23 18:46:30,lht65-02,52.25,5.97326,3.016,20.1,80.6,24.87
2026-07-23 18:56:30,lht65-02,52.25,5.97326,3.005,19.86,81.4,24.75
2026-07-23 19:06:30,lht65-02,52.25,5.97326,2.991,19.63,82.4,24.68
2026-07-23 19:16:30,lht65-02,52.25,5.97326,2.952,19.29,82.4,24.56
2026-07-23 19:26:30,lht65-02,52.25,5.97326,3.005,18.83,83.8,24.5
2026-07-23 19:36:30,lht65-02,52.25,5.97326,3.001,18.38,84.4,24.43
2026-07-23 19:46:30,lht65-02,52.25,5.97326,2.996,18.0,85.1,24.31
2026-07-23 19:56:30,lht65-02,52.25,5.97326,3.009,17.55,85.3,24.25
2026-07-23 20:06:30,lht65-02,52.25,5.97326,2.962,17.2,86.9,24.12
2026-07-23 20:16:30,lht65-02,52.25,5.97326,3.012,17.06,87.9,24.06
2026-07-23 20:26:30,lht65-02,52.25,5.97326,2.987,16.8,87.5,23.93
2026-07-23 20:36:30,lht65-02,52.25,5.97326,3.012,16.46,87.4,23.81
2026-07-23 20:46:30,lht65-02,52.25,5.97326,3.012,16.21,88.2,23.75
2026-07-23 21:06:30,lht65-02,52.25,5.97326,3.016,16.15,90.7,23.56
2026-07-23 21:26:30,lht65-02,52.25,5.97326,3.016,16.41,93.2,23.37
2026-07-23 21:36:30,lht65-02,52.25,5.97326,3.016,16.56,94.2,23.31
2026-07-23 21:46:30,lht65-02,52.25,5.97326,3.016,16.76,95.0,23.25
2026-07-23 21:56:30,lht65-02,52.25,5.97326,3.014,16.89,95.6,23.12
2026-07-23 22:06:30,lht65-02,52.25,5.97326,3.016,17.01,95.9,23.06
2026-07-23 22:16:30,lht65-02,52.25,5.97326,3.016,17.09,96.0,23.0
2026-07-23 22:26:30,lht65-02,52.25,5.97326,3.016,17.15,96.0,22.93
2026-07-23 22:36:30,lht65-02,52.25,5.97326,3.016,17.21,95.9,22.87
2026-07-23 22:46:30,lht65-02,52.25,5.97326,3.018,17.26,96.0,22.87
2026-07-23 22:56:30,lht65-02,52.25,5.97326,3.016,17.3,96.0,22.75
2026-07-23 23:06:30,lht65-02,52.25,5.97326,3.016,17.33,96.0,22.75
2026-07-23 23:16:30,lht65-02,52.25,5.97326,3.016,17.36,96.0,22.68
2026-07-23 23:26:30,lht65-02,52.25,5.97326,3.016,17.38,96.0,22.62
2026-07-23 23:36:30,lht65-02,52.25,5.97326,3.016,17.38,96.0,22.56
2026-07-23 23:46:30,lht65-02,52.25,5.97326,3.016,17.4,96.1,22.5
2026-07-23 23:56:30,lht65-02,52.25,5.97326,3.018,17.38,95.9,22.43
2026-07-24 00:06:30,lht65-02,52.25,5.97326,3.016,17.09,93.8,22.43
2026-07-24 00:16:30,lht65-02,52.25,5.97326,3.016,16.64,91.1,22.37
2026-07-24 00:26:30,lht65-02,52.25,5.97326,3.014,16.22,91.3,22.37
2026-07-24 00:36:30,lht65-02,52.25,5.97326,3.016,15.83,91.7,22.25
2026-07-24 00:46:30,lht65-02,52.25,5.97326,3.018,15.68,93.2,22.25
2026-07-24 00:56:30,lht65-02,52.25,5.97326,3.009,15.47,93.1,22.18
2026-07-24 01:06:30,lht65-02,52.25,5.97326,3.0,15.29,93.2,22.12
2026-07-24 01:16:30,lht65-02,52.25,5.97326,2.991,15.21,94.0,22.06
2026-07-24 01:26:30,lht65-02,52.25,5.97326,3.001,15.19,94.6,22.0
2026-07-24 01:36:30,lht65-02,52.25,5.97326,2.978,15.23,95.5,21.93
2026-07-24 01:46:30,lht65-02,52.25,5.97326,3.012,15.38,96.5,21.87
2026-07-24 01:56:30,lht65-02,52.25,5.97326,3.01,15.53,97.7,21.87
2026-07-24 02:06:30,lht65-02,52.25,5.97326,2.983,15.72,99.3,21.81
2026-07-24 02:16:30,lht65-02,52.25,5.97326,3.009,15.9,100.0,21.75
2026-07-24 02:26:30,lht65-02,52.25,5.97326,2.996,16.04,100.0,21.68
2026-07-24 02:46:30,lht65-02,52.25,5.97326,3.025,16.26,100.0,21.62
2026-07-24 02:56:29,lht65-02,52.25,5.97326,3.023,16.31,100.0,21.56
2026-07-24 03:06:30,lht65-02,52.25,5.97326,3.023,16.34,100.0,21.56
2026-07-24 03:16:30,lht65-02,52.25,5.97326,3.023,16.35,100.0,21.5
2026-07-24 03:26:29,lht65-02,52.25,5.97326,3.025,16.33,100.0,21.5
2026-07-24 03:36:29,lht65-02,52.25,5.97326,3.025,16.36,100.0,21.43
2026-07-24 03:46:29,lht65-02,52.25,5.97326,3.025,16.39,100.0,21.43
2026-07-24 03:56:29,lht65-02,52.25,5.97326,3.023,16.42,100.0,21.37
2026-07-24 04:06:29,lht65-02,52.25,5.97326,3.025,16.47,100.0,21.37
2026-07-24 04:16:29,lht65-02,52.25,5.97326,3.023,16.53,100.0,21.31
2026-07-24 04:26:29,lht65-02,52.25,5.97326,3.021,16.63,100.0,21.31
2026-07-24 04:36:29,lht65-02,52.25,5.97326,3.021,16.78,100.0,21.25
2026-07-24 04:46:29,lht65-02,52.25,5.97326,3.023,16.97,100.0,21.25
2026-07-24 04:56:29,lht65-02,52.25,5.97326,3.023,17.16,100.0,21.25
2026-07-24 05:06:29,lht65-02,52.25,5.97326,3.023,17.41,100.0,21.18
2026-07-24 05:16:29,lht65-02,52.25,5.97326,3.023,17.64,100.0,21.18
2026-07-24 05:26:29,lht65-02,52.25,5.97326,3.023,17.83,100.0,21.18
2026-07-24 05:36:29,lht65-02,52.25,5.97326,3.023,18.0,100.0,21.18
2026-07-24 05:46:29,lht65-02,52.25,5.97326,3.023,18.33,100.0,21.12
2026-07-24 05:56:29,lht65-02,52.25,5.97326,3.023,18.61,100.0,21.18
2026-07-24 06:06:29,lht65-02,52.25,5.97326,3.023,18.92,100.0,21.12
2026-07-24 06:16:29,lht65-02,52.25,5.97326,3.023,19.21,100.0,21.18
2026-07-24 06:26:29,lht65-02,52.25,5.97326,3.021,19.61,100.0,21.18
2026-07-24 06:36:29,lht65-02,52.25,5.97326,3.021,19.97,100.0,21.18
2026-07-24 06:46:29,lht65-02,52.25,5.97326,3.018,20.63,100.0,21.18
2026-07-24 06:56:29,lht65-02,52.25,5.97326,2.98,21.47,100.0,21.18
2026-07-24 07:06:29,lht65-02,52.25,5.97326,3.012,22.59,100.0,21.25
2026-07-24 07:16:29,lht65-02,52.25,5.97326,3.0,23.57,100.0,21.25
2026-07-24 07:26:29,lht65-02,52.25,5.97326,3.009,24.68,100.0,21.31
2026-07-24 07:36:29,lht65-02,52.25,5.97326,3.016,25.75,96.4,21.37
2026-07-24 07:46:29,lht65-02,52.25,5.97326,3.016,26.82,91.6,21.43
2026-07-24 07:56:29,lht65-02,52.25,5.97326,3.019,27.72,91.2,21.56
2026-07-24 08:06:29,lht65-02,52.25,5.97326,3.016,28.62,82.8,21.68
2026-07-24 08:16:29,lht65-02,52.25,5.97326,3.016,28.47,71.6,21.75
2026-07-24 08:26:29,lht65-02,52.25,5.97326,3.018,27.59,71.0,21.87
2026-07-24 08:36:29,lht65-02,52.25,5.97326,3.019,27.16,70.2,21.93
2026-07-24 08:46:29,lht65-02,52.25,5.97326,3.019,27.04,70.8,22.06
2026-07-24 08:56:29,lht65-02,52.25,5.97326,3.019,26.98,70.1,22.12
2026-07-24 09:06:29,lht65-02,52.25,5.97326,3.019,26.98,65.8,22.18
2026-07-24 09:16:29,lht65-02,52.25,5.97326,3.019,26.67,65.3,22.31
2026-07-24 09:36:29,lht65-02,52.25,5.97326,3.016,26.76,68.7,22.43
2026-07-24 09:46:29,lht65-02,52.25,5.97326,3.019,26.9,65.3,22.5
2026-07-24 09:56:29,lht65-02,52.25,5.97326,3.019,26.85,65.8,22.56
2026-07-24 10:06:29,lht65-02,52.25,5.97326,3.019,26.65,65.8,22.62
2026-07-24 10:16:29,lht65-02,52.25,5.97326,3.019,26.9,66.5,22.68
2026-07-24 10:26:29,lht65-02,52.25,5.97326,3.019,27.37,66.9,22.75
2026-07-24 10:36:29,lht65-02,52.25,5.97326,3.019,27.67,68.5,22.81
2026-07-24 10:46:29,lht65-02,52.25,5.97326,3.019,27.94,62.0,22.87
2026-07-24 10:56:29,lht65-02,52.25,5.97326,3.021,28.1,62.2,22.93
2026-07-24 11:06:29,lht65-02,52.25,5.97326,3.019,28.33,63.4,23.0
2026-07-24 11:16:29,lht65-02,52.25,5.97326,3.019,28.47,65.1,23.12
2026-07-24 11:26:29,lht65-02,52.25,5.97326,3.019,28.62,62.1,23.18
2026-07-24 11:36:29,lht65-02,52.25,5.97326,3.019,28.83,62.4,23.25
2026-07-24 11:46:29,lht65-02,52.25,5.97326,3.019,29.0,59.2,23.31
2026-07-24 11:56:29,lht65-02,52.25,5.97326,3.019,29.19,60.2,23.37
2026-07-24 12:06:29,lht65-02,52.25,5.97326,3.019,30.53,63.3,23.43
2026-07-24 12:16:29,lht65-02,52.25,5.97326,3.016,31.52,55.4,23.56
2026-07-24 12:26:29,lht65-02,52.25,5.97326,3.019,31.01,52.9,23.62
2026-07-24 12:36:29,lht65-02,52.25,5.97326,3.019,30.69,52.4,23.75
2026-07-24 12:46:28,lht65-02,52.25,5.97326,3.019,30.09,55.4,23.81
2026-07-24 12:56:29,lht65-02,52.25,5.97326,3.019,29.67,56.8,23.87
2026-07-24 13:06:28,lht65-02,52.25,5.97326,3.021,29.07,57.1,24.0
2026-07-24 13:16:28,lht65-02,52.25,5.97326,3.019,28.24,59.2,24.06
2026-07-24 13:26:28,lht65-02,52.25,5.97326,3.019,27.66,62.1,24.06
2026-07-24 13:36:28,lht65-02,52.25,5.97326,3.019,27.37,61.1,24.12
2026-07-24 13:46:28,lht65-02,52.25,5.97326,3.021,27.16,61.1,24.12
2026-07-24 13:56:28,lht65-02,52.25,5.97326,3.019,27.22,64.7,24.12
2026-07-24 14:06:28,lht65-02,52.25,5.97326,3.019,28.18,59.7,24.12
2026-07-24 14:16:28,lht65-02,52.25,5.97326,3.021,29.08,59.3,24.12
2026-07-24 14:26:28,lht65-02,52.25,5.97326,3.019,29.21,56.6,24.12
2026-07-24 14:36:28,lht65-02,52.25,5.97326,3.019,29.49,55.5,24.18
2026-07-24 14:46:28,lht65-02,52.25,5.97326,3.021,29.15,56.0,24.18
2026-07-24 14:56:28,lht65-02,52.25,5.97326,3.021,29.19,56.1,24.18
2026-07-24 15:06:28,lht65-02,52.25,5.97326,3.021,28.67,58.0,24.18
2026-07-24 15:16:28,lht65-02,52.25,5.97326,3.021,28.22,58.9,24.25
2026-07-24 15:26:28,lht65-02,52.25,5.97326,3.021,28.48,64.4,24.25
2026-07-24 15:36:28,lht65-02,52.25,5.97326,3.023,28.9,69.0,24.25
2026-07-24 15:46:28,lht65-02,52.25,5.97326,3.021,28.64,67.7,24.25
2026-07-24 15:56:28,lht65-02,52.25,5.97326,3.023,28.08,68.1,24.25
2026-07-24 16:06:28,lht65-02,52.25,5.97326,3.021,28.48,66.2,24.25
2026-07-24 16:16:28,lht65-02,52.25,5.97326,3.021,28.77,66.5,24.31
2026-07-24 16:26:28,lht65-02,52.25,5.97326,3.021,29.1,65.8,24.25
2026-07-24 16:36:28,lht65-02,52.25,5.97326,3.023,29.52,64.4,24.31
2026-07-24 16:46:28,lht65-02,52.25,5.97326,3.019,29.75,60.7,24.31
2026-07-24 16:56:28,lht65-02,52.25,5.97326,3.021,28.95,65.3,24.37
2026-07-24 17:06:28,lht65-02,52.25,5.97326,3.023,28.23,68.4,24.37
2026-07-24 17:16:28,lht65-02,52.25,5.97326,3.021,27.48,71.6,24.43
2026-07-24 17:26:28,lht65-02,52.25,5.97326,3.021,26.72,72.2,24.43
2026-07-24 17:36:28,lht65-02,52.25,5.97326,3.019,25.99,72.2,24.43
2026-07-24 17:46:28,lht65-02,52.25,5.97326,3.019,25.32,72.1,24.43
2026-07-24 17:56:28,lht65-02,52.25,5.97326,3.021,24.67,73.7,24.43
2026-07-24 18:06:28,lht65-02,52.25,5.97326,3.019,24.1,73.8,24.37
2026-07-24 18:16:28,lht65-02,52.25,5.97326,3.021,23.53,73.5,24.31
2026-07-24 18:26:28,lht65-02,52.25,5.97326,3.019,23.03,78.1,24.31
2026-07-24 18:36:28,lht65-02,52.25,5.97326,3.019,22.59,81.0,24.25
2026-07-24 18:46:28,lht65-02,52.25,5.97326,3.019,22.38,82.5,24.18
2026-07-24 18:56:28,lht65-02,52.25,5.97326,3.019,22.06,83.7,24.12
2026-07-24 19:06:28,lht65-02,52.25,5.97326,3.018,21.75,84.0,24.06
2026-07-24 19:16:28,lht65-02,52.25,5.97326,3.019,21.41,84.2,24.0
2026-07-24 19:26:28,lht65-02,52.25,5.97326,3.019,21.07,84.4,23.93
2026-07-24 19:36:28,lht65-02,52.25,5.97326,3.019,20.66,84.3,23.87
2026-07-24 19:46:28,lht65-02,52.25,5.97326,3.019,20.21,84.8,23.81
2026-07-24 19:56:28,lht65-02,52.25,5.97326,3.019,19.76,80.9,23.75
2026-07-24 20:06:28,lht65-02,52.25,5.97326,3.019,19.21,82.7,23.68
2026-07-24 20:16:28,lht65-02,52.25,5.97326,3.019,18.74,83.5,23.62
2026-07-24 20:26:28,lht65-02,52.25,5.97326,3.018,18.29,83.6,23.5
2026-07-24 20:36:28,lht65-02,52.25,5.97326,3.016,17.81,84.6,23.43
2026-07-24 20:46:28,lht65-02,52.25,5.97326,3.016,17.31,83.6,23.37
2026-07-24 20:56:28,lht65-02,52.25,5.97326,3.016,16.95,84.1,23.31
2026-07-24 21:06:28,lht65-02,52.25,5.97326,3.019,16.58,85.4,23.18
2026-07-24 21:16:28,lht65-02,52.25,5.97326,3.019,16.15,85.3,23.12
2026-07-24 21:36:28,lht65-02,52.25,5.97326,3.016,15.55,86.3,22.93
2026-07-24 21:46:28,lht65-02,52.25,5.97326,3.016,15.32,86.7,22.81
2026-07-24 21:56:27,lht65-02,52.25,5.97326,3.018,15.05,87.4,22.75
2026-07-24 22:06:27,lht65-02,52.25,5.97326,3.009,14.77,87.6,22.68
2026-07-24 22:16:28,lht65-02,52.25,5.97326,3.012,14.61,88.1,22.56
2026-07-24 22:26:28,lht65-02,52.25,5.97326,3.001,14.41,88.8,22.5
2026-07-24 22:36:28,lht65-02,52.25,5.97326,3.019,14.32,89.7,22.43
2026-07-24 22:46:28,lht65-02,52.25,5.97326,3.016,14.31,90.1,22.31
2026-07-24 22:56:27,lht65-02,52.25,5.97326,3.018,14.3,90.4,22.25
2026-07-24 23:06:27,lht65-02,52.25,5.97326,3.016,14.26,91.0,22.12
2026-07-24 23:16:27,lht65-02,52.25,5.97326,3.016,14.1,91.0,22.06
2026-07-24 23:26:27,lht65-02,52.25,5.97326,2.998,14.01,91.2,22.0
2026-07-24 23:36:27,lht65-02,52.25,5.97326,3.012,13.91,91.2,21.93
2026-07-24 23:46:28,lht65-02,52.25,5.97326,3.016,13.78,91.1,21.81
2026-07-24 23:56:27,lht65-02,52.25,5.97326,3.01,13.68,91.1,21.75
2026-07-25 00:06:27,lht65-02,52.25,5.97326,3.007,13.58,91.2,21.68
2026-07-25 00:16:27,lht65-02,52.25,5.97326,3.009,13.46,91.2,21.62
2026-07-25 00:26:27,lht65-02,52.25,5.97326,2.994,13.34,91.2,21.56
2026-07-25 00:36:27,lht65-02,52.25,5.97326,2.983,13.24,91.3,21.5
2026-07-25 00:46:28,lht65-02,52.25,5.97326,3.01,13.16,91.5,21.43
2026-07-25 00:56:27,lht65-02,52.25,5.97326,3.009,13.06,91.6,21.37
2026-07-25 01:06:27,lht65-02,52.25,5.97326,3.009,12.95,91.6,21.31
2026-07-25 01:16:27,lht65-02,52.25,5.97326,3.012,12.87,91.7,21.25
2026-07-25 01:26:27,lht65-02,52.25,5.97326,2.998,12.78,91.8,21.12
2026-07-25 01:36:27,lht65-02,52.25,5.97326,3.005,12.71,91.9,21.12
2026-07-25 01:46:27,lht65-02,52.25,5.97326,3.005,12.65,92.1,21.06
2026-07-25 01:56:27,lht65-02,52.25,5.97326,2.985,12.6,92.3,20.93
2026-07-25 02:06:27,lht65-02,52.25,5.97326,2.985,12.51,92.3,20.87
2026-07-25 02:16:27,lht65-02,52.25,5.97326,2.976,12.45,92.5,20.81
2026-07-25 02:26:27,lht65-02,52.25,5.97326,2.938,12.4,92.7,20.75
2026-07-25 02:36:27,lht65-02,52.25,5.97326,3.014,12.35,92.7,20.75
2026-07-25 02:46:27,lht65-02,52.25,5.97326,3.014,12.28,92.8,20.68
2026-07-25 02:56:27,lht65-02,52.25,5.97326,3.016,12.25,93.1,20.62
2026-07-25 03:06:27,lht65-02,52.25,5.97326,3.012,12.24,93.4,20.56
2026-07-25 03:16:27,lht65-02,52.25,5.97326,3.014,12.27,93.9,20.5
2026-07-25 03:26:27,lht65-02,52.25,5.97326,3.014,12.42,95.0,20.43
2026-07-25 03:36:27,lht65-02,52.25,5.97326,3.012,12.56,96.7,20.37
2026-07-25 03:46:27,lht65-02,52.25,5.97326,3.012,12.6,97.8,20.31
2026-07-25 03:56:27,lht65-02,52.25,5.97326,3.012,12.59,97.9,20.31
2026-07-25 04:06:27,lht65-02,52.25,5.97326,3.012,12.58,97.6,20.25
2026-07-25 04:16:27,lht65-02,52.25,5.97326,3.014,12.65,97.4,20.18
2026-07-25 04:26:27,lht65-02,52.25,5.97326,3.016,12.78,97.4,20.18
2026-07-25 04:36:27,lht65-02,52.25,5.97326,3.016,13.03,97.6,20.12
2026-07-25 04:46:27,lht65-02,52.25,5.97326,3.012,13.37,97.9,20.12
2026-07-25 04:56:27,lht65-02,52.25,5.97326,3.012,13.7,98.1,20.06
2026-07-25 05:06:27,lht65-02,52.25,5.97326,3.012,14.24,98.5,20.0
2026-07-25 05:16:27,lht65-02,52.25,5.97326,3.009,14.72,100.0,20.0
2026-07-25 05:26:27,lht65-02,52.25,5.97326,3.007,15.47,100.0,19.93
2026-07-25 05:36:27,lht65-02,52.25,5.97326,3.009,16.33,100.0,19.93
2026-07-25 05:46:27,lht65-02,52.25,5.97326,2.987,17.16,100.0,19.93
2026-07-25 05:56:27,lht65-02,52.25,5.97326,2.95,18.04,100.0,19.93
2026-07-25 06:06:27,lht65-02,52.25,5.97326,2.955,19.0,100.0,20.0
2026-07-25 06:16:27,lht65-02,52.25,5.97326,2.964,19.9,100.0,20.0
2026-07-25 06:26:27,lht65-02,52.25,5.97326,2.969,21.07,100.0,20.0
2026-07-25 06:36:27,lht65-02,52.25,5.97326,2.952,22.21,100.0,20.06
2026-07-25 06:56:27,lht65-02,52.25,5.97326,2.994,24.84,95.2,20.25
2026-07-25 07:06:27,lht65-02,52.25,5.97326,3.016,26.04,87.6,20.25
2026-07-25 07:16:27,lht65-02,52.25,5.97326,2.991,26.98,80.0,20.37
2026-07-25 07:26:27,lht65-02,52.25,5.97326,2.994,27.82,77.3,20.5
2026-07-25 07:36:27,lht65-02,52.25,5.97326,2.996,28.8,75.6,20.62
2026-07-25 07:56:27,lht65-02,52.25,5.97326,3.001,29.71,59.8,20.87
2026-07-25 08:06:27,lht65-02,52.25,5.97326,2.998,29.87,62.2,21.06
2026-07-25 08:26:27,lht65-02,52.25,5.97326,3.0,30.68,61.5,21.31
2026-07-25 08:36:27,lht65-02,52.25,5.97326,3.005,31.15,60.8,21.43
2026-07-25 08:46:27,lht65-02,52.25,5.97326,2.987,31.5,58.7,21.56
2026-07-25 08:56:27,lht65-02,52.25,5.97326,2.969,31.66,58.0,21.75
2026-07-25 09:06:27,lht65-02,52.25,5.97326,3.012,31.82,50.9,21.87
2026-07-25 09:16:26,lht65-02,52.25,5.97326,3.021,31.6,48.5,22.06
2026-07-25 09:26:26,lht65-02,52.25,5.97326,3.021,31.74,49.7,22.18
2026-07-25 09:36:27,lht65-02,52.25,5.97326,2.929,32.24,51.7,22.31
2026-07-25 09:46:27,lht65-02,52.25,5.97326,2.998,33.07,48.5,22.43
2026-07-25 09:56:26,lht65-02,52.25,5.97326,2.877,33.4,46.4,22.56
2026-07-25 10:06:26,lht65-02,52.25,5.97326,3.016,33.22,46.8,22.75
2026-07-25 10:16:26,lht65-02,52.25,5.97326,3.016,32.44,46.6,22.87
2026-07-25 10:26:26,lht65-02,52.25,5.97326,3.016,32.03,49.1,23.06
2026-07-25 10:36:26,lht65-02,52.25,5.97326,3.019,32.47,55.5,23.18
2026-07-25 10:46:26,lht65-02,52.25,5.97326,3.016,32.67,51.4,23.31
2026-07-25 10:56:26,lht65-02,52.25,5.97326,3.016,32.34,51.6,23.43
2026-07-25 11:06:26,lht65-02,52.25,5.97326,3.019,31.52,47.9,23.56
2026-07-25 11:16:26,lht65-02,52.25,5.97326,3.016,30.37,55.5,23.62
2026-07-25 11:26:26,lht65-02,52.25,5.97326,3.016,30.34,56.2,23.75
2026-07-25 11:36:26,lht65-02,52.25,5.97326,3.016,30.02,58.5,23.87
2026-07-25 11:46:26,lht65-02,52.25,5.97326,3.016,29.72,62.9,23.93
2026-07-25 11:56:26,lht65-02,52.25,5.97326,3.016,29.73,66.3,24.0
2026-07-25 12:06:26,lht65-02,52.25,5.97326,3.019,31.55,56.8,24.06
2026-07-25 12:16:26,lht65-02,52.25,5.97326,3.019,32.2,53.1,24.06
2026-07-25 12:26:26,lht65-02,52.25,5.97326,3.018,32.44,52.8,24.18
2026-07-25 12:36:26,lht65-02,52.25,5.97326,3.016,33.29,49.4,24.25
2026-07-25 12:46:26,lht65-02,52.25,5.97326,3.016,33.57,52.2,24.31
2026-07-25 12:56:26,lht65-02,52.25,5.97326,3.016,33.44,49.3,24.43
2026-07-25 13:06:26,lht65-02,52.25,5.97326,3.016,32.9,47.7,24.5
2026-07-25 13:16:26,lht65-02,52.25,5.97326,3.009,34.12,47.5,24.62
2026-07-25 13:26:26,lht65-02,52.25,5.97326,3.023,34.67,45.0,24.75
2026-07-25 13:36:26,lht65-02,52.25,5.97326,3.023,34.62,44.7,24.87
2026-07-25 13:46:26,lht65-02,52.25,5.97326,3.023,34.25,48.9,25.0
2026-07-25 13:56:26,lht65-02,52.25,5.97326,3.023,33.3,47.6,25.12
2026-07-25 14:06:26,lht65-02,52.25,5.97326,3.025,33.18,46.8,25.25
2026-07-25 14:16:26,lht65-02,52.25,5.97326,3.023,33.43,43.5,25.37
2026-07-25 14:26:26,lht65-02,52.25,5.97326,3.025,34.0,48.9,25.43
2026-07-25 14:36:26,lht65-02,52.25,5.97326,3.023,32.83,43.0,25.56
2026-07-25 14:46:26,lht65-02,52.25,5.97326,3.023,31.44,47.3,25.62
2026-07-25 14:56:26,lht65-02,52.25,5.97326,3.023,31.78,49.1,25.68
2026-07-25 15:06:26,lht65-02,52.25,5.97326,3.025,31.89,48.5,25.75
2026-07-25 15:16:26,lht65-02,52.25,5.97326,3.019,30.46,49.3,25.81
2026-07-25 15:26:26,lht65-02,52.25,5.97326,3.019,29.52,53.5,25.87
2026-07-25 15:36:26,lht65-02,52.25,5.97326,3.021,30.37,60.2,25.87
2026-07-25 15:46:26,lht65-02,52.25,5.97326,3.021,31.7,50.4,25.87
2026-07-25 15:56:26,lht65-02,52.25,5.97326,3.019,31.8,47.6,25.93
2026-07-25 16:06:26,lht65-02,52.25,5.97326,3.019,31.32,50.2,25.93
2026-07-25 16:16:26,lht65-02,52.25,5.97326,3.021,31.08,55.4,25.93
2026-07-25 16:26:26,lht65-02,52.25,5.97326,3.021,31.3,50.3,25.93
2026-07-25 16:36:26,lht65-02,52.25,5.97326,3.019,30.18,46.4,26.0
2026-07-25 16:46:26,lht65-02,52.25,5.97326,3.007,29.0,49.0,26.0
2026-07-25 16:56:26,lht65-02,52.25,5.97326,2.973,28.31,55.1,26.0
2026-07-25 17:06:26,lht65-02,52.25,5.97326,3.016,27.96,58.7,25.93
2026-07-25 17:16:26,lht65-02,52.25,5.97326,3.014,27.71,60.4,25.93
2026-07-25 17:26:26,lht65-02,52.25,5.97326,3.009,27.45,59.3,25.87
2026-07-25 17:36:26,lht65-02,52.25,5.97326,2.994,27.24,59.7,25.87
2026-07-25 17:46:26,lht65-02,52.25,5.97326,3.014,26.94,60.9,25.81
2026-07-25 17:56:26,lht65-02,52.25,5.97326,2.998,26.71,59.0,25.81
2026-07-25 18:06:26,lht65-02,52.25,5.97326,2.994,26.44,59.3,25.75
2026-07-25 18:16:26,lht65-02,52.25,5.97326,2.968,26.14,62.1,25.68
2026-07-25 18:26:26,lht65-02,52.25,5.97326,2.973,25.72,59.5,25.62
2026-07-25 18:36:26,lht65-02,52.25,5.97326,2.838,25.32,63.6,26.93
2026-07-25 18:46:26,lht65-02,52.25,5.97326,2.983,24.7,60.5,25.5
2026-07-25 18:56:26,lht65-02,52.25,5.97326,2.992,24.16,62.4,25.43
2026-07-25 19:06:26,lht65-02,52.25,5.97326,2.983,23.58,63.5,25.37
2026-07-25 19:16:26,lht65-02,52.25,5.97326,2.994,22.98,67.4,25.31
2026-07-25 19:26:25,lht65-02,52.25,5.97326,2.914,22.31,72.1,25.18
2026-07-25 19:36:26,lht65-02,52.25,5.97326,2.822,21.64,75.7,25.12
2026-07-25 19:46:25,lht65-02,52.25,5.97326,2.816,20.94,76.6,25.0
2026-07-25 19:56:25,lht65-02,52.25,5.97326,3.0,20.34,77.1,24.93
2026-07-25 20:06:25,lht65-02,52.25,5.97326,2.895,19.86,77.5,24.81
2026-07-25 20:16:25,lht65-02,52.25,5.97326,2.998,19.33,79.0,24.75
2026-07-25 20:26:25,lht65-02,52.25,5.97326,2.994,18.86,80.2,24.62
2026-07-25 20:36:25,lht65-02,52.25,5.97326,3.016,18.45,82.0,24.56
2026-07-25 20:46:25,lht65-02,52.25,5.97326,3.012,18.12,82.0,24.43
2026-07-25 20:56:25,lht65-02,52.25,5.97326,2.968,17.83,83.9,24.37
2026-07-25 21:06:25,lht65-02,52.25,5.97326,3.005,17.6,84.8,24.25
2026-07-25 21:16:25,lht65-02,52.25,5.97326,2.994,17.38,85.1,24.18
2026-07-25 21:26:25,lht65-02,52.25,5.97326,3.007,17.15,85.3,24.06
2026-07-25 21:36:25,lht65-02,52.25,5.97326,2.994,16.99,85.4,23.93
2026-07-25 21:46:25,lht65-02,52.25,5.97326,3.009,16.85,86.7,23.87
2026-07-25 21:56:25,lht65-02,52.25,5.97326,2.982,16.68,86.6,23.75
2026-07-25 22:06:25,lht65-02,52.25,5.97326,2.996,16.58,87.3,23.68
2026-07-25 22:16:25,lht65-02,52.25,5.97326,3.005,16.49,87.0,23.56
2026-07-25 22:26:25,lht65-02,52.25,5.97326,2.978,16.38,87.2,23.5
2026-07-25 22:36:25,lht65-02,52.25,5.97326,2.983,16.28,87.4,23.37
2026-07-25 22:56:25,lht65-02,52.25,5.97326,3.009,16.17,87.0,23.25
2026-07-25 23:06:25,lht65-02,52.25,5.97326,3.009,16.17,86.9,23.18
2026-07-25 23:16:25,lht65-02,52.25,5.97326,3.009,16.18,87.1,23.06
2026-07-25 23:26:25,lht65-02,52.25,5.97326,3.007,16.18,87.6,23.0
2026-07-25 23:36:25,lht65-02,52.25,5.97326,3.007,16.21,87.0,22.93
2026-07-25 23:46:25,lht65-02,52.25,5.97326,3.009,16.25,87.0,22.87
2026-07-25 23:56:25,lht65-02,52.25,5.97326,3.009,16.29,88.0,22.75
2026-07-26 00:06:25,lht65-02,52.25,5.97326,3.007,16.38,87.3,22.68
2026-07-26 00:16:25,lht65-02,52.25,5.97326,3.009,16.49,87.8,22.62
2026-07-26 00:26:25,lht65-02,52.25,5.97326,3.009,16.52,87.8,22.56
2026-07-26 00:36:25,lht65-02,52.25,5.97326,3.009,16.57,87.3,22.5
2026-07-26 00:46:25,lht65-02,52.25,5.97326,3.007,16.67,87.7,22.5
2026-07-26 00:56:25,lht65-02,52.25,5.97326,3.009,16.77,87.9,22.43
2026-07-26 01:06:25,lht65-02,52.25,5.97326,3.009,16.87,87.8,22.37
2026-07-26 01:16:25,lht65-02,52.25,5.97326,3.009,16.95,87.9,22.31
2026-07-26 01:26:25,lht65-02,52.25,5.97326,3.009,17.05,87.4,22.25
2026-07-26 01:36:25,lht65-02,52.25,5.97326,3.009,17.09,87.4,22.18
2026-07-26 01:46:25,lht65-02,52.25,5.97326,3.009,17.15,88.4,22.18
2026-07-26 01:56:25,lht65-02,52.25,5.97326,3.009,17.21,87.6,22.12
2026-07-26 02:06:25,lht65-02,52.25,5.97326,3.01,17.2,87.4,22.06
2026-07-26 02:16:25,lht65-02,52.25,5.97326,3.009,17.18,87.1,22.06
2026-07-26 02:26:25,lht65-02,52.25,5.97326,3.009,17.2,86.1,22.0
2026-07-26 02:36:25,lht65-02,52.25,5.97326,3.009,17.26,87.5,21.93
2026-07-26 02:46:25,lht65-02,52.25,5.97326,3.009,17.29,86.3,21.93
2026-07-26 02:56:25,lht65-02,52.25,5.97326,3.009,17.32,85.5,21.87
2026-07-26 03:06:25,lht65-02,52.25,5.97326,3.009,17.35,85.6,21.87
2026-07-26 03:16:25,lht65-02,52.25,5.97326,3.009,17.4,84.9,21.81
2026-07-26 03:26:25,lht65-02,52.25,5.97326,3.009,17.48,84.7,21.81
2026-07-26 03:36:25,lht65-02,52.25,5.97326,3.009,17.62,86.2,21.75
2026-07-26 03:46:25,lht65-02,52.25,5.97326,3.007,17.67,84.2,21.75
2026-07-26 03:56:26,lht65-02,52.25,5.97326,3.009,17.71,85.5,21.68
2026-07-26 04:06:25,lht65-02,52.25,5.97326,3.009,17.74,87.8,21.68
2026-07-26 04:16:25,lht65-02,52.25,5.97326,3.009,17.77,89.1,21.62
2026-07-26 04:26:25,lht65-02,52.25,5.97326,3.009,17.86,90.5,21.62
2026-07-26 04:36:25,lht65-02,52.25,5.97326,3.009,18.0,91.2,21.56
2026-07-26 04:46:25,lht65-02,52.25,5.97326,3.009,18.14,92.1,21.56
2026-07-26 04:56:25,lht65-02,52.25,5.97326,3.009,18.31,92.8,21.56
2026-07-26 05:06:25,lht65-02,52.25,5.97326,3.007,18.45,93.4,21.5
2026-07-26 05:16:25,lht65-02,52.25,5.97326,3.009,18.61,94.0,21.5
2026-07-26 05:26:25,lht65-02,52.25,5.97326,3.007,18.74,94.3,21.5
2026-07-26 05:36:24,lht65-02,52.25,5.97326,3.007,18.87,94.4,21.5
2026-07-26 05:46:25,lht65-02,52.25,5.97326,3.007,19.05,94.7,21.5
2026-07-26 05:56:25,lht65-02,52.25,5.97326,3.007,19.38,95.0,21.43
2026-07-26 06:06:25,lht65-02,52.25,5.97326,3.009,19.84,95.5,21.43
2026-07-26 06:16:24,lht65-02,52.25,5.97326,3.009,20.33,96.0,21.43
2026-07-26 06:26:25,lht65-02,52.25,5.97326,3.009,20.77,96.1,21.5
2026-07-26 06:36:24,lht65-02,52.25,5.97326,3.01,21.02,94.7,21.5
2026-07-26 06:46:24,lht65-02,52.25,5.97326,3.012,21.22,93.2,21.5
2026-07-26 06:56:24,lht65-02,52.25,5.97326,3.012,21.35,92.8,21.5
2026-07-26 07:06:24,lht65-02,52.25,5.97326,3.012,21.44,92.6,21.56
2026-07-26 07:16:24,lht65-02,52.25,5.97326,3.01,21.68,92.7,21.56
2026-07-26 07:26:24,lht65-02,52.25,5.97326,3.012,22.19,93.8,21.56
2026-07-26 07:36:24,lht65-02,52.25,5.97326,3.016,22.97,93.9,21.56
2026-07-26 07:46:24,lht65-02,52.25,5.97326,3.018,23.98,94.4,21.62
2026-07-26 07:56:24,lht65-02,52.25,5.97326,3.009,25.57,94.1,21.68
2026-07-26 08:06:24,lht65-02,52.25,5.97326,3.012,27.59,93.8,21.75
2026-07-26 08:16:24,lht65-02,52.25,5.97326,3.014,28.71,73.6,21.81
2026-07-26 08:26:24,lht65-02,52.25,5.97326,3.016,28.93,73.9,21.87
2026-07-26 08:36:24,lht65-02,52.25,5.97326,3.016,29.3,73.1,22.0
2026-07-26 08:46:24,lht65-02,52.25,5.97326,3.014,29.53,71.0,22.12
2026-07-26 09:06:24,lht65-02,52.25,5.97326,3.016,28.07,69.0,22.37
2026-07-26 09:16:24,lht65-02,52.25,5.97326,3.016,26.64,71.1,22.43
2026-07-26 09:26:24,lht65-02,52.25,5.97326,3.016,25.56,73.2,22.56
2026-07-26 09:36:24,lht65-02,52.25,5.97326,3.016,24.78,74.0,22.56
2026-07-26 09:46:24,lht65-02,52.25,5.97326,3.016,23.96,77.3,22.62
2026-07-26 09:56:24,lht65-02,52.25,5.97326,3.016,23.5,80.9,22.68
2026-07-26 10:06:24,lht65-02,52.25,5.97326,3.019,23.51,84.4,22.68
2026-07-26 10:16:24,lht65-02,52.25,5.97326,3.016,24.06,87.0,22.68
2026-07-26 10:26:24,lht65-02,52.25,5.97326,3.019,24.61,87.7,22.68
2026-07-26 10:36:24,lht65-02,52.25,5.97326,3.019,25.15,87.0,22.68
2026-07-26 10:46:24,lht65-02,52.25,5.97326,3.019,25.32,84.4,22.75
2026-07-26 10:56:24,lht65-02,52.25,5.97326,3.019,25.01,83.7,22.75
2026-07-26 11:06:24,lht65-02,52.25,5.97326,3.019,24.65,84.4,22.81
2026-07-26 11:16:24,lht65-02,52.25,5.97326,3.019,24.96,86.0,22.81
2026-07-26 11:26:24,lht65-02,52.25,5.97326,3.019,25.32,85.4,22.87
2026-07-26 11:36:24,lht65-02,52.25,5.97326,3.019,25.45,84.8,22.87
2026-07-26 11:46:24,lht65-02,52.25,5.97326,3.019,25.79,86.2,22.93
2026-07-26 11:56:24,lht65-02,52.25,5.97326,3.014,26.86,88.0,22.93
2026-07-26 12:06:24,lht65-02,52.25,5.97326,3.016,27.27,85.2,22.93
2026-07-26 12:16:24,lht65-02,52.25,5.97326,3.014,27.31,84.6,23.0
2026-07-26 12:26:24,lht65-02,52.25,5.97326,3.016,27.15,83.9,23.06
2026-07-26 12:36:24,lht65-02,52.25,5.97326,3.016,26.6,83.1,23.12
2026-07-26 12:46:24,lht65-02,52.25,5.97326,3.016,25.94,83.5,23.18
2026-07-26 12:56:24,lht65-02,52.25,5.97326,3.016,25.49,84.2,23.25
2026-07-26 13:06:24,lht65-02,52.25,5.97326,3.016,25.32,84.6,23.25
2026-07-26 13:16:24,lht65-02,52.25,5.97326,3.016,25.42,86.2,23.25
2026-07-26 13:26:24,lht65-02,52.25,5.97326,3.016,25.58,85.1,23.25
2026-07-26 13:36:24,lht65-02,52.25,5.97326,3.016,25.32,84.6,23.31
2026-07-26 13:46:24,lht65-02,52.25,5.97326,3.016,24.9,85.0,23.31
2026-07-26 13:56:24,lht65-02,52.25,5.97326,3.016,24.61,85.4,23.31
2026-07-26 14:06:24,lht65-02,52.25,5.97326,3.016,24.34,85.8,23.31
2026-07-26 14:16:24,lht65-02,52.25,5.97326,3.016,24.94,88.0,23.31
2026-07-26 14:26:24,lht65-02,52.25,5.97326,3.016,26.26,89.6,23.37
2026-07-26 14:36:24,lht65-02,52.25,5.97326,3.01,27.61,88.9,23.37
2026-07-26 14:56:23,lht65-02,52.25,5.97326,3.014,27.5,76.5,23.43
2026-07-26 15:06:24,lht65-02,52.25,5.97326,3.012,26.79,77.4,23.5
2026-07-26 15:16:24,lht65-02,52.25,5.97326,3.005,26.44,78.5,23.5
2026-07-26 15:26:23,lht65-02,52.25,5.97326,3.009,25.74,77.7,23.56
2026-07-26 15:36:23,lht65-02,52.25,5.97326,3.009,25.32,79.4,23.56
2026-07-26 15:46:23,lht65-02,52.25,5.97326,3.014,24.58,79.3,23.56
2026-07-26 15:56:23,lht65-02,52.25,5.97326,3.012,24.34,82.1,23.62
2026-07-26 16:06:24,lht65-02,52.25,5.97326,3.014,24.66,84.5,23.62
2026-07-26 16:16:24,lht65-02,52.25,5.97326,3.012,25.61,86.2,23.62
2026-07-26 16:26:23,lht65-02,52.25,5.97326,2.985,27.28,85.6,23.62
2026-07-26 16:36:23,lht65-02,52.25,5.97326,2.966,27.95,83.4,23.62
2026-07-26 16:46:24,lht65-02,52.25,5.97326,3.001,28.53,81.3,23.62
2026-07-26 16:56:23,lht65-02,52.25,5.97326,3.005,28.67,77.2,23.68
2026-07-26 17:06:23,lht65-02,52.25,5.97326,3.005,28.08,76.3,23.75
2026-07-26 17:16:23,lht65-02,52.25,5.97326,3.001,27.06,77.0,23.81
2026-07-26 17:26:23,lht65-02,52.25,5.97326,2.998,26.17,77.1,23.81
2026-07-26 17:36:23,lht65-02,52.25,5.97326,2.998,25.6,78.0,23.87
2026-07-26 17:46:24,lht65-02,52.25,5.97326,2.987,25.08,78.7,23.87
2026-07-26 17:56:23,lht65-02,52.25,5.97326,2.987,24.47,78.7,23.87
2026-07-26 18:06:23,lht65-02,52.25,5.97326,2.998,23.84,79.9,23.87
2026-07-26 18:16:23,lht65-02,52.25,5.97326,3.001,23.37,81.7,23.87
2026-07-26 18:26:23,lht65-02,52.25,5.97326,3.001,22.88,83.4,23.81
2026-07-26 18:36:23,lht65-02,52.25,5.97326,2.994,22.59,85.0,23.81
2026-07-26 18:46:23,lht65-02,52.25,5.97326,2.94,22.35,85.0,23.75
2026-07-26 18:56:23,lht65-02,52.25,5.97326,2.955,21.99,85.0,23.68
2026-07-26 19:06:23,lht65-02,52.25,5.97326,2.94,21.56,85.5,23.68
2026-07-26 19:16:23,lht65-02,52.25,5.97326,2.948,21.07,86.3,23.62
2026-07-26 19:26:23,lht65-02,52.25,5.97326,2.945,20.63,87.2,23.56
2026-07-26 19:36:23,lht65-02,52.25,5.97326,2.943,20.26,88.3,23.56
2026-07-26 19:46:23,lht65-02,52.25,5.97326,2.95,19.89,89.0,23.5
2026-07-26 19:56:23,lht65-02,52.25,5.97326,2.948,19.66,87.3,23.43
2026-07-26 20:06:23,lht65-02,52.25,5.97326,2.938,19.35,87.0,23.37
2026-07-26 20:16:23,lht65-02,52.25,5.97326,2.94,19.03,87.8,23.31
2026-07-26 20:26:23,lht65-02,52.25,5.97326,2.931,18.76,88.0,23.25
2026-07-26 20:36:23,lht65-02,52.25,5.97326,2.933,18.57,88.3,23.18
2026-07-26 20:46:23,lht65-02,52.25,5.97326,2.931,18.45,88.3,23.06
2026-07-26 20:56:23,lht65-02,52.25,5.97326,2.938,18.32,88.7,23.0
2026-07-26 21:06:24,lht65-02,52.25,5.97326,2.931,18.18,88.8,23.0
2026-07-26 21:16:23,lht65-02,52.25,5.97326,2.931,18.01,88.5,22.93
2026-07-26 21:26:23,lht65-02,52.25,5.97326,2.934,17.89,88.3,22.81
2026-07-26 21:36:23,lht65-02,52.25,5.97326,2.936,17.75,88.4,22.75
2026-07-26 21:46:23,lht65-02,52.25,5.97326,2.941,17.62,88.8,22.68
2026-07-26 21:56:23,lht65-02,52.25,5.97326,2.957,17.45,89.0,22.68
2026-07-26 22:06:23,lht65-02,52.25,5.97326,2.948,17.23,89.1,22.62
2026-07-26 22:16:23,lht65-02,52.25,5.97326,2.917,17.0,89.6,22.5
2026-07-26 22:26:23,lht65-02,52.25,5.97326,2.991,16.8,90.2,22.5
2026-07-26 22:36:23,lht65-02,52.25,5.97326,2.991,16.65,90.6,22.37
2026-07-26 22:46:23,lht65-02,52.25,5.97326,2.991,16.53,90.9,22.37
2026-07-26 22:56:23,lht65-02,52.25,5.97326,2.991,16.46,91.2,22.31
2026-07-26 23:06:23,lht65-02,52.25,5.97326,2.978,16.42,91.8,22.25
2026-07-26 23:16:23,lht65-02,52.25,5.97326,2.991,16.41,92.2,22.18
2026-07-26 23:26:23,lht65-02,52.25,5.97326,2.991,16.4,92.3,22.12
2026-07-26 23:36:23,lht65-02,52.25,5.97326,2.991,16.42,92.7,22.06
2026-07-26 23:46:23,lht65-02,52.25,5.97326,2.991,16.52,93.5,22.0
2026-07-26 23:56:23,lht65-02,52.25,5.97326,2.991,16.65,94.1,22.0
2026-07-27 00:06:23,lht65-02,52.25,5.97326,2.991,16.78,94.5,21.87
2026-07-27 00:16:23,lht65-02,52.25,5.97326,2.991,16.82,94.2,21.87
2026-07-27 00:26:23,lht65-02,52.25,5.97326,2.991,16.82,93.8,21.81
2026-07-27 00:36:23,lht65-02,52.25,5.97326,2.992,16.78,93.8,21.75
2026-07-27 00:46:23,lht65-02,52.25,5.97326,2.991,16.69,93.8,21.75
2026-07-27 00:56:23,lht65-02,52.25,5.97326,2.992,16.54,93.4,21.68
2026-07-27 01:06:23,lht65-02,52.25,5.97326,2.991,16.34,93.2,21.62
2026-07-27 01:16:23,lht65-02,52.25,5.97326,2.991,16.15,93.3,21.62
2026-07-27 01:36:23,lht65-02,52.25,5.97326,2.992,15.97,93.6,21.5
2026-07-27 01:46:23,lht65-02,52.25,5.97326,2.991,15.94,93.9,21.5
2026-07-27 01:56:23,lht65-02,52.25,5.97326,2.991,15.92,94.2,21.43
2026-07-27 02:06:23,lht65-02,52.25,5.97326,2.991,15.94,94.5,21.37
2026-07-27 02:16:22,lht65-02,52.25,5.97326,2.991,15.98,94.9,21.37
2026-07-27 02:26:22,lht65-02,52.25,5.97326,2.992,16.02,95.2,21.31
2026-07-27 02:36:22,lht65-02,52.25,5.97326,2.991,16.02,95.4,21.25
2026-07-27 02:46:22,lht65-02,52.25,5.97326,2.994,16.02,95.1,21.25
2026-07-27 02:56:22,lht65-02,52.25,5.97326,2.994,16.02,95.0,21.18
2026-07-27 03:06:22,lht65-02,52.25,5.97326,2.992,15.95,94.3,21.12
2026-07-27 03:16:22,lht65-02,52.25,5.97326,2.991,15.83,93.9,21.12
2026-07-27 03:26:22,lht65-02,52.25,5.97326,2.994,15.76,94.2,21.06
2026-07-27 03:36:22,lht65-02,52.25,5.97326,2.917,15.64,93.9,21.06
2026-07-27 03:46:22,lht65-02,52.25,5.97326,2.98,15.49,94.1,21.0
2026-07-27 03:56:22,lht65-02,52.25,5.97326,2.941,15.4,94.3,21.0
2026-07-27 04:06:22,lht65-02,52.25,5.97326,2.948,15.35,94.6,20.93
2026-07-27 04:16:22,lht65-02,52.25,5.97326,2.952,15.38,95.1,20.93
2026-07-27 04:26:22,lht65-02,52.25,5.97326,2.948,15.51,95.6,20.87
2026-07-27 04:36:22,lht65-02,52.25,5.97326,2.952,15.81,96.5,20.81
2026-07-27 04:46:22,lht65-02,52.25,5.97326,2.948,16.15,98.2,20.81
2026-07-27 04:56:22,lht65-02,52.25,5.97326,2.941,16.43,99.2,20.75
2026-07-27 05:06:22,lht65-02,52.25,5.97326,2.934,16.78,99.7,20.75
2026-07-27 05:16:22,lht65-02,52.25,5.97326,2.934,17.08,100.0,20.75
2026-07-27 05:26:22,lht65-02,52.25,5.97326,3.005,17.5,100.0,20.75
2026-07-27 05:36:22,lht65-02,52.25,5.97326,3.001,18.05,100.0,20.68
2026-07-27 05:46:22,lht65-02,52.25,5.97326,2.934,18.65,100.0,20.68
2026-07-27 05:56:22,lht65-02,52.25,5.97326,2.934,19.27,99.1,20.68
2026-07-27 06:06:22,lht65-02,52.25,5.97326,2.934,19.86,97.3,20.68
2026-07-27 06:16:22,lht65-02,52.25,5.97326,2.931,20.67,96.2,20.75
2026-07-27 06:26:22,lht65-02,52.25,5.97326,2.94,21.54,95.7,20.75
2026-07-27 06:36:22,lht65-02,52.25,5.97326,2.96,22.51,95.0,20.81
2026-07-27 06:46:22,lht65-02,52.25,5.97326,2.934,23.79,94.8,20.81
2026-07-27 06:56:22,lht65-02,52.25,5.97326,2.936,25.12,92.9,20.87
2026-07-27 07:06:22,lht65-02,52.25,5.97326,2.904,26.44,90.8,20.93
2026-07-27 07:16:22,lht65-02,52.25,5.97326,2.931,27.56,86.5,21.0
2026-07-27 07:26:22,lht65-02,52.25,5.97326,2.931,27.16,80.5,21.12
2026-07-27 07:36:22,lht65-02,52.25,5.97326,2.931,26.87,82.6,21.25
2026-07-27 07:46:22,lht65-02,52.25,5.97326,2.926,27.77,84.4,21.31
2026-07-27 07:56:22,lht65-02,52.25,5.97326,3.016,27.45,80.6,21.43
2026-07-27 08:06:22,lht65-02,52.25,5.97326,3.016,26.71,80.4,21.56
2026-07-27 08:16:22,lht65-02,52.25,5.97326,3.016,26.12,81.6,21.62
2026-07-27 08:26:22,lht65-02,52.25,5.97326,3.016,26.24,85.2,21.68
2026-07-27 08:36:22,lht65-02,52.25,5.97326,3.014,28.51,87.4,21.81
2026-07-27 08:46:22,lht65-02,52.25,5.97326,3.012,29.65,69.3,21.87
2026-07-27 08:56:22,lht65-02,52.25,5.97326,3.016,29.0,70.8,21.93
2026-07-27 09:06:22,lht65-02,52.25,5.97326,3.014,27.92,69.6,22.06
2026-07-27 09:16:22,lht65-02,52.25,5.97326,3.014,26.67,71.3,22.18
2026-07-27 09:26:22,lht65-02,52.25,5.97326,3.012,25.41,74.3,22.25
2026-07-27 09:36:22,lht65-02,52.25,5.97326,3.012,25.69,79.8,22.37
2026-07-27 09:46:22,lht65-02,52.25,5.97326,3.016,27.5,74.8,22.37
2026-07-27 09:56:22,lht65-02,52.25,5.97326,3.019,28.47,75.5,22.43
2026-07-27 10:06:22,lht65-02,52.25,5.97326,3.019,29.89,77.4,22.5
2026-07-27 10:16:22,lht65-02,52.25,5.97326,3.019,30.82,71.3,22.56
2026-07-27 10:26:22,lht65-02,52.25,5.97326,3.019,30.51,64.1,22.68
2026-07-27 10:36:22,lht65-02,52.25,5.97326,3.019,29.41,70.1,22.81
2026-07-27 10:46:22,lht65-02,52.25,5.97326,3.019,28.86,70.5,22.87
2026-07-27 10:56:21,lht65-02,52.25,5.97326,3.019,27.89,70.3,23.0
2026-07-27 11:06:22,lht65-02,52.25,5.97326,3.019,27.05,71.5,23.06
2026-07-27 11:16:22,lht65-02,52.25,5.97326,3.019,27.46,75.0,23.12
2026-07-27 11:26:22,lht65-02,52.25,5.97326,3.021,29.38,73.6,23.12
2026-07-27 11:36:21,lht65-02,52.25,5.97326,3.019,30.33,65.9,23.25
2026-07-27 11:46:22,lht65-02,52.25,5.97326,3.019,30.34,65.3,23.31
2026-07-27 11:56:21,lht65-02,52.25,5.97326,3.016,30.83,64.4,23.37
2026-07-27 12:06:21,lht65-02,52.25,5.97326,3.019,30.37,58.0,23.43
2026-07-27 12:16:21,lht65-02,52.25,5.97326,3.019,29.11,60.7,23.56
2026-07-27 12:26:21,lht65-02,52.25,5.97326,3.019,28.81,65.4,23.62
2026-07-27 12:36:21,lht65-02,52.25,5.97326,3.019,30.03,67.4,23.68
2026-07-27 12:46:21,lht65-02,52.25,5.97326,3.018,30.82,56.8,23.75
2026-07-27 12:56:21,lht65-02,52.25,5.97326,3.007,31.04,57.0,23.81
2026-07-27 13:06:21,lht65-02,52.25,5.97326,2.996,31.67,54.6,23.93
2026-07-27 13:16:21,lht65-02,52.25,5.97326,2.991,31.9,57.2,23.93
2026-07-27 13:26:21,lht65-02,52.25,5.97326,3.018,31.48,53.9,24.12
2026-07-27 13:36:21,lht65-02,52.25,5.97326,3.012,31.53,62.2,24.18
2026-07-27 13:46:21,lht65-02,52.25,5.97326,2.934,31.85,47.0,24.31
2026-07-27 13:56:21,lht65-02,52.25,5.97326,3.016,30.82,52.0,24.37
2026-07-27 14:06:21,lht65-02,52.25,5.97326,3.019,30.48,48.9,24.5
2026-07-27 14:16:21,lht65-02,52.25,5.97326,3.019,29.22,55.8,24.56
2026-07-27 14:26:21,lht65-02,52.25,5.97326,3.019,29.34,63.3,24.68
2026-07-27 14:36:21,lht65-02,52.25,5.97326,3.019,30.82,60.7,24.75
2026-07-27 14:46:21,lht65-02,52.25,5.97326,3.019,31.66,48.4,24.81
2026-07-27 14:56:21,lht65-02,52.25,5.97326,3.019,30.64,48.6,24.87
2026-07-27 15:06:21,lht65-02,52.25,5.97326,3.018,28.51,51.7,24.93
2026-07-27 15:16:21,lht65-02,52.25,5.97326,3.016,28.19,58.8,25.0
2026-07-27 15:26:21,lht65-02,52.25,5.97326,3.016,30.2,64.2,25.06
2026-07-27 15:36:21,lht65-02,52.25,5.97326,3.019,31.48,48.7,25.06
2026-07-27 15:46:21,lht65-02,52.25,5.97326,3.018,30.13,49.1,25.06
2026-07-27 15:56:21,lht65-02,52.25,5.97326,3.016,28.47,52.1,25.12
2026-07-27 16:06:21,lht65-02,52.25,5.97326,3.019,26.56,57.6,25.18
2026-07-27 16:16:21,lht65-02,52.25,5.97326,3.016,25.83,64.6,25.18
2026-07-27 16:26:21,lht65-02,52.25,5.97326,3.016,25.98,64.5,25.18
2026-07-27 16:36:21,lht65-02,52.25,5.97326,3.016,25.55,65.8,25.18
2026-07-27 16:46:21,lht65-02,52.25,5.97326,3.016,24.92,67.5,25.18
2026-07-27 16:56:21,lht65-02,52.25,5.97326,3.014,24.41,68.8,25.12
2026-07-27 17:06:21,lht65-02,52.25,5.97326,3.019,23.97,70.1,25.06
2026-07-27 17:16:21,lht65-02,52.25,5.97326,3.016,23.66,75.5,25.06
2026-07-27 17:26:21,lht65-02,52.25,5.97326,3.018,23.75,79.6,25.0
2026-07-27 17:36:21,lht65-02,52.25,5.97326,3.016,23.66,80.8,24.93
2026-07-27 17:46:21,lht65-02,52.25,5.97326,3.016,23.45,81.0,24.87
2026-07-27 17:56:21,lht65-02,52.25,5.97326,3.012,23.14,81.1,24.81
2026-07-27 18:06:21,lht65-02,52.25,5.97326,3.009,22.78,82.0,24.75
2026-07-27 18:16:21,lht65-02,52.25,5.97326,3.012,22.47,82.4,24.68
2026-07-27 18:26:21,lht65-02,52.25,5.97326,3.012,22.24,82.7,24.62
2026-07-27 18:36:21,lht65-02,52.25,5.97326,3.01,21.94,82.8,24.56
2026-07-27 18:46:21,lht65-02,52.25,5.97326,3.012,21.59,83.2,24.5
2026-07-27 18:56:21,lht65-02,52.25,5.97326,3.016,21.23,83.8,24.43
2026-07-27 19:06:21,lht65-02,52.25,5.97326,3.014,20.85,83.6,24.37
2026-07-27 19:16:21,lht65-02,52.25,5.97326,2.987,20.4,83.7,24.31
2026-07-27 19:26:21,lht65-02,52.25,5.97326,2.991,19.86,83.9,24.18
2026-07-27 19:46:21,lht65-02,52.25,5.97326,2.992,18.83,84.2,24.06
2026-07-27 19:56:21,lht65-02,52.25,5.97326,3.007,18.19,84.8,24.0
2026-07-27 20:06:21,lht65-02,52.25,5.97326,2.982,17.66,85.6,23.93
2026-07-27 20:16:20,lht65-02,52.25,5.97326,2.976,17.21,86.4,23.81
2026-07-27 20:26:21,lht65-02,52.25,5.97326,3.016,16.86,87.0,23.75
2026-07-27 20:36:21,lht65-02,52.25,5.97326,3.007,16.48,87.4,23.62
2026-07-27 20:46:20,lht65-02,52.25,5.97326,2.985,16.14,87.8,23.56
2026-07-27 20:56:21,lht65-02,52.25,5.97326,2.991,15.81,88.2,23.43
2026-07-27 21:06:20,lht65-02,52.25,5.97326,3.007,15.53,88.2,23.37
2026-07-27 21:16:21,lht65-02,52.25,5.97326,2.962,15.31,89.1,23.25
2026-07-27 21:36:21,lht65-02,52.25,5.97326,3.009,15.47,92.6,23.06
2026-07-27 21:46:20,lht65-02,52.25,5.97326,3.009,15.68,94.7,23.0
2026-07-27 21:56:20,lht65-02,52.25,5.97326,3.009,15.92,96.5,22.87
2026-07-27 22:06:20,lht65-02,52.25,5.97326,3.003,16.12,98.1,22.81
2026-07-27 22:16:20,lht65-02,52.25,5.97326,3.007,16.25,99.1,22.75
2026-07-27 22:26:20,lht65-02,52.25,5.97326,3.016,16.31,99.3,22.68
2026-07-27 22:36:20,lht65-02,52.25,5.97326,3.016,16.26,98.7,22.62
2026-07-27 22:46:21,lht65-02,52.25,5.97326,3.016,16.18,97.9,22.56
2026-07-27 22:56:20,lht65-02,52.25,5.97326,3.016,16.04,96.6,22.5
2026-07-27 23:06:20,lht65-02,52.25,5.97326,3.016,15.78,94.6,22.43
2026-07-27 23:16:21,lht65-02,52.25,5.97326,3.018,15.51,93.8,22.37
2026-07-27 23:26:20,lht65-02,52.25,5.97326,3.016,15.23,93.6,22.31
2026-07-27 23:36:20,lht65-02,52.25,5.97326,2.966,14.93,93.3,22.25
2026-07-27 23:46:20,lht65-02,52.25,5.97326,3.005,14.65,93.6,22.18
2026-07-27 23:56:20,lht65-02,52.25,5.97326,3.009,14.37,93.9,22.12
2026-07-28 00:06:20,lht65-02,52.25,5.97326,3.001,14.3,94.3,22.06
2026-07-28 00:16:20,lht65-02,52.25,5.97326,3.007,14.3,95.8,22.0
2026-07-28 00:26:20,lht65-02,52.25,5.97326,3.009,14.36,96.9,21.87
2026-07-28 00:36:20,lht65-02,52.25,5.97326,3.007,14.56,97.9,21.87
2026-07-28 00:46:20,lht65-02,52.25,5.97326,3.009,14.64,98.8,21.75
2026-07-28 00:56:20,lht65-02,52.25,5.97326,3.009,14.72,99.1,21.68
2026-07-28 01:06:20,lht65-02,52.25,5.97326,3.005,14.7,99.1,21.68
2026-07-28 01:16:20,lht65-02,52.25,5.97326,3.005,14.58,98.6,21.62
2026-07-28 01:26:20,lht65-02,52.25,5.97326,3.005,14.32,97.3,21.56
2026-07-28 01:36:20,lht65-02,52.25,5.97326,3.001,14.3,96.0,21.5
2026-07-28 01:46:20,lht65-02,52.25,5.97326,3.01,13.97,95.6,21.43
2026-07-28 01:56:20,lht65-02,52.25,5.97326,2.991,13.8,95.9,21.37
2026-07-28 02:06:20,lht65-02,52.25,5.97326,2.991,13.81,96.8,21.31
2026-07-28 02:16:20,lht65-02,52.25,5.97326,3.007,13.95,97.6,21.31
2026-07-28 02:26:20,lht65-02,52.25,5.97326,3.009,14.19,98.7,21.25
2026-07-28 02:36:20,lht65-02,52.25,5.97326,3.005,14.31,99.6,21.18
2026-07-28 02:46:20,lht65-02,52.25,5.97326,3.005,14.52,100.0,21.12
2026-07-28 02:56:20,lht65-02,52.25,5.97326,3.003,14.7,100.0,21.06
2026-07-28 03:06:20,lht65-02,52.25,5.97326,3.001,14.89,100.0,21.0
2026-07-28 03:16:20,lht65-02,52.25,5.97326,3.005,15.08,100.0,21.0
2026-07-28 03:26:20,lht65-02,52.25,5.97326,3.001,15.22,100.0,20.93
2026-07-28 03:36:20,lht65-02,52.25,5.97326,3.001,15.38,100.0,20.93
2026-07-28 03:46:20,lht65-02,52.25,5.97326,3.005,15.5,100.0,20.93
2026-07-28 03:56:20,lht65-02,52.25,5.97326,3.005,15.68,100.0,20.87
2026-07-28 04:06:20,lht65-02,52.25,5.97326,3.003,15.68,100.0,20.87
2026-07-28 04:16:20,lht65-02,52.25,5.97326,3.005,15.58,100.0,20.81
2026-07-28 04:26:20,lht65-02,52.25,5.97326,3.009,15.53,100.0,20.81
2026-07-28 04:36:20,lht65-02,52.25,5.97326,3.005,15.57,100.0,20.75
2026-07-28 04:46:20,lht65-02,52.25,5.97326,3.005,15.72,100.0,20.75
2026-07-28 04:56:20,lht65-02,52.25,5.97326,3.003,16.0,100.0,20.68
2026-07-28 05:06:20,lht65-02,52.25,5.97326,3.005,16.37,100.0,20.68
2026-07-28 05:16:20,lht65-02,52.25,5.97326,3.005,16.79,100.0,20.68
2026-07-28 05:26:20,lht65-02,52.25,5.97326,3.001,17.25,100.0,20.68
2026-07-28 05:36:20,lht65-02,52.25,5.97326,3.005,17.85,100.0,20.68
2026-07-28 05:46:20,lht65-02,52.25,5.97326,3.001,18.48,100.0,20.62
2026-07-28 05:56:20,lht65-02,52.25,5.97326,3.001,19.05,100.0,20.68
2026-07-28 06:06:20,lht65-02,52.25,5.97326,3.005,19.84,100.0,20.68
2026-07-28 06:16:20,lht65-02,52.25,5.97326,3.005,20.57,97.8,20.68
2026-07-28 06:26:20,lht65-02,52.25,5.97326,3.005,21.38,88.2,20.75
2026-07-28 06:36:20,lht65-02,52.25,5.97326,3.01,22.19,86.0,20.75
2026-07-28 06:46:20,lht65-02,52.25,5.97326,3.0,23.08,82.0,20.81
2026-07-28 06:56:20,lht65-02,52.25,5.97326,3.005,23.93,78.2,20.81
2026-07-28 07:06:20,lht65-02,52.25,5.97326,2.996,24.65,76.3,20.93
2026-07-28 07:16:20,lht65-02,52.25,5.97326,3.001,25.32,75.9,20.93
2026-07-28 07:26:19,lht65-02,52.25,5.97326,2.973,25.91,70.6,21.06
2026-07-28 07:36:19,lht65-02,52.25,5.97326,2.968,26.72,71.7,21.12
2026-07-28 07:46:20,lht65-02,52.25,5.97326,2.98,27.63,72.3,21.25
2026-07-28 07:56:20,lht65-02,52.25,5.97326,2.987,28.53,66.9,21.31
2026-07-28 08:06:20,lht65-02,52.25,5.97326,2.994,29.36,64.3,21.43
2026-07-28 08:16:20,lht65-02,52.25,5.97326,2.991,29.7,62.7,21.56
2026-07-28 08:26:19,lht65-02,52.25,5.97326,2.991,29.92,59.8,21.68
2026-07-28 08:36:20,lht65-02,52.25,5.97326,2.991,30.18,58.6,21.81
2026-07-28 08:46:19,lht65-02,52.25,5.97326,2.929,30.67,61.1,21.87
2026-07-28 08:56:20,lht65-02,52.25,5.97326,2.975,31.0,57.9,22.06
2026-07-28 09:06:19,lht65-02,52.25,5.97326,3.014,31.18,58.4,22.18
2026-07-28 09:16:20,lht65-02,52.25,5.97326,3.018,31.41,56.4,22.31
2026-07-28 09:26:19,lht65-02,52.25,5.97326,3.014,31.74,52.2,22.43
2026-07-28 09:36:19,lht65-02,52.25,5.97326,3.012,32.02,51.0,22.56
2026-07-28 09:46:19,lht65-02,52.25,5.97326,3.016,31.92,49.7,22.68
2026-07-28 09:56:20,lht65-02,52.25,5.97326,3.014,31.94,52.5,22.87
2026-07-28 10:06:19,lht65-02,52.25,5.97326,3.009,32.65,47.3,23.0
2026-07-28 10:16:19,lht65-02,52.25,5.97326,3.007,32.89,45.2,23.12
2026-07-28 10:26:19,lht65-02,52.25,5.97326,3.019,33.01,52.3,23.25
2026-07-28 10:36:19,lht65-02,52.25,5.97326,3.019,33.01,45.6,23.37
2026-07-28 10:46:19,lht65-02,52.25,5.97326,3.019,32.93,44.3,23.5
2026-07-28 10:56:19,lht65-02,52.25,5.97326,2.973,33.37,45.5,23.62
2026-07-28 11:06:19,lht65-02,52.25,5.97326,3.014,33.68,49.5,23.75
2026-07-28 11:16:19,lht65-02,52.25,5.97326,3.016,33.71,45.8,23.87
2026-07-28 11:26:19,lht65-02,52.25,5.97326,3.012,33.82,45.2,23.93
2026-07-28 11:36:19,lht65-02,52.25,5.97326,3.009,33.67,47.4,24.06
2026-07-28 11:46:19,lht65-02,52.25,5.97326,3.014,33.73,43.6,24.18
2026-07-28 11:56:19,lht65-02,52.25,5.97326,2.998,34.06,47.2,24.25
2026-07-28 12:06:19,lht65-02,52.25,5.97326,3.012,34.4,46.4,24.37
2026-07-28 12:16:19,lht65-02,52.25,5.97326,3.012,34.62,44.0,24.5
2026-07-28 12:26:19,lht65-02,52.25,5.97326,3.009,34.9,46.4,24.56
2026-07-28 12:36:19,lht65-02,52.25,5.97326,3.012,34.58,45.9,24.68
2026-07-28 12:46:19,lht65-02,52.25,5.97326,3.014,34.96,47.0,24.75
2026-07-28 12:56:19,lht65-02,52.25,5.97326,2.969,35.4,44.6,24.87
2026-07-28 13:06:19,lht65-02,52.25,5.97326,3.016,34.56,43.4,24.93
2026-07-28 13:16:19,lht65-02,52.25,5.97326,3.016,33.69,41.9,25.06
2026-07-28 13:26:19,lht65-02,52.25,5.97326,3.016,34.08,48.6,25.18
2026-07-28 13:36:19,lht65-02,52.25,5.97326,3.016,35.31,47.6,25.25
2026-07-28 13:46:19,lht65-02,52.25,5.97326,3.016,35.63,45.0,25.37
2026-07-28 13:56:19,lht65-02,52.25,5.97326,3.016,34.77,44.6,25.5
2026-07-28 14:06:19,lht65-02,52.25,5.97326,3.016,34.86,43.9,25.56
2026-07-28 14:16:19,lht65-02,52.25,5.97326,3.016,34.24,41.0,25.68
2026-07-28 14:26:19,lht65-02,52.25,5.97326,3.016,33.33,46.5,25.75
2026-07-28 14:36:19,lht65-02,52.25,5.97326,3.016,32.8,46.5,25.81
2026-07-28 14:46:19,lht65-02,52.25,5.97326,3.016,33.18,46.6,25.87
2026-07-28 14:56:19,lht65-02,52.25,5.97326,3.019,33.57,42.0,25.93
2026-07-28 15:06:19,lht65-02,52.25,5.97326,3.016,33.18,46.9,25.93
2026-07-28 15:16:19,lht65-02,52.25,5.97326,3.016,33.15,48.6,26.0
2026-07-28 15:26:19,lht65-02,52.25,5.97326,3.016,33.28,44.8,26.0
2026-07-28 15:36:19,lht65-02,52.25,5.97326,3.016,32.49,47.5,26.0
2026-07-28 15:46:19,lht65-02,52.25,5.97326,3.016,32.2,46.1,26.0
2026-07-28 15:56:19,lht65-02,52.25,5.97326,3.016,31.75,52.5,26.06
2026-07-28 16:06:19,lht65-02,52.25,5.97326,3.016,32.04,47.6,26.06
2026-07-28 16:16:19,lht65-02,52.25,5.97326,3.016,32.29,48.0,26.06
2026-07-28 16:26:19,lht65-02,52.25,5.97326,3.014,31.61,47.5,26.06
2026-07-28 16:36:19,lht65-02,52.25,5.97326,3.014,30.83,50.5,26.06
2026-07-28 16:46:19,lht65-02,52.25,5.97326,3.019,30.37,55.0,26.0
2026-07-28 16:56:19,lht65-02,52.25,5.97326,3.019,29.89,57.9,26.0
2026-07-28 17:06:19,lht65-02,52.25,5.97326,3.021,29.52,61.8,26.0
2026-07-28 17:16:19,lht65-02,52.25,5.97326,3.023,29.39,65.7,25.93
2026-07-28 17:26:19,lht65-02,52.25,5.97326,3.021,29.45,66.0,25.93
2026-07-28 17:36:19,lht65-02,52.25,5.97326,3.023,29.33,64.6,25.87
2026-07-28 17:46:19,lht65-02,52.25,5.97326,3.023,29.05,67.4,25.81
2026-07-28 17:56:18,lht65-02,52.25,5.97326,3.023,28.79,69.3,25.81
2026-07-28 18:06:18,lht65-02,52.25,5.97326,3.023,28.48,69.1,25.75
2026-07-28 18:16:18,lht65-02,52.25,5.97326,3.023,28.2,67.7,25.75
2026-07-28 18:26:18,lht65-02,52.25,5.97326,3.023,27.83,68.9,25.68
2026-07-28 18:36:19,lht65-02,52.25,5.97326,3.025,27.36,73.3,25.62
2026-07-28 18:46:18,lht65-02,52.25,5.97326,3.023,26.78,74.5,25.62
2026-07-28 18:56:18,lht65-02,52.25,5.97326,3.023,26.13,76.4,25.56
2026-07-28 19:06:18,lht65-02,52.25,5.97326,3.021,25.34,79.1,25.5
2026-07-28 19:16:18,lht65-02,52.25,5.97326,3.019,24.85,80.8,25.43
2026-07-28 19:26:18,lht65-02,52.25,5.97326,3.019,24.37,82.6,25.37
2026-07-28 19:36:19,lht65-02,52.25,5.97326,3.016,23.84,82.6,25.31
2026-07-28 19:46:18,lht65-02,52.25,5.97326,3.019,23.25,78.0,25.25
2026-07-28 19:56:18,lht65-02,52.25,5.97326,3.019,22.8,79.3,25.18
2026-07-28 20:06:18,lht65-02,52.25,5.97326,3.016,22.34,80.4,25.12
2026-07-28 20:16:18,lht65-02,52.25,5.97326,3.012,21.9,81.1,25.0
2026-07-28 20:26:18,lht65-02,52.25,5.97326,3.012,21.51,82.6,24.93
2026-07-28 20:36:18,lht65-02,52.25,5.97326,3.001,21.09,83.7,24.87
2026-07-28 20:46:18,lht65-02,52.25,5.97326,2.992,20.66,84.9,24.81
2026-07-28 20:56:18,lht65-02,52.25,5.97326,2.976,20.29,86.0,24.68
2026-07-28 21:06:18,lht65-02,52.25,5.97326,2.876,19.86,86.0,24.56
2026-07-28 21:16:18,lht65-02,52.25,5.97326,2.952,19.67,86.6,24.5
2026-07-28 21:26:18,lht65-02,52.25,5.97326,2.994,19.42,87.5,24.43
2026-07-28 21:36:18,lht65-02,52.25,5.97326,2.98,19.27,88.0,24.37
2026-07-28 21:46:18,lht65-02,52.25,5.97326,2.96,19.05,87.7,24.25
2026-07-28 21:56:18,lht65-02,52.25,5.97326,3.016,18.86,87.8,24.18
2026-07-28 22:06:18,lht65-02,52.25,5.97326,3.012,18.65,88.5,24.12
2026-07-28 22:16:18,lht65-02,52.25,5.97326,3.014,18.45,88.7,24.0
2026-07-28 22:26:18,lht65-02,52.25,5.97326,3.01,18.36,89.4,23.93
2026-07-28 22:36:18,lht65-02,52.25,5.97326,2.996,18.26,89.4,23.87
2026-07-28 22:46:18,lht65-02,52.25,5.97326,3.016,18.19,90.0,23.75
2026-07-28 22:56:18,lht65-02,52.25,5.97326,3.016,18.13,90.0,23.68
2026-07-28 23:06:18,lht65-02,52.25,5.97326,3.019,18.02,90.3,23.62
2026-07-28 23:16:18,lht65-02,52.25,5.97326,3.016,18.0,90.9,23.56
2026-07-28 23:26:18,lht65-02,52.25,5.97326,3.019,18.0,91.0,23.5
2026-07-28 23:36:18,lht65-02,52.25,5.97326,2.973,17.88,90.8,23.43
2026-07-28 23:46:18,lht65-02,52.25,5.97326,3.01,17.75,90.8,23.37
2026-07-28 23:56:18,lht65-02,52.25,5.97326,3.014,17.64,90.9,23.25
2026-07-29 00:06:18,lht65-02,52.25,5.97326,3.012,17.52,91.1,23.25
2026-07-29 00:16:18,lht65-02,52.25,5.97326,3.019,17.43,91.5,23.12
2026-07-29 00:26:18,lht65-02,52.25,5.97326,3.019,17.38,91.7,23.06
2026-07-29 00:36:18,lht65-02,52.25,5.97326,3.019,17.28,91.6,23.06
2026-07-29 00:46:18,lht65-02,52.25,5.97326,3.005,17.09,91.2,22.93
2026-07-29 00:56:18,lht65-02,52.25,5.97326,3.009,16.95,90.9,22.87
2026-07-29 01:06:18,lht65-02,52.25,5.97326,2.991,16.78,90.9,22.81
2026-07-29 01:16:18,lht65-02,52.25,5.97326,3.005,16.59,90.9,22.75
2026-07-29 01:26:18,lht65-02,52.25,5.97326,2.994,16.43,91.1,22.75
2026-07-29 01:36:18,lht65-02,52.25,5.97326,2.98,16.31,91.4,22.62
2026-07-29 01:46:18,lht65-02,52.25,5.97326,2.948,16.19,91.5,22.56
2026-07-29 01:56:18,lht65-02,52.25,5.97326,2.941,16.15,92.1,22.5
2026-07-29 02:06:18,lht65-02,52.25,5.97326,2.955,16.15,92.7,22.5
2026-07-29 02:16:18,lht65-02,52.25,5.97326,2.952,16.13,93.0,22.37
2026-07-29 02:26:18,lht65-02,52.25,5.97326,2.996,16.05,93.0,22.37
2026-07-29 02:36:18,lht65-02,52.25,5.97326,2.994,15.95,92.8,22.31
2026-07-29 02:46:18,lht65-02,52.25,5.97326,2.998,15.83,92.6,22.25
2026-07-29 02:56:18,lht65-02,52.25,5.97326,2.992,15.74,92.8,22.18
2026-07-29 03:06:18,lht65-02,52.25,5.97326,2.991,15.68,93.0,22.12
2026-07-29 03:16:18,lht65-02,52.25,5.97326,2.991,15.63,93.2,22.06
2026-07-29 03:26:17,lht65-02,52.25,5.97326,2.994,15.62,93.6,22.0
2026-07-29 03:36:17,lht65-02,52.25,5.97326,2.992,15.68,94.4,22.0
2026-07-29 03:46:17,lht65-02,52.25,5.97326,2.991,15.72,95.4,21.93
2026-07-29 03:56:17,lht65-02,52.25,5.97326,2.996,15.74,96.0,21.87
2026-07-29 04:06:18,lht65-02,52.25,5.97326,2.994,15.72,95.9,21.81
2026-07-29 04:16:18,lht65-02,52.25,5.97326,2.994,15.7,95.7,21.81
2026-07-29 04:26:18,lht65-02,52.25,5.97326,2.994,15.73,95.4,21.75
2026-07-29 04:36:18,lht65-02,52.25,5.97326,2.996,15.79,95.3,21.68
2026-07-29 04:46:17,lht65-02,52.25,5.97326,2.994,15.99,95.3,21.62
2026-07-29 04:56:17,lht65-02,52.25,5.97326,2.985,16.24,95.5,21.62
2026-07-29 05:06:17,lht65-02,52.25,5.97326,2.991,16.56,96.0,21.56
2026-07-29 05:16:17,lht65-02,52.25,5.97326,2.991,17.03,96.8,21.56
2026-07-29 05:26:17,lht65-02,52.25,5.97326,2.994,17.57,99.0,21.5
2026-07-29 05:36:17,lht65-02,52.25,5.97326,2.992,18.26,100.0,21.5
2026-07-29 05:46:17,lht65-02,52.25,5.97326,2.994,19.03,100.0,21.43
2026-07-29 05:56:17,lht65-02,52.25,5.97326,2.996,19.84,100.0,21.5
2026-07-29 06:06:17,lht65-02,52.25,5.97326,2.996,20.63,100.0,21.43
2026-07-29 06:16:17,lht65-02,52.25,5.97326,3.001,21.52,100.0,21.43
2026-07-29 06:26:17,lht65-02,52.25,5.97326,3.014,22.44,99.9,21.5
2026-07-29 06:36:17,lht65-02,52.25,5.97326,3.001,23.5,98.5,21.5
2026-07-29 06:46:17,lht65-02,52.25,5.97326,3.001,24.66,97.2,21.56
2026-07-29 06:56:17,lht65-02,52.25,5.97326,3.005,25.91,95.1,21.62
2026-07-29 07:06:17,lht65-02,52.25,5.97326,3.001,27.12,93.0,21.68
2026-07-29 07:16:17,lht65-02,52.25,5.97326,3.016,28.27,82.0,21.75
2026-07-29 07:26:17,lht65-02,52.25,5.97326,3.018,28.51,72.8,21.87
2026-07-29 07:36:17,lht65-02,52.25,5.97326,3.016,28.9,69.5,22.0
2026-07-29 07:46:17,lht65-02,52.25,5.97326,3.014,29.26,68.6,22.12
2026-07-29 07:56:17,lht65-02,52.25,5.97326,3.009,29.34,65.2,22.18
2026-07-29 08:06:17,lht65-02,52.25,5.97326,2.994,29.88,67.1,22.31
2026-07-29 08:16:17,lht65-02,52.25,5.97326,3.007,30.2,56.7,22.43
2026-07-29 08:26:17,lht65-02,52.25,5.97326,3.016,30.2,55.2,22.56
2026-07-29 08:36:17,lht65-02,52.25,5.97326,3.016,30.09,55.3,22.68
2026-07-29 08:46:17,lht65-02,52.25,5.97326,3.009,30.34,53.7,22.81
2026-07-29 08:56:17,lht65-02,52.25,5.97326,2.994,30.83,52.6,22.93
2026-07-29 09:06:17,lht65-02,52.25,5.97326,3.001,31.43,51.8,23.06
2026-07-29 09:26:17,lht65-02,52.25,5.97326,3.001,32.46,46.8,23.31
2026-07-29 09:36:17,lht65-02,52.25,5.97326,2.966,32.97,46.6,23.43
2026-07-29 09:46:17,lht65-02,52.25,5.97326,3.001,33.57,45.7,23.56
2026-07-29 09:56:17,lht65-02,52.25,5.97326,3.009,34.75,50.4,23.68
2026-07-29 10:06:17,lht65-02,52.25,5.97326,3.012,34.81,44.0,23.81
2026-07-29 10:16:17,lht65-02,52.25,5.97326,3.012,35.28,44.6,24.0
2026-07-29 10:26:17,lht65-02,52.25,5.97326,2.969,36.17,43.0,24.12
2026-07-29 10:36:17,lht65-02,52.25,5.97326,2.955,36.58,45.7,24.25
2026-07-29 10:46:17,lht65-02,52.25,5.97326,3.012,37.13,49.5,24.43
2026-07-29 10:56:17,lht65-02,52.25,5.97326,3.012,37.49,41.5,24.56
2026-07-29 11:06:17,lht65-02,52.25,5.97326,3.012,37.37,36.9,24.68
2026-07-29 11:16:17,lht65-02,52.25,5.97326,3.012,37.12,39.8,24.87
2026-07-29 11:26:17,lht65-02,52.25,5.97326,3.012,37.09,41.9,25.0
2026-07-29 11:36:17,lht65-02,52.25,5.97326,3.012,37.06,38.4,25.12
2026-07-29 11:46:17,lht65-02,52.25,5.97326,3.012,36.88,39.6,25.25
2026-07-29 11:56:17,lht65-02,52.25,5.97326,3.012,37.11,39.5,25.37
2026-07-29 12:06:17,lht65-02,52.25,5.97326,3.012,37.36,33.8,25.43
2026-07-29 12:16:17,lht65-02,52.25,5.97326,3.012,37.36,37.0,25.56
2026-07-29 12:26:17,lht65-02,52.25,5.97326,3.012,37.62,37.8,25.68
2026-07-29 12:36:17,lht65-02,52.25,5.97326,2.934,37.88,43.9,25.75
2026-07-29 12:46:17,lht65-02,52.25,5.97326,3.014,38.12,33.3,25.87
2026-07-29 12:56:17,lht65-02,52.25,5.97326,3.014,37.69,37.3,26.0
2026-07-29 13:06:17,lht65-02,52.25,5.97326,3.012,37.79,36.3,26.12
2026-07-29 13:16:17,lht65-02,52.25,5.97326,3.014,38.06,36.6,26.25
2026-07-29 13:26:17,lht65-02,52.25,5.97326,3.014,38.46,34.9,26.31
2026-07-29 13:36:17,lht65-02,52.25,5.97326,2.928,38.78,37.1,26.43
2026-07-29 13:46:17,lht65-02,52.25,5.97326,3.014,39.26,34.4,26.56
2026-07-29 13:56:17,lht65-02,52.25,5.97326,3.012,38.99,36.9,26.75
2026-07-29 14:06:17,lht65-02,52.25,5.97326,3.014,38.6,37.7,26.81
2026-07-29 14:16:16,lht65-02,52.25,5.97326,3.012,38.03,34.8,26.93
2026-07-29 14:26:16,lht65-02,52.25,5.97326,3.012,37.97,35.2,27.06
2026-07-29 14:36:16,lht65-02,52.25,5.97326,3.012,37.69,34.6,27.12
2026-07-29 14:46:17,lht65-02,52.25,5.97326,3.014,37.41,33.8,27.18
2026-07-29 14:56:16,lht65-02,52.25,5.97326,3.012,37.41,42.1,27.25
2026-07-29 15:06:17,lht65-02,52.25,5.97326,3.014,37.41,41.0,27.31
2026-07-29 15:16:17,lht65-02,52.25,5.97326,3.014,37.1,40.7,27.31
2026-07-29 15:26:16,lht65-02,52.25,5.97326,3.012,37.03,41.2,27.37
2026-07-29 15:36:16,lht65-02,52.25,5.97326,3.016,36.74,42.9,27.37
2026-07-29 15:46:16,lht65-02,52.25,5.97326,3.014,36.32,42.4,27.37
2026-07-29 15:56:17,lht65-02,52.25,5.97326,3.014,35.96,43.3,27.43
2026-07-29 16:06:16,lht65-02,52.25,5.97326,3.014,35.76,45.9,27.37
2026-07-29 16:16:16,lht65-02,52.25,5.97326,3.014,35.29,41.4,27.43
2026-07-29 16:26:16,lht65-02,52.25,5.97326,3.014,34.95,43.8,27.37
2026-07-29 16:36:16,lht65-02,52.25,5.97326,3.012,34.74,44.1,27.37
2026-07-29 16:46:16,lht65-02,52.25,5.97326,3.016,34.27,44.5,27.37
2026-07-29 16:56:16,lht65-02,52.25,5.97326,3.014,33.9,44.1,27.31
2026-07-29 17:06:16,lht65-02,52.25,5.97326,3.014,33.32,45.0,27.31
2026-07-29 17:16:16,lht65-02,52.25,5.97326,3.014,32.45,49.3,27.31
2026-07-29 17:26:16,lht65-02,52.25,5.97326,3.018,31.7,50.2,27.25
2026-07-29 17:36:16,lht65-02,52.25,5.97326,3.016,30.99,46.8,27.18
2026-07-29 17:46:16,lht65-02,52.25,5.97326,3.018,30.46,53.5,27.12
2026-07-29 17:56:16,lht65-02,52.25,5.97326,3.019,29.89,54.6,27.06
2026-07-29 18:06:16,lht65-02,52.25,5.97326,3.016,29.35,55.3,26.93
2026-07-29 18:16:16,lht65-02,52.25,5.97326,3.016,28.77,59.6,26.87
2026-07-29 18:26:16,lht65-02,52.25,5.97326,3.016,28.17,62.2,26.75
2026-07-29 18:36:16,lht65-02,52.25,5.97326,3.014,27.7,64.3,26.68
2026-07-29 18:46:16,lht65-02,52.25,5.97326,3.016,27.27,67.7,26.56
2026-07-29 18:56:16,lht65-02,52.25,5.97326,3.012,26.83,69.0,26.5
2026-07-29 19:06:16,lht65-02,52.25,5.97326,3.009,26.38,72.3,26.37
2026-07-29 19:16:16,lht65-02,52.25,5.97326,2.998,25.85,74.6,26.25
2026-07-29 19:26:16,lht65-02,52.25,5.97326,3.001,25.34,76.9,26.12
2026-07-29 19:36:16,lht65-02,52.25,5.97326,3.014,24.83,76.8,26.0
2026-07-29 19:46:16,lht65-02,52.25,5.97326,3.012,24.35,75.2,25.87
2026-07-29 19:56:16,lht65-02,52.25,5.97326,3.01,23.78,76.0,25.75
2026-07-29 20:06:16,lht65-02,52.25,5.97326,3.014,23.35,77.5,25.62
2026-07-29 20:16:16,lht65-02,52.25,5.97326,2.996,22.92,76.7,25.5
2026-07-29 20:26:16,lht65-02,52.25,5.97326,3.009,22.42,79.9,25.37
2026-07-29 20:36:16,lht65-02,52.25,5.97326,2.983,21.99,81.2,25.25
2026-07-29 20:46:16,lht65-02,52.25,5.97326,2.966,21.66,82.7,25.06
2026-07-29 20:56:16,lht65-02,52.25,5.97326,3.009,21.34,84.5,25.0
2026-07-29 21:06:16,lht65-02,52.25,5.97326,3.007,21.05,84.0,24.87
2026-07-29 21:16:16,lht65-02,52.25,5.97326,2.876,20.8,84.6,24.75
2026-07-29 21:26:16,lht65-02,52.25,5.97326,3.009,20.53,85.5,24.62
2026-07-29 21:36:16,lht65-02,52.25,5.97326,3.009,20.26,86.3,24.5
2026-07-29 21:46:16,lht65-02,52.25,5.97326,2.89,19.99,86.8,24.37
2026-07-29 21:56:16,lht65-02,52.25,5.97326,3.019,19.86,87.5,24.31
2026-07-29 22:06:16,lht65-02,52.25,5.97326,3.016,19.77,87.3,24.18
2026-07-29 22:16:16,lht65-02,52.25,5.97326,3.009,19.57,87.6,24.12
2026-07-29 22:26:16,lht65-02,52.25,5.97326,2.998,19.35,87.8,24.0
2026-07-29 22:36:16,lht65-02,52.25,5.97326,3.019,19.16,87.6,23.93
2026-07-29 22:46:16,lht65-02,52.25,5.97326,3.023,18.98,88.2,23.87
2026-07-29 22:56:16,lht65-02,52.25,5.97326,3.016,18.83,88.2,23.75
2026-07-29 23:06:16,lht65-02,52.25,5.97326,3.01,18.66,88.8,23.68
2026-07-29 23:16:16,lht65-02,52.25,5.97326,3.018,18.54,88.8,23.62
2026-07-29 23:26:16,lht65-02,52.25,5.97326,2.996,18.4,89.0,23.5
2026-07-29 23:36:16,lht65-02,52.25,5.97326,3.016,18.26,89.0,23.43
2026-07-29 23:46:15,lht65-02,52.25,5.97326,3.018,18.11,89.5,23.37
2026-07-29 23:56:15,lht65-02,52.25,5.97326,3.009,18.0,89.9,23.31
2026-07-30 00:06:16,lht65-02,52.25,5.97326,3.009,17.9,90.1,23.25
2026-07-30 00:16:16,lht65-02,52.25,5.97326,3.016,17.75,90.0,23.18
2026-07-30 00:26:15,lht65-02,52.25,5.97326,3.016,17.64,90.2,23.06
2026-07-30 00:36:16,lht65-02,52.25,5.97326,2.987,17.53,90.4,23.0
2026-07-30 00:46:15,lht65-02,52.25,5.97326,3.014,17.46,90.7,22.93
2026-07-30 00:56:15,lht65-02,52.25,5.97326,3.014,17.4,91.0,22.87
2026-07-30 01:06:16,lht65-02,52.25,5.97326,3.014,17.36,91.0,22.81
2026-07-30 01:16:16,lht65-02,52.25,5.97326,3.016,17.26,90.9,22.75
2026-07-30 01:26:15,lht65-02,52.25,5.97326,3.01,17.09,90.3,22.68
2026-07-30 01:36:15,lht65-02,52.25,5.97326,3.009,17.08,90.8,22.68
2026-07-30 01:46:16,lht65-02,52.25,5.97326,3.009,17.03,91.6,22.56
2026-07-30 01:56:15,lht65-02,52.25,5.97326,3.016,16.93,91.3,22.56
2026-07-30 02:06:15,lht65-02,52.25,5.97326,3.009,16.8,90.5,22.5
2026-07-30 02:16:15,lht65-02,52.25,5.97326,2.994,16.69,90.6,22.37
2026-07-30 02:26:15,lht65-02,52.25,5.97326,3.005,16.68,91.4,22.37
2026-07-30 02:36:15,lht65-02,52.25,5.97326,3.001,16.74,92.3,22.31
2026-07-30 02:46:15,lht65-02,52.25,5.97326,3.003,16.68,91.8,22.25
2026-07-30 02:56:15,lht65-02,52.25,5.97326,3.003,16.72,92.2,22.18
2026-07-30 03:06:15,lht65-02,52.25,5.97326,3.001,16.7,92.4,22.18
2026-07-30 03:16:15,lht65-02,52.25,5.97326,3.001,16.52,90.3,22.12
2026-07-30 03:26:15,lht65-02,52.25,5.97326,3.001,16.44,90.8,22.06
2026-07-30 03:36:15,lht65-02,52.25,5.97326,3.005,16.51,92.0,22.0
2026-07-30 03:46:15,lht65-02,52.25,5.97326,3.001,16.65,92.2,22.0
2026-07-30 03:56:15,lht65-02,52.25,5.97326,3.005,16.76,91.4,21.93
2026-07-30 04:06:15,lht65-02,52.25,5.97326,3.005,16.81,91.9,21.87
2026-07-30 04:16:15,lht65-02,52.25,5.97326,3.005,16.87,92.4,21.87
2026-07-30 04:26:15,lht65-02,52.25,5.97326,3.005,16.96,92.9,21.81
2026-07-30 04:36:15,lht65-02,52.25,5.97326,3.001,17.09,93.7,21.75
2026-07-30 04:46:15,lht65-02,52.25,5.97326,3.005,17.31,94.2,21.75
2026-07-30 04:56:15,lht65-02,52.25,5.97326,3.001,17.56,94.6,21.68
2026-07-30 05:06:15,lht65-02,52.25,5.97326,3.003,17.9,95.1,21.68
2026-07-30 05:16:15,lht65-02,52.25,5.97326,3.001,18.2,95.9,21.68
2026-07-30 05:26:15,lht65-02,52.25,5.97326,3.001,18.56,96.7,21.62
2026-07-30 05:36:15,lht65-02,52.25,5.97326,3.001,19.0,97.3,21.62
2026-07-30 05:46:15,lht65-02,52.25,5.97326,3.001,19.5,97.9,21.62
2026-07-30 05:56:15,lht65-02,52.25,5.97326,3.001,19.86,98.7,21.62
2026-07-30 06:06:15,lht65-02,52.25,5.97326,3.005,20.5,99.0,21.62
2026-07-30 06:16:15,lht65-02,52.25,5.97326,3.001,21.22,99.4,21.62
2026-07-30 06:26:15,lht65-02,52.25,5.97326,3.001,21.93,99.3,21.62
2026-07-30 06:36:15,lht65-02,52.25,5.97326,2.996,22.75,96.9,21.68
2026-07-30 06:46:15,lht65-02,52.25,5.97326,2.996,23.78,92.6,21.68
2026-07-30 06:56:15,lht65-02,52.25,5.97326,3.001,25.04,91.2,21.75
2026-07-30 07:06:15,lht65-02,52.25,5.97326,3.012,26.22,88.8,21.81
2026-07-30 07:16:15,lht65-02,52.25,5.97326,3.009,27.35,84.9,21.87
2026-07-30 07:26:15,lht65-02,52.25,5.97326,3.009,28.35,69.8,21.93
2026-07-30 07:36:15,lht65-02,52.25,5.97326,3.009,28.96,64.6,22.06
2026-07-30 07:46:15,lht65-02,52.25,5.97326,3.009,29.4,65.6,22.12
2026-07-30 07:56:15,lht65-02,52.25,5.97326,3.012,29.88,59.0,22.25
2026-07-30 08:06:15,lht65-02,52.25,5.97326,3.009,30.45,57.0,22.37
2026-07-30 08:16:15,lht65-02,52.25,5.97326,3.019,31.04,54.6,22.43
2026-07-30 08:26:15,lht65-02,52.25,5.97326,3.023,30.92,56.1,22.56
2026-07-30 08:36:15,lht65-02,52.25,5.97326,3.021,30.83,53.9,22.68
2026-07-30 08:46:15,lht65-02,52.25,5.97326,3.023,30.83,55.6,22.81
2026-07-30 08:56:15,lht65-02,52.25,5.97326,3.021,31.6,56.6,22.93
2026-07-30 09:06:15,lht65-02,52.25,5.97326,3.007,32.19,54.3,23.06
2026-07-30 09:16:15,lht65-02,52.25,5.97326,3.009,32.65,52.4,23.12
2026-07-30 09:26:15,lht65-02,52.25,5.97326,2.994,33.48,50.6,23.25
2026-07-30 09:36:15,lht65-02,52.25,5.97326,2.991,34.3,50.9,23.37
2026-07-30 09:46:14,lht65-02,52.25,5.97326,2.976,34.77,52.2,23.5
2026-07-30 09:56:15,lht65-02,52.25,5.97326,3.012,35.08,52.6,23.62
2026-07-30 10:06:14,lht65-02,52.25,5.97326,3.0,35.4,42.7,23.75
2026-07-30 10:16:15,lht65-02,52.25,5.97326,3.014,35.54,49.5,23.93
2026-07-30 10:26:14,lht65-02,52.25,5.97326,3.0,35.5,40.9,24.06
2026-07-30 10:36:15,lht65-02,52.25,5.97326,2.966,35.8,47.9,24.18
2026-07-30 10:46:15,lht65-02,52.25,5.97326,2.95,35.82,46.8,24.31
2026-07-30 10:56:15,lht65-02,52.25,5.97326,3.012,35.69,43.7,24.43
2026-07-30 11:06:15,lht65-02,52.25,5.97326,3.014,35.62,48.7,24.56
2026-07-30 11:16:15,lht65-02,52.25,5.97326,3.014,35.16,44.1,24.62
2026-07-30 11:26:14,lht65-02,52.25,5.97326,3.014,34.73,47.2,24.75
2026-07-30 11:36:14,lht65-02,52.25,5.97326,3.014,34.12,51.2,24.87
2026-07-30 11:46:14,lht65-02,52.25,5.97326,3.009,33.92,51.4,24.93
2026-07-30 11:56:14,lht65-02,52.25,5.97326,3.014,33.83,52.5,25.06
2026-07-30 12:06:14,lht65-02,52.25,5.97326,3.012,33.41,54.4,25.12
2026-07-30 12:16:15,lht65-02,52.25,5.97326,3.014,33.06,56.3,25.18
2026-07-30 12:26:15,lht65-02,52.25,5.97326,3.012,32.67,54.5,25.25
2026-07-30 12:36:14,lht65-02,52.25,5.97326,3.012,32.51,55.5,25.31
2026-07-30 12:46:14,lht65-02,52.25,5.97326,3.007,31.92,57.8,25.37
2026-07-30 12:56:14,lht65-02,52.25,5.97326,2.992,30.98,55.3,25.43
2026-07-30 13:06:14,lht65-02,52.25,5.97326,2.983,30.09,59.4,25.5
2026-07-30 13:16:14,lht65-02,52.25,5.97326,3.001,29.18,59.0,25.5
2026-07-30 13:26:14,lht65-02,52.25,5.97326,3.003,28.47,61.4,25.5
2026-07-30 13:36:14,lht65-02,52.25,5.97326,3.001,28.08,63.6,25.5
2026-07-30 13:46:14,lht65-02,52.25,5.97326,3.009,28.08,68.1,25.5
2026-07-30 13:56:14,lht65-02,52.25,5.97326,2.998,27.87,66.2,25.5
2026-07-30 14:06:14,lht65-02,52.25,5.97326,3.009,27.77,67.3,25.43
2026-07-30 14:16:14,lht65-02,52.25,5.97326,3.001,27.49,66.0,25.37
2026-07-30 14:26:14,lht65-02,52.25,5.97326,2.996,27.12,68.9,25.37
2026-07-30 14:36:14,lht65-02,52.25,5.97326,3.005,26.76,69.8,25.31
2026-07-30 14:46:14,lht65-02,52.25,5.97326,2.94,26.26,68.4,25.25
2026-07-30 14:56:14,lht65-02,52.25,5.97326,2.996,25.74,69.4,25.18
2026-07-30 15:06:14,lht65-02,52.25,5.97326,3.005,25.34,71.3,25.12
2026-07-30 15:16:14,lht65-02,52.25,5.97326,3.001,25.02,74.6,25.06
2026-07-30 15:26:14,lht65-02,52.25,5.97326,2.95,24.71,78.4,24.93
2026-07-30 15:36:14,lht65-02,52.25,5.97326,2.945,24.42,81.3,24.87
2026-07-30 15:46:14,lht65-02,52.25,5.97326,2.962,24.12,83.3,24.81
2026-07-30 15:56:14,lht65-02,52.25,5.97326,3.029,23.91,84.0,24.75
2026-07-30 16:06:14,lht65-02,52.25,5.97326,3.027,23.67,84.2,24.68
2026-07-30 16:16:14,lht65-02,52.25,5.97326,3.027,23.59,85.8,24.56
2026-07-30 16:26:14,lht65-02,52.25,5.97326,3.027,23.64,85.6,24.5
2026-07-30 16:36:14,lht65-02,52.25,5.97326,3.027,23.81,84.2,24.43
2026-07-30 16:46:14,lht65-02,52.25,5.97326,3.027,23.82,83.2,24.37
2026-07-30 16:56:14,lht65-02,52.25,5.97326,3.027,24.05,85.5,24.31
2026-07-30 17:06:14,lht65-02,52.25,5.97326,3.027,24.42,84.0,24.25
2026-07-30 17:16:14,lht65-02,52.25,5.97326,3.027,24.66,83.2,24.25
2026-07-30 17:26:14,lht65-02,52.25,5.97326,3.027,24.99,81.2,24.18
2026-07-30 17:36:14,lht65-02,52.25,5.97326,3.027,25.61,81.0,24.12
2026-07-30 17:46:14,lht65-02,52.25,5.97326,3.029,25.97,80.3,24.12
2026-07-30 17:56:14,lht65-02,52.25,5.97326,3.029,25.91,79.8,24.12
2026-07-30 18:06:14,lht65-02,52.25,5.97326,3.027,25.52,80.4,24.12
2026-07-30 18:16:14,lht65-02,52.25,5.97326,3.027,25.02,80.1,24.06
2026-07-30 18:26:14,lht65-02,52.25,5.97326,3.027,24.4,80.8,24.12
2026-07-30 18:36:14,lht65-02,52.25,5.97326,3.027,23.81,83.2,24.06
2026-07-30 18:46:14,lht65-02,52.25,5.97326,3.027,23.3,84.8,24.06
2026-07-30 18:56:14,lht65-02,52.25,5.97326,3.025,22.86,86.1,24.0
2026-07-30 19:06:14,lht65-02,52.25,5.97326,3.029,22.54,87.2,24.0
2026-07-30 19:16:14,lht65-02,52.25,5.97326,3.029,22.19,87.6,23.93
2026-07-30 19:26:13,lht65-02,52.25,5.97326,3.025,21.84,87.9,23.87
2026-07-30 19:36:13,lht65-02,52.25,5.97326,3.025,21.54,88.5,23.81
2026-07-30 19:46:14,lht65-02,52.25,5.97326,3.019,21.22,88.8,23.81
2026-07-30 19:56:14,lht65-02,52.25,5.97326,3.012,20.93,89.3,23.75
2026-07-30 20:06:14,lht65-02,52.25,5.97326,3.019,20.77,90.5,23.68
2026-07-30 20:16:13,lht65-02,52.25,5.97326,2.978,20.52,89.5,23.62
2026-07-30 20:26:14,lht65-02,52.25,5.97326,3.014,20.31,90.9,23.56
2026-07-30 20:46:13,lht65-02,52.25,5.97326,3.012,20.09,92.1,23.43
2026-07-30 20:56:13,lht65-02,52.25,5.97326,3.012,19.86,91.5,23.37
2026-07-30 21:06:13,lht65-02,52.25,5.97326,3.019,19.86,92.0,23.37
2026-07-30 21:16:13,lht65-02,52.25,5.97326,2.985,19.68,91.8,23.31
2026-07-30 21:26:13,lht65-02,52.25,5.97326,3.019,19.51,91.7,23.25
2026-07-30 21:36:13,lht65-02,52.25,5.97326,3.0,19.33,91.9,23.18
2026-07-30 21:46:13,lht65-02,52.25,5.97326,3.009,19.16,92.1,23.12
2026-07-30 21:56:13,lht65-02,52.25,5.97326,2.948,18.92,91.9,23.06
2026-07-30 22:06:13,lht65-02,52.25,5.97326,3.016,18.84,92.6,23.06
2026-07-30 22:16:13,lht65-02,52.25,5.97326,3.012,18.61,92.5,23.0
2026-07-30 22:26:13,lht65-02,52.25,5.97326,3.016,18.45,92.7,22.93
2026-07-30 22:36:13,lht65-02,52.25,5.97326,3.007,18.33,93.1,22.87
2026-07-30 22:46:13,lht65-02,52.25,5.97326,3.019,18.27,93.7,22.81
2026-07-30 22:56:13,lht65-02,52.25,5.97326,3.019,18.15,94.5,22.75
2026-07-30 23:06:13,lht65-02,52.25,5.97326,2.98,18.0,94.4,22.68
2026-07-30 23:16:13,lht65-02,52.25,5.97326,3.016,17.89,94.5,22.68
2026-07-30 23:26:13,lht65-02,52.25,5.97326,3.019,17.76,94.6,22.62
2026-07-30 23:36:13,lht65-02,52.25,5.97326,3.009,17.64,94.8,22.56
2026-07-30 23:46:13,lht65-02,52.25,5.97326,3.016,17.54,95.2,22.5
2026-07-30 23:56:13,lht65-02,52.25,5.97326,3.016,17.44,95.2,22.43
2026-07-31 00:06:13,lht65-02,52.25,5.97326,3.001,17.22,94.5,22.43
2026-07-31 00:16:13,lht65-02,52.25,5.97326,2.978,17.03,94.2,22.37
2026-07-31 00:26:13,lht65-02,52.25,5.97326,3.019,16.81,94.1,22.31
2026-07-31 00:36:13,lht65-02,52.25,5.97326,3.016,16.7,94.6,22.31
2026-07-31 00:46:13,lht65-02,52.25,5.97326,3.016,16.62,95.2,22.25
2026-07-31 00:56:13,lht65-02,52.25,5.97326,3.016,16.56,95.6,22.18
2026-07-31 01:06:13,lht65-02,52.25,5.97326,3.018,16.63,97.1,22.12
2026-07-31 01:16:13,lht65-02,52.25,5.97326,3.016,16.52,98.0,22.06
2026-07-31 01:26:13,lht65-02,52.25,5.97326,3.016,16.51,98.0,22.0
2026-07-31 01:36:13,lht65-02,52.25,5.97326,3.018,16.4,98.0,22.0
2026-07-31 01:46:13,lht65-02,52.25,5.97326,3.019,16.54,98.1,21.93
2026-07-31 01:56:13,lht65-02,52.25,5.97326,3.016,16.73,99.2,21.87
2026-07-31 02:06:13,lht65-02,52.25,5.97326,3.018,16.99,100.0,21.87
2026-07-31 02:16:13,lht65-02,52.25,5.97326,3.019,17.09,100.0,21.81
2026-07-31 02:26:13,lht65-02,52.25,5.97326,3.019,17.21,100.0,21.75
2026-07-31 02:36:13,lht65-02,52.25,5.97326,3.016,17.3,100.0,21.75
2026-07-31 02:46:13,lht65-02,52.25,5.97326,3.018,17.41,100.0,21.75
2026-07-31 02:56:13,lht65-02,52.25,5.97326,3.016,17.53,100.0,21.68
2026-07-31 03:06:13,lht65-02,52.25,5.97326,3.016,17.64,100.0,21.62
2026-07-31 03:16:13,lht65-02,52.25,5.97326,3.016,17.64,100.0,21.62
2026-07-31 03:26:13,lht65-02,52.25,5.97326,3.016,17.64,100.0,21.62
2026-07-31 03:36:13,lht65-02,52.25,5.97326,3.016,17.5,100.0,21.56
2026-07-31 03:46:13,lht65-02,52.25,5.97326,3.016,17.42,100.0,21.56
2026-07-31 03:56:13,lht65-02,52.25,5.97326,3.018,17.33,100.0,21.56
2026-07-31 04:06:13,lht65-02,52.25,5.97326,3.016,17.16,100.0,21.5
2026-07-31 04:16:13,lht65-02,52.25,5.97326,3.016,17.09,100.0,21.5
2026-07-31 04:26:13,lht65-02,52.25,5.97326,3.016,17.09,100.0,21.5
2026-07-31 04:36:13,lht65-02,52.25,5.97326,3.016,17.35,100.0,21.43
2026-07-31 04:46:13,lht65-02,52.25,5.97326,3.019,17.65,100.0,21.43
2026-07-31 04:56:13,lht65-02,52.25,5.97326,3.019,18.05,100.0,21.37
2026-07-31 05:06:13,lht65-02,52.25,5.97326,3.019,18.45,100.0,21.37
2026-07-31 05:16:13,lht65-02,52.25,5.97326,3.016,18.91,100.0,21.37
2026-07-31 05:26:12,lht65-02,52.25,5.97326,3.016,19.38,100.0,21.37
2026-07-31 05:36:12,lht65-02,52.25,5.97326,3.016,19.86,100.0,21.37
2026-07-31 05:46:13,lht65-02,52.25,5.97326,3.016,20.47,100.0,21.37
2026-07-31 05:56:13,lht65-02,52.25,5.97326,3.016,20.96,100.0,21.37
2026-07-31 06:06:12,lht65-02,52.25,5.97326,3.018,21.53,100.0,21.43
2026-07-31 06:26:13,lht65-02,52.25,5.97326,3.019,23.04,100.0,21.43
2026-07-31 06:36:13,lht65-02,52.25,5.97326,3.019,24.06,100.0,21.5
2026-07-31 06:46:13,lht65-02,52.25,5.97326,3.016,24.72,88.9,21.56
2026-07-31 06:56:12,lht65-02,52.25,5.97326,3.019,25.01,83.0,21.56
2026-07-31 07:06:12,lht65-02,52.25,5.97326,3.019,25.27,82.2,21.68
2026-07-31 07:16:12,lht65-02,52.25,5.97326,3.019,25.06,80.3,21.75
2026-07-31 07:26:12,lht65-02,52.25,5.97326,3.019,24.82,80.9,21.81
2026-07-31 07:36:12,lht65-02,52.25,5.97326,3.019,25.19,82.7,21.87
2026-07-31 07:46:13,lht65-02,52.25,5.97326,3.016,25.74,81.8,21.87
2026-07-31 07:56:12,lht65-02,52.25,5.97326,3.019,26.56,80.8,21.93
2026-07-31 08:16:12,lht65-02,52.25,5.97326,3.019,28.08,79.6,22.06
2026-07-31 08:26:12,lht65-02,52.25,5.97326,3.021,28.83,73.1,22.18
2026-07-31 08:36:12,lht65-02,52.25,5.97326,3.021,29.0,72.2,22.25
2026-07-31 08:46:12,lht65-02,52.25,5.97326,3.023,29.29,75.3,22.37
2026-07-31 08:56:12,lht65-02,52.25,5.97326,3.023,29.88,68.7,22.5
2026-07-31 09:06:12,lht65-02,52.25,5.97326,3.023,29.74,65.6,22.56
2026-07-31 09:16:12,lht65-02,52.25,5.97326,3.023,30.49,66.8,22.68
2026-07-31 09:26:12,lht65-02,52.25,5.97326,3.023,30.77,63.0,22.75
2026-07-31 09:36:12,lht65-02,52.25,5.97326,3.019,30.91,61.3,22.87
2026-07-31 09:46:12,lht65-02,52.25,5.97326,3.021,30.83,56.9,23.0
2026-07-31 09:56:12,lht65-02,52.25,5.97326,3.023,30.49,65.7,23.12
2026-07-31 10:06:12,lht65-02,52.25,5.97326,3.019,32.07,63.2,23.25
2026-07-31 10:16:12,lht65-02,52.25,5.97326,3.018,33.13,55.7,23.31
2026-07-31 10:26:12,lht65-02,52.25,5.97326,3.019,32.34,54.3,23.43
2026-07-31 10:36:12,lht65-02,52.25,5.97326,3.018,30.82,58.3,23.56
2026-07-31 10:46:12,lht65-02,52.25,5.97326,3.019,31.72,59.6,23.68
2026-07-31 10:56:12,lht65-02,52.25,5.97326,3.016,30.82,57.6,23.81
2026-07-31 11:06:12,lht65-02,52.25,5.97326,3.016,29.6,61.4,23.87
2026-07-31 11:16:12,lht65-02,52.25,5.97326,3.016,30.09,61.7,23.93
2026-07-31 11:26:12,lht65-02,52.25,5.97326,3.016,30.0,59.1,24.06
2026-07-31 11:36:12,lht65-02,52.25,5.97326,3.016,29.74,60.8,24.12
2026-07-31 11:46:12,lht65-02,52.25,5.97326,3.016,30.18,59.8,24.25
2026-07-31 11:56:12,lht65-02,52.25,5.97326,3.018,30.53,56.8,24.31
2026-07-31 12:06:12,lht65-02,52.25,5.97326,3.016,30.08,59.0,24.37
2026-07-31 12:16:12,lht65-02,52.25,5.97326,3.016,30.37,53.5,24.43
2026-07-31 12:26:12,lht65-02,52.25,5.97326,3.016,29.9,55.7,24.56
2026-07-31 12:36:12,lht65-02,52.25,5.97326,3.016,30.12,53.7,24.62
2026-07-31 12:46:12,lht65-02,52.25,5.97326,3.016,29.64,55.0,24.75
2026-07-31 12:56:12,lht65-02,52.25,5.97326,3.016,28.83,55.6,24.81
2026-07-31 13:06:12,lht65-02,52.25,5.97326,3.016,29.69,55.5,24.93
2026-07-31 13:16:12,lht65-02,52.25,5.97326,3.016,30.55,54.9,25.0
2026-07-31 13:26:12,lht65-02,52.25,5.97326,3.016,30.83,50.9,25.06
2026-07-31 13:36:12,lht65-02,52.25,5.97326,3.014,29.99,49.6,25.18
2026-07-31 13:46:12,lht65-02,52.25,5.97326,3.014,29.97,64.7,25.31
2026-07-31 13:56:12,lht65-02,52.25,5.97326,2.994,31.94,54.4,25.37
2026-07-31 14:06:12,lht65-02,52.25,5.97326,3.001,31.75,48.0,25.5
2026-07-31 14:16:12,lht65-02,52.25,5.97326,3.019,31.43,53.7,25.56
2026-07-31 14:26:12,lht65-02,52.25,5.97326,3.016,30.12,55.4,25.62
2026-07-31 14:36:12,lht65-02,52.25,5.97326,3.016,29.83,62.0,25.68
2026-07-31 14:46:12,lht65-02,52.25,5.97326,3.016,29.73,61.4,25.75
2026-07-31 14:56:12,lht65-02,52.25,5.97326,3.019,29.53,65.2,25.75
2026-07-31 15:06:12,lht65-02,52.25,5.97326,3.019,29.72,65.8,25.75
2026-07-31 15:16:12,lht65-02,52.25,5.97326,3.019,29.51,64.1,25.81
2026-07-31 15:26:12,lht65-02,52.25,5.97326,3.019,29.19,65.0,25.81
2026-07-31 15:36:11,lht65-02,52.25,5.97326,3.019,29.12,65.5,25.75
2026-07-31 15:46:11,lht65-02,52.25,5.97326,3.019,28.89,65.1,25.75
2026-07-31 15:56:12,lht65-02,52.25,5.97326,3.016,28.16,65.0,25.75
2026-07-31 16:06:11,lht65-02,52.25,5.97326,3.019,27.63,66.2,25.75
2026-07-31 16:16:11,lht65-02,52.25,5.97326,3.019,27.71,66.8,25.68
2026-07-31 16:26:12,lht65-02,52.25,5.97326,3.019,28.06,66.4,25.68
2026-07-31 16:36:12,lht65-02,52.25,5.97326,3.019,27.94,67.5,25.62
2026-07-31 16:46:11,lht65-02,52.25,5.97326,3.019,27.89,65.4,25.62
2026-07-31 16:56:11,lht65-02,52.25,5.97326,3.019,27.6,66.4,25.56
2026-07-31 17:06:11,lht65-02,52.25,5.97326,3.019,27.12,67.8,25.56
2026-07-31 17:16:11,lht65-02,52.25,5.97326,3.021,26.71,67.1,25.56
2026-07-31 17:26:11,lht65-02,52.25,5.97326,3.016,26.3,66.8,25.5
2026-07-31 17:36:11,lht65-02,52.25,5.97326,3.018,25.66,67.6,25.5
2026-07-31 17:46:11,lht65-02,52.25,5.97326,3.016,24.98,69.1,25.43
2026-07-31 17:56:11,lht65-02,52.25,5.97326,3.005,24.41,69.5,25.37
2026-07-31 18:06:11,lht65-02,52.25,5.97326,2.991,23.91,70.0,25.31
2026-07-31 18:16:11,lht65-02,52.25,5.97326,3.009,23.57,70.8,25.25
2026-07-31 18:26:11,lht65-02,52.25,5.97326,3.005,23.27,71.2,25.18
2026-07-31 18:36:11,lht65-02,52.25,5.97326,2.994,23.0,73.3,25.12
2026-07-31 18:46:11,lht65-02,52.25,5.97326,3.016,22.83,78.0,25.06
2026-07-31 18:56:11,lht65-02,52.25,5.97326,3.019,22.68,80.6,25.0
2026-07-31 19:06:11,lht65-02,52.25,5.97326,3.016,22.47,81.6,24.93
2026-07-31 19:16:11,lht65-02,52.25,5.97326,3.01,22.13,82.3,24.87
2026-07-31 19:26:11,lht65-02,52.25,5.97326,3.016,21.72,83.3,24.81
2026-07-31 19:36:11,lht65-02,52.25,5.97326,3.001,21.24,83.7,24.68
2026-07-31 19:46:11,lht65-02,52.25,5.97326,3.012,20.66,82.4,24.62
2026-07-31 19:56:11,lht65-02,52.25,5.97326,2.996,20.07,82.1,24.56
2026-07-31 20:06:11,lht65-02,52.25,5.97326,3.012,19.62,83.4,24.5
2026-07-31 20:16:11,lht65-02,52.25,5.97326,2.998,19.17,84.7,24.43
2026-07-31 20:26:11,lht65-02,52.25,5.97326,3.001,18.83,85.2,24.31
2026-07-31 20:36:11,lht65-02,52.25,5.97326,2.969,18.54,85.7,24.18
2026-07-31 20:46:11,lht65-02,52.25,5.97326,2.959,18.31,86.4,24.12
2026-07-31 20:56:11,lht65-02,52.25,5.97326,2.991,18.1,86.6,24.06
2026-07-31 21:06:11,lht65-02,52.25,5.97326,2.991,17.9,86.6,24.0
2026-07-31 21:16:11,lht65-02,52.25,5.97326,3.012,17.71,87.2,23.93
2026-07-31 21:26:11,lht65-02,52.25,5.97326,3.005,17.57,87.8,23.81
2026-07-31 21:36:11,lht65-02,52.25,5.97326,2.998,17.42,88.0,23.75
2026-07-31 21:46:11,lht65-02,52.25,5.97326,3.009,17.25,88.4,23.68
2026-07-31 21:56:11,lht65-02,52.25,5.97326,3.005,17.09,88.2,23.56
2026-07-31 22:06:11,lht65-02,52.25,5.97326,2.996,16.92,88.6,23.5
2026-07-31 22:16:11,lht65-02,52.25,5.97326,2.98,16.73,88.8,23.43
2026-07-31 22:26:11,lht65-02,52.25,5.97326,2.989,16.56,89.0,23.31
2026-07-31 22:36:11,lht65-02,52.25,5.97326,2.991,16.4,89.2,23.25
2026-07-31 22:46:11,lht65-02,52.25,5.97326,2.996,16.22,89.2,23.18
2026-07-31 22:56:11,lht65-02,52.25,5.97326,3.007,16.06,89.5,23.12
2026-07-31 23:06:11,lht65-02,52.25,5.97326,3.012,15.89,89.6,23.06
2026-07-31 23:16:11,lht65-02,52.25,5.97326,3.001,15.73,90.0,22.93
2026-07-31 23:26:11,lht65-02,52.25,5.97326,3.012,15.6,90.3,22.87
2026-07-31 23:36:11,lht65-02,52.25,5.97326,3.01,15.48,90.6,22.81
2026-07-31 23:46:11,lht65-02,52.25,5.97326,3.01,15.33,90.4,22.75
2026-07-31 23:56:11,lht65-02,52.25,5.97326,3.009,15.1,89.9,22.68
2026-08-01 00:06:11,lht65-02,52.25,5.97326,3.005,14.9,89.9,22.62
2026-08-01 00:16:11,lht65-02,52.25,5.97326,3.016,14.62,89.8,22.56
2026-08-01 00:26:11,lht65-02,52.25,5.97326,3.012,14.31,89.6,22.5
2026-08-01 00:36:11,lht65-02,52.25,5.97326,3.012,14.3,90.3,22.43
2026-08-01 00:46:11,lht65-02,52.25,5.97326,3.012,13.99,90.4,22.37
2026-08-01 00:56:11,lht65-02,52.25,5.97326,3.012,13.84,90.9,22.25
2026-08-01 01:06:11,lht65-02,52.25,5.97326,3.009,13.75,91.3,22.18
2026-08-01 01:16:11,lht65-02,52.25,5.97326,3.009,13.68,91.8,22.12
2026-08-01 01:26:10,lht65-02,52.25,5.97326,3.009,13.59,91.9,22.06
2026-08-01 01:36:10,lht65-02,52.25,5.97326,3.009,13.48,91.9,22.0
2026-08-01 01:46:11,lht65-02,52.25,5.97326,3.009,13.34,91.6,21.93
2026-08-01 02:06:11,lht65-02,52.25,5.97326,3.014,13.11,91.8,21.81
2026-08-01 02:16:10,lht65-02,52.25,5.97326,3.014,13.0,92.1,21.68
2026-08-01 02:26:10,lht65-02,52.25,5.97326,3.012,12.92,92.1,21.68
2026-08-01 02:36:10,lht65-02,52.25,5.97326,3.012,12.76,92.0,21.62
2026-08-01 02:46:10,lht65-02,52.25,5.97326,3.007,12.59,91.8,21.56
2026-08-01 02:56:10,lht65-02,52.25,5.97326,3.012,12.47,91.9,21.5
2026-08-01 03:06:10,lht65-02,52.25,5.97326,3.001,12.37,92.1,21.43
2026-08-01 03:16:10,lht65-02,52.25,5.97326,3.001,12.32,92.5,21.37
2026-08-01 03:26:10,lht65-02,52.25,5.97326,3.016,12.26,92.8,21.31
2026-08-01 03:36:10,lht65-02,52.25,5.97326,3.016,12.22,93.0,21.25
2026-08-01 03:46:10,lht65-02,52.25,5.97326,3.016,12.24,93.4,21.18
2026-08-01 03:56:10,lht65-02,52.25,5.97326,3.016,12.27,94.2,21.12
2026-08-01 04:06:10,lht65-02,52.25,5.97326,3.014,12.34,95.0,21.06
2026-08-01 04:16:10,lht65-02,52.25,5.97326,3.014,12.42,95.8,21.0
2026-08-01 04:26:10,lht65-02,52.25,5.97326,3.014,12.52,96.4,20.93
2026-08-01 04:36:10,lht65-02,52.25,5.97326,3.014,12.63,96.9,20.93
2026-08-01 04:46:10,lht65-02,52.25,5.97326,3.012,12.78,97.1,20.81
2026-08-01 04:56:11,lht65-02,52.25,5.97326,3.016,13.06,97.3,20.81
2026-08-01 05:06:10,lht65-02,52.25,5.97326,3.01,13.42,97.7,20.75
2026-08-01 05:16:10,lht65-02,52.25,5.97326,2.998,13.84,98.6,20.75
2026-08-01 05:26:10,lht65-02,52.25,5.97326,3.003,14.31,99.2,20.68
2026-08-01 05:36:10,lht65-02,52.25,5.97326,3.005,14.86,99.8,20.62
2026-08-01 05:46:10,lht65-02,52.25,5.97326,3.001,15.47,100.0,20.62
2026-08-01 05:56:10,lht65-02,52.25,5.97326,3.003,16.11,100.0,20.62
2026-08-01 06:06:10,lht65-02,52.25,5.97326,3.001,16.78,100.0,20.62
2026-08-01 06:16:10,lht65-02,52.25,5.97326,2.998,17.46,99.8,20.62
2026-08-01 06:26:10,lht65-02,52.25,5.97326,2.982,18.12,98.9,20.62
2026-08-01 06:36:10,lht65-02,52.25,5.97326,2.966,18.78,96.7,20.62
2026-08-01 06:46:10,lht65-02,52.25,5.97326,2.969,19.51,95.2,20.68
2026-08-01 06:56:10,lht65-02,52.25,5.97326,2.976,20.19,93.9,20.68
2026-08-01 07:06:10,lht65-02,52.25,5.97326,2.968,21.36,94.6,20.75
2026-08-01 07:16:10,lht65-02,52.25,5.97326,3.019,22.3,91.3,20.81
2026-08-01 07:26:10,lht65-02,52.25,5.97326,3.021,22.92,89.2,20.87
2026-08-01 07:36:10,lht65-02,52.25,5.97326,3.016,23.87,89.0,20.93
2026-08-01 07:46:10,lht65-02,52.25,5.97326,3.018,24.9,87.0,21.0
2026-08-01 07:56:10,lht65-02,52.25,5.97326,3.019,25.61,85.1,21.06
2026-08-01 08:06:10,lht65-02,52.25,5.97326,3.016,27.21,86.1,21.12
2026-08-01 08:16:10,lht65-02,52.25,5.97326,3.016,28.52,68.9,21.25
2026-08-01 08:26:10,lht65-02,52.25,5.97326,3.016,27.35,62.2,21.37
2026-08-01 08:36:10,lht65-02,52.25,5.97326,3.018,26.43,63.7,21.5
2026-08-01 08:46:10,lht65-02,52.25,5.97326,3.019,26.23,67.9,21.56
2026-08-01 08:56:10,lht65-02,52.25,5.97326,3.016,26.26,65.4,21.68
2026-08-01 09:06:10,lht65-02,52.25,5.97326,3.016,26.27,68.4,21.81
2026-08-01 09:16:10,lht65-02,52.25,5.97326,3.016,26.69,67.5,21.93
2026-08-01 09:26:10,lht65-02,52.25,5.97326,3.019,27.49,68.5,22.06
2026-08-01 09:36:10,lht65-02,52.25,5.97326,3.016,28.85,52.0,22.12
2026-08-01 09:46:10,lht65-02,52.25,5.97326,3.016,27.26,52.6,22.25
2026-08-01 09:56:10,lht65-02,52.25,5.97326,3.016,27.43,52.6,22.37
2026-08-01 10:16:10,lht65-02,52.25,5.97326,3.007,29.83,57.5,22.62
2026-08-01 10:26:10,lht65-02,52.25,5.97326,2.991,31.16,38.5,22.75
2026-08-01 10:36:10,lht65-02,52.25,5.97326,3.012,30.51,39.6,22.87
2026-08-01 10:46:10,lht65-02,52.25,5.97326,3.012,28.08,41.9,22.93
2026-08-01 10:56:10,lht65-02,52.25,5.97326,3.012,28.38,58.2,23.12
2026-08-01 11:06:10,lht65-02,52.25,5.97326,3.012,29.48,51.6,23.25
2026-08-01 11:16:10,lht65-02,52.25,5.97326,3.012,29.4,53.0,23.31
2026-08-01 11:26:10,lht65-02,52.25,5.97326,3.012,28.35,56.0,23.43
2026-08-01 11:36:10,lht65-02,52.25,5.97326,3.012,28.79,60.3,23.5
2026-08-01 11:46:10,lht65-02,52.25,5.97326,3.012,29.0,57.6,23.56
2026-08-01 11:56:10,lht65-02,52.25,5.97326,3.014,28.96,54.7,23.62
2026-08-01 12:06:10,lht65-02,52.25,5.97326,3.014,29.72,59.8,23.68
2026-08-01 12:16:09,lht65-02,52.25,5.97326,3.012,30.12,52.1,23.68
2026-08-01 12:36:10,lht65-02,52.25,5.97326,2.98,30.68,40.8,23.81
2026-08-01 12:46:09,lht65-02,52.25,5.97326,2.976,27.63,41.8,23.87
2026-08-01 12:56:10,lht65-02,52.25,5.97326,2.948,26.61,55.0,23.93
2026-08-01 13:06:09,lht65-02,52.25,5.97326,3.012,27.6,53.2,24.0
2026-08-01 13:16:09,lht65-02,52.25,5.97326,3.012,29.26,57.8,24.06
2026-08-01 13:26:10,lht65-02,52.25,5.97326,2.983,31.08,35.6,24.06
2026-08-01 13:36:09,lht65-02,52.25,5.97326,2.955,29.6,43.5,24.12
2026-08-01 13:46:09,lht65-02,52.25,5.97326,2.98,27.65,42.5,24.18
2026-08-01 13:56:09,lht65-02,52.25,5.97326,3.009,26.72,47.6,24.31
2026-08-01 14:06:09,lht65-02,52.25,5.97326,2.966,26.71,54.1,24.37
2026-08-01 14:16:09,lht65-02,52.25,5.97326,2.996,26.65,54.6,24.37
2026-08-01 14:26:09,lht65-02,52.25,5.97326,2.962,26.63,57.5,24.37
2026-08-01 14:36:09,lht65-02,52.25,5.97326,2.968,27.05,53.5,24.37
2026-08-01 14:46:09,lht65-02,52.25,5.97326,2.962,27.72,58.6,24.43
2026-08-01 14:56:09,lht65-02,52.25,5.97326,3.0,29.45,67.0,24.43
2026-08-01 15:06:09,lht65-02,52.25,5.97326,2.982,30.31,43.6,24.43
2026-08-01 15:16:09,lht65-02,52.25,5.97326,2.971,29.61,41.6,24.5
2026-08-01 15:26:09,lht65-02,52.25,5.97326,2.968,29.49,45.2,24.5
2026-08-01 15:36:09,lht65-02,52.25,5.97326,2.96,28.77,50.1,24.56
2026-08-01 15:46:09,lht65-02,52.25,5.97326,2.952,28.77,57.5,24.62
2026-08-01 15:56:09,lht65-02,52.25,5.97326,2.996,29.46,62.1,24.62
2026-08-01 16:06:09,lht65-02,52.25,5.97326,2.991,30.32,58.0,24.68
2026-08-01 16:16:09,lht65-02,52.25,5.97326,2.976,30.22,57.9,24.68
2026-08-01 16:26:09,lht65-02,52.25,5.97326,2.969,30.41,56.7,24.68
2026-08-01 16:36:09,lht65-02,52.25,5.97326,2.996,30.23,53.9,24.75
2026-08-01 16:46:09,lht65-02,52.25,5.97326,2.985,29.83,56.9,24.81
2026-08-01 16:56:09,lht65-02,52.25,5.97326,2.996,29.13,60.2,24.81
2026-08-01 17:06:09,lht65-02,52.25,5.97326,2.991,28.08,61.1,24.81
2026-08-01 17:16:09,lht65-02,52.25,5.97326,2.992,27.49,63.2,24.81
2026-08-01 17:26:09,lht65-02,52.25,5.97326,2.933,26.92,64.1,24.81
2026-08-01 17:36:09,lht65-02,52.25,5.97326,2.987,26.31,66.0,24.81
2026-08-01 17:46:09,lht65-02,52.25,5.97326,2.994,25.7,67.9,24.81
2026-08-01 17:56:09,lht65-02,52.25,5.97326,2.991,25.32,67.6,24.81
2026-08-01 18:06:09,lht65-02,52.25,5.97326,3.012,24.54,68.9,24.81
2026-08-01 18:16:09,lht65-02,52.25,5.97326,3.016,23.88,70.9,24.75
2026-08-01 18:26:09,lht65-02,52.25,5.97326,3.016,23.38,73.3,24.68
2026-08-01 18:36:09,lht65-02,52.25,5.97326,3.009,22.89,76.2,24.62
2026-08-01 18:46:09,lht65-02,52.25,5.97326,3.009,22.47,78.6,24.56
2026-08-01 18:56:09,lht65-02,52.25,5.97326,3.007,22.03,80.3,24.56
2026-08-01 19:06:09,lht65-02,52.25,5.97326,3.007,21.68,81.9,24.43
2026-08-01 19:16:09,lht65-02,52.25,5.97326,3.007,21.22,82.9,24.37
2026-08-01 19:26:09,lht65-02,52.25,5.97326,3.007,20.68,83.5,24.31
2026-08-01 19:36:09,lht65-02,52.25,5.97326,3.005,20.1,82.5,24.25
2026-08-01 19:46:09,lht65-02,52.25,5.97326,3.005,19.69,78.7,24.18
2026-08-01 19:56:09,lht65-02,52.25,5.97326,3.005,19.1,80.4,24.06
2026-08-01 20:06:09,lht65-02,52.25,5.97326,3.009,18.51,82.9,24.0
2026-08-01 20:16:09,lht65-02,52.25,5.97326,3.009,17.99,82.3,23.93
2026-08-01 20:26:09,lht65-02,52.25,5.97326,3.007,17.5,83.6,23.87
2026-08-01 20:36:09,lht65-02,52.25,5.97326,3.005,17.09,82.3,23.75
2026-08-01 20:46:09,lht65-02,52.25,5.97326,3.005,16.72,82.1,23.68
2026-08-01 20:56:09,lht65-02,52.25,5.97326,2.996,16.37,83.0,23.56
2026-08-01 21:06:09,lht65-02,52.25,5.97326,2.991,16.03,84.3,23.43
2026-08-01 21:16:09,lht65-02,52.25,5.97326,2.98,15.77,84.0,23.37
2026-08-01 21:26:09,lht65-02,52.25,5.97326,3.001,15.53,85.0,23.31
2026-08-01 21:36:08,lht65-02,52.25,5.97326,3.001,15.23,84.2,23.18
2026-08-01 21:46:09,lht65-02,52.25,5.97326,3.009,14.98,85.7,23.12
2026-08-01 21:56:09,lht65-02,52.25,5.97326,3.012,14.75,86.3,23.0
2026-08-01 22:06:09,lht65-02,52.25,5.97326,3.012,14.66,86.6,22.93
2026-08-01 22:16:08,lht65-02,52.25,5.97326,3.014,14.56,87.4,22.81
2026-08-01 22:26:08,lht65-02,52.25,5.97326,3.012,14.34,87.2,22.75
2026-08-01 22:36:09,lht65-02,52.25,5.97326,2.987,14.31,88.6,22.62
2026-08-01 22:46:09,lht65-02,52.25,5.97326,2.968,14.3,89.5,22.56
2026-08-01 22:56:08,lht65-02,52.25,5.97326,2.973,14.24,89.9,22.5
2026-08-01 23:06:08,lht65-02,52.25,5.97326,2.969,14.09,90.2,22.37
2026-08-01 23:16:08,lht65-02,52.25,5.97326,2.996,14.04,90.8,22.31
2026-08-01 23:26:08,lht65-02,52.25,5.97326,2.969,14.05,91.5,22.25
2026-08-01 23:36:09,lht65-02,52.25,5.97326,2.975,14.21,92.6,22.18
2026-08-01 23:46:08,lht65-02,52.25,5.97326,2.969,14.3,93.9,22.12
2026-08-01 23:56:08,lht65-02,52.25,5.97326,2.966,14.31,94.4,22.06
2026-08-02 00:06:08,lht65-02,52.25,5.97326,2.964,14.31,94.5,22.0
2026-08-02 00:16:08,lht65-02,52.25,5.97326,2.966,14.31,94.4,21.87
2026-08-02 00:26:08,lht65-02,52.25,5.97326,2.964,14.3,93.8,21.87
2026-08-02 00:36:08,lht65-02,52.25,5.97326,2.962,14.03,93.1,21.81
2026-08-02 00:46:08,lht65-02,52.25,5.97326,2.98,13.83,92.9,21.75
2026-08-02 00:56:08,lht65-02,52.25,5.97326,3.001,13.68,92.9,21.68
2026-08-02 01:06:08,lht65-02,52.25,5.97326,3.016,13.55,93.0,21.62
2026-08-02 01:16:08,lht65-02,52.25,5.97326,3.012,13.44,93.2,21.56
2026-08-02 01:26:08,lht65-02,52.25,5.97326,3.005,13.32,93.3,21.5
2026-08-02 01:36:08,lht65-02,52.25,5.97326,3.014,13.22,93.5,21.43
2026-08-02 01:46:08,lht65-02,52.25,5.97326,3.016,13.15,93.8,21.37
2026-08-02 01:56:08,lht65-02,52.25,5.97326,2.867,13.0,93.6,21.31
2026-08-02 02:06:08,lht65-02,52.25,5.97326,2.996,12.92,93.6,21.31
2026-08-02 02:16:08,lht65-02,52.25,5.97326,2.991,12.79,93.7,21.25
2026-08-02 02:26:08,lht65-02,52.25,5.97326,2.994,12.65,93.4,21.18
2026-08-02 02:36:08,lht65-02,52.25,5.97326,2.996,12.51,93.5,21.12
2026-08-02 02:46:08,lht65-02,52.25,5.97326,3.0,12.42,93.8,21.06
2026-08-02 02:56:08,lht65-02,52.25,5.97326,3.001,12.36,94.1,21.0
2026-08-02 03:06:08,lht65-02,52.25,5.97326,2.998,12.27,94.1,20.93
2026-08-02 03:16:08,lht65-02,52.25,5.97326,2.916,12.2,94.1,20.87
2026-08-02 03:26:08,lht65-02,52.25,5.97326,2.983,12.08,93.9,20.81
2026-08-02 03:36:08,lht65-02,52.25,5.97326,2.991,11.94,93.8,20.81
2026-08-02 03:46:08,lht65-02,52.25,5.97326,2.994,11.88,94.0,20.75
2026-08-02 03:56:08,lht65-02,52.25,5.97326,2.998,11.81,94.2,20.68
2026-08-02 04:06:08,lht65-02,52.25,5.97326,2.994,11.76,94.3,20.62
2026-08-02 04:16:08,lht65-02,52.25,5.97326,2.998,11.76,94.4,20.56
2026-08-02 04:26:08,lht65-02,52.25,5.97326,3.001,11.79,94.5,20.5
2026-08-02 04:36:08,lht65-02,52.25,5.97326,2.998,11.92,94.7,20.5
2026-08-02 04:46:08,lht65-02,52.25,5.97326,2.996,12.21,95.1,20.43
2026-08-02 04:56:08,lht65-02,52.25,5.97326,2.996,12.62,95.9,20.37
2026-08-02 05:06:08,lht65-02,52.25,5.97326,2.994,13.09,97.3,20.37
2026-08-02 05:16:08,lht65-02,52.25,5.97326,2.996,13.61,98.7,20.31
2026-08-02 05:26:08,lht65-02,52.25,5.97326,2.994,14.3,100.0,20.31
2026-08-02 05:36:08,lht65-02,52.25,5.97326,2.994,14.83,100.0,20.25
2026-08-02 05:46:08,lht65-02,52.25,5.97326,2.996,15.5,100.0,20.25
2026-08-02 05:56:08,lht65-02,52.25,5.97326,2.992,16.35,100.0,20.25
2026-08-02 06:06:08,lht65-02,52.25,5.97326,2.994,17.2,100.0,20.25
2026-08-02 06:16:08,lht65-02,52.25,5.97326,2.994,18.06,100.0,20.25
2026-08-02 06:26:08,lht65-02,52.25,5.97326,2.998,18.89,100.0,20.25
2026-08-02 06:36:08,lht65-02,52.25,5.97326,3.005,19.84,100.0,20.25
2026-08-02 06:46:08,lht65-02,52.25,5.97326,3.007,20.95,98.2,20.31
2026-08-02 06:56:08,lht65-02,52.25,5.97326,3.009,21.93,95.7,20.37
2026-08-02 07:06:08,lht65-02,52.25,5.97326,3.009,22.63,92.0,20.43
2026-08-02 07:16:08,lht65-02,52.25,5.97326,3.009,23.15,89.1,20.5
2026-08-02 07:26:08,lht65-02,52.25,5.97326,3.005,23.53,88.4,20.56
2026-08-02 07:36:08,lht65-02,52.25,5.97326,3.009,24.31,88.1,20.62
2026-08-02 07:46:08,lht65-02,52.25,5.97326,3.009,25.64,88.8,20.68
2026-08-02 07:56:08,lht65-02,52.25,5.97326,2.976,27.19,88.2,20.81
2026-08-02 08:06:08,lht65-02,52.25,5.97326,2.952,28.93,86.6,20.87
2026-08-02 08:16:08,lht65-02,52.25,5.97326,2.969,29.78,68.5,21.0
2026-08-02 08:26:08,lht65-02,52.25,5.97326,2.996,29.87,65.5,21.12
2026-08-02 08:36:08,lht65-02,52.25,5.97326,3.001,29.39,61.0,21.25
2026-08-02 08:46:08,lht65-02,52.25,5.97326,2.998,29.19,57.9,21.43
2026-08-02 08:56:08,lht65-02,52.25,5.97326,3.005,29.21,56.9,21.56
2026-08-02 09:06:08,lht65-02,52.25,5.97326,3.001,29.46,46.7,21.68
2026-08-02 09:16:07,lht65-02,52.25,5.97326,3.001,28.47,45.9,21.81
2026-08-02 09:26:08,lht65-02,52.25,5.97326,2.998,28.25,45.6,21.93
2026-08-02 09:36:08,lht65-02,52.25,5.97326,3.005,28.62,56.5,22.06
2026-08-02 09:46:08,lht65-02,52.25,5.97326,2.955,30.07,46.0,22.18
2026-08-02 10:06:08,lht65-02,52.25,5.97326,2.987,29.26,41.0,22.43
2026-08-02 10:16:08,lht65-02,52.25,5.97326,3.0,29.16,40.9,22.56
2026-08-02 10:26:07,lht65-02,52.25,5.97326,2.996,29.33,39.1,22.68
2026-08-02 10:36:07,lht65-02,52.25,5.97326,2.996,29.45,41.1,22.81
2026-08-02 10:56:07,lht65-02,52.25,5.97326,3.0,29.48,39.4,23.06
2026-08-02 11:06:07,lht65-02,52.25,5.97326,2.998,29.98,42.1,23.12
2026-08-02 11:16:07,lht65-02,52.25,5.97326,2.996,30.24,37.3,23.25
2026-08-02 11:26:07,lht65-02,52.25,5.97326,3.016,30.22,37.2,23.37
2026-08-02 11:36:07,lht65-02,52.25,5.97326,3.016,30.17,39.1,23.43
2026-08-02 11:56:07,lht65-02,52.25,5.97326,3.016,30.49,37.5,23.62
2026-08-02 12:06:07,lht65-02,52.25,5.97326,3.003,30.82,36.5,23.75
2026-08-02 12:16:07,lht65-02,52.25,5.97326,3.005,30.82,36.1,23.81
2026-08-02 12:26:07,lht65-02,52.25,5.97326,3.009,30.64,35.8,23.93
2026-08-02 12:36:07,lht65-02,52.25,5.97326,2.987,31.07,33.4,24.0
2026-08-02 12:46:07,lht65-02,52.25,5.97326,2.978,31.28,36.6,24.12
2026-08-02 12:56:07,lht65-02,52.25,5.97326,2.957,31.66,35.6,24.25
2026-08-02 13:06:08,lht65-02,52.25,5.97326,2.987,31.41,35.0,24.31
2026-08-02 13:16:07,lht65-02,52.25,5.97326,2.938,31.36,34.4,24.43
2026-08-02 13:26:07,lht65-02,52.25,5.97326,2.987,31.08,35.6,24.56
2026-08-02 13:36:07,lht65-02,52.25,5.97326,2.983,31.42,35.7,24.68
2026-08-02 13:46:07,lht65-02,52.25,5.97326,3.012,31.23,32.7,24.81
2026-08-02 13:56:07,lht65-02,52.25,5.97326,3.012,31.32,33.1,24.93
2026-08-02 14:06:07,lht65-02,52.25,5.97326,3.01,30.85,36.8,25.06
2026-08-02 14:16:07,lht65-02,52.25,5.97326,3.012,30.83,38.2,25.18
2026-08-02 14:26:07,lht65-02,52.25,5.97326,3.012,30.85,35.0,25.31
2026-08-02 14:36:07,lht65-02,52.25,5.97326,3.01,30.83,35.1,25.31
2026-08-02 14:46:07,lht65-02,52.25,5.97326,3.01,30.63,36.3,25.43
2026-08-02 14:56:07,lht65-02,52.25,5.97326,3.009,30.4,37.1,25.5
2026-08-02 15:06:07,lht65-02,52.25,5.97326,3.01,30.05,36.6,25.56
2026-08-02 15:16:07,lht65-02,52.25,5.97326,3.009,29.6,39.2,25.56
2026-08-02 15:26:07,lht65-02,52.25,5.97326,3.009,30.42,44.7,25.62
2026-08-02 15:36:07,lht65-02,52.25,5.97326,3.009,30.47,36.9,25.62
2026-08-02 15:46:07,lht65-02,52.25,5.97326,3.01,29.9,37.6,25.62
2026-08-02 15:56:07,lht65-02,52.25,5.97326,3.01,29.63,37.9,25.62
2026-08-02 16:06:07,lht65-02,52.25,5.97326,3.009,29.52,41.3,25.68
2026-08-02 16:16:07,lht65-02,52.25,5.97326,3.009,29.65,38.4,25.68
2026-08-02 16:26:07,lht65-02,52.25,5.97326,3.009,29.1,38.9,25.68
2026-08-02 16:36:07,lht65-02,52.25,5.97326,3.009,28.72,38.8,25.68
2026-08-02 16:46:07,lht65-02,52.25,5.97326,3.009,28.51,44.2,25.68
2026-08-02 16:56:07,lht65-02,52.25,5.97326,3.009,28.77,49.1,25.68
2026-08-02 17:06:07,lht65-02,52.25,5.97326,3.009,28.69,51.5,25.62
2026-08-02 17:16:07,lht65-02,52.25,5.97326,3.009,28.08,55.4,25.62
2026-08-02 17:26:07,lht65-02,52.25,5.97326,3.009,27.6,57.6,25.62
2026-08-02 17:36:07,lht65-02,52.25,5.97326,3.009,26.99,56.4,25.62
2026-08-02 17:56:07,lht65-02,52.25,5.97326,3.009,25.96,62.7,25.56
2026-08-02 18:06:07,lht65-02,52.25,5.97326,3.009,25.4,65.4,25.5
2026-08-02 18:16:07,lht65-02,52.25,5.97326,3.009,24.97,68.0,25.43
2026-08-02 18:26:07,lht65-02,52.25,5.97326,3.009,24.42,70.3,25.37
2026-08-02 18:36:06,lht65-02,52.25,5.97326,3.0,23.9,71.6,25.31
2026-08-02 18:46:07,lht65-02,52.25,5.97326,2.968,23.5,74.1,25.18
2026-08-02 18:56:07,lht65-02,52.25,5.97326,3.021,23.16,75.1,25.12
2026-08-02 19:06:06,lht65-02,52.25,5.97326,3.019,22.83,78.3,25.06
2026-08-02 19:16:06,lht65-02,52.25,5.97326,3.016,22.45,80.6,25.0
2026-08-02 19:26:06,lht65-02,52.25,5.97326,3.014,22.03,82.2,24.93
2026-08-02 19:36:06,lht65-02,52.25,5.97326,3.016,21.65,79.1,24.87
2026-08-02 19:46:06,lht65-02,52.25,5.97326,3.016,21.05,72.3,24.75
2026-08-02 19:56:06,lht65-02,52.25,5.97326,3.014,20.55,74.6,24.68
2026-08-02 20:06:06,lht65-02,52.25,5.97326,3.012,20.17,77.1,24.62
2026-08-02 20:16:06,lht65-02,52.25,5.97326,3.012,19.86,78.4,24.56
2026-08-02 20:26:06,lht65-02,52.25,5.97326,3.016,19.73,77.6,24.43
2026-08-02 20:36:06,lht65-02,52.25,5.97326,3.012,19.65,76.9,24.37
2026-08-02 20:46:06,lht65-02,52.25,5.97326,3.012,19.6,76.1,24.31
2026-08-02 20:56:06,lht65-02,52.25,5.97326,3.012,19.55,77.4,24.18
2026-08-02 21:06:06,lht65-02,52.25,5.97326,3.016,19.51,77.0,24.12
2026-08-02 21:16:06,lht65-02,52.25,5.97326,3.012,19.46,76.1,24.06
2026-08-02 21:36:06,lht65-02,52.25,5.97326,3.014,19.25,77.1,23.81
2026-08-02 21:46:06,lht65-02,52.25,5.97326,3.012,19.05,76.9,23.81
2026-08-02 21:56:06,lht65-02,52.25,5.97326,3.012,18.8,78.7,23.75
2026-08-02 22:06:06,lht65-02,52.25,5.97326,3.01,18.54,79.1,23.68
2026-08-02 22:16:06,lht65-02,52.25,5.97326,3.009,18.31,81.1,23.56
2026-08-02 22:26:06,lht65-02,52.25,5.97326,3.009,18.07,80.7,23.56
2026-08-02 22:36:06,lht65-02,52.25,5.97326,3.001,17.86,81.2,23.43
2026-08-02 22:46:06,lht65-02,52.25,5.97326,3.009,17.68,82.9,23.37
2026-08-02 22:56:06,lht65-02,52.25,5.97326,3.003,17.55,83.4,23.31
2026-08-02 23:06:06,lht65-02,52.25,5.97326,3.009,17.51,83.7,23.25
2026-08-02 23:16:06,lht65-02,52.25,5.97326,3.009,17.5,83.8,23.18
2026-08-02 23:26:06,lht65-02,52.25,5.97326,3.01,17.51,83.5,23.12
2026-08-02 23:36:06,lht65-02,52.25,5.97326,3.01,17.59,82.7,23.06
2026-08-02 23:46:06,lht65-02,52.25,5.97326,3.009,17.64,81.7,23.0
2026-08-02 23:56:06,lht65-02,52.25,5.97326,3.009,17.66,82.5,22.93
2026-08-03 00:06:06,lht65-02,52.25,5.97326,3.009,17.64,82.1,22.87
2026-08-03 00:16:06,lht65-02,52.25,5.97326,3.009,17.52,82.9,22.81
2026-08-03 00:26:06,lht65-02,52.25,5.97326,3.009,17.36,83.2,22.75
2026-08-03 00:36:06,lht65-02,52.25,5.97326,2.983,17.11,84.0,22.68
2026-08-03 00:46:06,lht65-02,52.25,5.97326,2.994,16.93,83.8,22.62
2026-08-03 00:56:06,lht65-02,52.25,5.97326,2.998,16.68,84.7,22.56
2026-08-03 01:06:06,lht65-02,52.25,5.97326,2.987,16.48,85.3,22.5
2026-08-03 01:16:06,lht65-02,52.25,5.97326,3.001,16.29,85.8,22.5
2026-08-03 01:26:06,lht65-02,52.25,5.97326,3.001,16.1,86.1,22.43
2026-08-03 01:36:06,lht65-02,52.25,5.97326,3.0,15.96,86.9,22.37
2026-08-03 01:46:06,lht65-02,52.25,5.97326,3.001,15.77,85.1,22.31
2026-08-03 01:56:06,lht65-02,52.25,5.97326,3.005,15.67,86.8,22.25
2026-08-03 02:06:06,lht65-02,52.25,5.97326,3.005,15.54,87.1,22.18
2026-08-03 02:16:06,lht65-02,52.25,5.97326,3.01,15.41,86.2,22.18
2026-08-03 02:26:06,lht65-02,52.25,5.97326,3.009,15.26,87.3,22.06
2026-08-03 02:36:06,lht65-02,52.25,5.97326,2.985,15.1,86.6,22.06
2026-08-03 02:46:06,lht65-02,52.25,5.97326,2.994,14.98,86.3,22.0
2026-08-03 02:56:06,lht65-02,52.25,5.97326,2.994,14.87,87.0,21.93
2026-08-03 03:06:06,lht65-02,52.25,5.97326,2.994,14.77,87.6,21.87
2026-08-03 03:16:06,lht65-02,52.25,5.97326,2.994,14.69,87.6,21.81
2026-08-03 03:26:06,lht65-02,52.25,5.97326,2.996,14.58,86.9,21.75
2026-08-03 03:36:06,lht65-02,52.25,5.97326,2.994,14.5,88.4,21.68
2026-08-03 03:46:06,lht65-02,52.25,5.97326,2.994,14.55,90.1,21.62
2026-08-03 03:56:06,lht65-02,52.25,5.97326,2.994,14.76,92.2,21.62
2026-08-03 04:06:06,lht65-02,52.25,5.97326,2.994,14.99,94.1,21.56
2026-08-03 04:16:06,lht65-02,52.25,5.97326,2.996,15.16,95.5,21.5
2026-08-03 04:26:06,lht65-02,52.25,5.97326,2.994,15.23,95.9,21.43
2026-08-03 04:36:06,lht65-02,52.25,5.97326,2.994,15.29,95.5,21.43
2026-08-03 04:46:05,lht65-02,52.25,5.97326,2.994,15.44,95.3,21.37
2026-08-03 04:56:06,lht65-02,52.25,5.97326,2.994,15.68,95.5,21.37
2026-08-03 05:06:06,lht65-02,52.25,5.97326,2.994,15.96,95.5,21.31
2026-08-03 05:16:06,lht65-02,52.25,5.97326,2.994,16.36,95.6,21.31
2026-08-03 05:26:06,lht65-02,52.25,5.97326,2.996,16.89,95.8,21.25
2026-08-03 05:36:05,lht65-02,52.25,5.97326,2.996,17.42,96.1,21.25
2026-08-03 05:46:05,lht65-02,52.25,5.97326,2.994,18.0,96.4,21.25
2026-08-03 05:56:05,lht65-02,52.25,5.97326,2.994,18.74,96.6,21.18
2026-08-03 06:06:05,lht65-02,52.25,5.97326,2.996,19.55,97.0,21.25
2026-08-03 06:16:05,lht65-02,52.25,5.97326,2.998,20.51,97.4,21.25
2026-08-03 06:26:05,lht65-02,52.25,5.97326,2.996,21.64,97.3,21.25
2026-08-03 06:36:05,lht65-02,52.25,5.97326,3.007,22.79,96.1,21.25
2026-08-03 06:46:05,lht65-02,52.25,5.97326,3.001,23.87,91.7,21.31
2026-08-03 06:56:05,lht65-02,52.25,5.97326,2.994,24.86,89.5,21.37
2026-08-03 07:06:05,lht65-02,52.25,5.97326,2.992,25.98,88.8,21.43
2026-08-03 07:16:05,lht65-02,52.25,5.97326,2.994,27.16,86.1,21.5
2026-08-03 07:26:05,lht65-02,52.25,5.97326,2.992,28.51,79.0,21.62
2026-08-03 07:36:05,lht65-02,52.25,5.97326,2.994,29.43,69.2,21.68
2026-08-03 07:46:05,lht65-02,52.25,5.97326,2.996,29.22,66.4,21.81
2026-08-03 07:56:05,lht65-02,52.25,5.97326,2.996,28.72,70.1,21.87
2026-08-03 08:06:05,lht65-02,52.25,5.97326,2.994,29.34,70.2,22.0
2026-08-03 08:16:05,lht65-02,52.25,5.97326,2.991,30.16,64.4,22.12
2026-08-03 08:26:05,lht65-02,52.25,5.97326,2.991,29.64,50.1,22.25
2026-08-03 08:36:05,lht65-02,52.25,5.97326,2.998,29.18,50.3,22.37
2026-08-03 08:46:05,lht65-02,52.25,5.97326,3.0,29.26,50.3,22.5
2026-08-03 08:56:05,lht65-02,52.25,5.97326,2.998,29.77,51.5,22.62
2026-08-03 09:16:05,lht65-02,52.25,5.97326,3.0,30.12,47.9,22.87
2026-08-03 09:26:05,lht65-02,52.25,5.97326,3.001,30.45,47.6,22.93
2026-08-03 09:36:05,lht65-02,52.25,5.97326,3.001,30.71,44.9,23.06
2026-08-03 09:46:05,lht65-02,52.25,5.97326,2.991,31.03,45.6,23.18
2026-08-03 09:56:05,lht65-02,52.25,5.97326,2.998,31.52,45.4,23.31
2026-08-03 10:06:05,lht65-02,52.25,5.97326,2.985,31.92,43.6,23.43
2026-08-03 10:16:05,lht65-02,52.25,5.97326,3.005,32.35,41.5,23.5
2026-08-03 10:26:05,lht65-02,52.25,5.97326,2.994,32.65,41.9,23.68
2026-08-03 10:36:05,lht65-02,52.25,5.97326,2.998,32.78,43.4,23.75
2026-08-03 10:46:05,lht65-02,52.25,5.97326,2.983,32.95,42.0,23.87
2026-08-03 10:56:05,lht65-02,52.25,5.97326,3.019,33.27,42.2,24.0
2026-08-03 11:06:05,lht65-02,52.25,5.97326,3.012,33.57,41.3,24.12
2026-08-03 11:16:05,lht65-02,52.25,5.97326,3.016,34.1,41.0,24.25
2026-08-03 11:26:05,lht65-02,52.25,5.97326,3.012,34.03,40.3,24.37
2026-08-03 11:36:05,lht65-02,52.25,5.97326,2.98,34.43,40.1,24.5
2026-08-03 11:46:05,lht65-02,52.25,5.97326,2.994,34.22,39.5,24.62
2026-08-03 11:56:05,lht65-02,52.25,5.97326,3.012,34.86,39.1,24.75
2026-08-03 12:06:05,lht65-02,52.25,5.97326,3.009,35.17,38.7,24.81
2026-08-03 12:16:05,lht65-02,52.25,5.97326,2.987,35.08,38.6,24.93
2026-08-03 12:26:05,lht65-02,52.25,5.97326,2.926,35.58,38.0,25.06
2026-08-03 12:36:05,lht65-02,52.25,5.97326,2.952,35.91,36.2,25.18
2026-08-03 12:46:05,lht65-02,52.25,5.97326,2.973,35.81,35.8,25.31
2026-08-03 12:56:05,lht65-02,52.25,5.97326,2.973,35.67,37.5,25.43
2026-08-03 13:06:05,lht65-02,52.25,5.97326,2.968,35.62,38.8,25.56
2026-08-03 13:16:05,lht65-02,52.25,5.97326,2.969,35.44,38.3,25.68
2026-08-03 13:26:05,lht65-02,52.25,5.97326,2.968,35.4,40.7,25.75
2026-08-03 13:36:05,lht65-02,52.25,5.97326,2.966,34.56,41.0,25.87
2026-08-03 13:46:05,lht65-02,52.25,5.97326,2.966,33.85,41.8,26.0
2026-08-03 13:56:05,lht65-02,52.25,5.97326,2.964,34.62,43.9,26.12
2026-08-03 14:06:05,lht65-02,52.25,5.97326,2.962,35.6,40.3,26.18
2026-08-03 14:16:05,lht65-02,52.25,5.97326,2.877,36.21,41.6,26.25
2026-08-03 14:26:05,lht65-02,52.25,5.97326,3.0,36.67,38.4,26.31
2026-08-03 14:36:05,lht65-02,52.25,5.97326,2.994,36.97,39.3,26.43
2026-08-03 14:46:05,lht65-02,52.25,5.97326,2.991,37.23,41.1,26.5
2026-08-03 14:56:05,lht65-02,52.25,5.97326,2.982,37.69,41.1,26.56
2026-08-03 15:06:05,lht65-02,52.25,5.97326,3.016,37.76,37.6,26.68
2026-08-03 15:16:05,lht65-02,52.25,5.97326,3.016,37.3,36.6,26.75
2026-08-03 15:26:05,lht65-02,52.25,5.97326,3.016,37.04,37.2,26.81
2026-08-03 15:36:05,lht65-02,52.25,5.97326,3.016,36.68,41.7,26.87
2026-08-03 15:46:04,lht65-02,52.25,5.97326,3.016,36.59,43.5,26.93
2026-08-03 15:56:04,lht65-02,52.25,5.97326,3.016,36.31,39.3,27.0
2026-08-03 16:06:04,lht65-02,52.25,5.97326,3.016,35.46,36.2,27.0
2026-08-03 16:16:04,lht65-02,52.25,5.97326,3.012,34.23,37.4,27.0
2026-08-03 16:26:04,lht65-02,52.25,5.97326,3.021,33.54,39.7,27.06
2026-08-03 16:36:04,lht65-02,52.25,5.97326,3.021,33.74,38.9,27.06
2026-08-03 16:46:04,lht65-02,52.25,5.97326,3.023,33.8,40.8,27.06
2026-08-03 16:56:04,lht65-02,52.25,5.97326,3.021,33.29,37.7,27.0
2026-08-03 17:06:04,lht65-02,52.25,5.97326,3.021,32.65,44.7,27.0
2026-08-03 17:16:04,lht65-02,52.25,5.97326,3.019,31.92,46.2,27.0
2026-08-03 17:26:04,lht65-02,52.25,5.97326,3.016,31.29,45.9,27.0
2026-08-03 17:36:04,lht65-02,52.25,5.97326,3.016,30.83,53.2,26.93
2026-08-03 17:46:04,lht65-02,52.25,5.97326,3.018,30.56,46.2,26.93
2026-08-03 17:56:04,lht65-02,52.25,5.97326,3.019,30.13,51.0,26.87
2026-08-03 18:06:04,lht65-02,52.25,5.97326,3.016,29.72,54.1,26.81
2026-08-03 18:16:04,lht65-02,52.25,5.97326,3.016,29.19,56.5,26.75
2026-08-03 18:26:04,lht65-02,52.25,5.97326,3.014,28.64,60.8,26.68
2026-08-03 18:36:04,lht65-02,52.25,5.97326,3.014,28.08,65.2,26.62
2026-08-03 18:46:04,lht65-02,52.25,5.97326,3.014,27.6,69.6,26.56
2026-08-03 18:56:04,lht65-02,52.25,5.97326,3.012,27.23,68.6,26.5
2026-08-03 19:06:04,lht65-02,52.25,5.97326,3.01,26.94,68.3,26.43
2026-08-03 19:16:04,lht65-02,52.25,5.97326,3.009,26.71,71.1,26.37
2026-08-03 19:26:04,lht65-02,52.25,5.97326,3.009,26.41,72.9,26.31
2026-08-03 19:36:04,lht65-02,52.25,5.97326,3.007,26.1,75.6,26.25
2026-08-03 19:46:04,lht65-02,52.25,5.97326,3.005,25.73,65.2,26.18
2026-08-03 19:56:04,lht65-02,52.25,5.97326,2.998,25.43,67.9,26.12
2026-08-03 20:06:04,lht65-02,52.25,5.97326,2.996,25.27,67.4,26.06
2026-08-03 20:16:04,lht65-02,52.25,5.97326,2.994,24.86,70.6,26.0
2026-08-03 20:26:04,lht65-02,52.25,5.97326,2.983,24.5,67.7,25.87
2026-08-03 20:36:04,lht65-02,52.25,5.97326,2.994,24.17,71.1,25.81
2026-08-03 20:46:04,lht65-02,52.25,5.97326,2.945,23.9,71.2,25.75
2026-08-03 20:56:04,lht65-02,52.25,5.97326,2.959,23.71,71.5,25.68
2026-08-03 21:06:04,lht65-02,52.25,5.97326,2.98,23.56,72.6,25.62
2026-08-03 21:16:04,lht65-02,52.25,5.97326,2.926,23.46,73.2,25.5
2026-08-03 21:26:04,lht65-02,52.25,5.97326,2.94,23.34,74.1,25.43
2026-08-03 21:36:04,lht65-02,52.25,5.97326,2.928,23.18,74.3,25.37
2026-08-03 21:46:04,lht65-02,52.25,5.97326,2.924,23.01,78.2,25.31
2026-08-03 21:56:04,lht65-02,52.25,5.97326,2.924,22.85,78.4,25.25
2026-08-03 22:06:04,lht65-02,52.25,5.97326,2.987,22.65,79.6,25.18
2026-08-03 22:16:04,lht65-02,52.25,5.97326,2.907,22.54,79.4,25.12
2026-08-03 22:26:04,lht65-02,52.25,5.97326,3.005,22.47,79.7,25.06
2026-08-03 22:36:04,lht65-02,52.25,5.97326,3.005,22.45,81.7,25.0
2026-08-03 22:46:04,lht65-02,52.25,5.97326,3.005,22.33,83.2,24.93
2026-08-03 22:56:04,lht65-02,52.25,5.97326,2.985,22.08,85.4,24.87
2026-08-03 23:06:04,lht65-02,52.25,5.97326,3.012,21.99,86.7,24.81
2026-08-03 23:16:04,lht65-02,52.25,5.97326,3.01,21.94,87.8,24.75
2026-08-03 23:26:04,lht65-02,52.25,5.97326,3.01,21.89,87.5,24.75
2026-08-03 23:36:04,lht65-02,52.25,5.97326,3.012,21.79,85.2,24.68
2026-08-03 23:46:04,lht65-02,52.25,5.97326,3.01,21.68,86.6,24.62
2026-08-03 23:56:04,lht65-02,52.25,5.97326,3.009,21.57,87.7,24.56
2026-08-04 00:06:04,lht65-02,52.25,5.97326,3.009,21.51,88.4,24.5
2026-08-04 00:16:04,lht65-02,52.25,5.97326,3.009,21.42,88.6,24.5
2026-08-04 00:26:04,lht65-02,52.25,5.97326,3.005,21.38,89.4,24.43
2026-08-04 00:36:04,lht65-02,52.25,5.97326,3.005,21.31,90.1,24.37
2026-08-04 00:46:04,lht65-02,52.25,5.97326,2.959,21.23,90.1,24.25
2026-08-04 00:56:04,lht65-02,52.25,5.97326,3.021,21.17,90.3,24.31
2026-08-04 01:06:03,lht65-02,52.25,5.97326,3.019,21.12,90.6,24.25
2026-08-04 01:16:03,lht65-02,52.25,5.97326,3.019,21.06,90.7,24.18
2026-08-04 01:26:03,lht65-02,52.25,5.97326,3.019,21.01,91.1,24.12
2026-08-04 01:36:03,lht65-02,52.25,5.97326,3.019,20.98,91.6,24.06
2026-08-04 01:46:03,lht65-02,52.25,5.97326,3.019,20.92,91.4,24.06
2026-08-04 02:06:03,lht65-02,52.25,5.97326,3.019,20.84,91.5,24.0
2026-08-04 02:16:03,lht65-02,52.25,5.97326,3.019,20.83,91.9,23.93
2026-08-04 02:26:03,lht65-02,52.25,5.97326,3.021,20.79,92.2,23.87
2026-08-04 02:36:03,lht65-02,52.25,5.97326,3.019,20.75,92.0,23.81
2026-08-04 02:46:03,lht65-02,52.25,5.97326,3.019,20.72,92.3,23.81
2026-08-04 02:56:03,lht65-02,52.25,5.97326,3.019,20.72,92.5,23.75
2026-08-04 03:06:03,lht65-02,52.25,5.97326,3.019,20.75,93.1,23.75
2026-08-04 03:16:03,lht65-02,52.25,5.97326,3.019,20.77,93.5,23.68
2026-08-04 03:26:03,lht65-02,52.25,5.97326,3.019,20.77,93.5,23.68
2026-08-04 03:56:03,lht65-02,52.25,5.97326,3.016,20.73,93.8,23.56
2026-08-04 04:06:03,lht65-02,52.25,5.97326,3.019,20.77,94.3,23.56
2026-08-04 04:16:03,lht65-02,52.25,5.97326,3.016,20.78,94.9,23.5
2026-08-04 04:26:03,lht65-02,52.25,5.97326,3.018,20.81,95.5,23.5
2026-08-04 04:36:03,lht65-02,52.25,5.97326,3.012,20.86,96.3,23.43
2026-08-04 04:46:03,lht65-02,52.25,5.97326,3.012,20.94,97.4,23.37
2026-08-04 04:56:03,lht65-02,52.25,5.97326,3.012,20.96,98.1,23.37
2026-08-04 05:06:03,lht65-02,52.25,5.97326,3.016,21.02,98.7,23.37
2026-08-04 05:16:03,lht65-02,52.25,5.97326,3.012,21.12,99.1,23.31
2026-08-04 05:26:03,lht65-02,52.25,5.97326,3.014,21.27,99.7,23.31
2026-08-04 05:36:03,lht65-02,52.25,5.97326,3.016,21.47,100.0,23.31
2026-08-04 05:46:03,lht65-02,52.25,5.97326,3.012,21.68,100.0,23.25
2026-08-04 05:56:03,lht65-02,52.25,5.97326,3.012,21.83,99.7,23.25
2026-08-04 06:06:03,lht65-02,52.25,5.97326,3.012,22.13,99.3,23.25
2026-08-04 06:16:10,lht65-02,52.25,5.97326,3.012,22.79,99.9,23.25
2026-08-04 06:26:03,lht65-02,52.25,5.97326,3.012,23.62,99.1,23.25
2026-08-04 06:36:03,lht65-02,52.25,5.97326,3.014,24.5,93.1,23.25
2026-08-04 06:46:03,lht65-02,52.25,5.97326,3.012,25.32,88.4,23.25
2026-08-04 06:56:03,lht65-02,52.25,5.97326,3.012,26.16,84.8,23.25
2026-08-04 07:06:03,lht65-02,52.25,5.97326,3.012,27.01,83.5,23.31
2026-08-04 07:26:03,lht65-02,52.25,5.97326,3.014,28.5,74.4,23.37
2026-08-04 07:36:03,lht65-02,52.25,5.97326,3.012,28.85,72.4,23.43
2026-08-04 07:46:03,lht65-02,52.25,5.97326,3.012,29.35,76.1,23.56
2026-08-04 07:56:03,lht65-02,52.25,5.97326,2.966,29.97,69.1,23.62
2026-08-04 08:06:03,lht65-02,52.25,5.97326,3.01,30.44,66.3,23.68
2026-08-04 08:16:03,lht65-02,52.25,5.97326,3.012,31.04,67.9,23.81
2026-08-04 08:26:03,lht65-02,52.25,5.97326,3.014,31.48,64.9,23.81
2026-08-04 08:36:03,lht65-02,52.25,5.97326,3.016,31.74,61.4,23.93
2026-08-04 08:46:03,lht65-02,52.25,5.97326,3.019,31.92,59.4,24.0
2026-08-04 09:06:03,lht65-02,52.25,5.97326,3.019,32.59,55.9,24.18
2026-08-04 09:16:03,lht65-02,52.25,5.97326,3.021,33.35,55.3,24.31
2026-08-04 09:26:03,lht65-02,52.25,5.97326,3.023,33.81,55.2,24.43
2026-08-04 09:36:03,lht65-02,52.25,5.97326,3.023,34.3,51.7,24.5
2026-08-04 09:46:03,lht65-02,52.25,5.97326,3.023,34.83,51.8,24.62
2026-08-04 09:56:03,lht65-02,52.25,5.97326,3.023,35.41,49.1,24.68
2026-08-04 10:06:03,lht65-02,52.25,5.97326,3.023,35.63,49.3,24.81
2026-08-04 10:16:03,lht65-02,52.25,5.97326,3.025,35.92,50.1,24.93
2026-08-04 10:26:03,lht65-02,52.25,5.97326,2.968,36.31,50.0,25.0
2026-08-04 10:36:03,lht65-02,52.25,5.97326,2.969,36.31,46.5,25.12
2026-08-04 10:46:02,lht65-02,52.25,5.97326,2.973,36.31,47.6,25.25
2026-08-04 10:56:02,lht65-02,52.25,5.97326,2.931,36.81,45.5,25.31
2026-08-04 11:06:02,lht65-02,52.25,5.97326,2.844,37.06,46.6,25.43
2026-08-04 11:16:02,lht65-02,52.25,5.97326,3.025,37.33,43.8,25.56
2026-08-04 11:26:02,lht65-02,52.25,5.97326,3.025,37.03,43.2,25.68
2026-08-04 11:36:02,lht65-02,52.25,5.97326,3.023,36.87,43.3,25.81
2026-08-04 11:46:02,lht65-02,52.25,5.97326,3.023,36.77,42.6,25.87
2026-08-04 11:56:02,lht65-02,52.25,5.97326,3.023,37.04,44.1,26.0
2026-08-04 12:06:02,lht65-02,52.25,5.97326,2.859,37.65,41.0,26.0
2026-08-04 12:16:02,lht65-02,52.25,5.97326,3.016,37.42,42.5,26.18
2026-08-04 12:26:02,lht65-02,52.25,5.97326,3.016,37.07,40.2,26.25
2026-08-04 12:46:02,lht65-02,52.25,5.97326,3.019,37.62,39.9,26.43
2026-08-04 12:56:02,lht65-02,52.25,5.97326,3.019,37.63,41.8,26.5
2026-08-04 13:06:02,lht65-02,52.25,5.97326,3.019,37.84,40.9,26.62
2026-08-04 13:16:02,lht65-02,52.25,5.97326,2.955,38.28,38.6,26.68
2026-08-04 13:26:02,lht65-02,52.25,5.97326,3.016,37.94,38.6,26.81
2026-08-04 13:36:02,lht65-02,52.25,5.97326,3.014,38.46,40.2,26.93
2026-08-04 13:46:02,lht65-02,52.25,5.97326,3.009,38.75,37.3,27.06
2026-08-04 13:56:02,lht65-02,52.25,5.97326,3.007,38.54,37.5,27.12
2026-08-04 14:06:02,lht65-02,52.25,5.97326,3.005,38.42,39.2,27.25
2026-08-04 14:16:02,lht65-02,52.25,5.97326,3.005,38.6,41.5,27.37
2026-08-04 14:26:02,lht65-02,52.25,5.97326,3.005,38.65,37.3,27.43
2026-08-04 14:36:02,lht65-02,52.25,5.97326,3.003,38.27,36.0,27.5
2026-08-04 14:46:02,lht65-02,52.25,5.97326,3.001,37.96,36.8,27.56
2026-08-04 14:56:02,lht65-02,52.25,5.97326,3.001,37.43,38.1,27.62
2026-08-04 15:06:02,lht65-02,52.25,5.97326,3.001,36.77,39.5,27.68
2026-08-04 15:16:02,lht65-02,52.25,5.97326,3.0,35.39,41.0,27.75
2026-08-04 15:26:02,lht65-02,52.25,5.97326,2.994,33.74,46.3,27.75
2026-08-04 15:36:02,lht65-02,52.25,5.97326,2.991,33.32,48.1,27.75
2026-08-04 15:46:02,lht65-02,52.25,5.97326,2.985,33.05,47.4,27.75
2026-08-04 15:56:02,lht65-02,52.25,5.97326,2.975,32.59,48.5,27.68
2026-08-04 16:06:02,lht65-02,52.25,5.97326,2.998,31.89,49.8,27.68
2026-08-04 16:16:02,lht65-02,52.25,5.97326,2.998,31.29,51.4,27.68
2026-08-04 16:26:02,lht65-02,52.25,5.97326,3.0,30.83,53.0,27.62
2026-08-04 16:36:02,lht65-02,52.25,5.97326,2.996,30.62,53.5,27.56
2026-08-04 16:46:02,lht65-02,52.25,5.97326,2.994,30.37,54.2,27.5
2026-08-04 16:56:02,lht65-02,52.25,5.97326,2.991,30.12,53.5,27.43
2026-08-04 17:06:02,lht65-02,52.25,5.97326,2.985,29.77,56.9,27.37
2026-08-04 17:16:02,lht65-02,52.25,5.97326,2.982,29.2,58.5,27.31
2026-08-04 17:26:02,lht65-02,52.25,5.97326,2.98,28.74,60.0,27.25
2026-08-04 17:36:02,lht65-02,52.25,5.97326,2.98,28.38,62.8,27.18
2026-08-04 17:46:02,lht65-02,52.25,5.97326,2.982,28.08,63.3,27.12
2026-08-04 17:56:02,lht65-02,52.25,5.97326,2.985,28.02,63.2,27.06
2026-08-04 18:06:02,lht65-02,52.25,5.97326,2.983,27.88,63.0,27.0
2026-08-04 18:16:02,lht65-02,52.25,5.97326,2.98,27.73,63.6,26.93
2026-08-04 18:26:02,lht65-02,52.25,5.97326,2.98,27.51,66.9,26.87
2026-08-04 18:36:02,lht65-02,52.25,5.97326,2.971,27.24,63.5,26.81
2026-08-04 18:46:02,lht65-02,52.25,5.97326,2.968,26.96,66.3,26.75
2026-08-04 18:56:02,lht65-02,52.25,5.97326,2.982,26.71,68.7,26.68
2026-08-04 19:06:02,lht65-02,52.25,5.97326,2.985,26.47,72.9,26.62
2026-08-04 19:16:02,lht65-02,52.25,5.97326,2.992,26.26,72.1,26.56
2026-08-04 19:26:02,lht65-02,52.25,5.97326,2.992,26.02,68.9,26.5
2026-08-04 19:36:02,lht65-02,52.25,5.97326,2.998,25.85,71.1,26.43
2026-08-04 19:46:02,lht65-02,52.25,5.97326,2.996,25.72,68.3,26.37
2026-08-04 19:56:02,lht65-02,52.25,5.97326,2.996,25.6,68.0,26.31
2026-08-04 20:06:02,lht65-02,52.25,5.97326,2.996,25.58,66.8,26.25
2026-08-04 20:16:02,lht65-02,52.25,5.97326,2.996,25.54,69.0,26.18
2026-08-04 20:26:02,lht65-02,52.25,5.97326,2.996,25.42,69.8,26.12
2026-08-04 20:36:02,lht65-02,52.25,5.97326,2.998,25.32,69.7,26.06
2026-08-04 20:46:02,lht65-02,52.25,5.97326,3.001,25.32,72.4,26.0
2026-08-04 20:56:02,lht65-02,52.25,5.97326,3.001,25.13,72.8,25.93
2026-08-04 21:06:02,lht65-02,52.25,5.97326,2.987,24.98,71.2,25.87
2026-08-04 21:16:02,lht65-02,52.25,5.97326,2.992,24.85,71.8,25.81
2026-08-04 21:26:01,lht65-02,52.25,5.97326,2.991,24.77,73.0,25.75
2026-08-04 21:36:01,lht65-02,52.25,5.97326,2.985,24.69,71.6,25.75
2026-08-04 21:46:01,lht65-02,52.25,5.97326,2.989,24.61,74.4,25.68
2026-08-04 21:56:01,lht65-02,52.25,5.97326,2.991,24.41,71.2,25.62
2026-08-04 22:06:01,lht65-02,52.25,5.97326,2.991,24.19,72.2,25.56
2026-08-04 22:16:01,lht65-02,52.25,5.97326,2.987,23.96,75.9,25.5
2026-08-04 22:26:01,lht65-02,52.25,5.97326,2.987,23.66,74.2,25.43
2026-08-04 22:36:01,lht65-02,52.25,5.97326,2.928,23.3,75.1,25.37
2026-08-04 22:46:02,lht65-02,52.25,5.97326,2.941,22.88,76.6,25.31
2026-08-04 22:56:01,lht65-02,52.25,5.97326,2.941,22.49,76.6,25.31
2026-08-04 23:06:01,lht65-02,52.25,5.97326,2.969,22.13,78.3,25.25
2026-08-04 23:16:01,lht65-02,52.25,5.97326,2.938,21.76,79.8,25.18
2026-08-04 23:26:01,lht65-02,52.25,5.97326,3.009,21.45,82.1,25.12
2026-08-04 23:36:01,lht65-02,52.25,5.97326,2.922,21.15,82.2,25.06
2026-08-04 23:46:01,lht65-02,52.25,5.97326,3.009,20.92,83.0,25.0
2026-08-04 23:56:01,lht65-02,52.25,5.97326,3.009,20.7,84.2,24.93
2026-08-05 00:06:01,lht65-02,52.25,5.97326,2.998,20.49,84.8,24.87
2026-08-05 00:16:01,lht65-02,52.25,5.97326,3.014,20.26,85.3,24.81
2026-08-05 00:26:01,lht65-02,52.25,5.97326,3.014,20.1,85.4,24.75
2026-08-05 00:36:01,lht65-02,52.25,5.97326,3.016,19.97,85.2,24.68
2026-08-05 00:46:01,lht65-02,52.25,5.97326,3.014,19.86,85.5,24.62
2026-08-05 00:56:02,lht65-02,52.25,5.97326,3.016,19.86,85.3,24.56
2026-08-05 01:06:01,lht65-02,52.25,5.97326,3.016,19.91,84.6,24.5
2026-08-05 01:16:01,lht65-02,52.25,5.97326,3.012,19.95,84.1,24.43
2026-08-05 01:26:01,lht65-02,52.25,5.97326,3.016,20.04,83.6,24.37
2026-08-05 01:36:01,lht65-02,52.25,5.97326,3.016,20.08,83.2,24.31
2026-08-05 01:46:01,lht65-02,52.25,5.97326,3.016,20.1,82.9,24.25
2026-08-05 01:56:01,lht65-02,52.25,5.97326,3.016,20.12,83.1,24.18
2026-08-05 02:06:01,lht65-02,52.25,5.97326,3.016,20.07,83.7,24.12
2026-08-05 02:16:01,lht65-02,52.25,5.97326,3.016,19.95,83.8,24.12
2026-08-05 02:26:01,lht65-02,52.25,5.97326,3.016,19.86,84.1,24.06
2026-08-05 02:36:01,lht65-02,52.25,5.97326,3.016,19.84,84.7,24.0
2026-08-05 02:46:01,lht65-02,52.25,5.97326,3.016,19.65,85.3,23.93
2026-08-05 02:56:01,lht65-02,52.25,5.97326,2.955,19.55,85.3,23.93
2026-08-05 03:06:01,lht65-02,52.25,5.97326,2.991,19.42,86.5,23.87
2026-08-05 03:16:01,lht65-02,52.25,5.97326,2.992,19.31,86.9,23.81
2026-08-05 03:26:01,lht65-02,52.25,5.97326,3.007,19.24,87.9,23.75
2026-08-05 03:36:01,lht65-02,52.25,5.97326,3.005,19.29,87.8,23.75
2026-08-05 03:46:01,lht65-02,52.25,5.97326,3.005,19.45,88.2,23.68
2026-08-05 03:56:01,lht65-02,52.25,5.97326,3.009,19.65,87.3,23.62
2026-08-05 04:06:01,lht65-02,52.25,5.97326,3.009,19.84,86.4,23.56
2026-08-05 04:16:01,lht65-02,52.25,5.97326,3.009,19.86,87.0,23.56
2026-08-05 04:26:01,lht65-02,52.25,5.97326,3.009,19.86,88.5,23.5
2026-08-05 04:36:01,lht65-02,52.25,5.97326,3.007,19.86,89.3,23.5
2026-08-05 04:46:01,lht65-02,52.25,5.97326,3.009,19.84,89.9,23.5
2026-08-05 04:56:01,lht65-02,52.25,5.97326,3.007,19.84,90.4,23.43
2026-08-05 05:06:01,lht65-02,52.25,5.97326,3.009,19.86,91.1,23.37
2026-08-05 05:16:01,lht65-02,52.25,5.97326,3.01,20.05,91.7,23.37
2026-08-05 05:26:01,lht65-02,52.25,5.97326,3.009,20.26,91.9,23.31
2026-08-05 05:36:01,lht65-02,52.25,5.97326,3.007,20.64,92.7,23.31
2026-08-05 05:46:01,lht65-02,52.25,5.97326,3.009,21.1,93.6,23.31
2026-08-05 06:06:01,lht65-02,52.25,5.97326,3.009,22.74,97.5,23.25
2026-08-05 06:16:01,lht65-02,52.25,5.97326,3.014,23.66,99.5,23.25
2026-08-05 06:26:01,lht65-02,52.25,5.97326,3.014,24.24,97.0,23.31
2026-08-05 06:36:01,lht65-02,52.25,5.97326,3.014,24.89,93.3,23.31
2026-08-05 06:46:01,lht65-02,52.25,5.97326,3.018,25.53,92.7,23.31
2026-08-05 06:56:01,lht65-02,52.25,5.97326,3.019,26.13,91.2,23.37
2026-08-05 07:06:01,lht65-02,52.25,5.97326,3.009,26.9,90.8,23.37
2026-08-05 07:16:00,lht65-02,52.25,5.97326,3.019,27.63,89.7,23.43
2026-08-05 07:26:01,lht65-02,52.25,5.97326,3.019,28.36,87.8,23.5
2026-08-05 07:36:00,lht65-02,52.25,5.97326,3.021,28.74,73.4,23.56
2026-08-05 07:46:00,lht65-02,52.25,5.97326,3.023,28.72,71.5,23.62
2026-08-05 07:56:00,lht65-02,52.25,5.97326,3.023,28.98,72.9,23.68
2026-08-05 08:06:00,lht65-02,52.25,5.97326,3.021,29.33,68.9,23.75
2026-08-05 08:16:00,lht65-02,52.25,5.97326,3.023,30.33,69.9,23.81
2026-08-05 08:26:01,lht65-02,52.25,5.97326,3.019,31.53,57.9,23.93
2026-08-05 08:36:00,lht65-02,52.25,5.97326,3.023,31.44,54.1,24.0
2026-08-05 08:46:00,lht65-02,52.25,5.97326,3.023,30.45,54.1,24.12
2026-08-05 08:56:00,lht65-02,52.25,5.97326,3.023,29.9,59.9,24.18
2026-08-05 09:06:00,lht65-02,52.25,5.97326,3.023,30.83,66.0,24.31
2026-08-05 09:16:00,lht65-02,52.25,5.97326,3.025,31.26,57.1,24.37
2026-08-05 09:26:00,lht65-02,52.25,5.97326,3.023,31.06,56.9,24.43
2026-08-05 09:36:00,lht65-02,52.25,5.97326,3.023,30.19,55.9,24.56
2026-08-05 09:46:00,lht65-02,52.25,5.97326,3.023,29.45,62.2,24.62
2026-08-05 09:56:00,lht65-02,52.25,5.97326,3.023,29.9,66.1,24.75
2026-08-05 10:06:00,lht65-02,52.25,5.97326,3.023,31.36,60.4,24.81
2026-08-05 10:16:00,lht65-02,52.25,5.97326,3.023,31.66,53.7,24.87
2026-08-05 10:26:00,lht65-02,52.25,5.97326,3.025,31.61,52.5,25.0
2026-08-05 10:36:00,lht65-02,52.25,5.97326,3.019,31.89,52.8,25.0
2026-08-05 10:46:00,lht65-02,52.25,5.97326,3.021,32.08,53.4,25.12
2026-08-05 10:56:00,lht65-02,52.25,5.97326,3.023,31.04,50.9,25.18
2026-08-05 11:06:00,lht65-02,52.25,5.97326,3.023,31.29,60.8,25.31
2026-08-05 11:16:00,lht65-02,52.25,5.97326,3.023,32.01,52.0,25.37
2026-08-05 11:26:00,lht65-02,52.25,5.97326,3.019,31.44,49.6,25.43
2026-08-05 11:36:00,lht65-02,52.25,5.97326,3.019,30.7,49.8,25.5
2026-08-05 11:46:00,lht65-02,52.25,5.97326,3.019,31.29,59.5,25.56
2026-08-05 11:56:00,lht65-02,52.25,5.97326,3.016,32.51,50.3,25.62
2026-08-05 12:06:00,lht65-02,52.25,5.97326,3.019,32.65,49.0,25.75
2026-08-05 12:16:00,lht65-02,52.25,5.97326,3.019,32.15,46.4,25.81
2026-08-05 12:26:00,lht65-02,52.25,5.97326,3.019,31.59,48.7,25.87
2026-08-05 12:36:00,lht65-02,52.25,5.97326,3.019,31.67,49.8,25.93
2026-08-05 12:46:00,lht65-02,52.25,5.97326,3.019,31.67,49.2,26.0
2026-08-05 12:56:00,lht65-02,52.25,5.97326,3.019,31.52,50.0,26.06
2026-08-05 13:06:00,lht65-02,52.25,5.97326,3.019,32.45,53.6,26.12
2026-08-05 13:16:00,lht65-02,52.25,5.97326,3.012,33.93,47.7,26.18
2026-08-05 13:26:00,lht65-02,52.25,5.97326,3.019,34.1,48.2,26.25
2026-08-05 13:36:00,lht65-02,52.25,5.97326,3.023,33.73,42.9,26.37
2026-08-05 13:46:00,lht65-02,52.25,5.97326,3.023,32.34,46.1,26.43
2026-08-05 13:56:00,lht65-02,52.25,5.97326,3.023,31.6,49.1,26.56
2026-08-05 14:06:00,lht65-02,52.25,5.97326,3.023,32.35,56.6,26.62
2026-08-05 14:16:00,lht65-02,52.25,5.97326,3.023,31.71,48.4,26.68
2026-08-05 14:26:00,lht65-02,52.25,5.97326,3.023,30.6,55.2,26.68
2026-08-05 14:36:00,lht65-02,52.25,5.97326,3.023,29.75,51.3,26.75
2026-08-05 14:46:00,lht65-02,52.25,5.97326,3.023,29.52,56.7,26.81
2026-08-05 14:56:00,lht65-02,52.25,5.97326,3.023,30.04,56.2,26.75
2026-08-05 15:06:00,lht65-02,52.25,5.97326,3.023,30.83,56.7,26.81
2026-08-05 15:16:00,lht65-02,52.25,5.97326,3.025,30.85,47.7,26.81
2026-08-05 15:26:00,lht65-02,52.25,5.97326,3.023,30.16,53.6,26.81
2026-08-05 15:36:00,lht65-02,52.25,5.97326,3.023,29.18,50.8,26.81
2026-08-05 15:45:59,lht65-02,52.25,5.97326,3.023,29.61,58.5,26.81
2026-08-05 15:56:00,lht65-02,52.25,5.97326,3.023,30.03,54.5,26.81
2026-08-05 16:06:00,lht65-02,52.25,5.97326,3.019,29.65,54.1,26.81
2026-08-05 16:15:59,lht65-02,52.25,5.97326,3.023,29.55,58.4,26.75
2026-08-05 16:26:00,lht65-02,52.25,5.97326,3.023,30.04,59.8,26.81
2026-08-05 16:36:00,lht65-02,52.25,5.97326,3.021,29.45,56.4,26.75
2026-08-05 16:46:00,lht65-02,52.25,5.97326,3.023,28.74,59.8,26.75
2026-08-05 16:55:59,lht65-02,52.25,5.97326,3.023,28.5,62.4,26.75
2026-08-05 17:05:59,lht65-02,52.25,5.97326,3.023,28.08,61.8,26.68
2026-08-05 17:15:59,lht65-02,52.25,5.97326,3.021,27.71,65.8,26.68
2026-08-05 17:25:59,lht65-02,52.25,5.97326,3.021,27.36,65.4,26.62
2026-08-05 17:36:00,lht65-02,52.25,5.97326,3.023,27.16,64.5,26.62
2026-08-05 17:45:59,lht65-02,52.25,5.97326,3.023,26.94,65.3,26.56
2026-08-05 17:55:59,lht65-02,52.25,5.97326,3.025,26.62,65.8,26.56
2026-08-05 18:05:59,lht65-02,52.25,5.97326,3.023,26.1,63.8,26.5
2026-08-05 18:15:59,lht65-02,52.25,5.97326,3.021,25.57,63.6,26.43
2026-08-05 18:25:59,lht65-02,52.25,5.97326,3.021,25.0,64.2,26.37
2026-08-05 18:35:59,lht65-02,52.25,5.97326,3.023,24.54,63.7,26.31
2026-08-05 18:45:59,lht65-02,52.25,5.97326,3.023,24.24,65.8,26.25
2026-08-05 18:55:59,lht65-02,52.25,5.97326,3.019,23.96,66.7,26.18
2026-08-05 19:05:59,lht65-02,52.25,5.97326,3.019,23.65,68.1,26.12
2026-08-05 19:15:59,lht65-02,52.25,5.97326,3.019,23.22,69.4,26.06
2026-08-05 19:25:59,lht65-02,52.25,5.97326,3.019,22.7,73.5,26.0
2026-08-05 19:35:59,lht65-02,52.25,5.97326,3.014,22.19,68.5,25.93
2026-08-05 19:45:59,lht65-02,52.25,5.97326,3.016,21.69,70.2,25.81
2026-08-05 19:55:59,lht65-02,52.25,5.97326,3.014,21.22,70.4,25.75
2026-08-05 20:05:59,lht65-02,52.25,5.97326,3.016,20.69,75.1,25.68
2026-08-05 20:15:59,lht65-02,52.25,5.97326,3.019,20.2,76.3,25.56
2026-08-05 20:25:59,lht65-02,52.25,5.97326,3.019,19.86,74.5,25.5
2026-08-05 20:35:59,lht65-02,52.25,5.97326,3.023,19.84,74.0,25.43
2026-08-05 20:45:59,lht65-02,52.25,5.97326,3.019,19.64,74.5,25.31
2026-08-05 20:55:59,lht65-02,52.25,5.97326,3.019,19.42,74.0,25.25
2026-08-05 21:05:59,lht65-02,52.25,5.97326,3.019,19.21,73.9,25.18
2026-08-05 21:15:59,lht65-02,52.25,5.97326,3.019,19.01,74.4,25.06
2026-08-05 21:25:59,lht65-02,52.25,5.97326,3.019,18.8,76.5,25.0
2026-08-05 21:35:59,lht65-02,52.25,5.97326,3.019,18.59,74.7,24.87
2026-08-05 21:45:59,lht65-02,52.25,5.97326,3.01,18.38,75.4,24.81
2026-08-05 21:55:59,lht65-02,52.25,5.97326,2.989,18.18,75.7,24.75
2026-08-05 22:05:59,lht65-02,52.25,5.97326,3.014,18.0,77.8,24.68
2026-08-05 22:15:59,lht65-02,52.25,5.97326,3.012,17.99,77.6,24.56
2026-08-05 22:25:59,lht65-02,52.25,5.97326,3.016,17.95,77.7,24.43
2026-08-05 22:35:59,lht65-02,52.25,5.97326,3.016,17.95,77.1,24.37
2026-08-05 22:45:59,lht65-02,52.25,5.97326,3.016,17.91,78.7,24.31
2026-08-05 22:55:59,lht65-02,52.25,5.97326,3.019,17.85,78.4,24.25
2026-08-05 23:05:59,lht65-02,52.25,5.97326,3.019,17.75,78.3,24.18
2026-08-05 23:15:59,lht65-02,52.25,5.97326,2.991,17.64,80.4,24.12
2026-08-05 23:25:59,lht65-02,52.25,5.97326,3.023,17.46,80.6,24.06
2026-08-05 23:35:59,lht65-02,52.25,5.97326,3.019,17.33,80.9,23.93
2026-08-05 23:45:59,lht65-02,52.25,5.97326,3.021,17.17,82.0,23.93
2026-08-05 23:55:59,lht65-02,52.25,5.97326,3.016,17.08,82.8,23.81
2026-08-06 00:05:59,lht65-02,52.25,5.97326,3.01,16.96,83.1,23.75
2026-08-06 00:15:59,lht65-02,52.25,5.97326,3.023,16.85,83.1,23.68
2026-08-06 00:25:59,lht65-02,52.25,5.97326,3.023,16.76,83.2,23.62
2026-08-06 00:35:59,lht65-02,52.25,5.97326,3.023,16.64,83.0,23.56
2026-08-06 00:45:59,lht65-02,52.25,5.97326,3.023,16.53,83.6,23.5
2026-08-06 00:55:59,lht65-02,52.25,5.97326,3.019,16.43,84.3,23.43
2026-08-06 01:05:59,lht65-02,52.25,5.97326,3.019,16.33,84.3,23.37
2026-08-06 01:15:59,lht65-02,52.25,5.97326,3.023,16.24,84.4,23.31
2026-08-06 01:25:59,lht65-02,52.25,5.97326,3.023,16.17,84.4,23.25
2026-08-06 01:35:59,lht65-02,52.25,5.97326,3.019,16.13,84.9,23.18
2026-08-06 01:45:58,lht65-02,52.25,5.97326,3.019,16.06,85.0,23.12
2026-08-06 01:55:59,lht65-02,52.25,5.97326,2.973,15.95,85.0,23.06
2026-08-06 02:05:58,lht65-02,52.25,5.97326,3.019,15.83,85.2,23.0
2026-08-06 02:15:59,lht65-02,52.25,5.97326,3.019,15.75,85.7,22.93
2026-08-06 02:25:59,lht65-02,52.25,5.97326,3.007,15.65,86.2,22.87
2026-08-06 02:35:59,lht65-02,52.25,5.97326,3.005,15.54,86.1,22.81
2026-08-06 02:45:59,lht65-02,52.25,5.97326,3.007,15.47,86.4,22.81
2026-08-06 02:55:58,lht65-02,52.25,5.97326,2.991,15.34,86.1,22.75
2026-08-06 03:05:58,lht65-02,52.25,5.97326,3.009,15.28,86.5,22.68
2026-08-06 03:15:58,lht65-02,52.25,5.97326,3.009,15.17,86.6,22.62
2026-08-06 03:25:58,lht65-02,52.25,5.97326,3.009,15.09,86.5,22.56
2026-08-06 03:35:58,lht65-02,52.25,5.97326,3.014,14.98,87.2,22.5
2026-08-06 03:45:58,lht65-02,52.25,5.97326,3.009,14.89,87.5,22.43
2026-08-06 03:55:58,lht65-02,52.25,5.97326,3.012,14.83,87.3,22.37
2026-08-06 04:05:58,lht65-02,52.25,5.97326,3.014,14.76,87.7,22.37
2026-08-06 04:15:58,lht65-02,52.25,5.97326,3.016,14.74,88.0,22.31
2026-08-06 04:25:58,lht65-02,52.25,5.97326,3.012,14.73,89.1,22.25
2026-08-06 04:35:58,lht65-02,52.25,5.97326,3.012,14.78,89.9,22.18
2026-08-06 04:45:58,lht65-02,52.25,5.97326,3.016,14.92,90.6,22.12
2026-08-06 04:55:58,lht65-02,52.25,5.97326,3.012,15.1,91.2,22.12
2026-08-06 05:05:58,lht65-02,52.25,5.97326,3.012,15.34,91.7,22.06
2026-08-06 05:15:58,lht65-02,52.25,5.97326,3.012,15.68,92.1,22.0
2026-08-06 05:25:58,lht65-02,52.25,5.97326,3.012,16.22,92.8,22.0
2026-08-06 05:35:58,lht65-02,52.25,5.97326,3.012,16.84,93.8,21.93
2026-08-06 05:45:58,lht65-02,52.25,5.97326,3.012,17.7,95.8,21.93
2026-08-06 05:55:58,lht65-02,52.25,5.97326,3.01,18.76,98.7,21.87
2026-08-06 06:05:58,lht65-02,52.25,5.97326,3.009,19.94,100.0,21.93
2026-08-06 06:15:58,lht65-02,52.25,5.97326,3.009,21.26,100.0,21.93
2026-08-06 06:25:58,lht65-02,52.25,5.97326,3.009,22.03,100.0,21.93
2026-08-06 06:35:58,lht65-02,52.25,5.97326,3.025,22.19,91.3,22.0
2026-08-06 06:45:58,lht65-02,52.25,5.97326,3.025,22.54,90.0,22.0
2026-08-06 06:55:58,lht65-02,52.25,5.97326,3.025,22.68,89.2,22.06
2026-08-06 07:05:58,lht65-02,52.25,5.97326,3.025,22.79,88.3,22.12
2026-08-06 07:15:58,lht65-02,52.25,5.97326,3.027,23.22,89.1,22.12
2026-08-06 07:25:58,lht65-02,52.25,5.97326,3.027,24.32,91.3,22.18
2026-08-06 07:35:58,lht65-02,52.25,5.97326,3.027,25.32,87.9,22.25
2026-08-06 07:45:58,lht65-02,52.25,5.97326,3.027,25.95,82.0,22.31
2026-08-06 07:55:58,lht65-02,52.25,5.97326,3.03,26.67,79.3,22.37
2026-08-06 08:05:58,lht65-02,52.25,5.97326,3.025,27.65,76.9,22.43
2026-08-06 08:15:58,lht65-02,52.25,5.97326,3.027,28.25,73.5,22.5
2026-08-06 08:25:58,lht65-02,52.25,5.97326,3.023,29.29,77.4,22.56
2026-08-06 08:35:58,lht65-02,52.25,5.97326,3.023,30.13,58.2,22.68
2026-08-06 08:45:58,lht65-02,52.25,5.97326,3.027,29.99,61.4,22.75
2026-08-06 08:55:58,lht65-02,52.25,5.97326,3.027,29.45,59.6,22.87
2026-08-06 09:05:58,lht65-02,52.25,5.97326,3.025,28.45,61.2,23.0
2026-08-06 09:15:58,lht65-02,52.25,5.97326,3.025,28.08,61.7,23.06
2026-08-06 09:25:58,lht65-02,52.25,5.97326,3.027,28.31,59.3,23.12
2026-08-06 09:35:58,lht65-02,52.25,5.97326,3.025,27.05,60.3,23.18
2026-08-06 09:45:58,lht65-02,52.25,5.97326,3.027,26.4,64.9,23.31
2026-08-06 09:55:58,lht65-02,52.25,5.97326,3.027,27.48,66.7,23.31
2026-08-06 10:05:58,lht65-02,52.25,5.97326,3.027,29.0,62.2,23.37
2026-08-06 10:15:58,lht65-02,52.25,5.97326,3.025,29.67,60.9,23.37
2026-08-06 10:25:58,lht65-02,52.25,5.97326,3.027,30.55,58.7,23.5
2026-08-06 10:35:58,lht65-02,52.25,5.97326,3.025,31.26,41.9,23.56
2026-08-06 10:45:58,lht65-02,52.25,5.97326,3.025,28.59,44.5,23.62
2026-08-06 10:55:58,lht65-02,52.25,5.97326,3.025,28.53,48.4,23.68
2026-08-06 11:05:58,lht65-02,52.25,5.97326,3.025,29.42,53.7,23.75
2026-08-06 11:15:58,lht65-02,52.25,5.97326,3.027,30.14,48.1,23.81
2026-08-06 11:25:58,lht65-02,52.25,5.97326,3.025,30.4,47.9,23.87
2026-08-06 11:35:58,lht65-02,52.25,5.97326,3.021,31.2,49.2,23.93
2026-08-06 11:45:57,lht65-02,52.25,5.97326,3.021,30.64,41.9,24.0
2026-08-06 11:55:58,lht65-02,52.25,5.97326,3.023,29.9,42.9,24.06
2026-08-06 12:05:58,lht65-02,52.25,5.97326,3.023,28.77,48.6,24.12
2026-08-06 12:15:58,lht65-02,52.25,5.97326,3.023,29.26,56.5,24.18
2026-08-06 12:25:58,lht65-02,52.25,5.97326,3.023,30.52,49.3,24.25
2026-08-06 12:35:58,lht65-02,52.25,5.97326,3.023,30.04,50.9,24.31
2026-08-06 12:45:58,lht65-02,52.25,5.97326,3.023,29.95,54.7,24.31
2026-08-06 12:55:57,lht65-02,52.25,5.97326,3.025,30.23,55.9,24.37
2026-08-06 13:05:58,lht65-02,52.25,5.97326,3.023,29.97,49.1,24.43
2026-08-06 13:15:58,lht65-02,52.25,5.97326,3.023,29.85,54.8,24.5
2026-08-06 13:25:57,lht65-02,52.25,5.97326,3.019,31.16,50.4,24.5
2026-08-06 13:35:57,lht65-02,52.25,5.97326,2.934,31.92,41.2,24.56
2026-08-06 13:45:57,lht65-02,52.25,5.97326,2.966,31.23,37.6,24.62
2026-08-06 13:55:58,lht65-02,52.25,5.97326,2.985,30.4,39.2,24.68
2026-08-06 14:05:57,lht65-02,52.25,5.97326,2.98,30.55,48.2,24.75
2026-08-06 14:15:57,lht65-02,52.25,5.97326,3.001,31.75,41.9,24.87
2026-08-06 14:25:57,lht65-02,52.25,5.97326,3.019,30.77,41.5,24.93
2026-08-06 14:35:57,lht65-02,52.25,5.97326,3.019,29.94,39.7,25.0
2026-08-06 14:45:57,lht65-02,52.25,5.97326,3.019,29.86,43.2,25.06
2026-08-06 14:55:57,lht65-02,52.25,5.97326,3.021,30.38,50.9,25.06
2026-08-06 15:05:57,lht65-02,52.25,5.97326,3.023,30.82,43.3,25.12
2026-08-06 15:15:57,lht65-02,52.25,5.97326,3.023,30.63,51.5,25.12
2026-08-06 15:35:57,lht65-02,52.25,5.97326,3.023,30.43,52.4,25.12
2026-08-06 15:45:57,lht65-02,52.25,5.97326,3.025,30.17,51.8,25.18
2026-08-06 15:55:57,lht65-02,52.25,5.97326,3.023,29.79,53.2,25.18
2026-08-06 16:05:57,lht65-02,52.25,5.97326,3.023,29.0,54.0,25.18
2026-08-06 16:15:57,lht65-02,52.25,5.97326,3.019,28.62,53.9,25.12
2026-08-06 16:25:57,lht65-02,52.25,5.97326,3.023,28.38,56.2,25.12
2026-08-06 16:35:57,lht65-02,52.25,5.97326,3.023,27.82,56.7,25.12
2026-08-06 16:45:57,lht65-02,52.25,5.97326,3.023,27.05,57.2,25.06
2026-08-06 16:55:57,lht65-02,52.25,5.97326,3.023,26.44,54.5,25.06
2026-08-06 17:05:57,lht65-02,52.25,5.97326,3.019,25.57,53.8,25.0
2026-08-06 17:15:57,lht65-02,52.25,5.97326,3.023,24.68,53.4,24.93
2026-08-06 17:25:57,lht65-02,52.25,5.97326,3.023,23.87,62.4,24.93
2026-08-06 17:35:57,lht65-02,52.25,5.97326,3.021,23.21,70.6,24.81
2026-08-06 17:45:57,lht65-02,52.25,5.97326,3.023,22.67,75.2,24.81
2026-08-06 17:55:57,lht65-02,52.25,5.97326,3.025,22.28,76.8,24.68
2026-08-06 18:05:57,lht65-02,52.25,5.97326,3.025,21.8,78.8,24.62
2026-08-06 18:15:57,lht65-02,52.25,5.97326,3.027,21.38,80.6,24.56
2026-08-06 18:25:57,lht65-02,52.25,5.97326,3.025,21.01,81.6,24.43
2026-08-06 18:35:57,lht65-02,52.25,5.97326,3.025,20.61,81.9,24.31
2026-08-06 18:45:57,lht65-02,52.25,5.97326,3.027,20.21,82.5,24.25
2026-08-06 18:55:57,lht65-02,52.25,5.97326,3.025,19.86,82.7,24.12
2026-08-06 19:05:57,lht65-02,52.25,5.97326,3.027,19.4,83.1,24.06
2026-08-06 19:15:57,lht65-02,52.25,5.97326,3.029,18.93,83.8,23.93
2026-08-06 19:25:57,lht65-02,52.25,5.97326,3.029,18.45,84.0,23.81
2026-08-06 19:35:57,lht65-02,52.25,5.97326,3.027,17.95,84.2,23.75
2026-08-06 19:45:57,lht65-02,52.25,5.97326,3.027,17.42,85.4,23.62
2026-08-06 19:55:57,lht65-02,52.25,5.97326,3.027,17.01,85.2,23.5
2026-08-06 20:05:57,lht65-02,52.25,5.97326,3.029,16.56,85.6,23.43
2026-08-06 20:15:57,lht65-02,52.25,5.97326,3.027,16.19,86.4,23.31
2026-08-06 20:25:57,lht65-02,52.25,5.97326,3.025,15.82,86.9,23.18
2026-08-06 20:35:57,lht65-02,52.25,5.97326,3.025,15.53,87.5,23.06
2026-08-06 20:45:57,lht65-02,52.25,5.97326,3.023,15.34,88.2,22.93
2026-08-06 20:55:57,lht65-02,52.25,5.97326,3.023,15.18,88.8,22.81
2026-08-06 21:05:56,lht65-02,52.25,5.97326,3.023,15.05,89.3,22.75
2026-08-06 21:15:56,lht65-02,52.25,5.97326,2.969,14.9,89.4,22.62
2026-08-06 21:25:57,lht65-02,52.25,5.97326,3.012,14.76,89.5,22.56
2026-08-06 21:35:56,lht65-02,52.25,5.97326,3.016,14.65,89.8,22.43
2026-08-06 21:45:56,lht65-02,52.25,5.97326,3.012,14.52,90.0,22.31
2026-08-06 21:55:56,lht65-02,52.25,5.97326,3.012,14.43,90.3,22.25
2026-08-06 22:05:57,lht65-02,52.25,5.97326,3.016,14.32,90.5,22.12
2026-08-06 22:15:56,lht65-02,52.25,5.97326,3.014,14.31,90.6,22.06
2026-08-06 22:25:56,lht65-02,52.25,5.97326,2.871,14.3,90.6,21.93
2026-08-06 22:35:56,lht65-02,52.25,5.97326,3.012,14.11,90.6,21.87
2026-08-06 22:45:56,lht65-02,52.25,5.97326,3.012,14.0,91.0,21.75
2026-08-06 22:55:56,lht65-02,52.25,5.97326,3.014,13.87,90.9,21.68
2026-08-06 23:05:56,lht65-02,52.25,5.97326,3.012,13.72,90.9,21.62
2026-08-06 23:15:56,lht65-02,52.25,5.97326,2.778,13.66,91.3,21.43
2026-08-06 23:25:56,lht65-02,52.25,5.97326,3.014,13.67,92.1,21.43
2026-08-06 23:35:56,lht65-02,52.25,5.97326,3.014,13.66,92.5,21.37
2026-08-06 23:45:56,lht65-02,52.25,5.97326,3.012,13.61,92.7,21.31
2026-08-06 23:55:56,lht65-02,52.25,5.97326,3.01,13.63,93.0,21.18
2026-08-07 00:05:56,lht65-02,52.25,5.97326,3.012,13.8,94.2,21.12
2026-08-07 00:15:57,lht65-02,52.25,5.97326,3.012,14.0,96.5,21.06
2026-08-07 00:25:57,lht65-02,52.25,5.97326,3.009,14.09,98.1,21.0
2026-08-07 00:35:56,lht65-02,52.25,5.97326,3.012,14.14,98.7,20.93
2026-08-07 00:45:56,lht65-02,52.25,5.97326,3.014,14.3,98.9,20.87
2026-08-07 00:55:56,lht65-02,52.25,5.97326,3.009,14.31,99.3,20.81
2026-08-07 01:05:56,lht65-02,52.25,5.97326,3.012,14.39,100.0,20.75
2026-08-07 01:15:56,lht65-02,52.25,5.97326,3.009,14.31,100.0,20.68
2026-08-07 01:25:56,lht65-02,52.25,5.97326,3.005,14.3,99.7,20.62
2026-08-07 01:35:56,lht65-02,52.25,5.97326,3.005,14.01,98.9,20.56
2026-08-07 01:45:56,lht65-02,52.25,5.97326,3.009,13.9,98.7,20.56
2026-08-07 01:55:56,lht65-02,52.25,5.97326,3.009,13.77,98.6,20.5
2026-08-07 02:05:56,lht65-02,52.25,5.97326,3.009,13.69,98.6,20.43
2026-08-07 02:15:56,lht65-02,52.25,5.97326,3.009,13.62,98.8,20.37
2026-08-07 02:25:56,lht65-02,52.25,5.97326,3.007,13.68,99.3,20.37
2026-08-07 02:35:56,lht65-02,52.25,5.97326,3.009,13.82,99.8,20.31
2026-08-07 02:45:56,lht65-02,52.25,5.97326,3.012,13.91,100.0,20.25
2026-08-07 02:55:56,lht65-02,52.25,5.97326,3.001,14.06,100.0,20.18
2026-08-07 03:05:56,lht65-02,52.25,5.97326,2.998,14.3,100.0,20.12
2026-08-07 03:15:56,lht65-02,52.25,5.97326,3.016,14.47,100.0,20.12
2026-08-07 03:25:56,lht65-02,52.25,5.97326,3.016,14.7,100.0,20.06
2026-08-07 03:35:56,lht65-02,52.25,5.97326,3.014,14.9,100.0,20.0
2026-08-07 03:45:56,lht65-02,52.25,5.97326,3.016,15.08,100.0,20.0
2026-08-07 03:55:56,lht65-02,52.25,5.97326,3.016,15.18,100.0,20.0
2026-08-07 04:05:56,lht65-02,52.25,5.97326,3.016,15.23,100.0,19.93
2026-08-07 04:15:56,lht65-02,52.25,5.97326,3.014,15.31,100.0,19.93
2026-08-07 04:25:56,lht65-02,52.25,5.97326,3.016,15.39,100.0,19.87
2026-08-07 04:35:56,lht65-02,52.25,5.97326,3.016,15.48,100.0,19.87
2026-08-07 04:45:56,lht65-02,52.25,5.97326,3.016,15.59,100.0,19.81
2026-08-07 04:55:56,lht65-02,52.25,5.97326,3.014,15.74,100.0,19.81
2026-08-07 05:05:56,lht65-02,52.25,5.97326,3.016,15.97,100.0,19.81
2026-08-07 05:15:56,lht65-02,52.25,5.97326,3.016,16.18,100.0,19.81
2026-08-07 05:25:56,lht65-02,52.25,5.97326,3.014,16.39,100.0,19.75
2026-08-07 05:35:56,lht65-02,52.25,5.97326,3.014,16.66,100.0,19.75
2026-08-07 05:45:56,lht65-02,52.25,5.97326,3.016,16.98,100.0,19.75
2026-08-07 05:55:56,lht65-02,52.25,5.97326,3.014,17.37,100.0,19.75
2026-08-07 06:05:56,lht65-02,52.25,5.97326,3.012,17.84,100.0,19.75
2026-08-07 06:15:56,lht65-02,52.25,5.97326,3.012,18.33,100.0,19.75
2026-08-07 06:25:56,lht65-02,52.25,5.97326,3.009,18.78,100.0,19.81
2026-08-07 06:35:56,lht65-02,52.25,5.97326,3.01,19.21,100.0,19.75
2026-08-07 06:45:56,lht65-02,52.25,5.97326,3.009,19.47,100.0,19.81
2026-08-07 06:55:56,lht65-02,52.25,5.97326,3.019,19.5,90.5,19.81
2026-08-07 07:05:56,lht65-02,52.25,5.97326,3.016,19.66,91.9,19.81
2026-08-07 07:15:56,lht65-02,52.25,5.97326,3.016,19.84,89.3,19.87
2026-08-07 07:25:56,lht65-02,52.25,5.97326,3.012,19.86,86.1,19.87
2026-08-07 07:35:56,lht65-02,52.25,5.97326,3.0,20.28,91.7,19.93
2026-08-07 07:45:56,lht65-02,52.25,5.97326,2.992,20.93,92.2,19.93
2026-08-07 07:55:56,lht65-02,52.25,5.97326,2.966,21.68,91.9,19.93
2026-08-07 08:05:56,lht65-02,52.25,5.97326,2.931,22.59,91.3,19.93
2026-08-07 08:15:56,lht65-02,52.25,5.97326,2.938,23.58,89.5,20.0
2026-08-07 08:25:55,lht65-02,52.25,5.97326,2.843,24.78,88.9,20.06
2026-08-07 08:35:56,lht65-02,52.25,5.97326,3.016,26.13,86.6,20.12
2026-08-07 08:45:56,lht65-02,52.25,5.97326,3.012,27.89,89.7,20.18
2026-08-07 08:55:56,lht65-02,52.25,5.97326,3.019,28.47,69.1,20.31
2026-08-07 09:05:55,lht65-02,52.25,5.97326,3.016,27.56,71.0,20.37
2026-08-07 09:15:56,lht65-02,52.25,5.97326,3.019,27.16,72.0,20.5
2026-08-07 09:25:56,lht65-02,52.25,5.97326,3.019,27.02,66.1,20.62
2026-08-07 09:35:55,lht65-02,52.25,5.97326,3.019,26.56,70.2,20.75
2026-08-07 09:45:55,lht65-02,52.25,5.97326,3.019,26.2,73.4,20.81
2026-08-07 09:55:55,lht65-02,52.25,5.97326,3.019,25.94,72.8,20.93
2026-08-07 10:05:55,lht65-02,52.25,5.97326,3.019,25.67,75.1,21.0
2026-08-07 10:15:56,lht65-02,52.25,5.97326,3.019,25.49,76.2,21.12
2026-08-07 10:25:55,lht65-02,52.25,5.97326,3.019,24.83,74.7,21.12
2026-08-07 10:35:55,lht65-02,52.25,5.97326,3.018,23.44,74.0,21.25
2026-08-07 10:45:56,lht65-02,52.25,5.97326,3.019,22.05,78.8,21.25
2026-08-07 10:55:55,lht65-02,52.25,5.97326,3.021,21.38,82.2,21.31
2026-08-07 11:05:55,lht65-02,52.25,5.97326,3.021,21.09,85.1,21.31
2026-08-07 11:15:55,lht65-02,52.25,5.97326,3.021,21.4,86.9,21.31
2026-08-07 11:25:55,lht65-02,52.25,5.97326,3.021,22.19,88.2,21.31
2026-08-07 11:35:55,lht65-02,52.25,5.97326,3.019,23.5,89.4,21.31
2026-08-07 11:45:55,lht65-02,52.25,5.97326,3.016,25.32,90.1,21.37
2026-08-07 11:55:55,lht65-02,52.25,5.97326,3.018,27.06,88.5,21.37
2026-08-07 12:05:55,lht65-02,52.25,5.97326,3.018,28.19,85.9,21.43
2026-08-07 12:15:55,lht65-02,52.25,5.97326,3.016,28.31,73.9,21.5
2026-08-07 12:25:55,lht65-02,52.25,5.97326,3.018,27.88,71.8,21.62
2026-08-07 12:35:55,lht65-02,52.25,5.97326,3.016,27.22,73.3,21.68
2026-08-07 12:45:55,lht65-02,52.25,5.97326,3.016,26.91,73.6,21.81
2026-08-07 12:55:55,lht65-02,52.25,5.97326,3.019,26.85,73.6,21.87
2026-08-07 13:05:55,lht65-02,52.25,5.97326,3.019,26.77,73.4,21.93
2026-08-07 13:15:55,lht65-02,52.25,5.97326,3.016,26.72,74.5,22.0
2026-08-07 13:25:55,lht65-02,52.25,5.97326,3.016,26.58,73.5,22.06
2026-08-07 13:45:55,lht65-02,52.25,5.97326,3.016,26.93,75.4,22.18
2026-08-07 13:55:55,lht65-02,52.25,5.97326,3.016,28.21,74.9,22.18
2026-08-07 14:05:55,lht65-02,52.25,5.97326,3.005,30.1,74.0,22.25
2026-08-07 14:15:55,lht65-02,52.25,5.97326,2.992,31.15,44.7,22.31
2026-08-07 14:25:55,lht65-02,52.25,5.97326,3.016,28.41,49.1,22.43
2026-08-07 14:35:55,lht65-02,52.25,5.97326,3.016,26.2,51.5,22.5
2026-08-07 14:45:55,lht65-02,52.25,5.97326,3.016,26.1,66.5,22.62
2026-08-07 14:55:55,lht65-02,52.25,5.97326,3.016,26.26,69.2,22.75
2026-08-07 15:05:55,lht65-02,52.25,5.97326,3.018,26.31,70.0,22.75
2026-08-07 15:15:55,lht65-02,52.25,5.97326,3.016,26.13,72.0,22.81
2026-08-07 15:25:55,lht65-02,52.25,5.97326,3.016,26.1,72.5,22.81
2026-08-07 15:35:55,lht65-02,52.25,5.97326,3.016,26.33,73.7,22.87
2026-08-07 15:45:55,lht65-02,52.25,5.97326,3.016,26.9,71.8,22.93
2026-08-07 15:55:55,lht65-02,52.25,5.97326,3.019,26.79,71.4,22.93
2026-08-07 16:05:55,lht65-02,52.25,5.97326,3.016,26.55,70.4,23.0
2026-08-07 16:15:55,lht65-02,52.25,5.97326,3.016,26.11,71.7,23.0
2026-08-07 16:25:55,lht65-02,52.25,5.97326,3.016,26.09,71.0,23.0
2026-08-07 16:35:55,lht65-02,52.25,5.97326,3.016,25.83,71.0,23.06
2026-08-07 16:45:55,lht65-02,52.25,5.97326,3.016,26.11,73.3,23.06
2026-08-07 16:55:55,lht65-02,52.25,5.97326,3.018,26.68,72.3,23.06
2026-08-07 17:05:55,lht65-02,52.25,5.97326,3.016,26.85,71.5,23.06
2026-08-07 17:15:55,lht65-02,52.25,5.97326,3.016,26.56,71.9,23.12
2026-08-07 17:25:55,lht65-02,52.25,5.97326,3.016,26.12,74.4,23.18
2026-08-07 17:35:55,lht65-02,52.25,5.97326,3.016,25.82,71.3,23.18
2026-08-07 17:45:54,lht65-02,52.25,5.97326,3.016,24.98,70.7,23.18
2026-08-07 17:55:55,lht65-02,52.25,5.97326,3.016,24.23,72.4,23.25
2026-08-07 18:05:55,lht65-02,52.25,5.97326,3.019,23.29,74.3,23.25
2026-08-07 18:15:55,lht65-02,52.25,5.97326,3.016,22.41,78.6,23.18
2026-08-07 18:25:54,lht65-02,52.25,5.97326,3.016,21.76,80.5,23.18
2026-08-07 18:35:55,lht65-02,52.25,5.97326,3.016,21.22,82.4,23.12
2026-08-07 18:45:54,lht65-02,52.25,5.97326,3.016,20.66,83.2,23.12
2026-08-07 18:55:54,lht65-02,52.25,5.97326,3.016,20.1,84.1,23.06
2026-08-07 19:05:54,lht65-02,52.25,5.97326,3.016,19.65,83.9,23.0
2026-08-07 19:15:55,lht65-02,52.25,5.97326,3.016,19.02,84.4,23.0
2026-08-07 19:25:54,lht65-02,52.25,5.97326,3.016,18.45,84.7,22.87
2026-08-07 19:35:54,lht65-02,52.25,5.97326,3.016,17.84,84.9,22.81
2026-08-07 19:45:54,lht65-02,52.25,5.97326,3.016,17.25,85.6,22.75
2026-08-07 19:55:54,lht65-02,52.25,5.97326,3.019,16.73,85.8,22.68
2026-08-07 20:05:54,lht65-02,52.25,5.97326,3.019,16.19,86.5,22.62
2026-08-07 20:15:54,lht65-02,52.25,5.97326,3.019,15.76,87.2,22.56
2026-08-07 20:25:55,lht65-02,52.25,5.97326,3.012,15.41,88.0,22.43
2026-08-07 20:35:54,lht65-02,52.25,5.97326,3.012,15.11,88.3,22.37
2026-08-07 20:45:54,lht65-02,52.25,5.97326,3.016,14.81,88.6,22.31
2026-08-07 20:55:54,lht65-02,52.25,5.97326,3.01,14.51,88.7,22.18
2026-08-07 21:05:54,lht65-02,52.25,5.97326,3.014,14.31,88.9,22.12
2026-08-07 21:15:54,lht65-02,52.25,5.97326,3.016,14.07,89.4,22.06
2026-08-07 21:25:54,lht65-02,52.25,5.97326,3.012,13.78,89.4,21.93
2026-08-07 21:35:54,lht65-02,52.25,5.97326,3.0,13.54,89.6,21.87
2026-08-07 21:45:54,lht65-02,52.25,5.97326,3.01,13.37,90.0,21.81
2026-08-07 21:55:54,lht65-02,52.25,5.97326,3.009,13.21,90.3,21.75
2026-08-07 22:05:54,lht65-02,52.25,5.97326,2.991,13.01,90.3,21.62
2026-08-07 22:15:54,lht65-02,52.25,5.97326,3.012,12.83,90.4,21.56
2026-08-07 22:25:54,lht65-02,52.25,5.97326,3.005,12.65,90.4,21.43
2026-08-07 22:35:54,lht65-02,52.25,5.97326,3.005,12.47,90.6,21.43
2026-08-07 22:45:54,lht65-02,52.25,5.97326,2.976,12.34,90.9,21.31
2026-08-07 22:55:54,lht65-02,52.25,5.97326,3.005,12.23,91.1,21.25
2026-08-07 23:05:54,lht65-02,52.25,5.97326,3.005,12.1,91.3,21.18
2026-08-07 23:15:54,lht65-02,52.25,5.97326,3.001,11.96,91.4,21.12
2026-08-07 23:25:54,lht65-02,52.25,5.97326,2.945,11.85,91.4,21.0
2026-08-07 23:35:54,lht65-02,52.25,5.97326,3.0,11.7,91.4,20.93
2026-08-07 23:45:54,lht65-02,52.25,5.97326,2.991,11.55,91.5,20.87
2026-08-07 23:55:54,lht65-02,52.25,5.97326,3.005,11.45,91.5,20.81
2026-08-08 00:05:54,lht65-02,52.25,5.97326,3.009,11.33,91.6,20.75
2026-08-08 00:15:54,lht65-02,52.25,5.97326,3.01,11.22,91.8,20.68
2026-08-08 00:25:54,lht65-02,52.25,5.97326,3.009,11.09,91.9,20.62
2026-08-08 00:35:54,lht65-02,52.25,5.97326,3.007,10.99,91.9,20.56
2026-08-08 00:45:54,lht65-02,52.25,5.97326,3.005,10.9,92.1,20.5
2026-08-08 00:55:54,lht65-02,52.25,5.97326,2.996,10.8,92.2,20.43
2026-08-08 01:05:54,lht65-02,52.25,5.97326,3.0,10.69,92.2,20.37
2026-08-08 01:15:54,lht65-02,52.25,5.97326,2.929,10.62,92.2,20.31
2026-08-08 01:25:54,lht65-02,52.25,5.97326,3.014,10.52,92.4,20.25
2026-08-08 01:35:54,lht65-02,52.25,5.97326,3.016,10.45,92.5,20.18
2026-08-08 01:45:54,lht65-02,52.25,5.97326,3.012,10.38,92.7,20.12
2026-08-08 01:55:54,lht65-02,52.25,5.97326,3.012,10.32,92.8,20.06
2026-08-08 02:05:54,lht65-02,52.25,5.97326,3.012,10.23,92.9,20.0
2026-08-08 02:15:54,lht65-02,52.25,5.97326,3.012,10.15,92.9,19.93
2026-08-08 02:25:54,lht65-02,52.25,5.97326,3.012,10.06,92.9,19.87
2026-08-08 02:35:54,lht65-02,52.25,5.97326,3.012,9.97,92.9,19.81
2026-08-08 02:45:54,lht65-02,52.25,5.97326,2.964,9.88,93.0,19.75
2026-08-08 02:55:54,lht65-02,52.25,5.97326,3.019,9.83,93.1,19.75
2026-08-08 03:05:54,lht65-02,52.25,5.97326,3.019,9.75,93.3,19.68
2026-08-08 03:15:54,lht65-02,52.25,5.97326,3.019,9.7,93.4,19.62
2026-08-08 03:25:54,lht65-02,52.25,5.97326,3.019,9.64,93.5,19.56
2026-08-08 03:35:54,lht65-02,52.25,5.97326,3.019,9.61,93.7,19.56
2026-08-08 03:45:54,lht65-02,52.25,5.97326,3.019,9.58,94.0,19.5
2026-08-08 03:55:54,lht65-02,52.25,5.97326,3.019,9.54,94.1,19.43
2026-08-08 04:05:54,lht65-02,52.25,5.97326,3.019,9.48,94.1,19.37
2026-08-08 04:15:54,lht65-02,52.25,5.97326,3.014,9.43,94.1,19.31
2026-08-08 04:25:54,lht65-02,52.25,5.97326,3.016,9.42,94.2,19.31
2026-08-08 04:35:54,lht65-02,52.25,5.97326,3.019,9.48,94.4,19.25
2026-08-08 04:45:54,lht65-02,52.25,5.97326,3.019,9.62,94.8,19.18
2026-08-08 04:55:54,lht65-02,52.25,5.97326,3.016,9.93,95.9,19.12
2026-08-08 05:05:54,lht65-02,52.25,5.97326,3.018,10.3,97.5,19.12
2026-08-08 05:15:54,lht65-02,52.25,5.97326,3.019,10.66,99.0,19.06
2026-08-08 05:25:54,lht65-02,52.25,5.97326,3.016,11.14,100.0,19.0
2026-08-08 05:35:53,lht65-02,52.25,5.97326,3.019,11.68,100.0,19.0
2026-08-08 05:45:54,lht65-02,52.25,5.97326,3.016,12.34,100.0,19.0
2026-08-08 05:55:54,lht65-02,52.25,5.97326,3.019,13.21,100.0,19.0
2026-08-08 06:05:54,lht65-02,52.25,5.97326,3.019,14.2,100.0,18.93
2026-08-08 06:15:54,lht65-02,52.25,5.97326,3.019,15.04,100.0,18.93
2026-08-08 06:25:53,lht65-02,52.25,5.97326,3.016,16.0,100.0,18.93
2026-08-08 06:35:53,lht65-02,52.25,5.97326,3.016,17.09,100.0,19.0
2026-08-08 06:45:53,lht65-02,52.25,5.97326,3.012,18.26,100.0,19.0
2026-08-08 06:55:53,lht65-02,52.25,5.97326,2.822,19.52,100.0,19.0
2026-08-08 07:05:53,lht65-02,52.25,5.97326,3.021,20.81,100.0,19.12
2026-08-08 07:15:53,lht65-02,52.25,5.97326,3.019,22.2,97.3,19.18
2026-08-08 07:25:53,lht65-02,52.25,5.97326,3.021,23.58,88.1,19.25
2026-08-08 07:35:53,lht65-02,52.25,5.97326,3.016,24.67,84.1,19.37
2026-08-08 07:45:53,lht65-02,52.25,5.97326,3.016,25.61,71.4,19.5
2026-08-08 07:55:53,lht65-02,52.25,5.97326,3.005,26.35,70.5,19.56
2026-08-08 08:05:53,lht65-02,52.25,5.97326,3.0,27.16,66.9,19.68
2026-08-08 08:15:53,lht65-02,52.25,5.97326,2.95,27.63,64.5,19.81
2026-08-08 08:25:53,lht65-02,52.25,5.97326,2.871,28.26,64.1,19.93
2026-08-08 08:35:53,lht65-02,52.25,5.97326,3.009,27.9,59.8,20.06
2026-08-08 08:55:53,lht65-02,52.25,5.97326,3.016,27.68,62.4,20.31
2026-08-08 09:05:53,lht65-02,52.25,5.97326,3.019,27.72,55.1,20.5
2026-08-08 09:15:53,lht65-02,52.25,5.97326,3.019,27.72,58.5,20.62
2026-08-08 09:25:53,lht65-02,52.25,5.97326,3.016,28.29,58.0,20.75
2026-08-08 09:35:53,lht65-02,52.25,5.97326,2.825,28.49,57.1,20.81
2026-08-08 09:45:53,lht65-02,52.25,5.97326,2.938,28.87,50.0,20.93
2026-08-08 09:55:53,lht65-02,52.25,5.97326,3.014,28.47,42.2,21.12
2026-08-08 10:05:53,lht65-02,52.25,5.97326,3.014,28.08,44.3,21.25
2026-08-08 10:15:53,lht65-02,52.25,5.97326,3.012,28.07,44.1,21.37
2026-08-08 10:25:53,lht65-02,52.25,5.97326,3.012,29.05,55.2,21.5
2026-08-08 10:35:53,lht65-02,52.25,5.97326,2.907,29.39,40.7,21.56
2026-08-08 10:45:53,lht65-02,52.25,5.97326,3.016,29.16,47.5,21.75
2026-08-08 10:55:53,lht65-02,52.25,5.97326,3.016,29.46,41.7,21.87
2026-08-08 11:05:53,lht65-02,52.25,5.97326,3.001,29.96,48.4,21.93
2026-08-08 11:15:53,lht65-02,52.25,5.97326,2.959,30.37,36.6,22.06
2026-08-08 11:25:53,lht65-02,52.25,5.97326,2.962,29.63,42.7,22.18
2026-08-08 11:35:53,lht65-02,52.25,5.97326,2.989,29.27,36.4,22.25
2026-08-08 11:45:53,lht65-02,52.25,5.97326,2.952,29.5,57.2,22.37
2026-08-08 11:55:53,lht65-02,52.25,5.97326,2.902,30.81,39.5,22.43
2026-08-08 12:05:53,lht65-02,52.25,5.97326,3.021,30.12,38.8,22.62
2026-08-08 12:15:53,lht65-02,52.25,5.97326,3.021,29.49,39.0,22.68
2026-08-08 12:25:53,lht65-02,52.25,5.97326,3.021,29.84,51.7,22.81
2026-08-08 12:35:53,lht65-02,52.25,5.97326,3.016,31.34,36.4,22.87
2026-08-08 12:45:53,lht65-02,52.25,5.97326,3.019,31.01,38.4,23.0
2026-08-08 12:55:53,lht65-02,52.25,5.97326,3.023,30.4,37.7,23.12
2026-08-08 13:05:53,lht65-02,52.25,5.97326,3.021,30.1,39.1,23.18
2026-08-08 13:15:53,lht65-02,52.25,5.97326,3.023,30.31,37.2,23.31
2026-08-08 13:25:53,lht65-02,52.25,5.97326,3.023,30.26,37.1,23.43
2026-08-08 13:35:53,lht65-02,52.25,5.97326,3.023,30.55,36.1,23.56
2026-08-08 13:45:53,lht65-02,52.25,5.97326,3.023,30.55,37.5,23.68
2026-08-08 13:55:53,lht65-02,52.25,5.97326,3.021,30.32,36.0,23.81
2026-08-08 14:05:53,lht65-02,52.25,5.97326,3.023,30.22,39.0,23.93
2026-08-08 14:15:53,lht65-02,52.25,5.97326,3.021,30.2,38.5,24.0
2026-08-08 14:25:53,lht65-02,52.25,5.97326,3.023,30.69,39.4,24.12
2026-08-08 14:35:53,lht65-02,52.25,5.97326,3.023,29.97,37.0,24.18
2026-08-08 14:45:53,lht65-02,52.25,5.97326,3.023,29.6,41.0,24.31
2026-08-08 14:55:53,lht65-02,52.25,5.97326,3.021,30.45,45.7,24.37
2026-08-08 15:05:53,lht65-02,52.25,5.97326,3.021,29.99,36.6,24.37
2026-08-08 15:15:53,lht65-02,52.25,5.97326,3.019,29.33,38.9,24.43
2026-08-08 15:25:52,lht65-02,52.25,5.97326,3.021,29.1,38.1,24.5
2026-08-08 15:35:53,lht65-02,52.25,5.97326,3.019,29.53,44.3,24.5
2026-08-08 15:45:52,lht65-02,52.25,5.97326,3.021,29.45,37.3,24.5
2026-08-08 15:55:53,lht65-02,52.25,5.97326,3.021,28.65,38.6,24.56
2026-08-08 16:05:53,lht65-02,52.25,5.97326,3.019,28.54,40.8,24.56
2026-08-08 16:15:52,lht65-02,52.25,5.97326,3.019,28.47,51.5,24.56
2026-08-08 16:25:53,lht65-02,52.25,5.97326,3.019,29.0,52.6,24.56
2026-08-08 16:35:52,lht65-02,52.25,5.97326,3.019,29.11,56.2,24.56
2026-08-08 16:45:52,lht65-02,52.25,5.97326,3.019,29.26,56.7,24.56
2026-08-08 16:55:52,lht65-02,52.25,5.97326,3.021,29.12,58.5,24.56
2026-08-08 17:05:52,lht65-02,52.25,5.97326,3.021,28.79,61.2,24.62
2026-08-08 17:15:52,lht65-02,52.25,5.97326,3.021,28.08,57.8,24.56
2026-08-08 17:25:52,lht65-02,52.25,5.97326,3.021,27.31,59.0,24.62
2026-08-08 17:35:52,lht65-02,52.25,5.97326,3.019,26.44,59.6,24.62
2026-08-08 17:45:52,lht65-02,52.25,5.97326,3.021,25.63,67.9,24.56
2026-08-08 17:55:52,lht65-02,52.25,5.97326,3.019,24.93,69.3,24.56
2026-08-08 18:05:52,lht65-02,52.25,5.97326,3.021,24.19,68.8,24.5
2026-08-08 18:15:52,lht65-02,52.25,5.97326,3.019,23.51,72.7,24.5
2026-08-08 18:25:52,lht65-02,52.25,5.97326,3.019,22.82,77.1,24.43
2026-08-08 18:35:52,lht65-02,52.25,5.97326,3.019,22.27,79.8,24.31
2026-08-08 18:45:52,lht65-02,52.25,5.97326,3.019,21.81,81.8,24.25
2026-08-08 18:55:52,lht65-02,52.25,5.97326,3.019,21.37,82.8,24.18
2026-08-08 19:05:52,lht65-02,52.25,5.97326,3.019,20.87,83.6,24.12
2026-08-08 19:15:52,lht65-02,52.25,5.97326,3.019,20.39,84.5,24.06
2026-08-08 19:25:52,lht65-02,52.25,5.97326,3.019,19.86,84.4,23.93
2026-08-08 19:35:52,lht65-02,52.25,5.97326,3.019,19.33,84.4,23.87
2026-08-08 19:45:52,lht65-02,52.25,5.97326,3.016,18.76,83.6,23.81
2026-08-08 19:55:52,lht65-02,52.25,5.97326,3.018,18.27,83.0,23.75
2026-08-08 20:05:52,lht65-02,52.25,5.97326,3.014,17.76,82.2,23.62
2026-08-08 20:15:52,lht65-02,52.25,5.97326,3.014,17.37,83.0,23.56
2026-08-08 20:25:52,lht65-02,52.25,5.97326,3.012,16.99,84.0,23.5
2026-08-08 20:35:52,lht65-02,52.25,5.97326,3.007,16.53,84.7,23.37
2026-08-08 20:45:52,lht65-02,52.25,5.97326,2.994,16.08,83.8,23.31
2026-08-08 20:55:52,lht65-02,52.25,5.97326,3.0,15.76,83.5,23.18
2026-08-08 21:05:52,lht65-02,52.25,5.97326,3.009,15.5,83.6,23.12
2026-08-08 21:15:52,lht65-02,52.25,5.97326,3.012,15.26,84.0,23.0
2026-08-08 21:25:52,lht65-02,52.25,5.97326,3.016,14.98,83.7,22.87
2026-08-08 21:35:52,lht65-02,52.25,5.97326,3.012,14.7,85.3,22.81
2026-08-08 21:45:52,lht65-02,52.25,5.97326,3.009,14.46,86.9,22.68
2026-08-08 21:55:52,lht65-02,52.25,5.97326,3.016,14.31,88.5,22.62
2026-08-08 22:05:52,lht65-02,52.25,5.97326,3.014,14.31,89.5,22.56
2026-08-08 22:15:52,lht65-02,52.25,5.97326,3.014,14.3,90.5,22.43
2026-08-08 22:25:52,lht65-02,52.25,5.97326,3.016,14.31,91.6,22.37
2026-08-08 22:35:52,lht65-02,52.25,5.97326,3.019,14.41,92.6,22.25
2026-08-08 22:45:52,lht65-02,52.25,5.97326,3.019,14.49,93.2,22.18
2026-08-08 22:55:52,lht65-02,52.25,5.97326,3.016,14.54,93.7,22.12
2026-08-08 23:05:52,lht65-02,52.25,5.97326,3.016,14.54,93.7,22.06
2026-08-08 23:15:52,lht65-02,52.25,5.97326,3.016,14.49,93.3,22.0
2026-08-08 23:25:52,lht65-02,52.25,5.97326,3.016,14.32,92.7,21.87
2026-08-08 23:35:52,lht65-02,52.25,5.97326,3.016,14.31,92.2,21.81
2026-08-08 23:45:52,lht65-02,52.25,5.97326,3.019,14.06,92.0,21.81
2026-08-08 23:55:52,lht65-02,52.25,5.97326,3.001,13.88,92.1,21.68
2026-08-09 00:05:52,lht65-02,52.25,5.97326,3.009,13.71,92.1,21.62
2026-08-09 00:15:52,lht65-02,52.25,5.97326,3.005,13.53,92.1,21.56
2026-08-09 00:25:52,lht65-02,52.25,5.97326,3.005,13.36,92.1,21.5
2026-08-09 00:35:52,lht65-02,52.25,5.97326,3.009,13.21,92.3,21.43
2026-08-09 00:45:52,lht65-02,52.25,5.97326,3.016,13.08,92.5,21.37
2026-08-09 00:55:52,lht65-02,52.25,5.97326,3.014,12.96,92.8,21.31
2026-08-09 01:05:52,lht65-02,52.25,5.97326,3.016,12.88,92.9,21.31
2026-08-09 01:15:52,lht65-02,52.25,5.97326,3.016,12.78,93.1,21.18
2026-08-09 01:25:52,lht65-02,52.25,5.97326,3.016,12.67,93.0,21.18
2026-08-09 01:35:52,lht65-02,52.25,5.97326,3.012,12.57,93.1,21.06
2026-08-09 01:45:52,lht65-02,52.25,5.97326,3.019,12.51,93.3,21.06
2026-08-09 01:55:51,lht65-02,52.25,5.97326,3.019,12.45,93.5,21.0
2026-08-09 02:05:52,lht65-02,52.25,5.97326,3.019,12.42,93.6,20.93
2026-08-09 02:15:52,lht65-02,52.25,5.97326,3.016,12.37,93.7,20.87
2026-08-09 02:25:51,lht65-02,52.25,5.97326,3.018,12.3,93.8,20.81
2026-08-09 02:35:52,lht65-02,52.25,5.97326,3.016,12.26,93.8,20.75
2026-08-09 02:45:52,lht65-02,52.25,5.97326,3.016,12.22,93.9,20.68
2026-08-09 02:55:52,lht65-02,52.25,5.97326,3.016,12.11,93.7,20.62
2026-08-09 03:05:51,lht65-02,52.25,5.97326,3.016,11.99,93.6,20.56
2026-08-09 03:15:52,lht65-02,52.25,5.97326,2.975,11.92,93.7,20.56
2026-08-09 03:25:52,lht65-02,52.25,5.97326,3.009,11.84,93.8,20.5
2026-08-09 03:35:51,lht65-02,52.25,5.97326,3.014,11.73,93.7,20.43
2026-08-09 03:45:51,lht65-02,52.25,5.97326,3.009,11.61,93.7,20.37
2026-08-09 03:55:51,lht65-02,52.25,5.97326,3.01,11.55,93.9,20.31
2026-08-09 04:05:52,lht65-02,52.25,5.97326,3.014,11.54,94.0,20.31
2026-08-09 04:15:51,lht65-02,52.25,5.97326,3.019,11.49,94.0,20.18
2026-08-09 04:25:51,lht65-02,52.25,5.97326,3.016,11.49,94.2,20.18
2026-08-09 04:35:51,lht65-02,52.25,5.97326,3.016,11.54,94.3,20.12
2026-08-09 04:45:51,lht65-02,52.25,5.97326,3.016,11.63,94.6,20.06
2026-08-09 04:55:51,lht65-02,52.25,5.97326,3.016,11.92,95.2,20.06
2026-08-09 05:05:51,lht65-02,52.25,5.97326,3.019,12.26,96.4,20.0
2026-08-09 05:15:51,lht65-02,52.25,5.97326,3.019,12.68,97.7,20.0
2026-08-09 05:25:51,lht65-02,52.25,5.97326,3.019,13.15,99.4,19.93
2026-08-09 05:35:51,lht65-02,52.25,5.97326,3.019,13.65,100.0,19.93
2026-08-09 05:45:51,lht65-02,52.25,5.97326,3.021,14.3,100.0,19.87
2026-08-09 06:05:51,lht65-02,52.25,5.97326,3.012,15.9,100.0,19.87
2026-08-09 06:15:51,lht65-02,52.25,5.97326,2.994,16.83,100.0,19.87
2026-08-09 06:25:51,lht65-02,52.25,5.97326,3.009,17.81,100.0,19.87
2026-08-09 06:35:51,lht65-02,52.25,5.97326,3.005,18.92,100.0,19.87
2026-08-09 06:45:51,lht65-02,52.25,5.97326,2.991,20.12,100.0,19.87
2026-08-09 06:55:51,lht65-02,52.25,5.97326,3.01,21.42,100.0,19.93
2026-08-09 07:05:51,lht65-02,52.25,5.97326,3.01,22.7,100.0,20.0
2026-08-09 07:15:51,lht65-02,52.25,5.97326,3.012,24.09,97.1,20.06
2026-08-09 07:25:51,lht65-02,52.25,5.97326,3.009,25.46,93.2,20.12
2026-08-09 07:35:51,lht65-02,52.25,5.97326,3.007,26.85,91.0,20.25
2026-08-09 07:45:51,lht65-02,52.25,5.97326,3.005,28.09,89.8,20.31
2026-08-09 07:55:51,lht65-02,52.25,5.97326,2.885,29.36,75.2,20.43
2026-08-09 08:05:51,lht65-02,52.25,5.97326,2.824,30.15,71.3,20.56
2026-08-09 08:15:51,lht65-02,52.25,5.97326,2.98,30.82,65.0,20.68
2026-08-09 08:25:51,lht65-02,52.25,5.97326,2.983,31.19,66.5,20.87
2026-08-09 08:35:51,lht65-02,52.25,5.97326,3.0,31.2,45.3,21.0
2026-08-09 08:45:51,lht65-02,52.25,5.97326,3.007,30.41,45.2,21.12
2026-08-09 08:55:51,lht65-02,52.25,5.97326,3.005,29.81,42.9,21.31
2026-08-09 09:05:51,lht65-02,52.25,5.97326,3.005,30.13,54.5,21.43
2026-08-09 09:15:51,lht65-02,52.25,5.97326,2.892,31.33,44.4,21.5
2026-08-09 09:25:51,lht65-02,52.25,5.97326,3.019,31.19,39.7,21.62
2026-08-09 09:35:51,lht65-02,52.25,5.97326,3.019,31.23,37.6,21.81
2026-08-09 09:45:51,lht65-02,52.25,5.97326,3.019,31.07,39.4,21.93
2026-08-09 09:55:51,lht65-02,52.25,5.97326,3.019,31.18,40.5,22.06
2026-08-09 10:05:51,lht65-02,52.25,5.97326,3.016,31.84,43.9,22.18
2026-08-09 10:15:51,lht65-02,52.25,5.97326,3.018,32.61,46.7,22.31
2026-08-09 10:25:51,lht65-02,52.25,5.97326,2.962,33.01,51.1,22.43
2026-08-09 10:35:51,lht65-02,52.25,5.97326,3.009,33.48,38.3,22.56
2026-08-09 10:45:51,lht65-02,52.25,5.97326,3.009,33.23,36.7,22.68
2026-08-09 10:55:51,lht65-02,52.25,5.97326,3.01,32.71,38.2,22.81
2026-08-09 11:05:51,lht65-02,52.25,5.97326,3.01,32.88,47.5,22.93
2026-08-09 11:15:51,lht65-02,52.25,5.97326,3.009,33.45,44.2,23.06
2026-08-09 11:25:51,lht65-02,52.25,5.97326,3.009,33.57,41.5,23.12
2026-08-09 11:35:51,lht65-02,52.25,5.97326,3.005,34.22,39.5,23.25
2026-08-09 11:45:51,lht65-02,52.25,5.97326,3.016,34.47,37.7,23.31
2026-08-09 11:55:51,lht65-02,52.25,5.97326,3.016,34.56,39.6,23.43
2026-08-09 12:05:51,lht65-02,52.25,5.97326,3.016,34.65,38.3,23.56
2026-08-09 12:15:51,lht65-02,52.25,5.97326,3.016,34.68,41.6,23.68
2026-08-09 12:25:51,lht65-02,52.25,5.97326,3.001,34.78,41.3,23.81
2026-08-09 12:35:51,lht65-02,52.25,5.97326,3.016,34.68,43.1,23.87
2026-08-09 12:55:50,lht65-02,52.25,5.97326,3.016,34.95,33.7,24.12
2026-08-09 13:05:51,lht65-02,52.25,5.97326,3.016,35.14,38.7,24.25
2026-08-09 13:15:51,lht65-02,52.25,5.97326,3.016,35.19,33.3,24.31
2026-08-09 13:25:51,lht65-02,52.25,5.97326,3.019,35.07,35.1,24.43
2026-08-09 13:35:50,lht65-02,52.25,5.97326,3.001,35.42,35.9,24.56
2026-08-09 13:55:51,lht65-02,52.25,5.97326,3.012,35.77,31.3,24.81
2026-08-09 14:05:50,lht65-02,52.25,5.97326,3.014,35.49,38.0,24.93
2026-08-09 14:15:50,lht65-02,52.25,5.97326,3.014,34.78,37.0,25.06
2026-08-09 14:25:50,lht65-02,52.25,5.97326,3.01,34.33,42.6,25.12
2026-08-09 14:35:50,lht65-02,52.25,5.97326,3.014,34.28,42.4,25.25
2026-08-09 14:45:50,lht65-02,52.25,5.97326,3.014,33.98,38.0,25.31
2026-08-09 14:55:50,lht65-02,52.25,5.97326,3.014,33.88,40.7,25.31
2026-08-09 15:05:51,lht65-02,52.25,5.97326,3.012,33.98,39.6,25.43
2026-08-09 15:15:50,lht65-02,52.25,5.97326,3.012,32.82,39.1,25.43
2026-08-09 15:25:50,lht65-02,52.25,5.97326,3.01,31.8,40.1,25.5
2026-08-09 15:35:50,lht65-02,52.25,5.97326,3.005,30.96,41.6,25.5
2026-08-09 15:45:50,lht65-02,52.25,5.97326,3.007,30.23,40.9,25.5
2026-08-09 15:55:50,lht65-02,52.25,5.97326,3.007,29.83,44.8,25.56
2026-08-09 16:05:50,lht65-02,52.25,5.97326,2.994,29.6,50.7,25.5
2026-08-09 16:15:50,lht65-02,52.25,5.97326,3.001,29.45,47.6,25.5
2026-08-09 16:25:50,lht65-02,52.25,5.97326,3.005,29.12,53.3,25.5
2026-08-09 16:35:50,lht65-02,52.25,5.97326,3.003,28.61,55.7,25.43
2026-08-09 16:45:50,lht65-02,52.25,5.97326,3.005,28.08,60.2,25.43
2026-08-09 16:55:50,lht65-02,52.25,5.97326,2.973,27.67,62.8,25.37
2026-08-09 17:05:50,lht65-02,52.25,5.97326,3.0,27.5,62.8,25.31
2026-08-09 17:15:50,lht65-02,52.25,5.97326,2.994,27.64,64.5,25.31
2026-08-09 17:25:50,lht65-02,52.25,5.97326,2.996,27.73,59.9,25.25
2026-08-09 17:35:50,lht65-02,52.25,5.97326,3.0,27.67,59.2,25.25
2026-08-09 17:45:50,lht65-02,52.25,5.97326,3.0,27.58,65.3,25.18
2026-08-09 17:55:50,lht65-02,52.25,5.97326,2.998,27.35,67.0,25.12
2026-08-09 18:05:50,lht65-02,52.25,5.97326,2.998,27.02,67.8,25.12
2026-08-09 18:15:50,lht65-02,52.25,5.97326,2.992,26.63,68.4,25.06
2026-08-09 18:25:50,lht65-02,52.25,5.97326,2.987,26.26,70.1,25.0
2026-08-09 18:35:50,lht65-02,52.25,5.97326,2.996,25.89,68.5,25.0
2026-08-09 18:45:50,lht65-02,52.25,5.97326,2.982,25.44,70.2,24.93
2026-08-09 18:55:50,lht65-02,52.25,5.97326,2.996,25.05,72.5,24.87
2026-08-09 19:05:50,lht65-02,52.25,5.97326,3.009,24.64,72.2,24.87
2026-08-09 19:15:50,lht65-02,52.25,5.97326,3.009,24.25,73.9,24.81
2026-08-09 19:25:50,lht65-02,52.25,5.97326,3.016,23.88,74.1,24.75
2026-08-09 19:35:50,lht65-02,52.25,5.97326,3.01,23.52,63.3,24.68
2026-08-09 19:45:50,lht65-02,52.25,5.97326,3.009,23.19,66.4,24.62
2026-08-09 19:55:50,lht65-02,52.25,5.97326,2.998,22.9,69.6,24.56
2026-08-09 20:05:50,lht65-02,52.25,5.97326,2.973,22.59,71.1,24.5
2026-08-09 20:15:50,lht65-02,52.25,5.97326,2.982,22.27,68.9,24.43
2026-08-09 20:25:50,lht65-02,52.25,5.97326,2.962,22.0,72.4,24.37
2026-08-09 20:35:50,lht65-02,52.25,5.97326,2.998,21.75,69.8,24.31
2026-08-09 20:45:50,lht65-02,52.25,5.97326,2.938,21.44,75.0,24.18
2026-08-09 20:55:50,lht65-02,52.25,5.97326,3.005,21.07,77.1,24.12
2026-08-09 21:05:50,lht65-02,52.25,5.97326,3.007,20.69,78.7,24.12
2026-08-09 21:15:50,lht65-02,52.25,5.97326,3.014,20.26,80.7,24.06
2026-08-09 21:25:50,lht65-02,52.25,5.97326,3.016,19.86,82.0,24.0
2026-08-09 21:35:50,lht65-02,52.25,5.97326,3.001,19.54,81.4,23.87
2026-08-09 21:45:50,lht65-02,52.25,5.97326,3.009,19.19,82.8,23.81
2026-08-09 21:55:49,lht65-02,52.25,5.97326,2.948,18.92,82.5,23.75
2026-08-09 22:05:50,lht65-02,52.25,5.97326,3.01,18.73,83.1,23.68
2026-08-09 22:15:50,lht65-02,52.25,5.97326,3.012,18.56,83.5,23.62
2026-08-09 22:25:49,lht65-02,52.25,5.97326,3.012,18.45,83.6,23.5
2026-08-09 22:35:50,lht65-02,52.25,5.97326,3.009,18.29,81.8,23.43
2026-08-09 22:45:50,lht65-02,52.25,5.97326,2.998,18.18,82.4,23.37
2026-08-09 22:55:49,lht65-02,52.25,5.97326,3.012,18.05,82.6,23.31
2026-08-09 23:05:50,lht65-02,52.25,5.97326,3.014,18.0,83.3,23.25
2026-08-09 23:15:50,lht65-02,52.25,5.97326,3.012,18.0,84.9,23.18
2026-08-09 23:25:50,lht65-02,52.25,5.97326,3.012,18.17,85.6,23.12
2026-08-09 23:35:49,lht65-02,52.25,5.97326,3.014,18.43,85.7,23.06
2026-08-09 23:45:49,lht65-02,52.25,5.97326,3.014,18.66,81.6,23.0
2026-08-09 23:55:49,lht65-02,52.25,5.97326,3.012,18.81,78.3,22.93
2026-08-10 00:05:50,lht65-02,52.25,5.97326,3.014,18.81,77.4,22.87
2026-08-10 00:15:49,lht65-02,52.25,5.97326,3.016,18.69,76.7,22.87
2026-08-10 00:25:49,lht65-02,52.25,5.97326,3.014,18.45,75.6,22.81
2026-08-10 00:35:49,lht65-02,52.25,5.97326,3.014,18.24,76.2,22.75
2026-08-10 00:45:49,lht65-02,52.25,5.97326,3.014,18.0,78.4,22.68
2026-08-10 00:55:49,lht65-02,52.25,5.97326,3.016,17.74,78.6,22.62
2026-08-10 01:05:49,lht65-02,52.25,5.97326,3.012,17.52,78.5,22.62
2026-08-10 01:15:49,lht65-02,52.25,5.97326,3.012,17.35,80.0,22.56
2026-08-10 01:25:49,lht65-02,52.25,5.97326,3.009,17.17,80.1,22.5
2026-08-10 01:35:49,lht65-02,52.25,5.97326,3.016,17.05,80.7,22.43
2026-08-10 01:45:50,lht65-02,52.25,5.97326,3.016,16.87,82.1,22.37
2026-08-10 01:55:49,lht65-02,52.25,5.97326,3.01,16.73,82.7,22.31
2026-08-10 02:05:49,lht65-02,52.25,5.97326,3.016,16.56,82.3,22.31
2026-08-10 02:15:49,lht65-02,52.25,5.97326,3.009,16.46,84.7,22.18
2026-08-10 02:25:49,lht65-02,52.25,5.97326,3.005,16.35,85.2,22.18
2026-08-10 02:35:49,lht65-02,52.25,5.97326,3.016,16.22,85.3,22.12
2026-08-10 02:45:49,lht65-02,52.25,5.97326,3.014,16.1,85.0,22.12
2026-08-10 02:55:49,lht65-02,52.25,5.97326,3.018,15.97,84.1,22.0
2026-08-10 03:05:49,lht65-02,52.25,5.97326,3.014,15.83,84.6,22.0
2026-08-10 03:15:49,lht65-02,52.25,5.97326,3.012,15.74,85.6,21.93
2026-08-10 03:25:49,lht65-02,52.25,5.97326,3.019,15.66,85.7,21.87
2026-08-10 03:35:49,lht65-02,52.25,5.97326,3.016,15.59,82.9,21.81
2026-08-10 03:45:49,lht65-02,52.25,5.97326,3.019,15.54,84.3,21.75
2026-08-10 03:55:49,lht65-02,52.25,5.97326,3.019,15.49,85.2,21.75
2026-08-10 04:05:49,lht65-02,52.25,5.97326,3.018,15.46,85.9,21.68
2026-08-10 04:15:49,lht65-02,52.25,5.97326,3.019,15.43,86.8,21.62
2026-08-10 04:25:49,lht65-02,52.25,5.97326,3.019,15.48,88.0,21.56
2026-08-10 04:35:49,lht65-02,52.25,5.97326,3.019,15.61,89.6,21.56
2026-08-10 04:45:49,lht65-02,52.25,5.97326,3.019,15.77,90.9,21.5
2026-08-10 04:55:49,lht65-02,52.25,5.97326,3.019,16.03,92.3,21.43
2026-08-10 05:05:49,lht65-02,52.25,5.97326,3.019,16.33,93.7,21.43
2026-08-10 05:15:49,lht65-02,52.25,5.97326,3.019,16.7,95.5,21.37
2026-08-10 05:25:49,lht65-02,52.25,5.97326,3.019,17.09,97.1,21.37
2026-08-10 05:35:49,lht65-02,52.25,5.97326,3.021,17.59,98.1,21.37
2026-08-10 05:45:49,lht65-02,52.25,5.97326,3.019,18.29,99.7,21.31
2026-08-10 05:55:49,lht65-02,52.25,5.97326,3.018,19.23,100.0,21.31
2026-08-10 06:05:49,lht65-02,52.25,5.97326,3.014,20.17,100.0,21.31
2026-08-10 06:15:49,lht65-02,52.25,5.97326,3.009,21.0,100.0,21.31
2026-08-10 06:25:49,lht65-02,52.25,5.97326,3.012,21.68,100.0,21.31
2026-08-10 06:35:49,lht65-02,52.25,5.97326,3.005,22.41,100.0,21.37
2026-08-10 06:45:49,lht65-02,52.25,5.97326,3.001,23.24,99.7,21.37
2026-08-10 06:55:49,lht65-02,52.25,5.97326,2.978,24.11,98.4,21.43
2026-08-10 07:05:49,lht65-02,52.25,5.97326,2.985,24.92,96.2,21.5
2026-08-10 07:15:49,lht65-02,52.25,5.97326,3.016,25.57,92.9,21.5
2026-08-10 07:25:49,lht65-02,52.25,5.97326,3.018,26.56,93.0,21.56
2026-08-10 07:35:49,lht65-02,52.25,5.97326,3.016,27.72,92.8,21.68
2026-08-10 07:45:49,lht65-02,52.25,5.97326,3.012,28.34,78.2,21.75
2026-08-10 07:55:49,lht65-02,52.25,5.97326,3.014,28.74,75.5,21.81
2026-08-10 08:05:49,lht65-02,52.25,5.97326,3.01,29.26,75.6,21.93
2026-08-10 08:15:48,lht65-02,52.25,5.97326,3.009,30.03,74.6,22.06
2026-08-10 08:25:49,lht65-02,52.25,5.97326,3.009,30.83,70.3,22.12
2026-08-10 08:35:49,lht65-02,52.25,5.97326,3.012,30.83,58.1,22.25
2026-08-10 08:45:49,lht65-02,52.25,5.97326,3.009,29.36,58.2,22.37
2026-08-10 08:55:49,lht65-02,52.25,5.97326,3.007,28.87,61.2,22.43
2026-08-10 09:05:48,lht65-02,52.25,5.97326,3.016,29.15,68.0,22.56
2026-08-10 09:15:48,lht65-02,52.25,5.97326,3.014,30.17,67.0,22.68
2026-08-10 09:25:48,lht65-02,52.25,5.97326,3.014,30.83,52.5,22.75
2026-08-10 09:35:48,lht65-02,52.25,5.97326,3.012,30.37,56.5,22.87
2026-08-10 09:45:48,lht65-02,52.25,5.97326,3.014,29.49,53.2,23.0
2026-08-10 09:55:48,lht65-02,52.25,5.97326,3.012,29.42,64.8,23.06
2026-08-10 10:05:48,lht65-02,52.25,5.97326,3.009,30.83,63.8,23.12
2026-08-10 10:15:48,lht65-02,52.25,5.97326,3.012,30.82,52.7,23.25
2026-08-10 10:25:48,lht65-02,52.25,5.97326,3.012,30.51,49.1,23.37
2026-08-10 10:35:48,lht65-02,52.25,5.97326,3.014,30.44,55.6,23.43
2026-08-10 10:45:48,lht65-02,52.25,5.97326,3.012,30.83,58.7,23.56
2026-08-10 10:55:48,lht65-02,52.25,5.97326,3.012,30.42,48.5,23.62
2026-08-10 11:05:48,lht65-02,52.25,5.97326,3.014,28.91,54.5,23.68
2026-08-10 11:15:48,lht65-02,52.25,5.97326,3.01,28.08,54.2,23.81
2026-08-10 11:25:48,lht65-02,52.25,5.97326,3.012,28.42,61.7,23.87
2026-08-10 11:35:48,lht65-02,52.25,5.97326,3.012,29.27,69.7,23.93
2026-08-10 11:45:48,lht65-02,52.25,5.97326,3.012,31.2,48.1,24.0
2026-08-10 11:55:48,lht65-02,52.25,5.97326,3.016,30.38,56.2,24.0
2026-08-10 12:05:48,lht65-02,52.25,5.97326,3.016,29.65,54.6,24.06
2026-08-10 12:15:48,lht65-02,52.25,5.97326,3.016,28.53,62.5,24.12
2026-08-10 12:25:48,lht65-02,52.25,5.97326,3.016,30.33,71.9,24.18
2026-08-10 12:35:48,lht65-02,52.25,5.97326,3.016,30.44,59.4,24.25
2026-08-10 12:45:48,lht65-02,52.25,5.97326,3.016,30.17,59.2,24.31
2026-08-10 12:55:48,lht65-02,52.25,5.97326,3.016,30.23,52.2,24.37
2026-08-10 13:05:48,lht65-02,52.25,5.97326,3.016,30.3,61.8,24.43
2026-08-10 13:15:48,lht65-02,52.25,5.97326,3.016,31.57,51.3,24.5
2026-08-10 13:25:48,lht65-02,52.25,5.97326,3.016,30.39,56.9,24.56
2026-08-10 13:35:48,lht65-02,52.25,5.97326,3.016,30.32,56.1,24.68
2026-08-10 13:45:48,lht65-02,52.25,5.97326,3.016,30.41,56.6,24.75
2026-08-10 13:55:48,lht65-02,52.25,5.97326,3.016,31.63,54.7,24.81
2026-08-10 14:05:48,lht65-02,52.25,5.97326,3.016,31.77,45.0,24.93
2026-08-10 14:15:48,lht65-02,52.25,5.97326,3.016,30.37,49.6,25.0
2026-08-10 14:25:48,lht65-02,52.25,5.97326,3.016,29.72,52.7,25.06
2026-08-10 14:35:48,lht65-02,52.25,5.97326,3.016,30.83,58.1,25.12
2026-08-10 14:45:48,lht65-02,52.25,5.97326,3.016,31.37,50.4,25.18
2026-08-10 14:55:48,lht65-02,52.25,5.97326,3.016,30.27,46.0,25.25
2026-08-10 15:05:48,lht65-02,52.25,5.97326,3.016,29.53,49.0,25.31
2026-08-10 15:15:48,lht65-02,52.25,5.97326,3.016,29.56,57.5,25.31
2026-08-10 15:25:48,lht65-02,52.25,5.97326,3.018,30.83,56.4,25.37
2026-08-10 15:35:48,lht65-02,52.25,5.97326,3.016,30.38,49.3,25.37
2026-08-10 15:45:48,lht65-02,52.25,5.97326,3.016,29.2,49.0,25.37
2026-08-10 15:55:48,lht65-02,52.25,5.97326,3.016,28.08,52.2,25.43
2026-08-10 16:05:48,lht65-02,52.25,5.97326,3.016,27.93,59.5,25.43
2026-08-10 16:15:48,lht65-02,52.25,5.97326,3.016,27.78,60.4,25.43
2026-08-10 16:25:48,lht65-02,52.25,5.97326,3.016,27.48,64.3,25.43
2026-08-10 16:35:48,lht65-02,52.25,5.97326,3.016,27.19,64.2,25.43
2026-08-10 16:45:48,lht65-02,52.25,5.97326,3.016,26.65,62.5,25.37
2026-08-10 16:55:48,lht65-02,52.25,5.97326,3.016,26.41,63.4,25.37
2026-08-10 17:05:48,lht65-02,52.25,5.97326,3.016,26.06,64.0,25.31
2026-08-10 17:15:48,lht65-02,52.25,5.97326,3.016,25.44,63.4,25.31
2026-08-10 17:25:48,lht65-02,52.25,5.97326,3.016,24.66,67.4,25.25
2026-08-10 17:35:48,lht65-02,52.25,5.97326,3.016,23.96,67.4,25.25
2026-08-10 17:45:47,lht65-02,52.25,5.97326,3.014,23.3,72.7,25.18
2026-08-10 17:55:48,lht65-02,52.25,5.97326,3.016,22.8,76.2,25.12
2026-08-10 18:05:48,lht65-02,52.25,5.97326,3.016,22.5,78.6,25.06
2026-08-10 18:15:47,lht65-02,52.25,5.97326,3.018,22.24,80.1,25.0
2026-08-10 18:25:48,lht65-02,52.25,5.97326,3.016,21.96,81.1,24.93
2026-08-10 18:35:48,lht65-02,52.25,5.97326,3.016,21.65,81.4,24.87
2026-08-10 18:45:48,lht65-02,52.25,5.97326,3.016,21.26,81.7,24.81
2026-08-10 18:55:47,lht65-02,52.25,5.97326,3.016,20.85,82.3,24.75
2026-08-10 19:05:47,lht65-02,52.25,5.97326,3.016,20.38,82.7,24.62
2026-08-10 19:15:47,lht65-02,52.25,5.97326,3.016,19.86,83.1,24.56
2026-08-10 19:25:47,lht65-02,52.25,5.97326,3.016,19.48,83.5,24.5
2026-08-10 19:35:47,lht65-02,52.25,5.97326,3.016,19.07,84.5,24.43
2026-08-10 19:45:47,lht65-02,52.25,5.97326,3.016,18.74,85.5,24.37
2026-08-10 19:55:48,lht65-02,52.25,5.97326,3.016,18.45,86.3,24.25
2026-08-10 20:05:47,lht65-02,52.25,5.97326,3.016,18.16,86.6,24.18
2026-08-10 20:15:47,lht65-02,52.25,5.97326,3.016,17.96,87.2,24.12
2026-08-10 20:25:47,lht65-02,52.25,5.97326,3.016,17.72,87.4,24.06
2026-08-10 20:35:47,lht65-02,52.25,5.97326,3.016,17.51,87.5,23.93
2026-08-10 20:45:47,lht65-02,52.25,5.97326,3.019,17.29,87.9,23.87
2026-08-10 20:55:47,lht65-02,52.25,5.97326,3.016,17.09,88.0,23.75
2026-08-10 21:05:47,lht65-02,52.25,5.97326,3.016,16.87,88.0,23.68
2026-08-10 21:15:47,lht65-02,52.25,5.97326,3.012,16.63,88.1,23.62
2026-08-10 21:25:47,lht65-02,52.25,5.97326,3.016,16.39,88.3,23.5
2026-08-10 21:35:47,lht65-02,52.25,5.97326,3.009,16.17,88.4,23.43
2026-08-10 21:45:47,lht65-02,52.25,5.97326,3.014,15.93,88.7,23.37
2026-08-10 21:55:47,lht65-02,52.25,5.97326,2.983,15.7,88.8,23.31
2026-08-10 22:05:47,lht65-02,52.25,5.97326,3.016,15.51,88.8,23.18
2026-08-10 22:15:47,lht65-02,52.25,5.97326,3.012,15.32,89.1,23.12
2026-08-10 22:25:47,lht65-02,52.25,5.97326,3.012,15.1,89.2,23.06
2026-08-10 22:35:47,lht65-02,52.25,5.97326,3.014,14.88,89.3,22.93
2026-08-10 22:45:47,lht65-02,52.25,5.97326,3.014,14.64,88.9,22.87
2026-08-10 22:55:47,lht65-02,52.25,5.97326,3.014,14.32,89.1,22.81
2026-08-10 23:05:47,lht65-02,52.25,5.97326,3.012,14.18,88.9,22.75
2026-08-10 23:15:47,lht65-02,52.25,5.97326,3.009,13.89,89.3,22.68
2026-08-10 23:25:47,lht65-02,52.25,5.97326,3.01,13.67,89.2,22.56
2026-08-10 23:35:47,lht65-02,52.25,5.97326,3.012,13.39,89.1,22.5
2026-08-10 23:45:47,lht65-02,52.25,5.97326,3.0,13.21,89.7,22.43
2026-08-10 23:55:47,lht65-02,52.25,5.97326,3.01,13.01,89.6,22.37
2026-08-11 00:05:47,lht65-02,52.25,5.97326,3.009,12.85,90.0,22.25
2026-08-11 00:15:47,lht65-02,52.25,5.97326,3.009,12.68,90.0,22.18
2026-08-11 00:25:47,lht65-02,52.25,5.97326,2.978,12.52,90.2,22.12
2026-08-11 00:35:47,lht65-02,52.25,5.97326,3.019,12.33,90.0,22.06
2026-08-11 00:45:47,lht65-02,52.25,5.97326,3.01,12.11,90.0,21.93
2026-08-11 00:55:47,lht65-02,52.25,5.97326,2.853,11.91,89.8,21.87
2026-08-11 01:05:47,lht65-02,52.25,5.97326,3.01,11.7,89.9,21.81
2026-08-11 01:15:47,lht65-02,52.25,5.97326,3.014,11.55,90.2,21.75
2026-08-11 01:25:47,lht65-02,52.25,5.97326,3.019,11.4,90.5,21.68
2026-08-11 01:35:47,lht65-02,52.25,5.97326,3.019,11.28,90.7,21.56
2026-08-11 01:45:47,lht65-02,52.25,5.97326,3.019,11.1,90.6,21.5
2026-08-11 01:55:47,lht65-02,52.25,5.97326,3.019,11.03,90.9,21.43
2026-08-11 02:05:47,lht65-02,52.25,5.97326,3.019,10.96,91.2,21.37
2026-08-11 02:15:47,lht65-02,52.25,5.97326,3.016,10.81,91.0,21.31
2026-08-11 02:25:47,lht65-02,52.25,5.97326,3.019,10.7,91.2,21.25
2026-08-11 02:35:47,lht65-02,52.25,5.97326,3.016,10.62,91.4,21.12
2026-08-11 02:45:47,lht65-02,52.25,5.97326,3.016,10.51,91.4,21.06
2026-08-11 02:55:47,lht65-02,52.25,5.97326,3.016,10.38,91.3,21.0
2026-08-11 03:05:47,lht65-02,52.25,5.97326,3.016,10.25,91.3,20.93
2026-08-11 03:15:47,lht65-02,52.25,5.97326,3.016,10.16,91.6,20.87
2026-08-11 03:25:47,lht65-02,52.25,5.97326,3.016,10.11,91.8,20.81
2026-08-11 03:35:47,lht65-02,52.25,5.97326,3.016,10.0,91.8,20.75
2026-08-11 03:45:47,lht65-02,52.25,5.97326,3.016,9.88,91.7,20.68
2026-08-11 03:55:47,lht65-02,52.25,5.97326,3.016,9.88,92.0,20.62
2026-08-11 04:05:47,lht65-02,52.25,5.97326,3.016,9.87,92.4,20.56
2026-08-11 04:15:47,lht65-02,52.25,5.97326,3.016,9.79,92.4,20.5
2026-08-11 04:25:47,lht65-02,52.25,5.97326,3.019,9.77,92.5,20.43
2026-08-11 04:35:47,lht65-02,52.25,5.97326,3.019,9.78,92.6,20.37
2026-08-11 04:45:47,lht65-02,52.25,5.97326,3.016,9.88,92.9,20.31
2026-08-11 04:55:47,lht65-02,52.25,5.97326,3.016,10.15,93.6,20.25
2026-08-11 05:05:46,lht65-02,52.25,5.97326,3.016,10.55,94.9,20.18
2026-08-11 05:15:47,lht65-02,52.25,5.97326,3.019,10.93,96.4,20.12
2026-08-11 05:25:47,lht65-02,52.25,5.97326,3.019,11.39,98.2,20.06
2026-08-11 05:35:47,lht65-02,52.25,5.97326,3.019,11.9,100.0,20.06
2026-08-11 05:45:47,lht65-02,52.25,5.97326,3.019,12.53,100.0,20.0
2026-08-11 05:55:47,lht65-02,52.25,5.97326,3.019,13.39,100.0,20.0
2026-08-11 06:05:47,lht65-02,52.25,5.97326,3.018,14.31,100.0,19.93
2026-08-11 06:15:47,lht65-02,52.25,5.97326,3.019,15.19,100.0,19.93
2026-08-11 06:25:47,lht65-02,52.25,5.97326,3.014,16.05,100.0,19.93
2026-08-11 06:35:47,lht65-02,52.25,5.97326,2.991,16.97,100.0,19.93
2026-08-11 06:45:47,lht65-02,52.25,5.97326,2.959,18.0,100.0,19.93
2026-08-11 06:55:46,lht65-02,52.25,5.97326,2.989,19.07,100.0,20.0
2026-08-11 07:05:46,lht65-02,52.25,5.97326,2.955,20.16,92.9,20.0
2026-08-11 07:15:46,lht65-02,52.25,5.97326,2.98,21.34,88.7,20.06
2026-08-11 07:25:46,lht65-02,52.25,5.97326,2.943,22.43,83.9,20.12
2026-08-11 07:35:47,lht65-02,52.25,5.97326,2.957,23.44,81.2,20.18
2026-08-11 07:45:47,lht65-02,52.25,5.97326,2.992,24.37,77.2,20.25
2026-08-11 07:55:46,lht65-02,52.25,5.97326,2.976,25.32,75.5,20.37
2026-08-11 08:05:46,lht65-02,52.25,5.97326,3.018,25.52,59.3,20.43
2026-08-11 08:15:46,lht65-02,52.25,5.97326,3.019,25.86,67.0,20.56
2026-08-11 08:25:46,lht65-02,52.25,5.97326,3.019,26.22,63.7,20.68
2026-08-11 08:35:46,lht65-02,52.25,5.97326,3.019,26.29,57.2,20.75
2026-08-11 08:45:46,lht65-02,52.25,5.97326,3.023,25.45,67.1,20.87
2026-08-11 08:55:46,lht65-02,52.25,5.97326,3.019,25.68,66.1,20.93
2026-08-11 09:05:46,lht65-02,52.25,5.97326,3.019,26.38,65.5,21.06
2026-08-11 09:15:46,lht65-02,52.25,5.97326,3.009,26.62,60.2,21.12
2026-08-11 09:25:46,lht65-02,52.25,5.97326,3.012,27.06,66.1,21.25
2026-08-11 09:35:46,lht65-02,52.25,5.97326,3.016,26.54,51.9,21.31
2026-08-11 09:45:46,lht65-02,52.25,5.97326,3.019,26.14,52.5,21.43
2026-08-11 09:55:46,lht65-02,52.25,5.97326,3.019,25.55,51.6,21.5
2026-08-11 10:05:46,lht65-02,52.25,5.97326,3.019,25.66,58.0,21.62
2026-08-11 10:15:46,lht65-02,52.25,5.97326,3.019,26.05,58.7,21.68
2026-08-11 10:25:46,lht65-02,52.25,5.97326,3.019,25.85,53.3,21.81
2026-08-11 10:35:46,lht65-02,52.25,5.97326,3.019,26.03,50.0,21.87
2026-08-11 10:45:46,lht65-02,52.25,5.97326,3.021,26.79,52.6,21.93
2026-08-11 10:55:46,lht65-02,52.25,5.97326,3.019,26.98,54.5,22.06
2026-08-11 11:05:46,lht65-02,52.25,5.97326,3.019,27.81,52.0,22.12
2026-08-11 11:15:46,lht65-02,52.25,5.97326,3.019,28.24,51.7,22.18
2026-08-11 11:25:46,lht65-02,52.25,5.97326,3.012,28.91,52.6,22.25
2026-08-11 11:35:46,lht65-02,52.25,5.97326,3.016,28.41,49.2,22.37
2026-08-11 11:45:46,lht65-02,52.25,5.97326,3.012,28.47,48.2,22.43
2026-08-11 11:55:46,lht65-02,52.25,5.97326,3.012,27.91,47.5,22.56
2026-08-11 12:05:46,lht65-02,52.25,5.97326,3.012,27.79,44.8,22.62
2026-08-11 12:15:46,lht65-02,52.25,5.97326,3.012,27.32,42.7,22.75
2026-08-11 12:25:46,lht65-02,52.25,5.97326,3.012,27.38,44.4,22.75
2026-08-11 12:35:46,lht65-02,52.25,5.97326,3.014,26.98,47.7,22.87
2026-08-11 12:45:46,lht65-02,52.25,5.97326,3.012,28.33,47.1,22.93
2026-08-11 12:55:46,lht65-02,52.25,5.97326,3.019,29.13,45.2,23.0
2026-08-11 13:05:46,lht65-02,52.25,5.97326,3.019,28.48,43.4,23.06
2026-08-11 13:15:46,lht65-02,52.25,5.97326,3.019,28.47,41.1,23.18
2026-08-11 13:25:46,lht65-02,52.25,5.97326,3.019,28.02,40.5,23.31
2026-08-11 13:35:46,lht65-02,52.25,5.97326,3.021,28.9,45.8,23.37
2026-08-11 13:45:46,lht65-02,52.25,5.97326,3.021,29.65,40.5,23.5
2026-08-11 13:55:46,lht65-02,52.25,5.97326,3.021,28.86,51.0,23.56
2026-08-11 14:05:46,lht65-02,52.25,5.97326,3.019,29.21,38.9,23.68
2026-08-11 14:15:46,lht65-02,52.25,5.97326,3.019,29.5,45.5,23.81
2026-08-11 14:25:46,lht65-02,52.25,5.97326,3.021,29.46,53.2,23.87
2026-08-11 14:35:46,lht65-02,52.25,5.97326,3.019,30.35,49.7,23.93
2026-08-11 14:45:46,lht65-02,52.25,5.97326,3.005,30.83,46.9,24.0
2026-08-11 14:55:46,lht65-02,52.25,5.97326,3.016,31.16,46.1,24.06
2026-08-11 15:05:46,lht65-02,52.25,5.97326,3.018,30.83,49.2,24.12
2026-08-11 15:25:45,lht65-02,52.25,5.97326,2.962,30.33,53.1,24.18
2026-08-11 15:35:45,lht65-02,52.25,5.97326,2.957,30.34,58.7,24.18
2026-08-11 15:45:46,lht65-02,52.25,5.97326,2.955,29.22,46.4,24.25
2026-08-11 15:55:46,lht65-02,52.25,5.97326,2.945,29.06,56.7,24.25
2026-08-11 16:05:46,lht65-02,52.25,5.97326,2.969,29.34,58.7,24.25
2026-08-11 16:15:45,lht65-02,52.25,5.97326,2.985,29.26,59.6,24.25
2026-08-11 16:25:45,lht65-02,52.25,5.97326,2.982,29.0,60.7,24.25
2026-08-11 16:35:45,lht65-02,52.25,5.97326,2.973,28.62,60.8,24.31
2026-08-11 16:45:45,lht65-02,52.25,5.97326,2.994,28.64,59.2,24.31
2026-08-11 16:55:45,lht65-02,52.25,5.97326,2.992,28.33,58.7,24.31
2026-08-11 17:05:45,lht65-02,52.25,5.97326,2.98,27.5,59.6,24.31
2026-08-11 17:15:45,lht65-02,52.25,5.97326,2.982,26.44,60.4,24.31
2026-08-11 17:25:45,lht65-02,52.25,5.97326,2.994,25.32,61.9,24.31
2026-08-11 17:35:45,lht65-02,52.25,5.97326,2.966,24.27,64.3,24.31
2026-08-11 17:45:45,lht65-02,52.25,5.97326,2.982,23.42,63.5,24.31
2026-08-11 17:55:45,lht65-02,52.25,5.97326,3.001,22.59,69.3,24.25
2026-08-11 18:05:45,lht65-02,52.25,5.97326,3.016,22.03,74.7,24.18
2026-08-11 18:15:45,lht65-02,52.25,5.97326,3.014,21.58,78.5,24.18
2026-08-11 18:25:45,lht65-02,52.25,5.97326,3.016,21.16,79.8,24.06
2026-08-11 18:35:45,lht65-02,52.25,5.97326,3.019,20.76,81.0,24.0
2026-08-11 18:45:45,lht65-02,52.25,5.97326,3.016,20.33,81.8,23.93
2026-08-11 18:55:45,lht65-02,52.25,5.97326,3.016,19.86,82.3,23.87
2026-08-11 19:05:45,lht65-02,52.25,5.97326,3.016,19.53,83.0,23.75
2026-08-11 19:15:45,lht65-02,52.25,5.97326,3.016,19.05,83.1,23.68
2026-08-11 19:25:45,lht65-02,52.25,5.97326,3.019,18.56,83.8,23.62
2026-08-11 19:35:45,lht65-02,52.25,5.97326,3.019,18.14,84.4,23.56
2026-08-11 19:45:45,lht65-02,52.25,5.97326,3.021,17.75,85.2,23.43
2026-08-11 19:55:45,lht65-02,52.25,5.97326,3.021,17.38,85.4,23.37
2026-08-11 20:05:45,lht65-02,52.25,5.97326,3.019,17.09,86.2,23.31
2026-08-11 20:15:45,lht65-02,52.25,5.97326,3.019,16.78,86.6,23.25
2026-08-11 20:25:45,lht65-02,52.25,5.97326,3.016,16.48,86.9,23.12
2026-08-11 20:35:45,lht65-02,52.25,5.97326,3.012,16.21,87.1,23.06
2026-08-11 20:45:45,lht65-02,52.25,5.97326,3.014,15.94,87.3,23.0
2026-08-11 20:55:45,lht65-02,52.25,5.97326,3.012,15.68,87.6,22.87
2026-08-11 21:05:45,lht65-02,52.25,5.97326,3.012,15.47,88.0,22.81
2026-08-11 21:15:45,lht65-02,52.25,5.97326,3.014,15.24,88.1,22.75
2026-08-11 21:25:45,lht65-02,52.25,5.97326,3.014,15.03,88.2,22.62
2026-08-11 21:35:45,lht65-02,52.25,5.97326,3.014,14.83,88.5,22.56
2026-08-11 21:45:45,lht65-02,52.25,5.97326,3.009,14.64,88.6,22.5
2026-08-11 21:55:45,lht65-02,52.25,5.97326,3.01,14.43,88.8,22.43
2026-08-11 22:05:45,lht65-02,52.25,5.97326,3.01,14.3,89.1,22.31
2026-08-11 22:15:45,lht65-02,52.25,5.97326,2.931,14.17,89.3,22.25
2026-08-11 22:25:45,lht65-02,52.25,5.97326,3.005,14.0,89.5,22.18
2026-08-11 22:35:45,lht65-02,52.25,5.97326,3.005,13.85,89.8,22.12
2026-08-11 22:45:45,lht65-02,52.25,5.97326,3.014,13.74,89.9,22.0
2026-08-11 22:55:45,lht65-02,52.25,5.97326,3.016,13.61,90.1,21.93
2026-08-11 23:05:45,lht65-02,52.25,5.97326,3.016,13.47,90.2,21.87
2026-08-11 23:15:45,lht65-02,52.25,5.97326,3.012,13.36,90.2,21.81
2026-08-11 23:25:45,lht65-02,52.25,5.97326,3.016,13.24,90.3,21.75
2026-08-11 23:35:45,lht65-02,52.25,5.97326,3.012,13.12,90.5,21.62
2026-08-11 23:45:45,lht65-02,52.25,5.97326,3.014,12.99,90.5,21.56
2026-08-11 23:55:45,lht65-02,52.25,5.97326,3.014,12.89,90.6,21.5
2026-08-12 00:05:45,lht65-02,52.25,5.97326,3.009,12.77,90.7,21.43
2026-08-12 00:15:45,lht65-02,52.25,5.97326,3.016,12.65,90.6,21.37
2026-08-12 00:25:45,lht65-02,52.25,5.97326,3.012,12.49,90.5,21.31
2026-08-12 00:35:45,lht65-02,52.25,5.97326,3.012,12.37,90.6,21.25
2026-08-12 00:45:45,lht65-02,52.25,5.97326,3.012,12.25,90.7,21.18
2026-08-12 00:55:45,lht65-02,52.25,5.97326,3.012,12.12,90.9,21.12
2026-08-12 01:05:45,lht65-02,52.25,5.97326,3.014,12.0,90.9,21.06
2026-08-12 01:15:45,lht65-02,52.25,5.97326,3.016,11.91,91.0,21.0
2026-08-12 01:25:45,lht65-02,52.25,5.97326,3.009,11.8,91.2,20.93
2026-08-12 01:35:45,lht65-02,52.25,5.97326,3.016,11.68,91.1,20.87
2026-08-12 01:45:44,lht65-02,52.25,5.97326,3.014,11.55,91.1,20.81
2026-08-12 01:55:44,lht65-02,52.25,5.97326,3.005,11.44,91.3,20.75
2026-08-12 02:05:44,lht65-02,52.25,5.97326,3.012,11.34,91.4,20.68
2026-08-12 02:15:45,lht65-02,52.25,5.97326,3.016,11.24,91.5,20.62
2026-08-12 02:25:44,lht65-02,52.25,5.97326,3.01,11.14,91.6,20.56
2026-08-12 02:35:44,lht65-02,52.25,5.97326,3.012,11.05,91.8,20.5
2026-08-12 02:45:44,lht65-02,52.25,5.97326,3.014,10.99,91.9,20.43
2026-08-12 02:55:44,lht65-02,52.25,5.97326,3.012,10.92,92.0,20.37
2026-08-12 03:05:44,lht65-02,52.25,5.97326,3.01,10.85,92.0,20.31
2026-08-12 03:15:44,lht65-02,52.25,5.97326,3.014,10.75,92.1,20.31
2026-08-12 03:25:44,lht65-02,52.25,5.97326,3.003,10.63,92.0,20.18
2026-08-12 03:35:44,lht65-02,52.25,5.97326,3.01,10.62,92.2,20.18
2026-08-12 03:45:44,lht65-02,52.25,5.97326,3.012,10.55,92.4,20.12
2026-08-12 03:55:44,lht65-02,52.25,5.97326,3.014,10.47,92.4,20.06
2026-08-12 04:05:44,lht65-02,52.25,5.97326,3.012,10.43,92.6,20.0
2026-08-12 04:15:44,lht65-02,52.25,5.97326,3.014,10.38,92.8,19.93
2026-08-12 04:25:44,lht65-02,52.25,5.97326,3.012,10.38,92.9,19.93
2026-08-12 04:35:44,lht65-02,52.25,5.97326,3.014,10.43,93.1,19.87
2026-08-12 04:45:44,lht65-02,52.25,5.97326,3.016,10.5,93.2,19.81
2026-08-12 04:55:44,lht65-02,52.25,5.97326,3.014,10.74,93.7,19.75
2026-08-12 05:05:44,lht65-02,52.25,5.97326,3.014,11.1,94.7,19.68
2026-08-12 05:15:44,lht65-02,52.25,5.97326,3.014,11.49,95.9,19.68
2026-08-12 05:25:44,lht65-02,52.25,5.97326,3.016,11.89,97.3,19.62
2026-08-12 05:35:44,lht65-02,52.25,5.97326,3.014,12.39,99.0,19.56
2026-08-12 05:45:44,lht65-02,52.25,5.97326,3.016,12.94,100.0,19.56
2026-08-12 05:55:44,lht65-02,52.25,5.97326,3.014,13.67,100.0,19.56
2026-08-12 06:05:44,lht65-02,52.25,5.97326,3.009,14.5,100.0,19.5
2026-08-12 06:15:44,lht65-02,52.25,5.97326,3.005,15.3,100.0,19.5
2026-08-12 06:25:44,lht65-02,52.25,5.97326,3.0,16.24,100.0,19.5
2026-08-12 06:35:44,lht65-02,52.25,5.97326,2.991,17.3,100.0,19.56
2026-08-12 06:45:44,lht65-02,52.25,5.97326,2.973,18.45,100.0,19.5
2026-08-12 06:55:44,lht65-02,52.25,5.97326,2.985,19.57,100.0,19.56
2026-08-12 07:05:44,lht65-02,52.25,5.97326,3.0,20.67,95.2,19.62
2026-08-12 07:15:44,lht65-02,52.25,5.97326,3.001,21.89,90.4,19.62
2026-08-12 07:25:44,lht65-02,52.25,5.97326,2.987,22.98,87.2,19.68
2026-08-12 07:35:44,lht65-02,52.25,5.97326,2.976,24.07,85.3,19.81
2026-08-12 07:45:44,lht65-02,52.25,5.97326,2.971,25.2,83.9,19.87
2026-08-12 07:55:44,lht65-02,52.25,5.97326,2.954,26.26,80.8,19.93
2026-08-12 08:05:44,lht65-02,52.25,5.97326,3.014,27.16,72.9,20.06
2026-08-12 08:15:44,lht65-02,52.25,5.97326,3.012,27.19,61.1,20.12
2026-08-12 08:25:44,lht65-02,52.25,5.97326,3.016,27.3,58.5,20.25
2026-08-12 08:35:44,lht65-02,52.25,5.97326,3.019,27.34,62.2,20.31
2026-08-12 08:45:44,lht65-02,52.25,5.97326,2.996,27.82,59.4,20.43
2026-08-12 08:55:44,lht65-02,52.25,5.97326,3.019,28.08,56.3,20.56
2026-08-12 09:05:44,lht65-02,52.25,5.97326,3.021,27.64,55.2,20.62
2026-08-12 09:15:44,lht65-02,52.25,5.97326,3.023,27.61,53.6,20.75
2026-08-12 09:25:44,lht65-02,52.25,5.97326,3.023,28.02,54.8,20.81
2026-08-12 09:35:44,lht65-02,52.25,5.97326,3.019,28.22,53.2,20.93
2026-08-12 09:45:44,lht65-02,52.25,5.97326,3.012,28.44,56.7,21.0
2026-08-12 09:55:44,lht65-02,52.25,5.97326,3.009,29.0,56.7,21.12
2026-08-12 10:05:44,lht65-02,52.25,5.97326,2.902,29.77,51.4,21.18
2026-08-12 10:15:44,lht65-02,52.25,5.97326,2.982,30.3,45.5,21.31
2026-08-12 10:25:44,lht65-02,52.25,5.97326,2.798,30.83,52.6,21.37
2026-08-12 10:35:44,lht65-02,52.25,5.97326,3.014,30.25,37.5,21.56
2026-08-12 10:45:44,lht65-02,52.25,5.97326,3.016,29.39,44.1,21.68
2026-08-12 10:55:44,lht65-02,52.25,5.97326,3.016,29.19,41.6,21.81
2026-08-12 11:05:44,lht65-02,52.25,5.97326,3.018,29.88,45.7,21.87
2026-08-12 11:15:44,lht65-02,52.25,5.97326,3.016,30.14,39.5,22.0
2026-08-12 11:25:44,lht65-02,52.25,5.97326,3.019,29.7,37.1,22.06
2026-08-12 11:35:44,lht65-02,52.25,5.97326,3.018,29.45,39.2,22.18
2026-08-12 11:45:44,lht65-02,52.25,5.97326,3.016,29.73,34.4,22.25
2026-08-12 11:55:44,lht65-02,52.25,5.97326,3.016,29.8,37.3,22.37
2026-08-12 12:05:44,lht65-02,52.25,5.97326,3.016,30.08,40.3,22.43
2026-08-12 12:15:44,lht65-02,52.25,5.97326,3.016,30.45,35.1,22.56
2026-08-12 12:25:44,lht65-02,52.25,5.97326,3.016,30.44,35.5,22.62
2026-08-12 12:35:44,lht65-02,52.25,5.97326,3.016,30.7,35.5,22.75
2026-08-12 12:45:44,lht65-02,52.25,5.97326,2.53,30.83,34.9,22.37
2026-08-12 12:55:43,lht65-02,52.25,5.97326,2.992,31.07,34.9,22.87
2026-08-12 13:05:43,lht65-02,52.25,5.97326,2.948,31.34,34.6,23.0
2026-08-12 13:15:43,lht65-02,52.25,5.97326,2.983,31.5,35.2,23.12
2026-08-12 13:25:43,lht65-02,52.25,5.97326,2.613,31.84,33.7,22.18
2026-08-12 13:35:43,lht65-02,52.25,5.97326,3.012,31.82,35.3,23.31
2026-08-12 13:45:43,lht65-02,52.25,5.97326,3.012,31.74,33.0,23.43
2026-08-12 13:55:43,lht65-02,52.25,5.97326,3.012,31.81,33.3,23.56
2026-08-12 14:05:43,lht65-02,52.25,5.97326,3.014,31.74,32.9,23.68
2026-08-12 14:15:43,lht65-02,52.25,5.97326,3.012,31.71,32.0,23.81
2026-08-12 14:25:43,lht65-02,52.25,5.97326,3.012,31.73,32.0,23.93
2026-08-12 14:35:43,lht65-02,52.25,5.97326,3.012,31.45,31.3,24.0
2026-08-12 14:45:43,lht65-02,52.25,5.97326,3.012,31.19,32.1,24.06
2026-08-12 14:55:43,lht65-02,52.25,5.97326,3.012,31.08,31.3,24.18
2026-08-12 15:05:43,lht65-02,52.25,5.97326,3.014,30.89,33.7,24.25
2026-08-12 15:15:43,lht65-02,52.25,5.97326,3.012,30.83,32.6,24.25
2026-08-12 15:25:43,lht65-02,52.25,5.97326,3.014,30.83,31.6,24.31
2026-08-12 15:35:43,lht65-02,52.25,5.97326,3.012,30.69,34.0,24.31
2026-08-12 15:45:43,lht65-02,52.25,5.97326,3.012,30.52,35.4,24.31
2026-08-12 15:55:43,lht65-02,52.25,5.97326,3.014,30.24,34.9,24.37
2026-08-12 16:05:43,lht65-02,52.25,5.97326,3.012,29.9,33.2,24.37
2026-08-12 16:15:43,lht65-02,52.25,5.97326,3.012,29.7,36.4,24.37
2026-08-12 16:25:43,lht65-02,52.25,5.97326,3.016,29.72,34.6,24.37
2026-08-12 16:35:43,lht65-02,52.25,5.97326,3.012,29.6,34.9,24.37
2026-08-12 16:45:43,lht65-02,52.25,5.97326,3.012,29.78,32.8,24.37
2026-08-12 16:55:43,lht65-02,52.25,5.97326,3.012,29.86,39.6,24.31
2026-08-12 17:05:43,lht65-02,52.25,5.97326,3.014,29.74,41.4,24.31
2026-08-12 17:15:43,lht65-02,52.25,5.97326,3.012,29.06,40.9,24.31
2026-08-12 17:25:43,lht65-02,52.25,5.97326,3.012,28.08,44.7,24.25
2026-08-12 17:35:43,lht65-02,52.25,5.97326,3.012,27.05,45.3,24.25
2026-08-12 17:45:43,lht65-02,52.25,5.97326,3.012,26.12,45.6,24.18
2026-08-12 17:55:43,lht65-02,52.25,5.97326,3.012,25.23,51.6,24.18
2026-08-12 18:05:43,lht65-02,52.25,5.97326,3.012,24.22,53.9,24.12
2026-08-12 18:15:43,lht65-02,52.25,5.97326,3.014,23.25,57.0,24.0
2026-08-12 18:25:43,lht65-02,52.25,5.97326,3.012,22.35,67.3,23.93
2026-08-12 18:35:43,lht65-02,52.25,5.97326,3.012,21.62,73.6,23.81
2026-08-12 18:45:43,lht65-02,52.25,5.97326,3.012,21.01,77.9,23.75
2026-08-12 18:55:43,lht65-02,52.25,5.97326,3.012,20.54,81.0,23.68
2026-08-12 19:05:43,lht65-02,52.25,5.97326,3.014,20.12,82.8,23.56
2026-08-12 19:15:43,lht65-02,52.25,5.97326,3.012,19.84,84.1,23.5
2026-08-12 19:25:43,lht65-02,52.25,5.97326,3.019,19.45,85.2,23.37
2026-08-12 19:35:43,lht65-02,52.25,5.97326,3.016,19.08,85.7,23.25
2026-08-12 19:45:43,lht65-02,52.25,5.97326,3.019,18.77,86.1,23.18
2026-08-12 19:55:43,lht65-02,52.25,5.97326,3.019,18.45,86.6,23.12
2026-08-12 20:05:43,lht65-02,52.25,5.97326,3.021,18.15,87.1,23.0
2026-08-12 20:15:43,lht65-02,52.25,5.97326,3.019,17.88,87.3,22.93
2026-08-12 20:25:43,lht65-02,52.25,5.97326,3.018,17.64,87.7,22.87
2026-08-12 20:35:43,lht65-02,52.25,5.97326,3.018,17.37,87.9,22.81
2026-08-12 20:45:43,lht65-02,52.25,5.97326,3.019,17.09,88.5,22.68
2026-08-12 20:55:43,lht65-02,52.25,5.97326,3.014,16.97,88.9,22.62
2026-08-12 21:05:43,lht65-02,52.25,5.97326,3.016,16.76,89.2,22.5
2026-08-12 21:15:43,lht65-02,52.25,5.97326,3.018,16.56,89.6,22.5
2026-08-12 21:25:43,lht65-02,52.25,5.97326,3.019,16.36,89.5,22.37
2026-08-12 21:35:43,lht65-02,52.25,5.97326,2.991,16.18,89.6,22.31
2026-08-12 21:45:43,lht65-02,52.25,5.97326,3.012,16.0,89.8,22.25
2026-08-12 21:55:43,lht65-02,52.25,5.97326,3.016,15.82,90.0,22.18
2026-08-12 22:05:42,lht65-02,52.25,5.97326,3.01,15.68,90.0,22.12
2026-08-12 22:15:43,lht65-02,52.25,5.97326,3.009,15.47,90.0,22.0
2026-08-12 22:25:43,lht65-02,52.25,5.97326,2.994,15.29,90.2,21.93
2026-08-12 22:35:43,lht65-02,52.25,5.97326,3.012,15.16,90.5,21.87
2026-08-12 22:45:43,lht65-02,52.25,5.97326,3.007,15.04,91.0,21.87
2026-08-12 22:55:42,lht65-02,52.25,5.97326,3.018,14.91,91.0,21.75
2026-08-12 23:05:42,lht65-02,52.25,5.97326,3.019,14.76,91.1,21.68
2026-08-12 23:15:42,lht65-02,52.25,5.97326,3.016,14.64,91.2,21.62
2026-08-12 23:25:42,lht65-02,52.25,5.97326,3.016,14.54,91.4,21.56
2026-08-12 23:35:42,lht65-02,52.25,5.97326,3.016,14.45,91.7,21.5
2026-08-12 23:45:42,lht65-02,52.25,5.97326,3.014,14.32,91.7,21.43
2026-08-12 23:55:42,lht65-02,52.25,5.97326,3.012,14.3,91.6,21.37
2026-08-13 00:05:42,lht65-02,52.25,5.97326,3.016,14.15,91.5,21.37
2026-08-13 00:15:42,lht65-02,52.25,5.97326,3.001,14.02,91.8,21.25
2026-08-13 00:25:42,lht65-02,52.25,5.97326,3.012,13.88,91.7,21.18
2026-08-13 00:35:42,lht65-02,52.25,5.97326,3.012,13.77,91.9,21.12
2026-08-13 00:45:42,lht65-02,52.25,5.97326,3.005,13.66,92.0,21.06
2026-08-13 00:55:42,lht65-02,52.25,5.97326,3.012,13.54,92.1,21.06
2026-08-13 01:05:42,lht65-02,52.25,5.97326,3.01,13.46,92.3,21.0
2026-08-13 01:15:42,lht65-02,52.25,5.97326,3.005,13.33,92.2,20.93
2026-08-13 01:25:42,lht65-02,52.25,5.97326,3.009,13.21,92.2,20.87
2026-08-13 01:35:42,lht65-02,52.25,5.97326,3.009,13.14,92.5,20.81
2026-08-13 01:45:42,lht65-02,52.25,5.97326,3.016,13.06,92.7,20.75
2026-08-13 01:55:42,lht65-02,52.25,5.97326,3.012,12.96,92.7,20.75
2026-08-13 02:05:42,lht65-02,52.25,5.97326,3.012,12.91,92.8,20.68
2026-08-13 02:15:42,lht65-02,52.25,5.97326,3.01,12.8,92.8,20.62
2026-08-13 02:25:42,lht65-02,52.25,5.97326,3.009,12.69,92.7,20.56
2026-08-13 02:35:42,lht65-02,52.25,5.97326,3.009,12.58,92.7,20.56
2026-08-13 02:45:42,lht65-02,52.25,5.97326,3.009,12.47,92.8,20.5
2026-08-13 02:55:42,lht65-02,52.25,5.97326,2.934,12.37,92.7,20.37
2026-08-13 03:05:42,lht65-02,52.25,5.97326,3.01,12.28,92.9,20.37
2026-08-13 03:15:42,lht65-02,52.25,5.97326,3.01,12.21,92.9,20.31
2026-08-13 03:25:42,lht65-02,52.25,5.97326,2.992,12.1,93.0,20.25
2026-08-13 03:35:42,lht65-02,52.25,5.97326,3.009,12.0,93.0,20.25
2026-08-13 03:45:42,lht65-02,52.25,5.97326,3.012,11.92,93.2,20.18
2026-08-13 03:55:42,lht65-02,52.25,5.97326,2.994,11.79,93.0,20.12
2026-08-13 04:05:42,lht65-02,52.25,5.97326,3.009,11.71,93.1,20.06
2026-08-13 04:15:42,lht65-02,52.25,5.97326,2.994,11.62,93.2,20.06
2026-08-13 04:25:42,lht65-02,52.25,5.97326,3.012,11.55,93.5,20.0
2026-08-13 04:35:42,lht65-02,52.25,5.97326,3.014,11.55,93.6,19.93
2026-08-13 04:45:42,lht65-02,52.25,5.97326,3.01,11.64,94.0,19.93
2026-08-13 04:55:42,lht65-02,52.25,5.97326,3.014,11.85,94.9,19.87
2026-08-13 05:05:42,lht65-02,52.25,5.97326,3.012,12.21,96.3,19.81
2026-08-13 05:15:42,lht65-02,52.25,5.97326,3.014,12.54,98.0,19.81
2026-08-13 05:25:42,lht65-02,52.25,5.97326,3.014,12.92,99.5,19.75
2026-08-13 05:35:42,lht65-02,52.25,5.97326,3.01,13.42,100.0,19.68
2026-08-13 05:45:42,lht65-02,52.25,5.97326,3.01,14.03,100.0,19.68
2026-08-13 05:55:42,lht65-02,52.25,5.97326,3.007,14.76,100.0,19.68
2026-08-13 06:05:42,lht65-02,52.25,5.97326,3.005,15.62,100.0,19.68
2026-08-13 06:15:42,lht65-02,52.25,5.97326,3.007,16.43,100.0,19.68
2026-08-13 06:25:42,lht65-02,52.25,5.97326,3.005,17.33,100.0,19.68
2026-08-13 06:35:42,lht65-02,52.25,5.97326,2.971,18.36,100.0,19.68
2026-08-13 06:45:42,lht65-02,52.25,5.97326,3.009,19.47,100.0,19.68
2026-08-13 06:55:42,lht65-02,52.25,5.97326,3.009,20.61,100.0,19.75
2026-08-13 07:05:42,lht65-02,52.25,5.97326,3.001,21.85,100.0,19.81
2026-08-13 07:15:42,lht65-02,52.25,5.97326,2.996,23.15,97.9,19.87
2026-08-13 07:25:42,lht65-02,52.25,5.97326,2.991,24.47,93.3,19.93
2026-08-13 07:35:42,lht65-02,52.25,5.97326,2.987,25.68,91.2,20.0
2026-08-13 07:45:42,lht65-02,52.25,5.97326,3.012,26.91,90.2,20.06
2026-08-13 07:55:42,lht65-02,52.25,5.97326,2.994,28.1,88.6,20.18
2026-08-13 08:05:42,lht65-02,52.25,5.97326,3.018,28.86,74.0,20.31
2026-08-13 08:15:42,lht65-02,52.25,5.97326,3.014,29.54,66.8,20.43
2026-08-13 08:25:42,lht65-02,52.25,5.97326,3.014,29.78,62.6,20.56
2026-08-13 08:35:42,lht65-02,52.25,5.97326,3.016,29.84,58.4,20.68
2026-08-13 08:45:42,lht65-02,52.25,5.97326,3.016,30.03,55.9,20.81
2026-08-13 08:55:42,lht65-02,52.25,5.97326,2.976,30.04,42.6,20.93
2026-08-13 09:05:41,lht65-02,52.25,5.97326,3.016,29.46,43.1,21.06
2026-08-13 09:15:42,lht65-02,52.25,5.97326,3.016,29.55,42.9,21.18
2026-08-13 09:25:42,lht65-02,52.25,5.97326,3.016,29.66,43.1,21.31
2026-08-13 09:35:42,lht65-02,52.25,5.97326,3.016,29.87,38.5,21.43
2026-08-13 09:45:42,lht65-02,52.25,5.97326,3.014,30.22,37.7,21.56
2026-08-13 09:55:41,lht65-02,52.25,5.97326,2.808,30.63,37.8,21.62
2026-08-13 10:05:41,lht65-02,52.25,5.97326,3.001,30.97,36.8,21.81
2026-08-13 10:15:41,lht65-02,52.25,5.97326,2.933,31.63,38.3,21.87
2026-08-13 10:25:41,lht65-02,52.25,5.97326,3.019,31.85,36.6,22.06
2026-08-13 10:35:41,lht65-02,52.25,5.97326,2.94,32.11,39.5,22.12
2026-08-13 10:45:41,lht65-02,52.25,5.97326,2.966,32.14,35.5,22.25
2026-08-13 10:55:41,lht65-02,52.25,5.97326,3.005,32.55,32.8,22.37
2026-08-13 11:05:41,lht65-02,52.25,5.97326,3.012,33.1,32.5,22.5
2026-08-13 11:15:41,lht65-02,52.25,5.97326,3.009,33.28,31.4,22.62
2026-08-13 11:25:41,lht65-02,52.25,5.97326,2.859,33.57,30.7,22.68
2026-08-13 11:35:41,lht65-02,52.25,5.97326,2.959,33.74,33.4,22.81
2026-08-13 11:45:41,lht65-02,52.25,5.97326,2.998,33.87,33.9,22.93
2026-08-13 11:55:41,lht65-02,52.25,5.97326,3.007,34.09,35.9,23.06
2026-08-13 12:05:41,lht65-02,52.25,5.97326,3.014,34.36,30.3,23.18
2026-08-13 12:15:41,lht65-02,52.25,5.97326,2.994,34.59,32.2,23.25
2026-08-13 12:25:41,lht65-02,52.25,5.97326,3.001,34.97,29.5,23.37
2026-08-13 12:35:41,lht65-02,52.25,5.97326,3.003,35.4,30.9,23.5
2026-08-13 12:45:41,lht65-02,52.25,5.97326,3.021,35.29,27.7,23.62
2026-08-13 12:55:41,lht65-02,52.25,5.97326,3.023,35.41,29.4,23.75
2026-08-13 13:05:41,lht65-02,52.25,5.97326,3.021,35.47,27.0,23.87
2026-08-13 13:15:41,lht65-02,52.25,5.97326,3.021,35.62,32.4,24.0
2026-08-13 13:25:41,lht65-02,52.25,5.97326,3.023,35.63,26.7,24.06
2026-08-13 13:35:41,lht65-02,52.25,5.97326,3.023,35.73,27.9,24.25
2026-08-13 13:45:41,lht65-02,52.25,5.97326,3.023,35.93,29.9,24.37
2026-08-13 13:55:41,lht65-02,52.25,5.97326,2.994,36.31,32.4,24.5
2026-08-13 14:05:41,lht65-02,52.25,5.97326,2.996,36.31,26.4,24.62
2026-08-13 14:15:41,lht65-02,52.25,5.97326,2.996,35.81,28.2,24.75
2026-08-13 14:25:41,lht65-02,52.25,5.97326,2.996,35.63,26.4,24.87
2026-08-13 14:35:41,lht65-02,52.25,5.97326,2.998,35.45,26.8,24.93
2026-08-13 14:45:41,lht65-02,52.25,5.97326,3.0,35.31,27.6,25.06
2026-08-13 14:55:41,lht65-02,52.25,5.97326,3.001,35.19,28.6,25.12
2026-08-13 15:05:41,lht65-02,52.25,5.97326,3.001,35.02,30.7,25.18
2026-08-13 15:15:41,lht65-02,52.25,5.97326,3.0,34.88,26.3,25.25
2026-08-13 15:25:41,lht65-02,52.25,5.97326,3.001,34.62,28.7,25.31
2026-08-13 15:35:41,lht65-02,52.25,5.97326,3.001,34.48,27.7,25.37
2026-08-13 15:45:41,lht65-02,52.25,5.97326,3.001,34.34,28.5,25.37
2026-08-13 15:55:41,lht65-02,52.25,5.97326,3.009,33.99,31.3,25.37
2026-08-13 16:05:41,lht65-02,52.25,5.97326,3.01,33.84,28.8,25.37
2026-08-13 16:15:41,lht65-02,52.25,5.97326,3.009,33.57,32.7,25.43
2026-08-13 16:25:41,lht65-02,52.25,5.97326,3.009,33.47,26.8,25.43
2026-08-13 16:35:41,lht65-02,52.25,5.97326,3.009,33.2,27.1,25.43
2026-08-13 16:45:41,lht65-02,52.25,5.97326,3.009,33.11,26.6,25.43
2026-08-13 16:55:41,lht65-02,52.25,5.97326,3.01,33.2,26.9,25.43
2026-08-13 17:05:41,lht65-02,52.25,5.97326,3.009,32.88,27.1,25.43
2026-08-13 17:15:41,lht65-02,52.25,5.97326,3.005,32.2,30.0,25.43
2026-08-13 17:25:41,lht65-02,52.25,5.97326,2.998,31.32,35.7,25.43
2026-08-13 17:35:41,lht65-02,52.25,5.97326,3.007,30.39,39.2,25.37
2026-08-13 17:45:41,lht65-02,52.25,5.97326,2.991,29.64,45.7,25.37
2026-08-13 17:55:41,lht65-02,52.25,5.97326,2.98,28.74,51.3,25.31
2026-08-13 18:05:41,lht65-02,52.25,5.97326,2.968,27.64,46.7,25.31
2026-08-13 18:15:41,lht65-02,52.25,5.97326,2.911,26.74,53.8,25.25
2026-08-13 18:25:41,lht65-02,52.25,5.97326,2.941,26.03,58.8,25.18
2026-08-13 18:35:41,lht65-02,52.25,5.97326,3.016,25.32,64.6,25.12
2026-08-13 18:45:41,lht65-02,52.25,5.97326,3.019,24.72,67.0,25.06
2026-08-13 18:55:40,lht65-02,52.25,5.97326,3.019,24.1,70.3,24.93
2026-08-13 19:05:40,lht65-02,52.25,5.97326,3.009,23.51,74.5,24.87
2026-08-13 19:15:40,lht65-02,52.25,5.97326,2.994,22.98,73.0,24.81
2026-08-13 19:25:41,lht65-02,52.25,5.97326,3.005,22.47,71.4,24.75
2026-08-13 19:35:41,lht65-02,52.25,5.97326,2.998,21.99,76.0,24.62
2026-08-13 19:45:40,lht65-02,52.25,5.97326,2.955,21.52,76.5,24.56
2026-08-13 19:55:40,lht65-02,52.25,5.97326,2.983,21.03,76.2,24.5
2026-08-13 20:05:40,lht65-02,52.25,5.97326,2.952,20.58,77.8,24.37
2026-08-13 20:15:40,lht65-02,52.25,5.97326,2.978,20.19,80.0,24.31
2026-08-13 20:25:40,lht65-02,52.25,5.97326,2.991,19.86,80.6,24.18
2026-08-13 20:35:40,lht65-02,52.25,5.97326,3.005,19.63,81.0,24.12
2026-08-13 20:45:40,lht65-02,52.25,5.97326,2.994,19.34,82.8,24.0
2026-08-13 20:55:40,lht65-02,52.25,5.97326,2.98,19.05,81.8,23.93
2026-08-13 21:05:40,lht65-02,52.25,5.97326,3.009,18.81,82.5,23.81
2026-08-13 21:15:40,lht65-02,52.25,5.97326,3.0,18.57,81.1,23.75
2026-08-13 21:25:40,lht65-02,52.25,5.97326,3.014,18.36,80.9,23.68
2026-08-13 21:35:40,lht65-02,52.25,5.97326,3.016,18.15,81.9,23.56
2026-08-13 21:45:40,lht65-02,52.25,5.97326,3.016,17.97,83.2,23.5
2026-08-13 21:55:40,lht65-02,52.25,5.97326,3.016,17.75,84.7,23.43
2026-08-13 22:05:40,lht65-02,52.25,5.97326,3.019,17.53,85.0,23.37
2026-08-13 22:15:40,lht65-02,52.25,5.97326,3.019,17.28,84.8,23.25
2026-08-13 22:25:40,lht65-02,52.25,5.97326,3.019,17.09,83.9,23.18
2026-08-13 22:35:40,lht65-02,52.25,5.97326,3.019,16.94,83.8,23.06
2026-08-13 22:45:40,lht65-02,52.25,5.97326,3.021,16.79,82.2,23.06
2026-08-13 22:55:40,lht65-02,52.25,5.97326,3.019,16.57,83.3,23.0
2026-08-13 23:05:40,lht65-02,52.25,5.97326,3.016,16.41,82.4,22.87
2026-08-13 23:15:40,lht65-02,52.25,5.97326,3.018,16.26,84.9,22.81
2026-08-13 23:25:40,lht65-02,52.25,5.97326,3.016,16.05,83.1,22.75
2026-08-13 23:35:40,lht65-02,52.25,5.97326,3.019,15.9,85.2,22.68
2026-08-13 23:45:40,lht65-02,52.25,5.97326,3.019,15.72,85.1,22.56
2026-08-13 23:55:40,lht65-02,52.25,5.97326,3.016,15.57,85.4,22.56
2026-08-14 00:05:40,lht65-02,52.25,5.97326,3.016,15.37,85.7,22.43
2026-08-14 00:15:40,lht65-02,52.25,5.97326,3.016,15.23,85.2,22.37
2026-08-14 00:25:40,lht65-02,52.25,5.97326,3.016,15.09,85.7,22.31
2026-08-14 00:35:40,lht65-02,52.25,5.97326,3.012,14.92,86.5,22.25
2026-08-14 00:45:40,lht65-02,52.25,5.97326,3.019,14.66,86.3,22.18
2026-08-14 00:55:40,lht65-02,52.25,5.97326,3.019,14.46,86.6,22.12
2026-08-14 01:05:40,lht65-02,52.25,5.97326,3.009,14.35,88.6,22.06
2026-08-14 01:15:40,lht65-02,52.25,5.97326,3.012,14.32,89.8,22.0
2026-08-14 01:25:40,lht65-02,52.25,5.97326,3.019,14.32,90.6,21.93
2026-08-14 01:35:40,lht65-02,52.25,5.97326,3.014,14.32,91.4,21.87
2026-08-14 01:45:40,lht65-02,52.25,5.97326,3.018,14.34,92.0,21.81
2026-08-14 01:55:40,lht65-02,52.25,5.97326,3.014,14.32,92.4,21.75
2026-08-14 02:05:40,lht65-02,52.25,5.97326,3.018,14.32,92.6,21.68
2026-08-14 02:15:40,lht65-02,52.25,5.97326,3.016,14.31,92.7,21.62
2026-08-14 02:25:40,lht65-02,52.25,5.97326,3.016,14.31,92.8,21.56
2026-08-14 02:35:40,lht65-02,52.25,5.97326,3.016,14.3,92.9,21.5
2026-08-14 02:45:40,lht65-02,52.25,5.97326,3.016,14.3,93.1,21.43
2026-08-14 02:55:40,lht65-02,52.25,5.97326,3.016,14.3,93.1,21.43
2026-08-14 03:05:40,lht65-02,52.25,5.97326,3.012,14.15,93.1,21.37
2026-08-14 03:15:40,lht65-02,52.25,5.97326,3.016,14.09,93.1,21.31
2026-08-14 03:25:40,lht65-02,52.25,5.97326,3.014,14.04,93.3,21.25
2026-08-14 03:35:40,lht65-02,52.25,5.97326,3.016,13.98,93.3,21.18
2026-08-14 03:45:40,lht65-02,52.25,5.97326,3.016,13.92,93.4,21.18
2026-08-14 03:55:40,lht65-02,52.25,5.97326,2.962,13.86,93.5,21.12
2026-08-14 04:05:40,lht65-02,52.25,5.97326,3.009,13.8,93.6,21.12
2026-08-14 04:15:40,lht65-02,52.25,5.97326,3.007,13.74,93.5,21.06
2026-08-14 04:25:40,lht65-02,52.25,5.97326,3.009,13.71,93.7,21.0
2026-08-14 04:35:40,lht65-02,52.25,5.97326,3.009,13.72,93.9,20.93
2026-08-14 04:45:40,lht65-02,52.25,5.97326,3.009,13.75,94.1,20.87
2026-08-14 04:55:40,lht65-02,52.25,5.97326,3.009,13.89,94.5,20.87
2026-08-14 05:05:40,lht65-02,52.25,5.97326,3.009,14.19,95.3,20.81
2026-08-14 05:15:40,lht65-02,52.25,5.97326,3.009,14.41,96.5,20.75
2026-08-14 05:25:40,lht65-02,52.25,5.97326,3.007,14.78,97.6,20.75
2026-08-14 05:35:39,lht65-02,52.25,5.97326,3.005,15.23,98.9,20.68
2026-08-14 05:45:40,lht65-02,52.25,5.97326,3.005,15.78,100.0,20.68
2026-08-14 05:55:40,lht65-02,52.25,5.97326,3.005,16.48,100.0,20.62
2026-08-14 06:05:40,lht65-02,52.25,5.97326,3.009,17.26,100.0,20.68
2026-08-14 06:15:39,lht65-02,52.25,5.97326,3.001,18.04,100.0,20.62
2026-08-14 06:25:40,lht65-02,52.25,5.97326,2.996,18.92,100.0,20.62
2026-08-14 06:35:39,lht65-02,52.25,5.97326,2.991,19.86,100.0,20.68
2026-08-14 06:45:40,lht65-02,52.25,5.97326,3.003,20.95,100.0,20.68
2026-08-14 06:55:39,lht65-02,52.25,5.97326,3.001,22.1,100.0,20.68
2026-08-14 07:05:39,lht65-02,52.25,5.97326,2.976,23.34,100.0,20.75
2026-08-14 07:15:39,lht65-02,52.25,5.97326,2.966,24.64,99.4,20.81
2026-08-14 07:25:39,lht65-02,52.25,5.97326,3.007,25.9,95.1,20.87
2026-08-14 07:35:39,lht65-02,52.25,5.97326,3.007,27.08,86.5,20.93
2026-08-14 07:45:39,lht65-02,52.25,5.97326,3.012,28.19,87.0,21.06
2026-08-14 07:55:39,lht65-02,52.25,5.97326,3.007,29.05,72.1,21.12
2026-08-14 08:05:39,lht65-02,52.25,5.97326,3.012,29.79,70.6,21.25
2026-08-14 08:15:39,lht65-02,52.25,5.97326,3.005,30.4,67.6,21.37
2026-08-14 08:25:39,lht65-02,52.25,5.97326,3.005,30.83,48.6,21.43
2026-08-14 08:35:39,lht65-02,52.25,5.97326,3.019,30.72,49.4,21.56
2026-08-14 08:45:39,lht65-02,52.25,5.97326,3.021,30.83,46.1,21.68
2026-08-14 08:55:39,lht65-02,52.25,5.97326,2.955,31.06,48.0,21.81
2026-08-14 09:05:39,lht65-02,52.25,5.97326,2.982,31.7,50.5,21.93
2026-08-14 09:15:39,lht65-02,52.25,5.97326,2.659,32.26,50.6,21.93
2026-08-14 09:25:39,lht65-02,52.25,5.97326,3.007,32.59,45.1,22.12
2026-08-14 09:35:39,lht65-02,52.25,5.97326,2.95,32.84,48.6,22.25
2026-08-14 09:45:39,lht65-02,52.25,5.97326,3.009,33.23,42.6,22.37
2026-08-14 09:55:39,lht65-02,52.25,5.97326,3.012,33.57,43.1,22.5
2026-08-14 10:05:39,lht65-02,52.25,5.97326,2.882,33.94,44.0,22.62
2026-08-14 10:15:39,lht65-02,52.25,5.97326,3.014,34.48,36.6,22.75
2026-08-14 10:25:39,lht65-02,52.25,5.97326,3.009,34.96,43.2,22.87
2026-08-14 10:35:39,lht65-02,52.25,5.97326,3.016,35.22,39.1,23.0
2026-08-14 10:45:39,lht65-02,52.25,5.97326,3.014,35.37,37.5,23.18
2026-08-14 10:55:39,lht65-02,52.25,5.97326,3.009,35.55,37.1,23.31
2026-08-14 11:05:39,lht65-02,52.25,5.97326,3.016,35.71,40.5,23.37
2026-08-14 11:15:39,lht65-02,52.25,5.97326,3.016,35.92,39.1,23.5
2026-08-14 11:25:39,lht65-02,52.25,5.97326,3.016,35.86,34.8,23.62
2026-08-14 11:35:39,lht65-02,52.25,5.97326,3.016,36.31,37.1,23.75
2026-08-14 11:45:39,lht65-02,52.25,5.97326,3.019,36.46,35.4,23.87
2026-08-14 11:55:39,lht65-02,52.25,5.97326,3.005,36.75,36.8,24.0
2026-08-14 12:05:39,lht65-02,52.25,5.97326,3.001,36.99,34.5,24.12
2026-08-14 12:15:39,lht65-02,52.25,5.97326,3.001,37.76,33.2,24.18
2026-08-14 12:25:39,lht65-02,52.25,5.97326,3.001,38.03,38.8,24.31
2026-08-14 12:35:39,lht65-02,52.25,5.97326,3.001,37.94,34.3,24.43
2026-08-14 12:55:39,lht65-02,52.25,5.97326,3.001,38.58,33.9,24.68
2026-08-14 13:05:39,lht65-02,52.25,5.97326,3.001,38.78,34.4,24.75
2026-08-14 13:15:39,lht65-02,52.25,5.97326,3.001,38.51,30.3,24.87
2026-08-14 13:35:39,lht65-02,52.25,5.97326,3.001,38.71,36.2,25.12
2026-08-14 13:45:39,lht65-02,52.25,5.97326,3.001,38.38,35.5,25.31
2026-08-14 13:55:39,lht65-02,52.25,5.97326,3.0,38.04,42.6,25.43
2026-08-14 14:05:39,lht65-02,52.25,5.97326,3.001,37.96,37.0,25.56
2026-08-14 14:15:39,lht65-02,52.25,5.97326,3.001,37.69,41.7,25.68
2026-08-14 14:25:39,lht65-02,52.25,5.97326,3.001,37.54,41.3,25.75
2026-08-14 14:35:39,lht65-02,52.25,5.97326,3.001,37.14,34.4,25.87
2026-08-14 14:45:39,lht65-02,52.25,5.97326,3.001,36.82,37.4,25.93
2026-08-14 14:55:39,lht65-02,52.25,5.97326,3.005,36.78,46.8,26.0
2026-08-14 15:05:39,lht65-02,52.25,5.97326,3.007,36.43,41.2,26.06
2026-08-14 15:15:39,lht65-02,52.25,5.97326,3.009,36.2,38.6,26.12
2026-08-14 15:25:39,lht65-02,52.25,5.97326,3.009,35.85,49.2,26.18
2026-08-14 15:35:39,lht65-02,52.25,5.97326,3.009,35.64,45.4,26.18
2026-08-14 15:45:39,lht65-02,52.25,5.97326,3.009,35.59,39.3,26.25
2026-08-14 15:55:39,lht65-02,52.25,5.97326,3.009,35.21,38.0,26.25
2026-08-14 16:05:39,lht65-02,52.25,5.97326,3.007,35.0,37.5,26.25
2026-08-14 16:15:39,lht65-02,52.25,5.97326,3.005,34.74,46.9,26.31
2026-08-14 16:25:39,lht65-02,52.25,5.97326,3.005,34.46,41.0,26.25
2026-08-14 16:35:39,lht65-02,52.25,5.97326,3.005,34.27,49.4,26.25
2026-08-14 16:45:39,lht65-02,52.25,5.97326,3.005,34.21,45.3,26.25
2026-08-14 16:55:38,lht65-02,52.25,5.97326,3.005,34.09,45.2,26.25
2026-08-14 17:05:38,lht65-02,52.25,5.97326,3.005,33.66,49.9,26.25
2026-08-14 17:15:38,lht65-02,52.25,5.97326,3.005,33.14,48.4,26.25
2026-08-14 17:25:38,lht65-02,52.25,5.97326,3.005,32.38,39.8,26.25
2026-08-14 17:35:38,lht65-02,52.25,5.97326,3.005,31.51,44.5,26.18
2026-08-14 17:45:38,lht65-02,52.25,5.97326,3.005,30.82,42.8,26.18
2026-08-14 17:55:38,lht65-02,52.25,5.97326,3.003,30.16,43.0,26.18
2026-08-14 18:05:38,lht65-02,52.25,5.97326,2.998,29.55,47.4,26.12
2026-08-14 18:15:38,lht65-02,52.25,5.97326,2.996,28.94,47.1,26.06
2026-08-14 18:25:38,lht65-02,52.25,5.97326,3.005,28.3,52.5,26.0
2026-08-14 18:35:38,lht65-02,52.25,5.97326,3.01,27.68,55.5,25.93
2026-08-14 18:45:38,lht65-02,52.25,5.97326,3.014,27.08,62.9,25.87
2026-08-14 18:55:38,lht65-02,52.25,5.97326,3.016,26.5,66.4,25.81
2026-08-14 19:05:38,lht65-02,52.25,5.97326,3.012,25.97,69.5,25.75
2026-08-14 19:15:38,lht65-02,52.25,5.97326,3.012,25.43,64.3,25.68
2026-08-14 19:25:38,lht65-02,52.25,5.97326,3.014,25.05,57.9,25.62
2026-08-14 19:35:38,lht65-02,52.25,5.97326,3.012,24.66,57.0,25.5
2026-08-14 19:45:38,lht65-02,52.25,5.97326,3.009,24.24,63.9,25.43
2026-08-14 19:55:38,lht65-02,52.25,5.97326,3.009,23.77,69.5,25.37
2026-08-14 20:05:38,lht65-02,52.25,5.97326,3.016,23.22,58.9,25.31
2026-08-14 20:15:38,lht65-02,52.25,5.97326,3.001,22.7,65.3,25.18
2026-08-14 20:25:38,lht65-02,52.25,5.97326,3.005,22.26,67.0,25.12
2026-08-14 20:35:38,lht65-02,52.25,5.97326,3.001,21.81,70.2,25.06
2026-08-14 20:45:38,lht65-02,52.25,5.97326,2.952,21.42,72.8,24.93
2026-08-14 20:55:38,lht65-02,52.25,5.97326,3.001,21.12,76.2,24.87
2026-08-14 21:05:38,lht65-02,52.25,5.97326,2.971,20.79,77.7,24.75
2026-08-14 21:15:38,lht65-02,52.25,5.97326,3.005,20.48,80.5,24.68
2026-08-14 21:25:38,lht65-02,52.25,5.97326,3.005,20.25,81.6,24.62
2026-08-14 21:35:38,lht65-02,52.25,5.97326,3.001,20.04,82.4,24.5
2026-08-14 21:45:38,lht65-02,52.25,5.97326,2.976,19.86,84.3,24.43
2026-08-14 21:55:38,lht65-02,52.25,5.97326,3.012,19.84,84.7,24.37
2026-08-14 22:05:38,lht65-02,52.25,5.97326,3.012,19.73,86.7,24.25
2026-08-14 22:15:38,lht65-02,52.25,5.97326,3.012,19.65,87.3,24.18
2026-08-14 22:25:38,lht65-02,52.25,5.97326,3.012,19.57,86.8,24.12
2026-08-14 22:35:38,lht65-02,52.25,5.97326,3.012,19.45,86.9,24.06
2026-08-14 22:45:38,lht65-02,52.25,5.97326,3.012,19.38,87.8,24.0
2026-08-14 22:55:38,lht65-02,52.25,5.97326,3.012,19.3,88.1,23.93
2026-08-14 23:05:38,lht65-02,52.25,5.97326,3.012,19.2,88.5,23.87
2026-08-14 23:15:38,lht65-02,52.25,5.97326,3.012,19.08,87.2,23.81
2026-08-14 23:25:38,lht65-02,52.25,5.97326,3.0,18.96,86.9,23.75
2026-08-14 23:35:38,lht65-02,52.25,5.97326,3.014,18.87,88.0,23.68
2026-08-14 23:45:38,lht65-02,52.25,5.97326,3.014,18.68,87.3,23.62
2026-08-14 23:55:38,lht65-02,52.25,5.97326,3.012,18.47,88.1,23.56
2026-08-15 00:05:38,lht65-02,52.25,5.97326,3.012,18.42,89.3,23.5
2026-08-15 00:15:38,lht65-02,52.25,5.97326,3.01,18.39,90.1,23.43
2026-08-15 00:25:38,lht65-02,52.25,5.97326,3.012,18.34,90.4,23.37
2026-08-15 00:35:38,lht65-02,52.25,5.97326,3.009,18.26,90.4,23.31
2026-08-15 00:45:38,lht65-02,52.25,5.97326,3.012,18.2,90.9,23.25
2026-08-15 00:55:38,lht65-02,52.25,5.97326,3.01,18.19,91.5,23.18
2026-08-15 01:05:38,lht65-02,52.25,5.97326,3.012,18.18,91.9,23.12
2026-08-15 01:15:38,lht65-02,52.25,5.97326,3.012,18.17,92.1,23.06
2026-08-15 01:25:38,lht65-02,52.25,5.97326,3.012,18.14,92.2,23.06
2026-08-15 01:35:38,lht65-02,52.25,5.97326,3.01,18.07,91.8,23.0
2026-08-15 01:45:38,lht65-02,52.25,5.97326,3.009,18.0,91.3,22.93
2026-08-15 01:55:38,lht65-02,52.25,5.97326,3.001,17.89,91.6,22.93
2026-08-15 02:05:37,lht65-02,52.25,5.97326,3.014,17.81,92.1,22.87
2026-08-15 02:15:38,lht65-02,52.25,5.97326,3.016,17.72,92.3,22.81
2026-08-15 02:25:37,lht65-02,52.25,5.97326,3.014,17.52,91.5,22.75
2026-08-15 02:38:48,lht65-02,52.25,5.97326,3.01,17.31,90.5,22.68
2026-08-15 02:45:38,lht65-02,52.25,5.97326,3.012,17.31,91.7,22.68
2026-08-15 02:55:37,lht65-02,52.25,5.97326,3.014,17.38,92.7,22.62
2026-08-15 03:05:37,lht65-02,52.25,5.97326,3.012,17.46,93.5,22.56
2026-08-15 03:15:37,lht65-02,52.25,5.97326,3.014,17.53,94.5,22.5
2026-08-15 03:25:37,lht65-02,52.25,5.97326,3.014,17.57,95.1,22.5
2026-08-15 03:35:37,lht65-02,52.25,5.97326,3.016,17.62,95.1,22.43
2026-08-15 03:45:37,lht65-02,52.25,5.97326,3.014,17.65,95.2,22.43
2026-08-15 03:55:37,lht65-02,52.25,5.97326,3.014,17.72,95.5,22.37
2026-08-15 04:05:37,lht65-02,52.25,5.97326,3.014,17.75,95.7,22.37
2026-08-15 04:15:37,lht65-02,52.25,5.97326,3.016,17.75,95.5,22.31
2026-08-15 04:25:37,lht65-02,52.25,5.97326,3.014,17.75,95.1,22.31
2026-08-15 04:35:37,lht65-02,52.25,5.97326,3.014,17.73,94.7,22.25
2026-08-15 04:45:37,lht65-02,52.25,5.97326,3.016,17.76,95.0,22.18
2026-08-15 04:55:38,lht65-02,52.25,5.97326,3.014,17.87,95.4,22.18
2026-08-15 05:05:37,lht65-02,52.25,5.97326,3.016,18.06,95.7,22.12
2026-08-15 05:15:37,lht65-02,52.25,5.97326,3.014,18.3,96.2,22.12
2026-08-15 05:25:37,lht65-02,52.25,5.97326,3.016,18.45,97.0,22.06
2026-08-15 05:35:37,lht65-02,52.25,5.97326,3.016,18.61,97.1,22.06
2026-08-15 05:45:37,lht65-02,52.25,5.97326,3.014,18.84,97.1,22.06
2026-08-15 05:55:37,lht65-02,52.25,5.97326,3.014,19.09,97.1,22.0
2026-08-15 06:05:37,lht65-02,52.25,5.97326,3.016,19.46,97.2,22.06
2026-08-15 06:15:37,lht65-02,52.25,5.97326,3.012,19.86,97.2,22.0
2026-08-15 06:25:37,lht65-02,52.25,5.97326,3.014,20.13,97.1,22.0
2026-08-15 06:35:37,lht65-02,52.25,5.97326,3.014,20.29,96.4,22.0
2026-08-15 06:45:37,lht65-02,52.25,5.97326,3.014,20.37,95.4,22.0
2026-08-15 06:55:37,lht65-02,52.25,5.97326,3.014,20.29,93.3,22.0
2026-08-15 07:05:37,lht65-02,52.25,5.97326,3.016,20.32,93.7,22.0
2026-08-15 07:15:37,lht65-02,52.25,5.97326,3.014,20.39,93.0,22.0
2026-08-15 07:25:37,lht65-02,52.25,5.97326,3.012,20.64,94.3,22.0
2026-08-15 07:35:37,lht65-02,52.25,5.97326,3.012,21.2,94.4,22.06
2026-08-15 07:45:37,lht65-02,52.25,5.97326,3.01,22.03,95.3,22.0
2026-08-15 07:55:37,lht65-02,52.25,5.97326,3.012,23.02,94.9,22.0
2026-08-15 08:05:37,lht65-02,52.25,5.97326,3.014,24.02,94.6,22.06
2026-08-15 08:15:37,lht65-02,52.25,5.97326,3.009,24.72,92.4,22.06
2026-08-15 08:25:37,lht65-02,52.25,5.97326,3.009,25.38,92.2,22.12
2026-08-15 08:35:37,lht65-02,52.25,5.97326,3.005,26.22,92.0,22.18
2026-08-15 08:45:37,lht65-02,52.25,5.97326,3.009,27.13,90.7,22.18
2026-08-15 08:55:37,lht65-02,52.25,5.97326,3.009,27.09,87.2,22.25
2026-08-15 09:05:37,lht65-02,52.25,5.97326,3.009,26.47,85.8,22.37
2026-08-15 09:15:37,lht65-02,52.25,5.97326,3.009,25.67,85.5,22.37
2026-08-15 09:25:37,lht65-02,52.25,5.97326,3.009,25.32,86.9,22.5
2026-08-15 09:35:37,lht65-02,52.25,5.97326,3.009,24.86,87.7,22.5
2026-08-15 09:45:37,lht65-02,52.25,5.97326,3.009,24.52,88.2,22.56
2026-08-15 09:55:37,lht65-02,52.25,5.97326,3.009,24.28,89.1,22.62
2026-08-15 10:05:37,lht65-02,52.25,5.97326,3.012,24.02,89.0,22.62
2026-08-15 10:15:37,lht65-02,52.25,5.97326,3.012,23.81,89.5,22.62
2026-08-15 10:25:37,lht65-02,52.25,5.97326,3.014,23.97,89.6,22.62
2026-08-15 10:35:37,lht65-02,52.25,5.97326,3.014,24.26,89.9,22.68
2026-08-15 10:45:37,lht65-02,52.25,5.97326,3.014,24.49,89.6,22.68
2026-08-15 10:55:37,lht65-02,52.25,5.97326,3.016,24.57,89.6,22.68
2026-08-15 11:05:37,lht65-02,52.25,5.97326,3.014,24.51,89.2,22.68
2026-08-15 11:15:37,lht65-02,52.25,5.97326,3.016,24.24,88.6,22.75
2026-08-15 11:25:37,lht65-02,52.25,5.97326,3.016,23.86,88.5,22.75
2026-08-15 11:35:37,lht65-02,52.25,5.97326,3.014,23.5,88.9,22.75
2026-08-15 11:45:37,lht65-02,52.25,5.97326,3.016,23.32,90.1,22.81
2026-08-15 11:55:37,lht65-02,52.25,5.97326,3.012,23.58,91.5,22.81
2026-08-15 12:05:37,lht65-02,52.25,5.97326,3.014,23.98,91.9,22.81
2026-08-15 12:15:36,lht65-02,52.25,5.97326,3.016,24.24,91.6,22.81
2026-08-15 12:25:37,lht65-02,52.25,5.97326,3.012,24.36,91.3,22.81
2026-08-15 12:35:37,lht65-02,52.25,5.97326,3.014,24.48,91.3,22.81
2026-08-15 12:45:37,lht65-02,52.25,5.97326,3.014,24.65,91.0,22.81
2026-08-15 12:55:36,lht65-02,52.25,5.97326,3.014,24.87,90.7,22.87
2026-08-15 13:05:36,lht65-02,52.25,5.97326,3.014,25.32,90.6,22.87
2026-08-15 13:15:36,lht65-02,52.25,5.97326,3.012,25.84,89.3,22.87
2026-08-15 13:25:36,lht65-02,52.25,5.97326,3.014,26.08,89.3,22.87
2026-08-15 13:35:36,lht65-02,52.25,5.97326,3.012,26.14,88.9,22.93
2026-08-15 13:45:36,lht65-02,52.25,5.97326,3.012,26.02,88.9,23.0
2026-08-15 13:55:36,lht65-02,52.25,5.97326,3.012,25.94,89.0,23.0
2026-08-15 14:05:37,lht65-02,52.25,5.97326,3.012,26.18,89.3,23.06
2026-08-15 14:15:36,lht65-02,52.25,5.97326,3.012,26.56,89.5,23.06
2026-08-15 14:25:36,lht65-02,52.25,5.97326,3.01,27.09,89.6,23.12
2026-08-15 14:35:36,lht65-02,52.25,5.97326,3.009,27.56,88.2,23.12
2026-08-15 14:45:36,lht65-02,52.25,5.97326,3.009,27.87,87.8,23.18
2026-08-15 14:55:36,lht65-02,52.25,5.97326,3.009,27.03,72.0,23.18
2026-08-15 15:05:36,lht65-02,52.25,5.97326,3.007,26.03,74.7,23.25
2026-08-15 15:15:36,lht65-02,52.25,5.97326,3.007,26.08,76.3,23.31
2026-08-15 15:25:36,lht65-02,52.25,5.97326,3.007,26.44,80.4,23.37
2026-08-15 15:35:36,lht65-02,52.25,5.97326,3.009,27.56,83.5,23.37
2026-08-15 15:45:36,lht65-02,52.25,5.97326,3.005,28.2,80.6,23.43
2026-08-15 15:55:36,lht65-02,52.25,5.97326,3.009,28.54,80.0,23.5
2026-08-15 16:05:36,lht65-02,52.25,5.97326,3.009,28.64,79.6,23.56
2026-08-15 16:15:36,lht65-02,52.25,5.97326,3.01,28.08,79.1,23.56
2026-08-15 16:25:36,lht65-02,52.25,5.97326,3.007,27.46,79.3,23.62
2026-08-15 16:35:36,lht65-02,52.25,5.97326,3.005,26.82,79.6,23.68
2026-08-15 16:45:36,lht65-02,52.25,5.97326,3.005,26.28,81.0,23.68
2026-08-15 17:05:36,lht65-02,52.25,5.97326,3.009,24.61,80.7,23.75
2026-08-15 17:15:36,lht65-02,52.25,5.97326,3.007,23.69,81.1,23.75
2026-08-15 17:25:36,lht65-02,52.25,5.97326,3.009,23.15,84.7,23.75
2026-08-15 17:35:36,lht65-02,52.25,5.97326,3.009,22.9,86.3,23.75
2026-08-15 17:45:36,lht65-02,52.25,5.97326,3.009,22.87,87.7,23.68
2026-08-15 17:55:36,lht65-02,52.25,5.97326,3.009,22.93,88.4,23.68
2026-08-15 18:05:36,lht65-02,52.25,5.97326,3.009,22.84,87.8,23.62
2026-08-15 18:15:36,lht65-02,52.25,5.97326,3.009,22.59,87.1,23.62
2026-08-15 18:25:36,lht65-02,52.25,5.97326,3.007,22.34,88.0,23.56
2026-08-15 18:35:36,lht65-02,52.25,5.97326,3.009,22.04,88.3,23.56
2026-08-15 18:45:36,lht65-02,52.25,5.97326,3.005,21.68,88.0,23.56
2026-08-15 18:55:36,lht65-02,52.25,5.97326,3.007,21.31,88.2,23.5
2026-08-15 19:05:36,lht65-02,52.25,5.97326,3.009,20.95,88.8,23.43
2026-08-15 19:15:36,lht65-02,52.25,5.97326,3.005,20.51,86.9,23.43
2026-08-15 19:25:36,lht65-02,52.25,5.97326,3.005,19.96,86.2,23.37
2026-08-15 19:35:36,lht65-02,52.25,5.97326,3.009,19.63,86.5,23.31
2026-08-15 19:45:36,lht65-02,52.25,5.97326,3.009,19.29,87.7,23.31
2026-08-15 19:55:36,lht65-02,52.25,5.97326,3.005,19.05,88.0,23.18
2026-08-15 20:05:36,lht65-02,52.25,5.97326,3.009,18.86,88.3,23.18
2026-08-15 20:15:36,lht65-02,52.25,5.97326,3.01,18.7,88.8,23.12
2026-08-15 20:25:36,lht65-02,52.25,5.97326,3.01,18.45,88.7,23.06
2026-08-15 20:35:36,lht65-02,52.25,5.97326,3.012,18.27,89.0,23.0
2026-08-15 20:45:36,lht65-02,52.25,5.97326,3.012,18.04,89.0,22.93
2026-08-15 20:55:36,lht65-02,52.25,5.97326,3.009,17.82,88.5,22.87
2026-08-15 21:05:35,lht65-02,52.25,5.97326,3.012,17.65,89.1,22.81
2026-08-15 21:15:36,lht65-02,52.25,5.97326,3.01,17.52,89.3,22.81
2026-08-15 21:35:36,lht65-02,52.25,5.97326,3.012,17.28,89.7,22.62
2026-08-15 21:45:36,lht65-02,52.25,5.97326,2.973,17.09,89.9,22.56
2026-08-15 21:55:35,lht65-02,52.25,5.97326,3.01,17.06,90.1,22.56
2026-08-15 22:05:36,lht65-02,52.25,5.97326,3.009,16.93,87.2,22.5
2026-08-15 22:15:36,lht65-02,52.25,5.97326,3.007,16.83,86.8,22.43
2026-08-15 22:25:35,lht65-02,52.25,5.97326,3.012,16.77,87.1,22.37
2026-08-15 22:35:35,lht65-02,52.25,5.97326,3.01,16.66,89.0,22.31
2026-08-15 22:45:35,lht65-02,52.25,5.97326,3.014,16.58,90.0,22.31
2026-08-15 22:55:36,lht65-02,52.25,5.97326,2.983,16.41,88.9,22.18
2026-08-15 23:05:35,lht65-02,52.25,5.97326,3.009,16.28,88.6,22.18
2026-08-15 23:15:35,lht65-02,52.25,5.97326,2.994,16.17,88.5,22.12
2026-08-15 23:25:35,lht65-02,52.25,5.97326,3.009,16.0,89.6,22.06
2026-08-15 23:35:35,lht65-02,52.25,5.97326,2.917,15.85,90.3,22.0
2026-08-15 23:45:35,lht65-02,52.25,5.97326,3.009,15.81,90.1,22.0
2026-08-15 23:55:35,lht65-02,52.25,5.97326,3.009,15.8,90.1,21.93
2026-08-16 00:15:35,lht65-02,52.25,5.97326,3.009,15.74,91.0,21.81
2026-08-16 00:25:35,lht65-02,52.25,5.97326,3.012,15.61,90.0,21.75
2026-08-16 00:35:35,lht65-02,52.25,5.97326,3.005,15.53,90.1,21.75
2026-08-16 00:45:35,lht65-02,52.25,5.97326,3.009,15.48,90.2,21.68
2026-08-16 00:55:35,lht65-02,52.25,5.97326,3.009,15.41,91.0,21.62
2026-08-16 01:05:35,lht65-02,52.25,5.97326,2.973,15.28,90.6,21.56
2026-08-16 01:15:35,lht65-02,52.25,5.97326,3.012,15.16,90.2,21.56
2026-08-16 01:25:35,lht65-02,52.25,5.97326,3.009,15.1,90.5,21.5
2026-08-16 01:35:35,lht65-02,52.25,5.97326,3.009,15.09,91.2,21.43
2026-08-16 01:45:35,lht65-02,52.25,5.97326,3.01,15.03,91.7,21.43
2026-08-16 01:55:35,lht65-02,52.25,5.97326,3.012,15.01,92.0,21.37
2026-08-16 02:05:35,lht65-02,52.25,5.97326,2.983,14.76,91.1,21.31
2026-08-16 02:15:35,lht65-02,52.25,5.97326,3.005,14.62,91.5,21.31
2026-08-16 02:25:35,lht65-02,52.25,5.97326,3.009,14.54,92.3,21.25
2026-08-16 02:35:35,lht65-02,52.25,5.97326,3.009,14.47,92.8,21.18
2026-08-16 02:45:35,lht65-02,52.25,5.97326,3.005,14.42,93.5,21.18
2026-08-16 02:55:35,lht65-02,52.25,5.97326,3.005,14.32,94.1,21.12
2026-08-16 03:05:35,lht65-02,52.25,5.97326,3.005,14.32,94.5,21.06
2026-08-16 03:15:35,lht65-02,52.25,5.97326,3.001,14.31,94.8,21.0
2026-08-16 03:25:35,lht65-02,52.25,5.97326,2.994,14.3,95.0,21.0
2026-08-16 03:35:35,lht65-02,52.25,5.97326,3.005,14.3,95.1,20.93
2026-08-16 03:45:35,lht65-02,52.25,5.97326,3.001,14.31,95.7,20.93
2026-08-16 03:55:35,lht65-02,52.25,5.97326,3.005,14.39,97.4,20.87
2026-08-16 04:05:35,lht65-02,52.25,5.97326,3.005,14.48,99.5,20.87
2026-08-16 04:15:35,lht65-02,52.25,5.97326,3.005,14.54,100.0,20.81
2026-08-16 04:25:35,lht65-02,52.25,5.97326,3.001,14.58,100.0,20.81
2026-08-16 04:35:35,lht65-02,52.25,5.97326,3.007,14.59,100.0,20.75
2026-08-16 04:45:35,lht65-02,52.25,5.97326,2.996,14.64,100.0,20.75
2026-08-16 04:55:35,lht65-02,52.25,5.97326,3.005,14.77,100.0,20.68
2026-08-16 05:05:35,lht65-02,52.25,5.97326,3.009,15.1,100.0,20.68
2026-08-16 05:15:35,lht65-02,52.25,5.97326,3.005,15.49,100.0,20.68
2026-08-16 05:25:35,lht65-02,52.25,5.97326,3.005,15.96,100.0,20.62
2026-08-16 05:35:35,lht65-02,52.25,5.97326,3.005,16.4,100.0,20.62
2026-08-16 05:45:35,lht65-02,52.25,5.97326,3.005,16.86,100.0,20.62
2026-08-16 05:55:35,lht65-02,52.25,5.97326,3.003,17.24,100.0,20.56
2026-08-16 06:05:35,lht65-02,52.25,5.97326,3.001,17.68,100.0,20.56
2026-08-16 06:15:35,lht65-02,52.25,5.97326,2.992,18.22,100.0,20.56
2026-08-16 06:25:35,lht65-02,52.25,5.97326,3.001,18.94,100.0,20.56
2026-08-16 06:35:35,lht65-02,52.25,5.97326,3.005,19.81,100.0,20.62
2026-08-16 06:45:35,lht65-02,52.25,5.97326,3.005,20.53,100.0,20.62
2026-08-16 06:55:35,lht65-02,52.25,5.97326,2.994,21.41,98.5,20.68
2026-08-16 07:05:35,lht65-02,52.25,5.97326,3.003,22.39,95.6,20.68
2026-08-16 07:15:35,lht65-02,52.25,5.97326,3.005,23.5,93.4,20.75
2026-08-16 07:25:35,lht65-02,52.25,5.97326,2.971,24.53,91.4,20.81
2026-08-16 07:35:35,lht65-02,52.25,5.97326,2.98,25.38,90.0,20.87
2026-08-16 07:45:35,lht65-02,52.25,5.97326,3.007,26.35,89.0,20.93
2026-08-16 07:55:35,lht65-02,52.25,5.97326,3.001,27.38,88.5,21.0
2026-08-16 08:05:35,lht65-02,52.25,5.97326,2.998,28.52,87.2,21.06
2026-08-16 08:15:35,lht65-02,52.25,5.97326,2.987,29.3,75.4,21.18
2026-08-16 08:25:35,lht65-02,52.25,5.97326,2.941,29.85,74.0,21.31
2026-08-16 08:35:35,lht65-02,52.25,5.97326,2.924,30.44,71.7,21.37
2026-08-16 08:45:35,lht65-02,52.25,5.97326,2.955,30.83,66.1,21.5
2026-08-16 08:55:35,lht65-02,52.25,5.97326,2.978,31.13,64.9,21.62
2026-08-16 09:05:34,lht65-02,52.25,5.97326,3.016,30.83,63.3,21.68
2026-08-16 09:15:34,lht65-02,52.25,5.97326,2.835,31.22,65.4,21.81
2026-08-16 09:25:34,lht65-02,52.25,5.97326,2.899,31.41,46.8,21.93
2026-08-16 09:35:34,lht65-02,52.25,5.97326,3.001,28.55,50.1,22.06
2026-08-16 09:45:34,lht65-02,52.25,5.97326,3.014,27.83,50.3,22.18
2026-08-16 10:05:34,lht65-02,52.25,5.97326,3.019,28.5,73.4,22.37
2026-08-16 10:15:34,lht65-02,52.25,5.97326,3.0,29.71,70.1,22.43
2026-08-16 10:25:34,lht65-02,52.25,5.97326,3.0,30.82,66.7,22.56
2026-08-16 10:35:35,lht65-02,52.25,5.97326,3.012,30.49,51.7,22.62
2026-08-16 10:45:34,lht65-02,52.25,5.97326,3.016,29.08,48.4,22.75
2026-08-16 10:55:34,lht65-02,52.25,5.97326,3.016,28.06,52.9,22.81
2026-08-16 11:05:34,lht65-02,52.25,5.97326,3.018,28.27,65.7,22.93
2026-08-16 11:15:34,lht65-02,52.25,5.97326,3.016,29.54,70.1,23.0
2026-08-16 11:25:34,lht65-02,52.25,5.97326,3.014,29.53,43.2,23.06
2026-08-16 11:35:34,lht65-02,52.25,5.97326,3.016,28.87,47.8,23.12
2026-08-16 11:45:34,lht65-02,52.25,5.97326,3.018,28.68,46.8,23.25
2026-08-16 11:55:34,lht65-02,52.25,5.97326,3.016,29.74,65.9,23.25
2026-08-16 12:05:34,lht65-02,52.25,5.97326,3.016,30.22,43.8,23.37
2026-08-16 12:15:34,lht65-02,52.25,5.97326,3.016,28.76,43.7,23.37
2026-08-16 12:25:34,lht65-02,52.25,5.97326,3.016,28.08,46.1,23.5
2026-08-16 12:35:34,lht65-02,52.25,5.97326,3.014,27.72,60.0,23.56
2026-08-16 12:45:34,lht65-02,52.25,5.97326,3.014,28.27,65.6,23.62
2026-08-16 12:55:34,lht65-02,52.25,5.97326,3.01,29.35,68.3,23.62
2026-08-16 13:05:34,lht65-02,52.25,5.97326,2.994,30.58,62.2,23.68
2026-08-16 13:15:34,lht65-02,52.25,5.97326,2.964,30.19,43.5,23.75
2026-08-16 13:25:34,lht65-02,52.25,5.97326,2.983,29.12,52.5,23.81
2026-08-16 13:35:34,lht65-02,52.25,5.97326,2.996,27.88,56.7,23.87
2026-08-16 13:45:34,lht65-02,52.25,5.97326,3.007,26.86,65.0,23.93
2026-08-16 13:55:34,lht65-02,52.25,5.97326,3.014,26.64,66.9,24.0
2026-08-16 14:05:34,lht65-02,52.25,5.97326,3.014,26.71,71.0,24.0
2026-08-16 14:15:34,lht65-02,52.25,5.97326,3.012,27.17,69.2,24.06
2026-08-16 14:25:34,lht65-02,52.25,5.97326,2.969,27.88,70.7,24.0
2026-08-16 14:35:34,lht65-02,52.25,5.97326,2.966,28.0,70.5,24.06
2026-08-16 14:45:34,lht65-02,52.25,5.97326,2.968,27.75,68.9,24.06
2026-08-16 14:55:34,lht65-02,52.25,5.97326,2.968,27.72,69.6,24.06
2026-08-16 15:05:34,lht65-02,52.25,5.97326,2.98,28.08,70.6,24.12
2026-08-16 15:15:34,lht65-02,52.25,5.97326,2.987,27.94,69.6,24.12
2026-08-16 15:25:34,lht65-02,52.25,5.97326,2.985,27.41,69.2,24.12
2026-08-16 15:35:34,lht65-02,52.25,5.97326,2.987,26.94,70.8,24.12
2026-08-16 15:45:34,lht65-02,52.25,5.97326,2.987,26.64,70.8,24.12
2026-08-16 15:55:34,lht65-02,52.25,5.97326,2.987,26.68,72.0,24.12
2026-08-16 16:05:34,lht65-02,52.25,5.97326,2.983,26.7,71.0,24.12
2026-08-16 16:15:34,lht65-02,52.25,5.97326,3.0,26.28,71.3,24.12
2026-08-16 16:25:34,lht65-02,52.25,5.97326,3.016,25.51,70.9,24.12
2026-08-16 16:35:34,lht65-02,52.25,5.97326,3.014,24.71,75.5,24.12
2026-08-16 16:45:34,lht65-02,52.25,5.97326,3.012,24.83,75.9,24.12
2026-08-16 16:55:34,lht65-02,52.25,5.97326,3.016,25.32,74.2,24.12
2026-08-16 17:05:34,lht65-02,52.25,5.97326,3.016,25.75,73.4,24.06
2026-08-16 17:15:34,lht65-02,52.25,5.97326,3.016,25.55,72.8,24.06
2026-08-16 17:25:34,lht65-02,52.25,5.97326,3.016,25.08,73.0,24.06
2026-08-16 17:35:34,lht65-02,52.25,5.97326,3.012,24.37,74.9,24.0
2026-08-16 17:45:34,lht65-02,52.25,5.97326,3.005,23.69,77.0,24.0
2026-08-16 17:55:34,lht65-02,52.25,5.97326,2.996,22.95,79.5,24.0
2026-08-16 18:05:33,lht65-02,52.25,5.97326,2.994,22.35,82.9,23.93
2026-08-16 18:15:33,lht65-02,52.25,5.97326,3.007,21.96,83.7,23.93
2026-08-16 18:25:33,lht65-02,52.25,5.97326,3.007,21.59,84.6,23.87
2026-08-16 18:35:33,lht65-02,52.25,5.97326,3.009,21.23,85.5,23.81
2026-08-16 18:45:33,lht65-02,52.25,5.97326,3.01,20.93,86.5,23.81
2026-08-16 18:55:33,lht65-02,52.25,5.97326,3.007,20.62,87.1,23.75
2026-08-16 19:05:33,lht65-02,52.25,5.97326,3.01,20.33,87.5,23.68
2026-08-16 19:15:33,lht65-02,52.25,5.97326,3.009,19.95,86.3,23.62
2026-08-16 19:25:33,lht65-02,52.25,5.97326,3.009,19.75,86.6,23.56
2026-08-16 19:35:33,lht65-02,52.25,5.97326,3.009,19.32,85.8,23.5
2026-08-16 19:45:33,lht65-02,52.25,5.97326,3.005,18.87,86.1,23.43
2026-08-16 19:55:34,lht65-02,52.25,5.97326,2.998,18.33,85.9,23.37
2026-08-16 20:05:33,lht65-02,52.25,5.97326,3.007,17.77,86.0,23.31
2026-08-16 20:15:33,lht65-02,52.25,5.97326,3.005,17.23,85.0,23.25
2026-08-16 20:25:33,lht65-02,52.25,5.97326,2.991,16.74,84.6,23.12
2026-08-16 20:35:33,lht65-02,52.25,5.97326,2.998,16.23,85.3,23.06
2026-08-16 20:45:33,lht65-02,52.25,5.97326,2.976,15.78,85.4,23.0
2026-08-16 20:55:33,lht65-02,52.25,5.97326,3.001,15.4,86.7,22.93
2026-08-16 21:05:33,lht65-02,52.25,5.97326,2.996,15.03,86.9,22.87
2026-08-16 21:15:33,lht65-02,52.25,5.97326,2.983,14.76,88.1,22.75
2026-08-16 21:25:33,lht65-02,52.25,5.97326,2.966,14.46,87.7,22.68
2026-08-16 21:35:33,lht65-02,52.25,5.97326,2.955,14.31,89.6,22.62
2026-08-16 21:45:33,lht65-02,52.25,5.97326,2.976,14.31,90.6,22.5
2026-08-16 21:55:33,lht65-02,52.25,5.97326,2.973,14.36,91.9,22.43
2026-08-16 22:05:33,lht65-02,52.25,5.97326,2.976,14.51,93.4,22.37
2026-08-16 22:15:33,lht65-02,52.25,5.97326,2.976,14.63,94.9,22.31
2026-08-16 22:25:33,lht65-02,52.25,5.97326,2.978,14.71,96.2,22.25
2026-08-16 22:35:33,lht65-02,52.25,5.97326,2.973,14.72,96.6,22.12
2026-08-16 22:45:33,lht65-02,52.25,5.97326,2.973,14.67,96.5,22.06
2026-08-16 22:55:33,lht65-02,52.25,5.97326,2.975,14.73,96.6,22.0
2026-08-16 23:05:33,lht65-02,52.25,5.97326,2.976,14.89,97.0,21.93
2026-08-16 23:15:33,lht65-02,52.25,5.97326,2.973,15.07,98.4,21.87
2026-08-16 23:25:33,lht65-02,52.25,5.97326,2.973,15.23,100.0,21.81
2026-08-16 23:35:33,lht65-02,52.25,5.97326,2.969,15.36,100.0,21.81
2026-08-16 23:45:33,lht65-02,52.25,5.97326,2.968,15.47,100.0,21.75
2026-08-16 23:55:33,lht65-02,52.25,5.97326,2.968,15.51,100.0,21.68
2026-08-17 00:05:33,lht65-02,52.25,5.97326,2.966,15.59,100.0,21.62
2026-08-17 00:15:33,lht65-02,52.25,5.97326,2.968,15.68,100.0,21.62
2026-08-17 00:25:33,lht65-02,52.25,5.97326,2.973,15.76,100.0,21.56
2026-08-17 00:35:33,lht65-02,52.25,5.97326,2.973,15.83,100.0,21.56
2026-08-17 00:45:33,lht65-02,52.25,5.97326,2.968,15.91,100.0,21.5
2026-08-17 00:55:33,lht65-02,52.25,5.97326,2.966,15.88,100.0,21.43
2026-08-17 01:05:33,lht65-02,52.25,5.97326,2.968,15.81,100.0,21.43
2026-08-17 01:15:33,lht65-02,52.25,5.97326,2.964,15.77,100.0,21.43
2026-08-17 01:25:33,lht65-02,52.25,5.97326,2.959,15.77,100.0,21.31
2026-08-17 01:35:33,lht65-02,52.25,5.97326,2.968,15.82,100.0,21.31
2026-08-17 01:45:33,lht65-02,52.25,5.97326,2.966,15.9,100.0,21.31
2026-08-17 01:55:33,lht65-02,52.25,5.97326,2.968,15.98,100.0,21.25
2026-08-17 02:05:33,lht65-02,52.25,5.97326,2.966,16.08,100.0,21.18
2026-08-17 02:15:33,lht65-02,52.25,5.97326,2.969,16.17,100.0,21.18
2026-08-17 02:25:33,lht65-02,52.25,5.97326,2.971,16.23,100.0,21.18
2026-08-17 02:35:33,lht65-02,52.25,5.97326,2.968,16.31,100.0,21.12
2026-08-17 02:45:33,lht65-02,52.25,5.97326,2.966,16.37,100.0,21.12
2026-08-17 02:55:33,lht65-02,52.25,5.97326,2.966,16.42,100.0,21.12
2026-08-17 03:05:33,lht65-02,52.25,5.97326,2.966,16.48,100.0,21.06
2026-08-17 03:15:33,lht65-02,52.25,5.97326,2.968,16.51,100.0,21.06
2026-08-17 03:25:33,lht65-02,52.25,5.97326,2.966,16.51,100.0,21.0
2026-08-17 03:35:33,lht65-02,52.25,5.97326,2.968,16.49,100.0,21.0
2026-08-17 03:45:33,lht65-02,52.25,5.97326,2.968,16.44,100.0,21.0
2026-08-17 03:55:33,lht65-02,52.25,5.97326,2.978,16.4,100.0,21.0
2026-08-17 04:15:32,lht65-02,52.25,5.97326,2.976,16.33,100.0,20.93
2026-08-17 04:25:33,lht65-02,52.25,5.97326,2.976,16.31,100.0,20.93
2026-08-17 04:35:33,lht65-02,52.25,5.97326,2.976,16.27,100.0,20.87
2026-08-17 04:45:33,lht65-02,52.25,5.97326,2.973,16.27,100.0,20.87
2026-08-17 04:55:33,lht65-02,52.25,5.97326,2.976,16.28,100.0,20.87
2026-08-17 05:05:33,lht65-02,52.25,5.97326,2.976,16.31,100.0,20.81
2026-08-17 05:15:32,lht65-02,52.25,5.97326,2.98,16.33,100.0,20.81
2026-08-17 05:25:33,lht65-02,52.25,5.97326,2.98,16.35,100.0,20.81
2026-08-17 05:35:32,lht65-02,52.25,5.97326,2.98,16.38,100.0,20.81
2026-08-17 05:45:32,lht65-02,52.25,5.97326,2.98,16.43,100.0,20.75
2026-08-17 05:55:32,lht65-02,52.25,5.97326,2.976,16.5,100.0,20.75
2026-08-17 06:05:33,lht65-02,52.25,5.97326,2.976,16.59,100.0,20.75
2026-08-17 06:15:32,lht65-02,52.25,5.97326,2.98,16.74,100.0,20.75
2026-08-17 06:25:33,lht65-02,52.25,5.97326,2.983,16.83,100.0,20.68
2026-08-17 06:35:32,lht65-02,52.25,5.97326,2.983,16.94,100.0,20.68
2026-08-17 06:45:32,lht65-02,52.25,5.97326,2.983,17.09,100.0,20.68
2026-08-17 06:55:33,lht65-02,52.25,5.97326,2.983,17.5,100.0,20.68
2026-08-17 07:05:32,lht65-02,52.25,5.97326,2.982,18.05,100.0,20.68
2026-08-17 07:15:32,lht65-02,52.25,5.97326,2.983,18.69,100.0,20.68
2026-08-17 07:25:32,lht65-02,52.25,5.97326,2.978,19.48,100.0,20.68
2026-08-17 07:35:32,lht65-02,52.25,5.97326,2.98,20.24,100.0,20.68
2026-08-17 07:45:32,lht65-02,52.25,5.97326,2.987,21.28,100.0,20.68
2026-08-17 07:55:32,lht65-02,52.25,5.97326,2.983,22.59,100.0,20.75
2026-08-17 08:05:32,lht65-02,52.25,5.97326,2.991,24.03,100.0,20.81
2026-08-17 08:15:32,lht65-02,52.25,5.97326,2.994,25.14,94.9,20.81
2026-08-17 08:25:32,lht65-02,52.25,5.97326,2.994,26.56,93.0,20.93
2026-08-17 08:35:32,lht65-02,52.25,5.97326,2.983,28.71,90.8,21.0
2026-08-17 08:45:32,lht65-02,52.25,5.97326,2.996,28.64,66.4,21.06
2026-08-17 08:55:32,lht65-02,52.25,5.97326,2.994,27.22,70.2,21.18
2026-08-17 09:05:32,lht65-02,52.25,5.97326,2.991,27.58,74.8,21.31
2026-08-17 09:15:32,lht65-02,52.25,5.97326,2.991,28.06,74.5,21.37
2026-08-17 09:25:32,lht65-02,52.25,5.97326,2.987,29.45,75.0,21.5
2026-08-17 09:35:32,lht65-02,52.25,5.97326,3.001,29.45,61.2,21.56
2026-08-17 09:45:32,lht65-02,52.25,5.97326,2.98,28.19,68.8,21.68
2026-08-17 09:55:32,lht65-02,52.25,5.97326,2.994,27.19,70.0,21.75
2026-08-17 10:05:32,lht65-02,52.25,5.97326,2.994,27.04,74.5,21.87
2026-08-17 10:15:32,lht65-02,52.25,5.97326,2.991,27.13,72.5,21.93
2026-08-17 10:25:32,lht65-02,52.25,5.97326,2.991,26.44,72.0,22.0
2026-08-17 10:35:32,lht65-02,52.25,5.97326,2.991,25.32,72.3,22.12
2026-08-17 10:45:32,lht65-02,52.25,5.97326,2.976,25.2,78.3,22.18
2026-08-17 10:55:32,lht65-02,52.25,5.97326,2.978,25.66,82.3,22.18
2026-08-17 11:05:32,lht65-02,52.25,5.97326,2.976,26.6,83.1,22.25
2026-08-17 11:15:32,lht65-02,52.25,5.97326,2.994,27.97,83.7,22.31
2026-08-17 11:25:32,lht65-02,52.25,5.97326,2.996,29.38,76.0,22.37
2026-08-17 11:35:32,lht65-02,52.25,5.97326,2.982,29.95,71.5,22.43
2026-08-17 11:45:32,lht65-02,52.25,5.97326,2.976,30.0,71.6,22.5
2026-08-17 11:55:32,lht65-02,52.25,5.97326,2.941,30.83,74.5,22.56
2026-08-17 12:05:32,lht65-02,52.25,5.97326,2.992,30.6,65.6,22.62
2026-08-17 12:15:32,lht65-02,52.25,5.97326,2.976,29.9,67.2,22.75
2026-08-17 12:25:32,lht65-02,52.25,5.97326,2.976,29.63,67.6,22.87
2026-08-17 12:35:32,lht65-02,52.25,5.97326,2.987,29.27,62.9,22.93
2026-08-17 12:45:32,lht65-02,52.25,5.97326,2.991,28.08,60.5,23.0
2026-08-17 12:55:32,lht65-02,52.25,5.97326,2.991,26.73,63.0,23.06
2026-08-17 13:05:32,lht65-02,52.25,5.97326,3.005,25.32,66.0,23.12
2026-08-17 13:15:32,lht65-02,52.25,5.97326,3.005,24.36,72.2,23.18
2026-08-17 13:25:32,lht65-02,52.25,5.97326,3.001,23.79,77.5,23.18
2026-08-17 13:35:32,lht65-02,52.25,5.97326,2.991,23.5,80.5,23.18
2026-08-17 13:45:32,lht65-02,52.25,5.97326,2.992,23.22,81.9,23.18
2026-08-17 14:05:32,lht65-02,52.25,5.97326,2.994,22.59,85.1,23.18
2026-08-17 14:15:32,lht65-02,52.25,5.97326,2.996,22.39,86.5,23.12
2026-08-17 14:25:32,lht65-02,52.25,5.97326,2.998,22.24,87.3,23.12
2026-08-17 14:35:31,lht65-02,52.25,5.97326,3.001,22.21,87.5,23.12
2026-08-17 14:45:32,lht65-02,52.25,5.97326,2.998,22.58,89.0,23.06
2026-08-17 14:55:31,lht65-02,52.25,5.97326,2.998,23.07,89.2,23.0
2026-08-17 15:05:31,lht65-02,52.25,5.97326,3.0,23.42,88.1,23.0
2026-08-17 15:15:31,lht65-02,52.25,5.97326,3.001,23.51,86.9,23.0
2026-08-17 15:25:31,lht65-02,52.25,5.97326,3.001,23.8,86.6,22.93
2026-08-17 15:35:31,lht65-02,52.25,5.97326,3.001,23.96,85.7,23.0
2026-08-17 15:45:31,lht65-02,52.25,5.97326,3.005,24.12,85.5,22.93
2026-08-17 15:55:31,lht65-02,52.25,5.97326,3.005,24.42,85.0,22.93
2026-08-17 16:05:31,lht65-02,52.25,5.97326,3.005,24.69,84.9,22.93
2026-08-17 16:15:31,lht65-02,52.25,5.97326,3.005,24.91,84.7,23.0
2026-08-17 16:25:31,lht65-02,52.25,5.97326,3.007,25.0,84.1,22.93
2026-08-17 16:35:31,lht65-02,52.25,5.97326,3.005,25.07,83.6,23.0
2026-08-17 16:45:31,lht65-02,52.25,5.97326,3.005,25.07,83.9,23.0
2026-08-17 16:55:31,lht65-02,52.25,5.97326,3.005,24.9,83.7,23.06
2026-08-17 17:05:31,lht65-02,52.25,5.97326,3.001,24.61,83.2,23.06
2026-08-17 17:15:31,lht65-02,52.25,5.97326,3.005,24.2,83.3,23.06
2026-08-17 17:25:31,lht65-02,52.25,5.97326,2.998,23.77,84.6,23.06
2026-08-17 17:35:31,lht65-02,52.25,5.97326,3.001,23.41,85.3,23.06
2026-08-17 17:45:31,lht65-02,52.25,5.97326,2.98,22.98,86.0,23.06
2026-08-17 17:55:31,lht65-02,52.25,5.97326,3.003,22.55,86.7,23.06
2026-08-17 18:05:31,lht65-02,52.25,5.97326,3.009,22.08,87.0,23.06
2026-08-17 18:15:31,lht65-02,52.25,5.97326,3.001,21.64,87.5,23.06
2026-08-17 18:25:31,lht65-02,52.25,5.97326,2.985,21.2,88.0,23.0
2026-08-17 18:35:31,lht65-02,52.25,5.97326,2.976,20.81,88.7,22.93
2026-08-17 18:45:31,lht65-02,52.25,5.97326,2.994,20.49,89.3,22.93
2026-08-17 18:55:31,lht65-02,52.25,5.97326,2.996,20.18,89.8,22.87
2026-08-17 19:05:31,lht65-02,52.25,5.97326,2.998,19.86,88.7,22.87
2026-08-17 19:15:31,lht65-02,52.25,5.97326,2.941,19.24,80.3,22.81
2026-08-17 19:25:31,lht65-02,52.25,5.97326,2.987,18.81,83.4,22.75
2026-08-17 19:35:31,lht65-02,52.25,5.97326,2.976,18.48,84.8,22.68
2026-08-17 19:45:31,lht65-02,52.25,5.97326,2.948,18.26,87.7,22.62
2026-08-17 19:55:31,lht65-02,52.25,5.97326,2.952,18.03,88.8,22.56
2026-08-17 20:05:31,lht65-02,52.25,5.97326,2.948,17.89,89.6,22.56
2026-08-17 20:15:31,lht65-02,52.25,5.97326,2.952,17.77,90.4,22.5
2026-08-17 20:25:31,lht65-02,52.25,5.97326,2.966,17.69,90.7,22.43
2026-08-17 20:35:31,lht65-02,52.25,5.97326,2.973,17.64,90.8,22.37
2026-08-17 20:45:31,lht65-02,52.25,5.97326,2.991,17.46,89.7,22.31
2026-08-17 20:55:31,lht65-02,52.25,5.97326,2.987,17.37,90.4,22.25
2026-08-17 21:05:31,lht65-02,52.25,5.97326,2.998,17.16,89.5,22.18
2026-08-17 21:15:31,lht65-02,52.25,5.97326,3.001,16.87,88.6,22.12
2026-08-17 21:25:31,lht65-02,52.25,5.97326,3.0,16.52,88.8,22.12
2026-08-17 21:35:31,lht65-02,52.25,5.97326,3.009,16.15,89.0,22.06
2026-08-17 21:45:31,lht65-02,52.25,5.97326,3.012,15.81,89.1,22.0
2026-08-17 21:55:31,lht65-02,52.25,5.97326,3.012,15.44,89.5,21.93
2026-08-17 22:05:31,lht65-02,52.25,5.97326,3.016,15.05,89.6,21.87
2026-08-17 22:15:31,lht65-02,52.25,5.97326,3.012,14.76,90.2,21.81
2026-08-17 22:25:31,lht65-02,52.25,5.97326,3.01,14.57,91.0,21.75
2026-08-17 22:35:31,lht65-02,52.25,5.97326,3.005,14.31,90.6,21.75
2026-08-17 22:45:31,lht65-02,52.25,5.97326,2.968,14.17,90.7,21.62
2026-08-17 22:55:31,lht65-02,52.25,5.97326,2.975,13.92,91.2,21.56
2026-08-17 23:05:31,lht65-02,52.25,5.97326,2.982,13.83,91.9,21.5
2026-08-17 23:15:31,lht65-02,52.25,5.97326,2.991,13.76,92.6,21.43
2026-08-17 23:25:31,lht65-02,52.25,5.97326,3.001,13.72,93.2,21.37
2026-08-17 23:35:31,lht65-02,52.25,5.97326,3.001,13.7,93.9,21.37
2026-08-17 23:45:30,lht65-02,52.25,5.97326,3.001,13.72,94.8,21.31
2026-08-17 23:55:31,lht65-02,52.25,5.97326,3.005,13.86,96.6,21.25
2026-08-18 00:05:31,lht65-02,52.25,5.97326,3.001,14.06,98.9,21.12
2026-08-18 00:15:31,lht65-02,52.25,5.97326,2.998,14.06,100.0,21.12
2026-08-18 00:25:31,lht65-02,52.25,5.97326,2.987,14.19,100.0,21.06
2026-08-18 00:35:30,lht65-02,52.25,5.97326,2.991,14.3,100.0,21.0
2026-08-18 00:45:30,lht65-02,52.25,5.97326,2.994,14.41,100.0,20.93
2026-08-18 00:55:31,lht65-02,52.25,5.97326,2.987,14.57,100.0,20.93
2026-08-18 01:05:30,lht65-02,52.25,5.97326,2.996,14.67,100.0,20.87
2026-08-18 01:15:31,lht65-02,52.25,5.97326,2.994,14.81,100.0,20.81
2026-08-18 01:25:31,lht65-02,52.25,5.97326,2.994,14.91,100.0,20.81
2026-08-18 01:35:30,lht65-02,52.25,5.97326,2.996,15.02,100.0,20.81
2026-08-18 01:45:31,lht65-02,52.25,5.97326,2.996,15.1,100.0,20.75
2026-08-18 01:55:30,lht65-02,52.25,5.97326,2.998,15.18,100.0,20.75
2026-08-18 02:05:31,lht65-02,52.25,5.97326,2.998,15.23,100.0,20.68
2026-08-18 02:15:31,lht65-02,52.25,5.97326,2.998,15.31,100.0,20.68
2026-08-18 02:25:30,lht65-02,52.25,5.97326,3.0,15.36,100.0,20.62
2026-08-18 02:35:30,lht65-02,52.25,5.97326,3.001,15.41,100.0,20.56
2026-08-18 02:45:31,lht65-02,52.25,5.97326,2.998,15.47,100.0,20.62
2026-08-18 02:55:30,lht65-02,52.25,5.97326,2.998,15.52,100.0,20.56
2026-08-18 03:05:30,lht65-02,52.25,5.97326,2.998,15.54,100.0,20.56
2026-08-18 03:15:30,lht65-02,52.25,5.97326,2.998,15.6,100.0,20.56
2026-08-18 03:25:30,lht65-02,52.25,5.97326,2.998,15.68,100.0,20.5
2026-08-18 03:35:30,lht65-02,52.25,5.97326,2.996,15.72,100.0,20.5
2026-08-18 03:45:30,lht65-02,52.25,5.97326,2.998,15.78,100.0,20.43
2026-08-18 03:55:30,lht65-02,52.25,5.97326,3.0,15.82,100.0,20.43
2026-08-18 04:05:30,lht65-02,52.25,5.97326,2.998,15.87,100.0,20.43
2026-08-18 04:15:30,lht65-02,52.25,5.97326,2.998,15.92,100.0,20.43
2026-08-18 04:25:30,lht65-02,52.25,5.97326,3.0,15.96,100.0,20.37
2026-08-18 04:35:30,lht65-02,52.25,5.97326,2.994,15.99,100.0,20.37
2026-08-18 04:45:30,lht65-02,52.25,5.97326,2.994,16.04,100.0,20.37
2026-08-18 04:55:30,lht65-02,52.25,5.97326,2.994,16.09,100.0,20.37
2026-08-18 05:05:30,lht65-02,52.25,5.97326,2.992,16.15,100.0,20.31
2026-08-18 05:15:30,lht65-02,52.25,5.97326,2.994,16.2,100.0,20.31
2026-08-18 05:25:30,lht65-02,52.25,5.97326,2.996,16.27,100.0,20.31
2026-08-18 05:45:30,lht65-02,52.25,5.97326,2.998,16.47,100.0,20.31
2026-08-18 05:55:30,lht65-02,52.25,5.97326,2.998,16.58,100.0,20.31
2026-08-18 06:05:30,lht65-02,52.25,5.97326,2.996,16.7,100.0,20.25
2026-08-18 06:15:30,lht65-02,52.25,5.97326,2.994,16.85,100.0,20.31
2026-08-18 06:25:30,lht65-02,52.25,5.97326,2.996,17.01,100.0,20.25
2026-08-18 06:35:30,lht65-02,52.25,5.97326,2.996,17.09,100.0,20.25
2026-08-18 06:45:30,lht65-02,52.25,5.97326,2.996,17.24,100.0,20.25
2026-08-18 06:55:30,lht65-02,52.25,5.97326,2.998,17.38,100.0,20.25
2026-08-18 07:05:30,lht65-02,52.25,5.97326,3.001,17.6,100.0,20.25
2026-08-18 07:15:30,lht65-02,52.25,5.97326,3.001,17.91,100.0,20.25
2026-08-18 07:25:30,lht65-02,52.25,5.97326,3.005,18.21,100.0,20.25
2026-08-18 07:35:30,lht65-02,52.25,5.97326,3.001,18.48,100.0,20.31
2026-08-18 07:45:30,lht65-02,52.25,5.97326,2.996,18.79,100.0,20.25
2026-08-18 07:55:30,lht65-02,52.25,5.97326,3.0,19.05,100.0,20.25
2026-08-18 08:05:30,lht65-02,52.25,5.97326,3.0,19.28,100.0,20.31
2026-08-18 08:15:30,lht65-02,52.25,5.97326,3.001,19.4,99.4,20.31
2026-08-18 08:25:30,lht65-02,52.25,5.97326,3.0,19.66,100.0,20.31
2026-08-18 08:35:30,lht65-02,52.25,5.97326,2.996,19.77,98.5,20.37
2026-08-18 08:45:30,lht65-02,52.25,5.97326,3.001,19.97,98.8,20.37
2026-08-18 08:55:30,lht65-02,52.25,5.97326,3.005,20.35,98.3,20.43
2026-08-18 09:05:30,lht65-02,52.25,5.97326,3.012,20.6,97.5,20.43
2026-08-18 09:25:30,lht65-02,52.25,5.97326,3.016,20.63,96.3,20.5
2026-08-18 09:35:30,lht65-02,52.25,5.97326,3.016,20.64,93.7,20.56
2026-08-18 09:45:30,lht65-02,52.25,5.97326,3.019,20.58,95.1,20.56
2026-08-18 09:55:30,lht65-02,52.25,5.97326,3.016,20.83,95.9,20.56
2026-08-18 10:05:30,lht65-02,52.25,5.97326,3.012,21.22,96.2,20.62
2026-08-18 10:15:30,lht65-02,52.25,5.97326,2.994,21.69,96.2,20.62
2026-08-18 10:25:30,lht65-02,52.25,5.97326,2.991,22.38,95.8,20.62
2026-08-18 10:35:30,lht65-02,52.25,5.97326,2.982,23.31,95.9,20.68
2026-08-18 10:45:30,lht65-02,52.25,5.97326,2.983,24.02,92.8,20.75
2026-08-18 10:55:30,lht65-02,52.25,5.97326,2.982,24.75,92.8,20.75
2026-08-18 11:05:30,lht65-02,52.25,5.97326,2.98,25.38,91.2,20.81
2026-08-18 11:15:29,lht65-02,52.25,5.97326,2.991,25.68,87.5,20.87
2026-08-18 11:25:30,lht65-02,52.25,5.97326,2.973,26.29,87.3,20.93
2026-08-18 11:35:30,lht65-02,52.25,5.97326,2.982,26.56,85.1,21.0
2026-08-18 11:45:29,lht65-02,52.25,5.97326,2.975,26.83,84.6,21.12
2026-08-18 11:55:29,lht65-02,52.25,5.97326,2.991,27.16,85.7,21.18
2026-08-18 12:05:29,lht65-02,52.25,5.97326,2.994,27.81,85.2,21.25
2026-08-18 12:15:29,lht65-02,52.25,5.97326,2.985,27.52,79.9,21.37
2026-08-18 12:25:29,lht65-02,52.25,5.97326,2.987,27.19,81.4,21.43
2026-08-18 12:35:29,lht65-02,52.25,5.97326,2.991,27.05,80.4,21.5
2026-08-18 12:45:30,lht65-02,52.25,5.97326,2.987,26.31,82.0,21.56
2026-08-18 12:55:29,lht65-02,52.25,5.97326,2.991,25.5,84.4,21.62
2026-08-18 13:05:29,lht65-02,52.25,5.97326,2.992,25.34,86.8,21.68
2026-08-18 13:15:29,lht65-02,52.25,5.97326,2.987,25.75,88.4,21.68
2026-08-18 13:25:29,lht65-02,52.25,5.97326,2.991,26.39,88.7,21.75
2026-08-18 13:35:29,lht65-02,52.25,5.97326,2.989,26.26,86.4,21.75
2026-08-18 13:45:29,lht65-02,52.25,5.97326,2.987,25.88,87.0,21.87
2026-08-18 13:55:29,lht65-02,52.25,5.97326,2.987,25.84,88.4,21.87
2026-08-18 14:05:29,lht65-02,52.25,5.97326,2.991,26.29,89.0,21.93
2026-08-18 14:15:29,lht65-02,52.25,5.97326,3.001,26.89,88.4,21.93
2026-08-18 14:25:29,lht65-02,52.25,5.97326,3.005,27.19,86.8,22.0
2026-08-18 14:35:29,lht65-02,52.25,5.97326,3.005,27.06,85.3,22.06
2026-08-18 14:45:29,lht65-02,52.25,5.97326,3.005,27.08,86.6,22.12
2026-08-18 14:55:29,lht65-02,52.25,5.97326,3.005,27.16,86.0,22.12
2026-08-18 15:05:29,lht65-02,52.25,5.97326,3.009,27.14,86.0,22.18
2026-08-18 15:15:29,lht65-02,52.25,5.97326,3.005,27.3,86.1,22.25
2026-08-18 15:25:29,lht65-02,52.25,5.97326,3.005,27.62,86.5,22.25
2026-08-18 15:35:29,lht65-02,52.25,5.97326,3.005,27.66,84.5,22.31
2026-08-18 15:45:29,lht65-02,52.25,5.97326,3.007,27.27,83.2,22.31
2026-08-18 15:55:29,lht65-02,52.25,5.97326,3.007,26.79,84.4,22.37
2026-08-18 16:05:29,lht65-02,52.25,5.97326,3.007,26.4,84.8,22.43
2026-08-18 16:15:29,lht65-02,52.25,5.97326,3.007,26.26,84.8,22.43
2026-08-18 16:25:29,lht65-02,52.25,5.97326,3.007,26.31,85.7,22.5
2026-08-18 16:35:29,lht65-02,52.25,5.97326,3.009,26.44,85.8,22.56
2026-08-18 16:45:29,lht65-02,52.25,5.97326,3.009,26.44,85.7,22.56
2026-08-18 16:55:29,lht65-02,52.25,5.97326,3.009,26.31,85.2,22.56
2026-08-18 17:05:29,lht65-02,52.25,5.97326,3.009,26.1,85.4,22.62
2026-08-18 17:15:29,lht65-02,52.25,5.97326,3.009,25.72,85.6,22.62
2026-08-18 17:25:29,lht65-02,52.25,5.97326,3.009,25.32,85.8,22.62
2026-08-18 17:35:29,lht65-02,52.25,5.97326,3.009,24.72,86.8,22.68
2026-08-18 17:45:29,lht65-02,52.25,5.97326,3.009,24.26,87.2,22.68
2026-08-18 17:55:29,lht65-02,52.25,5.97326,3.009,23.8,87.6,22.68
2026-08-18 18:05:29,lht65-02,52.25,5.97326,3.009,23.31,87.8,22.68
2026-08-18 18:15:29,lht65-02,52.25,5.97326,3.009,22.79,88.1,22.68
2026-08-18 18:25:29,lht65-02,52.25,5.97326,3.01,22.26,88.6,22.68
2026-08-18 18:35:29,lht65-02,52.25,5.97326,3.007,21.73,89.1,22.62
2026-08-18 18:45:29,lht65-02,52.25,5.97326,3.009,21.23,89.4,22.56
2026-08-18 18:55:29,lht65-02,52.25,5.97326,3.007,20.77,90.2,22.56
2026-08-18 19:05:29,lht65-02,52.25,5.97326,3.007,20.41,90.8,22.56
2026-08-18 19:15:29,lht65-02,52.25,5.97326,3.007,20.1,89.3,22.5
2026-08-18 19:25:29,lht65-02,52.25,5.97326,3.009,19.86,89.0,22.43
2026-08-18 19:35:29,lht65-02,52.25,5.97326,3.009,19.65,89.1,22.43
2026-08-18 19:45:29,lht65-02,52.25,5.97326,3.009,19.42,90.5,22.37
2026-08-18 19:55:29,lht65-02,52.25,5.97326,3.009,19.28,91.4,22.31
2026-08-18 20:05:29,lht65-02,52.25,5.97326,3.009,19.15,91.8,22.25
2026-08-18 20:15:29,lht65-02,52.25,5.97326,3.009,18.94,91.5,22.25
2026-08-18 20:25:29,lht65-02,52.25,5.97326,3.009,18.8,91.7,22.18
2026-08-18 20:35:29,lht65-02,52.25,5.97326,3.009,18.64,91.7,22.12
2026-08-18 20:45:29,lht65-02,52.25,5.97326,3.009,18.53,92.1,22.12
2026-08-18 20:55:28,lht65-02,52.25,5.97326,3.01,18.45,92.7,22.0
2026-08-18 21:05:28,lht65-02,52.25,5.97326,3.009,18.33,92.9,22.0
2026-08-18 21:15:29,lht65-02,52.25,5.97326,3.009,18.28,93.3,21.93
2026-08-18 21:25:28,lht65-02,52.25,5.97326,3.009,18.26,93.6,21.87
2026-08-18 21:35:28,lht65-02,52.25,5.97326,3.009,18.29,94.2,21.81
2026-08-18 21:45:28,lht65-02,52.25,5.97326,3.009,18.26,94.2,21.81
2026-08-18 21:55:29,lht65-02,52.25,5.97326,3.009,18.19,93.8,21.75
2026-08-18 22:05:28,lht65-02,52.25,5.97326,3.009,18.13,93.9,21.68
2026-08-18 22:15:28,lht65-02,52.25,5.97326,3.01,18.09,94.2,21.68
2026-08-18 22:25:28,lht65-02,52.25,5.97326,3.01,18.0,94.2,21.62
2026-08-18 22:35:29,lht65-02,52.25,5.97326,3.009,17.95,94.1,21.62
2026-08-18 22:45:28,lht65-02,52.25,5.97326,3.007,17.83,94.1,21.56
2026-08-18 22:55:28,lht65-02,52.25,5.97326,3.009,17.69,94.0,21.56
2026-08-18 23:05:28,lht65-02,52.25,5.97326,3.009,17.64,94.1,21.5
2026-08-18 23:15:28,lht65-02,52.25,5.97326,3.009,17.54,94.4,21.5
2026-08-18 23:25:28,lht65-02,52.25,5.97326,3.012,17.52,94.8,21.43
2026-08-18 23:35:28,lht65-02,52.25,5.97326,3.009,17.48,95.2,21.37
2026-08-18 23:45:28,lht65-02,52.25,5.97326,3.009,17.46,95.3,21.37
2026-08-18 23:55:28,lht65-02,52.25,5.97326,3.009,17.39,95.4,21.31
2026-08-19 00:05:28,lht65-02,52.25,5.97326,3.009,17.33,95.6,21.31
2026-08-19 00:15:28,lht65-02,52.25,5.97326,3.009,17.33,95.9,21.25
2026-08-19 00:25:28,lht65-02,52.25,5.97326,3.009,17.35,96.4,21.25
2026-08-19 00:35:28,lht65-02,52.25,5.97326,3.012,17.36,96.8,21.18
2026-08-19 00:45:28,lht65-02,52.25,5.97326,3.01,17.31,96.7,21.18
2026-08-19 00:55:28,lht65-02,52.25,5.97326,3.009,17.3,96.8,21.12
2026-08-19 01:05:28,lht65-02,52.25,5.97326,3.009,17.17,96.5,21.12
2026-08-19 01:15:28,lht65-02,52.25,5.97326,3.009,17.09,96.5,21.06
2026-08-19 01:25:28,lht65-02,52.25,5.97326,3.009,17.09,96.7,21.06
2026-08-19 01:35:28,lht65-02,52.25,5.97326,3.01,17.08,97.0,21.0
2026-08-19 01:45:28,lht65-02,52.25,5.97326,3.009,17.05,97.3,21.0
2026-08-19 01:55:28,lht65-02,52.25,5.97326,3.009,16.98,97.4,21.0
2026-08-19 02:05:28,lht65-02,52.25,5.97326,3.009,16.96,97.7,20.93
2026-08-19 02:15:28,lht65-02,52.25,5.97326,3.009,16.89,97.8,20.93
2026-08-19 02:25:28,lht65-02,52.25,5.97326,3.009,16.83,97.8,20.87
2026-08-19 02:35:28,lht65-02,52.25,5.97326,3.01,16.79,97.9,20.87
2026-08-19 02:45:28,lht65-02,52.25,5.97326,3.009,16.73,98.0,20.87
2026-08-19 02:55:28,lht65-02,52.25,5.97326,3.009,16.73,98.2,20.81
2026-08-19 03:05:28,lht65-02,52.25,5.97326,3.009,16.73,98.7,20.81
2026-08-19 03:25:28,lht65-02,52.25,5.97326,3.009,16.72,99.6,20.75
2026-08-19 03:35:28,lht65-02,52.25,5.97326,3.009,16.74,100.0,20.75
2026-08-19 03:45:28,lht65-02,52.25,5.97326,3.009,16.76,100.0,20.68
2026-08-19 03:55:28,lht65-02,52.25,5.97326,3.009,16.78,100.0,20.68
2026-08-19 04:05:28,lht65-02,52.25,5.97326,3.009,16.79,100.0,20.62
2026-08-19 04:15:28,lht65-02,52.25,5.97326,3.009,16.78,100.0,20.62
2026-08-19 04:25:28,lht65-02,52.25,5.97326,3.007,16.78,100.0,20.62
2026-08-19 04:35:28,lht65-02,52.25,5.97326,3.009,16.78,100.0,20.56
2026-08-19 04:45:28,lht65-02,52.25,5.97326,3.009,16.81,100.0,20.56
2026-08-19 04:55:28,lht65-02,52.25,5.97326,3.007,16.85,100.0,20.56
2026-08-19 05:05:28,lht65-02,52.25,5.97326,3.009,16.93,100.0,20.5
2026-08-19 05:15:28,lht65-02,52.25,5.97326,3.005,17.02,100.0,20.5
2026-08-19 05:25:28,lht65-02,52.25,5.97326,3.009,17.09,100.0,20.5
2026-08-19 05:35:28,lht65-02,52.25,5.97326,3.009,17.28,100.0,20.5
2026-08-19 05:45:28,lht65-02,52.25,5.97326,3.007,17.41,100.0,20.5
2026-08-19 05:55:28,lht65-02,52.25,5.97326,3.009,17.53,100.0,20.5
2026-08-19 06:05:28,lht65-02,52.25,5.97326,3.007,17.64,100.0,20.5
2026-08-19 06:15:28,lht65-02,52.25,5.97326,3.009,17.76,100.0,20.43
2026-08-19 06:25:28,lht65-02,52.25,5.97326,3.009,17.88,100.0,20.43
2026-08-19 06:35:28,lht65-02,52.25,5.97326,3.009,18.02,100.0,20.43
2026-08-19 06:45:28,lht65-02,52.25,5.97326,3.007,18.3,100.0,20.43
2026-08-19 06:55:28,lht65-02,52.25,5.97326,3.007,18.61,100.0,20.43
2026-08-19 07:05:28,lht65-02,52.25,5.97326,3.007,18.85,100.0,20.43
2026-08-19 07:15:27,lht65-02,52.25,5.97326,3.009,19.0,100.0,20.43
2026-08-19 07:25:28,lht65-02,52.25,5.97326,3.007,19.14,100.0,20.43
2026-08-19 07:35:28,lht65-02,52.25,5.97326,3.009,19.25,100.0,20.43
2026-08-19 07:45:28,lht65-02,52.25,5.97326,3.009,19.33,100.0,20.43
2026-08-19 07:55:27,lht65-02,52.25,5.97326,3.009,19.35,100.0,20.5
2026-08-19 08:05:27,lht65-02,52.25,5.97326,3.009,19.33,100.0,20.5
2026-08-19 08:15:27,lht65-02,52.25,5.97326,3.009,19.29,100.0,20.5
2026-08-19 08:25:27,lht65-02,52.25,5.97326,3.007,19.12,100.0,20.5
2026-08-19 08:35:28,lht65-02,52.25,5.97326,3.005,19.0,100.0,20.5
2026-08-19 08:45:28,lht65-02,52.25,5.97326,3.009,18.98,100.0,20.5
2026-08-19 08:55:27,lht65-02,52.25,5.97326,3.009,18.92,100.0,20.5
2026-08-19 09:05:27,lht65-02,52.25,5.97326,3.005,19.16,100.0,20.5
2026-08-19 09:15:27,lht65-02,52.25,5.97326,3.009,19.59,100.0,20.5
2026-08-19 09:25:27,lht65-02,52.25,5.97326,3.009,20.07,100.0,20.5
2026-08-19 09:35:27,lht65-02,52.25,5.97326,3.007,20.27,100.0,20.56
2026-08-19 09:45:27,lht65-02,52.25,5.97326,3.005,20.34,100.0,20.56
2026-08-19 09:55:27,lht65-02,52.25,5.97326,3.007,20.46,100.0,20.56
2026-08-19 10:05:27,lht65-02,52.25,5.97326,3.007,20.71,100.0,20.56
2026-08-19 10:15:27,lht65-02,52.25,5.97326,3.007,21.02,100.0,20.62
2026-08-19 10:25:27,lht65-02,52.25,5.97326,3.009,21.68,100.0,20.62
2026-08-19 10:35:27,lht65-02,52.25,5.97326,3.009,23.07,100.0,20.68
2026-08-19 10:45:27,lht65-02,52.25,5.97326,3.009,24.36,100.0,20.68
2026-08-19 10:55:27,lht65-02,52.25,5.97326,3.007,24.75,89.3,20.75
2026-08-19 11:05:27,lht65-02,52.25,5.97326,3.009,24.66,86.4,20.81
2026-08-19 11:15:27,lht65-02,52.25,5.97326,3.007,24.24,86.4,20.87
2026-08-19 11:25:27,lht65-02,52.25,5.97326,3.009,24.35,89.7,20.93
2026-08-19 11:35:27,lht65-02,52.25,5.97326,3.007,25.53,93.0,21.0
2026-08-19 11:45:27,lht65-02,52.25,5.97326,3.007,26.63,92.5,21.06
2026-08-19 11:55:27,lht65-02,52.25,5.97326,3.009,27.14,88.6,21.12
2026-08-19 12:05:27,lht65-02,52.25,5.97326,3.007,27.66,88.7,21.18
2026-08-19 12:15:27,lht65-02,52.25,5.97326,3.005,28.49,88.8,21.31
2026-08-19 12:25:27,lht65-02,52.25,5.97326,3.005,27.79,63.7,21.37
2026-08-19 12:35:27,lht65-02,52.25,5.97326,3.007,25.85,65.5,21.43
2026-08-19 12:45:27,lht65-02,52.25,5.97326,3.007,24.35,71.9,21.56
2026-08-19 13:05:27,lht65-02,52.25,5.97326,3.007,23.0,83.0,21.62
2026-08-19 13:15:27,lht65-02,52.25,5.97326,3.007,22.73,85.8,21.75
2026-08-19 13:25:27,lht65-02,52.25,5.97326,3.007,22.59,87.3,21.68
2026-08-19 13:35:27,lht65-02,52.25,5.97326,3.005,22.59,88.3,21.75
2026-08-19 13:45:27,lht65-02,52.25,5.97326,3.007,22.86,89.0,21.75
2026-08-19 13:55:27,lht65-02,52.25,5.97326,3.007,23.5,90.1,21.75
2026-08-19 14:05:27,lht65-02,52.25,5.97326,3.009,23.87,89.4,21.75
2026-08-19 14:15:27,lht65-02,52.25,5.97326,3.009,23.92,88.2,21.75
2026-08-19 14:25:27,lht65-02,52.25,5.97326,3.009,23.77,87.9,21.81
2026-08-19 14:35:27,lht65-02,52.25,5.97326,3.005,23.76,88.2,21.81
2026-08-19 14:45:27,lht65-02,52.25,5.97326,3.007,23.72,88.3,21.81
2026-08-19 14:55:27,lht65-02,52.25,5.97326,3.009,23.65,88.2,21.81
2026-08-19 15:05:27,lht65-02,52.25,5.97326,3.009,23.54,88.3,21.81
2026-08-19 15:15:27,lht65-02,52.25,5.97326,3.009,23.6,88.5,21.87
2026-08-19 15:25:27,lht65-02,52.25,5.97326,3.009,23.97,89.3,21.87
2026-08-19 15:35:27,lht65-02,52.25,5.97326,3.009,24.66,89.1,21.87
2026-08-19 15:45:27,lht65-02,52.25,5.97326,3.005,25.12,87.8,21.87
2026-08-19 15:55:27,lht65-02,52.25,5.97326,2.991,25.34,87.3,21.93
2026-08-19 16:05:27,lht65-02,52.25,5.97326,3.012,25.42,86.4,21.93
2026-08-19 16:15:26,lht65-02,52.25,5.97326,3.01,25.32,85.9,22.0
2026-08-19 16:25:27,lht65-02,52.25,5.97326,3.012,24.87,86.0,22.0
2026-08-19 16:35:27,lht65-02,52.25,5.97326,3.01,24.42,86.3,22.06
2026-08-19 16:45:26,lht65-02,52.25,5.97326,3.01,23.96,86.7,22.06
2026-08-19 16:55:27,lht65-02,52.25,5.97326,3.012,23.57,87.3,22.06
2026-08-19 17:05:27,lht65-02,52.25,5.97326,3.014,23.19,87.7,22.12
2026-08-19 17:15:26,lht65-02,52.25,5.97326,3.009,23.02,88.3,22.12
2026-08-19 17:25:27,lht65-02,52.25,5.97326,3.01,23.14,88.5,22.12
2026-08-19 17:35:26,lht65-02,52.25,5.97326,3.01,23.33,88.5,22.06
2026-08-19 17:45:26,lht65-02,52.25,5.97326,3.012,23.23,88.4,22.12
2026-08-19 17:55:26,lht65-02,52.25,5.97326,3.01,22.98,88.7,22.12
2026-08-19 18:05:26,lht65-02,52.25,5.97326,3.01,22.68,88.9,22.12
2026-08-19 18:15:26,lht65-02,52.25,5.97326,3.009,22.34,89.3,22.12
2026-08-19 18:25:26,lht65-02,52.25,5.97326,3.009,21.99,89.3,22.12
2026-08-19 18:35:26,lht65-02,52.25,5.97326,3.009,21.59,89.5,22.06
2026-08-19 18:45:26,lht65-02,52.25,5.97326,3.009,21.14,89.6,22.06
2026-08-19 18:55:26,lht65-02,52.25,5.97326,3.009,20.7,89.9,22.06
2026-08-19 19:05:26,lht65-02,52.25,5.97326,3.01,20.1,86.5,22.06
2026-08-19 19:15:26,lht65-02,52.25,5.97326,3.009,19.62,86.9,22.0
2026-08-19 19:25:26,lht65-02,52.25,5.97326,3.005,19.2,88.1,22.0
2026-08-19 19:35:26,lht65-02,52.25,5.97326,2.989,18.91,89.3,21.93
2026-08-19 19:45:26,lht65-02,52.25,5.97326,3.007,18.61,89.9,21.87
2026-08-19 19:55:26,lht65-02,52.25,5.97326,3.009,18.45,90.2,21.87
2026-08-19 20:05:26,lht65-02,52.25,5.97326,3.007,18.25,90.6,21.81
2026-08-19 20:15:26,lht65-02,52.25,5.97326,3.009,18.13,91.5,21.75
2026-08-19 20:25:26,lht65-02,52.25,5.97326,3.009,18.0,91.8,21.68
2026-08-19 20:35:26,lht65-02,52.25,5.97326,3.009,17.88,91.5,21.62
2026-08-19 20:45:26,lht65-02,52.25,5.97326,3.009,17.81,92.0,21.62
2026-08-19 20:55:26,lht65-02,52.25,5.97326,3.009,17.73,92.3,21.56
2026-08-19 21:05:26,lht65-02,52.25,5.97326,3.01,17.6,92.1,21.56
2026-08-19 21:15:26,lht65-02,52.25,5.97326,3.009,17.42,91.7,21.5
2026-08-19 21:25:26,lht65-02,52.25,5.97326,3.012,17.28,91.9,21.43
2026-08-19 21:35:26,lht65-02,52.25,5.97326,3.012,17.09,91.5,21.43
2026-08-19 21:45:26,lht65-02,52.25,5.97326,3.009,16.91,91.3,21.37
2026-08-19 21:55:26,lht65-02,52.25,5.97326,3.009,16.69,91.5,21.31
2026-08-19 22:05:26,lht65-02,52.25,5.97326,3.009,16.53,92.0,21.25
2026-08-19 22:15:26,lht65-02,52.25,5.97326,3.007,16.39,92.6,21.25
2026-08-19 22:25:26,lht65-02,52.25,5.97326,3.007,16.26,92.9,21.18
2026-08-19 22:35:26,lht65-02,52.25,5.97326,3.009,16.21,93.7,21.12
2026-08-19 22:45:26,lht65-02,52.25,5.97326,3.007,16.09,94.1,21.06
2026-08-19 22:55:26,lht65-02,52.25,5.97326,3.009,15.82,93.6,21.06
2026-08-19 23:05:26,lht65-02,52.25,5.97326,3.005,15.6,93.5,21.0
2026-08-19 23:15:26,lht65-02,52.25,5.97326,2.998,15.33,93.3,20.93
2026-08-19 23:25:26,lht65-02,52.25,5.97326,3.005,15.23,94.0,20.87
2026-08-19 23:35:26,lht65-02,52.25,5.97326,3.007,15.26,95.2,20.87
2026-08-19 23:45:26,lht65-02,52.25,5.97326,3.001,15.37,97.6,20.81
2026-08-19 23:55:26,lht65-02,52.25,5.97326,3.005,15.43,100.0,20.75
2026-08-20 00:05:26,lht65-02,52.25,5.97326,3.001,15.5,100.0,20.75
2026-08-20 00:15:26,lht65-02,52.25,5.97326,3.005,15.44,100.0,20.68
2026-08-20 00:25:26,lht65-02,52.25,5.97326,3.005,15.41,100.0,20.68
2026-08-20 00:35:26,lht65-02,52.25,5.97326,3.005,15.41,100.0,20.62
2026-08-20 00:45:26,lht65-02,52.25,5.97326,3.005,15.54,100.0,20.56
2026-08-20 00:55:26,lht65-02,52.25,5.97326,3.005,15.68,100.0,20.56
2026-08-20 01:05:26,lht65-02,52.25,5.97326,3.005,15.8,100.0,20.5
2026-08-20 01:15:26,lht65-02,52.25,5.97326,3.005,15.81,100.0,20.5
2026-08-20 01:25:26,lht65-02,52.25,5.97326,3.005,15.77,100.0,20.43
2026-08-20 01:35:26,lht65-02,52.25,5.97326,3.005,15.8,100.0,20.43
2026-08-20 01:45:26,lht65-02,52.25,5.97326,3.005,15.83,100.0,20.37
2026-08-20 01:55:26,lht65-02,52.25,5.97326,3.005,15.82,100.0,20.37
2026-08-20 02:05:26,lht65-02,52.25,5.97326,3.007,15.82,100.0,20.31
2026-08-20 02:15:26,lht65-02,52.25,5.97326,3.007,15.81,100.0,20.31
2026-08-20 02:25:26,lht65-02,52.25,5.97326,3.005,15.8,100.0,20.31
2026-08-20 02:35:26,lht65-02,52.25,5.97326,3.005,15.77,100.0,20.25
2026-08-20 02:45:26,lht65-02,52.25,5.97326,3.007,15.69,100.0,20.25
2026-08-20 02:55:26,lht65-02,52.25,5.97326,3.007,15.62,100.0,20.25
2026-08-20 03:05:26,lht65-02,52.25,5.97326,3.005,15.59,100.0,20.18
2026-08-20 03:15:26,lht65-02,52.25,5.97326,3.005,15.58,100.0,20.18
2026-08-20 03:25:26,lht65-02,52.25,5.97326,3.009,15.55,100.0,20.12
2026-08-20 03:35:26,lht65-02,52.25,5.97326,3.005,15.59,100.0,20.12
2026-08-20 03:45:26,lht65-02,52.25,5.97326,3.005,15.61,100.0,20.12
2026-08-20 03:55:26,lht65-02,52.25,5.97326,3.005,15.67,100.0,20.12
2026-08-20 04:05:26,lht65-02,52.25,5.97326,3.005,15.68,100.0,20.06
2026-08-20 04:15:25,lht65-02,52.25,5.97326,3.005,15.74,100.0,20.06
2026-08-20 04:25:25,lht65-02,52.25,5.97326,3.005,15.78,100.0,20.0
2026-08-20 04:35:25,lht65-02,52.25,5.97326,3.005,15.8,100.0,20.0
2026-08-20 04:45:25,lht65-02,52.25,5.97326,3.007,15.89,100.0,20.0
2026-08-20 04:55:25,lht65-02,52.25,5.97326,3.005,15.97,100.0,19.93
2026-08-20 05:05:25,lht65-02,52.25,5.97326,3.005,16.1,100.0,19.93
2026-08-20 05:15:25,lht65-02,52.25,5.97326,3.007,16.27,100.0,19.93
2026-08-20 05:25:25,lht65-02,52.25,5.97326,3.007,16.54,100.0,19.93
2026-08-20 05:35:25,lht65-02,52.25,5.97326,3.005,16.87,100.0,19.87
2026-08-20 05:45:25,lht65-02,52.25,5.97326,3.005,17.21,100.0,19.87
2026-08-20 05:55:25,lht65-02,52.25,5.97326,3.005,17.65,100.0,19.87
2026-08-20 06:05:25,lht65-02,52.25,5.97326,3.005,18.15,100.0,19.87
2026-08-20 06:15:25,lht65-02,52.25,5.97326,3.007,18.71,100.0,19.87
2026-08-20 06:25:25,lht65-02,52.25,5.97326,3.007,19.23,100.0,19.87
2026-08-20 06:35:25,lht65-02,52.25,5.97326,3.009,19.84,100.0,19.93
2026-08-20 06:45:25,lht65-02,52.25,5.97326,3.007,20.29,100.0,19.93
2026-08-20 06:55:25,lht65-02,52.25,5.97326,3.009,20.99,100.0,20.0
2026-08-20 07:05:25,lht65-02,52.25,5.97326,3.005,21.85,100.0,20.0
2026-08-20 07:15:25,lht65-02,52.25,5.97326,3.009,22.7,100.0,20.06
2026-08-20 07:25:25,lht65-02,52.25,5.97326,3.007,23.56,98.5,20.12
2026-08-20 07:35:25,lht65-02,52.25,5.97326,3.009,24.26,95.0,20.18
2026-08-20 07:45:25,lht65-02,52.25,5.97326,3.007,25.21,94.3,20.25
2026-08-20 07:55:25,lht65-02,52.25,5.97326,3.009,26.26,93.5,20.31
2026-08-20 08:05:25,lht65-02,52.25,5.97326,3.005,27.47,92.9,20.37
2026-08-20 08:15:25,lht65-02,52.25,5.97326,3.005,28.25,75.0,20.43
2026-08-20 08:25:25,lht65-02,52.25,5.97326,3.005,27.65,72.5,20.56
2026-08-20 08:35:25,lht65-02,52.25,5.97326,3.005,27.37,73.4,20.62
2026-08-20 08:45:25,lht65-02,52.25,5.97326,3.007,27.71,75.2,20.75
2026-08-20 08:55:25,lht65-02,52.25,5.97326,3.007,27.65,72.7,20.81
2026-08-20 09:05:25,lht65-02,52.25,5.97326,3.009,28.08,72.5,20.93
2026-08-20 09:15:25,lht65-02,52.25,5.97326,3.005,28.83,70.8,21.06
2026-08-20 09:25:25,lht65-02,52.25,5.97326,2.998,28.87,69.3,21.12
2026-08-20 09:35:25,lht65-02,52.25,5.97326,2.931,28.17,69.7,21.18
2026-08-20 09:45:25,lht65-02,52.25,5.97326,3.01,27.66,69.9,21.31
2026-08-20 09:55:25,lht65-02,52.25,5.97326,3.009,27.34,70.7,21.37
2026-08-20 10:05:25,lht65-02,52.25,5.97326,2.994,27.28,74.3,21.5
2026-08-20 10:15:25,lht65-02,52.25,5.97326,3.016,27.77,72.0,21.56
2026-08-20 10:25:25,lht65-02,52.25,5.97326,3.014,28.08,72.1,21.62
2026-08-20 10:35:25,lht65-02,52.25,5.97326,3.01,28.72,71.2,21.68
2026-08-20 10:45:25,lht65-02,52.25,5.97326,3.012,29.0,63.3,21.75
2026-08-20 10:55:25,lht65-02,52.25,5.97326,3.014,28.55,64.3,21.81
2026-08-20 11:05:25,lht65-02,52.25,5.97326,3.01,28.41,68.9,21.93
2026-08-20 11:15:25,lht65-02,52.25,5.97326,3.009,28.04,66.8,22.0
2026-08-20 11:25:25,lht65-02,52.25,5.97326,3.001,27.93,67.3,22.06
2026-08-20 11:35:25,lht65-02,52.25,5.97326,3.009,27.41,63.6,22.12
2026-08-20 11:45:25,lht65-02,52.25,5.97326,3.012,25.98,67.3,22.18
2026-08-20 11:55:25,lht65-02,52.25,5.97326,3.009,27.12,79.9,22.25
2026-08-20 12:05:25,lht65-02,52.25,5.97326,2.618,29.38,75.7,22.25
2026-08-20 12:15:25,lht65-02,52.25,5.97326,2.94,29.71,57.9,22.37
2026-08-20 12:25:25,lht65-02,52.25,5.97326,3.01,28.32,56.7,22.37
2026-08-20 12:35:25,lht65-02,52.25,5.97326,3.009,27.23,62.3,22.5
2026-08-20 12:45:25,lht65-02,52.25,5.97326,3.01,26.72,65.1,22.5
2026-08-20 12:55:25,lht65-02,52.25,5.97326,3.01,24.93,67.8,22.56
2026-08-20 13:05:25,lht65-02,52.25,5.97326,3.01,23.39,74.2,22.62
2026-08-20 13:15:25,lht65-02,52.25,5.97326,3.009,22.95,80.2,22.68
2026-08-20 13:25:25,lht65-02,52.25,5.97326,3.005,22.56,81.7,22.68
2026-08-20 13:35:25,lht65-02,52.25,5.97326,3.007,22.03,82.9,22.62
2026-08-20 13:45:25,lht65-02,52.25,5.97326,3.009,21.85,84.2,22.62
2026-08-20 13:55:25,lht65-02,52.25,5.97326,3.007,22.59,86.6,22.62
2026-08-20 14:05:24,lht65-02,52.25,5.97326,3.005,23.97,87.2,22.56
2026-08-20 14:15:24,lht65-02,52.25,5.97326,3.009,25.83,88.3,22.56
2026-08-20 14:25:24,lht65-02,52.25,5.97326,3.005,28.79,81.2,22.56
2026-08-20 14:45:25,lht65-02,52.25,5.97326,3.009,28.53,61.8,22.62
2026-08-20 14:55:25,lht65-02,52.25,5.97326,3.005,28.22,63.0,22.75
2026-08-20 15:05:24,lht65-02,52.25,5.97326,2.998,28.08,72.1,22.75
2026-08-20 15:15:24,lht65-02,52.25,5.97326,3.005,29.06,72.6,22.87
2026-08-20 15:25:24,lht65-02,52.25,5.97326,3.009,29.68,69.8,22.93
2026-08-20 15:35:24,lht65-02,52.25,5.97326,3.009,30.1,70.1,23.0
2026-08-20 15:45:24,lht65-02,52.25,5.97326,3.005,30.27,67.6,23.0
2026-08-20 15:55:24,lht65-02,52.25,5.97326,3.009,29.85,64.0,23.06
2026-08-20 16:05:24,lht65-02,52.25,5.97326,3.009,29.45,64.9,23.12
2026-08-20 16:15:24,lht65-02,52.25,5.97326,3.005,29.05,65.4,23.18
2026-08-20 16:25:24,lht65-02,52.25,5.97326,3.009,28.59,66.1,23.25
2026-08-20 16:35:24,lht65-02,52.25,5.97326,3.005,27.43,66.3,23.25
2026-08-20 16:45:24,lht65-02,52.25,5.97326,3.005,26.25,65.5,23.25
2026-08-20 16:55:24,lht65-02,52.25,5.97326,3.012,25.11,69.2,23.31
2026-08-20 17:05:24,lht65-02,52.25,5.97326,3.01,24.05,73.1,23.31
2026-08-20 17:15:24,lht65-02,52.25,5.97326,3.01,23.17,76.9,23.25
2026-08-20 17:25:24,lht65-02,52.25,5.97326,3.009,22.6,81.0,23.25
2026-08-20 17:45:24,lht65-02,52.25,5.97326,3.009,21.82,85.1,23.18
2026-08-20 17:55:24,lht65-02,52.25,5.97326,3.009,21.51,85.6,23.12
2026-08-20 18:05:24,lht65-02,52.25,5.97326,3.009,21.14,85.8,23.12
2026-08-20 18:15:24,lht65-02,52.25,5.97326,3.01,20.77,86.4,23.0
2026-08-20 18:25:24,lht65-02,52.25,5.97326,3.009,20.38,86.6,23.0
2026-08-20 18:35:24,lht65-02,52.25,5.97326,3.009,19.93,87.2,22.93
2026-08-20 18:45:24,lht65-02,52.25,5.97326,3.009,19.68,87.5,22.87
2026-08-20 18:55:24,lht65-02,52.25,5.97326,3.009,19.32,87.9,22.81
2026-08-20 19:05:24,lht65-02,52.25,5.97326,3.009,18.92,87.7,22.75
2026-08-20 19:15:24,lht65-02,52.25,5.97326,3.009,18.49,87.8,22.68
2026-08-20 19:25:24,lht65-02,52.25,5.97326,3.007,18.06,88.2,22.62
2026-08-20 19:35:24,lht65-02,52.25,5.97326,3.009,17.68,88.6,22.56
2026-08-20 19:45:24,lht65-02,52.25,5.97326,3.009,17.38,89.8,22.5
2026-08-20 19:55:24,lht65-02,52.25,5.97326,3.009,17.32,91.6,22.06
2026-08-20 20:05:24,lht65-02,52.25,5.97326,3.009,17.22,92.8,22.18
2026-08-20 20:15:24,lht65-02,52.25,5.97326,3.007,17.09,93.5,22.12
2026-08-20 20:25:24,lht65-02,52.25,5.97326,3.009,17.05,94.5,22.06
2026-08-20 20:35:24,lht65-02,52.25,5.97326,3.007,16.99,96.0,21.93
2026-08-20 20:45:24,lht65-02,52.25,5.97326,3.009,16.78,96.1,21.87
2026-08-20 20:55:24,lht65-02,52.25,5.97326,3.007,16.51,95.4,21.75
2026-08-20 21:05:24,lht65-02,52.25,5.97326,3.005,16.19,94.7,21.68
2026-08-20 21:15:24,lht65-02,52.25,5.97326,3.005,15.89,94.3,21.56
2026-08-20 21:25:24,lht65-02,52.25,5.97326,3.005,15.59,94.6,21.5
2026-08-20 21:35:24,lht65-02,52.25,5.97326,3.005,15.41,95.0,21.43
2026-08-20 21:45:24,lht65-02,52.25,5.97326,2.992,15.17,95.0,21.37
2026-08-20 21:55:24,lht65-02,52.25,5.97326,2.994,14.95,95.0,21.31
2026-08-20 22:05:24,lht65-02,52.25,5.97326,2.994,14.76,95.2,21.18
2026-08-20 22:15:24,lht65-02,52.25,5.97326,2.994,14.63,95.5,21.06
2026-08-20 22:25:24,lht65-02,52.25,5.97326,2.938,14.45,95.6,21.0
2026-08-20 22:35:24,lht65-02,52.25,5.97326,2.973,14.31,95.6,20.93
2026-08-20 22:45:24,lht65-02,52.25,5.97326,2.966,14.3,95.8,20.87
2026-08-20 22:55:23,lht65-02,52.25,5.97326,2.975,14.24,96.1,20.81
2026-08-20 23:05:24,lht65-02,52.25,5.97326,2.959,14.13,96.5,20.68
2026-08-20 23:15:24,lht65-02,52.25,5.97326,2.962,14.13,96.9,20.62
2026-08-20 23:25:23,lht65-02,52.25,5.97326,2.962,14.28,98.1,20.56
2026-08-20 23:35:23,lht65-02,52.25,5.97326,2.962,14.3,99.9,20.5
2026-08-20 23:45:23,lht65-02,52.25,5.97326,2.968,14.3,100.0,20.43
2026-08-20 23:55:23,lht65-02,52.25,5.97326,2.966,14.34,100.0,20.37
2026-08-21 00:05:23,lht65-02,52.25,5.97326,2.966,14.32,100.0,20.31
2026-08-21 00:15:23,lht65-02,52.25,5.97326,2.98,14.31,100.0,20.25
2026-08-21 00:25:23,lht65-02,52.25,5.97326,2.968,14.3,100.0,20.18
2026-08-21 00:35:23,lht65-02,52.25,5.97326,2.976,14.3,100.0,20.12
2026-08-21 00:45:23,lht65-02,52.25,5.97326,2.982,14.31,100.0,20.06
2026-08-21 00:55:23,lht65-02,52.25,5.97326,2.982,14.45,100.0,20.06
2026-08-21 01:05:23,lht65-02,52.25,5.97326,2.987,14.57,100.0,20.0
2026-08-21 01:15:23,lht65-02,52.25,5.97326,2.987,14.6,100.0,19.93
2026-08-21 01:35:23,lht65-02,52.25,5.97326,2.98,14.3,100.0,19.87
2026-08-21 01:45:23,lht65-02,52.25,5.97326,2.987,14.06,100.0,19.87
2026-08-21 01:55:23,lht65-02,52.25,5.97326,3.007,13.8,100.0,19.81
2026-08-21 02:05:23,lht65-02,52.25,5.97326,3.001,13.6,100.0,19.75
2026-08-21 02:15:23,lht65-02,52.25,5.97326,3.0,13.46,100.0,19.68
2026-08-21 02:25:23,lht65-02,52.25,5.97326,2.998,13.39,100.0,19.62
2026-08-21 02:35:23,lht65-02,52.25,5.97326,3.0,13.31,100.0,19.56
2026-08-21 02:45:23,lht65-02,52.25,5.97326,3.0,13.23,100.0,19.56
2026-08-21 02:55:23,lht65-02,52.25,5.97326,3.0,13.18,100.0,19.5
2026-08-21 03:05:23,lht65-02,52.25,5.97326,2.996,13.13,100.0,19.5
2026-08-21 03:15:23,lht65-02,52.25,5.97326,2.994,13.09,100.0,19.43
2026-08-21 03:25:23,lht65-02,52.25,5.97326,2.996,13.02,100.0,19.37
2026-08-21 03:35:23,lht65-02,52.25,5.97326,2.996,12.95,100.0,19.31
2026-08-21 03:45:23,lht65-02,52.25,5.97326,2.996,12.91,100.0,19.25
2026-08-21 03:55:23,lht65-02,52.25,5.97326,2.987,12.84,100.0,19.18
2026-08-21 04:15:23,lht65-02,52.25,5.97326,2.992,12.7,100.0,19.12
2026-08-21 04:25:23,lht65-02,52.25,5.97326,2.983,12.67,100.0,19.06
2026-08-21 04:35:23,lht65-02,52.25,5.97326,2.959,12.65,100.0,19.06
2026-08-21 04:45:23,lht65-02,52.25,5.97326,2.943,12.62,100.0,19.0
2026-08-21 04:55:23,lht65-02,52.25,5.97326,2.943,12.65,100.0,18.93
2026-08-21 05:05:23,lht65-02,52.25,5.97326,2.943,12.77,100.0,18.87
2026-08-21 05:15:23,lht65-02,52.25,5.97326,2.957,12.94,100.0,18.81
2026-08-21 05:35:23,lht65-02,52.25,5.97326,2.969,13.48,100.0,18.75
2026-08-21 05:45:23,lht65-02,52.25,5.97326,2.992,13.88,100.0,18.75
2026-08-21 05:55:23,lht65-02,52.25,5.97326,2.987,14.43,100.0,18.75
2026-08-21 06:05:23,lht65-02,52.25,5.97326,2.985,15.22,100.0,18.75
2026-08-21 06:15:23,lht65-02,52.25,5.97326,2.987,15.95,100.0,18.75
2026-08-21 06:25:23,lht65-02,52.25,5.97326,2.991,16.91,100.0,18.75
2026-08-21 06:35:23,lht65-02,52.25,5.97326,2.996,17.59,100.0,18.75
2026-08-21 06:45:23,lht65-02,52.25,5.97326,2.994,18.0,100.0,18.75
2026-08-21 06:55:23,lht65-02,52.25,5.97326,2.996,18.63,100.0,18.81
2026-08-21 07:05:23,lht65-02,52.25,5.97326,3.001,19.4,100.0,18.87
2026-08-21 07:15:23,lht65-02,52.25,5.97326,3.0,20.22,100.0,18.87
2026-08-21 07:25:23,lht65-02,52.25,5.97326,2.996,21.19,100.0,19.0
2026-08-21 07:35:23,lht65-02,52.25,5.97326,3.001,22.2,100.0,19.06
2026-08-21 07:45:23,lht65-02,52.25,5.97326,3.0,23.44,99.1,19.12
2026-08-21 08:05:23,lht65-02,52.25,5.97326,2.998,25.83,94.7,19.31
2026-08-21 08:15:23,lht65-02,52.25,5.97326,3.0,27.13,92.2,19.43
2026-08-21 08:25:23,lht65-02,52.25,5.97326,2.992,28.39,81.3,19.56
2026-08-21 08:35:23,lht65-02,52.25,5.97326,2.989,28.96,74.8,19.68
2026-08-21 08:55:23,lht65-02,52.25,5.97326,3.003,27.81,67.8,20.0
2026-08-21 09:15:30,lht65-02,52.25,5.97326,3.009,30.15,60.9,20.31
2026-08-21 09:25:23,lht65-02,52.25,5.97326,3.007,27.53,57.5,20.43
2026-08-21 09:35:23,lht65-02,52.25,5.97326,3.009,24.72,63.0,20.56
2026-08-21 09:45:30,lht65-02,52.25,5.97326,3.009,22.94,72.4,20.68
2026-08-21 09:55:23,lht65-02,52.25,5.97326,3.007,22.59,80.1,20.75
2026-08-21 10:05:23,lht65-02,52.25,5.97326,3.007,23.43,85.5,20.75
2026-08-21 10:15:23,lht65-02,52.25,5.97326,3.007,24.77,85.7,20.81
2026-08-21 10:25:22,lht65-02,52.25,5.97326,3.009,25.31,82.6,20.87
2026-08-21 10:35:22,lht65-02,52.25,5.97326,3.009,25.12,82.6,20.93
2026-08-21 10:45:22,lht65-02,52.25,5.97326,3.009,25.16,81.9,21.0
2026-08-21 10:55:22,lht65-02,52.25,5.97326,3.009,25.51,83.9,21.06
2026-08-21 11:05:22,lht65-02,52.25,5.97326,3.009,27.07,86.6,21.12
2026-08-21 11:15:22,lht65-02,52.25,5.97326,3.009,28.85,78.4,21.12
2026-08-21 11:25:22,lht65-02,52.25,5.97326,3.009,30.07,72.9,21.25
2026-08-21 11:35:22,lht65-02,52.25,5.97326,3.009,30.07,68.8,21.31
2026-08-21 11:45:22,lht65-02,52.25,5.97326,3.009,30.08,71.5,21.5
2026-08-21 11:55:22,lht65-02,52.25,5.97326,2.98,30.6,71.2,21.56
2026-08-21 12:05:22,lht65-02,52.25,5.97326,2.985,30.13,66.5,21.68
2026-08-21 12:15:22,lht65-02,52.25,5.97326,2.987,29.25,60.4,21.81
2026-08-21 12:25:22,lht65-02,52.25,5.97326,2.987,28.84,60.6,21.87
2026-08-21 12:35:22,lht65-02,52.25,5.97326,2.987,28.24,60.5,22.0
2026-08-21 12:45:22,lht65-02,52.25,5.97326,2.987,27.08,59.7,22.06
2026-08-21 12:55:22,lht65-02,52.25,5.97326,2.989,25.32,55.8,22.12
2026-08-21 13:15:22,lht65-02,52.25,5.97326,2.987,23.86,60.0,22.12
2026-08-21 13:25:22,lht65-02,52.25,5.97326,2.987,22.73,60.2,22.12
2026-08-21 13:35:22,lht65-02,52.25,5.97326,2.987,22.28,60.1,22.06
2026-08-21 13:45:22,lht65-02,52.25,5.97326,2.987,22.59,66.6,22.06
2026-08-21 13:55:22,lht65-02,52.25,5.97326,2.989,23.84,79.2,22.0
2026-08-21 14:05:22,lht65-02,52.25,5.97326,2.991,25.53,77.8,21.93
2026-08-21 14:15:22,lht65-02,52.25,5.97326,2.991,26.64,77.1,21.93
2026-08-21 14:25:22,lht65-02,52.25,5.97326,2.987,26.99,75.5,21.93
2026-08-21 14:35:22,lht65-02,52.25,5.97326,2.987,26.98,76.7,21.93
2026-08-21 14:45:22,lht65-02,52.25,5.97326,2.987,26.86,77.9,22.0
2026-08-21 14:55:22,lht65-02,52.25,5.97326,2.989,27.16,79.2,22.0
2026-08-21 15:05:22,lht65-02,52.25,5.97326,2.987,28.38,81.9,22.06
2026-08-21 15:15:22,lht65-02,52.25,5.97326,2.991,29.25,68.2,22.06
2026-08-21 15:25:24,lht65-02,52.25,5.97326,2.987,28.45,63.5,22.12
2026-08-21 15:35:22,lht65-02,52.25,5.97326,2.987,27.19,62.9,22.18
2026-08-21 15:45:22,lht65-02,52.25,5.97326,2.987,26.27,64.3,22.25
2026-08-21 15:55:22,lht65-02,52.25,5.97326,2.987,26.3,66.8,22.31
2026-08-21 16:05:22,lht65-02,52.25,5.97326,2.987,26.97,65.4,22.31
2026-08-21 16:15:22,lht65-02,52.25,5.97326,2.987,27.27,65.0,22.31
2026-08-21 16:25:22,lht65-02,52.25,5.97326,2.987,26.91,65.0,22.31
2026-08-21 16:35:22,lht65-02,52.25,5.97326,2.989,25.9,67.0,22.31
2026-08-21 16:45:22,lht65-02,52.25,5.97326,2.987,24.86,68.3,22.37
2026-08-21 16:55:22,lht65-02,52.25,5.97326,2.991,23.93,71.0,22.37
2026-08-21 17:05:22,lht65-02,52.25,5.97326,2.987,23.25,75.0,22.31
2026-08-21 17:15:22,lht65-02,52.25,5.97326,2.987,22.76,78.3,22.31
2026-08-21 17:25:22,lht65-02,52.25,5.97326,2.991,22.39,80.3,22.25
2026-08-21 17:35:22,lht65-02,52.25,5.97326,2.987,22.11,82.7,22.18
2026-08-21 17:45:22,lht65-02,52.25,5.97326,2.987,21.75,82.8,22.18
2026-08-21 17:55:22,lht65-02,52.25,5.97326,2.987,21.42,84.0,22.12
2026-08-21 18:05:22,lht65-02,52.25,5.97326,2.985,21.08,83.8,22.06
2026-08-21 18:15:22,lht65-02,52.25,5.97326,2.985,20.72,85.3,22.06
2026-08-21 18:25:22,lht65-02,52.25,5.97326,2.985,20.39,86.0,22.0
2026-08-21 18:35:22,lht65-02,52.25,5.97326,2.985,19.86,85.9,21.93
2026-08-21 18:45:22,lht65-02,52.25,5.97326,2.987,19.61,85.9,21.87
2026-08-21 18:55:22,lht65-02,52.25,5.97326,2.983,19.18,86.4,21.81
2026-08-21 19:05:22,lht65-02,52.25,5.97326,2.983,18.77,87.1,21.75
2026-08-21 19:15:22,lht65-02,52.25,5.97326,2.987,18.45,87.8,21.68
2026-08-21 19:25:22,lht65-02,52.25,5.97326,2.985,18.2,88.6,21.62
2026-08-21 19:35:22,lht65-02,52.25,5.97326,2.987,18.0,89.1,21.56
2026-08-21 19:45:22,lht65-02,52.25,5.97326,2.987,17.79,89.5,21.5
2026-08-21 19:55:22,lht65-02,52.25,5.97326,2.987,17.55,89.5,21.43
2026-08-21 20:05:21,lht65-02,52.25,5.97326,2.987,17.31,89.5,21.37
2026-08-21 20:15:21,lht65-02,52.25,5.97326,2.987,17.09,89.8,21.31
2026-08-21 20:25:21,lht65-02,52.25,5.97326,2.989,16.93,90.2,21.25
2026-08-21 20:35:21,lht65-02,52.25,5.97326,2.991,16.73,90.4,21.18
2026-08-21 20:45:21,lht65-02,52.25,5.97326,2.991,16.53,90.6,21.12
2026-08-21 20:55:21,lht65-02,52.25,5.97326,2.991,16.36,90.8,21.0
2026-08-21 21:05:21,lht65-02,52.25,5.97326,2.987,16.2,91.1,21.0
2026-08-21 21:15:21,lht65-02,52.25,5.97326,2.983,16.05,91.2,20.93
2026-08-21 21:25:21,lht65-02,52.25,5.97326,2.987,15.85,91.1,20.81
2026-08-21 21:35:21,lht65-02,52.25,5.97326,2.987,15.68,91.2,20.75
2026-08-21 21:45:21,lht65-02,52.25,5.97326,2.989,15.49,91.4,20.75
2026-08-21 21:55:21,lht65-02,52.25,5.97326,2.987,15.36,91.9,20.62
2026-08-21 22:05:21,lht65-02,52.25,5.97326,2.987,15.32,92.7,20.56
2026-08-21 22:15:21,lht65-02,52.25,5.97326,2.987,15.31,93.6,20.5
2026-08-21 22:25:21,lht65-02,52.25,5.97326,2.987,15.33,94.7,20.43
2026-08-21 22:35:21,lht65-02,52.25,5.97326,2.989,15.4,96.1,20.43
2026-08-21 22:45:21,lht65-02,52.25,5.97326,2.991,15.41,97.2,20.37
2026-08-21 22:55:21,lht65-02,52.25,5.97326,2.987,15.29,97.2,20.31
2026-08-21 23:05:21,lht65-02,52.25,5.97326,2.991,15.14,96.7,20.25
2026-08-21 23:15:21,lht65-02,52.25,5.97326,2.991,15.03,96.5,20.18
2026-08-21 23:25:21,lht65-02,52.25,5.97326,2.987,15.01,96.8,20.12
2026-08-21 23:35:21,lht65-02,52.25,5.97326,2.991,15.05,97.2,20.06
2026-08-21 23:45:21,lht65-02,52.25,5.97326,2.991,15.11,97.7,20.06
2026-08-21 23:55:21,lht65-02,52.25,5.97326,2.991,15.22,99.1,20.0
2026-08-22 00:05:21,lht65-02,52.25,5.97326,2.991,15.29,100.0,19.93
2026-08-22 00:15:21,lht65-02,52.25,5.97326,2.991,15.37,100.0,19.93
2026-08-22 00:25:21,lht65-02,52.25,5.97326,2.991,15.41,100.0,19.87
2026-08-22 00:35:21,lht65-02,52.25,5.97326,2.991,15.41,100.0,19.87
2026-08-22 00:45:21,lht65-02,52.25,5.97326,2.991,15.41,100.0,19.81
2026-08-22 00:55:21,lht65-02,52.25,5.97326,2.991,15.45,100.0,19.75
2026-08-22 01:05:21,lht65-02,52.25,5.97326,2.991,15.47,100.0,19.75
2026-08-22 01:15:21,lht65-02,52.25,5.97326,2.991,15.44,100.0,19.68
2026-08-22 01:25:21,lht65-02,52.25,5.97326,2.991,15.41,100.0,19.68
2026-08-22 01:35:21,lht65-02,52.25,5.97326,2.991,15.38,100.0,19.68
2026-08-22 01:45:21,lht65-02,52.25,5.97326,2.991,15.36,100.0,19.62
2026-08-22 01:55:21,lht65-02,52.25,5.97326,2.991,15.31,100.0,19.62
2026-08-22 02:05:21,lht65-02,52.25,5.97326,2.991,15.17,100.0,19.56
2026-08-22 02:15:21,lht65-02,52.25,5.97326,2.989,14.93,100.0,19.56
2026-08-22 02:25:21,lht65-02,52.25,5.97326,2.98,14.66,100.0,19.5
2026-08-22 02:35:21,lht65-02,52.25,5.97326,2.973,14.42,100.0,19.5
2026-08-22 02:45:21,lht65-02,52.25,5.97326,2.955,14.3,100.0,19.43
2026-08-22 02:55:21,lht65-02,52.25,5.97326,2.948,14.11,100.0,19.43
2026-08-22 03:05:21,lht65-02,52.25,5.97326,2.945,13.88,100.0,19.37
2026-08-22 03:15:21,lht65-02,52.25,5.97326,2.959,13.73,100.0,19.31
2026-08-22 03:25:21,lht65-02,52.25,5.97326,2.945,13.57,100.0,19.31
2026-08-22 03:35:21,lht65-02,52.25,5.97326,2.964,13.45,100.0,19.25
2026-08-22 03:45:21,lht65-02,52.25,5.97326,2.966,13.44,100.0,19.18
2026-08-22 03:55:21,lht65-02,52.25,5.97326,2.968,13.46,100.0,19.12
2026-08-22 04:05:21,lht65-02,52.25,5.97326,2.969,13.47,100.0,19.12
2026-08-22 04:15:21,lht65-02,52.25,5.97326,2.968,13.5,100.0,19.06
2026-08-22 04:25:21,lht65-02,52.25,5.97326,2.968,13.61,100.0,19.06
2026-08-22 04:35:21,lht65-02,52.25,5.97326,2.966,13.75,100.0,19.0
2026-08-22 04:45:21,lht65-02,52.25,5.97326,2.966,13.92,100.0,19.0
2026-08-22 04:55:21,lht65-02,52.25,5.97326,2.964,14.12,100.0,18.93
2026-08-22 05:05:21,lht65-02,52.25,5.97326,2.968,14.31,100.0,18.87
2026-08-22 05:15:21,lht65-02,52.25,5.97326,2.964,14.47,100.0,18.87
2026-08-22 05:25:21,lht65-02,52.25,5.97326,2.966,14.69,100.0,18.87
2026-08-22 05:35:21,lht65-02,52.25,5.97326,2.966,14.96,100.0,18.81
2026-08-22 05:45:21,lht65-02,52.25,5.97326,2.968,15.17,100.0,18.81
2026-08-22 05:55:21,lht65-02,52.25,5.97326,2.968,15.23,100.0,18.81
2026-08-22 06:05:21,lht65-02,52.25,5.97326,2.968,15.38,100.0,18.81
2026-08-22 06:15:21,lht65-02,52.25,5.97326,2.992,15.85,100.0,18.81
2026-08-22 06:25:21,lht65-02,52.25,5.97326,2.991,16.87,100.0,18.81
2026-08-22 06:35:21,lht65-02,52.25,5.97326,2.987,18.11,100.0,18.81
2026-08-22 06:45:21,lht65-02,52.25,5.97326,2.987,19.02,100.0,18.87
2026-08-22 06:55:21,lht65-02,52.25,5.97326,2.991,19.95,100.0,18.93
2026-08-22 07:05:21,lht65-02,52.25,5.97326,2.991,20.95,100.0,18.93
2026-08-22 07:15:20,lht65-02,52.25,5.97326,2.991,21.6,100.0,19.0
2026-08-22 07:25:20,lht65-02,52.25,5.97326,2.994,21.75,91.2,19.12
2026-08-22 07:35:20,lht65-02,52.25,5.97326,2.98,21.36,89.4,19.18
2026-08-22 07:45:20,lht65-02,52.25,5.97326,2.976,20.88,89.0,19.25
2026-08-22 07:55:20,lht65-02,52.25,5.97326,2.978,20.85,91.0,19.31
2026-08-22 08:05:20,lht65-02,52.25,5.97326,2.983,21.68,92.9,19.37
2026-08-22 08:15:20,lht65-02,52.25,5.97326,2.998,23.24,94.4,19.43
2026-08-22 08:25:20,lht65-02,52.25,5.97326,2.991,24.81,89.9,19.5
2026-08-22 08:35:20,lht65-02,52.25,5.97326,2.991,25.85,85.2,19.56
2026-08-22 08:45:20,lht65-02,52.25,5.97326,2.976,26.72,84.1,19.68
2026-08-22 08:55:20,lht65-02,52.25,5.97326,2.982,27.77,85.2,19.81
2026-08-22 09:05:20,lht65-02,52.25,5.97326,2.952,29.26,73.8,19.93
2026-08-22 09:15:20,lht65-02,52.25,5.97326,2.959,29.9,67.5,20.06
2026-08-22 09:25:20,lht65-02,52.25,5.97326,2.95,29.08,65.0,20.25
2026-08-22 09:35:20,lht65-02,52.25,5.97326,2.971,28.59,68.1,20.37
2026-08-22 09:45:20,lht65-02,52.25,5.97326,2.962,28.47,69.3,20.5
2026-08-22 09:55:20,lht65-02,52.25,5.97326,2.968,28.77,70.0,20.62
2026-08-22 10:05:20,lht65-02,52.25,5.97326,2.952,29.27,68.7,20.75
2026-08-22 10:15:20,lht65-02,52.25,5.97326,2.96,29.6,66.3,20.87
2026-08-22 10:25:20,lht65-02,52.25,5.97326,2.952,30.73,65.5,21.0
2026-08-22 10:35:20,lht65-02,52.25,5.97326,2.983,30.14,50.6,21.12
2026-08-22 10:45:20,lht65-02,52.25,5.97326,2.98,27.91,55.1,21.25
2026-08-22 10:55:20,lht65-02,52.25,5.97326,2.95,25.32,61.5,21.31
2026-08-22 11:05:20,lht65-02,52.25,5.97326,2.94,24.83,75.8,21.43
2026-08-22 11:15:20,lht65-02,52.25,5.97326,2.945,27.26,79.6,21.5
2026-08-22 11:25:20,lht65-02,52.25,5.97326,2.945,28.38,49.2,21.56
2026-08-22 11:35:20,lht65-02,52.25,5.97326,3.007,24.76,59.2,21.62
2026-08-22 11:45:20,lht65-02,52.25,5.97326,2.943,24.28,65.2,21.68
2026-08-22 11:55:20,lht65-02,52.25,5.97326,2.955,25.06,62.6,21.75
2026-08-22 12:05:20,lht65-02,52.25,5.97326,2.95,27.04,67.1,21.75
2026-08-22 12:15:20,lht65-02,52.25,5.97326,2.945,27.75,57.2,21.81
2026-08-22 12:25:20,lht65-02,52.25,5.97326,2.94,27.94,61.4,21.81
2026-08-22 12:35:20,lht65-02,52.25,5.97326,2.945,28.64,59.9,21.93
2026-08-22 12:45:20,lht65-02,52.25,5.97326,2.973,30.13,48.8,22.0
2026-08-22 12:55:20,lht65-02,52.25,5.97326,2.952,27.22,53.3,22.06
2026-08-22 13:05:20,lht65-02,52.25,5.97326,2.943,26.72,56.4,22.12
2026-08-22 13:15:20,lht65-02,52.25,5.97326,2.945,26.13,58.8,22.18
2026-08-22 13:25:20,lht65-02,52.25,5.97326,2.938,27.62,61.2,22.25
2026-08-22 13:35:20,lht65-02,52.25,5.97326,3.012,28.87,54.2,22.37
2026-08-22 13:45:20,lht65-02,52.25,5.97326,3.012,28.08,55.4,22.43
2026-08-22 13:55:20,lht65-02,52.25,5.97326,3.014,28.51,60.6,22.56
2026-08-22 14:05:20,lht65-02,52.25,5.97326,3.016,29.38,56.8,22.68
2026-08-22 14:15:20,lht65-02,52.25,5.97326,3.014,29.36,55.5,22.75
2026-08-22 14:25:20,lht65-02,52.25,5.97326,3.016,28.77,58.5,22.87
2026-08-22 14:35:20,lht65-02,52.25,5.97326,3.014,28.64,58.3,22.87
2026-08-22 14:45:20,lht65-02,52.25,5.97326,3.016,28.3,57.6,23.0
2026-08-22 14:55:20,lht65-02,52.25,5.97326,3.016,27.41,56.8,23.0
2026-08-22 15:05:20,lht65-02,52.25,5.97326,3.012,26.1,59.3,23.06
2026-08-22 15:15:20,lht65-02,52.25,5.97326,3.012,25.85,60.9,23.06
2026-08-22 15:25:20,lht65-02,52.25,5.97326,3.01,25.82,61.0,23.06
2026-08-22 15:35:21,lht65-02,52.25,5.97326,3.012,25.49,64.6,23.06
2026-08-22 15:45:20,lht65-02,52.25,5.97326,2.945,25.98,62.8,23.0
2026-08-22 15:55:20,lht65-02,52.25,5.97326,2.938,26.01,62.4,23.0
2026-08-22 16:05:20,lht65-02,52.25,5.97326,2.948,24.96,61.2,23.0
2026-08-22 16:15:20,lht65-02,52.25,5.97326,2.941,23.74,64.8,23.0
2026-08-22 16:25:20,lht65-02,52.25,5.97326,2.952,22.98,72.6,23.0
2026-08-22 16:35:19,lht65-02,52.25,5.97326,2.952,22.7,75.3,22.87
2026-08-22 16:45:20,lht65-02,52.25,5.97326,2.95,22.59,78.6,22.87
2026-08-22 16:55:19,lht65-02,52.25,5.97326,2.955,22.38,78.1,22.81
2026-08-22 17:05:19,lht65-02,52.25,5.97326,2.952,21.99,79.2,22.75
2026-08-22 17:15:19,lht65-02,52.25,5.97326,2.952,21.75,80.1,22.68
2026-08-22 17:25:19,lht65-02,52.25,5.97326,2.952,21.41,80.0,22.68
2026-08-22 17:35:19,lht65-02,52.25,5.97326,2.948,20.85,81.3,22.62
2026-08-22 17:45:19,lht65-02,52.25,5.97326,2.948,20.39,82.1,22.56
2026-08-22 17:55:19,lht65-02,52.25,5.97326,2.948,19.86,81.7,22.5
2026-08-22 18:05:19,lht65-02,52.25,5.97326,2.947,19.44,83.6,22.43
2026-08-22 18:15:19,lht65-02,52.25,5.97326,2.962,18.98,83.5,22.31
2026-08-22 18:25:19,lht65-02,52.25,5.97326,2.95,18.56,84.8,22.31
2026-08-22 18:35:19,lht65-02,52.25,5.97326,2.962,18.15,84.7,22.18
2026-08-22 18:45:19,lht65-02,52.25,5.97326,2.954,17.84,86.0,22.12
2026-08-22 18:55:19,lht65-02,52.25,5.97326,2.952,17.52,85.6,22.06
2026-08-22 19:05:19,lht65-02,52.25,5.97326,2.952,17.3,86.9,21.93
2026-08-22 19:15:19,lht65-02,52.25,5.97326,2.952,17.09,87.8,21.87
2026-08-22 19:25:19,lht65-02,52.25,5.97326,2.98,16.81,87.4,21.81
2026-08-22 19:35:19,lht65-02,52.25,5.97326,2.95,16.44,87.8,21.68
2026-08-22 19:45:19,lht65-02,52.25,5.97326,2.948,16.15,88.4,21.62
2026-08-22 19:55:19,lht65-02,52.25,5.97326,2.968,16.02,89.6,21.56
2026-08-22 20:05:19,lht65-02,52.25,5.97326,2.962,15.81,89.5,21.5
2026-08-22 20:15:19,lht65-02,52.25,5.97326,2.938,15.69,90.2,21.37
2026-08-22 20:25:19,lht65-02,52.25,5.97326,3.009,15.62,90.6,21.31
2026-08-22 20:35:19,lht65-02,52.25,5.97326,3.005,15.49,90.7,21.25
2026-08-22 20:45:19,lht65-02,52.25,5.97326,3.007,15.25,90.1,21.18
2026-08-22 20:55:19,lht65-02,52.25,5.97326,3.005,14.94,89.5,21.12
2026-08-22 21:05:19,lht65-02,52.25,5.97326,3.009,14.61,89.3,21.0
2026-08-22 21:15:19,lht65-02,52.25,5.97326,3.009,14.3,89.0,20.93
2026-08-22 21:25:19,lht65-02,52.25,5.97326,3.007,13.9,88.9,20.87
2026-08-22 21:35:19,lht65-02,52.25,5.97326,2.991,13.61,89.6,20.81
2026-08-22 21:45:19,lht65-02,52.25,5.97326,3.009,13.39,90.0,20.75
2026-08-22 21:55:19,lht65-02,52.25,5.97326,2.957,13.17,90.0,20.62
2026-08-22 22:05:19,lht65-02,52.25,5.97326,3.009,12.97,90.5,20.56
2026-08-22 22:15:19,lht65-02,52.25,5.97326,2.959,12.8,90.7,20.5
2026-08-22 22:25:19,lht65-02,52.25,5.97326,3.007,12.65,90.9,20.43
2026-08-22 22:35:19,lht65-02,52.25,5.97326,3.005,12.49,91.0,20.31
2026-08-22 22:45:19,lht65-02,52.25,5.97326,3.005,12.36,91.2,20.25
2026-08-22 22:55:19,lht65-02,52.25,5.97326,2.874,12.24,91.3,20.12
2026-08-22 23:05:19,lht65-02,52.25,5.97326,3.009,12.25,92.1,20.06
2026-08-22 23:15:19,lht65-02,52.25,5.97326,3.007,12.45,94.0,20.06
2026-08-22 23:25:19,lht65-02,52.25,5.97326,3.009,12.72,96.8,19.93
2026-08-22 23:35:19,lht65-02,52.25,5.97326,3.009,12.99,99.8,19.87
2026-08-22 23:45:19,lht65-02,52.25,5.97326,3.009,13.21,100.0,19.81
2026-08-22 23:55:19,lht65-02,52.25,5.97326,3.009,13.38,100.0,19.75
2026-08-23 00:05:19,lht65-02,52.25,5.97326,3.007,13.47,100.0,19.68
2026-08-23 00:15:19,lht65-02,52.25,5.97326,2.991,13.57,100.0,19.68
2026-08-23 00:25:19,lht65-02,52.25,5.97326,2.954,13.7,100.0,19.62
2026-08-23 00:35:19,lht65-02,52.25,5.97326,2.947,13.85,100.0,19.56
2026-08-23 00:45:19,lht65-02,52.25,5.97326,2.962,14.01,100.0,19.5
2026-08-23 00:55:19,lht65-02,52.25,5.97326,2.991,14.14,100.0,19.5
2026-08-23 01:05:19,lht65-02,52.25,5.97326,2.98,14.3,100.0,19.43
2026-08-23 01:15:19,lht65-02,52.25,5.97326,2.98,14.3,100.0,19.43
2026-08-23 01:25:19,lht65-02,52.25,5.97326,2.98,14.17,100.0,19.43
2026-08-23 01:35:19,lht65-02,52.25,5.97326,2.98,14.03,100.0,19.31
2026-08-23 01:45:19,lht65-02,52.25,5.97326,2.985,13.97,100.0,19.37
2026-08-23 01:55:19,lht65-02,52.25,5.97326,3.0,14.01,100.0,19.31
2026-08-23 02:05:19,lht65-02,52.25,5.97326,2.992,14.15,100.0,19.31
2026-08-23 02:15:19,lht65-02,52.25,5.97326,2.98,14.3,100.0,19.25
2026-08-23 02:25:19,lht65-02,52.25,5.97326,2.998,14.31,100.0,19.18
2026-08-23 02:35:19,lht65-02,52.25,5.97326,3.001,14.3,100.0,19.18
2026-08-23 02:45:19,lht65-02,52.25,5.97326,2.996,14.19,100.0,19.18
2026-08-23 02:55:18,lht65-02,52.25,5.97326,2.996,13.96,100.0,19.18
2026-08-23 03:05:18,lht65-02,52.25,5.97326,2.991,13.92,100.0,19.12
2026-08-23 03:15:19,lht65-02,52.25,5.97326,2.994,13.96,100.0,19.12
2026-08-23 03:25:18,lht65-02,52.25,5.97326,2.991,13.97,100.0,19.06
2026-08-23 03:35:19,lht65-02,52.25,5.97326,2.987,14.04,100.0,19.06
2026-08-23 03:45:19,lht65-02,52.25,5.97326,2.987,14.16,100.0,19.06
2026-08-23 03:55:19,lht65-02,52.25,5.97326,2.982,14.31,100.0,19.0
2026-08-23 04:05:18,lht65-02,52.25,5.97326,2.991,14.31,100.0,19.0
2026-08-23 04:15:18,lht65-02,52.25,5.97326,2.991,14.32,100.0,18.93
2026-08-23 04:25:18,lht65-02,52.25,5.97326,2.987,14.37,100.0,18.93
2026-08-23 04:35:18,lht65-02,52.25,5.97326,2.987,14.44,100.0,18.93
2026-08-23 04:45:18,lht65-02,52.25,5.97326,2.987,14.46,100.0,18.93
2026-08-23 04:55:18,lht65-02,52.25,5.97326,2.987,14.5,100.0,18.87
2026-08-23 05:05:18,lht65-02,52.25,5.97326,2.987,14.59,100.0,18.87
2026-08-23 05:15:18,lht65-02,52.25,5.97326,2.985,14.65,100.0,18.87
2026-08-23 05:25:18,lht65-02,52.25,5.97326,2.991,14.77,100.0,18.81
2026-08-23 05:35:18,lht65-02,52.25,5.97326,2.987,14.98,100.0,18.81
2026-08-23 05:45:18,lht65-02,52.25,5.97326,2.985,15.21,100.0,18.81
2026-08-23 05:55:18,lht65-02,52.25,5.97326,2.987,15.48,100.0,18.81
2026-08-23 06:15:18,lht65-02,52.25,5.97326,2.987,16.2,100.0,18.81
2026-08-23 06:25:18,lht65-02,52.25,5.97326,2.987,16.68,100.0,18.81
2026-08-23 06:35:18,lht65-02,52.25,5.97326,2.98,17.24,100.0,18.81
2026-08-23 06:45:18,lht65-02,52.25,5.97326,2.968,17.94,100.0,18.87
2026-08-23 06:55:18,lht65-02,52.25,5.97326,2.987,18.48,100.0,18.87
2026-08-23 07:05:18,lht65-02,52.25,5.97326,2.955,19.13,100.0,18.93
2026-08-23 07:15:18,lht65-02,52.25,5.97326,3.005,19.84,100.0,18.93
2026-08-23 07:25:18,lht65-02,52.25,5.97326,2.906,20.6,100.0,19.0
2026-08-23 07:35:18,lht65-02,52.25,5.97326,3.005,21.53,100.0,19.06
2026-08-23 07:45:18,lht65-02,52.25,5.97326,2.98,22.34,94.7,19.12
2026-08-23 07:55:18,lht65-02,52.25,5.97326,2.976,23.35,94.5,19.18
2026-08-23 08:05:18,lht65-02,52.25,5.97326,2.955,24.39,94.4,19.31
2026-08-23 08:15:18,lht65-02,52.25,5.97326,2.952,25.32,93.1,19.37
2026-08-23 08:25:18,lht65-02,52.25,5.97326,2.947,26.26,89.2,19.5
2026-08-23 08:35:18,lht65-02,52.25,5.97326,2.94,27.35,84.9,19.56
2026-08-23 08:45:18,lht65-02,52.25,5.97326,3.001,28.34,79.1,19.75
2026-08-23 08:55:18,lht65-02,52.25,5.97326,2.943,28.08,65.1,19.81
2026-08-23 09:05:18,lht65-02,52.25,5.97326,2.98,27.49,61.7,20.0
2026-08-23 09:15:18,lht65-02,52.25,5.97326,2.98,26.83,68.8,20.12
2026-08-23 09:25:18,lht65-02,52.25,5.97326,2.98,27.22,69.2,20.25
2026-08-23 09:35:18,lht65-02,52.25,5.97326,2.983,27.13,61.0,20.37
2026-08-23 09:45:18,lht65-02,52.25,5.97326,2.976,26.44,60.9,20.43
2026-08-23 09:55:18,lht65-02,52.25,5.97326,2.976,25.81,65.6,20.56
2026-08-23 10:05:18,lht65-02,52.25,5.97326,2.978,25.32,63.5,20.68
2026-08-23 10:15:18,lht65-02,52.25,5.97326,2.978,25.36,67.6,20.75
2026-08-23 10:25:18,lht65-02,52.25,5.97326,2.968,26.94,73.0,20.81
2026-08-23 10:35:18,lht65-02,52.25,5.97326,2.959,27.78,60.3,20.87
2026-08-23 10:45:18,lht65-02,52.25,5.97326,2.973,28.04,64.7,21.0
2026-08-23 10:55:18,lht65-02,52.25,5.97326,2.966,29.74,73.7,21.06
2026-08-23 11:05:18,lht65-02,52.25,5.97326,3.012,29.0,47.9,21.18
2026-08-23 11:15:18,lht65-02,52.25,5.97326,3.009,26.58,53.6,21.25
2026-08-23 11:25:18,lht65-02,52.25,5.97326,3.016,25.32,58.0,21.31
2026-08-23 11:35:18,lht65-02,52.25,5.97326,3.014,25.32,69.2,21.43
2026-08-23 11:45:18,lht65-02,52.25,5.97326,3.016,26.7,61.4,21.5
2026-08-23 11:55:18,lht65-02,52.25,5.97326,3.016,27.52,58.6,21.56
2026-08-23 12:05:18,lht65-02,52.25,5.97326,3.016,28.07,56.9,21.62
2026-08-23 12:15:18,lht65-02,52.25,5.97326,3.016,28.64,61.1,21.75
2026-08-23 12:25:18,lht65-02,52.25,5.97326,3.016,29.67,62.6,21.81
2026-08-23 12:35:18,lht65-02,52.25,5.97326,3.016,29.59,56.9,21.93
2026-08-23 12:45:18,lht65-02,52.25,5.97326,2.996,29.89,56.0,22.0
2026-08-23 12:55:18,lht65-02,52.25,5.97326,2.794,30.47,47.2,22.0
2026-08-23 13:05:18,lht65-02,52.25,5.97326,3.007,27.16,47.7,22.12
2026-08-23 13:15:17,lht65-02,52.25,5.97326,3.007,25.25,53.2,22.25
2026-08-23 13:25:18,lht65-02,52.25,5.97326,2.962,24.1,63.5,22.31
2026-08-23 13:35:18,lht65-02,52.25,5.97326,2.991,24.83,71.4,22.37
2026-08-23 13:45:18,lht65-02,52.25,5.97326,2.994,26.17,72.8,22.37
2026-08-23 13:55:18,lht65-02,52.25,5.97326,2.992,27.16,75.4,22.43
2026-08-23 14:05:17,lht65-02,52.25,5.97326,2.987,28.96,68.8,22.43
2026-08-23 14:15:17,lht65-02,52.25,5.97326,2.991,28.18,49.6,22.5
2026-08-23 14:25:17,lht65-02,52.25,5.97326,2.985,25.32,56.1,22.56
2026-08-23 14:35:17,lht65-02,52.25,5.97326,2.978,23.69,61.4,22.62
2026-08-23 14:45:17,lht65-02,52.25,5.97326,2.983,23.17,71.6,22.68
2026-08-23 14:55:17,lht65-02,52.25,5.97326,2.991,23.82,72.9,22.68
2026-08-23 15:05:17,lht65-02,52.25,5.97326,2.987,24.13,74.8,22.68
2026-08-23 15:15:17,lht65-02,52.25,5.97326,2.991,24.31,76.7,22.62
2026-08-23 15:25:17,lht65-02,52.25,5.97326,2.987,24.62,78.5,22.62
2026-08-23 15:35:17,lht65-02,52.25,5.97326,2.987,25.38,80.1,22.62
2026-08-23 15:45:20,lht65-02,52.25,5.97326,2.987,26.65,78.9,22.62
2026-08-23 15:55:17,lht65-02,52.25,5.97326,2.991,26.92,76.9,22.62
2026-08-23 16:05:17,lht65-02,52.25,5.97326,2.991,26.8,76.9,22.68
2026-08-23 16:15:17,lht65-02,52.25,5.97326,2.987,25.86,76.1,22.68
2026-08-23 16:25:17,lht65-02,52.25,5.97326,2.983,25.23,77.6,22.68
2026-08-23 16:35:17,lht65-02,52.25,5.97326,2.983,24.42,79.5,22.68
2026-08-23 16:45:17,lht65-02,52.25,5.97326,2.983,23.79,79.2,22.68
2026-08-23 16:55:17,lht65-02,52.25,5.97326,2.982,23.1,80.7,22.68
2026-08-23 17:05:17,lht65-02,52.25,5.97326,2.98,22.59,81.6,22.62
2026-08-23 17:15:17,lht65-02,52.25,5.97326,2.969,22.14,82.8,22.62
2026-08-23 17:25:17,lht65-02,52.25,5.97326,2.975,21.8,83.2,22.56
2026-08-23 17:35:17,lht65-02,52.25,5.97326,2.975,21.57,84.4,22.56
2026-08-23 17:45:17,lht65-02,52.25,5.97326,2.973,21.34,83.6,22.5
2026-08-23 17:55:17,lht65-02,52.25,5.97326,2.968,21.07,83.7,22.43
2026-08-23 18:05:17,lht65-02,52.25,5.97326,2.968,20.75,84.3,22.43
2026-08-23 18:15:17,lht65-02,52.25,5.97326,2.966,20.32,84.4,22.31
2026-08-23 18:25:17,lht65-02,52.25,5.97326,2.962,19.84,84.4,22.31
2026-08-23 18:35:17,lht65-02,52.25,5.97326,2.964,19.17,84.3,22.25
2026-08-23 18:45:17,lht65-02,52.25,5.97326,2.95,18.57,84.9,22.18
2026-08-23 18:55:17,lht65-02,52.25,5.97326,2.924,18.0,85.7,22.12
2026-08-23 19:05:17,lht65-02,52.25,5.97326,2.907,17.38,85.8,22.06
2026-08-23 19:15:17,lht65-02,52.25,5.97326,2.902,16.87,86.1,21.93
2026-08-23 19:25:17,lht65-02,52.25,5.97326,2.911,16.34,86.7,21.87
2026-08-23 19:35:17,lht65-02,52.25,5.97326,3.001,15.9,86.9,21.81
2026-08-23 19:45:17,lht65-02,52.25,5.97326,3.001,15.43,87.1,21.75
2026-08-23 19:55:17,lht65-02,52.25,5.97326,2.98,14.99,87.4,21.62
2026-08-23 20:05:17,lht65-02,52.25,5.97326,2.987,14.57,87.7,21.56
2026-08-23 20:15:17,lht65-02,52.25,5.97326,2.994,14.3,88.3,21.43
2026-08-23 20:25:17,lht65-02,52.25,5.97326,2.983,13.99,88.8,21.37
2026-08-23 20:35:17,lht65-02,52.25,5.97326,3.001,13.71,89.2,21.25
2026-08-23 20:45:17,lht65-02,52.25,5.97326,2.985,13.51,89.8,21.18
2026-08-23 20:55:17,lht65-02,52.25,5.97326,2.973,13.31,90.0,21.06
2026-08-23 21:05:17,lht65-02,52.25,5.97326,2.968,13.09,89.8,21.0
2026-08-23 21:15:17,lht65-02,52.25,5.97326,2.94,12.87,90.0,20.87
2026-08-23 21:25:17,lht65-02,52.25,5.97326,2.955,12.65,90.2,20.81
2026-08-23 21:35:17,lht65-02,52.25,5.97326,2.948,12.45,90.2,20.68
2026-08-23 21:45:17,lht65-02,52.25,5.97326,2.95,12.29,90.7,20.62
2026-08-23 21:55:17,lht65-02,52.25,5.97326,2.969,12.13,90.8,20.5
2026-08-23 22:05:17,lht65-02,52.25,5.97326,2.968,11.99,91.0,20.43
2026-08-23 22:15:17,lht65-02,52.25,5.97326,2.959,11.84,91.0,20.37
2026-08-23 22:25:17,lht65-02,52.25,5.97326,2.916,11.67,91.1,20.31
2026-08-23 22:35:17,lht65-02,52.25,5.97326,3.009,11.55,91.3,20.18
2026-08-23 22:45:17,lht65-02,52.25,5.97326,2.98,11.45,91.6,20.12
2026-08-23 22:55:17,lht65-02,52.25,5.97326,2.971,11.32,91.6,20.06
2026-08-23 23:05:17,lht65-02,52.25,5.97326,2.973,11.21,91.8,19.93
2026-08-23 23:15:17,lht65-02,52.25,5.97326,2.433,11.09,92.1,19.93
2026-08-23 23:25:17,lht65-02,52.25,5.97326,3.001,11.04,92.3,19.81
2026-08-23 23:35:17,lht65-02,52.25,5.97326,3.001,10.96,92.5,19.75
2026-08-23 23:45:17,lht65-02,52.25,5.97326,2.992,10.79,92.2,19.68
2026-08-23 23:55:16,lht65-02,52.25,5.97326,2.992,10.67,92.3,19.62
2026-08-24 00:05:17,lht65-02,52.25,5.97326,2.952,10.62,92.3,19.5
2026-08-24 00:15:16,lht65-02,52.25,5.97326,2.966,10.44,92.1,19.43
2026-08-24 00:25:16,lht65-02,52.25,5.97326,2.987,10.36,92.4,19.37
2026-08-24 00:35:17,lht65-02,52.25,5.97326,2.983,10.28,92.7,19.31
2026-08-24 00:45:16,lht65-02,52.25,5.97326,2.987,10.22,92.9,19.25
2026-08-24 00:55:16,lht65-02,52.25,5.97326,2.976,10.15,92.9,19.18
2026-08-24 01:05:16,lht65-02,52.25,5.97326,2.769,10.0,92.8,19.06
2026-08-24 01:15:16,lht65-02,52.25,5.97326,3.005,9.88,92.8,19.06
2026-08-24 01:25:16,lht65-02,52.25,5.97326,3.009,9.75,92.8,19.0
2026-08-24 01:35:16,lht65-02,52.25,5.97326,3.009,9.66,92.8,18.93
2026-08-24 01:45:16,lht65-02,52.25,5.97326,3.007,9.53,92.8,18.87
2026-08-24 01:55:16,lht65-02,52.25,5.97326,2.98,9.44,92.9,18.81
2026-08-24 02:05:16,lht65-02,52.25,5.97326,3.001,9.4,93.2,18.75
2026-08-24 02:15:16,lht65-02,52.25,5.97326,2.996,9.3,93.1,18.68
2026-08-24 02:25:16,lht65-02,52.25,5.97326,2.996,9.17,93.1,18.62
2026-08-24 02:35:16,lht65-02,52.25,5.97326,2.998,9.09,93.1,18.56
2026-08-24 02:45:16,lht65-02,52.25,5.97326,2.996,8.98,93.2,18.5
2026-08-24 02:55:16,lht65-02,52.25,5.97326,2.998,8.87,93.3,18.43
2026-08-24 03:05:16,lht65-02,52.25,5.97326,2.996,8.79,93.5,18.37
2026-08-24 03:15:16,lht65-02,52.25,5.97326,2.996,8.78,93.7,18.31
2026-08-24 03:25:16,lht65-02,52.25,5.97326,2.994,8.78,94.0,18.31
2026-08-24 03:35:16,lht65-02,52.25,5.97326,2.996,8.78,94.3,18.25
2026-08-24 03:45:16,lht65-02,52.25,5.97326,2.994,8.78,94.4,18.12
2026-08-24 03:55:16,lht65-02,52.25,5.97326,2.996,8.78,94.5,18.12
2026-08-24 04:05:16,lht65-02,52.25,5.97326,2.969,8.68,94.5,18.06
2026-08-24 04:15:16,lht65-02,52.25,5.97326,3.001,8.62,94.5,18.0
2026-08-24 04:25:16,lht65-02,52.25,5.97326,3.005,8.52,94.4,17.93
2026-08-24 04:35:16,lht65-02,52.25,5.97326,3.001,8.47,94.5,17.93
2026-08-24 04:45:16,lht65-02,52.25,5.97326,2.973,8.41,94.5,17.87
2026-08-24 04:55:16,lht65-02,52.25,5.97326,2.976,8.42,94.6,17.81
2026-08-24 05:05:16,lht65-02,52.25,5.97326,2.98,8.56,94.8,17.75
2026-08-24 05:15:16,lht65-02,52.25,5.97326,2.983,8.78,95.4,17.68
2026-08-24 05:25:16,lht65-02,52.25,5.97326,2.98,9.05,96.7,17.62
2026-08-24 05:35:16,lht65-02,52.25,5.97326,2.968,9.45,98.2,17.62
2026-08-24 05:45:16,lht65-02,52.25,5.97326,2.924,9.88,99.8,17.56
2026-08-24 05:55:16,lht65-02,52.25,5.97326,2.994,10.36,100.0,17.56
2026-08-24 06:05:16,lht65-02,52.25,5.97326,2.962,10.97,100.0,17.56
2026-08-24 06:15:16,lht65-02,52.25,5.97326,2.996,11.7,100.0,17.5
2026-08-24 06:25:16,lht65-02,52.25,5.97326,3.0,12.56,100.0,17.56
2026-08-24 06:35:16,lht65-02,52.25,5.97326,2.994,13.45,100.0,17.5
2026-08-24 06:45:16,lht65-02,52.25,5.97326,2.996,14.32,100.0,17.5
2026-08-24 06:55:16,lht65-02,52.25,5.97326,2.964,15.34,100.0,17.56
2026-08-24 07:05:16,lht65-02,52.25,5.97326,2.987,16.35,100.0,17.62
2026-08-24 07:15:16,lht65-02,52.25,5.97326,3.01,17.38,100.0,17.62
2026-08-24 07:25:16,lht65-02,52.25,5.97326,3.01,18.45,100.0,17.68
2026-08-24 07:35:16,lht65-02,52.25,5.97326,3.012,19.61,100.0,17.75
2026-08-24 07:45:16,lht65-02,52.25,5.97326,3.01,20.76,98.9,17.87
2026-08-24 07:55:16,lht65-02,52.25,5.97326,3.012,21.93,93.8,17.93
2026-08-24 08:05:16,lht65-02,52.25,5.97326,3.01,23.16,91.1,18.06
2026-08-24 08:15:16,lht65-02,52.25,5.97326,3.01,24.42,90.2,18.12
2026-08-24 08:25:16,lht65-02,52.25,5.97326,3.012,25.79,89.3,18.25
2026-08-24 08:35:16,lht65-02,52.25,5.97326,2.991,27.24,86.4,18.37
2026-08-24 08:45:16,lht65-02,52.25,5.97326,2.902,28.53,73.6,18.5
2026-08-24 08:55:16,lht65-02,52.25,5.97326,2.934,29.39,70.7,18.68
2026-08-24 09:05:16,lht65-02,52.25,5.97326,2.98,28.54,61.7,18.81
2026-08-24 09:15:16,lht65-02,52.25,5.97326,2.98,28.85,57.8,19.0
2026-08-24 09:25:16,lht65-02,52.25,5.97326,2.978,28.76,65.2,19.18
2026-08-24 09:35:16,lht65-02,52.25,5.97326,2.987,28.3,54.2,19.31
2026-08-24 09:45:16,lht65-02,52.25,5.97326,3.007,28.27,66.0,19.5
2026-08-24 09:55:16,lht65-02,52.25,5.97326,3.005,27.44,65.3,19.68
2026-08-24 10:05:16,lht65-02,52.25,5.97326,3.005,26.53,68.1,19.81
2026-08-24 10:15:16,lht65-02,52.25,5.97326,3.005,26.44,69.4,19.93
2026-08-24 10:25:16,lht65-02,52.25,5.97326,2.994,26.71,67.5,20.06
2026-08-24 10:35:16,lht65-02,52.25,5.97326,2.922,28.29,74.8,20.12
2026-08-24 10:45:16,lht65-02,52.25,5.97326,3.012,28.23,42.8,20.25
2026-08-24 10:55:16,lht65-02,52.25,5.97326,3.01,25.82,45.6,20.37
2026-08-24 11:05:16,lht65-02,52.25,5.97326,3.009,24.17,49.2,20.5
2026-08-24 11:15:16,lht65-02,52.25,5.97326,3.007,23.77,63.3,20.62
2026-08-24 11:25:16,lht65-02,52.25,5.97326,3.009,24.8,68.8,20.68
2026-08-24 11:35:16,lht65-02,52.25,5.97326,3.009,25.5,71.2,20.68
2026-08-24 11:45:16,lht65-02,52.25,5.97326,3.007,26.59,66.0,20.81
2026-08-24 11:55:16,lht65-02,52.25,5.97326,3.007,26.8,67.1,20.81
2026-08-24 12:05:16,lht65-02,52.25,5.97326,3.009,27.06,65.9,20.93
2026-08-24 12:15:16,lht65-02,52.25,5.97326,3.005,27.89,70.7,21.0
2026-08-24 12:25:16,lht65-02,52.25,5.97326,2.912,29.04,42.2,21.06
2026-08-24 12:35:16,lht65-02,52.25,5.97326,2.952,27.35,41.7,21.12
2026-08-24 12:45:15,lht65-02,52.25,5.97326,3.003,26.72,41.8,21.25
2026-08-24 12:55:15,lht65-02,52.25,5.97326,2.976,26.71,57.2,21.37
2026-08-24 13:05:15,lht65-02,52.25,5.97326,2.957,28.81,48.6,21.43
2026-08-24 13:15:15,lht65-02,52.25,5.97326,2.976,27.16,41.9,21.56
2026-08-24 13:25:15,lht65-02,52.25,5.97326,2.991,26.24,44.6,21.68
2026-08-24 13:35:15,lht65-02,52.25,5.97326,3.01,26.13,46.0,21.81
2026-08-24 13:45:15,lht65-02,52.25,5.97326,3.009,27.91,66.2,21.93
2026-08-24 13:55:15,lht65-02,52.25,5.97326,3.005,28.72,41.4,22.06
2026-08-24 14:05:15,lht65-02,52.25,5.97326,2.938,27.18,41.1,22.18
2026-08-24 14:15:15,lht65-02,52.25,5.97326,2.955,26.16,44.3,22.31
2026-08-24 14:25:15,lht65-02,52.25,5.97326,2.938,25.71,53.5,22.43
2026-08-24 14:35:15,lht65-02,52.25,5.97326,2.919,27.26,64.9,22.5
2026-08-24 14:45:15,lht65-02,52.25,5.97326,2.911,28.36,49.5,22.56
2026-08-24 14:55:15,lht65-02,52.25,5.97326,2.964,28.0,46.7,22.62
2026-08-24 15:05:15,lht65-02,52.25,5.97326,2.936,27.79,56.5,22.62
2026-08-24 15:15:15,lht65-02,52.25,5.97326,2.973,28.29,59.1,22.68
2026-08-24 15:25:15,lht65-02,52.25,5.97326,2.976,28.6,60.1,22.75
2026-08-24 15:35:15,lht65-02,52.25,5.97326,2.966,28.71,59.9,22.75
2026-08-24 15:45:15,lht65-02,52.25,5.97326,2.957,28.53,59.4,22.81
2026-08-24 15:55:15,lht65-02,52.25,5.97326,2.931,28.42,58.2,22.75
2026-08-24 16:05:15,lht65-02,52.25,5.97326,2.962,28.16,58.0,22.81
2026-08-24 16:15:15,lht65-02,52.25,5.97326,2.95,27.67,57.4,22.81
2026-08-24 16:25:15,lht65-02,52.25,5.97326,2.943,27.16,57.2,22.81
2026-08-24 16:35:15,lht65-02,52.25,5.97326,2.983,26.59,56.2,22.81
2026-08-24 16:45:15,lht65-02,52.25,5.97326,2.978,25.88,58.4,22.81
2026-08-24 16:55:15,lht65-02,52.25,5.97326,2.964,25.42,58.6,22.81
2026-08-24 17:05:15,lht65-02,52.25,5.97326,2.952,25.32,58.1,22.75
2026-08-24 17:15:15,lht65-02,52.25,5.97326,2.966,24.5,57.8,22.75
2026-08-24 17:25:15,lht65-02,52.25,5.97326,2.971,23.58,65.8,22.75
2026-08-24 17:35:15,lht65-02,52.25,5.97326,2.966,22.59,71.5,22.68
2026-08-24 17:45:15,lht65-02,52.25,5.97326,2.959,21.91,76.2,22.62
2026-08-24 17:55:15,lht65-02,52.25,5.97326,3.005,21.22,77.3,22.56
2026-08-24 18:05:15,lht65-02,52.25,5.97326,3.005,20.57,79.3,22.5
2026-08-24 18:15:15,lht65-02,52.25,5.97326,2.957,19.95,81.1,22.43
2026-08-24 18:25:15,lht65-02,52.25,5.97326,2.971,19.52,81.6,22.37
2026-08-24 18:35:15,lht65-02,52.25,5.97326,2.966,18.99,81.9,22.31
2026-08-24 18:45:15,lht65-02,52.25,5.97326,2.983,18.45,82.8,22.25
2026-08-24 18:55:15,lht65-02,52.25,5.97326,2.962,17.9,83.4,22.12
2026-08-24 19:05:15,lht65-02,52.25,5.97326,2.966,17.38,84.4,22.06
2026-08-24 19:15:15,lht65-02,52.25,5.97326,2.959,16.94,85.0,22.0
2026-08-24 19:25:15,lht65-02,52.25,5.97326,2.955,16.51,85.4,21.87
2026-08-24 19:35:15,lht65-02,52.25,5.97326,2.959,16.13,86.1,21.81
2026-08-24 19:45:15,lht65-02,52.25,5.97326,2.966,15.8,86.7,21.68
2026-08-24 19:55:15,lht65-02,52.25,5.97326,2.964,15.48,86.9,21.68
2026-08-24 20:05:15,lht65-02,52.25,5.97326,2.971,15.16,87.2,21.56
2026-08-24 20:15:15,lht65-02,52.25,5.97326,2.969,14.87,87.5,21.43
2026-08-24 20:25:15,lht65-02,52.25,5.97326,2.973,14.61,87.9,21.37
2026-08-24 20:35:15,lht65-02,52.25,5.97326,2.973,14.32,88.2,21.31
2026-08-24 20:45:15,lht65-02,52.25,5.97326,2.973,14.3,88.7,21.18
2026-08-24 20:55:15,lht65-02,52.25,5.97326,2.976,14.01,88.8,21.12
2026-08-24 21:05:15,lht65-02,52.25,5.97326,2.968,13.81,89.1,21.0
2026-08-24 21:15:15,lht65-02,52.25,5.97326,2.955,13.65,89.4,20.93
2026-08-24 21:25:14,lht65-02,52.25,5.97326,2.964,13.52,89.7,20.87
2026-08-24 21:35:15,lht65-02,52.25,5.97326,2.968,13.39,89.7,20.81
2026-08-24 21:45:15,lht65-02,52.25,5.97326,2.962,13.24,90.0,20.68
2026-08-24 21:55:15,lht65-02,52.25,5.97326,2.968,13.13,90.2,20.56
2026-08-24 22:05:15,lht65-02,52.25,5.97326,2.968,12.98,90.2,20.5
2026-08-24 22:15:15,lht65-02,52.25,5.97326,2.94,12.86,90.4,20.43
2026-08-24 22:25:15,lht65-02,52.25,5.97326,2.973,12.72,90.4,20.37
2026-08-24 22:35:15,lht65-02,52.25,5.97326,2.879,12.62,90.6,20.31
2026-08-24 22:45:15,lht65-02,52.25,5.97326,2.978,12.51,90.8,20.25
2026-08-24 22:55:15,lht65-02,52.25,5.97326,2.955,12.37,90.7,20.18
2026-08-24 23:05:14,lht65-02,52.25,5.97326,2.968,12.25,91.0,20.06
2026-08-24 23:15:15,lht65-02,52.25,5.97326,3.001,12.15,91.0,20.0
2026-08-24 23:25:14,lht65-02,52.25,5.97326,3.001,12.04,91.0,19.93
2026-08-24 23:35:14,lht65-02,52.25,5.97326,2.966,11.92,91.2,19.87
2026-08-24 23:45:14,lht65-02,52.25,5.97326,2.966,11.85,91.5,19.81
2026-08-24 23:55:14,lht65-02,52.25,5.97326,2.975,11.76,91.7,19.75
2026-08-25 00:05:14,lht65-02,52.25,5.97326,2.969,11.7,91.8,19.68
2026-08-25 00:15:14,lht65-02,52.25,5.97326,2.971,11.55,91.7,19.62
2026-08-25 00:25:15,lht65-02,52.25,5.97326,2.976,11.47,91.6,19.56
2026-08-25 00:35:14,lht65-02,52.25,5.97326,2.938,11.34,91.5,19.5
2026-08-25 00:45:14,lht65-02,52.25,5.97326,2.992,11.23,91.6,19.43
2026-08-25 00:55:14,lht65-02,52.25,5.97326,2.996,11.14,91.8,19.37
2026-08-25 01:05:14,lht65-02,52.25,5.97326,2.996,11.07,92.1,19.31
2026-08-25 01:15:14,lht65-02,52.25,5.97326,2.994,11.03,92.3,19.25
2026-08-25 01:25:15,lht65-02,52.25,5.97326,2.994,10.95,92.2,19.18
2026-08-25 01:35:14,lht65-02,52.25,5.97326,2.991,10.82,92.2,19.12
2026-08-25 01:45:14,lht65-02,52.25,5.97326,2.998,10.75,92.3,19.06
2026-08-25 01:55:14,lht65-02,52.25,5.97326,3.009,10.69,92.6,19.06
2026-08-25 02:05:14,lht65-02,52.25,5.97326,3.007,10.62,92.6,19.0
2026-08-25 02:15:14,lht65-02,52.25,5.97326,3.007,10.53,92.7,18.93
2026-08-25 02:25:14,lht65-02,52.25,5.97326,3.005,10.49,92.9,18.87
2026-08-25 02:35:14,lht65-02,52.25,5.97326,3.005,10.46,93.2,18.81
2026-08-25 02:45:14,lht65-02,52.25,5.97326,3.007,10.44,93.5,18.81
2026-08-25 02:55:14,lht65-02,52.25,5.97326,3.009,10.44,93.8,18.75
2026-08-25 03:05:14,lht65-02,52.25,5.97326,3.005,10.37,93.8,18.68
2026-08-25 03:15:14,lht65-02,52.25,5.97326,3.009,10.32,93.7,18.62
2026-08-25 03:25:14,lht65-02,52.25,5.97326,3.009,10.28,93.8,18.62
2026-08-25 03:35:14,lht65-02,52.25,5.97326,3.009,10.26,94.0,18.5
2026-08-25 03:45:14,lht65-02,52.25,5.97326,3.007,10.25,94.2,18.5
2026-08-25 03:55:14,lht65-02,52.25,5.97326,3.007,10.21,94.4,18.43
2026-08-25 04:05:14,lht65-02,52.25,5.97326,3.005,10.17,94.5,18.37
2026-08-25 04:15:14,lht65-02,52.25,5.97326,3.009,10.15,94.5,18.37
2026-08-25 04:25:14,lht65-02,52.25,5.97326,3.005,10.15,94.5,18.31
2026-08-25 04:35:14,lht65-02,52.25,5.97326,3.005,10.11,94.6,18.25
2026-08-25 04:45:14,lht65-02,52.25,5.97326,3.007,10.15,94.7,18.25
2026-08-25 04:55:14,lht65-02,52.25,5.97326,3.007,10.15,95.0,18.18
2026-08-25 05:05:14,lht65-02,52.25,5.97326,3.009,10.3,95.3,18.12
2026-08-25 05:15:14,lht65-02,52.25,5.97326,3.007,10.55,96.1,18.12
2026-08-25 05:25:14,lht65-02,52.25,5.97326,3.005,10.84,97.4,18.06
2026-08-25 05:35:14,lht65-02,52.25,5.97326,3.007,11.18,98.7,18.06
2026-08-25 05:45:14,lht65-02,52.25,5.97326,3.009,11.55,99.9,18.0
2026-08-25 05:55:14,lht65-02,52.25,5.97326,3.007,12.06,100.0,17.93
2026-08-25 06:05:14,lht65-02,52.25,5.97326,3.009,12.62,100.0,18.0
2026-08-25 06:15:14,lht65-02,52.25,5.97326,3.007,13.29,100.0,18.0
2026-08-25 06:25:14,lht65-02,52.25,5.97326,3.009,14.06,100.0,17.93
2026-08-25 06:35:14,lht65-02,52.25,5.97326,3.009,14.79,100.0,18.0
2026-08-25 06:45:14,lht65-02,52.25,5.97326,3.009,15.55,100.0,18.0
2026-08-25 06:55:14,lht65-02,52.25,5.97326,3.009,16.39,100.0,18.0
2026-08-25 07:05:14,lht65-02,52.25,5.97326,3.012,17.23,100.0,18.0
2026-08-25 07:15:14,lht65-02,52.25,5.97326,3.009,18.18,95.8,18.06
2026-08-25 07:25:14,lht65-02,52.25,5.97326,3.009,19.12,93.2,18.12
2026-08-25 07:35:14,lht65-02,52.25,5.97326,3.007,19.99,91.9,18.18
2026-08-25 07:45:14,lht65-02,52.25,5.97326,3.005,21.1,87.9,18.25
2026-08-25 07:55:14,lht65-02,52.25,5.97326,3.007,22.14,83.7,18.31
2026-08-25 08:05:14,lht65-02,52.25,5.97326,3.005,23.15,82.4,18.37
2026-08-25 08:15:14,lht65-02,52.25,5.97326,3.005,24.24,82.3,18.5
2026-08-25 08:25:14,lht65-02,52.25,5.97326,3.001,25.32,79.6,18.56
2026-08-25 08:35:14,lht65-02,52.25,5.97326,3.001,26.33,76.0,18.68
2026-08-25 08:45:14,lht65-02,52.25,5.97326,2.978,27.27,75.2,18.81
2026-08-25 08:55:14,lht65-02,52.25,5.97326,2.941,27.95,60.5,18.93
2026-08-25 09:05:14,lht65-02,52.25,5.97326,2.998,27.51,61.5,19.06
2026-08-25 09:15:14,lht65-02,52.25,5.97326,2.994,27.21,59.0,19.18
2026-08-25 09:25:13,lht65-02,52.25,5.97326,2.991,27.2,60.2,19.31
2026-08-25 09:35:14,lht65-02,52.25,5.97326,2.996,27.12,60.3,19.43
2026-08-25 09:45:14,lht65-02,52.25,5.97326,2.992,27.24,59.2,19.56
2026-08-25 09:55:14,lht65-02,52.25,5.97326,2.987,27.71,60.1,19.68
2026-08-25 10:05:14,lht65-02,52.25,5.97326,2.969,28.3,57.5,19.81
2026-08-25 10:15:14,lht65-02,52.25,5.97326,2.936,28.53,56.7,19.93
2026-08-25 10:25:14,lht65-02,52.25,5.97326,2.973,28.68,56.7,20.06
2026-08-25 10:35:14,lht65-02,52.25,5.97326,3.007,28.87,58.8,20.18
2026-08-25 10:45:14,lht65-02,52.25,5.97326,2.928,29.33,54.5,20.25
2026-08-25 10:55:13,lht65-02,52.25,5.97326,2.952,29.6,51.5,20.37
2026-08-25 11:05:13,lht65-02,52.25,5.97326,2.973,29.46,55.4,20.5
2026-08-25 11:15:13,lht65-02,52.25,5.97326,2.775,29.86,53.2,20.62
2026-08-25 11:25:13,lht65-02,52.25,5.97326,2.996,29.5,53.0,20.75
2026-08-25 11:35:14,lht65-02,52.25,5.97326,3.001,29.63,57.4,20.87
2026-08-25 11:45:13,lht65-02,52.25,5.97326,2.998,30.44,44.6,20.93
2026-08-25 11:55:13,lht65-02,52.25,5.97326,3.009,29.45,38.6,21.06
2026-08-25 12:05:13,lht65-02,52.25,5.97326,3.009,28.91,41.6,21.12
2026-08-25 12:15:13,lht65-02,52.25,5.97326,3.01,28.2,47.7,21.25
2026-08-25 12:25:13,lht65-02,52.25,5.97326,3.009,29.2,51.9,21.37
2026-08-25 12:35:13,lht65-02,52.25,5.97326,3.009,30.24,41.9,21.43
2026-08-25 12:45:13,lht65-02,52.25,5.97326,3.01,28.8,38.6,21.56
2026-08-25 12:55:13,lht65-02,52.25,5.97326,3.009,28.21,40.0,21.62
2026-08-25 13:05:13,lht65-02,52.25,5.97326,3.009,27.55,43.3,21.68
2026-08-25 13:15:13,lht65-02,52.25,5.97326,3.012,27.16,52.0,21.81
2026-08-25 13:25:13,lht65-02,52.25,5.97326,3.009,26.75,57.2,21.81
2026-08-25 13:35:13,lht65-02,52.25,5.97326,3.01,26.42,54.2,21.93
2026-08-25 13:45:13,lht65-02,52.25,5.97326,3.009,26.18,54.1,21.93
2026-08-25 13:55:13,lht65-02,52.25,5.97326,3.009,26.37,56.5,21.93
2026-08-25 14:05:13,lht65-02,52.25,5.97326,3.01,27.79,60.8,22.0
2026-08-25 14:15:13,lht65-02,52.25,5.97326,2.966,29.88,52.5,22.06
2026-08-25 14:25:13,lht65-02,52.25,5.97326,2.969,29.46,38.6,22.06
2026-08-25 14:35:13,lht65-02,52.25,5.97326,2.991,29.16,39.8,22.18
2026-08-25 14:45:13,lht65-02,52.25,5.97326,2.991,28.68,40.9,22.25
2026-08-25 14:55:13,lht65-02,52.25,5.97326,2.992,29.26,55.3,22.25
2026-08-25 15:05:13,lht65-02,52.25,5.97326,2.996,29.23,44.2,22.37
2026-08-25 15:15:13,lht65-02,52.25,5.97326,2.998,28.62,45.3,22.43
2026-08-25 15:25:13,lht65-02,52.25,5.97326,2.994,28.2,54.0,22.5
2026-08-25 15:35:13,lht65-02,52.25,5.97326,2.994,28.44,56.7,22.5
2026-08-25 15:45:13,lht65-02,52.25,5.97326,3.005,28.64,57.8,22.56
2026-08-25 15:55:13,lht65-02,52.25,5.97326,3.001,28.79,56.3,22.56
2026-08-25 16:05:13,lht65-02,52.25,5.97326,2.987,28.46,56.0,22.56
2026-08-25 16:15:13,lht65-02,52.25,5.97326,2.985,27.68,56.9,22.62
2026-08-25 16:25:13,lht65-02,52.25,5.97326,3.009,27.06,55.8,22.62
2026-08-25 16:35:13,lht65-02,52.25,5.97326,2.996,26.48,57.7,22.62
2026-08-25 16:45:13,lht65-02,52.25,5.97326,2.983,25.89,58.8,22.62
2026-08-25 16:55:13,lht65-02,52.25,5.97326,2.978,25.32,58.4,22.62
2026-08-25 17:05:13,lht65-02,52.25,5.97326,2.983,24.94,60.3,22.56
2026-08-25 17:15:13,lht65-02,52.25,5.97326,2.983,24.37,61.8,22.5
2026-08-25 17:25:13,lht65-02,52.25,5.97326,2.98,23.66,63.9,22.5
2026-08-25 17:35:13,lht65-02,52.25,5.97326,2.98,23.04,70.9,22.43
2026-08-25 17:45:13,lht65-02,52.25,5.97326,2.98,22.54,73.8,22.43
2026-08-25 17:55:13,lht65-02,52.25,5.97326,2.969,22.09,76.9,22.37
2026-08-25 18:05:13,lht65-02,52.25,5.97326,2.968,21.73,79.4,22.31
2026-08-25 18:15:13,lht65-02,52.25,5.97326,2.968,21.39,80.9,22.25
2026-08-25 18:25:13,lht65-02,52.25,5.97326,2.962,20.99,82.1,22.18
2026-08-25 18:35:13,lht65-02,52.25,5.97326,2.959,20.54,82.7,22.12
2026-08-25 18:45:13,lht65-02,52.25,5.97326,2.952,20.04,82.8,22.06
2026-08-25 18:55:13,lht65-02,52.25,5.97326,2.966,19.59,83.3,22.0
2026-08-25 19:05:12,lht65-02,52.25,5.97326,2.955,19.05,84.1,21.93
2026-08-25 19:15:13,lht65-02,52.25,5.97326,2.948,18.56,85.0,21.87
2026-08-25 19:25:13,lht65-02,52.25,5.97326,2.983,18.11,85.0,21.87
2026-08-25 19:35:13,lht65-02,52.25,5.97326,2.976,17.71,85.8,21.75
2026-08-25 19:45:13,lht65-02,52.25,5.97326,2.955,17.3,86.0,21.68
2026-08-25 19:55:13,lht65-02,52.25,5.97326,2.971,16.94,86.9,21.62
2026-08-25 20:05:12,lht65-02,52.25,5.97326,2.931,16.61,87.2,21.56
2026-08-25 20:15:12,lht65-02,52.25,5.97326,2.955,16.31,87.8,21.43
2026-08-25 20:25:13,lht65-02,52.25,5.97326,2.968,16.04,88.0,21.37
2026-08-25 20:35:12,lht65-02,52.25,5.97326,2.94,15.78,88.4,21.31
2026-08-25 20:45:12,lht65-02,52.25,5.97326,2.966,15.61,89.0,21.25
2026-08-25 20:55:12,lht65-02,52.25,5.97326,2.966,15.5,89.6,21.18
2026-08-25 21:05:12,lht65-02,52.25,5.97326,2.931,15.35,89.5,21.06
2026-08-25 21:15:12,lht65-02,52.25,5.97326,2.98,15.21,89.9,21.0
2026-08-25 21:25:12,lht65-02,52.25,5.97326,2.959,15.08,90.0,20.93
2026-08-25 21:35:12,lht65-02,52.25,5.97326,2.976,14.95,90.2,20.87
2026-08-25 21:45:13,lht65-02,52.25,5.97326,2.936,14.76,89.9,20.81
2026-08-25 21:55:12,lht65-02,52.25,5.97326,2.987,14.59,89.9,20.75
2026-08-25 22:05:12,lht65-02,52.25,5.97326,2.987,14.37,90.0,20.68
2026-08-25 22:15:12,lht65-02,52.25,5.97326,2.985,14.31,90.3,20.62
2026-08-25 22:25:12,lht65-02,52.25,5.97326,2.945,14.24,90.4,20.56
2026-08-25 22:35:12,lht65-02,52.25,5.97326,2.985,14.03,90.5,20.5
2026-08-25 22:45:12,lht65-02,52.25,5.97326,2.987,13.89,90.8,20.43
2026-08-25 22:55:12,lht65-02,52.25,5.97326,2.983,13.75,90.7,20.37
2026-08-25 23:05:12,lht65-02,52.25,5.97326,2.924,13.63,90.7,20.31
2026-08-25 23:15:12,lht65-02,52.25,5.97326,2.996,13.5,90.8,20.25
2026-08-25 23:25:12,lht65-02,52.25,5.97326,2.991,13.39,91.0,20.18
2026-08-25 23:35:12,lht65-02,52.25,5.97326,2.989,13.24,90.8,20.12
2026-08-25 23:45:12,lht65-02,52.25,5.97326,2.983,13.14,91.1,20.06
2026-08-25 23:55:12,lht65-02,52.25,5.97326,2.95,12.97,91.0,20.0
2026-08-26 00:05:12,lht65-02,52.25,5.97326,2.966,12.81,90.9,19.93
2026-08-26 00:15:12,lht65-02,52.25,5.97326,2.98,12.69,91.1,19.87
2026-08-26 00:25:12,lht65-02,52.25,5.97326,2.978,12.56,91.1,19.81
2026-08-26 00:35:12,lht65-02,52.25,5.97326,2.991,12.44,91.3,19.75
2026-08-26 00:45:12,lht65-02,52.25,5.97326,2.987,12.33,91.4,19.68
2026-08-26 00:55:12,lht65-02,52.25,5.97326,2.975,12.18,91.2,19.62
2026-08-26 01:05:12,lht65-02,52.25,5.97326,3.0,12.09,91.6,19.62
2026-08-26 01:15:12,lht65-02,52.25,5.97326,3.0,11.96,91.6,19.56
2026-08-26 01:25:12,lht65-02,52.25,5.97326,3.001,11.89,91.8,19.5
2026-08-26 01:35:12,lht65-02,52.25,5.97326,3.001,11.8,91.9,19.43
2026-08-26 01:45:12,lht65-02,52.25,5.97326,3.001,11.73,92.0,19.37
2026-08-26 01:55:12,lht65-02,52.25,5.97326,3.001,11.67,92.2,19.31
2026-08-26 02:05:12,lht65-02,52.25,5.97326,3.001,11.55,92.4,19.25
2026-08-26 02:15:12,lht65-02,52.25,5.97326,3.001,11.55,92.4,19.25
2026-08-26 02:25:12,lht65-02,52.25,5.97326,3.0,11.47,92.4,19.18
2026-08-26 02:35:12,lht65-02,52.25,5.97326,2.969,11.41,92.6,19.12
2026-08-26 02:45:12,lht65-02,52.25,5.97326,3.001,11.35,92.6,19.06
2026-08-26 02:55:12,lht65-02,52.25,5.97326,3.005,11.3,92.8,19.0
2026-08-26 03:05:12,lht65-02,52.25,5.97326,3.005,11.31,93.2,19.0
2026-08-26 03:15:12,lht65-02,52.25,5.97326,3.005,11.35,93.8,18.93
2026-08-26 03:25:12,lht65-02,52.25,5.97326,3.005,11.44,94.7,18.87
2026-08-26 03:35:12,lht65-02,52.25,5.97326,3.005,11.51,95.7,18.81
2026-08-26 03:45:12,lht65-02,52.25,5.97326,3.005,11.55,96.6,18.81
2026-08-26 03:55:12,lht65-02,52.25,5.97326,3.005,11.61,97.4,18.75
2026-08-26 04:05:12,lht65-02,52.25,5.97326,3.005,11.64,97.9,18.68
2026-08-26 04:15:12,lht65-02,52.25,5.97326,3.005,11.63,97.9,18.68
2026-08-26 04:25:13,lht65-02,52.25,5.97326,3.005,11.64,97.9,18.62
2026-08-26 04:35:12,lht65-02,52.25,5.97326,3.005,11.55,97.8,18.62
2026-08-26 04:45:12,lht65-02,52.25,5.97326,3.005,11.55,97.7,18.56
2026-08-26 04:55:12,lht65-02,52.25,5.97326,3.005,11.55,97.5,18.56
2026-08-26 05:05:12,lht65-02,52.25,5.97326,3.005,11.55,97.4,18.5
2026-08-26 05:15:12,lht65-02,52.25,5.97326,3.005,11.55,97.3,18.43
2026-08-26 05:25:12,lht65-02,52.25,5.97326,3.005,11.55,97.3,18.43
2026-08-26 05:35:12,lht65-02,52.25,5.97326,3.007,11.88,97.5,18.43
2026-08-26 05:45:12,lht65-02,52.25,5.97326,3.005,12.25,97.9,18.37
2026-08-26 05:55:12,lht65-02,52.25,5.97326,3.005,12.66,98.3,18.37
2026-08-26 06:05:12,lht65-02,52.25,5.97326,3.005,13.21,99.0,18.31
2026-08-26 06:15:12,lht65-02,52.25,5.97326,3.007,13.86,100.0,18.31
2026-08-26 06:25:12,lht65-02,52.25,5.97326,3.005,14.64,100.0,18.31
2026-08-26 06:35:12,lht65-02,52.25,5.97326,3.005,15.43,100.0,18.31
2026-08-26 06:45:12,lht65-02,52.25,5.97326,3.007,16.32,100.0,18.31
2026-08-26 06:55:12,lht65-02,52.25,5.97326,3.007,17.27,100.0,18.31
2026-08-26 07:05:12,lht65-02,52.25,5.97326,3.005,18.33,100.0,18.37
2026-08-26 07:15:12,lht65-02,52.25,5.97326,3.005,19.38,100.0,18.37
2026-08-26 07:25:12,lht65-02,52.25,5.97326,3.003,20.44,94.9,18.43
2026-08-26 07:35:12,lht65-02,52.25,5.97326,3.005,21.58,91.9,18.5
2026-08-26 07:45:12,lht65-02,52.25,5.97326,3.005,22.59,81.5,18.56
2026-08-26 07:55:12,lht65-02,52.25,5.97326,3.001,23.5,72.1,18.68
2026-08-26 08:05:12,lht65-02,52.25,5.97326,3.005,23.97,73.5,18.75
2026-08-26 08:15:12,lht65-02,52.25,5.97326,2.998,24.77,72.3,18.87
2026-08-26 08:25:11,lht65-02,52.25,5.97326,2.996,25.7,71.8,18.93
2026-08-26 08:35:11,lht65-02,52.25,5.97326,2.987,26.53,63.1,19.06
2026-08-26 08:45:11,lht65-02,52.25,5.97326,3.0,27.06,61.7,19.18
2026-08-26 08:55:11,lht65-02,52.25,5.97326,2.992,27.68,61.0,19.25
2026-08-26 09:05:11,lht65-02,52.25,5.97326,2.982,28.08,59.8,19.37
2026-08-26 09:15:11,lht65-02,52.25,5.97326,2.992,27.73,56.5,19.5
2026-08-26 09:25:11,lht65-02,52.25,5.97326,2.994,26.44,57.8,19.62
2026-08-26 09:35:11,lht65-02,52.25,5.97326,3.009,25.7,61.2,19.75
2026-08-26 09:45:11,lht65-02,52.25,5.97326,3.005,26.26,64.7,19.87
2026-08-26 09:55:11,lht65-02,52.25,5.97326,3.005,27.46,60.4,19.93
2026-08-26 10:05:11,lht65-02,52.25,5.97326,2.952,28.47,60.0,20.06
2026-08-26 10:15:11,lht65-02,52.25,5.97326,2.973,29.12,57.0,20.12
2026-08-26 10:25:11,lht65-02,52.25,5.97326,2.987,29.0,52.4,20.25
2026-08-26 10:35:11,lht65-02,52.25,5.97326,2.987,29.19,52.1,20.37
2026-08-26 10:45:11,lht65-02,52.25,5.97326,2.767,29.55,52.6,20.43
2026-08-26 10:55:11,lht65-02,52.25,5.97326,2.989,28.81,47.1,20.56
2026-08-26 11:05:11,lht65-02,52.25,5.97326,2.983,28.08,52.0,20.68
2026-08-26 11:15:11,lht65-02,52.25,5.97326,2.987,27.98,52.3,20.75
2026-08-26 11:25:11,lht65-02,52.25,5.97326,2.987,28.78,55.2,20.87
2026-08-26 11:35:11,lht65-02,52.25,5.97326,2.982,28.77,50.6,20.93
2026-08-26 11:45:11,lht65-02,52.25,5.97326,2.982,28.06,47.5,21.06
2026-08-26 11:55:11,lht65-02,52.25,5.97326,2.982,27.92,52.7,21.18
2026-08-26 12:05:11,lht65-02,52.25,5.97326,2.98,28.33,52.8,21.25
2026-08-26 12:15:11,lht65-02,52.25,5.97326,2.983,29.0,48.2,21.31
2026-08-26 12:25:11,lht65-02,52.25,5.97326,2.969,28.47,48.6,21.43
2026-08-26 12:35:11,lht65-02,52.25,5.97326,2.98,28.44,51.2,21.5
2026-08-26 12:45:11,lht65-02,52.25,5.97326,2.98,28.72,50.1,21.62
2026-08-26 12:55:11,lht65-02,52.25,5.97326,2.959,29.67,47.4,21.68
2026-08-26 13:05:11,lht65-02,52.25,5.97326,2.983,29.42,49.1,21.75
2026-08-26 13:15:11,lht65-02,52.25,5.97326,2.983,28.46,49.4,21.87
2026-08-26 13:25:11,lht65-02,52.25,5.97326,2.982,28.75,52.0,22.0
2026-08-26 13:35:11,lht65-02,52.25,5.97326,2.98,29.26,54.9,22.06
2026-08-26 13:45:11,lht65-02,52.25,5.97326,2.98,29.48,55.6,22.18
2026-08-26 13:55:11,lht65-02,52.25,5.97326,2.959,30.18,49.0,22.31
2026-08-26 14:05:11,lht65-02,52.25,5.97326,2.969,28.17,50.3,22.43
2026-08-26 14:15:11,lht65-02,52.25,5.97326,2.98,27.71,52.0,22.5
2026-08-26 14:25:11,lht65-02,52.25,5.97326,2.971,26.94,55.5,22.56
2026-08-26 14:35:11,lht65-02,52.25,5.97326,2.966,27.44,60.7,22.62
2026-08-26 14:45:11,lht65-02,52.25,5.97326,2.96,29.05,56.6,22.62
2026-08-26 14:55:11,lht65-02,52.25,5.97326,2.968,29.51,48.3,22.68
2026-08-26 15:05:11,lht65-02,52.25,5.97326,2.964,28.3,51.7,22.68
2026-08-26 15:15:11,lht65-02,52.25,5.97326,2.952,27.22,54.0,22.75
2026-08-26 15:25:11,lht65-02,52.25,5.97326,2.978,26.52,61.0,22.75
2026-08-26 15:35:11,lht65-02,52.25,5.97326,2.996,26.71,63.1,22.81
2026-08-26 15:45:11,lht65-02,52.25,5.97326,3.0,26.96,64.0,22.81
2026-08-26 15:55:11,lht65-02,52.25,5.97326,2.962,27.14,63.2,22.75
2026-08-26 16:05:11,lht65-02,52.25,5.97326,2.987,26.94,61.4,22.81
2026-08-26 16:15:11,lht65-02,52.25,5.97326,2.959,27.01,64.7,22.75
2026-08-26 16:25:11,lht65-02,52.25,5.97326,2.962,27.36,64.5,22.81
2026-08-26 16:35:11,lht65-02,52.25,5.97326,3.009,27.45,64.8,22.75
2026-08-26 16:45:11,lht65-02,52.25,5.97326,2.978,27.2,64.4,22.75
2026-08-26 16:55:11,lht65-02,52.25,5.97326,2.966,26.9,62.9,22.75
2026-08-26 17:05:11,lht65-02,52.25,5.97326,2.952,26.57,63.5,22.75
2026-08-26 17:15:11,lht65-02,52.25,5.97326,2.968,26.05,63.7,22.68
2026-08-26 17:25:10,lht65-02,52.25,5.97326,2.968,25.42,64.3,22.68
2026-08-26 17:35:11,lht65-02,52.25,5.97326,2.948,24.67,66.0,22.62
2026-08-26 17:45:10,lht65-02,52.25,5.97326,3.001,23.78,68.2,22.68
2026-08-26 17:55:11,lht65-02,52.25,5.97326,2.94,22.98,74.1,22.56
2026-08-26 18:05:10,lht65-02,52.25,5.97326,2.938,22.43,78.2,22.56
2026-08-26 18:15:10,lht65-02,52.25,5.97326,2.952,21.93,80.8,22.5
2026-08-26 18:25:10,lht65-02,52.25,5.97326,2.982,21.46,82.5,22.43
2026-08-26 18:35:10,lht65-02,52.25,5.97326,2.985,21.02,83.8,22.37
2026-08-26 18:45:10,lht65-02,52.25,5.97326,2.985,20.57,84.2,22.31
2026-08-26 18:55:10,lht65-02,52.25,5.97326,2.959,19.96,81.5,22.25
2026-08-26 19:05:10,lht65-02,52.25,5.97326,2.948,19.67,82.2,22.18
2026-08-26 19:15:10,lht65-02,52.25,5.97326,2.914,19.24,82.8,22.12
2026-08-26 19:25:10,lht65-02,52.25,5.97326,2.95,18.89,83.2,22.06
2026-08-26 19:35:10,lht65-02,52.25,5.97326,2.921,18.55,84.5,22.0
2026-08-26 19:45:10,lht65-02,52.25,5.97326,2.884,18.19,85.4,21.93
2026-08-26 19:55:10,lht65-02,52.25,5.97326,2.816,17.82,85.3,21.81
2026-08-26 20:05:10,lht65-02,52.25,5.97326,2.964,17.57,85.6,21.75
2026-08-26 20:15:10,lht65-02,52.25,5.97326,2.938,17.31,85.6,21.68
2026-08-26 20:25:10,lht65-02,52.25,5.97326,2.952,17.09,86.1,21.62
2026-08-26 20:35:26,lht65-02,52.25,5.97326,2.973,16.96,86.8,21.56
2026-08-26 20:45:10,lht65-02,52.25,5.97326,2.964,16.77,86.9,21.5
2026-08-26 20:55:10,lht65-02,52.25,5.97326,3.005,16.62,87.2,21.43
2026-08-26 21:05:10,lht65-02,52.25,5.97326,3.001,16.48,87.4,21.37
2026-08-26 21:15:10,lht65-02,52.25,5.97326,3.0,16.33,88.3,21.25
2026-08-26 21:25:10,lht65-02,52.25,5.97326,2.941,16.21,89.0,21.18
2026-08-26 21:35:10,lht65-02,52.25,5.97326,2.971,16.11,89.2,21.18
2026-08-26 21:45:10,lht65-02,52.25,5.97326,2.948,15.97,89.3,21.06
2026-08-26 21:55:10,lht65-02,52.25,5.97326,2.973,15.9,89.8,21.0
2026-08-26 22:05:10,lht65-02,52.25,5.97326,2.978,15.77,89.8,20.93
2026-08-26 22:15:10,lht65-02,52.25,5.97326,2.938,15.68,90.0,20.87
2026-08-26 22:25:10,lht65-02,52.25,5.97326,2.973,15.57,90.4,20.87
2026-08-26 22:35:10,lht65-02,52.25,5.97326,2.98,15.48,90.5,20.75
2026-08-26 22:45:10,lht65-02,52.25,5.97326,2.969,15.36,90.5,20.75
2026-08-26 22:55:10,lht65-02,52.25,5.97326,2.959,15.1,89.6,20.68
2026-08-26 23:05:10,lht65-02,52.25,5.97326,2.991,14.94,90.2,20.62
2026-08-26 23:15:10,lht65-02,52.25,5.97326,2.973,14.89,91.0,20.56
2026-08-26 23:25:10,lht65-02,52.25,5.97326,2.987,14.77,91.2,20.5
2026-08-26 23:35:10,lht65-02,52.25,5.97326,2.948,14.61,90.5,20.43
2026-08-26 23:45:10,lht65-02,52.25,5.97326,2.987,14.45,90.6,20.37
2026-08-26 23:55:10,lht65-02,52.25,5.97326,2.991,14.39,91.3,20.31
2026-08-27 00:05:10,lht65-02,52.25,5.97326,2.992,14.32,92.0,20.31
2026-08-27 00:15:10,lht65-02,52.25,5.97326,2.991,14.31,92.4,20.25
2026-08-27 00:25:10,lht65-02,52.25,5.97326,2.991,14.31,92.8,20.18
2026-08-27 00:35:10,lht65-02,52.25,5.97326,2.982,14.3,93.2,20.12
2026-08-27 00:45:10,lht65-02,52.25,5.97326,2.987,14.3,93.7,20.06
2026-08-27 00:55:10,lht65-02,52.25,5.97326,2.94,14.3,94.0,20.06
2026-08-27 01:05:10,lht65-02,52.25,5.97326,2.994,14.24,94.2,20.0
2026-08-27 01:15:10,lht65-02,52.25,5.97326,2.964,14.17,94.5,19.93
2026-08-27 01:25:10,lht65-02,52.25,5.97326,2.966,14.16,94.8,19.87
2026-08-27 01:35:10,lht65-02,52.25,5.97326,2.973,14.12,95.1,19.87
2026-08-27 01:45:10,lht65-02,52.25,5.97326,2.976,14.09,95.3,19.81
2026-08-27 01:55:10,lht65-02,52.25,5.97326,2.992,14.05,95.5,19.75
2026-08-27 02:05:10,lht65-02,52.25,5.97326,2.992,14.01,95.6,19.75
2026-08-27 02:15:10,lht65-02,52.25,5.97326,2.991,13.98,95.7,19.68
2026-08-27 02:25:10,lht65-02,52.25,5.97326,2.992,13.95,95.8,19.68
2026-08-27 02:35:10,lht65-02,52.25,5.97326,2.992,13.89,96.0,19.62
2026-08-27 02:45:10,lht65-02,52.25,5.97326,2.857,13.81,95.9,19.56
2026-08-27 02:55:10,lht65-02,52.25,5.97326,2.955,13.75,95.9,19.56
2026-08-27 03:05:10,lht65-02,52.25,5.97326,2.976,13.68,95.9,19.5
2026-08-27 03:15:10,lht65-02,52.25,5.97326,2.973,13.61,95.9,19.43
2026-08-27 03:25:09,lht65-02,52.25,5.97326,2.966,13.56,96.0,19.43
2026-08-27 03:35:10,lht65-02,52.25,5.97326,2.973,13.48,96.1,19.37
2026-08-27 03:45:10,lht65-02,52.25,5.97326,2.971,13.41,96.1,19.37
2026-08-27 03:55:10,lht65-02,52.25,5.97326,2.968,13.39,96.2,19.31
2026-08-27 15:25:08,lht65-02,52.25,5.97326,3.0,32.21,51.6,23.87
2026-08-27 15:35:08,lht65-02,52.25,5.97326,2.998,31.74,52.5,23.87
2026-08-27 15:45:08,lht65-02,52.25,5.97326,3.001,31.45,51.7,23.93
2026-08-27 15:55:08,lht65-02,52.25,5.97326,3.001,30.93,55.0,23.93
2026-08-27 16:05:08,lht65-02,52.25,5.97326,3.0,30.69,54.3,23.93
2026-08-27 16:15:10,lht65-02,52.25,5.97326,3.001,30.34,53.0,24.0
2026-08-27 16:25:08,lht65-02,52.25,5.97326,3.0,30.0,56.7,24.0
2026-08-27 16:35:08,lht65-02,52.25,5.97326,2.996,29.51,61.0,24.0
2026-08-27 16:45:08,lht65-02,52.25,5.97326,2.994,29.0,61.1,24.0
2026-08-27 16:55:08,lht65-02,52.25,5.97326,2.996,28.64,64.9,24.0
2026-08-27 17:05:08,lht65-02,52.25,5.97326,2.991,28.23,65.7,24.0
2026-08-27 17:15:08,lht65-02,52.25,5.97326,2.991,27.89,69.1,23.93
2026-08-27 17:25:08,lht65-02,52.25,5.97326,2.978,27.55,68.4,23.93
2026-08-27 17:35:08,lht65-02,52.25,5.97326,2.975,27.29,72.4,23.93
2026-08-27 17:45:08,lht65-02,52.25,5.97326,2.991,27.07,74.1,23.87
2026-08-27 17:55:08,lht65-02,52.25,5.97326,2.994,26.93,76.7,23.87
2026-08-27 18:05:08,lht65-02,52.25,5.97326,2.994,26.76,76.1,23.81
2026-08-27 18:15:08,lht65-02,52.25,5.97326,2.994,26.55,76.6,23.81
2026-08-27 18:25:08,lht65-02,52.25,5.97326,2.994,26.15,76.9,23.75
2026-08-27 18:35:08,lht65-02,52.25,5.97326,2.991,25.68,78.9,23.68
2026-08-27 18:45:08,lht65-02,52.25,5.97326,2.902,25.31,81.4,23.68
2026-08-27 18:55:08,lht65-02,52.25,5.97326,2.945,24.66,76.2,23.62
2026-08-27 19:05:08,lht65-02,52.25,5.97326,2.962,24.24,77.4,23.62
2026-08-27 19:15:08,lht65-02,52.25,5.97326,2.971,23.92,78.7,23.56
2026-08-27 19:25:08,lht65-02,52.25,5.97326,2.987,23.6,80.7,23.5
2026-08-27 19:35:08,lht65-02,52.25,5.97326,2.991,23.29,79.8,23.43
2026-08-27 19:45:08,lht65-02,52.25,5.97326,2.98,23.03,82.7,23.37
2026-08-27 19:55:08,lht65-02,52.25,5.97326,2.983,22.75,82.0,23.31
2026-08-27 20:05:08,lht65-02,52.25,5.97326,2.98,22.59,82.7,23.31
2026-08-27 20:15:08,lht65-02,52.25,5.97326,2.982,22.41,83.9,23.18
2026-08-27 20:25:08,lht65-02,52.25,5.97326,2.976,22.3,84.3,23.18
2026-08-27 20:35:08,lht65-02,52.25,5.97326,2.976,22.2,85.0,23.12
2026-08-27 20:45:08,lht65-02,52.25,5.97326,2.976,22.12,86.1,23.06
2026-08-27 20:55:08,lht65-02,52.25,5.97326,2.982,21.99,86.9,23.0
2026-08-27 21:05:08,lht65-02,52.25,5.97326,2.973,21.87,88.0,22.93
2026-08-27 21:15:08,lht65-02,52.25,5.97326,2.978,21.68,88.9,22.87
2026-08-27 21:25:08,lht65-02,52.25,5.97326,2.968,21.53,90.0,22.87
2026-08-27 21:35:08,lht65-02,52.25,5.97326,2.968,21.42,91.3,22.81
2026-08-27 21:45:08,lht65-02,52.25,5.97326,2.971,21.39,92.4,22.75
2026-08-27 21:55:08,lht65-02,52.25,5.97326,2.959,21.31,92.6,22.68
2026-08-27 22:05:08,lht65-02,52.25,5.97326,2.978,21.22,92.1,22.68
2026-08-27 22:15:08,lht65-02,52.25,5.97326,2.983,21.07,92.1,22.62
2026-08-27 22:25:08,lht65-02,52.25,5.97326,2.978,20.86,91.5,22.56
2026-08-27 22:35:08,lht65-02,52.25,5.97326,2.982,20.7,91.6,22.5
2026-08-27 22:45:08,lht65-02,52.25,5.97326,2.976,20.6,92.3,22.43
2026-08-27 22:55:08,lht65-02,52.25,5.97326,2.959,20.49,92.6,22.43
2026-08-27 23:05:08,lht65-02,52.25,5.97326,2.959,20.21,92.8,22.31
2026-08-27 23:15:08,lht65-02,52.25,5.97326,2.959,20.07,93.6,22.31
2026-08-27 23:25:08,lht65-02,52.25,5.97326,2.952,20.03,94.7,22.25
2026-08-27 23:35:08,lht65-02,52.25,5.97326,2.969,19.86,95.1,22.18
2026-08-27 23:45:08,lht65-02,52.25,5.97326,2.966,19.86,95.4,22.18
2026-08-27 23:55:08,lht65-02,52.25,5.97326,2.959,19.86,96.3,22.12
2026-08-28 00:05:08,lht65-02,52.25,5.97326,2.959,19.84,97.3,22.06
2026-08-28 00:15:08,lht65-02,52.25,5.97326,2.968,19.84,99.0,22.0
2026-08-28 00:25:08,lht65-02,52.25,5.97326,2.962,19.84,100.0,22.0
2026-08-28 00:35:07,lht65-02,52.25,5.97326,2.966,19.75,100.0,21.93
2026-08-28 00:45:07,lht65-02,52.25,5.97326,2.962,19.69,100.0,21.93
2026-08-28 00:55:07,lht65-02,52.25,5.97326,2.959,19.65,100.0,21.87
2026-08-28 01:05:07,lht65-02,52.25,5.97326,2.955,19.7,100.0,21.81
2026-08-28 01:15:07,lht65-02,52.25,5.97326,2.947,19.68,100.0,21.81
2026-08-28 01:25:07,lht65-02,52.25,5.97326,2.991,19.64,100.0,21.75
2026-08-28 01:35:07,lht65-02,52.25,5.97326,2.996,19.59,100.0,21.75
2026-08-28 01:45:07,lht65-02,52.25,5.97326,2.968,19.4,100.0,21.68
2026-08-28 01:55:08,lht65-02,52.25,5.97326,2.952,19.3,100.0,21.68
2026-08-28 02:05:07,lht65-02,52.25,5.97326,2.991,19.18,100.0,21.62
2026-08-28 02:15:07,lht65-02,52.25,5.97326,2.987,19.0,100.0,21.56
2026-08-28 02:25:07,lht65-02,52.25,5.97326,2.98,18.95,100.0,21.56
2026-08-28 02:35:07,lht65-02,52.25,5.97326,2.945,18.95,100.0,21.5
2026-08-28 02:45:07,lht65-02,52.25,5.97326,2.985,19.03,100.0,21.5
2026-08-28 02:55:07,lht65-02,52.25,5.97326,2.976,19.05,100.0,21.43
2026-08-28 03:05:07,lht65-02,52.25,5.97326,2.978,19.05,100.0,21.43
2026-08-28 03:15:07,lht65-02,52.25,5.97326,3.0,19.05,100.0,21.37
2026-08-28 03:25:07,lht65-02,52.25,5.97326,2.973,19.04,100.0,21.37
2026-08-28 03:35:07,lht65-02,52.25,5.97326,2.994,19.01,100.0,21.31
2026-08-28 03:45:07,lht65-02,52.25,5.97326,2.992,19.0,100.0,21.31
2026-08-28 03:55:07,lht65-02,52.25,5.97326,2.991,18.99,100.0,21.25
2026-08-28 04:05:07,lht65-02,52.25,5.97326,2.982,18.92,100.0,21.25
2026-08-28 04:15:07,lht65-02,52.25,5.97326,2.991,18.92,100.0,21.18
2026-08-28 04:25:07,lht65-02,52.25,5.97326,2.992,18.98,100.0,21.18
2026-08-28 04:35:07,lht65-02,52.25,5.97326,2.991,19.05,100.0,21.12
2026-08-28 04:45:08,lht65-02,52.25,5.97326,2.991,19.13,100.0,21.12
2026-08-28 04:55:07,lht65-02,52.25,5.97326,2.991,19.17,100.0,21.06
2026-08-28 05:05:07,lht65-02,52.25,5.97326,2.994,19.23,100.0,21.06
2026-08-28 05:15:07,lht65-02,52.25,5.97326,2.994,19.32,100.0,21.06
2026-08-28 05:25:07,lht65-02,52.25,5.97326,2.992,19.42,100.0,21.06
2026-08-28 05:35:07,lht65-02,52.25,5.97326,2.992,19.54,100.0,21.0
2026-08-28 05:45:07,lht65-02,52.25,5.97326,2.991,19.62,100.0,21.0
2026-08-28 05:55:07,lht65-02,52.25,5.97326,2.991,19.66,100.0,21.0
2026-08-28 06:05:07,lht65-02,52.25,5.97326,2.994,19.73,100.0,21.0
2026-08-28 06:15:07,lht65-02,52.25,5.97326,2.991,19.86,100.0,21.0
2026-08-28 06:25:07,lht65-02,52.25,5.97326,2.991,20.02,100.0,20.93
2026-08-28 06:35:07,lht65-02,52.25,5.97326,2.98,20.31,100.0,20.93
2026-08-28 06:45:07,lht65-02,52.25,5.97326,2.964,20.61,100.0,20.93
2026-08-28 06:55:07,lht65-02,52.25,5.97326,3.005,20.93,100.0,20.93
2026-08-28 07:05:07,lht65-02,52.25,5.97326,2.998,21.24,100.0,20.93
2026-08-28 07:15:07,lht65-02,52.25,5.97326,3.001,21.59,100.0,20.93
2026-08-28 07:25:07,lht65-02,52.25,5.97326,2.922,21.91,100.0,20.93
2026-08-28 07:35:07,lht65-02,52.25,5.97326,2.959,22.32,100.0,21.0
2026-08-28 07:45:07,lht65-02,52.25,5.97326,2.955,22.59,100.0,21.0
2026-08-28 07:55:07,lht65-02,52.25,5.97326,2.983,22.98,99.5,21.06
2026-08-28 08:05:07,lht65-02,52.25,5.97326,2.969,23.51,99.2,21.06
2026-08-28 08:15:07,lht65-02,52.25,5.97326,2.973,24.34,99.8,21.12
2026-08-28 08:25:07,lht65-02,52.25,5.97326,2.973,25.31,99.2,21.12
2026-08-28 08:35:07,lht65-02,52.25,5.97326,2.861,25.94,97.3,21.18
2026-08-28 08:45:07,lht65-02,52.25,5.97326,2.975,26.32,92.9,21.25
2026-08-28 08:55:07,lht65-02,52.25,5.97326,2.973,26.27,88.5,21.31
2026-08-28 09:05:07,lht65-02,52.25,5.97326,2.973,25.97,88.2,21.37
2026-08-28 09:15:07,lht65-02,52.25,5.97326,2.98,25.55,88.7,21.43
2026-08-28 09:25:07,lht65-02,52.25,5.97326,2.976,25.24,89.2,21.5
2026-08-28 09:35:07,lht65-02,52.25,5.97326,2.987,24.83,89.9,21.56
2026-08-28 09:45:06,lht65-02,52.25,5.97326,2.987,24.62,90.6,21.56
2026-08-28 09:55:07,lht65-02,52.25,5.97326,2.987,24.35,90.7,21.62
2026-08-28 10:05:07,lht65-02,52.25,5.97326,2.996,24.06,91.1,21.68
2026-08-28 10:15:07,lht65-02,52.25,5.97326,2.992,23.78,91.4,21.68
2026-08-28 10:25:06,lht65-02,52.25,5.97326,2.991,23.5,91.9,21.68
2026-08-28 10:35:06,lht65-02,52.25,5.97326,2.994,23.23,92.3,21.75
2026-08-28 10:45:06,lht65-02,52.25,5.97326,2.991,23.03,92.8,21.75
2026-08-28 10:55:06,lht65-02,52.25,5.97326,2.991,22.98,93.3,21.75
2026-08-28 11:05:06,lht65-02,52.25,5.97326,2.991,23.16,93.9,21.75
2026-08-28 11:15:07,lht65-02,52.25,5.97326,2.992,23.39,94.0,21.75
2026-08-28 11:25:06,lht65-02,52.25,5.97326,2.992,23.57,93.7,21.75
2026-08-28 11:35:06,lht65-02,52.25,5.97326,2.991,23.86,93.9,21.75
2026-08-28 11:45:06,lht65-02,52.25,5.97326,2.991,24.05,93.3,21.81
2026-08-28 11:55:06,lht65-02,52.25,5.97326,2.994,24.1,92.7,21.81
2026-08-28 12:05:06,lht65-02,52.25,5.97326,2.991,24.05,92.1,21.81
2026-08-28 12:15:06,lht65-02,52.25,5.97326,2.991,24.08,92.0,21.81
2026-08-28 12:25:06,lht65-02,52.25,5.97326,2.991,24.24,92.7,21.87
2026-08-28 12:35:06,lht65-02,52.25,5.97326,2.991,24.42,91.4,21.87
2026-08-28 12:45:06,lht65-02,52.25,5.97326,2.983,25.32,91.8,21.93
2026-08-28 12:55:06,lht65-02,52.25,5.97326,2.983,26.27,91.0,21.93
2026-08-28 13:05:06,lht65-02,52.25,5.97326,2.982,26.52,87.1,21.93
2026-08-28 13:15:06,lht65-02,52.25,5.97326,2.966,25.93,83.3,22.0
2026-08-28 13:25:06,lht65-02,52.25,5.97326,2.954,24.84,83.0,22.0
2026-08-28 13:35:06,lht65-02,52.25,5.97326,2.959,23.87,84.9,22.06
2026-08-28 13:45:06,lht65-02,52.25,5.97326,2.968,22.98,86.1,22.06
2026-08-28 13:55:06,lht65-02,52.25,5.97326,2.976,22.33,87.3,22.12
2026-08-28 14:05:06,lht65-02,52.25,5.97326,2.983,21.81,88.3,22.06
2026-08-28 14:15:06,lht65-02,52.25,5.97326,2.991,21.46,89.2,22.06
2026-08-28 14:25:06,lht65-02,52.25,5.97326,2.98,21.28,89.7,22.06
2026-08-28 14:35:06,lht65-02,52.25,5.97326,2.983,21.43,91.0,22.0
2026-08-28 14:45:06,lht65-02,52.25,5.97326,2.985,21.73,90.5,22.0
2026-08-28 14:55:06,lht65-02,52.25,5.97326,2.976,21.94,90.1,21.93
2026-08-28 15:05:06,lht65-02,52.25,5.97326,2.982,22.03,89.9,21.93
2026-08-28 15:15:06,lht65-02,52.25,5.97326,2.982,21.95,89.8,21.93
2026-08-28 15:25:06,lht65-02,52.25,5.97326,2.98,21.83,89.9,21.93
2026-08-28 15:35:06,lht65-02,52.25,5.97326,2.978,21.68,89.8,21.93
2026-08-28 15:45:06,lht65-02,52.25,5.97326,2.98,21.59,90.0,21.93
2026-08-28 15:55:06,lht65-02,52.25,5.97326,2.98,21.67,90.2,21.87
2026-08-28 16:05:06,lht65-02,52.25,5.97326,2.978,21.68,90.4,21.87
2026-08-28 16:15:06,lht65-02,52.25,5.97326,2.98,21.68,90.1,21.87
2026-08-28 16:25:06,lht65-02,52.25,5.97326,2.978,21.56,90.0,21.87
2026-08-28 16:35:06,lht65-02,52.25,5.97326,2.976,21.34,90.0,21.87
2026-08-28 16:45:06,lht65-02,52.25,5.97326,2.978,21.14,90.2,21.81
2026-08-28 16:55:06,lht65-02,52.25,5.97326,2.978,20.96,90.7,21.81
2026-08-28 17:05:06,lht65-02,52.25,5.97326,2.98,20.92,91.4,21.81
2026-08-28 17:15:06,lht65-02,52.25,5.97326,2.98,20.95,91.4,21.81
2026-08-28 17:25:06,lht65-02,52.25,5.97326,2.976,21.02,91.7,21.75
2026-08-28 17:35:06,lht65-02,52.25,5.97326,2.976,21.14,91.5,21.75
2026-08-28 17:45:06,lht65-02,52.25,5.97326,2.969,21.12,91.0,21.75
2026-08-28 17:55:06,lht65-02,52.25,5.97326,2.976,21.02,91.1,21.75
2026-08-28 18:05:06,lht65-02,52.25,5.97326,2.976,20.92,90.9,21.68
2026-08-28 18:15:06,lht65-02,52.25,5.97326,2.976,20.65,90.0,21.68
2026-08-28 18:25:06,lht65-02,52.25,5.97326,2.978,20.23,89.9,21.68
2026-08-28 18:35:05,lht65-02,52.25,5.97326,2.987,19.74,89.7,21.68
2026-08-28 18:45:06,lht65-02,52.25,5.97326,2.991,19.05,90.0,21.62
2026-08-28 18:55:06,lht65-02,52.25,5.97326,2.98,18.48,90.7,21.62
2026-08-28 19:05:05,lht65-02,52.25,5.97326,2.914,18.0,91.1,21.56
2026-08-28 19:15:06,lht65-02,52.25,5.97326,2.931,17.53,91.9,21.5
2026-08-28 19:25:06,lht65-02,52.25,5.97326,2.973,17.2,92.6,21.5
2026-08-28 19:35:06,lht65-02,52.25,5.97326,2.952,16.93,93.1,21.43
2026-08-28 19:45:06,lht65-02,52.25,5.97326,2.959,16.69,93.6,21.37
2026-08-28 19:55:05,lht65-02,52.25,5.97326,2.98,16.5,93.9,21.31
2026-08-28 20:05:05,lht65-02,52.25,5.97326,2.987,16.34,94.4,21.25
2026-08-28 20:15:05,lht65-02,52.25,5.97326,2.948,16.21,94.8,21.18
2026-08-28 20:25:06,lht65-02,52.25,5.97326,2.991,16.09,95.2,21.12
2026-08-28 20:35:05,lht65-02,52.25,5.97326,2.994,16.02,95.8,21.06
2026-08-28 20:45:05,lht65-02,52.25,5.97326,2.996,15.96,96.2,21.0
2026-08-28 20:55:05,lht65-02,52.25,5.97326,2.996,15.93,96.8,21.0
2026-08-28 21:05:06,lht65-02,52.25,5.97326,2.991,15.91,97.6,20.87
2026-08-28 21:15:05,lht65-02,52.25,5.97326,2.987,15.88,98.1,20.87
2026-08-28 21:25:05,lht65-02,52.25,5.97326,2.989,15.81,98.4,20.81
2026-08-28 21:35:05,lht65-02,52.25,5.97326,2.987,15.77,98.5,20.75
2026-08-28 21:45:05,lht65-02,52.25,5.97326,2.987,15.76,98.7,20.68
2026-08-28 21:55:05,lht65-02,52.25,5.97326,2.991,15.81,99.3,20.62
2026-08-28 22:05:05,lht65-02,52.25,5.97326,2.987,15.94,100.0,20.62
2026-08-28 22:15:05,lht65-02,52.25,5.97326,2.991,16.07,100.0,20.56
2026-08-28 22:25:05,lht65-02,52.25,5.97326,2.991,16.19,100.0,20.5
2026-08-28 22:35:05,lht65-02,52.25,5.97326,2.989,16.28,100.0,20.43
2026-08-28 22:45:05,lht65-02,52.25,5.97326,2.987,16.35,100.0,20.43
2026-08-28 22:55:05,lht65-02,52.25,5.97326,2.985,16.39,100.0,20.43
2026-08-28 23:05:05,lht65-02,52.25,5.97326,2.983,16.43,100.0,20.37
2026-08-28 23:15:05,lht65-02,52.25,5.97326,2.982,16.43,100.0,20.31
2026-08-28 23:25:05,lht65-02,52.25,5.97326,2.962,16.32,100.0,20.31
2026-08-28 23:35:05,lht65-02,52.25,5.97326,2.971,16.17,100.0,20.25
2026-08-28 23:45:05,lht65-02,52.25,5.97326,2.973,16.0,100.0,20.25
2026-08-28 23:55:05,lht65-02,52.25,5.97326,2.955,15.9,100.0,20.25
2026-08-29 00:05:05,lht65-02,52.25,5.97326,2.959,15.81,100.0,20.18
2026-08-29 00:15:05,lht65-02,52.25,5.97326,2.945,15.78,100.0,20.18
2026-08-29 00:25:05,lht65-02,52.25,5.97326,2.945,15.74,100.0,20.12
2026-08-29 00:35:05,lht65-02,52.25,5.97326,2.94,15.68,100.0,20.12
2026-08-29 00:45:05,lht65-02,52.25,5.97326,2.96,15.64,100.0,20.06
2026-08-29 00:55:05,lht65-02,52.25,5.97326,2.945,15.54,100.0,20.0
2026-08-29 01:05:05,lht65-02,52.25,5.97326,2.94,15.46,100.0,20.0
2026-08-29 01:15:05,lht65-02,52.25,5.97326,2.978,15.41,100.0,20.0
2026-08-29 01:25:05,lht65-02,52.25,5.97326,2.976,15.36,100.0,19.93
2026-08-29 01:35:05,lht65-02,52.25,5.97326,2.982,15.34,100.0,19.93
2026-08-29 01:45:05,lht65-02,52.25,5.97326,2.987,15.32,100.0,19.87
2026-08-29 01:55:05,lht65-02,52.25,5.97326,2.985,15.33,100.0,19.87
2026-08-29 02:05:05,lht65-02,52.25,5.97326,2.982,15.34,100.0,19.81
2026-08-29 02:15:05,lht65-02,52.25,5.97326,2.987,15.33,100.0,19.81
2026-08-29 02:25:05,lht65-02,52.25,5.97326,2.983,15.33,100.0,19.81
2026-08-29 02:35:05,lht65-02,52.25,5.97326,2.987,15.26,100.0,19.75
2026-08-29 02:45:05,lht65-02,52.25,5.97326,2.991,15.22,100.0,19.75
2026-08-29 02:55:05,lht65-02,52.25,5.97326,2.983,15.2,100.0,19.68
2026-08-29 03:05:05,lht65-02,52.25,5.97326,2.991,15.23,100.0,19.68
2026-08-29 03:15:05,lht65-02,52.25,5.97326,2.991,15.33,100.0,19.62
2026-08-29 03:25:05,lht65-02,52.25,5.97326,2.985,15.41,100.0,19.62
2026-08-29 03:35:05,lht65-02,52.25,5.97326,2.991,15.49,100.0,19.56
2026-08-29 03:55:05,lht65-02,52.25,5.97326,2.987,15.68,100.0,19.56
2026-08-29 04:05:05,lht65-02,52.25,5.97326,2.989,15.72,100.0,19.5
2026-08-29 04:15:05,lht65-02,52.25,5.97326,2.987,15.78,100.0,19.5
2026-08-29 04:25:05,lht65-02,52.25,5.97326,2.987,15.85,100.0,19.5
2026-08-29 04:35:05,lht65-02,52.25,5.97326,2.987,15.91,100.0,19.5
2026-08-29 04:45:05,lht65-02,52.25,5.97326,2.987,15.97,100.0,19.43
2026-08-29 04:55:05,lht65-02,52.25,5.97326,2.987,16.02,100.0,19.43
2026-08-29 05:05:05,lht65-02,52.25,5.97326,2.991,16.08,100.0,19.43
2026-08-29 05:15:05,lht65-02,52.25,5.97326,2.991,16.15,100.0,19.43
2026-08-29 05:25:05,lht65-02,52.25,5.97326,2.987,16.18,100.0,19.43
2026-08-29 05:35:05,lht65-02,52.25,5.97326,2.989,16.17,100.0,19.43
2026-08-29 05:45:05,lht65-02,52.25,5.97326,2.991,16.15,100.0,19.37
2026-08-29 05:55:05,lht65-02,52.25,5.97326,2.991,16.2,100.0,19.37
2026-08-29 06:05:05,lht65-02,52.25,5.97326,2.991,16.46,100.0,19.37
2026-08-29 06:15:05,lht65-02,52.25,5.97326,2.994,16.95,100.0,19.37
2026-08-29 06:25:05,lht65-02,52.25,5.97326,2.996,17.73,100.0,19.37
2026-08-29 06:35:05,lht65-02,52.25,5.97326,2.996,18.56,100.0,19.37
2026-08-29 06:45:04,lht65-02,52.25,5.97326,2.998,19.28,100.0,19.37
2026-08-29 06:55:04,lht65-02,52.25,5.97326,2.996,19.84,100.0,19.37
2026-08-29 07:05:04,lht65-02,52.25,5.97326,2.998,20.2,100.0,19.43
2026-08-29 07:15:05,lht65-02,52.25,5.97326,2.998,20.7,100.0,19.5
2026-08-29 07:25:04,lht65-02,52.25,5.97326,3.001,21.03,94.2,19.5
2026-08-29 07:35:04,lht65-02,52.25,5.97326,3.001,21.13,91.9,19.56
2026-08-29 07:45:04,lht65-02,52.25,5.97326,3.0,21.15,90.5,19.62
2026-08-29 07:55:04,lht65-02,52.25,5.97326,2.998,21.5,91.2,19.62
2026-08-29 08:05:04,lht65-02,52.25,5.97326,2.996,22.1,91.8,19.68
2026-08-29 08:15:04,lht65-02,52.25,5.97326,2.991,22.8,91.0,19.75
2026-08-29 08:25:04,lht65-02,52.25,5.97326,2.978,23.51,86.8,19.81
2026-08-29 08:35:04,lht65-02,52.25,5.97326,2.976,24.17,85.8,19.87
2026-08-29 08:45:04,lht65-02,52.25,5.97326,2.976,25.32,86.3,19.87
2026-08-29 08:55:04,lht65-02,52.25,5.97326,2.948,26.94,84.8,20.0
2026-08-29 09:05:04,lht65-02,52.25,5.97326,2.938,28.26,76.5,20.06
2026-08-29 09:15:04,lht65-02,52.25,5.97326,2.931,28.5,67.0,20.18
2026-08-29 09:25:04,lht65-02,52.25,5.97326,2.952,28.71,71.0,20.25
2026-08-29 09:35:04,lht65-02,52.25,5.97326,2.948,29.31,67.3,20.37
2026-08-29 09:45:04,lht65-02,52.25,5.97326,2.959,29.41,68.9,20.5
2026-08-29 09:55:04,lht65-02,52.25,5.97326,2.934,29.79,65.6,20.62
2026-08-29 10:05:04,lht65-02,52.25,5.97326,2.962,29.87,66.7,20.75
2026-08-29 10:15:04,lht65-02,52.25,5.97326,2.872,30.12,64.0,20.87
2026-08-29 10:25:04,lht65-02,52.25,5.97326,2.889,30.47,60.3,20.93
2026-08-29 10:35:04,lht65-02,52.25,5.97326,2.931,30.3,54.2,21.06
2026-08-29 10:45:04,lht65-02,52.25,5.97326,2.969,28.97,56.1,21.18
2026-08-29 10:55:04,lht65-02,52.25,5.97326,2.957,28.8,58.4,21.31
2026-08-29 11:05:04,lht65-02,52.25,5.97326,2.962,28.62,61.2,21.43
2026-08-29 11:15:04,lht65-02,52.25,5.97326,2.969,28.77,66.8,21.5
2026-08-29 11:25:04,lht65-02,52.25,5.97326,2.969,29.27,68.0,21.56
2026-08-29 11:35:04,lht65-02,52.25,5.97326,2.959,30.47,62.8,21.62
2026-08-29 11:45:04,lht65-02,52.25,5.97326,2.987,30.29,52.5,21.75
2026-08-29 11:55:04,lht65-02,52.25,5.97326,2.992,29.88,53.2,21.81
2026-08-29 12:05:04,lht65-02,52.25,5.97326,2.985,28.6,55.2,21.93
2026-08-29 12:15:04,lht65-02,52.25,5.97326,2.991,28.01,61.5,22.0
2026-08-29 12:25:04,lht65-02,52.25,5.97326,2.987,29.21,66.5,22.06
2026-08-29 12:35:04,lht65-02,52.25,5.97326,2.987,29.0,56.4,22.12
2026-08-29 12:45:04,lht65-02,52.25,5.97326,2.98,29.38,58.7,22.18
2026-08-29 12:55:04,lht65-02,52.25,5.97326,2.987,28.7,57.4,22.25
2026-08-29 13:05:04,lht65-02,52.25,5.97326,2.983,27.41,59.5,22.31
2026-08-29 13:15:04,lht65-02,52.25,5.97326,2.98,26.97,62.2,22.37
2026-08-29 13:25:04,lht65-02,52.25,5.97326,2.95,26.68,65.8,22.43
2026-08-29 13:35:04,lht65-02,52.25,5.97326,2.948,26.54,67.5,22.43
2026-08-29 13:45:04,lht65-02,52.25,5.97326,2.969,26.34,67.1,22.5
2026-08-29 13:55:04,lht65-02,52.25,5.97326,2.945,25.91,66.3,22.5
2026-08-29 14:05:04,lht65-02,52.25,5.97326,2.948,25.32,65.7,22.5
2026-08-29 14:15:04,lht65-02,52.25,5.97326,2.938,24.52,67.5,22.5
2026-08-29 14:25:04,lht65-02,52.25,5.97326,2.96,24.05,69.4,22.5
2026-08-29 14:35:04,lht65-02,52.25,5.97326,2.954,23.56,73.5,22.5
2026-08-29 14:45:04,lht65-02,52.25,5.97326,2.907,23.05,78.1,22.43
2026-08-29 14:55:04,lht65-02,52.25,5.97326,2.991,22.8,82.2,22.43
2026-08-29 15:05:04,lht65-02,52.25,5.97326,2.991,22.75,84.9,22.43
2026-08-29 15:15:04,lht65-02,52.25,5.97326,2.987,22.87,86.2,22.37
2026-08-29 15:25:03,lht65-02,52.25,5.97326,2.982,23.03,86.6,22.31
2026-08-29 15:35:04,lht65-02,52.25,5.97326,2.962,23.15,86.2,22.31
2026-08-29 15:45:04,lht65-02,52.25,5.97326,2.952,23.38,86.0,22.25
2026-08-29 15:55:03,lht65-02,52.25,5.97326,2.938,23.75,86.2,22.18
2026-08-29 16:05:04,lht65-02,52.25,5.97326,2.934,23.97,85.8,22.18
2026-08-29 16:15:03,lht65-02,52.25,5.97326,2.931,24.15,85.9,22.18
2026-08-29 16:25:04,lht65-02,52.25,5.97326,2.966,24.07,85.2,22.18
2026-08-29 16:35:03,lht65-02,52.25,5.97326,2.926,23.96,85.4,22.18
2026-08-29 16:45:03,lht65-02,52.25,5.97326,2.976,24.16,85.7,22.18
2026-08-29 16:55:03,lht65-02,52.25,5.97326,2.952,24.38,85.8,22.18
2026-08-29 17:05:03,lht65-02,52.25,5.97326,2.921,24.54,86.4,22.18
2026-08-29 17:15:03,lht65-02,52.25,5.97326,2.912,24.42,85.6,22.12
2026-08-29 17:25:03,lht65-02,52.25,5.97326,2.948,24.19,85.8,22.18
2026-08-29 17:35:03,lht65-02,52.25,5.97326,2.962,23.87,86.2,22.12
2026-08-29 17:45:03,lht65-02,52.25,5.97326,2.931,23.52,86.6,22.18
2026-08-29 17:55:03,lht65-02,52.25,5.97326,2.926,23.24,86.4,22.12
2026-08-29 18:05:03,lht65-02,52.25,5.97326,2.922,22.8,86.0,22.12
2026-08-29 18:15:03,lht65-02,52.25,5.97326,2.88,22.29,86.3,22.12
2026-08-29 18:25:03,lht65-02,52.25,5.97326,2.973,21.77,86.8,22.06
2026-08-29 18:35:03,lht65-02,52.25,5.97326,2.998,21.36,87.7,22.06
2026-08-29 18:45:03,lht65-02,52.25,5.97326,2.976,20.61,85.8,22.0
2026-08-29 18:55:03,lht65-02,52.25,5.97326,2.966,19.86,87.0,22.0
2026-08-29 19:05:03,lht65-02,52.25,5.97326,2.921,19.35,88.4,21.93
2026-08-29 19:15:03,lht65-02,52.25,5.97326,2.924,19.0,89.5,21.87
2026-08-29 19:25:03,lht65-02,52.25,5.97326,2.964,18.81,90.6,21.81
2026-08-29 19:35:03,lht65-02,52.25,5.97326,2.921,18.7,91.1,21.75
2026-08-29 19:45:03,lht65-02,52.25,5.97326,2.987,18.6,91.4,21.68
2026-08-29 19:55:03,lht65-02,52.25,5.97326,2.976,18.56,91.8,21.62
2026-08-29 20:05:03,lht65-02,52.25,5.97326,2.952,18.56,91.9,21.56
2026-08-29 20:15:03,lht65-02,52.25,5.97326,2.952,18.56,92.2,21.5
2026-08-29 20:25:03,lht65-02,52.25,5.97326,2.959,18.56,92.2,21.43
2026-08-29 20:35:03,lht65-02,52.25,5.97326,2.955,18.57,92.3,21.37
2026-08-29 20:45:03,lht65-02,52.25,5.97326,2.959,18.61,92.2,21.31
2026-08-29 20:55:03,lht65-02,52.25,5.97326,2.945,18.61,92.4,21.25
2026-08-29 21:05:03,lht65-02,52.25,5.97326,2.952,18.58,92.7,21.18
2026-08-29 21:15:03,lht65-02,52.25,5.97326,2.921,18.48,93.4,21.12
2026-08-29 21:25:03,lht65-02,52.25,5.97326,2.895,18.45,94.0,21.06
2026-08-29 21:35:03,lht65-02,52.25,5.97326,2.934,18.45,94.5,21.06
2026-08-29 21:45:03,lht65-02,52.25,5.97326,2.955,18.45,94.7,21.0
2026-08-29 21:55:03,lht65-02,52.25,5.97326,2.94,18.45,94.6,20.93
2026-08-29 22:05:03,lht65-02,52.25,5.97326,2.962,18.45,94.5,20.93
2026-08-29 22:15:03,lht65-02,52.25,5.97326,2.983,18.45,94.5,20.87
2026-08-29 22:25:03,lht65-02,52.25,5.97326,2.948,18.45,94.3,20.81
2026-08-29 22:35:03,lht65-02,52.25,5.97326,2.945,18.45,94.4,20.81
2026-08-29 22:45:03,lht65-02,52.25,5.97326,2.959,18.46,93.9,20.75
2026-08-29 22:55:03,lht65-02,52.25,5.97326,2.941,18.47,93.6,20.68
2026-08-29 23:05:03,lht65-02,52.25,5.97326,2.978,18.47,93.5,20.68
2026-08-29 23:15:03,lht65-02,52.25,5.97326,2.983,18.48,93.3,20.62
2026-08-29 23:25:03,lht65-02,52.25,5.97326,2.976,18.51,93.3,20.62
2026-08-29 23:35:03,lht65-02,52.25,5.97326,2.978,18.47,93.0,20.56
2026-08-29 23:45:03,lht65-02,52.25,5.97326,2.983,18.45,93.1,20.56
2026-08-29 23:55:03,lht65-02,52.25,5.97326,2.98,18.45,92.9,20.5
2026-08-30 00:05:03,lht65-02,52.25,5.97326,2.973,18.34,92.0,20.5
2026-08-30 00:15:03,lht65-02,52.25,5.97326,2.976,18.3,92.4,20.43
2026-08-30 00:25:03,lht65-02,52.25,5.97326,2.978,18.27,92.2,20.43
2026-08-30 00:35:03,lht65-02,52.25,5.97326,2.978,18.25,92.3,20.37
2026-08-30 00:45:03,lht65-02,52.25,5.97326,2.983,18.2,92.2,20.37
2026-08-30 00:55:03,lht65-02,52.25,5.97326,2.991,18.16,92.3,20.31
2026-08-30 01:05:03,lht65-02,52.25,5.97326,2.987,18.12,92.1,20.31
2026-08-30 01:15:03,lht65-02,52.25,5.97326,2.998,18.07,91.9,20.31
2026-08-30 01:25:03,lht65-02,52.25,5.97326,2.998,18.0,92.1,20.25
2026-08-30 01:35:03,lht65-02,52.25,5.97326,3.001,17.99,92.2,20.25
2026-08-30 01:45:03,lht65-02,52.25,5.97326,2.992,17.94,91.6,20.18
2026-08-30 01:55:03,lht65-02,52.25,5.97326,2.978,17.94,91.8,20.18
2026-08-30 02:05:02,lht65-02,52.25,5.97326,2.989,17.9,91.9,20.12
2026-08-30 02:15:03,lht65-02,52.25,5.97326,2.987,17.86,91.8,20.12
2026-08-30 02:25:03,lht65-02,52.25,5.97326,2.994,17.87,91.1,20.12
2026-08-30 02:35:03,lht65-02,52.25,5.97326,2.994,17.86,90.6,20.06
2026-08-30 02:45:02,lht65-02,52.25,5.97326,2.994,17.83,90.3,20.06
2026-08-30 02:55:02,lht65-02,52.25,5.97326,2.989,17.84,90.4,20.0
2026-08-30 03:05:02,lht65-02,52.25,5.97326,2.991,17.87,90.5,20.0
2026-08-30 03:15:02,lht65-02,52.25,5.97326,2.987,17.95,90.1,20.0
2026-08-30 03:25:02,lht65-02,52.25,5.97326,2.991,18.0,90.1,19.93
2026-08-30 03:35:02,lht65-02,52.25,5.97326,2.987,18.0,90.1,19.93
2026-08-30 03:45:02,lht65-02,52.25,5.97326,2.978,18.01,90.1,19.93
2026-08-30 03:55:02,lht65-02,52.25,5.97326,2.978,18.02,89.7,19.87
2026-08-30 04:05:02,lht65-02,52.25,5.97326,2.975,18.0,89.9,19.87
2026-08-30 04:15:02,lht65-02,52.25,5.97326,2.921,18.0,90.4,19.81
2026-08-30 04:25:03,lht65-02,52.25,5.97326,2.978,17.97,90.6,19.81
2026-08-30 04:35:02,lht65-02,52.25,5.97326,2.985,17.88,91.0,19.81
2026-08-30 04:45:02,lht65-02,52.25,5.97326,2.973,17.81,91.4,19.81
2026-08-30 04:55:02,lht65-02,52.25,5.97326,2.966,17.77,92.2,19.81
2026-08-30 05:05:02,lht65-02,52.25,5.97326,2.968,17.8,93.0,19.75
2026-08-30 05:15:02,lht65-02,52.25,5.97326,2.959,17.85,94.0,19.75
2026-08-30 05:25:02,lht65-02,52.25,5.97326,2.987,17.9,94.8,19.68
2026-08-30 05:35:02,lht65-02,52.25,5.97326,2.934,17.99,95.6,19.68
2026-08-30 05:45:02,lht65-02,52.25,5.97326,2.98,18.01,96.7,19.68
2026-08-30 05:55:02,lht65-02,52.25,5.97326,2.987,18.15,98.0,19.68
2026-08-30 06:05:02,lht65-02,52.25,5.97326,2.983,18.31,99.4,19.68
2026-08-30 06:15:02,lht65-02,52.25,5.97326,2.991,18.48,100.0,19.68
2026-08-30 06:25:02,lht65-02,52.25,5.97326,2.991,18.71,100.0,19.68
2026-08-30 06:35:02,lht65-02,52.25,5.97326,2.948,18.94,100.0,19.68
2026-08-30 06:45:02,lht65-02,52.25,5.97326,2.969,19.1,100.0,19.62
2026-08-30 06:55:02,lht65-02,52.25,5.97326,2.973,19.28,100.0,19.62
2026-08-30 07:05:02,lht65-02,52.25,5.97326,2.973,19.45,100.0,19.68
2026-08-30 07:15:02,lht65-02,52.25,5.97326,2.966,19.59,100.0,19.68
2026-08-30 07:25:02,lht65-02,52.25,5.97326,2.936,19.81,99.3,19.68
2026-08-30 07:35:02,lht65-02,52.25,5.97326,2.936,20.21,99.5,19.68
2026-08-30 07:45:02,lht65-02,52.25,5.97326,2.955,20.98,99.5,19.68
2026-08-30 07:55:02,lht65-02,52.25,5.97326,3.007,21.68,97.8,19.75
2026-08-30 08:05:02,lht65-02,52.25,5.97326,2.98,22.55,96.8,19.75
2026-08-30 08:15:03,lht65-02,52.25,5.97326,2.992,23.28,94.0,19.81
2026-08-30 08:25:02,lht65-02,52.25,5.97326,2.998,23.65,92.5,19.87
2026-08-30 08:35:02,lht65-02,52.25,5.97326,3.001,23.87,90.8,19.93
2026-08-30 08:45:02,lht65-02,52.25,5.97326,3.0,24.1,90.9,20.0
2026-08-30 08:55:02,lht65-02,52.25,5.97326,3.0,24.49,90.5,20.06
2026-08-30 09:05:02,lht65-02,52.25,5.97326,3.0,24.72,89.4,20.12
2026-08-30 09:15:02,lht65-02,52.25,5.97326,2.991,25.56,91.8,20.18
2026-08-30 09:25:02,lht65-02,52.25,5.97326,2.987,27.16,92.7,20.31
2026-08-30 09:35:02,lht65-02,52.25,5.97326,2.998,27.97,77.5,20.31
2026-08-30 09:45:02,lht65-02,52.25,5.97326,3.001,28.01,76.8,20.43
2026-08-30 09:55:02,lht65-02,52.25,5.97326,3.001,27.91,76.7,20.56
2026-08-30 10:05:02,lht65-02,52.25,5.97326,3.001,28.08,76.9,20.68
2026-08-30 10:15:02,lht65-02,52.25,5.97326,3.001,27.64,76.1,20.75
2026-08-30 10:25:02,lht65-02,52.25,5.97326,2.985,27.37,75.8,20.87
2026-08-30 10:35:02,lht65-02,52.25,5.97326,2.991,26.9,75.7,20.93
2026-08-30 10:45:02,lht65-02,52.25,5.97326,2.991,26.76,76.5,21.06
2026-08-30 10:55:02,lht65-02,52.25,5.97326,2.987,26.44,77.5,21.12
2026-08-30 11:05:02,lht65-02,52.25,5.97326,2.987,26.35,78.2,21.18
2026-08-30 11:15:02,lht65-02,52.25,5.97326,2.987,26.34,77.3,21.25
2026-08-30 11:25:01,lht65-02,52.25,5.97326,2.991,26.05,77.0,21.31
2026-08-30 11:35:02,lht65-02,52.25,5.97326,2.994,25.72,77.8,21.37
2026-08-30 11:45:02,lht65-02,52.25,5.97326,2.996,25.16,77.3,21.43
2026-08-30 11:55:02,lht65-02,52.25,5.97326,2.998,24.42,78.8,21.5
2026-08-30 12:05:02,lht65-02,52.25,5.97326,2.992,23.86,81.1,21.56
2026-08-30 12:15:02,lht65-02,52.25,5.97326,2.989,23.88,84.4,21.56
2026-08-30 12:25:02,lht65-02,52.25,5.97326,2.992,24.8,87.9,21.56
2026-08-30 12:35:01,lht65-02,52.25,5.97326,2.987,26.46,88.1,21.56
2026-08-30 12:45:01,lht65-02,52.25,5.97326,2.992,27.77,80.5,21.62
2026-08-30 12:55:01,lht65-02,52.25,5.97326,2.996,27.0,72.5,21.68
2026-08-30 13:05:01,lht65-02,52.25,5.97326,3.0,25.57,75.5,21.75
2026-08-30 13:15:01,lht65-02,52.25,5.97326,2.996,25.21,79.1,21.81
2026-08-30 13:25:01,lht65-02,52.25,5.97326,2.998,25.4,79.5,21.87
2026-08-30 13:35:01,lht65-02,52.25,5.97326,2.996,27.07,82.6,21.87
2026-08-30 13:45:01,lht65-02,52.25,5.97326,2.994,28.25,77.9,21.93
2026-08-30 13:55:01,lht65-02,52.25,5.97326,2.971,28.89,77.2,21.93
2026-08-30 14:05:01,lht65-02,52.25,5.97326,2.968,30.22,75.4,22.0
2026-08-30 14:15:01,lht65-02,52.25,5.97326,2.825,30.83,68.9,22.06
2026-08-30 14:25:01,lht65-02,52.25,5.97326,2.976,30.12,65.4,22.12
2026-08-30 14:35:01,lht65-02,52.25,5.97326,3.005,29.63,69.9,22.31
2026-08-30 14:45:01,lht65-02,52.25,5.97326,3.001,29.45,71.6,22.37
2026-08-30 14:55:01,lht65-02,52.25,5.97326,2.996,29.45,71.5,22.43
2026-08-30 15:05:01,lht65-02,52.25,5.97326,2.996,29.14,72.1,22.5
2026-08-30 15:15:01,lht65-02,52.25,5.97326,2.996,28.84,73.1,22.56
2026-08-30 15:25:01,lht65-02,52.25,5.97326,2.996,28.49,72.7,22.56
2026-08-30 15:35:01,lht65-02,52.25,5.97326,2.998,28.34,74.0,22.62
2026-08-30 15:45:01,lht65-02,52.25,5.97326,2.998,28.26,73.1,22.68
2026-08-30 15:55:01,lht65-02,52.25,5.97326,2.998,28.16,74.0,22.68
2026-08-30 16:05:01,lht65-02,52.25,5.97326,2.998,27.98,75.1,22.75
2026-08-30 16:15:01,lht65-02,52.25,5.97326,2.994,27.57,76.0,22.75
2026-08-30 16:25:01,lht65-02,52.25,5.97326,2.992,26.98,76.1,22.75
2026-08-30 16:35:01,lht65-02,52.25,5.97326,2.976,26.29,76.9,22.75
2026-08-30 16:45:01,lht65-02,52.25,5.97326,2.966,25.72,78.5,22.81
2026-08-30 16:55:01,lht65-02,52.25,5.97326,2.895,25.32,78.4,22.75
2026-08-30 17:05:01,lht65-02,52.25,5.97326,2.892,24.68,78.4,22.75
2026-08-30 17:15:01,lht65-02,52.25,5.97326,2.909,24.24,78.1,22.75
2026-08-30 17:25:01,lht65-02,52.25,5.97326,3.005,23.75,81.2,22.75
2026-08-30 17:35:01,lht65-02,52.25,5.97326,3.001,23.14,83.8,22.68
2026-08-30 17:45:01,lht65-02,52.25,5.97326,3.0,22.59,86.1,22.68
2026-08-30 17:55:01,lht65-02,52.25,5.97326,2.992,22.32,86.9,22.62
2026-08-30 18:05:01,lht65-02,52.25,5.97326,2.998,22.03,88.0,22.56
2026-08-30 18:15:01,lht65-02,52.25,5.97326,2.991,21.7,88.3,22.5
2026-08-30 18:25:01,lht65-02,52.25,5.97326,2.978,21.42,88.7,22.5
2026-08-30 18:35:01,lht65-02,52.25,5.97326,2.991,21.12,88.9,22.43
2026-08-30 18:45:01,lht65-02,52.25,5.97326,2.983,20.77,87.1,22.37
2026-08-30 18:55:01,lht65-02,52.25,5.97326,2.976,20.39,86.6,22.31
2026-08-30 19:05:01,lht65-02,52.25,5.97326,2.985,19.97,88.1,22.25
2026-08-30 19:15:01,lht65-02,52.25,5.97326,2.973,19.8,88.1,22.18
2026-08-30 19:25:01,lht65-02,52.25,5.97326,2.973,19.46,88.8,22.12
2026-08-30 19:35:01,lht65-02,52.25,5.97326,2.96,19.16,89.4,22.06
2026-08-30 19:45:01,lht65-02,52.25,5.97326,2.955,18.87,89.5,22.0
2026-08-30 19:55:01,lht65-02,52.25,5.97326,2.978,18.59,89.1,21.93
2026-08-30 20:05:01,lht65-02,52.25,5.97326,2.985,18.4,89.3,21.87
2026-08-30 20:15:01,lht65-02,52.25,5.97326,2.962,18.24,89.6,21.81
2026-08-30 20:25:01,lht65-02,52.25,5.97326,2.987,18.07,89.9,21.68
2026-08-30 20:35:01,lht65-02,52.25,5.97326,2.921,17.86,89.8,21.62
2026-08-30 20:45:01,lht65-02,52.25,5.97326,2.968,17.72,90.4,21.56
2026-08-30 20:55:01,lht65-02,52.25,5.97326,2.976,17.59,90.5,21.5
2026-08-30 21:05:01,lht65-02,52.25,5.97326,2.966,17.43,89.6,21.43
2026-08-30 21:15:01,lht65-02,52.25,5.97326,2.966,17.29,90.2,21.37
2026-08-30 21:25:01,lht65-02,52.25,5.97326,2.971,17.29,91.2,21.31
2026-08-30 21:35:01,lht65-02,52.25,5.97326,2.976,17.36,92.1,21.25
2026-08-30 21:45:01,lht65-02,52.25,5.97326,2.982,17.4,92.2,21.18
2026-08-30 21:55:01,lht65-02,52.25,5.97326,2.98,17.45,91.9,21.12
2026-08-30 22:05:00,lht65-02,52.25,5.97326,2.982,17.46,92.0,21.12
2026-08-30 22:15:01,lht65-02,52.25,5.97326,2.98,17.5,92.2,21.0
2026-08-30 22:25:00,lht65-02,52.25,5.97326,2.983,17.48,92.0,21.0
2026-08-30 22:35:00,lht65-02,52.25,5.97326,2.976,17.41,91.2,20.93
2026-08-30 22:45:00,lht65-02,52.25,5.97326,2.976,17.26,90.4,20.87
2026-08-30 22:55:00,lht65-02,52.25,5.97326,2.973,17.0,89.9,20.81
2026-08-30 23:05:01,lht65-02,52.25,5.97326,2.894,16.72,90.3,20.81
2026-08-30 23:15:00,lht65-02,52.25,5.97326,2.95,16.48,90.4,20.75
2026-08-30 23:25:01,lht65-02,52.25,5.97326,2.973,16.4,91.3,20.68
2026-08-30 23:35:00,lht65-02,52.25,5.97326,2.969,16.43,91.3,20.62
2026-08-30 23:45:00,lht65-02,52.25,5.97326,2.971,16.51,91.0,20.56
2026-08-30 23:55:00,lht65-02,52.25,5.97326,2.976,16.58,90.7,20.5
2026-08-31 00:05:00,lht65-02,52.25,5.97326,2.973,16.65,90.7,20.5
2026-08-31 00:15:00,lht65-02,52.25,5.97326,2.973,16.65,90.2,20.43
2026-08-31 00:25:00,lht65-02,52.25,5.97326,2.971,16.68,90.8,20.37
2026-08-31 00:35:00,lht65-02,52.25,5.97326,2.966,16.66,90.2,20.37
2026-08-31 00:45:00,lht65-02,52.25,5.97326,2.973,16.64,89.7,20.31
2026-08-31 00:55:00,lht65-02,52.25,5.97326,2.964,16.65,90.4,20.31
2026-08-31 01:05:00,lht65-02,52.25,5.97326,2.976,16.66,90.8,20.25
2026-08-31 01:15:00,lht65-02,52.25,5.97326,2.941,16.69,90.7,20.18
2026-08-31 01:25:00,lht65-02,52.25,5.97326,2.945,16.74,90.5,20.12
2026-08-31 01:35:00,lht65-02,52.25,5.97326,2.957,16.73,90.2,20.12
2026-08-31 01:45:00,lht65-02,52.25,5.97326,2.969,16.73,90.4,20.06
2026-08-31 01:55:00,lht65-02,52.25,5.97326,2.969,16.74,90.8,20.06
2026-08-31 02:05:00,lht65-02,52.25,5.97326,2.968,16.78,90.8,20.0
2026-08-31 02:15:00,lht65-02,52.25,5.97326,2.966,16.73,90.1,20.0
2026-08-31 02:25:00,lht65-02,52.25,5.97326,2.966,16.61,90.0,19.93
2026-08-31 02:35:00,lht65-02,52.25,5.97326,2.982,16.49,90.2,19.93
2026-08-31 02:45:00,lht65-02,52.25,5.97326,2.962,16.34,90.6,19.87
2026-08-31 02:55:00,lht65-02,52.25,5.97326,2.982,16.22,91.2,19.87
2026-08-31 03:05:00,lht65-02,52.25,5.97326,2.992,16.13,91.4,19.87
2026-08-31 03:15:00,lht65-02,52.25,5.97326,2.994,16.13,91.4,19.81
2026-08-31 03:25:00,lht65-02,52.25,5.97326,2.994,16.15,91.6,19.75
2026-08-31 03:35:00,lht65-02,52.25,5.97326,2.987,16.17,91.6,19.75
2026-08-31 03:45:00,lht65-02,52.25,5.97326,2.973,16.13,91.4,19.75
2026-08-31 03:55:00,lht65-02,52.25,5.97326,2.966,16.13,91.8,19.68
2026-08-31 04:05:00,lht65-02,52.25,5.97326,2.966,16.08,91.7,19.62
2026-08-31 04:15:00,lht65-02,52.25,5.97326,2.969,16.05,91.7,19.62
2026-08-31 04:25:00,lht65-02,52.25,5.97326,2.966,15.98,91.6,19.56
2026-08-31 04:35:00,lht65-02,52.25,5.97326,2.962,15.93,91.8,19.56
2026-08-31 04:45:00,lht65-02,52.25,5.97326,2.969,15.9,91.9,19.56
2026-08-31 04:55:00,lht65-02,52.25,5.97326,2.969,15.88,92.0,19.5
2026-08-31 05:05:00,lht65-02,52.25,5.97326,2.971,15.89,92.3,19.43
2026-08-31 05:15:00,lht65-02,52.25,5.97326,2.971,15.9,92.8,19.43
2026-08-31 05:25:00,lht65-02,52.25,5.97326,2.973,16.05,93.5,19.43
2026-08-31 05:35:00,lht65-02,52.25,5.97326,2.971,16.21,94.4,19.37
2026-08-31 05:45:00,lht65-02,52.25,5.97326,2.973,16.47,95.1,19.37
2026-08-31 05:55:00,lht65-02,52.25,5.97326,2.969,16.77,96.2,19.37
2026-08-31 06:05:00,lht65-02,52.25,5.97326,2.973,17.06,96.8,19.31
2026-08-31 06:15:00,lht65-02,52.25,5.97326,2.969,17.38,96.9,19.31
2026-08-31 06:25:00,lht65-02,52.25,5.97326,2.971,17.9,96.9,19.31
2026-08-31 06:35:00,lht65-02,52.25,5.97326,2.973,18.49,97.0,19.31
2026-08-31 06:45:00,lht65-02,52.25,5.97326,2.973,19.1,96.6,19.31
2026-08-31 06:55:00,lht65-02,52.25,5.97326,2.969,19.75,95.8,19.31
2026-08-31 07:05:00,lht65-02,52.25,5.97326,2.976,20.43,95.0,19.37
2026-08-31 07:15:00,lht65-02,52.25,5.97326,2.971,21.39,94.6,19.37
2026-08-31 07:25:00,lht65-02,52.25,5.97326,2.964,22.48,93.2,19.43
2026-08-31 07:35:00,lht65-02,52.25,5.97326,2.971,22.86,88.0,19.5
2026-08-31 07:45:00,lht65-02,52.25,5.97326,2.971,22.53,86.3,19.56
2026-08-31 07:55:00,lht65-02,52.25,5.97326,2.968,22.11,86.7,19.62
2026-08-31 08:05:00,lht65-02,52.25,5.97326,2.969,21.66,87.5,19.62
2026-08-31 08:15:00,lht65-02,52.25,5.97326,2.976,21.86,89.9,19.68
2026-08-31 08:24:59,lht65-02,52.25,5.97326,2.978,22.27,89.8,19.75
2026-08-31 08:34:59,lht65-02,52.25,5.97326,2.978,22.98,90.8,19.81
2026-08-31 08:44:59,lht65-02,52.25,5.97326,2.976,23.69,89.8,19.81
2026-08-31 08:54:59,lht65-02,52.25,5.97326,2.973,24.55,88.6,19.87
2026-08-31 09:05:00,lht65-02,52.25,5.97326,2.96,25.81,89.7,19.93
2026-08-31 09:14:59,lht65-02,52.25,5.97326,2.894,27.35,89.6,20.0
2026-08-31 09:24:59,lht65-02,52.25,5.97326,2.964,27.52,72.6,20.06
2026-08-31 09:34:59,lht65-02,52.25,5.97326,2.968,26.72,72.4,20.18
2026-08-31 09:44:59,lht65-02,52.25,5.97326,2.975,25.32,69.3,20.31
2026-08-31 09:54:59,lht65-02,52.25,5.97326,2.98,24.34,72.8,20.37
2026-08-31 10:04:59,lht65-02,52.25,5.97326,2.973,23.86,79.3,20.43
2026-08-31 10:14:59,lht65-02,52.25,5.97326,2.962,23.49,81.5,20.5
2026-08-31 10:24:59,lht65-02,52.25,5.97326,2.969,24.91,90.1,20.56
2026-08-31 10:34:59,lht65-02,52.25,5.97326,2.952,27.71,89.7,20.62
2026-08-31 10:44:59,lht65-02,52.25,5.97326,2.959,27.64,62.3,20.62
2026-08-31 10:54:59,lht65-02,52.25,5.97326,2.959,25.79,66.6,20.75
2026-08-31 11:04:59,lht65-02,52.25,5.97326,2.983,25.83,66.7,20.81
2026-08-31 11:14:59,lht65-02,52.25,5.97326,2.98,26.24,68.6,20.93
2026-08-31 11:24:59,lht65-02,52.25,5.97326,2.966,27.83,69.5,20.93
2026-08-31 11:34:59,lht65-02,52.25,5.97326,2.96,27.37,62.9,21.0
2026-08-31 11:44:59,lht65-02,52.25,5.97326,2.909,26.5,65.2,21.12
2026-08-31 11:54:59,lht65-02,52.25,5.97326,2.991,25.6,67.0,21.18
2026-08-31 12:04:59,lht65-02,52.25,5.97326,2.991,24.83,69.7,21.25
2026-08-31 12:14:59,lht65-02,52.25,5.97326,3.001,24.81,75.2,21.31
2026-08-31 12:24:59,lht65-02,52.25,5.97326,2.996,24.17,77.6,21.31
2026-08-31 12:34:59,lht65-02,52.25,5.97326,2.992,23.44,79.1,21.37
2026-08-31 12:44:59,lht65-02,52.25,5.97326,2.992,23.71,83.7,21.37
2026-08-31 12:54:59,lht65-02,52.25,5.97326,2.975,25.32,87.2,21.37
2026-08-31 13:04:59,lht65-02,52.25,5.97326,2.983,27.51,87.1,21.43
2026-08-31 13:14:59,lht65-02,52.25,5.97326,2.989,28.29,67.1,21.5
2026-08-31 13:24:59,lht65-02,52.25,5.97326,2.976,29.53,68.9,21.5
2026-08-31 13:34:59,lht65-02,52.25,5.97326,2.991,30.74,60.1,21.62
2026-08-31 13:44:59,lht65-02,52.25,5.97326,2.994,30.23,60.9,21.75
2026-08-31 13:54:59,lht65-02,52.25,5.97326,2.996,29.99,61.1,21.87
2026-08-31 14:04:59,lht65-02,52.25,5.97326,2.994,28.77,61.9,22.0
2026-08-31 14:14:59,lht65-02,52.25,5.97326,2.994,29.0,67.5,22.12
2026-08-31 14:24:59,lht65-02,52.25,5.97326,2.994,30.03,65.1,22.18
2026-08-31 14:34:59,lht65-02,52.25,5.97326,2.994,30.56,62.4,22.31
2026-08-31 14:44:59,lht65-02,52.25,5.97326,2.994,29.35,62.6,22.37
2026-08-31 14:54:59,lht65-02,52.25,5.97326,2.994,27.79,63.0,22.43
2026-08-31 15:04:59,lht65-02,52.25,5.97326,2.991,26.37,65.1,22.5
2026-08-31 15:14:59,lht65-02,52.25,5.97326,2.994,25.75,66.9,22.56
2026-08-31 15:24:59,lht65-02,52.25,5.97326,2.991,25.34,66.9,22.56
2026-08-31 15:34:59,lht65-02,52.25,5.97326,2.994,25.32,67.9,22.56
2026-08-31 15:44:59,lht65-02,52.25,5.97326,2.994,25.58,68.1,22.56
2026-08-31 15:54:59,lht65-02,52.25,5.97326,2.994,25.83,66.1,22.56
2026-08-31 16:04:59,lht65-02,52.25,5.97326,2.994,25.58,65.1,22.56
2026-08-31 16:14:59,lht65-02,52.25,5.97326,2.98,24.94,65.5,22.56
2026-08-31 16:24:59,lht65-02,52.25,5.97326,2.994,25.06,66.1,22.56
2026-08-31 16:34:59,lht65-02,52.25,5.97326,2.996,25.1,66.0,22.5
2026-08-31 16:44:59,lht65-02,52.25,5.97326,2.991,24.76,65.7,22.56
2026-08-31 16:54:59,lht65-02,52.25,5.97326,2.867,23.95,69.5,22.5
2026-08-31 17:04:59,lht65-02,52.25,5.97326,2.976,23.47,75.7,22.5
2026-08-31 17:14:59,lht65-02,52.25,5.97326,2.982,23.27,78.4,22.43
2026-08-31 17:24:59,lht65-02,52.25,5.97326,2.966,23.06,80.5,22.43
2026-08-31 17:34:59,lht65-02,52.25,5.97326,3.009,22.47,81.5,22.43
2026-08-31 17:44:59,lht65-02,52.25,5.97326,3.009,22.02,84.2,22.37
2026-08-31 17:54:59,lht65-02,52.25,5.97326,3.001,21.51,85.1,22.31
2026-08-31 18:04:59,lht65-02,52.25,5.97326,2.996,21.0,86.2,22.31
2026-08-31 18:14:59,lht65-02,52.25,5.97326,2.998,20.6,87.6,22.25
2026-08-31 18:24:58,lht65-02,52.25,5.97326,2.994,20.24,88.2,22.18
2026-08-31 18:34:59,lht65-02,52.25,5.97326,2.994,19.84,88.4,22.12
2026-08-31 18:44:58,lht65-02,52.25,5.97326,2.998,19.42,89.1,22.06
2026-08-31 18:54:58,lht65-02,52.25,5.97326,3.0,19.08,89.6,22.0
2026-08-31 19:04:58,lht65-02,52.25,5.97326,2.996,18.75,89.7,21.93
2026-08-31 19:14:58,lht65-02,52.25,5.97326,2.996,18.38,88.9,21.87
2026-08-31 19:24:58,lht65-02,52.25,5.97326,2.992,18.0,88.9,21.81
2026-08-31 19:34:58,lht65-02,52.25,5.97326,2.991,17.64,89.1,21.75
2026-08-31 19:44:58,lht65-02,52.25,5.97326,2.985,17.31,89.5,21.62
2026-08-31 19:54:58,lht65-02,52.25,5.97326,2.987,17.09,90.3,21.62
2026-08-31 20:04:58,lht65-02,52.25,5.97326,2.983,16.92,90.6,21.56
2026-08-31 20:14:58,lht65-02,52.25,5.97326,2.987,16.81,91.2,21.43
2026-08-31 20:24:58,lht65-02,52.25,5.97326,2.983,16.63,91.1,21.37
2026-08-31 20:34:58,lht65-02,52.25,5.97326,2.983,16.43,91.1,21.31
2026-08-31 20:44:58,lht65-02,52.25,5.97326,2.983,16.26,91.1,21.25
2026-08-31 20:54:58,lht65-02,52.25,5.97326,2.98,16.04,91.0,21.18
2026-08-31 21:04:58,lht65-02,52.25,5.97326,2.982,15.88,91.3,21.06
2026-08-31 21:14:58,lht65-02,52.25,5.97326,2.987,15.69,91.7,21.0
2026-08-31 21:24:58,lht65-02,52.25,5.97326,2.98,15.58,92.1,20.93
2026-08-31 21:34:58,lht65-02,52.25,5.97326,2.971,15.5,92.4,20.87
2026-08-31 21:44:58,lht65-02,52.25,5.97326,2.966,15.41,92.7,20.81
2026-08-31 22:04:58,lht65-02,52.25,5.97326,2.94,15.23,93.4,20.68
2026-08-31 22:14:58,lht65-02,52.25,5.97326,2.966,15.22,93.9,20.62
2026-08-31 22:24:58,lht65-02,52.25,5.97326,2.968,15.17,94.1,20.5
2026-08-31 22:34:58,lht65-02,52.25,5.97326,2.966,15.16,94.4,20.5
2026-08-31 22:44:58,lht65-02,52.25,5.97326,2.968,15.23,95.4,20.43
2026-08-31 22:54:58,lht65-02,52.25,5.97326,2.966,15.37,97.1,20.37
2026-08-31 23:04:58,lht65-02,52.25,5.97326,2.976,15.51,99.3,20.31
2026-08-31 23:14:58,lht65-02,52.25,5.97326,2.978,15.66,100.0,20.25
2026-08-31 23:24:58,lht65-02,52.25,5.97326,2.98,15.76,100.0,20.18
2026-08-31 23:34:58,lht65-02,52.25,5.97326,2.98,15.89,100.0,20.12
2026-08-31 23:44:58,lht65-02,52.25,5.97326,2.991,15.98,100.0,20.12
2026-08-31 23:54:58,lht65-02,52.25,5.97326,2.991,16.1,100.0,20.06
2026-09-01 00:04:58,lht65-02,52.25,5.97326,2.991,16.13,100.0,20.0
2026-09-01 00:14:58,lht65-02,52.25,5.97326,2.991,16.05,100.0,20.0
2026-09-01 00:24:58,lht65-02,52.25,5.97326,2.987,15.94,100.0,19.93
2026-09-01 00:34:58,lht65-02,52.25,5.97326,2.991,15.79,100.0,19.87
2026-09-01 00:44:58,lht65-02,52.25,5.97326,2.987,15.69,100.0,19.87
2026-09-01 00:54:58,lht65-02,52.25,5.97326,2.992,15.64,100.0,19.87
2026-09-01 01:04:58,lht65-02,52.25,5.97326,2.991,15.53,100.0,19.81
2026-09-01 01:14:58,lht65-02,52.25,5.97326,2.985,15.43,100.0,19.81
2026-09-01 01:24:58,lht65-02,52.25,5.97326,2.983,15.34,100.0,19.75
2026-09-01 01:34:58,lht65-02,52.25,5.97326,2.987,15.23,100.0,19.68
2026-09-01 01:44:58,lht65-02,52.25,5.97326,2.98,15.15,100.0,19.68
2026-09-01 01:54:58,lht65-02,52.25,5.97326,2.983,15.05,100.0,19.62
2026-09-01 02:04:58,lht65-02,52.25,5.97326,2.98,14.98,100.0,19.62
2026-09-01 02:14:58,lht65-02,52.25,5.97326,2.938,14.89,100.0,19.56
2026-09-01 02:24:58,lht65-02,52.25,5.97326,2.983,14.81,100.0,19.5
2026-09-01 02:34:58,lht65-02,52.25,5.97326,2.978,14.73,100.0,19.5
2026-09-01 02:44:58,lht65-02,52.25,5.97326,2.978,14.67,100.0,19.43
2026-09-01 02:54:58,lht65-02,52.25,5.97326,2.971,14.64,100.0,19.37
2026-09-01 03:04:58,lht65-02,52.25,5.97326,2.973,14.66,100.0,19.37
2026-09-01 03:14:58,lht65-02,52.25,5.97326,2.996,14.75,100.0,19.37
2026-09-01 03:24:58,lht65-02,52.25,5.97326,2.994,14.94,100.0,19.31
2026-09-01 03:34:58,lht65-02,52.25,5.97326,2.994,15.1,100.0,19.25
2026-09-01 03:44:58,lht65-02,52.25,5.97326,2.996,15.11,100.0,19.25
2026-09-01 03:54:58,lht65-02,52.25,5.97326,2.987,15.1,100.0,19.18
2026-09-01 04:04:58,lht65-02,52.25,5.97326,2.994,15.05,100.0,19.18
2026-09-01 04:14:58,lht65-02,52.25,5.97326,2.994,15.01,100.0,19.12
2026-09-01 04:24:58,lht65-02,52.25,5.97326,2.989,14.99,100.0,19.12
2026-09-01 04:34:57,lht65-02,52.25,5.97326,2.992,14.95,100.0,19.12
2026-09-01 04:44:58,lht65-02,52.25,5.97326,2.992,14.95,100.0,19.06
2026-09-01 04:54:58,lht65-02,52.25,5.97326,2.992,14.94,100.0,19.06
2026-09-01 05:04:58,lht65-02,52.25,5.97326,2.994,14.94,100.0,19.0
2026-09-01 05:14:58,lht65-02,52.25,5.97326,2.992,15.06,100.0,19.0
2026-09-01 05:24:57,lht65-02,52.25,5.97326,2.991,15.28,100.0,19.0
2026-09-01 05:34:58,lht65-02,52.25,5.97326,2.991,15.6,100.0,18.93
2026-09-01 05:44:57,lht65-02,52.25,5.97326,2.994,15.93,100.0,18.93
2026-09-01 05:54:58,lht65-02,52.25,5.97326,2.991,16.33,100.0,18.93
2026-09-01 06:04:57,lht65-02,52.25,5.97326,2.991,16.83,100.0,18.93
2026-09-01 06:14:57,lht65-02,52.25,5.97326,2.991,17.4,100.0,18.93
2026-09-01 06:24:57,lht65-02,52.25,5.97326,2.992,17.99,100.0,18.93
2026-09-01 06:34:57,lht65-02,52.25,5.97326,2.994,18.45,100.0,18.93
2026-09-01 06:44:57,lht65-02,52.25,5.97326,2.994,18.86,100.0,18.93
2026-09-01 06:54:57,lht65-02,52.25,5.97326,2.989,19.42,100.0,18.93
2026-09-01 07:04:57,lht65-02,52.25,5.97326,2.991,19.86,100.0,19.0
2026-09-01 07:14:57,lht65-02,52.25,5.97326,2.991,20.26,100.0,19.06
2026-09-01 07:24:57,lht65-02,52.25,5.97326,2.991,20.77,98.6,19.06
2026-09-01 07:34:57,lht65-02,52.25,5.97326,2.987,21.35,97.8,19.12
2026-09-01 07:44:57,lht65-02,52.25,5.97326,2.987,22.27,96.9,19.18
2026-09-01 07:54:57,lht65-02,52.25,5.97326,3.0,23.22,91.1,19.18
2026-09-01 08:04:57,lht65-02,52.25,5.97326,2.994,23.96,87.8,19.25
2026-09-01 08:14:57,lht65-02,52.25,5.97326,2.992,24.82,85.8,19.37
2026-09-01 08:24:57,lht65-02,52.25,5.97326,2.991,25.57,83.2,19.43
2026-09-01 08:34:57,lht65-02,52.25,5.97326,2.994,25.82,80.2,19.5
2026-09-01 08:44:57,lht65-02,52.25,5.97326,2.996,25.34,78.4,19.56
2026-09-01 08:54:57,lht65-02,52.25,5.97326,2.994,25.1,78.6,19.68
2026-09-01 09:04:57,lht65-02,52.25,5.97326,2.992,24.45,79.4,19.75
2026-09-01 09:14:57,lht65-02,52.25,5.97326,2.994,25.08,82.6,19.81
2026-09-01 09:24:57,lht65-02,52.25,5.97326,2.983,26.47,80.8,19.87
2026-09-01 09:34:57,lht65-02,52.25,5.97326,2.976,27.16,76.6,19.93
2026-09-01 09:44:57,lht65-02,52.25,5.97326,2.994,27.01,72.0,20.06
2026-09-01 09:54:57,lht65-02,52.25,5.97326,2.994,27.16,68.9,20.12
2026-09-01 10:04:57,lht65-02,52.25,5.97326,2.996,26.01,66.6,20.18
2026-09-01 10:14:57,lht65-02,52.25,5.97326,2.996,24.87,65.3,20.25
2026-09-01 10:24:57,lht65-02,52.25,5.97326,2.994,23.88,69.4,20.37
2026-09-01 10:34:57,lht65-02,52.25,5.97326,2.994,24.58,73.9,20.43
2026-09-01 10:44:57,lht65-02,52.25,5.97326,2.996,25.32,77.7,20.5
2026-09-01 10:54:57,lht65-02,52.25,5.97326,2.996,25.6,76.5,20.56
2026-09-01 11:04:57,lht65-02,52.25,5.97326,2.992,26.39,78.7,20.56
2026-09-01 11:14:57,lht65-02,52.25,5.97326,2.987,28.77,77.0,20.68
2026-09-01 11:24:57,lht65-02,52.25,5.97326,2.982,29.8,54.5,20.68
2026-09-01 11:34:57,lht65-02,52.25,5.97326,2.991,29.46,53.0,20.81
2026-09-01 11:44:57,lht65-02,52.25,5.97326,2.987,29.59,53.4,20.93
2026-09-01 11:54:57,lht65-02,52.25,5.97326,2.991,29.55,55.4,21.06
2026-09-01 12:04:57,lht65-02,52.25,5.97326,2.992,29.4,55.5,21.12
2026-09-01 12:14:57,lht65-02,52.25,5.97326,2.992,29.4,57.1,21.25
2026-09-01 12:24:57,lht65-02,52.25,5.97326,2.968,30.57,56.3,21.37
2026-09-01 12:34:57,lht65-02,52.25,5.97326,2.994,31.74,46.2,21.43
2026-09-01 12:44:58,lht65-02,52.25,5.97326,3.001,31.08,45.8,21.5
2026-09-01 12:54:57,lht65-02,52.25,5.97326,3.005,30.13,47.7,21.62
2026-09-01 13:04:57,lht65-02,52.25,5.97326,3.005,29.78,53.0,21.75
2026-09-01 13:14:57,lht65-02,52.25,5.97326,3.005,30.56,52.8,21.87
2026-09-01 13:24:57,lht65-02,52.25,5.97326,3.005,30.56,50.7,22.0
2026-09-01 13:34:57,lht65-02,52.25,5.97326,3.007,31.1,51.1,22.12
2026-09-01 13:44:57,lht65-02,52.25,5.97326,3.005,31.15,50.4,22.18
2026-09-01 13:54:57,lht65-02,52.25,5.97326,3.007,32.06,47.0,22.31
2026-09-01 14:04:57,lht65-02,52.25,5.97326,3.007,32.45,46.0,22.43
2026-09-01 14:14:57,lht65-02,52.25,5.97326,3.007,31.7,44.3,22.56
2026-09-01 14:24:57,lht65-02,52.25,5.97326,3.007,30.26,50.4,22.62
2026-09-01 14:34:57,lht65-02,52.25,5.97326,3.007,30.76,52.3,22.75
2026-09-01 14:44:57,lht65-02,52.25,5.97326,3.007,30.46,54.2,22.81
2026-09-01 14:54:57,lht65-02,52.25,5.97326,3.009,30.83,50.7,22.87
2026-09-01 15:04:57,lht65-02,52.25,5.97326,3.007,30.72,54.6,22.93
2026-09-01 15:14:56,lht65-02,52.25,5.97326,3.007,29.99,50.5,23.0
2026-09-01 15:24:56,lht65-02,52.25,5.97326,3.007,28.95,53.6,23.06
2026-09-01 15:34:56,lht65-02,52.25,5.97326,3.009,28.33,54.3,23.06
2026-09-01 15:44:57,lht65-02,52.25,5.97326,3.009,28.37,54.1,23.06
2026-09-01 15:54:56,lht65-02,52.25,5.97326,3.009,28.01,53.0,23.12
2026-09-01 16:04:56,lht65-02,52.25,5.97326,3.009,27.35,54.3,23.12
2026-09-01 16:14:56,lht65-02,52.25,5.97326,3.009,26.83,62.1,23.12
2026-09-01 16:24:56,lht65-02,52.25,5.97326,3.007,26.88,62.4,23.06
2026-09-01 16:34:56,lht65-02,52.25,5.97326,3.009,26.6,62.2,23.06
2026-09-01 16:44:56,lht65-02,52.25,5.97326,3.005,26.1,63.1,23.06
2026-09-01 16:54:56,lht65-02,52.25,5.97326,3.003,25.51,63.5,23.0
2026-09-01 17:04:56,lht65-02,52.25,5.97326,3.0,24.96,65.4,23.0
2026-09-01 17:14:56,lht65-02,52.25,5.97326,3.001,24.42,71.1,23.0
2026-09-01 17:24:56,lht65-02,52.25,5.97326,3.001,24.08,73.9,22.93
2026-09-01 17:34:56,lht65-02,52.25,5.97326,2.996,23.47,76.4,22.87
2026-09-01 17:44:56,lht65-02,52.25,5.97326,2.996,22.59,79.1,22.81
2026-09-01 17:54:56,lht65-02,52.25,5.97326,2.991,21.68,80.7,22.75
2026-09-01 18:04:56,lht65-02,52.25,5.97326,2.924,20.78,82.5,22.68
2026-09-01 18:14:56,lht65-02,52.25,5.97326,2.843,19.9,83.4,22.62
2026-09-01 18:24:56,lht65-02,52.25,5.97326,2.906,19.18,84.5,22.56
2026-09-01 18:34:56,lht65-02,52.25,5.97326,2.934,18.45,85.2,22.5
2026-09-01 18:44:56,lht65-02,52.25,5.97326,2.976,17.83,85.9,22.37
2026-09-01 18:54:56,lht65-02,52.25,5.97326,2.938,17.26,86.7,22.31
2026-09-01 19:04:56,lht65-02,52.25,5.97326,2.922,16.78,87.1,22.25
2026-09-01 19:14:56,lht65-02,52.25,5.97326,2.962,16.29,87.7,22.18
2026-09-01 19:24:56,lht65-02,52.25,5.97326,2.894,15.94,88.2,22.06
2026-09-01 19:34:56,lht65-02,52.25,5.97326,2.938,15.59,88.7,21.93
2026-09-01 19:44:56,lht65-02,52.25,5.97326,2.911,15.26,88.8,21.87
2026-09-01 19:54:56,lht65-02,52.25,5.97326,2.877,14.9,89.2,21.75
2026-09-01 20:04:56,lht65-02,52.25,5.97326,2.969,14.66,89.9,21.68
2026-09-01 20:14:56,lht65-02,52.25,5.97326,2.924,14.42,89.9,21.56
2026-09-01 20:24:56,lht65-02,52.25,5.97326,2.98,14.3,90.4,21.43
2026-09-01 20:34:56,lht65-02,52.25,5.97326,2.978,14.24,91.1,21.37
2026-09-01 20:44:56,lht65-02,52.25,5.97326,2.822,14.01,91.2,21.25
2026-09-01 20:54:56,lht65-02,52.25,5.97326,2.996,13.8,91.1,21.18
2026-09-01 21:04:56,lht65-02,52.25,5.97326,2.991,13.69,91.3,21.06
2026-09-01 21:14:56,lht65-02,52.25,5.97326,2.969,13.58,91.5,21.0
2026-09-01 21:24:56,lht65-02,52.25,5.97326,2.98,13.53,92.0,20.87
2026-09-01 21:34:56,lht65-02,52.25,5.97326,2.983,13.44,92.1,20.81
2026-09-01 21:44:56,lht65-02,52.25,5.97326,2.945,13.32,92.2,20.68
2026-09-01 21:54:56,lht65-02,52.25,5.97326,2.985,13.24,92.3,20.62
2026-09-01 22:04:56,lht65-02,52.25,5.97326,2.983,13.17,92.6,20.56
2026-09-01 22:14:56,lht65-02,52.25,5.97326,2.991,13.17,93.0,20.43
2026-09-01 22:24:56,lht65-02,52.25,5.97326,2.992,13.21,94.0,20.37
2026-09-01 22:34:56,lht65-02,52.25,5.97326,2.941,13.3,95.3,20.31
2026-09-01 22:44:56,lht65-02,52.25,5.97326,2.996,13.32,96.3,20.25
2026-09-01 22:54:56,lht65-02,52.25,5.97326,2.996,13.29,96.5,20.18
2026-09-01 23:04:56,lht65-02,52.25,5.97326,2.994,13.24,96.5,20.12
2026-09-01 23:14:56,lht65-02,52.25,5.97326,2.994,13.24,96.5,20.06
2026-09-01 23:24:56,lht65-02,52.25,5.97326,2.994,13.28,96.7,20.0
2026-09-01 23:34:56,lht65-02,52.25,5.97326,2.996,13.33,97.0,19.93
2026-09-01 23:44:56,lht65-02,52.25,5.97326,2.996,13.32,97.2,19.87
2026-09-01 23:54:56,lht65-02,52.25,5.97326,2.994,13.29,97.1,19.81
2026-09-02 00:04:56,lht65-02,52.25,5.97326,2.996,13.32,97.2,19.75
2026-09-02 00:14:56,lht65-02,52.25,5.97326,2.994,13.38,97.5,19.68
2026-09-02 00:24:56,lht65-02,52.25,5.97326,2.994,13.39,97.8,19.62
2026-09-02 00:34:56,lht65-02,52.25,5.97326,2.996,13.44,98.2,19.62
2026-09-02 00:44:56,lht65-02,52.25,5.97326,2.994,13.5,98.7,19.56
2026-09-02 00:54:56,lht65-02,52.25,5.97326,2.992,13.56,99.4,19.5
2026-09-02 01:04:56,lht65-02,52.25,5.97326,2.994,13.56,99.8,19.43
2026-09-02 01:14:56,lht65-02,52.25,5.97326,2.994,13.51,99.9,19.37
2026-09-02 01:24:55,lht65-02,52.25,5.97326,2.994,13.43,99.5,19.37
2026-09-02 01:34:55,lht65-02,52.25,5.97326,2.994,13.39,99.4,19.31
2026-09-02 01:44:55,lht65-02,52.25,5.97326,2.994,13.34,99.4,19.25
2026-09-02 01:54:55,lht65-02,52.25,5.97326,2.994,13.31,99.4,19.25
2026-09-02 02:04:55,lht65-02,52.25,5.97326,2.994,13.29,99.5,19.18
2026-09-02 02:14:55,lht65-02,52.25,5.97326,2.994,13.32,99.6,19.12
2026-09-02 02:24:55,lht65-02,52.25,5.97326,2.994,13.39,99.8,19.12
2026-09-02 02:34:55,lht65-02,52.25,5.97326,2.994,13.5,100.0,19.06
2026-09-02 02:44:55,lht65-02,52.25,5.97326,2.991,13.59,100.0,19.0
2026-09-02 02:54:55,lht65-02,52.25,5.97326,2.992,13.68,100.0,19.0
2026-09-02 03:04:55,lht65-02,52.25,5.97326,2.994,13.75,100.0,18.93
2026-09-02 03:14:55,lht65-02,52.25,5.97326,2.998,13.85,100.0,18.93
2026-09-02 03:24:55,lht65-02,52.25,5.97326,3.0,13.92,100.0,18.93
2026-09-02 03:34:55,lht65-02,52.25,5.97326,2.996,13.98,100.0,18.87
2026-09-02 03:44:55,lht65-02,52.25,5.97326,2.996,13.91,100.0,18.87
2026-09-02 03:54:55,lht65-02,52.25,5.97326,2.996,13.85,100.0,18.81
2026-09-02 04:04:55,lht65-02,52.25,5.97326,2.996,13.85,100.0,18.81
2026-09-02 04:14:55,lht65-02,52.25,5.97326,2.994,13.95,100.0,18.75
2026-09-02 04:24:55,lht65-02,52.25,5.97326,2.994,14.06,100.0,18.75
2026-09-02 04:34:55,lht65-02,52.25,5.97326,2.959,14.17,100.0,18.68
2026-09-02 04:44:55,lht65-02,52.25,5.97326,2.966,14.26,100.0,18.68
2026-09-02 04:54:55,lht65-02,52.25,5.97326,2.968,14.3,100.0,18.68
2026-09-02 05:04:55,lht65-02,52.25,5.97326,2.976,14.31,100.0,18.68
2026-09-02 05:14:55,lht65-02,52.25,5.97326,2.976,14.31,100.0,18.62
2026-09-02 05:24:55,lht65-02,52.25,5.97326,2.976,14.34,100.0,18.62
2026-09-02 05:34:55,lht65-02,52.25,5.97326,2.973,14.43,100.0,18.56
2026-09-02 05:44:55,lht65-02,52.25,5.97326,2.976,14.52,100.0,18.56
2026-09-02 05:54:55,lht65-02,52.25,5.97326,2.976,14.75,100.0,18.56
2026-09-02 06:04:55,lht65-02,52.25,5.97326,2.98,15.1,100.0,18.56
2026-09-02 06:14:55,lht65-02,52.25,5.97326,2.978,15.58,100.0,18.56
2026-09-02 06:24:55,lht65-02,52.25,5.97326,2.98,16.19,100.0,18.5
2026-09-02 06:34:55,lht65-02,52.25,5.97326,2.98,16.73,100.0,18.5
2026-09-02 06:44:55,lht65-02,52.25,5.97326,2.983,17.21,100.0,18.5
2026-09-02 06:54:55,lht65-02,52.25,5.97326,2.98,17.76,100.0,18.56
2026-09-02 07:04:55,lht65-02,52.25,5.97326,2.989,18.47,99.9,18.56
2026-09-02 07:14:55,lht65-02,52.25,5.97326,2.987,19.43,97.2,18.62
2026-09-02 07:24:55,lht65-02,52.25,5.97326,2.98,20.2,94.6,18.62
2026-09-02 07:34:55,lht65-02,52.25,5.97326,2.98,21.21,93.1,18.68
2026-09-02 07:44:55,lht65-02,52.25,5.97326,2.975,21.96,90.3,18.75
2026-09-02 07:54:55,lht65-02,52.25,5.97326,2.976,22.59,87.1,18.75
2026-09-02 08:04:55,lht65-02,52.25,5.97326,2.982,23.41,86.3,18.87
2026-09-02 08:14:55,lht65-02,52.25,5.97326,2.966,24.34,85.9,18.93
2026-09-02 08:24:55,lht65-02,52.25,5.97326,2.973,25.14,83.3,19.0
2026-09-02 08:34:55,lht65-02,52.25,5.97326,2.968,26.18,82.9,19.06
2026-09-02 08:44:55,lht65-02,52.25,5.97326,2.959,27.41,81.5,19.18
2026-09-02 08:54:55,lht65-02,52.25,5.97326,2.941,28.62,73.6,19.31
2026-09-02 09:04:55,lht65-02,52.25,5.97326,2.968,29.34,68.0,19.37
2026-09-02 09:14:55,lht65-02,52.25,5.97326,2.982,29.56,65.8,19.5
2026-09-02 09:24:55,lht65-02,52.25,5.97326,2.959,29.93,66.2,19.62
2026-09-02 09:34:55,lht65-02,52.25,5.97326,2.983,29.63,61.1,19.75
2026-09-02 09:44:55,lht65-02,52.25,5.97326,2.983,28.71,60.3,19.87
2026-09-02 09:54:55,lht65-02,52.25,5.97326,2.98,27.32,60.0,20.06
2026-09-02 10:04:55,lht65-02,52.25,5.97326,2.991,26.55,65.3,20.18
2026-09-02 10:14:55,lht65-02,52.25,5.97326,2.994,27.05,70.4,20.31
2026-09-02 10:24:55,lht65-02,52.25,5.97326,2.992,27.92,69.0,20.37
2026-09-02 10:34:55,lht65-02,52.25,5.97326,2.992,28.33,66.5,20.5
2026-09-02 10:44:55,lht65-02,52.25,5.97326,2.992,28.54,68.0,20.56
2026-09-02 10:54:55,lht65-02,52.25,5.97326,2.991,29.0,66.3,20.68
2026-09-02 11:04:55,lht65-02,52.25,5.97326,2.991,28.77,63.7,20.75
2026-09-02 11:14:55,lht65-02,52.25,5.97326,2.996,28.22,64.5,20.87
2026-09-02 11:24:55,lht65-02,52.25,5.97326,2.994,28.08,67.4,21.0
2026-09-02 11:34:55,lht65-02,52.25,5.97326,2.996,28.08,66.5,21.06
2026-09-02 11:44:55,lht65-02,52.25,5.97326,2.994,28.12,67.2,21.12
2026-09-02 11:54:55,lht65-02,52.25,5.97326,2.996,28.08,64.7,21.25
2026-09-02 12:04:54,lht65-02,52.25,5.97326,2.996,28.37,65.7,21.31
2026-09-02 12:14:54,lht65-02,52.25,5.97326,2.994,29.0,64.2,21.37
2026-09-02 12:24:54,lht65-02,52.25,5.97326,2.994,29.07,63.0,21.43
2026-09-02 12:34:54,lht65-02,52.25,5.97326,2.992,27.8,61.7,21.5
2026-09-02 12:44:54,lht65-02,52.25,5.97326,2.969,26.18,64.0,21.56
2026-09-02 12:54:54,lht65-02,52.25,5.97326,2.924,24.61,68.9,21.68
2026-09-02 13:04:54,lht65-02,52.25,5.97326,2.828,23.32,75.5,21.62
2026-09-02 13:14:54,lht65-02,52.25,5.97326,2.934,22.5,79.2,21.68
2026-09-02 13:24:54,lht65-02,52.25,5.97326,2.945,22.03,82.5,21.68
2026-09-02 13:34:54,lht65-02,52.25,5.97326,2.959,21.69,83.7,21.68
2026-09-02 13:44:54,lht65-02,52.25,5.97326,2.971,21.59,84.8,21.62
2026-09-02 13:54:54,lht65-02,52.25,5.97326,2.971,21.68,85.4,21.56
2026-09-02 14:04:54,lht65-02,52.25,5.97326,2.968,22.45,86.6,21.56
2026-09-02 14:14:54,lht65-02,52.25,5.97326,2.973,23.62,85.5,21.56
2026-09-02 14:24:54,lht65-02,52.25,5.97326,2.983,24.49,83.4,21.5
2026-09-02 14:34:54,lht65-02,52.25,5.97326,2.976,25.17,82.0,21.5
2026-09-02 14:44:54,lht65-02,52.25,5.97326,2.976,25.59,80.8,21.56
2026-09-02 14:54:54,lht65-02,52.25,5.97326,2.976,25.68,79.5,21.56
2026-09-02 15:04:54,lht65-02,52.25,5.97326,2.983,25.48,77.5,21.56
2026-09-02 15:14:54,lht65-02,52.25,5.97326,2.98,25.32,79.2,21.56
2026-09-02 15:24:54,lht65-02,52.25,5.97326,2.98,24.82,78.4,21.56
2026-09-02 15:34:54,lht65-02,52.25,5.97326,2.976,24.56,79.5,21.62
2026-09-02 15:44:54,lht65-02,52.25,5.97326,2.976,24.67,81.2,21.62
2026-09-02 15:54:54,lht65-02,52.25,5.97326,2.975,24.76,80.5,21.62
2026-09-02 16:04:54,lht65-02,52.25,5.97326,2.98,24.54,81.9,21.62
2026-09-02 16:14:54,lht65-02,52.25,5.97326,2.983,24.17,83.2,21.62
2026-09-02 16:24:54,lht65-02,52.25,5.97326,2.983,23.78,84.5,21.62
2026-09-02 16:34:54,lht65-02,52.25,5.97326,2.987,23.43,85.2,21.62
2026-09-02 16:44:54,lht65-02,52.25,5.97326,2.987,23.04,86.1,21.62
2026-09-02 16:54:54,lht65-02,52.25,5.97326,2.987,22.8,86.9,21.62
2026-09-02 17:04:54,lht65-02,52.25,5.97326,2.989,22.59,87.4,21.62
2026-09-02 17:14:54,lht65-02,52.25,5.97326,2.987,22.36,87.3,21.62
2026-09-02 17:24:54,lht65-02,52.25,5.97326,2.982,22.03,87.1,21.56
2026-09-02 17:34:54,lht65-02,52.25,5.97326,2.982,21.68,87.4,21.56
2026-09-02 17:44:54,lht65-02,52.25,5.97326,2.976,21.37,87.9,21.56
2026-09-02 17:54:54,lht65-02,52.25,5.97326,2.98,21.07,88.3,21.5
2026-09-02 18:04:54,lht65-02,52.25,5.97326,2.983,20.77,88.8,21.5
2026-09-02 18:14:54,lht65-02,52.25,5.97326,2.987,20.5,89.1,21.43
2026-09-02 18:24:54,lht65-02,52.25,5.97326,2.987,20.2,89.3,21.43
2026-09-02 18:34:54,lht65-02,52.25,5.97326,2.983,19.86,89.5,21.37
2026-09-02 18:44:54,lht65-02,52.25,5.97326,2.982,19.68,89.9,21.37
2026-09-02 18:54:54,lht65-02,52.25,5.97326,2.976,19.4,90.1,21.31
2026-09-02 19:04:54,lht65-02,52.25,5.97326,2.976,19.15,90.4,21.25
2026-09-02 19:14:54,lht65-02,52.25,5.97326,2.983,18.96,91.2,21.18
2026-09-02 19:24:54,lht65-02,52.25,5.97326,2.985,18.85,91.8,21.12
2026-09-02 19:34:54,lht65-02,52.25,5.97326,2.987,18.73,92.5,21.12
2026-09-02 19:44:54,lht65-02,52.25,5.97326,2.991,18.65,93.2,21.06
2026-09-02 19:54:54,lht65-02,52.25,5.97326,2.985,18.58,93.8,21.0
2026-09-02 20:04:54,lht65-02,52.25,5.97326,2.985,18.54,94.3,20.93
2026-09-02 20:14:54,lht65-02,52.25,5.97326,2.969,18.46,94.7,20.93
2026-09-02 20:24:54,lht65-02,52.25,5.97326,2.98,18.41,94.8,20.87
2026-09-02 20:34:54,lht65-02,52.25,5.97326,2.991,18.29,94.8,20.87
2026-09-02 20:44:54,lht65-02,52.25,5.97326,2.98,18.18,94.7,20.81
2026-09-02 20:54:54,lht65-02,52.25,5.97326,2.987,18.1,94.9,20.75
2026-09-02 21:04:54,lht65-02,52.25,5.97326,2.987,18.0,95.1,20.75
2026-09-02 21:14:54,lht65-02,52.25,5.97326,2.987,18.0,95.5,20.68
2026-09-02 21:24:54,lht65-02,52.25,5.97326,2.985,17.95,95.9,20.62
2026-09-02 21:34:54,lht65-02,52.25,5.97326,2.987,17.88,96.3,20.62
2026-09-02 21:44:54,lht65-02,52.25,5.97326,2.989,17.84,96.6,20.56
2026-09-02 21:54:53,lht65-02,52.25,5.97326,2.983,17.8,97.0,20.5
2026-09-02 22:04:53,lht65-02,52.25,5.97326,2.983,17.76,97.4,20.5
2026-09-02 22:14:53,lht65-02,52.25,5.97326,2.982,17.74,97.7,20.43
2026-09-02 22:24:53,lht65-02,52.25,5.97326,2.983,17.72,98.1,20.43
2026-09-02 22:34:53,lht65-02,52.25,5.97326,2.987,17.71,98.4,20.37
2026-09-02 22:44:53,lht65-02,52.25,5.97326,2.983,17.65,98.7,20.37
2026-09-02 22:54:53,lht65-02,52.25,5.97326,2.983,17.54,98.6,20.31
2026-09-02 23:04:53,lht65-02,52.25,5.97326,2.976,17.43,98.3,20.31
2026-09-02 23:14:53,lht65-02,52.25,5.97326,2.98,17.38,98.3,20.25
2026-09-02 23:24:53,lht65-02,52.25,5.97326,2.987,17.38,98.5,20.25
2026-09-02 23:34:53,lht65-02,52.25,5.97326,2.983,17.38,98.8,20.18
2026-09-02 23:44:53,lht65-02,52.25,5.97326,2.987,17.28,98.8,20.12
2026-09-02 23:54:53,lht65-02,52.25,5.97326,2.985,17.18,98.5,20.12
2026-09-03 00:04:53,lht65-02,52.25,5.97326,2.985,17.09,98.5,20.12
2026-09-03 00:14:53,lht65-02,52.25,5.97326,2.983,17.09,98.7,20.06
2026-09-03 00:24:53,lht65-02,52.25,5.97326,2.982,17.13,99.0,20.06
2026-09-03 00:34:53,lht65-02,52.25,5.97326,2.987,17.18,99.5,20.0
2026-09-03 00:44:53,lht65-02,52.25,5.97326,2.987,17.2,100.0,20.0
2026-09-03 00:54:53,lht65-02,52.25,5.97326,2.987,17.21,100.0,19.93
2026-09-03 01:04:53,lht65-02,52.25,5.97326,2.987,17.24,100.0,19.93
2026-09-03 01:14:53,lht65-02,52.25,5.97326,2.991,17.31,100.0,19.87
2026-09-03 01:24:53,lht65-02,52.25,5.97326,2.987,17.38,100.0,19.87
2026-09-03 01:34:53,lht65-02,52.25,5.97326,2.987,17.43,100.0,19.87
2026-09-03 01:44:53,lht65-02,52.25,5.97326,2.987,17.46,100.0,19.81
2026-09-03 01:54:53,lht65-02,52.25,5.97326,2.987,17.41,100.0,19.81
2026-09-03 02:04:53,lht65-02,52.25,5.97326,2.985,17.38,100.0,19.81
2026-09-03 02:14:53,lht65-02,52.25,5.97326,2.987,17.31,100.0,19.75
2026-09-03 02:24:53,lht65-02,52.25,5.97326,2.987,17.16,100.0,19.75
2026-09-03 02:34:53,lht65-02,52.25,5.97326,2.987,16.97,100.0,19.75
2026-09-03 02:44:53,lht65-02,52.25,5.97326,2.983,16.84,100.0,19.68
2026-09-03 02:54:53,lht65-02,52.25,5.97326,2.971,16.84,100.0,19.68
2026-09-03 03:04:53,lht65-02,52.25,5.97326,2.98,16.78,100.0,19.68
2026-09-03 03:14:53,lht65-02,52.25,5.97326,2.98,16.72,100.0,19.62
2026-09-03 03:24:53,lht65-02,52.25,5.97326,2.983,16.7,100.0,19.62
2026-09-03 03:34:53,lht65-02,52.25,5.97326,2.983,16.76,100.0,19.56
2026-09-03 03:44:53,lht65-02,52.25,5.97326,2.985,16.83,100.0,19.56
2026-09-03 03:54:53,lht65-02,52.25,5.97326,2.983,16.94,100.0,19.56
2026-09-03 04:04:53,lht65-02,52.25,5.97326,2.983,17.09,100.0,19.5
2026-09-03 04:14:53,lht65-02,52.25,5.97326,2.983,17.21,100.0,19.5
2026-09-03 04:24:53,lht65-02,52.25,5.97326,2.983,17.37,100.0,19.5
2026-09-03 04:34:53,lht65-02,52.25,5.97326,2.983,17.46,100.0,19.5
2026-09-03 04:44:53,lht65-02,52.25,5.97326,2.983,17.53,100.0,19.43
2026-09-03 04:54:53,lht65-02,52.25,5.97326,2.982,17.64,100.0,19.43
2026-09-03 05:04:53,lht65-02,52.25,5.97326,2.98,17.71,100.0,19.43
2026-09-03 05:14:53,lht65-02,52.25,5.97326,2.983,17.82,100.0,19.43
2026-09-03 05:24:53,lht65-02,52.25,5.97326,2.982,17.89,100.0,19.37
2026-09-03 05:34:53,lht65-02,52.25,5.97326,2.983,17.96,100.0,19.43
2026-09-03 05:44:53,lht65-02,52.25,5.97326,2.983,18.0,100.0,19.37
2026-09-03 05:54:53,lht65-02,52.25,5.97326,2.983,18.06,100.0,19.37
2026-09-03 06:04:53,lht65-02,52.25,5.97326,2.983,18.19,100.0,19.43
2026-09-03 06:14:53,lht65-02,52.25,5.97326,2.987,18.3,100.0,19.37
2026-09-03 06:24:53,lht65-02,52.25,5.97326,2.983,18.39,100.0,19.37
2026-09-03 06:34:53,lht65-02,52.25,5.97326,2.983,18.45,100.0,19.37
2026-09-03 06:44:53,lht65-02,52.25,5.97326,2.983,18.68,100.0,19.37
2026-09-03 06:54:53,lht65-02,52.25,5.97326,2.983,19.03,100.0,19.43
2026-09-03 07:04:53,lht65-02,52.25,5.97326,2.983,19.54,100.0,19.43
2026-09-03 07:14:53,lht65-02,52.25,5.97326,2.985,19.93,100.0,19.43
2026-09-03 07:24:53,lht65-02,52.25,5.97326,2.983,20.26,100.0,19.43
2026-09-03 07:34:53,lht65-02,52.25,5.97326,2.985,20.44,100.0,19.5
2026-09-03 07:44:53,lht65-02,52.25,5.97326,2.983,20.75,100.0,19.5
2026-09-03 07:54:53,lht65-02,52.25,5.97326,2.983,21.08,100.0,19.5
2026-09-03 08:04:53,lht65-02,52.25,5.97326,2.983,21.34,100.0,19.56
2026-09-03 08:14:53,lht65-02,52.25,5.97326,2.985,21.45,100.0,19.56
2026-09-03 08:24:52,lht65-02,52.25,5.97326,2.983,21.6,99.6,19.62
2026-09-03 08:34:52,lht65-02,52.25,5.97326,2.983,21.76,99.4,19.68
2026-09-03 08:44:52,lht65-02,52.25,5.97326,2.983,22.13,99.3,19.68
2026-09-03 08:54:52,lht65-02,52.25,5.97326,2.983,22.44,98.9,19.75
2026-09-03 09:04:52,lht65-02,52.25,5.97326,2.987,22.59,97.4,19.81
2026-09-03 09:14:52,lht65-02,52.25,5.97326,2.987,22.63,97.3,19.81
2026-09-03 09:24:52,lht65-02,52.25,5.97326,2.987,22.84,97.1,19.87
2026-09-03 09:34:52,lht65-02,52.25,5.97326,2.982,23.6,98.4,19.93
2026-09-03 09:44:52,lht65-02,52.25,5.97326,2.969,24.9,99.0,19.93
2026-09-03 09:54:52,lht65-02,52.25,5.97326,2.959,26.09,96.5,20.0
2026-09-03 10:04:52,lht65-02,52.25,5.97326,2.971,27.28,94.1,20.06
2026-09-03 10:14:52,lht65-02,52.25,5.97326,2.976,28.08,90.1,20.18
2026-09-03 10:24:52,lht65-02,52.25,5.97326,2.973,28.48,80.6,20.25
2026-09-03 10:34:52,lht65-02,52.25,5.97326,2.983,27.94,74.5,20.37
2026-09-03 10:44:52,lht65-02,52.25,5.97326,2.987,26.76,74.8,20.43
2026-09-03 10:54:52,lht65-02,52.25,5.97326,2.983,26.73,77.4,20.56
2026-09-03 11:04:52,lht65-02,52.25,5.97326,2.987,27.63,77.5,20.62
2026-09-03 11:14:52,lht65-02,52.25,5.97326,2.987,28.06,71.7,20.68
2026-09-03 11:24:52,lht65-02,52.25,5.97326,2.98,28.08,73.5,20.81
2026-09-03 11:34:52,lht65-02,52.25,5.97326,2.985,28.13,72.7,20.87
2026-09-03 11:44:52,lht65-02,52.25,5.97326,2.969,29.24,73.0,21.0
2026-09-03 11:54:52,lht65-02,52.25,5.97326,2.983,29.44,66.9,21.06
2026-09-03 12:04:52,lht65-02,52.25,5.97326,2.983,29.29,68.2,21.12
2026-09-03 12:14:52,lht65-02,52.25,5.97326,2.985,28.66,66.9,21.31
2026-09-03 12:24:52,lht65-02,52.25,5.97326,2.987,28.97,68.7,21.37
2026-09-03 12:34:52,lht65-02,52.25,5.97326,2.976,30.04,68.5,21.43
2026-09-03 12:44:52,lht65-02,52.25,5.97326,2.987,29.77,63.0,21.5
2026-09-03 12:54:52,lht65-02,52.25,5.97326,2.987,29.63,67.1,21.62
2026-09-03 13:04:52,lht65-02,52.25,5.97326,2.987,29.77,66.1,21.68
2026-09-03 13:14:52,lht65-02,52.25,5.97326,2.982,30.45,68.1,21.75
2026-09-03 13:24:52,lht65-02,52.25,5.97326,2.945,30.72,59.8,21.87
2026-09-03 13:34:52,lht65-02,52.25,5.97326,2.973,30.02,61.9,22.0
2026-09-03 13:44:52,lht65-02,52.25,5.97326,2.994,30.56,61.6,22.06
2026-09-03 13:54:52,lht65-02,52.25,5.97326,2.998,30.35,59.4,22.12
2026-09-03 14:04:52,lht65-02,52.25,5.97326,2.996,29.7,60.0,22.25
2026-09-03 14:14:52,lht65-02,52.25,5.97326,2.996,29.19,61.6,22.31
2026-09-03 14:24:52,lht65-02,52.25,5.97326,2.998,29.78,64.6,22.37
2026-09-03 14:34:52,lht65-02,52.25,5.97326,2.998,29.22,63.6,22.43
2026-09-03 14:44:52,lht65-02,52.25,5.97326,2.996,29.78,63.8,22.5
2026-09-03 14:54:52,lht65-02,52.25,5.97326,3.0,30.05,62.5,22.56
2026-09-03 15:04:52,lht65-02,52.25,5.97326,2.998,29.23,60.4,22.56
2026-09-03 15:14:52,lht65-02,52.25,5.97326,2.998,28.15,63.1,22.62
2026-09-03 15:24:52,lht65-02,52.25,5.97326,2.994,27.51,65.6,22.68
2026-09-03 15:34:52,lht65-02,52.25,5.97326,2.994,27.16,68.2,22.68
2026-09-03 15:44:52,lht65-02,52.25,5.97326,2.998,27.17,70.3,22.68
2026-09-03 15:54:52,lht65-02,52.25,5.97326,3.0,27.88,68.7,22.68
2026-09-03 16:04:52,lht65-02,52.25,5.97326,3.0,28.08,67.4,22.75
2026-09-03 16:14:52,lht65-02,52.25,5.97326,2.998,27.93,67.5,22.75
2026-09-03 16:24:52,lht65-02,52.25,5.97326,3.0,27.45,66.3,22.75
2026-09-03 16:34:52,lht65-02,52.25,5.97326,2.996,26.83,68.3,22.75
2026-09-03 16:44:52,lht65-02,52.25,5.97326,2.991,26.44,68.6,22.75
2026-09-03 16:54:52,lht65-02,52.25,5.97326,2.983,25.95,69.9,22.75
2026-09-03 17:04:52,lht65-02,52.25,5.97326,2.966,24.99,70.7,22.75
2026-09-03 17:14:52,lht65-02,52.25,5.97326,2.843,24.12,74.8,22.68
2026-09-03 17:24:52,lht65-02,52.25,5.97326,2.824,23.46,78.8,22.68
2026-09-03 17:34:52,lht65-02,52.25,5.97326,2.885,22.98,81.9,22.62
2026-09-03 17:44:51,lht65-02,52.25,5.97326,2.929,22.61,84.0,22.62
2026-09-03 17:54:51,lht65-02,52.25,5.97326,2.962,22.43,85.5,22.56
2026-09-03 18:04:51,lht65-02,52.25,5.97326,2.952,22.16,86.1,22.5
2026-09-03 18:14:51,lht65-02,52.25,5.97326,2.928,21.76,86.3,22.43
2026-09-03 18:24:51,lht65-02,52.25,5.97326,2.948,21.4,87.3,22.43
2026-09-03 18:34:51,lht65-02,52.25,5.97326,2.902,20.94,85.4,22.31
2026-09-03 18:44:51,lht65-02,52.25,5.97326,2.978,20.46,85.2,22.31
2026-09-03 18:54:51,lht65-02,52.25,5.97326,2.991,20.14,85.8,22.25
2026-09-03 19:04:51,lht65-02,52.25,5.97326,2.98,19.86,86.3,22.12
2026-09-03 19:14:51,lht65-02,52.25,5.97326,2.992,19.58,86.7,22.12
2026-09-03 19:24:51,lht65-02,52.25,5.97326,2.987,19.29,86.8,22.06
2026-09-03 19:34:51,lht65-02,52.25,5.97326,2.987,19.13,87.7,22.0
2026-09-03 19:44:51,lht65-02,52.25,5.97326,2.989,18.95,88.3,21.93
2026-09-03 19:54:51,lht65-02,52.25,5.97326,2.987,18.85,89.2,21.81
2026-09-03 20:04:51,lht65-02,52.25,5.97326,2.983,18.78,90.1,21.75
2026-09-03 20:14:51,lht65-02,52.25,5.97326,2.987,18.71,90.6,21.68
2026-09-03 20:24:51,lht65-02,52.25,5.97326,2.991,18.61,90.7,21.62
2026-09-03 20:34:51,lht65-02,52.25,5.97326,2.987,18.49,90.9,21.56
2026-09-03 20:44:51,lht65-02,52.25,5.97326,2.987,18.47,91.9,21.5
2026-09-03 20:54:51,lht65-02,52.25,5.97326,2.991,18.55,92.9,21.5
2026-09-03 21:04:51,lht65-02,52.25,5.97326,2.991,18.66,94.1,21.43
2026-09-03 21:14:51,lht65-02,52.25,5.97326,2.991,18.75,94.4,21.31
2026-09-03 21:24:51,lht65-02,52.25,5.97326,2.989,18.81,94.0,21.31
2026-09-03 21:34:51,lht65-02,52.25,5.97326,2.991,18.87,94.1,21.25
2026-09-03 21:44:51,lht65-02,52.25,5.97326,2.991,18.86,93.9,21.25
2026-09-03 21:54:51,lht65-02,52.25,5.97326,2.992,18.87,93.9,21.18
2026-09-03 22:04:51,lht65-02,52.25,5.97326,2.989,18.88,94.0,21.12
2026-09-03 22:14:51,lht65-02,52.25,5.97326,2.991,18.88,93.8,21.06
2026-09-03 22:24:51,lht65-02,52.25,5.97326,2.992,18.89,94.1,21.0
2026-09-03 22:34:51,lht65-02,52.25,5.97326,2.991,18.92,94.4,21.0
2026-09-03 22:44:51,lht65-02,52.25,5.97326,2.991,18.95,94.6,21.0
2026-09-03 22:54:51,lht65-02,52.25,5.97326,2.994,18.92,94.0,20.93
2026-09-03 23:04:51,lht65-02,52.25,5.97326,2.994,18.91,94.0,20.87
2026-09-03 23:14:51,lht65-02,52.25,5.97326,2.992,18.92,94.4,20.87
2026-09-03 23:24:51,lht65-02,52.25,5.97326,2.989,19.03,95.0,20.81
2026-09-03 23:34:51,lht65-02,52.25,5.97326,2.989,19.15,94.8,20.81
2026-09-03 23:44:51,lht65-02,52.25,5.97326,2.991,19.28,94.4,20.81
2026-09-03 23:54:51,lht65-02,52.25,5.97326,2.991,19.38,94.0,20.75
2026-09-04 00:04:51,lht65-02,52.25,5.97326,2.992,19.46,93.6,20.75
2026-09-04 00:14:51,lht65-02,52.25,5.97326,2.994,19.48,93.3,20.68
2026-09-04 00:24:51,lht65-02,52.25,5.97326,2.994,19.48,93.3,20.68
2026-09-04 00:34:51,lht65-02,52.25,5.97326,2.994,19.51,93.5,20.68
2026-09-04 00:44:51,lht65-02,52.25,5.97326,2.994,19.59,93.7,20.62
2026-09-04 00:54:51,lht65-02,52.25,5.97326,2.991,19.65,93.6,20.62
2026-09-04 01:04:51,lht65-02,52.25,5.97326,2.991,19.75,93.3,20.62
2026-09-04 01:14:51,lht65-02,52.25,5.97326,2.991,19.84,92.9,20.56
2026-09-04 01:24:51,lht65-02,52.25,5.97326,2.991,19.84,93.0,20.56
2026-09-04 01:34:51,lht65-02,52.25,5.97326,2.987,19.84,93.1,20.56
2026-09-04 01:44:51,lht65-02,52.25,5.97326,2.991,19.72,92.9,20.56
2026-09-04 01:54:51,lht65-02,52.25,5.97326,2.991,19.62,93.1,20.5
2026-09-04 02:04:51,lht65-02,52.25,5.97326,2.994,19.58,93.6,20.5
2026-09-04 02:14:51,lht65-02,52.25,5.97326,2.992,19.57,93.9,20.5
2026-09-04 02:24:51,lht65-02,52.25,5.97326,2.991,19.55,94.3,20.5
2026-09-04 02:34:51,lht65-02,52.25,5.97326,2.994,19.53,94.0,20.43
2026-09-04 02:44:51,lht65-02,52.25,5.97326,2.992,19.52,93.8,20.43
2026-09-04 02:54:51,lht65-02,52.25,5.97326,2.992,19.53,93.2,20.43
2026-09-04 03:04:51,lht65-02,52.25,5.97326,2.994,19.54,92.8,20.43
2026-09-04 03:14:51,lht65-02,52.25,5.97326,2.994,19.53,92.7,20.37
2026-09-04 03:24:51,lht65-02,52.25,5.97326,2.994,19.54,92.3,20.37
2026-09-04 03:34:51,lht65-02,52.25,5.97326,2.996,19.57,92.3,20.37
2026-09-04 03:44:51,lht65-02,52.25,5.97326,2.994,19.57,92.3,20.37
2026-09-04 03:54:51,lht65-02,52.25,5.97326,2.994,19.57,92.3,20.37
2026-09-04 04:04:50,lht65-02,52.25,5.97326,2.991,19.59,92.0,20.31
2026-09-04 04:14:50,lht65-02,52.25,5.97326,2.991,19.63,91.5,20.31
2026-09-04 04:24:50,lht65-02,52.25,5.97326,2.987,19.69,91.2,20.31
2026-09-04 04:34:50,lht65-02,52.25,5.97326,2.991,19.78,90.4,20.25
2026-09-04 04:44:50,lht65-02,52.25,5.97326,2.991,19.84,89.7,20.25
2026-09-04 04:54:50,lht65-02,52.25,5.97326,2.991,19.86,89.4,20.25
2026-09-04 05:04:50,lht65-02,52.25,5.97326,2.989,19.86,91.0,20.25
2026-09-04 05:14:50,lht65-02,52.25,5.97326,2.989,19.86,91.9,20.25
2026-09-04 05:24:50,lht65-02,52.25,5.97326,2.991,19.86,92.5,20.25
2026-09-04 05:34:50,lht65-02,52.25,5.97326,2.991,19.86,93.1,20.18
2026-09-04 05:44:50,lht65-02,52.25,5.97326,2.992,19.86,93.7,20.18
2026-09-04 05:54:50,lht65-02,52.25,5.97326,2.992,19.86,94.0,20.18
2026-09-04 06:04:50,lht65-02,52.25,5.97326,2.989,19.86,94.4,20.18
2026-09-04 06:14:50,lht65-02,52.25,5.97326,2.991,19.86,94.8,20.18
2026-09-04 06:24:50,lht65-02,52.25,5.97326,2.991,20.06,95.2,20.18
2026-09-04 06:34:50,lht65-02,52.25,5.97326,2.991,20.27,95.5,20.18
2026-09-04 06:44:50,lht65-02,52.25,5.97326,2.991,20.64,95.5,20.18
2026-09-04 06:54:50,lht65-02,52.25,5.97326,2.987,21.02,95.5,20.18
2026-09-04 07:04:50,lht65-02,52.25,5.97326,2.991,21.36,95.4,20.25
2026-09-04 07:14:50,lht65-02,52.25,5.97326,2.991,21.68,94.7,20.18
2026-09-04 07:24:50,lht65-02,52.25,5.97326,2.991,21.83,91.8,20.25
2026-09-04 07:34:50,lht65-02,52.25,5.97326,2.994,21.94,91.2,20.25
2026-09-04 07:44:50,lht65-02,52.25,5.97326,2.991,22.24,90.7,20.25
2026-09-04 07:54:50,lht65-02,52.25,5.97326,2.987,22.42,91.1,20.31
2026-09-04 08:04:50,lht65-02,52.25,5.97326,2.991,22.51,91.9,20.31
2026-09-04 08:14:50,lht65-02,52.25,5.97326,2.989,22.49,90.8,20.31
2026-09-04 08:24:50,lht65-02,52.25,5.97326,2.991,22.53,91.2,20.37
2026-09-04 08:34:50,lht65-02,52.25,5.97326,2.991,22.59,91.9,20.37
2026-09-04 08:44:50,lht65-02,52.25,5.97326,2.991,22.7,91.1,20.43
2026-09-04 08:54:50,lht65-02,52.25,5.97326,2.987,22.8,91.4,20.43
2026-09-04 09:04:50,lht65-02,52.25,5.97326,2.987,23.09,92.0,20.43
2026-09-04 09:14:50,lht65-02,52.25,5.97326,2.991,23.37,91.5,20.5
2026-09-04 09:24:50,lht65-02,52.25,5.97326,2.991,23.62,91.7,20.5
2026-09-04 09:34:50,lht65-02,52.25,5.97326,2.987,23.88,91.1,20.56
2026-09-04 09:44:50,lht65-02,52.25,5.97326,2.98,24.12,90.8,20.56
2026-09-04 09:54:50,lht65-02,52.25,5.97326,2.978,24.42,90.6,20.62
2026-09-04 10:04:50,lht65-02,52.25,5.97326,2.976,24.66,89.8,20.68
2026-09-04 10:14:50,lht65-02,52.25,5.97326,2.95,24.89,89.5,20.75
2026-09-04 10:24:50,lht65-02,52.25,5.97326,2.983,24.91,88.2,20.75
2026-09-04 10:34:50,lht65-02,52.25,5.97326,2.985,24.91,87.9,20.87
2026-09-04 10:44:50,lht65-02,52.25,5.97326,2.952,24.79,87.5,20.87
2026-09-04 10:54:50,lht65-02,52.25,5.97326,2.955,24.66,86.9,20.93
2026-09-04 11:04:50,lht65-02,52.25,5.97326,2.955,24.74,87.6,20.93
2026-09-04 11:14:50,lht65-02,52.25,5.97326,2.991,25.16,87.6,21.0
2026-09-04 11:24:50,lht65-02,52.25,5.97326,2.987,25.38,87.6,21.06
2026-09-04 11:34:50,lht65-02,52.25,5.97326,2.994,25.55,86.8,21.12
2026-09-04 11:44:50,lht65-02,52.25,5.97326,2.945,25.41,85.8,21.18
2026-09-04 11:54:50,lht65-02,52.25,5.97326,2.976,25.32,86.2,21.18
2026-09-04 12:04:50,lht65-02,52.25,5.97326,3.005,25.21,85.7,21.25
2026-09-04 12:14:50,lht65-02,52.25,5.97326,2.989,24.83,86.2,21.31
2026-09-04 12:24:50,lht65-02,52.25,5.97326,2.992,24.47,86.3,21.37
2026-09-04 12:34:50,lht65-02,52.25,5.97326,2.854,24.28,84.1,21.37
2026-09-04 12:44:50,lht65-02,52.25,5.97326,2.904,24.11,83.0,21.37
2026-09-04 12:54:50,lht65-02,52.25,5.97326,2.976,23.8,83.2,21.43
2026-09-04 13:04:50,lht65-02,52.25,5.97326,3.007,23.42,83.3,21.43
2026-09-04 13:14:50,lht65-02,52.25,5.97326,2.968,22.93,85.8,21.43
2026-09-04 13:24:50,lht65-02,52.25,5.97326,2.985,22.59,87.5,21.5
2026-09-04 13:34:50,lht65-02,52.25,5.97326,2.996,22.59,88.9,21.5
2026-09-04 13:44:49,lht65-02,52.25,5.97326,2.983,22.94,89.3,21.5
2026-09-04 13:54:49,lht65-02,52.25,5.97326,2.987,23.77,89.1,21.5
2026-09-04 14:04:49,lht65-02,52.25,5.97326,2.992,24.87,88.7,21.5
2026-09-04 14:14:49,lht65-02,52.25,5.97326,2.992,25.63,87.2,21.5
2026-09-04 14:24:49,lht65-02,52.25,5.97326,2.994,26.01,85.5,21.56
2026-09-04 14:34:49,lht65-02,52.25,5.97326,2.992,26.11,85.3,21.62
2026-09-04 14:44:49,lht65-02,52.25,5.97326,2.89,26.22,85.1,21.62
2026-09-04 14:54:49,lht65-02,52.25,5.97326,2.854,26.29,84.3,21.68
2026-09-04 15:04:49,lht65-02,52.25,5.97326,2.998,26.44,85.3,21.75
2026-09-04 15:14:49,lht65-02,52.25,5.97326,2.976,26.53,85.2,21.81
2026-09-04 15:24:49,lht65-02,52.25,5.97326,3.0,26.49,84.6,21.87
2026-09-04 15:34:49,lht65-02,52.25,5.97326,3.0,26.22,84.5,21.87
2026-09-04 15:44:49,lht65-02,52.25,5.97326,2.976,25.89,84.4,21.93
2026-09-04 15:54:49,lht65-02,52.25,5.97326,2.987,25.44,84.5,22.0
2026-09-04 16:04:49,lht65-02,52.25,5.97326,2.987,25.1,85.1,22.0
2026-09-04 16:14:49,lht65-02,52.25,5.97326,2.994,24.66,86.0,22.06
2026-09-04 16:24:49,lht65-02,52.25,5.97326,2.994,24.15,86.3,22.06
2026-09-04 16:34:49,lht65-02,52.25,5.97326,3.001,23.69,86.9,22.06
2026-09-04 16:44:49,lht65-02,52.25,5.97326,3.0,23.21,87.0,22.12
2026-09-04 16:54:49,lht65-02,52.25,5.97326,3.001,22.77,87.2,22.06
2026-09-04 17:04:49,lht65-02,52.25,5.97326,3.001,22.35,87.8,22.06
2026-09-04 17:14:49,lht65-02,52.25,5.97326,3.005,21.88,88.4,22.06
2026-09-04 17:24:49,lht65-02,52.25,5.97326,3.005,21.42,89.0,22.0
2026-09-04 17:34:49,lht65-02,52.25,5.97326,3.005,21.01,89.5,22.0
2026-09-04 17:44:49,lht65-02,52.25,5.97326,3.001,20.65,89.9,21.93
2026-09-04 17:54:49,lht65-02,52.25,5.97326,3.001,20.34,90.2,21.93
2026-09-04 18:04:49,lht65-02,52.25,5.97326,3.003,20.02,90.3,21.87
2026-09-04 18:14:49,lht65-02,52.25,5.97326,3.001,19.84,90.7,21.87
2026-09-04 18:24:49,lht65-02,52.25,5.97326,3.001,19.55,91.1,21.81
2026-09-04 18:34:49,lht65-02,52.25,5.97326,3.001,19.28,91.3,21.75
2026-09-04 18:44:49,lht65-02,52.25,5.97326,3.001,19.01,91.6,21.68
2026-09-04 18:54:49,lht65-02,52.25,5.97326,3.001,18.74,91.8,21.68
2026-09-04 19:04:49,lht65-02,52.25,5.97326,3.001,18.5,92.1,21.56
2026-09-04 19:14:49,lht65-02,52.25,5.97326,3.001,18.27,92.5,21.56
2026-09-04 19:24:49,lht65-02,52.25,5.97326,3.001,18.07,92.8,21.43
2026-09-04 19:34:49,lht65-02,52.25,5.97326,3.001,17.88,92.9,21.43
2026-09-04 19:44:49,lht65-02,52.25,5.97326,3.001,17.72,93.4,21.37
2026-09-04 19:54:49,lht65-02,52.25,5.97326,3.001,17.54,93.6,21.31
2026-09-04 20:04:49,lht65-02,52.25,5.97326,2.996,17.39,93.8,21.25
2026-09-04 20:14:49,lht65-02,52.25,5.97326,2.983,17.23,93.9,21.18
2026-09-04 20:34:49,lht65-02,52.25,5.97326,2.987,16.99,94.4,21.06
2026-09-04 20:44:49,lht65-02,52.25,5.97326,2.985,16.85,94.6,21.0
2026-09-04 20:54:49,lht65-02,52.25,5.97326,2.992,16.67,94.5,20.93
2026-09-04 21:04:49,lht65-02,52.25,5.97326,2.983,16.43,94.0,20.87
2026-09-04 21:14:49,lht65-02,52.25,5.97326,2.98,16.08,93.1,20.87
2026-09-04 21:24:49,lht65-02,52.25,5.97326,2.98,15.7,92.7,20.75
2026-09-04 21:34:49,lht65-02,52.25,5.97326,2.973,15.4,92.5,20.68
2026-09-04 21:44:49,lht65-02,52.25,5.97326,2.968,15.06,92.6,20.68
2026-09-04 21:54:49,lht65-02,52.25,5.97326,2.968,14.77,92.8,20.56
2026-09-04 22:04:49,lht65-02,52.25,5.97326,2.962,14.56,93.2,20.5
2026-09-04 22:14:49,lht65-02,52.25,5.97326,2.921,14.32,93.4,20.43
2026-09-04 22:24:49,lht65-02,52.25,5.97326,2.945,14.3,93.5,20.37
2026-09-04 22:34:49,lht65-02,52.25,5.97326,2.911,14.0,93.6,20.31
2026-09-04 22:44:49,lht65-02,52.25,5.97326,2.976,13.82,93.8,20.25
2026-09-04 22:54:49,lht65-02,52.25,5.97326,2.976,13.65,93.8,20.18
2026-09-04 23:04:49,lht65-02,52.25,5.97326,2.921,13.46,93.8,20.12
2026-09-04 23:14:49,lht65-02,52.25,5.97326,2.991,13.34,94.1,20.06
2026-09-04 23:24:49,lht65-02,52.25,5.97326,2.982,13.21,94.2,20.0
2026-09-04 23:34:49,lht65-02,52.25,5.97326,2.991,13.12,94.6,19.93
2026-09-04 23:44:49,lht65-02,52.25,5.97326,2.987,13.04,94.9,19.87
2026-09-04 23:54:49,lht65-02,52.25,5.97326,2.987,12.99,95.2,19.81
2026-09-05 00:04:48,lht65-02,52.25,5.97326,2.985,12.92,95.3,19.75
2026-09-05 00:14:48,lht65-02,52.25,5.97326,2.987,12.86,95.4,19.68
2026-09-05 00:24:48,lht65-02,52.25,5.97326,2.969,12.8,95.7,19.62
2026-09-05 00:34:48,lht65-02,52.25,5.97326,3.009,12.77,95.9,19.56
2026-09-05 00:44:48,lht65-02,52.25,5.97326,3.009,12.74,96.4,19.5
2026-09-05 00:54:48,lht65-02,52.25,5.97326,3.01,12.71,96.7,19.43
2026-09-05 01:04:48,lht65-02,52.25,5.97326,3.009,12.65,96.9,19.37
2026-09-05 01:14:48,lht65-02,52.25,5.97326,3.009,12.62,97.0,19.37
2026-09-05 01:24:48,lht65-02,52.25,5.97326,3.009,12.53,97.1,19.25
2026-09-05 01:34:48,lht65-02,52.25,5.97326,3.009,12.47,97.1,19.25
2026-09-05 01:44:48,lht65-02,52.25,5.97326,3.005,12.4,97.1,19.18
2026-09-05 01:54:48,lht65-02,52.25,5.97326,3.005,12.34,97.1,19.12
2026-09-05 02:04:48,lht65-02,52.25,5.97326,3.005,12.27,97.1,19.06
2026-09-05 02:14:48,lht65-02,52.25,5.97326,3.005,12.24,97.2,19.0
2026-09-05 02:24:48,lht65-02,52.25,5.97326,2.754,12.21,97.3,18.87
2026-09-05 02:34:48,lht65-02,52.25,5.97326,2.971,12.12,97.4,18.93
2026-09-05 02:44:48,lht65-02,52.25,5.97326,2.976,12.08,97.4,18.87
2026-09-05 02:54:48,lht65-02,52.25,5.97326,2.98,12.05,97.4,18.81
2026-09-05 03:04:48,lht65-02,52.25,5.97326,2.982,11.98,97.5,18.75
2026-09-05 03:14:48,lht65-02,52.25,5.97326,2.983,11.94,97.6,18.75
2026-09-05 03:24:48,lht65-02,52.25,5.97326,2.98,11.94,97.8,18.68
2026-09-05 03:34:48,lht65-02,52.25,5.97326,2.982,11.94,98.2,18.62
2026-09-05 03:44:48,lht65-02,52.25,5.97326,2.98,11.94,98.7,18.56
2026-09-05 03:54:48,lht65-02,52.25,5.97326,2.978,11.94,99.2,18.56
2026-09-05 04:04:48,lht65-02,52.25,5.97326,2.98,11.94,99.7,18.5
2026-09-05 04:14:48,lht65-02,52.25,5.97326,2.976,12.0,100.0,18.43
2026-09-05 04:24:48,lht65-02,52.25,5.97326,2.98,12.08,100.0,18.43
2026-09-05 04:34:48,lht65-02,52.25,5.97326,2.98,12.1,100.0,18.37
2026-09-05 04:44:48,lht65-02,52.25,5.97326,2.983,12.11,100.0,18.31
2026-09-05 04:54:48,lht65-02,52.25,5.97326,2.98,12.11,100.0,18.31
2026-09-05 05:04:48,lht65-02,52.25,5.97326,2.982,12.13,100.0,18.31
2026-09-05 05:14:48,lht65-02,52.25,5.97326,2.98,12.23,100.0,18.25
2026-09-05 05:24:48,lht65-02,52.25,5.97326,2.98,12.37,100.0,18.18
2026-09-05 05:34:48,lht65-02,52.25,5.97326,2.983,12.57,100.0,18.18
2026-09-05 05:44:48,lht65-02,52.25,5.97326,2.983,12.83,100.0,18.18
2026-09-05 05:54:48,lht65-02,52.25,5.97326,2.985,13.16,100.0,18.12
2026-09-05 06:04:48,lht65-02,52.25,5.97326,2.983,13.52,100.0,18.12
2026-09-05 06:14:48,lht65-02,52.25,5.97326,2.985,14.03,100.0,18.12
2026-09-05 06:24:48,lht65-02,52.25,5.97326,2.985,14.45,100.0,18.06
2026-09-05 06:34:48,lht65-02,52.25,5.97326,2.983,15.02,100.0,18.06
2026-09-05 06:44:48,lht65-02,52.25,5.97326,2.987,15.68,100.0,18.06
2026-09-05 06:54:48,lht65-02,52.25,5.97326,2.991,16.4,100.0,18.06
2026-09-05 07:04:48,lht65-02,52.25,5.97326,2.991,17.2,100.0,18.12
2026-09-05 07:14:48,lht65-02,52.25,5.97326,2.987,18.0,100.0,18.12
2026-09-05 07:24:48,lht65-02,52.25,5.97326,2.987,18.75,100.0,18.12
2026-09-05 07:34:48,lht65-02,52.25,5.97326,2.987,19.63,100.0,18.18
2026-09-05 07:44:48,lht65-02,52.25,5.97326,2.994,20.35,97.7,18.25
2026-09-05 07:54:48,lht65-02,52.25,5.97326,2.998,21.35,96.2,18.31
2026-09-05 08:04:48,lht65-02,52.25,5.97326,2.966,22.46,94.2,18.37
2026-09-05 08:14:48,lht65-02,52.25,5.97326,2.98,23.74,92.8,18.43
2026-09-05 08:24:48,lht65-02,52.25,5.97326,2.959,25.16,91.2,18.56
2026-09-05 08:44:48,lht65-02,52.25,5.97326,2.948,27.2,79.2,18.75
2026-09-05 08:54:48,lht65-02,52.25,5.97326,2.996,27.81,81.0,18.87
2026-09-05 09:04:48,lht65-02,52.25,5.97326,2.952,28.54,80.6,19.0
2026-09-05 09:14:48,lht65-02,52.25,5.97326,2.989,28.8,68.7,19.12
2026-09-05 09:24:48,lht65-02,52.25,5.97326,3.005,27.42,64.9,19.25
2026-09-05 09:34:48,lht65-02,52.25,5.97326,2.994,26.49,67.7,19.37
2026-09-05 09:44:48,lht65-02,52.25,5.97326,3.005,26.93,69.8,19.5
2026-09-05 09:54:48,lht65-02,52.25,5.97326,3.003,26.97,68.2,19.62
2026-09-05 10:04:48,lht65-02,52.25,5.97326,2.982,27.26,69.7,19.75
2026-09-05 10:14:48,lht65-02,52.25,5.97326,2.985,27.16,67.2,19.87
2026-09-05 10:24:48,lht65-02,52.25,5.97326,2.98,27.09,69.0,19.93
2026-09-05 10:34:48,lht65-02,52.25,5.97326,2.966,28.57,67.6,20.06
2026-09-05 10:44:48,lht65-02,52.25,5.97326,2.975,29.42,64.0,20.18
2026-09-05 10:54:48,lht65-02,52.25,5.97326,2.98,29.06,60.7,20.25
2026-09-05 11:14:47,lht65-02,52.25,5.97326,2.861,31.04,50.1,20.5
2026-09-05 11:24:47,lht65-02,52.25,5.97326,2.976,28.47,49.0,20.62
2026-09-05 11:34:47,lht65-02,52.25,5.97326,2.98,25.21,55.2,20.75
2026-09-05 11:44:47,lht65-02,52.25,5.97326,2.966,23.91,66.2,20.81
2026-09-05 11:54:47,lht65-02,52.25,5.97326,2.98,23.5,72.8,20.93
2026-09-05 12:04:47,lht65-02,52.25,5.97326,2.991,23.91,79.0,21.0
2026-09-05 12:14:47,lht65-02,52.25,5.97326,2.992,25.04,79.7,21.06
2026-09-05 12:24:47,lht65-02,52.25,5.97326,2.992,25.32,79.6,21.06
2026-09-05 12:34:47,lht65-02,52.25,5.97326,2.992,25.66,80.1,21.12
2026-09-05 12:44:47,lht65-02,52.25,5.97326,2.991,26.22,81.2,21.12
2026-09-05 12:54:47,lht65-02,52.25,5.97326,2.987,27.75,82.0,21.18
2026-09-05 13:14:47,lht65-02,52.25,5.97326,2.987,29.46,65.3,21.37
2026-09-05 13:24:47,lht65-02,52.25,5.97326,2.985,29.57,62.6,21.43
2026-09-05 13:34:47,lht65-02,52.25,5.97326,2.991,29.34,61.5,21.56
2026-09-05 13:44:47,lht65-02,52.25,5.97326,2.994,28.37,61.1,21.68
2026-09-05 13:54:47,lht65-02,52.25,5.97326,2.994,27.3,61.9,21.75
2026-09-05 14:04:47,lht65-02,52.25,5.97326,2.996,26.56,65.4,21.87
2026-09-05 14:14:47,lht65-02,52.25,5.97326,2.996,27.28,66.7,21.93
2026-09-05 14:24:47,lht65-02,52.25,5.97326,2.996,28.87,65.9,21.93
2026-09-05 14:34:47,lht65-02,52.25,5.97326,2.996,28.83,63.1,22.06
2026-09-05 14:44:47,lht65-02,52.25,5.97326,2.996,27.42,60.1,22.12
2026-09-05 15:04:47,lht65-02,52.25,5.97326,2.991,25.1,67.6,22.25
2026-09-05 15:14:47,lht65-02,52.25,5.97326,2.991,24.51,73.3,22.25
2026-09-05 15:24:47,lht65-02,52.25,5.97326,2.992,24.94,75.7,22.25
2026-09-05 15:34:47,lht65-02,52.25,5.97326,2.994,25.32,79.1,22.25
2026-09-05 15:44:47,lht65-02,52.25,5.97326,2.994,26.35,80.5,22.31
2026-09-05 15:54:47,lht65-02,52.25,5.97326,2.994,26.76,78.0,22.31
2026-09-05 16:04:47,lht65-02,52.25,5.97326,2.994,26.3,77.4,22.31
2026-09-05 16:14:47,lht65-02,52.25,5.97326,2.994,25.57,77.1,22.31
2026-09-05 16:34:47,lht65-02,52.25,5.97326,2.996,24.63,79.6,22.31
2026-09-05 16:44:47,lht65-02,52.25,5.97326,2.983,23.96,79.1,22.31
2026-09-05 16:54:47,lht65-02,52.25,5.97326,2.973,23.53,78.6,22.31
2026-09-05 17:04:47,lht65-02,52.25,5.97326,2.976,23.48,80.0,22.31
2026-09-05 17:14:47,lht65-02,52.25,5.97326,2.975,23.35,80.4,22.31
2026-09-05 17:24:47,lht65-02,52.25,5.97326,2.938,23.03,81.4,22.25
2026-09-05 17:34:47,lht65-02,52.25,5.97326,2.721,22.59,83.1,22.18
2026-09-05 17:44:47,lht65-02,52.25,5.97326,2.797,22.04,84.1,22.18
2026-09-05 17:54:47,lht65-02,52.25,5.97326,2.844,21.5,84.4,22.18
2026-09-05 18:04:47,lht65-02,52.25,5.97326,2.794,20.94,84.6,20.93
2026-09-05 18:14:47,lht65-02,52.25,5.97326,2.969,20.22,83.9,22.12
2026-09-05 18:24:47,lht65-02,52.25,5.97326,2.827,19.45,84.3,22.06
2026-09-05 18:34:47,lht65-02,52.25,5.97326,2.73,18.76,85.7,21.93
2026-09-05 18:44:47,lht65-02,52.25,5.97326,2.687,18.18,86.3,21.87
2026-09-05 18:54:47,lht65-02,52.25,5.97326,2.98,17.65,87.2,21.87
2026-09-05 19:04:47,lht65-02,52.25,5.97326,3.005,17.09,87.2,21.81
2026-09-05 19:14:47,lht65-02,52.25,5.97326,3.007,16.59,87.3,21.75
2026-09-05 19:24:47,lht65-02,52.25,5.97326,3.007,16.15,88.0,21.68
2026-09-05 19:34:47,lht65-02,52.25,5.97326,2.973,15.74,87.9,21.56
2026-09-05 19:44:47,lht65-02,52.25,5.97326,2.797,15.29,88.0,21.43
2026-09-05 19:54:47,lht65-02,52.25,5.97326,2.76,14.87,88.3,21.37
2026-09-05 20:04:47,lht65-02,52.25,5.97326,2.955,14.44,88.5,21.31
2026-09-05 20:14:47,lht65-02,52.25,5.97326,2.884,14.14,88.7,21.18
2026-09-05 20:24:47,lht65-02,52.25,5.97326,2.973,13.81,89.2,21.18
2026-09-05 20:34:47,lht65-02,52.25,5.97326,2.952,13.52,89.3,21.06
2026-09-05 20:44:47,lht65-02,52.25,5.97326,2.975,13.26,89.7,21.0
2026-09-05 20:54:47,lht65-02,52.25,5.97326,2.921,13.06,89.9,20.87
2026-09-05 21:04:47,lht65-02,52.25,5.97326,2.929,12.81,89.9,20.81
2026-09-05 21:14:46,lht65-02,52.25,5.97326,2.931,12.6,90.2,20.68
2026-09-05 21:24:46,lht65-02,52.25,5.97326,2.683,12.4,90.4,20.56
2026-09-05 21:34:46,lht65-02,52.25,5.97326,2.943,12.25,91.0,20.5
2026-09-05 21:44:46,lht65-02,52.25,5.97326,2.928,12.11,91.3,20.43
2026-09-05 21:54:46,lht65-02,52.25,5.97326,2.778,12.0,91.5,20.18
2026-09-05 22:04:46,lht65-02,52.25,5.97326,2.966,11.89,91.7,20.25
2026-09-05 22:14:46,lht65-02,52.25,5.97326,2.816,11.73,91.8,20.12
2026-09-05 22:24:46,lht65-02,52.25,5.97326,2.955,11.64,92.1,20.06
2026-09-05 22:34:46,lht65-02,52.25,5.97326,2.955,11.55,92.4,20.0
2026-09-05 22:44:46,lht65-02,52.25,5.97326,2.957,11.48,92.4,19.93
2026-09-05 22:54:46,lht65-02,52.25,5.97326,2.926,11.38,92.3,19.81
2026-09-05 23:04:46,lht65-02,52.25,5.97326,2.934,11.34,92.7,19.75
2026-09-05 23:14:46,lht65-02,52.25,5.97326,2.938,11.26,93.0,19.68
2026-09-05 23:24:46,lht65-02,52.25,5.97326,2.934,11.17,93.0,19.62
2026-09-05 23:34:46,lht65-02,52.25,5.97326,2.931,11.09,93.1,19.56
2026-09-05 23:44:46,lht65-02,52.25,5.97326,2.854,11.01,93.3,19.43
2026-09-05 23:54:46,lht65-02,52.25,5.97326,2.969,10.93,93.4,19.43
2026-09-06 00:04:46,lht65-02,52.25,5.97326,2.966,10.86,93.6,19.37
2026-09-06 00:14:46,lht65-02,52.25,5.97326,2.968,10.78,93.6,19.31
2026-09-06 00:24:46,lht65-02,52.25,5.97326,2.966,10.69,93.5,19.18
2026-09-06 00:34:46,lht65-02,52.25,5.97326,2.962,10.62,93.5,19.12
2026-09-06 00:44:46,lht65-02,52.25,5.97326,2.964,10.53,93.6,19.12
2026-09-06 00:54:46,lht65-02,52.25,5.97326,2.976,10.44,93.5,19.0
2026-09-06 01:04:46,lht65-02,52.25,5.97326,2.983,10.36,93.6,19.0
2026-09-06 01:14:46,lht65-02,52.25,5.97326,2.976,10.3,93.7,18.93
2026-09-06 01:24:46,lht65-02,52.25,5.97326,2.976,10.23,93.9,18.81
2026-09-06 01:34:46,lht65-02,52.25,5.97326,2.983,10.21,94.2,18.81
2026-09-06 01:44:46,lht65-02,52.25,5.97326,2.983,10.16,94.4,18.75
2026-09-06 01:54:46,lht65-02,52.25,5.97326,2.983,10.15,94.7,18.68
2026-09-06 02:14:46,lht65-02,52.25,5.97326,2.982,10.08,95.2,18.56
2026-09-06 02:24:46,lht65-02,52.25,5.97326,2.982,10.04,95.3,18.5
2026-09-06 02:34:46,lht65-02,52.25,5.97326,2.98,9.98,95.3,18.43
2026-09-06 02:44:46,lht65-02,52.25,5.97326,2.983,9.97,95.4,18.43
2026-09-06 02:54:46,lht65-02,52.25,5.97326,2.985,9.92,95.5,18.37
2026-09-06 03:04:46,lht65-02,52.25,5.97326,2.983,9.91,95.6,18.31
2026-09-06 03:14:46,lht65-02,52.25,5.97326,2.983,9.93,95.9,18.25
2026-09-06 03:24:46,lht65-02,52.25,5.97326,2.987,9.93,96.1,18.18
2026-09-06 03:34:46,lht65-02,52.25,5.97326,2.983,9.88,96.4,18.12
2026-09-06 03:44:46,lht65-02,52.25,5.97326,2.987,9.87,96.4,18.12
2026-09-06 03:54:46,lht65-02,52.25,5.97326,2.987,9.84,96.4,18.06
2026-09-06 04:04:48,lht65-02,52.25,5.97326,2.985,9.81,96.5,18.0
2026-09-06 04:14:46,lht65-02,52.25,5.97326,2.983,9.74,96.5,18.0
2026-09-06 04:24:46,lht65-02,52.25,5.97326,2.983,9.72,96.5,17.93
2026-09-06 04:34:46,lht65-02,52.25,5.97326,2.983,9.69,96.5,17.87
2026-09-06 04:44:46,lht65-02,52.25,5.97326,2.983,9.61,96.5,17.81
2026-09-06 04:54:46,lht65-02,52.25,5.97326,2.982,9.6,96.6,17.81
2026-09-06 05:04:46,lht65-02,52.25,5.97326,2.985,9.59,96.6,17.75
2026-09-06 05:14:46,lht65-02,52.25,5.97326,2.983,9.61,96.7,17.75
2026-09-06 05:24:46,lht65-02,52.25,5.97326,2.985,9.71,96.9,17.68
2026-09-06 05:34:46,lht65-02,52.25,5.97326,2.983,9.88,97.3,17.62
2026-09-06 05:44:46,lht65-02,52.25,5.97326,2.985,10.15,98.1,17.62
2026-09-06 05:54:46,lht65-02,52.25,5.97326,2.983,10.47,99.1,17.56
2026-09-06 06:04:46,lht65-02,52.25,5.97326,2.983,10.86,100.0,17.56
2026-09-06 06:14:46,lht65-02,52.25,5.97326,2.987,11.33,100.0,17.56
2026-09-06 06:24:46,lht65-02,52.25,5.97326,2.983,11.85,100.0,17.5
2026-09-06 06:34:46,lht65-02,52.25,5.97326,2.985,12.54,100.0,17.5
2026-09-06 06:44:46,lht65-02,52.25,5.97326,2.985,13.36,100.0,17.5
2026-09-06 06:54:46,lht65-02,52.25,5.97326,2.985,14.3,100.0,17.5
2026-09-06 07:04:46,lht65-02,52.25,5.97326,2.987,15.1,100.0,17.5
2026-09-06 07:14:46,lht65-02,52.25,5.97326,2.987,16.0,100.0,17.5
2026-09-06 07:24:46,lht65-02,52.25,5.97326,2.987,16.94,100.0,17.56
2026-09-06 07:34:46,lht65-02,52.25,5.97326,2.983,17.92,100.0,17.56
2026-09-06 07:44:46,lht65-02,52.25,5.97326,2.983,19.05,100.0,17.62
2026-09-06 07:54:46,lht65-02,52.25,5.97326,2.978,20.21,96.6,17.68
2026-09-06 08:04:46,lht65-02,52.25,5.97326,2.975,21.49,93.7,17.75
2026-09-06 08:14:46,lht65-02,52.25,5.97326,2.987,22.79,92.1,17.81
2026-09-06 08:24:46,lht65-02,52.25,5.97326,2.98,24.18,90.3,17.93
2026-09-06 08:34:46,lht65-02,52.25,5.97326,2.929,25.48,88.2,18.0
2026-09-06 08:44:46,lht65-02,52.25,5.97326,2.854,26.85,86.4,18.12
2026-09-06 08:54:46,lht65-02,52.25,5.97326,2.921,28.08,77.5,18.25
2026-09-06 09:04:46,lht65-02,52.25,5.97326,2.996,28.93,69.6,18.37
2026-09-06 09:14:46,lht65-02,52.25,5.97326,3.003,29.0,64.7,18.56
2026-09-06 09:24:46,lht65-02,52.25,5.97326,3.007,28.92,69.2,18.68
2026-09-06 09:34:46,lht65-02,52.25,5.97326,3.007,29.29,66.7,18.87
2026-09-06 09:44:45,lht65-02,52.25,5.97326,3.009,28.41,54.7,19.0
2026-09-06 09:54:45,lht65-02,52.25,5.97326,3.007,27.98,61.7,19.12
2026-09-06 10:04:45,lht65-02,52.25,5.97326,3.01,28.25,67.4,19.31
2026-09-06 10:14:45,lht65-02,52.25,5.97326,3.007,29.0,62.6,19.43
2026-09-06 10:24:45,lht65-02,52.25,5.97326,3.009,28.47,54.8,19.56
2026-09-06 10:34:45,lht65-02,52.25,5.97326,3.009,28.08,57.7,19.68
2026-09-06 10:44:45,lht65-02,52.25,5.97326,3.009,28.56,54.9,19.81
2026-09-06 10:54:45,lht65-02,52.25,5.97326,3.007,28.57,54.6,19.93
2026-09-06 11:04:45,lht65-02,52.25,5.97326,3.009,28.54,52.8,20.06
2026-09-06 11:14:45,lht65-02,52.25,5.97326,3.009,28.4,53.0,20.12
2026-09-06 11:24:45,lht65-02,52.25,5.97326,3.009,27.61,52.3,20.31
2026-09-06 11:34:45,lht65-02,52.25,5.97326,3.009,27.7,60.4,20.37
2026-09-06 11:44:45,lht65-02,52.25,5.97326,3.009,28.57,53.4,20.5
2026-09-06 11:54:45,lht65-02,52.25,5.97326,3.009,28.38,52.2,20.56
2026-09-06 12:04:45,lht65-02,52.25,5.97326,3.009,27.53,43.8,20.68
2026-09-06 12:14:45,lht65-02,52.25,5.97326,3.009,26.55,50.4,20.75
2026-09-06 12:24:45,lht65-02,52.25,5.97326,3.009,26.5,50.2,20.87
2026-09-06 12:34:45,lht65-02,52.25,5.97326,3.009,27.43,59.4,20.93
2026-09-06 12:44:45,lht65-02,52.25,5.97326,3.009,28.08,48.6,21.06
2026-09-06 12:54:45,lht65-02,52.25,5.97326,3.009,27.45,49.0,21.12
2026-09-06 13:04:45,lht65-02,52.25,5.97326,3.009,26.86,46.6,21.25
2026-09-06 13:14:45,lht65-02,52.25,5.97326,3.009,26.43,54.9,21.37
2026-09-06 13:24:45,lht65-02,52.25,5.97326,3.009,27.34,53.8,21.43
2026-09-06 13:34:45,lht65-02,52.25,5.97326,3.009,27.79,57.0,21.56
2026-09-06 13:44:45,lht65-02,52.25,5.97326,3.009,28.15,56.8,21.68
2026-09-06 13:54:45,lht65-02,52.25,5.97326,2.682,29.88,49.3,21.56
2026-09-06 14:04:45,lht65-02,52.25,5.97326,3.005,27.64,42.0,21.87
2026-09-06 14:14:45,lht65-02,52.25,5.97326,2.982,26.02,46.9,22.0
2026-09-06 14:24:45,lht65-02,52.25,5.97326,2.973,25.51,52.3,22.12
2026-09-06 14:34:45,lht65-02,52.25,5.97326,2.982,25.38,52.8,22.18
2026-09-06 14:44:45,lht65-02,52.25,5.97326,2.985,25.34,57.8,22.25
2026-09-06 14:54:45,lht65-02,52.25,5.97326,2.98,26.26,63.8,22.25
2026-09-06 15:04:45,lht65-02,52.25,5.97326,2.98,27.65,58.4,22.31
2026-09-06 15:14:45,lht65-02,52.25,5.97326,2.966,28.05,57.1,22.31
2026-09-06 15:24:45,lht65-02,52.25,5.97326,2.966,28.06,62.7,22.31
2026-09-06 15:34:45,lht65-02,52.25,5.97326,2.973,28.44,60.0,22.37
2026-09-06 15:44:45,lht65-02,52.25,5.97326,2.971,27.83,58.4,22.43
2026-09-06 15:54:45,lht65-02,52.25,5.97326,2.973,27.3,60.7,22.43
2026-09-06 16:04:45,lht65-02,52.25,5.97326,2.969,27.42,63.3,22.5
2026-09-06 16:14:45,lht65-02,52.25,5.97326,2.973,27.46,66.7,22.5
2026-09-06 16:24:45,lht65-02,52.25,5.97326,2.973,27.42,67.8,22.56
2026-09-06 16:34:45,lht65-02,52.25,5.97326,2.973,26.83,71.4,22.5
2026-09-06 16:44:45,lht65-02,52.25,5.97326,2.975,26.4,73.6,22.5
2026-09-06 16:54:45,lht65-02,52.25,5.97326,2.976,25.76,75.8,22.5
2026-09-06 17:04:45,lht65-02,52.25,5.97326,2.966,24.93,77.3,22.5
2026-09-06 17:14:45,lht65-02,52.25,5.97326,2.987,24.17,79.0,22.5
2026-09-06 17:24:45,lht65-02,52.25,5.97326,2.969,23.68,81.1,22.5
2026-09-06 17:34:45,lht65-02,52.25,5.97326,2.957,23.23,81.9,22.43
2026-09-06 17:44:45,lht65-02,52.25,5.97326,2.959,22.74,82.9,22.43
2026-09-06 17:54:45,lht65-02,52.25,5.97326,2.983,22.19,82.4,22.37
2026-09-06 18:04:45,lht65-02,52.25,5.97326,2.996,21.49,82.8,22.37
2026-09-06 18:14:45,lht65-02,52.25,5.97326,2.996,20.73,83.7,22.31
2026-09-06 18:24:45,lht65-02,52.25,5.97326,2.98,20.05,84.7,22.25
2026-09-06 18:34:45,lht65-02,52.25,5.97326,2.998,19.57,85.7,22.18
2026-09-06 18:44:45,lht65-02,52.25,5.97326,2.983,19.05,85.8,22.12
2026-09-06 18:54:45,lht65-02,52.25,5.97326,2.991,18.46,85.7,22.06
2026-09-06 19:04:44,lht65-02,52.25,5.97326,2.973,18.0,86.1,22.0
2026-09-06 19:14:45,lht65-02,52.25,5.97326,2.982,17.5,86.3,21.93
2026-09-06 19:34:44,lht65-02,52.25,5.97326,2.983,16.89,88.5,21.75
2026-09-06 19:44:44,lht65-02,52.25,5.97326,2.998,16.74,89.4,21.68
2026-09-06 19:54:44,lht65-02,52.25,5.97326,2.991,16.62,89.9,21.56
2026-09-06 20:04:44,lht65-02,52.25,5.97326,2.98,16.51,90.2,21.5
2026-09-06 20:14:44,lht65-02,52.25,5.97326,2.98,16.42,90.5,21.43
2026-09-06 20:24:44,lht65-02,52.25,5.97326,2.976,16.28,90.4,21.37
2026-09-06 20:34:44,lht65-02,52.25,5.97326,2.973,16.13,90.5,21.25
2026-09-06 20:44:44,lht65-02,52.25,5.97326,2.987,16.04,91.0,21.18
2026-09-06 20:54:44,lht65-02,52.25,5.97326,2.987,15.97,91.5,21.12
2026-09-06 21:04:44,lht65-02,52.25,5.97326,2.987,15.95,91.9,21.06
2026-09-06 21:14:45,lht65-02,52.25,5.97326,3.007,15.92,92.2,21.0
2026-09-06 21:24:44,lht65-02,52.25,5.97326,3.005,15.9,92.7,20.93
2026-09-06 21:34:44,lht65-02,52.25,5.97326,3.007,15.89,93.1,20.87
2026-09-06 21:44:44,lht65-02,52.25,5.97326,3.005,15.89,93.6,20.81
2026-09-06 21:54:44,lht65-02,52.25,5.97326,3.007,15.91,94.4,20.75
2026-09-06 22:04:44,lht65-02,52.25,5.97326,3.007,15.94,95.0,20.68
2026-09-06 22:24:44,lht65-02,52.25,5.97326,3.007,15.94,95.6,20.56
2026-09-06 22:34:44,lht65-02,52.25,5.97326,3.005,15.87,95.3,20.56
2026-09-06 22:44:44,lht65-02,52.25,5.97326,3.001,15.68,94.3,20.5
2026-09-06 22:54:44,lht65-02,52.25,5.97326,2.991,15.46,93.4,20.43
2026-09-06 23:04:44,lht65-02,52.25,5.97326,2.941,15.19,92.8,20.37
2026-09-06 23:14:44,lht65-02,52.25,5.97326,2.871,14.91,92.6,20.31
2026-09-06 23:24:44,lht65-02,52.25,5.97326,2.968,14.69,92.9,20.25
2026-09-06 23:34:44,lht65-02,52.25,5.97326,2.96,14.47,93.0,20.25
2026-09-06 23:44:44,lht65-02,52.25,5.97326,2.894,14.31,93.4,20.12
2026-09-06 23:54:44,lht65-02,52.25,5.97326,2.894,14.3,93.5,20.12
2026-09-07 00:04:44,lht65-02,52.25,5.97326,2.987,14.0,93.4,20.12
2026-09-07 00:14:44,lht65-02,52.25,5.97326,2.966,13.8,93.5,20.0
2026-09-07 00:24:44,lht65-02,52.25,5.97326,2.948,13.67,93.8,19.93
2026-09-07 00:34:44,lht65-02,52.25,5.97326,2.994,13.53,93.9,19.93
2026-09-07 00:44:44,lht65-02,52.25,5.97326,2.987,13.4,93.9,19.81
2026-09-07 00:54:44,lht65-02,52.25,5.97326,2.994,13.34,94.3,19.81
2026-09-07 01:04:44,lht65-02,52.25,5.97326,3.0,13.39,95.1,19.75
2026-09-07 01:14:44,lht65-02,52.25,5.97326,2.998,13.51,96.0,19.68
2026-09-07 01:24:44,lht65-02,52.25,5.97326,2.998,13.68,97.7,19.62
2026-09-07 01:34:44,lht65-02,52.25,5.97326,2.998,13.88,100.0,19.62
2026-09-07 01:44:44,lht65-02,52.25,5.97326,3.001,14.11,100.0,19.56
2026-09-07 01:54:44,lht65-02,52.25,5.97326,3.001,14.3,100.0,19.5
2026-09-07 02:04:44,lht65-02,52.25,5.97326,3.001,14.32,100.0,19.43
2026-09-07 02:14:44,lht65-02,52.25,5.97326,3.001,14.46,100.0,19.43
2026-09-07 02:24:44,lht65-02,52.25,5.97326,3.001,14.6,100.0,19.37
2026-09-07 02:34:44,lht65-02,52.25,5.97326,3.005,14.73,100.0,19.37
2026-09-07 02:44:44,lht65-02,52.25,5.97326,3.001,14.85,100.0,19.31
2026-09-07 02:54:44,lht65-02,52.25,5.97326,3.005,14.93,100.0,19.31
2026-09-07 03:04:44,lht65-02,52.25,5.97326,3.001,15.01,100.0,19.25
2026-09-07 03:14:44,lht65-02,52.25,5.97326,3.005,15.05,100.0,19.25
2026-09-07 03:24:44,lht65-02,52.25,5.97326,3.001,15.08,100.0,19.25
2026-09-07 03:34:44,lht65-02,52.25,5.97326,3.001,15.1,100.0,19.25
2026-09-07 03:44:44,lht65-02,52.25,5.97326,3.001,15.1,100.0,19.18
2026-09-07 03:54:44,lht65-02,52.25,5.97326,3.001,15.05,100.0,19.18
2026-09-07 04:04:44,lht65-02,52.25,5.97326,3.001,14.94,100.0,19.18
2026-09-07 04:14:44,lht65-02,52.25,5.97326,3.001,14.75,100.0,19.12
2026-09-07 04:24:44,lht65-02,52.25,5.97326,3.001,14.57,100.0,19.12
2026-09-07 04:34:44,lht65-02,52.25,5.97326,3.001,14.47,100.0,19.06
2026-09-07 04:44:44,lht65-02,52.25,5.97326,3.001,14.39,100.0,19.06
2026-09-07 04:54:44,lht65-02,52.25,5.97326,3.0,14.39,100.0,19.06
2026-09-07 05:04:44,lht65-02,52.25,5.97326,3.0,14.43,100.0,19.0
2026-09-07 05:14:44,lht65-02,52.25,5.97326,3.0,14.46,100.0,19.0
2026-09-07 05:24:44,lht65-02,52.25,5.97326,3.0,14.5,100.0,18.93
2026-09-07 05:34:44,lht65-02,52.25,5.97326,3.001,14.57,100.0,18.93
2026-09-07 05:44:44,lht65-02,52.25,5.97326,3.001,14.66,100.0,18.93
2026-09-07 05:54:44,lht65-02,52.25,5.97326,3.001,14.83,100.0,18.93
2026-09-07 06:04:44,lht65-02,52.25,5.97326,3.001,15.01,100.0,18.87
2026-09-07 06:14:44,lht65-02,52.25,5.97326,3.001,15.25,100.0,18.87
2026-09-07 06:34:44,lht65-02,52.25,5.97326,2.991,16.15,100.0,18.81
2026-09-07 06:44:44,lht65-02,52.25,5.97326,2.983,16.87,100.0,18.81
2026-09-07 06:54:43,lht65-02,52.25,5.97326,2.98,17.9,100.0,18.81
2026-09-07 07:04:43,lht65-02,52.25,5.97326,2.991,19.0,100.0,18.81
2026-09-07 07:14:44,lht65-02,52.25,5.97326,2.98,19.86,100.0,18.87
2026-09-07 07:24:43,lht65-02,52.25,5.97326,2.962,20.77,100.0,18.87
2026-09-07 07:34:43,lht65-02,52.25,5.97326,2.966,22.15,100.0,18.93
2026-09-07 07:44:43,lht65-02,52.25,5.97326,2.968,23.67,100.0,19.0
2026-09-07 07:54:43,lht65-02,52.25,5.97326,2.978,24.84,97.8,19.06
2026-09-07 08:04:44,lht65-02,52.25,5.97326,2.992,25.66,91.8,19.18
2026-09-07 08:14:43,lht65-02,52.25,5.97326,2.996,26.18,89.3,19.25
2026-09-07 08:24:43,lht65-02,52.25,5.97326,3.0,26.52,86.3,19.37
2026-09-07 08:34:43,lht65-02,52.25,5.97326,2.994,27.03,87.1,19.43
2026-09-07 08:44:43,lht65-02,52.25,5.97326,2.996,27.82,87.5,19.56
2026-09-07 08:54:43,lht65-02,52.25,5.97326,2.987,29.36,77.3,19.68
2026-09-07 09:04:43,lht65-02,52.25,5.97326,2.996,29.78,67.4,19.81
2026-09-07 09:14:43,lht65-02,52.25,5.97326,2.998,29.75,67.0,19.93
2026-09-07 09:24:43,lht65-02,52.25,5.97326,2.996,29.07,66.6,20.06
2026-09-07 09:34:43,lht65-02,52.25,5.97326,2.998,28.41,67.3,20.18
2026-09-07 09:44:43,lht65-02,52.25,5.97326,3.005,28.46,68.2,20.31
2026-09-07 09:54:43,lht65-02,52.25,5.97326,3.0,29.24,67.3,20.43
2026-09-07 10:04:43,lht65-02,52.25,5.97326,2.843,30.15,59.9,20.5
2026-09-07 10:14:43,lht65-02,52.25,5.97326,2.948,30.32,55.0,20.62
2026-09-07 10:24:43,lht65-02,52.25,5.97326,2.936,30.22,50.4,20.75
2026-09-07 10:34:43,lht65-02,52.25,5.97326,2.948,30.43,53.4,20.87
2026-09-07 10:44:43,lht65-02,52.25,5.97326,2.824,30.81,50.1,20.93
2026-09-07 10:54:43,lht65-02,52.25,5.97326,2.957,31.18,48.8,21.06
2026-09-07 11:04:43,lht65-02,52.25,5.97326,2.982,31.74,47.0,21.18
2026-09-07 11:14:43,lht65-02,52.25,5.97326,2.982,31.94,47.6,21.31
2026-09-07 11:24:43,lht65-02,52.25,5.97326,2.969,32.49,46.7,21.43
2026-09-07 11:34:43,lht65-02,52.25,5.97326,2.969,32.65,45.9,21.5
2026-09-07 11:44:43,lht65-02,52.25,5.97326,3.009,32.9,47.5,21.62
2026-09-07 11:54:43,lht65-02,52.25,5.97326,3.005,33.2,47.0,21.75
2026-09-07 12:04:43,lht65-02,52.25,5.97326,3.009,33.01,43.6,21.81
2026-09-07 12:14:43,lht65-02,52.25,5.97326,2.998,33.3,45.6,21.93
2026-09-07 12:24:43,lht65-02,52.25,5.97326,3.001,33.81,45.3,22.06
2026-09-07 12:34:43,lht65-02,52.25,5.97326,3.007,33.84,44.7,22.18
2026-09-07 12:44:43,lht65-02,52.25,5.97326,3.009,34.16,43.6,22.31
2026-09-07 12:54:43,lht65-02,52.25,5.97326,3.007,34.36,44.0,22.43
2026-09-07 13:04:43,lht65-02,52.25,5.97326,3.009,34.36,43.8,22.56
2026-09-07 13:14:43,lht65-02,52.25,5.97326,3.01,34.47,42.0,22.68
2026-09-07 13:24:43,lht65-02,52.25,5.97326,3.016,34.55,44.0,22.87
2026-09-07 13:34:43,lht65-02,52.25,5.97326,3.016,33.71,45.2,23.0
2026-09-07 13:44:43,lht65-02,52.25,5.97326,3.016,33.92,47.9,23.18
2026-09-07 13:54:43,lht65-02,52.25,5.97326,3.016,33.79,50.3,23.37
2026-09-07 14:04:43,lht65-02,52.25,5.97326,3.016,33.57,47.5,23.5
2026-09-07 14:14:43,lht65-02,52.25,5.97326,3.016,33.75,46.9,23.68
2026-09-07 14:24:43,lht65-02,52.25,5.97326,3.016,33.26,46.7,23.81
2026-09-07 14:34:43,lht65-02,52.25,5.97326,3.016,32.67,52.7,23.93
2026-09-07 14:44:43,lht65-02,52.25,5.97326,3.016,31.89,52.6,24.06
2026-09-07 14:54:43,lht65-02,52.25,5.97326,3.016,31.01,54.8,24.12
2026-09-07 15:04:43,lht65-02,52.25,5.97326,3.016,30.51,57.5,24.18
2026-09-07 15:14:43,lht65-02,52.25,5.97326,3.019,30.58,56.5,24.25
2026-09-07 15:24:43,lht65-02,52.25,5.97326,3.016,30.83,57.4,24.25
2026-09-07 15:34:43,lht65-02,52.25,5.97326,3.019,30.83,56.9,24.25
2026-09-07 15:44:43,lht65-02,52.25,5.97326,3.018,30.48,56.7,24.25
2026-09-07 15:54:43,lht65-02,52.25,5.97326,3.016,29.73,57.9,24.25
2026-09-07 16:04:43,lht65-02,52.25,5.97326,3.012,28.99,60.7,24.25
2026-09-07 16:14:43,lht65-02,52.25,5.97326,3.009,28.81,62.5,24.18
2026-09-07 16:24:42,lht65-02,52.25,5.97326,3.01,28.97,64.1,24.18
2026-09-07 16:34:43,lht65-02,52.25,5.97326,3.009,28.62,66.7,24.18
2026-09-07 16:44:43,lht65-02,52.25,5.97326,3.01,27.88,66.0,24.18
2026-09-07 16:54:42,lht65-02,52.25,5.97326,3.005,27.32,68.5,24.12
2026-09-07 17:04:42,lht65-02,52.25,5.97326,3.005,26.72,67.6,24.06
2026-09-07 17:14:42,lht65-02,52.25,5.97326,2.98,26.09,68.0,24.06
2026-09-07 17:24:42,lht65-02,52.25,5.97326,2.976,25.44,70.5,24.0
2026-09-07 17:34:42,lht65-02,52.25,5.97326,2.987,24.95,72.1,23.93
2026-09-07 17:44:42,lht65-02,52.25,5.97326,2.991,24.48,73.7,23.87
2026-09-07 17:54:42,lht65-02,52.25,5.97326,2.998,24.07,72.9,23.81
2026-09-07 18:04:43,lht65-02,52.25,5.97326,3.005,23.71,75.0,23.81
2026-09-07 18:14:42,lht65-02,52.25,5.97326,3.005,23.38,76.4,23.75
2026-09-07 18:24:42,lht65-02,52.25,5.97326,3.007,22.98,76.5,23.62
2026-09-07 18:34:42,lht65-02,52.25,5.97326,3.007,22.59,78.9,23.56
2026-09-07 18:44:42,lht65-02,52.25,5.97326,3.001,22.3,77.1,23.5
2026-09-07 18:54:42,lht65-02,52.25,5.97326,2.998,22.03,78.4,23.43
2026-09-07 19:04:42,lht65-02,52.25,5.97326,2.998,21.81,77.9,23.37
2026-09-07 19:14:42,lht65-02,52.25,5.97326,3.001,21.55,78.8,23.31
2026-09-07 19:24:42,lht65-02,52.25,5.97326,2.994,21.23,80.5,23.25
2026-09-07 19:34:42,lht65-02,52.25,5.97326,2.992,20.94,81.6,23.12
2026-09-07 19:44:42,lht65-02,52.25,5.97326,2.992,20.68,82.6,23.06
2026-09-07 19:54:42,lht65-02,52.25,5.97326,2.991,20.35,83.7,23.0
2026-09-07 20:04:42,lht65-02,52.25,5.97326,2.987,20.08,84.6,22.93
2026-09-07 20:14:42,lht65-02,52.25,5.97326,2.992,19.86,85.2,22.87
2026-09-07 20:24:42,lht65-02,52.25,5.97326,2.991,19.66,86.0,22.75
2026-09-07 20:34:42,lht65-02,52.25,5.97326,2.991,19.4,86.4,22.68
2026-09-07 20:44:42,lht65-02,52.25,5.97326,2.987,19.16,86.8,22.62
2026-09-07 20:54:42,lht65-02,52.25,5.97326,2.989,18.93,87.7,22.56
2026-09-07 21:04:42,lht65-02,52.25,5.97326,2.975,18.74,87.9,22.5
2026-09-07 21:14:42,lht65-02,52.25,5.97326,2.989,18.6,88.7,22.43
2026-09-07 21:24:42,lht65-02,52.25,5.97326,2.991,18.54,89.8,22.37
2026-09-07 21:34:42,lht65-02,52.25,5.97326,2.991,18.56,90.8,22.25
2026-09-07 21:44:42,lht65-02,52.25,5.97326,2.991,18.58,91.2,22.18
2026-09-07 21:54:42,lht65-02,52.25,5.97326,2.991,18.56,90.9,22.12
2026-09-07 22:04:42,lht65-02,52.25,5.97326,2.991,18.54,90.9,22.06
2026-09-07 22:14:42,lht65-02,52.25,5.97326,2.991,18.51,91.0,22.0
2026-09-07 22:24:42,lht65-02,52.25,5.97326,2.991,18.53,91.1,22.0
2026-09-07 22:34:42,lht65-02,52.25,5.97326,2.991,18.46,90.2,21.93
2026-09-07 22:44:42,lht65-02,52.25,5.97326,2.991,18.39,89.6,21.87
2026-09-07 22:54:42,lht65-02,52.25,5.97326,2.991,18.33,89.4,21.81
2026-09-07 23:04:42,lht65-02,52.25,5.97326,2.991,18.3,89.1,21.75
2026-09-07 23:14:42,lht65-02,52.25,5.97326,2.916,18.24,88.5,21.68
2026-09-07 23:24:42,lht65-02,52.25,5.97326,2.975,18.06,87.9,21.68
2026-09-07 23:34:42,lht65-02,52.25,5.97326,2.976,17.97,88.3,21.56
2026-09-07 23:44:42,lht65-02,52.25,5.97326,2.966,17.85,88.4,21.56
2026-09-07 23:54:42,lht65-02,52.25,5.97326,2.973,17.73,88.8,21.5
2026-09-08 00:04:42,lht65-02,52.25,5.97326,2.976,17.64,88.6,21.43
2026-09-08 00:14:42,lht65-02,52.25,5.97326,2.973,17.57,89.3,21.43
2026-09-08 00:24:42,lht65-02,52.25,5.97326,2.971,17.53,89.6,21.37
2026-09-08 00:34:42,lht65-02,52.25,5.97326,2.971,17.52,89.2,21.31
2026-09-08 00:44:42,lht65-02,52.25,5.97326,2.973,17.51,89.1,21.25
2026-09-08 00:54:42,lht65-02,52.25,5.97326,2.973,17.46,88.5,21.25
2026-09-08 01:04:42,lht65-02,52.25,5.97326,2.973,17.38,88.3,21.18
2026-09-08 01:14:42,lht65-02,52.25,5.97326,2.84,17.3,89.0,21.12
2026-09-08 01:24:42,lht65-02,52.25,5.97326,3.009,17.31,89.7,21.06
2026-09-08 01:34:42,lht65-02,52.25,5.97326,3.007,17.39,89.6,21.06
2026-09-08 01:44:41,lht65-02,52.25,5.97326,3.009,17.46,89.2,21.0
2026-09-08 01:54:42,lht65-02,52.25,5.97326,3.007,17.48,89.1,21.0
2026-09-08 02:04:41,lht65-02,52.25,5.97326,3.007,17.46,88.6,20.93
2026-09-08 02:14:42,lht65-02,52.25,5.97326,3.007,17.38,88.7,20.87
2026-09-08 02:24:41,lht65-02,52.25,5.97326,3.007,17.3,89.1,20.87
2026-09-08 02:34:41,lht65-02,52.25,5.97326,3.009,17.24,89.0,20.81
2026-09-08 02:44:42,lht65-02,52.25,5.97326,3.007,17.2,89.4,20.81
2026-09-08 02:54:41,lht65-02,52.25,5.97326,3.007,17.15,89.6,20.75
2026-09-08 03:04:41,lht65-02,52.25,5.97326,3.009,17.12,89.4,20.68
2026-09-08 03:14:42,lht65-02,52.25,5.97326,3.009,17.14,89.6,20.68
2026-09-08 03:24:41,lht65-02,52.25,5.97326,3.007,17.16,89.6,20.62
2026-09-08 03:34:41,lht65-02,52.25,5.97326,3.005,17.17,89.7,20.62
2026-09-08 03:44:41,lht65-02,52.25,5.97326,3.007,17.18,89.6,20.62
2026-09-08 03:54:41,lht65-02,52.25,5.97326,3.007,17.17,89.5,20.56
2026-09-08 04:04:41,lht65-02,52.25,5.97326,3.007,17.17,89.7,20.56
2026-09-08 04:14:42,lht65-02,52.25,5.97326,3.007,17.14,89.8,20.5
2026-09-08 04:24:41,lht65-02,52.25,5.97326,3.009,17.14,90.1,20.43
2026-09-08 04:34:42,lht65-02,52.25,5.97326,3.007,17.09,90.0,20.43
2026-09-08 04:44:41,lht65-02,52.25,5.97326,3.009,17.09,90.2,20.43
2026-09-08 04:54:41,lht65-02,52.25,5.97326,3.007,17.18,89.9,20.37
2026-09-08 05:04:41,lht65-02,52.25,5.97326,3.005,17.25,89.6,20.37
2026-09-08 05:14:41,lht65-02,52.25,5.97326,3.005,17.35,91.2,20.37
2026-09-08 05:24:41,lht65-02,52.25,5.97326,3.009,17.46,92.5,20.31
2026-09-08 05:34:41,lht65-02,52.25,5.97326,3.009,17.62,93.4,20.31
2026-09-08 05:44:41,lht65-02,52.25,5.97326,3.009,17.74,94.1,20.31
2026-09-08 05:54:41,lht65-02,52.25,5.97326,3.009,17.87,94.9,20.25
2026-09-08 06:04:41,lht65-02,52.25,5.97326,3.009,18.0,95.3,20.25
2026-09-08 06:14:41,lht65-02,52.25,5.97326,3.009,18.1,95.3,20.25
2026-09-08 06:24:41,lht65-02,52.25,5.97326,3.007,18.26,95.1,20.18
2026-09-08 06:34:41,lht65-02,52.25,5.97326,3.007,18.46,95.0,20.18
2026-09-08 06:44:41,lht65-02,52.25,5.97326,3.007,18.77,94.9,20.18
2026-09-08 06:54:41,lht65-02,52.25,5.97326,3.005,19.14,94.8,20.18
2026-09-08 07:04:41,lht65-02,52.25,5.97326,2.969,19.53,94.6,20.18
2026-09-08 07:14:41,lht65-02,52.25,5.97326,2.983,19.86,94.1,20.18
2026-09-08 07:24:41,lht65-02,52.25,5.97326,2.98,20.4,93.7,20.18
2026-09-08 07:34:41,lht65-02,52.25,5.97326,2.934,20.85,91.4,20.25
2026-09-08 07:44:41,lht65-02,52.25,5.97326,2.976,21.28,89.3,20.25
2026-09-08 07:54:41,lht65-02,52.25,5.97326,2.952,21.81,86.6,20.25
2026-09-08 08:04:41,lht65-02,52.25,5.97326,2.992,22.23,84.8,20.31
2026-09-08 08:14:41,lht65-02,52.25,5.97326,2.973,22.59,84.0,20.31
2026-09-08 08:24:41,lht65-02,52.25,5.97326,2.991,22.69,81.4,20.37
2026-09-08 08:34:41,lht65-02,52.25,5.97326,2.948,23.02,83.1,20.37
2026-09-08 08:44:41,lht65-02,52.25,5.97326,2.907,23.65,82.1,20.43
2026-09-08 08:54:41,lht65-02,52.25,5.97326,3.0,24.24,83.8,20.5
2026-09-08 09:04:41,lht65-02,52.25,5.97326,2.934,25.1,83.4,20.56
2026-09-08 09:14:41,lht65-02,52.25,5.97326,3.001,26.38,83.4,20.62
2026-09-08 09:24:41,lht65-02,52.25,5.97326,3.001,27.44,78.9,20.68
2026-09-08 09:34:41,lht65-02,52.25,5.97326,2.998,28.16,77.5,20.81
2026-09-08 09:44:41,lht65-02,52.25,5.97326,3.0,28.38,69.7,20.87
2026-09-08 09:54:41,lht65-02,52.25,5.97326,3.005,27.94,68.7,21.0
2026-09-08 10:04:41,lht65-02,52.25,5.97326,3.005,27.52,67.8,21.12
2026-09-08 10:14:41,lht65-02,52.25,5.97326,3.005,27.12,69.8,21.18
2026-09-08 10:24:41,lht65-02,52.25,5.97326,3.005,26.83,69.5,21.31
2026-09-08 10:34:41,lht65-02,52.25,5.97326,3.005,26.99,70.5,21.37
2026-09-08 10:44:41,lht65-02,52.25,5.97326,3.005,27.37,71.6,21.43
2026-09-08 10:54:41,lht65-02,52.25,5.97326,3.005,27.89,71.3,21.56
2026-09-08 11:04:41,lht65-02,52.25,5.97326,2.991,28.85,67.4,21.62
2026-09-08 11:14:41,lht65-02,52.25,5.97326,2.996,29.08,65.4,21.68
2026-09-08 11:24:41,lht65-02,52.25,5.97326,3.003,29.15,64.5,21.81
2026-09-08 11:34:41,lht65-02,52.25,5.97326,3.003,28.91,64.2,21.87
2026-09-08 11:44:41,lht65-02,52.25,5.97326,3.005,28.78,63.0,22.0
2026-09-08 11:54:41,lht65-02,52.25,5.97326,3.003,28.52,64.9,22.06
2026-09-08 12:04:41,lht65-02,52.25,5.97326,3.003,28.05,63.7,22.12
2026-09-08 12:14:41,lht65-02,52.25,5.97326,3.001,27.07,64.5,22.25
2026-09-08 12:24:41,lht65-02,52.25,5.97326,3.001,26.47,68.6,22.31
2026-09-08 12:34:41,lht65-02,52.25,5.97326,3.003,26.53,67.4,22.37
2026-09-08 12:44:41,lht65-02,52.25,5.97326,3.001,26.94,67.7,22.37
2026-09-08 12:54:41,lht65-02,52.25,5.97326,3.001,27.17,66.6,22.43
2026-09-08 13:04:40,lht65-02,52.25,5.97326,3.001,27.28,67.5,22.43
2026-09-08 13:14:41,lht65-02,52.25,5.97326,3.001,28.02,67.0,22.5
2026-09-08 13:24:40,lht65-02,52.25,5.97326,3.001,27.98,66.6,22.56
2026-09-08 13:34:40,lht65-02,52.25,5.97326,3.001,27.9,67.3,22.62
2026-09-08 13:44:40,lht65-02,52.25,5.97326,3.001,27.56,66.0,22.62
2026-09-08 13:54:40,lht65-02,52.25,5.97326,3.001,27.15,65.3,22.68
2026-09-08 14:04:40,lht65-02,52.25,5.97326,3.005,26.85,69.7,22.75
2026-09-08 14:14:40,lht65-02,52.25,5.97326,3.001,26.09,72.2,22.75
2026-09-08 14:24:40,lht65-02,52.25,5.97326,2.996,25.32,72.0,22.81
2026-09-08 14:34:40,lht65-02,52.25,5.97326,2.994,24.6,72.4,22.81
2026-09-08 14:44:40,lht65-02,52.25,5.97326,2.994,24.16,75.1,22.81
2026-09-08 14:54:40,lht65-02,52.25,5.97326,2.996,23.77,80.3,22.81
2026-09-08 15:04:40,lht65-02,52.25,5.97326,2.994,23.6,80.1,22.75
2026-09-08 15:14:40,lht65-02,52.25,5.97326,2.998,23.51,80.7,22.75
2026-09-08 15:24:40,lht65-02,52.25,5.97326,2.987,23.13,81.4,22.68
2026-09-08 15:34:40,lht65-02,52.25,5.97326,2.983,22.44,81.9,22.68
2026-09-08 15:44:40,lht65-02,52.25,5.97326,2.978,21.85,82.9,22.68
2026-09-08 15:54:40,lht65-02,52.25,5.97326,2.968,21.36,84.1,22.62
2026-09-08 16:04:40,lht65-02,52.25,5.97326,3.005,20.91,84.7,22.62
2026-09-08 16:14:40,lht65-02,52.25,5.97326,3.005,20.6,86.2,22.56
2026-09-08 16:24:40,lht65-02,52.25,5.97326,3.001,20.31,86.3,22.5
2026-09-08 16:34:40,lht65-02,52.25,5.97326,2.982,19.86,86.7,22.5
2026-09-08 16:44:40,lht65-02,52.25,5.97326,2.966,19.68,87.9,22.43
2026-09-08 16:54:40,lht65-02,52.25,5.97326,2.94,19.44,88.3,22.37
2026-09-08 17:04:40,lht65-02,52.25,5.97326,3.001,19.28,88.9,22.31
2026-09-08 17:14:40,lht65-02,52.25,5.97326,2.996,19.13,89.2,22.25
2026-09-08 17:24:40,lht65-02,52.25,5.97326,2.996,18.94,89.7,22.18
2026-09-08 17:34:40,lht65-02,52.25,5.97326,3.001,18.79,90.0,22.18
2026-09-08 17:44:40,lht65-02,52.25,5.97326,2.996,18.65,90.4,22.06
2026-09-08 17:54:40,lht65-02,52.25,5.97326,3.005,18.51,90.5,22.06
2026-09-08 18:04:40,lht65-02,52.25,5.97326,3.003,18.4,90.4,22.0
2026-09-08 18:14:40,lht65-02,52.25,5.97326,3.003,18.25,90.4,21.93
2026-09-08 18:24:40,lht65-02,52.25,5.97326,2.976,18.11,90.6,21.87
2026-09-08 18:34:40,lht65-02,52.25,5.97326,2.991,18.0,90.9,21.81
2026-09-08 18:44:40,lht65-02,52.25,5.97326,2.992,17.94,91.3,21.75
2026-09-08 18:54:40,lht65-02,52.25,5.97326,2.991,17.83,91.6,21.68
2026-09-08 19:04:40,lht65-02,52.25,5.97326,2.985,17.76,91.9,21.62
2026-09-08 19:14:40,lht65-02,52.25,5.97326,2.959,17.69,92.3,21.62
2026-09-08 19:24:40,lht65-02,52.25,5.97326,2.976,17.64,92.6,21.56
2026-09-08 19:34:40,lht65-02,52.25,5.97326,2.983,17.64,93.3,21.5
2026-09-08 19:44:40,lht65-02,52.25,5.97326,2.983,17.64,93.9,21.43
2026-09-08 19:54:40,lht65-02,52.25,5.97326,2.983,17.51,93.8,21.37
2026-09-08 20:04:40,lht65-02,52.25,5.97326,2.968,17.37,93.7,21.37
2026-09-08 20:14:40,lht65-02,52.25,5.97326,2.985,17.26,93.8,21.31
2026-09-08 20:24:40,lht65-02,52.25,5.97326,2.991,17.16,94.0,21.25
2026-09-08 20:34:40,lht65-02,52.25,5.97326,2.994,17.09,94.4,21.18
2026-09-08 20:44:40,lht65-02,52.25,5.97326,2.996,17.09,94.8,21.12
2026-09-08 20:54:40,lht65-02,52.25,5.97326,2.994,16.96,94.7,21.06
2026-09-08 21:04:40,lht65-02,52.25,5.97326,2.973,16.88,94.7,21.06
2026-09-08 21:14:40,lht65-02,52.25,5.97326,2.976,16.79,94.7,21.0
2026-09-08 21:24:40,lht65-02,52.25,5.97326,2.962,16.68,94.6,20.93
2026-09-08 21:34:40,lht65-02,52.25,5.97326,2.998,16.58,94.7,20.93
2026-09-08 21:44:40,lht65-02,52.25,5.97326,3.005,16.53,94.9,20.87
2026-09-08 21:54:40,lht65-02,52.25,5.97326,3.009,16.52,95.4,20.81
2026-09-08 22:04:40,lht65-02,52.25,5.97326,3.005,16.52,96.0,20.75
2026-09-08 22:14:40,lht65-02,52.25,5.97326,3.007,16.43,96.3,20.68
2026-09-08 22:24:40,lht65-02,52.25,5.97326,3.001,16.25,95.8,20.62
2026-09-08 22:34:39,lht65-02,52.25,5.97326,2.769,15.94,94.5,20.56
2026-09-08 22:44:40,lht65-02,52.25,5.97326,2.957,15.57,93.2,20.56
2026-09-08 22:54:44,lht65-02,52.25,5.97326,2.857,15.21,92.6,20.5
2026-09-08 23:04:39,lht65-02,52.25,5.97326,2.973,14.84,92.4,20.5
2026-09-08 23:14:39,lht65-02,52.25,5.97326,2.955,14.48,92.5,20.43
2026-09-08 23:24:39,lht65-02,52.25,5.97326,2.894,14.26,92.2,20.37
2026-09-08 23:34:40,lht65-02,52.25,5.97326,2.894,13.84,92.3,20.31
2026-09-08 23:44:39,lht65-02,52.25,5.97326,2.938,13.55,92.9,20.25
2026-09-08 23:54:39,lht65-02,52.25,5.97326,2.971,13.33,93.2,20.18
2026-09-09 00:04:39,lht65-02,52.25,5.97326,2.966,13.21,93.7,20.12
2026-09-09 00:14:39,lht65-02,52.25,5.97326,2.948,13.09,94.3,20.06
2026-09-09 00:24:39,lht65-02,52.25,5.97326,2.998,13.02,94.5,20.0
2026-09-09 00:34:39,lht65-02,52.25,5.97326,3.001,13.09,95.3,19.93
2026-09-09 00:44:39,lht65-02,52.25,5.97326,2.962,13.27,96.5,19.87
2026-09-09 00:54:39,lht65-02,52.25,5.97326,2.966,13.47,98.5,19.81
2026-09-09 01:24:39,lht65-02,52.25,5.97326,2.998,13.67,100.0,19.68
2026-09-09 01:34:39,lht65-02,52.25,5.97326,2.996,13.5,100.0,19.62
2026-09-09 01:44:39,lht65-02,52.25,5.97326,2.964,13.3,100.0,19.56
2026-09-09 01:54:39,lht65-02,52.25,5.97326,2.952,13.09,100.0,19.5
2026-09-09 02:04:39,lht65-02,52.25,5.97326,2.978,12.83,99.9,19.5
2026-09-09 02:14:39,lht65-02,52.25,5.97326,2.928,12.64,99.5,19.43
2026-09-09 02:24:39,lht65-02,52.25,5.97326,2.983,12.49,99.8,19.37
2026-09-09 02:34:39,lht65-02,52.25,5.97326,2.872,12.42,100.0,19.31
2026-09-09 02:44:39,lht65-02,52.25,5.97326,2.992,12.37,100.0,19.31
2026-09-09 02:54:39,lht65-02,52.25,5.97326,2.971,12.32,100.0,19.25
2026-09-09 03:04:39,lht65-02,52.25,5.97326,2.992,12.24,100.0,19.18
2026-09-09 03:14:39,lht65-02,52.25,5.97326,2.991,12.18,100.0,19.12
2026-09-09 03:24:39,lht65-02,52.25,5.97326,2.983,12.11,100.0,19.12
2026-09-09 03:34:39,lht65-02,52.25,5.97326,2.962,12.0,100.0,19.0
2026-09-09 03:44:39,lht65-02,52.25,5.97326,2.894,11.94,100.0,19.0
2026-09-09 03:54:39,lht65-02,52.25,5.97326,2.889,11.91,100.0,18.93
2026-09-09 04:04:39,lht65-02,52.25,5.97326,2.957,11.88,100.0,18.87
2026-09-09 04:14:39,lht65-02,52.25,5.97326,2.991,11.83,100.0,18.87
2026-09-09 04:24:39,lht65-02,52.25,5.97326,2.941,11.81,100.0,18.81
2026-09-09 04:34:39,lht65-02,52.25,5.97326,2.952,11.79,100.0,18.75
2026-09-09 04:44:39,lht65-02,52.25,5.97326,2.994,11.78,100.0,18.68
2026-09-09 04:54:39,lht65-02,52.25,5.97326,2.926,11.79,100.0,18.62
2026-09-09 05:04:39,lht65-02,52.25,5.97326,2.994,11.78,100.0,18.62
2026-09-09 05:14:39,lht65-02,52.25,5.97326,2.948,11.79,100.0,18.62
2026-09-09 05:24:39,lht65-02,52.25,5.97326,2.911,11.86,100.0,18.56
2026-09-09 05:34:39,lht65-02,52.25,5.97326,2.938,12.02,100.0,18.5
2026-09-09 05:44:39,lht65-02,52.25,5.97326,2.998,12.23,100.0,18.5
2026-09-09 05:54:39,lht65-02,52.25,5.97326,2.998,12.49,100.0,18.5
2026-09-09 06:04:39,lht65-02,52.25,5.97326,2.996,12.79,100.0,18.43
2026-09-09 06:14:39,lht65-02,52.25,5.97326,2.998,13.14,100.0,18.43
2026-09-09 06:24:39,lht65-02,52.25,5.97326,2.998,13.54,100.0,18.37
2026-09-09 06:34:39,lht65-02,52.25,5.97326,2.998,14.09,100.0,18.37
2026-09-09 06:44:39,lht65-02,52.25,5.97326,2.998,14.67,100.0,18.37
2026-09-09 06:54:39,lht65-02,52.25,5.97326,2.998,15.41,100.0,18.37
2026-09-09 07:04:39,lht65-02,52.25,5.97326,3.0,16.12,100.0,18.37
2026-09-09 07:14:39,lht65-02,52.25,5.97326,2.998,16.95,100.0,18.37
2026-09-09 07:24:39,lht65-02,52.25,5.97326,2.998,17.77,99.0,18.37
2026-09-09 07:34:39,lht65-02,52.25,5.97326,3.001,18.58,94.7,18.43
2026-09-09 07:44:39,lht65-02,52.25,5.97326,3.005,19.46,92.9,18.43
2026-09-09 07:54:39,lht65-02,52.25,5.97326,2.991,20.35,91.8,18.5
2026-09-09 08:04:39,lht65-02,52.25,5.97326,2.991,21.39,90.8,18.56
2026-09-09 08:14:39,lht65-02,52.25,5.97326,2.985,22.59,87.8,18.62
2026-09-09 08:24:39,lht65-02,52.25,5.97326,2.987,23.77,84.2,18.68
2026-09-09 08:34:39,lht65-02,52.25,5.97326,2.991,25.04,82.2,18.75
2026-09-09 08:44:39,lht65-02,52.25,5.97326,2.936,26.25,78.4,18.81
2026-09-09 08:54:39,lht65-02,52.25,5.97326,2.819,27.0,78.6,18.93
2026-09-09 09:04:39,lht65-02,52.25,5.97326,2.969,26.54,75.5,19.06
2026-09-09 09:14:38,lht65-02,52.25,5.97326,2.969,25.88,75.5,19.18
2026-09-09 09:24:39,lht65-02,52.25,5.97326,2.98,25.1,75.7,19.31
2026-09-09 09:34:39,lht65-02,52.25,5.97326,2.968,25.88,76.2,19.37
2026-09-09 09:44:39,lht65-02,52.25,5.97326,2.978,26.98,72.6,19.5
2026-09-09 09:54:39,lht65-02,52.25,5.97326,2.98,26.85,69.2,19.62
2026-09-09 10:04:39,lht65-02,52.25,5.97326,2.98,26.27,68.6,19.68
2026-09-09 10:14:39,lht65-02,52.25,5.97326,2.98,25.91,69.8,19.81
2026-09-09 10:24:38,lht65-02,52.25,5.97326,2.98,25.81,76.0,19.93
2026-09-09 10:34:38,lht65-02,52.25,5.97326,2.98,25.53,75.4,20.0
2026-09-09 10:44:38,lht65-02,52.25,5.97326,2.976,26.54,80.0,20.12
2026-09-09 10:54:38,lht65-02,52.25,5.97326,2.857,27.91,80.1,20.18
2026-09-09 11:04:38,lht65-02,52.25,5.97326,2.917,29.3,67.5,20.25
2026-09-09 11:14:38,lht65-02,52.25,5.97326,3.001,27.95,63.0,20.37
2026-09-09 11:24:39,lht65-02,52.25,5.97326,2.992,26.22,65.1,20.5
2026-09-09 11:34:38,lht65-02,52.25,5.97326,2.991,24.9,70.4,20.62
2026-09-09 11:44:38,lht65-02,52.25,5.97326,2.98,24.3,77.3,20.68
2026-09-09 11:54:38,lht65-02,52.25,5.97326,2.95,25.34,83.2,20.75
2026-09-09 12:04:38,lht65-02,52.25,5.97326,2.971,26.82,80.3,20.81
2026-09-09 12:14:38,lht65-02,52.25,5.97326,2.742,28.19,82.1,20.75
2026-09-09 12:24:38,lht65-02,52.25,5.97326,2.798,29.79,66.5,20.93
2026-09-09 12:34:38,lht65-02,52.25,5.97326,2.976,29.89,62.7,21.0
2026-09-09 12:44:38,lht65-02,52.25,5.97326,2.952,30.46,65.2,21.12
2026-09-09 12:54:38,lht65-02,52.25,5.97326,3.0,30.39,56.7,21.25
2026-09-09 13:04:38,lht65-02,52.25,5.97326,3.0,29.9,60.7,21.37
2026-09-09 13:14:38,lht65-02,52.25,5.97326,3.001,30.49,65.5,21.5
2026-09-09 13:24:38,lht65-02,52.25,5.97326,3.001,28.38,58.1,21.62
2026-09-09 13:34:38,lht65-02,52.25,5.97326,3.001,27.39,65.1,21.75
2026-09-09 13:44:38,lht65-02,52.25,5.97326,3.001,27.52,63.8,21.81
2026-09-09 13:54:38,lht65-02,52.25,5.97326,2.996,26.44,63.6,21.93
2026-09-09 14:04:38,lht65-02,52.25,5.97326,2.998,26.0,68.2,22.0
2026-09-09 14:14:38,lht65-02,52.25,5.97326,3.001,25.97,69.2,22.06
2026-09-09 14:24:38,lht65-02,52.25,5.97326,3.001,25.93,69.4,22.12
2026-09-09 14:34:38,lht65-02,52.25,5.97326,2.998,25.16,70.1,22.18
2026-09-09 14:44:38,lht65-02,52.25,5.97326,3.0,25.85,73.1,22.18
2026-09-09 14:54:38,lht65-02,52.25,5.97326,3.0,26.83,71.3,22.18
2026-09-09 15:04:38,lht65-02,52.25,5.97326,3.0,26.37,68.5,22.25
2026-09-09 15:14:38,lht65-02,52.25,5.97326,3.001,25.8,67.1,22.25
2026-09-09 15:24:38,lht65-02,52.25,5.97326,2.983,24.72,68.9,22.31
2026-09-09 15:34:38,lht65-02,52.25,5.97326,2.98,23.41,71.3,22.31
2026-09-09 15:44:38,lht65-02,52.25,5.97326,2.987,22.39,75.7,22.31
2026-09-09 15:54:38,lht65-02,52.25,5.97326,2.922,21.6,78.2,22.31
2026-09-09 16:04:38,lht65-02,52.25,5.97326,2.907,21.28,81.1,22.25
2026-09-09 16:14:38,lht65-02,52.25,5.97326,3.007,21.45,81.9,22.25
2026-09-09 16:24:38,lht65-02,52.25,5.97326,3.005,21.26,82.0,22.25
2026-09-09 16:34:38,lht65-02,52.25,5.97326,2.897,21.15,81.8,22.12
2026-09-09 16:44:38,lht65-02,52.25,5.97326,2.917,20.81,82.4,22.12
2026-09-09 16:54:38,lht65-02,52.25,5.97326,2.897,20.37,82.9,22.06
2026-09-09 17:04:38,lht65-02,52.25,5.97326,3.001,19.99,83.2,22.06
2026-09-09 17:14:38,lht65-02,52.25,5.97326,2.98,19.53,83.6,22.0
2026-09-09 17:24:38,lht65-02,52.25,5.97326,2.941,18.95,84.2,21.93
2026-09-09 17:34:38,lht65-02,52.25,5.97326,2.945,18.53,85.3,21.87
2026-09-09 17:44:38,lht65-02,52.25,5.97326,2.969,18.19,85.6,21.81
2026-09-09 17:54:38,lht65-02,52.25,5.97326,2.976,17.84,86.6,21.75
2026-09-09 18:04:38,lht65-02,52.25,5.97326,2.978,17.51,87.3,21.68
2026-09-09 18:14:38,lht65-02,52.25,5.97326,2.969,17.09,87.8,21.68
2026-09-09 18:24:38,lht65-02,52.25,5.97326,2.991,16.91,88.5,21.62
2026-09-09 18:34:38,lht65-02,52.25,5.97326,2.978,16.68,89.3,21.56
2026-09-09 18:44:38,lht65-02,52.25,5.97326,2.983,16.49,89.6,21.43
2026-09-09 18:54:38,lht65-02,52.25,5.97326,2.98,16.33,90.2,21.37
2026-09-09 19:04:38,lht65-02,52.25,5.97326,2.978,16.23,90.6,21.37
2026-09-09 19:14:38,lht65-02,52.25,5.97326,2.969,16.1,90.7,21.25
2026-09-09 19:24:37,lht65-02,52.25,5.97326,2.982,15.9,90.2,21.18
2026-09-09 19:34:38,lht65-02,52.25,5.97326,2.973,15.59,89.2,21.12
2026-09-09 19:44:38,lht65-02,52.25,5.97326,2.987,15.23,88.8,21.06
2026-09-09 19:54:38,lht65-02,52.25,5.97326,2.994,14.87,88.7,21.0
2026-09-09 20:04:38,lht65-02,52.25,5.97326,2.985,14.56,89.1,20.93
2026-09-09 20:14:38,lht65-02,52.25,5.97326,2.98,14.32,89.9,20.87
2026-09-09 20:24:37,lht65-02,52.25,5.97326,2.991,14.31,90.8,20.81
2026-09-09 20:34:37,lht65-02,52.25,5.97326,2.976,14.28,90.9,20.68
2026-09-09 20:44:37,lht65-02,52.25,5.97326,2.957,13.95,90.7,20.62
2026-09-09 20:54:37,lht65-02,52.25,5.97326,2.964,13.88,91.8,20.56
2026-09-09 21:04:38,lht65-02,52.25,5.97326,2.983,13.96,93.2,20.5
2026-09-09 21:14:37,lht65-02,52.25,5.97326,2.98,13.95,94.0,20.43
2026-09-09 21:24:37,lht65-02,52.25,5.97326,2.98,13.74,93.4,20.37
2026-09-09 21:34:37,lht65-02,52.25,5.97326,2.964,13.41,92.0,20.31
2026-09-09 21:44:37,lht65-02,52.25,5.97326,2.973,13.11,91.6,20.25
2026-09-09 21:54:37,lht65-02,52.25,5.97326,2.983,12.92,92.0,20.18
2026-09-09 22:04:37,lht65-02,52.25,5.97326,2.98,12.81,92.5,20.12
2026-09-09 22:14:37,lht65-02,52.25,5.97326,2.983,12.72,92.7,20.06
2026-09-09 22:24:37,lht65-02,52.25,5.97326,2.98,12.63,92.7,20.0
2026-09-09 22:34:37,lht65-02,52.25,5.97326,2.964,12.52,92.9,19.93
2026-09-09 22:44:37,lht65-02,52.25,5.97326,2.983,12.44,93.0,19.87
2026-09-09 22:54:37,lht65-02,52.25,5.97326,2.983,12.33,93.0,19.81
2026-09-09 23:04:37,lht65-02,52.25,5.97326,2.978,12.25,93.1,19.75
2026-09-09 23:14:37,lht65-02,52.25,5.97326,2.973,12.12,93.1,19.68
2026-09-09 23:24:37,lht65-02,52.25,5.97326,2.819,12.04,93.1,19.56
2026-09-09 23:34:37,lht65-02,52.25,5.97326,2.987,11.85,92.7,19.56
2026-09-09 23:44:37,lht65-02,52.25,5.97326,2.998,11.74,92.9,19.5
2026-09-09 23:54:37,lht65-02,52.25,5.97326,2.998,11.66,93.2,19.43
2026-09-10 00:04:37,lht65-02,52.25,5.97326,2.959,11.55,93.3,19.37
2026-09-10 00:14:37,lht65-02,52.25,5.97326,2.973,11.46,93.2,19.31
2026-09-10 00:24:37,lht65-02,52.25,5.97326,2.98,11.36,93.3,19.25
2026-09-10 00:34:37,lht65-02,52.25,5.97326,2.945,11.23,93.2,19.18
2026-09-10 00:44:37,lht65-02,52.25,5.97326,2.934,11.08,92.9,19.12
2026-09-10 00:54:37,lht65-02,52.25,5.97326,2.985,10.89,92.4,19.12
2026-09-10 01:04:37,lht65-02,52.25,5.97326,2.938,10.73,92.5,19.06
2026-09-10 01:14:37,lht65-02,52.25,5.97326,2.994,10.62,92.9,19.0
2026-09-10 01:24:37,lht65-02,52.25,5.97326,2.998,10.61,93.3,18.93
2026-09-10 01:34:37,lht65-02,52.25,5.97326,2.994,10.62,93.9,18.87
2026-09-10 01:44:37,lht65-02,52.25,5.97326,2.996,10.71,94.6,18.81
2026-09-10 01:54:37,lht65-02,52.25,5.97326,2.998,10.8,95.9,18.75
2026-09-10 02:04:37,lht65-02,52.25,5.97326,2.996,10.9,97.2,18.68
2026-09-10 02:14:37,lht65-02,52.25,5.97326,2.992,11.14,98.9,18.62
2026-09-10 02:24:37,lht65-02,52.25,5.97326,2.991,11.45,100.0,18.62
2026-09-10 02:34:37,lht65-02,52.25,5.97326,3.0,11.73,100.0,18.56
2026-09-10 02:44:37,lht65-02,52.25,5.97326,2.992,12.04,100.0,18.56
2026-09-10 02:54:37,lht65-02,52.25,5.97326,2.996,12.25,100.0,18.5
2026-09-10 03:04:37,lht65-02,52.25,5.97326,3.0,12.38,100.0,18.5
2026-09-10 03:14:37,lht65-02,52.25,5.97326,2.998,12.36,100.0,18.43
2026-09-10 03:24:37,lht65-02,52.25,5.97326,2.991,12.2,100.0,18.43
2026-09-10 03:34:37,lht65-02,52.25,5.97326,2.969,11.98,100.0,18.37
2026-09-10 03:44:37,lht65-02,52.25,5.97326,2.933,11.8,100.0,18.31
2026-09-10 03:54:37,lht65-02,52.25,5.97326,2.95,11.8,100.0,18.31
2026-09-10 04:04:37,lht65-02,52.25,5.97326,2.95,11.7,100.0,18.31
2026-09-10 04:14:37,lht65-02,52.25,5.97326,2.962,11.55,100.0,18.25
2026-09-10 04:24:37,lht65-02,52.25,5.97326,2.976,11.44,100.0,18.25
2026-09-10 04:34:37,lht65-02,52.25,5.97326,2.969,11.24,100.0,18.25
2026-09-10 04:44:37,lht65-02,52.25,5.97326,2.976,11.02,100.0,18.18
2026-09-10 04:54:37,lht65-02,52.25,5.97326,2.969,10.86,100.0,18.12
2026-09-10 05:04:37,lht65-02,52.25,5.97326,2.983,10.64,100.0,18.12
2026-09-10 05:14:37,lht65-02,52.25,5.97326,2.98,10.56,100.0,18.06
2026-09-10 05:24:37,lht65-02,52.25,5.97326,2.975,10.5,100.0,18.06
2026-09-10 05:34:37,lht65-02,52.25,5.97326,2.969,10.5,100.0,18.0
2026-09-10 05:44:37,lht65-02,52.25,5.97326,2.969,10.62,100.0,18.0
2026-09-10 05:54:37,lht65-02,52.25,5.97326,2.966,10.71,100.0,17.93
2026-09-10 06:04:37,lht65-02,52.25,5.97326,2.966,10.86,100.0,17.87
2026-09-10 06:14:37,lht65-02,52.25,5.97326,2.966,11.15,100.0,17.87
2026-09-10 06:24:37,lht65-02,52.25,5.97326,2.968,11.55,100.0,17.81
2026-09-10 06:34:37,lht65-02,52.25,5.97326,2.973,12.11,100.0,17.81
2026-09-10 06:44:37,lht65-02,52.25,5.97326,2.966,12.83,100.0,17.75
2026-09-10 06:54:37,lht65-02,52.25,5.97326,2.957,13.63,100.0,17.75
2026-09-10 07:04:37,lht65-02,52.25,5.97326,2.952,14.43,100.0,17.75
2026-09-10 07:14:37,lht65-02,52.25,5.97326,2.948,15.23,100.0,17.75
2026-09-10 07:24:37,lht65-02,52.25,5.97326,2.959,16.09,100.0,17.75
2026-09-10 07:34:37,lht65-02,52.25,5.97326,2.952,17.02,100.0,17.81
2026-09-10 07:44:36,lht65-02,52.25,5.97326,2.948,18.06,99.8,17.81
2026-09-10 07:54:37,lht65-02,52.25,5.97326,2.955,19.28,96.7,17.87
2026-09-10 08:04:37,lht65-02,52.25,5.97326,2.959,20.46,94.4,17.93
2026-09-10 08:14:37,lht65-02,52.25,5.97326,2.983,21.68,93.2,18.0
2026-09-10 08:24:36,lht65-02,52.25,5.97326,2.98,22.98,91.4,18.06
2026-09-10 08:34:36,lht65-02,52.25,5.97326,2.983,24.37,89.5,18.12
2026-09-10 08:44:36,lht65-02,52.25,5.97326,2.982,25.72,88.3,18.25
2026-09-10 08:54:36,lht65-02,52.25,5.97326,2.962,27.0,84.7,18.31
2026-09-10 09:04:36,lht65-02,52.25,5.97326,2.945,28.37,77.6,18.43
2026-09-10 09:14:37,lht65-02,52.25,5.97326,2.959,29.29,70.3,18.56
2026-09-10 09:24:36,lht65-02,52.25,5.97326,2.996,29.01,66.2,18.68
2026-09-10 09:34:36,lht65-02,52.25,5.97326,2.996,28.23,67.6,18.87
2026-09-10 09:44:36,lht65-02,52.25,5.97326,2.994,27.49,67.0,19.0
2026-09-10 09:54:36,lht65-02,52.25,5.97326,2.996,27.78,71.0,19.12
2026-09-10 10:04:36,lht65-02,52.25,5.97326,2.994,27.86,68.2,19.25
2026-09-10 10:14:37,lht65-02,52.25,5.97326,2.998,28.08,70.8,19.43
2026-09-10 10:24:36,lht65-02,52.25,5.97326,2.994,28.99,70.5,19.56
2026-09-10 10:34:36,lht65-02,52.25,5.97326,2.838,30.13,64.7,19.62
2026-09-10 10:44:36,lht65-02,52.25,5.97326,2.973,29.95,63.4,19.81
2026-09-10 10:54:36,lht65-02,52.25,5.97326,2.996,29.42,63.5,20.0
2026-09-10 11:04:36,lht65-02,52.25,5.97326,2.978,30.82,70.2,20.12
2026-09-10 11:14:36,lht65-02,52.25,5.97326,3.001,29.39,48.7,20.25
2026-09-10 11:24:36,lht65-02,52.25,5.97326,2.992,27.53,48.9,20.37
2026-09-10 11:34:36,lht65-02,52.25,5.97326,2.987,25.34,53.5,20.5
2026-09-10 11:44:36,lht65-02,52.25,5.97326,2.975,23.99,67.3,20.56
2026-09-10 11:54:36,lht65-02,52.25,5.97326,2.996,25.08,80.5,20.68
2026-09-10 12:04:36,lht65-02,52.25,5.97326,2.991,27.26,81.4,20.75
2026-09-10 12:14:36,lht65-02,52.25,5.97326,2.98,29.57,53.0,20.81
2026-09-10 12:24:36,lht65-02,52.25,5.97326,2.998,28.6,47.4,20.87
2026-09-10 12:34:36,lht65-02,52.25,5.97326,2.998,28.04,45.5,21.0
2026-09-10 12:44:36,lht65-02,52.25,5.97326,2.994,26.44,56.6,21.06
2026-09-10 12:54:36,lht65-02,52.25,5.97326,2.996,25.94,65.9,21.18
2026-09-10 13:04:36,lht65-02,52.25,5.97326,3.0,26.71,70.9,21.25
2026-09-10 13:14:36,lht65-02,52.25,5.97326,3.001,27.19,64.9,21.31
2026-09-10 13:24:36,lht65-02,52.25,5.97326,3.001,27.01,66.6,21.37
2026-09-10 13:34:36,lht65-02,52.25,5.97326,3.001,28.08,64.7,21.43
2026-09-10 13:44:36,lht65-02,52.25,5.97326,3.001,27.63,67.9,21.5
2026-09-10 13:54:36,lht65-02,52.25,5.97326,3.001,27.26,68.1,21.56
2026-09-10 14:04:36,lht65-02,52.25,5.97326,3.001,28.31,66.6,21.68
2026-09-10 14:14:36,lht65-02,52.25,5.97326,3.0,29.07,65.3,21.75
2026-09-10 14:24:36,lht65-02,52.25,5.97326,3.001,28.24,63.3,21.81
2026-09-10 14:34:36,lht65-02,52.25,5.97326,3.001,27.29,69.3,21.87
2026-09-10 14:44:36,lht65-02,52.25,5.97326,2.998,26.29,61.3,21.93
2026-09-10 14:54:36,lht65-02,52.25,5.97326,2.98,25.32,67.6,22.0
2026-09-10 15:04:36,lht65-02,52.25,5.97326,3.0,25.22,66.9,22.0
2026-09-10 15:14:36,lht65-02,52.25,5.97326,3.0,25.07,69.0,22.0
2026-09-10 15:24:36,lht65-02,52.25,5.97326,3.001,24.95,70.1,22.06
2026-09-10 15:34:36,lht65-02,52.25,5.97326,2.996,24.76,70.1,22.06
2026-09-10 15:44:36,lht65-02,52.25,5.97326,2.994,24.55,69.8,22.06
2026-09-10 15:54:36,lht65-02,52.25,5.97326,2.982,24.24,71.3,22.06
2026-09-10 16:04:36,lht65-02,52.25,5.97326,2.987,23.96,73.4,22.06
2026-09-10 16:14:36,lht65-02,52.25,5.97326,2.996,23.81,75.1,22.06
2026-09-10 16:24:36,lht65-02,52.25,5.97326,2.983,23.65,75.5,22.06
2026-09-10 16:34:36,lht65-02,52.25,5.97326,2.996,23.5,77.2,22.06
2026-09-10 16:44:36,lht65-02,52.25,5.97326,2.976,23.15,78.7,22.06
2026-09-10 16:54:36,lht65-02,52.25,5.97326,2.982,22.58,78.1,22.0
2026-09-10 17:04:36,lht65-02,52.25,5.97326,2.957,21.91,79.3,22.0
2026-09-10 17:14:36,lht65-02,52.25,5.97326,2.791,21.22,80.4,21.93
2026-09-10 17:24:35,lht65-02,52.25,5.97326,2.934,20.6,81.7,21.93
2026-09-10 17:34:36,lht65-02,52.25,5.97326,2.98,20.11,82.5,21.87
2026-09-10 17:44:36,lht65-02,52.25,5.97326,2.971,19.69,82.6,21.81
2026-09-10 17:54:36,lht65-02,52.25,5.97326,2.983,18.95,82.9,21.81
2026-09-10 18:04:35,lht65-02,52.25,5.97326,2.938,18.21,83.2,21.75
2026-09-10 18:14:35,lht65-02,52.25,5.97326,2.954,17.52,83.9,21.68
2026-09-10 18:24:35,lht65-02,52.25,5.97326,2.94,16.99,86.0,21.62
2026-09-10 18:34:35,lht65-02,52.25,5.97326,2.931,16.72,87.8,21.56
2026-09-10 18:44:35,lht65-02,52.25,5.97326,2.962,16.63,89.4,21.5
2026-09-10 18:54:36,lht65-02,52.25,5.97326,2.962,16.57,90.2,21.37
2026-09-10 19:04:35,lht65-02,52.25,5.97326,2.983,16.47,89.7,21.31
2026-09-10 19:14:35,lht65-02,52.25,5.97326,2.976,16.2,88.3,21.25
2026-09-10 19:24:35,lht65-02,52.25,5.97326,2.952,15.81,87.8,21.18
2026-09-10 19:34:35,lht65-02,52.25,5.97326,2.983,15.55,89.0,21.12
2026-09-10 19:44:35,lht65-02,52.25,5.97326,2.98,15.51,90.5,21.06
2026-09-10 19:54:35,lht65-02,52.25,5.97326,2.996,15.54,91.5,21.0
2026-09-10 20:04:35,lht65-02,52.25,5.97326,2.994,15.59,92.2,20.93
2026-09-10 20:14:35,lht65-02,52.25,5.97326,2.98,15.67,93.0,20.87
2026-09-10 20:24:35,lht65-02,52.25,5.97326,3.0,15.74,93.9,20.75
2026-09-10 20:34:35,lht65-02,52.25,5.97326,2.998,15.81,94.5,20.75
2026-09-10 20:44:35,lht65-02,52.25,5.97326,3.0,15.9,95.2,20.68
2026-09-10 20:54:35,lht65-02,52.25,5.97326,2.998,15.96,95.7,20.62
2026-09-10 21:04:35,lht65-02,52.25,5.97326,2.998,15.99,95.8,20.56
2026-09-10 21:14:35,lht65-02,52.25,5.97326,2.994,16.03,95.9,20.5
2026-09-10 21:24:35,lht65-02,52.25,5.97326,2.998,16.03,95.8,20.43
2026-09-10 21:34:35,lht65-02,52.25,5.97326,2.994,16.04,95.8,20.43
2026-09-10 21:44:35,lht65-02,52.25,5.97326,2.998,16.07,95.9,20.37
2026-09-10 21:54:35,lht65-02,52.25,5.97326,2.989,16.09,96.0,20.31
2026-09-10 22:04:35,lht65-02,52.25,5.97326,3.001,16.11,96.1,20.31
2026-09-10 22:14:35,lht65-02,52.25,5.97326,2.987,16.13,96.2,20.25
2026-09-10 22:24:35,lht65-02,52.25,5.97326,2.968,16.12,96.1,20.18
2026-09-10 22:34:35,lht65-02,52.25,5.97326,2.991,16.08,96.1,20.18
2026-09-10 22:44:35,lht65-02,52.25,5.97326,2.987,15.98,95.7,20.12
2026-09-10 22:54:35,lht65-02,52.25,5.97326,2.992,15.81,95.1,20.12
2026-09-10 23:04:35,lht65-02,52.25,5.97326,2.994,15.69,95.1,20.06
2026-09-10 23:14:35,lht65-02,52.25,5.97326,2.991,15.53,94.9,20.0
2026-09-10 23:24:35,lht65-02,52.25,5.97326,2.992,15.38,94.7,20.0
2026-09-10 23:34:35,lht65-02,52.25,5.97326,2.971,15.23,94.7,19.93
2026-09-10 23:44:35,lht65-02,52.25,5.97326,2.959,15.02,94.3,19.93
2026-09-10 23:54:35,lht65-02,52.25,5.97326,2.959,14.76,94.0,19.87
2026-09-11 00:04:35,lht65-02,52.25,5.97326,2.985,14.65,94.7,19.87
2026-09-11 00:14:35,lht65-02,52.25,5.97326,2.976,14.57,95.1,19.81
2026-09-11 00:24:35,lht65-02,52.25,5.97326,2.976,14.5,95.3,19.75
2026-09-11 00:34:35,lht65-02,52.25,5.97326,2.987,14.46,95.6,19.68
2026-09-11 00:44:35,lht65-02,52.25,5.97326,2.989,14.51,96.2,19.68
2026-09-11 00:54:35,lht65-02,52.25,5.97326,2.991,14.58,96.7,19.62
2026-09-11 01:04:35,lht65-02,52.25,5.97326,2.991,14.6,97.4,19.62
2026-09-11 01:14:35,lht65-02,52.25,5.97326,2.991,14.65,98.1,19.56
2026-09-11 01:24:35,lht65-02,52.25,5.97326,2.991,14.67,98.7,19.5
2026-09-11 01:34:35,lht65-02,52.25,5.97326,2.989,14.59,98.7,19.5
2026-09-11 01:44:35,lht65-02,52.25,5.97326,2.991,14.42,98.1,19.43
2026-09-11 01:54:35,lht65-02,52.25,5.97326,2.989,14.31,97.6,19.43
2026-09-11 02:04:35,lht65-02,52.25,5.97326,2.987,14.3,97.8,19.37
2026-09-11 02:14:35,lht65-02,52.25,5.97326,2.991,14.31,98.3,19.37
2026-09-11 02:24:35,lht65-02,52.25,5.97326,2.987,14.32,98.7,19.31
2026-09-11 02:34:35,lht65-02,52.25,5.97326,2.987,14.39,99.0,19.25
2026-09-11 02:44:35,lht65-02,52.25,5.97326,2.991,14.42,99.3,19.25
2026-09-11 02:54:35,lht65-02,52.25,5.97326,2.991,14.41,99.6,19.25
2026-09-11 03:04:35,lht65-02,52.25,5.97326,2.991,14.31,99.4,19.18
2026-09-11 03:14:35,lht65-02,52.25,5.97326,2.991,14.3,99.1,19.18
2026-09-11 03:24:35,lht65-02,52.25,5.97326,2.957,14.15,98.8,19.12
2026-09-11 03:34:35,lht65-02,52.25,5.97326,2.991,14.11,98.9,19.12
2026-09-11 03:44:35,lht65-02,52.25,5.97326,2.985,14.04,99.0,19.06
2026-09-11 03:54:35,lht65-02,52.25,5.97326,2.982,14.01,99.2,19.06
2026-09-11 04:04:35,lht65-02,52.25,5.97326,2.982,13.98,99.3,19.0
2026-09-11 04:14:35,lht65-02,52.25,5.97326,2.991,13.96,99.3,19.0
2026-09-11 04:24:35,lht65-02,52.25,5.97326,2.992,13.9,99.5,19.0
2026-09-11 04:34:35,lht65-02,52.25,5.97326,2.992,13.9,99.6,18.93
2026-09-11 04:44:35,lht65-02,52.25,5.97326,2.983,13.87,99.6,18.93
2026-09-11 04:54:35,lht65-02,52.25,5.97326,2.983,13.87,99.7,18.87
2026-09-11 05:04:35,lht65-02,52.25,5.97326,2.983,13.88,99.8,18.87
2026-09-11 05:14:34,lht65-02,52.25,5.97326,2.98,13.85,99.9,18.81
2026-09-11 05:24:34,lht65-02,52.25,5.97326,2.98,13.73,99.7,18.81
2026-09-11 05:34:34,lht65-02,52.25,5.97326,2.983,13.69,99.5,18.81
2026-09-11 05:44:35,lht65-02,52.25,5.97326,2.983,13.81,99.7,18.75
2026-09-11 05:54:34,lht65-02,52.25,5.97326,2.98,14.1,100.0,18.75
2026-09-11 06:04:35,lht65-02,52.25,5.97326,2.982,14.35,100.0,18.68
2026-09-11 06:14:34,lht65-02,52.25,5.97326,2.983,14.73,100.0,18.68
2026-09-11 06:24:34,lht65-02,52.25,5.97326,2.983,15.1,100.0,18.68
2026-09-11 06:34:34,lht65-02,52.25,5.97326,2.982,15.49,100.0,18.62
2026-09-11 06:44:35,lht65-02,52.25,5.97326,2.98,15.92,100.0,18.62
2026-09-11 06:54:34,lht65-02,52.25,5.97326,2.978,16.38,100.0,18.62
2026-09-11 07:04:34,lht65-02,52.25,5.97326,2.976,16.85,100.0,18.62
2026-09-11 07:14:34,lht65-02,52.25,5.97326,2.976,17.37,100.0,18.62
2026-09-11 07:24:34,lht65-02,52.25,5.97326,2.973,18.0,100.0,18.68
2026-09-11 07:34:34,lht65-02,52.25,5.97326,2.973,18.64,100.0,18.68
2026-09-11 07:44:34,lht65-02,52.25,5.97326,2.968,19.19,100.0,18.68
2026-09-11 07:54:34,lht65-02,52.25,5.97326,2.962,19.86,97.1,18.75
2026-09-11 08:04:34,lht65-02,52.25,5.97326,2.962,20.85,95.6,18.81
2026-09-11 08:14:34,lht65-02,52.25,5.97326,2.936,21.93,94.4,18.81
2026-09-11 08:24:34,lht65-02,52.25,5.97326,2.943,23.05,93.4,18.87
2026-09-11 08:34:34,lht65-02,52.25,5.97326,2.884,23.99,87.9,18.93
2026-09-11 08:44:34,lht65-02,52.25,5.97326,2.931,24.87,84.5,19.0
2026-09-11 08:54:34,lht65-02,52.25,5.97326,2.912,25.44,83.0,19.12
2026-09-11 09:04:34,lht65-02,52.25,5.97326,2.966,26.06,84.3,19.18
2026-09-11 09:14:34,lht65-02,52.25,5.97326,2.962,27.15,84.3,19.31
2026-09-11 09:24:34,lht65-02,52.25,5.97326,2.964,28.12,84.9,19.37
2026-09-11 09:34:34,lht65-02,52.25,5.97326,2.924,28.77,81.0,19.5
2026-09-11 09:44:34,lht65-02,52.25,5.97326,2.934,29.0,79.0,19.68
2026-09-11 09:54:34,lht65-02,52.25,5.97326,2.987,29.12,78.9,19.81
2026-09-11 10:04:34,lht65-02,52.25,5.97326,2.959,29.11,74.4,19.93
2026-09-11 10:14:34,lht65-02,52.25,5.97326,2.998,28.42,74.7,20.06
2026-09-11 10:24:34,lht65-02,52.25,5.97326,3.0,27.46,74.8,20.18
2026-09-11 10:34:34,lht65-02,52.25,5.97326,2.998,26.58,76.0,20.31
2026-09-11 10:44:34,lht65-02,52.25,5.97326,2.952,25.96,78.5,20.37
2026-09-11 10:54:34,lht65-02,52.25,5.97326,2.992,25.6,79.0,20.5
2026-09-11 11:04:34,lht65-02,52.25,5.97326,2.996,25.32,79.8,20.56
2026-09-11 11:14:34,lht65-02,52.25,5.97326,2.994,25.32,80.9,20.62
2026-09-11 11:24:34,lht65-02,52.25,5.97326,2.938,25.32,81.1,20.68
2026-09-11 11:34:34,lht65-02,52.25,5.97326,3.001,25.32,82.2,20.75
2026-09-11 11:44:34,lht65-02,52.25,5.97326,3.005,25.02,80.4,20.81
2026-09-11 11:54:34,lht65-02,52.25,5.97326,3.0,24.57,80.8,20.87
2026-09-11 12:04:34,lht65-02,52.25,5.97326,3.007,24.54,82.2,20.93
2026-09-11 12:14:34,lht65-02,52.25,5.97326,3.007,25.04,82.8,21.0
2026-09-11 12:24:34,lht65-02,52.25,5.97326,3.005,25.49,82.6,21.0
2026-09-11 12:34:34,lht65-02,52.25,5.97326,3.005,26.08,81.8,21.06
2026-09-11 12:44:34,lht65-02,52.25,5.97326,3.005,26.13,80.2,21.12
2026-09-11 12:54:34,lht65-02,52.25,5.97326,3.005,26.01,80.9,21.12
2026-09-11 13:04:34,lht65-02,52.25,5.97326,2.991,26.25,81.5,21.18
2026-09-11 13:14:34,lht65-02,52.25,5.97326,2.924,26.33,81.2,21.25
2026-09-11 13:24:34,lht65-02,52.25,5.97326,2.921,26.68,81.9,21.31
2026-09-11 13:34:34,lht65-02,52.25,5.97326,2.998,27.23,81.8,21.37
2026-09-11 13:44:34,lht65-02,52.25,5.97326,2.911,28.05,81.9,21.43
2026-09-11 13:54:34,lht65-02,52.25,5.97326,3.005,28.7,71.1,21.5
2026-09-11 14:04:33,lht65-02,52.25,5.97326,3.007,28.22,71.4,21.56
2026-09-11 14:14:34,lht65-02,52.25,5.97326,3.007,27.33,73.6,21.68
2026-09-11 14:24:34,lht65-02,52.25,5.97326,3.005,26.65,73.9,21.75
2026-09-11 14:34:34,lht65-02,52.25,5.97326,3.005,25.74,75.2,21.81
2026-09-11 14:44:34,lht65-02,52.25,5.97326,3.003,25.27,76.3,21.81
2026-09-11 14:54:34,lht65-02,52.25,5.97326,3.0,24.82,76.9,21.87
2026-09-11 15:04:33,lht65-02,52.25,5.97326,2.998,24.77,78.4,21.93
2026-09-11 15:14:34,lht65-02,52.25,5.97326,3.001,24.8,78.9,21.93
2026-09-11 15:24:33,lht65-02,52.25,5.97326,3.001,24.76,78.6,21.93
2026-09-11 15:34:34,lht65-02,52.25,5.97326,3.001,24.6,79.5,21.93
2026-09-11 15:44:33,lht65-02,52.25,5.97326,3.001,24.63,78.6,22.0
2026-09-11 15:54:34,lht65-02,52.25,5.97326,3.001,24.82,79.2,22.0
2026-09-11 16:04:33,lht65-02,52.25,5.97326,3.001,24.96,78.8,22.0
2026-09-11 16:14:33,lht65-02,52.25,5.97326,3.001,24.92,78.9,22.0
2026-09-11 16:24:33,lht65-02,52.25,5.97326,3.0,24.66,78.6,22.0
2026-09-11 16:34:33,lht65-02,52.25,5.97326,2.994,24.27,79.4,22.0
2026-09-11 16:44:34,lht65-02,52.25,5.97326,2.987,23.91,80.7,22.06
2026-09-11 16:54:34,lht65-02,52.25,5.97326,2.985,23.51,80.8,22.06
2026-09-11 17:04:33,lht65-02,52.25,5.97326,2.975,22.95,82.3,22.0
2026-09-11 17:14:33,lht65-02,52.25,5.97326,2.973,22.43,83.8,22.0
2026-09-11 17:24:33,lht65-02,52.25,5.97326,2.959,21.95,85.7,21.93
2026-09-11 17:34:33,lht65-02,52.25,5.97326,2.959,21.53,86.6,21.93
2026-09-11 17:44:33,lht65-02,52.25,5.97326,2.902,21.19,87.2,21.93
2026-09-11 17:54:33,lht65-02,52.25,5.97326,2.948,20.71,87.8,21.87
2026-09-11 18:04:33,lht65-02,52.25,5.97326,2.987,20.29,88.3,21.87
2026-09-11 18:14:33,lht65-02,52.25,5.97326,2.987,19.84,87.6,21.81
2026-09-11 18:24:33,lht65-02,52.25,5.97326,2.968,19.29,87.6,21.81
2026-09-11 18:34:33,lht65-02,52.25,5.97326,2.955,18.83,88.3,21.68
2026-09-11 18:44:33,lht65-02,52.25,5.97326,2.969,18.51,89.1,21.68
2026-09-11 18:54:33,lht65-02,52.25,5.97326,2.976,18.15,88.9,21.62
2026-09-11 19:04:33,lht65-02,52.25,5.97326,2.957,17.69,88.6,21.56
2026-09-11 19:14:33,lht65-02,52.25,5.97326,2.973,17.25,89.0,21.5
2026-09-11 19:24:33,lht65-02,52.25,5.97326,2.983,16.98,89.7,21.43
2026-09-11 19:34:33,lht65-02,52.25,5.97326,2.966,16.65,89.9,21.37
2026-09-11 19:44:33,lht65-02,52.25,5.97326,2.971,16.37,90.4,21.31
2026-09-11 19:54:33,lht65-02,52.25,5.97326,2.973,16.18,90.7,21.25
2026-09-11 20:04:33,lht65-02,52.25,5.97326,2.98,16.05,91.0,21.18
2026-09-11 20:14:33,lht65-02,52.25,5.97326,2.98,15.69,90.5,21.12
2026-09-11 20:24:33,lht65-02,52.25,5.97326,2.985,15.53,91.0,21.0
2026-09-11 20:34:33,lht65-02,52.25,5.97326,2.983,15.41,91.2,20.93
2026-09-11 20:44:33,lht65-02,52.25,5.97326,2.987,15.23,91.4,20.87
2026-09-11 20:54:33,lht65-02,52.25,5.97326,2.991,15.05,91.4,20.81
2026-09-11 21:04:33,lht65-02,52.25,5.97326,2.987,14.85,91.7,20.75
2026-09-11 21:14:33,lht65-02,52.25,5.97326,2.989,14.77,92.4,20.68
2026-09-11 21:24:33,lht65-02,52.25,5.97326,2.991,14.87,94.2,20.62
2026-09-11 21:34:33,lht65-02,52.25,5.97326,2.991,14.83,95.4,20.56
2026-09-11 21:44:33,lht65-02,52.25,5.97326,2.994,14.74,95.4,20.5
2026-09-11 21:54:33,lht65-02,52.25,5.97326,2.992,14.61,95.1,20.43
2026-09-11 22:04:33,lht65-02,52.25,5.97326,2.975,14.41,94.6,20.37
2026-09-11 22:24:33,lht65-02,52.25,5.97326,2.959,14.07,94.0,20.25
2026-09-11 22:34:33,lht65-02,52.25,5.97326,2.955,13.81,93.9,20.25
2026-09-11 22:44:33,lht65-02,52.25,5.97326,2.98,13.61,93.8,20.18
2026-09-11 22:54:33,lht65-02,52.25,5.97326,2.971,13.41,93.8,20.06
2026-09-11 23:04:33,lht65-02,52.25,5.97326,2.954,13.27,94.0,20.0
2026-09-11 23:14:33,lht65-02,52.25,5.97326,2.983,13.13,94.3,20.0
2026-09-11 23:24:33,lht65-02,52.25,5.97326,2.976,12.92,94.2,19.87
2026-09-11 23:34:33,lht65-02,52.25,5.97326,2.948,12.77,94.2,19.87
2026-09-11 23:44:33,lht65-02,52.25,5.97326,2.98,12.62,94.3,19.81
2026-09-11 23:54:33,lht65-02,52.25,5.97326,2.98,12.5,94.5,19.75
2026-09-12 00:04:33,lht65-02,52.25,5.97326,2.968,12.4,94.7,19.68
2026-09-12 00:14:33,lht65-02,52.25,5.97326,2.98,12.35,95.0,19.62
2026-09-12 00:24:33,lht65-02,52.25,5.97326,2.991,12.29,95.2,19.56
2026-09-12 00:34:33,lht65-02,52.25,5.97326,2.985,12.2,95.2,19.5
2026-09-12 00:44:33,lht65-02,52.25,5.97326,2.934,12.07,95.0,19.43
2026-09-12 00:54:33,lht65-02,52.25,5.97326,2.94,11.91,94.8,19.37
2026-09-12 01:04:33,lht65-02,52.25,5.97326,2.635,11.76,94.8,19.31
2026-09-12 01:14:33,lht65-02,52.25,5.97326,2.991,11.65,94.8,19.31
2026-09-12 01:24:33,lht65-02,52.25,5.97326,2.987,11.55,95.0,19.25
2026-09-12 01:34:33,lht65-02,52.25,5.97326,2.991,11.54,95.1,19.18
2026-09-12 01:44:33,lht65-02,52.25,5.97326,2.983,11.43,95.1,19.12
2026-09-12 01:54:33,lht65-02,52.25,5.97326,3.0,11.32,95.2,19.06
2026-09-12 02:04:33,lht65-02,52.25,5.97326,3.0,11.25,95.3,19.0
2026-09-12 02:14:32,lht65-02,52.25,5.97326,3.0,11.19,95.4,19.0
2026-09-12 02:24:32,lht65-02,52.25,5.97326,2.998,11.12,95.4,18.93
2026-09-12 02:34:32,lht65-02,52.25,5.97326,2.998,11.06,95.5,18.87
2026-09-12 02:44:52,lht65-02,52.25,5.97326,2.987,10.93,95.3,18.81
2026-09-12 02:54:50,lht65-02,52.25,5.97326,2.992,10.8,95.2,18.75
2026-09-12 03:04:50,lht65-02,52.25,5.97326,2.983,10.67,95.2,18.68
2026-09-12 03:14:50,lht65-02,52.25,5.97326,2.987,10.62,95.2,18.62
2026-09-12 03:24:50,lht65-02,52.25,5.97326,2.987,10.5,95.2,18.62
2026-09-12 03:34:50,lht65-02,52.25,5.97326,2.983,10.44,95.3,18.56
2026-09-12 03:44:50,lht65-02,52.25,5.97326,2.98,10.36,95.5,18.5
2026-09-12 03:54:50,lht65-02,52.25,5.97326,2.98,10.49,95.9,18.43
2026-09-12 04:04:50,lht65-02,52.25,5.97326,2.98,10.75,97.4,18.43
2026-09-12 04:14:50,lht65-02,52.25,5.97326,2.98,10.94,99.9,18.37
2026-09-12 04:24:50,lht65-02,52.25,5.97326,2.982,11.0,100.0,18.31
2026-09-12 04:34:50,lht65-02,52.25,5.97326,2.98,10.93,100.0,18.31
2026-09-12 04:44:50,lht65-02,52.25,5.97326,2.98,10.79,100.0,18.25
2026-09-12 04:54:50,lht65-02,52.25,5.97326,2.98,10.63,100.0,18.18
2026-09-12 05:04:50,lht65-02,52.25,5.97326,2.98,10.6,100.0,18.18
2026-09-12 05:14:50,lht65-02,52.25,5.97326,2.982,10.62,100.0,18.18
2026-09-12 05:24:50,lht65-02,52.25,5.97326,2.98,10.81,100.0,18.12
2026-09-12 05:34:50,lht65-02,52.25,5.97326,2.98,11.19,100.0,18.06
2026-09-12 05:44:50,lht65-02,52.25,5.97326,2.98,11.55,100.0,18.0
2026-09-12 05:54:50,lht65-02,52.25,5.97326,2.98,12.11,100.0,18.0
2026-09-12 06:04:50,lht65-02,52.25,5.97326,2.982,12.6,100.0,18.0
2026-09-12 06:14:50,lht65-02,52.25,5.97326,2.98,13.03,100.0,17.93
2026-09-12 06:24:50,lht65-02,52.25,5.97326,2.978,13.56,100.0,17.93
2026-09-12 06:34:50,lht65-02,52.25,5.97326,2.983,14.37,100.0,17.93
2026-09-12 06:44:50,lht65-02,52.25,5.97326,2.98,15.41,100.0,17.93
2026-09-12 06:54:50,lht65-02,52.25,5.97326,2.969,16.59,100.0,17.93
2026-09-12 07:04:50,lht65-02,52.25,5.97326,2.971,17.6,100.0,17.93
2026-09-12 07:14:50,lht65-02,52.25,5.97326,2.59,18.45,100.0,17.68
2026-09-12 07:24:50,lht65-02,52.25,5.97326,2.941,19.34,100.0,18.06
2026-09-12 07:34:50,lht65-02,52.25,5.97326,2.938,20.1,100.0,18.12
2026-09-12 07:44:50,lht65-02,52.25,5.97326,2.998,20.95,97.3,18.18
2026-09-12 08:04:50,lht65-02,52.25,5.97326,2.976,22.44,93.3,18.31
2026-09-12 08:14:50,lht65-02,52.25,5.97326,2.992,22.71,90.7,18.37
2026-09-12 08:24:50,lht65-02,52.25,5.97326,3.0,23.21,91.1,18.5
2026-09-12 08:34:50,lht65-02,52.25,5.97326,3.001,23.9,91.0,18.56
2026-09-12 08:44:50,lht65-02,52.25,5.97326,3.001,24.63,90.4,18.68
2026-09-12 08:54:50,lht65-02,52.25,5.97326,3.001,25.41,90.2,18.75
2026-09-12 09:04:50,lht65-02,52.25,5.97326,3.003,26.22,83.3,18.87
2026-09-12 09:14:50,lht65-02,52.25,5.97326,3.005,26.98,85.9,19.0
2026-09-12 09:24:50,lht65-02,52.25,5.97326,3.005,28.07,86.7,19.06
2026-09-12 09:34:50,lht65-02,52.25,5.97326,2.998,28.84,75.6,19.18
2026-09-12 09:44:50,lht65-02,52.25,5.97326,3.001,28.48,73.2,19.37
2026-09-12 09:54:50,lht65-02,52.25,5.97326,2.998,28.23,74.1,19.43
2026-09-12 10:04:50,lht65-02,52.25,5.97326,2.998,28.36,72.2,19.62
2026-09-12 10:14:49,lht65-02,52.25,5.97326,2.998,28.46,74.6,19.75
2026-09-12 10:24:49,lht65-02,52.25,5.97326,2.982,29.18,73.2,19.87
2026-09-12 10:34:49,lht65-02,52.25,5.97326,2.991,29.45,72.2,20.0
2026-09-12 10:44:49,lht65-02,52.25,5.97326,2.992,29.25,68.9,20.12
2026-09-12 10:54:49,lht65-02,52.25,5.97326,2.991,29.45,72.2,20.31
2026-09-12 11:04:49,lht65-02,52.25,5.97326,2.976,30.26,70.6,20.37
2026-09-12 11:14:49,lht65-02,52.25,5.97326,2.98,30.83,64.9,20.5
2026-09-12 11:24:49,lht65-02,52.25,5.97326,2.983,30.96,53.6,20.68
2026-09-12 11:34:49,lht65-02,52.25,5.97326,2.985,29.93,54.7,20.81
2026-09-12 11:44:49,lht65-02,52.25,5.97326,2.983,28.5,55.6,20.93
2026-09-12 11:54:49,lht65-02,52.25,5.97326,2.983,28.25,64.0,21.0
2026-09-12 12:04:49,lht65-02,52.25,5.97326,2.983,29.99,70.2,21.12
2026-09-12 12:14:49,lht65-02,52.25,5.97326,2.983,29.53,53.0,21.25
2026-09-12 12:24:49,lht65-02,52.25,5.97326,2.983,28.07,53.6,21.37
2026-09-12 12:34:49,lht65-02,52.25,5.97326,2.983,26.54,59.5,21.43
2026-09-12 12:44:49,lht65-02,52.25,5.97326,2.983,25.81,62.7,21.5
2026-09-12 12:54:49,lht65-02,52.25,5.97326,2.985,25.36,68.2,21.56
2026-09-12 13:04:49,lht65-02,52.25,5.97326,2.983,25.67,71.8,21.62
2026-09-12 13:14:49,lht65-02,52.25,5.97326,2.985,26.79,70.5,21.68
2026-09-12 13:24:49,lht65-02,52.25,5.97326,2.985,28.31,70.3,21.68
2026-09-12 13:34:49,lht65-02,52.25,5.97326,2.987,28.86,65.1,21.75
2026-09-12 13:44:49,lht65-02,52.25,5.97326,2.987,28.36,65.6,21.81
2026-09-12 13:54:49,lht65-02,52.25,5.97326,2.983,28.08,67.3,21.87
2026-09-12 14:04:49,lht65-02,52.25,5.97326,2.983,28.6,64.0,21.93
2026-09-12 14:14:49,lht65-02,52.25,5.97326,2.985,28.86,60.3,21.93
2026-09-12 14:24:49,lht65-02,52.25,5.97326,2.987,29.45,65.0,22.06
2026-09-12 14:34:49,lht65-02,52.25,5.97326,2.985,29.92,62.7,22.12
2026-09-12 14:44:49,lht65-02,52.25,5.97326,2.985,30.26,63.2,22.18
2026-09-12 14:54:49,lht65-02,52.25,5.97326,2.991,30.12,60.7,22.25
2026-09-12 15:04:49,lht65-02,52.25,5.97326,2.991,29.45,64.2,22.37
2026-09-12 15:14:49,lht65-02,52.25,5.97326,2.989,28.48,61.4,22.43
2026-09-12 15:24:49,lht65-02,52.25,5.97326,2.976,27.81,61.7,22.5
2026-09-12 15:34:49,lht65-02,52.25,5.97326,2.969,26.85,62.6,22.5
2026-09-12 15:44:49,lht65-02,52.25,5.97326,2.983,26.08,67.1,22.56
2026-09-12 15:54:49,lht65-02,52.25,5.97326,2.98,25.32,64.3,22.56
2026-09-12 16:04:49,lht65-02,52.25,5.97326,2.973,24.42,66.5,22.56
2026-09-12 16:14:49,lht65-02,52.25,5.97326,2.962,23.9,72.8,22.56
2026-09-12 16:24:49,lht65-02,52.25,5.97326,2.916,23.41,76.7,22.56
2026-09-12 16:34:49,lht65-02,52.25,5.97326,2.945,23.23,80.6,22.5
2026-09-12 16:44:49,lht65-02,52.25,5.97326,2.966,23.13,82.8,22.5
2026-09-12 16:54:49,lht65-02,52.25,5.97326,2.976,22.97,84.2,22.5
2026-09-12 17:04:49,lht65-02,52.25,5.97326,2.907,22.72,85.3,22.43
2026-09-12 17:14:49,lht65-02,52.25,5.97326,2.912,22.45,86.1,22.43
2026-09-12 17:24:49,lht65-02,52.25,5.97326,3.007,22.17,86.8,22.37
2026-09-12 17:34:49,lht65-02,52.25,5.97326,2.996,21.89,86.7,22.31
2026-09-12 17:44:49,lht65-02,52.25,5.97326,2.991,21.53,85.6,22.31
2026-09-12 17:54:49,lht65-02,52.25,5.97326,2.985,21.14,85.9,22.25
2026-09-12 18:04:49,lht65-02,52.25,5.97326,2.987,20.8,86.8,22.18
2026-09-12 18:14:49,lht65-02,52.25,5.97326,2.976,20.43,84.9,22.12
2026-09-12 18:24:49,lht65-02,52.25,5.97326,2.987,20.06,85.4,22.12
2026-09-12 18:34:49,lht65-02,52.25,5.97326,2.992,19.86,86.3,22.06
2026-09-12 18:44:49,lht65-02,52.25,5.97326,2.996,19.64,86.4,22.0
2026-09-12 18:54:49,lht65-02,52.25,5.97326,2.998,19.43,86.9,21.93
2026-09-12 19:04:49,lht65-02,52.25,5.97326,3.0,19.27,87.8,21.87
2026-09-12 19:14:49,lht65-02,52.25,5.97326,3.001,19.05,85.9,21.81
2026-09-12 19:24:49,lht65-02,52.25,5.97326,3.001,18.87,85.8,21.75
2026-09-12 19:34:49,lht65-02,52.25,5.97326,3.005,18.76,85.2,21.68
2026-09-12 19:44:49,lht65-02,52.25,5.97326,3.005,18.72,85.8,21.62
2026-09-12 19:54:48,lht65-02,52.25,5.97326,3.005,18.7,85.5,21.56
2026-09-12 20:04:48,lht65-02,52.25,5.97326,3.005,18.69,85.9,21.56
2026-09-12 20:14:48,lht65-02,52.25,5.97326,3.005,18.63,86.1,21.5
2026-09-12 20:24:48,lht65-02,52.25,5.97326,3.005,18.53,87.2,21.43
2026-09-12 20:34:48,lht65-02,52.25,5.97326,3.001,18.41,87.9,21.37
2026-09-12 20:44:48,lht65-02,52.25,5.97326,3.001,18.28,88.8,21.37
2026-09-12 20:54:48,lht65-02,52.25,5.97326,2.998,18.21,90.0,21.31
2026-09-12 21:04:48,lht65-02,52.25,5.97326,3.001,18.12,89.8,21.25
2026-09-12 21:14:48,lht65-02,52.25,5.97326,3.005,18.0,89.5,21.18
2026-09-12 21:24:48,lht65-02,52.25,5.97326,2.969,17.88,89.5,21.12
2026-09-12 21:34:48,lht65-02,52.25,5.97326,3.003,17.75,89.7,21.12
2026-09-12 21:44:48,lht65-02,52.25,5.97326,2.971,17.67,89.9,21.06
2026-09-12 21:54:48,lht65-02,52.25,5.97326,3.005,17.62,90.3,21.0
2026-09-12 22:04:48,lht65-02,52.25,5.97326,3.005,17.56,90.7,20.93
2026-09-12 22:14:48,lht65-02,52.25,5.97326,3.005,17.45,90.8,20.93
2026-09-12 22:24:48,lht65-02,52.25,5.97326,2.964,17.37,91.2,20.87
2026-09-12 22:34:48,lht65-02,52.25,5.97326,3.005,17.31,91.8,20.81
2026-09-12 22:44:48,lht65-02,52.25,5.97326,3.005,17.26,92.2,20.81
2026-09-12 22:54:48,lht65-02,52.25,5.97326,3.005,17.22,92.6,20.75
2026-09-12 23:04:48,lht65-02,52.25,5.97326,3.005,17.21,93.2,20.68
2026-09-12 23:14:48,lht65-02,52.25,5.97326,3.005,17.2,93.7,20.68
2026-09-12 23:24:48,lht65-02,52.25,5.97326,3.005,17.22,94.3,20.62
2026-09-12 23:34:48,lht65-02,52.25,5.97326,3.001,17.22,94.8,20.62
2026-09-12 23:44:48,lht65-02,52.25,5.97326,3.005,17.22,95.1,20.56
2026-09-12 23:54:48,lht65-02,52.25,5.97326,3.005,17.23,95.5,20.5
2026-09-13 00:04:48,lht65-02,52.25,5.97326,3.005,17.25,96.0,20.5
2026-09-13 00:14:48,lht65-02,52.25,5.97326,3.003,17.26,96.5,20.43
2026-09-13 00:24:48,lht65-02,52.25,5.97326,3.005,17.27,96.9,20.43
2026-09-13 00:34:48,lht65-02,52.25,5.97326,3.005,17.29,97.3,20.43
2026-09-13 00:44:48,lht65-02,52.25,5.97326,3.005,17.33,97.8,20.37
2026-09-13 00:54:48,lht65-02,52.25,5.97326,3.003,17.38,98.6,20.31
2026-09-13 01:04:48,lht65-02,52.25,5.97326,3.001,17.44,99.5,20.31
2026-09-13 01:14:48,lht65-02,52.25,5.97326,3.003,17.48,100.0,20.31
2026-09-13 01:24:48,lht65-02,52.25,5.97326,3.005,17.53,100.0,20.25
2026-09-13 01:34:48,lht65-02,52.25,5.97326,3.005,17.56,100.0,20.25
2026-09-13 01:44:48,lht65-02,52.25,5.97326,3.001,17.6,100.0,20.25
2026-09-13 01:54:48,lht65-02,52.25,5.97326,3.003,17.62,100.0,20.18
2026-09-13 02:04:48,lht65-02,52.25,5.97326,3.003,17.64,100.0,20.18
2026-09-13 02:14:48,lht65-02,52.25,5.97326,3.005,17.66,100.0,20.18
2026-09-13 02:24:48,lht65-02,52.25,5.97326,3.005,17.7,100.0,20.12
2026-09-13 02:34:48,lht65-02,52.25,5.97326,3.005,17.73,100.0,20.12
2026-09-13 02:44:48,lht65-02,52.25,5.97326,3.003,17.76,100.0,20.12
2026-09-13 02:54:48,lht65-02,52.25,5.97326,3.003,17.81,100.0,20.06
2026-09-13 03:04:48,lht65-02,52.25,5.97326,3.005,17.85,100.0,20.06
2026-09-13 03:14:48,lht65-02,52.25,5.97326,3.003,17.88,100.0,20.06
2026-09-13 03:24:48,lht65-02,52.25,5.97326,3.005,17.91,100.0,20.06
2026-09-13 03:34:48,lht65-02,52.25,5.97326,3.001,17.95,100.0,20.06
2026-09-13 03:44:48,lht65-02,52.25,5.97326,3.005,17.99,100.0,20.0
2026-09-13 03:54:48,lht65-02,52.25,5.97326,3.005,18.0,100.0,20.0
2026-09-13 04:04:48,lht65-02,52.25,5.97326,3.003,18.0,100.0,20.0
2026-09-13 04:14:48,lht65-02,52.25,5.97326,3.001,18.0,100.0,20.0
2026-09-13 04:24:48,lht65-02,52.25,5.97326,3.003,18.02,100.0,20.0
2026-09-13 04:34:48,lht65-02,52.25,5.97326,3.003,18.06,100.0,19.93
2026-09-13 04:44:48,lht65-02,52.25,5.97326,3.005,18.06,100.0,19.93
2026-09-13 04:54:48,lht65-02,52.25,5.97326,3.005,18.07,100.0,19.93
2026-09-13 05:04:48,lht65-02,52.25,5.97326,3.001,18.09,100.0,19.87
2026-09-13 05:14:48,lht65-02,52.25,5.97326,3.001,18.11,100.0,19.87
2026-09-13 05:24:48,lht65-02,52.25,5.97326,3.005,18.16,100.0,19.87
2026-09-13 05:34:48,lht65-02,52.25,5.97326,3.005,18.21,100.0,19.87
2026-09-13 05:44:48,lht65-02,52.25,5.97326,3.003,18.29,100.0,19.87
2026-09-13 05:54:48,lht65-02,52.25,5.97326,3.005,18.36,100.0,19.87
2026-09-13 06:04:48,lht65-02,52.25,5.97326,3.005,18.45,100.0,19.87
2026-09-13 06:14:47,lht65-02,52.25,5.97326,3.005,18.55,100.0,19.87
2026-09-13 06:24:47,lht65-02,52.25,5.97326,3.005,18.63,100.0,19.87
2026-09-13 06:34:47,lht65-02,52.25,5.97326,3.005,18.78,100.0,19.87
2026-09-13 06:44:47,lht65-02,52.25,5.97326,3.005,19.01,100.0,19.87
2026-09-13 06:54:47,lht65-02,52.25,5.97326,3.003,19.29,100.0,19.87
2026-09-13 07:04:47,lht65-02,52.25,5.97326,3.005,19.69,100.0,19.81
2026-09-13 07:14:47,lht65-02,52.25,5.97326,3.005,20.11,100.0,19.87
2026-09-13 07:24:47,lht65-02,52.25,5.97326,3.005,20.65,100.0,19.87
2026-09-13 07:34:47,lht65-02,52.25,5.97326,3.005,21.15,100.0,19.87
2026-09-13 07:44:47,lht65-02,52.25,5.97326,3.005,21.68,100.0,19.93
2026-09-13 07:54:47,lht65-02,52.25,5.97326,3.003,21.97,100.0,19.93
2026-09-13 08:04:47,lht65-02,52.25,5.97326,3.005,22.18,98.5,20.0
2026-09-13 08:14:47,lht65-02,52.25,5.97326,3.005,22.33,98.1,20.0
2026-09-13 08:24:47,lht65-02,52.25,5.97326,3.003,22.51,97.6,20.06
2026-09-13 08:34:47,lht65-02,52.25,5.97326,3.005,22.62,96.9,20.12
2026-09-13 08:44:47,lht65-02,52.25,5.97326,3.003,23.01,96.4,20.12
2026-09-13 08:54:47,lht65-02,52.25,5.97326,3.001,23.5,95.7,20.18
2026-09-13 09:04:47,lht65-02,52.25,5.97326,3.001,24.06,95.4,20.25
2026-09-13 09:14:47,lht65-02,52.25,5.97326,3.001,24.72,96.3,20.25
2026-09-13 09:24:47,lht65-02,52.25,5.97326,3.0,25.32,95.5,20.31
2026-09-13 09:34:47,lht65-02,52.25,5.97326,2.996,25.73,94.3,20.37
2026-09-13 09:44:47,lht65-02,52.25,5.97326,2.994,26.2,92.5,20.5
2026-09-13 09:54:47,lht65-02,52.25,5.97326,2.994,26.48,90.0,20.5
2026-09-13 10:04:47,lht65-02,52.25,5.97326,3.001,26.44,89.4,20.62
2026-09-13 10:14:47,lht65-02,52.25,5.97326,3.001,26.45,89.4,20.68
2026-09-13 10:24:47,lht65-02,52.25,5.97326,3.001,26.45,89.4,20.75
2026-09-13 10:34:47,lht65-02,52.25,5.97326,3.001,26.31,89.1,20.81
2026-09-13 10:44:47,lht65-02,52.25,5.97326,3.001,25.99,87.8,20.87
2026-09-13 10:54:47,lht65-02,52.25,5.97326,3.001,25.78,88.6,21.0
2026-09-13 11:04:47,lht65-02,52.25,5.97326,3.001,25.79,88.6,21.06
2026-09-13 11:14:47,lht65-02,52.25,5.97326,3.001,25.66,88.9,21.12
2026-09-13 11:24:47,lht65-02,52.25,5.97326,3.001,25.75,89.2,21.12
2026-09-13 11:34:47,lht65-02,52.25,5.97326,3.001,25.97,89.2,21.18
2026-09-13 11:44:47,lht65-02,52.25,5.97326,2.998,26.17,88.2,21.25
2026-09-13 11:54:47,lht65-02,52.25,5.97326,3.001,26.48,88.3,21.31
2026-09-13 12:04:47,lht65-02,52.25,5.97326,2.994,26.94,87.2,21.37
2026-09-13 12:14:47,lht65-02,52.25,5.97326,2.976,27.49,87.7,21.43
2026-09-13 12:24:47,lht65-02,52.25,5.97326,2.994,28.77,87.1,21.5
2026-09-13 12:34:47,lht65-02,52.25,5.97326,2.964,29.82,77.0,21.56
2026-09-13 12:44:47,lht65-02,52.25,5.97326,2.973,29.61,69.9,21.62
2026-09-13 12:54:47,lht65-02,52.25,5.97326,2.985,28.92,73.1,21.75
2026-09-13 13:04:47,lht65-02,52.25,5.97326,2.989,28.91,75.3,21.81
2026-09-13 13:14:47,lht65-02,52.25,5.97326,2.991,29.16,76.0,21.93
2026-09-13 13:24:47,lht65-02,52.25,5.97326,2.987,28.47,73.9,22.0
2026-09-13 13:34:47,lht65-02,52.25,5.97326,2.989,28.57,76.5,22.12
2026-09-13 13:44:47,lht65-02,52.25,5.97326,2.962,30.07,74.1,22.18
2026-09-13 13:54:47,lht65-02,52.25,5.97326,2.973,30.81,65.7,22.25
2026-09-13 14:04:47,lht65-02,52.25,5.97326,2.976,30.31,65.8,22.37
2026-09-13 14:14:47,lht65-02,52.25,5.97326,2.978,30.25,68.4,22.43
2026-09-13 14:24:47,lht65-02,52.25,5.97326,2.982,30.28,68.2,22.5
2026-09-13 14:34:47,lht65-02,52.25,5.97326,2.98,30.93,71.5,22.62
2026-09-13 14:44:47,lht65-02,52.25,5.97326,2.98,29.46,58.4,22.68
2026-09-13 14:54:47,lht65-02,52.25,5.97326,2.976,26.71,65.3,22.75
2026-09-13 15:04:47,lht65-02,52.25,5.97326,2.94,25.17,68.1,22.81
2026-09-13 15:14:47,lht65-02,52.25,5.97326,2.969,25.04,75.8,22.87
2026-09-13 15:24:47,lht65-02,52.25,5.97326,2.98,25.63,78.0,22.93
2026-09-13 15:34:47,lht65-02,52.25,5.97326,2.983,26.13,80.3,22.93
2026-09-13 15:44:47,lht65-02,52.25,5.97326,2.983,26.18,80.2,22.93
2026-09-13 15:54:47,lht65-02,52.25,5.97326,2.983,26.25,81.4,22.93
2026-09-13 16:04:46,lht65-02,52.25,5.97326,2.985,25.84,80.9,22.93
2026-09-13 16:14:46,lht65-02,52.25,5.97326,2.983,25.16,80.9,22.93
2026-09-13 16:24:46,lht65-02,52.25,5.97326,2.983,24.42,82.2,22.93
2026-09-13 16:34:46,lht65-02,52.25,5.97326,2.902,23.73,82.2,22.93
2026-09-13 16:44:46,lht65-02,52.25,5.97326,2.909,23.38,84.0,22.87
2026-09-13 16:54:46,lht65-02,52.25,5.97326,2.934,22.99,83.4,22.87
2026-09-13 17:04:46,lht65-02,52.25,5.97326,2.945,22.68,84.4,22.81
2026-09-13 17:14:46,lht65-02,52.25,5.97326,2.926,22.26,84.6,22.81
2026-09-13 17:24:46,lht65-02,52.25,5.97326,2.968,21.79,85.7,22.81
2026-09-13 17:34:46,lht65-02,52.25,5.97326,2.987,21.35,85.7,22.81
2026-09-13 17:44:46,lht65-02,52.25,5.97326,3.005,20.78,85.9,22.68
2026-09-13 17:54:46,lht65-02,52.25,5.97326,3.005,20.2,86.8,22.62
2026-09-13 18:04:46,lht65-02,52.25,5.97326,3.005,19.74,87.2,22.56
2026-09-13 18:14:46,lht65-02,52.25,5.97326,3.003,19.23,88.2,22.5
2026-09-13 18:24:46,lht65-02,52.25,5.97326,3.0,18.92,89.4,22.5
2026-09-13 18:34:46,lht65-02,52.25,5.97326,2.998,18.74,90.4,22.43
2026-09-13 18:44:46,lht65-02,52.25,5.97326,2.996,18.46,90.2,22.31
2026-09-13 18:54:46,lht65-02,52.25,5.97326,2.996,18.2,90.4,22.25
2026-09-13 19:04:46,lht65-02,52.25,5.97326,2.987,17.86,89.6,22.18
2026-09-13 19:14:46,lht65-02,52.25,5.97326,2.983,17.44,89.4,22.12
2026-09-13 19:24:46,lht65-02,52.25,5.97326,2.982,17.09,89.8,22.06
2026-09-13 19:34:46,lht65-02,52.25,5.97326,2.964,16.78,89.9,21.93
2026-09-13 19:44:46,lht65-02,52.25,5.97326,2.943,16.46,90.3,21.87
2026-09-13 19:54:46,lht65-02,52.25,5.97326,2.88,16.17,90.1,21.81
2026-09-13 20:04:46,lht65-02,52.25,5.97326,2.952,15.85,90.2,21.75
2026-09-13 20:14:46,lht65-02,52.25,5.97326,2.968,15.61,90.5,21.62
2026-09-13 20:24:46,lht65-02,52.25,5.97326,2.985,15.39,90.8,21.56
2026-09-13 20:34:46,lht65-02,52.25,5.97326,2.983,15.18,91.1,21.5
2026-09-13 20:44:46,lht65-02,52.25,5.97326,2.996,15.07,91.8,21.43
2026-09-13 20:54:46,lht65-02,52.25,5.97326,2.991,14.92,91.9,21.31
2026-09-13 21:04:46,lht65-02,52.25,5.97326,2.952,14.81,92.1,21.25
2026-09-13 21:14:46,lht65-02,52.25,5.97326,2.98,14.69,92.1,21.18
2026-09-13 21:24:46,lht65-02,52.25,5.97326,2.982,14.5,91.9,21.12
2026-09-13 21:34:46,lht65-02,52.25,5.97326,2.987,14.35,92.4,21.06
2026-09-13 21:44:46,lht65-02,52.25,5.97326,2.985,14.31,92.8,21.0
2026-09-13 21:54:46,lht65-02,52.25,5.97326,2.991,14.31,93.3,20.93
2026-09-13 22:04:46,lht65-02,52.25,5.97326,2.991,14.3,93.4,20.81
2026-09-13 22:14:46,lht65-02,52.25,5.97326,2.983,14.07,93.1,20.75
2026-09-13 22:24:46,lht65-02,52.25,5.97326,2.959,13.88,93.0,20.68
2026-09-13 22:34:46,lht65-02,52.25,5.97326,2.982,13.73,93.0,20.62
2026-09-13 22:44:46,lht65-02,52.25,5.97326,2.983,13.63,93.3,20.56
2026-09-13 22:54:46,lht65-02,52.25,5.97326,2.98,13.53,93.3,20.5
2026-09-13 23:04:46,lht65-02,52.25,5.97326,2.95,13.39,93.3,20.43
2026-09-13 23:14:46,lht65-02,52.25,5.97326,2.983,13.31,93.5,20.37
2026-09-13 23:24:46,lht65-02,52.25,5.97326,2.98,13.24,93.6,20.31
2026-09-13 23:34:46,lht65-02,52.25,5.97326,2.985,13.21,93.9,20.25
2026-09-13 23:44:46,lht65-02,52.25,5.97326,2.955,13.21,94.5,20.18
2026-09-13 23:54:46,lht65-02,52.25,5.97326,2.983,13.24,95.8,20.12
2026-09-14 00:04:46,lht65-02,52.25,5.97326,2.987,13.21,96.5,20.12
2026-09-14 00:14:46,lht65-02,52.25,5.97326,2.987,13.12,96.5,20.06
2026-09-14 00:24:46,lht65-02,52.25,5.97326,2.987,13.11,96.6,20.0
2026-09-14 00:34:46,lht65-02,52.25,5.97326,2.987,13.06,96.8,19.93
2026-09-14 00:44:46,lht65-02,52.25,5.97326,2.987,12.98,96.8,19.87
2026-09-14 00:54:46,lht65-02,52.25,5.97326,2.987,12.86,96.5,19.81
2026-09-14 01:04:46,lht65-02,52.25,5.97326,2.966,12.71,96.1,19.75
2026-09-14 01:14:46,lht65-02,52.25,5.97326,2.959,12.54,95.8,19.68
2026-09-14 01:24:46,lht65-02,52.25,5.97326,2.969,12.48,96.1,19.62
2026-09-14 01:34:46,lht65-02,52.25,5.97326,2.966,12.55,96.7,19.62
2026-09-14 01:44:46,lht65-02,52.25,5.97326,2.959,12.57,97.0,19.56
2026-09-14 01:54:46,lht65-02,52.25,5.97326,2.964,12.55,97.5,19.5
2026-09-14 02:04:46,lht65-02,52.25,5.97326,2.969,12.45,97.6,19.43
2026-09-14 02:14:46,lht65-02,52.25,5.97326,2.982,12.38,97.5,19.43
2026-09-14 02:24:46,lht65-02,52.25,5.97326,2.983,12.25,97.4,19.37
2026-09-14 02:34:45,lht65-02,52.25,5.97326,2.959,12.18,97.2,19.31
2026-09-14 02:44:46,lht65-02,52.25,5.97326,2.966,12.1,97.3,19.25
2026-09-14 02:54:46,lht65-02,52.25,5.97326,2.934,11.97,97.2,19.25
2026-09-14 03:04:46,lht65-02,52.25,5.97326,2.955,11.86,97.1,19.18
2026-09-14 03:14:46,lht65-02,52.25,5.97326,2.966,11.8,97.2,19.12
2026-09-14 03:24:46,lht65-02,52.25,5.97326,2.957,11.81,97.5,19.12
2026-09-14 03:34:46,lht65-02,52.25,5.97326,2.971,11.85,97.8,19.06
2026-09-14 03:44:45,lht65-02,52.25,5.97326,2.966,11.88,98.2,19.0
2026-09-14 03:54:46,lht65-02,52.25,5.97326,2.968,11.85,98.7,18.93
2026-09-14 04:04:45,lht65-02,52.25,5.97326,2.966,11.83,99.0,18.93
2026-09-14 04:14:45,lht65-02,52.25,5.97326,2.966,11.8,99.1,18.87
2026-09-14 04:24:45,lht65-02,52.25,5.97326,2.962,11.85,99.3,18.81
2026-09-14 04:34:45,lht65-02,52.25,5.97326,2.962,11.94,99.9,18.81
2026-09-14 04:44:45,lht65-02,52.25,5.97326,2.959,12.11,100.0,18.81
2026-09-14 04:54:45,lht65-02,52.25,5.97326,2.966,12.27,100.0,18.75
2026-09-14 05:04:45,lht65-02,52.25,5.97326,2.968,12.42,100.0,18.68
2026-09-14 05:14:45,lht65-02,52.25,5.97326,2.968,12.44,100.0,18.68
2026-09-14 05:24:46,lht65-02,52.25,5.97326,2.966,12.42,100.0,18.62
2026-09-14 05:34:45,lht65-02,52.25,5.97326,2.968,12.5,100.0,18.62
2026-09-14 05:44:45,lht65-02,52.25,5.97326,2.966,12.54,100.0,18.56
2026-09-14 05:54:45,lht65-02,52.25,5.97326,2.966,12.67,100.0,18.56
2026-09-14 06:04:45,lht65-02,52.25,5.97326,2.966,12.92,100.0,18.56
2026-09-14 06:14:45,lht65-02,52.25,5.97326,2.966,13.29,100.0,18.5
2026-09-14 06:24:45,lht65-02,52.25,5.97326,2.964,13.85,100.0,18.5
2026-09-14 06:34:45,lht65-02,52.25,5.97326,2.959,14.55,100.0,18.5
2026-09-14 06:44:45,lht65-02,52.25,5.97326,2.955,15.37,100.0,18.43
2026-09-14 06:54:45,lht65-02,52.25,5.97326,2.959,16.19,100.0,18.43
2026-09-14 07:04:45,lht65-02,52.25,5.97326,2.962,16.86,100.0,18.5
2026-09-14 07:14:45,lht65-02,52.25,5.97326,2.959,17.31,100.0,18.5
2026-09-14 07:24:45,lht65-02,52.25,5.97326,2.957,17.8,99.5,18.56
2026-09-14 07:34:45,lht65-02,52.25,5.97326,2.962,18.45,97.5,18.56
2026-09-14 07:44:45,lht65-02,52.25,5.97326,2.921,19.29,97.7,18.56
2026-09-14 07:54:45,lht65-02,52.25,5.97326,2.934,20.22,97.0,18.62
2026-09-14 08:04:45,lht65-02,52.25,5.97326,2.955,21.31,96.0,18.68
2026-09-14 08:14:45,lht65-02,52.25,5.97326,2.95,22.54,95.0,18.75
2026-09-14 08:24:45,lht65-02,52.25,5.97326,2.975,23.74,93.7,18.81
2026-09-14 08:34:45,lht65-02,52.25,5.97326,2.943,25.09,92.0,18.87
2026-09-14 08:44:45,lht65-02,52.25,5.97326,2.907,26.22,86.8,18.93
2026-09-14 08:54:45,lht65-02,52.25,5.97326,2.955,27.16,83.8,19.06
2026-09-14 09:04:45,lht65-02,52.25,5.97326,2.996,28.33,83.6,19.18
2026-09-14 09:14:45,lht65-02,52.25,5.97326,2.983,28.38,73.0,19.31
2026-09-14 09:24:45,lht65-02,52.25,5.97326,2.998,28.38,70.8,19.43
2026-09-14 09:34:45,lht65-02,52.25,5.97326,3.001,28.48,72.6,19.56
2026-09-14 09:44:45,lht65-02,52.25,5.97326,2.996,28.76,68.5,19.75
2026-09-14 09:54:45,lht65-02,52.25,5.97326,3.007,28.77,71.8,19.87
2026-09-14 10:04:45,lht65-02,52.25,5.97326,2.994,29.31,73.6,19.93
2026-09-14 10:14:45,lht65-02,52.25,5.97326,2.987,28.68,68.2,20.12
2026-09-14 10:24:45,lht65-02,52.25,5.97326,3.005,28.94,75.1,20.18
2026-09-14 10:34:45,lht65-02,52.25,5.97326,3.009,28.85,68.0,20.37
2026-09-14 10:44:45,lht65-02,52.25,5.97326,3.009,29.23,69.7,20.5
2026-09-14 10:54:45,lht65-02,52.25,5.97326,2.975,29.68,59.2,20.56
2026-09-14 11:04:45,lht65-02,52.25,5.97326,2.962,27.78,59.4,20.68
2026-09-14 11:14:45,lht65-02,52.25,5.97326,2.966,26.47,63.6,20.81
2026-09-14 11:24:45,lht65-02,52.25,5.97326,2.996,26.2,69.8,20.93
2026-09-14 11:34:45,lht65-02,52.25,5.97326,2.955,26.62,71.6,21.0
2026-09-14 11:44:45,lht65-02,52.25,5.97326,3.001,27.04,70.2,21.12
2026-09-14 11:54:45,lht65-02,52.25,5.97326,2.998,26.93,71.5,21.18
2026-09-14 12:04:45,lht65-02,52.25,5.97326,2.991,27.72,72.2,21.31
2026-09-14 12:14:45,lht65-02,52.25,5.97326,2.994,28.51,71.8,21.37
2026-09-14 12:24:45,lht65-02,52.25,5.97326,2.934,29.61,75.2,21.43
2026-09-14 12:34:45,lht65-02,52.25,5.97326,2.88,30.02,60.3,21.5
2026-09-14 12:44:45,lht65-02,52.25,5.97326,2.966,28.95,62.4,21.62
2026-09-14 12:54:45,lht65-02,52.25,5.97326,2.966,27.96,64.5,21.68
2026-09-14 13:04:45,lht65-02,52.25,5.97326,2.968,27.88,69.6,21.81
2026-09-14 13:14:45,lht65-02,52.25,5.97326,2.968,27.63,69.1,21.87
2026-09-14 13:24:45,lht65-02,52.25,5.97326,2.966,27.18,69.3,21.93
2026-09-14 13:34:45,lht65-02,52.25,5.97326,2.955,26.4,70.8,22.0
2026-09-14 13:44:45,lht65-02,52.25,5.97326,2.968,25.66,72.7,22.06
2026-09-14 13:54:45,lht65-02,52.25,5.97326,2.971,25.15,74.7,22.12
2026-09-14 14:04:45,lht65-02,52.25,5.97326,2.962,24.65,77.0,22.12
2026-09-14 14:14:45,lht65-02,52.25,5.97326,2.948,24.46,80.3,22.12
2026-09-14 14:24:45,lht65-02,52.25,5.97326,2.941,24.34,79.1,22.12
2026-09-14 14:34:44,lht65-02,52.25,5.97326,2.968,24.58,80.2,22.12
2026-09-14 14:44:44,lht65-02,52.25,5.97326,2.94,25.27,77.8,22.12
2026-09-14 14:54:44,lht65-02,52.25,5.97326,2.962,26.52,78.6,22.12
2026-09-14 15:04:44,lht65-02,52.25,5.97326,2.987,27.49,78.2,22.12
2026-09-14 15:14:44,lht65-02,52.25,5.97326,2.941,28.07,79.8,22.18
2026-09-14 15:24:44,lht65-02,52.25,5.97326,2.983,28.49,76.9,22.18
2026-09-14 15:34:44,lht65-02,52.25,5.97326,2.969,28.64,76.8,22.25
2026-09-14 15:44:44,lht65-02,52.25,5.97326,2.971,28.18,76.0,22.31
2026-09-14 15:54:44,lht65-02,52.25,5.97326,2.987,27.47,75.2,22.31
2026-09-14 16:04:44,lht65-02,52.25,5.97326,2.983,26.71,76.7,22.37
2026-09-14 16:14:44,lht65-02,52.25,5.97326,2.994,26.1,77.5,22.37
2026-09-14 16:24:44,lht65-02,52.25,5.97326,2.994,25.64,78.3,22.37
2026-09-14 16:34:44,lht65-02,52.25,5.97326,2.996,25.53,76.8,22.37
2026-09-14 16:44:44,lht65-02,52.25,5.97326,2.996,25.32,78.2,22.43
2026-09-14 16:54:44,lht65-02,52.25,5.97326,2.996,24.78,78.8,22.43
2026-09-14 17:04:44,lht65-02,52.25,5.97326,2.983,23.96,78.7,22.43
2026-09-14 17:14:44,lht65-02,52.25,5.97326,2.987,23.31,81.6,22.43
2026-09-14 17:24:44,lht65-02,52.25,5.97326,2.955,22.89,84.2,22.37
2026-09-14 17:34:44,lht65-02,52.25,5.97326,2.994,22.59,85.3,22.37
2026-09-14 17:44:44,lht65-02,52.25,5.97326,2.968,22.24,85.5,22.31
2026-09-14 17:54:44,lht65-02,52.25,5.97326,2.982,21.77,85.6,22.31
2026-09-14 18:04:44,lht65-02,52.25,5.97326,2.98,21.28,86.4,22.25
2026-09-14 18:14:44,lht65-02,52.25,5.97326,2.976,20.78,86.9,22.25
2026-09-14 18:24:44,lht65-02,52.25,5.97326,3.005,20.28,87.2,22.18
2026-09-14 18:34:44,lht65-02,52.25,5.97326,3.001,19.86,88.0,22.12
2026-09-14 18:44:44,lht65-02,52.25,5.97326,3.001,19.67,89.5,22.06
2026-09-14 18:54:44,lht65-02,52.25,5.97326,3.001,19.57,90.8,22.06
2026-09-14 19:04:44,lht65-02,52.25,5.97326,3.001,19.52,91.9,21.93
2026-09-14 19:14:44,lht65-02,52.25,5.97326,3.005,19.53,93.0,21.87
2026-09-14 19:24:44,lht65-02,52.25,5.97326,3.005,19.57,94.1,21.81
2026-09-14 19:34:44,lht65-02,52.25,5.97326,3.005,19.61,95.2,21.75
2026-09-14 19:44:44,lht65-02,52.25,5.97326,3.005,19.62,96.0,21.75
2026-09-14 19:54:44,lht65-02,52.25,5.97326,3.005,19.59,96.3,21.68
2026-09-14 20:04:44,lht65-02,52.25,5.97326,3.003,19.52,96.3,21.68
2026-09-14 20:14:44,lht65-02,52.25,5.97326,3.005,19.43,96.1,21.62
2026-09-14 20:24:44,lht65-02,52.25,5.97326,3.005,19.32,95.9,21.56
2026-09-14 20:34:44,lht65-02,52.25,5.97326,2.994,19.12,95.2,21.5
2026-09-14 20:44:44,lht65-02,52.25,5.97326,2.991,18.84,94.4,21.5
2026-09-14 20:54:44,lht65-02,52.25,5.97326,2.964,18.51,93.6,21.43
2026-09-14 21:04:44,lht65-02,52.25,5.97326,2.945,18.18,93.4,21.37
2026-09-14 21:14:44,lht65-02,52.25,5.97326,2.985,17.94,93.5,21.37
2026-09-14 21:24:44,lht65-02,52.25,5.97326,2.962,17.67,93.9,21.31
2026-09-14 21:34:44,lht65-02,52.25,5.97326,2.962,17.46,94.0,21.25
2026-09-14 21:44:44,lht65-02,52.25,5.97326,2.994,17.23,94.2,21.25
2026-09-14 21:54:44,lht65-02,52.25,5.97326,2.962,17.09,94.8,21.12
2026-09-14 22:04:44,lht65-02,52.25,5.97326,2.987,16.95,94.7,21.12
2026-09-14 22:14:44,lht65-02,52.25,5.97326,2.98,16.78,94.7,21.06
2026-09-14 22:24:44,lht65-02,52.25,5.97326,2.994,16.63,94.8,21.0
2026-09-14 22:34:44,lht65-02,52.25,5.97326,2.973,16.58,95.4,21.0
2026-09-14 22:44:44,lht65-02,52.25,5.97326,2.989,16.58,96.0,20.87
2026-09-14 22:54:44,lht65-02,52.25,5.97326,2.976,16.56,96.4,20.87
2026-09-14 23:04:44,lht65-02,52.25,5.97326,2.98,16.52,96.5,20.81
2026-09-14 23:14:44,lht65-02,52.25,5.97326,2.987,16.5,96.7,20.75
2026-09-14 23:24:44,lht65-02,52.25,5.97326,2.992,16.55,97.5,20.75
2026-09-14 23:34:44,lht65-02,52.25,5.97326,2.994,16.66,99.1,20.68
2026-09-14 23:44:44,lht65-02,52.25,5.97326,2.994,16.8,100.0,20.62
2026-09-14 23:54:43,lht65-02,52.25,5.97326,2.994,16.93,100.0,20.62
2026-09-15 00:04:44,lht65-02,52.25,5.97326,2.987,17.0,100.0,20.56
2026-09-15 00:14:44,lht65-02,52.25,5.97326,2.991,17.09,100.0,20.5
2026-09-15 00:24:43,lht65-02,52.25,5.97326,2.992,17.09,100.0,20.5
2026-09-15 00:34:43,lht65-02,52.25,5.97326,2.991,17.14,100.0,20.43
2026-09-15 00:44:43,lht65-02,52.25,5.97326,2.991,17.2,100.0,20.43
2026-09-15 00:54:43,lht65-02,52.25,5.97326,2.991,17.23,100.0,20.43
2026-09-15 01:04:43,lht65-02,52.25,5.97326,2.987,17.3,100.0,20.37
2026-09-15 01:14:43,lht65-02,52.25,5.97326,2.991,17.29,100.0,20.31
2026-09-15 01:24:43,lht65-02,52.25,5.97326,2.991,17.13,100.0,20.31
2026-09-15 01:34:43,lht65-02,52.25,5.97326,2.989,17.06,100.0,20.31
2026-09-15 01:44:43,lht65-02,52.25,5.97326,2.992,16.86,100.0,20.25
2026-09-15 01:54:43,lht65-02,52.25,5.97326,2.991,16.68,100.0,20.25
2026-09-15 02:04:43,lht65-02,52.25,5.97326,2.991,16.48,100.0,20.18
2026-09-15 02:14:43,lht65-02,52.25,5.97326,2.992,16.28,100.0,20.18
2026-09-15 02:24:43,lht65-02,52.25,5.97326,2.959,16.09,100.0,20.12
2026-09-15 02:34:43,lht65-02,52.25,5.97326,2.962,15.85,100.0,20.12
2026-09-15 02:44:43,lht65-02,52.25,5.97326,2.98,15.68,100.0,20.12
2026-09-15 02:54:43,lht65-02,52.25,5.97326,2.969,15.54,100.0,20.06
2026-09-15 03:04:43,lht65-02,52.25,5.97326,2.994,15.51,100.0,20.06
2026-09-15 03:14:43,lht65-02,52.25,5.97326,2.983,15.5,100.0,20.0
2026-09-15 03:24:43,lht65-02,52.25,5.97326,2.973,15.45,100.0,19.93
2026-09-15 03:34:43,lht65-02,52.25,5.97326,2.987,15.38,100.0,19.93
2026-09-15 03:44:43,lht65-02,52.25,5.97326,2.978,15.28,100.0,19.87
2026-09-15 03:54:43,lht65-02,52.25,5.97326,2.911,15.18,100.0,19.81
2026-09-15 04:04:43,lht65-02,52.25,5.97326,2.982,15.08,100.0,19.81
2026-09-15 04:14:43,lht65-02,52.25,5.97326,2.973,14.96,100.0,19.75
2026-09-15 04:24:43,lht65-02,52.25,5.97326,2.973,14.86,100.0,19.75
2026-09-15 04:34:43,lht65-02,52.25,5.97326,2.983,14.76,100.0,19.68
2026-09-15 04:44:43,lht65-02,52.25,5.97326,2.983,14.69,100.0,19.68
2026-09-15 04:54:43,lht65-02,52.25,5.97326,2.985,14.63,100.0,19.62
2026-09-15 05:04:43,lht65-02,52.25,5.97326,2.983,14.58,100.0,19.62
2026-09-15 05:14:43,lht65-02,52.25,5.97326,2.983,14.56,100.0,19.56
2026-09-15 05:24:43,lht65-02,52.25,5.97326,2.989,14.57,100.0,19.5
2026-09-15 05:34:43,lht65-02,52.25,5.97326,2.987,14.62,100.0,19.5
2026-09-15 05:44:43,lht65-02,52.25,5.97326,2.987,14.72,100.0,19.43
2026-09-15 05:54:43,lht65-02,52.25,5.97326,2.992,14.9,100.0,19.43
2026-09-15 06:04:43,lht65-02,52.25,5.97326,2.987,15.13,100.0,19.43
2026-09-15 06:14:43,lht65-02,52.25,5.97326,2.987,15.41,100.0,19.37
2026-09-15 06:24:43,lht65-02,52.25,5.97326,2.991,15.79,100.0,19.37
2026-09-15 06:44:43,lht65-02,52.25,5.97326,2.987,17.0,100.0,19.31
2026-09-15 06:54:43,lht65-02,52.25,5.97326,2.991,17.72,100.0,19.31
2026-09-15 07:04:43,lht65-02,52.25,5.97326,2.989,18.46,100.0,19.31
2026-09-15 07:14:43,lht65-02,52.25,5.97326,2.987,19.21,100.0,19.37
2026-09-15 07:24:43,lht65-02,52.25,5.97326,2.983,19.86,100.0,19.37
2026-09-15 07:34:43,lht65-02,52.25,5.97326,2.983,20.83,100.0,19.37
2026-09-15 07:44:43,lht65-02,52.25,5.97326,2.877,21.8,100.0,19.43
2026-09-15 07:54:43,lht65-02,52.25,5.97326,2.748,22.77,100.0,19.43
2026-09-15 08:04:43,lht65-02,52.25,5.97326,2.996,23.77,94.7,19.5
2026-09-15 08:14:43,lht65-02,52.25,5.97326,2.889,24.74,92.2,19.56
2026-09-15 08:24:43,lht65-02,52.25,5.97326,3.009,25.79,90.6,19.62
2026-09-15 08:34:43,lht65-02,52.25,5.97326,2.991,27.01,87.4,19.68
2026-09-15 08:44:43,lht65-02,52.25,5.97326,2.976,28.09,79.4,19.81
2026-09-15 08:54:43,lht65-02,52.25,5.97326,2.857,28.98,72.8,19.87
2026-09-15 09:04:43,lht65-02,52.25,5.97326,2.985,29.58,70.2,20.0
2026-09-15 09:14:43,lht65-02,52.25,5.97326,2.991,30.46,69.3,20.12
2026-09-15 09:24:43,lht65-02,52.25,5.97326,2.991,30.82,64.8,20.25
2026-09-15 09:34:43,lht65-02,52.25,5.97326,2.994,30.63,64.3,20.31
2026-09-15 09:44:43,lht65-02,52.25,5.97326,2.994,30.62,63.4,20.43
2026-09-15 09:54:43,lht65-02,52.25,5.97326,2.994,30.54,63.8,20.56
2026-09-15 10:04:43,lht65-02,52.25,5.97326,2.994,30.53,61.4,20.68
2026-09-15 10:14:43,lht65-02,52.25,5.97326,2.976,30.29,60.7,20.81
2026-09-15 10:24:42,lht65-02,52.25,5.97326,3.005,30.37,58.4,20.93
2026-09-15 10:34:43,lht65-02,52.25,5.97326,3.009,30.18,60.4,21.06
2026-09-15 10:44:43,lht65-02,52.25,5.97326,3.009,30.37,61.6,21.18
2026-09-15 10:54:42,lht65-02,52.25,5.97326,3.009,30.82,59.9,21.25
2026-09-15 11:04:42,lht65-02,52.25,5.97326,3.005,31.35,58.9,21.37
2026-09-15 11:14:42,lht65-02,52.25,5.97326,3.005,31.51,55.5,21.5
2026-09-15 11:24:42,lht65-02,52.25,5.97326,3.01,31.46,55.8,21.56
2026-09-15 11:34:42,lht65-02,52.25,5.97326,3.009,31.29,57.7,21.68
2026-09-15 11:44:42,lht65-02,52.25,5.97326,3.01,31.12,58.1,21.81
2026-09-15 11:54:42,lht65-02,52.25,5.97326,3.01,31.36,59.5,21.87
2026-09-15 12:04:42,lht65-02,52.25,5.97326,3.001,32.04,55.1,22.0
2026-09-15 12:14:42,lht65-02,52.25,5.97326,2.994,32.65,54.2,22.06
2026-09-15 12:24:42,lht65-02,52.25,5.97326,2.926,32.73,52.6,22.12
2026-09-15 12:34:42,lht65-02,52.25,5.97326,2.969,32.16,56.3,22.31
2026-09-15 12:44:42,lht65-02,52.25,5.97326,2.976,32.2,55.4,22.37
2026-09-15 12:54:42,lht65-02,52.25,5.97326,2.945,32.67,54.4,22.5
2026-09-15 13:04:42,lht65-02,52.25,5.97326,2.964,32.73,53.5,22.62
2026-09-15 13:14:42,lht65-02,52.25,5.97326,2.94,32.32,53.7,22.75
2026-09-15 13:24:42,lht65-02,52.25,5.97326,2.945,31.94,56.1,22.87
2026-09-15 13:34:42,lht65-02,52.25,5.97326,2.994,32.19,56.8,22.93
2026-09-15 13:44:42,lht65-02,52.25,5.97326,2.991,32.65,55.1,23.06
2026-09-15 13:54:42,lht65-02,52.25,5.97326,2.971,32.42,52.4,23.18
2026-09-15 14:04:42,lht65-02,52.25,5.97326,2.952,31.67,54.6,23.25
2026-09-15 14:14:42,lht65-02,52.25,5.97326,2.991,30.83,57.9,23.43
2026-09-15 14:24:42,lht65-02,52.25,5.97326,2.989,30.29,61.2,23.5
2026-09-15 14:34:42,lht65-02,52.25,5.97326,2.983,30.15,67.1,23.56
2026-09-15 14:44:42,lht65-02,52.25,5.97326,2.983,29.97,68.5,23.56
2026-09-15 14:54:42,lht65-02,52.25,5.97326,2.976,29.46,67.9,23.62
2026-09-15 15:04:42,lht65-02,52.25,5.97326,2.978,28.95,70.3,23.68
2026-09-15 15:14:42,lht65-02,52.25,5.97326,2.947,28.53,71.3,23.68
2026-09-15 15:24:42,lht65-02,52.25,5.97326,2.934,28.08,72.1,23.68
2026-09-15 15:34:42,lht65-02,52.25,5.97326,2.952,27.49,72.0,23.68
2026-09-15 15:44:42,lht65-02,52.25,5.97326,2.996,27.0,73.9,23.68
2026-09-15 15:54:42,lht65-02,52.25,5.97326,2.996,26.6,74.6,23.68
2026-09-15 16:04:42,lht65-02,52.25,5.97326,3.0,26.26,74.4,23.68
2026-09-15 16:14:42,lht65-02,52.25,5.97326,2.989,25.98,76.7,23.62
2026-09-15 16:24:42,lht65-02,52.25,5.97326,3.001,25.76,77.8,23.62
2026-09-15 16:34:42,lht65-02,52.25,5.97326,3.0,25.52,78.4,23.56
2026-09-15 16:44:42,lht65-02,52.25,5.97326,3.001,25.32,77.1,23.56
2026-09-15 16:54:42,lht65-02,52.25,5.97326,2.996,24.72,77.4,23.5
2026-09-15 17:04:42,lht65-02,52.25,5.97326,3.007,24.24,77.6,23.5
2026-09-15 17:14:42,lht65-02,52.25,5.97326,3.009,23.77,78.5,23.43
2026-09-15 17:24:42,lht65-02,52.25,5.97326,3.009,23.34,81.5,23.43
2026-09-15 17:34:42,lht65-02,52.25,5.97326,3.007,22.94,83.1,23.37
2026-09-15 17:44:42,lht65-02,52.25,5.97326,3.003,22.59,84.9,23.25
2026-09-15 17:54:42,lht65-02,52.25,5.97326,3.0,22.27,85.7,23.25
2026-09-15 18:04:42,lht65-02,52.25,5.97326,2.991,21.91,79.7,23.18
2026-09-15 18:14:42,lht65-02,52.25,5.97326,2.933,21.29,80.0,23.12
2026-09-15 18:24:42,lht65-02,52.25,5.97326,3.005,20.77,82.4,23.06
2026-09-15 18:34:42,lht65-02,52.25,5.97326,2.973,20.42,83.0,23.0
2026-09-15 18:44:42,lht65-02,52.25,5.97326,2.996,20.25,85.6,22.93
2026-09-15 18:54:42,lht65-02,52.25,5.97326,2.994,20.12,86.6,22.87
2026-09-15 19:04:42,lht65-02,52.25,5.97326,2.994,19.98,87.6,22.75
2026-09-15 19:14:42,lht65-02,52.25,5.97326,2.991,19.86,88.0,22.68
2026-09-15 19:24:42,lht65-02,52.25,5.97326,3.0,19.86,88.9,22.68
2026-09-15 19:34:42,lht65-02,52.25,5.97326,2.991,19.75,88.9,22.62
2026-09-15 19:44:42,lht65-02,52.25,5.97326,2.992,19.61,89.5,22.56
2026-09-15 19:54:42,lht65-02,52.25,5.97326,2.994,19.4,89.6,22.5
2026-09-15 20:04:41,lht65-02,52.25,5.97326,2.959,19.2,90.2,22.43
2026-09-15 20:14:41,lht65-02,52.25,5.97326,2.991,18.99,90.3,22.37
2026-09-15 20:24:42,lht65-02,52.25,5.97326,2.973,18.87,90.5,22.31
2026-09-15 20:34:42,lht65-02,52.25,5.97326,2.987,18.74,90.2,22.25
2026-09-15 20:44:41,lht65-02,52.25,5.97326,2.994,18.58,90.5,22.18
2026-09-15 20:54:42,lht65-02,52.25,5.97326,2.994,18.54,91.4,22.12
2026-09-15 21:04:41,lht65-02,52.25,5.97326,2.959,18.5,91.9,22.06
2026-09-15 21:14:41,lht65-02,52.25,5.97326,2.985,18.48,92.4,22.0
2026-09-15 21:24:41,lht65-02,52.25,5.97326,2.992,18.45,92.6,21.93
2026-09-15 21:34:41,lht65-02,52.25,5.97326,2.955,18.24,90.7,21.93
2026-09-15 21:44:42,lht65-02,52.25,5.97326,2.983,18.06,90.3,21.81
2026-09-15 21:54:42,lht65-02,52.25,5.97326,2.98,17.9,90.5,21.81
2026-09-15 22:04:41,lht65-02,52.25,5.97326,2.978,17.8,91.0,21.75
2026-09-15 22:14:41,lht65-02,52.25,5.97326,2.98,17.72,91.7,21.68
2026-09-15 22:24:41,lht65-02,52.25,5.97326,2.983,17.64,92.1,21.68
2026-09-15 22:34:41,lht65-02,52.25,5.97326,2.978,17.55,91.9,21.62
2026-09-15 22:44:41,lht65-02,52.25,5.97326,2.976,17.38,90.5,21.56
2026-09-15 22:54:41,lht65-02,52.25,5.97326,2.992,17.26,91.2,21.5
2026-09-15 23:04:41,lht65-02,52.25,5.97326,2.994,17.17,91.7,21.43
2026-09-15 23:14:41,lht65-02,52.25,5.97326,2.934,17.09,91.1,21.37
2026-09-15 23:24:41,lht65-02,52.25,5.97326,2.945,16.87,90.2,21.31
2026-09-15 23:34:41,lht65-02,52.25,5.97326,2.962,16.55,89.7,21.31
2026-09-15 23:44:41,lht65-02,52.25,5.97326,2.976,16.37,91.0,21.25
2026-09-15 23:54:41,lht65-02,52.25,5.97326,2.994,16.32,92.2,21.25
2026-09-16 00:04:41,lht65-02,52.25,5.97326,2.991,16.31,92.6,21.18
2026-09-16 00:14:41,lht65-02,52.25,5.97326,2.994,16.31,92.8,21.12
2026-09-16 00:24:41,lht65-02,52.25,5.97326,2.998,16.27,92.4,21.06
2026-09-16 00:34:41,lht65-02,52.25,5.97326,2.994,16.21,92.3,21.0
2026-09-16 00:44:41,lht65-02,52.25,5.97326,2.996,16.22,92.8,21.0
2026-09-16 00:54:41,lht65-02,52.25,5.97326,2.991,16.23,93.0,20.93
2026-09-16 01:04:41,lht65-02,52.25,5.97326,2.998,16.24,93.1,20.87
2026-09-16 01:14:41,lht65-02,52.25,5.97326,2.998,16.22,93.1,20.81
2026-09-16 01:24:41,lht65-02,52.25,5.97326,2.996,16.07,92.2,20.81
2026-09-16 01:34:41,lht65-02,52.25,5.97326,2.98,15.81,91.2,20.75
2026-09-16 01:44:41,lht65-02,52.25,5.97326,2.982,15.53,91.3,20.68
2026-09-16 01:54:41,lht65-02,52.25,5.97326,2.987,15.33,91.6,20.68
2026-09-16 02:04:41,lht65-02,52.25,5.97326,2.991,15.1,91.5,20.62
2026-09-16 02:14:41,lht65-02,52.25,5.97326,2.907,14.78,91.6,20.56
2026-09-16 02:24:41,lht65-02,52.25,5.97326,3.005,14.5,91.7,20.5
2026-09-16 02:34:41,lht65-02,52.25,5.97326,3.009,14.3,91.5,20.5
2026-09-16 02:44:41,lht65-02,52.25,5.97326,3.0,13.89,91.5,20.43
2026-09-16 02:54:41,lht65-02,52.25,5.97326,2.976,13.63,91.9,20.37
2026-09-16 03:04:41,lht65-02,52.25,5.97326,2.991,13.45,92.3,20.31
2026-09-16 03:14:41,lht65-02,52.25,5.97326,2.991,13.3,92.7,20.25
2026-09-16 03:24:41,lht65-02,52.25,5.97326,2.991,13.16,92.9,20.18
2026-09-16 03:34:41,lht65-02,52.25,5.97326,2.992,13.08,93.2,20.12
2026-09-16 03:44:41,lht65-02,52.25,5.97326,2.992,13.04,93.9,20.06
2026-09-16 03:54:41,lht65-02,52.25,5.97326,2.991,13.09,95.1,20.06
2026-09-16 04:04:41,lht65-02,52.25,5.97326,2.991,13.27,97.1,20.0
2026-09-16 04:14:41,lht65-02,52.25,5.97326,2.992,13.52,100.0,19.93
2026-09-16 04:24:41,lht65-02,52.25,5.97326,2.991,13.83,100.0,19.87
2026-09-16 04:34:41,lht65-02,52.25,5.97326,2.991,14.3,100.0,19.81
2026-09-16 04:44:41,lht65-02,52.25,5.97326,2.992,14.46,100.0,19.81
2026-09-16 04:54:41,lht65-02,52.25,5.97326,2.992,14.74,100.0,19.75
2026-09-16 05:04:41,lht65-02,52.25,5.97326,2.991,14.98,100.0,19.75
2026-09-16 05:14:41,lht65-02,52.25,5.97326,2.992,15.14,100.0,19.68
2026-09-16 05:24:41,lht65-02,52.25,5.97326,2.994,15.26,100.0,19.68
2026-09-16 05:34:41,lht65-02,52.25,5.97326,2.992,15.37,100.0,19.62
2026-09-16 05:44:41,lht65-02,52.25,5.97326,2.994,15.41,100.0,19.62
2026-09-16 05:54:41,lht65-02,52.25,5.97326,2.991,15.43,100.0,19.62
2026-09-16 06:04:41,lht65-02,52.25,5.97326,2.991,15.44,100.0,19.56
2026-09-16 06:14:41,lht65-02,52.25,5.97326,2.994,15.5,100.0,19.56
2026-09-16 06:24:41,lht65-02,52.25,5.97326,2.994,15.59,100.0,19.56
2026-09-16 06:34:41,lht65-02,52.25,5.97326,2.994,15.67,100.0,19.56
2026-09-16 06:44:41,lht65-02,52.25,5.97326,2.996,16.02,100.0,19.5
2026-09-16 06:54:41,lht65-02,52.25,5.97326,2.994,16.35,100.0,19.5
2026-09-16 07:04:41,lht65-02,52.25,5.97326,2.992,16.65,100.0,19.5
2026-09-16 07:14:41,lht65-02,52.25,5.97326,2.994,17.09,100.0,19.5
2026-09-16 07:24:41,lht65-02,52.25,5.97326,2.994,17.81,100.0,19.56
2026-09-16 07:34:40,lht65-02,52.25,5.97326,2.992,18.63,100.0,19.5
2026-09-16 07:44:41,lht65-02,52.25,5.97326,2.992,19.61,100.0,19.56
2026-09-16 07:54:40,lht65-02,52.25,5.97326,2.998,20.58,97.8,19.56
2026-09-16 08:04:40,lht65-02,52.25,5.97326,3.005,21.8,93.8,19.56
2026-09-16 08:14:40,lht65-02,52.25,5.97326,3.001,22.76,88.4,19.62
2026-09-16 08:24:40,lht65-02,52.25,5.97326,2.994,23.81,85.1,19.68
2026-09-16 08:34:40,lht65-02,52.25,5.97326,3.001,24.91,82.2,19.75
2026-09-16 08:44:40,lht65-02,52.25,5.97326,3.001,26.12,78.0,19.81
2026-09-16 08:54:40,lht65-02,52.25,5.97326,2.987,27.07,74.0,19.87
2026-09-16 09:04:41,lht65-02,52.25,5.97326,2.983,28.42,70.8,20.0
2026-09-16 09:14:40,lht65-02,52.25,5.97326,2.955,29.22,70.3,20.06
2026-09-16 09:24:40,lht65-02,52.25,5.97326,2.966,30.34,58.5,20.18
2026-09-16 09:34:40,lht65-02,52.25,5.97326,2.994,30.42,61.0,20.31
2026-09-16 09:44:40,lht65-02,52.25,5.97326,2.945,30.83,58.5,20.43
2026-09-16 09:54:40,lht65-02,52.25,5.97326,2.996,29.75,53.7,20.56
2026-09-16 10:04:40,lht65-02,52.25,5.97326,2.996,27.52,57.8,20.75
2026-09-16 10:14:40,lht65-02,52.25,5.97326,2.98,24.83,65.7,20.81
2026-09-16 10:24:40,lht65-02,52.25,5.97326,2.822,22.99,74.0,20.87
2026-09-16 10:34:40,lht65-02,52.25,5.97326,2.978,22.09,77.5,21.0
2026-09-16 10:44:40,lht65-02,52.25,5.97326,2.996,22.39,83.0,21.0
2026-09-16 10:54:40,lht65-02,52.25,5.97326,2.994,24.11,84.1,21.06
2026-09-16 11:04:40,lht65-02,52.25,5.97326,2.966,27.03,84.2,21.0
2026-09-16 11:14:40,lht65-02,52.25,5.97326,2.983,27.59,63.3,21.06
2026-09-16 11:24:40,lht65-02,52.25,5.97326,2.976,25.8,65.3,21.06
2026-09-16 11:34:40,lht65-02,52.25,5.97326,2.98,24.27,72.0,21.12
2026-09-16 11:44:40,lht65-02,52.25,5.97326,2.976,24.72,81.8,21.18
2026-09-16 11:54:40,lht65-02,52.25,5.97326,2.975,26.55,73.9,21.18
2026-09-16 12:04:40,lht65-02,52.25,5.97326,2.976,26.91,73.1,21.25
2026-09-16 12:14:40,lht65-02,52.25,5.97326,2.911,28.71,77.2,21.31
2026-09-16 12:24:40,lht65-02,52.25,5.97326,2.89,29.59,57.0,21.31
2026-09-16 12:34:40,lht65-02,52.25,5.97326,2.996,27.14,62.7,21.43
2026-09-16 12:44:40,lht65-02,52.25,5.97326,2.994,25.91,68.8,21.5
2026-09-16 12:54:40,lht65-02,52.25,5.97326,3.001,26.83,71.6,21.56
2026-09-16 13:04:40,lht65-02,52.25,5.97326,3.007,27.26,66.0,21.62
2026-09-16 13:14:40,lht65-02,52.25,5.97326,3.005,26.59,66.1,21.68
2026-09-16 13:24:40,lht65-02,52.25,5.97326,2.991,25.43,66.1,21.75
2026-09-16 13:34:40,lht65-02,52.25,5.97326,2.992,25.67,76.4,21.75
2026-09-16 13:44:40,lht65-02,52.25,5.97326,2.996,25.68,74.2,21.81
2026-09-16 13:54:40,lht65-02,52.25,5.97326,2.991,25.32,77.9,21.81
2026-09-16 14:04:40,lht65-02,52.25,5.97326,2.982,26.82,81.0,21.81
2026-09-16 14:14:40,lht65-02,52.25,5.97326,2.98,28.96,78.0,21.87
2026-09-16 14:24:40,lht65-02,52.25,5.97326,2.978,29.45,62.8,21.93
2026-09-16 14:34:40,lht65-02,52.25,5.97326,3.005,28.05,63.9,22.0
2026-09-16 14:44:40,lht65-02,52.25,5.97326,3.009,26.62,66.6,22.12
2026-09-16 14:54:40,lht65-02,52.25,5.97326,2.996,25.01,71.6,22.12
2026-09-16 15:04:40,lht65-02,52.25,5.97326,2.998,25.1,79.6,22.18
2026-09-16 15:14:40,lht65-02,52.25,5.97326,2.998,26.2,82.7,22.18
2026-09-16 15:24:40,lht65-02,52.25,5.97326,2.994,27.72,83.5,22.18
2026-09-16 15:34:40,lht65-02,52.25,5.97326,2.994,28.38,74.9,22.25
2026-09-16 15:44:40,lht65-02,52.25,5.97326,3.001,28.18,70.9,22.31
2026-09-16 15:54:40,lht65-02,52.25,5.97326,3.001,27.03,72.2,22.31
2026-09-16 16:04:40,lht65-02,52.25,5.97326,2.998,25.58,73.3,22.31
2026-09-16 16:14:40,lht65-02,52.25,5.97326,2.976,24.42,75.9,22.37
2026-09-16 16:24:40,lht65-02,52.25,5.97326,2.904,23.61,79.5,22.31
2026-09-16 16:34:40,lht65-02,52.25,5.97326,2.968,22.87,80.8,22.37
2026-09-16 16:44:40,lht65-02,52.25,5.97326,2.941,22.34,82.5,22.31
2026-09-16 16:54:40,lht65-02,52.25,5.97326,2.952,21.87,83.4,22.25
2026-09-16 17:04:39,lht65-02,52.25,5.97326,2.887,21.28,83.4,22.18
2026-09-16 17:14:40,lht65-02,52.25,5.97326,2.934,20.57,84.2,22.18
2026-09-16 17:24:39,lht65-02,52.25,5.97326,2.931,19.92,85.3,22.12
2026-09-16 17:34:39,lht65-02,52.25,5.97326,2.936,19.45,86.1,22.06
2026-09-16 17:44:39,lht65-02,52.25,5.97326,2.924,18.79,87.3,22.0
2026-09-16 17:54:39,lht65-02,52.25,5.97326,3.001,18.32,88.3,21.93
2026-09-16 18:04:39,lht65-02,52.25,5.97326,2.969,17.91,88.6,21.81
2026-09-16 18:14:39,lht65-02,52.25,5.97326,2.938,17.53,88.7,21.75
2026-09-16 18:24:39,lht65-02,52.25,5.97326,2.976,17.17,88.9,21.68
2026-09-16 18:34:39,lht65-02,52.25,5.97326,2.987,16.94,89.6,21.56
2026-09-16 18:44:40,lht65-02,52.25,5.97326,2.983,16.73,90.1,21.5
2026-09-16 18:54:39,lht65-02,52.25,5.97326,2.992,16.43,89.4,21.43
2026-09-16 19:04:39,lht65-02,52.25,5.97326,2.959,16.02,88.8,21.31
2026-09-16 19:14:39,lht65-02,52.25,5.97326,3.009,15.59,88.7,21.25
2026-09-16 19:24:39,lht65-02,52.25,5.97326,3.009,15.18,89.0,21.12
2026-09-16 19:34:39,lht65-02,52.25,5.97326,3.009,14.81,89.1,21.06
2026-09-16 19:44:39,lht65-02,52.25,5.97326,3.007,14.47,89.5,20.93
2026-09-16 19:54:39,lht65-02,52.25,5.97326,3.007,14.3,89.9,20.87
2026-09-16 20:04:39,lht65-02,52.25,5.97326,3.005,14.04,91.0,20.81
2026-09-16 20:14:39,lht65-02,52.25,5.97326,3.007,13.9,91.6,20.68
2026-09-16 20:24:39,lht65-02,52.25,5.97326,2.998,13.75,91.6,20.62
2026-09-16 20:34:39,lht65-02,52.25,5.97326,2.994,13.57,91.7,20.5
2026-09-16 20:44:39,lht65-02,52.25,5.97326,3.0,13.39,91.9,20.43
2026-09-16 20:54:39,lht65-02,52.25,5.97326,2.962,13.22,92.1,20.31
2026-09-16 21:04:39,lht65-02,52.25,5.97326,2.973,13.09,92.3,20.25
2026-09-16 21:14:39,lht65-02,52.25,5.97326,3.001,12.92,92.2,20.18
2026-09-16 21:24:39,lht65-02,52.25,5.97326,2.989,12.72,92.2,20.06
2026-09-16 21:34:39,lht65-02,52.25,5.97326,2.998,12.58,92.5,20.06
2026-09-16 21:44:39,lht65-02,52.25,5.97326,2.996,12.52,92.9,19.93
2026-09-16 21:54:39,lht65-02,52.25,5.97326,3.0,12.47,93.5,19.87
2026-09-16 22:04:39,lht65-02,52.25,5.97326,2.996,12.38,94.1,19.81
2026-09-16 22:14:39,lht65-02,52.25,5.97326,3.0,12.33,94.7,19.68
2026-09-16 22:24:39,lht65-02,52.25,5.97326,2.998,12.29,95.3,19.62
2026-09-16 22:34:39,lht65-02,52.25,5.97326,2.998,12.25,95.9,19.56
2026-09-16 22:44:39,lht65-02,52.25,5.97326,2.996,12.35,96.9,19.5
2026-09-16 23:04:39,lht65-02,52.25,5.97326,2.996,12.72,100.0,19.37
2026-09-16 23:14:39,lht65-02,52.25,5.97326,2.996,12.85,100.0,19.31
2026-09-16 23:24:39,lht65-02,52.25,5.97326,2.996,12.79,100.0,19.25
2026-09-16 23:34:39,lht65-02,52.25,5.97326,2.996,12.67,100.0,19.18
2026-09-16 23:44:39,lht65-02,52.25,5.97326,3.0,12.65,100.0,19.18
2026-09-16 23:54:39,lht65-02,52.25,5.97326,2.996,12.68,100.0,19.12
2026-09-17 00:04:39,lht65-02,52.25,5.97326,2.996,12.69,100.0,19.06
2026-09-17 00:14:39,lht65-02,52.25,5.97326,2.996,12.6,100.0,19.06
2026-09-17 00:24:39,lht65-02,52.25,5.97326,2.996,12.45,100.0,19.0
2026-09-17 00:34:39,lht65-02,52.25,5.97326,2.996,12.28,100.0,18.93
2026-09-17 00:44:39,lht65-02,52.25,5.97326,2.996,12.28,100.0,18.87
2026-09-17 00:54:39,lht65-02,52.25,5.97326,2.998,12.39,100.0,18.81
2026-09-17 01:04:39,lht65-02,52.25,5.97326,2.996,12.56,100.0,18.81
2026-09-17 01:14:39,lht65-02,52.25,5.97326,2.998,12.69,100.0,18.75
2026-09-17 01:24:39,lht65-02,52.25,5.97326,2.996,12.65,100.0,18.75
2026-09-17 01:34:39,lht65-02,52.25,5.97326,2.996,12.55,100.0,18.68
2026-09-17 01:44:39,lht65-02,52.25,5.97326,2.996,12.47,100.0,18.68
2026-09-17 01:54:39,lht65-02,52.25,5.97326,2.996,12.54,100.0,18.62
2026-09-17 02:04:39,lht65-02,52.25,5.97326,2.996,12.74,100.0,18.56
2026-09-17 02:14:39,lht65-02,52.25,5.97326,2.996,12.98,100.0,18.56
2026-09-17 02:24:39,lht65-02,52.25,5.97326,2.996,13.16,100.0,18.5
2026-09-17 02:34:39,lht65-02,52.25,5.97326,2.996,13.21,100.0,18.5
2026-09-17 02:44:39,lht65-02,52.25,5.97326,2.996,13.3,100.0,18.43
2026-09-17 02:54:39,lht65-02,52.25,5.97326,2.996,13.39,100.0,18.43
2026-09-17 03:04:39,lht65-02,52.25,5.97326,2.996,13.39,100.0,18.43
2026-09-17 03:14:39,lht65-02,52.25,5.97326,2.996,13.33,100.0,18.37
2026-09-17 03:24:39,lht65-02,52.25,5.97326,2.996,13.26,100.0,18.37
2026-09-17 03:34:39,lht65-02,52.25,5.97326,2.996,13.21,100.0,18.37
2026-09-17 03:44:39,lht65-02,52.25,5.97326,2.996,13.15,100.0,18.31
2026-09-17 03:54:39,lht65-02,52.25,5.97326,2.996,13.09,100.0,18.37
2026-09-17 04:04:39,lht65-02,52.25,5.97326,2.996,13.03,100.0,18.31
2026-09-17 04:14:39,lht65-02,52.25,5.97326,2.996,13.04,100.0,18.31
2026-09-17 04:24:39,lht65-02,52.25,5.97326,2.998,13.11,100.0,18.25
2026-09-17 04:34:39,lht65-02,52.25,5.97326,2.996,13.21,100.0,18.25
2026-09-17 04:44:39,lht65-02,52.25,5.97326,2.996,13.22,100.0,18.25
2026-09-17 04:54:38,lht65-02,52.25,5.97326,2.996,13.26,100.0,18.18
2026-09-17 05:04:38,lht65-02,52.25,5.97326,2.998,13.3,100.0,18.18
2026-09-17 05:14:38,lht65-02,52.25,5.97326,2.996,13.37,100.0,18.18
2026-09-17 05:24:38,lht65-02,52.25,5.97326,2.998,13.42,100.0,18.12
2026-09-17 05:34:38,lht65-02,52.25,5.97326,2.996,13.5,100.0,18.12
2026-09-17 05:44:38,lht65-02,52.25,5.97326,2.996,13.58,100.0,18.12
2026-09-17 05:54:38,lht65-02,52.25,5.97326,2.996,13.7,100.0,18.12
2026-09-17 06:04:38,lht65-02,52.25,5.97326,2.996,13.9,100.0,18.06
2026-09-17 06:14:38,lht65-02,52.25,5.97326,2.996,14.18,100.0,18.06
2026-09-17 06:24:38,lht65-02,52.25,5.97326,2.996,14.3,100.0,18.06
2026-09-17 06:34:38,lht65-02,52.25,5.97326,2.996,14.44,100.0,18.06
2026-09-17 06:44:39,lht65-02,52.25,5.97326,2.996,14.63,100.0,18.06
2026-09-17 06:54:38,lht65-02,52.25,5.97326,3.0,14.84,100.0,18.06
2026-09-17 07:04:39,lht65-02,52.25,5.97326,2.996,15.13,100.0,18.06
2026-09-17 07:14:38,lht65-02,52.25,5.97326,2.996,15.5,100.0,18.06
2026-09-17 07:24:38,lht65-02,52.25,5.97326,2.994,15.95,100.0,18.06
2026-09-17 07:34:38,lht65-02,52.25,5.97326,2.998,16.44,100.0,18.12
2026-09-17 07:44:38,lht65-02,52.25,5.97326,2.996,16.84,100.0,18.12
2026-09-17 07:54:38,lht65-02,52.25,5.97326,2.996,17.38,100.0,18.18
2026-09-17 08:04:38,lht65-02,52.25,5.97326,2.994,18.09,100.0,18.25
2026-09-17 08:14:38,lht65-02,52.25,5.97326,2.992,18.87,100.0,18.25
2026-09-17 08:24:38,lht65-02,52.25,5.97326,2.996,19.72,99.6,18.31
2026-09-17 08:34:38,lht65-02,52.25,5.97326,2.998,20.4,97.4,18.37
2026-09-17 08:44:38,lht65-02,52.25,5.97326,2.992,21.68,98.1,18.43
2026-09-17 08:54:38,lht65-02,52.25,5.97326,2.976,23.31,96.0,18.5
2026-09-17 09:04:38,lht65-02,52.25,5.97326,3.001,24.05,89.1,18.62
2026-09-17 09:14:38,lht65-02,52.25,5.97326,3.005,24.52,87.4,18.75
2026-09-17 09:24:38,lht65-02,52.25,5.97326,2.992,24.79,85.5,18.87
2026-09-17 09:34:38,lht65-02,52.25,5.97326,2.992,25.7,87.4,19.0
2026-09-17 09:44:38,lht65-02,52.25,5.97326,2.902,27.8,87.7,19.12
2026-09-17 09:54:38,lht65-02,52.25,5.97326,2.803,29.39,68.2,19.18
2026-09-17 10:04:38,lht65-02,52.25,5.97326,2.996,28.93,64.6,19.37
2026-09-17 10:14:38,lht65-02,52.25,5.97326,2.996,28.52,63.2,19.5
2026-09-17 10:24:38,lht65-02,52.25,5.97326,2.998,28.25,66.0,19.68
2026-09-17 10:34:38,lht65-02,52.25,5.97326,2.998,27.9,64.0,19.81
2026-09-17 10:44:38,lht65-02,52.25,5.97326,2.994,26.44,66.7,19.93
2026-09-17 10:54:38,lht65-02,52.25,5.97326,2.991,25.12,67.7,20.12
2026-09-17 11:04:38,lht65-02,52.25,5.97326,2.994,24.23,73.8,20.18
2026-09-17 11:14:38,lht65-02,52.25,5.97326,3.001,24.07,78.4,20.25
2026-09-17 11:24:38,lht65-02,52.25,5.97326,3.001,24.07,80.2,20.31
2026-09-17 11:34:38,lht65-02,52.25,5.97326,3.001,24.04,82.0,20.37
2026-09-17 11:44:38,lht65-02,52.25,5.97326,3.001,24.24,82.9,20.43
2026-09-17 11:54:38,lht65-02,52.25,5.97326,3.001,24.37,83.3,20.5
2026-09-17 12:04:38,lht65-02,52.25,5.97326,3.001,24.62,83.6,20.5
2026-09-17 12:14:38,lht65-02,52.25,5.97326,3.001,24.53,83.2,20.56
2026-09-17 12:24:38,lht65-02,52.25,5.97326,3.001,24.1,81.4,20.62
2026-09-17 12:34:38,lht65-02,52.25,5.97326,2.987,23.3,81.8,20.62
2026-09-17 12:44:38,lht65-02,52.25,5.97326,2.983,23.04,83.7,20.68
2026-09-17 12:54:38,lht65-02,52.25,5.97326,2.985,22.9,83.8,20.68
2026-09-17 13:04:38,lht65-02,52.25,5.97326,2.985,22.59,84.1,20.75
2026-09-17 13:14:38,lht65-02,52.25,5.97326,2.989,22.4,84.6,20.75
2026-09-17 13:24:38,lht65-02,52.25,5.97326,2.994,22.33,85.5,20.81
2026-09-17 13:34:38,lht65-02,52.25,5.97326,3.005,22.59,86.0,20.81
2026-09-17 13:44:38,lht65-02,52.25,5.97326,3.005,22.74,84.2,20.81
2026-09-17 13:54:38,lht65-02,52.25,5.97326,3.003,22.59,84.1,20.81
2026-09-17 14:04:38,lht65-02,52.25,5.97326,3.005,22.26,83.5,20.81
2026-09-17 14:14:38,lht65-02,52.25,5.97326,2.991,21.96,84.0,20.87
2026-09-17 14:24:38,lht65-02,52.25,5.97326,2.969,21.87,84.3,20.81
2026-09-17 14:34:38,lht65-02,52.25,5.97326,2.991,22.03,84.7,20.87
2026-09-17 14:44:38,lht65-02,52.25,5.97326,3.007,22.16,84.9,20.81
2026-09-17 14:54:38,lht65-02,52.25,5.97326,3.009,22.08,84.6,20.87
2026-09-17 15:04:38,lht65-02,52.25,5.97326,3.007,22.17,85.3,20.87
2026-09-17 15:14:37,lht65-02,52.25,5.97326,3.007,22.41,85.6,20.87
2026-09-17 15:24:38,lht65-02,52.25,5.97326,3.007,22.69,85.4,20.87
2026-09-17 15:34:37,lht65-02,52.25,5.97326,3.009,22.65,83.9,20.93
2026-09-17 15:44:37,lht65-02,52.25,5.97326,3.007,22.33,83.2,20.93
2026-09-17 15:54:37,lht65-02,52.25,5.97326,3.007,22.02,83.3,20.93
2026-09-17 16:04:37,lht65-02,52.25,5.97326,2.983,21.49,83.9,20.93
2026-09-17 16:14:37,lht65-02,52.25,5.97326,2.98,20.94,84.9,21.0
2026-09-17 16:24:38,lht65-02,52.25,5.97326,2.971,20.46,85.7,20.93
2026-09-17 16:34:37,lht65-02,52.25,5.97326,2.971,19.9,86.2,20.93
2026-09-17 16:44:37,lht65-02,52.25,5.97326,2.853,19.61,86.9,20.87
2026-09-17 16:54:37,lht65-02,52.25,5.97326,2.994,19.23,87.6,20.87
2026-09-17 17:04:37,lht65-02,52.25,5.97326,3.005,18.87,88.2,20.87
2026-09-17 17:14:37,lht65-02,52.25,5.97326,3.005,18.55,88.7,20.81
2026-09-17 17:24:37,lht65-02,52.25,5.97326,2.996,18.27,89.1,20.81
2026-09-17 17:34:37,lht65-02,52.25,5.97326,2.985,18.0,89.5,20.75
2026-09-17 17:44:37,lht65-02,52.25,5.97326,2.991,17.75,89.9,20.68
2026-09-17 17:54:37,lht65-02,52.25,5.97326,3.001,17.52,90.5,20.62
2026-09-17 18:04:37,lht65-02,52.25,5.97326,3.005,17.26,90.3,20.56
2026-09-17 18:14:37,lht65-02,52.25,5.97326,3.005,16.99,90.5,20.56
2026-09-17 18:24:37,lht65-02,52.25,5.97326,3.001,16.74,90.8,20.43
2026-09-17 18:34:37,lht65-02,52.25,5.97326,3.001,16.57,91.4,20.43
2026-09-17 18:44:37,lht65-02,52.25,5.97326,3.0,16.5,92.2,20.31
2026-09-17 18:54:37,lht65-02,52.25,5.97326,3.001,16.5,93.4,20.31
2026-09-17 19:04:37,lht65-02,52.25,5.97326,3.001,16.51,94.7,20.25
2026-09-17 19:14:37,lht65-02,52.25,5.97326,3.001,16.41,95.3,20.18
2026-09-17 19:24:37,lht65-02,52.25,5.97326,3.001,16.33,95.3,20.12
2026-09-17 19:34:37,lht65-02,52.25,5.97326,2.998,16.27,95.5,20.06
2026-09-17 19:44:37,lht65-02,52.25,5.97326,2.996,16.25,95.9,20.06
2026-09-17 19:54:37,lht65-02,52.25,5.97326,2.998,16.23,96.5,20.0
2026-09-17 20:04:37,lht65-02,52.25,5.97326,3.0,16.2,97.0,19.93
2026-09-17 20:14:37,lht65-02,52.25,5.97326,3.001,16.21,97.6,19.93
2026-09-17 20:24:37,lht65-02,52.25,5.97326,3.003,16.17,98.1,19.87
2026-09-17 20:34:37,lht65-02,52.25,5.97326,3.001,16.15,98.5,19.81
2026-09-17 20:44:37,lht65-02,52.25,5.97326,3.001,16.17,99.0,19.75
2026-09-17 20:54:37,lht65-02,52.25,5.97326,3.001,16.18,99.8,19.75
2026-09-17 21:04:37,lht65-02,52.25,5.97326,3.001,16.15,100.0,19.68
2026-09-17 21:14:37,lht65-02,52.25,5.97326,3.003,16.13,100.0,19.62
2026-09-17 21:24:37,lht65-02,52.25,5.97326,3.001,15.96,100.0,19.62
2026-09-17 21:34:37,lht65-02,52.25,5.97326,3.003,15.73,100.0,19.62
2026-09-17 21:44:37,lht65-02,52.25,5.97326,3.001,15.49,99.5,19.56
2026-09-17 21:54:37,lht65-02,52.25,5.97326,2.994,15.23,99.0,19.56
2026-09-17 22:04:37,lht65-02,52.25,5.97326,2.996,14.98,98.3,19.5
2026-09-17 22:14:37,lht65-02,52.25,5.97326,3.001,14.7,98.3,19.43
2026-09-17 22:24:37,lht65-02,52.25,5.97326,3.0,14.52,98.6,19.37
2026-09-17 22:34:37,lht65-02,52.25,5.97326,3.001,14.31,98.6,19.37
2026-09-17 22:44:37,lht65-02,52.25,5.97326,3.001,14.16,98.4,19.31
2026-09-17 22:54:37,lht65-02,52.25,5.97326,2.998,13.88,98.4,19.25
2026-09-17 23:04:37,lht65-02,52.25,5.97326,3.0,13.7,98.5,19.25
2026-09-17 23:14:37,lht65-02,52.25,5.97326,3.001,13.52,98.5,19.18
2026-09-17 23:24:37,lht65-02,52.25,5.97326,3.001,13.34,98.7,19.12
2026-09-17 23:34:37,lht65-02,52.25,5.97326,3.005,13.28,99.1,19.06
2026-09-17 23:44:37,lht65-02,52.25,5.97326,3.005,13.37,99.6,19.0
2026-09-17 23:54:37,lht65-02,52.25,5.97326,3.005,13.51,100.0,18.93
