datetime,elapsed_s,T_in_C,RH_in_pct,T_out_C,RH_out_pct,t_avg_C,rh_avg_pct,M1_state,M2_state,M3_state,step_t,step_rh,step_resolved,is_daytime,wind_override
2025-06-15 00:00:00,0,7.60,100.0,7.60,100.0,8,100,CLOSED,CLOSED,CLOSED,0,3,0,0,0
2025-06-15 00:01:00,60,7.58,100.0,7.58,100.0,8,100,CLOSED,CLOSED,CLOSED,0,3,0,0,0
2025-06-15 00:02:00,120,7.56,100.0,7.56,100.0,8,100,CLOSED,CLOSED,CLOSED,0,3,0,0,0
2025-06-15 00:03:00,180,7.54,100.0,7.54,100.0,8,100,CLOSED,CLOSED,CLOSED,0,3,0,0,0
2025-06-15 00:04:00,240,7.52,100.0,7.52,100.0,8,100,CLOSED,CLOSED,CLOSED,0,3,0,0,0
2025-06-15 00:05:00,300,7.50,100.0,7.50,100.0,8,100,CLOSED,CLOSED,CLOSED,0,3,0,0,0
2025-06-15 00:06:00,360,7.48,100.0,7.48,100.0,8,100,CLOSED,CLOSED,CLOSED,0,3,0,0,0
2025-06-15 00:07:00,420,7.46,100.0,7.46,100.0,7,100,CLOSED,CLOSED,CLOSED,0,3,0,0,0
2025-06-15 00:08:00,480,7.44,100.0,7.44,100.0,7,100,CLOSED,CLOSED,CLOSED,0,3,0,0,0
2025-06-15 00:09:00,540,7.42,100.0,7.42,100.0,7,100,CLOSED,CLOSED,CLOSED,0,3,0,0,0
2025-06-15 00:10:00,600,7.40,100.0,7.40,100.0,7,100,CLOSED,CLOSED,CLOSED,0,3,0,0,0
2025-06-15 00:11:00,660,7.38,100.0,7.38,100.0,7,100,CLOSED,CLOSED,CLOSED,0,3,0,0,0
2025-06-15 00:12:00,720,7.36,100.0,7.36,100.0,7,100,CLOSED,CLOSED,CLOSED,0,3,0,0,0
2025-06-15 00:13:00,780,7.34,100.0,7.34,95.4,7,100,CLOSED,CLOSED,CLOSED,0,3,0,0,0
2025-06-15 00:14:00,840,7.32,100.0,7.32,95.4,7,100,CLOSED,CLOSED,CLOSED,0,3,0,0,0
2025-06-15 00:15:00,900,7.30,100.0,7.30,95.4,7,100,CLOSED,CLOSED,CLOSED,0,3,0,0,0
2025-06-15 00:16:00,960,7.28,100.0,7.28,95.4,7,100,CLOSED,CLOSED,CLOSED,0,3,0,0,0
2025-06-15 00:17:00,1020,7.26,100.0,7.26,95.4,7,100,CLOSED,CLOSED,CLOSED,0,3,0,0,0
2025-06-15 00:18:00,1080,7.24,100.0,7.24,95.4,7,100,CLOSED,CLOSED,CLOSED,0,3,0,0,0
2025-06-15 00:19:00,1140,7.22,100.0,7.22,95.4,7,100,CLOSED,CLOSED,CLOSED,0,3,0,0,0
2025-06-15 00:20:00,1200,7.20,100.0,7.20,95.4,7,100,CLOSED,CLOSED,CLOSED,0,3,0,0,0
2025-06-15 00:21:00,1260,7.18,100.0,7.18,95.4,7,100,CLOSED,CLOSED,CLOSED,0,3,0,0,0
2025-06-15 00:22:00,1320,7.16,100.0,7.16,95.4,7,100,CLOSED,CLOSED,CLOSED,0,3,0,0,0
2025-06-15 00:23:00,1380,7.14,100.0,7.14,95.4,7,100,CLOSED,CLOSED,CLOSED,0,3,0,0,0
2025-06-15 00:24:00,1440,7.12,100.0,7.12,95.4,7,100,CLOSED,CLOSED,CLOSED,0,3,0,0,0
2025-06-15 00:25:00,1500,7.10,100.0,7.10,95.4,7,100,CLOSED,CLOSED,CLOSED,0,3,0,0,0
2025-06-15 00:26:00,1560,7.08,100.0,7.08,95.4,7,100,CLOSED,CLOSED,CLOSED,0,3,0,0,0
2025-06-15 00:27:00,1620,7.06,100.0,7.06,95.4,7,100,CLOSED,CLOSED,CLOSED,0,3,0,0,0
2025-06-15 00:28:00,1680,7.04,100.0,7.04,95.4,7,100,CLOSED,CLOSED,CLOSED,0,3,0,0,0
2025-06-15 00:29:00,1740,7.02,100.0,7.02,95.4,7,100,CLOSED,CLOSED,CLOSED,0,3,0,0,0
2025-06-15 00:30:00,1800,7.00,100.0,7.00,95.4,7,100,CLOSED,CLOSED,CLOSED,0,3,0,0,0
2025-06-15 00:31:00,1860,6.99,100.0,6.99,95.4,7,100,CLOSED,CLOSED,CLOSED,0,3,0,0,0
2025-06-15 00:32:00,1920,6.98,100.0,6.98,95.4,7,100,CLOSED,CLOSED,CLOSED,0,3,0,0,0
2025-06-15 00:33:00,1980,6.97,100.0,6.97,95.4,7,100,CLOSED,CLOSED,CLOSED,0,3,0,0,0
2025-06-15 00:34:00,2040,6.96,100.0,6.96,95.4,7,100,CLOSED,CLOSED,CLOSED,0,3,0,0,0
2025-06-15 00:35:00,2100,6.95,100.0,6.95,95.5,7,100,CLOSED,CLOSED,CLOSED,0,3,0,0,0
2025-06-15 00:36:00,2160,6.94,100.0,6.94,95.5,7,100,CLOSED,CLOSED,CLOSED,0,3,0,0,0
2025-06-15 00:37:00,2220,6.93,100.0,6.93,95.5,7,100,CLOSED,CLOSED,CLOSED,0,3,0,0,0
2025-06-15 00:38:00,2280,6.92,100.0,6.92,95.5,7,100,CLOSED,CLOSED,CLOSED,0,3,0,0,0
2025-06-15 00:39:00,2340,6.91,100.0,6.91,95.5,7,100,CLOSED,CLOSED,CLOSED,0,3,0,0,0
2025-06-15 00:40:00,2400,6.90,100.0,6.90,95.6,7,100,CLOSED,CLOSED,CLOSED,0,3,0,0,0
2025-06-15 00:41:00,2460,6.89,100.0,6.89,95.6,7,100,CLOSED,CLOSED,CLOSED,0,3,0,0,0
2025-06-15 00:42:00,2520,6.88,100.0,6.88,95.6,7,100,CLOSED,CLOSED,CLOSED,0,3,0,0,0
2025-06-15 00:43:00,2580,6.87,100.0,6.87,95.6,7,100,CLOSED,CLOSED,CLOSED,0,3,0,0,0
2025-06-15 00:44:00,2640,6.86,100.0,6.86,95.6,7,100,CLOSED,CLOSED,CLOSED,0,3,0,0,0
2025-06-15 00:45:00,2700,6.85,100.0,6.85,95.6,7,100,CLOSED,CLOSED,CLOSED,0,3,0,0,0
2025-06-15 00:46:00,2760,6.84,100.0,6.84,95.7,7,100,CLOSED,CLOSED,CLOSED,0,3,0,0,0
2025-06-15 00:47:00,2820,6.83,100.0,6.83,95.7,7,100,CLOSED,CLOSED,CLOSED,0,3,0,0,0
2025-06-15 00:48:00,2880,6.82,100.0,6.82,95.7,7,100,CLOSED,CLOSED,CLOSED,0,3,0,0,0
2025-06-15 00:49:00,2940,6.81,100.0,6.81,95.7,7,100,CLOSED,CLOSED,CLOSED,0,3,0,0,0
2025-06-15 00:50:00,3000,6.80,100.0,6.80,95.7,7,100,CLOSED,CLOSED,CLOSED,0,3,0,0,0
2025-06-15 00:51:00,3060,6.79,100.0,6.79,95.8,7,100,CLOSED,CLOSED,CLOSED,0,3,0,0,0
2025-06-15 00:52:00,3120,6.78,100.0,6.78,95.8,7,100,CLOSED,CLOSED,CLOSED,0,3,0,0,0
2025-06-15 00:53:00,3180,6.77,100.0,6.77,95.8,7,100,CLOSED,CLOSED,CLOSED,0,3,0,0,0
2025-06-15 00:54:00,3240,6.76,100.0,6.76,95.8,7,100,CLOSED,CLOSED,CLOSED,0,3,0,0,0
2025-06-15 00:55:00,3300,6.75,100.0,6.75,95.8,7,100,CLOSED,CLOSED,CLOSED,0,3,0,0,0
2025-06-15 00:56:00,3360,6.74,100.0,6.74,95.9,7,100,CLOSED,CLOSED,CLOSED,0,3,0,0,0
2025-06-15 00:57:00,3420,6.73,100.0,6.73,95.9,7,100,CLOSED,CLOSED,CLOSED,0,3,0,0,0
2025-06-15 00:58:00,3480,6.72,100.0,6.72,95.9,7,100,CLOSED,CLOSED,CLOSED,0,3,0,0,0
2025-06-15 00:59:00,3540,6.71,100.0,6.71,95.9,7,100,CLOSED,CLOSED,CLOSED,0,3,0,0,0
2025-06-15 01:00:00,3600,6.70,100.0,6.70,95.9,7,100,CLOSED,CLOSED,CLOSED,0,3,0,0,0
2025-06-15 01:01:00,3660,6.69,100.0,6.69,96.0,7,100,CLOSED,CLOSED,CLOSED,0,3,0,0,0
2025-06-15 01:02:00,3720,6.69,100.0,6.69,96.0,7,100,CLOSED,CLOSED,CLOSED,0,3,0,0,0
2025-06-15 01:03:00,3780,6.68,100.0,6.68,96.0,7,100,CLOSED,CLOSED,CLOSED,0,3,0,0,0
2025-06-15 01:04:00,3840,6.67,100.0,6.67,96.0,7,100,CLOSED,CLOSED,CLOSED,0,3,0,0,0
2025-06-15 01:05:00,3900,6.67,100.0,6.67,96.0,7,100,CLOSED,CLOSED,CLOSED,0,3,0,0,0
2025-06-15 01:06:00,3960,6.66,100.0,6.66,96.0,7,100,CLOSED,CLOSED,CLOSED,0,3,0,0,0
2025-06-15 01:07:00,4020,6.65,100.0,6.65,96.0,7,100,CLOSED,CLOSED,CLOSED,0,3,0,0,0
2025-06-15 01:08:00,4080,6.65,100.0,6.65,96.1,7,100,CLOSED,CLOSED,CLOSED,0,3,0,0,0
2025-06-15 01:09:00,4140,6.64,100.0,6.64,96.1,7,100,CLOSED,CLOSED,CLOSED,0,3,0,0,0
2025-06-15 01:10:00,4200,6.63,100.0,6.63,96.1,7,100,CLOSED,CLOSED,CLOSED,0,3,0,0,0
2025-06-15 01:11:00,4260,6.63,100.0,6.63,96.1,7,100,CLOSED,CLOSED,CLOSED,0,3,0,0,0
2025-06-15 01:12:00,4320,6.62,100.0,6.62,96.1,7,100,CLOSED,CLOSED,CLOSED,0,3,0,0,0
2025-06-15 01:13:00,4380,6.61,100.0,6.61,96.1,7,100,CLOSED,CLOSED,CLOSED,0,3,0,0,0
2025-06-15 01:14:00,4440,6.61,100.0,6.61,96.1,7,100,CLOSED,CLOSED,CLOSED,0,3,0,0,0
2025-06-15 01:15:00,4500,6.60,100.0,6.60,96.2,7,100,CLOSED,CLOSED,CLOSED,0,3,0,0,0
2025-06-15 01:16:00,4560,6.59,100.0,6.59,96.2,7,100,CLOSED,CLOSED,CLOSED,0,3,0,0,0
2025-06-15 01:17:00,4620,6.59,100.0,6.59,96.2,7,100,CLOSED,CLOSED,CLOSED,0,3,0,0,0
2025-06-15 01:18:00,4680,6.58,100.0,6.58,96.2,7,100,CLOSED,CLOSED,CLOSED,0,3,0,0,0
2025-06-15 01:19:00,4740,6.57,100.0,6.57,96.2,7,100,CLOSED,CLOSED,CLOSED,0,3,0,0,0
2025-06-15 01:20:00,4800,6.57,100.0,6.57,96.2,7,100,CLOSED,CLOSED,CLOSED,0,3,0,0,0
2025-06-15 01:21:00,4860,6.56,100.0,6.56,96.3,7,100,CLOSED,CLOSED,CLOSED,0,3,0,0,0
2025-06-15 01:22:00,4920,6.55,100.0,6.55,96.3,7,100,CLOSED,CLOSED,CLOSED,0,3,0,0,0
2025-06-15 01:23:00,4980,6.55,100.0,6.55,96.3,7,100,CLOSED,CLOSED,CLOSED,0,3,0,0,0
2025-06-15 01:24:00,5040,6.54,100.0,6.54,96.3,7,100,CLOSED,CLOSED,CLOSED,0,3,0,0,0
2025-06-15 01:25:00,5100,6.53,100.0,6.53,96.3,7,100,CLOSED,CLOSED,CLOSED,0,3,0,0,0
2025-06-15 01:26:00,5160,6.53,100.0,6.53,96.3,7,100,CLOSED,CLOSED,CLOSED,0,3,0,0,0
2025-06-15 01:27:00,5220,6.52,100.0,6.52,96.3,7,100,CLOSED,CLOSED,CLOSED,0,3,0,0,0
2025-06-15 01:28:00,5280,6.51,100.0,6.51,96.4,7,100,CLOSED,CLOSED,CLOSED,0,3,0,0,0
2025-06-15 01:29:00,5340,6.51,100.0,6.51,96.4,7,100,CLOSED,CLOSED,CLOSED,0,3,0,0,0
2025-06-15 01:30:00,5400,6.50,100.0,6.50,96.4,7,100,CLOSED,CLOSED,CLOSED,0,3,0,0,0
2025-06-15 01:31:00,5460,6.49,100.0,6.49,96.4,7,100,CLOSED,CLOSED,CLOSED,0,3,0,0,0
2025-06-15 01:32:00,5520,6.48,100.0,6.48,96.4,7,100,CLOSED,CLOSED,CLOSED,0,3,0,0,0
2025-06-15 01:33:00,5580,6.47,100.0,6.47,96.4,6,100,CLOSED,CLOSED,CLOSED,0,3,0,0,0
2025-06-15 01:34:00,5640,6.46,100.0,6.46,96.3,6,100,CLOSED,CLOSED,CLOSED,0,3,0,0,0
2025-06-15 01:35:00,5700,6.45,100.0,6.45,96.3,6,100,CLOSED,CLOSED,CLOSED,0,3,0,0,0
2025-06-15 01:36:00,5760,6.44,100.0,6.44,96.3,6,100,CLOSED,CLOSED,CLOSED,0,3,0,0,0
2025-06-15 01:37:00,5820,6.43,100.0,6.43,96.3,6,100,CLOSED,CLOSED,CLOSED,0,3,0,0,0
2025-06-15 01:38:00,5880,6.42,100.0,6.42,96.3,6,100,CLOSED,CLOSED,CLOSED,0,3,0,0,0
2025-06-15 01:39:00,5940,6.41,100.0,6.41,96.3,6,100,CLOSED,CLOSED,CLOSED,0,3,0,0,0
2025-06-15 01:40:00,6000,6.40,100.0,6.40,96.3,6,100,CLOSED,CLOSED,CLOSED,0,3,0,0,0
2025-06-15 01:41:00,6060,6.39,100.0,6.39,96.3,6,100,CLOSED,CLOSED,CLOSED,0,3,0,0,0
2025-06-15 01:42:00,6120,6.38,100.0,6.38,96.3,6,100,CLOSED,CLOSED,CLOSED,0,3,0,0,0
2025-06-15 01:43:00,6180,6.37,100.0,6.37,96.2,6,100,CLOSED,CLOSED,CLOSED,0,3,0,0,0
2025-06-15 01:44:00,6240,6.36,100.0,6.36,96.2,6,100,CLOSED,CLOSED,CLOSED,0,3,0,0,0
2025-06-15 01:45:00,6300,6.35,100.0,6.35,96.2,6,100,CLOSED,CLOSED,CLOSED,0,3,0,0,0
2025-06-15 01:46:00,6360,6.34,100.0,6.34,96.2,6,100,CLOSED,CLOSED,CLOSED,0,3,0,0,0
2025-06-15 01:47:00,6420,6.33,100.0,6.33,96.2,6,100,CLOSED,CLOSED,CLOSED,0,3,0,0,0
2025-06-15 01:48:00,6480,6.32,100.0,6.32,96.2,6,100,CLOSED,CLOSED,CLOSED,0,3,0,0,0
2025-06-15 01:49:00,6540,6.31,100.0,6.31,96.2,6,100,CLOSED,CLOSED,CLOSED,0,3,0,0,0
2025-06-15 01:50:00,6600,6.30,100.0,6.30,96.2,6,100,CLOSED,CLOSED,CLOSED,0,3,0,0,0
2025-06-15 01:51:00,6660,6.29,100.0,6.29,96.2,6,100,CLOSED,CLOSED,CLOSED,0,3,0,0,0
2025-06-15 01:52:00,6720,6.28,100.0,6.28,96.2,6,100,CLOSED,CLOSED,CLOSED,0,3,0,0,0
2025-06-15 01:53:00,6780,6.27,100.0,6.27,96.1,6,100,CLOSED,CLOSED,CLOSED,0,3,0,0,0
2025-06-15 01:54:00,6840,6.26,100.0,6.26,96.1,6,100,CLOSED,CLOSED,CLOSED,0,3,0,0,0
2025-06-15 01:55:00,6900,6.25,100.0,6.25,96.1,6,100,CLOSED,CLOSED,CLOSED,0,3,0,0,0
2025-06-15 01:56:00,6960,6.24,100.0,6.24,96.1,6,100,CLOSED,CLOSED,CLOSED,0,3,0,0,0
2025-06-15 01:57:00,7020,6.23,100.0,6.23,96.1,6,100,CLOSED,CLOSED,CLOSED,0,3,0,0,0
2025-06-15 01:58:00,7080,6.22,100.0,6.22,96.1,6,100,CLOSED,CLOSED,CLOSED,0,3,0,0,0
2025-06-15 01:59:00,7140,6.21,100.0,6.21,96.1,6,100,CLOSED,CLOSED,CLOSED,0,3,0,0,0
2025-06-15 02:00:00,7200,6.20,100.0,6.20,96.1,6,100,CLOSED,CLOSED,CLOSED,0,3,0,0,0
2025-06-15 02:01:00,7260,6.16,100.0,6.16,96.1,6,100,CLOSED,CLOSED,CLOSED,0,3,0,0,0
2025-06-15 02:02:00,7320,6.13,100.0,6.13,96.1,6,100,CLOSED,CLOSED,CLOSED,0,3,0,0,0
2025-06-15 02:03:00,7380,6.09,100.0,6.09,96.0,6,100,CLOSED,CLOSED,CLOSED,0,3,0,0,0
2025-06-15 02:04:00,7440,6.05,100.0,6.05,96.0,6,100,CLOSED,CLOSED,CLOSED,0,3,0,0,0
2025-06-15 02:05:00,7500,6.02,100.0,6.02,96.0,6,100,CLOSED,CLOSED,CLOSED,0,3,0,0,0
2025-06-15 02:06:00,7560,5.98,100.0,5.98,96.0,6,100,CLOSED,CLOSED,CLOSED,0,3,0,0,0
2025-06-15 02:07:00,7620,5.94,100.0,5.94,96.0,6,100,CLOSED,CLOSED,CLOSED,0,3,0,0,0
2025-06-15 02:08:00,7680,5.91,100.0,5.91,96.0,6,100,CLOSED,CLOSED,CLOSED,0,3,0,0,0
2025-06-15 02:09:00,7740,5.87,100.0,5.87,96.0,6,100,CLOSED,CLOSED,CLOSED,0,3,0,0,0
2025-06-15 02:10:00,7800,5.83,100.0,5.83,96.0,6,100,CLOSED,CLOSED,CLOSED,0,3,0,0,0
2025-06-15 02:11:00,7860,5.80,100.0,5.80,96.0,6,100,CLOSED,CLOSED,CLOSED,0,3,0,0,0
2025-06-15 02:12:00,7920,5.76,100.0,5.76,96.0,6,100,CLOSED,CLOSED,CLOSED,0,3,0,0,0
2025-06-15 02:13:00,7980,5.72,100.0,5.72,96.0,6,100,CLOSED,CLOSED,CLOSED,0,3,0,0,0
2025-06-15 02:14:00,8040,5.69,100.0,5.69,96.0,6,100,CLOSED,CLOSED,CLOSED,0,3,0,0,0
2025-06-15 02:15:00,8100,5.65,100.0,5.65,96.0,6,100,CLOSED,CLOSED,CLOSED,0,3,0,0,0
2025-06-15 02:16:00,8160,5.61,100.0,5.61,96.0,6,100,CLOSED,CLOSED,CLOSED,0,3,0,0,0
2025-06-15 02:17:00,8220,5.58,100.0,5.58,96.0,6,100,CLOSED,CLOSED,CLOSED,0,3,0,0,0
2025-06-15 02:18:00,8280,5.54,100.0,5.54,95.9,6,100,CLOSED,CLOSED,CLOSED,0,3,0,0,0
2025-06-15 02:19:00,8340,5.50,100.0,5.50,95.9,6,100,CLOSED,CLOSED,CLOSED,0,3,0,0,0
2025-06-15 02:20:00,8400,5.47,100.0,5.47,95.9,6,100,CLOSED,CLOSED,CLOSED,0,3,0,0,0
2025-06-15 02:21:00,8460,5.43,100.0,5.43,95.9,6,100,CLOSED,CLOSED,CLOSED,0,3,0,0,0
2025-06-15 02:22:00,8520,5.39,100.0,5.39,95.9,5,100,CLOSED,CLOSED,CLOSED,0,3,0,0,0
2025-06-15 02:23:00,8580,5.36,100.0,5.36,95.9,5,100,CLOSED,CLOSED,CLOSED,0,3,0,0,0
2025-06-15 02:24:00,8640,5.32,100.0,5.32,95.9,5,100,CLOSED,CLOSED,CLOSED,0,3,0,0,0
2025-06-15 02:25:00,8700,5.28,100.0,5.28,95.9,5,100,CLOSED,CLOSED,CLOSED,0,3,0,0,0
2025-06-15 02:26:00,8760,5.25,100.0,5.25,95.9,5,100,CLOSED,CLOSED,CLOSED,0,3,0,0,0
2025-06-15 02:27:00,8820,5.21,100.0,5.21,95.9,5,100,CLOSED,CLOSED,CLOSED,0,3,0,0,0
2025-06-15 02:28:00,8880,5.17,100.0,5.17,95.9,5,100,CLOSED,CLOSED,CLOSED,0,3,0,0,0
2025-06-15 02:29:00,8940,5.14,100.0,5.14,95.9,5,100,CLOSED,CLOSED,CLOSED,0,3,0,0,0
2025-06-15 02:30:00,9000,5.10,100.0,5.10,95.9,5,100,CLOSED,CLOSED,CLOSED,0,3,0,0,0
2025-06-15 02:31:00,9060,5.14,100.0,5.14,95.9,5,100,CLOSED,CLOSED,CLOSED,0,3,0,0,0
2025-06-15 02:32:00,9120,5.18,100.0,5.18,96.0,5,100,CLOSED,CLOSED,CLOSED,0,3,0,0,0
2025-06-15 02:33:00,9180,5.22,100.0,5.22,96.0,5,100,CLOSED,CLOSED,CLOSED,0,3,0,0,0
2025-06-15 02:34:00,9240,5.26,100.0,5.26,96.0,5,100,CLOSED,CLOSED,CLOSED,0,3,0,0,0
2025-06-15 02:35:00,9300,5.30,100.0,5.30,96.1,5,100,CLOSED,CLOSED,CLOSED,0,3,0,0,0
2025-06-15 02:36:00,9360,5.34,100.0,5.34,96.1,5,100,CLOSED,CLOSED,CLOSED,0,3,0,0,0
2025-06-15 02:37:00,9420,5.38,100.0,5.38,96.2,5,100,CLOSED,CLOSED,CLOSED,0,3,0,0,0
2025-06-15 02:38:00,9480,5.42,100.0,5.42,96.2,5,100,CLOSED,CLOSED,CLOSED,0,3,0,0,0
2025-06-15 02:39:00,9540,5.46,100.0,5.46,96.2,5,100,CLOSED,CLOSED,CLOSED,0,3,0,0,0
2025-06-15 02:40:00,9600,5.50,100.0,5.50,96.3,5,100,CLOSED,CLOSED,CLOSED,0,3,0,0,0
2025-06-15 02:41:00,9660,5.54,100.0,5.54,96.3,5,100,CLOSED,CLOSED,CLOSED,0,3,0,0,0
2025-06-15 02:42:00,9720,5.58,100.0,5.58,96.4,5,100,CLOSED,CLOSED,CLOSED,0,3,0,0,0
2025-06-15 02:43:00,9780,5.62,100.0,5.62,96.4,6,100,CLOSED,CLOSED,CLOSED,0,3,0,0,0
2025-06-15 02:44:00,9840,5.66,100.0,5.66,96.5,6,100,CLOSED,CLOSED,CLOSED,0,3,0,0,0
2025-06-15 02:45:00,9900,5.70,100.0,5.70,96.5,6,100,CLOSED,CLOSED,CLOSED,0,3,0,0,0
2025-06-15 02:46:00,9960,5.74,100.0,5.74,96.5,6,100,CLOSED,CLOSED,CLOSED,0,3,0,0,0
2025-06-15 02:47:00,10020,5.78,100.0,5.78,96.6,6,100,CLOSED,CLOSED,CLOSED,0,3,0,0,0
2025-06-15 02:48:00,10080,5.82,100.0,5.82,96.6,6,100,CLOSED,CLOSED,CLOSED,0,3,0,0,0
2025-06-15 02:49:00,10140,5.86,100.0,5.86,96.7,6,100,CLOSED,CLOSED,CLOSED,0,3,0,0,0
2025-06-15 02:50:00,10200,5.90,100.0,5.90,96.7,6,100,CLOSED,CLOSED,CLOSED,0,3,0,0,0
2025-06-15 02:51:00,10260,5.94,100.0,5.94,96.8,6,100,CLOSED,CLOSED,CLOSED,0,3,0,0,0
2025-06-15 02:52:00,10320,5.98,100.0,5.98,96.8,6,100,CLOSED,CLOSED,CLOSED,0,3,0,0,0
2025-06-15 02:53:00,10380,6.02,100.0,6.02,96.8,6,100,CLOSED,CLOSED,CLOSED,0,3,0,0,0
2025-06-15 02:54:00,10440,6.06,100.0,6.06,96.9,6,100,CLOSED,CLOSED,CLOSED,0,3,0,0,0
2025-06-15 02:55:00,10500,6.10,100.0,6.10,96.9,6,100,CLOSED,CLOSED,CLOSED,0,3,0,0,0
2025-06-15 02:56:00,10560,6.14,100.0,6.14,97.0,6,100,CLOSED,CLOSED,CLOSED,0,3,0,0,0
2025-06-15 02:57:00,10620,6.18,100.0,6.18,97.0,6,100,CLOSED,CLOSED,CLOSED,0,3,0,0,0
2025-06-15 02:58:00,10680,6.22,100.0,6.22,97.1,6,100,CLOSED,CLOSED,CLOSED,0,3,0,0,0
2025-06-15 02:59:00,10740,6.26,100.0,6.26,97.1,6,100,CLOSED,CLOSED,CLOSED,0,3,0,0,0
2025-06-15 03:00:00,10800,6.30,100.0,6.30,97.1,6,100,CLOSED,CLOSED,CLOSED,0,3,0,0,0
2025-06-15 03:01:00,10860,6.27,100.0,6.27,97.1,6,100,CLOSED,CLOSED,CLOSED,0,3,0,0,0
2025-06-15 03:02:00,10920,6.24,100.0,6.24,97.1,6,100,CLOSED,CLOSED,CLOSED,0,3,0,0,0
2025-06-15 03:03:00,10980,6.21,100.0,6.21,97.1,6,100,CLOSED,CLOSED,CLOSED,0,3,0,0,0
2025-06-15 03:04:00,11040,6.18,100.0,6.18,97.0,6,100,CLOSED,CLOSED,CLOSED,0,3,0,0,0
2025-06-15 03:05:00,11100,6.15,100.0,6.15,97.0,6,100,CLOSED,CLOSED,CLOSED,0,3,0,0,0
2025-06-15 03:06:00,11160,6.12,100.0,6.12,97.0,6,100,CLOSED,CLOSED,CLOSED,0,3,0,0,0
2025-06-15 03:07:00,11220,6.09,100.0,6.09,96.9,6,100,CLOSED,CLOSED,CLOSED,0,3,0,0,0
2025-06-15 03:08:00,11280,6.06,100.0,6.06,96.9,6,100,CLOSED,CLOSED,CLOSED,0,3,0,0,0
2025-06-15 03:09:00,11340,6.03,100.0,6.03,96.9,6,100,CLOSED,CLOSED,CLOSED,0,3,0,0,0
2025-06-15 03:10:00,11400,6.00,100.0,6.00,96.9,6,100,CLOSED,CLOSED,CLOSED,0,3,0,0,0
2025-06-15 03:11:00,11460,5.97,100.0,5.97,96.8,6,100,CLOSED,CLOSED,CLOSED,0,3,0,0,0
2025-06-15 03:12:00,11520,5.94,100.0,5.94,96.8,6,100,CLOSED,CLOSED,CLOSED,0,3,0,0,0
2025-06-15 03:13:00,11580,5.91,100.0,5.91,96.8,6,100,CLOSED,CLOSED,CLOSED,0,3,0,0,0
2025-06-15 03:14:00,11640,5.88,100.0,5.88,96.7,6,100,CLOSED,CLOSED,CLOSED,0,3,0,0,0
2025-06-15 03:15:00,11700,5.85,100.0,5.85,96.7,6,100,CLOSED,CLOSED,CLOSED,0,3,0,0,0
2025-06-15 03:16:00,11760,5.82,100.0,5.82,96.7,6,100,CLOSED,CLOSED,CLOSED,0,3,0,0,0
2025-06-15 03:17:00,11820,5.79,100.0,5.79,96.7,6,100,CLOSED,CLOSED,CLOSED,0,3,0,0,0
2025-06-15 03:18:00,11880,5.76,100.0,5.76,96.6,6,100,CLOSED,CLOSED,CLOSED,0,3,0,0,0
2025-06-15 03:19:00,11940,5.73,100.0,5.73,96.6,6,100,CLOSED,CLOSED,CLOSED,0,3,0,1,0
2025-06-15 03:20:00,12000,5.70,100.0,5.70,96.6,6,100,CLOSED,CLOSED,CLOSED,0,3,0,1,0
2025-06-15 03:21:00,12060,5.67,100.0,5.67,96.5,6,100,CLOSED,CLOSED,CLOSED,0,3,0,1,0
2025-06-15 03:22:00,12120,5.64,100.0,5.64,96.5,6,100,CLOSED,CLOSED,CLOSED,0,3,0,1,0
2025-06-15 03:23:00,12180,5.62,100.0,5.61,96.5,6,100,CLOSED,CLOSED,CLOSED,0,3,0,1,0
2025-06-15 03:24:00,12240,5.59,100.0,5.58,96.5,6,100,CLOSED,CLOSED,CLOSED,0,3,0,1,0
2025-06-15 03:25:00,12300,5.57,100.0,5.55,96.4,6,100,CLOSED,CLOSED,CLOSED,0,3,0,1,0
2025-06-15 03:26:00,12360,5.54,100.0,5.52,96.4,6,100,CLOSED,CLOSED,CLOSED,0,3,0,1,0
2025-06-15 03:27:00,12420,5.52,100.0,5.49,96.4,6,100,CLOSED,CLOSED,CLOSED,0,3,0,1,0
2025-06-15 03:28:00,12480,5.50,100.0,5.46,96.3,6,100,CLOSED,CLOSED,CLOSED,0,3,0,1,0
2025-06-15 03:29:00,12540,5.48,100.0,5.43,96.3,6,100,CLOSED,CLOSED,CLOSED,0,3,0,1,0
2025-06-15 03:30:00,12600,5.46,100.0,5.40,96.3,5,100,CLOSED,CLOSED,CLOSED,0,3,0,1,0
2025-06-15 03:31:00,12660,5.49,100.0,5.42,96.3,5,100,CLOSED,CLOSED,CLOSED,0,3,0,1,0
2025-06-15 03:32:00,12720,5.51,100.0,5.43,96.3,5,100,CLOSED,CLOSED,CLOSED,0,3,0,1,0
2025-06-15 03:33:00,12780,5.55,100.0,5.45,96.4,5,100,CLOSED,CLOSED,CLOSED,0,3,0,1,0
2025-06-15 03:34:00,12840,5.58,100.0,5.47,96.4,6,100,CLOSED,CLOSED,CLOSED,0,3,0,1,0
2025-06-15 03:35:00,12900,5.60,100.0,5.48,96.4,6,100,CLOSED,CLOSED,CLOSED,0,3,0,1,0
2025-06-15 03:36:00,12960,5.64,100.0,5.50,96.5,6,100,CLOSED,CLOSED,CLOSED,0,3,0,1,0
2025-06-15 03:37:00,13020,5.68,100.0,5.52,96.5,6,100,CLOSED,CLOSED,CLOSED,0,3,0,1,0
2025-06-15 03:38:00,13080,5.71,100.0,5.53,96.5,6,100,CLOSED,CLOSED,CLOSED,0,3,0,1,0
2025-06-15 03:39:00,13140,5.74,100.0,5.55,96.5,6,100,CLOSED,CLOSED,CLOSED,0,3,0,1,0
2025-06-15 03:40:00,13200,5.78,100.0,5.57,96.6,6,100,CLOSED,CLOSED,CLOSED,0,3,0,1,0
2025-06-15 03:41:00,13260,5.82,100.0,5.58,96.6,6,100,CLOSED,CLOSED,CLOSED,0,3,0,1,0
2025-06-15 03:42:00,13320,5.86,100.0,5.60,96.6,6,100,CLOSED,CLOSED,CLOSED,0,3,0,1,0
2025-06-15 03:43:00,13380,5.90,100.0,5.62,96.7,6,100,CLOSED,CLOSED,CLOSED,0,3,0,1,0
2025-06-15 03:44:00,13440,5.93,100.0,5.63,96.7,6,100,CLOSED,CLOSED,CLOSED,0,3,0,1,0
2025-06-15 03:45:00,13500,5.98,100.0,5.65,96.7,6,100,CLOSED,CLOSED,CLOSED,0,3,0,1,0
2025-06-15 03:46:00,13560,6.02,100.0,5.67,96.7,6,100,CLOSED,CLOSED,CLOSED,0,3,0,1,0
2025-06-15 03:47:00,13620,6.06,100.0,5.68,96.8,6,100,CLOSED,CLOSED,CLOSED,0,3,0,1,0
2025-06-15 03:48:00,13680,6.11,100.0,5.70,96.8,6,100,CLOSED,CLOSED,CLOSED,0,3,0,1,0
2025-06-15 03:49:00,13740,6.16,100.0,5.72,96.8,6,100,CLOSED,CLOSED,CLOSED,0,3,0,1,0
2025-06-15 03:50:00,13800,6.20,100.0,5.73,96.9,6,100,CLOSED,CLOSED,CLOSED,0,3,0,1,0
2025-06-15 03:51:00,13860,6.25,100.0,5.75,96.9,6,100,CLOSED,CLOSED,CLOSED,0,3,0,1,0
2025-06-15 03:52:00,13920,6.30,100.0,5.77,96.9,6,100,CLOSED,CLOSED,CLOSED,0,3,0,1,0
2025-06-15 03:53:00,13980,6.34,100.0,5.78,96.9,6,100,CLOSED,CLOSED,CLOSED,0,3,0,1,0
2025-06-15 03:54:00,14040,6.40,100.0,5.80,97.0,6,100,CLOSED,CLOSED,CLOSED,0,3,0,1,0
2025-06-15 03:55:00,14100,6.45,100.0,5.82,97.0,6,100,CLOSED,CLOSED,CLOSED,0,3,0,1,0
2025-06-15 03:56:00,14160,6.50,100.0,5.83,97.0,6,100,CLOSED,CLOSED,CLOSED,0,3,0,1,0
2025-06-15 03:57:00,14220,6.55,100.0,5.85,97.1,6,100,CLOSED,CLOSED,CLOSED,0,3,0,1,0
2025-06-15 03:58:00,14280,6.61,100.0,5.87,97.1,7,100,CLOSED,CLOSED,CLOSED,0,3,0,1,0
2025-06-15 03:59:00,14340,6.66,100.0,5.88,97.1,7,100,CLOSED,CLOSED,CLOSED,0,3,0,1,0
2025-06-15 04:00:00,14400,6.72,100.0,5.90,97.1,7,100,CLOSED,CLOSED,CLOSED,0,3,0,1,0
2025-06-15 04:01:00,14460,6.85,100.0,5.99,97.2,7,100,CLOSED,CLOSED,CLOSED,0,3,0,1,0
2025-06-15 04:02:00,14520,6.97,100.0,6.07,97.2,7,100,CLOSED,CLOSED,CLOSED,0,3,0,1,0
2025-06-15 04:03:00,14580,7.10,100.0,6.16,97.2,7,100,CLOSED,CLOSED,CLOSED,0,3,0,1,0
2025-06-15 04:04:00,14640,7.23,100.0,6.25,97.2,7,100,CLOSED,CLOSED,CLOSED,0,3,0,1,0
2025-06-15 04:05:00,14700,7.36,100.0,6.33,97.2,7,100,CLOSED,CLOSED,CLOSED,0,3,0,1,0
2025-06-15 04:06:00,14760,7.49,100.0,6.42,97.2,7,100,CLOSED,CLOSED,CLOSED,0,3,0,1,0
2025-06-15 04:07:00,14820,7.63,100.0,6.51,97.2,7,100,CLOSED,CLOSED,CLOSED,0,3,0,1,0
2025-06-15 04:08:00,14880,7.75,100.0,6.59,97.2,8,100,CLOSED,CLOSED,CLOSED,0,3,0,1,0
2025-06-15 04:09:00,14940,7.89,100.0,6.68,97.2,8,100,CLOSED,CLOSED,CLOSED,0,3,0,1,0
2025-06-15 04:10:00,15000,8.03,100.0,6.77,97.2,8,100,CLOSED,CLOSED,CLOSED,0,3,0,1,0
2025-06-15 04:11:00,15060,8.16,100.0,6.85,97.2,8,100,CLOSED,CLOSED,CLOSED,0,3,0,1,0
2025-06-15 04:12:00,15120,8.30,100.0,6.94,97.2,8,100,CLOSED,CLOSED,CLOSED,0,3,0,1,0
2025-06-15 04:13:00,15180,8.44,100.0,7.03,97.2,8,100,CLOSED,CLOSED,CLOSED,0,3,0,1,0
2025-06-15 04:14:00,15240,8.57,100.0,7.11,97.3,8,100,CLOSED,CLOSED,CLOSED,0,3,0,1,0
2025-06-15 04:15:00,15300,8.72,100.0,7.20,97.3,8,100,CLOSED,CLOSED,CLOSED,0,3,0,1,0
2025-06-15 04:16:00,15360,8.86,100.0,7.29,97.3,9,100,CLOSED,CLOSED,CLOSED,0,3,0,1,0
2025-06-15 04:17:00,15420,8.99,100.0,7.37,97.3,9,100,CLOSED,CLOSED,CLOSED,0,3,0,1,0
2025-06-15 04:18:00,15480,9.14,100.0,7.46,97.3,9,100,CLOSED,CLOSED,CLOSED,0,3,0,1,0
2025-06-15 04:19:00,15540,9.29,100.0,7.55,97.3,9,100,CLOSED,CLOSED,CLOSED,0,3,0,1,0
2025-06-15 04:20:00,15600,9.42,100.0,7.63,97.3,9,100,CLOSED,CLOSED,CLOSED,0,3,0,1,0
2025-06-15 04:21:00,15660,9.57,100.0,7.72,97.3,9,100,CLOSED,CLOSED,CLOSED,0,3,0,1,0
2025-06-15 04:22:00,15720,9.72,100.0,7.81,97.3,9,100,CLOSED,CLOSED,CLOSED,0,3,0,1,0
2025-06-15 04:23:00,15780,9.86,100.0,7.89,97.3,10,100,CLOSED,CLOSED,CLOSED,0,3,0,1,0
2025-06-15 04:24:00,15840,10.01,100.0,7.98,97.3,10,100,CLOSED,CLOSED,CLOSED,0,3,0,1,0
2025-06-15 04:25:00,15900,10.17,100.0,8.07,97.4,10,100,CLOSED,CLOSED,CLOSED,0,3,0,1,0
2025-06-15 04:26:00,15960,10.31,100.0,8.15,97.4,10,100,CLOSED,CLOSED,CLOSED,0,3,0,1,0
2025-06-15 04:27:00,16020,10.46,100.0,8.24,97.4,10,100,CLOSED,CLOSED,CLOSED,0,3,0,1,0
2025-06-15 04:28:00,16080,10.62,100.0,8.33,97.4,10,100,CLOSED,CLOSED,CLOSED,0,3,0,1,0
2025-06-15 04:29:00,16140,10.76,100.0,8.41,97.4,10,100,CLOSED,CLOSED,CLOSED,0,3,0,1,0
2025-06-15 04:30:00,16200,10.92,100.0,8.50,97.4,11,100,CLOSED,CLOSED,CLOSED,0,3,0,1,0
2025-06-15 04:31:00,16260,11.03,100.0,8.54,97.4,11,100,CLOSED,CLOSED,CLOSED,0,3,0,1,0
2025-06-15 04:32:00,16320,11.14,100.0,8.58,97.3,11,100,CLOSED,CLOSED,CLOSED,0,3,0,1,0
2025-06-15 04:33:00,16380,11.25,100.0,8.62,97.3,11,100,CLOSED,CLOSED,CLOSED,0,3,0,1,0
2025-06-15 04:34:00,16440,11.36,100.0,8.66,97.2,11,100,CLOSED,CLOSED,CLOSED,0,3,0,1,0
2025-06-15 04:35:00,16500,11.47,100.0,8.70,97.2,11,100,CLOSED,CLOSED,CLOSED,0,3,0,1,0
2025-06-15 04:36:00,16560,11.58,100.0,8.74,97.1,11,100,CLOSED,CLOSED,CLOSED,0,3,0,1,0
2025-06-15 04:37:00,16620,11.69,100.0,8.78,97.1,12,100,CLOSED,CLOSED,CLOSED,0,3,0,1,0
2025-06-15 04:38:00,16680,11.80,100.0,8.82,97.0,12,100,CLOSED,CLOSED,CLOSED,0,3,0,1,0
2025-06-15 04:39:00,16740,11.92,100.0,8.86,97.0,12,100,CLOSED,CLOSED,CLOSED,0,3,0,1,0
2025-06-15 04:40:00,16800,12.03,100.0,8.90,96.9,12,100,CLOSED,CLOSED,CLOSED,0,3,0,1,0
2025-06-15 04:41:00,16860,12.15,100.0,8.94,96.9,12,100,CLOSED,CLOSED,CLOSED,0,3,0,1,0
2025-06-15 04:42:00,16920,12.27,100.0,8.98,96.8,12,100,CLOSED,CLOSED,CLOSED,0,3,0,1,0
2025-06-15 04:43:00,16980,12.39,100.0,9.02,96.8,12,100,CLOSED,CLOSED,CLOSED,0,3,0,1,0
2025-06-15 04:44:00,17040,12.50,100.0,9.06,96.7,12,100,CLOSED,CLOSED,CLOSED,0,3,0,1,0
2025-06-15 04:45:00,17100,12.62,100.0,9.10,96.7,12,100,CLOSED,CLOSED,CLOSED,0,3,0,1,0
2025-06-15 04:46:00,17160,12.74,100.0,9.14,96.6,13,100,CLOSED,CLOSED,CLOSED,0,3,0,1,0
2025-06-15 04:47:00,17220,12.87,100.0,9.18,96.6,13,100,CLOSED,CLOSED,CLOSED,0,3,0,1,0
2025-06-15 04:48:00,17280,12.99,100.0,9.22,96.5,13,100,CLOSED,CLOSED,CLOSED,0,3,0,1,0
2025-06-15 04:49:00,17340,13.11,100.0,9.26,96.5,13,100,CLOSED,CLOSED,CLOSED,0,3,0,1,0
2025-06-15 04:50:00,17400,13.23,100.0,9.30,96.4,13,100,CLOSED,CLOSED,CLOSED,0,3,0,1,0
2025-06-15 04:51:00,17460,13.35,100.0,9.33,96.4,13,100,CLOSED,CLOSED,CLOSED,0,3,0,1,0
2025-06-15 04:52:00,17520,13.47,100.0,9.37,96.4,13,100,CLOSED,CLOSED,CLOSED,0,3,0,1,0
2025-06-15 04:53:00,17580,13.60,100.0,9.41,96.3,13,100,CLOSED,CLOSED,CLOSED,0,3,0,1,0
2025-06-15 04:54:00,17640,13.73,100.0,9.45,96.3,14,100,CLOSED,CLOSED,CLOSED,0,3,0,1,0
2025-06-15 04:55:00,17700,13.85,100.0,9.49,96.2,14,100,CLOSED,CLOSED,CLOSED,0,3,0,1,0
2025-06-15 04:56:00,17760,13.98,100.0,9.53,96.2,14,100,CLOSED,CLOSED,CLOSED,0,3,0,1,0
2025-06-15 04:57:00,17820,14.11,100.0,9.57,96.1,14,100,CLOSED,CLOSED,CLOSED,0,3,0,1,0
2025-06-15 04:58:00,17880,14.24,100.0,9.61,96.1,14,100,CLOSED,CLOSED,CLOSED,0,3,0,1,0
2025-06-15 04:59:00,17940,14.37,100.0,9.65,96.0,14,100,CLOSED,CLOSED,CLOSED,0,3,0,1,0
2025-06-15 05:00:00,18000,14.51,100.0,9.69,96.0,14,100,CLOSED,CLOSED,CLOSED,0,3,0,1,0
2025-06-15 05:01:00,18060,14.76,100.0,9.85,95.7,15,100,CLOSED,CLOSED,CLOSED,0,3,0,1,0
2025-06-15 05:02:00,18120,15.03,100.0,10.03,95.4,15,100,CLOSED,CLOSED,CLOSED,0,3,0,1,0
2025-06-15 05:03:00,18180,15.31,100.0,10.21,95.1,15,100,CLOSED,CLOSED,CLOSED,0,3,0,1,0
2025-06-15 05:04:00,18240,15.58,100.0,10.39,94.8,15,100,CLOSED,CLOSED,CLOSED,0,3,0,1,0
2025-06-15 05:05:00,18300,15.86,100.0,10.57,94.5,15,100,CLOSED,CLOSED,CLOSED,0,3,0,1,0
2025-06-15 05:06:00,18360,16.13,100.0,10.75,94.2,16,100,CLOSED,CLOSED,CLOSED,0,3,0,1,0
2025-06-15 05:07:00,18420,16.41,100.0,10.93,93.9,16,100,CLOSED,CLOSED,CLOSED,0,3,0,1,0
2025-06-15 05:08:00,18480,16.70,100.0,11.12,93.6,16,100,CLOSED,CLOSED,CLOSED,0,3,0,1,0
2025-06-15 05:09:00,18540,16.98,100.0,11.30,93.3,16,100,CLOSED,CLOSED,CLOSED,0,3,0,1,0
2025-06-15 05:10:00,18600,17.26,100.0,11.48,93.0,17,100,CLOSED,CLOSED,CLOSED,0,3,0,1,0
2025-06-15 05:11:00,18660,17.54,100.0,11.66,92.7,17,100,CLOSED,CLOSED,CLOSED,0,3,0,1,0
2025-06-15 05:12:00,18720,17.82,100.0,11.84,92.4,17,100,CLOSED,CLOSED,CLOSED,0,3,0,1,0
2025-06-15 05:13:00,18780,18.10,100.0,12.02,92.1,18,100,CLOSED,CLOSED,CLOSED,0,3,0,1,0
2025-06-15 05:14:00,18840,18.38,100.0,12.20,91.8,18,100,CLOSED,CLOSED,CLOSED,0,3,0,1,0
2025-06-15 05:15:00,18900,18.66,100.0,12.38,91.5,18,100,CLOSED,CLOSED,CLOSED,0,3,0,1,0
2025-06-15 05:16:00,18960,18.95,100.0,12.56,91.2,18,100,CLOSED,CLOSED,CLOSED,0,3,0,1,0
2025-06-15 05:17:00,19020,19.24,100.0,12.75,91.0,19,100,CLOSED,CLOSED,CLOSED,0,3,0,1,0
2025-06-15 05:18:00,19080,19.53,100.0,12.93,90.7,19,100,CLOSED,CLOSED,CLOSED,0,3,0,1,0
2025-06-15 05:19:00,19140,19.81,100.0,13.11,90.4,19,100,CLOSED,CLOSED,CLOSED,0,3,0,1,0
2025-06-15 05:20:00,19200,20.10,100.0,13.29,90.1,20,100,CLOSED,CLOSED,CLOSED,0,3,0,1,0
2025-06-15 05:21:00,19260,20.39,100.0,13.47,89.8,20,100,CLOSED,CLOSED,CLOSED,0,3,0,1,0
2025-06-15 05:22:00,19320,20.68,100.0,13.65,89.5,20,100,CLOSED,CLOSED,CLOSED,0,3,0,1,0
2025-06-15 05:23:00,19380,20.97,100.0,13.83,89.2,20,100,CLOSED,CLOSED,CLOSED,0,3,0,1,0
2025-06-15 05:24:00,19440,21.25,100.0,14.01,94.3,21,100,CLOSED,CLOSED,CLOSED,0,3,0,1,0
2025-06-15 05:25:00,19500,21.54,100.0,14.19,93.9,21,100,CLOSED,CLOSED,CLOSED,0,3,0,1,0
2025-06-15 05:26:00,19560,21.85,100.0,14.38,93.6,21,100,CLOSED,CLOSED,CLOSED,0,3,0,1,0
2025-06-15 05:27:00,19620,22.14,100.0,14.56,93.2,22,100,CLOSED,CLOSED,CLOSED,0,3,0,1,0
2025-06-15 05:28:00,19680,22.43,100.0,14.74,92.9,22,100,CLOSED,CLOSED,CLOSED,0,3,0,1,0
2025-06-15 05:29:00,19740,22.72,100.0,14.92,92.5,22,100,CLOSED,CLOSED,CLOSED,0,3,0,1,0
2025-06-15 05:30:00,19800,23.02,100.0,15.10,92.2,22,100,CLOSED,CLOSED,CLOSED,0,3,0,1,0
2025-06-15 05:31:00,19860,23.26,100.0,15.23,91.6,23,100,CLOSED,CLOSED,CLOSED,0,3,0,1,0
2025-06-15 05:32:00,19920,23.51,100.0,15.36,91.1,23,100,CLOSED,CLOSED,CLOSED,0,3,0,1,0
2025-06-15 05:33:00,19980,23.75,100.0,15.49,90.6,23,100,CLOSED,CLOSED,CLOSED,0,3,0,1,0
2025-06-15 05:34:00,20040,24.00,100.0,15.62,90.0,24,100,CLOSED,CLOSED,CLOSED,0,3,0,1,0
2025-06-15 05:35:00,20100,24.24,100.0,15.75,89.5,24,100,CLOSED,CLOSED,CLOSED,0,3,0,1,0
2025-06-15 05:36:00,20160,24.49,100.0,15.88,88.9,24,100,CLOSED,CLOSED,CLOSED,0,3,0,1,0
2025-06-15 05:37:00,20220,24.74,100.0,16.01,83.7,24,100,CLOSED,CLOSED,CLOSED,0,3,0,1,0
2025-06-15 05:38:00,20280,24.99,100.0,16.14,83.5,24,100,CLOSED,CLOSED,CLOSED,0,3,0,1,0
2025-06-15 05:39:00,20340,25.24,100.0,16.27,83.0,25,100,CLOSED,CLOSED,CLOSED,0,3,0,1,0
2025-06-15 05:40:00,20400,25.49,100.0,16.40,82.5,25,100,CLOSED,CLOSED,CLOSED,0,3,0,1,0
2025-06-15 05:41:00,20460,25.74,100.0,16.53,82.0,25,100,CLOSED,CLOSED,CLOSED,0,3,0,1,0
2025-06-15 05:42:00,20520,25.99,100.0,16.66,81.5,26,100,CLOSED,CLOSED,CLOSED,0,3,0,1,0
2025-06-15 05:43:00,20580,26.24,100.0,16.79,81.0,26,100,CLOSED,CLOSED,CLOSED,0,3,0,1,0
2025-06-15 05:44:00,20640,26.50,100.0,16.92,80.5,26,100,CLOSED,CLOSED,CLOSED,0,3,0,1,0
2025-06-15 05:45:00,20700,26.75,100.0,17.05,80.0,26,100,CLOSED,CLOSED,CLOSED,0,3,0,1,0
2025-06-15 05:46:00,20760,27.00,100.0,17.18,79.5,27,100,CLOSED,CLOSED,CLOSED,0,3,0,1,0
2025-06-15 05:47:00,20820,27.26,100.0,17.31,79.0,27,100,CLOSED,CLOSED,CLOSED,0,3,0,1,0
2025-06-15 05:48:00,20880,27.51,100.0,17.44,78.5,27,100,CLOSED,CLOSED,CLOSED,0,3,0,1,0
2025-06-15 05:49:00,20940,27.77,100.0,17.57,78.0,27,100,CLOSED,CLOSED,CLOSED,0,3,0,1,0
2025-06-15 05:50:00,21000,28.02,100.0,17.70,87.1,28,100,CLOSED,CLOSED,CLOSED,0,3,0,1,0
2025-06-15 05:51:00,21060,28.28,100.0,17.83,80.9,28,100,CLOSED,CLOSED,CLOSED,0,3,0,1,0
2025-06-15 05:52:00,21120,28.54,100.0,17.96,80.4,28,100,CLOSED,CLOSED,CLOSED,0,3,0,1,0
2025-06-15 05:53:00,21180,28.80,100.0,18.09,79.9,28,100,CLOSED,CLOSED,CLOSED,0,3,0,1,0
2025-06-15 05:54:00,21240,18.55,83.4,18.22,79.4,29,100,OPEN,OPEN,MOVING_OPEN,1,3,3,1,0
2025-06-15 05:55:00,21300,18.68,82.8,18.35,78.8,25,97,OPEN,OPEN,MOVING_CLOSE,0,3,0,1,0
2025-06-15 05:56:00,21360,18.82,82.2,18.48,78.3,22,93,OPEN,OPEN,MOVING_CLOSE,0,3,0,1,0
2025-06-15 05:57:00,21420,18.95,81.6,18.61,77.8,19,89,MOVING_CLOSE,MOVING_CLOSE,MOVING_CLOSE,0,3,0,1,0
2025-06-15 05:58:00,21480,30.09,100.0,18.74,77.2,19,89,CLOSED,CLOSED,CLOSED,0,3,0,1,0
2025-06-15 05:59:00,21540,30.35,100.0,18.87,76.7,23,89,CLOSED,CLOSED,CLOSED,0,3,0,1,0
2025-06-15 06:00:00,21600,30.62,100.0,19.00,76.2,27,89,CLOSED,CLOSED,CLOSED,0,3,0,1,0
2025-06-15 06:01:00,21660,19.38,79.8,19.02,76.1,30,93,OPEN,OPEN,MOVING_OPEN,2,3,3,1,0
2025-06-15 06:02:00,21720,19.39,79.7,19.03,76.1,27,92,OPEN,OPEN,MOVING_OPEN,1,3,3,1,0
2025-06-15 06:03:00,21780,19.41,79.6,19.05,76.0,23,92,OPEN,OPEN,MOVING_CLOSE,0,3,0,1,0
2025-06-15 06:04:00,21840,19.44,79.5,19.07,75.9,19,88,MOVING_CLOSE,MOVING_CLOSE,MOVING_CLOSE,0,3,0,1,0
2025-06-15 06:05:00,21900,31.36,100.0,19.08,75.8,19,88,CLOSED,CLOSED,MOVING_CLOSE,0,3,0,1,0
2025-06-15 06:06:00,21960,31.52,100.0,19.10,75.8,23,88,CLOSED,CLOSED,CLOSED,0,3,0,1,0
2025-06-15 06:07:00,22020,31.67,100.0,19.12,75.7,27,88,CLOSED,CLOSED,CLOSED,0,3,0,1,0
2025-06-15 06:08:00,22080,19.51,79.1,19.13,75.6,32,92,OPEN,OPEN,MOVING_OPEN,3,3,3,1,0
2025-06-15 06:09:00,22140,19.54,79.0,19.15,75.5,28,92,OPEN,OPEN,MOVING_OPEN,1,3,3,1,0
2025-06-15 06:10:00,22200,19.56,78.9,19.17,75.5,24,92,OPEN,OPEN,MOVING_CLOSE,0,3,0,1,0
2025-06-15 06:11:00,22260,19.58,78.8,19.18,75.4,20,87,MOVING_CLOSE,MOVING_CLOSE,MOVING_CLOSE,0,3,0,1,0
2025-06-15 06:12:00,22320,32.43,100.0,19.20,75.3,20,87,CLOSED,CLOSED,MOVING_CLOSE,0,3,0,1,0
2025-06-15 06:13:00,22380,32.59,100.0,19.22,75.2,24,87,CLOSED,CLOSED,CLOSED,0,3,0,1,0
2025-06-15 06:14:00,22440,32.75,100.0,19.24,75.2,28,87,CLOSED,CLOSED,CLOSED,0,3,0,1,0
2025-06-15 06:15:00,22500,19.66,78.4,19.25,75.1,33,92,OPEN,OPEN,MOVING_OPEN,3,3,3,1,0
2025-06-15 06:16:00,22560,19.69,78.3,19.27,75.0,28,91,OPEN,OPEN,MOVING_OPEN,1,3,3,1,0
2025-06-15 06:17:00,22620,19.71,78.2,19.29,74.9,24,91,OPEN,OPEN,MOVING_CLOSE,0,3,0,1,0
2025-06-15 06:18:00,22680,19.74,83.0,19.31,79.9,20,88,MOVING_CLOSE,MOVING_CLOSE,MOVING_CLOSE,0,3,0,1,0
2025-06-15 06:19:00,22740,33.54,100.0,19.33,79.8,20,88,CLOSED,CLOSED,MOVING_CLOSE,0,3,0,1,0
2025-06-15 06:20:00,22800,33.70,100.0,19.35,79.7,24,88,CLOSED,CLOSED,CLOSED,0,3,0,1,0
2025-06-15 06:21:00,22860,19.81,82.6,19.37,79.6,29,88,OPEN,OPEN,MOVING_OPEN,1,3,3,1,0
2025-06-15 06:22:00,22920,19.82,82.6,19.38,79.6,29,89,OPEN,OPEN,MOVING_OPEN,1,3,3,1,0
2025-06-15 06:23:00,22980,19.85,82.5,19.40,79.5,24,90,OPEN,OPEN,MOVING_CLOSE,0,3,0,1,0
2025-06-15 06:24:00,23040,34.34,100.0,19.42,79.4,20,90,MOVING_CLOSE,MOVING_CLOSE,MOVING_CLOSE,0,3,0,1,0
2025-06-15 06:25:00,23100,34.50,100.0,19.44,79.3,25,90,CLOSED,CLOSED,MOVING_CLOSE,0,3,0,1,0
2025-06-15 06:26:00,23160,34.66,100.0,19.46,79.2,25,90,CLOSED,CLOSED,CLOSED,0,3,0,1,0
2025-06-15 06:27:00,23220,19.95,82.0,19.48,79.1,30,90,OPEN,OPEN,MOVING_OPEN,2,3,3,1,0
2025-06-15 06:28:00,23280,19.97,81.8,19.50,79.0,30,89,OPEN,OPEN,MOVING_OPEN,2,3,3,1,0
2025-06-15 06:29:00,23340,19.97,77.0,19.50,74.0,25,89,OPEN,OPEN,MOVING_CLOSE,0,3,0,1,0
2025-06-15 06:30:00,23400,35.30,95.5,19.52,73.9,20,88,MOVING_CLOSE,MOVING_CLOSE,MOVING_CLOSE,0,3,0,1,0
2025-06-15 06:31:00,23460,35.55,94.2,19.62,73.6,25,87,CLOSED,CLOSED,MOVING_CLOSE,0,3,0,1,0
2025-06-15 06:32:00,23520,35.80,92.9,19.73,73.3,30,85,MOVING_OPEN,MOVING_OPEN,MOVING_OPEN,2,3,3,1,0
2025-06-15 06:33:00,23580,20.34,75.8,19.85,73.0,30,85,OPEN,OPEN,MOVING_OPEN,2,3,3,1,0
2025-06-15 06:34:00,23640,20.46,75.4,19.96,72.6,31,84,OPEN,OPEN,MOVING_OPEN,3,3,3,1,0
2025-06-15 06:35:00,23700,20.23,73.1,20.08,72.3,26,83,OPEN,OPEN,OPEN,1,3,3,1,0
2025-06-15 06:36:00,23760,20.40,73.0,20.19,71.9,20,82,CLOSED,CLOSED,OPEN,0,3,0,1,0
2025-06-15 06:37:00,23820,20.52,72.7,20.31,71.6,20,78,CLOSED,CLOSED,OPEN,0,3,0,1,0
2025-06-15 06:38:00,23880,37.37,85.2,20.42,71.2,20,74,CLOSED,CLOSED,MOVING_CLOSE,0,-1,0,1,0
2025-06-15 06:39:00,23940,37.64,84.0,20.54,70.9,26,75,CLOSED,CLOSED,MOVING_CLOSE,0,-1,0,1,0
2025-06-15 06:40:00,24000,37.94,84.2,20.69,75.0,26,75,CLOSED,CLOSED,MOVING_CLOSE,0,-1,0,1,0
2025-06-15 06:41:00,24060,21.33,77.0,20.80,74.7,32,77,OPEN,OPEN,MOVING_OPEN,3,2,3,1,0
2025-06-15 06:42:00,24120,21.45,76.6,20.92,74.3,32,78,OPEN,OPEN,MOVING_OPEN,3,3,3,1,0
2025-06-15 06:43:00,24180,21.58,76.1,21.04,73.9,27,79,OPEN,OPEN,MOVING_OPEN,1,3,3,1,0
2025-06-15 06:44:00,24240,21.38,74.4,21.16,73.5,21,79,MOVING_CLOSE,MOVING_CLOSE,OPEN,0,3,0,1,0
2025-06-15 06:45:00,24300,21.49,74.0,21.27,73.1,21,77,CLOSED,CLOSED,OPEN,0,2,0,1,0
2025-06-15 06:46:00,24360,21.61,73.6,21.39,72.7,21,75,CLOSED,CLOSED,MOVING_CLOSE,0,-1,0,1,0
2025-06-15 06:47:00,24420,39.80,76.0,21.51,72.4,21,75,CLOSED,CLOSED,MOVING_CLOSE,0,-1,0,1,0
2025-06-15 06:48:00,24480,40.07,74.9,21.63,72.0,28,75,CLOSED,CLOSED,MOVING_CLOSE,0,-1,0,1,0
2025-06-15 06:49:00,24540,22.30,73.6,21.74,71.6,34,74,OPEN,OPEN,MOVING_OPEN,3,-1,3,1,0
2025-06-15 06:50:00,24600,22.43,73.1,21.86,71.2,34,74,OPEN,OPEN,MOVING_OPEN,3,-1,3,1,0
2025-06-15 06:51:00,24660,22.55,72.7,21.98,70.8,28,74,OPEN,OPEN,MOVING_CLOSE,1,-1,1,1,0
2025-06-15 06:52:00,24720,41.15,70.6,22.10,70.5,23,74,MOVING_CLOSE,MOVING_CLOSE,MOVING_CLOSE,0,-1,0,1,0
2025-06-15 06:53:00,24780,41.42,69.6,22.22,70.1,29,73,MOVING_OPEN,CLOSED,MOVING_CLOSE,1,-1,1,1,0
2025-06-15 06:54:00,24840,23.47,73.0,22.33,69.7,29,73,OPEN,CLOSED,CLOSED,1,-1,1,1,0
2025-06-15 06:55:00,24900,23.60,72.5,22.45,69.3,29,72,OPEN,CLOSED,CLOSED,1,-1,1,1,0
2025-06-15 06:56:00,24960,23.17,70.6,22.57,68.9,30,72,OPEN,OPEN,CLOSED,2,-1,2,1,0
2025-06-15 06:57:00,25020,23.86,71.7,22.69,68.6,23,72,CLOSED,OPEN,CLOSED,0,-1,0,1,0
2025-06-15 06:58:00,25080,23.98,71.2,22.81,68.2,24,71,CLOSED,OPEN,CLOSED,0,-1,0,1,0
2025-06-15 06:59:00,25140,43.04,63.6,22.93,67.8,24,72,CLOSED,MOVING_CLOSE,CLOSED,0,-1,0,1,0
2025-06-15 07:00:00,25200,43.31,62.7,23.04,67.4,30,70,MOVING_OPEN,MOVING_OPEN,CLOSED,2,-1,2,1,0
2025-06-15 07:01:00,25260,23.72,68.8,23.10,67.3,30,70,OPEN,OPEN,CLOSED,2,-1,2,1,0
2025-06-15 07:02:00,25320,23.77,68.7,23.15,67.2,30,69,OPEN,OPEN,CLOSED,2,-1,2,1,0
2025-06-15 07:03:00,25380,23.84,68.6,23.21,67.1,30,68,OPEN,OPEN,CLOSED,2,-1,2,1,0
2025-06-15 07:04:00,25440,44.14,59.9,23.26,67.0,24,68,CLOSED,CLOSED,CLOSED,0,-1,0,1,0
2025-06-15 07:05:00,25500,44.35,59.2,23.32,66.9,31,66,MOVING_OPEN,MOVING_OPEN,MOVING_OPEN,3,-1,3,1,0
2025-06-15 07:06:00,25560,24.01,68.2,23.37,66.8,31,67,OPEN,OPEN,MOVING_OPEN,3,-1,3,1,0
2025-06-15 07:07:00,25620,24.08,68.1,23.43,66.7,31,67,OPEN,OPEN,MOVING_OPEN,3,-1,3,1,0
2025-06-15 07:08:00,25680,23.68,67.0,23.49,66.6,31,67,OPEN,OPEN,OPEN,3,-1,3,1,0
2025-06-15 07:09:00,25740,23.81,67.1,23.54,66.5,24,66,CLOSED,CLOSED,OPEN,0,-1,0,1,0
2025-06-15 07:10:00,25800,23.87,67.0,23.60,66.4,24,66,CLOSED,CLOSED,OPEN,0,-1,0,1,0
2025-06-15 07:11:00,25860,45.61,55.4,23.65,66.3,24,67,CLOSED,CLOSED,MOVING_CLOSE,0,-1,0,1,0
2025-06-15 07:12:00,25920,45.83,54.7,23.71,66.2,31,65,MOVING_OPEN,MOVING_OPEN,MOVING_OPEN,3,-1,3,1,0
2025-06-15 07:13:00,25980,24.43,67.3,23.76,66.1,31,65,OPEN,OPEN,MOVING_OPEN,3,-1,3,1,0
2025-06-15 07:14:00,26040,24.50,67.2,23.82,66.0,32,65,OPEN,OPEN,MOVING_OPEN,3,-1,3,1,0
2025-06-15 07:15:00,26100,24.07,66.3,23.87,65.9,32,65,OPEN,OPEN,OPEN,3,-1,3,1,0
2025-06-15 07:16:00,26160,24.21,66.3,23.93,65.8,24,65,CLOSED,CLOSED,OPEN,0,-1,0,1,0
2025-06-15 07:17:00,26220,24.27,66.2,23.99,65.7,24,64,CLOSED,CLOSED,OPEN,0,-1,0,1,0
2025-06-15 07:18:00,26280,47.09,51.2,24.04,65.6,24,67,CLOSED,CLOSED,MOVING_CLOSE,0,-1,0,1,0
2025-06-15 07:19:00,26340,47.30,50.6,24.10,65.5,32,63,MOVING_OPEN,MOVING_OPEN,MOVING_OPEN,3,-1,3,1,0
2025-06-15 07:20:00,26400,24.86,66.4,24.15,65.4,32,63,OPEN,OPEN,MOVING_OPEN,3,-1,3,1,0
2025-06-15 07:21:00,26460,24.92,66.3,24.21,65.3,32,63,OPEN,OPEN,MOVING_OPEN,3,-1,3,1,0
2025-06-15 07:22:00,26520,24.48,65.5,24.27,65.2,32,63,OPEN,OPEN,OPEN,3,-1,3,1,0
2025-06-15 07:23:00,26580,24.61,65.5,24.32,65.1,25,63,CLOSED,CLOSED,OPEN,0,-1,0,1,0
2025-06-15 07:24:00,26640,24.68,65.4,24.38,65.0,25,63,CLOSED,CLOSED,OPEN,0,-1,0,1,0
2025-06-15 07:25:00,26700,48.58,47.2,24.44,64.9,25,66,CLOSED,CLOSED,MOVING_CLOSE,0,-1,0,1,0
2025-06-15 07:26:00,26760,48.78,46.7,24.49,64.8,33,62,MOVING_OPEN,MOVING_OPEN,MOVING_OPEN,3,-1,3,1,0
2025-06-15 07:27:00,26820,25.29,65.5,24.55,64.7,33,62,OPEN,OPEN,MOVING_OPEN,3,-1,3,1,0
2025-06-15 07:28:00,26880,25.36,65.4,24.61,64.6,33,62,OPEN,OPEN,MOVING_OPEN,3,-1,3,1,0
2025-06-15 07:29:00,26940,24.88,64.7,24.66,64.5,33,62,OPEN,OPEN,OPEN,3,-1,3,1,0
2025-06-15 07:30:00,27000,25.03,64.7,24.72,64.4,25,62,CLOSED,CLOSED,OPEN,0,-1,0,1,0
2025-06-15 07:31:00,27060,25.10,64.5,24.79,64.2,25,61,CLOSED,CLOSED,OPEN,0,-1,0,1,0
2025-06-15 07:32:00,27120,50.08,43.6,24.85,64.1,25,65,CLOSED,CLOSED,MOVING_CLOSE,0,-1,0,1,0
2025-06-15 07:33:00,27180,50.30,43.1,24.92,63.9,33,60,MOVING_OPEN,MOVING_OPEN,MOVING_OPEN,3,-1,3,1,0
2025-06-15 07:34:00,27240,25.76,64.3,24.99,63.7,34,60,OPEN,OPEN,MOVING_OPEN,3,-1,3,1,0
2025-06-15 07:35:00,27300,25.83,64.1,25.05,63.5,34,60,OPEN,OPEN,MOVING_OPEN,3,-1,3,1,0
2025-06-15 07:36:00,27360,25.35,63.6,25.12,63.4,34,60,OPEN,OPEN,OPEN,3,-1,3,1,0
2025-06-15 07:37:00,27420,25.46,63.4,25.19,63.2,26,60,OPEN,CLOSED,OPEN,1,-1,1,1,0
2025-06-15 07:38:00,27480,25.53,63.2,25.26,63.0,26,60,OPEN,CLOSED,OPEN,1,-1,1,1,0
2025-06-15 07:39:00,27540,51.64,40.0,25.32,62.8,25,64,CLOSED,CLOSED,MOVING_CLOSE,0,-1,0,1,0
2025-06-15 07:40:00,27600,51.86,39.6,25.39,62.7,34,59,MOVING_OPEN,MOVING_OPEN,MOVING_OPEN,3,-1,3,1,0
2025-06-15 07:41:00,27660,26.27,63.0,25.46,62.5,35,59,OPEN,OPEN,MOVING_OPEN,3,-1,3,1,0
2025-06-15 07:42:00,27720,26.34,62.8,25.53,62.3,35,58,OPEN,OPEN,MOVING_OPEN,3,-1,3,1,0
2025-06-15 07:43:00,27780,25.83,62.2,25.59,62.1,35,58,OPEN,OPEN,OPEN,3,-1,3,1,0
2025-06-15 07:44:00,27840,25.94,62.2,25.66,62.0,26,58,OPEN,CLOSED,OPEN,1,-1,1,1,0
2025-06-15 07:45:00,27900,26.01,62.0,25.73,61.8,26,58,OPEN,CLOSED,OPEN,1,-1,1,1,0
2025-06-15 07:46:00,27960,27.41,62.2,25.80,61.6,26,62,OPEN,CLOSED,MOVING_CLOSE,1,-1,1,1,0
2025-06-15 07:47:00,28020,27.48,61.9,25.86,61.4,26,62,OPEN,CLOSED,MOVING_CLOSE,1,-1,1,1,0
2025-06-15 07:48:00,28080,27.56,61.8,25.93,61.3,27,62,OPEN,CLOSED,MOVING_CLOSE,1,-1,1,1,0
2025-06-15 07:49:00,28140,27.64,61.5,26.00,61.1,28,62,OPEN,CLOSED,CLOSED,1,-1,1,1,0
2025-06-15 07:50:00,28200,27.72,61.3,26.07,60.9,28,62,OPEN,CLOSED,CLOSED,1,-1,1,1,0
2025-06-15 07:51:00,28260,27.80,61.1,26.14,60.8,28,62,OPEN,CLOSED,CLOSED,1,-1,1,1,0
2025-06-15 07:52:00,28320,27.87,60.9,26.20,60.6,28,62,OPEN,CLOSED,CLOSED,1,-1,1,1,0
2025-06-15 07:53:00,28380,27.95,60.7,26.27,60.4,28,61,OPEN,CLOSED,CLOSED,1,-1,1,1,0
2025-06-15 07:54:00,28440,28.02,60.4,26.34,60.2,28,61,OPEN,CLOSED,CLOSED,1,-1,1,1,0
2025-06-15 07:55:00,28500,28.10,60.3,26.41,60.1,28,61,OPEN,CLOSED,CLOSED,1,-1,1,1,0
2025-06-15 07:56:00,28560,28.18,60.1,26.48,59.9,28,61,OPEN,CLOSED,CLOSED,1,-1,1,1,0
2025-06-15 07:57:00,28620,28.26,59.8,26.55,59.7,28,61,OPEN,CLOSED,CLOSED,1,-1,1,1,0
2025-06-15 07:58:00,28680,28.33,59.6,26.61,59.5,28,60,OPEN,CLOSED,CLOSED,1,-1,1,1,0
2025-06-15 07:59:00,28740,28.41,59.4,26.68,59.4,28,60,OPEN,CLOSED,CLOSED,1,-1,1,1,0
2025-06-15 08:00:00,28800,28.49,59.2,26.75,59.2,28,60,OPEN,CLOSED,CLOSED,1,-1,1,1,0
2025-06-15 08:01:00,28860,28.57,59.0,26.82,59.0,28,60,OPEN,CLOSED,CLOSED,1,-1,1,1,0
2025-06-15 08:02:00,28920,28.65,58.7,26.89,58.8,29,59,OPEN,CLOSED,CLOSED,1,-1,1,1,0
2025-06-15 08:03:00,28980,28.73,58.6,26.96,58.7,29,59,OPEN,CLOSED,CLOSED,1,-1,1,1,0
2025-06-15 08:04:00,29040,28.80,58.4,27.03,58.5,29,59,OPEN,CLOSED,CLOSED,1,-1,1,1,0
2025-06-15 08:05:00,29100,28.87,58.1,27.09,58.3,29,59,OPEN,CLOSED,CLOSED,1,-1,1,1,0
2025-06-15 08:06:00,29160,28.95,57.9,27.16,58.1,29,59,OPEN,CLOSED,CLOSED,1,-1,1,1,0
2025-06-15 08:07:00,29220,29.03,57.7,27.23,58.0,29,58,OPEN,CLOSED,CLOSED,1,-1,1,1,0
2025-06-15 08:08:00,29280,29.11,57.5,27.30,57.8,29,58,OPEN,CLOSED,CLOSED,1,-1,1,1,0
2025-06-15 08:09:00,29340,29.19,57.3,27.37,57.6,29,58,OPEN,CLOSED,CLOSED,1,-1,1,1,0
2025-06-15 08:10:00,29400,29.27,57.1,27.44,57.5,29,58,OPEN,CLOSED,CLOSED,1,-1,1,1,0
2025-06-15 08:11:00,29460,29.35,56.9,27.51,57.3,29,58,OPEN,CLOSED,CLOSED,1,-1,1,1,0
2025-06-15 08:12:00,29520,29.43,56.7,27.58,57.1,29,57,OPEN,CLOSED,CLOSED,1,-1,1,1,0
2025-06-15 08:13:00,29580,29.50,56.5,27.65,56.9,29,57,OPEN,CLOSED,CLOSED,1,-1,1,1,0
2025-06-15 08:14:00,29640,29.58,56.3,27.72,56.8,29,57,OPEN,CLOSED,CLOSED,1,-1,1,1,0
2025-06-15 08:15:00,29700,29.65,56.1,27.78,56.6,30,57,OPEN,MOVING_OPEN,CLOSED,2,-1,2,1,0
2025-06-15 08:16:00,29760,28.82,56.2,27.85,56.4,29,56,OPEN,OPEN,CLOSED,1,-1,1,1,0
2025-06-15 08:17:00,29820,28.89,56.0,27.92,56.2,29,56,OPEN,OPEN,CLOSED,1,-1,1,1,0
2025-06-15 08:18:00,29880,28.97,55.8,27.99,56.1,29,56,OPEN,OPEN,CLOSED,1,-1,1,1,0
2025-06-15 08:19:00,29940,29.97,55.3,28.06,55.9,29,56,OPEN,CLOSED,CLOSED,1,-1,1,1,0
2025-06-15 08:20:00,30000,29.70,53.5,27.78,53.9,29,56,OPEN,CLOSED,CLOSED,1,-1,1,1,0
2025-06-15 08:21:00,30060,28.83,53.7,27.84,53.8,30,55,OPEN,OPEN,CLOSED,2,-1,2,1,0
2025-06-15 08:22:00,30120,28.91,53.5,27.91,53.7,29,55,OPEN,OPEN,CLOSED,1,-1,1,1,0
2025-06-15 08:23:00,30180,28.97,53.3,27.97,53.5,29,54,OPEN,OPEN,CLOSED,1,-1,1,1,0
2025-06-15 08:24:00,30240,29.05,53.2,28.04,53.4,29,54,OPEN,MOVING_CLOSE,CLOSED,1,-1,1,1,0
2025-06-15 08:25:00,30300,30.06,52.7,28.10,53.2,29,54,OPEN,CLOSED,CLOSED,1,-1,1,1,0
2025-06-15 08:26:00,30360,30.14,52.5,28.17,53.1,29,53,OPEN,CLOSED,CLOSED,1,-1,1,1,0
2025-06-15 08:27:00,30420,29.25,52.7,28.23,52.9,30,53,OPEN,OPEN,CLOSED,2,-1,2,1,0
2025-06-15 08:28:00,30480,29.32,52.5,28.30,52.8,30,53,OPEN,OPEN,CLOSED,2,-1,2,1,0
2025-06-15 08:29:00,30540,29.39,52.3,28.36,52.6,30,53,OPEN,OPEN,CLOSED,2,-1,2,1,0
2025-06-15 08:30:00,30600,30.43,51.8,28.43,52.5,29,52,OPEN,MOVING_CLOSE,CLOSED,1,-1,1,1,0
2025-06-15 08:31:00,30660,30.48,51.7,28.47,52.4,30,52,OPEN,MOVING_OPEN,CLOSED,2,-1,2,1,0
2025-06-15 08:32:00,30720,29.56,52.1,28.52,52.4,30,52,OPEN,OPEN,CLOSED,2,-1,2,1,0
2025-06-15 08:33:00,30780,29.60,52.0,28.56,52.3,30,52,OPEN,OPEN,CLOSED,2,-1,2,1,0
2025-06-15 08:34:00,30840,29.66,51.9,28.61,52.3,30,52,OPEN,OPEN,CLOSED,2,-1,2,1,0
2025-06-15 08:35:00,30900,29.70,51.8,28.65,52.2,30,52,OPEN,OPEN,CLOSED,2,-1,2,1,0
2025-06-15 08:36:00,30960,29.76,51.8,28.70,52.2,30,52,OPEN,OPEN,CLOSED,2,-1,2,1,0
2025-06-15 08:37:00,31020,29.80,51.7,28.74,52.1,30,52,OPEN,OPEN,CLOSED,2,-1,2,1,0
2025-06-15 08:38:00,31080,29.86,51.7,28.79,52.1,30,52,OPEN,OPEN,CLOSED,2,-1,2,1,0
2025-06-15 08:39:00,31140,29.90,51.6,28.83,52.0,30,52,OPEN,OPEN,CLOSED,2,-1,2,1,0
2025-06-15 08:40:00,31200,29.94,51.5,28.87,52.0,30,52,OPEN,OPEN,CLOSED,2,-1,2,1,0
2025-06-15 08:41:00,31260,30.00,51.4,28.92,51.9,30,52,OPEN,OPEN,CLOSED,2,-1,2,1,0
2025-06-15 08:42:00,31320,30.04,51.3,28.96,51.8,30,52,OPEN,OPEN,CLOSED,2,-1,2,1,0
2025-06-15 08:43:00,31380,30.10,51.3,29.01,51.8,30,51,OPEN,OPEN,CLOSED,2,-1,2,1,0
2025-06-15 08:44:00,31440,30.14,51.2,29.05,51.7,30,51,OPEN,OPEN,CLOSED,2,-1,2,1,0
2025-06-15 08:45:00,31500,30.20,51.2,29.10,51.7,30,51,OPEN,OPEN,CLOSED,2,-1,2,1,0
2025-06-15 08:46:00,31560,30.24,51.1,29.14,51.6,30,51,OPEN,OPEN,CLOSED,2,-1,2,1,0
2025-06-15 08:47:00,31620,30.29,51.0,29.19,51.6,30,51,OPEN,OPEN,CLOSED,2,-1,2,1,0
2025-06-15 08:48:00,31680,30.34,50.9,29.23,51.5,30,51,OPEN,OPEN,CLOSED,2,-1,2,1,0
2025-06-15 08:49:00,31740,30.39,50.9,29.28,51.5,30,51,OPEN,OPEN,CLOSED,2,-1,2,1,0
2025-06-15 08:50:00,31800,30.44,50.8,29.32,51.4,30,51,OPEN,OPEN,CLOSED,2,-1,2,1,0
2025-06-15 08:51:00,31860,30.49,50.8,29.37,51.4,30,51,OPEN,OPEN,CLOSED,2,-1,2,1,0
2025-06-15 08:52:00,31920,30.54,50.7,29.41,51.3,30,51,OPEN,OPEN,CLOSED,2,-1,2,1,0
2025-06-15 08:53:00,31980,30.59,50.6,29.46,51.3,30,51,OPEN,OPEN,CLOSED,2,-1,2,1,0
2025-06-15 08:54:00,32040,30.63,50.5,29.50,51.2,31,51,OPEN,OPEN,MOVING_OPEN,3,-1,3,1,0
2025-06-15 08:55:00,32100,30.69,50.5,29.55,51.2,31,51,OPEN,OPEN,MOVING_OPEN,3,-1,3,1,0
2025-06-15 08:56:00,32160,30.73,50.4,29.59,51.1,31,51,OPEN,OPEN,MOVING_OPEN,3,-1,3,1,0
2025-06-15 08:57:00,32220,29.97,50.9,29.64,51.1,30,51,OPEN,OPEN,OPEN,2,-1,2,1,0
2025-06-15 08:58:00,32280,30.03,50.8,29.69,51.0,30,51,OPEN,OPEN,OPEN,2,-1,2,1,0
2025-06-15 08:59:00,32340,30.07,50.8,29.73,51.0,30,51,OPEN,OPEN,MOVING_CLOSE,2,-1,2,1,0
2025-06-15 09:00:00,32400,30.94,50.1,29.78,50.9,30,51,OPEN,OPEN,MOVING_CLOSE,2,-1,2,1,0
2025-06-15 09:01:00,32460,30.97,50.0,29.81,50.8,30,51,OPEN,OPEN,MOVING_CLOSE,2,-1,2,1,0
2025-06-15 09:02:00,32520,31.00,49.9,29.83,50.7,31,51,OPEN,OPEN,MOVING_OPEN,3,-1,3,1,0
2025-06-15 09:03:00,32580,31.03,49.8,29.86,50.6,31,50,OPEN,OPEN,MOVING_OPEN,3,-1,3,1,0
2025-06-15 09:04:00,32640,31.05,49.6,29.88,50.4,31,50,OPEN,OPEN,MOVING_OPEN,3,-1,3,1,0
2025-06-15 09:05:00,32700,30.25,50.1,29.91,50.3,31,50,OPEN,OPEN,OPEN,3,-1,3,1,0
2025-06-15 09:06:00,32760,30.27,50.0,29.93,50.2,31,50,OPEN,OPEN,OPEN,3,-1,3,1,0
2025-06-15 09:07:00,32820,30.31,49.9,29.96,50.1,31,50,OPEN,OPEN,OPEN,3,-1,3,1,0
2025-06-15 09:08:00,32880,31.18,49.1,29.99,49.9,30,50,OPEN,OPEN,MOVING_CLOSE,2,-1,2,1,0
2025-06-15 09:09:00,32940,31.20,49.0,30.01,49.8,31,50,OPEN,OPEN,MOVING_OPEN,3,-1,3,1,0
2025-06-15 09:10:00,33000,31.24,48.9,30.04,49.7,31,50,OPEN,OPEN,MOVING_OPEN,3,-1,3,1,0
2025-06-15 09:11:00,33060,31.26,48.8,30.06,49.6,31,49,OPEN,OPEN,MOVING_OPEN,3,0,3,1,0
2025-06-15 09:12:00,33120,29.98,48.6,29.63,48.8,31,49,OPEN,OPEN,OPEN,3,0,3,1,0
2025-06-15 09:13:00,33180,30.00,48.5,29.65,48.7,30,49,OPEN,OPEN,OPEN,2,0,2,1,0
2025-06-15 09:14:00,33240,30.02,48.4,29.67,48.6,30,49,OPEN,OPEN,OPEN,2,0,2,1,0
2025-06-15 09:15:00,33300,30.91,47.7,29.69,48.5,30,49,OPEN,OPEN,MOVING_CLOSE,2,0,2,1,0
2025-06-15 09:16:00,33360,30.93,47.6,29.71,48.4,30,48,OPEN,OPEN,MOVING_CLOSE,2,0,2,1,0
2025-06-15 09:17:00,33420,30.96,47.5,29.74,48.3,31,48,OPEN,OPEN,MOVING_OPEN,3,0,3,1,0
2025-06-15 09:18:00,33480,30.99,47.3,29.76,48.1,31,48,OPEN,OPEN,MOVING_OPEN,3,0,3,1,0
2025-06-15 09:19:00,33540,31.01,47.2,29.78,48.0,31,48,OPEN,OPEN,MOVING_OPEN,3,0,3,1,0
2025-06-15 09:20:00,33600,30.16,47.7,29.80,47.9,31,48,OPEN,OPEN,OPEN,3,0,3,1,0
2025-06-15 09:21:00,33660,30.18,47.6,29.82,47.8,31,48,OPEN,OPEN,OPEN,3,0,3,1,0
2025-06-15 09:22:00,33720,30.21,47.5,29.85,47.7,30,47,OPEN,OPEN,OPEN,2,0,2,1,0
2025-06-15 09:23:00,33780,31.11,46.8,29.87,47.6,30,47,OPEN,OPEN,MOVING_CLOSE,2,0,2,1,0
2025-06-15 09:24:00,33840,31.14,46.7,29.89,47.5,31,47,OPEN,OPEN,MOVING_OPEN,3,0,3,1,0
2025-06-15 09:25:00,33900,31.67,47.0,30.42,47.9,31,47,OPEN,OPEN,MOVING_OPEN,3,0,3,1,0
2025-06-15 09:26:00,33960,31.71,46.8,30.45,47.7,31,47,OPEN,OPEN,MOVING_OPEN,3,0,3,1,0
2025-06-15 09:27:00,34020,30.85,47.3,30.48,47.6,31,47,OPEN,OPEN,OPEN,3,0,3,1,0
2025-06-15 09:28:00,34080,30.87,47.2,30.50,47.5,31,47,OPEN,OPEN,OPEN,3,0,3,1,0
2025-06-15 09:29:00,34140,30.90,47.1,30.53,47.4,31,47,OPEN,OPEN,OPEN,3,0,3,1,0
2025-06-15 09:30:00,34200,30.92,46.9,30.55,47.2,31,47,OPEN,OPEN,OPEN,3,0,3,1,0
2025-06-15 09:31:00,34260,30.93,46.9,30.56,47.2,31,47,OPEN,OPEN,OPEN,3,0,3,1,0
2025-06-15 09:32:00,34320,30.94,46.8,30.57,47.1,31,47,OPEN,OPEN,OPEN,3,0,3,1,0
2025-06-15 09:33:00,34380,30.94,46.8,30.57,47.1,31,47,OPEN,OPEN,OPEN,3,0,3,1,0
2025-06-15 09:34:00,34440,30.95,46.7,30.58,47.0,31,47,OPEN,OPEN,OPEN,3,0,3,1,0
2025-06-15 09:35:00,34500,30.96,46.7,30.58,47.0,31,47,OPEN,OPEN,OPEN,3,0,3,1,0
2025-06-15 09:36:00,34560,30.97,46.6,30.59,46.9,31,47,OPEN,OPEN,OPEN,3,0,3,1,0
2025-06-15 09:37:00,34620,30.97,46.6,30.59,46.9,31,47,OPEN,OPEN,OPEN,3,0,3,1,0
2025-06-15 09:38:00,34680,30.41,46.3,30.03,46.5,31,47,OPEN,OPEN,OPEN,3,0,3,1,0
2025-06-15 09:39:00,34740,30.41,46.2,30.03,46.4,31,47,OPEN,OPEN,OPEN,3,0,3,1,0
2025-06-15 09:40:00,34800,30.42,46.1,30.04,46.4,31,46,OPEN,OPEN,OPEN,3,0,3,1,0
2025-06-15 09:41:00,34860,30.42,46.0,30.04,46.3,30,46,OPEN,OPEN,MOVING_CLOSE,2,0,2,1,0
2025-06-15 09:42:00,34920,31.35,45.4,30.04,46.3,30,46,OPEN,OPEN,MOVING_CLOSE,2,0,2,1,0
2025-06-15 09:43:00,34980,31.35,45.3,30.04,46.2,31,46,OPEN,OPEN,MOVING_OPEN,3,0,3,1,0
2025-06-15 09:44:00,35040,31.36,45.3,30.04,46.2,31,46,OPEN,OPEN,MOVING_OPEN,3,0,3,1,0
2025-06-15 09:45:00,35100,31.36,45.2,30.04,46.1,31,46,OPEN,OPEN,MOVING_OPEN,3,0,3,1,0
2025-06-15 09:46:00,35160,30.44,45.8,30.05,46.1,31,46,OPEN,OPEN,OPEN,3,0,3,1,0
2025-06-15 09:47:00,35220,30.44,45.8,30.05,46.1,31,46,OPEN,OPEN,OPEN,3,0,3,1,0
2025-06-15 09:48:00,35280,30.44,45.7,30.05,46.0,30,46,OPEN,OPEN,MOVING_CLOSE,2,0,2,1,0
2025-06-15 09:49:00,35340,31.38,45.1,30.05,46.0,30,46,OPEN,OPEN,MOVING_CLOSE,2,0,2,1,0
2025-06-15 09:50:00,35400,31.38,45.0,30.05,45.9,31,46,OPEN,OPEN,MOVING_OPEN,3,0,3,1,0
2025-06-15 09:51:00,35460,31.39,44.9,30.05,45.9,31,45,OPEN,OPEN,MOVING_OPEN,3,0,3,1,0
2025-06-15 09:52:00,35520,31.40,44.8,30.06,45.8,31,45,OPEN,OPEN,MOVING_OPEN,3,0,3,1,0
2025-06-15 09:53:00,35580,30.45,45.5,30.06,45.8,31,45,OPEN,OPEN,OPEN,3,0,3,1,0
2025-06-15 09:54:00,35640,30.45,45.4,30.06,45.7,31,45,OPEN,OPEN,OPEN,3,0,3,1,0
2025-06-15 09:55:00,35700,30.45,45.4,30.06,45.7,30,45,OPEN,OPEN,MOVING_CLOSE,2,0,2,1,0
2025-06-15 09:56:00,35760,31.41,44.7,30.06,45.7,30,45,OPEN,OPEN,MOVING_CLOSE,2,0,2,1,0
2025-06-15 09:57:00,35820,31.41,44.6,30.06,45.6,31,45,OPEN,OPEN,MOVING_OPEN,3,0,3,1,0
2025-06-15 09:58:00,35880,31.43,44.6,30.07,45.6,31,45,OPEN,OPEN,MOVING_OPEN,3,0,3,1,0
2025-06-15 09:59:00,35940,31.43,44.5,30.07,45.5,31,45,OPEN,OPEN,MOVING_OPEN,3,0,3,1,0
2025-06-15 10:00:00,36000,30.47,45.2,30.07,45.5,31,45,OPEN,OPEN,OPEN,3,0,3,1,0
2025-06-15 10:01:00,36060,30.46,45.2,30.06,45.5,31,45,OPEN,OPEN,OPEN,3,0,3,1,0
2025-06-15 10:02:00,36120,30.46,45.2,30.06,45.5,30,45,OPEN,OPEN,MOVING_CLOSE,2,0,2,1,0
2025-06-15 10:03:00,36180,31.42,44.5,30.05,45.5,30,45,OPEN,OPEN,MOVING_CLOSE,2,0,2,1,0
2025-06-15 10:04:00,36240,31.42,44.5,30.05,45.5,31,45,OPEN,OPEN,MOVING_OPEN,3,0,3,1,0
2025-06-15 10:05:00,36300,31.42,44.5,30.04,45.5,31,45,OPEN,OPEN,MOVING_OPEN,3,0,3,1,0
2025-06-15 10:06:00,36360,31.42,44.5,30.04,45.5,31,45,OPEN,OPEN,MOVING_OPEN,3,0,3,1,0
2025-06-15 10:07:00,36420,30.43,45.2,30.03,45.5,31,45,OPEN,OPEN,OPEN,3,0,3,1,0
2025-06-15 10:08:00,36480,30.43,45.2,30.03,45.5,31,45,OPEN,OPEN,OPEN,3,0,3,1,0
2025-06-15 10:09:00,36540,30.43,45.2,30.02,45.5,30,45,OPEN,OPEN,MOVING_CLOSE,2,0,2,1,0
2025-06-15 10:10:00,36600,31.41,44.4,30.02,45.5,30,45,OPEN,OPEN,MOVING_CLOSE,2,0,2,1,0
2025-06-15 10:11:00,36660,31.40,44.4,30.01,45.5,31,45,OPEN,OPEN,MOVING_OPEN,3,0,3,1,0
2025-06-15 10:12:00,36720,31.40,44.4,30.01,45.5,31,45,OPEN,OPEN,MOVING_OPEN,3,0,3,1,0
2025-06-15 10:13:00,36780,31.40,44.4,30.00,45.5,31,45,OPEN,OPEN,MOVING_OPEN,3,0,3,1,0
2025-06-15 10:14:00,36840,30.41,45.2,30.00,45.5,31,45,OPEN,OPEN,OPEN,3,0,3,1,0
2025-06-15 10:15:00,36900,30.40,45.2,29.99,45.5,31,45,OPEN,OPEN,OPEN,3,0,3,1,0
2025-06-15 10:16:00,36960,30.40,45.2,29.99,45.5,30,45,OPEN,OPEN,MOVING_CLOSE,2,0,2,1,0
2025-06-15 10:17:00,37020,32.11,44.3,30.70,45.5,30,45,OPEN,OPEN,MOVING_CLOSE,2,0,2,1,0
2025-06-15 10:18:00,37080,32.11,44.3,30.70,45.5,31,45,OPEN,OPEN,MOVING_OPEN,3,0,3,1,0
2025-06-15 10:19:00,37140,32.11,44.3,30.70,45.5,32,45,OPEN,OPEN,MOVING_OPEN,3,0,3,1,0
2025-06-15 10:20:00,37200,32.11,44.3,30.70,45.5,32,45,OPEN,OPEN,MOVING_OPEN,3,0,3,1,0
2025-06-15 10:21:00,37260,31.10,45.2,30.69,45.5,32,45,OPEN,OPEN,OPEN,3,0,3,1,0
2025-06-15 10:22:00,37320,31.10,45.2,30.69,45.5,31,45,OPEN,OPEN,OPEN,3,0,3,1,0
2025-06-15 10:23:00,37380,31.10,45.2,30.69,45.5,31,45,OPEN,OPEN,OPEN,3,0,3,1,0
2025-06-15 10:24:00,37440,31.11,45.1,30.69,45.5,31,45,OPEN,OPEN,OPEN,3,0,3,1,0
2025-06-15 10:25:00,37500,31.11,45.1,30.69,45.5,31,45,OPEN,OPEN,OPEN,3,0,3,1,0
2025-06-15 10:26:00,37560,31.11,45.0,30.69,45.4,31,45,OPEN,OPEN,OPEN,3,0,3,1,0
2025-06-15 10:27:00,37620,31.11,45.0,30.69,45.4,31,45,OPEN,OPEN,OPEN,3,0,3,1,0
2025-06-15 10:28:00,37680,31.10,45.0,30.68,45.4,31,45,OPEN,OPEN,OPEN,3,0,3,1,0
2025-06-15 10:29:00,37740,31.10,45.0,30.68,45.4,31,45,OPEN,OPEN,OPEN,3,0,3,1,0
2025-06-15 10:30:00,37800,30.34,45.3,29.92,45.6,31,45,OPEN,OPEN,OPEN,3,0,3,1,0
2025-06-15 10:31:00,37860,30.37,45.3,29.95,45.6,31,45,OPEN,OPEN,OPEN,3,0,3,1,0
2025-06-15 10:32:00,37920,30.41,45.3,29.99,45.6,31,45,OPEN,OPEN,OPEN,3,0,3,1,0
2025-06-15 10:33:00,37980,31.47,44.3,30.03,45.5,30,45,OPEN,OPEN,MOVING_CLOSE,2,0,2,1,0
2025-06-15 10:34:00,38040,31.51,44.3,30.07,45.5,31,45,OPEN,OPEN,MOVING_OPEN,3,0,3,1,0
2025-06-15 10:35:00,38100,31.56,44.3,30.11,45.5,31,45,OPEN,OPEN,MOVING_OPEN,3,0,3,1,0
2025-06-15 10:36:00,38160,31.59,44.3,30.14,45.5,32,45,OPEN,OPEN,MOVING_OPEN,3,0,3,1,0
2025-06-15 10:37:00,38220,30.60,45.1,30.18,45.5,31,45,OPEN,OPEN,OPEN,3,0,3,1,0
2025-06-15 10:38:00,38280,30.64,45.1,30.22,45.5,31,45,OPEN,OPEN,OPEN,3,0,3,1,0
2025-06-15 10:39:00,38340,30.68,45.1,30.26,45.5,31,45,OPEN,OPEN,OPEN,3,0,3,1,0
2025-06-15 10:40:00,38400,30.72,45.1,30.30,45.5,31,45,OPEN,OPEN,OPEN,3,0,3,1,0
2025-06-15 10:41:00,38460,30.76,45.1,30.33,45.5,31,45,OPEN,OPEN,OPEN,3,0,3,1,0
2025-06-15 10:42:00,38520,30.80,45.1,30.37,45.5,31,45,OPEN,OPEN,OPEN,3,0,3,1,0
2025-06-15 10:43:00,38580,30.84,45.1,30.41,45.5,31,45,OPEN,OPEN,OPEN,3,0,3,1,0
2025-06-15 10:44:00,38640,30.88,45.1,30.45,45.5,31,45,OPEN,OPEN,OPEN,3,0,3,1,0
2025-06-15 10:45:00,38700,30.92,45.1,30.49,45.5,31,45,OPEN,OPEN,OPEN,3,0,3,1,0
2025-06-15 10:46:00,38760,30.95,45.1,30.52,45.5,31,45,OPEN,OPEN,OPEN,3,0,3,1,0
2025-06-15 10:47:00,38820,30.99,45.1,30.56,45.5,31,45,OPEN,OPEN,OPEN,3,0,3,1,0
2025-06-15 10:48:00,38880,31.03,45.1,30.60,45.5,31,45,OPEN,OPEN,OPEN,3,0,3,1,0
2025-06-15 10:49:00,38940,31.07,45.1,30.64,45.5,31,45,OPEN,OPEN,OPEN,3,0,3,1,0
2025-06-15 10:50:00,39000,31.11,45.1,30.68,45.5,31,45,OPEN,OPEN,OPEN,3,0,3,1,0
2025-06-15 10:51:00,39060,31.14,45.0,30.71,45.4,31,45,OPEN,OPEN,OPEN,3,0,3,1,0
2025-06-15 10:52:00,39120,31.18,45.0,30.75,45.4,31,45,OPEN,OPEN,OPEN,3,0,3,1,0
2025-06-15 10:53:00,39180,31.22,45.0,30.79,45.4,31,45,OPEN,OPEN,OPEN,3,0,3,1,0
2025-06-15 10:54:00,39240,31.26,45.0,30.83,45.4,31,45,OPEN,OPEN,OPEN,3,0,3,1,0
2025-06-15 10:55:00,39300,31.30,45.0,30.87,45.4,31,45,OPEN,OPEN,OPEN,3,0,3,1,0
2025-06-15 10:56:00,39360,31.33,45.0,30.90,45.4,31,45,OPEN,OPEN,OPEN,3,0,3,1,0
2025-06-15 10:57:00,39420,31.37,45.0,30.94,45.4,31,45,OPEN,OPEN,OPEN,3,0,3,1,0
2025-06-15 10:58:00,39480,31.41,45.0,30.98,45.4,31,45,OPEN,OPEN,OPEN,3,0,3,1,0
2025-06-15 10:59:00,39540,31.45,45.0,31.02,45.4,31,45,OPEN,OPEN,OPEN,3,0,3,1,0
2025-06-15 11:00:00,39600,31.48,45.0,31.05,45.4,31,45,OPEN,OPEN,OPEN,3,0,3,1,0
2025-06-15 11:01:00,39660,31.50,44.9,31.07,45.3,31,45,OPEN,OPEN,OPEN,3,0,3,1,0
2025-06-15 11:02:00,39720,31.52,44.8,31.09,45.2,31,45,OPEN,OPEN,OPEN,3,0,3,1,0
2025-06-15 11:03:00,39780,31.54,44.6,31.11,45.0,32,45,OPEN,OPEN,OPEN,3,0,3,1,0
2025-06-15 11:04:00,39840,31.56,44.5,31.13,44.9,32,45,OPEN,OPEN,OPEN,3,0,3,1,0
2025-06-15 11:05:00,39900,31.58,44.4,31.15,44.8,32,45,OPEN,OPEN,OPEN,3,0,3,1,0
2025-06-15 11:06:00,39960,31.60,44.3,31.16,44.7,32,45,OPEN,OPEN,OPEN,3,0,3,1,0
2025-06-15 11:07:00,40020,31.62,44.1,31.18,44.5,32,45,OPEN,OPEN,OPEN,3,0,3,1,0
2025-06-15 11:08:00,40080,31.64,44.0,31.20,44.4,32,44,OPEN,OPEN,OPEN,3,0,3,1,0
2025-06-15 11:09:00,40140,31.66,43.9,31.22,44.3,32,44,OPEN,OPEN,OPEN,3,0,3,1,0
2025-06-15 11:10:00,40200,31.67,43.8,31.23,44.2,32,44,OPEN,OPEN,OPEN,3,0,3,1,0
2025-06-15 11:11:00,40260,31.69,43.6,31.25,44.0,32,44,OPEN,OPEN,OPEN,3,0,3,1,0
2025-06-15 11:12:00,40320,31.71,43.5,31.27,43.9,32,44,OPEN,OPEN,OPEN,3,0,3,1,0
2025-06-15 11:13:00,40380,31.73,43.4,31.29,43.8,32,44,OPEN,OPEN,OPEN,3,0,3,1,0
2025-06-15 11:14:00,40440,31.75,43.3,31.31,43.7,32,44,OPEN,OPEN,OPEN,3,0,3,1,0
2025-06-15 11:15:00,40500,31.76,43.1,31.32,43.5,32,44,OPEN,OPEN,OPEN,3,0,3,1,0
2025-06-15 11:16:00,40560,31.78,43.0,31.34,43.4,32,43,OPEN,OPEN,OPEN,3,0,3,1,0
2025-06-15 11:17:00,40620,31.80,42.9,31.36,43.3,32,43,OPEN,OPEN,OPEN,3,0,3,1,0
2025-06-15 11:18:00,40680,31.82,42.8,31.38,43.2,32,43,OPEN,OPEN,OPEN,3,0,3,1,0
2025-06-15 11:19:00,40740,31.84,42.7,31.40,43.1,32,43,OPEN,OPEN,OPEN,3,0,3,1,0
2025-06-15 11:20:00,40800,31.85,42.5,31.41,42.9,32,43,OPEN,OPEN,OPEN,3,0,3,1,0
2025-06-15 11:21:00,40860,31.87,42.4,31.43,42.8,32,43,OPEN,OPEN,OPEN,3,0,3,1,0
2025-06-15 11:22:00,40920,31.89,42.3,31.45,42.7,32,43,OPEN,OPEN,OPEN,3,0,3,1,0
2025-06-15 11:23:00,40980,31.91,42.2,31.47,42.6,32,43,OPEN,OPEN,OPEN,3,0,3,1,0
2025-06-15 11:24:00,41040,31.92,42.0,31.48,42.4,32,42,OPEN,OPEN,OPEN,3,0,3,1,0
2025-06-15 11:25:00,41100,31.94,41.9,31.50,42.3,32,42,OPEN,OPEN,OPEN,3,0,3,1,0
2025-06-15 11:26:00,41160,31.96,41.8,31.52,42.2,32,42,OPEN,OPEN,OPEN,3,0,3,1,0
2025-06-15 11:27:00,41220,31.98,41.7,31.54,42.1,32,42,OPEN,OPEN,OPEN,3,0,3,1,0
2025-06-15 11:28:00,41280,31.99,41.5,31.55,41.9,32,42,OPEN,OPEN,OPEN,3,0,3,1,0
2025-06-15 11:29:00,41340,32.01,41.4,31.57,41.8,32,42,OPEN,OPEN,OPEN,3,0,3,1,0
2025-06-15 11:30:00,41400,32.03,41.3,31.59,41.7,32,42,OPEN,OPEN,OPEN,3,0,3,1,0
2025-06-15 11:31:00,41460,32.02,41.3,31.58,41.7,32,42,OPEN,OPEN,OPEN,3,0,3,1,0
2025-06-15 11:32:00,41520,32.01,41.3,31.57,41.7,32,41,OPEN,OPEN,OPEN,3,0,3,1,0
2025-06-15 11:33:00,41580,32.00,41.4,31.56,41.8,32,41,OPEN,OPEN,OPEN,3,0,3,1,0
2025-06-15 11:34:00,41640,31.98,41.4,31.54,41.8,32,41,OPEN,OPEN,OPEN,3,0,3,1,0
2025-06-15 11:35:00,41700,31.97,41.4,31.53,41.8,32,41,OPEN,OPEN,OPEN,3,0,3,1,0
2025-06-15 11:36:00,41760,31.96,41.4,31.52,41.8,32,41,OPEN,OPEN,OPEN,3,0,3,1,0
2025-06-15 11:37:00,41820,31.95,41.5,31.51,41.9,32,41,OPEN,OPEN,OPEN,3,0,3,1,0
2025-06-15 11:38:00,41880,31.94,41.5,31.50,41.9,32,41,OPEN,OPEN,OPEN,3,0,3,1,0
2025-06-15 11:39:00,41940,31.92,41.5,31.48,41.9,32,41,OPEN,OPEN,OPEN,3,0,3,1,0
2025-06-15 11:40:00,42000,31.91,41.5,31.47,41.9,32,42,OPEN,OPEN,OPEN,3,0,3,1,0
2025-06-15 11:41:00,42060,31.90,41.6,31.46,42.0,32,42,OPEN,OPEN,OPEN,3,0,3,1,0
2025-06-15 11:42:00,42120,31.89,41.6,31.45,42.0,32,42,OPEN,OPEN,OPEN,3,0,3,1,0
2025-06-15 11:43:00,42180,31.87,41.6,31.43,42.0,32,42,OPEN,OPEN,OPEN,3,0,3,1,0
2025-06-15 11:44:00,42240,31.86,41.7,31.42,42.1,32,42,OPEN,OPEN,OPEN,3,0,3,1,0
2025-06-15 11:45:00,42300,31.85,41.7,31.41,42.1,32,42,OPEN,OPEN,OPEN,3,0,3,1,0
2025-06-15 11:46:00,42360,31.84,41.7,31.40,42.1,32,42,OPEN,OPEN,OPEN,3,0,3,1,0
2025-06-15 11:47:00,42420,31.82,41.7,31.38,42.1,32,42,OPEN,OPEN,OPEN,3,0,3,1,0
2025-06-15 11:48:00,42480,31.81,41.8,31.37,42.2,32,42,OPEN,OPEN,OPEN,3,0,3,1,0
2025-06-15 11:49:00,42540,31.80,41.8,31.36,42.2,32,42,OPEN,OPEN,OPEN,3,0,3,1,0
2025-06-15 11:50:00,42600,31.79,41.8,31.35,42.2,32,42,OPEN,OPEN,OPEN,3,0,3,1,0
2025-06-15 11:51:00,42660,31.77,41.8,31.33,42.2,32,42,OPEN,OPEN,OPEN,3,0,3,1,0
2025-06-15 11:52:00,42720,31.76,41.9,31.32,42.3,32,42,OPEN,OPEN,OPEN,3,0,3,1,0
2025-06-15 11:53:00,42780,31.75,41.9,31.31,42.3,32,42,OPEN,OPEN,OPEN,3,0,3,1,0
2025-06-15 11:54:00,42840,31.74,41.9,31.30,42.3,32,42,OPEN,OPEN,OPEN,3,0,3,1,0
2025-06-15 11:55:00,42900,31.72,42.0,31.28,42.4,32,42,OPEN,OPEN,OPEN,3,0,3,1,0
2025-06-15 11:56:00,42960,31.71,42.0,31.27,42.4,32,42,OPEN,OPEN,OPEN,3,0,3,1,0
2025-06-15 11:57:00,43020,31.70,42.0,31.26,42.4,32,42,OPEN,OPEN,OPEN,3,0,3,1,0
2025-06-15 11:58:00,43080,31.68,42.0,31.24,42.4,32,42,OPEN,OPEN,OPEN,3,0,3,1,0
2025-06-15 11:59:00,43140,31.67,42.1,31.23,42.5,32,42,OPEN,OPEN,OPEN,3,0,3,1,0
2025-06-15 12:00:00,43200,31.66,42.1,31.22,42.5,32,42,OPEN,OPEN,OPEN,3,0,3,1,0
2025-06-15 12:01:00,43260,31.75,41.8,31.31,42.2,32,42,OPEN,OPEN,OPEN,3,0,3,1,0
2025-06-15 12:02:00,43320,31.85,41.6,31.41,41.9,32,42,OPEN,OPEN,OPEN,3,0,3,1,0
2025-06-15 12:03:00,43380,31.95,41.3,31.51,41.6,32,42,OPEN,OPEN,OPEN,3,0,3,1,0
2025-06-15 12:04:00,43440,32.05,41.0,31.61,41.3,32,42,OPEN,OPEN,OPEN,3,0,3,1,0
2025-06-15 12:05:00,43500,32.15,40.7,31.71,41.0,32,41,OPEN,OPEN,OPEN,3,0,3,1,0
2025-06-15 12:06:00,43560,32.26,40.5,31.82,40.8,32,41,OPEN,OPEN,OPEN,3,0,3,1,0
2025-06-15 12:07:00,43620,32.36,40.2,31.92,40.5,32,41,OPEN,OPEN,OPEN,3,0,3,1,0
2025-06-15 12:08:00,43680,32.46,39.9,32.02,40.2,32,41,OPEN,OPEN,OPEN,3,0,3,1,0
2025-06-15 12:09:00,43740,32.56,39.6,32.12,39.9,32,41,OPEN,OPEN,OPEN,3,0,3,1,0
2025-06-15 12:10:00,43800,32.66,39.3,32.22,39.6,32,40,OPEN,OPEN,OPEN,3,0,3,1,0
2025-06-15 12:11:00,43860,32.76,39.0,32.32,39.3,33,40,OPEN,OPEN,OPEN,3,0,3,1,0
2025-06-15 12:12:00,43920,32.86,38.7,32.42,39.0,33,40,OPEN,OPEN,OPEN,3,0,3,1,0
2025-06-15 12:13:00,43980,32.96,38.4,32.52,38.7,33,39,OPEN,OPEN,OPEN,3,0,3,1,0
2025-06-15 12:14:00,44040,33.06,38.1,32.62,38.4,33,39,OPEN,OPEN,OPEN,3,0,3,1,0
2025-06-15 12:15:00,44100,33.16,37.8,32.72,38.1,33,38,OPEN,OPEN,OPEN,3,0,3,1,0
2025-06-15 12:16:00,44160,33.25,37.5,32.82,37.8,33,38,OPEN,OPEN,OPEN,3,0,3,1,0
2025-06-15 12:17:00,44220,33.36,37.2,32.93,37.5,33,38,OPEN,OPEN,OPEN,3,0,3,1,0
2025-06-15 12:18:00,44280,33.46,36.9,33.03,37.2,33,38,OPEN,OPEN,OPEN,3,0,3,1,0
2025-06-15 12:19:00,44340,33.56,36.6,33.13,36.9,33,37,OPEN,OPEN,OPEN,3,0,3,1,0
2025-06-15 12:20:00,44400,33.66,36.3,33.23,36.6,34,37,OPEN,OPEN,OPEN,3,0,3,1,0
2025-06-15 12:21:00,44460,33.76,36.0,33.33,36.3,34,37,OPEN,OPEN,OPEN,3,0,3,1,0
2025-06-15 12:22:00,44520,33.86,35.7,33.43,36.0,34,36,OPEN,OPEN,OPEN,3,0,3,1,0
2025-06-15 12:23:00,44580,33.96,35.4,33.53,35.7,34,36,OPEN,OPEN,OPEN,3,0,3,1,0
2025-06-15 12:24:00,44640,34.06,35.2,33.63,35.4,34,36,OPEN,OPEN,OPEN,3,0,3,1,0
2025-06-15 12:25:00,44700,34.16,34.9,33.73,35.1,34,36,OPEN,OPEN,OPEN,3,0,3,1,0
2025-06-15 12:26:00,44760,34.26,34.7,33.83,34.9,34,35,OPEN,OPEN,OPEN,3,0,3,1,0
2025-06-15 12:27:00,44820,34.36,34.4,33.93,34.6,34,35,OPEN,OPEN,OPEN,3,0,3,1,0
2025-06-15 12:28:00,44880,34.46,34.1,34.03,34.3,34,35,OPEN,OPEN,OPEN,3,0,3,1,0
2025-06-15 12:29:00,44940,34.56,33.8,34.13,34.0,34,34,OPEN,OPEN,OPEN,3,0,3,1,0
2025-06-15 12:30:00,45000,34.66,33.5,34.23,33.7,34,34,OPEN,OPEN,OPEN,3,0,3,1,0
2025-06-15 12:31:00,45060,34.60,33.6,34.17,33.8,35,34,OPEN,OPEN,OPEN,3,0,3,1,0
2025-06-15 12:32:00,45120,34.54,33.7,34.11,33.9,35,34,OPEN,OPEN,OPEN,3,0,3,1,0
2025-06-15 12:33:00,45180,34.48,33.8,34.05,34.0,35,34,OPEN,OPEN,OPEN,3,0,3,1,0
2025-06-15 12:34:00,45240,34.41,33.8,33.98,34.0,35,34,OPEN,OPEN,OPEN,3,0,3,1,0
2025-06-15 12:35:00,45300,34.35,33.9,33.92,34.1,34,34,OPEN,OPEN,OPEN,3,0,3,1,0
2025-06-15 12:36:00,45360,34.29,34.0,33.86,34.2,34,34,OPEN,OPEN,OPEN,3,0,3,1,0
2025-06-15 12:37:00,45420,34.22,34.1,33.79,34.3,34,34,OPEN,OPEN,OPEN,3,0,3,1,0
2025-06-15 12:38:00,45480,34.16,34.2,33.73,34.4,34,34,OPEN,OPEN,OPEN,3,0,3,1,0
2025-06-15 12:39:00,45540,34.10,34.3,33.67,34.5,34,34,OPEN,OPEN,OPEN,3,0,3,1,0
2025-06-15 12:40:00,45600,34.03,34.4,33.60,34.6,34,34,OPEN,OPEN,OPEN,3,0,3,1,0
2025-06-15 12:41:00,45660,33.96,34.5,33.54,34.7,34,34,OPEN,OPEN,OPEN,3,0,3,1,0
2025-06-15 12:42:00,45720,33.90,34.6,33.48,34.8,34,34,OPEN,OPEN,OPEN,3,0,3,1,0
2025-06-15 12:43:00,45780,33.83,34.7,33.41,34.9,34,34,OPEN,OPEN,OPEN,3,0,3,1,0
2025-06-15 12:44:00,45840,33.77,34.8,33.35,35.0,34,34,OPEN,OPEN,OPEN,3,0,3,1,0
2025-06-15 12:45:00,45900,33.71,34.9,33.29,35.1,34,35,OPEN,OPEN,OPEN,3,0,3,1,0
2025-06-15 12:46:00,45960,33.65,35.0,33.23,35.2,34,35,OPEN,OPEN,OPEN,3,0,3,1,0
2025-06-15 12:47:00,46020,33.58,35.1,33.16,35.3,34,35,OPEN,OPEN,OPEN,3,0,3,1,0
2025-06-15 12:48:00,46080,33.52,35.1,33.10,35.3,34,35,OPEN,OPEN,OPEN,3,0,3,1,0
2025-06-15 12:49:00,46140,33.46,35.2,33.04,35.4,34,35,OPEN,OPEN,OPEN,3,0,3,1,0
2025-06-15 12:50:00,46200,33.39,35.3,32.97,35.5,33,35,OPEN,OPEN,OPEN,3,0,3,1,0
2025-06-15 12:51:00,46260,33.33,35.4,32.91,35.6,33,35,OPEN,OPEN,OPEN,3,0,3,1,0
2025-06-15 12:52:00,46320,33.27,35.5,32.85,35.7,33,35,OPEN,OPEN,OPEN,3,0,3,1,0
2025-06-15 12:53:00,46380,33.20,35.6,32.78,35.8,33,35,OPEN,OPEN,OPEN,3,0,3,1,0
2025-06-15 12:54:00,46440,33.14,35.7,32.72,35.9,33,35,OPEN,OPEN,OPEN,3,0,3,1,0
2025-06-15 12:55:00,46500,33.08,35.8,32.66,36.0,33,36,OPEN,OPEN,OPEN,3,0,3,1,0
2025-06-15 12:56:00,46560,33.01,35.9,32.59,36.1,33,36,OPEN,OPEN,OPEN,3,0,3,1,0
2025-06-15 12:57:00,46620,32.95,36.0,32.53,36.2,33,36,OPEN,OPEN,OPEN,3,0,3,1,0
2025-06-15 12:58:00,46680,32.88,36.1,32.47,36.3,33,36,OPEN,OPEN,OPEN,3,0,3,1,0
2025-06-15 12:59:00,46740,32.81,36.2,32.40,36.4,33,36,OPEN,OPEN,OPEN,3,0,3,1,0
2025-06-15 13:00:00,46800,32.75,36.3,32.34,36.5,33,36,OPEN,OPEN,OPEN,3,0,3,1,0
2025-06-15 13:01:00,46860,32.77,36.1,32.36,36.3,33,36,OPEN,OPEN,OPEN,3,0,3,1,0
2025-06-15 13:02:00,46920,32.78,36.0,32.37,36.2,33,36,OPEN,OPEN,OPEN,3,0,3,1,0
2025-06-15 13:03:00,46980,32.80,35.9,32.39,36.1,33,36,OPEN,OPEN,OPEN,3,0,3,1,0
2025-06-15 13:04:00,47040,32.82,35.8,32.41,36.0,33,36,OPEN,OPEN,OPEN,3,0,3,1,0
2025-06-15 13:05:00,47100,32.83,35.7,32.42,35.9,33,36,OPEN,OPEN,OPEN,3,0,3,1,0
2025-06-15 13:06:00,47160,32.85,35.6,32.44,35.8,33,36,OPEN,OPEN,OPEN,3,0,3,1,0
2025-06-15 13:07:00,47220,32.87,35.4,32.46,35.6,33,36,OPEN,OPEN,OPEN,3,0,3,1,0
2025-06-15 13:08:00,47280,32.88,35.3,32.47,35.5,33,36,OPEN,OPEN,OPEN,3,0,3,1,0
2025-06-15 13:09:00,47340,32.90,35.2,32.49,35.4,33,36,OPEN,OPEN,OPEN,3,0,3,1,0
2025-06-15 13:10:00,47400,32.92,35.1,32.51,35.3,33,35,OPEN,OPEN,OPEN,3,0,3,1,0
2025-06-15 13:11:00,47460,32.93,35.0,32.52,35.2,33,35,OPEN,OPEN,OPEN,3,0,3,1,0
2025-06-15 13:12:00,47520,32.95,35.0,32.54,35.1,33,35,OPEN,OPEN,OPEN,3,0,3,1,0
2025-06-15 13:13:00,47580,32.96,34.8,32.56,34.9,33,35,OPEN,OPEN,OPEN,3,0,3,1,0
2025-06-15 13:14:00,47640,32.97,34.7,32.57,34.8,33,35,OPEN,OPEN,OPEN,3,0,3,1,0
2025-06-15 13:15:00,47700,32.99,34.6,32.59,34.7,33,35,OPEN,OPEN,OPEN,3,0,3,1,0
2025-06-15 13:16:00,47760,33.01,34.5,32.61,34.6,33,35,OPEN,OPEN,OPEN,3,0,3,1,0
2025-06-15 13:17:00,47820,33.02,34.4,32.62,34.5,33,35,OPEN,OPEN,OPEN,3,0,3,1,0
2025-06-15 13:18:00,47880,33.04,34.2,32.64,34.3,33,34,OPEN,OPEN,OPEN,3,0,3,1,0
2025-06-15 13:19:00,47940,33.06,34.1,32.66,34.2,33,34,OPEN,OPEN,OPEN,3,0,3,1,0
2025-06-15 13:20:00,48000,33.07,34.0,32.67,34.1,33,34,OPEN,OPEN,OPEN,3,0,3,1,0
2025-06-15 13:21:00,48060,33.09,33.9,32.69,34.0,33,34,OPEN,OPEN,OPEN,3,0,3,1,0
2025-06-15 13:22:00,48120,33.10,33.8,32.70,33.9,33,34,OPEN,OPEN,OPEN,3,0,3,1,0
2025-06-15 13:23:00,48180,33.12,33.7,32.72,33.8,33,34,OPEN,OPEN,OPEN,3,0,3,1,0
2025-06-15 13:24:00,48240,33.14,33.5,32.74,33.6,33,34,OPEN,OPEN,OPEN,3,0,3,1,0
2025-06-15 13:25:00,48300,33.14,33.4,32.75,33.5,33,34,OPEN,OPEN,OPEN,3,0,3,1,0
2025-06-15 13:26:00,48360,33.16,33.3,32.77,33.4,33,34,OPEN,OPEN,OPEN,3,0,3,1,0
2025-06-15 13:27:00,48420,33.18,33.2,32.79,33.3,33,34,OPEN,OPEN,OPEN,3,0,3,1,0
2025-06-15 13:28:00,48480,33.19,33.1,32.80,33.2,33,33,OPEN,OPEN,OPEN,3,0,3,1,0
2025-06-15 13:29:00,48540,33.21,33.0,32.82,33.1,33,33,OPEN,OPEN,OPEN,3,0,3,1,0
2025-06-15 13:30:00,48600,33.22,32.8,32.83,32.9,33,33,OPEN,OPEN,OPEN,3,0,3,1,0
2025-06-15 13:31:00,48660,33.22,32.9,32.83,33.0,33,33,OPEN,OPEN,OPEN,3,0,3,1,0
2025-06-15 13:32:00,48720,33.22,32.9,32.83,33.0,33,33,OPEN,OPEN,OPEN,3,0,3,1,0
2025-06-15 13:33:00,48780,33.21,32.9,32.82,33.0,33,33,OPEN,OPEN,OPEN,3,0,3,1,0
2025-06-15 13:34:00,48840,33.21,33.0,32.82,33.1,33,33,OPEN,OPEN,OPEN,3,0,3,1,0
2025-06-15 13:35:00,48900,33.21,33.0,32.82,33.1,33,33,OPEN,OPEN,OPEN,3,0,3,1,0
2025-06-15 13:36:00,48960,33.20,33.0,32.81,33.1,33,33,OPEN,OPEN,OPEN,3,0,3,1,0
2025-06-15 13:37:00,49020,33.19,33.1,32.81,33.2,33,33,OPEN,OPEN,OPEN,3,0,3,1,0
2025-06-15 13:38:00,49080,33.18,33.1,32.80,33.2,33,33,OPEN,OPEN,OPEN,3,0,3,1,0
2025-06-15 13:39:00,49140,33.18,33.1,32.80,33.2,33,33,OPEN,OPEN,OPEN,3,0,3,1,0
2025-06-15 13:40:00,49200,33.18,33.2,32.80,33.3,33,33,OPEN,OPEN,OPEN,3,0,3,1,0
2025-06-15 13:41:00,49260,33.17,33.2,32.79,33.3,33,33,OPEN,OPEN,OPEN,3,0,3,1,0
2025-06-15 13:42:00,49320,33.17,33.2,32.79,33.3,33,33,OPEN,OPEN,OPEN,3,0,3,1,0
2025-06-15 13:43:00,49380,33.17,33.3,32.79,33.4,33,33,OPEN,OPEN,OPEN,3,0,3,1,0
2025-06-15 13:44:00,49440,33.16,33.3,32.78,33.4,33,33,OPEN,OPEN,OPEN,3,0,3,1,0
2025-06-15 13:45:00,49500,33.16,33.4,32.78,33.5,33,33,OPEN,OPEN,OPEN,3,0,3,1,0
2025-06-15 13:46:00,49560,33.15,33.4,32.77,33.5,33,33,OPEN,OPEN,OPEN,3,0,3,1,0
2025-06-15 13:47:00,49620,33.14,33.4,32.77,33.5,33,33,OPEN,OPEN,OPEN,3,0,3,1,0
2025-06-15 13:48:00,49680,33.14,33.5,32.77,33.6,33,33,OPEN,OPEN,OPEN,3,0,3,1,0
2025-06-15 13:49:00,49740,33.13,33.5,32.76,33.6,33,33,OPEN,OPEN,OPEN,3,0,3,1,0
2025-06-15 13:50:00,49800,33.13,33.5,32.76,33.6,33,33,OPEN,OPEN,OPEN,3,0,3,1,0
2025-06-15 13:51:00,49860,33.12,33.6,32.75,33.7,33,34,OPEN,OPEN,OPEN,3,0,3,1,0
2025-06-15 13:52:00,49920,33.12,33.6,32.75,33.7,33,34,OPEN,OPEN,OPEN,3,0,3,1,0
2025-06-15 13:53:00,49980,33.12,33.7,32.75,33.7,33,34,OPEN,OPEN,OPEN,3,0,3,1,0
2025-06-15 13:54:00,50040,33.11,33.8,32.74,33.8,33,34,OPEN,OPEN,OPEN,3,0,3,1,0
2025-06-15 13:55:00,50100,33.11,33.8,32.74,33.8,33,34,OPEN,OPEN,OPEN,3,0,3,1,0
2025-06-15 13:56:00,50160,33.10,33.8,32.73,33.8,33,34,OPEN,OPEN,OPEN,3,0,3,1,0
2025-06-15 13:57:00,50220,33.09,33.9,32.73,33.9,33,34,OPEN,OPEN,OPEN,3,0,3,1,0
2025-06-15 13:58:00,50280,33.09,33.9,32.73,33.9,33,34,OPEN,OPEN,OPEN,3,0,3,1,0
2025-06-15 13:59:00,50340,33.08,33.9,32.72,33.9,33,34,OPEN,OPEN,OPEN,3,0,3,1,0
2025-06-15 14:00:00,50400,33.08,34.0,32.72,34.0,33,34,OPEN,OPEN,OPEN,3,0,3,1,0
2025-06-15 14:01:00,50460,33.04,34.0,32.68,34.0,33,34,OPEN,OPEN,OPEN,3,0,3,1,0
2025-06-15 14:02:00,50520,33.01,34.1,32.65,34.1,33,34,OPEN,OPEN,OPEN,3,0,3,1,0
2025-06-15 14:03:00,50580,32.98,34.1,32.62,34.1,33,34,OPEN,OPEN,OPEN,3,0,3,1,0
2025-06-15 14:04:00,50640,32.94,34.2,32.58,34.2,33,34,OPEN,OPEN,OPEN,3,0,3,1,0
2025-06-15 14:05:00,50700,32.91,34.2,32.55,34.2,33,34,OPEN,OPEN,OPEN,3,0,3,1,0
2025-06-15 14:06:00,50760,32.86,34.3,32.51,34.3,33,34,OPEN,OPEN,OPEN,3,0,3,1,0
2025-06-15 14:07:00,50820,32.83,34.4,32.48,34.4,33,34,OPEN,OPEN,OPEN,3,0,3,1,0
2025-06-15 14:08:00,50880,32.80,34.4,32.45,34.4,33,34,OPEN,OPEN,OPEN,3,0,3,1,0
2025-06-15 14:09:00,50940,32.76,34.5,32.41,34.5,33,34,OPEN,OPEN,OPEN,3,0,3,1,0
2025-06-15 14:10:00,51000,32.73,34.5,32.38,34.5,33,34,OPEN,OPEN,OPEN,3,0,3,1,0
2025-06-15 14:11:00,51060,32.69,34.6,32.34,34.6,33,34,OPEN,OPEN,OPEN,3,0,3,1,0
2025-06-15 14:12:00,51120,32.66,34.6,32.31,34.6,33,34,OPEN,OPEN,OPEN,3,0,3,1,0
2025-06-15 14:13:00,51180,32.62,34.7,32.27,34.7,33,35,OPEN,OPEN,OPEN,3,0,3,1,0
2025-06-15 14:14:00,51240,32.59,34.8,32.24,34.8,33,35,OPEN,OPEN,OPEN,3,0,3,1,0
2025-06-15 14:15:00,51300,32.55,34.8,32.21,34.8,33,35,OPEN,OPEN,OPEN,3,0,3,1,0
2025-06-15 14:16:00,51360,32.51,34.9,32.17,34.9,33,35,OPEN,OPEN,OPEN,3,0,3,1,0
2025-06-15 14:17:00,51420,32.48,34.9,32.14,34.9,33,35,OPEN,OPEN,OPEN,3,0,3,1,0
2025-06-15 14:18:00,51480,32.44,35.0,32.10,35.0,33,35,OPEN,OPEN,OPEN,3,0,3,1,0
2025-06-15 14:19:00,51540,32.41,35.0,32.07,35.0,32,35,OPEN,OPEN,OPEN,3,0,3,1,0
2025-06-15 14:20:00,51600,32.37,35.1,32.03,35.1,32,35,OPEN,OPEN,OPEN,3,0,3,1,0
2025-06-15 14:21:00,51660,32.34,35.2,32.00,35.2,32,35,OPEN,OPEN,OPEN,3,0,3,1,0
2025-06-15 14:22:00,51720,32.31,35.2,31.97,35.2,32,35,OPEN,OPEN,OPEN,3,0,3,1,0
2025-06-15 14:23:00,51780,32.27,35.3,31.93,35.3,32,35,OPEN,OPEN,OPEN,3,0,3,1,0
2025-06-15 14:24:00,51840,32.23,35.3,31.90,35.3,32,35,OPEN,OPEN,OPEN,3,0,3,1,0
2025-06-15 14:25:00,51900,32.19,35.4,31.86,35.4,32,35,OPEN,OPEN,OPEN,3,0,3,1,0
2025-06-15 14:26:00,51960,32.16,35.4,31.83,35.4,32,35,OPEN,OPEN,OPEN,3,0,3,1,0
2025-06-15 14:27:00,52020,32.12,35.5,31.79,35.5,32,35,OPEN,OPEN,OPEN,3,0,3,1,0
2025-06-15 14:28:00,52080,32.09,35.6,31.76,35.6,32,35,OPEN,OPEN,OPEN,3,0,3,1,0
2025-06-15 14:29:00,52140,32.06,35.6,31.73,35.6,32,35,OPEN,OPEN,OPEN,3,0,3,1,0
2025-06-15 14:30:00,52200,32.02,35.7,31.69,35.7,32,36,OPEN,OPEN,OPEN,3,0,3,1,0
2025-06-15 14:31:00,52260,31.99,35.7,31.66,35.7,32,36,OPEN,OPEN,OPEN,3,0,3,1,0
2025-06-15 14:32:00,52320,31.94,35.8,31.62,35.8,32,36,OPEN,OPEN,OPEN,3,0,3,1,0
2025-06-15 14:33:00,52380,31.91,35.9,31.59,35.9,32,36,OPEN,OPEN,OPEN,3,0,3,1,0
2025-06-15 14:34:00,52440,31.87,35.9,31.55,35.9,32,36,OPEN,OPEN,OPEN,3,0,3,1,0
2025-06-15 14:35:00,52500,31.84,36.0,31.52,36.0,32,36,OPEN,OPEN,OPEN,3,0,3,1,0
2025-06-15 14:36:00,52560,31.81,36.1,31.49,36.0,32,36,OPEN,OPEN,OPEN,3,0,3,1,0
2025-06-15 14:37:00,52620,31.77,36.2,31.45,36.1,32,36,OPEN,OPEN,OPEN,3,0,3,1,0
2025-06-15 14:38:00,52680,31.74,36.2,31.42,36.1,32,36,OPEN,OPEN,OPEN,3,0,3,1,0
2025-06-15 14:39:00,52740,31.70,36.3,31.38,36.2,32,36,OPEN,OPEN,OPEN,3,0,3,1,0
2025-06-15 14:40:00,52800,31.67,36.4,31.35,36.3,32,36,OPEN,OPEN,OPEN,3,0,3,1,0
2025-06-15 14:41:00,52860,31.62,36.4,31.31,36.3,32,36,OPEN,OPEN,OPEN,3,0,3,1,0
2025-06-15 14:42:00,52920,31.59,36.5,31.28,36.4,32,36,OPEN,OPEN,OPEN,3,0,3,1,0
2025-06-15 14:43:00,52980,31.55,36.5,31.24,36.4,32,36,OPEN,OPEN,OPEN,3,0,3,1,0
2025-06-15 14:44:00,53040,31.52,36.6,31.21,36.5,32,36,OPEN,OPEN,OPEN,3,0,3,1,0
2025-06-15 14:45:00,53100,31.49,36.6,31.18,36.5,32,36,OPEN,OPEN,OPEN,3,0,3,1,0
2025-06-15 14:46:00,53160,31.45,36.7,31.14,36.6,32,37,OPEN,OPEN,OPEN,3,0,3,1,0
2025-06-15 14:47:00,53220,31.42,36.8,31.11,36.7,31,37,OPEN,OPEN,OPEN,3,0,3,1,0
2025-06-15 14:48:00,53280,31.38,36.8,31.07,36.7,31,37,OPEN,OPEN,OPEN,3,0,3,1,0
2025-06-15 14:49:00,53340,31.34,36.9,31.04,36.8,31,37,OPEN,OPEN,OPEN,3,0,3,1,0
2025-06-15 14:50:00,53400,31.30,36.9,31.00,36.8,31,37,OPEN,OPEN,OPEN,3,0,3,1,0
2025-06-15 14:51:00,53460,31.27,37.0,30.97,36.9,31,37,OPEN,OPEN,OPEN,3,0,3,1,0
2025-06-15 14:52:00,53520,31.23,37.1,30.93,37.0,31,37,OPEN,OPEN,OPEN,3,0,3,1,0
2025-06-15 14:53:00,53580,31.20,37.1,30.90,37.0,31,37,OPEN,OPEN,OPEN,3,0,3,1,0
2025-06-15 14:54:00,53640,31.16,37.2,30.86,37.1,31,37,OPEN,OPEN,OPEN,3,0,3,1,0
2025-06-15 14:55:00,53700,31.13,37.2,30.83,37.1,31,37,OPEN,OPEN,OPEN,3,0,3,1,0
2025-06-15 14:56:00,53760,31.09,37.3,30.80,37.2,31,37,OPEN,OPEN,OPEN,3,0,3,1,0
2025-06-15 14:57:00,53820,31.05,37.4,30.76,37.3,31,37,OPEN,OPEN,OPEN,3,0,3,1,0
2025-06-15 14:58:00,53880,31.02,37.4,30.73,37.3,31,37,OPEN,OPEN,OPEN,3,0,3,1,0
2025-06-15 14:59:00,53940,30.98,37.5,30.69,37.4,31,37,OPEN,OPEN,OPEN,3,0,3,1,0
2025-06-15 15:00:00,54000,30.95,37.5,30.66,37.4,31,37,OPEN,OPEN,OPEN,3,0,3,1,0
2025-06-15 15:01:00,54060,30.91,37.6,30.62,37.5,31,37,OPEN,OPEN,OPEN,3,0,3,1,0
2025-06-15 15:02:00,54120,30.88,37.6,30.59,37.5,31,38,OPEN,OPEN,OPEN,3,0,3,1,0
2025-06-15 15:03:00,54180,30.84,37.7,30.55,37.6,31,38,OPEN,OPEN,OPEN,3,0,3,1,0
2025-06-15 15:04:00,54240,30.80,37.8,30.52,37.7,31,38,OPEN,OPEN,OPEN,3,0,3,1,0
2025-06-15 15:05:00,54300,30.76,37.8,30.48,37.7,31,38,OPEN,OPEN,OPEN,3,0,3,1,0
2025-06-15 15:06:00,54360,30.73,37.9,30.45,37.8,31,38,OPEN,OPEN,OPEN,3,0,3,1,0
2025-06-15 15:07:00,54420,30.69,38.0,30.41,37.8,31,38,OPEN,OPEN,OPEN,3,0,3,1,0
2025-06-15 15:08:00,54480,30.66,38.1,30.38,37.9,31,38,OPEN,OPEN,OPEN,3,0,3,1,0
2025-06-15 15:09:00,54540,30.62,38.2,30.34,38.0,31,38,OPEN,OPEN,OPEN,3,0,3,1,0
2025-06-15 15:10:00,54600,30.59,38.2,30.31,38.0,31,38,OPEN,OPEN,OPEN,3,0,3,1,0
2025-06-15 15:11:00,54660,30.56,38.3,30.28,38.1,31,38,OPEN,OPEN,OPEN,3,0,3,1,0
2025-06-15 15:12:00,54720,30.51,38.3,30.24,38.1,31,38,OPEN,OPEN,OPEN,3,0,3,1,0
2025-06-15 15:13:00,54780,30.48,38.4,30.21,38.2,31,38,OPEN,OPEN,OPEN,3,0,3,1,0
2025-06-15 15:14:00,54840,30.44,38.5,30.17,38.3,31,38,OPEN,OPEN,OPEN,3,0,3,1,0
2025-06-15 15:15:00,54900,31.06,38.9,30.14,38.3,30,38,OPEN,OPEN,MOVING_CLOSE,2,0,2,1,0
2025-06-15 15:16:00,54960,31.02,39.0,30.10,38.4,31,38,OPEN,OPEN,MOVING_OPEN,3,0,3,1,0
2025-06-15 15:17:00,55020,30.98,39.0,30.07,38.4,31,39,OPEN,OPEN,MOVING_OPEN,3,0,3,1,0
2025-06-15 15:18:00,55080,30.94,39.1,30.03,38.5,31,39,OPEN,OPEN,MOVING_OPEN,3,0,3,1,0
2025-06-15 15:19:00,55140,30.26,38.7,30.00,38.5,31,39,OPEN,OPEN,OPEN,3,0,3,1,0
2025-06-15 15:20:00,55200,30.22,38.8,29.96,38.6,31,39,OPEN,OPEN,OPEN,3,0,3,1,0
2025-06-15 15:21:00,55260,30.19,38.9,29.93,38.7,30,39,OPEN,OPEN,OPEN,2,0,2,1,0
2025-06-15 15:22:00,55320,31.58,39.3,30.69,38.8,30,39,OPEN,OPEN,MOVING_CLOSE,2,0,2,1,0
2025-06-15 15:23:00,55380,31.54,39.4,30.65,38.9,31,39,OPEN,OPEN,MOVING_OPEN,3,0,3,1,0
2025-06-15 15:24:00,55440,31.49,39.6,30.61,39.0,31,39,OPEN,OPEN,MOVING_OPEN,3,0,3,1,0
2025-06-15 15:25:00,55500,31.45,39.6,30.57,39.0,31,39,OPEN,OPEN,MOVING_OPEN,3,0,3,1,0
2025-06-15 15:26:00,55560,30.78,39.3,30.53,39.1,31,39,OPEN,OPEN,OPEN,3,0,3,1,0
2025-06-15 15:27:00,55620,30.75,39.4,30.50,39.2,31,39,OPEN,OPEN,OPEN,3,0,3,1,0
2025-06-15 15:28:00,55680,30.71,39.4,30.46,39.2,31,39,OPEN,OPEN,OPEN,3,0,3,1,0
2025-06-15 15:29:00,55740,30.67,39.5,30.42,39.3,31,39,OPEN,OPEN,OPEN,3,0,3,1,0
2025-06-15 15:30:00,55800,30.63,39.6,30.38,39.4,31,39,OPEN,OPEN,OPEN,3,0,3,1,0
2025-06-15 15:31:00,55860,30.61,39.6,30.36,39.4,31,39,OPEN,OPEN,OPEN,3,0,3,1,0
2025-06-15 15:32:00,55920,30.58,39.6,30.33,39.4,31,39,OPEN,OPEN,OPEN,3,0,3,1,0
2025-06-15 15:33:00,55980,30.56,39.7,30.31,39.5,31,40,OPEN,OPEN,OPEN,3,0,3,1,0
2025-06-15 15:34:00,56040,30.52,39.7,30.28,39.5,31,40,OPEN,OPEN,OPEN,3,0,3,1,0
2025-06-15 15:35:00,56100,30.34,40.1,29.51,39.3,30,40,OPEN,OPEN,MOVING_CLOSE,2,0,2,1,0
2025-06-15 15:36:00,56160,30.32,40.1,29.49,39.3,30,40,OPEN,OPEN,MOVING_CLOSE,2,0,2,1,0
2025-06-15 15:37:00,56220,30.28,40.2,29.46,39.4,30,40,OPEN,OPEN,MOVING_CLOSE,2,0,2,1,0
2025-06-15 15:38:00,56280,30.26,40.3,29.44,39.4,30,40,OPEN,OPEN,CLOSED,2,0,2,1,0
2025-06-15 15:39:00,56340,30.23,40.3,29.42,39.4,30,40,OPEN,OPEN,CLOSED,2,0,2,1,0
2025-06-15 15:40:00,56400,30.21,40.3,29.40,39.4,30,40,OPEN,OPEN,CLOSED,2,0,2,1,0
2025-06-15 15:41:00,56460,30.18,40.4,29.38,39.5,30,40,OPEN,OPEN,CLOSED,2,0,2,1,0
2025-06-15 15:42:00,56520,30.16,40.4,29.36,39.5,30,40,OPEN,OPEN,CLOSED,2,0,2,1,0
2025-06-15 15:43:00,56580,30.13,40.4,29.34,39.5,30,40,OPEN,OPEN,CLOSED,2,0,2,1,0
2025-06-15 15:44:00,56640,30.10,40.4,29.31,39.5,30,40,OPEN,OPEN,CLOSED,2,0,2,1,0
2025-06-15 15:45:00,56700,30.07,40.6,29.29,39.6,30,40,OPEN,OPEN,CLOSED,2,0,2,1,0
2025-06-15 15:46:00,56760,30.05,40.6,29.27,39.6,30,40,OPEN,OPEN,CLOSED,2,0,2,1,0
2025-06-15 15:47:00,56820,30.02,40.6,29.25,39.6,30,40,OPEN,OPEN,CLOSED,2,0,2,1,0
2025-06-15 15:48:00,56880,30.70,40.9,29.93,40.0,30,41,OPEN,OPEN,CLOSED,2,0,2,1,0
2025-06-15 15:49:00,56940,30.66,40.9,29.90,40.0,30,41,OPEN,OPEN,CLOSED,2,0,2,1,0
2025-06-15 15:50:00,57000,30.64,41.0,29.88,40.1,31,41,OPEN,OPEN,MOVING_OPEN,3,0,3,1,0
2025-06-15 15:51:00,57060,30.60,41.0,29.85,40.1,31,41,OPEN,OPEN,MOVING_OPEN,3,0,3,1,0
2025-06-15 15:52:00,57120,30.57,41.0,29.82,40.1,31,41,OPEN,OPEN,MOVING_OPEN,3,0,3,1,0
2025-06-15 15:53:00,57180,30.02,40.5,29.80,40.2,31,41,OPEN,OPEN,OPEN,3,0,3,1,0
2025-06-15 15:54:00,57240,29.99,40.5,29.77,40.2,30,41,OPEN,OPEN,OPEN,2,0,2,1,0
2025-06-15 15:55:00,57300,29.96,40.5,29.75,40.2,30,41,OPEN,OPEN,OPEN,2,0,2,1,0
2025-06-15 15:56:00,57360,30.45,41.3,29.72,40.3,30,41,OPEN,OPEN,MOVING_CLOSE,2,0,2,1,0
2025-06-15 15:57:00,57420,30.43,41.3,29.70,40.3,30,41,OPEN,OPEN,MOVING_CLOSE,2,0,2,1,0
2025-06-15 15:58:00,57480,30.39,41.3,29.67,40.3,30,41,OPEN,OPEN,MOVING_CLOSE,2,0,2,1,0
2025-06-15 15:59:00,57540,30.37,41.4,29.65,40.4,30,41,OPEN,OPEN,CLOSED,2,0,2,1,0
2025-06-15 16:00:00,57600,30.33,41.4,29.62,40.4,30,41,OPEN,OPEN,CLOSED,2,0,2,1,0
2025-06-15 16:01:00,57660,30.30,41.7,29.59,40.7,30,41,OPEN,OPEN,CLOSED,2,0,2,1,0
2025-06-15 16:02:00,57720,30.25,42.0,29.55,40.9,30,41,OPEN,OPEN,CLOSED,2,0,2,1,0
2025-06-15 16:03:00,57780,30.21,42.3,29.51,41.2,30,42,OPEN,OPEN,CLOSED,2,0,2,1,0
2025-06-15 16:04:00,57840,30.17,42.5,29.48,41.4,30,42,OPEN,OPEN,CLOSED,2,0,2,1,0
2025-06-15 16:05:00,57900,30.13,42.8,29.44,41.7,30,42,OPEN,OPEN,CLOSED,2,0,2,1,0
2025-06-15 16:06:00,57960,30.09,43.0,29.41,41.9,30,42,OPEN,OPEN,CLOSED,2,0,2,1,0
2025-06-15 16:07:00,58020,30.05,43.3,29.37,42.2,30,42,OPEN,OPEN,CLOSED,2,0,2,1,0
2025-06-15 16:08:00,58080,30.01,43.5,29.34,42.4,30,43,OPEN,OPEN,CLOSED,2,0,2,1,0
2025-06-15 16:09:00,58140,29.97,43.8,29.30,42.7,30,43,OPEN,OPEN,CLOSED,2,0,2,1,0
2025-06-15 16:10:00,58200,29.94,44.0,29.27,42.9,30,43,OPEN,OPEN,CLOSED,2,0,2,1,0
2025-06-15 16:11:00,58260,29.89,44.3,29.23,43.2,30,44,OPEN,OPEN,CLOSED,2,0,2,1,0
2025-06-15 16:12:00,58320,29.85,44.5,29.19,43.4,30,44,OPEN,OPEN,CLOSED,2,0,2,1,0
2025-06-15 16:13:00,58380,29.81,44.8,29.16,43.7,30,44,OPEN,OPEN,CLOSED,2,0,2,1,0
2025-06-15 16:14:00,58440,29.77,45.1,29.12,43.9,30,44,OPEN,OPEN,CLOSED,2,0,2,1,0
2025-06-15 16:15:00,58500,29.73,45.4,29.09,44.2,30,45,OPEN,OPEN,CLOSED,2,0,2,1,0
2025-06-15 16:16:00,58560,29.69,45.6,29.05,44.4,30,45,OPEN,OPEN,CLOSED,2,0,2,1,0
2025-06-15 16:17:00,58620,29.65,45.9,29.02,44.7,30,45,OPEN,OPEN,CLOSED,2,0,2,1,0
2025-06-15 16:18:00,58680,29.61,46.1,28.98,44.9,30,45,OPEN,OPEN,CLOSED,2,0,2,1,0
2025-06-15 16:19:00,58740,29.57,46.4,28.95,45.2,30,46,OPEN,OPEN,CLOSED,2,0,2,1,0
2025-06-15 16:20:00,58800,29.53,46.6,28.91,45.4,30,46,OPEN,OPEN,CLOSED,2,0,2,1,0
2025-06-15 16:21:00,58860,29.48,46.9,28.87,45.7,30,46,OPEN,OPEN,CLOSED,2,0,2,1,0
2025-06-15 16:22:00,58920,29.45,47.1,28.84,45.9,30,46,OPEN,OPEN,CLOSED,2,0,2,1,0
2025-06-15 16:23:00,58980,29.97,48.5,28.80,46.2,29,47,OPEN,CLOSED,CLOSED,1,0,1,1,0
2025-06-15 16:24:00,59040,29.37,47.6,28.77,46.4,30,47,OPEN,OPEN,CLOSED,2,0,2,1,0
2025-06-15 16:25:00,59100,29.33,48.0,28.73,46.7,30,47,OPEN,OPEN,CLOSED,2,0,2,1,0
2025-06-15 16:26:00,59160,29.29,48.2,28.70,46.9,30,48,OPEN,OPEN,CLOSED,2,0,2,1,0
2025-06-15 16:27:00,59220,29.25,48.5,28.66,47.2,29,48,OPEN,MOVING_CLOSE,CLOSED,1,0,1,1,0
2025-06-15 16:28:00,59280,29.75,49.8,28.62,47.4,29,48,OPEN,CLOSED,CLOSED,1,0,1,1,0
2025-06-15 16:29:00,59340,29.71,50.1,28.59,47.7,29,49,OPEN,CLOSED,CLOSED,1,0,1,1,0
2025-06-15 16:30:00,59400,29.12,49.2,28.55,47.9,30,49,OPEN,OPEN,CLOSED,2,0,2,1,0
2025-06-15 16:31:00,59460,29.09,49.2,28.52,47.9,30,49,OPEN,OPEN,CLOSED,2,0,2,1,0
2025-06-15 16:32:00,59520,29.06,49.2,28.50,47.8,29,49,OPEN,OPEN,CLOSED,1,0,1,1,0
2025-06-15 16:33:00,59580,29.55,50.2,28.47,47.7,29,49,OPEN,MOVING_CLOSE,CLOSED,1,0,1,1,0
2025-06-15 16:34:00,59640,29.52,50.3,28.44,47.7,29,50,OPEN,CLOSED,CLOSED,1,-1,1,1,0
2025-06-15 16:35:00,59700,29.48,50.2,28.41,47.6,29,50,OPEN,CLOSED,CLOSED,1,-1,1,1,0
2025-06-15 16:36:00,59760,29.44,50.2,28.38,47.5,29,50,OPEN,CLOSED,CLOSED,1,-1,1,1,0
2025-06-15 16:37:00,59820,29.40,50.2,28.35,47.5,29,50,OPEN,CLOSED,CLOSED,1,-1,1,1,0
2025-06-15 16:38:00,59880,29.36,50.1,28.32,47.4,29,50,OPEN,CLOSED,CLOSED,1,-1,1,1,0
2025-06-15 16:39:00,59940,29.32,50.1,28.29,47.3,29,50,OPEN,CLOSED,CLOSED,1,-1,1,1,0
2025-06-15 16:40:00,60000,29.28,50.1,28.26,47.3,29,50,OPEN,CLOSED,CLOSED,1,-1,1,1,0
2025-06-15 16:41:00,60060,29.25,50.1,28.24,47.2,29,50,OPEN,CLOSED,CLOSED,1,-1,1,1,0
2025-06-15 16:42:00,60120,29.22,50.0,28.21,47.1,29,50,OPEN,CLOSED,CLOSED,1,-1,1,1,0
2025-06-15 16:43:00,60180,29.18,50.0,28.18,47.1,29,50,OPEN,CLOSED,CLOSED,1,-1,1,1,0
2025-06-15 16:44:00,60240,29.14,50.0,28.15,47.0,29,50,OPEN,CLOSED,CLOSED,1,-1,1,1,0
2025-06-15 16:45:00,60300,29.10,49.9,28.12,46.9,29,50,OPEN,CLOSED,CLOSED,1,-1,1,1,0
2025-06-15 16:46:00,60360,29.06,49.9,28.09,46.8,29,50,OPEN,CLOSED,CLOSED,1,-1,1,1,0
2025-06-15 16:47:00,60420,29.02,49.9,28.06,46.8,29,50,OPEN,CLOSED,CLOSED,1,-1,1,1,0
2025-06-15 16:48:00,60480,28.98,49.8,28.03,46.7,29,50,OPEN,CLOSED,CLOSED,1,-1,1,1,0
2025-06-15 16:49:00,60540,28.96,49.8,28.01,46.6,29,50,OPEN,CLOSED,CLOSED,1,-1,1,1,0
2025-06-15 16:50:00,60600,28.92,49.8,27.98,46.6,29,50,OPEN,CLOSED,CLOSED,1,-1,1,1,0
2025-06-15 16:51:00,60660,29.48,50.7,28.55,47.7,29,50,OPEN,CLOSED,CLOSED,1,-1,1,1,0
2025-06-15 16:52:00,60720,29.43,50.7,28.51,47.7,29,50,OPEN,CLOSED,CLOSED,1,-1,1,1,0
2025-06-15 16:53:00,60780,29.39,50.7,28.48,47.6,29,50,OPEN,CLOSED,CLOSED,1,-1,1,1,0
2025-06-15 16:54:00,60840,29.34,50.7,28.44,47.6,29,50,OPEN,CLOSED,CLOSED,1,-1,1,1,0
2025-06-15 16:55:00,60900,29.30,50.6,28.41,47.5,29,51,OPEN,CLOSED,CLOSED,1,-1,1,1,0
2025-06-15 16:56:00,60960,29.27,50.7,28.38,47.5,29,51,OPEN,CLOSED,CLOSED,1,-1,1,1,0
2025-06-15 16:57:00,61020,29.22,50.6,28.34,47.4,29,51,OPEN,CLOSED,CLOSED,1,-1,1,1,0
2025-06-15 16:58:00,61080,29.18,50.7,28.31,47.4,29,51,OPEN,CLOSED,CLOSED,1,-1,1,1,0
2025-06-15 16:59:00,61140,29.13,50.6,28.27,47.3,29,51,OPEN,CLOSED,CLOSED,1,-1,1,1,0
2025-06-15 17:00:00,61200,29.09,50.6,28.24,47.3,29,51,OPEN,CLOSED,CLOSED,1,-1,1,1,0
2025-06-15 17:01:00,61260,29.02,50.8,28.18,47.4,29,51,OPEN,CLOSED,CLOSED,1,-1,1,1,0
2025-06-15 17:02:00,61320,28.41,49.8,27.57,46.1,29,50,OPEN,CLOSED,CLOSED,1,-1,1,1,0
2025-06-15 17:03:00,61380,28.34,50.0,27.51,46.3,29,50,OPEN,CLOSED,CLOSED,1,-1,1,1,0
2025-06-15 17:04:00,61440,28.26,50.2,27.44,46.4,29,50,OPEN,CLOSED,CLOSED,1,-1,1,1,0
2025-06-15 17:05:00,61500,28.19,50.4,27.38,46.6,28,50,OPEN,CLOSED,CLOSED,1,-1,1,1,0
2025-06-15 17:06:00,61560,28.12,50.5,27.32,46.7,28,50,OPEN,CLOSED,CLOSED,1,-1,1,1,0
2025-06-15 17:07:00,61620,28.05,50.8,27.26,46.9,28,50,OPEN,CLOSED,CLOSED,1,-1,1,1,0
2025-06-15 17:08:00,61680,27.99,50.9,27.20,47.0,28,50,OPEN,CLOSED,CLOSED,1,-1,1,1,0
2025-06-15 17:09:00,61740,27.92,51.2,27.14,47.2,28,51,OPEN,CLOSED,CLOSED,1,-1,1,1,0
2025-06-15 17:10:00,61800,27.84,51.3,27.07,47.3,28,51,OPEN,CLOSED,CLOSED,1,-1,1,1,0
2025-06-15 17:11:00,61860,27.77,51.5,27.01,47.5,28,51,OPEN,CLOSED,CLOSED,1,-1,1,1,0
2025-06-15 17:12:00,61920,27.70,51.7,26.95,47.6,28,51,OPEN,CLOSED,CLOSED,1,-1,1,1,0
2025-06-15 17:13:00,61980,28.12,53.4,27.37,49.5,28,52,OPEN,CLOSED,CLOSED,1,-1,1,1,0
2025-06-15 17:14:00,62040,28.05,53.5,27.31,49.6,28,52,OPEN,CLOSED,CLOSED,1,-1,1,1,0
2025-06-15 17:15:00,62100,27.97,53.8,27.24,49.8,28,53,OPEN,CLOSED,CLOSED,1,-1,1,1,0
2025-06-15 17:16:00,62160,27.89,54.0,27.17,50.0,28,53,OPEN,CLOSED,CLOSED,1,-1,1,1,0
2025-06-15 17:17:00,62220,27.82,54.1,27.11,50.1,28,53,OPEN,CLOSED,CLOSED,1,-1,1,1,0
2025-06-15 17:18:00,62280,27.75,54.4,27.04,50.3,28,54,OPEN,CLOSED,CLOSED,1,-1,1,1,0
2025-06-15 17:19:00,62340,27.67,54.6,26.97,50.5,28,54,OPEN,CLOSED,CLOSED,1,-1,1,1,0
2025-06-15 17:20:00,62400,27.60,54.9,26.91,50.7,28,54,OPEN,CLOSED,CLOSED,1,-1,1,1,0
2025-06-15 17:21:00,62460,27.52,55.0,26.84,50.8,28,54,OPEN,CLOSED,CLOSED,1,-1,1,1,0
2025-06-15 17:22:00,62520,27.45,55.3,26.77,51.0,28,55,OPEN,CLOSED,CLOSED,1,-1,1,1,0
2025-06-15 17:23:00,62580,27.38,55.5,26.71,51.2,27,55,OPEN,CLOSED,CLOSED,1,-1,1,1,0
2025-06-15 17:24:00,62640,27.30,55.6,26.64,51.3,27,55,OPEN,CLOSED,CLOSED,1,-1,1,1,0
2025-06-15 17:25:00,62700,27.22,55.9,26.57,51.5,27,55,OPEN,CLOSED,CLOSED,1,-1,1,1,0
2025-06-15 17:26:00,62760,27.15,56.1,26.51,51.7,27,55,OPEN,CLOSED,CLOSED,1,-1,1,1,0
2025-06-15 17:27:00,62820,27.08,56.4,26.44,51.9,27,56,OPEN,CLOSED,CLOSED,1,-1,1,1,0
2025-06-15 17:28:00,62880,27.01,56.5,26.38,52.0,27,56,OPEN,CLOSED,CLOSED,1,-1,1,1,0
2025-06-15 17:29:00,62940,26.93,56.8,26.31,52.2,27,56,OPEN,CLOSED,CLOSED,1,-1,1,1,0
2025-06-15 17:30:00,63000,26.85,57.0,26.24,52.4,27,56,OPEN,CLOSED,CLOSED,1,-1,1,1,0
2025-06-15 17:31:00,63060,26.73,57.4,26.12,52.7,27,56,OPEN,CLOSED,CLOSED,1,-1,1,1,0
2025-06-15 17:32:00,63120,26.57,57.8,25.97,53.1,27,57,OPEN,CLOSED,CLOSED,1,-1,1,1,0
2025-06-15 17:33:00,63180,26.41,58.3,25.82,53.5,27,57,OPEN,CLOSED,CLOSED,1,-1,1,1,0
2025-06-15 17:34:00,63240,26.26,58.8,25.67,53.9,27,58,OPEN,CLOSED,CLOSED,1,-1,1,1,0
2025-06-15 17:35:00,63300,26.10,59.3,25.52,54.3,26,58,OPEN,CLOSED,CLOSED,1,-1,1,1,0
2025-06-15 17:36:00,63360,25.95,59.7,25.38,54.7,26,59,OPEN,CLOSED,CLOSED,1,-1,1,1,0
2025-06-15 17:37:00,63420,25.79,60.1,25.23,55.0,26,59,OPEN,CLOSED,CLOSED,1,-1,1,1,0
2025-06-15 17:38:00,63480,25.64,60.6,25.08,55.4,26,59,OPEN,CLOSED,CLOSED,1,-1,1,1,0
2025-06-15 17:39:00,63540,25.48,61.1,24.93,55.8,26,60,OPEN,CLOSED,CLOSED,1,-1,1,1,0
2025-06-15 17:40:00,63600,25.33,61.5,24.79,56.2,26,60,OPEN,CLOSED,CLOSED,1,-1,1,1,0
2025-06-15 17:41:00,63660,33.73,100.0,24.64,56.6,25,61,CLOSED,CLOSED,CLOSED,0,-1,0,1,0
2025-06-15 17:42:00,63720,33.46,100.0,24.49,57.0,28,69,CLOSED,CLOSED,CLOSED,0,-1,0,1,0
2025-06-15 17:43:00,63780,33.20,100.0,24.35,57.4,31,77,MOVING_OPEN,MOVING_OPEN,MOVING_OPEN,3,2,3,1,0
2025-06-15 17:44:00,63840,24.46,60.8,24.20,57.8,30,77,OPEN,OPEN,MOVING_CLOSE,2,2,2,1,0
2025-06-15 17:45:00,63900,24.31,61.2,24.05,58.2,30,77,OPEN,OPEN,MOVING_CLOSE,2,2,2,1,0
2025-06-15 17:46:00,63960,24.16,61.6,23.90,58.6,27,77,OPEN,OPEN,MOVING_CLOSE,1,2,2,1,0
2025-06-15 17:47:00,64020,32.14,100.0,23.76,59.0,24,77,CLOSED,CLOSED,MOVING_CLOSE,0,2,0,1,0
2025-06-15 17:48:00,64080,31.87,100.0,23.61,59.4,27,77,CLOSED,CLOSED,CLOSED,0,2,0,1,0
2025-06-15 17:49:00,64140,31.61,100.0,23.46,59.8,29,77,MOVING_OPEN,MOVING_OPEN,CLOSED,1,2,2,1,0
2025-06-15 17:50:00,64200,23.56,63.4,23.32,60.2,29,77,OPEN,OPEN,CLOSED,1,2,2,1,0
2025-06-15 17:51:00,64260,23.41,63.9,23.17,60.6,26,78,OPEN,OPEN,MOVING_OPEN,1,3,3,1,0
2025-06-15 17:52:00,64320,23.26,64.3,23.02,61.0,26,78,OPEN,OPEN,MOVING_OPEN,1,3,3,1,0
2025-06-15 17:53:00,64380,30.57,100.0,22.88,61.4,23,78,CLOSED,CLOSED,MOVING_CLOSE,0,3,0,1,0
2025-06-15 17:54:00,64440,39.96,100.0,32.38,100.0,27,78,CLOSED,CLOSED,MOVING_CLOSE,0,3,0,1,0
2025-06-15 17:55:00,64500,22.81,65.7,22.58,62.2,31,78,OPEN,OPEN,MOVING_OPEN,3,3,3,1,0
2025-06-15 17:56:00,64560,22.65,66.1,22.43,62.6,30,79,OPEN,OPEN,MOVING_OPEN,2,3,3,1,0
2025-06-15 17:57:00,64620,22.03,61.4,21.81,57.6,27,78,OPEN,OPEN,MOVING_OPEN,1,3,3,1,0
2025-06-15 17:58:00,64680,21.73,59.0,21.67,57.9,22,77,MOVING_CLOSE,MOVING_CLOSE,OPEN,0,2,0,1,0
2025-06-15 17:59:00,64740,21.62,59.8,21.53,58.2,22,77,CLOSED,CLOSED,OPEN,0,2,0,1,0
2025-06-15 18:00:00,64800,21.48,60.2,21.39,58.6,22,69,CLOSED,CLOSED,OPEN,0,-1,0,1,0
2025-06-15 18:01:00,64860,28.09,100.0,21.28,59.0,22,61,CLOSED,CLOSED,MOVING_CLOSE,0,-1,0,1,0
2025-06-15 18:02:00,64920,27.86,100.0,21.16,59.4,24,68,CLOSED,CLOSED,MOVING_CLOSE,0,-1,0,1,0
2025-06-15 18:03:00,64980,27.64,100.0,21.04,59.9,26,76,CLOSED,CLOSED,MOVING_CLOSE,0,1,0,1,0
2025-06-15 18:04:00,65040,27.41,100.0,20.92,60.3,28,84,CLOSED,CLOSED,CLOSED,0,3,0,1,0
2025-06-15 18:05:00,65100,27.19,100.0,20.80,60.7,27,92,CLOSED,CLOSED,CLOSED,0,3,0,1,0
2025-06-15 18:06:00,65160,26.98,100.0,20.70,61.4,27,92,CLOSED,CLOSED,CLOSED,0,3,0,1,0
2025-06-15 18:07:00,65220,26.76,100.0,20.58,61.9,27,100,CLOSED,CLOSED,CLOSED,0,3,0,1,0
2025-06-15 18:08:00,65280,26.55,100.0,20.47,62.3,27,100,CLOSED,CLOSED,CLOSED,0,3,0,1,0
2025-06-15 18:09:00,65340,26.33,100.0,20.35,62.8,27,100,CLOSED,CLOSED,CLOSED,0,3,0,1,0
2025-06-15 18:10:00,65400,33.97,100.0,28.09,100.0,28,100,CLOSED,CLOSED,CLOSED,0,3,0,1,0
2025-06-15 18:11:00,65460,26.25,100.0,20.47,69.9,28,100,CLOSED,CLOSED,CLOSED,0,3,0,1,0
2025-06-15 18:12:00,65520,26.03,100.0,20.35,70.4,28,100,CLOSED,CLOSED,CLOSED,0,3,0,1,0
2025-06-15 18:13:00,65580,25.81,100.0,20.23,70.9,28,100,CLOSED,CLOSED,CLOSED,0,3,0,1,0
2025-06-15 18:14:00,65640,25.58,100.0,20.10,71.4,26,100,CLOSED,CLOSED,CLOSED,0,3,0,1,0
2025-06-15 18:15:00,65700,25.36,100.0,19.98,71.9,26,100,CLOSED,CLOSED,CLOSED,0,3,0,1,0
2025-06-15 18:16:00,65760,25.14,100.0,19.85,72.4,26,100,CLOSED,CLOSED,CLOSED,0,3,0,1,0
2025-06-15 18:17:00,65820,24.92,100.0,19.73,73.0,25,100,CLOSED,CLOSED,CLOSED,0,3,0,1,0
2025-06-15 18:18:00,65880,24.70,100.0,19.60,73.5,25,100,CLOSED,CLOSED,CLOSED,0,3,0,1,0
2025-06-15 18:19:00,65940,24.48,100.0,19.48,74.0,25,100,CLOSED,CLOSED,CLOSED,0,3,0,1,0
2025-06-15 18:20:00,66000,24.27,100.0,19.36,74.5,25,100,CLOSED,CLOSED,CLOSED,0,3,0,1,0
2025-06-15 18:21:00,66060,24.05,100.0,19.23,75.0,24,100,CLOSED,CLOSED,CLOSED,0,3,0,1,0
2025-06-15 18:22:00,66120,23.65,100.0,18.93,71.3,24,100,CLOSED,CLOSED,CLOSED,0,3,0,1,0
2025-06-15 18:23:00,66180,23.43,100.0,18.80,71.7,24,100,CLOSED,CLOSED,CLOSED,0,3,0,1,0
2025-06-15 18:24:00,66240,23.22,100.0,18.68,72.2,24,100,CLOSED,CLOSED,CLOSED,0,3,0,1,0
2025-06-15 18:25:00,66300,23.01,100.0,18.56,72.7,23,100,CLOSED,CLOSED,CLOSED,0,3,0,1,0
2025-06-15 18:26:00,66360,22.80,100.0,18.44,73.1,23,100,CLOSED,CLOSED,CLOSED,0,3,0,1,0
2025-06-15 18:27:00,66420,22.60,100.0,18.32,73.6,23,100,CLOSED,CLOSED,CLOSED,0,3,0,1,0
2025-06-15 18:28:00,66480,22.39,100.0,18.20,74.1,23,100,CLOSED,CLOSED,CLOSED,0,3,0,1,0
2025-06-15 18:29:00,66540,22.18,100.0,18.08,74.6,23,100,CLOSED,CLOSED,CLOSED,0,3,0,1,0
2025-06-15 18:30:00,66600,21.98,100.0,17.96,75.0,22,100,CLOSED,CLOSED,CLOSED,0,3,0,1,0
2025-06-15 18:31:00,66660,21.82,100.0,17.89,75.4,22,100,CLOSED,CLOSED,CLOSED,0,3,0,1,0
2025-06-15 18:32:00,66720,21.66,100.0,17.81,75.9,22,100,CLOSED,CLOSED,CLOSED,0,3,0,1,0
2025-06-15 18:33:00,66780,21.50,100.0,17.73,76.3,22,100,CLOSED,CLOSED,CLOSED,0,3,0,1,0
2025-06-15 18:34:00,66840,21.35,100.0,17.66,76.7,22,100,CLOSED,CLOSED,CLOSED,0,3,0,1,0
2025-06-15 18:35:00,66900,21.18,100.0,17.58,77.1,22,100,CLOSED,CLOSED,CLOSED,0,3,0,1,0
2025-06-15 18:36:00,66960,21.02,100.0,17.50,77.5,21,100,CLOSED,CLOSED,CLOSED,0,3,0,1,0
2025-06-15 18:37:00,67020,20.87,100.0,17.43,77.9,21,100,CLOSED,CLOSED,CLOSED,0,3,0,1,0
2025-06-15 18:38:00,67080,20.72,100.0,17.35,78.3,21,100,CLOSED,CLOSED,CLOSED,0,3,0,1,0
2025-06-15 18:39:00,67140,20.57,100.0,17.28,78.7,21,100,CLOSED,CLOSED,CLOSED,0,3,0,1,0
2025-06-15 18:40:00,67200,20.41,100.0,17.20,79.1,21,100,CLOSED,CLOSED,CLOSED,0,3,0,1,0
2025-06-15 18:41:00,67260,20.25,100.0,17.12,79.5,21,100,CLOSED,CLOSED,CLOSED,0,3,0,1,0
2025-06-15 18:42:00,67320,20.11,100.0,17.05,79.9,20,100,CLOSED,CLOSED,CLOSED,0,3,0,1,0
2025-06-15 18:43:00,67380,19.95,100.0,16.97,80.3,20,100,CLOSED,CLOSED,CLOSED,0,3,0,1,0
2025-06-15 18:44:00,67440,19.80,100.0,16.89,80.7,20,100,CLOSED,CLOSED,CLOSED,0,3,0,1,0
2025-06-15 18:45:00,67500,19.66,100.0,16.82,81.1,20,100,CLOSED,CLOSED,CLOSED,0,3,0,1,0
2025-06-15 18:46:00,67560,19.43,100.0,16.66,77.5,20,100,CLOSED,CLOSED,CLOSED,0,3,0,1,0
2025-06-15 18:47:00,67620,19.29,100.0,16.59,77.8,19,100,CLOSED,CLOSED,CLOSED,0,3,0,1,0
2025-06-15 18:48:00,67680,19.15,100.0,16.52,78.2,19,100,CLOSED,CLOSED,CLOSED,0,3,0,1,0
2025-06-15 18:49:00,67740,19.00,100.0,16.44,78.6,19,100,CLOSED,CLOSED,CLOSED,0,3,0,1,0
2025-06-15 18:50:00,67800,18.86,100.0,16.37,79.0,19,100,CLOSED,CLOSED,CLOSED,0,3,0,1,0
2025-06-15 18:51:00,67860,18.71,100.0,16.29,79.3,19,100,CLOSED,CLOSED,CLOSED,0,3,0,1,0
2025-06-15 18:52:00,67920,18.57,100.0,16.22,79.7,19,100,CLOSED,CLOSED,CLOSED,0,3,0,1,0
2025-06-15 18:53:00,67980,18.44,100.0,16.15,80.1,19,100,CLOSED,CLOSED,CLOSED,0,3,0,1,0
2025-06-15 18:54:00,68040,18.29,100.0,16.07,80.5,18,100,CLOSED,CLOSED,CLOSED,0,3,0,1,0
2025-06-15 18:55:00,68100,18.16,100.0,16.00,80.9,18,100,CLOSED,CLOSED,CLOSED,0,3,0,1,0
2025-06-15 18:56:00,68160,18.02,100.0,15.92,81.2,18,100,CLOSED,CLOSED,CLOSED,0,3,0,1,0
2025-06-15 18:57:00,68220,17.88,100.0,15.85,81.6,18,100,CLOSED,CLOSED,CLOSED,0,3,0,1,0
2025-06-15 18:58:00,68280,17.75,100.0,15.78,82.0,18,100,CLOSED,CLOSED,CLOSED,0,3,0,1,0
2025-06-15 18:59:00,68340,17.61,100.0,15.70,82.4,18,100,CLOSED,CLOSED,CLOSED,0,3,0,1,0
2025-06-15 19:00:00,68400,17.48,100.0,15.63,82.7,18,100,CLOSED,CLOSED,CLOSED,0,3,0,1,0
2025-06-15 19:01:00,68460,17.37,100.0,15.58,82.9,18,100,CLOSED,CLOSED,CLOSED,0,3,0,1,0
2025-06-15 19:02:00,68520,17.28,100.0,15.54,83.1,18,100,CLOSED,CLOSED,CLOSED,0,3,0,1,0
2025-06-15 19:03:00,68580,17.17,100.0,15.49,83.2,17,100,CLOSED,CLOSED,CLOSED,0,3,0,1,0
2025-06-15 19:04:00,68640,17.07,100.0,15.45,83.4,17,100,CLOSED,CLOSED,CLOSED,0,3,0,1,0
2025-06-15 19:05:00,68700,16.98,100.0,15.41,83.5,17,100,CLOSED,CLOSED,CLOSED,0,3,0,1,0
2025-06-15 19:06:00,68760,16.88,100.0,15.36,83.7,17,100,CLOSED,CLOSED,CLOSED,0,3,0,1,0
2025-06-15 19:07:00,68820,16.78,100.0,15.32,83.9,17,100,CLOSED,CLOSED,CLOSED,0,3,0,1,0
2025-06-15 19:08:00,68880,16.68,100.0,15.27,84.0,17,100,CLOSED,CLOSED,CLOSED,0,3,0,1,0
2025-06-15 19:09:00,68940,16.59,100.0,15.23,84.2,17,100,CLOSED,CLOSED,CLOSED,0,3,0,1,0
2025-06-15 19:10:00,69000,16.49,100.0,15.18,84.3,17,100,CLOSED,CLOSED,CLOSED,0,3,0,1,0
2025-06-15 19:11:00,69060,16.40,100.0,15.14,84.5,17,100,CLOSED,CLOSED,CLOSED,0,3,0,1,0
2025-06-15 19:12:00,69120,16.31,100.0,15.10,84.6,16,100,CLOSED,CLOSED,CLOSED,0,3,0,1,0
2025-06-15 19:13:00,69180,16.21,100.0,15.05,84.8,16,100,CLOSED,CLOSED,CLOSED,0,3,0,1,0
2025-06-15 19:14:00,69240,16.13,100.0,15.01,85.0,16,100,CLOSED,CLOSED,CLOSED,0,3,0,1,0
2025-06-15 19:15:00,69300,16.03,100.0,14.96,85.1,16,100,CLOSED,CLOSED,CLOSED,0,3,0,1,0
2025-06-15 19:16:00,69360,15.95,100.0,14.92,85.3,16,100,CLOSED,CLOSED,CLOSED,0,3,0,1,0
2025-06-15 19:17:00,69420,15.86,100.0,14.88,85.4,16,100,CLOSED,CLOSED,CLOSED,0,3,0,1,0
2025-06-15 19:18:00,69480,15.77,100.0,14.83,85.6,16,100,CLOSED,CLOSED,CLOSED,0,3,0,1,0
2025-06-15 19:19:00,69540,15.69,100.0,14.79,85.7,16,100,CLOSED,CLOSED,CLOSED,0,3,0,1,0
2025-06-15 19:20:00,69600,15.60,100.0,14.74,85.9,16,100,CLOSED,CLOSED,CLOSED,0,3,0,1,0
2025-06-15 19:21:00,69660,15.52,100.0,14.70,86.0,16,100,CLOSED,CLOSED,CLOSED,0,3,0,1,0
2025-06-15 19:22:00,69720,15.44,100.0,14.66,86.2,16,100,CLOSED,CLOSED,CLOSED,0,3,0,1,0
2025-06-15 19:23:00,69780,15.35,100.0,14.61,86.4,16,100,CLOSED,CLOSED,CLOSED,0,3,0,1,0
2025-06-15 19:24:00,69840,15.27,100.0,14.57,86.5,15,100,CLOSED,CLOSED,CLOSED,0,3,0,1,0
2025-06-15 19:25:00,69900,15.19,100.0,14.52,86.7,15,100,CLOSED,CLOSED,CLOSED,0,3,0,1,0
2025-06-15 19:26:00,69960,15.11,100.0,14.48,86.8,15,100,CLOSED,CLOSED,CLOSED,0,3,0,1,0
2025-06-15 19:27:00,70020,15.04,100.0,14.44,87.0,15,100,CLOSED,CLOSED,CLOSED,0,3,0,1,0
2025-06-15 19:28:00,70080,14.95,100.0,14.39,87.1,15,100,CLOSED,CLOSED,CLOSED,0,3,0,1,0
2025-06-15 19:29:00,70140,14.88,100.0,14.35,87.3,15,100,CLOSED,CLOSED,CLOSED,0,3,0,1,0
2025-06-15 19:30:00,70200,14.80,100.0,14.30,87.4,15,100,CLOSED,CLOSED,CLOSED,0,3,0,1,0
2025-06-15 19:31:00,70260,14.73,100.0,14.26,87.5,15,100,CLOSED,CLOSED,CLOSED,0,3,0,1,0
2025-06-15 19:32:00,70320,14.66,100.0,14.22,87.5,15,100,CLOSED,CLOSED,CLOSED,0,3,0,1,0
2025-06-15 19:33:00,70380,14.58,100.0,14.17,87.5,15,100,CLOSED,CLOSED,CLOSED,0,3,0,1,0
2025-06-15 19:34:00,70440,14.51,100.0,14.13,87.5,15,100,CLOSED,CLOSED,CLOSED,0,3,0,1,0
2025-06-15 19:35:00,70500,14.44,100.0,14.09,87.6,15,100,CLOSED,CLOSED,CLOSED,0,3,0,1,0
2025-06-15 19:36:00,70560,14.37,100.0,14.04,87.6,14,100,CLOSED,CLOSED,CLOSED,0,3,0,1,0
2025-06-15 19:37:00,70620,14.30,100.0,14.00,87.6,14,100,CLOSED,CLOSED,CLOSED,0,3,0,1,0
2025-06-15 19:38:00,70680,14.24,100.0,13.96,87.6,14,100,CLOSED,CLOSED,CLOSED,0,3,0,1,0
2025-06-15 19:39:00,70740,14.17,100.0,13.91,87.7,14,100,CLOSED,CLOSED,CLOSED,0,3,0,1,0
2025-06-15 19:40:00,70800,14.11,100.0,13.87,87.7,14,100,CLOSED,CLOSED,CLOSED,0,3,0,1,0
2025-06-15 19:41:00,70860,14.03,100.0,13.82,87.7,14,100,CLOSED,CLOSED,CLOSED,0,3,0,1,0
2025-06-15 19:42:00,70920,13.97,100.0,13.78,87.7,14,100,CLOSED,CLOSED,CLOSED,0,3,0,1,0
2025-06-15 19:43:00,70980,13.92,100.0,13.74,87.8,14,100,CLOSED,CLOSED,CLOSED,0,3,0,1,0
2025-06-15 19:44:00,71040,13.85,100.0,13.69,87.8,14,100,CLOSED,CLOSED,CLOSED,0,3,0,1,0
2025-06-15 19:45:00,71100,13.79,100.0,13.65,87.8,14,100,CLOSED,CLOSED,CLOSED,0,3,0,1,0
2025-06-15 19:46:00,71160,13.73,100.0,13.61,87.8,14,100,CLOSED,CLOSED,CLOSED,0,3,0,1,0
2025-06-15 19:47:00,71220,13.67,100.0,13.56,87.9,14,100,CLOSED,CLOSED,CLOSED,0,3,0,1,0
2025-06-15 19:48:00,71280,13.62,100.0,13.52,87.9,14,100,CLOSED,CLOSED,CLOSED,0,3,0,1,0
2025-06-15 19:49:00,71340,13.56,100.0,13.48,87.9,14,100,CLOSED,CLOSED,CLOSED,0,3,0,1,0
2025-06-15 19:50:00,71400,13.50,100.0,13.43,87.9,14,100,CLOSED,CLOSED,CLOSED,0,3,0,1,0
2025-06-15 19:51:00,71460,13.45,100.0,13.39,88.0,14,100,CLOSED,CLOSED,CLOSED,0,3,0,1,0
2025-06-15 19:52:00,71520,13.40,100.0,13.35,88.0,14,100,CLOSED,CLOSED,CLOSED,0,3,0,1,0
2025-06-15 19:53:00,71580,13.34,100.0,13.30,88.0,13,100,CLOSED,CLOSED,CLOSED,0,3,0,1,0
2025-06-15 19:54:00,71640,13.29,100.0,13.26,88.0,13,100,CLOSED,CLOSED,CLOSED,0,3,0,1,0
2025-06-15 19:55:00,71700,13.24,100.0,13.22,88.1,13,100,CLOSED,CLOSED,CLOSED,0,3,0,1,0
2025-06-15 19:56:00,71760,13.19,100.0,13.17,88.1,13,100,CLOSED,CLOSED,CLOSED,0,3,0,1,0
2025-06-15 19:57:00,71820,13.14,100.0,13.13,88.1,13,100,CLOSED,CLOSED,CLOSED,0,3,0,1,0
2025-06-15 19:58:00,71880,13.10,100.0,13.09,88.1,13,100,CLOSED,CLOSED,CLOSED,0,3,0,1,0
2025-06-15 19:59:00,71940,13.04,100.0,13.04,88.1,13,100,CLOSED,CLOSED,CLOSED,0,3,0,1,0
2025-06-15 20:00:00,72000,13.00,100.0,13.00,88.2,13,100,CLOSED,CLOSED,CLOSED,0,3,0,1,0
2025-06-15 20:01:00,72060,12.98,100.0,12.98,88.2,13,100,CLOSED,CLOSED,CLOSED,0,3,0,1,0
2025-06-15 20:02:00,72120,12.96,100.0,12.96,88.3,13,100,CLOSED,CLOSED,CLOSED,0,3,0,1,0
2025-06-15 20:03:00,72180,12.94,100.0,12.94,94.1,13,100,CLOSED,CLOSED,CLOSED,0,3,0,0,0
2025-06-15 20:04:00,72240,12.92,100.0,12.92,94.1,13,100,CLOSED,CLOSED,CLOSED,0,3,0,0,0
2025-06-15 20:05:00,72300,12.90,100.0,12.90,94.2,13,100,CLOSED,CLOSED,CLOSED,0,3,0,0,0
2025-06-15 20:06:00,72360,12.88,100.0,12.88,94.2,13,100,CLOSED,CLOSED,CLOSED,0,3,0,0,0
2025-06-15 20:07:00,72420,12.86,100.0,12.86,94.3,13,100,CLOSED,CLOSED,CLOSED,0,3,0,0,0
2025-06-15 20:08:00,72480,12.84,100.0,12.84,94.3,13,100,CLOSED,CLOSED,CLOSED,0,3,0,0,0
2025-06-15 20:09:00,72540,12.82,100.0,12.82,94.3,13,100,CLOSED,CLOSED,CLOSED,0,3,0,0,0
2025-06-15 20:10:00,72600,12.80,100.0,12.80,94.4,13,100,CLOSED,CLOSED,CLOSED,0,3,0,0,0
2025-06-15 20:11:00,72660,12.78,100.0,12.78,94.4,13,100,CLOSED,CLOSED,CLOSED,0,3,0,0,0
2025-06-15 20:12:00,72720,12.76,100.0,12.76,94.5,13,100,CLOSED,CLOSED,CLOSED,0,3,0,0,0
2025-06-15 20:13:00,72780,12.74,100.0,12.74,94.5,13,100,CLOSED,CLOSED,CLOSED,0,3,0,0,0
2025-06-15 20:14:00,72840,12.72,100.0,12.72,94.6,13,100,CLOSED,CLOSED,CLOSED,0,3,0,0,0
2025-06-15 20:15:00,72900,12.70,100.0,12.70,94.6,13,100,CLOSED,CLOSED,CLOSED,0,3,0,0,0
2025-06-15 20:16:00,72960,12.68,100.0,12.68,88.8,13,100,CLOSED,CLOSED,CLOSED,0,3,0,0,0
2025-06-15 20:17:00,73020,12.66,100.0,12.66,88.8,13,100,CLOSED,CLOSED,CLOSED,0,3,0,0,0
2025-06-15 20:18:00,73080,12.64,100.0,12.64,88.9,13,100,CLOSED,CLOSED,CLOSED,0,3,0,0,0
2025-06-15 20:19:00,73140,12.62,100.0,12.62,88.9,13,100,CLOSED,CLOSED,CLOSED,0,3,0,0,0
2025-06-15 20:20:00,73200,12.60,100.0,12.60,89.0,13,100,CLOSED,CLOSED,CLOSED,0,3,0,0,0
2025-06-15 20:21:00,73260,12.58,100.0,12.58,89.0,13,100,CLOSED,CLOSED,CLOSED,0,3,0,0,0
2025-06-15 20:22:00,73320,12.56,100.0,12.56,89.0,13,100,CLOSED,CLOSED,CLOSED,0,3,0,0,0
2025-06-15 20:23:00,73380,12.54,100.0,12.54,89.1,13,100,CLOSED,CLOSED,CLOSED,0,3,0,0,0
2025-06-15 20:24:00,73440,12.52,100.0,12.52,89.1,13,100,CLOSED,CLOSED,CLOSED,0,3,0,0,0
2025-06-15 20:25:00,73500,12.50,100.0,12.50,89.2,13,100,CLOSED,CLOSED,CLOSED,0,3,0,0,0
2025-06-15 20:26:00,73560,12.48,100.0,12.48,89.2,13,100,CLOSED,CLOSED,CLOSED,0,3,0,0,0
2025-06-15 20:27:00,73620,12.46,100.0,12.46,89.2,12,100,CLOSED,CLOSED,CLOSED,0,3,0,0,0
2025-06-15 20:28:00,73680,12.44,100.0,12.44,89.3,12,100,CLOSED,CLOSED,CLOSED,0,3,0,0,0
2025-06-15 20:29:00,73740,12.42,100.0,12.42,95.3,12,100,CLOSED,CLOSED,CLOSED,0,3,0,0,0
2025-06-15 20:30:00,73800,12.40,100.0,12.40,95.3,12,100,CLOSED,CLOSED,CLOSED,0,3,0,0,0
2025-06-15 20:31:00,73860,12.37,100.0,12.37,95.4,12,100,CLOSED,CLOSED,CLOSED,0,3,0,0,0
2025-06-15 20:32:00,73920,12.35,100.0,12.35,95.5,12,100,CLOSED,CLOSED,CLOSED,0,3,0,0,0
2025-06-15 20:33:00,73980,12.32,100.0,12.32,95.6,12,100,CLOSED,CLOSED,CLOSED,0,3,0,0,0
2025-06-15 20:34:00,74040,12.29,100.0,12.29,95.6,12,100,CLOSED,CLOSED,CLOSED,0,3,0,0,0
2025-06-15 20:35:00,74100,12.27,100.0,12.27,95.7,12,100,CLOSED,CLOSED,CLOSED,0,3,0,0,0
2025-06-15 20:36:00,74160,12.24,100.0,12.24,95.8,12,100,CLOSED,CLOSED,CLOSED,0,3,0,0,0
2025-06-15 20:37:00,74220,12.21,100.0,12.21,95.9,12,100,CLOSED,CLOSED,CLOSED,0,3,0,0,0
2025-06-15 20:38:00,74280,12.19,100.0,12.19,95.9,12,100,CLOSED,CLOSED,CLOSED,0,3,0,0,0
2025-06-15 20:39:00,74340,12.16,100.0,12.16,96.0,12,100,CLOSED,CLOSED,CLOSED,0,3,0,0,0
2025-06-15 20:40:00,74400,12.13,100.0,12.13,96.1,12,100,CLOSED,CLOSED,CLOSED,0,3,0,0,0
2025-06-15 20:41:00,74460,12.11,100.0,12.11,96.1,12,100,CLOSED,CLOSED,CLOSED,0,3,0,0,0
2025-06-15 20:42:00,74520,12.08,100.0,12.08,90.1,12,100,CLOSED,CLOSED,CLOSED,0,3,0,0,0
2025-06-15 20:43:00,74580,12.05,100.0,12.05,90.2,12,100,CLOSED,CLOSED,CLOSED,0,3,0,0,0
2025-06-15 20:44:00,74640,12.03,100.0,12.03,90.2,12,100,CLOSED,CLOSED,CLOSED,0,3,0,0,0
2025-06-15 20:45:00,74700,12.00,100.0,12.00,90.3,12,100,CLOSED,CLOSED,CLOSED,0,3,0,0,0
2025-06-15 20:46:00,74760,11.97,100.0,11.97,90.3,12,100,CLOSED,CLOSED,CLOSED,0,3,0,0,0
2025-06-15 20:47:00,74820,11.95,100.0,11.95,90.4,12,100,CLOSED,CLOSED,CLOSED,0,3,0,0,0
2025-06-15 20:48:00,74880,11.92,100.0,11.92,90.5,12,100,CLOSED,CLOSED,CLOSED,0,3,0,0,0
2025-06-15 20:49:00,74940,11.89,100.0,11.89,90.5,12,100,CLOSED,CLOSED,CLOSED,0,3,0,0,0
2025-06-15 20:50:00,75000,11.87,100.0,11.87,90.6,12,100,CLOSED,CLOSED,CLOSED,0,3,0,0,0
2025-06-15 20:51:00,75060,11.84,100.0,11.84,90.7,12,100,CLOSED,CLOSED,CLOSED,0,3,0,0,0
2025-06-15 20:52:00,75120,11.81,100.0,11.81,90.7,12,100,CLOSED,CLOSED,CLOSED,0,3,0,0,0
2025-06-15 20:53:00,75180,11.79,100.0,11.79,90.8,12,100,CLOSED,CLOSED,CLOSED,0,3,0,0,0
2025-06-15 20:54:00,75240,11.76,100.0,11.76,90.8,12,100,CLOSED,CLOSED,CLOSED,0,3,0,0,0
2025-06-15 20:55:00,75300,11.73,100.0,11.73,90.9,12,100,CLOSED,CLOSED,CLOSED,0,3,0,0,0
2025-06-15 20:56:00,75360,11.71,100.0,11.71,91.0,12,100,CLOSED,CLOSED,CLOSED,0,3,0,0,0
2025-06-15 20:57:00,75420,11.68,100.0,11.68,91.0,12,100,CLOSED,CLOSED,CLOSED,0,3,0,0,0
2025-06-15 20:58:00,75480,11.65,100.0,11.65,91.1,12,100,CLOSED,CLOSED,CLOSED,0,3,0,0,0
2025-06-15 20:59:00,75540,11.63,100.0,11.63,91.1,12,100,CLOSED,CLOSED,CLOSED,0,3,0,0,0
2025-06-15 21:00:00,75600,11.60,100.0,11.60,91.2,12,100,CLOSED,CLOSED,CLOSED,0,3,0,0,0
2025-06-15 21:01:00,75660,11.59,100.0,11.59,91.2,12,100,CLOSED,CLOSED,CLOSED,0,3,0,0,0
2025-06-15 21:02:00,75720,11.59,100.0,11.59,91.2,12,100,CLOSED,CLOSED,CLOSED,0,3,0,0,0
2025-06-15 21:03:00,75780,11.58,100.0,11.58,91.3,12,100,CLOSED,CLOSED,CLOSED,0,3,0,0,0
2025-06-15 21:04:00,75840,11.57,100.0,11.57,91.3,12,100,CLOSED,CLOSED,CLOSED,0,3,0,0,0
2025-06-15 21:05:00,75900,11.57,100.0,11.57,91.3,12,100,CLOSED,CLOSED,CLOSED,0,3,0,0,0
2025-06-15 21:06:00,75960,11.56,100.0,11.56,91.3,12,100,CLOSED,CLOSED,CLOSED,0,3,0,0,0
2025-06-15 21:07:00,76020,11.55,100.0,11.55,91.4,12,100,CLOSED,CLOSED,CLOSED,0,3,0,0,0
2025-06-15 21:08:00,76080,11.55,100.0,11.55,91.4,12,100,CLOSED,CLOSED,CLOSED,0,3,0,0,0
2025-06-15 21:09:00,76140,11.54,100.0,11.54,91.4,12,100,CLOSED,CLOSED,CLOSED,0,3,0,0,0
2025-06-15 21:10:00,76200,11.53,100.0,11.53,91.4,12,100,CLOSED,CLOSED,CLOSED,0,3,0,0,0
2025-06-15 21:11:00,76260,11.53,100.0,11.53,91.4,12,100,CLOSED,CLOSED,CLOSED,0,3,0,0,0
2025-06-15 21:12:00,76320,11.52,100.0,11.52,91.5,12,100,CLOSED,CLOSED,CLOSED,0,3,0,0,0
2025-06-15 21:13:00,76380,11.51,100.0,11.51,91.5,12,100,CLOSED,CLOSED,CLOSED,0,3,0,0,0
2025-06-15 21:14:00,76440,11.51,100.0,11.51,91.5,12,100,CLOSED,CLOSED,CLOSED,0,3,0,0,0
2025-06-15 21:15:00,76500,11.50,100.0,11.50,91.5,12,100,CLOSED,CLOSED,CLOSED,0,3,0,0,0
2025-06-15 21:16:00,76560,11.49,100.0,11.49,91.5,12,100,CLOSED,CLOSED,CLOSED,0,3,0,0,0
2025-06-15 21:17:00,76620,11.49,100.0,11.49,91.6,11,100,CLOSED,CLOSED,CLOSED,0,3,0,0,0
2025-06-15 21:18:00,76680,11.48,100.0,11.48,91.6,11,100,CLOSED,CLOSED,CLOSED,0,3,0,0,0
2025-06-15 21:19:00,76740,11.47,100.0,11.47,91.6,11,100,CLOSED,CLOSED,CLOSED,0,3,0,0,0
2025-06-15 21:20:00,76800,11.47,100.0,11.47,91.6,11,100,CLOSED,CLOSED,CLOSED,0,3,0,0,0
2025-06-15 21:21:00,76860,11.46,100.0,11.46,91.6,11,100,CLOSED,CLOSED,CLOSED,0,3,0,0,0
2025-06-15 21:22:00,76920,11.45,100.0,11.45,91.7,11,100,CLOSED,CLOSED,CLOSED,0,3,0,0,0
2025-06-15 21:23:00,76980,11.45,100.0,11.45,91.7,11,100,CLOSED,CLOSED,CLOSED,0,3,0,0,0
2025-06-15 21:24:00,77040,11.44,100.0,11.44,91.7,11,100,CLOSED,CLOSED,CLOSED,0,3,0,0,0
2025-06-15 21:25:00,77100,11.43,100.0,11.43,91.7,11,100,CLOSED,CLOSED,CLOSED,0,3,0,0,0
2025-06-15 21:26:00,77160,11.43,100.0,11.43,91.8,11,100,CLOSED,CLOSED,CLOSED,0,3,0,0,0
2025-06-15 21:27:00,77220,11.42,100.0,11.42,91.8,11,100,CLOSED,CLOSED,CLOSED,0,3,0,0,0
2025-06-15 21:28:00,77280,11.41,100.0,11.41,91.8,11,100,CLOSED,CLOSED,CLOSED,0,3,0,0,0
2025-06-15 21:29:00,77340,11.41,100.0,11.41,91.8,11,100,CLOSED,CLOSED,CLOSED,0,3,0,0,0
2025-06-15 21:30:00,77400,11.40,100.0,11.40,91.8,11,100,CLOSED,CLOSED,CLOSED,0,3,0,0,0
2025-06-15 21:31:00,77460,11.40,100.0,11.40,91.9,11,100,CLOSED,CLOSED,CLOSED,0,3,0,0,0
2025-06-15 21:32:00,77520,11.39,100.0,11.39,91.9,11,100,CLOSED,CLOSED,CLOSED,0,3,0,0,0
2025-06-15 21:33:00,77580,11.39,100.0,11.39,91.9,11,100,CLOSED,CLOSED,CLOSED,0,3,0,0,0
2025-06-15 21:34:00,77640,11.39,100.0,11.39,91.9,11,100,CLOSED,CLOSED,CLOSED,0,3,0,0,0
2025-06-15 21:35:00,77700,11.38,100.0,11.38,92.0,11,100,CLOSED,CLOSED,CLOSED,0,3,0,0,0
2025-06-15 21:36:00,77760,11.38,100.0,11.38,92.0,11,100,CLOSED,CLOSED,CLOSED,0,3,0,0,0
2025-06-15 21:37:00,77820,11.38,100.0,11.38,92.0,11,100,CLOSED,CLOSED,CLOSED,0,3,0,0,0
2025-06-15 21:38:00,77880,11.37,100.0,11.37,92.0,11,100,CLOSED,CLOSED,CLOSED,0,3,0,0,0
2025-06-15 21:39:00,77940,11.37,100.0,11.37,92.1,11,100,CLOSED,CLOSED,CLOSED,0,3,0,0,0
2025-06-15 21:40:00,78000,11.37,100.0,11.37,92.1,11,100,CLOSED,CLOSED,CLOSED,0,3,0,0,0
2025-06-15 21:41:00,78060,11.36,100.0,11.36,92.1,11,100,CLOSED,CLOSED,CLOSED,0,3,0,0,0
2025-06-15 21:42:00,78120,11.36,100.0,11.36,92.1,11,100,CLOSED,CLOSED,CLOSED,0,3,0,0,0
2025-06-15 21:43:00,78180,11.36,100.0,11.36,92.1,11,100,CLOSED,CLOSED,CLOSED,0,3,0,0,0
2025-06-15 21:44:00,78240,11.35,100.0,11.35,92.2,11,100,CLOSED,CLOSED,CLOSED,0,3,0,0,0
2025-06-15 21:45:00,78300,11.35,100.0,11.35,92.2,11,100,CLOSED,CLOSED,CLOSED,0,3,0,0,0
2025-06-15 21:46:00,78360,11.35,100.0,11.35,92.2,11,100,CLOSED,CLOSED,CLOSED,0,3,0,0,0
2025-06-15 21:47:00,78420,11.34,100.0,11.34,92.2,11,100,CLOSED,CLOSED,CLOSED,0,3,0,0,0
2025-06-15 21:48:00,78480,11.34,100.0,11.34,92.3,11,100,CLOSED,CLOSED,CLOSED,0,3,0,0,0
2025-06-15 21:49:00,78540,11.34,100.0,11.34,92.3,11,100,CLOSED,CLOSED,CLOSED,0,3,0,0,0
2025-06-15 21:50:00,78600,11.33,100.0,11.33,92.3,11,100,CLOSED,CLOSED,CLOSED,0,3,0,0,0
2025-06-15 21:51:00,78660,11.33,100.0,11.33,92.3,11,100,CLOSED,CLOSED,CLOSED,0,3,0,0,0
2025-06-15 21:52:00,78720,11.33,100.0,11.33,92.4,11,100,CLOSED,CLOSED,CLOSED,0,3,0,0,0
2025-06-15 21:53:00,78780,11.32,100.0,11.32,92.4,11,100,CLOSED,CLOSED,CLOSED,0,3,0,0,0
2025-06-15 21:54:00,78840,11.32,100.0,11.32,92.4,11,100,CLOSED,CLOSED,CLOSED,0,3,0,0,0
2025-06-15 21:55:00,78900,11.32,100.0,11.32,92.4,11,100,CLOSED,CLOSED,CLOSED,0,3,0,0,0
2025-06-15 21:56:00,78960,11.31,100.0,11.31,92.5,11,100,CLOSED,CLOSED,CLOSED,0,3,0,0,0
2025-06-15 21:57:00,79020,11.31,100.0,11.31,92.5,11,100,CLOSED,CLOSED,CLOSED,0,3,0,0,0
2025-06-15 21:58:00,79080,11.31,100.0,11.31,92.5,11,100,CLOSED,CLOSED,CLOSED,0,3,0,0,0
2025-06-15 21:59:00,79140,11.30,100.0,11.30,92.5,11,100,CLOSED,CLOSED,CLOSED,0,3,0,0,0
2025-06-15 22:00:00,79200,11.30,100.0,11.30,92.6,11,100,CLOSED,CLOSED,CLOSED,0,3,0,0,0
2025-06-15 22:01:00,79260,11.29,100.0,11.29,92.6,11,100,CLOSED,CLOSED,CLOSED,0,3,0,0,0
2025-06-15 22:02:00,79320,11.29,100.0,11.29,92.6,11,100,CLOSED,CLOSED,CLOSED,0,3,0,0,0
2025-06-15 22:03:00,79380,11.28,100.0,11.28,92.6,11,100,CLOSED,CLOSED,CLOSED,0,3,0,0,0
2025-06-15 22:04:00,79440,11.27,100.0,11.27,92.6,11,100,CLOSED,CLOSED,CLOSED,0,3,0,0,0
2025-06-15 22:05:00,79500,11.27,100.0,11.27,92.6,11,100,CLOSED,CLOSED,CLOSED,0,3,0,0,0
2025-06-15 22:06:00,79560,11.26,100.0,11.26,92.6,11,100,CLOSED,CLOSED,CLOSED,0,3,0,0,0
2025-06-15 22:07:00,79620,11.25,100.0,11.25,92.6,11,100,CLOSED,CLOSED,CLOSED,0,3,0,0,0
2025-06-15 22:08:00,79680,11.25,100.0,11.25,92.6,11,100,CLOSED,CLOSED,CLOSED,0,3,0,0,0
2025-06-15 22:09:00,79740,11.24,100.0,11.24,92.6,11,100,CLOSED,CLOSED,CLOSED,0,3,0,0,0
2025-06-15 22:10:00,79800,11.23,100.0,11.23,92.6,11,100,CLOSED,CLOSED,CLOSED,0,3,0,0,0
2025-06-15 22:11:00,79860,11.23,100.0,11.23,92.6,11,100,CLOSED,CLOSED,CLOSED,0,3,0,0,0
2025-06-15 22:12:00,79920,11.22,100.0,11.22,92.6,11,100,CLOSED,CLOSED,CLOSED,0,3,0,0,0
2025-06-15 22:13:00,79980,11.21,100.0,11.21,92.6,11,100,CLOSED,CLOSED,CLOSED,0,3,0,0,0
2025-06-15 22:14:00,80040,11.21,100.0,11.21,92.6,11,100,CLOSED,CLOSED,CLOSED,0,3,0,0,0
2025-06-15 22:15:00,80100,11.20,100.0,11.20,92.6,11,100,CLOSED,CLOSED,CLOSED,0,3,0,0,0
2025-06-15 22:16:00,80160,11.19,100.0,11.19,92.6,11,100,CLOSED,CLOSED,CLOSED,0,3,0,0,0
2025-06-15 22:17:00,80220,11.19,100.0,11.19,92.6,11,100,CLOSED,CLOSED,CLOSED,0,3,0,0,0
2025-06-15 22:18:00,80280,11.18,100.0,11.18,92.6,11,100,CLOSED,CLOSED,CLOSED,0,3,0,0,0
2025-06-15 22:19:00,80340,11.17,100.0,11.17,92.6,11,100,CLOSED,CLOSED,CLOSED,0,3,0,0,0
2025-06-15 22:20:00,80400,11.17,100.0,11.17,92.6,11,100,CLOSED,CLOSED,CLOSED,0,3,0,0,0
2025-06-15 22:21:00,80460,11.16,100.0,11.16,92.7,11,100,CLOSED,CLOSED,CLOSED,0,3,0,0,0
2025-06-15 22:22:00,80520,11.15,100.0,11.15,92.7,11,100,CLOSED,CLOSED,CLOSED,0,3,0,0,0
2025-06-15 22:23:00,80580,11.15,100.0,11.15,92.7,11,100,CLOSED,CLOSED,CLOSED,0,3,0,0,0
2025-06-15 22:24:00,80640,11.14,100.0,11.14,92.7,11,100,CLOSED,CLOSED,CLOSED,0,3,0,0,0
2025-06-15 22:25:00,80700,11.13,100.0,11.13,92.7,11,100,CLOSED,CLOSED,CLOSED,0,3,0,0,0
2025-06-15 22:26:00,80760,11.13,100.0,11.13,92.7,11,100,CLOSED,CLOSED,CLOSED,0,3,0,0,0
2025-06-15 22:27:00,80820,11.12,100.0,11.12,92.7,11,100,CLOSED,CLOSED,CLOSED,0,3,0,0,0
2025-06-15 22:28:00,80880,11.11,100.0,11.11,92.7,11,100,CLOSED,CLOSED,CLOSED,0,3,0,0,0
2025-06-15 22:29:00,80940,11.11,100.0,11.11,92.7,11,100,CLOSED,CLOSED,CLOSED,0,3,0,0,0
2025-06-15 22:30:00,81000,11.10,100.0,11.10,92.7,11,100,CLOSED,CLOSED,CLOSED,0,3,0,0,0
2025-06-15 22:31:00,81060,11.10,100.0,11.10,92.7,11,100,CLOSED,CLOSED,CLOSED,0,3,0,0,0
2025-06-15 22:32:00,81120,11.10,100.0,11.10,92.7,11,100,CLOSED,CLOSED,CLOSED,0,3,0,0,0
2025-06-15 22:33:00,81180,11.10,100.0,11.10,92.8,11,100,CLOSED,CLOSED,CLOSED,0,3,0,0,0
2025-06-15 22:34:00,81240,11.10,100.0,11.10,92.8,11,100,CLOSED,CLOSED,CLOSED,0,3,0,0,0
2025-06-15 22:35:00,81300,11.10,100.0,11.10,92.8,11,100,CLOSED,CLOSED,CLOSED,0,3,0,0,0
2025-06-15 22:36:00,81360,11.10,100.0,11.10,92.9,11,100,CLOSED,CLOSED,CLOSED,0,3,0,0,0
2025-06-15 22:37:00,81420,11.10,100.0,11.10,92.9,11,100,CLOSED,CLOSED,CLOSED,0,3,0,0,0
2025-06-15 22:38:00,81480,11.10,100.0,11.10,92.9,11,100,CLOSED,CLOSED,CLOSED,0,3,0,0,0
2025-06-15 22:39:00,81540,11.10,100.0,11.10,92.9,11,100,CLOSED,CLOSED,CLOSED,0,3,0,0,0
2025-06-15 22:40:00,81600,11.10,100.0,11.10,93.0,11,100,CLOSED,CLOSED,CLOSED,0,3,0,0,0
2025-06-15 22:41:00,81660,11.10,100.0,11.10,93.0,11,100,CLOSED,CLOSED,CLOSED,0,3,0,0,0
2025-06-15 22:42:00,81720,11.10,100.0,11.10,93.0,11,100,CLOSED,CLOSED,CLOSED,0,3,0,0,0
2025-06-15 22:43:00,81780,11.10,100.0,11.10,93.0,11,100,CLOSED,CLOSED,CLOSED,0,3,0,0,0
2025-06-15 22:44:00,81840,11.10,100.0,11.10,93.1,11,100,CLOSED,CLOSED,CLOSED,0,3,0,0,0
2025-06-15 22:45:00,81900,11.10,100.0,11.10,93.1,11,100,CLOSED,CLOSED,CLOSED,0,3,0,0,0
2025-06-15 22:46:00,81960,11.10,100.0,11.10,93.1,11,100,CLOSED,CLOSED,CLOSED,0,3,0,0,0
2025-06-15 22:47:00,82020,11.10,100.0,11.10,93.1,11,100,CLOSED,CLOSED,CLOSED,0,3,0,0,0
2025-06-15 22:48:00,82080,11.10,100.0,11.10,93.2,11,100,CLOSED,CLOSED,CLOSED,0,3,0,0,0
2025-06-15 22:49:00,82140,11.10,100.0,11.10,93.2,11,100,CLOSED,CLOSED,CLOSED,0,3,0,0,0
2025-06-15 22:50:00,82200,11.10,100.0,11.10,93.2,11,100,CLOSED,CLOSED,CLOSED,0,3,0,0,0
2025-06-15 22:51:00,82260,11.10,100.0,11.10,93.3,11,100,CLOSED,CLOSED,CLOSED,0,3,0,0,0
2025-06-15 22:52:00,82320,11.10,100.0,11.10,93.3,11,100,CLOSED,CLOSED,CLOSED,0,3,0,0,0
2025-06-15 22:53:00,82380,11.10,100.0,11.10,93.3,11,100,CLOSED,CLOSED,CLOSED,0,3,0,0,0
2025-06-15 22:54:00,82440,11.10,100.0,11.10,93.3,11,100,CLOSED,CLOSED,CLOSED,0,3,0,0,0
2025-06-15 22:55:00,82500,11.10,100.0,11.10,93.4,11,100,CLOSED,CLOSED,CLOSED,0,3,0,0,0
2025-06-15 22:56:00,82560,11.10,100.0,11.10,93.4,11,100,CLOSED,CLOSED,CLOSED,0,3,0,0,0
2025-06-15 22:57:00,82620,11.10,100.0,11.10,93.4,11,100,CLOSED,CLOSED,CLOSED,0,3,0,0,0
2025-06-15 22:58:00,82680,11.10,100.0,11.10,93.4,11,100,CLOSED,CLOSED,CLOSED,0,3,0,0,0
2025-06-15 22:59:00,82740,11.10,100.0,11.10,93.5,11,100,CLOSED,CLOSED,CLOSED,0,3,0,0,0
2025-06-15 23:00:00,82800,11.10,100.0,11.10,93.5,11,100,CLOSED,CLOSED,CLOSED,0,3,0,0,0
2025-06-15 23:01:00,82860,11.11,100.0,11.11,93.5,11,100,CLOSED,CLOSED,CLOSED,0,3,0,0,0
2025-06-15 23:02:00,82920,11.11,100.0,11.11,93.5,11,100,CLOSED,CLOSED,CLOSED,0,3,0,0,0
2025-06-15 23:03:00,82980,11.12,100.0,11.12,93.5,11,100,CLOSED,CLOSED,CLOSED,0,3,0,0,0
2025-06-15 23:04:00,83040,11.13,100.0,11.13,93.5,11,100,CLOSED,CLOSED,CLOSED,0,3,0,0,0
2025-06-15 23:05:00,83100,11.13,100.0,11.13,93.5,11,100,CLOSED,CLOSED,CLOSED,0,3,0,0,0
2025-06-15 23:06:00,83160,11.14,100.0,11.14,93.5,11,100,CLOSED,CLOSED,CLOSED,0,3,0,0,0
2025-06-15 23:07:00,83220,11.15,100.0,11.15,93.6,11,100,CLOSED,CLOSED,CLOSED,0,3,0,0,0
2025-06-15 23:08:00,83280,11.15,100.0,11.15,93.6,11,100,CLOSED,CLOSED,CLOSED,0,3,0,0,0
2025-06-15 23:09:00,83340,11.16,100.0,11.16,93.6,11,100,CLOSED,CLOSED,CLOSED,0,3,0,0,0
2025-06-15 23:10:00,83400,11.17,100.0,11.17,93.6,11,100,CLOSED,CLOSED,CLOSED,0,3,0,0,0
2025-06-15 23:11:00,83460,11.17,100.0,11.17,93.6,11,100,CLOSED,CLOSED,CLOSED,0,3,0,0,0
2025-06-15 23:12:00,83520,11.18,100.0,11.18,93.6,11,100,CLOSED,CLOSED,CLOSED,0,3,0,0,0
2025-06-15 23:13:00,83580,11.19,100.0,11.19,93.6,11,100,CLOSED,CLOSED,CLOSED,0,3,0,0,0
2025-06-15 23:14:00,83640,11.19,100.0,11.19,93.6,11,100,CLOSED,CLOSED,CLOSED,0,3,0,0,0
2025-06-15 23:15:00,83700,11.20,100.0,11.20,93.6,11,100,CLOSED,CLOSED,CLOSED,0,3,0,0,0
2025-06-15 23:16:00,83760,11.21,100.0,11.21,93.6,11,100,CLOSED,CLOSED,CLOSED,0,3,0,0,0
2025-06-15 23:17:00,83820,11.21,100.0,11.21,93.6,11,100,CLOSED,CLOSED,CLOSED,0,3,0,0,0
2025-06-15 23:18:00,83880,11.22,100.0,11.22,93.7,11,100,CLOSED,CLOSED,CLOSED,0,3,0,0,0
2025-06-15 23:19:00,83940,11.23,100.0,11.23,93.7,11,100,CLOSED,CLOSED,CLOSED,0,3,0,0,0
2025-06-15 23:20:00,84000,11.23,100.0,11.23,93.7,11,100,CLOSED,CLOSED,CLOSED,0,3,0,0,0
2025-06-15 23:21:00,84060,11.24,100.0,11.24,93.7,11,100,CLOSED,CLOSED,CLOSED,0,3,0,0,0
2025-06-15 23:22:00,84120,11.25,100.0,11.25,93.7,11,100,CLOSED,CLOSED,CLOSED,0,3,0,0,0
2025-06-15 23:23:00,84180,11.25,100.0,11.25,93.7,11,100,CLOSED,CLOSED,CLOSED,0,3,0,0,0
2025-06-15 23:24:00,84240,11.26,100.0,11.26,93.7,11,100,CLOSED,CLOSED,CLOSED,0,3,0,0,0
2025-06-15 23:25:00,84300,11.27,100.0,11.27,93.7,11,100,CLOSED,CLOSED,CLOSED,0,3,0,0,0
2025-06-15 23:26:00,84360,11.27,100.0,11.27,93.7,11,100,CLOSED,CLOSED,CLOSED,0,3,0,0,0
2025-06-15 23:27:00,84420,11.28,100.0,11.28,93.7,11,100,CLOSED,CLOSED,CLOSED,0,3,0,0,0
2025-06-15 23:28:00,84480,11.29,100.0,11.29,93.7,11,100,CLOSED,CLOSED,CLOSED,0,3,0,0,0
2025-06-15 23:29:00,84540,11.29,100.0,11.29,93.7,11,100,CLOSED,CLOSED,CLOSED,0,3,0,0,0
2025-06-15 23:30:00,84600,11.30,100.0,11.30,93.8,11,100,CLOSED,CLOSED,CLOSED,0,3,0,0,0
2025-06-15 23:31:00,84660,11.28,100.0,11.28,93.7,11,100,CLOSED,CLOSED,CLOSED,0,3,0,0,0
2025-06-15 23:32:00,84720,11.27,100.0,11.27,93.7,11,100,CLOSED,CLOSED,CLOSED,0,3,0,0,0
2025-06-15 23:33:00,84780,11.25,100.0,11.25,93.7,11,100,CLOSED,CLOSED,CLOSED,0,3,0,0,0
2025-06-15 23:34:00,84840,11.23,100.0,11.23,93.7,11,100,CLOSED,CLOSED,CLOSED,0,3,0,0,0
2025-06-15 23:35:00,84900,11.22,100.0,11.22,93.7,11,100,CLOSED,CLOSED,CLOSED,0,3,0,0,0
2025-06-15 23:36:00,84960,11.20,100.0,11.20,93.7,11,100,CLOSED,CLOSED,CLOSED,0,3,0,0,0
2025-06-15 23:37:00,85020,11.18,100.0,11.18,93.7,11,100,CLOSED,CLOSED,CLOSED,0,3,0,0,0
2025-06-15 23:38:00,85080,11.17,100.0,11.17,93.7,11,100,CLOSED,CLOSED,CLOSED,0,3,0,0,0
2025-06-15 23:39:00,85140,11.15,100.0,11.15,93.7,11,100,CLOSED,CLOSED,CLOSED,0,3,0,0,0
2025-06-15 23:40:00,85200,11.13,100.0,11.13,93.7,11,100,CLOSED,CLOSED,CLOSED,0,3,0,0,0
2025-06-15 23:41:00,85260,11.12,100.0,11.12,93.6,11,100,CLOSED,CLOSED,CLOSED,0,3,0,0,0
2025-06-15 23:42:00,85320,11.10,100.0,11.10,93.6,11,100,CLOSED,CLOSED,CLOSED,0,3,0,0,0
2025-06-15 23:43:00,85380,11.08,100.0,11.08,93.6,11,100,CLOSED,CLOSED,CLOSED,0,3,0,0,0
2025-06-15 23:44:00,85440,11.07,100.0,11.07,93.6,11,100,CLOSED,CLOSED,CLOSED,0,3,0,0,0
2025-06-15 23:45:00,85500,11.05,100.0,11.05,93.6,11,100,CLOSED,CLOSED,CLOSED,0,3,0,0,0
2025-06-15 23:46:00,85560,11.03,100.0,11.03,93.6,11,100,CLOSED,CLOSED,CLOSED,0,3,0,0,0
2025-06-15 23:47:00,85620,11.02,100.0,11.02,93.6,11,100,CLOSED,CLOSED,CLOSED,0,3,0,0,0
2025-06-15 23:48:00,85680,11.00,100.0,11.00,93.6,11,100,CLOSED,CLOSED,CLOSED,0,3,0,0,0
2025-06-15 23:49:00,85740,10.98,100.0,10.98,93.6,11,100,CLOSED,CLOSED,CLOSED,0,3,0,0,0
2025-06-15 23:50:00,85800,10.97,100.0,10.97,93.5,11,100,CLOSED,CLOSED,CLOSED,0,3,0,0,0
2025-06-15 23:51:00,85860,10.95,100.0,10.95,93.5,11,100,CLOSED,CLOSED,CLOSED,0,3,0,0,0
2025-06-15 23:52:00,85920,10.93,100.0,10.93,93.5,11,100,CLOSED,CLOSED,CLOSED,0,3,0,0,0
2025-06-15 23:53:00,85980,10.92,100.0,10.92,93.5,11,100,CLOSED,CLOSED,CLOSED,0,3,0,0,0
2025-06-15 23:54:00,86040,10.90,100.0,10.90,93.5,11,100,CLOSED,CLOSED,CLOSED,0,3,0,0,0
2025-06-15 23:55:00,86100,10.88,100.0,10.88,93.5,11,100,CLOSED,CLOSED,CLOSED,0,3,0,0,0
2025-06-15 23:56:00,86160,10.87,100.0,10.87,93.5,11,100,CLOSED,CLOSED,CLOSED,0,3,0,0,0
2025-06-15 23:57:00,86220,10.85,100.0,10.85,93.5,11,100,CLOSED,CLOSED,CLOSED,0,3,0,0,0
2025-06-15 23:58:00,86280,10.83,100.0,10.83,93.5,11,100,CLOSED,CLOSED,CLOSED,0,3,0,0,0
