datetime,elapsed_s,T_in_C,RH_in_pct,T_out_C,RH_out_pct,t_avg_C,rh_avg_pct,M1_state,M2_state,M3_state,step_t,step_rh,step_resolved,is_daytime,wind_override
2025-06-15 00:00:00,0,9.99,100.0,9.99,100.0,10,100,CLOSED,CLOSED,CLOSED,0,3,0,0,0
2025-06-15 00:01:00,60,9.98,100.0,9.98,100.0,10,100,CLOSED,CLOSED,CLOSED,0,3,0,0,0
2025-06-15 00:02:00,120,9.96,100.0,9.96,100.0,10,100,CLOSED,CLOSED,CLOSED,0,3,0,0,0
2025-06-15 00:03:00,180,9.94,100.0,9.94,100.0,10,100,CLOSED,CLOSED,CLOSED,0,3,0,0,0
2025-06-15 00:04:00,240,9.93,100.0,9.93,100.0,10,100,CLOSED,CLOSED,CLOSED,0,3,0,0,0
2025-06-15 00:05:00,300,9.91,100.0,9.91,100.0,10,100,CLOSED,CLOSED,CLOSED,0,3,0,0,0
2025-06-15 00:06:00,360,9.89,100.0,9.89,100.0,10,100,CLOSED,CLOSED,CLOSED,0,3,0,0,0
2025-06-15 00:07:00,420,9.88,100.0,9.88,100.0,10,100,CLOSED,CLOSED,CLOSED,0,3,0,0,0
2025-06-15 00:08:00,480,9.86,100.0,9.86,100.0,10,100,CLOSED,CLOSED,CLOSED,0,3,0,0,0
2025-06-15 00:09:00,540,9.84,100.0,9.84,100.0,10,100,CLOSED,CLOSED,CLOSED,0,3,0,0,0
2025-06-15 00:10:00,600,9.83,100.0,9.83,100.0,10,100,CLOSED,CLOSED,CLOSED,0,3,0,0,0
2025-06-15 00:11:00,660,9.81,100.0,9.81,100.0,10,100,CLOSED,CLOSED,CLOSED,0,3,0,0,0
2025-06-15 00:12:00,720,9.79,100.0,9.79,100.0,10,100,CLOSED,CLOSED,CLOSED,0,3,0,0,0
2025-06-15 00:13:00,780,9.78,100.0,9.78,95.5,10,100,CLOSED,CLOSED,CLOSED,0,3,0,0,0
2025-06-15 00:14:00,840,9.76,100.0,9.76,95.5,10,100,CLOSED,CLOSED,CLOSED,0,3,0,0,0
2025-06-15 00:15:00,900,9.74,100.0,9.74,95.6,10,100,CLOSED,CLOSED,CLOSED,0,3,0,0,0
2025-06-15 00:16:00,960,9.73,100.0,9.73,95.6,10,100,CLOSED,CLOSED,CLOSED,0,3,0,0,0
2025-06-15 00:17:00,1020,9.71,100.0,9.71,95.6,10,100,CLOSED,CLOSED,CLOSED,0,3,0,0,0
2025-06-15 00:18:00,1080,9.69,100.0,9.69,95.6,10,100,CLOSED,CLOSED,CLOSED,0,3,0,0,0
2025-06-15 00:19:00,1140,9.68,100.0,9.68,95.7,10,100,CLOSED,CLOSED,CLOSED,0,3,0,0,0
2025-06-15 00:20:00,1200,9.66,100.0,9.66,95.7,10,100,CLOSED,CLOSED,CLOSED,0,3,0,0,0
2025-06-15 00:21:00,1260,9.64,100.0,9.64,95.7,10,100,CLOSED,CLOSED,CLOSED,0,3,0,0,0
2025-06-15 00:22:00,1320,9.63,100.0,9.63,95.7,10,100,CLOSED,CLOSED,CLOSED,0,3,0,0,0
2025-06-15 00:23:00,1380,9.61,100.0,9.61,95.7,10,100,CLOSED,CLOSED,CLOSED,0,3,0,0,0
2025-06-15 00:24:00,1440,9.59,100.0,9.59,95.8,10,100,CLOSED,CLOSED,CLOSED,0,3,0,0,0
2025-06-15 00:25:00,1500,9.58,100.0,9.58,95.8,10,100,CLOSED,CLOSED,CLOSED,0,3,0,0,0
2025-06-15 00:26:00,1560,9.56,100.0,9.56,95.8,10,100,CLOSED,CLOSED,CLOSED,0,3,0,0,0
2025-06-15 00:27:00,1620,9.54,100.0,9.54,95.8,10,100,CLOSED,CLOSED,CLOSED,0,3,0,0,0
2025-06-15 00:28:00,1680,9.53,100.0,9.53,95.9,10,100,CLOSED,CLOSED,CLOSED,0,3,0,0,0
2025-06-15 00:29:00,1740,9.51,100.0,9.51,95.9,10,100,CLOSED,CLOSED,CLOSED,0,3,0,0,0
2025-06-15 00:30:00,1800,9.49,100.0,9.49,95.9,10,100,CLOSED,CLOSED,CLOSED,0,3,0,0,0
2025-06-15 00:31:00,1860,9.48,100.0,9.48,95.9,10,100,CLOSED,CLOSED,CLOSED,0,3,0,0,0
2025-06-15 00:32:00,1920,9.47,100.0,9.47,95.9,9,100,CLOSED,CLOSED,CLOSED,0,3,0,0,0
2025-06-15 00:33:00,1980,9.45,100.0,9.45,95.9,9,100,CLOSED,CLOSED,CLOSED,0,3,0,0,0
2025-06-15 00:34:00,2040,9.44,100.0,9.44,95.9,9,100,CLOSED,CLOSED,CLOSED,0,3,0,0,0
2025-06-15 00:35:00,2100,9.43,100.0,9.43,95.9,9,100,CLOSED,CLOSED,CLOSED,0,3,0,0,0
2025-06-15 00:36:00,2160,9.41,100.0,9.41,95.9,9,100,CLOSED,CLOSED,CLOSED,0,3,0,0,0
2025-06-15 00:37:00,2220,9.40,100.0,9.40,95.9,9,100,CLOSED,CLOSED,CLOSED,0,3,0,0,0
2025-06-15 00:38:00,2280,9.39,100.0,9.39,96.0,9,100,CLOSED,CLOSED,CLOSED,0,3,0,0,0
2025-06-15 00:39:00,2340,9.37,100.0,9.37,96.0,9,100,CLOSED,CLOSED,CLOSED,0,3,0,0,0
2025-06-15 00:40:00,2400,9.36,100.0,9.36,96.0,9,100,CLOSED,CLOSED,CLOSED,0,3,0,0,0
2025-06-15 00:41:00,2460,9.35,100.0,9.35,96.0,9,100,CLOSED,CLOSED,CLOSED,0,3,0,0,0
2025-06-15 00:42:00,2520,9.33,100.0,9.33,96.0,9,100,CLOSED,CLOSED,CLOSED,0,3,0,0,0
2025-06-15 00:43:00,2580,9.32,100.0,9.32,96.0,9,100,CLOSED,CLOSED,CLOSED,0,3,0,0,0
2025-06-15 00:44:00,2640,9.31,100.0,9.31,96.0,9,100,CLOSED,CLOSED,CLOSED,0,3,0,0,0
2025-06-15 00:45:00,2700,9.29,100.0,9.29,96.0,9,100,CLOSED,CLOSED,CLOSED,0,3,0,0,0
2025-06-15 00:46:00,2760,9.28,100.0,9.28,96.0,9,100,CLOSED,CLOSED,CLOSED,0,3,0,0,0
2025-06-15 00:47:00,2820,9.27,100.0,9.27,96.0,9,100,CLOSED,CLOSED,CLOSED,0,3,0,0,0
2025-06-15 00:48:00,2880,9.25,100.0,9.25,96.0,9,100,CLOSED,CLOSED,CLOSED,0,3,0,0,0
2025-06-15 00:49:00,2940,9.24,100.0,9.24,96.0,9,100,CLOSED,CLOSED,CLOSED,0,3,0,0,0
2025-06-15 00:50:00,3000,9.23,100.0,9.23,96.0,9,100,CLOSED,CLOSED,CLOSED,0,3,0,0,0
2025-06-15 00:51:00,3060,9.21,100.0,9.21,96.0,9,100,CLOSED,CLOSED,CLOSED,0,3,0,0,0
2025-06-15 00:52:00,3120,9.20,100.0,9.20,96.0,9,100,CLOSED,CLOSED,CLOSED,0,3,0,0,0
2025-06-15 00:53:00,3180,9.19,100.0,9.19,96.0,9,100,CLOSED,CLOSED,CLOSED,0,3,0,0,0
2025-06-15 00:54:00,3240,9.17,100.0,9.17,96.0,9,100,CLOSED,CLOSED,CLOSED,0,3,0,0,0
2025-06-15 00:55:00,3300,9.16,100.0,9.16,96.1,9,100,CLOSED,CLOSED,CLOSED,0,3,0,0,0
2025-06-15 00:56:00,3360,9.15,100.0,9.15,96.1,9,100,CLOSED,CLOSED,CLOSED,0,3,0,0,0
2025-06-15 00:57:00,3420,9.13,100.0,9.13,96.1,9,100,CLOSED,CLOSED,CLOSED,0,3,0,0,0
2025-06-15 00:58:00,3480,9.12,100.0,9.12,96.1,9,100,CLOSED,CLOSED,CLOSED,0,3,0,0,0
2025-06-15 00:59:00,3540,9.11,100.0,9.11,96.1,9,100,CLOSED,CLOSED,CLOSED,0,3,0,0,0
2025-06-15 01:00:00,3600,9.09,100.0,9.09,96.1,9,100,CLOSED,CLOSED,CLOSED,0,3,0,0,0
2025-06-15 01:01:00,3660,9.07,100.0,9.07,96.1,9,100,CLOSED,CLOSED,CLOSED,0,3,0,0,0
2025-06-15 01:02:00,3720,9.05,100.0,9.05,96.1,9,100,CLOSED,CLOSED,CLOSED,0,3,0,0,0
2025-06-15 01:03:00,3780,9.03,100.0,9.03,96.1,9,100,CLOSED,CLOSED,CLOSED,0,3,0,0,0
2025-06-15 01:04:00,3840,9.01,100.0,9.01,96.1,9,100,CLOSED,CLOSED,CLOSED,0,3,0,0,0
2025-06-15 01:05:00,3900,8.99,100.0,8.99,96.1,9,100,CLOSED,CLOSED,CLOSED,0,3,0,0,0
2025-06-15 01:06:00,3960,8.97,100.0,8.97,96.0,9,100,CLOSED,CLOSED,CLOSED,0,3,0,0,0
2025-06-15 01:07:00,4020,8.95,100.0,8.95,96.0,9,100,CLOSED,CLOSED,CLOSED,0,3,0,0,0
2025-06-15 01:08:00,4080,8.93,100.0,8.93,96.0,9,100,CLOSED,CLOSED,CLOSED,0,3,0,0,0
2025-06-15 01:09:00,4140,8.91,100.0,8.91,96.0,9,100,CLOSED,CLOSED,CLOSED,0,3,0,0,0
2025-06-15 01:10:00,4200,8.89,100.0,8.89,96.0,9,100,CLOSED,CLOSED,CLOSED,0,3,0,0,0
2025-06-15 01:11:00,4260,8.87,100.0,8.87,96.0,9,100,CLOSED,CLOSED,CLOSED,0,3,0,0,0
2025-06-15 01:12:00,4320,8.85,100.0,8.85,96.0,9,100,CLOSED,CLOSED,CLOSED,0,3,0,0,0
2025-06-15 01:13:00,4380,8.83,100.0,8.83,96.0,9,100,CLOSED,CLOSED,CLOSED,0,3,0,0,0
2025-06-15 01:14:00,4440,8.81,100.0,8.81,96.0,9,100,CLOSED,CLOSED,CLOSED,0,3,0,0,0
2025-06-15 01:15:00,4500,8.79,100.0,8.79,96.0,9,100,CLOSED,CLOSED,CLOSED,0,3,0,0,0
2025-06-15 01:16:00,4560,8.77,100.0,8.77,96.0,9,100,CLOSED,CLOSED,CLOSED,0,3,0,0,0
2025-06-15 01:17:00,4620,8.75,100.0,8.75,96.0,9,100,CLOSED,CLOSED,CLOSED,0,3,0,0,0
2025-06-15 01:18:00,4680,8.73,100.0,8.73,96.0,9,100,CLOSED,CLOSED,CLOSED,0,3,0,0,0
2025-06-15 01:19:00,4740,8.71,100.0,8.71,96.0,9,100,CLOSED,CLOSED,CLOSED,0,3,0,0,0
2025-06-15 01:20:00,4800,8.69,100.0,8.69,96.0,9,100,CLOSED,CLOSED,CLOSED,0,3,0,0,0
2025-06-15 01:21:00,4860,8.67,100.0,8.67,96.0,9,100,CLOSED,CLOSED,CLOSED,0,3,0,0,0
2025-06-15 01:22:00,4920,8.65,100.0,8.65,96.0,9,100,CLOSED,CLOSED,CLOSED,0,3,0,0,0
2025-06-15 01:23:00,4980,8.63,100.0,8.63,95.9,9,100,CLOSED,CLOSED,CLOSED,0,3,0,0,0
2025-06-15 01:24:00,5040,8.61,100.0,8.61,95.9,9,100,CLOSED,CLOSED,CLOSED,0,3,0,0,0
2025-06-15 01:25:00,5100,8.59,100.0,8.59,95.9,9,100,CLOSED,CLOSED,CLOSED,0,3,0,0,0
2025-06-15 01:26:00,5160,8.57,100.0,8.57,95.9,9,100,CLOSED,CLOSED,CLOSED,0,3,0,0,0
2025-06-15 01:27:00,5220,8.55,100.0,8.55,95.9,9,100,CLOSED,CLOSED,CLOSED,0,3,0,0,0
2025-06-15 01:28:00,5280,8.53,100.0,8.53,95.9,9,100,CLOSED,CLOSED,CLOSED,0,3,0,0,0
2025-06-15 01:29:00,5340,8.51,100.0,8.51,95.9,9,100,CLOSED,CLOSED,CLOSED,0,3,0,0,0
2025-06-15 01:30:00,5400,8.50,100.0,8.50,95.9,9,100,CLOSED,CLOSED,CLOSED,0,3,0,0,0
2025-06-15 01:31:00,5460,8.49,100.0,8.49,95.9,9,100,CLOSED,CLOSED,CLOSED,0,3,0,0,0
2025-06-15 01:32:00,5520,8.49,100.0,8.49,95.9,9,100,CLOSED,CLOSED,CLOSED,0,3,0,0,0
2025-06-15 01:33:00,5580,8.49,100.0,8.49,95.9,8,100,CLOSED,CLOSED,CLOSED,0,3,0,0,0
2025-06-15 01:34:00,5640,8.48,100.0,8.48,95.9,8,100,CLOSED,CLOSED,CLOSED,0,3,0,0,0
2025-06-15 01:35:00,5700,8.48,100.0,8.48,96.0,8,100,CLOSED,CLOSED,CLOSED,0,3,0,0,0
2025-06-15 01:36:00,5760,8.48,100.0,8.48,96.0,8,100,CLOSED,CLOSED,CLOSED,0,3,0,0,0
2025-06-15 01:37:00,5820,8.47,100.0,8.47,96.0,8,100,CLOSED,CLOSED,CLOSED,0,3,0,0,0
2025-06-15 01:38:00,5880,8.47,100.0,8.47,96.0,8,100,CLOSED,CLOSED,CLOSED,0,3,0,0,0
2025-06-15 01:39:00,5940,8.47,100.0,8.47,96.0,8,100,CLOSED,CLOSED,CLOSED,0,3,0,0,0
2025-06-15 01:40:00,6000,8.46,100.0,8.46,96.0,8,100,CLOSED,CLOSED,CLOSED,0,3,0,0,0
2025-06-15 01:41:00,6060,8.46,100.0,8.46,96.0,8,100,CLOSED,CLOSED,CLOSED,0,3,0,0,0
2025-06-15 01:42:00,6120,8.46,100.0,8.46,96.0,8,100,CLOSED,CLOSED,CLOSED,0,3,0,0,0
2025-06-15 01:43:00,6180,8.45,100.0,8.45,96.0,8,100,CLOSED,CLOSED,CLOSED,0,3,0,0,0
2025-06-15 01:44:00,6240,8.45,100.0,8.45,96.0,8,100,CLOSED,CLOSED,CLOSED,0,3,0,0,0
2025-06-15 01:45:00,6300,8.45,100.0,8.45,96.0,8,100,CLOSED,CLOSED,CLOSED,0,3,0,0,0
2025-06-15 01:46:00,6360,8.44,100.0,8.44,96.0,8,100,CLOSED,CLOSED,CLOSED,0,3,0,0,0
2025-06-15 01:47:00,6420,8.44,100.0,8.44,96.0,8,100,CLOSED,CLOSED,CLOSED,0,3,0,0,0
2025-06-15 01:48:00,6480,8.44,100.0,8.44,96.0,8,100,CLOSED,CLOSED,CLOSED,0,3,0,0,0
2025-06-15 01:49:00,6540,8.43,100.0,8.43,96.1,8,100,CLOSED,CLOSED,CLOSED,0,3,0,0,0
2025-06-15 01:50:00,6600,8.43,100.0,8.43,96.1,8,100,CLOSED,CLOSED,CLOSED,0,3,0,0,0
2025-06-15 01:51:00,6660,8.43,100.0,8.43,96.1,8,100,CLOSED,CLOSED,CLOSED,0,3,0,0,0
2025-06-15 01:52:00,6720,8.42,100.0,8.42,96.1,8,100,CLOSED,CLOSED,CLOSED,0,3,0,0,0
2025-06-15 01:53:00,6780,8.42,100.0,8.42,96.1,8,100,CLOSED,CLOSED,CLOSED,0,3,0,0,0
2025-06-15 01:54:00,6840,8.42,100.0,8.42,96.1,8,100,CLOSED,CLOSED,CLOSED,0,3,0,0,0
2025-06-15 01:55:00,6900,8.41,100.0,8.41,96.1,8,100,CLOSED,CLOSED,CLOSED,0,3,0,0,0
2025-06-15 01:56:00,6960,8.41,100.0,8.41,96.1,8,100,CLOSED,CLOSED,CLOSED,0,3,0,0,0
2025-06-15 01:57:00,7020,8.41,100.0,8.41,96.1,8,100,CLOSED,CLOSED,CLOSED,0,3,0,0,0
2025-06-15 01:58:00,7080,8.40,100.0,8.40,96.1,8,100,CLOSED,CLOSED,CLOSED,0,3,0,0,0
2025-06-15 01:59:00,7140,8.40,100.0,8.40,96.1,8,100,CLOSED,CLOSED,CLOSED,0,3,0,0,0
2025-06-15 02:00:00,7200,8.40,100.0,8.40,96.1,8,100,CLOSED,CLOSED,CLOSED,0,3,0,0,0
2025-06-15 02:01:00,7260,8.41,100.0,8.41,96.2,8,100,CLOSED,CLOSED,CLOSED,0,3,0,0,0
2025-06-15 02:02:00,7320,8.42,100.0,8.42,96.2,8,100,CLOSED,CLOSED,CLOSED,0,3,0,0,0
2025-06-15 02:03:00,7380,8.42,100.0,8.42,96.2,8,100,CLOSED,CLOSED,CLOSED,0,3,0,0,0
2025-06-15 02:04:00,7440,8.43,100.0,8.43,96.2,8,100,CLOSED,CLOSED,CLOSED,0,3,0,0,0
2025-06-15 02:05:00,7500,8.44,100.0,8.44,96.2,8,100,CLOSED,CLOSED,CLOSED,0,3,0,0,0
2025-06-15 02:06:00,7560,8.44,100.0,8.44,96.2,8,100,CLOSED,CLOSED,CLOSED,0,3,0,0,0
2025-06-15 02:07:00,7620,8.45,100.0,8.45,96.2,8,100,CLOSED,CLOSED,CLOSED,0,3,0,0,0
2025-06-15 02:08:00,7680,8.46,100.0,8.46,96.3,8,100,CLOSED,CLOSED,CLOSED,0,3,0,0,0
2025-06-15 02:09:00,7740,8.46,100.0,8.46,96.3,8,100,CLOSED,CLOSED,CLOSED,0,3,0,0,0
2025-06-15 02:10:00,7800,8.47,100.0,8.47,96.3,8,100,CLOSED,CLOSED,CLOSED,0,3,0,0,0
2025-06-15 02:11:00,7860,8.48,100.0,8.48,96.3,8,100,CLOSED,CLOSED,CLOSED,0,3,0,0,0
2025-06-15 02:12:00,7920,8.48,100.0,8.48,96.3,8,100,CLOSED,CLOSED,CLOSED,0,3,0,0,0
2025-06-15 02:13:00,7980,8.49,100.0,8.49,96.3,8,100,CLOSED,CLOSED,CLOSED,0,3,0,0,0
2025-06-15 02:14:00,8040,8.50,100.0,8.50,96.4,8,100,CLOSED,CLOSED,CLOSED,0,3,0,0,0
2025-06-15 02:15:00,8100,8.50,100.0,8.50,96.4,8,100,CLOSED,CLOSED,CLOSED,0,3,0,0,0
2025-06-15 02:16:00,8160,8.51,100.0,8.51,96.4,8,100,CLOSED,CLOSED,CLOSED,0,3,0,0,0
2025-06-15 02:17:00,8220,8.52,100.0,8.52,96.4,9,100,CLOSED,CLOSED,CLOSED,0,3,0,0,0
2025-06-15 02:18:00,8280,8.52,100.0,8.52,96.4,9,100,CLOSED,CLOSED,CLOSED,0,3,0,0,0
2025-06-15 02:19:00,8340,8.53,100.0,8.53,96.4,9,100,CLOSED,CLOSED,CLOSED,0,3,0,0,0
2025-06-15 02:20:00,8400,8.54,100.0,8.54,96.4,9,100,CLOSED,CLOSED,CLOSED,0,3,0,0,0
2025-06-15 02:21:00,8460,8.54,100.0,8.54,96.5,9,100,CLOSED,CLOSED,CLOSED,0,3,0,0,0
2025-06-15 02:22:00,8520,8.55,100.0,8.55,96.5,9,100,CLOSED,CLOSED,CLOSED,0,3,0,0,0
2025-06-15 02:23:00,8580,8.56,100.0,8.56,96.5,9,100,CLOSED,CLOSED,CLOSED,0,3,0,0,0
2025-06-15 02:24:00,8640,8.56,100.0,8.56,96.5,9,100,CLOSED,CLOSED,CLOSED,0,3,0,0,0
2025-06-15 02:25:00,8700,8.57,100.0,8.57,96.5,9,100,CLOSED,CLOSED,CLOSED,0,3,0,0,0
2025-06-15 02:26:00,8760,8.58,100.0,8.58,96.5,9,100,CLOSED,CLOSED,CLOSED,0,3,0,0,0
2025-06-15 02:27:00,8820,8.58,100.0,8.58,96.6,9,100,CLOSED,CLOSED,CLOSED,0,3,0,0,0
2025-06-15 02:28:00,8880,8.59,100.0,8.59,96.6,9,100,CLOSED,CLOSED,CLOSED,0,3,0,0,0
2025-06-15 02:29:00,8940,8.60,100.0,8.60,96.6,9,100,CLOSED,CLOSED,CLOSED,0,3,0,0,0
2025-06-15 02:30:00,9000,8.60,100.0,8.60,96.6,9,100,CLOSED,CLOSED,CLOSED,0,3,0,0,0
2025-06-15 02:31:00,9060,8.60,100.0,8.60,96.6,9,100,CLOSED,CLOSED,CLOSED,0,3,0,0,0
2025-06-15 02:32:00,9120,8.60,100.0,8.60,96.6,9,100,CLOSED,CLOSED,CLOSED,0,3,0,0,0
2025-06-15 02:33:00,9180,8.60,100.0,8.60,96.6,9,100,CLOSED,CLOSED,CLOSED,0,3,0,0,0
2025-06-15 02:34:00,9240,8.60,100.0,8.60,96.6,9,100,CLOSED,CLOSED,CLOSED,0,3,0,0,0
2025-06-15 02:35:00,9300,8.60,100.0,8.60,96.6,9,100,CLOSED,CLOSED,CLOSED,0,3,0,0,0
2025-06-15 02:36:00,9360,8.60,100.0,8.60,96.6,9,100,CLOSED,CLOSED,CLOSED,0,3,0,0,0
2025-06-15 02:37:00,9420,8.60,100.0,8.60,96.6,9,100,CLOSED,CLOSED,CLOSED,0,3,0,0,0
2025-06-15 02:38:00,9480,8.60,100.0,8.60,96.6,9,100,CLOSED,CLOSED,CLOSED,0,3,0,0,0
2025-06-15 02:39:00,9540,8.60,100.0,8.60,96.6,9,100,CLOSED,CLOSED,CLOSED,0,3,0,0,0
2025-06-15 02:40:00,9600,8.60,100.0,8.60,96.6,9,100,CLOSED,CLOSED,CLOSED,0,3,0,0,0
2025-06-15 02:41:00,9660,8.60,100.0,8.60,96.6,9,100,CLOSED,CLOSED,CLOSED,0,3,0,0,0
2025-06-15 02:42:00,9720,8.60,100.0,8.60,96.6,9,100,CLOSED,CLOSED,CLOSED,0,3,0,0,0
2025-06-15 02:43:00,9780,8.60,100.0,8.60,96.6,9,100,CLOSED,CLOSED,CLOSED,0,3,0,0,0
2025-06-15 02:44:00,9840,8.60,100.0,8.60,96.6,9,100,CLOSED,CLOSED,CLOSED,0,3,0,0,0
2025-06-15 02:45:00,9900,8.60,100.0,8.60,96.6,9,100,CLOSED,CLOSED,CLOSED,0,3,0,0,0
2025-06-15 02:46:00,9960,8.60,100.0,8.60,96.6,9,100,CLOSED,CLOSED,CLOSED,0,3,0,0,0
2025-06-15 02:47:00,10020,8.60,100.0,8.60,96.6,9,100,CLOSED,CLOSED,CLOSED,0,3,0,0,0
2025-06-15 02:48:00,10080,8.60,100.0,8.60,96.7,9,100,CLOSED,CLOSED,CLOSED,0,3,0,0,0
2025-06-15 02:49:00,10140,8.60,100.0,8.60,96.7,9,100,CLOSED,CLOSED,CLOSED,0,3,0,0,0
2025-06-15 02:50:00,10200,8.60,100.0,8.60,96.7,9,100,CLOSED,CLOSED,CLOSED,0,3,0,0,0
2025-06-15 02:51:00,10260,8.60,100.0,8.60,96.7,9,100,CLOSED,CLOSED,CLOSED,0,3,0,0,0
2025-06-15 02:52:00,10320,8.60,100.0,8.60,96.7,9,100,CLOSED,CLOSED,CLOSED,0,3,0,0,0
2025-06-15 02:53:00,10380,8.60,100.0,8.60,96.7,9,100,CLOSED,CLOSED,CLOSED,0,3,0,0,0
2025-06-15 02:54:00,10440,8.60,100.0,8.60,96.7,9,100,CLOSED,CLOSED,CLOSED,0,3,0,0,0
2025-06-15 02:55:00,10500,8.60,100.0,8.60,96.7,9,100,CLOSED,CLOSED,CLOSED,0,3,0,0,0
2025-06-15 02:56:00,10560,8.60,100.0,8.60,96.7,9,100,CLOSED,CLOSED,CLOSED,0,3,0,0,0
2025-06-15 02:57:00,10620,8.60,100.0,8.60,96.7,9,100,CLOSED,CLOSED,CLOSED,0,3,0,0,0
2025-06-15 02:58:00,10680,8.60,100.0,8.60,96.7,9,100,CLOSED,CLOSED,CLOSED,0,3,0,0,0
2025-06-15 02:59:00,10740,8.60,100.0,8.60,96.7,9,100,CLOSED,CLOSED,CLOSED,0,3,0,0,0
2025-06-15 03:00:00,10800,8.61,100.0,8.61,96.7,9,100,CLOSED,CLOSED,CLOSED,0,3,0,0,0
2025-06-15 03:01:00,10860,8.62,100.0,8.62,96.7,9,100,CLOSED,CLOSED,CLOSED,0,3,0,0,0
2025-06-15 03:02:00,10920,8.62,100.0,8.62,96.7,9,100,CLOSED,CLOSED,CLOSED,0,3,0,0,0
2025-06-15 03:03:00,10980,8.63,100.0,8.63,96.7,9,100,CLOSED,CLOSED,CLOSED,0,3,0,0,0
2025-06-15 03:04:00,11040,8.64,100.0,8.64,96.7,9,100,CLOSED,CLOSED,CLOSED,0,3,0,0,0
2025-06-15 03:05:00,11100,8.65,100.0,8.65,96.7,9,100,CLOSED,CLOSED,CLOSED,0,3,0,0,0
2025-06-15 03:06:00,11160,8.66,100.0,8.66,96.7,9,100,CLOSED,CLOSED,CLOSED,0,3,0,0,0
2025-06-15 03:07:00,11220,8.68,100.0,8.68,96.7,9,100,CLOSED,CLOSED,CLOSED,0,3,0,0,0
2025-06-15 03:08:00,11280,8.69,100.0,8.69,96.8,9,100,CLOSED,CLOSED,CLOSED,0,3,0,0,0
2025-06-15 03:09:00,11340,8.70,100.0,8.70,96.8,9,100,CLOSED,CLOSED,CLOSED,0,3,0,0,0
2025-06-15 03:10:00,11400,8.71,100.0,8.71,96.8,9,100,CLOSED,CLOSED,CLOSED,0,3,0,0,0
2025-06-15 03:11:00,11460,8.71,100.0,8.71,96.8,9,100,CLOSED,CLOSED,CLOSED,0,3,0,0,0
2025-06-15 03:12:00,11520,8.72,100.0,8.72,96.8,9,100,CLOSED,CLOSED,CLOSED,0,3,0,0,0
2025-06-15 03:13:00,11580,8.73,100.0,8.73,96.8,9,100,CLOSED,CLOSED,CLOSED,0,3,0,0,0
2025-06-15 03:14:00,11640,8.74,100.0,8.74,96.8,9,100,CLOSED,CLOSED,CLOSED,0,3,0,0,0
2025-06-15 03:15:00,11700,8.76,100.0,8.76,96.8,9,100,CLOSED,CLOSED,CLOSED,0,3,0,0,0
2025-06-15 03:16:00,11760,8.77,100.0,8.77,96.8,9,100,CLOSED,CLOSED,CLOSED,0,3,0,0,0
2025-06-15 03:17:00,11820,8.78,100.0,8.78,96.8,9,100,CLOSED,CLOSED,CLOSED,0,3,0,0,0
2025-06-15 03:18:00,11880,8.79,100.0,8.79,96.8,9,100,CLOSED,CLOSED,CLOSED,0,3,0,0,0
2025-06-15 03:19:00,11940,8.79,100.0,8.79,96.8,9,100,CLOSED,CLOSED,CLOSED,0,3,0,1,0
2025-06-15 03:20:00,12000,8.80,100.0,8.80,96.9,9,100,CLOSED,CLOSED,CLOSED,0,3,0,1,0
2025-06-15 03:21:00,12060,8.81,100.0,8.81,96.9,9,100,CLOSED,CLOSED,CLOSED,0,3,0,1,0
2025-06-15 03:22:00,12120,8.82,100.0,8.82,96.9,9,100,CLOSED,CLOSED,CLOSED,0,3,0,1,0
2025-06-15 03:23:00,12180,8.85,100.0,8.84,96.9,9,100,CLOSED,CLOSED,CLOSED,0,3,0,1,0
2025-06-15 03:24:00,12240,8.86,100.0,8.85,96.9,9,100,CLOSED,CLOSED,CLOSED,0,3,0,1,0
2025-06-15 03:25:00,12300,8.88,100.0,8.86,96.9,9,100,CLOSED,CLOSED,CLOSED,0,3,0,1,0
2025-06-15 03:26:00,12360,8.89,100.0,8.87,96.9,9,100,CLOSED,CLOSED,CLOSED,0,3,0,1,0
2025-06-15 03:27:00,12420,8.91,100.0,8.88,96.9,9,100,CLOSED,CLOSED,CLOSED,0,3,0,1,0
2025-06-15 03:28:00,12480,8.92,100.0,8.88,96.9,9,100,CLOSED,CLOSED,CLOSED,0,3,0,1,0
2025-06-15 03:29:00,12540,8.94,100.0,8.89,96.9,9,100,CLOSED,CLOSED,CLOSED,0,3,0,1,0
2025-06-15 03:30:00,12600,8.98,100.0,8.92,96.9,9,100,CLOSED,CLOSED,CLOSED,0,3,0,1,0
2025-06-15 03:31:00,12660,9.03,100.0,8.96,96.9,9,100,CLOSED,CLOSED,CLOSED,0,3,0,1,0
2025-06-15 03:32:00,12720,9.08,100.0,9.00,96.9,9,100,CLOSED,CLOSED,CLOSED,0,3,0,1,0
2025-06-15 03:33:00,12780,9.14,100.0,9.04,96.9,9,100,CLOSED,CLOSED,CLOSED,0,3,0,1,0
2025-06-15 03:34:00,12840,9.19,100.0,9.08,96.9,9,100,CLOSED,CLOSED,CLOSED,0,3,0,1,0
2025-06-15 03:35:00,12900,9.24,100.0,9.12,96.9,9,100,CLOSED,CLOSED,CLOSED,0,3,0,1,0
2025-06-15 03:36:00,12960,9.30,100.0,9.16,96.9,9,100,CLOSED,CLOSED,CLOSED,0,3,0,1,0
2025-06-15 03:37:00,13020,9.36,100.0,9.20,96.9,9,100,CLOSED,CLOSED,CLOSED,0,3,0,1,0
2025-06-15 03:38:00,13080,9.42,100.0,9.24,96.9,9,100,CLOSED,CLOSED,CLOSED,0,3,0,1,0
2025-06-15 03:39:00,13140,9.47,100.0,9.28,96.9,9,100,CLOSED,CLOSED,CLOSED,0,3,0,1,0
2025-06-15 03:40:00,13200,9.53,100.0,9.32,96.9,9,100,CLOSED,CLOSED,CLOSED,0,3,0,1,0
2025-06-15 03:41:00,13260,9.60,100.0,9.36,96.9,9,100,CLOSED,CLOSED,CLOSED,0,3,0,1,0
2025-06-15 03:42:00,13320,9.66,100.0,9.40,96.9,10,100,CLOSED,CLOSED,CLOSED,0,3,0,1,0
2025-06-15 03:43:00,13380,9.72,100.0,9.44,96.9,10,100,CLOSED,CLOSED,CLOSED,0,3,0,1,0
2025-06-15 03:44:00,13440,9.78,100.0,9.48,96.9,10,100,CLOSED,CLOSED,CLOSED,0,3,0,1,0
2025-06-15 03:45:00,13500,9.85,100.0,9.52,96.8,10,100,CLOSED,CLOSED,CLOSED,0,3,0,1,0
2025-06-15 03:46:00,13560,9.91,100.0,9.56,96.8,10,100,CLOSED,CLOSED,CLOSED,0,3,0,1,0
2025-06-15 03:47:00,13620,9.98,100.0,9.60,96.8,10,100,CLOSED,CLOSED,CLOSED,0,3,0,1,0
2025-06-15 03:48:00,13680,10.05,100.0,9.64,96.8,10,100,CLOSED,CLOSED,CLOSED,0,3,0,1,0
2025-06-15 03:49:00,13740,10.12,100.0,9.68,96.8,10,100,CLOSED,CLOSED,CLOSED,0,3,0,1,0
2025-06-15 03:50:00,13800,10.19,100.0,9.72,96.8,10,100,CLOSED,CLOSED,CLOSED,0,3,0,1,0
2025-06-15 03:51:00,13860,10.26,100.0,9.76,96.8,10,100,CLOSED,CLOSED,CLOSED,0,3,0,1,0
2025-06-15 03:52:00,13920,10.33,100.0,9.80,96.8,10,100,CLOSED,CLOSED,CLOSED,0,3,0,1,0
2025-06-15 03:53:00,13980,10.40,100.0,9.84,96.8,10,100,CLOSED,CLOSED,CLOSED,0,3,0,1,0
2025-06-15 03:54:00,14040,10.48,100.0,9.88,96.8,10,100,CLOSED,CLOSED,CLOSED,0,3,0,1,0
2025-06-15 03:55:00,14100,10.55,100.0,9.92,96.8,10,100,CLOSED,CLOSED,CLOSED,0,3,0,1,0
2025-06-15 03:56:00,14160,10.63,100.0,9.96,96.8,11,100,CLOSED,CLOSED,CLOSED,0,3,0,1,0
2025-06-15 03:57:00,14220,10.70,100.0,10.00,96.8,11,100,CLOSED,CLOSED,CLOSED,0,3,0,1,0
2025-06-15 03:58:00,14280,10.78,100.0,10.04,96.8,11,100,CLOSED,CLOSED,CLOSED,0,3,0,1,0
2025-06-15 03:59:00,14340,10.86,100.0,10.08,96.8,11,100,CLOSED,CLOSED,CLOSED,0,3,0,1,0
2025-06-15 04:00:00,14400,11.02,100.0,10.20,96.8,11,100,CLOSED,CLOSED,CLOSED,0,3,0,1,0
2025-06-15 04:01:00,14460,11.25,100.0,10.39,96.8,11,100,CLOSED,CLOSED,CLOSED,0,3,0,1,0
2025-06-15 04:02:00,14520,11.48,100.0,10.58,96.8,11,100,CLOSED,CLOSED,CLOSED,0,3,0,1,0
2025-06-15 04:03:00,14580,11.72,100.0,10.78,96.7,11,100,CLOSED,CLOSED,CLOSED,0,3,0,1,0
2025-06-15 04:04:00,14640,11.95,100.0,10.97,96.7,12,100,CLOSED,CLOSED,CLOSED,0,3,0,1,0
2025-06-15 04:05:00,14700,12.19,100.0,11.16,96.7,12,100,CLOSED,CLOSED,CLOSED,0,3,0,1,0
2025-06-15 04:06:00,14760,12.43,100.0,11.36,96.7,12,100,CLOSED,CLOSED,CLOSED,0,3,0,1,0
2025-06-15 04:07:00,14820,12.67,100.0,11.55,96.7,12,100,CLOSED,CLOSED,CLOSED,0,3,0,1,0
2025-06-15 04:08:00,14880,12.90,100.0,11.74,96.7,12,100,CLOSED,CLOSED,CLOSED,0,3,0,1,0
2025-06-15 04:09:00,14940,13.15,100.0,11.94,96.7,13,100,CLOSED,CLOSED,CLOSED,0,3,0,1,0
2025-06-15 04:10:00,15000,13.39,100.0,12.13,96.7,13,100,CLOSED,CLOSED,CLOSED,0,3,0,1,0
2025-06-15 04:11:00,15060,13.63,100.0,12.32,96.7,13,100,CLOSED,CLOSED,CLOSED,0,3,0,1,0
2025-06-15 04:12:00,15120,13.88,100.0,12.52,96.7,14,100,CLOSED,CLOSED,CLOSED,0,3,0,1,0
2025-06-15 04:13:00,15180,14.12,100.0,12.71,96.7,14,100,CLOSED,CLOSED,CLOSED,0,3,0,1,0
2025-06-15 04:14:00,15240,14.36,100.0,12.90,96.7,14,100,CLOSED,CLOSED,CLOSED,0,3,0,1,0
2025-06-15 04:15:00,15300,14.62,100.0,13.10,96.7,14,100,CLOSED,CLOSED,CLOSED,0,3,0,1,0
2025-06-15 04:16:00,15360,14.86,100.0,13.29,96.7,14,100,CLOSED,CLOSED,CLOSED,0,3,0,1,0
2025-06-15 04:17:00,15420,15.10,100.0,13.48,96.7,15,100,CLOSED,CLOSED,CLOSED,0,3,0,1,0
2025-06-15 04:18:00,15480,15.36,100.0,13.68,96.7,15,100,CLOSED,CLOSED,CLOSED,0,3,0,1,0
2025-06-15 04:19:00,15540,15.61,100.0,13.87,96.7,15,100,CLOSED,CLOSED,CLOSED,0,3,0,1,0
2025-06-15 04:20:00,15600,15.85,100.0,14.06,96.7,15,100,CLOSED,CLOSED,CLOSED,0,3,0,1,0
2025-06-15 04:21:00,15660,16.11,100.0,14.26,96.7,16,100,CLOSED,CLOSED,CLOSED,0,3,0,1,0
2025-06-15 04:22:00,15720,16.36,100.0,14.45,96.7,16,100,CLOSED,CLOSED,CLOSED,0,3,0,1,0
2025-06-15 04:23:00,15780,16.61,100.0,14.64,96.7,16,100,CLOSED,CLOSED,CLOSED,0,3,0,1,0
2025-06-15 04:24:00,15840,16.87,100.0,14.84,96.7,16,100,CLOSED,CLOSED,CLOSED,0,3,0,1,0
2025-06-15 04:25:00,15900,17.13,100.0,15.03,96.7,17,100,CLOSED,CLOSED,CLOSED,0,3,0,1,0
2025-06-15 04:26:00,15960,17.38,100.0,15.22,96.7,17,100,CLOSED,CLOSED,CLOSED,0,3,0,1,0
2025-06-15 04:27:00,16020,17.64,100.0,15.42,96.7,17,100,CLOSED,CLOSED,CLOSED,0,3,0,1,0
2025-06-15 04:28:00,16080,17.90,100.0,15.61,96.7,17,100,CLOSED,CLOSED,CLOSED,0,3,0,1,0
2025-06-15 04:29:00,16140,18.15,100.0,15.80,96.7,18,100,CLOSED,CLOSED,CLOSED,0,3,0,1,0
2025-06-15 04:30:00,16200,18.40,100.0,15.98,96.4,18,100,CLOSED,CLOSED,CLOSED,0,3,0,1,0
2025-06-15 04:31:00,16260,18.62,100.0,16.13,95.9,18,100,CLOSED,CLOSED,CLOSED,0,3,0,1,0
2025-06-15 04:32:00,16320,18.84,100.0,16.28,95.3,19,100,CLOSED,CLOSED,CLOSED,0,3,0,1,0
2025-06-15 04:33:00,16380,19.07,100.0,16.44,94.8,19,100,CLOSED,CLOSED,CLOSED,0,3,0,1,0
2025-06-15 04:34:00,16440,19.29,100.0,16.59,94.2,19,100,CLOSED,CLOSED,CLOSED,0,3,0,1,0
2025-06-15 04:35:00,16500,19.51,100.0,16.74,93.7,19,100,CLOSED,CLOSED,CLOSED,0,3,0,1,0
2025-06-15 04:36:00,16560,19.74,100.0,16.90,93.2,19,100,CLOSED,CLOSED,CLOSED,0,3,0,1,0
2025-06-15 04:37:00,16620,19.96,100.0,17.05,92.6,20,100,CLOSED,CLOSED,CLOSED,0,3,0,1,0
2025-06-15 04:38:00,16680,20.18,100.0,17.20,92.1,20,100,CLOSED,CLOSED,CLOSED,0,3,0,1,0
2025-06-15 04:39:00,16740,20.42,100.0,17.36,91.6,20,100,CLOSED,CLOSED,CLOSED,0,3,0,1,0
2025-06-15 04:40:00,16800,20.64,100.0,17.51,91.0,20,100,CLOSED,CLOSED,CLOSED,0,3,0,1,0
2025-06-15 04:41:00,16860,20.87,100.0,17.66,90.5,20,100,CLOSED,CLOSED,CLOSED,0,3,0,1,0
2025-06-15 04:42:00,16920,21.11,100.0,17.82,90.0,21,100,CLOSED,CLOSED,CLOSED,0,3,0,1,0
2025-06-15 04:43:00,16980,21.34,100.0,17.97,89.4,21,100,CLOSED,CLOSED,CLOSED,0,3,0,1,0
2025-06-15 04:44:00,17040,21.56,100.0,18.12,88.9,21,100,CLOSED,CLOSED,CLOSED,0,3,0,1,0
2025-06-15 04:45:00,17100,21.80,100.0,18.28,92.4,21,100,CLOSED,CLOSED,CLOSED,0,3,0,1,0
2025-06-15 04:46:00,17160,22.03,100.0,18.43,91.9,22,100,CLOSED,CLOSED,CLOSED,0,3,0,1,0
2025-06-15 04:47:00,17220,22.27,100.0,18.58,91.3,22,100,CLOSED,CLOSED,CLOSED,0,3,0,1,0
2025-06-15 04:48:00,17280,22.51,100.0,18.74,90.7,22,100,CLOSED,CLOSED,CLOSED,0,3,0,1,0
2025-06-15 04:49:00,17340,22.74,100.0,18.89,90.2,22,100,CLOSED,CLOSED,CLOSED,0,3,0,1,0
2025-06-15 04:50:00,17400,22.98,100.0,19.05,89.6,23,100,CLOSED,CLOSED,CLOSED,0,3,0,1,0
2025-06-15 04:51:00,17460,23.22,100.0,19.20,89.0,23,100,CLOSED,CLOSED,CLOSED,0,3,0,1,0
2025-06-15 04:52:00,17520,23.45,100.0,19.35,88.4,23,100,CLOSED,CLOSED,CLOSED,0,3,0,1,0
2025-06-15 04:53:00,17580,23.70,100.0,19.51,87.9,23,100,CLOSED,CLOSED,CLOSED,0,3,0,1,0
2025-06-15 04:54:00,17640,23.94,100.0,19.66,87.3,24,100,CLOSED,CLOSED,CLOSED,0,3,0,1,0
2025-06-15 04:55:00,17700,24.17,100.0,19.81,86.7,24,100,CLOSED,CLOSED,CLOSED,0,3,0,1,0
2025-06-15 04:56:00,17760,24.42,100.0,19.97,86.2,24,100,CLOSED,CLOSED,CLOSED,0,3,0,1,0
2025-06-15 04:57:00,17820,24.66,100.0,20.12,85.6,24,100,CLOSED,CLOSED,CLOSED,0,3,0,1,0
2025-06-15 04:58:00,17880,24.90,100.0,20.27,85.0,25,100,CLOSED,CLOSED,CLOSED,0,3,0,1,0
2025-06-15 04:59:00,17940,25.15,100.0,20.43,84.5,25,100,CLOSED,CLOSED,CLOSED,0,3,0,1,0
2025-06-15 05:00:00,18000,25.35,100.0,20.53,88.8,25,100,CLOSED,CLOSED,CLOSED,0,3,0,1,0
2025-06-15 05:01:00,18060,25.49,100.0,20.58,88.6,25,100,CLOSED,CLOSED,CLOSED,0,3,0,1,0
2025-06-15 05:02:00,18120,25.63,100.0,20.63,88.4,25,100,CLOSED,CLOSED,CLOSED,0,3,0,1,0
2025-06-15 05:03:00,18180,25.78,100.0,20.68,88.2,25,100,CLOSED,CLOSED,CLOSED,0,3,0,1,0
2025-06-15 05:04:00,18240,25.92,100.0,20.73,88.0,26,100,CLOSED,CLOSED,CLOSED,0,3,0,1,0
2025-06-15 05:05:00,18300,26.07,100.0,20.78,87.8,26,100,CLOSED,CLOSED,CLOSED,0,3,0,1,0
2025-06-15 05:06:00,18360,26.21,100.0,20.83,87.6,26,100,CLOSED,CLOSED,CLOSED,0,3,0,1,0
2025-06-15 05:07:00,18420,26.36,100.0,20.88,87.4,26,100,CLOSED,CLOSED,CLOSED,0,3,0,1,0
2025-06-15 05:08:00,18480,26.51,100.0,20.93,87.2,26,100,CLOSED,CLOSED,CLOSED,0,3,0,1,0
2025-06-15 05:09:00,18540,26.66,100.0,20.98,87.0,26,100,CLOSED,CLOSED,CLOSED,0,3,0,1,0
2025-06-15 05:10:00,18600,26.81,100.0,21.03,86.8,27,100,CLOSED,CLOSED,CLOSED,0,3,0,1,0
2025-06-15 05:11:00,18660,26.96,100.0,21.08,82.0,27,100,CLOSED,CLOSED,CLOSED,0,3,0,1,0
2025-06-15 05:12:00,18720,27.11,100.0,21.13,81.8,27,100,CLOSED,CLOSED,CLOSED,0,3,0,1,0
2025-06-15 05:13:00,18780,27.26,100.0,21.18,81.6,27,100,CLOSED,CLOSED,CLOSED,0,3,0,1,0
2025-06-15 05:14:00,18840,27.41,100.0,21.23,81.5,27,100,CLOSED,CLOSED,CLOSED,0,3,0,1,0
2025-06-15 05:15:00,18900,27.56,100.0,21.28,81.3,27,100,CLOSED,CLOSED,CLOSED,0,3,0,1,0
2025-06-15 05:16:00,18960,27.72,100.0,21.33,81.1,27,100,CLOSED,CLOSED,CLOSED,0,3,0,1,0
2025-06-15 05:17:00,19020,27.87,100.0,21.38,80.9,28,100,CLOSED,CLOSED,CLOSED,0,3,0,1,0
2025-06-15 05:18:00,19080,28.03,100.0,21.43,80.7,28,100,CLOSED,CLOSED,CLOSED,0,3,0,1,0
2025-06-15 05:19:00,19140,28.18,100.0,21.48,80.5,28,100,CLOSED,CLOSED,CLOSED,0,3,0,1,0
2025-06-15 05:20:00,19200,28.34,100.0,21.53,80.3,28,100,CLOSED,CLOSED,CLOSED,0,3,0,1,0
2025-06-15 05:21:00,19260,28.50,100.0,21.58,80.1,28,100,CLOSED,CLOSED,CLOSED,0,3,0,1,0
2025-06-15 05:22:00,19320,28.66,100.0,21.63,84.3,28,100,CLOSED,CLOSED,CLOSED,0,3,0,1,0
2025-06-15 05:23:00,19380,28.82,100.0,21.68,84.1,28,100,CLOSED,CLOSED,CLOSED,0,3,0,1,0
2025-06-15 05:24:00,19440,21.95,87.3,21.73,83.9,29,100,OPEN,OPEN,MOVING_OPEN,1,3,3,1,0
2025-06-15 05:25:00,19500,22.00,87.1,21.78,83.7,26,97,OPEN,OPEN,MOVING_OPEN,1,3,3,1,0
2025-06-15 05:26:00,19560,22.06,86.9,21.83,83.5,24,95,OPEN,OPEN,MOVING_CLOSE,0,3,0,1,0
2025-06-15 05:27:00,19620,29.46,100.0,21.88,83.3,22,92,MOVING_CLOSE,MOVING_CLOSE,MOVING_CLOSE,0,3,0,1,0
2025-06-15 05:28:00,19680,29.62,100.0,21.93,83.1,25,92,CLOSED,CLOSED,MOVING_CLOSE,0,3,0,1,0
2025-06-15 05:29:00,19740,29.78,100.0,21.98,82.9,27,92,CLOSED,CLOSED,CLOSED,0,3,0,1,0
2025-06-15 05:30:00,19800,29.91,100.0,21.99,82.8,27,92,CLOSED,CLOSED,CLOSED,0,3,0,1,0
2025-06-15 05:31:00,19860,22.21,86.0,21.97,82.8,30,95,OPEN,OPEN,MOVING_OPEN,2,3,3,1,0
2025-06-15 05:32:00,19920,22.20,86.0,21.95,82.8,27,95,OPEN,OPEN,MOVING_OPEN,1,3,3,1,0
2025-06-15 05:33:00,19980,22.18,85.9,21.93,82.7,25,94,OPEN,OPEN,MOVING_CLOSE,0,3,0,1,0
2025-06-15 05:34:00,20040,30.29,100.0,21.91,82.7,22,92,MOVING_CLOSE,MOVING_CLOSE,MOVING_CLOSE,0,3,0,1,0
2025-06-15 05:35:00,20100,30.38,100.0,21.89,82.7,25,92,CLOSED,CLOSED,MOVING_CLOSE,0,3,0,1,0
2025-06-15 05:36:00,20160,30.48,100.0,21.87,82.7,28,92,CLOSED,CLOSED,CLOSED,0,3,0,1,0
2025-06-15 05:37:00,20220,30.58,100.0,21.85,82.7,28,92,CLOSED,CLOSED,CLOSED,0,3,0,1,0
2025-06-15 05:38:00,20280,22.10,85.7,21.83,82.6,30,94,OPEN,OPEN,MOVING_OPEN,2,3,3,1,0
2025-06-15 05:39:00,20340,22.08,85.7,21.81,82.6,28,94,OPEN,OPEN,MOVING_OPEN,1,3,3,1,0
2025-06-15 05:40:00,20400,22.07,85.7,21.79,82.6,25,94,OPEN,OPEN,MOVING_CLOSE,0,3,0,1,0
2025-06-15 05:41:00,20460,30.98,100.0,21.77,82.6,22,91,MOVING_CLOSE,MOVING_CLOSE,MOVING_CLOSE,0,3,0,1,0
2025-06-15 05:42:00,20520,31.08,100.0,21.75,82.5,25,91,CLOSED,CLOSED,MOVING_CLOSE,0,3,0,1,0
2025-06-15 05:43:00,20580,31.18,100.0,21.73,82.5,28,91,CLOSED,CLOSED,CLOSED,0,3,0,1,0
2025-06-15 05:44:00,20640,31.29,100.0,21.71,82.5,28,91,CLOSED,CLOSED,CLOSED,0,3,0,1,0
2025-06-15 05:45:00,20700,21.98,85.5,21.69,82.5,31,94,OPEN,OPEN,MOVING_OPEN,3,3,3,1,0
2025-06-15 05:46:00,20760,21.97,85.5,21.67,82.5,28,94,OPEN,OPEN,MOVING_OPEN,1,3,3,1,0
2025-06-15 05:47:00,20820,21.95,85.4,21.65,82.4,25,94,OPEN,OPEN,MOVING_CLOSE,0,3,0,1,0
2025-06-15 05:48:00,20880,31.70,100.0,21.63,82.4,22,91,MOVING_CLOSE,MOVING_CLOSE,MOVING_CLOSE,0,3,0,1,0
2025-06-15 05:49:00,20940,31.81,100.0,21.61,82.4,25,91,CLOSED,CLOSED,MOVING_CLOSE,0,3,0,1,0
2025-06-15 05:50:00,21000,31.91,100.0,21.59,82.4,29,91,MOVING_OPEN,MOVING_OPEN,MOVING_OPEN,1,3,3,1,0
2025-06-15 05:51:00,21060,21.89,85.3,21.57,82.3,29,91,OPEN,OPEN,MOVING_OPEN,1,3,3,1,0
2025-06-15 05:52:00,21120,21.87,85.2,21.55,82.3,29,91,OPEN,OPEN,MOVING_OPEN,1,3,3,1,0
2025-06-15 05:53:00,21180,21.85,85.2,21.53,82.3,25,91,OPEN,OPEN,MOVING_CLOSE,0,3,0,1,0
2025-06-15 05:54:00,21240,32.34,100.0,21.51,82.3,22,91,CLOSED,CLOSED,MOVING_CLOSE,0,3,0,1,0
2025-06-15 05:55:00,21300,32.45,100.0,21.49,82.3,25,91,CLOSED,CLOSED,MOVING_CLOSE,0,3,0,1,0
2025-06-15 05:56:00,21360,32.56,100.0,21.47,82.2,29,91,MOVING_OPEN,MOVING_OPEN,MOVING_OPEN,1,3,3,1,0
2025-06-15 05:57:00,21420,21.79,85.1,21.45,82.2,29,91,OPEN,OPEN,MOVING_OPEN,1,3,3,1,0
2025-06-15 05:58:00,21480,21.77,85.1,21.43,82.2,29,91,OPEN,OPEN,MOVING_OPEN,1,3,3,1,0
2025-06-15 05:59:00,21540,21.76,85.0,21.41,82.2,25,91,OPEN,OPEN,MOVING_CLOSE,0,3,0,1,0
2025-06-15 06:00:00,21600,33.04,100.0,21.42,82.1,22,91,CLOSED,CLOSED,MOVING_CLOSE,0,3,0,1,0
2025-06-15 06:01:00,21660,33.20,100.0,21.45,77.6,26,91,CLOSED,CLOSED,MOVING_CLOSE,0,3,0,1,0
2025-06-15 06:02:00,21720,33.36,100.0,21.48,77.5,29,91,MOVING_OPEN,MOVING_OPEN,MOVING_OPEN,1,3,3,1,0
2025-06-15 06:03:00,21780,21.88,77.0,21.52,74.1,29,90,OPEN,OPEN,MOVING_OPEN,1,3,3,1,0
2025-06-15 06:04:00,21840,21.92,76.9,21.55,74.0,26,88,OPEN,OPEN,MOVING_OPEN,1,3,3,1,0
2025-06-15 06:05:00,21900,21.69,74.8,21.58,73.9,26,88,OPEN,OPEN,OPEN,1,3,3,1,0
2025-06-15 06:06:00,21960,21.77,75.0,21.62,73.8,22,86,CLOSED,CLOSED,OPEN,0,3,0,1,0
2025-06-15 06:07:00,22020,21.80,74.9,21.65,73.7,22,81,CLOSED,CLOSED,OPEN,0,3,0,1,0
2025-06-15 06:08:00,22080,34.37,100.0,21.68,73.6,22,76,CLOSED,CLOSED,MOVING_CLOSE,0,1,0,1,0
2025-06-15 06:09:00,22140,34.54,100.0,21.72,73.5,26,80,CLOSED,CLOSED,MOVING_CLOSE,0,3,0,1,0
2025-06-15 06:10:00,22200,34.71,100.0,21.75,73.4,30,85,MOVING_OPEN,MOVING_OPEN,MOVING_OPEN,2,3,3,1,0
2025-06-15 06:11:00,22260,22.18,76.0,21.78,73.3,30,85,OPEN,OPEN,MOVING_OPEN,2,3,3,1,0
2025-06-15 06:12:00,22320,22.22,76.2,21.82,73.5,30,85,OPEN,OPEN,MOVING_OPEN,2,3,3,1,0
2025-06-15 06:13:00,22380,21.97,74.2,21.85,73.4,26,85,OPEN,OPEN,OPEN,1,3,3,1,0
2025-06-15 06:14:00,22440,22.06,74.4,21.89,73.3,22,85,CLOSED,CLOSED,OPEN,0,3,0,1,0
2025-06-15 06:15:00,22500,22.09,74.3,21.92,73.2,22,80,CLOSED,CLOSED,OPEN,0,3,0,1,0
2025-06-15 06:16:00,22560,35.75,100.0,21.96,80.4,22,76,CLOSED,CLOSED,MOVING_CLOSE,0,1,0,1,0
2025-06-15 06:17:00,22620,35.93,99.5,22.00,80.3,27,81,CLOSED,CLOSED,MOVING_CLOSE,0,3,0,1,0
2025-06-15 06:18:00,22680,36.10,98.5,22.03,80.1,31,85,MOVING_OPEN,MOVING_OPEN,MOVING_OPEN,3,3,3,1,0
2025-06-15 06:19:00,22740,22.50,82.3,22.07,80.0,31,85,OPEN,OPEN,MOVING_OPEN,3,3,3,1,0
2025-06-15 06:20:00,22800,22.53,82.2,22.10,79.9,32,87,OPEN,OPEN,MOVING_OPEN,3,3,3,1,0
2025-06-15 06:21:00,22860,22.58,82.0,22.14,79.8,27,88,OPEN,OPEN,MOVING_OPEN,1,3,3,1,0
2025-06-15 06:22:00,22920,22.35,80.6,22.17,79.7,22,89,CLOSED,CLOSED,OPEN,0,3,0,1,0
2025-06-15 06:23:00,22980,22.38,76.4,22.20,75.4,22,84,CLOSED,CLOSED,OPEN,0,3,0,1,0
2025-06-15 06:24:00,23040,37.15,91.1,22.23,75.3,22,80,CLOSED,CLOSED,MOVING_CLOSE,0,3,0,1,0
2025-06-15 06:25:00,23100,37.32,90.2,22.26,75.2,27,81,CLOSED,CLOSED,MOVING_CLOSE,0,3,0,1,0
2025-06-15 06:26:00,23160,37.50,89.3,22.30,75.1,27,81,CLOSED,CLOSED,MOVING_CLOSE,0,3,0,1,0
2025-06-15 06:27:00,23220,22.80,77.2,22.33,75.0,32,83,OPEN,OPEN,MOVING_OPEN,3,3,3,1,0
2025-06-15 06:28:00,23280,22.84,77.1,22.37,74.9,33,82,OPEN,OPEN,MOVING_OPEN,3,3,3,1,0
2025-06-15 06:29:00,23340,22.87,76.9,22.40,74.8,28,82,OPEN,OPEN,MOVING_OPEN,1,3,3,1,0
2025-06-15 06:30:00,23400,22.68,75.4,22.49,74.5,23,82,MOVING_CLOSE,MOVING_CLOSE,OPEN,0,3,0,1,0
2025-06-15 06:31:00,23460,22.83,75.0,22.63,74.1,23,79,CLOSED,CLOSED,OPEN,0,3,0,1,0
2025-06-15 06:32:00,23520,22.97,74.4,22.77,73.6,23,76,CLOSED,CLOSED,MOVING_CLOSE,0,1,0,1,0
2025-06-15 06:33:00,23580,39.14,81.6,22.92,73.2,23,76,CLOSED,CLOSED,MOVING_CLOSE,0,1,0,1,0
2025-06-15 06:34:00,23640,39.44,81.7,23.08,76.6,28,77,CLOSED,CLOSED,MOVING_CLOSE,0,2,0,1,0
2025-06-15 06:35:00,23700,23.72,77.9,23.22,76.1,34,78,OPEN,OPEN,MOVING_OPEN,3,3,3,1,0
2025-06-15 06:36:00,23760,23.87,77.4,23.37,75.7,34,78,OPEN,OPEN,MOVING_OPEN,3,3,3,1,0
2025-06-15 06:37:00,23820,24.02,76.9,23.51,75.2,29,78,OPEN,OPEN,MOVING_OPEN,1,3,3,1,0
2025-06-15 06:38:00,23880,23.86,75.4,23.65,74.7,24,79,MOVING_CLOSE,MOVING_CLOSE,OPEN,0,3,0,1,0
2025-06-15 06:39:00,23940,24.00,74.9,23.79,74.2,24,77,CLOSED,CLOSED,OPEN,0,2,0,1,0
2025-06-15 06:40:00,24000,24.15,74.4,23.94,73.7,24,77,CLOSED,CLOSED,OPEN,0,2,0,1,0
2025-06-15 06:41:00,24060,41.48,73.2,24.08,73.2,24,76,CLOSED,CLOSED,MOVING_CLOSE,0,1,0,1,0
2025-06-15 06:42:00,24120,24.75,74.2,24.22,72.7,30,75,OPEN,OPEN,MOVING_CLOSE,2,-1,2,1,0
2025-06-15 06:43:00,24180,24.91,73.7,24.37,72.3,30,74,OPEN,OPEN,MOVING_CLOSE,2,-1,2,1,0
2025-06-15 06:44:00,24240,25.05,73.2,24.51,71.8,30,74,OPEN,OPEN,CLOSED,2,-1,2,1,0
2025-06-15 06:45:00,24300,42.64,68.7,24.65,71.3,25,73,MOVING_CLOSE,MOVING_CLOSE,CLOSED,0,-1,0,1,0
2025-06-15 06:46:00,24360,42.94,67.6,24.80,70.8,31,72,MOVING_OPEN,MOVING_OPEN,MOVING_OPEN,3,-1,3,1,0
2025-06-15 06:47:00,24420,25.49,71.6,24.94,70.3,31,72,OPEN,OPEN,MOVING_OPEN,3,-1,3,1,0
2025-06-15 06:48:00,24480,25.65,71.2,25.09,69.9,31,72,OPEN,OPEN,MOVING_OPEN,3,-1,3,1,0
2025-06-15 06:49:00,24540,25.39,69.8,25.23,69.4,31,71,OPEN,OPEN,OPEN,3,-1,3,1,0
2025-06-15 06:50:00,24600,25.56,69.3,25.37,68.9,26,70,OPEN,CLOSED,OPEN,1,-1,1,1,0
2025-06-15 06:51:00,24660,25.71,68.8,25.52,68.4,26,70,OPEN,CLOSED,OPEN,1,-1,1,1,0
2025-06-15 06:52:00,24720,26.78,70.0,25.66,67.9,26,70,OPEN,CLOSED,MOVING_CLOSE,1,-1,1,1,0
2025-06-15 06:53:00,24780,26.94,69.5,25.81,67.5,26,69,OPEN,CLOSED,MOVING_CLOSE,1,-1,1,1,0
2025-06-15 06:54:00,24840,27.09,69.0,25.95,67.0,26,69,OPEN,CLOSED,MOVING_CLOSE,1,-1,1,1,0
2025-06-15 06:55:00,24900,27.24,68.4,26.09,66.5,27,69,OPEN,CLOSED,CLOSED,1,-1,1,1,0
2025-06-15 06:56:00,24960,27.40,67.8,26.24,66.0,27,69,OPEN,CLOSED,CLOSED,1,-1,1,1,0
2025-06-15 06:57:00,25020,27.55,67.4,26.38,65.6,27,69,OPEN,CLOSED,CLOSED,1,-1,1,1,0
2025-06-15 06:58:00,25080,27.70,66.8,26.53,65.1,27,68,OPEN,CLOSED,CLOSED,1,-1,1,1,0
2025-06-15 06:59:00,25140,27.85,66.3,26.67,64.6,28,68,OPEN,CLOSED,CLOSED,1,-1,1,1,0
2025-06-15 07:00:00,25200,27.94,66.0,26.75,64.4,28,67,OPEN,CLOSED,CLOSED,1,-1,1,1,0
2025-06-15 07:01:00,25260,27.97,65.9,26.77,64.3,28,67,OPEN,CLOSED,CLOSED,1,-1,1,1,0
2025-06-15 07:02:00,25320,27.99,65.8,26.78,64.2,28,67,OPEN,CLOSED,CLOSED,1,-1,1,1,0
2025-06-15 07:03:00,25380,28.02,65.7,26.80,64.2,28,66,OPEN,CLOSED,CLOSED,1,-1,1,1,0
2025-06-15 07:04:00,25440,28.05,65.6,26.82,64.1,28,66,OPEN,CLOSED,CLOSED,1,-1,1,1,0
2025-06-15 07:05:00,25500,28.07,65.5,26.83,64.1,28,66,OPEN,CLOSED,CLOSED,1,-1,1,1,0
2025-06-15 07:06:00,25560,28.10,65.4,26.85,64.0,28,66,OPEN,CLOSED,CLOSED,1,-1,1,1,0
2025-06-15 07:07:00,25620,28.13,65.4,26.87,64.0,28,66,OPEN,CLOSED,CLOSED,1,-1,1,1,0
2025-06-15 07:08:00,25680,28.14,65.2,26.88,63.9,28,66,OPEN,CLOSED,CLOSED,1,-1,1,1,0
2025-06-15 07:09:00,25740,28.17,65.2,26.90,63.9,28,65,OPEN,CLOSED,CLOSED,1,-1,1,1,0
2025-06-15 07:10:00,25800,28.20,65.1,26.92,63.8,28,65,OPEN,CLOSED,CLOSED,1,-1,1,1,0
2025-06-15 07:11:00,25860,28.23,64.9,26.94,63.7,28,65,OPEN,CLOSED,CLOSED,1,-1,1,1,0
2025-06-15 07:12:00,25920,28.25,64.9,26.95,63.7,28,65,OPEN,CLOSED,CLOSED,1,-1,1,1,0
2025-06-15 07:13:00,25980,28.28,64.7,26.97,63.6,28,65,OPEN,CLOSED,CLOSED,1,-1,1,1,0
2025-06-15 07:14:00,26040,28.31,64.7,26.99,63.6,28,65,OPEN,CLOSED,CLOSED,1,-1,1,1,0
2025-06-15 07:15:00,26100,28.34,64.6,27.01,63.5,28,65,OPEN,CLOSED,CLOSED,1,-1,1,1,0
2025-06-15 07:16:00,26160,28.36,64.4,27.02,63.4,28,65,OPEN,CLOSED,CLOSED,1,-1,1,1,0
2025-06-15 07:17:00,26220,28.39,64.4,27.04,63.4,28,65,OPEN,CLOSED,CLOSED,1,-1,1,1,0
2025-06-15 07:18:00,26280,28.42,64.3,27.06,63.3,28,65,OPEN,CLOSED,CLOSED,1,-1,1,1,0
2025-06-15 07:19:00,26340,28.44,64.2,27.08,63.3,28,64,OPEN,CLOSED,CLOSED,1,-1,1,1,0
2025-06-15 07:20:00,26400,28.46,64.1,27.09,63.2,28,64,OPEN,CLOSED,CLOSED,1,-1,1,1,0
2025-06-15 07:21:00,26460,28.49,64.0,27.11,63.2,28,64,OPEN,CLOSED,CLOSED,1,-1,1,1,0
2025-06-15 07:22:00,26520,28.52,63.9,27.13,63.1,28,64,OPEN,CLOSED,CLOSED,1,-1,1,1,0
2025-06-15 07:23:00,26580,28.55,63.8,27.15,63.0,28,64,OPEN,CLOSED,CLOSED,1,-1,1,1,0
2025-06-15 07:24:00,26640,28.58,63.7,27.17,63.0,29,64,OPEN,CLOSED,CLOSED,1,-1,1,1,0
2025-06-15 07:25:00,26700,28.60,63.6,27.18,62.9,29,64,OPEN,CLOSED,CLOSED,1,-1,1,1,0
2025-06-15 07:26:00,26760,28.63,63.6,27.20,62.9,29,64,OPEN,CLOSED,CLOSED,1,-1,1,1,0
2025-06-15 07:27:00,26820,28.66,63.4,27.22,62.8,29,64,OPEN,CLOSED,CLOSED,1,-1,1,1,0
2025-06-15 07:28:00,26880,28.69,63.3,27.24,62.7,29,64,OPEN,CLOSED,CLOSED,1,-1,1,1,0
2025-06-15 07:29:00,26940,28.72,63.3,27.26,62.7,29,64,OPEN,CLOSED,CLOSED,1,-1,1,1,0
2025-06-15 07:30:00,27000,28.75,63.1,27.28,62.6,29,63,OPEN,CLOSED,CLOSED,1,-1,1,1,0
2025-06-15 07:31:00,27060,28.76,63.0,27.29,62.5,29,63,OPEN,CLOSED,CLOSED,1,-1,1,1,0
2025-06-15 07:32:00,27120,28.79,63.0,27.31,62.5,29,63,OPEN,CLOSED,CLOSED,1,-1,1,1,0
2025-06-15 07:33:00,27180,28.82,62.8,27.33,62.4,29,63,OPEN,CLOSED,CLOSED,1,-1,1,1,0
2025-06-15 07:34:00,27240,28.85,62.8,27.35,62.4,29,63,OPEN,CLOSED,CLOSED,1,-1,1,1,0
2025-06-15 07:35:00,27300,28.88,62.6,27.37,62.3,29,63,OPEN,CLOSED,CLOSED,1,-1,1,1,0
2025-06-15 07:36:00,27360,28.91,62.5,27.39,62.2,29,63,OPEN,CLOSED,CLOSED,1,-1,1,1,0
2025-06-15 07:37:00,27420,28.94,62.5,27.41,62.2,29,63,OPEN,CLOSED,CLOSED,1,-1,1,1,0
2025-06-15 07:38:00,27480,28.97,62.3,27.43,62.1,29,63,OPEN,CLOSED,CLOSED,1,-1,1,1,0
2025-06-15 07:39:00,27540,28.99,62.2,27.44,62.0,29,63,OPEN,CLOSED,CLOSED,1,-1,1,1,0
2025-06-15 07:40:00,27600,29.02,62.2,27.46,62.0,29,62,OPEN,CLOSED,CLOSED,1,-1,1,1,0
2025-06-15 07:41:00,27660,29.05,62.0,27.48,61.9,29,62,OPEN,CLOSED,CLOSED,1,-1,1,1,0
2025-06-15 07:42:00,27720,29.08,62.0,27.50,61.9,29,62,OPEN,CLOSED,CLOSED,1,-1,1,1,0
2025-06-15 07:43:00,27780,29.10,61.9,27.52,61.8,29,62,OPEN,CLOSED,CLOSED,1,-1,1,1,0
2025-06-15 07:44:00,27840,29.13,61.7,27.54,61.7,29,62,OPEN,CLOSED,CLOSED,1,-1,1,1,0
2025-06-15 07:45:00,27900,29.16,61.7,27.56,61.7,29,62,OPEN,CLOSED,CLOSED,1,-1,1,1,0
2025-06-15 07:46:00,27960,29.19,61.6,27.58,61.6,29,62,OPEN,CLOSED,CLOSED,1,-1,1,1,0
2025-06-15 07:47:00,28020,29.22,61.4,27.60,61.5,29,62,OPEN,CLOSED,CLOSED,1,-1,1,1,0
2025-06-15 07:48:00,28080,29.25,61.4,27.62,61.5,29,62,OPEN,CLOSED,CLOSED,1,-1,1,1,0
2025-06-15 07:49:00,28140,29.28,61.3,27.64,61.4,29,62,OPEN,CLOSED,CLOSED,1,-1,1,1,0
2025-06-15 07:50:00,28200,29.31,61.1,27.66,61.3,29,62,OPEN,CLOSED,CLOSED,1,-1,1,1,0
2025-06-15 07:51:00,28260,29.34,61.1,27.68,61.3,29,61,OPEN,CLOSED,CLOSED,1,-1,1,1,0
2025-06-15 07:52:00,28320,29.37,61.0,27.70,61.2,29,61,OPEN,CLOSED,CLOSED,1,-1,1,1,0
2025-06-15 07:53:00,28380,29.40,60.8,27.72,61.1,29,61,OPEN,CLOSED,CLOSED,1,-1,1,1,0
2025-06-15 07:54:00,28440,29.42,60.8,27.74,61.1,29,61,OPEN,CLOSED,CLOSED,1,-1,1,1,0
2025-06-15 07:55:00,28500,29.45,60.7,27.76,61.0,29,61,OPEN,CLOSED,CLOSED,1,-1,1,1,0
2025-06-15 07:56:00,28560,29.48,60.6,27.78,61.0,29,61,OPEN,CLOSED,CLOSED,1,-1,1,1,0
2025-06-15 07:57:00,28620,29.51,60.5,27.80,60.9,29,61,OPEN,CLOSED,CLOSED,1,-1,1,1,0
2025-06-15 07:58:00,28680,29.54,60.4,27.82,60.8,29,61,OPEN,CLOSED,CLOSED,1,-1,1,1,0
2025-06-15 07:59:00,28740,28.73,60.6,27.84,60.8,30,61,OPEN,OPEN,CLOSED,2,-1,2,1,0
2025-06-15 08:00:00,28800,28.76,60.4,27.86,60.6,29,61,OPEN,OPEN,CLOSED,1,-1,1,1,0
2025-06-15 08:01:00,28860,28.79,60.3,27.89,60.5,29,60,OPEN,OPEN,CLOSED,1,-1,1,1,0
2025-06-15 08:02:00,28920,29.68,59.9,27.92,60.4,29,60,OPEN,MOVING_CLOSE,CLOSED,1,-1,1,1,0
2025-06-15 08:03:00,28980,29.72,59.6,27.95,60.2,29,60,OPEN,CLOSED,CLOSED,1,-1,1,1,0
2025-06-15 08:04:00,29040,29.75,59.5,27.98,60.1,29,60,OPEN,CLOSED,CLOSED,1,-1,1,1,0
2025-06-15 08:05:00,29100,29.78,59.4,28.00,60.0,29,60,OPEN,CLOSED,CLOSED,1,-1,1,1,0
2025-06-15 08:06:00,29160,28.66,57.8,27.74,57.9,30,60,OPEN,OPEN,CLOSED,2,-1,2,1,0
2025-06-15 08:07:00,29220,28.70,57.7,27.77,57.8,29,59,OPEN,OPEN,CLOSED,1,-1,1,1,0
2025-06-15 08:08:00,29280,28.72,57.5,27.79,57.6,29,59,OPEN,OPEN,CLOSED,1,-1,1,1,0
2025-06-15 08:09:00,29340,29.63,57.1,27.81,57.5,29,58,OPEN,MOVING_CLOSE,CLOSED,1,-1,1,1,0
2025-06-15 08:10:00,29400,29.67,56.9,27.84,57.4,29,58,OPEN,CLOSED,CLOSED,1,-1,1,1,0
2025-06-15 08:11:00,29460,29.70,56.8,27.86,57.3,29,58,OPEN,CLOSED,CLOSED,1,-1,1,1,0
2025-06-15 08:12:00,29520,29.74,56.7,27.89,57.2,29,57,OPEN,CLOSED,CLOSED,1,-1,1,1,0
2025-06-15 08:13:00,29580,28.87,56.8,27.91,57.0,30,57,OPEN,OPEN,CLOSED,2,-1,2,1,0
2025-06-15 08:14:00,29640,28.90,56.7,27.94,56.9,29,57,OPEN,OPEN,CLOSED,1,-1,1,1,0
2025-06-15 08:15:00,29700,28.92,56.6,27.96,56.8,29,57,OPEN,OPEN,CLOSED,1,-1,1,1,0
2025-06-15 08:16:00,29760,29.87,56.1,27.99,56.7,29,57,OPEN,MOVING_CLOSE,CLOSED,1,-1,1,1,0
2025-06-15 08:17:00,29820,30.24,57.4,28.35,58.3,29,57,OPEN,CLOSED,CLOSED,1,-1,1,1,0
2025-06-15 08:18:00,29880,30.28,57.2,28.38,58.1,29,57,OPEN,CLOSED,CLOSED,1,-1,1,1,0
2025-06-15 08:19:00,29940,29.39,57.6,28.41,58.0,30,57,OPEN,OPEN,CLOSED,2,-1,2,1,0
2025-06-15 08:20:00,30000,29.43,57.4,28.44,57.9,30,57,OPEN,OPEN,CLOSED,2,-1,2,1,0
2025-06-15 08:21:00,30060,29.46,57.2,28.47,57.7,30,57,OPEN,OPEN,CLOSED,2,-1,2,1,0
2025-06-15 08:22:00,30120,30.43,56.6,28.50,57.6,29,57,OPEN,MOVING_CLOSE,CLOSED,1,-1,1,1,0
2025-06-15 08:23:00,30180,30.47,56.4,28.53,57.5,30,57,OPEN,MOVING_OPEN,CLOSED,2,-1,2,1,0
2025-06-15 08:24:00,30240,29.57,56.8,28.56,57.3,30,57,OPEN,OPEN,CLOSED,2,-1,2,1,0
2025-06-15 08:25:00,30300,29.60,56.7,28.59,57.2,30,57,OPEN,OPEN,CLOSED,2,-1,2,1,0
2025-06-15 08:26:00,30360,29.63,56.5,28.62,57.0,30,57,OPEN,OPEN,CLOSED,2,-1,2,1,0
2025-06-15 08:27:00,30420,29.67,56.4,28.65,56.9,30,57,OPEN,OPEN,CLOSED,2,-1,2,1,0
2025-06-15 08:28:00,30480,29.31,54.8,28.29,55.2,30,56,OPEN,OPEN,CLOSED,2,-1,2,1,0
2025-06-15 08:29:00,30540,30.30,54.2,28.31,55.1,29,56,OPEN,MOVING_CLOSE,CLOSED,1,-1,1,1,0
2025-06-15 08:30:00,30600,30.34,54.2,28.34,55.1,30,56,OPEN,MOVING_OPEN,CLOSED,2,-1,2,1,0
2025-06-15 08:31:00,30660,29.40,54.7,28.36,55.1,30,55,OPEN,OPEN,CLOSED,2,-1,2,1,0
2025-06-15 08:32:00,30720,29.43,54.7,28.39,55.2,30,55,OPEN,OPEN,CLOSED,2,-1,2,1,0
2025-06-15 08:33:00,30780,29.45,54.8,28.41,55.3,30,55,OPEN,OPEN,CLOSED,2,-1,2,1,0
2025-06-15 08:34:00,30840,30.48,54.3,28.44,55.4,29,55,OPEN,CLOSED,CLOSED,1,-1,1,1,0
2025-06-15 08:35:00,30900,29.51,54.9,28.46,55.4,30,55,OPEN,OPEN,CLOSED,2,-1,2,1,0
2025-06-15 08:36:00,30960,29.55,54.9,28.49,55.5,30,55,OPEN,OPEN,CLOSED,2,-1,2,1,0
2025-06-15 08:37:00,31020,29.57,55.0,28.51,55.6,30,55,OPEN,OPEN,CLOSED,2,-1,2,1,0
2025-06-15 08:38:00,31080,29.61,55.0,28.54,55.6,30,55,OPEN,OPEN,CLOSED,2,-1,2,1,0
2025-06-15 08:39:00,31140,29.63,55.1,28.56,55.7,30,55,OPEN,OPEN,CLOSED,2,-1,2,1,0
2025-06-15 08:40:00,31200,29.66,55.2,28.59,55.8,30,55,OPEN,OPEN,CLOSED,2,-1,2,1,0
2025-06-15 08:41:00,31260,29.69,55.1,28.61,55.8,30,55,OPEN,OPEN,CLOSED,2,-1,2,1,0
2025-06-15 08:42:00,31320,29.72,55.2,28.64,55.9,30,55,OPEN,OPEN,CLOSED,2,-1,2,1,0
2025-06-15 08:43:00,31380,29.75,55.3,28.66,56.0,30,55,OPEN,OPEN,CLOSED,2,-1,2,1,0
2025-06-15 08:44:00,31440,29.78,55.3,28.69,56.0,30,55,OPEN,OPEN,CLOSED,2,-1,2,1,0
2025-06-15 08:45:00,31500,29.82,55.3,28.72,56.1,30,55,OPEN,OPEN,CLOSED,2,-1,2,1,0
2025-06-15 08:46:00,31560,29.84,55.4,28.74,56.2,30,55,OPEN,OPEN,CLOSED,2,-1,2,1,0
2025-06-15 08:47:00,31620,29.87,55.5,28.77,56.3,30,55,OPEN,OPEN,CLOSED,2,-1,2,1,0
2025-06-15 08:48:00,31680,29.90,55.5,28.79,56.3,30,55,OPEN,OPEN,CLOSED,2,-1,2,1,0
2025-06-15 08:49:00,31740,29.93,55.6,28.82,56.4,30,55,OPEN,OPEN,CLOSED,2,-1,2,1,0
2025-06-15 08:50:00,31800,29.96,55.6,28.84,56.5,30,55,OPEN,OPEN,CLOSED,2,-1,2,1,0
2025-06-15 08:51:00,31860,29.99,55.6,28.87,56.5,30,56,OPEN,OPEN,CLOSED,2,-1,2,1,0
2025-06-15 08:52:00,31920,30.02,55.7,28.89,56.6,30,56,OPEN,OPEN,CLOSED,2,-1,2,1,0
2025-06-15 08:53:00,31980,30.05,55.8,28.92,56.7,30,56,OPEN,OPEN,CLOSED,2,-1,2,1,0
2025-06-15 08:54:00,32040,30.07,55.7,28.94,56.7,30,56,OPEN,OPEN,CLOSED,2,-1,2,1,0
2025-06-15 08:55:00,32100,30.11,55.8,28.97,56.8,30,56,OPEN,OPEN,CLOSED,2,-1,2,1,0
2025-06-15 08:56:00,32160,30.13,55.9,28.99,56.9,30,56,OPEN,OPEN,CLOSED,2,-1,2,1,0
2025-06-15 08:57:00,32220,30.17,55.9,29.02,56.9,30,56,OPEN,OPEN,CLOSED,2,-1,2,1,0
2025-06-15 08:58:00,32280,30.20,56.0,29.05,57.0,30,56,OPEN,OPEN,CLOSED,2,-1,2,1,0
2025-06-15 08:59:00,32340,30.22,56.0,29.07,57.1,30,56,OPEN,OPEN,CLOSED,2,-1,2,1,0
2025-06-15 09:00:00,32400,30.26,56.0,29.10,57.1,30,56,OPEN,OPEN,CLOSED,2,-1,2,1,0
2025-06-15 09:01:00,32460,30.28,55.9,29.12,57.0,30,56,OPEN,OPEN,CLOSED,2,-1,2,1,0
2025-06-15 09:02:00,32520,30.32,55.8,29.15,56.9,30,56,OPEN,OPEN,CLOSED,2,-1,2,1,0
2025-06-15 09:03:00,32580,30.34,55.7,29.17,56.8,30,56,OPEN,OPEN,CLOSED,2,-1,2,1,0
2025-06-15 09:04:00,32640,30.37,55.5,29.20,56.6,30,56,OPEN,OPEN,CLOSED,2,-1,2,1,0
2025-06-15 09:05:00,32700,30.40,55.4,29.22,56.5,30,56,OPEN,OPEN,CLOSED,2,-1,2,1,0
2025-06-15 09:06:00,32760,30.43,55.3,29.25,56.4,30,56,OPEN,OPEN,CLOSED,2,-1,2,1,0
2025-06-15 09:07:00,32820,30.46,55.2,29.27,56.3,30,56,OPEN,OPEN,CLOSED,2,-1,2,1,0
2025-06-15 09:08:00,32880,30.49,55.0,29.30,56.2,30,55,OPEN,OPEN,CLOSED,2,-1,2,1,0
2025-06-15 09:09:00,32940,30.51,54.9,29.32,56.1,30,55,OPEN,OPEN,CLOSED,2,-1,2,1,0
2025-06-15 09:10:00,33000,30.55,54.8,29.35,56.0,30,55,OPEN,OPEN,CLOSED,2,-1,2,1,0
2025-06-15 09:11:00,33060,30.57,54.7,29.37,55.9,31,55,OPEN,OPEN,MOVING_OPEN,3,-1,3,1,0
2025-06-15 09:12:00,33120,30.60,54.6,29.40,55.8,31,55,OPEN,OPEN,MOVING_OPEN,3,-1,3,1,0
2025-06-15 09:13:00,33180,30.64,54.5,29.43,55.7,31,55,OPEN,OPEN,MOVING_OPEN,3,-1,3,1,0
2025-06-15 09:14:00,33240,29.80,55.3,29.45,55.6,31,55,OPEN,OPEN,OPEN,3,-1,3,1,0
2025-06-15 09:15:00,33300,29.83,55.2,29.48,55.5,30,55,OPEN,OPEN,OPEN,2,-1,2,1,0
2025-06-15 09:16:00,33360,29.86,55.1,29.50,55.4,30,55,OPEN,OPEN,OPEN,2,-1,2,1,0
2025-06-15 09:17:00,33420,30.75,54.1,29.53,55.3,30,55,OPEN,OPEN,MOVING_CLOSE,2,-1,2,1,0
2025-06-15 09:18:00,33480,30.78,54.0,29.55,55.2,30,55,OPEN,OPEN,MOVING_CLOSE,2,-1,2,1,0
2025-06-15 09:19:00,33540,30.81,53.8,29.58,55.1,30,55,OPEN,OPEN,MOVING_CLOSE,2,-1,2,1,0
2025-06-15 09:20:00,33600,30.83,53.7,29.60,55.0,31,54,OPEN,OPEN,MOVING_OPEN,3,-1,3,1,0
2025-06-15 09:21:00,33660,30.87,53.6,29.63,54.9,31,54,OPEN,OPEN,MOVING_OPEN,3,-1,3,1,0
2025-06-15 09:22:00,33720,30.89,53.5,29.65,54.8,31,54,OPEN,OPEN,MOVING_OPEN,3,-1,3,1,0
2025-06-15 09:23:00,33780,30.04,54.3,29.68,54.7,31,54,OPEN,OPEN,OPEN,3,-1,3,1,0
2025-06-15 09:24:00,33840,30.06,54.2,29.70,54.6,31,54,OPEN,OPEN,OPEN,3,-1,3,1,0
2025-06-15 09:25:00,33900,30.10,54.1,29.73,54.5,30,54,OPEN,OPEN,OPEN,2,-1,2,1,0
2025-06-15 09:26:00,33960,31.02,53.1,29.76,54.4,30,54,OPEN,OPEN,MOVING_CLOSE,2,-1,2,1,0
2025-06-15 09:27:00,34020,31.04,53.0,29.78,54.3,30,54,OPEN,OPEN,MOVING_CLOSE,2,-1,2,1,0
2025-06-15 09:28:00,34080,31.07,52.9,29.81,54.2,30,54,OPEN,OPEN,MOVING_CLOSE,2,-1,2,1,0
2025-06-15 09:29:00,34140,31.10,52.8,29.83,54.1,31,54,OPEN,OPEN,MOVING_OPEN,3,-1,3,1,0
2025-06-15 09:30:00,34200,31.11,52.8,29.84,54.1,31,53,OPEN,OPEN,MOVING_OPEN,3,-1,3,1,0
2025-06-15 09:31:00,34260,31.06,52.8,29.79,54.1,31,53,OPEN,OPEN,MOVING_OPEN,3,-1,3,1,0
2025-06-15 09:32:00,34320,30.10,53.8,29.73,54.2,31,53,OPEN,OPEN,OPEN,3,-1,3,1,0
2025-06-15 09:33:00,34380,30.05,53.9,29.68,54.3,30,53,OPEN,OPEN,OPEN,2,-1,2,1,0
2025-06-15 09:34:00,34440,29.99,54.0,29.62,54.4,30,53,OPEN,OPEN,MOVING_CLOSE,2,-1,2,1,0
2025-06-15 09:35:00,34500,30.86,53.1,29.57,54.5,30,53,OPEN,OPEN,MOVING_CLOSE,2,-1,2,1,0
2025-06-15 09:36:00,34560,30.80,53.2,29.51,54.6,30,54,OPEN,OPEN,MOVING_CLOSE,2,-1,2,1,0
2025-06-15 09:37:00,34620,30.75,53.3,29.46,54.7,31,54,OPEN,OPEN,MOVING_OPEN,3,-1,3,1,0
2025-06-15 09:38:00,34680,30.70,53.4,29.40,54.8,31,54,OPEN,OPEN,MOVING_OPEN,3,-1,3,1,0
2025-06-15 09:39:00,34740,30.65,53.4,29.35,54.8,31,53,OPEN,OPEN,MOVING_OPEN,3,-1,3,1,0
2025-06-15 09:40:00,34800,29.67,54.5,29.29,54.9,30,54,OPEN,OPEN,OPEN,2,-1,2,1,0
2025-06-15 09:41:00,34860,29.62,54.6,29.24,55.0,30,54,OPEN,OPEN,OPEN,2,-1,2,1,0
2025-06-15 09:42:00,34920,29.56,54.7,29.18,55.1,30,54,OPEN,OPEN,OPEN,2,-1,2,1,0
2025-06-15 09:43:00,34980,30.44,53.7,29.13,55.2,30,54,OPEN,OPEN,MOVING_CLOSE,2,-1,2,1,0
2025-06-15 09:44:00,35040,30.39,53.8,29.07,55.3,30,54,OPEN,OPEN,MOVING_CLOSE,2,-1,2,1,0
2025-06-15 09:45:00,35100,30.34,53.9,29.02,55.4,30,54,OPEN,OPEN,MOVING_CLOSE,2,-1,2,1,0
2025-06-15 09:46:00,35160,30.28,54.0,28.96,55.5,30,54,OPEN,OPEN,CLOSED,2,-1,2,1,0
2025-06-15 09:47:00,35220,30.23,54.0,28.91,55.5,30,54,OPEN,OPEN,CLOSED,2,-1,2,1,0
2025-06-15 09:48:00,35280,30.18,54.1,28.85,55.6,30,54,OPEN,OPEN,CLOSED,2,-1,2,1,0
2025-06-15 09:49:00,35340,30.13,54.2,28.80,55.7,30,54,OPEN,OPEN,CLOSED,2,-1,2,1,0
2025-06-15 09:50:00,35400,30.07,54.3,28.74,55.8,30,54,OPEN,OPEN,CLOSED,2,-1,2,1,0
2025-06-15 09:51:00,35460,30.03,54.4,28.69,55.9,30,54,OPEN,OPEN,CLOSED,2,-1,2,1,0
2025-06-15 09:52:00,35520,29.97,54.5,28.63,56.0,30,54,OPEN,OPEN,CLOSED,2,-1,2,1,0
2025-06-15 09:53:00,35580,29.92,54.5,28.58,56.1,30,54,OPEN,OPEN,CLOSED,2,-1,2,1,0
2025-06-15 09:54:00,35640,29.87,54.6,28.52,56.2,30,54,OPEN,OPEN,CLOSED,2,-1,2,1,0
2025-06-15 09:55:00,35700,29.82,54.6,28.47,56.2,30,55,OPEN,OPEN,CLOSED,2,-1,2,1,0
2025-06-15 09:56:00,35760,29.76,54.7,28.41,56.3,30,55,OPEN,OPEN,CLOSED,2,-1,2,1,0
2025-06-15 09:57:00,35820,29.71,54.8,28.36,56.4,30,55,OPEN,OPEN,CLOSED,2,-1,2,1,0
2025-06-15 09:58:00,35880,29.66,54.9,28.30,56.5,30,55,OPEN,OPEN,CLOSED,2,-1,2,1,0
2025-06-15 09:59:00,35940,29.61,55.0,28.25,56.6,30,55,OPEN,OPEN,CLOSED,2,-1,2,1,0
2025-06-15 10:00:00,36000,29.56,55.1,28.20,56.7,30,55,OPEN,OPEN,CLOSED,2,-1,2,1,0
2025-06-15 10:01:00,36060,29.53,55.2,28.16,56.8,30,55,OPEN,OPEN,CLOSED,2,-1,2,1,0
2025-06-15 10:02:00,36120,29.49,55.2,28.12,56.8,30,55,OPEN,OPEN,CLOSED,2,-1,2,1,0
2025-06-15 10:03:00,36180,29.46,55.3,28.09,56.9,30,55,OPEN,OPEN,CLOSED,2,-1,2,1,0
2025-06-15 10:04:00,36240,30.72,53.7,28.05,57.0,29,55,OPEN,CLOSED,CLOSED,1,-1,1,1,0
2025-06-15 10:05:00,36300,29.39,55.4,28.01,57.1,30,55,OPEN,OPEN,CLOSED,2,-1,2,1,0
2025-06-15 10:06:00,36360,29.35,55.5,27.97,57.2,30,55,OPEN,OPEN,CLOSED,2,-1,2,1,0
2025-06-15 10:07:00,36420,30.22,55.2,28.84,57.0,30,55,OPEN,OPEN,CLOSED,2,-1,2,1,0
2025-06-15 10:08:00,36480,30.18,55.3,28.80,57.1,30,55,OPEN,OPEN,CLOSED,2,-1,2,1,0
2025-06-15 10:09:00,36540,30.16,55.3,28.77,57.1,30,55,OPEN,OPEN,CLOSED,2,-1,2,1,0
2025-06-15 10:10:00,36600,30.13,55.4,28.74,57.2,30,55,OPEN,OPEN,CLOSED,2,-1,2,1,0
2025-06-15 10:11:00,36660,30.10,55.5,28.71,57.3,30,55,OPEN,OPEN,CLOSED,2,-1,2,1,0
2025-06-15 10:12:00,36720,30.06,55.5,28.67,57.3,30,55,OPEN,OPEN,CLOSED,2,-1,2,1,0
2025-06-15 10:13:00,36780,30.04,55.6,28.64,57.4,30,55,OPEN,OPEN,CLOSED,2,-1,2,1,0
2025-06-15 10:14:00,36840,30.01,55.6,28.61,57.5,30,55,OPEN,OPEN,CLOSED,2,-1,2,1,0
2025-06-15 10:15:00,36900,29.97,55.6,28.57,57.5,30,56,OPEN,OPEN,CLOSED,2,-1,2,1,0
2025-06-15 10:16:00,36960,29.94,55.7,28.54,57.6,30,56,OPEN,OPEN,CLOSED,2,-1,2,1,0
2025-06-15 10:17:00,37020,29.92,55.8,28.51,57.7,30,56,OPEN,OPEN,CLOSED,2,-1,2,1,0
2025-06-15 10:18:00,37080,28.93,56.3,27.52,58.1,30,56,OPEN,OPEN,CLOSED,2,-1,2,1,0
2025-06-15 10:19:00,37140,28.89,56.4,27.48,58.2,30,56,OPEN,OPEN,CLOSED,2,-1,2,1,0
2025-06-15 10:20:00,37200,30.18,54.8,27.44,58.3,29,56,OPEN,CLOSED,CLOSED,1,-1,1,1,0
2025-06-15 10:21:00,37260,30.15,54.8,27.40,58.4,29,56,OPEN,CLOSED,CLOSED,1,-1,1,1,0
2025-06-15 10:22:00,37320,30.11,54.8,27.36,58.4,30,56,OPEN,MOVING_OPEN,CLOSED,2,-1,2,1,0
2025-06-15 10:23:00,37380,28.75,56.7,27.33,58.5,30,56,OPEN,OPEN,CLOSED,2,-1,2,1,0
2025-06-15 10:24:00,37440,28.71,56.8,27.29,58.6,30,56,OPEN,OPEN,CLOSED,2,-1,2,1,0
2025-06-15 10:25:00,37500,28.67,56.9,27.25,58.7,29,56,OPEN,OPEN,CLOSED,1,-1,1,1,0
2025-06-15 10:26:00,37560,29.98,55.2,27.21,58.8,29,56,OPEN,CLOSED,CLOSED,1,-1,1,1,0
2025-06-15 10:27:00,37620,29.94,55.2,27.17,58.8,29,56,OPEN,CLOSED,CLOSED,1,-1,1,1,0
2025-06-15 10:28:00,37680,29.91,55.3,27.13,58.9,30,56,OPEN,MOVING_OPEN,CLOSED,2,-1,2,1,0
2025-06-15 10:29:00,37740,29.54,56.4,28.11,58.4,30,56,OPEN,OPEN,CLOSED,2,-1,2,1,0
2025-06-15 10:30:00,37800,29.62,56.2,28.18,58.2,30,56,OPEN,OPEN,CLOSED,2,-1,2,1,0
2025-06-15 10:31:00,37860,29.78,55.8,28.34,57.8,30,56,OPEN,OPEN,CLOSED,2,-1,2,1,0
2025-06-15 10:32:00,37920,29.93,55.4,28.49,57.4,30,56,OPEN,OPEN,CLOSED,2,-1,2,1,0
2025-06-15 10:33:00,37980,30.09,55.0,28.65,57.0,30,56,OPEN,OPEN,CLOSED,2,-1,2,1,0
2025-06-15 10:34:00,38040,30.25,54.6,28.81,56.6,30,56,OPEN,OPEN,CLOSED,2,-1,2,1,0
2025-06-15 10:35:00,38100,30.42,54.3,28.97,56.2,30,55,OPEN,OPEN,CLOSED,2,-1,2,1,0
2025-06-15 10:36:00,38160,30.58,53.9,29.13,55.8,30,55,OPEN,OPEN,CLOSED,2,-1,2,1,0
2025-06-15 10:37:00,38220,30.74,53.5,29.29,55.4,31,54,OPEN,OPEN,MOVING_OPEN,3,-1,3,1,0
2025-06-15 10:38:00,38280,30.90,53.1,29.45,55.0,31,54,OPEN,OPEN,MOVING_OPEN,3,-1,3,1,0
2025-06-15 10:39:00,38340,31.06,52.7,29.61,54.6,31,54,OPEN,OPEN,MOVING_OPEN,3,-1,3,1,0
2025-06-15 10:40:00,38400,29.12,54.5,28.70,55.0,31,54,OPEN,OPEN,OPEN,3,-1,3,1,0
2025-06-15 10:41:00,38460,29.29,54.1,28.86,54.6,30,54,OPEN,OPEN,OPEN,2,-1,2,1,0
2025-06-15 10:42:00,38520,29.44,53.7,29.01,54.2,30,53,OPEN,OPEN,OPEN,2,-1,2,1,0
2025-06-15 10:43:00,38580,32.00,50.2,29.17,53.8,29,53,OPEN,MOVING_CLOSE,MOVING_CLOSE,1,-1,1,1,0
2025-06-15 10:44:00,38640,32.16,49.9,29.32,53.5,30,53,OPEN,MOVING_OPEN,MOVING_CLOSE,2,-1,2,1,0
2025-06-15 10:45:00,38700,30.94,51.3,29.48,53.1,30,53,OPEN,OPEN,MOVING_CLOSE,2,-1,2,1,0
2025-06-15 10:46:00,38760,31.09,50.9,29.63,52.7,31,53,OPEN,OPEN,MOVING_OPEN,3,-1,3,1,0
2025-06-15 10:47:00,38820,31.26,50.5,29.79,52.3,31,52,OPEN,OPEN,MOVING_OPEN,3,-1,3,1,0
2025-06-15 10:48:00,38880,31.41,50.1,29.94,51.9,31,51,OPEN,OPEN,MOVING_OPEN,3,-1,3,1,0
2025-06-15 10:49:00,38940,30.52,51.1,30.09,51.6,31,51,OPEN,OPEN,OPEN,3,-1,3,1,0
2025-06-15 10:50:00,39000,30.68,50.7,30.25,51.2,31,51,OPEN,OPEN,OPEN,3,-1,3,1,0
2025-06-15 10:51:00,39060,30.83,50.3,30.40,50.8,31,51,OPEN,OPEN,OPEN,3,-1,3,1,0
2025-06-15 10:52:00,39120,30.15,50.5,29.72,51.0,31,51,OPEN,OPEN,OPEN,3,-1,3,1,0
2025-06-15 10:53:00,39180,30.30,50.2,29.87,50.7,31,51,OPEN,OPEN,OPEN,3,-1,3,1,0
2025-06-15 10:54:00,39240,31.50,48.6,30.02,50.3,30,51,OPEN,OPEN,MOVING_CLOSE,2,-1,2,1,0
2025-06-15 10:55:00,39300,31.65,48.2,30.17,49.9,31,50,OPEN,OPEN,MOVING_OPEN,3,-1,3,1,0
2025-06-15 10:56:00,39360,31.80,47.9,30.32,49.6,31,49,OPEN,OPEN,MOVING_OPEN,3,0,3,1,0
2025-06-15 10:57:00,39420,31.95,47.5,30.47,49.2,32,49,OPEN,OPEN,MOVING_OPEN,3,0,3,1,0
2025-06-15 10:58:00,39480,31.05,48.3,30.62,48.8,32,48,OPEN,OPEN,OPEN,3,0,3,1,0
2025-06-15 10:59:00,39540,31.20,48.0,30.77,48.5,32,48,OPEN,OPEN,OPEN,3,0,3,1,0
2025-06-15 11:00:00,39600,31.25,47.8,30.82,48.3,31,48,OPEN,OPEN,OPEN,3,0,3,1,0
2025-06-15 11:01:00,39660,31.17,48.0,30.74,48.5,31,48,OPEN,OPEN,OPEN,3,0,3,1,0
2025-06-15 11:02:00,39720,31.09,48.1,30.66,48.6,31,48,OPEN,OPEN,OPEN,3,0,3,1,0
2025-06-15 11:03:00,39780,31.01,48.3,30.58,48.8,31,48,OPEN,OPEN,OPEN,3,0,3,1,0
2025-06-15 11:04:00,39840,30.94,48.5,30.51,49.0,31,48,OPEN,OPEN,OPEN,3,0,3,1,0
2025-06-15 11:05:00,39900,30.86,48.6,30.43,49.1,31,48,OPEN,OPEN,OPEN,3,0,3,1,0
2025-06-15 11:06:00,39960,30.79,48.8,30.35,49.3,31,48,OPEN,OPEN,OPEN,3,0,3,1,0
2025-06-15 11:07:00,40020,30.71,48.9,30.27,49.4,31,48,OPEN,OPEN,OPEN,3,0,3,1,0
2025-06-15 11:08:00,40080,30.63,49.1,30.19,49.6,31,49,OPEN,OPEN,OPEN,3,0,3,1,0
2025-06-15 11:09:00,40140,30.55,49.3,30.11,49.8,31,49,OPEN,OPEN,OPEN,3,0,3,1,0
2025-06-15 11:10:00,40200,30.47,49.4,30.03,49.9,31,49,OPEN,OPEN,OPEN,3,0,3,1,0
2025-06-15 11:11:00,40260,31.44,48.4,29.95,50.1,30,49,OPEN,OPEN,MOVING_CLOSE,2,0,2,1,0
2025-06-15 11:12:00,40320,31.38,48.5,29.88,50.2,31,49,OPEN,OPEN,MOVING_OPEN,3,0,3,1,0
2025-06-15 11:13:00,40380,31.30,48.7,29.80,50.4,31,49,OPEN,OPEN,MOVING_OPEN,3,0,3,1,0
2025-06-15 11:14:00,40440,32.13,48.0,30.63,49.8,31,49,OPEN,OPEN,MOVING_OPEN,3,0,3,1,0
2025-06-15 11:15:00,40500,32.05,48.1,30.55,49.9,32,49,OPEN,OPEN,MOVING_OPEN,3,0,3,1,0
2025-06-15 11:16:00,40560,30.91,49.6,30.47,50.1,31,49,OPEN,OPEN,OPEN,3,0,3,1,0
2025-06-15 11:17:00,40620,30.84,49.7,30.40,50.2,31,49,OPEN,OPEN,OPEN,3,0,3,1,0
2025-06-15 11:18:00,40680,30.76,49.9,30.32,50.4,31,49,OPEN,OPEN,OPEN,3,0,3,1,0
2025-06-15 11:19:00,40740,30.68,50.0,30.24,50.5,31,49,OPEN,OPEN,OPEN,3,0,3,1,0
2025-06-15 11:20:00,40800,30.61,50.2,30.17,50.7,31,49,OPEN,OPEN,OPEN,3,0,3,1,0
2025-06-15 11:21:00,40860,30.53,50.3,30.09,50.8,31,50,OPEN,OPEN,OPEN,3,-1,3,1,0
2025-06-15 11:22:00,40920,30.46,50.5,30.02,51.0,31,50,OPEN,OPEN,OPEN,3,-1,3,1,0
2025-06-15 11:23:00,40980,30.38,50.6,29.94,51.1,31,50,OPEN,OPEN,OPEN,3,-1,3,1,0
2025-06-15 11:24:00,41040,31.36,49.5,29.86,51.3,30,50,OPEN,OPEN,MOVING_CLOSE,2,-1,2,1,0
2025-06-15 11:25:00,41100,31.29,49.7,29.79,51.5,31,50,OPEN,OPEN,MOVING_OPEN,3,-1,3,1,0
2025-06-15 11:26:00,41160,31.21,49.8,29.71,51.6,31,50,OPEN,OPEN,MOVING_OPEN,3,-1,3,1,0
2025-06-15 11:27:00,41220,31.13,49.9,29.63,51.8,31,50,OPEN,OPEN,MOVING_OPEN,3,-1,3,1,0
2025-06-15 11:28:00,41280,30.00,51.4,29.56,51.9,31,50,OPEN,OPEN,OPEN,3,-1,3,1,0
2025-06-15 11:29:00,41340,29.92,51.6,29.48,52.1,31,50,OPEN,OPEN,OPEN,3,-1,3,1,0
2025-06-15 11:30:00,41400,29.86,51.7,29.42,52.2,30,50,OPEN,OPEN,OPEN,2,-1,2,1,0
2025-06-15 11:31:00,41460,30.88,50.5,29.37,52.4,30,51,OPEN,OPEN,MOVING_CLOSE,2,-1,2,1,0
2025-06-15 11:32:00,41520,30.83,50.6,29.32,52.5,30,51,OPEN,OPEN,MOVING_CLOSE,2,-1,2,1,0
2025-06-15 11:33:00,41580,30.78,50.8,29.27,52.7,30,51,OPEN,OPEN,MOVING_CLOSE,2,-1,2,1,0
2025-06-15 11:34:00,41640,30.73,50.9,29.22,52.8,30,51,OPEN,OPEN,CLOSED,2,-1,2,1,0
2025-06-15 11:35:00,41700,30.68,51.0,29.17,52.9,31,51,OPEN,OPEN,MOVING_OPEN,3,-1,3,1,0
2025-06-15 11:36:00,41760,30.63,51.2,29.12,53.1,31,51,OPEN,OPEN,MOVING_OPEN,3,-1,3,1,0
2025-06-15 11:37:00,41820,30.58,51.3,29.07,53.2,31,51,OPEN,OPEN,MOVING_OPEN,3,-1,3,1,0
2025-06-15 11:38:00,41880,29.46,52.8,29.02,53.4,30,51,OPEN,OPEN,OPEN,2,-1,2,1,0
2025-06-15 11:39:00,41940,29.41,52.9,28.97,53.5,30,52,OPEN,OPEN,OPEN,2,-1,2,1,0
2025-06-15 11:40:00,42000,29.36,53.1,28.92,53.7,29,52,OPEN,MOVING_CLOSE,MOVING_CLOSE,1,-1,1,1,0
2025-06-15 11:41:00,42060,31.80,50.0,28.87,53.8,29,52,OPEN,CLOSED,MOVING_CLOSE,1,-1,1,1,0
2025-06-15 11:42:00,42120,30.33,52.1,28.82,54.0,30,52,OPEN,OPEN,MOVING_CLOSE,2,-1,2,1,0
2025-06-15 11:43:00,42180,30.28,52.2,28.77,54.1,30,52,OPEN,OPEN,CLOSED,2,-1,2,1,0
2025-06-15 11:44:00,42240,30.23,52.4,28.72,54.3,31,52,OPEN,OPEN,MOVING_OPEN,3,-1,3,1,0
2025-06-15 11:45:00,42300,30.18,52.5,28.67,54.4,30,52,OPEN,OPEN,MOVING_CLOSE,2,-1,2,1,0
2025-06-15 11:46:00,42360,30.12,52.6,28.61,54.6,30,52,OPEN,OPEN,MOVING_CLOSE,2,-1,2,1,0
2025-06-15 11:47:00,42420,30.07,52.7,28.56,54.7,30,52,OPEN,OPEN,MOVING_CLOSE,2,-1,2,1,0
2025-06-15 11:48:00,42480,30.02,52.9,28.51,54.9,30,52,OPEN,OPEN,CLOSED,2,-1,2,1,0
2025-06-15 11:49:00,42540,29.97,53.0,28.46,55.0,30,53,OPEN,OPEN,CLOSED,2,-1,2,1,0
2025-06-15 11:50:00,42600,29.92,53.2,28.41,55.2,30,53,OPEN,OPEN,CLOSED,2,-1,2,1,0
2025-06-15 11:51:00,42660,29.87,53.3,28.36,55.3,30,53,OPEN,OPEN,CLOSED,2,-1,2,1,0
2025-06-15 11:52:00,42720,29.82,53.5,28.31,55.5,30,53,OPEN,OPEN,CLOSED,2,-1,2,1,0
2025-06-15 11:53:00,42780,29.77,53.6,28.26,55.6,30,53,OPEN,OPEN,CLOSED,2,-1,2,1,0
2025-06-15 11:54:00,42840,29.71,53.8,28.21,55.8,30,53,OPEN,OPEN,CLOSED,2,-1,2,1,0
2025-06-15 11:55:00,42900,29.66,53.9,28.16,55.9,30,53,OPEN,OPEN,CLOSED,2,-1,2,1,0
2025-06-15 11:56:00,42960,29.61,54.1,28.11,56.1,30,54,OPEN,OPEN,CLOSED,2,-1,2,1,0
2025-06-15 11:57:00,43020,29.56,54.2,28.06,56.2,30,54,OPEN,OPEN,CLOSED,2,-1,2,1,0
2025-06-15 11:58:00,43080,29.51,54.4,28.01,56.4,30,54,OPEN,OPEN,CLOSED,2,-1,2,1,0
2025-06-15 11:59:00,43140,29.46,54.5,27.96,56.5,30,54,OPEN,OPEN,CLOSED,2,-1,2,1,0
2025-06-15 12:00:00,43200,30.85,52.7,29.35,54.8,30,54,OPEN,OPEN,CLOSED,2,-1,2,1,0
2025-06-15 12:01:00,43260,30.98,52.4,29.48,54.5,30,54,OPEN,OPEN,CLOSED,2,-1,2,1,0
2025-06-15 12:02:00,43320,31.12,52.2,29.62,54.3,30,54,OPEN,OPEN,CLOSED,2,-1,2,1,0
2025-06-15 12:03:00,43380,31.25,52.0,29.75,54.0,31,53,OPEN,OPEN,MOVING_OPEN,3,-1,3,1,0
2025-06-15 12:04:00,43440,31.39,51.7,29.89,53.7,31,53,OPEN,OPEN,MOVING_OPEN,3,-1,3,1,0
2025-06-15 12:05:00,43500,31.52,51.5,30.02,53.5,31,52,OPEN,OPEN,MOVING_OPEN,3,-1,3,1,0
2025-06-15 12:06:00,43560,30.60,52.6,30.16,53.2,31,52,OPEN,OPEN,OPEN,3,-1,3,1,0
2025-06-15 12:07:00,43620,30.73,52.3,30.29,52.9,31,52,OPEN,OPEN,OPEN,3,-1,3,1,0
2025-06-15 12:08:00,43680,28.54,55.0,28.10,55.6,30,53,OPEN,OPEN,MOVING_CLOSE,2,-1,2,1,0
2025-06-15 12:09:00,43740,29.73,53.4,28.23,55.3,30,53,OPEN,OPEN,MOVING_CLOSE,2,-1,2,1,0
2025-06-15 12:10:00,43800,29.85,53.1,28.36,55.0,30,53,OPEN,OPEN,MOVING_CLOSE,2,-1,2,1,0
2025-06-15 12:11:00,43860,31.32,51.1,28.42,54.9,29,53,OPEN,CLOSED,CLOSED,1,-1,1,1,0
2025-06-15 12:12:00,43920,30.04,52.7,28.55,54.6,30,53,OPEN,OPEN,CLOSED,2,-1,2,1,0
2025-06-15 12:13:00,43980,30.17,52.5,28.68,54.4,30,53,OPEN,OPEN,CLOSED,2,-1,2,1,0
2025-06-15 12:14:00,44040,30.30,52.2,28.81,54.1,31,52,OPEN,OPEN,MOVING_OPEN,3,-1,3,1,0
2025-06-15 12:15:00,44100,30.44,52.0,28.95,53.9,30,52,OPEN,OPEN,MOVING_CLOSE,2,-1,2,1,0
2025-06-15 12:16:00,44160,30.57,51.7,29.08,53.6,30,52,OPEN,OPEN,MOVING_CLOSE,2,-1,2,1,0
2025-06-15 12:17:00,44220,30.70,51.4,29.21,53.3,30,52,OPEN,OPEN,MOVING_CLOSE,2,-1,2,1,0
2025-06-15 12:18:00,44280,30.83,51.2,29.34,53.1,31,52,OPEN,OPEN,MOVING_OPEN,3,-1,3,1,0
2025-06-15 12:19:00,44340,30.96,50.9,29.47,52.8,31,52,OPEN,OPEN,MOVING_OPEN,3,-1,3,1,0
2025-06-15 12:20:00,44400,31.08,50.7,29.60,52.6,31,51,OPEN,OPEN,MOVING_OPEN,3,-1,3,1,0
2025-06-15 12:21:00,44460,31.20,50.5,30.77,51.0,31,51,OPEN,OPEN,OPEN,3,-1,3,1,0
2025-06-15 12:22:00,44520,31.33,50.3,30.90,50.8,31,51,OPEN,OPEN,OPEN,3,-1,3,1,0
2025-06-15 12:23:00,44580,31.47,50.0,31.04,50.5,31,51,OPEN,OPEN,OPEN,3,-1,3,1,0
2025-06-15 12:24:00,44640,31.60,49.8,31.17,50.3,31,51,OPEN,OPEN,OPEN,3,-1,3,1,0
2025-06-15 12:25:00,44700,31.73,49.5,31.30,50.0,31,50,OPEN,OPEN,OPEN,3,-1,3,1,0
2025-06-15 12:26:00,44760,31.86,49.3,31.43,49.8,32,50,OPEN,OPEN,OPEN,3,-1,3,1,0
2025-06-15 12:27:00,44820,31.99,49.0,31.56,49.5,32,50,OPEN,OPEN,OPEN,3,-1,3,1,0
2025-06-15 12:28:00,44880,32.12,48.8,31.69,49.3,32,49,OPEN,OPEN,OPEN,3,0,3,1,0
2025-06-15 12:29:00,44940,32.25,48.5,31.82,49.0,32,49,OPEN,OPEN,OPEN,3,0,3,1,0
2025-06-15 12:30:00,45000,32.34,48.4,31.91,48.9,32,49,OPEN,OPEN,OPEN,3,0,3,1,0
2025-06-15 12:31:00,45060,32.38,48.3,31.95,48.8,32,49,OPEN,OPEN,OPEN,3,0,3,1,0
2025-06-15 12:32:00,45120,32.42,48.2,31.99,48.7,32,49,OPEN,OPEN,OPEN,3,0,3,1,0
2025-06-15 12:33:00,45180,32.46,48.2,32.03,48.7,32,48,OPEN,OPEN,OPEN,3,0,3,1,0
2025-06-15 12:34:00,45240,31.45,49.4,31.02,49.9,32,48,OPEN,OPEN,OPEN,3,0,3,1,0
2025-06-15 12:35:00,45300,31.49,49.4,31.06,49.9,32,49,OPEN,OPEN,OPEN,3,0,3,1,0
2025-06-15 12:36:00,45360,31.53,49.3,31.10,49.8,32,49,OPEN,OPEN,OPEN,3,0,3,1,0
2025-06-15 12:37:00,45420,31.57,49.2,31.14,49.7,32,49,OPEN,OPEN,OPEN,3,0,3,1,0
2025-06-15 12:38:00,45480,31.61,49.2,31.18,49.7,32,49,OPEN,OPEN,OPEN,3,0,3,1,0
2025-06-15 12:39:00,45540,31.65,49.1,31.22,49.6,32,49,OPEN,OPEN,OPEN,3,0,3,1,0
2025-06-15 12:40:00,45600,31.69,49.1,31.26,49.6,32,49,OPEN,OPEN,OPEN,3,0,3,1,0
2025-06-15 12:41:00,45660,31.72,49.0,31.30,49.5,32,49,OPEN,OPEN,OPEN,3,0,3,1,0
2025-06-15 12:42:00,45720,31.76,49.0,31.34,49.5,32,49,OPEN,OPEN,OPEN,3,0,3,1,0
2025-06-15 12:43:00,45780,31.80,48.9,31.38,49.4,32,49,OPEN,OPEN,OPEN,3,0,3,1,0
2025-06-15 12:44:00,45840,31.84,48.8,31.42,49.3,32,49,OPEN,OPEN,OPEN,3,0,3,1,0
2025-06-15 12:45:00,45900,31.88,48.8,31.46,49.3,32,49,OPEN,OPEN,OPEN,3,0,3,1,0
2025-06-15 12:46:00,45960,31.92,48.7,31.50,49.2,32,49,OPEN,OPEN,OPEN,3,0,3,1,0
2025-06-15 12:47:00,46020,31.96,48.7,31.54,49.2,32,49,OPEN,OPEN,OPEN,3,0,3,1,0
2025-06-15 12:48:00,46080,32.00,48.6,31.58,49.1,32,49,OPEN,OPEN,OPEN,3,0,3,1,0
2025-06-15 12:49:00,46140,32.04,48.6,31.62,49.1,32,49,OPEN,OPEN,OPEN,3,0,3,1,0
2025-06-15 12:50:00,46200,32.08,48.5,31.66,49.0,32,49,OPEN,OPEN,OPEN,3,0,3,1,0
2025-06-15 12:51:00,46260,32.12,48.4,31.70,48.9,32,49,OPEN,OPEN,OPEN,3,0,3,1,0
2025-06-15 12:52:00,46320,32.16,48.4,31.74,48.9,32,49,OPEN,OPEN,OPEN,3,0,3,1,0
2025-06-15 12:53:00,46380,32.20,48.3,31.78,48.8,32,49,OPEN,OPEN,OPEN,3,0,3,1,0
2025-06-15 12:54:00,46440,32.24,48.3,31.82,48.8,32,48,OPEN,OPEN,OPEN,3,0,3,1,0
2025-06-15 12:55:00,46500,32.28,48.2,31.86,48.7,32,48,OPEN,OPEN,OPEN,3,0,3,1,0
2025-06-15 12:56:00,46560,32.32,48.2,31.90,48.7,32,48,OPEN,OPEN,OPEN,3,0,3,1,0
2025-06-15 12:57:00,46620,32.36,48.1,31.94,48.6,32,48,OPEN,OPEN,OPEN,3,0,3,1,0
2025-06-15 12:58:00,46680,32.39,48.0,31.98,48.5,32,48,OPEN,OPEN,OPEN,3,0,3,1,0
2025-06-15 12:59:00,46740,32.43,48.0,32.02,48.5,32,48,OPEN,OPEN,OPEN,3,0,3,1,0
2025-06-15 13:00:00,46800,32.45,48.0,32.04,48.5,32,48,OPEN,OPEN,OPEN,3,0,3,1,0
2025-06-15 13:01:00,46860,32.45,47.9,32.04,48.4,32,48,OPEN,OPEN,OPEN,3,0,3,1,0
2025-06-15 13:02:00,46920,32.44,47.9,32.03,48.4,32,48,OPEN,OPEN,OPEN,3,0,3,1,0
2025-06-15 13:03:00,46980,32.44,47.9,32.03,48.4,32,48,OPEN,OPEN,OPEN,3,0,3,1,0
2025-06-15 13:04:00,47040,32.44,47.9,32.03,48.4,32,48,OPEN,OPEN,OPEN,3,0,3,1,0
2025-06-15 13:05:00,47100,32.43,47.9,32.02,48.4,32,48,OPEN,OPEN,OPEN,3,0,3,1,0
2025-06-15 13:06:00,47160,32.43,47.9,32.02,48.4,32,48,OPEN,OPEN,OPEN,3,0,3,1,0
2025-06-15 13:07:00,47220,32.42,47.9,32.01,48.4,32,48,OPEN,OPEN,OPEN,3,0,3,1,0
2025-06-15 13:08:00,47280,32.42,47.9,32.01,48.4,32,48,OPEN,OPEN,OPEN,3,0,3,1,0
2025-06-15 13:09:00,47340,32.42,48.0,32.01,48.4,32,48,OPEN,OPEN,OPEN,3,0,3,1,0
2025-06-15 13:10:00,47400,32.41,48.0,32.00,48.4,32,48,OPEN,OPEN,OPEN,3,0,3,1,0
2025-06-15 13:11:00,47460,32.41,47.9,32.00,48.3,32,48,OPEN,OPEN,OPEN,3,0,3,1,0
2025-06-15 13:12:00,47520,32.41,47.9,32.00,48.3,32,48,OPEN,OPEN,OPEN,3,0,3,1,0
2025-06-15 13:13:00,47580,32.39,47.9,31.99,48.3,32,48,OPEN,OPEN,OPEN,3,0,3,1,0
2025-06-15 13:14:00,47640,32.39,47.9,31.99,48.3,32,48,OPEN,OPEN,OPEN,3,0,3,1,0
2025-06-15 13:15:00,47700,32.39,47.9,31.99,48.3,32,48,OPEN,OPEN,OPEN,3,0,3,1,0
2025-06-15 13:16:00,47760,32.38,47.9,31.98,48.3,32,48,OPEN,OPEN,OPEN,3,0,3,1,0
2025-06-15 13:17:00,47820,32.38,47.9,31.98,48.3,32,48,OPEN,OPEN,OPEN,3,0,3,1,0
2025-06-15 13:18:00,47880,32.38,47.9,31.98,48.3,32,48,OPEN,OPEN,OPEN,3,0,3,1,0
2025-06-15 13:19:00,47940,32.37,47.9,31.97,48.3,32,48,OPEN,OPEN,OPEN,3,0,3,1,0
2025-06-15 13:20:00,48000,32.37,47.9,31.97,48.3,32,48,OPEN,OPEN,OPEN,3,0,3,1,0
2025-06-15 13:21:00,48060,32.37,47.9,31.97,48.3,32,48,OPEN,OPEN,OPEN,3,0,3,1,0
2025-06-15 13:22:00,48120,32.36,47.8,31.96,48.2,32,48,OPEN,OPEN,OPEN,3,0,3,1,0
2025-06-15 13:23:00,48180,32.36,47.8,31.96,48.2,32,48,OPEN,OPEN,OPEN,3,0,3,1,0
2025-06-15 13:24:00,48240,32.36,47.8,31.96,48.2,32,48,OPEN,OPEN,OPEN,3,0,3,1,0
2025-06-15 13:25:00,48300,32.34,47.8,31.95,48.2,32,48,OPEN,OPEN,OPEN,3,0,3,1,0
2025-06-15 13:26:00,48360,32.34,47.8,31.95,48.2,32,48,OPEN,OPEN,OPEN,3,0,3,1,0
2025-06-15 13:27:00,48420,32.33,47.8,31.94,48.2,32,48,OPEN,OPEN,OPEN,3,0,3,1,0
2025-06-15 13:28:00,48480,32.33,47.8,31.94,48.2,32,48,OPEN,OPEN,OPEN,3,0,3,1,0
2025-06-15 13:29:00,48540,32.33,47.8,31.94,48.2,32,48,OPEN,OPEN,OPEN,3,0,3,1,0
2025-06-15 13:30:00,48600,32.30,47.8,31.91,48.2,32,48,OPEN,OPEN,OPEN,3,0,3,1,0
2025-06-15 13:31:00,48660,32.26,47.9,31.87,48.3,32,48,OPEN,OPEN,OPEN,3,0,3,1,0
2025-06-15 13:32:00,48720,32.22,48.0,31.83,48.4,32,48,OPEN,OPEN,OPEN,3,0,3,1,0
2025-06-15 13:33:00,48780,32.17,48.1,31.78,48.5,32,48,OPEN,OPEN,OPEN,3,0,3,1,0
2025-06-15 13:34:00,48840,32.13,48.2,31.74,48.6,32,48,OPEN,OPEN,OPEN,3,0,3,1,0
2025-06-15 13:35:00,48900,32.08,48.3,31.69,48.7,32,48,OPEN,OPEN,OPEN,3,0,3,1,0
2025-06-15 13:36:00,48960,32.04,48.3,31.65,48.7,32,48,OPEN,OPEN,OPEN,3,0,3,1,0
2025-06-15 13:37:00,49020,31.99,48.4,31.61,48.8,32,48,OPEN,OPEN,OPEN,3,0,3,1,0
2025-06-15 13:38:00,49080,31.94,48.5,31.56,48.9,32,48,OPEN,OPEN,OPEN,3,0,3,1,0
2025-06-15 13:39:00,49140,31.90,48.6,31.52,49.0,32,48,OPEN,OPEN,OPEN,3,0,3,1,0
2025-06-15 13:40:00,49200,31.86,48.7,31.48,49.1,32,48,OPEN,OPEN,OPEN,3,0,3,1,0
2025-06-15 13:41:00,49260,31.81,48.8,31.43,49.2,32,49,OPEN,OPEN,OPEN,3,0,3,1,0
2025-06-15 13:42:00,49320,31.77,48.9,31.39,49.3,32,49,OPEN,OPEN,OPEN,3,0,3,1,0
2025-06-15 13:43:00,49380,31.73,49.0,31.35,49.4,32,49,OPEN,OPEN,OPEN,3,0,3,1,0
2025-06-15 13:44:00,49440,31.68,49.0,31.30,49.4,32,49,OPEN,OPEN,OPEN,3,0,3,1,0
2025-06-15 13:45:00,49500,31.64,49.1,31.26,49.5,32,49,OPEN,OPEN,OPEN,3,0,3,1,0
2025-06-15 13:46:00,49560,31.59,49.2,31.21,49.6,32,49,OPEN,OPEN,OPEN,3,0,3,1,0
2025-06-15 13:47:00,49620,31.54,49.3,31.17,49.7,32,49,OPEN,OPEN,OPEN,3,0,3,1,0
2025-06-15 13:48:00,49680,31.50,49.4,31.13,49.8,32,49,OPEN,OPEN,OPEN,3,0,3,1,0
2025-06-15 13:49:00,49740,31.45,49.6,31.08,49.9,32,49,OPEN,OPEN,OPEN,3,0,3,1,0
2025-06-15 13:50:00,49800,31.41,49.7,31.04,50.0,31,49,OPEN,OPEN,OPEN,3,0,3,1,0
2025-06-15 13:51:00,49860,31.37,49.8,31.00,50.1,31,49,OPEN,OPEN,OPEN,3,0,3,1,0
2025-06-15 13:52:00,49920,31.32,49.8,30.95,50.1,31,50,OPEN,OPEN,OPEN,3,-1,3,1,0
2025-06-15 13:53:00,49980,31.28,49.9,30.91,50.2,31,50,OPEN,OPEN,OPEN,3,-1,3,1,0
2025-06-15 13:54:00,50040,31.23,50.0,30.86,50.3,31,50,OPEN,OPEN,OPEN,3,-1,3,1,0
2025-06-15 13:55:00,50100,31.19,50.1,30.82,50.4,31,50,OPEN,OPEN,OPEN,3,-1,3,1,0
2025-06-15 13:56:00,50160,31.15,50.2,30.78,50.5,31,50,OPEN,OPEN,OPEN,3,-1,3,1,0
2025-06-15 13:57:00,50220,31.09,50.3,30.73,50.6,31,50,OPEN,OPEN,OPEN,3,-1,3,1,0
2025-06-15 13:58:00,50280,31.05,50.4,30.69,50.7,31,50,OPEN,OPEN,OPEN,3,-1,3,1,0
2025-06-15 13:59:00,50340,31.01,50.5,30.65,50.8,31,50,OPEN,OPEN,OPEN,3,-1,3,1,0
2025-06-15 14:00:00,50400,30.98,50.5,30.62,50.8,31,50,OPEN,OPEN,OPEN,3,-1,3,1,0
2025-06-15 14:01:00,50460,30.98,50.4,30.62,50.7,31,50,OPEN,OPEN,OPEN,3,-1,3,1,0
2025-06-15 14:02:00,50520,30.99,50.4,30.63,50.7,31,50,OPEN,OPEN,OPEN,3,-1,3,1,0
2025-06-15 14:03:00,50580,30.99,50.3,30.63,50.6,31,50,OPEN,OPEN,OPEN,3,-1,3,1,0
2025-06-15 14:04:00,50640,30.99,50.3,30.63,50.6,31,50,OPEN,OPEN,OPEN,3,-1,3,1,0
2025-06-15 14:05:00,50700,30.99,50.2,30.63,50.5,31,50,OPEN,OPEN,OPEN,3,-1,3,1,0
2025-06-15 14:06:00,50760,30.99,50.1,30.64,50.4,31,50,OPEN,OPEN,OPEN,3,-1,3,1,0
2025-06-15 14:07:00,50820,30.99,50.1,30.64,50.4,31,50,OPEN,OPEN,OPEN,3,-1,3,1,0
2025-06-15 14:08:00,50880,30.99,50.0,30.64,50.3,31,50,OPEN,OPEN,OPEN,3,-1,3,1,0
2025-06-15 14:09:00,50940,30.99,50.0,30.64,50.3,31,50,OPEN,OPEN,OPEN,3,-1,3,1,0
2025-06-15 14:10:00,51000,31.00,49.9,30.65,50.2,31,50,OPEN,OPEN,OPEN,3,-1,3,1,0
2025-06-15 14:11:00,51060,31.00,49.8,30.65,50.1,31,50,OPEN,OPEN,OPEN,3,-1,3,1,0
2025-06-15 14:12:00,51120,31.00,49.8,30.65,50.1,31,50,OPEN,OPEN,OPEN,3,-1,3,1,0
2025-06-15 14:13:00,51180,31.00,49.7,30.65,50.0,31,50,OPEN,OPEN,OPEN,3,-1,3,1,0
2025-06-15 14:14:00,51240,31.01,49.7,30.66,50.0,31,50,OPEN,OPEN,OPEN,3,-1,3,1,0
2025-06-15 14:15:00,51300,31.00,49.7,30.66,49.9,31,50,OPEN,OPEN,OPEN,3,-1,3,1,0
2025-06-15 14:16:00,51360,31.00,49.6,30.66,49.8,31,50,OPEN,OPEN,OPEN,3,-1,3,1,0
2025-06-15 14:17:00,51420,31.00,49.6,30.66,49.8,31,50,OPEN,OPEN,OPEN,3,-1,3,1,0
2025-06-15 14:18:00,51480,31.01,49.5,30.67,49.7,31,50,OPEN,OPEN,OPEN,3,-1,3,1,0
2025-06-15 14:19:00,51540,31.01,49.5,30.67,49.7,31,50,OPEN,OPEN,OPEN,3,-1,3,1,0
2025-06-15 14:20:00,51600,31.01,49.4,30.67,49.6,31,50,OPEN,OPEN,OPEN,3,-1,3,1,0
2025-06-15 14:21:00,51660,31.01,49.3,30.67,49.5,31,49,OPEN,OPEN,OPEN,3,0,3,1,0
2025-06-15 14:22:00,51720,31.02,49.3,30.68,49.5,31,49,OPEN,OPEN,OPEN,3,0,3,1,0
2025-06-15 14:23:00,51780,31.02,49.2,30.68,49.4,31,49,OPEN,OPEN,OPEN,3,0,3,1,0
2025-06-15 14:24:00,51840,31.01,49.2,30.68,49.4,31,49,OPEN,OPEN,OPEN,3,0,3,1,0
2025-06-15 14:25:00,51900,31.01,49.1,30.68,49.3,31,49,OPEN,OPEN,OPEN,3,0,3,1,0
2025-06-15 14:26:00,51960,31.01,49.0,30.68,49.2,31,49,OPEN,OPEN,OPEN,3,0,3,1,0
2025-06-15 14:27:00,52020,31.02,49.0,30.69,49.2,31,49,OPEN,OPEN,OPEN,3,0,3,1,0
2025-06-15 14:28:00,52080,31.02,48.9,30.69,49.1,31,49,OPEN,OPEN,OPEN,3,0,3,1,0
2025-06-15 14:29:00,52140,31.02,48.9,30.69,49.1,31,49,OPEN,OPEN,OPEN,3,0,3,1,0
2025-06-15 14:30:00,52200,31.01,48.9,30.68,49.1,31,49,OPEN,OPEN,OPEN,3,0,3,1,0
2025-06-15 14:31:00,52260,30.98,49.0,30.65,49.2,31,49,OPEN,OPEN,OPEN,3,0,3,1,0
2025-06-15 14:32:00,52320,30.93,49.1,30.61,49.3,31,49,OPEN,OPEN,OPEN,3,0,3,1,0
2025-06-15 14:33:00,52380,30.90,49.3,30.58,49.5,31,49,OPEN,OPEN,OPEN,3,0,3,1,0
2025-06-15 14:34:00,52440,30.87,49.4,30.55,49.6,31,49,OPEN,OPEN,OPEN,3,0,3,1,0
2025-06-15 14:35:00,52500,30.84,49.5,30.52,49.7,31,49,OPEN,OPEN,OPEN,3,0,3,1,0
2025-06-15 14:36:00,52560,30.81,49.6,30.49,49.8,31,49,OPEN,OPEN,OPEN,3,0,3,1,0
2025-06-15 14:37:00,52620,30.78,49.8,30.46,50.0,31,49,OPEN,OPEN,OPEN,3,0,3,1,0
2025-06-15 14:38:00,52680,30.75,49.9,30.43,50.1,31,50,OPEN,OPEN,OPEN,3,-1,3,1,0
2025-06-15 14:39:00,52740,30.72,50.0,30.40,50.2,31,50,OPEN,OPEN,OPEN,3,-1,3,1,0
2025-06-15 14:40:00,52800,30.69,50.1,30.37,50.3,31,50,OPEN,OPEN,OPEN,3,-1,3,1,0
2025-06-15 14:41:00,52860,30.64,50.3,30.33,50.5,31,50,OPEN,OPEN,OPEN,3,-1,3,1,0
2025-06-15 14:42:00,52920,30.61,50.4,30.30,50.6,31,50,OPEN,OPEN,OPEN,3,-1,3,1,0
2025-06-15 14:43:00,52980,30.58,50.6,30.27,50.7,31,50,OPEN,OPEN,OPEN,3,-1,3,1,0
2025-06-15 14:44:00,53040,30.55,50.8,30.24,50.9,31,50,OPEN,OPEN,OPEN,3,-1,3,1,0
2025-06-15 14:45:00,53100,30.52,50.9,30.21,51.0,31,50,OPEN,OPEN,OPEN,3,-1,3,1,0
2025-06-15 14:46:00,53160,30.49,51.0,30.18,51.1,31,51,OPEN,OPEN,OPEN,3,-1,3,1,0
2025-06-15 14:47:00,53220,30.46,51.1,30.15,51.2,31,51,OPEN,OPEN,OPEN,3,-1,3,1,0
2025-06-15 14:48:00,53280,31.16,50.9,30.12,51.4,30,51,OPEN,OPEN,MOVING_CLOSE,2,-1,2,1,0
2025-06-15 14:49:00,53340,31.13,51.0,30.09,51.5,31,51,OPEN,OPEN,MOVING_OPEN,3,-1,3,1,0
2025-06-15 14:50:00,53400,31.09,51.1,30.05,51.6,31,51,OPEN,OPEN,MOVING_OPEN,3,-1,3,1,0
2025-06-15 14:51:00,53460,31.05,51.2,30.02,51.7,31,51,OPEN,OPEN,MOVING_OPEN,3,-1,3,1,0
2025-06-15 14:52:00,53520,31.02,51.4,29.99,51.9,31,51,OPEN,OPEN,MOVING_OPEN,3,-1,3,1,0
2025-06-15 14:53:00,53580,30.26,51.9,29.96,52.0,31,51,OPEN,OPEN,OPEN,3,-1,3,1,0
2025-06-15 14:54:00,53640,30.23,52.0,29.93,52.1,31,51,OPEN,OPEN,OPEN,3,-1,3,1,0
2025-06-15 14:55:00,53700,31.79,50.9,30.78,51.4,30,52,OPEN,OPEN,MOVING_CLOSE,2,-1,2,1,0
2025-06-15 14:56:00,53760,31.76,51.1,30.75,51.6,31,52,OPEN,OPEN,MOVING_OPEN,3,-1,3,1,0
2025-06-15 14:57:00,53820,31.72,51.2,30.71,51.7,31,52,OPEN,OPEN,MOVING_OPEN,3,-1,3,1,0
2025-06-15 14:58:00,53880,31.68,51.3,30.68,51.8,31,51,OPEN,OPEN,MOVING_OPEN,3,-1,3,1,0
2025-06-15 14:59:00,53940,31.64,51.5,30.64,52.0,32,51,OPEN,OPEN,MOVING_OPEN,3,-1,3,1,0
2025-06-15 15:00:00,54000,30.90,51.9,30.61,52.0,31,51,OPEN,OPEN,OPEN,3,-1,3,1,0
2025-06-15 15:01:00,54060,30.87,51.9,30.58,52.0,31,51,OPEN,OPEN,OPEN,3,-1,3,1,0
2025-06-15 15:02:00,54120,30.84,52.0,30.55,52.1,31,52,OPEN,OPEN,OPEN,3,-1,3,1,0
2025-06-15 15:03:00,54180,30.81,52.0,30.52,52.1,31,52,OPEN,OPEN,OPEN,3,-1,3,1,0
2025-06-15 15:04:00,54240,30.77,52.0,30.49,52.1,31,52,OPEN,OPEN,OPEN,3,-1,3,1,0
2025-06-15 15:05:00,54300,30.73,52.0,30.45,52.1,31,52,OPEN,OPEN,OPEN,3,-1,3,1,0
2025-06-15 15:06:00,54360,30.70,52.0,30.42,52.1,31,52,OPEN,OPEN,OPEN,3,-1,3,1,0
2025-06-15 15:07:00,54420,30.67,52.0,30.39,52.1,31,52,OPEN,OPEN,OPEN,3,-1,3,1,0
2025-06-15 15:08:00,54480,30.48,52.6,29.52,52.8,30,52,OPEN,OPEN,MOVING_CLOSE,2,-1,2,1,0
2025-06-15 15:09:00,54540,30.44,52.6,29.49,52.8,30,52,OPEN,OPEN,MOVING_CLOSE,2,-1,2,1,0
2025-06-15 15:10:00,54600,30.41,52.6,29.46,52.8,30,52,OPEN,OPEN,MOVING_CLOSE,2,-1,2,1,0
2025-06-15 15:11:00,54660,30.38,52.6,29.44,52.8,30,52,OPEN,OPEN,CLOSED,2,-1,2,1,0
2025-06-15 15:12:00,54720,30.35,52.6,29.41,52.8,30,52,OPEN,OPEN,CLOSED,2,-1,2,1,0
2025-06-15 15:13:00,54780,30.31,52.7,29.38,52.8,30,53,OPEN,OPEN,CLOSED,2,-1,2,1,0
2025-06-15 15:14:00,54840,30.28,52.7,29.35,52.8,30,53,OPEN,OPEN,CLOSED,2,-1,2,1,0
2025-06-15 15:15:00,54900,30.24,52.7,29.32,52.8,30,53,OPEN,OPEN,CLOSED,2,-1,2,1,0
2025-06-15 15:16:00,54960,30.22,52.7,29.30,52.8,30,53,OPEN,OPEN,CLOSED,2,-1,2,1,0
2025-06-15 15:17:00,55020,30.18,52.7,29.27,52.8,30,53,OPEN,OPEN,CLOSED,2,-1,2,1,0
2025-06-15 15:18:00,55080,30.15,52.8,29.24,52.8,30,53,OPEN,OPEN,CLOSED,2,-1,2,1,0
2025-06-15 15:19:00,55140,30.12,52.8,29.21,52.8,30,53,OPEN,OPEN,CLOSED,2,-1,2,1,0
2025-06-15 15:20:00,55200,30.08,52.8,29.18,52.8,30,53,OPEN,OPEN,CLOSED,2,-1,2,1,0
2025-06-15 15:21:00,55260,30.85,52.2,29.95,52.3,30,53,OPEN,OPEN,CLOSED,2,-1,2,1,0
2025-06-15 15:22:00,55320,30.81,52.2,29.92,52.3,30,53,OPEN,OPEN,CLOSED,2,-1,2,1,0
2025-06-15 15:23:00,55380,30.78,52.3,29.89,52.3,31,53,OPEN,OPEN,MOVING_OPEN,3,-1,3,1,0
2025-06-15 15:24:00,55440,30.74,52.3,29.86,52.3,31,52,OPEN,OPEN,MOVING_OPEN,3,-1,3,1,0
2025-06-15 15:25:00,55500,30.71,52.3,29.83,52.3,31,52,OPEN,OPEN,MOVING_OPEN,3,-1,3,1,0
2025-06-15 15:26:00,55560,30.04,52.4,29.79,52.4,31,52,OPEN,OPEN,OPEN,3,-1,3,1,0
2025-06-15 15:27:00,55620,30.01,52.4,29.76,52.4,30,52,OPEN,OPEN,OPEN,2,-1,2,1,0
2025-06-15 15:28:00,55680,29.98,52.4,29.73,52.4,30,52,OPEN,OPEN,OPEN,2,-1,2,1,0
2025-06-15 15:29:00,55740,30.56,52.5,29.70,52.4,30,52,OPEN,OPEN,MOVING_CLOSE,2,-1,2,1,0
2025-06-15 15:30:00,55800,30.51,52.6,29.66,52.5,30,52,OPEN,OPEN,MOVING_CLOSE,2,-1,2,1,0
2025-06-15 15:31:00,55860,30.46,52.7,29.61,52.6,30,53,OPEN,OPEN,MOVING_CLOSE,2,-1,2,1,0
2025-06-15 15:32:00,55920,30.40,52.7,29.56,52.6,30,53,OPEN,OPEN,CLOSED,2,-1,2,1,0
2025-06-15 15:33:00,55980,30.35,52.8,29.51,52.7,30,53,OPEN,OPEN,CLOSED,2,-1,2,1,0
2025-06-15 15:34:00,56040,30.30,53.0,29.46,52.8,30,53,OPEN,OPEN,CLOSED,2,-1,2,1,0
2025-06-15 15:35:00,56100,30.25,53.1,29.42,52.9,30,53,OPEN,OPEN,CLOSED,2,-1,2,1,0
2025-06-15 15:36:00,56160,30.20,53.2,29.37,53.0,30,53,OPEN,OPEN,CLOSED,2,-1,2,1,0
2025-06-15 15:37:00,56220,30.14,53.3,29.32,53.1,30,53,OPEN,OPEN,CLOSED,2,-1,2,1,0
2025-06-15 15:38:00,56280,30.09,53.4,29.27,53.2,30,53,OPEN,OPEN,CLOSED,2,-1,2,1,0
2025-06-15 15:39:00,56340,30.03,53.5,29.22,53.3,30,53,OPEN,OPEN,CLOSED,2,-1,2,1,0
2025-06-15 15:40:00,56400,29.98,53.7,29.17,53.4,30,53,OPEN,OPEN,CLOSED,2,-1,2,1,0
2025-06-15 15:41:00,56460,29.92,53.8,29.12,53.5,30,53,OPEN,OPEN,CLOSED,2,-1,2,1,0
2025-06-15 15:42:00,56520,29.88,53.9,29.08,53.6,30,54,OPEN,OPEN,CLOSED,2,-1,2,1,0
2025-06-15 15:43:00,56580,29.82,54.0,29.03,53.7,30,54,OPEN,OPEN,CLOSED,2,-1,2,1,0
2025-06-15 15:44:00,56640,29.77,54.1,28.98,53.8,30,54,OPEN,OPEN,CLOSED,2,-1,2,1,0
2025-06-15 15:45:00,56700,29.71,54.3,28.93,53.9,30,54,OPEN,OPEN,CLOSED,2,-1,2,1,0
2025-06-15 15:46:00,56760,29.66,54.4,28.88,54.0,30,54,OPEN,OPEN,CLOSED,2,-1,2,1,0
2025-06-15 15:47:00,56820,29.60,54.5,28.83,54.1,30,54,OPEN,OPEN,CLOSED,2,-1,2,1,0
2025-06-15 15:48:00,56880,29.55,54.6,28.78,54.2,30,54,OPEN,OPEN,CLOSED,2,-1,2,1,0
2025-06-15 15:49:00,56940,29.50,54.7,28.74,54.3,30,54,OPEN,OPEN,CLOSED,2,-1,2,1,0
2025-06-15 15:50:00,57000,29.45,54.9,28.69,54.4,30,55,OPEN,OPEN,CLOSED,2,-1,2,1,0
2025-06-15 15:51:00,57060,30.11,55.3,28.64,54.5,29,55,OPEN,MOVING_CLOSE,CLOSED,1,-1,1,1,0
2025-06-15 15:52:00,57120,30.05,55.4,28.59,54.6,30,55,OPEN,MOVING_OPEN,CLOSED,2,-1,2,1,0
2025-06-15 15:53:00,57180,29.29,55.2,28.54,54.7,30,55,OPEN,OPEN,CLOSED,2,-1,2,1,0
2025-06-15 15:54:00,57240,29.23,55.3,28.49,54.8,30,55,OPEN,OPEN,CLOSED,2,-1,2,1,0
2025-06-15 15:55:00,57300,29.18,55.4,28.44,54.9,30,55,OPEN,OPEN,CLOSED,2,-1,2,1,0
2025-06-15 15:56:00,57360,29.81,56.0,28.39,55.0,29,55,OPEN,CLOSED,CLOSED,1,-1,1,1,0
2025-06-15 15:57:00,57420,29.76,56.1,28.35,55.1,29,56,OPEN,CLOSED,CLOSED,1,-1,1,1,0
2025-06-15 15:58:00,57480,29.70,56.2,28.30,55.2,30,56,OPEN,MOVING_OPEN,CLOSED,2,-1,2,1,0
2025-06-15 15:59:00,57540,28.97,55.9,28.25,55.3,29,56,OPEN,OPEN,CLOSED,1,-1,1,1,0
2025-06-15 16:00:00,57600,28.89,56.1,28.18,55.5,29,56,OPEN,OPEN,CLOSED,1,-1,1,1,0
2025-06-15 16:01:00,57660,28.81,56.4,28.10,55.7,29,56,OPEN,OPEN,CLOSED,1,-1,1,1,0
2025-06-15 16:02:00,57720,29.39,57.1,28.03,55.9,29,56,OPEN,CLOSED,CLOSED,1,-1,1,1,0
2025-06-15 16:03:00,57780,29.31,57.3,27.95,56.1,29,56,OPEN,CLOSED,CLOSED,1,-1,1,1,0
2025-06-15 16:04:00,57840,30.06,57.3,28.71,56.3,29,57,OPEN,CLOSED,CLOSED,1,-1,1,1,0
2025-06-15 16:05:00,57900,29.97,57.6,28.63,56.5,30,57,OPEN,MOVING_OPEN,CLOSED,2,-1,2,1,0
2025-06-15 16:06:00,57960,29.23,57.3,28.55,56.7,30,57,OPEN,OPEN,CLOSED,2,-1,2,1,0
2025-06-15 16:07:00,58020,29.14,57.6,28.46,57.0,30,57,OPEN,OPEN,CLOSED,2,-1,2,1,0
2025-06-15 16:08:00,58080,29.05,57.9,28.38,57.2,29,57,OPEN,OPEN,CLOSED,1,-1,1,1,0
2025-06-15 16:09:00,58140,29.59,58.6,28.29,57.4,29,58,OPEN,CLOSED,CLOSED,1,-1,1,1,0
2025-06-15 16:10:00,58200,29.50,58.9,28.21,57.6,29,58,OPEN,CLOSED,CLOSED,1,-1,1,1,0
2025-06-15 16:11:00,58260,29.41,59.1,28.13,57.8,29,58,OPEN,CLOSED,CLOSED,1,-1,1,1,0
2025-06-15 16:12:00,58320,29.31,59.4,28.04,58.0,29,59,OPEN,CLOSED,CLOSED,1,-1,1,1,0
2025-06-15 16:13:00,58380,29.22,59.7,27.96,58.3,29,59,OPEN,CLOSED,CLOSED,1,-1,1,1,0
2025-06-15 16:14:00,58440,29.13,59.9,27.87,58.5,29,59,OPEN,CLOSED,CLOSED,1,-1,1,1,0
2025-06-15 16:15:00,58500,29.04,60.2,27.79,58.7,29,59,OPEN,CLOSED,CLOSED,1,-1,1,1,0
2025-06-15 16:16:00,58560,28.95,60.4,27.71,58.9,29,60,OPEN,CLOSED,CLOSED,1,-1,1,1,0
2025-06-15 16:17:00,58620,28.85,60.7,27.62,59.1,29,60,OPEN,CLOSED,CLOSED,1,-1,1,1,0
2025-06-15 16:18:00,58680,28.76,61.0,27.54,59.4,29,60,OPEN,CLOSED,CLOSED,1,-1,1,1,0
2025-06-15 16:19:00,58740,28.66,61.3,27.45,59.6,29,61,OPEN,CLOSED,CLOSED,1,-1,1,1,0
2025-06-15 16:20:00,58800,28.57,61.5,27.37,59.8,29,61,OPEN,CLOSED,CLOSED,1,-1,1,1,0
2025-06-15 16:21:00,58860,28.47,61.8,27.28,60.0,29,61,OPEN,CLOSED,CLOSED,1,-1,1,1,0
2025-06-15 16:22:00,58920,28.38,62.1,27.20,60.3,29,61,OPEN,CLOSED,CLOSED,1,-1,1,1,0
2025-06-15 16:23:00,58980,28.29,62.3,27.12,60.5,28,62,OPEN,CLOSED,CLOSED,1,-1,1,1,0
2025-06-15 16:24:00,59040,28.20,62.6,27.03,60.7,28,62,OPEN,CLOSED,CLOSED,1,-1,1,1,0
2025-06-15 16:25:00,59100,28.11,62.8,26.95,60.9,28,62,OPEN,CLOSED,CLOSED,1,-1,1,1,0
2025-06-15 16:26:00,59160,28.01,63.2,26.86,61.2,28,62,OPEN,CLOSED,CLOSED,1,-1,1,1,0
2025-06-15 16:27:00,59220,27.92,63.4,26.78,61.4,28,63,OPEN,CLOSED,CLOSED,1,-1,1,1,0
2025-06-15 16:28:00,59280,27.82,63.7,26.69,61.6,28,63,OPEN,CLOSED,CLOSED,1,-1,1,1,0
2025-06-15 16:29:00,59340,27.73,63.9,26.61,61.8,28,63,OPEN,CLOSED,CLOSED,1,-1,1,1,0
2025-06-15 16:30:00,59400,27.67,64.2,26.56,62.0,28,63,OPEN,CLOSED,CLOSED,1,-1,1,1,0
2025-06-15 16:31:00,59460,27.64,64.2,26.54,62.0,28,64,OPEN,CLOSED,CLOSED,1,-1,1,1,0
2025-06-15 16:32:00,59520,27.61,64.3,26.52,62.0,28,64,OPEN,CLOSED,CLOSED,1,-1,1,1,0
2025-06-15 16:33:00,59580,27.59,64.3,26.51,62.0,28,64,OPEN,CLOSED,CLOSED,1,-1,1,1,0
2025-06-15 16:34:00,59640,27.57,64.3,26.49,62.0,28,64,OPEN,CLOSED,CLOSED,1,-1,1,1,0
2025-06-15 16:35:00,59700,27.54,64.4,26.47,62.0,28,64,OPEN,CLOSED,CLOSED,1,-1,1,1,0
2025-06-15 16:36:00,59760,27.51,64.4,26.45,62.0,28,64,OPEN,CLOSED,CLOSED,1,-1,1,1,0
2025-06-15 16:37:00,59820,27.49,64.6,26.44,62.1,28,64,OPEN,CLOSED,CLOSED,1,-1,1,1,0
2025-06-15 16:38:00,59880,27.46,64.6,26.42,62.1,28,64,OPEN,CLOSED,CLOSED,1,-1,1,1,0
2025-06-15 16:39:00,59940,27.43,64.6,26.40,62.1,27,64,OPEN,CLOSED,CLOSED,1,-1,1,1,0
2025-06-15 16:40:00,60000,27.40,64.7,26.38,62.1,27,65,OPEN,CLOSED,CLOSED,1,-1,1,1,0
2025-06-15 16:41:00,60060,27.38,64.7,26.37,62.1,27,65,OPEN,CLOSED,CLOSED,1,-1,1,1,0
2025-06-15 16:42:00,60120,27.36,64.8,26.35,62.1,27,65,OPEN,CLOSED,CLOSED,1,-1,1,1,0
2025-06-15 16:43:00,60180,27.33,64.8,26.33,62.1,27,65,OPEN,CLOSED,CLOSED,1,-1,1,1,0
2025-06-15 16:44:00,60240,27.30,64.8,26.31,62.1,27,65,OPEN,CLOSED,CLOSED,1,-1,1,1,0
2025-06-15 16:45:00,60300,27.28,65.0,26.30,62.2,27,65,OPEN,CLOSED,CLOSED,1,-1,1,1,0
2025-06-15 16:46:00,60360,27.25,65.0,26.28,62.2,27,65,OPEN,CLOSED,CLOSED,1,-1,1,1,0
2025-06-15 16:47:00,60420,27.22,65.1,26.26,62.2,27,65,OPEN,CLOSED,CLOSED,1,-1,1,1,0
2025-06-15 16:48:00,60480,27.19,65.1,26.24,62.2,27,65,OPEN,CLOSED,CLOSED,1,-1,1,1,0
2025-06-15 16:49:00,60540,27.18,65.1,26.23,62.2,27,65,OPEN,CLOSED,CLOSED,1,-1,1,1,0
2025-06-15 16:50:00,60600,27.15,65.2,26.21,62.2,27,65,OPEN,CLOSED,CLOSED,1,-1,1,1,0
2025-06-15 16:51:00,60660,27.12,65.2,26.19,62.2,27,65,OPEN,CLOSED,CLOSED,1,-1,1,1,0
2025-06-15 16:52:00,60720,27.09,65.4,26.17,62.3,27,65,OPEN,CLOSED,CLOSED,1,-1,1,1,0
2025-06-15 16:53:00,60780,27.07,65.4,26.16,62.3,27,65,OPEN,CLOSED,CLOSED,1,-1,1,1,0
2025-06-15 16:54:00,60840,27.04,65.4,26.14,62.3,27,65,OPEN,CLOSED,CLOSED,1,-1,1,1,0
2025-06-15 16:55:00,60900,27.01,65.5,26.12,62.3,27,65,OPEN,CLOSED,CLOSED,1,-1,1,1,0
2025-06-15 16:56:00,60960,26.99,65.5,26.10,62.3,27,65,OPEN,CLOSED,CLOSED,1,-1,1,1,0
2025-06-15 16:57:00,61020,26.97,65.6,26.09,62.3,27,65,OPEN,CLOSED,CLOSED,1,-1,1,1,0
2025-06-15 16:58:00,61080,26.94,65.6,26.07,62.3,27,65,OPEN,CLOSED,CLOSED,1,-1,1,1,0
2025-06-15 16:59:00,61140,26.91,65.6,26.05,62.3,27,66,OPEN,CLOSED,CLOSED,1,-1,1,1,0
2025-06-15 17:00:00,61200,26.86,65.8,26.01,62.4,27,66,OPEN,CLOSED,CLOSED,1,-1,1,1,0
2025-06-15 17:01:00,61260,26.79,66.0,25.95,62.6,27,66,OPEN,CLOSED,CLOSED,1,-1,1,1,0
2025-06-15 17:02:00,61320,26.72,66.3,25.88,62.8,27,66,OPEN,CLOSED,CLOSED,1,-1,1,1,0
2025-06-15 17:03:00,61380,26.65,66.5,25.82,63.0,27,66,OPEN,CLOSED,CLOSED,1,-1,1,1,0
2025-06-15 17:04:00,61440,26.57,66.7,25.75,63.1,27,66,OPEN,CLOSED,CLOSED,1,-1,1,1,0
2025-06-15 17:05:00,61500,26.50,66.9,25.69,63.3,27,66,OPEN,CLOSED,CLOSED,1,-1,1,1,0
2025-06-15 17:06:00,61560,26.43,67.2,25.63,63.5,27,67,OPEN,CLOSED,CLOSED,1,-1,1,1,0
2025-06-15 17:07:00,61620,26.35,67.4,25.56,63.7,26,67,OPEN,CLOSED,CLOSED,1,-1,1,1,0
2025-06-15 17:08:00,61680,26.29,67.7,25.50,63.9,26,67,OPEN,CLOSED,CLOSED,1,-1,1,1,0
2025-06-15 17:09:00,61740,26.21,67.8,25.43,64.0,26,67,OPEN,CLOSED,CLOSED,1,-1,1,1,0
2025-06-15 17:10:00,61800,26.14,68.1,25.37,64.2,26,67,OPEN,CLOSED,CLOSED,1,-1,1,1,0
2025-06-15 17:11:00,61860,26.07,68.3,25.31,64.4,26,68,OPEN,CLOSED,CLOSED,1,-1,1,1,0
2025-06-15 17:12:00,61920,25.99,68.6,25.24,64.6,26,68,OPEN,CLOSED,CLOSED,1,-1,1,1,0
2025-06-15 17:13:00,61980,25.93,68.8,25.18,64.8,26,68,OPEN,CLOSED,CLOSED,1,-1,1,1,0
2025-06-15 17:14:00,62040,25.86,69.0,25.12,64.9,26,68,OPEN,CLOSED,CLOSED,1,-1,1,1,0
2025-06-15 17:15:00,62100,25.78,69.2,25.05,65.1,26,69,OPEN,CLOSED,CLOSED,1,-1,1,1,0
2025-06-15 17:16:00,62160,25.71,69.5,24.99,65.3,26,69,OPEN,CLOSED,CLOSED,1,-1,1,1,0
2025-06-15 17:17:00,62220,25.64,69.7,24.93,65.5,26,69,OPEN,CLOSED,CLOSED,1,-1,1,1,0
2025-06-15 17:18:00,62280,25.57,70.0,24.86,65.7,26,69,OPEN,CLOSED,CLOSED,1,-1,1,1,0
2025-06-15 17:19:00,62340,25.50,70.1,24.80,65.8,26,69,OPEN,CLOSED,CLOSED,1,-1,1,1,0
2025-06-15 17:20:00,62400,25.42,70.4,24.73,66.0,26,70,OPEN,CLOSED,CLOSED,1,-1,1,1,0
2025-06-15 17:21:00,62460,36.29,96.5,24.67,66.2,25,70,MOVING_CLOSE,CLOSED,CLOSED,0,-1,0,1,0
2025-06-15 17:22:00,62520,36.09,97.6,24.61,66.4,29,76,MOVING_OPEN,CLOSED,CLOSED,1,1,1,1,0
2025-06-15 17:23:00,62580,25.21,71.2,24.54,66.6,29,76,OPEN,CLOSED,CLOSED,1,1,1,1,0
2025-06-15 17:24:00,62640,25.14,71.3,24.48,66.7,29,76,OPEN,CLOSED,CLOSED,1,1,1,1,0
2025-06-15 17:25:00,62700,25.07,71.6,24.42,66.9,29,76,OPEN,CLOSED,CLOSED,1,1,1,1,0
2025-06-15 17:26:00,62760,35.31,100.0,24.35,67.1,25,76,CLOSED,CLOSED,CLOSED,0,1,0,1,0
2025-06-15 17:27:00,62820,35.12,100.0,24.29,67.3,28,82,CLOSED,CLOSED,CLOSED,0,3,0,1,0
2025-06-15 17:28:00,62880,34.94,100.0,24.23,67.5,32,83,MOVING_OPEN,MOVING_OPEN,MOVING_OPEN,3,3,3,1,0
2025-06-15 17:29:00,62940,24.48,70.3,24.16,67.7,32,83,OPEN,OPEN,MOVING_OPEN,3,3,3,1,0
2025-06-15 17:30:00,63000,24.46,70.4,24.14,67.8,28,82,OPEN,OPEN,MOVING_OPEN,1,3,3,1,0
2025-06-15 17:31:00,63060,24.23,68.6,24.14,67.8,28,82,OPEN,OPEN,OPEN,1,3,3,1,0
2025-06-15 17:32:00,63120,24.28,68.9,24.15,67.8,24,82,CLOSED,CLOSED,OPEN,0,3,0,1,0
2025-06-15 17:33:00,63180,24.28,68.9,24.16,67.8,24,76,CLOSED,CLOSED,OPEN,0,1,0,1,0
2025-06-15 17:34:00,63240,34.11,100.0,24.16,67.8,24,69,CLOSED,CLOSED,MOVING_CLOSE,0,-1,0,1,0
2025-06-15 17:35:00,63300,33.99,100.0,24.17,67.8,28,75,CLOSED,CLOSED,MOVING_CLOSE,0,-1,0,1,0
2025-06-15 17:36:00,63360,33.88,100.0,24.18,67.8,31,81,MOVING_OPEN,MOVING_OPEN,MOVING_OPEN,3,3,3,1,0
2025-06-15 17:37:00,63420,24.48,70.5,24.19,67.8,31,82,OPEN,OPEN,MOVING_OPEN,3,3,3,1,0
2025-06-15 17:38:00,63480,24.48,70.5,24.19,67.8,31,82,OPEN,OPEN,MOVING_OPEN,3,3,3,1,0
2025-06-15 17:39:00,63540,24.28,68.6,24.20,67.8,28,82,OPEN,OPEN,OPEN,1,3,3,1,0
2025-06-15 17:40:00,63600,24.32,68.9,24.21,67.8,24,82,CLOSED,CLOSED,OPEN,0,3,0,1,0
2025-06-15 17:41:00,63660,24.32,68.9,24.21,67.8,24,76,CLOSED,CLOSED,OPEN,0,1,0,1,0
2025-06-15 17:42:00,63720,33.19,100.0,24.22,67.8,24,69,CLOSED,CLOSED,MOVING_CLOSE,0,-1,0,1,0
2025-06-15 17:43:00,63780,33.08,100.0,24.23,67.8,27,75,CLOSED,CLOSED,MOVING_CLOSE,0,-1,0,1,0
2025-06-15 17:44:00,63840,32.97,100.0,24.24,67.9,30,81,MOVING_OPEN,MOVING_OPEN,MOVING_OPEN,2,3,3,1,0
2025-06-15 17:45:00,63900,24.50,70.7,24.24,67.9,30,81,OPEN,OPEN,MOVING_OPEN,2,3,3,1,0
2025-06-15 17:46:00,63960,24.51,70.7,24.25,67.9,30,82,OPEN,OPEN,MOVING_OPEN,2,3,3,1,0
2025-06-15 17:47:00,64020,24.51,70.7,24.26,67.9,27,82,OPEN,OPEN,MOVING_OPEN,1,3,3,1,0
2025-06-15 17:48:00,64080,24.37,69.1,24.27,67.9,24,82,CLOSED,CLOSED,OPEN,0,3,0,1,0
2025-06-15 17:49:00,64140,24.37,69.1,24.27,67.9,24,76,CLOSED,CLOSED,OPEN,0,1,0,1,0
2025-06-15 17:50:00,64200,32.31,100.0,24.28,67.9,24,70,CLOSED,CLOSED,MOVING_CLOSE,0,-1,0,1,0
2025-06-15 17:51:00,64260,32.21,100.0,24.29,67.9,27,76,CLOSED,CLOSED,MOVING_CLOSE,0,1,0,1,0
2025-06-15 17:52:00,64320,32.10,100.0,24.30,67.9,27,76,CLOSED,CLOSED,MOVING_CLOSE,0,1,0,1,0
2025-06-15 17:53:00,64380,24.53,70.8,24.30,67.9,30,81,OPEN,OPEN,MOVING_OPEN,2,3,3,1,0
2025-06-15 17:54:00,64440,24.54,70.8,24.31,67.9,30,82,OPEN,OPEN,MOVING_OPEN,2,3,3,1,0
2025-06-15 17:55:00,64500,24.55,70.8,24.32,67.9,27,82,OPEN,OPEN,MOVING_OPEN,1,3,3,1,0
2025-06-15 17:56:00,64560,24.42,69.1,24.33,67.9,24,82,MOVING_CLOSE,MOVING_CLOSE,OPEN,0,3,0,1,0
2025-06-15 17:57:00,64620,24.43,69.1,24.34,67.9,24,76,CLOSED,CLOSED,OPEN,0,1,0,1,0
2025-06-15 17:58:00,64680,24.43,69.1,24.34,67.9,24,70,CLOSED,CLOSED,MOVING_CLOSE,0,-1,0,1,0
2025-06-15 17:59:00,64740,31.38,100.0,24.35,67.9,24,70,CLOSED,CLOSED,MOVING_CLOSE,0,-1,0,1,0
2025-06-15 18:00:00,64800,31.26,100.0,24.34,68.0,27,76,CLOSED,CLOSED,MOVING_CLOSE,0,1,0,1,0
2025-06-15 18:01:00,64860,24.51,71.1,24.30,68.1,29,81,OPEN,OPEN,MOVING_OPEN,1,3,3,1,0
2025-06-15 18:02:00,64920,24.47,71.2,24.27,68.2,29,82,OPEN,OPEN,MOVING_OPEN,1,3,3,1,0
2025-06-15 18:03:00,64980,24.43,71.3,24.23,68.2,27,82,OPEN,OPEN,MOVING_OPEN,1,3,3,1,0
2025-06-15 18:04:00,65040,24.28,69.6,24.20,68.3,24,82,MOVING_CLOSE,MOVING_CLOSE,OPEN,0,3,0,1,0
2025-06-15 18:05:00,65100,24.24,69.7,24.16,68.4,24,76,CLOSED,CLOSED,OPEN,0,1,0,1,0
2025-06-15 18:06:00,65160,24.21,69.8,24.13,68.5,24,76,CLOSED,CLOSED,OPEN,0,1,0,1,0
2025-06-15 18:07:00,65220,30.27,100.0,24.09,68.6,24,70,CLOSED,CLOSED,MOVING_CLOSE,0,-1,0,1,0
2025-06-15 18:08:00,65280,30.14,100.0,24.06,68.7,26,76,CLOSED,CLOSED,MOVING_CLOSE,0,1,0,1,0
2025-06-15 18:09:00,65340,30.00,100.0,24.02,68.8,28,82,CLOSED,CLOSED,MOVING_CLOSE,0,3,0,1,0
2025-06-15 18:10:00,65400,29.87,100.0,23.99,68.9,30,88,MOVING_OPEN,MOVING_OPEN,MOVING_OPEN,2,3,3,1,0
2025-06-15 18:11:00,65460,24.13,72.2,23.95,69.0,28,88,OPEN,OPEN,MOVING_OPEN,1,3,3,1,0
2025-06-15 18:12:00,65520,24.09,72.4,23.92,69.1,26,89,OPEN,OPEN,MOVING_OPEN,1,3,3,1,0
2025-06-15 18:13:00,65580,23.93,70.2,23.88,69.2,26,89,OPEN,OPEN,OPEN,1,3,3,1,0
2025-06-15 18:14:00,65640,23.92,70.7,23.85,69.3,24,83,CLOSED,CLOSED,OPEN,0,3,0,1,0
2025-06-15 18:15:00,65700,23.88,70.8,23.81,69.4,24,77,CLOSED,CLOSED,OPEN,0,2,0,1,0
2025-06-15 18:16:00,65760,29.07,100.0,23.78,69.4,24,71,CLOSED,CLOSED,MOVING_CLOSE,0,-1,0,1,0
2025-06-15 18:17:00,65820,28.94,100.0,23.75,69.5,26,77,CLOSED,CLOSED,MOVING_CLOSE,0,2,0,1,0
2025-06-15 18:18:00,65880,28.81,100.0,23.71,69.6,27,82,CLOSED,CLOSED,MOVING_CLOSE,0,3,0,1,0
2025-06-15 18:19:00,65940,28.68,100.0,23.68,69.7,29,88,MOVING_OPEN,MOVING_OPEN,MOVING_OPEN,1,3,3,1,0
2025-06-15 18:20:00,66000,23.79,73.2,23.64,69.8,29,88,OPEN,OPEN,MOVING_OPEN,1,3,3,1,0
2025-06-15 18:21:00,66060,23.76,73.3,23.61,69.9,27,89,OPEN,OPEN,MOVING_OPEN,1,3,3,1,0
2025-06-15 18:22:00,66120,23.72,73.5,23.58,70.0,25,89,OPEN,OPEN,MOVING_CLOSE,0,3,0,1,0
2025-06-15 18:23:00,66180,28.17,100.0,23.54,70.1,24,84,CLOSED,CLOSED,MOVING_CLOSE,0,3,0,1,0
2025-06-15 18:24:00,66240,28.05,100.0,23.51,70.2,25,84,CLOSED,CLOSED,MOVING_CLOSE,0,3,0,1,0
2025-06-15 18:25:00,66300,27.92,100.0,23.47,70.3,27,84,CLOSED,CLOSED,CLOSED,0,3,0,1,0
2025-06-15 18:26:00,66360,27.80,100.0,23.44,70.3,28,89,CLOSED,CLOSED,CLOSED,0,3,0,1,0
2025-06-15 18:27:00,66420,27.69,100.0,23.41,70.4,28,89,CLOSED,CLOSED,CLOSED,0,3,0,1,0
2025-06-15 18:28:00,66480,27.56,100.0,23.37,70.5,28,95,CLOSED,CLOSED,CLOSED,0,3,0,1,0
2025-06-15 18:29:00,66540,27.44,100.0,23.34,70.6,28,100,CLOSED,CLOSED,CLOSED,0,3,0,1,0
2025-06-15 18:30:00,66600,27.33,100.0,23.31,70.7,28,100,CLOSED,CLOSED,CLOSED,0,3,0,1,0
2025-06-15 18:31:00,66660,27.22,100.0,23.29,70.8,27,100,CLOSED,CLOSED,CLOSED,0,3,0,1,0
2025-06-15 18:32:00,66720,27.11,100.0,23.26,70.9,27,100,CLOSED,CLOSED,CLOSED,0,3,0,1,0
2025-06-15 18:33:00,66780,27.01,100.0,23.24,71.0,27,100,CLOSED,CLOSED,CLOSED,0,3,0,1,0
2025-06-15 18:34:00,66840,26.91,100.0,23.22,71.1,27,100,CLOSED,CLOSED,CLOSED,0,3,0,1,0
2025-06-15 18:35:00,66900,26.79,100.0,23.19,71.2,27,100,CLOSED,CLOSED,CLOSED,0,3,0,1,0
2025-06-15 18:36:00,66960,26.69,100.0,23.17,71.4,27,100,CLOSED,CLOSED,CLOSED,0,3,0,1,0
2025-06-15 18:37:00,67020,26.59,100.0,23.15,71.5,27,100,CLOSED,CLOSED,CLOSED,0,3,0,1,0
2025-06-15 18:38:00,67080,26.49,100.0,23.12,71.6,27,100,CLOSED,CLOSED,CLOSED,0,3,0,1,0
2025-06-15 18:39:00,67140,26.39,100.0,23.10,71.7,27,100,CLOSED,CLOSED,CLOSED,0,3,0,1,0
2025-06-15 18:40:00,67200,26.29,100.0,23.08,71.8,26,100,CLOSED,CLOSED,CLOSED,0,3,0,1,0
2025-06-15 18:41:00,67260,26.19,100.0,23.06,71.9,26,100,CLOSED,CLOSED,CLOSED,0,3,0,1,0
2025-06-15 18:42:00,67320,26.09,100.0,23.03,72.0,26,100,CLOSED,CLOSED,CLOSED,0,3,0,1,0
2025-06-15 18:43:00,67380,25.99,100.0,23.01,72.1,26,100,CLOSED,CLOSED,CLOSED,0,3,0,1,0
2025-06-15 18:44:00,67440,25.90,100.0,22.99,72.2,26,100,CLOSED,CLOSED,CLOSED,0,3,0,1,0
2025-06-15 18:45:00,67500,25.81,100.0,22.97,72.3,26,100,CLOSED,CLOSED,CLOSED,0,3,0,1,0
2025-06-15 18:46:00,67560,25.71,100.0,22.94,72.4,26,100,CLOSED,CLOSED,CLOSED,0,3,0,1,0
2025-06-15 18:47:00,67620,25.62,100.0,22.92,72.5,26,100,CLOSED,CLOSED,CLOSED,0,3,0,1,0
2025-06-15 18:48:00,67680,25.53,100.0,22.90,72.6,26,100,CLOSED,CLOSED,CLOSED,0,3,0,1,0
2025-06-15 18:49:00,67740,25.44,100.0,22.88,72.7,26,100,CLOSED,CLOSED,CLOSED,0,3,0,1,0
2025-06-15 18:50:00,67800,25.34,100.0,22.85,72.8,26,100,CLOSED,CLOSED,CLOSED,0,3,0,1,0
2025-06-15 18:51:00,67860,25.25,100.0,22.83,72.9,25,100,CLOSED,CLOSED,CLOSED,0,3,0,1,0
2025-06-15 18:52:00,67920,25.16,100.0,22.81,73.0,25,100,CLOSED,CLOSED,CLOSED,0,3,0,1,0
2025-06-15 18:53:00,67980,25.08,100.0,22.79,73.1,25,100,CLOSED,CLOSED,CLOSED,0,3,0,1,0
2025-06-15 18:54:00,68040,24.99,100.0,22.77,73.2,25,100,CLOSED,CLOSED,CLOSED,0,3,0,1,0
2025-06-15 18:55:00,68100,24.90,100.0,22.74,73.3,25,100,CLOSED,CLOSED,CLOSED,0,3,0,1,0
2025-06-15 18:56:00,68160,24.82,100.0,22.72,73.4,25,100,CLOSED,CLOSED,CLOSED,0,3,0,1,0
2025-06-15 18:57:00,68220,24.73,100.0,22.70,73.5,25,100,CLOSED,CLOSED,CLOSED,0,3,0,1,0
2025-06-15 18:58:00,68280,24.65,100.0,22.68,73.6,25,100,CLOSED,CLOSED,CLOSED,0,3,0,1,0
2025-06-15 18:59:00,68340,24.57,100.0,22.66,73.7,25,100,CLOSED,CLOSED,CLOSED,0,3,0,1,0
2025-06-15 19:00:00,68400,24.47,100.0,22.62,73.9,25,100,CLOSED,CLOSED,CLOSED,0,3,0,1,0
2025-06-15 19:01:00,68460,24.37,100.0,22.58,74.0,24,100,CLOSED,CLOSED,CLOSED,0,3,0,1,0
2025-06-15 19:02:00,68520,24.27,100.0,22.53,74.2,24,100,CLOSED,CLOSED,CLOSED,0,3,0,1,0
2025-06-15 19:03:00,68580,24.17,100.0,22.49,74.4,24,100,CLOSED,CLOSED,CLOSED,0,3,0,1,0
2025-06-15 19:04:00,68640,24.07,100.0,22.45,74.6,24,100,CLOSED,CLOSED,CLOSED,0,3,0,1,0
2025-06-15 19:05:00,68700,23.97,100.0,22.40,74.8,24,100,CLOSED,CLOSED,CLOSED,0,3,0,1,0
2025-06-15 19:06:00,68760,23.88,100.0,22.36,74.9,24,100,CLOSED,CLOSED,CLOSED,0,3,0,1,0
2025-06-15 19:07:00,68820,23.77,100.0,22.31,75.1,24,100,CLOSED,CLOSED,CLOSED,0,3,0,1,0
2025-06-15 19:08:00,68880,23.63,100.0,22.22,71.3,24,100,CLOSED,CLOSED,CLOSED,0,3,0,1,0
2025-06-15 19:09:00,68940,23.53,100.0,22.17,71.5,24,100,CLOSED,CLOSED,CLOSED,0,3,0,1,0
2025-06-15 19:10:00,69000,23.44,100.0,22.13,71.6,24,100,CLOSED,CLOSED,CLOSED,0,3,0,1,0
2025-06-15 19:11:00,69060,23.35,100.0,22.09,71.8,24,100,CLOSED,CLOSED,CLOSED,0,3,0,1,0
2025-06-15 19:12:00,69120,23.26,100.0,22.05,71.9,23,100,CLOSED,CLOSED,CLOSED,0,3,0,1,0
2025-06-15 19:13:00,69180,23.17,100.0,22.01,72.1,23,100,CLOSED,CLOSED,CLOSED,0,3,0,1,0
2025-06-15 19:14:00,69240,23.08,100.0,21.96,72.3,23,100,CLOSED,CLOSED,CLOSED,0,3,0,1,0
2025-06-15 19:15:00,69300,22.99,100.0,21.92,72.4,23,100,CLOSED,CLOSED,CLOSED,0,3,0,1,0
2025-06-15 19:16:00,69360,22.91,100.0,21.88,72.6,23,100,CLOSED,CLOSED,CLOSED,0,3,0,1,0
2025-06-15 19:17:00,69420,22.82,100.0,21.84,72.7,23,100,CLOSED,CLOSED,CLOSED,0,3,0,1,0
2025-06-15 19:18:00,69480,22.74,100.0,21.80,72.9,23,100,CLOSED,CLOSED,CLOSED,0,3,0,1,0
2025-06-15 19:19:00,69540,22.69,100.0,21.79,77.2,23,100,CLOSED,CLOSED,CLOSED,0,3,0,1,0
2025-06-15 19:20:00,69600,22.60,100.0,21.74,77.4,23,100,CLOSED,CLOSED,CLOSED,0,3,0,1,0
2025-06-15 19:21:00,69660,22.52,100.0,21.70,77.6,23,100,CLOSED,CLOSED,CLOSED,0,3,0,1,0
2025-06-15 19:22:00,69720,22.44,100.0,21.66,77.7,23,100,CLOSED,CLOSED,CLOSED,0,3,0,1,0
2025-06-15 19:23:00,69780,22.35,100.0,21.61,77.9,23,100,CLOSED,CLOSED,CLOSED,0,3,0,1,0
2025-06-15 19:24:00,69840,22.27,100.0,21.57,78.1,22,100,CLOSED,CLOSED,CLOSED,0,3,0,1,0
2025-06-15 19:25:00,69900,22.20,100.0,21.53,78.3,22,100,CLOSED,CLOSED,CLOSED,0,3,0,1,0
2025-06-15 19:26:00,69960,22.12,100.0,21.49,78.4,22,100,CLOSED,CLOSED,CLOSED,0,3,0,1,0
2025-06-15 19:27:00,70020,22.04,100.0,21.44,78.6,22,100,CLOSED,CLOSED,CLOSED,0,3,0,1,0
2025-06-15 19:28:00,70080,21.96,100.0,21.40,78.8,22,100,CLOSED,CLOSED,CLOSED,0,3,0,1,0
2025-06-15 19:29:00,70140,21.89,100.0,21.36,78.9,22,100,CLOSED,CLOSED,CLOSED,0,3,0,1,0
2025-06-15 19:30:00,70200,21.78,100.0,21.28,74.9,22,100,CLOSED,CLOSED,CLOSED,0,3,0,1,0
2025-06-15 19:31:00,70260,21.69,100.0,21.22,75.3,22,100,CLOSED,CLOSED,CLOSED,0,3,0,1,0
2025-06-15 19:32:00,70320,21.59,100.0,21.15,75.7,22,100,CLOSED,CLOSED,CLOSED,0,3,0,1,0
2025-06-15 19:33:00,70380,21.49,100.0,21.08,76.1,22,100,CLOSED,CLOSED,CLOSED,0,3,0,1,0
2025-06-15 19:34:00,70440,21.39,100.0,21.01,76.5,22,100,CLOSED,CLOSED,CLOSED,0,3,0,1,0
2025-06-15 19:35:00,70500,21.30,100.0,20.95,76.9,21,100,CLOSED,CLOSED,CLOSED,0,3,0,1,0
2025-06-15 19:36:00,70560,21.21,100.0,20.88,77.3,21,100,CLOSED,CLOSED,CLOSED,0,3,0,1,0
2025-06-15 19:37:00,70620,21.11,100.0,20.81,77.7,21,100,CLOSED,CLOSED,CLOSED,0,3,0,1,0
2025-06-15 19:38:00,70680,21.02,100.0,20.74,78.1,21,100,CLOSED,CLOSED,CLOSED,0,3,0,1,0
2025-06-15 19:39:00,70740,20.94,100.0,20.68,78.5,21,100,CLOSED,CLOSED,CLOSED,0,3,0,1,0
2025-06-15 19:40:00,70800,20.85,100.0,20.61,78.9,21,100,CLOSED,CLOSED,CLOSED,0,3,0,1,0
2025-06-15 19:41:00,70860,20.75,100.0,20.54,79.3,21,100,CLOSED,CLOSED,CLOSED,0,3,0,1,0
2025-06-15 19:42:00,70920,20.66,100.0,20.47,79.7,21,100,CLOSED,CLOSED,CLOSED,0,3,0,1,0
2025-06-15 19:43:00,70980,20.59,100.0,20.41,80.1,21,100,CLOSED,CLOSED,CLOSED,0,3,0,1,0
2025-06-15 19:44:00,71040,20.50,100.0,20.34,80.5,21,100,CLOSED,CLOSED,CLOSED,0,3,0,1,0
2025-06-15 19:45:00,71100,20.41,100.0,20.27,80.9,21,100,CLOSED,CLOSED,CLOSED,0,3,0,1,0
2025-06-15 19:46:00,71160,20.32,100.0,20.20,77.7,20,100,CLOSED,CLOSED,CLOSED,0,3,0,1,0
2025-06-15 19:47:00,71220,20.25,100.0,20.14,78.1,20,100,CLOSED,CLOSED,CLOSED,0,3,0,1,0
2025-06-15 19:48:00,71280,20.17,100.0,20.07,78.5,20,100,CLOSED,CLOSED,CLOSED,0,3,0,1,0
2025-06-15 19:49:00,71340,20.08,100.0,20.00,78.8,20,100,CLOSED,CLOSED,CLOSED,0,3,0,1,0
2025-06-15 19:50:00,71400,20.01,100.0,19.94,79.2,20,100,CLOSED,CLOSED,CLOSED,0,3,0,1,0
2025-06-15 19:51:00,71460,19.93,100.0,19.87,79.6,20,100,CLOSED,CLOSED,CLOSED,0,3,0,1,0
2025-06-15 19:52:00,71520,19.85,100.0,19.80,80.0,20,100,CLOSED,CLOSED,CLOSED,0,3,0,1,0
2025-06-15 19:53:00,71580,19.78,100.0,19.74,80.4,20,100,CLOSED,CLOSED,CLOSED,0,3,0,1,0
2025-06-15 19:54:00,71640,19.70,100.0,19.67,80.8,20,100,CLOSED,CLOSED,CLOSED,0,3,0,1,0
2025-06-15 19:55:00,71700,19.62,100.0,19.60,81.1,20,100,CLOSED,CLOSED,CLOSED,0,3,0,1,0
2025-06-15 19:56:00,71760,19.56,100.0,19.54,81.5,20,100,CLOSED,CLOSED,CLOSED,0,3,0,1,0
2025-06-15 19:57:00,71820,19.48,100.0,19.47,81.9,20,100,CLOSED,CLOSED,CLOSED,0,3,0,1,0
2025-06-15 19:58:00,71880,19.41,100.0,19.40,82.3,20,100,CLOSED,CLOSED,CLOSED,0,3,0,1,0
2025-06-15 19:59:00,71940,19.34,100.0,19.34,82.7,19,100,CLOSED,CLOSED,CLOSED,0,3,0,1,0
2025-06-15 20:00:00,72000,19.29,100.0,19.29,82.9,19,100,CLOSED,CLOSED,CLOSED,0,3,0,1,0
2025-06-15 20:01:00,72060,19.27,100.0,19.27,83.1,19,100,CLOSED,CLOSED,CLOSED,0,3,0,1,0
2025-06-15 20:02:00,72120,19.24,100.0,19.24,83.1,19,100,CLOSED,CLOSED,CLOSED,0,3,0,1,0
2025-06-15 20:03:00,72180,19.22,100.0,19.22,91.7,19,100,CLOSED,CLOSED,CLOSED,0,3,0,0,0
2025-06-15 20:04:00,72240,19.20,100.0,19.20,91.7,19,100,CLOSED,CLOSED,CLOSED,0,3,0,0,0
2025-06-15 20:05:00,72300,19.17,100.0,19.17,91.6,19,100,CLOSED,CLOSED,CLOSED,0,3,0,0,0
2025-06-15 20:06:00,72360,19.15,100.0,19.15,91.6,19,100,CLOSED,CLOSED,CLOSED,0,3,0,0,0
2025-06-15 20:07:00,72420,19.13,100.0,19.13,91.6,19,100,CLOSED,CLOSED,CLOSED,0,3,0,0,0
2025-06-15 20:08:00,72480,19.10,100.0,19.10,91.6,19,100,CLOSED,CLOSED,CLOSED,0,3,0,0,0
2025-06-15 20:09:00,72540,19.08,100.0,19.08,91.6,19,100,CLOSED,CLOSED,CLOSED,0,3,0,0,0
2025-06-15 20:10:00,72600,19.06,100.0,19.06,91.5,19,100,CLOSED,CLOSED,CLOSED,0,3,0,0,0
2025-06-15 20:11:00,72660,19.03,100.0,19.03,91.5,19,100,CLOSED,CLOSED,CLOSED,0,3,0,0,0
2025-06-15 20:12:00,72720,19.01,100.0,19.01,86.3,19,100,CLOSED,CLOSED,CLOSED,0,3,0,0,0
2025-06-15 20:13:00,72780,18.99,100.0,18.99,86.3,19,100,CLOSED,CLOSED,CLOSED,0,3,0,0,0
2025-06-15 20:14:00,72840,18.96,100.0,18.96,86.3,19,100,CLOSED,CLOSED,CLOSED,0,3,0,0,0
2025-06-15 20:15:00,72900,18.94,100.0,18.94,86.2,19,100,CLOSED,CLOSED,CLOSED,0,3,0,0,0
2025-06-15 20:16:00,72960,18.92,100.0,18.92,86.2,19,100,CLOSED,CLOSED,CLOSED,0,3,0,0,0
2025-06-15 20:17:00,73020,18.89,100.0,18.89,86.2,19,100,CLOSED,CLOSED,CLOSED,0,3,0,0,0
2025-06-15 20:18:00,73080,18.87,100.0,18.87,86.2,19,100,CLOSED,CLOSED,CLOSED,0,3,0,0,0
2025-06-15 20:19:00,73140,18.85,100.0,18.85,86.1,19,100,CLOSED,CLOSED,CLOSED,0,3,0,0,0
2025-06-15 20:20:00,73200,18.82,100.0,18.82,86.1,19,100,CLOSED,CLOSED,CLOSED,0,3,0,0,0
2025-06-15 20:21:00,73260,18.80,100.0,18.80,86.1,19,100,CLOSED,CLOSED,CLOSED,0,3,0,0,0
2025-06-15 20:22:00,73320,18.77,100.0,18.77,86.0,19,100,CLOSED,CLOSED,CLOSED,0,3,0,0,0
2025-06-15 20:23:00,73380,18.75,100.0,18.75,86.0,19,100,CLOSED,CLOSED,CLOSED,0,3,0,0,0
2025-06-15 20:24:00,73440,18.73,100.0,18.73,86.0,19,100,CLOSED,CLOSED,CLOSED,0,3,0,0,0
2025-06-15 20:25:00,73500,18.70,100.0,18.70,86.0,19,100,CLOSED,CLOSED,CLOSED,0,3,0,0,0
2025-06-15 20:26:00,73560,18.68,100.0,18.68,85.9,19,100,CLOSED,CLOSED,CLOSED,0,3,0,0,0
2025-06-15 20:27:00,73620,18.66,100.0,18.66,85.9,19,100,CLOSED,CLOSED,CLOSED,0,3,0,0,0
2025-06-15 20:28:00,73680,18.63,100.0,18.63,85.9,19,100,CLOSED,CLOSED,CLOSED,0,3,0,0,0
2025-06-15 20:29:00,73740,18.61,100.0,18.61,85.9,19,100,CLOSED,CLOSED,CLOSED,0,3,0,0,0
2025-06-15 20:30:00,73800,18.62,100.0,18.62,85.9,19,100,CLOSED,CLOSED,CLOSED,0,3,0,0,0
2025-06-15 20:31:00,73860,18.65,100.0,18.65,85.9,19,100,CLOSED,CLOSED,CLOSED,0,3,0,0,0
2025-06-15 20:32:00,73920,18.68,100.0,18.68,86.0,19,100,CLOSED,CLOSED,CLOSED,0,3,0,0,0
2025-06-15 20:33:00,73980,18.71,100.0,18.71,86.1,19,100,CLOSED,CLOSED,CLOSED,0,3,0,0,0
2025-06-15 20:34:00,74040,18.74,100.0,18.74,86.1,19,100,CLOSED,CLOSED,CLOSED,0,3,0,0,0
2025-06-15 20:35:00,74100,18.77,100.0,18.77,86.2,19,100,CLOSED,CLOSED,CLOSED,0,3,0,0,0
2025-06-15 20:36:00,74160,18.80,100.0,18.80,86.3,19,100,CLOSED,CLOSED,CLOSED,0,3,0,0,0
2025-06-15 20:37:00,74220,18.83,100.0,18.83,86.4,19,100,CLOSED,CLOSED,CLOSED,0,3,0,0,0
2025-06-15 20:38:00,74280,18.86,100.0,18.86,86.4,19,100,CLOSED,CLOSED,CLOSED,0,3,0,0,0
2025-06-15 20:39:00,74340,18.89,100.0,18.89,86.5,19,100,CLOSED,CLOSED,CLOSED,0,3,0,0,0
2025-06-15 20:40:00,74400,18.92,100.0,18.92,86.6,19,100,CLOSED,CLOSED,CLOSED,0,3,0,0,0
2025-06-15 20:41:00,74460,18.95,100.0,18.95,86.6,19,100,CLOSED,CLOSED,CLOSED,0,3,0,0,0
2025-06-15 20:42:00,74520,18.98,100.0,18.98,86.7,19,100,CLOSED,CLOSED,CLOSED,0,3,0,0,0
2025-06-15 20:43:00,74580,19.01,100.0,19.01,86.8,19,100,CLOSED,CLOSED,CLOSED,0,3,0,0,0
2025-06-15 20:44:00,74640,19.04,100.0,19.04,86.8,19,100,CLOSED,CLOSED,CLOSED,0,3,0,0,0
2025-06-15 20:45:00,74700,19.07,100.0,19.07,86.9,19,100,CLOSED,CLOSED,CLOSED,0,3,0,0,0
2025-06-15 20:46:00,74760,19.10,100.0,19.10,87.0,19,100,CLOSED,CLOSED,CLOSED,0,3,0,0,0
2025-06-15 20:47:00,74820,19.13,100.0,19.13,87.1,19,100,CLOSED,CLOSED,CLOSED,0,3,0,0,0
2025-06-15 20:48:00,74880,19.16,100.0,19.16,87.1,19,100,CLOSED,CLOSED,CLOSED,0,3,0,0,0
2025-06-15 20:49:00,74940,19.19,100.0,19.19,87.2,19,100,CLOSED,CLOSED,CLOSED,0,3,0,0,0
2025-06-15 20:50:00,75000,19.22,100.0,19.22,87.3,19,100,CLOSED,CLOSED,CLOSED,0,3,0,0,0
2025-06-15 20:51:00,75060,19.25,100.0,19.25,87.3,19,100,CLOSED,CLOSED,CLOSED,0,3,0,0,0
2025-06-15 20:52:00,75120,19.28,100.0,19.28,87.4,19,100,CLOSED,CLOSED,CLOSED,0,3,0,0,0
2025-06-15 20:53:00,75180,19.31,100.0,19.31,87.5,19,100,CLOSED,CLOSED,CLOSED,0,3,0,0,0
2025-06-15 20:54:00,75240,19.34,100.0,19.34,87.5,19,100,CLOSED,CLOSED,CLOSED,0,3,0,0,0
2025-06-15 20:55:00,75300,19.37,100.0,19.37,87.6,19,100,CLOSED,CLOSED,CLOSED,0,3,0,0,0
2025-06-15 20:56:00,75360,19.40,100.0,19.40,87.7,19,100,CLOSED,CLOSED,CLOSED,0,3,0,0,0
2025-06-15 20:57:00,75420,19.43,100.0,19.43,87.7,19,100,CLOSED,CLOSED,CLOSED,0,3,0,0,0
2025-06-15 20:58:00,75480,19.46,100.0,19.46,87.8,19,100,CLOSED,CLOSED,CLOSED,0,3,0,0,0
2025-06-15 20:59:00,75540,19.49,100.0,19.49,87.9,19,100,CLOSED,CLOSED,CLOSED,0,3,0,0,0
2025-06-15 21:00:00,75600,19.51,100.0,19.51,87.9,19,100,CLOSED,CLOSED,CLOSED,0,3,0,0,0
2025-06-15 21:01:00,75660,19.54,100.0,19.54,87.8,19,100,CLOSED,CLOSED,CLOSED,0,3,0,0,0
2025-06-15 21:02:00,75720,19.57,100.0,19.57,87.7,20,100,CLOSED,CLOSED,CLOSED,0,3,0,0,0
2025-06-15 21:03:00,75780,19.59,100.0,19.59,87.6,20,100,CLOSED,CLOSED,CLOSED,0,3,0,0,0
2025-06-15 21:04:00,75840,19.62,100.0,19.62,87.5,20,100,CLOSED,CLOSED,CLOSED,0,3,0,0,0
2025-06-15 21:05:00,75900,19.65,100.0,19.65,87.4,20,100,CLOSED,CLOSED,CLOSED,0,3,0,0,0
2025-06-15 21:06:00,75960,19.67,100.0,19.67,87.3,20,100,CLOSED,CLOSED,CLOSED,0,3,0,0,0
2025-06-15 21:07:00,76020,19.70,100.0,19.70,87.2,20,100,CLOSED,CLOSED,CLOSED,0,3,0,0,0
2025-06-15 21:08:00,76080,19.73,100.0,19.73,87.1,20,100,CLOSED,CLOSED,CLOSED,0,3,0,0,0
2025-06-15 21:09:00,76140,19.75,100.0,19.75,87.0,20,100,CLOSED,CLOSED,CLOSED,0,3,0,0,0
2025-06-15 21:10:00,76200,19.78,100.0,19.78,87.0,20,100,CLOSED,CLOSED,CLOSED,0,3,0,0,0
2025-06-15 21:11:00,76260,19.81,100.0,19.81,86.9,20,100,CLOSED,CLOSED,CLOSED,0,3,0,0,0
2025-06-15 21:12:00,76320,19.83,100.0,19.83,86.8,20,100,CLOSED,CLOSED,CLOSED,0,3,0,0,0
2025-06-15 21:13:00,76380,19.86,100.0,19.86,86.7,20,100,CLOSED,CLOSED,CLOSED,0,3,0,0,0
2025-06-15 21:14:00,76440,19.89,100.0,19.89,86.6,20,100,CLOSED,CLOSED,CLOSED,0,3,0,0,0
2025-06-15 21:15:00,76500,19.91,100.0,19.91,86.5,20,100,CLOSED,CLOSED,CLOSED,0,3,0,0,0
2025-06-15 21:16:00,76560,19.94,100.0,19.94,86.4,20,100,CLOSED,CLOSED,CLOSED,0,3,0,0,0
2025-06-15 21:17:00,76620,19.97,100.0,19.97,86.3,20,100,CLOSED,CLOSED,CLOSED,0,3,0,0,0
2025-06-15 21:18:00,76680,19.99,100.0,19.99,86.2,20,100,CLOSED,CLOSED,CLOSED,0,3,0,0,0
2025-06-15 21:19:00,76740,20.02,100.0,20.02,86.1,20,100,CLOSED,CLOSED,CLOSED,0,3,0,0,0
2025-06-15 21:20:00,76800,20.05,100.0,20.05,86.0,20,100,CLOSED,CLOSED,CLOSED,0,3,0,0,0
2025-06-15 21:21:00,76860,20.07,100.0,20.07,85.9,20,100,CLOSED,CLOSED,CLOSED,0,3,0,0,0
2025-06-15 21:22:00,76920,20.10,100.0,20.10,85.8,20,100,CLOSED,CLOSED,CLOSED,0,3,0,0,0
2025-06-15 21:23:00,76980,20.13,100.0,20.13,85.8,20,100,CLOSED,CLOSED,CLOSED,0,3,0,0,0
2025-06-15 21:24:00,77040,20.15,100.0,20.15,85.7,20,100,CLOSED,CLOSED,CLOSED,0,3,0,0,0
2025-06-15 21:25:00,77100,20.18,100.0,20.18,85.6,20,100,CLOSED,CLOSED,CLOSED,0,3,0,0,0
2025-06-15 21:26:00,77160,20.21,100.0,20.21,85.5,20,100,CLOSED,CLOSED,CLOSED,0,3,0,0,0
2025-06-15 21:27:00,77220,20.23,100.0,20.23,85.4,20,100,CLOSED,CLOSED,CLOSED,0,3,0,0,0
2025-06-15 21:28:00,77280,20.26,100.0,20.26,85.3,20,100,CLOSED,CLOSED,CLOSED,0,3,0,0,0
2025-06-15 21:29:00,77340,20.29,100.0,20.29,85.2,20,100,CLOSED,CLOSED,CLOSED,0,3,0,0,0
2025-06-15 21:30:00,77400,20.28,100.0,20.28,85.2,20,100,CLOSED,CLOSED,CLOSED,0,3,0,0,0
2025-06-15 21:31:00,77460,20.23,100.0,20.23,85.4,20,100,CLOSED,CLOSED,CLOSED,0,3,0,0,0
2025-06-15 21:32:00,77520,20.19,100.0,20.19,85.6,20,100,CLOSED,CLOSED,CLOSED,0,3,0,0,0
2025-06-15 21:33:00,77580,20.15,100.0,20.15,85.7,20,100,CLOSED,CLOSED,CLOSED,0,3,0,0,0
2025-06-15 21:34:00,77640,20.10,100.0,20.10,85.9,20,100,CLOSED,CLOSED,CLOSED,0,3,0,0,0
2025-06-15 21:35:00,77700,20.06,100.0,20.06,86.0,20,100,CLOSED,CLOSED,CLOSED,0,3,0,0,0
2025-06-15 21:36:00,77760,20.02,100.0,20.02,86.2,20,100,CLOSED,CLOSED,CLOSED,0,3,0,0,0
2025-06-15 21:37:00,77820,19.97,100.0,19.97,86.4,20,100,CLOSED,CLOSED,CLOSED,0,3,0,0,0
2025-06-15 21:38:00,77880,19.93,100.0,19.93,86.5,20,100,CLOSED,CLOSED,CLOSED,0,3,0,0,0
2025-06-15 21:39:00,77940,19.89,100.0,19.89,86.7,20,100,CLOSED,CLOSED,CLOSED,0,3,0,0,0
2025-06-15 21:40:00,78000,19.84,100.0,19.84,86.8,20,100,CLOSED,CLOSED,CLOSED,0,3,0,0,0
2025-06-15 21:41:00,78060,19.80,100.0,19.80,87.0,20,100,CLOSED,CLOSED,CLOSED,0,3,0,0,0
2025-06-15 21:42:00,78120,19.76,100.0,19.76,87.2,20,100,CLOSED,CLOSED,CLOSED,0,3,0,0,0
2025-06-15 21:43:00,78180,19.71,100.0,19.71,87.3,20,100,CLOSED,CLOSED,CLOSED,0,3,0,0,0
2025-06-15 21:44:00,78240,19.67,100.0,19.67,87.5,20,100,CLOSED,CLOSED,CLOSED,0,3,0,0,0
2025-06-15 21:45:00,78300,19.63,100.0,19.63,87.7,20,100,CLOSED,CLOSED,CLOSED,0,3,0,0,0
2025-06-15 21:46:00,78360,19.58,100.0,19.58,87.8,20,100,CLOSED,CLOSED,CLOSED,0,3,0,0,0
2025-06-15 21:47:00,78420,19.54,100.0,19.54,88.0,20,100,CLOSED,CLOSED,CLOSED,0,3,0,0,0
2025-06-15 21:48:00,78480,19.50,100.0,19.50,88.1,20,100,CLOSED,CLOSED,CLOSED,0,3,0,0,0
2025-06-15 21:49:00,78540,19.45,100.0,19.45,88.3,20,100,CLOSED,CLOSED,CLOSED,0,3,0,0,0
2025-06-15 21:50:00,78600,19.41,100.0,19.41,88.5,20,100,CLOSED,CLOSED,CLOSED,0,3,0,0,0
2025-06-15 21:51:00,78660,19.37,100.0,19.37,88.6,19,100,CLOSED,CLOSED,CLOSED,0,3,0,0,0
2025-06-15 21:52:00,78720,19.32,100.0,19.32,88.8,19,100,CLOSED,CLOSED,CLOSED,0,3,0,0,0
2025-06-15 21:53:00,78780,19.28,100.0,19.28,88.9,19,100,CLOSED,CLOSED,CLOSED,0,3,0,0,0
2025-06-15 21:54:00,78840,19.24,100.0,19.24,89.1,19,100,CLOSED,CLOSED,CLOSED,0,3,0,0,0
2025-06-15 21:55:00,78900,19.19,100.0,19.19,89.3,19,100,CLOSED,CLOSED,CLOSED,0,3,0,0,0
2025-06-15 21:56:00,78960,19.15,100.0,19.15,89.4,19,100,CLOSED,CLOSED,CLOSED,0,3,0,0,0
2025-06-15 21:57:00,79020,19.11,100.0,19.11,89.6,19,100,CLOSED,CLOSED,CLOSED,0,3,0,0,0
2025-06-15 21:58:00,79080,19.06,100.0,19.06,89.8,19,100,CLOSED,CLOSED,CLOSED,0,3,0,0,0
2025-06-15 21:59:00,79140,19.02,100.0,19.02,89.9,19,100,CLOSED,CLOSED,CLOSED,0,3,0,0,0
2025-06-15 22:00:00,79200,18.99,100.0,18.99,90.0,19,100,CLOSED,CLOSED,CLOSED,0,3,0,0,0
2025-06-15 22:01:00,79260,18.98,100.0,18.98,90.1,19,100,CLOSED,CLOSED,CLOSED,0,3,0,0,0
2025-06-15 22:02:00,79320,18.97,100.0,18.97,90.1,19,100,CLOSED,CLOSED,CLOSED,0,3,0,0,0
2025-06-15 22:03:00,79380,18.96,100.0,18.96,86.3,19,100,CLOSED,CLOSED,CLOSED,0,3,0,0,0
2025-06-15 22:04:00,79440,18.95,100.0,18.95,86.3,19,100,CLOSED,CLOSED,CLOSED,0,3,0,0,0
2025-06-15 22:05:00,79500,18.94,100.0,18.94,86.4,19,100,CLOSED,CLOSED,CLOSED,0,3,0,0,0
2025-06-15 22:06:00,79560,18.93,100.0,18.93,86.4,19,100,CLOSED,CLOSED,CLOSED,0,3,0,0,0
2025-06-15 22:07:00,79620,18.92,100.0,18.92,86.5,19,100,CLOSED,CLOSED,CLOSED,0,3,0,0,0
2025-06-15 22:08:00,79680,18.91,100.0,18.91,86.5,19,100,CLOSED,CLOSED,CLOSED,0,3,0,0,0
2025-06-15 22:09:00,79740,18.90,100.0,18.90,86.6,19,100,CLOSED,CLOSED,CLOSED,0,3,0,0,0
2025-06-15 22:10:00,79800,18.89,100.0,18.89,86.6,19,100,CLOSED,CLOSED,CLOSED,0,3,0,0,0
2025-06-15 22:11:00,79860,18.88,100.0,18.88,86.7,19,100,CLOSED,CLOSED,CLOSED,0,3,0,0,0
2025-06-15 22:12:00,79920,18.87,100.0,18.87,86.7,19,100,CLOSED,CLOSED,CLOSED,0,3,0,0,0
2025-06-15 22:13:00,79980,18.86,100.0,18.86,86.7,19,100,CLOSED,CLOSED,CLOSED,0,3,0,0,0
2025-06-15 22:14:00,80040,18.85,100.0,18.85,86.8,19,100,CLOSED,CLOSED,CLOSED,0,3,0,0,0
2025-06-15 22:15:00,80100,18.84,100.0,18.84,86.8,19,100,CLOSED,CLOSED,CLOSED,0,3,0,0,0
2025-06-15 22:16:00,80160,18.83,100.0,18.83,90.8,19,100,CLOSED,CLOSED,CLOSED,0,3,0,0,0
2025-06-15 22:17:00,80220,18.82,100.0,18.82,90.9,19,100,CLOSED,CLOSED,CLOSED,0,3,0,0,0
2025-06-15 22:18:00,80280,18.81,100.0,18.81,90.9,19,100,CLOSED,CLOSED,CLOSED,0,3,0,0,0
2025-06-15 22:19:00,80340,18.80,100.0,18.80,91.0,19,100,CLOSED,CLOSED,CLOSED,0,3,0,0,0
2025-06-15 22:20:00,80400,18.79,100.0,18.79,91.0,19,100,CLOSED,CLOSED,CLOSED,0,3,0,0,0
2025-06-15 22:21:00,80460,18.78,100.0,18.78,91.1,19,100,CLOSED,CLOSED,CLOSED,0,3,0,0,0
2025-06-15 22:22:00,80520,18.77,100.0,18.77,91.1,19,100,CLOSED,CLOSED,CLOSED,0,3,0,0,0
2025-06-15 22:23:00,80580,18.76,100.0,18.76,91.2,19,100,CLOSED,CLOSED,CLOSED,0,3,0,0,0
2025-06-15 22:24:00,80640,18.75,100.0,18.75,91.2,19,100,CLOSED,CLOSED,CLOSED,0,3,0,0,0
2025-06-15 22:25:00,80700,18.74,100.0,18.74,91.3,19,100,CLOSED,CLOSED,CLOSED,0,3,0,0,0
2025-06-15 22:26:00,80760,18.73,100.0,18.73,91.3,19,100,CLOSED,CLOSED,CLOSED,0,3,0,0,0
2025-06-15 22:27:00,80820,18.72,100.0,18.72,91.4,19,100,CLOSED,CLOSED,CLOSED,0,3,0,0,0
2025-06-15 22:28:00,80880,18.71,100.0,18.71,91.4,19,100,CLOSED,CLOSED,CLOSED,0,3,0,0,0
2025-06-15 22:29:00,80940,18.70,100.0,18.70,87.5,19,100,CLOSED,CLOSED,CLOSED,0,3,0,0,0
2025-06-15 22:30:00,81000,18.68,100.0,18.68,87.6,19,100,CLOSED,CLOSED,CLOSED,0,3,0,0,0
2025-06-15 22:31:00,81060,18.64,100.0,18.64,87.6,19,100,CLOSED,CLOSED,CLOSED,0,3,0,0,0
2025-06-15 22:32:00,81120,18.61,100.0,18.61,87.7,19,100,CLOSED,CLOSED,CLOSED,0,3,0,0,0
2025-06-15 22:33:00,81180,18.57,100.0,18.57,87.8,19,100,CLOSED,CLOSED,CLOSED,0,3,0,0,0
2025-06-15 22:34:00,81240,18.54,100.0,18.54,87.9,19,100,CLOSED,CLOSED,CLOSED,0,3,0,0,0
2025-06-15 22:35:00,81300,18.50,100.0,18.50,87.9,19,100,CLOSED,CLOSED,CLOSED,0,3,0,0,0
2025-06-15 22:36:00,81360,18.46,100.0,18.46,88.0,19,100,CLOSED,CLOSED,CLOSED,0,3,0,0,0
2025-06-15 22:37:00,81420,18.43,100.0,18.43,88.1,18,100,CLOSED,CLOSED,CLOSED,0,3,0,0,0
2025-06-15 22:38:00,81480,18.39,100.0,18.39,88.2,18,100,CLOSED,CLOSED,CLOSED,0,3,0,0,0
2025-06-15 22:39:00,81540,18.35,100.0,18.35,88.2,18,100,CLOSED,CLOSED,CLOSED,0,3,0,0,0
2025-06-15 22:40:00,81600,18.32,100.0,18.32,88.3,18,100,CLOSED,CLOSED,CLOSED,0,3,0,0,0
2025-06-15 22:41:00,81660,18.28,100.0,18.28,88.4,18,100,CLOSED,CLOSED,CLOSED,0,3,0,0,0
2025-06-15 22:42:00,81720,18.24,100.0,18.24,92.5,18,100,CLOSED,CLOSED,CLOSED,0,3,0,0,0
2025-06-15 22:43:00,81780,18.21,100.0,18.21,92.6,18,100,CLOSED,CLOSED,CLOSED,0,3,0,0,0
2025-06-15 22:44:00,81840,18.17,100.0,18.17,92.7,18,100,CLOSED,CLOSED,CLOSED,0,3,0,0,0
2025-06-15 22:45:00,81900,18.14,100.0,18.14,92.8,18,100,CLOSED,CLOSED,CLOSED,0,3,0,0,0
2025-06-15 22:46:00,81960,18.10,100.0,18.10,92.9,18,100,CLOSED,CLOSED,CLOSED,0,3,0,0,0
2025-06-15 22:47:00,82020,18.06,100.0,18.06,93.0,18,100,CLOSED,CLOSED,CLOSED,0,3,0,0,0
2025-06-15 22:48:00,82080,18.03,100.0,18.03,93.0,18,100,CLOSED,CLOSED,CLOSED,0,3,0,0,0
2025-06-15 22:49:00,82140,17.99,100.0,17.99,93.1,18,100,CLOSED,CLOSED,CLOSED,0,3,0,0,0
2025-06-15 22:50:00,82200,17.95,100.0,17.95,93.2,18,100,CLOSED,CLOSED,CLOSED,0,3,0,0,0
2025-06-15 22:51:00,82260,17.92,100.0,17.92,93.3,18,100,CLOSED,CLOSED,CLOSED,0,3,0,0,0
2025-06-15 22:52:00,82320,17.88,100.0,17.88,93.4,18,100,CLOSED,CLOSED,CLOSED,0,3,0,0,0
2025-06-15 22:53:00,82380,17.84,100.0,17.84,93.5,18,100,CLOSED,CLOSED,CLOSED,0,3,0,0,0
2025-06-15 22:54:00,82440,17.81,100.0,17.81,93.5,18,100,CLOSED,CLOSED,CLOSED,0,3,0,0,0
2025-06-15 22:55:00,82500,17.77,100.0,17.77,89.4,18,100,CLOSED,CLOSED,CLOSED,0,3,0,0,0
2025-06-15 22:56:00,82560,17.73,100.0,17.73,89.5,18,100,CLOSED,CLOSED,CLOSED,0,3,0,0,0
2025-06-15 22:57:00,82620,17.70,100.0,17.70,89.6,18,100,CLOSED,CLOSED,CLOSED,0,3,0,0,0
2025-06-15 22:58:00,82680,17.66,100.0,17.66,89.6,18,100,CLOSED,CLOSED,CLOSED,0,3,0,0,0
2025-06-15 22:59:00,82740,17.63,100.0,17.63,89.7,18,100,CLOSED,CLOSED,CLOSED,0,3,0,0,0
2025-06-15 23:00:00,82800,17.59,100.0,17.59,89.8,18,100,CLOSED,CLOSED,CLOSED,0,3,0,0,0
2025-06-15 23:01:00,82860,17.57,100.0,17.57,89.8,18,100,CLOSED,CLOSED,CLOSED,0,3,0,0,0
2025-06-15 23:02:00,82920,17.55,100.0,17.55,89.9,18,100,CLOSED,CLOSED,CLOSED,0,3,0,0,0
2025-06-15 23:03:00,82980,17.52,100.0,17.52,89.9,18,100,CLOSED,CLOSED,CLOSED,0,3,0,0,0
2025-06-15 23:04:00,83040,17.50,100.0,17.50,89.9,18,100,CLOSED,CLOSED,CLOSED,0,3,0,0,0
2025-06-15 23:05:00,83100,17.48,100.0,17.48,90.0,18,100,CLOSED,CLOSED,CLOSED,0,3,0,0,0
2025-06-15 23:06:00,83160,17.45,100.0,17.45,90.0,17,100,CLOSED,CLOSED,CLOSED,0,3,0,0,0
2025-06-15 23:07:00,83220,17.43,100.0,17.43,90.1,17,100,CLOSED,CLOSED,CLOSED,0,3,0,0,0
2025-06-15 23:08:00,83280,17.40,100.0,17.40,94.4,17,100,CLOSED,CLOSED,CLOSED,0,3,0,0,0
2025-06-15 23:09:00,83340,17.38,100.0,17.38,94.5,17,100,CLOSED,CLOSED,CLOSED,0,3,0,0,0
2025-06-15 23:10:00,83400,17.36,100.0,17.36,94.5,17,100,CLOSED,CLOSED,CLOSED,0,3,0,0,0
2025-06-15 23:11:00,83460,17.33,100.0,17.33,94.6,17,100,CLOSED,CLOSED,CLOSED,0,3,0,0,0
2025-06-15 23:12:00,83520,17.31,100.0,17.31,94.6,17,100,CLOSED,CLOSED,CLOSED,0,3,0,0,0
2025-06-15 23:13:00,83580,17.29,100.0,17.29,94.7,17,100,CLOSED,CLOSED,CLOSED,0,3,0,0,0
2025-06-15 23:14:00,83640,17.26,100.0,17.26,94.7,17,100,CLOSED,CLOSED,CLOSED,0,3,0,0,0
2025-06-15 23:15:00,83700,17.24,100.0,17.24,94.8,17,100,CLOSED,CLOSED,CLOSED,0,3,0,0,0
2025-06-15 23:16:00,83760,17.22,100.0,17.22,94.8,17,100,CLOSED,CLOSED,CLOSED,0,3,0,0,0
2025-06-15 23:17:00,83820,17.19,100.0,17.19,94.9,17,100,CLOSED,CLOSED,CLOSED,0,3,0,0,0
2025-06-15 23:18:00,83880,17.17,100.0,17.17,94.9,17,100,CLOSED,CLOSED,CLOSED,0,3,0,0,0
2025-06-15 23:19:00,83940,17.15,100.0,17.15,95.0,17,100,CLOSED,CLOSED,CLOSED,0,3,0,0,0
2025-06-15 23:20:00,84000,17.12,100.0,17.12,95.0,17,100,CLOSED,CLOSED,CLOSED,0,3,0,0,0
2025-06-15 23:21:00,84060,17.10,100.0,17.10,90.7,17,100,CLOSED,CLOSED,CLOSED,0,3,0,0,0
2025-06-15 23:22:00,84120,17.08,100.0,17.08,90.7,17,100,CLOSED,CLOSED,CLOSED,0,3,0,0,0
2025-06-15 23:23:00,84180,17.05,100.0,17.05,90.8,17,100,CLOSED,CLOSED,CLOSED,0,3,0,0,0
2025-06-15 23:24:00,84240,17.03,100.0,17.03,90.8,17,100,CLOSED,CLOSED,CLOSED,0,3,0,0,0
2025-06-15 23:25:00,84300,17.01,100.0,17.01,90.8,17,100,CLOSED,CLOSED,CLOSED,0,3,0,0,0
2025-06-15 23:26:00,84360,16.98,100.0,16.98,90.9,17,100,CLOSED,CLOSED,CLOSED,0,3,0,0,0
2025-06-15 23:27:00,84420,16.96,100.0,16.96,90.9,17,100,CLOSED,CLOSED,CLOSED,0,3,0,0,0
2025-06-15 23:28:00,84480,16.93,100.0,16.93,91.0,17,100,CLOSED,CLOSED,CLOSED,0,3,0,0,0
2025-06-15 23:29:00,84540,16.91,100.0,16.91,91.0,17,100,CLOSED,CLOSED,CLOSED,0,3,0,0,0
2025-06-15 23:30:00,84600,16.89,100.0,16.89,91.0,17,100,CLOSED,CLOSED,CLOSED,0,3,0,0,0
2025-06-15 23:31:00,84660,16.86,100.0,16.86,91.1,17,100,CLOSED,CLOSED,CLOSED,0,3,0,0,0
2025-06-15 23:32:00,84720,16.84,100.0,16.84,91.1,17,100,CLOSED,CLOSED,CLOSED,0,3,0,0,0
2025-06-15 23:33:00,84780,16.82,100.0,16.82,91.1,17,100,CLOSED,CLOSED,CLOSED,0,3,0,0,0
2025-06-15 23:34:00,84840,16.79,100.0,16.79,91.1,17,100,CLOSED,CLOSED,CLOSED,0,3,0,0,0
2025-06-15 23:35:00,84900,16.77,100.0,16.77,91.2,17,100,CLOSED,CLOSED,CLOSED,0,3,0,0,0
2025-06-15 23:36:00,84960,16.75,100.0,16.75,91.2,17,100,CLOSED,CLOSED,CLOSED,0,3,0,0,0
2025-06-15 23:37:00,85020,16.72,100.0,16.72,91.2,17,100,CLOSED,CLOSED,CLOSED,0,3,0,0,0
2025-06-15 23:38:00,85080,16.70,100.0,16.70,91.2,17,100,CLOSED,CLOSED,CLOSED,0,3,0,0,0
2025-06-15 23:39:00,85140,16.68,100.0,16.68,91.3,17,100,CLOSED,CLOSED,CLOSED,0,3,0,0,0
2025-06-15 23:40:00,85200,16.65,100.0,16.65,91.3,17,100,CLOSED,CLOSED,CLOSED,0,3,0,0,0
2025-06-15 23:41:00,85260,16.63,100.0,16.63,91.3,17,100,CLOSED,CLOSED,CLOSED,0,3,0,0,0
2025-06-15 23:42:00,85320,16.61,100.0,16.61,91.3,17,100,CLOSED,CLOSED,CLOSED,0,3,0,0,0
2025-06-15 23:43:00,85380,16.58,100.0,16.58,91.3,17,100,CLOSED,CLOSED,CLOSED,0,3,0,0,0
2025-06-15 23:44:00,85440,16.56,100.0,16.56,91.4,17,100,CLOSED,CLOSED,CLOSED,0,3,0,0,0
2025-06-15 23:45:00,85500,16.54,100.0,16.54,91.4,17,100,CLOSED,CLOSED,CLOSED,0,3,0,0,0
2025-06-15 23:46:00,85560,16.51,100.0,16.51,91.4,17,100,CLOSED,CLOSED,CLOSED,0,3,0,0,0
2025-06-15 23:47:00,85620,16.49,100.0,16.49,91.4,17,100,CLOSED,CLOSED,CLOSED,0,3,0,0,0
2025-06-15 23:48:00,85680,16.47,100.0,16.47,91.5,16,100,CLOSED,CLOSED,CLOSED,0,3,0,0,0
2025-06-15 23:49:00,85740,16.44,100.0,16.44,91.5,16,100,CLOSED,CLOSED,CLOSED,0,3,0,0,0
2025-06-15 23:50:00,85800,16.42,100.0,16.42,91.5,16,100,CLOSED,CLOSED,CLOSED,0,3,0,0,0
2025-06-15 23:51:00,85860,16.40,100.0,16.40,91.5,16,100,CLOSED,CLOSED,CLOSED,0,3,0,0,0
2025-06-15 23:52:00,85920,16.37,100.0,16.37,91.6,16,100,CLOSED,CLOSED,CLOSED,0,3,0,0,0
2025-06-15 23:53:00,85980,16.35,100.0,16.35,91.6,16,100,CLOSED,CLOSED,CLOSED,0,3,0,0,0
2025-06-15 23:54:00,86040,16.33,100.0,16.33,91.6,16,100,CLOSED,CLOSED,CLOSED,0,3,0,0,0
2025-06-15 23:55:00,86100,16.30,100.0,16.30,91.6,16,100,CLOSED,CLOSED,CLOSED,0,3,0,0,0
2025-06-15 23:56:00,86160,16.28,100.0,16.28,91.6,16,100,CLOSED,CLOSED,CLOSED,0,3,0,0,0
2025-06-15 23:57:00,86220,16.26,100.0,16.26,91.7,16,100,CLOSED,CLOSED,CLOSED,0,3,0,0,0
2025-06-15 23:58:00,86280,16.23,100.0,16.23,91.7,16,100,CLOSED,CLOSED,CLOSED,0,3,0,0,0
