timestamp,type,initiator,ch,param,value_a,value_b
2026-05-20T22:50:09,SYSTEM,SYS,0,0,11,9028
2026-05-20T22:50:09,SYSTEM,SYS,0,0,8,8153
2026-05-20T22:50:09,SYSTEM,SYS,0,0,12,31
2026-05-20T22:50:15,SYSTEM,WEB,0,0,1,1
2026-05-20T22:50:39,SENSOR,SYS,0,0,16,90
2026-05-20T22:51:09,SYSTEM,SYS,0,0,7,103
2026-05-20T22:51:09,SYSTEM,SYS,0,0,8,8153
2026-05-20T22:51:09,SYSTEM,SYS,0,0,12,31
2026-05-20T22:51:09,SENSOR,SYS,0,0,16,90
2026-05-20T22:51:38,SYSTEM,WEB,0,0,1,0
2026-05-20T22:51:40,SENSOR,SYS,0,0,16,90
2026-05-20T22:52:09,SYSTEM,SYS,0,0,7,103
2026-05-20T22:52:09,SYSTEM,SYS,0,0,8,8153
2026-05-20T22:52:09,SYSTEM,SYS,0,0,12,31
2026-05-20T22:52:10,SENSOR,SYS,0,0,16,90
2026-05-20T22:52:41,SENSOR,SYS,0,0,16,90
2026-05-20T22:53:09,SYSTEM,SYS,0,0,7,102
2026-05-20T22:53:09,SYSTEM,SYS,0,0,8,8153
2026-05-20T22:53:09,SYSTEM,SYS,0,0,12,31
2026-05-20T22:53:11,SENSOR,SYS,0,0,16,90
2026-05-20T22:53:38,SYSTEM,WEB,0,0,1,0
2026-05-20T22:53:41,SENSOR,SYS,0,0,16,90
2026-05-20T22:54:09,SYSTEM,SYS,0,0,7,102
2026-05-20T22:54:09,SYSTEM,SYS,0,0,8,8153
2026-05-20T22:54:09,SYSTEM,SYS,0,0,12,31
2026-05-20T22:54:11,SENSOR,SYS,0,0,16,90
2026-05-20T22:54:42,SENSOR,SYS,0,0,16,90
2026-05-20T22:55:09,SYSTEM,SYS,0,0,7,103
2026-05-20T22:55:09,SYSTEM,SYS,0,0,8,8153
2026-05-20T22:55:09,SYSTEM,SYS,0,0,12,31
2026-05-20T22:55:12,SENSOR,SYS,0,0,16,90
2026-05-20T22:55:40,SYSTEM,WEB,0,0,1,0
2026-05-20T22:55:42,SENSOR,SYS,0,0,16,90
2026-05-20T22:56:09,SYSTEM,SYS,0,0,7,102
2026-05-20T22:56:09,SYSTEM,SYS,0,0,8,8153
2026-05-20T22:56:09,SYSTEM,SYS,0,0,12,31
2026-05-20T22:56:13,SENSOR,SYS,0,0,16,90
2026-05-20T22:56:43,SENSOR,SYS,0,0,16,90
2026-05-20T22:57:09,SYSTEM,SYS,0,0,7,102
2026-05-20T22:57:09,SYSTEM,SYS,0,0,8,8153
2026-05-20T22:57:09,SYSTEM,SYS,0,0,12,31
2026-05-20T22:57:13,SENSOR,SYS,0,0,16,90
2026-05-20T22:57:39,SYSTEM,WEB,0,0,1,0
2026-05-20T22:57:43,SENSOR,SYS,0,0,16,90
2026-05-20T22:58:09,SYSTEM,SYS,0,0,7,102
2026-05-20T22:58:09,SYSTEM,SYS,0,0,8,8153
2026-05-20T22:58:09,SYSTEM,SYS,0,0,12,31
2026-05-20T22:58:14,SENSOR,SYS,0,0,16,90
2026-05-20T22:58:44,SENSOR,SYS,0,0,16,90
2026-05-20T22:59:09,SYSTEM,SYS,0,0,7,103
2026-05-20T22:59:09,SYSTEM,SYS,0,0,8,8153
2026-05-20T22:59:09,SYSTEM,SYS,0,0,12,31
2026-05-20T22:59:15,SENSOR,SYS,0,0,16,90
2026-05-20T22:59:41,SYSTEM,WEB,0,0,1,0
2026-05-20T22:59:45,SENSOR,SYS,0,0,16,90
2026-05-20T23:00:09,SYSTEM,SYS,0,0,7,102
2026-05-20T23:00:09,SYSTEM,SYS,0,0,8,8153
2026-05-20T23:00:09,SYSTEM,SYS,0,0,12,31
2026-05-20T23:00:15,SENSOR,SYS,0,0,16,90
2026-05-20T23:00:45,SENSOR,SYS,0,0,16,90
2026-05-20T23:01:09,SYSTEM,SYS,0,0,7,102
2026-05-20T23:01:09,SYSTEM,SYS,0,0,8,8153
2026-05-20T23:01:09,SYSTEM,SYS,0,0,12,31
2026-05-20T23:01:16,SENSOR,SYS,0,0,16,90
2026-05-20T23:01:41,SYSTEM,WEB,0,0,1,0
2026-05-20T23:01:46,SENSOR,SYS,0,0,16,90
2026-05-20T23:02:08,SYSTEM,SYS,0,0,7,102
2026-05-20T23:02:08,SYSTEM,SYS,0,0,8,8153
2026-05-20T23:02:08,SYSTEM,SYS,0,0,12,31
2026-05-20T23:02:16,SENSOR,SYS,0,0,16,90
2026-05-20T23:02:46,SENSOR,SYS,0,0,16,90
2026-05-20T23:03:09,SYSTEM,SYS,0,0,7,102
2026-05-20T23:03:09,SYSTEM,SYS,0,0,8,8153
2026-05-20T23:03:09,SYSTEM,SYS,0,0,12,31
2026-05-20T23:03:17,SENSOR,SYS,0,0,16,90
2026-05-20T23:03:42,SYSTEM,WEB,0,0,1,0
2026-05-20T23:03:47,SENSOR,SYS,0,0,16,90
2026-05-20T23:04:09,SYSTEM,SYS,0,0,7,103
2026-05-20T23:04:09,SYSTEM,SYS,0,0,8,8153
2026-05-20T23:04:09,SYSTEM,SYS,0,0,12,31
2026-05-20T23:04:18,SENSOR,SYS,0,0,16,90
2026-05-20T23:04:48,SENSOR,SYS,0,0,16,90
2026-05-20T23:05:09,SYSTEM,SYS,0,0,7,103
2026-05-20T23:05:09,SYSTEM,SYS,0,0,8,8153
2026-05-20T23:05:09,SYSTEM,SYS,0,0,12,31
2026-05-20T23:05:18,SENSOR,SYS,0,0,16,90
2026-05-20T23:05:43,SYSTEM,WEB,0,0,1,0
2026-05-20T23:05:48,SENSOR,SYS,0,0,16,90
2026-05-20T23:06:09,SYSTEM,SYS,0,0,7,103
2026-05-20T23:06:09,SYSTEM,SYS,0,0,8,8153
2026-05-20T23:06:09,SYSTEM,SYS,0,0,12,31
2026-05-20T23:06:19,SENSOR,SYS,0,0,16,90
2026-05-20T23:06:49,SENSOR,SYS,0,0,16,90
2026-05-20T23:07:09,SYSTEM,SYS,0,0,7,102
2026-05-20T23:07:09,SYSTEM,SYS,0,0,8,8153
2026-05-20T23:07:09,SYSTEM,SYS,0,0,12,31
2026-05-20T23:07:20,SENSOR,SYS,0,0,16,90
2026-05-20T23:07:44,SYSTEM,WEB,0,0,1,0
2026-05-20T23:07:50,SENSOR,SYS,0,0,16,90
2026-05-20T23:08:09,SYSTEM,SYS,0,0,7,103
2026-05-20T23:08:09,SYSTEM,SYS,0,0,8,8153
2026-05-20T23:08:09,SYSTEM,SYS,0,0,12,31
2026-05-20T23:08:20,SENSOR,SYS,0,0,16,90
2026-05-20T23:08:50,SENSOR,SYS,0,0,16,90
2026-05-20T23:09:09,SYSTEM,SYS,0,0,7,103
2026-05-20T23:09:09,SYSTEM,SYS,0,0,8,8153
2026-05-20T23:09:09,SYSTEM,SYS,0,0,12,31
2026-05-20T23:09:21,SENSOR,SYS,0,0,16,90
2026-05-20T23:09:45,SYSTEM,WEB,0,0,1,0
2026-05-20T23:09:51,SENSOR,SYS,0,0,16,90
2026-05-20T23:10:09,SYSTEM,SYS,0,0,7,103
2026-05-20T23:10:09,SYSTEM,SYS,0,0,8,8153
2026-05-20T23:10:09,SYSTEM,SYS,0,0,12,31
2026-05-20T23:10:22,SENSOR,SYS,0,0,16,90
2026-05-20T23:10:52,SENSOR,SYS,0,0,16,90
2026-05-20T23:11:09,SYSTEM,SYS,0,0,7,102
2026-05-20T23:11:09,SYSTEM,SYS,0,0,8,8153
2026-05-20T23:11:09,SYSTEM,SYS,0,0,12,31
2026-05-20T23:11:22,SENSOR,SYS,0,0,16,90
2026-05-20T23:11:46,SYSTEM,WEB,0,0,1,0
2026-05-20T23:11:52,SENSOR,SYS,0,0,16,90
2026-05-20T23:12:08,SYSTEM,SYS,0,0,7,102
2026-05-20T23:12:09,SYSTEM,SYS,0,0,8,8153
2026-05-20T23:12:09,SYSTEM,SYS,0,0,12,31
2026-05-20T23:12:22,SENSOR,SYS,0,0,16,90
2026-05-20T23:12:53,SENSOR,SYS,0,0,16,90
2026-05-20T23:13:09,SYSTEM,SYS,0,0,7,103
2026-05-20T23:13:09,SYSTEM,SYS,0,0,8,8153
2026-05-20T23:13:09,SYSTEM,SYS,0,0,12,31
2026-05-20T23:13:23,SENSOR,SYS,0,0,16,90
2026-05-20T23:13:47,SYSTEM,WEB,0,0,1,0
2026-05-20T23:13:54,SENSOR,SYS,0,0,16,90
2026-05-20T23:14:09,SYSTEM,SYS,0,0,7,103
2026-05-20T23:14:09,SYSTEM,SYS,0,0,8,8153
2026-05-20T23:14:09,SYSTEM,SYS,0,0,12,31
2026-05-20T23:14:24,SENSOR,SYS,0,0,16,91
2026-05-20T23:14:54,SENSOR,SYS,0,0,16,91
2026-05-20T23:15:09,SYSTEM,SYS,0,0,7,103
2026-05-20T23:15:09,SYSTEM,SYS,0,0,8,8153
2026-05-20T23:15:09,SYSTEM,SYS,0,0,12,31
2026-05-20T23:15:24,SENSOR,SYS,0,0,16,91
2026-05-20T23:15:47,SYSTEM,WEB,0,0,1,0
2026-05-20T23:15:55,SENSOR,SYS,0,0,16,91
2026-05-20T23:16:09,SYSTEM,SYS,0,0,7,103
2026-05-20T23:16:09,SYSTEM,SYS,0,0,8,8153
2026-05-20T23:16:09,SYSTEM,SYS,0,0,12,31
2026-05-20T23:16:25,SENSOR,SYS,0,0,16,91
2026-05-20T23:16:56,SENSOR,SYS,0,0,16,91
2026-05-20T23:17:09,SYSTEM,SYS,0,0,7,102
2026-05-20T23:17:09,SYSTEM,SYS,0,0,8,8153
2026-05-20T23:17:09,SYSTEM,SYS,0,0,12,31
2026-05-20T23:17:26,SENSOR,SYS,0,0,16,91
2026-05-20T23:17:48,SYSTEM,WEB,0,0,1,0
2026-05-20T23:17:56,SENSOR,SYS,0,0,16,91
2026-05-20T23:18:09,SYSTEM,SYS,0,0,7,103
2026-05-20T23:18:09,SYSTEM,SYS,0,0,8,8153
2026-05-20T23:18:09,SYSTEM,SYS,0,0,12,31
2026-05-20T23:18:26,SENSOR,SYS,0,0,16,91
2026-05-20T23:18:57,SENSOR,SYS,0,0,16,91
2026-05-20T23:19:09,SYSTEM,SYS,0,0,7,103
2026-05-20T23:19:09,SYSTEM,SYS,0,0,8,8153
2026-05-20T23:19:09,SYSTEM,SYS,0,0,12,31
2026-05-20T23:19:27,SENSOR,SYS,0,0,16,91
2026-05-20T23:19:48,SYSTEM,WEB,0,0,1,0
2026-05-20T23:19:57,SENSOR,SYS,0,0,15,91
2026-05-20T23:20:09,SYSTEM,SYS,0,0,7,103
2026-05-20T23:20:09,SYSTEM,SYS,0,0,8,8153
2026-05-20T23:20:09,SYSTEM,SYS,0,0,12,31
2026-05-20T23:20:27,SENSOR,SYS,0,0,15,91
2026-05-20T23:20:58,SENSOR,SYS,0,0,15,91
2026-05-20T23:21:09,SYSTEM,SYS,0,0,7,103
2026-05-20T23:21:09,SYSTEM,SYS,0,0,8,8153
2026-05-20T23:21:09,SYSTEM,SYS,0,0,12,31
2026-05-20T23:21:28,SENSOR,SYS,0,0,15,92
2026-05-20T23:21:50,SYSTEM,WEB,0,0,1,0
2026-05-20T23:21:59,SENSOR,SYS,0,0,15,92
2026-05-20T23:22:09,SYSTEM,SYS,0,0,7,103
2026-05-20T23:22:09,SYSTEM,SYS,0,0,8,8153
2026-05-20T23:22:09,SYSTEM,SYS,0,0,12,31
2026-05-20T23:22:29,SENSOR,SYS,0,0,15,92
2026-05-20T23:22:59,SENSOR,SYS,0,0,15,92
2026-05-20T23:23:09,SYSTEM,SYS,0,0,7,103
2026-05-20T23:23:09,SYSTEM,SYS,0,0,8,8153
2026-05-20T23:23:09,SYSTEM,SYS,0,0,12,31
2026-05-20T23:23:29,SENSOR,SYS,0,0,15,92
2026-05-20T23:23:50,SYSTEM,WEB,0,0,1,0
2026-05-20T23:24:00,SENSOR,SYS,0,0,15,92
2026-05-20T23:24:09,SYSTEM,SYS,0,0,7,103
2026-05-20T23:24:09,SYSTEM,SYS,0,0,8,8153
2026-05-20T23:24:09,SYSTEM,SYS,0,0,12,31
2026-05-20T23:24:30,SENSOR,SYS,0,0,15,92
2026-05-20T23:25:01,SENSOR,SYS,0,0,15,93
2026-05-20T23:25:09,SYSTEM,SYS,0,0,7,103
2026-05-20T23:25:09,SYSTEM,SYS,0,0,8,8153
2026-05-20T23:25:09,SYSTEM,SYS,0,0,12,31
2026-05-20T23:25:31,SENSOR,SYS,0,0,15,93
2026-05-20T23:25:51,SYSTEM,WEB,0,0,1,0
2026-05-20T23:26:01,SENSOR,SYS,0,0,15,93
2026-05-20T23:26:09,SYSTEM,SYS,0,0,7,103
2026-05-20T23:26:09,SYSTEM,SYS,0,0,8,8153
2026-05-20T23:26:09,SYSTEM,SYS,0,0,12,31
2026-05-20T23:26:32,SENSOR,SYS,0,0,15,93
2026-05-20T23:27:02,SENSOR,SYS,0,0,15,93
2026-05-20T23:27:09,SYSTEM,SYS,0,0,7,102
2026-05-20T23:27:09,SYSTEM,SYS,0,0,8,8153
2026-05-20T23:27:09,SYSTEM,SYS,0,0,12,31
2026-05-20T23:27:32,SENSOR,SYS,0,0,15,93
2026-05-20T23:27:51,SYSTEM,WEB,0,0,1,0
2026-05-20T23:28:02,SENSOR,SYS,0,0,15,93
2026-05-20T23:28:09,SYSTEM,SYS,0,0,7,103
2026-05-20T23:28:09,SYSTEM,SYS,0,0,8,8153
2026-05-20T23:28:09,SYSTEM,SYS,0,0,12,31
2026-05-20T23:28:33,SENSOR,SYS,0,0,15,93
2026-05-20T23:29:03,SENSOR,SYS,0,0,15,93
2026-05-20T23:29:09,SYSTEM,SYS,0,0,7,103
2026-05-20T23:29:09,SYSTEM,SYS,0,0,8,8153
2026-05-20T23:29:09,SYSTEM,SYS,0,0,12,31
2026-05-20T23:29:33,SENSOR,SYS,0,0,15,94
2026-05-20T23:29:51,SYSTEM,WEB,0,0,1,0
2026-05-20T23:30:03,SENSOR,SYS,0,0,15,93
2026-05-20T23:30:09,SYSTEM,SYS,0,0,7,103
2026-05-20T23:30:09,SYSTEM,SYS,0,0,8,8153
2026-05-20T23:30:09,SYSTEM,SYS,0,0,12,31
2026-05-20T23:30:34,SENSOR,SYS,0,0,15,93
2026-05-20T23:31:04,SENSOR,SYS,0,0,15,93
2026-05-20T23:31:09,SYSTEM,SYS,0,0,7,103
2026-05-20T23:31:09,SYSTEM,SYS,0,0,8,8153
2026-05-20T23:31:09,SYSTEM,SYS,0,0,12,31
2026-05-20T23:31:35,SENSOR,SYS,0,0,15,93
2026-05-20T23:31:53,SYSTEM,WEB,0,0,1,0
2026-05-20T23:32:05,SENSOR,SYS,0,0,15,93
2026-05-20T23:32:09,SYSTEM,SYS,0,0,7,102
2026-05-20T23:32:09,SYSTEM,SYS,0,0,8,8153
2026-05-20T23:32:09,SYSTEM,SYS,0,0,12,31
2026-05-20T23:32:35,SENSOR,SYS,0,0,15,93
2026-05-20T23:33:05,SENSOR,SYS,0,0,15,93
2026-05-20T23:33:09,SYSTEM,SYS,0,0,7,102
2026-05-20T23:33:09,SYSTEM,SYS,0,0,8,8153
2026-05-20T23:33:09,SYSTEM,SYS,0,0,12,31
2026-05-20T23:33:36,SENSOR,SYS,0,0,15,93
2026-05-20T23:33:54,SYSTEM,WEB,0,0,1,0
2026-05-20T23:34:06,SENSOR,SYS,0,0,15,92
2026-05-20T23:34:09,SYSTEM,SYS,0,0,7,103
2026-05-20T23:34:09,SYSTEM,SYS,0,0,8,8153
2026-05-20T23:34:09,SYSTEM,SYS,0,0,12,31
2026-05-20T23:34:37,SENSOR,SYS,0,0,15,92
2026-05-20T23:35:07,SENSOR,SYS,0,0,15,92
2026-05-20T23:35:09,SYSTEM,SYS,0,0,7,103
2026-05-20T23:35:09,SYSTEM,SYS,0,0,8,8153
2026-05-20T23:35:09,SYSTEM,SYS,0,0,12,31
2026-05-20T23:35:37,SENSOR,SYS,0,0,15,92
2026-05-20T23:35:53,SYSTEM,WEB,0,0,1,0
2026-05-20T23:36:07,SENSOR,SYS,0,0,15,92
2026-05-20T23:36:09,SYSTEM,SYS,0,0,7,103
2026-05-20T23:36:09,SYSTEM,SYS,0,0,8,8153
2026-05-20T23:36:09,SYSTEM,SYS,0,0,12,31
2026-05-20T23:36:38,SENSOR,SYS,0,0,15,92
2026-05-20T23:37:08,SENSOR,SYS,0,0,15,92
2026-05-20T23:37:09,SYSTEM,SYS,0,0,7,103
2026-05-20T23:37:09,SYSTEM,SYS,0,0,8,8153
2026-05-20T23:37:09,SYSTEM,SYS,0,0,12,31
2026-05-20T23:37:38,SENSOR,SYS,0,0,15,92
2026-05-20T23:37:54,SYSTEM,WEB,0,0,1,0
2026-05-20T23:38:08,SENSOR,SYS,0,0,15,92
2026-05-20T23:38:09,SYSTEM,SYS,0,0,7,103
2026-05-20T23:38:09,SYSTEM,SYS,0,0,8,8153
2026-05-20T23:38:09,SYSTEM,SYS,0,0,12,31
2026-05-20T23:38:39,SENSOR,SYS,0,0,15,92
2026-05-20T23:39:09,SYSTEM,SYS,0,0,7,103
2026-05-20T23:39:09,SYSTEM,SYS,0,0,8,8153
2026-05-20T23:39:09,SYSTEM,SYS,0,0,12,31
2026-05-20T23:39:09,SENSOR,SYS,0,0,15,92
2026-05-20T23:39:40,SENSOR,SYS,0,0,15,92
2026-05-20T23:39:55,SYSTEM,WEB,0,0,1,0
2026-05-20T23:40:09,SYSTEM,SYS,0,0,7,102
2026-05-20T23:40:09,SYSTEM,SYS,0,0,8,8153
2026-05-20T23:40:09,SYSTEM,SYS,0,0,12,31
2026-05-20T23:40:10,SENSOR,SYS,0,0,15,92
2026-05-20T23:40:40,SENSOR,SYS,0,0,15,92
2026-05-20T23:41:09,SYSTEM,SYS,0,0,7,103
2026-05-20T23:41:09,SYSTEM,SYS,0,0,8,8153
2026-05-20T23:41:09,SYSTEM,SYS,0,0,12,31
2026-05-20T23:41:11,SENSOR,SYS,0,0,15,92
2026-05-20T23:41:41,SENSOR,SYS,0,0,15,92
2026-05-20T23:41:56,SYSTEM,WEB,0,0,1,0
2026-05-20T23:42:09,SYSTEM,SYS,0,0,7,103
2026-05-20T23:42:09,SYSTEM,SYS,0,0,8,8153
2026-05-20T23:42:09,SYSTEM,SYS,0,0,12,31
2026-05-20T23:42:11,SENSOR,SYS,0,0,15,92
2026-05-20T23:42:41,SENSOR,SYS,0,0,15,92
2026-05-20T23:43:09,SYSTEM,SYS,0,0,7,103
2026-05-20T23:43:09,SYSTEM,SYS,0,0,8,8153
2026-05-20T23:43:09,SYSTEM,SYS,0,0,12,31
2026-05-20T23:43:12,SENSOR,SYS,0,0,15,92
2026-05-20T23:43:42,SENSOR,SYS,0,0,15,92
2026-05-20T23:43:59,SYSTEM,WEB,0,0,1,0
2026-05-20T23:44:08,SYSTEM,SYS,0,0,7,103
2026-05-20T23:44:08,SYSTEM,SYS,0,0,8,8153
2026-05-20T23:44:08,SYSTEM,SYS,0,0,12,31
2026-05-20T23:44:12,SENSOR,SYS,0,0,15,92
2026-05-20T23:44:42,SENSOR,SYS,0,0,15,92
2026-05-20T23:45:09,SYSTEM,SYS,0,0,7,103
2026-05-20T23:45:09,SYSTEM,SYS,0,0,8,8153
2026-05-20T23:45:09,SYSTEM,SYS,0,0,12,31
2026-05-20T23:45:13,SENSOR,SYS,0,0,15,92
2026-05-20T23:45:43,SENSOR,SYS,0,0,15,92
2026-05-20T23:45:57,SYSTEM,WEB,0,0,1,0
2026-05-20T23:46:09,SYSTEM,SYS,0,0,7,103
2026-05-20T23:46:09,SYSTEM,SYS,0,0,8,8153
2026-05-20T23:46:09,SYSTEM,SYS,0,0,12,31
2026-05-20T23:46:14,SENSOR,SYS,0,0,15,92
2026-05-20T23:46:44,SENSOR,SYS,0,0,15,92
2026-05-20T23:47:09,SYSTEM,SYS,0,0,7,103
2026-05-20T23:47:09,SYSTEM,SYS,0,0,8,8153
2026-05-20T23:47:09,SYSTEM,SYS,0,0,12,31
2026-05-20T23:47:14,SENSOR,SYS,0,0,15,92
2026-05-20T23:47:44,SENSOR,SYS,0,0,15,92
2026-05-20T23:47:57,SYSTEM,WEB,0,0,1,0
2026-05-20T23:48:09,SYSTEM,SYS,0,0,7,102
2026-05-20T23:48:09,SYSTEM,SYS,0,0,8,8153
2026-05-20T23:48:09,SYSTEM,SYS,0,0,12,31
2026-05-20T23:48:15,SENSOR,SYS,0,0,15,92
2026-05-20T23:48:45,SENSOR,SYS,0,0,15,92
2026-05-20T23:49:09,SYSTEM,SYS,0,0,7,102
2026-05-20T23:49:09,SYSTEM,SYS,0,0,8,8153
2026-05-20T23:49:09,SYSTEM,SYS,0,0,12,31
2026-05-20T23:49:16,SENSOR,SYS,0,0,15,92
2026-05-20T23:49:46,SENSOR,SYS,0,0,15,92
2026-05-20T23:49:58,SYSTEM,WEB,0,0,1,0
2026-05-20T23:50:09,SYSTEM,SYS,0,0,7,102
2026-05-20T23:50:09,SYSTEM,SYS,0,0,8,8153
2026-05-20T23:50:09,SYSTEM,SYS,0,0,12,31
2026-05-20T23:50:16,SENSOR,SYS,0,0,15,92
2026-05-20T23:50:46,SENSOR,SYS,0,0,15,92
2026-05-20T23:51:09,SYSTEM,SYS,0,0,7,103
2026-05-20T23:51:09,SYSTEM,SYS,0,0,8,8153
2026-05-20T23:51:09,SYSTEM,SYS,0,0,12,31
2026-05-20T23:51:17,SENSOR,SYS,0,0,15,92
2026-05-20T23:51:47,SENSOR,SYS,0,0,15,92
2026-05-20T23:51:59,SYSTEM,WEB,0,0,1,0
2026-05-20T23:52:09,SYSTEM,SYS,0,0,7,102
2026-05-20T23:52:09,SYSTEM,SYS,0,0,8,8153
2026-05-20T23:52:09,SYSTEM,SYS,0,0,12,31
2026-05-20T23:52:17,SENSOR,SYS,0,0,15,92
2026-05-20T23:52:47,SENSOR,SYS,0,0,15,92
2026-05-20T23:53:09,SYSTEM,SYS,0,0,7,103
2026-05-20T23:53:09,SYSTEM,SYS,0,0,8,8153
2026-05-20T23:53:09,SYSTEM,SYS,0,0,12,31
2026-05-20T23:53:18,SENSOR,SYS,0,0,15,92
2026-05-20T23:53:48,SENSOR,SYS,0,0,15,92
2026-05-20T23:54:01,SYSTEM,WEB,0,0,1,0
2026-05-20T23:54:09,SYSTEM,SYS,0,0,7,103
2026-05-20T23:54:09,SYSTEM,SYS,0,0,8,8153
2026-05-20T23:54:09,SYSTEM,SYS,0,0,12,31
2026-05-20T23:54:19,SENSOR,SYS,0,0,15,92
2026-05-20T23:54:49,SENSOR,SYS,0,0,15,92
2026-05-20T23:55:09,SYSTEM,SYS,0,0,7,103
2026-05-20T23:55:09,SYSTEM,SYS,0,0,8,8153
2026-05-20T23:55:09,SYSTEM,SYS,0,0,12,31
2026-05-20T23:55:19,SENSOR,SYS,0,0,15,92
2026-05-20T23:55:50,SENSOR,SYS,0,0,15,92
2026-05-20T23:56:01,SYSTEM,WEB,0,0,1,0
2026-05-20T23:56:09,SYSTEM,SYS,0,0,7,103
2026-05-20T23:56:09,SYSTEM,SYS,0,0,8,8153
2026-05-20T23:56:09,SYSTEM,SYS,0,0,12,31
2026-05-20T23:56:20,SENSOR,SYS,0,0,15,92
2026-05-20T23:56:50,SENSOR,SYS,0,0,15,92
2026-05-20T23:57:09,SYSTEM,SYS,0,0,7,103
2026-05-20T23:57:09,SYSTEM,SYS,0,0,8,8153
2026-05-20T23:57:09,SYSTEM,SYS,0,0,12,31
2026-05-20T23:57:20,SENSOR,SYS,0,0,15,92
2026-05-20T23:57:51,SENSOR,SYS,0,0,15,92
2026-05-20T23:58:02,SYSTEM,WEB,0,0,1,0
2026-05-20T23:58:09,SYSTEM,SYS,0,0,7,103
2026-05-20T23:58:09,SYSTEM,SYS,0,0,8,8153
2026-05-20T23:58:09,SYSTEM,SYS,0,0,12,31
2026-05-20T23:58:21,SENSOR,SYS,0,0,15,92
2026-05-20T23:58:52,SENSOR,SYS,0,0,15,92
2026-05-20T23:59:09,SYSTEM,SYS,0,0,7,103
2026-05-20T23:59:09,SYSTEM,SYS,0,0,8,8153
2026-05-20T23:59:09,SYSTEM,SYS,0,0,12,31
2026-05-20T23:59:22,SENSOR,SYS,0,0,15,92
2026-05-20T23:59:52,SENSOR,SYS,0,0,15,92
2026-05-21T00:00:02,SYSTEM,WEB,0,0,1,0
2026-05-21T00:00:09,SYSTEM,SYS,0,0,7,103
2026-05-21T00:00:09,SYSTEM,SYS,0,0,8,8153
2026-05-21T00:00:09,SYSTEM,SYS,0,0,12,31
2026-05-21T00:00:22,SENSOR,SYS,0,0,15,92
2026-05-21T00:00:53,SENSOR,SYS,0,0,15,92
2026-05-21T00:01:09,SYSTEM,SYS,0,0,7,103
2026-05-21T00:01:09,SYSTEM,SYS,0,0,8,8153
2026-05-21T00:01:09,SYSTEM,SYS,0,0,12,31
2026-05-21T00:01:23,SENSOR,SYS,0,0,15,92
2026-05-21T00:01:53,SENSOR,SYS,0,0,15,93
2026-05-21T00:02:03,SYSTEM,WEB,0,0,1,0
2026-05-21T00:02:09,SYSTEM,SYS,0,0,7,103
2026-05-21T00:02:09,SYSTEM,SYS,0,0,8,8153
2026-05-21T00:02:09,SYSTEM,SYS,0,0,12,31
2026-05-21T00:02:23,SENSOR,SYS,0,0,15,93
2026-05-21T00:02:54,SENSOR,SYS,0,0,15,93
2026-05-21T00:03:09,SYSTEM,SYS,0,0,7,103
2026-05-21T00:03:09,SYSTEM,SYS,0,0,8,8153
2026-05-21T00:03:09,SYSTEM,SYS,0,0,12,31
2026-05-21T00:03:24,SENSOR,SYS,0,0,15,93
2026-05-21T00:03:55,SENSOR,SYS,0,0,15,93
2026-05-21T00:04:04,SYSTEM,WEB,0,0,1,0
2026-05-21T00:04:09,SYSTEM,SYS,0,0,7,103
2026-05-21T00:04:09,SYSTEM,SYS,0,0,8,8153
2026-05-21T00:04:09,SYSTEM,SYS,0,0,12,31
2026-05-21T00:04:25,SENSOR,SYS,0,0,15,93
2026-05-21T00:04:55,SENSOR,SYS,0,0,15,93
2026-05-21T00:05:09,SYSTEM,SYS,0,0,7,103
2026-05-21T00:05:09,SYSTEM,SYS,0,0,8,8153
2026-05-21T00:05:09,SYSTEM,SYS,0,0,12,31
2026-05-21T00:05:25,SENSOR,SYS,0,0,15,94
2026-05-21T00:05:56,SENSOR,SYS,0,0,15,94
2026-05-21T00:06:05,SYSTEM,WEB,0,0,1,0
2026-05-21T00:06:09,SYSTEM,SYS,0,0,7,102
2026-05-21T00:06:09,SYSTEM,SYS,0,0,8,8153
2026-05-21T00:06:09,SYSTEM,SYS,0,0,12,31
2026-05-21T00:06:26,SENSOR,SYS,0,0,15,94
2026-05-21T00:06:57,SENSOR,SYS,0,0,15,94
2026-05-21T00:07:09,SYSTEM,SYS,0,0,7,103
2026-05-21T00:07:09,SYSTEM,SYS,0,0,8,8153
2026-05-21T00:07:09,SYSTEM,SYS,0,0,12,31
2026-05-21T00:07:27,SENSOR,SYS,0,0,15,94
2026-05-21T00:07:57,SENSOR,SYS,0,0,15,94
2026-05-21T00:08:05,SYSTEM,WEB,0,0,1,0
2026-05-21T00:08:09,SYSTEM,SYS,0,0,7,103
2026-05-21T00:08:09,SYSTEM,SYS,0,0,8,8153
2026-05-21T00:08:09,SYSTEM,SYS,0,0,12,31
2026-05-21T00:08:27,SENSOR,SYS,0,0,15,94
2026-05-21T00:08:58,SENSOR,SYS,0,0,15,94
2026-05-21T00:09:09,SYSTEM,SYS,0,0,7,103
2026-05-21T00:09:09,SYSTEM,SYS,0,0,8,8153
2026-05-21T00:09:09,SYSTEM,SYS,0,0,12,31
2026-05-21T00:09:28,SENSOR,SYS,0,0,15,94
2026-05-21T00:09:58,SENSOR,SYS,0,0,15,94
2026-05-21T00:10:06,SYSTEM,WEB,0,0,1,0
2026-05-21T00:10:09,SYSTEM,SYS,0,0,7,103
2026-05-21T00:10:09,SYSTEM,SYS,0,0,8,8153
2026-05-21T00:10:09,SYSTEM,SYS,0,0,12,31
2026-05-21T00:10:28,SENSOR,SYS,0,0,15,94
2026-05-21T00:10:59,SENSOR,SYS,0,0,15,94
2026-05-21T00:11:09,SYSTEM,SYS,0,0,7,103
2026-05-21T00:11:09,SYSTEM,SYS,0,0,8,8153
2026-05-21T00:11:09,SYSTEM,SYS,0,0,12,31
2026-05-21T00:11:29,SENSOR,SYS,0,0,15,94
2026-05-21T00:11:59,SENSOR,SYS,0,0,15,94
2026-05-21T00:12:07,SYSTEM,WEB,0,0,1,0
2026-05-21T00:12:09,SYSTEM,SYS,0,0,7,103
2026-05-21T00:12:09,SYSTEM,SYS,0,0,8,8153
2026-05-21T00:12:09,SYSTEM,SYS,0,0,12,31
2026-05-21T00:12:30,SENSOR,SYS,0,0,15,93
2026-05-21T00:13:00,SENSOR,SYS,0,0,15,93
2026-05-21T00:13:09,SYSTEM,SYS,0,0,7,103
2026-05-21T00:13:09,SYSTEM,SYS,0,0,8,8153
2026-05-21T00:13:09,SYSTEM,SYS,0,0,12,31
2026-05-21T00:13:31,SENSOR,SYS,0,0,15,93
2026-05-21T00:14:01,SENSOR,SYS,0,0,15,93
2026-05-21T00:14:08,SYSTEM,WEB,0,0,1,0
2026-05-21T00:14:09,SYSTEM,SYS,0,0,7,103
2026-05-21T00:14:09,SYSTEM,SYS,0,0,8,8153
2026-05-21T00:14:09,SYSTEM,SYS,0,0,12,31
2026-05-21T00:14:31,SENSOR,SYS,0,0,15,93
2026-05-21T00:15:01,SENSOR,SYS,0,0,15,93
2026-05-21T00:15:09,SYSTEM,SYS,0,0,7,103
2026-05-21T00:15:09,SYSTEM,SYS,0,0,8,8153
2026-05-21T00:15:09,SYSTEM,SYS,0,0,12,31
2026-05-21T00:15:32,SENSOR,SYS,0,0,15,93
2026-05-21T00:16:02,SENSOR,SYS,0,0,15,93
2026-05-21T00:16:09,SYSTEM,WEB,0,0,1,0
2026-05-21T00:16:09,SYSTEM,SYS,0,0,7,103
2026-05-21T00:16:09,SYSTEM,SYS,0,0,8,8153
2026-05-21T00:16:09,SYSTEM,SYS,0,0,12,31
2026-05-21T00:16:32,SENSOR,SYS,0,0,15,93
2026-05-21T00:17:02,SENSOR,SYS,0,0,15,92
2026-05-21T00:17:09,SYSTEM,SYS,0,0,7,103
2026-05-21T00:17:09,SYSTEM,SYS,0,0,8,8153
2026-05-21T00:17:09,SYSTEM,SYS,0,0,12,31
2026-05-21T00:17:33,SENSOR,SYS,0,0,15,92
2026-05-21T00:18:03,SENSOR,SYS,0,0,15,92
2026-05-21T00:18:09,SYSTEM,SYS,0,0,7,63
2026-05-21T00:18:09,SYSTEM,SYS,0,0,8,8153
2026-05-21T00:18:09,SYSTEM,SYS,0,0,12,28
2026-05-21T00:18:09,SYSTEM,WEB,0,0,1,0
2026-05-21T00:18:34,SENSOR,SYS,0,0,15,92
2026-05-21T00:19:04,SENSOR,SYS,0,0,15,92
2026-05-21T00:19:09,SYSTEM,SYS,0,0,7,103
2026-05-21T00:19:09,SYSTEM,SYS,0,0,8,8153
2026-05-21T00:19:09,SYSTEM,SYS,0,0,12,31
2026-05-21T00:19:34,SENSOR,SYS,0,0,15,92
2026-05-21T00:20:04,SENSOR,SYS,0,0,15,92
2026-05-21T00:20:09,SYSTEM,SYS,0,0,7,103
2026-05-21T00:20:09,SYSTEM,SYS,0,0,8,8153
2026-05-21T00:20:09,SYSTEM,SYS,0,0,12,31
2026-05-21T00:20:10,SYSTEM,WEB,0,0,1,0
2026-05-21T00:20:35,SENSOR,SYS,0,0,15,93
2026-05-21T00:21:05,SENSOR,SYS,0,0,15,93
2026-05-21T00:21:09,SYSTEM,SYS,0,0,7,103
2026-05-21T00:21:09,SYSTEM,SYS,0,0,8,8153
2026-05-21T00:21:09,SYSTEM,SYS,0,0,12,31
2026-05-21T00:21:36,SENSOR,SYS,0,0,15,93
2026-05-21T00:22:06,SENSOR,SYS,0,0,15,93
2026-05-21T00:22:09,SYSTEM,SYS,0,0,7,102
2026-05-21T00:22:09,SYSTEM,SYS,0,0,8,8153
2026-05-21T00:22:09,SYSTEM,SYS,0,0,12,31
2026-05-21T00:22:11,SYSTEM,WEB,0,0,1,0
2026-05-21T00:22:36,SENSOR,SYS,0,0,15,93
2026-05-21T00:23:06,SENSOR,SYS,0,0,15,93
2026-05-21T00:23:09,SYSTEM,SYS,0,0,7,103
2026-05-21T00:23:09,SYSTEM,SYS,0,0,8,8153
2026-05-21T00:23:09,SYSTEM,SYS,0,0,12,31
2026-05-21T00:23:37,SENSOR,SYS,0,0,15,93
2026-05-21T00:24:07,SENSOR,SYS,0,0,15,93
2026-05-21T00:24:09,SYSTEM,SYS,0,0,7,103
2026-05-21T00:24:09,SYSTEM,SYS,0,0,8,8153
2026-05-21T00:24:09,SYSTEM,SYS,0,0,12,31
2026-05-21T00:24:11,SYSTEM,WEB,0,0,1,0
2026-05-21T00:24:37,SENSOR,SYS,0,0,15,94
2026-05-21T00:25:07,SENSOR,SYS,0,0,15,94
2026-05-21T00:25:09,SYSTEM,SYS,0,0,7,103
2026-05-21T00:25:09,SYSTEM,SYS,0,0,8,8153
2026-05-21T00:25:09,SYSTEM,SYS,0,0,12,31
2026-05-21T00:25:38,SENSOR,SYS,0,0,15,94
2026-05-21T00:26:08,SENSOR,SYS,0,0,15,94
2026-05-21T00:26:09,SYSTEM,SYS,0,0,7,103
2026-05-21T00:26:09,SYSTEM,SYS,0,0,8,8153
2026-05-21T00:26:09,SYSTEM,SYS,0,0,12,31
2026-05-21T00:26:12,SYSTEM,WEB,0,0,1,0
2026-05-21T00:26:38,SENSOR,SYS,0,0,15,94
2026-05-21T00:27:09,SENSOR,SYS,0,0,15,94
2026-05-21T00:27:09,SYSTEM,SYS,0,0,7,103
2026-05-21T00:27:09,SYSTEM,SYS,0,0,8,8153
2026-05-21T00:27:09,SYSTEM,SYS,0,0,12,31
2026-05-21T00:27:39,SENSOR,SYS,0,0,15,94
2026-05-21T00:28:09,SYSTEM,SYS,0,0,7,103
2026-05-21T00:28:09,SYSTEM,SYS,0,0,8,8153
2026-05-21T00:28:09,SYSTEM,SYS,0,0,12,31
2026-05-21T00:28:10,SENSOR,SYS,0,0,15,94
2026-05-21T00:28:15,SYSTEM,WEB,0,0,1,0
2026-05-21T00:28:40,SENSOR,SYS,0,0,15,94
2026-05-21T00:29:09,SYSTEM,SYS,0,0,7,103
2026-05-21T00:29:09,SYSTEM,SYS,0,0,8,8153
2026-05-21T00:29:09,SYSTEM,SYS,0,0,12,31
2026-05-21T00:29:10,SENSOR,SYS,0,0,15,94
2026-05-21T00:29:40,SENSOR,SYS,0,0,15,94
2026-05-21T00:30:09,SYSTEM,SYS,0,0,7,103
2026-05-21T00:30:09,SYSTEM,SYS,0,0,8,8153
2026-05-21T00:30:09,SYSTEM,SYS,0,0,12,31
2026-05-21T00:30:11,SENSOR,SYS,0,0,15,94
2026-05-21T00:30:13,SYSTEM,WEB,0,0,1,0
2026-05-21T00:30:41,SENSOR,SYS,0,0,15,94
2026-05-21T00:31:09,SYSTEM,SYS,0,0,7,103
2026-05-21T00:31:09,SYSTEM,SYS,0,0,8,8153
2026-05-21T00:31:09,SYSTEM,SYS,0,0,12,31
2026-05-21T00:31:12,SENSOR,SYS,0,0,15,94
2026-05-21T00:31:42,SENSOR,SYS,0,0,15,94
2026-05-21T00:32:09,SYSTEM,SYS,0,0,7,103
2026-05-21T00:32:09,SYSTEM,SYS,0,0,8,8153
2026-05-21T00:32:09,SYSTEM,SYS,0,0,12,31
2026-05-21T00:32:12,SENSOR,SYS,0,0,15,94
2026-05-21T00:32:14,SYSTEM,WEB,0,0,1,0
2026-05-21T00:32:42,SENSOR,SYS,0,0,15,94
2026-05-21T00:33:09,SYSTEM,SYS,0,0,7,103
2026-05-21T00:33:09,SYSTEM,SYS,0,0,8,8153
2026-05-21T00:33:09,SYSTEM,SYS,0,0,12,31
2026-05-21T00:33:13,SENSOR,SYS,0,0,15,94
2026-05-21T00:33:43,SENSOR,SYS,0,0,15,93
2026-05-21T00:34:09,SYSTEM,SYS,0,0,7,103
2026-05-21T00:34:09,SYSTEM,SYS,0,0,8,8153
2026-05-21T00:34:09,SYSTEM,SYS,0,0,12,31
2026-05-21T00:34:13,SENSOR,SYS,0,0,15,93
2026-05-21T00:34:14,SYSTEM,WEB,0,0,1,0
2026-05-21T00:34:43,SENSOR,SYS,0,0,15,93
2026-05-21T00:35:09,SYSTEM,SYS,0,0,7,103
2026-05-21T00:35:09,SYSTEM,SYS,0,0,8,8153
2026-05-21T00:35:09,SYSTEM,SYS,0,0,12,31
2026-05-21T00:35:14,SENSOR,SYS,0,0,15,93
2026-05-21T00:35:44,SENSOR,SYS,0,0,15,93
2026-05-21T00:36:09,SYSTEM,SYS,0,0,7,103
2026-05-21T00:36:09,SYSTEM,SYS,0,0,8,8153
2026-05-21T00:36:09,SYSTEM,SYS,0,0,12,31
2026-05-21T00:36:15,SENSOR,SYS,0,0,15,93
2026-05-21T00:36:16,SYSTEM,WEB,0,0,1,0
2026-05-21T00:36:45,SENSOR,SYS,0,0,15,93
2026-05-21T00:37:09,SYSTEM,SYS,0,0,7,101
2026-05-21T00:37:09,SYSTEM,SYS,0,0,8,8153
2026-05-21T00:37:09,SYSTEM,SYS,0,0,12,31
2026-05-21T00:37:15,SENSOR,SYS,0,0,15,93
2026-05-21T00:37:45,SENSOR,SYS,0,0,15,92
2026-05-21T00:38:09,SYSTEM,SYS,0,0,7,102
2026-05-21T00:38:09,SYSTEM,SYS,0,0,8,8153
2026-05-21T00:38:09,SYSTEM,SYS,0,0,12,31
2026-05-21T00:38:16,SENSOR,SYS,0,0,15,92
2026-05-21T00:38:16,SYSTEM,WEB,0,0,1,0
2026-05-21T00:38:46,SENSOR,SYS,0,0,15,92
2026-05-21T00:39:09,SYSTEM,SYS,0,0,7,103
2026-05-21T00:39:09,SYSTEM,SYS,0,0,8,8153
2026-05-21T00:39:09,SYSTEM,SYS,0,0,12,31
2026-05-21T00:39:17,SENSOR,SYS,0,0,15,92
2026-05-21T00:39:47,SENSOR,SYS,0,0,15,93
2026-05-21T00:40:09,SYSTEM,SYS,0,0,7,103
2026-05-21T00:40:09,SYSTEM,SYS,0,0,8,8153
2026-05-21T00:40:09,SYSTEM,SYS,0,0,12,31
2026-05-21T00:40:17,SENSOR,SYS,0,0,15,93
2026-05-21T00:40:17,SYSTEM,WEB,0,0,1,0
2026-05-21T00:40:47,SENSOR,SYS,0,0,15,93
2026-05-21T00:41:09,SYSTEM,SYS,0,0,7,103
2026-05-21T00:41:09,SYSTEM,SYS,0,0,8,8153
2026-05-21T00:41:09,SYSTEM,SYS,0,0,12,31
2026-05-21T00:41:18,SENSOR,SYS,0,0,15,93
2026-05-21T00:41:48,SENSOR,SYS,0,0,15,93
2026-05-21T00:42:09,SYSTEM,SYS,0,0,7,103
2026-05-21T00:42:09,SYSTEM,SYS,0,0,8,8153
2026-05-21T00:42:09,SYSTEM,SYS,0,0,12,31
2026-05-21T00:42:18,SYSTEM,WEB,0,0,1,0
2026-05-21T00:42:18,SENSOR,SYS,0,0,15,93
2026-05-21T00:42:49,SENSOR,SYS,0,0,15,93
2026-05-21T00:43:09,SYSTEM,SYS,0,0,7,103
2026-05-21T00:43:09,SYSTEM,SYS,0,0,8,8153
2026-05-21T00:43:09,SYSTEM,SYS,0,0,12,31
2026-05-21T00:43:19,SENSOR,SYS,0,0,15,93
2026-05-21T00:43:49,SENSOR,SYS,0,0,15,94
2026-05-21T00:44:09,SYSTEM,SYS,0,0,7,103
2026-05-21T00:44:09,SYSTEM,SYS,0,0,8,8153
2026-05-21T00:44:09,SYSTEM,SYS,0,0,12,31
2026-05-21T00:44:18,SYSTEM,WEB,0,0,1,0
2026-05-21T00:44:19,SENSOR,SYS,0,0,15,94
2026-05-21T00:44:50,SENSOR,SYS,0,0,15,94
2026-05-21T00:45:09,SYSTEM,SYS,0,0,7,102
2026-05-21T00:45:09,SYSTEM,SYS,0,0,8,8153
2026-05-21T00:45:09,SYSTEM,SYS,0,0,12,31
2026-05-21T00:45:20,SENSOR,SYS,0,0,15,94
2026-05-21T00:45:51,SENSOR,SYS,0,0,15,94
2026-05-21T00:46:09,SYSTEM,SYS,0,0,7,103
2026-05-21T00:46:09,SYSTEM,SYS,0,0,8,8153
2026-05-21T00:46:09,SYSTEM,SYS,0,0,12,31
2026-05-21T00:46:20,SYSTEM,WEB,0,0,1,0
2026-05-21T00:46:21,SENSOR,SYS,0,0,15,94
2026-05-21T00:46:51,SENSOR,SYS,0,0,15,94
2026-05-21T00:47:09,SYSTEM,SYS,0,0,7,103
2026-05-21T00:47:09,SYSTEM,SYS,0,0,8,8153
2026-05-21T00:47:09,SYSTEM,SYS,0,0,12,31
2026-05-21T00:47:21,SENSOR,SYS,0,0,15,94
2026-05-21T00:47:52,SENSOR,SYS,0,0,15,95
2026-05-21T00:48:09,SYSTEM,SYS,0,0,7,103
2026-05-21T00:48:09,SYSTEM,SYS,0,0,8,8153
2026-05-21T00:48:09,SYSTEM,SYS,0,0,12,31
2026-05-21T00:48:20,SYSTEM,WEB,0,0,1,0
2026-05-21T00:48:22,SENSOR,SYS,0,0,15,95
2026-05-21T00:48:53,SENSOR,SYS,0,0,15,95
2026-05-21T00:49:10,SYSTEM,SYS,0,0,7,103
2026-05-21T00:49:10,SYSTEM,SYS,0,0,8,8153
2026-05-21T00:49:10,SYSTEM,SYS,0,0,12,31
2026-05-21T00:49:23,SENSOR,SYS,0,0,15,95
2026-05-21T00:49:53,SENSOR,SYS,0,0,15,95
2026-05-21T00:50:09,SYSTEM,SYS,0,0,7,103
2026-05-21T00:50:09,SYSTEM,SYS,0,0,8,8153
2026-05-21T00:50:09,SYSTEM,SYS,0,0,12,31
2026-05-21T00:50:21,SYSTEM,WEB,0,0,1,0
2026-05-21T00:50:23,SENSOR,SYS,0,0,15,95
2026-05-21T00:50:54,SENSOR,SYS,0,0,15,95
2026-05-21T00:51:09,SYSTEM,SYS,0,0,7,103
2026-05-21T00:51:09,SYSTEM,SYS,0,0,8,8153
2026-05-21T00:51:09,SYSTEM,SYS,0,0,12,31
2026-05-21T00:51:24,SENSOR,SYS,0,0,15,95
2026-05-21T00:51:54,SENSOR,SYS,0,0,15,95
2026-05-21T00:52:09,SYSTEM,SYS,0,0,7,103
2026-05-21T00:52:09,SYSTEM,SYS,0,0,8,8153
2026-05-21T00:52:09,SYSTEM,SYS,0,0,12,31
2026-05-21T00:52:21,SYSTEM,WEB,0,0,1,0
2026-05-21T00:52:24,SENSOR,SYS,0,0,15,95
2026-05-21T00:52:55,SENSOR,SYS,0,0,15,95
2026-05-21T00:53:09,SYSTEM,SYS,0,0,7,103
2026-05-21T00:53:09,SYSTEM,SYS,0,0,8,8153
2026-05-21T00:53:09,SYSTEM,SYS,0,0,12,31
2026-05-21T00:53:25,SENSOR,SYS,0,0,15,95
2026-05-21T00:53:56,SENSOR,SYS,0,0,15,95
2026-05-21T00:54:09,SYSTEM,SYS,0,0,7,102
2026-05-21T00:54:09,SYSTEM,SYS,0,0,8,8153
2026-05-21T00:54:09,SYSTEM,SYS,0,0,12,31
2026-05-21T00:54:23,SYSTEM,WEB,0,0,1,0
2026-05-21T00:54:26,SENSOR,SYS,0,0,15,95
2026-05-21T00:54:56,SENSOR,SYS,0,0,15,95
2026-05-21T00:55:09,SYSTEM,SYS,0,0,7,103
2026-05-21T00:55:09,SYSTEM,SYS,0,0,8,8153
2026-05-21T00:55:09,SYSTEM,SYS,0,0,12,31
2026-05-21T00:55:26,SENSOR,SYS,0,0,15,95
2026-05-21T00:55:57,SENSOR,SYS,0,0,15,95
2026-05-21T00:56:09,SYSTEM,SYS,0,0,7,103
2026-05-21T00:56:09,SYSTEM,SYS,0,0,8,8153
2026-05-21T00:56:09,SYSTEM,SYS,0,0,12,31
2026-05-21T00:56:23,SYSTEM,WEB,0,0,1,0
2026-05-21T00:56:27,SENSOR,SYS,0,0,15,95
2026-05-21T00:56:57,SENSOR,SYS,0,0,15,95
2026-05-21T00:57:09,SYSTEM,SYS,0,0,7,103
2026-05-21T00:57:09,SYSTEM,SYS,0,0,8,8153
2026-05-21T00:57:09,SYSTEM,SYS,0,0,12,31
2026-05-21T00:57:28,SENSOR,SYS,0,0,15,95
2026-05-21T00:57:58,SENSOR,SYS,0,0,15,95
2026-05-21T00:58:09,SYSTEM,SYS,0,0,7,103
2026-05-21T00:58:09,SYSTEM,SYS,0,0,8,8153
2026-05-21T00:58:09,SYSTEM,SYS,0,0,12,31
2026-05-21T00:58:24,SYSTEM,WEB,0,0,1,0
2026-05-21T00:58:28,SENSOR,SYS,0,0,15,95
2026-05-21T00:58:58,SENSOR,SYS,0,0,15,95
2026-05-21T00:59:09,SYSTEM,SYS,0,0,7,103
2026-05-21T00:59:09,SYSTEM,SYS,0,0,8,8153
2026-05-21T00:59:09,SYSTEM,SYS,0,0,12,31
2026-05-21T00:59:29,SENSOR,SYS,0,0,15,95
2026-05-21T00:59:59,SENSOR,SYS,0,0,15,95
2026-05-21T01:00:09,SYSTEM,SYS,0,0,7,103
2026-05-21T01:00:09,SYSTEM,SYS,0,0,8,8153
2026-05-21T01:00:09,SYSTEM,SYS,0,0,12,31
2026-05-21T01:00:25,SYSTEM,WEB,0,0,1,0
2026-05-21T01:00:30,SENSOR,SYS,0,0,15,95
2026-05-21T01:01:00,SENSOR,SYS,0,0,15,95
2026-05-21T01:01:09,SYSTEM,SYS,0,0,7,103
2026-05-21T01:01:09,SYSTEM,SYS,0,0,8,8153
2026-05-21T01:01:09,SYSTEM,SYS,0,0,12,31
2026-05-21T01:01:30,SENSOR,SYS,0,0,15,95
2026-05-21T01:02:00,SENSOR,SYS,0,0,15,95
2026-05-21T01:02:09,SYSTEM,SYS,0,0,7,103
2026-05-21T01:02:09,SYSTEM,SYS,0,0,8,8153
2026-05-21T01:02:09,SYSTEM,SYS,0,0,12,31
2026-05-21T01:02:25,SYSTEM,WEB,0,0,1,0
2026-05-21T01:02:31,SENSOR,SYS,0,0,15,95
2026-05-21T01:03:01,SENSOR,SYS,0,0,15,95
2026-05-21T01:03:09,SYSTEM,SYS,0,0,7,103
2026-05-21T01:03:09,SYSTEM,SYS,0,0,8,8153
2026-05-21T01:03:09,SYSTEM,SYS,0,0,12,31
2026-05-21T01:03:32,SENSOR,SYS,0,0,15,95
2026-05-21T01:04:02,SENSOR,SYS,0,0,15,95
2026-05-21T01:04:09,SYSTEM,SYS,0,0,7,103
2026-05-21T01:04:09,SYSTEM,SYS,0,0,8,8153
2026-05-21T01:04:09,SYSTEM,SYS,0,0,12,31
2026-05-21T01:04:26,SYSTEM,WEB,0,0,1,0
2026-05-21T01:04:32,SENSOR,SYS,0,0,15,95
2026-05-21T01:05:02,SENSOR,SYS,0,0,15,95
2026-05-21T01:05:09,SYSTEM,SYS,0,0,7,103
2026-05-21T01:05:09,SYSTEM,SYS,0,0,8,8153
2026-05-21T01:05:09,SYSTEM,SYS,0,0,12,31
2026-05-21T01:05:33,SENSOR,SYS,0,0,15,95
2026-05-21T01:06:03,SENSOR,SYS,0,0,15,95
2026-05-21T01:06:09,SYSTEM,SYS,0,0,7,103
2026-05-21T01:06:09,SYSTEM,SYS,0,0,8,8153
2026-05-21T01:06:09,SYSTEM,SYS,0,0,12,31
2026-05-21T01:06:26,SYSTEM,WEB,0,0,1,0
2026-05-21T01:06:33,SENSOR,SYS,0,0,15,95
2026-05-21T01:07:03,SENSOR,SYS,0,0,15,95
2026-05-21T01:07:09,SYSTEM,SYS,0,0,7,103
2026-05-21T01:07:09,SYSTEM,SYS,0,0,8,8153
2026-05-21T01:07:09,SYSTEM,SYS,0,0,12,31
2026-05-21T01:07:34,SENSOR,SYS,0,0,15,95
2026-05-21T01:08:04,SENSOR,SYS,0,0,15,95
2026-05-21T01:08:09,SYSTEM,SYS,0,0,7,103
2026-05-21T01:08:09,SYSTEM,SYS,0,0,8,8153
2026-05-21T01:08:09,SYSTEM,SYS,0,0,12,31
2026-05-21T01:08:28,SYSTEM,WEB,0,0,1,0
2026-05-21T01:08:35,SENSOR,SYS,0,0,15,94
2026-05-21T01:09:05,SENSOR,SYS,0,0,15,94
2026-05-21T01:09:09,SYSTEM,SYS,0,0,7,103
2026-05-21T01:09:09,SYSTEM,SYS,0,0,8,8153
2026-05-21T01:09:09,SYSTEM,SYS,0,0,12,31
2026-05-21T01:09:35,SENSOR,SYS,0,0,15,94
2026-05-21T01:10:05,SENSOR,SYS,0,0,15,94
2026-05-21T01:10:09,SYSTEM,SYS,0,0,7,102
2026-05-21T01:10:09,SYSTEM,SYS,0,0,8,8153
2026-05-21T01:10:09,SYSTEM,SYS,0,0,12,31
2026-05-21T01:10:28,SYSTEM,WEB,0,0,1,0
2026-05-21T01:10:36,SENSOR,SYS,0,0,15,94
2026-05-21T01:11:06,SENSOR,SYS,0,0,15,94
2026-05-21T01:11:09,SYSTEM,SYS,0,0,7,103
2026-05-21T01:11:09,SYSTEM,SYS,0,0,8,8153
2026-05-21T01:11:09,SYSTEM,SYS,0,0,12,31
2026-05-21T01:11:37,SENSOR,SYS,0,0,15,94
2026-05-21T01:12:07,SENSOR,SYS,0,0,15,93
2026-05-21T01:12:09,SYSTEM,SYS,0,0,7,103
2026-05-21T01:12:09,SYSTEM,SYS,0,0,8,8153
2026-05-21T01:12:09,SYSTEM,SYS,0,0,12,31
2026-05-21T01:12:29,SYSTEM,WEB,0,0,1,0
2026-05-21T01:12:37,SENSOR,SYS,0,0,15,93
2026-05-21T01:13:08,SENSOR,SYS,0,0,15,93
2026-05-21T01:13:10,SYSTEM,SYS,0,0,7,103
2026-05-21T01:13:10,SYSTEM,SYS,0,0,8,8153
2026-05-21T01:13:10,SYSTEM,SYS,0,0,12,31
2026-05-21T01:13:38,SENSOR,SYS,0,0,15,93
2026-05-21T01:14:08,SENSOR,SYS,0,0,15,93
2026-05-21T01:14:09,SYSTEM,SYS,0,0,7,103
2026-05-21T01:14:09,SYSTEM,SYS,0,0,8,8153
2026-05-21T01:14:09,SYSTEM,SYS,0,0,12,31
2026-05-21T01:14:30,SYSTEM,WEB,0,0,1,0
2026-05-21T01:14:38,SENSOR,SYS,0,0,15,93
2026-05-21T01:15:09,SENSOR,SYS,0,0,15,93
2026-05-21T01:15:09,SYSTEM,SYS,0,0,7,103
2026-05-21T01:15:09,SYSTEM,SYS,0,0,8,8153
2026-05-21T01:15:09,SYSTEM,SYS,0,0,12,31
2026-05-21T01:15:39,SENSOR,SYS,0,0,15,92
2026-05-21T01:16:09,SYSTEM,SYS,0,0,7,103
2026-05-21T01:16:09,SYSTEM,SYS,0,0,8,8153
2026-05-21T01:16:09,SYSTEM,SYS,0,0,12,31
2026-05-21T01:16:09,SENSOR,SYS,0,0,15,92
2026-05-21T01:16:30,SYSTEM,WEB,0,0,1,0
2026-05-21T01:16:39,SENSOR,SYS,0,0,15,92
2026-05-21T01:17:09,SYSTEM,SYS,0,0,7,103
2026-05-21T01:17:09,SYSTEM,SYS,0,0,8,8153
2026-05-21T01:17:09,SYSTEM,SYS,0,0,12,31
2026-05-21T01:17:10,SENSOR,SYS,0,0,15,92
2026-05-21T01:17:40,SENSOR,SYS,0,0,15,92
2026-05-21T01:18:09,SYSTEM,SYS,0,0,7,103
2026-05-21T01:18:09,SYSTEM,SYS,0,0,8,8153
2026-05-21T01:18:09,SYSTEM,SYS,0,0,12,31
2026-05-21T01:18:11,SENSOR,SYS,0,0,15,92
2026-05-21T01:18:33,SYSTEM,WEB,0,0,1,0
2026-05-21T01:18:41,SENSOR,SYS,0,0,15,92
2026-05-21T01:19:09,SYSTEM,SYS,0,0,7,103
2026-05-21T01:19:09,SYSTEM,SYS,0,0,8,8153
2026-05-21T01:19:09,SYSTEM,SYS,0,0,12,31
2026-05-21T01:19:11,SENSOR,SYS,0,0,15,92
2026-05-21T01:19:41,SENSOR,SYS,0,0,15,92
2026-05-21T01:20:09,SYSTEM,SYS,0,0,7,103
2026-05-21T01:20:09,SYSTEM,SYS,0,0,8,8153
2026-05-21T01:20:09,SYSTEM,SYS,0,0,12,31
2026-05-21T01:20:12,SENSOR,SYS,0,0,15,92
2026-05-21T01:20:32,SYSTEM,WEB,0,0,1,0
2026-05-21T01:20:42,SENSOR,SYS,0,0,15,92
2026-05-21T01:21:10,SYSTEM,SYS,0,0,7,103
2026-05-21T01:21:10,SYSTEM,SYS,0,0,8,8153
2026-05-21T01:21:10,SYSTEM,SYS,0,0,12,31
2026-05-21T01:21:13,SENSOR,SYS,0,0,15,92
2026-05-21T01:21:43,SENSOR,SYS,0,0,15,93
2026-05-21T01:22:09,SYSTEM,SYS,0,0,7,103
2026-05-21T01:22:09,SYSTEM,SYS,0,0,8,8153
2026-05-21T01:22:09,SYSTEM,SYS,0,0,12,31
2026-05-21T01:22:13,SENSOR,SYS,0,0,15,93
2026-05-21T01:22:33,SYSTEM,WEB,0,0,1,0
2026-05-21T01:22:43,SENSOR,SYS,0,0,15,93
2026-05-21T01:23:09,SYSTEM,SYS,0,0,7,103
2026-05-21T01:23:09,SYSTEM,SYS,0,0,8,8153
2026-05-21T01:23:09,SYSTEM,SYS,0,0,12,31
2026-05-21T01:23:14,SENSOR,SYS,0,0,15,93
2026-05-21T01:23:44,SENSOR,SYS,0,0,15,93
2026-05-21T01:24:09,SYSTEM,SYS,0,0,7,103
2026-05-21T01:24:09,SYSTEM,SYS,0,0,8,8153
2026-05-21T01:24:09,SYSTEM,SYS,0,0,12,31
2026-05-21T01:24:14,SENSOR,SYS,0,0,15,93
2026-05-21T01:24:33,SYSTEM,WEB,0,0,1,0
2026-05-21T01:24:44,SENSOR,SYS,0,0,15,93
2026-05-21T01:25:09,SYSTEM,SYS,0,0,7,103
2026-05-21T01:25:09,SYSTEM,SYS,0,0,8,8153
2026-05-21T01:25:09,SYSTEM,SYS,0,0,12,31
2026-05-21T01:25:15,SENSOR,SYS,0,0,15,94
2026-05-21T01:25:45,SENSOR,SYS,0,0,15,94
2026-05-21T01:26:09,SYSTEM,SYS,0,0,7,102
2026-05-21T01:26:09,SYSTEM,SYS,0,0,8,8153
2026-05-21T01:26:09,SYSTEM,SYS,0,0,12,31
2026-05-21T01:26:16,SENSOR,SYS,0,0,15,94
2026-05-21T01:26:35,SYSTEM,WEB,0,0,1,0
2026-05-21T01:26:46,SENSOR,SYS,0,0,15,94
2026-05-21T01:27:09,SYSTEM,SYS,0,0,7,103
2026-05-21T01:27:09,SYSTEM,SYS,0,0,8,8153
2026-05-21T01:27:09,SYSTEM,SYS,0,0,12,31
2026-05-21T01:27:16,SENSOR,SYS,0,0,15,94
2026-05-21T01:27:47,SENSOR,SYS,0,0,15,94
2026-05-21T01:28:09,SYSTEM,SYS,0,0,7,103
2026-05-21T01:28:09,SYSTEM,SYS,0,0,8,8153
2026-05-21T01:28:09,SYSTEM,SYS,0,0,12,31
2026-05-21T01:28:17,SENSOR,SYS,0,0,15,95
2026-05-21T01:28:35,SYSTEM,WEB,0,0,1,0
2026-05-21T01:28:47,SENSOR,SYS,0,0,15,95
2026-05-21T01:29:09,SYSTEM,SYS,0,0,7,103
2026-05-21T01:29:09,SYSTEM,SYS,0,0,8,8153
2026-05-21T01:29:09,SYSTEM,SYS,0,0,12,31
2026-05-21T01:29:17,SENSOR,SYS,0,0,15,95
2026-05-21T01:29:48,SENSOR,SYS,0,0,15,95
2026-05-21T01:30:09,SYSTEM,SYS,0,0,7,103
2026-05-21T01:30:09,SYSTEM,SYS,0,0,8,8153
2026-05-21T01:30:09,SYSTEM,SYS,0,0,12,31
2026-05-21T01:30:18,SENSOR,SYS,0,0,15,95
2026-05-21T01:30:36,SYSTEM,WEB,0,0,1,0
2026-05-21T01:30:48,SENSOR,SYS,0,0,15,95
2026-05-21T01:31:09,SYSTEM,SYS,0,0,7,103
2026-05-21T01:31:09,SYSTEM,SYS,0,0,8,8153
2026-05-21T01:31:09,SYSTEM,SYS,0,0,12,31
2026-05-21T01:31:18,SENSOR,SYS,0,0,15,95
2026-05-21T01:31:49,SENSOR,SYS,0,0,15,95
2026-05-21T01:32:09,SYSTEM,SYS,0,0,7,103
2026-05-21T01:32:09,SYSTEM,SYS,0,0,8,8153
2026-05-21T01:32:09,SYSTEM,SYS,0,0,12,31
2026-05-21T01:32:19,SENSOR,SYS,0,0,15,95
2026-05-21T01:32:36,SYSTEM,WEB,0,0,1,0
2026-05-21T01:32:50,SENSOR,SYS,0,0,15,95
2026-05-21T01:33:09,SYSTEM,SYS,0,0,7,103
2026-05-21T01:33:09,SYSTEM,SYS,0,0,8,8153
2026-05-21T01:33:09,SYSTEM,SYS,0,0,12,31
2026-05-21T01:33:20,SENSOR,SYS,0,0,15,95
2026-05-21T01:33:50,SENSOR,SYS,0,0,15,95
2026-05-21T01:34:09,SYSTEM,SYS,0,0,7,103
2026-05-21T01:34:09,SYSTEM,SYS,0,0,8,8153
2026-05-21T01:34:09,SYSTEM,SYS,0,0,12,31
2026-05-21T01:34:20,SENSOR,SYS,0,0,15,95
2026-05-21T01:34:37,SYSTEM,WEB,0,0,1,0
2026-05-21T01:34:51,SENSOR,SYS,0,0,15,95
2026-05-21T01:35:09,SYSTEM,SYS,0,0,7,103
2026-05-21T01:35:09,SYSTEM,SYS,0,0,8,8153
2026-05-21T01:35:09,SYSTEM,SYS,0,0,12,31
2026-05-21T01:35:21,SENSOR,SYS,0,0,15,95
2026-05-21T01:35:52,SENSOR,SYS,0,0,15,95
2026-05-21T01:36:09,SYSTEM,SYS,0,0,7,103
2026-05-21T01:36:09,SYSTEM,SYS,0,0,8,8153
2026-05-21T01:36:09,SYSTEM,SYS,0,0,12,31
2026-05-21T01:36:22,SENSOR,SYS,0,0,15,95
2026-05-21T01:36:38,SYSTEM,WEB,0,0,1,0
2026-05-21T01:36:52,SENSOR,SYS,0,0,15,95
2026-05-21T01:37:09,SYSTEM,SYS,0,0,7,103
2026-05-21T01:37:09,SYSTEM,SYS,0,0,8,8153
2026-05-21T01:37:09,SYSTEM,SYS,0,0,12,31
2026-05-21T01:37:22,SENSOR,SYS,0,0,15,95
2026-05-21T01:37:53,SENSOR,SYS,0,0,15,95
2026-05-21T01:38:09,SYSTEM,SYS,0,0,7,103
2026-05-21T01:38:09,SYSTEM,SYS,0,0,8,8153
2026-05-21T01:38:09,SYSTEM,SYS,0,0,12,31
2026-05-21T01:38:23,SENSOR,SYS,0,0,15,95
2026-05-21T01:38:39,SYSTEM,WEB,0,0,1,0
2026-05-21T01:38:53,SENSOR,SYS,0,0,15,95
2026-05-21T01:39:09,SYSTEM,SYS,0,0,7,103
2026-05-21T01:39:09,SYSTEM,SYS,0,0,8,8153
2026-05-21T01:39:09,SYSTEM,SYS,0,0,12,31
2026-05-21T01:39:23,SENSOR,SYS,0,0,15,95
2026-05-21T01:39:54,SENSOR,SYS,0,0,15,95
2026-05-21T01:40:09,SYSTEM,SYS,0,0,7,103
2026-05-21T01:40:09,SYSTEM,SYS,0,0,8,8153
2026-05-21T01:40:09,SYSTEM,SYS,0,0,12,31
2026-05-21T01:40:24,SENSOR,SYS,0,0,15,95
2026-05-21T01:40:40,SYSTEM,WEB,0,0,1,0
2026-05-21T01:40:55,SENSOR,SYS,0,0,15,95
2026-05-21T01:41:09,SYSTEM,SYS,0,0,7,103
2026-05-21T01:41:09,SYSTEM,SYS,0,0,8,8153
2026-05-21T01:41:09,SYSTEM,SYS,0,0,12,31
2026-05-21T01:41:25,SENSOR,SYS,0,0,15,95
2026-05-21T01:41:55,SENSOR,SYS,0,0,15,95
2026-05-21T01:42:09,SYSTEM,SYS,0,0,7,102
2026-05-21T01:42:09,SYSTEM,SYS,0,0,8,8153
2026-05-21T01:42:09,SYSTEM,SYS,0,0,12,31
2026-05-21T01:42:26,SENSOR,SYS,0,0,15,95
2026-05-21T01:42:41,SYSTEM,WEB,0,0,1,0
2026-05-21T01:42:56,SENSOR,SYS,0,0,15,95
2026-05-21T01:43:09,SYSTEM,SYS,0,0,7,103
2026-05-21T01:43:09,SYSTEM,SYS,0,0,8,8153
2026-05-21T01:43:09,SYSTEM,SYS,0,0,12,31
2026-05-21T01:43:26,SENSOR,SYS,0,0,15,95
2026-05-21T01:43:56,SENSOR,SYS,0,0,15,95
2026-05-21T01:44:09,SYSTEM,SYS,0,0,7,103
2026-05-21T01:44:09,SYSTEM,SYS,0,0,8,8153
2026-05-21T01:44:09,SYSTEM,SYS,0,0,12,31
2026-05-21T01:44:27,SENSOR,SYS,0,0,15,95
2026-05-21T01:44:41,SYSTEM,WEB,0,0,1,0
2026-05-21T01:44:57,SENSOR,SYS,0,0,15,95
2026-05-21T01:45:09,SYSTEM,SYS,0,0,7,103
2026-05-21T01:45:09,SYSTEM,SYS,0,0,8,8153
2026-05-21T01:45:09,SYSTEM,SYS,0,0,12,31
2026-05-21T01:45:28,SENSOR,SYS,0,0,15,95
2026-05-21T01:45:58,SENSOR,SYS,0,0,15,95
2026-05-21T01:46:10,SYSTEM,SYS,0,0,7,103
2026-05-21T01:46:10,SYSTEM,SYS,0,0,8,8153
2026-05-21T01:46:10,SYSTEM,SYS,0,0,12,31
2026-05-21T01:46:28,SENSOR,SYS,0,0,15,95
2026-05-21T01:46:42,SYSTEM,WEB,0,0,1,0
2026-05-21T01:46:58,SENSOR,SYS,0,0,15,95
2026-05-21T01:47:09,SYSTEM,SYS,0,0,7,103
2026-05-21T01:47:09,SYSTEM,SYS,0,0,8,8153
2026-05-21T01:47:09,SYSTEM,SYS,0,0,12,31
2026-05-21T01:47:29,SENSOR,SYS,0,0,15,95
2026-05-21T01:47:59,SENSOR,SYS,0,0,15,95
2026-05-21T01:48:09,SYSTEM,SYS,0,0,7,103
2026-05-21T01:48:09,SYSTEM,SYS,0,0,8,8153
2026-05-21T01:48:09,SYSTEM,SYS,0,0,12,31
2026-05-21T01:48:29,SENSOR,SYS,0,0,15,95
2026-05-21T01:48:42,SYSTEM,WEB,0,0,1,0
2026-05-21T01:48:59,SENSOR,SYS,0,0,15,95
2026-05-21T01:49:09,SYSTEM,SYS,0,0,7,103
2026-05-21T01:49:09,SYSTEM,SYS,0,0,8,8153
2026-05-21T01:49:09,SYSTEM,SYS,0,0,12,31
2026-05-21T01:49:30,SENSOR,SYS,0,0,15,95
2026-05-21T01:50:00,SENSOR,SYS,0,0,15,95
2026-05-21T01:50:09,SYSTEM,SYS,0,0,7,103
2026-05-21T01:50:09,SYSTEM,SYS,0,0,8,8153
2026-05-21T01:50:09,SYSTEM,SYS,0,0,12,31
2026-05-21T01:50:31,SENSOR,SYS,0,0,15,95
2026-05-21T01:50:44,SYSTEM,WEB,0,0,1,0
2026-05-21T01:51:01,SENSOR,SYS,0,0,15,95
2026-05-21T01:51:09,SYSTEM,SYS,0,0,7,103
2026-05-21T01:51:09,SYSTEM,SYS,0,0,8,8153
2026-05-21T01:51:09,SYSTEM,SYS,0,0,12,31
2026-05-21T01:51:31,SENSOR,SYS,0,0,15,95
2026-05-21T01:52:01,SENSOR,SYS,0,0,15,95
2026-05-21T01:52:09,SYSTEM,SYS,0,0,7,103
2026-05-21T01:52:09,SYSTEM,SYS,0,0,8,8153
2026-05-21T01:52:09,SYSTEM,SYS,0,0,12,31
2026-05-21T01:52:32,SENSOR,SYS,0,0,15,95
2026-05-21T01:52:44,SYSTEM,WEB,0,0,1,0
2026-05-21T01:53:02,SENSOR,SYS,0,0,15,95
2026-05-21T01:53:10,SYSTEM,SYS,0,0,7,103
2026-05-21T01:53:10,SYSTEM,SYS,0,0,8,8153
2026-05-21T01:53:10,SYSTEM,SYS,0,0,12,31
2026-05-21T01:53:33,SENSOR,SYS,0,0,15,95
2026-05-21T01:54:03,SENSOR,SYS,0,0,15,95
2026-05-21T01:54:09,SYSTEM,SYS,0,0,7,103
2026-05-21T01:54:09,SYSTEM,SYS,0,0,8,8153
2026-05-21T01:54:09,SYSTEM,SYS,0,0,12,31
2026-05-21T01:54:33,SENSOR,SYS,0,0,15,95
2026-05-21T01:54:45,SYSTEM,WEB,0,0,1,0
2026-05-21T01:55:03,SENSOR,SYS,0,0,15,95
2026-05-21T01:55:09,SYSTEM,SYS,0,0,7,103
2026-05-21T01:55:09,SYSTEM,SYS,0,0,8,8153
2026-05-21T01:55:09,SYSTEM,SYS,0,0,12,31
2026-05-21T01:55:34,SENSOR,SYS,0,0,15,95
2026-05-21T01:56:04,SENSOR,SYS,0,0,15,95
2026-05-21T01:56:09,SYSTEM,SYS,0,0,7,103
2026-05-21T01:56:09,SYSTEM,SYS,0,0,8,8153
2026-05-21T01:56:09,SYSTEM,SYS,0,0,12,31
2026-05-21T01:56:34,SENSOR,SYS,0,0,15,95
2026-05-21T01:56:46,SYSTEM,WEB,0,0,1,0
2026-05-21T01:57:05,SENSOR,SYS,0,0,15,95
2026-05-21T01:57:09,SYSTEM,SYS,0,0,7,102
2026-05-21T01:57:09,SYSTEM,SYS,0,0,8,8153
2026-05-21T01:57:09,SYSTEM,SYS,0,0,12,31
2026-05-21T01:57:35,SENSOR,SYS,0,0,15,95
2026-05-21T01:58:05,SENSOR,SYS,0,0,15,95
2026-05-21T01:58:09,SYSTEM,SYS,0,0,7,102
2026-05-21T01:58:09,SYSTEM,SYS,0,0,8,8153
2026-05-21T01:58:09,SYSTEM,SYS,0,0,12,31
2026-05-21T01:58:35,SENSOR,SYS,0,0,15,95
2026-05-21T01:58:46,SYSTEM,WEB,0,0,1,0
2026-05-21T01:59:06,SENSOR,SYS,0,0,15,95
2026-05-21T01:59:09,SYSTEM,SYS,0,0,7,103
2026-05-21T01:59:09,SYSTEM,SYS,0,0,8,8153
2026-05-21T01:59:09,SYSTEM,SYS,0,0,12,31
2026-05-21T01:59:36,SENSOR,SYS,0,0,14,95
2026-05-21T02:00:07,SENSOR,SYS,0,0,14,95
2026-05-21T02:00:09,SYSTEM,SYS,0,0,7,103
2026-05-21T02:00:09,SYSTEM,SYS,0,0,8,8153
2026-05-21T02:00:09,SYSTEM,SYS,0,0,12,31
2026-05-21T02:00:37,SENSOR,SYS,0,0,14,95
2026-05-21T02:00:48,SYSTEM,WEB,0,0,1,0
2026-05-21T02:01:07,SENSOR,SYS,0,0,14,95
2026-05-21T02:01:09,SYSTEM,SYS,0,0,7,103
2026-05-21T02:01:09,SYSTEM,SYS,0,0,8,8153
2026-05-21T02:01:09,SYSTEM,SYS,0,0,12,31
2026-05-21T02:01:37,SENSOR,SYS,0,0,14,95
2026-05-21T02:02:08,SENSOR,SYS,0,0,14,95
2026-05-21T02:02:09,SYSTEM,SYS,0,0,7,103
2026-05-21T02:02:09,SYSTEM,SYS,0,0,8,8153
2026-05-21T02:02:09,SYSTEM,SYS,0,0,12,31
2026-05-21T02:02:38,SENSOR,SYS,0,0,14,95
2026-05-21T02:02:48,SYSTEM,WEB,0,0,1,0
2026-05-21T02:03:09,SENSOR,SYS,0,0,14,95
2026-05-21T02:03:10,SYSTEM,SYS,0,0,7,103
2026-05-21T02:03:10,SYSTEM,SYS,0,0,8,8153
2026-05-21T02:03:10,SYSTEM,SYS,0,0,12,31
2026-05-21T02:03:39,SENSOR,SYS,0,0,14,95
2026-05-21T02:04:09,SENSOR,SYS,0,0,14,95
2026-05-21T02:04:09,SYSTEM,SYS,0,0,7,103
2026-05-21T02:04:09,SYSTEM,SYS,0,0,8,8153
2026-05-21T02:04:09,SYSTEM,SYS,0,0,12,31
2026-05-21T02:04:39,SENSOR,SYS,0,0,14,95
2026-05-21T02:04:49,SYSTEM,WEB,0,0,1,0
2026-05-21T02:05:09,SYSTEM,SYS,0,0,7,102
2026-05-21T02:05:09,SYSTEM,SYS,0,0,8,8153
2026-05-21T02:05:09,SYSTEM,SYS,0,0,12,31
2026-05-21T02:05:10,SENSOR,SYS,0,0,14,95
2026-05-21T02:05:40,SENSOR,SYS,0,0,14,95
2026-05-21T02:06:09,SYSTEM,SYS,0,0,7,103
2026-05-21T02:06:09,SYSTEM,SYS,0,0,8,8153
2026-05-21T02:06:09,SYSTEM,SYS,0,0,12,31
2026-05-21T02:06:10,SENSOR,SYS,0,0,14,95
2026-05-21T02:06:40,SENSOR,SYS,0,0,14,95
2026-05-21T02:06:50,SYSTEM,WEB,0,0,1,0
2026-05-21T02:07:09,SYSTEM,SYS,0,0,7,103
2026-05-21T02:07:09,SYSTEM,SYS,0,0,8,8153
2026-05-21T02:07:09,SYSTEM,SYS,0,0,12,31
2026-05-21T02:07:11,SENSOR,SYS,0,0,14,95
2026-05-21T02:07:41,SENSOR,SYS,0,0,14,95
2026-05-21T02:08:09,SYSTEM,SYS,0,0,7,103
2026-05-21T02:08:09,SYSTEM,SYS,0,0,8,8153
2026-05-21T02:08:09,SYSTEM,SYS,0,0,12,31
2026-05-21T02:08:12,SENSOR,SYS,0,0,14,95
2026-05-21T02:08:42,SENSOR,SYS,0,0,14,95
2026-05-21T02:08:50,SYSTEM,WEB,0,0,1,0
2026-05-21T02:09:09,SYSTEM,SYS,0,0,7,103
2026-05-21T02:09:09,SYSTEM,SYS,0,0,8,8153
2026-05-21T02:09:09,SYSTEM,SYS,0,0,12,31
2026-05-21T02:09:12,SENSOR,SYS,0,0,14,95
2026-05-21T02:09:42,SENSOR,SYS,0,0,14,95
2026-05-21T02:10:09,SYSTEM,SYS,0,0,7,103
2026-05-21T02:10:09,SYSTEM,SYS,0,0,8,8153
2026-05-21T02:10:09,SYSTEM,SYS,0,0,12,31
2026-05-21T02:10:13,SENSOR,SYS,0,0,14,95
2026-05-21T02:10:43,SENSOR,SYS,0,0,14,95
2026-05-21T02:10:52,SYSTEM,WEB,0,0,1,0
2026-05-21T02:11:10,SYSTEM,SYS,0,0,7,103
2026-05-21T02:11:10,SYSTEM,SYS,0,0,8,8153
2026-05-21T02:11:10,SYSTEM,SYS,0,0,12,31
2026-05-21T02:11:14,SENSOR,SYS,0,0,14,95
2026-05-21T02:11:44,SENSOR,SYS,0,0,14,95
2026-05-21T02:12:09,SYSTEM,SYS,0,0,7,103
2026-05-21T02:12:09,SYSTEM,SYS,0,0,8,8153
2026-05-21T02:12:09,SYSTEM,SYS,0,0,12,31
2026-05-21T02:12:14,SENSOR,SYS,0,0,14,94
2026-05-21T02:12:44,SENSOR,SYS,0,0,14,94
2026-05-21T02:12:52,SYSTEM,WEB,0,0,1,0
2026-05-21T02:13:09,SYSTEM,SYS,0,0,7,103
2026-05-21T02:13:09,SYSTEM,SYS,0,0,8,8153
2026-05-21T02:13:09,SYSTEM,SYS,0,0,12,31
2026-05-21T02:13:14,SENSOR,SYS,0,0,14,94
2026-05-21T02:13:45,SENSOR,SYS,0,0,14,94
2026-05-21T02:14:09,SYSTEM,SYS,0,0,7,102
2026-05-21T02:14:09,SYSTEM,SYS,0,0,8,8153
2026-05-21T02:14:09,SYSTEM,SYS,0,0,12,31
2026-05-21T02:14:15,SENSOR,SYS,0,0,14,94
2026-05-21T02:14:46,SENSOR,SYS,0,0,14,94
2026-05-21T02:14:54,SYSTEM,WEB,0,0,1,0
2026-05-21T02:15:09,SYSTEM,SYS,0,0,7,103
2026-05-21T02:15:09,SYSTEM,SYS,0,0,8,8153
2026-05-21T02:15:09,SYSTEM,SYS,0,0,12,31
2026-05-21T02:15:16,SENSOR,SYS,0,0,14,94
2026-05-21T02:15:46,SENSOR,SYS,0,0,14,94
2026-05-21T02:16:09,SYSTEM,SYS,0,0,7,103
2026-05-21T02:16:09,SYSTEM,SYS,0,0,8,8153
2026-05-21T02:16:09,SYSTEM,SYS,0,0,12,31
2026-05-21T02:16:16,SENSOR,SYS,0,0,14,94
2026-05-21T02:16:47,SENSOR,SYS,0,0,14,93
2026-05-21T02:16:54,SYSTEM,WEB,0,0,1,0
2026-05-21T02:17:09,SYSTEM,SYS,0,0,7,103
2026-05-21T02:17:09,SYSTEM,SYS,0,0,8,8153
2026-05-21T02:17:09,SYSTEM,SYS,0,0,12,31
2026-05-21T02:17:17,SENSOR,SYS,0,0,14,93
2026-05-21T02:17:48,SENSOR,SYS,0,0,14,93
2026-05-21T02:18:10,SYSTEM,SYS,0,0,7,103
2026-05-21T02:18:10,SYSTEM,SYS,0,0,8,8153
2026-05-21T02:18:10,SYSTEM,SYS,0,0,12,31
2026-05-21T02:18:18,SENSOR,SYS,0,0,14,93
2026-05-21T02:18:48,SENSOR,SYS,0,0,14,93
2026-05-21T02:18:55,SYSTEM,WEB,0,0,1,0
2026-05-21T02:19:09,SYSTEM,SYS,0,0,7,103
2026-05-21T02:19:09,SYSTEM,SYS,0,0,8,8153
2026-05-21T02:19:09,SYSTEM,SYS,0,0,12,31
2026-05-21T02:19:18,SENSOR,SYS,0,0,14,93
2026-05-21T02:19:49,SENSOR,SYS,0,0,14,93
2026-05-21T02:20:09,SYSTEM,SYS,0,0,7,103
2026-05-21T02:20:09,SYSTEM,SYS,0,0,8,8153
2026-05-21T02:20:09,SYSTEM,SYS,0,0,12,31
2026-05-21T02:20:19,SENSOR,SYS,0,0,14,93
2026-05-21T02:20:49,SENSOR,SYS,0,0,14,94
2026-05-21T02:20:55,SYSTEM,WEB,0,0,1,0
2026-05-21T02:21:09,SYSTEM,SYS,0,0,7,103
2026-05-21T02:21:09,SYSTEM,SYS,0,0,8,8153
2026-05-21T02:21:09,SYSTEM,SYS,0,0,12,31
2026-05-21T02:21:19,SENSOR,SYS,0,0,14,94
2026-05-21T02:21:50,SENSOR,SYS,0,0,14,94
2026-05-21T02:22:09,SYSTEM,SYS,0,0,7,103
2026-05-21T02:22:09,SYSTEM,SYS,0,0,8,8153
2026-05-21T02:22:09,SYSTEM,SYS,0,0,12,31
2026-05-21T02:22:20,SENSOR,SYS,0,0,14,94
2026-05-21T02:22:51,SENSOR,SYS,0,0,14,94
2026-05-21T02:22:57,SYSTEM,WEB,0,0,1,0
2026-05-21T02:23:09,SYSTEM,SYS,0,0,7,103
2026-05-21T02:23:09,SYSTEM,SYS,0,0,8,8153
2026-05-21T02:23:09,SYSTEM,SYS,0,0,12,31
2026-05-21T02:23:21,SENSOR,SYS,0,0,14,94
2026-05-21T02:23:51,SENSOR,SYS,0,0,14,94
2026-05-21T02:24:09,SYSTEM,SYS,0,0,7,103
2026-05-21T02:24:09,SYSTEM,SYS,0,0,8,8153
2026-05-21T02:24:09,SYSTEM,SYS,0,0,12,31
2026-05-21T02:24:21,SENSOR,SYS,0,0,14,94
2026-05-21T02:24:52,SENSOR,SYS,0,0,14,94
2026-05-21T02:24:57,SYSTEM,WEB,0,0,1,0
2026-05-21T02:25:09,SYSTEM,SYS,0,0,7,103
2026-05-21T02:25:09,SYSTEM,SYS,0,0,8,8153
2026-05-21T02:25:09,SYSTEM,SYS,0,0,12,31
2026-05-21T02:25:22,SENSOR,SYS,0,0,14,95
2026-05-21T02:25:53,SENSOR,SYS,0,0,14,95
2026-05-21T02:26:10,SYSTEM,SYS,0,0,7,103
2026-05-21T02:26:10,SYSTEM,SYS,0,0,8,8153
2026-05-21T02:26:10,SYSTEM,SYS,0,0,12,31
2026-05-21T02:26:23,SENSOR,SYS,0,0,14,95
2026-05-21T02:26:53,SENSOR,SYS,0,0,14,95
2026-05-21T02:26:58,SYSTEM,WEB,0,0,1,0
2026-05-21T02:27:09,SYSTEM,SYS,0,0,7,103
2026-05-21T02:27:09,SYSTEM,SYS,0,0,8,8153
2026-05-21T02:27:09,SYSTEM,SYS,0,0,12,31
2026-05-21T02:27:24,SENSOR,SYS,0,0,14,95
2026-05-21T02:27:54,SENSOR,SYS,0,0,14,95
2026-05-21T02:28:10,SYSTEM,SYS,0,0,7,102
2026-05-21T02:28:10,SYSTEM,SYS,0,0,8,8153
2026-05-21T02:28:10,SYSTEM,SYS,0,0,12,31
2026-05-21T02:28:24,SENSOR,SYS,0,0,14,95
2026-05-21T02:28:54,SENSOR,SYS,0,0,14,95
2026-05-21T02:28:58,SYSTEM,WEB,0,0,1,0
2026-05-21T02:29:09,SYSTEM,SYS,0,0,7,103
2026-05-21T02:29:09,SYSTEM,SYS,0,0,8,8153
2026-05-21T02:29:09,SYSTEM,SYS,0,0,12,31
2026-05-21T02:29:25,SENSOR,SYS,0,0,14,95
2026-05-21T02:29:55,SENSOR,SYS,0,0,14,95
2026-05-21T02:30:09,SYSTEM,SYS,0,0,7,102
2026-05-21T02:30:09,SYSTEM,SYS,0,0,8,8153
2026-05-21T02:30:09,SYSTEM,SYS,0,0,12,31
2026-05-21T02:30:25,SENSOR,SYS,0,0,14,95
2026-05-21T02:30:55,SENSOR,SYS,0,0,14,95
2026-05-21T02:30:59,SYSTEM,WEB,0,0,1,0
2026-05-21T02:31:09,SYSTEM,SYS,0,0,7,103
2026-05-21T02:31:09,SYSTEM,SYS,0,0,8,8153
2026-05-21T02:31:09,SYSTEM,SYS,0,0,12,31
2026-05-21T02:31:26,SENSOR,SYS,0,0,14,95
2026-05-21T02:31:56,SENSOR,SYS,0,0,14,95
2026-05-21T02:32:09,SYSTEM,SYS,0,0,7,103
2026-05-21T02:32:09,SYSTEM,SYS,0,0,8,8153
2026-05-21T02:32:09,SYSTEM,SYS,0,0,12,31
2026-05-21T02:32:27,SENSOR,SYS,0,0,14,95
2026-05-21T02:32:57,SENSOR,SYS,0,0,14,94
2026-05-21T02:33:00,SYSTEM,WEB,0,0,1,0
2026-05-21T02:33:09,SYSTEM,SYS,0,0,7,103
2026-05-21T02:33:09,SYSTEM,SYS,0,0,8,8153
2026-05-21T02:33:09,SYSTEM,SYS,0,0,12,31
2026-05-21T02:33:27,SENSOR,SYS,0,0,14,94
2026-05-21T02:33:57,SENSOR,SYS,0,0,14,94
2026-05-21T02:34:09,SYSTEM,SYS,0,0,7,103
2026-05-21T02:34:09,SYSTEM,SYS,0,0,8,8153
2026-05-21T02:34:09,SYSTEM,SYS,0,0,12,31
2026-05-21T02:34:28,SENSOR,SYS,0,0,14,94
2026-05-21T02:34:58,SENSOR,SYS,0,0,14,94
2026-05-21T02:35:01,SYSTEM,WEB,0,0,1,0
2026-05-21T02:35:09,SYSTEM,SYS,0,0,7,103
2026-05-21T02:35:09,SYSTEM,SYS,0,0,8,8153
2026-05-21T02:35:09,SYSTEM,SYS,0,0,12,31
2026-05-21T02:35:29,SENSOR,SYS,0,0,14,94
2026-05-21T02:35:59,SENSOR,SYS,0,0,14,94
2026-05-21T02:36:10,SYSTEM,SYS,0,0,7,103
2026-05-21T02:36:10,SYSTEM,SYS,0,0,8,8153
2026-05-21T02:36:10,SYSTEM,SYS,0,0,12,31
2026-05-21T02:36:29,SENSOR,SYS,0,0,14,94
2026-05-21T02:36:59,SENSOR,SYS,0,0,14,94
2026-05-21T02:37:01,SYSTEM,WEB,0,0,1,0
2026-05-21T02:37:09,SYSTEM,SYS,0,0,7,103
2026-05-21T02:37:09,SYSTEM,SYS,0,0,8,8153
2026-05-21T02:37:09,SYSTEM,SYS,0,0,12,31
2026-05-21T02:37:30,SENSOR,SYS,0,0,14,93
2026-05-21T02:38:00,SENSOR,SYS,0,0,14,93
2026-05-21T02:38:09,SYSTEM,SYS,0,0,7,103
2026-05-21T02:38:09,SYSTEM,SYS,0,0,8,8153
2026-05-21T02:38:09,SYSTEM,SYS,0,0,12,31
2026-05-21T02:38:30,SENSOR,SYS,0,0,14,93
2026-05-21T02:39:00,SENSOR,SYS,0,0,14,93
2026-05-21T02:39:02,SYSTEM,WEB,0,0,1,0
2026-05-21T02:39:09,SYSTEM,SYS,0,0,7,103
2026-05-21T02:39:09,SYSTEM,SYS,0,0,8,8153
2026-05-21T02:39:09,SYSTEM,SYS,0,0,12,31
2026-05-21T02:39:31,SENSOR,SYS,0,0,14,93
2026-05-21T02:40:01,SENSOR,SYS,0,0,14,93
2026-05-21T02:40:09,SYSTEM,SYS,0,0,7,103
2026-05-21T02:40:09,SYSTEM,SYS,0,0,8,8153
2026-05-21T02:40:09,SYSTEM,SYS,0,0,12,31
2026-05-21T02:40:32,SENSOR,SYS,0,0,14,93
2026-05-21T02:41:02,SENSOR,SYS,0,0,14,93
2026-05-21T02:41:03,SYSTEM,WEB,0,0,1,0
2026-05-21T02:41:09,SYSTEM,SYS,0,0,7,103
2026-05-21T02:41:09,SYSTEM,SYS,0,0,8,8153
2026-05-21T02:41:09,SYSTEM,SYS,0,0,12,31
2026-05-21T02:41:32,SENSOR,SYS,0,0,14,93
2026-05-21T02:42:02,SENSOR,SYS,0,0,14,93
2026-05-21T02:42:09,SYSTEM,SYS,0,0,7,103
2026-05-21T02:42:09,SYSTEM,SYS,0,0,8,8153
2026-05-21T02:42:09,SYSTEM,SYS,0,0,12,31
2026-05-21T02:42:33,SENSOR,SYS,0,0,14,93
2026-05-21T02:43:03,SENSOR,SYS,0,0,14,93
2026-05-21T02:43:04,SYSTEM,WEB,0,0,1,0
2026-05-21T02:43:09,SYSTEM,SYS,0,0,7,103
2026-05-21T02:43:09,SYSTEM,SYS,0,0,8,8153
2026-05-21T02:43:09,SYSTEM,SYS,0,0,12,31
2026-05-21T02:43:33,SENSOR,SYS,0,0,14,93
2026-05-21T02:44:04,SENSOR,SYS,0,0,14,93
2026-05-21T02:44:09,SYSTEM,SYS,0,0,7,103
2026-05-21T02:44:09,SYSTEM,SYS,0,0,8,8153
2026-05-21T02:44:09,SYSTEM,SYS,0,0,12,31
2026-05-21T02:44:34,SENSOR,SYS,0,0,14,93
2026-05-21T02:45:04,SENSOR,SYS,0,0,14,93
2026-05-21T02:45:04,SYSTEM,WEB,0,0,1,0
2026-05-21T02:45:09,SYSTEM,SYS,0,0,7,103
2026-05-21T02:45:09,SYSTEM,SYS,0,0,8,8153
2026-05-21T02:45:09,SYSTEM,SYS,0,0,12,31
2026-05-21T02:45:34,SENSOR,SYS,0,0,14,93
2026-05-21T02:46:05,SENSOR,SYS,0,0,14,93
2026-05-21T02:46:09,SYSTEM,SYS,0,0,7,102
2026-05-21T02:46:09,SYSTEM,SYS,0,0,8,8153
2026-05-21T02:46:09,SYSTEM,SYS,0,0,12,31
2026-05-21T02:46:35,SENSOR,SYS,0,0,14,93
2026-05-21T02:47:06,SYSTEM,WEB,0,0,1,0
2026-05-21T02:47:06,SENSOR,SYS,0,0,14,93
2026-05-21T02:47:09,SYSTEM,SYS,0,0,7,102
2026-05-21T02:47:09,SYSTEM,SYS,0,0,8,8153
2026-05-21T02:47:09,SYSTEM,SYS,0,0,12,31
2026-05-21T02:47:36,SENSOR,SYS,0,0,14,93
2026-05-21T02:48:06,SENSOR,SYS,0,0,14,93
2026-05-21T02:48:09,SYSTEM,SYS,0,0,7,103
2026-05-21T02:48:09,SYSTEM,SYS,0,0,8,8153
2026-05-21T02:48:09,SYSTEM,SYS,0,0,12,31
2026-05-21T02:48:36,SENSOR,SYS,0,0,14,93
2026-05-21T02:49:07,SYSTEM,WEB,0,0,1,0
2026-05-21T02:49:07,SENSOR,SYS,0,0,14,93
2026-05-21T02:49:09,SYSTEM,SYS,0,0,7,103
2026-05-21T02:49:09,SYSTEM,SYS,0,0,8,8153
2026-05-21T02:49:09,SYSTEM,SYS,0,0,12,31
2026-05-21T02:49:37,SENSOR,SYS,0,0,14,93
2026-05-21T02:50:08,SENSOR,SYS,0,0,14,93
2026-05-21T02:50:10,SYSTEM,SYS,0,0,7,103
2026-05-21T02:50:10,SYSTEM,SYS,0,0,8,8153
2026-05-21T02:50:10,SYSTEM,SYS,0,0,12,31
2026-05-21T02:50:38,SENSOR,SYS,0,0,14,93
2026-05-21T02:51:07,SYSTEM,WEB,0,0,1,0
2026-05-21T02:51:08,SENSOR,SYS,0,0,14,93
2026-05-21T02:51:09,SYSTEM,SYS,0,0,7,102
2026-05-21T02:51:09,SYSTEM,SYS,0,0,8,8153
2026-05-21T02:51:09,SYSTEM,SYS,0,0,12,31
2026-05-21T02:51:38,SENSOR,SYS,0,0,14,93
2026-05-21T02:52:09,SENSOR,SYS,0,0,14,93
2026-05-21T02:52:09,SYSTEM,SYS,0,0,7,103
2026-05-21T02:52:09,SYSTEM,SYS,0,0,8,8153
2026-05-21T02:52:09,SYSTEM,SYS,0,0,12,31
2026-05-21T02:52:39,SENSOR,SYS,0,0,14,93
2026-05-21T02:53:06,SYSTEM,WEB,0,0,1,0
2026-05-21T02:53:09,SYSTEM,SYS,0,0,7,103
2026-05-21T02:53:09,SYSTEM,SYS,0,0,8,8153
2026-05-21T02:53:09,SYSTEM,SYS,0,0,12,31
2026-05-21T02:53:09,SENSOR,SYS,0,0,14,94
2026-05-21T02:53:39,SENSOR,SYS,0,0,14,94
2026-05-21T02:54:09,SYSTEM,SYS,0,0,7,103
2026-05-21T02:54:09,SYSTEM,SYS,0,0,8,8153
2026-05-21T02:54:09,SYSTEM,SYS,0,0,12,31
2026-05-21T02:54:10,SENSOR,SYS,0,0,14,94
2026-05-21T02:54:40,SENSOR,SYS,0,0,14,94
2026-05-21T02:55:08,SYSTEM,WEB,0,0,1,0
2026-05-21T02:55:09,SYSTEM,SYS,0,0,7,103
2026-05-21T02:55:09,SYSTEM,SYS,0,0,8,8153
2026-05-21T02:55:09,SYSTEM,SYS,0,0,12,31
2026-05-21T02:55:11,SENSOR,SYS,0,0,14,94
2026-05-21T02:55:41,SENSOR,SYS,0,0,14,94
2026-05-21T02:56:09,SYSTEM,SYS,0,0,7,103
2026-05-21T02:56:09,SYSTEM,SYS,0,0,8,8153
2026-05-21T02:56:09,SYSTEM,SYS,0,0,12,31
2026-05-21T02:56:11,SENSOR,SYS,0,0,14,94
2026-05-21T02:56:41,SENSOR,SYS,0,0,14,94
2026-05-21T02:57:09,SYSTEM,WEB,0,0,1,0
2026-05-21T02:57:09,SYSTEM,SYS,0,0,7,103
2026-05-21T02:57:09,SYSTEM,SYS,0,0,8,8153
2026-05-21T02:57:09,SYSTEM,SYS,0,0,12,31
2026-05-21T02:57:12,SENSOR,SYS,0,0,14,94
2026-05-21T02:57:42,SENSOR,SYS,0,0,14,94
2026-05-21T02:58:09,SYSTEM,SYS,0,0,7,103
2026-05-21T02:58:09,SYSTEM,SYS,0,0,8,8153
2026-05-21T02:58:09,SYSTEM,SYS,0,0,12,31
2026-05-21T02:58:12,SENSOR,SYS,0,0,14,94
2026-05-21T02:58:43,SENSOR,SYS,0,0,14,94
2026-05-21T02:59:09,SYSTEM,SYS,0,0,7,63
2026-05-21T02:59:09,SYSTEM,SYS,0,0,8,8153
2026-05-21T02:59:09,SYSTEM,SYS,0,0,12,28
2026-05-21T02:59:09,SYSTEM,WEB,0,0,1,0
2026-05-21T02:59:13,SENSOR,SYS,0,0,14,94
2026-05-21T02:59:44,SENSOR,SYS,0,0,14,94
2026-05-21T03:00:10,SYSTEM,SYS,0,0,7,103
2026-05-21T03:00:10,SYSTEM,SYS,0,0,8,8153
2026-05-21T03:00:10,SYSTEM,SYS,0,0,12,31
2026-05-21T03:00:14,SENSOR,SYS,0,0,14,94
2026-05-21T03:00:44,SENSOR,SYS,0,0,14,94
2026-05-21T03:01:09,SYSTEM,SYS,0,0,7,102
2026-05-21T03:01:09,SYSTEM,SYS,0,0,8,8153
2026-05-21T03:01:09,SYSTEM,SYS,0,0,12,31
2026-05-21T03:01:10,SYSTEM,WEB,0,0,1,0
2026-05-21T03:01:14,SENSOR,SYS,0,0,14,94
2026-05-21T03:01:45,SENSOR,SYS,0,0,14,94
2026-05-21T03:02:09,SYSTEM,SYS,0,0,7,102
2026-05-21T03:02:09,SYSTEM,SYS,0,0,8,8153
2026-05-21T03:02:09,SYSTEM,SYS,0,0,12,31
2026-05-21T03:02:15,SENSOR,SYS,0,0,14,94
2026-05-21T03:02:45,SENSOR,SYS,0,0,14,94
2026-05-21T03:03:09,SYSTEM,SYS,0,0,7,102
2026-05-21T03:03:09,SYSTEM,SYS,0,0,8,8153
2026-05-21T03:03:09,SYSTEM,SYS,0,0,12,31
2026-05-21T03:03:11,SYSTEM,WEB,0,0,1,0
2026-05-21T03:03:15,SENSOR,SYS,0,0,14,94
2026-05-21T03:03:46,SENSOR,SYS,0,0,14,95
2026-05-21T03:04:09,SYSTEM,SYS,0,0,7,103
2026-05-21T03:04:09,SYSTEM,SYS,0,0,8,8153
2026-05-21T03:04:09,SYSTEM,SYS,0,0,12,31
2026-05-21T03:04:16,SENSOR,SYS,0,0,14,95
2026-05-21T03:04:47,SENSOR,SYS,0,0,14,95
2026-05-21T03:05:09,SYSTEM,SYS,0,0,7,103
2026-05-21T03:05:09,SYSTEM,SYS,0,0,8,8153
2026-05-21T03:05:09,SYSTEM,SYS,0,0,12,31
2026-05-21T03:05:12,SYSTEM,WEB,0,0,1,0
2026-05-21T03:05:17,SENSOR,SYS,0,0,14,95
2026-05-21T03:05:47,SENSOR,SYS,0,0,14,95
2026-05-21T03:06:09,SYSTEM,SYS,0,0,7,103
2026-05-21T03:06:09,SYSTEM,SYS,0,0,8,8153
2026-05-21T03:06:09,SYSTEM,SYS,0,0,12,31
2026-05-21T03:06:17,SENSOR,SYS,0,0,14,95
2026-05-21T03:06:48,SENSOR,SYS,0,0,14,95
2026-05-21T03:07:09,SYSTEM,SYS,0,0,7,103
2026-05-21T03:07:09,SYSTEM,SYS,0,0,8,8153
2026-05-21T03:07:09,SYSTEM,SYS,0,0,12,31
2026-05-21T03:07:13,SYSTEM,WEB,0,0,1,0
2026-05-21T03:07:18,SENSOR,SYS,0,0,14,95
2026-05-21T03:07:49,SENSOR,SYS,0,0,14,95
2026-05-21T03:08:10,SYSTEM,SYS,0,0,7,103
2026-05-21T03:08:10,SYSTEM,SYS,0,0,8,8153
2026-05-21T03:08:10,SYSTEM,SYS,0,0,12,31
2026-05-21T03:08:19,SENSOR,SYS,0,0,14,95
2026-05-21T03:08:49,SENSOR,SYS,0,0,14,95
2026-05-21T03:09:09,SYSTEM,SYS,0,0,7,102
2026-05-21T03:09:09,SYSTEM,SYS,0,0,8,8153
2026-05-21T03:09:09,SYSTEM,SYS,0,0,12,31
2026-05-21T03:09:13,SYSTEM,WEB,0,0,1,0
2026-05-21T03:09:19,SENSOR,SYS,0,0,14,95
2026-05-21T03:09:50,SENSOR,SYS,0,0,14,95
2026-05-21T03:10:09,SYSTEM,SYS,0,0,7,103
2026-05-21T03:10:09,SYSTEM,SYS,0,0,8,8153
2026-05-21T03:10:09,SYSTEM,SYS,0,0,12,31
2026-05-21T03:10:20,SENSOR,SYS,0,0,14,95
2026-05-21T03:10:50,SENSOR,SYS,0,0,14,95
2026-05-21T03:11:09,SYSTEM,SYS,0,0,7,103
2026-05-21T03:11:09,SYSTEM,SYS,0,0,8,8153
2026-05-21T03:11:09,SYSTEM,SYS,0,0,12,31
2026-05-21T03:11:14,SYSTEM,WEB,0,0,1,0
2026-05-21T03:11:20,SENSOR,SYS,0,0,14,95
2026-05-21T03:11:51,SENSOR,SYS,0,0,14,95
2026-05-21T03:12:09,SYSTEM,SYS,0,0,7,102
2026-05-21T03:12:09,SYSTEM,SYS,0,0,8,8153
2026-05-21T03:12:09,SYSTEM,SYS,0,0,12,31
2026-05-21T03:12:21,SENSOR,SYS,0,0,14,95
2026-05-21T03:12:52,SENSOR,SYS,0,0,14,95
2026-05-21T03:13:09,SYSTEM,SYS,0,0,7,103
2026-05-21T03:13:09,SYSTEM,SYS,0,0,8,8153
2026-05-21T03:13:09,SYSTEM,SYS,0,0,12,31
2026-05-21T03:13:16,SYSTEM,WEB,0,0,1,0
2026-05-21T03:13:22,SENSOR,SYS,0,0,14,94
2026-05-21T03:13:52,SENSOR,SYS,0,0,14,94
2026-05-21T03:14:09,SYSTEM,SYS,0,0,7,103
2026-05-21T03:14:09,SYSTEM,SYS,0,0,8,8153
2026-05-21T03:14:09,SYSTEM,SYS,0,0,12,31
2026-05-21T03:14:23,SENSOR,SYS,0,0,14,94
2026-05-21T03:14:53,SENSOR,SYS,0,0,14,94
2026-05-21T03:15:00,SYSTEM,WEB,0,0,0,2
2026-05-21T03:15:10,SYSTEM,SYS,0,0,7,103
2026-05-21T03:15:10,SYSTEM,SYS,0,0,8,8153
2026-05-21T03:15:10,SYSTEM,SYS,0,0,12,31
2026-05-21T03:15:16,SYSTEM,WEB,0,0,1,0
2026-05-21T03:15:23,SENSOR,SYS,0,0,14,94
2026-05-21T03:15:53,SENSOR,SYS,0,0,14,94
2026-05-21T03:16:09,SYSTEM,SYS,0,0,7,103
2026-05-21T03:16:09,SYSTEM,SYS,0,0,8,8153
2026-05-21T03:16:09,SYSTEM,SYS,0,0,12,31
2026-05-21T03:16:24,SENSOR,SYS,0,0,14,94
2026-05-21T03:16:54,SENSOR,SYS,0,0,14,94
2026-05-21T03:17:09,SYSTEM,SYS,0,0,7,103
2026-05-21T03:17:09,SYSTEM,SYS,0,0,8,8153
2026-05-21T03:17:09,SYSTEM,SYS,0,0,12,31
2026-05-21T03:17:16,SYSTEM,WEB,0,0,1,0
2026-05-21T03:17:24,SENSOR,SYS,0,0,14,94
2026-05-21T03:17:54,SENSOR,SYS,0,0,14,93
2026-05-21T03:18:09,SYSTEM,SYS,0,0,7,103
2026-05-21T03:18:09,SYSTEM,SYS,0,0,8,8153
2026-05-21T03:18:09,SYSTEM,SYS,0,0,12,31
2026-05-21T03:18:25,SENSOR,SYS,0,0,14,93
2026-05-21T03:18:55,SENSOR,SYS,0,0,14,93
2026-05-21T03:19:09,SYSTEM,SYS,0,0,7,102
2026-05-21T03:19:09,SYSTEM,SYS,0,0,8,8153
2026-05-21T03:19:09,SYSTEM,SYS,0,0,12,31
2026-05-21T03:19:18,SYSTEM,WEB,0,0,1,0
2026-05-21T03:19:26,SENSOR,SYS,0,0,14,93
2026-05-21T03:19:56,SENSOR,SYS,0,0,14,94
2026-05-21T03:20:09,SYSTEM,SYS,0,0,7,103
2026-05-21T03:20:09,SYSTEM,SYS,0,0,8,8153
2026-05-21T03:20:09,SYSTEM,SYS,0,0,12,31
2026-05-21T03:20:26,SENSOR,SYS,0,0,14,94
2026-05-21T03:20:56,SENSOR,SYS,0,0,14,94
2026-05-21T03:21:09,SYSTEM,SYS,0,0,7,103
2026-05-21T03:21:09,SYSTEM,SYS,0,0,8,8153
2026-05-21T03:21:09,SYSTEM,SYS,0,0,12,31
2026-05-21T03:21:19,SYSTEM,WEB,0,0,1,0
2026-05-21T03:21:27,SENSOR,SYS,0,0,14,94
2026-05-21T03:21:57,SENSOR,SYS,0,0,14,94
2026-05-21T03:22:10,SYSTEM,SYS,0,0,7,103
2026-05-21T03:22:10,SYSTEM,SYS,0,0,8,8153
2026-05-21T03:22:10,SYSTEM,SYS,0,0,12,31
2026-05-21T03:22:28,SENSOR,SYS,0,0,14,94
2026-05-21T03:22:58,SENSOR,SYS,0,0,14,94
2026-05-21T03:23:09,SYSTEM,SYS,0,0,7,103
2026-05-21T03:23:09,SYSTEM,SYS,0,0,8,8153
2026-05-21T03:23:09,SYSTEM,SYS,0,0,12,31
2026-05-21T03:23:19,SYSTEM,WEB,0,0,1,0
2026-05-21T03:23:28,SENSOR,SYS,0,0,14,94
2026-05-21T03:23:58,SENSOR,SYS,0,0,14,94
2026-05-21T03:24:09,SYSTEM,SYS,0,0,7,103
2026-05-21T03:24:09,SYSTEM,SYS,0,0,8,8153
2026-05-21T03:24:09,SYSTEM,SYS,0,0,12,31
2026-05-21T03:24:29,SENSOR,SYS,0,0,14,94
2026-05-21T03:24:59,SENSOR,SYS,0,0,14,95
2026-05-21T03:25:10,SYSTEM,SYS,0,0,7,103
2026-05-21T03:25:10,SYSTEM,SYS,0,0,8,8153
2026-05-21T03:25:10,SYSTEM,SYS,0,0,12,31
2026-05-21T03:25:21,SYSTEM,WEB,0,0,1,0
2026-05-21T03:25:30,SENSOR,SYS,0,0,14,95
2026-05-21T03:26:00,SENSOR,SYS,0,0,14,95
2026-05-21T03:26:09,SYSTEM,SYS,0,0,7,103
2026-05-21T03:26:09,SYSTEM,SYS,0,0,8,8153
2026-05-21T03:26:09,SYSTEM,SYS,0,0,12,31
2026-05-21T03:26:30,SENSOR,SYS,0,0,14,95
2026-05-21T03:27:00,SENSOR,SYS,0,0,14,95
2026-05-21T03:27:09,SYSTEM,SYS,0,0,7,103
2026-05-21T03:27:09,SYSTEM,SYS,0,0,8,8153
2026-05-21T03:27:09,SYSTEM,SYS,0,0,12,31
2026-05-21T03:27:22,SYSTEM,WEB,0,0,1,0
2026-05-21T03:27:31,SENSOR,SYS,0,0,14,95
2026-05-21T03:28:01,SENSOR,SYS,0,0,14,95
2026-05-21T03:28:09,SYSTEM,SYS,0,0,7,103
2026-05-21T03:28:09,SYSTEM,SYS,0,0,8,8153
2026-05-21T03:28:09,SYSTEM,SYS,0,0,12,31
2026-05-21T03:28:31,SENSOR,SYS,0,0,14,95
2026-05-21T03:29:02,SENSOR,SYS,0,0,14,95
2026-05-21T03:29:09,SYSTEM,SYS,0,0,7,102
2026-05-21T03:29:09,SYSTEM,SYS,0,0,8,8153
2026-05-21T03:29:09,SYSTEM,SYS,0,0,12,31
2026-05-21T03:29:21,SYSTEM,WEB,0,0,1,0
2026-05-21T03:29:32,SENSOR,SYS,0,0,14,95
2026-05-21T03:30:02,SENSOR,SYS,0,0,14,95
2026-05-21T03:30:09,SYSTEM,SYS,0,0,7,103
2026-05-21T03:30:09,SYSTEM,SYS,0,0,8,8153
2026-05-21T03:30:09,SYSTEM,SYS,0,0,12,31
2026-05-21T03:30:32,SENSOR,SYS,0,0,14,95
2026-05-21T03:31:03,SENSOR,SYS,0,0,14,95
2026-05-21T03:31:09,SYSTEM,SYS,0,0,7,102
2026-05-21T03:31:09,SYSTEM,SYS,0,0,8,8153
2026-05-21T03:31:09,SYSTEM,SYS,0,0,12,31
2026-05-21T03:31:22,SYSTEM,WEB,0,0,1,0
2026-05-21T03:31:33,SENSOR,SYS,0,0,14,95
2026-05-21T03:32:04,SENSOR,SYS,0,0,14,95
2026-05-21T03:32:10,SYSTEM,SYS,0,0,7,103
2026-05-21T03:32:10,SYSTEM,SYS,0,0,8,8153
2026-05-21T03:32:10,SYSTEM,SYS,0,0,12,31
2026-05-21T03:32:34,SENSOR,SYS,0,0,14,94
2026-05-21T03:33:04,SENSOR,SYS,0,0,14,94
2026-05-21T03:33:09,SYSTEM,SYS,0,0,7,102
2026-05-21T03:33:09,SYSTEM,SYS,0,0,8,8153
2026-05-21T03:33:09,SYSTEM,SYS,0,0,12,31
2026-05-21T03:33:23,SYSTEM,WEB,0,0,1,0
2026-05-21T03:33:34,SENSOR,SYS,0,0,14,94
2026-05-21T03:34:05,SENSOR,SYS,0,0,14,94
2026-05-21T03:34:09,SYSTEM,SYS,0,0,7,102
2026-05-21T03:34:09,SYSTEM,SYS,0,0,8,8153
2026-05-21T03:34:09,SYSTEM,SYS,0,0,12,31
2026-05-21T03:34:35,SENSOR,SYS,0,0,14,94
2026-05-21T03:35:05,SENSOR,SYS,0,0,14,94
2026-05-21T03:35:09,SYSTEM,SYS,0,0,7,102
2026-05-21T03:35:09,SYSTEM,SYS,0,0,8,8153
2026-05-21T03:35:09,SYSTEM,SYS,0,0,12,31
2026-05-21T03:35:23,SYSTEM,WEB,0,0,1,0
2026-05-21T03:35:35,SENSOR,SYS,0,0,14,94
2026-05-21T03:36:06,SENSOR,SYS,0,0,14,94
2026-05-21T03:36:09,SYSTEM,SYS,0,0,7,103
2026-05-21T03:36:09,SYSTEM,SYS,0,0,8,8153
2026-05-21T03:36:09,SYSTEM,SYS,0,0,12,31
2026-05-21T03:36:36,SENSOR,SYS,0,0,14,94
2026-05-21T03:37:07,SENSOR,SYS,0,0,14,94
2026-05-21T03:37:09,SYSTEM,SYS,0,0,7,102
2026-05-21T03:37:09,SYSTEM,SYS,0,0,8,8153
2026-05-21T03:37:09,SYSTEM,SYS,0,0,12,31
2026-05-21T03:37:25,SYSTEM,WEB,0,0,1,0
2026-05-21T03:37:37,SENSOR,SYS,0,0,14,93
2026-05-21T03:38:07,SENSOR,SYS,0,0,14,93
2026-05-21T03:38:09,SYSTEM,SYS,0,0,7,103
2026-05-21T03:38:09,SYSTEM,SYS,0,0,8,8153
2026-05-21T03:38:09,SYSTEM,SYS,0,0,12,31
2026-05-21T03:38:37,SENSOR,SYS,0,0,14,93
2026-05-21T03:39:08,SENSOR,SYS,0,0,14,93
2026-05-21T03:39:09,SYSTEM,SYS,0,0,7,103
2026-05-21T03:39:09,SYSTEM,SYS,0,0,8,8153
2026-05-21T03:39:09,SYSTEM,SYS,0,0,12,31
2026-05-21T03:39:25,SYSTEM,WEB,0,0,1,0
2026-05-21T03:39:38,SENSOR,SYS,0,0,14,94
2026-05-21T03:40:09,SENSOR,SYS,0,0,14,94
2026-05-21T03:40:10,SYSTEM,SYS,0,0,7,102
2026-05-21T03:40:10,SYSTEM,SYS,0,0,8,8153
2026-05-21T03:40:10,SYSTEM,SYS,0,0,12,31
2026-05-21T03:40:39,SENSOR,SYS,0,0,14,94
2026-05-21T03:41:09,SENSOR,SYS,0,0,14,94
2026-05-21T03:41:09,SYSTEM,SYS,0,0,7,102
2026-05-21T03:41:09,SYSTEM,SYS,0,0,8,8153
2026-05-21T03:41:09,SYSTEM,SYS,0,0,12,31
2026-05-21T03:41:25,SYSTEM,WEB,0,0,1,0
2026-05-21T03:41:39,SENSOR,SYS,0,0,14,94
2026-05-21T03:42:09,SYSTEM,SYS,0,0,7,103
2026-05-21T03:42:09,SYSTEM,SYS,0,0,8,8153
2026-05-21T03:42:09,SYSTEM,SYS,0,0,12,31
2026-05-21T03:42:10,SENSOR,SYS,0,0,14,94
2026-05-21T03:42:40,SENSOR,SYS,0,0,14,94
2026-05-21T03:43:09,SYSTEM,SYS,0,0,7,102
2026-05-21T03:43:09,SYSTEM,SYS,0,0,8,8153
2026-05-21T03:43:09,SYSTEM,SYS,0,0,12,31
2026-05-21T03:43:10,SENSOR,SYS,0,0,14,94
2026-05-21T03:43:25,SYSTEM,WEB,0,0,1,0
2026-05-21T03:43:41,SENSOR,SYS,0,0,14,94
2026-05-21T03:44:09,SYSTEM,SYS,0,0,7,103
2026-05-21T03:44:09,SYSTEM,SYS,0,0,8,8153
2026-05-21T03:44:09,SYSTEM,SYS,0,0,12,31
2026-05-21T03:44:11,SENSOR,SYS,0,0,14,95
2026-05-21T03:44:41,SENSOR,SYS,0,0,14,95
2026-05-21T03:45:09,SYSTEM,SYS,0,0,7,103
2026-05-21T03:45:09,SYSTEM,SYS,0,0,8,8153
2026-05-21T03:45:09,SYSTEM,SYS,0,0,12,31
2026-05-21T03:45:11,SENSOR,SYS,0,0,14,95
2026-05-21T03:45:25,SYSTEM,WEB,0,0,1,0
2026-05-21T03:45:42,SENSOR,SYS,0,0,14,95
2026-05-21T03:46:09,SYSTEM,SYS,0,0,7,103
2026-05-21T03:46:09,SYSTEM,SYS,0,0,8,8153
2026-05-21T03:46:09,SYSTEM,SYS,0,0,12,31
2026-05-21T03:46:12,SENSOR,SYS,0,0,14,95
2026-05-21T03:46:43,SENSOR,SYS,0,0,14,95
2026-05-21T03:47:09,SYSTEM,SYS,0,0,7,103
2026-05-21T03:47:10,SYSTEM,SYS,0,0,8,8153
2026-05-21T03:47:10,SYSTEM,SYS,0,0,12,31
2026-05-21T03:47:13,SENSOR,SYS,0,0,14,95
2026-05-21T03:47:27,SYSTEM,WEB,0,0,1,0
2026-05-21T03:47:43,SENSOR,SYS,0,0,14,95
2026-05-21T03:48:09,SYSTEM,SYS,0,0,7,103
2026-05-21T03:48:09,SYSTEM,SYS,0,0,8,8153
2026-05-21T03:48:09,SYSTEM,SYS,0,0,12,31
2026-05-21T03:48:13,SENSOR,SYS,0,0,14,95
2026-05-21T03:48:44,SENSOR,SYS,0,0,14,95
2026-05-21T03:49:09,SYSTEM,SYS,0,0,7,102
2026-05-21T03:49:09,SYSTEM,SYS,0,0,8,8153
2026-05-21T03:49:09,SYSTEM,SYS,0,0,12,31
2026-05-21T03:49:14,SENSOR,SYS,0,0,14,96
2026-05-21T03:49:27,SYSTEM,WEB,0,0,1,0
2026-05-21T03:49:45,SENSOR,SYS,0,0,14,96
2026-05-21T03:50:10,SYSTEM,SYS,0,0,7,102
2026-05-21T03:50:10,SYSTEM,SYS,0,0,8,8153
2026-05-21T03:50:10,SYSTEM,SYS,0,0,12,31
2026-05-21T03:50:15,SENSOR,SYS,0,0,14,96
2026-05-21T03:50:45,SENSOR,SYS,0,0,14,96
2026-05-21T03:51:09,SYSTEM,SYS,0,0,7,102
2026-05-21T03:51:09,SYSTEM,SYS,0,0,8,8153
2026-05-21T03:51:09,SYSTEM,SYS,0,0,12,31
2026-05-21T03:51:15,SENSOR,SYS,0,0,14,96
2026-05-21T03:51:27,SYSTEM,WEB,0,0,1,0
2026-05-21T03:51:46,SENSOR,SYS,0,0,14,96
2026-05-21T03:52:09,SYSTEM,SYS,0,0,7,103
2026-05-21T03:52:09,SYSTEM,SYS,0,0,8,8153
2026-05-21T03:52:09,SYSTEM,SYS,0,0,12,31
2026-05-21T03:52:16,SENSOR,SYS,0,0,14,96
2026-05-21T03:52:46,SENSOR,SYS,0,0,14,96
2026-05-21T03:53:09,SYSTEM,SYS,0,0,7,103
2026-05-21T03:53:09,SYSTEM,SYS,0,0,8,8153
2026-05-21T03:53:09,SYSTEM,SYS,0,0,12,31
2026-05-21T03:53:16,SENSOR,SYS,0,0,14,96
2026-05-21T03:53:28,SYSTEM,WEB,0,0,1,0
2026-05-21T03:53:47,SENSOR,SYS,0,0,14,96
2026-05-21T03:54:09,SYSTEM,SYS,0,0,7,103
2026-05-21T03:54:09,SYSTEM,SYS,0,0,8,8153
2026-05-21T03:54:09,SYSTEM,SYS,0,0,12,31
2026-05-21T03:54:17,SENSOR,SYS,0,0,14,96
2026-05-21T03:54:48,SENSOR,SYS,0,0,14,96
2026-05-21T03:55:10,SYSTEM,SYS,0,0,7,103
2026-05-21T03:55:10,SYSTEM,SYS,0,0,8,8153
2026-05-21T03:55:10,SYSTEM,SYS,0,0,12,31
2026-05-21T03:55:18,SENSOR,SYS,0,0,14,96
2026-05-21T03:55:28,SYSTEM,WEB,0,0,1,0
2026-05-21T03:55:48,SENSOR,SYS,0,0,14,96
2026-05-21T03:56:09,SYSTEM,SYS,0,0,7,103
2026-05-21T03:56:09,SYSTEM,SYS,0,0,8,8153
2026-05-21T03:56:09,SYSTEM,SYS,0,0,12,31
2026-05-21T03:56:18,SENSOR,SYS,0,0,14,96
2026-05-21T03:56:49,SENSOR,SYS,0,0,14,96
2026-05-21T03:57:09,SYSTEM,SYS,0,0,7,103
2026-05-21T03:57:09,SYSTEM,SYS,0,0,8,8153
2026-05-21T03:57:09,SYSTEM,SYS,0,0,12,31
2026-05-21T03:57:19,SENSOR,SYS,0,0,14,96
2026-05-21T03:57:30,SYSTEM,WEB,0,0,1,0
2026-05-21T03:57:50,SENSOR,SYS,0,0,14,96
2026-05-21T03:58:10,SYSTEM,SYS,0,0,7,103
2026-05-21T03:58:10,SYSTEM,SYS,0,0,8,8153
2026-05-21T03:58:10,SYSTEM,SYS,0,0,12,31
2026-05-21T03:58:20,SENSOR,SYS,0,0,14,96
2026-05-21T03:58:50,SENSOR,SYS,0,0,14,96
2026-05-21T03:59:09,SYSTEM,SYS,0,0,7,103
2026-05-21T03:59:09,SYSTEM,SYS,0,0,8,8153
2026-05-21T03:59:09,SYSTEM,SYS,0,0,12,31
2026-05-21T03:59:20,SENSOR,SYS,0,0,14,96
2026-05-21T03:59:30,SYSTEM,WEB,0,0,1,0
2026-05-21T03:59:50,SENSOR,SYS,0,0,14,96
2026-05-21T04:00:09,SYSTEM,SYS,0,0,7,103
2026-05-21T04:00:09,SYSTEM,SYS,0,0,8,8153
2026-05-21T04:00:09,SYSTEM,SYS,0,0,12,31
2026-05-21T04:00:21,SENSOR,SYS,0,0,14,96
2026-05-21T04:00:51,SENSOR,SYS,0,0,14,96
2026-05-21T04:01:09,SYSTEM,SYS,0,0,7,103
2026-05-21T04:01:09,SYSTEM,SYS,0,0,8,8153
2026-05-21T04:01:09,SYSTEM,SYS,0,0,12,31
2026-05-21T04:01:22,SENSOR,SYS,0,0,14,96
2026-05-21T04:01:31,SYSTEM,WEB,0,0,1,0
2026-05-21T04:01:52,SENSOR,SYS,0,0,14,96
2026-05-21T04:02:09,SYSTEM,SYS,0,0,7,103
2026-05-21T04:02:09,SYSTEM,SYS,0,0,8,8153
2026-05-21T04:02:09,SYSTEM,SYS,0,0,12,31
2026-05-21T04:02:22,SENSOR,SYS,0,0,14,96
2026-05-21T04:02:52,SENSOR,SYS,0,0,14,96
2026-05-21T04:03:09,SYSTEM,SYS,0,0,7,103
2026-05-21T04:03:09,SYSTEM,SYS,0,0,8,8153
2026-05-21T04:03:09,SYSTEM,SYS,0,0,12,31
2026-05-21T04:03:23,SENSOR,SYS,0,0,14,96
2026-05-21T04:03:32,SYSTEM,WEB,0,0,1,0
2026-05-21T04:03:53,SENSOR,SYS,0,0,14,96
2026-05-21T04:04:09,SYSTEM,SYS,0,0,7,103
2026-05-21T04:04:09,SYSTEM,SYS,0,0,8,8153
2026-05-21T04:04:09,SYSTEM,SYS,0,0,12,31
2026-05-21T04:04:24,SENSOR,SYS,0,0,14,96
2026-05-21T04:04:54,SENSOR,SYS,0,0,14,96
2026-05-21T04:05:10,SYSTEM,SYS,0,0,7,103
2026-05-21T04:05:10,SYSTEM,SYS,0,0,8,8153
2026-05-21T04:05:10,SYSTEM,SYS,0,0,12,31
2026-05-21T04:05:24,SENSOR,SYS,0,0,14,96
2026-05-21T04:05:32,SYSTEM,WEB,0,0,1,0
2026-05-21T04:05:54,SENSOR,SYS,0,0,14,96
2026-05-21T04:06:09,SYSTEM,SYS,0,0,7,102
2026-05-21T04:06:09,SYSTEM,SYS,0,0,8,8153
2026-05-21T04:06:09,SYSTEM,SYS,0,0,12,31
2026-05-21T04:06:25,SENSOR,SYS,0,0,14,96
2026-05-21T04:06:55,SENSOR,SYS,0,0,14,96
2026-05-21T04:07:09,SYSTEM,SYS,0,0,7,102
2026-05-21T04:07:09,SYSTEM,SYS,0,0,8,8153
2026-05-21T04:07:09,SYSTEM,SYS,0,0,12,31
2026-05-21T04:07:25,SENSOR,SYS,0,0,14,96
2026-05-21T04:07:33,SYSTEM,WEB,0,0,1,0
2026-05-21T04:07:55,SENSOR,SYS,0,0,14,95
2026-05-21T04:08:09,SYSTEM,SYS,0,0,7,103
2026-05-21T04:08:09,SYSTEM,SYS,0,0,8,8153
2026-05-21T04:08:09,SYSTEM,SYS,0,0,12,31
2026-05-21T04:08:26,SENSOR,SYS,0,0,14,95
2026-05-21T04:08:56,SENSOR,SYS,0,0,14,95
2026-05-21T04:09:09,SYSTEM,SYS,0,0,7,103
2026-05-21T04:09:09,SYSTEM,SYS,0,0,8,8153
2026-05-21T04:09:09,SYSTEM,SYS,0,0,12,31
2026-05-21T04:09:27,SENSOR,SYS,0,0,14,95
2026-05-21T04:09:35,SYSTEM,WEB,0,0,1,0
2026-05-21T04:09:57,SENSOR,SYS,0,0,14,95
2026-05-21T04:10:09,SYSTEM,SYS,0,0,7,103
2026-05-21T04:10:09,SYSTEM,SYS,0,0,8,8153
2026-05-21T04:10:09,SYSTEM,SYS,0,0,12,31
2026-05-21T04:10:27,SENSOR,SYS,0,0,14,95
2026-05-21T04:10:57,SENSOR,SYS,0,0,14,95
2026-05-21T04:11:09,SYSTEM,SYS,0,0,7,103
2026-05-21T04:11:09,SYSTEM,SYS,0,0,8,8153
2026-05-21T04:11:09,SYSTEM,SYS,0,0,12,31
2026-05-21T04:11:28,SENSOR,SYS,0,0,14,95
2026-05-21T04:11:35,SYSTEM,WEB,0,0,1,0
2026-05-21T04:11:58,SENSOR,SYS,0,0,14,95
2026-05-21T04:12:10,SYSTEM,SYS,0,0,7,103
2026-05-21T04:12:10,SYSTEM,SYS,0,0,8,8153
2026-05-21T04:12:10,SYSTEM,SYS,0,0,12,31
2026-05-21T04:12:29,SENSOR,SYS,0,0,14,94
2026-05-21T04:12:59,SENSOR,SYS,0,0,14,94
2026-05-21T04:13:09,SYSTEM,SYS,0,0,7,103
2026-05-21T04:13:09,SYSTEM,SYS,0,0,8,8153
2026-05-21T04:13:09,SYSTEM,SYS,0,0,12,31
2026-05-21T04:13:29,SENSOR,SYS,0,0,14,94
2026-05-21T04:13:36,SYSTEM,WEB,0,0,1,0
2026-05-21T04:14:00,SENSOR,SYS,0,0,14,94
2026-05-21T04:14:10,SYSTEM,SYS,0,0,7,103
2026-05-21T04:14:10,SYSTEM,SYS,0,0,8,8153
2026-05-21T04:14:10,SYSTEM,SYS,0,0,12,31
2026-05-21T04:14:30,SENSOR,SYS,0,0,14,94
2026-05-21T04:15:00,SENSOR,SYS,0,0,14,94
2026-05-21T04:15:09,SYSTEM,SYS,0,0,7,103
2026-05-21T04:15:09,SYSTEM,SYS,0,0,8,8153
2026-05-21T04:15:09,SYSTEM,SYS,0,0,12,31
2026-05-21T04:15:30,SENSOR,SYS,0,0,14,94
2026-05-21T04:15:36,SYSTEM,WEB,0,0,1,0
2026-05-21T04:16:01,SENSOR,SYS,0,0,14,94
2026-05-21T04:16:09,SYSTEM,SYS,0,0,7,103
2026-05-21T04:16:09,SYSTEM,SYS,0,0,8,8153
2026-05-21T04:16:09,SYSTEM,SYS,0,0,12,31
2026-05-21T04:16:31,SENSOR,SYS,0,0,14,94
2026-05-21T04:17:01,SENSOR,SYS,0,0,14,93
2026-05-21T04:17:09,SYSTEM,SYS,0,0,7,103
2026-05-21T04:17:09,SYSTEM,SYS,0,0,8,8153
2026-05-21T04:17:09,SYSTEM,SYS,0,0,12,31
2026-05-21T04:17:31,SENSOR,SYS,0,0,14,93
2026-05-21T04:17:37,SYSTEM,WEB,0,0,1,0
2026-05-21T04:18:02,SENSOR,SYS,0,0,14,93
2026-05-21T04:18:09,SYSTEM,SYS,0,0,7,103
2026-05-21T04:18:09,SYSTEM,SYS,0,0,8,8153
2026-05-21T04:18:09,SYSTEM,SYS,0,0,12,31
2026-05-21T04:18:32,SENSOR,SYS,0,0,14,93
2026-05-21T04:19:03,SENSOR,SYS,0,0,14,93
2026-05-21T04:19:10,SYSTEM,SYS,0,0,7,103
2026-05-21T04:19:10,SYSTEM,SYS,0,0,8,8153
2026-05-21T04:19:10,SYSTEM,SYS,0,0,12,31
2026-05-21T04:19:33,SENSOR,SYS,0,0,14,93
2026-05-21T04:19:39,SYSTEM,WEB,0,0,1,0
2026-05-21T04:20:03,SENSOR,SYS,0,0,14,93
2026-05-21T04:20:09,SYSTEM,SYS,0,0,7,103
2026-05-21T04:20:09,SYSTEM,SYS,0,0,8,8153
2026-05-21T04:20:09,SYSTEM,SYS,0,0,12,31
2026-05-21T04:20:33,SENSOR,SYS,0,0,14,93
2026-05-21T04:21:04,SENSOR,SYS,0,0,14,94
2026-05-21T04:21:09,SYSTEM,SYS,0,0,7,103
2026-05-21T04:21:09,SYSTEM,SYS,0,0,8,8153
2026-05-21T04:21:09,SYSTEM,SYS,0,0,12,31
2026-05-21T04:21:34,SENSOR,SYS,0,0,14,94
2026-05-21T04:21:39,SYSTEM,WEB,0,0,1,0
2026-05-21T04:22:05,SENSOR,SYS,0,0,14,94
2026-05-21T04:22:10,SYSTEM,SYS,0,0,7,103
2026-05-21T04:22:10,SYSTEM,SYS,0,0,8,8153
2026-05-21T04:22:10,SYSTEM,SYS,0,0,12,31
2026-05-21T04:22:35,SENSOR,SYS,0,0,14,94
2026-05-21T04:23:05,SENSOR,SYS,0,0,14,94
2026-05-21T04:23:09,SYSTEM,SYS,0,0,7,102
2026-05-21T04:23:09,SYSTEM,SYS,0,0,8,8153
2026-05-21T04:23:09,SYSTEM,SYS,0,0,12,31
2026-05-21T04:23:35,SENSOR,SYS,0,0,14,94
2026-05-21T04:23:40,SYSTEM,WEB,0,0,1,0
2026-05-21T04:24:06,SENSOR,SYS,0,0,13,94
2026-05-21T04:24:09,SYSTEM,SYS,0,0,7,103
2026-05-21T04:24:09,SYSTEM,SYS,0,0,8,8153
2026-05-21T04:24:09,SYSTEM,SYS,0,0,12,31
2026-05-21T04:24:36,SENSOR,SYS,0,0,13,94
2026-05-21T04:25:06,SENSOR,SYS,0,0,13,94
2026-05-21T04:25:09,SYSTEM,SYS,0,0,7,103
2026-05-21T04:25:09,SYSTEM,SYS,0,0,8,8153
2026-05-21T04:25:09,SYSTEM,SYS,0,0,12,31
2026-05-21T04:25:36,SENSOR,SYS,0,0,13,94
2026-05-21T04:25:40,SYSTEM,WEB,0,0,1,0
2026-05-21T04:26:07,SENSOR,SYS,0,0,13,95
2026-05-21T04:26:09,SYSTEM,SYS,0,0,7,103
2026-05-21T04:26:09,SYSTEM,SYS,0,0,8,8153
2026-05-21T04:26:09,SYSTEM,SYS,0,0,12,31
2026-05-21T04:26:37,SENSOR,SYS,0,0,13,95
2026-05-21T04:27:08,SENSOR,SYS,0,0,13,95
2026-05-21T04:27:10,SYSTEM,SYS,0,0,7,103
2026-05-21T04:27:10,SYSTEM,SYS,0,0,8,8153
2026-05-21T04:27:10,SYSTEM,SYS,0,0,12,31
2026-05-21T04:27:38,SENSOR,SYS,0,0,13,95
2026-05-21T04:27:41,SYSTEM,WEB,0,0,1,0
2026-05-21T04:28:08,SENSOR,SYS,0,0,13,95
2026-05-21T04:28:09,SYSTEM,SYS,0,0,7,103
2026-05-21T04:28:09,SYSTEM,SYS,0,0,8,8153
2026-05-21T04:28:09,SYSTEM,SYS,0,0,12,31
2026-05-21T04:28:39,SENSOR,SYS,0,0,13,95
2026-05-21T04:29:09,SENSOR,SYS,0,0,13,95
2026-05-21T04:29:10,SYSTEM,SYS,0,0,7,103
2026-05-21T04:29:10,SYSTEM,SYS,0,0,8,8153
2026-05-21T04:29:10,SYSTEM,SYS,0,0,12,31
2026-05-21T04:29:39,SENSOR,SYS,0,0,13,95
2026-05-21T04:29:41,SYSTEM,WEB,0,0,1,0
2026-05-21T04:30:09,SYSTEM,SYS,0,0,7,103
2026-05-21T04:30:09,SYSTEM,SYS,0,0,8,8153
2026-05-21T04:30:09,SYSTEM,SYS,0,0,12,31
2026-05-21T04:30:09,SENSOR,SYS,0,0,13,95
2026-05-21T04:30:40,SENSOR,SYS,0,0,13,95
2026-05-21T04:31:09,SYSTEM,SYS,0,0,7,103
2026-05-21T04:31:09,SYSTEM,SYS,0,0,8,8153
2026-05-21T04:31:09,SYSTEM,SYS,0,0,12,31
2026-05-21T04:31:10,SENSOR,SYS,0,0,13,94
2026-05-21T04:31:41,SENSOR,SYS,0,0,13,94
2026-05-21T04:31:43,SYSTEM,WEB,0,0,1,0
2026-05-21T04:32:10,SYSTEM,SYS,0,0,7,103
2026-05-21T04:32:10,SYSTEM,SYS,0,0,8,8153
2026-05-21T04:32:10,SYSTEM,SYS,0,0,12,31
2026-05-21T04:32:11,SENSOR,SYS,0,0,13,94
2026-05-21T04:32:41,SENSOR,SYS,0,0,13,94
2026-05-21T04:33:09,SYSTEM,SYS,0,0,7,103
2026-05-21T04:33:09,SYSTEM,SYS,0,0,8,8153
2026-05-21T04:33:09,SYSTEM,SYS,0,0,12,31
2026-05-21T04:33:11,SENSOR,SYS,0,0,13,94
2026-05-21T04:33:42,SENSOR,SYS,0,0,13,94
2026-05-21T04:33:44,SYSTEM,WEB,0,0,1,0
2026-05-21T04:34:09,SYSTEM,SYS,0,0,7,103
2026-05-21T04:34:09,SYSTEM,SYS,0,0,8,8153
2026-05-21T04:34:09,SYSTEM,SYS,0,0,12,31
2026-05-21T04:34:12,SENSOR,SYS,0,0,13,94
2026-05-21T04:34:42,SENSOR,SYS,0,0,13,94
2026-05-21T04:35:09,SYSTEM,SYS,0,0,7,103
2026-05-21T04:35:09,SYSTEM,SYS,0,0,8,8153
2026-05-21T04:35:09,SYSTEM,SYS,0,0,12,31
2026-05-21T04:35:12,SENSOR,SYS,0,0,13,94
2026-05-21T04:35:43,SENSOR,SYS,0,0,13,94
2026-05-21T04:35:44,SYSTEM,WEB,0,0,1,0
2026-05-21T04:36:09,SYSTEM,SYS,0,0,7,103
2026-05-21T04:36:09,SYSTEM,SYS,0,0,8,8153
2026-05-21T04:36:09,SYSTEM,SYS,0,0,12,31
2026-05-21T04:36:13,SENSOR,SYS,0,0,13,93
2026-05-21T04:36:44,SENSOR,SYS,0,0,13,93
2026-05-21T04:37:10,SYSTEM,SYS,0,0,7,102
2026-05-21T04:37:10,SYSTEM,SYS,0,0,8,8153
2026-05-21T04:37:10,SYSTEM,SYS,0,0,12,31
2026-05-21T04:37:14,SENSOR,SYS,0,0,13,93
2026-05-21T04:37:44,SENSOR,SYS,0,0,13,93
2026-05-21T04:37:45,SYSTEM,WEB,0,0,1,0
2026-05-21T04:38:09,SYSTEM,SYS,0,0,7,103
2026-05-21T04:38:09,SYSTEM,SYS,0,0,8,8153
2026-05-21T04:38:09,SYSTEM,SYS,0,0,12,31
2026-05-21T04:38:14,SENSOR,SYS,0,0,13,93
2026-05-21T04:38:45,SENSOR,SYS,0,0,13,93
2026-05-21T04:39:09,SYSTEM,SYS,0,0,7,102
2026-05-21T04:39:09,SYSTEM,SYS,0,0,8,8153
2026-05-21T04:39:09,SYSTEM,SYS,0,0,12,31
2026-05-21T04:39:15,SENSOR,SYS,0,0,13,93
2026-05-21T04:39:46,SENSOR,SYS,0,0,13,93
2026-05-21T04:39:46,SYSTEM,WEB,0,0,1,0
2026-05-21T04:40:10,SYSTEM,SYS,0,0,7,103
2026-05-21T04:40:10,SYSTEM,SYS,0,0,8,8153
2026-05-21T04:40:10,SYSTEM,SYS,0,0,12,31
2026-05-21T04:40:16,SENSOR,SYS,0,0,13,93
2026-05-21T04:40:46,SENSOR,SYS,0,0,13,94
2026-05-21T04:41:09,SYSTEM,SYS,0,0,7,103
2026-05-21T04:41:09,SYSTEM,SYS,0,0,8,8153
2026-05-21T04:41:09,SYSTEM,SYS,0,0,12,31
2026-05-21T04:41:16,SENSOR,SYS,0,0,13,94
2026-05-21T04:41:47,SYSTEM,WEB,0,0,1,0
2026-05-21T04:41:47,SENSOR,SYS,0,0,13,94
2026-05-21T04:42:09,SYSTEM,SYS,0,0,7,103
2026-05-21T04:42:09,SYSTEM,SYS,0,0,8,8153
2026-05-21T04:42:09,SYSTEM,SYS,0,0,12,31
2026-05-21T04:42:17,SENSOR,SYS,0,0,13,94
2026-05-21T04:42:47,SENSOR,SYS,0,0,13,94
2026-05-21T04:43:09,SYSTEM,SYS,0,0,7,103
2026-05-21T04:43:09,SYSTEM,SYS,0,0,8,8153
2026-05-21T04:43:09,SYSTEM,SYS,0,0,12,31
2026-05-21T04:43:17,SENSOR,SYS,0,0,13,94
2026-05-21T04:43:47,SYSTEM,WEB,0,0,1,0
2026-05-21T04:43:48,SENSOR,SYS,0,0,13,94
2026-05-21T04:44:09,SYSTEM,SYS,0,0,7,103
2026-05-21T04:44:09,SYSTEM,SYS,0,0,8,8153
2026-05-21T04:44:09,SYSTEM,SYS,0,0,12,31
2026-05-21T04:44:18,SENSOR,SYS,0,0,13,94
2026-05-21T04:44:48,SENSOR,SYS,0,0,13,95
2026-05-21T04:45:09,SYSTEM,SYS,0,0,7,103
2026-05-21T04:45:09,SYSTEM,SYS,0,0,8,8153
2026-05-21T04:45:09,SYSTEM,SYS,0,0,12,31
2026-05-21T04:45:19,SENSOR,SYS,0,0,13,95
2026-05-21T04:45:48,SYSTEM,WEB,0,0,1,0
2026-05-21T04:45:49,SENSOR,SYS,0,0,13,95
2026-05-21T04:46:09,SYSTEM,SYS,0,0,7,103
2026-05-21T04:46:09,SYSTEM,SYS,0,0,8,8153
2026-05-21T04:46:09,SYSTEM,SYS,0,0,12,31
2026-05-21T04:46:20,SENSOR,SYS,0,0,13,95
2026-05-21T04:46:50,SENSOR,SYS,0,0,13,95
2026-05-21T04:47:10,SYSTEM,SYS,0,0,7,103
2026-05-21T04:47:10,SYSTEM,SYS,0,0,8,8153
2026-05-21T04:47:10,SYSTEM,SYS,0,0,12,31
2026-05-21T04:47:20,SENSOR,SYS,0,0,13,95
2026-05-21T04:47:49,SYSTEM,WEB,0,0,1,0
2026-05-21T04:47:50,SENSOR,SYS,0,0,13,95
2026-05-21T04:48:09,SYSTEM,SYS,0,0,7,103
2026-05-21T04:48:09,SYSTEM,SYS,0,0,8,8153
2026-05-21T04:48:09,SYSTEM,SYS,0,0,12,31
2026-05-21T04:48:21,SENSOR,SYS,0,0,13,95
2026-05-21T04:48:51,SENSOR,SYS,0,0,13,95
2026-05-21T04:49:09,SYSTEM,SYS,0,0,7,103
2026-05-21T04:49:09,SYSTEM,SYS,0,0,8,8153
2026-05-21T04:49:09,SYSTEM,SYS,0,0,12,31
2026-05-21T04:49:21,SENSOR,SYS,0,0,13,96
2026-05-21T04:49:49,SYSTEM,WEB,0,0,1,0
2026-05-21T04:49:51,SENSOR,SYS,0,0,13,95
2026-05-21T04:50:09,SYSTEM,SYS,0,0,7,103
2026-05-21T04:50:09,SYSTEM,SYS,0,0,8,8153
2026-05-21T04:50:09,SYSTEM,SYS,0,0,12,31
2026-05-21T04:50:22,SENSOR,SYS,0,0,13,95
2026-05-21T04:50:52,SENSOR,SYS,0,0,13,95
2026-05-21T04:51:10,SYSTEM,SYS,0,0,7,103
2026-05-21T04:51:10,SYSTEM,SYS,0,0,8,8153
2026-05-21T04:51:10,SYSTEM,SYS,0,0,12,31
2026-05-21T04:51:23,SENSOR,SYS,0,0,13,95
2026-05-21T04:51:51,SYSTEM,WEB,0,0,1,0
2026-05-21T04:51:53,SENSOR,SYS,0,0,13,95
2026-05-21T04:52:09,SYSTEM,SYS,0,0,7,103
2026-05-21T04:52:09,SYSTEM,SYS,0,0,8,8153
2026-05-21T04:52:09,SYSTEM,SYS,0,0,12,31
2026-05-21T04:52:23,SENSOR,SYS,0,0,13,95
2026-05-21T04:52:53,SENSOR,SYS,0,0,13,95
2026-05-21T04:53:09,SYSTEM,SYS,0,0,7,103
2026-05-21T04:53:09,SYSTEM,SYS,0,0,8,8153
2026-05-21T04:53:09,SYSTEM,SYS,0,0,12,31
2026-05-21T04:53:24,SENSOR,SYS,0,0,13,95
2026-05-21T04:53:51,SYSTEM,WEB,0,0,1,0
2026-05-21T04:53:54,SENSOR,SYS,0,0,14,95
2026-05-21T04:54:10,SYSTEM,SYS,0,0,7,103
2026-05-21T04:54:10,SYSTEM,SYS,0,0,8,8153
2026-05-21T04:54:10,SYSTEM,SYS,0,0,12,31
2026-05-21T04:54:25,SENSOR,SYS,0,0,14,95
2026-05-21T04:54:55,SENSOR,SYS,0,0,14,95
2026-05-21T04:55:09,SYSTEM,SYS,0,0,7,102
2026-05-21T04:55:09,SYSTEM,SYS,0,0,8,8153
2026-05-21T04:55:09,SYSTEM,SYS,0,0,12,31
2026-05-21T04:55:25,SENSOR,SYS,0,0,14,95
2026-05-21T04:55:52,SYSTEM,WEB,0,0,1,0
2026-05-21T04:55:55,SENSOR,SYS,0,0,14,95
2026-05-21T04:56:09,SYSTEM,SYS,0,0,7,103
2026-05-21T04:56:09,SYSTEM,SYS,0,0,8,8153
2026-05-21T04:56:09,SYSTEM,SYS,0,0,12,31
2026-05-21T04:56:26,SENSOR,SYS,0,0,14,95
2026-05-21T04:56:56,SENSOR,SYS,0,0,14,95
2026-05-21T04:57:09,SYSTEM,SYS,0,0,7,103
2026-05-21T04:57:09,SYSTEM,SYS,0,0,8,8153
2026-05-21T04:57:09,SYSTEM,SYS,0,0,12,31
2026-05-21T04:57:26,SENSOR,SYS,0,0,14,95
2026-05-21T04:57:52,SYSTEM,WEB,0,0,1,0
2026-05-21T04:57:56,SENSOR,SYS,0,0,14,94
2026-05-21T04:58:09,SYSTEM,SYS,0,0,7,103
2026-05-21T04:58:09,SYSTEM,SYS,0,0,8,8153
2026-05-21T04:58:09,SYSTEM,SYS,0,0,12,31
2026-05-21T04:58:27,SENSOR,SYS,0,0,14,94
2026-05-21T04:58:57,SENSOR,SYS,0,0,14,94
2026-05-21T04:59:09,SYSTEM,SYS,0,0,7,103
2026-05-21T04:59:09,SYSTEM,SYS,0,0,8,8153
2026-05-21T04:59:09,SYSTEM,SYS,0,0,12,31
2026-05-21T04:59:27,SENSOR,SYS,0,0,14,94
2026-05-21T04:59:53,SYSTEM,WEB,0,0,1,0
2026-05-21T04:59:58,SENSOR,SYS,0,0,14,94
2026-05-21T05:00:09,SYSTEM,SYS,0,0,7,103
2026-05-21T05:00:09,SYSTEM,SYS,0,0,8,8153
2026-05-21T05:00:09,SYSTEM,SYS,0,0,12,31
2026-05-21T05:00:28,SENSOR,SYS,0,0,14,94
2026-05-21T05:00:59,SENSOR,SYS,0,0,14,94
2026-05-21T05:01:10,SYSTEM,SYS,0,0,7,103
2026-05-21T05:01:10,SYSTEM,SYS,0,0,8,8153
2026-05-21T05:01:10,SYSTEM,SYS,0,0,12,31
2026-05-21T05:01:29,SENSOR,SYS,0,0,14,94
2026-05-21T05:01:55,SYSTEM,WEB,0,0,1,0
2026-05-21T05:01:59,SENSOR,SYS,0,0,14,94
2026-05-21T05:02:09,SYSTEM,SYS,0,0,7,103
2026-05-21T05:02:09,SYSTEM,SYS,0,0,8,8153
2026-05-21T05:02:09,SYSTEM,SYS,0,0,12,31
2026-05-21T05:02:29,SENSOR,SYS,0,0,14,94
2026-05-21T05:03:00,SENSOR,SYS,0,0,14,94
2026-05-21T05:03:09,SYSTEM,SYS,0,0,7,103
2026-05-21T05:03:09,SYSTEM,SYS,0,0,8,8153
2026-05-21T05:03:09,SYSTEM,SYS,0,0,12,31
2026-05-21T05:03:30,SENSOR,SYS,0,0,14,94
2026-05-21T05:03:55,SYSTEM,WEB,0,0,1,0
2026-05-21T05:04:01,SENSOR,SYS,0,0,14,94
2026-05-21T05:04:10,SYSTEM,SYS,0,0,7,103
2026-05-21T05:04:10,SYSTEM,SYS,0,0,8,8153
2026-05-21T05:04:10,SYSTEM,SYS,0,0,12,31
2026-05-21T05:04:31,SENSOR,SYS,0,0,14,94
2026-05-21T05:05:01,SENSOR,SYS,0,0,14,94
2026-05-21T05:05:09,SYSTEM,SYS,0,0,7,103
2026-05-21T05:05:09,SYSTEM,SYS,0,0,8,8153
2026-05-21T05:05:09,SYSTEM,SYS,0,0,12,31
2026-05-21T05:05:31,SENSOR,SYS,0,0,14,94
2026-05-21T05:05:55,SYSTEM,WEB,0,0,1,0
2026-05-21T05:06:02,SENSOR,SYS,0,0,14,94
2026-05-21T05:06:09,SYSTEM,SYS,0,0,7,103
2026-05-21T05:06:09,SYSTEM,SYS,0,0,8,8153
2026-05-21T05:06:09,SYSTEM,SYS,0,0,12,31
2026-05-21T05:06:32,SENSOR,SYS,0,0,14,94
2026-05-21T05:07:02,SENSOR,SYS,0,0,14,94
2026-05-21T05:07:09,SYSTEM,SYS,0,0,7,103
2026-05-21T05:07:09,SYSTEM,SYS,0,0,8,8153
2026-05-21T05:07:09,SYSTEM,SYS,0,0,12,31
2026-05-21T05:07:32,SENSOR,SYS,0,0,14,94
2026-05-21T05:07:56,SYSTEM,WEB,0,0,1,0
2026-05-21T05:08:03,SENSOR,SYS,0,0,13,95
2026-05-21T05:08:09,SYSTEM,SYS,0,0,7,103
2026-05-21T05:08:09,SYSTEM,SYS,0,0,8,8153
2026-05-21T05:08:09,SYSTEM,SYS,0,0,12,31
2026-05-21T05:08:33,SENSOR,SYS,0,0,13,95
2026-05-21T05:09:04,SENSOR,SYS,0,0,13,95
2026-05-21T05:09:10,SYSTEM,SYS,0,0,7,103
2026-05-21T05:09:10,SYSTEM,SYS,0,0,8,8153
2026-05-21T05:09:10,SYSTEM,SYS,0,0,12,31
2026-05-21T05:09:34,SENSOR,SYS,0,0,13,95
2026-05-21T05:09:56,SYSTEM,WEB,0,0,1,0
2026-05-21T05:10:04,SENSOR,SYS,0,0,13,95
2026-05-21T05:10:09,SYSTEM,SYS,0,0,7,103
2026-05-21T05:10:09,SYSTEM,SYS,0,0,8,8153
2026-05-21T05:10:09,SYSTEM,SYS,0,0,12,31
2026-05-21T05:10:34,SENSOR,SYS,0,0,13,95
2026-05-21T05:11:05,SENSOR,SYS,0,0,13,95
2026-05-21T05:11:09,SYSTEM,SYS,0,0,7,102
2026-05-21T05:11:09,SYSTEM,SYS,0,0,8,8153
2026-05-21T05:11:09,SYSTEM,SYS,0,0,12,31
2026-05-21T05:11:35,SENSOR,SYS,0,0,13,95
2026-05-21T05:11:58,SYSTEM,WEB,0,0,1,0
2026-05-21T05:12:06,SENSOR,SYS,0,0,13,95
2026-05-21T05:12:10,SYSTEM,SYS,0,0,7,103
2026-05-21T05:12:10,SYSTEM,SYS,0,0,8,8153
2026-05-21T05:12:10,SYSTEM,SYS,0,0,12,31
2026-05-21T05:12:36,SENSOR,SYS,0,0,13,95
2026-05-21T05:13:06,SENSOR,SYS,0,0,13,95
2026-05-21T05:13:09,SYSTEM,SYS,0,0,7,103
2026-05-21T05:13:09,SYSTEM,SYS,0,0,8,8153
2026-05-21T05:13:09,SYSTEM,SYS,0,0,12,31
2026-05-21T05:13:36,SENSOR,SYS,0,0,13,95
2026-05-21T05:13:58,SYSTEM,WEB,0,0,1,0
2026-05-21T05:14:07,SENSOR,SYS,0,0,13,95
2026-05-21T05:14:09,SYSTEM,SYS,0,0,7,103
2026-05-21T05:14:09,SYSTEM,SYS,0,0,8,8153
2026-05-21T05:14:09,SYSTEM,SYS,0,0,12,31
2026-05-21T05:14:37,SENSOR,SYS,0,0,13,95
2026-05-21T05:15:07,SENSOR,SYS,0,0,13,95
2026-05-21T05:15:09,SYSTEM,SYS,0,0,7,103
2026-05-21T05:15:09,SYSTEM,SYS,0,0,8,8153
2026-05-21T05:15:09,SYSTEM,SYS,0,0,12,31
2026-05-21T05:15:38,SENSOR,SYS,0,0,13,95
2026-05-21T05:15:59,SYSTEM,WEB,0,0,1,0
2026-05-21T05:16:08,SENSOR,SYS,0,0,13,95
2026-05-21T05:16:10,SYSTEM,SYS,0,0,7,103
2026-05-21T05:16:10,SYSTEM,SYS,0,0,8,8153
2026-05-21T05:16:10,SYSTEM,SYS,0,0,12,31
2026-05-21T05:16:38,SENSOR,SYS,0,0,13,95
2026-05-21T05:17:08,SENSOR,SYS,0,0,13,95
2026-05-21T05:17:09,SYSTEM,SYS,0,0,7,103
2026-05-21T05:17:09,SYSTEM,SYS,0,0,8,8153
2026-05-21T05:17:09,SYSTEM,SYS,0,0,12,31
2026-05-21T05:17:39,SENSOR,SYS,0,0,13,95
2026-05-21T05:18:00,SYSTEM,WEB,0,0,1,0
2026-05-21T05:18:09,SENSOR,SYS,0,0,13,95
2026-05-21T05:18:09,SYSTEM,SYS,0,0,7,103
2026-05-21T05:18:09,SYSTEM,SYS,0,0,8,8153
2026-05-21T05:18:09,SYSTEM,SYS,0,0,12,31
2026-05-21T05:18:40,SENSOR,SYS,0,0,13,95
2026-05-21T05:19:10,SYSTEM,SYS,0,0,7,103
2026-05-21T05:19:10,SYSTEM,SYS,0,0,8,8153
2026-05-21T05:19:10,SYSTEM,SYS,0,0,12,31
2026-05-21T05:19:10,SENSOR,SYS,0,0,13,95
2026-05-21T05:19:40,SENSOR,SYS,0,0,13,95
2026-05-21T05:20:01,SYSTEM,WEB,0,0,1,0
2026-05-21T05:20:09,SYSTEM,SYS,0,0,7,103
2026-05-21T05:20:09,SYSTEM,SYS,0,0,8,8153
2026-05-21T05:20:09,SYSTEM,SYS,0,0,12,31
2026-05-21T05:20:10,SENSOR,SYS,0,0,13,95
2026-05-21T05:20:41,SENSOR,SYS,0,0,13,95
2026-05-21T05:21:09,SYSTEM,SYS,0,0,7,103
2026-05-21T05:21:09,SYSTEM,SYS,0,0,8,8153
2026-05-21T05:21:09,SYSTEM,SYS,0,0,12,31
2026-05-21T05:21:11,SENSOR,SYS,0,0,13,95
2026-05-21T05:21:41,SENSOR,SYS,0,0,13,95
2026-05-21T05:22:02,SYSTEM,WEB,0,0,1,0
2026-05-21T05:22:09,SYSTEM,SYS,0,0,7,103
2026-05-21T05:22:09,SYSTEM,SYS,0,0,8,8153
2026-05-21T05:22:09,SYSTEM,SYS,0,0,12,31
2026-05-21T05:22:11,SENSOR,SYS,0,0,13,95
2026-05-21T05:22:42,SENSOR,SYS,0,0,13,95
2026-05-21T05:23:09,SYSTEM,SYS,0,0,7,103
2026-05-21T05:23:09,SYSTEM,SYS,0,0,8,8153
2026-05-21T05:23:09,SYSTEM,SYS,0,0,12,31
2026-05-21T05:23:12,SENSOR,SYS,0,0,13,95
2026-05-21T05:23:43,SENSOR,SYS,0,0,13,95
2026-05-21T05:24:02,SYSTEM,WEB,0,0,1,0
2026-05-21T05:24:10,SYSTEM,SYS,0,0,7,103
2026-05-21T05:24:10,SYSTEM,SYS,0,0,8,8153
2026-05-21T05:24:10,SYSTEM,SYS,0,0,12,31
2026-05-21T05:24:13,SENSOR,SYS,0,0,13,95
2026-05-21T05:24:43,SENSOR,SYS,0,0,13,95
2026-05-21T05:25:09,SYSTEM,SYS,0,0,7,103
2026-05-21T05:25:09,SYSTEM,SYS,0,0,8,8153
2026-05-21T05:25:09,SYSTEM,SYS,0,0,12,31
2026-05-21T05:25:13,SENSOR,SYS,0,0,13,95
2026-05-21T05:25:44,SENSOR,SYS,0,0,13,95
2026-05-21T05:26:03,SYSTEM,WEB,0,0,1,0
2026-05-21T05:26:09,SYSTEM,SYS,0,0,7,103
2026-05-21T05:26:09,SYSTEM,SYS,0,0,8,8153
2026-05-21T05:26:09,SYSTEM,SYS,0,0,12,31
2026-05-21T05:26:14,SENSOR,SYS,0,0,13,95
2026-05-21T05:26:45,SENSOR,SYS,0,0,13,95
2026-05-21T05:27:10,SYSTEM,SYS,0,0,7,103
2026-05-21T05:27:10,SYSTEM,SYS,0,0,8,8153
2026-05-21T05:27:10,SYSTEM,SYS,0,0,12,31
2026-05-21T05:27:15,SENSOR,SYS,0,0,13,95
2026-05-21T05:27:45,SENSOR,SYS,0,0,13,95
2026-05-21T05:28:04,SYSTEM,WEB,0,0,1,0
2026-05-21T05:28:09,SYSTEM,SYS,0,0,7,102
2026-05-21T05:28:09,SYSTEM,SYS,0,0,8,8153
2026-05-21T05:28:09,SYSTEM,SYS,0,0,12,31
2026-05-21T05:28:15,SENSOR,SYS,0,0,13,95
2026-05-21T05:28:46,SENSOR,SYS,0,0,13,95
2026-05-21T05:29:09,SYSTEM,SYS,0,0,7,103
2026-05-21T05:29:09,SYSTEM,SYS,0,0,8,8153
2026-05-21T05:29:09,SYSTEM,SYS,0,0,12,31
2026-05-21T05:29:16,SENSOR,SYS,0,0,13,95
2026-05-21T05:29:46,SENSOR,SYS,0,0,13,95
2026-05-21T05:30:04,SYSTEM,WEB,0,0,1,0
2026-05-21T05:30:09,SYSTEM,SYS,0,0,7,103
2026-05-21T05:30:09,SYSTEM,SYS,0,0,8,8153
2026-05-21T05:30:09,SYSTEM,SYS,0,0,12,31
2026-05-21T05:30:17,SENSOR,SYS,0,0,13,95
2026-05-21T05:30:47,SENSOR,SYS,0,0,13,95
2026-05-21T05:31:09,SYSTEM,SYS,0,0,7,103
2026-05-21T05:31:09,SYSTEM,SYS,0,0,8,8153
2026-05-21T05:31:09,SYSTEM,SYS,0,0,12,31
2026-05-21T05:31:17,SENSOR,SYS,0,0,13,95
2026-05-21T05:31:47,SENSOR,SYS,0,0,13,95
2026-05-21T05:32:04,SYSTEM,WEB,0,0,1,0
2026-05-21T05:32:09,SYSTEM,SYS,0,0,7,103
2026-05-21T05:32:09,SYSTEM,SYS,0,0,8,8153
2026-05-21T05:32:09,SYSTEM,SYS,0,0,12,31
2026-05-21T05:32:18,SENSOR,SYS,0,0,13,95
2026-05-21T05:32:48,SENSOR,SYS,0,0,13,95
2026-05-21T05:33:09,SYSTEM,SYS,0,0,7,103
2026-05-21T05:33:09,SYSTEM,SYS,0,0,8,8153
2026-05-21T05:33:09,SYSTEM,SYS,0,0,12,31
2026-05-21T05:33:19,SENSOR,SYS,0,0,13,94
2026-05-21T05:33:49,SENSOR,SYS,0,0,13,94
2026-05-21T05:34:06,SYSTEM,WEB,0,0,1,0
2026-05-21T05:34:09,SYSTEM,SYS,0,0,7,103
2026-05-21T05:34:09,SYSTEM,SYS,0,0,8,8153
2026-05-21T05:34:09,SYSTEM,SYS,0,0,12,31
2026-05-21T05:34:19,SENSOR,SYS,0,0,13,94
2026-05-21T05:34:49,SENSOR,SYS,0,0,13,94
2026-05-21T05:35:09,SYSTEM,SYS,0,0,7,103
2026-05-21T05:35:09,SYSTEM,SYS,0,0,8,8153
2026-05-21T05:35:09,SYSTEM,SYS,0,0,12,31
2026-05-21T05:35:20,SENSOR,SYS,0,0,13,94
2026-05-21T05:35:50,SENSOR,SYS,0,0,13,94
2026-05-21T05:36:07,SYSTEM,WEB,0,0,1,0
2026-05-21T05:36:10,SYSTEM,SYS,0,0,7,103
2026-05-21T05:36:10,SYSTEM,SYS,0,0,8,8153
2026-05-21T05:36:10,SYSTEM,SYS,0,0,12,31
2026-05-21T05:36:21,SENSOR,SYS,0,0,13,94
2026-05-21T05:36:51,SENSOR,SYS,0,0,13,94
2026-05-21T05:37:09,SYSTEM,SYS,0,0,7,103
2026-05-21T05:37:09,SYSTEM,SYS,0,0,8,8153
2026-05-21T05:37:09,SYSTEM,SYS,0,0,12,31
2026-05-21T05:37:21,SENSOR,SYS,0,0,13,94
2026-05-21T05:37:51,SENSOR,SYS,0,0,13,94
2026-05-21T05:38:07,SYSTEM,WEB,0,0,1,0
2026-05-21T05:38:09,SYSTEM,SYS,0,0,7,103
2026-05-21T05:38:09,SYSTEM,SYS,0,0,8,8153
2026-05-21T05:38:09,SYSTEM,SYS,0,0,12,31
2026-05-21T05:38:22,SENSOR,SYS,0,0,13,94
2026-05-21T05:38:52,SENSOR,SYS,0,0,13,94
2026-05-21T05:39:09,SYSTEM,SYS,0,0,7,103
2026-05-21T05:39:09,SYSTEM,SYS,0,0,8,8153
2026-05-21T05:39:09,SYSTEM,SYS,0,0,12,31
2026-05-21T05:39:22,SENSOR,SYS,0,0,13,94
2026-05-21T05:39:52,SENSOR,SYS,0,0,13,94
2026-05-21T05:40:08,SYSTEM,WEB,0,0,1,0
2026-05-21T05:40:09,SYSTEM,SYS,0,0,7,103
2026-05-21T05:40:09,SYSTEM,SYS,0,0,8,8153
2026-05-21T05:40:09,SYSTEM,SYS,0,0,12,31
2026-05-21T05:40:23,SENSOR,SYS,0,0,13,94
2026-05-21T05:40:53,SENSOR,SYS,0,0,13,94
2026-05-21T05:41:10,SYSTEM,SYS,0,0,7,103
2026-05-21T05:41:10,SYSTEM,SYS,0,0,8,8153
2026-05-21T05:41:10,SYSTEM,SYS,0,0,12,31
2026-05-21T05:41:24,SENSOR,SYS,0,0,13,94
2026-05-21T05:41:54,SENSOR,SYS,0,0,13,94
2026-05-21T05:42:08,SYSTEM,WEB,0,0,1,0
2026-05-21T05:42:09,SYSTEM,SYS,0,0,7,102
2026-05-21T05:42:09,SYSTEM,SYS,0,0,8,8153
2026-05-21T05:42:09,SYSTEM,SYS,0,0,12,31
2026-05-21T05:42:24,SENSOR,SYS,0,0,13,94
2026-05-21T05:42:54,SENSOR,SYS,0,0,13,94
2026-05-21T05:43:09,SYSTEM,SYS,0,0,7,103
2026-05-21T05:43:09,SYSTEM,SYS,0,0,8,8153
2026-05-21T05:43:09,SYSTEM,SYS,0,0,12,31
2026-05-21T05:43:25,SENSOR,SYS,0,0,13,94
2026-05-21T05:43:55,SENSOR,SYS,0,0,13,94
2026-05-21T05:44:10,SYSTEM,SYS,0,0,7,64
2026-05-21T05:44:10,SYSTEM,SYS,0,0,8,8153
2026-05-21T05:44:10,SYSTEM,SYS,0,0,12,28
2026-05-21T05:44:10,SYSTEM,WEB,0,0,1,0
2026-05-21T05:44:26,SENSOR,SYS,0,0,13,94
2026-05-21T05:44:56,SENSOR,SYS,0,0,13,95
2026-05-21T05:45:09,SYSTEM,SYS,0,0,7,103
2026-05-21T05:45:09,SYSTEM,SYS,0,0,8,8153
2026-05-21T05:45:09,SYSTEM,SYS,0,0,12,31
2026-05-21T05:45:26,SENSOR,SYS,0,0,13,95
2026-05-21T05:45:56,SENSOR,SYS,0,0,13,95
2026-05-21T05:46:09,SYSTEM,SYS,0,0,7,103
2026-05-21T05:46:09,SYSTEM,SYS,0,0,8,8153
2026-05-21T05:46:09,SYSTEM,SYS,0,0,12,31
2026-05-21T05:46:10,SYSTEM,WEB,0,0,1,0
2026-05-21T05:46:26,SENSOR,SYS,0,0,13,95
2026-05-21T05:46:57,SENSOR,SYS,0,0,13,95
2026-05-21T05:47:09,SYSTEM,SYS,0,0,7,103
2026-05-21T05:47:09,SYSTEM,SYS,0,0,8,8153
2026-05-21T05:47:09,SYSTEM,SYS,0,0,12,31
2026-05-21T05:47:27,SENSOR,SYS,0,0,13,95
2026-05-21T05:47:58,SENSOR,SYS,0,0,13,95
2026-05-21T05:48:10,SYSTEM,SYS,0,0,7,103
2026-05-21T05:48:10,SYSTEM,SYS,0,0,8,8153
2026-05-21T05:48:10,SYSTEM,SYS,0,0,12,31
2026-05-21T05:48:11,SYSTEM,WEB,0,0,1,0
2026-05-21T05:48:28,SENSOR,SYS,0,0,13,95
2026-05-21T05:48:58,SENSOR,SYS,0,0,13,95
2026-05-21T05:49:09,SYSTEM,SYS,0,0,7,103
2026-05-21T05:49:09,SYSTEM,SYS,0,0,8,8153
2026-05-21T05:49:09,SYSTEM,SYS,0,0,12,31
2026-05-21T05:49:28,SENSOR,SYS,0,0,13,95
2026-05-21T05:49:59,SENSOR,SYS,0,0,13,95
2026-05-21T05:50:09,SYSTEM,SYS,0,0,7,103
2026-05-21T05:50:09,SYSTEM,SYS,0,0,8,8153
2026-05-21T05:50:09,SYSTEM,SYS,0,0,12,31
2026-05-21T05:50:12,SYSTEM,WEB,0,0,1,0
2026-05-21T05:50:29,SENSOR,SYS,0,0,13,95
2026-05-21T05:51:00,SENSOR,SYS,0,0,13,95
2026-05-21T05:51:10,SYSTEM,SYS,0,0,7,103
2026-05-21T05:51:10,SYSTEM,SYS,0,0,8,8153
2026-05-21T05:51:10,SYSTEM,SYS,0,0,12,31
2026-05-21T05:51:30,SENSOR,SYS,0,0,13,94
2026-05-21T05:52:00,SENSOR,SYS,0,0,13,94
2026-05-21T05:52:09,SYSTEM,SYS,0,0,7,103
2026-05-21T05:52:09,SYSTEM,SYS,0,0,8,8153
2026-05-21T05:52:09,SYSTEM,SYS,0,0,12,31
2026-05-21T05:52:12,SYSTEM,WEB,0,0,1,0
2026-05-21T05:52:30,SENSOR,SYS,0,0,13,94
2026-05-21T05:53:01,SENSOR,SYS,0,0,13,94
2026-05-21T05:53:09,SYSTEM,SYS,0,0,7,103
2026-05-21T05:53:09,SYSTEM,SYS,0,0,8,8153
2026-05-21T05:53:09,SYSTEM,SYS,0,0,12,31
2026-05-21T05:53:31,SENSOR,SYS,0,0,13,94
2026-05-21T05:54:02,SENSOR,SYS,0,0,13,94
2026-05-21T05:54:10,SYSTEM,SYS,0,0,7,103
2026-05-21T05:54:10,SYSTEM,SYS,0,0,8,8153
2026-05-21T05:54:10,SYSTEM,SYS,0,0,12,31
2026-05-21T05:54:14,SYSTEM,WEB,0,0,1,0
2026-05-21T05:54:32,SENSOR,SYS,0,0,13,94
2026-05-21T05:55:02,SENSOR,SYS,0,0,13,94
2026-05-21T05:55:09,SYSTEM,SYS,0,0,7,103
2026-05-21T05:55:09,SYSTEM,SYS,0,0,8,8153
2026-05-21T05:55:09,SYSTEM,SYS,0,0,12,31
2026-05-21T05:55:32,SENSOR,SYS,0,0,13,94
2026-05-21T05:56:03,SENSOR,SYS,0,0,13,94
2026-05-21T05:56:10,SYSTEM,SYS,0,0,7,103
2026-05-21T05:56:10,SYSTEM,SYS,0,0,8,8153
2026-05-21T05:56:10,SYSTEM,SYS,0,0,12,31
2026-05-21T05:56:15,SYSTEM,WEB,0,0,1,0
2026-05-21T05:56:33,SENSOR,SYS,0,0,13,94
2026-05-21T05:57:03,SENSOR,SYS,0,0,13,93
2026-05-21T05:57:09,SYSTEM,SYS,0,0,7,103
2026-05-21T05:57:09,SYSTEM,SYS,0,0,8,8153
2026-05-21T05:57:09,SYSTEM,SYS,0,0,12,31
2026-05-21T05:57:33,SENSOR,SYS,0,0,13,93
2026-05-21T05:58:04,SENSOR,SYS,0,0,13,93
2026-05-21T05:58:09,SYSTEM,SYS,0,0,7,103
2026-05-21T05:58:09,SYSTEM,SYS,0,0,8,8153
2026-05-21T05:58:09,SYSTEM,SYS,0,0,12,31
2026-05-21T05:58:15,SYSTEM,WEB,0,0,1,0
2026-05-21T05:58:34,SENSOR,SYS,0,0,13,93
2026-05-21T05:59:05,SENSOR,SYS,0,0,13,93
2026-05-21T05:59:10,SYSTEM,SYS,0,0,7,103
2026-05-21T05:59:10,SYSTEM,SYS,0,0,8,8153
2026-05-21T05:59:10,SYSTEM,SYS,0,0,12,31
2026-05-21T05:59:35,SENSOR,SYS,0,0,13,93
2026-05-21T06:00:05,SENSOR,SYS,0,0,13,93
2026-05-21T06:00:09,SYSTEM,SYS,0,0,7,102
2026-05-21T06:00:09,SYSTEM,SYS,0,0,8,8153
2026-05-21T06:00:09,SYSTEM,SYS,0,0,12,31
2026-05-21T06:00:16,SYSTEM,WEB,0,0,1,0
2026-05-21T06:00:36,SENSOR,SYS,0,0,13,93
2026-05-21T06:01:06,SENSOR,SYS,0,0,13,93
2026-05-21T06:01:10,SYSTEM,SYS,0,0,7,103
2026-05-21T06:01:10,SYSTEM,SYS,0,0,8,8153
2026-05-21T06:01:10,SYSTEM,SYS,0,0,12,31
2026-05-21T06:01:36,SENSOR,SYS,0,0,13,93
2026-05-21T06:02:06,SENSOR,SYS,0,0,13,93
2026-05-21T06:02:09,SYSTEM,SYS,0,0,7,103
2026-05-21T06:02:09,SYSTEM,SYS,0,0,8,8153
2026-05-21T06:02:09,SYSTEM,SYS,0,0,12,31
2026-05-21T06:02:16,SYSTEM,WEB,0,0,1,0
2026-05-21T06:02:37,SENSOR,SYS,0,0,13,93
2026-05-21T06:03:07,SENSOR,SYS,0,0,13,93
2026-05-21T06:03:09,SYSTEM,SYS,0,0,7,102
2026-05-21T06:03:09,SYSTEM,SYS,0,0,8,8153
2026-05-21T06:03:09,SYSTEM,SYS,0,0,12,31
2026-05-21T06:03:37,SENSOR,SYS,0,0,13,93
2026-05-21T06:04:07,SENSOR,SYS,0,0,13,93
2026-05-21T06:04:09,SYSTEM,SYS,0,0,7,103
2026-05-21T06:04:09,SYSTEM,SYS,0,0,8,8153
2026-05-21T06:04:09,SYSTEM,SYS,0,0,12,31
2026-05-21T06:04:17,SYSTEM,WEB,0,0,1,0
2026-05-21T06:04:38,SENSOR,SYS,0,0,13,93
2026-05-21T06:05:08,SENSOR,SYS,0,0,13,93
2026-05-21T06:05:09,SYSTEM,SYS,0,0,7,103
2026-05-21T06:05:09,SYSTEM,SYS,0,0,8,8153
2026-05-21T06:05:09,SYSTEM,SYS,0,0,12,31
2026-05-21T06:05:39,SENSOR,SYS,0,0,13,93
2026-05-21T06:06:09,SENSOR,SYS,0,0,13,93
2026-05-21T06:06:10,SYSTEM,SYS,0,0,7,103
2026-05-21T06:06:10,SYSTEM,SYS,0,0,8,8153
2026-05-21T06:06:10,SYSTEM,SYS,0,0,12,31
2026-05-21T06:06:19,SYSTEM,WEB,0,0,1,0
2026-05-21T06:06:39,SENSOR,SYS,0,0,13,93
2026-05-21T06:07:09,SYSTEM,SYS,0,0,7,103
2026-05-21T06:07:09,SYSTEM,SYS,0,0,8,8153
2026-05-21T06:07:09,SYSTEM,SYS,0,0,12,31
2026-05-21T06:07:09,SENSOR,SYS,0,0,13,93
2026-05-21T06:07:40,SENSOR,SYS,0,0,13,93
2026-05-21T06:08:09,SYSTEM,SYS,0,0,7,103
2026-05-21T06:08:09,SYSTEM,SYS,0,0,8,8153
2026-05-21T06:08:09,SYSTEM,SYS,0,0,12,31
2026-05-21T06:08:10,SENSOR,SYS,0,0,13,93
2026-05-21T06:08:19,SYSTEM,WEB,0,0,1,0
2026-05-21T06:08:41,SENSOR,SYS,0,0,13,93
2026-05-21T06:09:10,SYSTEM,SYS,0,0,7,103
2026-05-21T06:09:10,SYSTEM,SYS,0,0,8,8153
2026-05-21T06:09:10,SYSTEM,SYS,0,0,12,31
2026-05-21T06:09:11,SENSOR,SYS,0,0,13,93
2026-05-21T06:09:41,SENSOR,SYS,0,0,13,93
2026-05-21T06:10:09,SYSTEM,SYS,0,0,7,103
2026-05-21T06:10:09,SYSTEM,SYS,0,0,8,8153
2026-05-21T06:10:09,SYSTEM,SYS,0,0,12,31
2026-05-21T06:10:11,SENSOR,SYS,0,0,13,93
2026-05-21T06:10:20,SYSTEM,WEB,0,0,1,0
2026-05-21T06:10:42,SENSOR,SYS,0,0,13,93
2026-05-21T06:11:09,SYSTEM,SYS,0,0,7,103
2026-05-21T06:11:09,SYSTEM,SYS,0,0,8,8153
2026-05-21T06:11:09,SYSTEM,SYS,0,0,12,31
2026-05-21T06:11:12,SENSOR,SYS,0,0,13,93
2026-05-21T06:11:42,SENSOR,SYS,0,0,13,93
2026-05-21T06:12:09,SYSTEM,SYS,0,0,7,103
2026-05-21T06:12:09,SYSTEM,SYS,0,0,8,8153
2026-05-21T06:12:09,SYSTEM,SYS,0,0,12,31
2026-05-21T06:12:12,SENSOR,SYS,0,0,13,93
2026-05-21T06:12:21,SYSTEM,WEB,0,0,1,0
2026-05-21T06:12:43,SENSOR,SYS,0,0,13,93
2026-05-21T06:13:09,SYSTEM,SYS,0,0,7,103
2026-05-21T06:13:09,SYSTEM,SYS,0,0,8,8153
2026-05-21T06:13:09,SYSTEM,SYS,0,0,12,31
2026-05-21T06:13:13,SENSOR,SYS,0,0,13,93
2026-05-21T06:13:44,SENSOR,SYS,0,0,13,93
2026-05-21T06:14:10,SYSTEM,SYS,0,0,7,103
2026-05-21T06:14:10,SYSTEM,SYS,0,0,8,8153
2026-05-21T06:14:10,SYSTEM,SYS,0,0,12,31
2026-05-21T06:14:14,SENSOR,SYS,0,0,13,93
2026-05-21T06:14:21,SYSTEM,WEB,0,0,1,0
2026-05-21T06:14:44,SENSOR,SYS,0,0,13,93
2026-05-21T06:15:09,SYSTEM,SYS,0,0,7,103
2026-05-21T06:15:09,SYSTEM,SYS,0,0,8,8153
2026-05-21T06:15:09,SYSTEM,SYS,0,0,12,31
2026-05-21T06:15:15,SENSOR,SYS,0,0,13,93
2026-05-21T06:15:45,SENSOR,SYS,0,0,13,93
2026-05-21T06:16:10,SYSTEM,SYS,0,0,7,102
2026-05-21T06:16:10,SYSTEM,SYS,0,0,8,8153
2026-05-21T06:16:10,SYSTEM,SYS,0,0,12,31
2026-05-21T06:16:15,SENSOR,SYS,0,0,13,93
2026-05-21T06:16:22,SYSTEM,WEB,0,0,1,0
2026-05-21T06:16:45,SENSOR,SYS,0,0,13,93
2026-05-21T06:17:09,SYSTEM,SYS,0,0,7,103
2026-05-21T06:17:09,SYSTEM,SYS,0,0,8,8153
2026-05-21T06:17:09,SYSTEM,SYS,0,0,12,31
2026-05-21T06:17:16,SENSOR,SYS,0,0,13,93
2026-05-21T06:17:46,SENSOR,SYS,0,0,13,93
2026-05-21T06:18:10,SYSTEM,SYS,0,0,7,103
2026-05-21T06:18:10,SYSTEM,SYS,0,0,8,8153
2026-05-21T06:18:10,SYSTEM,SYS,0,0,12,31
2026-05-21T06:18:17,SENSOR,SYS,0,0,13,93
2026-05-21T06:18:24,SYSTEM,WEB,0,0,1,0
2026-05-21T06:18:47,SENSOR,SYS,0,0,13,93
2026-05-21T06:19:09,SYSTEM,SYS,0,0,7,103
2026-05-21T06:19:09,SYSTEM,SYS,0,0,8,8153
2026-05-21T06:19:09,SYSTEM,SYS,0,0,12,31
2026-05-21T06:19:17,SENSOR,SYS,0,0,13,93
2026-05-21T06:19:47,SENSOR,SYS,0,0,13,93
2026-05-21T06:20:10,SYSTEM,SYS,0,0,7,103
2026-05-21T06:20:10,SYSTEM,SYS,0,0,8,8153
2026-05-21T06:20:10,SYSTEM,SYS,0,0,12,31
2026-05-21T06:20:18,SENSOR,SYS,0,0,13,93
2026-05-21T06:20:25,SYSTEM,WEB,0,0,1,0
2026-05-21T06:20:48,SENSOR,SYS,0,0,13,93
2026-05-21T06:21:09,SYSTEM,SYS,0,0,7,103
2026-05-21T06:21:09,SYSTEM,SYS,0,0,8,8153
2026-05-21T06:21:09,SYSTEM,SYS,0,0,12,31
2026-05-21T06:21:18,SENSOR,SYS,0,0,13,93
2026-05-21T06:21:48,SENSOR,SYS,0,0,13,93
2026-05-21T06:22:09,SYSTEM,SYS,0,0,7,103
2026-05-21T06:22:09,SYSTEM,SYS,0,0,8,8153
2026-05-21T06:22:09,SYSTEM,SYS,0,0,12,31
2026-05-21T06:22:19,SENSOR,SYS,0,0,13,93
2026-05-21T06:22:28,SYSTEM,WEB,0,0,1,0
2026-05-21T06:22:49,SENSOR,SYS,0,0,13,93
2026-05-21T06:23:10,SYSTEM,SYS,0,0,7,103
2026-05-21T06:23:10,SYSTEM,SYS,0,0,8,8153
2026-05-21T06:23:10,SYSTEM,SYS,0,0,12,31
2026-05-21T06:23:20,SENSOR,SYS,0,0,13,93
2026-05-21T06:23:50,SENSOR,SYS,0,0,13,93
2026-05-21T06:24:09,SYSTEM,SYS,0,0,7,103
2026-05-21T06:24:09,SYSTEM,SYS,0,0,8,8153
2026-05-21T06:24:09,SYSTEM,SYS,0,0,12,31
2026-05-21T06:24:20,SENSOR,SYS,0,0,13,93
2026-05-21T06:24:26,SYSTEM,WEB,0,0,1,0
2026-05-21T06:24:50,SENSOR,SYS,0,0,13,93
2026-05-21T06:25:09,SYSTEM,SYS,0,0,7,103
2026-05-21T06:25:09,SYSTEM,SYS,0,0,8,8153
2026-05-21T06:25:09,SYSTEM,SYS,0,0,12,31
2026-05-21T06:25:21,SENSOR,SYS,0,0,13,93
2026-05-21T06:25:51,SENSOR,SYS,0,0,13,93
2026-05-21T06:26:10,SYSTEM,SYS,0,0,7,102
2026-05-21T06:26:10,SYSTEM,SYS,0,0,8,8153
2026-05-21T06:26:10,SYSTEM,SYS,0,0,12,31
2026-05-21T06:26:22,SENSOR,SYS,0,0,13,93
2026-05-21T06:26:27,SYSTEM,WEB,0,0,1,0
2026-05-21T06:26:52,SENSOR,SYS,0,0,13,93
2026-05-21T06:27:09,SYSTEM,SYS,0,0,7,103
2026-05-21T06:27:09,SYSTEM,SYS,0,0,8,8153
2026-05-21T06:27:09,SYSTEM,SYS,0,0,12,31
2026-05-21T06:27:22,SENSOR,SYS,0,0,13,93
2026-05-21T06:27:52,SENSOR,SYS,0,0,13,93
2026-05-21T06:28:10,SYSTEM,SYS,0,0,7,103
2026-05-21T06:28:10,SYSTEM,SYS,0,0,8,8153
2026-05-21T06:28:10,SYSTEM,SYS,0,0,12,31
2026-05-21T06:28:23,SENSOR,SYS,0,0,13,93
2026-05-21T06:28:28,SYSTEM,WEB,0,0,1,0
2026-05-21T06:28:53,SENSOR,SYS,0,0,13,93
2026-05-21T06:29:09,SYSTEM,SYS,0,0,7,103
2026-05-21T06:29:09,SYSTEM,SYS,0,0,8,8153
2026-05-21T06:29:09,SYSTEM,SYS,0,0,12,31
2026-05-21T06:29:23,SENSOR,SYS,0,0,13,93
2026-05-21T06:29:54,SENSOR,SYS,0,0,13,93
2026-05-21T06:30:10,SYSTEM,SYS,0,0,7,103
2026-05-21T06:30:10,SYSTEM,SYS,0,0,8,8153
2026-05-21T06:30:10,SYSTEM,SYS,0,0,12,31
2026-05-21T06:30:24,SENSOR,SYS,0,0,13,93
2026-05-21T06:30:28,SYSTEM,WEB,0,0,1,0
2026-05-21T06:30:54,SENSOR,SYS,0,0,13,93
2026-05-21T06:31:09,SYSTEM,SYS,0,0,7,102
2026-05-21T06:31:09,SYSTEM,SYS,0,0,8,8153
2026-05-21T06:31:09,SYSTEM,SYS,0,0,12,31
2026-05-21T06:31:24,SENSOR,SYS,0,0,13,93
2026-05-21T06:31:55,SENSOR,SYS,0,0,13,93
2026-05-21T06:32:09,SYSTEM,SYS,0,0,7,102
2026-05-21T06:32:09,SYSTEM,SYS,0,0,8,8153
2026-05-21T06:32:09,SYSTEM,SYS,0,0,12,31
2026-05-21T06:32:25,SENSOR,SYS,0,0,13,93
2026-05-21T06:32:29,SYSTEM,WEB,0,0,1,0
2026-05-21T06:32:56,SENSOR,SYS,0,0,13,93
2026-05-21T06:33:10,SYSTEM,SYS,0,0,7,103
2026-05-21T06:33:10,SYSTEM,SYS,0,0,8,8153
2026-05-21T06:33:10,SYSTEM,SYS,0,0,12,31
2026-05-21T06:33:26,SENSOR,SYS,0,0,13,93
2026-05-21T06:33:56,SENSOR,SYS,0,0,13,93
2026-05-21T06:34:09,SYSTEM,SYS,0,0,7,103
2026-05-21T06:34:09,SYSTEM,SYS,0,0,8,8153
2026-05-21T06:34:09,SYSTEM,SYS,0,0,12,31
2026-05-21T06:34:26,SENSOR,SYS,0,0,13,93
2026-05-21T06:34:29,SYSTEM,WEB,0,0,1,0
2026-05-21T06:34:57,SENSOR,SYS,0,0,13,93
2026-05-21T06:35:09,SYSTEM,SYS,0,0,7,103
2026-05-21T06:35:09,SYSTEM,SYS,0,0,8,8153
2026-05-21T06:35:09,SYSTEM,SYS,0,0,12,31
2026-05-21T06:35:27,SENSOR,SYS,0,0,13,93
2026-05-21T06:35:57,SENSOR,SYS,0,0,13,93
2026-05-21T06:36:09,SYSTEM,SYS,0,0,7,103
2026-05-21T06:36:09,SYSTEM,SYS,0,0,8,8153
2026-05-21T06:36:09,SYSTEM,SYS,0,0,12,31
2026-05-21T06:36:27,SENSOR,SYS,0,0,13,93
2026-05-21T06:36:30,SYSTEM,WEB,0,0,1,0
2026-05-21T06:36:58,SENSOR,SYS,0,0,13,93
2026-05-21T06:37:09,SYSTEM,SYS,0,0,7,103
2026-05-21T06:37:09,SYSTEM,SYS,0,0,8,8153
2026-05-21T06:37:09,SYSTEM,SYS,0,0,12,31
2026-05-21T06:37:28,SENSOR,SYS,0,0,13,93
2026-05-21T06:37:59,SENSOR,SYS,0,0,13,93
2026-05-21T06:38:10,SYSTEM,SYS,0,0,7,102
2026-05-21T06:38:10,SYSTEM,SYS,0,0,8,8153
2026-05-21T06:38:10,SYSTEM,SYS,0,0,12,31
2026-05-21T06:38:29,SENSOR,SYS,0,0,13,93
2026-05-21T06:38:31,SYSTEM,WEB,0,0,1,0
2026-05-21T06:38:59,SENSOR,SYS,0,0,13,93
2026-05-21T06:39:09,SYSTEM,SYS,0,0,7,103
2026-05-21T06:39:09,SYSTEM,SYS,0,0,8,8153
2026-05-21T06:39:09,SYSTEM,SYS,0,0,12,31
2026-05-21T06:39:29,SENSOR,SYS,0,0,13,93
2026-05-21T06:40:00,SENSOR,SYS,0,0,13,93
2026-05-21T06:40:09,SYSTEM,SYS,0,0,7,103
2026-05-21T06:40:09,SYSTEM,SYS,0,0,8,8153
2026-05-21T06:40:09,SYSTEM,SYS,0,0,12,31
2026-05-21T06:40:30,SENSOR,SYS,0,0,13,93
2026-05-21T06:40:31,SYSTEM,WEB,0,0,1,0
2026-05-21T06:41:01,SENSOR,SYS,0,0,13,93
2026-05-21T06:41:10,SYSTEM,SYS,0,0,7,103
2026-05-21T06:41:10,SYSTEM,SYS,0,0,8,8153
2026-05-21T06:41:10,SYSTEM,SYS,0,0,12,31
2026-05-21T06:41:31,SENSOR,SYS,0,0,13,93
2026-05-21T06:42:01,SENSOR,SYS,0,0,13,93
2026-05-21T06:42:09,SYSTEM,SYS,0,0,7,103
2026-05-21T06:42:09,SYSTEM,SYS,0,0,8,8153
2026-05-21T06:42:09,SYSTEM,SYS,0,0,12,31
2026-05-21T06:42:31,SENSOR,SYS,0,0,13,93
2026-05-21T06:42:32,SYSTEM,WEB,0,0,1,0
2026-05-21T06:43:02,SENSOR,SYS,0,0,13,93
2026-05-21T06:43:09,SYSTEM,SYS,0,0,7,103
2026-05-21T06:43:09,SYSTEM,SYS,0,0,8,8153
2026-05-21T06:43:09,SYSTEM,SYS,0,0,12,31
2026-05-21T06:43:32,SENSOR,SYS,0,0,13,93
2026-05-21T06:44:02,SENSOR,SYS,0,0,13,93
2026-05-21T06:44:09,SYSTEM,SYS,0,0,7,103
2026-05-21T06:44:09,SYSTEM,SYS,0,0,8,8153
2026-05-21T06:44:09,SYSTEM,SYS,0,0,12,31
2026-05-21T06:44:32,SENSOR,SYS,0,0,13,93
2026-05-21T06:44:33,SYSTEM,WEB,0,0,1,0
2026-05-21T06:45:03,SENSOR,SYS,0,0,13,93
2026-05-21T06:45:09,SYSTEM,SYS,0,0,7,103
2026-05-21T06:45:09,SYSTEM,SYS,0,0,8,8153
2026-05-21T06:45:09,SYSTEM,SYS,0,0,12,31
2026-05-21T06:45:33,SENSOR,SYS,0,0,13,93
2026-05-21T06:46:03,SENSOR,SYS,0,0,13,93
2026-05-21T06:46:09,SYSTEM,SYS,0,0,7,103
2026-05-21T06:46:09,SYSTEM,SYS,0,0,8,8153
2026-05-21T06:46:09,SYSTEM,SYS,0,0,12,31
2026-05-21T06:46:34,SYSTEM,WEB,0,0,1,0
2026-05-21T06:46:34,SENSOR,SYS,0,0,13,93
2026-05-21T06:47:04,SENSOR,SYS,0,0,13,93
2026-05-21T06:47:09,SYSTEM,SYS,0,0,7,103
2026-05-21T06:47:09,SYSTEM,SYS,0,0,8,8153
2026-05-21T06:47:09,SYSTEM,SYS,0,0,12,31
2026-05-21T06:47:35,SENSOR,SYS,0,0,13,93
2026-05-21T06:48:05,SENSOR,SYS,0,0,13,93
2026-05-21T06:48:10,SYSTEM,SYS,0,0,7,102
2026-05-21T06:48:10,SYSTEM,SYS,0,0,8,8153
2026-05-21T06:48:10,SYSTEM,SYS,0,0,12,31
2026-05-21T06:48:35,SYSTEM,WEB,0,0,1,0
2026-05-21T06:48:35,SENSOR,SYS,0,0,13,93
2026-05-21T06:49:05,SENSOR,SYS,0,0,13,93
2026-05-21T06:49:09,SYSTEM,SYS,0,0,7,103
2026-05-21T06:49:09,SYSTEM,SYS,0,0,8,8153
2026-05-21T06:49:09,SYSTEM,SYS,0,0,12,31
2026-05-21T06:49:36,SENSOR,SYS,0,0,13,93
2026-05-21T06:50:06,SENSOR,SYS,0,0,13,93
2026-05-21T06:50:09,SYSTEM,SYS,0,0,7,103
2026-05-21T06:50:09,SYSTEM,SYS,0,0,8,8153
2026-05-21T06:50:09,SYSTEM,SYS,0,0,12,31
2026-05-21T06:50:35,SYSTEM,WEB,0,0,1,0
2026-05-21T06:50:37,SENSOR,SYS,0,0,14,92
2026-05-21T06:51:07,SENSOR,SYS,0,0,14,92
2026-05-21T06:51:10,SYSTEM,SYS,0,0,7,103
2026-05-21T06:51:10,SYSTEM,SYS,0,0,8,8153
2026-05-21T06:51:10,SYSTEM,SYS,0,0,12,31
2026-05-21T06:51:37,SENSOR,SYS,0,0,14,92
2026-05-21T06:52:07,SENSOR,SYS,0,0,14,92
2026-05-21T06:52:09,SYSTEM,SYS,0,0,7,103
2026-05-21T06:52:09,SYSTEM,SYS,0,0,8,8153
2026-05-21T06:52:09,SYSTEM,SYS,0,0,12,31
2026-05-21T06:52:36,SYSTEM,WEB,0,0,1,0
2026-05-21T06:52:38,SENSOR,SYS,0,0,14,92
2026-05-21T06:53:08,SENSOR,SYS,0,0,14,92
2026-05-21T06:53:10,SYSTEM,SYS,0,0,7,103
2026-05-21T06:53:10,SYSTEM,SYS,0,0,8,8153
2026-05-21T06:53:10,SYSTEM,SYS,0,0,12,31
2026-05-21T06:53:38,SENSOR,SYS,0,0,14,92
2026-05-21T06:54:08,SENSOR,SYS,0,0,14,92
2026-05-21T06:54:09,SYSTEM,SYS,0,0,7,103
2026-05-21T06:54:09,SYSTEM,SYS,0,0,8,8153
2026-05-21T06:54:09,SYSTEM,SYS,0,0,12,31
2026-05-21T06:54:37,SYSTEM,WEB,0,0,1,0
2026-05-21T06:54:39,SENSOR,SYS,0,0,14,92
2026-05-21T06:55:09,SENSOR,SYS,0,0,14,92
2026-05-21T06:55:09,SYSTEM,SYS,0,0,7,103
2026-05-21T06:55:09,SYSTEM,SYS,0,0,8,8153
2026-05-21T06:55:09,SYSTEM,SYS,0,0,12,31
2026-05-21T06:55:40,SENSOR,SYS,0,0,14,92
2026-05-21T06:56:10,SYSTEM,SYS,0,0,7,103
2026-05-21T06:56:10,SYSTEM,SYS,0,0,8,8153
2026-05-21T06:56:10,SYSTEM,SYS,0,0,12,31
2026-05-21T06:56:10,SENSOR,SYS,0,0,14,92
2026-05-21T06:56:37,SYSTEM,WEB,0,0,1,0
2026-05-21T06:56:40,SENSOR,SYS,0,0,14,92
2026-05-21T06:57:09,SYSTEM,SYS,0,0,7,103
2026-05-21T06:57:09,SYSTEM,SYS,0,0,8,8153
2026-05-21T06:57:09,SYSTEM,SYS,0,0,12,31
2026-05-21T06:57:10,SENSOR,SYS,0,0,14,91
2026-05-21T06:57:41,SENSOR,SYS,0,0,14,91
2026-05-21T06:58:09,SYSTEM,SYS,0,0,7,103
2026-05-21T06:58:09,SYSTEM,SYS,0,0,8,8153
2026-05-21T06:58:09,SYSTEM,SYS,0,0,12,31
2026-05-21T06:58:11,SENSOR,SYS,0,0,14,91
2026-05-21T06:58:39,SYSTEM,WEB,0,0,1,0
2026-05-21T06:58:42,SENSOR,SYS,0,0,14,91
2026-05-21T06:59:10,SYSTEM,SYS,0,0,7,103
2026-05-21T06:59:10,SYSTEM,SYS,0,0,8,8153
2026-05-21T06:59:10,SYSTEM,SYS,0,0,12,31
2026-05-21T06:59:12,SENSOR,SYS,0,0,14,91
2026-05-21T06:59:42,SENSOR,SYS,0,0,14,91
2026-05-21T07:00:09,SYSTEM,SYS,0,0,7,103
2026-05-21T07:00:09,SYSTEM,SYS,0,0,8,8153
2026-05-21T07:00:09,SYSTEM,SYS,0,0,12,31
2026-05-21T07:00:12,SENSOR,SYS,0,0,14,91
2026-05-21T07:00:39,SYSTEM,WEB,0,0,1,0
2026-05-21T07:00:42,SENSOR,SYS,0,0,14,91
2026-05-21T07:01:09,SYSTEM,SYS,0,0,7,102
2026-05-21T07:01:09,SYSTEM,SYS,0,0,8,8153
2026-05-21T07:01:09,SYSTEM,SYS,0,0,12,31
2026-05-21T07:01:13,SENSOR,SYS,0,0,14,91
2026-05-21T07:01:43,SENSOR,SYS,0,0,14,91
2026-05-21T07:02:10,SYSTEM,SYS,0,0,7,103
2026-05-21T07:02:10,SYSTEM,SYS,0,0,8,8153
2026-05-21T07:02:10,SYSTEM,SYS,0,0,12,31
2026-05-21T07:02:14,SENSOR,SYS,0,0,14,91
2026-05-21T07:02:40,SYSTEM,WEB,0,0,1,0
2026-05-21T07:02:44,SENSOR,SYS,0,0,14,91
2026-05-21T07:03:09,SYSTEM,SYS,0,0,7,103
2026-05-21T07:03:09,SYSTEM,SYS,0,0,8,8153
2026-05-21T07:03:09,SYSTEM,SYS,0,0,12,31
2026-05-21T07:03:14,SENSOR,SYS,0,0,14,91
2026-05-21T07:03:44,SENSOR,SYS,0,0,14,91
2026-05-21T07:04:09,SYSTEM,SYS,0,0,7,102
2026-05-21T07:04:09,SYSTEM,SYS,0,0,8,8153
2026-05-21T07:04:09,SYSTEM,SYS,0,0,12,31
2026-05-21T07:04:15,SENSOR,SYS,0,0,15,91
2026-05-21T07:04:40,SYSTEM,WEB,0,0,1,0
2026-05-21T07:04:45,SENSOR,SYS,0,0,15,91
2026-05-21T07:05:10,SYSTEM,SYS,0,0,7,103
2026-05-21T07:05:10,SYSTEM,SYS,0,0,8,8153
2026-05-21T07:05:10,SYSTEM,SYS,0,0,12,31
2026-05-21T07:05:16,SENSOR,SYS,0,0,15,91
2026-05-21T07:05:46,SENSOR,SYS,0,0,15,91
2026-05-21T07:06:09,SYSTEM,SYS,0,0,7,103
2026-05-21T07:06:09,SYSTEM,SYS,0,0,8,8153
2026-05-21T07:06:09,SYSTEM,SYS,0,0,12,31
2026-05-21T07:06:16,SENSOR,SYS,0,0,15,91
2026-05-21T07:06:40,SYSTEM,WEB,0,0,1,0
2026-05-21T07:06:46,SENSOR,SYS,0,0,15,91
2026-05-21T07:07:09,SYSTEM,SYS,0,0,7,103
2026-05-21T07:07:09,SYSTEM,SYS,0,0,8,8153
2026-05-21T07:07:09,SYSTEM,SYS,0,0,12,31
2026-05-21T07:07:17,SENSOR,SYS,0,0,15,91
2026-05-21T07:07:47,SENSOR,SYS,0,0,15,91
2026-05-21T07:08:10,SYSTEM,SYS,0,0,7,103
2026-05-21T07:08:10,SYSTEM,SYS,0,0,8,8153
2026-05-21T07:08:10,SYSTEM,SYS,0,0,12,31
2026-05-21T07:08:18,SENSOR,SYS,0,0,15,91
2026-05-21T07:08:42,SYSTEM,WEB,0,0,1,0
2026-05-21T07:08:48,SENSOR,SYS,0,0,15,91
2026-05-21T07:09:09,SYSTEM,SYS,0,0,7,102
2026-05-21T07:09:09,SYSTEM,SYS,0,0,8,8153
2026-05-21T07:09:09,SYSTEM,SYS,0,0,12,31
2026-05-21T07:09:18,SENSOR,SYS,0,0,15,91
2026-05-21T07:09:48,SENSOR,SYS,0,0,15,91
2026-05-21T07:10:10,SYSTEM,SYS,0,0,7,103
2026-05-21T07:10:10,SYSTEM,SYS,0,0,8,8153
2026-05-21T07:10:10,SYSTEM,SYS,0,0,12,31
2026-05-21T07:10:19,SENSOR,SYS,0,0,15,91
2026-05-21T07:10:42,SYSTEM,WEB,0,0,1,0
2026-05-21T07:10:49,SENSOR,SYS,0,0,15,91
2026-05-21T07:11:09,SYSTEM,SYS,0,0,7,103
2026-05-21T07:11:09,SYSTEM,SYS,0,0,8,8153
2026-05-21T07:11:09,SYSTEM,SYS,0,0,12,31
2026-05-21T07:11:19,SENSOR,SYS,0,0,15,91
2026-05-21T07:11:49,SENSOR,SYS,0,0,15,91
2026-05-21T07:12:09,SYSTEM,SYS,0,0,7,103
2026-05-21T07:12:09,SYSTEM,SYS,0,0,8,8153
2026-05-21T07:12:09,SYSTEM,SYS,0,0,12,31
2026-05-21T07:12:20,SENSOR,SYS,0,0,15,91
2026-05-21T07:12:43,SYSTEM,WEB,0,0,1,0
2026-05-21T07:12:50,SENSOR,SYS,0,0,15,91
2026-05-21T07:13:10,SYSTEM,SYS,0,0,7,103
2026-05-21T07:13:10,SYSTEM,SYS,0,0,8,8153
2026-05-21T07:13:10,SYSTEM,SYS,0,0,12,31
2026-05-21T07:13:21,SENSOR,SYS,0,0,15,91
2026-05-21T07:13:51,SENSOR,SYS,0,0,15,91
2026-05-21T07:14:09,SYSTEM,SYS,0,0,7,103
2026-05-21T07:14:09,SYSTEM,SYS,0,0,8,8153
2026-05-21T07:14:09,SYSTEM,SYS,0,0,12,31
2026-05-21T07:14:21,SENSOR,SYS,0,0,15,91
2026-05-21T07:14:44,SYSTEM,WEB,0,0,1,0
2026-05-21T07:14:51,SENSOR,SYS,0,0,15,91
2026-05-21T07:15:09,SYSTEM,SYS,0,0,7,103
2026-05-21T07:15:09,SYSTEM,SYS,0,0,8,8153
2026-05-21T07:15:09,SYSTEM,SYS,0,0,12,31
2026-05-21T07:15:22,SENSOR,SYS,0,0,15,91
2026-05-21T07:15:52,SENSOR,SYS,0,0,15,91
2026-05-21T07:16:09,SYSTEM,SYS,0,0,7,103
2026-05-21T07:16:09,SYSTEM,SYS,0,0,8,8153
2026-05-21T07:16:09,SYSTEM,SYS,0,0,12,31
2026-05-21T07:16:22,SENSOR,SYS,0,0,15,91
2026-05-21T07:16:44,SYSTEM,WEB,0,0,1,0
2026-05-21T07:16:53,SENSOR,SYS,0,0,15,91
2026-05-21T07:17:10,SYSTEM,SYS,0,0,7,103
2026-05-21T07:17:10,SYSTEM,SYS,0,0,8,8153
2026-05-21T07:17:10,SYSTEM,SYS,0,0,12,31
2026-05-21T07:17:23,SENSOR,SYS,0,0,15,91
2026-05-21T07:17:53,SENSOR,SYS,0,0,15,91
2026-05-21T07:18:09,SYSTEM,SYS,0,0,7,103
2026-05-21T07:18:09,SYSTEM,SYS,0,0,8,8153
2026-05-21T07:18:09,SYSTEM,SYS,0,0,12,31
2026-05-21T07:18:23,SENSOR,SYS,0,0,15,91
2026-05-21T07:18:44,SYSTEM,WEB,0,0,1,0
2026-05-21T07:18:54,SENSOR,SYS,0,0,15,91
2026-05-21T07:19:09,SYSTEM,SYS,0,0,7,102
2026-05-21T07:19:09,SYSTEM,SYS,0,0,8,8153
2026-05-21T07:19:09,SYSTEM,SYS,0,0,12,31
2026-05-21T07:19:24,SENSOR,SYS,0,0,15,91
2026-05-21T07:19:55,SENSOR,SYS,0,0,15,91
2026-05-21T07:20:10,SYSTEM,SYS,0,0,7,102
2026-05-21T07:20:10,SYSTEM,SYS,0,0,8,8153
2026-05-21T07:20:10,SYSTEM,SYS,0,0,12,31
2026-05-21T07:20:25,SENSOR,SYS,0,0,15,91
2026-05-21T07:20:45,SYSTEM,WEB,0,0,1,0
2026-05-21T07:20:55,SENSOR,SYS,0,0,15,91
2026-05-21T07:21:09,SYSTEM,SYS,0,0,7,103
2026-05-21T07:21:09,SYSTEM,SYS,0,0,8,8153
2026-05-21T07:21:09,SYSTEM,SYS,0,0,12,31
2026-05-21T07:21:25,SENSOR,SYS,0,0,15,91
2026-05-21T07:21:56,SENSOR,SYS,0,0,15,91
2026-05-21T07:22:09,SYSTEM,SYS,0,0,7,102
2026-05-21T07:22:09,SYSTEM,SYS,0,0,8,8153
2026-05-21T07:22:09,SYSTEM,SYS,0,0,12,31
2026-05-21T07:22:26,SENSOR,SYS,0,0,15,91
2026-05-21T07:22:47,SYSTEM,WEB,0,0,1,0
2026-05-21T07:22:57,SENSOR,SYS,0,0,15,91
2026-05-21T07:23:10,SYSTEM,SYS,0,0,7,103
2026-05-21T07:23:10,SYSTEM,SYS,0,0,8,8153
2026-05-21T07:23:10,SYSTEM,SYS,0,0,12,31
2026-05-21T07:23:27,SENSOR,SYS,0,0,16,90
2026-05-21T07:23:57,SENSOR,SYS,0,0,16,90
2026-05-21T07:24:09,SYSTEM,SYS,0,0,7,103
2026-05-21T07:24:09,SYSTEM,SYS,0,0,8,8153
2026-05-21T07:24:09,SYSTEM,SYS,0,0,12,31
2026-05-21T07:24:27,SENSOR,SYS,0,0,16,90
2026-05-21T07:24:48,SYSTEM,WEB,0,0,1,0
2026-05-21T07:24:58,SENSOR,SYS,0,0,16,90
2026-05-21T07:25:09,SYSTEM,SYS,0,0,7,103
2026-05-21T07:25:09,SYSTEM,SYS,0,0,8,8153
2026-05-21T07:25:09,SYSTEM,SYS,0,0,12,31
2026-05-21T07:25:28,SENSOR,SYS,0,0,16,90
2026-05-21T07:25:58,SENSOR,SYS,0,0,16,90
2026-05-21T07:26:09,SYSTEM,SYS,0,0,7,103
2026-05-21T07:26:09,SYSTEM,SYS,0,0,8,8153
2026-05-21T07:26:09,SYSTEM,SYS,0,0,12,31
2026-05-21T07:26:28,SENSOR,SYS,0,0,16,90
2026-05-21T07:26:48,SYSTEM,WEB,0,0,1,0
2026-05-21T07:26:59,SENSOR,SYS,0,0,16,90
2026-05-21T07:27:09,SYSTEM,SYS,0,0,7,103
2026-05-21T07:27:09,SYSTEM,SYS,0,0,8,8153
2026-05-21T07:27:09,SYSTEM,SYS,0,0,12,31
2026-05-21T07:27:29,SENSOR,SYS,0,0,16,90
2026-05-21T07:28:00,SENSOR,SYS,0,0,16,89
2026-05-21T07:28:10,SYSTEM,SYS,0,0,7,103
2026-05-21T07:28:10,SYSTEM,SYS,0,0,8,8153
2026-05-21T07:28:10,SYSTEM,SYS,0,0,12,31
2026-05-21T07:28:30,SENSOR,SYS,0,0,16,89
2026-05-21T07:28:49,SYSTEM,WEB,0,0,1,0
2026-05-21T07:29:00,SENSOR,SYS,0,0,16,89
2026-05-21T07:29:09,SYSTEM,SYS,0,0,7,103
2026-05-21T07:29:09,SYSTEM,SYS,0,0,8,8153
2026-05-21T07:29:09,SYSTEM,SYS,0,0,12,31
2026-05-21T07:29:30,SENSOR,SYS,0,0,16,89
2026-05-21T07:30:01,SENSOR,SYS,0,0,16,89
2026-05-21T07:30:09,SYSTEM,SYS,0,0,7,103
2026-05-21T07:30:09,SYSTEM,SYS,0,0,8,8153
2026-05-21T07:30:09,SYSTEM,SYS,0,0,12,31
2026-05-21T07:30:31,SENSOR,SYS,0,0,16,89
2026-05-21T07:30:49,SYSTEM,WEB,0,0,1,0
2026-05-21T07:31:01,SENSOR,SYS,0,0,16,89
2026-05-21T07:31:09,SYSTEM,SYS,0,0,7,103
2026-05-21T07:31:09,SYSTEM,SYS,0,0,8,8153
2026-05-21T07:31:09,SYSTEM,SYS,0,0,12,31
2026-05-21T07:31:32,SENSOR,SYS,0,0,16,89
2026-05-21T07:32:02,SENSOR,SYS,0,0,16,89
2026-05-21T07:32:09,SYSTEM,SYS,0,0,7,103
2026-05-21T07:32:09,SYSTEM,SYS,0,0,8,8153
2026-05-21T07:32:09,SYSTEM,SYS,0,0,12,31
2026-05-21T07:32:33,SENSOR,SYS,0,0,16,89
2026-05-21T07:32:50,SYSTEM,WEB,0,0,1,0
2026-05-21T07:33:03,SENSOR,SYS,0,0,16,89
2026-05-21T07:33:10,SYSTEM,SYS,0,0,7,102
2026-05-21T07:33:10,SYSTEM,SYS,0,0,8,8153
2026-05-21T07:33:10,SYSTEM,SYS,0,0,12,31
2026-05-21T07:33:33,SENSOR,SYS,0,0,16,89
2026-05-21T07:34:03,SENSOR,SYS,0,0,16,89
2026-05-21T07:34:09,SYSTEM,SYS,0,0,7,103
2026-05-21T07:34:09,SYSTEM,SYS,0,0,8,8153
2026-05-21T07:34:09,SYSTEM,SYS,0,0,12,31
2026-05-21T07:34:34,SENSOR,SYS,0,0,16,89
2026-05-21T07:34:51,SYSTEM,WEB,0,0,1,0
2026-05-21T07:35:04,SENSOR,SYS,0,0,16,89
2026-05-21T07:35:10,SYSTEM,SYS,0,0,7,103
2026-05-21T07:35:10,SYSTEM,SYS,0,0,8,8153
2026-05-21T07:35:10,SYSTEM,SYS,0,0,12,31
2026-05-21T07:35:34,SENSOR,SYS,0,0,16,89
2026-05-21T07:36:04,SENSOR,SYS,0,0,16,89
2026-05-21T07:36:09,SYSTEM,SYS,0,0,7,102
2026-05-21T07:36:09,SYSTEM,SYS,0,0,8,8153
2026-05-21T07:36:09,SYSTEM,SYS,0,0,12,31
2026-05-21T07:36:35,SENSOR,SYS,0,0,16,89
2026-05-21T07:36:52,SYSTEM,WEB,0,0,1,0
2026-05-21T07:37:05,SENSOR,SYS,0,0,16,89
2026-05-21T07:37:09,SYSTEM,SYS,0,0,7,103
2026-05-21T07:37:09,SYSTEM,SYS,0,0,8,8153
2026-05-21T07:37:09,SYSTEM,SYS,0,0,12,31
2026-05-21T07:37:36,SENSOR,SYS,0,0,16,89
2026-05-21T07:38:06,SENSOR,SYS,0,0,16,89
2026-05-21T07:38:10,SYSTEM,SYS,0,0,7,103
2026-05-21T07:38:10,SYSTEM,SYS,0,0,8,8153
2026-05-21T07:38:10,SYSTEM,SYS,0,0,12,31
2026-05-21T07:38:36,SENSOR,SYS,0,0,16,89
2026-05-21T07:38:52,SYSTEM,WEB,0,0,1,0
2026-05-21T07:39:06,SENSOR,SYS,0,0,16,89
2026-05-21T07:39:09,SYSTEM,SYS,0,0,7,103
2026-05-21T07:39:09,SYSTEM,SYS,0,0,8,8153
2026-05-21T07:39:09,SYSTEM,SYS,0,0,12,31
2026-05-21T07:39:37,SENSOR,SYS,0,0,16,89
2026-05-21T07:40:07,SENSOR,SYS,0,0,16,89
2026-05-21T07:40:09,SYSTEM,SYS,0,0,7,103
2026-05-21T07:40:09,SYSTEM,SYS,0,0,8,8153
2026-05-21T07:40:09,SYSTEM,SYS,0,0,12,31
2026-05-21T07:40:38,SENSOR,SYS,0,0,16,89
2026-05-21T07:40:54,SYSTEM,WEB,0,0,1,0
2026-05-21T07:41:08,SENSOR,SYS,0,0,16,89
2026-05-21T07:41:10,SYSTEM,SYS,0,0,7,103
2026-05-21T07:41:10,SYSTEM,SYS,0,0,8,8153
2026-05-21T07:41:10,SYSTEM,SYS,0,0,12,31
2026-05-21T07:41:38,SENSOR,SYS,0,0,16,89
2026-05-21T07:42:08,SENSOR,SYS,0,0,16,89
2026-05-21T07:42:09,SYSTEM,SYS,0,0,7,103
2026-05-21T07:42:09,SYSTEM,SYS,0,0,8,8153
2026-05-21T07:42:09,SYSTEM,SYS,0,0,12,31
2026-05-21T07:42:39,SENSOR,SYS,0,0,16,89
2026-05-21T07:42:54,SYSTEM,WEB,0,0,1,0
2026-05-21T07:43:09,SENSOR,SYS,0,0,17,88
2026-05-21T07:43:10,SYSTEM,SYS,0,0,7,103
2026-05-21T07:43:10,SYSTEM,SYS,0,0,8,8153
2026-05-21T07:43:10,SYSTEM,SYS,0,0,12,31
2026-05-21T07:43:39,SENSOR,SYS,0,0,17,88
2026-05-21T07:44:09,SYSTEM,SYS,0,0,7,103
2026-05-21T07:44:09,SYSTEM,SYS,0,0,8,8153
2026-05-21T07:44:09,SYSTEM,SYS,0,0,12,31
2026-05-21T07:44:09,SENSOR,SYS,0,0,17,88
2026-05-21T07:44:40,SENSOR,SYS,0,0,17,88
2026-05-21T07:44:55,SYSTEM,WEB,0,0,1,0
2026-05-21T07:45:09,SYSTEM,SYS,0,0,7,103
2026-05-21T07:45:09,SYSTEM,SYS,0,0,8,8153
2026-05-21T07:45:09,SYSTEM,SYS,0,0,12,31
2026-05-21T07:45:10,SENSOR,SYS,0,0,17,88
2026-05-21T07:45:41,SENSOR,SYS,0,0,17,88
2026-05-21T07:46:10,SYSTEM,SYS,0,0,7,103
2026-05-21T07:46:10,SYSTEM,SYS,0,0,8,8153
2026-05-21T07:46:10,SYSTEM,SYS,0,0,12,31
2026-05-21T07:46:11,SENSOR,SYS,0,0,17,88
2026-05-21T07:46:41,SENSOR,SYS,0,0,17,88
2026-05-21T07:46:56,SYSTEM,WEB,0,0,1,0
2026-05-21T07:47:10,SYSTEM,SYS,0,0,7,103
2026-05-21T07:47:10,SYSTEM,SYS,0,0,8,8153
2026-05-21T07:47:10,SYSTEM,SYS,0,0,12,31
2026-05-21T07:47:12,SENSOR,SYS,0,0,17,88
2026-05-21T07:47:42,SENSOR,SYS,0,0,17,88
2026-05-21T07:48:09,SYSTEM,SYS,0,0,7,103
2026-05-21T07:48:09,SYSTEM,SYS,0,0,8,8153
2026-05-21T07:48:09,SYSTEM,SYS,0,0,12,31
2026-05-21T07:48:12,SENSOR,SYS,0,0,17,88
2026-05-21T07:48:42,SENSOR,SYS,0,0,17,87
2026-05-21T07:48:56,SYSTEM,WEB,0,0,1,0
2026-05-21T07:49:09,SYSTEM,SYS,0,0,7,103
2026-05-21T07:49:09,SYSTEM,SYS,0,0,8,8153
2026-05-21T07:49:09,SYSTEM,SYS,0,0,12,31
2026-05-21T07:49:13,SENSOR,SYS,0,0,17,87
2026-05-21T07:49:43,SENSOR,SYS,0,0,17,87
2026-05-21T07:50:09,SYSTEM,SYS,0,0,7,103
2026-05-21T07:50:09,SYSTEM,SYS,0,0,8,8153
2026-05-21T07:50:09,SYSTEM,SYS,0,0,12,31
2026-05-21T07:50:13,SENSOR,SYS,0,0,17,87
2026-05-21T07:50:43,SENSOR,SYS,0,0,17,87
2026-05-21T07:50:57,SYSTEM,WEB,0,0,1,0
2026-05-21T07:51:09,SYSTEM,SYS,0,0,7,103
2026-05-21T07:51:09,SYSTEM,SYS,0,0,8,8153
2026-05-21T07:51:09,SYSTEM,SYS,0,0,12,31
2026-05-21T07:51:14,SENSOR,SYS,0,0,17,87
2026-05-21T07:51:44,SENSOR,SYS,0,0,17,87
2026-05-21T07:52:10,SYSTEM,SYS,0,0,7,102
2026-05-21T07:52:10,SYSTEM,SYS,0,0,8,8153
2026-05-21T07:52:10,SYSTEM,SYS,0,0,12,31
2026-05-21T07:52:15,SENSOR,SYS,0,0,17,87
2026-05-21T07:52:45,SENSOR,SYS,0,0,17,87
2026-05-21T07:52:58,SYSTEM,WEB,0,0,1,0
2026-05-21T07:53:09,SYSTEM,SYS,0,0,7,102
2026-05-21T07:53:09,SYSTEM,SYS,0,0,8,8153
2026-05-21T07:53:09,SYSTEM,SYS,0,0,12,31
2026-05-21T07:53:15,SENSOR,SYS,0,0,18,87
2026-05-21T07:53:45,SENSOR,SYS,0,0,18,87
2026-05-21T07:54:09,SYSTEM,SYS,0,0,7,103
2026-05-21T07:54:09,SYSTEM,SYS,0,0,8,8153
2026-05-21T07:54:09,SYSTEM,SYS,0,0,12,31
2026-05-21T07:54:16,SENSOR,SYS,0,0,18,87
2026-05-21T07:54:46,SENSOR,SYS,0,0,18,87
2026-05-21T07:54:59,SYSTEM,WEB,0,0,1,0
2026-05-21T07:55:10,SYSTEM,SYS,0,0,7,103
2026-05-21T07:55:10,SYSTEM,SYS,0,0,8,8153
2026-05-21T07:55:10,SYSTEM,SYS,0,0,12,31
2026-05-21T07:55:17,SENSOR,SYS,0,0,18,87
2026-05-21T07:55:47,SENSOR,SYS,0,0,18,87
2026-05-21T07:56:09,SYSTEM,SYS,0,0,7,103
2026-05-21T07:56:09,SYSTEM,SYS,0,0,8,8153
2026-05-21T07:56:09,SYSTEM,SYS,0,0,12,31
2026-05-21T07:56:17,SENSOR,SYS,0,0,18,87
2026-05-21T07:56:47,SENSOR,SYS,0,0,18,87
2026-05-21T07:57:00,SYSTEM,WEB,0,0,1,0
2026-05-21T07:57:09,SYSTEM,SYS,0,0,7,103
2026-05-21T07:57:09,SYSTEM,SYS,0,0,8,8153
2026-05-21T07:57:09,SYSTEM,SYS,0,0,12,31
2026-05-21T07:57:18,SENSOR,SYS,0,0,18,87
2026-05-21T07:57:48,SENSOR,SYS,0,0,18,87
2026-05-21T07:58:09,SYSTEM,SYS,0,0,7,103
2026-05-21T07:58:09,SYSTEM,SYS,0,0,8,8153
2026-05-21T07:58:09,SYSTEM,SYS,0,0,12,31
2026-05-21T07:58:18,SENSOR,SYS,0,0,18,87
2026-05-21T07:58:48,SENSOR,SYS,0,0,18,87
2026-05-21T07:59:01,SYSTEM,WEB,0,0,1,0
2026-05-21T07:59:09,SYSTEM,SYS,0,0,7,103
2026-05-21T07:59:09,SYSTEM,SYS,0,0,8,8153
2026-05-21T07:59:09,SYSTEM,SYS,0,0,12,31
2026-05-21T07:59:19,SENSOR,SYS,0,0,18,87
2026-05-21T07:59:49,SENSOR,SYS,0,0,18,87
2026-05-21T08:00:10,SYSTEM,SYS,0,0,7,103
2026-05-21T08:00:10,SYSTEM,SYS,0,0,8,8153
2026-05-21T08:00:10,SYSTEM,SYS,0,0,12,31
2026-05-21T08:00:20,SENSOR,SYS,0,0,18,87
2026-05-21T08:00:50,SENSOR,SYS,0,0,18,87
2026-05-21T08:01:02,SYSTEM,WEB,0,0,1,0
2026-05-21T08:01:09,SYSTEM,SYS,0,0,7,103
2026-05-21T08:01:09,SYSTEM,SYS,0,0,8,8153
2026-05-21T08:01:09,SYSTEM,SYS,0,0,12,31
2026-05-21T08:01:20,SENSOR,SYS,0,0,18,87
2026-05-21T08:01:51,SENSOR,SYS,0,0,18,87
2026-05-21T08:02:10,SYSTEM,SYS,0,0,7,103
2026-05-21T08:02:10,SYSTEM,SYS,0,0,8,8153
2026-05-21T08:02:10,SYSTEM,SYS,0,0,12,31
2026-05-21T08:02:21,SENSOR,SYS,0,0,18,87
2026-05-21T08:02:51,SENSOR,SYS,0,0,18,87
2026-05-21T08:03:02,SYSTEM,WEB,0,0,1,0
2026-05-21T08:03:09,SYSTEM,SYS,0,0,7,103
2026-05-21T08:03:09,SYSTEM,SYS,0,0,8,8153
2026-05-21T08:03:09,SYSTEM,SYS,0,0,12,31
2026-05-21T08:03:21,SENSOR,SYS,0,0,18,87
2026-05-21T08:03:52,SENSOR,SYS,0,0,18,87
2026-05-21T08:04:09,SYSTEM,SYS,0,0,7,103
2026-05-21T08:04:09,SYSTEM,SYS,0,0,8,8153
2026-05-21T08:04:09,SYSTEM,SYS,0,0,12,31
2026-05-21T08:04:22,SENSOR,SYS,0,0,18,87
2026-05-21T08:04:53,SENSOR,SYS,0,0,18,87
2026-05-21T08:05:04,SYSTEM,WEB,0,0,1,0
2026-05-21T08:05:10,SYSTEM,SYS,0,0,7,103
2026-05-21T08:05:10,SYSTEM,SYS,0,0,8,8153
2026-05-21T08:05:10,SYSTEM,SYS,0,0,12,31
2026-05-21T08:05:23,SENSOR,SYS,0,0,18,87
2026-05-21T08:05:53,SENSOR,SYS,0,0,18,87
2026-05-21T08:06:09,SYSTEM,SYS,0,0,7,103
2026-05-21T08:06:09,SYSTEM,SYS,0,0,8,8153
2026-05-21T08:06:09,SYSTEM,SYS,0,0,12,31
2026-05-21T08:06:23,SENSOR,SYS,0,0,18,87
2026-05-21T08:06:54,SENSOR,SYS,0,0,18,87
2026-05-21T08:07:04,SYSTEM,WEB,0,0,1,0
2026-05-21T08:07:10,SYSTEM,SYS,0,0,7,103
2026-05-21T08:07:10,SYSTEM,SYS,0,0,8,8153
2026-05-21T08:07:10,SYSTEM,SYS,0,0,12,31
2026-05-21T08:07:24,SENSOR,SYS,0,0,18,87
2026-05-21T08:07:54,SENSOR,SYS,0,0,18,87
2026-05-21T08:08:09,SYSTEM,SYS,0,0,7,103
2026-05-21T08:08:09,SYSTEM,SYS,0,0,8,8153
2026-05-21T08:08:09,SYSTEM,SYS,0,0,12,31
2026-05-21T08:08:24,SENSOR,SYS,0,0,18,86
2026-05-21T08:08:55,SENSOR,SYS,0,0,18,86
2026-05-21T08:09:05,SYSTEM,WEB,0,0,1,0
2026-05-21T08:09:09,SYSTEM,SYS,0,0,7,102
2026-05-21T08:09:09,SYSTEM,SYS,0,0,8,8153
2026-05-21T08:09:09,SYSTEM,SYS,0,0,12,31
2026-05-21T08:09:25,SENSOR,SYS,0,0,18,86
2026-05-21T08:09:56,SENSOR,SYS,0,0,18,85
2026-05-21T08:10:10,SYSTEM,SYS,0,0,7,103
2026-05-21T08:10:10,SYSTEM,SYS,0,0,8,8153
2026-05-21T08:10:10,SYSTEM,SYS,0,0,12,31
2026-05-21T08:10:26,SENSOR,SYS,0,0,19,85
2026-05-21T08:10:56,SENSOR,SYS,0,0,19,85
2026-05-21T08:11:07,SYSTEM,WEB,0,0,1,0
2026-05-21T08:11:09,SYSTEM,SYS,0,0,7,103
2026-05-21T08:11:09,SYSTEM,SYS,0,0,8,8153
2026-05-21T08:11:09,SYSTEM,SYS,0,0,12,31
2026-05-21T08:11:26,SENSOR,SYS,0,0,19,85
2026-05-21T08:11:57,SENSOR,SYS,0,0,19,84
2026-05-21T08:12:09,SYSTEM,SYS,0,0,7,103
2026-05-21T08:12:09,SYSTEM,SYS,0,0,8,8153
2026-05-21T08:12:09,SYSTEM,SYS,0,0,12,31
2026-05-21T08:12:27,SENSOR,SYS,0,0,19,84
2026-05-21T08:12:58,SENSOR,SYS,0,0,19,84
2026-05-21T08:13:06,SYSTEM,WEB,0,0,1,0
2026-05-21T08:13:10,SYSTEM,SYS,0,0,7,103
2026-05-21T08:13:10,SYSTEM,SYS,0,0,8,8153
2026-05-21T08:13:10,SYSTEM,SYS,0,0,12,31
2026-05-21T08:13:28,SENSOR,SYS,0,0,20,83
2026-05-21T08:13:58,SENSOR,SYS,0,0,20,83
2026-05-21T08:14:09,SYSTEM,SYS,0,0,7,103
2026-05-21T08:14:09,SYSTEM,SYS,0,0,8,8153
2026-05-21T08:14:09,SYSTEM,SYS,0,0,12,31
2026-05-21T08:14:28,SENSOR,SYS,0,0,20,83
2026-05-21T08:14:59,SENSOR,SYS,0,0,20,82
2026-05-21T08:15:07,SYSTEM,WEB,0,0,1,0
2026-05-21T08:15:10,SYSTEM,SYS,0,0,7,102
2026-05-21T08:15:10,SYSTEM,SYS,0,0,8,8153
2026-05-21T08:15:10,SYSTEM,SYS,0,0,12,31
2026-05-21T08:15:29,SENSOR,SYS,0,0,20,82
2026-05-21T08:15:59,SENSOR,SYS,0,0,20,82
2026-05-21T08:16:09,SYSTEM,SYS,0,0,7,102
2026-05-21T08:16:09,SYSTEM,SYS,0,0,8,8153
2026-05-21T08:16:09,SYSTEM,SYS,0,0,12,31
2026-05-21T08:16:30,SENSOR,SYS,0,0,20,82
2026-05-21T08:17:00,SENSOR,SYS,0,0,20,81
2026-05-21T08:17:08,SYSTEM,WEB,0,0,1,0
2026-05-21T08:17:10,SYSTEM,SYS,0,0,7,103
2026-05-21T08:17:10,SYSTEM,SYS,0,0,8,8153
2026-05-21T08:17:10,SYSTEM,SYS,0,0,12,31
2026-05-21T08:17:30,SENSOR,SYS,0,0,20,81
2026-05-21T08:18:00,SENSOR,SYS,0,0,20,81
2026-05-21T08:18:09,SYSTEM,SYS,0,0,7,103
2026-05-21T08:18:09,SYSTEM,SYS,0,0,8,8153
2026-05-21T08:18:09,SYSTEM,SYS,0,0,12,31
2026-05-21T08:18:31,SENSOR,SYS,0,0,20,81
2026-05-21T08:19:01,SENSOR,SYS,0,0,20,81
2026-05-21T08:19:09,SYSTEM,WEB,0,0,1,0
2026-05-21T08:19:09,SYSTEM,SYS,0,0,7,103
2026-05-21T08:19:09,SYSTEM,SYS,0,0,8,8153
2026-05-21T08:19:09,SYSTEM,SYS,0,0,12,31
2026-05-21T08:19:32,SENSOR,SYS,0,0,20,81
2026-05-21T08:20:02,SENSOR,SYS,0,0,20,81
2026-05-21T08:20:10,SYSTEM,SYS,0,0,7,103
2026-05-21T08:20:10,SYSTEM,SYS,0,0,8,8153
2026-05-21T08:20:10,SYSTEM,SYS,0,0,12,31
2026-05-21T08:20:32,SENSOR,SYS,0,0,20,81
2026-05-21T08:21:02,SENSOR,SYS,0,0,20,81
2026-05-21T08:21:09,SYSTEM,WEB,0,0,1,0
2026-05-21T08:21:09,SYSTEM,SYS,0,0,7,103
2026-05-21T08:21:09,SYSTEM,SYS,0,0,8,8153
2026-05-21T08:21:09,SYSTEM,SYS,0,0,12,31
2026-05-21T08:21:33,SENSOR,SYS,0,0,19,81
2026-05-21T08:22:03,SENSOR,SYS,0,0,19,82
2026-05-21T08:22:10,SYSTEM,SYS,0,0,7,103
2026-05-21T08:22:10,SYSTEM,SYS,0,0,8,8153
2026-05-21T08:22:10,SYSTEM,SYS,0,0,12,31
2026-05-21T08:22:33,SENSOR,SYS,0,0,19,82
2026-05-21T08:23:03,SENSOR,SYS,0,0,19,82
2026-05-21T08:23:09,SYSTEM,SYS,0,0,7,66
2026-05-21T08:23:09,SYSTEM,SYS,0,0,8,8153
2026-05-21T08:23:09,SYSTEM,SYS,0,0,12,31
2026-05-21T08:23:09,SYSTEM,WEB,0,0,1,0
2026-05-21T08:23:34,SENSOR,SYS,0,0,19,82
2026-05-21T08:24:04,SENSOR,SYS,0,0,19,82
2026-05-21T08:24:09,SYSTEM,SYS,0,0,7,103
2026-05-21T08:24:09,SYSTEM,SYS,0,0,8,8153
2026-05-21T08:24:09,SYSTEM,SYS,0,0,12,31
2026-05-21T08:24:35,SENSOR,SYS,0,0,19,82
2026-05-21T08:25:05,SENSOR,SYS,0,0,19,82
2026-05-21T08:25:10,SYSTEM,SYS,0,0,7,102
2026-05-21T08:25:10,SYSTEM,SYS,0,0,8,8153
2026-05-21T08:25:10,SYSTEM,SYS,0,0,12,31
2026-05-21T08:25:11,SYSTEM,WEB,0,0,1,0
2026-05-21T08:25:35,SENSOR,SYS,0,0,19,82
2026-05-21T08:26:05,SENSOR,SYS,0,0,19,83
2026-05-21T08:26:09,SYSTEM,SYS,0,0,7,103
2026-05-21T08:26:09,SYSTEM,SYS,0,0,8,8153
2026-05-21T08:26:09,SYSTEM,SYS,0,0,12,31
2026-05-21T08:26:36,SENSOR,SYS,0,0,19,83
2026-05-21T08:27:06,SENSOR,SYS,0,0,19,83
2026-05-21T08:27:09,SYSTEM,SYS,0,0,7,103
2026-05-21T08:27:09,SYSTEM,SYS,0,0,8,8153
2026-05-21T08:27:09,SYSTEM,SYS,0,0,12,31
2026-05-21T08:27:12,SYSTEM,WEB,0,0,1,0
2026-05-21T08:27:37,SENSOR,SYS,0,0,19,83
2026-05-21T08:28:07,SENSOR,SYS,0,0,19,83
2026-05-21T08:28:10,SYSTEM,SYS,0,0,7,103
2026-05-21T08:28:10,SYSTEM,SYS,0,0,8,8153
2026-05-21T08:28:10,SYSTEM,SYS,0,0,12,31
2026-05-21T08:28:37,SENSOR,SYS,0,0,20,83
2026-05-21T08:29:07,SENSOR,SYS,0,0,20,83
2026-05-21T08:29:09,SYSTEM,SYS,0,0,7,103
2026-05-21T08:29:09,SYSTEM,SYS,0,0,8,8153
2026-05-21T08:29:09,SYSTEM,SYS,0,0,12,31
2026-05-21T08:29:13,SYSTEM,WEB,0,0,1,0
2026-05-21T08:29:38,SENSOR,SYS,0,0,20,83
2026-05-21T08:30:08,SENSOR,SYS,0,0,20,82
2026-05-21T08:30:10,SYSTEM,SYS,0,0,7,103
2026-05-21T08:30:10,SYSTEM,SYS,0,0,8,8153
2026-05-21T08:30:10,SYSTEM,SYS,0,0,12,31
2026-05-21T08:30:39,SENSOR,SYS,0,0,20,82
2026-05-21T08:31:09,SENSOR,SYS,0,0,20,82
2026-05-21T08:31:10,SYSTEM,SYS,0,0,7,103
2026-05-21T08:31:10,SYSTEM,SYS,0,0,8,8153
2026-05-21T08:31:10,SYSTEM,SYS,0,0,12,31
2026-05-21T08:31:13,SYSTEM,WEB,0,0,1,0
2026-05-21T08:31:39,SENSOR,SYS,0,0,21,82
2026-05-21T08:32:09,SENSOR,SYS,0,0,21,81
2026-05-21T08:32:09,SYSTEM,SYS,0,0,7,103
2026-05-21T08:32:09,SYSTEM,SYS,0,0,8,8153
2026-05-21T08:32:09,SYSTEM,SYS,0,0,12,31
2026-05-21T08:32:39,SENSOR,SYS,0,0,21,81
2026-05-21T08:33:09,SYSTEM,SYS,0,0,7,103
2026-05-21T08:33:09,SYSTEM,SYS,0,0,8,8153
2026-05-21T08:33:09,SYSTEM,SYS,0,0,12,31
2026-05-21T08:33:10,SENSOR,SYS,0,0,21,81
2026-05-21T08:33:14,SYSTEM,WEB,0,0,1,0
2026-05-21T08:33:40,SENSOR,SYS,0,0,21,81
2026-05-21T08:34:10,SYSTEM,SYS,0,0,7,103
2026-05-21T08:34:10,SYSTEM,SYS,0,0,8,8153
2026-05-21T08:34:10,SYSTEM,SYS,0,0,12,31
2026-05-21T08:34:11,SENSOR,SYS,0,0,21,80
2026-05-21T08:34:41,SENSOR,SYS,0,0,21,80
2026-05-21T08:35:09,SYSTEM,SYS,0,0,7,103
2026-05-21T08:35:09,SYSTEM,SYS,0,0,8,8153
2026-05-21T08:35:09,SYSTEM,SYS,0,0,12,31
2026-05-21T08:35:11,SENSOR,SYS,0,0,21,80
2026-05-21T08:35:14,SYSTEM,WEB,0,0,1,0
2026-05-21T08:35:41,SENSOR,SYS,0,0,21,80
2026-05-21T08:36:09,SYSTEM,SYS,0,0,7,103
2026-05-21T08:36:09,SYSTEM,SYS,0,0,8,8153
2026-05-21T08:36:09,SYSTEM,SYS,0,0,12,31
2026-05-21T08:36:12,SENSOR,SYS,0,0,21,79
2026-05-21T08:36:42,SENSOR,SYS,0,0,21,79
2026-05-21T08:37:10,SYSTEM,SYS,0,0,7,103
2026-05-21T08:37:10,SYSTEM,SYS,0,0,8,8153
2026-05-21T08:37:10,SYSTEM,SYS,0,0,12,31
2026-05-21T08:37:13,SENSOR,SYS,0,0,21,79
2026-05-21T08:37:16,SYSTEM,WEB,0,0,1,0
2026-05-21T08:37:43,SENSOR,SYS,0,0,21,79
2026-05-21T08:38:09,SYSTEM,SYS,0,0,7,103
2026-05-21T08:38:09,SYSTEM,SYS,0,0,8,8153
2026-05-21T08:38:09,SYSTEM,SYS,0,0,12,31
2026-05-21T08:38:13,SENSOR,SYS,0,0,21,79
2026-05-21T08:38:43,SENSOR,SYS,0,0,21,79
2026-05-21T08:39:10,SYSTEM,SYS,0,0,7,103
2026-05-21T08:39:10,SYSTEM,SYS,0,0,8,8153
2026-05-21T08:39:10,SYSTEM,SYS,0,0,12,31
2026-05-21T08:39:14,SENSOR,SYS,0,0,21,79
2026-05-21T08:39:17,SYSTEM,WEB,0,0,1,0
2026-05-21T08:39:44,SENSOR,SYS,0,0,21,79
2026-05-21T08:40:09,SYSTEM,SYS,0,0,7,103
2026-05-21T08:40:09,SYSTEM,SYS,0,0,8,8153
2026-05-21T08:40:09,SYSTEM,SYS,0,0,12,31
2026-05-21T08:40:14,SENSOR,SYS,0,0,21,79
2026-05-21T08:40:44,SENSOR,SYS,0,0,21,79
2026-05-21T08:41:09,SYSTEM,SYS,0,0,7,102
2026-05-21T08:41:09,SYSTEM,SYS,0,0,8,8153
2026-05-21T08:41:09,SYSTEM,SYS,0,0,12,31
2026-05-21T08:41:15,SENSOR,SYS,0,0,21,79
2026-05-21T08:41:17,SYSTEM,WEB,0,0,1,0
2026-05-21T08:41:45,SENSOR,SYS,0,0,21,80
2026-05-21T08:42:10,SYSTEM,SYS,0,0,7,103
2026-05-21T08:42:10,SYSTEM,SYS,0,0,8,8153
2026-05-21T08:42:10,SYSTEM,SYS,0,0,12,31
2026-05-21T08:42:16,SENSOR,SYS,0,0,21,80
2026-05-21T08:42:46,SENSOR,SYS,0,0,21,80
2026-05-21T08:43:09,SYSTEM,SYS,0,0,7,103
2026-05-21T08:43:09,SYSTEM,SYS,0,0,8,8153
2026-05-21T08:43:09,SYSTEM,SYS,0,0,12,31
2026-05-21T08:43:16,SENSOR,SYS,0,0,21,80
2026-05-21T08:43:18,SYSTEM,WEB,0,0,1,0
2026-05-21T08:43:46,SENSOR,SYS,0,0,21,80
2026-05-21T08:44:09,SYSTEM,SYS,0,0,7,103
2026-05-21T08:44:09,SYSTEM,SYS,0,0,8,8153
2026-05-21T08:44:09,SYSTEM,SYS,0,0,12,31
2026-05-21T08:44:17,SENSOR,SYS,0,0,21,80
2026-05-21T08:44:47,SENSOR,SYS,0,0,21,81
2026-05-21T08:45:10,SYSTEM,SYS,0,0,7,103
2026-05-21T08:45:10,SYSTEM,SYS,0,0,8,8153
2026-05-21T08:45:10,SYSTEM,SYS,0,0,12,31
2026-05-21T08:45:18,SENSOR,SYS,0,0,21,81
2026-05-21T08:45:19,SYSTEM,WEB,0,0,1,0
2026-05-21T08:45:48,SENSOR,SYS,0,0,21,81
2026-05-21T08:46:09,SYSTEM,SYS,0,0,7,103
2026-05-21T08:46:09,SYSTEM,SYS,0,0,8,8153
2026-05-21T08:46:09,SYSTEM,SYS,0,0,12,31
2026-05-21T08:46:18,SENSOR,SYS,0,0,21,81
2026-05-21T08:46:49,SENSOR,SYS,0,0,21,81
2026-05-21T08:47:10,SYSTEM,SYS,0,0,7,103
2026-05-21T08:47:10,SYSTEM,SYS,0,0,8,8153
2026-05-21T08:47:10,SYSTEM,SYS,0,0,12,31
2026-05-21T08:47:19,SENSOR,SYS,0,0,21,81
2026-05-21T08:47:20,SYSTEM,WEB,0,0,1,0
2026-05-21T08:47:49,SENSOR,SYS,0,0,21,82
2026-05-21T08:48:09,SYSTEM,SYS,0,0,7,103
2026-05-21T08:48:09,SYSTEM,SYS,0,0,8,8153
2026-05-21T08:48:09,SYSTEM,SYS,0,0,12,31
2026-05-21T08:48:19,SENSOR,SYS,0,0,21,81
2026-05-21T08:48:50,SENSOR,SYS,0,0,21,80
2026-05-21T08:49:10,SYSTEM,SYS,0,0,7,103
2026-05-21T08:49:10,SYSTEM,SYS,0,0,8,8153
2026-05-21T08:49:10,SYSTEM,SYS,0,0,12,31
2026-05-21T08:49:20,SENSOR,SYS,0,0,21,80
2026-05-21T08:49:20,SYSTEM,WEB,0,0,1,0
2026-05-21T08:49:50,SENSOR,SYS,0,0,21,79
2026-05-21T08:50:09,SYSTEM,SYS,0,0,7,103
2026-05-21T08:50:09,SYSTEM,SYS,0,0,8,8153
2026-05-21T08:50:09,SYSTEM,SYS,0,0,12,31
2026-05-21T08:50:20,SENSOR,SYS,0,0,22,78
2026-05-21T08:50:51,SENSOR,SYS,0,0,22,77
2026-05-21T08:51:09,SYSTEM,SYS,0,0,7,103
2026-05-21T08:51:09,SYSTEM,SYS,0,0,8,8153
2026-05-21T08:51:09,SYSTEM,SYS,0,0,12,31
2026-05-21T08:51:21,SYSTEM,WEB,0,0,1,0
2026-05-21T08:51:21,SENSOR,SYS,0,0,22,77
2026-05-21T08:51:52,SENSOR,SYS,0,0,22,76
2026-05-21T08:52:10,SYSTEM,SYS,0,0,7,103
2026-05-21T08:52:10,SYSTEM,SYS,0,0,8,8153
2026-05-21T08:52:10,SYSTEM,SYS,0,0,12,31
2026-05-21T08:52:22,SENSOR,SYS,0,0,22,75
2026-05-21T08:52:52,SENSOR,SYS,0,0,23,74
2026-05-21T08:53:09,SYSTEM,SYS,0,0,7,103
2026-05-21T08:53:09,SYSTEM,SYS,0,0,8,8153
2026-05-21T08:53:09,SYSTEM,SYS,0,0,12,31
2026-05-21T08:53:22,SYSTEM,WEB,0,0,1,0
2026-05-21T08:53:22,SENSOR,SYS,0,0,23,73
2026-05-21T08:53:53,SENSOR,SYS,0,0,23,72
2026-05-21T08:54:10,SYSTEM,SYS,0,0,7,103
2026-05-21T08:54:10,SYSTEM,SYS,0,0,8,8153
2026-05-21T08:54:10,SYSTEM,SYS,0,0,12,31
2026-05-21T08:54:23,SENSOR,SYS,0,0,23,72
2026-05-21T08:54:54,SENSOR,SYS,0,0,23,71
2026-05-21T08:55:10,SYSTEM,SYS,0,0,7,103
2026-05-21T08:55:10,SYSTEM,SYS,0,0,8,8153
2026-05-21T08:55:10,SYSTEM,SYS,0,0,12,31
2026-05-21T08:55:23,SYSTEM,WEB,0,0,1,0
2026-05-21T08:55:24,SENSOR,SYS,0,0,23,70
2026-05-21T08:55:54,SENSOR,SYS,0,0,23,69
2026-05-21T08:56:09,SYSTEM,SYS,0,0,7,102
2026-05-21T08:56:09,SYSTEM,SYS,0,0,8,8153
2026-05-21T08:56:09,SYSTEM,SYS,0,0,12,31
2026-05-21T08:56:24,SENSOR,SYS,0,0,23,68
2026-05-21T08:56:55,SENSOR,SYS,0,0,23,68
2026-05-21T08:57:10,SYSTEM,SYS,0,0,7,102
2026-05-21T08:57:10,SYSTEM,SYS,0,0,8,8153
2026-05-21T08:57:10,SYSTEM,SYS,0,0,12,31
2026-05-21T08:57:24,SYSTEM,WEB,0,0,1,0
2026-05-21T08:57:25,SENSOR,SYS,0,0,23,67
2026-05-21T08:57:55,SENSOR,SYS,0,0,23,66
2026-05-21T08:58:09,SYSTEM,SYS,0,0,7,103
2026-05-21T08:58:09,SYSTEM,SYS,0,0,8,8153
2026-05-21T08:58:09,SYSTEM,SYS,0,0,12,31
2026-05-21T08:58:25,SENSOR,SYS,0,0,23,66
2026-05-21T08:58:56,SENSOR,SYS,0,0,23,66
2026-05-21T08:59:09,SYSTEM,SYS,0,0,7,103
2026-05-21T08:59:09,SYSTEM,SYS,0,0,8,8153
2026-05-21T08:59:09,SYSTEM,SYS,0,0,12,31
2026-05-21T08:59:24,SYSTEM,WEB,0,0,1,0
2026-05-21T08:59:26,SENSOR,SYS,0,0,23,66
2026-05-21T08:59:57,SENSOR,SYS,0,0,23,66
2026-05-21T09:00:10,SYSTEM,SYS,0,0,7,103
2026-05-21T09:00:10,SYSTEM,SYS,0,0,8,8153
2026-05-21T09:00:10,SYSTEM,SYS,0,0,12,31
2026-05-21T09:00:27,SENSOR,SYS,0,0,22,67
2026-05-21T09:00:57,SENSOR,SYS,0,0,22,67
2026-05-21T09:01:09,SYSTEM,SYS,0,0,7,103
2026-05-21T09:01:09,SYSTEM,SYS,0,0,8,8153
2026-05-21T09:01:09,SYSTEM,SYS,0,0,12,31
2026-05-21T09:01:25,SYSTEM,WEB,0,0,1,0
2026-05-21T09:01:28,SENSOR,SYS,0,0,22,67
2026-05-21T09:01:58,SENSOR,SYS,0,0,22,68
2026-05-21T09:02:10,SYSTEM,SYS,0,0,7,103
2026-05-21T09:02:10,SYSTEM,SYS,0,0,8,8153
2026-05-21T09:02:10,SYSTEM,SYS,0,0,12,31
2026-05-21T09:02:28,SENSOR,SYS,0,0,21,68
2026-05-21T09:02:58,SENSOR,SYS,0,0,21,68
2026-05-21T09:03:09,SYSTEM,SYS,0,0,7,103
2026-05-21T09:03:09,SYSTEM,SYS,0,0,8,8153
2026-05-21T09:03:09,SYSTEM,SYS,0,0,12,31
2026-05-21T09:03:26,SYSTEM,WEB,0,0,1,0
2026-05-21T09:03:29,SENSOR,SYS,0,0,21,68
2026-05-21T09:03:59,SENSOR,SYS,0,0,20,69
2026-05-21T09:04:10,SYSTEM,SYS,0,0,7,103
2026-05-21T09:04:10,SYSTEM,SYS,0,0,8,8153
2026-05-21T09:04:10,SYSTEM,SYS,0,0,12,31
2026-05-21T09:04:29,SENSOR,SYS,0,0,20,69
2026-05-21T09:04:59,SENSOR,SYS,0,0,20,69
2026-05-21T09:05:09,SYSTEM,SYS,0,0,7,103
2026-05-21T09:05:09,SYSTEM,SYS,0,0,8,8153
2026-05-21T09:05:09,SYSTEM,SYS,0,0,12,31
2026-05-21T09:05:27,SYSTEM,WEB,0,0,1,0
2026-05-21T09:05:30,SENSOR,SYS,0,0,20,70
2026-05-21T09:06:00,SENSOR,SYS,0,0,20,70
2026-05-21T09:06:09,SYSTEM,SYS,0,0,7,103
2026-05-21T09:06:09,SYSTEM,SYS,0,0,8,8153
2026-05-21T09:06:09,SYSTEM,SYS,0,0,12,31
2026-05-21T09:06:31,SENSOR,SYS,0,0,20,70
2026-05-21T09:07:01,SENSOR,SYS,0,0,20,71
2026-05-21T09:07:10,SYSTEM,SYS,0,0,7,103
2026-05-21T09:07:10,SYSTEM,SYS,0,0,8,8153
2026-05-21T09:07:10,SYSTEM,SYS,0,0,12,31
2026-05-21T09:07:27,SYSTEM,WEB,0,0,1,0
2026-05-21T09:07:31,SENSOR,SYS,0,0,20,71
2026-05-21T09:08:01,SENSOR,SYS,0,0,20,71
2026-05-21T09:08:09,SYSTEM,SYS,0,0,7,103
2026-05-21T09:08:09,SYSTEM,SYS,0,0,8,8153
2026-05-21T09:08:09,SYSTEM,SYS,0,0,12,31
2026-05-21T09:08:32,SENSOR,SYS,0,0,20,71
2026-05-21T09:09:02,SENSOR,SYS,0,0,20,71
2026-05-21T09:09:09,SYSTEM,SYS,0,0,7,103
2026-05-21T09:09:09,SYSTEM,SYS,0,0,8,8153
2026-05-21T09:09:09,SYSTEM,SYS,0,0,12,31
2026-05-21T09:09:29,SYSTEM,WEB,0,0,1,0
2026-05-21T09:09:33,SENSOR,SYS,0,0,20,71
2026-05-21T09:10:03,SENSOR,SYS,0,0,21,70
2026-05-21T09:10:10,SYSTEM,SYS,0,0,7,102
2026-05-21T09:10:10,SYSTEM,SYS,0,0,8,8153
2026-05-21T09:10:10,SYSTEM,SYS,0,0,12,31
2026-05-21T09:10:33,SENSOR,SYS,0,0,21,70
2026-05-21T09:11:03,SENSOR,SYS,0,0,21,69
2026-05-21T09:11:09,SYSTEM,SYS,0,0,7,103
2026-05-21T09:11:09,SYSTEM,SYS,0,0,8,8153
2026-05-21T09:11:09,SYSTEM,SYS,0,0,12,31
2026-05-21T09:11:30,SYSTEM,WEB,0,0,1,0
2026-05-21T09:11:34,SENSOR,SYS,0,0,21,69
2026-05-21T09:12:04,SENSOR,SYS,0,0,22,69
2026-05-21T09:12:10,SYSTEM,SYS,0,0,7,102
2026-05-21T09:12:10,SYSTEM,SYS,0,0,8,8153
2026-05-21T09:12:10,SYSTEM,SYS,0,0,12,31
2026-05-21T09:12:34,SENSOR,SYS,0,0,22,68
2026-05-21T09:13:04,SENSOR,SYS,0,0,22,68
2026-05-21T09:13:09,SYSTEM,SYS,0,0,7,102
2026-05-21T09:13:09,SYSTEM,SYS,0,0,8,8153
2026-05-21T09:13:09,SYSTEM,SYS,0,0,12,31
2026-05-21T09:13:30,SYSTEM,WEB,0,0,1,0
2026-05-21T09:13:35,SENSOR,SYS,0,0,22,67
2026-05-21T09:14:05,SENSOR,SYS,0,0,22,67
2026-05-21T09:14:10,SYSTEM,SYS,0,0,7,103
2026-05-21T09:14:10,SYSTEM,SYS,0,0,8,8153
2026-05-21T09:14:10,SYSTEM,SYS,0,0,12,31
2026-05-21T09:14:36,SENSOR,SYS,0,0,22,67
2026-05-21T09:15:06,SENSOR,SYS,0,0,22,66
2026-05-21T09:15:09,SYSTEM,SYS,0,0,7,103
2026-05-21T09:15:09,SYSTEM,SYS,0,0,8,8153
2026-05-21T09:15:09,SYSTEM,SYS,0,0,12,31
2026-05-21T09:15:31,SYSTEM,WEB,0,0,1,0
2026-05-21T09:15:36,SENSOR,SYS,0,0,22,66
2026-05-21T09:16:06,SENSOR,SYS,0,0,22,65
2026-05-21T09:16:09,SYSTEM,SYS,0,0,7,103
2026-05-21T09:16:09,SYSTEM,SYS,0,0,8,8153
2026-05-21T09:16:09,SYSTEM,SYS,0,0,12,31
2026-05-21T09:16:37,SENSOR,SYS,0,0,22,65
2026-05-21T09:17:07,SENSOR,SYS,0,0,22,65
2026-05-21T09:17:09,SYSTEM,SYS,0,0,7,103
2026-05-21T09:17:09,SYSTEM,SYS,0,0,8,8153
2026-05-21T09:17:09,SYSTEM,SYS,0,0,12,31
2026-05-21T09:17:32,SYSTEM,WEB,0,0,1,0
2026-05-21T09:17:37,SENSOR,SYS,0,0,22,64
2026-05-21T09:18:08,SENSOR,SYS,0,0,22,64
2026-05-21T09:18:10,SYSTEM,SYS,0,0,7,103
2026-05-21T09:18:10,SYSTEM,SYS,0,0,8,8153
2026-05-21T09:18:10,SYSTEM,SYS,0,0,12,31
2026-05-21T09:18:38,SENSOR,SYS,0,0,22,64
2026-05-21T09:19:09,SENSOR,SYS,0,0,22,64
2026-05-21T09:19:10,SYSTEM,SYS,0,0,7,103
2026-05-21T09:19:10,SYSTEM,SYS,0,0,8,8153
2026-05-21T09:19:10,SYSTEM,SYS,0,0,12,31
2026-05-21T09:19:32,SYSTEM,WEB,0,0,1,0
2026-05-21T09:19:39,SENSOR,SYS,0,0,22,64
2026-05-21T09:20:09,SENSOR,SYS,0,0,22,65
2026-05-21T09:20:09,SYSTEM,SYS,0,0,7,103
2026-05-21T09:20:09,SYSTEM,SYS,0,0,8,8153
2026-05-21T09:20:09,SYSTEM,SYS,0,0,12,31
2026-05-21T09:20:39,SENSOR,SYS,0,0,22,65
2026-05-21T09:21:10,SYSTEM,SYS,0,0,7,103
2026-05-21T09:21:10,SYSTEM,SYS,0,0,8,8153
2026-05-21T09:21:10,SYSTEM,SYS,0,0,12,31
2026-05-21T09:21:10,SENSOR,SYS,0,0,22,66
2026-05-21T09:21:33,SYSTEM,WEB,0,0,1,0
2026-05-21T09:21:40,SENSOR,SYS,0,0,21,66
2026-05-21T09:22:09,SYSTEM,SYS,0,0,7,102
2026-05-21T09:22:09,SYSTEM,SYS,0,0,8,8153
2026-05-21T09:22:09,SYSTEM,SYS,0,0,12,31
2026-05-21T09:22:10,SENSOR,SYS,0,0,21,66
2026-05-21T09:22:40,SENSOR,SYS,0,0,21,67
2026-05-21T09:23:09,SYSTEM,SYS,0,0,7,103
2026-05-21T09:23:09,SYSTEM,SYS,0,0,8,8153
2026-05-21T09:23:09,SYSTEM,SYS,0,0,12,31
2026-05-21T09:23:11,SENSOR,SYS,0,0,21,67
2026-05-21T09:23:34,SYSTEM,WEB,0,0,1,0
2026-05-21T09:23:41,SENSOR,SYS,0,0,21,68
2026-05-21T09:24:10,SYSTEM,SYS,0,0,7,103
2026-05-21T09:24:10,SYSTEM,SYS,0,0,8,8153
2026-05-21T09:24:10,SYSTEM,SYS,0,0,12,31
2026-05-21T09:24:12,SENSOR,SYS,0,0,20,68
2026-05-21T09:24:42,SENSOR,SYS,0,0,20,69
2026-05-21T09:25:09,SYSTEM,SYS,0,0,7,103
2026-05-21T09:25:09,SYSTEM,SYS,0,0,8,8153
2026-05-21T09:25:09,SYSTEM,SYS,0,0,12,31
2026-05-21T09:25:12,SENSOR,SYS,0,0,20,69
2026-05-21T09:25:34,SYSTEM,WEB,0,0,1,0
2026-05-21T09:25:42,SENSOR,SYS,0,0,20,69
2026-05-21T09:26:10,SYSTEM,SYS,0,0,7,103
2026-05-21T09:26:10,SYSTEM,SYS,0,0,8,8153
2026-05-21T09:26:10,SYSTEM,SYS,0,0,12,31
2026-05-21T09:26:13,SENSOR,SYS,0,0,20,70
2026-05-21T09:26:43,SENSOR,SYS,0,0,20,70
2026-05-21T09:27:10,SYSTEM,SYS,0,0,7,103
2026-05-21T09:27:10,SYSTEM,SYS,0,0,8,8153
2026-05-21T09:27:10,SYSTEM,SYS,0,0,12,31
2026-05-21T09:27:14,SENSOR,SYS,0,0,20,71
2026-05-21T09:27:35,SYSTEM,WEB,0,0,1,0
2026-05-21T09:27:44,SENSOR,SYS,0,0,20,71
2026-05-21T09:28:09,SYSTEM,SYS,0,0,7,102
2026-05-21T09:28:09,SYSTEM,SYS,0,0,8,8153
2026-05-21T09:28:09,SYSTEM,SYS,0,0,12,31
2026-05-21T09:28:14,SENSOR,SYS,0,0,20,72
2026-05-21T09:28:44,SENSOR,SYS,0,0,20,72
2026-05-21T09:29:10,SYSTEM,SYS,0,0,7,102
2026-05-21T09:29:10,SYSTEM,SYS,0,0,8,8153
2026-05-21T09:29:10,SYSTEM,SYS,0,0,12,31
2026-05-21T09:29:15,SENSOR,SYS,0,0,20,73
2026-05-21T09:29:36,SYSTEM,WEB,0,0,1,0
2026-05-21T09:29:45,SENSOR,SYS,0,0,20,73
2026-05-21T09:30:09,SYSTEM,SYS,0,0,7,103
2026-05-21T09:30:09,SYSTEM,SYS,0,0,8,8153
2026-05-21T09:30:09,SYSTEM,SYS,0,0,12,31
2026-05-21T09:30:15,SENSOR,SYS,0,0,20,73
2026-05-21T09:30:45,SENSOR,SYS,0,0,20,73
2026-05-21T09:31:09,SYSTEM,SYS,0,0,7,103
2026-05-21T09:31:09,SYSTEM,SYS,0,0,8,8153
2026-05-21T09:31:09,SYSTEM,SYS,0,0,12,31
2026-05-21T09:31:16,SENSOR,SYS,0,0,20,73
2026-05-21T09:31:36,SYSTEM,WEB,0,0,1,0
2026-05-21T09:31:46,SENSOR,SYS,0,0,20,73
2026-05-21T09:32:09,SYSTEM,SYS,0,0,7,103
2026-05-21T09:32:09,SYSTEM,SYS,0,0,8,8153
2026-05-21T09:32:09,SYSTEM,SYS,0,0,12,31
2026-05-21T09:32:16,SENSOR,SYS,0,0,20,73
2026-05-21T09:32:47,SENSOR,SYS,0,0,20,73
2026-05-21T09:33:09,SYSTEM,SYS,0,0,7,103
2026-05-21T09:33:09,SYSTEM,SYS,0,0,8,8153
2026-05-21T09:33:09,SYSTEM,SYS,0,0,12,31
2026-05-21T09:33:17,SENSOR,SYS,0,0,20,73
2026-05-21T09:33:37,SYSTEM,WEB,0,0,1,0
2026-05-21T09:33:48,SENSOR,SYS,0,0,20,73
2026-05-21T09:34:10,SYSTEM,SYS,0,0,7,103
2026-05-21T09:34:10,SYSTEM,SYS,0,0,8,8153
2026-05-21T09:34:10,SYSTEM,SYS,0,0,12,31
2026-05-21T09:34:18,SENSOR,SYS,0,0,20,73
2026-05-21T09:34:48,SENSOR,SYS,0,0,20,73
2026-05-21T09:35:09,SYSTEM,SYS,0,0,7,102
2026-05-21T09:35:09,SYSTEM,SYS,0,0,8,8153
2026-05-21T09:35:09,SYSTEM,SYS,0,0,12,31
2026-05-21T09:35:18,SENSOR,SYS,0,0,20,73
2026-05-21T09:35:37,SYSTEM,WEB,0,0,1,0
2026-05-21T09:35:49,SENSOR,SYS,0,0,20,73
2026-05-21T09:36:10,SYSTEM,SYS,0,0,7,103
2026-05-21T09:36:10,SYSTEM,SYS,0,0,8,8153
2026-05-21T09:36:10,SYSTEM,SYS,0,0,12,31
2026-05-21T09:36:19,SENSOR,SYS,0,0,20,73
2026-05-21T09:36:49,SENSOR,SYS,0,0,20,73
2026-05-21T09:37:09,SYSTEM,SYS,0,0,7,103
2026-05-21T09:37:09,SYSTEM,SYS,0,0,8,8153
2026-05-21T09:37:09,SYSTEM,SYS,0,0,12,31
2026-05-21T09:37:19,SENSOR,SYS,0,0,20,73
2026-05-21T09:37:38,SYSTEM,WEB,0,0,1,0
2026-05-21T09:37:50,SENSOR,SYS,0,0,20,73
2026-05-21T09:38:09,SYSTEM,SYS,0,0,7,103
2026-05-21T09:38:09,SYSTEM,SYS,0,0,8,8153
2026-05-21T09:38:09,SYSTEM,SYS,0,0,12,31
2026-05-21T09:38:20,SENSOR,SYS,0,0,20,73
2026-05-21T09:38:51,SENSOR,SYS,0,0,20,73
2026-05-21T09:39:10,SYSTEM,SYS,0,0,7,102
2026-05-21T09:39:10,SYSTEM,SYS,0,0,8,8153
2026-05-21T09:39:10,SYSTEM,SYS,0,0,12,31
2026-05-21T09:39:21,SENSOR,SYS,0,0,20,73
2026-05-21T09:39:39,SYSTEM,WEB,0,0,1,0
2026-05-21T09:39:51,SENSOR,SYS,0,0,20,73
2026-05-21T09:40:09,SYSTEM,SYS,0,0,7,103
2026-05-21T09:40:09,SYSTEM,SYS,0,0,8,8153
2026-05-21T09:40:09,SYSTEM,SYS,0,0,12,31
2026-05-21T09:40:21,SENSOR,SYS,0,0,20,73
2026-05-21T09:40:52,SENSOR,SYS,0,0,20,73
2026-05-21T09:41:09,SYSTEM,SYS,0,0,7,103
2026-05-21T09:41:09,SYSTEM,SYS,0,0,8,8153
2026-05-21T09:41:09,SYSTEM,SYS,0,0,12,31
2026-05-21T09:41:22,SENSOR,SYS,0,0,20,72
2026-05-21T09:41:41,SYSTEM,WEB,0,0,1,0
2026-05-21T09:41:53,SENSOR,SYS,0,0,20,72
2026-05-21T09:42:10,SYSTEM,SYS,0,0,7,103
2026-05-21T09:42:10,SYSTEM,SYS,0,0,8,8153
2026-05-21T09:42:10,SYSTEM,SYS,0,0,12,31
2026-05-21T09:42:23,SENSOR,SYS,0,0,20,72
2026-05-21T09:42:53,SENSOR,SYS,0,0,20,72
2026-05-21T09:43:09,SYSTEM,SYS,0,0,7,102
2026-05-21T09:43:09,SYSTEM,SYS,0,0,8,8153
2026-05-21T09:43:09,SYSTEM,SYS,0,0,12,31
2026-05-21T09:43:23,SENSOR,SYS,0,0,20,72
2026-05-21T09:43:41,SYSTEM,WEB,0,0,1,0
2026-05-21T09:43:54,SENSOR,SYS,0,0,20,72
2026-05-21T09:44:10,SYSTEM,SYS,0,0,7,103
2026-05-21T09:44:10,SYSTEM,SYS,0,0,8,8153
2026-05-21T09:44:10,SYSTEM,SYS,0,0,12,31
2026-05-21T09:44:24,SENSOR,SYS,0,0,21,71
2026-05-21T09:44:55,SENSOR,SYS,0,0,21,71
2026-05-21T09:45:10,SYSTEM,SYS,0,0,7,102
2026-05-21T09:45:10,SYSTEM,SYS,0,0,8,8153
2026-05-21T09:45:10,SYSTEM,SYS,0,0,12,31
2026-05-21T09:45:25,SENSOR,SYS,0,0,21,71
2026-05-21T09:45:41,SYSTEM,WEB,0,0,1,0
2026-05-21T09:45:55,SENSOR,SYS,0,0,21,71
2026-05-21T09:46:09,SYSTEM,SYS,0,0,7,102
2026-05-21T09:46:09,SYSTEM,SYS,0,0,8,8153
2026-05-21T09:46:09,SYSTEM,SYS,0,0,12,31
2026-05-21T09:46:25,SENSOR,SYS,0,0,21,71
2026-05-21T09:46:56,SENSOR,SYS,0,0,21,71
2026-05-21T09:47:10,SYSTEM,SYS,0,0,7,103
2026-05-21T09:47:10,SYSTEM,SYS,0,0,8,8153
2026-05-21T09:47:10,SYSTEM,SYS,0,0,12,31
2026-05-21T09:47:26,SENSOR,SYS,0,0,21,70
2026-05-21T09:47:42,SYSTEM,WEB,0,0,1,0
2026-05-21T09:47:56,SENSOR,SYS,0,0,21,70
2026-05-21T09:48:09,SYSTEM,SYS,0,0,7,103
2026-05-21T09:48:09,SYSTEM,SYS,0,0,8,8153
2026-05-21T09:48:09,SYSTEM,SYS,0,0,12,31
2026-05-21T09:48:27,SENSOR,SYS,0,0,21,70
2026-05-21T09:48:57,SENSOR,SYS,0,0,21,69
2026-05-21T09:49:10,SYSTEM,SYS,0,0,7,103
2026-05-21T09:49:10,SYSTEM,SYS,0,0,8,8153
2026-05-21T09:49:10,SYSTEM,SYS,0,0,12,31
2026-05-21T09:49:27,SENSOR,SYS,0,0,22,68
2026-05-21T09:49:42,SYSTEM,WEB,0,0,1,0
2026-05-21T09:49:57,SENSOR,SYS,0,0,22,68
2026-05-21T09:50:09,SYSTEM,SYS,0,0,7,103
2026-05-21T09:50:09,SYSTEM,SYS,0,0,8,8153
2026-05-21T09:50:09,SYSTEM,SYS,0,0,12,31
2026-05-21T09:50:28,SENSOR,SYS,0,0,22,68
2026-05-21T09:50:58,SENSOR,SYS,0,0,22,67
2026-05-21T09:51:10,SYSTEM,SYS,0,0,7,103
2026-05-21T09:51:10,SYSTEM,SYS,0,0,8,8153
2026-05-21T09:51:10,SYSTEM,SYS,0,0,12,31
2026-05-21T09:51:29,SENSOR,SYS,0,0,23,67
2026-05-21T09:51:44,SYSTEM,WEB,0,0,1,0
2026-05-21T09:51:59,SENSOR,SYS,0,0,23,66
2026-05-21T09:52:10,SYSTEM,SYS,0,0,7,103
2026-05-21T09:52:10,SYSTEM,SYS,0,0,8,8153
2026-05-21T09:52:10,SYSTEM,SYS,0,0,12,31
2026-05-21T09:52:29,SENSOR,SYS,0,0,23,66
2026-05-21T09:52:59,SENSOR,SYS,0,0,23,65
2026-05-21T09:53:09,SYSTEM,SYS,0,0,7,103
2026-05-21T09:53:09,SYSTEM,SYS,0,0,8,8153
2026-05-21T09:53:09,SYSTEM,SYS,0,0,12,31
2026-05-21T09:53:30,SENSOR,SYS,0,0,24,65
2026-05-21T09:53:45,SYSTEM,WEB,0,0,1,0
2026-05-21T09:54:00,SENSOR,SYS,0,0,24,64
2026-05-21T09:54:10,SYSTEM,SYS,0,0,7,103
2026-05-21T09:54:10,SYSTEM,SYS,0,0,8,8153
2026-05-21T09:54:10,SYSTEM,SYS,0,0,12,31
2026-05-21T09:54:30,SENSOR,SYS,0,0,24,64
2026-05-21T09:55:00,SENSOR,SYS,0,0,24,64
2026-05-21T09:55:09,SYSTEM,SYS,0,0,7,103
2026-05-21T09:55:09,SYSTEM,SYS,0,0,8,8153
2026-05-21T09:55:09,SYSTEM,SYS,0,0,12,31
2026-05-21T09:55:31,SENSOR,SYS,0,0,24,63
2026-05-21T09:55:45,SYSTEM,WEB,0,0,1,0
2026-05-21T09:56:01,SENSOR,SYS,0,0,24,63
2026-05-21T09:56:09,SYSTEM,SYS,0,0,7,103
2026-05-21T09:56:09,SYSTEM,SYS,0,0,8,8153
2026-05-21T09:56:09,SYSTEM,SYS,0,0,12,31
2026-05-21T09:56:32,SENSOR,SYS,0,0,24,62
2026-05-21T09:57:02,SENSOR,SYS,0,0,24,62
2026-05-21T09:57:10,SYSTEM,SYS,0,0,7,103
2026-05-21T09:57:10,SYSTEM,SYS,0,0,8,8153
2026-05-21T09:57:10,SYSTEM,SYS,0,0,12,31
2026-05-21T09:57:32,SENSOR,SYS,0,0,24,61
2026-05-21T09:57:46,SYSTEM,WEB,0,0,1,0
2026-05-21T09:58:02,SENSOR,SYS,0,0,24,61
2026-05-21T09:58:10,SYSTEM,SYS,0,0,7,103
2026-05-21T09:58:10,SYSTEM,SYS,0,0,8,8153
2026-05-21T09:58:10,SYSTEM,SYS,0,0,12,31
2026-05-21T09:58:33,SENSOR,SYS,0,0,24,61
2026-05-21T09:59:03,SENSOR,SYS,0,0,24,61
2026-05-21T09:59:10,SYSTEM,SYS,0,0,7,103
2026-05-21T09:59:10,SYSTEM,SYS,0,0,8,8153
2026-05-21T09:59:10,SYSTEM,SYS,0,0,12,31
2026-05-21T09:59:34,SENSOR,SYS,0,0,24,61
2026-05-21T09:59:47,SYSTEM,WEB,0,0,1,0
2026-05-21T10:00:04,SENSOR,SYS,0,0,24,61
2026-05-21T10:00:09,SYSTEM,SYS,0,0,7,103
2026-05-21T10:00:09,SYSTEM,SYS,0,0,8,8153
2026-05-21T10:00:09,SYSTEM,SYS,0,0,12,31
2026-05-21T10:00:34,SENSOR,SYS,0,0,24,61
2026-05-21T10:01:04,SENSOR,SYS,0,0,24,62
2026-05-21T10:01:10,SYSTEM,SYS,0,0,7,103
2026-05-21T10:01:10,SYSTEM,SYS,0,0,8,8153
2026-05-21T10:01:10,SYSTEM,SYS,0,0,12,31
2026-05-21T10:01:35,SENSOR,SYS,0,0,23,62
2026-05-21T10:01:49,SYSTEM,WEB,0,0,1,0
2026-05-21T10:02:05,SENSOR,SYS,0,0,23,62
2026-05-21T10:02:09,SYSTEM,SYS,0,0,7,102
2026-05-21T10:02:09,SYSTEM,SYS,0,0,8,8153
2026-05-21T10:02:09,SYSTEM,SYS,0,0,12,31
2026-05-21T10:02:35,SENSOR,SYS,0,0,23,62
2026-05-21T10:03:06,SENSOR,SYS,0,0,23,63
2026-05-21T10:03:10,SYSTEM,SYS,0,0,7,103
2026-05-21T10:03:10,SYSTEM,SYS,0,0,8,8153
2026-05-21T10:03:10,SYSTEM,SYS,0,0,12,31
2026-05-21T10:03:36,SENSOR,SYS,0,0,23,63
2026-05-21T10:03:49,SYSTEM,WEB,0,0,1,0
2026-05-21T10:04:06,SENSOR,SYS,0,0,23,63
2026-05-21T10:04:09,SYSTEM,SYS,0,0,7,103
2026-05-21T10:04:09,SYSTEM,SYS,0,0,8,8153
2026-05-21T10:04:09,SYSTEM,SYS,0,0,12,31
2026-05-21T10:04:36,SENSOR,SYS,0,0,23,63
2026-05-21T10:05:07,SENSOR,SYS,0,0,23,63
2026-05-21T10:05:09,SYSTEM,SYS,0,0,7,102
2026-05-21T10:05:09,SYSTEM,SYS,0,0,8,8153
2026-05-21T10:05:09,SYSTEM,SYS,0,0,12,31
2026-05-21T10:05:37,SENSOR,SYS,0,0,22,64
2026-05-21T10:05:49,SYSTEM,WEB,0,0,1,0
2026-05-21T10:06:08,SENSOR,SYS,0,0,22,64
2026-05-21T10:06:10,SYSTEM,SYS,0,0,7,103
2026-05-21T10:06:10,SYSTEM,SYS,0,0,8,8153
2026-05-21T10:06:10,SYSTEM,SYS,0,0,12,31
2026-05-21T10:06:38,SENSOR,SYS,0,0,22,64
2026-05-21T10:07:08,SENSOR,SYS,0,0,22,64
2026-05-21T10:07:09,SYSTEM,SYS,0,0,7,103
2026-05-21T10:07:09,SYSTEM,SYS,0,0,8,8153
2026-05-21T10:07:09,SYSTEM,SYS,0,0,12,31
2026-05-21T10:07:38,SENSOR,SYS,0,0,22,65
2026-05-21T10:07:49,SYSTEM,WEB,0,0,1,0
2026-05-21T10:08:09,SENSOR,SYS,0,0,23,64
2026-05-21T10:08:10,SYSTEM,SYS,0,0,7,103
2026-05-21T10:08:10,SYSTEM,SYS,0,0,8,8153
2026-05-21T10:08:10,SYSTEM,SYS,0,0,12,31
2026-05-21T10:08:39,SENSOR,SYS,0,0,23,64
2026-05-21T10:09:10,SENSOR,SYS,0,0,23,64
2026-05-21T10:09:10,SYSTEM,SYS,0,0,7,103
2026-05-21T10:09:10,SYSTEM,SYS,0,0,8,8153
2026-05-21T10:09:10,SYSTEM,SYS,0,0,12,31
2026-05-21T10:09:40,SENSOR,SYS,0,0,24,64
2026-05-21T10:09:50,SYSTEM,WEB,0,0,1,0
2026-05-21T10:10:09,SYSTEM,SYS,0,0,7,103
2026-05-21T10:10:09,SYSTEM,SYS,0,0,8,8153
2026-05-21T10:10:09,SYSTEM,SYS,0,0,12,31
2026-05-21T10:10:10,SENSOR,SYS,0,0,24,63
2026-05-21T10:10:40,SENSOR,SYS,0,0,24,63
2026-05-21T10:11:10,SYSTEM,SYS,0,0,7,103
2026-05-21T10:11:10,SYSTEM,SYS,0,0,8,8153
2026-05-21T10:11:10,SYSTEM,SYS,0,0,12,31
2026-05-21T10:11:11,SENSOR,SYS,0,0,24,62
2026-05-21T10:11:41,SENSOR,SYS,0,0,25,62
2026-05-21T10:11:51,SYSTEM,WEB,0,0,1,0
2026-05-21T10:12:09,SYSTEM,SYS,0,0,7,103
2026-05-21T10:12:09,SYSTEM,SYS,0,0,8,8153
2026-05-21T10:12:09,SYSTEM,SYS,0,0,12,31
2026-05-21T10:12:11,SENSOR,SYS,0,0,25,61
2026-05-21T10:12:41,SENSOR,SYS,0,0,25,61
2026-05-21T10:13:09,SYSTEM,SYS,0,0,7,102
2026-05-21T10:13:09,SYSTEM,SYS,0,0,8,8153
2026-05-21T10:13:09,SYSTEM,SYS,0,0,12,31
2026-05-21T10:13:12,SENSOR,SYS,0,0,25,60
2026-05-21T10:13:42,SENSOR,SYS,0,0,26,60
2026-05-21T10:13:52,SYSTEM,WEB,0,0,1,0
2026-05-21T10:14:10,SYSTEM,SYS,0,0,7,103
2026-05-21T10:14:10,SYSTEM,SYS,0,0,8,8153
2026-05-21T10:14:10,SYSTEM,SYS,0,0,12,31
2026-05-21T10:14:13,SENSOR,SYS,0,0,26,59
2026-05-21T10:14:43,SENSOR,SYS,0,0,26,59
2026-05-21T10:15:09,SYSTEM,SYS,0,0,7,103
2026-05-21T10:15:09,SYSTEM,SYS,0,0,8,8153
2026-05-21T10:15:09,SYSTEM,SYS,0,0,12,31
2026-05-21T10:15:13,SENSOR,SYS,0,0,26,58
2026-05-21T10:15:43,SENSOR,SYS,0,0,26,58
2026-05-21T10:15:52,SYSTEM,WEB,0,0,1,0
2026-05-21T10:16:10,SYSTEM,SYS,0,0,7,102
2026-05-21T10:16:10,SYSTEM,SYS,0,0,8,8153
2026-05-21T10:16:10,SYSTEM,SYS,0,0,12,31
2026-05-21T10:16:14,SENSOR,SYS,0,0,26,57
2026-05-21T10:16:44,SENSOR,SYS,0,0,26,57
2026-05-21T10:17:10,SYSTEM,SYS,0,0,7,102
2026-05-21T10:17:10,SYSTEM,SYS,0,0,8,8153
2026-05-21T10:17:10,SYSTEM,SYS,0,0,12,31
2026-05-21T10:17:15,SENSOR,SYS,0,0,26,56
2026-05-21T10:17:45,SENSOR,SYS,0,0,26,56
2026-05-21T10:17:52,SYSTEM,WEB,0,0,1,0
2026-05-21T10:18:10,SYSTEM,SYS,0,0,7,102
2026-05-21T10:18:10,SYSTEM,SYS,0,0,8,8153
2026-05-21T10:18:10,SYSTEM,SYS,0,0,12,31
2026-05-21T10:18:15,SENSOR,SYS,0,0,26,56
2026-05-21T10:18:45,SENSOR,SYS,0,0,26,56
2026-05-21T10:19:09,SYSTEM,SYS,0,0,7,102
2026-05-21T10:19:09,SYSTEM,SYS,0,0,8,8153
2026-05-21T10:19:09,SYSTEM,SYS,0,0,12,31
2026-05-21T10:19:15,SENSOR,SYS,0,0,26,56
2026-05-21T10:19:46,SENSOR,SYS,0,0,26,56
2026-05-21T10:19:52,SYSTEM,WEB,0,0,1,0
2026-05-21T10:20:09,SYSTEM,SYS,0,0,7,102
2026-05-21T10:20:09,SYSTEM,SYS,0,0,8,8153
2026-05-21T10:20:09,SYSTEM,SYS,0,0,12,31
2026-05-21T10:20:16,SENSOR,SYS,0,0,26,56
2026-05-21T10:20:47,SENSOR,SYS,0,0,26,56
2026-05-21T10:21:10,SYSTEM,SYS,0,0,7,103
2026-05-21T10:21:10,SYSTEM,SYS,0,0,8,8153
2026-05-21T10:21:10,SYSTEM,SYS,0,0,12,31
2026-05-21T10:21:17,SENSOR,SYS,0,0,26,56
2026-05-21T10:21:47,SENSOR,SYS,0,0,26,56
2026-05-21T10:21:53,SYSTEM,WEB,0,0,1,0
2026-05-21T10:22:09,SYSTEM,SYS,0,0,7,103
2026-05-21T10:22:09,SYSTEM,SYS,0,0,8,8153
2026-05-21T10:22:09,SYSTEM,SYS,0,0,12,31
2026-05-21T10:22:17,SENSOR,SYS,0,0,26,56
2026-05-21T10:22:48,SENSOR,SYS,0,0,26,56
2026-05-21T10:23:09,SYSTEM,SYS,0,0,7,103
2026-05-21T10:23:10,SYSTEM,SYS,0,0,8,8153
2026-05-21T10:23:10,SYSTEM,SYS,0,0,12,31
2026-05-21T10:23:18,SENSOR,SYS,0,0,26,56
2026-05-21T10:23:49,SENSOR,SYS,0,0,26,56
2026-05-21T10:23:54,SYSTEM,WEB,0,0,1,0
2026-05-21T10:24:10,SYSTEM,SYS,0,0,7,103
2026-05-21T10:24:10,SYSTEM,SYS,0,0,8,8153
2026-05-21T10:24:10,SYSTEM,SYS,0,0,12,31
2026-05-21T10:24:19,SENSOR,SYS,0,0,26,56
2026-05-21T10:24:49,SENSOR,SYS,0,0,26,56
2026-05-21T10:25:09,SYSTEM,SYS,0,0,7,102
2026-05-21T10:25:09,SYSTEM,SYS,0,0,8,8153
2026-05-21T10:25:09,SYSTEM,SYS,0,0,12,31
2026-05-21T10:25:19,SENSOR,SYS,0,0,26,56
2026-05-21T10:25:50,SENSOR,SYS,0,0,26,56
2026-05-21T10:25:55,SYSTEM,WEB,0,0,1,0
2026-05-21T10:26:10,SYSTEM,SYS,0,0,7,102
2026-05-21T10:26:10,SYSTEM,SYS,0,0,8,8153
2026-05-21T10:26:10,SYSTEM,SYS,0,0,12,31
2026-05-21T10:26:20,SENSOR,SYS,0,0,26,56
2026-05-21T10:26:50,SENSOR,SYS,0,0,26,56
2026-05-21T10:27:09,SYSTEM,SYS,0,0,7,103
2026-05-21T10:27:09,SYSTEM,SYS,0,0,8,8153
2026-05-21T10:27:09,SYSTEM,SYS,0,0,12,31
2026-05-21T10:27:20,SENSOR,SYS,0,0,26,56
2026-05-21T10:27:51,SENSOR,SYS,0,0,26,56
2026-05-21T10:27:55,SYSTEM,WEB,0,0,1,0
2026-05-21T10:28:09,SYSTEM,SYS,0,0,7,103
2026-05-21T10:28:09,SYSTEM,SYS,0,0,8,8153
2026-05-21T10:28:09,SYSTEM,SYS,0,0,12,31
2026-05-21T10:28:21,SENSOR,SYS,0,0,26,56
2026-05-21T10:28:52,SENSOR,SYS,0,0,26,56
2026-05-21T10:29:10,SYSTEM,SYS,0,0,7,103
2026-05-21T10:29:10,SYSTEM,SYS,0,0,8,8153
2026-05-21T10:29:10,SYSTEM,SYS,0,0,12,31
2026-05-21T10:29:22,SENSOR,SYS,0,0,26,55
2026-05-21T10:29:52,SENSOR,SYS,0,0,26,55
2026-05-21T10:29:56,SYSTEM,WEB,0,0,1,0
2026-05-21T10:30:09,SYSTEM,SYS,0,0,7,103
2026-05-21T10:30:09,SYSTEM,SYS,0,0,8,8153
2026-05-21T10:30:09,SYSTEM,SYS,0,0,12,31
2026-05-21T10:30:22,SENSOR,SYS,0,0,26,55
2026-05-21T10:30:53,SENSOR,SYS,0,0,26,55
2026-05-21T10:31:10,SYSTEM,SYS,0,0,7,103
2026-05-21T10:31:10,SYSTEM,SYS,0,0,8,8153
2026-05-21T10:31:10,SYSTEM,SYS,0,0,12,31
2026-05-21T10:31:23,SENSOR,SYS,0,0,26,55
2026-05-21T10:31:54,SENSOR,SYS,0,0,26,55
2026-05-21T10:31:57,SYSTEM,WEB,0,0,1,0
2026-05-21T10:32:10,SYSTEM,SYS,0,0,7,102
2026-05-21T10:32:10,SYSTEM,SYS,0,0,8,8153
2026-05-21T10:32:10,SYSTEM,SYS,0,0,12,31
2026-05-21T10:32:24,SENSOR,SYS,0,0,26,55
2026-05-21T10:32:54,SENSOR,SYS,0,0,26,54
2026-05-21T10:33:10,SYSTEM,SYS,0,0,7,102
2026-05-21T10:33:10,SYSTEM,SYS,0,0,8,8153
2026-05-21T10:33:10,SYSTEM,SYS,0,0,12,31
2026-05-21T10:33:25,SENSOR,SYS,0,0,26,54
2026-05-21T10:33:55,SENSOR,SYS,0,0,26,54
2026-05-21T10:33:57,SYSTEM,WEB,0,0,1,0
2026-05-21T10:34:10,SYSTEM,SYS,0,0,7,102
2026-05-21T10:34:10,SYSTEM,SYS,0,0,8,8153
2026-05-21T10:34:10,SYSTEM,SYS,0,0,12,31
2026-05-21T10:34:25,SENSOR,SYS,0,0,26,54
2026-05-21T10:34:55,SENSOR,SYS,0,0,26,54
2026-05-21T10:35:09,SYSTEM,SYS,0,0,7,103
2026-05-21T10:35:09,SYSTEM,SYS,0,0,8,8153
2026-05-21T10:35:09,SYSTEM,SYS,0,0,12,31
2026-05-21T10:35:26,SENSOR,SYS,0,0,26,54
2026-05-21T10:35:56,SENSOR,SYS,0,0,26,53
2026-05-21T10:35:58,SYSTEM,WEB,0,0,1,0
2026-05-21T10:36:10,SYSTEM,SYS,0,0,7,103
2026-05-21T10:36:10,SYSTEM,SYS,0,0,8,8153
2026-05-21T10:36:10,SYSTEM,SYS,0,0,12,31
2026-05-21T10:36:26,SENSOR,SYS,0,0,26,53
2026-05-21T10:36:56,SENSOR,SYS,0,0,26,53
2026-05-21T10:37:09,SYSTEM,SYS,0,0,7,103
2026-05-21T10:37:09,SYSTEM,SYS,0,0,8,8153
2026-05-21T10:37:09,SYSTEM,SYS,0,0,12,31
2026-05-21T10:37:27,SENSOR,SYS,0,0,26,53
2026-05-21T10:37:57,SENSOR,SYS,0,0,26,53
2026-05-21T10:37:58,SYSTEM,WEB,0,0,1,0
2026-05-21T10:38:09,SYSTEM,SYS,0,0,7,103
2026-05-21T10:38:09,SYSTEM,SYS,0,0,8,8153
2026-05-21T10:38:09,SYSTEM,SYS,0,0,12,31
2026-05-21T10:38:28,SENSOR,SYS,0,0,26,53
2026-05-21T10:38:58,SENSOR,SYS,0,0,26,53
2026-05-21T10:39:10,SYSTEM,SYS,0,0,7,103
2026-05-21T10:39:10,SYSTEM,SYS,0,0,8,8153
2026-05-21T10:39:10,SYSTEM,SYS,0,0,12,31
2026-05-21T10:39:28,SENSOR,SYS,0,0,26,53
2026-05-21T10:39:58,SENSOR,SYS,0,0,26,53
2026-05-21T10:39:59,SYSTEM,WEB,0,0,1,0
2026-05-21T10:40:09,SYSTEM,SYS,0,0,7,102
2026-05-21T10:40:09,SYSTEM,SYS,0,0,8,8153
2026-05-21T10:40:09,SYSTEM,SYS,0,0,12,31
2026-05-21T10:40:29,SENSOR,SYS,0,0,26,53
2026-05-21T10:40:59,SENSOR,SYS,0,0,26,54
2026-05-21T10:41:10,SYSTEM,SYS,0,0,7,102
2026-05-21T10:41:10,SYSTEM,SYS,0,0,8,8153
2026-05-21T10:41:10,SYSTEM,SYS,0,0,12,31
2026-05-21T10:41:30,SENSOR,SYS,0,0,26,54
2026-05-21T10:42:00,SENSOR,SYS,0,0,25,54
2026-05-21T10:42:00,SYSTEM,WEB,0,0,1,0
2026-05-21T10:42:10,SYSTEM,SYS,0,0,7,103
2026-05-21T10:42:10,SYSTEM,SYS,0,0,8,8153
2026-05-21T10:42:10,SYSTEM,SYS,0,0,12,31
2026-05-21T10:42:30,SENSOR,SYS,0,0,25,54
2026-05-21T10:43:00,SENSOR,SYS,0,0,25,55
2026-05-21T10:43:10,SYSTEM,SYS,0,0,7,103
2026-05-21T10:43:10,SYSTEM,SYS,0,0,8,8153
2026-05-21T10:43:10,SYSTEM,SYS,0,0,12,31
2026-05-21T10:43:31,SENSOR,SYS,0,0,25,55
2026-05-21T10:44:01,SYSTEM,WEB,0,0,1,0
2026-05-21T10:44:01,SENSOR,SYS,0,0,25,55
2026-05-21T10:44:09,SYSTEM,SYS,0,0,7,103
2026-05-21T10:44:09,SYSTEM,SYS,0,0,8,8153
2026-05-21T10:44:09,SYSTEM,SYS,0,0,12,31
2026-05-21T10:44:31,SENSOR,SYS,0,0,25,55
2026-05-21T10:45:01,SENSOR,SYS,0,0,25,56
2026-05-21T10:45:09,SYSTEM,SYS,0,0,7,102
2026-05-21T10:45:09,SYSTEM,SYS,0,0,8,8153
2026-05-21T10:45:09,SYSTEM,SYS,0,0,12,31
2026-05-21T10:45:32,SENSOR,SYS,0,0,25,56
2026-05-21T10:46:01,SYSTEM,WEB,0,0,1,0
2026-05-21T10:46:02,SENSOR,SYS,0,0,25,56
2026-05-21T10:46:10,SYSTEM,SYS,0,0,7,102
2026-05-21T10:46:10,SYSTEM,SYS,0,0,8,8153
2026-05-21T10:46:10,SYSTEM,SYS,0,0,12,31
2026-05-21T10:46:33,SENSOR,SYS,0,0,25,56
2026-05-21T10:47:03,SENSOR,SYS,0,0,25,57
2026-05-21T10:47:09,SYSTEM,SYS,0,0,7,103
2026-05-21T10:47:09,SYSTEM,SYS,0,0,8,8153
2026-05-21T10:47:09,SYSTEM,SYS,0,0,12,31
2026-05-21T10:47:33,SENSOR,SYS,0,0,25,57
2026-05-21T10:48:03,SYSTEM,WEB,0,0,1,0
2026-05-21T10:48:04,SENSOR,SYS,0,0,25,57
2026-05-21T10:48:10,SYSTEM,SYS,0,0,7,102
2026-05-21T10:48:10,SYSTEM,SYS,0,0,8,8153
2026-05-21T10:48:10,SYSTEM,SYS,0,0,12,31
2026-05-21T10:48:34,SENSOR,SYS,0,0,25,57
2026-05-21T10:49:04,SENSOR,SYS,0,0,25,57
2026-05-21T10:49:09,SYSTEM,SYS,0,0,7,103
2026-05-21T10:49:09,SYSTEM,SYS,0,0,8,8153
2026-05-21T10:49:09,SYSTEM,SYS,0,0,12,31
2026-05-21T10:49:34,SENSOR,SYS,0,0,26,56
2026-05-21T10:50:03,SYSTEM,WEB,0,0,1,0
2026-05-21T10:50:05,SENSOR,SYS,0,0,26,56
2026-05-21T10:50:10,SYSTEM,SYS,0,0,7,102
2026-05-21T10:50:10,SYSTEM,SYS,0,0,8,8153
2026-05-21T10:50:10,SYSTEM,SYS,0,0,12,31
2026-05-21T10:50:35,SENSOR,SYS,0,0,26,56
2026-05-21T10:51:06,SENSOR,SYS,0,0,26,55
2026-05-21T10:51:10,SYSTEM,SYS,0,0,7,103
2026-05-21T10:51:10,SYSTEM,SYS,0,0,8,8153
2026-05-21T10:51:10,SYSTEM,SYS,0,0,12,31
2026-05-21T10:51:36,SENSOR,SYS,0,0,27,55
2026-05-21T10:52:04,SYSTEM,WEB,0,0,1,0
2026-05-21T10:52:06,SENSOR,SYS,0,0,27,55
2026-05-21T10:52:09,SYSTEM,SYS,0,0,7,103
2026-05-21T10:52:09,SYSTEM,SYS,0,0,8,8153
2026-05-21T10:52:09,SYSTEM,SYS,0,0,12,31
2026-05-21T10:52:36,SENSOR,SYS,0,0,27,54
2026-05-21T10:53:07,SENSOR,SYS,0,0,27,54
2026-05-21T10:53:10,SYSTEM,SYS,0,0,7,103
2026-05-21T10:53:10,SYSTEM,SYS,0,0,8,8153
2026-05-21T10:53:10,SYSTEM,SYS,0,0,12,31
2026-05-21T10:53:37,SENSOR,SYS,0,0,28,53
2026-05-21T10:54:04,SYSTEM,WEB,0,0,1,0
2026-05-21T10:54:07,SENSOR,SYS,0,0,28,53
2026-05-21T10:54:09,SYSTEM,SYS,0,0,7,103
2026-05-21T10:54:09,SYSTEM,SYS,0,0,8,8153
2026-05-21T10:54:09,SYSTEM,SYS,0,0,12,31
2026-05-21T10:54:37,SENSOR,SYS,0,0,28,53
2026-05-21T10:55:08,SENSOR,SYS,0,0,28,52
2026-05-21T10:55:09,SYSTEM,SYS,0,0,7,103
2026-05-21T10:55:09,SYSTEM,SYS,0,0,8,8153
2026-05-21T10:55:09,SYSTEM,SYS,0,0,12,31
2026-05-21T10:55:38,SENSOR,SYS,0,0,28,52
2026-05-21T10:56:06,SYSTEM,WEB,0,0,1,0
2026-05-21T10:56:09,SENSOR,SYS,0,0,28,52
2026-05-21T10:56:10,SYSTEM,SYS,0,0,7,103
2026-05-21T10:56:10,SYSTEM,SYS,0,0,8,8153
2026-05-21T10:56:10,SYSTEM,SYS,0,0,12,31
2026-05-21T10:56:39,SENSOR,SYS,0,0,28,51
2026-05-21T10:57:09,SENSOR,SYS,0,0,28,51
2026-05-21T10:57:09,SYSTEM,SYS,0,0,7,103
2026-05-21T10:57:09,SYSTEM,SYS,0,0,8,8153
2026-05-21T10:57:09,SYSTEM,SYS,0,0,12,31
2026-05-21T10:57:39,SENSOR,SYS,0,0,28,50
2026-05-21T10:58:07,SYSTEM,WEB,0,0,1,0
2026-05-21T10:58:10,SYSTEM,SYS,0,0,7,102
2026-05-21T10:58:10,SYSTEM,SYS,0,0,8,8153
2026-05-21T10:58:10,SYSTEM,SYS,0,0,12,31
2026-05-21T10:58:10,SENSOR,SYS,0,0,28,50
2026-05-21T10:58:40,SENSOR,SYS,0,0,28,50
2026-05-21T10:59:10,SYSTEM,SYS,0,0,7,102
2026-05-21T10:59:10,SYSTEM,SYS,0,0,8,8153
2026-05-21T10:59:10,SYSTEM,SYS,0,0,12,31
2026-05-21T10:59:11,SENSOR,SYS,0,0,28,50
2026-05-21T10:59:41,SENSOR,SYS,0,0,27,51
2026-05-21T11:00:06,SYSTEM,WEB,0,0,1,0
2026-05-21T11:00:09,SYSTEM,SYS,0,0,7,103
2026-05-21T11:00:09,SYSTEM,SYS,0,0,8,8153
2026-05-21T11:00:09,SYSTEM,SYS,0,0,12,31
2026-05-21T11:00:11,SENSOR,SYS,0,0,27,51
2026-05-21T11:00:41,SENSOR,SYS,0,0,27,51
2026-05-21T11:01:10,SYSTEM,SYS,0,0,7,103
2026-05-21T11:01:10,SYSTEM,SYS,0,0,8,8153
2026-05-21T11:01:10,SYSTEM,SYS,0,0,12,31
2026-05-21T11:01:12,SENSOR,SYS,0,0,27,51
2026-05-21T11:01:42,SENSOR,SYS,0,0,27,52
2026-05-21T11:02:05,SYSTEM,WEB,0,0,1,0
2026-05-21T11:02:09,SYSTEM,SYS,0,0,7,103
2026-05-21T11:02:09,SYSTEM,SYS,0,0,8,8153
2026-05-21T11:02:09,SYSTEM,SYS,0,0,12,31
2026-05-21T11:02:12,SENSOR,SYS,0,0,26,52
2026-05-21T11:02:43,SENSOR,SYS,0,0,26,52
2026-05-21T11:03:10,SYSTEM,SYS,0,0,7,103
2026-05-21T11:03:10,SYSTEM,SYS,0,0,8,8153
2026-05-21T11:03:10,SYSTEM,SYS,0,0,12,31
2026-05-21T11:03:13,SENSOR,SYS,0,0,26,52
2026-05-21T11:03:43,SENSOR,SYS,0,0,26,52
2026-05-21T11:04:06,SYSTEM,WEB,0,0,1,0
2026-05-21T11:04:09,SYSTEM,SYS,0,0,7,103
2026-05-21T11:04:09,SYSTEM,SYS,0,0,8,8153
2026-05-21T11:04:09,SYSTEM,SYS,0,0,12,31
2026-05-21T11:04:13,SENSOR,SYS,0,0,26,53
2026-05-21T11:04:44,SENSOR,SYS,0,0,25,53
2026-05-21T11:05:10,SYSTEM,SYS,0,0,7,103
2026-05-21T11:05:10,SYSTEM,SYS,0,0,8,8153
2026-05-21T11:05:10,SYSTEM,SYS,0,0,12,31
2026-05-21T11:05:14,SENSOR,SYS,0,0,25,53
2026-05-21T11:05:45,SENSOR,SYS,0,0,25,53
2026-05-21T11:06:08,SYSTEM,WEB,0,0,1,0
2026-05-21T11:06:10,SYSTEM,SYS,0,0,7,102
2026-05-21T11:06:10,SYSTEM,SYS,0,0,8,8153
2026-05-21T11:06:10,SYSTEM,SYS,0,0,12,31
2026-05-21T11:06:15,SENSOR,SYS,0,0,25,54
2026-05-21T11:06:45,SENSOR,SYS,0,0,25,54
2026-05-21T11:07:09,SYSTEM,SYS,0,0,7,102
2026-05-21T11:07:09,SYSTEM,SYS,0,0,8,8153
2026-05-21T11:07:09,SYSTEM,SYS,0,0,12,31
2026-05-21T11:07:15,SENSOR,SYS,0,0,25,54
2026-05-21T11:07:46,SENSOR,SYS,0,0,25,54
2026-05-21T11:08:10,SYSTEM,SYS,0,0,7,64
2026-05-21T11:08:10,SYSTEM,SYS,0,0,8,8153
2026-05-21T11:08:10,SYSTEM,SYS,0,0,12,28
2026-05-21T11:08:10,SYSTEM,WEB,0,0,1,0
2026-05-21T11:08:16,SENSOR,SYS,0,0,26,54
2026-05-21T11:08:46,SENSOR,SYS,0,0,26,54
2026-05-21T11:09:09,SYSTEM,SYS,0,0,7,103
2026-05-21T11:09:09,SYSTEM,SYS,0,0,8,8153
2026-05-21T11:09:09,SYSTEM,SYS,0,0,12,31
2026-05-21T11:09:16,SENSOR,SYS,0,0,26,54
2026-05-21T11:09:47,SENSOR,SYS,0,0,26,53
2026-05-21T11:10:09,SYSTEM,WEB,0,0,1,0
2026-05-21T11:10:09,SYSTEM,SYS,0,0,7,102
2026-05-21T11:10:09,SYSTEM,SYS,0,0,8,8153
2026-05-21T11:10:09,SYSTEM,SYS,0,0,12,31
2026-05-21T11:10:17,SENSOR,SYS,0,0,27,53
2026-05-21T11:10:48,SENSOR,SYS,0,0,27,52
2026-05-21T11:11:10,SYSTEM,SYS,0,0,7,103
2026-05-21T11:11:10,SYSTEM,SYS,0,0,8,8153
2026-05-21T11:11:10,SYSTEM,SYS,0,0,12,31
2026-05-21T11:11:18,SENSOR,SYS,0,0,27,52
2026-05-21T11:11:48,SENSOR,SYS,0,0,27,51
2026-05-21T11:12:09,SYSTEM,WEB,0,0,1,0
2026-05-21T11:12:09,SYSTEM,SYS,0,0,7,103
2026-05-21T11:12:09,SYSTEM,SYS,0,0,8,8153
2026-05-21T11:12:09,SYSTEM,SYS,0,0,12,31
2026-05-21T11:12:18,SENSOR,SYS,0,0,28,51
2026-05-21T11:12:49,SENSOR,SYS,0,0,28,51
2026-05-21T11:13:10,SYSTEM,SYS,0,0,7,103
2026-05-21T11:13:10,SYSTEM,SYS,0,0,8,8153
2026-05-21T11:13:10,SYSTEM,SYS,0,0,12,31
2026-05-21T11:13:19,SENSOR,SYS,0,0,28,50
2026-05-21T11:13:50,SENSOR,SYS,0,0,28,50
2026-05-21T11:14:10,SYSTEM,WEB,0,0,1,0
2026-05-21T11:14:10,SYSTEM,SYS,0,0,7,102
2026-05-21T11:14:10,SYSTEM,SYS,0,0,8,8153
2026-05-21T11:14:10,SYSTEM,SYS,0,0,12,31
2026-05-21T11:14:20,SENSOR,SYS,0,0,28,49
2026-05-21T11:14:50,SENSOR,SYS,0,0,28,49
2026-05-21T11:15:09,SYSTEM,SYS,0,0,7,102
2026-05-21T11:15:09,SYSTEM,SYS,0,0,8,8153
2026-05-21T11:15:09,SYSTEM,SYS,0,0,12,31
2026-05-21T11:15:20,SENSOR,SYS,0,0,28,49
2026-05-21T11:15:51,SENSOR,SYS,0,0,28,48
2026-05-21T11:16:10,SYSTEM,SYS,0,0,7,63
2026-05-21T11:16:10,SYSTEM,SYS,0,0,8,8153
2026-05-21T11:16:10,SYSTEM,SYS,0,0,12,28
2026-05-21T11:16:10,SYSTEM,WEB,0,0,1,0
2026-05-21T11:16:21,SENSOR,SYS,0,0,28,48
2026-05-21T11:16:51,SENSOR,SYS,0,0,28,47
2026-05-21T11:17:09,SYSTEM,SYS,0,0,7,103
2026-05-21T11:17:09,SYSTEM,SYS,0,0,8,8153
2026-05-21T11:17:09,SYSTEM,SYS,0,0,12,31
2026-05-21T11:17:21,SENSOR,SYS,0,0,28,47
2026-05-21T11:17:52,SENSOR,SYS,0,0,28,46
2026-05-21T11:18:09,SYSTEM,SYS,0,0,7,66
2026-05-21T11:18:09,SYSTEM,SYS,0,0,8,8153
2026-05-21T11:18:09,SYSTEM,SYS,0,0,12,31
2026-05-21T11:18:10,SYSTEM,WEB,0,0,1,0
2026-05-21T11:18:22,SENSOR,SYS,0,0,28,46
2026-05-21T11:18:52,SENSOR,SYS,0,0,28,46
2026-05-21T11:19:09,SYSTEM,SYS,0,0,7,103
2026-05-21T11:19:09,SYSTEM,SYS,0,0,8,8153
2026-05-21T11:19:09,SYSTEM,SYS,0,0,12,31
2026-05-21T11:19:23,SENSOR,SYS,0,0,28,46
2026-05-21T11:19:53,SENSOR,SYS,0,0,28,47
2026-05-21T11:20:10,SYSTEM,SYS,0,0,7,63
2026-05-21T11:20:10,SYSTEM,SYS,0,0,8,8153
2026-05-21T11:20:10,SYSTEM,SYS,0,0,12,28
2026-05-21T11:20:10,SYSTEM,WEB,0,0,1,0
2026-05-21T11:20:24,SENSOR,SYS,0,0,28,47
2026-05-21T11:20:54,SENSOR,SYS,0,0,28,47
2026-05-21T11:21:10,SYSTEM,SYS,0,0,7,102
2026-05-21T11:21:10,SYSTEM,SYS,0,0,8,8153
2026-05-21T11:21:10,SYSTEM,SYS,0,0,12,31
2026-05-21T11:21:24,SENSOR,SYS,0,0,28,48
2026-05-21T11:21:54,SENSOR,SYS,0,0,27,48
2026-05-21T11:22:09,SYSTEM,SYS,0,0,7,66
2026-05-21T11:22:09,SYSTEM,SYS,0,0,8,8153
2026-05-21T11:22:09,SYSTEM,SYS,0,0,12,31
2026-05-21T11:22:10,SYSTEM,WEB,0,0,1,0
2026-05-21T11:22:25,SENSOR,SYS,0,0,27,48
2026-05-21T11:22:55,SENSOR,SYS,0,0,27,49
2026-05-21T11:23:10,SYSTEM,SYS,0,0,7,102
2026-05-21T11:23:10,SYSTEM,SYS,0,0,8,8153
2026-05-21T11:23:10,SYSTEM,SYS,0,0,12,31
2026-05-21T11:23:26,SENSOR,SYS,0,0,27,49
2026-05-21T11:23:56,SENSOR,SYS,0,0,27,49
2026-05-21T11:24:10,SYSTEM,SYS,0,0,7,102
2026-05-21T11:24:10,SYSTEM,SYS,0,0,8,8153
2026-05-21T11:24:10,SYSTEM,SYS,0,0,12,31
2026-05-21T11:24:11,SYSTEM,WEB,0,0,1,0
2026-05-21T11:24:26,SENSOR,SYS,0,0,27,49
2026-05-21T11:24:56,SENSOR,SYS,0,0,26,50
2026-05-21T11:25:09,SYSTEM,SYS,0,0,7,103
2026-05-21T11:25:09,SYSTEM,SYS,0,0,8,8153
2026-05-21T11:25:09,SYSTEM,SYS,0,0,12,31
2026-05-21T11:25:27,SENSOR,SYS,0,0,26,50
2026-05-21T11:25:57,SENSOR,SYS,0,0,26,50
2026-05-21T11:26:10,SYSTEM,SYS,0,0,7,103
2026-05-21T11:26:10,SYSTEM,SYS,0,0,8,8153
2026-05-21T11:26:10,SYSTEM,SYS,0,0,12,31
2026-05-21T11:26:12,SYSTEM,WEB,0,0,1,0
2026-05-21T11:26:27,SENSOR,SYS,0,0,26,51
2026-05-21T11:26:57,SENSOR,SYS,0,0,26,51
2026-05-21T11:27:10,SYSTEM,SYS,0,0,7,103
2026-05-21T11:27:10,SYSTEM,SYS,0,0,8,8153
2026-05-21T11:27:10,SYSTEM,SYS,0,0,12,31
2026-05-21T11:27:28,SENSOR,SYS,0,0,26,51
2026-05-21T11:27:58,SENSOR,SYS,0,0,26,51
2026-05-21T11:28:10,SYSTEM,SYS,0,0,7,103
2026-05-21T11:28:10,SYSTEM,SYS,0,0,8,8153
2026-05-21T11:28:10,SYSTEM,SYS,0,0,12,31
2026-05-21T11:28:12,SYSTEM,WEB,0,0,1,0
2026-05-21T11:28:29,SENSOR,SYS,0,0,27,51
2026-05-21T11:28:59,SENSOR,SYS,0,0,27,51
2026-05-21T11:29:09,SYSTEM,SYS,0,0,7,102
2026-05-21T11:29:09,SYSTEM,SYS,0,0,8,8153
2026-05-21T11:29:09,SYSTEM,SYS,0,0,12,31
2026-05-21T11:29:29,SENSOR,SYS,0,0,27,51
2026-05-21T11:29:59,SENSOR,SYS,0,0,27,50
2026-05-21T11:30:10,SYSTEM,SYS,0,0,7,103
2026-05-21T11:30:10,SYSTEM,SYS,0,0,8,8153
2026-05-21T11:30:10,SYSTEM,SYS,0,0,12,31
2026-05-21T11:30:14,SYSTEM,WEB,0,0,1,0
2026-05-21T11:30:30,SENSOR,SYS,0,0,28,50
2026-05-21T11:31:00,SENSOR,SYS,0,0,28,49
2026-05-21T11:31:10,SYSTEM,SYS,0,0,7,103
2026-05-21T11:31:10,SYSTEM,SYS,0,0,8,8153
2026-05-21T11:31:10,SYSTEM,SYS,0,0,12,31
2026-05-21T11:31:31,SENSOR,SYS,0,0,28,49
2026-05-21T11:32:01,SENSOR,SYS,0,0,28,48
2026-05-21T11:32:09,SYSTEM,SYS,0,0,7,103
2026-05-21T11:32:09,SYSTEM,SYS,0,0,8,8153
2026-05-21T11:32:09,SYSTEM,SYS,0,0,12,31
2026-05-21T11:32:13,SYSTEM,WEB,0,0,1,0
2026-05-21T11:32:31,SENSOR,SYS,0,0,29,48
2026-05-21T11:32:02,MODE,SYS,0,0,1,256
2026-05-21T11:32:31,RELAY,SYS,1,0,2,0
2026-05-21T11:32:57,RELAY,SYS,1,0,3,0
2026-05-21T11:33:01,SENSOR,SYS,0,0,29,48
2026-05-21T11:33:09,SYSTEM,SYS,0,0,7,103
2026-05-21T11:33:09,SYSTEM,SYS,0,0,8,8153
2026-05-21T11:33:09,SYSTEM,SYS,0,0,12,31
2026-05-21T11:33:31,SENSOR,SYS,0,0,29,47
2026-05-21T11:34:02,SENSOR,SYS,0,0,29,47
2026-05-21T11:34:09,SYSTEM,SYS,0,0,7,102
2026-05-21T11:34:09,SYSTEM,SYS,0,0,8,8153
2026-05-21T11:34:09,SYSTEM,SYS,0,0,12,31
2026-05-21T11:34:15,SYSTEM,WEB,0,0,1,0
2026-05-21T11:34:32,SENSOR,SYS,0,0,29,46
2026-05-21T11:35:03,SENSOR,SYS,0,0,29,46
2026-05-21T11:35:10,SYSTEM,SYS,0,0,7,102
2026-05-21T11:35:10,SYSTEM,SYS,0,0,8,8153
2026-05-21T11:35:10,SYSTEM,SYS,0,0,12,31
2026-05-21T11:35:33,SENSOR,SYS,0,0,29,45
2026-05-21T11:36:03,SENSOR,SYS,0,0,29,45
2026-05-21T11:36:09,SYSTEM,SYS,0,0,7,103
2026-05-21T11:36:09,SYSTEM,SYS,0,0,8,8153
2026-05-21T11:36:09,SYSTEM,SYS,0,0,12,31
2026-05-21T11:36:14,SYSTEM,WEB,0,0,1,0
2026-05-21T11:36:33,SENSOR,SYS,0,0,29,44
2026-05-21T11:37:04,SENSOR,SYS,0,0,29,44
2026-05-21T11:37:10,SYSTEM,SYS,0,0,7,102
2026-05-21T11:37:10,SYSTEM,SYS,0,0,8,8153
2026-05-21T11:37:10,SYSTEM,SYS,0,0,12,31
2026-05-21T11:37:34,SENSOR,SYS,0,0,29,43
2026-05-21T11:38:05,SENSOR,SYS,0,0,29,43
2026-05-21T11:38:10,SYSTEM,SYS,0,0,7,101
2026-05-21T11:38:10,SYSTEM,SYS,0,0,8,8153
2026-05-21T11:38:10,SYSTEM,SYS,0,0,12,31
2026-05-21T11:38:15,SYSTEM,WEB,0,0,1,0
2026-05-21T11:38:35,SENSOR,SYS,0,0,29,43
2026-05-21T11:39:05,SENSOR,SYS,0,0,29,43
2026-05-21T11:39:09,SYSTEM,SYS,0,0,7,102
2026-05-21T11:39:09,SYSTEM,SYS,0,0,8,8153
2026-05-21T11:39:09,SYSTEM,SYS,0,0,12,31
2026-05-21T11:39:35,SENSOR,SYS,0,0,29,44
2026-05-21T11:40:06,SENSOR,SYS,0,0,28,44
2026-05-21T11:40:10,SYSTEM,SYS,0,0,7,102
2026-05-21T11:40:10,SYSTEM,SYS,0,0,8,8153
2026-05-21T11:40:10,SYSTEM,SYS,0,0,12,31
2026-05-21T11:40:15,SYSTEM,WEB,0,0,1,0
2026-05-21T11:40:36,SENSOR,SYS,0,0,28,45
2026-05-21T11:41:06,SENSOR,SYS,0,0,28,45
2026-05-21T11:41:09,SYSTEM,SYS,0,0,7,103
2026-05-21T11:41:09,SYSTEM,SYS,0,0,8,8153
2026-05-21T11:41:09,SYSTEM,SYS,0,0,12,31
2026-05-21T11:41:36,SENSOR,SYS,0,0,27,46
2026-05-21T11:42:07,SENSOR,SYS,0,0,27,46
2026-05-21T11:42:09,SYSTEM,SYS,0,0,7,102
2026-05-21T11:42:09,SYSTEM,SYS,0,0,8,8153
2026-05-21T11:42:09,SYSTEM,SYS,0,0,12,31
2026-05-21T11:42:17,SYSTEM,WEB,0,0,1,0
2026-05-21T11:42:37,SENSOR,SYS,0,0,26,47
2026-05-21T11:43:08,SENSOR,SYS,0,0,26,47
2026-05-21T11:43:10,SYSTEM,SYS,0,0,7,103
2026-05-21T11:43:10,SYSTEM,SYS,0,0,8,8153
2026-05-21T11:43:10,SYSTEM,SYS,0,0,12,31
2026-05-21T11:43:38,SENSOR,SYS,0,0,26,48
2026-05-21T11:44:08,SENSOR,SYS,0,0,25,48
2026-05-21T11:44:09,SYSTEM,SYS,0,0,7,102
2026-05-21T11:44:09,SYSTEM,SYS,0,0,8,8153
2026-05-21T11:44:09,SYSTEM,SYS,0,0,12,31
2026-05-21T11:44:15,SYSTEM,WEB,0,0,1,0
2026-05-21T11:44:38,SENSOR,SYS,0,0,25,49
2026-05-21T11:45:09,SENSOR,SYS,0,0,25,49
2026-05-21T11:45:10,SYSTEM,SYS,0,0,7,103
2026-05-21T11:45:10,SYSTEM,SYS,0,0,8,8153
2026-05-21T11:45:10,SYSTEM,SYS,0,0,12,31
2026-05-21T11:45:39,SENSOR,SYS,0,0,25,49
2026-05-21T11:46:10,SENSOR,SYS,0,0,25,50
2026-05-21T11:46:10,SYSTEM,SYS,0,0,7,103
2026-05-21T11:46:10,SYSTEM,SYS,0,0,8,8153
2026-05-21T11:46:10,SYSTEM,SYS,0,0,12,31
2026-05-21T11:46:17,SYSTEM,WEB,0,0,1,0
2026-05-21T11:46:40,SENSOR,SYS,0,0,25,50
2026-05-21T11:47:09,SYSTEM,SYS,0,0,7,103
2026-05-21T11:47:09,SYSTEM,SYS,0,0,8,8153
2026-05-21T11:47:09,SYSTEM,SYS,0,0,12,31
2026-05-21T11:47:10,SENSOR,SYS,0,0,25,51
2026-05-21T11:47:40,SENSOR,SYS,0,0,25,51
2026-05-21T11:48:10,SYSTEM,SYS,0,0,7,103
2026-05-21T11:48:10,SYSTEM,SYS,0,0,8,8153
2026-05-21T11:48:10,SYSTEM,SYS,0,0,12,31
2026-05-21T11:48:11,SENSOR,SYS,0,0,25,51
2026-05-21T11:48:18,SYSTEM,WEB,0,0,1,0
2026-05-21T11:48:41,SENSOR,SYS,0,0,25,51
2026-05-21T11:49:09,SYSTEM,SYS,0,0,7,103
2026-05-21T11:49:09,SYSTEM,SYS,0,0,8,8153
2026-05-21T11:49:09,SYSTEM,SYS,0,0,12,31
2026-05-21T11:49:11,SENSOR,SYS,0,0,26,52
2026-05-21T11:49:42,SENSOR,SYS,0,0,26,51
2026-05-21T11:50:10,SYSTEM,SYS,0,0,7,102
2026-05-21T11:50:10,SYSTEM,SYS,0,0,8,8153
2026-05-21T11:50:10,SYSTEM,SYS,0,0,12,31
2026-05-21T11:50:12,SENSOR,SYS,0,0,26,51
2026-05-21T11:50:19,SYSTEM,WEB,0,0,1,0
2026-05-21T11:50:42,SENSOR,SYS,0,0,27,50
2026-05-21T11:51:09,SYSTEM,SYS,0,0,7,102
2026-05-21T11:51:09,SYSTEM,SYS,0,0,8,8153
2026-05-21T11:51:09,SYSTEM,SYS,0,0,12,31
2026-05-21T11:51:12,SENSOR,SYS,0,0,27,50
2026-05-21T11:51:43,SENSOR,SYS,0,0,27,50
2026-05-21T11:52:10,SYSTEM,SYS,0,0,7,103
2026-05-21T11:52:10,SYSTEM,SYS,0,0,8,8153
2026-05-21T11:52:10,SYSTEM,SYS,0,0,12,31
2026-05-21T11:52:13,SENSOR,SYS,0,0,28,49
2026-05-21T11:52:18,SYSTEM,WEB,0,0,1,0
2026-05-21T11:52:44,SENSOR,SYS,0,0,28,49
2026-05-21T11:53:10,SYSTEM,SYS,0,0,7,103
2026-05-21T11:53:10,SYSTEM,SYS,0,0,8,8153
2026-05-21T11:53:10,SYSTEM,SYS,0,0,12,31
2026-05-21T11:53:14,SENSOR,SYS,0,0,28,48
2026-05-21T11:53:44,SENSOR,SYS,0,0,29,48
2026-05-21T11:54:09,SYSTEM,SYS,0,0,7,102
2026-05-21T11:54:09,SYSTEM,SYS,0,0,8,8153
2026-05-21T11:54:09,SYSTEM,SYS,0,0,12,31
2026-05-21T11:54:14,SENSOR,SYS,0,0,29,48
2026-05-21T11:54:18,SYSTEM,WEB,0,0,1,0
2026-05-21T11:54:45,SENSOR,SYS,0,0,29,47
2026-05-21T11:55:10,SYSTEM,SYS,0,0,7,102
2026-05-21T11:55:10,SYSTEM,SYS,0,0,8,8153
2026-05-21T11:55:10,SYSTEM,SYS,0,0,12,31
2026-05-21T11:55:15,SENSOR,SYS,0,0,29,47
2026-05-21T11:55:46,SENSOR,SYS,0,0,29,47
2026-05-21T11:56:10,SYSTEM,SYS,0,0,7,103
2026-05-21T11:56:10,SYSTEM,SYS,0,0,8,8153
2026-05-21T11:56:10,SYSTEM,SYS,0,0,12,31
2026-05-21T11:56:16,SENSOR,SYS,0,0,29,46
2026-05-21T11:56:20,SYSTEM,WEB,0,0,1,0
2026-05-21T11:56:46,SENSOR,SYS,0,0,29,46
2026-05-21T11:57:09,SYSTEM,SYS,0,0,7,103
2026-05-21T11:57:09,SYSTEM,SYS,0,0,8,8153
2026-05-21T11:57:09,SYSTEM,SYS,0,0,12,31
2026-05-21T11:57:16,SENSOR,SYS,0,0,29,45
2026-05-21T11:57:47,SENSOR,SYS,0,0,29,45
2026-05-21T11:58:10,SYSTEM,SYS,0,0,7,102
2026-05-21T11:58:10,SYSTEM,SYS,0,0,8,8153
2026-05-21T11:58:10,SYSTEM,SYS,0,0,12,31
2026-05-21T11:58:17,SENSOR,SYS,0,0,29,45
2026-05-21T11:58:20,SYSTEM,WEB,0,0,1,0
2026-05-21T11:58:47,SENSOR,SYS,0,0,29,45
2026-05-21T11:59:09,SYSTEM,SYS,0,0,7,102
2026-05-21T11:59:09,SYSTEM,SYS,0,0,8,8153
2026-05-21T11:59:09,SYSTEM,SYS,0,0,12,31
2026-05-21T11:59:17,SENSOR,SYS,0,0,29,45
2026-05-21T11:59:48,SENSOR,SYS,0,0,28,46
2026-05-21T12:00:09,SYSTEM,SYS,0,0,7,103
2026-05-21T12:00:09,SYSTEM,SYS,0,0,8,8153
2026-05-21T12:00:09,SYSTEM,SYS,0,0,12,31
2026-05-21T12:00:18,SENSOR,SYS,0,0,28,46
2026-05-21T12:00:20,SYSTEM,WEB,0,0,1,0
2026-05-21T12:00:49,SENSOR,SYS,0,0,28,47
2026-05-21T12:01:10,SYSTEM,SYS,0,0,7,103
2026-05-21T12:01:10,SYSTEM,SYS,0,0,8,8153
2026-05-21T12:01:10,SYSTEM,SYS,0,0,12,31
2026-05-21T12:01:19,SENSOR,SYS,0,0,27,47
2026-05-21T12:01:49,SENSOR,SYS,0,0,27,48
2026-05-21T12:02:09,SYSTEM,SYS,0,0,7,103
2026-05-21T12:02:09,SYSTEM,SYS,0,0,8,8153
2026-05-21T12:02:09,SYSTEM,SYS,0,0,12,31
2026-05-21T12:02:19,SENSOR,SYS,0,0,26,48
2026-05-21T12:02:19,SYSTEM,WEB,0,0,1,0
2026-05-21T12:02:50,SENSOR,SYS,0,0,26,49
2026-05-21T12:03:10,SYSTEM,SYS,0,0,7,102
2026-05-21T12:03:10,SYSTEM,SYS,0,0,8,8153
2026-05-21T12:03:10,SYSTEM,SYS,0,0,12,31
2026-05-21T12:03:20,SENSOR,SYS,0,0,26,49
2026-05-21T12:03:50,SENSOR,SYS,0,0,25,50
2026-05-21T12:04:09,SYSTEM,SYS,0,0,7,103
2026-05-21T12:04:09,SYSTEM,SYS,0,0,8,8153
2026-05-21T12:04:09,SYSTEM,SYS,0,0,12,31
2026-05-21T12:04:21,SENSOR,SYS,0,0,25,50
2026-05-21T12:04:21,SYSTEM,WEB,0,0,1,0
2026-05-21T12:04:51,SENSOR,SYS,0,0,25,51
2026-05-21T12:05:10,SYSTEM,SYS,0,0,7,103
2026-05-21T12:05:10,SYSTEM,SYS,0,0,8,8153
2026-05-21T12:05:10,SYSTEM,SYS,0,0,12,31
2026-05-21T12:05:22,SENSOR,SYS,0,0,24,51
2026-05-21T12:05:52,SENSOR,SYS,0,0,24,52
2026-05-21T12:06:10,SYSTEM,SYS,0,0,7,102
2026-05-21T12:06:10,SYSTEM,SYS,0,0,8,8153
2026-05-21T12:06:10,SYSTEM,SYS,0,0,12,31
2026-05-21T12:06:20,SYSTEM,WEB,0,0,1,0
2026-05-21T12:06:22,SENSOR,SYS,0,0,24,52
2026-05-21T12:06:52,SENSOR,SYS,0,0,24,53
2026-05-21T12:07:09,SYSTEM,SYS,0,0,7,103
2026-05-21T12:07:09,SYSTEM,SYS,0,0,8,8153
2026-05-21T12:07:09,SYSTEM,SYS,0,0,12,31
2026-05-21T12:07:23,SENSOR,SYS,0,0,24,53
2026-05-21T12:07:53,SENSOR,SYS,0,0,24,54
2026-05-21T12:08:10,SYSTEM,SYS,0,0,7,102
2026-05-21T12:08:10,SYSTEM,SYS,0,0,8,8153
2026-05-21T12:08:10,SYSTEM,SYS,0,0,12,31
2026-05-21T12:08:20,SYSTEM,WEB,0,0,1,0
2026-05-21T12:08:23,SENSOR,SYS,0,0,24,54
2026-05-21T12:08:53,SENSOR,SYS,0,0,24,55
2026-05-21T12:09:09,SYSTEM,SYS,0,0,7,102
2026-05-21T12:09:09,SYSTEM,SYS,0,0,8,8153
2026-05-21T12:09:09,SYSTEM,SYS,0,0,12,31
2026-05-21T12:09:24,SENSOR,SYS,0,0,24,55
2026-05-21T12:09:54,SENSOR,SYS,0,0,24,55
2026-05-21T12:10:10,SYSTEM,SYS,0,0,7,102
2026-05-21T12:10:10,SYSTEM,SYS,0,0,8,8153
2026-05-21T12:10:10,SYSTEM,SYS,0,0,12,31
2026-05-21T12:10:22,SYSTEM,WEB,0,0,1,0
2026-05-21T12:10:25,SENSOR,SYS,0,0,24,55
2026-05-21T12:10:55,SENSOR,SYS,0,0,24,55
2026-05-21T12:11:09,SYSTEM,SYS,0,0,7,102
2026-05-21T12:11:09,SYSTEM,SYS,0,0,8,8153
2026-05-21T12:11:09,SYSTEM,SYS,0,0,12,31
2026-05-21T12:11:25,SENSOR,SYS,0,0,24,55
2026-05-21T12:11:55,SENSOR,SYS,0,0,24,55
2026-05-21T12:12:10,SYSTEM,SYS,0,0,7,102
2026-05-21T12:12:10,SYSTEM,SYS,0,0,8,8153
2026-05-21T12:12:10,SYSTEM,SYS,0,0,12,31
2026-05-21T12:12:23,SYSTEM,WEB,0,0,1,0
2026-05-21T12:12:26,SENSOR,SYS,0,0,24,55
2026-05-21T12:12:56,SENSOR,SYS,0,0,24,55
2026-05-21T12:13:10,SYSTEM,SYS,0,0,7,103
2026-05-21T12:13:10,SYSTEM,SYS,0,0,8,8153
2026-05-21T12:13:10,SYSTEM,SYS,0,0,12,31
2026-05-21T12:13:27,SENSOR,SYS,0,0,24,55
2026-05-21T12:13:57,SENSOR,SYS,0,0,24,55
2026-05-21T12:14:09,SYSTEM,SYS,0,0,7,103
2026-05-21T12:14:09,SYSTEM,SYS,0,0,8,8153
2026-05-21T12:14:09,SYSTEM,SYS,0,0,12,31
2026-05-21T12:14:23,SYSTEM,WEB,0,0,1,0
2026-05-21T12:14:27,SENSOR,SYS,0,0,24,55
2026-05-21T12:14:57,SENSOR,SYS,0,0,24,55
2026-05-21T12:15:10,SYSTEM,SYS,0,0,7,103
2026-05-21T12:15:10,SYSTEM,SYS,0,0,8,8153
2026-05-21T12:15:10,SYSTEM,SYS,0,0,12,31
2026-05-21T12:15:28,SENSOR,SYS,0,0,24,55
2026-05-21T12:15:58,SENSOR,SYS,0,0,24,55
2026-05-21T12:16:09,SYSTEM,SYS,0,0,7,103
2026-05-21T12:16:09,SYSTEM,SYS,0,0,8,8153
2026-05-21T12:16:09,SYSTEM,SYS,0,0,12,31
2026-05-21T12:16:23,SYSTEM,WEB,0,0,1,0
2026-05-21T12:16:28,SENSOR,SYS,0,0,24,55
2026-05-21T12:16:58,SENSOR,SYS,0,0,24,55
2026-05-21T12:17:10,SYSTEM,SYS,0,0,7,103
2026-05-21T12:17:10,SYSTEM,SYS,0,0,8,8153
2026-05-21T12:17:10,SYSTEM,SYS,0,0,12,31
2026-05-21T12:17:29,SENSOR,SYS,0,0,24,55
2026-05-21T12:17:59,SENSOR,SYS,0,0,24,55
2026-05-21T12:18:10,SYSTEM,SYS,0,0,7,103
2026-05-21T12:18:10,SYSTEM,SYS,0,0,8,8153
2026-05-21T12:18:10,SYSTEM,SYS,0,0,12,31
2026-05-21T12:18:25,SYSTEM,WEB,0,0,1,0
2026-05-21T12:18:30,SENSOR,SYS,0,0,24,55
2026-05-21T12:19:00,SENSOR,SYS,0,0,24,55
2026-05-21T12:19:10,SYSTEM,SYS,0,0,7,103
2026-05-21T12:19:10,SYSTEM,SYS,0,0,8,8153
2026-05-21T12:19:10,SYSTEM,SYS,0,0,12,31
2026-05-21T12:19:30,SENSOR,SYS,0,0,24,55
2026-05-21T12:20:01,SENSOR,SYS,0,0,24,55
2026-05-21T12:20:10,SYSTEM,SYS,0,0,7,102
2026-05-21T12:20:10,SYSTEM,SYS,0,0,8,8153
2026-05-21T12:20:10,SYSTEM,SYS,0,0,12,31
2026-05-21T12:20:26,SYSTEM,WEB,0,0,1,0
2026-05-21T12:20:31,SENSOR,SYS,0,0,24,55
2026-05-21T12:21:01,SENSOR,SYS,0,0,24,55
2026-05-21T12:21:09,SYSTEM,SYS,0,0,7,103
2026-05-21T12:21:09,SYSTEM,SYS,0,0,8,8153
2026-05-21T12:21:09,SYSTEM,SYS,0,0,12,31
2026-05-21T12:21:31,SENSOR,SYS,0,0,24,55
2026-05-21T12:22:02,SENSOR,SYS,0,0,24,55
2026-05-21T12:22:10,SYSTEM,SYS,0,0,7,103
2026-05-21T12:22:10,SYSTEM,SYS,0,0,8,8153
2026-05-21T12:22:10,SYSTEM,SYS,0,0,12,31
2026-05-21T12:22:26,SYSTEM,WEB,0,0,1,0
2026-05-21T12:22:32,SENSOR,SYS,0,0,24,55
2026-05-21T12:23:02,SENSOR,SYS,0,0,24,55
2026-05-21T12:23:09,SYSTEM,SYS,0,0,7,103
2026-05-21T12:23:09,SYSTEM,SYS,0,0,8,8153
2026-05-21T12:23:09,SYSTEM,SYS,0,0,12,31
2026-05-21T12:23:32,SENSOR,SYS,0,0,24,55
2026-05-21T12:24:03,SENSOR,SYS,0,0,24,55
2026-05-21T12:24:09,SYSTEM,SYS,0,0,7,102
2026-05-21T12:24:09,SYSTEM,SYS,0,0,8,8153
2026-05-21T12:24:09,SYSTEM,SYS,0,0,12,31
2026-05-21T12:24:27,SYSTEM,WEB,0,0,1,0
2026-05-21T12:24:33,SENSOR,SYS,0,0,24,55
2026-05-21T12:25:04,SENSOR,SYS,0,0,24,55
2026-05-21T12:25:10,SYSTEM,SYS,0,0,7,103
2026-05-21T12:25:10,SYSTEM,SYS,0,0,8,8153
2026-05-21T12:25:10,SYSTEM,SYS,0,0,12,31
2026-05-21T12:25:34,SENSOR,SYS,0,0,24,55
2026-05-21T12:26:04,SENSOR,SYS,0,0,24,55
2026-05-21T12:26:09,SYSTEM,SYS,0,0,7,103
2026-05-21T12:26:09,SYSTEM,SYS,0,0,8,8153
2026-05-21T12:26:09,SYSTEM,SYS,0,0,12,31
2026-05-21T12:26:27,SYSTEM,WEB,0,0,1,0
2026-05-21T12:26:34,SENSOR,SYS,0,0,24,55
2026-05-21T12:27:05,SENSOR,SYS,0,0,24,55
2026-05-21T12:27:10,SYSTEM,SYS,0,0,7,103
2026-05-21T12:27:10,SYSTEM,SYS,0,0,8,8153
2026-05-21T12:27:10,SYSTEM,SYS,0,0,12,31
2026-05-21T12:27:35,SENSOR,SYS,0,0,24,55
2026-05-21T12:28:06,SENSOR,SYS,0,0,24,55
2026-05-21T12:28:10,SYSTEM,SYS,0,0,7,102
2026-05-21T12:28:10,SYSTEM,SYS,0,0,8,8153
2026-05-21T12:28:10,SYSTEM,SYS,0,0,12,31
2026-05-21T12:28:29,SYSTEM,WEB,0,0,1,0
2026-05-21T12:28:36,SENSOR,SYS,0,0,24,55
2026-05-21T12:29:06,SENSOR,SYS,0,0,24,55
2026-05-21T12:29:09,SYSTEM,SYS,0,0,7,103
2026-05-21T12:29:09,SYSTEM,SYS,0,0,8,8153
2026-05-21T12:29:09,SYSTEM,SYS,0,0,12,31
2026-05-21T12:29:36,SENSOR,SYS,0,0,24,55
2026-05-21T12:30:07,SENSOR,SYS,0,0,24,55
2026-05-21T12:30:10,SYSTEM,SYS,0,0,7,103
2026-05-21T12:30:10,SYSTEM,SYS,0,0,8,8153
2026-05-21T12:30:10,SYSTEM,SYS,0,0,12,31
2026-05-21T12:30:30,SYSTEM,WEB,0,0,1,0
2026-05-21T12:30:37,SENSOR,SYS,0,0,24,55
2026-05-21T12:31:07,SENSOR,SYS,0,0,24,55
2026-05-21T12:31:09,SYSTEM,SYS,0,0,7,103
2026-05-21T12:31:09,SYSTEM,SYS,0,0,8,8153
2026-05-21T12:31:09,SYSTEM,SYS,0,0,12,31
2026-05-21T12:31:37,SENSOR,SYS,0,0,24,55
2026-05-21T12:32:08,SENSOR,SYS,0,0,24,55
2026-05-21T12:32:09,SYSTEM,SYS,0,0,7,103
2026-05-21T12:32:10,SYSTEM,SYS,0,0,8,8153
2026-05-21T12:32:10,SYSTEM,SYS,0,0,12,31
2026-05-21T12:32:29,SYSTEM,WEB,0,0,1,0
2026-05-21T12:32:38,SENSOR,SYS,0,0,24,55
2026-05-21T12:33:09,SENSOR,SYS,0,0,24,55
2026-05-21T12:33:10,SYSTEM,SYS,0,0,7,103
2026-05-21T12:33:10,SYSTEM,SYS,0,0,8,8153
2026-05-21T12:33:10,SYSTEM,SYS,0,0,12,31
2026-05-21T12:33:39,SENSOR,SYS,0,0,24,55
2026-05-21T12:34:09,SENSOR,SYS,0,0,24,55
2026-05-21T12:34:10,SYSTEM,SYS,0,0,7,103
2026-05-21T12:34:10,SYSTEM,SYS,0,0,8,8153
2026-05-21T12:34:10,SYSTEM,SYS,0,0,12,31
2026-05-21T12:34:30,SYSTEM,WEB,0,0,1,0
2026-05-21T12:34:40,SENSOR,SYS,0,0,24,55
2026-05-21T12:35:10,SYSTEM,SYS,0,0,7,103
2026-05-21T12:35:10,SYSTEM,SYS,0,0,8,8153
2026-05-21T12:35:10,SYSTEM,SYS,0,0,12,31
2026-05-21T12:35:10,SENSOR,SYS,0,0,24,55
2026-05-21T12:35:40,SENSOR,SYS,0,0,24,55
2026-05-21T12:36:09,SYSTEM,SYS,0,0,7,102
2026-05-21T12:36:09,SYSTEM,SYS,0,0,8,8153
2026-05-21T12:36:09,SYSTEM,SYS,0,0,12,31
2026-05-21T12:36:10,SENSOR,SYS,0,0,24,55
2026-05-21T12:36:31,SYSTEM,WEB,0,0,1,0
2026-05-21T12:36:41,SENSOR,SYS,0,0,24,55
2026-05-21T12:37:10,SYSTEM,SYS,0,0,7,103
2026-05-21T12:37:10,SYSTEM,SYS,0,0,8,8153
2026-05-21T12:37:10,SYSTEM,SYS,0,0,12,31
2026-05-21T12:37:11,SENSOR,SYS,0,0,24,55
2026-05-21T12:37:42,SENSOR,SYS,0,0,24,55
2026-05-21T12:38:10,SYSTEM,SYS,0,0,7,103
2026-05-21T12:38:10,SYSTEM,SYS,0,0,8,8153
2026-05-21T12:38:10,SYSTEM,SYS,0,0,12,31
2026-05-21T12:38:12,SENSOR,SYS,0,0,24,55
2026-05-21T12:38:32,SYSTEM,WEB,0,0,1,0
2026-05-21T12:38:42,SENSOR,SYS,0,0,24,55
2026-05-21T12:39:09,SYSTEM,SYS,0,0,7,103
2026-05-21T12:39:09,SYSTEM,SYS,0,0,8,8153
2026-05-21T12:39:09,SYSTEM,SYS,0,0,12,31
2026-05-21T12:39:12,SENSOR,SYS,0,0,24,55
2026-05-21T12:39:43,SENSOR,SYS,0,0,24,55
2026-05-21T12:40:10,SYSTEM,SYS,0,0,7,102
2026-05-21T12:40:10,SYSTEM,SYS,0,0,8,8153
2026-05-21T12:40:10,SYSTEM,SYS,0,0,12,31
2026-05-21T12:40:13,SENSOR,SYS,0,0,24,55
2026-05-21T12:40:31,SYSTEM,WEB,0,0,1,0
2026-05-21T12:40:43,SENSOR,SYS,0,0,24,55
2026-05-21T12:41:09,SYSTEM,SYS,0,0,7,103
2026-05-21T12:41:09,SYSTEM,SYS,0,0,8,8153
2026-05-21T12:41:09,SYSTEM,SYS,0,0,12,31
2026-05-21T12:41:13,SENSOR,SYS,0,0,24,55
2026-05-21T12:41:44,SENSOR,SYS,0,0,24,55
2026-05-21T12:42:10,SYSTEM,SYS,0,0,7,103
2026-05-21T12:42:10,SYSTEM,SYS,0,0,8,8153
2026-05-21T12:42:10,SYSTEM,SYS,0,0,12,31
2026-05-21T12:42:14,SENSOR,SYS,0,0,24,55
2026-05-21T12:42:33,SYSTEM,WEB,0,0,1,0
2026-05-21T12:42:45,SENSOR,SYS,0,0,24,55
2026-05-21T12:43:10,SYSTEM,SYS,0,0,7,103
2026-05-21T12:43:10,SYSTEM,SYS,0,0,8,8153
2026-05-21T12:43:10,SYSTEM,SYS,0,0,12,31
2026-05-21T12:43:15,SENSOR,SYS,0,0,24,55
2026-05-21T12:43:45,SENSOR,SYS,0,0,24,55
2026-05-21T12:44:09,SYSTEM,SYS,0,0,7,102
2026-05-21T12:44:09,SYSTEM,SYS,0,0,8,8153
2026-05-21T12:44:09,SYSTEM,SYS,0,0,12,31
2026-05-21T12:44:15,SENSOR,SYS,0,0,24,55
2026-05-21T12:44:33,SYSTEM,WEB,0,0,1,0
2026-05-21T12:44:46,SENSOR,SYS,0,0,24,55
2026-05-21T12:45:10,SYSTEM,SYS,0,0,7,103
2026-05-21T12:45:10,SYSTEM,SYS,0,0,8,8153
2026-05-21T12:45:10,SYSTEM,SYS,0,0,12,31
2026-05-21T12:45:16,SENSOR,SYS,0,0,24,55
2026-05-21T12:45:47,SENSOR,SYS,0,0,24,55
2026-05-21T12:46:10,SYSTEM,SYS,0,0,7,103
2026-05-21T12:46:10,SYSTEM,SYS,0,0,8,8153
2026-05-21T12:46:10,SYSTEM,SYS,0,0,12,31
2026-05-21T12:46:17,SENSOR,SYS,0,0,24,54
2026-05-21T12:46:34,SYSTEM,WEB,0,0,1,0
2026-05-21T12:46:47,SENSOR,SYS,0,0,24,54
2026-05-21T12:47:09,SYSTEM,SYS,0,0,7,103
2026-05-21T12:47:09,SYSTEM,SYS,0,0,8,8153
2026-05-21T12:47:09,SYSTEM,SYS,0,0,12,31
2026-05-21T12:47:17,SENSOR,SYS,0,0,24,54
2026-05-21T12:47:48,SENSOR,SYS,0,0,24,54
2026-05-21T12:48:10,SYSTEM,SYS,0,0,7,103
2026-05-21T12:48:10,SYSTEM,SYS,0,0,8,8153
2026-05-21T12:48:10,SYSTEM,SYS,0,0,12,31
2026-05-21T12:48:18,SENSOR,SYS,0,0,25,54
2026-05-21T12:48:34,SYSTEM,WEB,0,0,1,0
2026-05-21T12:48:48,SENSOR,SYS,0,0,25,53
2026-05-21T12:49:09,SYSTEM,SYS,0,0,7,103
2026-05-21T12:49:09,SYSTEM,SYS,0,0,8,8153
2026-05-21T12:49:09,SYSTEM,SYS,0,0,12,31
2026-05-21T12:49:19,SENSOR,SYS,0,0,25,53
2026-05-21T12:49:49,SENSOR,SYS,0,0,26,53
2026-05-21T12:50:10,SYSTEM,SYS,0,0,7,103
2026-05-21T12:50:10,SYSTEM,SYS,0,0,8,8153
2026-05-21T12:50:10,SYSTEM,SYS,0,0,12,31
2026-05-21T12:50:19,SENSOR,SYS,0,0,26,52
2026-05-21T12:50:35,SYSTEM,WEB,0,0,1,0
2026-05-21T12:50:49,SENSOR,SYS,0,0,26,52
2026-05-21T12:51:09,SYSTEM,SYS,0,0,7,103
2026-05-21T12:51:09,SYSTEM,SYS,0,0,8,8153
2026-05-21T12:51:09,SYSTEM,SYS,0,0,12,31
2026-05-21T12:51:20,SENSOR,SYS,0,0,27,51
2026-05-21T12:51:50,SENSOR,SYS,0,0,27,51
2026-05-21T12:52:10,SYSTEM,SYS,0,0,7,100
2026-05-21T12:52:10,SYSTEM,SYS,0,0,8,8153
2026-05-21T12:52:10,SYSTEM,SYS,0,0,12,31
2026-05-21T12:52:21,SENSOR,SYS,0,0,27,51
2026-05-21T12:52:36,SYSTEM,WEB,0,0,0,0
2026-05-21T12:52:51,SENSOR,SYS,0,0,28,50
2026-05-21T12:53:10,SYSTEM,SYS,0,0,7,100
2026-05-21T12:53:10,SYSTEM,SYS,0,0,8,8153
2026-05-21T12:53:10,SYSTEM,SYS,0,0,12,31
2026-05-21T12:53:21,SENSOR,SYS,0,0,28,50
2026-05-21T12:53:51,SENSOR,SYS,0,0,28,49
2026-05-21T12:54:09,SYSTEM,SYS,0,0,7,100
2026-05-21T12:54:09,SYSTEM,SYS,0,0,8,8153
2026-05-21T12:54:09,SYSTEM,SYS,0,0,12,31
2026-05-21T12:54:22,SENSOR,SYS,0,0,28,49
2026-05-21T12:54:36,SYSTEM,WEB,0,0,0,0
2026-05-21T12:54:52,SENSOR,SYS,0,0,28,49
2026-05-21T12:55:09,SYSTEM,SYS,0,0,7,101
2026-05-21T12:55:09,SYSTEM,SYS,0,0,8,8153
2026-05-21T12:55:09,SYSTEM,SYS,0,0,12,31
2026-05-21T12:55:22,SENSOR,SYS,0,0,28,48
2026-05-21T12:55:52,SENSOR,SYS,0,0,28,48
2026-05-21T12:56:09,SYSTEM,SYS,0,0,7,101
2026-05-21T12:56:10,SYSTEM,SYS,0,0,8,8153
2026-05-21T12:56:10,SYSTEM,SYS,0,0,12,31
2026-05-21T12:56:23,SENSOR,SYS,0,0,28,47
2026-05-21T12:56:36,SYSTEM,WEB,0,0,1,0
2026-05-21T12:56:53,SENSOR,SYS,0,0,28,47
2026-05-21T12:57:10,SYSTEM,SYS,0,0,7,102
2026-05-21T12:57:10,SYSTEM,SYS,0,0,8,8153
2026-05-21T12:57:10,SYSTEM,SYS,0,0,12,31
2026-05-21T12:57:24,SENSOR,SYS,0,0,28,47
2026-05-21T12:57:54,SENSOR,SYS,0,0,28,46
2026-05-21T12:58:09,SYSTEM,SYS,0,0,7,102
2026-05-21T12:58:09,SYSTEM,SYS,0,0,8,8153
2026-05-21T12:58:09,SYSTEM,SYS,0,0,12,31
2026-05-21T12:58:24,SENSOR,SYS,0,0,28,46
2026-05-21T12:58:37,SYSTEM,WEB,0,0,1,0
2026-05-21T12:58:54,SENSOR,SYS,0,0,28,46
2026-05-21T12:59:10,SYSTEM,SYS,0,0,7,102
2026-05-21T12:59:10,SYSTEM,SYS,0,0,8,8153
2026-05-21T12:59:10,SYSTEM,SYS,0,0,12,31
2026-05-21T12:59:25,SENSOR,SYS,0,0,28,46
2026-05-21T12:59:55,SENSOR,SYS,0,0,28,46
2026-05-21T13:00:10,SYSTEM,SYS,0,0,7,102
2026-05-21T13:00:10,SYSTEM,SYS,0,0,8,8153
2026-05-21T13:00:10,SYSTEM,SYS,0,0,12,31
2026-05-21T13:00:26,SENSOR,SYS,0,0,28,46
2026-05-21T13:00:38,SYSTEM,WEB,0,0,1,0
2026-05-21T13:00:56,SENSOR,SYS,0,0,28,46
2026-05-21T13:01:09,SYSTEM,SYS,0,0,7,102
2026-05-21T13:01:09,SYSTEM,SYS,0,0,8,8153
2026-05-21T13:01:09,SYSTEM,SYS,0,0,12,31
2026-05-21T13:01:26,SENSOR,SYS,0,0,28,46
2026-05-21T13:01:56,SENSOR,SYS,0,0,28,46
2026-05-21T13:02:10,SYSTEM,SYS,0,0,7,103
2026-05-21T13:02:10,SYSTEM,SYS,0,0,8,8153
2026-05-21T13:02:10,SYSTEM,SYS,0,0,12,31
2026-05-21T13:02:27,SENSOR,SYS,0,0,28,46
2026-05-21T13:02:39,SYSTEM,WEB,0,0,1,0
2026-05-21T13:02:57,SENSOR,SYS,0,0,28,46
2026-05-21T13:03:09,SYSTEM,SYS,0,0,7,102
2026-05-21T13:03:09,SYSTEM,SYS,0,0,8,8153
2026-05-21T13:03:09,SYSTEM,SYS,0,0,12,31
2026-05-21T13:03:27,SENSOR,SYS,0,0,28,46
2026-05-21T13:03:58,SENSOR,SYS,0,0,28,46
2026-05-21T13:04:10,SYSTEM,SYS,0,0,7,103
2026-05-21T13:04:10,SYSTEM,SYS,0,0,8,8153
2026-05-21T13:04:10,SYSTEM,SYS,0,0,12,31
2026-05-21T13:04:28,SENSOR,SYS,0,0,28,46
2026-05-21T13:04:40,SYSTEM,WEB,0,0,1,0
2026-05-21T13:04:58,SENSOR,SYS,0,0,28,46
2026-05-21T13:05:09,SYSTEM,SYS,0,0,7,102
2026-05-21T13:05:09,SYSTEM,SYS,0,0,8,8153
2026-05-21T13:05:09,SYSTEM,SYS,0,0,12,31
2026-05-21T13:05:28,SENSOR,SYS,0,0,28,46
2026-05-21T13:05:59,SENSOR,SYS,0,0,28,46
2026-05-21T13:06:10,SYSTEM,SYS,0,0,7,103
2026-05-21T13:06:10,SYSTEM,SYS,0,0,8,8153
2026-05-21T13:06:10,SYSTEM,SYS,0,0,12,31
2026-05-21T13:06:29,SENSOR,SYS,0,0,28,46
2026-05-21T13:06:40,SYSTEM,WEB,0,0,1,0
2026-05-21T13:07:00,SENSOR,SYS,0,0,28,46
2026-05-21T13:07:10,SYSTEM,SYS,0,0,7,103
2026-05-21T13:07:10,SYSTEM,SYS,0,0,8,8153
2026-05-21T13:07:10,SYSTEM,SYS,0,0,12,31
2026-05-21T13:07:30,SENSOR,SYS,0,0,28,46
2026-05-21T13:08:00,SENSOR,SYS,0,0,29,46
2026-05-21T13:08:09,SYSTEM,SYS,0,0,7,103
2026-05-21T13:08:09,SYSTEM,SYS,0,0,8,8153
2026-05-21T13:08:09,SYSTEM,SYS,0,0,12,31
2026-05-21T13:08:30,SENSOR,SYS,0,0,29,46
2026-05-21T13:08:41,SYSTEM,WEB,0,0,1,0
2026-05-21T13:09:01,SENSOR,SYS,0,0,29,46
2026-05-21T13:09:10,SYSTEM,SYS,0,0,7,103
2026-05-21T13:09:10,SYSTEM,SYS,0,0,8,8153
2026-05-21T13:09:10,SYSTEM,SYS,0,0,12,31
2026-05-21T13:09:31,SENSOR,SYS,0,0,29,45
2026-05-21T13:10:02,SENSOR,SYS,0,0,29,45
2026-05-21T13:10:10,SYSTEM,SYS,0,0,7,103
2026-05-21T13:10:10,SYSTEM,SYS,0,0,8,8153
2026-05-21T13:10:10,SYSTEM,SYS,0,0,12,31
2026-05-21T13:10:32,SENSOR,SYS,0,0,29,45
2026-05-21T13:10:43,SYSTEM,WEB,0,0,1,0
2026-05-21T13:11:02,SENSOR,SYS,0,0,29,45
2026-05-21T13:11:09,SYSTEM,SYS,0,0,7,103
2026-05-21T13:11:09,SYSTEM,SYS,0,0,8,8153
2026-05-21T13:11:09,SYSTEM,SYS,0,0,12,31
2026-05-21T13:11:32,SENSOR,SYS,0,0,30,45
2026-05-21T13:10:48,MODE,SYS,0,0,2,512
2026-05-21T13:11:32,RELAY,SYS,2,0,2,0
2026-05-21T13:11:59,RELAY,SYS,2,0,3,0
2026-05-21T13:12:03,SENSOR,SYS,0,0,30,44
2026-05-21T13:12:10,SYSTEM,SYS,0,0,7,103
2026-05-21T13:12:10,SYSTEM,SYS,0,0,8,8153
2026-05-21T13:12:10,SYSTEM,SYS,0,0,12,31
2026-05-21T13:12:33,SENSOR,SYS,0,0,30,44
2026-05-21T13:12:43,SYSTEM,WEB,0,0,1,0
2026-05-21T13:13:03,SENSOR,SYS,0,0,30,44
2026-05-21T13:13:09,SYSTEM,SYS,0,0,7,103
2026-05-21T13:13:09,SYSTEM,SYS,0,0,8,8153
2026-05-21T13:13:09,SYSTEM,SYS,0,0,12,31
2026-05-21T13:13:33,SENSOR,SYS,0,0,30,44
2026-05-21T13:14:04,SENSOR,SYS,0,0,30,44
2026-05-21T13:14:10,SYSTEM,SYS,0,0,7,103
2026-05-21T13:14:10,SYSTEM,SYS,0,0,8,8153
2026-05-21T13:14:10,SYSTEM,SYS,0,0,12,31
2026-05-21T13:14:34,SENSOR,SYS,0,0,30,43
2026-05-21T13:14:44,SYSTEM,WEB,0,0,1,0
2026-05-21T13:15:05,SENSOR,SYS,0,0,30,43
2026-05-21T13:15:10,SYSTEM,SYS,0,0,7,103
2026-05-21T13:15:10,SYSTEM,SYS,0,0,8,8153
2026-05-21T13:15:10,SYSTEM,SYS,0,0,12,31
2026-05-21T13:15:35,SENSOR,SYS,0,0,30,43
2026-05-21T13:16:05,SENSOR,SYS,0,0,30,43
2026-05-21T13:16:09,SYSTEM,SYS,0,0,7,102
2026-05-21T13:16:09,SYSTEM,SYS,0,0,8,8153
2026-05-21T13:16:09,SYSTEM,SYS,0,0,12,31
2026-05-21T13:16:35,SENSOR,SYS,0,0,30,43
2026-05-21T13:16:45,SYSTEM,WEB,0,0,1,0
2026-05-21T13:17:06,SENSOR,SYS,0,0,30,42
2026-05-21T13:17:10,SYSTEM,SYS,0,0,7,102
2026-05-21T13:17:10,SYSTEM,SYS,0,0,8,8153
2026-05-21T13:17:10,SYSTEM,SYS,0,0,12,31
2026-05-21T13:17:36,SENSOR,SYS,0,0,30,42
2026-05-21T13:18:07,SENSOR,SYS,0,0,30,42
2026-05-21T13:18:10,SYSTEM,SYS,0,0,7,102
2026-05-21T13:18:10,SYSTEM,SYS,0,0,8,8153
2026-05-21T13:18:10,SYSTEM,SYS,0,0,12,31
2026-05-21T13:18:37,SENSOR,SYS,0,0,30,42
2026-05-21T13:18:45,SYSTEM,WEB,0,0,1,0
2026-05-21T13:19:07,SENSOR,SYS,0,0,30,42
2026-05-21T13:19:09,SYSTEM,SYS,0,0,7,102
2026-05-21T13:19:09,SYSTEM,SYS,0,0,8,8153
2026-05-21T13:19:09,SYSTEM,SYS,0,0,12,31
2026-05-21T13:19:38,SENSOR,SYS,0,0,30,42
2026-05-21T13:20:08,SENSOR,SYS,0,0,30,42
2026-05-21T13:20:10,SYSTEM,SYS,0,0,7,102
2026-05-21T13:20:10,SYSTEM,SYS,0,0,8,8153
2026-05-21T13:20:10,SYSTEM,SYS,0,0,12,31
2026-05-21T13:20:38,SENSOR,SYS,0,0,30,42
2026-05-21T13:20:47,SYSTEM,WEB,0,0,1,0
2026-05-21T13:21:08,SENSOR,SYS,0,0,30,42
2026-05-21T13:21:09,SYSTEM,SYS,0,0,7,102
2026-05-21T13:21:09,SYSTEM,SYS,0,0,8,8153
2026-05-21T13:21:09,SYSTEM,SYS,0,0,12,31
2026-05-21T13:21:39,SENSOR,SYS,0,0,30,42
2026-05-21T13:22:09,SENSOR,SYS,0,0,30,42
2026-05-21T13:22:10,SYSTEM,SYS,0,0,7,102
2026-05-21T13:22:10,SYSTEM,SYS,0,0,8,8153
2026-05-21T13:22:10,SYSTEM,SYS,0,0,12,31
2026-05-21T13:23:21,SENSOR,SYS,0,0,30,42
2026-05-21T13:23:28,SYSTEM,WEB,0,0,1,0
2026-05-21T13:23:51,SENSOR,SYS,0,0,30,42
2026-05-21T13:23:52,SYSTEM,SYS,0,0,7,102
2026-05-21T13:23:52,SYSTEM,SYS,0,0,8,8153
2026-05-21T13:23:52,SYSTEM,SYS,0,0,12,31
2026-05-21T13:24:21,SENSOR,SYS,0,0,30,42
2026-05-21T13:24:51,SYSTEM,SYS,0,0,7,102
2026-05-21T13:24:51,SYSTEM,SYS,0,0,8,8153
2026-05-21T13:24:51,SYSTEM,SYS,0,0,12,31
2026-05-21T13:24:51,SENSOR,SYS,0,0,30,42
2026-05-21T13:25:22,SENSOR,SYS,0,0,30,42
2026-05-21T13:25:29,SYSTEM,WEB,0,0,1,0
2026-05-21T13:25:51,SYSTEM,SYS,0,0,7,102
2026-05-21T13:25:51,SYSTEM,SYS,0,0,8,8153
2026-05-21T13:25:51,SYSTEM,SYS,0,0,12,31
2026-05-21T13:25:52,SENSOR,SYS,0,0,30,42
2026-05-21T13:26:22,SENSOR,SYS,0,0,30,42
2026-05-21T13:26:50,SYSTEM,SYS,0,0,7,102
2026-05-21T13:26:50,SYSTEM,SYS,0,0,8,8153
2026-05-21T13:26:50,SYSTEM,SYS,0,0,12,31
2026-05-21T13:26:52,SENSOR,SYS,0,0,30,42
2026-05-21T13:27:23,SENSOR,SYS,0,0,30,42
2026-05-21T13:27:29,SYSTEM,WEB,0,0,1,0
2026-05-21T13:27:51,SYSTEM,SYS,0,0,7,102
2026-05-21T13:27:51,SYSTEM,SYS,0,0,8,8153
2026-05-21T13:27:51,SYSTEM,SYS,0,0,12,31
2026-05-21T13:27:53,SENSOR,SYS,0,0,30,42
2026-05-21T13:28:23,SENSOR,SYS,0,0,30,42
2026-05-21T13:28:51,SYSTEM,SYS,0,0,7,102
2026-05-21T13:28:51,SYSTEM,SYS,0,0,8,8153
2026-05-21T13:28:51,SYSTEM,SYS,0,0,12,31
2026-05-21T13:28:54,SENSOR,SYS,0,0,30,42
2026-05-21T13:29:24,SENSOR,SYS,0,0,30,42
2026-05-21T13:29:30,SYSTEM,WEB,0,0,1,0
2026-05-21T13:29:51,SYSTEM,SYS,0,0,7,102
2026-05-21T13:29:51,SYSTEM,SYS,0,0,8,8153
2026-05-21T13:29:51,SYSTEM,SYS,0,0,12,31
2026-05-21T13:29:55,SENSOR,SYS,0,0,30,42
2026-05-21T13:30:25,SENSOR,SYS,0,0,31,42
2026-05-21T13:29:50,MODE,SYS,0,0,3,768
2026-05-21T13:30:25,RELAY,SYS,3,0,2,0
2026-05-21T13:30:51,SYSTEM,SYS,0,0,7,102
2026-05-21T13:30:51,SYSTEM,SYS,0,0,8,8153
2026-05-21T13:30:51,SYSTEM,SYS,0,0,12,31
2026-05-21T13:30:55,SENSOR,SYS,0,0,31,42
2026-05-21T13:31:25,SENSOR,SYS,0,0,31,42
2026-05-21T13:31:31,SYSTEM,WEB,0,0,1,0
2026-05-21T13:31:51,SYSTEM,SYS,0,0,7,102
2026-05-21T13:31:51,SYSTEM,SYS,0,0,8,8153
2026-05-21T13:31:51,SYSTEM,SYS,0,0,12,31
2026-05-21T13:31:56,SENSOR,SYS,0,0,31,42
2026-05-21T13:32:26,SENSOR,SYS,0,0,31,42
2026-05-21T13:32:50,SYSTEM,SYS,0,0,7,102
2026-05-21T13:32:50,SYSTEM,SYS,0,0,8,8153
2026-05-21T13:32:50,SYSTEM,SYS,0,0,12,31
2026-05-21T13:32:56,SENSOR,SYS,0,0,31,42
2026-05-21T13:33:20,RELAY,SYS,3,0,3,0
2026-05-21T13:33:26,SENSOR,SYS,0,0,31,42
2026-05-21T13:33:31,SYSTEM,WEB,0,0,1,0
2026-05-21T13:33:51,SYSTEM,SYS,0,0,7,102
2026-05-21T13:33:51,SYSTEM,SYS,0,0,8,8153
2026-05-21T13:33:51,SYSTEM,SYS,0,0,12,31
2026-05-21T13:33:57,SENSOR,SYS,0,0,31,41
2026-05-21T13:34:27,SENSOR,SYS,0,0,31,41
2026-05-21T13:34:51,SYSTEM,SYS,0,0,7,102
2026-05-21T13:34:51,SYSTEM,SYS,0,0,8,8153
2026-05-21T13:34:51,SYSTEM,SYS,0,0,12,31
2026-05-21T13:34:58,SENSOR,SYS,0,0,31,41
2026-05-21T13:35:28,SENSOR,SYS,0,0,31,41
2026-05-21T13:35:32,SYSTEM,WEB,0,0,1,0
2026-05-21T13:35:50,SYSTEM,SYS,0,0,7,100
2026-05-21T13:35:50,SYSTEM,SYS,0,0,8,8153
2026-05-21T13:35:50,SYSTEM,SYS,0,0,12,31
2026-05-21T13:35:58,SENSOR,SYS,0,0,31,41
2026-05-21T13:36:28,SENSOR,SYS,0,0,31,41
2026-05-21T13:36:51,SYSTEM,SYS,0,0,7,102
2026-05-21T13:36:51,SYSTEM,SYS,0,0,8,8153
2026-05-21T13:36:51,SYSTEM,SYS,0,0,12,31
2026-05-21T13:36:59,SENSOR,SYS,0,0,31,41
2026-05-21T13:37:29,SENSOR,SYS,0,0,31,41
2026-05-21T13:37:32,SYSTEM,WEB,0,0,1,0
2026-05-21T13:37:51,SYSTEM,SYS,0,0,7,102
2026-05-21T13:37:51,SYSTEM,SYS,0,0,8,8153
2026-05-21T13:37:51,SYSTEM,SYS,0,0,12,31
2026-05-21T13:38:00,SENSOR,SYS,0,0,31,41
2026-05-21T13:38:30,SENSOR,SYS,0,0,31,41
2026-05-21T13:38:51,SYSTEM,SYS,0,0,7,102
2026-05-21T13:38:51,SYSTEM,SYS,0,0,8,8153
2026-05-21T13:38:51,SYSTEM,SYS,0,0,12,31
2026-05-21T13:39:00,SENSOR,SYS,0,0,31,41
2026-05-21T13:39:30,SENSOR,SYS,0,0,31,41
2026-05-21T13:39:32,SYSTEM,WEB,0,0,1,0
2026-05-21T13:39:51,SYSTEM,SYS,0,0,7,102
2026-05-21T13:39:51,SYSTEM,SYS,0,0,8,8153
2026-05-21T13:39:51,SYSTEM,SYS,0,0,12,31
2026-05-21T13:40:01,SENSOR,SYS,0,0,31,41
2026-05-21T13:40:31,SENSOR,SYS,0,0,31,41
2026-05-21T13:40:50,SYSTEM,SYS,0,0,7,102
2026-05-21T13:40:50,SYSTEM,SYS,0,0,8,8153
2026-05-21T13:40:50,SYSTEM,SYS,0,0,12,31
2026-05-21T13:41:01,SENSOR,SYS,0,0,31,41
2026-05-21T13:41:31,SENSOR,SYS,0,0,31,41
2026-05-21T13:41:33,SYSTEM,WEB,0,0,1,0
2026-05-21T13:41:51,SYSTEM,SYS,0,0,7,102
2026-05-21T13:41:51,SYSTEM,SYS,0,0,8,8153
2026-05-21T13:41:51,SYSTEM,SYS,0,0,12,31
2026-05-21T13:42:02,SENSOR,SYS,0,0,31,41
2026-05-21T13:42:32,SENSOR,SYS,0,0,31,41
2026-05-21T13:42:50,SYSTEM,SYS,0,0,7,102
2026-05-21T13:42:50,SYSTEM,SYS,0,0,8,8153
2026-05-21T13:42:50,SYSTEM,SYS,0,0,12,31
2026-05-21T13:43:02,SENSOR,SYS,0,0,31,41
2026-05-21T13:43:33,SENSOR,SYS,0,0,31,41
2026-05-21T13:43:34,SYSTEM,WEB,0,0,1,0
2026-05-21T13:43:51,SYSTEM,SYS,0,0,7,102
2026-05-21T13:43:51,SYSTEM,SYS,0,0,8,8153
2026-05-21T13:43:51,SYSTEM,SYS,0,0,12,31
2026-05-21T13:44:03,SENSOR,SYS,0,0,31,41
2026-05-21T13:44:34,SENSOR,SYS,0,0,31,41
2026-05-21T13:44:51,SYSTEM,SYS,0,0,7,102
2026-05-21T13:44:51,SYSTEM,SYS,0,0,8,8153
2026-05-21T13:44:51,SYSTEM,SYS,0,0,12,31
2026-05-21T13:45:04,SENSOR,SYS,0,0,31,41
2026-05-21T13:45:34,SENSOR,SYS,0,0,31,41
2026-05-21T13:45:35,SYSTEM,WEB,0,0,1,0
2026-05-21T13:45:51,SYSTEM,SYS,0,0,7,102
2026-05-21T13:45:51,SYSTEM,SYS,0,0,8,8153
2026-05-21T13:45:51,SYSTEM,SYS,0,0,12,31
2026-05-21T13:46:04,SENSOR,SYS,0,0,31,41
2026-05-21T13:46:35,SENSOR,SYS,0,0,31,41
2026-05-21T13:46:51,SYSTEM,SYS,0,0,7,102
2026-05-21T13:46:51,SYSTEM,SYS,0,0,8,8153
2026-05-21T13:46:51,SYSTEM,SYS,0,0,12,31
2026-05-21T13:47:05,SENSOR,SYS,0,0,31,41
2026-05-21T13:47:35,SENSOR,SYS,0,0,31,41
2026-05-21T13:47:35,SYSTEM,WEB,0,0,1,0
2026-05-21T13:47:50,SYSTEM,SYS,0,0,7,102
2026-05-21T13:47:50,SYSTEM,SYS,0,0,8,8153
2026-05-21T13:47:50,SYSTEM,SYS,0,0,12,31
2026-05-21T13:48:05,SENSOR,SYS,0,0,31,41
2026-05-21T13:48:36,SENSOR,SYS,0,0,31,41
2026-05-21T13:48:51,SYSTEM,SYS,0,0,7,102
2026-05-21T13:48:51,SYSTEM,SYS,0,0,8,8153
2026-05-21T13:48:51,SYSTEM,SYS,0,0,12,31
2026-05-21T13:49:06,SENSOR,SYS,0,0,31,41
2026-05-21T13:49:37,SENSOR,SYS,0,0,31,41
2026-05-21T13:49:37,SYSTEM,WEB,0,0,1,0
2026-05-21T13:49:51,SYSTEM,SYS,0,0,7,102
2026-05-21T13:49:51,SYSTEM,SYS,0,0,8,8153
2026-05-21T13:49:51,SYSTEM,SYS,0,0,12,31
2026-05-21T13:50:07,SENSOR,SYS,0,0,31,41
2026-05-21T13:50:37,SENSOR,SYS,0,0,31,41
2026-05-21T13:50:50,SYSTEM,SYS,0,0,7,102
2026-05-21T13:50:50,SYSTEM,SYS,0,0,8,8153
2026-05-21T13:50:50,SYSTEM,SYS,0,0,12,31
2026-05-21T13:51:07,SENSOR,SYS,0,0,31,41
2026-05-21T13:51:38,SYSTEM,WEB,0,0,1,0
2026-05-21T13:51:38,SENSOR,SYS,0,0,31,41
2026-05-21T13:51:51,SYSTEM,SYS,0,0,7,102
2026-05-21T13:51:51,SYSTEM,SYS,0,0,8,8153
2026-05-21T13:51:51,SYSTEM,SYS,0,0,12,31
2026-05-21T13:52:08,SENSOR,SYS,0,0,31,41
2026-05-21T13:52:39,SENSOR,SYS,0,0,31,41
2026-05-21T13:52:51,SYSTEM,SYS,0,0,7,102
2026-05-21T13:52:51,SYSTEM,SYS,0,0,8,8153
2026-05-21T13:52:51,SYSTEM,SYS,0,0,12,31
2026-05-21T13:53:09,SENSOR,SYS,0,0,31,41
2026-05-21T13:53:38,SYSTEM,WEB,0,0,1,0
2026-05-21T13:53:39,SENSOR,SYS,0,0,31,41
2026-05-21T13:53:51,SYSTEM,SYS,0,0,7,101
2026-05-21T13:53:51,SYSTEM,SYS,0,0,8,8153
2026-05-21T13:53:51,SYSTEM,SYS,0,0,12,31
2026-05-21T13:54:09,SENSOR,SYS,0,0,31,41
2026-05-21T13:54:40,SENSOR,SYS,0,0,31,41
2026-05-21T13:54:51,SYSTEM,SYS,0,0,7,101
2026-05-21T13:54:51,SYSTEM,SYS,0,0,8,8153
2026-05-21T13:54:51,SYSTEM,SYS,0,0,12,31
2026-05-21T13:55:10,SENSOR,SYS,0,0,31,41
2026-05-21T13:55:39,SYSTEM,WEB,0,0,1,0
2026-05-21T13:55:40,SENSOR,SYS,0,0,31,41
2026-05-21T13:55:50,SYSTEM,SYS,0,0,7,102
2026-05-21T13:55:50,SYSTEM,SYS,0,0,8,8153
2026-05-21T13:55:50,SYSTEM,SYS,0,0,12,31
2026-05-21T13:56:10,SENSOR,SYS,0,0,31,41
2026-05-21T13:56:41,SENSOR,SYS,0,0,31,41
2026-05-21T13:56:51,SYSTEM,SYS,0,0,7,102
2026-05-21T13:56:51,SYSTEM,SYS,0,0,8,8153
2026-05-21T13:56:51,SYSTEM,SYS,0,0,12,31
2026-05-21T13:57:11,SENSOR,SYS,0,0,31,41
2026-05-21T13:57:39,SYSTEM,WEB,0,0,1,0
2026-05-21T13:57:42,SENSOR,SYS,0,0,31,41
2026-05-21T13:57:51,SYSTEM,SYS,0,0,7,102
2026-05-21T13:57:51,SYSTEM,SYS,0,0,8,8153
2026-05-21T13:57:51,SYSTEM,SYS,0,0,12,31
2026-05-21T13:58:12,SENSOR,SYS,0,0,31,41
2026-05-21T13:58:42,SENSOR,SYS,0,0,31,41
2026-05-21T13:58:51,SYSTEM,SYS,0,0,7,102
2026-05-21T13:58:51,SYSTEM,SYS,0,0,8,8153
2026-05-21T13:58:51,SYSTEM,SYS,0,0,12,31
2026-05-21T13:59:13,SENSOR,SYS,0,0,31,41
2026-05-21T13:59:40,SYSTEM,WEB,0,0,1,0
2026-05-21T13:59:43,SENSOR,SYS,0,0,31,41
2026-05-21T13:59:51,SYSTEM,SYS,0,0,7,102
2026-05-21T13:59:51,SYSTEM,SYS,0,0,8,8153
2026-05-21T13:59:51,SYSTEM,SYS,0,0,12,31
2026-05-21T14:00:13,SENSOR,SYS,0,0,31,41
2026-05-21T14:00:43,SENSOR,SYS,0,0,31,41
2026-05-21T14:00:50,SYSTEM,SYS,0,0,7,102
2026-05-21T14:00:50,SYSTEM,SYS,0,0,8,8153
2026-05-21T14:00:50,SYSTEM,SYS,0,0,12,31
2026-05-21T14:01:14,SENSOR,SYS,0,0,31,41
2026-05-21T14:01:40,SYSTEM,WEB,0,0,1,0
2026-05-21T14:01:44,SENSOR,SYS,0,0,31,41
2026-05-21T14:01:51,SYSTEM,SYS,0,0,7,102
2026-05-21T14:01:51,SYSTEM,SYS,0,0,8,8153
2026-05-21T14:01:51,SYSTEM,SYS,0,0,12,31
2026-05-21T14:02:15,SENSOR,SYS,0,0,31,41
2026-05-21T14:02:45,SENSOR,SYS,0,0,31,41
2026-05-21T14:02:51,SYSTEM,SYS,0,0,7,102
2026-05-21T14:02:51,SYSTEM,SYS,0,0,8,8153
2026-05-21T14:02:51,SYSTEM,SYS,0,0,12,31
2026-05-21T14:03:15,SENSOR,SYS,0,0,31,41
2026-05-21T14:03:42,SYSTEM,WEB,0,0,1,0
2026-05-21T14:03:45,SENSOR,SYS,0,0,31,41
2026-05-21T14:03:51,SYSTEM,SYS,0,0,7,102
2026-05-21T14:03:51,SYSTEM,SYS,0,0,8,8153
2026-05-21T14:03:51,SYSTEM,SYS,0,0,12,31
2026-05-21T14:04:16,SENSOR,SYS,0,0,31,41
2026-05-21T14:04:46,SENSOR,SYS,0,0,31,41
2026-05-21T14:04:51,SYSTEM,SYS,0,0,7,102
2026-05-21T14:04:51,SYSTEM,SYS,0,0,8,8153
2026-05-21T14:04:51,SYSTEM,SYS,0,0,12,31
2026-05-21T14:05:16,SENSOR,SYS,0,0,31,41
2026-05-21T14:05:41,SYSTEM,WEB,0,0,1,0
2026-05-21T14:05:46,SENSOR,SYS,0,0,31,41
2026-05-21T14:05:50,SYSTEM,SYS,0,0,7,102
2026-05-21T14:05:50,SYSTEM,SYS,0,0,8,8153
2026-05-21T14:05:50,SYSTEM,SYS,0,0,12,31
2026-05-21T14:06:17,SENSOR,SYS,0,0,31,41
2026-05-21T14:06:47,SENSOR,SYS,0,0,31,41
2026-05-21T14:06:51,SYSTEM,SYS,0,0,7,102
2026-05-21T14:06:51,SYSTEM,SYS,0,0,8,8153
2026-05-21T14:06:51,SYSTEM,SYS,0,0,12,31
2026-05-21T14:07:18,SENSOR,SYS,0,0,31,41
2026-05-21T14:07:43,SYSTEM,WEB,0,0,1,0
2026-05-21T14:07:48,SENSOR,SYS,0,0,31,41
2026-05-21T14:07:51,SYSTEM,SYS,0,0,7,102
2026-05-21T14:07:51,SYSTEM,SYS,0,0,8,8153
2026-05-21T14:07:51,SYSTEM,SYS,0,0,12,31
2026-05-21T14:08:18,SENSOR,SYS,0,0,31,41
2026-05-21T14:08:48,SENSOR,SYS,0,0,31,41
2026-05-21T14:08:50,SYSTEM,SYS,0,0,7,102
2026-05-21T14:08:50,SYSTEM,SYS,0,0,8,8153
2026-05-21T14:08:50,SYSTEM,SYS,0,0,12,31
2026-05-21T14:09:19,SENSOR,SYS,0,0,31,41
2026-05-21T14:09:44,SYSTEM,WEB,0,0,1,0
2026-05-21T14:09:49,SENSOR,SYS,0,0,31,41
2026-05-21T14:09:51,SYSTEM,SYS,0,0,7,102
2026-05-21T14:09:51,SYSTEM,SYS,0,0,8,8153
2026-05-21T14:09:51,SYSTEM,SYS,0,0,12,31
2026-05-21T14:10:20,SENSOR,SYS,0,0,30,41
2026-05-21T14:09:55,MODE,SYS,0,0,2,512
2026-05-21T14:10:20,RELAY,SYS,3,0,4,0
2026-05-21T14:10:50,SENSOR,SYS,0,0,30,41
2026-05-21T14:10:51,SYSTEM,SYS,0,0,7,102
2026-05-21T14:10:51,SYSTEM,SYS,0,0,8,8153
2026-05-21T14:10:51,SYSTEM,SYS,0,0,12,31
2026-05-21T14:11:20,SENSOR,SYS,0,0,30,41
2026-05-21T14:11:44,SYSTEM,WEB,0,0,1,0
2026-05-21T14:11:50,SENSOR,SYS,0,0,30,41
2026-05-21T14:11:51,SYSTEM,SYS,0,0,7,101
2026-05-21T14:11:51,SYSTEM,SYS,0,0,8,8153
2026-05-21T14:11:51,SYSTEM,SYS,0,0,12,31
2026-05-21T14:12:21,SENSOR,SYS,0,0,30,41
2026-05-21T14:12:51,SYSTEM,SYS,0,0,7,101
2026-05-21T14:12:51,SYSTEM,SYS,0,0,8,8153
2026-05-21T14:12:51,SYSTEM,SYS,0,0,12,31
2026-05-21T14:12:51,SENSOR,SYS,0,0,30,41
2026-05-21T14:13:15,RELAY,SYS,3,0,1,0
2026-05-21T14:13:21,SENSOR,SYS,0,0,30,41
2026-05-21T14:13:45,SYSTEM,WEB,0,0,1,0
2026-05-21T14:13:51,SYSTEM,SYS,0,0,7,102
2026-05-21T14:13:51,SYSTEM,SYS,0,0,8,8153
2026-05-21T14:13:51,SYSTEM,SYS,0,0,12,31
2026-05-21T14:13:52,SENSOR,SYS,0,0,30,41
2026-05-21T14:14:22,SENSOR,SYS,0,0,30,41
2026-05-21T14:14:50,SYSTEM,SYS,0,0,7,102
2026-05-21T14:14:50,SYSTEM,SYS,0,0,8,8153
2026-05-21T14:14:50,SYSTEM,SYS,0,0,12,31
2026-05-21T14:14:52,SENSOR,SYS,0,0,30,41
2026-05-21T14:15:22,SENSOR,SYS,0,0,30,41
2026-05-21T14:15:45,SYSTEM,WEB,0,0,1,0
2026-05-21T14:15:51,SYSTEM,SYS,0,0,7,102
2026-05-21T14:15:51,SYSTEM,SYS,0,0,8,8153
2026-05-21T14:15:51,SYSTEM,SYS,0,0,12,31
2026-05-21T14:15:53,SENSOR,SYS,0,0,30,41
2026-05-21T14:16:23,SENSOR,SYS,0,0,30,41
2026-05-21T14:16:51,SYSTEM,SYS,0,0,7,102
2026-05-21T14:16:51,SYSTEM,SYS,0,0,8,8153
2026-05-21T14:16:51,SYSTEM,SYS,0,0,12,31
2026-05-21T14:16:54,SENSOR,SYS,0,0,30,41
2026-05-21T14:17:24,SENSOR,SYS,0,0,30,41
2026-05-21T14:17:47,SYSTEM,WEB,0,0,1,0
2026-05-21T14:17:51,SYSTEM,SYS,0,0,7,102
2026-05-21T14:17:51,SYSTEM,SYS,0,0,8,8153
2026-05-21T14:17:51,SYSTEM,SYS,0,0,12,31
2026-05-21T14:17:54,SENSOR,SYS,0,0,30,41
2026-05-21T14:18:24,SENSOR,SYS,0,0,30,41
2026-05-21T14:18:51,SYSTEM,SYS,0,0,7,102
2026-05-21T14:18:51,SYSTEM,SYS,0,0,8,8153
2026-05-21T14:18:51,SYSTEM,SYS,0,0,12,31
2026-05-21T14:18:55,SENSOR,SYS,0,0,30,41
2026-05-21T14:19:25,SENSOR,SYS,0,0,30,41
2026-05-21T14:19:48,SYSTEM,WEB,0,0,1,0
2026-05-21T14:19:51,SYSTEM,SYS,0,0,7,102
2026-05-21T14:19:51,SYSTEM,SYS,0,0,8,8153
2026-05-21T14:19:51,SYSTEM,SYS,0,0,12,31
2026-05-21T14:19:56,SENSOR,SYS,0,0,30,41
2026-05-21T14:20:26,SENSOR,SYS,0,0,30,41
2026-05-21T14:20:51,SYSTEM,SYS,0,0,7,102
2026-05-21T14:20:51,SYSTEM,SYS,0,0,8,8153
2026-05-21T14:20:51,SYSTEM,SYS,0,0,12,31
2026-05-21T14:20:56,SENSOR,SYS,0,0,30,41
2026-05-21T14:21:26,SENSOR,SYS,0,0,30,41
2026-05-21T14:21:49,SYSTEM,WEB,0,0,1,0
2026-05-21T14:21:51,SYSTEM,SYS,0,0,7,100
2026-05-21T14:21:51,SYSTEM,SYS,0,0,8,8153
2026-05-21T14:21:51,SYSTEM,SYS,0,0,12,31
2026-05-21T14:21:57,SENSOR,SYS,0,0,30,41
2026-05-21T14:22:27,SENSOR,SYS,0,0,30,41
2026-05-21T14:22:50,SYSTEM,SYS,0,0,7,102
2026-05-21T14:22:50,SYSTEM,SYS,0,0,8,8153
2026-05-21T14:22:50,SYSTEM,SYS,0,0,12,31
2026-05-21T14:22:58,SENSOR,SYS,0,0,30,41
2026-05-21T14:23:28,SENSOR,SYS,0,0,30,41
2026-05-21T14:23:49,SYSTEM,WEB,0,0,1,0
2026-05-21T14:23:51,SYSTEM,SYS,0,0,7,102
2026-05-21T14:23:51,SYSTEM,SYS,0,0,8,8153
2026-05-21T14:23:51,SYSTEM,SYS,0,0,12,31
2026-05-21T14:23:58,SENSOR,SYS,0,0,30,41
2026-05-21T14:24:28,SENSOR,SYS,0,0,30,41
2026-05-21T14:24:51,SYSTEM,SYS,0,0,7,102
2026-05-21T14:24:51,SYSTEM,SYS,0,0,8,8153
2026-05-21T14:24:51,SYSTEM,SYS,0,0,12,31
2026-05-21T14:24:59,SENSOR,SYS,0,0,30,41
2026-05-21T14:25:29,SENSOR,SYS,0,0,30,41
2026-05-21T14:25:50,SYSTEM,WEB,0,0,1,0
2026-05-21T14:25:51,SYSTEM,SYS,0,0,7,102
2026-05-21T14:25:51,SYSTEM,SYS,0,0,8,8153
2026-05-21T14:25:51,SYSTEM,SYS,0,0,12,31
2026-05-21T14:25:59,SENSOR,SYS,0,0,30,41
2026-05-21T14:26:29,SENSOR,SYS,0,0,30,41
2026-05-21T14:26:51,SYSTEM,SYS,0,0,7,102
2026-05-21T14:26:51,SYSTEM,SYS,0,0,8,8153
2026-05-21T14:26:51,SYSTEM,SYS,0,0,12,31
2026-05-21T14:27:00,SENSOR,SYS,0,0,30,41
2026-05-21T14:27:30,SENSOR,SYS,0,0,30,41
2026-05-21T14:27:51,SYSTEM,SYS,0,0,7,63
2026-05-21T14:27:51,SYSTEM,SYS,0,0,8,8153
2026-05-21T14:27:51,SYSTEM,SYS,0,0,12,29
2026-05-21T14:27:51,SYSTEM,WEB,0,0,1,0
2026-05-21T14:28:01,SENSOR,SYS,0,0,30,41
2026-05-21T14:28:31,SENSOR,SYS,0,0,30,41
2026-05-21T14:28:51,SYSTEM,SYS,0,0,7,102
2026-05-21T14:28:51,SYSTEM,SYS,0,0,8,8153
2026-05-21T14:28:51,SYSTEM,SYS,0,0,12,31
2026-05-21T14:29:01,SENSOR,SYS,0,0,30,41
2026-05-21T14:29:31,SENSOR,SYS,0,0,30,41
2026-05-21T14:29:50,SYSTEM,SYS,0,0,7,102
2026-05-21T14:29:50,SYSTEM,SYS,0,0,8,8153
2026-05-21T14:29:50,SYSTEM,SYS,0,0,12,31
2026-05-21T14:29:51,SYSTEM,WEB,0,0,1,0
2026-05-21T14:30:01,SENSOR,SYS,0,0,29,41
2026-05-21T14:29:28,MODE,SYS,0,0,1,256
2026-05-21T14:30:01,RELAY,SYS,2,0,4,0
2026-05-21T14:30:28,RELAY,SYS,2,0,1,0
2026-05-21T14:30:32,SENSOR,SYS,0,0,29,42
2026-05-21T14:30:51,SYSTEM,SYS,0,0,7,102
2026-05-21T14:30:51,SYSTEM,SYS,0,0,8,8153
2026-05-21T14:30:51,SYSTEM,SYS,0,0,12,31
2026-05-21T14:31:02,SENSOR,SYS,0,0,29,42
2026-05-21T14:31:33,SENSOR,SYS,0,0,29,42
2026-05-21T14:31:51,SYSTEM,SYS,0,0,7,102
2026-05-21T14:31:51,SYSTEM,SYS,0,0,8,8153
2026-05-21T14:31:51,SYSTEM,SYS,0,0,12,31
2026-05-21T14:31:53,SYSTEM,WEB,0,0,1,0
2026-05-21T14:32:03,SENSOR,SYS,0,0,29,42
2026-05-21T14:32:33,SENSOR,SYS,0,0,29,43
2026-05-21T14:32:50,SYSTEM,SYS,0,0,7,102
2026-05-21T14:32:50,SYSTEM,SYS,0,0,8,8153
2026-05-21T14:32:50,SYSTEM,SYS,0,0,12,31
2026-05-21T14:33:03,SENSOR,SYS,0,0,29,43
2026-05-21T14:33:34,SENSOR,SYS,0,0,28,43
2026-05-21T14:33:51,SYSTEM,SYS,0,0,7,102
2026-05-21T14:33:51,SYSTEM,SYS,0,0,8,8153
2026-05-21T14:33:51,SYSTEM,SYS,0,0,12,31
2026-05-21T14:33:53,SYSTEM,WEB,0,0,1,0
2026-05-21T14:34:04,SENSOR,SYS,0,0,28,43
2026-05-21T14:34:35,SENSOR,SYS,0,0,28,43
2026-05-21T14:34:51,SYSTEM,SYS,0,0,7,100
2026-05-21T14:34:51,SYSTEM,SYS,0,0,8,8153
2026-05-21T14:34:51,SYSTEM,SYS,0,0,12,31
2026-05-21T14:35:05,SENSOR,SYS,0,0,28,44
2026-05-21T14:35:35,SENSOR,SYS,0,0,28,44
2026-05-21T14:35:51,SYSTEM,SYS,0,0,7,102
2026-05-21T14:35:51,SYSTEM,SYS,0,0,8,8153
2026-05-21T14:35:51,SYSTEM,SYS,0,0,12,31
2026-05-21T14:35:53,SYSTEM,WEB,0,0,1,0
2026-05-21T14:36:05,SENSOR,SYS,0,0,28,44
2026-05-21T14:36:36,SENSOR,SYS,0,0,28,44
2026-05-21T14:36:51,SYSTEM,SYS,0,0,7,102
2026-05-21T14:36:51,SYSTEM,SYS,0,0,8,8153
2026-05-21T14:36:51,SYSTEM,SYS,0,0,12,31
2026-05-21T14:37:06,SENSOR,SYS,0,0,28,45
2026-05-21T14:37:36,SENSOR,SYS,0,0,28,45
2026-05-21T14:37:50,SYSTEM,SYS,0,0,7,102
2026-05-21T14:37:50,SYSTEM,SYS,0,0,8,8153
2026-05-21T14:37:50,SYSTEM,SYS,0,0,12,31
2026-05-21T14:37:54,SYSTEM,WEB,0,0,1,0
2026-05-21T14:38:06,SENSOR,SYS,0,0,28,45
2026-05-21T14:38:37,SENSOR,SYS,0,0,28,45
2026-05-21T14:38:51,SYSTEM,SYS,0,0,7,102
2026-05-21T14:38:51,SYSTEM,SYS,0,0,8,8153
2026-05-21T14:38:51,SYSTEM,SYS,0,0,12,31
2026-05-21T14:39:07,SENSOR,SYS,0,0,28,45
2026-05-21T14:39:38,SENSOR,SYS,0,0,28,45
2026-05-21T14:39:51,SYSTEM,SYS,0,0,7,102
2026-05-21T14:39:51,SYSTEM,SYS,0,0,8,8153
2026-05-21T14:39:51,SYSTEM,SYS,0,0,12,31
2026-05-21T14:39:54,SYSTEM,WEB,0,0,1,0
2026-05-21T14:40:08,SENSOR,SYS,0,0,28,45
2026-05-21T14:40:38,SENSOR,SYS,0,0,28,45
2026-05-21T14:40:50,SYSTEM,SYS,0,0,7,102
2026-05-21T14:40:50,SYSTEM,SYS,0,0,8,8153
2026-05-21T14:40:50,SYSTEM,SYS,0,0,12,31
2026-05-21T14:41:08,SENSOR,SYS,0,0,28,45
2026-05-21T14:41:39,SENSOR,SYS,0,0,28,45
2026-05-21T14:41:51,SYSTEM,SYS,0,0,7,99
2026-05-21T14:41:51,SYSTEM,SYS,0,0,8,8153
2026-05-21T14:41:51,SYSTEM,SYS,0,0,12,31
2026-05-21T14:41:55,SYSTEM,WEB,0,0,1,0
2026-05-21T14:42:09,SENSOR,SYS,0,0,28,45
2026-05-21T14:42:40,SENSOR,SYS,0,0,28,45
2026-05-21T14:42:51,SYSTEM,SYS,0,0,7,102
2026-05-21T14:42:51,SYSTEM,SYS,0,0,8,8153
2026-05-21T14:42:51,SYSTEM,SYS,0,0,12,31
2026-05-21T14:43:10,SENSOR,SYS,0,0,28,45
2026-05-21T14:43:40,SENSOR,SYS,0,0,28,45
2026-05-21T14:43:51,SYSTEM,SYS,0,0,7,102
2026-05-21T14:43:51,SYSTEM,SYS,0,0,8,8153
2026-05-21T14:43:51,SYSTEM,SYS,0,0,12,31
2026-05-21T14:43:56,SYSTEM,WEB,0,0,1,0
2026-05-21T14:44:11,SENSOR,SYS,0,0,28,45
2026-05-21T14:44:41,SENSOR,SYS,0,0,28,45
2026-05-21T14:44:51,SYSTEM,SYS,0,0,7,102
2026-05-21T14:44:51,SYSTEM,SYS,0,0,8,8153
2026-05-21T14:44:51,SYSTEM,SYS,0,0,12,31
2026-05-21T14:45:11,SENSOR,SYS,0,0,28,45
2026-05-21T14:45:41,SENSOR,SYS,0,0,28,45
2026-05-21T14:45:51,SYSTEM,SYS,0,0,7,102
2026-05-21T14:45:51,SYSTEM,SYS,0,0,8,8153
2026-05-21T14:45:51,SYSTEM,SYS,0,0,12,31
2026-05-21T14:45:55,SYSTEM,WEB,0,0,1,0
2026-05-21T14:46:12,SENSOR,SYS,0,0,28,45
2026-05-21T14:46:42,SENSOR,SYS,0,0,28,45
2026-05-21T14:46:51,SYSTEM,SYS,0,0,7,102
2026-05-21T14:46:51,SYSTEM,SYS,0,0,8,8153
2026-05-21T14:46:51,SYSTEM,SYS,0,0,12,31
2026-05-21T14:47:12,SENSOR,SYS,0,0,28,45
2026-05-21T14:47:42,SENSOR,SYS,0,0,28,45
2026-05-21T14:47:50,SYSTEM,SYS,0,0,7,102
2026-05-21T14:47:50,SYSTEM,SYS,0,0,8,8153
2026-05-21T14:47:50,SYSTEM,SYS,0,0,12,31
2026-05-21T14:47:56,SYSTEM,WEB,0,0,1,0
2026-05-21T14:48:13,SENSOR,SYS,0,0,28,45
2026-05-21T14:48:43,SENSOR,SYS,0,0,28,45
2026-05-21T14:48:51,SYSTEM,SYS,0,0,7,102
2026-05-21T14:48:51,SYSTEM,SYS,0,0,8,8153
2026-05-21T14:48:51,SYSTEM,SYS,0,0,12,31
2026-05-21T14:49:14,SENSOR,SYS,0,0,28,46
2026-05-21T14:49:44,SENSOR,SYS,0,0,28,46
2026-05-21T14:49:51,SYSTEM,SYS,0,0,7,102
2026-05-21T14:49:51,SYSTEM,SYS,0,0,8,8153
2026-05-21T14:49:51,SYSTEM,SYS,0,0,12,31
2026-05-21T14:49:57,SYSTEM,WEB,0,0,1,0
2026-05-21T14:50:14,SENSOR,SYS,0,0,28,46
2026-05-21T14:50:44,SENSOR,SYS,0,0,28,46
2026-05-21T14:50:51,SYSTEM,SYS,0,0,7,102
2026-05-21T14:50:51,SYSTEM,SYS,0,0,8,8153
2026-05-21T14:50:51,SYSTEM,SYS,0,0,12,31
2026-05-21T14:51:15,SENSOR,SYS,0,0,28,46
2026-05-21T14:51:45,SENSOR,SYS,0,0,28,46
2026-05-21T14:51:51,SYSTEM,SYS,0,0,7,102
2026-05-21T14:51:51,SYSTEM,SYS,0,0,8,8153
2026-05-21T14:51:51,SYSTEM,SYS,0,0,12,31
2026-05-21T14:51:58,SYSTEM,WEB,0,0,1,0
2026-05-21T14:52:16,SENSOR,SYS,0,0,28,46
2026-05-21T14:52:46,SENSOR,SYS,0,0,28,46
2026-05-21T14:52:51,SYSTEM,SYS,0,0,7,102
2026-05-21T14:52:51,SYSTEM,SYS,0,0,8,8153
2026-05-21T14:52:51,SYSTEM,SYS,0,0,12,31
2026-05-21T14:53:16,SENSOR,SYS,0,0,28,46
2026-05-21T14:53:46,SENSOR,SYS,0,0,28,46
2026-05-21T14:53:51,SYSTEM,SYS,0,0,7,100
2026-05-21T14:53:51,SYSTEM,SYS,0,0,8,8153
2026-05-21T14:53:51,SYSTEM,SYS,0,0,12,31
2026-05-21T14:53:59,SYSTEM,WEB,0,0,1,0
2026-05-21T14:54:17,SENSOR,SYS,0,0,28,46
2026-05-21T14:54:47,SENSOR,SYS,0,0,28,46
2026-05-21T14:54:51,SYSTEM,SYS,0,0,7,102
2026-05-21T14:54:51,SYSTEM,SYS,0,0,8,8153
2026-05-21T14:54:51,SYSTEM,SYS,0,0,12,31
2026-05-21T14:55:17,SENSOR,SYS,0,0,28,46
2026-05-21T14:55:47,SENSOR,SYS,0,0,28,46
2026-05-21T14:55:50,SYSTEM,SYS,0,0,7,102
2026-05-21T14:55:50,SYSTEM,SYS,0,0,8,8153
2026-05-21T14:55:50,SYSTEM,SYS,0,0,12,31
2026-05-21T14:56:00,SYSTEM,WEB,0,0,1,0
2026-05-21T14:56:18,SENSOR,SYS,0,0,28,46
2026-05-21T14:56:48,SENSOR,SYS,0,0,28,47
2026-05-21T14:56:51,SYSTEM,SYS,0,0,7,102
2026-05-21T14:56:51,SYSTEM,SYS,0,0,8,8153
2026-05-21T14:56:51,SYSTEM,SYS,0,0,12,31
2026-05-21T14:57:19,SENSOR,SYS,0,0,28,47
2026-05-21T14:57:49,SENSOR,SYS,0,0,28,47
2026-05-21T14:57:51,SYSTEM,SYS,0,0,7,102
2026-05-21T14:57:51,SYSTEM,SYS,0,0,8,8153
2026-05-21T14:57:51,SYSTEM,SYS,0,0,12,31
2026-05-21T14:58:00,SYSTEM,WEB,0,0,1,0
2026-05-21T14:58:19,SENSOR,SYS,0,0,28,47
2026-05-21T14:58:50,SENSOR,SYS,0,0,28,47
2026-05-21T14:58:51,SYSTEM,SYS,0,0,7,102
2026-05-21T14:58:51,SYSTEM,SYS,0,0,8,8153
2026-05-21T14:58:51,SYSTEM,SYS,0,0,12,31
2026-05-21T14:59:20,SENSOR,SYS,0,0,28,47
2026-05-21T14:59:50,SENSOR,SYS,0,0,28,47
2026-05-21T14:59:51,SYSTEM,SYS,0,0,7,102
2026-05-21T14:59:51,SYSTEM,SYS,0,0,8,8153
2026-05-21T14:59:51,SYSTEM,SYS,0,0,12,31
2026-05-21T15:00:01,SYSTEM,WEB,0,0,1,0
2026-05-21T15:00:20,SENSOR,SYS,0,0,28,47
2026-05-21T15:00:51,SENSOR,SYS,0,0,28,47
2026-05-21T15:00:51,SYSTEM,SYS,0,0,7,102
2026-05-21T15:00:51,SYSTEM,SYS,0,0,8,8153
2026-05-21T15:00:51,SYSTEM,SYS,0,0,12,31
2026-05-21T15:01:21,SENSOR,SYS,0,0,28,47
2026-05-21T15:01:50,SYSTEM,SYS,0,0,7,102
2026-05-21T15:01:50,SYSTEM,SYS,0,0,8,8153
2026-05-21T15:01:50,SYSTEM,SYS,0,0,12,31
2026-05-21T15:01:51,SENSOR,SYS,0,0,28,47
2026-05-21T15:02:02,SYSTEM,WEB,0,0,1,0
2026-05-21T15:02:21,SENSOR,SYS,0,0,28,47
2026-05-21T15:02:51,SYSTEM,SYS,0,0,7,102
2026-05-21T15:02:51,SYSTEM,SYS,0,0,8,8153
2026-05-21T15:02:51,SYSTEM,SYS,0,0,12,31
2026-05-21T15:02:52,SENSOR,SYS,0,0,28,47
2026-05-21T15:03:22,SENSOR,SYS,0,0,28,47
2026-05-21T15:03:51,SYSTEM,SYS,0,0,7,99
2026-05-21T15:03:51,SYSTEM,SYS,0,0,8,8153
2026-05-21T15:03:51,SYSTEM,SYS,0,0,12,31
2026-05-21T15:03:53,SENSOR,SYS,0,0,28,47
2026-05-21T15:04:02,SYSTEM,WEB,0,0,1,0
2026-05-21T15:04:23,SENSOR,SYS,0,0,28,47
2026-05-21T15:04:50,SYSTEM,SYS,0,0,7,102
2026-05-21T15:04:50,SYSTEM,SYS,0,0,8,8153
2026-05-21T15:04:50,SYSTEM,SYS,0,0,12,31
2026-05-21T15:04:53,SENSOR,SYS,0,0,28,47
2026-05-21T15:05:23,SENSOR,SYS,0,0,28,47
2026-05-21T15:05:51,SYSTEM,SYS,0,0,7,102
2026-05-21T15:05:51,SYSTEM,SYS,0,0,8,8153
2026-05-21T15:05:51,SYSTEM,SYS,0,0,12,31
2026-05-21T15:05:54,SENSOR,SYS,0,0,28,47
2026-05-21T15:06:03,SYSTEM,WEB,0,0,1,0
2026-05-21T15:06:24,SENSOR,SYS,0,0,28,47
2026-05-21T15:06:51,SYSTEM,SYS,0,0,7,102
2026-05-21T15:06:51,SYSTEM,SYS,0,0,8,8153
2026-05-21T15:06:51,SYSTEM,SYS,0,0,12,31
2026-05-21T15:06:55,SENSOR,SYS,0,0,28,47
2026-05-21T15:07:25,SENSOR,SYS,0,0,28,47
2026-05-21T15:07:51,SYSTEM,SYS,0,0,7,102
2026-05-21T15:07:51,SYSTEM,SYS,0,0,8,8153
2026-05-21T15:07:51,SYSTEM,SYS,0,0,12,31
2026-05-21T15:07:55,SENSOR,SYS,0,0,28,47
2026-05-21T15:08:05,SYSTEM,WEB,0,0,1,0
2026-05-21T15:08:25,SENSOR,SYS,0,0,28,47
2026-05-21T15:08:51,SYSTEM,SYS,0,0,7,101
2026-05-21T15:08:51,SYSTEM,SYS,0,0,8,8153
2026-05-21T15:08:51,SYSTEM,SYS,0,0,12,31
2026-05-21T15:08:56,SENSOR,SYS,0,0,28,47
2026-05-21T15:09:26,SENSOR,SYS,0,0,28,47
2026-05-21T15:09:51,SYSTEM,SYS,0,0,7,101
2026-05-21T15:09:51,SYSTEM,SYS,0,0,8,8153
2026-05-21T15:09:51,SYSTEM,SYS,0,0,12,31
2026-05-21T15:09:57,SENSOR,SYS,0,0,28,47
2026-05-21T15:10:05,SYSTEM,WEB,0,0,1,0
2026-05-21T15:10:27,SENSOR,SYS,0,0,28,47
2026-05-21T15:10:51,SYSTEM,SYS,0,0,7,102
2026-05-21T15:10:51,SYSTEM,SYS,0,0,8,8153
2026-05-21T15:10:51,SYSTEM,SYS,0,0,12,31
2026-05-21T15:10:57,SENSOR,SYS,0,0,28,47
2026-05-21T15:11:27,SENSOR,SYS,0,0,28,46
2026-05-21T15:11:51,SYSTEM,SYS,0,0,7,102
2026-05-21T15:11:51,SYSTEM,SYS,0,0,8,8153
2026-05-21T15:11:51,SYSTEM,SYS,0,0,12,31
2026-05-21T15:11:58,SENSOR,SYS,0,0,28,46
2026-05-21T15:12:06,SYSTEM,WEB,0,0,1,0
2026-05-21T15:12:28,SENSOR,SYS,0,0,28,46
2026-05-21T15:12:50,SYSTEM,SYS,0,0,7,102
2026-05-21T15:12:50,SYSTEM,SYS,0,0,8,8153
2026-05-21T15:12:50,SYSTEM,SYS,0,0,12,31
2026-05-21T15:12:58,SENSOR,SYS,0,0,28,46
2026-05-21T15:13:29,SENSOR,SYS,0,0,28,46
2026-05-21T15:13:51,SYSTEM,SYS,0,0,7,102
2026-05-21T15:13:51,SYSTEM,SYS,0,0,8,8153
2026-05-21T15:13:51,SYSTEM,SYS,0,0,12,31
2026-05-21T15:13:59,SENSOR,SYS,0,0,28,46
2026-05-21T15:14:06,SYSTEM,WEB,0,0,1,0
2026-05-21T15:14:29,SENSOR,SYS,0,0,28,46
2026-05-21T15:14:50,SYSTEM,SYS,0,0,7,102
2026-05-21T15:14:51,SYSTEM,SYS,0,0,8,8153
2026-05-21T15:14:51,SYSTEM,SYS,0,0,12,31
2026-05-21T15:14:59,SENSOR,SYS,0,0,28,46
2026-05-21T15:15:30,SENSOR,SYS,0,0,28,46
2026-05-21T15:15:51,SYSTEM,SYS,0,0,7,102
2026-05-21T15:15:51,SYSTEM,SYS,0,0,8,8153
2026-05-21T15:15:51,SYSTEM,SYS,0,0,12,31
2026-05-21T15:16:00,SENSOR,SYS,0,0,28,46
2026-05-21T15:16:06,SYSTEM,WEB,0,0,1,0
2026-05-21T15:16:31,SENSOR,SYS,0,0,28,46
2026-05-21T15:16:51,SYSTEM,SYS,0,0,7,102
2026-05-21T15:16:51,SYSTEM,SYS,0,0,8,8153
2026-05-21T15:16:51,SYSTEM,SYS,0,0,12,31
2026-05-21T15:17:01,SENSOR,SYS,0,0,28,46
2026-05-21T15:17:31,SENSOR,SYS,0,0,28,46
2026-05-21T15:17:51,SYSTEM,SYS,0,0,7,102
2026-05-21T15:17:51,SYSTEM,SYS,0,0,8,8153
2026-05-21T15:17:51,SYSTEM,SYS,0,0,12,31
2026-05-21T15:18:01,SENSOR,SYS,0,0,28,46
2026-05-21T15:18:06,SYSTEM,WEB,0,0,1,0
2026-05-21T15:18:32,SENSOR,SYS,0,0,28,46
2026-05-21T15:18:51,SYSTEM,SYS,0,0,7,102
2026-05-21T15:18:51,SYSTEM,SYS,0,0,8,8153
2026-05-21T15:18:51,SYSTEM,SYS,0,0,12,31
2026-05-21T15:19:02,SENSOR,SYS,0,0,28,46
2026-05-21T15:19:32,SENSOR,SYS,0,0,28,46
2026-05-21T15:19:50,SYSTEM,SYS,0,0,7,102
2026-05-21T15:19:50,SYSTEM,SYS,0,0,8,8153
2026-05-21T15:19:50,SYSTEM,SYS,0,0,12,31
2026-05-21T15:20:02,SENSOR,SYS,0,0,28,46
2026-05-21T15:20:05,SYSTEM,WEB,0,0,1,0
2026-05-21T15:20:33,SENSOR,SYS,0,0,28,46
2026-05-21T15:20:51,SYSTEM,SYS,0,0,7,102
2026-05-21T15:20:51,SYSTEM,SYS,0,0,8,8153
2026-05-21T15:20:51,SYSTEM,SYS,0,0,12,31
2026-05-21T15:21:03,SENSOR,SYS,0,0,27,46
2026-05-21T15:21:34,SENSOR,SYS,0,0,27,47
2026-05-21T15:21:51,SYSTEM,SYS,0,0,7,102
2026-05-21T15:21:51,SYSTEM,SYS,0,0,8,8153
2026-05-21T15:21:51,SYSTEM,SYS,0,0,12,31
2026-05-21T15:22:04,SENSOR,SYS,0,0,27,47
2026-05-21T15:22:08,SYSTEM,WEB,0,0,1,0
2026-05-21T15:22:34,SENSOR,SYS,0,0,27,47
2026-05-21T15:22:51,SYSTEM,SYS,0,0,7,102
2026-05-21T15:22:51,SYSTEM,SYS,0,0,8,8153
2026-05-21T15:22:51,SYSTEM,SYS,0,0,12,31
2026-05-21T15:23:04,SENSOR,SYS,0,0,27,47
2026-05-21T15:23:35,SENSOR,SYS,0,0,27,47
2026-05-21T15:23:51,SYSTEM,SYS,0,0,7,102
2026-05-21T15:23:51,SYSTEM,SYS,0,0,8,8153
2026-05-21T15:23:51,SYSTEM,SYS,0,0,12,31
2026-05-21T15:24:05,SENSOR,SYS,0,0,27,48
2026-05-21T15:24:08,SYSTEM,WEB,0,0,1,0
2026-05-21T15:24:36,SENSOR,SYS,0,0,27,48
2026-05-21T15:24:51,SYSTEM,SYS,0,0,7,102
2026-05-21T15:24:51,SYSTEM,SYS,0,0,8,8153
2026-05-21T15:24:51,SYSTEM,SYS,0,0,12,31
2026-05-21T15:25:06,SENSOR,SYS,0,0,27,48
2026-05-21T15:25:37,SENSOR,SYS,0,0,27,48
2026-05-21T15:25:52,SYSTEM,SYS,0,0,7,102
2026-05-21T15:25:52,SYSTEM,SYS,0,0,8,8153
2026-05-21T15:25:52,SYSTEM,SYS,0,0,12,31
2026-05-21T15:26:07,SENSOR,SYS,0,0,26,48
2026-05-21T15:26:09,SYSTEM,WEB,0,0,1,0
2026-05-21T15:26:37,SENSOR,SYS,0,0,26,49
2026-05-21T15:26:51,SYSTEM,SYS,0,0,7,102
2026-05-21T15:26:51,SYSTEM,SYS,0,0,8,8153
2026-05-21T15:26:51,SYSTEM,SYS,0,0,12,31
2026-05-21T15:27:07,SENSOR,SYS,0,0,26,49
2026-05-21T15:27:37,SENSOR,SYS,0,0,26,49
2026-05-21T15:27:50,SYSTEM,SYS,0,0,7,102
2026-05-21T15:27:50,SYSTEM,SYS,0,0,8,8153
2026-05-21T15:27:50,SYSTEM,SYS,0,0,12,31
2026-05-21T15:28:07,SENSOR,SYS,0,0,26,49
2026-05-21T15:28:08,SYSTEM,WEB,0,0,1,0
2026-05-21T15:28:38,SENSOR,SYS,0,0,27,49
2026-05-21T15:28:51,SYSTEM,SYS,0,0,7,102
2026-05-21T15:28:51,SYSTEM,SYS,0,0,8,8153
2026-05-21T15:28:51,SYSTEM,SYS,0,0,12,31
2026-05-21T15:29:08,SENSOR,SYS,0,0,27,49
2026-05-21T15:29:38,SENSOR,SYS,0,0,27,49
2026-05-21T15:29:50,SYSTEM,SYS,0,0,7,102
2026-05-21T15:29:50,SYSTEM,SYS,0,0,8,8153
2026-05-21T15:29:50,SYSTEM,SYS,0,0,12,31
2026-05-21T15:30:09,SENSOR,SYS,0,0,27,48
2026-05-21T15:30:09,SYSTEM,WEB,0,0,1,0
2026-05-21T15:30:39,SENSOR,SYS,0,0,28,48
2026-05-21T15:30:51,SYSTEM,SYS,0,0,7,102
2026-05-21T15:30:51,SYSTEM,SYS,0,0,8,8153
2026-05-21T15:30:51,SYSTEM,SYS,0,0,12,31
2026-05-21T15:31:10,SENSOR,SYS,0,0,28,48
2026-05-21T15:31:40,SENSOR,SYS,0,0,28,47
2026-05-21T15:31:51,SYSTEM,SYS,0,0,7,102
2026-05-21T15:31:51,SYSTEM,SYS,0,0,8,8153
2026-05-21T15:31:51,SYSTEM,SYS,0,0,12,31
2026-05-21T15:32:10,SENSOR,SYS,0,0,28,47
2026-05-21T15:32:10,SYSTEM,WEB,0,0,1,0
2026-05-21T15:32:40,SENSOR,SYS,0,0,29,46
2026-05-21T15:32:51,SYSTEM,SYS,0,0,7,101
2026-05-21T15:32:51,SYSTEM,SYS,0,0,8,8153
2026-05-21T15:32:51,SYSTEM,SYS,0,0,12,31
2026-05-21T15:33:11,SENSOR,SYS,0,0,29,46
2026-05-21T15:33:41,SENSOR,SYS,0,0,29,46
2026-05-21T15:33:51,SYSTEM,SYS,0,0,7,98
2026-05-21T15:33:51,SYSTEM,SYS,0,0,8,8153
2026-05-21T15:33:51,SYSTEM,SYS,0,0,12,31
2026-05-21T15:34:11,SYSTEM,WEB,0,0,1,0
2026-05-21T15:34:12,SENSOR,SYS,0,0,29,45
2026-05-21T15:34:42,SENSOR,SYS,0,0,29,45
2026-05-21T15:34:51,SYSTEM,SYS,0,0,7,102
2026-05-21T15:34:51,SYSTEM,SYS,0,0,8,8153
2026-05-21T15:34:51,SYSTEM,SYS,0,0,12,31
2026-05-21T15:35:12,SENSOR,SYS,0,0,29,44
2026-05-21T15:35:42,SENSOR,SYS,0,0,29,44
2026-05-21T15:35:51,SYSTEM,SYS,0,0,7,102
2026-05-21T15:35:51,SYSTEM,SYS,0,0,8,8153
2026-05-21T15:35:51,SYSTEM,SYS,0,0,12,31
2026-05-21T15:36:11,SYSTEM,WEB,0,0,1,0
2026-05-21T15:36:13,SENSOR,SYS,0,0,29,44
2026-05-21T15:36:43,SENSOR,SYS,0,0,29,43
2026-05-21T15:36:51,SYSTEM,SYS,0,0,7,102
2026-05-21T15:36:51,SYSTEM,SYS,0,0,8,8153
2026-05-21T15:36:51,SYSTEM,SYS,0,0,12,31
2026-05-21T15:37:13,SENSOR,SYS,0,0,29,43
2026-05-21T15:37:43,SENSOR,SYS,0,0,29,42
2026-05-21T15:37:50,SYSTEM,SYS,0,0,7,102
2026-05-21T15:37:50,SYSTEM,SYS,0,0,8,8153
2026-05-21T15:37:50,SYSTEM,SYS,0,0,12,31
2026-05-21T15:38:12,SYSTEM,WEB,0,0,1,0
2026-05-21T15:38:14,SENSOR,SYS,0,0,29,42
2026-05-21T15:38:44,SENSOR,SYS,0,0,29,42
2026-05-21T15:38:51,SYSTEM,SYS,0,0,7,102
2026-05-21T15:38:51,SYSTEM,SYS,0,0,8,8153
2026-05-21T15:38:51,SYSTEM,SYS,0,0,12,31
2026-05-21T15:39:15,SENSOR,SYS,0,0,29,42
2026-05-21T15:39:45,SENSOR,SYS,0,0,29,42
2026-05-21T15:39:51,SYSTEM,SYS,0,0,7,102
2026-05-21T15:39:51,SYSTEM,SYS,0,0,8,8153
2026-05-21T15:39:51,SYSTEM,SYS,0,0,12,31
2026-05-21T15:40:13,SYSTEM,WEB,0,0,1,0
2026-05-21T15:40:15,SENSOR,SYS,0,0,29,42
2026-05-21T15:40:45,SENSOR,SYS,0,0,29,42
2026-05-21T15:40:51,SYSTEM,SYS,0,0,7,102
2026-05-21T15:40:51,SYSTEM,SYS,0,0,8,8153
2026-05-21T15:40:51,SYSTEM,SYS,0,0,12,31
2026-05-21T15:41:16,SENSOR,SYS,0,0,29,43
2026-05-21T15:41:46,SENSOR,SYS,0,0,29,43
2026-05-21T15:41:51,SYSTEM,SYS,0,0,7,102
2026-05-21T15:41:51,SYSTEM,SYS,0,0,8,8153
2026-05-21T15:41:51,SYSTEM,SYS,0,0,12,31
2026-05-21T15:42:13,SYSTEM,WEB,0,0,1,0
2026-05-21T15:42:17,SENSOR,SYS,0,0,29,43
2026-05-21T15:42:47,SENSOR,SYS,0,0,29,43
2026-05-21T15:42:51,SYSTEM,SYS,0,0,7,102
2026-05-21T15:42:51,SYSTEM,SYS,0,0,8,8153
2026-05-21T15:42:51,SYSTEM,SYS,0,0,12,31
2026-05-21T15:43:17,SENSOR,SYS,0,0,28,44
2026-05-21T15:43:47,SENSOR,SYS,0,0,28,44
2026-05-21T15:43:50,SYSTEM,SYS,0,0,7,102
2026-05-21T15:43:50,SYSTEM,SYS,0,0,8,8153
2026-05-21T15:43:50,SYSTEM,SYS,0,0,12,31
2026-05-21T15:44:13,SYSTEM,WEB,0,0,1,0
2026-05-21T15:44:17,SENSOR,SYS,0,0,28,44
2026-05-21T15:44:48,SENSOR,SYS,0,0,28,45
2026-05-21T15:44:51,SYSTEM,SYS,0,0,7,102
2026-05-21T15:44:51,SYSTEM,SYS,0,0,8,8153
2026-05-21T15:44:51,SYSTEM,SYS,0,0,12,31
2026-05-21T15:45:18,SENSOR,SYS,0,0,28,45
2026-05-21T15:45:49,SENSOR,SYS,0,0,28,45
2026-05-21T15:45:51,SYSTEM,SYS,0,0,7,102
2026-05-21T15:45:51,SYSTEM,SYS,0,0,8,8153
2026-05-21T15:45:51,SYSTEM,SYS,0,0,12,31
2026-05-21T15:46:17,SYSTEM,WEB,0,0,1,0
2026-05-21T15:46:19,SENSOR,SYS,0,0,27,45
2026-05-21T15:46:49,SENSOR,SYS,0,0,27,46
2026-05-21T15:46:50,SYSTEM,SYS,0,0,7,102
2026-05-21T15:46:50,SYSTEM,SYS,0,0,8,8153
2026-05-21T15:46:50,SYSTEM,SYS,0,0,12,31
2026-05-21T15:47:19,SENSOR,SYS,0,0,27,46
2026-05-21T15:47:50,SENSOR,SYS,0,0,27,46
2026-05-21T15:47:51,SYSTEM,SYS,0,0,7,102
2026-05-21T15:47:51,SYSTEM,SYS,0,0,8,8153
2026-05-21T15:47:51,SYSTEM,SYS,0,0,12,31
2026-05-21T15:48:16,SYSTEM,WEB,0,0,1,0
2026-05-21T15:48:20,SENSOR,SYS,0,0,27,47
2026-05-21T15:48:51,SENSOR,SYS,0,0,28,47
2026-05-21T15:48:51,SYSTEM,SYS,0,0,7,102
2026-05-21T15:48:51,SYSTEM,SYS,0,0,8,8153
2026-05-21T15:48:51,SYSTEM,SYS,0,0,12,31
2026-05-21T15:49:21,SENSOR,SYS,0,0,28,46
2026-05-21T15:49:51,SYSTEM,SYS,0,0,7,102
2026-05-21T15:49:51,SYSTEM,SYS,0,0,8,8153
2026-05-21T15:49:51,SYSTEM,SYS,0,0,12,31
2026-05-21T15:49:51,SENSOR,SYS,0,0,28,46
2026-05-21T15:50:18,SYSTEM,WEB,0,0,1,0
2026-05-21T15:50:21,SENSOR,SYS,0,0,29,46
2026-05-21T15:50:51,SYSTEM,SYS,0,0,7,102
2026-05-21T15:50:51,SYSTEM,SYS,0,0,8,8153
2026-05-21T15:50:51,SYSTEM,SYS,0,0,12,31
2026-05-21T15:50:52,SENSOR,SYS,0,0,29,46
2026-05-21T15:51:22,SENSOR,SYS,0,0,29,46
2026-05-21T15:51:50,SYSTEM,SYS,0,0,7,102
2026-05-21T15:51:50,SYSTEM,SYS,0,0,8,8153
2026-05-21T15:51:50,SYSTEM,SYS,0,0,12,31
2026-05-21T15:51:52,SENSOR,SYS,0,0,29,45
2026-05-21T15:52:17,SYSTEM,WEB,0,0,1,0
2026-05-21T15:52:22,SENSOR,SYS,0,0,30,45
2026-05-21T15:51:36,MODE,SYS,0,0,2,512
2026-05-21T15:52:22,RELAY,SYS,2,0,2,0
2026-05-21T15:52:49,RELAY,SYS,2,0,3,0
2026-05-21T15:52:51,SYSTEM,SYS,0,0,7,102
2026-05-21T15:52:51,SYSTEM,SYS,0,0,8,8153
2026-05-21T15:52:51,SYSTEM,SYS,0,0,12,31
2026-05-21T15:52:53,SENSOR,SYS,0,0,30,45
2026-05-21T15:53:23,SENSOR,SYS,0,0,30,44
2026-05-21T15:53:51,SYSTEM,SYS,0,0,7,102
2026-05-21T15:53:51,SYSTEM,SYS,0,0,8,8153
2026-05-21T15:53:51,SYSTEM,SYS,0,0,12,31
2026-05-21T15:53:54,SENSOR,SYS,0,0,31,44
2026-05-21T15:53:34,MODE,SYS,0,0,3,768
2026-05-21T15:53:54,RELAY,SYS,3,0,2,0
2026-05-21T15:54:18,SYSTEM,WEB,0,0,1,0
2026-05-21T15:54:24,SENSOR,SYS,0,0,31,43
2026-05-21T15:54:50,SYSTEM,SYS,0,0,7,102
2026-05-21T15:54:51,SYSTEM,SYS,0,0,8,8153
2026-05-21T15:54:51,SYSTEM,SYS,0,0,12,31
2026-05-21T15:54:54,SENSOR,SYS,0,0,31,43
2026-05-21T15:55:24,SENSOR,SYS,0,0,31,43
2026-05-21T15:55:51,SYSTEM,SYS,0,0,7,102
2026-05-21T15:55:51,SYSTEM,SYS,0,0,8,8153
2026-05-21T15:55:51,SYSTEM,SYS,0,0,12,31
2026-05-21T15:55:55,SENSOR,SYS,0,0,31,42
2026-05-21T15:56:19,SYSTEM,WEB,0,0,1,0
2026-05-21T15:56:25,SENSOR,SYS,0,0,31,42
2026-05-21T15:56:50,RELAY,SYS,3,0,3,0
2026-05-21T15:56:51,SYSTEM,SYS,0,0,7,102
2026-05-21T15:56:51,SYSTEM,SYS,0,0,8,8153
2026-05-21T15:56:51,SYSTEM,SYS,0,0,12,31
2026-05-21T15:56:56,SENSOR,SYS,0,0,31,42
2026-05-21T15:57:26,SENSOR,SYS,0,0,31,41
2026-05-21T15:57:51,SYSTEM,SYS,0,0,7,102
2026-05-21T15:57:51,SYSTEM,SYS,0,0,8,8153
2026-05-21T15:57:51,SYSTEM,SYS,0,0,12,31
2026-05-21T15:57:56,SENSOR,SYS,0,0,31,41
2026-05-21T15:58:19,SYSTEM,WEB,0,0,1,0
2026-05-21T15:58:26,SENSOR,SYS,0,0,31,41
2026-05-21T15:58:51,SYSTEM,SYS,0,0,7,102
2026-05-21T15:58:51,SYSTEM,SYS,0,0,8,8153
2026-05-21T15:58:51,SYSTEM,SYS,0,0,12,31
2026-05-21T15:58:57,SENSOR,SYS,0,0,31,41
2026-05-21T15:59:27,SENSOR,SYS,0,0,31,41
2026-05-21T15:59:51,SYSTEM,SYS,0,0,7,102
2026-05-21T15:59:51,SYSTEM,SYS,0,0,8,8153
2026-05-21T15:59:51,SYSTEM,SYS,0,0,12,31
2026-05-21T15:59:57,SENSOR,SYS,0,0,31,41
2026-05-21T16:00:20,SYSTEM,WEB,0,0,1,0
2026-05-21T16:00:28,SENSOR,SYS,0,0,31,41
2026-05-21T16:00:51,SYSTEM,SYS,0,0,7,101
2026-05-21T16:00:51,SYSTEM,SYS,0,0,8,8153
2026-05-21T16:00:51,SYSTEM,SYS,0,0,12,31
2026-05-21T16:00:58,SENSOR,SYS,0,0,30,41
2026-05-21T16:00:25,MODE,SYS,0,0,2,512
2026-05-21T16:01:28,SENSOR,SYS,0,0,30,41
2026-05-21T16:01:50,SYSTEM,SYS,0,0,7,101
2026-05-21T16:01:50,SYSTEM,SYS,0,0,8,8153
2026-05-21T16:01:50,SYSTEM,SYS,0,0,12,31
2026-05-21T16:01:58,SENSOR,SYS,0,0,30,41
2026-05-21T16:02:21,SYSTEM,WEB,0,0,1,0
2026-05-21T16:02:29,SENSOR,SYS,0,0,30,42
2026-05-21T16:02:51,SYSTEM,SYS,0,0,7,102
2026-05-21T16:02:51,SYSTEM,SYS,0,0,8,8153
2026-05-21T16:02:51,SYSTEM,SYS,0,0,12,31
2026-05-21T16:02:59,SENSOR,SYS,0,0,30,42
2026-05-21T16:03:30,SENSOR,SYS,0,0,29,42
2026-05-21T16:03:21,MODE,SYS,0,0,1,256
2026-05-21T16:03:30,RELAY,SYS,2,0,4,0
2026-05-21T16:03:51,SYSTEM,SYS,0,0,7,102
2026-05-21T16:03:51,SYSTEM,SYS,0,0,8,8153
2026-05-21T16:03:51,SYSTEM,SYS,0,0,12,31
2026-05-21T16:03:56,RELAY,SYS,2,0,1,0
2026-05-21T16:04:00,SENSOR,SYS,0,0,29,42
2026-05-21T16:04:22,SYSTEM,WEB,0,0,1,0
2026-05-21T16:04:30,SENSOR,SYS,0,0,29,42
2026-05-21T16:04:51,SYSTEM,SYS,0,0,7,102
2026-05-21T16:04:51,SYSTEM,SYS,0,0,8,8153
2026-05-21T16:04:51,SYSTEM,SYS,0,0,12,31
2026-05-21T16:05:00,SENSOR,SYS,0,0,29,42
2026-05-21T16:05:31,SENSOR,SYS,0,0,28,43
2026-05-21T16:05:51,SYSTEM,SYS,0,0,7,102
2026-05-21T16:05:51,SYSTEM,SYS,0,0,8,8153
2026-05-21T16:05:51,SYSTEM,SYS,0,0,12,31
2026-05-21T16:06:01,SENSOR,SYS,0,0,28,43
2026-05-21T16:06:23,SYSTEM,WEB,0,0,1,0
2026-05-21T16:06:32,SENSOR,SYS,0,0,28,43
2026-05-21T16:06:51,SYSTEM,SYS,0,0,7,102
2026-05-21T16:06:51,SYSTEM,SYS,0,0,8,8153
2026-05-21T16:06:51,SYSTEM,SYS,0,0,12,31
2026-05-21T16:07:02,SENSOR,SYS,0,0,28,43
2026-05-21T16:07:32,SENSOR,SYS,0,0,28,43
2026-05-21T16:07:51,SYSTEM,SYS,0,0,7,102
2026-05-21T16:07:51,SYSTEM,SYS,0,0,8,8153
2026-05-21T16:07:51,SYSTEM,SYS,0,0,12,31
2026-05-21T16:08:02,SENSOR,SYS,0,0,28,44
2026-05-21T16:08:24,SYSTEM,WEB,0,0,1,0
2026-05-21T16:08:33,SENSOR,SYS,0,0,28,44
2026-05-21T16:08:51,SYSTEM,SYS,0,0,7,102
2026-05-21T16:08:51,SYSTEM,SYS,0,0,8,8153
2026-05-21T16:08:51,SYSTEM,SYS,0,0,12,31
2026-05-21T16:09:03,SENSOR,SYS,0,0,28,44
2026-05-21T16:09:33,SENSOR,SYS,0,0,28,44
2026-05-21T16:09:50,SYSTEM,SYS,0,0,7,99
2026-05-21T16:09:50,SYSTEM,SYS,0,0,8,8153
2026-05-21T16:09:50,SYSTEM,SYS,0,0,12,31
2026-05-21T16:10:03,SENSOR,SYS,0,0,29,44
2026-05-21T16:10:24,SYSTEM,WEB,0,0,0,0
2026-05-21T16:10:34,SENSOR,SYS,0,0,29,44
2026-05-21T16:10:51,SYSTEM,SYS,0,0,7,99
2026-05-21T16:10:51,SYSTEM,SYS,0,0,8,8153
2026-05-21T16:10:51,SYSTEM,SYS,0,0,12,31
2026-05-21T16:11:04,SENSOR,SYS,0,0,29,43
2026-05-21T16:11:35,SENSOR,SYS,0,0,29,43
2026-05-21T16:11:51,SYSTEM,SYS,0,0,7,101
2026-05-21T16:11:51,SYSTEM,SYS,0,0,8,8153
2026-05-21T16:11:51,SYSTEM,SYS,0,0,12,31
2026-05-21T16:12:05,SENSOR,SYS,0,0,29,43
2026-05-21T16:12:24,SYSTEM,WEB,0,0,1,0
2026-05-21T16:12:35,SENSOR,SYS,0,0,29,43
2026-05-21T16:12:51,SYSTEM,SYS,0,0,7,101
2026-05-21T16:12:51,SYSTEM,SYS,0,0,8,8153
2026-05-21T16:12:51,SYSTEM,SYS,0,0,12,31
2026-05-21T16:13:05,SENSOR,SYS,0,0,29,43
2026-05-21T16:13:36,SENSOR,SYS,0,0,29,43
2026-05-21T16:13:51,SYSTEM,SYS,0,0,7,101
2026-05-21T16:13:51,SYSTEM,SYS,0,0,8,8153
2026-05-21T16:13:51,SYSTEM,SYS,0,0,12,31
2026-05-21T16:14:06,SENSOR,SYS,0,0,29,42
2026-05-21T16:14:25,SYSTEM,WEB,0,0,1,0
2026-05-21T16:14:36,SENSOR,SYS,0,0,30,42
2026-05-21T16:14:06,MODE,SYS,0,0,2,512
2026-05-21T16:14:36,RELAY,SYS,2,0,2,0
2026-05-21T16:14:51,SYSTEM,SYS,0,0,7,101
2026-05-21T16:14:51,SYSTEM,SYS,0,0,8,8153
2026-05-21T16:14:51,SYSTEM,SYS,0,0,12,31
2026-05-21T16:15:02,RELAY,SYS,2,0,3,0
2026-05-21T16:15:07,SENSOR,SYS,0,0,30,42
2026-05-21T16:15:37,SENSOR,SYS,0,0,30,42
2026-05-21T16:15:51,SYSTEM,SYS,0,0,7,101
2026-05-21T16:15:51,SYSTEM,SYS,0,0,8,8153
2026-05-21T16:15:51,SYSTEM,SYS,0,0,12,31
2026-05-21T16:16:07,SENSOR,SYS,0,0,30,42
2026-05-21T16:16:26,SYSTEM,WEB,0,0,1,0
2026-05-21T16:16:37,SENSOR,SYS,0,0,30,41
2026-05-21T16:16:50,SYSTEM,SYS,0,0,7,102
2026-05-21T16:16:50,SYSTEM,SYS,0,0,8,8153
2026-05-21T16:16:50,SYSTEM,SYS,0,0,12,31
2026-05-21T16:17:08,SENSOR,SYS,0,0,30,41
2026-05-21T16:17:38,SENSOR,SYS,0,0,30,41
2026-05-21T16:17:51,SYSTEM,SYS,0,0,7,102
2026-05-21T16:17:51,SYSTEM,SYS,0,0,8,8153
2026-05-21T16:17:51,SYSTEM,SYS,0,0,12,31
2026-05-21T16:18:09,SENSOR,SYS,0,0,30,41
2026-05-21T16:18:27,SYSTEM,WEB,0,0,1,0
2026-05-21T16:18:39,SENSOR,SYS,0,0,30,41
2026-05-21T16:18:51,SYSTEM,SYS,0,0,7,102
2026-05-21T16:18:51,SYSTEM,SYS,0,0,8,8153
2026-05-21T16:18:51,SYSTEM,SYS,0,0,12,31
2026-05-21T16:19:09,SENSOR,SYS,0,0,30,41
2026-05-21T16:19:39,SENSOR,SYS,0,0,30,41
2026-05-21T16:19:50,SYSTEM,SYS,0,0,7,102
2026-05-21T16:19:50,SYSTEM,SYS,0,0,8,8153
2026-05-21T16:19:50,SYSTEM,SYS,0,0,12,31
2026-05-21T16:20:10,SENSOR,SYS,0,0,30,41
2026-05-21T16:20:28,SYSTEM,WEB,0,0,1,0
2026-05-21T16:20:40,SENSOR,SYS,0,0,29,41
2026-05-21T16:19:58,MODE,SYS,0,0,1,256
2026-05-21T16:20:40,RELAY,SYS,2,0,4,0
2026-05-21T16:20:51,SYSTEM,SYS,0,0,7,102
2026-05-21T16:20:51,SYSTEM,SYS,0,0,8,8153
2026-05-21T16:20:51,SYSTEM,SYS,0,0,12,31
2026-05-21T16:21:07,RELAY,SYS,2,0,1,0
2026-05-21T16:21:11,SENSOR,SYS,0,0,29,41
2026-05-21T16:21:41,SENSOR,SYS,0,0,29,42
2026-05-21T16:21:51,SYSTEM,SYS,0,0,7,102
2026-05-21T16:21:51,SYSTEM,SYS,0,0,8,8153
2026-05-21T16:21:51,SYSTEM,SYS,0,0,12,31
2026-05-21T16:22:11,SENSOR,SYS,0,0,29,42
2026-05-21T16:22:11,RELAY,SYS,3,0,4,0
2026-05-21T16:22:28,SYSTEM,WEB,0,0,1,0
2026-05-21T16:22:41,SENSOR,SYS,0,0,29,42
2026-05-21T16:22:51,SYSTEM,SYS,0,0,7,102
2026-05-21T16:22:51,SYSTEM,SYS,0,0,8,8153
2026-05-21T16:22:51,SYSTEM,SYS,0,0,12,31
2026-05-21T16:23:12,SENSOR,SYS,0,0,29,42
2026-05-21T16:23:42,SENSOR,SYS,0,0,28,43
2026-05-21T16:23:51,SYSTEM,SYS,0,0,7,102
2026-05-21T16:23:51,SYSTEM,SYS,0,0,8,8153
2026-05-21T16:23:51,SYSTEM,SYS,0,0,12,31
2026-05-21T16:24:13,SENSOR,SYS,0,0,28,43
2026-05-21T16:24:30,SYSTEM,WEB,0,0,1,0
2026-05-21T16:24:43,SENSOR,SYS,0,0,28,43
2026-05-21T16:24:51,SYSTEM,SYS,0,0,7,102
2026-05-21T16:24:51,SYSTEM,SYS,0,0,8,8153
2026-05-21T16:24:51,SYSTEM,SYS,0,0,12,31
2026-05-21T16:25:07,RELAY,SYS,3,0,1,0
2026-05-21T16:25:13,SENSOR,SYS,0,0,28,43
2026-05-21T16:25:44,SENSOR,SYS,0,0,28,44
2026-05-21T16:25:51,SYSTEM,SYS,0,0,7,102
2026-05-21T16:25:51,SYSTEM,SYS,0,0,8,8153
2026-05-21T16:25:51,SYSTEM,SYS,0,0,12,31
2026-05-21T16:26:14,SENSOR,SYS,0,0,28,44
2026-05-21T16:26:30,SYSTEM,WEB,0,0,1,0
2026-05-21T16:26:44,SENSOR,SYS,0,0,28,44
2026-05-21T16:26:50,SYSTEM,SYS,0,0,7,102
2026-05-21T16:26:51,SYSTEM,SYS,0,0,8,8153
2026-05-21T16:26:51,SYSTEM,SYS,0,0,12,31
2026-05-21T16:27:14,SENSOR,SYS,0,0,28,44
2026-05-21T16:27:44,SENSOR,SYS,0,0,28,45
2026-05-21T16:27:51,SYSTEM,SYS,0,0,7,102
2026-05-21T16:27:51,SYSTEM,SYS,0,0,8,8153
2026-05-21T16:27:51,SYSTEM,SYS,0,0,12,31
2026-05-21T16:28:15,SENSOR,SYS,0,0,28,45
2026-05-21T16:28:31,SYSTEM,WEB,0,0,1,0
2026-05-21T16:28:45,SENSOR,SYS,0,0,28,45
2026-05-21T16:28:51,SYSTEM,SYS,0,0,7,102
2026-05-21T16:28:51,SYSTEM,SYS,0,0,8,8153
2026-05-21T16:28:51,SYSTEM,SYS,0,0,12,31
2026-05-21T16:29:16,SENSOR,SYS,0,0,28,45
2026-05-21T16:29:46,SENSOR,SYS,0,0,28,45
2026-05-21T16:29:51,SYSTEM,SYS,0,0,7,102
2026-05-21T16:29:51,SYSTEM,SYS,0,0,8,8153
2026-05-21T16:29:51,SYSTEM,SYS,0,0,12,31
2026-05-21T16:30:16,SENSOR,SYS,0,0,28,45
2026-05-21T16:30:32,SYSTEM,WEB,0,0,1,0
2026-05-21T16:30:47,SENSOR,SYS,0,0,28,45
2026-05-21T16:30:51,SYSTEM,SYS,0,0,7,102
2026-05-21T16:30:51,SYSTEM,SYS,0,0,8,8153
2026-05-21T16:30:51,SYSTEM,SYS,0,0,12,31
2026-05-21T16:31:17,SENSOR,SYS,0,0,29,45
2026-05-21T16:31:47,SENSOR,SYS,0,0,29,45
2026-05-21T16:31:51,SYSTEM,SYS,0,0,7,102
2026-05-21T16:31:51,SYSTEM,SYS,0,0,8,8153
2026-05-21T16:31:51,SYSTEM,SYS,0,0,12,31
2026-05-21T16:32:17,SENSOR,SYS,0,0,29,45
2026-05-21T16:32:33,SYSTEM,WEB,0,0,1,0
2026-05-21T16:32:48,SENSOR,SYS,0,0,29,45
2026-05-21T16:32:51,SYSTEM,SYS,0,0,7,102
2026-05-21T16:32:51,SYSTEM,SYS,0,0,8,8153
2026-05-21T16:32:51,SYSTEM,SYS,0,0,12,31
2026-05-21T16:33:18,SENSOR,SYS,0,0,29,45
2026-05-21T16:33:48,SENSOR,SYS,0,0,29,45
2026-05-21T16:33:50,SYSTEM,SYS,0,0,7,102
2026-05-21T16:33:50,SYSTEM,SYS,0,0,8,8153
2026-05-21T16:33:50,SYSTEM,SYS,0,0,12,31
2026-05-21T16:34:18,SENSOR,SYS,0,0,30,45
2026-05-21T16:33:39,MODE,SYS,0,0,2,512
2026-05-21T16:34:18,RELAY,SYS,2,0,2,0
2026-05-21T16:34:33,SYSTEM,WEB,0,0,1,0
2026-05-21T16:34:45,RELAY,SYS,2,0,3,0
2026-05-21T16:34:49,SENSOR,SYS,0,0,30,44
2026-05-21T16:34:51,SYSTEM,SYS,0,0,7,102
2026-05-21T16:34:51,SYSTEM,SYS,0,0,8,8153
2026-05-21T16:34:51,SYSTEM,SYS,0,0,12,31
2026-05-21T16:35:19,SENSOR,SYS,0,0,30,44
2026-05-21T16:35:50,SENSOR,SYS,0,0,30,44
2026-05-21T16:35:51,SYSTEM,SYS,0,0,7,102
2026-05-21T16:35:51,SYSTEM,SYS,0,0,8,8153
2026-05-21T16:35:51,SYSTEM,SYS,0,0,12,31
2026-05-21T16:36:20,SENSOR,SYS,0,0,30,44
2026-05-21T16:36:34,SYSTEM,WEB,0,0,1,0
2026-05-21T16:36:50,SENSOR,SYS,0,0,30,44
2026-05-21T16:36:51,SYSTEM,SYS,0,0,7,102
2026-05-21T16:36:51,SYSTEM,SYS,0,0,8,8153
2026-05-21T16:36:51,SYSTEM,SYS,0,0,12,31
2026-05-21T16:37:20,SENSOR,SYS,0,0,30,44
2026-05-21T16:37:51,SENSOR,SYS,0,0,30,44
2026-05-21T16:37:51,SYSTEM,SYS,0,0,7,102
2026-05-21T16:37:51,SYSTEM,SYS,0,0,8,8153
2026-05-21T16:37:51,SYSTEM,SYS,0,0,12,31
2026-05-21T16:38:21,SENSOR,SYS,0,0,30,44
2026-05-21T16:38:35,SYSTEM,WEB,0,0,1,0
2026-05-21T16:38:51,SYSTEM,SYS,0,0,7,102
2026-05-21T16:38:51,SYSTEM,SYS,0,0,8,8153
2026-05-21T16:38:51,SYSTEM,SYS,0,0,12,31
2026-05-21T16:38:52,SENSOR,SYS,0,0,30,44
2026-05-21T16:39:22,SENSOR,SYS,0,0,30,44
2026-05-21T16:39:51,SYSTEM,SYS,0,0,7,102
2026-05-21T16:39:51,SYSTEM,SYS,0,0,8,8153
2026-05-21T16:39:51,SYSTEM,SYS,0,0,12,31
2026-05-21T16:39:52,SENSOR,SYS,0,0,30,44
2026-05-21T16:40:22,SENSOR,SYS,0,0,29,44
2026-05-21T16:39:31,MODE,SYS,0,0,1,256
2026-05-21T16:40:22,RELAY,SYS,2,0,4,0
2026-05-21T16:40:36,SYSTEM,WEB,0,0,1,0
2026-05-21T16:40:49,RELAY,SYS,2,0,1,0
2026-05-21T16:40:51,SYSTEM,SYS,0,0,7,102
2026-05-21T16:40:51,SYSTEM,SYS,0,0,8,8153
2026-05-21T16:40:51,SYSTEM,SYS,0,0,12,31
2026-05-21T16:40:53,SENSOR,SYS,0,0,29,44
2026-05-21T16:41:23,SENSOR,SYS,0,0,29,44
2026-05-21T16:41:50,SYSTEM,SYS,0,0,7,102
2026-05-21T16:41:50,SYSTEM,SYS,0,0,8,8153
2026-05-21T16:41:50,SYSTEM,SYS,0,0,12,31
2026-05-21T16:41:53,SENSOR,SYS,0,0,29,44
2026-05-21T16:42:23,SENSOR,SYS,0,0,29,45
2026-05-21T16:42:36,SYSTEM,WEB,0,0,1,0
2026-05-21T16:42:51,SYSTEM,SYS,0,0,7,102
2026-05-21T16:42:51,SYSTEM,SYS,0,0,8,8153
2026-05-21T16:42:51,SYSTEM,SYS,0,0,12,31
2026-05-21T16:42:54,SENSOR,SYS,0,0,28,45
2026-05-21T16:43:24,SENSOR,SYS,0,0,28,45
2026-05-21T16:43:51,SYSTEM,SYS,0,0,7,102
2026-05-21T16:43:51,SYSTEM,SYS,0,0,8,8153
2026-05-21T16:43:51,SYSTEM,SYS,0,0,12,31
2026-05-21T16:43:55,SENSOR,SYS,0,0,28,45
2026-05-21T16:44:25,SENSOR,SYS,0,0,28,45
2026-05-21T16:44:37,SYSTEM,WEB,0,0,1,0
2026-05-21T16:44:51,SYSTEM,SYS,0,0,7,102
2026-05-21T16:44:51,SYSTEM,SYS,0,0,8,8153
2026-05-21T16:44:51,SYSTEM,SYS,0,0,12,31
2026-05-21T16:44:55,SENSOR,SYS,0,0,28,45
2026-05-21T16:45:26,SENSOR,SYS,0,0,27,46
2026-05-21T16:45:51,SYSTEM,SYS,0,0,7,102
2026-05-21T16:45:51,SYSTEM,SYS,0,0,8,8153
2026-05-21T16:45:51,SYSTEM,SYS,0,0,12,31
2026-05-21T16:45:56,SENSOR,SYS,0,0,27,46
2026-05-21T16:46:26,SENSOR,SYS,0,0,27,46
2026-05-21T16:46:38,SYSTEM,WEB,0,0,1,0
2026-05-21T16:46:51,SYSTEM,SYS,0,0,7,102
2026-05-21T16:46:51,SYSTEM,SYS,0,0,8,8153
2026-05-21T16:46:51,SYSTEM,SYS,0,0,12,31
2026-05-21T16:46:56,SENSOR,SYS,0,0,27,46
2026-05-21T16:47:27,SENSOR,SYS,0,0,27,46
2026-05-21T16:47:51,SYSTEM,SYS,0,0,7,102
2026-05-21T16:47:51,SYSTEM,SYS,0,0,8,8153
2026-05-21T16:47:51,SYSTEM,SYS,0,0,12,31
2026-05-21T16:47:57,SENSOR,SYS,0,0,27,46
2026-05-21T16:48:28,SENSOR,SYS,0,0,27,47
2026-05-21T16:48:39,SYSTEM,WEB,0,0,1,0
2026-05-21T16:48:51,SYSTEM,SYS,0,0,7,102
2026-05-21T16:48:51,SYSTEM,SYS,0,0,8,8153
2026-05-21T16:48:51,SYSTEM,SYS,0,0,12,31
2026-05-21T16:48:58,SENSOR,SYS,0,0,27,47
2026-05-21T16:49:28,SENSOR,SYS,0,0,27,47
2026-05-21T16:49:51,SYSTEM,SYS,0,0,7,102
2026-05-21T16:49:51,SYSTEM,SYS,0,0,8,8153
2026-05-21T16:49:51,SYSTEM,SYS,0,0,12,31
2026-05-21T16:49:58,SENSOR,SYS,0,0,27,47
2026-05-21T16:50:29,SENSOR,SYS,0,0,27,47
2026-05-21T16:50:40,SYSTEM,WEB,0,0,1,0
2026-05-21T16:50:51,SYSTEM,SYS,0,0,7,102
2026-05-21T16:50:51,SYSTEM,SYS,0,0,8,8153
2026-05-21T16:50:51,SYSTEM,SYS,0,0,12,31
2026-05-21T16:50:59,SENSOR,SYS,0,0,27,47
2026-05-21T16:51:29,SENSOR,SYS,0,0,27,47
2026-05-21T16:51:51,SYSTEM,SYS,0,0,7,102
2026-05-21T16:51:51,SYSTEM,SYS,0,0,8,8153
2026-05-21T16:51:51,SYSTEM,SYS,0,0,12,31
2026-05-21T16:51:59,SENSOR,SYS,0,0,27,47
2026-05-21T16:52:30,SENSOR,SYS,0,0,27,47
2026-05-21T16:52:41,SYSTEM,WEB,0,0,1,0
2026-05-21T16:52:51,SYSTEM,SYS,0,0,7,102
2026-05-21T16:52:51,SYSTEM,SYS,0,0,8,8153
2026-05-21T16:52:51,SYSTEM,SYS,0,0,12,31
2026-05-21T16:53:00,SENSOR,SYS,0,0,27,47
2026-05-21T16:53:31,SENSOR,SYS,0,0,27,47
2026-05-21T16:53:51,SYSTEM,SYS,0,0,7,102
2026-05-21T16:53:51,SYSTEM,SYS,0,0,8,8153
2026-05-21T16:53:51,SYSTEM,SYS,0,0,12,31
2026-05-21T16:54:01,SENSOR,SYS,0,0,27,47
2026-05-21T16:54:31,SENSOR,SYS,0,0,27,47
2026-05-21T16:54:41,SYSTEM,WEB,0,0,1,0
2026-05-21T16:54:51,SYSTEM,SYS,0,0,7,102
2026-05-21T16:54:51,SYSTEM,SYS,0,0,8,8153
2026-05-21T16:54:51,SYSTEM,SYS,0,0,12,31
2026-05-21T16:55:01,SENSOR,SYS,0,0,27,47
2026-05-21T16:55:32,SENSOR,SYS,0,0,27,47
2026-05-21T16:55:51,SYSTEM,SYS,0,0,7,102
2026-05-21T16:55:51,SYSTEM,SYS,0,0,8,8153
2026-05-21T16:55:51,SYSTEM,SYS,0,0,12,31
2026-05-21T16:56:02,SENSOR,SYS,0,0,27,47
2026-05-21T16:56:33,SENSOR,SYS,0,0,27,47
2026-05-21T16:56:43,SYSTEM,WEB,0,0,1,0
2026-05-21T16:56:51,SYSTEM,SYS,0,0,7,102
2026-05-21T16:56:51,SYSTEM,SYS,0,0,8,8153
2026-05-21T16:56:51,SYSTEM,SYS,0,0,12,31
2026-05-21T16:57:03,SENSOR,SYS,0,0,27,47
2026-05-21T16:57:33,SENSOR,SYS,0,0,27,47
2026-05-21T16:57:51,SYSTEM,SYS,0,0,7,102
2026-05-21T16:57:51,SYSTEM,SYS,0,0,8,8153
2026-05-21T16:57:51,SYSTEM,SYS,0,0,12,31
2026-05-21T16:58:03,SENSOR,SYS,0,0,27,47
2026-05-21T16:58:34,SENSOR,SYS,0,0,27,47
2026-05-21T16:58:43,SYSTEM,WEB,0,0,1,0
2026-05-21T16:58:51,SYSTEM,SYS,0,0,7,102
2026-05-21T16:58:51,SYSTEM,SYS,0,0,8,8153
2026-05-21T16:58:51,SYSTEM,SYS,0,0,12,31
2026-05-21T16:59:04,SENSOR,SYS,0,0,27,47
2026-05-21T16:59:34,SENSOR,SYS,0,0,27,47
2026-05-21T16:59:51,SYSTEM,SYS,0,0,7,102
2026-05-21T16:59:51,SYSTEM,SYS,0,0,8,8153
2026-05-21T16:59:51,SYSTEM,SYS,0,0,12,31
2026-05-21T17:00:05,SENSOR,SYS,0,0,27,47
2026-05-21T17:00:35,SENSOR,SYS,0,0,27,47
2026-05-21T17:00:44,SYSTEM,WEB,0,0,1,0
2026-05-21T17:00:51,SYSTEM,SYS,0,0,7,102
2026-05-21T17:00:51,SYSTEM,SYS,0,0,8,8153
2026-05-21T17:00:51,SYSTEM,SYS,0,0,12,31
2026-05-21T17:01:05,SENSOR,SYS,0,0,27,48
2026-05-21T17:01:35,SENSOR,SYS,0,0,27,48
2026-05-21T17:01:51,SYSTEM,SYS,0,0,7,102
2026-05-21T17:01:51,SYSTEM,SYS,0,0,8,8153
2026-05-21T17:01:51,SYSTEM,SYS,0,0,12,31
2026-05-21T17:02:06,SENSOR,SYS,0,0,27,48
2026-05-21T17:02:36,SENSOR,SYS,0,0,26,49
2026-05-21T17:02:45,SYSTEM,WEB,0,0,1,0
2026-05-21T17:02:51,SYSTEM,SYS,0,0,7,102
2026-05-21T17:02:51,SYSTEM,SYS,0,0,8,8153
2026-05-21T17:02:51,SYSTEM,SYS,0,0,12,31
2026-05-21T17:03:07,SENSOR,SYS,0,0,26,49
2026-05-21T17:03:37,SENSOR,SYS,0,0,26,49
2026-05-21T17:03:51,SYSTEM,SYS,0,0,7,102
2026-05-21T17:03:51,SYSTEM,SYS,0,0,8,8153
2026-05-21T17:03:51,SYSTEM,SYS,0,0,12,31
2026-05-21T17:04:07,SENSOR,SYS,0,0,26,49
2026-05-21T17:04:37,SENSOR,SYS,0,0,26,50
2026-05-21T17:04:45,SYSTEM,WEB,0,0,1,0
2026-05-21T17:04:51,SYSTEM,SYS,0,0,7,102
2026-05-21T17:04:51,SYSTEM,SYS,0,0,8,8153
2026-05-21T17:04:51,SYSTEM,SYS,0,0,12,31
2026-05-21T17:05:08,SENSOR,SYS,0,0,26,50
2026-05-21T17:05:38,SENSOR,SYS,0,0,26,50
2026-05-21T17:05:51,SYSTEM,SYS,0,0,7,102
2026-05-21T17:05:51,SYSTEM,SYS,0,0,8,8153
2026-05-21T17:05:51,SYSTEM,SYS,0,0,12,31
2026-05-21T17:06:08,SENSOR,SYS,0,0,25,50
2026-05-21T17:06:38,SENSOR,SYS,0,0,25,51
2026-05-21T17:06:46,SYSTEM,WEB,0,0,1,0
2026-05-21T17:06:50,SYSTEM,SYS,0,0,7,102
2026-05-21T17:06:50,SYSTEM,SYS,0,0,8,8153
2026-05-21T17:06:50,SYSTEM,SYS,0,0,12,31
2026-05-21T17:07:09,SENSOR,SYS,0,0,25,51
2026-05-21T17:07:39,SENSOR,SYS,0,0,25,51
2026-05-21T17:07:51,SYSTEM,SYS,0,0,7,102
2026-05-21T17:07:51,SYSTEM,SYS,0,0,8,8153
2026-05-21T17:07:51,SYSTEM,SYS,0,0,12,31
2026-05-21T17:08:10,SENSOR,SYS,0,0,25,52
2026-05-21T17:08:40,SENSOR,SYS,0,0,25,52
2026-05-21T17:08:47,SYSTEM,WEB,0,0,1,0
2026-05-21T17:08:51,SYSTEM,SYS,0,0,7,102
2026-05-21T17:08:51,SYSTEM,SYS,0,0,8,8153
2026-05-21T17:08:51,SYSTEM,SYS,0,0,12,31
2026-05-21T17:09:10,SENSOR,SYS,0,0,26,52
2026-05-21T17:09:40,SENSOR,SYS,0,0,26,52
2026-05-21T17:09:51,SYSTEM,SYS,0,0,7,102
2026-05-21T17:09:51,SYSTEM,SYS,0,0,8,8153
2026-05-21T17:09:51,SYSTEM,SYS,0,0,12,31
2026-05-21T17:10:11,SENSOR,SYS,0,0,26,52
2026-05-21T17:10:41,SENSOR,SYS,0,0,26,52
2026-05-21T17:10:48,SYSTEM,WEB,0,0,1,0
2026-05-21T17:10:51,SYSTEM,SYS,0,0,7,102
2026-05-21T17:10:51,SYSTEM,SYS,0,0,8,8153
2026-05-21T17:10:51,SYSTEM,SYS,0,0,12,31
2026-05-21T17:11:12,SENSOR,SYS,0,0,26,51
2026-05-21T17:11:42,SENSOR,SYS,0,0,26,51
2026-05-21T17:11:51,SYSTEM,SYS,0,0,7,102
2026-05-21T17:11:51,SYSTEM,SYS,0,0,8,8153
2026-05-21T17:11:51,SYSTEM,SYS,0,0,12,31
2026-05-21T17:12:12,SENSOR,SYS,0,0,26,51
2026-05-21T17:12:42,SENSOR,SYS,0,0,26,51
2026-05-21T17:12:49,SYSTEM,WEB,0,0,1,0
2026-05-21T17:12:51,SYSTEM,SYS,0,0,7,102
2026-05-21T17:12:51,SYSTEM,SYS,0,0,8,8153
2026-05-21T17:12:51,SYSTEM,SYS,0,0,12,31
2026-05-21T17:13:13,SENSOR,SYS,0,0,27,51
2026-05-21T17:13:43,SENSOR,SYS,0,0,27,50
2026-05-21T17:13:50,SYSTEM,SYS,0,0,7,102
2026-05-21T17:13:50,SYSTEM,SYS,0,0,8,8153
2026-05-21T17:13:50,SYSTEM,SYS,0,0,12,31
2026-05-21T17:14:13,SENSOR,SYS,0,0,27,50
2026-05-21T17:14:44,SENSOR,SYS,0,0,27,50
2026-05-21T17:14:50,SYSTEM,WEB,0,0,1,0
2026-05-21T17:14:51,SYSTEM,SYS,0,0,7,102
2026-05-21T17:14:51,SYSTEM,SYS,0,0,8,8153
2026-05-21T17:14:51,SYSTEM,SYS,0,0,12,31
2026-05-21T17:15:14,SENSOR,SYS,0,0,27,50
2026-05-21T17:15:44,SENSOR,SYS,0,0,27,50
2026-05-21T17:15:50,SYSTEM,SYS,0,0,7,102
2026-05-21T17:15:50,SYSTEM,SYS,0,0,8,8153
2026-05-21T17:15:50,SYSTEM,SYS,0,0,12,31
2026-05-21T17:16:14,SENSOR,SYS,0,0,27,49
2026-05-21T17:16:45,SENSOR,SYS,0,0,27,49
2026-05-21T17:16:50,SYSTEM,WEB,0,0,1,0
2026-05-21T17:16:51,SYSTEM,SYS,0,0,7,102
2026-05-21T17:16:51,SYSTEM,SYS,0,0,8,8153
2026-05-21T17:16:51,SYSTEM,SYS,0,0,12,31
2026-05-21T17:17:15,SENSOR,SYS,0,0,27,49
2026-05-21T17:17:46,SENSOR,SYS,0,0,27,49
2026-05-21T17:17:51,SYSTEM,SYS,0,0,7,102
2026-05-21T17:17:51,SYSTEM,SYS,0,0,8,8153
2026-05-21T17:17:51,SYSTEM,SYS,0,0,12,31
2026-05-21T17:18:16,SENSOR,SYS,0,0,27,48
2026-05-21T17:18:46,SENSOR,SYS,0,0,27,48
2026-05-21T17:18:51,SYSTEM,SYS,0,0,7,64
2026-05-21T17:18:51,SYSTEM,SYS,0,0,8,8153
2026-05-21T17:18:51,SYSTEM,SYS,0,0,12,28
2026-05-21T17:18:51,SYSTEM,WEB,0,0,1,0
2026-05-21T17:19:16,SENSOR,SYS,0,0,27,48
2026-05-21T17:19:47,SENSOR,SYS,0,0,27,48
2026-05-21T17:19:51,SYSTEM,SYS,0,0,7,102
2026-05-21T17:19:51,SYSTEM,SYS,0,0,8,8153
2026-05-21T17:19:51,SYSTEM,SYS,0,0,12,31
2026-05-21T17:20:17,SENSOR,SYS,0,0,27,48
2026-05-21T17:20:48,SENSOR,SYS,0,0,27,48
2026-05-21T17:20:51,SYSTEM,SYS,0,0,7,102
2026-05-21T17:20:51,SYSTEM,SYS,0,0,8,8153
2026-05-21T17:20:51,SYSTEM,SYS,0,0,12,31
2026-05-21T17:20:52,SYSTEM,WEB,0,0,1,0
2026-05-21T17:21:18,SENSOR,SYS,0,0,27,49
2026-05-21T17:21:48,SENSOR,SYS,0,0,27,49
2026-05-21T17:21:51,SYSTEM,SYS,0,0,7,102
2026-05-21T17:21:51,SYSTEM,SYS,0,0,8,8153
2026-05-21T17:21:51,SYSTEM,SYS,0,0,12,31
2026-05-21T17:22:18,SENSOR,SYS,0,0,27,49
2026-05-21T17:22:49,SENSOR,SYS,0,0,27,49
2026-05-21T17:22:51,SYSTEM,SYS,0,0,7,102
2026-05-21T17:22:51,SYSTEM,SYS,0,0,8,8153
2026-05-21T17:22:51,SYSTEM,SYS,0,0,12,31
2026-05-21T17:22:53,SYSTEM,WEB,0,0,1,0
2026-05-21T17:23:19,SENSOR,SYS,0,0,26,49
2026-05-21T17:23:49,SENSOR,SYS,0,0,26,49
2026-05-21T17:23:51,SYSTEM,SYS,0,0,7,102
2026-05-21T17:23:51,SYSTEM,SYS,0,0,8,8153
2026-05-21T17:23:51,SYSTEM,SYS,0,0,12,31
2026-05-21T17:24:19,SENSOR,SYS,0,0,26,49
2026-05-21T17:24:50,SENSOR,SYS,0,0,26,49
2026-05-21T17:24:51,SYSTEM,SYS,0,0,7,102
2026-05-21T17:24:51,SYSTEM,SYS,0,0,8,8153
2026-05-21T17:24:51,SYSTEM,SYS,0,0,12,31
2026-05-21T17:24:53,SYSTEM,WEB,0,0,1,0
2026-05-21T17:25:20,SENSOR,SYS,0,0,26,50
2026-05-21T17:25:51,SENSOR,SYS,0,0,26,50
2026-05-21T17:25:51,SYSTEM,SYS,0,0,7,102
2026-05-21T17:25:51,SYSTEM,SYS,0,0,8,8153
2026-05-21T17:25:51,SYSTEM,SYS,0,0,12,31
2026-05-21T17:26:21,SENSOR,SYS,0,0,26,50
2026-05-21T17:26:51,SYSTEM,SYS,0,0,7,102
2026-05-21T17:26:51,SYSTEM,SYS,0,0,8,8153
2026-05-21T17:26:51,SYSTEM,SYS,0,0,12,31
2026-05-21T17:26:51,SENSOR,SYS,0,0,26,50
2026-05-21T17:26:54,SYSTEM,WEB,0,0,1,0
2026-05-21T17:27:21,SENSOR,SYS,0,0,26,50
2026-05-21T17:27:51,SYSTEM,SYS,0,0,7,102
2026-05-21T17:27:51,SYSTEM,SYS,0,0,8,8153
2026-05-21T17:27:51,SYSTEM,SYS,0,0,12,31
2026-05-21T17:27:52,SENSOR,SYS,0,0,26,50
2026-05-21T17:28:22,SENSOR,SYS,0,0,26,50
2026-05-21T17:28:51,SYSTEM,SYS,0,0,7,102
2026-05-21T17:28:51,SYSTEM,SYS,0,0,8,8153
2026-05-21T17:28:51,SYSTEM,SYS,0,0,12,31
2026-05-21T17:28:53,SENSOR,SYS,0,0,26,50
2026-05-21T17:28:55,SYSTEM,WEB,0,0,1,0
2026-05-21T17:29:23,SENSOR,SYS,0,0,26,50
2026-05-21T17:29:51,SYSTEM,SYS,0,0,7,102
2026-05-21T17:29:51,SYSTEM,SYS,0,0,8,8153
2026-05-21T17:29:51,SYSTEM,SYS,0,0,12,31
2026-05-21T17:29:53,SENSOR,SYS,0,0,26,50
2026-05-21T17:30:23,SENSOR,SYS,0,0,27,50
2026-05-21T17:30:50,SYSTEM,SYS,0,0,7,102
2026-05-21T17:30:50,SYSTEM,SYS,0,0,8,8153
2026-05-21T17:30:50,SYSTEM,SYS,0,0,12,31
2026-05-21T17:30:53,SENSOR,SYS,0,0,27,49
2026-05-21T17:30:55,SYSTEM,WEB,0,0,1,0
2026-05-21T17:31:24,SENSOR,SYS,0,0,27,49
2026-05-21T17:31:51,SYSTEM,SYS,0,0,7,102
2026-05-21T17:31:51,SYSTEM,SYS,0,0,8,8153
2026-05-21T17:31:51,SYSTEM,SYS,0,0,12,31
2026-05-21T17:31:54,SENSOR,SYS,0,0,27,49
2026-05-21T17:32:25,SENSOR,SYS,0,0,27,49
2026-05-21T17:32:51,SYSTEM,SYS,0,0,7,102
2026-05-21T17:32:51,SYSTEM,SYS,0,0,8,8153
2026-05-21T17:32:51,SYSTEM,SYS,0,0,12,31
2026-05-21T17:32:55,SENSOR,SYS,0,0,27,48
2026-05-21T17:32:57,SYSTEM,WEB,0,0,1,0
2026-05-21T17:33:25,SENSOR,SYS,0,0,27,48
2026-05-21T17:33:51,SYSTEM,SYS,0,0,7,102
2026-05-21T17:33:51,SYSTEM,SYS,0,0,8,8153
2026-05-21T17:33:51,SYSTEM,SYS,0,0,12,31
2026-05-21T17:33:55,SENSOR,SYS,0,0,27,48
2026-05-21T17:34:26,SENSOR,SYS,0,0,28,48
2026-05-21T17:34:51,SYSTEM,SYS,0,0,7,102
2026-05-21T17:34:51,SYSTEM,SYS,0,0,8,8153
2026-05-21T17:34:51,SYSTEM,SYS,0,0,12,31
2026-05-21T17:34:56,SENSOR,SYS,0,0,28,48
2026-05-21T17:34:58,SYSTEM,WEB,0,0,1,0
2026-05-21T17:35:27,SENSOR,SYS,0,0,28,47
2026-05-21T17:35:51,SYSTEM,SYS,0,0,7,102
2026-05-21T17:35:51,SYSTEM,SYS,0,0,8,8153
2026-05-21T17:35:51,SYSTEM,SYS,0,0,12,31
2026-05-21T17:35:57,SENSOR,SYS,0,0,28,47
2026-05-21T17:36:27,SENSOR,SYS,0,0,28,47
2026-05-21T17:36:51,SYSTEM,SYS,0,0,7,102
2026-05-21T17:36:51,SYSTEM,SYS,0,0,8,8153
2026-05-21T17:36:51,SYSTEM,SYS,0,0,12,31
2026-05-21T17:36:57,SENSOR,SYS,0,0,28,47
2026-05-21T17:36:58,SYSTEM,WEB,0,0,1,0
2026-05-21T17:37:28,SENSOR,SYS,0,0,28,46
2026-05-21T17:37:51,SYSTEM,SYS,0,0,7,102
2026-05-21T17:37:51,SYSTEM,SYS,0,0,8,8153
2026-05-21T17:37:51,SYSTEM,SYS,0,0,12,31
2026-05-21T17:37:58,SENSOR,SYS,0,0,28,46
2026-05-21T17:38:29,SENSOR,SYS,0,0,28,46
2026-05-21T17:38:51,SYSTEM,SYS,0,0,7,102
2026-05-21T17:38:51,SYSTEM,SYS,0,0,8,8153
2026-05-21T17:38:51,SYSTEM,SYS,0,0,12,31
2026-05-21T17:38:59,SENSOR,SYS,0,0,28,46
2026-05-21T17:39:00,SYSTEM,WEB,0,0,1,0
2026-05-21T17:39:29,SENSOR,SYS,0,0,28,46
2026-05-21T17:39:51,SYSTEM,SYS,0,0,7,102
2026-05-21T17:39:51,SYSTEM,SYS,0,0,8,8153
2026-05-21T17:39:51,SYSTEM,SYS,0,0,12,31
2026-05-21T17:39:59,SENSOR,SYS,0,0,28,46
2026-05-21T17:40:30,SENSOR,SYS,0,0,27,46
2026-05-21T17:40:51,SYSTEM,SYS,0,0,7,102
2026-05-21T17:40:51,SYSTEM,SYS,0,0,8,8153
2026-05-21T17:40:51,SYSTEM,SYS,0,0,12,31
2026-05-21T17:41:00,SENSOR,SYS,0,0,27,46
2026-05-21T17:41:00,SYSTEM,WEB,0,0,1,0
2026-05-21T17:41:30,SENSOR,SYS,0,0,27,47
2026-05-21T17:41:51,SYSTEM,SYS,0,0,7,102
2026-05-21T17:41:51,SYSTEM,SYS,0,0,8,8153
2026-05-21T17:41:51,SYSTEM,SYS,0,0,12,31
2026-05-21T17:42:00,SENSOR,SYS,0,0,27,47
2026-05-21T17:42:31,SENSOR,SYS,0,0,27,47
2026-05-21T17:42:51,SYSTEM,SYS,0,0,7,102
2026-05-21T17:42:51,SYSTEM,SYS,0,0,8,8153
2026-05-21T17:42:51,SYSTEM,SYS,0,0,12,31
2026-05-21T17:43:00,SYSTEM,WEB,0,0,1,0
2026-05-21T17:43:01,SENSOR,SYS,0,0,26,48
2026-05-21T17:43:32,SENSOR,SYS,0,0,26,48
2026-05-21T17:43:51,SYSTEM,SYS,0,0,7,102
2026-05-21T17:43:51,SYSTEM,SYS,0,0,8,8153
2026-05-21T17:43:51,SYSTEM,SYS,0,0,12,31
2026-05-21T17:44:02,SENSOR,SYS,0,0,26,48
2026-05-21T17:44:32,SENSOR,SYS,0,0,26,49
2026-05-21T17:44:51,SYSTEM,SYS,0,0,7,102
2026-05-21T17:44:51,SYSTEM,SYS,0,0,8,8153
2026-05-21T17:44:51,SYSTEM,SYS,0,0,12,31
2026-05-21T17:45:01,SYSTEM,WEB,0,0,1,0
2026-05-21T17:45:03,SENSOR,SYS,0,0,26,49
2026-05-21T17:45:33,SENSOR,SYS,0,0,26,49
2026-05-21T17:45:51,SYSTEM,SYS,0,0,7,94
2026-05-21T17:45:51,SYSTEM,SYS,0,0,8,8153
2026-05-21T17:45:51,SYSTEM,SYS,0,0,12,31
2026-05-21T17:46:03,SENSOR,SYS,0,0,25,49
2026-05-21T17:46:33,SENSOR,SYS,0,0,25,50
2026-05-21T17:46:51,SYSTEM,SYS,0,0,7,94
2026-05-21T17:46:51,SYSTEM,SYS,0,0,8,8153
2026-05-21T17:46:51,SYSTEM,SYS,0,0,12,31
2026-05-21T17:47:02,SYSTEM,WEB,0,0,1,0
2026-05-21T17:47:04,SENSOR,SYS,0,0,25,50
2026-05-21T17:47:34,SENSOR,SYS,0,0,25,50
2026-05-21T17:47:51,SYSTEM,SYS,0,0,7,94
2026-05-21T17:47:51,SYSTEM,SYS,0,0,8,8153
2026-05-21T17:47:51,SYSTEM,SYS,0,0,12,31
2026-05-21T17:48:04,SENSOR,SYS,0,0,25,51
2026-05-21T17:48:34,SENSOR,SYS,0,0,25,51
2026-05-21T17:48:50,SYSTEM,SYS,0,0,7,94
2026-05-21T17:48:50,SYSTEM,SYS,0,0,8,8153
2026-05-21T17:48:50,SYSTEM,SYS,0,0,12,31
2026-05-21T17:49:03,SYSTEM,WEB,0,0,1,0
2026-05-21T17:49:05,SENSOR,SYS,0,0,26,51
2026-05-21T17:49:35,SENSOR,SYS,0,0,26,51
2026-05-21T17:49:51,SYSTEM,SYS,0,0,7,94
2026-05-21T17:49:51,SYSTEM,SYS,0,0,8,8153
2026-05-21T17:49:51,SYSTEM,SYS,0,0,12,31
2026-05-21T17:50:06,SENSOR,SYS,0,0,26,51
2026-05-21T17:50:36,SENSOR,SYS,0,0,26,51
2026-05-21T17:50:51,SYSTEM,SYS,0,0,7,94
2026-05-21T17:50:51,SYSTEM,SYS,0,0,8,8153
2026-05-21T17:50:51,SYSTEM,SYS,0,0,12,31
2026-05-21T17:51:02,SYSTEM,WEB,0,0,1,0
2026-05-21T17:51:06,SENSOR,SYS,0,0,26,50
2026-05-21T17:51:36,SENSOR,SYS,0,0,26,50
2026-05-21T17:51:51,SYSTEM,SYS,0,0,7,94
2026-05-21T17:51:51,SYSTEM,SYS,0,0,8,8153
2026-05-21T17:51:51,SYSTEM,SYS,0,0,12,31
2026-05-21T17:52:07,SENSOR,SYS,0,0,27,50
2026-05-21T17:52:37,SENSOR,SYS,0,0,27,49
2026-05-21T17:52:51,SYSTEM,SYS,0,0,7,94
2026-05-21T17:52:51,SYSTEM,SYS,0,0,8,8153
2026-05-21T17:52:51,SYSTEM,SYS,0,0,12,31
2026-05-21T17:53:04,SYSTEM,WEB,0,0,1,0
2026-05-21T17:53:08,SENSOR,SYS,0,0,27,49
2026-05-21T17:53:38,SENSOR,SYS,0,0,27,49
2026-05-21T17:53:51,SYSTEM,SYS,0,0,7,94
2026-05-21T17:53:51,SYSTEM,SYS,0,0,8,8153
2026-05-21T17:53:51,SYSTEM,SYS,0,0,12,31
2026-05-21T17:54:08,SENSOR,SYS,0,0,27,48
2026-05-21T17:54:38,SENSOR,SYS,0,0,28,48
2026-05-21T17:54:51,SYSTEM,SYS,0,0,7,94
2026-05-21T17:54:51,SYSTEM,SYS,0,0,8,8153
2026-05-21T17:54:51,SYSTEM,SYS,0,0,12,31
2026-05-21T17:55:04,SYSTEM,WEB,0,0,1,0
2026-05-21T17:55:09,SENSOR,SYS,0,0,28,48
2026-05-21T17:55:39,SENSOR,SYS,0,0,28,47
2026-05-21T17:55:51,SYSTEM,SYS,0,0,7,94
2026-05-21T17:55:51,SYSTEM,SYS,0,0,8,8153
2026-05-21T17:55:51,SYSTEM,SYS,0,0,12,31
2026-05-21T17:56:09,SENSOR,SYS,0,0,28,47
2026-05-21T17:56:39,SENSOR,SYS,0,0,28,47
2026-05-21T17:56:51,SYSTEM,SYS,0,0,7,94
2026-05-21T17:56:51,SYSTEM,SYS,0,0,8,8153
2026-05-21T17:56:51,SYSTEM,SYS,0,0,12,31
2026-05-21T17:57:05,SYSTEM,WEB,0,0,1,0
2026-05-21T17:57:10,SENSOR,SYS,0,0,28,46
2026-05-21T17:57:40,SENSOR,SYS,0,0,28,46
2026-05-21T17:57:51,SYSTEM,SYS,0,0,7,93
2026-05-21T17:57:51,SYSTEM,SYS,0,0,8,8153
2026-05-21T17:57:51,SYSTEM,SYS,0,0,12,31
2026-05-21T17:58:11,SENSOR,SYS,0,0,28,46
2026-05-21T17:58:41,SENSOR,SYS,0,0,28,45
2026-05-21T17:58:51,SYSTEM,SYS,0,0,7,93
2026-05-21T17:58:51,SYSTEM,SYS,0,0,8,8153
2026-05-21T17:58:51,SYSTEM,SYS,0,0,12,31
2026-05-21T17:59:05,SYSTEM,WEB,0,0,1,0
2026-05-21T17:59:11,SENSOR,SYS,0,0,28,45
2026-05-21T17:59:41,SENSOR,SYS,0,0,28,45
2026-05-21T17:59:51,SYSTEM,SYS,0,0,7,93
2026-05-21T17:59:51,SYSTEM,SYS,0,0,8,8153
2026-05-21T17:59:51,SYSTEM,SYS,0,0,12,31
2026-05-21T18:00:12,SENSOR,SYS,0,0,28,45
2026-05-21T18:00:42,SENSOR,SYS,0,0,27,46
2026-05-21T18:00:51,SYSTEM,SYS,0,0,7,93
2026-05-21T18:00:51,SYSTEM,SYS,0,0,8,8153
2026-05-21T18:00:51,SYSTEM,SYS,0,0,12,31
2026-05-21T18:01:06,SYSTEM,WEB,0,0,1,0
2026-05-21T18:01:12,SENSOR,SYS,0,0,27,46
2026-05-21T18:01:43,SENSOR,SYS,0,0,27,46
2026-05-21T18:01:51,SYSTEM,SYS,0,0,7,93
2026-05-21T18:01:51,SYSTEM,SYS,0,0,8,8153
2026-05-21T18:01:51,SYSTEM,SYS,0,0,12,31
2026-05-21T18:02:13,SENSOR,SYS,0,0,27,46
2026-05-21T18:02:44,SENSOR,SYS,0,0,27,47
2026-05-21T18:02:51,SYSTEM,SYS,0,0,7,93
2026-05-21T18:02:51,SYSTEM,SYS,0,0,8,8153
2026-05-21T18:02:51,SYSTEM,SYS,0,0,12,31
2026-05-21T18:03:08,SYSTEM,WEB,0,0,1,0
2026-05-21T18:03:14,SENSOR,SYS,0,0,26,47
2026-05-21T18:03:44,SENSOR,SYS,0,0,26,47
2026-05-21T18:03:51,SYSTEM,SYS,0,0,7,93
2026-05-21T18:03:51,SYSTEM,SYS,0,0,8,8153
2026-05-21T18:03:51,SYSTEM,SYS,0,0,12,31
2026-05-21T18:04:14,SENSOR,SYS,0,0,26,48
2026-05-21T18:04:45,SENSOR,SYS,0,0,26,48
2026-05-21T18:04:51,SYSTEM,SYS,0,0,7,101
2026-05-21T18:04:51,SYSTEM,SYS,0,0,8,8153
2026-05-21T18:04:51,SYSTEM,SYS,0,0,12,31
2026-05-21T18:05:08,SYSTEM,WEB,0,0,1,0
2026-05-21T18:05:15,SENSOR,SYS,0,0,26,48
2026-05-21T18:05:45,SENSOR,SYS,0,0,25,49
2026-05-21T18:05:51,SYSTEM,SYS,0,0,7,101
2026-05-21T18:05:51,SYSTEM,SYS,0,0,8,8153
2026-05-21T18:05:51,SYSTEM,SYS,0,0,12,31
2026-05-21T18:06:15,SENSOR,SYS,0,0,25,49
2026-05-21T18:06:46,SENSOR,SYS,0,0,25,49
2026-05-21T18:06:51,SYSTEM,SYS,0,0,7,101
2026-05-21T18:06:51,SYSTEM,SYS,0,0,8,8153
2026-05-21T18:06:51,SYSTEM,SYS,0,0,12,31
2026-05-21T18:07:09,SYSTEM,WEB,0,0,1,0
2026-05-21T18:07:16,SENSOR,SYS,0,0,25,49
2026-05-21T18:07:47,SENSOR,SYS,0,0,25,50
2026-05-21T18:07:51,SYSTEM,SYS,0,0,7,101
2026-05-21T18:07:51,SYSTEM,SYS,0,0,8,8153
2026-05-21T18:07:51,SYSTEM,SYS,0,0,12,31
2026-05-21T18:08:17,SENSOR,SYS,0,0,25,50
2026-05-21T18:08:47,SENSOR,SYS,0,0,25,50
2026-05-21T18:08:51,SYSTEM,SYS,0,0,7,100
2026-05-21T18:08:51,SYSTEM,SYS,0,0,8,8153
2026-05-21T18:08:51,SYSTEM,SYS,0,0,12,31
2026-05-21T18:09:09,SYSTEM,WEB,0,0,1,0
2026-05-21T18:09:17,SENSOR,SYS,0,0,26,50
2026-05-21T18:09:48,SENSOR,SYS,0,0,26,50
2026-05-21T18:09:51,SYSTEM,SYS,0,0,7,101
2026-05-21T18:09:51,SYSTEM,SYS,0,0,8,8153
2026-05-21T18:09:51,SYSTEM,SYS,0,0,12,31
2026-05-21T18:10:18,SENSOR,SYS,0,0,26,50
2026-05-21T18:10:49,SENSOR,SYS,0,0,26,50
2026-05-21T18:10:51,SYSTEM,SYS,0,0,7,98
2026-05-21T18:10:51,SYSTEM,SYS,0,0,8,8153
2026-05-21T18:10:51,SYSTEM,SYS,0,0,12,31
2026-05-21T18:11:11,SYSTEM,WEB,0,0,1,0
2026-05-21T18:11:19,SENSOR,SYS,0,0,26,50
2026-05-21T18:11:49,SENSOR,SYS,0,0,26,50
2026-05-21T18:11:51,SYSTEM,SYS,0,0,7,101
2026-05-21T18:11:51,SYSTEM,SYS,0,0,8,8153
2026-05-21T18:11:51,SYSTEM,SYS,0,0,12,31
2026-05-21T18:12:19,SENSOR,SYS,0,0,26,49
2026-05-21T18:12:50,SENSOR,SYS,0,0,27,49
2026-05-21T18:12:51,SYSTEM,SYS,0,0,7,101
2026-05-21T18:12:51,SYSTEM,SYS,0,0,8,8153
2026-05-21T18:12:51,SYSTEM,SYS,0,0,12,31
2026-05-21T18:13:11,SYSTEM,WEB,0,0,1,0
2026-05-21T18:13:20,SENSOR,SYS,0,0,27,49
2026-05-21T18:13:50,SENSOR,SYS,0,0,27,49
2026-05-21T18:13:51,SYSTEM,SYS,0,0,7,101
2026-05-21T18:13:51,SYSTEM,SYS,0,0,8,8153
2026-05-21T18:13:51,SYSTEM,SYS,0,0,12,31
2026-05-21T18:14:20,SENSOR,SYS,0,0,27,49
2026-05-21T18:14:51,SENSOR,SYS,0,0,27,48
2026-05-21T18:14:51,SYSTEM,SYS,0,0,7,101
2026-05-21T18:14:51,SYSTEM,SYS,0,0,8,8153
2026-05-21T18:14:51,SYSTEM,SYS,0,0,12,31
2026-05-21T18:15:12,SYSTEM,WEB,0,0,1,0
2026-05-21T18:15:21,SENSOR,SYS,0,0,27,48
2026-05-21T18:15:51,SYSTEM,SYS,0,0,7,101
2026-05-21T18:15:51,SYSTEM,SYS,0,0,8,8153
2026-05-21T18:15:51,SYSTEM,SYS,0,0,12,31
2026-05-21T18:15:51,SENSOR,SYS,0,0,27,48
2026-05-21T18:16:22,SENSOR,SYS,0,0,27,48
2026-05-21T18:16:51,SYSTEM,SYS,0,0,7,101
2026-05-21T18:16:51,SYSTEM,SYS,0,0,8,8153
2026-05-21T18:16:51,SYSTEM,SYS,0,0,12,31
2026-05-21T18:16:52,SENSOR,SYS,0,0,27,47
2026-05-21T18:17:13,SYSTEM,WEB,0,0,1,0
2026-05-21T18:17:23,SENSOR,SYS,0,0,27,47
2026-05-21T18:17:51,SYSTEM,SYS,0,0,7,101
2026-05-21T18:17:51,SYSTEM,SYS,0,0,8,8153
2026-05-21T18:17:51,SYSTEM,SYS,0,0,12,31
2026-05-21T18:17:53,SENSOR,SYS,0,0,27,47
2026-05-21T18:18:23,SENSOR,SYS,0,0,27,47
2026-05-21T18:18:51,SYSTEM,SYS,0,0,7,101
2026-05-21T18:18:51,SYSTEM,SYS,0,0,8,8153
2026-05-21T18:18:51,SYSTEM,SYS,0,0,12,31
2026-05-21T18:18:53,SENSOR,SYS,0,0,27,47
2026-05-21T18:19:14,SYSTEM,WEB,0,0,1,0
2026-05-21T18:19:24,SENSOR,SYS,0,0,27,47
2026-05-21T18:19:51,SYSTEM,SYS,0,0,7,101
2026-05-21T18:19:51,SYSTEM,SYS,0,0,8,8153
2026-05-21T18:19:51,SYSTEM,SYS,0,0,12,31
2026-05-21T18:19:54,SENSOR,SYS,0,0,27,47
2026-05-21T18:20:24,SENSOR,SYS,0,0,27,47
2026-05-21T18:20:51,SYSTEM,SYS,0,0,7,101
2026-05-21T18:20:51,SYSTEM,SYS,0,0,8,8153
2026-05-21T18:20:51,SYSTEM,SYS,0,0,12,31
2026-05-21T18:20:54,SENSOR,SYS,0,0,26,47
2026-05-21T18:21:15,SYSTEM,WEB,0,0,1,0
2026-05-21T18:21:25,SENSOR,SYS,0,0,26,48
2026-05-21T18:21:51,SYSTEM,SYS,0,0,7,101
2026-05-21T18:21:51,SYSTEM,SYS,0,0,8,8153
2026-05-21T18:21:51,SYSTEM,SYS,0,0,12,31
2026-05-21T18:21:55,SENSOR,SYS,0,0,26,48
2026-05-21T18:22:26,SENSOR,SYS,0,0,26,48
2026-05-21T18:22:51,SYSTEM,SYS,0,0,7,101
2026-05-21T18:22:51,SYSTEM,SYS,0,0,8,8153
2026-05-21T18:22:51,SYSTEM,SYS,0,0,12,31
2026-05-21T18:22:56,SENSOR,SYS,0,0,25,48
2026-05-21T18:23:15,SYSTEM,WEB,0,0,1,0
2026-05-21T18:23:26,SENSOR,SYS,0,0,25,49
2026-05-21T18:23:51,SYSTEM,SYS,0,0,7,101
2026-05-21T18:23:51,SYSTEM,SYS,0,0,8,8153
2026-05-21T18:23:51,SYSTEM,SYS,0,0,12,31
2026-05-21T18:23:56,SENSOR,SYS,0,0,25,49
2026-05-21T18:24:27,SENSOR,SYS,0,0,25,49
2026-05-21T18:24:51,SYSTEM,SYS,0,0,7,101
2026-05-21T18:24:51,SYSTEM,SYS,0,0,8,8153
2026-05-21T18:24:51,SYSTEM,SYS,0,0,12,31
2026-05-21T18:24:57,SENSOR,SYS,0,0,24,49
2026-05-21T18:25:17,SYSTEM,WEB,0,0,1,0
2026-05-21T18:25:28,SENSOR,SYS,0,0,24,50
2026-05-21T18:25:52,SYSTEM,SYS,0,0,7,101
2026-05-21T18:25:52,SYSTEM,SYS,0,0,8,8153
2026-05-21T18:25:52,SYSTEM,SYS,0,0,12,31
2026-05-21T18:25:58,SENSOR,SYS,0,0,24,50
2026-05-21T18:26:28,SENSOR,SYS,0,0,24,50
2026-05-21T18:26:51,SYSTEM,SYS,0,0,7,101
2026-05-21T18:26:51,SYSTEM,SYS,0,0,8,8153
2026-05-21T18:26:51,SYSTEM,SYS,0,0,12,31
2026-05-21T18:26:58,SENSOR,SYS,0,0,24,50
2026-05-21T18:27:16,SYSTEM,WEB,0,0,1,0
2026-05-21T18:27:29,SENSOR,SYS,0,0,24,51
2026-05-21T18:27:51,SYSTEM,SYS,0,0,7,101
2026-05-21T18:27:51,SYSTEM,SYS,0,0,8,8153
2026-05-21T18:27:51,SYSTEM,SYS,0,0,12,31
2026-05-21T18:27:59,SENSOR,SYS,0,0,24,51
2026-05-21T18:28:29,SENSOR,SYS,0,0,24,51
2026-05-21T18:28:51,SYSTEM,SYS,0,0,7,101
2026-05-21T18:28:51,SYSTEM,SYS,0,0,8,8153
2026-05-21T18:28:51,SYSTEM,SYS,0,0,12,31
2026-05-21T18:28:59,SENSOR,SYS,0,0,24,51
2026-05-21T18:29:17,SYSTEM,WEB,0,0,1,0
2026-05-21T18:29:30,SENSOR,SYS,0,0,24,52
2026-05-21T18:29:51,SYSTEM,SYS,0,0,7,101
2026-05-21T18:29:51,SYSTEM,SYS,0,0,8,8153
2026-05-21T18:29:51,SYSTEM,SYS,0,0,12,31
2026-05-21T18:30:00,SENSOR,SYS,0,0,24,52
2026-05-21T18:30:31,SENSOR,SYS,0,0,25,52
2026-05-21T18:30:51,SYSTEM,SYS,0,0,7,101
2026-05-21T18:30:51,SYSTEM,SYS,0,0,8,8153
2026-05-21T18:30:51,SYSTEM,SYS,0,0,12,31
2026-05-21T18:31:01,SENSOR,SYS,0,0,25,52
2026-05-21T18:31:18,SYSTEM,WEB,0,0,1,0
2026-05-21T18:31:31,SENSOR,SYS,0,0,25,52
2026-05-21T18:31:51,SYSTEM,SYS,0,0,7,101
2026-05-21T18:31:51,SYSTEM,SYS,0,0,8,8153
2026-05-21T18:31:51,SYSTEM,SYS,0,0,12,31
2026-05-21T18:32:02,SENSOR,SYS,0,0,25,52
2026-05-21T18:32:32,SENSOR,SYS,0,0,25,52
2026-05-21T18:32:51,SYSTEM,SYS,0,0,7,102
2026-05-21T18:32:51,SYSTEM,SYS,0,0,8,8153
2026-05-21T18:32:51,SYSTEM,SYS,0,0,12,31
2026-05-21T18:33:02,SENSOR,SYS,0,0,26,52
2026-05-21T18:33:19,SYSTEM,WEB,0,0,1,0
2026-05-21T18:33:32,SENSOR,SYS,0,0,26,52
2026-05-21T18:33:51,SYSTEM,SYS,0,0,7,102
2026-05-21T18:33:51,SYSTEM,SYS,0,0,8,8153
2026-05-21T18:33:51,SYSTEM,SYS,0,0,12,31
2026-05-21T18:34:03,SENSOR,SYS,0,0,26,52
2026-05-21T18:34:33,SENSOR,SYS,0,0,26,52
2026-05-21T18:34:51,SYSTEM,SYS,0,0,7,102
2026-05-21T18:34:51,SYSTEM,SYS,0,0,8,8153
2026-05-21T18:34:51,SYSTEM,SYS,0,0,12,31
2026-05-21T18:35:04,SENSOR,SYS,0,0,26,52
2026-05-21T18:35:19,SYSTEM,WEB,0,0,1,0
2026-05-21T18:35:34,SENSOR,SYS,0,0,26,52
2026-05-21T18:35:51,SYSTEM,SYS,0,0,7,102
2026-05-21T18:35:51,SYSTEM,SYS,0,0,8,8153
2026-05-21T18:35:51,SYSTEM,SYS,0,0,12,31
2026-05-21T18:36:04,SENSOR,SYS,0,0,26,52
2026-05-21T18:36:34,SENSOR,SYS,0,0,26,51
2026-05-21T18:36:51,SYSTEM,SYS,0,0,7,102
2026-05-21T18:36:51,SYSTEM,SYS,0,0,8,8153
2026-05-21T18:36:51,SYSTEM,SYS,0,0,12,31
2026-05-21T18:37:05,SENSOR,SYS,0,0,26,51
2026-05-21T18:37:20,SYSTEM,WEB,0,0,1,0
2026-05-21T18:37:35,SENSOR,SYS,0,0,26,51
2026-05-21T18:37:51,SYSTEM,SYS,0,0,7,102
2026-05-21T18:37:51,SYSTEM,SYS,0,0,8,8153
2026-05-21T18:37:51,SYSTEM,SYS,0,0,12,31
2026-05-21T18:38:05,SENSOR,SYS,0,0,26,51
2026-05-21T18:38:35,SENSOR,SYS,0,0,26,51
2026-05-21T18:38:51,SYSTEM,SYS,0,0,7,102
2026-05-21T18:38:51,SYSTEM,SYS,0,0,8,8153
2026-05-21T18:38:51,SYSTEM,SYS,0,0,12,31
2026-05-21T18:39:06,SENSOR,SYS,0,0,26,51
2026-05-21T18:39:20,SYSTEM,WEB,0,0,1,0
2026-05-21T18:39:36,SENSOR,SYS,0,0,26,51
2026-05-21T18:39:51,SYSTEM,SYS,0,0,7,102
2026-05-21T18:39:51,SYSTEM,SYS,0,0,8,8153
2026-05-21T18:39:51,SYSTEM,SYS,0,0,12,31
2026-05-21T18:40:07,SENSOR,SYS,0,0,26,51
2026-05-21T18:40:37,SENSOR,SYS,0,0,26,52
2026-05-21T18:40:51,SYSTEM,SYS,0,0,7,102
2026-05-21T18:40:51,SYSTEM,SYS,0,0,8,8153
2026-05-21T18:40:51,SYSTEM,SYS,0,0,12,31
2026-05-21T18:41:07,SENSOR,SYS,0,0,26,52
2026-05-21T18:41:21,SYSTEM,WEB,0,0,1,0
2026-05-21T18:41:37,SENSOR,SYS,0,0,26,52
2026-05-21T18:41:51,SYSTEM,SYS,0,0,7,102
2026-05-21T18:41:51,SYSTEM,SYS,0,0,8,8153
2026-05-21T18:41:51,SYSTEM,SYS,0,0,12,31
2026-05-21T18:42:08,SENSOR,SYS,0,0,26,52
2026-05-21T18:42:38,SENSOR,SYS,0,0,26,52
2026-05-21T18:42:51,SYSTEM,SYS,0,0,7,102
2026-05-21T18:42:51,SYSTEM,SYS,0,0,8,8153
2026-05-21T18:42:51,SYSTEM,SYS,0,0,12,31
2026-05-21T18:43:09,SENSOR,SYS,0,0,27,53
2026-05-21T18:43:23,SYSTEM,WEB,0,0,1,0
2026-05-21T18:43:39,SENSOR,SYS,0,0,27,53
2026-05-21T18:43:51,SYSTEM,SYS,0,0,7,102
2026-05-21T18:43:51,SYSTEM,SYS,0,0,8,8153
2026-05-21T18:43:51,SYSTEM,SYS,0,0,12,31
2026-05-21T18:44:09,SENSOR,SYS,0,0,27,53
2026-05-21T18:44:39,SENSOR,SYS,0,0,27,53
2026-05-21T18:44:51,SYSTEM,SYS,0,0,7,102
2026-05-21T18:44:51,SYSTEM,SYS,0,0,8,8153
2026-05-21T18:44:51,SYSTEM,SYS,0,0,12,31
2026-05-21T18:45:10,SENSOR,SYS,0,0,27,54
2026-05-21T18:45:23,SYSTEM,WEB,0,0,1,0
2026-05-21T18:45:40,SENSOR,SYS,0,0,27,54
2026-05-21T18:45:51,SYSTEM,SYS,0,0,7,102
2026-05-21T18:45:51,SYSTEM,SYS,0,0,8,8153
2026-05-21T18:45:51,SYSTEM,SYS,0,0,12,31
2026-05-21T18:46:10,SENSOR,SYS,0,0,27,54
2026-05-21T18:46:41,SENSOR,SYS,0,0,27,54
2026-05-21T18:46:51,SYSTEM,SYS,0,0,7,102
2026-05-21T18:46:51,SYSTEM,SYS,0,0,8,8153
2026-05-21T18:46:51,SYSTEM,SYS,0,0,12,31
2026-05-21T18:47:11,SENSOR,SYS,0,0,27,54
2026-05-21T18:47:24,SYSTEM,WEB,0,0,1,0
2026-05-21T18:47:41,SENSOR,SYS,0,0,27,55
2026-05-21T18:47:51,SYSTEM,SYS,0,0,7,102
2026-05-21T18:47:51,SYSTEM,SYS,0,0,8,8153
2026-05-21T18:47:51,SYSTEM,SYS,0,0,12,31
2026-05-21T18:48:11,SENSOR,SYS,0,0,27,55
2026-05-21T18:48:42,SENSOR,SYS,0,0,27,55
2026-05-21T18:48:51,SYSTEM,SYS,0,0,7,100
2026-05-21T18:48:51,SYSTEM,SYS,0,0,8,8153
2026-05-21T18:48:51,SYSTEM,SYS,0,0,12,31
2026-05-21T18:49:12,SENSOR,SYS,0,0,27,55
2026-05-21T18:49:25,SYSTEM,WEB,0,0,1,0
2026-05-21T18:49:43,SENSOR,SYS,0,0,27,55
2026-05-21T18:49:51,SYSTEM,SYS,0,0,7,101
2026-05-21T18:49:51,SYSTEM,SYS,0,0,8,8153
2026-05-21T18:49:51,SYSTEM,SYS,0,0,12,31
2026-05-21T18:50:13,SENSOR,SYS,0,0,27,56
2026-05-21T18:50:43,SENSOR,SYS,0,0,27,56
2026-05-21T18:50:51,SYSTEM,SYS,0,0,7,102
2026-05-21T18:50:51,SYSTEM,SYS,0,0,8,8153
2026-05-21T18:50:51,SYSTEM,SYS,0,0,12,31
2026-05-21T18:51:13,SENSOR,SYS,0,0,27,56
2026-05-21T18:51:25,SYSTEM,WEB,0,0,1,0
2026-05-21T18:51:44,SENSOR,SYS,0,0,27,55
2026-05-21T18:51:51,SYSTEM,SYS,0,0,7,102
2026-05-21T18:51:51,SYSTEM,SYS,0,0,8,8153
2026-05-21T18:51:51,SYSTEM,SYS,0,0,12,31
2026-05-21T18:52:14,SENSOR,SYS,0,0,27,55
2026-05-21T18:52:44,SENSOR,SYS,0,0,27,55
2026-05-21T18:52:51,SYSTEM,SYS,0,0,7,102
2026-05-21T18:52:51,SYSTEM,SYS,0,0,8,8153
2026-05-21T18:52:51,SYSTEM,SYS,0,0,12,31
2026-05-21T18:53:14,SENSOR,SYS,0,0,27,55
2026-05-21T18:53:26,SYSTEM,WEB,0,0,1,0
2026-05-21T18:53:45,SENSOR,SYS,0,0,27,55
2026-05-21T18:53:51,SYSTEM,SYS,0,0,7,102
2026-05-21T18:53:51,SYSTEM,SYS,0,0,8,8153
2026-05-21T18:53:51,SYSTEM,SYS,0,0,12,31
2026-05-21T18:54:15,SENSOR,SYS,0,0,27,55
2026-05-21T18:54:46,SENSOR,SYS,0,0,27,55
2026-05-21T18:54:51,SYSTEM,SYS,0,0,7,102
2026-05-21T18:54:51,SYSTEM,SYS,0,0,8,8153
2026-05-21T18:54:51,SYSTEM,SYS,0,0,12,31
2026-05-21T18:55:16,SENSOR,SYS,0,0,27,55
2026-05-21T18:55:27,SYSTEM,WEB,0,0,1,0
2026-05-21T18:55:46,SENSOR,SYS,0,0,27,55
2026-05-21T18:55:51,SYSTEM,SYS,0,0,7,102
2026-05-21T18:55:51,SYSTEM,SYS,0,0,8,8153
2026-05-21T18:55:51,SYSTEM,SYS,0,0,12,31
2026-05-21T18:56:16,SENSOR,SYS,0,0,27,55
2026-05-21T18:56:47,SENSOR,SYS,0,0,27,55
2026-05-21T18:56:51,SYSTEM,SYS,0,0,7,93
2026-05-21T18:56:51,SYSTEM,SYS,0,0,8,8153
2026-05-21T18:56:51,SYSTEM,SYS,0,0,12,31
2026-05-21T18:57:17,SENSOR,SYS,0,0,27,55
2026-05-21T18:57:28,SYSTEM,WEB,0,0,1,0
2026-05-21T18:57:48,SENSOR,SYS,0,0,27,55
2026-05-21T18:57:51,SYSTEM,SYS,0,0,7,93
2026-05-21T18:57:51,SYSTEM,SYS,0,0,8,8153
2026-05-21T18:57:51,SYSTEM,SYS,0,0,12,31
2026-05-21T18:58:18,SENSOR,SYS,0,0,27,55
2026-05-21T18:58:48,SENSOR,SYS,0,0,27,55
2026-05-21T18:58:51,SYSTEM,SYS,0,0,7,93
2026-05-21T18:58:51,SYSTEM,SYS,0,0,8,8153
2026-05-21T18:58:51,SYSTEM,SYS,0,0,12,31
2026-05-21T18:59:18,SENSOR,SYS,0,0,27,55
2026-05-21T18:59:29,SYSTEM,WEB,0,0,1,0
2026-05-21T18:59:49,SENSOR,SYS,0,0,27,55
2026-05-21T18:59:51,SYSTEM,SYS,0,0,7,93
2026-05-21T18:59:51,SYSTEM,SYS,0,0,8,8153
2026-05-21T18:59:51,SYSTEM,SYS,0,0,12,31
2026-05-21T19:00:19,SENSOR,SYS,0,0,27,55
2026-05-21T19:00:50,SENSOR,SYS,0,0,27,55
2026-05-21T19:00:52,SYSTEM,SYS,0,0,7,93
2026-05-21T19:00:52,SYSTEM,SYS,0,0,8,8153
2026-05-21T19:00:52,SYSTEM,SYS,0,0,12,31
2026-05-21T19:01:20,SENSOR,SYS,0,0,27,55
2026-05-21T19:01:30,SYSTEM,WEB,0,0,1,0
2026-05-21T19:01:50,SENSOR,SYS,0,0,27,55
2026-05-21T19:01:51,SYSTEM,SYS,0,0,7,93
2026-05-21T19:01:51,SYSTEM,SYS,0,0,8,8153
2026-05-21T19:01:51,SYSTEM,SYS,0,0,12,31
2026-05-21T19:02:20,SENSOR,SYS,0,0,27,55
2026-05-21T19:02:50,SENSOR,SYS,0,0,27,55
2026-05-21T19:02:51,SYSTEM,SYS,0,0,7,93
2026-05-21T19:02:51,SYSTEM,SYS,0,0,8,8153
2026-05-21T19:02:51,SYSTEM,SYS,0,0,12,31
2026-05-21T19:03:21,SENSOR,SYS,0,0,27,55
2026-05-21T19:03:30,SYSTEM,WEB,0,0,1,0
2026-05-21T19:03:51,SYSTEM,SYS,0,0,7,93
2026-05-21T19:03:51,SYSTEM,SYS,0,0,8,8153
2026-05-21T19:03:51,SYSTEM,SYS,0,0,12,31
2026-05-21T19:03:51,SENSOR,SYS,0,0,27,55
2026-05-21T19:04:22,SENSOR,SYS,0,0,27,55
2026-05-21T19:04:51,SYSTEM,SYS,0,0,7,93
2026-05-21T19:04:51,SYSTEM,SYS,0,0,8,8153
2026-05-21T19:04:51,SYSTEM,SYS,0,0,12,31
2026-05-21T19:04:52,SENSOR,SYS,0,0,27,55
2026-05-21T19:05:22,SENSOR,SYS,0,0,27,55
2026-05-21T19:05:29,SYSTEM,WEB,0,0,1,0
2026-05-21T19:05:51,SYSTEM,SYS,0,0,7,93
2026-05-21T19:05:51,SYSTEM,SYS,0,0,8,8153
2026-05-21T19:05:51,SYSTEM,SYS,0,0,12,31
2026-05-21T19:05:52,SENSOR,SYS,0,0,27,55
2026-05-21T19:06:23,SENSOR,SYS,0,0,27,55
2026-05-21T19:06:51,SYSTEM,SYS,0,0,7,93
2026-05-21T19:06:51,SYSTEM,SYS,0,0,8,8153
2026-05-21T19:06:51,SYSTEM,SYS,0,0,12,31
2026-05-21T19:06:53,SENSOR,SYS,0,0,27,55
2026-05-21T19:07:24,SENSOR,SYS,0,0,27,55
2026-05-21T19:07:31,SYSTEM,WEB,0,0,1,0
2026-05-21T19:07:51,SYSTEM,SYS,0,0,7,93
2026-05-21T19:07:51,SYSTEM,SYS,0,0,8,8153
2026-05-21T19:07:51,SYSTEM,SYS,0,0,12,31
2026-05-21T19:07:54,SENSOR,SYS,0,0,27,55
2026-05-21T19:08:24,SENSOR,SYS,0,0,27,55
2026-05-21T19:08:51,SYSTEM,SYS,0,0,7,93
2026-05-21T19:08:51,SYSTEM,SYS,0,0,8,8153
2026-05-21T19:08:51,SYSTEM,SYS,0,0,12,31
2026-05-21T19:08:54,SENSOR,SYS,0,0,27,55
2026-05-21T19:09:25,SENSOR,SYS,0,0,27,56
2026-05-21T19:09:32,SYSTEM,WEB,0,0,1,0
2026-05-21T19:09:51,SYSTEM,SYS,0,0,7,93
2026-05-21T19:09:51,SYSTEM,SYS,0,0,8,8153
2026-05-21T19:09:51,SYSTEM,SYS,0,0,12,31
2026-05-21T19:09:55,SENSOR,SYS,0,0,27,56
2026-05-21T19:10:25,SENSOR,SYS,0,0,27,56
2026-05-21T19:10:51,SYSTEM,SYS,0,0,7,93
2026-05-21T19:10:51,SYSTEM,SYS,0,0,8,8153
2026-05-21T19:10:51,SYSTEM,SYS,0,0,12,31
2026-05-21T19:10:55,SENSOR,SYS,0,0,27,56
2026-05-21T19:11:26,SENSOR,SYS,0,0,27,57
2026-05-21T19:11:32,SYSTEM,WEB,0,0,1,0
2026-05-21T19:11:51,SYSTEM,SYS,0,0,7,93
2026-05-21T19:11:51,SYSTEM,SYS,0,0,8,8153
2026-05-21T19:11:51,SYSTEM,SYS,0,0,12,31
2026-05-21T19:11:56,SENSOR,SYS,0,0,27,57
2026-05-21T19:12:27,SENSOR,SYS,0,0,27,57
2026-05-21T19:12:51,SYSTEM,SYS,0,0,7,93
2026-05-21T19:12:51,SYSTEM,SYS,0,0,8,8153
2026-05-21T19:12:51,SYSTEM,SYS,0,0,12,31
2026-05-21T19:12:57,SENSOR,SYS,0,0,26,58
2026-05-21T19:13:27,SENSOR,SYS,0,0,26,58
2026-05-21T19:13:33,SYSTEM,WEB,0,0,1,0
2026-05-21T19:13:51,SYSTEM,SYS,0,0,7,93
2026-05-21T19:13:51,SYSTEM,SYS,0,0,8,8153
2026-05-21T19:13:51,SYSTEM,SYS,0,0,12,31
2026-05-21T19:13:57,SENSOR,SYS,0,0,26,58
2026-05-21T19:14:40,SENSOR,SYS,0,0,26,59
2026-05-21T19:15:03,SYSTEM,SYS,0,0,7,93
2026-05-21T19:15:03,SYSTEM,SYS,0,0,8,8153
2026-05-21T19:15:03,SYSTEM,SYS,0,0,12,31
2026-05-21T19:15:10,SENSOR,SYS,0,0,26,59
2026-05-21T19:15:40,SENSOR,SYS,0,0,26,59
2026-05-21T19:15:46,SYSTEM,WEB,0,0,1,0
2026-05-21T19:16:02,SYSTEM,SYS,0,0,7,101
2026-05-21T19:16:02,SYSTEM,SYS,0,0,8,8153
2026-05-21T19:16:02,SYSTEM,SYS,0,0,12,31
2026-05-21T19:16:11,SENSOR,SYS,0,0,26,60
2026-05-21T19:16:41,SENSOR,SYS,0,0,26,60
2026-05-21T19:17:03,SYSTEM,SYS,0,0,7,101
2026-05-21T19:17:03,SYSTEM,SYS,0,0,8,8153
2026-05-21T19:17:03,SYSTEM,SYS,0,0,12,31
2026-05-21T19:17:11,SENSOR,SYS,0,0,26,60
2026-05-21T19:17:41,SENSOR,SYS,0,0,26,60
2026-05-21T19:17:46,SYSTEM,WEB,0,0,1,0
2026-05-21T19:18:02,SYSTEM,SYS,0,0,7,101
2026-05-21T19:18:02,SYSTEM,SYS,0,0,8,8153
2026-05-21T19:18:02,SYSTEM,SYS,0,0,12,31
2026-05-21T19:18:12,SENSOR,SYS,0,0,26,61
2026-05-21T19:18:42,SENSOR,SYS,0,0,26,61
2026-05-21T19:19:03,SYSTEM,SYS,0,0,7,101
2026-05-21T19:19:03,SYSTEM,SYS,0,0,8,8153
2026-05-21T19:19:03,SYSTEM,SYS,0,0,12,31
2026-05-21T19:19:13,SENSOR,SYS,0,0,26,61
2026-05-21T19:19:43,SENSOR,SYS,0,0,26,61
2026-05-21T19:19:47,SYSTEM,WEB,0,0,1,0
2026-05-21T19:20:03,SYSTEM,SYS,0,0,7,101
2026-05-21T19:20:03,SYSTEM,SYS,0,0,8,8153
2026-05-21T19:20:03,SYSTEM,SYS,0,0,12,31
2026-05-21T19:20:13,SENSOR,SYS,0,0,26,61
2026-05-21T19:20:43,SENSOR,SYS,0,0,26,61
2026-05-21T19:21:03,SYSTEM,SYS,0,0,7,101
2026-05-21T19:21:03,SYSTEM,SYS,0,0,8,8153
2026-05-21T19:21:03,SYSTEM,SYS,0,0,12,31
2026-05-21T19:21:14,SENSOR,SYS,0,0,26,61
2026-05-21T19:21:44,SENSOR,SYS,0,0,26,61
2026-05-21T19:21:48,SYSTEM,WEB,0,0,1,0
2026-05-21T19:22:03,SYSTEM,SYS,0,0,7,101
2026-05-21T19:22:03,SYSTEM,SYS,0,0,8,8153
2026-05-21T19:22:03,SYSTEM,SYS,0,0,12,31
2026-05-21T19:22:15,SENSOR,SYS,0,0,26,61
2026-05-21T19:22:45,SENSOR,SYS,0,0,26,60
2026-05-21T19:23:03,SYSTEM,SYS,0,0,7,101
2026-05-21T19:23:03,SYSTEM,SYS,0,0,8,8153
2026-05-21T19:23:03,SYSTEM,SYS,0,0,12,31
2026-05-21T19:23:15,SENSOR,SYS,0,0,26,60
2026-05-21T19:23:45,SENSOR,SYS,0,0,26,60
2026-05-21T19:23:48,SYSTEM,WEB,0,0,1,0
2026-05-21T19:24:03,SYSTEM,SYS,0,0,7,101
2026-05-21T19:24:03,SYSTEM,SYS,0,0,8,8153
2026-05-21T19:24:03,SYSTEM,SYS,0,0,12,31
2026-05-21T19:24:16,SENSOR,SYS,0,0,26,60
2026-05-21T19:24:46,SENSOR,SYS,0,0,26,60
2026-05-21T19:25:02,SYSTEM,SYS,0,0,7,101
2026-05-21T19:25:02,SYSTEM,SYS,0,0,8,8153
2026-05-21T19:25:02,SYSTEM,SYS,0,0,12,31
2026-05-21T19:25:16,SENSOR,SYS,0,0,26,60
2026-05-21T19:25:35,SENSOR,SYS,0,0,26,60
2026-05-21T19:25:38,SYSTEM,WEB,0,0,1,0
2026-05-21T19:26:03,SYSTEM,SYS,0,0,7,101
2026-05-21T19:26:03,SYSTEM,SYS,0,0,8,8153
2026-05-21T19:26:03,SYSTEM,SYS,0,0,12,31
2026-05-21T19:26:17,SENSOR,SYS,0,0,26,60
2026-05-21T19:26:47,SENSOR,SYS,0,0,26,59
2026-05-21T19:27:03,SYSTEM,SYS,0,0,7,101
2026-05-21T19:27:03,SYSTEM,SYS,0,0,8,8153
2026-05-21T19:27:03,SYSTEM,SYS,0,0,12,31
2026-05-21T19:27:18,SENSOR,SYS,0,0,26,59
2026-05-21T19:27:48,SENSOR,SYS,0,0,26,59
2026-05-21T19:27:50,SYSTEM,WEB,0,0,1,0
2026-05-21T19:28:03,SYSTEM,SYS,0,0,7,101
2026-05-21T19:28:03,SYSTEM,SYS,0,0,8,8153
2026-05-21T19:28:03,SYSTEM,SYS,0,0,12,31
2026-05-21T19:28:18,SENSOR,SYS,0,0,26,59
2026-05-21T19:28:48,SENSOR,SYS,0,0,26,59
2026-05-21T19:29:03,SYSTEM,SYS,0,0,7,101
2026-05-21T19:29:03,SYSTEM,SYS,0,0,8,8153
2026-05-21T19:29:03,SYSTEM,SYS,0,0,12,31
2026-05-21T19:29:19,SENSOR,SYS,0,0,26,59
2026-05-21T19:29:49,SENSOR,SYS,0,0,26,59
2026-05-21T19:29:52,SYSTEM,WEB,0,0,1,0
2026-05-21T19:30:03,SYSTEM,SYS,0,0,7,101
2026-05-21T19:30:03,SYSTEM,SYS,0,0,8,8153
2026-05-21T19:30:03,SYSTEM,SYS,0,0,12,31
2026-05-21T19:30:20,SENSOR,SYS,0,0,26,60
2026-05-21T19:30:50,SENSOR,SYS,0,0,26,60
2026-05-21T19:31:03,SYSTEM,SYS,0,0,7,101
2026-05-21T19:31:03,SYSTEM,SYS,0,0,8,8153
2026-05-21T19:31:03,SYSTEM,SYS,0,0,12,31
2026-05-21T19:31:20,SENSOR,SYS,0,0,26,60
2026-05-21T19:31:50,SENSOR,SYS,0,0,26,60
2026-05-21T19:31:51,SYSTEM,WEB,0,0,1,0
2026-05-21T19:32:02,SYSTEM,SYS,0,0,7,101
2026-05-21T19:32:02,SYSTEM,SYS,0,0,8,8153
2026-05-21T19:32:02,SYSTEM,SYS,0,0,12,31
2026-05-21T19:32:20,SENSOR,SYS,0,0,25,60
2026-05-21T19:32:51,SENSOR,SYS,0,0,25,60
2026-05-21T19:33:03,SYSTEM,SYS,0,0,7,101
2026-05-21T19:33:03,SYSTEM,SYS,0,0,8,8153
2026-05-21T19:33:03,SYSTEM,SYS,0,0,12,31
2026-05-21T19:33:21,SENSOR,SYS,0,0,25,60
2026-05-21T19:33:52,SENSOR,SYS,0,0,25,60
2026-05-21T19:33:52,SYSTEM,WEB,0,0,1,0
2026-05-21T19:34:03,SYSTEM,SYS,0,0,7,101
2026-05-21T19:34:03,SYSTEM,SYS,0,0,8,8153
2026-05-21T19:34:03,SYSTEM,SYS,0,0,12,31
2026-05-21T19:34:22,SENSOR,SYS,0,0,25,61
2026-05-21T19:34:52,SENSOR,SYS,0,0,25,61
2026-05-21T19:35:03,SYSTEM,SYS,0,0,7,101
2026-05-21T19:35:03,SYSTEM,SYS,0,0,8,8153
2026-05-21T19:35:03,SYSTEM,SYS,0,0,12,31
2026-05-21T19:35:22,SENSOR,SYS,0,0,25,61
2026-05-21T19:35:53,SYSTEM,WEB,0,0,1,0
2026-05-21T19:35:53,SENSOR,SYS,0,0,25,61
2026-05-21T19:36:03,SYSTEM,SYS,0,0,7,101
2026-05-21T19:36:03,SYSTEM,SYS,0,0,8,8153
2026-05-21T19:36:03,SYSTEM,SYS,0,0,12,31
2026-05-21T19:36:23,SENSOR,SYS,0,0,25,61
2026-05-21T19:36:54,SENSOR,SYS,0,0,25,61
2026-05-21T19:37:03,SYSTEM,SYS,0,0,7,101
2026-05-21T19:37:03,SYSTEM,SYS,0,0,8,8153
2026-05-21T19:37:03,SYSTEM,SYS,0,0,12,31
2026-05-21T19:37:24,SENSOR,SYS,0,0,25,61
2026-05-21T19:37:53,SYSTEM,WEB,0,0,1,0
2026-05-21T19:37:54,SENSOR,SYS,0,0,25,61
2026-05-21T19:38:03,SYSTEM,SYS,0,0,7,101
2026-05-21T19:38:03,SYSTEM,SYS,0,0,8,8153
2026-05-21T19:38:03,SYSTEM,SYS,0,0,12,31
2026-05-21T19:38:24,SENSOR,SYS,0,0,25,61
2026-05-21T19:38:55,SENSOR,SYS,0,0,25,62
2026-05-21T19:39:03,SYSTEM,SYS,0,0,7,101
2026-05-21T19:39:03,SYSTEM,SYS,0,0,8,8153
2026-05-21T19:39:03,SYSTEM,SYS,0,0,12,31
2026-05-21T19:39:25,SENSOR,SYS,0,0,25,62
2026-05-21T19:39:55,SYSTEM,WEB,0,0,1,0
2026-05-21T19:39:55,SENSOR,SYS,0,0,25,62
2026-05-21T19:40:02,SYSTEM,SYS,0,0,7,101
2026-05-21T19:40:02,SYSTEM,SYS,0,0,8,8153
2026-05-21T19:40:02,SYSTEM,SYS,0,0,12,31
2026-05-21T19:40:25,SENSOR,SYS,0,0,25,62
2026-05-21T19:40:56,SENSOR,SYS,0,0,25,62
2026-05-21T19:41:03,SYSTEM,SYS,0,0,7,101
2026-05-21T19:41:03,SYSTEM,SYS,0,0,8,8153
2026-05-21T19:41:03,SYSTEM,SYS,0,0,12,31
2026-05-21T19:41:26,SENSOR,SYS,0,0,25,62
2026-05-21T19:41:55,SYSTEM,WEB,0,0,1,0
2026-05-21T19:41:57,SENSOR,SYS,0,0,25,63
2026-05-21T19:42:03,SYSTEM,SYS,0,0,7,101
2026-05-21T19:42:03,SYSTEM,SYS,0,0,8,8153
2026-05-21T19:42:03,SYSTEM,SYS,0,0,12,31
2026-05-21T19:42:27,SENSOR,SYS,0,0,24,63
2026-05-21T19:42:57,SENSOR,SYS,0,0,24,63
2026-05-21T19:43:03,SYSTEM,SYS,0,0,7,101
2026-05-21T19:43:03,SYSTEM,SYS,0,0,8,8153
2026-05-21T19:43:03,SYSTEM,SYS,0,0,12,31
2026-05-21T19:43:27,SENSOR,SYS,0,0,24,63
2026-05-21T19:43:56,SYSTEM,WEB,0,0,1,0
2026-05-21T19:43:58,SENSOR,SYS,0,0,24,64
2026-05-21T19:44:03,SYSTEM,SYS,0,0,7,101
2026-05-21T19:44:03,SYSTEM,SYS,0,0,8,8153
2026-05-21T19:44:03,SYSTEM,SYS,0,0,12,31
2026-05-21T19:44:28,SENSOR,SYS,0,0,24,64
2026-05-21T19:44:59,SENSOR,SYS,0,0,24,64
2026-05-21T19:45:03,SYSTEM,SYS,0,0,7,101
2026-05-21T19:45:03,SYSTEM,SYS,0,0,8,8153
2026-05-21T19:45:03,SYSTEM,SYS,0,0,12,31
2026-05-21T19:45:29,SENSOR,SYS,0,0,24,64
2026-05-21T19:45:57,SYSTEM,WEB,0,0,1,0
2026-05-21T19:45:59,SENSOR,SYS,0,0,24,64
2026-05-21T19:46:03,SYSTEM,SYS,0,0,7,101
2026-05-21T19:46:03,SYSTEM,SYS,0,0,8,8153
2026-05-21T19:46:03,SYSTEM,SYS,0,0,12,31
2026-05-21T19:46:30,SENSOR,SYS,0,0,24,65
2026-05-21T19:47:00,SENSOR,SYS,0,0,24,65
2026-05-21T19:47:03,SYSTEM,SYS,0,0,7,101
2026-05-21T19:47:03,SYSTEM,SYS,0,0,8,8153
2026-05-21T19:47:03,SYSTEM,SYS,0,0,12,31
2026-05-21T19:47:30,SENSOR,SYS,0,0,24,65
2026-05-21T19:47:57,SYSTEM,WEB,0,0,1,0
2026-05-21T19:48:00,SENSOR,SYS,0,0,24,65
2026-05-21T19:48:03,SYSTEM,SYS,0,0,7,101
2026-05-21T19:48:03,SYSTEM,SYS,0,0,8,8153
2026-05-21T19:48:03,SYSTEM,SYS,0,0,12,31
2026-05-21T19:48:31,SENSOR,SYS,0,0,24,66
2026-05-21T19:49:01,SENSOR,SYS,0,0,24,66
2026-05-21T19:49:03,SYSTEM,SYS,0,0,7,101
2026-05-21T19:49:03,SYSTEM,SYS,0,0,8,8153
2026-05-21T19:49:03,SYSTEM,SYS,0,0,12,31
2026-05-21T19:49:31,SENSOR,SYS,0,0,24,66
2026-05-21T19:49:58,SYSTEM,WEB,0,0,1,0
2026-05-21T19:50:01,SENSOR,SYS,0,0,24,66
2026-05-21T19:50:02,SYSTEM,SYS,0,0,7,101
2026-05-21T19:50:02,SYSTEM,SYS,0,0,8,8153
2026-05-21T19:50:02,SYSTEM,SYS,0,0,12,31
2026-05-21T19:50:32,SENSOR,SYS,0,0,24,66
2026-05-21T19:51:02,SENSOR,SYS,0,0,24,66
2026-05-21T19:51:03,SYSTEM,SYS,0,0,7,101
2026-05-21T19:51:03,SYSTEM,SYS,0,0,8,8153
2026-05-21T19:51:03,SYSTEM,SYS,0,0,12,31
2026-05-21T19:51:33,SENSOR,SYS,0,0,24,66
2026-05-21T19:52:00,SYSTEM,WEB,0,0,1,0
2026-05-21T19:52:03,SENSOR,SYS,0,0,24,66
2026-05-21T19:52:03,SYSTEM,SYS,0,0,7,101
2026-05-21T19:52:03,SYSTEM,SYS,0,0,8,8153
2026-05-21T19:52:03,SYSTEM,SYS,0,0,12,31
2026-05-21T19:52:33,SENSOR,SYS,0,0,24,66
2026-05-21T19:53:03,SYSTEM,SYS,0,0,7,101
2026-05-21T19:53:03,SYSTEM,SYS,0,0,8,8153
2026-05-21T19:53:03,SYSTEM,SYS,0,0,12,31
2026-05-21T19:53:03,SENSOR,SYS,0,0,24,67
2026-05-21T19:53:34,SENSOR,SYS,0,0,24,67
2026-05-21T19:54:00,SYSTEM,WEB,0,0,1,0
2026-05-21T19:54:03,SYSTEM,SYS,0,0,7,101
2026-05-21T19:54:03,SYSTEM,SYS,0,0,8,8153
2026-05-21T19:54:03,SYSTEM,SYS,0,0,12,31
2026-05-21T19:54:04,SENSOR,SYS,0,0,23,67
2026-05-21T19:53:20,MODE,SYS,0,0,0,255
2026-05-21T19:54:04,RELAY,SYS,1,0,4,0
2026-05-21T19:54:31,RELAY,SYS,1,0,1,0
2026-05-21T19:54:35,SENSOR,SYS,0,0,23,67
2026-05-21T19:55:03,SYSTEM,SYS,0,0,7,101
2026-05-21T19:55:03,SYSTEM,SYS,0,0,8,8153
2026-05-21T19:55:03,SYSTEM,SYS,0,0,12,31
2026-05-21T19:55:05,SENSOR,SYS,0,0,23,67
2026-05-21T19:55:35,SENSOR,SYS,0,0,23,67
2026-05-21T19:56:00,SYSTEM,WEB,0,0,1,0
2026-05-21T19:56:03,SYSTEM,SYS,0,0,7,101
2026-05-21T19:56:03,SYSTEM,SYS,0,0,8,8153
2026-05-21T19:56:03,SYSTEM,SYS,0,0,12,31
2026-05-21T19:56:05,SENSOR,SYS,0,0,23,67
2026-05-21T19:56:36,SENSOR,SYS,0,0,24,67
2026-05-21T19:57:03,SYSTEM,SYS,0,0,7,101
2026-05-21T19:57:03,SYSTEM,SYS,0,0,8,8153
2026-05-21T19:57:03,SYSTEM,SYS,0,0,12,31
2026-05-21T19:57:06,SENSOR,SYS,0,0,24,67
2026-05-21T19:57:36,SENSOR,SYS,0,0,24,67
2026-05-21T19:58:00,SYSTEM,WEB,0,0,1,0
2026-05-21T19:58:03,SYSTEM,SYS,0,0,7,101
2026-05-21T19:58:03,SYSTEM,SYS,0,0,8,8153
2026-05-21T19:58:03,SYSTEM,SYS,0,0,12,31
2026-05-21T19:58:06,SENSOR,SYS,0,0,24,68
2026-05-21T19:58:37,SENSOR,SYS,0,0,24,68
2026-05-21T19:59:03,SYSTEM,SYS,0,0,7,101
2026-05-21T19:59:03,SYSTEM,SYS,0,0,8,8153
2026-05-21T19:59:03,SYSTEM,SYS,0,0,12,31
2026-05-21T19:59:07,SENSOR,SYS,0,0,24,68
2026-05-21T19:59:38,SENSOR,SYS,0,0,23,68
2026-05-21T20:00:02,SYSTEM,WEB,0,0,1,0
2026-05-21T20:00:03,SYSTEM,SYS,0,0,7,101
2026-05-21T20:00:03,SYSTEM,SYS,0,0,8,8153
2026-05-21T20:00:03,SYSTEM,SYS,0,0,12,31
2026-05-21T20:00:08,SENSOR,SYS,0,0,23,68
2026-05-21T20:00:38,SENSOR,SYS,0,0,23,68
2026-05-21T20:01:03,SYSTEM,SYS,0,0,7,101
2026-05-21T20:01:03,SYSTEM,SYS,0,0,8,8153
2026-05-21T20:01:03,SYSTEM,SYS,0,0,12,31
2026-05-21T20:01:08,SENSOR,SYS,0,0,23,68
2026-05-21T20:01:39,SENSOR,SYS,0,0,23,68
2026-05-21T20:02:02,SYSTEM,WEB,0,0,1,0
2026-05-21T20:02:03,SYSTEM,SYS,0,0,7,101
2026-05-21T20:02:03,SYSTEM,SYS,0,0,8,8153
2026-05-21T20:02:03,SYSTEM,SYS,0,0,12,31
2026-05-21T20:02:09,SENSOR,SYS,0,0,23,68
2026-05-21T20:02:39,SENSOR,SYS,0,0,23,69
2026-05-21T20:03:03,SYSTEM,SYS,0,0,7,101
2026-05-21T20:03:03,SYSTEM,SYS,0,0,8,8153
2026-05-21T20:03:03,SYSTEM,SYS,0,0,12,31
2026-05-21T20:03:10,SENSOR,SYS,0,0,23,69
2026-05-21T20:03:40,SENSOR,SYS,0,0,23,69
2026-05-21T20:04:03,SYSTEM,WEB,0,0,1,0
2026-05-21T20:04:03,SYSTEM,SYS,0,0,7,101
2026-05-21T20:04:03,SYSTEM,SYS,0,0,8,8153
2026-05-21T20:04:03,SYSTEM,SYS,0,0,12,31
2026-05-21T20:04:11,SENSOR,SYS,0,0,23,69
2026-05-21T20:04:41,SENSOR,SYS,0,0,23,69
2026-05-21T20:05:03,SYSTEM,SYS,0,0,7,101
2026-05-21T20:05:03,SYSTEM,SYS,0,0,8,8153
2026-05-21T20:05:03,SYSTEM,SYS,0,0,12,31
2026-05-21T20:05:11,SENSOR,SYS,0,0,23,70
2026-05-21T20:05:41,SENSOR,SYS,0,0,23,70
2026-05-21T20:06:03,SYSTEM,SYS,0,0,7,61
2026-05-21T20:06:03,SYSTEM,SYS,0,0,8,8153
2026-05-21T20:06:03,SYSTEM,SYS,0,0,12,28
2026-05-21T20:06:04,SYSTEM,WEB,0,0,1,0
2026-05-21T20:06:12,SENSOR,SYS,0,0,23,70
2026-05-21T20:06:42,SENSOR,SYS,0,0,23,70
2026-05-21T20:07:03,SYSTEM,SYS,0,0,7,101
2026-05-21T20:07:03,SYSTEM,SYS,0,0,8,8153
2026-05-21T20:07:03,SYSTEM,SYS,0,0,12,31
2026-05-21T20:07:12,SENSOR,SYS,0,0,23,70
2026-05-21T20:07:42,SENSOR,SYS,0,0,23,71
2026-05-21T20:08:03,SYSTEM,SYS,0,0,7,101
2026-05-21T20:08:03,SYSTEM,SYS,0,0,8,8153
2026-05-21T20:08:03,SYSTEM,SYS,0,0,12,31
2026-05-21T20:08:04,SYSTEM,WEB,0,0,1,0
2026-05-21T20:08:13,SENSOR,SYS,0,0,23,71
2026-05-21T20:08:43,SENSOR,SYS,0,0,23,71
2026-05-21T20:09:03,SYSTEM,SYS,0,0,7,101
2026-05-21T20:09:03,SYSTEM,SYS,0,0,8,8153
2026-05-21T20:09:03,SYSTEM,SYS,0,0,12,31
2026-05-21T20:09:14,SENSOR,SYS,0,0,23,71
2026-05-21T20:09:44,SENSOR,SYS,0,0,23,71
2026-05-21T20:10:03,SYSTEM,SYS,0,0,7,101
2026-05-21T20:10:03,SYSTEM,SYS,0,0,8,8153
2026-05-21T20:10:03,SYSTEM,SYS,0,0,12,31
2026-05-21T20:10:05,SYSTEM,WEB,0,0,1,0
2026-05-21T20:10:14,SENSOR,SYS,0,0,23,71
2026-05-21T20:10:44,SENSOR,SYS,0,0,23,71
2026-05-21T20:11:03,SYSTEM,SYS,0,0,7,101
2026-05-21T20:11:03,SYSTEM,SYS,0,0,8,8153
2026-05-21T20:11:03,SYSTEM,SYS,0,0,12,31
2026-05-21T20:11:15,SENSOR,SYS,0,0,23,71
2026-05-21T20:11:45,SENSOR,SYS,0,0,23,71
2026-05-21T20:12:03,SYSTEM,SYS,0,0,7,101
2026-05-21T20:12:03,SYSTEM,SYS,0,0,8,8153
2026-05-21T20:12:03,SYSTEM,SYS,0,0,12,31
2026-05-21T20:12:06,SYSTEM,WEB,0,0,1,0
2026-05-21T20:12:16,SENSOR,SYS,0,0,23,71
2026-05-21T20:12:46,SENSOR,SYS,0,0,23,71
2026-05-21T20:13:03,SYSTEM,SYS,0,0,7,101
2026-05-21T20:13:03,SYSTEM,SYS,0,0,8,8153
2026-05-21T20:13:03,SYSTEM,SYS,0,0,12,31
2026-05-21T20:13:16,SENSOR,SYS,0,0,23,71
2026-05-21T20:13:46,SENSOR,SYS,0,0,23,71
2026-05-21T20:14:03,SYSTEM,SYS,0,0,7,101
2026-05-21T20:14:03,SYSTEM,SYS,0,0,8,8153
2026-05-21T20:14:03,SYSTEM,SYS,0,0,12,31
2026-05-21T20:14:07,SYSTEM,WEB,0,0,1,0
2026-05-21T20:14:17,SENSOR,SYS,0,0,23,71
2026-05-21T20:14:47,SENSOR,SYS,0,0,23,71
2026-05-21T20:15:03,SYSTEM,SYS,0,0,7,101
2026-05-21T20:15:03,SYSTEM,SYS,0,0,8,8153
2026-05-21T20:15:03,SYSTEM,SYS,0,0,12,31
2026-05-21T20:15:17,SENSOR,SYS,0,0,23,71
2026-05-21T20:15:47,SENSOR,SYS,0,0,23,71
2026-05-21T20:16:03,SYSTEM,SYS,0,0,7,101
2026-05-21T20:16:03,SYSTEM,SYS,0,0,8,8153
2026-05-21T20:16:03,SYSTEM,SYS,0,0,12,31
2026-05-21T20:16:07,SYSTEM,WEB,0,0,1,0
2026-05-21T20:16:18,SENSOR,SYS,0,0,23,71
2026-05-21T20:16:48,SENSOR,SYS,0,0,23,71
2026-05-21T20:17:03,SYSTEM,SYS,0,0,7,101
2026-05-21T20:17:03,SYSTEM,SYS,0,0,8,8153
2026-05-21T20:17:03,SYSTEM,SYS,0,0,12,31
2026-05-21T20:17:18,SENSOR,SYS,0,0,23,70
2026-05-21T20:17:49,SENSOR,SYS,0,0,23,70
2026-05-21T20:18:03,SYSTEM,SYS,0,0,7,101
2026-05-21T20:18:03,SYSTEM,SYS,0,0,8,8153
2026-05-21T20:18:03,SYSTEM,SYS,0,0,12,31
2026-05-21T20:18:08,SYSTEM,WEB,0,0,1,0
2026-05-21T20:18:19,SENSOR,SYS,0,0,23,70
2026-05-21T20:18:50,SENSOR,SYS,0,0,23,70
2026-05-21T20:19:03,SYSTEM,SYS,0,0,7,101
2026-05-21T20:19:03,SYSTEM,SYS,0,0,8,8153
2026-05-21T20:19:03,SYSTEM,SYS,0,0,12,31
2026-05-21T20:19:20,SENSOR,SYS,0,0,23,70
2026-05-21T20:19:50,SENSOR,SYS,0,0,23,70
2026-05-21T20:20:03,SYSTEM,SYS,0,0,7,101
2026-05-21T20:20:03,SYSTEM,SYS,0,0,8,8153
2026-05-21T20:20:03,SYSTEM,SYS,0,0,12,31
2026-05-21T20:20:09,SYSTEM,WEB,0,0,1,0
2026-05-21T20:20:20,SENSOR,SYS,0,0,23,70
2026-05-21T20:20:51,SENSOR,SYS,0,0,23,71
2026-05-21T20:21:03,SYSTEM,SYS,0,0,7,101
2026-05-21T20:21:03,SYSTEM,SYS,0,0,8,8153
2026-05-21T20:21:03,SYSTEM,SYS,0,0,12,31
2026-05-21T20:21:21,SENSOR,SYS,0,0,23,71
2026-05-21T20:21:51,SENSOR,SYS,0,0,23,71
2026-05-21T20:22:02,SYSTEM,SYS,0,0,7,101
2026-05-21T20:22:02,SYSTEM,SYS,0,0,8,8153
2026-05-21T20:22:02,SYSTEM,SYS,0,0,12,31
2026-05-21T20:22:09,SYSTEM,WEB,0,0,1,0
2026-05-21T20:22:21,SENSOR,SYS,0,0,23,71
2026-05-21T20:22:52,SENSOR,SYS,0,0,22,71
2026-05-21T20:23:03,SYSTEM,SYS,0,0,7,101
2026-05-21T20:23:03,SYSTEM,SYS,0,0,8,8153
2026-05-21T20:23:03,SYSTEM,SYS,0,0,12,31
2026-05-21T20:23:22,SENSOR,SYS,0,0,22,71
2026-05-21T20:23:53,SENSOR,SYS,0,0,22,71
2026-05-21T20:24:03,SYSTEM,SYS,0,0,7,101
2026-05-21T20:24:03,SYSTEM,SYS,0,0,8,8153
2026-05-21T20:24:03,SYSTEM,SYS,0,0,12,31
2026-05-21T20:24:11,SYSTEM,WEB,0,0,1,0
2026-05-21T20:24:23,SENSOR,SYS,0,0,22,71
2026-05-21T20:24:53,SENSOR,SYS,0,0,22,71
2026-05-21T20:25:03,SYSTEM,SYS,0,0,7,101
2026-05-21T20:25:03,SYSTEM,SYS,0,0,8,8153
2026-05-21T20:25:03,SYSTEM,SYS,0,0,12,31
2026-05-21T20:25:23,SENSOR,SYS,0,0,22,71
2026-05-21T20:25:43,SENSOR,SYS,0,0,22,71
2026-05-21T20:25:52,SYSTEM,SYS,0,0,7,101
2026-05-21T20:25:52,SYSTEM,SYS,0,0,8,8153
2026-05-21T20:25:52,SYSTEM,SYS,0,0,12,31
2026-05-21T20:26:00,SYSTEM,WEB,0,0,1,0
2026-05-21T20:26:13,SENSOR,SYS,0,0,22,71
2026-05-21T20:26:55,SENSOR,SYS,0,0,22,71
2026-05-21T20:27:03,SYSTEM,SYS,0,0,7,101
2026-05-21T20:27:03,SYSTEM,SYS,0,0,8,8153
2026-05-21T20:27:03,SYSTEM,SYS,0,0,12,31
2026-05-21T20:27:25,SENSOR,SYS,0,0,22,71
2026-05-21T20:27:55,SENSOR,SYS,0,0,22,71
2026-05-21T20:28:03,SYSTEM,SYS,0,0,7,101
2026-05-21T20:28:03,SYSTEM,SYS,0,0,8,8153
2026-05-21T20:28:03,SYSTEM,SYS,0,0,12,31
2026-05-21T20:28:12,SYSTEM,WEB,0,0,1,0
2026-05-21T20:28:25,SENSOR,SYS,0,0,22,71
2026-05-21T20:28:56,SENSOR,SYS,0,0,22,71
2026-05-21T20:29:03,SYSTEM,SYS,0,0,7,101
2026-05-21T20:29:03,SYSTEM,SYS,0,0,8,8153
2026-05-21T20:29:03,SYSTEM,SYS,0,0,12,31
2026-05-21T20:29:26,SENSOR,SYS,0,0,22,71
2026-05-21T20:29:56,SENSOR,SYS,0,0,22,71
2026-05-21T20:30:02,SYSTEM,SYS,0,0,7,101
2026-05-21T20:30:02,SYSTEM,SYS,0,0,8,8153
2026-05-21T20:30:03,SYSTEM,SYS,0,0,12,31
2026-05-21T20:30:13,SYSTEM,WEB,0,0,1,0
2026-05-21T20:30:26,SENSOR,SYS,0,0,22,72
2026-05-21T20:30:57,SENSOR,SYS,0,0,22,72
2026-05-21T20:31:03,SYSTEM,SYS,0,0,7,101
2026-05-21T20:31:03,SYSTEM,SYS,0,0,8,8153
2026-05-21T20:31:03,SYSTEM,SYS,0,0,12,31
2026-05-21T20:31:27,SENSOR,SYS,0,0,22,72
2026-05-21T20:31:58,SENSOR,SYS,0,0,22,72
2026-05-21T20:32:03,SYSTEM,SYS,0,0,7,101
2026-05-21T20:32:03,SYSTEM,SYS,0,0,8,8153
2026-05-21T20:32:03,SYSTEM,SYS,0,0,12,31
2026-05-21T20:32:14,SYSTEM,WEB,0,0,1,0
2026-05-21T20:32:28,SENSOR,SYS,0,0,22,72
2026-05-21T20:32:58,SENSOR,SYS,0,0,22,72
2026-05-21T20:33:03,SYSTEM,SYS,0,0,7,101
2026-05-21T20:33:03,SYSTEM,SYS,0,0,8,8153
2026-05-21T20:33:03,SYSTEM,SYS,0,0,12,31
2026-05-21T20:33:29,SENSOR,SYS,0,0,22,72
2026-05-21T20:33:59,SENSOR,SYS,0,0,22,72
2026-05-21T20:34:03,SYSTEM,SYS,0,0,7,101
2026-05-21T20:34:03,SYSTEM,SYS,0,0,8,8153
2026-05-21T20:34:03,SYSTEM,SYS,0,0,12,31
2026-05-21T20:34:15,SYSTEM,WEB,0,0,1,0
2026-05-21T20:34:29,SENSOR,SYS,0,0,22,72
2026-05-21T20:34:59,SENSOR,SYS,0,0,22,73
2026-05-21T20:35:03,SYSTEM,SYS,0,0,7,101
2026-05-21T20:35:03,SYSTEM,SYS,0,0,8,8153
2026-05-21T20:35:03,SYSTEM,SYS,0,0,12,31
2026-05-21T20:35:30,SENSOR,SYS,0,0,22,73
2026-05-21T20:36:00,SENSOR,SYS,0,0,22,73
2026-05-21T20:36:03,SYSTEM,SYS,0,0,7,101
2026-05-21T20:36:03,SYSTEM,SYS,0,0,8,8153
2026-05-21T20:36:03,SYSTEM,SYS,0,0,12,31
2026-05-21T20:36:16,SYSTEM,WEB,0,0,1,0
2026-05-21T20:36:31,SENSOR,SYS,0,0,22,73
2026-05-21T20:37:01,SENSOR,SYS,0,0,22,73
2026-05-21T20:37:03,SYSTEM,SYS,0,0,7,101
2026-05-21T20:37:03,SYSTEM,SYS,0,0,8,8153
2026-05-21T20:37:03,SYSTEM,SYS,0,0,12,31
2026-05-21T20:37:31,SENSOR,SYS,0,0,22,73
2026-05-21T20:38:01,SENSOR,SYS,0,0,22,73
2026-05-21T20:38:03,SYSTEM,SYS,0,0,7,101
2026-05-21T20:38:03,SYSTEM,SYS,0,0,8,8153
2026-05-21T20:38:03,SYSTEM,SYS,0,0,12,31
2026-05-21T20:38:17,SYSTEM,WEB,0,0,1,0
2026-05-21T20:38:32,SENSOR,SYS,0,0,22,73
2026-05-21T20:39:02,SENSOR,SYS,0,0,22,73
2026-05-21T20:39:03,SYSTEM,SYS,0,0,7,101
2026-05-21T20:39:03,SYSTEM,SYS,0,0,8,8153
2026-05-21T20:39:03,SYSTEM,SYS,0,0,12,31
2026-05-21T20:39:32,SENSOR,SYS,0,0,22,73
2026-05-21T20:40:02,SENSOR,SYS,0,0,22,73
2026-05-21T20:40:03,SYSTEM,SYS,0,0,7,101
2026-05-21T20:40:03,SYSTEM,SYS,0,0,8,8153
2026-05-21T20:40:03,SYSTEM,SYS,0,0,12,31
2026-05-21T20:40:17,SYSTEM,WEB,0,0,1,0
2026-05-21T20:40:33,SENSOR,SYS,0,0,22,73
2026-05-21T20:41:03,SYSTEM,SYS,0,0,7,101
2026-05-21T20:41:03,SYSTEM,SYS,0,0,8,8153
2026-05-21T20:41:03,SYSTEM,SYS,0,0,12,31
2026-05-21T20:41:03,SENSOR,SYS,0,0,22,74
2026-05-21T20:41:34,SENSOR,SYS,0,0,22,74
2026-05-21T20:42:03,SYSTEM,SYS,0,0,7,101
2026-05-21T20:42:03,SYSTEM,SYS,0,0,8,8153
2026-05-21T20:42:03,SYSTEM,SYS,0,0,12,31
2026-05-21T20:42:04,SENSOR,SYS,0,0,22,74
2026-05-21T20:42:17,SYSTEM,WEB,0,0,1,0
2026-05-21T20:42:34,SENSOR,SYS,0,0,22,74
2026-05-21T20:43:03,SYSTEM,SYS,0,0,7,101
2026-05-21T20:43:03,SYSTEM,SYS,0,0,8,8153
2026-05-21T20:43:03,SYSTEM,SYS,0,0,12,31
2026-05-21T20:43:04,SENSOR,SYS,0,0,22,74
2026-05-21T20:43:35,SENSOR,SYS,0,0,21,74
2026-05-21T20:44:03,SYSTEM,SYS,0,0,7,94
2026-05-21T20:44:03,SYSTEM,SYS,0,0,8,8153
2026-05-21T20:44:03,SYSTEM,SYS,0,0,12,31
2026-05-21T20:44:05,SENSOR,SYS,0,0,21,74
2026-05-21T20:44:19,SYSTEM,WEB,0,0,1,0
2026-05-21T20:44:36,SENSOR,SYS,0,0,21,74
2026-05-21T20:45:03,SYSTEM,SYS,0,0,7,102
2026-05-21T20:45:03,SYSTEM,SYS,0,0,8,8153
2026-05-21T20:45:03,SYSTEM,SYS,0,0,12,31
2026-05-21T20:45:06,SENSOR,SYS,0,0,21,74
2026-05-21T20:45:36,SENSOR,SYS,0,0,21,74
2026-05-21T20:46:03,SYSTEM,SYS,0,0,7,95
2026-05-21T20:46:03,SYSTEM,SYS,0,0,8,8153
2026-05-21T20:46:03,SYSTEM,SYS,0,0,12,31
2026-05-21T20:46:06,SENSOR,SYS,0,0,21,75
2026-05-21T20:46:20,SYSTEM,WEB,0,0,1,0
2026-05-21T20:46:37,SENSOR,SYS,0,0,21,75
2026-05-21T20:47:03,SYSTEM,SYS,0,0,7,95
2026-05-21T20:47:03,SYSTEM,SYS,0,0,8,8153
2026-05-21T20:47:03,SYSTEM,SYS,0,0,12,31
2026-05-21T20:47:07,SENSOR,SYS,0,0,21,75
2026-05-21T20:47:37,SENSOR,SYS,0,0,21,75
2026-05-21T20:48:03,SYSTEM,SYS,0,0,7,95
2026-05-21T20:48:03,SYSTEM,SYS,0,0,8,8153
2026-05-21T20:48:03,SYSTEM,SYS,0,0,12,31
2026-05-21T20:48:08,SENSOR,SYS,0,0,21,75
2026-05-21T20:48:21,SYSTEM,WEB,0,0,1,0
2026-05-21T20:48:38,SENSOR,SYS,0,0,21,75
2026-05-21T20:49:03,SYSTEM,SYS,0,0,7,95
2026-05-21T20:49:03,SYSTEM,SYS,0,0,8,8153
2026-05-21T20:49:03,SYSTEM,SYS,0,0,12,31
2026-05-21T20:49:08,SENSOR,SYS,0,0,21,75
2026-05-21T20:49:38,SENSOR,SYS,0,0,21,75
2026-05-21T20:50:03,SYSTEM,SYS,0,0,7,95
2026-05-21T20:50:03,SYSTEM,SYS,0,0,8,8153
2026-05-21T20:50:03,SYSTEM,SYS,0,0,12,31
2026-05-21T20:50:09,SENSOR,SYS,0,0,21,75
2026-05-21T20:50:20,SYSTEM,WEB,0,0,1,0
2026-05-21T20:50:39,SENSOR,SYS,0,0,21,76
2026-05-21T20:51:03,SYSTEM,SYS,0,0,7,95
2026-05-21T20:51:03,SYSTEM,SYS,0,0,8,8153
2026-05-21T20:51:03,SYSTEM,SYS,0,0,12,31
2026-05-21T20:51:10,SENSOR,SYS,0,0,21,76
2026-05-21T20:51:40,SENSOR,SYS,0,0,21,76
2026-05-21T20:52:03,SYSTEM,SYS,0,0,7,95
2026-05-21T20:52:03,SYSTEM,SYS,0,0,8,8153
2026-05-21T20:52:03,SYSTEM,SYS,0,0,12,31
2026-05-21T20:52:10,SENSOR,SYS,0,0,21,76
2026-05-21T20:52:21,SYSTEM,WEB,0,0,1,0
2026-05-21T20:52:40,SENSOR,SYS,0,0,21,76
2026-05-21T20:53:03,SYSTEM,SYS,0,0,7,95
2026-05-21T20:53:03,SYSTEM,SYS,0,0,8,8153
2026-05-21T20:53:03,SYSTEM,SYS,0,0,12,31
2026-05-21T20:53:11,SENSOR,SYS,0,0,21,76
2026-05-21T20:53:41,SENSOR,SYS,0,0,21,76
2026-05-21T20:54:03,SYSTEM,SYS,0,0,7,95
2026-05-21T20:54:03,SYSTEM,SYS,0,0,8,8153
2026-05-21T20:54:03,SYSTEM,SYS,0,0,12,31
2026-05-21T20:54:11,SENSOR,SYS,0,0,21,77
2026-05-21T20:54:21,SYSTEM,WEB,0,0,1,0
2026-05-21T20:54:41,SENSOR,SYS,0,0,21,77
2026-05-21T20:55:03,SYSTEM,SYS,0,0,7,95
2026-05-21T20:55:03,SYSTEM,SYS,0,0,8,8153
2026-05-21T20:55:03,SYSTEM,SYS,0,0,12,31
2026-05-21T20:55:12,SENSOR,SYS,0,0,21,77
2026-05-21T20:55:42,SENSOR,SYS,0,0,21,77
2026-05-21T20:56:03,SYSTEM,SYS,0,0,7,95
2026-05-21T20:56:03,SYSTEM,SYS,0,0,8,8153
2026-05-21T20:56:03,SYSTEM,SYS,0,0,12,31
2026-05-21T20:56:13,SENSOR,SYS,0,0,21,77
2026-05-21T20:56:23,SYSTEM,WEB,0,0,1,0
2026-05-21T20:56:43,SENSOR,SYS,0,0,21,77
2026-05-21T20:57:03,SYSTEM,SYS,0,0,7,95
2026-05-21T20:57:03,SYSTEM,SYS,0,0,8,8153
2026-05-21T20:57:03,SYSTEM,SYS,0,0,12,31
2026-05-21T20:57:13,SENSOR,SYS,0,0,21,77
2026-05-21T20:57:43,SENSOR,SYS,0,0,21,78
2026-05-21T20:58:03,SYSTEM,SYS,0,0,7,95
2026-05-21T20:58:03,SYSTEM,SYS,0,0,8,8153
2026-05-21T20:58:03,SYSTEM,SYS,0,0,12,31
2026-05-21T20:58:14,SENSOR,SYS,0,0,21,78
2026-05-21T20:58:25,SYSTEM,WEB,0,0,1,0
2026-05-21T20:58:44,SENSOR,SYS,0,0,21,78
2026-05-21T20:59:03,SYSTEM,SYS,0,0,7,95
2026-05-21T20:59:03,SYSTEM,SYS,0,0,8,8153
2026-05-21T20:59:03,SYSTEM,SYS,0,0,12,31
2026-05-21T20:59:15,SENSOR,SYS,0,0,21,78
2026-05-21T20:59:45,SENSOR,SYS,0,0,21,78
2026-05-21T21:00:03,SYSTEM,SYS,0,0,7,95
2026-05-21T21:00:03,SYSTEM,SYS,0,0,8,8153
2026-05-21T21:00:03,SYSTEM,SYS,0,0,12,31
2026-05-21T21:00:15,SENSOR,SYS,0,0,21,78
2026-05-21T21:00:24,SYSTEM,WEB,0,0,1,0
2026-05-21T21:00:45,SENSOR,SYS,0,0,21,78
2026-05-21T21:01:03,SYSTEM,SYS,0,0,7,95
2026-05-21T21:01:03,SYSTEM,SYS,0,0,8,8153
2026-05-21T21:01:03,SYSTEM,SYS,0,0,12,31
2026-05-21T21:01:16,SENSOR,SYS,0,0,21,78
2026-05-21T21:01:46,SENSOR,SYS,0,0,21,78
2026-05-21T21:02:03,SYSTEM,SYS,0,0,7,95
2026-05-21T21:02:03,SYSTEM,SYS,0,0,8,8153
2026-05-21T21:02:03,SYSTEM,SYS,0,0,12,31
2026-05-21T21:02:16,SENSOR,SYS,0,0,21,78
2026-05-21T21:02:24,SYSTEM,WEB,0,0,1,0
2026-05-21T21:02:47,SENSOR,SYS,0,0,21,78
2026-05-21T21:03:03,SYSTEM,SYS,0,0,7,95
2026-05-21T21:03:03,SYSTEM,SYS,0,0,8,8153
2026-05-21T21:03:03,SYSTEM,SYS,0,0,12,31
2026-05-21T21:03:17,SENSOR,SYS,0,0,21,79
2026-05-21T21:03:47,SENSOR,SYS,0,0,21,79
2026-05-21T21:04:03,SYSTEM,SYS,0,0,7,95
2026-05-21T21:04:03,SYSTEM,SYS,0,0,8,8153
2026-05-21T21:04:03,SYSTEM,SYS,0,0,12,31
2026-05-21T21:04:17,SENSOR,SYS,0,0,21,79
2026-05-21T21:04:25,SYSTEM,WEB,0,0,1,0
2026-05-21T21:04:48,SENSOR,SYS,0,0,21,79
2026-05-21T21:05:03,SYSTEM,SYS,0,0,7,95
2026-05-21T21:05:03,SYSTEM,SYS,0,0,8,8153
2026-05-21T21:05:03,SYSTEM,SYS,0,0,12,31
2026-05-21T21:05:18,SENSOR,SYS,0,0,21,79
2026-05-21T21:05:49,SENSOR,SYS,0,0,21,79
2026-05-21T21:06:03,SYSTEM,SYS,0,0,7,95
2026-05-21T21:06:03,SYSTEM,SYS,0,0,8,8153
2026-05-21T21:06:03,SYSTEM,SYS,0,0,12,31
2026-05-21T21:06:19,SENSOR,SYS,0,0,21,79
2026-05-21T21:06:27,SYSTEM,WEB,0,0,1,0
2026-05-21T21:06:49,SENSOR,SYS,0,0,21,79
2026-05-21T21:07:03,SYSTEM,SYS,0,0,7,95
2026-05-21T21:07:03,SYSTEM,SYS,0,0,8,8153
2026-05-21T21:07:03,SYSTEM,SYS,0,0,12,31
2026-05-21T21:07:19,SENSOR,SYS,0,0,21,79
2026-05-21T21:07:50,SENSOR,SYS,0,0,21,79
2026-05-21T21:08:03,SYSTEM,SYS,0,0,7,95
2026-05-21T21:08:03,SYSTEM,SYS,0,0,8,8153
2026-05-21T21:08:03,SYSTEM,SYS,0,0,12,31
2026-05-21T21:08:20,SENSOR,SYS,0,0,21,79
2026-05-21T21:08:27,SYSTEM,WEB,0,0,1,0
2026-05-21T21:08:51,SENSOR,SYS,0,0,21,79
2026-05-21T21:09:03,SYSTEM,SYS,0,0,7,95
2026-05-21T21:09:03,SYSTEM,SYS,0,0,8,8153
2026-05-21T21:09:03,SYSTEM,SYS,0,0,12,31
2026-05-21T21:09:21,SENSOR,SYS,0,0,21,80
2026-05-21T21:09:51,SENSOR,SYS,0,0,21,80
2026-05-21T21:10:03,SYSTEM,SYS,0,0,7,95
2026-05-21T21:10:03,SYSTEM,SYS,0,0,8,8153
2026-05-21T21:10:03,SYSTEM,SYS,0,0,12,31
2026-05-21T21:10:21,SENSOR,SYS,0,0,21,80
2026-05-21T21:10:28,SYSTEM,WEB,0,0,1,0
2026-05-21T21:10:52,SENSOR,SYS,0,0,21,80
2026-05-21T21:11:03,SYSTEM,SYS,0,0,7,95
2026-05-21T21:11:03,SYSTEM,SYS,0,0,8,8153
2026-05-21T21:11:03,SYSTEM,SYS,0,0,12,31
2026-05-21T21:11:22,SENSOR,SYS,0,0,20,80
2026-05-21T21:11:52,SENSOR,SYS,0,0,20,80
2026-05-21T21:12:03,SYSTEM,SYS,0,0,7,95
2026-05-21T21:12:03,SYSTEM,SYS,0,0,8,8153
2026-05-21T21:12:03,SYSTEM,SYS,0,0,12,31
2026-05-21T21:12:22,SENSOR,SYS,0,0,20,80
2026-05-21T21:12:28,SYSTEM,WEB,0,0,1,0
2026-05-21T21:12:53,SENSOR,SYS,0,0,20,80
2026-05-21T21:13:03,SYSTEM,SYS,0,0,7,95
2026-05-21T21:13:03,SYSTEM,SYS,0,0,8,8153
2026-05-21T21:13:03,SYSTEM,SYS,0,0,12,31
2026-05-21T21:13:23,SENSOR,SYS,0,0,20,80
2026-05-21T21:13:54,SENSOR,SYS,0,0,20,80
2026-05-21T21:14:03,SYSTEM,SYS,0,0,7,95
2026-05-21T21:14:03,SYSTEM,SYS,0,0,8,8153
2026-05-21T21:14:03,SYSTEM,SYS,0,0,12,31
2026-05-21T21:14:24,SENSOR,SYS,0,0,20,80
2026-05-21T21:14:29,SYSTEM,WEB,0,0,1,0
2026-05-21T21:14:54,SENSOR,SYS,0,0,20,80
2026-05-21T21:15:03,SYSTEM,SYS,0,0,7,95
2026-05-21T21:15:03,SYSTEM,SYS,0,0,8,8153
2026-05-21T21:15:03,SYSTEM,SYS,0,0,12,31
2026-05-21T21:15:24,SENSOR,SYS,0,0,20,80
2026-05-21T21:15:55,SENSOR,SYS,0,0,20,80
2026-05-21T21:16:03,SYSTEM,SYS,0,0,7,95
2026-05-21T21:16:03,SYSTEM,SYS,0,0,8,8153
2026-05-21T21:16:03,SYSTEM,SYS,0,0,12,31
2026-05-21T21:16:25,SENSOR,SYS,0,0,20,80
2026-05-21T21:16:31,SYSTEM,WEB,0,0,1,0
2026-05-21T21:16:56,SENSOR,SYS,0,0,20,80
2026-05-21T21:17:03,SYSTEM,SYS,0,0,7,95
2026-05-21T21:17:03,SYSTEM,SYS,0,0,8,8153
2026-05-21T21:17:03,SYSTEM,SYS,0,0,12,31
2026-05-21T21:17:26,SENSOR,SYS,0,0,20,80
2026-05-21T21:17:56,SENSOR,SYS,0,0,20,80
2026-05-21T21:18:03,SYSTEM,SYS,0,0,7,95
2026-05-21T21:18:03,SYSTEM,SYS,0,0,8,8153
2026-05-21T21:18:03,SYSTEM,SYS,0,0,12,31
2026-05-21T21:18:27,SENSOR,SYS,0,0,20,80
2026-05-21T21:18:32,SYSTEM,WEB,0,0,1,0
2026-05-21T21:18:57,SENSOR,SYS,0,0,20,80
2026-05-21T21:19:03,SYSTEM,SYS,0,0,7,95
2026-05-21T21:19:03,SYSTEM,SYS,0,0,8,8153
2026-05-21T21:19:03,SYSTEM,SYS,0,0,12,31
2026-05-21T21:19:27,SENSOR,SYS,0,0,20,81
2026-05-21T21:19:57,SENSOR,SYS,0,0,20,81
2026-05-21T21:20:03,SYSTEM,SYS,0,0,7,95
2026-05-21T21:20:03,SYSTEM,SYS,0,0,8,8153
2026-05-21T21:20:03,SYSTEM,SYS,0,0,12,31
2026-05-21T21:20:28,SENSOR,SYS,0,0,20,81
2026-05-21T21:20:32,SYSTEM,WEB,0,0,1,0
2026-05-21T21:20:58,SENSOR,SYS,0,0,20,81
2026-05-21T21:21:03,SYSTEM,SYS,0,0,7,95
2026-05-21T21:21:03,SYSTEM,SYS,0,0,8,8153
2026-05-21T21:21:03,SYSTEM,SYS,0,0,12,31
2026-05-21T21:21:28,SENSOR,SYS,0,0,20,81
2026-05-21T21:21:58,SENSOR,SYS,0,0,20,81
2026-05-21T21:22:03,SYSTEM,SYS,0,0,7,95
2026-05-21T21:22:03,SYSTEM,SYS,0,0,8,8153
2026-05-21T21:22:03,SYSTEM,SYS,0,0,12,31
2026-05-21T21:22:29,SENSOR,SYS,0,0,20,81
2026-05-21T21:22:33,SYSTEM,WEB,0,0,1,0
2026-05-21T21:22:59,SENSOR,SYS,0,0,20,81
2026-05-21T21:23:03,SYSTEM,SYS,0,0,7,95
2026-05-21T21:23:03,SYSTEM,SYS,0,0,8,8153
2026-05-21T21:23:03,SYSTEM,SYS,0,0,12,31
2026-05-21T21:23:30,SENSOR,SYS,0,0,20,81
2026-05-21T21:24:00,SENSOR,SYS,0,0,20,81
2026-05-21T21:24:03,SYSTEM,SYS,0,0,7,95
2026-05-21T21:24:03,SYSTEM,SYS,0,0,8,8153
2026-05-21T21:24:03,SYSTEM,SYS,0,0,12,31
2026-05-21T21:24:30,SENSOR,SYS,0,0,20,81
2026-05-21T21:24:33,SYSTEM,WEB,0,0,1,0
2026-05-21T21:25:00,SENSOR,SYS,0,0,20,81
2026-05-21T21:25:03,SYSTEM,SYS,0,0,7,95
2026-05-21T21:25:03,SYSTEM,SYS,0,0,8,8153
2026-05-21T21:25:03,SYSTEM,SYS,0,0,12,31
2026-05-21T21:25:31,SENSOR,SYS,0,0,20,81
2026-05-21T21:25:50,SENSOR,SYS,0,0,20,81
2026-05-21T21:25:52,SYSTEM,SYS,0,0,7,95
2026-05-21T21:25:52,SYSTEM,SYS,0,0,8,8153
2026-05-21T21:25:52,SYSTEM,SYS,0,0,12,31
2026-05-21T21:26:32,SENSOR,SYS,0,0,20,81
2026-05-21T21:26:35,SYSTEM,WEB,0,0,1,0
2026-05-21T21:27:02,SENSOR,SYS,0,0,20,81
2026-05-21T21:27:04,SYSTEM,SYS,0,0,7,95
2026-05-21T21:27:04,SYSTEM,SYS,0,0,8,8153
2026-05-21T21:27:04,SYSTEM,SYS,0,0,12,31
2026-05-21T21:27:32,SENSOR,SYS,0,0,20,81
2026-05-21T21:28:02,SENSOR,SYS,0,0,20,81
2026-05-21T21:28:03,SYSTEM,SYS,0,0,7,95
2026-05-21T21:28:03,SYSTEM,SYS,0,0,8,8153
2026-05-21T21:28:03,SYSTEM,SYS,0,0,12,31
2026-05-21T21:28:33,SENSOR,SYS,0,0,20,81
2026-05-21T21:28:35,SYSTEM,WEB,0,0,1,0
2026-05-21T21:29:03,SENSOR,SYS,0,0,20,82
2026-05-21T21:29:03,SYSTEM,SYS,0,0,7,95
2026-05-21T21:29:03,SYSTEM,SYS,0,0,8,8153
2026-05-21T21:29:03,SYSTEM,SYS,0,0,12,31
2026-05-21T21:29:33,SENSOR,SYS,0,0,20,82
2026-05-21T21:30:03,SYSTEM,SYS,0,0,7,101
2026-05-21T21:30:03,SYSTEM,SYS,0,0,8,8153
2026-05-21T21:30:03,SYSTEM,SYS,0,0,12,31
2026-05-21T21:30:03,SENSOR,SYS,0,0,20,82
2026-05-21T21:30:34,SENSOR,SYS,0,0,20,82
2026-05-21T21:30:36,SYSTEM,WEB,0,0,1,0
2026-05-21T21:31:03,SYSTEM,SYS,0,0,7,101
2026-05-21T21:31:03,SYSTEM,SYS,0,0,8,8153
2026-05-21T21:31:03,SYSTEM,SYS,0,0,12,31
2026-05-21T21:31:04,SENSOR,SYS,0,0,20,82
2026-05-21T21:31:35,SENSOR,SYS,0,0,20,82
2026-05-21T21:32:03,SYSTEM,SYS,0,0,7,101
2026-05-21T21:32:03,SYSTEM,SYS,0,0,8,8153
2026-05-21T21:32:03,SYSTEM,SYS,0,0,12,31
2026-05-21T21:32:05,SENSOR,SYS,0,0,20,82
2026-05-21T21:32:35,SENSOR,SYS,0,0,20,82
2026-05-21T21:32:36,SYSTEM,WEB,0,0,1,0
2026-05-21T21:33:03,SYSTEM,SYS,0,0,7,101
2026-05-21T21:33:03,SYSTEM,SYS,0,0,8,8153
2026-05-21T21:33:03,SYSTEM,SYS,0,0,12,31
2026-05-21T21:33:06,SENSOR,SYS,0,0,20,82
2026-05-21T21:33:36,SENSOR,SYS,0,0,20,82
2026-05-21T21:34:03,SYSTEM,SYS,0,0,7,101
2026-05-21T21:34:03,SYSTEM,SYS,0,0,8,8153
2026-05-21T21:34:03,SYSTEM,SYS,0,0,12,31
2026-05-21T21:34:06,SENSOR,SYS,0,0,20,82
2026-05-21T21:34:36,SENSOR,SYS,0,0,20,82
2026-05-21T21:34:37,SYSTEM,WEB,0,0,1,0
2026-05-21T21:35:03,SYSTEM,SYS,0,0,7,101
2026-05-21T21:35:03,SYSTEM,SYS,0,0,8,8153
2026-05-21T21:35:03,SYSTEM,SYS,0,0,12,31
2026-05-21T21:35:07,SENSOR,SYS,0,0,20,82
2026-05-21T21:35:37,SENSOR,SYS,0,0,20,82
2026-05-21T21:36:03,SYSTEM,SYS,0,0,7,101
2026-05-21T21:36:03,SYSTEM,SYS,0,0,8,8153
2026-05-21T21:36:03,SYSTEM,SYS,0,0,12,31
2026-05-21T21:36:07,SENSOR,SYS,0,0,20,82
2026-05-21T21:36:37,SENSOR,SYS,0,0,20,82
2026-05-21T21:36:38,SYSTEM,WEB,0,0,1,0
2026-05-21T21:37:03,SYSTEM,SYS,0,0,7,101
2026-05-21T21:37:03,SYSTEM,SYS,0,0,8,8153
2026-05-21T21:37:03,SYSTEM,SYS,0,0,12,31
2026-05-21T21:37:08,SENSOR,SYS,0,0,20,82
2026-05-21T21:37:38,SENSOR,SYS,0,0,20,82
2026-05-21T21:38:03,SYSTEM,SYS,0,0,7,101
2026-05-21T21:38:03,SYSTEM,SYS,0,0,8,8153
2026-05-21T21:38:03,SYSTEM,SYS,0,0,12,31
2026-05-21T21:38:09,SENSOR,SYS,0,0,20,82
2026-05-21T21:38:39,SENSOR,SYS,0,0,20,82
2026-05-21T21:38:40,SYSTEM,WEB,0,0,1,0
2026-05-21T21:39:03,SYSTEM,SYS,0,0,7,101
2026-05-21T21:39:03,SYSTEM,SYS,0,0,8,8153
2026-05-21T21:39:03,SYSTEM,SYS,0,0,12,31
2026-05-21T21:39:09,SENSOR,SYS,0,0,20,82
2026-05-21T21:39:39,SENSOR,SYS,0,0,20,82
2026-05-21T21:40:03,SYSTEM,SYS,0,0,7,101
2026-05-21T21:40:03,SYSTEM,SYS,0,0,8,8153
2026-05-21T21:40:03,SYSTEM,SYS,0,0,12,31
2026-05-21T21:40:10,SENSOR,SYS,0,0,20,82
2026-05-21T21:40:39,SYSTEM,WEB,0,0,1,0
2026-05-21T21:40:40,SENSOR,SYS,0,0,20,82
2026-05-21T21:41:03,SYSTEM,SYS,0,0,7,101
2026-05-21T21:41:03,SYSTEM,SYS,0,0,8,8153
2026-05-21T21:41:03,SYSTEM,SYS,0,0,12,31
2026-05-21T21:41:11,SENSOR,SYS,0,0,20,82
2026-05-21T21:41:41,SENSOR,SYS,0,0,20,82
2026-05-21T21:42:03,SYSTEM,SYS,0,0,7,101
2026-05-21T21:42:03,SYSTEM,SYS,0,0,8,8153
2026-05-21T21:42:03,SYSTEM,SYS,0,0,12,31
2026-05-21T21:42:11,SENSOR,SYS,0,0,20,82
2026-05-21T21:42:40,SYSTEM,WEB,0,0,1,0
2026-05-21T21:42:41,SENSOR,SYS,0,0,19,82
2026-05-21T21:43:03,SYSTEM,SYS,0,0,7,101
2026-05-21T21:43:03,SYSTEM,SYS,0,0,8,8153
2026-05-21T21:43:03,SYSTEM,SYS,0,0,12,31
2026-05-21T21:43:12,SENSOR,SYS,0,0,19,82
2026-05-21T21:43:42,SENSOR,SYS,0,0,19,82
2026-05-21T21:44:03,SYSTEM,SYS,0,0,7,101
2026-05-21T21:44:03,SYSTEM,SYS,0,0,8,8153
2026-05-21T21:44:03,SYSTEM,SYS,0,0,12,31
2026-05-21T21:44:12,SENSOR,SYS,0,0,19,82
2026-05-21T21:44:41,SYSTEM,WEB,0,0,1,0
2026-05-21T21:44:42,SENSOR,SYS,0,0,19,82
2026-05-21T21:45:03,SYSTEM,SYS,0,0,7,101
2026-05-21T21:45:03,SYSTEM,SYS,0,0,8,8153
2026-05-21T21:45:03,SYSTEM,SYS,0,0,12,31
2026-05-21T21:45:13,SENSOR,SYS,0,0,19,82
2026-05-21T21:45:43,SENSOR,SYS,0,0,19,82
2026-05-21T21:46:03,SYSTEM,SYS,0,0,7,101
2026-05-21T21:46:03,SYSTEM,SYS,0,0,8,8153
2026-05-21T21:46:03,SYSTEM,SYS,0,0,12,31
2026-05-21T21:46:14,SENSOR,SYS,0,0,19,82
2026-05-21T21:46:41,SYSTEM,WEB,0,0,1,0
2026-05-21T21:46:44,SENSOR,SYS,0,0,19,82
2026-05-21T21:47:03,SYSTEM,SYS,0,0,7,101
2026-05-21T21:47:03,SYSTEM,SYS,0,0,8,8153
2026-05-21T21:47:03,SYSTEM,SYS,0,0,12,31
2026-05-21T21:47:14,SENSOR,SYS,0,0,19,82
2026-05-21T21:47:45,SENSOR,SYS,0,0,19,82
2026-05-21T21:48:03,SYSTEM,SYS,0,0,7,101
2026-05-21T21:48:03,SYSTEM,SYS,0,0,8,8153
2026-05-21T21:48:03,SYSTEM,SYS,0,0,12,31
2026-05-21T21:48:15,SENSOR,SYS,0,0,19,82
2026-05-21T21:48:42,SYSTEM,WEB,0,0,1,0
2026-05-21T21:48:45,SENSOR,SYS,0,0,19,82
2026-05-21T21:49:03,SYSTEM,SYS,0,0,7,101
2026-05-21T21:49:03,SYSTEM,SYS,0,0,8,8153
2026-05-21T21:49:03,SYSTEM,SYS,0,0,12,31
2026-05-21T21:49:15,SENSOR,SYS,0,0,19,82
2026-05-21T21:49:46,SENSOR,SYS,0,0,19,82
2026-05-21T21:50:03,SYSTEM,SYS,0,0,7,101
2026-05-21T21:50:03,SYSTEM,SYS,0,0,8,8153
2026-05-21T21:50:03,SYSTEM,SYS,0,0,12,31
2026-05-21T21:50:16,SENSOR,SYS,0,0,19,82
2026-05-21T21:50:43,SYSTEM,WEB,0,0,1,0
2026-05-21T21:50:47,SENSOR,SYS,0,0,19,82
2026-05-21T21:51:03,SYSTEM,SYS,0,0,7,101
2026-05-21T21:51:03,SYSTEM,SYS,0,0,8,8153
2026-05-21T21:51:03,SYSTEM,SYS,0,0,12,31
2026-05-21T21:51:17,SENSOR,SYS,0,0,19,82
2026-05-21T21:51:47,SENSOR,SYS,0,0,19,82
2026-05-21T21:52:03,SYSTEM,SYS,0,0,7,101
2026-05-21T21:52:03,SYSTEM,SYS,0,0,8,8153
2026-05-21T21:52:03,SYSTEM,SYS,0,0,12,31
2026-05-21T21:52:17,SENSOR,SYS,0,0,19,82
2026-05-21T21:52:44,SYSTEM,WEB,0,0,1,0
2026-05-21T21:52:48,SENSOR,SYS,0,0,19,82
2026-05-21T21:53:03,SYSTEM,SYS,0,0,7,101
2026-05-21T21:53:03,SYSTEM,SYS,0,0,8,8153
2026-05-21T21:53:03,SYSTEM,SYS,0,0,12,31
2026-05-21T21:53:18,SENSOR,SYS,0,0,19,82
2026-05-21T21:53:48,SENSOR,SYS,0,0,19,82
2026-05-21T21:54:03,SYSTEM,SYS,0,0,7,101
2026-05-21T21:54:03,SYSTEM,SYS,0,0,8,8153
2026-05-21T21:54:03,SYSTEM,SYS,0,0,12,31
2026-05-21T21:54:18,SENSOR,SYS,0,0,18,82
2026-05-21T21:54:44,SYSTEM,WEB,0,0,1,0
2026-05-21T21:54:49,SENSOR,SYS,0,0,18,82
2026-05-21T21:55:03,SYSTEM,SYS,0,0,7,101
2026-05-21T21:55:03,SYSTEM,SYS,0,0,8,8153
2026-05-21T21:55:03,SYSTEM,SYS,0,0,12,31
2026-05-21T21:55:19,SENSOR,SYS,0,0,18,82
2026-05-21T21:55:50,SENSOR,SYS,0,0,18,82
2026-05-21T21:56:03,SYSTEM,SYS,0,0,7,101
2026-05-21T21:56:03,SYSTEM,SYS,0,0,8,8153
2026-05-21T21:56:03,SYSTEM,SYS,0,0,12,31
2026-05-21T21:56:20,SENSOR,SYS,0,0,18,82
2026-05-21T21:56:45,SYSTEM,WEB,0,0,1,0
2026-05-21T21:56:50,SENSOR,SYS,0,0,18,82
2026-05-21T21:57:03,SYSTEM,SYS,0,0,7,101
2026-05-21T21:57:03,SYSTEM,SYS,0,0,8,8153
2026-05-21T21:57:03,SYSTEM,SYS,0,0,12,31
2026-05-21T21:57:20,SENSOR,SYS,0,0,18,82
2026-05-21T21:57:51,SENSOR,SYS,0,0,18,82
2026-05-21T21:58:03,SYSTEM,SYS,0,0,7,101
2026-05-21T21:58:03,SYSTEM,SYS,0,0,8,8153
2026-05-21T21:58:03,SYSTEM,SYS,0,0,12,31
2026-05-21T21:58:21,SENSOR,SYS,0,0,18,82
2026-05-21T21:58:47,SYSTEM,WEB,0,0,1,0
2026-05-21T21:58:52,SENSOR,SYS,0,0,18,81
2026-05-21T21:59:03,SYSTEM,SYS,0,0,7,101
2026-05-21T21:59:03,SYSTEM,SYS,0,0,8,8153
2026-05-21T21:59:03,SYSTEM,SYS,0,0,12,31
2026-05-21T21:59:22,SENSOR,SYS,0,0,18,82
2026-05-21T21:59:52,SENSOR,SYS,0,0,18,82
2026-05-21T22:00:03,SYSTEM,SYS,0,0,7,101
2026-05-21T22:00:03,SYSTEM,SYS,0,0,8,8153
2026-05-21T22:00:03,SYSTEM,SYS,0,0,12,31
2026-05-21T22:00:22,SENSOR,SYS,0,0,18,82
2026-05-21T22:00:47,SYSTEM,WEB,0,0,1,0
2026-05-21T22:00:53,SENSOR,SYS,0,0,18,82
2026-05-21T22:01:03,SYSTEM,SYS,0,0,7,101
2026-05-21T22:01:03,SYSTEM,SYS,0,0,8,8153
2026-05-21T22:01:03,SYSTEM,SYS,0,0,12,31
2026-05-21T22:01:23,SENSOR,SYS,0,0,18,82
2026-05-21T22:01:53,SENSOR,SYS,0,0,18,82
2026-05-21T22:02:03,SYSTEM,SYS,0,0,7,101
2026-05-21T22:02:03,SYSTEM,SYS,0,0,8,8153
2026-05-21T22:02:03,SYSTEM,SYS,0,0,12,31
2026-05-21T22:02:23,SENSOR,SYS,0,0,18,82
2026-05-21T22:02:48,SYSTEM,WEB,0,0,1,0
2026-05-21T22:02:54,SENSOR,SYS,0,0,18,82
2026-05-21T22:03:03,SYSTEM,SYS,0,0,7,101
2026-05-21T22:03:03,SYSTEM,SYS,0,0,8,8153
2026-05-21T22:03:03,SYSTEM,SYS,0,0,12,31
2026-05-21T22:03:24,SENSOR,SYS,0,0,18,82
2026-05-21T22:03:54,SENSOR,SYS,0,0,18,83
2026-05-21T22:04:03,SYSTEM,SYS,0,0,7,101
2026-05-21T22:04:03,SYSTEM,SYS,0,0,8,8153
2026-05-21T22:04:03,SYSTEM,SYS,0,0,12,31
2026-05-21T22:04:25,SENSOR,SYS,0,0,18,83
2026-05-21T22:04:48,SYSTEM,WEB,0,0,1,0
2026-05-21T22:04:55,SENSOR,SYS,0,0,18,83
2026-05-21T22:05:03,SYSTEM,SYS,0,0,7,101
2026-05-21T22:05:03,SYSTEM,SYS,0,0,8,8153
2026-05-21T22:05:03,SYSTEM,SYS,0,0,12,31
2026-05-21T22:05:26,SENSOR,SYS,0,0,18,83
2026-05-21T22:05:56,SENSOR,SYS,0,0,18,83
2026-05-21T22:06:03,SYSTEM,SYS,0,0,7,101
2026-05-21T22:06:03,SYSTEM,SYS,0,0,8,8153
2026-05-21T22:06:03,SYSTEM,SYS,0,0,12,31
2026-05-21T22:06:26,SENSOR,SYS,0,0,18,83
2026-05-21T22:06:49,SYSTEM,WEB,0,0,1,0
2026-05-21T22:06:56,SENSOR,SYS,0,0,18,83
2026-05-21T22:07:03,SYSTEM,SYS,0,0,7,101
2026-05-21T22:07:03,SYSTEM,SYS,0,0,8,8153
2026-05-21T22:07:03,SYSTEM,SYS,0,0,12,31
2026-05-21T22:07:27,SENSOR,SYS,0,0,18,83
2026-05-21T22:07:57,SENSOR,SYS,0,0,18,84
2026-05-21T22:08:03,SYSTEM,SYS,0,0,7,101
2026-05-21T22:08:03,SYSTEM,SYS,0,0,8,8153
2026-05-21T22:08:03,SYSTEM,SYS,0,0,12,31
2026-05-21T22:08:27,SENSOR,SYS,0,0,18,84
2026-05-21T22:08:49,SYSTEM,WEB,0,0,1,0
2026-05-21T22:08:57,SENSOR,SYS,0,0,18,84
2026-05-21T22:09:03,SYSTEM,SYS,0,0,7,101
2026-05-21T22:09:03,SYSTEM,SYS,0,0,8,8153
2026-05-21T22:09:03,SYSTEM,SYS,0,0,12,31
2026-05-21T22:09:28,SENSOR,SYS,0,0,18,84
2026-05-21T22:09:58,SENSOR,SYS,0,0,18,84
2026-05-21T22:10:03,SYSTEM,SYS,0,0,7,101
2026-05-21T22:10:03,SYSTEM,SYS,0,0,8,8153
2026-05-21T22:10:03,SYSTEM,SYS,0,0,12,31
2026-05-21T22:10:29,SENSOR,SYS,0,0,18,84
2026-05-21T22:10:51,SYSTEM,WEB,0,0,1,0
2026-05-21T22:10:59,SENSOR,SYS,0,0,18,84
2026-05-21T22:11:03,SYSTEM,SYS,0,0,7,101
2026-05-21T22:11:03,SYSTEM,SYS,0,0,8,8153
2026-05-21T22:11:03,SYSTEM,SYS,0,0,12,31
2026-05-21T22:11:29,SENSOR,SYS,0,0,17,84
2026-05-21T22:11:59,SENSOR,SYS,0,0,17,84
2026-05-21T22:12:03,SYSTEM,SYS,0,0,7,101
2026-05-21T22:12:03,SYSTEM,SYS,0,0,8,8153
2026-05-21T22:12:03,SYSTEM,SYS,0,0,12,31
2026-05-21T22:12:30,SENSOR,SYS,0,0,17,84
2026-05-21T22:12:52,SYSTEM,WEB,0,0,1,0
2026-05-21T22:13:00,SENSOR,SYS,0,0,17,84
2026-05-21T22:13:03,SYSTEM,SYS,0,0,7,101
2026-05-21T22:13:03,SYSTEM,SYS,0,0,8,8153
2026-05-21T22:13:03,SYSTEM,SYS,0,0,12,31
2026-05-21T22:13:31,SENSOR,SYS,0,0,17,84
2026-05-21T22:14:01,SENSOR,SYS,0,0,17,84
2026-05-21T22:14:03,SYSTEM,SYS,0,0,7,101
2026-05-21T22:14:03,SYSTEM,SYS,0,0,8,8153
2026-05-21T22:14:03,SYSTEM,SYS,0,0,12,31
2026-05-21T22:14:31,SENSOR,SYS,0,0,17,85
2026-05-21T22:14:52,SYSTEM,WEB,0,0,1,0
2026-05-21T22:15:01,SENSOR,SYS,0,0,17,85
2026-05-21T22:15:03,SYSTEM,SYS,0,0,7,102
2026-05-21T22:15:03,SYSTEM,SYS,0,0,8,8153
2026-05-21T22:15:03,SYSTEM,SYS,0,0,12,31
2026-05-21T22:15:32,SENSOR,SYS,0,0,17,85
2026-05-21T22:16:02,SENSOR,SYS,0,0,17,85
2026-05-21T22:16:03,SYSTEM,SYS,0,0,7,102
2026-05-21T22:16:03,SYSTEM,SYS,0,0,8,8153
2026-05-21T22:16:03,SYSTEM,SYS,0,0,12,31
2026-05-21T22:16:32,SENSOR,SYS,0,0,17,85
2026-05-21T22:16:53,SYSTEM,WEB,0,0,1,0
2026-05-21T22:17:02,SENSOR,SYS,0,0,17,85
2026-05-21T22:17:03,SYSTEM,SYS,0,0,7,102
2026-05-21T22:17:03,SYSTEM,SYS,0,0,8,8153
2026-05-21T22:17:03,SYSTEM,SYS,0,0,12,31
2026-05-21T22:17:33,SENSOR,SYS,0,0,17,85
2026-05-21T22:18:03,SYSTEM,SYS,0,0,7,102
2026-05-21T22:18:03,SYSTEM,SYS,0,0,8,8153
2026-05-21T22:18:03,SYSTEM,SYS,0,0,12,31
2026-05-21T22:18:03,SENSOR,SYS,0,0,17,85
2026-05-21T22:18:33,SENSOR,SYS,0,0,17,85
2026-05-21T22:18:54,SYSTEM,WEB,0,0,1,0
2026-05-21T22:19:03,SYSTEM,SYS,0,0,7,102
2026-05-21T22:19:03,SYSTEM,SYS,0,0,8,8153
2026-05-21T22:19:03,SYSTEM,SYS,0,0,12,31
2026-05-21T22:19:04,SENSOR,SYS,0,0,17,85
2026-05-21T22:19:34,SENSOR,SYS,0,0,17,85
2026-05-21T22:20:03,SYSTEM,SYS,0,0,7,102
2026-05-21T22:20:03,SYSTEM,SYS,0,0,8,8153
2026-05-21T22:20:03,SYSTEM,SYS,0,0,12,31
2026-05-21T22:20:05,SENSOR,SYS,0,0,17,85
2026-05-21T22:20:35,SENSOR,SYS,0,0,17,85
2026-05-21T22:20:56,SYSTEM,WEB,0,0,1,0
2026-05-21T22:21:03,SYSTEM,SYS,0,0,7,102
2026-05-21T22:21:03,SYSTEM,SYS,0,0,8,8153
2026-05-21T22:21:03,SYSTEM,SYS,0,0,12,31
2026-05-21T22:21:05,SENSOR,SYS,0,0,17,85
2026-05-21T22:21:35,SENSOR,SYS,0,0,17,86
2026-05-21T22:22:03,SYSTEM,SYS,0,0,7,102
2026-05-21T22:22:03,SYSTEM,SYS,0,0,8,8153
2026-05-21T22:22:03,SYSTEM,SYS,0,0,12,31
2026-05-21T22:22:06,SENSOR,SYS,0,0,17,86
2026-05-21T22:22:36,SENSOR,SYS,0,0,17,86
2026-05-21T22:22:55,SYSTEM,WEB,0,0,1,0
2026-05-21T22:23:04,SYSTEM,SYS,0,0,7,102
2026-05-21T22:23:04,SYSTEM,SYS,0,0,8,8153
2026-05-21T22:23:04,SYSTEM,SYS,0,0,12,31
2026-05-21T22:23:07,SENSOR,SYS,0,0,17,86
2026-05-21T22:23:37,SENSOR,SYS,0,0,17,86
2026-05-21T22:24:03,SYSTEM,SYS,0,0,7,102
2026-05-21T22:24:03,SYSTEM,SYS,0,0,8,8153
2026-05-21T22:24:03,SYSTEM,SYS,0,0,12,31
2026-05-21T22:24:07,SENSOR,SYS,0,0,17,86
2026-05-21T22:24:37,SENSOR,SYS,0,0,17,86
2026-05-21T22:24:56,SYSTEM,WEB,0,0,1,0
2026-05-21T22:25:03,SYSTEM,SYS,0,0,7,102
2026-05-21T22:25:03,SYSTEM,SYS,0,0,8,8153
2026-05-21T22:25:03,SYSTEM,SYS,0,0,12,31
2026-05-21T22:25:08,SENSOR,SYS,0,0,17,86
2026-05-21T22:25:38,SENSOR,SYS,0,0,17,86
2026-05-21T22:26:03,SYSTEM,SYS,0,0,7,102
2026-05-21T22:26:03,SYSTEM,SYS,0,0,8,8153
2026-05-21T22:26:03,SYSTEM,SYS,0,0,12,31
2026-05-21T22:26:08,SENSOR,SYS,0,0,17,86
2026-05-21T22:26:38,SENSOR,SYS,0,0,17,86
2026-05-21T22:26:57,SYSTEM,WEB,0,0,1,0
2026-05-21T22:27:03,SYSTEM,SYS,0,0,7,102
2026-05-21T22:27:03,SYSTEM,SYS,0,0,8,8153
2026-05-21T22:27:03,SYSTEM,SYS,0,0,12,31
2026-05-21T22:27:09,SENSOR,SYS,0,0,17,86
2026-05-21T22:27:39,SENSOR,SYS,0,0,17,86
2026-05-21T22:28:03,SYSTEM,SYS,0,0,7,102
2026-05-21T22:28:03,SYSTEM,SYS,0,0,8,8153
2026-05-21T22:28:03,SYSTEM,SYS,0,0,12,31
2026-05-21T22:28:10,SENSOR,SYS,0,0,17,86
2026-05-21T22:28:40,SENSOR,SYS,0,0,17,86
2026-05-21T22:28:57,SYSTEM,WEB,0,0,1,0
2026-05-21T22:29:03,SYSTEM,SYS,0,0,7,102
2026-05-21T22:29:03,SYSTEM,SYS,0,0,8,8153
2026-05-21T22:29:03,SYSTEM,SYS,0,0,12,31
2026-05-21T22:29:10,SENSOR,SYS,0,0,17,86
2026-05-21T22:29:40,SENSOR,SYS,0,0,16,86
2026-05-21T22:30:03,SYSTEM,SYS,0,0,7,102
2026-05-21T22:30:03,SYSTEM,SYS,0,0,8,8153
2026-05-21T22:30:03,SYSTEM,SYS,0,0,12,31
2026-05-21T22:30:11,SENSOR,SYS,0,0,16,86
2026-05-21T22:30:41,SENSOR,SYS,0,0,16,86
2026-05-21T22:30:59,SYSTEM,WEB,0,0,1,0
2026-05-21T22:31:04,SYSTEM,SYS,0,0,7,102
2026-05-21T22:31:04,SYSTEM,SYS,0,0,8,8153
2026-05-21T22:31:04,SYSTEM,SYS,0,0,12,31
2026-05-21T22:31:12,SENSOR,SYS,0,0,16,86
2026-05-21T22:31:42,SENSOR,SYS,0,0,16,86
2026-05-21T22:32:03,SYSTEM,SYS,0,0,7,102
2026-05-21T22:32:03,SYSTEM,SYS,0,0,8,8153
2026-05-21T22:32:03,SYSTEM,SYS,0,0,12,31
2026-05-21T22:32:12,SENSOR,SYS,0,0,16,86
2026-05-21T22:32:42,SENSOR,SYS,0,0,16,86
2026-05-21T22:33:00,SYSTEM,WEB,0,0,1,0
2026-05-21T22:33:03,SYSTEM,SYS,0,0,7,102
2026-05-21T22:33:03,SYSTEM,SYS,0,0,8,8153
2026-05-21T22:33:03,SYSTEM,SYS,0,0,12,31
2026-05-21T22:33:13,SENSOR,SYS,0,0,16,86
2026-05-21T22:33:43,SENSOR,SYS,0,0,16,86
2026-05-21T22:34:03,SYSTEM,SYS,0,0,7,102
2026-05-21T22:34:03,SYSTEM,SYS,0,0,8,8153
2026-05-21T22:34:03,SYSTEM,SYS,0,0,12,31
2026-05-21T22:34:13,SENSOR,SYS,0,0,16,86
2026-05-21T22:34:44,SENSOR,SYS,0,0,16,86
2026-05-21T22:35:01,SYSTEM,WEB,0,0,1,0
2026-05-21T22:35:03,SYSTEM,SYS,0,0,7,102
2026-05-21T22:35:03,SYSTEM,SYS,0,0,8,8153
2026-05-21T22:35:03,SYSTEM,SYS,0,0,12,31
2026-05-21T22:35:14,SENSOR,SYS,0,0,16,86
2026-05-21T22:35:44,SENSOR,SYS,0,0,16,86
2026-05-21T22:36:03,SYSTEM,SYS,0,0,7,102
2026-05-21T22:36:03,SYSTEM,SYS,0,0,8,8153
2026-05-21T22:36:03,SYSTEM,SYS,0,0,12,31
2026-05-21T22:36:14,SENSOR,SYS,0,0,16,86
2026-05-21T22:36:45,SENSOR,SYS,0,0,16,86
2026-05-21T22:37:00,SYSTEM,WEB,0,0,1,0
2026-05-21T22:37:03,SYSTEM,SYS,0,0,7,102
2026-05-21T22:37:03,SYSTEM,SYS,0,0,8,8153
2026-05-21T22:37:03,SYSTEM,SYS,0,0,12,31
2026-05-21T22:37:15,SENSOR,SYS,0,0,16,85
2026-05-21T22:37:46,SENSOR,SYS,0,0,16,85
2026-05-21T22:38:03,SYSTEM,SYS,0,0,7,102
2026-05-21T22:38:03,SYSTEM,SYS,0,0,8,8153
2026-05-21T22:38:03,SYSTEM,SYS,0,0,12,31
2026-05-21T22:38:16,SENSOR,SYS,0,0,16,85
2026-05-21T22:38:46,SENSOR,SYS,0,0,16,85
2026-05-21T22:39:01,SYSTEM,WEB,0,0,1,0
2026-05-21T22:39:03,SYSTEM,SYS,0,0,7,102
2026-05-21T22:39:03,SYSTEM,SYS,0,0,8,8153
2026-05-21T22:39:03,SYSTEM,SYS,0,0,12,31
2026-05-21T22:39:16,SENSOR,SYS,0,0,16,85
2026-05-21T22:39:47,SENSOR,SYS,0,0,16,85
2026-05-21T22:40:03,SYSTEM,SYS,0,0,7,102
2026-05-21T22:40:03,SYSTEM,SYS,0,0,8,8153
2026-05-21T22:40:03,SYSTEM,SYS,0,0,12,31
2026-05-21T22:40:17,SENSOR,SYS,0,0,16,85
2026-05-21T22:40:48,SENSOR,SYS,0,0,16,85
2026-05-21T22:41:02,SYSTEM,WEB,0,0,1,0
2026-05-21T22:41:04,SYSTEM,SYS,0,0,7,102
2026-05-21T22:41:04,SYSTEM,SYS,0,0,8,8153
2026-05-21T22:41:04,SYSTEM,SYS,0,0,12,31
2026-05-21T22:41:18,SENSOR,SYS,0,0,16,86
2026-05-21T22:41:48,SENSOR,SYS,0,0,16,86
2026-05-21T22:42:03,SYSTEM,SYS,0,0,7,102
2026-05-21T22:42:03,SYSTEM,SYS,0,0,8,8153
2026-05-21T22:42:03,SYSTEM,SYS,0,0,12,31
2026-05-21T22:42:18,SENSOR,SYS,0,0,16,86
2026-05-21T22:42:49,SENSOR,SYS,0,0,16,86
2026-05-21T22:43:03,SYSTEM,WEB,0,0,1,0
2026-05-21T22:43:03,SYSTEM,SYS,0,0,7,102
2026-05-21T22:43:03,SYSTEM,SYS,0,0,8,8153
2026-05-21T22:43:03,SYSTEM,SYS,0,0,12,31
2026-05-21T22:43:19,SENSOR,SYS,0,0,16,86
2026-05-21T22:43:49,SENSOR,SYS,0,0,16,86
2026-05-21T22:44:03,SYSTEM,SYS,0,0,7,102
2026-05-21T22:44:03,SYSTEM,SYS,0,0,8,8153
2026-05-21T22:44:03,SYSTEM,SYS,0,0,12,31
2026-05-21T22:44:19,SENSOR,SYS,0,0,16,87
2026-05-21T22:44:50,SENSOR,SYS,0,0,16,87
2026-05-21T22:45:03,SYSTEM,SYS,0,0,7,61
2026-05-21T22:45:03,SYSTEM,SYS,0,0,8,8153
2026-05-21T22:45:03,SYSTEM,SYS,0,0,12,28
2026-05-21T22:45:03,SYSTEM,WEB,0,0,1,0
2026-05-21T22:45:20,SENSOR,SYS,0,0,16,87
2026-05-21T22:45:51,SENSOR,SYS,0,0,16,87
2026-05-21T22:46:03,SYSTEM,SYS,0,0,7,102
2026-05-21T22:46:03,SYSTEM,SYS,0,0,8,8153
2026-05-21T22:46:03,SYSTEM,SYS,0,0,12,31
2026-05-21T22:46:21,SENSOR,SYS,0,0,16,87
2026-05-21T22:46:51,SENSOR,SYS,0,0,16,87
2026-05-21T22:47:03,SYSTEM,SYS,0,0,7,102
2026-05-21T22:47:03,SYSTEM,SYS,0,0,8,8153
2026-05-21T22:47:03,SYSTEM,SYS,0,0,12,31
2026-05-21T22:47:04,SYSTEM,WEB,0,0,1,0
2026-05-21T22:47:21,SENSOR,SYS,0,0,16,87
2026-05-21T22:47:52,SENSOR,SYS,0,0,16,88
2026-05-21T22:48:03,SYSTEM,SYS,0,0,7,102
2026-05-21T22:48:03,SYSTEM,SYS,0,0,8,8153
2026-05-21T22:48:03,SYSTEM,SYS,0,0,12,31
2026-05-21T22:48:22,SENSOR,SYS,0,0,16,88
2026-05-21T22:48:52,SENSOR,SYS,0,0,16,88
2026-05-21T22:49:03,SYSTEM,SYS,0,0,7,102
2026-05-21T22:49:03,SYSTEM,SYS,0,0,8,8153
2026-05-21T22:49:03,SYSTEM,SYS,0,0,12,31
2026-05-21T22:49:05,SYSTEM,WEB,0,0,1,0
2026-05-21T22:49:23,SENSOR,SYS,0,0,16,88
2026-05-21T22:49:53,SENSOR,SYS,0,0,16,88
2026-05-21T22:50:03,SYSTEM,SYS,0,0,7,102
2026-05-21T22:50:03,SYSTEM,SYS,0,0,8,8153
2026-05-21T22:50:03,SYSTEM,SYS,0,0,12,31
2026-05-21T22:50:23,SENSOR,SYS,0,0,16,88
2026-05-21T22:50:53,SENSOR,SYS,0,0,16,88
2026-05-21T22:51:03,SYSTEM,SYS,0,0,7,102
2026-05-21T22:51:03,SYSTEM,SYS,0,0,8,8153
2026-05-21T22:51:03,SYSTEM,SYS,0,0,12,31
2026-05-21T22:51:05,SYSTEM,WEB,0,0,1,0
2026-05-21T22:51:24,SENSOR,SYS,0,0,16,88
2026-05-21T22:51:54,SENSOR,SYS,0,0,16,88
2026-05-21T22:52:03,SYSTEM,SYS,0,0,7,102
2026-05-21T22:52:03,SYSTEM,SYS,0,0,8,8153
2026-05-21T22:52:03,SYSTEM,SYS,0,0,12,31
2026-05-21T22:52:25,SENSOR,SYS,0,0,16,88
2026-05-21T22:52:55,SENSOR,SYS,0,0,16,88
2026-05-21T22:53:03,SYSTEM,SYS,0,0,7,102
2026-05-21T22:53:03,SYSTEM,SYS,0,0,8,8153
2026-05-21T22:53:03,SYSTEM,SYS,0,0,12,31
2026-05-21T22:53:07,SYSTEM,WEB,0,0,1,0
2026-05-21T22:53:25,SENSOR,SYS,0,0,16,88
2026-05-21T22:53:55,SENSOR,SYS,0,0,16,88
2026-05-21T22:54:03,SYSTEM,SYS,0,0,7,102
2026-05-21T22:54:03,SYSTEM,SYS,0,0,8,8153
2026-05-21T22:54:03,SYSTEM,SYS,0,0,12,31
2026-05-21T22:54:26,SENSOR,SYS,0,0,15,88
2026-05-21T22:54:56,SENSOR,SYS,0,0,15,88
2026-05-21T22:55:03,SYSTEM,SYS,0,0,7,102
2026-05-21T22:55:03,SYSTEM,SYS,0,0,8,8153
2026-05-21T22:55:03,SYSTEM,SYS,0,0,12,31
2026-05-21T22:55:07,SYSTEM,WEB,0,0,1,0
2026-05-21T22:55:27,SENSOR,SYS,0,0,15,88
2026-05-21T22:55:57,SENSOR,SYS,0,0,15,88
2026-05-21T22:56:04,SYSTEM,SYS,0,0,7,102
2026-05-21T22:56:04,SYSTEM,SYS,0,0,8,8153
2026-05-21T22:56:04,SYSTEM,SYS,0,0,12,31
2026-05-21T22:56:27,SENSOR,SYS,0,0,15,88
2026-05-21T22:56:57,SENSOR,SYS,0,0,15,88
2026-05-21T22:57:03,SYSTEM,SYS,0,0,7,102
2026-05-21T22:57:03,SYSTEM,SYS,0,0,8,8153
2026-05-21T22:57:03,SYSTEM,SYS,0,0,12,31
2026-05-21T22:57:08,SYSTEM,WEB,0,0,1,0
2026-05-21T22:57:28,SENSOR,SYS,0,0,15,89
2026-05-21T22:57:58,SENSOR,SYS,0,0,15,89
2026-05-21T22:58:03,SYSTEM,SYS,0,0,7,102
2026-05-21T22:58:03,SYSTEM,SYS,0,0,8,8153
2026-05-21T22:58:03,SYSTEM,SYS,0,0,12,31
2026-05-21T22:58:28,SENSOR,SYS,0,0,15,89
2026-05-21T22:58:58,SENSOR,SYS,0,0,15,89
2026-05-21T22:59:03,SYSTEM,SYS,0,0,7,102
2026-05-21T22:59:03,SYSTEM,SYS,0,0,8,8153
2026-05-21T22:59:03,SYSTEM,SYS,0,0,12,31
2026-05-21T22:59:09,SYSTEM,WEB,0,0,1,0
2026-05-21T22:59:29,SENSOR,SYS,0,0,15,89
2026-05-21T22:59:59,SENSOR,SYS,0,0,15,89
2026-05-21T23:00:03,SYSTEM,SYS,0,0,7,102
2026-05-21T23:00:03,SYSTEM,SYS,0,0,8,8153
2026-05-21T23:00:03,SYSTEM,SYS,0,0,12,31
2026-05-21T23:00:30,SENSOR,SYS,0,0,15,89
2026-05-21T23:01:00,SENSOR,SYS,0,0,15,89
2026-05-21T23:01:03,SYSTEM,SYS,0,0,7,102
2026-05-21T23:01:03,SYSTEM,SYS,0,0,8,8153
2026-05-21T23:01:03,SYSTEM,SYS,0,0,12,31
2026-05-21T23:01:10,SYSTEM,WEB,0,0,1,0
2026-05-21T23:01:30,SENSOR,SYS,0,0,15,89
2026-05-21T23:02:00,SENSOR,SYS,0,0,15,89
2026-05-21T23:02:03,SYSTEM,SYS,0,0,7,102
2026-05-21T23:02:03,SYSTEM,SYS,0,0,8,8153
2026-05-21T23:02:03,SYSTEM,SYS,0,0,12,31
2026-05-21T23:02:31,SENSOR,SYS,0,0,15,89
2026-05-21T23:03:01,SENSOR,SYS,0,0,15,89
2026-05-21T23:03:04,SYSTEM,SYS,0,0,7,102
2026-05-21T23:03:04,SYSTEM,SYS,0,0,8,8153
2026-05-21T23:03:04,SYSTEM,SYS,0,0,12,31
2026-05-21T23:03:11,SYSTEM,WEB,0,0,1,0
2026-05-21T23:03:32,SENSOR,SYS,0,0,15,89
2026-05-21T23:04:02,SENSOR,SYS,0,0,15,89
2026-05-21T23:04:03,SYSTEM,SYS,0,0,7,102
2026-05-21T23:04:03,SYSTEM,SYS,0,0,8,8153
2026-05-21T23:04:03,SYSTEM,SYS,0,0,12,31
2026-05-21T23:04:32,SENSOR,SYS,0,0,15,89
2026-05-21T23:05:03,SENSOR,SYS,0,0,15,89
2026-05-21T23:05:04,SYSTEM,SYS,0,0,7,102
2026-05-21T23:05:04,SYSTEM,SYS,0,0,8,8153
2026-05-21T23:05:04,SYSTEM,SYS,0,0,12,31
2026-05-21T23:05:12,SYSTEM,WEB,0,0,1,0
2026-05-21T23:05:33,SENSOR,SYS,0,0,15,89
2026-05-21T23:06:03,SENSOR,SYS,0,0,15,89
2026-05-21T23:06:03,SYSTEM,SYS,0,0,7,102
2026-05-21T23:06:03,SYSTEM,SYS,0,0,8,8153
2026-05-21T23:06:03,SYSTEM,SYS,0,0,12,31
2026-05-21T23:06:33,SENSOR,SYS,0,0,15,89
2026-05-21T23:07:03,SYSTEM,SYS,0,0,7,102
2026-05-21T23:07:03,SYSTEM,SYS,0,0,8,8153
2026-05-21T23:07:03,SYSTEM,SYS,0,0,12,31
2026-05-21T23:07:04,SENSOR,SYS,0,0,15,89
2026-05-21T23:07:13,SYSTEM,WEB,0,0,1,0
2026-05-21T23:07:34,SENSOR,SYS,0,0,15,89
2026-05-21T23:08:03,SYSTEM,SYS,0,0,7,102
2026-05-21T23:08:03,SYSTEM,SYS,0,0,8,8153
2026-05-21T23:08:03,SYSTEM,SYS,0,0,12,31
2026-05-21T23:08:04,SENSOR,SYS,0,0,15,89
2026-05-21T23:08:34,SENSOR,SYS,0,0,15,89
2026-05-21T23:09:03,SYSTEM,SYS,0,0,7,102
2026-05-21T23:09:03,SYSTEM,SYS,0,0,8,8153
2026-05-21T23:09:03,SYSTEM,SYS,0,0,12,31
2026-05-21T23:09:05,SENSOR,SYS,0,0,15,89
2026-05-21T23:09:13,SYSTEM,WEB,0,0,1,0
2026-05-21T23:09:35,SENSOR,SYS,0,0,15,89
2026-05-21T23:10:03,SYSTEM,SYS,0,0,7,102
2026-05-21T23:10:03,SYSTEM,SYS,0,0,8,8153
2026-05-21T23:10:03,SYSTEM,SYS,0,0,12,31
2026-05-21T23:10:06,SENSOR,SYS,0,0,15,89
2026-05-21T23:10:36,SENSOR,SYS,0,0,15,89
2026-05-21T23:11:03,SYSTEM,SYS,0,0,7,102
2026-05-21T23:11:03,SYSTEM,SYS,0,0,8,8153
2026-05-21T23:11:03,SYSTEM,SYS,0,0,12,31
2026-05-21T23:11:06,SENSOR,SYS,0,0,15,89
2026-05-21T23:11:14,SYSTEM,WEB,0,0,1,0
2026-05-21T23:11:36,SENSOR,SYS,0,0,15,89
2026-05-21T23:12:03,SYSTEM,SYS,0,0,7,102
2026-05-21T23:12:03,SYSTEM,SYS,0,0,8,8153
2026-05-21T23:12:03,SYSTEM,SYS,0,0,12,31
2026-05-21T23:12:07,SENSOR,SYS,0,0,15,89
2026-05-21T23:12:37,SENSOR,SYS,0,0,15,89
2026-05-21T23:13:04,SYSTEM,SYS,0,0,7,102
2026-05-21T23:13:04,SYSTEM,SYS,0,0,8,8153
2026-05-21T23:13:04,SYSTEM,SYS,0,0,12,31
2026-05-21T23:13:08,SENSOR,SYS,0,0,15,89
2026-05-21T23:13:15,SYSTEM,WEB,0,0,1,0
2026-05-21T23:13:38,SENSOR,SYS,0,0,15,89
2026-05-21T23:14:03,SYSTEM,SYS,0,0,7,102
2026-05-21T23:14:03,SYSTEM,SYS,0,0,8,8153
2026-05-21T23:14:03,SYSTEM,SYS,0,0,12,31
2026-05-21T23:14:08,SENSOR,SYS,0,0,15,89
2026-05-21T23:14:38,SENSOR,SYS,0,0,15,89
2026-05-21T23:15:03,SYSTEM,SYS,0,0,7,102
2026-05-21T23:15:03,SYSTEM,SYS,0,0,8,8153
2026-05-21T23:15:03,SYSTEM,SYS,0,0,12,31
2026-05-21T23:15:09,SENSOR,SYS,0,0,15,89
2026-05-21T23:15:16,SYSTEM,WEB,0,0,1,0
2026-05-21T23:15:39,SENSOR,SYS,0,0,15,89
2026-05-21T23:16:03,SYSTEM,SYS,0,0,7,102
2026-05-21T23:16:03,SYSTEM,SYS,0,0,8,8153
2026-05-21T23:16:03,SYSTEM,SYS,0,0,12,31
2026-05-21T23:16:09,SENSOR,SYS,0,0,15,89
2026-05-21T23:16:39,SENSOR,SYS,0,0,15,89
2026-05-21T23:17:03,SYSTEM,SYS,0,0,7,102
2026-05-21T23:17:03,SYSTEM,SYS,0,0,8,8153
2026-05-21T23:17:03,SYSTEM,SYS,0,0,12,31
2026-05-21T23:17:10,SENSOR,SYS,0,0,15,89
2026-05-21T23:17:16,SYSTEM,WEB,0,0,1,0
2026-05-21T23:17:40,SENSOR,SYS,0,0,15,90
2026-05-21T23:18:03,SYSTEM,SYS,0,0,7,102
2026-05-21T23:18:03,SYSTEM,SYS,0,0,8,8153
2026-05-21T23:18:03,SYSTEM,SYS,0,0,12,31
2026-05-21T23:18:11,SENSOR,SYS,0,0,15,90
2026-05-21T23:18:41,SENSOR,SYS,0,0,15,90
2026-05-21T23:19:03,SYSTEM,SYS,0,0,7,102
2026-05-21T23:19:03,SYSTEM,SYS,0,0,8,8153
2026-05-21T23:19:03,SYSTEM,SYS,0,0,12,31
2026-05-21T23:19:11,SENSOR,SYS,0,0,15,90
2026-05-21T23:19:17,SYSTEM,WEB,0,0,1,0
2026-05-21T23:19:42,SENSOR,SYS,0,0,15,90
2026-05-21T23:20:03,SYSTEM,SYS,0,0,7,102
2026-05-21T23:20:03,SYSTEM,SYS,0,0,8,8153
2026-05-21T23:20:04,SYSTEM,SYS,0,0,12,31
2026-05-21T23:20:12,SENSOR,SYS,0,0,15,90
2026-05-21T23:20:42,SENSOR,SYS,0,0,15,90
2026-05-21T23:21:03,SYSTEM,SYS,0,0,7,102
2026-05-21T23:21:03,SYSTEM,SYS,0,0,8,8153
2026-05-21T23:21:03,SYSTEM,SYS,0,0,12,31
2026-05-21T23:21:12,SENSOR,SYS,0,0,15,90
2026-05-21T23:21:18,SYSTEM,WEB,0,0,1,0
2026-05-21T23:21:43,SENSOR,SYS,0,0,15,90
2026-05-21T23:22:03,SYSTEM,SYS,0,0,7,102
2026-05-21T23:22:03,SYSTEM,SYS,0,0,8,8153
2026-05-21T23:22:03,SYSTEM,SYS,0,0,12,31
2026-05-21T23:22:13,SENSOR,SYS,0,0,15,90
2026-05-21T23:22:43,SENSOR,SYS,0,0,15,90
2026-05-21T23:23:03,SYSTEM,SYS,0,0,7,102
2026-05-21T23:23:03,SYSTEM,SYS,0,0,8,8153
2026-05-21T23:23:03,SYSTEM,SYS,0,0,12,31
2026-05-21T23:23:13,SENSOR,SYS,0,0,15,90
2026-05-21T23:23:19,SYSTEM,WEB,0,0,1,0
2026-05-21T23:23:44,SENSOR,SYS,0,0,15,90
2026-05-21T23:24:03,SYSTEM,SYS,0,0,7,102
2026-05-21T23:24:03,SYSTEM,SYS,0,0,8,8153
2026-05-21T23:24:03,SYSTEM,SYS,0,0,12,31
2026-05-21T23:24:14,SENSOR,SYS,0,0,15,90
2026-05-21T23:24:45,SENSOR,SYS,0,0,15,90
2026-05-21T23:25:03,SYSTEM,SYS,0,0,7,102
2026-05-21T23:25:03,SYSTEM,SYS,0,0,8,8153
2026-05-21T23:25:03,SYSTEM,SYS,0,0,12,31
2026-05-21T23:25:15,SENSOR,SYS,0,0,15,90
2026-05-21T23:25:20,SYSTEM,WEB,0,0,1,0
2026-05-21T23:25:45,SENSOR,SYS,0,0,15,90
2026-05-21T23:26:03,SYSTEM,SYS,0,0,7,102
2026-05-21T23:26:03,SYSTEM,SYS,0,0,8,8153
2026-05-21T23:26:03,SYSTEM,SYS,0,0,12,31
2026-05-21T23:26:15,SENSOR,SYS,0,0,15,90
2026-05-21T23:26:46,SENSOR,SYS,0,0,15,90
2026-05-21T23:27:03,SYSTEM,SYS,0,0,7,102
2026-05-21T23:27:03,SYSTEM,SYS,0,0,8,8153
2026-05-21T23:27:03,SYSTEM,SYS,0,0,12,31
2026-05-21T23:27:16,SENSOR,SYS,0,0,15,90
2026-05-21T23:27:21,SYSTEM,WEB,0,0,1,0
2026-05-21T23:27:47,SENSOR,SYS,0,0,15,90
2026-05-21T23:28:04,SYSTEM,SYS,0,0,7,102
2026-05-21T23:28:04,SYSTEM,SYS,0,0,8,8153
2026-05-21T23:28:04,SYSTEM,SYS,0,0,12,31
2026-05-21T23:28:17,SENSOR,SYS,0,0,15,90
2026-05-21T23:28:47,SENSOR,SYS,0,0,15,90
2026-05-21T23:29:03,SYSTEM,SYS,0,0,7,102
2026-05-21T23:29:03,SYSTEM,SYS,0,0,8,8153
2026-05-21T23:29:03,SYSTEM,SYS,0,0,12,31
2026-05-21T23:29:17,SENSOR,SYS,0,0,15,90
2026-05-21T23:29:21,SYSTEM,WEB,0,0,1,0
2026-05-21T23:29:48,SENSOR,SYS,0,0,15,90
2026-05-21T23:30:03,SYSTEM,SYS,0,0,7,102
2026-05-21T23:30:03,SYSTEM,SYS,0,0,8,8153
2026-05-21T23:30:03,SYSTEM,SYS,0,0,12,31
2026-05-21T23:30:18,SENSOR,SYS,0,0,15,90
2026-05-21T23:30:37,SENSOR,SYS,0,0,15,90
2026-05-21T23:30:52,SYSTEM,SYS,0,0,7,102
2026-05-21T23:30:52,SYSTEM,SYS,0,0,8,8153
2026-05-21T23:30:52,SYSTEM,SYS,0,0,12,31
2026-05-21T23:31:07,SENSOR,SYS,0,0,15,90
2026-05-21T23:31:11,SYSTEM,WEB,0,0,1,0
2026-05-21T23:31:49,SENSOR,SYS,0,0,15,90
2026-05-21T23:32:03,SYSTEM,SYS,0,0,7,102
2026-05-21T23:32:03,SYSTEM,SYS,0,0,8,8153
2026-05-21T23:32:03,SYSTEM,SYS,0,0,12,31
2026-05-21T23:32:13,SESSION,ADMIN,0,0,2,0
2026-05-21T23:32:19,SENSOR,SYS,0,0,14,90
2026-05-21T23:32:30,SESSION,ADMIN,0,0,0,0
2026-05-21T23:32:50,SENSOR,SYS,0,0,14,90
2026-05-21T23:33:03,SYSTEM,SYS,0,0,7,102
2026-05-21T23:33:03,SYSTEM,SYS,0,0,8,8153
2026-05-21T23:33:03,SYSTEM,SYS,0,0,12,31
2026-05-21T23:33:20,SENSOR,SYS,0,0,14,90
2026-05-21T23:33:23,SYSTEM,WEB,0,0,1,0
2026-05-21T23:33:50,SENSOR,SYS,0,0,14,90
2026-05-21T23:34:03,SYSTEM,SYS,0,0,7,102
2026-05-21T23:34:03,SYSTEM,SYS,0,0,8,8153
2026-05-21T23:34:03,SYSTEM,SYS,0,0,12,31
2026-05-21T23:34:21,SENSOR,SYS,0,0,14,90
2026-05-21T23:34:51,SENSOR,SYS,0,0,14,90
2026-05-21T23:35:03,SYSTEM,SYS,0,0,7,102
2026-05-21T23:35:03,SYSTEM,SYS,0,0,8,8153
2026-05-21T23:35:03,SYSTEM,SYS,0,0,12,31
2026-05-21T23:35:21,SENSOR,SYS,0,0,14,90
2026-05-21T23:35:24,SYSTEM,WEB,0,0,1,0
2026-05-21T23:35:51,SENSOR,SYS,0,0,14,90
2026-05-21T23:36:03,SYSTEM,SYS,0,0,7,102
2026-05-21T23:36:03,SYSTEM,SYS,0,0,8,8153
2026-05-21T23:36:03,SYSTEM,SYS,0,0,12,31
2026-05-21T23:36:22,SENSOR,SYS,0,0,14,90
2026-05-21T23:36:52,SENSOR,SYS,0,0,14,90
2026-05-21T23:37:03,SYSTEM,SYS,0,0,7,102
2026-05-21T23:37:03,SYSTEM,SYS,0,0,8,8153
2026-05-21T23:37:03,SYSTEM,SYS,0,0,12,31
2026-05-21T23:37:23,SENSOR,SYS,0,0,14,90
2026-05-21T23:37:25,SYSTEM,WEB,0,0,1,0
2026-05-21T23:37:53,SENSOR,SYS,0,0,14,90
2026-05-21T23:38:04,SYSTEM,SYS,0,0,7,102
2026-05-21T23:38:04,SYSTEM,SYS,0,0,8,8153
2026-05-21T23:38:04,SYSTEM,SYS,0,0,12,31
2026-05-21T23:38:23,SENSOR,SYS,0,0,14,90
2026-05-21T23:38:53,SENSOR,SYS,0,0,14,90
2026-05-21T23:39:03,SYSTEM,SYS,0,0,7,102
2026-05-21T23:39:03,SYSTEM,SYS,0,0,8,8153
2026-05-21T23:39:03,SYSTEM,SYS,0,0,12,31
2026-05-21T23:39:24,SENSOR,SYS,0,0,14,90
2026-05-21T23:39:25,SYSTEM,WEB,0,0,1,0
2026-05-21T23:39:54,SENSOR,SYS,0,0,14,90
2026-05-21T23:40:03,SYSTEM,SYS,0,0,7,102
2026-05-21T23:40:03,SYSTEM,SYS,0,0,8,8153
2026-05-21T23:40:03,SYSTEM,SYS,0,0,12,31
2026-05-21T23:40:24,SENSOR,SYS,0,0,14,90
2026-05-21T23:40:54,SENSOR,SYS,0,0,14,90
2026-05-21T23:41:03,SYSTEM,SYS,0,0,7,102
2026-05-21T23:41:03,SYSTEM,SYS,0,0,8,8153
2026-05-21T23:41:03,SYSTEM,SYS,0,0,12,31
2026-05-21T23:41:25,SENSOR,SYS,0,0,14,90
2026-05-21T23:41:26,SYSTEM,WEB,0,0,1,0
2026-05-21T23:41:55,SENSOR,SYS,0,0,14,90
2026-05-21T23:42:03,SYSTEM,SYS,0,0,7,102
2026-05-21T23:42:03,SYSTEM,SYS,0,0,8,8153
2026-05-21T23:42:03,SYSTEM,SYS,0,0,12,31
2026-05-21T23:42:26,SENSOR,SYS,0,0,14,90
2026-05-21T23:42:56,SENSOR,SYS,0,0,14,90
2026-05-21T23:43:03,SYSTEM,SYS,0,0,7,102
2026-05-21T23:43:03,SYSTEM,SYS,0,0,8,8153
2026-05-21T23:43:03,SYSTEM,SYS,0,0,12,31
2026-05-21T23:43:26,SENSOR,SYS,0,0,14,90
2026-05-21T23:43:26,SYSTEM,WEB,0,0,1,0
2026-05-21T23:43:56,SENSOR,SYS,0,0,14,90
2026-05-21T23:44:03,SYSTEM,SYS,0,0,7,102
2026-05-21T23:44:03,SYSTEM,SYS,0,0,8,8153
2026-05-21T23:44:03,SYSTEM,SYS,0,0,12,31
2026-05-21T23:44:27,SENSOR,SYS,0,0,14,90
2026-05-21T23:44:57,SENSOR,SYS,0,0,14,90
2026-05-21T23:45:03,SYSTEM,SYS,0,0,7,102
2026-05-21T23:45:03,SYSTEM,SYS,0,0,8,8153
2026-05-21T23:45:03,SYSTEM,SYS,0,0,12,31
2026-05-21T23:45:27,SYSTEM,WEB,0,0,1,0
2026-05-21T23:45:28,SENSOR,SYS,0,0,14,90
2026-05-21T23:45:58,SENSOR,SYS,0,0,14,90
2026-05-21T23:46:03,SYSTEM,SYS,0,0,7,102
2026-05-21T23:46:03,SYSTEM,SYS,0,0,8,8153
2026-05-21T23:46:03,SYSTEM,SYS,0,0,12,31
2026-05-21T23:46:28,SENSOR,SYS,0,0,14,90
2026-05-21T23:46:58,SENSOR,SYS,0,0,14,90
2026-05-21T23:47:03,SYSTEM,SYS,0,0,7,102
2026-05-21T23:47:03,SYSTEM,SYS,0,0,8,8153
2026-05-21T23:47:03,SYSTEM,SYS,0,0,12,31
2026-05-21T23:47:28,SYSTEM,WEB,0,0,1,0
2026-05-21T23:47:29,SENSOR,SYS,0,0,14,90
2026-05-21T23:47:59,SENSOR,SYS,0,0,14,90
2026-05-21T23:48:03,SYSTEM,SYS,0,0,7,102
2026-05-21T23:48:03,SYSTEM,SYS,0,0,8,8153
2026-05-21T23:48:03,SYSTEM,SYS,0,0,12,31
2026-05-21T23:48:29,SENSOR,SYS,0,0,14,90
2026-05-21T23:49:00,SENSOR,SYS,0,0,14,90
2026-05-21T23:49:03,SYSTEM,SYS,0,0,7,102
2026-05-21T23:49:03,SYSTEM,SYS,0,0,8,8153
2026-05-21T23:49:03,SYSTEM,SYS,0,0,12,31
2026-05-21T23:49:28,SYSTEM,WEB,0,0,1,0
2026-05-21T23:49:30,SENSOR,SYS,0,0,14,90
2026-05-21T23:50:00,SENSOR,SYS,0,0,14,90
2026-05-21T23:50:03,SYSTEM,SYS,0,0,7,102
2026-05-21T23:50:03,SYSTEM,SYS,0,0,8,8153
2026-05-21T23:50:03,SYSTEM,SYS,0,0,12,31
2026-05-21T23:50:30,SENSOR,SYS,0,0,14,90
2026-05-21T23:51:01,SENSOR,SYS,0,0,14,90
2026-05-21T23:51:03,SYSTEM,SYS,0,0,7,102
2026-05-21T23:51:03,SYSTEM,SYS,0,0,8,8153
2026-05-21T23:51:03,SYSTEM,SYS,0,0,12,31
2026-05-21T23:51:29,SYSTEM,WEB,0,0,1,0
2026-05-21T23:51:31,SENSOR,SYS,0,0,14,90
2026-05-21T23:52:02,SENSOR,SYS,0,0,14,90
2026-05-21T23:52:03,SYSTEM,SYS,0,0,7,102
2026-05-21T23:52:03,SYSTEM,SYS,0,0,8,8153
2026-05-21T23:52:03,SYSTEM,SYS,0,0,12,31
2026-05-21T23:52:32,SENSOR,SYS,0,0,14,90
2026-05-21T23:53:02,SENSOR,SYS,0,0,14,90
2026-05-21T23:53:03,SYSTEM,SYS,0,0,7,102
2026-05-21T23:53:03,SYSTEM,SYS,0,0,8,8153
2026-05-21T23:53:03,SYSTEM,SYS,0,0,12,31
2026-05-21T23:53:30,SYSTEM,WEB,0,0,1,0
2026-05-21T23:53:32,SENSOR,SYS,0,0,14,90
2026-05-21T23:54:03,SENSOR,SYS,0,0,14,90
2026-05-21T23:54:03,SYSTEM,SYS,0,0,7,102
2026-05-21T23:54:03,SYSTEM,SYS,0,0,8,8153
2026-05-21T23:54:03,SYSTEM,SYS,0,0,12,31
2026-05-21T23:54:33,SENSOR,SYS,0,0,14,90
2026-05-21T23:55:04,SYSTEM,SYS,0,0,7,102
2026-05-21T23:55:04,SYSTEM,SYS,0,0,8,8153
2026-05-21T23:55:04,SYSTEM,SYS,0,0,12,31
2026-05-21T23:55:04,SENSOR,SYS,0,0,14,90
2026-05-21T23:55:31,SYSTEM,WEB,0,0,1,0
2026-05-21T23:55:34,SENSOR,SYS,0,0,14,91
2026-05-21T23:56:03,SYSTEM,SYS,0,0,7,102
2026-05-21T23:56:03,SYSTEM,SYS,0,0,8,8153
2026-05-21T23:56:03,SYSTEM,SYS,0,0,12,31
2026-05-21T23:56:04,SENSOR,SYS,0,0,14,91
2026-05-21T23:56:34,SENSOR,SYS,0,0,14,91
2026-05-21T23:57:03,SYSTEM,SYS,0,0,7,102
2026-05-21T23:57:03,SYSTEM,SYS,0,0,8,8153
2026-05-21T23:57:03,SYSTEM,SYS,0,0,12,31
2026-05-21T23:57:05,SENSOR,SYS,0,0,14,91
2026-05-21T23:57:32,SYSTEM,WEB,0,0,1,0
2026-05-21T23:57:35,SENSOR,SYS,0,0,14,91
2026-05-21T23:58:03,SYSTEM,SYS,0,0,7,102
2026-05-21T23:58:03,SYSTEM,SYS,0,0,8,8153
2026-05-21T23:58:03,SYSTEM,SYS,0,0,12,31
2026-05-21T23:58:05,SENSOR,SYS,0,0,14,91
2026-05-21T23:58:35,SENSOR,SYS,0,0,14,91
2026-05-21T23:59:03,SYSTEM,SYS,0,0,7,102
2026-05-21T23:59:03,SYSTEM,SYS,0,0,8,8153
2026-05-21T23:59:03,SYSTEM,SYS,0,0,12,31
2026-05-21T23:59:06,SENSOR,SYS,0,0,14,91
2026-05-21T23:59:32,SYSTEM,WEB,0,0,1,0
2026-05-21T23:59:36,SENSOR,SYS,0,0,14,91
2026-05-22T00:00:03,SYSTEM,SYS,0,0,7,102
2026-05-22T00:00:03,SYSTEM,SYS,0,0,8,8153
2026-05-22T00:00:04,SYSTEM,SYS,0,0,12,31
2026-05-22T00:00:07,SENSOR,SYS,0,0,14,91
2026-05-22T00:00:37,SENSOR,SYS,0,0,14,91
2026-05-22T00:01:03,SYSTEM,SYS,0,0,7,102
2026-05-22T00:01:03,SYSTEM,SYS,0,0,8,8153
2026-05-22T00:01:03,SYSTEM,SYS,0,0,12,31
2026-05-22T00:01:07,SENSOR,SYS,0,0,14,91
2026-05-22T00:01:33,SYSTEM,WEB,0,0,1,0
2026-05-22T00:01:37,SENSOR,SYS,0,0,14,91
2026-05-22T00:02:03,SYSTEM,SYS,0,0,7,102
2026-05-22T00:02:03,SYSTEM,SYS,0,0,8,8153
2026-05-22T00:02:03,SYSTEM,SYS,0,0,12,31
2026-05-22T00:02:08,SENSOR,SYS,0,0,14,91
2026-05-22T00:02:38,SENSOR,SYS,0,0,14,91
2026-05-22T00:03:04,SYSTEM,SYS,0,0,7,102
2026-05-22T00:03:04,SYSTEM,SYS,0,0,8,8153
2026-05-22T00:03:04,SYSTEM,SYS,0,0,12,31
2026-05-22T00:03:09,SENSOR,SYS,0,0,14,91
2026-05-22T00:03:34,SYSTEM,WEB,0,0,1,0
2026-05-22T00:03:39,SENSOR,SYS,0,0,14,91
2026-05-22T00:04:03,SYSTEM,SYS,0,0,7,102
2026-05-22T00:04:03,SYSTEM,SYS,0,0,8,8153
2026-05-22T00:04:03,SYSTEM,SYS,0,0,12,31
2026-05-22T00:04:09,SENSOR,SYS,0,0,14,91
2026-05-22T00:04:39,SENSOR,SYS,0,0,14,91
2026-05-22T00:05:03,SYSTEM,SYS,0,0,7,102
2026-05-22T00:05:03,SYSTEM,SYS,0,0,8,8153
2026-05-22T00:05:03,SYSTEM,SYS,0,0,12,31
2026-05-22T00:05:09,SENSOR,SYS,0,0,13,91
2026-05-22T00:05:34,SYSTEM,WEB,0,0,1,0
2026-05-22T00:05:40,SENSOR,SYS,0,0,13,91
2026-05-22T00:06:03,SYSTEM,SYS,0,0,7,102
2026-05-22T00:06:03,SYSTEM,SYS,0,0,8,8153
2026-05-22T00:06:03,SYSTEM,SYS,0,0,12,31
2026-05-22T00:06:10,SENSOR,SYS,0,0,13,91
2026-05-22T00:06:41,SENSOR,SYS,0,0,13,91
2026-05-22T00:07:03,SYSTEM,SYS,0,0,7,102
2026-05-22T00:07:03,SYSTEM,SYS,0,0,8,8153
2026-05-22T00:07:03,SYSTEM,SYS,0,0,12,31
2026-05-22T00:07:11,SENSOR,SYS,0,0,13,91
2026-05-22T00:07:35,SYSTEM,WEB,0,0,1,0
2026-05-22T00:07:41,SENSOR,SYS,0,0,13,91
2026-05-22T00:08:03,SYSTEM,SYS,0,0,7,102
2026-05-22T00:08:03,SYSTEM,SYS,0,0,8,8153
2026-05-22T00:08:03,SYSTEM,SYS,0,0,12,31
2026-05-22T00:08:11,SENSOR,SYS,0,0,13,91
2026-05-22T00:08:42,SENSOR,SYS,0,0,13,91
2026-05-22T00:09:03,SYSTEM,SYS,0,0,7,102
2026-05-22T00:09:03,SYSTEM,SYS,0,0,8,8153
2026-05-22T00:09:03,SYSTEM,SYS,0,0,12,31
2026-05-22T00:09:12,SENSOR,SYS,0,0,13,91
2026-05-22T00:09:37,SYSTEM,WEB,0,0,1,0
2026-05-22T00:09:43,SENSOR,SYS,0,0,13,91
2026-05-22T00:10:04,SYSTEM,SYS,0,0,7,102
2026-05-22T00:10:04,SYSTEM,SYS,0,0,8,8153
2026-05-22T00:10:04,SYSTEM,SYS,0,0,12,31
2026-05-22T00:10:13,SENSOR,SYS,0,0,13,91
2026-05-22T00:10:43,SENSOR,SYS,0,0,13,91
2026-05-22T00:11:03,SYSTEM,SYS,0,0,7,102
2026-05-22T00:11:03,SYSTEM,SYS,0,0,8,8153
2026-05-22T00:11:03,SYSTEM,SYS,0,0,12,31
2026-05-22T00:11:13,SENSOR,SYS,0,0,13,91
2026-05-22T00:11:38,SYSTEM,WEB,0,0,1,0
2026-05-22T00:11:44,SENSOR,SYS,0,0,13,91
2026-05-22T00:12:03,SYSTEM,SYS,0,0,7,102
2026-05-22T00:12:03,SYSTEM,SYS,0,0,8,8153
2026-05-22T00:12:03,SYSTEM,SYS,0,0,12,31
2026-05-22T00:12:14,SENSOR,SYS,0,0,13,91
2026-05-22T00:12:44,SENSOR,SYS,0,0,13,91
2026-05-22T00:13:03,SYSTEM,SYS,0,0,7,102
2026-05-22T00:13:03,SYSTEM,SYS,0,0,8,8153
2026-05-22T00:13:03,SYSTEM,SYS,0,0,12,31
2026-05-22T00:13:14,SENSOR,SYS,0,0,13,92
2026-05-22T00:13:38,SYSTEM,WEB,0,0,1,0
2026-05-22T00:13:45,SENSOR,SYS,0,0,13,92
2026-05-22T00:14:03,SYSTEM,SYS,0,0,7,102
2026-05-22T00:14:03,SYSTEM,SYS,0,0,8,8153
2026-05-22T00:14:03,SYSTEM,SYS,0,0,12,31
2026-05-22T00:14:15,SENSOR,SYS,0,0,13,92
2026-05-22T00:14:46,SENSOR,SYS,0,0,13,92
2026-05-22T00:15:03,SYSTEM,SYS,0,0,7,102
2026-05-22T00:15:03,SYSTEM,SYS,0,0,8,8153
2026-05-22T00:15:03,SYSTEM,SYS,0,0,12,31
2026-05-22T00:15:16,SENSOR,SYS,0,0,13,92
2026-05-22T00:15:38,SYSTEM,WEB,0,0,1,0
2026-05-22T00:15:46,SENSOR,SYS,0,0,13,92
2026-05-22T00:16:03,SYSTEM,SYS,0,0,7,102
2026-05-22T00:16:03,SYSTEM,SYS,0,0,8,8153
2026-05-22T00:16:03,SYSTEM,SYS,0,0,12,31
2026-05-22T00:16:16,SENSOR,SYS,0,0,13,92
2026-05-22T00:16:47,SENSOR,SYS,0,0,13,92
2026-05-22T00:17:03,SYSTEM,SYS,0,0,7,102
2026-05-22T00:17:03,SYSTEM,SYS,0,0,8,8153
2026-05-22T00:17:03,SYSTEM,SYS,0,0,12,31
2026-05-22T00:17:17,SENSOR,SYS,0,0,13,92
2026-05-22T00:17:40,SYSTEM,WEB,0,0,1,0
2026-05-22T00:17:48,SENSOR,SYS,0,0,13,92
2026-05-22T00:18:04,SYSTEM,SYS,0,0,7,102
2026-05-22T00:18:04,SYSTEM,SYS,0,0,8,8153
2026-05-22T00:18:04,SYSTEM,SYS,0,0,12,31
2026-05-22T00:18:18,SENSOR,SYS,0,0,13,92
2026-05-22T00:18:48,SENSOR,SYS,0,0,13,92
2026-05-22T00:19:03,SYSTEM,SYS,0,0,7,102
2026-05-22T00:19:03,SYSTEM,SYS,0,0,8,8153
2026-05-22T00:19:03,SYSTEM,SYS,0,0,12,31
2026-05-22T00:19:19,SENSOR,SYS,0,0,13,92
2026-05-22T00:19:41,SYSTEM,WEB,0,0,1,0
2026-05-22T00:19:49,SENSOR,SYS,0,0,13,91
2026-05-22T00:20:04,SYSTEM,SYS,0,0,7,102
2026-05-22T00:20:04,SYSTEM,SYS,0,0,8,8153
2026-05-22T00:20:04,SYSTEM,SYS,0,0,12,31
2026-05-22T00:20:19,SENSOR,SYS,0,0,13,91
2026-05-22T00:20:49,SENSOR,SYS,0,0,13,91
2026-05-22T00:21:03,SYSTEM,SYS,0,0,7,102
2026-05-22T00:21:03,SYSTEM,SYS,0,0,8,8153
2026-05-22T00:21:03,SYSTEM,SYS,0,0,12,31
2026-05-22T00:21:20,SENSOR,SYS,0,0,13,91
2026-05-22T00:21:41,SYSTEM,WEB,0,0,1,0
2026-05-22T00:21:50,SENSOR,SYS,0,0,13,91
2026-05-22T00:22:03,SYSTEM,SYS,0,0,7,102
2026-05-22T00:22:03,SYSTEM,SYS,0,0,8,8153
2026-05-22T00:22:03,SYSTEM,SYS,0,0,12,31
2026-05-22T00:22:20,SENSOR,SYS,0,0,13,91
2026-05-22T00:22:50,SENSOR,SYS,0,0,13,91
2026-05-22T00:23:03,SYSTEM,SYS,0,0,7,102
2026-05-22T00:23:03,SYSTEM,SYS,0,0,8,8153
2026-05-22T00:23:03,SYSTEM,SYS,0,0,12,31
2026-05-22T00:23:21,SENSOR,SYS,0,0,13,91
2026-05-22T00:23:42,SYSTEM,WEB,0,0,1,0
2026-05-22T00:23:51,SENSOR,SYS,0,0,13,91
2026-05-22T00:24:03,SYSTEM,SYS,0,0,7,102
2026-05-22T00:24:03,SYSTEM,SYS,0,0,8,8153
2026-05-22T00:24:03,SYSTEM,SYS,0,0,12,31
2026-05-22T00:24:22,SENSOR,SYS,0,0,13,91
2026-05-22T00:24:52,SENSOR,SYS,0,0,13,92
2026-05-22T00:25:04,SYSTEM,SYS,0,0,7,102
2026-05-22T00:25:04,SYSTEM,SYS,0,0,8,8153
2026-05-22T00:25:04,SYSTEM,SYS,0,0,12,31
2026-05-22T00:25:22,SENSOR,SYS,0,0,13,92
2026-05-22T00:25:43,SYSTEM,WEB,0,0,1,0
2026-05-22T00:25:52,SENSOR,SYS,0,0,13,92
2026-05-22T00:26:03,SYSTEM,SYS,0,0,7,102
2026-05-22T00:26:03,SYSTEM,SYS,0,0,8,8153
2026-05-22T00:26:03,SYSTEM,SYS,0,0,12,31
2026-05-22T00:26:23,SENSOR,SYS,0,0,13,92
2026-05-22T00:26:53,SENSOR,SYS,0,0,13,92
2026-05-22T00:27:03,SYSTEM,SYS,0,0,7,102
2026-05-22T00:27:03,SYSTEM,SYS,0,0,8,8153
2026-05-22T00:27:03,SYSTEM,SYS,0,0,12,31
2026-05-22T00:27:24,SENSOR,SYS,0,0,13,92
2026-05-22T00:27:44,SYSTEM,WEB,0,0,1,0
2026-05-22T00:27:54,SENSOR,SYS,0,0,13,92
2026-05-22T00:28:04,SYSTEM,SYS,0,0,7,102
2026-05-22T00:28:04,SYSTEM,SYS,0,0,8,8153
2026-05-22T00:28:04,SYSTEM,SYS,0,0,12,31
2026-05-22T00:28:24,SENSOR,SYS,0,0,13,92
2026-05-22T00:28:54,SENSOR,SYS,0,0,13,92
2026-05-22T00:29:03,SYSTEM,SYS,0,0,7,102
2026-05-22T00:29:03,SYSTEM,SYS,0,0,8,8153
2026-05-22T00:29:03,SYSTEM,SYS,0,0,12,31
2026-05-22T00:29:25,SENSOR,SYS,0,0,13,92
2026-05-22T00:29:45,SYSTEM,WEB,0,0,1,0
2026-05-22T00:29:55,SENSOR,SYS,0,0,13,92
2026-05-22T00:30:03,SYSTEM,SYS,0,0,7,102
2026-05-22T00:30:03,SYSTEM,SYS,0,0,8,8153
2026-05-22T00:30:03,SYSTEM,SYS,0,0,12,31
2026-05-22T00:30:25,SENSOR,SYS,0,0,13,92
2026-05-22T00:30:44,SENSOR,SYS,0,0,13,92
2026-05-22T00:31:03,SYSTEM,SYS,0,0,7,102
2026-05-22T00:31:03,SYSTEM,SYS,0,0,8,8153
2026-05-22T00:31:03,SYSTEM,SYS,0,0,12,31
2026-05-22T00:31:26,SENSOR,SYS,0,0,13,92
2026-05-22T00:31:45,SYSTEM,WEB,0,0,1,0
2026-05-22T00:31:56,SENSOR,SYS,0,0,13,92
2026-05-22T00:32:04,SYSTEM,SYS,0,0,7,102
2026-05-22T00:32:04,SYSTEM,SYS,0,0,8,8153
2026-05-22T00:32:04,SYSTEM,SYS,0,0,12,31
2026-05-22T00:32:27,SENSOR,SYS,0,0,13,92
2026-05-22T00:32:57,SENSOR,SYS,0,0,13,92
2026-05-22T00:33:03,SYSTEM,SYS,0,0,7,102
2026-05-22T00:33:03,SYSTEM,SYS,0,0,8,8153
2026-05-22T00:33:03,SYSTEM,SYS,0,0,12,31
2026-05-22T00:33:27,SENSOR,SYS,0,0,13,92
2026-05-22T00:33:46,SYSTEM,WEB,0,0,1,0
2026-05-22T00:33:57,SENSOR,SYS,0,0,13,92
2026-05-22T00:34:03,SYSTEM,SYS,0,0,7,102
2026-05-22T00:34:03,SYSTEM,SYS,0,0,8,8153
2026-05-22T00:34:03,SYSTEM,SYS,0,0,12,31
2026-05-22T00:34:28,SENSOR,SYS,0,0,13,92
2026-05-22T00:34:58,SENSOR,SYS,0,0,13,92
2026-05-22T00:35:03,SYSTEM,SYS,0,0,7,102
2026-05-22T00:35:03,SYSTEM,SYS,0,0,8,8153
2026-05-22T00:35:03,SYSTEM,SYS,0,0,12,31
2026-05-22T00:35:28,SENSOR,SYS,0,0,13,92
2026-05-22T00:35:47,SYSTEM,WEB,0,0,1,0
2026-05-22T00:35:59,SENSOR,SYS,0,0,13,92
2026-05-22T00:36:03,SYSTEM,SYS,0,0,7,102
2026-05-22T00:36:03,SYSTEM,SYS,0,0,8,8153
2026-05-22T00:36:03,SYSTEM,SYS,0,0,12,31
2026-05-22T00:36:29,SENSOR,SYS,0,0,13,92
2026-05-22T00:36:59,SENSOR,SYS,0,0,13,92
2026-05-22T00:37:03,SYSTEM,SYS,0,0,7,102
2026-05-22T00:37:03,SYSTEM,SYS,0,0,8,8153
2026-05-22T00:37:03,SYSTEM,SYS,0,0,12,31
2026-05-22T00:37:29,SENSOR,SYS,0,0,13,92
2026-05-22T00:37:47,SYSTEM,WEB,0,0,1,0
2026-05-22T00:38:00,SENSOR,SYS,0,0,13,92
2026-05-22T00:38:03,SYSTEM,SYS,0,0,7,102
2026-05-22T00:38:03,SYSTEM,SYS,0,0,8,8153
2026-05-22T00:38:03,SYSTEM,SYS,0,0,12,31
2026-05-22T00:38:30,SENSOR,SYS,0,0,13,92
2026-05-22T00:39:01,SENSOR,SYS,0,0,13,92
2026-05-22T00:39:03,SYSTEM,SYS,0,0,7,102
2026-05-22T00:39:03,SYSTEM,SYS,0,0,8,8153
2026-05-22T00:39:03,SYSTEM,SYS,0,0,12,31
2026-05-22T00:39:31,SENSOR,SYS,0,0,13,92
2026-05-22T00:39:49,SYSTEM,WEB,0,0,1,0
2026-05-22T00:40:01,SENSOR,SYS,0,0,13,92
2026-05-22T00:40:03,SYSTEM,SYS,0,0,7,102
2026-05-22T00:40:03,SYSTEM,SYS,0,0,8,8153
2026-05-22T00:40:03,SYSTEM,SYS,0,0,12,31
2026-05-22T00:40:31,SENSOR,SYS,0,0,13,92
2026-05-22T00:41:02,SENSOR,SYS,0,0,13,92
2026-05-22T00:41:03,SYSTEM,SYS,0,0,7,102
2026-05-22T00:41:03,SYSTEM,SYS,0,0,8,8153
2026-05-22T00:41:03,SYSTEM,SYS,0,0,12,31
2026-05-22T00:41:32,SENSOR,SYS,0,0,13,92
2026-05-22T00:41:50,SYSTEM,WEB,0,0,1,0
2026-05-22T00:42:03,SENSOR,SYS,0,0,13,92
2026-05-22T00:42:04,SYSTEM,SYS,0,0,7,102
2026-05-22T00:42:04,SYSTEM,SYS,0,0,8,8153
2026-05-22T00:42:04,SYSTEM,SYS,0,0,12,31
2026-05-22T00:42:33,SENSOR,SYS,0,0,13,92
2026-05-22T00:43:03,SENSOR,SYS,0,0,13,92
2026-05-22T00:43:03,SYSTEM,SYS,0,0,7,102
2026-05-22T00:43:03,SYSTEM,SYS,0,0,8,8153
2026-05-22T00:43:03,SYSTEM,SYS,0,0,12,31
2026-05-22T00:43:33,SENSOR,SYS,0,0,13,92
2026-05-22T00:43:50,SYSTEM,WEB,0,0,1,0
2026-05-22T00:44:03,SYSTEM,SYS,0,0,7,102
2026-05-22T00:44:03,SYSTEM,SYS,0,0,8,8153
2026-05-22T00:44:03,SYSTEM,SYS,0,0,12,31
2026-05-22T00:44:04,SENSOR,SYS,0,0,13,92
2026-05-22T00:44:34,SENSOR,SYS,0,0,13,92
2026-05-22T00:45:03,SYSTEM,SYS,0,0,7,102
2026-05-22T00:45:03,SYSTEM,SYS,0,0,8,8153
2026-05-22T00:45:03,SYSTEM,SYS,0,0,12,31
2026-05-22T00:45:04,SENSOR,SYS,0,0,13,92
2026-05-22T00:45:34,SENSOR,SYS,0,0,13,92
2026-05-22T00:45:51,SYSTEM,WEB,0,0,1,0
2026-05-22T00:46:03,SYSTEM,SYS,0,0,7,102
2026-05-22T00:46:03,SYSTEM,SYS,0,0,8,8153
2026-05-22T00:46:03,SYSTEM,SYS,0,0,12,31
2026-05-22T00:46:05,SENSOR,SYS,0,0,13,92
2026-05-22T00:46:35,SENSOR,SYS,0,0,13,92
2026-05-22T00:47:03,SYSTEM,SYS,0,0,7,102
2026-05-22T00:47:03,SYSTEM,SYS,0,0,8,8153
2026-05-22T00:47:03,SYSTEM,SYS,0,0,12,31
2026-05-22T00:47:06,SENSOR,SYS,0,0,13,92
2026-05-22T00:47:36,SENSOR,SYS,0,0,13,92
2026-05-22T00:47:52,SYSTEM,WEB,0,0,1,0
2026-05-22T00:48:03,SYSTEM,SYS,0,0,7,102
2026-05-22T00:48:03,SYSTEM,SYS,0,0,8,8153
2026-05-22T00:48:03,SYSTEM,SYS,0,0,12,31
2026-05-22T00:48:06,SENSOR,SYS,0,0,13,92
2026-05-22T00:48:36,SENSOR,SYS,0,0,13,92
2026-05-22T00:49:03,SYSTEM,SYS,0,0,7,102
2026-05-22T00:49:03,SYSTEM,SYS,0,0,8,8153
2026-05-22T00:49:03,SYSTEM,SYS,0,0,12,31
2026-05-22T00:49:07,SENSOR,SYS,0,0,13,92
2026-05-22T00:49:37,SENSOR,SYS,0,0,13,92
2026-05-22T00:49:53,SYSTEM,WEB,0,0,1,0
2026-05-22T00:50:03,SYSTEM,SYS,0,0,7,102
2026-05-22T00:50:03,SYSTEM,SYS,0,0,8,8153
2026-05-22T00:50:03,SYSTEM,SYS,0,0,12,31
2026-05-22T00:50:07,SENSOR,SYS,0,0,13,92
2026-05-22T00:50:38,SENSOR,SYS,0,0,13,92
2026-05-22T00:51:03,SYSTEM,SYS,0,0,7,102
2026-05-22T00:51:03,SYSTEM,SYS,0,0,8,8153
2026-05-22T00:51:03,SYSTEM,SYS,0,0,12,31
2026-05-22T00:51:08,SENSOR,SYS,0,0,13,92
2026-05-22T00:51:39,SENSOR,SYS,0,0,13,92
2026-05-22T00:51:54,SYSTEM,WEB,0,0,1,0
2026-05-22T00:52:04,SYSTEM,SYS,0,0,7,102
2026-05-22T00:52:04,SYSTEM,SYS,0,0,8,8153
2026-05-22T00:52:04,SYSTEM,SYS,0,0,12,31
2026-05-22T00:52:09,SENSOR,SYS,0,0,13,92
2026-05-22T00:52:39,SENSOR,SYS,0,0,13,92
2026-05-22T00:53:03,SYSTEM,SYS,0,0,7,102
2026-05-22T00:53:03,SYSTEM,SYS,0,0,8,8153
2026-05-22T00:53:03,SYSTEM,SYS,0,0,12,31
2026-05-22T00:53:09,SENSOR,SYS,0,0,13,92
2026-05-22T00:53:40,SENSOR,SYS,0,0,13,92
2026-05-22T00:53:55,SYSTEM,WEB,0,0,1,0
2026-05-22T00:54:03,SYSTEM,SYS,0,0,7,102
2026-05-22T00:54:03,SYSTEM,SYS,0,0,8,8153
2026-05-22T00:54:03,SYSTEM,SYS,0,0,12,31
2026-05-22T00:54:10,SENSOR,SYS,0,0,13,92
2026-05-22T00:54:40,SENSOR,SYS,0,0,13,92
2026-05-22T00:55:03,SYSTEM,SYS,0,0,7,102
2026-05-22T00:55:03,SYSTEM,SYS,0,0,8,8153
2026-05-22T00:55:03,SYSTEM,SYS,0,0,12,31
2026-05-22T00:55:10,SENSOR,SYS,0,0,13,92
2026-05-22T00:55:41,SENSOR,SYS,0,0,13,92
2026-05-22T00:55:55,SYSTEM,WEB,0,0,1,0
2026-05-22T00:56:03,SYSTEM,SYS,0,0,7,102
2026-05-22T00:56:03,SYSTEM,SYS,0,0,8,8153
2026-05-22T00:56:03,SYSTEM,SYS,0,0,12,31
2026-05-22T00:56:11,SENSOR,SYS,0,0,13,92
2026-05-22T00:56:42,SENSOR,SYS,0,0,13,92
2026-05-22T00:57:03,SYSTEM,SYS,0,0,7,102
2026-05-22T00:57:03,SYSTEM,SYS,0,0,8,8153
2026-05-22T00:57:03,SYSTEM,SYS,0,0,12,31
2026-05-22T00:57:12,SENSOR,SYS,0,0,13,92
2026-05-22T00:57:42,SENSOR,SYS,0,0,13,92
2026-05-22T00:57:56,SYSTEM,WEB,0,0,1,0
2026-05-22T00:58:03,SYSTEM,SYS,0,0,7,102
2026-05-22T00:58:03,SYSTEM,SYS,0,0,8,8153
2026-05-22T00:58:03,SYSTEM,SYS,0,0,12,31
2026-05-22T00:58:12,SENSOR,SYS,0,0,13,92
2026-05-22T00:58:43,SENSOR,SYS,0,0,13,93
2026-05-22T00:59:03,SYSTEM,SYS,0,0,7,102
2026-05-22T00:59:03,SYSTEM,SYS,0,0,8,8153
2026-05-22T00:59:03,SYSTEM,SYS,0,0,12,31
2026-05-22T00:59:13,SENSOR,SYS,0,0,13,92
2026-05-22T00:59:44,SENSOR,SYS,0,0,13,92
2026-05-22T00:59:58,SYSTEM,WEB,0,0,1,0
2026-05-22T01:00:04,SYSTEM,SYS,0,0,7,102
2026-05-22T01:00:04,SYSTEM,SYS,0,0,8,8153
2026-05-22T01:00:04,SYSTEM,SYS,0,0,12,31
2026-05-22T01:00:14,SENSOR,SYS,0,0,13,92
2026-05-22T01:00:44,SENSOR,SYS,0,0,13,92
2026-05-22T01:01:03,SYSTEM,SYS,0,0,7,102
2026-05-22T01:01:03,SYSTEM,SYS,0,0,8,8153
2026-05-22T01:01:03,SYSTEM,SYS,0,0,12,31
2026-05-22T01:01:14,SENSOR,SYS,0,0,13,92
2026-05-22T01:01:45,SENSOR,SYS,0,0,13,92
2026-05-22T01:01:58,SYSTEM,WEB,0,0,1,0
2026-05-22T01:02:03,SYSTEM,SYS,0,0,7,102
2026-05-22T01:02:03,SYSTEM,SYS,0,0,8,8153
2026-05-22T01:02:03,SYSTEM,SYS,0,0,12,31
2026-05-22T01:02:15,SENSOR,SYS,0,0,13,92
2026-05-22T01:02:45,SENSOR,SYS,0,0,13,92
2026-05-22T01:03:03,SYSTEM,SYS,0,0,7,102
2026-05-22T01:03:03,SYSTEM,SYS,0,0,8,8153
2026-05-22T01:03:03,SYSTEM,SYS,0,0,12,31
2026-05-22T01:03:15,SENSOR,SYS,0,0,13,92
2026-05-22T01:03:46,SENSOR,SYS,0,0,13,92
2026-05-22T01:03:59,SYSTEM,WEB,0,0,1,0
2026-05-22T01:04:03,SYSTEM,SYS,0,0,7,102
2026-05-22T01:04:03,SYSTEM,SYS,0,0,8,8153
2026-05-22T01:04:03,SYSTEM,SYS,0,0,12,31
2026-05-22T01:04:16,SENSOR,SYS,0,0,12,92
2026-05-22T01:04:47,SENSOR,SYS,0,0,12,92
2026-05-22T01:05:03,SYSTEM,SYS,0,0,7,102
2026-05-22T01:05:03,SYSTEM,SYS,0,0,8,8153
2026-05-22T01:05:03,SYSTEM,SYS,0,0,12,31
2026-05-22T01:05:17,SENSOR,SYS,0,0,12,92
2026-05-22T01:05:47,SENSOR,SYS,0,0,12,92
2026-05-22T01:06:00,SYSTEM,WEB,0,0,1,0
2026-05-22T01:06:03,SYSTEM,SYS,0,0,7,102
2026-05-22T01:06:03,SYSTEM,SYS,0,0,8,8153
2026-05-22T01:06:03,SYSTEM,SYS,0,0,12,31
2026-05-22T01:06:18,SENSOR,SYS,0,0,12,92
2026-05-22T01:06:48,SENSOR,SYS,0,0,12,92
2026-05-22T01:07:04,SYSTEM,SYS,0,0,7,102
2026-05-22T01:07:04,SYSTEM,SYS,0,0,8,8153
2026-05-22T01:07:04,SYSTEM,SYS,0,0,12,31
2026-05-22T01:07:18,SENSOR,SYS,0,0,12,92
2026-05-22T01:07:48,SENSOR,SYS,0,0,12,92
2026-05-22T01:08:00,SYSTEM,WEB,0,0,1,0
2026-05-22T01:08:03,SYSTEM,SYS,0,0,7,102
2026-05-22T01:08:03,SYSTEM,SYS,0,0,8,8153
2026-05-22T01:08:03,SYSTEM,SYS,0,0,12,31
2026-05-22T01:08:19,SENSOR,SYS,0,0,12,92
2026-05-22T01:08:49,SENSOR,SYS,0,0,12,92
2026-05-22T01:09:03,SYSTEM,SYS,0,0,7,102
2026-05-22T01:09:03,SYSTEM,SYS,0,0,8,8153
2026-05-22T01:09:03,SYSTEM,SYS,0,0,12,31
2026-05-22T01:09:20,SENSOR,SYS,0,0,12,92
2026-05-22T01:09:50,SENSOR,SYS,0,0,12,93
2026-05-22T01:10:02,SYSTEM,WEB,0,0,1,0
2026-05-22T01:10:04,SYSTEM,SYS,0,0,7,102
2026-05-22T01:10:04,SYSTEM,SYS,0,0,8,8153
2026-05-22T01:10:04,SYSTEM,SYS,0,0,12,31
2026-05-22T01:10:20,SENSOR,SYS,0,0,12,93
2026-05-22T01:10:50,SENSOR,SYS,0,0,12,93
2026-05-22T01:11:03,SYSTEM,SYS,0,0,7,102
2026-05-22T01:11:03,SYSTEM,SYS,0,0,8,8153
2026-05-22T01:11:03,SYSTEM,SYS,0,0,12,31
2026-05-22T01:11:21,SENSOR,SYS,0,0,12,93
2026-05-22T01:11:51,SENSOR,SYS,0,0,12,93
2026-05-22T01:12:02,SYSTEM,WEB,0,0,1,0
2026-05-22T01:12:03,SYSTEM,SYS,0,0,7,102
2026-05-22T01:12:03,SYSTEM,SYS,0,0,8,8153
2026-05-22T01:12:03,SYSTEM,SYS,0,0,12,31
2026-05-22T01:12:21,SENSOR,SYS,0,0,12,93
2026-05-22T01:12:51,SENSOR,SYS,0,0,12,93
2026-05-22T01:13:03,SYSTEM,SYS,0,0,7,102
2026-05-22T01:13:03,SYSTEM,SYS,0,0,8,8153
2026-05-22T01:13:03,SYSTEM,SYS,0,0,12,31
2026-05-22T01:13:22,SENSOR,SYS,0,0,12,93
2026-05-22T01:13:52,SENSOR,SYS,0,0,12,93
2026-05-22T01:14:03,SYSTEM,WEB,0,0,1,0
2026-05-22T01:14:04,SYSTEM,SYS,0,0,7,102
2026-05-22T01:14:04,SYSTEM,SYS,0,0,8,8153
2026-05-22T01:14:04,SYSTEM,SYS,0,0,12,31
2026-05-22T01:14:23,SENSOR,SYS,0,0,12,93
2026-05-22T01:14:53,SENSOR,SYS,0,0,12,93
2026-05-22T01:15:03,SYSTEM,SYS,0,0,7,102
2026-05-22T01:15:03,SYSTEM,SYS,0,0,8,8153
2026-05-22T01:15:03,SYSTEM,SYS,0,0,12,31
2026-05-22T01:15:23,SENSOR,SYS,0,0,12,93
2026-05-22T01:15:53,SENSOR,SYS,0,0,12,93
2026-05-22T01:16:03,SYSTEM,SYS,0,0,7,62
2026-05-22T01:16:03,SYSTEM,SYS,0,0,8,8153
2026-05-22T01:16:03,SYSTEM,SYS,0,0,12,28
2026-05-22T01:16:04,SYSTEM,WEB,0,0,1,0
2026-05-22T01:16:24,SENSOR,SYS,0,0,12,93
2026-05-22T01:16:54,SENSOR,SYS,0,0,12,93
2026-05-22T01:17:03,SYSTEM,SYS,0,0,7,102
2026-05-22T01:17:03,SYSTEM,SYS,0,0,8,8153
2026-05-22T01:17:03,SYSTEM,SYS,0,0,12,31
2026-05-22T01:17:24,SENSOR,SYS,0,0,12,93
2026-05-22T01:17:54,SENSOR,SYS,0,0,12,93
2026-05-22T01:18:03,SYSTEM,SYS,0,0,7,102
2026-05-22T01:18:03,SYSTEM,SYS,0,0,8,8153
2026-05-22T01:18:03,SYSTEM,SYS,0,0,12,31
2026-05-22T01:18:04,SYSTEM,WEB,0,0,1,0
2026-05-22T01:18:25,SENSOR,SYS,0,0,12,93
2026-05-22T01:18:55,SENSOR,SYS,0,0,12,93
2026-05-22T01:19:03,SYSTEM,SYS,0,0,7,102
2026-05-22T01:19:03,SYSTEM,SYS,0,0,8,8153
2026-05-22T01:19:03,SYSTEM,SYS,0,0,12,31
2026-05-22T01:19:26,SENSOR,SYS,0,0,12,93
2026-05-22T01:19:56,SENSOR,SYS,0,0,12,93
2026-05-22T01:20:03,SYSTEM,SYS,0,0,7,102
2026-05-22T01:20:03,SYSTEM,SYS,0,0,8,8153
2026-05-22T01:20:03,SYSTEM,SYS,0,0,12,31
2026-05-22T01:20:05,SYSTEM,WEB,0,0,1,0
2026-05-22T01:20:26,SENSOR,SYS,0,0,12,93
2026-05-22T01:20:57,SENSOR,SYS,0,0,12,93
2026-05-22T01:21:03,SYSTEM,SYS,0,0,7,102
2026-05-22T01:21:04,SYSTEM,SYS,0,0,8,8153
2026-05-22T01:21:04,SYSTEM,SYS,0,0,12,31
2026-05-22T01:21:27,SENSOR,SYS,0,0,12,92
2026-05-22T01:21:57,SENSOR,SYS,0,0,12,92
2026-05-22T01:22:03,SYSTEM,SYS,0,0,7,102
2026-05-22T01:22:03,SYSTEM,SYS,0,0,8,8153
2026-05-22T01:22:03,SYSTEM,SYS,0,0,12,31
2026-05-22T01:22:06,SYSTEM,WEB,0,0,1,0
2026-05-22T01:22:27,SENSOR,SYS,0,0,12,92
2026-05-22T01:22:58,SENSOR,SYS,0,0,12,92
2026-05-22T01:23:03,SYSTEM,SYS,0,0,7,102
2026-05-22T01:23:03,SYSTEM,SYS,0,0,8,8153
2026-05-22T01:23:03,SYSTEM,SYS,0,0,12,31
2026-05-22T01:23:28,SENSOR,SYS,0,0,12,92
2026-05-22T01:23:59,SENSOR,SYS,0,0,12,92
2026-05-22T01:24:04,SYSTEM,SYS,0,0,7,102
2026-05-22T01:24:04,SYSTEM,SYS,0,0,8,8153
2026-05-22T01:24:04,SYSTEM,SYS,0,0,12,31
2026-05-22T01:24:07,SYSTEM,WEB,0,0,1,0
2026-05-22T01:24:29,SENSOR,SYS,0,0,12,92
2026-05-22T01:24:59,SENSOR,SYS,0,0,13,92
2026-05-22T01:25:03,SYSTEM,SYS,0,0,7,102
2026-05-22T01:25:03,SYSTEM,SYS,0,0,8,8153
2026-05-22T01:25:03,SYSTEM,SYS,0,0,12,31
2026-05-22T01:25:29,SENSOR,SYS,0,0,13,91
2026-05-22T01:26:00,SENSOR,SYS,0,0,13,91
2026-05-22T01:26:03,SYSTEM,SYS,0,0,7,102
2026-05-22T01:26:03,SYSTEM,SYS,0,0,8,8153
2026-05-22T01:26:03,SYSTEM,SYS,0,0,12,31
2026-05-22T01:26:08,SYSTEM,WEB,0,0,1,0
2026-05-22T01:26:30,SENSOR,SYS,0,0,13,91
2026-05-22T01:27:00,SENSOR,SYS,0,0,13,91
2026-05-22T01:27:03,SYSTEM,SYS,0,0,7,102
2026-05-22T01:27:03,SYSTEM,SYS,0,0,8,8153
2026-05-22T01:27:03,SYSTEM,SYS,0,0,12,31
2026-05-22T01:27:30,SENSOR,SYS,0,0,13,91
2026-05-22T01:28:01,SENSOR,SYS,0,0,13,91
2026-05-22T01:28:03,SYSTEM,SYS,0,0,7,102
2026-05-22T01:28:03,SYSTEM,SYS,0,0,8,8153
2026-05-22T01:28:03,SYSTEM,SYS,0,0,12,31
2026-05-22T01:28:08,SYSTEM,WEB,0,0,1,0
2026-05-22T01:28:31,SENSOR,SYS,0,0,13,91
2026-05-22T01:29:02,SENSOR,SYS,0,0,13,90
2026-05-22T01:29:04,SYSTEM,SYS,0,0,7,102
2026-05-22T01:29:04,SYSTEM,SYS,0,0,8,8153
2026-05-22T01:29:04,SYSTEM,SYS,0,0,12,31
2026-05-22T01:29:32,SENSOR,SYS,0,0,13,90
2026-05-22T01:30:02,SENSOR,SYS,0,0,13,90
2026-05-22T01:30:03,SYSTEM,SYS,0,0,7,102
2026-05-22T01:30:03,SYSTEM,SYS,0,0,8,8153
2026-05-22T01:30:03,SYSTEM,SYS,0,0,12,31
2026-05-22T01:30:09,SYSTEM,WEB,0,0,1,0
2026-05-22T01:30:21,SENSOR,SYS,0,0,12,91
2026-05-22T01:31:03,SENSOR,SYS,0,0,12,91
2026-05-22T01:31:03,SYSTEM,SYS,0,0,7,102
2026-05-22T01:31:03,SYSTEM,SYS,0,0,8,8153
2026-05-22T01:31:03,SYSTEM,SYS,0,0,12,31
2026-05-22T01:31:33,SENSOR,SYS,0,0,12,91
2026-05-22T01:32:04,SYSTEM,SYS,0,0,7,102
2026-05-22T01:32:04,SYSTEM,SYS,0,0,8,8153
2026-05-22T01:32:04,SYSTEM,SYS,0,0,12,31
2026-05-22T01:32:04,SENSOR,SYS,0,0,12,91
2026-05-22T01:32:10,SYSTEM,WEB,0,0,1,0
2026-05-22T01:32:34,SENSOR,SYS,0,0,12,91
2026-05-22T01:33:03,SYSTEM,SYS,0,0,7,102
2026-05-22T01:33:03,SYSTEM,SYS,0,0,8,8153
2026-05-22T01:33:03,SYSTEM,SYS,0,0,12,31
2026-05-22T01:33:04,SENSOR,SYS,0,0,12,91
2026-05-22T01:33:34,SENSOR,SYS,0,0,12,91
2026-05-22T01:34:03,SYSTEM,SYS,0,0,7,102
2026-05-22T01:34:03,SYSTEM,SYS,0,0,8,8153
2026-05-22T01:34:03,SYSTEM,SYS,0,0,12,31
2026-05-22T01:34:05,SENSOR,SYS,0,0,12,92
2026-05-22T01:34:11,SYSTEM,WEB,0,0,1,0
2026-05-22T01:34:35,SENSOR,SYS,0,0,12,92
2026-05-22T01:35:03,SYSTEM,SYS,0,0,7,102
2026-05-22T01:35:03,SYSTEM,SYS,0,0,8,8153
2026-05-22T01:35:03,SYSTEM,SYS,0,0,12,31
2026-05-22T01:35:05,SENSOR,SYS,0,0,12,92
2026-05-22T01:35:36,SENSOR,SYS,0,0,12,92
2026-05-22T01:36:03,SYSTEM,SYS,0,0,7,102
2026-05-22T01:36:03,SYSTEM,SYS,0,0,8,8153
2026-05-22T01:36:03,SYSTEM,SYS,0,0,12,31
2026-05-22T01:36:06,SENSOR,SYS,0,0,12,92
2026-05-22T01:36:12,SYSTEM,WEB,0,0,1,0
2026-05-22T01:36:36,SENSOR,SYS,0,0,12,92
2026-05-22T01:37:03,SYSTEM,SYS,0,0,7,102
2026-05-22T01:37:03,SYSTEM,SYS,0,0,8,8153
2026-05-22T01:37:03,SYSTEM,SYS,0,0,12,31
2026-05-22T01:37:06,SENSOR,SYS,0,0,12,92
2026-05-22T01:37:37,SENSOR,SYS,0,0,12,93
2026-05-22T01:38:03,SYSTEM,SYS,0,0,7,102
2026-05-22T01:38:03,SYSTEM,SYS,0,0,8,8153
2026-05-22T01:38:03,SYSTEM,SYS,0,0,12,31
2026-05-22T01:38:07,SENSOR,SYS,0,0,12,93
2026-05-22T01:38:11,SYSTEM,WEB,0,0,1,0
2026-05-22T01:38:38,SENSOR,SYS,0,0,12,93
2026-05-22T01:39:04,SYSTEM,SYS,0,0,7,102
2026-05-22T01:39:04,SYSTEM,SYS,0,0,8,8153
2026-05-22T01:39:04,SYSTEM,SYS,0,0,12,31
2026-05-22T01:39:08,SENSOR,SYS,0,0,12,93
2026-05-22T01:39:38,SENSOR,SYS,0,0,12,93
2026-05-22T01:40:03,SYSTEM,SYS,0,0,7,102
2026-05-22T01:40:03,SYSTEM,SYS,0,0,8,8153
2026-05-22T01:40:03,SYSTEM,SYS,0,0,12,31
2026-05-22T01:40:08,SENSOR,SYS,0,0,12,93
2026-05-22T01:40:12,SYSTEM,WEB,0,0,1,0
2026-05-22T01:40:39,SENSOR,SYS,0,0,12,93
2026-05-22T01:41:03,SYSTEM,SYS,0,0,7,102
2026-05-22T01:41:03,SYSTEM,SYS,0,0,8,8153
2026-05-22T01:41:03,SYSTEM,SYS,0,0,12,31
2026-05-22T01:41:09,SENSOR,SYS,0,0,12,93
2026-05-22T01:41:40,SENSOR,SYS,0,0,12,93
2026-05-22T01:42:04,SYSTEM,SYS,0,0,7,102
2026-05-22T01:42:04,SYSTEM,SYS,0,0,8,8153
2026-05-22T01:42:04,SYSTEM,SYS,0,0,12,31
2026-05-22T01:42:10,SENSOR,SYS,0,0,12,93
2026-05-22T01:42:14,SYSTEM,WEB,0,0,1,0
2026-05-22T01:42:40,SENSOR,SYS,0,0,12,93
2026-05-22T01:43:03,SYSTEM,SYS,0,0,7,102
2026-05-22T01:43:03,SYSTEM,SYS,0,0,8,8153
2026-05-22T01:43:03,SYSTEM,SYS,0,0,12,31
2026-05-22T01:43:10,SENSOR,SYS,0,0,12,93
2026-05-22T01:43:41,SENSOR,SYS,0,0,12,93
2026-05-22T01:44:03,SYSTEM,SYS,0,0,7,102
2026-05-22T01:44:03,SYSTEM,SYS,0,0,8,8153
2026-05-22T01:44:03,SYSTEM,SYS,0,0,12,31
2026-05-22T01:44:11,SENSOR,SYS,0,0,12,93
2026-05-22T01:44:13,SYSTEM,WEB,0,0,1,0
2026-05-22T01:44:41,SENSOR,SYS,0,0,12,93
2026-05-22T01:45:03,SYSTEM,SYS,0,0,7,102
2026-05-22T01:45:03,SYSTEM,SYS,0,0,8,8153
2026-05-22T01:45:03,SYSTEM,SYS,0,0,12,31
2026-05-22T01:45:11,SENSOR,SYS,0,0,12,93
2026-05-22T01:45:42,SENSOR,SYS,0,0,12,93
2026-05-22T01:46:03,SYSTEM,SYS,0,0,7,102
2026-05-22T01:46:03,SYSTEM,SYS,0,0,8,8153
2026-05-22T01:46:03,SYSTEM,SYS,0,0,12,31
2026-05-22T01:46:12,SENSOR,SYS,0,0,12,93
2026-05-22T01:46:14,SYSTEM,WEB,0,0,1,0
2026-05-22T01:46:43,SENSOR,SYS,0,0,12,93
2026-05-22T01:47:04,SYSTEM,SYS,0,0,7,102
2026-05-22T01:47:04,SYSTEM,SYS,0,0,8,8153
2026-05-22T01:47:04,SYSTEM,SYS,0,0,12,31
2026-05-22T01:47:13,SENSOR,SYS,0,0,12,93
2026-05-22T01:47:43,SENSOR,SYS,0,0,12,93
2026-05-22T01:48:03,SYSTEM,SYS,0,0,7,102
2026-05-22T01:48:03,SYSTEM,SYS,0,0,8,8153
2026-05-22T01:48:03,SYSTEM,SYS,0,0,12,31
2026-05-22T01:48:13,SENSOR,SYS,0,0,12,93
2026-05-22T01:48:14,SYSTEM,WEB,0,0,1,0
2026-05-22T01:48:44,SENSOR,SYS,0,0,12,93
2026-05-22T01:49:03,SYSTEM,SYS,0,0,7,102
2026-05-22T01:49:03,SYSTEM,SYS,0,0,8,8153
2026-05-22T01:49:03,SYSTEM,SYS,0,0,12,31
2026-05-22T01:49:14,SENSOR,SYS,0,0,12,93
2026-05-22T01:49:45,SENSOR,SYS,0,0,12,93
2026-05-22T01:50:04,SYSTEM,SYS,0,0,7,102
2026-05-22T01:50:04,SYSTEM,SYS,0,0,8,8153
2026-05-22T01:50:04,SYSTEM,SYS,0,0,12,31
2026-05-22T01:50:15,SENSOR,SYS,0,0,12,93
2026-05-22T01:50:16,SYSTEM,WEB,0,0,1,0
2026-05-22T01:50:45,SENSOR,SYS,0,0,12,93
2026-05-22T01:51:03,SYSTEM,SYS,0,0,7,102
2026-05-22T01:51:03,SYSTEM,SYS,0,0,8,8153
2026-05-22T01:51:03,SYSTEM,SYS,0,0,12,31
2026-05-22T01:51:15,SENSOR,SYS,0,0,12,93
2026-05-22T01:51:45,SENSOR,SYS,0,0,12,93
2026-05-22T01:52:03,SYSTEM,SYS,0,0,7,102
2026-05-22T01:52:03,SYSTEM,SYS,0,0,8,8153
2026-05-22T01:52:03,SYSTEM,SYS,0,0,12,31
2026-05-22T01:52:16,SENSOR,SYS,0,0,12,93
2026-05-22T01:52:16,SYSTEM,WEB,0,0,1,0
2026-05-22T01:52:46,SENSOR,SYS,0,0,12,93
2026-05-22T01:53:03,SYSTEM,SYS,0,0,7,102
2026-05-22T01:53:03,SYSTEM,SYS,0,0,8,8153
2026-05-22T01:53:03,SYSTEM,SYS,0,0,12,31
2026-05-22T01:53:17,SENSOR,SYS,0,0,12,93
2026-05-22T01:53:47,SENSOR,SYS,0,0,12,93
2026-05-22T01:54:03,SYSTEM,SYS,0,0,7,102
2026-05-22T01:54:03,SYSTEM,SYS,0,0,8,8153
2026-05-22T01:54:03,SYSTEM,SYS,0,0,12,31
2026-05-22T01:54:17,SYSTEM,WEB,0,0,1,0
2026-05-22T01:54:17,SENSOR,SYS,0,0,12,93
2026-05-22T01:54:47,SENSOR,SYS,0,0,12,93
2026-05-22T01:55:03,SYSTEM,SYS,0,0,7,102
2026-05-22T01:55:03,SYSTEM,SYS,0,0,8,8153
2026-05-22T01:55:03,SYSTEM,SYS,0,0,12,31
2026-05-22T01:55:18,SENSOR,SYS,0,0,12,93
2026-05-22T01:55:48,SENSOR,SYS,0,0,12,93
2026-05-22T01:56:03,SYSTEM,SYS,0,0,7,102
2026-05-22T01:56:03,SYSTEM,SYS,0,0,8,8153
2026-05-22T01:56:03,SYSTEM,SYS,0,0,12,31
2026-05-22T01:56:18,SYSTEM,WEB,0,0,1,0
2026-05-22T01:56:19,SENSOR,SYS,0,0,12,93
2026-05-22T01:56:49,SENSOR,SYS,0,0,12,93
2026-05-22T01:57:04,SYSTEM,SYS,0,0,7,102
2026-05-22T01:57:04,SYSTEM,SYS,0,0,8,8153
2026-05-22T01:57:04,SYSTEM,SYS,0,0,12,31
2026-05-22T01:57:19,SENSOR,SYS,0,0,12,93
2026-05-22T01:57:49,SENSOR,SYS,0,0,12,93
2026-05-22T01:58:03,SYSTEM,SYS,0,0,7,102
2026-05-22T01:58:03,SYSTEM,SYS,0,0,8,8153
2026-05-22T01:58:03,SYSTEM,SYS,0,0,12,31
2026-05-22T01:58:19,SYSTEM,WEB,0,0,1,0
2026-05-22T01:58:20,SENSOR,SYS,0,0,12,93
2026-05-22T01:58:50,SENSOR,SYS,0,0,12,93
2026-05-22T01:59:03,SYSTEM,SYS,0,0,7,102
2026-05-22T01:59:03,SYSTEM,SYS,0,0,8,8153
2026-05-22T01:59:03,SYSTEM,SYS,0,0,12,31
2026-05-22T01:59:20,SENSOR,SYS,0,0,12,93
2026-05-22T01:59:50,SENSOR,SYS,0,0,12,93
2026-05-22T02:00:03,SYSTEM,SYS,0,0,7,102
2026-05-22T02:00:03,SYSTEM,SYS,0,0,8,8153
2026-05-22T02:00:03,SYSTEM,SYS,0,0,12,31
2026-05-22T02:00:19,SYSTEM,WEB,0,0,1,0
2026-05-22T02:00:21,SENSOR,SYS,0,0,12,94
2026-05-22T02:00:51,SENSOR,SYS,0,0,12,94
2026-05-22T02:01:03,SYSTEM,SYS,0,0,7,102
2026-05-22T02:01:04,SYSTEM,SYS,0,0,8,8153
2026-05-22T02:01:04,SYSTEM,SYS,0,0,12,31
2026-05-22T02:01:22,SENSOR,SYS,0,0,12,94
2026-05-22T02:01:52,SENSOR,SYS,0,0,12,94
2026-05-22T02:02:03,SYSTEM,SYS,0,0,7,102
2026-05-22T02:02:03,SYSTEM,SYS,0,0,8,8153
2026-05-22T02:02:03,SYSTEM,SYS,0,0,12,31
2026-05-22T02:02:20,SYSTEM,WEB,0,0,1,0
2026-05-22T02:02:22,SENSOR,SYS,0,0,12,94
2026-05-22T02:02:52,SENSOR,SYS,0,0,12,94
2026-05-22T02:03:03,SYSTEM,SYS,0,0,7,102
2026-05-22T02:03:03,SYSTEM,SYS,0,0,8,8153
2026-05-22T02:03:03,SYSTEM,SYS,0,0,12,31
2026-05-22T02:03:23,SENSOR,SYS,0,0,12,94
2026-05-22T02:03:53,SENSOR,SYS,0,0,12,94
2026-05-22T02:04:04,SYSTEM,SYS,0,0,7,102
2026-05-22T02:04:04,SYSTEM,SYS,0,0,8,8153
2026-05-22T02:04:04,SYSTEM,SYS,0,0,12,31
2026-05-22T02:04:22,SYSTEM,WEB,0,0,1,0
2026-05-22T02:04:24,SENSOR,SYS,0,0,12,94
2026-05-22T02:04:54,SENSOR,SYS,0,0,12,94
2026-05-22T02:05:03,SYSTEM,SYS,0,0,7,102
2026-05-22T02:05:03,SYSTEM,SYS,0,0,8,8153
2026-05-22T02:05:03,SYSTEM,SYS,0,0,12,31
2026-05-22T02:05:24,SENSOR,SYS,0,0,12,94
2026-05-22T02:05:55,SENSOR,SYS,0,0,12,94
2026-05-22T02:06:04,SYSTEM,SYS,0,0,7,102
2026-05-22T02:06:04,SYSTEM,SYS,0,0,8,8153
2026-05-22T02:06:04,SYSTEM,SYS,0,0,12,31
2026-05-22T02:06:23,SYSTEM,WEB,0,0,1,0
2026-05-22T02:06:25,SENSOR,SYS,0,0,12,94
2026-05-22T02:06:55,SENSOR,SYS,0,0,12,94
2026-05-22T02:07:03,SYSTEM,SYS,0,0,7,102
2026-05-22T02:07:03,SYSTEM,SYS,0,0,8,8153
2026-05-22T02:07:03,SYSTEM,SYS,0,0,12,31
2026-05-22T02:07:25,SENSOR,SYS,0,0,12,94
2026-05-22T02:07:56,SENSOR,SYS,0,0,12,94
2026-05-22T02:08:03,SYSTEM,SYS,0,0,7,102
2026-05-22T02:08:03,SYSTEM,SYS,0,0,8,8153
2026-05-22T02:08:03,SYSTEM,SYS,0,0,12,31
2026-05-22T02:08:23,SYSTEM,WEB,0,0,1,0
2026-05-22T02:08:26,SENSOR,SYS,0,0,12,94
2026-05-22T02:08:56,SENSOR,SYS,0,0,12,94
2026-05-22T02:09:03,SYSTEM,SYS,0,0,7,102
2026-05-22T02:09:03,SYSTEM,SYS,0,0,8,8153
2026-05-22T02:09:03,SYSTEM,SYS,0,0,12,31
2026-05-22T02:09:26,SENSOR,SYS,0,0,12,94
2026-05-22T02:09:57,SENSOR,SYS,0,0,12,94
2026-05-22T02:10:03,SYSTEM,SYS,0,0,7,102
2026-05-22T02:10:03,SYSTEM,SYS,0,0,8,8153
2026-05-22T02:10:03,SYSTEM,SYS,0,0,12,31
2026-05-22T02:10:24,SYSTEM,WEB,0,0,1,0
2026-05-22T02:10:27,SENSOR,SYS,0,0,12,94
2026-05-22T02:10:58,SENSOR,SYS,0,0,12,94
2026-05-22T02:11:04,SYSTEM,SYS,0,0,7,102
2026-05-22T02:11:04,SYSTEM,SYS,0,0,8,8153
2026-05-22T02:11:04,SYSTEM,SYS,0,0,12,31
2026-05-22T02:11:28,SENSOR,SYS,0,0,12,94
2026-05-22T02:11:58,SENSOR,SYS,0,0,12,94
2026-05-22T02:12:03,SYSTEM,SYS,0,0,7,102
2026-05-22T02:12:03,SYSTEM,SYS,0,0,8,8153
2026-05-22T02:12:03,SYSTEM,SYS,0,0,12,31
2026-05-22T02:12:24,SYSTEM,WEB,0,0,1,0
2026-05-22T02:12:28,SENSOR,SYS,0,0,12,94
2026-05-22T02:12:59,SENSOR,SYS,0,0,12,94
2026-05-22T02:13:03,SYSTEM,SYS,0,0,7,102
2026-05-22T02:13:03,SYSTEM,SYS,0,0,8,8153
2026-05-22T02:13:03,SYSTEM,SYS,0,0,12,31
2026-05-22T02:13:29,SENSOR,SYS,0,0,12,94
2026-05-22T02:14:00,SENSOR,SYS,0,0,12,94
2026-05-22T02:14:04,SYSTEM,SYS,0,0,7,102
2026-05-22T02:14:04,SYSTEM,SYS,0,0,8,8153
2026-05-22T02:14:04,SYSTEM,SYS,0,0,12,31
2026-05-22T02:14:26,SYSTEM,WEB,0,0,1,0
2026-05-22T02:14:30,SENSOR,SYS,0,0,12,94
2026-05-22T02:15:00,SENSOR,SYS,0,0,12,94
2026-05-22T02:15:03,SYSTEM,SYS,0,0,7,102
2026-05-22T02:15:03,SYSTEM,SYS,0,0,8,8153
2026-05-22T02:15:03,SYSTEM,SYS,0,0,12,31
2026-05-22T02:15:30,SENSOR,SYS,0,0,12,94
2026-05-22T02:16:01,SENSOR,SYS,0,0,12,94
2026-05-22T02:16:03,SYSTEM,SYS,0,0,7,102
2026-05-22T02:16:03,SYSTEM,SYS,0,0,8,8153
2026-05-22T02:16:03,SYSTEM,SYS,0,0,12,31
2026-05-22T02:16:26,SYSTEM,WEB,0,0,1,0
2026-05-22T02:16:31,SENSOR,SYS,0,0,12,94
2026-05-22T02:17:01,SENSOR,SYS,0,0,12,94
2026-05-22T02:17:03,SYSTEM,SYS,0,0,7,102
2026-05-22T02:17:03,SYSTEM,SYS,0,0,8,8153
2026-05-22T02:17:03,SYSTEM,SYS,0,0,12,31
2026-05-22T02:17:31,SENSOR,SYS,0,0,12,94
2026-05-22T02:18:02,SENSOR,SYS,0,0,12,94
2026-05-22T02:18:03,SYSTEM,SYS,0,0,7,102
2026-05-22T02:18:03,SYSTEM,SYS,0,0,8,8153
2026-05-22T02:18:03,SYSTEM,SYS,0,0,12,31
2026-05-22T02:18:27,SYSTEM,WEB,0,0,1,0
2026-05-22T02:18:32,SENSOR,SYS,0,0,12,94
2026-05-22T02:19:03,SENSOR,SYS,0,0,12,94
2026-05-22T02:19:04,SYSTEM,SYS,0,0,7,102
2026-05-22T02:19:04,SYSTEM,SYS,0,0,8,8153
2026-05-22T02:19:04,SYSTEM,SYS,0,0,12,31
2026-05-22T02:19:33,SENSOR,SYS,0,0,12,94
2026-05-22T02:20:03,SENSOR,SYS,0,0,12,94
2026-05-22T02:20:03,SYSTEM,SYS,0,0,7,102
2026-05-22T02:20:03,SYSTEM,SYS,0,0,8,8153
2026-05-22T02:20:03,SYSTEM,SYS,0,0,12,31
2026-05-22T02:20:27,SYSTEM,WEB,0,0,1,0
2026-05-22T02:20:34,SENSOR,SYS,0,0,12,94
2026-05-22T02:21:04,SYSTEM,SYS,0,0,7,102
2026-05-22T02:21:04,SYSTEM,SYS,0,0,8,8153
2026-05-22T02:21:04,SYSTEM,SYS,0,0,12,31
2026-05-22T02:21:04,SENSOR,SYS,0,0,12,94
2026-05-22T02:21:34,SENSOR,SYS,0,0,12,94
2026-05-22T02:22:03,SYSTEM,SYS,0,0,7,102
2026-05-22T02:22:03,SYSTEM,SYS,0,0,8,8153
2026-05-22T02:22:03,SYSTEM,SYS,0,0,12,31
2026-05-22T02:22:04,SENSOR,SYS,0,0,12,94
2026-05-22T02:22:28,SYSTEM,WEB,0,0,1,0
2026-05-22T02:22:35,SENSOR,SYS,0,0,12,94
2026-05-22T02:23:03,SYSTEM,SYS,0,0,7,102
2026-05-22T02:23:03,SYSTEM,SYS,0,0,8,8153
2026-05-22T02:23:03,SYSTEM,SYS,0,0,12,31
2026-05-22T02:23:05,SENSOR,SYS,0,0,12,94
2026-05-22T02:23:35,SENSOR,SYS,0,0,12,94
2026-05-22T02:24:03,SYSTEM,SYS,0,0,7,102
2026-05-22T02:24:03,SYSTEM,SYS,0,0,8,8153
2026-05-22T02:24:03,SYSTEM,SYS,0,0,12,31
2026-05-22T02:24:05,SENSOR,SYS,0,0,12,94
2026-05-22T02:24:29,SYSTEM,WEB,0,0,1,0
2026-05-22T02:24:36,SENSOR,SYS,0,0,12,94
2026-05-22T02:25:03,SYSTEM,SYS,0,0,7,102
2026-05-22T02:25:03,SYSTEM,SYS,0,0,8,8153
2026-05-22T02:25:03,SYSTEM,SYS,0,0,12,31
2026-05-22T02:25:06,SENSOR,SYS,0,0,12,94
2026-05-22T02:25:37,SENSOR,SYS,0,0,12,94
2026-05-22T02:26:04,SYSTEM,SYS,0,0,7,102
2026-05-22T02:26:04,SYSTEM,SYS,0,0,8,8153
2026-05-22T02:26:04,SYSTEM,SYS,0,0,12,31
2026-05-22T02:26:07,SENSOR,SYS,0,0,12,94
2026-05-22T02:26:30,SYSTEM,WEB,0,0,1,0
2026-05-22T02:26:37,SENSOR,SYS,0,0,12,94
2026-05-22T02:27:03,SYSTEM,SYS,0,0,7,102
2026-05-22T02:27:03,SYSTEM,SYS,0,0,8,8153
2026-05-22T02:27:03,SYSTEM,SYS,0,0,12,31
2026-05-22T02:27:07,SENSOR,SYS,0,0,12,94
2026-05-22T02:27:38,SENSOR,SYS,0,0,12,94
2026-05-22T02:28:03,SYSTEM,SYS,0,0,7,102
2026-05-22T02:28:03,SYSTEM,SYS,0,0,8,8153
2026-05-22T02:28:03,SYSTEM,SYS,0,0,12,31
2026-05-22T02:28:08,SENSOR,SYS,0,0,12,94
2026-05-22T02:28:31,SYSTEM,WEB,0,0,1,0
2026-05-22T02:28:39,SENSOR,SYS,0,0,12,94
2026-05-22T02:29:04,SYSTEM,SYS,0,0,7,102
2026-05-22T02:29:04,SYSTEM,SYS,0,0,8,8153
2026-05-22T02:29:04,SYSTEM,SYS,0,0,12,31
2026-05-22T02:29:09,SENSOR,SYS,0,0,12,94
2026-05-22T02:29:39,SENSOR,SYS,0,0,12,94
2026-05-22T02:30:03,SYSTEM,SYS,0,0,7,102
2026-05-22T02:30:03,SYSTEM,SYS,0,0,8,8153
2026-05-22T02:30:03,SYSTEM,SYS,0,0,12,31
2026-05-22T02:30:09,SENSOR,SYS,0,0,12,94
2026-05-22T02:30:20,SYSTEM,WEB,0,0,1,0
2026-05-22T02:30:28,SENSOR,SYS,0,0,12,94
2026-05-22T02:30:52,SYSTEM,SYS,0,0,7,102
2026-05-22T02:30:52,SYSTEM,SYS,0,0,8,8153
2026-05-22T02:30:52,SYSTEM,SYS,0,0,12,31
2026-05-22T02:30:59,SENSOR,SYS,0,0,12,93
2026-05-22T02:31:41,SENSOR,SYS,0,0,12,93
2026-05-22T02:32:04,SYSTEM,SYS,0,0,7,102
2026-05-22T02:32:04,SYSTEM,SYS,0,0,8,8153
2026-05-22T02:32:04,SYSTEM,SYS,0,0,12,31
2026-05-22T02:32:11,SENSOR,SYS,0,0,12,93
2026-05-22T02:32:32,SYSTEM,WEB,0,0,1,0
2026-05-22T02:32:41,SENSOR,SYS,0,0,12,93
2026-05-22T02:33:03,SYSTEM,SYS,0,0,7,102
2026-05-22T02:33:03,SYSTEM,SYS,0,0,8,8153
2026-05-22T02:33:03,SYSTEM,SYS,0,0,12,31
2026-05-22T02:33:11,SENSOR,SYS,0,0,12,93
2026-05-22T02:33:42,SENSOR,SYS,0,0,12,93
2026-05-22T02:34:04,SYSTEM,SYS,0,0,7,102
2026-05-22T02:34:04,SYSTEM,SYS,0,0,8,8153
2026-05-22T02:34:04,SYSTEM,SYS,0,0,12,31
2026-05-22T02:34:12,SENSOR,SYS,0,0,12,92
2026-05-22T02:34:33,SYSTEM,WEB,0,0,1,0
2026-05-22T02:34:42,SENSOR,SYS,0,0,12,92
2026-05-22T02:35:03,SYSTEM,SYS,0,0,7,102
2026-05-22T02:35:03,SYSTEM,SYS,0,0,8,8153
2026-05-22T02:35:03,SYSTEM,SYS,0,0,12,31
2026-05-22T02:35:12,SENSOR,SYS,0,0,12,92
2026-05-22T02:35:43,SENSOR,SYS,0,0,12,92
2026-05-22T02:36:03,SYSTEM,SYS,0,0,7,102
2026-05-22T02:36:03,SYSTEM,SYS,0,0,8,8153
2026-05-22T02:36:03,SYSTEM,SYS,0,0,12,31
2026-05-22T02:36:13,SENSOR,SYS,0,0,12,92
2026-05-22T02:36:34,SYSTEM,WEB,0,0,1,0
2026-05-22T02:36:43,SENSOR,SYS,0,0,12,92
2026-05-22T02:37:03,SYSTEM,SYS,0,0,7,102
2026-05-22T02:37:03,SYSTEM,SYS,0,0,8,8153
2026-05-22T02:37:03,SYSTEM,SYS,0,0,12,31
2026-05-22T02:37:14,SENSOR,SYS,0,0,12,91
2026-05-22T02:37:44,SENSOR,SYS,0,0,12,91
2026-05-22T02:38:03,SYSTEM,SYS,0,0,7,102
2026-05-22T02:38:03,SYSTEM,SYS,0,0,8,8153
2026-05-22T02:38:03,SYSTEM,SYS,0,0,12,31
2026-05-22T02:38:15,SENSOR,SYS,0,0,12,91
2026-05-22T02:38:35,SYSTEM,WEB,0,0,1,0
2026-05-22T02:38:45,SENSOR,SYS,0,0,12,91
2026-05-22T02:39:04,SYSTEM,SYS,0,0,7,102
2026-05-22T02:39:04,SYSTEM,SYS,0,0,8,8153
2026-05-22T02:39:04,SYSTEM,SYS,0,0,12,31
2026-05-22T02:39:15,SENSOR,SYS,0,0,12,91
2026-05-22T02:39:45,SENSOR,SYS,0,0,12,91
2026-05-22T02:40:03,SYSTEM,SYS,0,0,7,102
2026-05-22T02:40:03,SYSTEM,SYS,0,0,8,8153
2026-05-22T02:40:03,SYSTEM,SYS,0,0,12,31
2026-05-22T02:40:16,SENSOR,SYS,0,0,12,91
2026-05-22T02:40:35,SYSTEM,WEB,0,0,1,0
2026-05-22T02:40:46,SENSOR,SYS,0,0,12,91
2026-05-22T02:41:03,SYSTEM,SYS,0,0,7,102
2026-05-22T02:41:03,SYSTEM,SYS,0,0,8,8153
2026-05-22T02:41:03,SYSTEM,SYS,0,0,12,31
2026-05-22T02:41:16,SENSOR,SYS,0,0,12,91
2026-05-22T02:41:46,SENSOR,SYS,0,0,12,91
2026-05-22T02:42:03,SYSTEM,SYS,0,0,7,102
2026-05-22T02:42:03,SYSTEM,SYS,0,0,8,8153
2026-05-22T02:42:03,SYSTEM,SYS,0,0,12,31
2026-05-22T02:42:17,SENSOR,SYS,0,0,11,91
2026-05-22T02:42:36,SYSTEM,WEB,0,0,1,0
2026-05-22T02:42:47,SENSOR,SYS,0,0,11,92
2026-05-22T02:43:04,SYSTEM,SYS,0,0,7,102
2026-05-22T02:43:04,SYSTEM,SYS,0,0,8,8153
2026-05-22T02:43:04,SYSTEM,SYS,0,0,12,31
2026-05-22T02:43:18,SENSOR,SYS,0,0,11,92
2026-05-22T02:43:48,SENSOR,SYS,0,0,11,92
2026-05-22T02:44:03,SYSTEM,SYS,0,0,7,102
2026-05-22T02:44:03,SYSTEM,SYS,0,0,8,8153
2026-05-22T02:44:03,SYSTEM,SYS,0,0,12,31
2026-05-22T02:44:18,SENSOR,SYS,0,0,11,92
2026-05-22T02:44:36,SYSTEM,WEB,0,0,1,0
2026-05-22T02:44:48,SENSOR,SYS,0,0,11,92
2026-05-22T02:45:03,SYSTEM,SYS,0,0,7,102
2026-05-22T02:45:03,SYSTEM,SYS,0,0,8,8153
2026-05-22T02:45:03,SYSTEM,SYS,0,0,12,31
2026-05-22T02:45:19,SENSOR,SYS,0,0,11,92
2026-05-22T02:45:49,SENSOR,SYS,0,0,11,93
2026-05-22T02:46:04,SYSTEM,SYS,0,0,7,102
2026-05-22T02:46:04,SYSTEM,SYS,0,0,8,8153
2026-05-22T02:46:04,SYSTEM,SYS,0,0,12,31
2026-05-22T02:46:20,SENSOR,SYS,0,0,11,93
2026-05-22T02:46:38,SYSTEM,WEB,0,0,1,0
2026-05-22T02:46:50,SENSOR,SYS,0,0,11,93
2026-05-22T02:47:03,SYSTEM,SYS,0,0,7,102
2026-05-22T02:47:03,SYSTEM,SYS,0,0,8,8153
2026-05-22T02:47:03,SYSTEM,SYS,0,0,12,31
2026-05-22T02:47:20,SENSOR,SYS,0,0,11,93
2026-05-22T02:47:50,SENSOR,SYS,0,0,11,93
2026-05-22T02:48:03,SYSTEM,SYS,0,0,7,102
2026-05-22T02:48:03,SYSTEM,SYS,0,0,8,8153
2026-05-22T02:48:03,SYSTEM,SYS,0,0,12,31
2026-05-22T02:48:21,SENSOR,SYS,0,0,11,93
2026-05-22T02:48:38,SYSTEM,WEB,0,0,1,0
2026-05-22T02:48:51,SENSOR,SYS,0,0,11,94
2026-05-22T02:49:03,SYSTEM,SYS,0,0,7,102
2026-05-22T02:49:03,SYSTEM,SYS,0,0,8,8153
2026-05-22T02:49:03,SYSTEM,SYS,0,0,12,31
2026-05-22T02:49:21,SENSOR,SYS,0,0,11,94
2026-05-22T02:49:51,SENSOR,SYS,0,0,11,94
2026-05-22T02:50:03,SYSTEM,SYS,0,0,7,102
2026-05-22T02:50:03,SYSTEM,SYS,0,0,8,8153
2026-05-22T02:50:03,SYSTEM,SYS,0,0,12,31
2026-05-22T02:50:22,SENSOR,SYS,0,0,11,94
2026-05-22T02:50:39,SYSTEM,WEB,0,0,1,0
2026-05-22T02:50:52,SENSOR,SYS,0,0,11,94
2026-05-22T02:51:03,SYSTEM,SYS,0,0,7,102
2026-05-22T02:51:03,SYSTEM,SYS,0,0,8,8153
2026-05-22T02:51:03,SYSTEM,SYS,0,0,12,31
2026-05-22T02:51:22,SENSOR,SYS,0,0,11,94
2026-05-22T02:51:53,SENSOR,SYS,0,0,11,94
2026-05-22T02:52:03,SYSTEM,SYS,0,0,7,102
2026-05-22T02:52:03,SYSTEM,SYS,0,0,8,8153
2026-05-22T02:52:03,SYSTEM,SYS,0,0,12,31
2026-05-22T02:52:23,SENSOR,SYS,0,0,11,94
2026-05-22T02:52:40,SYSTEM,WEB,0,0,1,0
2026-05-22T02:52:54,SENSOR,SYS,0,0,11,94
2026-05-22T02:53:04,SYSTEM,SYS,0,0,7,102
2026-05-22T02:53:04,SYSTEM,SYS,0,0,8,8153
2026-05-22T02:53:04,SYSTEM,SYS,0,0,12,31
2026-05-22T02:53:24,SENSOR,SYS,0,0,11,94
2026-05-22T02:53:54,SENSOR,SYS,0,0,11,94
2026-05-22T02:54:03,SYSTEM,SYS,0,0,7,102
2026-05-22T02:54:03,SYSTEM,SYS,0,0,8,8153
2026-05-22T02:54:03,SYSTEM,SYS,0,0,12,31
2026-05-22T02:54:24,SENSOR,SYS,0,0,11,94
2026-05-22T02:54:40,SYSTEM,WEB,0,0,1,0
2026-05-22T02:54:55,SENSOR,SYS,0,0,11,94
2026-05-22T02:55:03,SYSTEM,SYS,0,0,7,102
2026-05-22T02:55:03,SYSTEM,SYS,0,0,8,8153
2026-05-22T02:55:03,SYSTEM,SYS,0,0,12,31
2026-05-22T02:55:25,SENSOR,SYS,0,0,11,94
2026-05-22T02:55:56,SENSOR,SYS,0,0,11,94
2026-05-22T02:56:04,SYSTEM,SYS,0,0,7,102
2026-05-22T02:56:04,SYSTEM,SYS,0,0,8,8153
2026-05-22T02:56:04,SYSTEM,SYS,0,0,12,31
2026-05-22T02:56:26,SENSOR,SYS,0,0,11,94
2026-05-22T02:56:42,SYSTEM,WEB,0,0,1,0
2026-05-22T02:56:56,SENSOR,SYS,0,0,11,94
2026-05-22T02:57:03,SYSTEM,SYS,0,0,7,102
2026-05-22T02:57:03,SYSTEM,SYS,0,0,8,8153
2026-05-22T02:57:03,SYSTEM,SYS,0,0,12,31
2026-05-22T02:57:26,SENSOR,SYS,0,0,11,94
2026-05-22T02:57:57,SENSOR,SYS,0,0,11,94
2026-05-22T02:58:03,SYSTEM,SYS,0,0,7,102
2026-05-22T02:58:03,SYSTEM,SYS,0,0,8,8153
2026-05-22T02:58:03,SYSTEM,SYS,0,0,12,31
2026-05-22T02:58:27,SENSOR,SYS,0,0,11,94
2026-05-22T02:58:42,SYSTEM,WEB,0,0,1,0
2026-05-22T02:58:57,SENSOR,SYS,0,0,11,94
2026-05-22T02:59:03,SYSTEM,SYS,0,0,7,102
2026-05-22T02:59:03,SYSTEM,SYS,0,0,8,8153
2026-05-22T02:59:03,SYSTEM,SYS,0,0,12,31
2026-05-22T02:59:27,SENSOR,SYS,0,0,11,94
2026-05-22T02:59:58,SENSOR,SYS,0,0,11,94
2026-05-22T03:00:03,SYSTEM,SYS,0,0,7,102
2026-05-22T03:00:03,SYSTEM,SYS,0,0,8,8153
2026-05-22T03:00:03,SYSTEM,SYS,0,0,12,31
2026-05-22T03:00:28,SENSOR,SYS,0,0,11,94
2026-05-22T03:00:43,SYSTEM,WEB,0,0,1,0
2026-05-22T03:00:59,SENSOR,SYS,0,0,11,94
2026-05-22T03:01:04,SYSTEM,SYS,0,0,7,102
2026-05-22T03:01:04,SYSTEM,SYS,0,0,8,8153
2026-05-22T03:01:04,SYSTEM,SYS,0,0,12,31
2026-05-22T03:01:29,SENSOR,SYS,0,0,11,94
2026-05-22T03:01:59,SENSOR,SYS,0,0,11,94
2026-05-22T03:02:03,SYSTEM,SYS,0,0,7,102
2026-05-22T03:02:03,SYSTEM,SYS,0,0,8,8153
2026-05-22T03:02:03,SYSTEM,SYS,0,0,12,31
2026-05-22T03:02:29,SENSOR,SYS,0,0,11,94
2026-05-22T03:02:44,SYSTEM,WEB,0,0,1,0
2026-05-22T03:03:00,SENSOR,SYS,0,0,11,94
2026-05-22T03:03:03,SYSTEM,SYS,0,0,7,102
2026-05-22T03:03:03,SYSTEM,SYS,0,0,8,8153
2026-05-22T03:03:03,SYSTEM,SYS,0,0,12,31
2026-05-22T03:03:30,SENSOR,SYS,0,0,11,94
2026-05-22T03:04:01,SENSOR,SYS,0,0,11,94
2026-05-22T03:04:04,SYSTEM,SYS,0,0,7,102
2026-05-22T03:04:04,SYSTEM,SYS,0,0,8,8153
2026-05-22T03:04:04,SYSTEM,SYS,0,0,12,31
2026-05-22T03:04:31,SENSOR,SYS,0,0,11,94
2026-05-22T03:04:44,SYSTEM,WEB,0,0,1,0
2026-05-22T03:05:01,SENSOR,SYS,0,0,11,94
2026-05-22T03:05:03,SYSTEM,SYS,0,0,7,102
2026-05-22T03:05:03,SYSTEM,SYS,0,0,8,8153
2026-05-22T03:05:03,SYSTEM,SYS,0,0,12,31
2026-05-22T03:05:31,SENSOR,SYS,0,0,11,94
2026-05-22T03:06:02,SENSOR,SYS,0,0,11,94
2026-05-22T03:06:03,SYSTEM,SYS,0,0,7,102
2026-05-22T03:06:03,SYSTEM,SYS,0,0,8,8153
2026-05-22T03:06:03,SYSTEM,SYS,0,0,12,31
2026-05-22T03:06:32,SENSOR,SYS,0,0,11,94
2026-05-22T03:06:45,SYSTEM,WEB,0,0,1,0
2026-05-22T03:07:02,SENSOR,SYS,0,0,11,94
2026-05-22T03:07:03,SYSTEM,SYS,0,0,7,102
2026-05-22T03:07:03,SYSTEM,SYS,0,0,8,8153
2026-05-22T03:07:03,SYSTEM,SYS,0,0,12,31
2026-05-22T03:07:33,SENSOR,SYS,0,0,11,94
2026-05-22T03:08:03,SENSOR,SYS,0,0,11,94
2026-05-22T03:08:04,SYSTEM,SYS,0,0,7,102
2026-05-22T03:08:04,SYSTEM,SYS,0,0,8,8153
2026-05-22T03:08:04,SYSTEM,SYS,0,0,12,31
2026-05-22T03:08:33,SENSOR,SYS,0,0,11,94
2026-05-22T03:08:46,SYSTEM,WEB,0,0,1,0
2026-05-22T03:09:03,SYSTEM,SYS,0,0,7,102
2026-05-22T03:09:03,SYSTEM,SYS,0,0,8,8153
2026-05-22T03:09:03,SYSTEM,SYS,0,0,12,31
2026-05-22T03:09:03,SENSOR,SYS,0,0,11,94
2026-05-22T03:09:34,SENSOR,SYS,0,0,11,94
2026-05-22T03:10:03,SYSTEM,SYS,0,0,7,102
2026-05-22T03:10:03,SYSTEM,SYS,0,0,8,8153
2026-05-22T03:10:03,SYSTEM,SYS,0,0,12,31
2026-05-22T03:10:04,SENSOR,SYS,0,0,11,94
2026-05-22T03:10:35,SENSOR,SYS,0,0,11,94
2026-05-22T03:10:47,SYSTEM,WEB,0,0,1,0
2026-05-22T03:11:04,SYSTEM,SYS,0,0,7,102
2026-05-22T03:11:04,SYSTEM,SYS,0,0,8,8153
2026-05-22T03:11:04,SYSTEM,SYS,0,0,12,31
2026-05-22T03:11:05,SENSOR,SYS,0,0,11,94
2026-05-22T03:11:35,SENSOR,SYS,0,0,11,94
2026-05-22T03:12:03,SYSTEM,SYS,0,0,7,102
2026-05-22T03:12:03,SYSTEM,SYS,0,0,8,8153
2026-05-22T03:12:03,SYSTEM,SYS,0,0,12,31
2026-05-22T03:12:05,SENSOR,SYS,0,0,11,94
2026-05-22T03:12:36,SENSOR,SYS,0,0,11,94
2026-05-22T03:12:48,SYSTEM,WEB,0,0,1,0
2026-05-22T03:13:03,SYSTEM,SYS,0,0,7,102
2026-05-22T03:13:03,SYSTEM,SYS,0,0,8,8153
2026-05-22T03:13:03,SYSTEM,SYS,0,0,12,31
2026-05-22T03:13:06,SENSOR,SYS,0,0,11,94
2026-05-22T03:13:36,SENSOR,SYS,0,0,11,94
2026-05-22T03:14:03,SYSTEM,SYS,0,0,7,102
2026-05-22T03:14:03,SYSTEM,SYS,0,0,8,8153
2026-05-22T03:14:03,SYSTEM,SYS,0,0,12,31
2026-05-22T03:14:06,SENSOR,SYS,0,0,11,94
2026-05-22T03:14:37,SENSOR,SYS,0,0,11,94
2026-05-22T03:14:48,SYSTEM,WEB,0,0,1,0
2026-05-22T03:15:00,SYSTEM,WEB,0,0,0,2
2026-05-22T03:15:03,SYSTEM,SYS,0,0,7,102
2026-05-22T03:15:03,SYSTEM,SYS,0,0,8,8153
2026-05-22T03:15:03,SYSTEM,SYS,0,0,12,31
2026-05-22T03:15:07,SENSOR,SYS,0,0,11,94
2026-05-22T03:15:38,SENSOR,SYS,0,0,11,94
2026-05-22T03:16:04,SYSTEM,SYS,0,0,7,102
2026-05-22T03:16:04,SYSTEM,SYS,0,0,8,8153
2026-05-22T03:16:04,SYSTEM,SYS,0,0,12,31
2026-05-22T03:16:08,SENSOR,SYS,0,0,11,94
2026-05-22T03:16:38,SENSOR,SYS,0,0,11,94
2026-05-22T03:16:49,SYSTEM,WEB,0,0,1,0
2026-05-22T03:17:03,SYSTEM,SYS,0,0,7,102
2026-05-22T03:17:03,SYSTEM,SYS,0,0,8,8153
2026-05-22T03:17:03,SYSTEM,SYS,0,0,12,31
2026-05-22T03:17:08,SENSOR,SYS,0,0,11,94
2026-05-22T03:17:39,SENSOR,SYS,0,0,11,94
2026-05-22T03:18:03,SYSTEM,SYS,0,0,7,102
2026-05-22T03:18:03,SYSTEM,SYS,0,0,8,8153
2026-05-22T03:18:03,SYSTEM,SYS,0,0,12,31
2026-05-22T03:18:09,SENSOR,SYS,0,0,11,94
2026-05-22T03:18:40,SENSOR,SYS,0,0,11,94
2026-05-22T03:18:50,SYSTEM,WEB,0,0,1,0
2026-05-22T03:19:04,SYSTEM,SYS,0,0,7,102
2026-05-22T03:19:04,SYSTEM,SYS,0,0,8,8153
2026-05-22T03:19:04,SYSTEM,SYS,0,0,12,31
2026-05-22T03:19:10,SENSOR,SYS,0,0,11,94
2026-05-22T03:19:40,SENSOR,SYS,0,0,11,94
2026-05-22T03:20:03,SYSTEM,SYS,0,0,7,102
2026-05-22T03:20:03,SYSTEM,SYS,0,0,8,8153
2026-05-22T03:20:03,SYSTEM,SYS,0,0,12,31
2026-05-22T03:20:10,SENSOR,SYS,0,0,11,94
2026-05-22T03:20:41,SENSOR,SYS,0,0,11,94
2026-05-22T03:20:51,SYSTEM,WEB,0,0,1,0
2026-05-22T03:21:03,SYSTEM,SYS,0,0,7,102
2026-05-22T03:21:03,SYSTEM,SYS,0,0,8,8153
2026-05-22T03:21:03,SYSTEM,SYS,0,0,12,31
2026-05-22T03:21:11,SENSOR,SYS,0,0,11,94
2026-05-22T03:21:41,SENSOR,SYS,0,0,11,94
2026-05-22T03:22:03,SYSTEM,SYS,0,0,7,102
2026-05-22T03:22:03,SYSTEM,SYS,0,0,8,8153
2026-05-22T03:22:03,SYSTEM,SYS,0,0,12,31
2026-05-22T03:22:12,SENSOR,SYS,0,0,11,94
2026-05-22T03:22:42,SENSOR,SYS,0,0,11,94
2026-05-22T03:23:01,SYSTEM,WEB,0,0,0,0
2026-05-22T03:23:03,SYSTEM,SYS,0,0,7,102
2026-05-22T03:23:03,SYSTEM,SYS,0,0,8,8153
2026-05-22T03:23:04,SYSTEM,SYS,0,0,12,31
2026-05-22T03:23:12,SENSOR,SYS,0,0,11,94
2026-05-22T03:23:42,SENSOR,SYS,0,0,11,94
2026-05-22T03:24:03,SYSTEM,SYS,0,0,7,102
2026-05-22T03:24:03,SYSTEM,SYS,0,0,8,8153
2026-05-22T03:24:03,SYSTEM,SYS,0,0,12,31
2026-05-22T03:24:13,SENSOR,SYS,0,0,11,94
2026-05-22T03:24:43,SENSOR,SYS,0,0,11,94
2026-05-22T03:24:52,SYSTEM,WEB,0,0,1,0
2026-05-22T03:25:03,SYSTEM,SYS,0,0,7,102
2026-05-22T03:25:03,SYSTEM,SYS,0,0,8,8153
2026-05-22T03:25:03,SYSTEM,SYS,0,0,12,31
2026-05-22T03:25:14,SENSOR,SYS,0,0,11,94
2026-05-22T03:25:44,SENSOR,SYS,0,0,11,94
2026-05-22T03:26:04,SYSTEM,SYS,0,0,7,102
2026-05-22T03:26:04,SYSTEM,SYS,0,0,8,8153
2026-05-22T03:26:04,SYSTEM,SYS,0,0,12,31
2026-05-22T03:26:14,SENSOR,SYS,0,0,11,94
2026-05-22T03:26:44,SENSOR,SYS,0,0,11,94
2026-05-22T03:26:52,SYSTEM,WEB,0,0,1,0
2026-05-22T03:27:03,SYSTEM,SYS,0,0,7,102
2026-05-22T03:27:03,SYSTEM,SYS,0,0,8,8153
2026-05-22T03:27:03,SYSTEM,SYS,0,0,12,31
2026-05-22T03:27:15,SENSOR,SYS,0,0,11,94
2026-05-22T03:27:45,SENSOR,SYS,0,0,11,94
2026-05-22T03:28:04,SYSTEM,SYS,0,0,7,102
2026-05-22T03:28:04,SYSTEM,SYS,0,0,8,8153
2026-05-22T03:28:04,SYSTEM,SYS,0,0,12,31
2026-05-22T03:28:16,SENSOR,SYS,0,0,11,94
2026-05-22T03:28:46,SENSOR,SYS,0,0,11,94
2026-05-22T03:28:54,SYSTEM,WEB,0,0,1,0
2026-05-22T03:29:03,SYSTEM,SYS,0,0,7,102
2026-05-22T03:29:03,SYSTEM,SYS,0,0,8,8153
2026-05-22T03:29:03,SYSTEM,SYS,0,0,12,31
2026-05-22T03:29:16,SENSOR,SYS,0,0,11,94
2026-05-22T03:29:46,SENSOR,SYS,0,0,11,94
2026-05-22T03:30:03,SYSTEM,SYS,0,0,7,102
2026-05-22T03:30:03,SYSTEM,SYS,0,0,8,8153
2026-05-22T03:30:03,SYSTEM,SYS,0,0,12,31
2026-05-22T03:30:17,SENSOR,SYS,0,0,11,94
2026-05-22T03:30:36,SENSOR,SYS,0,0,11,94
2026-05-22T03:30:43,SYSTEM,WEB,0,0,1,0
2026-05-22T03:31:03,SYSTEM,SYS,0,0,7,102
2026-05-22T03:31:03,SYSTEM,SYS,0,0,8,8153
2026-05-22T03:31:03,SYSTEM,SYS,0,0,12,31
2026-05-22T03:31:17,SENSOR,SYS,0,0,11,94
2026-05-22T03:31:47,SENSOR,SYS,0,0,11,94
2026-05-22T03:32:03,SYSTEM,SYS,0,0,7,102
2026-05-22T03:32:03,SYSTEM,SYS,0,0,8,8153
2026-05-22T03:32:03,SYSTEM,SYS,0,0,12,31
2026-05-22T03:32:18,SENSOR,SYS,0,0,11,94
2026-05-22T03:32:48,SENSOR,SYS,0,0,11,94
2026-05-22T03:32:55,SYSTEM,WEB,0,0,1,0
2026-05-22T03:33:04,SYSTEM,SYS,0,0,7,102
2026-05-22T03:33:04,SYSTEM,SYS,0,0,8,8153
2026-05-22T03:33:04,SYSTEM,SYS,0,0,12,31
2026-05-22T03:33:19,SENSOR,SYS,0,0,11,94
2026-05-22T03:33:49,SENSOR,SYS,0,0,11,94
2026-05-22T03:34:03,SYSTEM,SYS,0,0,7,102
2026-05-22T03:34:03,SYSTEM,SYS,0,0,8,8153
2026-05-22T03:34:03,SYSTEM,SYS,0,0,12,31
2026-05-22T03:34:19,SENSOR,SYS,0,0,11,94
2026-05-22T03:34:49,SENSOR,SYS,0,0,11,94
2026-05-22T03:34:56,SYSTEM,WEB,0,0,1,0
2026-05-22T03:35:03,SYSTEM,SYS,0,0,7,102
2026-05-22T03:35:03,SYSTEM,SYS,0,0,8,8153
2026-05-22T03:35:03,SYSTEM,SYS,0,0,12,31
2026-05-22T03:35:20,SENSOR,SYS,0,0,11,94
2026-05-22T03:35:50,SENSOR,SYS,0,0,11,94
2026-05-22T03:36:04,SYSTEM,SYS,0,0,7,102
2026-05-22T03:36:04,SYSTEM,SYS,0,0,8,8153
2026-05-22T03:36:04,SYSTEM,SYS,0,0,12,31
2026-05-22T03:36:21,SENSOR,SYS,0,0,11,94
2026-05-22T03:36:51,SENSOR,SYS,0,0,11,94
2026-05-22T03:36:57,SYSTEM,WEB,0,0,1,0
2026-05-22T03:37:03,SYSTEM,SYS,0,0,7,102
2026-05-22T03:37:03,SYSTEM,SYS,0,0,8,8153
2026-05-22T03:37:03,SYSTEM,SYS,0,0,12,31
2026-05-22T03:37:21,SENSOR,SYS,0,0,11,94
2026-05-22T03:37:51,SENSOR,SYS,0,0,11,94
2026-05-22T03:38:03,SYSTEM,SYS,0,0,7,102
2026-05-22T03:38:03,SYSTEM,SYS,0,0,8,8153
2026-05-22T03:38:03,SYSTEM,SYS,0,0,12,31
2026-05-22T03:38:21,SENSOR,SYS,0,0,11,94
2026-05-22T03:38:52,SENSOR,SYS,0,0,11,94
2026-05-22T03:38:57,SYSTEM,WEB,0,0,1,0
2026-05-22T03:39:03,SYSTEM,SYS,0,0,7,102
2026-05-22T03:39:03,SYSTEM,SYS,0,0,8,8153
2026-05-22T03:39:03,SYSTEM,SYS,0,0,12,31
2026-05-22T03:39:22,SENSOR,SYS,0,0,11,94
2026-05-22T03:39:53,SENSOR,SYS,0,0,11,94
2026-05-22T03:40:04,SYSTEM,SYS,0,0,7,102
2026-05-22T03:40:04,SYSTEM,SYS,0,0,8,8153
2026-05-22T03:40:04,SYSTEM,SYS,0,0,12,31
2026-05-22T03:40:23,SENSOR,SYS,0,0,11,94
2026-05-22T03:40:53,SENSOR,SYS,0,0,11,94
2026-05-22T03:40:57,SYSTEM,WEB,0,0,1,0
2026-05-22T03:41:03,SYSTEM,SYS,0,0,7,102
2026-05-22T03:41:03,SYSTEM,SYS,0,0,8,8153
2026-05-22T03:41:03,SYSTEM,SYS,0,0,12,31
2026-05-22T03:41:23,SENSOR,SYS,0,0,11,94
2026-05-22T03:41:54,SENSOR,SYS,0,0,11,94
2026-05-22T03:42:03,SYSTEM,SYS,0,0,7,102
2026-05-22T03:42:03,SYSTEM,SYS,0,0,8,8153
2026-05-22T03:42:03,SYSTEM,SYS,0,0,12,31
2026-05-22T03:42:24,SENSOR,SYS,0,0,11,94
2026-05-22T03:42:55,SENSOR,SYS,0,0,11,94
2026-05-22T03:42:59,SYSTEM,WEB,0,0,1,0
2026-05-22T03:43:04,SYSTEM,SYS,0,0,7,102
2026-05-22T03:43:04,SYSTEM,SYS,0,0,8,8153
2026-05-22T03:43:04,SYSTEM,SYS,0,0,12,31
2026-05-22T03:43:25,SENSOR,SYS,0,0,11,94
2026-05-22T03:43:55,SENSOR,SYS,0,0,11,94
2026-05-22T03:44:03,SYSTEM,SYS,0,0,7,102
2026-05-22T03:44:03,SYSTEM,SYS,0,0,8,8153
2026-05-22T03:44:03,SYSTEM,SYS,0,0,12,31
2026-05-22T03:44:25,SENSOR,SYS,0,0,11,94
2026-05-22T03:44:56,SENSOR,SYS,0,0,11,94
2026-05-22T03:44:59,SYSTEM,WEB,0,0,1,0
2026-05-22T03:45:03,SYSTEM,SYS,0,0,7,102
2026-05-22T03:45:03,SYSTEM,SYS,0,0,8,8153
2026-05-22T03:45:03,SYSTEM,SYS,0,0,12,31
2026-05-22T03:45:26,SENSOR,SYS,0,0,11,94
2026-05-22T03:45:56,SENSOR,SYS,0,0,11,94
2026-05-22T03:46:03,SYSTEM,SYS,0,0,7,102
2026-05-22T03:46:03,SYSTEM,SYS,0,0,8,8153
2026-05-22T03:46:03,SYSTEM,SYS,0,0,12,31
2026-05-22T03:46:26,SENSOR,SYS,0,0,11,94
2026-05-22T03:46:57,SENSOR,SYS,0,0,11,94
2026-05-22T03:47:00,SYSTEM,WEB,0,0,1,0
2026-05-22T03:47:03,SYSTEM,SYS,0,0,7,102
2026-05-22T03:47:03,SYSTEM,SYS,0,0,8,8153
2026-05-22T03:47:03,SYSTEM,SYS,0,0,12,31
2026-05-22T03:47:27,SENSOR,SYS,0,0,11,94
2026-05-22T03:47:58,SENSOR,SYS,0,0,11,94
2026-05-22T03:48:04,SYSTEM,SYS,0,0,7,102
2026-05-22T03:48:04,SYSTEM,SYS,0,0,8,8153
2026-05-22T03:48:04,SYSTEM,SYS,0,0,12,31
2026-05-22T03:48:28,SENSOR,SYS,0,0,11,94
2026-05-22T03:48:58,SENSOR,SYS,0,0,11,94
2026-05-22T03:49:00,SYSTEM,WEB,0,0,1,0
2026-05-22T03:49:03,SYSTEM,SYS,0,0,7,102
2026-05-22T03:49:03,SYSTEM,SYS,0,0,8,8153
2026-05-22T03:49:03,SYSTEM,SYS,0,0,12,31
2026-05-22T03:49:28,SENSOR,SYS,0,0,11,94
2026-05-22T03:49:59,SENSOR,SYS,0,0,11,94
2026-05-22T03:50:03,SYSTEM,SYS,0,0,7,102
2026-05-22T03:50:03,SYSTEM,SYS,0,0,8,8153
2026-05-22T03:50:03,SYSTEM,SYS,0,0,12,31
2026-05-22T03:50:29,SENSOR,SYS,0,0,11,94
2026-05-22T03:51:00,SENSOR,SYS,0,0,11,94
2026-05-22T03:51:02,SYSTEM,WEB,0,0,1,0
2026-05-22T03:51:04,SYSTEM,SYS,0,0,7,102
2026-05-22T03:51:04,SYSTEM,SYS,0,0,8,8153
2026-05-22T03:51:04,SYSTEM,SYS,0,0,12,31
2026-05-22T03:51:30,SENSOR,SYS,0,0,11,94
2026-05-22T03:52:00,SENSOR,SYS,0,0,11,93
2026-05-22T03:52:03,SYSTEM,SYS,0,0,7,102
2026-05-22T03:52:03,SYSTEM,SYS,0,0,8,8153
2026-05-22T03:52:03,SYSTEM,SYS,0,0,12,31
2026-05-22T03:52:31,SENSOR,SYS,0,0,11,93
2026-05-22T03:53:01,SENSOR,SYS,0,0,11,93
2026-05-22T03:53:03,SYSTEM,WEB,0,0,1,0
2026-05-22T03:53:04,SYSTEM,SYS,0,0,7,102
2026-05-22T03:53:04,SYSTEM,SYS,0,0,8,8153
2026-05-22T03:53:04,SYSTEM,SYS,0,0,12,31
2026-05-22T03:53:31,SENSOR,SYS,0,0,11,93
2026-05-22T03:54:01,SENSOR,SYS,0,0,11,93
2026-05-22T03:54:03,SYSTEM,SYS,0,0,7,102
2026-05-22T03:54:03,SYSTEM,SYS,0,0,8,8153
2026-05-22T03:54:03,SYSTEM,SYS,0,0,12,31
2026-05-22T03:54:32,SENSOR,SYS,0,0,11,93
2026-05-22T03:55:02,SENSOR,SYS,0,0,11,93
2026-05-22T03:55:03,SYSTEM,WEB,0,0,1,0
2026-05-22T03:55:03,SYSTEM,SYS,0,0,7,102
2026-05-22T03:55:03,SYSTEM,SYS,0,0,8,8153
2026-05-22T03:55:03,SYSTEM,SYS,0,0,12,31
2026-05-22T03:55:32,SENSOR,SYS,0,0,11,92
2026-05-22T03:56:02,SENSOR,SYS,0,0,11,92
2026-05-22T03:56:03,SYSTEM,SYS,0,0,7,102
2026-05-22T03:56:03,SYSTEM,SYS,0,0,8,8153
2026-05-22T03:56:03,SYSTEM,SYS,0,0,12,31
2026-05-22T03:56:39,SENSOR,SYS,0,0,11,92
2026-05-22T03:57:09,SYSTEM,WEB,0,0,1,0
2026-05-22T03:57:09,SENSOR,SYS,0,0,11,92
2026-05-22T03:57:09,SYSTEM,SYS,0,0,7,102
2026-05-22T03:57:09,SYSTEM,SYS,0,0,8,8153
2026-05-22T03:57:09,SYSTEM,SYS,0,0,12,31
2026-05-22T03:57:39,SENSOR,SYS,0,0,11,92
2026-05-22T03:58:09,SYSTEM,SYS,0,0,7,102
2026-05-22T03:58:09,SYSTEM,SYS,0,0,8,8153
2026-05-22T03:58:09,SYSTEM,SYS,0,0,12,31
2026-05-22T03:58:09,SENSOR,SYS,0,0,11,92
2026-05-22T03:58:40,SENSOR,SYS,0,0,11,92
2026-05-22T03:59:09,SYSTEM,SYS,0,0,7,66
2026-05-22T03:59:09,SYSTEM,SYS,0,0,8,8153
2026-05-22T03:59:09,SYSTEM,SYS,0,0,12,31
2026-05-22T03:59:10,SYSTEM,WEB,0,0,1,0
2026-05-22T03:59:10,SENSOR,SYS,0,0,11,91
2026-05-22T03:59:41,SENSOR,SYS,0,0,11,91
2026-05-22T04:00:09,SYSTEM,SYS,0,0,7,102
2026-05-22T04:00:09,SYSTEM,SYS,0,0,8,8153
2026-05-22T04:00:09,SYSTEM,SYS,0,0,12,31
2026-05-22T04:00:11,SENSOR,SYS,0,0,11,91
2026-05-22T04:00:41,SENSOR,SYS,0,0,11,91
2026-05-22T04:01:09,SYSTEM,SYS,0,0,7,102
2026-05-22T04:01:09,SYSTEM,SYS,0,0,8,8153
2026-05-22T04:01:09,SYSTEM,SYS,0,0,12,31
2026-05-22T04:01:10,SYSTEM,WEB,0,0,1,0
2026-05-22T04:01:11,SENSOR,SYS,0,0,11,92
2026-05-22T04:01:42,SENSOR,SYS,0,0,11,92
2026-05-22T04:02:09,SYSTEM,SYS,0,0,7,102
2026-05-22T04:02:09,SYSTEM,SYS,0,0,8,8153
2026-05-22T04:02:09,SYSTEM,SYS,0,0,12,31
2026-05-22T04:02:12,SENSOR,SYS,0,0,11,92
2026-05-22T04:02:42,SENSOR,SYS,0,0,11,92
2026-05-22T04:03:09,SYSTEM,SYS,0,0,7,102
2026-05-22T04:03:09,SYSTEM,SYS,0,0,8,8153
2026-05-22T04:03:09,SYSTEM,SYS,0,0,12,31
2026-05-22T04:03:11,SYSTEM,WEB,0,0,1,0
2026-05-22T04:03:12,SENSOR,SYS,0,0,11,92
2026-05-22T04:03:43,SENSOR,SYS,0,0,11,92
2026-05-22T04:04:09,SYSTEM,SYS,0,0,7,102
2026-05-22T04:04:09,SYSTEM,SYS,0,0,8,8153
2026-05-22T04:04:09,SYSTEM,SYS,0,0,12,31
2026-05-22T04:04:13,SENSOR,SYS,0,0,11,93
2026-05-22T04:04:44,SENSOR,SYS,0,0,10,93
2026-05-22T04:05:09,SYSTEM,SYS,0,0,7,102
2026-05-22T04:05:09,SYSTEM,SYS,0,0,8,8153
2026-05-22T04:05:09,SYSTEM,SYS,0,0,12,31
2026-05-22T04:05:12,SYSTEM,WEB,0,0,1,0
2026-05-22T04:05:14,SENSOR,SYS,0,0,10,93
2026-05-22T04:05:44,SENSOR,SYS,0,0,10,93
2026-05-22T04:06:09,SYSTEM,SYS,0,0,7,102
2026-05-22T04:06:09,SYSTEM,SYS,0,0,8,8153
2026-05-22T04:06:09,SYSTEM,SYS,0,0,12,31
2026-05-22T04:06:14,SENSOR,SYS,0,0,10,93
2026-05-22T04:06:45,SENSOR,SYS,0,0,10,93
2026-05-22T04:07:09,SYSTEM,SYS,0,0,7,102
2026-05-22T04:07:09,SYSTEM,SYS,0,0,8,8153
2026-05-22T04:07:09,SYSTEM,SYS,0,0,12,31
2026-05-22T04:07:13,SYSTEM,WEB,0,0,1,0
2026-05-22T04:07:15,SENSOR,SYS,0,0,10,93
2026-05-22T04:07:45,SENSOR,SYS,0,0,10,94
2026-05-22T04:08:09,SYSTEM,SYS,0,0,7,102
2026-05-22T04:08:09,SYSTEM,SYS,0,0,8,8153
2026-05-22T04:08:09,SYSTEM,SYS,0,0,12,31
2026-05-22T04:08:16,SENSOR,SYS,0,0,10,94
2026-05-22T04:08:46,SENSOR,SYS,0,0,10,94
2026-05-22T04:09:09,SYSTEM,SYS,0,0,7,102
2026-05-22T04:09:09,SYSTEM,SYS,0,0,8,8153
2026-05-22T04:09:09,SYSTEM,SYS,0,0,12,31
2026-05-22T04:09:13,SYSTEM,WEB,0,0,1,0
2026-05-22T04:09:16,SENSOR,SYS,0,0,10,94
2026-05-22T04:09:46,SENSOR,SYS,0,0,10,94
2026-05-22T04:10:08,SYSTEM,SYS,0,0,7,102
2026-05-22T04:10:08,SYSTEM,SYS,0,0,8,8153
2026-05-22T04:10:08,SYSTEM,SYS,0,0,12,31
2026-05-22T04:10:17,SENSOR,SYS,0,0,10,94
2026-05-22T04:10:47,SENSOR,SYS,0,0,10,94
2026-05-22T04:11:09,SYSTEM,SYS,0,0,7,102
2026-05-22T04:11:09,SYSTEM,SYS,0,0,8,8153
2026-05-22T04:11:09,SYSTEM,SYS,0,0,12,31
2026-05-22T04:11:15,SYSTEM,WEB,0,0,1,0
2026-05-22T04:11:18,SENSOR,SYS,0,0,10,94
2026-05-22T04:11:48,SENSOR,SYS,0,0,10,94
2026-05-22T04:12:09,SYSTEM,SYS,0,0,7,102
2026-05-22T04:12:09,SYSTEM,SYS,0,0,8,8153
2026-05-22T04:12:09,SYSTEM,SYS,0,0,12,31
2026-05-22T04:12:18,SENSOR,SYS,0,0,10,94
2026-05-22T04:12:48,SENSOR,SYS,0,0,10,94
2026-05-22T04:13:09,SYSTEM,SYS,0,0,7,102
2026-05-22T04:13:09,SYSTEM,SYS,0,0,8,8153
2026-05-22T04:13:09,SYSTEM,SYS,0,0,12,31
2026-05-22T04:13:15,SYSTEM,WEB,0,0,1,0
2026-05-22T04:13:19,SENSOR,SYS,0,0,10,94
2026-05-22T04:13:49,SENSOR,SYS,0,0,10,94
2026-05-22T04:14:09,SYSTEM,SYS,0,0,7,102
2026-05-22T04:14:09,SYSTEM,SYS,0,0,8,8153
2026-05-22T04:14:09,SYSTEM,SYS,0,0,12,31
2026-05-22T04:14:20,SENSOR,SYS,0,0,10,94
2026-05-22T04:14:50,SENSOR,SYS,0,0,10,94
2026-05-22T04:15:09,SYSTEM,SYS,0,0,7,102
2026-05-22T04:15:09,SYSTEM,SYS,0,0,8,8153
2026-05-22T04:15:09,SYSTEM,SYS,0,0,12,31
2026-05-22T04:15:16,SYSTEM,WEB,0,0,1,0
2026-05-22T04:15:20,SENSOR,SYS,0,0,10,94
2026-05-22T04:15:50,SENSOR,SYS,0,0,10,94
2026-05-22T04:16:09,SYSTEM,SYS,0,0,7,102
2026-05-22T04:16:09,SYSTEM,SYS,0,0,8,8153
2026-05-22T04:16:09,SYSTEM,SYS,0,0,12,31
2026-05-22T04:16:21,SENSOR,SYS,0,0,10,94
2026-05-22T04:16:51,SENSOR,SYS,0,0,10,94
2026-05-22T04:17:08,SYSTEM,SYS,0,0,7,102
2026-05-22T04:17:08,SYSTEM,SYS,0,0,8,8153
2026-05-22T04:17:08,SYSTEM,SYS,0,0,12,31
2026-05-22T04:17:16,SYSTEM,WEB,0,0,1,0
2026-05-22T04:17:21,SENSOR,SYS,0,0,10,94
2026-05-22T04:17:51,SENSOR,SYS,0,0,10,94
2026-05-22T04:18:09,SYSTEM,SYS,0,0,7,102
2026-05-22T04:18:09,SYSTEM,SYS,0,0,8,8153
2026-05-22T04:18:09,SYSTEM,SYS,0,0,12,31
2026-05-22T04:18:22,SENSOR,SYS,0,0,10,94
2026-05-22T04:18:52,SENSOR,SYS,0,0,10,94
2026-05-22T04:19:09,SYSTEM,SYS,0,0,7,102
2026-05-22T04:19:09,SYSTEM,SYS,0,0,8,8153
2026-05-22T04:19:09,SYSTEM,SYS,0,0,12,31
2026-05-22T04:19:18,SYSTEM,WEB,0,0,1,0
2026-05-22T04:19:23,SENSOR,SYS,0,0,10,95
2026-05-22T04:19:53,SENSOR,SYS,0,0,10,95
2026-05-22T04:20:09,SYSTEM,SYS,0,0,7,102
2026-05-22T04:20:09,SYSTEM,SYS,0,0,8,8153
2026-05-22T04:20:09,SYSTEM,SYS,0,0,12,31
2026-05-22T04:20:23,SENSOR,SYS,0,0,10,95
2026-05-22T04:20:53,SENSOR,SYS,0,0,10,95
2026-05-22T04:21:09,SYSTEM,SYS,0,0,7,102
2026-05-22T04:21:09,SYSTEM,SYS,0,0,8,8153
2026-05-22T04:21:09,SYSTEM,SYS,0,0,12,31
2026-05-22T04:21:19,SYSTEM,WEB,0,0,1,0
2026-05-22T04:21:24,SENSOR,SYS,0,0,10,95
2026-05-22T04:21:54,SENSOR,SYS,0,0,10,95
2026-05-22T04:22:09,SYSTEM,SYS,0,0,7,102
2026-05-22T04:22:09,SYSTEM,SYS,0,0,8,8153
2026-05-22T04:22:09,SYSTEM,SYS,0,0,12,31
2026-05-22T04:22:24,SENSOR,SYS,0,0,10,95
2026-05-22T04:22:55,SENSOR,SYS,0,0,10,95
2026-05-22T04:23:09,SYSTEM,SYS,0,0,7,102
2026-05-22T04:23:09,SYSTEM,SYS,0,0,8,8153
2026-05-22T04:23:09,SYSTEM,SYS,0,0,12,31
2026-05-22T04:23:19,SYSTEM,WEB,0,0,1,0
2026-05-22T04:23:25,SENSOR,SYS,0,0,10,95
2026-05-22T04:23:56,SENSOR,SYS,0,0,10,95
2026-05-22T04:24:09,SYSTEM,SYS,0,0,7,102
2026-05-22T04:24:09,SYSTEM,SYS,0,0,8,8153
2026-05-22T04:24:09,SYSTEM,SYS,0,0,12,31
2026-05-22T04:24:26,SENSOR,SYS,0,0,10,95
2026-05-22T04:24:56,SENSOR,SYS,0,0,10,95
2026-05-22T04:25:09,SYSTEM,SYS,0,0,7,102
2026-05-22T04:25:09,SYSTEM,SYS,0,0,8,8153
2026-05-22T04:25:09,SYSTEM,SYS,0,0,12,31
2026-05-22T04:25:20,SYSTEM,WEB,0,0,1,0
2026-05-22T04:25:26,SENSOR,SYS,0,0,10,95
2026-05-22T04:25:57,SENSOR,SYS,0,0,10,95
2026-05-22T04:26:09,SYSTEM,SYS,0,0,7,102
2026-05-22T04:26:09,SYSTEM,SYS,0,0,8,8153
2026-05-22T04:26:09,SYSTEM,SYS,0,0,12,31
2026-05-22T04:26:27,SENSOR,SYS,0,0,10,95
2026-05-22T04:26:57,SENSOR,SYS,0,0,10,95
2026-05-22T04:27:09,SYSTEM,SYS,0,0,7,102
2026-05-22T04:27:09,SYSTEM,SYS,0,0,8,8153
2026-05-22T04:27:09,SYSTEM,SYS,0,0,12,31
2026-05-22T04:27:20,SYSTEM,WEB,0,0,1,0
2026-05-22T04:27:27,SENSOR,SYS,0,0,10,95
2026-05-22T04:27:58,SENSOR,SYS,0,0,10,95
2026-05-22T04:28:09,SYSTEM,SYS,0,0,7,102
2026-05-22T04:28:09,SYSTEM,SYS,0,0,8,8153
2026-05-22T04:28:09,SYSTEM,SYS,0,0,12,31
2026-05-22T04:28:28,SENSOR,SYS,0,0,10,95
2026-05-22T04:28:59,SENSOR,SYS,0,0,10,95
2026-05-22T04:29:09,SYSTEM,SYS,0,0,7,102
2026-05-22T04:29:09,SYSTEM,SYS,0,0,8,8153
2026-05-22T04:29:09,SYSTEM,SYS,0,0,12,31
2026-05-22T04:29:22,SYSTEM,WEB,0,0,1,0
2026-05-22T04:29:29,SENSOR,SYS,0,0,10,94
2026-05-22T04:29:59,SENSOR,SYS,0,0,10,94
2026-05-22T04:30:09,SYSTEM,SYS,0,0,7,102
2026-05-22T04:30:09,SYSTEM,SYS,0,0,8,8153
2026-05-22T04:30:09,SYSTEM,SYS,0,0,12,31
2026-05-22T04:30:29,SENSOR,SYS,0,0,10,94
2026-05-22T04:31:00,SENSOR,SYS,0,0,10,94
2026-05-22T04:31:09,SYSTEM,SYS,0,0,7,102
2026-05-22T04:31:09,SYSTEM,SYS,0,0,8,8153
2026-05-22T04:31:09,SYSTEM,SYS,0,0,12,31
2026-05-22T04:31:23,SYSTEM,WEB,0,0,1,0
2026-05-22T04:31:30,SENSOR,SYS,0,0,10,94
2026-05-22T04:32:01,SENSOR,SYS,0,0,10,94
2026-05-22T04:32:09,SYSTEM,SYS,0,0,7,102
2026-05-22T04:32:09,SYSTEM,SYS,0,0,8,8153
2026-05-22T04:32:09,SYSTEM,SYS,0,0,12,31
2026-05-22T04:32:31,SENSOR,SYS,0,0,10,94
2026-05-22T04:33:01,SENSOR,SYS,0,0,10,94
2026-05-22T04:33:09,SYSTEM,SYS,0,0,7,102
2026-05-22T04:33:09,SYSTEM,SYS,0,0,8,8153
2026-05-22T04:33:09,SYSTEM,SYS,0,0,12,31
2026-05-22T04:33:23,SYSTEM,WEB,0,0,1,0
2026-05-22T04:33:31,SENSOR,SYS,0,0,10,94
2026-05-22T04:34:02,SENSOR,SYS,0,0,10,94
2026-05-22T04:34:09,SYSTEM,SYS,0,0,7,102
2026-05-22T04:34:09,SYSTEM,SYS,0,0,8,8153
2026-05-22T04:34:09,SYSTEM,SYS,0,0,12,31
2026-05-22T04:34:32,SENSOR,SYS,0,0,10,94
2026-05-22T04:35:02,SENSOR,SYS,0,0,10,94
2026-05-22T04:35:09,SYSTEM,SYS,0,0,7,102
2026-05-22T04:35:09,SYSTEM,SYS,0,0,8,8153
2026-05-22T04:35:09,SYSTEM,SYS,0,0,12,31
2026-05-22T04:35:24,SYSTEM,WEB,0,0,1,0
2026-05-22T04:35:32,SENSOR,SYS,0,0,10,94
2026-05-22T04:36:03,SENSOR,SYS,0,0,10,94
2026-05-22T04:36:09,SYSTEM,SYS,0,0,7,102
2026-05-22T04:36:09,SYSTEM,SYS,0,0,8,8153
2026-05-22T04:36:09,SYSTEM,SYS,0,0,12,31
2026-05-22T04:36:33,SENSOR,SYS,0,0,10,94
2026-05-22T04:37:04,SENSOR,SYS,0,0,10,94
2026-05-22T04:37:09,SYSTEM,SYS,0,0,7,102
2026-05-22T04:37:09,SYSTEM,SYS,0,0,8,8153
2026-05-22T04:37:09,SYSTEM,SYS,0,0,12,31
2026-05-22T04:37:27,SYSTEM,WEB,0,0,1,0
2026-05-22T04:37:34,SENSOR,SYS,0,0,10,94
2026-05-22T04:38:04,SENSOR,SYS,0,0,10,94
2026-05-22T04:38:09,SYSTEM,SYS,0,0,7,102
2026-05-22T04:38:09,SYSTEM,SYS,0,0,8,8153
2026-05-22T04:38:09,SYSTEM,SYS,0,0,12,31
2026-05-22T04:38:35,SENSOR,SYS,0,0,10,94
2026-05-22T04:39:05,SENSOR,SYS,0,0,10,94
2026-05-22T04:39:09,SYSTEM,SYS,0,0,7,102
2026-05-22T04:39:09,SYSTEM,SYS,0,0,8,8153
2026-05-22T04:39:09,SYSTEM,SYS,0,0,12,31
2026-05-22T04:39:26,SYSTEM,WEB,0,0,1,0
2026-05-22T04:39:35,SENSOR,SYS,0,0,10,94
2026-05-22T04:40:05,SENSOR,SYS,0,0,10,94
2026-05-22T04:40:09,SYSTEM,SYS,0,0,7,102
2026-05-22T04:40:09,SYSTEM,SYS,0,0,8,8153
2026-05-22T04:40:09,SYSTEM,SYS,0,0,12,31
2026-05-22T04:40:36,SENSOR,SYS,0,0,10,94
2026-05-22T04:41:06,SENSOR,SYS,0,0,10,94
2026-05-22T04:41:09,SYSTEM,SYS,0,0,7,102
2026-05-22T04:41:09,SYSTEM,SYS,0,0,8,8153
2026-05-22T04:41:09,SYSTEM,SYS,0,0,12,31
2026-05-22T04:41:27,SYSTEM,WEB,0,0,1,0
2026-05-22T04:41:36,SENSOR,SYS,0,0,10,94
2026-05-22T04:42:06,SENSOR,SYS,0,0,10,94
2026-05-22T04:42:08,SYSTEM,SYS,0,0,7,102
2026-05-22T04:42:08,SYSTEM,SYS,0,0,8,8153
2026-05-22T04:42:08,SYSTEM,SYS,0,0,12,31
2026-05-22T04:42:37,SENSOR,SYS,0,0,10,94
2026-05-22T04:43:07,SENSOR,SYS,0,0,10,94
2026-05-22T04:43:09,SYSTEM,SYS,0,0,7,102
2026-05-22T04:43:09,SYSTEM,SYS,0,0,8,8153
2026-05-22T04:43:09,SYSTEM,SYS,0,0,12,31
2026-05-22T04:43:28,SYSTEM,WEB,0,0,1,0
2026-05-22T04:43:38,SENSOR,SYS,0,0,10,94
2026-05-22T04:44:08,SENSOR,SYS,0,0,10,94
2026-05-22T04:44:09,SYSTEM,SYS,0,0,7,102
2026-05-22T04:44:09,SYSTEM,SYS,0,0,8,8153
2026-05-22T04:44:09,SYSTEM,SYS,0,0,12,31
2026-05-22T04:44:38,SENSOR,SYS,0,0,10,95
2026-05-22T04:45:08,SENSOR,SYS,0,0,10,95
2026-05-22T04:45:09,SYSTEM,SYS,0,0,7,102
2026-05-22T04:45:09,SYSTEM,SYS,0,0,8,8153
2026-05-22T04:45:09,SYSTEM,SYS,0,0,12,31
2026-05-22T04:45:28,SYSTEM,WEB,0,0,1,0
2026-05-22T04:45:39,SENSOR,SYS,0,0,10,95
2026-05-22T04:46:09,SYSTEM,SYS,0,0,7,102
2026-05-22T04:46:09,SYSTEM,SYS,0,0,8,8153
2026-05-22T04:46:09,SYSTEM,SYS,0,0,12,31
2026-05-22T04:46:09,SENSOR,SYS,0,0,10,95
2026-05-22T04:46:40,SENSOR,SYS,0,0,10,95
2026-05-22T04:47:09,SYSTEM,SYS,0,0,7,102
2026-05-22T04:47:09,SYSTEM,SYS,0,0,8,8153
2026-05-22T04:47:09,SYSTEM,SYS,0,0,12,31
2026-05-22T04:47:10,SENSOR,SYS,0,0,10,95
2026-05-22T04:47:29,SYSTEM,WEB,0,0,1,0
2026-05-22T04:47:40,SENSOR,SYS,0,0,10,95
2026-05-22T04:48:09,SYSTEM,SYS,0,0,7,102
2026-05-22T04:48:09,SYSTEM,SYS,0,0,8,8153
2026-05-22T04:48:09,SYSTEM,SYS,0,0,12,31
2026-05-22T04:48:10,SENSOR,SYS,0,0,10,95
2026-05-22T04:48:41,SENSOR,SYS,0,0,10,95
2026-05-22T04:49:09,SYSTEM,SYS,0,0,7,102
2026-05-22T04:49:09,SYSTEM,SYS,0,0,8,8153
2026-05-22T04:49:09,SYSTEM,SYS,0,0,12,31
2026-05-22T04:49:11,SENSOR,SYS,0,0,10,95
2026-05-22T04:49:31,SYSTEM,WEB,0,0,1,0
2026-05-22T04:49:42,SENSOR,SYS,0,0,10,95
2026-05-22T04:50:09,SYSTEM,SYS,0,0,7,102
2026-05-22T04:50:09,SYSTEM,SYS,0,0,8,8153
2026-05-22T04:50:09,SYSTEM,SYS,0,0,12,31
2026-05-22T04:50:12,SENSOR,SYS,0,0,10,95
2026-05-22T04:50:42,SENSOR,SYS,0,0,10,95
2026-05-22T04:51:09,SYSTEM,SYS,0,0,7,102
2026-05-22T04:51:09,SYSTEM,SYS,0,0,8,8153
2026-05-22T04:51:09,SYSTEM,SYS,0,0,12,31
2026-05-22T04:51:12,SENSOR,SYS,0,0,10,95
2026-05-22T04:51:31,SYSTEM,WEB,0,0,1,0
2026-05-22T04:51:43,SENSOR,SYS,0,0,10,95
2026-05-22T04:52:09,SYSTEM,SYS,0,0,7,102
2026-05-22T04:52:09,SYSTEM,SYS,0,0,8,8153
2026-05-22T04:52:09,SYSTEM,SYS,0,0,12,31
2026-05-22T04:52:13,SENSOR,SYS,0,0,10,95
2026-05-22T04:52:43,SENSOR,SYS,0,0,10,95
2026-05-22T04:53:09,SYSTEM,SYS,0,0,7,102
2026-05-22T04:53:09,SYSTEM,SYS,0,0,8,8153
2026-05-22T04:53:09,SYSTEM,SYS,0,0,12,31
2026-05-22T04:53:14,SENSOR,SYS,0,0,10,95
2026-05-22T04:53:32,SYSTEM,WEB,0,0,1,0
2026-05-22T04:53:44,SENSOR,SYS,0,0,10,95
2026-05-22T04:54:09,SYSTEM,SYS,0,0,7,102
2026-05-22T04:54:09,SYSTEM,SYS,0,0,8,8153
2026-05-22T04:54:09,SYSTEM,SYS,0,0,12,31
2026-05-22T04:54:14,SENSOR,SYS,0,0,10,95
2026-05-22T04:54:44,SENSOR,SYS,0,0,10,95
2026-05-22T04:55:09,SYSTEM,SYS,0,0,7,102
2026-05-22T04:55:09,SYSTEM,SYS,0,0,8,8153
2026-05-22T04:55:09,SYSTEM,SYS,0,0,12,31
2026-05-22T04:55:15,SENSOR,SYS,0,0,10,95
2026-05-22T04:55:33,SYSTEM,WEB,0,0,1,0
2026-05-22T04:55:45,SENSOR,SYS,0,0,10,95
2026-05-22T04:56:09,SYSTEM,SYS,0,0,7,102
2026-05-22T04:56:09,SYSTEM,SYS,0,0,8,8153
2026-05-22T04:56:09,SYSTEM,SYS,0,0,12,31
2026-05-22T04:56:16,SENSOR,SYS,0,0,10,95
2026-05-22T04:56:46,SENSOR,SYS,0,0,10,95
2026-05-22T04:57:09,SYSTEM,SYS,0,0,7,102
2026-05-22T04:57:09,SYSTEM,SYS,0,0,8,8153
2026-05-22T04:57:09,SYSTEM,SYS,0,0,12,31
2026-05-22T04:57:16,SENSOR,SYS,0,0,10,95
2026-05-22T04:57:33,SYSTEM,WEB,0,0,1,0
2026-05-22T04:57:46,SENSOR,SYS,0,0,10,95
2026-05-22T04:58:09,SYSTEM,SYS,0,0,7,102
2026-05-22T04:58:09,SYSTEM,SYS,0,0,8,8153
2026-05-22T04:58:09,SYSTEM,SYS,0,0,12,31
2026-05-22T04:58:17,SENSOR,SYS,0,0,10,95
2026-05-22T04:58:47,SENSOR,SYS,0,0,10,95
2026-05-22T04:59:09,SYSTEM,SYS,0,0,7,102
2026-05-22T04:59:09,SYSTEM,SYS,0,0,8,8153
2026-05-22T04:59:09,SYSTEM,SYS,0,0,12,31
2026-05-22T04:59:17,SENSOR,SYS,0,0,10,95
2026-05-22T04:59:34,SYSTEM,WEB,0,0,1,0
2026-05-22T04:59:47,SENSOR,SYS,0,0,10,95
2026-05-22T05:00:09,SYSTEM,SYS,0,0,7,102
2026-05-22T05:00:09,SYSTEM,SYS,0,0,8,8153
2026-05-22T05:00:09,SYSTEM,SYS,0,0,12,31
2026-05-22T05:00:18,SENSOR,SYS,0,0,10,95
2026-05-22T05:00:48,SENSOR,SYS,0,0,10,95
2026-05-22T05:01:09,SYSTEM,SYS,0,0,7,102
2026-05-22T05:01:09,SYSTEM,SYS,0,0,8,8153
2026-05-22T05:01:09,SYSTEM,SYS,0,0,12,31
2026-05-22T05:01:19,SENSOR,SYS,0,0,10,95
2026-05-22T05:01:35,SYSTEM,WEB,0,0,1,0
2026-05-22T05:01:49,SENSOR,SYS,0,0,10,95
2026-05-22T05:02:09,SYSTEM,SYS,0,0,7,102
2026-05-22T05:02:09,SYSTEM,SYS,0,0,8,8153
2026-05-22T05:02:09,SYSTEM,SYS,0,0,12,31
2026-05-22T05:02:19,SENSOR,SYS,0,0,10,95
2026-05-22T05:02:49,SENSOR,SYS,0,0,10,95
2026-05-22T05:03:09,SYSTEM,SYS,0,0,7,102
2026-05-22T05:03:09,SYSTEM,SYS,0,0,8,8153
2026-05-22T05:03:09,SYSTEM,SYS,0,0,12,31
2026-05-22T05:03:20,SENSOR,SYS,0,0,10,95
2026-05-22T05:03:36,SYSTEM,WEB,0,0,1,0
2026-05-22T05:03:50,SENSOR,SYS,0,0,10,95
2026-05-22T05:04:09,SYSTEM,SYS,0,0,7,102
2026-05-22T05:04:09,SYSTEM,SYS,0,0,8,8153
2026-05-22T05:04:09,SYSTEM,SYS,0,0,12,31
2026-05-22T05:04:21,SENSOR,SYS,0,0,10,95
2026-05-22T05:04:51,SENSOR,SYS,0,0,10,95
2026-05-22T05:05:09,SYSTEM,SYS,0,0,7,102
2026-05-22T05:05:09,SYSTEM,SYS,0,0,8,8153
2026-05-22T05:05:09,SYSTEM,SYS,0,0,12,31
2026-05-22T05:05:21,SENSOR,SYS,0,0,10,95
2026-05-22T05:05:36,SYSTEM,WEB,0,0,1,0
2026-05-22T05:05:51,SENSOR,SYS,0,0,10,95
2026-05-22T05:06:09,SYSTEM,SYS,0,0,7,102
2026-05-22T05:06:09,SYSTEM,SYS,0,0,8,8153
2026-05-22T05:06:09,SYSTEM,SYS,0,0,12,31
2026-05-22T05:06:22,SENSOR,SYS,0,0,10,95
2026-05-22T05:06:52,SENSOR,SYS,0,0,10,95
2026-05-22T05:07:08,SYSTEM,SYS,0,0,7,102
2026-05-22T05:07:08,SYSTEM,SYS,0,0,8,8153
2026-05-22T05:07:09,SYSTEM,SYS,0,0,12,31
2026-05-22T05:07:22,SENSOR,SYS,0,0,10,95
2026-05-22T05:07:37,SYSTEM,WEB,0,0,1,0
2026-05-22T05:07:53,SENSOR,SYS,0,0,10,95
2026-05-22T05:08:09,SYSTEM,SYS,0,0,7,102
2026-05-22T05:08:09,SYSTEM,SYS,0,0,8,8153
2026-05-22T05:08:09,SYSTEM,SYS,0,0,12,31
2026-05-22T05:08:23,SENSOR,SYS,0,0,10,95
2026-05-22T05:08:53,SENSOR,SYS,0,0,10,95
2026-05-22T05:09:09,SYSTEM,SYS,0,0,7,102
2026-05-22T05:09:09,SYSTEM,SYS,0,0,8,8153
2026-05-22T05:09:09,SYSTEM,SYS,0,0,12,31
2026-05-22T05:09:23,SENSOR,SYS,0,0,10,95
2026-05-22T05:09:38,SYSTEM,WEB,0,0,1,0
2026-05-22T05:09:54,SENSOR,SYS,0,0,10,95
2026-05-22T05:10:09,SYSTEM,SYS,0,0,7,102
2026-05-22T05:10:09,SYSTEM,SYS,0,0,8,8153
2026-05-22T05:10:09,SYSTEM,SYS,0,0,12,31
2026-05-22T05:10:24,SENSOR,SYS,0,0,10,95
2026-05-22T05:10:55,SENSOR,SYS,0,0,10,95
2026-05-22T05:11:09,SYSTEM,SYS,0,0,7,102
2026-05-22T05:11:09,SYSTEM,SYS,0,0,8,8153
2026-05-22T05:11:09,SYSTEM,SYS,0,0,12,31
2026-05-22T05:11:25,SENSOR,SYS,0,0,10,95
2026-05-22T05:11:39,SYSTEM,WEB,0,0,1,0
2026-05-22T05:11:55,SENSOR,SYS,0,0,10,95
2026-05-22T05:12:09,SYSTEM,SYS,0,0,7,102
2026-05-22T05:12:09,SYSTEM,SYS,0,0,8,8153
2026-05-22T05:12:09,SYSTEM,SYS,0,0,12,31
2026-05-22T05:12:25,SENSOR,SYS,0,0,10,95
2026-05-22T05:12:56,SENSOR,SYS,0,0,10,95
2026-05-22T05:13:09,SYSTEM,SYS,0,0,7,102
2026-05-22T05:13:09,SYSTEM,SYS,0,0,8,8153
2026-05-22T05:13:09,SYSTEM,SYS,0,0,12,31
2026-05-22T05:13:26,SENSOR,SYS,0,0,10,95
2026-05-22T05:13:40,SYSTEM,WEB,0,0,1,0
2026-05-22T05:13:57,SENSOR,SYS,0,0,10,95
2026-05-22T05:14:09,SYSTEM,SYS,0,0,7,102
2026-05-22T05:14:09,SYSTEM,SYS,0,0,8,8153
2026-05-22T05:14:09,SYSTEM,SYS,0,0,12,31
2026-05-22T05:14:27,SENSOR,SYS,0,0,10,95
2026-05-22T05:14:57,SENSOR,SYS,0,0,10,95
2026-05-22T05:15:09,SYSTEM,SYS,0,0,7,102
2026-05-22T05:15:09,SYSTEM,SYS,0,0,8,8153
2026-05-22T05:15:09,SYSTEM,SYS,0,0,12,31
2026-05-22T05:15:27,SENSOR,SYS,0,0,10,95
2026-05-22T05:15:41,SYSTEM,WEB,0,0,1,0
2026-05-22T05:15:58,SENSOR,SYS,0,0,10,95
2026-05-22T05:16:09,SYSTEM,SYS,0,0,7,102
2026-05-22T05:16:09,SYSTEM,SYS,0,0,8,8153
2026-05-22T05:16:09,SYSTEM,SYS,0,0,12,31
2026-05-22T05:16:28,SENSOR,SYS,0,0,10,95
2026-05-22T05:16:58,SENSOR,SYS,0,0,10,95
2026-05-22T05:17:09,SYSTEM,SYS,0,0,7,102
2026-05-22T05:17:09,SYSTEM,SYS,0,0,8,8153
2026-05-22T05:17:09,SYSTEM,SYS,0,0,12,31
2026-05-22T05:17:28,SENSOR,SYS,0,0,10,95
2026-05-22T05:17:42,SYSTEM,WEB,0,0,1,0
2026-05-22T05:17:59,SENSOR,SYS,0,0,10,95
2026-05-22T05:18:09,SYSTEM,SYS,0,0,7,102
2026-05-22T05:18:09,SYSTEM,SYS,0,0,8,8153
2026-05-22T05:18:09,SYSTEM,SYS,0,0,12,31
2026-05-22T05:18:29,SENSOR,SYS,0,0,10,95
2026-05-22T05:19:00,SENSOR,SYS,0,0,10,95
2026-05-22T05:19:09,SYSTEM,SYS,0,0,7,102
2026-05-22T05:19:09,SYSTEM,SYS,0,0,8,8153
2026-05-22T05:19:09,SYSTEM,SYS,0,0,12,31
2026-05-22T05:19:30,SENSOR,SYS,0,0,10,95
2026-05-22T05:19:42,SYSTEM,WEB,0,0,1,0
2026-05-22T05:20:00,SENSOR,SYS,0,0,10,95
2026-05-22T05:20:09,SYSTEM,SYS,0,0,7,102
2026-05-22T05:20:09,SYSTEM,SYS,0,0,8,8153
2026-05-22T05:20:09,SYSTEM,SYS,0,0,12,31
2026-05-22T05:20:30,SENSOR,SYS,0,0,10,95
2026-05-22T05:21:01,SENSOR,SYS,0,0,10,95
2026-05-22T05:21:09,SYSTEM,SYS,0,0,7,102
2026-05-22T05:21:09,SYSTEM,SYS,0,0,8,8153
2026-05-22T05:21:09,SYSTEM,SYS,0,0,12,31
2026-05-22T05:21:31,SENSOR,SYS,0,0,10,95
2026-05-22T05:21:44,SYSTEM,WEB,0,0,1,0
2026-05-22T05:22:02,SENSOR,SYS,0,0,10,95
2026-05-22T05:22:09,SYSTEM,SYS,0,0,7,102
2026-05-22T05:22:09,SYSTEM,SYS,0,0,8,8153
2026-05-22T05:22:09,SYSTEM,SYS,0,0,12,31
2026-05-22T05:22:32,SENSOR,SYS,0,0,10,95
2026-05-22T05:23:02,SENSOR,SYS,0,0,10,95
2026-05-22T05:23:09,SYSTEM,SYS,0,0,7,102
2026-05-22T05:23:09,SYSTEM,SYS,0,0,8,8153
2026-05-22T05:23:09,SYSTEM,SYS,0,0,12,31
2026-05-22T05:23:32,SENSOR,SYS,0,0,10,95
2026-05-22T05:23:43,SYSTEM,WEB,0,0,1,0
2026-05-22T05:24:02,SENSOR,SYS,0,0,10,95
2026-05-22T05:24:08,SYSTEM,SYS,0,0,7,102
2026-05-22T05:24:08,SYSTEM,SYS,0,0,8,8153
2026-05-22T05:24:09,SYSTEM,SYS,0,0,12,31
2026-05-22T05:24:33,SENSOR,SYS,0,0,10,95
2026-05-22T05:25:03,SENSOR,SYS,0,0,10,95
2026-05-22T05:25:09,SYSTEM,SYS,0,0,7,102
2026-05-22T05:25:09,SYSTEM,SYS,0,0,8,8153
2026-05-22T05:25:09,SYSTEM,SYS,0,0,12,31
2026-05-22T05:25:34,SENSOR,SYS,0,0,10,95
2026-05-22T05:25:45,SYSTEM,WEB,0,0,1,0
2026-05-22T05:26:04,SENSOR,SYS,0,0,10,95
2026-05-22T05:26:09,SYSTEM,SYS,0,0,7,102
2026-05-22T05:26:09,SYSTEM,SYS,0,0,8,8153
2026-05-22T05:26:09,SYSTEM,SYS,0,0,12,31
2026-05-22T05:26:34,SENSOR,SYS,0,0,10,95
2026-05-22T05:27:04,SENSOR,SYS,0,0,10,95
2026-05-22T05:27:09,SYSTEM,SYS,0,0,7,102
2026-05-22T05:27:09,SYSTEM,SYS,0,0,8,8153
2026-05-22T05:27:09,SYSTEM,SYS,0,0,12,31
2026-05-22T05:27:35,SENSOR,SYS,0,0,10,95
2026-05-22T05:27:46,SYSTEM,WEB,0,0,1,0
2026-05-22T05:28:05,SENSOR,SYS,0,0,10,95
2026-05-22T05:28:09,SYSTEM,SYS,0,0,7,102
2026-05-22T05:28:09,SYSTEM,SYS,0,0,8,8153
2026-05-22T05:28:09,SYSTEM,SYS,0,0,12,31
2026-05-22T05:28:36,SENSOR,SYS,0,0,10,95
2026-05-22T05:29:06,SENSOR,SYS,0,0,10,95
2026-05-22T05:29:09,SYSTEM,SYS,0,0,7,102
2026-05-22T05:29:09,SYSTEM,SYS,0,0,8,8153
2026-05-22T05:29:09,SYSTEM,SYS,0,0,12,31
2026-05-22T05:29:36,SENSOR,SYS,0,0,10,95
2026-05-22T05:29:46,SYSTEM,WEB,0,0,1,0
2026-05-22T05:30:06,SENSOR,SYS,0,0,10,95
2026-05-22T05:30:09,SYSTEM,SYS,0,0,7,102
2026-05-22T05:30:09,SYSTEM,SYS,0,0,8,8153
2026-05-22T05:30:09,SYSTEM,SYS,0,0,12,31
2026-05-22T05:30:20,SENSOR,SYS,0,0,10,95
2026-05-22T05:30:50,SENSOR,SYS,0,0,10,95
2026-05-22T05:30:52,SYSTEM,SYS,0,0,7,102
2026-05-22T05:30:52,SYSTEM,SYS,0,0,8,8153
2026-05-22T05:30:52,SYSTEM,SYS,0,0,12,31
2026-05-22T05:31:37,SENSOR,SYS,0,0,10,95
2026-05-22T05:31:47,SYSTEM,WEB,0,0,1,0
2026-05-22T05:32:07,SENSOR,SYS,0,0,10,95
2026-05-22T05:32:09,SYSTEM,SYS,0,0,7,102
2026-05-22T05:32:09,SYSTEM,SYS,0,0,8,8153
2026-05-22T05:32:09,SYSTEM,SYS,0,0,12,31
2026-05-22T05:32:38,SENSOR,SYS,0,0,10,95
2026-05-22T05:33:08,SENSOR,SYS,0,0,10,95
2026-05-22T05:33:09,SYSTEM,SYS,0,0,7,102
2026-05-22T05:33:09,SYSTEM,SYS,0,0,8,8153
2026-05-22T05:33:09,SYSTEM,SYS,0,0,12,31
2026-05-22T05:33:39,SENSOR,SYS,0,0,10,95
2026-05-22T05:33:48,SYSTEM,WEB,0,0,1,0
2026-05-22T05:34:09,SENSOR,SYS,0,0,10,95
2026-05-22T05:34:09,SYSTEM,SYS,0,0,7,102
2026-05-22T05:34:09,SYSTEM,SYS,0,0,8,8153
2026-05-22T05:34:09,SYSTEM,SYS,0,0,12,31
2026-05-22T05:34:39,SENSOR,SYS,0,0,10,95
2026-05-22T05:35:09,SYSTEM,SYS,0,0,7,102
2026-05-22T05:35:09,SYSTEM,SYS,0,0,8,8153
2026-05-22T05:35:09,SYSTEM,SYS,0,0,12,31
2026-05-22T05:35:09,SENSOR,SYS,0,0,10,95
2026-05-22T05:35:40,SENSOR,SYS,0,0,10,95
2026-05-22T05:35:49,SYSTEM,WEB,0,0,1,0
2026-05-22T05:36:09,SYSTEM,SYS,0,0,7,102
2026-05-22T05:36:09,SYSTEM,SYS,0,0,8,8153
2026-05-22T05:36:09,SYSTEM,SYS,0,0,12,31
2026-05-22T05:36:10,SENSOR,SYS,0,0,10,95
2026-05-22T05:36:41,SENSOR,SYS,0,0,10,95
2026-05-22T05:37:09,SYSTEM,SYS,0,0,7,102
2026-05-22T05:37:09,SYSTEM,SYS,0,0,8,8153
2026-05-22T05:37:09,SYSTEM,SYS,0,0,12,31
2026-05-22T05:37:11,SENSOR,SYS,0,0,10,95
2026-05-22T05:37:41,SENSOR,SYS,0,0,10,95
2026-05-22T05:37:50,SYSTEM,WEB,0,0,1,0
2026-05-22T05:38:09,SYSTEM,SYS,0,0,7,102
2026-05-22T05:38:09,SYSTEM,SYS,0,0,8,8153
2026-05-22T05:38:09,SYSTEM,SYS,0,0,12,31
2026-05-22T05:38:12,SENSOR,SYS,0,0,10,95
2026-05-22T05:38:42,SENSOR,SYS,0,0,10,95
2026-05-22T05:39:09,SYSTEM,SYS,0,0,7,102
2026-05-22T05:39:09,SYSTEM,SYS,0,0,8,8153
2026-05-22T05:39:09,SYSTEM,SYS,0,0,12,31
2026-05-22T05:39:12,SENSOR,SYS,0,0,10,95
2026-05-22T05:39:42,SENSOR,SYS,0,0,10,95
2026-05-22T05:39:49,SYSTEM,WEB,0,0,1,0
2026-05-22T05:40:09,SYSTEM,SYS,0,0,7,102
2026-05-22T05:40:09,SYSTEM,SYS,0,0,8,8153
2026-05-22T05:40:09,SYSTEM,SYS,0,0,12,31
2026-05-22T05:40:13,SENSOR,SYS,0,0,10,95
2026-05-22T05:40:43,SENSOR,SYS,0,0,10,95
2026-05-22T05:41:09,SYSTEM,SYS,0,0,7,102
2026-05-22T05:41:09,SYSTEM,SYS,0,0,8,8153
2026-05-22T05:41:09,SYSTEM,SYS,0,0,12,31
2026-05-22T05:41:13,SENSOR,SYS,0,0,10,95
2026-05-22T05:41:43,SENSOR,SYS,0,0,10,95
2026-05-22T05:41:50,SYSTEM,WEB,0,0,1,0
2026-05-22T05:42:09,SYSTEM,SYS,0,0,7,102
2026-05-22T05:42:09,SYSTEM,SYS,0,0,8,8153
2026-05-22T05:42:09,SYSTEM,SYS,0,0,12,31
2026-05-22T05:42:14,SENSOR,SYS,0,0,10,95
2026-05-22T05:42:44,SENSOR,SYS,0,0,10,95
2026-05-22T05:43:09,SYSTEM,SYS,0,0,7,102
2026-05-22T05:43:09,SYSTEM,SYS,0,0,8,8153
2026-05-22T05:43:09,SYSTEM,SYS,0,0,12,31
2026-05-22T05:43:15,SENSOR,SYS,0,0,10,95
2026-05-22T05:43:45,SENSOR,SYS,0,0,10,94
2026-05-22T05:43:51,SYSTEM,WEB,0,0,1,0
2026-05-22T05:44:09,SYSTEM,SYS,0,0,7,102
2026-05-22T05:44:09,SYSTEM,SYS,0,0,8,8153
2026-05-22T05:44:09,SYSTEM,SYS,0,0,12,31
2026-05-22T05:44:15,SENSOR,SYS,0,0,10,94
2026-05-22T05:44:45,SENSOR,SYS,0,0,10,94
2026-05-22T05:45:09,SYSTEM,SYS,0,0,7,102
2026-05-22T05:45:09,SYSTEM,SYS,0,0,8,8153
2026-05-22T05:45:09,SYSTEM,SYS,0,0,12,31
2026-05-22T05:45:16,SENSOR,SYS,0,0,10,94
2026-05-22T05:45:46,SENSOR,SYS,0,0,10,94
2026-05-22T05:45:51,SYSTEM,WEB,0,0,1,0
2026-05-22T05:46:09,SYSTEM,SYS,0,0,7,102
2026-05-22T05:46:09,SYSTEM,SYS,0,0,8,8153
2026-05-22T05:46:09,SYSTEM,SYS,0,0,12,31
2026-05-22T05:46:17,SENSOR,SYS,0,0,10,94
2026-05-22T05:46:47,SENSOR,SYS,0,0,10,94
2026-05-22T05:47:09,SYSTEM,SYS,0,0,7,102
2026-05-22T05:47:09,SYSTEM,SYS,0,0,8,8153
2026-05-22T05:47:09,SYSTEM,SYS,0,0,12,31
2026-05-22T05:47:17,SENSOR,SYS,0,0,10,94
2026-05-22T05:47:47,SENSOR,SYS,0,0,10,93
2026-05-22T05:47:52,SYSTEM,WEB,0,0,1,0
2026-05-22T05:48:09,SYSTEM,SYS,0,0,7,102
2026-05-22T05:48:09,SYSTEM,SYS,0,0,8,8153
2026-05-22T05:48:09,SYSTEM,SYS,0,0,12,31
2026-05-22T05:48:18,SENSOR,SYS,0,0,10,93
2026-05-22T05:48:48,SENSOR,SYS,0,0,10,93
2026-05-22T05:49:09,SYSTEM,SYS,0,0,7,102
2026-05-22T05:49:09,SYSTEM,SYS,0,0,8,8153
2026-05-22T05:49:09,SYSTEM,SYS,0,0,12,31
2026-05-22T05:49:18,SENSOR,SYS,0,0,10,93
2026-05-22T05:49:48,SENSOR,SYS,0,0,10,93
2026-05-22T05:49:52,SYSTEM,WEB,0,0,1,0
2026-05-22T05:50:09,SYSTEM,SYS,0,0,7,102
2026-05-22T05:50:09,SYSTEM,SYS,0,0,8,8153
2026-05-22T05:50:09,SYSTEM,SYS,0,0,12,31
2026-05-22T05:50:19,SENSOR,SYS,0,0,10,93
2026-05-22T05:50:49,SENSOR,SYS,0,0,10,93
2026-05-22T05:51:09,SYSTEM,SYS,0,0,7,102
2026-05-22T05:51:09,SYSTEM,SYS,0,0,8,8153
2026-05-22T05:51:09,SYSTEM,SYS,0,0,12,31
2026-05-22T05:51:20,SENSOR,SYS,0,0,10,93
2026-05-22T05:51:50,SENSOR,SYS,0,0,10,93
2026-05-22T05:51:53,SYSTEM,WEB,0,0,1,0
2026-05-22T05:52:09,SYSTEM,SYS,0,0,7,102
2026-05-22T05:52:09,SYSTEM,SYS,0,0,8,8153
2026-05-22T05:52:09,SYSTEM,SYS,0,0,12,31
2026-05-22T05:52:20,SENSOR,SYS,0,0,10,93
2026-05-22T05:52:51,SENSOR,SYS,0,0,10,93
2026-05-22T05:53:09,SYSTEM,SYS,0,0,7,102
2026-05-22T05:53:09,SYSTEM,SYS,0,0,8,8153
2026-05-22T05:53:09,SYSTEM,SYS,0,0,12,31
2026-05-22T05:53:21,SENSOR,SYS,0,0,10,93
2026-05-22T05:53:51,SENSOR,SYS,0,0,10,93
2026-05-22T05:53:54,SYSTEM,WEB,0,0,1,0
2026-05-22T05:54:09,SYSTEM,SYS,0,0,7,102
2026-05-22T05:54:09,SYSTEM,SYS,0,0,8,8153
2026-05-22T05:54:09,SYSTEM,SYS,0,0,12,31
2026-05-22T05:54:21,SENSOR,SYS,0,0,10,93
2026-05-22T05:54:52,SENSOR,SYS,0,0,10,93
2026-05-22T05:55:09,SYSTEM,SYS,0,0,7,102
2026-05-22T05:55:09,SYSTEM,SYS,0,0,8,8153
2026-05-22T05:55:09,SYSTEM,SYS,0,0,12,31
2026-05-22T05:55:22,SENSOR,SYS,0,0,10,93
2026-05-22T05:55:52,SENSOR,SYS,0,0,10,93
2026-05-22T05:55:55,SYSTEM,WEB,0,0,1,0
2026-05-22T05:56:08,SYSTEM,SYS,0,0,7,102
2026-05-22T05:56:08,SYSTEM,SYS,0,0,8,8153
2026-05-22T05:56:09,SYSTEM,SYS,0,0,12,31
2026-05-22T05:56:22,SENSOR,SYS,0,0,10,93
2026-05-22T05:56:53,SENSOR,SYS,0,0,10,93
2026-05-22T05:57:09,SYSTEM,SYS,0,0,7,102
2026-05-22T05:57:09,SYSTEM,SYS,0,0,8,8153
2026-05-22T05:57:09,SYSTEM,SYS,0,0,12,31
2026-05-22T05:57:23,SENSOR,SYS,0,0,10,93
2026-05-22T05:57:54,SENSOR,SYS,0,0,10,93
2026-05-22T05:57:55,SYSTEM,WEB,0,0,1,0
2026-05-22T05:58:09,SYSTEM,SYS,0,0,7,102
2026-05-22T05:58:09,SYSTEM,SYS,0,0,8,8153
2026-05-22T05:58:09,SYSTEM,SYS,0,0,12,31
2026-05-22T05:58:24,SENSOR,SYS,0,0,10,93
2026-05-22T05:58:54,SENSOR,SYS,0,0,10,93
2026-05-22T05:59:09,SYSTEM,SYS,0,0,7,102
2026-05-22T05:59:09,SYSTEM,SYS,0,0,8,8153
2026-05-22T05:59:09,SYSTEM,SYS,0,0,12,31
2026-05-22T05:59:24,SENSOR,SYS,0,0,10,93
2026-05-22T05:59:55,SENSOR,SYS,0,0,10,93
2026-05-22T05:59:56,SYSTEM,WEB,0,0,1,0
2026-05-22T06:00:09,SYSTEM,SYS,0,0,7,102
2026-05-22T06:00:09,SYSTEM,SYS,0,0,8,8153
2026-05-22T06:00:09,SYSTEM,SYS,0,0,12,31
2026-05-22T06:00:25,SENSOR,SYS,0,0,10,93
2026-05-22T06:00:56,SENSOR,SYS,0,0,10,93
2026-05-22T06:01:09,SYSTEM,SYS,0,0,7,102
2026-05-22T06:01:09,SYSTEM,SYS,0,0,8,8153
2026-05-22T06:01:09,SYSTEM,SYS,0,0,12,31
2026-05-22T06:01:26,SENSOR,SYS,0,0,10,93
2026-05-22T06:01:56,SENSOR,SYS,0,0,10,93
2026-05-22T06:01:56,SYSTEM,WEB,0,0,1,0
2026-05-22T06:02:09,SYSTEM,SYS,0,0,7,102
2026-05-22T06:02:09,SYSTEM,SYS,0,0,8,8153
2026-05-22T06:02:09,SYSTEM,SYS,0,0,12,31
2026-05-22T06:02:26,SENSOR,SYS,0,0,10,94
2026-05-22T06:02:57,SENSOR,SYS,0,0,10,94
2026-05-22T06:03:09,SYSTEM,SYS,0,0,7,102
2026-05-22T06:03:09,SYSTEM,SYS,0,0,8,8153
2026-05-22T06:03:09,SYSTEM,SYS,0,0,12,31
2026-05-22T06:03:27,SENSOR,SYS,0,0,10,94
2026-05-22T06:03:56,SYSTEM,WEB,0,0,1,0
2026-05-22T06:03:57,SENSOR,SYS,0,0,10,94
2026-05-22T06:04:09,SYSTEM,SYS,0,0,7,102
2026-05-22T06:04:09,SYSTEM,SYS,0,0,8,8153
2026-05-22T06:04:09,SYSTEM,SYS,0,0,12,31
2026-05-22T06:04:27,SENSOR,SYS,0,0,10,94
2026-05-22T06:04:58,SENSOR,SYS,0,0,10,94
2026-05-22T06:05:09,SYSTEM,SYS,0,0,7,102
2026-05-22T06:05:09,SYSTEM,SYS,0,0,8,8153
2026-05-22T06:05:09,SYSTEM,SYS,0,0,12,31
2026-05-22T06:05:28,SENSOR,SYS,0,0,10,94
2026-05-22T06:05:58,SYSTEM,WEB,0,0,1,0
2026-05-22T06:05:59,SENSOR,SYS,0,0,10,95
2026-05-22T06:06:09,SYSTEM,SYS,0,0,7,102
2026-05-22T06:06:09,SYSTEM,SYS,0,0,8,8153
2026-05-22T06:06:09,SYSTEM,SYS,0,0,12,31
2026-05-22T06:06:29,SENSOR,SYS,0,0,10,95
2026-05-22T06:06:59,SENSOR,SYS,0,0,10,95
2026-05-22T06:07:09,SYSTEM,SYS,0,0,7,102
2026-05-22T06:07:09,SYSTEM,SYS,0,0,8,8153
2026-05-22T06:07:09,SYSTEM,SYS,0,0,12,31
2026-05-22T06:07:29,SENSOR,SYS,0,0,10,95
2026-05-22T06:07:58,SYSTEM,WEB,0,0,1,0
2026-05-22T06:08:00,SENSOR,SYS,0,0,10,95
2026-05-22T06:08:09,SYSTEM,SYS,0,0,7,102
2026-05-22T06:08:09,SYSTEM,SYS,0,0,8,8153
2026-05-22T06:08:09,SYSTEM,SYS,0,0,12,31
2026-05-22T06:08:30,SENSOR,SYS,0,0,10,95
2026-05-22T06:09:00,SENSOR,SYS,0,0,10,95
2026-05-22T06:09:09,SYSTEM,SYS,0,0,7,102
2026-05-22T06:09:09,SYSTEM,SYS,0,0,8,8153
2026-05-22T06:09:09,SYSTEM,SYS,0,0,12,31
2026-05-22T06:09:31,SENSOR,SYS,0,0,10,95
2026-05-22T06:09:59,SYSTEM,WEB,0,0,1,0
2026-05-22T06:10:01,SENSOR,SYS,0,0,10,95
2026-05-22T06:10:09,SYSTEM,SYS,0,0,7,102
2026-05-22T06:10:09,SYSTEM,SYS,0,0,8,8153
2026-05-22T06:10:09,SYSTEM,SYS,0,0,12,31
2026-05-22T06:10:32,SENSOR,SYS,0,0,10,95
2026-05-22T06:11:02,SENSOR,SYS,0,0,10,95
2026-05-22T06:11:09,SYSTEM,SYS,0,0,7,102
2026-05-22T06:11:09,SYSTEM,SYS,0,0,8,8153
2026-05-22T06:11:09,SYSTEM,SYS,0,0,12,31
2026-05-22T06:11:32,SENSOR,SYS,0,0,10,95
2026-05-22T06:12:00,SYSTEM,WEB,0,0,1,0
2026-05-22T06:12:02,SENSOR,SYS,0,0,10,95
2026-05-22T06:12:09,SYSTEM,SYS,0,0,7,102
2026-05-22T06:12:09,SYSTEM,SYS,0,0,8,8153
2026-05-22T06:12:09,SYSTEM,SYS,0,0,12,31
2026-05-22T06:12:33,SENSOR,SYS,0,0,10,95
2026-05-22T06:13:03,SENSOR,SYS,0,0,10,95
2026-05-22T06:13:09,SYSTEM,SYS,0,0,7,102
2026-05-22T06:13:09,SYSTEM,SYS,0,0,8,8153
2026-05-22T06:13:09,SYSTEM,SYS,0,0,12,31
2026-05-22T06:13:33,SENSOR,SYS,0,0,10,95
2026-05-22T06:14:00,SYSTEM,WEB,0,0,1,0
2026-05-22T06:14:03,SENSOR,SYS,0,0,10,95
2026-05-22T06:14:09,SYSTEM,SYS,0,0,7,102
2026-05-22T06:14:09,SYSTEM,SYS,0,0,8,8153
2026-05-22T06:14:09,SYSTEM,SYS,0,0,12,31
2026-05-22T06:14:34,SENSOR,SYS,0,0,10,95
2026-05-22T06:15:04,SENSOR,SYS,0,0,10,95
2026-05-22T06:15:09,SYSTEM,SYS,0,0,7,102
2026-05-22T06:15:09,SYSTEM,SYS,0,0,8,8153
2026-05-22T06:15:09,SYSTEM,SYS,0,0,12,31
2026-05-22T06:15:35,SENSOR,SYS,0,0,10,95
2026-05-22T06:16:02,SYSTEM,WEB,0,0,1,0
2026-05-22T06:16:05,SENSOR,SYS,0,0,10,95
2026-05-22T06:16:09,SYSTEM,SYS,0,0,7,102
2026-05-22T06:16:09,SYSTEM,SYS,0,0,8,8153
2026-05-22T06:16:09,SYSTEM,SYS,0,0,12,31
2026-05-22T06:16:35,SENSOR,SYS,0,0,10,95
2026-05-22T06:17:05,SENSOR,SYS,0,0,10,96
2026-05-22T06:17:09,SYSTEM,SYS,0,0,7,102
2026-05-22T06:17:09,SYSTEM,SYS,0,0,8,8153
2026-05-22T06:17:09,SYSTEM,SYS,0,0,12,31
2026-05-22T06:17:36,SENSOR,SYS,0,0,10,96
2026-05-22T06:18:02,SYSTEM,WEB,0,0,1,0
2026-05-22T06:18:06,SENSOR,SYS,0,0,10,96
2026-05-22T06:18:09,SYSTEM,SYS,0,0,7,102
2026-05-22T06:18:09,SYSTEM,SYS,0,0,8,8153
2026-05-22T06:18:09,SYSTEM,SYS,0,0,12,31
2026-05-22T06:18:37,SENSOR,SYS,0,0,10,96
2026-05-22T06:19:07,SENSOR,SYS,0,0,10,96
2026-05-22T06:19:09,SYSTEM,SYS,0,0,7,102
2026-05-22T06:19:09,SYSTEM,SYS,0,0,8,8153
2026-05-22T06:19:09,SYSTEM,SYS,0,0,12,31
2026-05-22T06:19:37,SENSOR,SYS,0,0,10,96
2026-05-22T06:20:02,SYSTEM,WEB,0,0,1,0
2026-05-22T06:20:07,SENSOR,SYS,0,0,10,96
2026-05-22T06:20:09,SYSTEM,SYS,0,0,7,102
2026-05-22T06:20:09,SYSTEM,SYS,0,0,8,8153
2026-05-22T06:20:09,SYSTEM,SYS,0,0,12,31
2026-05-22T06:20:38,SENSOR,SYS,0,0,10,96
2026-05-22T06:21:08,SENSOR,SYS,0,0,10,96
2026-05-22T06:21:09,SYSTEM,SYS,0,0,7,102
2026-05-22T06:21:09,SYSTEM,SYS,0,0,8,8153
2026-05-22T06:21:09,SYSTEM,SYS,0,0,12,31
2026-05-22T06:21:38,SENSOR,SYS,0,0,10,96
2026-05-22T06:22:02,SYSTEM,WEB,0,0,1,0
2026-05-22T06:22:08,SENSOR,SYS,0,0,10,96
2026-05-22T06:22:09,SYSTEM,SYS,0,0,7,102
2026-05-22T06:22:09,SYSTEM,SYS,0,0,8,8153
2026-05-22T06:22:09,SYSTEM,SYS,0,0,12,31
2026-05-22T06:22:39,SENSOR,SYS,0,0,10,96
2026-05-22T06:23:09,SYSTEM,SYS,0,0,7,102
2026-05-22T06:23:09,SYSTEM,SYS,0,0,8,8153
2026-05-22T06:23:09,SYSTEM,SYS,0,0,12,31
2026-05-22T06:23:09,SENSOR,SYS,0,0,10,96
2026-05-22T06:23:39,SENSOR,SYS,0,0,10,96
2026-05-22T06:24:02,SYSTEM,WEB,0,0,1,0
2026-05-22T06:24:09,SYSTEM,SYS,0,0,7,102
2026-05-22T06:24:09,SYSTEM,SYS,0,0,8,8153
2026-05-22T06:24:09,SYSTEM,SYS,0,0,12,31
2026-05-22T06:24:10,SENSOR,SYS,0,0,10,96
2026-05-22T06:24:40,SENSOR,SYS,0,0,10,96
2026-05-22T06:25:09,SYSTEM,SYS,0,0,7,102
2026-05-22T06:25:09,SYSTEM,SYS,0,0,8,8153
2026-05-22T06:25:09,SYSTEM,SYS,0,0,12,31
2026-05-22T06:25:11,SENSOR,SYS,0,0,10,96
2026-05-22T06:25:41,SENSOR,SYS,0,0,10,96
2026-05-22T06:26:04,SYSTEM,WEB,0,0,1,0
2026-05-22T06:26:09,SYSTEM,SYS,0,0,7,102
2026-05-22T06:26:09,SYSTEM,SYS,0,0,8,8153
2026-05-22T06:26:09,SYSTEM,SYS,0,0,12,31
2026-05-22T06:26:11,SENSOR,SYS,0,0,10,96
2026-05-22T06:26:41,SENSOR,SYS,0,0,10,96
2026-05-22T06:27:09,SYSTEM,SYS,0,0,7,102
2026-05-22T06:27:09,SYSTEM,SYS,0,0,8,8153
2026-05-22T06:27:09,SYSTEM,SYS,0,0,12,31
2026-05-22T06:27:12,SENSOR,SYS,0,0,10,96
2026-05-22T06:27:42,SENSOR,SYS,0,0,10,96
2026-05-22T06:28:04,SYSTEM,WEB,0,0,1,0
2026-05-22T06:28:10,SYSTEM,SYS,0,0,7,102
2026-05-22T06:28:10,SYSTEM,SYS,0,0,8,8153
2026-05-22T06:28:10,SYSTEM,SYS,0,0,12,31
2026-05-22T06:28:13,SENSOR,SYS,0,0,10,96
2026-05-22T06:28:43,SENSOR,SYS,0,0,10,96
2026-05-22T06:29:09,SYSTEM,SYS,0,0,7,102
2026-05-22T06:29:09,SYSTEM,SYS,0,0,8,8153
2026-05-22T06:29:09,SYSTEM,SYS,0,0,12,31
2026-05-22T06:29:13,SENSOR,SYS,0,0,10,96
2026-05-22T06:29:43,SENSOR,SYS,0,0,10,96
2026-05-22T06:30:04,SYSTEM,WEB,0,0,1,0
2026-05-22T06:30:09,SYSTEM,SYS,0,0,7,102
2026-05-22T06:30:09,SYSTEM,SYS,0,0,8,8153
2026-05-22T06:30:09,SYSTEM,SYS,0,0,12,31
2026-05-22T06:30:14,SENSOR,SYS,0,0,10,96
2026-05-22T06:30:27,SENSOR,SYS,0,0,10,96
2026-05-22T06:31:09,SYSTEM,SYS,0,0,7,102
2026-05-22T06:31:09,SYSTEM,SYS,0,0,8,8153
2026-05-22T06:31:09,SYSTEM,SYS,0,0,12,31
2026-05-22T06:31:14,SENSOR,SYS,0,0,10,96
2026-05-22T06:31:44,SENSOR,SYS,0,0,10,96
2026-05-22T06:32:05,SYSTEM,WEB,0,0,1,0
2026-05-22T06:32:09,SYSTEM,SYS,0,0,7,102
2026-05-22T06:32:09,SYSTEM,SYS,0,0,8,8153
2026-05-22T06:32:09,SYSTEM,SYS,0,0,12,31
2026-05-22T06:32:15,SENSOR,SYS,0,0,10,96
2026-05-22T06:32:45,SENSOR,SYS,0,0,10,96
2026-05-22T06:33:09,SYSTEM,SYS,0,0,7,102
2026-05-22T06:33:09,SYSTEM,SYS,0,0,8,8153
2026-05-22T06:33:09,SYSTEM,SYS,0,0,12,31
2026-05-22T06:33:16,SENSOR,SYS,0,0,10,96
2026-05-22T06:33:46,SENSOR,SYS,0,0,10,96
2026-05-22T06:34:06,SYSTEM,WEB,0,0,1,0
2026-05-22T06:34:09,SYSTEM,SYS,0,0,7,102
2026-05-22T06:34:09,SYSTEM,SYS,0,0,8,8153
2026-05-22T06:34:09,SYSTEM,SYS,0,0,12,31
2026-05-22T06:34:16,SENSOR,SYS,0,0,10,96
2026-05-22T06:34:46,SENSOR,SYS,0,0,10,96
2026-05-22T06:35:09,SYSTEM,SYS,0,0,7,102
2026-05-22T06:35:09,SYSTEM,SYS,0,0,8,8153
2026-05-22T06:35:09,SYSTEM,SYS,0,0,12,31
2026-05-22T06:35:17,SENSOR,SYS,0,0,10,96
2026-05-22T06:35:47,SENSOR,SYS,0,0,10,96
2026-05-22T06:36:09,SYSTEM,WEB,0,0,1,0
2026-05-22T06:36:10,SYSTEM,SYS,0,0,7,102
2026-05-22T06:36:10,SYSTEM,SYS,0,0,8,8153
2026-05-22T06:36:10,SYSTEM,SYS,0,0,12,31
2026-05-22T06:36:18,SENSOR,SYS,0,0,10,96
2026-05-22T06:36:48,SENSOR,SYS,0,0,10,96
2026-05-22T06:37:09,SYSTEM,SYS,0,0,7,102
2026-05-22T06:37:09,SYSTEM,SYS,0,0,8,8153
2026-05-22T06:37:09,SYSTEM,SYS,0,0,12,31
2026-05-22T06:37:18,SENSOR,SYS,0,0,10,96
2026-05-22T06:37:48,SENSOR,SYS,0,0,10,96
2026-05-22T06:38:07,SYSTEM,WEB,0,0,1,0
2026-05-22T06:38:09,SYSTEM,SYS,0,0,7,102
2026-05-22T06:38:09,SYSTEM,SYS,0,0,8,8153
2026-05-22T06:38:09,SYSTEM,SYS,0,0,12,31
2026-05-22T06:38:19,SENSOR,SYS,0,0,10,96
2026-05-22T06:38:49,SENSOR,SYS,0,0,10,96
2026-05-22T06:39:09,SYSTEM,SYS,0,0,7,102
2026-05-22T06:39:09,SYSTEM,SYS,0,0,8,8153
2026-05-22T06:39:09,SYSTEM,SYS,0,0,12,31
2026-05-22T06:39:19,SENSOR,SYS,0,0,10,96
2026-05-22T06:39:50,SENSOR,SYS,0,0,10,96
2026-05-22T06:40:07,SYSTEM,WEB,0,0,1,0
2026-05-22T06:40:09,SYSTEM,SYS,0,0,7,102
2026-05-22T06:40:09,SYSTEM,SYS,0,0,8,8153
2026-05-22T06:40:09,SYSTEM,SYS,0,0,12,31
2026-05-22T06:40:20,SENSOR,SYS,0,0,10,96
2026-05-22T06:40:50,SENSOR,SYS,0,0,10,96
2026-05-22T06:41:09,SYSTEM,SYS,0,0,7,102
2026-05-22T06:41:09,SYSTEM,SYS,0,0,8,8153
2026-05-22T06:41:09,SYSTEM,SYS,0,0,12,31
2026-05-22T06:41:20,SENSOR,SYS,0,0,10,96
2026-05-22T06:41:51,SENSOR,SYS,0,0,10,96
2026-05-22T06:42:08,SYSTEM,WEB,0,0,1,0
2026-05-22T06:42:09,SYSTEM,SYS,0,0,7,102
2026-05-22T06:42:09,SYSTEM,SYS,0,0,8,8153
2026-05-22T06:42:09,SYSTEM,SYS,0,0,12,31
2026-05-22T06:42:21,SENSOR,SYS,0,0,10,96
2026-05-22T06:42:52,SENSOR,SYS,0,0,10,96
2026-05-22T06:43:09,SYSTEM,SYS,0,0,7,102
2026-05-22T06:43:09,SYSTEM,SYS,0,0,8,8153
2026-05-22T06:43:09,SYSTEM,SYS,0,0,12,31
2026-05-22T06:43:22,SENSOR,SYS,0,0,10,96
2026-05-22T06:43:52,SENSOR,SYS,0,0,10,96
2026-05-22T06:44:09,SYSTEM,WEB,0,0,1,0
2026-05-22T06:44:09,SYSTEM,SYS,0,0,7,102
2026-05-22T06:44:09,SYSTEM,SYS,0,0,8,8153
2026-05-22T06:44:09,SYSTEM,SYS,0,0,12,31
2026-05-22T06:44:22,SENSOR,SYS,0,0,10,96
2026-05-22T06:44:53,SENSOR,SYS,0,0,10,96
2026-05-22T06:45:09,SYSTEM,SYS,0,0,7,102
2026-05-22T06:45:09,SYSTEM,SYS,0,0,8,8153
2026-05-22T06:45:09,SYSTEM,SYS,0,0,12,31
2026-05-22T06:45:23,SENSOR,SYS,0,0,10,96
2026-05-22T06:45:53,SENSOR,SYS,0,0,10,96
2026-05-22T06:46:09,SYSTEM,SYS,0,0,7,61
2026-05-22T06:46:09,SYSTEM,SYS,0,0,8,8153
2026-05-22T06:46:09,SYSTEM,SYS,0,0,12,27
2026-05-22T06:46:09,SYSTEM,WEB,0,0,1,0
2026-05-22T06:46:23,SENSOR,SYS,0,0,10,96
2026-05-22T06:46:54,SENSOR,SYS,0,0,10,96
2026-05-22T06:47:09,SYSTEM,SYS,0,0,7,102
2026-05-22T06:47:09,SYSTEM,SYS,0,0,8,8153
2026-05-22T06:47:09,SYSTEM,SYS,0,0,12,31
2026-05-22T06:47:24,SENSOR,SYS,0,0,10,96
2026-05-22T06:47:55,SENSOR,SYS,0,0,10,96
2026-05-22T06:48:09,SYSTEM,SYS,0,0,7,102
2026-05-22T06:48:09,SYSTEM,SYS,0,0,8,8153
2026-05-22T06:48:09,SYSTEM,SYS,0,0,12,31
2026-05-22T06:48:11,SYSTEM,WEB,0,0,1,0
2026-05-22T06:48:25,SENSOR,SYS,0,0,10,96
2026-05-22T06:48:55,SENSOR,SYS,0,0,10,96
2026-05-22T06:49:09,SYSTEM,SYS,0,0,7,102
2026-05-22T06:49:09,SYSTEM,SYS,0,0,8,8153
2026-05-22T06:49:09,SYSTEM,SYS,0,0,12,31
2026-05-22T06:49:25,SENSOR,SYS,0,0,10,96
2026-05-22T06:49:56,SENSOR,SYS,0,0,10,96
2026-05-22T06:50:09,SYSTEM,SYS,0,0,7,102
2026-05-22T06:50:09,SYSTEM,SYS,0,0,8,8153
2026-05-22T06:50:09,SYSTEM,SYS,0,0,12,31
2026-05-22T06:50:11,SYSTEM,WEB,0,0,1,0
2026-05-22T06:50:26,SENSOR,SYS,0,0,10,96
2026-05-22T06:50:57,SENSOR,SYS,0,0,10,96
2026-05-22T06:51:09,SYSTEM,SYS,0,0,7,102
2026-05-22T06:51:09,SYSTEM,SYS,0,0,8,8153
2026-05-22T06:51:09,SYSTEM,SYS,0,0,12,31
2026-05-22T06:51:27,SENSOR,SYS,0,0,10,96
2026-05-22T06:51:57,SENSOR,SYS,0,0,11,96
2026-05-22T06:52:09,SYSTEM,SYS,0,0,7,102
2026-05-22T06:52:09,SYSTEM,SYS,0,0,8,8153
2026-05-22T06:52:09,SYSTEM,SYS,0,0,12,31
2026-05-22T06:52:12,SYSTEM,WEB,0,0,1,0
2026-05-22T06:52:27,SENSOR,SYS,0,0,11,96
2026-05-22T06:52:58,SENSOR,SYS,0,0,11,96
2026-05-22T06:53:09,SYSTEM,SYS,0,0,7,102
2026-05-22T06:53:09,SYSTEM,SYS,0,0,8,8153
2026-05-22T06:53:09,SYSTEM,SYS,0,0,12,31
2026-05-22T06:53:28,SENSOR,SYS,0,0,11,96
2026-05-22T06:53:58,SENSOR,SYS,0,0,11,96
2026-05-22T06:54:09,SYSTEM,SYS,0,0,7,102
2026-05-22T06:54:09,SYSTEM,SYS,0,0,8,8153
2026-05-22T06:54:09,SYSTEM,SYS,0,0,12,31
2026-05-22T06:54:13,SYSTEM,WEB,0,0,1,0
2026-05-22T06:54:29,SENSOR,SYS,0,0,11,96
2026-05-22T06:54:59,SENSOR,SYS,0,0,11,96
2026-05-22T06:55:09,SYSTEM,SYS,0,0,7,102
2026-05-22T06:55:09,SYSTEM,SYS,0,0,8,8153
2026-05-22T06:55:09,SYSTEM,SYS,0,0,12,31
2026-05-22T06:55:29,SENSOR,SYS,0,0,11,96
2026-05-22T06:55:59,SENSOR,SYS,0,0,11,96
2026-05-22T06:56:09,SYSTEM,SYS,0,0,7,102
2026-05-22T06:56:09,SYSTEM,SYS,0,0,8,8153
2026-05-22T06:56:09,SYSTEM,SYS,0,0,12,31
2026-05-22T06:56:13,SYSTEM,WEB,0,0,1,0
2026-05-22T06:56:30,SENSOR,SYS,0,0,11,96
2026-05-22T06:57:00,SENSOR,SYS,0,0,11,96
2026-05-22T06:57:09,SYSTEM,SYS,0,0,7,99
2026-05-22T06:57:09,SYSTEM,SYS,0,0,8,8153
2026-05-22T06:57:09,SYSTEM,SYS,0,0,12,31
2026-05-22T06:57:31,SENSOR,SYS,0,0,11,96
2026-05-22T06:58:01,SENSOR,SYS,0,0,11,96
2026-05-22T06:58:09,SYSTEM,SYS,0,0,7,102
2026-05-22T06:58:09,SYSTEM,SYS,0,0,8,8153
2026-05-22T06:58:09,SYSTEM,SYS,0,0,12,31
2026-05-22T06:58:15,SYSTEM,WEB,0,0,1,0
2026-05-22T06:58:31,SENSOR,SYS,0,0,11,96
2026-05-22T06:59:01,SENSOR,SYS,0,0,11,96
2026-05-22T06:59:09,SYSTEM,SYS,0,0,7,102
2026-05-22T06:59:09,SYSTEM,SYS,0,0,8,8153
2026-05-22T06:59:09,SYSTEM,SYS,0,0,12,31
2026-05-22T06:59:32,SENSOR,SYS,0,0,11,96
2026-05-22T07:00:02,SENSOR,SYS,0,0,11,95
2026-05-22T07:00:09,SYSTEM,SYS,0,0,7,102
2026-05-22T07:00:09,SYSTEM,SYS,0,0,8,8153
2026-05-22T07:00:09,SYSTEM,SYS,0,0,12,31
2026-05-22T07:00:16,SYSTEM,WEB,0,0,1,0
2026-05-22T07:00:33,SENSOR,SYS,0,0,11,95
2026-05-22T07:01:03,SENSOR,SYS,0,0,11,95
2026-05-22T07:01:09,SYSTEM,SYS,0,0,7,102
2026-05-22T07:01:09,SYSTEM,SYS,0,0,8,8153
2026-05-22T07:01:09,SYSTEM,SYS,0,0,12,31
2026-05-22T07:01:33,SENSOR,SYS,0,0,11,95
2026-05-22T07:02:03,SENSOR,SYS,0,0,11,95
2026-05-22T07:02:09,SYSTEM,SYS,0,0,7,102
2026-05-22T07:02:09,SYSTEM,SYS,0,0,8,8153
2026-05-22T07:02:09,SYSTEM,SYS,0,0,12,31
2026-05-22T07:02:16,SYSTEM,WEB,0,0,1,0
2026-05-22T07:02:34,SENSOR,SYS,0,0,12,95
2026-05-22T07:03:04,SENSOR,SYS,0,0,12,95
2026-05-22T07:03:09,SYSTEM,SYS,0,0,7,102
2026-05-22T07:03:09,SYSTEM,SYS,0,0,8,8153
2026-05-22T07:03:09,SYSTEM,SYS,0,0,12,31
2026-05-22T07:03:34,SENSOR,SYS,0,0,12,95
2026-05-22T07:04:04,SENSOR,SYS,0,0,12,95
2026-05-22T07:04:09,SYSTEM,SYS,0,0,7,102
2026-05-22T07:04:09,SYSTEM,SYS,0,0,8,8153
2026-05-22T07:04:09,SYSTEM,SYS,0,0,12,31
2026-05-22T07:04:16,SYSTEM,WEB,0,0,1,0
2026-05-22T07:04:35,SENSOR,SYS,0,0,12,95
2026-05-22T07:05:05,SENSOR,SYS,0,0,12,95
2026-05-22T07:05:09,SYSTEM,SYS,0,0,7,102
2026-05-22T07:05:09,SYSTEM,SYS,0,0,8,8153
2026-05-22T07:05:09,SYSTEM,SYS,0,0,12,31
2026-05-22T07:05:36,SENSOR,SYS,0,0,12,95
2026-05-22T07:06:06,SENSOR,SYS,0,0,12,95
2026-05-22T07:06:09,SYSTEM,SYS,0,0,7,102
2026-05-22T07:06:09,SYSTEM,SYS,0,0,8,8153
2026-05-22T07:06:09,SYSTEM,SYS,0,0,12,31
2026-05-22T07:06:17,SYSTEM,WEB,0,0,1,0
2026-05-22T07:06:36,SENSOR,SYS,0,0,12,95
2026-05-22T07:07:06,SENSOR,SYS,0,0,12,95
2026-05-22T07:07:09,SYSTEM,SYS,0,0,7,102
2026-05-22T07:07:09,SYSTEM,SYS,0,0,8,8153
2026-05-22T07:07:09,SYSTEM,SYS,0,0,12,31
2026-05-22T07:07:37,SENSOR,SYS,0,0,12,95
2026-05-22T07:08:07,SENSOR,SYS,0,0,12,95
2026-05-22T07:08:09,SYSTEM,SYS,0,0,7,102
2026-05-22T07:08:09,SYSTEM,SYS,0,0,8,8153
2026-05-22T07:08:10,SYSTEM,SYS,0,0,12,31
2026-05-22T07:08:19,SYSTEM,WEB,0,0,1,0
2026-05-22T07:08:38,SENSOR,SYS,0,0,12,95
2026-05-22T07:09:08,SENSOR,SYS,0,0,12,95
2026-05-22T07:09:09,SYSTEM,SYS,0,0,7,102
2026-05-22T07:09:09,SYSTEM,SYS,0,0,8,8153
2026-05-22T07:09:09,SYSTEM,SYS,0,0,12,31
2026-05-22T07:09:38,SENSOR,SYS,0,0,12,95
2026-05-22T07:10:08,SENSOR,SYS,0,0,12,95
2026-05-22T07:10:09,SYSTEM,SYS,0,0,7,102
2026-05-22T07:10:09,SYSTEM,SYS,0,0,8,8153
2026-05-22T07:10:09,SYSTEM,SYS,0,0,12,31
2026-05-22T07:10:18,SYSTEM,WEB,0,0,1,0
2026-05-22T07:10:38,SENSOR,SYS,0,0,12,95
2026-05-22T07:11:09,SENSOR,SYS,0,0,12,95
2026-05-22T07:11:09,SYSTEM,SYS,0,0,7,102
2026-05-22T07:11:09,SYSTEM,SYS,0,0,8,8153
2026-05-22T07:11:09,SYSTEM,SYS,0,0,12,31
2026-05-22T07:11:39,SENSOR,SYS,0,0,12,95
2026-05-22T07:12:09,SYSTEM,SYS,0,0,7,102
2026-05-22T07:12:09,SYSTEM,SYS,0,0,8,8153
2026-05-22T07:12:09,SYSTEM,SYS,0,0,12,31
2026-05-22T07:12:10,SENSOR,SYS,0,0,12,95
2026-05-22T07:12:19,SYSTEM,WEB,0,0,1,0
2026-05-22T07:12:40,SENSOR,SYS,0,0,12,95
2026-05-22T07:13:09,SYSTEM,SYS,0,0,7,102
2026-05-22T07:13:09,SYSTEM,SYS,0,0,8,8153
2026-05-22T07:13:09,SYSTEM,SYS,0,0,12,31
2026-05-22T07:13:10,SENSOR,SYS,0,0,12,95
2026-05-22T07:13:40,SENSOR,SYS,0,0,12,95
2026-05-22T07:14:09,SYSTEM,SYS,0,0,7,102
2026-05-22T07:14:09,SYSTEM,SYS,0,0,8,8153
2026-05-22T07:14:09,SYSTEM,SYS,0,0,12,31
2026-05-22T07:14:11,SENSOR,SYS,0,0,12,95
2026-05-22T07:14:20,SYSTEM,WEB,0,0,1,0
2026-05-22T07:14:41,SENSOR,SYS,0,0,13,95
2026-05-22T07:15:09,SYSTEM,SYS,0,0,7,102
2026-05-22T07:15:09,SYSTEM,SYS,0,0,8,8153
2026-05-22T07:15:09,SYSTEM,SYS,0,0,12,31
2026-05-22T07:15:12,SENSOR,SYS,0,0,13,95
2026-05-22T07:15:42,SENSOR,SYS,0,0,13,95
2026-05-22T07:16:09,SYSTEM,SYS,0,0,7,102
2026-05-22T07:16:09,SYSTEM,SYS,0,0,8,8153
2026-05-22T07:16:09,SYSTEM,SYS,0,0,12,31
2026-05-22T07:16:12,SENSOR,SYS,0,0,13,95
2026-05-22T07:16:20,SYSTEM,WEB,0,0,1,0
2026-05-22T07:16:42,SENSOR,SYS,0,0,13,95
2026-05-22T07:17:09,SYSTEM,SYS,0,0,7,102
2026-05-22T07:17:09,SYSTEM,SYS,0,0,8,8153
2026-05-22T07:17:09,SYSTEM,SYS,0,0,12,31
2026-05-22T07:17:13,SENSOR,SYS,0,0,13,95
2026-05-22T07:17:43,SENSOR,SYS,0,0,13,95
2026-05-22T07:18:09,SYSTEM,SYS,0,0,7,102
2026-05-22T07:18:09,SYSTEM,SYS,0,0,8,8153
2026-05-22T07:18:09,SYSTEM,SYS,0,0,12,31
2026-05-22T07:18:13,SENSOR,SYS,0,0,13,94
2026-05-22T07:18:21,SYSTEM,WEB,0,0,1,0
2026-05-22T07:18:43,SENSOR,SYS,0,0,13,94
2026-05-22T07:19:09,SYSTEM,SYS,0,0,7,102
2026-05-22T07:19:09,SYSTEM,SYS,0,0,8,8153
2026-05-22T07:19:09,SYSTEM,SYS,0,0,12,31
2026-05-22T07:19:14,SENSOR,SYS,0,0,13,94
2026-05-22T07:19:44,SENSOR,SYS,0,0,13,94
2026-05-22T07:20:09,SYSTEM,SYS,0,0,7,102
2026-05-22T07:20:09,SYSTEM,SYS,0,0,8,8153
2026-05-22T07:20:09,SYSTEM,SYS,0,0,12,31
2026-05-22T07:20:15,SENSOR,SYS,0,0,13,94
2026-05-22T07:20:22,SYSTEM,WEB,0,0,1,0
2026-05-22T07:20:45,SENSOR,SYS,0,0,13,94
2026-05-22T07:21:09,SYSTEM,SYS,0,0,7,102
2026-05-22T07:21:09,SYSTEM,SYS,0,0,8,8153
2026-05-22T07:21:09,SYSTEM,SYS,0,0,12,31
2026-05-22T07:21:15,SENSOR,SYS,0,0,13,94
2026-05-22T07:21:45,SENSOR,SYS,0,0,13,94
2026-05-22T07:22:09,SYSTEM,SYS,0,0,7,102
2026-05-22T07:22:09,SYSTEM,SYS,0,0,8,8153
2026-05-22T07:22:09,SYSTEM,SYS,0,0,12,31
2026-05-22T07:22:16,SENSOR,SYS,0,0,13,94
2026-05-22T07:22:22,SYSTEM,WEB,0,0,1,0
2026-05-22T07:22:46,SENSOR,SYS,0,0,13,94
2026-05-22T07:23:09,SYSTEM,SYS,0,0,7,102
2026-05-22T07:23:09,SYSTEM,SYS,0,0,8,8153
2026-05-22T07:23:09,SYSTEM,SYS,0,0,12,31
2026-05-22T07:23:17,SENSOR,SYS,0,0,13,94
2026-05-22T07:23:47,SENSOR,SYS,0,0,13,94
2026-05-22T07:24:09,SYSTEM,SYS,0,0,7,102
2026-05-22T07:24:09,SYSTEM,SYS,0,0,8,8153
2026-05-22T07:24:09,SYSTEM,SYS,0,0,12,31
2026-05-22T07:24:17,SENSOR,SYS,0,0,13,94
2026-05-22T07:24:23,SYSTEM,WEB,0,0,1,0
2026-05-22T07:24:48,SENSOR,SYS,0,0,13,94
2026-05-22T07:25:09,SYSTEM,SYS,0,0,7,102
2026-05-22T07:25:10,SYSTEM,SYS,0,0,8,8153
2026-05-22T07:25:10,SYSTEM,SYS,0,0,12,31
2026-05-22T07:25:18,SENSOR,SYS,0,0,13,93
2026-05-22T07:25:48,SENSOR,SYS,0,0,13,93
2026-05-22T07:26:09,SYSTEM,SYS,0,0,7,102
2026-05-22T07:26:09,SYSTEM,SYS,0,0,8,8153
2026-05-22T07:26:09,SYSTEM,SYS,0,0,12,31
2026-05-22T07:26:18,SENSOR,SYS,0,0,13,93
2026-05-22T07:26:24,SYSTEM,WEB,0,0,1,0
2026-05-22T07:26:49,SENSOR,SYS,0,0,13,93
2026-05-22T07:27:09,SYSTEM,SYS,0,0,7,102
2026-05-22T07:27:09,SYSTEM,SYS,0,0,8,8153
2026-05-22T07:27:09,SYSTEM,SYS,0,0,12,31
2026-05-22T07:27:19,SENSOR,SYS,0,0,13,93
2026-05-22T07:27:49,SENSOR,SYS,0,0,13,93
2026-05-22T07:28:09,SYSTEM,SYS,0,0,7,102
2026-05-22T07:28:09,SYSTEM,SYS,0,0,8,8153
2026-05-22T07:28:09,SYSTEM,SYS,0,0,12,31
2026-05-22T07:28:19,SENSOR,SYS,0,0,13,93
2026-05-22T07:28:25,SYSTEM,WEB,0,0,1,0
2026-05-22T07:28:50,SENSOR,SYS,0,0,13,93
2026-05-22T07:29:09,SYSTEM,SYS,0,0,7,102
2026-05-22T07:29:09,SYSTEM,SYS,0,0,8,8153
2026-05-22T07:29:09,SYSTEM,SYS,0,0,12,31
2026-05-22T07:29:20,SENSOR,SYS,0,0,13,93
2026-05-22T07:29:51,SENSOR,SYS,0,0,14,93
2026-05-22T07:30:09,SYSTEM,SYS,0,0,7,102
2026-05-22T07:30:09,SYSTEM,SYS,0,0,8,8153
2026-05-22T07:30:09,SYSTEM,SYS,0,0,12,31
2026-05-22T07:30:21,SENSOR,SYS,0,0,14,93
2026-05-22T07:30:26,SYSTEM,WEB,0,0,1,0
2026-05-22T07:30:51,SENSOR,SYS,0,0,14,93
2026-05-22T07:31:09,SYSTEM,SYS,0,0,7,102
2026-05-22T07:31:09,SYSTEM,SYS,0,0,8,8153
2026-05-22T07:31:09,SYSTEM,SYS,0,0,12,31
2026-05-22T07:31:21,SENSOR,SYS,0,0,14,93
2026-05-22T07:31:35,SENSOR,SYS,0,0,14,93
2026-05-22T07:31:52,SYSTEM,SYS,0,0,7,102
2026-05-22T07:31:52,SYSTEM,SYS,0,0,8,8153
2026-05-22T07:31:52,SYSTEM,SYS,0,0,12,31
2026-05-22T07:32:05,SENSOR,SYS,0,0,14,93
2026-05-22T07:32:10,SYSTEM,WEB,0,0,1,0
2026-05-22T07:32:53,SENSOR,SYS,0,0,14,93
2026-05-22T07:33:10,SYSTEM,SYS,0,0,7,102
2026-05-22T07:33:10,SYSTEM,SYS,0,0,8,8153
2026-05-22T07:33:10,SYSTEM,SYS,0,0,12,31
2026-05-22T07:33:23,SENSOR,SYS,0,0,14,93
2026-05-22T07:33:53,SENSOR,SYS,0,0,14,93
2026-05-22T07:34:09,SYSTEM,SYS,0,0,7,102
2026-05-22T07:34:09,SYSTEM,SYS,0,0,8,8153
2026-05-22T07:34:09,SYSTEM,SYS,0,0,12,31
2026-05-22T07:34:23,SENSOR,SYS,0,0,14,93
2026-05-22T07:34:27,SYSTEM,WEB,0,0,1,0
2026-05-22T07:34:54,SENSOR,SYS,0,0,14,92
2026-05-22T07:35:09,SYSTEM,SYS,0,0,7,102
2026-05-22T07:35:09,SYSTEM,SYS,0,0,8,8153
2026-05-22T07:35:09,SYSTEM,SYS,0,0,12,31
2026-05-22T07:35:24,SENSOR,SYS,0,0,14,92
2026-05-22T07:35:54,SENSOR,SYS,0,0,14,92
2026-05-22T07:36:09,SYSTEM,SYS,0,0,7,102
2026-05-22T07:36:09,SYSTEM,SYS,0,0,8,8153
2026-05-22T07:36:09,SYSTEM,SYS,0,0,12,31
2026-05-22T07:36:24,SENSOR,SYS,0,0,14,92
2026-05-22T07:36:28,SYSTEM,WEB,0,0,1,0
2026-05-22T07:36:55,SENSOR,SYS,0,0,14,92
2026-05-22T07:37:09,SYSTEM,SYS,0,0,7,102
2026-05-22T07:37:09,SYSTEM,SYS,0,0,8,8153
2026-05-22T07:37:09,SYSTEM,SYS,0,0,12,31
2026-05-22T07:37:25,SENSOR,SYS,0,0,14,92
2026-05-22T07:37:56,SENSOR,SYS,0,0,14,92
2026-05-22T07:38:09,SYSTEM,SYS,0,0,7,102
2026-05-22T07:38:09,SYSTEM,SYS,0,0,8,8153
2026-05-22T07:38:09,SYSTEM,SYS,0,0,12,31
2026-05-22T07:38:26,SENSOR,SYS,0,0,14,92
2026-05-22T07:38:29,SYSTEM,WEB,0,0,1,0
2026-05-22T07:38:56,SENSOR,SYS,0,0,14,92
2026-05-22T07:39:09,SYSTEM,SYS,0,0,7,102
2026-05-22T07:39:09,SYSTEM,SYS,0,0,8,8153
2026-05-22T07:39:09,SYSTEM,SYS,0,0,12,31
2026-05-22T07:39:27,SENSOR,SYS,0,0,14,92
2026-05-22T07:39:57,SENSOR,SYS,0,0,15,92
2026-05-22T07:40:09,SYSTEM,SYS,0,0,7,102
2026-05-22T07:40:09,SYSTEM,SYS,0,0,8,8153
2026-05-22T07:40:09,SYSTEM,SYS,0,0,12,31
2026-05-22T07:40:27,SENSOR,SYS,0,0,15,92
2026-05-22T07:40:29,SYSTEM,WEB,0,0,1,0
2026-05-22T07:40:57,SENSOR,SYS,0,0,15,92
2026-05-22T07:41:09,SYSTEM,SYS,0,0,7,102
2026-05-22T07:41:09,SYSTEM,SYS,0,0,8,8153
2026-05-22T07:41:09,SYSTEM,SYS,0,0,12,31
2026-05-22T07:41:28,SENSOR,SYS,0,0,15,92
2026-05-22T07:41:58,SENSOR,SYS,0,0,15,92
2026-05-22T07:42:09,SYSTEM,SYS,0,0,7,102
2026-05-22T07:42:09,SYSTEM,SYS,0,0,8,8153
2026-05-22T07:42:09,SYSTEM,SYS,0,0,12,31
2026-05-22T07:42:29,SENSOR,SYS,0,0,15,92
2026-05-22T07:42:31,SYSTEM,WEB,0,0,1,0
2026-05-22T07:42:59,SENSOR,SYS,0,0,15,92
2026-05-22T07:43:10,SYSTEM,SYS,0,0,7,102
2026-05-22T07:43:10,SYSTEM,SYS,0,0,8,8153
2026-05-22T07:43:10,SYSTEM,SYS,0,0,12,31
2026-05-22T07:43:29,SENSOR,SYS,0,0,15,91
2026-05-22T07:43:59,SENSOR,SYS,0,0,15,91
2026-05-22T07:44:09,SYSTEM,SYS,0,0,7,102
2026-05-22T07:44:09,SYSTEM,SYS,0,0,8,8153
2026-05-22T07:44:09,SYSTEM,SYS,0,0,12,31
2026-05-22T07:44:30,SENSOR,SYS,0,0,15,91
2026-05-22T07:44:31,SYSTEM,WEB,0,0,1,0
2026-05-22T07:45:00,SENSOR,SYS,0,0,15,91
2026-05-22T07:45:09,SYSTEM,SYS,0,0,7,102
2026-05-22T07:45:09,SYSTEM,SYS,0,0,8,8153
2026-05-22T07:45:09,SYSTEM,SYS,0,0,12,31
2026-05-22T07:45:30,SENSOR,SYS,0,0,15,91
2026-05-22T07:46:00,SENSOR,SYS,0,0,15,91
2026-05-22T07:46:09,SYSTEM,SYS,0,0,7,102
2026-05-22T07:46:09,SYSTEM,SYS,0,0,8,8153
2026-05-22T07:46:09,SYSTEM,SYS,0,0,12,31
2026-05-22T07:46:31,SENSOR,SYS,0,0,15,91
2026-05-22T07:46:32,SYSTEM,WEB,0,0,1,0
2026-05-22T07:47:01,SENSOR,SYS,0,0,15,91
2026-05-22T07:47:09,SYSTEM,SYS,0,0,7,102
2026-05-22T07:47:09,SYSTEM,SYS,0,0,8,8153
2026-05-22T07:47:09,SYSTEM,SYS,0,0,12,31
2026-05-22T07:47:32,SENSOR,SYS,0,0,15,91
2026-05-22T07:48:02,SENSOR,SYS,0,0,15,91
2026-05-22T07:48:09,SYSTEM,SYS,0,0,7,102
2026-05-22T07:48:09,SYSTEM,SYS,0,0,8,8153
2026-05-22T07:48:09,SYSTEM,SYS,0,0,12,31
2026-05-22T07:48:32,SENSOR,SYS,0,0,15,91
2026-05-22T07:48:33,SYSTEM,WEB,0,0,1,0
2026-05-22T07:49:02,SENSOR,SYS,0,0,15,91
2026-05-22T07:49:09,SYSTEM,SYS,0,0,7,102
2026-05-22T07:49:09,SYSTEM,SYS,0,0,8,8153
2026-05-22T07:49:09,SYSTEM,SYS,0,0,12,31
2026-05-22T07:49:33,SENSOR,SYS,0,0,15,90
2026-05-22T07:50:03,SENSOR,SYS,0,0,15,90
2026-05-22T07:50:09,SYSTEM,SYS,0,0,7,102
2026-05-22T07:50:09,SYSTEM,SYS,0,0,8,8153
2026-05-22T07:50:09,SYSTEM,SYS,0,0,12,31
2026-05-22T07:50:33,SYSTEM,WEB,0,0,1,0
2026-05-22T07:50:34,SENSOR,SYS,0,0,15,90
2026-05-22T07:51:04,SENSOR,SYS,0,0,16,90
2026-05-22T07:51:09,SYSTEM,SYS,0,0,7,102
2026-05-22T07:51:09,SYSTEM,SYS,0,0,8,8153
2026-05-22T07:51:09,SYSTEM,SYS,0,0,12,31
2026-05-22T07:51:34,SENSOR,SYS,0,0,16,90
2026-05-22T07:52:04,SENSOR,SYS,0,0,16,90
2026-05-22T07:52:09,SYSTEM,SYS,0,0,7,102
2026-05-22T07:52:09,SYSTEM,SYS,0,0,8,8153
2026-05-22T07:52:09,SYSTEM,SYS,0,0,12,31
2026-05-22T07:52:34,SYSTEM,WEB,0,0,1,0
2026-05-22T07:52:35,SENSOR,SYS,0,0,16,90
2026-05-22T07:53:05,SENSOR,SYS,0,0,16,90
2026-05-22T07:53:09,SYSTEM,SYS,0,0,7,102
2026-05-22T07:53:09,SYSTEM,SYS,0,0,8,8153
2026-05-22T07:53:09,SYSTEM,SYS,0,0,12,31
2026-05-22T07:53:35,SENSOR,SYS,0,0,16,90
2026-05-22T07:54:06,SENSOR,SYS,0,0,16,90
2026-05-22T07:54:09,SYSTEM,SYS,0,0,7,102
2026-05-22T07:54:09,SYSTEM,SYS,0,0,8,8153
2026-05-22T07:54:09,SYSTEM,SYS,0,0,12,31
2026-05-22T07:54:35,SYSTEM,WEB,0,0,1,0
2026-05-22T07:54:36,SENSOR,SYS,0,0,16,90
2026-05-22T07:55:06,SENSOR,SYS,0,0,17,90
2026-05-22T07:55:09,SYSTEM,SYS,0,0,7,102
2026-05-22T07:55:09,SYSTEM,SYS,0,0,8,8153
2026-05-22T07:55:09,SYSTEM,SYS,0,0,12,31
2026-05-22T07:55:36,SENSOR,SYS,0,0,17,90
2026-05-22T07:56:07,SENSOR,SYS,0,0,17,89
2026-05-22T07:56:09,SYSTEM,SYS,0,0,7,102
2026-05-22T07:56:09,SYSTEM,SYS,0,0,8,8153
2026-05-22T07:56:09,SYSTEM,SYS,0,0,12,31
2026-05-22T07:56:35,SYSTEM,WEB,0,0,1,0
2026-05-22T07:56:37,SENSOR,SYS,0,0,17,89
2026-05-22T07:57:08,SENSOR,SYS,0,0,17,89
2026-05-22T07:57:09,SYSTEM,SYS,0,0,7,102
2026-05-22T07:57:10,SYSTEM,SYS,0,0,8,8153
2026-05-22T07:57:10,SYSTEM,SYS,0,0,12,31
2026-05-22T07:57:38,SENSOR,SYS,0,0,17,89
2026-05-22T07:58:08,SENSOR,SYS,0,0,17,89
2026-05-22T07:58:09,SYSTEM,SYS,0,0,7,102
2026-05-22T07:58:09,SYSTEM,SYS,0,0,8,8153
2026-05-22T07:58:09,SYSTEM,SYS,0,0,12,31
2026-05-22T07:58:36,SYSTEM,WEB,0,0,1,0
2026-05-22T07:58:38,SENSOR,SYS,0,0,17,89
2026-05-22T07:59:09,SENSOR,SYS,0,0,17,89
2026-05-22T07:59:09,SYSTEM,SYS,0,0,7,102
2026-05-22T07:59:09,SYSTEM,SYS,0,0,8,8153
2026-05-22T07:59:09,SYSTEM,SYS,0,0,12,31
2026-05-22T07:59:39,SENSOR,SYS,0,0,17,89
2026-05-22T08:00:09,SYSTEM,SYS,0,0,7,102
2026-05-22T08:00:09,SYSTEM,SYS,0,0,8,8153
2026-05-22T08:00:09,SYSTEM,SYS,0,0,12,31
2026-05-22T08:00:09,SENSOR,SYS,0,0,17,89
2026-05-22T08:00:36,SYSTEM,WEB,0,0,1,0
2026-05-22T08:00:39,SENSOR,SYS,0,0,17,89
2026-05-22T08:01:09,SYSTEM,SYS,0,0,7,102
2026-05-22T08:01:09,SYSTEM,SYS,0,0,8,8153
2026-05-22T08:01:09,SYSTEM,SYS,0,0,12,31
2026-05-22T08:01:10,SENSOR,SYS,0,0,17,89
2026-05-22T08:01:40,SENSOR,SYS,0,0,17,89
2026-05-22T08:02:09,SYSTEM,SYS,0,0,7,102
2026-05-22T08:02:09,SYSTEM,SYS,0,0,8,8153
2026-05-22T08:02:09,SYSTEM,SYS,0,0,12,31
2026-05-22T08:02:11,SENSOR,SYS,0,0,17,89
2026-05-22T08:02:38,SYSTEM,WEB,0,0,1,0
2026-05-22T08:02:41,SENSOR,SYS,0,0,17,89
2026-05-22T08:03:09,SYSTEM,SYS,0,0,7,102
2026-05-22T08:03:09,SYSTEM,SYS,0,0,8,8153
2026-05-22T08:03:09,SYSTEM,SYS,0,0,12,31
2026-05-22T08:03:11,SENSOR,SYS,0,0,17,89
2026-05-22T08:03:41,SENSOR,SYS,0,0,17,89
2026-05-22T08:04:09,SYSTEM,SYS,0,0,7,102
2026-05-22T08:04:09,SYSTEM,SYS,0,0,8,8153
2026-05-22T08:04:09,SYSTEM,SYS,0,0,12,31
2026-05-22T08:04:12,SENSOR,SYS,0,0,17,89
2026-05-22T08:04:38,SYSTEM,WEB,0,0,1,0
2026-05-22T08:04:42,SENSOR,SYS,0,0,17,89
2026-05-22T08:05:10,SYSTEM,SYS,0,0,7,102
2026-05-22T08:05:10,SYSTEM,SYS,0,0,8,8153
2026-05-22T08:05:10,SYSTEM,SYS,0,0,12,31
2026-05-22T08:05:13,SENSOR,SYS,0,0,17,89
2026-05-22T08:05:43,SENSOR,SYS,0,0,17,89
2026-05-22T08:06:09,SYSTEM,SYS,0,0,7,102
2026-05-22T08:06:09,SYSTEM,SYS,0,0,8,8153
2026-05-22T08:06:09,SYSTEM,SYS,0,0,12,31
2026-05-22T08:06:13,SENSOR,SYS,0,0,17,89
2026-05-22T08:06:39,SYSTEM,WEB,0,0,1,0
2026-05-22T08:06:43,SENSOR,SYS,0,0,17,89
2026-05-22T08:07:09,SYSTEM,SYS,0,0,7,102
2026-05-22T08:07:09,SYSTEM,SYS,0,0,8,8153
2026-05-22T08:07:09,SYSTEM,SYS,0,0,12,31
2026-05-22T08:07:14,SENSOR,SYS,0,0,17,89
2026-05-22T08:07:44,SENSOR,SYS,0,0,17,89
2026-05-22T08:08:09,SYSTEM,SYS,0,0,7,102
2026-05-22T08:08:09,SYSTEM,SYS,0,0,8,8153
2026-05-22T08:08:09,SYSTEM,SYS,0,0,12,31
2026-05-22T08:08:14,SENSOR,SYS,0,0,17,89
2026-05-22T08:08:39,SYSTEM,WEB,0,0,1,0
2026-05-22T08:08:44,SENSOR,SYS,0,0,17,89
2026-05-22T08:09:09,SYSTEM,SYS,0,0,7,102
2026-05-22T08:09:09,SYSTEM,SYS,0,0,8,8153
2026-05-22T08:09:09,SYSTEM,SYS,0,0,12,31
2026-05-22T08:09:15,SENSOR,SYS,0,0,17,89
2026-05-22T08:09:45,SENSOR,SYS,0,0,17,89
2026-05-22T08:10:09,SYSTEM,SYS,0,0,7,102
2026-05-22T08:10:09,SYSTEM,SYS,0,0,8,8153
2026-05-22T08:10:09,SYSTEM,SYS,0,0,12,31
2026-05-22T08:10:15,SENSOR,SYS,0,0,17,89
2026-05-22T08:10:40,SYSTEM,WEB,0,0,1,0
2026-05-22T08:10:46,SENSOR,SYS,0,0,17,88
2026-05-22T08:11:09,SYSTEM,SYS,0,0,7,102
2026-05-22T08:11:09,SYSTEM,SYS,0,0,8,8153
2026-05-22T08:11:09,SYSTEM,SYS,0,0,12,31
2026-05-22T08:11:16,SENSOR,SYS,0,0,17,88
2026-05-22T08:11:47,SENSOR,SYS,0,0,17,88
2026-05-22T08:12:09,SYSTEM,SYS,0,0,7,102
2026-05-22T08:12:09,SYSTEM,SYS,0,0,8,8153
2026-05-22T08:12:09,SYSTEM,SYS,0,0,12,31
2026-05-22T08:12:17,SENSOR,SYS,0,0,17,88
2026-05-22T08:12:41,SYSTEM,WEB,0,0,1,0
2026-05-22T08:12:47,SENSOR,SYS,0,0,18,88
2026-05-22T08:13:09,SYSTEM,SYS,0,0,7,102
2026-05-22T08:13:09,SYSTEM,SYS,0,0,8,8153
2026-05-22T08:13:09,SYSTEM,SYS,0,0,12,31
2026-05-22T08:13:17,SENSOR,SYS,0,0,18,88
2026-05-22T08:13:48,SENSOR,SYS,0,0,18,88
2026-05-22T08:14:09,SYSTEM,SYS,0,0,7,102
2026-05-22T08:14:09,SYSTEM,SYS,0,0,8,8153
2026-05-22T08:14:09,SYSTEM,SYS,0,0,12,31
2026-05-22T08:14:18,SENSOR,SYS,0,0,18,88
2026-05-22T08:14:43,SYSTEM,WEB,0,0,1,0
2026-05-22T08:14:49,SENSOR,SYS,0,0,18,88
2026-05-22T08:15:10,SYSTEM,SYS,0,0,7,102
2026-05-22T08:15:10,SYSTEM,SYS,0,0,8,8153
2026-05-22T08:15:10,SYSTEM,SYS,0,0,12,31
2026-05-22T08:15:19,SENSOR,SYS,0,0,18,88
2026-05-22T08:15:49,SENSOR,SYS,0,0,18,88
2026-05-22T08:16:09,SYSTEM,SYS,0,0,7,102
2026-05-22T08:16:09,SYSTEM,SYS,0,0,8,8153
2026-05-22T08:16:09,SYSTEM,SYS,0,0,12,31
2026-05-22T08:16:19,SENSOR,SYS,0,0,18,88
2026-05-22T08:16:43,SYSTEM,WEB,0,0,1,0
2026-05-22T08:16:50,SENSOR,SYS,0,0,18,88
2026-05-22T08:17:09,SYSTEM,SYS,0,0,7,102
2026-05-22T08:17:09,SYSTEM,SYS,0,0,8,8153
2026-05-22T08:17:09,SYSTEM,SYS,0,0,12,31
2026-05-22T08:17:20,SENSOR,SYS,0,0,18,88
2026-05-22T08:17:50,SENSOR,SYS,0,0,18,88
2026-05-22T08:18:09,SYSTEM,SYS,0,0,7,102
2026-05-22T08:18:09,SYSTEM,SYS,0,0,8,8153
2026-05-22T08:18:09,SYSTEM,SYS,0,0,12,31
2026-05-22T08:18:20,SENSOR,SYS,0,0,18,88
2026-05-22T08:18:44,SYSTEM,WEB,0,0,1,0
2026-05-22T08:18:51,SENSOR,SYS,0,0,18,88
2026-05-22T08:19:09,SYSTEM,SYS,0,0,7,102
2026-05-22T08:19:09,SYSTEM,SYS,0,0,8,8153
2026-05-22T08:19:09,SYSTEM,SYS,0,0,12,31
2026-05-22T08:19:21,SENSOR,SYS,0,0,18,87
2026-05-22T08:19:52,SENSOR,SYS,0,0,18,87
2026-05-22T08:20:09,SYSTEM,SYS,0,0,7,102
2026-05-22T08:20:09,SYSTEM,SYS,0,0,8,8153
2026-05-22T08:20:09,SYSTEM,SYS,0,0,12,31
2026-05-22T08:20:22,SENSOR,SYS,0,0,18,87
2026-05-22T08:20:44,SYSTEM,WEB,0,0,1,0
2026-05-22T08:20:52,SENSOR,SYS,0,0,19,87
2026-05-22T08:21:09,SYSTEM,SYS,0,0,7,102
2026-05-22T08:21:09,SYSTEM,SYS,0,0,8,8153
2026-05-22T08:21:09,SYSTEM,SYS,0,0,12,31
2026-05-22T08:21:22,SENSOR,SYS,0,0,19,87
2026-05-22T08:21:53,SENSOR,SYS,0,0,19,87
2026-05-22T08:22:09,SYSTEM,SYS,0,0,7,102
2026-05-22T08:22:09,SYSTEM,SYS,0,0,8,8153
2026-05-22T08:22:09,SYSTEM,SYS,0,0,12,31
2026-05-22T08:22:23,SENSOR,SYS,0,0,19,87
2026-05-22T08:22:46,SYSTEM,WEB,0,0,1,0
2026-05-22T08:22:54,SENSOR,SYS,0,0,19,87
2026-05-22T08:23:10,SYSTEM,SYS,0,0,7,102
2026-05-22T08:23:10,SYSTEM,SYS,0,0,8,8153
2026-05-22T08:23:10,SYSTEM,SYS,0,0,12,31
2026-05-22T08:23:24,SENSOR,SYS,0,0,19,87
2026-05-22T08:23:54,SENSOR,SYS,0,0,19,87
2026-05-22T08:24:09,SYSTEM,SYS,0,0,7,102
2026-05-22T08:24:09,SYSTEM,SYS,0,0,8,8153
2026-05-22T08:24:09,SYSTEM,SYS,0,0,12,31
2026-05-22T08:24:24,SENSOR,SYS,0,0,19,87
2026-05-22T08:24:46,SYSTEM,WEB,0,0,1,0
2026-05-22T08:24:54,SENSOR,SYS,0,0,19,87
2026-05-22T08:25:09,SYSTEM,SYS,0,0,7,102
2026-05-22T08:25:09,SYSTEM,SYS,0,0,8,8153
2026-05-22T08:25:09,SYSTEM,SYS,0,0,12,31
2026-05-22T08:25:25,SENSOR,SYS,0,0,19,87
2026-05-22T08:25:55,SENSOR,SYS,0,0,19,87
2026-05-22T08:26:09,SYSTEM,SYS,0,0,7,102
2026-05-22T08:26:09,SYSTEM,SYS,0,0,8,8153
2026-05-22T08:26:09,SYSTEM,SYS,0,0,12,31
2026-05-22T08:26:26,SENSOR,SYS,0,0,19,87
2026-05-22T08:26:47,SYSTEM,WEB,0,0,1,0
2026-05-22T08:26:56,SENSOR,SYS,0,0,19,87
2026-05-22T08:27:09,SYSTEM,SYS,0,0,7,102
2026-05-22T08:27:09,SYSTEM,SYS,0,0,8,8153
2026-05-22T08:27:09,SYSTEM,SYS,0,0,12,31
2026-05-22T08:27:26,SENSOR,SYS,0,0,19,87
2026-05-22T08:27:56,SENSOR,SYS,0,0,19,87
2026-05-22T08:28:09,SYSTEM,SYS,0,0,7,102
2026-05-22T08:28:09,SYSTEM,SYS,0,0,8,8153
2026-05-22T08:28:09,SYSTEM,SYS,0,0,12,31
2026-05-22T08:28:27,SENSOR,SYS,0,0,19,87
2026-05-22T08:28:48,SYSTEM,WEB,0,0,1,0
2026-05-22T08:28:57,SENSOR,SYS,0,0,19,87
2026-05-22T08:29:09,SYSTEM,SYS,0,0,7,102
2026-05-22T08:29:09,SYSTEM,SYS,0,0,8,8153
2026-05-22T08:29:09,SYSTEM,SYS,0,0,12,31
2026-05-22T08:29:28,SENSOR,SYS,0,0,19,86
2026-05-22T08:29:58,SENSOR,SYS,0,0,19,86
2026-05-22T08:30:09,SYSTEM,SYS,0,0,7,102
2026-05-22T08:30:10,SYSTEM,SYS,0,0,8,8153
2026-05-22T08:30:10,SYSTEM,SYS,0,0,12,31
2026-05-22T08:30:28,SENSOR,SYS,0,0,19,86
2026-05-22T08:30:49,SYSTEM,WEB,0,0,1,0
2026-05-22T08:30:58,SENSOR,SYS,0,0,20,86
2026-05-22T08:31:09,SYSTEM,SYS,0,0,7,102
2026-05-22T08:31:09,SYSTEM,SYS,0,0,8,8153
2026-05-22T08:31:09,SYSTEM,SYS,0,0,12,31
2026-05-22T08:31:29,SENSOR,SYS,0,0,20,86
2026-05-22T08:31:42,SENSOR,SYS,0,0,20,86
2026-05-22T08:31:52,SYSTEM,SYS,0,0,7,102
2026-05-22T08:31:52,SYSTEM,SYS,0,0,8,8153
2026-05-22T08:31:52,SYSTEM,SYS,0,0,12,31
2026-05-22T08:32:29,SENSOR,SYS,0,0,20,86
2026-05-22T08:32:49,SYSTEM,WEB,0,0,1,0
2026-05-22T08:32:59,SENSOR,SYS,0,0,20,86
2026-05-22T08:33:09,SYSTEM,SYS,0,0,7,102
2026-05-22T08:33:09,SYSTEM,SYS,0,0,8,8153
2026-05-22T08:33:09,SYSTEM,SYS,0,0,12,31
2026-05-22T08:33:30,SENSOR,SYS,0,0,20,86
2026-05-22T08:34:00,SENSOR,SYS,0,0,20,86
2026-05-22T08:34:09,SYSTEM,SYS,0,0,7,102
2026-05-22T08:34:09,SYSTEM,SYS,0,0,8,8153
2026-05-22T08:34:09,SYSTEM,SYS,0,0,12,31
2026-05-22T08:34:31,SENSOR,SYS,0,0,20,86
2026-05-22T08:34:50,SYSTEM,WEB,0,0,1,0
2026-05-22T08:35:01,SENSOR,SYS,0,0,20,86
2026-05-22T08:35:09,SYSTEM,SYS,0,0,7,102
2026-05-22T08:35:09,SYSTEM,SYS,0,0,8,8153
2026-05-22T08:35:09,SYSTEM,SYS,0,0,12,31
2026-05-22T08:35:31,SENSOR,SYS,0,0,20,86
2026-05-22T08:36:01,SENSOR,SYS,0,0,20,86
2026-05-22T08:36:09,SYSTEM,SYS,0,0,7,102
2026-05-22T08:36:09,SYSTEM,SYS,0,0,8,8153
2026-05-22T08:36:09,SYSTEM,SYS,0,0,12,31
2026-05-22T08:36:32,SENSOR,SYS,0,0,20,86
2026-05-22T08:36:51,SYSTEM,WEB,0,0,1,0
2026-05-22T08:37:02,SENSOR,SYS,0,0,20,86
2026-05-22T08:37:10,SYSTEM,SYS,0,0,7,102
2026-05-22T08:37:10,SYSTEM,SYS,0,0,8,8153
2026-05-22T08:37:10,SYSTEM,SYS,0,0,12,31
2026-05-22T08:37:33,SENSOR,SYS,0,0,20,86
2026-05-22T08:38:03,SENSOR,SYS,0,0,20,86
2026-05-22T08:38:09,SYSTEM,SYS,0,0,7,102
2026-05-22T08:38:09,SYSTEM,SYS,0,0,8,8153
2026-05-22T08:38:09,SYSTEM,SYS,0,0,12,31
2026-05-22T08:38:33,SENSOR,SYS,0,0,20,86
2026-05-22T08:38:51,SYSTEM,WEB,0,0,1,0
2026-05-22T08:39:03,SENSOR,SYS,0,0,20,86
2026-05-22T08:39:09,SYSTEM,SYS,0,0,7,102
2026-05-22T08:39:09,SYSTEM,SYS,0,0,8,8153
2026-05-22T08:39:09,SYSTEM,SYS,0,0,12,31
2026-05-22T08:39:34,SENSOR,SYS,0,0,20,85
2026-05-22T08:40:04,SENSOR,SYS,0,0,20,85
2026-05-22T08:40:09,SYSTEM,SYS,0,0,7,102
2026-05-22T08:40:09,SYSTEM,SYS,0,0,8,8153
2026-05-22T08:40:09,SYSTEM,SYS,0,0,12,31
2026-05-22T08:40:34,SENSOR,SYS,0,0,20,85
2026-05-22T08:40:52,SYSTEM,WEB,0,0,1,0
2026-05-22T08:41:05,SENSOR,SYS,0,0,21,85
2026-05-22T08:41:09,SYSTEM,SYS,0,0,7,102
2026-05-22T08:41:09,SYSTEM,SYS,0,0,8,8153
2026-05-22T08:41:09,SYSTEM,SYS,0,0,12,31
2026-05-22T08:41:35,SENSOR,SYS,0,0,21,84
2026-05-22T08:42:05,SENSOR,SYS,0,0,21,84
2026-05-22T08:42:09,SYSTEM,SYS,0,0,7,102
2026-05-22T08:42:09,SYSTEM,SYS,0,0,8,8153
2026-05-22T08:42:09,SYSTEM,SYS,0,0,12,31
2026-05-22T08:42:35,SENSOR,SYS,0,0,22,83
2026-05-22T08:42:54,SYSTEM,WEB,0,0,1,0
2026-05-22T08:43:06,SENSOR,SYS,0,0,22,83
2026-05-22T08:43:09,SYSTEM,SYS,0,0,7,102
2026-05-22T08:43:09,SYSTEM,SYS,0,0,8,8153
2026-05-22T08:43:09,SYSTEM,SYS,0,0,12,31
2026-05-22T08:43:36,SENSOR,SYS,0,0,22,83
2026-05-22T08:44:07,SENSOR,SYS,0,0,22,82
2026-05-22T08:44:09,SYSTEM,SYS,0,0,7,102
2026-05-22T08:44:09,SYSTEM,SYS,0,0,8,8153
2026-05-22T08:44:09,SYSTEM,SYS,0,0,12,31
2026-05-22T08:44:37,SENSOR,SYS,0,0,23,82
2026-05-22T08:44:54,SYSTEM,WEB,0,0,1,0
2026-05-22T08:45:07,SENSOR,SYS,0,0,23,81
2026-05-22T08:45:09,SYSTEM,SYS,0,0,7,102
2026-05-22T08:45:09,SYSTEM,SYS,0,0,8,8153
2026-05-22T08:45:09,SYSTEM,SYS,0,0,12,31
2026-05-22T08:45:37,SENSOR,SYS,0,0,23,81
2026-05-22T08:46:08,SENSOR,SYS,0,0,23,80
2026-05-22T08:46:09,SYSTEM,SYS,0,0,7,102
2026-05-22T08:46:09,SYSTEM,SYS,0,0,8,8153
2026-05-22T08:46:09,SYSTEM,SYS,0,0,12,31
2026-05-22T08:46:38,SENSOR,SYS,0,0,23,80
2026-05-22T08:46:55,SYSTEM,WEB,0,0,1,0
2026-05-22T08:47:09,SENSOR,SYS,0,0,23,79
2026-05-22T08:47:10,SYSTEM,SYS,0,0,7,102
2026-05-22T08:47:10,SYSTEM,SYS,0,0,8,8153
2026-05-22T08:47:10,SYSTEM,SYS,0,0,12,31
2026-05-22T08:47:39,SENSOR,SYS,0,0,23,79
2026-05-22T08:48:09,SENSOR,SYS,0,0,23,78
2026-05-22T08:48:09,SYSTEM,SYS,0,0,7,102
2026-05-22T08:48:09,SYSTEM,SYS,0,0,8,8153
2026-05-22T08:48:09,SYSTEM,SYS,0,0,12,31
2026-05-22T08:48:39,SENSOR,SYS,0,0,23,78
2026-05-22T08:48:56,SYSTEM,WEB,0,0,1,0
2026-05-22T08:49:09,SYSTEM,SYS,0,0,7,102
2026-05-22T08:49:09,SYSTEM,SYS,0,0,8,8153
2026-05-22T08:49:09,SYSTEM,SYS,0,0,12,31
2026-05-22T08:49:10,SENSOR,SYS,0,0,23,77
2026-05-22T08:49:40,SENSOR,SYS,0,0,23,77
2026-05-22T08:50:09,SYSTEM,SYS,0,0,7,102
2026-05-22T08:50:09,SYSTEM,SYS,0,0,8,8153
2026-05-22T08:50:09,SYSTEM,SYS,0,0,12,31
2026-05-22T08:50:10,SENSOR,SYS,0,0,23,77
2026-05-22T08:50:40,SENSOR,SYS,0,0,23,78
2026-05-22T08:50:56,SYSTEM,WEB,0,0,1,0
2026-05-22T08:51:09,SYSTEM,SYS,0,0,7,102
2026-05-22T08:51:09,SYSTEM,SYS,0,0,8,8153
2026-05-22T08:51:09,SYSTEM,SYS,0,0,12,31
2026-05-22T08:51:11,SENSOR,SYS,0,0,23,78
2026-05-22T08:51:41,SENSOR,SYS,0,0,23,78
2026-05-22T08:52:09,SYSTEM,SYS,0,0,7,102
2026-05-22T08:52:09,SYSTEM,SYS,0,0,8,8153
2026-05-22T08:52:09,SYSTEM,SYS,0,0,12,31
2026-05-22T08:52:12,SENSOR,SYS,0,0,23,79
2026-05-22T08:52:42,SENSOR,SYS,0,0,22,79
2026-05-22T08:52:57,SYSTEM,WEB,0,0,1,0
2026-05-22T08:53:09,SYSTEM,SYS,0,0,7,102
2026-05-22T08:53:09,SYSTEM,SYS,0,0,8,8153
2026-05-22T08:53:09,SYSTEM,SYS,0,0,12,31
2026-05-22T08:53:12,SENSOR,SYS,0,0,22,80
2026-05-22T08:53:42,SENSOR,SYS,0,0,22,80
2026-05-22T08:54:09,SYSTEM,SYS,0,0,7,102
2026-05-22T08:54:09,SYSTEM,SYS,0,0,8,8153
2026-05-22T08:54:09,SYSTEM,SYS,0,0,12,31
2026-05-22T08:54:13,SENSOR,SYS,0,0,22,80
2026-05-22T08:54:43,SENSOR,SYS,0,0,22,81
2026-05-22T08:54:58,SYSTEM,WEB,0,0,1,0
2026-05-22T08:55:09,SYSTEM,SYS,0,0,7,102
2026-05-22T08:55:09,SYSTEM,SYS,0,0,8,8153
2026-05-22T08:55:09,SYSTEM,SYS,0,0,12,31
2026-05-22T08:55:13,SENSOR,SYS,0,0,22,81
2026-05-22T08:55:44,SENSOR,SYS,0,0,22,82
2026-05-22T08:56:09,SYSTEM,SYS,0,0,7,102
2026-05-22T08:56:09,SYSTEM,SYS,0,0,8,8153
2026-05-22T08:56:09,SYSTEM,SYS,0,0,12,31
2026-05-22T08:56:14,SENSOR,SYS,0,0,21,82
2026-05-22T08:56:45,SENSOR,SYS,0,0,21,82
2026-05-22T08:56:59,SYSTEM,WEB,0,0,1,0
2026-05-22T08:57:10,SYSTEM,SYS,0,0,7,102
2026-05-22T08:57:10,SYSTEM,SYS,0,0,8,8153
2026-05-22T08:57:10,SYSTEM,SYS,0,0,12,31
2026-05-22T08:57:15,SENSOR,SYS,0,0,21,83
2026-05-22T08:57:45,SENSOR,SYS,0,0,21,83
2026-05-22T08:58:09,SYSTEM,SYS,0,0,7,102
2026-05-22T08:58:09,SYSTEM,SYS,0,0,8,8153
2026-05-22T08:58:09,SYSTEM,SYS,0,0,12,31
2026-05-22T08:58:15,SENSOR,SYS,0,0,21,83
2026-05-22T08:58:46,SENSOR,SYS,0,0,21,84
2026-05-22T08:59:00,SYSTEM,WEB,0,0,1,0
2026-05-22T08:59:09,SYSTEM,SYS,0,0,7,102
2026-05-22T08:59:09,SYSTEM,SYS,0,0,8,8153
2026-05-22T08:59:09,SYSTEM,SYS,0,0,12,31
2026-05-22T08:59:16,SENSOR,SYS,0,0,21,84
2026-05-22T08:59:46,SENSOR,SYS,0,0,22,84
2026-05-22T09:00:09,SYSTEM,SYS,0,0,7,102
2026-05-22T09:00:09,SYSTEM,SYS,0,0,8,8153
2026-05-22T09:00:09,SYSTEM,SYS,0,0,12,31
2026-05-22T09:00:16,SENSOR,SYS,0,0,22,84
2026-05-22T09:00:47,SENSOR,SYS,0,0,22,84
2026-05-22T09:01:01,SYSTEM,WEB,0,0,1,0
2026-05-22T09:01:09,SYSTEM,SYS,0,0,7,102
2026-05-22T09:01:09,SYSTEM,SYS,0,0,8,8153
2026-05-22T09:01:09,SYSTEM,SYS,0,0,12,31
2026-05-22T09:01:17,SENSOR,SYS,0,0,22,84
2026-05-22T09:01:48,SENSOR,SYS,0,0,22,84
2026-05-22T09:02:10,SYSTEM,SYS,0,0,7,102
2026-05-22T09:02:10,SYSTEM,SYS,0,0,8,8153
2026-05-22T09:02:10,SYSTEM,SYS,0,0,12,31
2026-05-22T09:02:18,SENSOR,SYS,0,0,22,84
2026-05-22T09:02:48,SENSOR,SYS,0,0,23,84
2026-05-22T09:03:01,SYSTEM,WEB,0,0,1,0
2026-05-22T09:03:09,SYSTEM,SYS,0,0,7,102
2026-05-22T09:03:09,SYSTEM,SYS,0,0,8,8153
2026-05-22T09:03:09,SYSTEM,SYS,0,0,12,31
2026-05-22T09:03:18,SENSOR,SYS,0,0,23,84
2026-05-22T09:03:49,SENSOR,SYS,0,0,23,84
2026-05-22T09:04:09,SYSTEM,SYS,0,0,7,102
2026-05-22T09:04:09,SYSTEM,SYS,0,0,8,8153
2026-05-22T09:04:09,SYSTEM,SYS,0,0,12,31
2026-05-22T09:04:19,SENSOR,SYS,0,0,23,84
2026-05-22T09:04:50,SENSOR,SYS,0,0,23,84
2026-05-22T09:05:03,SYSTEM,WEB,0,0,1,0
2026-05-22T09:05:10,SYSTEM,SYS,0,0,7,102
2026-05-22T09:05:10,SYSTEM,SYS,0,0,8,8153
2026-05-22T09:05:10,SYSTEM,SYS,0,0,12,31
2026-05-22T09:05:20,SENSOR,SYS,0,0,23,84
2026-05-22T09:05:50,SENSOR,SYS,0,0,23,84
2026-05-22T09:06:09,SYSTEM,SYS,0,0,7,102
2026-05-22T09:06:09,SYSTEM,SYS,0,0,8,8153
2026-05-22T09:06:09,SYSTEM,SYS,0,0,12,31
2026-05-22T09:06:20,SENSOR,SYS,0,0,22,84
2026-05-22T09:06:51,SENSOR,SYS,0,0,22,84
2026-05-22T09:07:03,SYSTEM,WEB,0,0,1,0
2026-05-22T09:07:09,SYSTEM,SYS,0,0,7,102
2026-05-22T09:07:09,SYSTEM,SYS,0,0,8,8153
2026-05-22T09:07:09,SYSTEM,SYS,0,0,12,31
2026-05-22T09:07:21,SENSOR,SYS,0,0,22,84
2026-05-22T09:07:51,SENSOR,SYS,0,0,22,84
2026-05-22T09:08:09,SYSTEM,SYS,0,0,7,102
2026-05-22T09:08:09,SYSTEM,SYS,0,0,8,8153
2026-05-22T09:08:09,SYSTEM,SYS,0,0,12,31
2026-05-22T09:08:21,SENSOR,SYS,0,0,22,83
2026-05-22T09:08:52,SENSOR,SYS,0,0,22,83
2026-05-22T09:09:04,SYSTEM,WEB,0,0,1,0
2026-05-22T09:09:09,SYSTEM,SYS,0,0,7,102
2026-05-22T09:09:09,SYSTEM,SYS,0,0,8,8153
2026-05-22T09:09:09,SYSTEM,SYS,0,0,12,31
2026-05-22T09:09:22,SENSOR,SYS,0,0,23,83
2026-05-22T09:09:53,SENSOR,SYS,0,0,23,83
2026-05-22T09:10:10,SYSTEM,SYS,0,0,7,102
2026-05-22T09:10:10,SYSTEM,SYS,0,0,8,8153
2026-05-22T09:10:10,SYSTEM,SYS,0,0,12,31
2026-05-22T09:10:23,SENSOR,SYS,0,0,24,83
2026-05-22T09:10:53,SENSOR,SYS,0,0,24,83
2026-05-22T09:11:05,SYSTEM,WEB,0,0,1,0
2026-05-22T09:11:09,SYSTEM,SYS,0,0,7,102
2026-05-22T09:11:09,SYSTEM,SYS,0,0,8,8153
2026-05-22T09:11:09,SYSTEM,SYS,0,0,12,31
2026-05-22T09:11:24,SENSOR,SYS,0,0,24,83
2026-05-22T09:11:54,SENSOR,SYS,0,0,24,83
2026-05-22T09:12:10,SYSTEM,SYS,0,0,7,102
2026-05-22T09:12:10,SYSTEM,SYS,0,0,8,8153
2026-05-22T09:12:10,SYSTEM,SYS,0,0,12,31
2026-05-22T09:12:24,SENSOR,SYS,0,0,24,83
2026-05-22T09:12:54,SENSOR,SYS,0,0,24,83
2026-05-22T09:13:05,SYSTEM,WEB,0,0,1,0
2026-05-22T09:13:09,SYSTEM,SYS,0,0,7,102
2026-05-22T09:13:09,SYSTEM,SYS,0,0,8,8153
2026-05-22T09:13:09,SYSTEM,SYS,0,0,12,31
2026-05-22T09:13:25,SENSOR,SYS,0,0,24,83
2026-05-22T09:13:55,SENSOR,SYS,0,0,24,83
2026-05-22T09:14:09,SYSTEM,SYS,0,0,7,102
2026-05-22T09:14:09,SYSTEM,SYS,0,0,8,8153
2026-05-22T09:14:09,SYSTEM,SYS,0,0,12,31
2026-05-22T09:14:25,SENSOR,SYS,0,0,24,83
2026-05-22T09:14:55,SENSOR,SYS,0,0,24,83
2026-05-22T09:15:06,SYSTEM,WEB,0,0,1,0
2026-05-22T09:15:09,SYSTEM,SYS,0,0,7,102
2026-05-22T09:15:09,SYSTEM,SYS,0,0,8,8153
2026-05-22T09:15:09,SYSTEM,SYS,0,0,12,31
2026-05-22T09:15:26,SENSOR,SYS,0,0,24,83
2026-05-22T09:15:56,SENSOR,SYS,0,0,24,83
2026-05-22T09:16:09,SYSTEM,SYS,0,0,7,102
2026-05-22T09:16:09,SYSTEM,SYS,0,0,8,8153
2026-05-22T09:16:09,SYSTEM,SYS,0,0,12,31
2026-05-22T09:16:27,SENSOR,SYS,0,0,24,82
2026-05-22T09:16:57,SENSOR,SYS,0,0,24,82
2026-05-22T09:17:07,SYSTEM,WEB,0,0,1,0
2026-05-22T09:17:09,SYSTEM,SYS,0,0,7,102
2026-05-22T09:17:09,SYSTEM,SYS,0,0,8,8153
2026-05-22T09:17:09,SYSTEM,SYS,0,0,12,31
2026-05-22T09:17:27,SENSOR,SYS,0,0,24,82
2026-05-22T09:17:57,SENSOR,SYS,0,0,24,82
2026-05-22T09:18:09,SYSTEM,SYS,0,0,7,102
2026-05-22T09:18:09,SYSTEM,SYS,0,0,8,8153
2026-05-22T09:18:09,SYSTEM,SYS,0,0,12,31
2026-05-22T09:18:28,SENSOR,SYS,0,0,24,82
2026-05-22T09:18:58,SENSOR,SYS,0,0,24,82
2026-05-22T09:19:08,SYSTEM,WEB,0,0,1,0
2026-05-22T09:19:10,SYSTEM,SYS,0,0,7,102
2026-05-22T09:19:10,SYSTEM,SYS,0,0,8,8153
2026-05-22T09:19:10,SYSTEM,SYS,0,0,12,31
2026-05-22T09:19:29,SENSOR,SYS,0,0,24,82
2026-05-22T09:19:59,SENSOR,SYS,0,0,24,82
2026-05-22T09:20:09,SYSTEM,SYS,0,0,7,102
2026-05-22T09:20:09,SYSTEM,SYS,0,0,8,8153
2026-05-22T09:20:09,SYSTEM,SYS,0,0,12,31
2026-05-22T09:20:29,SENSOR,SYS,0,0,25,82
2026-05-22T09:20:59,SENSOR,SYS,0,0,25,81
2026-05-22T09:21:09,SYSTEM,WEB,0,0,1,0
2026-05-22T09:21:09,SYSTEM,SYS,0,0,7,102
2026-05-22T09:21:09,SYSTEM,SYS,0,0,8,8153
2026-05-22T09:21:09,SYSTEM,SYS,0,0,12,31
2026-05-22T09:21:30,SENSOR,SYS,0,0,25,81
2026-05-22T09:22:00,SENSOR,SYS,0,0,26,80
2026-05-22T09:22:09,SYSTEM,SYS,0,0,7,102
2026-05-22T09:22:09,SYSTEM,SYS,0,0,8,8153
2026-05-22T09:22:09,SYSTEM,SYS,0,0,12,31
2026-05-22T09:22:30,SENSOR,SYS,0,0,26,79
2026-05-22T09:23:00,SENSOR,SYS,0,0,27,79
2026-05-22T09:23:09,SYSTEM,SYS,0,0,7,63
2026-05-22T09:23:09,SYSTEM,SYS,0,0,8,8153
2026-05-22T09:23:09,SYSTEM,SYS,0,0,12,28
2026-05-22T09:23:09,SYSTEM,WEB,0,0,1,0
2026-05-22T09:23:31,SENSOR,SYS,0,0,27,78
2026-05-22T09:24:01,SENSOR,SYS,0,0,27,77
2026-05-22T09:24:09,SYSTEM,SYS,0,0,7,102
2026-05-22T09:24:09,SYSTEM,SYS,0,0,8,8153
2026-05-22T09:24:09,SYSTEM,SYS,0,0,12,31
2026-05-22T09:24:32,SENSOR,SYS,0,0,28,77
2026-05-22T09:25:02,SENSOR,SYS,0,0,28,76
2026-05-22T09:25:09,SYSTEM,SYS,0,0,7,102
2026-05-22T09:25:09,SYSTEM,SYS,0,0,8,8153
2026-05-22T09:25:09,SYSTEM,SYS,0,0,12,31
2026-05-22T09:25:10,SYSTEM,WEB,0,0,1,0
2026-05-22T09:25:32,SENSOR,SYS,0,0,28,75
2026-05-22T09:26:03,SENSOR,SYS,0,0,28,75
2026-05-22T09:26:09,SYSTEM,SYS,0,0,7,102
2026-05-22T09:26:09,SYSTEM,SYS,0,0,8,8153
2026-05-22T09:26:09,SYSTEM,SYS,0,0,12,31
2026-05-22T09:26:33,SENSOR,SYS,0,0,28,74
2026-05-22T09:27:03,SENSOR,SYS,0,0,28,73
2026-05-22T09:27:09,SYSTEM,SYS,0,0,7,102
2026-05-22T09:27:09,SYSTEM,SYS,0,0,8,8153
2026-05-22T09:27:09,SYSTEM,SYS,0,0,12,31
2026-05-22T09:27:11,SYSTEM,WEB,0,0,1,0
2026-05-22T09:27:33,SENSOR,SYS,0,0,28,73
2026-05-22T09:28:04,SENSOR,SYS,0,0,28,72
2026-05-22T09:28:09,SYSTEM,SYS,0,0,7,102
2026-05-22T09:28:09,SYSTEM,SYS,0,0,8,8153
2026-05-22T09:28:09,SYSTEM,SYS,0,0,12,31
2026-05-22T09:28:34,SENSOR,SYS,0,0,28,71
2026-05-22T09:29:05,SENSOR,SYS,0,0,28,71
2026-05-22T09:29:10,SYSTEM,SYS,0,0,7,102
2026-05-22T09:29:10,SYSTEM,SYS,0,0,8,8153
2026-05-22T09:29:10,SYSTEM,SYS,0,0,12,31
2026-05-22T09:29:12,SYSTEM,WEB,0,0,1,0
2026-05-22T09:29:35,SENSOR,SYS,0,0,28,71
2026-05-22T09:30:05,SENSOR,SYS,0,0,28,71
2026-05-22T09:30:09,SYSTEM,SYS,0,0,7,102
2026-05-22T09:30:09,SYSTEM,SYS,0,0,8,8153
2026-05-22T09:30:09,SYSTEM,SYS,0,0,12,31
2026-05-22T09:30:35,SENSOR,SYS,0,0,29,70
2026-05-22T09:29:55,MODE,SYS,0,0,1,511
2026-05-22T09:30:35,RELAY,SYS,1,0,2,0
2026-05-22T09:31:02,RELAY,SYS,1,0,3,0
2026-05-22T09:31:06,SENSOR,SYS,0,0,28,71
2026-05-22T09:31:09,SYSTEM,SYS,0,0,7,102
2026-05-22T09:31:09,SYSTEM,SYS,0,0,8,8153
2026-05-22T09:31:09,SYSTEM,SYS,0,0,12,31
2026-05-22T09:31:13,SYSTEM,WEB,0,0,1,0
2026-05-22T09:31:36,SENSOR,SYS,0,0,28,72
2026-05-22T09:32:06,SENSOR,SYS,0,0,28,72
2026-05-22T09:32:09,SYSTEM,SYS,0,0,7,102
2026-05-22T09:32:09,SYSTEM,SYS,0,0,8,8153
2026-05-22T09:32:09,SYSTEM,SYS,0,0,12,31
2026-05-22T09:32:36,SENSOR,SYS,0,0,28,73
2026-05-22T09:33:07,SENSOR,SYS,0,0,28,73
2026-05-22T09:33:09,SYSTEM,SYS,0,0,7,102
2026-05-22T09:33:09,SYSTEM,SYS,0,0,8,8153
2026-05-22T09:33:09,SYSTEM,SYS,0,0,12,31
2026-05-22T09:33:13,SYSTEM,WEB,0,0,1,0
2026-05-22T09:33:37,SENSOR,SYS,0,0,28,74
2026-05-22T09:34:08,SENSOR,SYS,0,0,27,74
2026-05-22T09:34:09,SYSTEM,SYS,0,0,7,102
2026-05-22T09:34:10,SYSTEM,SYS,0,0,8,8153
2026-05-22T09:34:10,SYSTEM,SYS,0,0,12,31
2026-05-22T09:34:38,SENSOR,SYS,0,0,27,75
2026-05-22T09:35:08,SENSOR,SYS,0,0,27,75
2026-05-22T09:35:09,SYSTEM,SYS,0,0,7,102
2026-05-22T09:35:09,SYSTEM,SYS,0,0,8,8153
2026-05-22T09:35:09,SYSTEM,SYS,0,0,12,31
2026-05-22T09:35:14,SYSTEM,WEB,0,0,1,0
2026-05-22T09:35:38,SENSOR,SYS,0,0,27,76
2026-05-22T09:36:09,SENSOR,SYS,0,0,27,76
2026-05-22T09:36:09,SYSTEM,SYS,0,0,7,102
2026-05-22T09:36:09,SYSTEM,SYS,0,0,8,8153
2026-05-22T09:36:09,SYSTEM,SYS,0,0,12,31
2026-05-22T09:36:39,SENSOR,SYS,0,0,26,77
2026-05-22T09:37:10,SYSTEM,SYS,0,0,7,102
2026-05-22T09:37:10,SYSTEM,SYS,0,0,8,8153
2026-05-22T09:37:10,SYSTEM,SYS,0,0,12,31
2026-05-22T09:37:10,SENSOR,SYS,0,0,26,78
2026-05-22T09:37:16,SYSTEM,WEB,0,0,1,0
2026-05-22T09:37:40,SENSOR,SYS,0,0,26,78
2026-05-22T09:38:09,SYSTEM,SYS,0,0,7,102
2026-05-22T09:38:09,SYSTEM,SYS,0,0,8,8153
2026-05-22T09:38:09,SYSTEM,SYS,0,0,12,31
2026-05-22T09:38:10,SENSOR,SYS,0,0,26,79
2026-05-22T09:38:40,SENSOR,SYS,0,0,26,79
2026-05-22T09:39:09,SYSTEM,SYS,0,0,7,102
2026-05-22T09:39:09,SYSTEM,SYS,0,0,8,8153
2026-05-22T09:39:09,SYSTEM,SYS,0,0,12,31
2026-05-22T09:39:11,SENSOR,SYS,0,0,26,80
2026-05-22T09:38:43,MODE,SYS,0,0,2,258
2026-05-22T09:39:11,RELAY,SYS,2,0,2,0
2026-05-22T09:39:16,SYSTEM,WEB,0,0,1,0
2026-05-22T09:39:37,RELAY,SYS,2,0,3,0
2026-05-22T09:39:41,SENSOR,SYS,0,0,27,79
2026-05-22T09:39:41,MODE,SYS,0,0,1,257
2026-05-22T09:40:09,SYSTEM,SYS,0,0,7,102
2026-05-22T09:40:09,SYSTEM,SYS,0,0,8,8153
2026-05-22T09:40:09,SYSTEM,SYS,0,0,12,31
2026-05-22T09:40:11,SENSOR,SYS,0,0,27,79
2026-05-22T09:40:42,SENSOR,SYS,0,0,27,78
2026-05-22T09:41:09,SYSTEM,SYS,0,0,7,102
2026-05-22T09:41:09,SYSTEM,SYS,0,0,8,8153
2026-05-22T09:41:09,SYSTEM,SYS,0,0,12,31
2026-05-22T09:41:12,SENSOR,SYS,0,0,28,77
2026-05-22T09:41:17,SYSTEM,WEB,0,0,1,0
2026-05-22T09:41:42,SENSOR,SYS,0,0,28,76
2026-05-22T09:42:09,SYSTEM,SYS,0,0,7,102
2026-05-22T09:42:09,SYSTEM,SYS,0,0,8,8153
2026-05-22T09:42:09,SYSTEM,SYS,0,0,12,31
2026-05-22T09:42:12,SENSOR,SYS,0,0,29,75
2026-05-22T09:42:43,SENSOR,SYS,0,0,29,74
2026-05-22T09:43:09,SYSTEM,SYS,0,0,7,102
2026-05-22T09:43:09,SYSTEM,SYS,0,0,8,8153
2026-05-22T09:43:09,SYSTEM,SYS,0,0,12,31
2026-05-22T09:43:13,SENSOR,SYS,0,0,29,73
2026-05-22T09:43:18,SYSTEM,WEB,0,0,1,0
2026-05-22T09:43:44,SENSOR,SYS,0,0,30,71
2026-05-22T09:43:37,MODE,SYS,0,0,2,767
2026-05-22T09:44:10,SYSTEM,SYS,0,0,7,102
2026-05-22T09:44:10,SYSTEM,SYS,0,0,8,8153
2026-05-22T09:44:10,SYSTEM,SYS,0,0,12,31
2026-05-22T09:44:14,SENSOR,SYS,0,0,30,70
2026-05-22T09:44:44,SENSOR,SYS,0,0,30,69
2026-05-22T09:45:09,SYSTEM,SYS,0,0,7,102
2026-05-22T09:45:09,SYSTEM,SYS,0,0,8,8153
2026-05-22T09:45:09,SYSTEM,SYS,0,0,12,31
2026-05-22T09:45:14,SENSOR,SYS,0,0,31,68
2026-05-22T09:44:35,MODE,SYS,0,0,3,1023
2026-05-22T09:45:14,RELAY,SYS,3,0,2,0
2026-05-22T09:45:19,SYSTEM,WEB,0,0,1,0
2026-05-22T09:45:45,SENSOR,SYS,0,0,31,67
2026-05-22T09:46:09,SYSTEM,SYS,0,0,7,102
2026-05-22T09:46:09,SYSTEM,SYS,0,0,8,8153
2026-05-22T09:46:09,SYSTEM,SYS,0,0,12,31
2026-05-22T09:46:15,SENSOR,SYS,0,0,31,66
2026-05-22T09:46:45,SENSOR,SYS,0,0,31,65
2026-05-22T09:47:09,SYSTEM,SYS,0,0,7,102
2026-05-22T09:47:09,SYSTEM,SYS,0,0,8,8153
2026-05-22T09:47:09,SYSTEM,SYS,0,0,12,31
2026-05-22T09:47:15,SENSOR,SYS,0,0,31,63
2026-05-22T09:47:19,SYSTEM,WEB,0,0,1,0
2026-05-22T09:47:46,SENSOR,SYS,0,0,31,62
2026-05-22T09:48:09,SYSTEM,SYS,0,0,7,102
2026-05-22T09:48:09,SYSTEM,SYS,0,0,8,8153
2026-05-22T09:48:09,SYSTEM,SYS,0,0,12,31
2026-05-22T09:48:10,RELAY,SYS,3,0,3,0
2026-05-22T09:48:16,SENSOR,SYS,0,0,31,61
2026-05-22T09:48:47,SENSOR,SYS,0,0,31,60
2026-05-22T09:49:09,SYSTEM,SYS,0,0,7,102
2026-05-22T09:49:09,SYSTEM,SYS,0,0,8,8153
2026-05-22T09:49:09,SYSTEM,SYS,0,0,12,31
2026-05-22T09:49:17,SENSOR,SYS,0,0,31,59
2026-05-22T09:49:21,SYSTEM,WEB,0,0,1,0
2026-05-22T09:49:47,SENSOR,SYS,0,0,30,58
2026-05-22T09:49:28,MODE,SYS,0,0,2,767
2026-05-22T09:50:09,SYSTEM,SYS,0,0,7,102
2026-05-22T09:50:09,SYSTEM,SYS,0,0,8,8153
2026-05-22T09:50:09,SYSTEM,SYS,0,0,12,31
2026-05-22T09:50:17,SENSOR,SYS,0,0,30,58
2026-05-22T09:50:48,SENSOR,SYS,0,0,30,57
2026-05-22T09:51:09,SYSTEM,SYS,0,0,7,102
2026-05-22T09:51:09,SYSTEM,SYS,0,0,8,8153
2026-05-22T09:51:09,SYSTEM,SYS,0,0,12,31
2026-05-22T09:51:18,SENSOR,SYS,0,0,30,57
2026-05-22T09:51:21,SYSTEM,WEB,0,0,1,0
2026-05-22T09:51:49,SENSOR,SYS,0,0,30,57
2026-05-22T09:52:10,SYSTEM,SYS,0,0,7,102
2026-05-22T09:52:10,SYSTEM,SYS,0,0,8,8153
2026-05-22T09:52:10,SYSTEM,SYS,0,0,12,31
2026-05-22T09:52:19,SENSOR,SYS,0,0,29,57
2026-05-22T09:51:26,MODE,SYS,0,0,1,511
2026-05-22T09:52:19,RELAY,SYS,2,0,4,0
2026-05-22T09:52:45,RELAY,SYS,2,0,1,0
2026-05-22T09:52:49,SENSOR,SYS,0,0,29,56
2026-05-22T09:53:09,SYSTEM,SYS,0,0,7,102
2026-05-22T09:53:09,SYSTEM,SYS,0,0,8,8153
2026-05-22T09:53:09,SYSTEM,SYS,0,0,12,31
2026-05-22T09:53:19,SENSOR,SYS,0,0,29,56
2026-05-22T09:53:22,SYSTEM,WEB,0,0,1,0
2026-05-22T09:53:50,SENSOR,SYS,0,0,29,56
2026-05-22T09:54:09,SYSTEM,SYS,0,0,7,102
2026-05-22T09:54:09,SYSTEM,SYS,0,0,8,8153
2026-05-22T09:54:09,SYSTEM,SYS,0,0,12,31
2026-05-22T09:54:20,SENSOR,SYS,0,0,28,55
2026-05-22T09:54:50,SENSOR,SYS,0,0,28,55
2026-05-22T09:55:09,SYSTEM,SYS,0,0,7,102
2026-05-22T09:55:09,SYSTEM,SYS,0,0,8,8153
2026-05-22T09:55:09,SYSTEM,SYS,0,0,12,31
2026-05-22T09:55:21,SENSOR,SYS,0,0,28,55
2026-05-22T09:55:22,SYSTEM,WEB,0,0,1,0
2026-05-22T09:55:51,SENSOR,SYS,0,0,28,54
2026-05-22T09:56:09,SYSTEM,SYS,0,0,7,102
2026-05-22T09:56:09,SYSTEM,SYS,0,0,8,8153
2026-05-22T09:56:09,SYSTEM,SYS,0,0,12,31
2026-05-22T09:56:21,SENSOR,SYS,0,0,28,54
2026-05-22T09:56:51,SENSOR,SYS,0,0,28,54
2026-05-22T09:57:09,SYSTEM,SYS,0,0,7,102
2026-05-22T09:57:09,SYSTEM,SYS,0,0,8,8153
2026-05-22T09:57:09,SYSTEM,SYS,0,0,12,31
2026-05-22T09:57:22,SENSOR,SYS,0,0,28,54
2026-05-22T09:57:23,SYSTEM,WEB,0,0,1,0
2026-05-22T09:57:52,SENSOR,SYS,0,0,28,53
2026-05-22T09:58:09,SYSTEM,SYS,0,0,7,102
2026-05-22T09:58:09,SYSTEM,SYS,0,0,8,8153
2026-05-22T09:58:09,SYSTEM,SYS,0,0,12,31
2026-05-22T09:58:23,SENSOR,SYS,0,0,28,53
2026-05-22T09:58:53,SENSOR,SYS,0,0,28,53
2026-05-22T09:59:09,SYSTEM,SYS,0,0,7,102
2026-05-22T09:59:09,SYSTEM,SYS,0,0,8,8153
2026-05-22T09:59:09,SYSTEM,SYS,0,0,12,31
2026-05-22T09:59:23,SENSOR,SYS,0,0,28,53
2026-05-22T09:59:23,SYSTEM,WEB,0,0,1,0
2026-05-22T09:59:53,SENSOR,SYS,0,0,28,53
2026-05-22T10:00:09,SYSTEM,SYS,0,0,7,102
2026-05-22T10:00:09,SYSTEM,SYS,0,0,8,8153
2026-05-22T10:00:09,SYSTEM,SYS,0,0,12,31
2026-05-22T10:00:24,SENSOR,SYS,0,0,28,53
2026-05-22T10:00:54,SENSOR,SYS,0,0,28,53
2026-05-22T10:01:09,SYSTEM,SYS,0,0,7,102
2026-05-22T10:01:09,SYSTEM,SYS,0,0,8,8153
2026-05-22T10:01:09,SYSTEM,SYS,0,0,12,31
2026-05-22T10:01:25,SENSOR,SYS,0,0,28,53
2026-05-22T10:01:26,SYSTEM,WEB,0,0,1,0
2026-05-22T10:01:55,SENSOR,SYS,0,0,28,53
2026-05-22T10:02:10,SYSTEM,SYS,0,0,7,102
2026-05-22T10:02:10,SYSTEM,SYS,0,0,8,8153
2026-05-22T10:02:10,SYSTEM,SYS,0,0,12,31
2026-05-22T10:02:25,SENSOR,SYS,0,0,28,53
2026-05-22T10:02:55,SENSOR,SYS,0,0,28,53
2026-05-22T10:03:09,SYSTEM,SYS,0,0,7,102
2026-05-22T10:03:09,SYSTEM,SYS,0,0,8,8153
2026-05-22T10:03:09,SYSTEM,SYS,0,0,12,31
2026-05-22T10:03:25,SYSTEM,WEB,0,0,1,0
2026-05-22T10:03:26,SENSOR,SYS,0,0,28,52
2026-05-22T10:03:56,SENSOR,SYS,0,0,27,52
2026-05-22T10:04:09,SYSTEM,SYS,0,0,7,102
2026-05-22T10:04:09,SYSTEM,SYS,0,0,8,8153
2026-05-22T10:04:09,SYSTEM,SYS,0,0,12,31
2026-05-22T10:04:26,SENSOR,SYS,0,0,27,52
2026-05-22T10:04:56,SENSOR,SYS,0,0,27,52
2026-05-22T10:05:09,SYSTEM,SYS,0,0,7,102
2026-05-22T10:05:09,SYSTEM,SYS,0,0,8,8153
2026-05-22T10:05:09,SYSTEM,SYS,0,0,12,31
2026-05-22T10:05:26,SYSTEM,WEB,0,0,1,0
2026-05-22T10:05:27,SENSOR,SYS,0,0,27,52
2026-05-22T10:05:57,SENSOR,SYS,0,0,27,52
2026-05-22T10:06:09,SYSTEM,SYS,0,0,7,102
2026-05-22T10:06:09,SYSTEM,SYS,0,0,8,8153
2026-05-22T10:06:09,SYSTEM,SYS,0,0,12,31
2026-05-22T10:06:28,SENSOR,SYS,0,0,27,52
2026-05-22T10:06:58,SENSOR,SYS,0,0,27,52
2026-05-22T10:07:09,SYSTEM,SYS,0,0,7,102
2026-05-22T10:07:09,SYSTEM,SYS,0,0,8,8153
2026-05-22T10:07:09,SYSTEM,SYS,0,0,12,31
2026-05-22T10:07:27,SYSTEM,WEB,0,0,1,0
2026-05-22T10:07:28,SENSOR,SYS,0,0,27,52
2026-05-22T10:07:58,SENSOR,SYS,0,0,27,52
2026-05-22T10:08:09,SYSTEM,SYS,0,0,7,102
2026-05-22T10:08:09,SYSTEM,SYS,0,0,8,8153
2026-05-22T10:08:09,SYSTEM,SYS,0,0,12,31
2026-05-22T10:08:29,SENSOR,SYS,0,0,27,52
2026-05-22T10:08:59,SENSOR,SYS,0,0,27,52
2026-05-22T10:09:10,SYSTEM,SYS,0,0,7,102
2026-05-22T10:09:10,SYSTEM,SYS,0,0,8,8153
2026-05-22T10:09:10,SYSTEM,SYS,0,0,12,31
2026-05-22T10:09:28,SYSTEM,WEB,0,0,1,0
2026-05-22T10:09:30,SENSOR,SYS,0,0,27,52
2026-05-22T10:10:00,SENSOR,SYS,0,0,27,52
2026-05-22T10:10:09,SYSTEM,SYS,0,0,7,102
2026-05-22T10:10:09,SYSTEM,SYS,0,0,8,8153
2026-05-22T10:10:09,SYSTEM,SYS,0,0,12,31
2026-05-22T10:10:30,SENSOR,SYS,0,0,27,52
2026-05-22T10:11:01,SENSOR,SYS,0,0,27,52
2026-05-22T10:11:10,SYSTEM,SYS,0,0,7,102
2026-05-22T10:11:10,SYSTEM,SYS,0,0,8,8153
2026-05-22T10:11:10,SYSTEM,SYS,0,0,12,31
2026-05-22T10:11:29,SYSTEM,WEB,0,0,1,0
2026-05-22T10:11:31,SENSOR,SYS,0,0,27,52
2026-05-22T10:12:01,SENSOR,SYS,0,0,27,52
2026-05-22T10:12:09,SYSTEM,SYS,0,0,7,100
2026-05-22T10:12:09,SYSTEM,SYS,0,0,8,8153
2026-05-22T10:12:09,SYSTEM,SYS,0,0,12,31
2026-05-22T10:12:31,SENSOR,SYS,0,0,27,52
2026-05-22T10:13:02,SENSOR,SYS,0,0,27,52
2026-05-22T10:13:09,SYSTEM,SYS,0,0,7,100
2026-05-22T10:13:09,SYSTEM,SYS,0,0,8,8153
2026-05-22T10:13:09,SYSTEM,SYS,0,0,12,31
2026-05-22T10:13:28,SYSTEM,WEB,0,0,0,0
2026-05-22T10:13:32,SENSOR,SYS,0,0,27,52
2026-05-22T10:13:32,RELAY,SYS,3,0,4,0
2026-05-22T10:14:02,SENSOR,SYS,0,0,27,52
2026-05-22T10:14:09,SYSTEM,SYS,0,0,7,100
2026-05-22T10:14:09,SYSTEM,SYS,0,0,8,8153
2026-05-22T10:14:09,SYSTEM,SYS,0,0,12,31
2026-05-22T10:14:32,SENSOR,SYS,0,0,27,52
2026-05-22T10:15:03,SENSOR,SYS,0,0,28,52
2026-05-22T10:15:09,SYSTEM,SYS,0,0,7,100
2026-05-22T10:15:09,SYSTEM,SYS,0,0,8,8153
2026-05-22T10:15:09,SYSTEM,SYS,0,0,12,31
2026-05-22T10:15:28,SYSTEM,WEB,0,0,0,0
2026-05-22T10:15:33,SENSOR,SYS,0,0,28,52
2026-05-22T10:16:04,SENSOR,SYS,0,0,28,52
2026-05-22T10:16:10,SYSTEM,SYS,0,0,7,100
2026-05-22T10:16:10,SYSTEM,SYS,0,0,8,8153
2026-05-22T10:16:10,SYSTEM,SYS,0,0,12,31
2026-05-22T10:16:28,RELAY,SYS,3,0,1,0
2026-05-22T10:16:34,SENSOR,SYS,0,0,28,52
2026-05-22T10:17:04,SENSOR,SYS,0,0,28,52
2026-05-22T10:17:09,SYSTEM,SYS,0,0,7,100
2026-05-22T10:17:09,SYSTEM,SYS,0,0,8,8153
2026-05-22T10:17:09,SYSTEM,SYS,0,0,12,31
2026-05-22T10:17:28,SYSTEM,WEB,0,0,0,0
2026-05-22T10:17:34,SENSOR,SYS,0,0,28,52
2026-05-22T10:18:05,SENSOR,SYS,0,0,28,52
2026-05-22T10:18:09,SYSTEM,SYS,0,0,7,100
2026-05-22T10:18:09,SYSTEM,SYS,0,0,8,8153
2026-05-22T10:18:09,SYSTEM,SYS,0,0,12,31
2026-05-22T10:18:35,SENSOR,SYS,0,0,28,52
2026-05-22T10:19:06,SENSOR,SYS,0,0,28,52
2026-05-22T10:19:10,SYSTEM,SYS,0,0,7,100
2026-05-22T10:19:10,SYSTEM,SYS,0,0,8,8153
2026-05-22T10:19:10,SYSTEM,SYS,0,0,12,31
2026-05-22T10:19:29,SYSTEM,WEB,0,0,0,0
2026-05-22T10:19:36,SENSOR,SYS,0,0,28,52
2026-05-22T10:20:06,SENSOR,SYS,0,0,28,52
2026-05-22T10:20:09,SYSTEM,SYS,0,0,7,100
2026-05-22T10:20:09,SYSTEM,SYS,0,0,8,8153
2026-05-22T10:20:09,SYSTEM,SYS,0,0,12,31
2026-05-22T10:20:36,SENSOR,SYS,0,0,28,52
2026-05-22T10:21:07,SENSOR,SYS,0,0,27,52
2026-05-22T10:21:09,SYSTEM,SYS,0,0,7,100
2026-05-22T10:21:09,SYSTEM,SYS,0,0,8,8153
2026-05-22T10:21:09,SYSTEM,SYS,0,0,12,31
2026-05-22T10:21:29,SYSTEM,WEB,0,0,0,0
2026-05-22T10:21:37,SENSOR,SYS,0,0,27,52
2026-05-22T10:22:07,SENSOR,SYS,0,0,27,52
2026-05-22T10:22:09,SYSTEM,SYS,0,0,7,100
2026-05-22T10:22:09,SYSTEM,SYS,0,0,8,8153
2026-05-22T10:22:09,SYSTEM,SYS,0,0,12,31
2026-05-22T10:22:37,SENSOR,SYS,0,0,27,52
2026-05-22T10:23:08,SENSOR,SYS,0,0,27,52
2026-05-22T10:23:09,SYSTEM,SYS,0,0,7,100
2026-05-22T10:23:09,SYSTEM,SYS,0,0,8,8153
2026-05-22T10:23:09,SYSTEM,SYS,0,0,12,31
2026-05-22T10:23:28,SYSTEM,WEB,0,0,0,0
2026-05-22T10:23:38,SENSOR,SYS,0,0,27,52
2026-05-22T10:24:09,SENSOR,SYS,0,0,27,52
2026-05-22T10:24:10,SYSTEM,SYS,0,0,7,100
2026-05-22T10:24:10,SYSTEM,SYS,0,0,8,8153
2026-05-22T10:24:10,SYSTEM,SYS,0,0,12,31
2026-05-22T10:24:39,SENSOR,SYS,0,0,27,52
2026-05-22T10:25:09,SENSOR,SYS,0,0,27,52
2026-05-22T10:25:09,SYSTEM,SYS,0,0,7,91
2026-05-22T10:25:09,SYSTEM,SYS,0,0,8,8153
2026-05-22T10:25:09,SYSTEM,SYS,0,0,12,31
2026-05-22T10:25:28,SYSTEM,WEB,0,0,0,0
2026-05-22T10:25:40,SENSOR,SYS,0,0,27,52
2026-05-22T10:26:10,SYSTEM,SYS,0,0,7,100
2026-05-22T10:26:10,SYSTEM,SYS,0,0,8,8153
2026-05-22T10:26:10,SYSTEM,SYS,0,0,12,31
2026-05-22T10:26:10,SENSOR,SYS,0,0,27,52
2026-05-22T10:26:40,SENSOR,SYS,0,0,27,52
2026-05-22T10:27:09,SYSTEM,SYS,0,0,7,100
2026-05-22T10:27:09,SYSTEM,SYS,0,0,8,8153
2026-05-22T10:27:09,SYSTEM,SYS,0,0,12,31
2026-05-22T10:27:10,SENSOR,SYS,0,0,27,52
2026-05-22T10:27:28,SYSTEM,WEB,0,0,0,0
2026-05-22T10:27:41,SENSOR,SYS,0,0,27,52
2026-05-22T10:28:09,SYSTEM,SYS,0,0,7,100
2026-05-22T10:28:09,SYSTEM,SYS,0,0,8,8153
2026-05-22T10:28:09,SYSTEM,SYS,0,0,12,31
2026-05-22T10:28:11,SENSOR,SYS,0,0,27,52
2026-05-22T10:28:41,SENSOR,SYS,0,0,27,52
2026-05-22T10:29:09,SYSTEM,SYS,0,0,7,102
2026-05-22T10:29:09,SYSTEM,SYS,0,0,8,8153
2026-05-22T10:29:09,SYSTEM,SYS,0,0,12,31
2026-05-22T10:29:11,SENSOR,SYS,0,0,27,52
2026-05-22T10:29:29,SYSTEM,WEB,0,0,1,0
2026-05-22T10:29:42,SENSOR,SYS,0,0,27,52
2026-05-22T10:30:09,SYSTEM,SYS,0,0,7,92
2026-05-22T10:30:09,SYSTEM,SYS,0,0,8,8153
2026-05-22T10:30:09,SYSTEM,SYS,0,0,12,31
2026-05-22T10:30:12,SENSOR,SYS,0,0,27,52
2026-05-22T10:30:43,SENSOR,SYS,0,0,27,52
2026-05-22T10:31:10,SYSTEM,SYS,0,0,7,92
2026-05-22T10:31:10,SYSTEM,SYS,0,0,8,8153
2026-05-22T10:31:10,SYSTEM,SYS,0,0,12,31
2026-05-22T10:31:13,SENSOR,SYS,0,0,27,52
2026-05-22T10:31:31,SYSTEM,WEB,0,0,1,0
2026-05-22T10:31:43,SENSOR,SYS,0,0,27,52
2026-05-22T10:31:52,SYSTEM,SYS,0,0,7,92
2026-05-22T10:31:52,SYSTEM,SYS,0,0,8,8153
2026-05-22T10:31:52,SYSTEM,SYS,0,0,12,31
2026-05-22T10:31:56,SENSOR,SYS,0,0,27,52
2026-05-22T10:32:44,SENSOR,SYS,0,0,27,52
2026-05-22T10:33:09,SYSTEM,SYS,0,0,7,92
2026-05-22T10:33:09,SYSTEM,SYS,0,0,8,8153
2026-05-22T10:33:09,SYSTEM,SYS,0,0,12,31
2026-05-22T10:33:14,SENSOR,SYS,0,0,28,52
2026-05-22T10:33:31,SYSTEM,WEB,0,0,1,0
2026-05-22T10:33:45,SENSOR,SYS,0,0,28,52
2026-05-22T10:34:10,SYSTEM,SYS,0,0,7,92
2026-05-22T10:34:10,SYSTEM,SYS,0,0,8,8153
2026-05-22T10:34:10,SYSTEM,SYS,0,0,12,31
2026-05-22T10:34:15,SENSOR,SYS,0,0,28,51
2026-05-22T10:34:45,SENSOR,SYS,0,0,28,51
2026-05-22T10:35:09,SYSTEM,SYS,0,0,7,92
2026-05-22T10:35:09,SYSTEM,SYS,0,0,8,8153
2026-05-22T10:35:09,SYSTEM,SYS,0,0,12,31
2026-05-22T10:35:15,SENSOR,SYS,0,0,28,51
2026-05-22T10:35:32,SYSTEM,WEB,0,0,1,0
2026-05-22T10:35:46,SENSOR,SYS,0,0,29,51
2026-05-22T10:36:09,SYSTEM,SYS,0,0,7,92
2026-05-22T10:36:09,SYSTEM,SYS,0,0,8,8153
2026-05-22T10:36:09,SYSTEM,SYS,0,0,12,31
2026-05-22T10:36:16,SENSOR,SYS,0,0,29,51
2026-05-22T10:36:46,SENSOR,SYS,0,0,29,51
2026-05-22T10:37:09,SYSTEM,SYS,0,0,7,92
2026-05-22T10:37:09,SYSTEM,SYS,0,0,8,8153
2026-05-22T10:37:09,SYSTEM,SYS,0,0,12,31
2026-05-22T10:37:16,SENSOR,SYS,0,0,29,51
2026-05-22T10:37:33,SYSTEM,WEB,0,0,1,0
2026-05-22T10:37:47,SENSOR,SYS,0,0,29,51
2026-05-22T10:38:09,SYSTEM,SYS,0,0,7,92
2026-05-22T10:38:09,SYSTEM,SYS,0,0,8,8153
2026-05-22T10:38:09,SYSTEM,SYS,0,0,12,31
2026-05-22T10:38:17,SENSOR,SYS,0,0,29,51
2026-05-22T10:38:48,SENSOR,SYS,0,0,29,51
2026-05-22T10:39:10,SYSTEM,SYS,0,0,7,92
2026-05-22T10:39:10,SYSTEM,SYS,0,0,8,8153
2026-05-22T10:39:10,SYSTEM,SYS,0,0,12,31
2026-05-22T10:39:18,SENSOR,SYS,0,0,29,51
2026-05-22T10:39:33,SYSTEM,WEB,0,0,1,0
2026-05-22T10:39:48,SENSOR,SYS,0,0,29,51
2026-05-22T10:40:09,SYSTEM,SYS,0,0,7,92
2026-05-22T10:40:09,SYSTEM,SYS,0,0,8,8153
2026-05-22T10:40:09,SYSTEM,SYS,0,0,12,31
2026-05-22T10:40:18,SENSOR,SYS,0,0,29,50
2026-05-22T10:40:49,SENSOR,SYS,0,0,29,50
2026-05-22T10:41:09,SYSTEM,SYS,0,0,7,92
2026-05-22T10:41:09,SYSTEM,SYS,0,0,8,8153
2026-05-22T10:41:09,SYSTEM,SYS,0,0,12,31
2026-05-22T10:41:19,SENSOR,SYS,0,0,29,50
2026-05-22T10:41:33,SYSTEM,WEB,0,0,1,0
2026-05-22T10:41:49,SENSOR,SYS,0,0,29,50
2026-05-22T10:42:09,SYSTEM,SYS,0,0,7,92
2026-05-22T10:42:09,SYSTEM,SYS,0,0,8,8153
2026-05-22T10:42:09,SYSTEM,SYS,0,0,12,31
2026-05-22T10:42:20,SENSOR,SYS,0,0,29,50
2026-05-22T10:42:50,SENSOR,SYS,0,0,29,50
2026-05-22T10:43:09,SYSTEM,SYS,0,0,7,92
2026-05-22T10:43:09,SYSTEM,SYS,0,0,8,8153
2026-05-22T10:43:09,SYSTEM,SYS,0,0,12,31
2026-05-22T10:43:21,SENSOR,SYS,0,0,29,50
2026-05-22T10:43:35,SYSTEM,WEB,0,0,1,0
2026-05-22T10:43:51,SENSOR,SYS,0,0,29,50
2026-05-22T10:44:10,SYSTEM,SYS,0,0,7,92
2026-05-22T10:44:10,SYSTEM,SYS,0,0,8,8153
2026-05-22T10:44:10,SYSTEM,SYS,0,0,12,31
2026-05-22T10:44:21,SENSOR,SYS,0,0,29,50
2026-05-22T10:44:51,SENSOR,SYS,0,0,29,50
2026-05-22T10:45:09,SYSTEM,SYS,0,0,7,93
2026-05-22T10:45:09,SYSTEM,SYS,0,0,8,8153
2026-05-22T10:45:09,SYSTEM,SYS,0,0,12,31
2026-05-22T10:45:22,SENSOR,SYS,0,0,29,50
2026-05-22T10:45:35,SYSTEM,WEB,0,0,1,0
2026-05-22T10:45:52,SENSOR,SYS,0,0,29,50
2026-05-22T10:46:09,SYSTEM,SYS,0,0,7,93
2026-05-22T10:46:09,SYSTEM,SYS,0,0,8,8153
2026-05-22T10:46:09,SYSTEM,SYS,0,0,12,31
2026-05-22T10:46:22,SENSOR,SYS,0,0,29,50
2026-05-22T10:46:52,SENSOR,SYS,0,0,29,50
2026-05-22T10:47:09,SYSTEM,SYS,0,0,7,93
2026-05-22T10:47:09,SYSTEM,SYS,0,0,8,8153
2026-05-22T10:47:09,SYSTEM,SYS,0,0,12,31
2026-05-22T10:47:23,SENSOR,SYS,0,0,29,50
2026-05-22T10:47:36,SYSTEM,WEB,0,0,1,0
2026-05-22T10:47:53,SENSOR,SYS,0,0,29,50
2026-05-22T10:48:10,SYSTEM,SYS,0,0,7,93
2026-05-22T10:48:10,SYSTEM,SYS,0,0,8,8153
2026-05-22T10:48:10,SYSTEM,SYS,0,0,12,31
2026-05-22T10:48:24,SENSOR,SYS,0,0,29,50
2026-05-22T10:48:54,SENSOR,SYS,0,0,29,50
2026-05-22T10:49:09,SYSTEM,SYS,0,0,7,93
2026-05-22T10:49:09,SYSTEM,SYS,0,0,8,8153
2026-05-22T10:49:09,SYSTEM,SYS,0,0,12,31
2026-05-22T10:49:24,SENSOR,SYS,0,0,29,50
2026-05-22T10:49:36,SYSTEM,WEB,0,0,1,0
2026-05-22T10:49:54,SENSOR,SYS,0,0,29,50
2026-05-22T10:50:09,SYSTEM,SYS,0,0,7,93
2026-05-22T10:50:09,SYSTEM,SYS,0,0,8,8153
2026-05-22T10:50:09,SYSTEM,SYS,0,0,12,31
2026-05-22T10:50:25,SENSOR,SYS,0,0,29,50
2026-05-22T10:50:55,SENSOR,SYS,0,0,29,50
2026-05-22T10:51:10,SYSTEM,SYS,0,0,7,93
2026-05-22T10:51:10,SYSTEM,SYS,0,0,8,8153
2026-05-22T10:51:10,SYSTEM,SYS,0,0,12,31
2026-05-22T10:51:26,SENSOR,SYS,0,0,29,50
2026-05-22T10:51:38,SYSTEM,WEB,0,0,1,0
2026-05-22T10:51:56,SENSOR,SYS,0,0,29,50
2026-05-22T10:52:09,SYSTEM,SYS,0,0,7,93
2026-05-22T10:52:09,SYSTEM,SYS,0,0,8,8153
2026-05-22T10:52:09,SYSTEM,SYS,0,0,12,31
2026-05-22T10:52:26,SENSOR,SYS,0,0,29,50
2026-05-22T10:52:56,SENSOR,SYS,0,0,29,50
2026-05-22T10:53:09,SYSTEM,SYS,0,0,7,93
2026-05-22T10:53:09,SYSTEM,SYS,0,0,8,8153
2026-05-22T10:53:09,SYSTEM,SYS,0,0,12,31
2026-05-22T10:53:27,SENSOR,SYS,0,0,29,50
2026-05-22T10:53:39,SYSTEM,WEB,0,0,1,0
2026-05-22T10:53:57,SENSOR,SYS,0,0,29,50
2026-05-22T10:54:09,SYSTEM,SYS,0,0,7,93
2026-05-22T10:54:09,SYSTEM,SYS,0,0,8,8153
2026-05-22T10:54:09,SYSTEM,SYS,0,0,12,31
2026-05-22T10:54:27,SENSOR,SYS,0,0,29,50
2026-05-22T10:54:57,SENSOR,SYS,0,0,29,50
2026-05-22T10:55:09,SYSTEM,SYS,0,0,7,102
2026-05-22T10:55:09,SYSTEM,SYS,0,0,8,8153
2026-05-22T10:55:09,SYSTEM,SYS,0,0,12,31
2026-05-22T10:55:28,SENSOR,SYS,0,0,29,50
2026-05-22T10:55:39,SYSTEM,WEB,0,0,1,0
2026-05-22T10:55:58,SENSOR,SYS,0,0,29,50
2026-05-22T10:56:09,SYSTEM,SYS,0,0,7,102
2026-05-22T10:56:09,SYSTEM,SYS,0,0,8,8153
2026-05-22T10:56:09,SYSTEM,SYS,0,0,12,31
2026-05-22T10:56:28,SENSOR,SYS,0,0,29,50
2026-05-22T10:56:59,SENSOR,SYS,0,0,29,50
2026-05-22T10:57:09,SYSTEM,SYS,0,0,7,102
2026-05-22T10:57:09,SYSTEM,SYS,0,0,8,8153
2026-05-22T10:57:09,SYSTEM,SYS,0,0,12,31
2026-05-22T10:57:29,SENSOR,SYS,0,0,29,50
2026-05-22T10:57:40,SYSTEM,WEB,0,0,1,0
2026-05-22T10:58:00,SENSOR,SYS,0,0,29,50
2026-05-22T10:58:10,SYSTEM,SYS,0,0,7,102
2026-05-22T10:58:10,SYSTEM,SYS,0,0,8,8153
2026-05-22T10:58:10,SYSTEM,SYS,0,0,12,31
2026-05-22T10:58:30,SENSOR,SYS,0,0,29,50
2026-05-22T10:59:00,SENSOR,SYS,0,0,29,50
2026-05-22T10:59:09,SYSTEM,SYS,0,0,7,102
2026-05-22T10:59:09,SYSTEM,SYS,0,0,8,8153
2026-05-22T10:59:09,SYSTEM,SYS,0,0,12,31
2026-05-22T10:59:30,SENSOR,SYS,0,0,29,50
2026-05-22T10:59:41,SYSTEM,WEB,0,0,1,0
2026-05-22T11:00:01,SENSOR,SYS,0,0,29,50
2026-05-22T11:00:09,SYSTEM,SYS,0,0,7,102
2026-05-22T11:00:09,SYSTEM,SYS,0,0,8,8153
2026-05-22T11:00:09,SYSTEM,SYS,0,0,12,31
2026-05-22T11:00:31,SENSOR,SYS,0,0,29,50
2026-05-22T11:01:01,SENSOR,SYS,0,0,29,50
2026-05-22T11:01:09,SYSTEM,SYS,0,0,7,102
2026-05-22T11:01:09,SYSTEM,SYS,0,0,8,8153
2026-05-22T11:01:09,SYSTEM,SYS,0,0,12,31
2026-05-22T11:01:31,SENSOR,SYS,0,0,29,50
2026-05-22T11:01:41,SYSTEM,WEB,0,0,1,0
2026-05-22T11:02:02,SENSOR,SYS,0,0,29,50
2026-05-22T11:02:09,SYSTEM,SYS,0,0,7,102
2026-05-22T11:02:09,SYSTEM,SYS,0,0,8,8153
2026-05-22T11:02:09,SYSTEM,SYS,0,0,12,31
2026-05-22T11:02:32,SENSOR,SYS,0,0,29,49
2026-05-22T11:03:03,SENSOR,SYS,0,0,29,49
2026-05-22T11:03:10,SYSTEM,SYS,0,0,7,102
2026-05-22T11:03:10,SYSTEM,SYS,0,0,8,8153
2026-05-22T11:03:10,SYSTEM,SYS,0,0,12,31
2026-05-22T11:03:33,SENSOR,SYS,0,0,29,49
2026-05-22T11:03:43,SYSTEM,WEB,0,0,1,0
2026-05-22T11:04:03,SENSOR,SYS,0,0,30,49
2026-05-22T11:03:47,MODE,SYS,0,0,2,512
2026-05-22T11:04:03,RELAY,SYS,2,0,2,0
2026-05-22T11:04:09,SYSTEM,SYS,0,0,7,102
2026-05-22T11:04:09,SYSTEM,SYS,0,0,8,8153
2026-05-22T11:04:09,SYSTEM,SYS,0,0,12,31
2026-05-22T11:04:29,RELAY,SYS,2,0,3,0
2026-05-22T11:04:33,SENSOR,SYS,0,0,30,48
2026-05-22T11:05:04,SENSOR,SYS,0,0,30,48
2026-05-22T11:05:09,SYSTEM,SYS,0,0,7,102
2026-05-22T11:05:09,SYSTEM,SYS,0,0,8,8153
2026-05-22T11:05:09,SYSTEM,SYS,0,0,12,31
2026-05-22T11:05:34,SENSOR,SYS,0,0,30,48
2026-05-22T11:05:43,SYSTEM,WEB,0,0,1,0
2026-05-22T11:06:05,SENSOR,SYS,0,0,30,48
2026-05-22T11:06:10,SYSTEM,SYS,0,0,7,102
2026-05-22T11:06:10,SYSTEM,SYS,0,0,8,8153
2026-05-22T11:06:10,SYSTEM,SYS,0,0,12,31
2026-05-22T11:06:35,SENSOR,SYS,0,0,31,47
2026-05-22T11:05:45,MODE,SYS,0,0,3,768
2026-05-22T11:06:35,RELAY,SYS,3,0,2,0
2026-05-22T11:07:05,SENSOR,SYS,0,0,31,47
2026-05-22T11:07:09,SYSTEM,SYS,0,0,7,102
2026-05-22T11:07:09,SYSTEM,SYS,0,0,8,8153
2026-05-22T11:07:09,SYSTEM,SYS,0,0,12,31
2026-05-22T11:07:35,SENSOR,SYS,0,0,31,47
2026-05-22T11:07:44,SYSTEM,WEB,0,0,1,0
2026-05-22T11:08:06,SENSOR,SYS,0,0,31,47
2026-05-22T11:08:09,SYSTEM,SYS,0,0,7,102
2026-05-22T11:08:09,SYSTEM,SYS,0,0,8,8153
2026-05-22T11:08:09,SYSTEM,SYS,0,0,12,31
2026-05-22T11:08:36,SENSOR,SYS,0,0,31,46
2026-05-22T11:09:06,SENSOR,SYS,0,0,31,46
2026-05-22T11:09:09,SYSTEM,SYS,0,0,7,102
2026-05-22T11:09:09,SYSTEM,SYS,0,0,8,8153
2026-05-22T11:09:09,SYSTEM,SYS,0,0,12,31
2026-05-22T11:09:30,RELAY,SYS,3,0,3,0
2026-05-22T11:09:36,SENSOR,SYS,0,0,30,46
2026-05-22T11:08:40,MODE,SYS,0,0,2,512
2026-05-22T11:09:45,SYSTEM,WEB,0,0,1,0
2026-05-22T11:10:07,SENSOR,SYS,0,0,30,46
2026-05-22T11:10:09,SYSTEM,SYS,0,0,7,102
2026-05-22T11:10:09,SYSTEM,SYS,0,0,8,8153
2026-05-22T11:10:09,SYSTEM,SYS,0,0,12,31
2026-05-22T11:10:37,SENSOR,SYS,0,0,30,46
2026-05-22T11:11:08,SENSOR,SYS,0,0,30,46
2026-05-22T11:11:10,SYSTEM,SYS,0,0,7,102
2026-05-22T11:11:10,SYSTEM,SYS,0,0,8,8153
2026-05-22T11:11:10,SYSTEM,SYS,0,0,12,31
2026-05-22T11:11:38,SENSOR,SYS,0,0,30,45
2026-05-22T11:11:46,SYSTEM,WEB,0,0,1,0
2026-05-22T11:12:08,SENSOR,SYS,0,0,30,45
2026-05-22T11:12:09,SYSTEM,SYS,0,0,7,102
2026-05-22T11:12:09,SYSTEM,SYS,0,0,8,8153
2026-05-22T11:12:09,SYSTEM,SYS,0,0,12,31
2026-05-22T11:12:39,SENSOR,SYS,0,0,30,45
2026-05-22T11:13:09,SENSOR,SYS,0,0,30,45
2026-05-22T11:13:10,SYSTEM,SYS,0,0,7,102
2026-05-22T11:13:10,SYSTEM,SYS,0,0,8,8153
2026-05-22T11:13:10,SYSTEM,SYS,0,0,12,31
2026-05-22T11:13:39,SENSOR,SYS,0,0,30,45
2026-05-22T11:13:46,SYSTEM,WEB,0,0,1,0
2026-05-22T11:14:09,SYSTEM,SYS,0,0,7,102
2026-05-22T11:14:09,SYSTEM,SYS,0,0,8,8153
2026-05-22T11:14:09,SYSTEM,SYS,0,0,12,31
2026-05-22T11:14:09,SENSOR,SYS,0,0,30,45
2026-05-22T11:14:40,SENSOR,SYS,0,0,30,45
2026-05-22T11:15:09,SYSTEM,SYS,0,0,7,102
2026-05-22T11:15:09,SYSTEM,SYS,0,0,8,8153
2026-05-22T11:15:09,SYSTEM,SYS,0,0,12,31
2026-05-22T11:15:10,SENSOR,SYS,0,0,30,44
2026-05-22T11:15:41,SENSOR,SYS,0,0,30,44
2026-05-22T11:15:47,SYSTEM,WEB,0,0,1,0
2026-05-22T11:16:10,SYSTEM,SYS,0,0,7,102
2026-05-22T11:16:10,SYSTEM,SYS,0,0,8,8153
2026-05-22T11:16:10,SYSTEM,SYS,0,0,12,31
2026-05-22T11:16:11,SENSOR,SYS,0,0,31,44
2026-05-22T11:15:32,MODE,SYS,0,0,3,768
2026-05-22T11:16:41,SENSOR,SYS,0,0,31,44
2026-05-22T11:17:09,SYSTEM,SYS,0,0,7,102
2026-05-22T11:17:09,SYSTEM,SYS,0,0,8,8153
2026-05-22T11:17:09,SYSTEM,SYS,0,0,12,31
2026-05-22T11:17:11,SENSOR,SYS,0,0,31,44
2026-05-22T11:17:42,SENSOR,SYS,0,0,31,44
2026-05-22T11:17:48,SYSTEM,WEB,0,0,1,0
2026-05-22T11:18:09,SYSTEM,SYS,0,0,7,102
2026-05-22T11:18:09,SYSTEM,SYS,0,0,8,8153
2026-05-22T11:18:09,SYSTEM,SYS,0,0,12,31
2026-05-22T11:18:12,SENSOR,SYS,0,0,31,44
2026-05-22T11:18:42,SENSOR,SYS,0,0,31,43
2026-05-22T11:19:09,SYSTEM,SYS,0,0,7,102
2026-05-22T11:19:09,SYSTEM,SYS,0,0,8,8153
2026-05-22T11:19:09,SYSTEM,SYS,0,0,12,31
2026-05-22T11:19:12,SENSOR,SYS,0,0,31,43
2026-05-22T11:19:43,SENSOR,SYS,0,0,31,43
2026-05-22T11:19:49,SYSTEM,WEB,0,0,1,0
2026-05-22T11:20:09,SYSTEM,SYS,0,0,7,102
2026-05-22T11:20:09,SYSTEM,SYS,0,0,8,8153
2026-05-22T11:20:09,SYSTEM,SYS,0,0,12,31
2026-05-22T11:20:13,SENSOR,SYS,0,0,30,43
2026-05-22T11:19:26,MODE,SYS,0,0,2,512
2026-05-22T11:20:44,SENSOR,SYS,0,0,30,43
2026-05-22T11:21:10,SYSTEM,SYS,0,0,7,102
2026-05-22T11:21:10,SYSTEM,SYS,0,0,8,8153
2026-05-22T11:21:10,SYSTEM,SYS,0,0,12,31
2026-05-22T11:21:14,SENSOR,SYS,0,0,31,43
2026-05-22T11:20:25,MODE,SYS,0,0,3,768
2026-05-22T11:21:44,SENSOR,SYS,0,0,31,43
2026-05-22T11:21:49,SYSTEM,WEB,0,0,1,0
2026-05-22T11:22:09,SYSTEM,SYS,0,0,7,102
2026-05-22T11:22:09,SYSTEM,SYS,0,0,8,8153
2026-05-22T11:22:09,SYSTEM,SYS,0,0,12,31
2026-05-22T11:22:14,SENSOR,SYS,0,0,31,43
2026-05-22T11:22:45,SENSOR,SYS,0,0,31,43
2026-05-22T11:23:09,SYSTEM,SYS,0,0,7,102
2026-05-22T11:23:09,SYSTEM,SYS,0,0,8,8153
2026-05-22T11:23:09,SYSTEM,SYS,0,0,12,31
2026-05-22T11:23:15,SENSOR,SYS,0,0,31,43
2026-05-22T11:23:46,SENSOR,SYS,0,0,31,43
2026-05-22T11:23:51,SYSTEM,WEB,0,0,1,0
2026-05-22T11:24:10,SYSTEM,SYS,0,0,7,102
2026-05-22T11:24:10,SYSTEM,SYS,0,0,8,8153
2026-05-22T11:24:10,SYSTEM,SYS,0,0,12,31
2026-05-22T11:24:16,SENSOR,SYS,0,0,31,43
2026-05-22T11:24:46,SENSOR,SYS,0,0,31,43
2026-05-22T11:25:09,SYSTEM,SYS,0,0,7,102
2026-05-22T11:25:09,SYSTEM,SYS,0,0,8,8153
2026-05-22T11:25:09,SYSTEM,SYS,0,0,12,31
2026-05-22T11:25:16,SENSOR,SYS,0,0,31,43
2026-05-22T11:25:47,SENSOR,SYS,0,0,31,43
2026-05-22T11:25:51,SYSTEM,WEB,0,0,1,0
2026-05-22T11:26:09,SYSTEM,SYS,0,0,7,102
2026-05-22T11:26:09,SYSTEM,SYS,0,0,8,8153
2026-05-22T11:26:09,SYSTEM,SYS,0,0,12,31
2026-05-22T11:26:17,SENSOR,SYS,0,0,32,43
2026-05-22T11:26:47,SENSOR,SYS,0,0,32,43
2026-05-22T11:27:09,SYSTEM,SYS,0,0,7,102
2026-05-22T11:27:09,SYSTEM,SYS,0,0,8,8153
2026-05-22T11:27:09,SYSTEM,SYS,0,0,12,31
2026-05-22T11:27:18,SENSOR,SYS,0,0,32,43
2026-05-22T11:27:48,SENSOR,SYS,0,0,32,43
2026-05-22T11:27:52,SYSTEM,WEB,0,0,1,0
2026-05-22T11:28:09,SYSTEM,SYS,0,0,7,102
2026-05-22T11:28:10,SYSTEM,SYS,0,0,8,8153
2026-05-22T11:28:10,SYSTEM,SYS,0,0,12,31
2026-05-22T11:28:18,SENSOR,SYS,0,0,32,43
2026-05-22T11:28:48,SENSOR,SYS,0,0,32,43
2026-05-22T11:29:09,SYSTEM,SYS,0,0,7,102
2026-05-22T11:29:09,SYSTEM,SYS,0,0,8,8153
2026-05-22T11:29:09,SYSTEM,SYS,0,0,12,31
2026-05-22T11:29:19,SENSOR,SYS,0,0,31,43
2026-05-22T11:29:49,SENSOR,SYS,0,0,31,43
2026-05-22T11:29:53,SYSTEM,WEB,0,0,1,0
2026-05-22T11:30:09,SYSTEM,SYS,0,0,7,102
2026-05-22T11:30:09,SYSTEM,SYS,0,0,8,8153
2026-05-22T11:30:09,SYSTEM,SYS,0,0,12,31
2026-05-22T11:30:20,SENSOR,SYS,0,0,31,43
2026-05-22T11:30:50,SENSOR,SYS,0,0,31,43
2026-05-22T11:31:10,SYSTEM,SYS,0,0,7,102
2026-05-22T11:31:10,SYSTEM,SYS,0,0,8,8153
2026-05-22T11:31:10,SYSTEM,SYS,0,0,12,31
2026-05-22T11:31:20,SENSOR,SYS,0,0,31,43
2026-05-22T11:31:33,SENSOR,SYS,0,0,31,43
2026-05-22T11:31:36,SYSTEM,WEB,0,0,1,0
2026-05-22T11:32:09,SYSTEM,SYS,0,0,7,102
2026-05-22T11:32:09,SYSTEM,SYS,0,0,8,8153
2026-05-22T11:32:09,SYSTEM,SYS,0,0,12,31
2026-05-22T11:32:21,SENSOR,SYS,0,0,31,43
2026-05-22T11:32:51,SENSOR,SYS,0,0,31,43
2026-05-22T11:33:10,SYSTEM,SYS,0,0,7,102
2026-05-22T11:33:10,SYSTEM,SYS,0,0,8,8153
2026-05-22T11:33:10,SYSTEM,SYS,0,0,12,31
2026-05-22T11:33:22,SENSOR,SYS,0,0,31,43
2026-05-22T11:33:52,SENSOR,SYS,0,0,31,43
2026-05-22T11:33:55,SYSTEM,WEB,0,0,1,0
2026-05-22T11:34:09,SYSTEM,SYS,0,0,7,102
2026-05-22T11:34:09,SYSTEM,SYS,0,0,8,8153
2026-05-22T11:34:09,SYSTEM,SYS,0,0,12,31
2026-05-22T11:34:22,SENSOR,SYS,0,0,31,43
2026-05-22T11:34:52,SENSOR,SYS,0,0,31,43
2026-05-22T11:35:10,SYSTEM,SYS,0,0,7,102
2026-05-22T11:35:10,SYSTEM,SYS,0,0,8,8153
2026-05-22T11:35:10,SYSTEM,SYS,0,0,12,31
2026-05-22T11:35:23,SENSOR,SYS,0,0,32,43
2026-05-22T11:35:53,SENSOR,SYS,0,0,32,43
2026-05-22T11:35:55,SYSTEM,WEB,0,0,1,0
2026-05-22T11:36:09,SYSTEM,SYS,0,0,7,102
2026-05-22T11:36:09,SYSTEM,SYS,0,0,8,8153
2026-05-22T11:36:09,SYSTEM,SYS,0,0,12,31
2026-05-22T11:36:23,SENSOR,SYS,0,0,32,43
2026-05-22T11:36:53,SENSOR,SYS,0,0,32,43
2026-05-22T11:37:09,SYSTEM,SYS,0,0,7,102
2026-05-22T11:37:09,SYSTEM,SYS,0,0,8,8153
2026-05-22T11:37:09,SYSTEM,SYS,0,0,12,31
2026-05-22T11:37:24,SENSOR,SYS,0,0,32,43
2026-05-22T11:37:54,SENSOR,SYS,0,0,32,43
2026-05-22T11:37:56,SYSTEM,WEB,0,0,1,0
2026-05-22T11:38:10,SYSTEM,SYS,0,0,7,102
2026-05-22T11:38:10,SYSTEM,SYS,0,0,8,8153
2026-05-22T11:38:10,SYSTEM,SYS,0,0,12,31
2026-05-22T11:38:25,SENSOR,SYS,0,0,32,43
2026-05-22T11:38:55,SENSOR,SYS,0,0,32,43
2026-05-22T11:39:09,SYSTEM,SYS,0,0,7,102
2026-05-22T11:39:09,SYSTEM,SYS,0,0,8,8153
2026-05-22T11:39:09,SYSTEM,SYS,0,0,12,31
2026-05-22T11:39:25,SENSOR,SYS,0,0,32,42
2026-05-22T11:39:55,SENSOR,SYS,0,0,32,42
2026-05-22T11:39:57,SYSTEM,WEB,0,0,1,0
2026-05-22T11:40:09,SYSTEM,SYS,0,0,7,102
2026-05-22T11:40:09,SYSTEM,SYS,0,0,8,8153
2026-05-22T11:40:09,SYSTEM,SYS,0,0,12,31
2026-05-22T11:40:26,SENSOR,SYS,0,0,32,42
2026-05-22T11:40:56,SENSOR,SYS,0,0,32,42
2026-05-22T11:41:10,SYSTEM,SYS,0,0,7,102
2026-05-22T11:41:10,SYSTEM,SYS,0,0,8,8153
2026-05-22T11:41:10,SYSTEM,SYS,0,0,12,31
2026-05-22T11:41:27,SENSOR,SYS,0,0,32,42
2026-05-22T11:41:57,SENSOR,SYS,0,0,32,42
2026-05-22T11:41:58,SYSTEM,WEB,0,0,1,0
2026-05-22T11:42:09,SYSTEM,SYS,0,0,7,102
2026-05-22T11:42:09,SYSTEM,SYS,0,0,8,8153
2026-05-22T11:42:09,SYSTEM,SYS,0,0,12,31
2026-05-22T11:42:27,SENSOR,SYS,0,0,32,41
2026-05-22T11:42:57,SENSOR,SYS,0,0,32,41
2026-05-22T11:43:09,SYSTEM,SYS,0,0,7,102
2026-05-22T11:43:09,SYSTEM,SYS,0,0,8,8153
2026-05-22T11:43:09,SYSTEM,SYS,0,0,12,31
2026-05-22T11:43:27,SENSOR,SYS,0,0,33,41
2026-05-22T11:43:58,SENSOR,SYS,0,0,33,41
2026-05-22T11:43:58,SYSTEM,WEB,0,0,1,0
2026-05-22T11:44:09,SYSTEM,SYS,0,0,7,102
2026-05-22T11:44:09,SYSTEM,SYS,0,0,8,8153
2026-05-22T11:44:09,SYSTEM,SYS,0,0,12,31
2026-05-22T11:44:28,SENSOR,SYS,0,0,33,41
2026-05-22T11:44:59,SENSOR,SYS,0,0,33,41
2026-05-22T11:45:10,SYSTEM,SYS,0,0,7,102
2026-05-22T11:45:10,SYSTEM,SYS,0,0,8,8153
2026-05-22T11:45:10,SYSTEM,SYS,0,0,12,31
2026-05-22T11:45:29,SENSOR,SYS,0,0,33,41
2026-05-22T11:45:59,SENSOR,SYS,0,0,33,41
2026-05-22T11:45:59,SYSTEM,WEB,0,0,1,0
2026-05-22T11:46:09,SYSTEM,SYS,0,0,7,102
2026-05-22T11:46:09,SYSTEM,SYS,0,0,8,8153
2026-05-22T11:46:09,SYSTEM,SYS,0,0,12,31
2026-05-22T11:46:29,SENSOR,SYS,0,0,33,41
2026-05-22T11:47:00,SENSOR,SYS,0,0,33,41
2026-05-22T11:47:09,SYSTEM,SYS,0,0,7,102
2026-05-22T11:47:09,SYSTEM,SYS,0,0,8,8153
2026-05-22T11:47:09,SYSTEM,SYS,0,0,12,31
2026-05-22T11:47:30,SENSOR,SYS,0,0,33,40
2026-05-22T11:48:01,SYSTEM,WEB,0,0,1,0
2026-05-22T11:48:01,SENSOR,SYS,0,0,33,40
2026-05-22T11:48:10,SYSTEM,SYS,0,0,7,102
2026-05-22T11:48:10,SYSTEM,SYS,0,0,8,8153
2026-05-22T11:48:10,SYSTEM,SYS,0,0,12,31
2026-05-22T11:48:31,SENSOR,SYS,0,0,33,40
2026-05-22T11:49:01,SENSOR,SYS,0,0,33,40
2026-05-22T11:49:09,SYSTEM,SYS,0,0,7,102
2026-05-22T11:49:09,SYSTEM,SYS,0,0,8,8153
2026-05-22T11:49:09,SYSTEM,SYS,0,0,12,31
2026-05-22T11:49:31,SENSOR,SYS,0,0,32,40
2026-05-22T11:50:01,SYSTEM,WEB,0,0,1,0
2026-05-22T11:50:02,SENSOR,SYS,0,0,32,41
2026-05-22T11:50:09,SYSTEM,SYS,0,0,7,102
2026-05-22T11:50:09,SYSTEM,SYS,0,0,8,8153
2026-05-22T11:50:09,SYSTEM,SYS,0,0,12,31
2026-05-22T11:50:32,SENSOR,SYS,0,0,32,41
2026-05-22T11:51:02,SENSOR,SYS,0,0,31,41
2026-05-22T11:51:09,SYSTEM,SYS,0,0,7,102
2026-05-22T11:51:09,SYSTEM,SYS,0,0,8,8153
2026-05-22T11:51:09,SYSTEM,SYS,0,0,12,31
2026-05-22T11:51:32,SENSOR,SYS,0,0,31,41
2026-05-22T11:52:02,SYSTEM,WEB,0,0,1,0
2026-05-22T11:52:03,SENSOR,SYS,0,0,31,42
2026-05-22T11:52:09,SYSTEM,SYS,0,0,7,102
2026-05-22T11:52:09,SYSTEM,SYS,0,0,8,8153
2026-05-22T11:52:09,SYSTEM,SYS,0,0,12,31
2026-05-22T11:52:33,SENSOR,SYS,0,0,30,42
2026-05-22T11:51:42,MODE,SYS,0,0,2,512
2026-05-22T11:52:33,RELAY,SYS,3,0,4,0
2026-05-22T11:53:04,SENSOR,SYS,0,0,30,42
2026-05-22T11:53:10,SYSTEM,SYS,0,0,7,102
2026-05-22T11:53:10,SYSTEM,SYS,0,0,8,8153
2026-05-22T11:53:10,SYSTEM,SYS,0,0,12,31
2026-05-22T11:53:34,SENSOR,SYS,0,0,30,42
2026-05-22T11:54:03,SYSTEM,WEB,0,0,1,0
2026-05-22T11:54:04,SENSOR,SYS,0,0,29,43
2026-05-22T11:53:39,MODE,SYS,0,0,1,256
2026-05-22T11:54:04,RELAY,SYS,2,0,4,0
2026-05-22T11:54:09,SYSTEM,SYS,0,0,7,102
2026-05-22T11:54:09,SYSTEM,SYS,0,0,8,8153
2026-05-22T11:54:09,SYSTEM,SYS,0,0,12,31
2026-05-22T11:54:30,RELAY,SYS,2,0,1,0
2026-05-22T11:54:34,SENSOR,SYS,0,0,29,43
2026-05-22T11:55:05,SENSOR,SYS,0,0,28,43
2026-05-22T11:55:09,SYSTEM,SYS,0,0,7,102
2026-05-22T11:55:09,SYSTEM,SYS,0,0,8,8153
2026-05-22T11:55:09,SYSTEM,SYS,0,0,12,31
2026-05-22T11:55:29,RELAY,SYS,3,0,1,0
2026-05-22T11:55:35,SENSOR,SYS,0,0,28,44
2026-05-22T11:56:04,SYSTEM,WEB,0,0,1,0
2026-05-22T11:56:06,SENSOR,SYS,0,0,28,44
2026-05-22T11:56:10,SYSTEM,SYS,0,0,7,102
2026-05-22T11:56:10,SYSTEM,SYS,0,0,8,8153
2026-05-22T11:56:10,SYSTEM,SYS,0,0,12,31
2026-05-22T11:56:36,SENSOR,SYS,0,0,28,44
2026-05-22T11:57:06,SENSOR,SYS,0,0,28,45
2026-05-22T11:57:09,SYSTEM,SYS,0,0,7,102
2026-05-22T11:57:09,SYSTEM,SYS,0,0,8,8153
2026-05-22T11:57:09,SYSTEM,SYS,0,0,12,31
2026-05-22T11:57:37,SENSOR,SYS,0,0,28,45
2026-05-22T11:58:05,SYSTEM,WEB,0,0,1,0
2026-05-22T11:58:07,SENSOR,SYS,0,0,28,45
2026-05-22T11:58:10,SYSTEM,SYS,0,0,7,102
2026-05-22T11:58:10,SYSTEM,SYS,0,0,8,8153
2026-05-22T11:58:10,SYSTEM,SYS,0,0,12,31
2026-05-22T11:58:37,SENSOR,SYS,0,0,28,45
2026-05-22T11:59:07,SENSOR,SYS,0,0,28,46
2026-05-22T11:59:09,SYSTEM,SYS,0,0,7,102
2026-05-22T11:59:09,SYSTEM,SYS,0,0,8,8153
2026-05-22T11:59:09,SYSTEM,SYS,0,0,12,31
2026-05-22T11:59:38,SENSOR,SYS,0,0,28,46
2026-05-22T12:00:05,SYSTEM,WEB,0,0,1,0
2026-05-22T12:00:08,SENSOR,SYS,0,0,28,46
2026-05-22T12:00:09,SYSTEM,SYS,0,0,7,102
2026-05-22T12:00:09,SYSTEM,SYS,0,0,8,8153
2026-05-22T12:00:10,SYSTEM,SYS,0,0,12,31
2026-05-22T12:00:38,SENSOR,SYS,0,0,29,46
2026-05-22T12:01:08,SENSOR,SYS,0,0,29,45
2026-05-22T12:01:09,SYSTEM,SYS,0,0,7,102
2026-05-22T12:01:09,SYSTEM,SYS,0,0,8,8153
2026-05-22T12:01:09,SYSTEM,SYS,0,0,12,31
2026-05-22T12:01:39,SENSOR,SYS,0,0,30,45
2026-05-22T12:01:29,MODE,SYS,0,0,2,512
2026-05-22T12:01:39,RELAY,SYS,2,0,2,0
2026-05-22T12:02:05,RELAY,SYS,2,0,3,0
2026-05-22T12:02:06,SYSTEM,WEB,0,0,1,0
2026-05-22T12:02:09,SENSOR,SYS,0,0,30,45
2026-05-22T12:02:09,SYSTEM,SYS,0,0,7,102
2026-05-22T12:02:09,SYSTEM,SYS,0,0,8,8153
2026-05-22T12:02:09,SYSTEM,SYS,0,0,12,31
2026-05-22T12:02:40,SENSOR,SYS,0,0,30,45
2026-05-22T12:03:10,SYSTEM,SYS,0,0,7,102
2026-05-22T12:03:10,SYSTEM,SYS,0,0,8,8153
2026-05-22T12:03:10,SYSTEM,SYS,0,0,12,31
2026-05-22T12:03:10,SENSOR,SYS,0,0,31,44
2026-05-22T12:02:28,MODE,SYS,0,0,3,768
2026-05-22T12:03:40,SENSOR,SYS,0,0,31,44
2026-05-22T12:04:06,SYSTEM,WEB,0,0,1,0
2026-05-22T12:04:09,SYSTEM,SYS,0,0,7,102
2026-05-22T12:04:09,SYSTEM,SYS,0,0,8,8153
2026-05-22T12:04:09,SYSTEM,SYS,0,0,12,31
2026-05-22T12:04:10,SENSOR,SYS,0,0,32,44
2026-05-22T12:04:41,SENSOR,SYS,0,0,32,44
2026-05-22T12:05:09,SYSTEM,SYS,0,0,7,102
2026-05-22T12:05:09,SYSTEM,SYS,0,0,8,8153
2026-05-22T12:05:09,SYSTEM,SYS,0,0,12,31
2026-05-22T12:05:11,SENSOR,SYS,0,0,32,43
2026-05-22T12:05:42,SENSOR,SYS,0,0,33,43
2026-05-22T12:05:42,RELAY,SYS,3,0,2,0
2026-05-22T12:06:09,SYSTEM,WEB,0,0,1,0
2026-05-22T12:06:10,SYSTEM,SYS,0,0,7,102
2026-05-22T12:06:10,SYSTEM,SYS,0,0,8,8153
2026-05-22T12:06:10,SYSTEM,SYS,0,0,12,31
2026-05-22T12:06:12,SENSOR,SYS,0,0,33,43
2026-05-22T12:06:42,SENSOR,SYS,0,0,33,43
2026-05-22T12:07:09,SYSTEM,SYS,0,0,7,102
2026-05-22T12:07:09,SYSTEM,SYS,0,0,8,8153
2026-05-22T12:07:09,SYSTEM,SYS,0,0,12,31
2026-05-22T12:07:12,SENSOR,SYS,0,0,33,42
2026-05-22T12:07:43,SENSOR,SYS,0,0,33,42
2026-05-22T12:08:08,SYSTEM,WEB,0,0,1,0
2026-05-22T12:08:10,SYSTEM,SYS,0,0,7,102
2026-05-22T12:08:10,SYSTEM,SYS,0,0,8,8153
2026-05-22T12:08:10,SYSTEM,SYS,0,0,12,31
2026-05-22T12:08:13,SENSOR,SYS,0,0,33,42
2026-05-22T12:08:37,RELAY,SYS,3,0,3,0
2026-05-22T12:08:43,SENSOR,SYS,0,0,33,42
2026-05-22T12:09:09,SYSTEM,SYS,0,0,7,102
2026-05-22T12:09:09,SYSTEM,SYS,0,0,8,8153
2026-05-22T12:09:09,SYSTEM,SYS,0,0,12,31
2026-05-22T12:09:13,SENSOR,SYS,0,0,33,41
2026-05-22T12:09:44,SENSOR,SYS,0,0,33,41
2026-05-22T12:10:08,SYSTEM,WEB,0,0,1,0
2026-05-22T12:10:09,SYSTEM,SYS,0,0,7,102
2026-05-22T12:10:09,SYSTEM,SYS,0,0,8,8153
2026-05-22T12:10:09,SYSTEM,SYS,0,0,12,31
2026-05-22T12:10:14,SENSOR,SYS,0,0,32,42
2026-05-22T12:10:45,SENSOR,SYS,0,0,32,42
2026-05-22T12:11:10,SYSTEM,SYS,0,0,7,102
2026-05-22T12:11:10,SYSTEM,SYS,0,0,8,8153
2026-05-22T12:11:10,SYSTEM,SYS,0,0,12,31
2026-05-22T12:11:15,SENSOR,SYS,0,0,32,42
2026-05-22T12:11:45,SENSOR,SYS,0,0,32,42
2026-05-22T12:12:09,SYSTEM,WEB,0,0,1,0
2026-05-22T12:12:09,SYSTEM,SYS,0,0,7,102
2026-05-22T12:12:09,SYSTEM,SYS,0,0,8,8153
2026-05-22T12:12:09,SYSTEM,SYS,0,0,12,31
2026-05-22T12:12:16,SENSOR,SYS,0,0,32,42
2026-05-22T12:12:46,SENSOR,SYS,0,0,32,42
2026-05-22T12:13:10,SYSTEM,SYS,0,0,7,102
2026-05-22T12:13:10,SYSTEM,SYS,0,0,8,8153
2026-05-22T12:13:10,SYSTEM,SYS,0,0,12,31
2026-05-22T12:13:16,SENSOR,SYS,0,0,32,42
2026-05-22T12:13:46,SENSOR,SYS,0,0,32,42
2026-05-22T12:14:09,SYSTEM,SYS,0,0,7,70
2026-05-22T12:14:09,SYSTEM,SYS,0,0,8,8153
2026-05-22T12:14:09,SYSTEM,SYS,0,0,12,31
2026-05-22T12:14:10,SYSTEM,WEB,0,0,1,0
2026-05-22T12:14:17,SENSOR,SYS,0,0,32,42
2026-05-22T12:14:47,SENSOR,SYS,0,0,32,42
2026-05-22T12:15:09,SYSTEM,SYS,0,0,7,102
2026-05-22T12:15:09,SYSTEM,SYS,0,0,8,8153
2026-05-22T12:15:09,SYSTEM,SYS,0,0,12,31
2026-05-22T12:15:17,SENSOR,SYS,0,0,32,42
2026-05-22T12:15:47,SENSOR,SYS,0,0,32,42
2026-05-22T12:16:09,SYSTEM,SYS,0,0,7,102
2026-05-22T12:16:09,SYSTEM,SYS,0,0,8,8153
2026-05-22T12:16:09,SYSTEM,SYS,0,0,12,31
2026-05-22T12:16:11,SYSTEM,WEB,0,0,1,0
2026-05-22T12:16:18,SENSOR,SYS,0,0,33,42
2026-05-22T12:16:48,SENSOR,SYS,0,0,33,42
2026-05-22T12:17:10,SYSTEM,SYS,0,0,7,102
2026-05-22T12:17:10,SYSTEM,SYS,0,0,8,8153
2026-05-22T12:17:10,SYSTEM,SYS,0,0,12,31
2026-05-22T12:17:19,SENSOR,SYS,0,0,33,42
2026-05-22T12:17:49,SENSOR,SYS,0,0,33,42
2026-05-22T12:18:09,SYSTEM,SYS,0,0,7,102
2026-05-22T12:18:09,SYSTEM,SYS,0,0,8,8153
2026-05-22T12:18:09,SYSTEM,SYS,0,0,12,31
2026-05-22T12:18:11,SYSTEM,WEB,0,0,1,0
2026-05-22T12:18:19,SENSOR,SYS,0,0,33,42
2026-05-22T12:18:49,SENSOR,SYS,0,0,33,43
2026-05-22T12:19:09,SYSTEM,SYS,0,0,7,102
2026-05-22T12:19:09,SYSTEM,SYS,0,0,8,8153
2026-05-22T12:19:09,SYSTEM,SYS,0,0,12,31
2026-05-22T12:19:20,SENSOR,SYS,0,0,32,43
2026-05-22T12:19:50,SENSOR,SYS,0,0,32,43
2026-05-22T12:20:10,SYSTEM,SYS,0,0,7,102
2026-05-22T12:20:10,SYSTEM,SYS,0,0,8,8153
2026-05-22T12:20:10,SYSTEM,SYS,0,0,12,31
2026-05-22T12:20:13,SYSTEM,WEB,0,0,1,0
2026-05-22T12:20:21,SENSOR,SYS,0,0,32,43
2026-05-22T12:20:51,SENSOR,SYS,0,0,32,43
2026-05-22T12:21:09,SYSTEM,SYS,0,0,7,102
2026-05-22T12:21:09,SYSTEM,SYS,0,0,8,8153
2026-05-22T12:21:09,SYSTEM,SYS,0,0,12,31
2026-05-22T12:21:21,SENSOR,SYS,0,0,31,43
2026-05-22T12:21:51,SENSOR,SYS,0,0,31,43
2026-05-22T12:22:09,SYSTEM,SYS,0,0,7,102
2026-05-22T12:22:09,SYSTEM,SYS,0,0,8,8153
2026-05-22T12:22:09,SYSTEM,SYS,0,0,12,31
2026-05-22T12:22:14,SYSTEM,WEB,0,0,1,0
2026-05-22T12:22:22,SENSOR,SYS,0,0,31,43
2026-05-22T12:22:52,SENSOR,SYS,0,0,31,43
2026-05-22T12:23:09,SYSTEM,SYS,0,0,7,102
2026-05-22T12:23:09,SYSTEM,SYS,0,0,8,8153
2026-05-22T12:23:09,SYSTEM,SYS,0,0,12,31
2026-05-22T12:23:22,SENSOR,SYS,0,0,31,43
2026-05-22T12:23:52,SENSOR,SYS,0,0,31,43
2026-05-22T12:24:09,SYSTEM,SYS,0,0,7,102
2026-05-22T12:24:09,SYSTEM,SYS,0,0,8,8153
2026-05-22T12:24:09,SYSTEM,SYS,0,0,12,31
2026-05-22T12:24:14,SYSTEM,WEB,0,0,1,0
2026-05-22T12:24:23,SENSOR,SYS,0,0,31,43
2026-05-22T12:24:53,SENSOR,SYS,0,0,31,43
2026-05-22T12:25:10,SYSTEM,SYS,0,0,7,102
2026-05-22T12:25:10,SYSTEM,SYS,0,0,8,8153
2026-05-22T12:25:10,SYSTEM,SYS,0,0,12,31
2026-05-22T12:25:24,SENSOR,SYS,0,0,31,43
2026-05-22T12:25:54,SENSOR,SYS,0,0,32,44
2026-05-22T12:26:09,SYSTEM,SYS,0,0,7,102
2026-05-22T12:26:09,SYSTEM,SYS,0,0,8,8153
2026-05-22T12:26:09,SYSTEM,SYS,0,0,12,31
2026-05-22T12:26:14,SYSTEM,WEB,0,0,1,0
2026-05-22T12:26:24,SENSOR,SYS,0,0,32,44
2026-05-22T12:26:55,SENSOR,SYS,0,0,32,44
2026-05-22T12:27:10,SYSTEM,SYS,0,0,7,102
2026-05-22T12:27:10,SYSTEM,SYS,0,0,8,8153
2026-05-22T12:27:10,SYSTEM,SYS,0,0,12,31
2026-05-22T12:27:25,SENSOR,SYS,0,0,32,44
2026-05-22T12:27:55,SENSOR,SYS,0,0,32,44
2026-05-22T12:28:09,SYSTEM,SYS,0,0,7,102
2026-05-22T12:28:09,SYSTEM,SYS,0,0,8,8153
2026-05-22T12:28:09,SYSTEM,SYS,0,0,12,31
2026-05-22T12:28:15,SYSTEM,WEB,0,0,1,0
2026-05-22T12:28:25,SENSOR,SYS,0,0,32,44
2026-05-22T12:28:56,SENSOR,SYS,0,0,32,44
2026-05-22T12:29:09,SYSTEM,SYS,0,0,7,102
2026-05-22T12:29:09,SYSTEM,SYS,0,0,8,8153
2026-05-22T12:29:09,SYSTEM,SYS,0,0,12,31
2026-05-22T12:29:26,SENSOR,SYS,0,0,32,44
2026-05-22T12:29:57,SENSOR,SYS,0,0,31,44
2026-05-22T12:30:10,SYSTEM,SYS,0,0,7,102
2026-05-22T12:30:10,SYSTEM,SYS,0,0,8,8153
2026-05-22T12:30:10,SYSTEM,SYS,0,0,12,31
2026-05-22T12:30:17,SYSTEM,WEB,0,0,1,0
2026-05-22T12:30:27,SENSOR,SYS,0,0,31,44
2026-05-22T12:30:57,SENSOR,SYS,0,0,31,44
2026-05-22T12:31:09,SYSTEM,SYS,0,0,7,102
2026-05-22T12:31:09,SYSTEM,SYS,0,0,8,8153
2026-05-22T12:31:09,SYSTEM,SYS,0,0,12,31
2026-05-22T12:31:27,SENSOR,SYS,0,0,31,43
2026-05-22T12:31:41,SENSOR,SYS,0,0,31,43
2026-05-22T12:31:52,SYSTEM,SYS,0,0,7,102
2026-05-22T12:31:52,SYSTEM,SYS,0,0,8,8153
2026-05-22T12:31:52,SYSTEM,SYS,0,0,12,31
2026-05-22T12:32:00,SYSTEM,WEB,0,0,1,0
2026-05-22T12:32:11,SENSOR,SYS,0,0,31,43
2026-05-22T12:32:58,SENSOR,SYS,0,0,32,43
2026-05-22T12:33:09,SYSTEM,SYS,0,0,7,102
2026-05-22T12:33:09,SYSTEM,SYS,0,0,8,8153
2026-05-22T12:33:09,SYSTEM,SYS,0,0,12,31
2026-05-22T12:33:28,SENSOR,SYS,0,0,32,43
2026-05-22T12:33:59,SENSOR,SYS,0,0,32,43
2026-05-22T12:34:09,SYSTEM,SYS,0,0,7,102
2026-05-22T12:34:09,SYSTEM,SYS,0,0,8,8153
2026-05-22T12:34:09,SYSTEM,SYS,0,0,12,31
2026-05-22T12:34:18,SYSTEM,WEB,0,0,1,0
2026-05-22T12:34:29,SENSOR,SYS,0,0,32,43
2026-05-22T12:35:00,SENSOR,SYS,0,0,32,43
2026-05-22T12:35:10,SYSTEM,SYS,0,0,7,102
2026-05-22T12:35:10,SYSTEM,SYS,0,0,8,8153
2026-05-22T12:35:10,SYSTEM,SYS,0,0,12,31
2026-05-22T12:35:30,SENSOR,SYS,0,0,32,42
2026-05-22T12:36:00,SENSOR,SYS,0,0,33,42
2026-05-22T12:36:09,SYSTEM,SYS,0,0,7,102
2026-05-22T12:36:09,SYSTEM,SYS,0,0,8,8153
2026-05-22T12:36:09,SYSTEM,SYS,0,0,12,31
2026-05-22T12:36:19,SYSTEM,WEB,0,0,1,0
2026-05-22T12:36:30,SENSOR,SYS,0,0,33,42
2026-05-22T12:37:01,SENSOR,SYS,0,0,33,42
2026-05-22T12:37:09,SYSTEM,SYS,0,0,7,102
2026-05-22T12:37:09,SYSTEM,SYS,0,0,8,8153
2026-05-22T12:37:09,SYSTEM,SYS,0,0,12,31
2026-05-22T12:37:31,SENSOR,SYS,0,0,33,42
2026-05-22T12:38:02,SENSOR,SYS,0,0,33,42
2026-05-22T12:38:10,SYSTEM,SYS,0,0,7,102
2026-05-22T12:38:10,SYSTEM,SYS,0,0,8,8153
2026-05-22T12:38:10,SYSTEM,SYS,0,0,12,31
2026-05-22T12:38:20,SYSTEM,WEB,0,0,1,0
2026-05-22T12:38:32,SENSOR,SYS,0,0,33,42
2026-05-22T12:39:02,SENSOR,SYS,0,0,33,41
2026-05-22T12:39:09,SYSTEM,SYS,0,0,7,102
2026-05-22T12:39:09,SYSTEM,SYS,0,0,8,8153
2026-05-22T12:39:09,SYSTEM,SYS,0,0,12,31
2026-05-22T12:39:32,SENSOR,SYS,0,0,33,41
2026-05-22T12:40:03,SENSOR,SYS,0,0,32,41
2026-05-22T12:40:10,SYSTEM,SYS,0,0,7,102
2026-05-22T12:40:10,SYSTEM,SYS,0,0,8,8153
2026-05-22T12:40:10,SYSTEM,SYS,0,0,12,31
2026-05-22T12:40:21,SYSTEM,WEB,0,0,1,0
2026-05-22T12:40:33,SENSOR,SYS,0,0,32,41
2026-05-22T12:41:03,SENSOR,SYS,0,0,32,41
2026-05-22T12:41:09,SYSTEM,SYS,0,0,7,102
2026-05-22T12:41:09,SYSTEM,SYS,0,0,8,8153
2026-05-22T12:41:09,SYSTEM,SYS,0,0,12,31
2026-05-22T12:41:33,SENSOR,SYS,0,0,32,41
2026-05-22T12:42:04,SENSOR,SYS,0,0,32,41
2026-05-22T12:42:09,SYSTEM,SYS,0,0,7,102
2026-05-22T12:42:09,SYSTEM,SYS,0,0,8,8153
2026-05-22T12:42:09,SYSTEM,SYS,0,0,12,31
2026-05-22T12:42:21,SYSTEM,WEB,0,0,1,0
2026-05-22T12:42:34,SENSOR,SYS,0,0,32,41
2026-05-22T12:43:04,SENSOR,SYS,0,0,32,41
2026-05-22T12:43:09,SYSTEM,SYS,0,0,7,102
2026-05-22T12:43:09,SYSTEM,SYS,0,0,8,8153
2026-05-22T12:43:09,SYSTEM,SYS,0,0,12,31
2026-05-22T12:43:35,SENSOR,SYS,0,0,32,41
2026-05-22T12:44:05,SENSOR,SYS,0,0,32,41
2026-05-22T12:44:09,SYSTEM,SYS,0,0,7,102
2026-05-22T12:44:09,SYSTEM,SYS,0,0,8,8153
2026-05-22T12:44:09,SYSTEM,SYS,0,0,12,31
2026-05-22T12:44:22,SYSTEM,WEB,0,0,1,0
2026-05-22T12:44:36,SENSOR,SYS,0,0,32,41
2026-05-22T12:45:06,SENSOR,SYS,0,0,32,41
2026-05-22T12:45:10,SYSTEM,SYS,0,0,7,102
2026-05-22T12:45:10,SYSTEM,SYS,0,0,8,8153
2026-05-22T12:45:10,SYSTEM,SYS,0,0,12,31
2026-05-22T12:45:36,SENSOR,SYS,0,0,33,41
2026-05-22T12:46:06,SENSOR,SYS,0,0,33,41
2026-05-22T12:46:09,SYSTEM,SYS,0,0,7,102
2026-05-22T12:46:09,SYSTEM,SYS,0,0,8,8153
2026-05-22T12:46:09,SYSTEM,SYS,0,0,12,31
2026-05-22T12:46:22,SYSTEM,WEB,0,0,1,0
2026-05-22T12:46:37,SENSOR,SYS,0,0,33,41
2026-05-22T12:47:07,SENSOR,SYS,0,0,33,41
2026-05-22T12:47:09,SYSTEM,SYS,0,0,7,102
2026-05-22T12:47:09,SYSTEM,SYS,0,0,8,8153
2026-05-22T12:47:09,SYSTEM,SYS,0,0,12,31
2026-05-22T12:47:38,SENSOR,SYS,0,0,33,41
2026-05-22T12:48:08,SENSOR,SYS,0,0,33,41
2026-05-22T12:48:10,SYSTEM,SYS,0,0,7,102
2026-05-22T12:48:10,SYSTEM,SYS,0,0,8,8153
2026-05-22T12:48:10,SYSTEM,SYS,0,0,12,31
2026-05-22T12:48:24,SYSTEM,WEB,0,0,1,0
2026-05-22T12:48:38,SENSOR,SYS,0,0,33,41
2026-05-22T12:49:08,SENSOR,SYS,0,0,33,41
2026-05-22T12:49:09,SYSTEM,SYS,0,0,7,102
2026-05-22T12:49:09,SYSTEM,SYS,0,0,8,8153
2026-05-22T12:49:09,SYSTEM,SYS,0,0,12,31
2026-05-22T12:49:39,SENSOR,SYS,0,0,33,41
2026-05-22T12:50:09,SENSOR,SYS,0,0,33,41
2026-05-22T12:50:10,SYSTEM,SYS,0,0,7,102
2026-05-22T12:50:10,SYSTEM,SYS,0,0,8,8153
2026-05-22T12:50:10,SYSTEM,SYS,0,0,12,31
2026-05-22T12:50:24,SYSTEM,WEB,0,0,1,0
2026-05-22T12:50:39,SENSOR,SYS,0,0,32,41
2026-05-22T12:51:09,SYSTEM,SYS,0,0,7,102
2026-05-22T12:51:09,SYSTEM,SYS,0,0,8,8153
2026-05-22T12:51:09,SYSTEM,SYS,0,0,12,31
2026-05-22T12:51:09,SENSOR,SYS,0,0,32,41
2026-05-22T12:51:40,SENSOR,SYS,0,0,32,41
2026-05-22T12:52:09,SYSTEM,SYS,0,0,7,102
2026-05-22T12:52:09,SYSTEM,SYS,0,0,8,8153
2026-05-22T12:52:09,SYSTEM,SYS,0,0,12,31
2026-05-22T12:52:10,SENSOR,SYS,0,0,32,41
2026-05-22T12:52:25,SYSTEM,WEB,0,0,1,0
2026-05-22T12:52:41,SENSOR,SYS,0,0,32,41
2026-05-22T12:53:10,SYSTEM,SYS,0,0,7,102
2026-05-22T12:53:10,SYSTEM,SYS,0,0,8,8153
2026-05-22T12:53:10,SYSTEM,SYS,0,0,12,31
2026-05-22T12:53:11,SENSOR,SYS,0,0,32,41
2026-05-22T12:53:41,SENSOR,SYS,0,0,32,41
2026-05-22T12:54:09,SYSTEM,SYS,0,0,7,102
2026-05-22T12:54:09,SYSTEM,SYS,0,0,8,8153
2026-05-22T12:54:09,SYSTEM,SYS,0,0,12,31
2026-05-22T12:54:11,SENSOR,SYS,0,0,32,41
2026-05-22T12:54:26,SYSTEM,WEB,0,0,1,0
2026-05-22T12:54:42,SENSOR,SYS,0,0,32,41
2026-05-22T12:55:09,SYSTEM,SYS,0,0,7,102
2026-05-22T12:55:09,SYSTEM,SYS,0,0,8,8153
2026-05-22T12:55:09,SYSTEM,SYS,0,0,12,31
2026-05-22T12:55:12,SENSOR,SYS,0,0,32,41
2026-05-22T12:55:43,SENSOR,SYS,0,0,33,41
2026-05-22T12:56:10,SYSTEM,SYS,0,0,7,102
2026-05-22T12:56:10,SYSTEM,SYS,0,0,8,8153
2026-05-22T12:56:10,SYSTEM,SYS,0,0,12,31
2026-05-22T12:56:13,SENSOR,SYS,0,0,33,41
2026-05-22T12:56:26,SYSTEM,WEB,0,0,1,0
2026-05-22T12:56:43,SENSOR,SYS,0,0,34,41
2026-05-22T12:57:09,SYSTEM,SYS,0,0,7,102
2026-05-22T12:57:09,SYSTEM,SYS,0,0,8,8153
2026-05-22T12:57:09,SYSTEM,SYS,0,0,12,31
2026-05-22T12:57:13,SENSOR,SYS,0,0,34,41
2026-05-22T12:57:43,SENSOR,SYS,0,0,34,41
2026-05-22T12:58:09,SYSTEM,SYS,0,0,7,102
2026-05-22T12:58:09,SYSTEM,SYS,0,0,8,8153
2026-05-22T12:58:09,SYSTEM,SYS,0,0,12,31
2026-05-22T12:58:14,SENSOR,SYS,0,0,34,41
2026-05-22T12:58:27,SYSTEM,WEB,0,0,1,0
2026-05-22T12:58:44,SENSOR,SYS,0,0,34,41
2026-05-22T12:59:09,SYSTEM,SYS,0,0,7,102
2026-05-22T12:59:09,SYSTEM,SYS,0,0,8,8153
2026-05-22T12:59:09,SYSTEM,SYS,0,0,12,31
2026-05-22T12:59:15,SENSOR,SYS,0,0,34,41
2026-05-22T12:59:45,SENSOR,SYS,0,0,33,41
2026-05-22T13:00:09,SYSTEM,SYS,0,0,7,102
2026-05-22T13:00:09,SYSTEM,SYS,0,0,8,8153
2026-05-22T13:00:09,SYSTEM,SYS,0,0,12,31
2026-05-22T13:00:15,SENSOR,SYS,0,0,33,41
2026-05-22T13:00:28,SYSTEM,WEB,0,0,1,0
2026-05-22T13:00:45,SENSOR,SYS,0,0,33,40
2026-05-22T13:01:09,SYSTEM,SYS,0,0,7,102
2026-05-22T13:01:09,SYSTEM,SYS,0,0,8,8153
2026-05-22T13:01:09,SYSTEM,SYS,0,0,12,31
2026-05-22T13:01:16,SENSOR,SYS,0,0,33,40
2026-05-22T13:01:46,SENSOR,SYS,0,0,33,40
2026-05-22T13:02:10,SYSTEM,SYS,0,0,7,100
2026-05-22T13:02:10,SYSTEM,SYS,0,0,8,8153
2026-05-22T13:02:10,SYSTEM,SYS,0,0,12,31
2026-05-22T13:02:17,SENSOR,SYS,0,0,33,40
2026-05-22T13:02:29,SYSTEM,WEB,0,0,1,0
2026-05-22T13:02:47,SENSOR,SYS,0,0,33,40
2026-05-22T13:03:09,SYSTEM,SYS,0,0,7,99
2026-05-22T13:03:09,SYSTEM,SYS,0,0,8,8153
2026-05-22T13:03:09,SYSTEM,SYS,0,0,12,31
2026-05-22T13:03:17,SENSOR,SYS,0,0,33,40
2026-05-22T13:03:47,SENSOR,SYS,0,0,33,40
2026-05-22T13:04:10,SYSTEM,SYS,0,0,7,100
2026-05-22T13:04:10,SYSTEM,SYS,0,0,8,8153
2026-05-22T13:04:10,SYSTEM,SYS,0,0,12,31
2026-05-22T13:04:18,SENSOR,SYS,0,0,33,40
2026-05-22T13:04:29,SYSTEM,WEB,0,0,0,0
2026-05-22T13:04:48,SENSOR,SYS,0,0,33,40
2026-05-22T13:05:09,SYSTEM,SYS,0,0,7,100
2026-05-22T13:05:09,SYSTEM,SYS,0,0,8,8153
2026-05-22T13:05:09,SYSTEM,SYS,0,0,12,31
2026-05-22T13:05:18,SENSOR,SYS,0,0,33,40
2026-05-22T13:05:48,SENSOR,SYS,0,0,34,40
2026-05-22T13:06:09,SYSTEM,SYS,0,0,7,102
2026-05-22T13:06:09,SYSTEM,SYS,0,0,8,8153
2026-05-22T13:06:09,SYSTEM,SYS,0,0,12,31
2026-05-22T13:06:19,SENSOR,SYS,0,0,34,40
2026-05-22T13:06:30,SYSTEM,WEB,0,0,1,0
2026-05-22T13:06:49,SENSOR,SYS,0,0,34,40
2026-05-22T13:07:10,SYSTEM,SYS,0,0,7,102
2026-05-22T13:07:10,SYSTEM,SYS,0,0,8,8153
2026-05-22T13:07:10,SYSTEM,SYS,0,0,12,31
2026-05-22T13:07:20,SENSOR,SYS,0,0,34,40
2026-05-22T13:07:50,SENSOR,SYS,0,0,34,40
2026-05-22T13:08:09,SYSTEM,SYS,0,0,7,102
2026-05-22T13:08:09,SYSTEM,SYS,0,0,8,8153
2026-05-22T13:08:09,SYSTEM,SYS,0,0,12,31
2026-05-22T13:08:20,SENSOR,SYS,0,0,34,40
2026-05-22T13:08:30,SYSTEM,WEB,0,0,1,0
2026-05-22T13:08:50,SENSOR,SYS,0,0,34,40
2026-05-22T13:09:09,SYSTEM,SYS,0,0,7,102
2026-05-22T13:09:09,SYSTEM,SYS,0,0,8,8153
2026-05-22T13:09:09,SYSTEM,SYS,0,0,12,31
2026-05-22T13:09:21,SENSOR,SYS,0,0,34,40
2026-05-22T13:09:51,SENSOR,SYS,0,0,33,40
2026-05-22T13:10:10,SYSTEM,SYS,0,0,7,102
2026-05-22T13:10:10,SYSTEM,SYS,0,0,8,8153
2026-05-22T13:10:10,SYSTEM,SYS,0,0,12,31
2026-05-22T13:10:22,SENSOR,SYS,0,0,33,40
2026-05-22T13:10:32,SYSTEM,WEB,0,0,1,0
2026-05-22T13:10:52,SENSOR,SYS,0,0,33,40
2026-05-22T13:11:09,SYSTEM,SYS,0,0,7,102
2026-05-22T13:11:09,SYSTEM,SYS,0,0,8,8153
2026-05-22T13:11:09,SYSTEM,SYS,0,0,12,31
2026-05-22T13:11:22,SENSOR,SYS,0,0,33,40
2026-05-22T13:11:52,SENSOR,SYS,0,0,33,40
2026-05-22T13:12:10,SYSTEM,SYS,0,0,7,102
2026-05-22T13:12:10,SYSTEM,SYS,0,0,8,8153
2026-05-22T13:12:10,SYSTEM,SYS,0,0,12,31
2026-05-22T13:12:23,SENSOR,SYS,0,0,33,40
2026-05-22T13:12:33,SYSTEM,WEB,0,0,1,0
2026-05-22T13:12:53,SENSOR,SYS,0,0,33,40
2026-05-22T13:13:09,SYSTEM,SYS,0,0,7,102
2026-05-22T13:13:09,SYSTEM,SYS,0,0,8,8153
2026-05-22T13:13:09,SYSTEM,SYS,0,0,12,31
2026-05-22T13:13:23,SENSOR,SYS,0,0,33,40
2026-05-22T13:13:54,SENSOR,SYS,0,0,33,40
2026-05-22T13:14:10,SYSTEM,SYS,0,0,7,102
2026-05-22T13:14:10,SYSTEM,SYS,0,0,8,8153
2026-05-22T13:14:10,SYSTEM,SYS,0,0,12,31
2026-05-22T13:14:24,SENSOR,SYS,0,0,33,41
2026-05-22T13:14:34,SYSTEM,WEB,0,0,1,0
2026-05-22T13:14:54,SENSOR,SYS,0,0,33,41
2026-05-22T13:15:09,SYSTEM,SYS,0,0,7,102
2026-05-22T13:15:09,SYSTEM,SYS,0,0,8,8153
2026-05-22T13:15:09,SYSTEM,SYS,0,0,12,31
2026-05-22T13:15:24,SENSOR,SYS,0,0,33,41
2026-05-22T13:15:55,SENSOR,SYS,0,0,33,41
2026-05-22T13:16:09,SYSTEM,SYS,0,0,7,102
2026-05-22T13:16:09,SYSTEM,SYS,0,0,8,8153
2026-05-22T13:16:09,SYSTEM,SYS,0,0,12,31
2026-05-22T13:16:25,SENSOR,SYS,0,0,34,41
2026-05-22T13:16:34,SYSTEM,WEB,0,0,1,0
2026-05-22T13:16:56,SENSOR,SYS,0,0,34,41
2026-05-22T13:17:10,SYSTEM,SYS,0,0,7,102
2026-05-22T13:17:10,SYSTEM,SYS,0,0,8,8153
2026-05-22T13:17:10,SYSTEM,SYS,0,0,12,31
2026-05-22T13:17:26,SENSOR,SYS,0,0,34,41
2026-05-22T13:17:56,SENSOR,SYS,0,0,34,41
2026-05-22T13:18:09,SYSTEM,SYS,0,0,7,102
2026-05-22T13:18:09,SYSTEM,SYS,0,0,8,8153
2026-05-22T13:18:09,SYSTEM,SYS,0,0,12,31
2026-05-22T13:18:26,SENSOR,SYS,0,0,34,41
2026-05-22T13:18:35,SYSTEM,WEB,0,0,1,0
2026-05-22T13:18:57,SENSOR,SYS,0,0,34,41
2026-05-22T13:19:09,SYSTEM,SYS,0,0,7,102
2026-05-22T13:19:09,SYSTEM,SYS,0,0,8,8153
2026-05-22T13:19:09,SYSTEM,SYS,0,0,12,31
2026-05-22T13:19:27,SENSOR,SYS,0,0,33,41
2026-05-22T13:19:58,SENSOR,SYS,0,0,33,41
2026-05-22T13:20:10,SYSTEM,SYS,0,0,7,102
2026-05-22T13:20:10,SYSTEM,SYS,0,0,8,8153
2026-05-22T13:20:10,SYSTEM,SYS,0,0,12,31
2026-05-22T13:20:28,SENSOR,SYS,0,0,33,41
2026-05-22T13:20:36,SYSTEM,WEB,0,0,1,0
2026-05-22T13:20:58,SENSOR,SYS,0,0,33,41
2026-05-22T13:21:09,SYSTEM,SYS,0,0,7,102
2026-05-22T13:21:09,SYSTEM,SYS,0,0,8,8153
2026-05-22T13:21:09,SYSTEM,SYS,0,0,12,31
2026-05-22T13:21:28,SENSOR,SYS,0,0,33,41
2026-05-22T13:21:59,SENSOR,SYS,0,0,33,41
2026-05-22T13:22:10,SYSTEM,SYS,0,0,7,102
2026-05-22T13:22:10,SYSTEM,SYS,0,0,8,8153
2026-05-22T13:22:10,SYSTEM,SYS,0,0,12,31
2026-05-22T13:22:29,SENSOR,SYS,0,0,33,41
2026-05-22T13:22:37,SYSTEM,WEB,0,0,1,0
2026-05-22T13:22:59,SENSOR,SYS,0,0,33,41
2026-05-22T13:23:09,SYSTEM,SYS,0,0,7,102
2026-05-22T13:23:09,SYSTEM,SYS,0,0,8,8153
2026-05-22T13:23:09,SYSTEM,SYS,0,0,12,31
2026-05-22T13:34:20,SYSTEM,SYS,0,0,7,251
2026-05-22T13:34:20,SYSTEM,SYS,0,0,8,8189
2026-05-22T13:34:20,SYSTEM,SYS,0,0,12,176
2026-05-22T13:23:21,SYSTEM,SYS,0,0,5,4
2026-05-22T13:23:21,SYSTEM,SYS,0,0,11,9028
2026-05-22T13:23:21,SYSTEM,SYS,0,0,18,45
2026-05-22T13:23:21,RELAY,SYS,1,0,4,0
2026-05-22T13:23:21,RELAY,SYS,2,0,4,0
2026-05-22T13:23:21,RELAY,SYS,3,0,4,0
2026-05-22T13:23:22,SYSTEM,SYS,0,0,1,1
2026-05-22T13:23:22,SYSTEM,SYS,0,0,2,1
2026-05-22T13:23:23,SYSTEM,SYS,0,0,4,1
2026-05-22T13:23:23,SETPT,SYS,0,21,52,52
2026-05-22T13:23:23,SETPT,SYS,0,21,218,218
2026-05-22T13:23:23,SETPT,SYS,0,21,5,5
2026-05-22T13:23:23,SETPT,SYS,0,21,939,939
2026-05-22T13:23:24,SYSTEM,WEB,0,0,1,0
2026-05-22T13:23:47,RELAY,SYS,1,0,1,0
2026-05-22T13:23:47,RELAY,SYS,2,0,1,0
2026-05-22T13:23:59,SENSOR,SYS,0,0,35,39
2026-05-22T13:23:22,MODE,SYS,0,0,3,768
2026-05-22T13:24:20,SYSTEM,SYS,0,0,7,103
2026-05-22T13:24:20,SYSTEM,SYS,0,0,8,8153
2026-05-22T13:24:20,SYSTEM,SYS,0,0,12,31
2026-05-22T13:24:29,SENSOR,SYS,0,0,35,39
2026-05-22T13:24:59,SENSOR,SYS,0,0,35,39
2026-05-22T13:25:19,SYSTEM,SYS,0,0,7,103
2026-05-22T13:25:19,SYSTEM,SYS,0,0,8,8153
2026-05-22T13:25:19,SYSTEM,SYS,0,0,12,31
2026-05-22T13:25:23,SYSTEM,WEB,0,0,1,0
2026-05-22T13:25:29,SENSOR,SYS,0,0,35,39
2026-05-22T13:25:59,SENSOR,SYS,0,0,35,39
2026-05-22T13:26:16,RELAY,SYS,3,0,1,0
2026-05-22T13:26:16,RELAY,SYS,1,0,2,0
2026-05-22T13:26:16,RELAY,SYS,2,0,2,0
2026-05-22T13:26:19,SYSTEM,SYS,0,0,7,104
2026-05-22T13:26:19,SYSTEM,SYS,0,0,8,8153
2026-05-22T13:26:19,SYSTEM,SYS,0,0,12,31
2026-05-22T13:26:30,SENSOR,SYS,0,0,35,39
2026-05-22T13:26:42,RELAY,SYS,1,0,3,0
2026-05-22T13:26:42,RELAY,SYS,2,0,3,0
2026-05-22T13:27:00,SENSOR,SYS,0,0,35,39
2026-05-22T13:27:20,SYSTEM,SYS,0,0,7,104
2026-05-22T13:27:20,SYSTEM,SYS,0,0,8,8153
2026-05-22T13:27:20,SYSTEM,SYS,0,0,12,31
2026-05-22T13:27:25,SYSTEM,WEB,0,0,1,0
