datetime,elapsed_s,T_in_C,RH_in_pct,T_out_C,RH_out_pct,t_avg_C,rh_avg_pct,M1_state,M2_state,M3_state,step_t,step_rh,step_resolved,is_daytime,wind_override
2026-04-02 00:05:32,0,0.98,100.0,0.98,95.1,1,100,CLOSED,CLOSED,CLOSED,0,3,0,0,0
2026-04-02 00:06:32,60,0.98,100.0,0.96,95.1,1,100,CLOSED,CLOSED,CLOSED,0,3,0,0,0
2026-04-02 00:07:32,120,0.98,100.0,0.93,95.1,1,100,CLOSED,CLOSED,CLOSED,0,3,0,0,0
2026-04-02 00:08:32,180,0.98,100.0,0.91,95.0,1,100,CLOSED,CLOSED,CLOSED,0,3,0,0,0
2026-04-02 00:09:32,240,0.98,100.0,0.89,95.0,1,100,CLOSED,CLOSED,CLOSED,0,3,0,0,0
2026-04-02 00:10:32,300,0.98,100.0,0.86,95.0,1,100,CLOSED,CLOSED,CLOSED,0,3,0,0,0
2026-04-02 00:11:32,360,0.98,100.0,0.84,95.0,1,100,CLOSED,CLOSED,CLOSED,0,3,0,0,0
2026-04-02 00:12:32,420,0.98,100.0,0.82,95.0,1,100,CLOSED,CLOSED,CLOSED,0,3,0,0,0
2026-04-02 00:13:32,480,0.97,100.0,0.79,94.9,1,100,CLOSED,CLOSED,CLOSED,0,3,0,0,0
2026-04-02 00:14:32,540,0.97,100.0,0.77,94.9,1,100,CLOSED,CLOSED,CLOSED,0,3,0,0,0
2026-04-02 00:15:32,600,0.97,100.0,0.74,94.9,1,100,CLOSED,CLOSED,CLOSED,0,3,0,0,0
2026-04-02 00:16:32,660,0.97,100.0,0.72,94.9,1,100,CLOSED,CLOSED,CLOSED,0,3,0,0,0
2026-04-02 00:17:32,720,0.97,100.0,0.70,94.9,1,100,CLOSED,CLOSED,CLOSED,0,3,0,0,0
2026-04-02 00:18:32,780,0.96,100.0,0.67,94.8,1,100,CLOSED,CLOSED,CLOSED,0,3,0,0,0
2026-04-02 00:19:32,840,0.96,100.0,0.65,94.8,1,100,CLOSED,CLOSED,CLOSED,0,3,0,0,0
2026-04-02 00:20:32,900,0.96,100.0,0.63,94.8,1,100,CLOSED,CLOSED,CLOSED,0,3,0,0,0
2026-04-02 00:21:32,960,0.96,100.0,0.64,94.9,1,100,CLOSED,CLOSED,CLOSED,0,3,0,0,0
2026-04-02 00:22:32,1020,0.95,100.0,0.64,94.9,1,100,CLOSED,CLOSED,CLOSED,0,3,0,0,0
2026-04-02 00:23:32,1080,0.95,100.0,0.65,94.9,1,100,CLOSED,CLOSED,CLOSED,0,3,0,0,0
2026-04-02 00:24:32,1140,0.95,100.0,0.66,95.0,1,100,CLOSED,CLOSED,CLOSED,0,3,0,0,0
2026-04-02 00:25:32,1200,0.95,100.0,0.66,95.0,1,100,CLOSED,CLOSED,CLOSED,0,3,0,0,0
2026-04-02 00:26:32,1260,0.94,100.0,0.67,95.1,1,100,CLOSED,CLOSED,CLOSED,0,3,0,0,0
2026-04-02 00:27:32,1320,0.94,100.0,0.68,95.1,1,100,CLOSED,CLOSED,CLOSED,0,3,0,0,0
2026-04-02 00:28:32,1380,0.94,100.0,0.68,95.2,1,100,CLOSED,CLOSED,CLOSED,0,3,0,0,0
2026-04-02 00:29:32,1440,0.94,100.0,0.69,95.2,1,100,CLOSED,CLOSED,CLOSED,0,3,0,0,0
2026-04-02 00:30:32,1500,0.94,100.0,0.70,95.3,1,100,CLOSED,CLOSED,CLOSED,0,3,0,0,0
2026-04-02 00:31:32,1560,0.93,100.0,0.70,95.3,1,100,CLOSED,CLOSED,CLOSED,0,3,0,0,0
2026-04-02 00:32:32,1620,0.93,100.0,0.71,95.4,1,100,CLOSED,CLOSED,CLOSED,0,3,0,0,0
2026-04-02 00:33:32,1680,0.93,100.0,0.72,95.4,1,100,CLOSED,CLOSED,CLOSED,0,3,0,0,0
2026-04-02 00:34:32,1740,0.93,100.0,0.72,95.5,1,100,CLOSED,CLOSED,CLOSED,0,3,0,0,0
2026-04-02 00:35:32,1800,0.93,100.0,0.73,95.5,1,100,CLOSED,CLOSED,CLOSED,0,3,0,0,0
2026-04-02 00:36:32,1860,0.92,100.0,0.73,95.5,1,100,CLOSED,CLOSED,CLOSED,0,3,0,0,0
2026-04-02 00:37:32,1920,0.92,100.0,0.73,95.5,1,100,CLOSED,CLOSED,CLOSED,0,3,0,0,0
2026-04-02 00:38:32,1980,0.92,100.0,0.73,95.6,1,100,CLOSED,CLOSED,CLOSED,0,3,0,0,0
2026-04-02 00:39:32,2040,0.92,100.0,0.73,95.6,1,100,CLOSED,CLOSED,CLOSED,0,3,0,0,0
2026-04-02 00:40:32,2100,0.92,100.0,0.73,95.6,1,100,CLOSED,CLOSED,CLOSED,0,3,0,0,0
2026-04-02 00:41:32,2160,0.92,100.0,0.73,95.6,1,100,CLOSED,CLOSED,CLOSED,0,3,0,0,0
2026-04-02 00:42:32,2220,0.91,100.0,0.73,95.6,1,100,CLOSED,CLOSED,CLOSED,0,3,0,0,0
2026-04-02 00:43:32,2280,0.91,100.0,0.73,95.7,1,100,CLOSED,CLOSED,CLOSED,0,3,0,0,0
2026-04-02 00:44:32,2340,0.91,100.0,0.73,95.7,1,100,CLOSED,CLOSED,CLOSED,0,3,0,0,0
2026-04-02 00:45:32,2400,0.91,100.0,0.73,95.7,1,100,CLOSED,CLOSED,CLOSED,0,3,0,0,0
2026-04-02 00:46:32,2460,0.91,100.0,0.73,95.7,1,100,CLOSED,CLOSED,CLOSED,0,3,0,0,0
2026-04-02 00:47:32,2520,0.91,100.0,0.73,95.7,1,100,CLOSED,CLOSED,CLOSED,0,3,0,0,0
2026-04-02 00:48:32,2580,0.91,100.0,0.73,95.8,1,100,CLOSED,CLOSED,CLOSED,0,3,0,0,0
2026-04-02 00:49:32,2640,0.90,100.0,0.73,95.8,1,100,CLOSED,CLOSED,CLOSED,0,3,0,0,0
2026-04-02 00:50:32,2700,0.90,100.0,0.73,95.8,1,100,CLOSED,CLOSED,CLOSED,0,3,0,0,0
2026-04-02 00:51:32,2760,0.90,100.0,0.74,95.8,1,100,CLOSED,CLOSED,CLOSED,0,3,0,0,0
2026-04-02 00:52:32,2820,0.90,100.0,0.75,95.9,1,100,CLOSED,CLOSED,CLOSED,0,3,0,0,0
2026-04-02 00:53:32,2880,0.90,100.0,0.76,95.9,1,100,CLOSED,CLOSED,CLOSED,0,3,0,0,0
2026-04-02 00:54:32,2940,0.90,100.0,0.77,95.9,1,100,CLOSED,CLOSED,CLOSED,0,3,0,0,0
2026-04-02 00:55:32,3000,0.90,100.0,0.78,95.9,1,100,CLOSED,CLOSED,CLOSED,0,3,0,0,0
2026-04-02 00:56:32,3060,0.90,100.0,0.79,96.0,1,100,CLOSED,CLOSED,CLOSED,0,3,0,0,0
2026-04-02 00:57:32,3120,0.90,100.0,0.81,96.0,1,100,CLOSED,CLOSED,CLOSED,0,3,0,0,0
2026-04-02 00:58:32,3180,0.89,100.0,0.82,96.0,1,100,CLOSED,CLOSED,CLOSED,0,3,0,0,0
2026-04-02 00:59:32,3240,0.89,100.0,0.83,96.0,1,100,CLOSED,CLOSED,CLOSED,0,3,0,0,0
2026-04-02 01:00:32,3300,0.89,100.0,0.84,96.1,1,100,CLOSED,CLOSED,CLOSED,0,3,0,0,0
2026-04-02 01:01:32,3360,0.89,100.0,0.85,96.1,1,100,CLOSED,CLOSED,CLOSED,0,3,0,0,0
2026-04-02 01:02:32,3420,0.89,100.0,0.86,96.1,1,100,CLOSED,CLOSED,CLOSED,0,3,0,0,0
2026-04-02 01:03:32,3480,0.89,100.0,0.87,96.1,1,100,CLOSED,CLOSED,CLOSED,0,3,0,0,0
2026-04-02 01:04:32,3540,0.89,100.0,0.88,96.2,1,100,CLOSED,CLOSED,CLOSED,0,3,0,0,0
2026-04-02 01:05:32,3600,0.89,100.0,0.89,96.2,1,100,CLOSED,CLOSED,CLOSED,0,3,0,0,0
2026-04-02 01:06:32,3660,0.89,100.0,0.91,96.2,1,100,CLOSED,CLOSED,CLOSED,0,3,0,0,0
2026-04-02 01:07:32,3720,0.89,100.0,0.94,96.2,1,100,CLOSED,CLOSED,CLOSED,0,3,0,0,0
2026-04-02 01:08:32,3780,0.89,100.0,0.96,96.3,1,100,CLOSED,CLOSED,CLOSED,0,3,0,0,0
2026-04-02 01:09:32,3840,0.89,100.0,0.98,96.3,1,100,CLOSED,CLOSED,CLOSED,0,3,0,0,0
2026-04-02 01:10:32,3900,0.89,100.0,1.01,96.3,1,100,CLOSED,CLOSED,CLOSED,0,3,0,0,0
2026-04-02 01:11:32,3960,0.90,100.0,1.03,96.3,1,100,CLOSED,CLOSED,CLOSED,0,3,0,0,0
2026-04-02 01:12:32,4020,0.90,100.0,1.05,96.3,1,100,CLOSED,CLOSED,CLOSED,0,3,0,0,0
2026-04-02 01:13:32,4080,0.90,100.0,1.08,96.4,1,100,CLOSED,CLOSED,CLOSED,0,3,0,0,0
2026-04-02 01:14:32,4140,0.90,100.0,1.10,96.4,1,100,CLOSED,CLOSED,CLOSED,0,3,0,0,0
2026-04-02 01:15:32,4200,0.90,100.0,1.13,96.4,1,100,CLOSED,CLOSED,CLOSED,0,3,0,0,0
2026-04-02 01:16:32,4260,0.90,100.0,1.15,96.4,1,100,CLOSED,CLOSED,CLOSED,0,3,0,0,0
2026-04-02 01:17:32,4320,0.91,100.0,1.17,96.4,1,100,CLOSED,CLOSED,CLOSED,0,3,0,0,0
2026-04-02 01:18:32,4380,0.91,100.0,1.20,96.5,1,100,CLOSED,CLOSED,CLOSED,0,3,0,0,0
2026-04-02 01:19:32,4440,0.91,100.0,1.22,96.5,1,100,CLOSED,CLOSED,CLOSED,0,3,0,0,0
2026-04-02 01:20:32,4500,0.91,100.0,1.24,96.5,1,100,CLOSED,CLOSED,CLOSED,0,3,0,0,0
2026-04-02 01:21:32,4560,0.92,100.0,1.26,96.5,1,100,CLOSED,CLOSED,CLOSED,0,3,0,0,0
2026-04-02 01:22:32,4620,0.92,100.0,1.27,96.5,1,100,CLOSED,CLOSED,CLOSED,0,3,0,0,0
2026-04-02 01:23:32,4680,0.92,100.0,1.29,96.6,1,100,CLOSED,CLOSED,CLOSED,0,3,0,0,0
2026-04-02 01:24:32,4740,0.93,100.0,1.31,96.6,1,100,CLOSED,CLOSED,CLOSED,0,3,0,0,0
2026-04-02 01:25:32,4800,0.93,100.0,1.32,96.6,1,100,CLOSED,CLOSED,CLOSED,0,3,0,0,0
2026-04-02 01:26:32,4860,0.93,100.0,1.34,96.6,1,100,CLOSED,CLOSED,CLOSED,0,3,0,0,0
2026-04-02 01:27:32,4920,0.94,100.0,1.35,96.6,1,100,CLOSED,CLOSED,CLOSED,0,3,0,0,0
2026-04-02 01:28:32,4980,0.94,100.0,1.37,96.7,1,100,CLOSED,CLOSED,CLOSED,0,3,0,0,0
2026-04-02 01:29:32,5040,0.94,100.0,1.39,96.7,1,100,CLOSED,CLOSED,CLOSED,0,3,0,0,0
2026-04-02 01:30:32,5100,0.95,100.0,1.40,96.7,1,100,CLOSED,CLOSED,CLOSED,0,3,0,0,0
2026-04-02 01:31:32,5160,0.95,100.0,1.42,96.7,1,100,CLOSED,CLOSED,CLOSED,0,3,0,0,0
2026-04-02 01:32:32,5220,0.95,100.0,1.43,96.7,1,100,CLOSED,CLOSED,CLOSED,0,3,0,0,0
2026-04-02 01:33:32,5280,0.96,100.0,1.45,96.8,1,100,CLOSED,CLOSED,CLOSED,0,3,0,0,0
2026-04-02 01:34:32,5340,0.96,100.0,1.47,96.8,1,100,CLOSED,CLOSED,CLOSED,0,3,0,0,0
2026-04-02 01:35:32,5400,0.97,100.0,1.48,96.8,1,100,CLOSED,CLOSED,CLOSED,0,3,0,0,0
2026-04-02 01:36:32,5460,0.97,100.0,1.49,96.8,1,100,CLOSED,CLOSED,CLOSED,0,3,0,0,0
2026-04-02 01:37:32,5520,0.98,100.0,1.50,96.8,1,100,CLOSED,CLOSED,CLOSED,0,3,0,0,0
2026-04-02 01:38:32,5580,0.98,100.0,1.51,96.8,1,100,CLOSED,CLOSED,CLOSED,0,3,0,0,0
2026-04-02 01:39:32,5640,0.98,100.0,1.52,96.9,1,100,CLOSED,CLOSED,CLOSED,0,3,0,0,0
2026-04-02 01:40:32,5700,0.99,100.0,1.52,96.9,1,100,CLOSED,CLOSED,CLOSED,0,3,0,0,0
2026-04-02 01:41:32,5760,0.99,100.0,1.53,96.9,1,100,CLOSED,CLOSED,CLOSED,0,3,0,0,0
2026-04-02 01:42:32,5820,1.00,100.0,1.54,96.9,1,100,CLOSED,CLOSED,CLOSED,0,3,0,0,0
2026-04-02 01:43:32,5880,1.00,100.0,1.55,96.9,1,100,CLOSED,CLOSED,CLOSED,0,3,0,0,0
2026-04-02 01:44:32,5940,1.01,100.0,1.56,96.9,1,100,CLOSED,CLOSED,CLOSED,0,3,0,0,0
2026-04-02 01:45:32,6000,1.01,100.0,1.57,96.9,1,100,CLOSED,CLOSED,CLOSED,0,3,0,0,0
2026-04-02 01:46:32,6060,1.02,100.0,1.58,96.9,1,100,CLOSED,CLOSED,CLOSED,0,3,0,0,0
2026-04-02 01:47:32,6120,1.02,100.0,1.59,97.0,1,100,CLOSED,CLOSED,CLOSED,0,3,0,0,0
2026-04-02 01:48:32,6180,1.03,100.0,1.59,97.0,1,100,CLOSED,CLOSED,CLOSED,0,3,0,0,0
2026-04-02 01:49:32,6240,1.03,100.0,1.60,97.0,1,100,CLOSED,CLOSED,CLOSED,0,3,0,0,0
2026-04-02 01:50:32,6300,1.04,100.0,1.61,97.0,1,100,CLOSED,CLOSED,CLOSED,0,3,0,0,0
2026-04-02 01:51:32,6360,1.04,100.0,1.64,97.0,1,100,CLOSED,CLOSED,CLOSED,0,3,0,0,0
2026-04-02 01:52:32,6420,1.05,100.0,1.67,97.0,1,100,CLOSED,CLOSED,CLOSED,0,3,0,0,0
2026-04-02 01:53:32,6480,1.05,100.0,1.70,97.0,1,100,CLOSED,CLOSED,CLOSED,0,3,0,0,0
2026-04-02 01:54:32,6540,1.06,100.0,1.73,97.1,1,100,CLOSED,CLOSED,CLOSED,0,3,0,0,0
2026-04-02 01:55:32,6600,1.06,100.0,1.76,97.1,1,100,CLOSED,CLOSED,CLOSED,0,3,0,0,0
2026-04-02 01:56:32,6660,1.07,100.0,1.79,97.1,1,100,CLOSED,CLOSED,CLOSED,0,3,0,0,0
2026-04-02 01:57:32,6720,1.07,100.0,1.82,97.1,1,100,CLOSED,CLOSED,CLOSED,0,3,0,0,0
2026-04-02 01:58:32,6780,1.08,100.0,1.85,97.1,1,100,CLOSED,CLOSED,CLOSED,0,3,0,0,0
2026-04-02 01:59:32,6840,1.09,100.0,1.88,97.1,1,100,CLOSED,CLOSED,CLOSED,0,3,0,0,0
2026-04-02 02:00:32,6900,1.09,100.0,1.91,97.1,1,100,CLOSED,CLOSED,CLOSED,0,3,0,0,0
2026-04-02 02:01:32,6960,1.10,100.0,1.94,97.1,1,100,CLOSED,CLOSED,CLOSED,0,3,0,0,0
2026-04-02 02:02:32,7020,1.11,100.0,1.97,97.2,1,100,CLOSED,CLOSED,CLOSED,0,3,0,0,0
2026-04-02 02:03:32,7080,1.12,100.0,2.00,97.2,1,100,CLOSED,CLOSED,CLOSED,0,3,0,0,0
2026-04-02 02:04:32,7140,1.12,100.0,2.03,97.2,1,100,CLOSED,CLOSED,CLOSED,0,3,0,0,0
2026-04-02 02:05:32,7200,1.13,100.0,2.06,97.2,1,100,CLOSED,CLOSED,CLOSED,0,3,0,0,0
2026-04-02 02:06:32,7260,1.14,100.0,2.08,97.2,1,100,CLOSED,CLOSED,CLOSED,0,3,0,0,0
2026-04-02 02:07:32,7320,1.15,100.0,2.10,97.2,1,100,CLOSED,CLOSED,CLOSED,0,3,0,0,0
2026-04-02 02:08:32,7380,1.15,100.0,2.12,97.2,1,100,CLOSED,CLOSED,CLOSED,0,3,0,0,0
2026-04-02 02:09:32,7440,1.16,100.0,2.14,97.3,1,100,CLOSED,CLOSED,CLOSED,0,3,0,0,0
2026-04-02 02:10:32,7500,1.17,100.0,2.16,97.3,1,100,CLOSED,CLOSED,CLOSED,0,3,0,0,0
2026-04-02 02:11:32,7560,1.18,100.0,2.18,97.3,1,100,CLOSED,CLOSED,CLOSED,0,3,0,0,0
2026-04-02 02:12:32,7620,1.19,100.0,2.20,97.3,1,100,CLOSED,CLOSED,CLOSED,0,3,0,0,0
2026-04-02 02:13:32,7680,1.20,100.0,2.22,97.3,1,100,CLOSED,CLOSED,CLOSED,0,3,0,0,0
2026-04-02 02:14:32,7740,1.20,100.0,2.24,97.3,1,100,CLOSED,CLOSED,CLOSED,0,3,0,0,0
2026-04-02 02:15:32,7800,1.21,100.0,2.25,97.3,1,100,CLOSED,CLOSED,CLOSED,0,3,0,0,0
2026-04-02 02:16:32,7860,1.22,100.0,2.27,97.3,1,100,CLOSED,CLOSED,CLOSED,0,3,0,0,0
2026-04-02 02:17:32,7920,1.23,100.0,2.29,97.4,1,100,CLOSED,CLOSED,CLOSED,0,3,0,0,0
2026-04-02 02:18:32,7980,1.24,100.0,2.31,97.4,1,100,CLOSED,CLOSED,CLOSED,0,3,0,0,0
2026-04-02 02:19:32,8040,1.25,100.0,2.33,97.4,1,100,CLOSED,CLOSED,CLOSED,0,3,0,0,0
2026-04-02 02:20:32,8100,1.26,100.0,2.35,97.4,1,100,CLOSED,CLOSED,CLOSED,0,3,0,0,0
2026-04-02 02:21:32,8160,1.27,100.0,2.37,97.4,1,100,CLOSED,CLOSED,CLOSED,0,3,0,0,0
2026-04-02 02:22:32,8220,1.28,100.0,2.38,97.4,1,100,CLOSED,CLOSED,CLOSED,0,3,0,0,0
2026-04-02 02:23:32,8280,1.29,100.0,2.40,97.4,1,100,CLOSED,CLOSED,CLOSED,0,3,0,0,0
2026-04-02 02:24:32,8340,1.29,100.0,2.41,97.4,1,100,CLOSED,CLOSED,CLOSED,0,3,0,0,0
2026-04-02 02:25:32,8400,1.30,100.0,2.43,97.4,1,100,CLOSED,CLOSED,CLOSED,0,3,0,0,0
2026-04-02 02:26:32,8460,1.31,100.0,2.44,97.4,1,100,CLOSED,CLOSED,CLOSED,0,3,0,0,0
2026-04-02 02:27:32,8520,1.32,100.0,2.45,97.4,1,100,CLOSED,CLOSED,CLOSED,0,3,0,0,0
2026-04-02 02:28:32,8580,1.33,100.0,2.47,97.4,1,100,CLOSED,CLOSED,CLOSED,0,3,0,0,0
2026-04-02 02:29:32,8640,1.34,100.0,2.48,97.4,1,100,CLOSED,CLOSED,CLOSED,0,3,0,0,0
2026-04-02 02:30:32,8700,1.35,100.0,2.50,97.4,1,100,CLOSED,CLOSED,CLOSED,0,3,0,0,0
2026-04-02 02:31:32,8760,1.36,100.0,2.51,97.4,1,100,CLOSED,CLOSED,CLOSED,0,3,0,0,0
2026-04-02 02:32:32,8820,1.37,100.0,2.53,97.4,1,100,CLOSED,CLOSED,CLOSED,0,3,0,0,0
2026-04-02 02:33:32,8880,1.38,100.0,2.54,97.4,1,100,CLOSED,CLOSED,CLOSED,0,3,0,0,0
2026-04-02 02:34:32,8940,1.39,100.0,2.56,97.4,1,100,CLOSED,CLOSED,CLOSED,0,3,0,0,0
2026-04-02 02:35:32,9000,1.40,100.0,2.57,97.4,1,100,CLOSED,CLOSED,CLOSED,0,3,0,0,0
2026-04-02 02:36:32,9060,1.41,100.0,2.59,97.4,1,100,CLOSED,CLOSED,CLOSED,0,3,0,0,0
2026-04-02 02:37:32,9120,1.42,100.0,2.61,97.4,1,100,CLOSED,CLOSED,CLOSED,0,3,0,0,0
2026-04-02 02:38:32,9180,1.43,100.0,2.63,97.4,1,100,CLOSED,CLOSED,CLOSED,0,3,0,0,0
2026-04-02 02:39:32,9240,1.44,100.0,2.65,97.4,1,100,CLOSED,CLOSED,CLOSED,0,3,0,0,0
2026-04-02 02:40:32,9300,1.45,100.0,2.67,97.4,1,100,CLOSED,CLOSED,CLOSED,0,3,0,0,0
2026-04-02 02:41:32,9360,1.46,100.0,2.68,97.4,1,100,CLOSED,CLOSED,CLOSED,0,3,0,0,0
2026-04-02 02:42:32,9420,1.47,100.0,2.70,97.4,1,100,CLOSED,CLOSED,CLOSED,0,3,0,0,0
2026-04-02 02:43:32,9480,1.48,100.0,2.72,97.5,1,100,CLOSED,CLOSED,CLOSED,0,3,0,0,0
2026-04-02 02:44:32,9540,1.49,100.0,2.74,97.5,1,100,CLOSED,CLOSED,CLOSED,0,3,0,0,0
2026-04-02 02:45:32,9600,1.50,100.0,2.76,97.5,1,100,CLOSED,CLOSED,CLOSED,0,3,0,0,0
2026-04-02 02:46:32,9660,1.51,100.0,2.78,97.5,1,100,CLOSED,CLOSED,CLOSED,0,3,0,0,0
2026-04-02 02:47:32,9720,1.52,100.0,2.80,97.5,1,100,CLOSED,CLOSED,CLOSED,0,3,0,0,0
2026-04-02 02:48:32,9780,1.53,100.0,2.81,97.5,1,100,CLOSED,CLOSED,CLOSED,0,3,0,0,0
2026-04-02 02:49:32,9840,1.54,100.0,2.83,97.5,2,100,CLOSED,CLOSED,CLOSED,0,3,0,0,0
2026-04-02 02:50:32,9900,1.55,100.0,2.85,97.5,2,100,CLOSED,CLOSED,CLOSED,0,3,0,0,0
2026-04-02 02:51:32,9960,1.57,100.0,2.87,97.5,2,100,CLOSED,CLOSED,CLOSED,0,3,0,0,0
2026-04-02 02:52:32,10020,1.58,100.0,2.88,97.5,2,100,CLOSED,CLOSED,CLOSED,0,3,0,0,0
2026-04-02 02:53:32,10080,1.59,100.0,2.90,97.5,2,100,CLOSED,CLOSED,CLOSED,0,3,0,0,0
2026-04-02 02:54:32,10140,1.60,100.0,2.91,97.5,2,100,CLOSED,CLOSED,CLOSED,0,3,0,0,0
2026-04-02 02:55:32,10200,1.61,100.0,2.93,97.5,2,100,CLOSED,CLOSED,CLOSED,0,3,0,0,0
2026-04-02 02:56:32,10260,1.62,100.0,2.95,97.5,2,100,CLOSED,CLOSED,CLOSED,0,3,0,0,0
2026-04-02 02:57:32,10320,1.63,100.0,2.96,97.5,2,100,CLOSED,CLOSED,CLOSED,0,3,0,0,0
2026-04-02 02:58:32,10380,1.64,100.0,2.98,97.5,2,100,CLOSED,CLOSED,CLOSED,0,3,0,0,0
2026-04-02 02:59:32,10440,1.65,100.0,2.99,97.5,2,100,CLOSED,CLOSED,CLOSED,0,3,0,0,0
2026-04-02 03:00:32,10500,1.67,100.0,3.01,97.5,2,100,CLOSED,CLOSED,CLOSED,0,3,0,0,0
2026-04-02 03:01:32,10560,1.68,100.0,3.02,97.5,2,100,CLOSED,CLOSED,CLOSED,0,3,0,0,0
2026-04-02 03:02:32,10620,1.69,100.0,3.04,97.5,2,100,CLOSED,CLOSED,CLOSED,0,3,0,0,0
2026-04-02 03:03:32,10680,1.70,100.0,3.06,97.5,2,100,CLOSED,CLOSED,CLOSED,0,3,0,0,0
2026-04-02 03:04:32,10740,1.71,100.0,3.07,97.5,2,100,CLOSED,CLOSED,CLOSED,0,3,0,0,0
2026-04-02 03:05:32,10800,1.72,100.0,3.09,97.6,2,100,CLOSED,CLOSED,CLOSED,0,3,0,0,0
2026-04-02 03:06:32,10860,1.73,100.0,3.10,97.6,2,100,CLOSED,CLOSED,CLOSED,0,3,0,0,0
2026-04-02 03:07:32,10920,1.74,100.0,3.12,97.6,2,100,CLOSED,CLOSED,CLOSED,0,3,0,0,0
2026-04-02 03:08:32,10980,1.76,100.0,3.13,97.6,2,100,CLOSED,CLOSED,CLOSED,0,3,0,0,0
2026-04-02 03:09:32,11040,1.77,100.0,3.15,97.6,2,100,CLOSED,CLOSED,CLOSED,0,3,0,0,0
2026-04-02 03:10:32,11100,1.78,100.0,3.17,97.6,2,100,CLOSED,CLOSED,CLOSED,0,3,0,0,0
2026-04-02 03:11:32,11160,1.79,100.0,3.18,97.6,2,100,CLOSED,CLOSED,CLOSED,0,3,0,0,0
2026-04-02 03:12:32,11220,1.80,100.0,3.20,97.6,2,100,CLOSED,CLOSED,CLOSED,0,3,0,0,0
2026-04-02 03:13:32,11280,1.81,100.0,3.21,97.6,2,100,CLOSED,CLOSED,CLOSED,0,3,0,0,0
2026-04-02 03:14:32,11340,1.83,100.0,3.23,97.6,2,100,CLOSED,CLOSED,CLOSED,0,3,0,0,0
2026-04-02 03:15:32,11400,1.84,100.0,3.24,97.6,2,100,CLOSED,CLOSED,CLOSED,0,3,0,0,0
2026-04-02 03:16:32,11460,1.85,100.0,3.26,97.6,2,100,CLOSED,CLOSED,CLOSED,0,3,0,0,0
2026-04-02 03:17:32,11520,1.86,100.0,3.27,97.6,2,100,CLOSED,CLOSED,CLOSED,0,3,0,0,0
2026-04-02 03:18:32,11580,1.87,100.0,3.29,97.6,2,100,CLOSED,CLOSED,CLOSED,0,3,0,0,0
2026-04-02 03:19:32,11640,1.88,100.0,3.31,97.6,2,100,CLOSED,CLOSED,CLOSED,0,3,0,0,0
2026-04-02 03:20:32,11700,1.90,100.0,3.32,97.6,2,100,CLOSED,CLOSED,CLOSED,0,3,0,0,0
2026-04-02 03:21:32,11760,1.91,100.0,3.34,97.6,2,100,CLOSED,CLOSED,CLOSED,0,3,0,0,0
2026-04-02 03:22:32,11820,1.92,100.0,3.35,97.6,2,100,CLOSED,CLOSED,CLOSED,0,3,0,0,0
2026-04-02 03:23:32,11880,1.93,100.0,3.37,97.6,2,100,CLOSED,CLOSED,CLOSED,0,3,0,0,0
2026-04-02 03:24:32,11940,1.94,100.0,3.38,97.6,2,100,CLOSED,CLOSED,CLOSED,0,3,0,0,0
2026-04-02 03:25:32,12000,1.96,100.0,3.40,97.6,2,100,CLOSED,CLOSED,CLOSED,0,3,0,0,0
2026-04-02 03:26:32,12060,1.97,100.0,3.41,97.6,2,100,CLOSED,CLOSED,CLOSED,0,3,0,0,0
2026-04-02 03:27:32,12120,1.98,100.0,3.43,97.6,2,100,CLOSED,CLOSED,CLOSED,0,3,0,0,0
2026-04-02 03:28:32,12180,1.99,100.0,3.44,97.6,2,100,CLOSED,CLOSED,CLOSED,0,3,0,0,0
2026-04-02 03:29:32,12240,2.01,100.0,3.46,97.6,2,100,CLOSED,CLOSED,CLOSED,0,3,0,0,0
2026-04-02 03:30:32,12300,2.02,100.0,3.47,97.6,2,100,CLOSED,CLOSED,CLOSED,0,3,0,0,0
2026-04-02 03:31:32,12360,2.03,100.0,3.49,97.6,2,100,CLOSED,CLOSED,CLOSED,0,3,0,0,0
2026-04-02 03:32:32,12420,2.04,100.0,3.50,97.6,2,100,CLOSED,CLOSED,CLOSED,0,3,0,0,0
2026-04-02 03:33:32,12480,2.05,100.0,3.52,97.6,2,100,CLOSED,CLOSED,CLOSED,0,3,0,0,0
2026-04-02 03:34:32,12540,2.07,100.0,3.53,97.6,2,100,CLOSED,CLOSED,CLOSED,0,3,0,0,0
2026-04-02 03:35:32,12600,2.08,100.0,3.55,97.6,2,100,CLOSED,CLOSED,CLOSED,0,3,0,0,0
2026-04-02 03:36:32,12660,2.09,100.0,3.57,97.6,2,100,CLOSED,CLOSED,CLOSED,0,3,0,0,0
2026-04-02 03:37:32,12720,2.10,100.0,3.59,97.6,2,100,CLOSED,CLOSED,CLOSED,0,3,0,0,0
2026-04-02 03:38:32,12780,2.12,100.0,3.61,97.6,2,100,CLOSED,CLOSED,CLOSED,0,3,0,0,0
2026-04-02 03:39:32,12840,2.13,100.0,3.63,97.6,2,100,CLOSED,CLOSED,CLOSED,0,3,0,0,0
2026-04-02 03:40:32,12900,2.14,100.0,3.65,97.6,2,100,CLOSED,CLOSED,CLOSED,0,3,0,0,0
2026-04-02 03:41:32,12960,2.15,100.0,3.67,97.6,2,100,CLOSED,CLOSED,CLOSED,0,3,0,0,0
2026-04-02 03:42:32,13020,2.17,100.0,3.69,97.6,2,100,CLOSED,CLOSED,CLOSED,0,3,0,0,0
2026-04-02 03:43:32,13080,2.18,100.0,3.71,97.6,2,100,CLOSED,CLOSED,CLOSED,0,3,0,0,0
2026-04-02 03:44:32,13140,2.19,100.0,3.73,97.6,2,100,CLOSED,CLOSED,CLOSED,0,3,0,0,0
2026-04-02 03:45:32,13200,2.20,100.0,3.75,97.6,2,100,CLOSED,CLOSED,CLOSED,0,3,0,0,0
2026-04-02 03:46:32,13260,2.22,100.0,3.77,97.6,2,100,CLOSED,CLOSED,CLOSED,0,3,0,0,0
2026-04-02 03:47:32,13320,2.23,100.0,3.79,97.6,2,100,CLOSED,CLOSED,CLOSED,0,3,0,0,0
2026-04-02 03:48:32,13380,2.24,100.0,3.81,97.6,2,100,CLOSED,CLOSED,CLOSED,0,3,0,0,0
2026-04-02 03:49:32,13440,2.26,100.0,3.83,97.6,2,100,CLOSED,CLOSED,CLOSED,0,3,0,0,0
2026-04-02 03:50:32,13500,2.27,100.0,3.85,97.6,2,100,CLOSED,CLOSED,CLOSED,0,3,0,0,0
2026-04-02 03:51:32,13560,2.28,100.0,3.86,97.6,2,100,CLOSED,CLOSED,CLOSED,0,3,0,0,0
2026-04-02 03:52:32,13620,2.30,100.0,3.88,97.6,2,100,CLOSED,CLOSED,CLOSED,0,3,0,0,0
2026-04-02 03:53:32,13680,2.31,100.0,3.89,97.6,2,100,CLOSED,CLOSED,CLOSED,0,3,0,0,0
2026-04-02 03:54:32,13740,2.32,100.0,3.90,97.5,2,100,CLOSED,CLOSED,CLOSED,0,3,0,0,0
2026-04-02 03:55:32,13800,2.34,100.0,3.92,97.5,2,100,CLOSED,CLOSED,CLOSED,0,3,0,0,0
2026-04-02 03:56:32,13860,2.35,100.0,3.93,97.5,2,100,CLOSED,CLOSED,CLOSED,0,3,0,0,0
2026-04-02 03:57:32,13920,2.36,100.0,3.94,97.5,2,100,CLOSED,CLOSED,CLOSED,0,3,0,0,0
2026-04-02 03:58:32,13980,2.38,100.0,3.96,97.5,2,100,CLOSED,CLOSED,CLOSED,0,3,0,0,0
2026-04-02 03:59:32,14040,2.39,100.0,3.97,97.5,2,100,CLOSED,CLOSED,CLOSED,0,3,0,0,0
2026-04-02 04:00:32,14100,2.40,100.0,3.98,97.5,2,100,CLOSED,CLOSED,CLOSED,0,3,0,0,0
2026-04-02 04:01:32,14160,2.42,100.0,4.00,97.5,2,100,CLOSED,CLOSED,CLOSED,0,3,0,0,0
2026-04-02 04:02:32,14220,2.43,100.0,4.01,97.4,2,100,CLOSED,CLOSED,CLOSED,0,3,0,0,0
2026-04-02 04:03:32,14280,2.44,100.0,4.02,97.4,2,100,CLOSED,CLOSED,CLOSED,0,3,0,0,0
2026-04-02 04:04:32,14340,2.46,100.0,4.04,97.4,2,100,CLOSED,CLOSED,CLOSED,0,3,0,0,0
2026-04-02 04:05:32,14400,2.47,100.0,4.05,97.4,2,100,CLOSED,CLOSED,CLOSED,0,3,0,0,0
2026-04-02 04:06:32,14460,2.48,100.0,4.06,97.4,2,100,CLOSED,CLOSED,CLOSED,0,3,0,0,0
2026-04-02 04:07:32,14520,2.49,100.0,4.08,97.4,2,100,CLOSED,CLOSED,CLOSED,0,3,0,0,0
2026-04-02 04:08:32,14580,2.51,100.0,4.09,97.4,2,100,CLOSED,CLOSED,CLOSED,0,3,0,0,0
2026-04-02 04:09:32,14640,2.52,100.0,4.10,97.4,2,100,CLOSED,CLOSED,CLOSED,0,3,0,0,0
2026-04-02 04:10:32,14700,2.53,100.0,4.11,97.4,2,100,CLOSED,CLOSED,CLOSED,0,3,0,0,0
2026-04-02 04:11:32,14760,2.55,100.0,4.12,97.4,2,100,CLOSED,CLOSED,CLOSED,0,3,0,0,0
2026-04-02 04:12:32,14820,2.56,100.0,4.14,97.4,3,100,CLOSED,CLOSED,CLOSED,0,3,0,0,0
2026-04-02 04:13:32,14880,2.57,100.0,4.15,97.3,3,100,CLOSED,CLOSED,CLOSED,0,3,0,0,0
2026-04-02 04:14:32,14940,2.59,100.0,4.16,97.3,3,100,CLOSED,CLOSED,CLOSED,0,3,0,0,0
2026-04-02 04:15:32,15000,2.60,100.0,4.17,97.3,3,100,CLOSED,CLOSED,CLOSED,0,3,0,0,0
2026-04-02 04:16:32,15060,2.61,100.0,4.18,97.3,3,100,CLOSED,CLOSED,CLOSED,0,3,0,0,0
2026-04-02 04:17:32,15120,2.63,100.0,4.20,97.3,3,100,CLOSED,CLOSED,CLOSED,0,3,0,0,0
2026-04-02 04:18:32,15180,2.64,100.0,4.21,97.3,3,100,CLOSED,CLOSED,CLOSED,0,3,0,0,0
2026-04-02 04:19:32,15240,2.65,100.0,4.22,97.3,3,100,CLOSED,CLOSED,CLOSED,0,3,0,0,0
2026-04-02 04:20:32,15300,2.67,100.0,4.23,97.3,3,100,CLOSED,CLOSED,CLOSED,0,3,0,0,0
2026-04-02 04:21:32,15360,2.68,100.0,4.24,97.2,3,100,CLOSED,CLOSED,CLOSED,0,3,0,0,0
2026-04-02 04:22:32,15420,2.69,100.0,4.25,97.1,3,100,CLOSED,CLOSED,CLOSED,0,3,0,0,0
2026-04-02 04:23:32,15480,2.70,100.0,4.26,97.0,3,100,CLOSED,CLOSED,CLOSED,0,3,0,0,0
2026-04-02 04:24:32,15540,2.72,100.0,4.27,96.9,3,100,CLOSED,CLOSED,CLOSED,0,3,0,0,0
2026-04-02 04:25:32,15600,2.73,100.0,4.28,96.9,3,100,CLOSED,CLOSED,CLOSED,0,3,0,0,0
2026-04-02 04:26:32,15660,2.74,100.0,4.28,96.8,3,100,CLOSED,CLOSED,CLOSED,0,3,0,0,0
2026-04-02 04:27:32,15720,2.76,100.0,4.29,96.7,3,100,CLOSED,CLOSED,CLOSED,0,3,0,0,0
2026-04-02 04:28:32,15780,2.77,100.0,4.30,96.6,3,100,CLOSED,CLOSED,CLOSED,0,3,0,0,0
2026-04-02 04:29:32,15840,2.78,100.0,4.31,96.5,3,100,CLOSED,CLOSED,CLOSED,0,3,0,0,0
2026-04-02 04:30:32,15900,2.79,100.0,4.32,96.4,3,100,CLOSED,CLOSED,CLOSED,0,3,0,0,0
2026-04-02 04:31:32,15960,2.81,100.0,4.33,96.3,3,100,CLOSED,CLOSED,CLOSED,0,3,0,0,0
2026-04-02 04:32:32,16020,2.82,100.0,4.34,96.3,3,100,CLOSED,CLOSED,CLOSED,0,3,0,0,0
2026-04-02 04:33:32,16080,2.83,100.0,4.35,96.2,3,100,CLOSED,CLOSED,CLOSED,0,3,0,0,0
2026-04-02 04:34:32,16140,2.85,100.0,4.36,96.1,3,100,CLOSED,CLOSED,CLOSED,0,3,0,0,0
2026-04-02 04:35:32,16200,2.86,100.0,4.37,96.0,3,100,CLOSED,CLOSED,CLOSED,0,3,0,0,0
2026-04-02 04:36:32,16260,2.87,100.0,4.37,95.9,3,100,CLOSED,CLOSED,CLOSED,0,3,0,0,0
2026-04-02 04:37:32,16320,2.88,100.0,4.38,95.8,3,100,CLOSED,CLOSED,CLOSED,0,3,0,0,0
2026-04-02 04:38:32,16380,2.90,100.0,4.39,95.7,3,100,CLOSED,CLOSED,CLOSED,0,3,0,0,0
2026-04-02 04:39:32,16440,2.91,100.0,4.40,95.6,3,100,CLOSED,CLOSED,CLOSED,0,3,0,0,0
2026-04-02 04:40:32,16500,2.92,100.0,4.41,95.6,3,100,CLOSED,CLOSED,CLOSED,0,3,0,0,0
2026-04-02 04:41:32,16560,2.93,100.0,4.42,95.5,3,100,CLOSED,CLOSED,CLOSED,0,3,0,0,0
2026-04-02 04:42:32,16620,2.95,100.0,4.43,95.4,3,100,CLOSED,CLOSED,CLOSED,0,3,0,0,0
2026-04-02 04:43:32,16680,2.96,100.0,4.44,95.3,3,100,CLOSED,CLOSED,CLOSED,0,3,0,0,0
2026-04-02 04:44:32,16740,2.97,100.0,4.45,95.2,3,100,CLOSED,CLOSED,CLOSED,0,3,0,0,0
2026-04-02 04:45:32,16800,2.98,100.0,4.46,95.1,3,100,CLOSED,CLOSED,CLOSED,0,3,0,0,0
2026-04-02 04:46:32,16860,3.00,100.0,4.46,95.0,3,100,CLOSED,CLOSED,CLOSED,0,3,0,0,0
2026-04-02 04:47:32,16920,3.01,100.0,4.47,95.0,3,100,CLOSED,CLOSED,CLOSED,0,3,0,0,0
2026-04-02 04:48:32,16980,3.02,100.0,4.48,94.9,3,100,CLOSED,CLOSED,CLOSED,0,3,0,0,0
2026-04-02 04:49:32,17040,3.03,100.0,4.49,94.8,3,100,CLOSED,CLOSED,CLOSED,0,3,0,0,0
2026-04-02 04:50:32,17100,3.04,100.0,4.50,94.7,3,100,CLOSED,CLOSED,CLOSED,0,3,0,0,0
2026-04-02 04:51:32,17160,3.06,100.0,4.51,94.7,3,100,CLOSED,CLOSED,CLOSED,0,3,0,0,0
2026-04-02 04:52:32,17220,3.07,100.0,4.52,94.7,3,100,CLOSED,CLOSED,CLOSED,0,3,0,0,0
2026-04-02 04:53:32,17280,3.08,100.0,4.53,94.6,3,100,CLOSED,CLOSED,CLOSED,0,3,0,0,0
2026-04-02 04:54:32,17340,3.09,100.0,4.53,94.6,3,100,CLOSED,CLOSED,CLOSED,0,3,0,0,0
2026-04-02 04:55:32,17400,3.10,100.0,4.54,94.6,3,100,CLOSED,CLOSED,CLOSED,0,3,0,0,0
2026-04-02 04:56:32,17460,3.12,100.0,4.55,94.6,3,100,CLOSED,CLOSED,CLOSED,0,3,0,0,0
2026-04-02 04:57:32,17520,3.13,100.0,4.56,94.6,3,100,CLOSED,CLOSED,CLOSED,0,3,0,0,0
2026-04-02 04:58:32,17580,3.14,100.0,4.57,94.5,3,100,CLOSED,CLOSED,CLOSED,0,3,0,0,0
2026-04-02 04:59:32,17640,3.15,100.0,4.58,94.5,3,100,CLOSED,CLOSED,CLOSED,0,3,0,0,0
2026-04-02 05:00:32,17700,3.16,100.0,4.59,94.5,3,100,CLOSED,CLOSED,CLOSED,0,3,0,0,0
2026-04-02 05:01:32,17760,3.18,100.0,4.59,94.5,3,100,CLOSED,CLOSED,CLOSED,0,3,0,0,0
2026-04-02 05:02:32,17820,3.19,100.0,4.60,94.5,3,100,CLOSED,CLOSED,CLOSED,0,3,0,0,0
2026-04-02 05:03:32,17880,3.20,100.0,4.61,94.4,3,100,CLOSED,CLOSED,CLOSED,0,3,0,0,0
2026-04-02 05:04:32,17940,3.21,100.0,4.62,94.4,3,100,CLOSED,CLOSED,CLOSED,0,3,0,0,0
2026-04-02 05:05:32,18000,3.22,100.0,4.63,94.4,3,100,CLOSED,CLOSED,CLOSED,0,3,0,0,0
2026-04-02 05:06:32,18060,3.23,100.0,4.64,94.4,3,100,CLOSED,CLOSED,CLOSED,0,3,0,0,0
2026-04-02 05:07:32,18120,3.25,100.0,4.66,94.3,3,100,CLOSED,CLOSED,CLOSED,0,3,0,0,0
2026-04-02 05:08:32,18180,3.26,100.0,4.68,94.2,3,100,CLOSED,CLOSED,CLOSED,0,3,0,0,0
2026-04-02 05:09:32,18240,3.27,100.0,4.69,94.2,3,100,CLOSED,CLOSED,CLOSED,0,3,0,0,0
2026-04-02 05:10:32,18300,3.28,100.0,4.71,94.1,3,100,CLOSED,CLOSED,CLOSED,0,3,0,0,0
2026-04-02 05:11:32,18360,3.29,100.0,4.73,94.1,3,100,CLOSED,CLOSED,CLOSED,0,3,0,0,0
2026-04-02 05:12:32,18420,3.31,100.0,4.74,94.0,3,100,CLOSED,CLOSED,CLOSED,0,3,0,1,0
2026-04-02 05:13:32,18480,3.32,100.0,4.76,94.0,3,100,CLOSED,CLOSED,CLOSED,0,3,0,1,0
2026-04-02 05:14:32,18540,3.33,100.0,4.77,93.9,3,100,CLOSED,CLOSED,CLOSED,0,3,0,1,0
2026-04-02 05:15:32,18600,3.34,100.0,4.79,93.9,3,100,CLOSED,CLOSED,CLOSED,0,3,0,1,0
2026-04-02 05:16:32,18660,3.35,100.0,4.81,93.8,3,100,CLOSED,CLOSED,CLOSED,0,3,0,1,0
2026-04-02 05:17:32,18720,3.37,100.0,4.82,93.8,3,100,CLOSED,CLOSED,CLOSED,0,3,0,1,0
2026-04-02 05:18:32,18780,3.38,100.0,4.84,93.7,3,100,CLOSED,CLOSED,CLOSED,0,3,0,1,0
2026-04-02 05:19:32,18840,3.39,100.0,4.86,93.6,3,100,CLOSED,CLOSED,CLOSED,0,3,0,1,0
2026-04-02 05:20:32,18900,3.40,100.0,4.87,93.6,3,100,CLOSED,CLOSED,CLOSED,0,3,0,1,0
2026-04-02 05:21:32,18960,3.42,100.0,4.88,93.6,3,100,CLOSED,CLOSED,CLOSED,0,3,0,1,0
2026-04-02 05:22:32,19020,3.43,100.0,4.88,93.5,3,100,CLOSED,CLOSED,CLOSED,0,3,0,1,0
2026-04-02 05:23:32,19080,3.44,100.0,4.89,93.5,3,100,CLOSED,CLOSED,CLOSED,0,3,0,1,0
2026-04-02 05:24:32,19140,3.46,100.0,4.90,93.4,3,100,CLOSED,CLOSED,CLOSED,0,3,0,1,0
2026-04-02 05:25:32,19200,3.47,100.0,4.91,93.4,3,100,CLOSED,CLOSED,CLOSED,0,3,0,1,0
2026-04-02 05:26:32,19260,3.48,100.0,4.91,93.3,3,100,CLOSED,CLOSED,CLOSED,0,3,0,1,0
2026-04-02 05:27:32,19320,3.50,100.0,4.92,93.3,3,100,CLOSED,CLOSED,CLOSED,0,3,0,1,0
2026-04-02 05:28:32,19380,3.51,100.0,4.93,93.2,3,100,CLOSED,CLOSED,CLOSED,0,3,0,1,0
2026-04-02 05:29:32,19440,3.52,100.0,4.93,93.2,3,100,CLOSED,CLOSED,CLOSED,0,3,0,1,0
2026-04-02 05:30:32,19500,3.54,100.0,4.94,93.2,3,100,CLOSED,CLOSED,CLOSED,0,3,0,1,0
2026-04-02 05:31:32,19560,3.55,100.0,4.95,93.1,4,100,CLOSED,CLOSED,CLOSED,0,3,0,1,0
2026-04-02 05:32:32,19620,3.57,100.0,4.95,93.1,4,100,CLOSED,CLOSED,CLOSED,0,3,0,1,0
2026-04-02 05:33:32,19680,3.58,100.0,4.96,93.0,4,100,CLOSED,CLOSED,CLOSED,0,3,0,1,0
2026-04-02 05:34:32,19740,3.60,100.0,4.97,93.0,4,100,CLOSED,CLOSED,CLOSED,0,3,0,1,0
2026-04-02 05:35:32,19800,3.61,100.0,4.98,92.9,4,100,CLOSED,CLOSED,CLOSED,0,3,0,1,0
2026-04-02 05:36:32,19860,3.63,100.0,4.98,92.9,4,100,CLOSED,CLOSED,CLOSED,0,3,0,1,0
2026-04-02 05:37:32,19920,3.64,100.0,4.99,92.9,4,100,CLOSED,CLOSED,CLOSED,0,3,0,1,0
2026-04-02 05:38:32,19980,3.66,100.0,5.00,92.8,4,100,CLOSED,CLOSED,CLOSED,0,3,0,1,0
2026-04-02 05:39:32,20040,3.68,100.0,5.00,92.8,4,100,CLOSED,CLOSED,CLOSED,0,3,0,1,0
2026-04-02 05:40:32,20100,3.69,100.0,5.01,92.7,4,100,CLOSED,CLOSED,CLOSED,0,3,0,1,0
2026-04-02 05:41:32,20160,3.71,100.0,5.02,92.7,4,100,CLOSED,CLOSED,CLOSED,0,3,0,1,0
2026-04-02 05:42:32,20220,3.73,100.0,5.02,92.6,4,100,CLOSED,CLOSED,CLOSED,0,3,0,1,0
2026-04-02 05:43:32,20280,3.75,100.0,5.03,92.6,4,100,CLOSED,CLOSED,CLOSED,0,3,0,1,0
2026-04-02 05:44:32,20340,3.76,100.0,5.04,92.6,4,100,CLOSED,CLOSED,CLOSED,0,3,0,1,0
2026-04-02 05:45:32,20400,3.78,100.0,5.05,92.5,4,100,CLOSED,CLOSED,CLOSED,0,3,0,1,0
2026-04-02 05:46:32,20460,3.80,100.0,5.05,92.5,4,100,CLOSED,CLOSED,CLOSED,0,3,0,1,0
2026-04-02 05:47:32,20520,3.82,100.0,5.06,92.4,4,100,CLOSED,CLOSED,CLOSED,0,3,0,1,0
2026-04-02 05:48:32,20580,3.84,100.0,5.07,92.4,4,100,CLOSED,CLOSED,CLOSED,0,3,0,1,0
2026-04-02 05:49:32,20640,3.86,100.0,5.07,92.3,4,100,CLOSED,CLOSED,CLOSED,0,3,0,1,0
2026-04-02 05:50:32,20700,3.88,100.0,5.08,92.3,4,100,CLOSED,CLOSED,CLOSED,0,3,0,1,0
2026-04-02 05:51:32,20760,3.90,100.0,5.10,92.1,4,100,CLOSED,CLOSED,CLOSED,0,3,0,1,0
2026-04-02 05:52:32,20820,3.93,100.0,5.12,92.0,4,100,CLOSED,CLOSED,CLOSED,0,3,0,1,0
2026-04-02 05:53:32,20880,3.95,100.0,5.14,91.8,4,100,CLOSED,CLOSED,CLOSED,0,3,0,1,0
2026-04-02 05:54:32,20940,3.97,100.0,5.16,91.6,4,100,CLOSED,CLOSED,CLOSED,0,3,0,1,0
2026-04-02 05:55:32,21000,3.99,100.0,5.19,91.4,4,100,CLOSED,CLOSED,CLOSED,0,3,0,1,0
2026-04-02 05:56:32,21060,4.02,100.0,5.21,91.3,4,100,CLOSED,CLOSED,CLOSED,0,3,0,1,0
2026-04-02 05:57:32,21120,4.04,100.0,5.23,91.1,4,100,CLOSED,CLOSED,CLOSED,0,3,0,1,0
2026-04-02 05:58:32,21180,4.07,100.0,5.25,90.9,4,100,CLOSED,CLOSED,CLOSED,0,3,0,1,0
2026-04-02 05:59:32,21240,4.09,100.0,5.27,90.8,4,100,CLOSED,CLOSED,CLOSED,0,3,0,1,0
2026-04-02 06:00:32,21300,4.12,100.0,5.29,90.6,4,100,CLOSED,CLOSED,CLOSED,0,3,0,1,0
2026-04-02 06:01:32,21360,4.15,100.0,5.31,90.4,4,100,CLOSED,CLOSED,CLOSED,0,3,0,1,0
2026-04-02 06:02:32,21420,4.18,100.0,5.33,90.2,4,100,CLOSED,CLOSED,CLOSED,0,3,0,1,0
2026-04-02 06:03:32,21480,4.20,100.0,5.36,90.1,4,100,CLOSED,CLOSED,CLOSED,0,3,0,1,0
2026-04-02 06:04:32,21540,4.23,100.0,5.38,89.9,4,100,CLOSED,CLOSED,CLOSED,0,3,0,1,0
2026-04-02 06:05:32,21600,4.26,100.0,5.40,89.7,4,100,CLOSED,CLOSED,CLOSED,0,3,0,1,0
2026-04-02 06:06:32,21660,4.29,100.0,5.42,89.6,4,100,CLOSED,CLOSED,CLOSED,0,3,0,1,0
2026-04-02 06:07:32,21720,4.33,100.0,5.44,89.4,4,100,CLOSED,CLOSED,CLOSED,0,3,0,1,0
2026-04-02 06:08:32,21780,4.36,100.0,5.46,89.2,4,100,CLOSED,CLOSED,CLOSED,0,3,0,1,0
2026-04-02 06:09:32,21840,4.39,100.0,5.48,89.0,4,100,CLOSED,CLOSED,CLOSED,0,3,0,1,0
2026-04-02 06:10:32,21900,4.42,100.0,5.50,88.9,4,100,CLOSED,CLOSED,CLOSED,0,3,0,1,0
2026-04-02 06:11:32,21960,4.46,100.0,5.52,88.7,4,100,CLOSED,CLOSED,CLOSED,0,3,0,1,0
2026-04-02 06:12:32,22020,4.49,100.0,5.55,88.5,4,100,CLOSED,CLOSED,CLOSED,0,3,0,1,0
2026-04-02 06:13:32,22080,4.53,100.0,5.57,88.4,4,100,CLOSED,CLOSED,CLOSED,0,3,0,1,0
2026-04-02 06:14:32,22140,4.56,100.0,5.59,88.2,4,100,CLOSED,CLOSED,CLOSED,0,3,0,1,0
2026-04-02 06:15:32,22200,4.60,100.0,5.61,88.0,4,100,CLOSED,CLOSED,CLOSED,0,3,0,1,0
2026-04-02 06:16:32,22260,4.64,100.0,5.63,87.8,5,100,CLOSED,CLOSED,CLOSED,0,3,0,1,0
2026-04-02 06:17:32,22320,4.68,100.0,5.65,87.7,5,100,CLOSED,CLOSED,CLOSED,0,3,0,1,0
2026-04-02 06:18:32,22380,4.72,100.0,5.67,87.5,5,100,CLOSED,CLOSED,CLOSED,0,3,0,1,0
2026-04-02 06:19:32,22440,4.76,100.0,5.69,87.3,5,100,CLOSED,CLOSED,CLOSED,0,3,0,1,0
2026-04-02 06:20:32,22500,4.80,100.0,5.71,87.2,5,100,CLOSED,CLOSED,CLOSED,0,3,0,1,0
2026-04-02 06:21:32,22560,4.84,100.0,5.74,87.0,5,100,CLOSED,CLOSED,CLOSED,0,3,0,1,0
2026-04-02 06:22:32,22620,4.88,100.0,5.76,86.8,5,100,CLOSED,CLOSED,CLOSED,0,3,0,1,0
2026-04-02 06:23:32,22680,4.93,100.0,5.78,86.6,5,100,CLOSED,CLOSED,CLOSED,0,3,0,1,0
2026-04-02 06:24:32,22740,4.97,100.0,5.80,86.5,5,100,CLOSED,CLOSED,CLOSED,0,3,0,1,0
2026-04-02 06:25:32,22800,5.02,100.0,5.82,86.3,5,100,CLOSED,CLOSED,CLOSED,0,3,0,1,0
2026-04-02 06:26:32,22860,5.06,100.0,5.84,86.1,5,100,CLOSED,CLOSED,CLOSED,0,3,0,1,0
2026-04-02 06:27:32,22920,5.11,100.0,5.86,86.0,5,100,CLOSED,CLOSED,CLOSED,0,3,0,1,0
2026-04-02 06:28:32,22980,5.15,100.0,5.88,85.8,5,100,CLOSED,CLOSED,CLOSED,0,3,0,1,0
2026-04-02 06:29:32,23040,5.20,100.0,5.91,85.6,5,100,CLOSED,CLOSED,CLOSED,0,3,0,1,0
2026-04-02 06:30:32,23100,5.25,100.0,5.93,85.4,5,100,CLOSED,CLOSED,CLOSED,0,3,0,1,0
2026-04-02 06:31:32,23160,5.30,100.0,5.95,85.3,5,100,CLOSED,CLOSED,CLOSED,0,3,0,1,0
2026-04-02 06:32:32,23220,5.35,100.0,5.97,85.1,5,100,CLOSED,CLOSED,CLOSED,0,3,0,1,0
2026-04-02 06:33:32,23280,5.40,100.0,5.99,84.9,5,100,CLOSED,CLOSED,CLOSED,0,3,0,1,0
2026-04-02 06:34:32,23340,5.46,100.0,6.01,84.8,5,100,CLOSED,CLOSED,CLOSED,0,3,0,1,0
2026-04-02 06:35:32,23400,5.51,100.0,6.03,84.6,5,100,CLOSED,CLOSED,CLOSED,0,3,0,1,0
2026-04-02 06:36:32,23460,5.56,100.0,6.06,84.3,5,100,CLOSED,CLOSED,CLOSED,0,3,0,1,0
2026-04-02 06:37:32,23520,5.62,100.0,6.08,84.0,5,100,CLOSED,CLOSED,CLOSED,0,3,0,1,0
2026-04-02 06:38:32,23580,5.68,100.0,6.11,83.7,5,100,CLOSED,CLOSED,CLOSED,0,3,0,1,0
2026-04-02 06:39:32,23640,5.73,100.0,6.13,83.4,6,100,CLOSED,CLOSED,CLOSED,0,3,0,1,0
2026-04-02 06:40:32,23700,5.79,100.0,6.16,83.1,6,100,CLOSED,CLOSED,CLOSED,0,3,0,1,0
2026-04-02 06:41:32,23760,5.85,100.0,6.18,82.8,6,100,CLOSED,CLOSED,CLOSED,0,3,0,1,0
2026-04-02 06:42:32,23820,5.91,100.0,6.21,82.5,6,100,CLOSED,CLOSED,CLOSED,0,3,0,1,0
2026-04-02 06:43:32,23880,5.97,100.0,6.23,82.2,6,100,CLOSED,CLOSED,CLOSED,0,3,0,1,0
2026-04-02 06:44:32,23940,6.03,100.0,6.26,81.9,6,100,CLOSED,CLOSED,CLOSED,0,3,0,1,0
2026-04-02 06:45:32,24000,6.09,100.0,6.28,81.7,6,100,CLOSED,CLOSED,CLOSED,0,3,0,1,0
2026-04-02 06:46:32,24060,6.16,100.0,6.31,81.4,6,100,CLOSED,CLOSED,CLOSED,0,3,0,1,0
2026-04-02 06:47:32,24120,6.22,100.0,6.33,81.1,6,100,CLOSED,CLOSED,CLOSED,0,3,0,1,0
2026-04-02 06:48:32,24180,6.29,100.0,6.36,80.8,6,100,CLOSED,CLOSED,CLOSED,0,3,0,1,0
2026-04-02 06:49:32,24240,6.35,100.0,6.38,80.5,6,100,CLOSED,CLOSED,CLOSED,0,3,0,1,0
2026-04-02 06:50:32,24300,6.42,100.0,6.41,80.2,6,100,CLOSED,CLOSED,CLOSED,0,3,0,1,0
2026-04-02 06:51:32,24360,6.49,100.0,6.44,80.1,6,100,CLOSED,CLOSED,CLOSED,0,3,0,1,0
2026-04-02 06:52:32,24420,6.56,100.0,6.47,80.0,6,100,CLOSED,CLOSED,CLOSED,0,3,0,1,0
2026-04-02 06:53:32,24480,6.63,100.0,6.51,79.9,6,100,CLOSED,CLOSED,CLOSED,0,3,0,1,0
2026-04-02 06:54:32,24540,6.70,100.0,6.54,79.8,6,100,CLOSED,CLOSED,CLOSED,0,3,0,1,0
2026-04-02 06:55:32,24600,6.77,100.0,6.57,79.7,7,100,CLOSED,CLOSED,CLOSED,0,3,0,1,0
2026-04-02 06:56:32,24660,6.84,100.0,6.60,79.6,7,100,CLOSED,CLOSED,CLOSED,0,3,0,1,0
2026-04-02 06:57:32,24720,6.92,100.0,6.64,79.6,7,100,CLOSED,CLOSED,CLOSED,0,3,0,1,0
2026-04-02 06:58:32,24780,6.99,100.0,6.67,79.5,7,100,CLOSED,CLOSED,CLOSED,0,3,0,1,0
2026-04-02 06:59:32,24840,7.07,100.0,6.70,79.4,7,100,CLOSED,CLOSED,CLOSED,0,3,0,1,0
2026-04-02 07:00:32,24900,7.15,100.0,6.73,79.3,7,100,CLOSED,CLOSED,CLOSED,0,3,0,1,0
2026-04-02 07:01:32,24960,7.23,100.0,6.77,79.2,7,100,CLOSED,CLOSED,CLOSED,0,3,0,1,0
2026-04-02 07:02:32,25020,7.30,100.0,6.80,79.1,7,100,CLOSED,CLOSED,CLOSED,0,3,0,1,0
2026-04-02 07:03:32,25080,7.38,100.0,6.83,79.0,7,100,CLOSED,CLOSED,CLOSED,0,3,0,1,0
2026-04-02 07:04:32,25140,7.47,100.0,6.86,78.9,7,100,CLOSED,CLOSED,CLOSED,0,3,0,1,0
2026-04-02 07:05:32,25200,7.55,100.0,6.90,78.8,7,100,CLOSED,CLOSED,CLOSED,0,3,0,1,0
2026-04-02 07:06:32,25260,7.63,100.0,6.92,78.8,7,100,CLOSED,CLOSED,CLOSED,0,3,0,1,0
2026-04-02 07:07:32,25320,7.72,100.0,6.93,78.8,7,100,CLOSED,CLOSED,CLOSED,0,3,0,1,0
2026-04-02 07:08:32,25380,7.80,100.0,6.95,78.8,8,100,CLOSED,CLOSED,CLOSED,0,3,0,1,0
2026-04-02 07:09:32,25440,7.89,100.0,6.97,78.8,8,100,CLOSED,CLOSED,CLOSED,0,3,0,1,0
2026-04-02 07:10:32,25500,7.97,100.0,6.99,78.8,8,100,CLOSED,CLOSED,CLOSED,0,3,0,1,0
2026-04-02 07:11:32,25560,8.06,100.0,7.01,78.8,8,100,CLOSED,CLOSED,CLOSED,0,3,0,1,0
2026-04-02 07:12:32,25620,8.15,100.0,7.02,78.8,8,100,CLOSED,CLOSED,CLOSED,0,3,0,1,0
2026-04-02 07:13:32,25680,8.24,100.0,7.04,78.7,8,100,CLOSED,CLOSED,CLOSED,0,3,0,1,0
2026-04-02 07:14:32,25740,8.33,100.0,7.06,78.7,8,100,CLOSED,CLOSED,CLOSED,0,3,0,1,0
2026-04-02 07:15:32,25800,8.42,100.0,7.08,78.7,8,100,CLOSED,CLOSED,CLOSED,0,3,0,1,0
2026-04-02 07:16:32,25860,8.52,100.0,7.10,78.7,8,100,CLOSED,CLOSED,CLOSED,0,3,0,1,0
2026-04-02 07:17:32,25920,8.61,100.0,7.12,78.7,8,100,CLOSED,CLOSED,CLOSED,0,3,0,1,0
2026-04-02 07:18:32,25980,8.70,100.0,7.13,78.7,8,100,CLOSED,CLOSED,CLOSED,0,3,0,1,0
2026-04-02 07:19:32,26040,8.80,100.0,7.15,78.7,9,100,CLOSED,CLOSED,CLOSED,0,3,0,1,0
2026-04-02 07:20:32,26100,8.89,100.0,7.17,78.7,9,100,CLOSED,CLOSED,CLOSED,0,3,0,1,0
2026-04-02 07:21:32,26160,8.99,100.0,7.19,78.8,9,100,CLOSED,CLOSED,CLOSED,0,3,0,1,0
2026-04-02 07:22:32,26220,9.09,100.0,7.21,78.8,9,100,CLOSED,CLOSED,CLOSED,0,3,0,1,0
2026-04-02 07:23:32,26280,9.19,100.0,7.22,78.9,9,100,CLOSED,CLOSED,CLOSED,0,3,0,1,0
2026-04-02 07:24:32,26340,9.29,100.0,7.24,78.9,9,100,CLOSED,CLOSED,CLOSED,0,3,0,1,0
2026-04-02 07:25:32,26400,9.39,100.0,7.26,79.0,9,100,CLOSED,CLOSED,CLOSED,0,3,0,1,0
2026-04-02 07:26:32,26460,9.49,100.0,7.28,79.0,9,100,CLOSED,CLOSED,CLOSED,0,3,0,1,0
2026-04-02 07:27:32,26520,9.59,100.0,7.29,79.1,9,100,CLOSED,CLOSED,CLOSED,0,3,0,1,0
2026-04-02 07:28:32,26580,9.70,100.0,7.31,79.1,9,100,CLOSED,CLOSED,CLOSED,0,3,0,1,0
2026-04-02 07:29:32,26640,9.80,100.0,7.33,79.2,9,100,CLOSED,CLOSED,CLOSED,0,3,0,1,0
2026-04-02 07:30:32,26700,9.91,100.0,7.35,79.2,10,100,CLOSED,CLOSED,CLOSED,0,3,0,1,0
2026-04-02 07:31:32,26760,10.01,100.0,7.36,79.3,10,100,CLOSED,CLOSED,CLOSED,0,3,0,1,0
2026-04-02 07:32:32,26820,10.12,100.0,7.38,79.3,10,100,CLOSED,CLOSED,CLOSED,0,3,0,1,0
2026-04-02 07:33:32,26880,10.23,100.0,7.40,79.4,10,100,CLOSED,CLOSED,CLOSED,0,3,0,1,0
2026-04-02 07:34:32,26940,10.33,100.0,7.42,79.4,10,100,CLOSED,CLOSED,CLOSED,0,3,0,1,0
2026-04-02 07:35:32,27000,10.44,100.0,7.44,79.5,10,100,CLOSED,CLOSED,CLOSED,0,3,0,1,0
2026-04-02 07:36:32,27060,10.56,100.0,7.45,79.6,10,100,CLOSED,CLOSED,CLOSED,0,3,0,1,0
2026-04-02 07:37:32,27120,10.67,100.0,7.47,79.6,10,100,CLOSED,CLOSED,CLOSED,0,3,0,1,0
2026-04-02 07:38:32,27180,10.78,100.0,7.49,79.7,10,100,CLOSED,CLOSED,CLOSED,0,3,0,1,0
2026-04-02 07:39:32,27240,10.89,100.0,7.51,79.7,11,100,CLOSED,CLOSED,CLOSED,0,3,0,1,0
2026-04-02 07:40:32,27300,11.01,100.0,7.52,79.8,11,100,CLOSED,CLOSED,CLOSED,0,3,0,1,0
2026-04-02 07:41:32,27360,11.12,100.0,7.54,79.8,11,100,CLOSED,CLOSED,CLOSED,0,3,0,1,0
2026-04-02 07:42:32,27420,11.24,100.0,7.56,79.9,11,100,CLOSED,CLOSED,CLOSED,0,3,0,1,0
2026-04-02 07:43:32,27480,11.35,100.0,7.58,79.9,11,100,CLOSED,CLOSED,CLOSED,0,3,0,1,0
2026-04-02 07:44:32,27540,11.47,100.0,7.59,80.0,11,100,CLOSED,CLOSED,CLOSED,0,3,0,1,0
2026-04-02 07:45:32,27600,11.59,100.0,7.61,80.0,11,100,CLOSED,CLOSED,CLOSED,0,3,0,1,0
2026-04-02 07:46:32,27660,11.71,100.0,7.63,80.1,11,100,CLOSED,CLOSED,CLOSED,0,3,0,1,0
2026-04-02 07:47:32,27720,11.83,100.0,7.65,80.1,11,100,CLOSED,CLOSED,CLOSED,0,3,0,1,0
2026-04-02 07:48:32,27780,11.95,100.0,7.66,80.2,11,100,CLOSED,CLOSED,CLOSED,0,3,0,1,0
2026-04-02 07:49:32,27840,12.07,100.0,7.68,80.2,12,100,CLOSED,CLOSED,CLOSED,0,3,0,1,0
2026-04-02 07:50:32,27900,12.20,100.0,7.70,80.3,12,100,CLOSED,CLOSED,CLOSED,0,3,0,1,0
2026-04-02 07:51:32,27960,12.32,100.0,7.73,80.3,12,100,CLOSED,CLOSED,CLOSED,0,3,0,1,0
2026-04-02 07:52:32,28020,12.45,100.0,7.77,80.3,12,100,CLOSED,CLOSED,CLOSED,0,3,0,1,0
2026-04-02 07:53:32,28080,12.57,100.0,7.80,80.2,12,100,CLOSED,CLOSED,CLOSED,0,3,0,1,0
2026-04-02 07:54:32,28140,12.70,100.0,7.83,80.2,12,100,CLOSED,CLOSED,CLOSED,0,3,0,1,0
2026-04-02 07:55:32,28200,12.83,100.0,7.86,80.2,12,100,CLOSED,CLOSED,CLOSED,0,3,0,1,0
2026-04-02 07:56:32,28260,12.95,100.0,7.90,80.2,12,100,CLOSED,CLOSED,CLOSED,0,3,0,1,0
2026-04-02 07:57:32,28320,13.08,100.0,7.93,80.2,13,100,CLOSED,CLOSED,CLOSED,0,3,0,1,0
2026-04-02 07:58:32,28380,13.22,100.0,7.96,80.1,13,100,CLOSED,CLOSED,CLOSED,0,3,0,1,0
2026-04-02 07:59:32,28440,13.35,100.0,7.99,80.1,13,100,CLOSED,CLOSED,CLOSED,0,3,0,1,0
2026-04-02 08:00:32,28500,13.48,100.0,8.03,80.1,13,100,CLOSED,CLOSED,CLOSED,0,3,0,1,0
2026-04-02 08:01:32,28560,13.61,100.0,8.06,80.1,13,100,CLOSED,CLOSED,CLOSED,0,3,0,1,0
2026-04-02 08:02:32,28620,13.75,100.0,8.09,80.1,13,100,CLOSED,CLOSED,CLOSED,0,3,0,1,0
2026-04-02 08:03:32,28680,13.88,100.0,8.13,80.0,13,100,CLOSED,CLOSED,CLOSED,0,3,0,1,0
2026-04-02 08:04:32,28740,14.02,100.0,8.16,80.0,14,100,CLOSED,CLOSED,CLOSED,0,3,0,1,0
2026-04-02 08:05:32,28800,14.16,100.0,8.19,80.0,14,100,CLOSED,CLOSED,CLOSED,0,3,0,1,0
2026-04-02 08:06:32,28860,14.30,100.0,8.23,80.0,14,100,CLOSED,CLOSED,CLOSED,0,3,0,1,0
2026-04-02 08:07:32,28920,14.43,100.0,8.27,80.0,14,100,CLOSED,CLOSED,CLOSED,0,3,0,1,0
2026-04-02 08:08:32,28980,14.57,100.0,8.31,80.0,14,100,CLOSED,CLOSED,CLOSED,0,3,0,1,0
2026-04-02 08:09:32,29040,14.72,100.0,8.34,80.0,14,100,CLOSED,CLOSED,CLOSED,0,3,0,1,0
2026-04-02 08:10:32,29100,14.86,100.0,8.38,80.1,14,100,CLOSED,CLOSED,CLOSED,0,3,0,1,0
2026-04-02 08:11:32,29160,15.00,100.0,8.42,80.1,14,100,CLOSED,CLOSED,CLOSED,0,3,0,1,0
2026-04-02 08:12:32,29220,15.14,100.0,8.46,80.1,15,100,CLOSED,CLOSED,CLOSED,0,3,0,1,0
2026-04-02 08:13:32,29280,15.29,100.0,8.50,80.1,15,100,CLOSED,CLOSED,CLOSED,0,3,0,1,0
2026-04-02 08:14:32,29340,15.44,100.0,8.53,80.1,15,100,CLOSED,CLOSED,CLOSED,0,3,0,1,0
2026-04-02 08:15:32,29400,15.58,100.0,8.57,80.1,15,100,CLOSED,CLOSED,CLOSED,0,3,0,1,0
2026-04-02 08:16:32,29460,15.73,100.0,8.61,80.1,15,100,CLOSED,CLOSED,CLOSED,0,3,0,1,0
2026-04-02 08:17:32,29520,15.88,100.0,8.65,80.1,15,100,CLOSED,CLOSED,CLOSED,0,3,0,1,0
2026-04-02 08:18:32,29580,16.03,100.0,8.69,80.1,15,100,CLOSED,CLOSED,CLOSED,0,3,0,1,0
2026-04-02 08:19:32,29640,16.18,100.0,8.72,80.1,16,100,CLOSED,CLOSED,CLOSED,0,3,0,1,0
2026-04-02 08:20:32,29700,16.33,100.0,8.76,80.2,16,100,CLOSED,CLOSED,CLOSED,0,3,0,1,0
2026-04-02 08:21:32,29760,16.48,100.0,8.80,80.2,16,100,CLOSED,CLOSED,CLOSED,0,3,0,1,0
2026-04-02 08:22:32,29820,16.63,100.0,8.84,80.2,16,100,CLOSED,CLOSED,CLOSED,0,3,0,1,0
2026-04-02 08:23:32,29880,16.79,100.0,8.88,80.2,16,100,CLOSED,CLOSED,CLOSED,0,3,0,1,0
2026-04-02 08:24:32,29940,16.94,100.0,8.92,80.2,16,100,CLOSED,CLOSED,CLOSED,0,3,0,1,0
2026-04-02 08:25:32,30000,17.10,100.0,8.95,80.2,17,100,CLOSED,CLOSED,CLOSED,0,3,0,1,0
2026-04-02 08:26:32,30060,17.25,100.0,8.99,80.2,17,100,CLOSED,CLOSED,CLOSED,0,3,0,1,0
2026-04-02 08:27:32,30120,17.41,100.0,9.03,80.2,17,100,CLOSED,CLOSED,CLOSED,0,3,0,1,0
2026-04-02 08:28:32,30180,17.57,100.0,9.07,80.2,17,100,CLOSED,CLOSED,CLOSED,0,3,0,1,0
2026-04-02 08:29:32,30240,17.73,100.0,9.11,80.2,17,100,CLOSED,CLOSED,CLOSED,0,3,0,1,0
2026-04-02 08:30:32,30300,17.89,100.0,9.14,80.3,17,100,CLOSED,CLOSED,CLOSED,0,3,0,1,0
2026-04-02 08:31:32,30360,18.05,100.0,9.18,80.3,17,100,CLOSED,CLOSED,CLOSED,0,3,0,1,0
2026-04-02 08:32:32,30420,18.21,100.0,9.22,80.3,18,100,CLOSED,CLOSED,CLOSED,0,3,0,1,0
2026-04-02 08:33:32,30480,18.37,100.0,9.26,80.3,18,100,CLOSED,CLOSED,CLOSED,0,3,0,1,0
2026-04-02 08:34:32,30540,18.53,100.0,9.30,80.3,18,100,CLOSED,CLOSED,CLOSED,0,3,0,1,0
2026-04-02 08:35:32,30600,18.70,100.0,9.33,80.3,18,100,CLOSED,CLOSED,CLOSED,0,3,0,1,0
2026-04-02 08:36:32,30660,18.86,100.0,9.35,80.2,18,100,CLOSED,CLOSED,CLOSED,0,3,0,1,0
2026-04-02 08:37:32,30720,19.03,100.0,9.38,80.2,18,100,CLOSED,CLOSED,CLOSED,0,3,0,1,0
2026-04-02 08:38:32,30780,19.19,100.0,9.40,80.1,19,100,CLOSED,CLOSED,CLOSED,0,3,0,1,0
2026-04-02 08:39:32,30840,19.36,100.0,9.42,80.1,19,100,CLOSED,CLOSED,CLOSED,0,3,0,1,0
2026-04-02 08:40:32,30900,19.53,100.0,9.44,80.0,19,100,CLOSED,CLOSED,CLOSED,0,3,0,1,0
2026-04-02 08:41:32,30960,19.69,100.0,9.46,79.9,19,100,CLOSED,CLOSED,CLOSED,0,3,0,1,0
2026-04-02 08:42:32,31020,19.86,100.0,9.48,79.9,19,100,CLOSED,CLOSED,CLOSED,0,3,0,1,0
2026-04-02 08:43:32,31080,20.03,100.0,9.50,79.8,20,100,CLOSED,CLOSED,CLOSED,0,3,0,1,0
2026-04-02 08:44:32,31140,20.20,100.0,9.52,79.8,20,100,CLOSED,CLOSED,CLOSED,0,3,0,1,0
2026-04-02 08:45:32,31200,20.37,100.0,9.55,79.7,20,100,CLOSED,CLOSED,CLOSED,0,3,0,1,0
2026-04-02 08:46:32,31260,20.54,100.0,9.57,79.6,20,100,CLOSED,CLOSED,CLOSED,0,3,0,1,0
2026-04-02 08:47:32,31320,20.71,100.0,9.59,79.6,20,100,CLOSED,CLOSED,CLOSED,0,3,0,1,0
2026-04-02 08:48:32,31380,20.88,100.0,9.61,79.5,20,100,CLOSED,CLOSED,CLOSED,0,3,0,1,0
2026-04-02 08:49:32,31440,21.05,100.0,9.63,79.5,21,100,CLOSED,CLOSED,CLOSED,0,3,0,1,0
2026-04-02 08:50:32,31500,21.23,100.0,9.65,79.4,21,100,CLOSED,CLOSED,CLOSED,0,3,0,1,0
2026-04-02 08:51:32,31560,21.40,100.0,9.67,79.3,21,100,CLOSED,CLOSED,CLOSED,0,3,0,1,0
2026-04-02 08:52:32,31620,21.57,100.0,9.69,79.3,21,100,CLOSED,CLOSED,CLOSED,0,3,0,1,0
2026-04-02 08:53:32,31680,21.75,100.0,9.72,79.2,21,100,CLOSED,CLOSED,CLOSED,0,3,0,1,0
2026-04-02 08:54:32,31740,21.92,100.0,9.74,79.2,21,100,CLOSED,CLOSED,CLOSED,0,3,0,1,0
2026-04-02 08:55:32,31800,22.10,100.0,9.76,79.1,22,100,CLOSED,CLOSED,CLOSED,0,3,0,1,0
2026-04-02 08:56:32,31860,22.27,100.0,9.78,79.0,22,100,CLOSED,CLOSED,CLOSED,0,3,0,1,0
2026-04-02 08:57:32,31920,22.45,100.0,9.80,79.0,22,100,CLOSED,CLOSED,CLOSED,0,3,0,1,0
2026-04-02 08:58:32,31980,22.62,99.0,9.82,78.9,22,100,CLOSED,CLOSED,CLOSED,0,3,0,1,0
2026-04-02 08:59:32,32040,22.80,98.0,9.84,78.9,22,100,CLOSED,CLOSED,CLOSED,0,3,0,1,0
2026-04-02 09:00:32,32100,22.98,96.9,9.86,78.8,22,99,CLOSED,CLOSED,CLOSED,0,3,0,1,0
2026-04-02 09:01:32,32160,23.16,95.9,9.89,78.7,23,99,CLOSED,CLOSED,CLOSED,0,3,0,1,0
2026-04-02 09:02:32,32220,23.34,94.9,9.91,78.7,23,98,CLOSED,CLOSED,CLOSED,0,3,0,1,0
2026-04-02 09:03:32,32280,23.51,93.8,9.93,78.6,23,96,CLOSED,CLOSED,CLOSED,0,3,0,1,0
2026-04-02 09:04:32,32340,23.69,92.8,9.95,78.6,23,95,CLOSED,CLOSED,CLOSED,0,3,0,1,0
2026-04-02 09:05:32,32400,23.87,91.8,9.97,78.5,23,95,CLOSED,CLOSED,CLOSED,0,3,0,1,0
2026-04-02 09:06:32,32460,24.05,90.9,9.99,78.5,23,94,CLOSED,CLOSED,CLOSED,0,3,0,1,0
2026-04-02 09:07:32,32520,24.23,89.9,10.01,78.5,24,93,CLOSED,CLOSED,CLOSED,0,3,0,1,0
2026-04-02 09:08:32,32580,24.41,88.9,10.03,78.6,24,92,CLOSED,CLOSED,CLOSED,0,3,0,1,0
2026-04-02 09:09:32,32640,24.60,88.0,10.05,78.6,24,91,CLOSED,CLOSED,CLOSED,0,3,0,1,0
2026-04-02 09:10:32,32700,24.78,87.0,10.07,78.6,24,89,CLOSED,CLOSED,CLOSED,0,3,0,1,0
2026-04-02 09:11:32,32760,24.96,86.1,10.10,78.6,24,88,CLOSED,CLOSED,CLOSED,0,3,0,1,0
2026-04-02 09:12:32,32820,25.14,85.1,10.12,78.6,24,88,CLOSED,CLOSED,CLOSED,0,3,0,1,0
2026-04-02 09:13:32,32880,25.32,84.2,10.14,78.7,25,87,CLOSED,CLOSED,CLOSED,0,3,0,1,0
2026-04-02 09:14:32,32940,25.51,83.3,10.16,78.7,25,86,CLOSED,CLOSED,CLOSED,0,3,0,1,0
2026-04-02 09:15:32,33000,25.69,82.4,10.18,78.7,25,85,CLOSED,CLOSED,CLOSED,0,3,0,1,0
2026-04-02 09:16:32,33060,25.88,81.5,10.20,78.7,25,84,CLOSED,CLOSED,CLOSED,0,3,0,1,0
2026-04-02 09:17:32,33120,26.06,80.6,10.22,78.7,25,83,CLOSED,CLOSED,CLOSED,0,3,0,1,0
2026-04-02 09:18:32,33180,26.24,79.8,10.24,78.8,26,82,CLOSED,CLOSED,CLOSED,0,3,0,1,0
2026-04-02 09:19:32,33240,26.43,78.9,10.26,78.8,26,82,CLOSED,CLOSED,CLOSED,0,3,0,1,0
2026-04-02 09:20:32,33300,26.61,78.0,10.28,78.8,26,81,CLOSED,CLOSED,CLOSED,0,3,0,1,0
2026-04-02 09:21:32,33360,26.80,77.2,10.31,78.7,26,80,CLOSED,CLOSED,CLOSED,0,3,0,1,0
2026-04-02 09:22:32,33420,26.98,76.3,10.34,78.6,26,79,CLOSED,CLOSED,CLOSED,0,3,0,1,0
2026-04-02 09:23:32,33480,27.17,75.5,10.36,78.5,27,78,CLOSED,CLOSED,CLOSED,0,3,0,1,0
2026-04-02 09:24:32,33540,27.36,74.7,10.39,78.4,27,77,CLOSED,CLOSED,CLOSED,0,2,0,1,0
2026-04-02 09:25:32,33600,27.54,73.9,10.41,78.3,27,76,CLOSED,CLOSED,CLOSED,0,1,0,1,0
2026-04-02 09:26:32,33660,27.73,73.1,10.44,78.2,27,76,CLOSED,CLOSED,CLOSED,0,1,0,1,0
2026-04-02 09:27:32,33720,27.92,72.3,10.46,78.1,27,75,CLOSED,CLOSED,CLOSED,0,-1,0,1,0
2026-04-02 09:28:32,33780,28.11,71.5,10.49,78.0,27,74,CLOSED,CLOSED,CLOSED,0,-1,0,1,0
2026-04-02 09:29:32,33840,28.29,70.7,10.52,78.0,28,73,CLOSED,CLOSED,CLOSED,0,-1,0,1,0
2026-04-02 09:30:32,33900,28.48,69.9,10.54,77.9,28,72,CLOSED,CLOSED,CLOSED,0,-1,0,1,0
2026-04-02 09:31:32,33960,28.67,69.2,10.57,77.8,28,71,CLOSED,CLOSED,CLOSED,0,-1,0,1,0
2026-04-02 09:32:32,34020,28.86,68.4,10.59,77.7,28,70,CLOSED,CLOSED,CLOSED,0,-1,0,1,0
2026-04-02 09:33:32,34080,29.05,67.7,10.62,77.6,28,70,CLOSED,CLOSED,CLOSED,0,-1,0,1,0
2026-04-02 09:34:32,34140,29.21,67.0,10.64,77.5,29,69,OPEN,CLOSED,CLOSED,1,-1,1,1,0
2026-04-02 09:35:32,34200,29.34,66.3,10.67,77.4,29,68,OPEN,CLOSED,CLOSED,1,-1,1,1,0
2026-04-02 09:36:32,34260,29.47,65.7,10.67,77.4,29,68,OPEN,CLOSED,CLOSED,1,-1,1,1,0
2026-04-02 09:37:32,34320,29.60,65.1,10.67,77.4,29,67,OPEN,CLOSED,CLOSED,1,-1,1,1,0
2026-04-02 09:38:32,34380,29.73,64.5,10.67,77.5,29,66,OPEN,CLOSED,CLOSED,1,-1,1,1,0
2026-04-02 09:39:32,34440,29.86,63.9,10.68,77.5,29,65,OPEN,CLOSED,CLOSED,1,-1,1,1,0
2026-04-02 09:40:32,34500,29.99,63.3,10.68,77.5,29,65,OPEN,CLOSED,CLOSED,1,-1,1,1,0
2026-04-02 09:41:32,34560,30.09,62.7,10.68,77.5,30,65,OPEN,OPEN,CLOSED,2,-1,2,1,0
2026-04-02 09:42:32,34620,30.16,62.2,10.68,77.5,30,64,OPEN,OPEN,CLOSED,2,-1,2,1,0
2026-04-02 09:43:32,34680,30.23,61.8,10.68,77.6,30,63,OPEN,OPEN,CLOSED,2,-1,2,1,0
2026-04-02 09:44:32,34740,30.30,61.3,10.68,77.6,30,63,OPEN,OPEN,CLOSED,2,-1,2,1,0
2026-04-02 09:45:32,34800,30.37,60.8,10.68,77.6,30,62,OPEN,OPEN,CLOSED,2,-1,2,1,0
2026-04-02 09:46:32,34860,30.45,60.4,10.68,77.6,30,61,OPEN,OPEN,CLOSED,2,-1,2,1,0
2026-04-02 09:47:32,34920,30.52,59.9,10.69,77.6,30,61,OPEN,OPEN,CLOSED,2,-1,2,1,0
2026-04-02 09:48:32,34980,30.59,59.4,10.69,77.7,30,61,OPEN,OPEN,CLOSED,2,-1,2,1,0
2026-04-02 09:49:32,35040,30.66,59.0,10.69,77.7,30,60,OPEN,OPEN,CLOSED,2,-1,2,1,0
2026-04-02 09:50:32,35100,30.74,58.5,10.69,77.7,30,60,OPEN,OPEN,CLOSED,2,-1,2,1,0
2026-04-02 09:51:32,35160,30.81,58.1,10.71,77.7,31,59,OPEN,OPEN,MOVING_OPEN,3,-1,3,1,0
2026-04-02 09:52:32,35220,30.89,57.7,10.72,77.8,31,59,OPEN,OPEN,MOVING_OPEN,3,-1,3,1,0
2026-04-02 09:53:32,35280,30.96,57.2,10.73,77.8,31,58,OPEN,OPEN,MOVING_OPEN,3,-1,3,1,0
2026-04-02 09:54:32,35340,30.88,57.0,10.75,77.8,31,58,OPEN,OPEN,OPEN,3,-1,3,1,0
2026-04-02 09:55:32,35400,30.64,57.1,10.76,77.9,31,58,OPEN,OPEN,OPEN,3,-1,3,1,0
2026-04-02 09:56:32,35460,30.40,57.2,10.78,77.9,31,57,OPEN,OPEN,OPEN,3,-1,3,1,0
2026-04-02 09:57:32,35520,30.18,57.3,10.79,77.9,31,57,OPEN,OPEN,OPEN,3,-1,3,1,0
2026-04-02 09:58:32,35580,29.97,57.3,10.81,78.0,31,57,OPEN,OPEN,OPEN,3,-1,3,1,0
2026-04-02 09:59:32,35640,29.81,57.3,10.82,78.0,30,57,OPEN,OPEN,MOVING_CLOSE,2,-1,2,1,0
2026-04-02 10:00:32,35700,29.92,56.8,10.84,78.0,30,57,OPEN,OPEN,MOVING_CLOSE,2,-1,2,1,0
2026-04-02 10:01:32,35760,30.02,56.3,10.85,78.1,30,57,OPEN,OPEN,MOVING_CLOSE,2,-1,2,1,0
2026-04-02 10:02:32,35820,30.12,55.9,10.87,78.1,30,57,OPEN,OPEN,CLOSED,2,-1,2,1,0
2026-04-02 10:03:32,35880,30.22,55.4,10.88,78.1,30,57,OPEN,OPEN,CLOSED,2,-1,2,1,0
2026-04-02 10:04:32,35940,30.32,54.9,10.90,78.2,30,56,OPEN,OPEN,CLOSED,2,-1,2,1,0
2026-04-02 10:05:32,36000,30.43,54.5,10.91,78.2,30,56,OPEN,OPEN,CLOSED,2,-1,2,1,0
2026-04-02 10:06:32,36060,30.53,54.1,10.90,78.1,30,55,OPEN,OPEN,CLOSED,2,-1,2,1,0
2026-04-02 10:07:32,36120,30.63,53.6,10.90,78.1,30,55,OPEN,OPEN,CLOSED,2,-1,2,1,0
2026-04-02 10:08:32,36180,30.73,53.2,10.90,78.1,30,55,OPEN,OPEN,CLOSED,2,-1,2,1,0
2026-04-02 10:09:32,36240,30.83,52.8,10.89,78.0,30,54,OPEN,OPEN,CLOSED,2,-1,2,1,0
2026-04-02 10:10:32,36300,30.93,52.4,10.89,78.0,31,54,OPEN,OPEN,MOVING_OPEN,3,-1,3,1,0
2026-04-02 10:11:32,36360,31.03,52.0,10.88,77.9,31,53,OPEN,OPEN,MOVING_OPEN,3,-1,3,1,0
2026-04-02 10:12:32,36420,31.13,51.5,10.88,77.9,31,53,OPEN,OPEN,MOVING_OPEN,3,-1,3,1,0
2026-04-02 10:13:32,36480,30.96,51.6,10.87,77.8,31,52,OPEN,OPEN,OPEN,3,-1,3,1,0
2026-04-02 10:14:32,36540,30.75,51.7,10.87,77.8,31,52,OPEN,OPEN,OPEN,3,-1,3,1,0
2026-04-02 10:15:32,36600,30.54,51.8,10.86,77.7,31,52,OPEN,OPEN,OPEN,3,-1,3,1,0
2026-04-02 10:16:32,36660,30.34,51.8,10.86,77.7,31,52,OPEN,OPEN,OPEN,3,-1,3,1,0
2026-04-02 10:17:32,36720,30.15,51.9,10.85,77.6,31,52,OPEN,OPEN,OPEN,3,-1,3,1,0
2026-04-02 10:18:32,36780,29.96,52.0,10.85,77.6,31,52,OPEN,OPEN,OPEN,3,-1,3,1,0
2026-04-02 10:19:32,36840,29.88,51.8,10.84,77.5,30,52,OPEN,OPEN,MOVING_CLOSE,2,-1,2,1,0
2026-04-02 10:20:32,36900,30.01,51.4,10.84,77.5,30,52,OPEN,OPEN,MOVING_CLOSE,2,-1,2,1,0
2026-04-02 10:21:32,36960,30.13,51.0,10.83,77.7,30,52,OPEN,OPEN,MOVING_CLOSE,2,-1,2,1,0
2026-04-02 10:22:32,37020,30.26,50.5,10.83,77.8,30,52,OPEN,OPEN,CLOSED,2,-1,2,1,0
2026-04-02 10:23:32,37080,30.38,50.1,10.82,78.0,30,51,OPEN,OPEN,CLOSED,2,-1,2,1,0
2026-04-02 10:24:32,37140,30.50,49.7,10.81,78.1,30,51,OPEN,OPEN,CLOSED,2,-1,2,1,0
2026-04-02 10:25:32,37200,30.63,49.3,10.81,78.3,30,50,OPEN,OPEN,CLOSED,2,-1,2,1,0
2026-04-02 10:26:32,37260,30.75,48.9,10.80,78.4,30,50,OPEN,OPEN,CLOSED,2,-1,2,1,0
2026-04-02 10:27:32,37320,30.87,48.5,10.79,78.6,30,50,OPEN,OPEN,CLOSED,2,-1,2,1,0
2026-04-02 10:28:32,37380,30.99,48.1,10.79,78.7,31,49,OPEN,OPEN,MOVING_OPEN,3,0,3,1,0
2026-04-02 10:29:32,37440,31.10,47.8,10.78,78.9,31,49,OPEN,OPEN,MOVING_OPEN,3,0,3,1,0
2026-04-02 10:30:32,37500,31.22,47.4,10.77,79.1,31,49,OPEN,OPEN,MOVING_OPEN,3,0,3,1,0
2026-04-02 10:31:32,37560,31.28,47.1,10.77,79.2,31,48,OPEN,OPEN,OPEN,3,0,3,1,0
2026-04-02 10:32:32,37620,31.08,47.3,10.76,79.4,31,48,OPEN,OPEN,OPEN,3,0,3,1,0
2026-04-02 10:33:32,37680,30.87,47.4,10.75,79.5,31,48,OPEN,OPEN,OPEN,3,0,3,1,0
2026-04-02 10:34:32,37740,30.68,47.5,10.75,79.7,31,47,OPEN,OPEN,OPEN,3,0,3,1,0
2026-04-02 10:35:32,37800,30.49,47.7,10.74,79.8,31,47,OPEN,OPEN,OPEN,3,0,3,1,0
2026-04-02 10:36:32,37860,30.31,47.8,10.76,79.7,31,47,OPEN,OPEN,OPEN,3,0,3,1,0
2026-04-02 10:37:32,37920,30.14,47.9,10.79,79.5,31,48,OPEN,OPEN,OPEN,3,0,3,1,0
2026-04-02 10:38:32,37980,29.97,48.0,10.81,79.4,31,48,OPEN,OPEN,OPEN,3,0,3,1,0
2026-04-02 10:39:32,38040,29.96,47.8,10.83,79.3,30,48,OPEN,OPEN,MOVING_CLOSE,2,0,2,1,0
2026-04-02 10:40:32,38100,30.11,47.4,10.85,79.2,30,48,OPEN,OPEN,MOVING_CLOSE,2,0,2,1,0
2026-04-02 10:41:32,38160,30.25,47.0,10.87,79.1,30,48,OPEN,OPEN,MOVING_CLOSE,2,0,2,1,0
2026-04-02 10:42:32,38220,30.39,46.6,10.89,78.9,30,47,OPEN,OPEN,CLOSED,2,0,2,1,0
2026-04-02 10:43:32,38280,30.53,46.2,10.91,78.8,30,47,OPEN,OPEN,CLOSED,2,0,2,1,0
2026-04-02 10:44:32,38340,30.68,45.9,10.93,78.7,30,47,OPEN,OPEN,CLOSED,2,0,2,1,0
2026-04-02 10:45:32,38400,30.82,45.5,10.96,78.6,30,47,OPEN,OPEN,CLOSED,2,0,2,1,0
2026-04-02 10:46:32,38460,30.96,45.1,10.98,78.5,30,46,OPEN,OPEN,CLOSED,2,0,2,1,0
2026-04-02 10:47:32,38520,31.09,44.8,11.00,78.3,31,46,OPEN,OPEN,MOVING_OPEN,3,0,3,1,0
2026-04-02 10:48:32,38580,31.23,44.4,11.02,78.2,31,45,OPEN,OPEN,MOVING_OPEN,3,0,3,1,0
2026-04-02 10:49:32,38640,31.37,44.1,11.04,78.1,31,45,OPEN,OPEN,MOVING_OPEN,3,0,3,1,0
2026-04-02 10:50:32,38700,31.34,44.0,11.06,78.0,31,45,OPEN,OPEN,OPEN,3,0,3,1,0
2026-04-02 10:51:32,38760,31.16,44.1,11.07,78.0,31,45,OPEN,OPEN,OPEN,3,0,3,1,0
2026-04-02 10:52:32,38820,30.98,44.2,11.08,78.1,31,44,OPEN,OPEN,OPEN,3,0,3,1,0
2026-04-02 10:53:32,38880,30.81,44.4,11.09,78.1,31,44,OPEN,OPEN,OPEN,3,0,3,1,0
2026-04-02 10:54:32,38940,30.64,44.5,11.10,78.1,31,44,OPEN,OPEN,OPEN,3,0,3,1,0
2026-04-02 10:55:32,39000,30.48,44.6,11.10,78.2,31,44,OPEN,OPEN,OPEN,3,0,3,1,0
2026-04-02 10:56:32,39060,30.33,44.7,11.11,78.2,31,44,OPEN,OPEN,OPEN,3,0,3,1,0
2026-04-02 10:57:32,39120,30.18,44.8,11.12,78.2,31,44,OPEN,OPEN,OPEN,3,0,3,1,0
2026-04-02 10:58:32,39180,30.04,44.9,11.13,78.3,31,45,OPEN,OPEN,OPEN,3,0,3,1,0
2026-04-02 10:59:32,39240,30.10,44.7,11.14,78.3,30,45,OPEN,OPEN,MOVING_CLOSE,2,0,2,1,0
2026-04-02 11:00:32,39300,30.26,44.3,11.15,78.3,30,45,OPEN,OPEN,MOVING_CLOSE,2,0,2,1,0
2026-04-02 11:01:32,39360,30.42,43.9,11.16,78.4,30,45,OPEN,OPEN,MOVING_CLOSE,2,0,2,1,0
2026-04-02 11:02:32,39420,30.58,43.6,11.16,78.4,30,44,OPEN,OPEN,CLOSED,2,0,2,1,0
2026-04-02 11:03:32,39480,30.74,43.2,11.17,78.4,30,44,OPEN,OPEN,CLOSED,2,0,2,1,0
2026-04-02 11:04:32,39540,30.89,42.8,11.18,78.5,30,44,OPEN,OPEN,CLOSED,2,0,2,1,0
2026-04-02 11:05:32,39600,31.05,42.5,11.19,78.5,30,44,OPEN,OPEN,CLOSED,2,0,2,1,0
2026-04-02 11:06:32,39660,31.20,42.2,11.17,78.6,31,43,OPEN,OPEN,MOVING_OPEN,3,0,3,1,0
2026-04-02 11:07:32,39720,31.35,41.8,11.15,78.8,31,43,OPEN,OPEN,MOVING_OPEN,3,0,3,1,0
2026-04-02 11:08:32,39780,31.50,41.5,11.12,78.9,31,42,OPEN,OPEN,MOVING_OPEN,3,0,3,1,0
2026-04-02 11:09:32,39840,31.37,41.6,11.10,79.0,31,42,OPEN,OPEN,OPEN,3,0,3,1,0
2026-04-02 11:10:32,39900,31.20,41.8,11.08,79.2,31,42,OPEN,OPEN,OPEN,3,0,3,1,0
2026-04-02 11:11:32,39960,31.03,41.9,11.06,79.3,31,42,OPEN,OPEN,OPEN,3,0,3,1,0
2026-04-02 11:12:32,40020,30.87,42.1,11.04,79.4,31,42,OPEN,OPEN,OPEN,3,0,3,1,0
2026-04-02 11:13:32,40080,30.71,42.3,11.01,79.5,31,42,OPEN,OPEN,OPEN,3,0,3,1,0
2026-04-02 11:14:32,40140,30.56,42.4,10.99,79.7,31,42,OPEN,OPEN,OPEN,3,0,3,1,0
2026-04-02 11:15:32,40200,30.41,42.5,10.97,79.8,31,42,OPEN,OPEN,OPEN,3,0,3,1,0
2026-04-02 11:16:32,40260,30.26,42.7,10.95,79.9,31,42,OPEN,OPEN,OPEN,3,0,3,1,0
2026-04-02 11:17:32,40320,30.12,42.8,10.92,80.1,31,42,OPEN,OPEN,OPEN,3,0,3,1,0
2026-04-02 11:18:32,40380,29.98,43.0,10.90,80.2,31,42,OPEN,OPEN,OPEN,3,0,3,1,0
2026-04-02 11:19:32,40440,30.10,42.7,10.88,80.3,30,43,OPEN,OPEN,MOVING_CLOSE,2,0,2,1,0
2026-04-02 11:20:32,40500,30.27,42.3,10.86,80.5,30,43,OPEN,OPEN,MOVING_CLOSE,2,0,2,1,0
2026-04-02 11:21:32,40560,30.43,42.0,10.84,80.6,30,43,OPEN,OPEN,MOVING_CLOSE,2,0,2,1,0
2026-04-02 11:22:32,40620,30.60,41.7,10.81,80.7,30,42,OPEN,OPEN,CLOSED,2,0,2,1,0
2026-04-02 11:23:32,40680,30.76,41.4,10.79,80.9,30,42,OPEN,OPEN,CLOSED,2,0,2,1,0
2026-04-02 11:24:32,40740,30.91,41.1,10.77,81.0,30,42,OPEN,OPEN,CLOSED,2,0,2,1,0
2026-04-02 11:25:32,40800,31.07,40.8,10.75,81.1,30,42,OPEN,OPEN,CLOSED,2,0,2,1,0
2026-04-02 11:26:32,40860,31.22,40.5,10.73,81.2,31,41,OPEN,OPEN,MOVING_OPEN,3,0,3,1,0
2026-04-02 11:27:32,40920,31.38,40.2,10.70,81.4,31,41,OPEN,OPEN,MOVING_OPEN,3,0,3,1,0
2026-04-02 11:28:32,40980,31.52,39.9,10.68,81.5,31,41,OPEN,OPEN,MOVING_OPEN,3,0,3,1,0
2026-04-02 11:29:32,41040,31.34,40.1,10.66,81.6,31,40,OPEN,OPEN,OPEN,3,0,3,1,0
2026-04-02 11:30:32,41100,31.16,40.3,10.64,81.8,31,40,OPEN,OPEN,OPEN,3,0,3,1,0
2026-04-02 11:31:32,41160,30.99,40.5,10.62,81.9,31,40,OPEN,OPEN,OPEN,3,0,3,1,0
2026-04-02 11:32:32,41220,30.82,40.7,10.59,82.0,31,40,OPEN,OPEN,OPEN,3,0,3,1,0
2026-04-02 11:33:32,41280,30.65,40.9,10.57,82.2,31,40,OPEN,OPEN,OPEN,3,0,3,1,0
2026-04-02 11:34:32,41340,30.49,41.1,10.55,82.3,31,41,OPEN,OPEN,OPEN,3,0,3,1,0
2026-04-02 11:35:32,41400,30.34,41.3,10.53,82.4,31,41,OPEN,OPEN,OPEN,3,0,3,1,0
2026-04-02 11:36:32,41460,30.18,41.5,10.50,82.7,31,41,OPEN,OPEN,OPEN,3,0,3,1,0
2026-04-02 11:37:32,41520,30.04,41.7,10.48,82.9,31,41,OPEN,OPEN,OPEN,3,0,3,1,0
2026-04-02 11:38:32,41580,29.89,41.9,10.46,83.1,30,41,OPEN,OPEN,MOVING_CLOSE,2,0,2,1,0
2026-04-02 11:39:32,41640,30.06,41.6,10.44,83.4,30,41,OPEN,OPEN,MOVING_CLOSE,2,0,2,1,0
2026-04-02 11:40:32,41700,30.23,41.3,10.41,83.6,30,42,OPEN,OPEN,MOVING_CLOSE,2,0,2,1,0
2026-04-02 11:41:32,41760,30.39,41.0,10.39,83.8,30,42,OPEN,OPEN,CLOSED,2,0,2,1,0
2026-04-02 11:42:32,41820,30.55,40.7,10.37,84.1,30,41,OPEN,OPEN,CLOSED,2,0,2,1,0
2026-04-02 11:43:32,41880,30.71,40.4,10.35,84.3,30,41,OPEN,OPEN,CLOSED,2,0,2,1,0
2026-04-02 11:44:32,41940,30.86,40.1,10.32,84.5,30,41,OPEN,OPEN,CLOSED,2,0,2,1,0
2026-04-02 11:45:32,42000,31.01,39.9,10.30,84.8,31,41,OPEN,OPEN,MOVING_OPEN,3,0,3,1,0
2026-04-02 11:46:32,42060,31.16,39.6,10.28,85.0,31,41,OPEN,OPEN,MOVING_OPEN,3,0,3,1,0
2026-04-02 11:47:32,42120,31.31,39.3,10.26,85.2,31,40,OPEN,OPEN,MOVING_OPEN,3,0,3,1,0
2026-04-02 11:48:32,42180,31.40,39.2,10.23,85.5,31,40,OPEN,OPEN,OPEN,3,0,3,1,0
2026-04-02 11:49:32,42240,31.21,39.5,10.21,85.7,31,40,OPEN,OPEN,OPEN,3,0,3,1,0
2026-04-02 11:50:32,42300,31.02,39.7,10.19,85.9,31,40,OPEN,OPEN,OPEN,3,0,3,1,0
2026-04-02 11:51:32,42360,30.84,40.0,10.15,86.1,31,40,OPEN,OPEN,OPEN,3,0,3,1,0
2026-04-02 11:52:32,42420,30.66,40.3,10.12,86.3,31,40,OPEN,OPEN,OPEN,3,0,3,1,0
2026-04-02 11:53:32,42480,30.48,40.5,10.08,86.5,31,40,OPEN,OPEN,OPEN,3,0,3,1,0
2026-04-02 11:54:32,42540,30.31,40.8,10.05,86.7,31,40,OPEN,OPEN,OPEN,3,0,3,1,0
2026-04-02 11:55:32,42600,30.15,41.0,10.01,86.9,31,40,OPEN,OPEN,OPEN,3,0,3,1,0
2026-04-02 11:56:32,42660,29.98,41.3,9.98,87.1,31,41,OPEN,OPEN,OPEN,3,0,3,1,0
2026-04-02 11:57:32,42720,29.93,41.3,9.94,87.3,30,41,OPEN,OPEN,MOVING_CLOSE,2,0,2,1,0
2026-04-02 11:58:32,42780,30.09,41.1,9.91,87.5,30,41,OPEN,OPEN,MOVING_CLOSE,2,0,2,1,0
2026-04-02 11:59:32,42840,30.25,40.8,9.88,87.7,30,41,OPEN,OPEN,MOVING_CLOSE,2,0,2,1,0
2026-04-02 12:00:32,42900,30.40,40.5,9.84,87.8,30,41,OPEN,OPEN,CLOSED,2,0,2,1,0
2026-04-02 12:01:32,42960,30.55,40.3,9.81,88.0,30,41,OPEN,OPEN,CLOSED,2,0,2,1,0
2026-04-02 12:02:32,43020,30.69,40.1,9.77,88.2,30,41,OPEN,OPEN,CLOSED,2,0,2,1,0
2026-04-02 12:03:32,43080,30.84,39.8,9.74,88.4,30,41,OPEN,OPEN,CLOSED,2,0,2,1,0
2026-04-02 12:04:32,43140,30.98,39.6,9.70,88.6,31,40,OPEN,OPEN,MOVING_OPEN,3,0,3,1,0
2026-04-02 12:05:32,43200,31.12,39.4,9.67,88.8,31,40,OPEN,OPEN,MOVING_OPEN,3,0,3,1,0
2026-04-02 12:06:32,43260,31.25,39.1,9.63,88.9,31,40,OPEN,OPEN,MOVING_OPEN,3,0,3,1,0
2026-04-02 12:07:32,43320,31.21,39.2,9.59,89.1,31,40,OPEN,OPEN,OPEN,3,0,3,1,0
2026-04-02 12:08:32,43380,31.00,39.5,9.55,89.2,31,39,OPEN,OPEN,OPEN,3,0,3,1,0
2026-04-02 12:09:32,43440,30.80,39.8,9.51,89.3,31,39,OPEN,OPEN,OPEN,3,0,3,1,0
2026-04-02 12:10:32,43500,30.59,40.2,9.47,89.5,31,39,OPEN,OPEN,OPEN,3,0,3,1,0
2026-04-02 12:11:32,43560,30.40,40.5,9.43,89.6,31,40,OPEN,OPEN,OPEN,3,0,3,1,0
2026-04-02 12:12:32,43620,30.20,40.8,9.39,89.7,31,40,OPEN,OPEN,OPEN,3,0,3,1,0
2026-04-02 12:13:32,43680,30.02,41.1,9.35,89.9,31,40,OPEN,OPEN,OPEN,3,0,3,1,0
2026-04-02 12:14:32,43740,29.83,41.4,9.32,90.0,31,40,OPEN,OPEN,OPEN,3,0,3,1,0
2026-04-02 12:15:32,43800,29.92,41.2,9.28,90.1,30,41,OPEN,OPEN,MOVING_CLOSE,2,0,2,1,0
2026-04-02 12:16:32,43860,30.07,41.0,9.24,90.3,30,41,OPEN,OPEN,MOVING_CLOSE,2,0,2,1,0
2026-04-02 12:17:32,43920,30.21,40.8,9.20,90.4,30,41,OPEN,OPEN,MOVING_CLOSE,2,0,2,1,0
2026-04-02 12:18:32,43980,30.34,40.6,9.16,90.5,30,41,OPEN,OPEN,CLOSED,2,0,2,1,0
2026-04-02 12:19:32,44040,30.48,40.3,9.12,90.7,30,41,OPEN,OPEN,CLOSED,2,0,2,1,0
2026-04-02 12:20:32,44100,30.61,40.1,9.08,90.8,30,41,OPEN,OPEN,CLOSED,2,0,2,1,0
2026-04-02 12:21:32,44160,30.73,39.9,9.06,90.9,30,41,OPEN,OPEN,CLOSED,2,0,2,1,0
2026-04-02 12:22:32,44220,30.86,39.7,9.05,90.9,30,40,OPEN,OPEN,CLOSED,2,0,2,1,0
2026-04-02 12:23:32,44280,30.98,39.5,9.03,91.0,31,40,OPEN,OPEN,MOVING_OPEN,3,0,3,1,0
2026-04-02 12:24:32,44340,31.10,39.3,9.02,91.0,31,40,OPEN,OPEN,MOVING_OPEN,3,0,3,1,0
2026-04-02 12:25:32,44400,31.22,39.2,9.00,91.1,31,40,OPEN,OPEN,MOVING_OPEN,3,0,3,1,0
2026-04-02 12:26:32,44460,31.04,39.4,8.99,91.1,31,40,OPEN,OPEN,OPEN,3,0,3,1,0
2026-04-02 12:27:32,44520,30.81,39.8,8.97,91.2,31,40,OPEN,OPEN,OPEN,3,0,3,1,0
2026-04-02 12:28:32,44580,30.58,40.2,8.96,91.2,31,40,OPEN,OPEN,OPEN,3,0,3,1,0
2026-04-02 12:29:32,44640,30.36,40.6,8.94,91.3,31,40,OPEN,OPEN,OPEN,3,0,3,1,0
2026-04-02 12:30:32,44700,30.14,40.9,8.93,91.3,31,40,OPEN,OPEN,OPEN,3,0,3,1,0
2026-04-02 12:31:32,44760,29.93,41.3,8.91,91.4,31,40,OPEN,OPEN,OPEN,3,0,3,1,0
2026-04-02 12:32:32,44820,29.84,41.4,8.89,91.4,30,41,OPEN,OPEN,MOVING_CLOSE,2,0,2,1,0
2026-04-02 12:33:32,44880,29.97,41.2,8.88,91.5,30,41,OPEN,OPEN,MOVING_CLOSE,2,0,2,1,0
2026-04-02 12:34:32,44940,30.09,41.0,8.86,91.6,30,41,OPEN,OPEN,MOVING_CLOSE,2,0,2,1,0
2026-04-02 12:35:32,45000,30.22,40.8,8.85,91.6,30,41,OPEN,OPEN,CLOSED,2,0,2,1,0
2026-04-02 12:36:32,45060,30.34,40.6,8.87,91.5,30,41,OPEN,OPEN,CLOSED,2,0,2,1,0
2026-04-02 12:37:32,45120,30.46,40.4,8.89,91.4,30,41,OPEN,OPEN,CLOSED,2,0,2,1,0
2026-04-02 12:38:32,45180,30.57,40.3,8.91,91.3,30,41,OPEN,OPEN,CLOSED,2,0,2,1,0
2026-04-02 12:39:32,45240,30.69,40.1,8.93,91.1,30,41,OPEN,OPEN,CLOSED,2,0,2,1,0
2026-04-02 12:40:32,45300,30.80,39.9,8.95,91.0,30,40,OPEN,OPEN,CLOSED,2,0,2,1,0
2026-04-02 12:41:32,45360,30.91,39.8,8.97,90.9,31,40,OPEN,OPEN,MOVING_OPEN,3,0,3,1,0
2026-04-02 12:42:32,45420,31.02,39.6,8.99,90.8,31,40,OPEN,OPEN,MOVING_OPEN,3,0,3,1,0
2026-04-02 12:43:32,45480,31.12,39.4,9.00,90.7,31,40,OPEN,OPEN,MOVING_OPEN,3,0,3,1,0
2026-04-02 12:44:32,45540,31.17,39.4,9.02,90.6,31,40,OPEN,OPEN,OPEN,3,0,3,1,0
2026-04-02 12:45:32,45600,30.92,39.8,9.04,90.5,31,40,OPEN,OPEN,OPEN,3,0,3,1,0
2026-04-02 12:46:32,45660,30.68,40.2,9.06,90.4,31,40,OPEN,OPEN,OPEN,3,0,3,1,0
2026-04-02 12:47:32,45720,30.44,40.6,9.08,90.3,31,40,OPEN,OPEN,OPEN,3,0,3,1,0
2026-04-02 12:48:32,45780,30.22,40.9,9.10,90.2,31,40,OPEN,OPEN,OPEN,3,0,3,1,0
2026-04-02 12:49:32,45840,30.00,41.3,9.12,90.1,31,40,OPEN,OPEN,OPEN,3,0,3,1,0
2026-04-02 12:50:32,45900,29.78,41.7,9.14,89.9,31,40,OPEN,OPEN,OPEN,3,0,3,1,0
2026-04-02 12:51:32,45960,29.79,41.7,9.16,89.8,30,41,OPEN,OPEN,MOVING_CLOSE,2,0,2,1,0
2026-04-02 12:52:32,46020,29.91,41.5,9.17,89.7,30,41,OPEN,OPEN,MOVING_CLOSE,2,0,2,1,0
2026-04-02 12:53:32,46080,30.02,41.3,9.19,89.6,30,41,OPEN,OPEN,MOVING_CLOSE,2,0,2,1,0
2026-04-02 12:54:32,46140,30.14,41.1,9.21,89.5,30,41,OPEN,OPEN,CLOSED,2,0,2,1,0
2026-04-02 12:55:32,46200,30.25,41.0,9.23,89.4,30,41,OPEN,OPEN,CLOSED,2,0,2,1,0
2026-04-02 12:56:32,46260,30.36,40.8,9.25,89.3,30,41,OPEN,OPEN,CLOSED,2,0,2,1,0
2026-04-02 12:57:32,46320,30.46,40.6,9.27,89.2,30,41,OPEN,OPEN,CLOSED,2,0,2,1,0
2026-04-02 12:58:32,46380,30.57,40.5,9.29,89.1,30,41,OPEN,OPEN,CLOSED,2,0,2,1,0
2026-04-02 12:59:32,46440,30.67,40.3,9.31,89.0,30,41,OPEN,OPEN,CLOSED,2,0,2,1,0
2026-04-02 13:00:32,46500,30.77,40.2,9.33,88.8,30,41,OPEN,OPEN,CLOSED,2,0,2,1,0
2026-04-02 13:01:32,46560,30.87,40.1,9.34,88.7,31,40,OPEN,OPEN,MOVING_OPEN,3,0,3,1,0
2026-04-02 13:02:32,46620,30.96,39.9,9.36,88.6,31,40,OPEN,OPEN,MOVING_OPEN,3,0,3,1,0
2026-04-02 13:03:32,46680,31.05,39.8,9.38,88.5,31,40,OPEN,OPEN,MOVING_OPEN,3,0,3,1,0
2026-04-02 13:04:32,46740,31.03,39.8,9.40,88.4,31,40,OPEN,OPEN,OPEN,3,0,3,1,0
2026-04-02 13:05:32,46800,30.78,40.3,9.42,88.3,31,40,OPEN,OPEN,OPEN,3,0,3,1,0
2026-04-02 13:06:32,46860,30.53,40.7,9.42,88.2,31,40,OPEN,OPEN,OPEN,3,0,3,1,0
2026-04-02 13:07:32,46920,30.29,41.1,9.42,88.1,31,40,OPEN,OPEN,OPEN,3,0,3,1,0
2026-04-02 13:08:32,46980,30.06,41.4,9.41,87.9,31,41,OPEN,OPEN,OPEN,3,0,3,1,0
2026-04-02 13:09:32,47040,29.83,41.8,9.41,87.8,30,41,OPEN,OPEN,MOVING_CLOSE,2,0,2,1,0
2026-04-02 13:10:32,47100,29.93,41.7,9.41,87.7,30,41,OPEN,OPEN,MOVING_CLOSE,2,0,2,1,0
2026-04-02 13:11:32,47160,30.03,41.5,9.41,87.6,30,41,OPEN,OPEN,MOVING_CLOSE,2,0,2,1,0
2026-04-02 13:12:32,47220,30.13,41.4,9.41,87.4,30,41,OPEN,OPEN,CLOSED,2,0,2,1,0
2026-04-02 13:13:32,47280,30.22,41.3,9.40,87.3,30,42,OPEN,OPEN,CLOSED,2,0,2,1,0
2026-04-02 13:14:32,47340,30.31,41.1,9.40,87.2,30,41,OPEN,OPEN,CLOSED,2,0,2,1,0
2026-04-02 13:15:32,47400,30.40,41.0,9.40,87.1,30,41,OPEN,OPEN,CLOSED,2,0,2,1,0
2026-04-02 13:16:32,47460,30.49,40.9,9.40,86.9,30,41,OPEN,OPEN,CLOSED,2,0,2,1,0
2026-04-02 13:17:32,47520,30.57,40.8,9.40,86.8,30,41,OPEN,OPEN,CLOSED,2,0,2,1,0
2026-04-02 13:18:32,47580,30.65,40.7,9.39,86.7,30,41,OPEN,OPEN,CLOSED,2,0,2,1,0
2026-04-02 13:19:32,47640,30.73,40.6,9.39,86.6,30,41,OPEN,OPEN,CLOSED,2,0,2,1,0
2026-04-02 13:20:32,47700,30.81,40.5,9.39,86.4,31,41,OPEN,OPEN,MOVING_OPEN,3,0,3,1,0
2026-04-02 13:21:32,47760,30.88,40.4,9.39,86.3,31,41,OPEN,OPEN,MOVING_OPEN,3,0,3,1,0
2026-04-02 13:22:32,47820,30.95,40.3,9.39,86.2,31,41,OPEN,OPEN,MOVING_OPEN,3,0,3,1,0
2026-04-02 13:23:32,47880,30.79,40.5,9.38,86.1,31,40,OPEN,OPEN,OPEN,3,0,3,1,0
2026-04-02 13:24:32,47940,30.52,41.0,9.38,85.9,31,40,OPEN,OPEN,OPEN,3,0,3,1,0
2026-04-02 13:25:32,48000,30.26,41.4,9.38,85.8,31,41,OPEN,OPEN,OPEN,3,0,3,1,0
2026-04-02 13:26:32,48060,30.01,41.8,9.38,85.7,31,41,OPEN,OPEN,OPEN,3,0,3,1,0
2026-04-02 13:27:32,48120,29.76,42.2,9.38,85.6,31,41,OPEN,OPEN,OPEN,3,0,3,1,0
2026-04-02 13:28:32,48180,29.62,42.5,9.37,85.5,30,42,OPEN,OPEN,MOVING_CLOSE,2,0,2,1,0
2026-04-02 13:29:32,48240,29.70,42.4,9.37,85.3,30,42,OPEN,OPEN,MOVING_CLOSE,2,0,2,1,0
2026-04-02 13:30:32,48300,29.78,42.3,9.37,85.2,30,42,OPEN,OPEN,MOVING_CLOSE,2,0,2,1,0
2026-04-02 13:31:32,48360,29.86,42.2,9.37,85.1,30,42,OPEN,OPEN,CLOSED,2,0,2,1,0
2026-04-02 13:32:32,48420,29.93,42.1,9.37,85.0,30,42,OPEN,OPEN,CLOSED,2,0,2,1,0
2026-04-02 13:33:32,48480,30.00,42.0,9.36,84.8,30,42,OPEN,OPEN,CLOSED,2,0,2,1,0
2026-04-02 13:34:32,48540,30.07,41.9,9.36,84.7,30,42,OPEN,OPEN,CLOSED,2,0,2,1,0
2026-04-02 13:35:32,48600,30.13,41.8,9.36,84.6,30,42,OPEN,OPEN,CLOSED,2,0,2,1,0
2026-04-02 13:36:32,48660,30.19,41.7,9.35,84.5,30,42,OPEN,OPEN,CLOSED,2,0,2,1,0
2026-04-02 13:37:32,48720,30.25,41.7,9.34,84.4,30,42,OPEN,OPEN,CLOSED,2,0,2,1,0
2026-04-02 13:38:32,48780,30.31,41.6,9.33,84.3,30,42,OPEN,OPEN,CLOSED,2,0,2,1,0
2026-04-02 13:39:32,48840,30.37,41.5,9.33,84.2,30,42,OPEN,OPEN,CLOSED,2,0,2,1,0
2026-04-02 13:40:32,48900,30.42,41.5,9.32,84.1,30,42,OPEN,OPEN,CLOSED,2,0,2,1,0
2026-04-02 13:41:32,48960,30.47,41.4,9.31,83.9,30,42,OPEN,OPEN,CLOSED,2,0,2,1,0
2026-04-02 13:42:32,49020,30.52,41.3,9.30,83.8,30,42,OPEN,OPEN,CLOSED,2,0,2,1,0
2026-04-02 13:43:32,49080,30.57,41.3,9.29,83.7,30,41,OPEN,OPEN,CLOSED,2,0,2,1,0
2026-04-02 13:44:32,49140,30.61,41.3,9.29,83.6,30,41,OPEN,OPEN,CLOSED,2,0,2,1,0
2026-04-02 13:45:32,49200,30.65,41.2,9.28,83.5,30,41,OPEN,OPEN,CLOSED,2,0,2,1,0
2026-04-02 13:46:32,49260,30.69,41.2,9.27,83.4,31,41,OPEN,OPEN,MOVING_OPEN,3,0,3,1,0
2026-04-02 13:47:32,49320,30.73,41.1,9.26,83.3,31,41,OPEN,OPEN,MOVING_OPEN,3,0,3,1,0
2026-04-02 13:48:32,49380,30.76,41.1,9.25,83.2,31,41,OPEN,OPEN,MOVING_OPEN,3,0,3,1,0
2026-04-02 13:49:32,49440,30.46,41.6,9.25,83.1,31,41,OPEN,OPEN,OPEN,3,0,3,1,0
2026-04-02 13:50:32,49500,30.16,42.1,9.24,83.0,31,41,OPEN,OPEN,OPEN,3,0,3,1,0
2026-04-02 13:51:32,49560,29.86,42.6,9.21,82.8,30,42,OPEN,OPEN,OPEN,2,0,2,1,0
2026-04-02 13:52:32,49620,29.58,43.1,9.18,82.6,30,42,OPEN,OPEN,OPEN,2,0,2,1,0
2026-04-02 13:53:32,49680,29.30,43.5,9.15,82.5,30,42,OPEN,OPEN,OPEN,2,0,2,1,0
2026-04-02 13:54:32,49740,29.23,43.7,9.12,82.3,30,43,OPEN,OPEN,MOVING_CLOSE,2,0,2,1,0
2026-04-02 13:55:32,49800,29.28,43.6,9.09,82.2,30,43,OPEN,OPEN,MOVING_CLOSE,2,0,2,1,0
2026-04-02 13:56:32,49860,29.32,43.6,9.06,82.0,30,43,OPEN,OPEN,MOVING_CLOSE,2,0,2,1,0
2026-04-02 13:57:32,49920,29.37,43.6,9.03,81.8,29,44,OPEN,MOVING_CLOSE,CLOSED,1,0,1,1,0
2026-04-02 13:58:32,49980,29.47,43.4,9.00,81.7,29,44,OPEN,CLOSED,CLOSED,1,0,1,1,0
2026-04-02 13:59:32,50040,29.57,43.3,8.97,81.5,29,44,OPEN,CLOSED,CLOSED,1,0,1,1,0
2026-04-02 14:00:32,50100,29.66,43.2,8.94,81.3,29,44,OPEN,CLOSED,CLOSED,1,0,1,1,0
2026-04-02 14:01:32,50160,29.75,43.1,8.91,81.2,29,43,OPEN,CLOSED,CLOSED,1,0,1,1,0
2026-04-02 14:02:32,50220,29.83,43.0,8.88,81.0,30,43,OPEN,OPEN,CLOSED,2,0,2,1,0
2026-04-02 14:03:32,50280,29.85,43.0,8.85,80.8,30,43,OPEN,OPEN,CLOSED,2,0,2,1,0
2026-04-02 14:04:32,50340,29.86,43.0,8.82,80.7,30,43,OPEN,OPEN,CLOSED,2,0,2,1,0
2026-04-02 14:05:32,50400,29.88,43.0,8.79,80.5,30,43,OPEN,OPEN,CLOSED,2,0,2,1,0
2026-04-02 14:06:32,50460,29.89,43.0,8.79,80.4,30,43,OPEN,OPEN,CLOSED,2,0,2,1,0
2026-04-02 14:07:32,50520,29.90,43.0,8.80,80.4,30,43,OPEN,OPEN,CLOSED,2,0,2,1,0
2026-04-02 14:08:32,50580,29.91,43.1,8.80,80.3,30,43,OPEN,OPEN,CLOSED,2,0,2,1,0
2026-04-02 14:09:32,50640,29.91,43.1,8.80,80.3,30,43,OPEN,OPEN,CLOSED,2,0,2,1,0
2026-04-02 14:10:32,50700,29.92,43.1,8.81,80.2,30,43,OPEN,OPEN,CLOSED,2,0,2,1,0
2026-04-02 14:11:32,50760,29.92,43.1,8.81,80.2,30,43,OPEN,OPEN,CLOSED,2,0,2,1,0
2026-04-02 14:12:32,50820,29.92,43.2,8.81,80.1,30,43,OPEN,OPEN,CLOSED,2,0,2,1,0
2026-04-02 14:13:32,50880,29.92,43.2,8.82,80.1,30,43,OPEN,OPEN,CLOSED,2,0,2,1,0
2026-04-02 14:14:32,50940,29.92,43.3,8.82,80.0,30,43,OPEN,OPEN,CLOSED,2,0,2,1,0
2026-04-02 14:15:32,51000,29.92,43.3,8.82,80.0,30,43,OPEN,OPEN,CLOSED,2,0,2,1,0
2026-04-02 14:16:32,51060,29.91,43.4,8.83,79.9,30,43,OPEN,OPEN,CLOSED,2,0,2,1,0
2026-04-02 14:17:32,51120,29.91,43.4,8.83,79.9,30,43,OPEN,OPEN,CLOSED,2,0,2,1,0
2026-04-02 14:18:32,51180,29.90,43.5,8.83,79.8,30,43,OPEN,OPEN,CLOSED,2,0,2,1,0
2026-04-02 14:19:32,51240,29.89,43.5,8.84,79.8,30,43,OPEN,OPEN,CLOSED,2,0,2,1,0
2026-04-02 14:20:32,51300,29.88,43.6,8.84,79.7,30,43,OPEN,OPEN,CLOSED,2,0,2,1,0
2026-04-02 14:21:32,51360,29.87,43.7,8.83,79.8,30,43,OPEN,OPEN,CLOSED,2,0,2,1,0
2026-04-02 14:22:32,51420,29.85,43.7,8.82,80.0,30,44,OPEN,OPEN,CLOSED,2,0,2,1,0
2026-04-02 14:23:32,51480,29.83,43.8,8.82,80.1,30,44,OPEN,OPEN,CLOSED,2,0,2,1,0
2026-04-02 14:24:32,51540,29.82,43.9,8.81,80.2,30,44,OPEN,OPEN,CLOSED,2,0,2,1,0
2026-04-02 14:25:32,51600,29.80,44.0,8.80,80.3,30,44,OPEN,OPEN,CLOSED,2,0,2,1,0
2026-04-02 14:26:32,51660,29.78,44.1,8.79,80.5,30,44,OPEN,OPEN,CLOSED,2,0,2,1,0
2026-04-02 14:27:32,51720,29.75,44.2,8.78,80.6,30,44,OPEN,OPEN,CLOSED,2,0,2,1,0
2026-04-02 14:28:32,51780,29.73,44.3,8.78,80.7,30,44,OPEN,OPEN,CLOSED,2,0,2,1,0
2026-04-02 14:29:32,51840,29.71,44.4,8.77,80.8,30,44,OPEN,OPEN,CLOSED,2,0,2,1,0
2026-04-02 14:30:32,51900,29.68,44.5,8.76,81.0,30,44,OPEN,OPEN,CLOSED,2,0,2,1,0
2026-04-02 14:31:32,51960,29.65,44.6,8.75,81.1,30,44,OPEN,OPEN,CLOSED,2,0,2,1,0
2026-04-02 14:32:32,52020,29.62,44.7,8.74,81.2,30,44,OPEN,OPEN,CLOSED,2,0,2,1,0
2026-04-02 14:33:32,52080,29.59,44.8,8.74,81.3,30,45,OPEN,OPEN,CLOSED,2,0,2,1,0
2026-04-02 14:34:32,52140,29.56,44.9,8.73,81.5,30,45,OPEN,OPEN,CLOSED,2,0,2,1,0
2026-04-02 14:35:32,52200,29.52,45.0,8.72,81.6,30,45,OPEN,OPEN,CLOSED,2,0,2,1,0
2026-04-02 14:36:32,52260,29.49,45.2,8.74,81.4,30,45,OPEN,OPEN,CLOSED,2,0,2,1,0
2026-04-02 14:37:32,52320,29.45,45.3,8.77,81.2,30,45,OPEN,OPEN,CLOSED,2,0,2,1,0
2026-04-02 14:38:32,52380,29.41,45.4,8.79,81.0,30,45,OPEN,OPEN,CLOSED,2,0,2,1,0
2026-04-02 14:39:32,52440,29.38,45.6,8.82,80.8,29,45,OPEN,MOVING_CLOSE,CLOSED,1,0,1,1,0
2026-04-02 14:40:32,52500,29.41,45.6,8.84,80.7,29,45,OPEN,CLOSED,CLOSED,1,0,1,1,0
2026-04-02 14:41:32,52560,29.43,45.6,8.87,80.5,29,45,OPEN,CLOSED,CLOSED,1,0,1,1,0
2026-04-02 14:42:32,52620,29.46,45.7,8.89,80.3,29,45,OPEN,CLOSED,CLOSED,1,0,1,1,0
2026-04-02 14:43:32,52680,29.48,45.7,8.91,80.1,29,46,OPEN,CLOSED,CLOSED,1,0,1,1,0
2026-04-02 14:44:32,52740,29.49,45.8,8.94,79.9,29,46,OPEN,CLOSED,CLOSED,1,0,1,1,0
2026-04-02 14:45:32,52800,29.51,45.8,8.96,79.7,29,46,OPEN,CLOSED,CLOSED,1,0,1,1,0
2026-04-02 14:46:32,52860,29.53,45.9,8.99,79.5,29,46,OPEN,CLOSED,CLOSED,1,0,1,1,0
2026-04-02 14:47:32,52920,29.54,45.9,9.01,79.3,29,46,OPEN,CLOSED,CLOSED,1,0,1,1,0
2026-04-02 14:48:32,52980,29.55,46.0,9.03,79.2,29,46,OPEN,CLOSED,CLOSED,1,0,1,1,0
2026-04-02 14:49:32,53040,29.53,46.1,9.06,79.0,30,46,OPEN,OPEN,CLOSED,2,0,2,1,0
2026-04-02 14:50:32,53100,29.47,46.3,9.08,78.8,30,46,OPEN,OPEN,CLOSED,2,0,2,1,0
2026-04-02 14:51:32,53160,29.42,46.4,9.04,78.8,30,46,OPEN,OPEN,CLOSED,2,0,2,1,0
2026-04-02 14:52:32,53220,29.36,46.6,9.01,78.8,29,46,OPEN,OPEN,CLOSED,1,0,1,1,0
2026-04-02 14:53:32,53280,29.30,46.8,8.98,78.8,29,46,OPEN,OPEN,CLOSED,1,0,1,1,0
2026-04-02 14:54:32,53340,29.24,47.0,8.94,78.8,29,47,OPEN,MOVING_CLOSE,CLOSED,1,0,1,1,0
2026-04-02 14:55:32,53400,29.24,47.1,8.91,78.8,29,47,OPEN,CLOSED,CLOSED,1,0,1,1,0
2026-04-02 14:56:32,53460,29.24,47.2,8.88,78.8,29,47,OPEN,CLOSED,CLOSED,1,0,1,1,0
2026-04-02 14:57:32,53520,29.23,47.2,8.84,78.8,29,47,OPEN,CLOSED,CLOSED,1,0,1,1,0
2026-04-02 14:58:32,53580,29.23,47.3,8.81,78.8,29,47,OPEN,CLOSED,CLOSED,1,0,1,1,0
2026-04-02 14:59:32,53640,29.22,47.5,8.78,78.8,29,47,OPEN,CLOSED,CLOSED,1,0,1,1,0
2026-04-02 15:00:32,53700,29.21,47.6,8.74,78.8,29,47,OPEN,CLOSED,CLOSED,1,0,1,1,0
2026-04-02 15:01:32,53760,29.20,47.7,8.71,78.8,29,47,OPEN,CLOSED,CLOSED,1,0,1,1,0
2026-04-02 15:02:32,53820,29.19,47.8,8.68,78.8,29,47,OPEN,CLOSED,CLOSED,1,0,1,1,0
2026-04-02 15:03:32,53880,29.17,47.9,8.65,78.8,29,48,OPEN,CLOSED,CLOSED,1,0,1,1,0
2026-04-02 15:04:32,53940,29.15,48.0,8.61,78.8,29,48,OPEN,CLOSED,CLOSED,1,0,1,1,0
2026-04-02 15:05:32,54000,29.13,48.2,8.58,78.8,29,48,OPEN,CLOSED,CLOSED,1,0,1,1,0
2026-04-02 15:06:32,54060,29.11,48.3,8.57,78.8,29,48,OPEN,CLOSED,CLOSED,1,0,1,1,0
2026-04-02 15:07:32,54120,29.09,48.5,8.57,78.9,29,48,OPEN,CLOSED,CLOSED,1,0,1,1,0
2026-04-02 15:08:32,54180,29.06,48.6,8.56,78.9,29,48,OPEN,CLOSED,CLOSED,1,0,1,1,0
2026-04-02 15:09:32,54240,29.04,48.7,8.55,78.9,29,48,OPEN,CLOSED,CLOSED,1,0,1,1,0
2026-04-02 15:10:32,54300,29.01,48.9,8.55,78.9,29,48,OPEN,CLOSED,CLOSED,1,0,1,1,0
2026-04-02 15:11:32,54360,28.98,49.1,8.54,79.0,29,49,OPEN,CLOSED,CLOSED,1,0,1,1,0
2026-04-02 15:12:32,54420,28.95,49.2,8.53,79.0,29,49,OPEN,CLOSED,CLOSED,1,0,1,1,0
2026-04-02 15:13:32,54480,28.92,49.4,8.53,79.0,29,49,OPEN,CLOSED,CLOSED,1,0,1,1,0
2026-04-02 15:14:32,54540,28.88,49.6,8.52,79.0,29,49,OPEN,CLOSED,CLOSED,1,0,1,1,0
2026-04-02 15:15:32,54600,28.85,49.7,8.51,79.1,29,49,OPEN,CLOSED,CLOSED,1,0,1,1,0
2026-04-02 15:16:32,54660,28.81,49.9,8.51,79.1,29,49,OPEN,CLOSED,CLOSED,1,0,1,1,0
2026-04-02 15:17:32,54720,28.77,50.1,8.50,79.1,29,50,OPEN,CLOSED,CLOSED,1,-1,1,1,0
2026-04-02 15:18:32,54780,28.73,50.3,8.49,79.1,29,50,OPEN,CLOSED,CLOSED,1,-1,1,1,0
2026-04-02 15:19:32,54840,28.69,50.5,8.49,79.2,29,50,OPEN,CLOSED,CLOSED,1,-1,1,1,0
2026-04-02 15:20:32,54900,28.65,50.7,8.48,79.2,29,50,OPEN,CLOSED,CLOSED,1,-1,1,1,0
2026-04-02 15:21:32,54960,28.60,50.9,8.48,79.0,29,50,OPEN,CLOSED,CLOSED,1,-1,1,1,0
2026-04-02 15:22:32,55020,28.56,51.1,8.47,78.9,29,51,OPEN,CLOSED,CLOSED,1,-1,1,1,0
2026-04-02 15:23:32,55080,28.51,51.3,8.47,78.8,29,51,OPEN,CLOSED,CLOSED,1,-1,1,1,0
2026-04-02 15:24:32,55140,28.46,51.5,8.47,78.6,29,51,OPEN,CLOSED,CLOSED,1,-1,1,1,0
2026-04-02 15:25:32,55200,28.41,51.7,8.47,78.5,29,51,OPEN,CLOSED,CLOSED,1,-1,1,1,0
2026-04-02 15:26:32,55260,28.36,51.9,8.46,78.4,29,51,OPEN,CLOSED,CLOSED,1,-1,1,1,0
2026-04-02 15:27:32,55320,28.31,52.1,8.46,78.2,28,52,OPEN,CLOSED,CLOSED,1,-1,1,1,0
2026-04-02 15:28:32,55380,28.26,52.3,8.46,78.1,28,52,OPEN,CLOSED,CLOSED,1,-1,1,1,0
2026-04-02 15:29:32,55440,28.20,52.6,8.46,78.0,28,52,OPEN,CLOSED,CLOSED,1,-1,1,1,0
2026-04-02 15:30:32,55500,28.15,52.8,8.45,77.8,28,52,OPEN,CLOSED,CLOSED,1,-1,1,1,0
2026-04-02 15:31:32,55560,28.09,53.0,8.45,77.7,28,52,OPEN,CLOSED,CLOSED,1,-1,1,1,0
2026-04-02 15:32:32,55620,28.03,53.3,8.45,77.5,28,53,OPEN,CLOSED,CLOSED,1,-1,1,1,0
2026-04-02 15:33:32,55680,27.97,53.5,8.44,77.4,28,53,OPEN,CLOSED,CLOSED,1,-1,1,1,0
2026-04-02 15:34:32,55740,27.91,53.8,8.44,77.3,28,53,OPEN,CLOSED,CLOSED,1,-1,1,1,0
2026-04-02 15:35:32,55800,27.85,54.0,8.44,77.1,28,53,OPEN,CLOSED,CLOSED,1,-1,1,1,0
2026-04-02 15:36:32,55860,27.79,54.3,8.44,77.0,28,54,OPEN,CLOSED,CLOSED,1,-1,1,1,0
2026-04-02 15:37:32,55920,27.73,54.5,8.43,76.9,28,54,OPEN,CLOSED,CLOSED,1,-1,1,1,0
2026-04-02 15:38:32,55980,27.66,54.8,8.43,76.7,28,54,OPEN,CLOSED,CLOSED,1,-1,1,1,0
2026-04-02 15:39:32,56040,27.60,55.0,8.43,76.6,28,54,OPEN,CLOSED,CLOSED,1,-1,1,1,0
2026-04-02 15:40:32,56100,27.53,55.3,8.43,76.4,28,55,OPEN,CLOSED,CLOSED,1,-1,1,1,0
2026-04-02 15:41:32,56160,27.47,55.6,8.42,76.3,28,55,OPEN,CLOSED,CLOSED,1,-1,1,1,0
2026-04-02 15:42:32,56220,27.40,55.9,8.42,76.2,28,55,OPEN,CLOSED,CLOSED,1,-1,1,1,0
2026-04-02 15:43:32,56280,27.33,56.1,8.42,76.0,28,55,OPEN,CLOSED,CLOSED,1,-1,1,1,0
2026-04-02 15:44:32,56340,27.26,56.4,8.42,75.9,28,55,OPEN,CLOSED,CLOSED,1,-1,1,1,0
2026-04-02 15:45:32,56400,27.19,56.7,8.41,75.8,27,56,OPEN,CLOSED,CLOSED,1,-1,1,1,0
2026-04-02 15:46:32,56460,27.12,57.0,8.41,75.6,27,56,OPEN,CLOSED,CLOSED,1,-1,1,1,0
2026-04-02 15:47:32,56520,27.04,57.3,8.41,75.5,27,56,OPEN,CLOSED,CLOSED,1,-1,1,1,0
2026-04-02 15:48:32,56580,26.97,57.6,8.40,75.4,27,57,OPEN,CLOSED,CLOSED,1,-1,1,1,0
2026-04-02 15:49:32,56640,26.90,57.9,8.40,75.2,27,57,OPEN,CLOSED,CLOSED,1,-1,1,1,0
2026-04-02 15:50:32,56700,26.82,58.2,8.40,75.1,27,57,OPEN,CLOSED,CLOSED,1,-1,1,1,0
2026-04-02 15:51:32,56760,26.74,58.5,8.38,75.2,27,57,OPEN,CLOSED,CLOSED,1,-1,1,1,0
2026-04-02 15:52:32,56820,26.67,58.8,8.36,75.2,27,58,OPEN,CLOSED,CLOSED,1,-1,1,1,0
2026-04-02 15:53:32,56880,26.59,59.1,8.35,75.3,27,58,OPEN,CLOSED,CLOSED,1,-1,1,1,0
2026-04-02 15:54:32,56940,26.51,59.4,8.33,75.3,27,59,OPEN,CLOSED,CLOSED,1,-1,1,1,0
2026-04-02 15:55:32,57000,26.43,59.8,8.32,75.4,27,59,OPEN,CLOSED,CLOSED,1,-1,1,1,0
2026-04-02 15:56:32,57060,26.35,60.1,8.30,75.5,27,59,OPEN,CLOSED,CLOSED,1,-1,1,1,0
2026-04-02 15:57:32,57120,26.27,60.4,8.28,75.5,27,60,OPEN,CLOSED,CLOSED,1,-1,1,1,0
2026-04-02 15:58:32,57180,26.18,60.8,8.27,75.6,27,60,OPEN,CLOSED,CLOSED,1,-1,1,1,0
2026-04-02 15:59:32,57240,26.10,61.1,8.25,75.6,26,60,OPEN,CLOSED,CLOSED,1,-1,1,1,0
2026-04-02 16:00:32,57300,26.01,61.5,8.23,75.7,26,60,OPEN,CLOSED,CLOSED,1,-1,1,1,0
2026-04-02 16:01:32,57360,25.93,61.8,8.22,75.8,26,61,OPEN,CLOSED,CLOSED,1,-1,1,1,0
2026-04-02 16:02:32,57420,25.84,62.2,8.20,75.8,26,61,OPEN,CLOSED,CLOSED,1,-1,1,1,0
2026-04-02 16:03:32,57480,25.76,62.6,8.18,75.9,26,62,OPEN,CLOSED,CLOSED,1,-1,1,1,0
2026-04-02 16:04:32,57540,25.67,62.9,8.17,75.9,26,62,OPEN,CLOSED,CLOSED,1,-1,1,1,0
2026-04-02 16:05:32,57600,25.58,63.3,8.15,76.0,26,62,OPEN,CLOSED,CLOSED,1,-1,1,1,0
2026-04-02 16:06:32,57660,25.49,63.7,8.12,76.3,26,62,OPEN,CLOSED,CLOSED,1,-1,1,1,0
2026-04-02 16:07:32,57720,25.40,64.1,8.10,76.6,26,63,OPEN,CLOSED,CLOSED,1,-1,1,1,0
2026-04-02 16:08:32,57780,25.31,64.5,8.07,76.9,26,63,OPEN,CLOSED,CLOSED,1,-1,1,1,0
2026-04-02 16:09:32,57840,25.22,64.9,8.04,77.2,26,64,OPEN,CLOSED,CLOSED,1,-1,1,1,0
2026-04-02 16:10:32,57900,25.13,65.3,8.02,77.6,25,64,OPEN,CLOSED,CLOSED,1,-1,1,1,0
2026-04-02 16:11:32,57960,25.03,65.7,7.99,77.9,25,65,OPEN,CLOSED,CLOSED,1,-1,1,1,0
2026-04-02 16:12:32,58020,24.94,66.1,7.97,78.2,25,65,OPEN,CLOSED,CLOSED,1,-1,1,1,0
2026-04-02 16:13:32,58080,24.84,66.5,7.94,78.5,25,65,OPEN,CLOSED,CLOSED,1,-1,1,1,0
2026-04-02 16:14:32,58140,24.75,66.9,7.91,78.8,25,66,OPEN,CLOSED,CLOSED,1,-1,1,1,0
2026-04-02 16:15:32,58200,24.65,67.4,7.89,79.1,25,66,OPEN,CLOSED,CLOSED,1,-1,1,1,0
2026-04-02 16:16:32,58260,24.56,67.8,7.86,79.4,25,67,OPEN,CLOSED,CLOSED,1,-1,1,1,0
2026-04-02 16:17:32,58320,24.46,68.3,7.84,79.7,25,67,OPEN,CLOSED,CLOSED,1,-1,1,1,0
2026-04-02 16:18:32,58380,24.36,68.7,7.81,80.0,25,68,OPEN,CLOSED,CLOSED,1,-1,1,1,0
2026-04-02 16:19:32,58440,24.26,69.2,7.78,80.3,25,68,OPEN,CLOSED,CLOSED,1,-1,1,1,0
2026-04-02 16:20:32,58500,24.16,69.6,7.76,80.6,25,68,OPEN,CLOSED,CLOSED,1,-1,1,1,0
2026-04-02 16:21:32,58560,24.06,70.1,7.75,80.5,24,69,OPEN,CLOSED,CLOSED,1,-1,1,1,0
2026-04-02 16:22:32,58620,23.96,70.6,7.74,80.5,24,69,OPEN,CLOSED,CLOSED,1,-1,1,1,0
2026-04-02 16:23:32,58680,23.86,71.1,7.74,80.4,24,70,OPEN,CLOSED,CLOSED,1,-1,1,1,0
2026-04-02 16:24:32,58740,23.76,71.5,7.73,80.3,24,70,OPEN,CLOSED,CLOSED,1,-1,1,1,0
2026-04-02 16:25:32,58800,23.66,72.0,7.72,80.2,24,71,OPEN,CLOSED,CLOSED,1,-1,1,1,0
2026-04-02 16:26:32,58860,23.56,72.5,7.72,80.2,24,71,OPEN,CLOSED,CLOSED,1,-1,1,1,0
2026-04-02 16:27:32,58920,23.46,73.0,7.71,80.1,24,71,OPEN,CLOSED,CLOSED,1,-1,1,1,0
2026-04-02 16:28:32,58980,23.35,73.5,7.70,80.0,24,72,OPEN,CLOSED,CLOSED,1,-1,1,1,0
2026-04-02 16:29:32,59040,23.25,74.0,7.69,80.0,24,73,OPEN,CLOSED,CLOSED,1,-1,1,1,0
2026-04-02 16:30:32,59100,23.16,74.5,7.69,79.9,23,73,MOVING_CLOSE,CLOSED,CLOSED,0,-1,0,1,0
2026-04-02 16:31:32,59160,23.11,74.9,7.68,79.8,23,74,CLOSED,CLOSED,CLOSED,0,-1,0,1,0
2026-04-02 16:32:32,59220,23.05,75.3,7.67,79.8,23,74,CLOSED,CLOSED,CLOSED,0,-1,0,1,0
2026-04-02 16:33:32,59280,23.00,75.8,7.66,79.7,23,74,CLOSED,CLOSED,CLOSED,0,-1,0,1,0
2026-04-02 16:34:32,59340,22.94,76.2,7.66,79.6,23,75,CLOSED,CLOSED,CLOSED,0,-1,0,1,0
2026-04-02 16:35:32,59400,22.88,76.7,7.65,79.5,23,75,CLOSED,CLOSED,CLOSED,0,-1,0,1,0
2026-04-02 16:36:32,59460,22.82,77.1,7.64,79.5,23,76,CLOSED,CLOSED,CLOSED,0,1,0,1,0
2026-04-02 16:37:32,59520,22.76,77.6,7.63,79.4,23,76,CLOSED,CLOSED,CLOSED,0,1,0,1,0
2026-04-02 16:38:32,59580,22.70,78.0,7.63,79.3,23,77,CLOSED,CLOSED,CLOSED,0,2,0,1,0
2026-04-02 16:39:32,59640,22.64,78.5,7.62,79.3,23,77,CLOSED,CLOSED,CLOSED,0,2,0,1,0
2026-04-02 16:40:32,59700,22.58,79.0,7.61,79.2,23,77,CLOSED,CLOSED,CLOSED,0,2,0,1,0
2026-04-02 16:41:32,59760,22.52,79.5,7.61,79.1,23,78,CLOSED,CLOSED,CLOSED,0,3,0,1,0
2026-04-02 16:42:32,59820,22.45,79.9,7.60,79.1,23,79,CLOSED,CLOSED,CLOSED,0,3,0,1,0
2026-04-02 16:43:32,59880,22.39,80.4,7.59,79.0,23,79,CLOSED,CLOSED,CLOSED,0,3,0,1,0
2026-04-02 16:44:32,59940,22.32,80.9,7.58,78.9,23,80,CLOSED,CLOSED,CLOSED,0,3,0,1,0
2026-04-02 16:45:32,60000,22.26,81.4,7.58,78.8,22,80,CLOSED,CLOSED,CLOSED,0,3,0,1,0
2026-04-02 16:46:32,60060,22.19,81.9,7.57,78.8,22,81,CLOSED,CLOSED,CLOSED,0,3,0,1,0
2026-04-02 16:47:32,60120,22.12,82.4,7.56,78.7,22,81,CLOSED,CLOSED,CLOSED,0,3,0,1,0
2026-04-02 16:48:32,60180,22.05,82.9,7.55,78.6,22,81,CLOSED,CLOSED,CLOSED,0,3,0,1,0
2026-04-02 16:49:32,60240,21.99,83.4,7.55,78.6,22,82,CLOSED,CLOSED,CLOSED,0,3,0,1,0
2026-04-02 16:50:32,60300,21.92,84.0,7.54,78.5,22,83,CLOSED,CLOSED,CLOSED,0,3,0,1,0
2026-04-02 16:51:32,60360,21.85,84.5,7.53,78.5,22,83,CLOSED,CLOSED,CLOSED,0,3,0,1,0
2026-04-02 16:52:32,60420,21.77,85.0,7.52,78.4,22,84,CLOSED,CLOSED,CLOSED,0,3,0,1,0
2026-04-02 16:53:32,60480,21.70,85.5,7.51,78.4,22,84,CLOSED,CLOSED,CLOSED,0,3,0,1,0
2026-04-02 16:54:32,60540,21.63,86.1,7.50,78.4,22,84,CLOSED,CLOSED,CLOSED,0,3,0,1,0
2026-04-02 16:55:32,60600,21.56,86.6,7.49,78.3,22,85,CLOSED,CLOSED,CLOSED,0,3,0,1,0
2026-04-02 16:56:32,60660,21.49,87.2,7.48,78.3,22,86,CLOSED,CLOSED,CLOSED,0,3,0,1,0
2026-04-02 16:57:32,60720,21.41,87.7,7.46,78.3,22,86,CLOSED,CLOSED,CLOSED,0,3,0,1,0
2026-04-02 16:58:32,60780,21.34,88.3,7.45,78.2,22,87,CLOSED,CLOSED,CLOSED,0,3,0,1,0
2026-04-02 16:59:32,60840,21.26,88.8,7.44,78.2,21,87,CLOSED,CLOSED,CLOSED,0,3,0,1,0
2026-04-02 17:00:32,60900,21.19,89.4,7.43,78.2,21,88,CLOSED,CLOSED,CLOSED,0,3,0,1,0
2026-04-02 17:01:32,60960,21.11,90.0,7.42,78.1,21,88,CLOSED,CLOSED,CLOSED,0,3,0,1,0
2026-04-02 17:02:32,61020,21.04,90.6,7.41,78.1,21,89,CLOSED,CLOSED,CLOSED,0,3,0,1,0
2026-04-02 17:03:32,61080,20.96,91.1,7.40,78.1,21,89,CLOSED,CLOSED,CLOSED,0,3,0,1,0
2026-04-02 17:04:32,61140,20.88,91.7,7.39,78.0,21,90,CLOSED,CLOSED,CLOSED,0,3,0,1,0
2026-04-02 17:05:32,61200,20.80,92.3,7.38,78.0,21,91,CLOSED,CLOSED,CLOSED,0,3,0,1,0
2026-04-02 17:06:32,61260,20.73,92.9,7.38,77.8,21,91,CLOSED,CLOSED,CLOSED,0,3,0,1,0
2026-04-02 17:07:32,61320,20.65,93.5,7.37,77.6,21,92,CLOSED,CLOSED,CLOSED,0,3,0,1,0
2026-04-02 17:08:32,61380,20.57,94.1,7.37,77.5,21,92,CLOSED,CLOSED,CLOSED,0,3,0,1,0
2026-04-02 17:09:32,61440,20.49,94.7,7.36,77.3,21,93,CLOSED,CLOSED,CLOSED,0,3,0,1,0
2026-04-02 17:10:32,61500,20.41,95.3,7.36,77.1,21,94,CLOSED,CLOSED,CLOSED,0,3,0,1,0
2026-04-02 17:11:32,61560,20.33,96.0,7.35,76.9,21,94,CLOSED,CLOSED,CLOSED,0,3,0,1,0
2026-04-02 17:12:32,61620,20.25,96.6,7.35,76.8,21,95,CLOSED,CLOSED,CLOSED,0,3,0,1,0
2026-04-02 17:13:32,61680,20.17,97.2,7.34,76.6,20,96,CLOSED,CLOSED,CLOSED,0,3,0,1,0
2026-04-02 17:14:32,61740,20.09,97.8,7.34,76.4,20,96,CLOSED,CLOSED,CLOSED,0,3,0,1,0
2026-04-02 17:15:32,61800,20.01,98.5,7.33,76.3,20,96,CLOSED,CLOSED,CLOSED,0,3,0,1,0
2026-04-02 17:16:32,61860,19.93,99.1,7.33,76.1,20,97,CLOSED,CLOSED,CLOSED,0,3,0,1,0
2026-04-02 17:17:32,61920,19.85,99.7,7.32,75.9,20,98,CLOSED,CLOSED,CLOSED,0,3,0,1,0
2026-04-02 17:18:32,61980,19.77,100.0,7.32,75.7,20,99,CLOSED,CLOSED,CLOSED,0,3,0,1,0
2026-04-02 17:19:32,62040,19.69,100.0,7.31,75.6,20,99,CLOSED,CLOSED,CLOSED,0,3,0,1,0
2026-04-02 17:20:32,62100,19.61,100.0,7.31,75.4,20,100,CLOSED,CLOSED,CLOSED,0,3,0,1,0
2026-04-02 17:21:32,62160,19.53,100.0,7.31,75.4,20,100,CLOSED,CLOSED,CLOSED,0,3,0,1,0
2026-04-02 17:22:32,62220,19.44,100.0,7.30,75.3,20,100,CLOSED,CLOSED,CLOSED,0,3,0,1,0
2026-04-02 17:23:32,62280,19.36,100.0,7.30,75.3,20,100,CLOSED,CLOSED,CLOSED,0,3,0,1,0
2026-04-02 17:24:32,62340,19.28,100.0,7.30,75.2,20,100,CLOSED,CLOSED,CLOSED,0,3,0,1,0
2026-04-02 17:25:32,62400,19.20,100.0,7.30,75.2,19,100,CLOSED,CLOSED,CLOSED,0,3,0,1,0
2026-04-02 17:26:32,62460,19.12,100.0,7.29,75.2,19,100,CLOSED,CLOSED,CLOSED,0,3,0,1,0
2026-04-02 17:27:32,62520,19.04,100.0,7.29,75.1,19,100,CLOSED,CLOSED,CLOSED,0,3,0,1,0
2026-04-02 17:28:32,62580,18.95,100.0,7.29,75.1,19,100,CLOSED,CLOSED,CLOSED,0,3,0,1,0
2026-04-02 17:29:32,62640,18.87,100.0,7.29,75.0,19,100,CLOSED,CLOSED,CLOSED,0,3,0,1,0
2026-04-02 17:30:32,62700,18.79,100.0,7.28,75.0,19,100,CLOSED,CLOSED,CLOSED,0,3,0,1,0
2026-04-02 17:31:32,62760,18.71,100.0,7.28,75.0,19,100,CLOSED,CLOSED,CLOSED,0,3,0,1,0
2026-04-02 17:32:32,62820,18.63,100.0,7.28,74.9,19,100,CLOSED,CLOSED,CLOSED,0,3,0,1,0
2026-04-02 17:33:32,62880,18.54,100.0,7.27,74.9,19,100,CLOSED,CLOSED,CLOSED,0,3,0,1,0
2026-04-02 17:34:32,62940,18.46,100.0,7.27,74.8,19,100,CLOSED,CLOSED,CLOSED,0,3,0,1,0
2026-04-02 17:35:32,63000,18.38,100.0,7.27,74.8,19,100,CLOSED,CLOSED,CLOSED,0,3,0,1,0
2026-04-02 17:36:32,63060,18.30,100.0,7.26,74.8,19,100,CLOSED,CLOSED,CLOSED,0,3,0,1,0
2026-04-02 17:37:32,63120,18.22,100.0,7.26,74.8,19,100,CLOSED,CLOSED,CLOSED,0,3,0,1,0
2026-04-02 17:38:32,63180,18.14,100.0,7.25,74.7,18,100,CLOSED,CLOSED,CLOSED,0,3,0,1,0
2026-04-02 17:39:32,63240,18.06,100.0,7.24,74.7,18,100,CLOSED,CLOSED,CLOSED,0,3,0,1,0
2026-04-02 17:40:32,63300,17.98,100.0,7.24,74.7,18,100,CLOSED,CLOSED,CLOSED,0,3,0,1,0
2026-04-02 17:41:32,63360,17.89,100.0,7.23,74.7,18,100,CLOSED,CLOSED,CLOSED,0,3,0,1,0
2026-04-02 17:42:32,63420,17.81,100.0,7.22,74.7,18,100,CLOSED,CLOSED,CLOSED,0,3,0,1,0
2026-04-02 17:43:32,63480,17.73,100.0,7.22,74.6,18,100,CLOSED,CLOSED,CLOSED,0,3,0,1,0
2026-04-02 17:44:32,63540,17.65,100.0,7.21,74.6,18,100,CLOSED,CLOSED,CLOSED,0,3,0,1,0
2026-04-02 17:45:32,63600,17.57,100.0,7.20,74.6,18,100,CLOSED,CLOSED,CLOSED,0,3,0,1,0
2026-04-02 17:46:32,63660,17.49,100.0,7.20,74.6,18,100,CLOSED,CLOSED,CLOSED,0,3,0,1,0
2026-04-02 17:47:32,63720,17.41,100.0,7.19,74.6,18,100,CLOSED,CLOSED,CLOSED,0,3,0,1,0
2026-04-02 17:48:32,63780,17.33,100.0,7.18,74.5,18,100,CLOSED,CLOSED,CLOSED,0,3,0,1,0
2026-04-02 17:49:32,63840,17.25,100.0,7.18,74.5,17,100,CLOSED,CLOSED,CLOSED,0,3,0,1,0
2026-04-02 17:50:32,63900,17.17,100.0,7.17,74.5,17,100,CLOSED,CLOSED,CLOSED,0,3,0,1,0
2026-04-02 17:51:32,63960,17.09,100.0,7.16,74.5,17,100,CLOSED,CLOSED,CLOSED,0,3,0,1,0
2026-04-02 17:52:32,64020,17.01,100.0,7.15,74.5,17,100,CLOSED,CLOSED,CLOSED,0,3,0,1,0
2026-04-02 17:53:32,64080,16.94,100.0,7.15,74.5,17,100,CLOSED,CLOSED,CLOSED,0,3,0,1,0
2026-04-02 17:54:32,64140,16.86,100.0,7.14,74.5,17,100,CLOSED,CLOSED,CLOSED,0,3,0,1,0
2026-04-02 17:55:32,64200,16.78,100.0,7.13,74.5,17,100,CLOSED,CLOSED,CLOSED,0,3,0,1,0
2026-04-02 17:56:32,64260,16.70,100.0,7.13,74.5,17,100,CLOSED,CLOSED,CLOSED,0,3,0,1,0
2026-04-02 17:57:32,64320,16.62,100.0,7.12,74.5,17,100,CLOSED,CLOSED,CLOSED,0,3,0,1,0
2026-04-02 17:58:32,64380,16.55,100.0,7.11,74.5,17,100,CLOSED,CLOSED,CLOSED,0,3,0,1,0
2026-04-02 17:59:32,64440,16.47,100.0,7.10,74.5,17,100,CLOSED,CLOSED,CLOSED,0,3,0,1,0
2026-04-02 18:00:32,64500,16.39,100.0,7.10,74.5,17,100,CLOSED,CLOSED,CLOSED,0,3,0,1,0
2026-04-02 18:01:32,64560,16.32,100.0,7.09,74.5,17,100,CLOSED,CLOSED,CLOSED,0,3,0,1,0
2026-04-02 18:02:32,64620,16.24,100.0,7.08,74.5,16,100,CLOSED,CLOSED,CLOSED,0,3,0,1,0
2026-04-02 18:03:32,64680,16.17,100.0,7.07,74.5,16,100,CLOSED,CLOSED,CLOSED,0,3,0,1,0
2026-04-02 18:04:32,64740,16.09,100.0,7.07,74.5,16,100,CLOSED,CLOSED,CLOSED,0,3,0,1,0
2026-04-02 18:05:32,64800,16.02,100.0,7.06,74.5,16,100,CLOSED,CLOSED,CLOSED,0,3,0,1,0
2026-04-02 18:06:32,64860,15.94,100.0,7.05,74.6,16,100,CLOSED,CLOSED,CLOSED,0,3,0,1,0
2026-04-02 18:07:32,64920,15.87,100.0,7.04,74.7,16,100,CLOSED,CLOSED,CLOSED,0,3,0,1,0
2026-04-02 18:08:32,64980,15.80,100.0,7.02,74.8,16,100,CLOSED,CLOSED,CLOSED,0,3,0,1,0
2026-04-02 18:09:32,65040,15.73,100.0,7.01,74.8,16,100,CLOSED,CLOSED,CLOSED,0,3,0,1,0
2026-04-02 18:10:32,65100,15.65,100.0,7.00,74.9,16,100,CLOSED,CLOSED,CLOSED,0,3,0,1,0
2026-04-02 18:11:32,65160,15.58,100.0,6.99,75.0,16,100,CLOSED,CLOSED,CLOSED,0,3,0,1,0
2026-04-02 18:12:32,65220,15.51,100.0,6.98,75.1,16,100,CLOSED,CLOSED,CLOSED,0,3,0,1,0
2026-04-02 18:13:32,65280,15.44,100.0,6.96,75.2,16,100,CLOSED,CLOSED,CLOSED,0,3,0,1,0
2026-04-02 18:14:32,65340,15.37,100.0,6.95,75.3,16,100,CLOSED,CLOSED,CLOSED,0,3,0,1,0
2026-04-02 18:15:32,65400,15.30,100.0,6.94,75.4,16,100,CLOSED,CLOSED,CLOSED,0,3,0,1,0
2026-04-02 18:16:32,65460,15.23,100.0,6.93,75.5,15,100,CLOSED,CLOSED,CLOSED,0,3,0,0,0
2026-04-02 18:17:32,65520,15.16,100.0,6.92,75.5,15,100,CLOSED,CLOSED,CLOSED,0,3,0,0,0
2026-04-02 18:18:32,65580,15.09,100.0,6.90,75.6,15,100,CLOSED,CLOSED,CLOSED,0,3,0,0,0
2026-04-02 18:19:32,65640,15.02,100.0,6.89,75.7,15,100,CLOSED,CLOSED,CLOSED,0,3,0,0,0
2026-04-02 18:20:32,65700,14.95,100.0,6.88,75.8,15,100,CLOSED,CLOSED,CLOSED,0,3,0,0,0
2026-04-02 18:21:32,65760,14.89,100.0,6.87,75.9,15,100,CLOSED,CLOSED,CLOSED,0,3,0,0,0
2026-04-02 18:22:32,65820,14.82,100.0,6.85,75.9,15,100,CLOSED,CLOSED,CLOSED,0,3,0,0,0
2026-04-02 18:23:32,65880,14.75,100.0,6.84,76.0,15,100,CLOSED,CLOSED,CLOSED,0,3,0,0,0
2026-04-02 18:24:32,65940,14.69,100.0,6.83,76.0,15,100,CLOSED,CLOSED,CLOSED,0,3,0,0,0
2026-04-02 18:25:32,66000,14.62,100.0,6.81,76.1,15,100,CLOSED,CLOSED,CLOSED,0,3,0,0,0
2026-04-02 18:26:32,66060,14.56,100.0,6.80,76.2,15,100,CLOSED,CLOSED,CLOSED,0,3,0,0,0
2026-04-02 18:27:32,66120,14.49,100.0,6.79,76.2,15,100,CLOSED,CLOSED,CLOSED,0,3,0,0,0
2026-04-02 18:28:32,66180,14.43,100.0,6.77,76.3,15,100,CLOSED,CLOSED,CLOSED,0,3,0,0,0
2026-04-02 18:29:32,66240,14.37,100.0,6.76,76.3,15,100,CLOSED,CLOSED,CLOSED,0,3,0,0,0
2026-04-02 18:30:32,66300,14.30,100.0,6.75,76.4,14,100,CLOSED,CLOSED,CLOSED,0,3,0,0,0
2026-04-02 18:31:32,66360,14.24,100.0,6.73,76.5,14,100,CLOSED,CLOSED,CLOSED,0,3,0,0,0
2026-04-02 18:32:32,66420,14.18,100.0,6.72,76.5,14,100,CLOSED,CLOSED,CLOSED,0,3,0,0,0
2026-04-02 18:33:32,66480,14.11,100.0,6.71,76.6,14,100,CLOSED,CLOSED,CLOSED,0,3,0,0,0
2026-04-02 18:34:32,66540,14.05,100.0,6.69,76.6,14,100,CLOSED,CLOSED,CLOSED,0,3,0,0,0
2026-04-02 18:35:32,66600,13.99,100.0,6.68,76.7,14,100,CLOSED,CLOSED,CLOSED,0,3,0,0,0
2026-04-02 18:36:32,66660,13.93,100.0,6.67,76.8,14,100,CLOSED,CLOSED,CLOSED,0,3,0,0,0
2026-04-02 18:37:32,66720,13.87,100.0,6.67,76.8,14,100,CLOSED,CLOSED,CLOSED,0,3,0,0,0
2026-04-02 18:38:32,66780,13.81,100.0,6.66,76.9,14,100,CLOSED,CLOSED,CLOSED,0,3,0,0,0
2026-04-02 18:39:32,66840,13.75,100.0,6.66,76.9,14,100,CLOSED,CLOSED,CLOSED,0,3,0,0,0
2026-04-02 18:40:32,66900,13.69,100.0,6.65,77.0,14,100,CLOSED,CLOSED,CLOSED,0,3,0,0,0
2026-04-02 18:41:32,66960,13.63,100.0,6.64,77.1,14,100,CLOSED,CLOSED,CLOSED,0,3,0,0,0
2026-04-02 18:42:32,67020,13.58,100.0,6.64,77.1,14,100,CLOSED,CLOSED,CLOSED,0,3,0,0,0
2026-04-02 18:43:32,67080,13.52,100.0,6.63,77.2,14,100,CLOSED,CLOSED,CLOSED,0,3,0,0,0
2026-04-02 18:44:32,67140,13.46,100.0,6.63,77.2,14,100,CLOSED,CLOSED,CLOSED,0,3,0,0,0
2026-04-02 18:45:32,67200,13.40,100.0,6.62,77.3,14,100,CLOSED,CLOSED,CLOSED,0,3,0,0,0
2026-04-02 18:46:32,67260,13.35,100.0,6.61,77.4,14,100,CLOSED,CLOSED,CLOSED,0,3,0,0,0
2026-04-02 18:47:32,67320,13.29,100.0,6.61,77.4,14,100,CLOSED,CLOSED,CLOSED,0,3,0,0,0
2026-04-02 18:48:32,67380,13.24,100.0,6.60,77.5,13,100,CLOSED,CLOSED,CLOSED,0,3,0,0,0
2026-04-02 18:49:32,67440,13.18,100.0,6.60,77.5,13,100,CLOSED,CLOSED,CLOSED,0,3,0,0,0
2026-04-02 18:50:32,67500,13.13,100.0,6.59,77.6,13,100,CLOSED,CLOSED,CLOSED,0,3,0,0,0
2026-04-02 18:51:32,67560,13.07,100.0,6.58,77.7,13,100,CLOSED,CLOSED,CLOSED,0,3,0,0,0
2026-04-02 18:52:32,67620,13.02,100.0,6.57,77.7,13,100,CLOSED,CLOSED,CLOSED,0,3,0,0,0
2026-04-02 18:53:32,67680,12.96,100.0,6.55,77.7,13,100,CLOSED,CLOSED,CLOSED,0,3,0,0,0
2026-04-02 18:54:32,67740,12.91,100.0,6.54,77.8,13,100,CLOSED,CLOSED,CLOSED,0,3,0,0,0
2026-04-02 18:55:32,67800,12.86,100.0,6.53,77.8,13,100,CLOSED,CLOSED,CLOSED,0,3,0,0,0
2026-04-02 18:56:32,67860,12.80,100.0,6.52,77.9,13,100,CLOSED,CLOSED,CLOSED,0,3,0,0,0
2026-04-02 18:57:32,67920,12.75,100.0,6.51,77.9,13,100,CLOSED,CLOSED,CLOSED,0,3,0,0,0
2026-04-02 18:58:32,67980,12.70,100.0,6.50,78.0,13,100,CLOSED,CLOSED,CLOSED,0,3,0,0,0
2026-04-02 18:59:32,68040,12.65,100.0,6.49,78.0,13,100,CLOSED,CLOSED,CLOSED,0,3,0,0,0
2026-04-02 19:00:32,68100,12.60,100.0,6.48,78.1,13,100,CLOSED,CLOSED,CLOSED,0,3,0,0,0
2026-04-02 19:01:32,68160,12.55,100.0,6.46,78.1,13,100,CLOSED,CLOSED,CLOSED,0,3,0,0,0
2026-04-02 19:02:32,68220,12.50,100.0,6.45,78.2,13,100,CLOSED,CLOSED,CLOSED,0,3,0,0,0
2026-04-02 19:03:32,68280,12.44,100.0,6.44,78.2,13,100,CLOSED,CLOSED,CLOSED,0,3,0,0,0
2026-04-02 19:04:32,68340,12.39,100.0,6.43,78.3,13,100,CLOSED,CLOSED,CLOSED,0,3,0,0,0
2026-04-02 19:05:32,68400,12.35,100.0,6.42,78.3,13,100,CLOSED,CLOSED,CLOSED,0,3,0,0,0
2026-04-02 19:06:32,68460,12.30,100.0,6.42,78.2,12,100,CLOSED,CLOSED,CLOSED,0,3,0,0,0
2026-04-02 19:07:32,68520,12.25,100.0,6.41,78.0,12,100,CLOSED,CLOSED,CLOSED,0,3,0,0,0
2026-04-02 19:08:32,68580,12.20,100.0,6.41,77.9,12,100,CLOSED,CLOSED,CLOSED,0,3,0,0,0
2026-04-02 19:09:32,68640,12.15,100.0,6.41,77.8,12,100,CLOSED,CLOSED,CLOSED,0,3,0,0,0
2026-04-02 19:10:32,68700,12.10,100.0,6.41,77.7,12,100,CLOSED,CLOSED,CLOSED,0,3,0,0,0
2026-04-02 19:11:32,68760,12.06,100.0,6.40,77.5,12,100,CLOSED,CLOSED,CLOSED,0,3,0,0,0
2026-04-02 19:12:32,68820,12.01,100.0,6.40,77.4,12,100,CLOSED,CLOSED,CLOSED,0,3,0,0,0
2026-04-02 19:13:32,68880,11.96,100.0,6.40,77.3,12,100,CLOSED,CLOSED,CLOSED,0,3,0,0,0
2026-04-02 19:14:32,68940,11.92,100.0,6.40,77.1,12,100,CLOSED,CLOSED,CLOSED,0,3,0,0,0
2026-04-02 19:15:32,69000,11.87,100.0,6.39,77.0,12,100,CLOSED,CLOSED,CLOSED,0,3,0,0,0
2026-04-02 19:16:32,69060,11.82,100.0,6.39,76.9,12,100,CLOSED,CLOSED,CLOSED,0,3,0,0,0
2026-04-02 19:17:32,69120,11.78,100.0,6.39,76.8,12,100,CLOSED,CLOSED,CLOSED,0,3,0,0,0
2026-04-02 19:18:32,69180,11.73,100.0,6.39,76.6,12,100,CLOSED,CLOSED,CLOSED,0,3,0,0,0
2026-04-02 19:19:32,69240,11.69,100.0,6.38,76.5,12,100,CLOSED,CLOSED,CLOSED,0,3,0,0,0
2026-04-02 19:20:32,69300,11.65,100.0,6.38,76.4,12,100,CLOSED,CLOSED,CLOSED,0,3,0,0,0
2026-04-02 19:21:32,69360,11.60,100.0,6.37,76.3,12,100,CLOSED,CLOSED,CLOSED,0,3,0,0,0
2026-04-02 19:22:32,69420,11.56,100.0,6.37,76.3,12,100,CLOSED,CLOSED,CLOSED,0,3,0,0,0
2026-04-02 19:23:32,69480,11.51,100.0,6.36,76.3,12,100,CLOSED,CLOSED,CLOSED,0,3,0,0,0
2026-04-02 19:24:32,69540,11.47,100.0,6.35,76.2,12,100,CLOSED,CLOSED,CLOSED,0,3,0,0,0
2026-04-02 19:25:32,69600,11.43,100.0,6.35,76.2,12,100,CLOSED,CLOSED,CLOSED,0,3,0,0,0
2026-04-02 19:26:32,69660,11.39,100.0,6.34,76.1,12,100,CLOSED,CLOSED,CLOSED,0,3,0,0,0
2026-04-02 19:27:32,69720,11.34,100.0,6.33,76.1,11,100,CLOSED,CLOSED,CLOSED,0,3,0,0,0
2026-04-02 19:28:32,69780,11.30,100.0,6.33,76.0,11,100,CLOSED,CLOSED,CLOSED,0,3,0,0,0
2026-04-02 19:29:32,69840,11.26,100.0,6.32,76.0,11,100,CLOSED,CLOSED,CLOSED,0,3,0,0,0
2026-04-02 19:30:32,69900,11.22,100.0,6.31,75.9,11,100,CLOSED,CLOSED,CLOSED,0,3,0,0,0
2026-04-02 19:31:32,69960,11.18,100.0,6.31,75.9,11,100,CLOSED,CLOSED,CLOSED,0,3,0,0,0
2026-04-02 19:32:32,70020,11.14,100.0,6.30,75.8,11,100,CLOSED,CLOSED,CLOSED,0,3,0,0,0
2026-04-02 19:33:32,70080,11.10,100.0,6.29,75.8,11,100,CLOSED,CLOSED,CLOSED,0,3,0,0,0
2026-04-02 19:34:32,70140,11.06,100.0,6.29,75.7,11,100,CLOSED,CLOSED,CLOSED,0,3,0,0,0
2026-04-02 19:35:32,70200,11.02,100.0,6.28,75.7,11,100,CLOSED,CLOSED,CLOSED,0,3,0,0,0
2026-04-02 19:36:32,70260,10.98,100.0,6.28,75.7,11,100,CLOSED,CLOSED,CLOSED,0,3,0,0,0
2026-04-02 19:37:32,70320,10.94,100.0,6.27,75.7,11,100,CLOSED,CLOSED,CLOSED,0,3,0,0,0
2026-04-02 19:38:32,70380,10.90,100.0,6.27,75.7,11,100,CLOSED,CLOSED,CLOSED,0,3,0,0,0
2026-04-02 19:39:32,70440,10.86,100.0,6.27,75.7,11,100,CLOSED,CLOSED,CLOSED,0,3,0,0,0
2026-04-02 19:40:32,70500,10.82,100.0,6.26,75.8,11,100,CLOSED,CLOSED,CLOSED,0,3,0,0,0
2026-04-02 19:41:32,70560,10.79,100.0,6.26,75.8,11,100,CLOSED,CLOSED,CLOSED,0,3,0,0,0
2026-04-02 19:42:32,70620,10.75,100.0,6.26,75.8,11,100,CLOSED,CLOSED,CLOSED,0,3,0,0,0
2026-04-02 19:43:32,70680,10.71,100.0,6.25,75.8,11,100,CLOSED,CLOSED,CLOSED,0,3,0,0,0
2026-04-02 19:44:32,70740,10.67,100.0,6.25,75.8,11,100,CLOSED,CLOSED,CLOSED,0,3,0,0,0
2026-04-02 19:45:32,70800,10.64,100.0,6.25,75.8,11,100,CLOSED,CLOSED,CLOSED,0,3,0,0,0
2026-04-02 19:46:32,70860,10.60,100.0,6.24,75.8,11,100,CLOSED,CLOSED,CLOSED,0,3,0,0,0
2026-04-02 19:47:32,70920,10.57,100.0,6.24,75.8,11,100,CLOSED,CLOSED,CLOSED,0,3,0,0,0
2026-04-02 19:48:32,70980,10.53,100.0,6.24,75.8,11,100,CLOSED,CLOSED,CLOSED,0,3,0,0,0
2026-04-02 19:49:32,71040,10.49,100.0,6.23,75.8,11,100,CLOSED,CLOSED,CLOSED,0,3,0,0,0
2026-04-02 19:50:32,71100,10.46,100.0,6.23,75.9,11,100,CLOSED,CLOSED,CLOSED,0,3,0,0,0
2026-04-02 19:51:32,71160,10.42,100.0,6.23,75.9,11,100,CLOSED,CLOSED,CLOSED,0,3,0,0,0
2026-04-02 19:52:32,71220,10.39,100.0,6.22,75.9,11,100,CLOSED,CLOSED,CLOSED,0,3,0,0,0
2026-04-02 19:53:32,71280,10.35,100.0,6.22,75.9,10,100,CLOSED,CLOSED,CLOSED,0,3,0,0,0
2026-04-02 19:54:32,71340,10.32,100.0,6.22,75.9,10,100,CLOSED,CLOSED,CLOSED,0,3,0,0,0
2026-04-02 19:55:32,71400,10.28,100.0,6.21,75.9,10,100,CLOSED,CLOSED,CLOSED,0,3,0,0,0
2026-04-02 19:56:32,71460,10.25,100.0,6.21,75.9,10,100,CLOSED,CLOSED,CLOSED,0,3,0,0,0
2026-04-02 19:57:32,71520,10.22,100.0,6.21,75.9,10,100,CLOSED,CLOSED,CLOSED,0,3,0,0,0
2026-04-02 19:58:32,71580,10.18,100.0,6.20,75.9,10,100,CLOSED,CLOSED,CLOSED,0,3,0,0,0
2026-04-02 19:59:32,71640,10.15,100.0,6.20,75.9,10,100,CLOSED,CLOSED,CLOSED,0,3,0,0,0
2026-04-02 20:00:32,71700,10.12,100.0,6.20,76.0,10,100,CLOSED,CLOSED,CLOSED,0,3,0,0,0
2026-04-02 20:01:32,71760,10.09,100.0,6.19,76.0,10,100,CLOSED,CLOSED,CLOSED,0,3,0,0,0
2026-04-02 20:02:32,71820,10.05,100.0,6.19,76.0,10,100,CLOSED,CLOSED,CLOSED,0,3,0,0,0
2026-04-02 20:03:32,71880,10.02,100.0,6.19,76.0,10,100,CLOSED,CLOSED,CLOSED,0,3,0,0,0
2026-04-02 20:04:32,71940,9.99,100.0,6.18,76.0,10,100,CLOSED,CLOSED,CLOSED,0,3,0,0,0
2026-04-02 20:05:32,72000,9.96,100.0,6.18,76.0,10,100,CLOSED,CLOSED,CLOSED,0,3,0,0,0
2026-04-02 20:06:32,72060,9.93,100.0,6.18,76.2,10,100,CLOSED,CLOSED,CLOSED,0,3,0,0,0
2026-04-02 20:07:32,72120,9.89,100.0,6.17,76.3,10,100,CLOSED,CLOSED,CLOSED,0,3,0,0,0
2026-04-02 20:08:32,72180,9.86,100.0,6.17,76.4,10,100,CLOSED,CLOSED,CLOSED,0,3,0,0,0
2026-04-02 20:09:32,72240,9.83,100.0,6.17,76.6,10,100,CLOSED,CLOSED,CLOSED,0,3,0,0,0
2026-04-02 20:10:32,72300,9.80,100.0,6.17,76.7,10,100,CLOSED,CLOSED,CLOSED,0,3,0,0,0
2026-04-02 20:11:32,72360,9.77,100.0,6.16,76.9,10,100,CLOSED,CLOSED,CLOSED,0,3,0,0,0
2026-04-02 20:12:32,72420,9.74,100.0,6.16,77.0,10,100,CLOSED,CLOSED,CLOSED,0,3,0,0,0
2026-04-02 20:13:32,72480,9.71,100.0,6.16,77.2,10,100,CLOSED,CLOSED,CLOSED,0,3,0,0,0
2026-04-02 20:14:32,72540,9.68,100.0,6.16,77.3,10,100,CLOSED,CLOSED,CLOSED,0,3,0,0,0
2026-04-02 20:15:32,72600,9.65,100.0,6.15,77.5,10,100,CLOSED,CLOSED,CLOSED,0,3,0,0,0
2026-04-02 20:16:32,72660,9.62,100.0,6.15,77.6,10,100,CLOSED,CLOSED,CLOSED,0,3,0,0,0
2026-04-02 20:17:32,72720,9.60,100.0,6.15,77.8,10,100,CLOSED,CLOSED,CLOSED,0,3,0,0,0
2026-04-02 20:18:32,72780,9.57,100.0,6.15,77.9,10,100,CLOSED,CLOSED,CLOSED,0,3,0,0,0
2026-04-02 20:19:32,72840,9.54,100.0,6.14,78.1,10,100,CLOSED,CLOSED,CLOSED,0,3,0,0,0
2026-04-02 20:20:32,72900,9.51,100.0,6.14,78.2,10,100,CLOSED,CLOSED,CLOSED,0,3,0,0,0
2026-04-02 20:21:32,72960,9.48,100.0,6.14,78.2,10,100,CLOSED,CLOSED,CLOSED,0,3,0,0,0
2026-04-02 20:22:32,73020,9.45,100.0,6.14,78.2,10,100,CLOSED,CLOSED,CLOSED,0,3,0,0,0
2026-04-02 20:23:32,73080,9.43,100.0,6.14,78.2,10,100,CLOSED,CLOSED,CLOSED,0,3,0,0,0
2026-04-02 20:24:32,73140,9.40,100.0,6.14,78.2,10,100,CLOSED,CLOSED,CLOSED,0,3,0,0,0
2026-04-02 20:25:32,73200,9.37,100.0,6.14,78.2,9,100,CLOSED,CLOSED,CLOSED,0,3,0,0,0
2026-04-02 20:26:32,73260,9.35,100.0,6.14,78.2,9,100,CLOSED,CLOSED,CLOSED,0,3,0,0,0
2026-04-02 20:27:32,73320,9.32,100.0,6.14,78.2,9,100,CLOSED,CLOSED,CLOSED,0,3,0,0,0
2026-04-02 20:28:32,73380,9.29,100.0,6.14,78.3,9,100,CLOSED,CLOSED,CLOSED,0,3,0,0,0
2026-04-02 20:29:32,73440,9.27,100.0,6.14,78.3,9,100,CLOSED,CLOSED,CLOSED,0,3,0,0,0
2026-04-02 20:30:32,73500,9.24,100.0,6.14,78.3,9,100,CLOSED,CLOSED,CLOSED,0,3,0,0,0
2026-04-02 20:31:32,73560,9.21,100.0,6.14,78.3,9,100,CLOSED,CLOSED,CLOSED,0,3,0,0,0
2026-04-02 20:32:32,73620,9.19,100.0,6.14,78.3,9,100,CLOSED,CLOSED,CLOSED,0,3,0,0,0
2026-04-02 20:33:32,73680,9.16,100.0,6.14,78.3,9,100,CLOSED,CLOSED,CLOSED,0,3,0,0,0
2026-04-02 20:34:32,73740,9.14,100.0,6.14,78.3,9,100,CLOSED,CLOSED,CLOSED,0,3,0,0,0
2026-04-02 20:35:32,73800,9.11,100.0,6.14,78.3,9,100,CLOSED,CLOSED,CLOSED,0,3,0,0,0
2026-04-02 20:36:32,73860,9.09,100.0,6.13,78.3,9,100,CLOSED,CLOSED,CLOSED,0,3,0,0,0
2026-04-02 20:37:32,73920,9.06,100.0,6.11,78.2,9,100,CLOSED,CLOSED,CLOSED,0,3,0,0,0
2026-04-02 20:38:32,73980,9.04,100.0,6.10,78.2,9,100,CLOSED,CLOSED,CLOSED,0,3,0,0,0
2026-04-02 20:39:32,74040,9.01,100.0,6.09,78.1,9,100,CLOSED,CLOSED,CLOSED,0,3,0,0,0
2026-04-02 20:40:32,74100,8.99,100.0,6.08,78.1,9,100,CLOSED,CLOSED,CLOSED,0,3,0,0,0
2026-04-02 20:41:32,74160,8.97,100.0,6.07,78.1,9,100,CLOSED,CLOSED,CLOSED,0,3,0,0,0
2026-04-02 20:42:32,74220,8.94,100.0,6.05,78.0,9,100,CLOSED,CLOSED,CLOSED,0,3,0,0,0
2026-04-02 20:43:32,74280,8.92,100.0,6.04,78.0,9,100,CLOSED,CLOSED,CLOSED,0,3,0,0,0
2026-04-02 20:44:32,74340,8.89,100.0,6.03,77.9,9,100,CLOSED,CLOSED,CLOSED,0,3,0,0,0
2026-04-02 20:45:32,74400,8.87,100.0,6.02,77.9,9,100,CLOSED,CLOSED,CLOSED,0,3,0,0,0
2026-04-02 20:46:32,74460,8.85,100.0,6.01,77.9,9,100,CLOSED,CLOSED,CLOSED,0,3,0,0,0
2026-04-02 20:47:32,74520,8.82,100.0,5.99,77.8,9,100,CLOSED,CLOSED,CLOSED,0,3,0,0,0
2026-04-02 20:48:32,74580,8.80,100.0,5.98,77.8,9,100,CLOSED,CLOSED,CLOSED,0,3,0,0,0
2026-04-02 20:49:32,74640,8.78,100.0,5.97,77.7,9,100,CLOSED,CLOSED,CLOSED,0,3,0,0,0
2026-04-02 20:50:32,74700,8.75,100.0,5.96,77.7,9,100,CLOSED,CLOSED,CLOSED,0,3,0,0,0
2026-04-02 20:51:32,74760,8.73,100.0,5.95,77.8,9,100,CLOSED,CLOSED,CLOSED,0,3,0,0,0
2026-04-02 20:52:32,74820,8.71,100.0,5.93,77.9,9,100,CLOSED,CLOSED,CLOSED,0,3,0,0,0
2026-04-02 20:53:32,74880,8.68,100.0,5.92,77.9,9,100,CLOSED,CLOSED,CLOSED,0,3,0,0,0
2026-04-02 20:54:32,74940,8.66,100.0,5.91,78.0,9,100,CLOSED,CLOSED,CLOSED,0,3,0,0,0
2026-04-02 20:55:32,75000,8.64,100.0,5.90,78.1,9,100,CLOSED,CLOSED,CLOSED,0,3,0,0,0
2026-04-02 20:56:32,75060,8.61,100.0,5.89,78.1,9,100,CLOSED,CLOSED,CLOSED,0,3,0,0,0
2026-04-02 20:57:32,75120,8.59,100.0,5.88,78.2,9,100,CLOSED,CLOSED,CLOSED,0,3,0,0,0
2026-04-02 20:58:32,75180,8.57,100.0,5.86,78.3,9,100,CLOSED,CLOSED,CLOSED,0,3,0,0,0
2026-04-02 20:59:32,75240,8.55,100.0,5.85,78.4,9,100,CLOSED,CLOSED,CLOSED,0,3,0,0,0
2026-04-02 21:00:32,75300,8.52,100.0,5.84,78.4,9,100,CLOSED,CLOSED,CLOSED,0,3,0,0,0
2026-04-02 21:01:32,75360,8.50,100.0,5.83,78.5,9,100,CLOSED,CLOSED,CLOSED,0,3,0,0,0
2026-04-02 21:02:32,75420,8.48,100.0,5.82,78.6,9,100,CLOSED,CLOSED,CLOSED,0,3,0,0,0
2026-04-02 21:03:32,75480,8.46,100.0,5.80,78.7,9,100,CLOSED,CLOSED,CLOSED,0,3,0,0,0
2026-04-02 21:04:32,75540,8.43,100.0,5.79,78.7,9,100,CLOSED,CLOSED,CLOSED,0,3,0,0,0
2026-04-02 21:05:32,75600,8.41,100.0,5.78,78.8,8,100,CLOSED,CLOSED,CLOSED,0,3,0,0,0
2026-04-02 21:06:32,75660,8.39,100.0,5.78,79.1,8,100,CLOSED,CLOSED,CLOSED,0,3,0,0,0
2026-04-02 21:07:32,75720,8.37,100.0,5.77,79.4,8,100,CLOSED,CLOSED,CLOSED,0,3,0,0,0
2026-04-02 21:08:32,75780,8.35,100.0,5.77,79.6,8,100,CLOSED,CLOSED,CLOSED,0,3,0,0,0
2026-04-02 21:09:32,75840,8.33,100.0,5.76,79.9,8,100,CLOSED,CLOSED,CLOSED,0,3,0,0,0
2026-04-02 21:10:32,75900,8.30,100.0,5.76,80.2,8,100,CLOSED,CLOSED,CLOSED,0,3,0,0,0
2026-04-02 21:11:32,75960,8.28,100.0,5.76,80.5,8,100,CLOSED,CLOSED,CLOSED,0,3,0,0,0
2026-04-02 21:12:32,76020,8.26,100.0,5.75,80.7,8,100,CLOSED,CLOSED,CLOSED,0,3,0,0,0
2026-04-02 21:13:32,76080,8.24,100.0,5.75,81.0,8,100,CLOSED,CLOSED,CLOSED,0,3,0,0,0
2026-04-02 21:14:32,76140,8.22,100.0,5.74,81.3,8,100,CLOSED,CLOSED,CLOSED,0,3,0,0,0
2026-04-02 21:15:32,76200,8.20,100.0,5.74,81.6,8,100,CLOSED,CLOSED,CLOSED,0,3,0,0,0
2026-04-02 21:16:32,76260,8.18,100.0,5.74,81.8,8,100,CLOSED,CLOSED,CLOSED,0,3,0,0,0
2026-04-02 21:17:32,76320,8.16,100.0,5.73,82.1,8,100,CLOSED,CLOSED,CLOSED,0,3,0,0,0
2026-04-02 21:18:32,76380,8.14,100.0,5.73,82.4,8,100,CLOSED,CLOSED,CLOSED,0,3,0,0,0
2026-04-02 21:19:32,76440,8.12,100.0,5.72,82.7,8,100,CLOSED,CLOSED,CLOSED,0,3,0,0,0
2026-04-02 21:20:32,76500,8.10,100.0,5.72,82.9,8,100,CLOSED,CLOSED,CLOSED,0,3,0,0,0
2026-04-02 21:21:32,76560,8.08,100.0,5.71,82.8,8,100,CLOSED,CLOSED,CLOSED,0,3,0,0,0
2026-04-02 21:22:32,76620,8.06,100.0,5.71,82.7,8,100,CLOSED,CLOSED,CLOSED,0,3,0,0,0
2026-04-02 21:23:32,76680,8.04,100.0,5.70,82.6,8,100,CLOSED,CLOSED,CLOSED,0,3,0,0,0
2026-04-02 21:24:32,76740,8.02,100.0,5.69,82.5,8,100,CLOSED,CLOSED,CLOSED,0,3,0,0,0
2026-04-02 21:25:32,76800,8.00,100.0,5.69,82.4,8,100,CLOSED,CLOSED,CLOSED,0,3,0,0,0
2026-04-02 21:26:32,76860,7.98,100.0,5.68,82.3,8,100,CLOSED,CLOSED,CLOSED,0,3,0,0,0
2026-04-02 21:27:32,76920,7.96,100.0,5.67,82.2,8,100,CLOSED,CLOSED,CLOSED,0,3,0,0,0
2026-04-02 21:28:32,76980,7.94,100.0,5.67,82.1,8,100,CLOSED,CLOSED,CLOSED,0,3,0,0,0
2026-04-02 21:29:32,77040,7.92,100.0,5.66,82.0,8,100,CLOSED,CLOSED,CLOSED,0,3,0,0,0
2026-04-02 21:30:32,77100,7.91,100.0,5.65,82.0,8,100,CLOSED,CLOSED,CLOSED,0,3,0,0,0
2026-04-02 21:31:32,77160,7.89,100.0,5.65,81.9,8,100,CLOSED,CLOSED,CLOSED,0,3,0,0,0
2026-04-02 21:32:32,77220,7.87,100.0,5.64,81.8,8,100,CLOSED,CLOSED,CLOSED,0,3,0,0,0
2026-04-02 21:33:32,77280,7.85,100.0,5.63,81.7,8,100,CLOSED,CLOSED,CLOSED,0,3,0,0,0
2026-04-02 21:34:32,77340,7.83,100.0,5.63,81.6,8,100,CLOSED,CLOSED,CLOSED,0,3,0,0,0
2026-04-02 21:35:32,77400,7.81,100.0,5.62,81.5,8,100,CLOSED,CLOSED,CLOSED,0,3,0,0,0
2026-04-02 21:36:32,77460,7.79,100.0,5.62,81.4,8,100,CLOSED,CLOSED,CLOSED,0,3,0,0,0
2026-04-02 21:37:32,77520,7.78,100.0,5.61,81.4,8,100,CLOSED,CLOSED,CLOSED,0,3,0,0,0
2026-04-02 21:38:32,77580,7.76,100.0,5.61,81.3,8,100,CLOSED,CLOSED,CLOSED,0,3,0,0,0
2026-04-02 21:39:32,77640,7.74,100.0,5.61,81.3,8,100,CLOSED,CLOSED,CLOSED,0,3,0,0,0
2026-04-02 21:40:32,77700,7.72,100.0,5.61,81.2,8,100,CLOSED,CLOSED,CLOSED,0,3,0,0,0
2026-04-02 21:41:32,77760,7.70,100.0,5.60,81.2,8,100,CLOSED,CLOSED,CLOSED,0,3,0,0,0
2026-04-02 21:42:32,77820,7.69,100.0,5.60,81.1,8,100,CLOSED,CLOSED,CLOSED,0,3,0,0,0
2026-04-02 21:43:32,77880,7.67,100.0,5.60,81.1,8,100,CLOSED,CLOSED,CLOSED,0,3,0,0,0
2026-04-02 21:44:32,77940,7.65,100.0,5.60,81.0,8,100,CLOSED,CLOSED,CLOSED,0,3,0,0,0
2026-04-02 21:45:32,78000,7.64,100.0,5.59,81.0,8,100,CLOSED,CLOSED,CLOSED,0,3,0,0,0
2026-04-02 21:46:32,78060,7.62,100.0,5.59,80.9,8,100,CLOSED,CLOSED,CLOSED,0,3,0,0,0
2026-04-02 21:47:32,78120,7.60,100.0,5.59,80.9,8,100,CLOSED,CLOSED,CLOSED,0,3,0,0,0
2026-04-02 21:48:32,78180,7.58,100.0,5.58,80.8,8,100,CLOSED,CLOSED,CLOSED,0,3,0,0,0
2026-04-02 21:49:32,78240,7.57,100.0,5.58,80.7,8,100,CLOSED,CLOSED,CLOSED,0,3,0,0,0
2026-04-02 21:50:32,78300,7.55,100.0,5.58,80.7,8,100,CLOSED,CLOSED,CLOSED,0,3,0,0,0
2026-04-02 21:51:32,78360,7.54,100.0,5.57,80.7,8,100,CLOSED,CLOSED,CLOSED,0,3,0,0,0
2026-04-02 21:52:32,78420,7.52,100.0,5.57,80.7,8,100,CLOSED,CLOSED,CLOSED,0,3,0,0,0
2026-04-02 21:53:32,78480,7.50,100.0,5.56,80.7,8,100,CLOSED,CLOSED,CLOSED,0,3,0,0,0
2026-04-02 21:54:32,78540,7.49,100.0,5.56,80.7,8,100,CLOSED,CLOSED,CLOSED,0,3,0,0,0
2026-04-02 21:55:32,78600,7.47,100.0,5.55,80.7,8,100,CLOSED,CLOSED,CLOSED,0,3,0,0,0
2026-04-02 21:56:32,78660,7.45,100.0,5.55,80.7,8,100,CLOSED,CLOSED,CLOSED,0,3,0,0,0
2026-04-02 21:57:32,78720,7.44,100.0,5.54,80.7,7,100,CLOSED,CLOSED,CLOSED,0,3,0,0,0
2026-04-02 21:58:32,78780,7.42,100.0,5.53,80.7,7,100,CLOSED,CLOSED,CLOSED,0,3,0,0,0
2026-04-02 21:59:32,78840,7.41,100.0,5.53,80.7,7,100,CLOSED,CLOSED,CLOSED,0,3,0,0,0
2026-04-02 22:00:32,78900,7.39,100.0,5.52,80.7,7,100,CLOSED,CLOSED,CLOSED,0,3,0,0,0
2026-04-02 22:01:32,78960,7.38,100.0,5.52,80.7,7,100,CLOSED,CLOSED,CLOSED,0,3,0,0,0
2026-04-02 22:02:32,79020,7.36,100.0,5.51,80.7,7,100,CLOSED,CLOSED,CLOSED,0,3,0,0,0
2026-04-02 22:03:32,79080,7.34,100.0,5.51,80.7,7,100,CLOSED,CLOSED,CLOSED,0,3,0,0,0
2026-04-02 22:04:32,79140,7.33,100.0,5.50,80.7,7,100,CLOSED,CLOSED,CLOSED,0,3,0,0,0
2026-04-02 22:05:32,79200,7.31,100.0,5.49,80.6,7,100,CLOSED,CLOSED,CLOSED,0,3,0,0,0
2026-04-02 22:06:32,79260,7.30,100.0,5.49,80.6,7,100,CLOSED,CLOSED,CLOSED,0,3,0,0,0
2026-04-02 22:07:32,79320,7.28,100.0,5.48,80.6,7,100,CLOSED,CLOSED,CLOSED,0,3,0,0,0
2026-04-02 22:08:32,79380,7.27,100.0,5.48,80.6,7,100,CLOSED,CLOSED,CLOSED,0,3,0,0,0
2026-04-02 22:09:32,79440,7.25,100.0,5.47,80.6,7,100,CLOSED,CLOSED,CLOSED,0,3,0,0,0
2026-04-02 22:10:32,79500,7.24,100.0,5.47,80.6,7,100,CLOSED,CLOSED,CLOSED,0,3,0,0,0
2026-04-02 22:11:32,79560,7.22,100.0,5.46,80.6,7,100,CLOSED,CLOSED,CLOSED,0,3,0,0,0
2026-04-02 22:12:32,79620,7.21,100.0,5.45,80.6,7,100,CLOSED,CLOSED,CLOSED,0,3,0,0,0
2026-04-02 22:13:32,79680,7.20,100.0,5.45,80.6,7,100,CLOSED,CLOSED,CLOSED,0,3,0,0,0
2026-04-02 22:14:32,79740,7.18,100.0,5.44,80.6,7,100,CLOSED,CLOSED,CLOSED,0,3,0,0,0
2026-04-02 22:15:32,79800,7.17,100.0,5.44,80.6,7,100,CLOSED,CLOSED,CLOSED,0,3,0,0,0
2026-04-02 22:16:32,79860,7.15,100.0,5.43,80.6,7,100,CLOSED,CLOSED,CLOSED,0,3,0,0,0
2026-04-02 22:17:32,79920,7.14,100.0,5.43,80.6,7,100,CLOSED,CLOSED,CLOSED,0,3,0,0,0
2026-04-02 22:18:32,79980,7.12,100.0,5.42,80.6,7,100,CLOSED,CLOSED,CLOSED,0,3,0,0,0
2026-04-02 22:19:32,80040,7.11,100.0,5.41,80.6,7,100,CLOSED,CLOSED,CLOSED,0,3,0,0,0
2026-04-02 22:20:32,80100,7.09,100.0,5.41,80.6,7,100,CLOSED,CLOSED,CLOSED,0,3,0,0,0
2026-04-02 22:21:32,80160,7.08,100.0,5.40,80.7,7,100,CLOSED,CLOSED,CLOSED,0,3,0,0,0
2026-04-02 22:22:32,80220,7.07,100.0,5.40,80.8,7,100,CLOSED,CLOSED,CLOSED,0,3,0,0,0
2026-04-02 22:23:32,80280,7.05,100.0,5.40,80.9,7,100,CLOSED,CLOSED,CLOSED,0,3,0,0,0
2026-04-02 22:24:32,80340,7.04,100.0,5.39,81.0,7,100,CLOSED,CLOSED,CLOSED,0,3,0,0,0
2026-04-02 22:25:32,80400,7.03,100.0,5.39,81.1,7,100,CLOSED,CLOSED,CLOSED,0,3,0,0,0
2026-04-02 22:26:32,80460,7.01,100.0,5.38,81.2,7,100,CLOSED,CLOSED,CLOSED,0,3,0,0,0
2026-04-02 22:27:32,80520,7.00,100.0,5.38,81.3,7,100,CLOSED,CLOSED,CLOSED,0,3,0,0,0
2026-04-02 22:28:32,80580,6.98,100.0,5.37,81.4,7,100,CLOSED,CLOSED,CLOSED,0,3,0,0,0
2026-04-02 22:29:32,80640,6.97,100.0,5.37,81.5,7,100,CLOSED,CLOSED,CLOSED,0,3,0,0,0
2026-04-02 22:30:32,80700,6.96,100.0,5.36,81.5,7,100,CLOSED,CLOSED,CLOSED,0,3,0,0,0
2026-04-02 22:31:32,80760,6.94,100.0,5.36,81.6,7,100,CLOSED,CLOSED,CLOSED,0,3,0,0,0
2026-04-02 22:32:32,80820,6.93,100.0,5.35,81.7,7,100,CLOSED,CLOSED,CLOSED,0,3,0,0,0
2026-04-02 22:33:32,80880,6.92,100.0,5.35,81.8,7,100,CLOSED,CLOSED,CLOSED,0,3,0,0,0
2026-04-02 22:34:32,80940,6.91,100.0,5.34,81.9,7,100,CLOSED,CLOSED,CLOSED,0,3,0,0,0
2026-04-02 22:35:32,81000,6.89,100.0,5.34,82.0,7,100,CLOSED,CLOSED,CLOSED,0,3,0,0,0
2026-04-02 22:36:32,81060,6.88,100.0,5.34,81.7,7,100,CLOSED,CLOSED,CLOSED,0,3,0,0,0
2026-04-02 22:37:32,81120,6.87,100.0,5.33,81.4,7,100,CLOSED,CLOSED,CLOSED,0,3,0,0,0
2026-04-02 22:38:32,81180,6.85,100.0,5.33,81.2,7,100,CLOSED,CLOSED,CLOSED,0,3,0,0,0
2026-04-02 22:39:32,81240,6.84,100.0,5.33,80.9,7,100,CLOSED,CLOSED,CLOSED,0,3,0,0,0
2026-04-02 22:40:32,81300,6.83,100.0,5.33,80.7,7,100,CLOSED,CLOSED,CLOSED,0,3,0,0,0
2026-04-02 22:41:32,81360,6.82,100.0,5.32,80.4,7,100,CLOSED,CLOSED,CLOSED,0,3,0,0,0
2026-04-02 22:42:32,81420,6.80,100.0,5.32,80.1,7,100,CLOSED,CLOSED,CLOSED,0,3,0,0,0
2026-04-02 22:43:32,81480,6.79,100.0,5.32,79.9,7,100,CLOSED,CLOSED,CLOSED,0,3,0,0,0
2026-04-02 22:44:32,81540,6.78,100.0,5.32,79.6,7,100,CLOSED,CLOSED,CLOSED,0,3,0,0,0
2026-04-02 22:45:32,81600,6.77,100.0,5.31,79.4,7,100,CLOSED,CLOSED,CLOSED,0,3,0,0,0
2026-04-02 22:46:32,81660,6.75,100.0,5.31,79.1,7,100,CLOSED,CLOSED,CLOSED,0,3,0,0,0
2026-04-02 22:47:32,81720,6.74,100.0,5.31,78.8,7,100,CLOSED,CLOSED,CLOSED,0,3,0,0,0
2026-04-02 22:48:32,81780,6.73,100.0,5.30,78.6,7,100,CLOSED,CLOSED,CLOSED,0,3,0,0,0
2026-04-02 22:49:32,81840,6.72,100.0,5.30,78.3,7,100,CLOSED,CLOSED,CLOSED,0,3,0,0,0
2026-04-02 22:50:32,81900,6.71,100.0,5.30,78.1,7,100,CLOSED,CLOSED,CLOSED,0,3,0,0,0
2026-04-02 22:51:32,81960,6.70,100.0,5.30,78.3,7,100,CLOSED,CLOSED,CLOSED,0,3,0,0,0
2026-04-02 22:52:32,82020,6.68,100.0,5.30,78.4,7,100,CLOSED,CLOSED,CLOSED,0,3,0,0,0
2026-04-02 22:53:32,82080,6.67,100.0,5.30,78.6,7,100,CLOSED,CLOSED,CLOSED,0,3,0,0,0
2026-04-02 22:54:32,82140,6.66,100.0,5.30,78.7,7,100,CLOSED,CLOSED,CLOSED,0,3,0,0,0
2026-04-02 22:55:32,82200,6.65,100.0,5.30,78.9,7,100,CLOSED,CLOSED,CLOSED,0,3,0,0,0
2026-04-02 22:56:32,82260,6.64,100.0,5.30,79.0,7,100,CLOSED,CLOSED,CLOSED,0,3,0,0,0
2026-04-02 22:57:32,82320,6.63,100.0,5.30,79.2,7,100,CLOSED,CLOSED,CLOSED,0,3,0,0,0
2026-04-02 22:58:32,82380,6.62,100.0,5.30,79.3,7,100,CLOSED,CLOSED,CLOSED,0,3,0,0,0
2026-04-02 22:59:32,82440,6.60,100.0,5.30,79.5,7,100,CLOSED,CLOSED,CLOSED,0,3,0,0,0
2026-04-02 23:00:32,82500,6.59,100.0,5.30,79.7,7,100,CLOSED,CLOSED,CLOSED,0,3,0,0,0
2026-04-02 23:01:32,82560,6.58,100.0,5.30,79.8,7,100,CLOSED,CLOSED,CLOSED,0,3,0,0,0
2026-04-02 23:02:32,82620,6.57,100.0,5.30,80.0,7,100,CLOSED,CLOSED,CLOSED,0,3,0,0,0
2026-04-02 23:03:32,82680,6.56,100.0,5.30,80.1,7,100,CLOSED,CLOSED,CLOSED,0,3,0,0,0
2026-04-02 23:04:32,82740,6.55,100.0,5.30,80.3,7,100,CLOSED,CLOSED,CLOSED,0,3,0,0,0
2026-04-02 23:05:32,82800,6.54,100.0,5.30,80.4,7,100,CLOSED,CLOSED,CLOSED,0,3,0,0,0
2026-04-02 23:06:32,82860,6.53,100.0,5.29,80.4,7,100,CLOSED,CLOSED,CLOSED,0,3,0,0,0
2026-04-02 23:07:32,82920,6.52,100.0,5.28,80.4,7,100,CLOSED,CLOSED,CLOSED,0,3,0,0,0
2026-04-02 23:08:32,82980,6.51,100.0,5.28,80.4,7,100,CLOSED,CLOSED,CLOSED,0,3,0,0,0
2026-04-02 23:09:32,83040,6.50,100.0,5.27,80.3,7,100,CLOSED,CLOSED,CLOSED,0,3,0,0,0
2026-04-02 23:10:32,83100,6.49,100.0,5.26,80.3,7,100,CLOSED,CLOSED,CLOSED,0,3,0,0,0
2026-04-02 23:11:32,83160,6.48,100.0,5.26,80.3,7,100,CLOSED,CLOSED,CLOSED,0,3,0,0,0
2026-04-02 23:12:32,83220,6.47,100.0,5.25,80.3,7,100,CLOSED,CLOSED,CLOSED,0,3,0,0,0
2026-04-02 23:13:32,83280,6.46,100.0,5.24,80.3,6,100,CLOSED,CLOSED,CLOSED,0,3,0,0,0
2026-04-02 23:14:32,83340,6.45,100.0,5.23,80.3,6,100,CLOSED,CLOSED,CLOSED,0,3,0,0,0
2026-04-02 23:15:32,83400,6.44,100.0,5.23,80.3,6,100,CLOSED,CLOSED,CLOSED,0,3,0,0,0
2026-04-02 23:16:32,83460,6.43,100.0,5.22,80.3,6,100,CLOSED,CLOSED,CLOSED,0,3,0,0,0
2026-04-02 23:17:32,83520,6.42,100.0,5.21,80.2,6,100,CLOSED,CLOSED,CLOSED,0,3,0,0,0
2026-04-02 23:18:32,83580,6.41,100.0,5.20,80.2,6,100,CLOSED,CLOSED,CLOSED,0,3,0,0,0
2026-04-02 23:19:32,83640,6.40,100.0,5.20,80.2,6,100,CLOSED,CLOSED,CLOSED,0,3,0,0,0
2026-04-02 23:20:32,83700,6.39,100.0,5.19,80.2,6,100,CLOSED,CLOSED,CLOSED,0,3,0,0,0
2026-04-02 23:21:32,83760,6.38,100.0,5.17,80.3,6,100,CLOSED,CLOSED,CLOSED,0,3,0,0,0
2026-04-02 23:22:32,83820,6.37,100.0,5.16,80.4,6,100,CLOSED,CLOSED,CLOSED,0,3,0,0,0
2026-04-02 23:23:32,83880,6.36,100.0,5.15,80.6,6,100,CLOSED,CLOSED,CLOSED,0,3,0,0,0
2026-04-02 23:24:32,83940,6.35,100.0,5.13,80.7,6,100,CLOSED,CLOSED,CLOSED,0,3,0,0,0
2026-04-02 23:25:32,84000,6.34,100.0,5.12,80.8,6,100,CLOSED,CLOSED,CLOSED,0,3,0,0,0
2026-04-02 23:26:32,84060,6.33,100.0,5.11,80.9,6,100,CLOSED,CLOSED,CLOSED,0,3,0,0,0
2026-04-02 23:27:32,84120,6.32,100.0,5.09,81.0,6,100,CLOSED,CLOSED,CLOSED,0,3,0,0,0
2026-04-02 23:28:32,84180,6.31,100.0,5.08,81.1,6,100,CLOSED,CLOSED,CLOSED,0,3,0,0,0
2026-04-02 23:29:32,84240,6.30,100.0,5.07,81.2,6,100,CLOSED,CLOSED,CLOSED,0,3,0,0,0
2026-04-02 23:30:32,84300,6.29,100.0,5.05,81.3,6,100,CLOSED,CLOSED,CLOSED,0,3,0,0,0
2026-04-02 23:31:32,84360,6.28,100.0,5.04,81.5,6,100,CLOSED,CLOSED,CLOSED,0,3,0,0,0
2026-04-02 23:32:32,84420,6.27,100.0,5.03,81.6,6,100,CLOSED,CLOSED,CLOSED,0,3,0,0,0
2026-04-02 23:33:32,84480,6.26,100.0,5.01,81.7,6,100,CLOSED,CLOSED,CLOSED,0,3,0,0,0
2026-04-02 23:34:32,84540,6.25,100.0,5.00,81.8,6,100,CLOSED,CLOSED,CLOSED,0,3,0,0,0
2026-04-02 23:35:32,84600,6.23,100.0,4.99,81.9,6,100,CLOSED,CLOSED,CLOSED,0,3,0,0,0
2026-04-02 23:36:32,84660,6.22,100.0,4.98,81.8,6,100,CLOSED,CLOSED,CLOSED,0,3,0,0,0
2026-04-02 23:37:32,84720,6.21,100.0,4.97,81.8,6,100,CLOSED,CLOSED,CLOSED,0,3,0,0,0
2026-04-02 23:38:32,84780,6.20,100.0,4.96,81.7,6,100,CLOSED,CLOSED,CLOSED,0,3,0,0,0
2026-04-02 23:39:32,84840,6.19,100.0,4.95,81.7,6,100,CLOSED,CLOSED,CLOSED,0,3,0,0,0
2026-04-02 23:40:32,84900,6.18,100.0,4.95,81.6,6,100,CLOSED,CLOSED,CLOSED,0,3,0,0,0
2026-04-02 23:41:32,84960,6.17,100.0,4.94,81.5,6,100,CLOSED,CLOSED,CLOSED,0,3,0,0,0
2026-04-02 23:42:32,85020,6.16,100.0,4.93,81.5,6,100,CLOSED,CLOSED,CLOSED,0,3,0,0,0
2026-04-02 23:43:32,85080,6.15,100.0,4.92,81.4,6,100,CLOSED,CLOSED,CLOSED,0,3,0,0,0
2026-04-02 23:44:32,85140,6.14,100.0,4.91,81.4,6,100,CLOSED,CLOSED,CLOSED,0,3,0,0,0
2026-04-02 23:45:32,85200,6.13,100.0,4.90,81.3,6,100,CLOSED,CLOSED,CLOSED,0,3,0,0,0
2026-04-02 23:46:32,85260,6.12,100.0,4.89,81.2,6,100,CLOSED,CLOSED,CLOSED,0,3,0,0,0
2026-04-02 23:47:32,85320,6.11,100.0,4.89,81.2,6,100,CLOSED,CLOSED,CLOSED,0,3,0,0,0
2026-04-02 23:48:32,85380,6.10,100.0,4.88,81.1,6,100,CLOSED,CLOSED,CLOSED,0,3,0,0,0
2026-04-02 23:49:32,85440,6.09,100.0,4.87,81.1,6,100,CLOSED,CLOSED,CLOSED,0,3,0,0,0
