datetime,elapsed_s,T_in_C,RH_in_pct,T_out_C,RH_out_pct,t_avg_C,rh_avg_pct,M1_state,M2_state,M3_state,step_t,step_rh,step_resolved,is_daytime,wind_override
2026-05-03 00:04:53,0,13.13,100.0,13.13,92.5,13,100,CLOSED,CLOSED,CLOSED,0,3,0,0,0
2026-05-03 00:05:53,60,13.13,100.0,13.12,92.5,13,100,CLOSED,CLOSED,CLOSED,0,3,0,0,0
2026-05-03 00:06:53,120,13.13,100.0,13.11,92.5,13,100,CLOSED,CLOSED,CLOSED,0,3,0,0,0
2026-05-03 00:07:53,180,13.13,100.0,13.10,92.5,13,100,CLOSED,CLOSED,CLOSED,0,3,0,0,0
2026-05-03 00:08:53,240,13.13,100.0,13.09,92.6,13,100,CLOSED,CLOSED,CLOSED,0,3,0,0,0
2026-05-03 00:09:53,300,13.13,100.0,13.08,92.6,13,100,CLOSED,CLOSED,CLOSED,0,3,0,0,0
2026-05-03 00:10:53,360,13.13,100.0,13.07,92.6,13,100,CLOSED,CLOSED,CLOSED,0,3,0,0,0
2026-05-03 00:11:53,420,13.13,100.0,13.06,92.6,13,100,CLOSED,CLOSED,CLOSED,0,3,0,0,0
2026-05-03 00:12:53,480,13.13,100.0,13.05,92.6,13,100,CLOSED,CLOSED,CLOSED,0,3,0,0,0
2026-05-03 00:13:53,540,13.13,100.0,13.04,92.6,13,100,CLOSED,CLOSED,CLOSED,0,3,0,0,0
2026-05-03 00:14:53,600,13.13,100.0,13.03,92.7,13,100,CLOSED,CLOSED,CLOSED,0,3,0,0,0
2026-05-03 00:15:53,660,13.12,100.0,13.02,92.7,13,100,CLOSED,CLOSED,CLOSED,0,3,0,0,0
2026-05-03 00:16:53,720,13.12,100.0,13.01,92.7,13,100,CLOSED,CLOSED,CLOSED,0,3,0,0,0
2026-05-03 00:17:53,780,13.12,100.0,13.00,92.7,13,100,CLOSED,CLOSED,CLOSED,0,3,0,0,0
2026-05-03 00:18:53,840,13.12,100.0,12.99,92.7,13,100,CLOSED,CLOSED,CLOSED,0,3,0,0,0
2026-05-03 00:19:53,900,13.12,100.0,12.98,92.7,13,100,CLOSED,CLOSED,CLOSED,0,3,0,0,0
2026-05-03 00:20:53,960,13.12,100.0,12.97,92.8,13,100,CLOSED,CLOSED,CLOSED,0,3,0,0,0
2026-05-03 00:21:53,1020,13.12,100.0,12.96,92.8,13,100,CLOSED,CLOSED,CLOSED,0,3,0,0,0
2026-05-03 00:22:53,1080,13.12,100.0,12.94,92.8,13,100,CLOSED,CLOSED,CLOSED,0,3,0,0,0
2026-05-03 00:23:53,1140,13.12,100.0,12.93,92.8,13,100,CLOSED,CLOSED,CLOSED,0,3,0,0,0
2026-05-03 00:24:53,1200,13.11,100.0,12.92,92.8,13,100,CLOSED,CLOSED,CLOSED,0,3,0,0,0
2026-05-03 00:25:53,1260,13.11,100.0,12.91,92.8,13,100,CLOSED,CLOSED,CLOSED,0,3,0,0,0
2026-05-03 00:26:53,1320,13.11,100.0,12.90,92.9,13,100,CLOSED,CLOSED,CLOSED,0,3,0,0,0
2026-05-03 00:27:53,1380,13.11,100.0,12.89,92.9,13,100,CLOSED,CLOSED,CLOSED,0,3,0,0,0
2026-05-03 00:28:53,1440,13.11,100.0,12.88,92.9,13,100,CLOSED,CLOSED,CLOSED,0,3,0,0,0
2026-05-03 00:29:53,1500,13.10,100.0,12.87,92.9,13,100,CLOSED,CLOSED,CLOSED,0,3,0,0,0
2026-05-03 00:30:53,1560,13.10,100.0,12.86,92.9,13,100,CLOSED,CLOSED,CLOSED,0,3,0,0,0
2026-05-03 00:31:53,1620,13.10,100.0,12.85,92.9,13,100,CLOSED,CLOSED,CLOSED,0,3,0,0,0
2026-05-03 00:32:53,1680,13.10,100.0,12.84,93.0,13,100,CLOSED,CLOSED,CLOSED,0,3,0,0,0
2026-05-03 00:33:53,1740,13.10,100.0,12.83,93.0,13,100,CLOSED,CLOSED,CLOSED,0,3,0,0,0
2026-05-03 00:34:53,1800,13.09,100.0,12.82,93.0,13,100,CLOSED,CLOSED,CLOSED,0,3,0,0,0
2026-05-03 00:35:53,1860,13.09,100.0,12.82,93.1,13,100,CLOSED,CLOSED,CLOSED,0,3,0,0,0
2026-05-03 00:36:53,1920,13.09,100.0,12.82,93.1,13,100,CLOSED,CLOSED,CLOSED,0,3,0,0,0
2026-05-03 00:37:53,1980,13.09,100.0,12.82,93.2,13,100,CLOSED,CLOSED,CLOSED,0,3,0,0,0
2026-05-03 00:38:53,2040,13.09,100.0,12.82,93.2,13,100,CLOSED,CLOSED,CLOSED,0,3,0,0,0
2026-05-03 00:39:53,2100,13.08,100.0,12.82,93.3,13,100,CLOSED,CLOSED,CLOSED,0,3,0,0,0
2026-05-03 00:40:53,2160,13.08,100.0,12.82,93.4,13,100,CLOSED,CLOSED,CLOSED,0,3,0,0,0
2026-05-03 00:41:53,2220,13.08,100.0,12.82,93.4,13,100,CLOSED,CLOSED,CLOSED,0,3,0,0,0
2026-05-03 00:42:53,2280,13.08,100.0,12.81,93.5,13,100,CLOSED,CLOSED,CLOSED,0,3,0,0,0
2026-05-03 00:43:53,2340,13.07,100.0,12.81,93.5,13,100,CLOSED,CLOSED,CLOSED,0,3,0,0,0
2026-05-03 00:44:53,2400,13.07,100.0,12.81,93.6,13,100,CLOSED,CLOSED,CLOSED,0,3,0,0,0
2026-05-03 00:45:53,2460,13.07,100.0,12.81,93.7,13,100,CLOSED,CLOSED,CLOSED,0,3,0,0,0
2026-05-03 00:46:53,2520,13.07,100.0,12.81,93.7,13,100,CLOSED,CLOSED,CLOSED,0,3,0,0,0
2026-05-03 00:47:53,2580,13.07,100.0,12.81,93.8,13,100,CLOSED,CLOSED,CLOSED,0,3,0,0,0
2026-05-03 00:48:53,2640,13.06,100.0,12.81,93.8,13,100,CLOSED,CLOSED,CLOSED,0,3,0,0,0
2026-05-03 00:49:53,2700,13.06,100.0,12.81,93.9,13,100,CLOSED,CLOSED,CLOSED,0,3,0,0,0
2026-05-03 00:50:53,2760,13.06,100.0,12.82,93.9,13,100,CLOSED,CLOSED,CLOSED,0,3,0,0,0
2026-05-03 00:51:53,2820,13.06,100.0,12.82,94.0,13,100,CLOSED,CLOSED,CLOSED,0,3,0,0,0
2026-05-03 00:52:53,2880,13.06,100.0,12.83,94.0,13,100,CLOSED,CLOSED,CLOSED,0,3,0,0,0
2026-05-03 00:53:53,2940,13.05,100.0,12.83,94.0,13,100,CLOSED,CLOSED,CLOSED,0,3,0,0,0
2026-05-03 00:54:53,3000,13.05,100.0,12.84,94.1,13,100,CLOSED,CLOSED,CLOSED,0,3,0,0,0
2026-05-03 00:55:53,3060,13.05,100.0,12.84,94.1,13,100,CLOSED,CLOSED,CLOSED,0,3,0,0,0
2026-05-03 00:56:53,3120,13.05,100.0,12.85,94.1,13,100,CLOSED,CLOSED,CLOSED,0,3,0,0,0
2026-05-03 00:57:53,3180,13.05,100.0,12.85,94.2,13,100,CLOSED,CLOSED,CLOSED,0,3,0,0,0
2026-05-03 00:58:53,3240,13.04,100.0,12.86,94.2,13,100,CLOSED,CLOSED,CLOSED,0,3,0,0,0
2026-05-03 00:59:53,3300,13.04,100.0,12.86,94.2,13,100,CLOSED,CLOSED,CLOSED,0,3,0,0,0
2026-05-03 01:00:53,3360,13.04,100.0,12.87,94.3,13,100,CLOSED,CLOSED,CLOSED,0,3,0,0,0
2026-05-03 01:01:53,3420,13.04,100.0,12.87,94.3,13,100,CLOSED,CLOSED,CLOSED,0,3,0,0,0
2026-05-03 01:02:53,3480,13.04,100.0,12.88,94.3,13,100,CLOSED,CLOSED,CLOSED,0,3,0,0,0
2026-05-03 01:03:53,3540,13.04,100.0,12.88,94.4,13,100,CLOSED,CLOSED,CLOSED,0,3,0,0,0
2026-05-03 01:04:53,3600,13.04,100.0,12.89,94.4,13,100,CLOSED,CLOSED,CLOSED,0,3,0,0,0
2026-05-03 01:05:53,3660,13.04,100.0,12.89,94.4,13,100,CLOSED,CLOSED,CLOSED,0,3,0,0,0
2026-05-03 01:06:53,3720,13.03,100.0,12.89,94.5,13,100,CLOSED,CLOSED,CLOSED,0,3,0,0,0
2026-05-03 01:07:53,3780,13.03,100.0,12.89,94.5,13,100,CLOSED,CLOSED,CLOSED,0,3,0,0,0
2026-05-03 01:08:53,3840,13.03,100.0,12.90,94.5,13,100,CLOSED,CLOSED,CLOSED,0,3,0,0,0
2026-05-03 01:09:53,3900,13.03,100.0,12.90,94.5,13,100,CLOSED,CLOSED,CLOSED,0,3,0,0,0
2026-05-03 01:10:53,3960,13.03,100.0,12.90,94.6,13,100,CLOSED,CLOSED,CLOSED,0,3,0,0,0
2026-05-03 01:11:53,4020,13.03,100.0,12.90,94.6,13,100,CLOSED,CLOSED,CLOSED,0,3,0,0,0
2026-05-03 01:12:53,4080,13.03,100.0,12.90,94.6,13,100,CLOSED,CLOSED,CLOSED,0,3,0,0,0
2026-05-03 01:13:53,4140,13.03,100.0,12.90,94.6,13,100,CLOSED,CLOSED,CLOSED,0,3,0,0,0
2026-05-03 01:14:53,4200,13.03,100.0,12.90,94.7,13,100,CLOSED,CLOSED,CLOSED,0,3,0,0,0
2026-05-03 01:15:53,4260,13.02,100.0,12.90,94.7,13,100,CLOSED,CLOSED,CLOSED,0,3,0,0,0
2026-05-03 01:16:53,4320,13.02,100.0,12.91,94.7,13,100,CLOSED,CLOSED,CLOSED,0,3,0,0,0
2026-05-03 01:17:53,4380,13.02,100.0,12.91,94.7,13,100,CLOSED,CLOSED,CLOSED,0,3,0,0,0
2026-05-03 01:18:53,4440,13.02,100.0,12.91,94.8,13,100,CLOSED,CLOSED,CLOSED,0,3,0,0,0
2026-05-03 01:19:53,4500,13.02,100.0,12.91,94.8,13,100,CLOSED,CLOSED,CLOSED,0,3,0,0,0
2026-05-03 01:20:53,4560,13.02,100.0,12.91,94.8,13,100,CLOSED,CLOSED,CLOSED,0,3,0,0,0
2026-05-03 01:21:53,4620,13.02,100.0,12.91,94.9,13,100,CLOSED,CLOSED,CLOSED,0,3,0,0,0
2026-05-03 01:22:53,4680,13.02,100.0,12.91,94.9,13,100,CLOSED,CLOSED,CLOSED,0,3,0,0,0
2026-05-03 01:23:53,4740,13.02,100.0,12.90,94.9,13,100,CLOSED,CLOSED,CLOSED,0,3,0,0,0
2026-05-03 01:24:53,4800,13.02,100.0,12.90,94.9,13,100,CLOSED,CLOSED,CLOSED,0,3,0,0,0
2026-05-03 01:25:53,4860,13.01,100.0,12.90,95.0,13,100,CLOSED,CLOSED,CLOSED,0,3,0,0,0
2026-05-03 01:26:53,4920,13.01,100.0,12.90,95.0,13,100,CLOSED,CLOSED,CLOSED,0,3,0,0,0
2026-05-03 01:27:53,4980,13.01,100.0,12.90,95.0,13,100,CLOSED,CLOSED,CLOSED,0,3,0,0,0
2026-05-03 01:28:53,5040,13.01,100.0,12.90,95.0,13,100,CLOSED,CLOSED,CLOSED,0,3,0,0,0
2026-05-03 01:29:53,5100,13.01,100.0,12.90,95.1,13,100,CLOSED,CLOSED,CLOSED,0,3,0,0,0
2026-05-03 01:30:53,5160,13.01,100.0,12.90,95.1,13,100,CLOSED,CLOSED,CLOSED,0,3,0,0,0
2026-05-03 01:31:53,5220,13.01,100.0,12.89,95.1,13,100,CLOSED,CLOSED,CLOSED,0,3,0,0,0
2026-05-03 01:32:53,5280,13.01,100.0,12.89,95.1,13,100,CLOSED,CLOSED,CLOSED,0,3,0,0,0
2026-05-03 01:33:53,5340,13.01,100.0,12.89,95.2,13,100,CLOSED,CLOSED,CLOSED,0,3,0,0,0
2026-05-03 01:34:53,5400,13.01,100.0,12.89,95.2,13,100,CLOSED,CLOSED,CLOSED,0,3,0,0,0
2026-05-03 01:35:53,5460,13.01,100.0,12.88,95.2,13,100,CLOSED,CLOSED,CLOSED,0,3,0,0,0
2026-05-03 01:36:53,5520,13.00,100.0,12.87,95.2,13,100,CLOSED,CLOSED,CLOSED,0,3,0,0,0
2026-05-03 01:37:53,5580,13.00,100.0,12.86,95.3,13,100,CLOSED,CLOSED,CLOSED,0,3,0,0,0
2026-05-03 01:38:53,5640,13.00,100.0,12.85,95.3,13,100,CLOSED,CLOSED,CLOSED,0,3,0,0,0
2026-05-03 01:39:53,5700,13.00,100.0,12.84,95.3,13,100,CLOSED,CLOSED,CLOSED,0,3,0,0,0
2026-05-03 01:40:53,5760,13.00,100.0,12.83,95.3,13,100,CLOSED,CLOSED,CLOSED,0,3,0,0,0
2026-05-03 01:41:53,5820,13.00,100.0,12.82,95.3,13,100,CLOSED,CLOSED,CLOSED,0,3,0,0,0
2026-05-03 01:42:53,5880,13.00,100.0,12.81,95.4,13,100,CLOSED,CLOSED,CLOSED,0,3,0,0,0
2026-05-03 01:43:53,5940,12.99,100.0,12.80,95.4,13,100,CLOSED,CLOSED,CLOSED,0,3,0,0,0
2026-05-03 01:44:53,6000,12.99,100.0,12.79,95.4,13,100,CLOSED,CLOSED,CLOSED,0,3,0,0,0
2026-05-03 01:45:53,6060,12.99,100.0,12.78,95.4,13,100,CLOSED,CLOSED,CLOSED,0,3,0,0,0
2026-05-03 01:46:53,6120,12.99,100.0,12.77,95.4,13,100,CLOSED,CLOSED,CLOSED,0,3,0,0,0
2026-05-03 01:47:53,6180,12.99,100.0,12.76,95.5,13,100,CLOSED,CLOSED,CLOSED,0,3,0,0,0
2026-05-03 01:48:53,6240,12.99,100.0,12.75,95.5,13,100,CLOSED,CLOSED,CLOSED,0,3,0,0,0
2026-05-03 01:49:53,6300,12.98,100.0,12.74,95.5,13,100,CLOSED,CLOSED,CLOSED,0,3,0,0,0
2026-05-03 01:50:53,6360,12.98,100.0,12.73,95.5,13,100,CLOSED,CLOSED,CLOSED,0,3,0,0,0
2026-05-03 01:51:53,6420,12.98,100.0,12.72,95.5,13,100,CLOSED,CLOSED,CLOSED,0,3,0,0,0
2026-05-03 01:52:53,6480,12.98,100.0,12.72,95.6,13,100,CLOSED,CLOSED,CLOSED,0,3,0,0,0
2026-05-03 01:53:53,6540,12.98,100.0,12.71,95.6,13,100,CLOSED,CLOSED,CLOSED,0,3,0,0,0
2026-05-03 01:54:53,6600,12.97,100.0,12.70,95.6,13,100,CLOSED,CLOSED,CLOSED,0,3,0,0,0
2026-05-03 01:55:53,6660,12.97,100.0,12.69,95.6,13,100,CLOSED,CLOSED,CLOSED,0,3,0,0,0
2026-05-03 01:56:53,6720,12.97,100.0,12.68,95.6,13,100,CLOSED,CLOSED,CLOSED,0,3,0,0,0
2026-05-03 01:57:53,6780,12.97,100.0,12.68,95.7,13,100,CLOSED,CLOSED,CLOSED,0,3,0,0,0
2026-05-03 01:58:53,6840,12.96,100.0,12.67,95.7,13,100,CLOSED,CLOSED,CLOSED,0,3,0,0,0
2026-05-03 01:59:53,6900,12.96,100.0,12.66,95.7,13,100,CLOSED,CLOSED,CLOSED,0,3,0,0,0
2026-05-03 02:00:53,6960,12.96,100.0,12.65,95.7,13,100,CLOSED,CLOSED,CLOSED,0,3,0,0,0
2026-05-03 02:01:53,7020,12.96,100.0,12.64,95.7,13,100,CLOSED,CLOSED,CLOSED,0,3,0,0,0
2026-05-03 02:02:53,7080,12.95,100.0,12.64,95.8,13,100,CLOSED,CLOSED,CLOSED,0,3,0,0,0
2026-05-03 02:03:53,7140,12.95,100.0,12.63,95.8,13,100,CLOSED,CLOSED,CLOSED,0,3,0,0,0
2026-05-03 02:04:53,7200,12.95,100.0,12.62,95.8,13,100,CLOSED,CLOSED,CLOSED,0,3,0,0,0
2026-05-03 02:05:53,7260,12.94,100.0,12.60,95.8,13,100,CLOSED,CLOSED,CLOSED,0,3,0,0,0
2026-05-03 02:06:53,7320,12.94,100.0,12.58,95.8,13,100,CLOSED,CLOSED,CLOSED,0,3,0,0,0
2026-05-03 02:07:53,7380,12.94,100.0,12.56,95.8,13,100,CLOSED,CLOSED,CLOSED,0,3,0,0,0
2026-05-03 02:08:53,7440,12.94,100.0,12.55,95.9,13,100,CLOSED,CLOSED,CLOSED,0,3,0,0,0
2026-05-03 02:09:53,7500,12.93,100.0,12.53,95.9,13,100,CLOSED,CLOSED,CLOSED,0,3,0,0,0
2026-05-03 02:10:53,7560,12.93,100.0,12.51,95.9,13,100,CLOSED,CLOSED,CLOSED,0,3,0,0,0
2026-05-03 02:11:53,7620,12.93,100.0,12.49,95.9,13,100,CLOSED,CLOSED,CLOSED,0,3,0,0,0
2026-05-03 02:12:53,7680,12.92,100.0,12.47,95.9,13,100,CLOSED,CLOSED,CLOSED,0,3,0,0,0
2026-05-03 02:13:53,7740,12.92,100.0,12.45,95.9,13,100,CLOSED,CLOSED,CLOSED,0,3,0,0,0
2026-05-03 02:14:53,7800,12.91,100.0,12.43,95.9,13,100,CLOSED,CLOSED,CLOSED,0,3,0,0,0
2026-05-03 02:15:53,7860,12.91,100.0,12.42,95.9,13,100,CLOSED,CLOSED,CLOSED,0,3,0,0,0
2026-05-03 02:16:53,7920,12.91,100.0,12.40,96.0,13,100,CLOSED,CLOSED,CLOSED,0,3,0,0,0
2026-05-03 02:17:53,7980,12.90,100.0,12.38,96.0,13,100,CLOSED,CLOSED,CLOSED,0,3,0,0,0
2026-05-03 02:18:53,8040,12.90,100.0,12.36,96.0,13,100,CLOSED,CLOSED,CLOSED,0,3,0,0,0
2026-05-03 02:19:53,8100,12.89,100.0,12.34,96.0,13,100,CLOSED,CLOSED,CLOSED,0,3,0,0,0
2026-05-03 02:20:53,8160,12.89,100.0,12.33,96.0,13,100,CLOSED,CLOSED,CLOSED,0,3,0,0,0
2026-05-03 02:21:53,8220,12.88,100.0,12.32,96.0,13,100,CLOSED,CLOSED,CLOSED,0,3,0,0,0
2026-05-03 02:22:53,8280,12.88,100.0,12.32,96.0,13,100,CLOSED,CLOSED,CLOSED,0,3,0,0,0
2026-05-03 02:23:53,8340,12.87,100.0,12.31,96.1,13,100,CLOSED,CLOSED,CLOSED,0,3,0,0,0
2026-05-03 02:24:53,8400,12.87,100.0,12.30,96.1,13,100,CLOSED,CLOSED,CLOSED,0,3,0,0,0
2026-05-03 02:25:53,8460,12.86,100.0,12.29,96.1,13,100,CLOSED,CLOSED,CLOSED,0,3,0,0,0
2026-05-03 02:26:53,8520,12.86,100.0,12.28,96.1,13,100,CLOSED,CLOSED,CLOSED,0,3,0,0,0
2026-05-03 02:27:53,8580,12.85,100.0,12.27,96.1,13,100,CLOSED,CLOSED,CLOSED,0,3,0,0,0
2026-05-03 02:28:53,8640,12.85,100.0,12.26,96.1,13,100,CLOSED,CLOSED,CLOSED,0,3,0,0,0
2026-05-03 02:29:53,8700,12.84,100.0,12.25,96.1,13,100,CLOSED,CLOSED,CLOSED,0,3,0,0,0
2026-05-03 02:30:53,8760,12.84,100.0,12.25,96.1,13,100,CLOSED,CLOSED,CLOSED,0,3,0,0,0
2026-05-03 02:31:53,8820,12.83,100.0,12.24,96.2,13,100,CLOSED,CLOSED,CLOSED,0,3,0,0,0
2026-05-03 02:32:53,8880,12.83,100.0,12.23,96.2,13,100,CLOSED,CLOSED,CLOSED,0,3,0,0,0
2026-05-03 02:33:53,8940,12.82,100.0,12.22,96.2,13,100,CLOSED,CLOSED,CLOSED,0,3,0,0,0
2026-05-03 02:34:53,9000,12.82,100.0,12.21,96.2,13,100,CLOSED,CLOSED,CLOSED,0,3,0,0,0
2026-05-03 02:35:53,9060,12.81,100.0,12.21,96.2,13,100,CLOSED,CLOSED,CLOSED,0,3,0,0,0
2026-05-03 02:36:53,9120,12.81,100.0,12.21,96.2,13,100,CLOSED,CLOSED,CLOSED,0,3,0,0,0
2026-05-03 02:37:53,9180,12.80,100.0,12.21,96.3,13,100,CLOSED,CLOSED,CLOSED,0,3,0,0,0
2026-05-03 02:38:53,9240,12.80,100.0,12.21,96.3,13,100,CLOSED,CLOSED,CLOSED,0,3,0,0,0
2026-05-03 02:39:53,9300,12.79,100.0,12.21,96.3,13,100,CLOSED,CLOSED,CLOSED,0,3,0,0,0
2026-05-03 02:40:53,9360,12.79,100.0,12.21,96.3,13,100,CLOSED,CLOSED,CLOSED,0,3,0,0,0
2026-05-03 02:41:53,9420,12.78,100.0,12.21,96.3,13,100,CLOSED,CLOSED,CLOSED,0,3,0,0,0
2026-05-03 02:42:53,9480,12.78,100.0,12.22,96.4,13,100,CLOSED,CLOSED,CLOSED,0,3,0,0,0
2026-05-03 02:43:53,9540,12.78,100.0,12.22,96.4,13,100,CLOSED,CLOSED,CLOSED,0,3,0,0,0
2026-05-03 02:44:53,9600,12.77,100.0,12.22,96.4,13,100,CLOSED,CLOSED,CLOSED,0,3,0,0,0
2026-05-03 02:45:53,9660,12.77,100.0,12.22,96.4,13,100,CLOSED,CLOSED,CLOSED,0,3,0,0,0
2026-05-03 02:46:53,9720,12.76,100.0,12.22,96.4,13,100,CLOSED,CLOSED,CLOSED,0,3,0,0,0
2026-05-03 02:47:53,9780,12.76,100.0,12.22,96.5,13,100,CLOSED,CLOSED,CLOSED,0,3,0,0,0
2026-05-03 02:48:53,9840,12.75,100.0,12.22,96.5,13,100,CLOSED,CLOSED,CLOSED,0,3,0,0,0
2026-05-03 02:49:53,9900,12.75,100.0,12.22,96.5,13,100,CLOSED,CLOSED,CLOSED,0,3,0,0,0
2026-05-03 02:50:53,9960,12.74,100.0,12.23,96.5,13,100,CLOSED,CLOSED,CLOSED,0,3,0,0,0
2026-05-03 02:51:53,10020,12.74,100.0,12.24,96.5,13,100,CLOSED,CLOSED,CLOSED,0,3,0,0,0
2026-05-03 02:52:53,10080,12.74,100.0,12.25,96.6,13,100,CLOSED,CLOSED,CLOSED,0,3,0,0,0
2026-05-03 02:53:53,10140,12.73,100.0,12.25,96.6,13,100,CLOSED,CLOSED,CLOSED,0,3,0,0,0
2026-05-03 02:54:53,10200,12.73,100.0,12.26,96.6,13,100,CLOSED,CLOSED,CLOSED,0,3,0,0,0
2026-05-03 02:55:53,10260,12.72,100.0,12.27,96.6,13,100,CLOSED,CLOSED,CLOSED,0,3,0,0,0
2026-05-03 02:56:53,10320,12.72,100.0,12.28,96.6,13,100,CLOSED,CLOSED,CLOSED,0,3,0,0,0
2026-05-03 02:57:53,10380,12.72,100.0,12.29,96.7,13,100,CLOSED,CLOSED,CLOSED,0,3,0,0,0
2026-05-03 02:58:53,10440,12.71,100.0,12.30,96.7,13,100,CLOSED,CLOSED,CLOSED,0,3,0,0,0
2026-05-03 02:59:53,10500,12.71,100.0,12.31,96.7,13,100,CLOSED,CLOSED,CLOSED,0,3,0,0,0
2026-05-03 03:00:53,10560,12.71,100.0,12.32,96.7,13,100,CLOSED,CLOSED,CLOSED,0,3,0,0,0
2026-05-03 03:01:53,10620,12.70,100.0,12.32,96.7,13,100,CLOSED,CLOSED,CLOSED,0,3,0,0,0
2026-05-03 03:02:53,10680,12.70,100.0,12.33,96.8,13,100,CLOSED,CLOSED,CLOSED,0,3,0,0,0
2026-05-03 03:03:53,10740,12.70,100.0,12.34,96.8,13,100,CLOSED,CLOSED,CLOSED,0,3,0,0,0
2026-05-03 03:04:53,10800,12.69,100.0,12.35,96.8,13,100,CLOSED,CLOSED,CLOSED,0,3,0,0,0
2026-05-03 03:05:53,10860,12.69,100.0,12.34,96.8,13,100,CLOSED,CLOSED,CLOSED,0,3,0,0,0
2026-05-03 03:06:53,10920,12.69,100.0,12.34,96.8,13,100,CLOSED,CLOSED,CLOSED,0,3,0,0,0
2026-05-03 03:07:53,10980,12.69,100.0,12.33,96.8,13,100,CLOSED,CLOSED,CLOSED,0,3,0,0,0
2026-05-03 03:08:53,11040,12.68,100.0,12.32,96.9,13,100,CLOSED,CLOSED,CLOSED,0,3,0,0,0
2026-05-03 03:09:53,11100,12.68,100.0,12.32,96.9,13,100,CLOSED,CLOSED,CLOSED,0,3,0,0,0
2026-05-03 03:10:53,11160,12.68,100.0,12.31,96.9,13,100,CLOSED,CLOSED,CLOSED,0,3,0,0,0
2026-05-03 03:11:53,11220,12.67,100.0,12.30,96.9,13,100,CLOSED,CLOSED,CLOSED,0,3,0,0,0
2026-05-03 03:12:53,11280,12.67,100.0,12.30,96.9,13,100,CLOSED,CLOSED,CLOSED,0,3,0,0,0
2026-05-03 03:13:53,11340,12.67,100.0,12.29,96.9,13,100,CLOSED,CLOSED,CLOSED,0,3,0,0,0
2026-05-03 03:14:53,11400,12.66,100.0,12.28,96.9,13,100,CLOSED,CLOSED,CLOSED,0,3,0,0,0
2026-05-03 03:15:53,11460,12.66,100.0,12.28,96.9,13,100,CLOSED,CLOSED,CLOSED,0,3,0,0,0
2026-05-03 03:16:53,11520,12.66,100.0,12.27,97.0,13,100,CLOSED,CLOSED,CLOSED,0,3,0,0,0
2026-05-03 03:17:53,11580,12.65,100.0,12.26,97.0,13,100,CLOSED,CLOSED,CLOSED,0,3,0,0,0
2026-05-03 03:18:53,11640,12.65,100.0,12.26,97.0,13,100,CLOSED,CLOSED,CLOSED,0,3,0,0,0
2026-05-03 03:19:53,11700,12.65,100.0,12.25,97.0,13,100,CLOSED,CLOSED,CLOSED,0,3,0,0,0
2026-05-03 03:20:53,11760,12.64,100.0,12.25,97.0,13,100,CLOSED,CLOSED,CLOSED,0,3,0,0,0
2026-05-03 03:21:53,11820,12.64,100.0,12.25,97.0,13,100,CLOSED,CLOSED,CLOSED,0,3,0,0,0
2026-05-03 03:22:53,11880,12.64,100.0,12.25,97.0,13,100,CLOSED,CLOSED,CLOSED,0,3,0,0,0
2026-05-03 03:23:53,11940,12.63,100.0,12.25,97.0,13,100,CLOSED,CLOSED,CLOSED,0,3,0,0,0
2026-05-03 03:24:53,12000,12.63,100.0,12.25,97.0,13,100,CLOSED,CLOSED,CLOSED,0,3,0,0,0
2026-05-03 03:25:53,12060,12.63,100.0,12.25,97.0,13,100,CLOSED,CLOSED,CLOSED,0,3,0,0,0
2026-05-03 03:26:53,12120,12.62,100.0,12.25,97.0,13,100,CLOSED,CLOSED,CLOSED,0,3,0,0,0
2026-05-03 03:27:53,12180,12.62,100.0,12.25,97.1,13,100,CLOSED,CLOSED,CLOSED,0,3,0,0,0
2026-05-03 03:28:53,12240,12.62,100.0,12.25,97.1,13,100,CLOSED,CLOSED,CLOSED,0,3,0,0,0
2026-05-03 03:29:53,12300,12.62,100.0,12.25,97.1,13,100,CLOSED,CLOSED,CLOSED,0,3,0,0,0
2026-05-03 03:30:53,12360,12.61,100.0,12.25,97.1,13,100,CLOSED,CLOSED,CLOSED,0,3,0,0,0
2026-05-03 03:31:53,12420,12.61,100.0,12.25,97.1,13,100,CLOSED,CLOSED,CLOSED,0,3,0,0,0
2026-05-03 03:32:53,12480,12.61,100.0,12.25,97.1,13,100,CLOSED,CLOSED,CLOSED,0,3,0,0,0
2026-05-03 03:33:53,12540,12.60,100.0,12.25,97.1,13,100,CLOSED,CLOSED,CLOSED,0,3,0,0,0
2026-05-03 03:34:53,12600,12.60,100.0,12.25,97.1,13,100,CLOSED,CLOSED,CLOSED,0,3,0,0,0
2026-05-03 03:35:53,12660,12.60,100.0,12.25,97.1,13,100,CLOSED,CLOSED,CLOSED,0,3,0,0,0
2026-05-03 03:36:53,12720,12.59,100.0,12.25,97.1,13,100,CLOSED,CLOSED,CLOSED,0,3,0,0,0
2026-05-03 03:37:53,12780,12.59,100.0,12.25,97.1,13,100,CLOSED,CLOSED,CLOSED,0,3,0,0,0
2026-05-03 03:38:53,12840,12.59,100.0,12.25,97.2,13,100,CLOSED,CLOSED,CLOSED,0,3,0,0,0
2026-05-03 03:39:53,12900,12.59,100.0,12.25,97.2,13,100,CLOSED,CLOSED,CLOSED,0,3,0,0,0
2026-05-03 03:40:53,12960,12.58,100.0,12.25,97.2,13,100,CLOSED,CLOSED,CLOSED,0,3,0,0,0
2026-05-03 03:41:53,13020,12.58,100.0,12.25,97.2,13,100,CLOSED,CLOSED,CLOSED,0,3,0,0,0
2026-05-03 03:42:53,13080,12.58,100.0,12.24,97.2,13,100,CLOSED,CLOSED,CLOSED,0,3,0,0,0
2026-05-03 03:43:53,13140,12.57,100.0,12.24,97.2,13,100,CLOSED,CLOSED,CLOSED,0,3,0,0,0
2026-05-03 03:44:53,13200,12.57,100.0,12.24,97.2,13,100,CLOSED,CLOSED,CLOSED,0,3,0,0,0
2026-05-03 03:45:53,13260,12.57,100.0,12.24,97.2,13,100,CLOSED,CLOSED,CLOSED,0,3,0,0,0
2026-05-03 03:46:53,13320,12.57,100.0,12.24,97.3,13,100,CLOSED,CLOSED,CLOSED,0,3,0,0,0
2026-05-03 03:47:53,13380,12.56,100.0,12.24,97.3,13,100,CLOSED,CLOSED,CLOSED,0,3,0,0,0
2026-05-03 03:48:53,13440,12.56,100.0,12.24,97.3,13,100,CLOSED,CLOSED,CLOSED,0,3,0,0,0
2026-05-03 03:49:53,13500,12.56,100.0,12.24,97.3,13,100,CLOSED,CLOSED,CLOSED,0,3,0,0,0
2026-05-03 03:50:53,13560,12.56,100.0,12.25,97.3,13,100,CLOSED,CLOSED,CLOSED,0,3,0,0,0
2026-05-03 03:51:53,13620,12.55,100.0,12.26,97.3,13,100,CLOSED,CLOSED,CLOSED,0,3,0,0,0
2026-05-03 03:52:53,13680,12.55,100.0,12.27,97.3,13,100,CLOSED,CLOSED,CLOSED,0,3,0,0,0
2026-05-03 03:53:53,13740,12.55,100.0,12.27,97.3,13,100,CLOSED,CLOSED,CLOSED,0,3,0,0,0
2026-05-03 03:54:53,13800,12.55,100.0,12.28,97.3,13,100,CLOSED,CLOSED,CLOSED,0,3,0,0,0
2026-05-03 03:55:53,13860,12.54,100.0,12.29,97.3,13,100,CLOSED,CLOSED,CLOSED,0,3,0,0,0
2026-05-03 03:56:53,13920,12.54,100.0,12.30,97.3,13,100,CLOSED,CLOSED,CLOSED,0,3,0,0,0
2026-05-03 03:57:53,13980,12.54,100.0,12.31,97.4,13,100,CLOSED,CLOSED,CLOSED,0,3,0,0,0
2026-05-03 03:58:53,14040,12.54,100.0,12.32,97.4,13,100,CLOSED,CLOSED,CLOSED,0,3,0,0,0
2026-05-03 03:59:53,14100,12.54,100.0,12.33,97.4,13,100,CLOSED,CLOSED,CLOSED,0,3,0,0,0
2026-05-03 04:00:53,14160,12.53,100.0,12.34,97.4,13,100,CLOSED,CLOSED,CLOSED,0,3,0,0,0
2026-05-03 04:01:53,14220,12.53,100.0,12.34,97.4,13,100,CLOSED,CLOSED,CLOSED,0,3,0,0,0
2026-05-03 04:02:53,14280,12.53,100.0,12.35,97.4,13,100,CLOSED,CLOSED,CLOSED,0,3,0,0,0
2026-05-03 04:03:53,14340,12.53,100.0,12.36,97.4,13,100,CLOSED,CLOSED,CLOSED,0,3,0,0,0
2026-05-03 04:04:53,14400,12.53,100.0,12.37,97.4,13,100,CLOSED,CLOSED,CLOSED,0,3,0,0,0
2026-05-03 04:05:53,14460,12.53,100.0,12.38,97.4,13,100,CLOSED,CLOSED,CLOSED,0,3,0,0,0
2026-05-03 04:06:53,14520,12.53,100.0,12.39,97.4,13,100,CLOSED,CLOSED,CLOSED,0,3,0,1,0
2026-05-03 04:07:53,14580,12.53,100.0,12.41,97.4,13,100,CLOSED,CLOSED,CLOSED,0,3,0,1,0
2026-05-03 04:08:53,14640,12.52,100.0,12.42,97.4,13,100,CLOSED,CLOSED,CLOSED,0,3,0,1,0
2026-05-03 04:09:53,14700,12.52,100.0,12.43,97.4,13,100,CLOSED,CLOSED,CLOSED,0,3,0,1,0
2026-05-03 04:10:53,14760,12.52,100.0,12.44,97.4,13,100,CLOSED,CLOSED,CLOSED,0,3,0,1,0
2026-05-03 04:11:53,14820,12.52,100.0,12.46,97.4,13,100,CLOSED,CLOSED,CLOSED,0,3,0,1,0
2026-05-03 04:12:53,14880,12.52,100.0,12.47,97.5,13,100,CLOSED,CLOSED,CLOSED,0,3,0,1,0
2026-05-03 04:13:53,14940,12.52,100.0,12.48,97.5,13,100,CLOSED,CLOSED,CLOSED,0,3,0,1,0
2026-05-03 04:14:53,15000,12.52,100.0,12.49,97.5,13,100,CLOSED,CLOSED,CLOSED,0,3,0,1,0
2026-05-03 04:15:53,15060,12.52,100.0,12.51,97.5,13,100,CLOSED,CLOSED,CLOSED,0,3,0,1,0
2026-05-03 04:16:53,15120,12.52,100.0,12.52,97.5,13,100,CLOSED,CLOSED,CLOSED,0,3,0,1,0
2026-05-03 04:17:53,15180,12.52,100.0,12.53,97.5,13,100,CLOSED,CLOSED,CLOSED,0,3,0,1,0
2026-05-03 04:18:53,15240,12.53,100.0,12.54,97.5,13,100,CLOSED,CLOSED,CLOSED,0,3,0,1,0
2026-05-03 04:19:53,15300,12.53,100.0,12.55,97.5,13,100,CLOSED,CLOSED,CLOSED,0,3,0,1,0
2026-05-03 04:20:53,15360,12.53,100.0,12.57,97.5,13,100,CLOSED,CLOSED,CLOSED,0,3,0,1,0
2026-05-03 04:21:53,15420,12.53,100.0,12.58,97.5,13,100,CLOSED,CLOSED,CLOSED,0,3,0,1,0
2026-05-03 04:22:53,15480,12.53,100.0,12.59,97.5,13,100,CLOSED,CLOSED,CLOSED,0,3,0,1,0
2026-05-03 04:23:53,15540,12.53,100.0,12.60,97.5,13,100,CLOSED,CLOSED,CLOSED,0,3,0,1,0
2026-05-03 04:24:53,15600,12.54,100.0,12.62,97.5,13,100,CLOSED,CLOSED,CLOSED,0,3,0,1,0
2026-05-03 04:25:53,15660,12.54,100.0,12.63,97.5,13,100,CLOSED,CLOSED,CLOSED,0,3,0,1,0
2026-05-03 04:26:53,15720,12.54,100.0,12.64,97.5,13,100,CLOSED,CLOSED,CLOSED,0,3,0,1,0
2026-05-03 04:27:53,15780,12.55,100.0,12.65,97.6,13,100,CLOSED,CLOSED,CLOSED,0,3,0,1,0
2026-05-03 04:28:53,15840,12.55,100.0,12.66,97.6,13,100,CLOSED,CLOSED,CLOSED,0,3,0,1,0
2026-05-03 04:29:53,15900,12.55,100.0,12.68,97.6,13,100,CLOSED,CLOSED,CLOSED,0,3,0,1,0
2026-05-03 04:30:53,15960,12.56,100.0,12.69,97.6,13,100,CLOSED,CLOSED,CLOSED,0,3,0,1,0
2026-05-03 04:31:53,16020,12.56,100.0,12.70,97.6,13,100,CLOSED,CLOSED,CLOSED,0,3,0,1,0
2026-05-03 04:32:53,16080,12.57,100.0,12.71,97.6,13,100,CLOSED,CLOSED,CLOSED,0,3,0,1,0
2026-05-03 04:33:53,16140,12.57,100.0,12.73,97.6,13,100,CLOSED,CLOSED,CLOSED,0,3,0,1,0
2026-05-03 04:34:53,16200,12.58,100.0,12.74,97.6,13,100,CLOSED,CLOSED,CLOSED,0,3,0,1,0
2026-05-03 04:35:53,16260,12.58,100.0,12.74,97.6,13,100,CLOSED,CLOSED,CLOSED,0,3,0,1,0
2026-05-03 04:36:53,16320,12.59,100.0,12.74,97.6,13,100,CLOSED,CLOSED,CLOSED,0,3,0,1,0
2026-05-03 04:37:53,16380,12.60,100.0,12.75,97.6,13,100,CLOSED,CLOSED,CLOSED,0,3,0,1,0
2026-05-03 04:38:53,16440,12.60,100.0,12.75,97.6,13,100,CLOSED,CLOSED,CLOSED,0,3,0,1,0
2026-05-03 04:39:53,16500,12.61,100.0,12.75,97.6,13,100,CLOSED,CLOSED,CLOSED,0,3,0,1,0
2026-05-03 04:40:53,16560,12.62,100.0,12.75,97.6,13,100,CLOSED,CLOSED,CLOSED,0,3,0,1,0
2026-05-03 04:41:53,16620,12.63,100.0,12.75,97.6,13,100,CLOSED,CLOSED,CLOSED,0,3,0,1,0
2026-05-03 04:42:53,16680,12.64,100.0,12.76,97.7,13,100,CLOSED,CLOSED,CLOSED,0,3,0,1,0
2026-05-03 04:43:53,16740,12.64,100.0,12.76,97.7,13,100,CLOSED,CLOSED,CLOSED,0,3,0,1,0
2026-05-03 04:44:53,16800,12.65,100.0,12.76,97.7,13,100,CLOSED,CLOSED,CLOSED,0,3,0,1,0
2026-05-03 04:45:53,16860,12.66,100.0,12.76,97.7,13,100,CLOSED,CLOSED,CLOSED,0,3,0,1,0
2026-05-03 04:46:53,16920,12.67,100.0,12.76,97.7,13,100,CLOSED,CLOSED,CLOSED,0,3,0,1,0
2026-05-03 04:47:53,16980,12.68,100.0,12.77,97.7,13,100,CLOSED,CLOSED,CLOSED,0,3,0,1,0
2026-05-03 04:48:53,17040,12.69,100.0,12.77,97.7,13,100,CLOSED,CLOSED,CLOSED,0,3,0,1,0
2026-05-03 04:49:53,17100,12.70,100.0,12.77,97.7,13,100,CLOSED,CLOSED,CLOSED,0,3,0,1,0
2026-05-03 04:50:53,17160,12.72,100.0,12.78,97.7,13,100,CLOSED,CLOSED,CLOSED,0,3,0,1,0
2026-05-03 04:51:53,17220,12.73,100.0,12.80,97.7,13,100,CLOSED,CLOSED,CLOSED,0,3,0,1,0
2026-05-03 04:52:53,17280,12.74,100.0,12.81,97.7,13,100,CLOSED,CLOSED,CLOSED,0,3,0,1,0
2026-05-03 04:53:53,17340,12.75,100.0,12.82,97.7,13,100,CLOSED,CLOSED,CLOSED,0,3,0,1,0
2026-05-03 04:54:53,17400,12.77,100.0,12.84,97.7,13,100,CLOSED,CLOSED,CLOSED,0,3,0,1,0
2026-05-03 04:55:53,17460,12.78,100.0,12.85,97.7,13,100,CLOSED,CLOSED,CLOSED,0,3,0,1,0
2026-05-03 04:56:53,17520,12.80,100.0,12.86,97.7,13,100,CLOSED,CLOSED,CLOSED,0,3,0,1,0
2026-05-03 04:57:53,17580,12.81,100.0,12.88,97.7,13,100,CLOSED,CLOSED,CLOSED,0,3,0,1,0
2026-05-03 04:58:53,17640,12.83,100.0,12.89,97.7,13,100,CLOSED,CLOSED,CLOSED,0,3,0,1,0
2026-05-03 04:59:53,17700,12.84,100.0,12.90,97.7,13,100,CLOSED,CLOSED,CLOSED,0,3,0,1,0
2026-05-03 05:00:53,17760,12.86,100.0,12.92,97.7,13,100,CLOSED,CLOSED,CLOSED,0,3,0,1,0
2026-05-03 05:01:53,17820,12.88,100.0,12.93,97.7,13,100,CLOSED,CLOSED,CLOSED,0,3,0,1,0
2026-05-03 05:02:53,17880,12.89,100.0,12.94,97.7,13,100,CLOSED,CLOSED,CLOSED,0,3,0,1,0
2026-05-03 05:03:53,17940,12.91,100.0,12.96,97.7,13,100,CLOSED,CLOSED,CLOSED,0,3,0,1,0
2026-05-03 05:04:53,18000,12.93,100.0,12.97,97.7,13,100,CLOSED,CLOSED,CLOSED,0,3,0,1,0
2026-05-03 05:05:53,18060,12.95,100.0,12.99,97.7,13,100,CLOSED,CLOSED,CLOSED,0,3,0,1,0
2026-05-03 05:06:53,18120,12.97,100.0,13.01,97.7,13,100,CLOSED,CLOSED,CLOSED,0,3,0,1,0
2026-05-03 05:07:53,18180,12.99,100.0,13.03,97.7,13,100,CLOSED,CLOSED,CLOSED,0,3,0,1,0
2026-05-03 05:08:53,18240,13.01,100.0,13.05,97.7,13,100,CLOSED,CLOSED,CLOSED,0,3,0,1,0
2026-05-03 05:09:53,18300,13.04,100.0,13.08,97.7,13,100,CLOSED,CLOSED,CLOSED,0,3,0,1,0
2026-05-03 05:10:53,18360,13.06,100.0,13.10,97.7,13,100,CLOSED,CLOSED,CLOSED,0,3,0,1,0
2026-05-03 05:11:53,18420,13.08,100.0,13.12,97.7,13,100,CLOSED,CLOSED,CLOSED,0,3,0,1,0
2026-05-03 05:12:53,18480,13.11,100.0,13.14,97.8,13,100,CLOSED,CLOSED,CLOSED,0,3,0,1,0
2026-05-03 05:13:53,18540,13.13,100.0,13.16,97.8,13,100,CLOSED,CLOSED,CLOSED,0,3,0,1,0
2026-05-03 05:14:53,18600,13.16,100.0,13.18,97.8,13,100,CLOSED,CLOSED,CLOSED,0,3,0,1,0
2026-05-03 05:15:53,18660,13.18,100.0,13.20,97.8,13,100,CLOSED,CLOSED,CLOSED,0,3,0,1,0
2026-05-03 05:16:53,18720,13.21,100.0,13.22,97.8,13,100,CLOSED,CLOSED,CLOSED,0,3,0,1,0
2026-05-03 05:17:53,18780,13.24,100.0,13.25,97.8,13,100,CLOSED,CLOSED,CLOSED,0,3,0,1,0
2026-05-03 05:18:53,18840,13.27,100.0,13.27,97.8,13,100,CLOSED,CLOSED,CLOSED,0,3,0,1,0
2026-05-03 05:19:53,18900,13.30,100.0,13.29,97.8,13,100,CLOSED,CLOSED,CLOSED,0,3,0,1,0
2026-05-03 05:20:53,18960,13.33,100.0,13.32,97.8,13,100,CLOSED,CLOSED,CLOSED,0,3,0,1,0
2026-05-03 05:21:53,19020,13.36,100.0,13.36,97.8,13,100,CLOSED,CLOSED,CLOSED,0,3,0,1,0
2026-05-03 05:22:53,19080,13.39,100.0,13.40,97.8,13,100,CLOSED,CLOSED,CLOSED,0,3,0,1,0
2026-05-03 05:23:53,19140,13.42,100.0,13.43,97.8,13,100,CLOSED,CLOSED,CLOSED,0,3,0,1,0
2026-05-03 05:24:53,19200,13.45,100.0,13.47,97.8,13,100,CLOSED,CLOSED,CLOSED,0,3,0,1,0
2026-05-03 05:25:53,19260,13.49,100.0,13.51,97.8,13,100,CLOSED,CLOSED,CLOSED,0,3,0,1,0
2026-05-03 05:26:53,19320,13.52,100.0,13.54,97.8,13,100,CLOSED,CLOSED,CLOSED,0,3,0,1,0
2026-05-03 05:27:53,19380,13.56,100.0,13.58,97.8,13,100,CLOSED,CLOSED,CLOSED,0,3,0,1,0
2026-05-03 05:28:53,19440,13.60,100.0,13.62,97.8,13,100,CLOSED,CLOSED,CLOSED,0,3,0,1,0
2026-05-03 05:29:53,19500,13.63,100.0,13.65,97.8,13,100,CLOSED,CLOSED,CLOSED,0,3,0,1,0
2026-05-03 05:30:53,19560,13.67,100.0,13.69,97.8,14,100,CLOSED,CLOSED,CLOSED,0,3,0,1,0
2026-05-03 05:31:53,19620,13.71,100.0,13.73,97.8,14,100,CLOSED,CLOSED,CLOSED,0,3,0,1,0
2026-05-03 05:32:53,19680,13.75,100.0,13.76,97.8,14,100,CLOSED,CLOSED,CLOSED,0,3,0,1,0
2026-05-03 05:33:53,19740,13.79,100.0,13.80,97.8,14,100,CLOSED,CLOSED,CLOSED,0,3,0,1,0
2026-05-03 05:34:53,19800,13.84,100.0,13.84,97.8,14,100,CLOSED,CLOSED,CLOSED,0,3,0,1,0
2026-05-03 05:35:53,19860,13.88,100.0,13.87,97.8,14,100,CLOSED,CLOSED,CLOSED,0,3,0,1,0
2026-05-03 05:36:53,19920,13.92,100.0,13.90,97.8,14,100,CLOSED,CLOSED,CLOSED,0,3,0,1,0
2026-05-03 05:37:53,19980,13.97,100.0,13.93,97.8,14,100,CLOSED,CLOSED,CLOSED,0,3,0,1,0
2026-05-03 05:38:53,20040,14.01,100.0,13.97,97.7,14,100,CLOSED,CLOSED,CLOSED,0,3,0,1,0
2026-05-03 05:39:53,20100,14.06,100.0,14.00,97.7,14,100,CLOSED,CLOSED,CLOSED,0,3,0,1,0
2026-05-03 05:40:53,20160,14.10,100.0,14.03,97.7,14,100,CLOSED,CLOSED,CLOSED,0,3,0,1,0
2026-05-03 05:41:53,20220,14.15,100.0,14.07,97.7,14,100,CLOSED,CLOSED,CLOSED,0,3,0,1,0
2026-05-03 05:42:53,20280,14.20,100.0,14.10,97.7,14,100,CLOSED,CLOSED,CLOSED,0,3,0,1,0
2026-05-03 05:43:53,20340,14.25,100.0,14.13,97.7,14,100,CLOSED,CLOSED,CLOSED,0,3,0,1,0
2026-05-03 05:44:53,20400,14.30,100.0,14.17,97.7,14,100,CLOSED,CLOSED,CLOSED,0,3,0,1,0
2026-05-03 05:45:53,20460,14.35,100.0,14.20,97.7,14,100,CLOSED,CLOSED,CLOSED,0,3,0,1,0
2026-05-03 05:46:53,20520,14.41,100.0,14.23,97.6,14,100,CLOSED,CLOSED,CLOSED,0,3,0,1,0
2026-05-03 05:47:53,20580,14.46,100.0,14.26,97.6,14,100,CLOSED,CLOSED,CLOSED,0,3,0,1,0
2026-05-03 05:48:53,20640,14.51,100.0,14.30,97.6,14,100,CLOSED,CLOSED,CLOSED,0,3,0,1,0
2026-05-03 05:49:53,20700,14.57,100.0,14.33,97.6,14,100,CLOSED,CLOSED,CLOSED,0,3,0,1,0
2026-05-03 05:50:53,20760,14.62,100.0,14.40,97.6,14,100,CLOSED,CLOSED,CLOSED,0,3,0,1,0
2026-05-03 05:51:53,20820,14.68,100.0,14.46,97.5,14,100,CLOSED,CLOSED,CLOSED,0,3,0,1,0
2026-05-03 05:52:53,20880,14.74,100.0,14.53,97.5,15,100,CLOSED,CLOSED,CLOSED,0,3,0,1,0
2026-05-03 05:53:53,20940,14.80,100.0,14.59,97.4,15,100,CLOSED,CLOSED,CLOSED,0,3,0,1,0
2026-05-03 05:54:53,21000,14.86,100.0,14.66,97.4,15,100,CLOSED,CLOSED,CLOSED,0,3,0,1,0
2026-05-03 05:55:53,21060,14.92,100.0,14.72,97.3,15,100,CLOSED,CLOSED,CLOSED,0,3,0,1,0
2026-05-03 05:56:53,21120,14.98,100.0,14.79,97.3,15,100,CLOSED,CLOSED,CLOSED,0,3,0,1,0
2026-05-03 05:57:53,21180,15.05,100.0,14.85,97.2,15,100,CLOSED,CLOSED,CLOSED,0,3,0,1,0
2026-05-03 05:58:53,21240,15.11,100.0,14.92,97.2,15,100,CLOSED,CLOSED,CLOSED,0,3,0,1,0
2026-05-03 05:59:53,21300,15.18,100.0,14.98,97.1,15,100,CLOSED,CLOSED,CLOSED,0,3,0,1,0
2026-05-03 06:00:53,21360,15.24,100.0,15.05,97.1,15,100,CLOSED,CLOSED,CLOSED,0,3,0,1,0
2026-05-03 06:01:53,21420,15.31,100.0,15.11,97.0,15,100,CLOSED,CLOSED,CLOSED,0,3,0,1,0
2026-05-03 06:02:53,21480,15.38,100.0,15.18,97.0,15,100,CLOSED,CLOSED,CLOSED,0,3,0,1,0
2026-05-03 06:03:53,21540,15.45,100.0,15.24,96.9,15,100,CLOSED,CLOSED,CLOSED,0,3,0,1,0
2026-05-03 06:04:53,21600,15.52,100.0,15.31,96.9,15,100,CLOSED,CLOSED,CLOSED,0,3,0,1,0
2026-05-03 06:05:53,21660,15.60,100.0,15.37,96.4,15,100,CLOSED,CLOSED,CLOSED,0,3,0,1,0
2026-05-03 06:06:53,21720,15.67,100.0,15.42,95.9,15,100,CLOSED,CLOSED,CLOSED,0,3,0,1,0
2026-05-03 06:07:53,21780,15.74,100.0,15.48,95.4,15,100,CLOSED,CLOSED,CLOSED,0,3,0,1,0
2026-05-03 06:08:53,21840,15.82,100.0,15.54,94.9,16,100,CLOSED,CLOSED,CLOSED,0,3,0,1,0
2026-05-03 06:09:53,21900,15.90,100.0,15.60,94.4,16,100,CLOSED,CLOSED,CLOSED,0,3,0,1,0
2026-05-03 06:10:53,21960,15.97,100.0,15.65,93.9,16,100,CLOSED,CLOSED,CLOSED,0,3,0,1,0
2026-05-03 06:11:53,22020,16.05,100.0,15.71,93.4,16,100,CLOSED,CLOSED,CLOSED,0,3,0,1,0
2026-05-03 06:12:53,22080,16.13,100.0,15.77,92.9,16,100,CLOSED,CLOSED,CLOSED,0,3,0,1,0
2026-05-03 06:13:53,22140,16.21,100.0,15.83,92.4,16,100,CLOSED,CLOSED,CLOSED,0,3,0,1,0
2026-05-03 06:14:53,22200,16.30,100.0,15.88,91.9,16,100,CLOSED,CLOSED,CLOSED,0,3,0,1,0
2026-05-03 06:15:53,22260,16.38,100.0,15.94,91.4,16,100,CLOSED,CLOSED,CLOSED,0,3,0,1,0
2026-05-03 06:16:53,22320,16.46,100.0,16.00,90.9,16,100,CLOSED,CLOSED,CLOSED,0,3,0,1,0
2026-05-03 06:17:53,22380,16.55,100.0,16.06,90.4,16,100,CLOSED,CLOSED,CLOSED,0,3,0,1,0
2026-05-03 06:18:53,22440,16.63,100.0,16.11,89.9,16,100,CLOSED,CLOSED,CLOSED,0,3,0,1,0
2026-05-03 06:19:53,22500,16.72,100.0,16.17,89.4,16,100,CLOSED,CLOSED,CLOSED,0,3,0,1,0
2026-05-03 06:20:53,22560,16.81,100.0,16.18,89.2,16,100,CLOSED,CLOSED,CLOSED,0,3,0,1,0
2026-05-03 06:21:53,22620,16.90,100.0,16.20,89.0,17,100,CLOSED,CLOSED,CLOSED,0,3,0,1,0
2026-05-03 06:22:53,22680,16.99,100.0,16.21,88.8,17,100,CLOSED,CLOSED,CLOSED,0,3,0,1,0
2026-05-03 06:23:53,22740,17.08,100.0,16.23,88.6,17,100,CLOSED,CLOSED,CLOSED,0,3,0,1,0
2026-05-03 06:24:53,22800,17.17,100.0,16.24,88.4,17,100,CLOSED,CLOSED,CLOSED,0,3,0,1,0
2026-05-03 06:25:53,22860,17.26,100.0,16.25,88.2,17,100,CLOSED,CLOSED,CLOSED,0,3,0,1,0
2026-05-03 06:26:53,22920,17.35,100.0,16.27,88.0,17,100,CLOSED,CLOSED,CLOSED,0,3,0,1,0
2026-05-03 06:27:53,22980,17.44,100.0,16.28,87.8,17,100,CLOSED,CLOSED,CLOSED,0,3,0,1,0
2026-05-03 06:28:53,23040,17.54,100.0,16.30,87.6,17,100,CLOSED,CLOSED,CLOSED,0,3,0,1,0
2026-05-03 06:29:53,23100,17.63,100.0,16.31,87.4,17,100,CLOSED,CLOSED,CLOSED,0,3,0,1,0
2026-05-03 06:30:53,23160,17.73,100.0,16.32,87.2,17,100,CLOSED,CLOSED,CLOSED,0,3,0,1,0
2026-05-03 06:31:53,23220,17.82,100.0,16.34,87.0,17,100,CLOSED,CLOSED,CLOSED,0,3,0,1,0
2026-05-03 06:32:53,23280,17.92,100.0,16.35,86.8,18,100,CLOSED,CLOSED,CLOSED,0,3,0,1,0
2026-05-03 06:33:53,23340,18.01,100.0,16.36,86.6,18,100,CLOSED,CLOSED,CLOSED,0,3,0,1,0
2026-05-03 06:34:53,23400,18.11,100.0,16.38,86.4,18,100,CLOSED,CLOSED,CLOSED,0,3,0,1,0
2026-05-03 06:35:53,23460,18.21,100.0,16.38,86.3,18,100,CLOSED,CLOSED,CLOSED,0,3,0,1,0
2026-05-03 06:36:53,23520,18.31,100.0,16.37,86.3,18,100,CLOSED,CLOSED,CLOSED,0,3,0,1,0
2026-05-03 06:37:53,23580,18.41,100.0,16.37,86.2,18,100,CLOSED,CLOSED,CLOSED,0,3,0,1,0
2026-05-03 06:38:53,23640,18.50,100.0,16.36,86.1,18,100,CLOSED,CLOSED,CLOSED,0,3,0,1,0
2026-05-03 06:39:53,23700,18.60,100.0,16.36,86.0,18,100,CLOSED,CLOSED,CLOSED,0,3,0,1,0
2026-05-03 06:40:53,23760,18.70,100.0,16.36,86.0,18,100,CLOSED,CLOSED,CLOSED,0,3,0,1,0
2026-05-03 06:41:53,23820,18.81,100.0,16.35,85.9,18,100,CLOSED,CLOSED,CLOSED,0,3,0,1,0
2026-05-03 06:42:53,23880,18.91,100.0,16.35,85.8,19,100,CLOSED,CLOSED,CLOSED,0,3,0,1,0
2026-05-03 06:43:53,23940,19.01,100.0,16.34,85.7,19,100,CLOSED,CLOSED,CLOSED,0,3,0,1,0
2026-05-03 06:44:53,24000,19.11,100.0,16.34,85.7,19,100,CLOSED,CLOSED,CLOSED,0,3,0,1,0
2026-05-03 06:45:53,24060,19.22,100.0,16.34,85.6,19,100,CLOSED,CLOSED,CLOSED,0,3,0,1,0
2026-05-03 06:46:53,24120,19.32,100.0,16.33,85.5,19,100,CLOSED,CLOSED,CLOSED,0,3,0,1,0
2026-05-03 06:47:53,24180,19.42,100.0,16.33,85.4,19,100,CLOSED,CLOSED,CLOSED,0,3,0,1,0
2026-05-03 06:48:53,24240,19.53,100.0,16.32,85.4,19,100,CLOSED,CLOSED,CLOSED,0,3,0,1,0
2026-05-03 06:49:53,24300,19.63,100.0,16.32,85.3,19,100,CLOSED,CLOSED,CLOSED,0,3,0,1,0
2026-05-03 06:50:53,24360,19.74,100.0,16.38,85.3,19,100,CLOSED,CLOSED,CLOSED,0,3,0,1,0
2026-05-03 06:51:53,24420,19.85,100.0,16.43,85.4,19,100,CLOSED,CLOSED,CLOSED,0,3,0,1,0
2026-05-03 06:52:53,24480,19.95,100.0,16.49,85.4,20,100,CLOSED,CLOSED,CLOSED,0,3,0,1,0
2026-05-03 06:53:53,24540,20.06,100.0,16.54,85.5,20,100,CLOSED,CLOSED,CLOSED,0,3,0,1,0
2026-05-03 06:54:53,24600,20.17,100.0,16.60,85.5,20,100,CLOSED,CLOSED,CLOSED,0,3,0,1,0
2026-05-03 06:55:53,24660,20.28,100.0,16.65,85.6,20,100,CLOSED,CLOSED,CLOSED,0,3,0,1,0
2026-05-03 06:56:53,24720,20.40,100.0,16.71,85.6,20,100,CLOSED,CLOSED,CLOSED,0,3,0,1,0
2026-05-03 06:57:53,24780,20.51,100.0,16.76,85.7,20,100,CLOSED,CLOSED,CLOSED,0,3,0,1,0
2026-05-03 06:58:53,24840,20.62,100.0,16.82,85.7,20,100,CLOSED,CLOSED,CLOSED,0,3,0,1,0
2026-05-03 06:59:53,24900,20.74,100.0,16.87,85.8,20,100,CLOSED,CLOSED,CLOSED,0,3,0,1,0
2026-05-03 07:00:53,24960,20.85,100.0,16.93,85.8,20,100,CLOSED,CLOSED,CLOSED,0,3,0,1,0
2026-05-03 07:01:53,25020,20.97,100.0,16.98,85.9,21,100,CLOSED,CLOSED,CLOSED,0,3,0,1,0
2026-05-03 07:02:53,25080,21.09,100.0,17.04,85.9,21,100,CLOSED,CLOSED,CLOSED,0,3,0,1,0
2026-05-03 07:03:53,25140,21.21,100.0,17.09,86.0,21,100,CLOSED,CLOSED,CLOSED,0,3,0,1,0
2026-05-03 07:04:53,25200,21.33,100.0,17.15,86.0,21,100,CLOSED,CLOSED,CLOSED,0,3,0,1,0
2026-05-03 07:05:53,25260,21.45,100.0,17.19,85.6,21,100,CLOSED,CLOSED,CLOSED,0,3,0,1,0
2026-05-03 07:06:53,25320,21.57,100.0,17.24,85.3,21,100,CLOSED,CLOSED,CLOSED,0,3,0,1,0
2026-05-03 07:07:53,25380,21.69,100.0,17.28,84.9,21,100,CLOSED,CLOSED,CLOSED,0,3,0,1,0
2026-05-03 07:08:53,25440,21.82,100.0,17.32,84.5,21,100,CLOSED,CLOSED,CLOSED,0,3,0,1,0
2026-05-03 07:09:53,25500,21.94,100.0,17.36,84.1,21,100,CLOSED,CLOSED,CLOSED,0,3,0,1,0
2026-05-03 07:10:53,25560,22.07,100.0,17.41,83.8,22,100,CLOSED,CLOSED,CLOSED,0,3,0,1,0
2026-05-03 07:11:53,25620,22.19,100.0,17.45,83.4,22,100,CLOSED,CLOSED,CLOSED,0,3,0,1,0
2026-05-03 07:12:53,25680,22.32,100.0,17.49,83.0,22,100,CLOSED,CLOSED,CLOSED,0,3,0,1,0
2026-05-03 07:13:53,25740,22.45,100.0,17.54,82.7,22,100,CLOSED,CLOSED,CLOSED,0,3,0,1,0
2026-05-03 07:14:53,25800,22.57,100.0,17.58,82.3,22,100,CLOSED,CLOSED,CLOSED,0,3,0,1,0
2026-05-03 07:15:53,25860,22.70,100.0,17.62,81.9,22,100,CLOSED,CLOSED,CLOSED,0,3,0,1,0
2026-05-03 07:16:53,25920,22.83,100.0,17.67,81.6,22,100,CLOSED,CLOSED,CLOSED,0,3,0,1,0
2026-05-03 07:17:53,25980,22.96,100.0,17.71,81.2,22,100,CLOSED,CLOSED,CLOSED,0,3,0,1,0
2026-05-03 07:18:53,26040,23.10,100.0,17.75,80.8,23,100,CLOSED,CLOSED,CLOSED,0,3,0,1,0
2026-05-03 07:19:53,26100,23.23,100.0,17.79,80.4,23,100,CLOSED,CLOSED,CLOSED,0,3,0,1,0
2026-05-03 07:20:53,26160,23.36,100.0,17.82,80.3,23,100,CLOSED,CLOSED,CLOSED,0,3,0,1,0
2026-05-03 07:21:53,26220,23.50,100.0,17.84,80.3,23,100,CLOSED,CLOSED,CLOSED,0,3,0,1,0
2026-05-03 07:22:53,26280,23.63,100.0,17.87,80.2,23,100,CLOSED,CLOSED,CLOSED,0,3,0,1,0
2026-05-03 07:23:53,26340,23.77,100.0,17.89,80.1,23,100,CLOSED,CLOSED,CLOSED,0,3,0,1,0
2026-05-03 07:24:53,26400,23.90,100.0,17.91,80.0,23,100,CLOSED,CLOSED,CLOSED,0,3,0,1,0
2026-05-03 07:25:53,26460,24.04,100.0,17.94,79.9,23,100,CLOSED,CLOSED,CLOSED,0,3,0,1,0
2026-05-03 07:26:53,26520,24.17,100.0,17.96,79.9,24,100,CLOSED,CLOSED,CLOSED,0,3,0,1,0
2026-05-03 07:27:53,26580,24.31,100.0,17.98,79.8,24,100,CLOSED,CLOSED,CLOSED,0,3,0,1,0
2026-05-03 07:28:53,26640,24.45,100.0,18.01,79.7,24,100,CLOSED,CLOSED,CLOSED,0,3,0,1,0
2026-05-03 07:29:53,26700,24.59,100.0,18.03,79.6,24,100,CLOSED,CLOSED,CLOSED,0,3,0,1,0
2026-05-03 07:30:53,26760,24.73,100.0,18.05,79.6,24,100,CLOSED,CLOSED,CLOSED,0,3,0,1,0
2026-05-03 07:31:53,26820,24.87,100.0,18.07,79.5,24,100,CLOSED,CLOSED,CLOSED,0,3,0,1,0
2026-05-03 07:32:53,26880,25.01,100.0,18.10,79.4,24,100,CLOSED,CLOSED,CLOSED,0,3,0,1,0
2026-05-03 07:33:53,26940,25.15,100.0,18.12,79.3,25,100,CLOSED,CLOSED,CLOSED,0,3,0,1,0
2026-05-03 07:34:53,27000,25.29,100.0,18.14,79.3,25,100,CLOSED,CLOSED,CLOSED,0,3,0,1,0
2026-05-03 07:35:53,27060,25.43,100.0,18.17,79.2,25,100,CLOSED,CLOSED,CLOSED,0,3,0,1,0
2026-05-03 07:36:53,27120,25.58,100.0,18.19,79.1,25,100,CLOSED,CLOSED,CLOSED,0,3,0,1,0
2026-05-03 07:37:53,27180,25.72,100.0,18.21,79.0,25,100,CLOSED,CLOSED,CLOSED,0,3,0,1,0
2026-05-03 07:38:53,27240,25.86,100.0,18.24,78.9,25,100,CLOSED,CLOSED,CLOSED,0,3,0,1,0
2026-05-03 07:39:53,27300,26.01,100.0,18.26,78.9,25,100,CLOSED,CLOSED,CLOSED,0,3,0,1,0
2026-05-03 07:40:53,27360,26.15,100.0,18.28,78.8,26,100,CLOSED,CLOSED,CLOSED,0,3,0,1,0
2026-05-03 07:41:53,27420,26.30,99.8,18.31,78.7,26,100,CLOSED,CLOSED,CLOSED,0,3,0,1,0
2026-05-03 07:42:53,27480,26.44,98.9,18.33,78.6,26,100,CLOSED,CLOSED,CLOSED,0,3,0,1,0
2026-05-03 07:43:53,27540,26.59,98.1,18.35,78.6,26,100,CLOSED,CLOSED,CLOSED,0,3,0,1,0
2026-05-03 07:44:53,27600,26.74,97.2,18.37,78.5,26,100,CLOSED,CLOSED,CLOSED,0,3,0,1,0
2026-05-03 07:45:53,27660,26.89,96.4,18.40,78.4,26,99,CLOSED,CLOSED,CLOSED,0,3,0,1,0
2026-05-03 07:46:53,27720,27.04,95.5,18.42,78.3,26,99,CLOSED,CLOSED,CLOSED,0,3,0,1,0
2026-05-03 07:47:53,27780,27.18,94.7,18.44,78.3,27,99,CLOSED,CLOSED,CLOSED,0,3,0,1,0
2026-05-03 07:48:53,27840,27.33,93.9,18.47,78.2,27,98,CLOSED,CLOSED,CLOSED,0,3,0,1,0
2026-05-03 07:49:53,27900,27.48,93.0,18.49,78.1,27,98,CLOSED,CLOSED,CLOSED,0,3,0,1,0
2026-05-03 07:50:53,27960,27.63,92.2,18.49,78.1,27,97,CLOSED,CLOSED,CLOSED,0,3,0,1,0
2026-05-03 07:51:53,28020,27.78,91.4,18.49,78.2,27,97,CLOSED,CLOSED,CLOSED,0,3,0,1,0
2026-05-03 07:52:53,28080,27.94,90.6,18.48,78.2,27,96,CLOSED,CLOSED,CLOSED,0,3,0,1,0
2026-05-03 07:53:53,28140,28.09,89.8,18.48,78.3,27,95,CLOSED,CLOSED,CLOSED,0,3,0,1,0
2026-05-03 07:54:53,28200,28.24,89.0,18.48,78.3,28,94,CLOSED,CLOSED,CLOSED,0,3,0,1,0
2026-05-03 07:55:53,28260,28.39,88.2,18.48,78.4,28,94,CLOSED,CLOSED,CLOSED,0,3,0,1,0
2026-05-03 07:56:53,28320,28.54,87.4,18.48,78.4,28,93,CLOSED,CLOSED,CLOSED,0,3,0,1,0
2026-05-03 07:57:53,28380,28.70,86.6,18.47,78.5,28,92,CLOSED,CLOSED,CLOSED,0,3,0,1,0
2026-05-03 07:58:53,28440,28.85,85.8,18.47,78.5,28,91,CLOSED,CLOSED,CLOSED,0,3,0,1,0
2026-05-03 07:59:53,28500,29.00,85.1,18.47,78.6,28,90,CLOSED,CLOSED,CLOSED,0,3,0,1,0
2026-05-03 08:00:53,28560,29.16,84.3,18.47,78.6,29,89,MOVING_OPEN,MOVING_OPEN,MOVING_OPEN,1,3,3,1,0
2026-05-03 08:01:53,28620,29.26,83.6,18.47,78.7,29,89,OPEN,OPEN,MOVING_OPEN,1,3,3,1,0
2026-05-03 08:02:53,28680,29.35,82.9,18.46,78.7,29,88,OPEN,OPEN,MOVING_OPEN,1,3,3,1,0
2026-05-03 08:03:53,28740,29.41,82.3,18.46,78.8,29,87,OPEN,OPEN,OPEN,1,3,3,1,0
2026-05-03 08:04:53,28800,29.32,81.8,18.46,78.8,29,86,OPEN,OPEN,OPEN,1,3,3,1,0
2026-05-03 08:05:53,28860,29.24,81.3,18.49,78.6,29,86,OPEN,OPEN,OPEN,1,3,3,1,0
2026-05-03 08:06:53,28920,29.16,80.8,18.52,78.5,29,85,OPEN,OPEN,OPEN,1,3,3,1,0
2026-05-03 08:07:53,28980,29.09,80.3,18.55,78.3,29,84,OPEN,OPEN,OPEN,1,3,3,1,0
2026-05-03 08:08:53,29040,29.02,79.9,18.57,78.2,29,83,OPEN,OPEN,OPEN,1,2,2,1,0
2026-05-03 08:09:53,29100,28.96,79.4,18.60,78.0,29,83,OPEN,OPEN,OPEN,1,2,2,1,0
2026-05-03 08:10:53,29160,28.90,78.9,18.63,77.9,29,82,OPEN,OPEN,OPEN,1,2,2,1,0
2026-05-03 08:11:53,29220,28.84,78.4,18.66,77.7,29,82,OPEN,OPEN,OPEN,1,2,2,1,0
2026-05-03 08:12:53,29280,28.79,77.9,18.69,77.6,29,81,OPEN,OPEN,OPEN,1,2,2,1,0
2026-05-03 08:13:53,29340,28.75,77.4,18.72,77.4,29,81,OPEN,OPEN,OPEN,1,2,2,1,0
2026-05-03 08:14:53,29400,28.70,76.9,18.75,77.3,29,80,OPEN,OPEN,OPEN,1,2,2,1,0
2026-05-03 08:15:53,29460,28.66,76.4,18.78,77.1,29,80,OPEN,OPEN,OPEN,1,2,2,1,0
2026-05-03 08:16:53,29520,28.65,75.9,18.80,77.0,29,79,OPEN,CLOSED,OPEN,1,1,1,1,0
2026-05-03 08:17:53,29580,28.65,75.3,18.83,76.8,29,79,OPEN,CLOSED,OPEN,1,1,1,1,0
2026-05-03 08:18:53,29640,28.65,74.8,18.86,76.7,29,78,OPEN,CLOSED,OPEN,1,1,1,1,0
2026-05-03 08:19:53,29700,28.65,74.3,18.89,76.5,29,78,OPEN,CLOSED,OPEN,1,1,1,1,0
2026-05-03 08:20:53,29760,28.65,73.8,18.92,76.5,29,77,OPEN,CLOSED,OPEN,1,1,1,1,0
2026-05-03 08:21:53,29820,28.66,73.3,18.95,76.5,29,77,OPEN,CLOSED,OPEN,1,1,1,1,0
2026-05-03 08:22:53,29880,28.67,72.8,18.99,76.5,29,76,OPEN,CLOSED,OPEN,1,1,1,1,0
2026-05-03 08:23:53,29940,28.68,72.3,19.02,76.4,29,76,OPEN,CLOSED,OPEN,1,1,1,1,0
2026-05-03 08:24:53,30000,28.70,71.8,19.05,76.4,29,75,OPEN,CLOSED,OPEN,1,-1,1,1,0
2026-05-03 08:25:53,30060,28.71,71.3,19.08,76.4,29,75,OPEN,CLOSED,OPEN,1,-1,1,1,0
2026-05-03 08:26:53,30120,28.73,70.8,19.11,76.4,29,74,OPEN,CLOSED,OPEN,1,-1,1,1,0
2026-05-03 08:27:53,30180,28.75,70.4,19.14,76.4,29,74,OPEN,CLOSED,OPEN,1,-1,1,1,0
2026-05-03 08:28:53,30240,28.77,69.9,19.18,76.4,29,73,OPEN,CLOSED,MOVING_CLOSE,1,-1,1,1,0
2026-05-03 08:29:53,30300,28.95,69.2,19.21,76.4,29,73,OPEN,CLOSED,MOVING_CLOSE,1,-1,1,1,0
2026-05-03 08:30:53,30360,29.12,68.6,19.24,76.4,29,72,OPEN,CLOSED,MOVING_CLOSE,1,-1,1,1,0
2026-05-03 08:31:53,30420,29.30,67.9,19.27,76.3,29,72,OPEN,CLOSED,CLOSED,1,-1,1,1,0
2026-05-03 08:32:53,30480,29.47,67.3,19.30,76.3,29,71,OPEN,CLOSED,CLOSED,1,-1,1,1,0
2026-05-03 08:33:53,30540,29.65,66.7,19.33,76.3,29,71,OPEN,CLOSED,CLOSED,1,-1,1,1,0
2026-05-03 08:34:53,30600,29.82,66.0,19.37,76.3,29,70,OPEN,CLOSED,CLOSED,1,-1,1,1,0
2026-05-03 08:35:53,30660,30.00,65.4,19.40,76.3,29,69,OPEN,CLOSED,CLOSED,1,-1,1,1,0
2026-05-03 08:36:53,30720,30.17,64.8,19.43,76.3,30,69,OPEN,MOVING_OPEN,CLOSED,2,-1,2,1,0
2026-05-03 08:37:53,30780,30.33,64.2,19.46,76.3,30,68,OPEN,OPEN,CLOSED,2,-1,2,1,0
2026-05-03 08:38:53,30840,30.47,63.7,19.49,76.2,30,67,OPEN,OPEN,CLOSED,2,-1,2,1,0
2026-05-03 08:39:53,30900,30.61,63.1,19.52,76.2,30,67,OPEN,OPEN,CLOSED,2,-1,2,1,0
2026-05-03 08:40:53,30960,30.75,62.6,19.56,76.2,30,66,OPEN,OPEN,CLOSED,2,-1,2,1,0
2026-05-03 08:41:53,31020,30.89,62.1,19.59,76.2,30,66,OPEN,OPEN,CLOSED,2,-1,2,1,0
2026-05-03 08:42:53,31080,31.03,61.6,19.62,76.2,31,65,OPEN,OPEN,MOVING_OPEN,3,-1,3,1,0
2026-05-03 08:43:53,31140,31.17,61.0,19.65,76.2,31,65,OPEN,OPEN,MOVING_OPEN,3,-1,3,1,0
2026-05-03 08:44:53,31200,31.31,60.5,19.68,76.2,31,64,OPEN,OPEN,MOVING_OPEN,3,-1,3,1,0
2026-05-03 08:45:53,31260,31.42,60.1,19.71,76.2,31,64,OPEN,OPEN,OPEN,3,-1,3,1,0
2026-05-03 08:46:53,31320,31.37,59.9,19.75,76.1,31,63,OPEN,OPEN,OPEN,3,-1,3,1,0
2026-05-03 08:47:53,31380,31.33,59.7,19.78,76.1,31,63,OPEN,OPEN,OPEN,3,-1,3,1,0
2026-05-03 08:48:53,31440,31.29,59.5,19.81,76.1,31,62,OPEN,OPEN,OPEN,3,-1,3,1,0
2026-05-03 08:49:53,31500,31.26,59.3,19.84,76.1,31,62,OPEN,OPEN,OPEN,3,-1,3,1,0
2026-05-03 08:50:53,31560,31.23,59.1,19.87,76.1,31,61,OPEN,OPEN,OPEN,3,-1,3,1,0
2026-05-03 08:51:53,31620,31.20,58.9,19.90,76.1,31,61,OPEN,OPEN,OPEN,3,-1,3,1,0
2026-05-03 08:52:53,31680,31.17,58.7,19.92,76.1,31,60,OPEN,OPEN,OPEN,3,-1,3,1,0
2026-05-03 08:53:53,31740,31.15,58.4,19.95,76.2,31,60,OPEN,OPEN,OPEN,3,-1,3,1,0
2026-05-03 08:54:53,31800,31.13,58.2,19.98,76.2,31,60,OPEN,OPEN,OPEN,3,-1,3,1,0
2026-05-03 08:55:53,31860,31.12,58.0,20.01,76.2,31,60,OPEN,OPEN,OPEN,3,-1,3,1,0
2026-05-03 08:56:53,31920,31.10,57.8,20.04,76.2,31,59,OPEN,OPEN,OPEN,3,-1,3,1,0
2026-05-03 08:57:53,31980,31.09,57.6,20.06,76.2,31,59,OPEN,OPEN,OPEN,3,-1,3,1,0
2026-05-03 08:58:53,32040,31.08,57.4,20.09,76.2,31,59,OPEN,OPEN,OPEN,3,-1,3,1,0
2026-05-03 08:59:53,32100,31.08,57.2,20.12,76.2,31,59,OPEN,OPEN,OPEN,3,-1,3,1,0
2026-05-03 09:00:53,32160,31.08,57.0,20.15,76.2,31,58,OPEN,OPEN,OPEN,3,-1,3,1,0
2026-05-03 09:01:53,32220,31.08,56.8,20.18,76.3,31,58,OPEN,OPEN,OPEN,3,-1,3,1,0
2026-05-03 09:02:53,32280,31.08,56.6,20.20,76.3,31,58,OPEN,OPEN,OPEN,3,-1,3,1,0
2026-05-03 09:03:53,32340,31.08,56.4,20.23,76.3,31,58,OPEN,OPEN,OPEN,3,-1,3,1,0
2026-05-03 09:04:53,32400,31.09,56.2,20.26,76.3,31,57,OPEN,OPEN,OPEN,3,-1,3,1,0
2026-05-03 09:05:53,32460,31.09,56.0,20.25,76.2,31,57,OPEN,OPEN,OPEN,3,-1,3,1,0
2026-05-03 09:06:53,32520,31.10,55.8,20.25,76.2,31,57,OPEN,OPEN,OPEN,3,-1,3,1,0
2026-05-03 09:07:53,32580,31.11,55.6,20.24,76.1,31,57,OPEN,OPEN,OPEN,3,-1,3,1,0
2026-05-03 09:08:53,32640,31.12,55.4,20.24,76.0,31,57,OPEN,OPEN,OPEN,3,-1,3,1,0
2026-05-03 09:09:53,32700,31.13,55.2,20.23,76.0,31,57,OPEN,OPEN,OPEN,3,-1,3,1,0
2026-05-03 09:10:53,32760,31.14,55.0,20.22,75.9,31,56,OPEN,OPEN,OPEN,3,-1,3,1,0
2026-05-03 09:11:53,32820,31.16,54.8,20.22,75.8,31,56,OPEN,OPEN,OPEN,3,-1,3,1,0
2026-05-03 09:12:53,32880,31.17,54.6,20.21,75.8,31,56,OPEN,OPEN,OPEN,3,-1,3,1,0
2026-05-03 09:13:53,32940,31.18,54.4,20.21,75.7,31,56,OPEN,OPEN,OPEN,3,-1,3,1,0
2026-05-03 09:14:53,33000,31.20,54.3,20.20,75.6,31,55,OPEN,OPEN,OPEN,3,-1,3,1,0
2026-05-03 09:15:53,33060,31.21,54.1,20.19,75.6,31,55,OPEN,OPEN,OPEN,3,-1,3,1,0
2026-05-03 09:16:53,33120,31.23,53.9,20.19,75.5,31,55,OPEN,OPEN,OPEN,3,-1,3,1,0
2026-05-03 09:17:53,33180,31.24,53.7,20.18,75.4,31,55,OPEN,OPEN,OPEN,3,-1,3,1,0
2026-05-03 09:18:53,33240,31.26,53.5,20.18,75.4,31,55,OPEN,OPEN,OPEN,3,-1,3,1,0
2026-05-03 09:19:53,33300,31.28,53.3,20.17,75.3,31,55,OPEN,OPEN,OPEN,3,-1,3,1,0
2026-05-03 09:20:53,33360,31.30,53.1,20.17,75.3,31,54,OPEN,OPEN,OPEN,3,-1,3,1,0
2026-05-03 09:21:53,33420,31.32,53.0,20.17,75.3,31,54,OPEN,OPEN,OPEN,3,-1,3,1,0
2026-05-03 09:22:53,33480,31.34,52.8,20.17,75.3,31,54,OPEN,OPEN,OPEN,3,-1,3,1,0
2026-05-03 09:23:53,33540,31.36,52.6,20.17,75.4,31,54,OPEN,OPEN,OPEN,3,-1,3,1,0
2026-05-03 09:24:53,33600,31.38,52.4,20.17,75.4,31,54,OPEN,OPEN,OPEN,3,-1,3,1,0
2026-05-03 09:25:53,33660,31.40,52.2,20.17,75.4,31,53,OPEN,OPEN,OPEN,3,-1,3,1,0
2026-05-03 09:26:53,33720,31.42,52.1,20.17,75.4,31,53,OPEN,OPEN,OPEN,3,-1,3,1,0
2026-05-03 09:27:53,33780,31.45,51.9,20.17,75.4,31,53,OPEN,OPEN,OPEN,3,-1,3,1,0
2026-05-03 09:28:53,33840,31.47,51.7,20.17,75.4,31,53,OPEN,OPEN,OPEN,3,-1,3,1,0
2026-05-03 09:29:53,33900,31.49,51.6,20.17,75.4,31,53,OPEN,OPEN,OPEN,3,-1,3,1,0
2026-05-03 09:30:53,33960,31.52,51.4,20.17,75.4,31,52,OPEN,OPEN,OPEN,3,-1,3,1,0
2026-05-03 09:31:53,34020,31.54,51.2,20.17,75.5,31,52,OPEN,OPEN,OPEN,3,-1,3,1,0
2026-05-03 09:32:53,34080,31.57,51.1,20.17,75.5,31,52,OPEN,OPEN,OPEN,3,-1,3,1,0
2026-05-03 09:33:53,34140,31.59,50.9,20.17,75.5,31,52,OPEN,OPEN,OPEN,3,-1,3,1,0
2026-05-03 09:34:53,34200,31.62,50.8,20.17,75.5,32,52,OPEN,OPEN,OPEN,3,-1,3,1,0
2026-05-03 09:35:53,34260,31.65,50.6,20.18,75.5,32,52,OPEN,OPEN,OPEN,3,-1,3,1,0
2026-05-03 09:36:53,34320,31.67,50.5,20.18,75.5,32,51,OPEN,OPEN,OPEN,3,-1,3,1,0
2026-05-03 09:37:53,34380,31.70,50.3,20.18,75.5,32,51,OPEN,OPEN,OPEN,3,-1,3,1,0
2026-05-03 09:38:53,34440,31.73,50.2,20.18,75.6,32,51,OPEN,OPEN,OPEN,3,-1,3,1,0
2026-05-03 09:39:53,34500,31.76,50.0,20.18,75.6,32,51,OPEN,OPEN,OPEN,3,-1,3,1,0
2026-05-03 09:40:53,34560,31.79,49.9,20.18,75.6,32,51,OPEN,OPEN,OPEN,3,-1,3,1,0
2026-05-03 09:41:53,34620,31.81,49.7,20.18,75.6,32,51,OPEN,OPEN,OPEN,3,-1,3,1,0
2026-05-03 09:42:53,34680,31.84,49.6,20.18,75.6,32,51,OPEN,OPEN,OPEN,3,-1,3,1,0
2026-05-03 09:43:53,34740,31.87,49.4,20.18,75.6,32,50,OPEN,OPEN,OPEN,3,-1,3,1,0
2026-05-03 09:44:53,34800,31.90,49.3,20.18,75.6,32,50,OPEN,OPEN,OPEN,3,-1,3,1,0
2026-05-03 09:45:53,34860,31.93,49.2,20.18,75.6,32,50,OPEN,OPEN,OPEN,3,-1,3,1,0
2026-05-03 09:46:53,34920,31.96,49.0,20.18,75.7,32,50,OPEN,OPEN,OPEN,3,-1,3,1,0
2026-05-03 09:47:53,34980,31.99,48.9,20.18,75.7,32,50,OPEN,OPEN,OPEN,3,-1,3,1,0
2026-05-03 09:48:53,35040,32.02,48.7,20.18,75.7,32,50,OPEN,OPEN,OPEN,3,-1,3,1,0
2026-05-03 09:49:53,35100,32.05,48.6,20.18,75.7,32,50,OPEN,OPEN,OPEN,3,-1,3,1,0
2026-05-03 09:50:53,35160,32.08,48.5,20.18,75.7,32,49,OPEN,OPEN,OPEN,3,0,3,1,0
2026-05-03 09:51:53,35220,32.11,48.4,20.18,75.7,32,49,OPEN,OPEN,OPEN,3,0,3,1,0
2026-05-03 09:52:53,35280,32.14,48.2,20.18,75.7,32,49,OPEN,OPEN,OPEN,3,0,3,1,0
2026-05-03 09:53:53,35340,32.17,48.1,20.18,75.6,32,49,OPEN,OPEN,OPEN,3,0,3,1,0
2026-05-03 09:54:53,35400,32.20,48.0,20.18,75.6,32,49,OPEN,OPEN,OPEN,3,0,3,1,0
2026-05-03 09:55:53,35460,32.24,47.8,20.18,75.6,32,49,OPEN,OPEN,OPEN,3,0,3,1,0
2026-05-03 09:56:53,35520,32.27,47.7,20.18,75.6,32,49,OPEN,OPEN,OPEN,3,0,3,1,0
2026-05-03 09:57:53,35580,32.30,47.6,20.18,75.6,32,48,OPEN,OPEN,OPEN,3,0,3,1,0
2026-05-03 09:58:53,35640,32.33,47.5,20.18,75.6,32,48,OPEN,OPEN,OPEN,3,0,3,1,0
2026-05-03 09:59:53,35700,32.36,47.3,20.18,75.6,32,48,OPEN,OPEN,OPEN,3,0,3,1,0
2026-05-03 10:00:53,35760,32.39,47.2,20.18,75.6,32,48,OPEN,OPEN,OPEN,3,0,3,1,0
2026-05-03 10:01:53,35820,32.42,47.1,20.18,75.5,32,48,OPEN,OPEN,OPEN,3,0,3,1,0
2026-05-03 10:02:53,35880,32.45,47.0,20.18,75.5,32,48,OPEN,OPEN,OPEN,3,0,3,1,0
2026-05-03 10:03:53,35940,32.49,46.9,20.18,75.5,32,48,OPEN,OPEN,OPEN,3,0,3,1,0
2026-05-03 10:04:53,36000,32.52,46.8,20.18,75.5,32,48,OPEN,OPEN,OPEN,3,0,3,1,0
2026-05-03 10:05:53,36060,32.55,46.6,20.18,75.4,32,47,OPEN,OPEN,OPEN,3,0,3,1,0
2026-05-03 10:06:53,36120,32.58,46.5,20.18,75.3,32,47,OPEN,OPEN,OPEN,3,0,3,1,0
2026-05-03 10:07:53,36180,32.61,46.4,20.19,75.2,32,47,OPEN,OPEN,OPEN,3,0,3,1,0
2026-05-03 10:08:53,36240,32.64,46.3,20.19,75.0,33,47,OPEN,OPEN,OPEN,3,0,3,1,0
2026-05-03 10:09:53,36300,32.67,46.2,20.19,74.9,33,47,OPEN,OPEN,OPEN,3,0,3,1,0
2026-05-03 10:10:53,36360,32.71,46.0,20.19,74.8,33,47,OPEN,OPEN,OPEN,3,0,3,1,0
2026-05-03 10:11:53,36420,32.74,45.9,20.19,74.7,33,47,OPEN,OPEN,OPEN,3,0,3,1,0
2026-05-03 10:12:53,36480,32.77,45.8,20.19,74.6,33,47,OPEN,OPEN,OPEN,3,0,3,1,0
2026-05-03 10:13:53,36540,32.80,45.7,20.20,74.5,33,46,OPEN,OPEN,OPEN,3,0,3,1,0
2026-05-03 10:14:53,36600,32.83,45.6,20.20,74.3,33,46,OPEN,OPEN,OPEN,3,0,3,1,0
2026-05-03 10:15:53,36660,32.86,45.5,20.20,74.2,33,46,OPEN,OPEN,OPEN,3,0,3,1,0
2026-05-03 10:16:53,36720,32.89,45.3,20.20,74.1,33,46,OPEN,OPEN,OPEN,3,0,3,1,0
2026-05-03 10:17:53,36780,32.92,45.2,20.20,74.0,33,46,OPEN,OPEN,OPEN,3,0,3,1,0
2026-05-03 10:18:53,36840,32.96,45.1,20.21,73.9,33,46,OPEN,OPEN,OPEN,3,0,3,1,0
2026-05-03 10:19:53,36900,32.99,45.0,20.21,73.8,33,46,OPEN,OPEN,OPEN,3,0,3,1,0
2026-05-03 10:20:53,36960,33.02,44.9,20.21,73.7,33,46,OPEN,OPEN,OPEN,3,0,3,1,0
2026-05-03 10:21:53,37020,33.05,44.7,20.21,73.5,33,46,OPEN,OPEN,OPEN,3,0,3,1,0
2026-05-03 10:22:53,37080,33.08,44.6,20.21,73.4,33,45,OPEN,OPEN,OPEN,3,0,3,1,0
2026-05-03 10:23:53,37140,33.11,44.5,20.21,73.3,33,45,OPEN,OPEN,OPEN,3,0,3,1,0
2026-05-03 10:24:53,37200,33.14,44.4,20.22,73.2,33,45,OPEN,OPEN,OPEN,3,0,3,1,0
2026-05-03 10:25:53,37260,33.17,44.3,20.22,73.1,33,45,OPEN,OPEN,OPEN,3,0,3,1,0
2026-05-03 10:26:53,37320,33.20,44.2,20.22,73.0,33,45,OPEN,OPEN,OPEN,3,0,3,1,0
2026-05-03 10:27:53,37380,33.23,44.0,20.22,72.9,33,45,OPEN,OPEN,OPEN,3,0,3,1,0
2026-05-03 10:28:53,37440,33.26,43.9,20.22,72.7,33,45,OPEN,OPEN,OPEN,3,0,3,1,0
2026-05-03 10:29:53,37500,33.29,43.8,20.23,72.6,33,45,OPEN,OPEN,OPEN,3,0,3,1,0
2026-05-03 10:30:53,37560,33.32,43.7,20.23,72.5,33,44,OPEN,OPEN,OPEN,3,0,3,1,0
2026-05-03 10:31:53,37620,33.35,43.6,20.23,72.4,33,44,OPEN,OPEN,OPEN,3,0,3,1,0
2026-05-03 10:32:53,37680,33.38,43.5,20.23,72.3,33,44,OPEN,OPEN,OPEN,3,0,3,1,0
2026-05-03 10:33:53,37740,33.41,43.4,20.23,72.2,33,44,OPEN,OPEN,OPEN,3,0,3,1,0
2026-05-03 10:34:53,37800,33.44,43.2,20.24,72.0,33,44,OPEN,OPEN,OPEN,3,0,3,1,0
2026-05-03 10:35:53,37860,33.47,43.1,20.24,71.9,33,44,OPEN,OPEN,OPEN,3,0,3,1,0
2026-05-03 10:36:53,37920,33.50,43.0,20.24,71.8,33,44,OPEN,OPEN,OPEN,3,0,3,1,0
2026-05-03 10:37:53,37980,33.52,42.9,20.24,71.7,33,44,OPEN,OPEN,OPEN,3,0,3,1,0
2026-05-03 10:38:53,38040,33.55,42.8,20.24,71.6,33,44,OPEN,OPEN,OPEN,3,0,3,1,0
2026-05-03 10:39:53,38100,33.58,42.7,20.24,71.5,33,43,OPEN,OPEN,OPEN,3,0,3,1,0
2026-05-03 10:40:53,38160,33.61,42.6,20.25,71.4,34,43,OPEN,OPEN,OPEN,3,0,3,1,0
2026-05-03 10:41:53,38220,33.64,42.5,20.25,71.2,34,43,OPEN,OPEN,OPEN,3,0,3,1,0
2026-05-03 10:42:53,38280,33.66,42.3,20.25,71.1,34,43,OPEN,OPEN,OPEN,3,0,3,1,0
2026-05-03 10:43:53,38340,33.69,42.2,20.25,71.0,34,43,OPEN,OPEN,OPEN,3,0,3,1,0
2026-05-03 10:44:53,38400,33.72,42.1,20.25,70.9,34,43,OPEN,OPEN,OPEN,3,0,3,1,0
2026-05-03 10:45:53,38460,33.75,42.0,20.26,70.8,34,43,OPEN,OPEN,OPEN,3,0,3,1,0
2026-05-03 10:46:53,38520,33.77,41.9,20.26,70.7,34,43,OPEN,OPEN,OPEN,3,0,3,1,0
2026-05-03 10:47:53,38580,33.80,41.8,20.26,70.6,34,43,OPEN,OPEN,OPEN,3,0,3,1,0
2026-05-03 10:48:53,38640,33.82,41.7,20.26,70.4,34,42,OPEN,OPEN,OPEN,3,0,3,1,0
2026-05-03 10:49:53,38700,33.85,41.6,20.26,70.3,34,42,OPEN,OPEN,OPEN,3,0,3,1,0
2026-05-03 10:50:53,38760,33.88,41.5,20.26,70.2,34,42,OPEN,OPEN,OPEN,3,0,3,1,0
2026-05-03 10:51:53,38820,33.90,41.4,20.27,70.1,34,42,OPEN,OPEN,OPEN,3,0,3,1,0
2026-05-03 10:52:53,38880,33.93,41.3,20.27,70.0,34,42,OPEN,OPEN,OPEN,3,0,3,1,0
2026-05-03 10:53:53,38940,33.95,41.2,20.27,69.9,34,42,OPEN,OPEN,OPEN,3,0,3,1,0
2026-05-03 10:54:53,39000,33.98,41.1,20.27,69.7,34,42,OPEN,OPEN,OPEN,3,0,3,1,0
2026-05-03 10:55:53,39060,34.00,41.0,20.27,69.6,34,42,OPEN,OPEN,OPEN,3,0,3,1,0
2026-05-03 10:56:53,39120,34.03,40.9,20.28,69.5,34,42,OPEN,OPEN,OPEN,3,0,3,1,0
2026-05-03 10:57:53,39180,34.05,40.8,20.28,69.4,34,41,OPEN,OPEN,OPEN,3,0,3,1,0
2026-05-03 10:58:53,39240,34.07,40.7,20.28,69.3,34,41,OPEN,OPEN,OPEN,3,0,3,1,0
2026-05-03 10:59:53,39300,34.10,40.6,20.28,69.2,34,41,OPEN,OPEN,OPEN,3,0,3,1,0
2026-05-03 11:00:53,39360,34.12,40.5,20.28,69.1,34,41,OPEN,OPEN,OPEN,3,0,3,1,0
2026-05-03 11:01:53,39420,34.14,40.4,20.28,68.9,34,41,OPEN,OPEN,OPEN,3,0,3,1,0
2026-05-03 11:02:53,39480,34.17,40.3,20.29,68.8,34,41,OPEN,OPEN,OPEN,3,0,3,1,0
2026-05-03 11:03:53,39540,34.19,40.2,20.29,68.7,34,41,OPEN,OPEN,OPEN,3,0,3,1,0
2026-05-03 11:04:53,39600,34.21,40.1,20.29,68.6,34,41,OPEN,OPEN,OPEN,3,0,3,1,0
2026-05-03 11:05:53,39660,34.23,40.0,20.29,68.5,34,41,OPEN,OPEN,OPEN,3,0,3,1,0
2026-05-03 11:06:53,39720,34.26,39.9,20.29,68.4,34,41,OPEN,OPEN,OPEN,3,0,3,1,0
2026-05-03 11:07:53,39780,34.28,39.8,20.29,68.2,34,40,OPEN,OPEN,OPEN,3,0,3,1,0
2026-05-03 11:08:53,39840,34.30,39.7,20.29,68.1,34,40,OPEN,OPEN,OPEN,3,0,3,1,0
2026-05-03 11:09:53,39900,34.32,39.6,20.29,68.0,34,40,OPEN,OPEN,OPEN,3,0,3,1,0
2026-05-03 11:10:53,39960,34.34,39.5,20.29,67.9,34,40,OPEN,OPEN,OPEN,3,0,3,1,0
2026-05-03 11:11:53,40020,34.36,39.4,20.29,67.8,34,40,OPEN,OPEN,OPEN,3,0,3,1,0
2026-05-03 11:12:53,40080,34.38,39.4,20.29,67.6,34,40,OPEN,OPEN,OPEN,3,0,3,1,0
2026-05-03 11:13:53,40140,34.40,39.3,20.29,67.5,34,40,OPEN,OPEN,OPEN,3,0,3,1,0
2026-05-03 11:14:53,40200,34.42,39.2,20.29,67.4,34,40,OPEN,OPEN,OPEN,3,0,3,1,0
2026-05-03 11:15:53,40260,34.44,39.1,20.29,67.3,34,40,OPEN,OPEN,OPEN,3,0,3,1,0
2026-05-03 11:16:53,40320,34.45,39.0,20.29,67.2,34,40,OPEN,OPEN,OPEN,3,0,3,1,0
2026-05-03 11:17:53,40380,34.47,38.9,20.29,67.0,34,40,OPEN,OPEN,OPEN,3,0,3,1,0
2026-05-03 11:18:53,40440,34.49,38.8,20.29,66.9,34,39,OPEN,OPEN,OPEN,3,0,3,1,0
2026-05-03 11:19:53,40500,34.51,38.7,20.29,66.8,34,39,OPEN,OPEN,OPEN,3,0,3,1,0
2026-05-03 11:20:53,40560,34.52,38.7,20.28,66.9,34,39,OPEN,OPEN,OPEN,3,0,3,1,0
2026-05-03 11:21:53,40620,34.54,38.6,20.27,67.0,34,39,OPEN,OPEN,OPEN,3,0,3,1,0
2026-05-03 11:22:53,40680,34.56,38.5,20.27,67.1,34,39,OPEN,OPEN,OPEN,3,0,3,1,0
2026-05-03 11:23:53,40740,34.57,38.4,20.26,67.2,35,39,OPEN,OPEN,OPEN,3,0,3,1,0
2026-05-03 11:24:53,40800,34.59,38.4,20.25,67.3,35,39,OPEN,OPEN,OPEN,3,0,3,1,0
2026-05-03 11:25:53,40860,34.60,38.3,20.24,67.4,35,39,OPEN,OPEN,OPEN,3,0,3,1,0
2026-05-03 11:26:53,40920,34.61,38.2,20.23,67.5,35,39,OPEN,OPEN,OPEN,3,0,3,1,0
2026-05-03 11:27:53,40980,34.63,38.2,20.23,67.6,35,39,OPEN,OPEN,OPEN,3,0,3,1,0
2026-05-03 11:28:53,41040,34.64,38.1,20.22,67.7,35,39,OPEN,OPEN,OPEN,3,0,3,1,0
2026-05-03 11:29:53,41100,34.65,38.1,20.21,67.8,35,39,OPEN,OPEN,OPEN,3,0,3,1,0
2026-05-03 11:30:53,41160,34.66,38.0,20.20,67.9,35,38,OPEN,OPEN,OPEN,3,0,3,1,0
2026-05-03 11:31:53,41220,34.67,38.0,20.19,68.0,35,38,OPEN,OPEN,OPEN,3,0,3,1,0
2026-05-03 11:32:53,41280,34.68,37.9,20.19,68.1,35,38,OPEN,OPEN,OPEN,3,0,3,1,0
2026-05-03 11:33:53,41340,34.69,37.9,20.18,68.2,35,38,OPEN,OPEN,OPEN,3,0,3,1,0
2026-05-03 11:34:53,41400,34.70,37.9,20.17,68.4,35,38,OPEN,OPEN,OPEN,3,0,3,1,0
2026-05-03 11:35:53,41460,34.71,37.8,20.16,68.5,35,38,OPEN,OPEN,OPEN,3,0,3,1,0
2026-05-03 11:36:53,41520,34.72,37.8,20.15,68.6,35,38,OPEN,OPEN,OPEN,3,0,3,1,0
2026-05-03 11:37:53,41580,34.73,37.8,20.15,68.7,35,38,OPEN,OPEN,OPEN,3,0,3,1,0
2026-05-03 11:38:53,41640,34.73,37.7,20.14,68.8,35,38,OPEN,OPEN,OPEN,3,0,3,1,0
2026-05-03 11:39:53,41700,34.74,37.7,20.13,68.9,35,38,OPEN,OPEN,OPEN,3,0,3,1,0
2026-05-03 11:40:53,41760,34.75,37.7,20.12,69.0,35,38,OPEN,OPEN,OPEN,3,0,3,1,0
2026-05-03 11:41:53,41820,34.75,37.7,20.11,69.1,35,38,OPEN,OPEN,OPEN,3,0,3,1,0
2026-05-03 11:42:53,41880,34.76,37.6,20.11,69.2,35,38,OPEN,OPEN,OPEN,3,0,3,1,0
2026-05-03 11:43:53,41940,34.76,37.6,20.10,69.3,35,38,OPEN,OPEN,OPEN,3,0,3,1,0
2026-05-03 11:44:53,42000,34.77,37.6,20.09,69.4,35,38,OPEN,OPEN,OPEN,3,0,3,1,0
2026-05-03 11:45:53,42060,34.77,37.6,20.08,69.5,35,38,OPEN,OPEN,OPEN,3,0,3,1,0
2026-05-03 11:46:53,42120,34.77,37.6,20.07,69.6,35,38,OPEN,OPEN,OPEN,3,0,3,1,0
2026-05-03 11:47:53,42180,34.78,37.6,20.07,69.7,35,38,OPEN,OPEN,OPEN,3,0,3,1,0
2026-05-03 11:48:53,42240,34.78,37.6,20.06,69.8,35,38,OPEN,OPEN,OPEN,3,0,3,1,0
2026-05-03 11:49:53,42300,34.78,37.6,20.05,69.9,35,38,OPEN,OPEN,OPEN,3,0,3,1,0
2026-05-03 11:50:53,42360,34.78,37.6,20.05,69.9,35,38,OPEN,OPEN,OPEN,3,0,3,1,0
2026-05-03 11:51:53,42420,34.79,37.5,20.04,69.9,35,38,OPEN,OPEN,OPEN,3,0,3,1,0
2026-05-03 11:52:53,42480,34.79,37.5,20.04,69.8,35,38,OPEN,OPEN,OPEN,3,0,3,1,0
2026-05-03 11:53:53,42540,34.79,37.5,20.04,69.8,35,38,OPEN,OPEN,OPEN,3,0,3,1,0
2026-05-03 11:54:53,42600,34.79,37.5,20.04,69.8,35,38,OPEN,OPEN,OPEN,3,0,3,1,0
2026-05-03 11:55:53,42660,34.79,37.5,20.03,69.8,35,38,OPEN,OPEN,OPEN,3,0,3,1,0
2026-05-03 11:56:53,42720,34.79,37.5,20.03,69.8,35,38,OPEN,OPEN,OPEN,3,0,3,1,0
2026-05-03 11:57:53,42780,34.79,37.5,20.03,69.7,35,38,OPEN,OPEN,OPEN,3,0,3,1,0
2026-05-03 11:58:53,42840,34.79,37.5,20.03,69.7,35,38,OPEN,OPEN,OPEN,3,0,3,1,0
2026-05-03 11:59:53,42900,34.79,37.5,20.02,69.7,35,38,OPEN,OPEN,OPEN,3,0,3,1,0
2026-05-03 12:00:53,42960,34.79,37.5,20.02,69.7,35,38,OPEN,OPEN,OPEN,3,0,3,1,0
2026-05-03 12:01:53,43020,34.78,37.5,20.02,69.7,35,38,OPEN,OPEN,OPEN,3,0,3,1,0
2026-05-03 12:02:53,43080,34.78,37.5,20.02,69.6,35,38,OPEN,OPEN,OPEN,3,0,3,1,0
2026-05-03 12:03:53,43140,34.78,37.5,20.01,69.6,35,38,OPEN,OPEN,OPEN,3,0,3,1,0
2026-05-03 12:04:53,43200,34.78,37.5,20.01,69.6,35,38,OPEN,OPEN,OPEN,3,0,3,1,0
2026-05-03 12:05:53,43260,34.77,37.5,19.97,69.8,35,38,OPEN,OPEN,OPEN,3,0,3,1,0
2026-05-03 12:06:53,43320,34.77,37.5,19.93,69.9,35,38,OPEN,OPEN,OPEN,3,0,3,1,0
2026-05-03 12:07:53,43380,34.76,37.5,19.90,70.1,35,38,OPEN,OPEN,OPEN,3,0,3,1,0
2026-05-03 12:08:53,43440,34.76,37.5,19.86,70.2,35,38,OPEN,OPEN,OPEN,3,0,3,1,0
2026-05-03 12:09:53,43500,34.75,37.6,19.82,70.4,35,38,OPEN,OPEN,OPEN,3,0,3,1,0
2026-05-03 12:10:53,43560,34.74,37.6,19.79,70.5,35,38,OPEN,OPEN,OPEN,3,0,3,1,0
2026-05-03 12:11:53,43620,34.73,37.6,19.75,70.7,35,38,OPEN,OPEN,OPEN,3,0,3,1,0
2026-05-03 12:12:53,43680,34.72,37.6,19.71,70.8,35,38,OPEN,OPEN,OPEN,3,0,3,1,0
2026-05-03 12:13:53,43740,34.70,37.6,19.67,71.0,35,38,OPEN,OPEN,OPEN,3,0,3,1,0
2026-05-03 12:14:53,43800,34.69,37.7,19.64,71.1,35,38,OPEN,OPEN,OPEN,3,0,3,1,0
2026-05-03 12:15:53,43860,34.67,37.7,19.60,71.3,35,38,OPEN,OPEN,OPEN,3,0,3,1,0
2026-05-03 12:16:53,43920,34.66,37.7,19.56,71.4,35,38,OPEN,OPEN,OPEN,3,0,3,1,0
2026-05-03 12:17:53,43980,34.64,37.8,19.52,71.6,35,38,OPEN,OPEN,OPEN,3,0,3,1,0
2026-05-03 12:18:53,44040,34.62,37.8,19.49,71.7,35,38,OPEN,OPEN,OPEN,3,0,3,1,0
2026-05-03 12:19:53,44100,34.60,37.8,19.45,71.9,35,38,OPEN,OPEN,OPEN,3,0,3,1,0
2026-05-03 12:20:53,44160,34.58,37.9,19.37,72.2,35,38,OPEN,OPEN,OPEN,3,0,3,1,0
2026-05-03 12:21:53,44220,34.55,37.9,19.29,72.5,35,38,OPEN,OPEN,OPEN,3,0,3,1,0
2026-05-03 12:22:53,44280,34.53,38.0,19.21,72.8,35,38,OPEN,OPEN,OPEN,3,0,3,1,0
2026-05-03 12:23:53,44340,34.50,38.0,19.13,73.1,35,38,OPEN,OPEN,OPEN,3,0,3,1,0
2026-05-03 12:24:53,44400,34.47,38.1,19.05,73.4,35,38,OPEN,OPEN,OPEN,3,0,3,1,0
2026-05-03 12:25:53,44460,34.44,38.2,18.97,73.7,35,38,OPEN,OPEN,OPEN,3,0,3,1,0
2026-05-03 12:26:53,44520,34.40,38.2,18.89,74.0,35,38,OPEN,OPEN,OPEN,3,0,3,1,0
2026-05-03 12:27:53,44580,34.37,38.3,18.81,74.3,34,38,OPEN,OPEN,OPEN,3,0,3,1,0
2026-05-03 12:28:53,44640,34.33,38.4,18.73,74.6,34,38,OPEN,OPEN,OPEN,3,0,3,1,0
2026-05-03 12:29:53,44700,34.29,38.4,18.65,74.9,34,38,OPEN,OPEN,OPEN,3,0,3,1,0
2026-05-03 12:30:53,44760,34.25,38.5,18.57,75.2,34,38,OPEN,OPEN,OPEN,3,0,3,1,0
2026-05-03 12:31:53,44820,34.20,38.6,18.49,75.5,34,38,OPEN,OPEN,OPEN,3,0,3,1,0
2026-05-03 12:32:53,44880,34.16,38.7,18.41,75.8,34,38,OPEN,OPEN,OPEN,3,0,3,1,0
2026-05-03 12:33:53,44940,34.11,38.8,18.33,76.1,34,38,OPEN,OPEN,OPEN,3,0,3,1,0
2026-05-03 12:34:53,45000,34.06,38.9,18.25,76.4,34,38,OPEN,OPEN,OPEN,3,0,3,1,0
2026-05-03 12:35:53,45060,34.02,39.0,18.21,76.7,34,38,OPEN,OPEN,OPEN,3,0,3,1,0
2026-05-03 12:36:53,45120,33.97,39.1,18.19,76.9,34,39,OPEN,OPEN,OPEN,3,0,3,1,0
2026-05-03 12:37:53,45180,33.92,39.2,18.16,77.2,34,39,OPEN,OPEN,OPEN,3,0,3,1,0
2026-05-03 12:38:53,45240,33.87,39.3,18.13,77.5,34,39,OPEN,OPEN,OPEN,3,0,3,1,0
2026-05-03 12:39:53,45300,33.82,39.4,18.10,77.8,34,39,OPEN,OPEN,OPEN,3,0,3,1,0
2026-05-03 12:40:53,45360,33.77,39.5,18.07,78.1,34,39,OPEN,OPEN,OPEN,3,0,3,1,0
2026-05-03 12:41:53,45420,33.72,39.6,18.04,78.4,34,39,OPEN,OPEN,OPEN,3,0,3,1,0
2026-05-03 12:42:53,45480,33.67,39.7,18.01,78.7,34,39,OPEN,OPEN,OPEN,3,0,3,1,0
2026-05-03 12:43:53,45540,33.62,39.8,17.98,79.0,34,39,OPEN,OPEN,OPEN,3,0,3,1,0
2026-05-03 12:44:53,45600,33.57,40.0,17.96,79.2,34,39,OPEN,OPEN,OPEN,3,0,3,1,0
2026-05-03 12:45:53,45660,33.52,40.1,17.93,79.5,34,39,OPEN,OPEN,OPEN,3,0,3,1,0
2026-05-03 12:46:53,45720,33.47,40.2,17.90,79.8,34,39,OPEN,OPEN,OPEN,3,0,3,1,0
2026-05-03 12:47:53,45780,33.42,40.3,17.87,80.1,34,40,OPEN,OPEN,OPEN,3,0,3,1,0
2026-05-03 12:48:53,45840,33.37,40.5,17.84,80.4,34,40,OPEN,OPEN,OPEN,3,0,3,1,0
2026-05-03 12:49:53,45900,33.32,40.6,17.81,80.7,34,40,OPEN,OPEN,OPEN,3,0,3,1,0
2026-05-03 12:50:53,45960,33.27,40.7,17.75,80.9,33,40,OPEN,OPEN,OPEN,3,0,3,1,0
2026-05-03 12:51:53,46020,33.22,40.9,17.69,81.2,33,40,OPEN,OPEN,OPEN,3,0,3,1,0
2026-05-03 12:52:53,46080,33.17,41.0,17.63,81.4,33,40,OPEN,OPEN,OPEN,3,0,3,1,0
2026-05-03 12:53:53,46140,33.11,41.1,17.56,81.7,33,40,OPEN,OPEN,OPEN,3,0,3,1,0
2026-05-03 12:54:53,46200,33.06,41.3,17.50,82.0,33,40,OPEN,OPEN,OPEN,3,0,3,1,0
2026-05-03 12:55:53,46260,33.00,41.4,17.44,82.2,33,41,OPEN,OPEN,OPEN,3,0,3,1,0
2026-05-03 12:56:53,46320,32.95,41.5,17.37,82.5,33,41,OPEN,OPEN,OPEN,3,0,3,1,0
2026-05-03 12:57:53,46380,32.89,41.7,17.31,82.7,33,41,OPEN,OPEN,OPEN,3,0,3,1,0
2026-05-03 12:58:53,46440,32.83,41.8,17.25,83.0,33,41,OPEN,OPEN,OPEN,3,0,3,1,0
2026-05-03 12:59:53,46500,32.77,42.0,17.18,83.2,33,41,OPEN,OPEN,OPEN,3,0,3,1,0
2026-05-03 13:00:53,46560,32.71,42.1,17.12,83.5,33,41,OPEN,OPEN,OPEN,3,0,3,1,0
2026-05-03 13:01:53,46620,32.65,42.3,17.06,83.7,33,41,OPEN,OPEN,OPEN,3,0,3,1,0
2026-05-03 13:02:53,46680,32.58,42.4,17.00,84.0,33,42,OPEN,OPEN,OPEN,3,0,3,1,0
2026-05-03 13:03:53,46740,32.52,42.6,16.93,84.2,33,42,OPEN,OPEN,OPEN,3,0,3,1,0
2026-05-03 13:04:53,46800,32.45,42.8,16.87,84.5,33,42,OPEN,OPEN,OPEN,3,0,3,1,0
2026-05-03 13:05:53,46860,32.39,42.9,16.83,84.7,33,42,OPEN,OPEN,OPEN,3,0,3,1,0
2026-05-03 13:06:53,46920,32.32,43.1,16.79,85.0,33,42,OPEN,OPEN,OPEN,3,0,3,1,0
2026-05-03 13:07:53,46980,32.26,43.2,16.74,85.2,33,42,OPEN,OPEN,OPEN,3,0,3,1,0
2026-05-03 13:08:53,47040,32.19,43.4,16.70,85.4,32,42,OPEN,OPEN,OPEN,3,0,3,1,0
2026-05-03 13:09:53,47100,32.13,43.6,16.66,85.7,32,43,OPEN,OPEN,OPEN,3,0,3,1,0
2026-05-03 13:10:53,47160,32.06,43.7,16.62,85.9,32,43,OPEN,OPEN,OPEN,3,0,3,1,0
2026-05-03 13:11:53,47220,31.99,43.9,16.58,86.1,32,43,OPEN,OPEN,OPEN,3,0,3,1,0
2026-05-03 13:12:53,47280,31.93,44.1,16.54,86.4,32,43,OPEN,OPEN,OPEN,3,0,3,1,0
2026-05-03 13:13:53,47340,31.86,44.3,16.49,86.6,32,43,OPEN,OPEN,OPEN,3,0,3,1,0
2026-05-03 13:14:53,47400,31.79,44.4,16.45,86.8,32,43,OPEN,OPEN,OPEN,3,0,3,1,0
2026-05-03 13:15:53,47460,31.73,44.6,16.41,87.1,32,43,OPEN,OPEN,OPEN,3,0,3,1,0
2026-05-03 13:16:53,47520,31.66,44.8,16.37,87.3,32,44,OPEN,OPEN,OPEN,3,0,3,1,0
2026-05-03 13:17:53,47580,31.59,45.0,16.33,87.5,32,44,OPEN,OPEN,OPEN,3,0,3,1,0
2026-05-03 13:18:53,47640,31.52,45.1,16.29,87.7,32,44,OPEN,OPEN,OPEN,3,0,3,1,0
2026-05-03 13:19:53,47700,31.46,45.3,16.24,88.0,32,44,OPEN,OPEN,OPEN,3,0,3,1,0
2026-05-03 13:20:53,47760,31.39,45.5,16.23,88.0,32,44,OPEN,OPEN,OPEN,3,0,3,1,0
2026-05-03 13:21:53,47820,31.32,45.7,16.22,88.0,32,44,OPEN,OPEN,OPEN,3,0,3,1,0
2026-05-03 13:22:53,47880,31.25,45.8,16.21,88.0,32,45,OPEN,OPEN,OPEN,3,0,3,1,0
2026-05-03 13:23:53,47940,31.19,46.0,16.20,88.0,31,45,OPEN,OPEN,OPEN,3,0,3,1,0
2026-05-03 13:24:53,48000,31.12,46.2,16.19,88.0,31,45,OPEN,OPEN,OPEN,3,0,3,1,0
2026-05-03 13:25:53,48060,31.06,46.4,16.18,88.0,31,45,OPEN,OPEN,OPEN,3,0,3,1,0
2026-05-03 13:26:53,48120,30.99,46.5,16.17,88.0,31,45,OPEN,OPEN,OPEN,3,0,3,1,0
2026-05-03 13:27:53,48180,30.93,46.7,16.16,88.0,31,46,OPEN,OPEN,OPEN,3,0,3,1,0
2026-05-03 13:28:53,48240,30.87,46.9,16.15,88.0,31,46,OPEN,OPEN,OPEN,3,0,3,1,0
2026-05-03 13:29:53,48300,30.81,47.0,16.14,88.0,31,46,OPEN,OPEN,OPEN,3,0,3,1,0
2026-05-03 13:30:53,48360,30.74,47.2,16.13,88.0,31,46,OPEN,OPEN,OPEN,3,0,3,1,0
2026-05-03 13:31:53,48420,30.68,47.4,16.12,88.0,31,46,OPEN,OPEN,OPEN,3,0,3,1,0
2026-05-03 13:32:53,48480,30.62,47.5,16.11,88.0,31,46,OPEN,OPEN,OPEN,3,0,3,1,0
2026-05-03 13:33:53,48540,30.56,47.7,16.10,88.0,31,47,OPEN,OPEN,OPEN,3,0,3,1,0
2026-05-03 13:34:53,48600,30.50,47.8,16.09,88.0,31,47,OPEN,OPEN,OPEN,3,0,3,1,0
2026-05-03 13:35:53,48660,30.44,48.0,16.08,88.0,31,47,OPEN,OPEN,OPEN,3,0,3,1,0
2026-05-03 13:36:53,48720,30.38,48.2,16.07,88.0,31,47,OPEN,OPEN,OPEN,3,0,3,1,0
2026-05-03 13:37:53,48780,30.32,48.3,16.06,88.0,31,47,OPEN,OPEN,OPEN,3,0,3,1,0
2026-05-03 13:38:53,48840,30.26,48.5,16.05,88.0,30,47,OPEN,OPEN,MOVING_CLOSE,2,0,2,1,0
2026-05-03 13:39:53,48900,30.43,48.2,16.04,88.0,30,48,OPEN,OPEN,MOVING_CLOSE,2,0,2,1,0
2026-05-03 13:40:53,48960,30.59,47.9,16.03,88.0,30,48,OPEN,OPEN,MOVING_CLOSE,2,0,2,1,0
2026-05-03 13:41:53,49020,30.75,47.6,16.02,88.0,30,48,OPEN,OPEN,CLOSED,2,0,2,1,0
2026-05-03 13:42:53,49080,30.91,47.3,16.01,88.0,31,48,OPEN,OPEN,CLOSED,3,0,3,1,0
2026-05-03 13:43:53,49140,31.06,47.1,16.00,88.0,31,48,OPEN,OPEN,CLOSED,3,0,3,1,0
2026-05-03 13:44:53,49200,31.21,46.8,15.99,88.0,31,48,OPEN,OPEN,CLOSED,3,0,3,1,0
2026-05-03 13:45:53,49260,31.36,46.5,15.98,88.0,31,48,OPEN,OPEN,CLOSED,3,0,3,1,0
2026-05-03 13:46:53,49320,31.50,46.3,15.97,88.0,31,48,OPEN,OPEN,CLOSED,3,0,3,1,0
2026-05-03 13:47:53,49380,31.64,46.1,15.96,88.0,31,48,OPEN,OPEN,CLOSED,3,0,3,1,0
2026-05-03 13:48:53,49440,31.77,45.8,15.95,88.0,31,47,OPEN,OPEN,CLOSED,3,0,3,1,0
2026-05-03 13:49:53,49500,31.91,45.6,15.94,88.0,31,47,OPEN,OPEN,CLOSED,3,0,3,1,0
2026-05-03 13:50:53,49560,32.03,45.4,15.94,88.0,32,47,OPEN,OPEN,CLOSED,3,0,3,1,0
2026-05-03 13:51:53,49620,32.16,45.2,15.94,88.0,32,47,OPEN,OPEN,CLOSED,3,0,3,1,0
2026-05-03 13:52:53,49680,32.28,45.0,15.94,88.0,32,46,OPEN,OPEN,MOVING_OPEN,3,0,3,1,0
2026-05-03 13:53:53,49740,32.40,44.8,15.94,88.0,32,46,OPEN,OPEN,MOVING_OPEN,3,0,3,1,0
2026-05-03 13:54:53,49800,32.52,44.6,15.94,88.0,32,46,OPEN,OPEN,MOVING_OPEN,3,0,3,1,0
2026-05-03 13:55:53,49860,32.41,44.9,15.94,88.0,32,46,OPEN,OPEN,OPEN,3,0,3,1,0
2026-05-03 13:56:53,49920,32.26,45.2,15.94,88.0,32,46,OPEN,OPEN,OPEN,3,0,3,1,0
2026-05-03 13:57:53,49980,32.12,45.5,15.95,88.0,32,46,OPEN,OPEN,OPEN,3,0,3,1,0
2026-05-03 13:58:53,50040,31.98,45.8,15.95,88.0,32,45,OPEN,OPEN,OPEN,3,0,3,1,0
2026-05-03 13:59:53,50100,31.84,46.1,15.95,88.0,32,45,OPEN,OPEN,OPEN,3,0,3,1,0
2026-05-03 14:00:53,50160,31.70,46.4,15.95,88.0,32,45,OPEN,OPEN,OPEN,3,0,3,1,0
2026-05-03 14:01:53,50220,31.57,46.7,15.95,88.0,32,45,OPEN,OPEN,OPEN,3,0,3,1,0
2026-05-03 14:02:53,50280,31.44,47.0,15.95,88.0,32,46,OPEN,OPEN,OPEN,3,0,3,1,0
2026-05-03 14:03:53,50340,31.31,47.2,15.95,88.0,32,46,OPEN,OPEN,OPEN,3,0,3,1,0
2026-05-03 14:04:53,50400,31.19,47.5,15.95,88.0,32,46,OPEN,OPEN,OPEN,3,0,3,1,0
2026-05-03 14:05:53,50460,31.07,47.8,15.95,88.1,32,46,OPEN,OPEN,OPEN,3,0,3,1,0
2026-05-03 14:06:53,50520,30.95,48.1,15.95,88.1,31,46,OPEN,OPEN,OPEN,3,0,3,1,0
2026-05-03 14:07:53,50580,30.83,48.4,15.95,88.1,31,46,OPEN,OPEN,OPEN,3,0,3,1,0
2026-05-03 14:08:53,50640,30.71,48.6,15.95,88.1,31,47,OPEN,OPEN,OPEN,3,0,3,1,0
2026-05-03 14:09:53,50700,30.60,48.9,15.95,88.1,31,47,OPEN,OPEN,OPEN,3,0,3,1,0
2026-05-03 14:10:53,50760,30.49,49.2,15.95,88.1,31,47,OPEN,OPEN,OPEN,3,0,3,1,0
2026-05-03 14:11:53,50820,30.38,49.4,15.95,88.1,31,48,OPEN,OPEN,OPEN,3,0,3,1,0
2026-05-03 14:12:53,50880,30.27,49.7,15.96,88.1,31,48,OPEN,OPEN,OPEN,3,0,3,1,0
2026-05-03 14:13:53,50940,30.17,49.9,15.96,88.1,31,48,OPEN,OPEN,OPEN,3,0,3,1,0
2026-05-03 14:14:53,51000,30.06,50.2,15.96,88.1,30,49,OPEN,OPEN,OPEN,2,0,2,1,0
2026-05-03 14:15:53,51060,29.96,50.5,15.96,88.1,30,49,OPEN,OPEN,OPEN,2,0,2,1,0
2026-05-03 14:16:53,51120,29.86,50.7,15.96,88.1,30,49,OPEN,OPEN,OPEN,2,0,2,1,0
2026-05-03 14:17:53,51180,29.76,51.0,15.96,88.1,30,49,OPEN,OPEN,OPEN,2,0,2,1,0
2026-05-03 14:18:53,51240,29.67,51.2,15.96,88.1,30,50,OPEN,OPEN,OPEN,2,-1,2,1,0
2026-05-03 14:19:53,51300,29.57,51.4,15.96,88.1,30,50,OPEN,OPEN,OPEN,2,-1,2,1,0
2026-05-03 14:20:53,51360,29.62,51.4,15.96,88.1,30,50,OPEN,OPEN,MOVING_CLOSE,2,-1,2,1,0
2026-05-03 14:21:53,51420,29.74,51.2,15.97,88.1,30,50,OPEN,OPEN,MOVING_CLOSE,2,-1,2,1,0
2026-05-03 14:22:53,51480,29.86,51.0,15.97,88.1,30,50,OPEN,OPEN,MOVING_CLOSE,2,-1,2,1,0
2026-05-03 14:23:53,51540,29.97,50.8,15.97,88.2,30,51,OPEN,OPEN,CLOSED,2,-1,2,1,0
2026-05-03 14:24:53,51600,30.08,50.6,15.97,88.2,30,51,OPEN,OPEN,CLOSED,2,-1,2,1,0
2026-05-03 14:25:53,51660,30.19,50.5,15.98,88.2,30,51,OPEN,OPEN,CLOSED,2,-1,2,1,0
2026-05-03 14:26:53,51720,30.30,50.3,15.98,88.2,30,51,OPEN,OPEN,CLOSED,2,-1,2,1,0
2026-05-03 14:27:53,51780,30.40,50.2,15.98,88.2,30,51,OPEN,OPEN,CLOSED,2,-1,2,1,0
2026-05-03 14:28:53,51840,30.50,50.0,15.99,88.2,30,51,OPEN,OPEN,CLOSED,2,-1,2,1,0
2026-05-03 14:29:53,51900,30.59,49.9,15.99,88.3,30,51,OPEN,OPEN,CLOSED,2,-1,2,1,0
2026-05-03 14:30:53,51960,30.69,49.7,15.99,88.3,30,51,OPEN,OPEN,CLOSED,2,-1,2,1,0
2026-05-03 14:31:53,52020,30.78,49.6,16.00,88.3,30,51,OPEN,OPEN,CLOSED,2,-1,2,1,0
2026-05-03 14:32:53,52080,30.86,49.5,16.00,88.3,31,50,OPEN,OPEN,CLOSED,3,-1,3,1,0
2026-05-03 14:33:53,52140,30.95,49.4,16.00,88.3,31,50,OPEN,OPEN,MOVING_OPEN,3,-1,3,1,0
2026-05-03 14:34:53,52200,31.03,49.3,16.00,88.3,31,50,OPEN,OPEN,MOVING_OPEN,3,-1,3,1,0
2026-05-03 14:35:53,52260,31.11,49.1,16.01,88.4,31,50,OPEN,OPEN,MOVING_OPEN,3,-1,3,1,0
2026-05-03 14:36:53,52320,31.07,49.3,16.01,88.4,31,50,OPEN,OPEN,OPEN,3,-1,3,1,0
2026-05-03 14:37:53,52380,30.91,49.7,16.01,88.4,31,50,OPEN,OPEN,OPEN,3,-1,3,1,0
2026-05-03 14:38:53,52440,30.75,50.0,16.02,88.4,31,50,OPEN,OPEN,OPEN,3,-1,3,1,0
2026-05-03 14:39:53,52500,30.59,50.4,16.02,88.4,31,50,OPEN,OPEN,OPEN,3,-1,3,1,0
2026-05-03 14:40:53,52560,30.44,50.8,16.02,88.4,31,50,OPEN,OPEN,OPEN,3,-1,3,1,0
2026-05-03 14:41:53,52620,30.29,51.1,16.03,88.5,31,50,OPEN,OPEN,OPEN,3,-1,3,1,0
2026-05-03 14:42:53,52680,30.14,51.5,16.03,88.5,31,50,OPEN,OPEN,OPEN,3,-1,3,1,0
2026-05-03 14:43:53,52740,30.00,51.8,16.03,88.5,31,50,OPEN,OPEN,OPEN,3,-1,3,1,0
2026-05-03 14:44:53,52800,29.86,52.2,16.03,88.5,30,50,OPEN,OPEN,OPEN,2,-1,2,1,0
2026-05-03 14:45:53,52860,29.72,52.5,16.04,88.5,30,50,OPEN,OPEN,OPEN,2,-1,2,1,0
2026-05-03 14:46:53,52920,29.59,52.9,16.04,88.6,30,51,OPEN,OPEN,OPEN,2,-1,2,1,0
2026-05-03 14:47:53,52980,29.46,53.2,16.04,88.6,30,51,OPEN,OPEN,OPEN,2,-1,2,1,0
2026-05-03 14:48:53,53040,29.33,53.6,16.05,88.6,30,51,OPEN,OPEN,OPEN,2,-1,2,1,0
2026-05-03 14:49:53,53100,29.20,53.9,16.05,88.6,30,52,OPEN,OPEN,OPEN,2,-1,2,1,0
2026-05-03 14:50:53,53160,29.08,54.2,16.05,88.5,30,52,OPEN,OPEN,OPEN,2,-1,2,1,0
2026-05-03 14:51:53,53220,28.97,54.5,16.04,88.3,29,52,OPEN,MOVING_CLOSE,OPEN,1,-1,1,1,0
2026-05-03 14:52:53,53280,28.89,54.7,16.04,88.2,29,53,OPEN,CLOSED,OPEN,1,-1,1,1,0
2026-05-03 14:53:53,53340,28.81,55.0,16.03,88.0,29,53,OPEN,CLOSED,OPEN,1,-1,1,1,0
2026-05-03 14:54:53,53400,28.73,55.2,16.03,87.9,29,53,OPEN,CLOSED,OPEN,1,-1,1,1,0
2026-05-03 14:55:53,53460,28.65,55.4,16.03,87.7,29,54,OPEN,CLOSED,OPEN,1,-1,1,1,0
2026-05-03 14:56:53,53520,28.57,55.7,16.02,87.6,29,54,OPEN,CLOSED,OPEN,1,-1,1,1,0
2026-05-03 14:57:53,53580,28.50,55.9,16.02,87.4,29,54,OPEN,CLOSED,OPEN,1,-1,1,1,0
2026-05-03 14:58:53,53640,28.42,56.1,16.01,87.3,29,55,OPEN,CLOSED,OPEN,1,-1,1,1,0
2026-05-03 14:59:53,53700,28.34,56.3,16.01,87.1,29,55,OPEN,CLOSED,OPEN,1,-1,1,1,0
2026-05-03 15:00:53,53760,28.27,56.6,16.01,87.0,29,55,OPEN,CLOSED,OPEN,1,-1,1,1,0
2026-05-03 15:01:53,53820,28.25,56.6,16.00,86.9,28,55,OPEN,CLOSED,MOVING_CLOSE,1,-1,1,1,0
2026-05-03 15:02:53,53880,28.37,56.5,16.00,86.7,28,56,OPEN,CLOSED,MOVING_CLOSE,1,-1,1,1,0
2026-05-03 15:03:53,53940,28.49,56.3,15.99,86.6,28,56,OPEN,CLOSED,MOVING_CLOSE,1,-1,1,1,0
2026-05-03 15:04:53,54000,28.60,56.1,15.99,86.4,28,56,OPEN,CLOSED,CLOSED,1,-1,1,1,0
2026-05-03 15:05:53,54060,28.71,55.9,16.00,86.4,28,56,OPEN,CLOSED,CLOSED,1,-1,1,1,0
2026-05-03 15:06:53,54120,28.81,55.8,16.01,86.5,28,56,OPEN,CLOSED,CLOSED,1,-1,1,1,0
2026-05-03 15:07:53,54180,28.92,55.6,16.02,86.5,29,56,OPEN,CLOSED,CLOSED,1,-1,1,1,0
2026-05-03 15:08:53,54240,29.02,55.5,16.03,86.5,29,56,OPEN,CLOSED,CLOSED,1,-1,1,1,0
2026-05-03 15:09:53,54300,29.12,55.4,16.04,86.5,29,56,OPEN,CLOSED,CLOSED,1,-1,1,1,0
2026-05-03 15:10:53,54360,29.21,55.2,16.05,86.6,29,56,OPEN,CLOSED,CLOSED,1,-1,1,1,0
2026-05-03 15:11:53,54420,29.31,55.1,16.06,86.6,29,56,OPEN,CLOSED,CLOSED,1,-1,1,1,0
2026-05-03 15:12:53,54480,29.40,55.0,16.07,86.6,29,56,OPEN,CLOSED,CLOSED,1,-1,1,1,0
2026-05-03 15:13:53,54540,29.48,54.9,16.08,86.6,29,56,OPEN,CLOSED,CLOSED,1,-1,1,1,0
2026-05-03 15:14:53,54600,29.57,54.8,16.10,86.7,29,56,OPEN,CLOSED,CLOSED,1,-1,1,1,0
2026-05-03 15:15:53,54660,29.65,54.7,16.11,86.7,29,55,OPEN,CLOSED,CLOSED,1,-1,1,1,0
2026-05-03 15:16:53,54720,29.73,54.6,16.12,86.7,29,55,OPEN,CLOSED,CLOSED,1,-1,1,1,0
2026-05-03 15:17:53,54780,29.81,54.5,16.13,86.7,29,55,OPEN,CLOSED,CLOSED,1,-1,1,1,0
2026-05-03 15:18:53,54840,29.87,54.4,16.14,86.8,30,55,OPEN,OPEN,CLOSED,2,-1,2,1,0
2026-05-03 15:19:53,54900,29.91,54.4,16.15,86.8,30,55,OPEN,OPEN,CLOSED,2,-1,2,1,0
2026-05-03 15:20:53,54960,29.93,54.5,16.16,86.7,30,55,OPEN,OPEN,CLOSED,2,-1,2,1,0
2026-05-03 15:21:53,55020,29.96,54.5,16.17,86.7,30,55,OPEN,OPEN,CLOSED,2,-1,2,1,0
2026-05-03 15:22:53,55080,29.99,54.5,16.18,86.6,30,55,OPEN,OPEN,CLOSED,2,-1,2,1,0
2026-05-03 15:23:53,55140,30.01,54.5,16.19,86.5,30,55,OPEN,OPEN,CLOSED,2,-1,2,1,0
2026-05-03 15:24:53,55200,30.03,54.6,16.20,86.5,30,55,OPEN,OPEN,CLOSED,2,-1,2,1,0
2026-05-03 15:25:53,55260,30.05,54.6,16.21,86.4,30,55,OPEN,OPEN,CLOSED,2,-1,2,1,0
2026-05-03 15:26:53,55320,30.07,54.6,16.22,86.3,30,55,OPEN,OPEN,CLOSED,2,-1,2,1,0
2026-05-03 15:27:53,55380,30.08,54.7,16.23,86.3,30,55,OPEN,OPEN,CLOSED,2,-1,2,1,0
2026-05-03 15:28:53,55440,30.10,54.7,16.24,86.2,30,55,OPEN,OPEN,CLOSED,2,-1,2,1,0
2026-05-03 15:29:53,55500,30.11,54.8,16.25,86.1,30,55,OPEN,OPEN,CLOSED,2,-1,2,1,0
2026-05-03 15:30:53,55560,30.12,54.8,16.26,86.1,30,55,OPEN,OPEN,CLOSED,2,-1,2,1,0
2026-05-03 15:31:53,55620,30.13,54.9,16.27,86.0,30,55,OPEN,OPEN,CLOSED,2,-1,2,1,0
2026-05-03 15:32:53,55680,30.14,55.0,16.27,85.9,30,55,OPEN,OPEN,CLOSED,2,-1,2,1,0
2026-05-03 15:33:53,55740,30.15,55.0,16.28,85.9,30,55,OPEN,OPEN,CLOSED,2,-1,2,1,0
2026-05-03 15:34:53,55800,30.15,55.1,16.29,85.8,30,55,OPEN,OPEN,CLOSED,2,-1,2,1,0
2026-05-03 15:35:53,55860,30.16,55.2,16.30,85.7,30,55,OPEN,OPEN,CLOSED,2,-1,2,1,0
2026-05-03 15:36:53,55920,30.16,55.2,16.31,85.7,30,55,OPEN,OPEN,CLOSED,2,-1,2,1,0
2026-05-03 15:37:53,55980,30.16,55.3,16.32,85.6,30,55,OPEN,OPEN,CLOSED,2,-1,2,1,0
2026-05-03 15:38:53,56040,30.16,55.4,16.33,85.5,30,55,OPEN,OPEN,CLOSED,2,-1,2,1,0
2026-05-03 15:39:53,56100,30.16,55.5,16.34,85.5,30,55,OPEN,OPEN,CLOSED,2,-1,2,1,0
2026-05-03 15:40:53,56160,30.15,55.6,16.35,85.4,30,55,OPEN,OPEN,CLOSED,2,-1,2,1,0
2026-05-03 15:41:53,56220,30.15,55.7,16.36,85.3,30,55,OPEN,OPEN,CLOSED,2,-1,2,1,0
2026-05-03 15:42:53,56280,30.14,55.8,16.37,85.3,30,55,OPEN,OPEN,CLOSED,2,-1,2,1,0
2026-05-03 15:43:53,56340,30.13,55.9,16.38,85.2,30,55,OPEN,OPEN,CLOSED,2,-1,2,1,0
2026-05-03 15:44:53,56400,30.13,56.0,16.39,85.1,30,55,OPEN,OPEN,CLOSED,2,-1,2,1,0
2026-05-03 15:45:53,56460,30.12,56.1,16.40,85.1,30,55,OPEN,OPEN,CLOSED,2,-1,2,1,0
2026-05-03 15:46:53,56520,30.10,56.2,16.41,85.0,30,56,OPEN,OPEN,CLOSED,2,-1,2,1,0
2026-05-03 15:47:53,56580,30.09,56.3,16.42,84.9,30,56,OPEN,OPEN,CLOSED,2,-1,2,1,0
2026-05-03 15:48:53,56640,30.08,56.4,16.43,84.9,30,56,OPEN,OPEN,CLOSED,2,-1,2,1,0
2026-05-03 15:49:53,56700,30.06,56.5,16.44,84.8,30,56,OPEN,OPEN,CLOSED,2,-1,2,1,0
2026-05-03 15:50:53,56760,30.05,56.7,16.44,84.8,30,56,OPEN,OPEN,CLOSED,2,-1,2,1,0
2026-05-03 15:51:53,56820,30.03,56.8,16.44,84.8,30,56,OPEN,OPEN,CLOSED,2,-1,2,1,0
2026-05-03 15:52:53,56880,30.01,56.9,16.44,84.9,30,56,OPEN,OPEN,CLOSED,2,-1,2,1,0
2026-05-03 15:53:53,56940,29.99,57.1,16.44,84.9,30,56,OPEN,OPEN,CLOSED,2,-1,2,1,0
2026-05-03 15:54:53,57000,29.97,57.2,16.44,84.9,30,56,OPEN,OPEN,CLOSED,2,-1,2,1,0
2026-05-03 15:55:53,57060,29.94,57.3,16.44,84.9,30,56,OPEN,OPEN,CLOSED,2,-1,2,1,0
2026-05-03 15:56:53,57120,29.92,57.5,16.44,84.9,30,57,OPEN,OPEN,CLOSED,2,-1,2,1,0
2026-05-03 15:57:53,57180,29.90,57.6,16.44,85.0,30,57,OPEN,OPEN,CLOSED,2,-1,2,1,0
2026-05-03 15:58:53,57240,29.87,57.8,16.44,85.0,30,57,OPEN,OPEN,CLOSED,2,-1,2,1,0
2026-05-03 15:59:53,57300,29.84,57.9,16.44,85.0,30,57,OPEN,OPEN,CLOSED,2,-1,2,1,0
2026-05-03 16:00:53,57360,29.81,58.1,16.44,85.0,30,57,OPEN,OPEN,CLOSED,2,-1,2,1,0
2026-05-03 16:01:53,57420,29.78,58.3,16.44,85.0,30,57,OPEN,OPEN,CLOSED,2,-1,2,1,0
2026-05-03 16:02:53,57480,29.75,58.4,16.44,85.1,30,57,OPEN,OPEN,CLOSED,2,-1,2,1,0
2026-05-03 16:03:53,57540,29.72,58.6,16.44,85.1,30,58,OPEN,OPEN,CLOSED,2,-1,2,1,0
2026-05-03 16:04:53,57600,29.69,58.8,16.44,85.1,30,58,OPEN,OPEN,CLOSED,2,-1,2,1,0
2026-05-03 16:05:53,57660,29.65,59.0,16.45,85.1,30,58,OPEN,OPEN,CLOSED,2,-1,2,1,0
2026-05-03 16:06:53,57720,29.62,59.1,16.45,85.0,30,58,OPEN,OPEN,CLOSED,2,-1,2,1,0
2026-05-03 16:07:53,57780,29.58,59.3,16.46,85.0,30,58,OPEN,OPEN,CLOSED,2,-1,2,1,0
2026-05-03 16:08:53,57840,29.55,59.5,16.46,85.0,30,58,OPEN,OPEN,CLOSED,2,-1,2,1,0
2026-05-03 16:09:53,57900,29.51,59.7,16.47,85.0,30,59,OPEN,OPEN,CLOSED,2,-1,2,1,0
2026-05-03 16:10:53,57960,29.47,59.9,16.48,84.9,30,59,OPEN,OPEN,CLOSED,2,-1,2,1,0
2026-05-03 16:11:53,58020,29.43,60.1,16.48,84.9,30,59,OPEN,OPEN,CLOSED,2,-1,2,1,0
2026-05-03 16:12:53,58080,29.39,60.3,16.49,84.9,30,59,OPEN,OPEN,CLOSED,2,-1,2,1,0
2026-05-03 16:13:53,58140,29.35,60.5,16.49,84.9,30,59,OPEN,OPEN,CLOSED,2,-1,2,1,0
2026-05-03 16:14:53,58200,29.34,60.6,16.50,84.8,29,59,OPEN,CLOSED,CLOSED,1,-1,1,1,0
2026-05-03 16:15:53,58260,29.34,60.8,16.51,84.8,29,60,OPEN,CLOSED,CLOSED,1,-1,1,1,0
2026-05-03 16:16:53,58320,29.33,60.9,16.51,84.8,29,60,OPEN,CLOSED,CLOSED,1,-1,1,1,0
2026-05-03 16:17:53,58380,29.33,61.0,16.52,84.8,29,60,OPEN,CLOSED,CLOSED,1,-1,1,1,0
2026-05-03 16:18:53,58440,29.32,61.2,16.52,84.7,29,60,OPEN,CLOSED,CLOSED,1,-1,1,1,0
2026-05-03 16:19:53,58500,29.31,61.3,16.53,84.7,29,60,OPEN,CLOSED,CLOSED,1,-1,1,1,0
2026-05-03 16:20:53,58560,29.30,61.5,16.52,84.8,29,60,OPEN,CLOSED,CLOSED,1,-1,1,1,0
2026-05-03 16:21:53,58620,29.29,61.6,16.51,84.8,29,61,OPEN,CLOSED,CLOSED,1,-1,1,1,0
2026-05-03 16:22:53,58680,29.28,61.8,16.49,84.9,29,61,OPEN,CLOSED,CLOSED,1,-1,1,1,0
2026-05-03 16:23:53,58740,29.27,61.9,16.48,84.9,29,61,OPEN,CLOSED,CLOSED,1,-1,1,1,0
2026-05-03 16:24:53,58800,29.25,62.1,16.47,85.0,29,61,OPEN,CLOSED,CLOSED,1,-1,1,1,0
2026-05-03 16:25:53,58860,29.24,62.3,16.46,85.1,29,61,OPEN,CLOSED,CLOSED,1,-1,1,1,0
2026-05-03 16:26:53,58920,29.22,62.4,16.45,85.1,29,61,OPEN,CLOSED,CLOSED,1,-1,1,1,0
2026-05-03 16:27:53,58980,29.20,62.6,16.43,85.2,29,62,OPEN,CLOSED,CLOSED,1,-1,1,1,0
2026-05-03 16:28:53,59040,29.18,62.8,16.42,85.2,29,62,OPEN,CLOSED,CLOSED,1,-1,1,1,0
2026-05-03 16:29:53,59100,29.16,63.0,16.41,85.3,29,62,OPEN,CLOSED,CLOSED,1,-1,1,1,0
2026-05-03 16:30:53,59160,29.14,63.2,16.40,85.4,29,62,OPEN,CLOSED,CLOSED,1,-1,1,1,0
2026-05-03 16:31:53,59220,29.11,63.4,16.39,85.4,29,62,OPEN,CLOSED,CLOSED,1,-1,1,1,0
2026-05-03 16:32:53,59280,29.09,63.6,16.37,85.5,29,62,OPEN,CLOSED,CLOSED,1,-1,1,1,0
2026-05-03 16:33:53,59340,29.06,63.8,16.36,85.5,29,63,OPEN,CLOSED,CLOSED,1,-1,1,1,0
2026-05-03 16:34:53,59400,29.03,64.0,16.35,85.6,29,63,OPEN,CLOSED,CLOSED,1,-1,1,1,0
2026-05-03 16:35:53,59460,29.00,64.2,16.34,85.7,29,63,OPEN,CLOSED,CLOSED,1,-1,1,1,0
2026-05-03 16:36:53,59520,28.97,64.4,16.33,85.7,29,63,OPEN,CLOSED,CLOSED,1,-1,1,1,0
2026-05-03 16:37:53,59580,28.94,64.6,16.31,85.8,29,63,OPEN,CLOSED,CLOSED,1,-1,1,1,0
2026-05-03 16:38:53,59640,28.91,64.8,16.30,85.8,29,64,OPEN,CLOSED,CLOSED,1,-1,1,1,0
2026-05-03 16:39:53,59700,28.87,65.1,16.29,85.9,29,64,OPEN,CLOSED,CLOSED,1,-1,1,1,0
2026-05-03 16:40:53,59760,28.84,65.3,16.28,86.0,29,64,OPEN,CLOSED,CLOSED,1,-1,1,1,0
2026-05-03 16:41:53,59820,28.80,65.5,16.27,86.0,29,64,OPEN,CLOSED,CLOSED,1,-1,1,1,0
2026-05-03 16:42:53,59880,28.77,65.8,16.25,86.1,29,64,OPEN,CLOSED,CLOSED,1,-1,1,1,0
2026-05-03 16:43:53,59940,28.73,66.0,16.24,86.1,29,64,OPEN,CLOSED,CLOSED,1,-1,1,1,0
2026-05-03 16:44:53,60000,28.69,66.2,16.23,86.2,29,65,OPEN,CLOSED,CLOSED,1,-1,1,1,0
2026-05-03 16:45:53,60060,28.65,66.5,16.22,86.3,29,65,OPEN,CLOSED,CLOSED,1,-1,1,1,0
2026-05-03 16:46:53,60120,28.61,66.7,16.21,86.3,29,65,OPEN,CLOSED,CLOSED,1,-1,1,1,0
2026-05-03 16:47:53,60180,28.57,67.0,16.19,86.4,29,65,OPEN,CLOSED,CLOSED,1,-1,1,1,0
2026-05-03 16:48:53,60240,28.52,67.3,16.18,86.4,29,66,OPEN,CLOSED,CLOSED,1,-1,1,1,0
2026-05-03 16:49:53,60300,28.48,67.5,16.17,86.5,29,66,OPEN,CLOSED,CLOSED,1,-1,1,1,0
2026-05-03 16:50:53,60360,28.43,67.8,16.16,86.6,29,66,OPEN,CLOSED,CLOSED,1,-1,1,1,0
2026-05-03 16:51:53,60420,28.39,68.1,16.15,86.6,29,66,OPEN,CLOSED,CLOSED,1,-1,1,1,0
2026-05-03 16:52:53,60480,28.34,68.3,16.13,86.7,29,67,OPEN,CLOSED,CLOSED,1,-1,1,1,0
2026-05-03 16:53:53,60540,28.29,68.6,16.12,86.7,28,67,OPEN,CLOSED,CLOSED,1,-1,1,1,0
2026-05-03 16:54:53,60600,28.25,68.9,16.11,86.8,28,67,OPEN,CLOSED,CLOSED,1,-1,1,1,0
2026-05-03 16:55:53,60660,28.20,69.2,16.10,86.9,28,67,OPEN,CLOSED,CLOSED,1,-1,1,1,0
2026-05-03 16:56:53,60720,28.15,69.5,16.09,86.9,28,68,OPEN,CLOSED,CLOSED,1,-1,1,1,0
2026-05-03 16:57:53,60780,28.09,69.8,16.07,87.0,28,68,OPEN,CLOSED,CLOSED,1,-1,1,1,0
2026-05-03 16:58:53,60840,28.04,70.1,16.06,87.0,28,68,OPEN,CLOSED,CLOSED,1,-1,1,1,0
2026-05-03 16:59:53,60900,27.99,70.4,16.05,87.1,28,68,OPEN,CLOSED,CLOSED,1,-1,1,1,0
2026-05-03 17:00:53,60960,27.94,70.7,16.04,87.2,28,69,OPEN,CLOSED,CLOSED,1,-1,1,1,0
2026-05-03 17:01:53,61020,27.88,71.0,16.03,87.2,28,69,OPEN,CLOSED,CLOSED,1,-1,1,1,0
2026-05-03 17:02:53,61080,27.83,71.3,16.01,87.3,28,69,OPEN,CLOSED,CLOSED,1,-1,1,1,0
2026-05-03 17:03:53,61140,27.77,71.6,16.00,87.3,28,70,OPEN,CLOSED,CLOSED,1,-1,1,1,0
2026-05-03 17:04:53,61200,27.72,71.9,15.99,87.4,28,70,OPEN,CLOSED,CLOSED,1,-1,1,1,0
2026-05-03 17:05:53,61260,27.66,72.2,15.97,87.5,28,70,OPEN,CLOSED,CLOSED,1,-1,1,1,0
2026-05-03 17:06:53,61320,27.60,72.6,15.94,87.6,28,71,OPEN,CLOSED,CLOSED,1,-1,1,1,0
2026-05-03 17:07:53,61380,27.54,72.9,15.92,87.7,28,71,OPEN,CLOSED,CLOSED,1,-1,1,1,0
2026-05-03 17:08:53,61440,27.48,73.2,15.89,87.8,28,71,OPEN,CLOSED,CLOSED,1,-1,1,1,0
2026-05-03 17:09:53,61500,27.42,73.6,15.87,87.9,28,71,OPEN,CLOSED,CLOSED,1,-1,1,1,0
2026-05-03 17:10:53,61560,27.36,73.9,15.84,88.0,28,72,OPEN,CLOSED,CLOSED,1,-1,1,1,0
2026-05-03 17:11:53,61620,27.30,74.3,15.82,88.0,28,72,OPEN,CLOSED,CLOSED,1,-1,1,1,0
2026-05-03 17:12:53,61680,27.24,74.6,15.79,88.1,27,72,OPEN,CLOSED,CLOSED,1,-1,1,1,0
2026-05-03 17:13:53,61740,27.18,75.0,15.77,88.2,27,73,OPEN,CLOSED,CLOSED,1,-1,1,1,0
2026-05-03 17:14:53,61800,27.11,75.3,15.74,88.3,27,73,OPEN,CLOSED,CLOSED,1,-1,1,1,0
2026-05-03 17:15:53,61860,27.05,75.7,15.72,88.4,27,73,OPEN,CLOSED,CLOSED,1,-1,1,1,0
2026-05-03 17:16:53,61920,26.98,76.1,15.70,88.5,27,74,OPEN,CLOSED,CLOSED,1,-1,1,1,0
2026-05-03 17:17:53,61980,26.92,76.4,15.67,88.6,27,74,OPEN,CLOSED,CLOSED,1,-1,1,1,0
2026-05-03 17:18:53,62040,26.85,76.8,15.65,88.7,27,75,OPEN,CLOSED,CLOSED,1,-1,1,1,0
2026-05-03 17:19:53,62100,26.78,77.2,15.62,88.8,27,75,OPEN,CLOSED,CLOSED,1,-1,1,1,0
2026-05-03 17:20:53,62160,26.72,77.5,15.58,88.9,27,75,OPEN,CLOSED,CLOSED,1,-1,1,1,0
2026-05-03 17:21:53,62220,26.65,77.9,15.55,89.0,27,75,OPEN,CLOSED,CLOSED,1,-1,1,1,0
2026-05-03 17:22:53,62280,26.58,78.3,15.51,89.1,27,76,OPEN,CLOSED,CLOSED,1,1,1,1,0
2026-05-03 17:23:53,62340,26.51,78.7,15.47,89.3,27,76,OPEN,CLOSED,CLOSED,1,1,1,1,0
2026-05-03 17:24:53,62400,26.44,79.1,15.43,89.4,27,77,OPEN,CLOSED,CLOSED,1,1,1,1,0
2026-05-03 17:25:53,62460,26.37,79.5,15.39,89.5,27,77,OPEN,CLOSED,CLOSED,1,1,1,1,0
2026-05-03 17:26:53,62520,26.30,79.9,15.35,89.6,27,77,OPEN,CLOSED,CLOSED,1,1,1,1,0
2026-05-03 17:27:53,62580,26.22,80.3,15.31,89.7,27,78,OPEN,CLOSED,CLOSED,1,1,1,1,0
2026-05-03 17:28:53,62640,26.15,80.7,15.27,89.8,26,78,OPEN,CLOSED,CLOSED,1,1,1,1,0
2026-05-03 17:29:53,62700,26.08,81.1,15.23,90.0,26,78,OPEN,CLOSED,CLOSED,1,1,1,1,0
2026-05-03 17:30:53,62760,26.00,81.6,15.19,90.1,26,79,OPEN,CLOSED,CLOSED,1,1,1,1,0
2026-05-03 17:31:53,62820,25.93,82.0,15.15,90.2,26,79,OPEN,CLOSED,CLOSED,1,1,1,1,0
2026-05-03 17:32:53,62880,25.84,82.4,15.11,90.3,26,80,OPEN,OPEN,CLOSED,1,2,2,1,0
2026-05-03 17:33:53,62940,25.73,82.9,15.08,90.4,26,80,OPEN,OPEN,CLOSED,1,2,2,1,0
2026-05-03 17:34:53,63000,25.62,83.4,15.04,90.5,26,81,OPEN,OPEN,CLOSED,1,2,2,1,0
2026-05-03 17:35:53,63060,25.51,83.9,15.00,90.7,26,81,OPEN,OPEN,CLOSED,1,2,2,1,0
2026-05-03 17:36:53,63120,25.40,84.4,14.96,90.8,26,82,OPEN,OPEN,CLOSED,1,2,2,1,0
2026-05-03 17:37:53,63180,25.29,84.9,14.92,90.9,26,82,OPEN,OPEN,CLOSED,1,2,2,1,0
2026-05-03 17:38:53,63240,25.19,85.4,14.88,91.0,26,82,OPEN,OPEN,CLOSED,1,2,2,1,0
2026-05-03 17:39:53,63300,25.08,85.9,14.84,91.1,26,83,OPEN,OPEN,CLOSED,1,2,2,1,0
2026-05-03 17:40:53,63360,24.97,86.4,14.80,91.2,25,83,OPEN,OPEN,CLOSED,1,2,2,1,0
2026-05-03 17:41:53,63420,24.86,86.9,14.76,91.4,25,84,OPEN,OPEN,MOVING_OPEN,1,3,3,1,0
2026-05-03 17:42:53,63480,24.75,87.5,14.72,91.5,25,84,OPEN,OPEN,MOVING_OPEN,1,3,3,1,0
2026-05-03 17:43:53,63540,24.64,88.0,14.68,91.6,25,85,OPEN,OPEN,MOVING_OPEN,1,3,3,1,0
2026-05-03 17:44:53,63600,24.45,88.6,14.65,91.7,25,85,OPEN,OPEN,OPEN,1,3,3,1,0
2026-05-03 17:45:53,63660,24.19,89.3,14.61,91.8,25,86,OPEN,OPEN,OPEN,1,3,3,1,0
2026-05-03 17:46:53,63720,23.94,90.1,14.57,92.0,25,86,OPEN,OPEN,OPEN,1,3,3,1,0
2026-05-03 17:47:53,63780,23.69,90.8,14.53,92.1,25,87,OPEN,OPEN,OPEN,1,3,3,1,0
2026-05-03 17:48:53,63840,23.44,91.5,14.49,92.2,24,87,OPEN,OPEN,OPEN,1,3,3,1,0
2026-05-03 17:49:53,63900,23.20,92.2,14.45,92.3,24,88,OPEN,OPEN,OPEN,1,3,3,1,0
2026-05-03 17:50:53,63960,22.97,92.9,14.45,92.4,24,89,OPEN,OPEN,OPEN,1,3,3,1,0
2026-05-03 17:51:53,64020,22.74,93.6,14.45,92.4,24,89,OPEN,OPEN,OPEN,1,3,3,1,0
2026-05-03 17:52:53,64080,22.52,94.3,14.44,92.5,23,90,MOVING_CLOSE,MOVING_CLOSE,OPEN,0,3,0,1,0
2026-05-03 17:53:53,64140,22.35,94.9,14.44,92.6,23,90,CLOSED,CLOSED,OPEN,0,3,0,1,0
2026-05-03 17:54:53,64200,22.19,95.5,14.44,92.6,23,91,CLOSED,CLOSED,OPEN,0,3,0,1,0
2026-05-03 17:55:53,64260,22.03,96.0,14.44,92.7,23,92,CLOSED,CLOSED,OPEN,0,3,0,1,0
2026-05-03 17:56:53,64320,21.88,96.6,14.44,92.8,23,93,CLOSED,CLOSED,OPEN,0,3,0,1,0
2026-05-03 17:57:53,64380,21.72,97.2,14.43,92.9,22,93,CLOSED,CLOSED,OPEN,0,3,0,1,0
2026-05-03 17:58:53,64440,21.57,97.8,14.43,92.9,22,94,CLOSED,CLOSED,OPEN,0,3,0,1,0
2026-05-03 17:59:53,64500,21.43,98.4,14.43,93.0,22,94,CLOSED,CLOSED,OPEN,0,3,0,1,0
2026-05-03 18:00:53,64560,21.28,98.9,14.43,93.1,22,95,CLOSED,CLOSED,OPEN,0,3,0,1,0
2026-05-03 18:01:53,64620,21.14,99.5,14.43,93.1,22,96,CLOSED,CLOSED,OPEN,0,3,0,1,0
2026-05-03 18:02:53,64680,21.00,100.0,14.42,93.2,22,96,CLOSED,CLOSED,OPEN,0,3,0,1,0
2026-05-03 18:03:53,64740,20.87,100.0,14.42,93.3,21,97,CLOSED,CLOSED,OPEN,0,3,0,1,0
2026-05-03 18:04:53,64800,20.73,100.0,14.42,93.3,21,97,CLOSED,CLOSED,OPEN,0,3,0,1,0
2026-05-03 18:05:53,64860,20.60,100.0,14.42,93.4,21,98,CLOSED,CLOSED,OPEN,0,3,0,1,0
2026-05-03 18:06:53,64920,20.47,100.0,14.42,93.5,21,98,CLOSED,CLOSED,OPEN,0,3,0,1,0
2026-05-03 18:07:53,64980,20.35,100.0,14.41,93.5,21,99,CLOSED,CLOSED,OPEN,0,3,0,1,0
2026-05-03 18:08:53,65040,20.22,100.0,14.41,93.6,21,99,CLOSED,CLOSED,OPEN,0,3,0,1,0
2026-05-03 18:09:53,65100,20.13,100.0,14.41,93.7,21,99,CLOSED,CLOSED,MOVING_CLOSE,0,3,0,1,0
2026-05-03 18:10:53,65160,20.10,100.0,14.41,93.7,20,99,CLOSED,CLOSED,MOVING_CLOSE,0,3,0,1,0
2026-05-03 18:11:53,65220,20.07,100.0,14.41,93.8,20,100,CLOSED,CLOSED,MOVING_CLOSE,0,3,0,1,0
2026-05-03 18:12:53,65280,20.04,100.0,14.40,93.9,20,100,CLOSED,CLOSED,CLOSED,0,3,0,1,0
2026-05-03 18:13:53,65340,20.01,100.0,14.40,94.0,20,100,CLOSED,CLOSED,CLOSED,0,3,0,1,0
2026-05-03 18:14:53,65400,19.98,100.0,14.40,94.0,20,100,CLOSED,CLOSED,CLOSED,0,3,0,1,0
2026-05-03 18:15:53,65460,19.95,100.0,14.40,94.1,20,100,CLOSED,CLOSED,CLOSED,0,3,0,1,0
2026-05-03 18:16:53,65520,19.92,100.0,14.40,94.2,20,100,CLOSED,CLOSED,CLOSED,0,3,0,1,0
2026-05-03 18:17:53,65580,19.88,100.0,14.39,94.2,20,100,CLOSED,CLOSED,CLOSED,0,3,0,1,0
2026-05-03 18:18:53,65640,19.85,100.0,14.39,94.3,20,100,CLOSED,CLOSED,CLOSED,0,3,0,1,0
2026-05-03 18:19:53,65700,19.82,100.0,14.39,94.4,20,100,CLOSED,CLOSED,CLOSED,0,3,0,1,0
2026-05-03 18:20:53,65760,19.79,100.0,14.39,94.4,20,100,CLOSED,CLOSED,CLOSED,0,3,0,1,0
2026-05-03 18:21:53,65820,19.75,100.0,14.39,94.5,20,100,CLOSED,CLOSED,CLOSED,0,3,0,1,0
2026-05-03 18:22:53,65880,19.72,100.0,14.38,94.6,20,100,CLOSED,CLOSED,CLOSED,0,3,0,1,0
2026-05-03 18:23:53,65940,19.69,100.0,14.38,94.6,20,100,CLOSED,CLOSED,CLOSED,0,3,0,1,0
2026-05-03 18:24:53,66000,19.65,100.0,14.38,94.7,20,100,CLOSED,CLOSED,CLOSED,0,3,0,1,0
2026-05-03 18:25:53,66060,19.62,100.0,14.38,94.8,20,100,CLOSED,CLOSED,CLOSED,0,3,0,1,0
2026-05-03 18:26:53,66120,19.58,100.0,14.38,94.9,20,100,CLOSED,CLOSED,CLOSED,0,3,0,1,0
2026-05-03 18:27:53,66180,19.55,100.0,14.37,94.9,20,100,CLOSED,CLOSED,CLOSED,0,3,0,1,0
2026-05-03 18:28:53,66240,19.52,100.0,14.37,95.0,20,100,CLOSED,CLOSED,CLOSED,0,3,0,1,0
2026-05-03 18:29:53,66300,19.48,100.0,14.37,95.1,20,100,CLOSED,CLOSED,CLOSED,0,3,0,1,0
2026-05-03 18:30:53,66360,19.45,100.0,14.37,95.1,20,100,CLOSED,CLOSED,CLOSED,0,3,0,1,0
2026-05-03 18:31:53,66420,19.41,100.0,14.37,95.2,20,100,CLOSED,CLOSED,CLOSED,0,3,0,1,0
2026-05-03 18:32:53,66480,19.38,100.0,14.36,95.3,20,100,CLOSED,CLOSED,CLOSED,0,3,0,1,0
2026-05-03 18:33:53,66540,19.34,100.0,14.36,95.3,19,100,CLOSED,CLOSED,CLOSED,0,3,0,1,0
2026-05-03 18:34:53,66600,19.31,100.0,14.36,95.4,19,100,CLOSED,CLOSED,CLOSED,0,3,0,1,0
2026-05-03 18:35:53,66660,19.27,100.0,14.37,95.4,19,100,CLOSED,CLOSED,CLOSED,0,3,0,1,0
2026-05-03 18:36:53,66720,19.23,100.0,14.37,95.4,19,100,CLOSED,CLOSED,CLOSED,0,3,0,1,0
2026-05-03 18:37:53,66780,19.20,100.0,14.38,95.4,19,100,CLOSED,CLOSED,CLOSED,0,3,0,1,0
2026-05-03 18:38:53,66840,19.16,100.0,14.38,95.5,19,100,CLOSED,CLOSED,CLOSED,0,3,0,1,0
2026-05-03 18:39:53,66900,19.13,100.0,14.39,95.5,19,100,CLOSED,CLOSED,CLOSED,0,3,0,1,0
2026-05-03 18:40:53,66960,19.09,100.0,14.39,95.5,19,100,CLOSED,CLOSED,CLOSED,0,3,0,1,0
2026-05-03 18:41:53,67020,19.06,100.0,14.40,95.5,19,100,CLOSED,CLOSED,CLOSED,0,3,0,1,0
2026-05-03 18:42:53,67080,19.02,100.0,14.40,95.5,19,100,CLOSED,CLOSED,CLOSED,0,3,0,1,0
2026-05-03 18:43:53,67140,18.99,100.0,14.41,95.5,19,100,CLOSED,CLOSED,CLOSED,0,3,0,1,0
2026-05-03 18:44:53,67200,18.95,100.0,14.41,95.5,19,100,CLOSED,CLOSED,CLOSED,0,3,0,1,0
2026-05-03 18:45:53,67260,18.92,100.0,14.42,95.5,19,100,CLOSED,CLOSED,CLOSED,0,3,0,1,0
2026-05-03 18:46:53,67320,18.88,100.0,14.42,95.6,19,100,CLOSED,CLOSED,CLOSED,0,3,0,1,0
2026-05-03 18:47:53,67380,18.85,100.0,14.43,95.6,19,100,CLOSED,CLOSED,CLOSED,0,3,0,1,0
2026-05-03 18:48:53,67440,18.81,100.0,14.43,95.6,19,100,CLOSED,CLOSED,CLOSED,0,3,0,1,0
2026-05-03 18:49:53,67500,18.78,100.0,14.44,95.6,19,100,CLOSED,CLOSED,CLOSED,0,3,0,1,0
2026-05-03 18:50:53,67560,18.75,100.0,14.44,95.6,19,100,CLOSED,CLOSED,CLOSED,0,3,0,1,0
2026-05-03 18:51:53,67620,18.71,100.0,14.45,95.6,19,100,CLOSED,CLOSED,CLOSED,0,3,0,1,0
2026-05-03 18:52:53,67680,18.68,100.0,14.45,95.6,19,100,CLOSED,CLOSED,CLOSED,0,3,0,1,0
2026-05-03 18:53:53,67740,18.64,100.0,14.45,95.6,19,100,CLOSED,CLOSED,CLOSED,0,3,0,1,0
2026-05-03 18:54:53,67800,18.61,100.0,14.45,95.6,19,100,CLOSED,CLOSED,CLOSED,0,3,0,1,0
2026-05-03 18:55:53,67860,18.58,100.0,14.46,95.6,19,100,CLOSED,CLOSED,CLOSED,0,3,0,1,0
2026-05-03 18:56:53,67920,18.54,100.0,14.46,95.6,19,100,CLOSED,CLOSED,CLOSED,0,3,0,1,0
2026-05-03 18:57:53,67980,18.51,100.0,14.46,95.7,19,100,CLOSED,CLOSED,CLOSED,0,3,0,1,0
2026-05-03 18:58:53,68040,18.48,100.0,14.46,95.7,19,100,CLOSED,CLOSED,CLOSED,0,3,0,1,0
2026-05-03 18:59:53,68100,18.44,100.0,14.47,95.7,19,100,CLOSED,CLOSED,CLOSED,0,3,0,1,0
2026-05-03 19:00:53,68160,18.41,100.0,14.47,95.7,19,100,CLOSED,CLOSED,CLOSED,0,3,0,1,0
2026-05-03 19:01:53,68220,18.38,100.0,14.47,95.7,19,100,CLOSED,CLOSED,CLOSED,0,3,0,1,0
2026-05-03 19:02:53,68280,18.34,100.0,14.47,95.7,18,100,CLOSED,CLOSED,CLOSED,0,3,0,1,0
2026-05-03 19:03:53,68340,18.31,100.0,14.48,95.7,18,100,CLOSED,CLOSED,CLOSED,0,3,0,1,0
2026-05-03 19:04:53,68400,18.28,100.0,14.48,95.7,18,100,CLOSED,CLOSED,CLOSED,0,3,0,1,0
2026-05-03 19:05:53,68460,18.25,100.0,14.48,95.7,18,100,CLOSED,CLOSED,CLOSED,0,3,0,1,0
2026-05-03 19:06:53,68520,18.22,100.0,14.48,95.7,18,100,CLOSED,CLOSED,CLOSED,0,3,0,1,0
2026-05-03 19:07:53,68580,18.19,100.0,14.48,95.7,18,100,CLOSED,CLOSED,CLOSED,0,3,0,1,0
2026-05-03 19:08:53,68640,18.16,100.0,14.48,95.7,18,100,CLOSED,CLOSED,CLOSED,0,3,0,1,0
2026-05-03 19:09:53,68700,18.13,100.0,14.48,95.7,18,100,CLOSED,CLOSED,CLOSED,0,3,0,0,0
2026-05-03 19:10:53,68760,18.10,100.0,14.48,95.7,18,100,CLOSED,CLOSED,CLOSED,0,3,0,0,0
2026-05-03 19:11:53,68820,18.07,100.0,14.48,95.7,18,100,CLOSED,CLOSED,CLOSED,0,3,0,0,0
2026-05-03 19:12:53,68880,18.04,100.0,14.49,95.7,18,100,CLOSED,CLOSED,CLOSED,0,3,0,0,0
2026-05-03 19:13:53,68940,18.01,100.0,14.49,95.7,18,100,CLOSED,CLOSED,CLOSED,0,3,0,0,0
2026-05-03 19:14:53,69000,17.98,100.0,14.49,95.7,18,100,CLOSED,CLOSED,CLOSED,0,3,0,0,0
2026-05-03 19:15:53,69060,17.95,100.0,14.49,95.7,18,100,CLOSED,CLOSED,CLOSED,0,3,0,0,0
2026-05-03 19:16:53,69120,17.92,100.0,14.49,95.7,18,100,CLOSED,CLOSED,CLOSED,0,3,0,0,0
2026-05-03 19:17:53,69180,17.89,100.0,14.49,95.7,18,100,CLOSED,CLOSED,CLOSED,0,3,0,0,0
2026-05-03 19:18:53,69240,17.86,100.0,14.49,95.7,18,100,CLOSED,CLOSED,CLOSED,0,3,0,0,0
2026-05-03 19:19:53,69300,17.83,100.0,14.49,95.7,18,100,CLOSED,CLOSED,CLOSED,0,3,0,0,0
2026-05-03 19:20:53,69360,17.81,100.0,14.49,95.7,18,100,CLOSED,CLOSED,CLOSED,0,3,0,0,0
2026-05-03 19:21:53,69420,17.78,100.0,14.49,95.7,18,100,CLOSED,CLOSED,CLOSED,0,3,0,0,0
2026-05-03 19:22:53,69480,17.75,100.0,14.49,95.7,18,100,CLOSED,CLOSED,CLOSED,0,3,0,0,0
2026-05-03 19:23:53,69540,17.72,100.0,14.49,95.7,18,100,CLOSED,CLOSED,CLOSED,0,3,0,0,0
2026-05-03 19:24:53,69600,17.70,100.0,14.49,95.7,18,100,CLOSED,CLOSED,CLOSED,0,3,0,0,0
2026-05-03 19:25:53,69660,17.67,100.0,14.49,95.7,18,100,CLOSED,CLOSED,CLOSED,0,3,0,0,0
2026-05-03 19:26:53,69720,17.64,100.0,14.49,95.7,18,100,CLOSED,CLOSED,CLOSED,0,3,0,0,0
2026-05-03 19:27:53,69780,17.62,100.0,14.50,95.7,18,100,CLOSED,CLOSED,CLOSED,0,3,0,0,0
2026-05-03 19:28:53,69840,17.59,100.0,14.50,95.7,18,100,CLOSED,CLOSED,CLOSED,0,3,0,0,0
2026-05-03 19:29:53,69900,17.57,100.0,14.50,95.7,18,100,CLOSED,CLOSED,CLOSED,0,3,0,0,0
2026-05-03 19:30:53,69960,17.54,100.0,14.50,95.7,18,100,CLOSED,CLOSED,CLOSED,0,3,0,0,0
2026-05-03 19:31:53,70020,17.52,100.0,14.50,95.7,18,100,CLOSED,CLOSED,CLOSED,0,3,0,0,0
2026-05-03 19:32:53,70080,17.49,100.0,14.50,95.7,18,100,CLOSED,CLOSED,CLOSED,0,3,0,0,0
2026-05-03 19:33:53,70140,17.47,100.0,14.50,95.7,18,100,CLOSED,CLOSED,CLOSED,0,3,0,0,0
2026-05-03 19:34:53,70200,17.44,100.0,14.50,95.7,18,100,CLOSED,CLOSED,CLOSED,0,3,0,0,0
2026-05-03 19:35:53,70260,17.42,100.0,14.50,95.7,18,100,CLOSED,CLOSED,CLOSED,0,3,0,0,0
2026-05-03 19:36:53,70320,17.39,100.0,14.50,95.7,17,100,CLOSED,CLOSED,CLOSED,0,3,0,0,0
2026-05-03 19:37:53,70380,17.37,100.0,14.50,95.7,17,100,CLOSED,CLOSED,CLOSED,0,3,0,0,0
2026-05-03 19:38:53,70440,17.34,100.0,14.50,95.7,17,100,CLOSED,CLOSED,CLOSED,0,3,0,0,0
2026-05-03 19:39:53,70500,17.32,100.0,14.50,95.7,17,100,CLOSED,CLOSED,CLOSED,0,3,0,0,0
2026-05-03 19:40:53,70560,17.30,100.0,14.50,95.7,17,100,CLOSED,CLOSED,CLOSED,0,3,0,0,0
2026-05-03 19:41:53,70620,17.27,100.0,14.50,95.7,17,100,CLOSED,CLOSED,CLOSED,0,3,0,0,0
2026-05-03 19:42:53,70680,17.25,100.0,14.50,95.8,17,100,CLOSED,CLOSED,CLOSED,0,3,0,0,0
2026-05-03 19:43:53,70740,17.23,100.0,14.50,95.8,17,100,CLOSED,CLOSED,CLOSED,0,3,0,0,0
2026-05-03 19:44:53,70800,17.21,100.0,14.50,95.8,17,100,CLOSED,CLOSED,CLOSED,0,3,0,0,0
2026-05-03 19:45:53,70860,17.18,100.0,14.50,95.8,17,100,CLOSED,CLOSED,CLOSED,0,3,0,0,0
2026-05-03 19:46:53,70920,17.16,100.0,14.50,95.8,17,100,CLOSED,CLOSED,CLOSED,0,3,0,0,0
2026-05-03 19:47:53,70980,17.14,100.0,14.50,95.8,17,100,CLOSED,CLOSED,CLOSED,0,3,0,0,0
2026-05-03 19:48:53,71040,17.12,100.0,14.50,95.8,17,100,CLOSED,CLOSED,CLOSED,0,3,0,0,0
2026-05-03 19:49:53,71100,17.09,100.0,14.50,95.8,17,100,CLOSED,CLOSED,CLOSED,0,3,0,0,0
2026-05-03 19:50:53,71160,17.07,100.0,14.50,95.8,17,100,CLOSED,CLOSED,CLOSED,0,3,0,0,0
2026-05-03 19:51:53,71220,17.05,100.0,14.50,95.8,17,100,CLOSED,CLOSED,CLOSED,0,3,0,0,0
2026-05-03 19:52:53,71280,17.03,100.0,14.49,95.8,17,100,CLOSED,CLOSED,CLOSED,0,3,0,0,0
2026-05-03 19:53:53,71340,17.01,100.0,14.49,95.9,17,100,CLOSED,CLOSED,CLOSED,0,3,0,0,0
2026-05-03 19:54:53,71400,16.99,100.0,14.49,95.9,17,100,CLOSED,CLOSED,CLOSED,0,3,0,0,0
2026-05-03 19:55:53,71460,16.97,100.0,14.49,95.9,17,100,CLOSED,CLOSED,CLOSED,0,3,0,0,0
2026-05-03 19:56:53,71520,16.95,100.0,14.49,95.9,17,100,CLOSED,CLOSED,CLOSED,0,3,0,0,0
2026-05-03 19:57:53,71580,16.93,100.0,14.48,95.9,17,100,CLOSED,CLOSED,CLOSED,0,3,0,0,0
2026-05-03 19:58:53,71640,16.91,100.0,14.48,95.9,17,100,CLOSED,CLOSED,CLOSED,0,3,0,0,0
2026-05-03 19:59:53,71700,16.89,100.0,14.48,95.9,17,100,CLOSED,CLOSED,CLOSED,0,3,0,0,0
2026-05-03 20:00:53,71760,16.87,100.0,14.48,95.9,17,100,CLOSED,CLOSED,CLOSED,0,3,0,0,0
2026-05-03 20:01:53,71820,16.85,100.0,14.48,96.0,17,100,CLOSED,CLOSED,CLOSED,0,3,0,0,0
2026-05-03 20:02:53,71880,16.83,100.0,14.47,96.0,17,100,CLOSED,CLOSED,CLOSED,0,3,0,0,0
2026-05-03 20:03:53,71940,16.81,100.0,14.47,96.0,17,100,CLOSED,CLOSED,CLOSED,0,3,0,0,0
2026-05-03 20:04:53,72000,16.79,100.0,14.47,96.0,17,100,CLOSED,CLOSED,CLOSED,0,3,0,0,0
2026-05-03 20:05:53,72060,16.77,100.0,14.47,96.0,17,100,CLOSED,CLOSED,CLOSED,0,3,0,0,0
2026-05-03 20:06:53,72120,16.75,100.0,14.46,96.0,17,100,CLOSED,CLOSED,CLOSED,0,3,0,0,0
2026-05-03 20:07:53,72180,16.73,100.0,14.46,96.0,17,100,CLOSED,CLOSED,CLOSED,0,3,0,0,0
2026-05-03 20:08:53,72240,16.71,100.0,14.45,96.0,17,100,CLOSED,CLOSED,CLOSED,0,3,0,0,0
2026-05-03 20:09:53,72300,16.69,100.0,14.45,96.0,17,100,CLOSED,CLOSED,CLOSED,0,3,0,0,0
2026-05-03 20:10:53,72360,16.67,100.0,14.44,96.0,17,100,CLOSED,CLOSED,CLOSED,0,3,0,0,0
2026-05-03 20:11:53,72420,16.65,100.0,14.44,96.0,17,100,CLOSED,CLOSED,CLOSED,0,3,0,0,0
2026-05-03 20:12:53,72480,16.64,100.0,14.43,96.0,17,100,CLOSED,CLOSED,CLOSED,0,3,0,0,0
2026-05-03 20:13:53,72540,16.62,100.0,14.43,96.0,17,100,CLOSED,CLOSED,CLOSED,0,3,0,0,0
2026-05-03 20:14:53,72600,16.60,100.0,14.42,96.0,17,100,CLOSED,CLOSED,CLOSED,0,3,0,0,0
2026-05-03 20:15:53,72660,16.58,100.0,14.42,96.0,17,100,CLOSED,CLOSED,CLOSED,0,3,0,0,0
2026-05-03 20:16:53,72720,16.56,100.0,14.41,96.0,17,100,CLOSED,CLOSED,CLOSED,0,3,0,0,0
2026-05-03 20:17:53,72780,16.55,100.0,14.41,96.0,17,100,CLOSED,CLOSED,CLOSED,0,3,0,0,0
2026-05-03 20:18:53,72840,16.53,100.0,14.41,96.0,17,100,CLOSED,CLOSED,CLOSED,0,3,0,0,0
2026-05-03 20:19:53,72900,16.51,100.0,14.40,96.0,17,100,CLOSED,CLOSED,CLOSED,0,3,0,0,0
2026-05-03 20:20:53,72960,16.49,100.0,14.40,96.0,17,100,CLOSED,CLOSED,CLOSED,0,3,0,0,0
2026-05-03 20:21:53,73020,16.48,100.0,14.39,96.0,17,100,CLOSED,CLOSED,CLOSED,0,3,0,0,0
2026-05-03 20:22:53,73080,16.46,100.0,14.39,96.0,17,100,CLOSED,CLOSED,CLOSED,0,3,0,0,0
2026-05-03 20:23:53,73140,16.44,100.0,14.38,96.1,17,100,CLOSED,CLOSED,CLOSED,0,3,0,0,0
2026-05-03 20:24:53,73200,16.42,100.0,14.38,96.1,16,100,CLOSED,CLOSED,CLOSED,0,3,0,0,0
2026-05-03 20:25:53,73260,16.41,100.0,14.38,96.1,16,100,CLOSED,CLOSED,CLOSED,0,3,0,0,0
2026-05-03 20:26:53,73320,16.39,100.0,14.37,96.1,16,100,CLOSED,CLOSED,CLOSED,0,3,0,0,0
2026-05-03 20:27:53,73380,16.37,100.0,14.37,96.1,16,100,CLOSED,CLOSED,CLOSED,0,3,0,0,0
2026-05-03 20:28:53,73440,16.36,100.0,14.36,96.1,16,100,CLOSED,CLOSED,CLOSED,0,3,0,0,0
2026-05-03 20:29:53,73500,16.34,100.0,14.36,96.1,16,100,CLOSED,CLOSED,CLOSED,0,3,0,0,0
2026-05-03 20:30:53,73560,16.32,100.0,14.36,96.1,16,100,CLOSED,CLOSED,CLOSED,0,3,0,0,0
2026-05-03 20:31:53,73620,16.31,100.0,14.35,96.2,16,100,CLOSED,CLOSED,CLOSED,0,3,0,0,0
2026-05-03 20:32:53,73680,16.29,100.0,14.35,96.2,16,100,CLOSED,CLOSED,CLOSED,0,3,0,0,0
2026-05-03 20:33:53,73740,16.27,100.0,14.34,96.2,16,100,CLOSED,CLOSED,CLOSED,0,3,0,0,0
2026-05-03 20:34:53,73800,16.26,100.0,14.34,96.2,16,100,CLOSED,CLOSED,CLOSED,0,3,0,0,0
2026-05-03 20:35:53,73860,16.24,100.0,14.33,96.2,16,100,CLOSED,CLOSED,CLOSED,0,3,0,0,0
2026-05-03 20:36:53,73920,16.23,100.0,14.33,96.2,16,100,CLOSED,CLOSED,CLOSED,0,3,0,0,0
2026-05-03 20:37:53,73980,16.21,100.0,14.32,96.2,16,100,CLOSED,CLOSED,CLOSED,0,3,0,0,0
2026-05-03 20:38:53,74040,16.19,100.0,14.31,96.2,16,100,CLOSED,CLOSED,CLOSED,0,3,0,0,0
2026-05-03 20:39:53,74100,16.18,100.0,14.31,96.2,16,100,CLOSED,CLOSED,CLOSED,0,3,0,0,0
2026-05-03 20:40:53,74160,16.16,100.0,14.30,96.2,16,100,CLOSED,CLOSED,CLOSED,0,3,0,0,0
2026-05-03 20:41:53,74220,16.15,100.0,14.29,96.2,16,100,CLOSED,CLOSED,CLOSED,0,3,0,0,0
2026-05-03 20:42:53,74280,16.13,100.0,14.29,96.2,16,100,CLOSED,CLOSED,CLOSED,0,3,0,0,0
2026-05-03 20:43:53,74340,16.12,100.0,14.28,96.2,16,100,CLOSED,CLOSED,CLOSED,0,3,0,0,0
2026-05-03 20:44:53,74400,16.10,100.0,14.27,96.2,16,100,CLOSED,CLOSED,CLOSED,0,3,0,0,0
2026-05-03 20:45:53,74460,16.09,100.0,14.27,96.2,16,100,CLOSED,CLOSED,CLOSED,0,3,0,0,0
2026-05-03 20:46:53,74520,16.07,100.0,14.26,96.2,16,100,CLOSED,CLOSED,CLOSED,0,3,0,0,0
2026-05-03 20:47:53,74580,16.06,100.0,14.25,96.2,16,100,CLOSED,CLOSED,CLOSED,0,3,0,0,0
2026-05-03 20:48:53,74640,16.04,100.0,14.25,96.2,16,100,CLOSED,CLOSED,CLOSED,0,3,0,0,0
2026-05-03 20:49:53,74700,16.03,100.0,14.24,96.2,16,100,CLOSED,CLOSED,CLOSED,0,3,0,0,0
2026-05-03 20:50:53,74760,16.01,100.0,14.22,96.2,16,100,CLOSED,CLOSED,CLOSED,0,3,0,0,0
2026-05-03 20:51:53,74820,16.00,100.0,14.20,96.2,16,100,CLOSED,CLOSED,CLOSED,0,3,0,0,0
2026-05-03 20:52:53,74880,15.98,100.0,14.18,96.2,16,100,CLOSED,CLOSED,CLOSED,0,3,0,0,0
2026-05-03 20:53:53,74940,15.97,100.0,14.15,96.2,16,100,CLOSED,CLOSED,CLOSED,0,3,0,0,0
2026-05-03 20:54:53,75000,15.95,100.0,14.13,96.2,16,100,CLOSED,CLOSED,CLOSED,0,3,0,0,0
2026-05-03 20:55:53,75060,15.94,100.0,14.11,96.2,16,100,CLOSED,CLOSED,CLOSED,0,3,0,0,0
2026-05-03 20:56:53,75120,15.92,100.0,14.09,96.2,16,100,CLOSED,CLOSED,CLOSED,0,3,0,0,0
2026-05-03 20:57:53,75180,15.90,100.0,14.07,96.2,16,100,CLOSED,CLOSED,CLOSED,0,3,0,0,0
2026-05-03 20:58:53,75240,15.89,100.0,14.05,96.2,16,100,CLOSED,CLOSED,CLOSED,0,3,0,0,0
2026-05-03 20:59:53,75300,15.87,100.0,14.03,96.2,16,100,CLOSED,CLOSED,CLOSED,0,3,0,0,0
2026-05-03 21:00:53,75360,15.86,100.0,14.00,96.2,16,100,CLOSED,CLOSED,CLOSED,0,3,0,0,0
2026-05-03 21:01:53,75420,15.84,100.0,13.98,96.2,16,100,CLOSED,CLOSED,CLOSED,0,3,0,0,0
2026-05-03 21:02:53,75480,15.83,100.0,13.96,96.2,16,100,CLOSED,CLOSED,CLOSED,0,3,0,0,0
2026-05-03 21:03:53,75540,15.81,100.0,13.94,96.2,16,100,CLOSED,CLOSED,CLOSED,0,3,0,0,0
2026-05-03 21:04:53,75600,15.80,100.0,13.92,96.2,16,100,CLOSED,CLOSED,CLOSED,0,3,0,0,0
2026-05-03 21:05:53,75660,15.78,100.0,13.91,96.2,16,100,CLOSED,CLOSED,CLOSED,0,3,0,0,0
2026-05-03 21:06:53,75720,15.76,100.0,13.89,96.2,16,100,CLOSED,CLOSED,CLOSED,0,3,0,0,0
2026-05-03 21:07:53,75780,15.75,100.0,13.88,96.2,16,100,CLOSED,CLOSED,CLOSED,0,3,0,0,0
2026-05-03 21:08:53,75840,15.73,100.0,13.86,96.3,16,100,CLOSED,CLOSED,CLOSED,0,3,0,0,0
2026-05-03 21:09:53,75900,15.72,100.0,13.85,96.3,16,100,CLOSED,CLOSED,CLOSED,0,3,0,0,0
2026-05-03 21:10:53,75960,15.70,100.0,13.83,96.3,16,100,CLOSED,CLOSED,CLOSED,0,3,0,0,0
2026-05-03 21:11:53,76020,15.69,100.0,13.82,96.3,16,100,CLOSED,CLOSED,CLOSED,0,3,0,0,0
2026-05-03 21:12:53,76080,15.67,100.0,13.80,96.3,16,100,CLOSED,CLOSED,CLOSED,0,3,0,0,0
2026-05-03 21:13:53,76140,15.66,100.0,13.79,96.3,16,100,CLOSED,CLOSED,CLOSED,0,3,0,0,0
2026-05-03 21:14:53,76200,15.64,100.0,13.77,96.3,16,100,CLOSED,CLOSED,CLOSED,0,3,0,0,0
2026-05-03 21:15:53,76260,15.62,100.0,13.76,96.3,16,100,CLOSED,CLOSED,CLOSED,0,3,0,0,0
2026-05-03 21:16:53,76320,15.61,100.0,13.75,96.4,16,100,CLOSED,CLOSED,CLOSED,0,3,0,0,0
2026-05-03 21:17:53,76380,15.59,100.0,13.73,96.4,16,100,CLOSED,CLOSED,CLOSED,0,3,0,0,0
2026-05-03 21:18:53,76440,15.58,100.0,13.72,96.4,16,100,CLOSED,CLOSED,CLOSED,0,3,0,0,0
2026-05-03 21:19:53,76500,15.56,100.0,13.70,96.4,16,100,CLOSED,CLOSED,CLOSED,0,3,0,0,0
2026-05-03 21:20:53,76560,15.55,100.0,13.69,96.4,16,100,CLOSED,CLOSED,CLOSED,0,3,0,0,0
2026-05-03 21:21:53,76620,15.53,100.0,13.69,96.4,16,100,CLOSED,CLOSED,CLOSED,0,3,0,0,0
2026-05-03 21:22:53,76680,15.52,100.0,13.68,96.4,16,100,CLOSED,CLOSED,CLOSED,0,3,0,0,0
2026-05-03 21:23:53,76740,15.50,100.0,13.67,96.5,16,100,CLOSED,CLOSED,CLOSED,0,3,0,0,0
2026-05-03 21:24:53,76800,15.49,100.0,13.67,96.5,16,100,CLOSED,CLOSED,CLOSED,0,3,0,0,0
2026-05-03 21:25:53,76860,15.47,100.0,13.66,96.5,16,100,CLOSED,CLOSED,CLOSED,0,3,0,0,0
2026-05-03 21:26:53,76920,15.46,100.0,13.65,96.5,16,100,CLOSED,CLOSED,CLOSED,0,3,0,0,0
2026-05-03 21:27:53,76980,15.44,100.0,13.65,96.5,16,100,CLOSED,CLOSED,CLOSED,0,3,0,0,0
2026-05-03 21:28:53,77040,15.43,100.0,13.64,96.5,15,100,CLOSED,CLOSED,CLOSED,0,3,0,0,0
2026-05-03 21:29:53,77100,15.41,100.0,13.63,96.6,15,100,CLOSED,CLOSED,CLOSED,0,3,0,0,0
2026-05-03 21:30:53,77160,15.40,100.0,13.63,96.6,15,100,CLOSED,CLOSED,CLOSED,0,3,0,0,0
2026-05-03 21:31:53,77220,15.38,100.0,13.62,96.6,15,100,CLOSED,CLOSED,CLOSED,0,3,0,0,0
2026-05-03 21:32:53,77280,15.37,100.0,13.61,96.6,15,100,CLOSED,CLOSED,CLOSED,0,3,0,0,0
2026-05-03 21:33:53,77340,15.35,100.0,13.61,96.6,15,100,CLOSED,CLOSED,CLOSED,0,3,0,0,0
2026-05-03 21:34:53,77400,15.34,100.0,13.60,96.6,15,100,CLOSED,CLOSED,CLOSED,0,3,0,0,0
2026-05-03 21:35:53,77460,15.32,100.0,13.59,96.7,15,100,CLOSED,CLOSED,CLOSED,0,3,0,0,0
2026-05-03 21:36:53,77520,15.31,100.0,13.59,96.7,15,100,CLOSED,CLOSED,CLOSED,0,3,0,0,0
2026-05-03 21:37:53,77580,15.29,100.0,13.58,96.7,15,100,CLOSED,CLOSED,CLOSED,0,3,0,0,0
2026-05-03 21:38:53,77640,15.28,100.0,13.57,96.7,15,100,CLOSED,CLOSED,CLOSED,0,3,0,0,0
2026-05-03 21:39:53,77700,15.27,100.0,13.57,96.7,15,100,CLOSED,CLOSED,CLOSED,0,3,0,0,0
2026-05-03 21:40:53,77760,15.25,100.0,13.56,96.7,15,100,CLOSED,CLOSED,CLOSED,0,3,0,0,0
2026-05-03 21:41:53,77820,15.24,100.0,13.55,96.8,15,100,CLOSED,CLOSED,CLOSED,0,3,0,0,0
2026-05-03 21:42:53,77880,15.22,100.0,13.55,96.8,15,100,CLOSED,CLOSED,CLOSED,0,3,0,0,0
2026-05-03 21:43:53,77940,15.21,100.0,13.54,96.8,15,100,CLOSED,CLOSED,CLOSED,0,3,0,0,0
2026-05-03 21:44:53,78000,15.19,100.0,13.53,96.8,15,100,CLOSED,CLOSED,CLOSED,0,3,0,0,0
2026-05-03 21:45:53,78060,15.18,100.0,13.53,96.8,15,100,CLOSED,CLOSED,CLOSED,0,3,0,0,0
2026-05-03 21:46:53,78120,15.17,100.0,13.52,96.9,15,100,CLOSED,CLOSED,CLOSED,0,3,0,0,0
2026-05-03 21:47:53,78180,15.15,100.0,13.51,96.9,15,100,CLOSED,CLOSED,CLOSED,0,3,0,0,0
2026-05-03 21:48:53,78240,15.14,100.0,13.51,96.9,15,100,CLOSED,CLOSED,CLOSED,0,3,0,0,0
2026-05-03 21:49:53,78300,15.13,100.0,13.50,96.9,15,100,CLOSED,CLOSED,CLOSED,0,3,0,0,0
2026-05-03 21:50:53,78360,15.11,100.0,13.49,96.9,15,100,CLOSED,CLOSED,CLOSED,0,3,0,0,0
2026-05-03 21:51:53,78420,15.10,100.0,13.49,96.9,15,100,CLOSED,CLOSED,CLOSED,0,3,0,0,0
2026-05-03 21:52:53,78480,15.09,100.0,13.48,96.9,15,100,CLOSED,CLOSED,CLOSED,0,3,0,0,0
2026-05-03 21:53:53,78540,15.07,100.0,13.47,96.9,15,100,CLOSED,CLOSED,CLOSED,0,3,0,0,0
2026-05-03 21:54:53,78600,15.06,100.0,13.46,96.9,15,100,CLOSED,CLOSED,CLOSED,0,3,0,0,0
2026-05-03 21:55:53,78660,15.05,100.0,13.46,96.9,15,100,CLOSED,CLOSED,CLOSED,0,3,0,0,0
2026-05-03 21:56:53,78720,15.03,100.0,13.45,96.9,15,100,CLOSED,CLOSED,CLOSED,0,3,0,0,0
2026-05-03 21:57:53,78780,15.02,100.0,13.44,97.0,15,100,CLOSED,CLOSED,CLOSED,0,3,0,0,0
2026-05-03 21:58:53,78840,15.01,100.0,13.43,97.0,15,100,CLOSED,CLOSED,CLOSED,0,3,0,0,0
2026-05-03 21:59:53,78900,14.99,100.0,13.43,97.0,15,100,CLOSED,CLOSED,CLOSED,0,3,0,0,0
2026-05-03 22:00:53,78960,14.98,100.0,13.42,97.0,15,100,CLOSED,CLOSED,CLOSED,0,3,0,0,0
2026-05-03 22:01:53,79020,14.97,100.0,13.41,97.0,15,100,CLOSED,CLOSED,CLOSED,0,3,0,0,0
2026-05-03 22:02:53,79080,14.95,100.0,13.40,97.0,15,100,CLOSED,CLOSED,CLOSED,0,3,0,0,0
2026-05-03 22:03:53,79140,14.94,100.0,13.40,97.0,15,100,CLOSED,CLOSED,CLOSED,0,3,0,0,0
2026-05-03 22:04:53,79200,14.93,100.0,13.39,97.0,15,100,CLOSED,CLOSED,CLOSED,0,3,0,0,0
2026-05-03 22:05:53,79260,14.92,100.0,13.37,97.0,15,100,CLOSED,CLOSED,CLOSED,0,3,0,0,0
2026-05-03 22:06:53,79320,14.90,100.0,13.36,97.0,15,100,CLOSED,CLOSED,CLOSED,0,3,0,0,0
2026-05-03 22:07:53,79380,14.89,100.0,13.34,97.0,15,100,CLOSED,CLOSED,CLOSED,0,3,0,0,0
2026-05-03 22:08:53,79440,14.88,100.0,13.32,97.0,15,100,CLOSED,CLOSED,CLOSED,0,3,0,0,0
2026-05-03 22:09:53,79500,14.86,100.0,13.30,97.0,15,100,CLOSED,CLOSED,CLOSED,0,3,0,0,0
2026-05-03 22:10:53,79560,14.85,100.0,13.29,97.0,15,100,CLOSED,CLOSED,CLOSED,0,3,0,0,0
2026-05-03 22:11:53,79620,14.84,100.0,13.27,97.0,15,100,CLOSED,CLOSED,CLOSED,0,3,0,0,0
2026-05-03 22:12:53,79680,14.82,100.0,13.25,97.0,15,100,CLOSED,CLOSED,CLOSED,0,3,0,0,0
2026-05-03 22:13:53,79740,14.81,100.0,13.23,97.0,15,100,CLOSED,CLOSED,CLOSED,0,3,0,0,0
2026-05-03 22:14:53,79800,14.80,100.0,13.22,97.0,15,100,CLOSED,CLOSED,CLOSED,0,3,0,0,0
2026-05-03 22:15:53,79860,14.78,100.0,13.20,97.0,15,100,CLOSED,CLOSED,CLOSED,0,3,0,0,0
2026-05-03 22:16:53,79920,14.77,100.0,13.18,97.0,15,100,CLOSED,CLOSED,CLOSED,0,3,0,0,0
2026-05-03 22:17:53,79980,14.76,100.0,13.16,97.0,15,100,CLOSED,CLOSED,CLOSED,0,3,0,0,0
2026-05-03 22:18:53,80040,14.74,100.0,13.15,97.0,15,100,CLOSED,CLOSED,CLOSED,0,3,0,0,0
2026-05-03 22:19:53,80100,14.73,100.0,13.13,97.0,15,100,CLOSED,CLOSED,CLOSED,0,3,0,0,0
2026-05-03 22:20:53,80160,14.72,100.0,13.12,97.0,15,100,CLOSED,CLOSED,CLOSED,0,3,0,0,0
2026-05-03 22:21:53,80220,14.70,100.0,13.11,97.0,15,100,CLOSED,CLOSED,CLOSED,0,3,0,0,0
2026-05-03 22:22:53,80280,14.69,100.0,13.10,97.0,15,100,CLOSED,CLOSED,CLOSED,0,3,0,0,0
2026-05-03 22:23:53,80340,14.68,100.0,13.09,97.0,15,100,CLOSED,CLOSED,CLOSED,0,3,0,0,0
2026-05-03 22:24:53,80400,14.66,100.0,13.08,97.0,15,100,CLOSED,CLOSED,CLOSED,0,3,0,0,0
2026-05-03 22:25:53,80460,14.65,100.0,13.07,97.0,15,100,CLOSED,CLOSED,CLOSED,0,3,0,0,0
2026-05-03 22:26:53,80520,14.64,100.0,13.06,97.0,15,100,CLOSED,CLOSED,CLOSED,0,3,0,0,0
2026-05-03 22:27:53,80580,14.62,100.0,13.05,97.0,15,100,CLOSED,CLOSED,CLOSED,0,3,0,0,0
2026-05-03 22:28:53,80640,14.61,100.0,13.04,97.0,15,100,CLOSED,CLOSED,CLOSED,0,3,0,0,0
2026-05-03 22:29:53,80700,14.60,100.0,13.03,97.0,15,100,CLOSED,CLOSED,CLOSED,0,3,0,0,0
2026-05-03 22:30:53,80760,14.59,100.0,13.02,97.0,15,100,CLOSED,CLOSED,CLOSED,0,3,0,0,0
2026-05-03 22:31:53,80820,14.57,100.0,13.01,97.0,15,100,CLOSED,CLOSED,CLOSED,0,3,0,0,0
2026-05-03 22:32:53,80880,14.56,100.0,13.00,97.0,15,100,CLOSED,CLOSED,CLOSED,0,3,0,0,0
2026-05-03 22:33:53,80940,14.55,100.0,12.99,97.0,15,100,CLOSED,CLOSED,CLOSED,0,3,0,0,0
2026-05-03 22:34:53,81000,14.53,100.0,12.98,97.0,15,100,CLOSED,CLOSED,CLOSED,0,3,0,0,0
2026-05-03 22:35:53,81060,14.52,100.0,12.97,97.0,15,100,CLOSED,CLOSED,CLOSED,0,3,0,0,0
2026-05-03 22:36:53,81120,14.51,100.0,12.96,97.0,15,100,CLOSED,CLOSED,CLOSED,0,3,0,0,0
2026-05-03 22:37:53,81180,14.49,100.0,12.95,97.0,15,100,CLOSED,CLOSED,CLOSED,0,3,0,0,0
2026-05-03 22:38:53,81240,14.48,100.0,12.94,97.0,15,100,CLOSED,CLOSED,CLOSED,0,3,0,0,0
2026-05-03 22:39:53,81300,14.47,100.0,12.93,97.0,15,100,CLOSED,CLOSED,CLOSED,0,3,0,0,0
2026-05-03 22:40:53,81360,14.46,100.0,12.92,97.0,15,100,CLOSED,CLOSED,CLOSED,0,3,0,0,0
2026-05-03 22:41:53,81420,14.44,100.0,12.91,97.0,14,100,CLOSED,CLOSED,CLOSED,0,3,0,0,0
2026-05-03 22:42:53,81480,14.43,100.0,12.90,97.0,14,100,CLOSED,CLOSED,CLOSED,0,3,0,0,0
2026-05-03 22:43:53,81540,14.42,100.0,12.89,97.0,14,100,CLOSED,CLOSED,CLOSED,0,3,0,0,0
2026-05-03 22:44:53,81600,14.40,100.0,12.88,97.0,14,100,CLOSED,CLOSED,CLOSED,0,3,0,0,0
2026-05-03 22:45:53,81660,14.39,100.0,12.87,97.0,14,100,CLOSED,CLOSED,CLOSED,0,3,0,0,0
2026-05-03 22:46:53,81720,14.38,100.0,12.86,97.0,14,100,CLOSED,CLOSED,CLOSED,0,3,0,0,0
2026-05-03 22:47:53,81780,14.37,100.0,12.85,97.0,14,100,CLOSED,CLOSED,CLOSED,0,3,0,0,0
2026-05-03 22:48:53,81840,14.35,100.0,12.84,97.0,14,100,CLOSED,CLOSED,CLOSED,0,3,0,0,0
2026-05-03 22:49:53,81900,14.34,100.0,12.83,97.0,14,100,CLOSED,CLOSED,CLOSED,0,3,0,0,0
2026-05-03 22:50:53,81960,14.33,100.0,12.82,97.0,14,100,CLOSED,CLOSED,CLOSED,0,3,0,0,0
2026-05-03 22:51:53,82020,14.32,100.0,12.82,96.9,14,100,CLOSED,CLOSED,CLOSED,0,3,0,0,0
2026-05-03 22:52:53,82080,14.30,100.0,12.81,96.9,14,100,CLOSED,CLOSED,CLOSED,0,3,0,0,0
2026-05-03 22:53:53,82140,14.29,100.0,12.80,96.9,14,100,CLOSED,CLOSED,CLOSED,0,3,0,0,0
2026-05-03 22:54:53,82200,14.28,100.0,12.79,96.9,14,100,CLOSED,CLOSED,CLOSED,0,3,0,0,0
2026-05-03 22:55:53,82260,14.27,100.0,12.79,96.8,14,100,CLOSED,CLOSED,CLOSED,0,3,0,0,0
2026-05-03 22:56:53,82320,14.25,100.0,12.78,96.8,14,100,CLOSED,CLOSED,CLOSED,0,3,0,0,0
2026-05-03 22:57:53,82380,14.24,100.0,12.77,96.8,14,100,CLOSED,CLOSED,CLOSED,0,3,0,0,0
2026-05-03 22:58:53,82440,14.23,100.0,12.76,96.8,14,100,CLOSED,CLOSED,CLOSED,0,3,0,0,0
2026-05-03 22:59:53,82500,14.22,100.0,12.76,96.7,14,100,CLOSED,CLOSED,CLOSED,0,3,0,0,0
2026-05-03 23:00:53,82560,14.21,100.0,12.75,96.7,14,100,CLOSED,CLOSED,CLOSED,0,3,0,0,0
2026-05-03 23:01:53,82620,14.19,100.0,12.74,96.7,14,100,CLOSED,CLOSED,CLOSED,0,3,0,0,0
2026-05-03 23:02:53,82680,14.18,100.0,12.74,96.7,14,100,CLOSED,CLOSED,CLOSED,0,3,0,0,0
2026-05-03 23:03:53,82740,14.17,100.0,12.73,96.6,14,100,CLOSED,CLOSED,CLOSED,0,3,0,0,0
2026-05-03 23:04:53,82800,14.16,100.0,12.72,96.6,14,100,CLOSED,CLOSED,CLOSED,0,3,0,0,0
2026-05-03 23:05:53,82860,14.14,100.0,12.71,96.6,14,100,CLOSED,CLOSED,CLOSED,0,3,0,0,0
2026-05-03 23:06:53,82920,14.13,100.0,12.70,96.6,14,100,CLOSED,CLOSED,CLOSED,0,3,0,0,0
2026-05-03 23:07:53,82980,14.12,100.0,12.69,96.6,14,100,CLOSED,CLOSED,CLOSED,0,3,0,0,0
2026-05-03 23:08:53,83040,14.11,100.0,12.68,96.6,14,100,CLOSED,CLOSED,CLOSED,0,3,0,0,0
2026-05-03 23:09:53,83100,14.10,100.0,12.66,96.6,14,100,CLOSED,CLOSED,CLOSED,0,3,0,0,0
2026-05-03 23:10:53,83160,14.08,100.0,12.65,96.6,14,100,CLOSED,CLOSED,CLOSED,0,3,0,0,0
2026-05-03 23:11:53,83220,14.07,100.0,12.64,96.6,14,100,CLOSED,CLOSED,CLOSED,0,3,0,0,0
2026-05-03 23:12:53,83280,14.06,100.0,12.63,96.5,14,100,CLOSED,CLOSED,CLOSED,0,3,0,0,0
2026-05-03 23:13:53,83340,14.05,100.0,12.62,96.5,14,100,CLOSED,CLOSED,CLOSED,0,3,0,0,0
2026-05-03 23:14:53,83400,14.04,100.0,12.61,96.5,14,100,CLOSED,CLOSED,CLOSED,0,3,0,0,0
2026-05-03 23:15:53,83460,14.03,100.0,12.60,96.5,14,100,CLOSED,CLOSED,CLOSED,0,3,0,0,0
2026-05-03 23:16:53,83520,14.01,100.0,12.58,96.5,14,100,CLOSED,CLOSED,CLOSED,0,3,0,0,0
2026-05-03 23:17:53,83580,14.00,100.0,12.57,96.5,14,100,CLOSED,CLOSED,CLOSED,0,3,0,0,0
2026-05-03 23:18:53,83640,13.99,100.0,12.56,96.5,14,100,CLOSED,CLOSED,CLOSED,0,3,0,0,0
2026-05-03 23:19:53,83700,13.98,100.0,12.55,96.5,14,100,CLOSED,CLOSED,CLOSED,0,3,0,0,0
2026-05-03 23:20:53,83760,13.97,100.0,12.53,96.5,14,100,CLOSED,CLOSED,CLOSED,0,3,0,0,0
2026-05-03 23:21:53,83820,13.95,100.0,12.50,96.5,14,100,CLOSED,CLOSED,CLOSED,0,3,0,0,0
2026-05-03 23:22:53,83880,13.94,100.0,12.48,96.5,14,100,CLOSED,CLOSED,CLOSED,0,3,0,0,0
2026-05-03 23:23:53,83940,13.93,100.0,12.46,96.5,14,100,CLOSED,CLOSED,CLOSED,0,3,0,0,0
2026-05-03 23:24:53,84000,13.92,100.0,12.44,96.5,14,100,CLOSED,CLOSED,CLOSED,0,3,0,0,0
2026-05-03 23:25:53,84060,13.90,100.0,12.41,96.5,14,100,CLOSED,CLOSED,CLOSED,0,3,0,0,0
2026-05-03 23:26:53,84120,13.89,100.0,12.39,96.5,14,100,CLOSED,CLOSED,CLOSED,0,3,0,0,0
2026-05-03 23:27:53,84180,13.88,100.0,12.37,96.4,14,100,CLOSED,CLOSED,CLOSED,0,3,0,0,0
2026-05-03 23:28:53,84240,13.87,100.0,12.35,96.4,14,100,CLOSED,CLOSED,CLOSED,0,3,0,0,0
2026-05-03 23:29:53,84300,13.85,100.0,12.32,96.4,14,100,CLOSED,CLOSED,CLOSED,0,3,0,0,0
2026-05-03 23:30:53,84360,13.84,100.0,12.30,96.4,14,100,CLOSED,CLOSED,CLOSED,0,3,0,0,0
2026-05-03 23:31:53,84420,13.83,100.0,12.28,96.4,14,100,CLOSED,CLOSED,CLOSED,0,3,0,0,0
2026-05-03 23:32:53,84480,13.81,100.0,12.25,96.4,14,100,CLOSED,CLOSED,CLOSED,0,3,0,0,0
2026-05-03 23:33:53,84540,13.80,100.0,12.23,96.4,14,100,CLOSED,CLOSED,CLOSED,0,3,0,0,0
2026-05-03 23:34:53,84600,13.79,100.0,12.21,96.4,14,100,CLOSED,CLOSED,CLOSED,0,3,0,0,0
2026-05-03 23:35:53,84660,13.78,100.0,12.18,96.4,14,100,CLOSED,CLOSED,CLOSED,0,3,0,0,0
2026-05-03 23:36:53,84720,13.76,100.0,12.16,96.4,14,100,CLOSED,CLOSED,CLOSED,0,3,0,0,0
2026-05-03 23:37:53,84780,13.75,100.0,12.13,96.4,14,100,CLOSED,CLOSED,CLOSED,0,3,0,0,0
2026-05-03 23:38:53,84840,13.73,100.0,12.11,96.4,14,100,CLOSED,CLOSED,CLOSED,0,3,0,0,0
2026-05-03 23:39:53,84900,13.72,100.0,12.08,96.4,14,100,CLOSED,CLOSED,CLOSED,0,3,0,0,0
2026-05-03 23:40:53,84960,13.71,100.0,12.06,96.4,14,100,CLOSED,CLOSED,CLOSED,0,3,0,0,0
2026-05-03 23:41:53,85020,13.69,100.0,12.03,96.4,14,100,CLOSED,CLOSED,CLOSED,0,3,0,0,0
2026-05-03 23:42:53,85080,13.68,100.0,12.01,96.5,14,100,CLOSED,CLOSED,CLOSED,0,3,0,0,0
2026-05-03 23:43:53,85140,13.67,100.0,11.98,96.5,14,100,CLOSED,CLOSED,CLOSED,0,3,0,0,0
2026-05-03 23:44:53,85200,13.65,100.0,11.96,96.5,14,100,CLOSED,CLOSED,CLOSED,0,3,0,0,0
2026-05-03 23:45:53,85260,13.64,100.0,11.93,96.5,14,100,CLOSED,CLOSED,CLOSED,0,3,0,0,0
2026-05-03 23:46:53,85320,13.62,100.0,11.91,96.5,14,100,CLOSED,CLOSED,CLOSED,0,3,0,0,0
2026-05-03 23:47:53,85380,13.61,100.0,11.88,96.5,14,100,CLOSED,CLOSED,CLOSED,0,3,0,0,0
2026-05-03 23:48:53,85440,13.59,100.0,11.85,96.5,14,100,CLOSED,CLOSED,CLOSED,0,3,0,0,0
