datetime,elapsed_s,T_in_C,RH_in_pct,T_out_C,RH_out_pct,t_avg_C,rh_avg_pct,M1_state,M2_state,M3_state,step_t,step_rh,step_resolved,is_daytime,wind_override
2026-05-02 00:04:54,0,5.83,100.0,5.83,86.2,6,100,CLOSED,CLOSED,CLOSED,0,3,0,0,0
2026-05-02 00:05:54,60,5.83,100.0,5.81,86.3,6,100,CLOSED,CLOSED,CLOSED,0,3,0,0,0
2026-05-02 00:06:54,120,5.83,100.0,5.79,86.5,6,100,CLOSED,CLOSED,CLOSED,0,3,0,0,0
2026-05-02 00:07:54,180,5.83,100.0,5.77,86.6,6,100,CLOSED,CLOSED,CLOSED,0,3,0,0,0
2026-05-02 00:08:54,240,5.83,100.0,5.75,86.7,6,100,CLOSED,CLOSED,CLOSED,0,3,0,0,0
2026-05-02 00:09:54,300,5.83,100.0,5.73,86.8,6,100,CLOSED,CLOSED,CLOSED,0,3,0,0,0
2026-05-02 00:10:54,360,5.83,100.0,5.71,87.0,6,100,CLOSED,CLOSED,CLOSED,0,3,0,0,0
2026-05-02 00:11:54,420,5.83,100.0,5.69,87.1,6,100,CLOSED,CLOSED,CLOSED,0,3,0,0,0
2026-05-02 00:12:54,480,5.82,100.0,5.67,87.2,6,100,CLOSED,CLOSED,CLOSED,0,3,0,0,0
2026-05-02 00:13:54,540,5.82,100.0,5.65,87.3,6,100,CLOSED,CLOSED,CLOSED,0,3,0,0,0
2026-05-02 00:14:54,600,5.82,100.0,5.62,87.5,6,100,CLOSED,CLOSED,CLOSED,0,3,0,0,0
2026-05-02 00:15:54,660,5.82,100.0,5.60,87.6,6,100,CLOSED,CLOSED,CLOSED,0,3,0,0,0
2026-05-02 00:16:54,720,5.82,100.0,5.58,87.7,6,100,CLOSED,CLOSED,CLOSED,0,3,0,0,0
2026-05-02 00:17:54,780,5.82,100.0,5.56,87.8,6,100,CLOSED,CLOSED,CLOSED,0,3,0,0,0
2026-05-02 00:18:54,840,5.81,100.0,5.54,88.0,6,100,CLOSED,CLOSED,CLOSED,0,3,0,0,0
2026-05-02 00:19:54,900,5.81,100.0,5.52,88.1,6,100,CLOSED,CLOSED,CLOSED,0,3,0,0,0
2026-05-02 00:20:54,960,5.81,100.0,5.51,88.1,6,100,CLOSED,CLOSED,CLOSED,0,3,0,0,0
2026-05-02 00:21:54,1020,5.81,100.0,5.50,88.2,6,100,CLOSED,CLOSED,CLOSED,0,3,0,0,0
2026-05-02 00:22:54,1080,5.80,100.0,5.50,88.2,6,100,CLOSED,CLOSED,CLOSED,0,3,0,0,0
2026-05-02 00:23:54,1140,5.80,100.0,5.49,88.3,6,100,CLOSED,CLOSED,CLOSED,0,3,0,0,0
2026-05-02 00:24:54,1200,5.80,100.0,5.48,88.3,6,100,CLOSED,CLOSED,CLOSED,0,3,0,0,0
2026-05-02 00:25:54,1260,5.80,100.0,5.47,88.4,6,100,CLOSED,CLOSED,CLOSED,0,3,0,0,0
2026-05-02 00:26:54,1320,5.79,100.0,5.46,88.4,6,100,CLOSED,CLOSED,CLOSED,0,3,0,0,0
2026-05-02 00:27:54,1380,5.79,100.0,5.46,88.5,6,100,CLOSED,CLOSED,CLOSED,0,3,0,0,0
2026-05-02 00:28:54,1440,5.79,100.0,5.45,88.5,6,100,CLOSED,CLOSED,CLOSED,0,3,0,0,0
2026-05-02 00:29:54,1500,5.78,100.0,5.44,88.6,6,100,CLOSED,CLOSED,CLOSED,0,3,0,0,0
2026-05-02 00:30:54,1560,5.78,100.0,5.43,88.6,6,100,CLOSED,CLOSED,CLOSED,0,3,0,0,0
2026-05-02 00:31:54,1620,5.78,100.0,5.42,88.7,6,100,CLOSED,CLOSED,CLOSED,0,3,0,0,0
2026-05-02 00:32:54,1680,5.78,100.0,5.42,88.7,6,100,CLOSED,CLOSED,CLOSED,0,3,0,0,0
2026-05-02 00:33:54,1740,5.77,100.0,5.41,88.8,6,100,CLOSED,CLOSED,CLOSED,0,3,0,0,0
2026-05-02 00:34:54,1800,5.77,100.0,5.40,88.8,6,100,CLOSED,CLOSED,CLOSED,0,3,0,0,0
2026-05-02 00:35:54,1860,5.77,100.0,5.37,88.8,6,100,CLOSED,CLOSED,CLOSED,0,3,0,0,0
2026-05-02 00:36:54,1920,5.76,100.0,5.35,88.7,6,100,CLOSED,CLOSED,CLOSED,0,3,0,0,0
2026-05-02 00:37:54,1980,5.76,100.0,5.32,88.7,6,100,CLOSED,CLOSED,CLOSED,0,3,0,0,0
2026-05-02 00:38:54,2040,5.76,100.0,5.30,88.6,6,100,CLOSED,CLOSED,CLOSED,0,3,0,0,0
2026-05-02 00:39:54,2100,5.75,100.0,5.27,88.6,6,100,CLOSED,CLOSED,CLOSED,0,3,0,0,0
2026-05-02 00:40:54,2160,5.75,100.0,5.25,88.5,6,100,CLOSED,CLOSED,CLOSED,0,3,0,0,0
2026-05-02 00:41:54,2220,5.74,100.0,5.22,88.5,6,100,CLOSED,CLOSED,CLOSED,0,3,0,0,0
2026-05-02 00:42:54,2280,5.74,100.0,5.20,88.4,6,100,CLOSED,CLOSED,CLOSED,0,3,0,0,0
2026-05-02 00:43:54,2340,5.73,100.0,5.17,88.4,6,100,CLOSED,CLOSED,CLOSED,0,3,0,0,0
2026-05-02 00:44:54,2400,5.73,100.0,5.15,88.3,6,100,CLOSED,CLOSED,CLOSED,0,3,0,0,0
2026-05-02 00:45:54,2460,5.72,100.0,5.12,88.3,6,100,CLOSED,CLOSED,CLOSED,0,3,0,0,0
2026-05-02 00:46:54,2520,5.72,100.0,5.10,88.2,6,100,CLOSED,CLOSED,CLOSED,0,3,0,0,0
2026-05-02 00:47:54,2580,5.71,100.0,5.07,88.2,6,100,CLOSED,CLOSED,CLOSED,0,3,0,0,0
2026-05-02 00:48:54,2640,5.71,100.0,5.05,88.1,6,100,CLOSED,CLOSED,CLOSED,0,3,0,0,0
2026-05-02 00:49:54,2700,5.70,100.0,5.02,88.1,6,100,CLOSED,CLOSED,CLOSED,0,3,0,0,0
2026-05-02 00:50:54,2760,5.70,100.0,4.98,88.2,6,100,CLOSED,CLOSED,CLOSED,0,3,0,0,0
2026-05-02 00:51:54,2820,5.69,100.0,4.95,88.3,6,100,CLOSED,CLOSED,CLOSED,0,3,0,0,0
2026-05-02 00:52:54,2880,5.68,100.0,4.91,88.4,6,100,CLOSED,CLOSED,CLOSED,0,3,0,0,0
2026-05-02 00:53:54,2940,5.68,100.0,4.87,88.6,6,100,CLOSED,CLOSED,CLOSED,0,3,0,0,0
2026-05-02 00:54:54,3000,5.67,100.0,4.83,88.7,6,100,CLOSED,CLOSED,CLOSED,0,3,0,0,0
2026-05-02 00:55:54,3060,5.66,100.0,4.80,88.8,6,100,CLOSED,CLOSED,CLOSED,0,3,0,0,0
2026-05-02 00:56:54,3120,5.66,100.0,4.76,88.9,6,100,CLOSED,CLOSED,CLOSED,0,3,0,0,0
2026-05-02 00:57:54,3180,5.65,100.0,4.72,89.0,6,100,CLOSED,CLOSED,CLOSED,0,3,0,0,0
2026-05-02 00:58:54,3240,5.64,100.0,4.68,89.1,6,100,CLOSED,CLOSED,CLOSED,0,3,0,0,0
2026-05-02 00:59:54,3300,5.63,100.0,4.65,89.2,6,100,CLOSED,CLOSED,CLOSED,0,3,0,0,0
2026-05-02 01:00:54,3360,5.62,100.0,4.61,89.3,6,100,CLOSED,CLOSED,CLOSED,0,3,0,0,0
2026-05-02 01:01:54,3420,5.62,100.0,4.57,89.5,6,100,CLOSED,CLOSED,CLOSED,0,3,0,0,0
2026-05-02 01:02:54,3480,5.61,100.0,4.53,89.6,6,100,CLOSED,CLOSED,CLOSED,0,3,0,0,0
2026-05-02 01:03:54,3540,5.60,100.0,4.50,89.7,6,100,CLOSED,CLOSED,CLOSED,0,3,0,0,0
2026-05-02 01:04:54,3600,5.59,100.0,4.46,89.8,6,100,CLOSED,CLOSED,CLOSED,0,3,0,0,0
2026-05-02 01:05:54,3660,5.58,100.0,4.46,89.9,6,100,CLOSED,CLOSED,CLOSED,0,3,0,0,0
2026-05-02 01:06:54,3720,5.57,100.0,4.46,90.0,6,100,CLOSED,CLOSED,CLOSED,0,3,0,0,0
2026-05-02 01:07:54,3780,5.56,100.0,4.46,90.2,6,100,CLOSED,CLOSED,CLOSED,0,3,0,0,0
2026-05-02 01:08:54,3840,5.55,100.0,4.45,90.3,6,100,CLOSED,CLOSED,CLOSED,0,3,0,0,0
2026-05-02 01:09:54,3900,5.54,100.0,4.45,90.4,6,100,CLOSED,CLOSED,CLOSED,0,3,0,0,0
2026-05-02 01:10:54,3960,5.53,100.0,4.45,90.5,6,100,CLOSED,CLOSED,CLOSED,0,3,0,0,0
2026-05-02 01:11:54,4020,5.52,100.0,4.45,90.6,6,100,CLOSED,CLOSED,CLOSED,0,3,0,0,0
2026-05-02 01:12:54,4080,5.52,100.0,4.45,90.8,6,100,CLOSED,CLOSED,CLOSED,0,3,0,0,0
2026-05-02 01:13:54,4140,5.51,100.0,4.45,90.9,6,100,CLOSED,CLOSED,CLOSED,0,3,0,0,0
2026-05-02 01:14:54,4200,5.50,100.0,4.44,91.0,6,100,CLOSED,CLOSED,CLOSED,0,3,0,0,0
2026-05-02 01:15:54,4260,5.49,100.0,4.44,91.1,6,100,CLOSED,CLOSED,CLOSED,0,3,0,0,0
2026-05-02 01:16:54,4320,5.48,100.0,4.44,91.2,6,100,CLOSED,CLOSED,CLOSED,0,3,0,0,0
2026-05-02 01:17:54,4380,5.47,100.0,4.44,91.4,6,100,CLOSED,CLOSED,CLOSED,0,3,0,0,0
2026-05-02 01:18:54,4440,5.46,100.0,4.44,91.5,5,100,CLOSED,CLOSED,CLOSED,0,3,0,0,0
2026-05-02 01:19:54,4500,5.45,100.0,4.44,91.6,5,100,CLOSED,CLOSED,CLOSED,0,3,0,0,0
2026-05-02 01:20:54,4560,5.45,100.0,4.43,91.7,5,100,CLOSED,CLOSED,CLOSED,0,3,0,0,0
2026-05-02 01:21:54,4620,5.44,100.0,4.43,91.8,5,100,CLOSED,CLOSED,CLOSED,0,3,0,0,0
2026-05-02 01:22:54,4680,5.43,100.0,4.43,92.0,5,100,CLOSED,CLOSED,CLOSED,0,3,0,0,0
2026-05-02 01:23:54,4740,5.42,100.0,4.43,92.1,5,100,CLOSED,CLOSED,CLOSED,0,3,0,0,0
2026-05-02 01:24:54,4800,5.41,100.0,4.43,92.2,5,100,CLOSED,CLOSED,CLOSED,0,3,0,0,0
2026-05-02 01:25:54,4860,5.40,100.0,4.42,92.3,5,100,CLOSED,CLOSED,CLOSED,0,3,0,0,0
2026-05-02 01:26:54,4920,5.40,100.0,4.42,92.4,5,100,CLOSED,CLOSED,CLOSED,0,3,0,0,0
2026-05-02 01:27:54,4980,5.39,100.0,4.42,92.6,5,100,CLOSED,CLOSED,CLOSED,0,3,0,0,0
2026-05-02 01:28:54,5040,5.38,100.0,4.42,92.7,5,100,CLOSED,CLOSED,CLOSED,0,3,0,0,0
2026-05-02 01:29:54,5100,5.37,100.0,4.42,92.8,5,100,CLOSED,CLOSED,CLOSED,0,3,0,0,0
2026-05-02 01:30:54,5160,5.36,100.0,4.42,92.9,5,100,CLOSED,CLOSED,CLOSED,0,3,0,0,0
2026-05-02 01:31:54,5220,5.36,100.0,4.42,93.0,5,100,CLOSED,CLOSED,CLOSED,0,3,0,0,0
2026-05-02 01:32:54,5280,5.35,100.0,4.41,93.2,5,100,CLOSED,CLOSED,CLOSED,0,3,0,0,0
2026-05-02 01:33:54,5340,5.34,100.0,4.41,93.3,5,100,CLOSED,CLOSED,CLOSED,0,3,0,0,0
2026-05-02 01:34:54,5400,5.33,100.0,4.41,93.4,5,100,CLOSED,CLOSED,CLOSED,0,3,0,0,0
2026-05-02 01:35:54,5460,5.32,100.0,4.39,93.4,5,100,CLOSED,CLOSED,CLOSED,0,3,0,0,0
2026-05-02 01:36:54,5520,5.32,100.0,4.36,93.4,5,100,CLOSED,CLOSED,CLOSED,0,3,0,0,0
2026-05-02 01:37:54,5580,5.31,100.0,4.34,93.4,5,100,CLOSED,CLOSED,CLOSED,0,3,0,0,0
2026-05-02 01:38:54,5640,5.30,100.0,4.32,93.4,5,100,CLOSED,CLOSED,CLOSED,0,3,0,0,0
2026-05-02 01:39:54,5700,5.29,100.0,4.29,93.4,5,100,CLOSED,CLOSED,CLOSED,0,3,0,0,0
2026-05-02 01:40:54,5760,5.28,100.0,4.27,93.4,5,100,CLOSED,CLOSED,CLOSED,0,3,0,0,0
2026-05-02 01:41:54,5820,5.28,100.0,4.25,93.4,5,100,CLOSED,CLOSED,CLOSED,0,3,0,0,0
2026-05-02 01:42:54,5880,5.27,100.0,4.22,93.4,5,100,CLOSED,CLOSED,CLOSED,0,3,0,0,0
2026-05-02 01:43:54,5940,5.26,100.0,4.20,93.4,5,100,CLOSED,CLOSED,CLOSED,0,3,0,0,0
2026-05-02 01:44:54,6000,5.25,100.0,4.18,93.4,5,100,CLOSED,CLOSED,CLOSED,0,3,0,0,0
2026-05-02 01:45:54,6060,5.24,100.0,4.15,93.4,5,100,CLOSED,CLOSED,CLOSED,0,3,0,0,0
2026-05-02 01:46:54,6120,5.23,100.0,4.13,93.4,5,100,CLOSED,CLOSED,CLOSED,0,3,0,0,0
2026-05-02 01:47:54,6180,5.22,100.0,4.11,93.4,5,100,CLOSED,CLOSED,CLOSED,0,3,0,0,0
2026-05-02 01:48:54,6240,5.21,100.0,4.08,93.4,5,100,CLOSED,CLOSED,CLOSED,0,3,0,0,0
2026-05-02 01:49:54,6300,5.20,100.0,4.06,93.4,5,100,CLOSED,CLOSED,CLOSED,0,3,0,0,0
2026-05-02 01:50:54,6360,5.19,100.0,4.07,93.4,5,100,CLOSED,CLOSED,CLOSED,0,3,0,0,0
2026-05-02 01:51:54,6420,5.18,100.0,4.07,93.5,5,100,CLOSED,CLOSED,CLOSED,0,3,0,0,0
2026-05-02 01:52:54,6480,5.17,100.0,4.08,93.5,5,100,CLOSED,CLOSED,CLOSED,0,3,0,0,0
2026-05-02 01:53:54,6540,5.17,100.0,4.08,93.6,5,100,CLOSED,CLOSED,CLOSED,0,3,0,0,0
2026-05-02 01:54:54,6600,5.16,100.0,4.09,93.6,5,100,CLOSED,CLOSED,CLOSED,0,3,0,0,0
2026-05-02 01:55:54,6660,5.15,100.0,4.09,93.7,5,100,CLOSED,CLOSED,CLOSED,0,3,0,0,0
2026-05-02 01:56:54,6720,5.14,100.0,4.10,93.7,5,100,CLOSED,CLOSED,CLOSED,0,3,0,0,0
2026-05-02 01:57:54,6780,5.13,100.0,4.11,93.7,5,100,CLOSED,CLOSED,CLOSED,0,3,0,0,0
2026-05-02 01:58:54,6840,5.12,100.0,4.11,93.8,5,100,CLOSED,CLOSED,CLOSED,0,3,0,0,0
2026-05-02 01:59:54,6900,5.11,100.0,4.12,93.8,5,100,CLOSED,CLOSED,CLOSED,0,3,0,0,0
2026-05-02 02:00:54,6960,5.11,100.0,4.12,93.9,5,100,CLOSED,CLOSED,CLOSED,0,3,0,0,0
2026-05-02 02:01:54,7020,5.10,100.0,4.13,93.9,5,100,CLOSED,CLOSED,CLOSED,0,3,0,0,0
2026-05-02 02:02:54,7080,5.09,100.0,4.13,94.0,5,100,CLOSED,CLOSED,CLOSED,0,3,0,0,0
2026-05-02 02:03:54,7140,5.08,100.0,4.14,94.0,5,100,CLOSED,CLOSED,CLOSED,0,3,0,0,0
2026-05-02 02:04:54,7200,5.07,100.0,4.14,94.0,5,100,CLOSED,CLOSED,CLOSED,0,3,0,0,0
2026-05-02 02:05:54,7260,5.07,100.0,4.15,94.1,5,100,CLOSED,CLOSED,CLOSED,0,3,0,0,0
2026-05-02 02:06:54,7320,5.06,100.0,4.16,94.1,5,100,CLOSED,CLOSED,CLOSED,0,3,0,0,0
2026-05-02 02:07:54,7380,5.05,100.0,4.16,94.2,5,100,CLOSED,CLOSED,CLOSED,0,3,0,0,0
2026-05-02 02:08:54,7440,5.04,100.0,4.17,94.2,5,100,CLOSED,CLOSED,CLOSED,0,3,0,0,0
2026-05-02 02:09:54,7500,5.04,100.0,4.17,94.3,5,100,CLOSED,CLOSED,CLOSED,0,3,0,0,0
2026-05-02 02:10:54,7560,5.03,100.0,4.18,94.3,5,100,CLOSED,CLOSED,CLOSED,0,3,0,0,0
2026-05-02 02:11:54,7620,5.02,100.0,4.18,94.3,5,100,CLOSED,CLOSED,CLOSED,0,3,0,0,0
2026-05-02 02:12:54,7680,5.01,100.0,4.19,94.4,5,100,CLOSED,CLOSED,CLOSED,0,3,0,0,0
2026-05-02 02:13:54,7740,5.01,100.0,4.20,94.4,5,100,CLOSED,CLOSED,CLOSED,0,3,0,0,0
2026-05-02 02:14:54,7800,5.00,100.0,4.20,94.5,5,100,CLOSED,CLOSED,CLOSED,0,3,0,0,0
2026-05-02 02:15:54,7860,4.99,100.0,4.21,94.5,5,100,CLOSED,CLOSED,CLOSED,0,3,0,0,0
2026-05-02 02:16:54,7920,4.99,100.0,4.21,94.6,5,100,CLOSED,CLOSED,CLOSED,0,3,0,0,0
2026-05-02 02:17:54,7980,4.98,100.0,4.22,94.6,5,100,CLOSED,CLOSED,CLOSED,0,3,0,0,0
2026-05-02 02:18:54,8040,4.98,100.0,4.22,94.7,5,100,CLOSED,CLOSED,CLOSED,0,3,0,0,0
2026-05-02 02:19:54,8100,4.97,100.0,4.23,94.7,5,100,CLOSED,CLOSED,CLOSED,0,3,0,0,0
2026-05-02 02:20:54,8160,4.96,100.0,4.21,94.7,5,100,CLOSED,CLOSED,CLOSED,0,3,0,0,0
2026-05-02 02:21:54,8220,4.96,100.0,4.18,94.7,5,100,CLOSED,CLOSED,CLOSED,0,3,0,0,0
2026-05-02 02:22:54,8280,4.95,100.0,4.16,94.7,5,100,CLOSED,CLOSED,CLOSED,0,3,0,0,0
2026-05-02 02:23:54,8340,4.94,100.0,4.13,94.6,5,100,CLOSED,CLOSED,CLOSED,0,3,0,0,0
2026-05-02 02:24:54,8400,4.94,100.0,4.11,94.6,5,100,CLOSED,CLOSED,CLOSED,0,3,0,0,0
2026-05-02 02:25:54,8460,4.93,100.0,4.08,94.6,5,100,CLOSED,CLOSED,CLOSED,0,3,0,0,0
2026-05-02 02:26:54,8520,4.92,100.0,4.05,94.6,5,100,CLOSED,CLOSED,CLOSED,0,3,0,0,0
2026-05-02 02:27:54,8580,4.91,100.0,4.03,94.6,5,100,CLOSED,CLOSED,CLOSED,0,3,0,0,0
2026-05-02 02:28:54,8640,4.91,100.0,4.00,94.6,5,100,CLOSED,CLOSED,CLOSED,0,3,0,0,0
2026-05-02 02:29:54,8700,4.90,100.0,3.98,94.6,5,100,CLOSED,CLOSED,CLOSED,0,3,0,0,0
2026-05-02 02:30:54,8760,4.89,100.0,3.95,94.6,5,100,CLOSED,CLOSED,CLOSED,0,3,0,0,0
2026-05-02 02:31:54,8820,4.88,100.0,3.93,94.5,5,100,CLOSED,CLOSED,CLOSED,0,3,0,0,0
2026-05-02 02:32:54,8880,4.88,100.0,3.90,94.5,5,100,CLOSED,CLOSED,CLOSED,0,3,0,0,0
2026-05-02 02:33:54,8940,4.87,100.0,3.88,94.5,5,100,CLOSED,CLOSED,CLOSED,0,3,0,0,0
2026-05-02 02:34:54,9000,4.86,100.0,3.85,94.5,5,100,CLOSED,CLOSED,CLOSED,0,3,0,0,0
2026-05-02 02:35:54,9060,4.85,100.0,3.88,94.5,5,100,CLOSED,CLOSED,CLOSED,0,3,0,0,0
2026-05-02 02:36:54,9120,4.84,100.0,3.92,94.6,5,100,CLOSED,CLOSED,CLOSED,0,3,0,0,0
2026-05-02 02:37:54,9180,4.84,100.0,3.96,94.6,5,100,CLOSED,CLOSED,CLOSED,0,3,0,0,0
2026-05-02 02:38:54,9240,4.83,100.0,3.99,94.7,5,100,CLOSED,CLOSED,CLOSED,0,3,0,0,0
2026-05-02 02:39:54,9300,4.82,100.0,4.03,94.7,5,100,CLOSED,CLOSED,CLOSED,0,3,0,0,0
2026-05-02 02:40:54,9360,4.82,100.0,4.06,94.8,5,100,CLOSED,CLOSED,CLOSED,0,3,0,0,0
2026-05-02 02:41:54,9420,4.81,100.0,4.10,94.8,5,100,CLOSED,CLOSED,CLOSED,0,3,0,0,0
2026-05-02 02:42:54,9480,4.80,100.0,4.13,94.9,5,100,CLOSED,CLOSED,CLOSED,0,3,0,0,0
2026-05-02 02:43:54,9540,4.80,100.0,4.17,94.9,5,100,CLOSED,CLOSED,CLOSED,0,3,0,0,0
2026-05-02 02:44:54,9600,4.79,100.0,4.20,95.0,5,100,CLOSED,CLOSED,CLOSED,0,3,0,0,0
2026-05-02 02:45:54,9660,4.79,100.0,4.24,95.0,5,100,CLOSED,CLOSED,CLOSED,0,3,0,0,0
2026-05-02 02:46:54,9720,4.78,100.0,4.27,95.1,5,100,CLOSED,CLOSED,CLOSED,0,3,0,0,0
2026-05-02 02:47:54,9780,4.78,100.0,4.31,95.1,5,100,CLOSED,CLOSED,CLOSED,0,3,0,0,0
2026-05-02 02:48:54,9840,4.78,100.0,4.34,95.2,5,100,CLOSED,CLOSED,CLOSED,0,3,0,0,0
2026-05-02 02:49:54,9900,4.77,100.0,4.38,95.2,5,100,CLOSED,CLOSED,CLOSED,0,3,0,0,0
2026-05-02 02:50:54,9960,4.77,100.0,4.39,95.2,5,100,CLOSED,CLOSED,CLOSED,0,3,0,0,0
2026-05-02 02:51:54,10020,4.77,100.0,4.39,95.2,5,100,CLOSED,CLOSED,CLOSED,0,3,0,0,0
2026-05-02 02:52:54,10080,4.76,100.0,4.40,95.3,5,100,CLOSED,CLOSED,CLOSED,0,3,0,0,0
2026-05-02 02:53:54,10140,4.76,100.0,4.41,95.3,5,100,CLOSED,CLOSED,CLOSED,0,3,0,0,0
2026-05-02 02:54:54,10200,4.76,100.0,4.42,95.3,5,100,CLOSED,CLOSED,CLOSED,0,3,0,0,0
2026-05-02 02:55:54,10260,4.75,100.0,4.42,95.3,5,100,CLOSED,CLOSED,CLOSED,0,3,0,0,0
2026-05-02 02:56:54,10320,4.75,100.0,4.43,95.3,5,100,CLOSED,CLOSED,CLOSED,0,3,0,0,0
2026-05-02 02:57:54,10380,4.75,100.0,4.44,95.4,5,100,CLOSED,CLOSED,CLOSED,0,3,0,0,0
2026-05-02 02:58:54,10440,4.75,100.0,4.45,95.4,5,100,CLOSED,CLOSED,CLOSED,0,3,0,0,0
2026-05-02 02:59:54,10500,4.74,100.0,4.45,95.4,5,100,CLOSED,CLOSED,CLOSED,0,3,0,0,0
2026-05-02 03:00:54,10560,4.74,100.0,4.46,95.4,5,100,CLOSED,CLOSED,CLOSED,0,3,0,0,0
2026-05-02 03:01:54,10620,4.74,100.0,4.47,95.4,5,100,CLOSED,CLOSED,CLOSED,0,3,0,0,0
2026-05-02 03:02:54,10680,4.74,100.0,4.48,95.5,5,100,CLOSED,CLOSED,CLOSED,0,3,0,0,0
2026-05-02 03:03:54,10740,4.74,100.0,4.48,95.5,5,100,CLOSED,CLOSED,CLOSED,0,3,0,0,0
2026-05-02 03:04:54,10800,4.73,100.0,4.49,95.5,5,100,CLOSED,CLOSED,CLOSED,0,3,0,0,0
2026-05-02 03:05:54,10860,4.73,100.0,4.50,95.5,5,100,CLOSED,CLOSED,CLOSED,0,3,0,0,0
2026-05-02 03:06:54,10920,4.73,100.0,4.50,95.5,5,100,CLOSED,CLOSED,CLOSED,0,3,0,0,0
2026-05-02 03:07:54,10980,4.73,100.0,4.51,95.5,5,100,CLOSED,CLOSED,CLOSED,0,3,0,0,0
2026-05-02 03:08:54,11040,4.73,100.0,4.51,95.5,5,100,CLOSED,CLOSED,CLOSED,0,3,0,0,0
2026-05-02 03:09:54,11100,4.72,100.0,4.52,95.5,5,100,CLOSED,CLOSED,CLOSED,0,3,0,0,0
2026-05-02 03:10:54,11160,4.72,100.0,4.53,95.5,5,100,CLOSED,CLOSED,CLOSED,0,3,0,0,0
2026-05-02 03:11:54,11220,4.72,100.0,4.53,95.5,5,100,CLOSED,CLOSED,CLOSED,0,3,0,0,0
2026-05-02 03:12:54,11280,4.72,100.0,4.54,95.5,5,100,CLOSED,CLOSED,CLOSED,0,3,0,0,0
2026-05-02 03:13:54,11340,4.72,100.0,4.54,95.5,5,100,CLOSED,CLOSED,CLOSED,0,3,0,0,0
2026-05-02 03:14:54,11400,4.72,100.0,4.55,95.5,5,100,CLOSED,CLOSED,CLOSED,0,3,0,0,0
2026-05-02 03:15:54,11460,4.71,100.0,4.56,95.5,5,100,CLOSED,CLOSED,CLOSED,0,3,0,0,0
2026-05-02 03:16:54,11520,4.71,100.0,4.56,95.5,5,100,CLOSED,CLOSED,CLOSED,0,3,0,0,0
2026-05-02 03:17:54,11580,4.71,100.0,4.57,95.5,5,100,CLOSED,CLOSED,CLOSED,0,3,0,0,0
2026-05-02 03:18:54,11640,4.71,100.0,4.57,95.5,5,100,CLOSED,CLOSED,CLOSED,0,3,0,0,0
2026-05-02 03:19:54,11700,4.71,100.0,4.58,95.5,5,100,CLOSED,CLOSED,CLOSED,0,3,0,0,0
2026-05-02 03:20:54,11760,4.71,100.0,4.58,95.5,5,100,CLOSED,CLOSED,CLOSED,0,3,0,0,0
2026-05-02 03:21:54,11820,4.71,100.0,4.58,95.4,5,100,CLOSED,CLOSED,CLOSED,0,3,0,0,0
2026-05-02 03:22:54,11880,4.71,100.0,4.58,95.4,5,100,CLOSED,CLOSED,CLOSED,0,3,0,0,0
2026-05-02 03:23:54,11940,4.71,100.0,4.58,95.4,5,100,CLOSED,CLOSED,CLOSED,0,3,0,0,0
2026-05-02 03:24:54,12000,4.70,100.0,4.58,95.4,5,100,CLOSED,CLOSED,CLOSED,0,3,0,0,0
2026-05-02 03:25:54,12060,4.70,100.0,4.58,95.3,5,100,CLOSED,CLOSED,CLOSED,0,3,0,0,0
2026-05-02 03:26:54,12120,4.70,100.0,4.58,95.3,5,100,CLOSED,CLOSED,CLOSED,0,3,0,0,0
2026-05-02 03:27:54,12180,4.70,100.0,4.58,95.3,5,100,CLOSED,CLOSED,CLOSED,0,3,0,0,0
2026-05-02 03:28:54,12240,4.70,100.0,4.58,95.3,5,100,CLOSED,CLOSED,CLOSED,0,3,0,0,0
2026-05-02 03:29:54,12300,4.70,100.0,4.58,95.2,5,100,CLOSED,CLOSED,CLOSED,0,3,0,0,0
2026-05-02 03:30:54,12360,4.70,100.0,4.58,95.2,5,100,CLOSED,CLOSED,CLOSED,0,3,0,0,0
2026-05-02 03:31:54,12420,4.70,100.0,4.58,95.2,5,100,CLOSED,CLOSED,CLOSED,0,3,0,0,0
2026-05-02 03:32:54,12480,4.70,100.0,4.58,95.2,5,100,CLOSED,CLOSED,CLOSED,0,3,0,0,0
2026-05-02 03:33:54,12540,4.70,100.0,4.58,95.1,5,100,CLOSED,CLOSED,CLOSED,0,3,0,0,0
2026-05-02 03:34:54,12600,4.69,100.0,4.58,95.1,5,100,CLOSED,CLOSED,CLOSED,0,3,0,0,0
2026-05-02 03:35:54,12660,4.69,100.0,4.57,95.1,5,100,CLOSED,CLOSED,CLOSED,0,3,0,0,0
2026-05-02 03:36:54,12720,4.69,100.0,4.55,95.0,5,100,CLOSED,CLOSED,CLOSED,0,3,0,0,0
2026-05-02 03:37:54,12780,4.69,100.0,4.54,95.0,5,100,CLOSED,CLOSED,CLOSED,0,3,0,0,0
2026-05-02 03:38:54,12840,4.69,100.0,4.52,94.9,5,100,CLOSED,CLOSED,CLOSED,0,3,0,0,0
2026-05-02 03:39:54,12900,4.69,100.0,4.51,94.9,5,100,CLOSED,CLOSED,CLOSED,0,3,0,0,0
2026-05-02 03:40:54,12960,4.69,100.0,4.49,94.9,5,100,CLOSED,CLOSED,CLOSED,0,3,0,0,0
2026-05-02 03:41:54,13020,4.69,100.0,4.48,94.8,5,100,CLOSED,CLOSED,CLOSED,0,3,0,0,0
2026-05-02 03:42:54,13080,4.68,100.0,4.46,94.8,5,100,CLOSED,CLOSED,CLOSED,0,3,0,0,0
2026-05-02 03:43:54,13140,4.68,100.0,4.45,94.7,5,100,CLOSED,CLOSED,CLOSED,0,3,0,0,0
2026-05-02 03:44:54,13200,4.68,100.0,4.44,94.7,5,100,CLOSED,CLOSED,CLOSED,0,3,0,0,0
2026-05-02 03:45:54,13260,4.68,100.0,4.42,94.7,5,100,CLOSED,CLOSED,CLOSED,0,3,0,0,0
2026-05-02 03:46:54,13320,4.68,100.0,4.41,94.6,5,100,CLOSED,CLOSED,CLOSED,0,3,0,0,0
2026-05-02 03:47:54,13380,4.67,100.0,4.39,94.6,5,100,CLOSED,CLOSED,CLOSED,0,3,0,0,0
2026-05-02 03:48:54,13440,4.67,100.0,4.38,94.5,5,100,CLOSED,CLOSED,CLOSED,0,3,0,0,0
2026-05-02 03:49:54,13500,4.67,100.0,4.36,94.5,5,100,CLOSED,CLOSED,CLOSED,0,3,0,0,0
2026-05-02 03:50:54,13560,4.67,100.0,4.36,94.5,5,100,CLOSED,CLOSED,CLOSED,0,3,0,0,0
2026-05-02 03:51:54,13620,4.66,100.0,4.36,94.5,5,100,CLOSED,CLOSED,CLOSED,0,3,0,0,0
2026-05-02 03:52:54,13680,4.66,100.0,4.36,94.5,5,100,CLOSED,CLOSED,CLOSED,0,3,0,0,0
2026-05-02 03:53:54,13740,4.66,100.0,4.36,94.5,5,100,CLOSED,CLOSED,CLOSED,0,3,0,0,0
2026-05-02 03:54:54,13800,4.66,100.0,4.36,94.5,5,100,CLOSED,CLOSED,CLOSED,0,3,0,0,0
2026-05-02 03:55:54,13860,4.65,100.0,4.36,94.5,5,100,CLOSED,CLOSED,CLOSED,0,3,0,0,0
2026-05-02 03:56:54,13920,4.65,100.0,4.36,94.5,5,100,CLOSED,CLOSED,CLOSED,0,3,0,0,0
2026-05-02 03:57:54,13980,4.65,100.0,4.36,94.6,5,100,CLOSED,CLOSED,CLOSED,0,3,0,0,0
2026-05-02 03:58:54,14040,4.65,100.0,4.36,94.6,5,100,CLOSED,CLOSED,CLOSED,0,3,0,0,0
2026-05-02 03:59:54,14100,4.64,100.0,4.36,94.6,5,100,CLOSED,CLOSED,CLOSED,0,3,0,0,0
2026-05-02 04:00:54,14160,4.64,100.0,4.36,94.6,5,100,CLOSED,CLOSED,CLOSED,0,3,0,0,0
2026-05-02 04:01:54,14220,4.64,100.0,4.36,94.6,5,100,CLOSED,CLOSED,CLOSED,0,3,0,0,0
2026-05-02 04:02:54,14280,4.64,100.0,4.36,94.6,5,100,CLOSED,CLOSED,CLOSED,0,3,0,0,0
2026-05-02 04:03:54,14340,4.63,100.0,4.36,94.6,5,100,CLOSED,CLOSED,CLOSED,0,3,0,0,0
2026-05-02 04:04:54,14400,4.63,100.0,4.36,94.6,5,100,CLOSED,CLOSED,CLOSED,0,3,0,0,0
2026-05-02 04:05:54,14460,4.63,100.0,4.37,94.6,5,100,CLOSED,CLOSED,CLOSED,0,3,0,0,0
2026-05-02 04:06:54,14520,4.63,100.0,4.37,94.6,5,100,CLOSED,CLOSED,CLOSED,0,3,0,0,0
2026-05-02 04:07:54,14580,4.63,100.0,4.38,94.7,5,100,CLOSED,CLOSED,CLOSED,0,3,0,0,0
2026-05-02 04:08:54,14640,4.62,100.0,4.39,94.7,5,100,CLOSED,CLOSED,CLOSED,0,3,0,1,0
2026-05-02 04:09:54,14700,4.62,100.0,4.39,94.7,5,100,CLOSED,CLOSED,CLOSED,0,3,0,1,0
2026-05-02 04:10:54,14760,4.62,100.0,4.40,94.7,5,100,CLOSED,CLOSED,CLOSED,0,3,0,1,0
2026-05-02 04:11:54,14820,4.62,100.0,4.41,94.7,5,100,CLOSED,CLOSED,CLOSED,0,3,0,1,0
2026-05-02 04:12:54,14880,4.62,100.0,4.41,94.8,5,100,CLOSED,CLOSED,CLOSED,0,3,0,1,0
2026-05-02 04:13:54,14940,4.61,100.0,4.42,94.8,5,100,CLOSED,CLOSED,CLOSED,0,3,0,1,0
2026-05-02 04:14:54,15000,4.61,100.0,4.43,94.8,5,100,CLOSED,CLOSED,CLOSED,0,3,0,1,0
2026-05-02 04:15:54,15060,4.61,100.0,4.43,94.8,5,100,CLOSED,CLOSED,CLOSED,0,3,0,1,0
2026-05-02 04:16:54,15120,4.61,100.0,4.44,94.8,5,100,CLOSED,CLOSED,CLOSED,0,3,0,1,0
2026-05-02 04:17:54,15180,4.61,100.0,4.45,94.9,5,100,CLOSED,CLOSED,CLOSED,0,3,0,1,0
2026-05-02 04:18:54,15240,4.61,100.0,4.45,94.9,5,100,CLOSED,CLOSED,CLOSED,0,3,0,1,0
2026-05-02 04:19:54,15300,4.61,100.0,4.46,94.9,5,100,CLOSED,CLOSED,CLOSED,0,3,0,1,0
2026-05-02 04:20:54,15360,4.61,100.0,4.45,94.9,5,100,CLOSED,CLOSED,CLOSED,0,3,0,1,0
2026-05-02 04:21:54,15420,4.61,100.0,4.44,94.8,5,100,CLOSED,CLOSED,CLOSED,0,3,0,1,0
2026-05-02 04:22:54,15480,4.61,100.0,4.42,94.7,5,100,CLOSED,CLOSED,CLOSED,0,3,0,1,0
2026-05-02 04:23:54,15540,4.61,100.0,4.41,94.7,5,100,CLOSED,CLOSED,CLOSED,0,3,0,1,0
2026-05-02 04:24:54,15600,4.61,100.0,4.40,94.6,5,100,CLOSED,CLOSED,CLOSED,0,3,0,1,0
2026-05-02 04:25:54,15660,4.61,100.0,4.38,94.6,5,100,CLOSED,CLOSED,CLOSED,0,3,0,1,0
2026-05-02 04:26:54,15720,4.61,100.0,4.37,94.5,5,100,CLOSED,CLOSED,CLOSED,0,3,0,1,0
2026-05-02 04:27:54,15780,4.61,100.0,4.36,94.5,5,100,CLOSED,CLOSED,CLOSED,0,3,0,1,0
2026-05-02 04:28:54,15840,4.61,100.0,4.35,94.4,5,100,CLOSED,CLOSED,CLOSED,0,3,0,1,0
2026-05-02 04:29:54,15900,4.61,100.0,4.33,94.4,5,100,CLOSED,CLOSED,CLOSED,0,3,0,1,0
2026-05-02 04:30:54,15960,4.61,100.0,4.32,94.3,5,100,CLOSED,CLOSED,CLOSED,0,3,0,1,0
2026-05-02 04:31:54,16020,4.61,100.0,4.31,94.3,5,100,CLOSED,CLOSED,CLOSED,0,3,0,1,0
2026-05-02 04:32:54,16080,4.61,100.0,4.30,94.2,5,100,CLOSED,CLOSED,CLOSED,0,3,0,1,0
2026-05-02 04:33:54,16140,4.61,100.0,4.28,94.2,5,100,CLOSED,CLOSED,CLOSED,0,3,0,1,0
2026-05-02 04:34:54,16200,4.61,100.0,4.27,94.1,5,100,CLOSED,CLOSED,CLOSED,0,3,0,1,0
2026-05-02 04:35:54,16260,4.61,100.0,4.31,94.2,5,100,CLOSED,CLOSED,CLOSED,0,3,0,1,0
2026-05-02 04:36:54,16320,4.62,100.0,4.35,94.2,5,100,CLOSED,CLOSED,CLOSED,0,3,0,1,0
2026-05-02 04:37:54,16380,4.62,100.0,4.39,94.3,5,100,CLOSED,CLOSED,CLOSED,0,3,0,1,0
2026-05-02 04:38:54,16440,4.62,100.0,4.43,94.3,5,100,CLOSED,CLOSED,CLOSED,0,3,0,1,0
2026-05-02 04:39:54,16500,4.63,100.0,4.47,94.4,5,100,CLOSED,CLOSED,CLOSED,0,3,0,1,0
2026-05-02 04:40:54,16560,4.63,100.0,4.51,94.4,5,100,CLOSED,CLOSED,CLOSED,0,3,0,1,0
2026-05-02 04:41:54,16620,4.64,100.0,4.55,94.5,5,100,CLOSED,CLOSED,CLOSED,0,3,0,1,0
2026-05-02 04:42:54,16680,4.64,100.0,4.58,94.5,5,100,CLOSED,CLOSED,CLOSED,0,3,0,1,0
2026-05-02 04:43:54,16740,4.65,100.0,4.62,94.6,5,100,CLOSED,CLOSED,CLOSED,0,3,0,1,0
2026-05-02 04:44:54,16800,4.66,100.0,4.66,94.6,5,100,CLOSED,CLOSED,CLOSED,0,3,0,1,0
2026-05-02 04:45:54,16860,4.66,100.0,4.70,94.7,5,100,CLOSED,CLOSED,CLOSED,0,3,0,1,0
2026-05-02 04:46:54,16920,4.67,100.0,4.74,94.7,5,100,CLOSED,CLOSED,CLOSED,0,3,0,1,0
2026-05-02 04:47:54,16980,4.68,100.0,4.78,94.8,5,100,CLOSED,CLOSED,CLOSED,0,3,0,1,0
2026-05-02 04:48:54,17040,4.69,100.0,4.82,94.8,5,100,CLOSED,CLOSED,CLOSED,0,3,0,1,0
2026-05-02 04:49:54,17100,4.70,100.0,4.86,94.9,5,100,CLOSED,CLOSED,CLOSED,0,3,0,1,0
2026-05-02 04:50:54,17160,4.71,100.0,4.97,94.9,5,100,CLOSED,CLOSED,CLOSED,0,3,0,1,0
2026-05-02 04:51:54,17220,4.73,100.0,5.08,95.0,5,100,CLOSED,CLOSED,CLOSED,0,3,0,1,0
2026-05-02 04:52:54,17280,4.74,100.0,5.19,95.0,5,100,CLOSED,CLOSED,CLOSED,0,3,0,1,0
2026-05-02 04:53:54,17340,4.76,100.0,5.30,95.0,5,100,CLOSED,CLOSED,CLOSED,0,3,0,1,0
2026-05-02 04:54:54,17400,4.77,100.0,5.41,95.0,5,100,CLOSED,CLOSED,CLOSED,0,3,0,1,0
2026-05-02 04:55:54,17460,4.79,100.0,5.52,95.1,5,100,CLOSED,CLOSED,CLOSED,0,3,0,1,0
2026-05-02 04:56:54,17520,4.81,100.0,5.63,95.1,5,100,CLOSED,CLOSED,CLOSED,0,3,0,1,0
2026-05-02 04:57:54,17580,4.83,100.0,5.73,95.1,5,100,CLOSED,CLOSED,CLOSED,0,3,0,1,0
2026-05-02 04:58:54,17640,4.85,100.0,5.84,95.1,5,100,CLOSED,CLOSED,CLOSED,0,3,0,1,0
2026-05-02 04:59:54,17700,4.88,100.0,5.95,95.2,5,100,CLOSED,CLOSED,CLOSED,0,3,0,1,0
2026-05-02 05:00:54,17760,4.90,100.0,6.06,95.2,5,100,CLOSED,CLOSED,CLOSED,0,3,0,1,0
2026-05-02 05:01:54,17820,4.93,100.0,6.17,95.2,5,100,CLOSED,CLOSED,CLOSED,0,3,0,1,0
2026-05-02 05:02:54,17880,4.96,100.0,6.28,95.2,5,100,CLOSED,CLOSED,CLOSED,0,3,0,1,0
2026-05-02 05:03:54,17940,4.98,100.0,6.39,95.3,5,100,CLOSED,CLOSED,CLOSED,0,3,0,1,0
2026-05-02 05:04:54,18000,5.01,100.0,6.50,95.3,5,100,CLOSED,CLOSED,CLOSED,0,3,0,1,0
2026-05-02 05:05:54,18060,5.05,100.0,6.67,94.6,5,100,CLOSED,CLOSED,CLOSED,0,3,0,1,0
2026-05-02 05:06:54,18120,5.08,100.0,6.84,93.9,5,100,CLOSED,CLOSED,CLOSED,0,3,0,1,0
2026-05-02 05:07:54,18180,5.11,100.0,7.01,93.2,5,100,CLOSED,CLOSED,CLOSED,0,3,0,1,0
2026-05-02 05:08:54,18240,5.15,100.0,7.18,92.5,5,100,CLOSED,CLOSED,CLOSED,0,3,0,1,0
2026-05-02 05:09:54,18300,5.19,100.0,7.35,91.8,5,100,CLOSED,CLOSED,CLOSED,0,3,0,1,0
2026-05-02 05:10:54,18360,5.23,100.0,7.52,91.1,5,100,CLOSED,CLOSED,CLOSED,0,3,0,1,0
2026-05-02 05:11:54,18420,5.27,100.0,7.69,90.4,5,100,CLOSED,CLOSED,CLOSED,0,3,0,1,0
2026-05-02 05:12:54,18480,5.31,100.0,7.85,89.7,5,100,CLOSED,CLOSED,CLOSED,0,3,0,1,0
2026-05-02 05:13:54,18540,5.36,100.0,8.02,89.0,5,100,CLOSED,CLOSED,CLOSED,0,3,0,1,0
2026-05-02 05:14:54,18600,5.41,100.0,8.19,88.3,5,100,CLOSED,CLOSED,CLOSED,0,3,0,1,0
2026-05-02 05:15:54,18660,5.45,100.0,8.36,87.6,5,100,CLOSED,CLOSED,CLOSED,0,3,0,1,0
2026-05-02 05:16:54,18720,5.51,100.0,8.53,86.9,5,100,CLOSED,CLOSED,CLOSED,0,3,0,1,0
2026-05-02 05:17:54,18780,5.56,100.0,8.70,86.2,5,100,CLOSED,CLOSED,CLOSED,0,3,0,1,0
2026-05-02 05:18:54,18840,5.61,100.0,8.87,85.5,5,100,CLOSED,CLOSED,CLOSED,0,3,0,1,0
2026-05-02 05:19:54,18900,5.67,100.0,9.04,84.8,5,100,CLOSED,CLOSED,CLOSED,0,3,0,1,0
2026-05-02 05:20:54,18960,5.72,100.0,9.21,84.1,6,100,CLOSED,CLOSED,CLOSED,0,3,0,1,0
2026-05-02 05:21:54,19020,5.78,100.0,9.38,83.4,6,100,CLOSED,CLOSED,CLOSED,0,3,0,1,0
2026-05-02 05:22:54,19080,5.84,100.0,9.55,82.7,6,100,CLOSED,CLOSED,CLOSED,0,3,0,1,0
2026-05-02 05:23:54,19140,5.91,100.0,9.72,82.0,6,100,CLOSED,CLOSED,CLOSED,0,3,0,1,0
2026-05-02 05:24:54,19200,5.97,100.0,9.89,81.3,6,100,CLOSED,CLOSED,CLOSED,0,3,0,1,0
2026-05-02 05:25:54,19260,6.04,100.0,10.06,80.6,6,100,CLOSED,CLOSED,CLOSED,0,3,0,1,0
2026-05-02 05:26:54,19320,6.11,100.0,10.23,79.9,6,100,CLOSED,CLOSED,CLOSED,0,3,0,1,0
2026-05-02 05:27:54,19380,6.17,100.0,10.39,79.2,6,100,CLOSED,CLOSED,CLOSED,0,3,0,1,0
2026-05-02 05:28:54,19440,6.25,100.0,10.56,78.5,6,100,CLOSED,CLOSED,CLOSED,0,3,0,1,0
2026-05-02 05:29:54,19500,6.32,100.0,10.73,77.8,6,100,CLOSED,CLOSED,CLOSED,0,3,0,1,0
2026-05-02 05:30:54,19560,6.39,100.0,10.90,77.1,6,100,CLOSED,CLOSED,CLOSED,0,3,0,1,0
2026-05-02 05:31:54,19620,6.47,100.0,11.07,76.4,6,100,CLOSED,CLOSED,CLOSED,0,3,0,1,0
2026-05-02 05:32:54,19680,6.55,100.0,11.24,75.7,6,100,CLOSED,CLOSED,CLOSED,0,3,0,1,0
2026-05-02 05:33:54,19740,6.63,100.0,11.41,75.0,6,100,CLOSED,CLOSED,CLOSED,0,3,0,1,0
2026-05-02 05:34:54,19800,6.71,100.0,11.58,74.3,6,100,CLOSED,CLOSED,CLOSED,0,3,0,1,0
2026-05-02 05:35:54,19860,6.79,100.0,11.60,74.3,6,100,CLOSED,CLOSED,CLOSED,0,3,0,1,0
2026-05-02 05:36:54,19920,6.87,100.0,11.63,74.2,7,100,CLOSED,CLOSED,CLOSED,0,3,0,1,0
2026-05-02 05:37:54,19980,6.95,100.0,11.65,74.2,7,100,CLOSED,CLOSED,CLOSED,0,3,0,1,0
2026-05-02 05:38:54,20040,7.04,100.0,11.68,74.1,7,100,CLOSED,CLOSED,CLOSED,0,3,0,1,0
2026-05-02 05:39:54,20100,7.12,100.0,11.70,74.1,7,100,CLOSED,CLOSED,CLOSED,0,3,0,1,0
2026-05-02 05:40:54,20160,7.20,100.0,11.73,74.0,7,100,CLOSED,CLOSED,CLOSED,0,3,0,1,0
2026-05-02 05:41:54,20220,7.29,100.0,11.75,74.0,7,100,CLOSED,CLOSED,CLOSED,0,3,0,1,0
2026-05-02 05:42:54,20280,7.37,100.0,11.78,73.9,7,100,CLOSED,CLOSED,CLOSED,0,3,0,1,0
2026-05-02 05:43:54,20340,7.46,100.0,11.80,73.9,7,100,CLOSED,CLOSED,CLOSED,0,3,0,1,0
2026-05-02 05:44:54,20400,7.55,100.0,11.83,73.8,7,100,CLOSED,CLOSED,CLOSED,0,3,0,1,0
2026-05-02 05:45:54,20460,7.63,100.0,11.85,73.8,7,100,CLOSED,CLOSED,CLOSED,0,3,0,1,0
2026-05-02 05:46:54,20520,7.72,100.0,11.88,73.7,7,100,CLOSED,CLOSED,CLOSED,0,3,0,1,0
2026-05-02 05:47:54,20580,7.81,100.0,11.90,73.7,7,100,CLOSED,CLOSED,CLOSED,0,3,0,1,0
2026-05-02 05:48:54,20640,7.89,100.0,11.93,73.6,8,100,CLOSED,CLOSED,CLOSED,0,3,0,1,0
2026-05-02 05:49:54,20700,7.98,100.0,11.95,73.6,8,100,CLOSED,CLOSED,CLOSED,0,3,0,1,0
2026-05-02 05:50:54,20760,8.07,100.0,11.98,73.5,8,100,CLOSED,CLOSED,CLOSED,0,3,0,1,0
2026-05-02 05:51:54,20820,8.16,100.0,12.00,73.5,8,100,CLOSED,CLOSED,CLOSED,0,3,0,1,0
2026-05-02 05:52:54,20880,8.25,100.0,12.03,73.4,8,100,CLOSED,CLOSED,CLOSED,0,3,0,1,0
2026-05-02 05:53:54,20940,8.34,100.0,12.05,73.4,8,100,CLOSED,CLOSED,CLOSED,0,3,0,1,0
2026-05-02 05:54:54,21000,8.43,100.0,12.08,73.3,8,100,CLOSED,CLOSED,CLOSED,0,3,0,1,0
2026-05-02 05:55:54,21060,8.52,100.0,12.10,73.3,8,100,CLOSED,CLOSED,CLOSED,0,3,0,1,0
2026-05-02 05:56:54,21120,8.62,100.0,12.13,73.2,8,100,CLOSED,CLOSED,CLOSED,0,3,0,1,0
2026-05-02 05:57:54,21180,8.71,100.0,12.15,73.2,8,100,CLOSED,CLOSED,CLOSED,0,3,0,1,0
2026-05-02 05:58:54,21240,8.80,100.0,12.18,73.2,8,100,CLOSED,CLOSED,CLOSED,0,3,0,1,0
2026-05-02 05:59:54,21300,8.90,100.0,12.20,73.1,9,100,CLOSED,CLOSED,CLOSED,0,3,0,1,0
2026-05-02 06:00:54,21360,8.99,100.0,12.23,73.1,9,100,CLOSED,CLOSED,CLOSED,0,3,0,1,0
2026-05-02 06:01:54,21420,9.09,100.0,12.25,73.0,9,100,CLOSED,CLOSED,CLOSED,0,3,0,1,0
2026-05-02 06:02:54,21480,9.18,100.0,12.28,73.0,9,100,CLOSED,CLOSED,CLOSED,0,3,0,1,0
2026-05-02 06:03:54,21540,9.28,100.0,12.30,72.9,9,100,CLOSED,CLOSED,CLOSED,0,3,0,1,0
2026-05-02 06:04:54,21600,9.37,100.0,12.33,72.9,9,100,CLOSED,CLOSED,CLOSED,0,3,0,1,0
2026-05-02 06:05:54,21660,9.47,100.0,12.35,72.8,9,100,CLOSED,CLOSED,CLOSED,0,3,0,1,0
2026-05-02 06:06:54,21720,9.57,100.0,12.38,72.8,9,100,CLOSED,CLOSED,CLOSED,0,3,0,1,0
2026-05-02 06:07:54,21780,9.67,100.0,12.40,72.7,9,100,CLOSED,CLOSED,CLOSED,0,3,0,1,0
2026-05-02 06:08:54,21840,9.77,100.0,12.43,72.7,9,100,CLOSED,CLOSED,CLOSED,0,3,0,1,0
2026-05-02 06:09:54,21900,9.87,100.0,12.45,72.6,9,100,CLOSED,CLOSED,CLOSED,0,3,0,1,0
2026-05-02 06:10:54,21960,9.97,100.0,12.48,72.6,10,100,CLOSED,CLOSED,CLOSED,0,3,0,1,0
2026-05-02 06:11:54,22020,10.07,100.0,12.50,72.5,10,100,CLOSED,CLOSED,CLOSED,0,3,0,1,0
2026-05-02 06:12:54,22080,10.17,100.0,12.53,72.5,10,100,CLOSED,CLOSED,CLOSED,0,3,0,1,0
2026-05-02 06:13:54,22140,10.27,100.0,12.55,72.4,10,100,CLOSED,CLOSED,CLOSED,0,3,0,1,0
2026-05-02 06:14:54,22200,10.37,100.0,12.58,72.4,10,100,CLOSED,CLOSED,CLOSED,0,3,0,1,0
2026-05-02 06:15:54,22260,10.47,100.0,12.60,72.3,10,100,CLOSED,CLOSED,CLOSED,0,3,0,1,0
2026-05-02 06:16:54,22320,10.58,100.0,12.63,72.3,10,100,CLOSED,CLOSED,CLOSED,0,3,0,1,0
2026-05-02 06:17:54,22380,10.68,100.0,12.65,72.2,10,100,CLOSED,CLOSED,CLOSED,0,3,0,1,0
2026-05-02 06:18:54,22440,10.79,100.0,12.68,72.2,10,100,CLOSED,CLOSED,CLOSED,0,3,0,1,0
2026-05-02 06:19:54,22500,10.89,100.0,12.70,72.1,10,100,CLOSED,CLOSED,CLOSED,0,3,0,1,0
2026-05-02 06:20:54,22560,11.00,100.0,12.73,72.1,11,100,CLOSED,CLOSED,CLOSED,0,3,0,1,0
2026-05-02 06:21:54,22620,11.10,100.0,12.75,72.1,11,100,CLOSED,CLOSED,CLOSED,0,3,0,1,0
2026-05-02 06:22:54,22680,11.21,100.0,12.78,72.0,11,100,CLOSED,CLOSED,CLOSED,0,3,0,1,0
2026-05-02 06:23:54,22740,11.32,100.0,12.80,72.0,11,100,CLOSED,CLOSED,CLOSED,0,3,0,1,0
2026-05-02 06:24:54,22800,11.43,100.0,12.83,71.9,11,100,CLOSED,CLOSED,CLOSED,0,3,0,1,0
2026-05-02 06:25:54,22860,11.54,100.0,12.85,71.9,11,100,CLOSED,CLOSED,CLOSED,0,3,0,1,0
2026-05-02 06:26:54,22920,11.65,100.0,12.88,71.8,11,100,CLOSED,CLOSED,CLOSED,0,3,0,1,0
2026-05-02 06:27:54,22980,11.76,100.0,12.90,71.8,11,100,CLOSED,CLOSED,CLOSED,0,3,0,1,0
2026-05-02 06:28:54,23040,11.87,100.0,12.93,71.7,11,100,CLOSED,CLOSED,CLOSED,0,3,0,1,0
2026-05-02 06:29:54,23100,11.98,100.0,12.95,71.7,12,100,CLOSED,CLOSED,CLOSED,0,3,0,1,0
2026-05-02 06:30:54,23160,12.09,100.0,12.98,71.6,12,100,CLOSED,CLOSED,CLOSED,0,3,0,1,0
2026-05-02 06:31:54,23220,12.20,100.0,13.00,71.6,12,100,CLOSED,CLOSED,CLOSED,0,3,0,1,0
2026-05-02 06:32:54,23280,12.32,100.0,13.03,71.5,12,100,CLOSED,CLOSED,CLOSED,0,3,0,1,0
2026-05-02 06:33:54,23340,12.43,100.0,13.05,71.5,12,100,CLOSED,CLOSED,CLOSED,0,3,0,1,0
2026-05-02 06:34:54,23400,12.54,100.0,13.08,71.4,12,100,CLOSED,CLOSED,CLOSED,0,3,0,1,0
2026-05-02 06:35:54,23460,12.66,100.0,13.10,71.4,12,100,CLOSED,CLOSED,CLOSED,0,3,0,1,0
2026-05-02 06:36:54,23520,12.77,100.0,13.13,71.3,12,100,CLOSED,CLOSED,CLOSED,0,3,0,1,0
2026-05-02 06:37:54,23580,12.89,100.0,13.15,71.3,12,100,CLOSED,CLOSED,CLOSED,0,3,0,1,0
2026-05-02 06:38:54,23640,13.01,100.0,13.18,71.2,13,100,CLOSED,CLOSED,CLOSED,0,3,0,1,0
2026-05-02 06:39:54,23700,13.12,100.0,13.20,71.2,13,100,CLOSED,CLOSED,CLOSED,0,3,0,1,0
2026-05-02 06:40:54,23760,13.24,100.0,13.23,71.1,13,100,CLOSED,CLOSED,CLOSED,0,3,0,1,0
2026-05-02 06:41:54,23820,13.36,100.0,13.25,71.1,13,100,CLOSED,CLOSED,CLOSED,0,3,0,1,0
2026-05-02 06:42:54,23880,13.48,100.0,13.28,71.0,13,100,CLOSED,CLOSED,CLOSED,0,3,0,1,0
2026-05-02 06:43:54,23940,13.60,100.0,13.30,71.0,13,100,CLOSED,CLOSED,CLOSED,0,3,0,1,0
2026-05-02 06:44:54,24000,13.72,100.0,13.33,71.0,13,100,CLOSED,CLOSED,CLOSED,0,3,0,1,0
2026-05-02 06:45:54,24060,13.84,100.0,13.35,70.9,13,100,CLOSED,CLOSED,CLOSED,0,3,0,1,0
2026-05-02 06:46:54,24120,13.96,100.0,13.38,70.9,14,100,CLOSED,CLOSED,CLOSED,0,3,0,1,0
2026-05-02 06:47:54,24180,14.09,100.0,13.40,70.8,14,100,CLOSED,CLOSED,CLOSED,0,3,0,1,0
2026-05-02 06:48:54,24240,14.21,100.0,13.43,70.8,14,100,CLOSED,CLOSED,CLOSED,0,3,0,1,0
2026-05-02 06:49:54,24300,14.33,100.0,13.45,70.7,14,100,CLOSED,CLOSED,CLOSED,0,3,0,1,0
2026-05-02 06:50:54,24360,14.46,100.0,13.48,70.7,14,100,CLOSED,CLOSED,CLOSED,0,3,0,1,0
2026-05-02 06:51:54,24420,14.58,100.0,13.50,70.6,14,100,CLOSED,CLOSED,CLOSED,0,3,0,1,0
2026-05-02 06:52:54,24480,14.71,100.0,13.53,70.6,14,100,CLOSED,CLOSED,CLOSED,0,3,0,1,0
2026-05-02 06:53:54,24540,14.83,100.0,13.55,70.5,14,100,CLOSED,CLOSED,CLOSED,0,3,0,1,0
2026-05-02 06:54:54,24600,14.96,100.0,13.58,70.5,15,100,CLOSED,CLOSED,CLOSED,0,3,0,1,0
2026-05-02 06:55:54,24660,15.09,100.0,13.60,70.4,15,100,CLOSED,CLOSED,CLOSED,0,3,0,1,0
2026-05-02 06:56:54,24720,15.22,100.0,13.63,70.4,15,100,CLOSED,CLOSED,CLOSED,0,3,0,1,0
2026-05-02 06:57:54,24780,15.35,100.0,13.65,70.3,15,100,CLOSED,CLOSED,CLOSED,0,3,0,1,0
2026-05-02 06:58:54,24840,15.47,100.0,13.68,70.3,15,100,CLOSED,CLOSED,CLOSED,0,3,0,1,0
2026-05-02 06:59:54,24900,15.60,100.0,13.70,70.2,15,100,CLOSED,CLOSED,CLOSED,0,3,0,1,0
2026-05-02 07:00:54,24960,15.73,100.0,13.73,70.2,15,100,CLOSED,CLOSED,CLOSED,0,3,0,1,0
2026-05-02 07:01:54,25020,15.87,100.0,13.75,70.1,15,100,CLOSED,CLOSED,CLOSED,0,3,0,1,0
2026-05-02 07:02:54,25080,16.00,100.0,13.78,70.1,16,100,CLOSED,CLOSED,CLOSED,0,3,0,1,0
2026-05-02 07:03:54,25140,16.13,100.0,13.80,70.0,16,100,CLOSED,CLOSED,CLOSED,0,3,0,1,0
2026-05-02 07:04:54,25200,16.26,100.0,13.83,70.0,16,100,CLOSED,CLOSED,CLOSED,0,3,0,1,0
2026-05-02 07:05:54,25260,16.40,100.0,13.85,69.9,16,100,CLOSED,CLOSED,CLOSED,0,3,0,1,0
2026-05-02 07:06:54,25320,16.53,100.0,13.88,69.9,16,100,CLOSED,CLOSED,CLOSED,0,3,0,1,0
2026-05-02 07:07:54,25380,16.66,100.0,13.90,69.9,16,100,CLOSED,CLOSED,CLOSED,0,3,0,1,0
2026-05-02 07:08:54,25440,16.80,100.0,13.93,69.8,16,100,CLOSED,CLOSED,CLOSED,0,3,0,1,0
2026-05-02 07:09:54,25500,16.94,100.0,13.95,69.8,16,100,CLOSED,CLOSED,CLOSED,0,3,0,1,0
2026-05-02 07:10:54,25560,17.07,100.0,13.98,69.7,17,100,CLOSED,CLOSED,CLOSED,0,3,0,1,0
2026-05-02 07:11:54,25620,17.21,100.0,14.00,69.7,17,100,CLOSED,CLOSED,CLOSED,0,3,0,1,0
2026-05-02 07:12:54,25680,17.35,100.0,14.03,69.6,17,100,CLOSED,CLOSED,CLOSED,0,3,0,1,0
2026-05-02 07:13:54,25740,17.49,100.0,14.05,69.6,17,100,CLOSED,CLOSED,CLOSED,0,3,0,1,0
2026-05-02 07:14:54,25800,17.62,100.0,14.08,69.5,17,100,CLOSED,CLOSED,CLOSED,0,3,0,1,0
2026-05-02 07:15:54,25860,17.76,100.0,14.10,69.5,17,100,CLOSED,CLOSED,CLOSED,0,3,0,1,0
2026-05-02 07:16:54,25920,17.90,100.0,14.13,69.4,17,100,CLOSED,CLOSED,CLOSED,0,3,0,1,0
2026-05-02 07:17:54,25980,18.04,100.0,14.15,69.4,17,100,CLOSED,CLOSED,CLOSED,0,3,0,1,0
2026-05-02 07:18:54,26040,18.19,100.0,14.18,69.3,18,100,CLOSED,CLOSED,CLOSED,0,3,0,1,0
2026-05-02 07:19:54,26100,18.33,100.0,14.20,69.3,18,100,CLOSED,CLOSED,CLOSED,0,3,0,1,0
2026-05-02 07:20:54,26160,18.47,100.0,14.23,69.2,18,100,CLOSED,CLOSED,CLOSED,0,3,0,1,0
2026-05-02 07:21:54,26220,18.61,100.0,14.25,69.2,18,100,CLOSED,CLOSED,CLOSED,0,3,0,1,0
2026-05-02 07:22:54,26280,18.76,100.0,14.28,69.1,18,100,CLOSED,CLOSED,CLOSED,0,3,0,1,0
2026-05-02 07:23:54,26340,18.90,100.0,14.30,69.1,18,100,CLOSED,CLOSED,CLOSED,0,3,0,1,0
2026-05-02 07:24:54,26400,19.04,100.0,14.33,69.0,19,100,CLOSED,CLOSED,CLOSED,0,3,0,1,0
2026-05-02 07:25:54,26460,19.19,100.0,14.35,69.0,19,100,CLOSED,CLOSED,CLOSED,0,3,0,1,0
2026-05-02 07:26:54,26520,19.33,100.0,14.38,68.9,19,100,CLOSED,CLOSED,CLOSED,0,3,0,1,0
2026-05-02 07:27:54,26580,19.48,100.0,14.40,68.9,19,100,CLOSED,CLOSED,CLOSED,0,3,0,1,0
2026-05-02 07:28:54,26640,19.63,100.0,14.43,68.8,19,100,CLOSED,CLOSED,CLOSED,0,3,0,1,0
2026-05-02 07:29:54,26700,19.78,100.0,14.45,68.8,19,100,CLOSED,CLOSED,CLOSED,0,3,0,1,0
2026-05-02 07:30:54,26760,19.92,100.0,14.48,68.8,19,100,CLOSED,CLOSED,CLOSED,0,3,0,1,0
2026-05-02 07:31:54,26820,20.07,100.0,14.50,68.7,19,100,CLOSED,CLOSED,CLOSED,0,3,0,1,0
2026-05-02 07:32:54,26880,20.22,100.0,14.53,68.7,20,100,CLOSED,CLOSED,CLOSED,0,3,0,1,0
2026-05-02 07:33:54,26940,20.37,100.0,14.55,68.6,20,100,CLOSED,CLOSED,CLOSED,0,3,0,1,0
2026-05-02 07:34:54,27000,20.52,100.0,14.58,68.6,20,100,CLOSED,CLOSED,CLOSED,0,3,0,1,0
2026-05-02 07:35:54,27060,20.67,100.0,14.60,68.5,20,100,CLOSED,CLOSED,CLOSED,0,3,0,1,0
2026-05-02 07:36:54,27120,20.82,100.0,14.63,68.5,20,100,CLOSED,CLOSED,CLOSED,0,3,0,1,0
2026-05-02 07:37:54,27180,20.97,100.0,14.65,68.4,20,100,CLOSED,CLOSED,CLOSED,0,3,0,1,0
2026-05-02 07:38:54,27240,21.13,100.0,14.68,68.4,21,100,CLOSED,CLOSED,CLOSED,0,3,0,1,0
2026-05-02 07:39:54,27300,21.28,100.0,14.70,68.3,21,100,CLOSED,CLOSED,CLOSED,0,3,0,1,0
2026-05-02 07:40:54,27360,21.43,100.0,14.73,68.3,21,100,CLOSED,CLOSED,CLOSED,0,3,0,1,0
2026-05-02 07:41:54,27420,21.59,100.0,14.75,68.2,21,100,CLOSED,CLOSED,CLOSED,0,3,0,1,0
2026-05-02 07:42:54,27480,21.74,100.0,14.78,68.2,21,100,CLOSED,CLOSED,CLOSED,0,3,0,1,0
2026-05-02 07:43:54,27540,21.89,100.0,14.80,68.1,21,100,CLOSED,CLOSED,CLOSED,0,3,0,1,0
2026-05-02 07:44:54,27600,22.05,100.0,14.83,68.1,21,100,CLOSED,CLOSED,CLOSED,0,3,0,1,0
2026-05-02 07:45:54,27660,22.21,100.0,14.85,68.0,22,100,CLOSED,CLOSED,CLOSED,0,3,0,1,0
2026-05-02 07:46:54,27720,22.36,100.0,14.88,68.0,22,100,CLOSED,CLOSED,CLOSED,0,3,0,1,0
2026-05-02 07:47:54,27780,22.52,100.0,14.90,67.9,22,100,CLOSED,CLOSED,CLOSED,0,3,0,1,0
2026-05-02 07:48:54,27840,22.68,100.0,14.93,67.9,22,100,CLOSED,CLOSED,CLOSED,0,3,0,1,0
2026-05-02 07:49:54,27900,22.83,100.0,14.95,67.8,22,100,CLOSED,CLOSED,CLOSED,0,3,0,1,0
2026-05-02 07:50:54,27960,22.99,100.0,14.98,67.8,22,100,CLOSED,CLOSED,CLOSED,0,3,0,1,0
2026-05-02 07:51:54,28020,23.15,100.0,15.00,67.7,23,100,CLOSED,CLOSED,CLOSED,0,3,0,1,0
2026-05-02 07:52:54,28080,23.31,100.0,15.03,67.7,23,100,CLOSED,CLOSED,CLOSED,0,3,0,1,0
2026-05-02 07:53:54,28140,23.47,100.0,15.05,67.6,23,100,CLOSED,CLOSED,CLOSED,0,3,0,1,0
2026-05-02 07:54:54,28200,23.63,99.0,15.08,67.6,23,100,CLOSED,CLOSED,CLOSED,0,3,0,1,0
2026-05-02 07:55:54,28260,23.79,98.1,15.10,67.6,23,100,CLOSED,CLOSED,CLOSED,0,3,0,1,0
2026-05-02 07:56:54,28320,23.95,97.2,15.13,67.5,23,100,CLOSED,CLOSED,CLOSED,0,3,0,1,0
2026-05-02 07:57:54,28380,24.11,96.2,15.15,67.5,23,99,CLOSED,CLOSED,CLOSED,0,3,0,1,0
2026-05-02 07:58:54,28440,24.28,95.3,15.18,67.4,24,99,CLOSED,CLOSED,CLOSED,0,3,0,1,0
2026-05-02 07:59:54,28500,24.44,94.4,15.20,67.4,24,99,CLOSED,CLOSED,CLOSED,0,3,0,1,0
2026-05-02 08:00:54,28560,24.60,93.5,15.23,67.3,24,98,CLOSED,CLOSED,CLOSED,0,3,0,1,0
2026-05-02 08:01:54,28620,24.76,92.6,15.25,67.3,24,98,CLOSED,CLOSED,CLOSED,0,3,0,1,0
2026-05-02 08:02:54,28680,24.93,91.7,15.28,67.2,24,97,CLOSED,CLOSED,CLOSED,0,3,0,1,0
2026-05-02 08:03:54,28740,25.09,90.8,15.30,67.2,24,97,CLOSED,CLOSED,CLOSED,0,3,0,1,0
2026-05-02 08:04:54,28800,25.26,89.9,15.33,67.1,25,96,CLOSED,CLOSED,CLOSED,0,3,0,1,0
2026-05-02 08:05:54,28860,25.42,89.1,15.35,67.1,25,95,CLOSED,CLOSED,CLOSED,0,3,0,1,0
2026-05-02 08:06:54,28920,25.59,88.2,15.38,67.0,25,94,CLOSED,CLOSED,CLOSED,0,3,0,1,0
2026-05-02 08:07:54,28980,25.75,87.4,15.40,67.0,25,93,CLOSED,CLOSED,CLOSED,0,3,0,1,0
2026-05-02 08:08:54,29040,25.92,86.5,15.43,66.9,25,92,CLOSED,CLOSED,CLOSED,0,3,0,1,0
2026-05-02 08:09:54,29100,26.09,85.7,15.45,66.9,25,91,CLOSED,CLOSED,CLOSED,0,3,0,1,0
2026-05-02 08:10:54,29160,26.25,84.8,15.48,66.8,26,90,CLOSED,CLOSED,CLOSED,0,3,0,1,0
2026-05-02 08:11:54,29220,26.42,84.0,15.50,66.8,26,90,CLOSED,CLOSED,CLOSED,0,3,0,1,0
2026-05-02 08:12:54,29280,26.59,83.2,15.53,66.7,26,89,CLOSED,CLOSED,CLOSED,0,3,0,1,0
2026-05-02 08:13:54,29340,26.76,82.4,15.55,66.7,26,88,CLOSED,CLOSED,CLOSED,0,3,0,1,0
2026-05-02 08:14:54,29400,26.92,81.6,15.58,66.6,26,87,CLOSED,CLOSED,CLOSED,0,3,0,1,0
2026-05-02 08:15:54,29460,27.09,80.7,15.60,66.6,26,86,CLOSED,CLOSED,CLOSED,0,3,0,1,0
2026-05-02 08:16:54,29520,27.26,80.0,15.63,66.5,27,85,CLOSED,CLOSED,CLOSED,0,3,0,1,0
2026-05-02 08:17:54,29580,27.43,79.2,15.65,66.5,27,85,CLOSED,CLOSED,CLOSED,0,3,0,1,0
2026-05-02 08:18:54,29640,27.60,78.4,15.68,66.5,27,83,CLOSED,CLOSED,CLOSED,0,2,0,1,0
2026-05-02 08:19:54,29700,27.77,77.6,15.70,66.4,27,83,CLOSED,CLOSED,CLOSED,0,2,0,1,0
2026-05-02 08:20:54,29760,27.94,76.8,15.73,66.4,27,82,CLOSED,CLOSED,CLOSED,0,2,0,1,0
2026-05-02 08:21:54,29820,28.11,76.1,15.75,66.3,27,81,CLOSED,CLOSED,CLOSED,0,2,0,1,0
2026-05-02 08:22:54,29880,28.29,75.3,15.78,66.3,28,80,CLOSED,CLOSED,CLOSED,0,2,0,1,0
2026-05-02 08:23:54,29940,28.46,74.6,15.80,66.2,28,80,CLOSED,CLOSED,CLOSED,0,2,0,1,0
2026-05-02 08:24:54,30000,28.63,73.8,15.83,66.2,28,79,CLOSED,CLOSED,CLOSED,0,1,0,1,0
2026-05-02 08:25:54,30060,28.80,73.1,15.85,66.1,28,78,CLOSED,CLOSED,CLOSED,0,1,0,1,0
2026-05-02 08:26:54,30120,28.98,72.4,15.88,66.1,28,77,CLOSED,CLOSED,CLOSED,0,1,0,1,0
2026-05-02 08:27:54,30180,29.15,71.7,15.90,66.0,28,77,CLOSED,CLOSED,CLOSED,0,1,0,1,0
2026-05-02 08:28:54,30240,29.31,71.0,15.93,66.0,29,76,OPEN,CLOSED,CLOSED,1,1,1,1,0
2026-05-02 08:29:54,30300,29.44,70.3,15.95,65.9,29,75,OPEN,CLOSED,CLOSED,1,-1,1,1,0
2026-05-02 08:30:54,30360,29.57,69.6,15.98,65.9,29,74,OPEN,CLOSED,CLOSED,1,-1,1,1,0
2026-05-02 08:31:54,30420,29.70,69.0,16.00,65.8,29,74,OPEN,CLOSED,CLOSED,1,-1,1,1,0
2026-05-02 08:32:54,30480,29.83,68.3,16.03,65.8,29,73,OPEN,CLOSED,CLOSED,1,-1,1,1,0
2026-05-02 08:33:54,30540,29.97,67.7,16.05,65.7,29,72,OPEN,CLOSED,CLOSED,1,-1,1,1,0
2026-05-02 08:34:54,30600,30.09,67.1,16.08,65.7,30,71,OPEN,OPEN,CLOSED,2,-1,2,1,0
2026-05-02 08:35:54,30660,30.17,66.5,16.10,65.6,30,71,OPEN,OPEN,CLOSED,2,-1,2,1,0
2026-05-02 08:36:54,30720,30.26,66.0,16.13,65.6,30,70,OPEN,OPEN,CLOSED,2,-1,2,1,0
2026-05-02 08:37:54,30780,30.35,65.4,16.15,65.5,30,70,OPEN,OPEN,CLOSED,2,-1,2,1,0
2026-05-02 08:38:54,30840,30.44,64.8,16.18,65.5,30,69,OPEN,OPEN,CLOSED,2,-1,2,1,0
2026-05-02 08:39:54,30900,30.54,64.3,16.20,65.4,30,68,OPEN,OPEN,CLOSED,2,-1,2,1,0
2026-05-02 08:40:54,30960,30.63,63.8,16.23,65.4,30,67,OPEN,OPEN,CLOSED,2,-1,2,1,0
2026-05-02 08:41:54,31020,30.72,63.2,16.25,65.4,30,67,OPEN,OPEN,CLOSED,2,-1,2,1,0
2026-05-02 08:42:54,31080,30.81,62.7,16.28,65.3,30,66,OPEN,OPEN,CLOSED,2,-1,2,1,0
2026-05-02 08:43:54,31140,30.91,62.2,16.30,65.3,31,66,OPEN,OPEN,MOVING_OPEN,3,-1,3,1,0
2026-05-02 08:44:54,31200,31.00,61.6,16.33,65.2,31,65,OPEN,OPEN,MOVING_OPEN,3,-1,3,1,0
2026-05-02 08:45:54,31260,31.09,61.1,16.35,65.2,31,65,OPEN,OPEN,MOVING_OPEN,3,-1,3,1,0
2026-05-02 08:46:54,31320,31.07,60.8,16.38,65.1,31,64,OPEN,OPEN,OPEN,3,-1,3,1,0
2026-05-02 08:47:54,31380,30.93,60.5,16.40,65.1,31,64,OPEN,OPEN,OPEN,3,-1,3,1,0
2026-05-02 08:48:54,31440,30.81,60.3,16.43,65.0,31,63,OPEN,OPEN,OPEN,3,-1,3,1,0
2026-05-02 08:49:54,31500,30.68,60.1,16.45,65.0,31,63,OPEN,OPEN,OPEN,3,-1,3,1,0
2026-05-02 08:50:54,31560,30.56,59.8,16.48,64.9,31,62,OPEN,OPEN,OPEN,3,-1,3,1,0
2026-05-02 08:51:54,31620,30.45,59.6,16.50,64.9,31,62,OPEN,OPEN,OPEN,3,-1,3,1,0
2026-05-02 08:52:54,31680,30.35,59.3,16.53,64.8,31,61,OPEN,OPEN,OPEN,3,-1,3,1,0
2026-05-02 08:53:54,31740,30.25,59.1,16.55,64.8,31,61,OPEN,OPEN,OPEN,3,-1,3,1,0
2026-05-02 08:54:54,31800,30.15,58.8,16.58,64.7,31,61,OPEN,OPEN,OPEN,3,-1,3,1,0
2026-05-02 08:55:54,31860,30.06,58.6,16.60,64.7,30,60,OPEN,OPEN,OPEN,2,-1,2,1,0
2026-05-02 08:56:54,31920,29.97,58.3,16.63,64.6,30,60,OPEN,OPEN,OPEN,2,-1,2,1,0
2026-05-02 08:57:54,31980,29.89,58.0,16.65,64.6,30,60,OPEN,OPEN,OPEN,2,-1,2,1,0
2026-05-02 08:58:54,32040,29.82,57.7,16.68,64.5,30,59,OPEN,OPEN,OPEN,2,-1,2,1,0
2026-05-02 08:59:54,32100,29.74,57.5,16.70,64.5,30,59,OPEN,OPEN,OPEN,2,-1,2,1,0
2026-05-02 09:00:54,32160,29.68,57.2,16.73,64.4,30,59,OPEN,OPEN,OPEN,2,-1,2,1,0
2026-05-02 09:01:54,32220,29.61,56.9,16.75,64.4,30,59,OPEN,OPEN,OPEN,2,-1,2,1,0
2026-05-02 09:02:54,32280,29.56,56.6,16.78,64.3,30,58,OPEN,OPEN,OPEN,2,-1,2,1,0
2026-05-02 09:03:54,32340,29.50,56.4,16.80,64.3,30,58,OPEN,OPEN,OPEN,2,-1,2,1,0
2026-05-02 09:04:54,32400,29.45,56.1,16.83,64.3,30,58,OPEN,OPEN,OPEN,2,-1,2,1,0
2026-05-02 09:05:54,32460,29.40,55.8,16.85,64.2,30,58,OPEN,OPEN,OPEN,2,-1,2,1,0
2026-05-02 09:06:54,32520,29.36,55.5,16.88,64.2,30,57,OPEN,OPEN,OPEN,2,-1,2,1,0
2026-05-02 09:07:54,32580,29.32,55.3,16.90,64.1,30,57,OPEN,OPEN,OPEN,2,-1,2,1,0
2026-05-02 09:08:54,32640,29.30,54.9,16.93,64.1,29,57,OPEN,CLOSED,OPEN,1,-1,1,1,0
2026-05-02 09:09:54,32700,29.31,54.6,16.95,64.0,29,57,OPEN,CLOSED,OPEN,1,-1,1,1,0
2026-05-02 09:10:54,32760,29.31,54.3,16.98,64.0,29,56,OPEN,CLOSED,OPEN,1,-1,1,1,0
2026-05-02 09:11:54,32820,29.39,53.9,17.00,63.9,29,56,OPEN,CLOSED,MOVING_CLOSE,1,-1,1,1,0
2026-05-02 09:12:54,32880,29.59,53.3,17.03,63.9,29,56,OPEN,CLOSED,MOVING_CLOSE,1,-1,1,1,0
2026-05-02 09:13:54,32940,29.80,52.8,17.05,63.8,29,55,OPEN,CLOSED,MOVING_CLOSE,1,-1,1,1,0
2026-05-02 09:14:54,33000,30.00,52.2,17.08,63.8,29,55,OPEN,CLOSED,CLOSED,1,-1,1,1,0
2026-05-02 09:15:54,33060,30.20,51.7,17.10,63.7,30,55,OPEN,MOVING_OPEN,CLOSED,2,-1,2,1,0
2026-05-02 09:16:54,33120,30.36,51.2,17.13,63.7,30,54,OPEN,OPEN,CLOSED,2,-1,2,1,0
2026-05-02 09:17:54,33180,30.52,50.8,17.15,63.6,30,54,OPEN,OPEN,CLOSED,2,-1,2,1,0
2026-05-02 09:18:54,33240,30.68,50.3,17.18,63.6,30,53,OPEN,OPEN,CLOSED,2,-1,2,1,0
2026-05-02 09:19:54,33300,30.84,49.8,17.20,63.5,30,53,OPEN,OPEN,CLOSED,2,-1,2,1,0
2026-05-02 09:20:54,33360,31.00,49.4,17.23,63.5,30,52,OPEN,OPEN,CLOSED,2,-1,2,1,0
2026-05-02 09:21:54,33420,31.16,48.9,17.25,63.4,31,52,OPEN,OPEN,CLOSED,3,-1,3,1,0
2026-05-02 09:22:54,33480,31.31,48.5,17.28,63.4,31,51,OPEN,OPEN,CLOSED,3,-1,3,1,0
2026-05-02 09:23:54,33540,31.47,48.1,17.30,63.3,31,51,OPEN,OPEN,CLOSED,3,-1,3,1,0
2026-05-02 09:24:54,33600,31.63,47.6,17.33,63.3,31,51,OPEN,OPEN,MOVING_OPEN,3,-1,3,1,0
2026-05-02 09:25:54,33660,31.78,47.2,17.35,63.2,31,50,OPEN,OPEN,MOVING_OPEN,3,-1,3,1,0
2026-05-02 09:26:54,33720,31.93,46.8,17.38,63.2,31,50,OPEN,OPEN,MOVING_OPEN,3,-1,3,1,0
2026-05-02 09:27:54,33780,32.05,46.5,17.40,63.2,31,49,OPEN,OPEN,OPEN,3,0,3,1,0
2026-05-02 09:28:54,33840,31.97,46.4,17.43,63.1,32,49,OPEN,OPEN,OPEN,3,0,3,1,0
2026-05-02 09:29:54,33900,31.90,46.3,17.45,63.1,32,48,OPEN,OPEN,OPEN,3,0,3,1,0
2026-05-02 09:30:54,33960,31.82,46.2,17.48,63.0,32,48,OPEN,OPEN,OPEN,3,0,3,1,0
2026-05-02 09:31:54,34020,31.76,46.1,17.50,63.0,32,48,OPEN,OPEN,OPEN,3,0,3,1,0
2026-05-02 09:32:54,34080,31.70,46.0,17.53,62.9,32,47,OPEN,OPEN,OPEN,3,0,3,1,0
2026-05-02 09:33:54,34140,31.64,45.8,17.55,62.9,32,47,OPEN,OPEN,OPEN,3,0,3,1,0
2026-05-02 09:34:54,34200,31.58,45.7,17.58,62.8,32,47,OPEN,OPEN,OPEN,3,0,3,1,0
2026-05-02 09:35:54,34260,31.53,45.6,17.60,62.8,32,47,OPEN,OPEN,OPEN,3,0,3,1,0
2026-05-02 09:36:54,34320,31.48,45.5,17.63,62.7,32,46,OPEN,OPEN,OPEN,3,0,3,1,0
2026-05-02 09:37:54,34380,31.44,45.4,17.65,62.7,32,46,OPEN,OPEN,OPEN,3,0,3,1,0
2026-05-02 09:38:54,34440,31.40,45.3,17.68,62.6,32,46,OPEN,OPEN,OPEN,3,0,3,1,0
2026-05-02 09:39:54,34500,31.36,45.1,17.70,62.6,32,46,OPEN,OPEN,OPEN,3,0,3,1,0
2026-05-02 09:40:54,34560,31.33,45.0,17.73,62.5,31,46,OPEN,OPEN,OPEN,3,0,3,1,0
2026-05-02 09:41:54,34620,31.29,44.9,17.75,62.5,31,46,OPEN,OPEN,OPEN,3,0,3,1,0
2026-05-02 09:42:54,34680,31.26,44.7,17.78,62.4,31,46,OPEN,OPEN,OPEN,3,0,3,1,0
2026-05-02 09:43:54,34740,31.24,44.6,17.80,62.4,31,45,OPEN,OPEN,OPEN,3,0,3,1,0
2026-05-02 09:44:54,34800,31.21,44.5,17.83,62.3,31,45,OPEN,OPEN,OPEN,3,0,3,1,0
2026-05-02 09:45:54,34860,31.19,44.4,17.85,62.3,31,45,OPEN,OPEN,OPEN,3,0,3,1,0
2026-05-02 09:46:54,34920,31.18,44.2,17.88,62.2,31,45,OPEN,OPEN,OPEN,3,0,3,1,0
2026-05-02 09:47:54,34980,31.16,44.1,17.90,62.2,31,45,OPEN,OPEN,OPEN,3,0,3,1,0
2026-05-02 09:48:54,35040,31.15,44.0,17.93,62.1,31,45,OPEN,OPEN,OPEN,3,0,3,1,0
2026-05-02 09:49:54,35100,31.13,43.8,17.95,62.1,31,45,OPEN,OPEN,OPEN,3,0,3,1,0
2026-05-02 09:50:54,35160,31.12,43.7,17.97,62.1,31,45,OPEN,OPEN,OPEN,3,0,3,1,0
2026-05-02 09:51:54,35220,31.12,43.6,18.00,62.0,31,44,OPEN,OPEN,OPEN,3,0,3,1,0
2026-05-02 09:52:54,35280,31.11,43.4,18.02,62.0,31,44,OPEN,OPEN,OPEN,3,0,3,1,0
2026-05-02 09:53:54,35340,31.11,43.3,18.05,61.9,31,44,OPEN,OPEN,OPEN,3,0,3,1,0
2026-05-02 09:54:54,35400,31.11,43.2,18.07,61.9,31,44,OPEN,OPEN,OPEN,3,0,3,1,0
2026-05-02 09:55:54,35460,31.11,43.0,18.10,61.8,31,44,OPEN,OPEN,OPEN,3,0,3,1,0
2026-05-02 09:56:54,35520,31.11,42.9,18.12,61.8,31,44,OPEN,OPEN,OPEN,3,0,3,1,0
2026-05-02 09:57:54,35580,31.11,42.8,18.15,61.7,31,44,OPEN,OPEN,OPEN,3,0,3,1,0
2026-05-02 09:58:54,35640,31.12,42.7,18.17,61.7,31,43,OPEN,OPEN,OPEN,3,0,3,1,0
2026-05-02 09:59:54,35700,31.13,42.5,18.20,61.6,31,43,OPEN,OPEN,OPEN,3,0,3,1,0
2026-05-02 10:00:54,35760,31.14,42.4,18.22,61.6,31,43,OPEN,OPEN,OPEN,3,0,3,1,0
2026-05-02 10:01:54,35820,31.15,42.3,18.25,61.5,31,43,OPEN,OPEN,OPEN,3,0,3,1,0
2026-05-02 10:02:54,35880,31.16,42.1,18.27,61.5,31,43,OPEN,OPEN,OPEN,3,0,3,1,0
2026-05-02 10:03:54,35940,31.17,42.0,18.30,61.4,31,43,OPEN,OPEN,OPEN,3,0,3,1,0
2026-05-02 10:04:54,36000,31.18,41.9,18.32,61.4,31,43,OPEN,OPEN,OPEN,3,0,3,1,0
2026-05-02 10:05:54,36060,31.20,41.7,18.35,61.3,31,43,OPEN,OPEN,OPEN,3,0,3,1,0
2026-05-02 10:06:54,36120,31.22,41.6,18.37,61.3,31,42,OPEN,OPEN,OPEN,3,0,3,1,0
2026-05-02 10:07:54,36180,31.23,41.5,18.40,61.2,31,42,OPEN,OPEN,OPEN,3,0,3,1,0
2026-05-02 10:08:54,36240,31.25,41.4,18.42,61.2,31,42,OPEN,OPEN,OPEN,3,0,3,1,0
2026-05-02 10:09:54,36300,31.27,41.2,18.45,61.1,31,42,OPEN,OPEN,OPEN,3,0,3,1,0
2026-05-02 10:10:54,36360,31.29,41.1,18.47,61.1,31,42,OPEN,OPEN,OPEN,3,0,3,1,0
2026-05-02 10:11:54,36420,31.32,41.0,18.50,61.0,31,42,OPEN,OPEN,OPEN,3,0,3,1,0
2026-05-02 10:12:54,36480,31.34,40.9,18.52,61.0,31,42,OPEN,OPEN,OPEN,3,0,3,1,0
2026-05-02 10:13:54,36540,31.36,40.7,18.55,61.0,31,42,OPEN,OPEN,OPEN,3,0,3,1,0
2026-05-02 10:14:54,36600,31.39,40.6,18.57,60.9,31,41,OPEN,OPEN,OPEN,3,0,3,1,0
2026-05-02 10:15:54,36660,31.41,40.5,18.60,60.9,31,41,OPEN,OPEN,OPEN,3,0,3,1,0
2026-05-02 10:16:54,36720,31.44,40.4,18.62,60.8,31,41,OPEN,OPEN,OPEN,3,0,3,1,0
2026-05-02 10:17:54,36780,31.47,40.3,18.65,60.8,31,41,OPEN,OPEN,OPEN,3,0,3,1,0
2026-05-02 10:18:54,36840,31.50,40.1,18.67,60.7,31,41,OPEN,OPEN,OPEN,3,0,3,1,0
2026-05-02 10:19:54,36900,31.53,40.0,18.70,60.7,31,41,OPEN,OPEN,OPEN,3,0,3,1,0
2026-05-02 10:20:54,36960,31.56,39.9,18.72,60.6,31,41,OPEN,OPEN,OPEN,3,0,3,1,0
2026-05-02 10:21:54,37020,31.59,39.8,18.75,60.6,31,41,OPEN,OPEN,OPEN,3,0,3,1,0
2026-05-02 10:22:54,37080,31.62,39.7,18.77,60.5,32,40,OPEN,OPEN,OPEN,3,0,3,1,0
2026-05-02 10:23:54,37140,31.65,39.6,18.80,60.5,32,40,OPEN,OPEN,OPEN,3,0,3,1,0
2026-05-02 10:24:54,37200,31.68,39.4,18.82,60.4,32,40,OPEN,OPEN,OPEN,3,0,3,1,0
2026-05-02 10:25:54,37260,31.71,39.3,18.85,60.4,32,40,OPEN,OPEN,OPEN,3,0,3,1,0
2026-05-02 10:26:54,37320,31.75,39.2,18.87,60.3,32,40,OPEN,OPEN,OPEN,3,0,3,1,0
2026-05-02 10:27:54,37380,31.78,39.1,18.90,60.3,32,40,OPEN,OPEN,OPEN,3,0,3,1,0
2026-05-02 10:28:54,37440,31.81,39.0,18.92,60.2,32,40,OPEN,OPEN,OPEN,3,0,3,1,0
2026-05-02 10:29:54,37500,31.85,38.9,18.95,60.2,32,40,OPEN,OPEN,OPEN,3,0,3,1,0
2026-05-02 10:30:54,37560,31.88,38.8,18.97,60.1,32,39,OPEN,OPEN,OPEN,3,0,3,1,0
2026-05-02 10:31:54,37620,31.92,38.7,19.00,60.1,32,39,OPEN,OPEN,OPEN,3,0,3,1,0
2026-05-02 10:32:54,37680,31.95,38.6,19.02,60.0,32,39,OPEN,OPEN,OPEN,3,0,3,1,0
2026-05-02 10:33:54,37740,31.99,38.4,19.05,60.0,32,39,OPEN,OPEN,OPEN,3,0,3,1,0
2026-05-02 10:34:54,37800,32.03,38.3,19.07,59.9,32,39,OPEN,OPEN,OPEN,3,0,3,1,0
2026-05-02 10:35:54,37860,32.06,38.2,19.10,59.9,32,39,OPEN,OPEN,OPEN,3,0,3,1,0
2026-05-02 10:36:54,37920,32.10,38.1,19.12,59.9,32,39,OPEN,OPEN,OPEN,3,0,3,1,0
2026-05-02 10:37:54,37980,32.14,38.0,19.15,59.8,32,39,OPEN,OPEN,OPEN,3,0,3,1,0
2026-05-02 10:38:54,38040,32.18,37.9,19.17,59.8,32,39,OPEN,OPEN,OPEN,3,0,3,1,0
2026-05-02 10:39:54,38100,32.21,37.8,19.20,59.7,32,39,OPEN,OPEN,OPEN,3,0,3,1,0
2026-05-02 10:40:54,38160,32.25,37.7,19.22,59.7,32,38,OPEN,OPEN,OPEN,3,0,3,1,0
2026-05-02 10:41:54,38220,32.29,37.6,19.25,59.6,32,38,OPEN,OPEN,OPEN,3,0,3,1,0
2026-05-02 10:42:54,38280,32.33,37.5,19.27,59.6,32,38,OPEN,OPEN,OPEN,3,0,3,1,0
2026-05-02 10:43:54,38340,32.37,37.4,19.30,59.5,32,38,OPEN,OPEN,OPEN,3,0,3,1,0
2026-05-02 10:44:54,38400,32.41,37.3,19.32,59.5,32,38,OPEN,OPEN,OPEN,3,0,3,1,0
2026-05-02 10:45:54,38460,32.44,37.2,19.35,59.4,32,38,OPEN,OPEN,OPEN,3,0,3,1,0
2026-05-02 10:46:54,38520,32.48,37.2,19.37,59.4,32,38,OPEN,OPEN,OPEN,3,0,3,1,0
2026-05-02 10:47:54,38580,32.52,37.1,19.40,59.3,32,38,OPEN,OPEN,OPEN,3,0,3,1,0
2026-05-02 10:48:54,38640,32.56,37.0,19.42,59.3,32,38,OPEN,OPEN,OPEN,3,0,3,1,0
2026-05-02 10:49:54,38700,32.60,36.9,19.45,59.2,32,38,OPEN,OPEN,OPEN,3,0,3,1,0
2026-05-02 10:50:54,38760,32.64,36.8,19.47,59.2,32,37,OPEN,OPEN,OPEN,3,0,3,1,0
2026-05-02 10:51:54,38820,32.68,36.7,19.50,59.1,33,37,OPEN,OPEN,OPEN,3,0,3,1,0
2026-05-02 10:52:54,38880,32.72,36.6,19.52,59.1,33,37,OPEN,OPEN,OPEN,3,0,3,1,0
2026-05-02 10:53:54,38940,32.76,36.5,19.55,59.0,33,37,OPEN,OPEN,OPEN,3,0,3,1,0
2026-05-02 10:54:54,39000,32.80,36.4,19.57,59.0,33,37,OPEN,OPEN,OPEN,3,0,3,1,0
2026-05-02 10:55:54,39060,32.84,36.3,19.60,58.9,33,37,OPEN,OPEN,OPEN,3,0,3,1,0
2026-05-02 10:56:54,39120,32.88,36.3,19.62,58.9,33,37,OPEN,OPEN,OPEN,3,0,3,1,0
2026-05-02 10:57:54,39180,32.92,36.2,19.65,58.8,33,37,OPEN,OPEN,OPEN,3,0,3,1,0
2026-05-02 10:58:54,39240,32.96,36.1,19.67,58.8,33,37,OPEN,OPEN,OPEN,3,0,3,1,0
2026-05-02 10:59:54,39300,33.00,36.0,19.70,58.8,33,37,OPEN,OPEN,OPEN,3,0,3,1,0
2026-05-02 11:00:54,39360,33.04,35.9,19.72,58.7,33,36,OPEN,OPEN,OPEN,3,0,3,1,0
2026-05-02 11:01:54,39420,33.07,35.8,19.75,58.7,33,36,OPEN,OPEN,OPEN,3,0,3,1,0
2026-05-02 11:02:54,39480,33.11,35.8,19.77,58.6,33,36,OPEN,OPEN,OPEN,3,0,3,1,0
2026-05-02 11:03:54,39540,33.15,35.7,19.80,58.6,33,36,OPEN,OPEN,OPEN,3,0,3,1,0
2026-05-02 11:04:54,39600,33.19,35.6,19.82,58.5,33,36,OPEN,OPEN,OPEN,3,0,3,1,0
2026-05-02 11:05:54,39660,33.23,35.5,19.85,58.5,33,36,OPEN,OPEN,OPEN,3,0,3,1,0
2026-05-02 11:06:54,39720,33.27,35.4,19.87,58.4,33,36,OPEN,OPEN,OPEN,3,0,3,1,0
2026-05-02 11:07:54,39780,33.31,35.4,19.90,58.4,33,36,OPEN,OPEN,OPEN,3,0,3,1,0
2026-05-02 11:08:54,39840,33.35,35.3,19.92,58.3,33,36,OPEN,OPEN,OPEN,3,0,3,1,0
2026-05-02 11:09:54,39900,33.39,35.2,19.95,58.3,33,36,OPEN,OPEN,OPEN,3,0,3,1,0
2026-05-02 11:10:54,39960,33.43,35.1,19.97,58.2,33,36,OPEN,OPEN,OPEN,3,0,3,1,0
2026-05-02 11:11:54,40020,33.46,35.1,20.00,58.2,33,36,OPEN,OPEN,OPEN,3,0,3,1,0
2026-05-02 11:12:54,40080,33.50,35.0,20.02,58.1,33,35,OPEN,OPEN,OPEN,3,0,3,1,0
2026-05-02 11:13:54,40140,33.54,34.9,20.05,58.1,33,35,OPEN,OPEN,OPEN,3,0,3,1,0
2026-05-02 11:14:54,40200,33.58,34.9,20.07,58.0,33,35,OPEN,OPEN,OPEN,3,0,3,1,0
2026-05-02 11:15:54,40260,33.62,34.8,20.10,58.0,33,35,OPEN,OPEN,OPEN,3,0,3,1,0
2026-05-02 11:16:54,40320,33.65,34.7,20.12,57.9,34,35,OPEN,OPEN,OPEN,3,0,3,1,0
2026-05-02 11:17:54,40380,33.69,34.7,20.15,57.9,34,35,OPEN,OPEN,OPEN,3,0,3,1,0
2026-05-02 11:18:54,40440,33.73,34.6,20.17,57.8,34,35,OPEN,OPEN,OPEN,3,0,3,1,0
2026-05-02 11:19:54,40500,33.77,34.5,20.20,57.8,34,35,OPEN,OPEN,OPEN,3,0,3,1,0
2026-05-02 11:20:54,40560,33.80,34.5,20.22,57.7,34,35,OPEN,OPEN,OPEN,3,0,3,1,0
2026-05-02 11:21:54,40620,33.84,34.4,20.25,57.7,34,35,OPEN,OPEN,OPEN,3,0,3,1,0
2026-05-02 11:22:54,40680,33.88,34.3,20.27,57.7,34,35,OPEN,OPEN,OPEN,3,0,3,1,0
2026-05-02 11:23:54,40740,33.91,34.3,20.30,57.6,34,35,OPEN,OPEN,OPEN,3,0,3,1,0
2026-05-02 11:24:54,40800,33.95,34.2,20.32,57.6,34,35,OPEN,OPEN,OPEN,3,0,3,1,0
2026-05-02 11:25:54,40860,33.99,34.1,20.35,57.5,34,35,OPEN,OPEN,OPEN,3,0,3,1,0
2026-05-02 11:26:54,40920,34.02,34.1,20.37,57.5,34,34,OPEN,OPEN,OPEN,3,0,3,1,0
2026-05-02 11:27:54,40980,34.06,34.0,20.40,57.4,34,34,OPEN,OPEN,OPEN,3,0,3,1,0
2026-05-02 11:28:54,41040,34.09,34.0,20.42,57.4,34,34,OPEN,OPEN,OPEN,3,0,3,1,0
2026-05-02 11:29:54,41100,34.13,33.9,20.45,57.3,34,34,OPEN,OPEN,OPEN,3,0,3,1,0
2026-05-02 11:30:54,41160,34.16,33.8,20.47,57.3,34,34,OPEN,OPEN,OPEN,3,0,3,1,0
2026-05-02 11:31:54,41220,34.20,33.8,20.50,57.2,34,34,OPEN,OPEN,OPEN,3,0,3,1,0
2026-05-02 11:32:54,41280,34.23,33.7,20.52,57.2,34,34,OPEN,OPEN,OPEN,3,0,3,1,0
2026-05-02 11:33:54,41340,34.27,33.7,20.55,57.1,34,34,OPEN,OPEN,OPEN,3,0,3,1,0
2026-05-02 11:34:54,41400,34.30,33.6,20.57,57.1,34,34,OPEN,OPEN,OPEN,3,0,3,1,0
2026-05-02 11:35:54,41460,34.33,33.6,20.60,57.0,34,34,OPEN,OPEN,OPEN,3,0,3,1,0
2026-05-02 11:36:54,41520,34.37,33.5,20.62,57.0,34,34,OPEN,OPEN,OPEN,3,0,3,1,0
2026-05-02 11:37:54,41580,34.40,33.5,20.65,56.9,34,34,OPEN,OPEN,OPEN,3,0,3,1,0
2026-05-02 11:38:54,41640,34.43,33.4,20.67,56.9,34,34,OPEN,OPEN,OPEN,3,0,3,1,0
2026-05-02 11:39:54,41700,34.47,33.4,20.70,56.8,34,34,OPEN,OPEN,OPEN,3,0,3,1,0
2026-05-02 11:40:54,41760,34.50,33.3,20.72,56.8,34,34,OPEN,OPEN,OPEN,3,0,3,1,0
2026-05-02 11:41:54,41820,34.53,33.3,20.75,56.7,34,34,OPEN,OPEN,OPEN,3,0,3,1,0
2026-05-02 11:42:54,41880,34.56,33.2,20.77,56.7,34,34,OPEN,OPEN,OPEN,3,0,3,1,0
2026-05-02 11:43:54,41940,34.59,33.2,20.80,56.6,34,34,OPEN,OPEN,OPEN,3,0,3,1,0
2026-05-02 11:44:54,42000,34.63,33.1,20.82,56.6,35,33,OPEN,OPEN,OPEN,3,0,3,1,0
2026-05-02 11:45:54,42060,34.66,33.1,20.85,56.6,35,33,OPEN,OPEN,OPEN,3,0,3,1,0
2026-05-02 11:46:54,42120,34.69,33.0,20.87,56.5,35,33,OPEN,OPEN,OPEN,3,0,3,1,0
2026-05-02 11:47:54,42180,34.72,33.0,20.90,56.5,35,33,OPEN,OPEN,OPEN,3,0,3,1,0
2026-05-02 11:48:54,42240,34.75,32.9,20.92,56.4,35,33,OPEN,OPEN,OPEN,3,0,3,1,0
2026-05-02 11:49:54,42300,34.78,32.9,20.95,56.4,35,33,OPEN,OPEN,OPEN,3,0,3,1,0
2026-05-02 11:50:54,42360,34.81,32.9,20.97,56.3,35,33,OPEN,OPEN,OPEN,3,0,3,1,0
2026-05-02 11:51:54,42420,34.84,32.8,21.00,56.3,35,33,OPEN,OPEN,OPEN,3,0,3,1,0
2026-05-02 11:52:54,42480,34.87,32.8,21.02,56.2,35,33,OPEN,OPEN,OPEN,3,0,3,1,0
2026-05-02 11:53:54,42540,34.90,32.7,21.05,56.2,35,33,OPEN,OPEN,OPEN,3,0,3,1,0
2026-05-02 11:54:54,42600,34.92,32.7,21.07,56.1,35,33,OPEN,OPEN,OPEN,3,0,3,1,0
2026-05-02 11:55:54,42660,34.95,32.6,21.10,56.1,35,33,OPEN,OPEN,OPEN,3,0,3,1,0
2026-05-02 11:56:54,42720,34.98,32.6,21.12,56.0,35,33,OPEN,OPEN,OPEN,3,0,3,1,0
2026-05-02 11:57:54,42780,35.01,32.6,21.15,56.0,35,33,OPEN,OPEN,OPEN,3,0,3,1,0
2026-05-02 11:58:54,42840,35.03,32.5,21.17,55.9,35,33,OPEN,OPEN,OPEN,3,0,3,1,0
2026-05-02 11:59:54,42900,35.06,32.5,21.20,55.9,35,33,OPEN,OPEN,OPEN,3,0,3,1,0
2026-05-02 12:00:54,42960,35.09,32.5,21.22,55.8,35,33,OPEN,OPEN,OPEN,3,0,3,1,0
2026-05-02 12:01:54,43020,35.11,32.4,21.25,55.8,35,33,OPEN,OPEN,OPEN,3,0,3,1,0
2026-05-02 12:02:54,43080,35.14,32.4,21.27,55.7,35,33,OPEN,OPEN,OPEN,3,0,3,1,0
2026-05-02 12:03:54,43140,35.17,32.4,21.30,55.7,35,33,OPEN,OPEN,OPEN,3,0,3,1,0
2026-05-02 12:04:54,43200,35.19,32.3,21.32,55.6,35,33,OPEN,OPEN,OPEN,3,0,3,1,0
2026-05-02 12:05:54,43260,35.22,32.3,21.35,55.6,35,33,OPEN,OPEN,OPEN,3,0,3,1,0
2026-05-02 12:06:54,43320,35.24,32.3,21.37,55.5,35,32,OPEN,OPEN,OPEN,3,0,3,1,0
2026-05-02 12:07:54,43380,35.26,32.2,21.40,55.5,35,32,OPEN,OPEN,OPEN,3,0,3,1,0
2026-05-02 12:08:54,43440,35.29,32.2,21.42,55.4,35,32,OPEN,OPEN,OPEN,3,0,3,1,0
2026-05-02 12:09:54,43500,35.31,32.2,21.45,55.4,35,32,OPEN,OPEN,OPEN,3,0,3,1,0
2026-05-02 12:10:54,43560,35.34,32.1,21.47,55.4,35,32,OPEN,OPEN,OPEN,3,0,3,1,0
2026-05-02 12:11:54,43620,35.36,32.1,21.50,55.3,35,32,OPEN,OPEN,OPEN,3,0,3,1,0
2026-05-02 12:12:54,43680,35.38,32.1,21.52,55.3,35,32,OPEN,OPEN,OPEN,3,0,3,1,0
2026-05-02 12:13:54,43740,35.40,32.1,21.55,55.2,35,32,OPEN,OPEN,OPEN,3,0,3,1,0
2026-05-02 12:14:54,43800,35.43,32.0,21.57,55.2,35,32,OPEN,OPEN,OPEN,3,0,3,1,0
2026-05-02 12:15:54,43860,35.45,32.0,21.60,55.1,35,32,OPEN,OPEN,OPEN,3,0,3,1,0
2026-05-02 12:16:54,43920,35.47,32.0,21.62,55.1,35,32,OPEN,OPEN,OPEN,3,0,3,1,0
2026-05-02 12:17:54,43980,35.49,32.0,21.65,55.0,35,32,OPEN,OPEN,OPEN,3,0,3,1,0
2026-05-02 12:18:54,44040,35.51,31.9,21.67,55.0,35,32,OPEN,OPEN,OPEN,3,0,3,1,0
2026-05-02 12:19:54,44100,35.53,31.9,21.70,54.9,35,32,OPEN,OPEN,OPEN,3,0,3,1,0
2026-05-02 12:20:54,44160,35.55,31.9,21.72,54.9,35,32,OPEN,OPEN,OPEN,3,0,3,1,0
2026-05-02 12:21:54,44220,35.57,31.9,21.75,54.8,35,32,OPEN,OPEN,OPEN,3,0,3,1,0
2026-05-02 12:22:54,44280,35.59,31.9,21.77,54.8,36,32,OPEN,OPEN,OPEN,3,0,3,1,0
2026-05-02 12:23:54,44340,35.61,31.8,21.80,54.7,36,32,OPEN,OPEN,OPEN,3,0,3,1,0
2026-05-02 12:24:54,44400,35.63,31.8,21.82,54.7,36,32,OPEN,OPEN,OPEN,3,0,3,1,0
2026-05-02 12:25:54,44460,35.65,31.8,21.85,54.6,36,32,OPEN,OPEN,OPEN,3,0,3,1,0
2026-05-02 12:26:54,44520,35.67,31.8,21.87,54.6,36,32,OPEN,OPEN,OPEN,3,0,3,1,0
2026-05-02 12:27:54,44580,35.68,31.8,21.90,54.5,36,32,OPEN,OPEN,OPEN,3,0,3,1,0
2026-05-02 12:28:54,44640,35.70,31.7,21.92,54.5,36,32,OPEN,OPEN,OPEN,3,0,3,1,0
2026-05-02 12:29:54,44700,35.72,31.7,21.95,54.4,36,32,OPEN,OPEN,OPEN,3,0,3,1,0
2026-05-02 12:30:54,44760,35.74,31.7,21.97,54.4,36,32,OPEN,OPEN,OPEN,3,0,3,1,0
2026-05-02 12:31:54,44820,35.75,31.7,22.00,54.3,36,32,OPEN,OPEN,OPEN,3,0,3,1,0
2026-05-02 12:32:54,44880,35.77,31.7,22.02,54.3,36,32,OPEN,OPEN,OPEN,3,0,3,1,0
2026-05-02 12:33:54,44940,35.78,31.7,22.05,54.3,36,32,OPEN,OPEN,OPEN,3,0,3,1,0
2026-05-02 12:34:54,45000,35.80,31.7,22.07,54.2,36,32,OPEN,OPEN,OPEN,3,0,3,1,0
2026-05-02 12:35:54,45060,35.81,31.6,22.10,54.2,36,32,OPEN,OPEN,OPEN,3,0,3,1,0
2026-05-02 12:36:54,45120,35.83,31.6,22.12,54.1,36,32,OPEN,OPEN,OPEN,3,0,3,1,0
2026-05-02 12:37:54,45180,35.84,31.6,22.15,54.1,36,32,OPEN,OPEN,OPEN,3,0,3,1,0
2026-05-02 12:38:54,45240,35.86,31.6,22.17,54.0,36,32,OPEN,OPEN,OPEN,3,0,3,1,0
2026-05-02 12:39:54,45300,35.87,31.6,22.20,54.0,36,32,OPEN,OPEN,OPEN,3,0,3,1,0
2026-05-02 12:40:54,45360,35.89,31.6,22.22,53.9,36,32,OPEN,OPEN,OPEN,3,0,3,1,0
2026-05-02 12:41:54,45420,35.90,31.6,22.25,53.9,36,32,OPEN,OPEN,OPEN,3,0,3,1,0
2026-05-02 12:42:54,45480,35.91,31.6,22.27,53.8,36,32,OPEN,OPEN,OPEN,3,0,3,1,0
2026-05-02 12:43:54,45540,35.92,31.6,22.30,53.8,36,32,OPEN,OPEN,OPEN,3,0,3,1,0
2026-05-02 12:44:54,45600,35.94,31.6,22.32,53.7,36,32,OPEN,OPEN,OPEN,3,0,3,1,0
2026-05-02 12:45:54,45660,35.95,31.6,22.35,53.7,36,32,OPEN,OPEN,OPEN,3,0,3,1,0
2026-05-02 12:46:54,45720,35.96,31.5,22.37,53.6,36,32,OPEN,OPEN,OPEN,3,0,3,1,0
2026-05-02 12:47:54,45780,35.97,31.5,22.40,53.6,36,32,OPEN,OPEN,OPEN,3,0,3,1,0
2026-05-02 12:48:54,45840,35.98,31.5,22.42,53.5,36,32,OPEN,OPEN,OPEN,3,0,3,1,0
2026-05-02 12:49:54,45900,35.99,31.5,22.45,53.5,36,32,OPEN,OPEN,OPEN,3,0,3,1,0
2026-05-02 12:50:54,45960,36.00,31.5,22.47,53.4,36,32,OPEN,OPEN,OPEN,3,0,3,1,0
2026-05-02 12:51:54,46020,36.01,31.5,22.50,53.4,36,32,OPEN,OPEN,OPEN,3,0,3,1,0
2026-05-02 12:52:54,46080,36.02,31.5,22.52,53.3,36,32,OPEN,OPEN,OPEN,3,0,3,1,0
2026-05-02 12:53:54,46140,36.03,31.5,22.55,53.3,36,32,OPEN,OPEN,OPEN,3,0,3,1,0
2026-05-02 12:54:54,46200,36.04,31.5,22.57,53.2,36,32,OPEN,OPEN,OPEN,3,0,3,1,0
2026-05-02 12:55:54,46260,36.05,31.5,22.60,53.2,36,32,OPEN,OPEN,OPEN,3,0,3,1,0
2026-05-02 12:56:54,46320,36.06,31.5,22.62,53.2,36,32,OPEN,OPEN,OPEN,3,0,3,1,0
2026-05-02 12:57:54,46380,36.06,31.5,22.65,53.1,36,32,OPEN,OPEN,OPEN,3,0,3,1,0
2026-05-02 12:58:54,46440,36.07,31.5,22.67,53.1,36,32,OPEN,OPEN,OPEN,3,0,3,1,0
2026-05-02 12:59:54,46500,36.08,31.5,22.70,53.0,36,32,OPEN,OPEN,OPEN,3,0,3,1,0
2026-05-02 13:00:54,46560,36.09,31.5,22.72,53.0,36,32,OPEN,OPEN,OPEN,3,0,3,1,0
2026-05-02 13:01:54,46620,36.09,31.5,22.75,52.9,36,32,OPEN,OPEN,OPEN,3,0,3,1,0
2026-05-02 13:02:54,46680,36.10,31.5,22.77,52.9,36,32,OPEN,OPEN,OPEN,3,0,3,1,0
2026-05-02 13:03:54,46740,36.10,31.5,22.80,52.8,36,32,OPEN,OPEN,OPEN,3,0,3,1,0
2026-05-02 13:04:54,46800,36.11,31.5,22.82,52.8,36,32,OPEN,OPEN,OPEN,3,0,3,1,0
2026-05-02 13:05:54,46860,36.12,31.6,22.85,52.7,36,32,OPEN,OPEN,OPEN,3,0,3,1,0
2026-05-02 13:06:54,46920,36.12,31.6,22.87,52.7,36,32,OPEN,OPEN,OPEN,3,0,3,1,0
2026-05-02 13:07:54,46980,36.13,31.6,22.90,52.6,36,32,OPEN,OPEN,OPEN,3,0,3,1,0
2026-05-02 13:08:54,47040,36.13,31.6,22.92,52.6,36,32,OPEN,OPEN,OPEN,3,0,3,1,0
2026-05-02 13:09:54,47100,36.13,31.6,22.95,52.5,36,32,OPEN,OPEN,OPEN,3,0,3,1,0
2026-05-02 13:10:54,47160,36.14,31.6,22.97,52.5,36,32,OPEN,OPEN,OPEN,3,0,3,1,0
2026-05-02 13:11:54,47220,36.14,31.6,23.00,52.4,36,32,OPEN,OPEN,OPEN,3,0,3,1,0
2026-05-02 13:12:54,47280,36.14,31.6,23.02,52.4,36,32,OPEN,OPEN,OPEN,3,0,3,1,0
2026-05-02 13:13:54,47340,36.15,31.6,23.05,52.3,36,32,OPEN,OPEN,OPEN,3,0,3,1,0
2026-05-02 13:14:54,47400,36.15,31.6,23.07,52.3,36,32,OPEN,OPEN,OPEN,3,0,3,1,0
2026-05-02 13:15:54,47460,36.15,31.6,23.10,52.2,36,32,OPEN,OPEN,OPEN,3,0,3,1,0
2026-05-02 13:16:54,47520,36.15,31.7,23.12,52.2,36,32,OPEN,OPEN,OPEN,3,0,3,1,0
2026-05-02 13:17:54,47580,36.15,31.7,23.15,52.1,36,32,OPEN,OPEN,OPEN,3,0,3,1,0
2026-05-02 13:18:54,47640,36.16,31.7,23.17,52.1,36,32,OPEN,OPEN,OPEN,3,0,3,1,0
2026-05-02 13:19:54,47700,36.16,31.7,23.20,52.1,36,32,OPEN,OPEN,OPEN,3,0,3,1,0
2026-05-02 13:20:54,47760,36.16,31.7,23.22,52.0,36,32,OPEN,OPEN,OPEN,3,0,3,1,0
2026-05-02 13:21:54,47820,36.16,31.7,23.25,52.0,36,32,OPEN,OPEN,OPEN,3,0,3,1,0
2026-05-02 13:22:54,47880,36.16,31.7,23.27,51.9,36,32,OPEN,OPEN,OPEN,3,0,3,1,0
2026-05-02 13:23:54,47940,36.16,31.8,23.30,51.9,36,32,OPEN,OPEN,OPEN,3,0,3,1,0
2026-05-02 13:24:54,48000,36.16,31.8,23.32,51.8,36,32,OPEN,OPEN,OPEN,3,0,3,1,0
2026-05-02 13:25:54,48060,36.16,31.8,23.35,51.8,36,32,OPEN,OPEN,OPEN,3,0,3,1,0
2026-05-02 13:26:54,48120,36.15,31.8,23.37,51.7,36,32,OPEN,OPEN,OPEN,3,0,3,1,0
2026-05-02 13:27:54,48180,36.15,31.8,23.40,51.7,36,32,OPEN,OPEN,OPEN,3,0,3,1,0
2026-05-02 13:28:54,48240,36.15,31.8,23.42,51.6,36,32,OPEN,OPEN,OPEN,3,0,3,1,0
2026-05-02 13:29:54,48300,36.15,31.9,23.45,51.6,36,32,OPEN,OPEN,OPEN,3,0,3,1,0
2026-05-02 13:30:54,48360,36.15,31.9,23.47,51.5,36,32,OPEN,OPEN,OPEN,3,0,3,1,0
2026-05-02 13:31:54,48420,36.14,31.9,23.50,51.5,36,32,OPEN,OPEN,OPEN,3,0,3,1,0
2026-05-02 13:32:54,48480,36.14,31.9,23.52,51.4,36,32,OPEN,OPEN,OPEN,3,0,3,1,0
2026-05-02 13:33:54,48540,36.14,31.9,23.55,51.4,36,32,OPEN,OPEN,OPEN,3,0,3,1,0
2026-05-02 13:34:54,48600,36.13,32.0,23.57,51.3,36,32,OPEN,OPEN,OPEN,3,0,3,1,0
2026-05-02 13:35:54,48660,36.13,32.0,23.60,51.3,36,32,OPEN,OPEN,OPEN,3,0,3,1,0
2026-05-02 13:36:54,48720,36.13,32.0,23.62,51.2,36,32,OPEN,OPEN,OPEN,3,0,3,1,0
2026-05-02 13:37:54,48780,36.12,32.0,23.65,51.2,36,32,OPEN,OPEN,OPEN,3,0,3,1,0
2026-05-02 13:38:54,48840,36.12,32.1,23.67,51.1,36,32,OPEN,OPEN,OPEN,3,0,3,1,0
2026-05-02 13:39:54,48900,36.11,32.1,23.70,51.1,36,32,OPEN,OPEN,OPEN,3,0,3,1,0
2026-05-02 13:40:54,48960,36.11,32.1,23.72,51.0,36,32,OPEN,OPEN,OPEN,3,0,3,1,0
2026-05-02 13:41:54,49020,36.10,32.1,23.75,51.0,36,32,OPEN,OPEN,OPEN,3,0,3,1,0
2026-05-02 13:42:54,49080,36.09,32.2,23.77,51.0,36,32,OPEN,OPEN,OPEN,3,0,3,1,0
2026-05-02 13:43:54,49140,36.09,32.2,23.80,50.9,36,32,OPEN,OPEN,OPEN,3,0,3,1,0
2026-05-02 13:44:54,49200,36.08,32.2,23.82,50.9,36,32,OPEN,OPEN,OPEN,3,0,3,1,0
2026-05-02 13:45:54,49260,36.08,32.2,23.85,50.8,36,32,OPEN,OPEN,OPEN,3,0,3,1,0
2026-05-02 13:46:54,49320,36.07,32.3,23.87,50.8,36,32,OPEN,OPEN,OPEN,3,0,3,1,0
2026-05-02 13:47:54,49380,36.06,32.3,23.90,50.7,36,32,OPEN,OPEN,OPEN,3,0,3,1,0
2026-05-02 13:48:54,49440,36.05,32.3,23.92,50.7,36,32,OPEN,OPEN,OPEN,3,0,3,1,0
2026-05-02 13:49:54,49500,36.05,32.4,23.95,50.6,36,32,OPEN,OPEN,OPEN,3,0,3,1,0
2026-05-02 13:50:54,49560,36.04,32.4,23.97,50.6,36,32,OPEN,OPEN,OPEN,3,0,3,1,0
2026-05-02 13:51:54,49620,36.03,32.4,24.00,50.5,36,32,OPEN,OPEN,OPEN,3,0,3,1,0
2026-05-02 13:52:54,49680,36.02,32.5,24.02,50.5,36,32,OPEN,OPEN,OPEN,3,0,3,1,0
2026-05-02 13:53:54,49740,36.01,32.5,24.05,50.4,36,32,OPEN,OPEN,OPEN,3,0,3,1,0
2026-05-02 13:54:54,49800,36.00,32.5,24.07,50.4,36,32,OPEN,OPEN,OPEN,3,0,3,1,0
2026-05-02 13:55:54,49860,35.99,32.6,24.10,50.3,36,32,OPEN,OPEN,OPEN,3,0,3,1,0
2026-05-02 13:56:54,49920,35.98,32.6,24.12,50.3,36,32,OPEN,OPEN,OPEN,3,0,3,1,0
2026-05-02 13:57:54,49980,35.97,32.6,24.15,50.2,36,32,OPEN,OPEN,OPEN,3,0,3,1,0
2026-05-02 13:58:54,50040,35.96,32.7,24.17,50.2,36,32,OPEN,OPEN,OPEN,3,0,3,1,0
2026-05-02 13:59:54,50100,35.95,32.7,24.20,50.1,36,32,OPEN,OPEN,OPEN,3,0,3,1,0
2026-05-02 14:00:54,50160,35.94,32.7,24.22,50.1,36,33,OPEN,OPEN,OPEN,3,0,3,1,0
2026-05-02 14:01:54,50220,35.93,32.8,24.25,50.0,36,33,OPEN,OPEN,OPEN,3,0,3,1,0
2026-05-02 14:02:54,50280,35.92,32.8,24.27,50.0,36,33,OPEN,OPEN,OPEN,3,0,3,1,0
2026-05-02 14:03:54,50340,35.91,32.8,24.30,49.9,36,33,OPEN,OPEN,OPEN,3,0,3,1,0
2026-05-02 14:04:54,50400,35.90,32.9,24.32,49.9,36,33,OPEN,OPEN,OPEN,3,0,3,1,0
2026-05-02 14:05:54,50460,35.89,32.9,24.29,49.9,36,33,OPEN,OPEN,OPEN,3,0,3,1,0
2026-05-02 14:06:54,50520,35.87,32.9,24.27,50.0,36,33,OPEN,OPEN,OPEN,3,0,3,1,0
2026-05-02 14:07:54,50580,35.85,33.0,24.24,50.0,36,33,OPEN,OPEN,OPEN,3,0,3,1,0
2026-05-02 14:08:54,50640,35.84,33.0,24.21,50.1,36,33,OPEN,OPEN,OPEN,3,0,3,1,0
2026-05-02 14:09:54,50700,35.82,33.1,24.18,50.1,36,33,OPEN,OPEN,OPEN,3,0,3,1,0
2026-05-02 14:10:54,50760,35.80,33.1,24.16,50.2,36,33,OPEN,OPEN,OPEN,3,0,3,1,0
2026-05-02 14:11:54,50820,35.77,33.2,24.13,50.2,36,33,OPEN,OPEN,OPEN,3,0,3,1,0
2026-05-02 14:12:54,50880,35.75,33.2,24.10,50.2,36,33,OPEN,OPEN,OPEN,3,0,3,1,0
2026-05-02 14:13:54,50940,35.72,33.3,24.07,50.3,36,33,OPEN,OPEN,OPEN,3,0,3,1,0
2026-05-02 14:14:54,51000,35.69,33.4,24.05,50.3,36,33,OPEN,OPEN,OPEN,3,0,3,1,0
2026-05-02 14:15:54,51060,35.67,33.4,24.02,50.4,36,33,OPEN,OPEN,OPEN,3,0,3,1,0
2026-05-02 14:16:54,51120,35.64,33.5,23.99,50.4,36,33,OPEN,OPEN,OPEN,3,0,3,1,0
2026-05-02 14:17:54,51180,35.60,33.6,23.96,50.5,36,33,OPEN,OPEN,OPEN,3,0,3,1,0
2026-05-02 14:18:54,51240,35.57,33.6,23.94,50.5,36,33,OPEN,OPEN,OPEN,3,0,3,1,0
2026-05-02 14:19:54,51300,35.54,33.7,23.91,50.5,36,33,OPEN,OPEN,OPEN,3,0,3,1,0
2026-05-02 14:20:54,51360,35.50,33.8,23.88,50.6,36,33,OPEN,OPEN,OPEN,3,0,3,1,0
2026-05-02 14:21:54,51420,35.47,33.8,23.86,50.6,36,33,OPEN,OPEN,OPEN,3,0,3,1,0
2026-05-02 14:22:54,51480,35.43,33.9,23.83,50.7,36,33,OPEN,OPEN,OPEN,3,0,3,1,0
2026-05-02 14:23:54,51540,35.39,34.0,23.80,50.7,36,34,OPEN,OPEN,OPEN,3,0,3,1,0
2026-05-02 14:24:54,51600,35.35,34.1,23.77,50.8,35,34,OPEN,OPEN,OPEN,3,0,3,1,0
2026-05-02 14:25:54,51660,35.31,34.1,23.75,50.8,35,34,OPEN,OPEN,OPEN,3,0,3,1,0
2026-05-02 14:26:54,51720,35.27,34.2,23.72,50.9,35,34,OPEN,OPEN,OPEN,3,0,3,1,0
2026-05-02 14:27:54,51780,35.22,34.3,23.69,50.9,35,34,OPEN,OPEN,OPEN,3,0,3,1,0
2026-05-02 14:28:54,51840,35.18,34.4,23.66,50.9,35,34,OPEN,OPEN,OPEN,3,0,3,1,0
2026-05-02 14:29:54,51900,35.14,34.5,23.64,51.0,35,34,OPEN,OPEN,OPEN,3,0,3,1,0
2026-05-02 14:30:54,51960,35.09,34.6,23.61,51.0,35,34,OPEN,OPEN,OPEN,3,0,3,1,0
2026-05-02 14:31:54,52020,35.04,34.7,23.58,51.1,35,34,OPEN,OPEN,OPEN,3,0,3,1,0
2026-05-02 14:32:54,52080,34.99,34.7,23.55,51.1,35,34,OPEN,OPEN,OPEN,3,0,3,1,0
2026-05-02 14:33:54,52140,34.95,34.8,23.53,51.2,35,34,OPEN,OPEN,OPEN,3,0,3,1,0
2026-05-02 14:34:54,52200,34.90,34.9,23.50,51.2,35,34,OPEN,OPEN,OPEN,3,0,3,1,0
2026-05-02 14:35:54,52260,34.85,35.0,23.51,51.1,35,34,OPEN,OPEN,OPEN,3,0,3,1,0
2026-05-02 14:36:54,52320,34.80,35.1,23.52,51.0,35,35,OPEN,OPEN,OPEN,3,0,3,1,0
2026-05-02 14:37:54,52380,34.75,35.2,23.52,50.9,35,35,OPEN,OPEN,OPEN,3,0,3,1,0
2026-05-02 14:38:54,52440,34.70,35.3,23.53,50.9,35,35,OPEN,OPEN,OPEN,3,0,3,1,0
2026-05-02 14:39:54,52500,34.65,35.4,23.54,50.8,35,35,OPEN,OPEN,OPEN,3,0,3,1,0
2026-05-02 14:40:54,52560,34.60,35.5,23.55,50.7,35,35,OPEN,OPEN,OPEN,3,0,3,1,0
2026-05-02 14:41:54,52620,34.56,35.6,23.56,50.6,35,35,OPEN,OPEN,OPEN,3,0,3,1,0
2026-05-02 14:42:54,52680,34.51,35.7,23.56,50.5,35,35,OPEN,OPEN,OPEN,3,0,3,1,0
2026-05-02 14:43:54,52740,34.46,35.7,23.57,50.4,35,35,OPEN,OPEN,OPEN,3,0,3,1,0
2026-05-02 14:44:54,52800,34.41,35.8,23.58,50.3,35,35,OPEN,OPEN,OPEN,3,0,3,1,0
2026-05-02 14:45:54,52860,34.36,35.9,23.59,50.3,35,35,OPEN,OPEN,OPEN,3,0,3,1,0
2026-05-02 14:46:54,52920,34.32,36.0,23.60,50.2,34,35,OPEN,OPEN,OPEN,3,0,3,1,0
2026-05-02 14:47:54,52980,34.27,36.1,23.60,50.1,34,36,OPEN,OPEN,OPEN,3,0,3,1,0
2026-05-02 14:48:54,53040,34.22,36.2,23.61,50.0,34,36,OPEN,OPEN,OPEN,3,0,3,1,0
2026-05-02 14:49:54,53100,34.18,36.3,23.62,49.9,34,36,OPEN,OPEN,OPEN,3,0,3,1,0
2026-05-02 14:50:54,53160,34.13,36.3,23.69,49.8,34,36,OPEN,OPEN,OPEN,3,0,3,1,0
2026-05-02 14:51:54,53220,34.09,36.4,23.77,49.8,34,36,OPEN,OPEN,OPEN,3,0,3,1,0
2026-05-02 14:52:54,53280,34.05,36.5,23.85,49.7,34,36,OPEN,OPEN,OPEN,3,0,3,1,0
2026-05-02 14:53:54,53340,34.01,36.6,23.93,49.6,34,36,OPEN,OPEN,OPEN,3,0,3,1,0
2026-05-02 14:54:54,53400,33.97,36.7,24.01,49.5,34,36,OPEN,OPEN,OPEN,3,0,3,1,0
2026-05-02 14:55:54,53460,33.93,36.7,24.09,49.5,34,36,OPEN,OPEN,OPEN,3,0,3,1,0
2026-05-02 14:56:54,53520,33.90,36.8,24.17,49.4,34,36,OPEN,OPEN,OPEN,3,0,3,1,0
2026-05-02 14:57:54,53580,33.87,36.9,24.26,49.3,34,36,OPEN,OPEN,OPEN,3,0,3,1,0
2026-05-02 14:58:54,53640,33.84,37.0,24.34,49.2,34,36,OPEN,OPEN,OPEN,3,0,3,1,0
2026-05-02 14:59:54,53700,33.81,37.0,24.42,49.2,34,37,OPEN,OPEN,OPEN,3,0,3,1,0
2026-05-02 15:00:54,53760,33.79,37.1,24.50,49.1,34,37,OPEN,OPEN,OPEN,3,0,3,1,0
2026-05-02 15:01:54,53820,33.76,37.2,24.58,49.0,34,37,OPEN,OPEN,OPEN,3,0,3,1,0
2026-05-02 15:02:54,53880,33.74,37.2,24.66,48.9,34,37,OPEN,OPEN,OPEN,3,0,3,1,0
2026-05-02 15:03:54,53940,33.72,37.3,24.74,48.9,34,37,OPEN,OPEN,OPEN,3,0,3,1,0
2026-05-02 15:04:54,54000,33.70,37.4,24.82,48.8,34,37,OPEN,OPEN,OPEN,3,0,3,1,0
2026-05-02 15:05:54,54060,33.68,37.4,24.76,48.8,34,37,OPEN,OPEN,OPEN,3,0,3,1,0
2026-05-02 15:06:54,54120,33.66,37.5,24.70,48.9,34,37,OPEN,OPEN,OPEN,3,0,3,1,0
2026-05-02 15:07:54,54180,33.63,37.6,24.64,48.9,34,37,OPEN,OPEN,OPEN,3,0,3,1,0
2026-05-02 15:08:54,54240,33.60,37.7,24.57,49.0,34,37,OPEN,OPEN,OPEN,3,0,3,1,0
2026-05-02 15:09:54,54300,33.57,37.7,24.51,49.0,34,37,OPEN,OPEN,OPEN,3,0,3,1,0
2026-05-02 15:10:54,54360,33.54,37.8,24.45,49.0,34,37,OPEN,OPEN,OPEN,3,0,3,1,0
2026-05-02 15:11:54,54420,33.50,37.9,24.39,49.1,34,37,OPEN,OPEN,OPEN,3,0,3,1,0
2026-05-02 15:12:54,54480,33.46,38.0,24.33,49.1,34,38,OPEN,OPEN,OPEN,3,0,3,1,0
2026-05-02 15:13:54,54540,33.42,38.1,24.27,49.2,34,38,OPEN,OPEN,OPEN,3,0,3,1,0
2026-05-02 15:14:54,54600,33.38,38.2,24.21,49.2,34,38,OPEN,OPEN,OPEN,3,0,3,1,0
2026-05-02 15:15:54,54660,33.33,38.3,24.15,49.2,33,38,OPEN,OPEN,OPEN,3,0,3,1,0
2026-05-02 15:16:54,54720,33.29,38.4,24.08,49.3,33,38,OPEN,OPEN,OPEN,3,0,3,1,0
2026-05-02 15:17:54,54780,33.24,38.5,24.02,49.3,33,38,OPEN,OPEN,OPEN,3,0,3,1,0
2026-05-02 15:18:54,54840,33.19,38.6,23.96,49.4,33,38,OPEN,OPEN,OPEN,3,0,3,1,0
2026-05-02 15:19:54,54900,33.13,38.7,23.90,49.4,33,38,OPEN,OPEN,OPEN,3,0,3,1,0
2026-05-02 15:20:54,54960,33.08,38.8,23.99,49.2,33,38,OPEN,OPEN,OPEN,3,0,3,1,0
2026-05-02 15:21:54,55020,33.03,38.9,24.07,49.0,33,38,OPEN,OPEN,OPEN,3,0,3,1,0
2026-05-02 15:22:54,55080,32.99,39.0,24.16,48.8,33,38,OPEN,OPEN,OPEN,3,0,3,1,0
2026-05-02 15:23:54,55140,32.94,39.1,24.24,48.6,33,38,OPEN,OPEN,OPEN,3,0,3,1,0
2026-05-02 15:24:54,55200,32.90,39.2,24.33,48.4,33,39,OPEN,OPEN,OPEN,3,0,3,1,0
2026-05-02 15:25:54,55260,32.86,39.3,24.42,48.2,33,39,OPEN,OPEN,OPEN,3,0,3,1,0
2026-05-02 15:26:54,55320,32.82,39.3,24.50,48.0,33,39,OPEN,OPEN,OPEN,3,0,3,1,0
2026-05-02 15:27:54,55380,32.79,39.4,24.59,47.8,33,39,OPEN,OPEN,OPEN,3,0,3,1,0
2026-05-02 15:28:54,55440,32.75,39.5,24.67,47.6,33,39,OPEN,OPEN,OPEN,3,0,3,1,0
2026-05-02 15:29:54,55500,32.72,39.6,24.76,47.3,33,39,OPEN,OPEN,OPEN,3,0,3,1,0
2026-05-02 15:30:54,55560,32.69,39.6,24.85,47.1,33,39,OPEN,OPEN,OPEN,3,0,3,1,0
2026-05-02 15:31:54,55620,32.67,39.7,24.93,46.9,33,39,OPEN,OPEN,OPEN,3,0,3,1,0
2026-05-02 15:32:54,55680,32.64,39.7,25.02,46.7,33,39,OPEN,OPEN,OPEN,3,0,3,1,0
2026-05-02 15:33:54,55740,32.62,39.8,25.10,46.5,33,39,OPEN,OPEN,OPEN,3,0,3,1,0
2026-05-02 15:34:54,55800,32.59,39.8,25.19,46.3,33,39,OPEN,OPEN,OPEN,3,0,3,1,0
2026-05-02 15:35:54,55860,32.57,39.9,25.16,46.4,33,39,OPEN,OPEN,OPEN,3,0,3,1,0
2026-05-02 15:36:54,55920,32.55,40.0,25.11,46.4,33,40,OPEN,OPEN,OPEN,3,0,3,1,0
2026-05-02 15:37:54,55980,32.52,40.0,25.06,46.5,33,40,OPEN,OPEN,OPEN,3,0,3,1,0
2026-05-02 15:38:54,56040,32.49,40.1,25.01,46.6,33,40,OPEN,OPEN,OPEN,3,0,3,1,0
2026-05-02 15:39:54,56100,32.46,40.1,24.97,46.6,33,40,OPEN,OPEN,OPEN,3,0,3,1,0
2026-05-02 15:40:54,56160,32.43,40.2,24.92,46.7,33,40,OPEN,OPEN,OPEN,3,0,3,1,0
2026-05-02 15:41:54,56220,32.39,40.3,24.87,46.8,33,40,OPEN,OPEN,OPEN,3,0,3,1,0
2026-05-02 15:42:54,56280,32.36,40.4,24.82,46.8,32,40,OPEN,OPEN,OPEN,3,0,3,1,0
2026-05-02 15:43:54,56340,32.32,40.5,24.78,46.9,32,40,OPEN,OPEN,OPEN,3,0,3,1,0
2026-05-02 15:44:54,56400,32.28,40.5,24.73,47.0,32,40,OPEN,OPEN,OPEN,3,0,3,1,0
2026-05-02 15:45:54,56460,32.23,40.6,24.68,47.0,32,40,OPEN,OPEN,OPEN,3,0,3,1,0
2026-05-02 15:46:54,56520,32.19,40.7,24.63,47.1,32,40,OPEN,OPEN,OPEN,3,0,3,1,0
2026-05-02 15:47:54,56580,32.14,40.8,24.59,47.2,32,40,OPEN,OPEN,OPEN,3,0,3,1,0
2026-05-02 15:48:54,56640,32.10,40.9,24.54,47.2,32,40,OPEN,OPEN,OPEN,3,0,3,1,0
2026-05-02 15:49:54,56700,32.05,41.0,24.49,47.3,32,40,OPEN,OPEN,OPEN,3,0,3,1,0
2026-05-02 15:50:54,56760,32.00,41.1,24.43,47.5,32,41,OPEN,OPEN,OPEN,3,0,3,1,0
2026-05-02 15:51:54,56820,31.94,41.3,24.37,47.7,32,41,OPEN,OPEN,OPEN,3,0,3,1,0
2026-05-02 15:52:54,56880,31.89,41.4,24.30,48.0,32,41,OPEN,OPEN,OPEN,3,0,3,1,0
2026-05-02 15:53:54,56940,31.83,41.5,24.24,48.2,32,41,OPEN,OPEN,OPEN,3,0,3,1,0
2026-05-02 15:54:54,57000,31.78,41.6,24.18,48.4,32,41,OPEN,OPEN,OPEN,3,0,3,1,0
2026-05-02 15:55:54,57060,31.72,41.8,24.12,48.6,32,41,OPEN,OPEN,OPEN,3,0,3,1,0
2026-05-02 15:56:54,57120,31.65,41.9,24.06,48.8,32,41,OPEN,OPEN,OPEN,3,0,3,1,0
2026-05-02 15:57:54,57180,31.59,42.1,23.99,49.1,32,41,OPEN,OPEN,OPEN,3,0,3,1,0
2026-05-02 15:58:54,57240,31.53,42.2,23.93,49.3,32,41,OPEN,OPEN,OPEN,3,0,3,1,0
2026-05-02 15:59:54,57300,31.46,42.4,23.87,49.5,32,41,OPEN,OPEN,OPEN,3,0,3,1,0
2026-05-02 16:00:54,57360,31.39,42.5,23.81,49.7,32,42,OPEN,OPEN,OPEN,3,0,3,1,0
2026-05-02 16:01:54,57420,31.33,42.7,23.75,49.9,32,42,OPEN,OPEN,OPEN,3,0,3,1,0
2026-05-02 16:02:54,57480,31.26,42.9,23.68,50.2,32,42,OPEN,OPEN,OPEN,3,0,3,1,0
2026-05-02 16:03:54,57540,31.19,43.1,23.62,50.4,31,42,OPEN,OPEN,OPEN,3,0,3,1,0
2026-05-02 16:04:54,57600,31.11,43.2,23.56,50.6,31,42,OPEN,OPEN,OPEN,3,0,3,1,0
2026-05-02 16:05:54,57660,31.04,43.4,23.60,50.5,31,42,OPEN,OPEN,OPEN,3,0,3,1,0
2026-05-02 16:06:54,57720,30.97,43.6,23.63,50.4,31,43,OPEN,OPEN,OPEN,3,0,3,1,0
2026-05-02 16:07:54,57780,30.90,43.8,23.67,50.3,31,43,OPEN,OPEN,OPEN,3,0,3,1,0
2026-05-02 16:08:54,57840,30.84,44.0,23.70,50.3,31,43,OPEN,OPEN,OPEN,3,0,3,1,0
2026-05-02 16:09:54,57900,30.77,44.1,23.74,50.2,31,43,OPEN,OPEN,OPEN,3,0,3,1,0
2026-05-02 16:10:54,57960,30.71,44.3,23.77,50.1,31,43,OPEN,OPEN,OPEN,3,0,3,1,0
2026-05-02 16:11:54,58020,30.65,44.5,23.81,50.0,31,43,OPEN,OPEN,OPEN,3,0,3,1,0
2026-05-02 16:12:54,58080,30.59,44.6,23.84,49.9,31,44,OPEN,OPEN,OPEN,3,0,3,1,0
2026-05-02 16:13:54,58140,30.53,44.8,23.88,49.8,31,44,OPEN,OPEN,OPEN,3,0,3,1,0
2026-05-02 16:14:54,58200,30.47,44.9,23.91,49.7,31,44,OPEN,OPEN,OPEN,3,0,3,1,0
2026-05-02 16:15:54,58260,30.41,45.1,23.95,49.6,31,44,OPEN,OPEN,OPEN,3,0,3,1,0
2026-05-02 16:16:54,58320,30.36,45.2,23.98,49.6,31,44,OPEN,OPEN,OPEN,3,0,3,1,0
2026-05-02 16:17:54,58380,30.30,45.4,24.02,49.5,31,44,OPEN,OPEN,OPEN,3,0,3,1,0
2026-05-02 16:18:54,58440,30.32,45.5,24.05,49.4,30,45,OPEN,OPEN,MOVING_CLOSE,2,0,2,1,0
2026-05-02 16:19:54,58500,30.36,45.5,24.09,49.3,30,45,OPEN,OPEN,MOVING_CLOSE,2,0,2,1,0
2026-05-02 16:20:54,58560,30.41,45.6,24.10,49.2,30,45,OPEN,OPEN,MOVING_CLOSE,2,0,2,1,0
2026-05-02 16:21:54,58620,30.45,45.7,24.11,49.2,30,45,OPEN,OPEN,CLOSED,2,0,2,1,0
2026-05-02 16:22:54,58680,30.49,45.7,24.12,49.1,30,45,OPEN,OPEN,CLOSED,2,0,2,1,0
2026-05-02 16:23:54,58740,30.53,45.8,24.13,49.0,30,45,OPEN,OPEN,CLOSED,2,0,2,1,0
2026-05-02 16:24:54,58800,30.56,45.9,24.15,48.9,30,45,OPEN,OPEN,CLOSED,2,0,2,1,0
2026-05-02 16:25:54,58860,30.60,45.9,24.16,48.9,30,45,OPEN,OPEN,CLOSED,2,0,2,1,0
2026-05-02 16:26:54,58920,30.63,46.0,24.17,48.8,30,46,OPEN,OPEN,CLOSED,2,0,2,1,0
2026-05-02 16:27:54,58980,30.66,46.1,24.18,48.7,31,46,OPEN,OPEN,CLOSED,3,0,3,1,0
2026-05-02 16:28:54,59040,30.69,46.1,24.19,48.6,31,46,OPEN,OPEN,CLOSED,3,0,3,1,0
2026-05-02 16:29:54,59100,30.72,46.2,24.20,48.6,31,46,OPEN,OPEN,CLOSED,3,0,3,1,0
2026-05-02 16:30:54,59160,30.75,46.3,24.21,48.5,31,46,OPEN,OPEN,CLOSED,3,0,3,1,0
2026-05-02 16:31:54,59220,30.77,46.4,24.22,48.4,31,46,OPEN,OPEN,MOVING_OPEN,3,0,3,1,0
2026-05-02 16:32:54,59280,30.79,46.5,24.24,48.4,31,46,OPEN,OPEN,MOVING_OPEN,3,0,3,1,0
2026-05-02 16:33:54,59340,30.82,46.5,24.25,48.3,31,46,OPEN,OPEN,MOVING_OPEN,3,0,3,1,0
2026-05-02 16:34:54,59400,30.78,46.7,24.26,48.2,31,46,OPEN,OPEN,OPEN,3,0,3,1,0
2026-05-02 16:35:54,59460,30.70,46.8,24.28,48.1,31,46,OPEN,OPEN,OPEN,3,0,3,1,0
2026-05-02 16:36:54,59520,30.62,47.0,24.30,47.9,31,46,OPEN,OPEN,OPEN,3,0,3,1,0
2026-05-02 16:37:54,59580,30.54,47.1,24.31,47.8,31,46,OPEN,OPEN,OPEN,3,0,3,1,0
2026-05-02 16:38:54,59640,30.46,47.2,24.33,47.6,31,46,OPEN,OPEN,OPEN,3,0,3,1,0
2026-05-02 16:39:54,59700,30.38,47.4,24.35,47.5,31,47,OPEN,OPEN,OPEN,3,0,3,1,0
2026-05-02 16:40:54,59760,30.31,47.5,24.37,47.3,31,47,OPEN,OPEN,OPEN,3,0,3,1,0
2026-05-02 16:41:54,59820,30.23,47.6,24.39,47.2,31,47,OPEN,OPEN,OPEN,3,0,3,1,0
2026-05-02 16:42:54,59880,30.16,47.7,24.41,47.0,30,47,OPEN,OPEN,OPEN,2,0,2,1,0
2026-05-02 16:43:54,59940,30.09,47.9,24.43,46.9,30,47,OPEN,OPEN,OPEN,2,0,2,1,0
2026-05-02 16:44:54,60000,30.02,48.0,24.45,46.7,30,47,OPEN,OPEN,OPEN,2,0,2,1,0
2026-05-02 16:45:54,60060,29.95,48.1,24.46,46.6,30,47,OPEN,OPEN,OPEN,2,0,2,1,0
2026-05-02 16:46:54,60120,29.88,48.2,24.48,46.4,30,47,OPEN,OPEN,OPEN,2,0,2,1,0
2026-05-02 16:47:54,60180,29.82,48.3,24.50,46.3,30,48,OPEN,OPEN,OPEN,2,0,2,1,0
2026-05-02 16:48:54,60240,29.75,48.4,24.52,46.1,30,48,OPEN,OPEN,OPEN,2,0,2,1,0
2026-05-02 16:49:54,60300,29.69,48.5,24.54,46.0,30,48,OPEN,OPEN,OPEN,2,0,2,1,0
2026-05-02 16:50:54,60360,29.63,48.6,24.53,46.1,30,48,OPEN,OPEN,OPEN,2,0,2,1,0
2026-05-02 16:51:54,60420,29.56,48.7,24.52,46.1,30,48,OPEN,OPEN,OPEN,2,0,2,1,0
2026-05-02 16:52:54,60480,29.50,48.8,24.51,46.2,30,48,OPEN,OPEN,OPEN,2,0,2,1,0
2026-05-02 16:53:54,60540,29.44,48.9,24.49,46.3,30,48,OPEN,OPEN,OPEN,2,0,2,1,0
2026-05-02 16:54:54,60600,29.38,49.0,24.48,46.3,30,48,OPEN,OPEN,OPEN,2,0,2,1,0
2026-05-02 16:55:54,60660,29.32,49.1,24.47,46.4,30,48,OPEN,OPEN,OPEN,2,0,2,1,0
2026-05-02 16:56:54,60720,29.26,49.3,24.46,46.5,29,49,OPEN,MOVING_CLOSE,OPEN,1,0,1,1,0
2026-05-02 16:57:54,60780,29.21,49.4,24.45,46.5,29,49,OPEN,CLOSED,OPEN,1,0,1,1,0
2026-05-02 16:58:54,60840,29.16,49.5,24.44,46.6,29,49,OPEN,CLOSED,OPEN,1,0,1,1,0
2026-05-02 16:59:54,60900,29.14,49.6,24.43,46.7,29,49,OPEN,CLOSED,MOVING_CLOSE,1,0,1,1,0
2026-05-02 17:00:54,60960,29.17,49.8,24.42,46.7,29,49,OPEN,CLOSED,MOVING_CLOSE,1,0,1,1,0
2026-05-02 17:01:54,61020,29.20,49.9,24.40,46.8,29,49,OPEN,CLOSED,MOVING_CLOSE,1,0,1,1,0
2026-05-02 17:02:54,61080,29.22,50.0,24.39,46.9,29,49,OPEN,CLOSED,CLOSED,1,0,1,1,0
2026-05-02 17:03:54,61140,29.24,50.2,24.38,46.9,29,49,OPEN,CLOSED,CLOSED,1,0,1,1,0
2026-05-02 17:04:54,61200,29.27,50.3,24.37,47.0,29,49,OPEN,CLOSED,CLOSED,1,0,1,1,0
2026-05-02 17:05:54,61260,29.28,50.5,24.34,47.1,29,50,OPEN,CLOSED,CLOSED,1,-1,1,1,0
2026-05-02 17:06:54,61320,29.30,50.6,24.31,47.2,29,50,OPEN,CLOSED,CLOSED,1,-1,1,1,0
2026-05-02 17:07:54,61380,29.32,50.8,24.27,47.3,29,50,OPEN,CLOSED,CLOSED,1,-1,1,1,0
2026-05-02 17:08:54,61440,29.33,50.9,24.24,47.4,29,50,OPEN,CLOSED,CLOSED,1,-1,1,1,0
2026-05-02 17:09:54,61500,29.35,51.1,24.21,47.5,29,50,OPEN,CLOSED,CLOSED,1,-1,1,1,0
2026-05-02 17:10:54,61560,29.36,51.2,24.18,47.6,29,50,OPEN,CLOSED,CLOSED,1,-1,1,1,0
2026-05-02 17:11:54,61620,29.37,51.4,24.15,47.7,29,50,OPEN,CLOSED,CLOSED,1,-1,1,1,0
2026-05-02 17:12:54,61680,29.37,51.5,24.12,47.9,29,51,OPEN,CLOSED,CLOSED,1,-1,1,1,0
2026-05-02 17:13:54,61740,29.38,51.7,24.09,48.0,29,51,OPEN,CLOSED,CLOSED,1,-1,1,1,0
2026-05-02 17:14:54,61800,29.38,51.9,24.05,48.1,29,51,OPEN,CLOSED,CLOSED,1,-1,1,1,0
2026-05-02 17:15:54,61860,29.39,52.0,24.02,48.2,29,51,OPEN,CLOSED,CLOSED,1,-1,1,1,0
2026-05-02 17:16:54,61920,29.39,52.2,23.99,48.3,29,51,OPEN,CLOSED,CLOSED,1,-1,1,1,0
2026-05-02 17:17:54,61980,29.39,52.4,23.96,48.4,29,51,OPEN,CLOSED,CLOSED,1,-1,1,1,0
2026-05-02 17:18:54,62040,29.39,52.6,23.93,48.5,29,52,OPEN,CLOSED,CLOSED,1,-1,1,1,0
2026-05-02 17:19:54,62100,29.39,52.8,23.90,48.6,29,52,OPEN,CLOSED,CLOSED,1,-1,1,1,0
2026-05-02 17:20:54,62160,29.38,52.9,23.86,48.7,29,52,OPEN,CLOSED,CLOSED,1,-1,1,1,0
2026-05-02 17:21:54,62220,29.38,53.1,23.83,48.8,29,52,OPEN,CLOSED,CLOSED,1,-1,1,1,0
2026-05-02 17:22:54,62280,29.37,53.3,23.80,48.9,29,52,OPEN,CLOSED,CLOSED,1,-1,1,1,0
2026-05-02 17:23:54,62340,29.36,53.5,23.77,49.0,29,52,OPEN,CLOSED,CLOSED,1,-1,1,1,0
2026-05-02 17:24:54,62400,29.35,53.7,23.74,49.1,29,53,OPEN,CLOSED,CLOSED,1,-1,1,1,0
2026-05-02 17:25:54,62460,29.34,53.9,23.71,49.2,29,53,OPEN,CLOSED,CLOSED,1,-1,1,1,0
2026-05-02 17:26:54,62520,29.33,54.1,23.68,49.3,29,53,OPEN,CLOSED,CLOSED,1,-1,1,1,0
2026-05-02 17:27:54,62580,29.32,54.3,23.64,49.4,29,53,OPEN,CLOSED,CLOSED,1,-1,1,1,0
2026-05-02 17:28:54,62640,29.30,54.5,23.61,49.6,29,53,OPEN,CLOSED,CLOSED,1,-1,1,1,0
2026-05-02 17:29:54,62700,29.28,54.7,23.58,49.7,29,53,OPEN,CLOSED,CLOSED,1,-1,1,1,0
2026-05-02 17:30:54,62760,29.27,54.9,23.55,49.8,29,54,OPEN,CLOSED,CLOSED,1,-1,1,1,0
2026-05-02 17:31:54,62820,29.25,55.1,23.52,49.9,29,54,OPEN,CLOSED,CLOSED,1,-1,1,1,0
2026-05-02 17:32:54,62880,29.23,55.4,23.49,50.0,29,54,OPEN,CLOSED,CLOSED,1,-1,1,1,0
2026-05-02 17:33:54,62940,29.21,55.6,23.45,50.1,29,54,OPEN,CLOSED,CLOSED,1,-1,1,1,0
2026-05-02 17:34:54,63000,29.19,55.8,23.42,50.2,29,54,OPEN,CLOSED,CLOSED,1,-1,1,1,0
2026-05-02 17:35:54,63060,29.17,56.0,23.36,50.4,29,55,OPEN,CLOSED,CLOSED,1,-1,1,1,0
2026-05-02 17:36:54,63120,29.14,56.3,23.29,50.6,29,55,OPEN,CLOSED,CLOSED,1,-1,1,1,0
2026-05-02 17:37:54,63180,29.12,56.5,23.22,50.9,29,55,OPEN,CLOSED,CLOSED,1,-1,1,1,0
2026-05-02 17:38:54,63240,29.09,56.7,23.15,51.1,29,55,OPEN,CLOSED,CLOSED,1,-1,1,1,0
2026-05-02 17:39:54,63300,29.06,57.0,23.08,51.3,29,55,OPEN,CLOSED,CLOSED,1,-1,1,1,0
2026-05-02 17:40:54,63360,29.03,57.2,23.01,51.6,29,56,OPEN,CLOSED,CLOSED,1,-1,1,1,0
2026-05-02 17:41:54,63420,29.00,57.4,22.94,51.8,29,56,OPEN,CLOSED,CLOSED,1,-1,1,1,0
2026-05-02 17:42:54,63480,28.97,57.7,22.87,52.0,29,56,OPEN,CLOSED,CLOSED,1,-1,1,1,0
2026-05-02 17:43:54,63540,28.94,58.0,22.80,52.3,29,56,OPEN,CLOSED,CLOSED,1,-1,1,1,0
2026-05-02 17:44:54,63600,28.90,58.2,22.73,52.5,29,57,OPEN,CLOSED,CLOSED,1,-1,1,1,0
2026-05-02 17:45:54,63660,28.86,58.5,22.66,52.7,29,57,OPEN,CLOSED,CLOSED,1,-1,1,1,0
2026-05-02 17:46:54,63720,28.83,58.7,22.59,52.9,29,57,OPEN,CLOSED,CLOSED,1,-1,1,1,0
2026-05-02 17:47:54,63780,28.79,59.0,22.52,53.2,29,57,OPEN,CLOSED,CLOSED,1,-1,1,1,0
2026-05-02 17:48:54,63840,28.75,59.3,22.45,53.4,29,58,OPEN,CLOSED,CLOSED,1,-1,1,1,0
2026-05-02 17:49:54,63900,28.71,59.6,22.38,53.6,29,58,OPEN,CLOSED,CLOSED,1,-1,1,1,0
2026-05-02 17:50:54,63960,28.67,59.8,22.31,53.9,29,58,OPEN,CLOSED,CLOSED,1,-1,1,1,0
2026-05-02 17:51:54,64020,28.62,60.1,22.24,54.1,29,58,OPEN,CLOSED,CLOSED,1,-1,1,1,0
2026-05-02 17:52:54,64080,28.58,60.4,22.17,54.3,29,59,OPEN,CLOSED,CLOSED,1,-1,1,1,0
2026-05-02 17:53:54,64140,28.53,60.7,22.10,54.6,29,59,OPEN,CLOSED,CLOSED,1,-1,1,1,0
2026-05-02 17:54:54,64200,28.49,61.0,22.03,54.8,29,59,OPEN,CLOSED,CLOSED,1,-1,1,1,0
2026-05-02 17:55:54,64260,28.44,61.3,21.97,55.0,29,59,OPEN,CLOSED,CLOSED,1,-1,1,1,0
2026-05-02 17:56:54,64320,28.39,61.6,21.90,55.3,29,60,OPEN,CLOSED,CLOSED,1,-1,1,1,0
2026-05-02 17:57:54,64380,28.34,61.9,21.83,55.5,29,60,OPEN,CLOSED,CLOSED,1,-1,1,1,0
2026-05-02 17:58:54,64440,28.29,62.2,21.76,55.7,28,60,OPEN,CLOSED,CLOSED,1,-1,1,1,0
2026-05-02 17:59:54,64500,28.24,62.5,21.69,55.9,28,61,OPEN,CLOSED,CLOSED,1,-1,1,1,0
2026-05-02 18:00:54,64560,28.19,62.8,21.62,56.2,28,61,OPEN,CLOSED,CLOSED,1,-1,1,1,0
2026-05-02 18:01:54,64620,28.13,63.1,21.55,56.4,28,61,OPEN,CLOSED,CLOSED,1,-1,1,1,0
2026-05-02 18:02:54,64680,28.08,63.5,21.48,56.6,28,62,OPEN,CLOSED,CLOSED,1,-1,1,1,0
2026-05-02 18:03:54,64740,28.03,63.8,21.41,56.9,28,62,OPEN,CLOSED,CLOSED,1,-1,1,1,0
2026-05-02 18:04:54,64800,27.97,64.1,21.34,57.1,28,62,OPEN,CLOSED,CLOSED,1,-1,1,1,0
2026-05-02 18:05:54,64860,27.91,64.4,21.27,57.3,28,62,OPEN,CLOSED,CLOSED,1,-1,1,1,0
2026-05-02 18:06:54,64920,27.86,64.8,21.20,57.4,28,63,OPEN,CLOSED,CLOSED,1,-1,1,1,0
2026-05-02 18:07:54,64980,27.80,65.1,21.14,57.6,28,63,OPEN,CLOSED,CLOSED,1,-1,1,1,0
2026-05-02 18:08:54,65040,27.74,65.5,21.07,57.7,28,63,OPEN,CLOSED,CLOSED,1,-1,1,1,0
2026-05-02 18:09:54,65100,27.68,65.8,21.00,57.9,28,64,OPEN,CLOSED,CLOSED,1,-1,1,1,0
2026-05-02 18:10:54,65160,27.62,66.1,20.94,58.1,28,64,OPEN,CLOSED,CLOSED,1,-1,1,1,0
2026-05-02 18:11:54,65220,27.56,66.5,20.87,58.2,28,64,OPEN,CLOSED,CLOSED,1,-1,1,1,0
2026-05-02 18:12:54,65280,27.50,66.8,20.80,58.4,28,65,OPEN,CLOSED,CLOSED,1,-1,1,1,0
2026-05-02 18:13:54,65340,27.44,67.2,20.73,58.5,28,65,OPEN,CLOSED,CLOSED,1,-1,1,1,0
2026-05-02 18:14:54,65400,27.37,67.5,20.67,58.7,28,65,OPEN,CLOSED,CLOSED,1,-1,1,1,0
2026-05-02 18:15:54,65460,27.31,67.9,20.60,58.9,28,66,OPEN,CLOSED,CLOSED,1,-1,1,1,0
2026-05-02 18:16:54,65520,27.25,68.3,20.53,59.0,27,66,OPEN,CLOSED,CLOSED,1,-1,1,1,0
2026-05-02 18:17:54,65580,27.18,68.6,20.46,59.2,27,66,OPEN,CLOSED,CLOSED,1,-1,1,1,0
2026-05-02 18:18:54,65640,27.12,69.0,20.40,59.3,27,67,OPEN,CLOSED,CLOSED,1,-1,1,1,0
2026-05-02 18:19:54,65700,27.05,69.4,20.33,59.5,27,67,OPEN,CLOSED,CLOSED,1,-1,1,1,0
2026-05-02 18:20:54,65760,26.98,69.7,20.27,59.7,27,67,OPEN,CLOSED,CLOSED,1,-1,1,1,0
2026-05-02 18:21:54,65820,26.92,70.1,20.21,59.9,27,68,OPEN,CLOSED,CLOSED,1,-1,1,1,0
2026-05-02 18:22:54,65880,26.85,70.5,20.16,60.1,27,68,OPEN,CLOSED,CLOSED,1,-1,1,1,0
2026-05-02 18:23:54,65940,26.78,70.8,20.10,60.3,27,68,OPEN,CLOSED,CLOSED,1,-1,1,1,0
2026-05-02 18:24:54,66000,26.72,71.2,20.04,60.5,27,69,OPEN,CLOSED,CLOSED,1,-1,1,1,0
2026-05-02 18:25:54,66060,26.65,71.6,19.98,60.7,27,69,OPEN,CLOSED,CLOSED,1,-1,1,1,0
2026-05-02 18:26:54,66120,26.58,72.0,19.92,60.9,27,70,OPEN,CLOSED,CLOSED,1,-1,1,1,0
2026-05-02 18:27:54,66180,26.51,72.4,19.86,61.1,27,70,OPEN,CLOSED,CLOSED,1,-1,1,1,0
2026-05-02 18:28:54,66240,26.44,72.8,19.81,61.3,27,70,OPEN,CLOSED,CLOSED,1,-1,1,1,0
2026-05-02 18:29:54,66300,26.37,73.2,19.75,61.5,27,71,OPEN,CLOSED,CLOSED,1,-1,1,1,0
2026-05-02 18:30:54,66360,26.30,73.5,19.69,61.7,27,71,OPEN,CLOSED,CLOSED,1,-1,1,1,0
2026-05-02 18:31:54,66420,26.24,73.9,19.63,61.9,27,71,OPEN,CLOSED,CLOSED,1,-1,1,1,0
2026-05-02 18:32:54,66480,26.17,74.3,19.57,62.1,26,72,OPEN,CLOSED,CLOSED,1,-1,1,1,0
2026-05-02 18:33:54,66540,26.10,74.7,19.51,62.3,26,72,OPEN,CLOSED,CLOSED,1,-1,1,1,0
2026-05-02 18:34:54,66600,26.02,75.1,19.46,62.5,26,73,OPEN,CLOSED,CLOSED,1,-1,1,1,0
2026-05-02 18:35:54,66660,25.95,75.5,19.41,62.7,26,73,OPEN,CLOSED,CLOSED,1,-1,1,1,0
2026-05-02 18:36:54,66720,25.88,75.9,19.37,62.9,26,73,OPEN,CLOSED,CLOSED,1,-1,1,1,0
2026-05-02 18:37:54,66780,25.81,76.3,19.33,63.1,26,74,OPEN,CLOSED,CLOSED,1,-1,1,1,0
2026-05-02 18:38:54,66840,25.74,76.8,19.29,63.3,26,74,OPEN,CLOSED,CLOSED,1,-1,1,1,0
2026-05-02 18:39:54,66900,25.67,77.2,19.25,63.5,26,74,OPEN,CLOSED,CLOSED,1,-1,1,1,0
2026-05-02 18:40:54,66960,25.60,77.6,19.20,63.7,26,75,OPEN,CLOSED,CLOSED,1,-1,1,1,0
2026-05-02 18:41:54,67020,25.53,78.0,19.16,63.9,26,75,OPEN,CLOSED,CLOSED,1,-1,1,1,0
2026-05-02 18:42:54,67080,25.46,78.4,19.12,64.1,26,76,OPEN,CLOSED,CLOSED,1,1,1,1,0
2026-05-02 18:43:54,67140,25.39,78.8,19.08,64.4,26,76,OPEN,CLOSED,CLOSED,1,1,1,1,0
2026-05-02 18:44:54,67200,25.32,79.2,19.04,64.6,26,77,OPEN,CLOSED,CLOSED,1,1,1,1,0
2026-05-02 18:45:54,67260,25.25,79.6,19.00,64.8,26,77,OPEN,CLOSED,CLOSED,1,1,1,1,0
2026-05-02 18:46:54,67320,25.18,80.1,18.95,65.0,25,77,OPEN,CLOSED,CLOSED,1,1,1,1,0
2026-05-02 18:47:54,67380,25.11,80.5,18.91,65.2,25,78,OPEN,CLOSED,CLOSED,1,1,1,1,0
2026-05-02 18:48:54,67440,25.04,80.9,18.87,65.4,25,78,OPEN,CLOSED,CLOSED,1,1,1,1,0
2026-05-02 18:49:54,67500,24.97,81.3,18.83,65.6,25,79,OPEN,CLOSED,CLOSED,1,1,1,1,0
2026-05-02 18:50:54,67560,24.90,81.7,18.79,65.6,25,79,OPEN,CLOSED,CLOSED,1,1,1,1,0
2026-05-02 18:51:54,67620,24.83,82.2,18.76,65.7,25,79,OPEN,CLOSED,CLOSED,1,1,1,1,0
2026-05-02 18:52:54,67680,24.76,82.6,18.73,65.7,25,80,OPEN,OPEN,CLOSED,1,2,2,1,0
2026-05-02 18:53:54,67740,24.67,83.0,18.69,65.7,25,80,OPEN,OPEN,CLOSED,1,2,2,1,0
2026-05-02 18:54:54,67800,24.58,83.4,18.66,65.8,25,81,OPEN,OPEN,CLOSED,1,2,2,1,0
2026-05-02 18:55:54,67860,24.50,83.8,18.62,65.8,25,81,OPEN,OPEN,CLOSED,1,2,2,1,0
2026-05-02 18:56:54,67920,24.41,84.2,18.59,65.9,25,82,OPEN,OPEN,CLOSED,1,2,2,1,0
2026-05-02 18:57:54,67980,24.33,84.5,18.55,65.9,25,82,OPEN,OPEN,CLOSED,1,2,2,1,0
2026-05-02 18:58:54,68040,24.24,84.9,18.52,65.9,25,82,OPEN,OPEN,CLOSED,1,2,2,1,0
2026-05-02 18:59:54,68100,24.16,85.3,18.48,66.0,24,83,OPEN,OPEN,CLOSED,1,2,2,1,0
2026-05-02 19:00:54,68160,24.08,85.7,18.45,66.0,24,83,OPEN,OPEN,CLOSED,1,2,2,1,0
2026-05-02 19:01:54,68220,23.99,86.1,18.41,66.0,24,83,OPEN,OPEN,CLOSED,1,2,2,1,0
2026-05-02 19:02:54,68280,23.91,86.5,18.38,66.1,24,84,OPEN,OPEN,MOVING_OPEN,1,3,3,1,0
2026-05-02 19:03:54,68340,23.83,86.9,18.34,66.1,24,84,OPEN,OPEN,MOVING_OPEN,1,3,3,1,0
2026-05-02 19:04:54,68400,23.75,87.2,18.31,66.2,24,85,OPEN,OPEN,MOVING_OPEN,1,3,3,1,0
2026-05-02 19:05:54,68460,23.60,87.5,18.27,66.2,24,85,OPEN,OPEN,OPEN,1,3,3,1,0
2026-05-02 19:06:54,68520,23.44,87.7,18.24,66.2,24,86,OPEN,OPEN,OPEN,1,3,3,1,0
2026-05-02 19:07:54,68580,23.28,87.8,18.21,66.3,24,86,OPEN,OPEN,OPEN,3,2,3,0,0
2026-05-02 19:08:54,68640,23.13,88.0,18.17,66.3,24,86,OPEN,OPEN,OPEN,3,2,3,0,0
2026-05-02 19:09:54,68700,22.97,88.2,18.14,66.3,24,86,OPEN,OPEN,OPEN,3,2,3,0,0
2026-05-02 19:10:54,68760,22.83,88.4,18.10,66.4,23,87,OPEN,OPEN,OPEN,3,2,3,0,0
2026-05-02 19:11:54,68820,22.68,88.5,18.07,66.4,23,87,OPEN,OPEN,OPEN,3,2,3,0,0
2026-05-02 19:12:54,68880,22.54,88.7,18.03,66.4,23,87,OPEN,OPEN,OPEN,3,2,3,0,0
2026-05-02 19:13:54,68940,22.41,88.8,18.00,66.5,23,88,OPEN,OPEN,OPEN,3,2,3,0,0
2026-05-02 19:14:54,69000,22.27,89.0,17.96,66.5,23,88,OPEN,OPEN,OPEN,3,2,3,0,0
2026-05-02 19:15:54,69060,22.14,89.1,17.93,66.6,23,88,OPEN,OPEN,OPEN,3,2,3,0,0
2026-05-02 19:16:54,69120,22.01,89.3,17.89,66.6,23,88,OPEN,OPEN,OPEN,3,2,3,0,0
2026-05-02 19:17:54,69180,21.89,89.4,17.86,66.6,22,88,OPEN,OPEN,OPEN,2,2,2,0,0
2026-05-02 19:18:54,69240,21.76,89.5,17.82,66.7,22,89,OPEN,OPEN,OPEN,2,3,3,0,0
2026-05-02 19:19:54,69300,21.64,89.7,17.79,66.7,22,89,OPEN,OPEN,OPEN,2,3,3,0,0
2026-05-02 19:20:54,69360,21.53,89.8,17.76,66.8,22,89,OPEN,OPEN,OPEN,2,3,3,0,0
2026-05-02 19:21:54,69420,21.41,89.9,17.72,66.9,22,89,OPEN,OPEN,OPEN,2,3,3,0,0
2026-05-02 19:22:54,69480,21.30,90.0,17.69,67.0,22,89,OPEN,OPEN,OPEN,2,3,3,0,0
2026-05-02 19:23:54,69540,21.19,90.2,17.66,67.1,22,89,OPEN,OPEN,OPEN,2,3,3,0,0
2026-05-02 19:24:54,69600,21.08,90.3,17.63,67.2,21,89,OPEN,OPEN,OPEN,1,3,3,0,0
2026-05-02 19:25:54,69660,20.98,90.4,17.59,67.3,21,90,OPEN,OPEN,OPEN,1,3,3,0,0
2026-05-02 19:26:54,69720,20.87,90.5,17.56,67.4,21,90,OPEN,OPEN,OPEN,1,3,3,0,0
2026-05-02 19:27:54,69780,20.77,90.6,17.53,67.5,21,90,OPEN,OPEN,OPEN,1,3,3,0,0
2026-05-02 19:28:54,69840,20.67,90.8,17.50,67.7,21,90,OPEN,OPEN,OPEN,1,3,3,0,0
2026-05-02 19:29:54,69900,20.58,90.9,17.47,67.8,21,90,OPEN,OPEN,OPEN,1,3,3,0,0
2026-05-02 19:30:54,69960,20.48,91.0,17.43,67.9,21,90,OPEN,OPEN,OPEN,1,3,3,0,0
2026-05-02 19:31:54,70020,20.39,91.1,17.40,68.0,21,90,OPEN,OPEN,OPEN,1,3,3,0,0
2026-05-02 19:32:54,70080,20.30,91.2,17.37,68.1,21,90,OPEN,OPEN,OPEN,1,3,3,0,0
2026-05-02 19:33:54,70140,20.21,91.4,17.34,68.2,21,91,OPEN,OPEN,OPEN,1,3,3,0,0
2026-05-02 19:34:54,70200,20.12,91.5,17.30,68.3,20,91,OPEN,OPEN,OPEN,1,3,3,0,0
2026-05-02 19:35:54,70260,20.03,91.6,17.29,68.3,20,91,OPEN,OPEN,OPEN,1,3,3,0,0
2026-05-02 19:36:54,70320,19.95,91.7,17.28,68.4,20,91,OPEN,OPEN,OPEN,1,3,3,0,0
2026-05-02 19:37:54,70380,19.87,91.8,17.26,68.4,20,91,OPEN,OPEN,OPEN,1,3,3,0,0
2026-05-02 19:38:54,70440,19.79,91.9,17.25,68.5,20,91,OPEN,OPEN,OPEN,1,3,3,0,0
2026-05-02 19:39:54,70500,19.71,92.0,17.24,68.5,20,91,OPEN,OPEN,OPEN,1,3,3,0,0
2026-05-02 19:40:54,70560,19.64,92.1,17.22,68.5,20,91,OPEN,OPEN,OPEN,1,3,3,0,0
2026-05-02 19:41:54,70620,19.56,92.2,17.21,68.6,20,92,OPEN,OPEN,OPEN,1,3,3,0,0
2026-05-02 19:42:54,70680,19.49,92.3,17.20,68.6,20,92,OPEN,OPEN,OPEN,1,3,3,0,0
2026-05-02 19:43:54,70740,19.42,92.4,17.19,68.7,20,92,OPEN,OPEN,OPEN,1,3,3,0,0
2026-05-02 19:44:54,70800,19.35,92.5,17.17,68.7,20,92,OPEN,OPEN,OPEN,1,3,3,0,0
2026-05-02 19:45:54,70860,19.29,92.6,17.16,68.7,20,92,OPEN,OPEN,OPEN,1,3,3,0,0
2026-05-02 19:46:54,70920,19.22,92.7,17.15,68.8,19,92,OPEN,OPEN,OPEN,1,3,3,0,0
2026-05-02 19:47:54,70980,19.16,92.8,17.14,68.8,19,92,OPEN,OPEN,OPEN,1,3,3,0,0
2026-05-02 19:48:54,71040,19.10,92.9,17.12,68.9,19,92,OPEN,OPEN,OPEN,1,3,3,0,0
2026-05-02 19:49:54,71100,19.04,93.0,17.11,68.9,19,92,OPEN,OPEN,OPEN,1,3,3,0,0
2026-05-02 19:50:54,71160,18.98,93.1,17.07,69.0,19,92,OPEN,OPEN,OPEN,1,3,3,0,0
2026-05-02 19:51:54,71220,18.92,93.1,17.03,69.2,19,93,OPEN,OPEN,OPEN,1,3,3,0,0
2026-05-02 19:52:54,71280,18.86,93.2,16.99,69.3,19,93,OPEN,OPEN,OPEN,1,3,3,0,0
2026-05-02 19:53:54,71340,18.81,93.3,16.95,69.5,19,93,OPEN,OPEN,OPEN,1,3,3,0,0
2026-05-02 19:54:54,71400,18.75,93.4,16.92,69.6,19,93,OPEN,OPEN,OPEN,1,3,3,0,0
2026-05-02 19:55:54,71460,18.69,93.5,16.88,69.7,19,93,OPEN,OPEN,OPEN,1,3,3,0,0
2026-05-02 19:56:54,71520,18.64,93.6,16.84,69.9,19,93,OPEN,OPEN,OPEN,1,3,3,0,0
2026-05-02 19:57:54,71580,18.58,93.8,16.80,70.0,19,93,OPEN,OPEN,OPEN,1,3,3,0,0
2026-05-02 19:58:54,71640,18.53,93.9,16.76,70.2,19,93,OPEN,OPEN,OPEN,1,3,3,0,0
2026-05-02 19:59:54,71700,18.47,94.0,16.72,70.3,19,93,OPEN,OPEN,OPEN,1,3,3,0,0
2026-05-02 20:00:54,71760,18.42,94.1,16.68,70.4,19,93,OPEN,OPEN,OPEN,1,3,3,0,0
2026-05-02 20:01:54,71820,18.37,94.2,16.65,70.6,19,93,OPEN,OPEN,OPEN,1,3,3,0,0
2026-05-02 20:02:54,71880,18.31,94.3,16.61,70.7,19,94,OPEN,OPEN,OPEN,1,3,3,0,0
2026-05-02 20:03:54,71940,18.26,94.5,16.57,70.9,18,94,OPEN,OPEN,OPEN,1,3,3,0,0
2026-05-02 20:04:54,72000,18.21,94.6,16.53,71.0,18,94,OPEN,OPEN,OPEN,1,3,3,0,0
2026-05-02 20:05:54,72060,18.16,94.7,16.48,71.1,18,94,OPEN,OPEN,OPEN,1,3,3,0,0
2026-05-02 20:06:54,72120,18.10,94.8,16.43,71.2,18,94,OPEN,OPEN,OPEN,1,3,3,0,0
2026-05-02 20:07:54,72180,18.05,95.0,16.38,71.3,18,94,OPEN,OPEN,OPEN,1,3,3,0,0
2026-05-02 20:08:54,72240,18.00,95.1,16.32,71.4,18,94,OPEN,OPEN,OPEN,1,3,3,0,0
2026-05-02 20:09:54,72300,17.95,95.2,16.27,71.5,18,94,OPEN,OPEN,OPEN,1,3,3,0,0
2026-05-02 20:10:54,72360,17.90,95.4,16.22,71.6,18,95,OPEN,OPEN,OPEN,1,3,3,0,0
2026-05-02 20:11:54,72420,17.85,95.5,16.17,71.7,18,95,OPEN,OPEN,OPEN,1,3,3,0,0
2026-05-02 20:12:54,72480,17.79,95.6,16.12,71.9,18,95,OPEN,OPEN,OPEN,1,3,3,0,0
2026-05-02 20:13:54,72540,17.74,95.8,16.07,72.0,18,95,OPEN,OPEN,OPEN,1,3,3,0,0
2026-05-02 20:14:54,72600,17.69,95.9,16.02,72.1,18,95,OPEN,OPEN,OPEN,1,3,3,0,0
2026-05-02 20:15:54,72660,17.64,96.1,15.96,72.2,18,95,OPEN,OPEN,OPEN,1,3,3,0,0
2026-05-02 20:16:54,72720,17.59,96.2,15.91,72.3,18,95,OPEN,OPEN,OPEN,1,3,3,0,0
2026-05-02 20:17:54,72780,17.54,96.4,15.86,72.4,18,95,OPEN,OPEN,OPEN,1,3,3,0,0
2026-05-02 20:18:54,72840,17.48,96.5,15.81,72.5,18,96,OPEN,OPEN,OPEN,1,3,3,0,0
2026-05-02 20:19:54,72900,17.43,96.7,15.76,72.6,18,96,OPEN,OPEN,OPEN,1,3,3,0,0
2026-05-02 20:20:54,72960,17.38,96.8,15.71,72.8,18,96,OPEN,OPEN,OPEN,1,3,3,0,0
2026-05-02 20:21:54,73020,17.33,97.0,15.67,73.0,18,96,OPEN,OPEN,OPEN,1,3,3,0,0
2026-05-02 20:22:54,73080,17.28,97.1,15.62,73.2,17,96,OPEN,OPEN,OPEN,1,3,3,0,0
2026-05-02 20:23:54,73140,17.23,97.3,15.57,73.4,17,96,OPEN,OPEN,OPEN,1,3,3,0,0
2026-05-02 20:24:54,73200,17.18,97.5,15.53,73.6,17,96,OPEN,OPEN,OPEN,1,3,3,0,0
2026-05-02 20:25:54,73260,17.13,97.6,15.48,73.8,17,97,OPEN,OPEN,OPEN,1,3,3,0,0
2026-05-02 20:26:54,73320,17.07,97.8,15.44,74.0,17,97,OPEN,OPEN,OPEN,1,3,3,0,0
2026-05-02 20:27:54,73380,17.02,98.0,15.39,74.2,17,97,OPEN,OPEN,OPEN,1,3,3,0,0
2026-05-02 20:28:54,73440,16.97,98.2,15.34,74.4,17,97,OPEN,OPEN,OPEN,1,3,3,0,0
2026-05-02 20:29:54,73500,16.92,98.3,15.30,74.6,17,97,OPEN,OPEN,OPEN,1,3,3,0,0
2026-05-02 20:30:54,73560,16.87,98.5,15.25,74.8,17,97,OPEN,OPEN,OPEN,1,3,3,0,0
2026-05-02 20:31:54,73620,16.82,98.7,15.20,75.0,17,98,OPEN,OPEN,OPEN,1,3,3,0,0
2026-05-02 20:32:54,73680,16.77,98.9,15.16,75.2,17,98,OPEN,OPEN,OPEN,1,3,3,0,0
2026-05-02 20:33:54,73740,16.72,99.1,15.11,75.4,17,98,OPEN,OPEN,OPEN,1,3,3,0,0
2026-05-02 20:34:54,73800,16.67,99.3,15.06,75.6,17,98,OPEN,OPEN,OPEN,1,3,3,0,0
2026-05-02 20:35:54,73860,16.62,99.5,15.07,76.0,17,98,OPEN,OPEN,OPEN,1,3,3,0,0
2026-05-02 20:36:54,73920,16.58,99.7,15.09,76.4,17,98,OPEN,OPEN,OPEN,1,3,3,0,0
2026-05-02 20:37:54,73980,16.53,99.9,15.10,76.8,17,99,OPEN,OPEN,OPEN,1,3,3,0,0
2026-05-02 20:38:54,74040,16.49,100.0,15.12,77.2,17,99,OPEN,OPEN,OPEN,1,3,3,0,0
2026-05-02 20:39:54,74100,16.45,100.0,15.14,77.6,17,99,OPEN,OPEN,OPEN,1,3,3,0,0
2026-05-02 20:40:54,74160,16.41,100.0,15.15,78.0,17,99,OPEN,OPEN,OPEN,1,3,3,0,0
2026-05-02 20:41:54,74220,16.37,100.0,15.17,78.4,17,99,OPEN,OPEN,OPEN,1,3,3,0,0
2026-05-02 20:42:54,74280,16.34,100.0,15.18,78.8,16,99,OPEN,OPEN,OPEN,1,3,3,0,0
2026-05-02 20:43:54,74340,16.30,100.0,15.20,79.2,16,100,OPEN,OPEN,OPEN,1,3,3,0,0
2026-05-02 20:44:54,74400,16.27,100.0,15.21,79.6,16,100,OPEN,OPEN,OPEN,1,3,3,0,0
2026-05-02 20:45:54,74460,16.24,100.0,15.23,80.0,16,100,OPEN,OPEN,OPEN,1,3,3,0,0
2026-05-02 20:46:54,74520,16.21,100.0,15.24,80.4,16,100,OPEN,OPEN,OPEN,1,3,3,0,0
2026-05-02 20:47:54,74580,16.18,100.0,15.26,80.8,16,100,OPEN,OPEN,OPEN,1,3,3,0,0
2026-05-02 20:48:54,74640,16.15,100.0,15.27,81.2,16,100,OPEN,OPEN,OPEN,1,3,3,0,0
2026-05-02 20:49:54,74700,16.12,100.0,15.29,81.6,16,100,OPEN,OPEN,OPEN,1,3,3,0,0
2026-05-02 20:50:54,74760,16.10,100.0,15.24,81.9,16,100,OPEN,OPEN,OPEN,1,3,3,0,0
2026-05-02 20:51:54,74820,16.07,100.0,15.18,82.2,16,100,OPEN,OPEN,OPEN,1,3,3,0,0
2026-05-02 20:52:54,74880,16.04,100.0,15.13,82.4,16,100,OPEN,OPEN,OPEN,1,3,3,0,0
2026-05-02 20:53:54,74940,16.01,100.0,15.08,82.7,16,100,OPEN,OPEN,OPEN,1,3,3,0,0
2026-05-02 20:54:54,75000,15.98,100.0,15.02,83.0,16,100,OPEN,OPEN,OPEN,1,3,3,0,0
2026-05-02 20:55:54,75060,15.95,100.0,14.97,83.2,16,100,OPEN,OPEN,OPEN,1,3,3,0,0
2026-05-02 20:56:54,75120,15.92,100.0,14.92,83.5,16,100,OPEN,OPEN,OPEN,1,3,3,0,0
2026-05-02 20:57:54,75180,15.89,100.0,14.87,83.8,16,100,OPEN,OPEN,OPEN,1,3,3,0,0
2026-05-02 20:58:54,75240,15.86,100.0,14.81,84.1,16,100,OPEN,OPEN,OPEN,1,3,3,0,0
2026-05-02 20:59:54,75300,15.83,100.0,14.76,84.3,16,100,OPEN,OPEN,OPEN,1,3,3,0,0
2026-05-02 21:00:54,75360,15.79,100.0,14.71,84.6,16,100,OPEN,OPEN,OPEN,1,3,3,0,0
2026-05-02 21:01:54,75420,15.76,100.0,14.65,84.9,16,100,OPEN,OPEN,OPEN,1,3,3,0,0
2026-05-02 21:02:54,75480,15.73,100.0,14.60,85.2,16,100,OPEN,OPEN,OPEN,1,3,3,0,0
2026-05-02 21:03:54,75540,15.69,100.0,14.55,85.4,16,100,OPEN,OPEN,OPEN,1,3,3,0,0
2026-05-02 21:04:54,75600,15.65,100.0,14.49,85.7,16,100,OPEN,OPEN,OPEN,1,3,3,0,0
2026-05-02 21:05:54,75660,15.62,100.0,14.44,86.0,16,100,OPEN,OPEN,OPEN,1,3,3,0,0
2026-05-02 21:06:54,75720,15.58,100.0,14.39,86.3,16,100,OPEN,OPEN,OPEN,1,3,3,0,0
2026-05-02 21:07:54,75780,15.54,100.0,14.34,86.5,16,100,OPEN,OPEN,OPEN,1,3,3,0,0
2026-05-02 21:08:54,75840,15.51,100.0,14.28,86.8,16,100,OPEN,OPEN,OPEN,1,3,3,0,0
2026-05-02 21:09:54,75900,15.47,100.0,14.23,87.1,16,100,OPEN,OPEN,OPEN,1,3,3,0,0
2026-05-02 21:10:54,75960,15.43,100.0,14.18,87.3,16,100,OPEN,OPEN,OPEN,1,3,3,0,0
2026-05-02 21:11:54,76020,15.39,100.0,14.12,87.6,16,100,OPEN,OPEN,OPEN,1,3,3,0,0
2026-05-02 21:12:54,76080,15.35,100.0,14.07,87.9,15,100,MOVING_CLOSE,MOVING_CLOSE,MOVING_CLOSE,0,3,0,0,0
2026-05-02 21:13:54,76140,15.34,100.0,14.02,88.2,15,100,CLOSED,CLOSED,MOVING_CLOSE,0,3,0,0,0
2026-05-02 21:14:54,76200,15.33,100.0,13.96,88.4,15,100,CLOSED,CLOSED,MOVING_CLOSE,0,3,0,0,0
2026-05-02 21:15:54,76260,15.32,100.0,13.91,88.7,15,100,CLOSED,CLOSED,CLOSED,0,3,0,0,0
2026-05-02 21:16:54,76320,15.31,100.0,13.86,89.0,15,100,CLOSED,CLOSED,CLOSED,0,3,0,0,0
2026-05-02 21:17:54,76380,15.29,100.0,13.81,89.3,15,100,CLOSED,CLOSED,CLOSED,0,3,0,0,0
2026-05-02 21:18:54,76440,15.28,100.0,13.75,89.5,15,100,CLOSED,CLOSED,CLOSED,0,3,0,0,0
2026-05-02 21:19:54,76500,15.27,100.0,13.70,89.8,15,100,CLOSED,CLOSED,CLOSED,0,3,0,0,0
2026-05-02 21:20:54,76560,15.26,100.0,13.69,89.8,15,100,CLOSED,CLOSED,CLOSED,0,3,0,0,0
2026-05-02 21:21:54,76620,15.24,100.0,13.68,89.8,15,100,CLOSED,CLOSED,CLOSED,0,3,0,0,0
2026-05-02 21:22:54,76680,15.23,100.0,13.66,89.9,15,100,CLOSED,CLOSED,CLOSED,0,3,0,0,0
2026-05-02 21:23:54,76740,15.22,100.0,13.65,89.9,15,100,CLOSED,CLOSED,CLOSED,0,3,0,0,0
2026-05-02 21:24:54,76800,15.20,100.0,13.64,89.9,15,100,CLOSED,CLOSED,CLOSED,0,3,0,0,0
2026-05-02 21:25:54,76860,15.19,100.0,13.63,89.9,15,100,CLOSED,CLOSED,CLOSED,0,3,0,0,0
2026-05-02 21:26:54,76920,15.18,100.0,13.62,89.9,15,100,CLOSED,CLOSED,CLOSED,0,3,0,0,0
2026-05-02 21:27:54,76980,15.16,100.0,13.60,90.0,15,100,CLOSED,CLOSED,CLOSED,0,3,0,0,0
2026-05-02 21:28:54,77040,15.15,100.0,13.59,90.0,15,100,CLOSED,CLOSED,CLOSED,0,3,0,0,0
2026-05-02 21:29:54,77100,15.14,100.0,13.58,90.0,15,100,CLOSED,CLOSED,CLOSED,0,3,0,0,0
2026-05-02 21:30:54,77160,15.12,100.0,13.57,90.0,15,100,CLOSED,CLOSED,CLOSED,0,3,0,0,0
2026-05-02 21:31:54,77220,15.11,100.0,13.56,90.0,15,100,CLOSED,CLOSED,CLOSED,0,3,0,0,0
2026-05-02 21:32:54,77280,15.10,100.0,13.55,90.1,15,100,CLOSED,CLOSED,CLOSED,0,3,0,0,0
2026-05-02 21:33:54,77340,15.09,100.0,13.53,90.1,15,100,CLOSED,CLOSED,CLOSED,0,3,0,0,0
2026-05-02 21:34:54,77400,15.07,100.0,13.52,90.1,15,100,CLOSED,CLOSED,CLOSED,0,3,0,0,0
2026-05-02 21:35:54,77460,15.06,100.0,13.53,90.2,15,100,CLOSED,CLOSED,CLOSED,0,3,0,0,0
2026-05-02 21:36:54,77520,15.05,100.0,13.53,90.4,15,100,CLOSED,CLOSED,CLOSED,0,3,0,0,0
2026-05-02 21:37:54,77580,15.03,100.0,13.54,90.5,15,100,CLOSED,CLOSED,CLOSED,0,3,0,0,0
2026-05-02 21:38:54,77640,15.02,100.0,13.54,90.6,15,100,CLOSED,CLOSED,CLOSED,0,3,0,0,0
2026-05-02 21:39:54,77700,15.01,100.0,13.55,90.8,15,100,CLOSED,CLOSED,CLOSED,0,3,0,0,0
2026-05-02 21:40:54,77760,15.00,100.0,13.56,90.9,15,100,CLOSED,CLOSED,CLOSED,0,3,0,0,0
2026-05-02 21:41:54,77820,14.99,100.0,13.56,91.0,15,100,CLOSED,CLOSED,CLOSED,0,3,0,0,0
2026-05-02 21:42:54,77880,14.97,100.0,13.57,91.2,15,100,CLOSED,CLOSED,CLOSED,0,3,0,0,0
2026-05-02 21:43:54,77940,14.96,100.0,13.57,91.3,15,100,CLOSED,CLOSED,CLOSED,0,3,0,0,0
2026-05-02 21:44:54,78000,14.95,100.0,13.58,91.4,15,100,CLOSED,CLOSED,CLOSED,0,3,0,0,0
2026-05-02 21:45:54,78060,14.94,100.0,13.59,91.6,15,100,CLOSED,CLOSED,CLOSED,0,3,0,0,0
2026-05-02 21:46:54,78120,14.93,100.0,13.59,91.7,15,100,CLOSED,CLOSED,CLOSED,0,3,0,0,0
2026-05-02 21:47:54,78180,14.92,100.0,13.60,91.8,15,100,CLOSED,CLOSED,CLOSED,0,3,0,0,0
2026-05-02 21:48:54,78240,14.91,100.0,13.60,92.0,15,100,CLOSED,CLOSED,CLOSED,0,3,0,0,0
2026-05-02 21:49:54,78300,14.90,100.0,13.61,92.1,15,100,CLOSED,CLOSED,CLOSED,0,3,0,0,0
2026-05-02 21:50:54,78360,14.88,100.0,13.60,92.1,15,100,CLOSED,CLOSED,CLOSED,0,3,0,0,0
2026-05-02 21:51:54,78420,14.87,100.0,13.58,92.1,15,100,CLOSED,CLOSED,CLOSED,0,3,0,0,0
2026-05-02 21:52:54,78480,14.86,100.0,13.57,92.1,15,100,CLOSED,CLOSED,CLOSED,0,3,0,0,0
2026-05-02 21:53:54,78540,14.85,100.0,13.56,92.1,15,100,CLOSED,CLOSED,CLOSED,0,3,0,0,0
2026-05-02 21:54:54,78600,14.84,100.0,13.55,92.1,15,100,CLOSED,CLOSED,CLOSED,0,3,0,0,0
2026-05-02 21:55:54,78660,14.83,100.0,13.53,92.1,15,100,CLOSED,CLOSED,CLOSED,0,3,0,0,0
2026-05-02 21:56:54,78720,14.82,100.0,13.52,92.1,15,100,CLOSED,CLOSED,CLOSED,0,3,0,0,0
2026-05-02 21:57:54,78780,14.81,100.0,13.51,92.1,15,100,CLOSED,CLOSED,CLOSED,0,3,0,0,0
2026-05-02 21:58:54,78840,14.80,100.0,13.50,92.1,15,100,CLOSED,CLOSED,CLOSED,0,3,0,0,0
2026-05-02 21:59:54,78900,14.79,100.0,13.48,92.1,15,100,CLOSED,CLOSED,CLOSED,0,3,0,0,0
2026-05-02 22:00:54,78960,14.78,100.0,13.47,92.1,15,100,CLOSED,CLOSED,CLOSED,0,3,0,0,0
2026-05-02 22:01:54,79020,14.77,100.0,13.46,92.1,15,100,CLOSED,CLOSED,CLOSED,0,3,0,0,0
2026-05-02 22:02:54,79080,14.75,100.0,13.45,92.1,15,100,CLOSED,CLOSED,CLOSED,0,3,0,0,0
2026-05-02 22:03:54,79140,14.74,100.0,13.43,92.1,15,100,CLOSED,CLOSED,CLOSED,0,3,0,0,0
2026-05-02 22:04:54,79200,14.73,100.0,13.42,92.1,15,100,CLOSED,CLOSED,CLOSED,0,3,0,0,0
2026-05-02 22:05:54,79260,14.72,100.0,13.43,92.2,15,100,CLOSED,CLOSED,CLOSED,0,3,0,0,0
2026-05-02 22:06:54,79320,14.71,100.0,13.44,92.3,15,100,CLOSED,CLOSED,CLOSED,0,3,0,0,0
2026-05-02 22:07:54,79380,14.70,100.0,13.45,92.3,15,100,CLOSED,CLOSED,CLOSED,0,3,0,0,0
2026-05-02 22:08:54,79440,14.69,100.0,13.46,92.4,15,100,CLOSED,CLOSED,CLOSED,0,3,0,0,0
2026-05-02 22:09:54,79500,14.68,100.0,13.47,92.5,15,100,CLOSED,CLOSED,CLOSED,0,3,0,0,0
2026-05-02 22:10:54,79560,14.67,100.0,13.48,92.6,15,100,CLOSED,CLOSED,CLOSED,0,3,0,0,0
2026-05-02 22:11:54,79620,14.66,100.0,13.49,92.7,15,100,CLOSED,CLOSED,CLOSED,0,3,0,0,0
2026-05-02 22:12:54,79680,14.65,100.0,13.50,92.7,15,100,CLOSED,CLOSED,CLOSED,0,3,0,0,0
2026-05-02 22:13:54,79740,14.64,100.0,13.52,92.8,15,100,CLOSED,CLOSED,CLOSED,0,3,0,0,0
2026-05-02 22:14:54,79800,14.63,100.0,13.53,92.9,15,100,CLOSED,CLOSED,CLOSED,0,3,0,0,0
2026-05-02 22:15:54,79860,14.62,100.0,13.54,93.0,15,100,CLOSED,CLOSED,CLOSED,0,3,0,0,0
2026-05-02 22:16:54,79920,14.61,100.0,13.55,93.1,15,100,CLOSED,CLOSED,CLOSED,0,3,0,0,0
2026-05-02 22:17:54,79980,14.60,100.0,13.56,93.1,15,100,CLOSED,CLOSED,CLOSED,0,3,0,0,0
2026-05-02 22:18:54,80040,14.60,100.0,13.57,93.2,15,100,CLOSED,CLOSED,CLOSED,0,3,0,0,0
2026-05-02 22:19:54,80100,14.59,100.0,13.58,93.3,15,100,CLOSED,CLOSED,CLOSED,0,3,0,0,0
2026-05-02 22:20:54,80160,14.58,100.0,13.59,93.4,15,100,CLOSED,CLOSED,CLOSED,0,3,0,0,0
2026-05-02 22:21:54,80220,14.57,100.0,13.60,93.5,15,100,CLOSED,CLOSED,CLOSED,0,3,0,0,0
2026-05-02 22:22:54,80280,14.56,100.0,13.61,93.5,15,100,CLOSED,CLOSED,CLOSED,0,3,0,0,0
2026-05-02 22:23:54,80340,14.56,100.0,13.62,93.6,15,100,CLOSED,CLOSED,CLOSED,0,3,0,0,0
2026-05-02 22:24:54,80400,14.55,100.0,13.63,93.7,15,100,CLOSED,CLOSED,CLOSED,0,3,0,0,0
2026-05-02 22:25:54,80460,14.54,100.0,13.64,93.8,15,100,CLOSED,CLOSED,CLOSED,0,3,0,0,0
2026-05-02 22:26:54,80520,14.53,100.0,13.65,93.9,15,100,CLOSED,CLOSED,CLOSED,0,3,0,0,0
2026-05-02 22:27:54,80580,14.53,100.0,13.67,93.9,15,100,CLOSED,CLOSED,CLOSED,0,3,0,0,0
2026-05-02 22:28:54,80640,14.52,100.0,13.68,94.0,15,100,CLOSED,CLOSED,CLOSED,0,3,0,0,0
2026-05-02 22:29:54,80700,14.51,100.0,13.69,94.1,15,100,CLOSED,CLOSED,CLOSED,0,3,0,0,0
2026-05-02 22:30:54,80760,14.50,100.0,13.70,94.2,15,100,CLOSED,CLOSED,CLOSED,0,3,0,0,0
2026-05-02 22:31:54,80820,14.50,100.0,13.71,94.3,15,100,CLOSED,CLOSED,CLOSED,0,3,0,0,0
2026-05-02 22:32:54,80880,14.49,100.0,13.72,94.3,15,100,CLOSED,CLOSED,CLOSED,0,3,0,0,0
2026-05-02 22:33:54,80940,14.48,100.0,13.73,94.4,15,100,CLOSED,CLOSED,CLOSED,0,3,0,0,0
2026-05-02 22:34:54,81000,14.48,100.0,13.74,94.5,15,100,CLOSED,CLOSED,CLOSED,0,3,0,0,0
2026-05-02 22:35:54,81060,14.47,100.0,13.75,94.5,14,100,CLOSED,CLOSED,CLOSED,0,3,0,0,0
2026-05-02 22:36:54,81120,14.47,100.0,13.76,94.5,14,100,CLOSED,CLOSED,CLOSED,0,3,0,0,0
2026-05-02 22:37:54,81180,14.46,100.0,13.77,94.6,14,100,CLOSED,CLOSED,CLOSED,0,3,0,0,0
2026-05-02 22:38:54,81240,14.46,100.0,13.78,94.6,14,100,CLOSED,CLOSED,CLOSED,0,3,0,0,0
2026-05-02 22:39:54,81300,14.45,100.0,13.79,94.6,14,100,CLOSED,CLOSED,CLOSED,0,3,0,0,0
2026-05-02 22:40:54,81360,14.44,100.0,13.80,94.6,14,100,CLOSED,CLOSED,CLOSED,0,3,0,0,0
2026-05-02 22:41:54,81420,14.44,100.0,13.81,94.6,14,100,CLOSED,CLOSED,CLOSED,0,3,0,0,0
2026-05-02 22:42:54,81480,14.43,100.0,13.81,94.7,14,100,CLOSED,CLOSED,CLOSED,0,3,0,0,0
2026-05-02 22:43:54,81540,14.43,100.0,13.82,94.7,14,100,CLOSED,CLOSED,CLOSED,0,3,0,0,0
2026-05-02 22:44:54,81600,14.42,100.0,13.83,94.7,14,100,CLOSED,CLOSED,CLOSED,0,3,0,0,0
2026-05-02 22:45:54,81660,14.42,100.0,13.84,94.7,14,100,CLOSED,CLOSED,CLOSED,0,3,0,0,0
2026-05-02 22:46:54,81720,14.41,100.0,13.85,94.7,14,100,CLOSED,CLOSED,CLOSED,0,3,0,0,0
2026-05-02 22:47:54,81780,14.41,100.0,13.86,94.8,14,100,CLOSED,CLOSED,CLOSED,0,3,0,0,0
2026-05-02 22:48:54,81840,14.40,100.0,13.87,94.8,14,100,CLOSED,CLOSED,CLOSED,0,3,0,0,0
2026-05-02 22:49:54,81900,14.40,100.0,13.88,94.8,14,100,CLOSED,CLOSED,CLOSED,0,3,0,0,0
2026-05-02 22:50:54,81960,14.40,100.0,13.89,94.8,14,100,CLOSED,CLOSED,CLOSED,0,3,0,0,0
2026-05-02 22:51:54,82020,14.39,100.0,13.89,94.8,14,100,CLOSED,CLOSED,CLOSED,0,3,0,0,0
2026-05-02 22:52:54,82080,14.39,100.0,13.90,94.9,14,100,CLOSED,CLOSED,CLOSED,0,3,0,0,0
2026-05-02 22:53:54,82140,14.38,100.0,13.91,94.9,14,100,CLOSED,CLOSED,CLOSED,0,3,0,0,0
2026-05-02 22:54:54,82200,14.38,100.0,13.91,94.9,14,100,CLOSED,CLOSED,CLOSED,0,3,0,0,0
2026-05-02 22:55:54,82260,14.38,100.0,13.92,94.9,14,100,CLOSED,CLOSED,CLOSED,0,3,0,0,0
2026-05-02 22:56:54,82320,14.37,100.0,13.93,94.9,14,100,CLOSED,CLOSED,CLOSED,0,3,0,0,0
2026-05-02 22:57:54,82380,14.37,100.0,13.93,95.0,14,100,CLOSED,CLOSED,CLOSED,0,3,0,0,0
2026-05-02 22:58:54,82440,14.36,100.0,13.94,95.0,14,100,CLOSED,CLOSED,CLOSED,0,3,0,0,0
2026-05-02 22:59:54,82500,14.36,100.0,13.95,95.0,14,100,CLOSED,CLOSED,CLOSED,0,3,0,0,0
2026-05-02 23:00:54,82560,14.36,100.0,13.95,95.0,14,100,CLOSED,CLOSED,CLOSED,0,3,0,0,0
2026-05-02 23:01:54,82620,14.35,100.0,13.96,95.0,14,100,CLOSED,CLOSED,CLOSED,0,3,0,0,0
2026-05-02 23:02:54,82680,14.35,100.0,13.97,95.1,14,100,CLOSED,CLOSED,CLOSED,0,3,0,0,0
2026-05-02 23:03:54,82740,14.35,100.0,13.97,95.1,14,100,CLOSED,CLOSED,CLOSED,0,3,0,0,0
2026-05-02 23:04:54,82800,14.35,100.0,13.98,95.1,14,100,CLOSED,CLOSED,CLOSED,0,3,0,0,0
2026-05-02 23:05:54,82860,14.34,100.0,13.98,94.9,14,100,CLOSED,CLOSED,CLOSED,0,3,0,0,0
2026-05-02 23:06:54,82920,14.34,100.0,13.99,94.7,14,100,CLOSED,CLOSED,CLOSED,0,3,0,0,0
2026-05-02 23:07:54,82980,14.34,100.0,13.99,94.5,14,100,CLOSED,CLOSED,CLOSED,0,3,0,0,0
2026-05-02 23:08:54,83040,14.33,100.0,14.00,94.3,14,100,CLOSED,CLOSED,CLOSED,0,3,0,0,0
2026-05-02 23:09:54,83100,14.33,100.0,14.00,94.1,14,100,CLOSED,CLOSED,CLOSED,0,3,0,0,0
2026-05-02 23:10:54,83160,14.33,100.0,14.01,93.9,14,100,CLOSED,CLOSED,CLOSED,0,3,0,0,0
2026-05-02 23:11:54,83220,14.33,100.0,14.01,93.6,14,100,CLOSED,CLOSED,CLOSED,0,3,0,0,0
2026-05-02 23:12:54,83280,14.32,100.0,14.01,93.4,14,100,CLOSED,CLOSED,CLOSED,0,3,0,0,0
2026-05-02 23:13:54,83340,14.32,100.0,14.02,93.2,14,100,CLOSED,CLOSED,CLOSED,0,3,0,0,0
2026-05-02 23:14:54,83400,14.32,100.0,14.02,93.0,14,100,CLOSED,CLOSED,CLOSED,0,3,0,0,0
2026-05-02 23:15:54,83460,14.32,100.0,14.03,92.8,14,100,CLOSED,CLOSED,CLOSED,0,3,0,0,0
2026-05-02 23:16:54,83520,14.31,100.0,14.03,92.6,14,100,CLOSED,CLOSED,CLOSED,0,3,0,0,0
2026-05-02 23:17:54,83580,14.31,100.0,14.04,92.4,14,100,CLOSED,CLOSED,CLOSED,0,3,0,0,0
2026-05-02 23:18:54,83640,14.31,100.0,14.04,92.2,14,100,CLOSED,CLOSED,CLOSED,0,3,0,0,0
2026-05-02 23:19:54,83700,14.31,100.0,14.05,92.0,14,100,CLOSED,CLOSED,CLOSED,0,3,0,0,0
2026-05-02 23:20:54,83760,14.30,100.0,14.05,91.8,14,100,CLOSED,CLOSED,CLOSED,0,3,0,0,0
2026-05-02 23:21:54,83820,14.30,100.0,14.05,91.6,14,100,CLOSED,CLOSED,CLOSED,0,3,0,0,0
2026-05-02 23:22:54,83880,14.30,100.0,14.06,91.4,14,100,CLOSED,CLOSED,CLOSED,0,3,0,0,0
2026-05-02 23:23:54,83940,14.30,100.0,14.06,91.2,14,100,CLOSED,CLOSED,CLOSED,0,3,0,0,0
2026-05-02 23:24:54,84000,14.30,100.0,14.07,91.0,14,100,CLOSED,CLOSED,CLOSED,0,3,0,0,0
2026-05-02 23:25:54,84060,14.29,100.0,14.07,90.8,14,100,CLOSED,CLOSED,CLOSED,0,3,0,0,0
2026-05-02 23:26:54,84120,14.29,100.0,14.08,90.5,14,100,CLOSED,CLOSED,CLOSED,0,3,0,0,0
2026-05-02 23:27:54,84180,14.29,100.0,14.08,90.3,14,100,CLOSED,CLOSED,CLOSED,0,3,0,0,0
2026-05-02 23:28:54,84240,14.29,100.0,14.08,90.1,14,100,CLOSED,CLOSED,CLOSED,0,3,0,0,0
2026-05-02 23:29:54,84300,14.29,100.0,14.09,89.9,14,100,CLOSED,CLOSED,CLOSED,0,3,0,0,0
2026-05-02 23:30:54,84360,14.29,100.0,14.09,89.7,14,100,CLOSED,CLOSED,CLOSED,0,3,0,0,0
2026-05-02 23:31:54,84420,14.28,100.0,14.10,89.5,14,100,CLOSED,CLOSED,CLOSED,0,3,0,0,0
2026-05-02 23:32:54,84480,14.28,100.0,14.10,89.3,14,100,CLOSED,CLOSED,CLOSED,0,3,0,0,0
2026-05-02 23:33:54,84540,14.28,100.0,14.11,89.1,14,100,CLOSED,CLOSED,CLOSED,0,3,0,0,0
2026-05-02 23:34:54,84600,14.28,100.0,14.11,88.9,14,100,CLOSED,CLOSED,CLOSED,0,3,0,0,0
2026-05-02 23:35:54,84660,14.28,100.0,14.07,89.0,14,100,CLOSED,CLOSED,CLOSED,0,3,0,0,0
2026-05-02 23:36:54,84720,14.28,100.0,14.03,89.2,14,100,CLOSED,CLOSED,CLOSED,0,3,0,0,0
2026-05-02 23:37:54,84780,14.27,100.0,14.00,89.3,14,100,CLOSED,CLOSED,CLOSED,0,3,0,0,0
2026-05-02 23:38:54,84840,14.27,100.0,13.96,89.5,14,100,CLOSED,CLOSED,CLOSED,0,3,0,0,0
2026-05-02 23:39:54,84900,14.27,100.0,13.92,89.6,14,100,CLOSED,CLOSED,CLOSED,0,3,0,0,0
2026-05-02 23:40:54,84960,14.27,100.0,13.89,89.7,14,100,CLOSED,CLOSED,CLOSED,0,3,0,0,0
2026-05-02 23:41:54,85020,14.26,100.0,13.85,89.9,14,100,CLOSED,CLOSED,CLOSED,0,3,0,0,0
2026-05-02 23:42:54,85080,14.26,100.0,13.81,90.0,14,100,CLOSED,CLOSED,CLOSED,0,3,0,0,0
2026-05-02 23:43:54,85140,14.25,100.0,13.77,90.2,14,100,CLOSED,CLOSED,CLOSED,0,3,0,0,0
2026-05-02 23:44:54,85200,14.25,100.0,13.74,90.3,14,100,CLOSED,CLOSED,CLOSED,0,3,0,0,0
2026-05-02 23:45:54,85260,14.25,100.0,13.70,90.4,14,100,CLOSED,CLOSED,CLOSED,0,3,0,0,0
2026-05-02 23:46:54,85320,14.24,100.0,13.66,90.6,14,100,CLOSED,CLOSED,CLOSED,0,3,0,0,0
2026-05-02 23:47:54,85380,14.24,100.0,13.62,90.7,14,100,CLOSED,CLOSED,CLOSED,0,3,0,0,0
2026-05-02 23:48:54,85440,14.23,100.0,13.59,90.9,14,100,CLOSED,CLOSED,CLOSED,0,3,0,0,0
