datetime,elapsed_s,T_in_C,RH_in_pct,T_out_C,RH_out_pct,t_avg_C,rh_avg_pct,M1_state,M2_state,M3_state,step_t,step_rh,step_resolved,is_daytime,wind_override
2026-05-01 00:04:56,0,10.30,100.0,10.30,54.4,10,100,CLOSED,CLOSED,CLOSED,0,3,0,0,0
2026-05-01 00:05:56,60,10.30,100.0,10.25,54.6,10,100,CLOSED,CLOSED,CLOSED,0,3,0,0,0
2026-05-01 00:06:56,120,10.30,100.0,10.21,54.8,10,100,CLOSED,CLOSED,CLOSED,0,3,0,0,0
2026-05-01 00:07:56,180,10.30,100.0,10.16,54.9,10,100,CLOSED,CLOSED,CLOSED,0,3,0,0,0
2026-05-01 00:08:56,240,10.30,100.0,10.11,55.1,10,100,CLOSED,CLOSED,CLOSED,0,3,0,0,0
2026-05-01 00:09:56,300,10.30,100.0,10.07,55.3,10,100,CLOSED,CLOSED,CLOSED,0,3,0,0,0
2026-05-01 00:10:56,360,10.29,100.0,10.02,55.5,10,100,CLOSED,CLOSED,CLOSED,0,3,0,0,0
2026-05-01 00:11:56,420,10.29,100.0,9.97,55.7,10,100,CLOSED,CLOSED,CLOSED,0,3,0,0,0
2026-05-01 00:12:56,480,10.29,100.0,9.93,55.8,10,100,CLOSED,CLOSED,CLOSED,0,3,0,0,0
2026-05-01 00:13:56,540,10.28,100.0,9.88,56.0,10,100,CLOSED,CLOSED,CLOSED,0,3,0,0,0
2026-05-01 00:14:56,600,10.28,100.0,9.83,56.2,10,100,CLOSED,CLOSED,CLOSED,0,3,0,0,0
2026-05-01 00:15:56,660,10.28,100.0,9.79,56.4,10,100,CLOSED,CLOSED,CLOSED,0,3,0,0,0
2026-05-01 00:16:56,720,10.27,100.0,9.74,56.6,10,100,CLOSED,CLOSED,CLOSED,0,3,0,0,0
2026-05-01 00:17:56,780,10.27,100.0,9.69,56.7,10,100,CLOSED,CLOSED,CLOSED,0,3,0,0,0
2026-05-01 00:18:56,840,10.26,100.0,9.65,56.9,10,100,CLOSED,CLOSED,CLOSED,0,3,0,0,0
2026-05-01 00:19:56,900,10.26,100.0,9.60,57.1,10,100,CLOSED,CLOSED,CLOSED,0,3,0,0,0
2026-05-01 00:20:56,960,10.25,100.0,9.58,57.2,10,100,CLOSED,CLOSED,CLOSED,0,3,0,0,0
2026-05-01 00:21:56,1020,10.25,100.0,9.56,57.2,10,100,CLOSED,CLOSED,CLOSED,0,3,0,0,0
2026-05-01 00:22:56,1080,10.24,100.0,9.53,57.3,10,100,CLOSED,CLOSED,CLOSED,0,3,0,0,0
2026-05-01 00:23:56,1140,10.23,100.0,9.51,57.4,10,100,CLOSED,CLOSED,CLOSED,0,3,0,0,0
2026-05-01 00:24:56,1200,10.23,100.0,9.49,57.5,10,100,CLOSED,CLOSED,CLOSED,0,3,0,0,0
2026-05-01 00:25:56,1260,10.22,100.0,9.47,57.5,10,100,CLOSED,CLOSED,CLOSED,0,3,0,0,0
2026-05-01 00:26:56,1320,10.22,100.0,9.45,57.6,10,100,CLOSED,CLOSED,CLOSED,0,3,0,0,0
2026-05-01 00:27:56,1380,10.21,100.0,9.42,57.7,10,100,CLOSED,CLOSED,CLOSED,0,3,0,0,0
2026-05-01 00:28:56,1440,10.20,100.0,9.40,57.8,10,100,CLOSED,CLOSED,CLOSED,0,3,0,0,0
2026-05-01 00:29:56,1500,10.20,100.0,9.38,57.8,10,100,CLOSED,CLOSED,CLOSED,0,3,0,0,0
2026-05-01 00:30:56,1560,10.19,100.0,9.36,57.9,10,100,CLOSED,CLOSED,CLOSED,0,3,0,0,0
2026-05-01 00:31:56,1620,10.18,100.0,9.34,58.0,10,100,CLOSED,CLOSED,CLOSED,0,3,0,0,0
2026-05-01 00:32:56,1680,10.17,100.0,9.31,58.1,10,100,CLOSED,CLOSED,CLOSED,0,3,0,0,0
2026-05-01 00:33:56,1740,10.17,100.0,9.29,58.1,10,100,CLOSED,CLOSED,CLOSED,0,3,0,0,0
2026-05-01 00:34:56,1800,10.16,100.0,9.27,58.2,10,100,CLOSED,CLOSED,CLOSED,0,3,0,0,0
2026-05-01 00:35:56,1860,10.15,100.0,9.20,58.6,10,100,CLOSED,CLOSED,CLOSED,0,3,0,0,0
2026-05-01 00:36:56,1920,10.14,100.0,9.12,58.9,10,100,CLOSED,CLOSED,CLOSED,0,3,0,0,0
2026-05-01 00:37:56,1980,10.14,100.0,9.05,59.2,10,100,CLOSED,CLOSED,CLOSED,0,3,0,0,0
2026-05-01 00:38:56,2040,10.13,100.0,8.98,59.6,10,100,CLOSED,CLOSED,CLOSED,0,3,0,0,0
2026-05-01 00:39:56,2100,10.12,100.0,8.90,60.0,10,100,CLOSED,CLOSED,CLOSED,0,3,0,0,0
2026-05-01 00:40:56,2160,10.11,100.0,8.83,60.3,10,100,CLOSED,CLOSED,CLOSED,0,3,0,0,0
2026-05-01 00:41:56,2220,10.09,100.0,8.76,60.7,10,100,CLOSED,CLOSED,CLOSED,0,3,0,0,0
2026-05-01 00:42:56,2280,10.08,100.0,8.69,61.0,10,100,CLOSED,CLOSED,CLOSED,0,3,0,0,0
2026-05-01 00:43:56,2340,10.07,100.0,8.61,61.4,10,100,CLOSED,CLOSED,CLOSED,0,3,0,0,0
2026-05-01 00:44:56,2400,10.06,100.0,8.54,61.7,10,100,CLOSED,CLOSED,CLOSED,0,3,0,0,0
2026-05-01 00:45:56,2460,10.05,100.0,8.47,62.1,10,100,CLOSED,CLOSED,CLOSED,0,3,0,0,0
2026-05-01 00:46:56,2520,10.03,100.0,8.39,62.4,10,100,CLOSED,CLOSED,CLOSED,0,3,0,0,0
2026-05-01 00:47:56,2580,10.02,100.0,8.32,62.8,10,100,CLOSED,CLOSED,CLOSED,0,3,0,0,0
2026-05-01 00:48:56,2640,10.00,100.0,8.25,63.1,10,100,CLOSED,CLOSED,CLOSED,0,3,0,0,0
2026-05-01 00:49:56,2700,9.99,100.0,8.18,63.5,10,100,CLOSED,CLOSED,CLOSED,0,3,0,0,0
2026-05-01 00:50:56,2760,9.97,100.0,8.10,63.8,10,100,CLOSED,CLOSED,CLOSED,0,3,0,0,0
2026-05-01 00:51:56,2820,9.96,100.0,8.03,64.2,10,100,CLOSED,CLOSED,CLOSED,0,3,0,0,0
2026-05-01 00:52:56,2880,9.94,100.0,7.96,64.5,10,100,CLOSED,CLOSED,CLOSED,0,3,0,0,0
2026-05-01 00:53:56,2940,9.92,100.0,7.88,64.9,10,100,CLOSED,CLOSED,CLOSED,0,3,0,0,0
2026-05-01 00:54:56,3000,9.91,100.0,7.81,65.2,10,100,CLOSED,CLOSED,CLOSED,0,3,0,0,0
2026-05-01 00:55:56,3060,9.89,100.0,7.74,65.5,10,100,CLOSED,CLOSED,CLOSED,0,3,0,0,0
2026-05-01 00:56:56,3120,9.87,100.0,7.66,65.9,10,100,CLOSED,CLOSED,CLOSED,0,3,0,0,0
2026-05-01 00:57:56,3180,9.85,100.0,7.59,66.2,10,100,CLOSED,CLOSED,CLOSED,0,3,0,0,0
2026-05-01 00:58:56,3240,9.83,100.0,7.52,66.6,10,100,CLOSED,CLOSED,CLOSED,0,3,0,0,0
2026-05-01 00:59:56,3300,9.81,100.0,7.45,67.0,10,100,CLOSED,CLOSED,CLOSED,0,3,0,0,0
2026-05-01 01:00:56,3360,9.79,100.0,7.37,67.3,10,100,CLOSED,CLOSED,CLOSED,0,3,0,0,0
2026-05-01 01:01:56,3420,9.77,100.0,7.30,67.7,10,100,CLOSED,CLOSED,CLOSED,0,3,0,0,0
2026-05-01 01:02:56,3480,9.75,100.0,7.23,68.0,10,100,CLOSED,CLOSED,CLOSED,0,3,0,0,0
2026-05-01 01:03:56,3540,9.73,100.0,7.15,68.4,10,100,CLOSED,CLOSED,CLOSED,0,3,0,0,0
2026-05-01 01:04:56,3600,9.71,100.0,7.08,68.7,10,100,CLOSED,CLOSED,CLOSED,0,3,0,0,0
2026-05-01 01:05:56,3660,9.69,100.0,7.06,68.9,10,100,CLOSED,CLOSED,CLOSED,0,3,0,0,0
2026-05-01 01:06:56,3720,9.66,100.0,7.03,69.0,10,100,CLOSED,CLOSED,CLOSED,0,3,0,0,0
2026-05-01 01:07:56,3780,9.64,100.0,7.01,69.2,10,100,CLOSED,CLOSED,CLOSED,0,3,0,0,0
2026-05-01 01:08:56,3840,9.62,100.0,6.98,69.3,10,100,CLOSED,CLOSED,CLOSED,0,3,0,0,0
2026-05-01 01:09:56,3900,9.60,100.0,6.96,69.5,10,100,CLOSED,CLOSED,CLOSED,0,3,0,0,0
2026-05-01 01:10:56,3960,9.58,100.0,6.93,69.7,10,100,CLOSED,CLOSED,CLOSED,0,3,0,0,0
2026-05-01 01:11:56,4020,9.55,100.0,6.91,69.8,10,100,CLOSED,CLOSED,CLOSED,0,3,0,0,0
2026-05-01 01:12:56,4080,9.53,100.0,6.88,70.0,10,100,CLOSED,CLOSED,CLOSED,0,3,0,0,0
2026-05-01 01:13:56,4140,9.51,100.0,6.86,70.1,10,100,CLOSED,CLOSED,CLOSED,0,3,0,0,0
2026-05-01 01:14:56,4200,9.49,100.0,6.83,70.3,10,100,CLOSED,CLOSED,CLOSED,0,3,0,0,0
2026-05-01 01:15:56,4260,9.47,100.0,6.81,70.5,10,100,CLOSED,CLOSED,CLOSED,0,3,0,0,0
2026-05-01 01:16:56,4320,9.44,100.0,6.78,70.6,10,100,CLOSED,CLOSED,CLOSED,0,3,0,0,0
2026-05-01 01:17:56,4380,9.42,100.0,6.76,70.8,10,100,CLOSED,CLOSED,CLOSED,0,3,0,0,0
2026-05-01 01:18:56,4440,9.40,100.0,6.73,70.9,9,100,CLOSED,CLOSED,CLOSED,0,3,0,0,0
2026-05-01 01:19:56,4500,9.38,100.0,6.71,71.1,9,100,CLOSED,CLOSED,CLOSED,0,3,0,0,0
2026-05-01 01:20:56,4560,9.35,100.0,6.67,71.3,9,100,CLOSED,CLOSED,CLOSED,0,3,0,0,0
2026-05-01 01:21:56,4620,9.33,100.0,6.63,71.4,9,100,CLOSED,CLOSED,CLOSED,0,3,0,0,0
2026-05-01 01:22:56,4680,9.31,100.0,6.59,71.6,9,100,CLOSED,CLOSED,CLOSED,0,3,0,0,0
2026-05-01 01:23:56,4740,9.29,100.0,6.56,71.7,9,100,CLOSED,CLOSED,CLOSED,0,3,0,0,0
2026-05-01 01:24:56,4800,9.26,100.0,6.52,71.9,9,100,CLOSED,CLOSED,CLOSED,0,3,0,0,0
2026-05-01 01:25:56,4860,9.24,100.0,6.48,72.0,9,100,CLOSED,CLOSED,CLOSED,0,3,0,0,0
2026-05-01 01:26:56,4920,9.22,100.0,6.44,72.2,9,100,CLOSED,CLOSED,CLOSED,0,3,0,0,0
2026-05-01 01:27:56,4980,9.19,100.0,6.40,72.3,9,100,CLOSED,CLOSED,CLOSED,0,3,0,0,0
2026-05-01 01:28:56,5040,9.17,100.0,6.36,72.5,9,100,CLOSED,CLOSED,CLOSED,0,3,0,0,0
2026-05-01 01:29:56,5100,9.15,100.0,6.33,72.6,9,100,CLOSED,CLOSED,CLOSED,0,3,0,0,0
2026-05-01 01:30:56,5160,9.12,100.0,6.29,72.8,9,100,CLOSED,CLOSED,CLOSED,0,3,0,0,0
2026-05-01 01:31:56,5220,9.10,100.0,6.25,72.9,9,100,CLOSED,CLOSED,CLOSED,0,3,0,0,0
2026-05-01 01:32:56,5280,9.08,100.0,6.21,73.1,9,100,CLOSED,CLOSED,CLOSED,0,3,0,0,0
2026-05-01 01:33:56,5340,9.05,100.0,6.17,73.2,9,100,CLOSED,CLOSED,CLOSED,0,3,0,0,0
2026-05-01 01:34:56,5400,9.03,100.0,6.13,73.4,9,100,CLOSED,CLOSED,CLOSED,0,3,0,0,0
2026-05-01 01:35:56,5460,9.00,100.0,6.09,73.6,9,100,CLOSED,CLOSED,CLOSED,0,3,0,0,0
2026-05-01 01:36:56,5520,8.98,100.0,6.04,73.9,9,100,CLOSED,CLOSED,CLOSED,0,3,0,0,0
2026-05-01 01:37:56,5580,8.95,100.0,5.99,74.2,9,100,CLOSED,CLOSED,CLOSED,0,3,0,0,0
2026-05-01 01:38:56,5640,8.93,100.0,5.94,74.4,9,100,CLOSED,CLOSED,CLOSED,0,3,0,0,0
2026-05-01 01:39:56,5700,8.90,100.0,5.89,74.7,9,100,CLOSED,CLOSED,CLOSED,0,3,0,0,0
2026-05-01 01:40:56,5760,8.88,100.0,5.84,74.9,9,100,CLOSED,CLOSED,CLOSED,0,3,0,0,0
2026-05-01 01:41:56,5820,8.85,100.0,5.79,75.2,9,100,CLOSED,CLOSED,CLOSED,0,3,0,0,0
2026-05-01 01:42:56,5880,8.83,100.0,5.74,75.5,9,100,CLOSED,CLOSED,CLOSED,0,3,0,0,0
2026-05-01 01:43:56,5940,8.80,100.0,5.69,75.7,9,100,CLOSED,CLOSED,CLOSED,0,3,0,0,0
2026-05-01 01:44:56,6000,8.78,100.0,5.64,76.0,9,100,CLOSED,CLOSED,CLOSED,0,3,0,0,0
2026-05-01 01:45:56,6060,8.75,100.0,5.59,76.3,9,100,CLOSED,CLOSED,CLOSED,0,3,0,0,0
2026-05-01 01:46:56,6120,8.72,100.0,5.54,76.5,9,100,CLOSED,CLOSED,CLOSED,0,3,0,0,0
2026-05-01 01:47:56,6180,8.70,100.0,5.49,76.8,9,100,CLOSED,CLOSED,CLOSED,0,3,0,0,0
2026-05-01 01:48:56,6240,8.67,100.0,5.45,77.1,9,100,CLOSED,CLOSED,CLOSED,0,3,0,0,0
2026-05-01 01:49:56,6300,8.64,100.0,5.40,77.3,9,100,CLOSED,CLOSED,CLOSED,0,3,0,0,0
2026-05-01 01:50:56,6360,8.61,100.0,5.35,77.6,9,100,CLOSED,CLOSED,CLOSED,0,3,0,0,0
2026-05-01 01:51:56,6420,8.59,100.0,5.30,77.8,9,100,CLOSED,CLOSED,CLOSED,0,3,0,0,0
2026-05-01 01:52:56,6480,8.56,100.0,5.25,78.1,9,100,CLOSED,CLOSED,CLOSED,0,3,0,0,0
2026-05-01 01:53:56,6540,8.53,100.0,5.20,78.4,9,100,CLOSED,CLOSED,CLOSED,0,3,0,0,0
2026-05-01 01:54:56,6600,8.50,100.0,5.15,78.6,9,100,CLOSED,CLOSED,CLOSED,0,3,0,0,0
2026-05-01 01:55:56,6660,8.48,100.0,5.10,78.9,9,100,CLOSED,CLOSED,CLOSED,0,3,0,0,0
2026-05-01 01:56:56,6720,8.45,100.0,5.05,79.2,9,100,CLOSED,CLOSED,CLOSED,0,3,0,0,0
2026-05-01 01:57:56,6780,8.42,100.0,5.00,79.4,9,100,CLOSED,CLOSED,CLOSED,0,3,0,0,0
2026-05-01 01:58:56,6840,8.39,100.0,4.95,79.7,8,100,CLOSED,CLOSED,CLOSED,0,3,0,0,0
2026-05-01 01:59:56,6900,8.36,100.0,4.90,80.0,8,100,CLOSED,CLOSED,CLOSED,0,3,0,0,0
2026-05-01 02:00:56,6960,8.33,100.0,4.85,80.2,8,100,CLOSED,CLOSED,CLOSED,0,3,0,0,0
2026-05-01 02:01:56,7020,8.30,100.0,4.80,80.5,8,100,CLOSED,CLOSED,CLOSED,0,3,0,0,0
2026-05-01 02:02:56,7080,8.27,100.0,4.75,80.7,8,100,CLOSED,CLOSED,CLOSED,0,3,0,0,0
2026-05-01 02:03:56,7140,8.24,100.0,4.71,81.0,8,100,CLOSED,CLOSED,CLOSED,0,3,0,0,0
2026-05-01 02:04:56,7200,8.21,100.0,4.66,81.3,8,100,CLOSED,CLOSED,CLOSED,0,3,0,0,0
2026-05-01 02:05:56,7260,8.19,100.0,4.63,81.4,8,100,CLOSED,CLOSED,CLOSED,0,3,0,0,0
2026-05-01 02:06:56,7320,8.16,100.0,4.61,81.6,8,100,CLOSED,CLOSED,CLOSED,0,3,0,0,0
2026-05-01 02:07:56,7380,8.13,100.0,4.59,81.7,8,100,CLOSED,CLOSED,CLOSED,0,3,0,0,0
2026-05-01 02:08:56,7440,8.10,100.0,4.57,81.9,8,100,CLOSED,CLOSED,CLOSED,0,3,0,0,0
2026-05-01 02:09:56,7500,8.07,100.0,4.55,82.0,8,100,CLOSED,CLOSED,CLOSED,0,3,0,0,0
2026-05-01 02:10:56,7560,8.04,100.0,4.53,82.2,8,100,CLOSED,CLOSED,CLOSED,0,3,0,0,0
2026-05-01 02:11:56,7620,8.01,100.0,4.51,82.3,8,100,CLOSED,CLOSED,CLOSED,0,3,0,0,0
2026-05-01 02:12:56,7680,7.98,100.0,4.49,82.5,8,100,CLOSED,CLOSED,CLOSED,0,3,0,0,0
2026-05-01 02:13:56,7740,7.95,100.0,4.46,82.6,8,100,CLOSED,CLOSED,CLOSED,0,3,0,0,0
2026-05-01 02:14:56,7800,7.92,100.0,4.44,82.8,8,100,CLOSED,CLOSED,CLOSED,0,3,0,0,0
2026-05-01 02:15:56,7860,7.89,100.0,4.42,82.9,8,100,CLOSED,CLOSED,CLOSED,0,3,0,0,0
2026-05-01 02:16:56,7920,7.86,100.0,4.40,83.1,8,100,CLOSED,CLOSED,CLOSED,0,3,0,0,0
2026-05-01 02:17:56,7980,7.83,100.0,4.38,83.2,8,100,CLOSED,CLOSED,CLOSED,0,3,0,0,0
2026-05-01 02:18:56,8040,7.81,100.0,4.36,83.4,8,100,CLOSED,CLOSED,CLOSED,0,3,0,0,0
2026-05-01 02:19:56,8100,7.78,100.0,4.34,83.5,8,100,CLOSED,CLOSED,CLOSED,0,3,0,0,0
2026-05-01 02:20:56,8160,7.75,100.0,4.34,83.5,8,100,CLOSED,CLOSED,CLOSED,0,3,0,0,0
2026-05-01 02:21:56,8220,7.72,100.0,4.33,83.5,8,100,CLOSED,CLOSED,CLOSED,0,3,0,0,0
2026-05-01 02:22:56,8280,7.69,100.0,4.33,83.5,8,100,CLOSED,CLOSED,CLOSED,0,3,0,0,0
2026-05-01 02:23:56,8340,7.66,100.0,4.32,83.5,8,100,CLOSED,CLOSED,CLOSED,0,3,0,0,0
2026-05-01 02:24:56,8400,7.64,100.0,4.32,83.5,8,100,CLOSED,CLOSED,CLOSED,0,3,0,0,0
2026-05-01 02:25:56,8460,7.61,100.0,4.32,83.5,8,100,CLOSED,CLOSED,CLOSED,0,3,0,0,0
2026-05-01 02:26:56,8520,7.58,100.0,4.31,83.5,8,100,CLOSED,CLOSED,CLOSED,0,3,0,0,0
2026-05-01 02:27:56,8580,7.55,100.0,4.31,83.6,8,100,CLOSED,CLOSED,CLOSED,0,3,0,0,0
2026-05-01 02:28:56,8640,7.53,100.0,4.30,83.6,8,100,CLOSED,CLOSED,CLOSED,0,3,0,0,0
2026-05-01 02:29:56,8700,7.50,100.0,4.30,83.6,8,100,CLOSED,CLOSED,CLOSED,0,3,0,0,0
2026-05-01 02:30:56,8760,7.47,100.0,4.30,83.6,8,100,CLOSED,CLOSED,CLOSED,0,3,0,0,0
2026-05-01 02:31:56,8820,7.45,100.0,4.29,83.6,8,100,CLOSED,CLOSED,CLOSED,0,3,0,0,0
2026-05-01 02:32:56,8880,7.42,100.0,4.29,83.6,8,100,CLOSED,CLOSED,CLOSED,0,3,0,0,0
2026-05-01 02:33:56,8940,7.39,100.0,4.28,83.6,7,100,CLOSED,CLOSED,CLOSED,0,3,0,0,0
2026-05-01 02:34:56,9000,7.37,100.0,4.28,83.6,7,100,CLOSED,CLOSED,CLOSED,0,3,0,0,0
2026-05-01 02:35:56,9060,7.34,100.0,4.27,83.6,7,100,CLOSED,CLOSED,CLOSED,0,3,0,0,0
2026-05-01 02:36:56,9120,7.32,100.0,4.27,83.6,7,100,CLOSED,CLOSED,CLOSED,0,3,0,0,0
2026-05-01 02:37:56,9180,7.29,100.0,4.26,83.7,7,100,CLOSED,CLOSED,CLOSED,0,3,0,0,0
2026-05-01 02:38:56,9240,7.27,100.0,4.25,83.7,7,100,CLOSED,CLOSED,CLOSED,0,3,0,0,0
2026-05-01 02:39:56,9300,7.24,100.0,4.25,83.7,7,100,CLOSED,CLOSED,CLOSED,0,3,0,0,0
2026-05-01 02:40:56,9360,7.22,100.0,4.24,83.7,7,100,CLOSED,CLOSED,CLOSED,0,3,0,0,0
2026-05-01 02:41:56,9420,7.19,100.0,4.23,83.7,7,100,CLOSED,CLOSED,CLOSED,0,3,0,0,0
2026-05-01 02:42:56,9480,7.17,100.0,4.23,83.8,7,100,CLOSED,CLOSED,CLOSED,0,3,0,0,0
2026-05-01 02:43:56,9540,7.14,100.0,4.22,83.8,7,100,CLOSED,CLOSED,CLOSED,0,3,0,0,0
2026-05-01 02:44:56,9600,7.12,100.0,4.21,83.8,7,100,CLOSED,CLOSED,CLOSED,0,3,0,0,0
2026-05-01 02:45:56,9660,7.09,100.0,4.21,83.8,7,100,CLOSED,CLOSED,CLOSED,0,3,0,0,0
2026-05-01 02:46:56,9720,7.07,100.0,4.20,83.8,7,100,CLOSED,CLOSED,CLOSED,0,3,0,0,0
2026-05-01 02:47:56,9780,7.05,100.0,4.19,83.9,7,100,CLOSED,CLOSED,CLOSED,0,3,0,0,0
2026-05-01 02:48:56,9840,7.02,100.0,4.19,83.9,7,100,CLOSED,CLOSED,CLOSED,0,3,0,0,0
2026-05-01 02:49:56,9900,7.00,100.0,4.18,83.9,7,100,CLOSED,CLOSED,CLOSED,0,3,0,0,0
2026-05-01 02:50:56,9960,6.97,100.0,4.14,84.0,7,100,CLOSED,CLOSED,CLOSED,0,3,0,0,0
2026-05-01 02:51:56,10020,6.95,100.0,4.10,84.1,7,100,CLOSED,CLOSED,CLOSED,0,3,0,0,0
2026-05-01 02:52:56,10080,6.93,100.0,4.05,84.2,7,100,CLOSED,CLOSED,CLOSED,0,3,0,0,0
2026-05-01 02:53:56,10140,6.90,100.0,4.01,84.3,7,100,CLOSED,CLOSED,CLOSED,0,3,0,0,0
2026-05-01 02:54:56,10200,6.88,100.0,3.96,84.4,7,100,CLOSED,CLOSED,CLOSED,0,3,0,0,0
2026-05-01 02:55:56,10260,6.85,100.0,3.92,84.5,7,100,CLOSED,CLOSED,CLOSED,0,3,0,0,0
2026-05-01 02:56:56,10320,6.83,100.0,3.87,84.6,7,100,CLOSED,CLOSED,CLOSED,0,3,0,0,0
2026-05-01 02:57:56,10380,6.80,100.0,3.83,84.7,7,100,CLOSED,CLOSED,CLOSED,0,3,0,0,0
2026-05-01 02:58:56,10440,6.78,100.0,3.78,84.9,7,100,CLOSED,CLOSED,CLOSED,0,3,0,0,0
2026-05-01 02:59:56,10500,6.75,100.0,3.74,85.0,7,100,CLOSED,CLOSED,CLOSED,0,3,0,0,0
2026-05-01 03:00:56,10560,6.73,100.0,3.69,85.1,7,100,CLOSED,CLOSED,CLOSED,0,3,0,0,0
2026-05-01 03:01:56,10620,6.70,100.0,3.65,85.2,7,100,CLOSED,CLOSED,CLOSED,0,3,0,0,0
2026-05-01 03:02:56,10680,6.68,100.0,3.60,85.3,7,100,CLOSED,CLOSED,CLOSED,0,3,0,0,0
2026-05-01 03:03:56,10740,6.65,100.0,3.56,85.4,7,100,CLOSED,CLOSED,CLOSED,0,3,0,0,0
2026-05-01 03:04:56,10800,6.63,100.0,3.51,85.5,7,100,CLOSED,CLOSED,CLOSED,0,3,0,0,0
2026-05-01 03:05:56,10860,6.60,100.0,3.50,85.6,7,100,CLOSED,CLOSED,CLOSED,0,3,0,0,0
2026-05-01 03:06:56,10920,6.57,100.0,3.50,85.6,7,100,CLOSED,CLOSED,CLOSED,0,3,0,0,0
2026-05-01 03:07:56,10980,6.55,100.0,3.49,85.7,7,100,CLOSED,CLOSED,CLOSED,0,3,0,0,0
2026-05-01 03:08:56,11040,6.52,100.0,3.49,85.7,7,100,CLOSED,CLOSED,CLOSED,0,3,0,0,0
2026-05-01 03:09:56,11100,6.50,100.0,3.48,85.8,7,100,CLOSED,CLOSED,CLOSED,0,3,0,0,0
2026-05-01 03:10:56,11160,6.47,100.0,3.48,85.8,7,100,CLOSED,CLOSED,CLOSED,0,3,0,0,0
2026-05-01 03:11:56,11220,6.45,100.0,3.47,85.9,7,100,CLOSED,CLOSED,CLOSED,0,3,0,0,0
2026-05-01 03:12:56,11280,6.42,100.0,3.47,85.9,7,100,CLOSED,CLOSED,CLOSED,0,3,0,0,0
2026-05-01 03:13:56,11340,6.40,100.0,3.46,86.0,6,100,CLOSED,CLOSED,CLOSED,0,3,0,0,0
2026-05-01 03:14:56,11400,6.37,100.0,3.46,86.0,6,100,CLOSED,CLOSED,CLOSED,0,3,0,0,0
2026-05-01 03:15:56,11460,6.35,100.0,3.45,86.1,6,100,CLOSED,CLOSED,CLOSED,0,3,0,0,0
2026-05-01 03:16:56,11520,6.33,100.0,3.45,86.1,6,100,CLOSED,CLOSED,CLOSED,0,3,0,0,0
2026-05-01 03:17:56,11580,6.30,100.0,3.44,86.2,6,100,CLOSED,CLOSED,CLOSED,0,3,0,0,0
2026-05-01 03:18:56,11640,6.28,100.0,3.44,86.2,6,100,CLOSED,CLOSED,CLOSED,0,3,0,0,0
2026-05-01 03:19:56,11700,6.25,100.0,3.43,86.3,6,100,CLOSED,CLOSED,CLOSED,0,3,0,0,0
2026-05-01 03:20:56,11760,6.23,100.0,3.42,86.3,6,100,CLOSED,CLOSED,CLOSED,0,3,0,0,0
2026-05-01 03:21:56,11820,6.21,100.0,3.41,86.3,6,100,CLOSED,CLOSED,CLOSED,0,3,0,0,0
2026-05-01 03:22:56,11880,6.18,100.0,3.40,86.2,6,100,CLOSED,CLOSED,CLOSED,0,3,0,0,0
2026-05-01 03:23:56,11940,6.16,100.0,3.39,86.2,6,100,CLOSED,CLOSED,CLOSED,0,3,0,0,0
2026-05-01 03:24:56,12000,6.14,100.0,3.38,86.2,6,100,CLOSED,CLOSED,CLOSED,0,3,0,0,0
2026-05-01 03:25:56,12060,6.11,100.0,3.37,86.2,6,100,CLOSED,CLOSED,CLOSED,0,3,0,0,0
2026-05-01 03:26:56,12120,6.09,100.0,3.36,86.2,6,100,CLOSED,CLOSED,CLOSED,0,3,0,0,0
2026-05-01 03:27:56,12180,6.07,100.0,3.35,86.1,6,100,CLOSED,CLOSED,CLOSED,0,3,0,0,0
2026-05-01 03:28:56,12240,6.05,100.0,3.33,86.1,6,100,CLOSED,CLOSED,CLOSED,0,3,0,0,0
2026-05-01 03:29:56,12300,6.02,100.0,3.32,86.1,6,100,CLOSED,CLOSED,CLOSED,0,3,0,0,0
2026-05-01 03:30:56,12360,6.00,100.0,3.31,86.1,6,100,CLOSED,CLOSED,CLOSED,0,3,0,0,0
2026-05-01 03:31:56,12420,5.98,100.0,3.30,86.1,6,100,CLOSED,CLOSED,CLOSED,0,3,0,0,0
2026-05-01 03:32:56,12480,5.96,100.0,3.29,86.0,6,100,CLOSED,CLOSED,CLOSED,0,3,0,0,0
2026-05-01 03:33:56,12540,5.93,100.0,3.28,86.0,6,100,CLOSED,CLOSED,CLOSED,0,3,0,0,0
2026-05-01 03:34:56,12600,5.91,100.0,3.27,86.0,6,100,CLOSED,CLOSED,CLOSED,0,3,0,0,0
2026-05-01 03:35:56,12660,5.89,100.0,3.25,86.1,6,100,CLOSED,CLOSED,CLOSED,0,3,0,0,0
2026-05-01 03:36:56,12720,5.87,100.0,3.22,86.2,6,100,CLOSED,CLOSED,CLOSED,0,3,0,0,0
2026-05-01 03:37:56,12780,5.85,100.0,3.20,86.3,6,100,CLOSED,CLOSED,CLOSED,0,3,0,0,0
2026-05-01 03:38:56,12840,5.82,100.0,3.18,86.4,6,100,CLOSED,CLOSED,CLOSED,0,3,0,0,0
2026-05-01 03:39:56,12900,5.80,100.0,3.16,86.5,6,100,CLOSED,CLOSED,CLOSED,0,3,0,0,0
2026-05-01 03:40:56,12960,5.78,100.0,3.13,86.6,6,100,CLOSED,CLOSED,CLOSED,0,3,0,0,0
2026-05-01 03:41:56,13020,5.76,100.0,3.11,86.7,6,100,CLOSED,CLOSED,CLOSED,0,3,0,0,0
2026-05-01 03:42:56,13080,5.74,100.0,3.09,86.8,6,100,CLOSED,CLOSED,CLOSED,0,3,0,0,0
2026-05-01 03:43:56,13140,5.71,100.0,3.07,86.9,6,100,CLOSED,CLOSED,CLOSED,0,3,0,0,0
2026-05-01 03:44:56,13200,5.69,100.0,3.04,87.0,6,100,CLOSED,CLOSED,CLOSED,0,3,0,0,0
2026-05-01 03:45:56,13260,5.67,100.0,3.02,87.1,6,100,CLOSED,CLOSED,CLOSED,0,3,0,0,0
2026-05-01 03:46:56,13320,5.65,100.0,3.00,87.2,6,100,CLOSED,CLOSED,CLOSED,0,3,0,0,0
2026-05-01 03:47:56,13380,5.62,100.0,2.98,87.3,6,100,CLOSED,CLOSED,CLOSED,0,3,0,0,0
2026-05-01 03:48:56,13440,5.60,100.0,2.95,87.3,6,100,CLOSED,CLOSED,CLOSED,0,3,0,0,0
2026-05-01 03:49:56,13500,5.58,100.0,2.93,87.4,6,100,CLOSED,CLOSED,CLOSED,0,3,0,0,0
2026-05-01 03:50:56,13560,5.56,100.0,2.91,87.5,6,100,CLOSED,CLOSED,CLOSED,0,3,0,0,0
2026-05-01 03:51:56,13620,5.54,100.0,2.89,87.6,6,100,CLOSED,CLOSED,CLOSED,0,3,0,0,0
2026-05-01 03:52:56,13680,5.51,100.0,2.86,87.7,6,100,CLOSED,CLOSED,CLOSED,0,3,0,0,0
2026-05-01 03:53:56,13740,5.49,100.0,2.84,87.8,6,100,CLOSED,CLOSED,CLOSED,0,3,0,0,0
2026-05-01 03:54:56,13800,5.47,100.0,2.82,87.9,6,100,CLOSED,CLOSED,CLOSED,0,3,0,0,0
2026-05-01 03:55:56,13860,5.45,100.0,2.80,88.0,6,100,CLOSED,CLOSED,CLOSED,0,3,0,0,0
2026-05-01 03:56:56,13920,5.43,100.0,2.77,88.1,6,100,CLOSED,CLOSED,CLOSED,0,3,0,0,0
2026-05-01 03:57:56,13980,5.40,100.0,2.75,88.2,5,100,CLOSED,CLOSED,CLOSED,0,3,0,0,0
2026-05-01 03:58:56,14040,5.38,100.0,2.73,88.3,5,100,CLOSED,CLOSED,CLOSED,0,3,0,0,0
2026-05-01 03:59:56,14100,5.36,100.0,2.71,88.4,5,100,CLOSED,CLOSED,CLOSED,0,3,0,0,0
2026-05-01 04:00:56,14160,5.34,100.0,2.68,88.5,5,100,CLOSED,CLOSED,CLOSED,0,3,0,0,0
2026-05-01 04:01:56,14220,5.31,100.0,2.66,88.6,5,100,CLOSED,CLOSED,CLOSED,0,3,0,0,0
2026-05-01 04:02:56,14280,5.29,100.0,2.64,88.7,5,100,CLOSED,CLOSED,CLOSED,0,3,0,0,0
2026-05-01 04:03:56,14340,5.27,100.0,2.62,88.8,5,100,CLOSED,CLOSED,CLOSED,0,3,0,0,0
2026-05-01 04:04:56,14400,5.25,100.0,2.59,88.9,5,100,CLOSED,CLOSED,CLOSED,0,3,0,0,0
2026-05-01 04:05:56,14460,5.23,100.0,2.60,88.9,5,100,CLOSED,CLOSED,CLOSED,0,3,0,0,0
2026-05-01 04:06:56,14520,5.20,100.0,2.61,88.9,5,100,CLOSED,CLOSED,CLOSED,0,3,0,0,0
2026-05-01 04:07:56,14580,5.18,100.0,2.62,88.9,5,100,CLOSED,CLOSED,CLOSED,0,3,0,0,0
2026-05-01 04:08:56,14640,5.16,100.0,2.63,88.9,5,100,CLOSED,CLOSED,CLOSED,0,3,0,0,0
2026-05-01 04:09:56,14700,5.14,100.0,2.64,88.9,5,100,CLOSED,CLOSED,CLOSED,0,3,0,0,0
2026-05-01 04:10:56,14760,5.12,100.0,2.65,88.9,5,100,CLOSED,CLOSED,CLOSED,0,3,0,1,0
2026-05-01 04:11:56,14820,5.10,100.0,2.65,88.9,5,100,CLOSED,CLOSED,CLOSED,0,3,0,1,0
2026-05-01 04:12:56,14880,5.08,100.0,2.66,88.9,5,100,CLOSED,CLOSED,CLOSED,0,3,0,1,0
2026-05-01 04:13:56,14940,5.06,100.0,2.67,88.9,5,100,CLOSED,CLOSED,CLOSED,0,3,0,1,0
2026-05-01 04:14:56,15000,5.04,100.0,2.68,88.9,5,100,CLOSED,CLOSED,CLOSED,0,3,0,1,0
2026-05-01 04:15:56,15060,5.02,100.0,2.69,88.9,5,100,CLOSED,CLOSED,CLOSED,0,3,0,1,0
2026-05-01 04:16:56,15120,5.00,100.0,2.70,88.9,5,100,CLOSED,CLOSED,CLOSED,0,3,0,1,0
2026-05-01 04:17:56,15180,4.98,100.0,2.71,88.9,5,100,CLOSED,CLOSED,CLOSED,0,3,0,1,0
2026-05-01 04:18:56,15240,4.96,100.0,2.72,88.9,5,100,CLOSED,CLOSED,CLOSED,0,3,0,1,0
2026-05-01 04:19:56,15300,4.95,100.0,2.73,88.9,5,100,CLOSED,CLOSED,CLOSED,0,3,0,1,0
2026-05-01 04:20:56,15360,4.93,100.0,2.71,88.9,5,100,CLOSED,CLOSED,CLOSED,0,3,0,1,0
2026-05-01 04:21:56,15420,4.91,100.0,2.68,88.8,5,100,CLOSED,CLOSED,CLOSED,0,3,0,1,0
2026-05-01 04:22:56,15480,4.89,100.0,2.66,88.8,5,100,CLOSED,CLOSED,CLOSED,0,3,0,1,0
2026-05-01 04:23:56,15540,4.87,100.0,2.63,88.7,5,100,CLOSED,CLOSED,CLOSED,0,3,0,1,0
2026-05-01 04:24:56,15600,4.86,100.0,2.61,88.7,5,100,CLOSED,CLOSED,CLOSED,0,3,0,1,0
2026-05-01 04:25:56,15660,4.84,100.0,2.58,88.7,5,100,CLOSED,CLOSED,CLOSED,0,3,0,1,0
2026-05-01 04:26:56,15720,4.82,100.0,2.56,88.6,5,100,CLOSED,CLOSED,CLOSED,0,3,0,1,0
2026-05-01 04:27:56,15780,4.80,100.0,2.53,88.6,5,100,CLOSED,CLOSED,CLOSED,0,3,0,1,0
2026-05-01 04:28:56,15840,4.79,100.0,2.51,88.5,5,100,CLOSED,CLOSED,CLOSED,0,3,0,1,0
2026-05-01 04:29:56,15900,4.77,100.0,2.48,88.5,5,100,CLOSED,CLOSED,CLOSED,0,3,0,1,0
2026-05-01 04:30:56,15960,4.75,100.0,2.46,88.5,5,100,CLOSED,CLOSED,CLOSED,0,3,0,1,0
2026-05-01 04:31:56,16020,4.74,100.0,2.43,88.4,5,100,CLOSED,CLOSED,CLOSED,0,3,0,1,0
2026-05-01 04:32:56,16080,4.72,100.0,2.41,88.4,5,100,CLOSED,CLOSED,CLOSED,0,3,0,1,0
2026-05-01 04:33:56,16140,4.70,100.0,2.38,88.3,5,100,CLOSED,CLOSED,CLOSED,0,3,0,1,0
2026-05-01 04:34:56,16200,4.69,100.0,2.36,88.3,5,100,CLOSED,CLOSED,CLOSED,0,3,0,1,0
2026-05-01 04:35:56,16260,4.67,100.0,2.43,88.2,5,100,CLOSED,CLOSED,CLOSED,0,3,0,1,0
2026-05-01 04:36:56,16320,4.66,100.0,2.51,88.2,5,100,CLOSED,CLOSED,CLOSED,0,3,0,1,0
2026-05-01 04:37:56,16380,4.65,100.0,2.58,88.1,5,100,CLOSED,CLOSED,CLOSED,0,3,0,1,0
2026-05-01 04:38:56,16440,4.63,100.0,2.66,88.1,5,100,CLOSED,CLOSED,CLOSED,0,3,0,1,0
2026-05-01 04:39:56,16500,4.62,100.0,2.73,88.0,5,100,CLOSED,CLOSED,CLOSED,0,3,0,1,0
2026-05-01 04:40:56,16560,4.61,100.0,2.81,87.9,5,100,CLOSED,CLOSED,CLOSED,0,3,0,1,0
2026-05-01 04:41:56,16620,4.60,100.0,2.88,87.9,5,100,CLOSED,CLOSED,CLOSED,0,3,0,1,0
2026-05-01 04:42:56,16680,4.59,100.0,2.96,87.8,5,100,CLOSED,CLOSED,CLOSED,0,3,0,1,0
2026-05-01 04:43:56,16740,4.59,100.0,3.03,87.8,5,100,CLOSED,CLOSED,CLOSED,0,3,0,1,0
2026-05-01 04:44:56,16800,4.58,100.0,3.10,87.7,5,100,CLOSED,CLOSED,CLOSED,0,3,0,1,0
2026-05-01 04:45:56,16860,4.58,100.0,3.18,87.6,5,100,CLOSED,CLOSED,CLOSED,0,3,0,1,0
2026-05-01 04:46:56,16920,4.57,100.0,3.25,87.6,5,100,CLOSED,CLOSED,CLOSED,0,3,0,1,0
2026-05-01 04:47:56,16980,4.57,100.0,3.33,87.5,5,100,CLOSED,CLOSED,CLOSED,0,3,0,1,0
2026-05-01 04:48:56,17040,4.57,100.0,3.40,87.5,5,100,CLOSED,CLOSED,CLOSED,0,3,0,1,0
2026-05-01 04:49:56,17100,4.57,100.0,3.48,87.4,5,100,CLOSED,CLOSED,CLOSED,0,3,0,1,0
2026-05-01 04:50:56,17160,4.57,100.0,3.55,87.3,5,100,CLOSED,CLOSED,CLOSED,0,3,0,1,0
2026-05-01 04:51:56,17220,4.57,100.0,3.62,87.3,5,100,CLOSED,CLOSED,CLOSED,0,3,0,1,0
2026-05-01 04:52:56,17280,4.57,100.0,3.70,87.2,5,100,CLOSED,CLOSED,CLOSED,0,3,0,1,0
2026-05-01 04:53:56,17340,4.58,100.0,3.77,87.2,5,100,CLOSED,CLOSED,CLOSED,0,3,0,1,0
2026-05-01 04:54:56,17400,4.58,100.0,3.85,87.1,5,100,CLOSED,CLOSED,CLOSED,0,3,0,1,0
2026-05-01 04:55:56,17460,4.59,100.0,3.92,87.0,5,100,CLOSED,CLOSED,CLOSED,0,3,0,1,0
2026-05-01 04:56:56,17520,4.59,100.0,4.00,87.0,5,100,CLOSED,CLOSED,CLOSED,0,3,0,1,0
2026-05-01 04:57:56,17580,4.60,100.0,4.07,86.9,5,100,CLOSED,CLOSED,CLOSED,0,3,0,1,0
2026-05-01 04:58:56,17640,4.61,100.0,4.15,86.9,5,100,CLOSED,CLOSED,CLOSED,0,3,0,1,0
2026-05-01 04:59:56,17700,4.62,100.0,4.22,86.8,5,100,CLOSED,CLOSED,CLOSED,0,3,0,1,0
2026-05-01 05:00:56,17760,4.63,100.0,4.29,86.7,5,100,CLOSED,CLOSED,CLOSED,0,3,0,1,0
2026-05-01 05:01:56,17820,4.64,100.0,4.37,86.7,5,100,CLOSED,CLOSED,CLOSED,0,3,0,1,0
2026-05-01 05:02:56,17880,4.66,100.0,4.44,86.6,5,100,CLOSED,CLOSED,CLOSED,0,3,0,1,0
2026-05-01 05:03:56,17940,4.67,100.0,4.52,86.6,5,100,CLOSED,CLOSED,CLOSED,0,3,0,1,0
2026-05-01 05:04:56,18000,4.69,100.0,4.59,86.5,5,100,CLOSED,CLOSED,CLOSED,0,3,0,1,0
2026-05-01 05:05:56,18060,4.70,100.0,4.69,86.2,5,100,CLOSED,CLOSED,CLOSED,0,3,0,1,0
2026-05-01 05:06:56,18120,4.72,100.0,4.78,85.8,5,100,CLOSED,CLOSED,CLOSED,0,3,0,1,0
2026-05-01 05:07:56,18180,4.74,100.0,4.88,85.4,5,100,CLOSED,CLOSED,CLOSED,0,3,0,1,0
2026-05-01 05:08:56,18240,4.76,100.0,4.98,85.0,5,100,CLOSED,CLOSED,CLOSED,0,3,0,1,0
2026-05-01 05:09:56,18300,4.78,100.0,5.08,84.7,5,100,CLOSED,CLOSED,CLOSED,0,3,0,1,0
2026-05-01 05:10:56,18360,4.81,100.0,5.18,84.3,5,100,CLOSED,CLOSED,CLOSED,0,3,0,1,0
2026-05-01 05:11:56,18420,4.83,100.0,5.27,83.9,5,100,CLOSED,CLOSED,CLOSED,0,3,0,1,0
2026-05-01 05:12:56,18480,4.86,100.0,5.37,83.5,5,100,CLOSED,CLOSED,CLOSED,0,3,0,1,0
2026-05-01 05:13:56,18540,4.88,100.0,5.47,83.2,5,100,CLOSED,CLOSED,CLOSED,0,3,0,1,0
2026-05-01 05:14:56,18600,4.91,100.0,5.57,82.8,5,100,CLOSED,CLOSED,CLOSED,0,3,0,1,0
2026-05-01 05:15:56,18660,4.94,100.0,5.67,82.4,5,100,CLOSED,CLOSED,CLOSED,0,3,0,1,0
2026-05-01 05:16:56,18720,4.97,100.0,5.76,82.0,5,100,CLOSED,CLOSED,CLOSED,0,3,0,1,0
2026-05-01 05:17:56,18780,5.00,100.0,5.86,81.6,5,100,CLOSED,CLOSED,CLOSED,0,3,0,1,0
2026-05-01 05:18:56,18840,5.04,100.0,5.96,81.3,5,100,CLOSED,CLOSED,CLOSED,0,3,0,1,0
2026-05-01 05:19:56,18900,5.07,100.0,6.06,80.9,5,100,CLOSED,CLOSED,CLOSED,0,3,0,1,0
2026-05-01 05:20:56,18960,5.11,100.0,6.16,80.5,5,100,CLOSED,CLOSED,CLOSED,0,3,0,1,0
2026-05-01 05:21:56,19020,5.15,100.0,6.25,80.1,5,100,CLOSED,CLOSED,CLOSED,0,3,0,1,0
2026-05-01 05:22:56,19080,5.18,100.0,6.35,79.8,5,100,CLOSED,CLOSED,CLOSED,0,3,0,1,0
2026-05-01 05:23:56,19140,5.22,100.0,6.45,79.4,5,100,CLOSED,CLOSED,CLOSED,0,3,0,1,0
2026-05-01 05:24:56,19200,5.27,100.0,6.55,79.0,5,100,CLOSED,CLOSED,CLOSED,0,3,0,1,0
2026-05-01 05:25:56,19260,5.31,100.0,6.65,78.6,5,100,CLOSED,CLOSED,CLOSED,0,3,0,1,0
2026-05-01 05:26:56,19320,5.35,100.0,6.74,78.3,5,100,CLOSED,CLOSED,CLOSED,0,3,0,1,0
2026-05-01 05:27:56,19380,5.40,100.0,6.84,77.9,5,100,CLOSED,CLOSED,CLOSED,0,3,0,1,0
2026-05-01 05:28:56,19440,5.44,100.0,6.94,77.5,5,100,CLOSED,CLOSED,CLOSED,0,3,0,1,0
2026-05-01 05:29:56,19500,5.49,100.0,7.04,77.1,5,100,CLOSED,CLOSED,CLOSED,0,3,0,1,0
2026-05-01 05:30:56,19560,5.54,100.0,7.14,76.8,5,100,CLOSED,CLOSED,CLOSED,0,3,0,1,0
2026-05-01 05:31:56,19620,5.59,100.0,7.23,76.4,5,100,CLOSED,CLOSED,CLOSED,0,3,0,1,0
2026-05-01 05:32:56,19680,5.64,100.0,7.33,76.0,5,100,CLOSED,CLOSED,CLOSED,0,3,0,1,0
2026-05-01 05:33:56,19740,5.69,100.0,7.43,75.6,5,100,CLOSED,CLOSED,CLOSED,0,3,0,1,0
2026-05-01 05:34:56,19800,5.75,100.0,7.53,75.2,6,100,CLOSED,CLOSED,CLOSED,0,3,0,1,0
2026-05-01 05:35:56,19860,5.80,100.0,7.60,74.9,6,100,CLOSED,CLOSED,CLOSED,0,3,0,1,0
2026-05-01 05:36:56,19920,5.86,100.0,7.68,74.6,6,100,CLOSED,CLOSED,CLOSED,0,3,0,1,0
2026-05-01 05:37:56,19980,5.91,100.0,7.75,74.3,6,100,CLOSED,CLOSED,CLOSED,0,3,0,1,0
2026-05-01 05:38:56,20040,5.97,100.0,7.82,74.1,6,100,CLOSED,CLOSED,CLOSED,0,3,0,1,0
2026-05-01 05:39:56,20100,6.03,100.0,7.90,73.8,6,100,CLOSED,CLOSED,CLOSED,0,3,0,1,0
2026-05-01 05:40:56,20160,6.09,100.0,7.97,73.5,6,100,CLOSED,CLOSED,CLOSED,0,3,0,1,0
2026-05-01 05:41:56,20220,6.15,100.0,8.04,73.2,6,100,CLOSED,CLOSED,CLOSED,0,3,0,1,0
2026-05-01 05:42:56,20280,6.22,100.0,8.12,72.9,6,100,CLOSED,CLOSED,CLOSED,0,3,0,1,0
2026-05-01 05:43:56,20340,6.28,100.0,8.19,72.6,6,100,CLOSED,CLOSED,CLOSED,0,3,0,1,0
2026-05-01 05:44:56,20400,6.34,100.0,8.26,72.3,6,100,CLOSED,CLOSED,CLOSED,0,3,0,1,0
2026-05-01 05:45:56,20460,6.41,100.0,8.34,72.0,6,100,CLOSED,CLOSED,CLOSED,0,3,0,1,0
2026-05-01 05:46:56,20520,6.48,100.0,8.41,71.7,6,100,CLOSED,CLOSED,CLOSED,0,3,0,1,0
2026-05-01 05:47:56,20580,6.54,100.0,8.48,71.4,6,100,CLOSED,CLOSED,CLOSED,0,3,0,1,0
2026-05-01 05:48:56,20640,6.61,100.0,8.56,71.1,6,100,CLOSED,CLOSED,CLOSED,0,3,0,1,0
2026-05-01 05:49:56,20700,6.68,100.0,8.63,70.8,6,100,CLOSED,CLOSED,CLOSED,0,3,0,1,0
2026-05-01 05:50:56,20760,6.75,100.0,8.74,70.4,7,100,CLOSED,CLOSED,CLOSED,0,3,0,1,0
2026-05-01 05:51:56,20820,6.83,100.0,8.85,69.9,7,100,CLOSED,CLOSED,CLOSED,0,3,0,1,0
2026-05-01 05:52:56,20880,6.90,100.0,8.97,69.5,7,100,CLOSED,CLOSED,CLOSED,0,3,0,1,0
2026-05-01 05:53:56,20940,6.97,100.0,9.08,69.0,7,100,CLOSED,CLOSED,CLOSED,0,3,0,1,0
2026-05-01 05:54:56,21000,7.05,100.0,9.19,68.6,7,100,CLOSED,CLOSED,CLOSED,0,3,0,1,0
2026-05-01 05:55:56,21060,7.13,100.0,9.30,68.1,7,100,CLOSED,CLOSED,CLOSED,0,3,0,1,0
2026-05-01 05:56:56,21120,7.21,100.0,9.42,67.7,7,100,CLOSED,CLOSED,CLOSED,0,3,0,1,0
2026-05-01 05:57:56,21180,7.29,100.0,9.53,67.3,7,100,CLOSED,CLOSED,CLOSED,0,3,0,1,0
2026-05-01 05:58:56,21240,7.37,100.0,9.64,66.8,7,100,CLOSED,CLOSED,CLOSED,0,3,0,1,0
2026-05-01 05:59:56,21300,7.45,100.0,9.75,66.4,7,100,CLOSED,CLOSED,CLOSED,0,3,0,1,0
2026-05-01 06:00:56,21360,7.54,100.0,9.87,65.9,7,100,CLOSED,CLOSED,CLOSED,0,3,0,1,0
2026-05-01 06:01:56,21420,7.62,100.0,9.98,65.5,7,100,CLOSED,CLOSED,CLOSED,0,3,0,1,0
2026-05-01 06:02:56,21480,7.71,100.0,10.09,65.0,7,100,CLOSED,CLOSED,CLOSED,0,3,0,1,0
2026-05-01 06:03:56,21540,7.80,100.0,10.20,64.6,7,100,CLOSED,CLOSED,CLOSED,0,3,0,1,0
2026-05-01 06:04:56,21600,7.89,100.0,10.32,64.2,8,100,CLOSED,CLOSED,CLOSED,0,3,0,1,0
2026-05-01 06:05:56,21660,7.98,100.0,10.44,63.9,8,100,CLOSED,CLOSED,CLOSED,0,3,0,1,0
2026-05-01 06:06:56,21720,8.08,100.0,10.57,63.7,8,100,CLOSED,CLOSED,CLOSED,0,3,0,1,0
2026-05-01 06:07:56,21780,8.17,100.0,10.70,63.5,8,100,CLOSED,CLOSED,CLOSED,0,3,0,1,0
2026-05-01 06:08:56,21840,8.27,100.0,10.82,63.3,8,100,CLOSED,CLOSED,CLOSED,0,3,0,1,0
2026-05-01 06:09:56,21900,8.36,100.0,10.95,63.1,8,100,CLOSED,CLOSED,CLOSED,0,3,0,1,0
2026-05-01 06:10:56,21960,8.46,100.0,11.08,62.9,8,100,CLOSED,CLOSED,CLOSED,0,3,0,1,0
2026-05-01 06:11:56,22020,8.56,100.0,11.20,62.7,8,100,CLOSED,CLOSED,CLOSED,0,3,0,1,0
2026-05-01 06:12:56,22080,8.66,100.0,11.33,62.5,8,100,CLOSED,CLOSED,CLOSED,0,3,0,1,0
2026-05-01 06:13:56,22140,8.77,100.0,11.46,62.2,8,100,CLOSED,CLOSED,CLOSED,0,3,0,1,0
2026-05-01 06:14:56,22200,8.87,100.0,11.59,62.0,8,100,CLOSED,CLOSED,CLOSED,0,3,0,1,0
2026-05-01 06:15:56,22260,8.98,100.0,11.71,61.8,9,100,CLOSED,CLOSED,CLOSED,0,3,0,1,0
2026-05-01 06:16:56,22320,9.08,100.0,11.84,61.6,9,100,CLOSED,CLOSED,CLOSED,0,3,0,1,0
2026-05-01 06:17:56,22380,9.19,100.0,11.97,61.4,9,100,CLOSED,CLOSED,CLOSED,0,3,0,1,0
2026-05-01 06:18:56,22440,9.30,100.0,12.09,61.2,9,100,CLOSED,CLOSED,CLOSED,0,3,0,1,0
2026-05-01 06:19:56,22500,9.42,100.0,12.22,61.0,9,100,CLOSED,CLOSED,CLOSED,0,3,0,1,0
2026-05-01 06:20:56,22560,9.53,100.0,12.30,60.6,9,100,CLOSED,CLOSED,CLOSED,0,3,0,1,0
2026-05-01 06:21:56,22620,9.64,100.0,12.38,60.2,9,100,CLOSED,CLOSED,CLOSED,0,3,0,1,0
2026-05-01 06:22:56,22680,9.76,100.0,12.46,59.8,9,100,CLOSED,CLOSED,CLOSED,0,3,0,1,0
2026-05-01 06:23:56,22740,9.87,100.0,12.53,59.4,9,100,CLOSED,CLOSED,CLOSED,0,3,0,1,0
2026-05-01 06:24:56,22800,9.99,100.0,12.61,59.0,10,100,CLOSED,CLOSED,CLOSED,0,3,0,1,0
2026-05-01 06:25:56,22860,10.11,100.0,12.69,58.6,10,100,CLOSED,CLOSED,CLOSED,0,3,0,1,0
2026-05-01 06:26:56,22920,10.22,100.0,12.77,58.2,10,100,CLOSED,CLOSED,CLOSED,0,3,0,1,0
2026-05-01 06:27:56,22980,10.34,100.0,12.85,57.8,10,100,CLOSED,CLOSED,CLOSED,0,3,0,1,0
2026-05-01 06:28:56,23040,10.46,100.0,12.93,57.4,10,100,CLOSED,CLOSED,CLOSED,0,3,0,1,0
2026-05-01 06:29:56,23100,10.59,100.0,13.01,57.0,10,100,CLOSED,CLOSED,CLOSED,0,3,0,1,0
2026-05-01 06:30:56,23160,10.71,100.0,13.09,56.6,10,100,CLOSED,CLOSED,CLOSED,0,3,0,1,0
2026-05-01 06:31:56,23220,10.83,100.0,13.16,56.2,10,100,CLOSED,CLOSED,CLOSED,0,3,0,1,0
2026-05-01 06:32:56,23280,10.96,100.0,13.24,55.8,11,100,CLOSED,CLOSED,CLOSED,0,3,0,1,0
2026-05-01 06:33:56,23340,11.08,100.0,13.32,55.4,11,100,CLOSED,CLOSED,CLOSED,0,3,0,1,0
2026-05-01 06:34:56,23400,11.21,100.0,13.40,55.0,11,100,CLOSED,CLOSED,CLOSED,0,3,0,1,0
2026-05-01 06:35:56,23460,11.33,100.0,13.46,54.6,11,100,CLOSED,CLOSED,CLOSED,0,3,0,1,0
2026-05-01 06:36:56,23520,11.46,100.0,13.51,54.2,11,100,CLOSED,CLOSED,CLOSED,0,3,0,1,0
2026-05-01 06:37:56,23580,11.59,100.0,13.57,53.8,11,100,CLOSED,CLOSED,CLOSED,0,3,0,1,0
2026-05-01 06:38:56,23640,11.72,100.0,13.62,53.5,11,100,CLOSED,CLOSED,CLOSED,0,3,0,1,0
2026-05-01 06:39:56,23700,11.85,100.0,13.68,53.1,11,100,CLOSED,CLOSED,CLOSED,0,3,0,1,0
2026-05-01 06:40:56,23760,11.98,100.0,13.73,52.7,12,100,CLOSED,CLOSED,CLOSED,0,3,0,1,0
2026-05-01 06:41:56,23820,12.11,100.0,13.79,52.3,12,100,CLOSED,CLOSED,CLOSED,0,3,0,1,0
2026-05-01 06:42:56,23880,12.25,100.0,13.84,51.9,12,100,CLOSED,CLOSED,CLOSED,0,3,0,1,0
2026-05-01 06:43:56,23940,12.38,100.0,13.90,51.5,12,100,CLOSED,CLOSED,CLOSED,0,3,0,1,0
2026-05-01 06:44:56,24000,12.51,100.0,13.95,51.1,12,100,CLOSED,CLOSED,CLOSED,0,3,0,1,0
2026-05-01 06:45:56,24060,12.65,100.0,14.01,50.8,12,100,CLOSED,CLOSED,CLOSED,0,3,0,1,0
2026-05-01 06:46:56,24120,12.78,100.0,14.07,50.4,12,100,CLOSED,CLOSED,CLOSED,0,3,0,1,0
2026-05-01 06:47:56,24180,12.92,100.0,14.12,50.0,12,100,CLOSED,CLOSED,CLOSED,0,3,0,1,0
2026-05-01 06:48:56,24240,13.06,100.0,14.18,49.6,13,100,CLOSED,CLOSED,CLOSED,0,3,0,1,0
2026-05-01 06:49:56,24300,13.20,100.0,14.23,49.2,13,100,CLOSED,CLOSED,CLOSED,0,3,0,1,0
2026-05-01 06:50:56,24360,13.33,100.0,14.29,48.8,13,100,CLOSED,CLOSED,CLOSED,0,3,0,1,0
2026-05-01 06:51:56,24420,13.47,100.0,14.34,48.5,13,100,CLOSED,CLOSED,CLOSED,0,3,0,1,0
2026-05-01 06:52:56,24480,13.61,100.0,14.40,48.1,13,100,CLOSED,CLOSED,CLOSED,0,3,0,1,0
2026-05-01 06:53:56,24540,13.75,100.0,14.45,47.7,13,100,CLOSED,CLOSED,CLOSED,0,3,0,1,0
2026-05-01 06:54:56,24600,13.90,100.0,14.51,47.3,13,100,CLOSED,CLOSED,CLOSED,0,3,0,1,0
2026-05-01 06:55:56,24660,14.04,100.0,14.56,46.9,13,100,CLOSED,CLOSED,CLOSED,0,3,0,1,0
2026-05-01 06:56:56,24720,14.18,100.0,14.62,46.5,14,100,CLOSED,CLOSED,CLOSED,0,3,0,1,0
2026-05-01 06:57:56,24780,14.33,100.0,14.68,46.1,14,100,CLOSED,CLOSED,CLOSED,0,3,0,1,0
2026-05-01 06:58:56,24840,14.47,100.0,14.73,45.8,14,100,CLOSED,CLOSED,CLOSED,0,3,0,1,0
2026-05-01 06:59:56,24900,14.62,100.0,14.79,45.4,14,100,CLOSED,CLOSED,CLOSED,0,3,0,1,0
2026-05-01 07:00:56,24960,14.76,100.0,14.84,45.0,14,100,CLOSED,CLOSED,CLOSED,0,3,0,1,0
2026-05-01 07:01:56,25020,14.91,100.0,14.90,44.6,14,100,CLOSED,CLOSED,CLOSED,0,3,0,1,0
2026-05-01 07:02:56,25080,15.06,100.0,14.95,44.2,15,100,CLOSED,CLOSED,CLOSED,0,3,0,1,0
2026-05-01 07:03:56,25140,15.20,100.0,15.01,43.8,15,100,CLOSED,CLOSED,CLOSED,0,3,0,1,0
2026-05-01 07:04:56,25200,15.35,100.0,15.06,43.4,15,100,CLOSED,CLOSED,CLOSED,0,3,0,1,0
2026-05-01 07:05:56,25260,15.50,100.0,15.10,43.5,15,100,CLOSED,CLOSED,CLOSED,0,3,0,1,0
2026-05-01 07:06:56,25320,15.65,100.0,15.14,43.6,15,100,CLOSED,CLOSED,CLOSED,0,3,0,1,0
2026-05-01 07:07:56,25380,15.80,100.0,15.18,43.6,15,100,CLOSED,CLOSED,CLOSED,0,3,0,1,0
2026-05-01 07:08:56,25440,15.95,100.0,15.21,43.7,15,100,CLOSED,CLOSED,CLOSED,0,3,0,1,0
2026-05-01 07:09:56,25500,16.11,100.0,15.25,43.8,16,100,CLOSED,CLOSED,CLOSED,0,3,0,1,0
2026-05-01 07:10:56,25560,16.26,100.0,15.29,43.9,16,100,CLOSED,CLOSED,CLOSED,0,3,0,1,0
2026-05-01 07:11:56,25620,16.41,100.0,15.33,44.0,16,100,CLOSED,CLOSED,CLOSED,0,3,0,1,0
2026-05-01 07:12:56,25680,16.57,100.0,15.36,44.0,16,100,CLOSED,CLOSED,CLOSED,0,3,0,1,0
2026-05-01 07:13:56,25740,16.72,100.0,15.40,44.1,16,100,CLOSED,CLOSED,CLOSED,0,3,0,1,0
2026-05-01 07:14:56,25800,16.87,100.0,15.44,44.2,16,100,CLOSED,CLOSED,CLOSED,0,3,0,1,0
2026-05-01 07:15:56,25860,17.03,100.0,15.48,44.3,16,100,CLOSED,CLOSED,CLOSED,0,3,0,1,0
2026-05-01 07:16:56,25920,17.19,100.0,15.51,44.4,17,100,CLOSED,CLOSED,CLOSED,0,3,0,1,0
2026-05-01 07:17:56,25980,17.34,100.0,15.55,44.4,17,100,CLOSED,CLOSED,CLOSED,0,3,0,1,0
2026-05-01 07:18:56,26040,17.50,100.0,15.59,44.5,17,100,CLOSED,CLOSED,CLOSED,0,3,0,1,0
2026-05-01 07:19:56,26100,17.66,100.0,15.63,44.6,17,100,CLOSED,CLOSED,CLOSED,0,3,0,1,0
2026-05-01 07:20:56,26160,17.81,100.0,15.64,44.4,17,100,CLOSED,CLOSED,CLOSED,0,3,0,1,0
2026-05-01 07:21:56,26220,17.97,100.0,15.66,44.1,17,100,CLOSED,CLOSED,CLOSED,0,3,0,1,0
2026-05-01 07:22:56,26280,18.13,100.0,15.67,43.8,18,100,CLOSED,CLOSED,CLOSED,0,3,0,1,0
2026-05-01 07:23:56,26340,18.29,100.0,15.69,43.5,18,100,CLOSED,CLOSED,CLOSED,0,3,0,1,0
2026-05-01 07:24:56,26400,18.45,100.0,15.70,43.2,18,100,CLOSED,CLOSED,CLOSED,0,3,0,1,0
2026-05-01 07:25:56,26460,18.61,100.0,15.72,42.9,18,100,CLOSED,CLOSED,CLOSED,0,3,0,1,0
2026-05-01 07:26:56,26520,18.77,100.0,15.73,42.7,18,100,CLOSED,CLOSED,CLOSED,0,3,0,1,0
2026-05-01 07:27:56,26580,18.93,100.0,15.75,42.4,18,100,CLOSED,CLOSED,CLOSED,0,3,0,1,0
2026-05-01 07:28:56,26640,19.09,100.0,15.76,42.1,19,100,CLOSED,CLOSED,CLOSED,0,3,0,1,0
2026-05-01 07:29:56,26700,19.25,100.0,15.78,41.8,19,100,CLOSED,CLOSED,CLOSED,0,3,0,1,0
2026-05-01 07:30:56,26760,19.41,100.0,15.79,41.5,19,100,CLOSED,CLOSED,CLOSED,0,3,0,1,0
2026-05-01 07:31:56,26820,19.58,100.0,15.81,41.2,19,100,CLOSED,CLOSED,CLOSED,0,3,0,1,0
2026-05-01 07:32:56,26880,19.74,100.0,15.82,41.0,19,100,CLOSED,CLOSED,CLOSED,0,3,0,1,0
2026-05-01 07:33:56,26940,19.90,100.0,15.84,40.7,19,100,CLOSED,CLOSED,CLOSED,0,3,0,1,0
2026-05-01 07:34:56,27000,20.06,100.0,15.85,40.4,19,100,CLOSED,CLOSED,CLOSED,0,3,0,1,0
2026-05-01 07:35:56,27060,20.23,100.0,15.90,40.2,20,100,CLOSED,CLOSED,CLOSED,0,3,0,1,0
2026-05-01 07:36:56,27120,20.39,100.0,15.95,40.1,20,100,CLOSED,CLOSED,CLOSED,0,3,0,1,0
2026-05-01 07:37:56,27180,20.56,100.0,16.00,39.9,20,100,CLOSED,CLOSED,CLOSED,0,3,0,1,0
2026-05-01 07:38:56,27240,20.72,100.0,16.06,39.8,20,100,CLOSED,CLOSED,CLOSED,0,3,0,1,0
2026-05-01 07:39:56,27300,20.89,100.0,16.11,39.6,20,100,CLOSED,CLOSED,CLOSED,0,3,0,1,0
2026-05-01 07:40:56,27360,21.05,100.0,16.16,39.4,20,100,CLOSED,CLOSED,CLOSED,0,3,0,1,0
2026-05-01 07:41:56,27420,21.22,100.0,16.21,39.3,21,100,CLOSED,CLOSED,CLOSED,0,3,0,1,0
2026-05-01 07:42:56,27480,21.39,100.0,16.26,39.1,21,100,CLOSED,CLOSED,CLOSED,0,3,0,1,0
2026-05-01 07:43:56,27540,21.56,100.0,16.31,39.0,21,100,CLOSED,CLOSED,CLOSED,0,3,0,1,0
2026-05-01 07:44:56,27600,21.73,100.0,16.36,38.8,21,100,CLOSED,CLOSED,CLOSED,0,3,0,1,0
2026-05-01 07:45:56,27660,21.90,100.0,16.41,38.6,21,100,CLOSED,CLOSED,CLOSED,0,3,0,1,0
2026-05-01 07:46:56,27720,22.07,99.3,16.47,38.5,21,100,CLOSED,CLOSED,CLOSED,0,3,0,1,0
2026-05-01 07:47:56,27780,22.24,98.3,16.52,38.3,22,100,CLOSED,CLOSED,CLOSED,0,3,0,1,0
2026-05-01 07:48:56,27840,22.41,97.2,16.57,38.2,22,100,CLOSED,CLOSED,CLOSED,0,3,0,1,0
2026-05-01 07:49:56,27900,22.58,96.2,16.62,38.0,22,99,CLOSED,CLOSED,CLOSED,0,3,0,1,0
2026-05-01 07:50:56,27960,22.75,95.1,16.65,38.0,22,99,CLOSED,CLOSED,CLOSED,0,3,0,1,0
2026-05-01 07:51:56,28020,22.93,94.1,16.68,38.0,22,99,CLOSED,CLOSED,CLOSED,0,3,0,1,0
2026-05-01 07:52:56,28080,23.10,93.1,16.72,38.0,22,98,CLOSED,CLOSED,CLOSED,0,3,0,1,0
2026-05-01 07:53:56,28140,23.28,92.1,16.75,38.0,23,98,CLOSED,CLOSED,CLOSED,0,3,0,1,0
2026-05-01 07:54:56,28200,23.45,91.1,16.78,38.0,23,97,CLOSED,CLOSED,CLOSED,0,3,0,1,0
2026-05-01 07:55:56,28260,23.62,90.1,16.81,38.0,23,96,CLOSED,CLOSED,CLOSED,0,3,0,1,0
2026-05-01 07:56:56,28320,23.80,89.1,16.85,38.0,23,95,CLOSED,CLOSED,CLOSED,0,3,0,1,0
2026-05-01 07:57:56,28380,23.98,88.1,16.88,37.9,23,95,CLOSED,CLOSED,CLOSED,0,3,0,1,0
2026-05-01 07:58:56,28440,24.15,87.2,16.91,37.9,24,93,CLOSED,CLOSED,CLOSED,0,3,0,1,0
2026-05-01 07:59:56,28500,24.33,86.2,16.94,37.9,24,93,CLOSED,CLOSED,CLOSED,0,3,0,1,0
2026-05-01 08:00:56,28560,24.50,85.3,16.98,37.9,24,91,CLOSED,CLOSED,CLOSED,0,3,0,1,0
2026-05-01 08:01:56,28620,24.68,84.4,17.01,37.9,24,91,CLOSED,CLOSED,CLOSED,0,3,0,1,0
2026-05-01 08:02:56,28680,24.86,83.4,17.04,37.9,24,89,CLOSED,CLOSED,CLOSED,0,3,0,1,0
2026-05-01 08:03:56,28740,25.04,82.5,17.07,37.9,24,89,CLOSED,CLOSED,CLOSED,0,3,0,1,0
2026-05-01 08:04:56,28800,25.22,81.6,17.11,37.9,25,88,CLOSED,CLOSED,CLOSED,0,3,0,1,0
2026-05-01 08:05:56,28860,25.39,80.7,17.13,37.6,25,87,CLOSED,CLOSED,CLOSED,0,3,0,1,0
2026-05-01 08:06:56,28920,25.57,79.8,17.16,37.3,25,86,CLOSED,CLOSED,CLOSED,0,3,0,1,0
2026-05-01 08:07:56,28980,25.75,79.0,17.18,37.0,25,85,CLOSED,CLOSED,CLOSED,0,3,0,1,0
2026-05-01 08:08:56,29040,25.93,78.1,17.20,36.7,25,84,CLOSED,CLOSED,CLOSED,0,3,0,1,0
2026-05-01 08:09:56,29100,26.11,77.2,17.23,36.4,25,83,CLOSED,CLOSED,CLOSED,0,2,0,1,0
2026-05-01 08:10:56,29160,26.29,76.4,17.25,36.0,26,82,CLOSED,CLOSED,CLOSED,0,2,0,1,0
2026-05-01 08:11:56,29220,26.47,75.5,17.28,35.7,26,81,CLOSED,CLOSED,CLOSED,0,2,0,1,0
2026-05-01 08:12:56,29280,26.65,74.7,17.30,35.4,26,80,CLOSED,CLOSED,CLOSED,0,2,0,1,0
2026-05-01 08:13:56,29340,26.83,73.9,17.32,35.1,26,80,CLOSED,CLOSED,CLOSED,0,2,0,1,0
2026-05-01 08:14:56,29400,27.02,73.0,17.35,34.8,26,78,CLOSED,CLOSED,CLOSED,0,1,0,1,0
2026-05-01 08:15:56,29460,27.20,72.2,17.37,34.5,26,78,CLOSED,CLOSED,CLOSED,0,1,0,1,0
2026-05-01 08:16:56,29520,27.38,71.4,17.40,34.1,27,77,CLOSED,CLOSED,CLOSED,0,1,0,1,0
2026-05-01 08:17:56,29580,27.56,70.6,17.42,33.8,27,76,CLOSED,CLOSED,CLOSED,0,1,0,1,0
2026-05-01 08:18:56,29640,27.74,69.8,17.45,33.5,27,75,CLOSED,CLOSED,CLOSED,0,-1,0,1,0
2026-05-01 08:19:56,29700,27.93,69.0,17.47,33.2,27,74,CLOSED,CLOSED,CLOSED,0,-1,0,1,0
2026-05-01 08:20:56,29760,28.11,68.3,17.51,33.2,27,73,CLOSED,CLOSED,CLOSED,0,-1,0,1,0
2026-05-01 08:21:56,29820,28.29,67.5,17.56,33.3,28,73,CLOSED,CLOSED,CLOSED,0,-1,0,1,0
2026-05-01 08:22:56,29880,28.48,66.7,17.60,33.3,28,72,CLOSED,CLOSED,CLOSED,0,-1,0,1,0
2026-05-01 08:23:56,29940,28.66,66.0,17.64,33.4,28,71,CLOSED,CLOSED,CLOSED,0,-1,0,1,0
2026-05-01 08:24:56,30000,28.84,65.3,17.68,33.4,28,70,CLOSED,CLOSED,CLOSED,0,-1,0,1,0
2026-05-01 08:25:56,30060,29.03,64.5,17.73,33.4,28,70,CLOSED,CLOSED,CLOSED,0,-1,0,1,0
2026-05-01 08:26:56,30120,29.21,63.8,17.77,33.5,29,69,MOVING_OPEN,CLOSED,CLOSED,1,-1,1,1,0
2026-05-01 08:27:56,30180,29.38,63.1,17.81,33.5,29,68,OPEN,CLOSED,CLOSED,1,-1,1,1,0
2026-05-01 08:28:56,30240,29.53,62.3,17.85,33.6,29,67,OPEN,CLOSED,CLOSED,1,-1,1,1,0
2026-05-01 08:29:56,30300,29.68,61.6,17.90,33.6,29,67,OPEN,CLOSED,CLOSED,1,-1,1,1,0
2026-05-01 08:30:56,30360,29.83,60.9,17.94,33.6,29,66,OPEN,CLOSED,CLOSED,1,-1,1,1,0
2026-05-01 08:31:56,30420,29.98,60.2,17.98,33.7,29,65,OPEN,CLOSED,CLOSED,1,-1,1,1,0
2026-05-01 08:32:56,30480,30.13,59.6,18.02,33.7,30,64,OPEN,MOVING_OPEN,CLOSED,2,-1,2,1,0
2026-05-01 08:33:56,30540,30.25,58.9,18.07,33.8,30,64,OPEN,OPEN,CLOSED,2,-1,2,1,0
2026-05-01 08:34:56,30600,30.37,58.2,18.11,33.8,30,63,OPEN,OPEN,CLOSED,2,-1,2,1,0
2026-05-01 08:35:56,30660,30.48,57.6,18.14,33.7,30,62,OPEN,OPEN,CLOSED,2,-1,2,1,0
2026-05-01 08:36:56,30720,30.59,56.9,18.17,33.6,30,61,OPEN,OPEN,CLOSED,2,-1,2,1,0
2026-05-01 08:37:56,30780,30.71,56.3,18.19,33.5,30,61,OPEN,OPEN,CLOSED,2,-1,2,1,0
2026-05-01 08:38:56,30840,30.82,55.7,18.22,33.4,30,60,OPEN,OPEN,CLOSED,2,-1,2,1,0
2026-05-01 08:39:56,30900,30.94,55.1,18.25,33.4,30,59,OPEN,OPEN,CLOSED,2,-1,2,1,0
2026-05-01 08:40:56,30960,31.05,54.4,18.28,33.3,31,59,OPEN,OPEN,MOVING_OPEN,3,-1,3,1,0
2026-05-01 08:41:56,31020,31.16,53.8,18.30,33.2,31,58,OPEN,OPEN,MOVING_OPEN,3,-1,3,1,0
2026-05-01 08:42:56,31080,31.28,53.2,18.33,33.1,31,57,OPEN,OPEN,MOVING_OPEN,3,-1,3,1,0
2026-05-01 08:43:56,31140,31.22,52.7,18.36,33.0,31,57,OPEN,OPEN,OPEN,3,-1,3,1,0
2026-05-01 08:44:56,31200,31.14,52.2,18.39,32.9,31,56,OPEN,OPEN,OPEN,3,-1,3,1,0
2026-05-01 08:45:56,31260,31.06,51.6,18.41,32.8,31,56,OPEN,OPEN,OPEN,3,-1,3,1,0
2026-05-01 08:46:56,31320,30.98,51.1,18.44,32.7,31,55,OPEN,OPEN,OPEN,3,-1,3,1,0
2026-05-01 08:47:56,31380,30.91,50.5,18.47,32.6,31,54,OPEN,OPEN,OPEN,3,-1,3,1,0
2026-05-01 08:48:56,31440,30.84,50.0,18.50,32.5,31,54,OPEN,OPEN,OPEN,3,-1,3,1,0
2026-05-01 08:49:56,31500,30.78,49.5,18.52,32.5,31,53,OPEN,OPEN,OPEN,3,-1,3,1,0
2026-05-01 08:50:56,31560,30.72,49.0,18.55,32.4,31,52,OPEN,OPEN,OPEN,3,-1,3,1,0
2026-05-01 08:51:56,31620,30.67,48.4,18.58,32.3,31,52,OPEN,OPEN,OPEN,3,-1,3,1,0
2026-05-01 08:52:56,31680,30.61,47.9,18.61,32.2,31,51,OPEN,OPEN,OPEN,3,-1,3,1,0
2026-05-01 08:53:56,31740,30.57,47.4,18.63,32.1,31,51,OPEN,OPEN,OPEN,3,-1,3,1,0
2026-05-01 08:54:56,31800,30.52,46.9,18.66,32.0,31,50,OPEN,OPEN,OPEN,3,-1,3,1,0
2026-05-01 08:55:56,31860,30.49,46.4,18.69,31.9,31,50,OPEN,OPEN,OPEN,3,-1,3,1,0
2026-05-01 08:56:56,31920,30.45,45.9,18.72,31.8,31,49,OPEN,OPEN,OPEN,3,0,3,1,0
2026-05-01 08:57:56,31980,30.42,45.5,18.74,31.7,31,49,OPEN,OPEN,OPEN,3,0,3,1,0
2026-05-01 08:58:56,32040,30.39,45.0,18.77,31.6,31,48,OPEN,OPEN,OPEN,3,0,3,1,0
2026-05-01 08:59:56,32100,30.36,44.5,18.80,31.6,30,48,OPEN,OPEN,OPEN,2,0,2,1,0
2026-05-01 09:00:56,32160,30.34,44.0,18.83,31.5,30,47,OPEN,OPEN,OPEN,2,0,2,1,0
2026-05-01 09:01:56,32220,30.32,43.6,18.85,31.4,30,47,OPEN,OPEN,OPEN,2,0,2,1,0
2026-05-01 09:02:56,32280,30.30,43.1,18.88,31.3,30,46,OPEN,OPEN,OPEN,2,0,2,1,0
2026-05-01 09:03:56,32340,30.28,42.7,18.91,31.2,30,46,OPEN,OPEN,OPEN,2,0,2,1,0
2026-05-01 09:04:56,32400,30.27,42.2,18.94,31.1,30,45,OPEN,OPEN,OPEN,2,0,2,1,0
2026-05-01 09:05:56,32460,30.26,41.8,18.98,31.2,30,45,OPEN,OPEN,OPEN,2,0,2,1,0
2026-05-01 09:06:56,32520,30.26,41.4,19.03,31.3,30,44,OPEN,OPEN,OPEN,2,0,2,1,0
2026-05-01 09:07:56,32580,30.25,41.0,19.08,31.4,30,44,OPEN,OPEN,OPEN,2,0,2,1,0
2026-05-01 09:08:56,32640,30.37,40.6,19.13,31.5,30,43,OPEN,OPEN,MOVING_CLOSE,2,0,2,1,0
2026-05-01 09:09:56,32700,30.55,40.1,19.18,31.7,30,43,OPEN,OPEN,MOVING_CLOSE,2,0,2,1,0
2026-05-01 09:10:56,32760,30.73,39.7,19.23,31.8,30,42,OPEN,OPEN,MOVING_CLOSE,2,0,2,1,0
2026-05-01 09:11:56,32820,30.90,39.3,19.28,31.9,30,42,OPEN,OPEN,CLOSED,2,0,2,1,0
2026-05-01 09:12:56,32880,31.08,38.9,19.33,32.0,31,42,OPEN,OPEN,CLOSED,3,0,3,1,0
2026-05-01 09:13:56,32940,31.26,38.5,19.38,32.1,31,41,OPEN,OPEN,CLOSED,3,0,3,1,0
2026-05-01 09:14:56,33000,31.43,38.1,19.43,32.2,31,41,OPEN,OPEN,CLOSED,3,0,3,1,0
2026-05-01 09:15:56,33060,31.61,37.7,19.48,32.3,31,40,OPEN,OPEN,CLOSED,3,0,3,1,0
2026-05-01 09:16:56,33120,31.78,37.3,19.53,32.4,31,40,OPEN,OPEN,CLOSED,3,0,3,1,0
2026-05-01 09:17:56,33180,31.96,36.9,19.58,32.6,31,40,OPEN,OPEN,CLOSED,3,0,3,1,0
2026-05-01 09:18:56,33240,32.13,36.5,19.63,32.7,31,39,OPEN,OPEN,CLOSED,3,0,3,1,0
2026-05-01 09:19:56,33300,32.30,36.2,19.68,32.8,32,39,OPEN,OPEN,CLOSED,3,0,3,1,0
2026-05-01 09:20:56,33360,32.47,35.8,19.72,32.7,32,38,OPEN,OPEN,CLOSED,3,0,3,1,0
2026-05-01 09:21:56,33420,32.65,35.5,19.76,32.5,32,38,OPEN,OPEN,MOVING_OPEN,3,0,3,1,0
2026-05-01 09:22:56,33480,32.82,35.1,19.79,32.4,32,37,OPEN,OPEN,MOVING_OPEN,3,0,3,1,0
2026-05-01 09:23:56,33540,32.99,34.8,19.83,32.3,32,37,OPEN,OPEN,MOVING_OPEN,3,0,3,1,0
2026-05-01 09:24:56,33600,33.05,34.5,19.86,32.1,33,37,OPEN,OPEN,OPEN,3,0,3,1,0
2026-05-01 09:25:56,33660,33.01,34.3,19.90,32.0,33,36,OPEN,OPEN,OPEN,3,0,3,1,0
2026-05-01 09:26:56,33720,32.98,34.0,19.94,31.9,33,36,OPEN,OPEN,OPEN,3,0,3,1,0
2026-05-01 09:27:56,33780,32.94,33.8,19.97,31.7,33,36,OPEN,OPEN,OPEN,3,0,3,1,0
2026-05-01 09:28:56,33840,32.92,33.6,20.01,31.6,33,35,OPEN,OPEN,OPEN,3,0,3,1,0
2026-05-01 09:29:56,33900,32.89,33.4,20.04,31.5,33,35,OPEN,OPEN,OPEN,3,0,3,1,0
2026-05-01 09:30:56,33960,32.87,33.1,20.08,31.3,33,35,OPEN,OPEN,OPEN,3,0,3,1,0
2026-05-01 09:31:56,34020,32.85,32.9,20.11,31.2,33,35,OPEN,OPEN,OPEN,3,0,3,1,0
2026-05-01 09:32:56,34080,32.83,32.7,20.15,31.1,33,34,OPEN,OPEN,OPEN,3,0,3,1,0
2026-05-01 09:33:56,34140,32.82,32.4,20.18,30.9,33,34,OPEN,OPEN,OPEN,3,0,3,1,0
2026-05-01 09:34:56,34200,32.81,32.2,20.22,30.8,33,34,OPEN,OPEN,OPEN,3,0,3,1,0
2026-05-01 09:35:56,34260,32.80,32.0,20.24,30.9,33,34,OPEN,OPEN,OPEN,3,0,3,1,0
2026-05-01 09:36:56,34320,32.79,31.8,20.25,31.0,33,33,OPEN,OPEN,OPEN,3,0,3,1,0
2026-05-01 09:37:56,34380,32.79,31.6,20.27,31.1,33,33,OPEN,OPEN,OPEN,3,0,3,1,0
2026-05-01 09:38:56,34440,32.78,31.4,20.28,31.1,33,33,OPEN,OPEN,OPEN,3,0,3,1,0
2026-05-01 09:39:56,34500,32.78,31.2,20.30,31.2,33,33,OPEN,OPEN,OPEN,3,0,3,1,0
2026-05-01 09:40:56,34560,32.78,31.0,20.32,31.3,33,32,OPEN,OPEN,OPEN,3,0,3,1,0
2026-05-01 09:41:56,34620,32.78,30.8,20.33,31.4,33,32,OPEN,OPEN,OPEN,3,0,3,1,0
2026-05-01 09:42:56,34680,32.79,30.6,20.35,31.5,33,32,OPEN,OPEN,OPEN,3,0,3,1,0
2026-05-01 09:43:56,34740,32.79,30.4,20.36,31.6,33,32,OPEN,OPEN,OPEN,3,0,3,1,0
2026-05-01 09:44:56,34800,32.80,30.2,20.38,31.7,33,31,OPEN,OPEN,OPEN,3,0,3,1,0
2026-05-01 09:45:56,34860,32.80,30.1,20.39,31.7,33,31,OPEN,OPEN,OPEN,3,0,3,1,0
2026-05-01 09:46:56,34920,32.81,29.9,20.41,31.8,33,31,OPEN,OPEN,OPEN,3,0,3,1,0
2026-05-01 09:47:56,34980,32.82,29.7,20.43,31.9,33,31,OPEN,OPEN,OPEN,3,0,3,1,0
2026-05-01 09:48:56,35040,32.84,29.6,20.44,32.0,33,31,OPEN,OPEN,OPEN,3,0,3,1,0
2026-05-01 09:49:56,35100,32.85,29.4,20.46,32.1,33,31,OPEN,OPEN,OPEN,3,0,3,1,0
2026-05-01 09:50:56,35160,32.86,29.3,20.48,32.0,33,30,OPEN,OPEN,OPEN,3,0,3,1,0
2026-05-01 09:51:56,35220,32.88,29.1,20.51,31.9,33,30,OPEN,OPEN,OPEN,3,0,3,1,0
2026-05-01 09:52:56,35280,32.90,29.0,20.53,31.8,33,30,OPEN,OPEN,OPEN,3,0,3,1,0
2026-05-01 09:53:56,35340,32.91,28.8,20.56,31.8,33,30,OPEN,OPEN,OPEN,3,0,3,1,0
2026-05-01 09:54:56,35400,32.93,28.7,20.58,31.7,33,30,OPEN,OPEN,OPEN,3,0,3,1,0
2026-05-01 09:55:56,35460,32.95,28.5,20.61,31.6,33,30,OPEN,OPEN,OPEN,3,0,3,1,0
2026-05-01 09:56:56,35520,32.98,28.4,20.63,31.5,33,29,OPEN,OPEN,OPEN,3,0,3,1,0
2026-05-01 09:57:56,35580,33.00,28.2,20.66,31.4,33,29,OPEN,OPEN,OPEN,3,0,3,1,0
2026-05-01 09:58:56,35640,33.02,28.1,20.69,31.3,33,29,OPEN,OPEN,OPEN,3,0,3,1,0
2026-05-01 09:59:56,35700,33.05,27.9,20.71,31.2,33,29,OPEN,OPEN,OPEN,3,0,3,1,0
2026-05-01 10:00:56,35760,33.07,27.8,20.74,31.2,33,29,OPEN,OPEN,OPEN,3,0,3,1,0
2026-05-01 10:01:56,35820,33.10,27.6,20.76,31.1,33,29,OPEN,OPEN,OPEN,3,0,3,1,0
2026-05-01 10:02:56,35880,33.13,27.5,20.79,31.0,33,28,OPEN,OPEN,OPEN,3,0,3,1,0
2026-05-01 10:03:56,35940,33.16,27.4,20.81,30.9,33,28,OPEN,OPEN,OPEN,3,0,3,1,0
2026-05-01 10:04:56,36000,33.19,27.2,20.84,30.8,33,28,OPEN,OPEN,OPEN,3,0,3,1,0
2026-05-01 10:05:56,36060,33.22,27.1,20.85,30.7,33,28,OPEN,OPEN,OPEN,3,0,3,1,0
2026-05-01 10:06:56,36120,33.25,27.0,20.86,30.7,33,28,OPEN,OPEN,OPEN,3,0,3,1,0
2026-05-01 10:07:56,36180,33.28,26.8,20.86,30.6,33,28,OPEN,OPEN,OPEN,3,0,3,1,0
2026-05-01 10:08:56,36240,33.31,26.7,20.87,30.6,33,28,OPEN,OPEN,OPEN,3,0,3,1,0
2026-05-01 10:09:56,36300,33.34,26.6,20.88,30.5,33,27,OPEN,OPEN,OPEN,3,0,3,1,0
2026-05-01 10:10:56,36360,33.37,26.5,20.89,30.4,33,27,OPEN,OPEN,OPEN,3,0,3,1,0
2026-05-01 10:11:56,36420,33.41,26.3,20.90,30.4,33,27,OPEN,OPEN,OPEN,3,0,3,1,0
2026-05-01 10:12:56,36480,33.44,26.2,20.90,30.3,33,27,OPEN,OPEN,OPEN,3,0,3,1,0
2026-05-01 10:13:56,36540,33.47,26.1,20.91,30.3,33,27,OPEN,OPEN,OPEN,3,0,3,1,0
2026-05-01 10:14:56,36600,33.50,26.0,20.92,30.2,33,27,OPEN,OPEN,OPEN,3,0,3,1,0
2026-05-01 10:15:56,36660,33.53,25.9,20.93,30.1,33,27,OPEN,OPEN,OPEN,3,0,3,1,0
2026-05-01 10:16:56,36720,33.57,25.7,20.94,30.1,33,27,OPEN,OPEN,OPEN,3,0,3,1,0
2026-05-01 10:17:56,36780,33.60,25.6,20.94,30.0,33,26,OPEN,OPEN,OPEN,3,0,3,1,0
2026-05-01 10:18:56,36840,33.63,25.5,20.95,30.0,34,26,OPEN,OPEN,OPEN,3,0,3,1,0
2026-05-01 10:19:56,36900,33.66,25.4,20.96,29.9,34,26,OPEN,OPEN,OPEN,3,0,3,1,0
2026-05-01 10:20:56,36960,33.70,25.3,21.02,30.1,34,26,OPEN,OPEN,OPEN,3,0,3,1,0
2026-05-01 10:21:56,37020,33.73,25.2,21.09,30.3,34,26,OPEN,OPEN,OPEN,3,0,3,1,0
2026-05-01 10:22:56,37080,33.77,25.1,21.15,30.5,34,26,OPEN,OPEN,OPEN,3,0,3,1,0
2026-05-01 10:23:56,37140,33.81,25.0,21.21,30.7,34,26,OPEN,OPEN,OPEN,3,0,3,1,0
2026-05-01 10:24:56,37200,33.85,24.9,21.27,30.9,34,26,OPEN,OPEN,OPEN,3,0,3,1,0
2026-05-01 10:25:56,37260,33.89,24.8,21.34,31.1,34,25,OPEN,OPEN,OPEN,3,0,3,1,0
2026-05-01 10:26:56,37320,33.93,24.7,21.40,31.3,34,25,OPEN,OPEN,OPEN,3,0,3,1,0
2026-05-01 10:27:56,37380,33.98,24.6,21.46,31.5,34,25,OPEN,OPEN,OPEN,3,0,3,1,0
2026-05-01 10:28:56,37440,34.02,24.6,21.53,31.7,34,25,OPEN,OPEN,OPEN,3,0,3,1,0
2026-05-01 10:29:56,37500,34.07,24.5,21.59,31.9,34,25,OPEN,OPEN,OPEN,3,0,3,1,0
2026-05-01 10:30:56,37560,34.12,24.4,21.65,32.1,34,25,OPEN,OPEN,OPEN,3,0,3,1,0
2026-05-01 10:31:56,37620,34.17,24.4,21.71,32.3,34,25,OPEN,OPEN,OPEN,3,0,3,1,0
2026-05-01 10:32:56,37680,34.22,24.3,21.78,32.5,34,25,OPEN,OPEN,OPEN,3,0,3,1,0
2026-05-01 10:33:56,37740,34.27,24.2,21.84,32.7,34,25,OPEN,OPEN,OPEN,3,0,3,1,0
2026-05-01 10:34:56,37800,34.32,24.2,21.90,32.9,34,25,OPEN,OPEN,OPEN,3,0,3,1,0
2026-05-01 10:35:56,37860,34.37,24.1,21.89,32.7,34,25,OPEN,OPEN,OPEN,3,0,3,1,0
2026-05-01 10:36:56,37920,34.42,24.1,21.88,32.6,34,24,OPEN,OPEN,OPEN,3,0,3,1,0
2026-05-01 10:37:56,37980,34.47,24.0,21.87,32.4,34,24,OPEN,OPEN,OPEN,3,0,3,1,0
2026-05-01 10:38:56,38040,34.52,23.9,21.86,32.3,34,24,OPEN,OPEN,OPEN,3,0,3,1,0
2026-05-01 10:39:56,38100,34.57,23.9,21.85,32.1,34,24,OPEN,OPEN,OPEN,3,0,3,1,0
2026-05-01 10:40:56,38160,34.62,23.8,21.84,31.9,34,24,OPEN,OPEN,OPEN,3,0,3,1,0
2026-05-01 10:41:56,38220,34.66,23.7,21.83,31.8,34,24,OPEN,OPEN,OPEN,3,0,3,1,0
2026-05-01 10:42:56,38280,34.71,23.7,21.83,31.6,35,24,OPEN,OPEN,OPEN,3,0,3,1,0
2026-05-01 10:43:56,38340,34.75,23.6,21.82,31.5,35,24,OPEN,OPEN,OPEN,3,0,3,1,0
2026-05-01 10:44:56,38400,34.79,23.5,21.81,31.3,35,24,OPEN,OPEN,OPEN,3,0,3,1,0
2026-05-01 10:45:56,38460,34.83,23.5,21.80,31.1,35,24,OPEN,OPEN,OPEN,3,0,3,1,0
2026-05-01 10:46:56,38520,34.87,23.4,21.79,31.0,35,24,OPEN,OPEN,OPEN,3,0,3,1,0
2026-05-01 10:47:56,38580,34.91,23.3,21.78,30.8,35,24,OPEN,OPEN,OPEN,3,0,3,1,0
2026-05-01 10:48:56,38640,34.95,23.3,21.77,30.7,35,24,OPEN,OPEN,OPEN,3,0,3,1,0
2026-05-01 10:49:56,38700,34.99,23.2,21.76,30.5,35,24,OPEN,OPEN,OPEN,3,0,3,1,0
2026-05-01 10:50:56,38760,35.02,23.1,21.79,30.5,35,24,OPEN,OPEN,OPEN,3,0,3,1,0
2026-05-01 10:51:56,38820,35.06,23.1,21.81,30.4,35,24,OPEN,OPEN,OPEN,3,0,3,1,0
2026-05-01 10:52:56,38880,35.10,23.0,21.84,30.4,35,23,OPEN,OPEN,OPEN,3,0,3,1,0
2026-05-01 10:53:56,38940,35.14,22.9,21.87,30.4,35,23,OPEN,OPEN,OPEN,3,0,3,1,0
2026-05-01 10:54:56,39000,35.17,22.9,21.89,30.3,35,23,OPEN,OPEN,OPEN,3,0,3,1,0
2026-05-01 10:55:56,39060,35.21,22.8,21.92,30.3,35,23,OPEN,OPEN,OPEN,3,0,3,1,0
2026-05-01 10:56:56,39120,35.25,22.7,21.95,30.2,35,23,OPEN,OPEN,OPEN,3,0,3,1,0
2026-05-01 10:57:56,39180,35.29,22.7,21.97,30.2,35,23,OPEN,OPEN,OPEN,3,0,3,1,0
2026-05-01 10:58:56,39240,35.33,22.6,22.00,30.2,35,23,OPEN,OPEN,OPEN,3,0,3,1,0
2026-05-01 10:59:56,39300,35.36,22.5,22.03,30.1,35,23,OPEN,OPEN,OPEN,3,0,3,1,0
2026-05-01 11:00:56,39360,35.40,22.5,22.05,30.1,35,23,OPEN,OPEN,OPEN,3,0,3,1,0
2026-05-01 11:01:56,39420,35.44,22.4,22.08,30.1,35,23,OPEN,OPEN,OPEN,3,0,3,1,0
2026-05-01 11:02:56,39480,35.48,22.4,22.11,30.0,35,23,OPEN,OPEN,OPEN,3,0,3,1,0
2026-05-01 11:03:56,39540,35.52,22.3,22.13,30.0,35,23,OPEN,OPEN,OPEN,3,0,3,1,0
2026-05-01 11:04:56,39600,35.56,22.2,22.16,29.9,35,23,OPEN,OPEN,OPEN,3,0,3,1,0
2026-05-01 11:05:56,39660,35.59,22.2,22.19,29.9,35,23,OPEN,OPEN,OPEN,3,0,3,1,0
2026-05-01 11:06:56,39720,35.63,22.1,22.21,29.9,35,23,OPEN,OPEN,OPEN,3,0,3,1,0
2026-05-01 11:07:56,39780,35.67,22.1,22.24,29.8,36,22,OPEN,OPEN,OPEN,3,0,3,1,0
2026-05-01 11:08:56,39840,35.71,22.0,22.27,29.8,36,22,OPEN,OPEN,OPEN,3,0,3,1,0
2026-05-01 11:09:56,39900,35.75,22.0,22.29,29.8,36,22,OPEN,OPEN,OPEN,3,0,3,1,0
2026-05-01 11:10:56,39960,35.79,21.9,22.32,29.7,36,22,OPEN,OPEN,OPEN,3,0,3,1,0
2026-05-01 11:11:56,40020,35.82,21.8,22.35,29.7,36,22,OPEN,OPEN,OPEN,3,0,3,1,0
2026-05-01 11:12:56,40080,35.86,21.8,22.37,29.7,36,22,OPEN,OPEN,OPEN,3,0,3,1,0
2026-05-01 11:13:56,40140,35.90,21.7,22.40,29.6,36,22,OPEN,OPEN,OPEN,3,0,3,1,0
2026-05-01 11:14:56,40200,35.94,21.7,22.43,29.6,36,22,OPEN,OPEN,OPEN,3,0,3,1,0
2026-05-01 11:15:56,40260,35.98,21.6,22.45,29.5,36,22,OPEN,OPEN,OPEN,3,0,3,1,0
2026-05-01 11:16:56,40320,36.01,21.6,22.48,29.5,36,22,OPEN,OPEN,OPEN,3,0,3,1,0
2026-05-01 11:17:56,40380,36.05,21.5,22.51,29.5,36,22,OPEN,OPEN,OPEN,3,0,3,1,0
2026-05-01 11:18:56,40440,36.09,21.5,22.53,29.4,36,22,OPEN,OPEN,OPEN,3,0,3,1,0
2026-05-01 11:19:56,40500,36.13,21.4,22.56,29.4,36,22,OPEN,OPEN,OPEN,3,0,3,1,0
2026-05-01 11:20:56,40560,36.16,21.4,22.56,29.3,36,22,OPEN,OPEN,OPEN,3,0,3,1,0
2026-05-01 11:21:56,40620,36.20,21.3,22.56,29.2,36,22,OPEN,OPEN,OPEN,3,0,3,1,0
2026-05-01 11:22:56,40680,36.23,21.3,22.56,29.1,36,22,OPEN,OPEN,OPEN,3,0,3,1,0
2026-05-01 11:23:56,40740,36.27,21.2,22.56,29.0,36,22,OPEN,OPEN,OPEN,3,0,3,1,0
2026-05-01 11:24:56,40800,36.30,21.2,22.56,28.9,36,21,OPEN,OPEN,OPEN,3,0,3,1,0
2026-05-01 11:25:56,40860,36.33,21.1,22.56,28.8,36,21,OPEN,OPEN,OPEN,3,0,3,1,0
2026-05-01 11:26:56,40920,36.36,21.1,22.56,28.7,36,21,OPEN,OPEN,OPEN,3,0,3,1,0
2026-05-01 11:27:56,40980,36.39,21.0,22.56,28.7,36,21,OPEN,OPEN,OPEN,3,0,3,1,0
2026-05-01 11:28:56,41040,36.42,21.0,22.56,28.6,36,21,OPEN,OPEN,OPEN,3,0,3,1,0
2026-05-01 11:29:56,41100,36.45,20.9,22.56,28.5,36,21,OPEN,OPEN,OPEN,3,0,3,1,0
2026-05-01 11:30:56,41160,36.48,20.9,22.56,28.4,36,21,OPEN,OPEN,OPEN,3,0,3,1,0
2026-05-01 11:31:56,41220,36.51,20.8,22.56,28.3,36,21,OPEN,OPEN,OPEN,3,0,3,1,0
2026-05-01 11:32:56,41280,36.53,20.8,22.56,28.2,36,21,OPEN,OPEN,OPEN,3,0,3,1,0
2026-05-01 11:33:56,41340,36.56,20.7,22.56,28.1,36,21,OPEN,OPEN,OPEN,3,0,3,1,0
2026-05-01 11:34:56,41400,36.58,20.7,22.56,28.0,36,21,OPEN,OPEN,OPEN,3,0,3,1,0
2026-05-01 11:35:56,41460,36.61,20.6,22.59,28.0,37,21,OPEN,OPEN,OPEN,3,0,3,1,0
2026-05-01 11:36:56,41520,36.63,20.6,22.62,28.0,37,21,OPEN,OPEN,OPEN,3,0,3,1,0
2026-05-01 11:37:56,41580,36.66,20.6,22.65,28.0,37,21,OPEN,OPEN,OPEN,3,0,3,1,0
2026-05-01 11:38:56,41640,36.68,20.5,22.68,28.1,37,21,OPEN,OPEN,OPEN,3,0,3,1,0
2026-05-01 11:39:56,41700,36.71,20.5,22.71,28.1,37,21,OPEN,OPEN,OPEN,3,0,3,1,0
2026-05-01 11:40:56,41760,36.74,20.4,22.74,28.1,37,21,OPEN,OPEN,OPEN,3,0,3,1,0
2026-05-01 11:41:56,41820,36.76,20.4,22.77,28.1,37,21,OPEN,OPEN,OPEN,3,0,3,1,0
2026-05-01 11:42:56,41880,36.79,20.4,22.80,28.1,37,21,OPEN,OPEN,OPEN,3,0,3,1,0
2026-05-01 11:43:56,41940,36.81,20.3,22.82,28.1,37,21,OPEN,OPEN,OPEN,3,0,3,1,0
2026-05-01 11:44:56,42000,36.84,20.3,22.85,28.1,37,21,OPEN,OPEN,OPEN,3,0,3,1,0
2026-05-01 11:45:56,42060,36.86,20.3,22.88,28.1,37,21,OPEN,OPEN,OPEN,3,0,3,1,0
2026-05-01 11:46:56,42120,36.89,20.2,22.91,28.2,37,20,OPEN,OPEN,OPEN,3,0,3,1,0
2026-05-01 11:47:56,42180,36.91,20.2,22.94,28.2,37,20,OPEN,OPEN,OPEN,3,0,3,1,0
2026-05-01 11:48:56,42240,36.94,20.2,22.97,28.2,37,20,OPEN,OPEN,OPEN,3,0,3,1,0
2026-05-01 11:49:56,42300,36.97,20.1,23.00,28.2,37,20,OPEN,OPEN,OPEN,3,0,3,1,0
2026-05-01 11:50:56,42360,36.99,20.1,23.03,28.1,37,20,OPEN,OPEN,OPEN,3,0,3,1,0
2026-05-01 11:51:56,42420,37.02,20.1,23.05,28.1,37,20,OPEN,OPEN,OPEN,3,0,3,1,0
2026-05-01 11:52:56,42480,37.04,20.0,23.08,28.0,37,20,OPEN,OPEN,OPEN,3,0,3,1,0
2026-05-01 11:53:56,42540,37.07,20.0,23.10,27.9,37,20,OPEN,OPEN,OPEN,3,0,3,1,0
2026-05-01 11:54:56,42600,37.09,20.0,23.13,27.8,37,20,OPEN,OPEN,OPEN,3,0,3,1,0
2026-05-01 11:55:56,42660,37.12,19.9,23.15,27.8,37,20,OPEN,OPEN,OPEN,3,0,3,1,0
2026-05-01 11:56:56,42720,37.14,19.9,23.18,27.7,37,20,OPEN,OPEN,OPEN,3,0,3,1,0
2026-05-01 11:57:56,42780,37.17,19.9,23.20,27.6,37,20,OPEN,OPEN,OPEN,3,0,3,1,0
2026-05-01 11:58:56,42840,37.19,19.8,23.23,27.5,37,20,OPEN,OPEN,OPEN,3,0,3,1,0
2026-05-01 11:59:56,42900,37.21,19.8,23.25,27.5,37,20,OPEN,OPEN,OPEN,3,0,3,1,0
2026-05-01 12:00:56,42960,37.24,19.8,23.28,27.4,37,20,OPEN,OPEN,OPEN,3,0,3,1,0
2026-05-01 12:01:56,43020,37.26,19.8,23.30,27.3,37,20,OPEN,OPEN,OPEN,3,0,3,1,0
2026-05-01 12:02:56,43080,37.28,19.7,23.33,27.2,37,20,OPEN,OPEN,OPEN,3,0,3,1,0
2026-05-01 12:03:56,43140,37.31,19.7,23.36,27.2,37,20,OPEN,OPEN,OPEN,3,0,3,1,0
2026-05-01 12:04:56,43200,37.33,19.7,23.38,27.1,37,20,OPEN,OPEN,OPEN,3,0,3,1,0
2026-05-01 12:05:56,43260,37.35,19.6,23.38,27.0,37,20,OPEN,OPEN,OPEN,3,0,3,1,0
2026-05-01 12:06:56,43320,37.37,19.6,23.37,27.0,37,20,OPEN,OPEN,OPEN,3,0,3,1,0
2026-05-01 12:07:56,43380,37.39,19.6,23.37,26.9,37,20,OPEN,OPEN,OPEN,3,0,3,1,0
2026-05-01 12:08:56,43440,37.41,19.5,23.36,26.8,37,20,OPEN,OPEN,OPEN,3,0,3,1,0
2026-05-01 12:09:56,43500,37.43,19.5,23.36,26.7,37,20,OPEN,OPEN,OPEN,3,0,3,1,0
2026-05-01 12:10:56,43560,37.44,19.5,23.36,26.7,37,20,OPEN,OPEN,OPEN,3,0,3,1,0
2026-05-01 12:11:56,43620,37.46,19.5,23.35,26.6,37,20,OPEN,OPEN,OPEN,3,0,3,1,0
2026-05-01 12:12:56,43680,37.48,19.4,23.35,26.5,37,20,OPEN,OPEN,OPEN,3,0,3,1,0
2026-05-01 12:13:56,43740,37.49,19.4,23.34,26.4,37,20,OPEN,OPEN,OPEN,3,0,3,1,0
2026-05-01 12:14:56,43800,37.50,19.4,23.34,26.4,37,20,OPEN,OPEN,OPEN,3,0,3,1,0
2026-05-01 12:15:56,43860,37.51,19.4,23.34,26.3,37,20,OPEN,OPEN,OPEN,3,0,3,1,0
2026-05-01 12:16:56,43920,37.52,19.3,23.33,26.2,37,19,OPEN,OPEN,OPEN,3,0,3,1,0
2026-05-01 12:17:56,43980,37.53,19.3,23.33,26.2,37,19,OPEN,OPEN,OPEN,3,0,3,1,0
2026-05-01 12:18:56,44040,37.54,19.3,23.32,26.1,38,19,OPEN,OPEN,OPEN,3,0,3,1,0
2026-05-01 12:19:56,44100,37.55,19.2,23.32,26.0,38,19,OPEN,OPEN,OPEN,3,0,3,1,0
2026-05-01 12:20:56,44160,37.56,19.2,23.33,26.0,38,19,OPEN,OPEN,OPEN,3,0,3,1,0
2026-05-01 12:21:56,44220,37.57,19.2,23.34,26.1,38,19,OPEN,OPEN,OPEN,3,0,3,1,0
2026-05-01 12:22:56,44280,37.57,19.2,23.35,26.1,38,19,OPEN,OPEN,OPEN,3,0,3,1,0
2026-05-01 12:23:56,44340,37.58,19.2,23.35,26.2,38,19,OPEN,OPEN,OPEN,3,0,3,1,0
2026-05-01 12:24:56,44400,37.59,19.1,23.36,26.2,38,19,OPEN,OPEN,OPEN,3,0,3,1,0
2026-05-01 12:25:56,44460,37.59,19.1,23.37,26.3,38,19,OPEN,OPEN,OPEN,3,0,3,1,0
2026-05-01 12:26:56,44520,37.60,19.1,23.38,26.3,38,19,OPEN,OPEN,OPEN,3,0,3,1,0
2026-05-01 12:27:56,44580,37.60,19.1,23.39,26.4,38,19,OPEN,OPEN,OPEN,3,0,3,1,0
2026-05-01 12:28:56,44640,37.61,19.1,23.40,26.4,38,19,OPEN,OPEN,OPEN,3,0,3,1,0
2026-05-01 12:29:56,44700,37.61,19.1,23.41,26.5,38,19,OPEN,OPEN,OPEN,3,0,3,1,0
2026-05-01 12:30:56,44760,37.61,19.1,23.42,26.5,38,19,OPEN,OPEN,OPEN,3,0,3,1,0
2026-05-01 12:31:56,44820,37.62,19.1,23.42,26.6,38,19,OPEN,OPEN,OPEN,3,0,3,1,0
2026-05-01 12:32:56,44880,37.62,19.1,23.43,26.6,38,19,OPEN,OPEN,OPEN,3,0,3,1,0
2026-05-01 12:33:56,44940,37.62,19.1,23.44,26.7,38,19,OPEN,OPEN,OPEN,3,0,3,1,0
2026-05-01 12:34:56,45000,37.62,19.1,23.45,26.7,38,19,OPEN,OPEN,OPEN,3,0,3,1,0
2026-05-01 12:35:56,45060,37.62,19.1,23.46,26.6,38,19,OPEN,OPEN,OPEN,3,0,3,1,0
2026-05-01 12:36:56,45120,37.62,19.1,23.47,26.6,38,19,OPEN,OPEN,OPEN,3,0,3,1,0
2026-05-01 12:37:56,45180,37.62,19.1,23.48,26.5,38,19,OPEN,OPEN,OPEN,3,0,3,1,0
2026-05-01 12:38:56,45240,37.62,19.1,23.49,26.5,38,19,OPEN,OPEN,OPEN,3,0,3,1,0
2026-05-01 12:39:56,45300,37.62,19.1,23.50,26.4,38,19,OPEN,OPEN,OPEN,3,0,3,1,0
2026-05-01 12:40:56,45360,37.62,19.0,23.51,26.4,38,19,OPEN,OPEN,OPEN,3,0,3,1,0
2026-05-01 12:41:56,45420,37.62,19.0,23.52,26.3,38,19,OPEN,OPEN,OPEN,3,0,3,1,0
2026-05-01 12:42:56,45480,37.62,19.0,23.54,26.3,38,19,OPEN,OPEN,OPEN,3,0,3,1,0
2026-05-01 12:43:56,45540,37.62,19.0,23.55,26.2,38,19,OPEN,OPEN,OPEN,3,0,3,1,0
2026-05-01 12:44:56,45600,37.62,19.0,23.56,26.2,38,19,OPEN,OPEN,OPEN,3,0,3,1,0
2026-05-01 12:45:56,45660,37.62,19.0,23.57,26.1,38,19,OPEN,OPEN,OPEN,3,0,3,1,0
2026-05-01 12:46:56,45720,37.61,19.0,23.58,26.1,38,19,OPEN,OPEN,OPEN,3,0,3,1,0
2026-05-01 12:47:56,45780,37.61,19.0,23.59,26.0,38,19,OPEN,OPEN,OPEN,3,0,3,1,0
2026-05-01 12:48:56,45840,37.61,19.0,23.60,26.0,38,19,OPEN,OPEN,OPEN,3,0,3,1,0
2026-05-01 12:49:56,45900,37.60,19.0,23.61,25.9,38,19,OPEN,OPEN,OPEN,3,0,3,1,0
2026-05-01 12:50:56,45960,37.60,19.0,23.65,25.9,38,19,OPEN,OPEN,OPEN,3,0,3,1,0
2026-05-01 12:51:56,46020,37.60,19.0,23.69,25.9,38,19,OPEN,OPEN,OPEN,3,0,3,1,0
2026-05-01 12:52:56,46080,37.59,19.0,23.72,25.9,38,19,OPEN,OPEN,OPEN,3,0,3,1,0
2026-05-01 12:53:56,46140,37.59,19.0,23.76,25.9,38,19,OPEN,OPEN,OPEN,3,0,3,1,0
2026-05-01 12:54:56,46200,37.59,19.0,23.80,25.9,38,19,OPEN,OPEN,OPEN,3,0,3,1,0
2026-05-01 12:55:56,46260,37.59,19.0,23.83,25.9,38,19,OPEN,OPEN,OPEN,3,0,3,1,0
2026-05-01 12:56:56,46320,37.59,19.0,23.87,25.9,38,19,OPEN,OPEN,OPEN,3,0,3,1,0
2026-05-01 12:57:56,46380,37.59,19.0,23.91,26.0,38,19,OPEN,OPEN,OPEN,3,0,3,1,0
2026-05-01 12:58:56,46440,37.59,19.0,23.95,26.0,38,19,OPEN,OPEN,OPEN,3,0,3,1,0
2026-05-01 12:59:56,46500,37.59,19.0,23.98,26.0,38,19,OPEN,OPEN,OPEN,3,0,3,1,0
2026-05-01 13:00:56,46560,37.59,19.0,24.02,26.0,38,19,OPEN,OPEN,OPEN,3,0,3,1,0
2026-05-01 13:01:56,46620,37.59,19.0,24.06,26.0,38,19,OPEN,OPEN,OPEN,3,0,3,1,0
2026-05-01 13:02:56,46680,37.59,19.1,24.10,26.0,38,19,OPEN,OPEN,OPEN,3,0,3,1,0
2026-05-01 13:03:56,46740,37.59,19.1,24.13,26.0,38,19,OPEN,OPEN,OPEN,3,0,3,1,0
2026-05-01 13:04:56,46800,37.59,19.1,24.17,26.0,38,19,OPEN,OPEN,OPEN,3,0,3,1,0
2026-05-01 13:05:56,46860,37.59,19.1,24.19,26.0,38,19,OPEN,OPEN,OPEN,3,0,3,1,0
2026-05-01 13:06:56,46920,37.59,19.1,24.20,25.9,38,19,OPEN,OPEN,OPEN,3,0,3,1,0
2026-05-01 13:07:56,46980,37.59,19.1,24.22,25.9,38,19,OPEN,OPEN,OPEN,3,0,3,1,0
2026-05-01 13:08:56,47040,37.59,19.1,24.24,25.9,38,19,OPEN,OPEN,OPEN,3,0,3,1,0
2026-05-01 13:09:56,47100,37.59,19.1,24.25,25.8,38,19,OPEN,OPEN,OPEN,3,0,3,1,0
2026-05-01 13:10:56,47160,37.59,19.1,24.27,25.8,38,19,OPEN,OPEN,OPEN,3,0,3,1,0
2026-05-01 13:11:56,47220,37.59,19.1,24.29,25.8,38,19,OPEN,OPEN,OPEN,3,0,3,1,0
2026-05-01 13:12:56,47280,37.58,19.1,24.30,25.7,38,19,OPEN,OPEN,OPEN,3,0,3,1,0
2026-05-01 13:13:56,47340,37.58,19.1,24.32,25.7,38,19,OPEN,OPEN,OPEN,3,0,3,1,0
2026-05-01 13:14:56,47400,37.58,19.1,24.34,25.7,38,19,OPEN,OPEN,OPEN,3,0,3,1,0
2026-05-01 13:15:56,47460,37.57,19.1,24.35,25.6,38,19,OPEN,OPEN,OPEN,3,0,3,1,0
2026-05-01 13:16:56,47520,37.57,19.2,24.37,25.6,38,19,OPEN,OPEN,OPEN,3,0,3,1,0
2026-05-01 13:17:56,47580,37.57,19.2,24.39,25.6,38,19,OPEN,OPEN,OPEN,3,0,3,1,0
2026-05-01 13:18:56,47640,37.56,19.2,24.40,25.5,38,19,OPEN,OPEN,OPEN,3,0,3,1,0
2026-05-01 13:19:56,47700,37.56,19.2,24.42,25.5,38,19,OPEN,OPEN,OPEN,3,0,3,1,0
2026-05-01 13:20:56,47760,37.55,19.2,24.44,25.6,38,19,OPEN,OPEN,OPEN,3,0,3,1,0
2026-05-01 13:21:56,47820,37.55,19.2,24.45,25.8,38,19,OPEN,OPEN,OPEN,3,0,3,1,0
2026-05-01 13:22:56,47880,37.54,19.2,24.47,25.9,38,19,OPEN,OPEN,OPEN,3,0,3,1,0
2026-05-01 13:23:56,47940,37.53,19.2,24.49,26.1,38,19,OPEN,OPEN,OPEN,3,0,3,1,0
2026-05-01 13:24:56,48000,37.53,19.3,24.51,26.3,38,19,OPEN,OPEN,OPEN,3,0,3,1,0
2026-05-01 13:25:56,48060,37.52,19.3,24.52,26.4,38,19,OPEN,OPEN,OPEN,3,0,3,1,0
2026-05-01 13:26:56,48120,37.51,19.3,24.54,26.6,38,19,OPEN,OPEN,OPEN,3,0,3,1,0
2026-05-01 13:27:56,48180,37.50,19.3,24.56,26.7,38,19,OPEN,OPEN,OPEN,3,0,3,1,0
2026-05-01 13:28:56,48240,37.50,19.4,24.58,26.9,38,19,OPEN,OPEN,OPEN,3,0,3,1,0
2026-05-01 13:29:56,48300,37.49,19.4,24.59,27.0,38,19,OPEN,OPEN,OPEN,3,0,3,1,0
2026-05-01 13:30:56,48360,37.48,19.4,24.61,27.2,38,19,OPEN,OPEN,OPEN,3,0,3,1,0
2026-05-01 13:31:56,48420,37.47,19.5,24.63,27.3,38,19,OPEN,OPEN,OPEN,3,0,3,1,0
2026-05-01 13:32:56,48480,37.46,19.5,24.65,27.5,37,19,OPEN,OPEN,OPEN,3,0,3,1,0
2026-05-01 13:33:56,48540,37.45,19.6,24.66,27.6,37,19,OPEN,OPEN,OPEN,3,0,3,1,0
2026-05-01 13:34:56,48600,37.44,19.6,24.68,27.8,37,19,OPEN,OPEN,OPEN,3,0,3,1,0
2026-05-01 13:35:56,48660,37.43,19.6,24.66,27.7,37,19,OPEN,OPEN,OPEN,3,0,3,1,0
2026-05-01 13:36:56,48720,37.41,19.7,24.65,27.7,37,19,OPEN,OPEN,OPEN,3,0,3,1,0
2026-05-01 13:37:56,48780,37.40,19.7,24.63,27.6,37,19,OPEN,OPEN,OPEN,3,0,3,1,0
2026-05-01 13:38:56,48840,37.39,19.8,24.61,27.5,37,20,OPEN,OPEN,OPEN,3,0,3,1,0
2026-05-01 13:39:56,48900,37.37,19.8,24.60,27.4,37,20,OPEN,OPEN,OPEN,3,0,3,1,0
2026-05-01 13:40:56,48960,37.35,19.9,24.58,27.4,37,20,OPEN,OPEN,OPEN,3,0,3,1,0
2026-05-01 13:41:56,49020,37.33,19.9,24.56,27.3,37,20,OPEN,OPEN,OPEN,3,0,3,1,0
2026-05-01 13:42:56,49080,37.31,19.9,24.55,27.2,37,20,OPEN,OPEN,OPEN,3,0,3,1,0
2026-05-01 13:43:56,49140,37.29,20.0,24.53,27.1,37,20,OPEN,OPEN,OPEN,3,0,3,1,0
2026-05-01 13:44:56,49200,37.27,20.0,24.51,27.1,37,20,OPEN,OPEN,OPEN,3,0,3,1,0
2026-05-01 13:45:56,49260,37.25,20.1,24.50,27.0,37,20,OPEN,OPEN,OPEN,3,0,3,1,0
2026-05-01 13:46:56,49320,37.22,20.1,24.48,26.9,37,20,OPEN,OPEN,OPEN,3,0,3,1,0
2026-05-01 13:47:56,49380,37.20,20.1,24.46,26.9,37,20,OPEN,OPEN,OPEN,3,0,3,1,0
2026-05-01 13:48:56,49440,37.17,20.2,24.45,26.8,37,20,OPEN,OPEN,OPEN,3,0,3,1,0
2026-05-01 13:49:56,49500,37.14,20.2,24.43,26.7,37,20,OPEN,OPEN,OPEN,3,0,3,1,0
2026-05-01 13:50:56,49560,37.12,20.2,24.44,26.7,37,20,OPEN,OPEN,OPEN,3,0,3,1,0
2026-05-01 13:51:56,49620,37.09,20.3,24.46,26.6,37,20,OPEN,OPEN,OPEN,3,0,3,1,0
2026-05-01 13:52:56,49680,37.06,20.3,24.47,26.6,37,20,OPEN,OPEN,OPEN,3,0,3,1,0
2026-05-01 13:53:56,49740,37.03,20.3,24.49,26.5,37,20,OPEN,OPEN,OPEN,3,0,3,1,0
2026-05-01 13:54:56,49800,37.01,20.4,24.50,26.5,37,20,OPEN,OPEN,OPEN,3,0,3,1,0
2026-05-01 13:55:56,49860,36.98,20.4,24.52,26.4,37,20,OPEN,OPEN,OPEN,3,0,3,1,0
2026-05-01 13:56:56,49920,36.95,20.4,24.53,26.4,37,20,OPEN,OPEN,OPEN,3,0,3,1,0
2026-05-01 13:57:56,49980,36.92,20.5,24.55,26.3,37,20,OPEN,OPEN,OPEN,3,0,3,1,0
2026-05-01 13:58:56,50040,36.89,20.5,24.56,26.3,37,20,OPEN,OPEN,OPEN,3,0,3,1,0
2026-05-01 13:59:56,50100,36.87,20.5,24.58,26.2,37,20,OPEN,OPEN,OPEN,3,0,3,1,0
2026-05-01 14:00:56,50160,36.84,20.6,24.59,26.2,37,20,OPEN,OPEN,OPEN,3,0,3,1,0
2026-05-01 14:01:56,50220,36.81,20.6,24.61,26.1,37,20,OPEN,OPEN,OPEN,3,0,3,1,0
2026-05-01 14:02:56,50280,36.78,20.6,24.62,26.1,37,20,OPEN,OPEN,OPEN,3,0,3,1,0
2026-05-01 14:03:56,50340,36.76,20.7,24.64,26.0,37,20,OPEN,OPEN,OPEN,3,0,3,1,0
2026-05-01 14:04:56,50400,36.73,20.7,24.65,26.0,37,21,OPEN,OPEN,OPEN,3,0,3,1,0
2026-05-01 14:05:56,50460,36.70,20.7,24.66,26.0,37,21,OPEN,OPEN,OPEN,3,0,3,1,0
2026-05-01 14:06:56,50520,36.67,20.8,24.67,25.9,37,21,OPEN,OPEN,OPEN,3,0,3,1,0
2026-05-01 14:07:56,50580,36.64,20.8,24.68,25.9,37,21,OPEN,OPEN,OPEN,3,0,3,1,0
2026-05-01 14:08:56,50640,36.61,20.8,24.69,25.8,37,21,OPEN,OPEN,OPEN,3,0,3,1,0
2026-05-01 14:09:56,50700,36.58,20.9,24.69,25.8,37,21,OPEN,OPEN,OPEN,3,0,3,1,0
2026-05-01 14:10:56,50760,36.55,20.9,24.70,25.8,37,21,OPEN,OPEN,OPEN,3,0,3,1,0
2026-05-01 14:11:56,50820,36.52,20.9,24.71,25.7,37,21,OPEN,OPEN,OPEN,3,0,3,1,0
2026-05-01 14:12:56,50880,36.49,21.0,24.72,25.7,37,21,OPEN,OPEN,OPEN,3,0,3,1,0
2026-05-01 14:13:56,50940,36.46,21.0,24.73,25.7,37,21,OPEN,OPEN,OPEN,3,0,3,1,0
2026-05-01 14:14:56,51000,36.43,21.0,24.74,25.6,37,21,OPEN,OPEN,OPEN,3,0,3,1,0
2026-05-01 14:15:56,51060,36.40,21.1,24.75,25.6,37,21,OPEN,OPEN,OPEN,3,0,3,1,0
2026-05-01 14:16:56,51120,36.37,21.1,24.76,25.5,36,21,OPEN,OPEN,OPEN,3,0,3,1,0
2026-05-01 14:17:56,51180,36.34,21.1,24.77,25.5,36,21,OPEN,OPEN,OPEN,3,0,3,1,0
2026-05-01 14:18:56,51240,36.31,21.2,24.77,25.5,36,21,OPEN,OPEN,OPEN,3,0,3,1,0
2026-05-01 14:19:56,51300,36.28,21.2,24.78,25.4,36,21,OPEN,OPEN,OPEN,3,0,3,1,0
2026-05-01 14:20:56,51360,36.25,21.2,24.79,25.4,36,21,OPEN,OPEN,OPEN,3,0,3,1,0
2026-05-01 14:21:56,51420,36.22,21.3,24.80,25.4,36,21,OPEN,OPEN,OPEN,3,0,3,1,0
2026-05-01 14:22:56,51480,36.18,21.3,24.81,25.3,36,21,OPEN,OPEN,OPEN,3,0,3,1,0
2026-05-01 14:23:56,51540,36.15,21.3,24.82,25.3,36,21,OPEN,OPEN,OPEN,3,0,3,1,0
2026-05-01 14:24:56,51600,36.12,21.4,24.83,25.2,36,21,OPEN,OPEN,OPEN,3,0,3,1,0
2026-05-01 14:25:56,51660,36.09,21.4,24.84,25.2,36,21,OPEN,OPEN,OPEN,3,0,3,1,0
2026-05-01 14:26:56,51720,36.05,21.4,24.85,25.2,36,21,OPEN,OPEN,OPEN,3,0,3,1,0
2026-05-01 14:27:56,51780,36.02,21.5,24.85,25.1,36,21,OPEN,OPEN,OPEN,3,0,3,1,0
2026-05-01 14:28:56,51840,35.99,21.5,24.86,25.1,36,21,OPEN,OPEN,OPEN,3,0,3,1,0
2026-05-01 14:29:56,51900,35.95,21.5,24.87,25.1,36,21,OPEN,OPEN,OPEN,3,0,3,1,0
2026-05-01 14:30:56,51960,35.92,21.6,24.88,25.0,36,21,OPEN,OPEN,OPEN,3,0,3,1,0
2026-05-01 14:31:56,52020,35.89,21.6,24.89,25.0,36,21,OPEN,OPEN,OPEN,3,0,3,1,0
2026-05-01 14:32:56,52080,35.85,21.6,24.90,24.9,36,21,OPEN,OPEN,OPEN,3,0,3,1,0
2026-05-01 14:33:56,52140,35.82,21.7,24.91,24.9,36,21,OPEN,OPEN,OPEN,3,0,3,1,0
2026-05-01 14:34:56,52200,35.78,21.7,24.92,24.9,36,21,OPEN,OPEN,OPEN,3,0,3,1,0
2026-05-01 14:35:56,52260,35.75,21.8,24.92,24.8,36,22,OPEN,OPEN,OPEN,3,0,3,1,0
2026-05-01 14:36:56,52320,35.71,21.8,24.93,24.8,36,22,OPEN,OPEN,OPEN,3,0,3,1,0
2026-05-01 14:37:56,52380,35.68,21.8,24.94,24.8,36,22,OPEN,OPEN,OPEN,3,0,3,1,0
2026-05-01 14:38:56,52440,35.64,21.9,24.95,24.7,36,22,OPEN,OPEN,OPEN,3,0,3,1,0
2026-05-01 14:39:56,52500,35.61,21.9,24.96,24.7,36,22,OPEN,OPEN,OPEN,3,0,3,1,0
2026-05-01 14:40:56,52560,35.57,21.9,24.97,24.6,36,22,OPEN,OPEN,OPEN,3,0,3,1,0
2026-05-01 14:41:56,52620,35.54,22.0,24.98,24.6,36,22,OPEN,OPEN,OPEN,3,0,3,1,0
2026-05-01 14:42:56,52680,35.50,22.0,24.99,24.6,36,22,OPEN,OPEN,OPEN,3,0,3,1,0
2026-05-01 14:43:56,52740,35.46,22.0,25.00,24.5,36,22,OPEN,OPEN,OPEN,3,0,3,1,0
2026-05-01 14:44:56,52800,35.43,22.1,25.00,24.5,36,22,OPEN,OPEN,OPEN,3,0,3,1,0
2026-05-01 14:45:56,52860,35.39,22.1,25.01,24.5,36,22,OPEN,OPEN,OPEN,3,0,3,1,0
2026-05-01 14:46:56,52920,35.35,22.2,25.02,24.4,35,22,OPEN,OPEN,OPEN,3,0,3,1,0
2026-05-01 14:47:56,52980,35.32,22.2,25.03,24.4,35,22,OPEN,OPEN,OPEN,3,0,3,1,0
2026-05-01 14:48:56,53040,35.28,22.2,25.04,24.3,35,22,OPEN,OPEN,OPEN,3,0,3,1,0
2026-05-01 14:49:56,53100,35.24,22.3,25.05,24.3,35,22,OPEN,OPEN,OPEN,3,0,3,1,0
2026-05-01 14:50:56,53160,35.21,22.3,25.05,24.3,35,22,OPEN,OPEN,OPEN,3,0,3,1,0
2026-05-01 14:51:56,53220,35.17,22.4,25.04,24.3,35,22,OPEN,OPEN,OPEN,3,0,3,1,0
2026-05-01 14:52:56,53280,35.13,22.4,25.04,24.3,35,22,OPEN,OPEN,OPEN,3,0,3,1,0
2026-05-01 14:53:56,53340,35.09,22.4,25.03,24.3,35,22,OPEN,OPEN,OPEN,3,0,3,1,0
2026-05-01 14:54:56,53400,35.05,22.5,25.02,24.3,35,22,OPEN,OPEN,OPEN,3,0,3,1,0
2026-05-01 14:55:56,53460,35.01,22.5,25.02,24.2,35,22,OPEN,OPEN,OPEN,3,0,3,1,0
2026-05-01 14:56:56,53520,34.97,22.6,25.01,24.2,35,22,OPEN,OPEN,OPEN,3,0,3,1,0
2026-05-01 14:57:56,53580,34.93,22.6,25.01,24.2,35,22,OPEN,OPEN,OPEN,3,0,3,1,0
2026-05-01 14:58:56,53640,34.89,22.6,25.00,24.2,35,22,OPEN,OPEN,OPEN,3,0,3,1,0
2026-05-01 14:59:56,53700,34.85,22.7,25.00,24.2,35,22,OPEN,OPEN,OPEN,3,0,3,1,0
2026-05-01 15:00:56,53760,34.80,22.7,24.99,24.2,35,22,OPEN,OPEN,OPEN,3,0,3,1,0
2026-05-01 15:01:56,53820,34.76,22.8,24.99,24.2,35,22,OPEN,OPEN,OPEN,3,0,3,1,0
2026-05-01 15:02:56,53880,34.72,22.8,24.98,24.2,35,23,OPEN,OPEN,OPEN,3,0,3,1,0
2026-05-01 15:03:56,53940,34.67,22.9,24.98,24.2,35,23,OPEN,OPEN,OPEN,3,0,3,1,0
2026-05-01 15:04:56,54000,34.63,22.9,24.97,24.2,35,23,OPEN,OPEN,OPEN,3,0,3,1,0
2026-05-01 15:05:56,54060,34.59,23.0,24.97,24.2,35,23,OPEN,OPEN,OPEN,3,0,3,1,0
2026-05-01 15:06:56,54120,34.54,23.0,24.96,24.1,35,23,OPEN,OPEN,OPEN,3,0,3,1,0
2026-05-01 15:07:56,54180,34.50,23.1,24.96,24.1,35,23,OPEN,OPEN,OPEN,3,0,3,1,0
2026-05-01 15:08:56,54240,34.45,23.1,24.95,24.1,35,23,OPEN,OPEN,OPEN,3,0,3,1,0
2026-05-01 15:09:56,54300,34.40,23.2,24.95,24.1,35,23,OPEN,OPEN,OPEN,3,0,3,1,0
2026-05-01 15:10:56,54360,34.36,23.2,24.94,24.1,35,23,OPEN,OPEN,OPEN,3,0,3,1,0
2026-05-01 15:11:56,54420,34.31,23.3,24.94,24.1,34,23,OPEN,OPEN,OPEN,3,0,3,1,0
2026-05-01 15:12:56,54480,34.26,23.3,24.93,24.1,34,23,OPEN,OPEN,OPEN,3,0,3,1,0
2026-05-01 15:13:56,54540,34.22,23.4,24.93,24.1,34,23,OPEN,OPEN,OPEN,3,0,3,1,0
2026-05-01 15:14:56,54600,34.17,23.5,24.92,24.1,34,23,OPEN,OPEN,OPEN,3,0,3,1,0
2026-05-01 15:15:56,54660,34.12,23.5,24.92,24.1,34,23,OPEN,OPEN,OPEN,3,0,3,1,0
2026-05-01 15:16:56,54720,34.07,23.6,24.91,24.1,34,23,OPEN,OPEN,OPEN,3,0,3,1,0
2026-05-01 15:17:56,54780,34.02,23.6,24.91,24.1,34,23,OPEN,OPEN,OPEN,3,0,3,1,0
2026-05-01 15:18:56,54840,33.98,23.7,24.90,24.0,34,23,OPEN,OPEN,OPEN,3,0,3,1,0
2026-05-01 15:19:56,54900,33.93,23.7,24.90,24.0,34,23,OPEN,OPEN,OPEN,3,0,3,1,0
2026-05-01 15:20:56,54960,33.88,23.8,24.89,24.0,34,23,OPEN,OPEN,OPEN,3,0,3,1,0
2026-05-01 15:21:56,55020,33.83,23.9,24.89,24.0,34,23,OPEN,OPEN,OPEN,3,0,3,1,0
2026-05-01 15:22:56,55080,33.78,23.9,24.88,24.0,34,24,OPEN,OPEN,OPEN,3,0,3,1,0
2026-05-01 15:23:56,55140,33.73,24.0,24.88,24.0,34,24,OPEN,OPEN,OPEN,3,0,3,1,0
2026-05-01 15:24:56,55200,33.68,24.0,24.87,24.0,34,24,OPEN,OPEN,OPEN,3,0,3,1,0
2026-05-01 15:25:56,55260,33.63,24.1,24.87,24.0,34,24,OPEN,OPEN,OPEN,3,0,3,1,0
2026-05-01 15:26:56,55320,33.58,24.2,24.86,24.0,34,24,OPEN,OPEN,OPEN,3,0,3,1,0
2026-05-01 15:27:56,55380,33.53,24.2,24.86,24.0,34,24,OPEN,OPEN,OPEN,3,0,3,1,0
2026-05-01 15:28:56,55440,33.48,24.3,24.85,24.0,34,24,OPEN,OPEN,OPEN,3,0,3,1,0
2026-05-01 15:29:56,55500,33.43,24.4,24.85,23.9,34,24,OPEN,OPEN,OPEN,3,0,3,1,0
2026-05-01 15:30:56,55560,33.37,24.4,24.84,23.9,34,24,OPEN,OPEN,OPEN,3,0,3,1,0
2026-05-01 15:31:56,55620,33.32,24.5,24.84,23.9,34,24,OPEN,OPEN,OPEN,3,0,3,1,0
2026-05-01 15:32:56,55680,33.27,24.5,24.83,23.9,33,24,OPEN,OPEN,OPEN,3,0,3,1,0
2026-05-01 15:33:56,55740,33.22,24.6,24.83,23.9,33,24,OPEN,OPEN,OPEN,3,0,3,1,0
2026-05-01 15:34:56,55800,33.17,24.7,24.82,23.9,33,24,OPEN,OPEN,OPEN,3,0,3,1,0
2026-05-01 15:35:56,55860,33.11,24.7,24.82,23.9,33,24,OPEN,OPEN,OPEN,3,0,3,1,0
2026-05-01 15:36:56,55920,33.06,24.8,24.81,23.9,33,24,OPEN,OPEN,OPEN,3,0,3,1,0
2026-05-01 15:37:56,55980,33.01,24.9,24.81,23.9,33,24,OPEN,OPEN,OPEN,3,0,3,1,0
2026-05-01 15:38:56,56040,32.96,24.9,24.81,23.9,33,25,OPEN,OPEN,OPEN,3,0,3,1,0
2026-05-01 15:39:56,56100,32.91,25.0,24.81,23.9,33,25,OPEN,OPEN,OPEN,3,0,3,1,0
2026-05-01 15:40:56,56160,32.85,25.1,24.80,23.9,33,25,OPEN,OPEN,OPEN,3,0,3,1,0
2026-05-01 15:41:56,56220,32.80,25.1,24.80,23.9,33,25,OPEN,OPEN,OPEN,3,0,3,1,0
2026-05-01 15:42:56,56280,32.75,25.2,24.80,23.8,33,25,OPEN,OPEN,OPEN,3,0,3,1,0
2026-05-01 15:43:56,56340,32.70,25.3,24.80,23.8,33,25,OPEN,OPEN,OPEN,3,0,3,1,0
2026-05-01 15:44:56,56400,32.64,25.3,24.79,23.8,33,25,OPEN,OPEN,OPEN,3,0,3,1,0
2026-05-01 15:45:56,56460,32.59,25.4,24.79,23.8,33,25,OPEN,OPEN,OPEN,3,0,3,1,0
2026-05-01 15:46:56,56520,32.54,25.5,24.79,23.8,33,25,OPEN,OPEN,OPEN,3,0,3,1,0
2026-05-01 15:47:56,56580,32.49,25.6,24.79,23.8,33,25,OPEN,OPEN,OPEN,3,0,3,1,0
2026-05-01 15:48:56,56640,32.43,25.6,24.78,23.8,33,25,OPEN,OPEN,OPEN,3,0,3,1,0
2026-05-01 15:49:56,56700,32.38,25.7,24.78,23.8,33,25,OPEN,OPEN,OPEN,3,0,3,1,0
2026-05-01 15:50:56,56760,32.33,25.8,24.79,23.9,33,25,OPEN,OPEN,OPEN,3,0,3,1,0
2026-05-01 15:51:56,56820,32.28,25.8,24.79,24.1,32,25,OPEN,OPEN,OPEN,3,0,3,1,0
2026-05-01 15:52:56,56880,32.22,25.9,24.80,24.2,32,25,OPEN,OPEN,OPEN,3,0,3,1,0
2026-05-01 15:53:56,56940,32.17,26.0,24.81,24.4,32,26,OPEN,OPEN,OPEN,3,0,3,1,0
2026-05-01 15:54:56,57000,32.12,26.1,24.82,24.5,32,26,OPEN,OPEN,OPEN,3,0,3,1,0
2026-05-01 15:55:56,57060,32.07,26.2,24.82,24.7,32,26,OPEN,OPEN,OPEN,3,0,3,1,0
2026-05-01 15:56:56,57120,32.02,26.3,24.83,24.8,32,26,OPEN,OPEN,OPEN,3,0,3,1,0
2026-05-01 15:57:56,57180,31.97,26.4,24.84,25.0,32,26,OPEN,OPEN,OPEN,3,0,3,1,0
2026-05-01 15:58:56,57240,31.92,26.5,24.85,25.1,32,26,OPEN,OPEN,OPEN,3,0,3,1,0
2026-05-01 15:59:56,57300,31.87,26.6,24.85,25.3,32,26,OPEN,OPEN,OPEN,3,0,3,1,0
2026-05-01 16:00:56,57360,31.82,26.7,24.86,25.4,32,26,OPEN,OPEN,OPEN,3,0,3,1,0
2026-05-01 16:01:56,57420,31.77,26.8,24.87,25.6,32,26,OPEN,OPEN,OPEN,3,0,3,1,0
2026-05-01 16:02:56,57480,31.72,26.9,24.88,25.7,32,26,OPEN,OPEN,OPEN,3,0,3,1,0
2026-05-01 16:03:56,57540,31.67,27.0,24.88,25.9,32,26,OPEN,OPEN,OPEN,3,0,3,1,0
2026-05-01 16:04:56,57600,31.62,27.1,24.89,26.0,32,26,OPEN,OPEN,OPEN,3,0,3,1,0
2026-05-01 16:05:56,57660,31.57,27.2,24.87,26.0,32,27,OPEN,OPEN,OPEN,3,0,3,1,0
2026-05-01 16:06:56,57720,31.52,27.3,24.86,26.0,32,27,OPEN,OPEN,OPEN,3,0,3,1,0
2026-05-01 16:07:56,57780,31.47,27.4,24.84,26.0,32,27,OPEN,OPEN,OPEN,3,0,3,1,0
2026-05-01 16:08:56,57840,31.42,27.5,24.82,26.0,32,27,OPEN,OPEN,OPEN,3,0,3,1,0
2026-05-01 16:09:56,57900,31.36,27.6,24.80,26.0,32,27,OPEN,OPEN,OPEN,3,0,3,1,0
2026-05-01 16:10:56,57960,31.31,27.8,24.79,26.0,31,27,OPEN,OPEN,OPEN,3,0,3,1,0
2026-05-01 16:11:56,58020,31.26,27.9,24.77,26.0,31,27,OPEN,OPEN,OPEN,3,0,3,1,0
2026-05-01 16:12:56,58080,31.21,28.0,24.75,26.0,31,27,OPEN,OPEN,OPEN,3,0,3,1,0
2026-05-01 16:13:56,58140,31.15,28.1,24.73,26.0,31,27,OPEN,OPEN,OPEN,3,0,3,1,0
2026-05-01 16:14:56,58200,31.10,28.2,24.72,26.0,31,27,OPEN,OPEN,OPEN,3,0,3,1,0
2026-05-01 16:15:56,58260,31.05,28.3,24.70,26.0,31,28,OPEN,OPEN,OPEN,3,0,3,1,0
2026-05-01 16:16:56,58320,30.99,28.4,24.68,26.0,31,28,OPEN,OPEN,OPEN,3,0,3,1,0
2026-05-01 16:17:56,58380,30.94,28.5,24.66,26.0,31,28,OPEN,OPEN,OPEN,3,0,3,1,0
2026-05-01 16:18:56,58440,30.88,28.6,24.65,26.0,31,28,OPEN,OPEN,OPEN,3,0,3,1,0
2026-05-01 16:19:56,58500,30.83,28.7,24.63,26.1,31,28,OPEN,OPEN,OPEN,3,0,3,1,0
2026-05-01 16:20:56,58560,30.77,28.9,24.61,26.1,31,28,OPEN,OPEN,OPEN,3,0,3,1,0
2026-05-01 16:21:56,58620,30.72,29.0,24.60,26.1,31,28,OPEN,OPEN,OPEN,3,0,3,1,0
2026-05-01 16:22:56,58680,30.66,29.1,24.58,26.1,31,28,OPEN,OPEN,OPEN,3,0,3,1,0
2026-05-01 16:23:56,58740,30.60,29.2,24.56,26.1,31,28,OPEN,OPEN,OPEN,3,0,3,1,0
2026-05-01 16:24:56,58800,30.55,29.3,24.54,26.1,31,29,OPEN,OPEN,OPEN,3,0,3,1,0
2026-05-01 16:25:56,58860,30.49,29.4,24.53,26.1,31,29,OPEN,OPEN,OPEN,3,0,3,1,0
2026-05-01 16:26:56,58920,30.43,29.5,24.51,26.1,31,29,OPEN,OPEN,OPEN,3,0,3,1,0
2026-05-01 16:27:56,58980,30.38,29.6,24.49,26.1,31,29,OPEN,OPEN,OPEN,3,0,3,1,0
2026-05-01 16:28:56,59040,30.32,29.7,24.47,26.1,31,29,OPEN,OPEN,OPEN,3,0,3,1,0
2026-05-01 16:29:56,59100,30.29,29.8,24.46,26.1,30,29,OPEN,OPEN,MOVING_CLOSE,2,0,2,1,0
2026-05-01 16:30:56,59160,30.33,30.0,24.44,26.1,30,29,OPEN,OPEN,MOVING_CLOSE,2,0,2,1,0
2026-05-01 16:31:56,59220,30.36,30.1,24.42,26.1,30,29,OPEN,OPEN,MOVING_CLOSE,2,0,2,1,0
2026-05-01 16:32:56,59280,30.39,30.2,24.40,26.1,30,29,OPEN,OPEN,CLOSED,2,0,2,1,0
2026-05-01 16:33:56,59340,30.42,30.4,24.39,26.1,30,30,OPEN,OPEN,CLOSED,2,0,2,1,0
2026-05-01 16:34:56,59400,30.44,30.5,24.37,26.1,30,30,OPEN,OPEN,CLOSED,2,0,2,1,0
2026-05-01 16:35:56,59460,30.47,30.6,24.37,26.0,30,30,OPEN,OPEN,CLOSED,2,0,2,1,0
2026-05-01 16:36:56,59520,30.49,30.7,24.37,25.9,30,30,OPEN,OPEN,CLOSED,2,0,2,1,0
2026-05-01 16:37:56,59580,30.51,30.9,24.37,25.9,30,30,OPEN,OPEN,CLOSED,2,0,2,1,0
2026-05-01 16:38:56,59640,30.53,31.0,24.38,25.8,30,30,OPEN,OPEN,CLOSED,2,0,2,1,0
2026-05-01 16:39:56,59700,30.54,31.1,24.38,25.7,30,30,OPEN,OPEN,CLOSED,2,0,2,1,0
2026-05-01 16:40:56,59760,30.56,31.3,24.38,25.6,30,30,OPEN,OPEN,CLOSED,2,0,2,1,0
2026-05-01 16:41:56,59820,30.57,31.4,24.38,25.5,31,31,OPEN,OPEN,CLOSED,3,0,3,1,0
2026-05-01 16:42:56,59880,30.59,31.5,24.38,25.5,31,31,OPEN,OPEN,MOVING_OPEN,3,0,3,1,0
2026-05-01 16:43:56,59940,30.60,31.6,24.38,25.4,31,31,OPEN,OPEN,MOVING_OPEN,3,0,3,1,0
2026-05-01 16:44:56,60000,30.61,31.8,24.38,25.3,31,31,OPEN,OPEN,MOVING_OPEN,3,0,3,1,0
2026-05-01 16:45:56,60060,30.60,31.9,24.38,25.2,31,31,OPEN,OPEN,OPEN,3,0,3,1,0
2026-05-01 16:46:56,60120,30.51,32.0,24.39,25.1,31,31,OPEN,OPEN,OPEN,3,0,3,1,0
2026-05-01 16:47:56,60180,30.42,32.0,24.39,25.1,31,31,OPEN,OPEN,OPEN,3,0,3,1,0
2026-05-01 16:48:56,60240,30.33,32.1,24.39,25.0,31,31,OPEN,OPEN,OPEN,3,0,3,1,0
2026-05-01 16:49:56,60300,30.24,32.2,24.39,24.9,31,32,OPEN,OPEN,OPEN,3,0,3,1,0
2026-05-01 16:50:56,60360,30.16,32.3,24.38,24.9,30,32,OPEN,OPEN,OPEN,2,0,2,1,0
2026-05-01 16:51:56,60420,30.07,32.3,24.37,25.0,30,32,OPEN,OPEN,OPEN,2,0,2,1,0
2026-05-01 16:52:56,60480,29.99,32.4,24.37,25.0,30,32,OPEN,OPEN,OPEN,2,0,2,1,0
2026-05-01 16:53:56,60540,29.91,32.5,24.36,25.1,30,32,OPEN,OPEN,OPEN,2,0,2,1,0
2026-05-01 16:54:56,60600,29.82,32.6,24.35,25.1,30,32,OPEN,OPEN,OPEN,2,0,2,1,0
2026-05-01 16:55:56,60660,29.74,32.7,24.34,25.1,30,32,OPEN,OPEN,OPEN,2,0,2,1,0
2026-05-01 16:56:56,60720,29.66,32.7,24.33,25.2,30,32,OPEN,OPEN,OPEN,2,0,2,1,0
2026-05-01 16:57:56,60780,29.58,32.8,24.33,25.2,30,32,OPEN,OPEN,OPEN,2,0,2,1,0
2026-05-01 16:58:56,60840,29.51,32.9,24.32,25.3,30,32,OPEN,OPEN,OPEN,2,0,2,1,0
2026-05-01 16:59:56,60900,29.43,33.0,24.31,25.3,30,32,OPEN,OPEN,OPEN,2,0,2,1,0
2026-05-01 17:00:56,60960,29.35,33.1,24.30,25.3,30,33,OPEN,OPEN,OPEN,2,0,2,1,0
2026-05-01 17:01:56,61020,29.28,33.2,24.29,25.4,30,33,OPEN,OPEN,OPEN,2,0,2,1,0
2026-05-01 17:02:56,61080,29.21,33.2,24.29,25.4,29,33,OPEN,MOVING_CLOSE,OPEN,1,0,1,1,0
2026-05-01 17:03:56,61140,29.15,33.4,24.28,25.5,29,33,OPEN,CLOSED,OPEN,1,0,1,1,0
2026-05-01 17:04:56,61200,29.09,33.5,24.27,25.5,29,33,OPEN,CLOSED,OPEN,1,0,1,1,0
2026-05-01 17:05:56,61260,29.03,33.6,24.25,25.5,29,33,OPEN,CLOSED,OPEN,1,0,1,1,0
2026-05-01 17:06:56,61320,28.97,33.7,24.24,25.5,29,33,OPEN,CLOSED,OPEN,1,0,1,1,0
2026-05-01 17:07:56,61380,28.92,33.8,24.22,25.6,29,33,OPEN,CLOSED,OPEN,1,0,1,1,0
2026-05-01 17:08:56,61440,28.86,33.9,24.20,25.6,29,33,OPEN,CLOSED,OPEN,1,0,1,1,0
2026-05-01 17:09:56,61500,28.80,34.0,24.19,25.6,29,33,OPEN,CLOSED,OPEN,1,0,1,1,0
2026-05-01 17:10:56,61560,28.74,34.1,24.17,25.6,29,33,OPEN,CLOSED,MOVING_CLOSE,1,0,1,1,0
2026-05-01 17:11:56,61620,28.76,34.3,24.15,25.6,29,34,OPEN,CLOSED,MOVING_CLOSE,1,0,1,1,0
2026-05-01 17:12:56,61680,28.77,34.5,24.13,25.6,29,34,OPEN,CLOSED,MOVING_CLOSE,1,0,1,1,0
2026-05-01 17:13:56,61740,28.78,34.7,24.12,25.6,29,34,OPEN,CLOSED,CLOSED,1,0,1,1,0
2026-05-01 17:14:56,61800,28.79,34.9,24.10,25.7,29,34,OPEN,CLOSED,CLOSED,1,0,1,1,0
2026-05-01 17:15:56,61860,28.80,35.1,24.08,25.7,29,34,OPEN,CLOSED,CLOSED,1,0,1,1,0
2026-05-01 17:16:56,61920,28.81,35.3,24.07,25.7,29,34,OPEN,CLOSED,CLOSED,1,0,1,1,0
2026-05-01 17:17:56,61980,28.81,35.5,24.05,25.7,29,34,OPEN,CLOSED,CLOSED,1,0,1,1,0
2026-05-01 17:18:56,62040,28.82,35.6,24.03,25.7,29,35,OPEN,CLOSED,CLOSED,1,0,1,1,0
2026-05-01 17:19:56,62100,28.82,35.8,24.02,25.7,29,35,OPEN,CLOSED,CLOSED,1,0,1,1,0
2026-05-01 17:20:56,62160,28.82,36.0,24.00,25.8,29,35,OPEN,CLOSED,CLOSED,1,0,1,1,0
2026-05-01 17:21:56,62220,28.82,36.2,23.98,25.8,29,35,OPEN,CLOSED,CLOSED,1,0,1,1,0
2026-05-01 17:22:56,62280,28.82,36.4,23.96,25.8,29,35,OPEN,CLOSED,CLOSED,1,0,1,1,0
2026-05-01 17:23:56,62340,28.82,36.6,23.95,25.8,29,35,OPEN,CLOSED,CLOSED,1,0,1,1,0
2026-05-01 17:24:56,62400,28.82,36.8,23.93,25.8,29,36,OPEN,CLOSED,CLOSED,1,0,1,1,0
2026-05-01 17:25:56,62460,28.82,37.0,23.91,25.8,29,36,OPEN,CLOSED,CLOSED,1,0,1,1,0
2026-05-01 17:26:56,62520,28.81,37.2,23.90,25.9,29,36,OPEN,CLOSED,CLOSED,1,0,1,1,0
2026-05-01 17:27:56,62580,28.80,37.4,23.88,25.9,29,36,OPEN,CLOSED,CLOSED,1,0,1,1,0
2026-05-01 17:28:56,62640,28.80,37.6,23.86,25.9,29,36,OPEN,CLOSED,CLOSED,1,0,1,1,0
2026-05-01 17:29:56,62700,28.79,37.8,23.85,25.9,29,37,OPEN,CLOSED,CLOSED,1,0,1,1,0
2026-05-01 17:30:56,62760,28.78,38.0,23.83,25.9,29,37,OPEN,CLOSED,CLOSED,1,0,1,1,0
2026-05-01 17:31:56,62820,28.77,38.2,23.81,25.9,29,37,OPEN,CLOSED,CLOSED,1,0,1,1,0
2026-05-01 17:32:56,62880,28.76,38.4,23.80,26.0,29,37,OPEN,CLOSED,CLOSED,1,0,1,1,0
2026-05-01 17:33:56,62940,28.74,38.6,23.78,26.0,29,37,OPEN,CLOSED,CLOSED,1,0,1,1,0
2026-05-01 17:34:56,63000,28.73,38.8,23.76,26.0,29,38,OPEN,CLOSED,CLOSED,1,0,1,1,0
2026-05-01 17:35:56,63060,28.72,39.0,23.74,26.0,29,38,OPEN,CLOSED,CLOSED,1,0,1,1,0
2026-05-01 17:36:56,63120,28.70,39.2,23.72,26.1,29,38,OPEN,CLOSED,CLOSED,1,0,1,1,0
2026-05-01 17:37:56,63180,28.68,39.4,23.70,26.1,29,38,OPEN,CLOSED,CLOSED,1,0,1,1,0
2026-05-01 17:38:56,63240,28.67,39.6,23.68,26.1,29,38,OPEN,CLOSED,CLOSED,1,0,1,1,0
2026-05-01 17:39:56,63300,28.65,39.8,23.65,26.1,29,38,OPEN,CLOSED,CLOSED,1,0,1,1,0
2026-05-01 17:40:56,63360,28.63,40.0,23.63,26.2,29,39,OPEN,CLOSED,CLOSED,1,0,1,1,0
2026-05-01 17:41:56,63420,28.61,40.3,23.61,26.2,29,39,OPEN,CLOSED,CLOSED,1,0,1,1,0
2026-05-01 17:42:56,63480,28.59,40.5,23.59,26.2,29,39,OPEN,CLOSED,CLOSED,1,0,1,1,0
2026-05-01 17:43:56,63540,28.56,40.7,23.57,26.2,29,39,OPEN,CLOSED,CLOSED,1,0,1,1,0
2026-05-01 17:44:56,63600,28.54,40.9,23.55,26.3,29,40,OPEN,CLOSED,CLOSED,1,0,1,1,0
2026-05-01 17:45:56,63660,28.52,41.1,23.53,26.3,29,40,OPEN,CLOSED,CLOSED,1,0,1,1,0
2026-05-01 17:46:56,63720,28.49,41.3,23.50,26.3,29,40,OPEN,CLOSED,CLOSED,1,0,1,1,0
2026-05-01 17:47:56,63780,28.47,41.5,23.48,26.3,29,40,OPEN,CLOSED,CLOSED,1,0,1,1,0
2026-05-01 17:48:56,63840,28.44,41.7,23.46,26.4,29,40,OPEN,CLOSED,CLOSED,1,0,1,1,0
2026-05-01 17:49:56,63900,28.41,41.9,23.44,26.4,29,41,OPEN,CLOSED,CLOSED,1,0,1,1,0
2026-05-01 17:50:56,63960,28.39,42.1,23.42,26.6,28,41,OPEN,CLOSED,CLOSED,1,0,1,1,0
2026-05-01 17:51:56,64020,28.36,42.4,23.40,26.7,28,41,OPEN,CLOSED,CLOSED,1,0,1,1,0
2026-05-01 17:52:56,64080,28.33,42.6,23.38,26.9,28,41,OPEN,CLOSED,CLOSED,1,0,1,1,0
2026-05-01 17:53:56,64140,28.30,42.8,23.36,27.0,28,41,OPEN,CLOSED,CLOSED,1,0,1,1,0
2026-05-01 17:54:56,64200,28.27,43.0,23.34,27.2,28,42,OPEN,CLOSED,CLOSED,1,0,1,1,0
2026-05-01 17:55:56,64260,28.24,43.2,23.32,27.3,28,42,OPEN,CLOSED,CLOSED,1,0,1,1,0
2026-05-01 17:56:56,64320,28.21,43.5,23.30,27.5,28,42,OPEN,CLOSED,CLOSED,1,0,1,1,0
2026-05-01 17:57:56,64380,28.17,43.7,23.28,27.6,28,42,OPEN,CLOSED,CLOSED,1,0,1,1,0
2026-05-01 17:58:56,64440,28.14,43.9,23.26,27.8,28,43,OPEN,CLOSED,CLOSED,1,0,1,1,0
2026-05-01 17:59:56,64500,28.11,44.1,23.23,27.9,28,43,OPEN,CLOSED,CLOSED,1,0,1,1,0
2026-05-01 18:00:56,64560,28.07,44.4,23.21,28.1,28,43,OPEN,CLOSED,CLOSED,1,0,1,1,0
2026-05-01 18:01:56,64620,28.04,44.6,23.19,28.2,28,43,OPEN,CLOSED,CLOSED,1,0,1,1,0
2026-05-01 18:02:56,64680,28.01,44.8,23.17,28.4,28,43,OPEN,CLOSED,CLOSED,1,0,1,1,0
2026-05-01 18:03:56,64740,27.97,45.1,23.15,28.5,28,44,OPEN,CLOSED,CLOSED,1,0,1,1,0
2026-05-01 18:04:56,64800,27.93,45.3,23.13,28.7,28,44,OPEN,CLOSED,CLOSED,1,0,1,1,0
2026-05-01 18:05:56,64860,27.90,45.6,23.10,28.7,28,44,OPEN,CLOSED,CLOSED,1,0,1,1,0
2026-05-01 18:06:56,64920,27.86,45.8,23.07,28.6,28,44,OPEN,CLOSED,CLOSED,1,0,1,1,0
2026-05-01 18:07:56,64980,27.82,46.0,23.04,28.6,28,44,OPEN,CLOSED,CLOSED,1,0,1,1,0
2026-05-01 18:08:56,65040,27.79,46.3,23.00,28.5,28,45,OPEN,CLOSED,CLOSED,1,0,1,1,0
2026-05-01 18:09:56,65100,27.75,46.5,22.97,28.5,28,45,OPEN,CLOSED,CLOSED,1,0,1,1,0
2026-05-01 18:10:56,65160,27.71,46.7,22.94,28.5,28,45,OPEN,CLOSED,CLOSED,1,0,1,1,0
2026-05-01 18:11:56,65220,27.67,47.0,22.90,28.4,28,45,OPEN,CLOSED,CLOSED,1,0,1,1,0
2026-05-01 18:12:56,65280,27.63,47.2,22.87,28.4,28,46,OPEN,CLOSED,CLOSED,1,0,1,1,0
2026-05-01 18:13:56,65340,27.59,47.5,22.84,28.3,28,46,OPEN,CLOSED,CLOSED,1,0,1,1,0
2026-05-01 18:14:56,65400,27.55,47.7,22.81,28.3,28,46,OPEN,CLOSED,CLOSED,1,0,1,1,0
2026-05-01 18:15:56,65460,27.50,47.9,22.77,28.3,28,46,OPEN,CLOSED,CLOSED,1,0,1,1,0
2026-05-01 18:16:56,65520,27.46,48.2,22.74,28.2,28,47,OPEN,CLOSED,CLOSED,1,0,1,1,0
2026-05-01 18:17:56,65580,27.42,48.4,22.71,28.2,28,47,OPEN,CLOSED,CLOSED,1,0,1,1,0
2026-05-01 18:18:56,65640,27.38,48.6,22.68,28.1,28,47,OPEN,CLOSED,CLOSED,1,0,1,1,0
2026-05-01 18:19:56,65700,27.33,48.9,22.64,28.1,28,47,OPEN,CLOSED,CLOSED,1,0,1,1,0
2026-05-01 18:20:56,65760,27.29,49.1,22.60,28.2,27,48,OPEN,CLOSED,CLOSED,1,0,1,1,0
2026-05-01 18:21:56,65820,27.25,49.4,22.55,28.3,27,48,OPEN,CLOSED,CLOSED,1,0,1,1,0
2026-05-01 18:22:56,65880,27.20,49.6,22.51,28.4,27,48,OPEN,CLOSED,CLOSED,1,0,1,1,0
2026-05-01 18:23:56,65940,27.16,49.8,22.46,28.5,27,48,OPEN,CLOSED,CLOSED,1,0,1,1,0
2026-05-01 18:24:56,66000,27.11,50.1,22.41,28.6,27,49,OPEN,CLOSED,CLOSED,1,0,1,1,0
2026-05-01 18:25:56,66060,27.07,50.3,22.37,28.7,27,49,OPEN,CLOSED,CLOSED,1,0,1,1,0
2026-05-01 18:26:56,66120,27.02,50.6,22.32,28.8,27,49,OPEN,CLOSED,CLOSED,1,0,1,1,0
2026-05-01 18:27:56,66180,26.97,50.8,22.27,28.9,27,49,OPEN,CLOSED,CLOSED,1,0,1,1,0
2026-05-01 18:28:56,66240,26.93,51.1,22.23,29.1,27,50,OPEN,CLOSED,CLOSED,1,-1,1,1,0
2026-05-01 18:29:56,66300,26.88,51.3,22.18,29.2,27,50,OPEN,CLOSED,CLOSED,1,-1,1,1,0
2026-05-01 18:30:56,66360,26.83,51.6,22.13,29.3,27,50,OPEN,CLOSED,CLOSED,1,-1,1,1,0
2026-05-01 18:31:56,66420,26.78,51.8,22.09,29.4,27,50,OPEN,CLOSED,CLOSED,1,-1,1,1,0
2026-05-01 18:32:56,66480,26.73,52.1,22.04,29.5,27,51,OPEN,CLOSED,CLOSED,1,-1,1,1,0
2026-05-01 18:33:56,66540,26.68,52.3,22.00,29.6,27,51,OPEN,CLOSED,CLOSED,1,-1,1,1,0
2026-05-01 18:34:56,66600,26.64,52.6,21.95,29.7,27,51,OPEN,CLOSED,CLOSED,1,-1,1,1,0
2026-05-01 18:35:56,66660,26.59,52.9,21.86,29.9,27,51,OPEN,CLOSED,CLOSED,1,-1,1,1,0
2026-05-01 18:36:56,66720,26.53,53.1,21.77,30.0,27,52,OPEN,CLOSED,CLOSED,1,-1,1,1,0
2026-05-01 18:37:56,66780,26.48,53.4,21.68,30.2,27,52,OPEN,CLOSED,CLOSED,1,-1,1,1,0
2026-05-01 18:38:56,66840,26.43,53.7,21.59,30.3,27,52,OPEN,CLOSED,CLOSED,1,-1,1,1,0
2026-05-01 18:39:56,66900,26.38,53.9,21.50,30.5,27,52,OPEN,CLOSED,CLOSED,1,-1,1,1,0
2026-05-01 18:40:56,66960,26.33,54.2,21.41,30.6,27,53,OPEN,CLOSED,CLOSED,1,-1,1,1,0
2026-05-01 18:41:56,67020,26.27,54.5,21.32,30.8,26,53,OPEN,CLOSED,CLOSED,1,-1,1,1,0
2026-05-01 18:42:56,67080,26.22,54.7,21.23,30.9,26,53,OPEN,CLOSED,CLOSED,1,-1,1,1,0
2026-05-01 18:43:56,67140,26.16,55.0,21.14,31.1,26,53,OPEN,CLOSED,CLOSED,1,-1,1,1,0
2026-05-01 18:44:56,67200,26.11,55.3,21.06,31.2,26,54,OPEN,CLOSED,CLOSED,1,-1,1,1,0
2026-05-01 18:45:56,67260,26.05,55.6,20.97,31.4,26,54,OPEN,CLOSED,CLOSED,1,-1,1,1,0
2026-05-01 18:46:56,67320,25.99,55.9,20.88,31.5,26,54,OPEN,CLOSED,CLOSED,1,-1,1,1,0
2026-05-01 18:47:56,67380,25.93,56.1,20.79,31.7,26,54,OPEN,CLOSED,CLOSED,1,-1,1,1,0
2026-05-01 18:48:56,67440,25.88,56.4,20.70,31.8,26,55,OPEN,CLOSED,CLOSED,1,-1,1,1,0
2026-05-01 18:49:56,67500,25.82,56.7,20.61,32.0,26,55,OPEN,CLOSED,CLOSED,1,-1,1,1,0
2026-05-01 18:50:56,67560,25.76,57.0,20.47,32.3,26,55,OPEN,CLOSED,CLOSED,1,-1,1,1,0
2026-05-01 18:51:56,67620,25.70,57.3,20.34,32.6,26,55,OPEN,CLOSED,CLOSED,1,-1,1,1,0
2026-05-01 18:52:56,67680,25.63,57.6,20.20,32.9,26,56,OPEN,CLOSED,CLOSED,1,-1,1,1,0
2026-05-01 18:53:56,67740,25.57,57.9,20.06,33.2,26,56,OPEN,CLOSED,CLOSED,1,-1,1,1,0
2026-05-01 18:54:56,67800,25.51,58.2,19.93,33.5,26,56,OPEN,CLOSED,CLOSED,1,-1,1,1,0
2026-05-01 18:55:56,67860,25.44,58.5,19.79,33.8,26,57,OPEN,CLOSED,CLOSED,1,-1,1,1,0
2026-05-01 18:56:56,67920,25.38,58.8,19.65,34.1,26,57,OPEN,CLOSED,CLOSED,1,-1,1,1,0
2026-05-01 18:57:56,67980,25.31,59.2,19.52,34.4,26,57,OPEN,CLOSED,CLOSED,1,-1,1,1,0
2026-05-01 18:58:56,68040,25.25,59.5,19.38,34.6,25,58,OPEN,CLOSED,CLOSED,1,-1,1,1,0
2026-05-01 18:59:56,68100,25.18,59.8,19.24,34.9,25,58,OPEN,CLOSED,CLOSED,1,-1,1,1,0
2026-05-01 19:00:56,68160,25.11,60.2,19.11,35.2,25,58,OPEN,CLOSED,CLOSED,1,-1,1,1,0
2026-05-01 19:01:56,68220,25.04,60.5,18.97,35.5,25,58,OPEN,CLOSED,CLOSED,1,-1,1,1,0
2026-05-01 19:02:56,68280,24.97,60.8,18.84,35.8,25,59,OPEN,CLOSED,CLOSED,1,-1,1,1,0
2026-05-01 19:03:56,68340,24.90,61.2,18.70,36.1,25,59,OPEN,CLOSED,CLOSED,1,-1,1,1,0
2026-05-01 19:04:56,68400,24.83,61.5,18.56,36.4,25,59,OPEN,CLOSED,CLOSED,1,-1,1,1,0
2026-05-01 19:05:56,68460,24.75,61.9,18.43,36.7,25,60,OPEN,MOVING_OPEN,MOVING_OPEN,3,-1,3,0,0
2026-05-01 19:06:56,68520,24.66,62.2,18.29,37.0,25,60,OPEN,OPEN,MOVING_OPEN,3,-1,3,0,0
2026-05-01 19:07:56,68580,24.56,62.5,18.15,37.3,25,60,OPEN,OPEN,MOVING_OPEN,3,-1,3,0,0
2026-05-01 19:08:56,68640,24.42,62.7,18.02,37.6,25,61,OPEN,OPEN,OPEN,3,-1,3,0,0
2026-05-01 19:09:56,68700,24.22,62.9,17.88,37.9,25,61,OPEN,OPEN,OPEN,3,-1,3,0,0
2026-05-01 19:10:56,68760,24.03,63.0,17.74,38.2,25,61,OPEN,OPEN,OPEN,3,-1,3,0,0
2026-05-01 19:11:56,68820,23.83,63.1,17.61,38.5,24,62,OPEN,OPEN,OPEN,3,-1,3,0,0
2026-05-01 19:12:56,68880,23.64,63.3,17.47,38.8,24,62,OPEN,OPEN,OPEN,3,-1,3,0,0
2026-05-01 19:13:56,68940,23.45,63.4,17.34,39.0,24,62,OPEN,OPEN,OPEN,3,-1,3,0,0
2026-05-01 19:14:56,69000,23.27,63.6,17.20,39.3,24,62,OPEN,OPEN,OPEN,3,-1,3,0,0
2026-05-01 19:15:56,69060,23.08,63.7,17.06,39.6,24,63,OPEN,OPEN,OPEN,3,-1,3,0,0
2026-05-01 19:16:56,69120,22.89,63.9,16.93,39.9,24,63,OPEN,OPEN,OPEN,3,-1,3,0,0
2026-05-01 19:17:56,69180,22.71,64.1,16.79,40.2,23,63,OPEN,OPEN,OPEN,3,-1,3,0,0
2026-05-01 19:18:56,69240,22.53,64.3,16.65,40.5,23,63,OPEN,OPEN,OPEN,3,-1,3,0,0
2026-05-01 19:19:56,69300,22.35,64.5,16.52,40.8,23,63,OPEN,OPEN,OPEN,3,-1,3,0,0
2026-05-01 19:20:56,69360,22.17,64.7,16.41,41.4,23,64,OPEN,OPEN,OPEN,3,-1,3,0,0
2026-05-01 19:21:56,69420,21.99,64.9,16.30,41.9,23,64,OPEN,OPEN,OPEN,3,-1,3,0,0
2026-05-01 19:22:56,69480,21.82,65.1,16.18,42.4,22,64,OPEN,OPEN,OPEN,2,-1,2,0,0
2026-05-01 19:23:56,69540,21.65,65.3,16.07,43.0,22,64,OPEN,OPEN,OPEN,2,-1,2,0,0
2026-05-01 19:24:56,69600,21.47,65.6,15.96,43.5,22,64,OPEN,OPEN,OPEN,2,-1,2,0,0
2026-05-01 19:25:56,69660,21.31,65.8,15.85,44.1,22,64,OPEN,OPEN,OPEN,2,-1,2,0,0
2026-05-01 19:26:56,69720,21.14,66.1,15.74,44.6,22,65,OPEN,OPEN,OPEN,2,-1,2,0,0
2026-05-01 19:27:56,69780,20.97,66.3,15.63,45.2,22,65,OPEN,OPEN,OPEN,2,-1,2,0,0
2026-05-01 19:28:56,69840,20.81,66.6,15.52,45.7,21,65,OPEN,MOVING_CLOSE,OPEN,1,-1,1,0,0
2026-05-01 19:29:56,69900,20.66,66.9,15.40,46.3,21,65,OPEN,CLOSED,OPEN,1,-1,1,0,0
2026-05-01 19:30:56,69960,20.52,67.3,15.29,46.8,21,66,OPEN,CLOSED,OPEN,1,-1,1,0,0
2026-05-01 19:31:56,70020,20.37,67.6,15.18,47.4,21,66,OPEN,CLOSED,OPEN,1,-1,1,0,0
2026-05-01 19:32:56,70080,20.23,68.0,15.07,47.9,21,66,OPEN,CLOSED,OPEN,1,-1,1,0,0
2026-05-01 19:33:56,70140,20.12,68.4,14.96,48.5,21,66,OPEN,CLOSED,MOVING_CLOSE,1,-1,1,0,0
2026-05-01 19:34:56,70200,20.06,68.9,14.85,49.0,20,67,OPEN,CLOSED,MOVING_CLOSE,1,-1,1,0,0
2026-05-01 19:35:56,70260,20.00,69.5,14.78,49.4,20,67,OPEN,CLOSED,MOVING_CLOSE,1,-1,1,0,0
2026-05-01 19:36:56,70320,19.94,70.0,14.70,49.8,20,67,OPEN,CLOSED,CLOSED,1,-1,1,0,0
2026-05-01 19:37:56,70380,19.87,70.6,14.63,50.2,20,68,OPEN,CLOSED,CLOSED,1,-1,1,0,0
2026-05-01 19:38:56,70440,19.81,71.1,14.56,50.6,20,68,OPEN,CLOSED,CLOSED,1,-1,1,0,0
2026-05-01 19:39:56,70500,19.75,71.7,14.49,51.0,20,68,OPEN,CLOSED,CLOSED,1,-1,1,0,0
2026-05-01 19:40:56,70560,19.69,72.2,14.42,51.3,20,69,OPEN,CLOSED,CLOSED,1,-1,1,0,0
2026-05-01 19:41:56,70620,19.63,72.8,14.34,51.7,20,69,OPEN,CLOSED,CLOSED,1,-1,1,0,0
2026-05-01 19:42:56,70680,19.57,73.4,14.27,52.1,20,70,OPEN,CLOSED,CLOSED,1,-1,1,0,0
2026-05-01 19:43:56,70740,19.51,73.9,14.20,52.5,20,70,OPEN,CLOSED,CLOSED,1,-1,1,0,0
2026-05-01 19:44:56,70800,19.45,74.5,14.13,52.9,20,71,OPEN,CLOSED,CLOSED,1,-1,1,0,0
2026-05-01 19:45:56,70860,19.39,75.1,14.06,53.3,20,71,OPEN,CLOSED,CLOSED,1,-1,1,0,0
2026-05-01 19:46:56,70920,19.32,75.6,13.98,53.7,20,72,OPEN,CLOSED,CLOSED,1,-1,1,0,0
2026-05-01 19:47:56,70980,19.26,76.2,13.91,54.1,20,72,OPEN,CLOSED,CLOSED,1,-1,1,0,0
2026-05-01 19:48:56,71040,19.20,76.8,13.84,54.5,19,73,OPEN,CLOSED,CLOSED,1,-1,1,0,0
2026-05-01 19:49:56,71100,19.14,77.4,13.77,54.9,19,74,OPEN,CLOSED,CLOSED,1,-1,1,0,0
2026-05-01 19:50:56,71160,19.08,77.9,13.71,55.1,19,74,OPEN,CLOSED,CLOSED,1,-1,1,0,0
2026-05-01 19:51:56,71220,19.02,78.5,13.66,55.2,19,75,OPEN,CLOSED,CLOSED,1,-1,1,0,0
2026-05-01 19:52:56,71280,18.95,79.1,13.61,55.4,19,75,OPEN,CLOSED,CLOSED,1,-1,1,0,0
2026-05-01 19:53:56,71340,18.89,79.7,13.55,55.6,19,76,OPEN,CLOSED,CLOSED,1,-1,1,0,0
2026-05-01 19:54:56,71400,18.83,80.2,13.50,55.8,19,77,OPEN,CLOSED,CLOSED,1,-1,1,0,0
2026-05-01 19:55:56,71460,18.77,80.8,13.45,56.0,19,77,OPEN,CLOSED,CLOSED,1,-1,1,0,0
2026-05-01 19:56:56,71520,18.71,81.4,13.40,56.2,19,78,OPEN,CLOSED,CLOSED,1,-1,1,0,0
2026-05-01 19:57:56,71580,18.65,82.0,13.34,56.3,19,78,OPEN,CLOSED,CLOSED,1,-1,1,0,0
2026-05-01 19:58:56,71640,18.59,82.5,13.29,56.5,19,79,OPEN,CLOSED,CLOSED,1,-1,1,0,0
2026-05-01 19:59:56,71700,18.52,83.1,13.24,56.7,19,79,OPEN,CLOSED,CLOSED,1,-1,1,0,0
2026-05-01 20:00:56,71760,18.46,83.7,13.19,56.9,19,80,OPEN,CLOSED,CLOSED,1,-1,1,0,0
2026-05-01 20:01:56,71820,18.40,84.2,13.13,57.1,19,80,OPEN,CLOSED,CLOSED,1,-1,1,0,0
2026-05-01 20:02:56,71880,18.34,84.8,13.08,57.3,19,81,OPEN,CLOSED,CLOSED,1,1,1,0,0
2026-05-01 20:03:56,71940,18.28,85.4,13.03,57.4,19,82,OPEN,CLOSED,CLOSED,1,1,1,0,0
2026-05-01 20:04:56,72000,18.22,86.0,12.98,57.6,18,82,OPEN,CLOSED,CLOSED,1,1,1,0,0
2026-05-01 20:05:56,72060,18.16,86.5,12.92,57.8,18,83,OPEN,CLOSED,CLOSED,1,1,1,0,0
2026-05-01 20:06:56,72120,18.10,87.1,12.87,58.0,18,83,OPEN,CLOSED,CLOSED,1,1,1,0,0
2026-05-01 20:07:56,72180,18.04,87.7,12.82,58.2,18,84,OPEN,CLOSED,CLOSED,1,1,1,0,0
2026-05-01 20:08:56,72240,17.98,88.3,12.76,58.4,18,85,OPEN,MOVING_OPEN,CLOSED,1,2,2,0,0
2026-05-01 20:09:56,72300,17.91,88.8,12.71,58.5,18,85,OPEN,OPEN,CLOSED,1,2,2,0,0
2026-05-01 20:10:56,72360,17.83,89.3,12.66,58.7,18,86,OPEN,OPEN,CLOSED,1,2,2,0,0
2026-05-01 20:11:56,72420,17.76,89.8,12.61,58.9,18,86,OPEN,OPEN,CLOSED,1,2,2,0,0
2026-05-01 20:12:56,72480,17.68,90.4,12.55,59.1,18,87,OPEN,OPEN,CLOSED,1,2,2,0,0
2026-05-01 20:13:56,72540,17.61,90.9,12.50,59.3,18,87,OPEN,OPEN,CLOSED,1,2,2,0,0
2026-05-01 20:14:56,72600,17.53,91.4,12.45,59.5,18,88,OPEN,OPEN,CLOSED,1,2,2,0,0
2026-05-01 20:15:56,72660,17.46,91.9,12.40,59.6,18,88,OPEN,OPEN,CLOSED,1,2,2,0,0
2026-05-01 20:16:56,72720,17.38,92.4,12.34,59.8,18,89,OPEN,OPEN,MOVING_OPEN,1,3,3,0,0
2026-05-01 20:17:56,72780,17.31,92.9,12.29,60.0,18,89,OPEN,OPEN,MOVING_OPEN,1,3,3,0,0
2026-05-01 20:18:56,72840,17.23,93.5,12.24,60.2,18,90,OPEN,OPEN,MOVING_OPEN,1,3,3,0,0
2026-05-01 20:19:56,72900,17.09,93.7,12.19,60.4,17,91,OPEN,OPEN,OPEN,1,3,3,0,0
2026-05-01 20:20:56,72960,16.94,93.9,12.12,60.6,17,91,OPEN,OPEN,OPEN,1,3,3,0,0
2026-05-01 20:21:56,73020,16.80,94.1,12.06,60.9,17,91,OPEN,OPEN,OPEN,1,3,3,0,0
2026-05-01 20:22:56,73080,16.65,94.3,11.99,61.2,17,92,OPEN,OPEN,OPEN,1,3,3,0,0
2026-05-01 20:23:56,73140,16.51,94.5,11.93,61.4,17,92,OPEN,OPEN,OPEN,1,3,3,0,0
2026-05-01 20:24:56,73200,16.37,94.7,11.87,61.7,17,93,OPEN,OPEN,OPEN,1,3,3,0,0
2026-05-01 20:25:56,73260,16.23,94.9,11.80,62.0,17,93,OPEN,OPEN,OPEN,1,3,3,0,0
2026-05-01 20:26:56,73320,16.10,95.1,11.74,62.3,17,94,OPEN,OPEN,OPEN,1,3,3,0,0
2026-05-01 20:27:56,73380,15.96,95.3,11.68,62.5,17,94,OPEN,OPEN,OPEN,1,3,3,0,0
2026-05-01 20:28:56,73440,15.83,95.6,11.61,62.8,16,94,OPEN,OPEN,OPEN,1,3,3,0,0
2026-05-01 20:29:56,73500,15.70,95.8,11.55,63.1,16,94,OPEN,OPEN,OPEN,1,3,3,0,0
2026-05-01 20:30:56,73560,15.58,96.0,11.48,63.3,16,95,OPEN,OPEN,OPEN,1,3,3,0,0
2026-05-01 20:31:56,73620,15.45,96.2,11.42,63.6,16,95,OPEN,OPEN,OPEN,1,3,3,0,0
2026-05-01 20:32:56,73680,15.33,96.5,11.36,63.9,16,95,OPEN,OPEN,OPEN,1,3,3,0,0
2026-05-01 20:33:56,73740,15.21,96.7,11.29,64.1,16,95,OPEN,OPEN,OPEN,1,3,3,0,0
2026-05-01 20:34:56,73800,15.09,96.9,11.23,64.4,16,96,OPEN,OPEN,OPEN,1,3,3,0,0
2026-05-01 20:35:56,73860,14.98,97.2,11.17,64.6,15,96,MOVING_CLOSE,MOVING_CLOSE,OPEN,0,3,0,0,0
2026-05-01 20:36:56,73920,14.88,97.6,11.12,64.8,15,96,CLOSED,CLOSED,OPEN,0,3,0,0,0
2026-05-01 20:37:56,73980,14.79,98.0,11.07,65.0,15,96,CLOSED,CLOSED,OPEN,0,3,0,0,0
2026-05-01 20:38:56,74040,14.70,98.4,11.01,65.2,15,96,CLOSED,CLOSED,OPEN,0,3,0,0,0
2026-05-01 20:39:56,74100,14.61,98.7,10.96,65.4,15,97,CLOSED,CLOSED,OPEN,0,3,0,0,0
2026-05-01 20:40:56,74160,14.52,99.1,10.90,65.6,15,97,CLOSED,CLOSED,OPEN,0,3,0,0,0
2026-05-01 20:41:56,74220,14.43,99.5,10.85,65.8,15,97,CLOSED,CLOSED,OPEN,0,3,0,0,0
2026-05-01 20:42:56,74280,14.35,99.9,10.79,66.0,15,98,CLOSED,CLOSED,OPEN,0,3,0,0,0
2026-05-01 20:43:56,74340,14.26,100.0,10.74,66.2,15,98,CLOSED,CLOSED,OPEN,0,3,0,0,0
2026-05-01 20:44:56,74400,14.21,100.0,10.68,66.4,14,98,CLOSED,CLOSED,MOVING_CLOSE,0,3,0,0,0
2026-05-01 20:45:56,74460,14.18,100.0,10.63,66.6,14,98,CLOSED,CLOSED,MOVING_CLOSE,0,3,0,0,0
2026-05-01 20:46:56,74520,14.15,100.0,10.57,66.8,14,99,CLOSED,CLOSED,MOVING_CLOSE,0,3,0,0,0
2026-05-01 20:47:56,74580,14.12,100.0,10.52,67.0,14,99,CLOSED,CLOSED,CLOSED,0,3,0,0,0
2026-05-01 20:48:56,74640,14.09,100.0,10.46,67.2,14,99,CLOSED,CLOSED,CLOSED,0,3,0,0,0
2026-05-01 20:49:56,74700,14.06,100.0,10.41,67.4,14,99,CLOSED,CLOSED,CLOSED,0,3,0,0,0
2026-05-01 20:50:56,74760,14.03,100.0,10.37,67.7,14,100,CLOSED,CLOSED,CLOSED,0,3,0,0,0
2026-05-01 20:51:56,74820,14.00,100.0,10.33,67.9,14,100,CLOSED,CLOSED,CLOSED,0,3,0,0,0
2026-05-01 20:52:56,74880,13.97,100.0,10.30,68.1,14,100,CLOSED,CLOSED,CLOSED,0,3,0,0,0
2026-05-01 20:53:56,74940,13.94,100.0,10.26,68.4,14,100,CLOSED,CLOSED,CLOSED,0,3,0,0,0
2026-05-01 20:54:56,75000,13.91,100.0,10.22,68.6,14,100,CLOSED,CLOSED,CLOSED,0,3,0,0,0
2026-05-01 20:55:56,75060,13.88,100.0,10.18,68.9,14,100,CLOSED,CLOSED,CLOSED,0,3,0,0,0
2026-05-01 20:56:56,75120,13.85,100.0,10.14,69.1,14,100,CLOSED,CLOSED,CLOSED,0,3,0,0,0
2026-05-01 20:57:56,75180,13.82,100.0,10.11,69.4,14,100,CLOSED,CLOSED,CLOSED,0,3,0,0,0
2026-05-01 20:58:56,75240,13.78,100.0,10.07,69.6,14,100,CLOSED,CLOSED,CLOSED,0,3,0,0,0
2026-05-01 20:59:56,75300,13.75,100.0,10.03,69.9,14,100,CLOSED,CLOSED,CLOSED,0,3,0,0,0
2026-05-01 21:00:56,75360,13.72,100.0,9.99,70.1,14,100,CLOSED,CLOSED,CLOSED,0,3,0,0,0
2026-05-01 21:01:56,75420,13.69,100.0,9.95,70.4,14,100,CLOSED,CLOSED,CLOSED,0,3,0,0,0
2026-05-01 21:02:56,75480,13.66,100.0,9.92,70.6,14,100,CLOSED,CLOSED,CLOSED,0,3,0,0,0
2026-05-01 21:03:56,75540,13.63,100.0,9.88,70.9,14,100,CLOSED,CLOSED,CLOSED,0,3,0,0,0
2026-05-01 21:04:56,75600,13.60,100.0,9.84,71.1,14,100,CLOSED,CLOSED,CLOSED,0,3,0,0,0
2026-05-01 21:05:56,75660,13.57,100.0,9.81,71.2,14,100,CLOSED,CLOSED,CLOSED,0,3,0,0,0
2026-05-01 21:06:56,75720,13.53,100.0,9.79,71.3,14,100,CLOSED,CLOSED,CLOSED,0,3,0,0,0
2026-05-01 21:07:56,75780,13.50,100.0,9.76,71.4,14,100,CLOSED,CLOSED,CLOSED,0,3,0,0,0
2026-05-01 21:08:56,75840,13.47,100.0,9.74,71.5,14,100,CLOSED,CLOSED,CLOSED,0,3,0,0,0
2026-05-01 21:09:56,75900,13.44,100.0,9.72,71.6,14,100,CLOSED,CLOSED,CLOSED,0,3,0,0,0
2026-05-01 21:10:56,75960,13.41,100.0,9.69,71.7,14,100,CLOSED,CLOSED,CLOSED,0,3,0,0,0
2026-05-01 21:11:56,76020,13.38,100.0,9.67,71.8,14,100,CLOSED,CLOSED,CLOSED,0,3,0,0,0
2026-05-01 21:12:56,76080,13.35,100.0,9.64,72.0,13,100,CLOSED,CLOSED,CLOSED,0,3,0,0,0
2026-05-01 21:13:56,76140,13.32,100.0,9.62,72.1,13,100,CLOSED,CLOSED,CLOSED,0,3,0,0,0
2026-05-01 21:14:56,76200,13.29,100.0,9.59,72.2,13,100,CLOSED,CLOSED,CLOSED,0,3,0,0,0
2026-05-01 21:15:56,76260,13.26,100.0,9.57,72.3,13,100,CLOSED,CLOSED,CLOSED,0,3,0,0,0
2026-05-01 21:16:56,76320,13.22,100.0,9.54,72.4,13,100,CLOSED,CLOSED,CLOSED,0,3,0,0,0
2026-05-01 21:17:56,76380,13.19,100.0,9.52,72.5,13,100,CLOSED,CLOSED,CLOSED,0,3,0,0,0
2026-05-01 21:18:56,76440,13.16,100.0,9.49,72.6,13,100,CLOSED,CLOSED,CLOSED,0,3,0,0,0
2026-05-01 21:19:56,76500,13.13,100.0,9.47,72.7,13,100,CLOSED,CLOSED,CLOSED,0,3,0,0,0
2026-05-01 21:20:56,76560,13.10,100.0,9.44,72.8,13,100,CLOSED,CLOSED,CLOSED,0,3,0,0,0
2026-05-01 21:21:56,76620,13.07,100.0,9.42,72.9,13,100,CLOSED,CLOSED,CLOSED,0,3,0,0,0
2026-05-01 21:22:56,76680,13.04,100.0,9.39,73.0,13,100,CLOSED,CLOSED,CLOSED,0,3,0,0,0
2026-05-01 21:23:56,76740,13.01,100.0,9.37,73.1,13,100,CLOSED,CLOSED,CLOSED,0,3,0,0,0
2026-05-01 21:24:56,76800,12.98,100.0,9.34,73.2,13,100,CLOSED,CLOSED,CLOSED,0,3,0,0,0
2026-05-01 21:25:56,76860,12.95,100.0,9.32,73.3,13,100,CLOSED,CLOSED,CLOSED,0,3,0,0,0
2026-05-01 21:26:56,76920,12.92,100.0,9.29,73.4,13,100,CLOSED,CLOSED,CLOSED,0,3,0,0,0
2026-05-01 21:27:56,76980,12.89,100.0,9.27,73.5,13,100,CLOSED,CLOSED,CLOSED,0,3,0,0,0
2026-05-01 21:28:56,77040,12.86,100.0,9.24,73.7,13,100,CLOSED,CLOSED,CLOSED,0,3,0,0,0
2026-05-01 21:29:56,77100,12.83,100.0,9.22,73.8,13,100,CLOSED,CLOSED,CLOSED,0,3,0,0,0
2026-05-01 21:30:56,77160,12.80,100.0,9.19,73.9,13,100,CLOSED,CLOSED,CLOSED,0,3,0,0,0
2026-05-01 21:31:56,77220,12.77,100.0,9.17,74.0,13,100,CLOSED,CLOSED,CLOSED,0,3,0,0,0
2026-05-01 21:32:56,77280,12.74,100.0,9.14,74.1,13,100,CLOSED,CLOSED,CLOSED,0,3,0,0,0
2026-05-01 21:33:56,77340,12.71,100.0,9.12,74.2,13,100,CLOSED,CLOSED,CLOSED,0,3,0,0,0
2026-05-01 21:34:56,77400,12.68,100.0,9.09,74.3,13,100,CLOSED,CLOSED,CLOSED,0,3,0,0,0
2026-05-01 21:35:56,77460,12.65,100.0,9.06,74.4,13,100,CLOSED,CLOSED,CLOSED,0,3,0,0,0
2026-05-01 21:36:56,77520,12.62,100.0,9.02,74.6,13,100,CLOSED,CLOSED,CLOSED,0,3,0,0,0
2026-05-01 21:37:56,77580,12.59,100.0,8.98,74.7,13,100,CLOSED,CLOSED,CLOSED,0,3,0,0,0
2026-05-01 21:38:56,77640,12.56,100.0,8.94,74.9,13,100,CLOSED,CLOSED,CLOSED,0,3,0,0,0
2026-05-01 21:39:56,77700,12.53,100.0,8.90,75.1,13,100,CLOSED,CLOSED,CLOSED,0,3,0,0,0
2026-05-01 21:40:56,77760,12.50,100.0,8.87,75.2,13,100,CLOSED,CLOSED,CLOSED,0,3,0,0,0
2026-05-01 21:41:56,77820,12.47,100.0,8.83,75.4,13,100,CLOSED,CLOSED,CLOSED,0,3,0,0,0
2026-05-01 21:42:56,77880,12.44,100.0,8.79,75.5,13,100,CLOSED,CLOSED,CLOSED,0,3,0,0,0
2026-05-01 21:43:56,77940,12.41,100.0,8.75,75.7,13,100,CLOSED,CLOSED,CLOSED,0,3,0,0,0
2026-05-01 21:44:56,78000,12.38,100.0,8.71,75.8,12,100,CLOSED,CLOSED,CLOSED,0,3,0,0,0
2026-05-01 21:45:56,78060,12.34,100.0,8.68,76.0,12,100,CLOSED,CLOSED,CLOSED,0,3,0,0,0
2026-05-01 21:46:56,78120,12.31,100.0,8.64,76.1,12,100,CLOSED,CLOSED,CLOSED,0,3,0,0,0
2026-05-01 21:47:56,78180,12.28,100.0,8.60,76.3,12,100,CLOSED,CLOSED,CLOSED,0,3,0,0,0
2026-05-01 21:48:56,78240,12.25,100.0,8.56,76.4,12,100,CLOSED,CLOSED,CLOSED,0,3,0,0,0
2026-05-01 21:49:56,78300,12.22,100.0,8.52,76.6,12,100,CLOSED,CLOSED,CLOSED,0,3,0,0,0
2026-05-01 21:50:56,78360,12.19,100.0,8.50,76.7,12,100,CLOSED,CLOSED,CLOSED,0,3,0,0,0
2026-05-01 21:51:56,78420,12.16,100.0,8.48,76.8,12,100,CLOSED,CLOSED,CLOSED,0,3,0,0,0
2026-05-01 21:52:56,78480,12.13,100.0,8.45,76.8,12,100,CLOSED,CLOSED,CLOSED,0,3,0,0,0
2026-05-01 21:53:56,78540,12.10,100.0,8.43,76.9,12,100,CLOSED,CLOSED,CLOSED,0,3,0,0,0
2026-05-01 21:54:56,78600,12.07,100.0,8.41,77.0,12,100,CLOSED,CLOSED,CLOSED,0,3,0,0,0
2026-05-01 21:55:56,78660,12.04,100.0,8.39,77.1,12,100,CLOSED,CLOSED,CLOSED,0,3,0,0,0
2026-05-01 21:56:56,78720,12.01,100.0,8.36,77.2,12,100,CLOSED,CLOSED,CLOSED,0,3,0,0,0
2026-05-01 21:57:56,78780,11.98,100.0,8.34,77.2,12,100,CLOSED,CLOSED,CLOSED,0,3,0,0,0
2026-05-01 21:58:56,78840,11.95,100.0,8.32,77.3,12,100,CLOSED,CLOSED,CLOSED,0,3,0,0,0
2026-05-01 21:59:56,78900,11.92,100.0,8.29,77.4,12,100,CLOSED,CLOSED,CLOSED,0,3,0,0,0
2026-05-01 22:00:56,78960,11.89,100.0,8.27,77.5,12,100,CLOSED,CLOSED,CLOSED,0,3,0,0,0
2026-05-01 22:01:56,79020,11.86,100.0,8.25,77.6,12,100,CLOSED,CLOSED,CLOSED,0,3,0,0,0
2026-05-01 22:02:56,79080,11.82,100.0,8.23,77.6,12,100,CLOSED,CLOSED,CLOSED,0,3,0,0,0
2026-05-01 22:03:56,79140,11.79,100.0,8.20,77.7,12,100,CLOSED,CLOSED,CLOSED,0,3,0,0,0
2026-05-01 22:04:56,79200,11.76,100.0,8.18,77.8,12,100,CLOSED,CLOSED,CLOSED,0,3,0,0,0
2026-05-01 22:05:56,79260,11.74,100.0,8.17,77.8,12,100,CLOSED,CLOSED,CLOSED,0,3,0,0,0
2026-05-01 22:06:56,79320,11.71,100.0,8.17,77.7,12,100,CLOSED,CLOSED,CLOSED,0,3,0,0,0
2026-05-01 22:07:56,79380,11.68,100.0,8.16,77.7,12,100,CLOSED,CLOSED,CLOSED,0,3,0,0,0
2026-05-01 22:08:56,79440,11.65,100.0,8.16,77.7,12,100,CLOSED,CLOSED,CLOSED,0,3,0,0,0
2026-05-01 22:09:56,79500,11.62,100.0,8.15,77.7,12,100,CLOSED,CLOSED,CLOSED,0,3,0,0,0
2026-05-01 22:10:56,79560,11.59,100.0,8.14,77.6,12,100,CLOSED,CLOSED,CLOSED,0,3,0,0,0
2026-05-01 22:11:56,79620,11.56,100.0,8.14,77.6,12,100,CLOSED,CLOSED,CLOSED,0,3,0,0,0
2026-05-01 22:12:56,79680,11.53,100.0,8.13,77.6,12,100,CLOSED,CLOSED,CLOSED,0,3,0,0,0
2026-05-01 22:13:56,79740,11.50,100.0,8.13,77.6,12,100,CLOSED,CLOSED,CLOSED,0,3,0,0,0
2026-05-01 22:14:56,79800,11.48,100.0,8.12,77.5,12,100,CLOSED,CLOSED,CLOSED,0,3,0,0,0
2026-05-01 22:15:56,79860,11.45,100.0,8.11,77.5,12,100,CLOSED,CLOSED,CLOSED,0,3,0,0,0
2026-05-01 22:16:56,79920,11.42,100.0,8.11,77.5,12,100,CLOSED,CLOSED,CLOSED,0,3,0,0,0
2026-05-01 22:17:56,79980,11.39,100.0,8.10,77.5,12,100,CLOSED,CLOSED,CLOSED,0,3,0,0,0
2026-05-01 22:18:56,80040,11.36,100.0,8.10,77.4,11,100,CLOSED,CLOSED,CLOSED,0,3,0,0,0
2026-05-01 22:19:56,80100,11.34,100.0,8.09,77.4,11,100,CLOSED,CLOSED,CLOSED,0,3,0,0,0
2026-05-01 22:20:56,80160,11.31,100.0,8.06,77.6,11,100,CLOSED,CLOSED,CLOSED,0,3,0,0,0
2026-05-01 22:21:56,80220,11.28,100.0,8.02,77.8,11,100,CLOSED,CLOSED,CLOSED,0,3,0,0,0
2026-05-01 22:22:56,80280,11.26,100.0,7.99,77.9,11,100,CLOSED,CLOSED,CLOSED,0,3,0,0,0
2026-05-01 22:23:56,80340,11.23,100.0,7.95,78.1,11,100,CLOSED,CLOSED,CLOSED,0,3,0,0,0
2026-05-01 22:24:56,80400,11.20,100.0,7.92,78.3,11,100,CLOSED,CLOSED,CLOSED,0,3,0,0,0
2026-05-01 22:25:56,80460,11.17,100.0,7.88,78.5,11,100,CLOSED,CLOSED,CLOSED,0,3,0,0,0
2026-05-01 22:26:56,80520,11.15,100.0,7.84,78.7,11,100,CLOSED,CLOSED,CLOSED,0,3,0,0,0
2026-05-01 22:27:56,80580,11.12,100.0,7.81,78.9,11,100,CLOSED,CLOSED,CLOSED,0,3,0,0,0
2026-05-01 22:28:56,80640,11.09,100.0,7.77,79.1,11,100,CLOSED,CLOSED,CLOSED,0,3,0,0,0
2026-05-01 22:29:56,80700,11.06,100.0,7.74,79.3,11,100,CLOSED,CLOSED,CLOSED,0,3,0,0,0
2026-05-01 22:30:56,80760,11.03,100.0,7.70,79.5,11,100,CLOSED,CLOSED,CLOSED,0,3,0,0,0
2026-05-01 22:31:56,80820,11.01,100.0,7.67,79.6,11,100,CLOSED,CLOSED,CLOSED,0,3,0,0,0
2026-05-01 22:32:56,80880,10.98,100.0,7.63,79.8,11,100,CLOSED,CLOSED,CLOSED,0,3,0,0,0
2026-05-01 22:33:56,80940,10.95,100.0,7.60,80.0,11,100,CLOSED,CLOSED,CLOSED,0,3,0,0,0
2026-05-01 22:34:56,81000,10.92,100.0,7.56,80.2,11,100,CLOSED,CLOSED,CLOSED,0,3,0,0,0
2026-05-01 22:35:56,81060,10.89,100.0,7.55,80.2,11,100,CLOSED,CLOSED,CLOSED,0,3,0,0,0
2026-05-01 22:36:56,81120,10.87,100.0,7.53,80.3,11,100,CLOSED,CLOSED,CLOSED,0,3,0,0,0
2026-05-01 22:37:56,81180,10.84,100.0,7.52,80.3,11,100,CLOSED,CLOSED,CLOSED,0,3,0,0,0
2026-05-01 22:38:56,81240,10.81,100.0,7.51,80.4,11,100,CLOSED,CLOSED,CLOSED,0,3,0,0,0
2026-05-01 22:39:56,81300,10.78,100.0,7.50,80.4,11,100,CLOSED,CLOSED,CLOSED,0,3,0,0,0
2026-05-01 22:40:56,81360,10.76,100.0,7.48,80.4,11,100,CLOSED,CLOSED,CLOSED,0,3,0,0,0
2026-05-01 22:41:56,81420,10.73,100.0,7.47,80.5,11,100,CLOSED,CLOSED,CLOSED,0,3,0,0,0
2026-05-01 22:42:56,81480,10.70,100.0,7.46,80.5,11,100,CLOSED,CLOSED,CLOSED,0,3,0,0,0
2026-05-01 22:43:56,81540,10.68,100.0,7.45,80.6,11,100,CLOSED,CLOSED,CLOSED,0,3,0,0,0
2026-05-01 22:44:56,81600,10.65,100.0,7.43,80.6,11,100,CLOSED,CLOSED,CLOSED,0,3,0,0,0
2026-05-01 22:45:56,81660,10.62,100.0,7.42,80.6,11,100,CLOSED,CLOSED,CLOSED,0,3,0,0,0
2026-05-01 22:46:56,81720,10.59,100.0,7.41,80.7,11,100,CLOSED,CLOSED,CLOSED,0,3,0,0,0
2026-05-01 22:47:56,81780,10.57,100.0,7.40,80.7,11,100,CLOSED,CLOSED,CLOSED,0,3,0,0,0
2026-05-01 22:48:56,81840,10.54,100.0,7.38,80.8,11,100,CLOSED,CLOSED,CLOSED,0,3,0,0,0
2026-05-01 22:49:56,81900,10.52,100.0,7.37,80.8,11,100,CLOSED,CLOSED,CLOSED,0,3,0,0,0
2026-05-01 22:50:56,81960,10.49,100.0,7.35,80.9,11,100,CLOSED,CLOSED,CLOSED,0,3,0,0,0
2026-05-01 22:51:56,82020,10.46,100.0,7.33,81.0,11,100,CLOSED,CLOSED,CLOSED,0,3,0,0,0
2026-05-01 22:52:56,82080,10.44,100.0,7.31,81.1,11,100,CLOSED,CLOSED,CLOSED,0,3,0,0,0
2026-05-01 22:53:56,82140,10.41,100.0,7.29,81.2,11,100,CLOSED,CLOSED,CLOSED,0,3,0,0,0
2026-05-01 22:54:56,82200,10.38,100.0,7.27,81.3,10,100,CLOSED,CLOSED,CLOSED,0,3,0,0,0
2026-05-01 22:55:56,82260,10.36,100.0,7.25,81.4,10,100,CLOSED,CLOSED,CLOSED,0,3,0,0,0
2026-05-01 22:56:56,82320,10.33,100.0,7.22,81.5,10,100,CLOSED,CLOSED,CLOSED,0,3,0,0,0
2026-05-01 22:57:56,82380,10.31,100.0,7.20,81.7,10,100,CLOSED,CLOSED,CLOSED,0,3,0,0,0
2026-05-01 22:58:56,82440,10.28,100.0,7.18,81.8,10,100,CLOSED,CLOSED,CLOSED,0,3,0,0,0
2026-05-01 22:59:56,82500,10.25,100.0,7.16,81.9,10,100,CLOSED,CLOSED,CLOSED,0,3,0,0,0
2026-05-01 23:00:56,82560,10.23,100.0,7.14,82.0,10,100,CLOSED,CLOSED,CLOSED,0,3,0,0,0
2026-05-01 23:01:56,82620,10.20,100.0,7.12,82.1,10,100,CLOSED,CLOSED,CLOSED,0,3,0,0,0
2026-05-01 23:02:56,82680,10.18,100.0,7.10,82.2,10,100,CLOSED,CLOSED,CLOSED,0,3,0,0,0
2026-05-01 23:03:56,82740,10.15,100.0,7.08,82.3,10,100,CLOSED,CLOSED,CLOSED,0,3,0,0,0
2026-05-01 23:04:56,82800,10.13,100.0,7.06,82.4,10,100,CLOSED,CLOSED,CLOSED,0,3,0,0,0
2026-05-01 23:05:56,82860,10.10,100.0,7.04,82.4,10,100,CLOSED,CLOSED,CLOSED,0,3,0,0,0
2026-05-01 23:06:56,82920,10.07,100.0,7.02,82.5,10,100,CLOSED,CLOSED,CLOSED,0,3,0,0,0
2026-05-01 23:07:56,82980,10.05,100.0,7.00,82.5,10,100,CLOSED,CLOSED,CLOSED,0,3,0,0,0
2026-05-01 23:08:56,83040,10.02,100.0,6.98,82.6,10,100,CLOSED,CLOSED,CLOSED,0,3,0,0,0
2026-05-01 23:09:56,83100,10.00,100.0,6.95,82.6,10,100,CLOSED,CLOSED,CLOSED,0,3,0,0,0
2026-05-01 23:10:56,83160,9.97,100.0,6.93,82.6,10,100,CLOSED,CLOSED,CLOSED,0,3,0,0,0
2026-05-01 23:11:56,83220,9.95,100.0,6.91,82.7,10,100,CLOSED,CLOSED,CLOSED,0,3,0,0,0
2026-05-01 23:12:56,83280,9.92,100.0,6.89,82.7,10,100,CLOSED,CLOSED,CLOSED,0,3,0,0,0
2026-05-01 23:13:56,83340,9.90,100.0,6.87,82.8,10,100,CLOSED,CLOSED,CLOSED,0,3,0,0,0
2026-05-01 23:14:56,83400,9.87,100.0,6.85,82.8,10,100,CLOSED,CLOSED,CLOSED,0,3,0,0,0
2026-05-01 23:15:56,83460,9.85,100.0,6.83,82.8,10,100,CLOSED,CLOSED,CLOSED,0,3,0,0,0
2026-05-01 23:16:56,83520,9.82,100.0,6.81,82.9,10,100,CLOSED,CLOSED,CLOSED,0,3,0,0,0
2026-05-01 23:17:56,83580,9.80,100.0,6.79,82.9,10,100,CLOSED,CLOSED,CLOSED,0,3,0,0,0
2026-05-01 23:18:56,83640,9.77,100.0,6.77,83.0,10,100,CLOSED,CLOSED,CLOSED,0,3,0,0,0
2026-05-01 23:19:56,83700,9.75,100.0,6.74,83.0,10,100,CLOSED,CLOSED,CLOSED,0,3,0,0,0
2026-05-01 23:20:56,83760,9.72,100.0,6.72,83.0,10,100,CLOSED,CLOSED,CLOSED,0,3,0,0,0
2026-05-01 23:21:56,83820,9.70,100.0,6.70,83.1,10,100,CLOSED,CLOSED,CLOSED,0,3,0,0,0
2026-05-01 23:22:56,83880,9.67,100.0,6.68,83.1,10,100,CLOSED,CLOSED,CLOSED,0,3,0,0,0
2026-05-01 23:23:56,83940,9.65,100.0,6.66,83.2,10,100,CLOSED,CLOSED,CLOSED,0,3,0,0,0
2026-05-01 23:24:56,84000,9.62,100.0,6.64,83.2,10,100,CLOSED,CLOSED,CLOSED,0,3,0,0,0
2026-05-01 23:25:56,84060,9.60,100.0,6.62,83.2,10,100,CLOSED,CLOSED,CLOSED,0,3,0,0,0
2026-05-01 23:26:56,84120,9.57,100.0,6.60,83.3,10,100,CLOSED,CLOSED,CLOSED,0,3,0,0,0
2026-05-01 23:27:56,84180,9.55,100.0,6.58,83.3,10,100,CLOSED,CLOSED,CLOSED,0,3,0,0,0
2026-05-01 23:28:56,84240,9.52,100.0,6.56,83.4,10,100,CLOSED,CLOSED,CLOSED,0,3,0,0,0
2026-05-01 23:29:56,84300,9.50,100.0,6.53,83.4,10,100,CLOSED,CLOSED,CLOSED,0,3,0,0,0
2026-05-01 23:30:56,84360,9.47,100.0,6.51,83.4,10,100,CLOSED,CLOSED,CLOSED,0,3,0,0,0
2026-05-01 23:31:56,84420,9.45,100.0,6.49,83.5,10,100,CLOSED,CLOSED,CLOSED,0,3,0,0,0
2026-05-01 23:32:56,84480,9.42,100.0,6.47,83.5,10,100,CLOSED,CLOSED,CLOSED,0,3,0,0,0
2026-05-01 23:33:56,84540,9.40,100.0,6.45,83.6,9,100,CLOSED,CLOSED,CLOSED,0,3,0,0,0
