# capture started 2026-05-14 14:18:49  port=/dev/ttyUSB1
# connected 2026-05-14 14:18:49.700
[2026-05-14 14:18:50.249] [562518][I][main.cpp:162] task_watchdog_heartbeat(): [GHC] T1 ti[627843][I][main.cpp:162] task_watchdog_heartbeat(): [GHC] T1 tick 1250  uptime 627 s
[2026-05-14 14:18:55.266] [632860][I][main.cpp:162] task_watchdog_heartbeat(): [GHC] T1 tick 1260  uptime 632 s
[2026-05-14 14:19:00.284] [637878][I][main.cpp:162] task_watchdog_heartbeat(): [GHC] T1 tick 1270  uptime 637 s
[2026-05-14 14:19:05.301] [642895][I][main.cpp:162] task_watchdog_heartbeat(): [GHC] T1 tick 1280  uptime 642 s
[2026-05-14 14:19:10.319] [647912][I][main.cpp:162] task_watchdog_heartbeat(): [GHC] T1 tick 1290  uptime 647 s
[2026-05-14 14:19:13.452] [651044][I][sensor_poll.cpp:359] task_sensor_poll(): [T5_SEN] [T5] iter 21 — woke from 30 s delay
[2026-05-14 14:19:13.460] [651053][I][sensor_poll.cpp:395] task_sensor_poll(): [T5_SEN] [T5] iter 21 — polling FG6485A
[2026-05-14 14:19:13.492] [651085][I][sensor_poll.cpp:432] task_sensor_poll(): [T5_SEN] [T5] iter 21 — polling S200
[2026-05-14 14:19:14.034] [651623][I][sensor_poll.cpp:535] task_sensor_poll(): [T5_SEN] [T5] T=24°C RH=41% ws=0.0 m/s wd=0° | avg T=24 RH=41 ws=0.0 wd=0° [win T=12 RH=20 W=12]
[2026-05-14 14:19:14.054] [651636][I][climate_control.cpp:434] task_climate_control(): [T6_CLI] [T6] T_avg=24 t_max=28 hyst=5 → step_t=0 | RH_avg=41 rh_max=75 rh_min=50 hyst=12 rh_en=1 → step_rh=0 | resolved=0 (was cur_t=0 cur_rh=0)
[2026-05-14 14:19:15.336] [652929][I][main.cpp:162] task_watchdog_heartbeat(): [GHC] T1 tick 1300  uptime 652 s
[2026-05-14 14:19:20.353] [657946][I][main.cpp:162] task_watchdog_heartbeat(): [GHC] T1 tick 1310  uptime 657 s
[2026-05-14 14:19:22.034] [659624][I][data_manager.cpp:230] read_rtc_and_seed_clock(): [T4] RTC: 2026-05-14 14:19:17 UTC  unix=1778768357  daytime=yes
[2026-05-14 14:19:25.370] [662963][I][main.cpp:162] task_watchdog_heartbeat(): [GHC] T1 tick 1320  uptime 662 s
[2026-05-14 14:19:30.388] [667981][I][main.cpp:162] task_watchdog_heartbeat(): [GHC] T1 tick 1330  uptime 667 s
[2026-05-14 14:19:35.405] [672998][I][main.cpp:162] task_watchdog_heartbeat(): [GHC] T1 tick 1340  uptime 672 s
[2026-05-14 14:19:40.422] [678015][I][main.cpp:162] task_watchdog_heartbeat(): [GHC] T1 tick 1350  uptime 678 s
[2026-05-14 14:19:44.044] [681636][I][sensor_poll.cpp:359] task_sensor_poll(): [T5_SEN] [T5] iter 22 — woke from 30 s delay
[2026-05-14 14:19:44.052] [681645][I][sensor_poll.cpp:395] task_sensor_poll(): [T5_SEN] [T5] iter 22 — polling FG6485A
[2026-05-14 14:19:44.085] [681677][I][sensor_poll.cpp:432] task_sensor_poll(): [T5_SEN] [T5] iter 22 — polling S200
[2026-05-14 14:19:44.626] [682215][I][sensor_poll.cpp:535] task_sensor_poll(): [T5_SEN] [T5] T=24°C RH=40% ws=0.0 m/s wd=0° | avg T=24 RH=41 ws=0.0 wd=0° [win T=12 RH=20 W=12]
[2026-05-14 14:19:44.646] [682228][I][climate_control.cpp:434] task_climate_control(): [T6_CLI] [T6] T_avg=24 t_max=28 hyst=5 → step_t=0 | RH_avg=41 rh_max=75 rh_min=50 hyst=12 rh_en=1 → step_rh=0 | resolved=0 (was cur_t=0 cur_rh=0)
[2026-05-14 14:19:45.439] [683032][I][main.cpp:162] task_watchdog_heartbeat(): [GHC] T1 tick 1360  uptime 683 s
[2026-05-14 14:19:50.456] [688049][I][main.cpp:162] task_watchdog_heartbeat(): [GHC] T1 tick 1370  uptime 688 s
[2026-05-14 14:19:55.473] [693066][I][main.cpp:162] task_watchdog_heartbeat(): [GHC] T1 tick 1380  uptime 693 s
[2026-05-14 14:20:00.491] [698084][I][main.cpp:162] task_watchdog_heartbeat(): [GHC] T1 tick 1390  uptime 698 s
[2026-05-14 14:20:05.508] [703101][I][main.cpp:162] task_watchdog_heartbeat(): [GHC] T1 tick 1400  uptime 703 s
[2026-05-14 14:20:10.525] [708118][I][main.cpp:162] task_watchdog_heartbeat(): [GHC] T1 tick 1410  uptime 708 s
[2026-05-14 14:20:14.636] [712228][I][sensor_poll.cpp:359] task_sensor_poll(): [T5_SEN] [T5] iter 23 — woke from 30 s delay
[2026-05-14 14:20:14.644] [712237][I][sensor_poll.cpp:395] task_sensor_poll(): [T5_SEN] [T5] iter 23 — polling FG6485A
[2026-05-14 14:20:14.676] [712269][I][sensor_poll.cpp:432] task_sensor_poll(): [T5_SEN] [T5] iter 23 — polling S200
[2026-05-14 14:20:15.219] [712807][I][sensor_poll.cpp:535] task_sensor_poll(): [T5_SEN] [T5] T=24°C RH=40% ws=0.0 m/s wd=0° | avg T=24 RH=41 ws=0.0 wd=0° [win T=12 RH=20 W=12]
[2026-05-14 14:20:15.238] [712820][I][climate_control.cpp:434] task_climate_control(): [T6_CLI] [T6] T_avg=24 t_max=28 hyst=5 → step_t=0 | RH_avg=41 rh_max=75 rh_min=50 hyst=12 rh_en=1 → step_rh=0 | resolved=0 (was cur_t=0 cur_rh=0)
[2026-05-14 14:20:15.542] [713135][I][main.cpp:162] task_watchdog_heartbeat(): [GHC] T1 tick 1420  uptime 713 s
[2026-05-14 14:20:20.559] [718152][I][main.cpp:162] task_watchdog_heartbeat(): [GHC] T1 tick 1430  uptime 718 s
[2026-05-14 14:20:21.218] [718808][I][data_manager.cpp:230] read_rtc_and_seed_clock(): [T4] RTC: 2026-05-14 14:20:17 UTC  unix=1778768417  daytime=yes
[2026-05-14 14:20:25.576] [723169][I][main.cpp:162] task_watchdog_heartbeat(): [GHC] T1 tick 1440  uptime 723 s
[2026-05-14 14:20:30.594] [728187][I][main.cpp:162] task_watchdog_heartbeat(): [GHC] T1 tick 1450  uptime 728 s
[2026-05-14 14:20:35.611] [733204][I][main.cpp:162] task_watchdog_heartbeat(): [GHC] T1 tick 1460  uptime 733 s
[2026-05-14 14:20:40.628] [738221][I][main.cpp:162] task_watchdog_heartbeat(): [GHC] T1 tick 1470  uptime 738 s
[2026-05-14 14:20:45.229] [742820][I][sensor_poll.cpp:359] task_sensor_poll(): [T5_SEN] [T5] iter 24 — woke from 30 s delay
[2026-05-14 14:20:45.237] [742829][I][sensor_poll.cpp:395] task_sensor_poll(): [T5_SEN] [T5] iter 24 — polling FG6485A
[2026-05-14 14:20:45.268] [742861][I][sensor_poll.cpp:432] task_sensor_poll(): [T5_SEN] [T5] iter 24 — polling S200
[2026-05-14 14:20:45.645] [743238][I][main.cpp:162] task_watchdog_heartbeat(): [GHC] T1 tick 1480  uptime 743 s
[2026-05-14 14:20:45.811] [743399][I][sensor_poll.cpp:535] task_sensor_poll(): [T5_SEN] [T5] T=25°C RH=40% ws=0.0 m/s wd=0° | avg T=24 RH=41 ws=0.0 wd=0° [win T=12 RH=20 W=12]
[2026-05-14 14:20:45.831] [743412][I][climate_control.cpp:434] task_climate_control(): [T6_CLI] [T6] T_avg=24 t_max=28 hyst=5 → step_t=0 | RH_avg=41 rh_max=75 rh_min=50 hyst=12 rh_en=1 → step_rh=0 | resolved=0 (was cur_t=0 cur_rh=0)
[2026-05-14 14:20:50.662] [748255][I][main.cpp:162] task_watchdog_heartbeat(): [GHC] T1 tick 1490  uptime 748 s
[2026-05-14 14:20:55.679] [753272][I][main.cpp:162] task_watchdog_heartbeat(): [GHC] T1 tick 1500  uptime 753 s
[2026-05-14 14:21:00.697] [758290][I][main.cpp:162] task_watchdog_heartbeat(): [GHC] T1 tick 1510  uptime 758 s
[2026-05-14 14:21:05.714] [763307][I][main.cpp:162] task_watchdog_heartbeat(): [GHC] T1 tick 1520  uptime 763 s
[2026-05-14 14:21:10.731] [768324][I][main.cpp:162] task_watchdog_heartbeat(): [GHC] T1 tick 1530  uptime 768 s
[2026-05-14 14:21:15.749] [773341][I][main.cpp:162] task_watchdog_heartbeat(): [GHC] T1 tick 1540  uptime 773 s
[2026-05-14 14:21:15.822] [773413][I][sensor_poll.cpp:359] task_sensor_poll(): [T5_SEN] [T5] iter 25 — woke from 30 s delay
[2026-05-14 14:21:15.830] [773422][I][sensor_poll.cpp:395] task_sensor_poll(): [T5_SEN] [T5] iter 25 — polling FG6485A
[2026-05-14 14:21:15.862] [773454][I][sensor_poll.cpp:432] task_sensor_poll(): [T5_SEN] [T5] iter 25 — polling S200
[2026-05-14 14:21:16.404] [773992][I][sensor_poll.cpp:535] task_sensor_poll(): [T5_SEN] [T5] T=25°C RH=41% ws=0.0 m/s wd=0° | avg T=24 RH=41 ws=0.0 wd=0° [win T=12 RH=20 W=12]
[2026-05-14 14:21:16.424] [774005][I][climate_control.cpp:434] task_climate_control(): [T6_CLI] [T6] T_avg=24 t_max=28 hyst=5 → step_t=0 | RH_avg=41 rh_max=75 rh_min=50 hyst=12 rh_en=1 → step_rh=0 | resolved=0 (was cur_t=0 cur_rh=0)
[2026-05-14 14:21:20.404] [777993][I][data_manager.cpp:230] read_rtc_and_seed_clock(): [T4] RTC: 2026-05-14 14:21:16 UTC  unix=1778768476  daytime=yes
[2026-05-14 14:21:20.765] [778358][I][main.cpp:162] task_watchdog_heartbeat(): [GHC] T1 tick 1550  uptime 778 s
[2026-05-14 14:21:25.782] [783375][I][main.cpp:162] task_watchdog_heartbeat(): [GHC] T1 tick 1560  uptime 783 s
[2026-05-14 14:21:30.800] [788392][I][main.cpp:162] task_watchdog_heartbeat(): [GHC] T1 tick 1570  uptime 788 s
[2026-05-14 14:21:35.817] [793409][I][main.cpp:162] task_watchdog_heartbeat(): [GHC] T1 tick 1580  uptime 793 s
[2026-05-14 14:21:40.834] [798426][I][main.cpp:162] task_watchdog_heartbeat(): [GHC] T1 tick 1590  uptime 798 s
[2026-05-14 14:21:45.851] [803443][I][main.cpp:162] task_watchdog_heartbeat(): [GHC] T1 tick 1600  uptime 803 s
[2026-05-14 14:21:46.414] [804005][I][sensor_poll.cpp:359] task_sensor_poll(): [T5_SEN] [T5] iter 26 — woke from 30 s delay
[2026-05-14 14:21:46.422] [804014][I][sensor_poll.cpp:395] task_sensor_poll(): [T5_SEN] [T5] iter 26 — polling FG6485A
[2026-05-14 14:21:46.455] [804046][I][sensor_poll.cpp:432] task_sensor_poll(): [T5_SEN] [T5] iter 26 — polling S200
[2026-05-14 14:21:46.996] [804584][I][sensor_poll.cpp:535] task_sensor_poll(): [T5_SEN] [T5] T=24°C RH=40% ws=0.0 m/s wd=0° | avg T=24 RH=41 ws=0.0 wd=0° [win T=12 RH=20 W=12]
[2026-05-14 14:21:47.016] [804597][I][climate_control.cpp:434] task_climate_control(): [T6_CLI] [T6] T_avg=24 t_max=28 hyst=5 → step_t=0 | RH_avg=41 rh_max=75 rh_min=50 hyst=12 rh_en=1 → step_rh=0 | resolved=0 (was cur_t=0 cur_rh=0)
[2026-05-14 14:21:50.868] [808460][I][main.cpp:162] task_watchdog_heartbeat(): [GHC] T1 tick 1610  uptime 808 s
[2026-05-14 14:21:55.885] [813477][I][main.cpp:162] task_watchdog_heartbeat(): [GHC] T1 tick 1620  uptime 813 s
[2026-05-14 14:22:00.903] [818495][I][main.cpp:162] task_watchdog_heartbeat(): [GHC] T1 tick 1630  uptime 818 s
[2026-05-14 14:22:05.920] [823512][I][main.cpp:162] task_watchdog_heartbeat(): [GHC] T1 tick 1640  uptime 823 s
[2026-05-14 14:22:10.937] [828529][I][main.cpp:162] task_watchdog_heartbeat(): [GHC] T1 tick 1650  uptime 828 s
[2026-05-14 14:22:15.954] [833546][I][main.cpp:162] task_watchdog_heartbeat(): [GHC] T1 tick 1660  uptime 833 s
[2026-05-14 14:22:17.006] [834597][I][sensor_poll.cpp:359] task_sensor_poll(): [T5_SEN] [T5] iter 27 — woke from 30 s delay
[2026-05-14 14:22:17.014] [834606][I][sensor_poll.cpp:395] task_sensor_poll(): [T5_SEN] [T5] iter 27 — polling FG6485A
[2026-05-14 14:22:17.046] [834638][I][sensor_poll.cpp:432] task_sensor_poll(): [T5_SEN] [T5] iter 27 — polling S200
[2026-05-14 14:22:17.588] [835176][I][sensor_poll.cpp:535] task_sensor_poll(): [T5_SEN] [T5] T=24°C RH=40% ws=0.0 m/s wd=0° | avg T=24 RH=41 ws=0.0 wd=0° [win T=12 RH=20 W=12]
[2026-05-14 14:22:17.608] [835189][I][climate_control.cpp:434] task_climate_control(): [T6_CLI] [T6] T_avg=24 t_max=28 hyst=5 → step_t=0 | RH_avg=41 rh_max=75 rh_min=50 hyst=12 rh_en=1 → step_rh=0 | resolved=0 (was cur_t=0 cur_rh=0)
[2026-05-14 14:22:19.588] [837177][I][data_manager.cpp:230] read_rtc_and_seed_clock(): [T4] RTC: 2026-05-14 14:22:15 UTC  unix=1778768535  daytime=yes
[2026-05-14 14:22:20.971] [838563][I][main.cpp:162] task_watchdog_heartbeat(): [GHC] T1 tick 1670  uptime 838 s
[2026-05-14 14:22:25.988] [843580][I][main.cpp:162] task_watchdog_heartbeat(): [GHC] T1 tick 1680  uptime 843 s
[2026-05-14 14:22:31.005] [848597][I][main.cpp:162] task_watchdog_heartbeat(): [GHC] T1 tick 1690  uptime 848 s
[2026-05-14 14:22:36.023] [853615][I][main.cpp:162] task_watchdog_heartbeat(): [GHC] T1 tick 1700  uptime 853 s
[2026-05-14 14:22:41.040] [858632][I][main.cpp:162] task_watchdog_heartbeat(): [GHC] T1 tick 1710  uptime 858 s
[2026-05-14 14:22:46.056] [863648][I][main.cpp:162] task_watchdog_heartbeat(): [GHC] T1 tick 1720  uptime 863 s
[2026-05-14 14:22:47.599] [865189][I][sensor_poll.cpp:359] task_sensor_poll(): [T5_SEN] [T5] iter 28 — woke from 30 s delay
[2026-05-14 14:22:47.607] [865198][I][sensor_poll.cpp:395] task_sensor_poll(): [T5_SEN] [T5] iter 28 — polling FG6485A
[2026-05-14 14:22:47.639] [865230][I][sensor_poll.cpp:432] task_sensor_poll(): [T5_SEN] [T5] iter 28 — polling S200
[2026-05-14 14:22:48.181] [865768][I][sensor_poll.cpp:535] task_sensor_poll(): [T5_SEN] [T5] T=25°C RH=40% ws=0.0 m/s wd=0° | avg T=24 RH=41 ws=0.0 wd=0° [win T=12 RH=20 W=12]
[2026-05-14 14:22:48.200] [865781][I][climate_control.cpp:434] task_climate_control(): [T6_CLI] [T6] T_avg=24 t_max=28 hyst=5 → step_t=0 | RH_avg=41 rh_max=75 rh_min=50 hyst=12 rh_en=1 → step_rh=0 | resolved=0 (was cur_t=0 cur_rh=0)
[2026-05-14 14:22:51.073] [868665][I][main.cpp:162] task_watchdog_heartbeat(): [GHC] T1 tick 1730  uptime 868 s
[2026-05-14 14:22:56.090] [873682][I][main.cpp:162] task_watchdog_heartbeat(): [GHC] T1 tick 1740  uptime 873 s
[2026-05-14 14:23:01.108] [878700][I][main.cpp:162] task_watchdog_heartbeat(): [GHC] T1 tick 1750  uptime 878 s
[2026-05-14 14:23:06.125] [883717][I][main.cpp:162] task_watchdog_heartbeat(): [GHC] T1 tick 1760  uptime 883 s
[2026-05-14 14:23:11.142] [888734][I][main.cpp:162] task_watchdog_heartbeat(): [GHC] T1 tick 1770  uptime 888 s
[2026-05-14 14:23:16.159] [893751][I][main.cpp:162] task_watchdog_heartbeat(): [GHC] T1 tick 1780  uptime 893 s
[2026-05-14 14:23:18.191] [895781][I][sensor_poll.cpp:359] task_sensor_poll(): [T5_SEN] [T5] iter 29 — woke from 30 s delay
[2026-05-14 14:23:18.199] [895790][I][sensor_poll.cpp:395] task_sensor_poll(): [T5_SEN] [T5] iter 29 — polling FG6485A
[2026-05-14 14:23:18.231] [895822][I][sensor_poll.cpp:432] task_sensor_poll(): [T5_SEN] [T5] iter 29 — polling S200
[2026-05-14 14:23:18.775] [896360][I][sensor_poll.cpp:535] task_sensor_poll(): [T5_SEN] [T5] T=24°C RH=41% ws=0.0 m/s wd=0° | avg T=24 RH=41 ws=0.0 wd=0° [win T[896361][I][=12 RH=20 W=data_manage12]
[2026-05-14 14:23:18.784] r.cpp:230] read_rtc_and_seed_clock(): [T4] RTC: 2026-05-14 14:23:14 UTC  unix=1778768594  daytime=yes
[2026-05-14 14:23:18.804] [896385][I][climate_control.cpp:434] task_climate_control(): [T6_CLI] [T6] T_avg=24 t_max=28 hyst=5 → step_t=0 | RH_avg=41 rh_max=75 rh_min=50 hyst=12 rh_en=1 → step_rh=0 | resolved=0 (was cur_t=0 cur_rh=0)
[2026-05-14 14:23:21.176] [898768][I][main.cpp:162] task_watchdog_heartbeat(): [GHC] T1 tick 1790  uptime 898 s
[2026-05-14 14:23:26.194] [903785][I][main.cpp:162] task_watchdog_heartbeat(): [GHC] T1 tick 1800  uptime 903 s
[2026-05-14 14:23:31.211] [908802][I][main.cpp:162] task_watchdog_heartbeat(): [GHC] T1 tick 1810  uptime 908 s
[2026-05-14 14:23:36.227] [913819][I][main.cpp:162] task_watchdog_heartbeat(): [GHC] T1 tick 1820  uptime 913 s
[2026-05-14 14:23:41.245] [918836][I][main.cpp:162] task_watchdog_heartbeat(): [GHC] T1 tick 1830  uptime 918 s
[2026-05-14 14:23:46.262] [923853][I][main.cpp:162] task_watchdog_heartbeat(): [GHC] T1 tick 1840  uptime 923 s
[2026-05-14 14:23:48.795] [926385][I][sensor_poll.cpp:359] task_sensor_poll(): [T5_SEN] [T5] iter 30 — woke from 30 s delay
[2026-05-14 14:23:48.803] [926394][I][sensor_poll.cpp:395] task_sensor_poll(): [T5_SEN] [T5] iter 30 — polling FG6485A
[2026-05-14 14:23:48.836] [926426][I][sensor_poll.cpp:432] task_sensor_poll(): [T5_SEN] [T5] iter 30 — polling S200
[2026-05-14 14:23:49.377] [926964][I][sensor_poll.cpp:535] task_sensor_poll(): [T5_SEN] [T5] T=24°C RH=41% ws=0.0 m/s wd=0° | avg T=24 RH=41 ws=0.0 wd=0° [win T=12 RH=20 W=12]
[2026-05-14 14:23:49.397] [926977][I][climate_control.cpp:434] task_climate_control(): [T6_CLI] [T6] T_avg=24 t_max=28 hyst=5 → step_t=0 | RH_avg=41 rh_max=75 rh_min=50 hyst=12 rh_en=1 → step_rh=0 | resolved=0 (was cur_t=0 cur_rh=0)
[2026-05-14 14:23:51.279] [928870][I][main.cpp:162] task_watchdog_heartbeat(): [GHC] T1 tick 1850  uptime 928 s
[2026-05-14 14:23:56.295] [933887][I][main.cpp:162] task_watchdog_heartbeat(): [GHC] T1 tick 1860  uptime 933 s
[2026-05-14 14:24:01.313] [938905][I][main.cpp:162] task_watchdog_heartbeat(): [GHC] T1 tick 1870  uptime 938 s
[2026-05-14 14:24:06.330] [943922][I][main.cpp:162] task_watchdog_heartbeat(): [GHC] T1 tick 1880  uptime 943 s
[2026-05-14 14:24:11.348] [948939][I][main.cpp:162] task_watchdog_heartbeat(): [GHC] T1 tick 1890  uptime 948 s
[2026-05-14 14:24:16.365] [953956][I][main.cpp:162] task_watchdog_heartbeat(): [GHC] T1 tick 1900  uptime 953 s
[2026-05-14 14:24:18.377] [955965][I][data_manager.cpp:230] read_rtc_and_seed_clock(): [T4] RTC: 2026-05-14 14:24:14 UTC  unix=1778768654  daytime=yes
[2026-05-14 14:24:19.387] [956977][I][sensor_poll.cpp:359] task_sensor_poll(): [T5_SEN] [T5] iter 31 — woke from 30 s delay
[2026-05-14 14:24:19.395] [956986][I][sensor_poll.cpp:395] task_sensor_poll(): [T5_SEN] [T5] iter 31 — polling FG6485A
[2026-05-14 14:24:19.427] [957018][I][sensor_poll.cpp:432] task_sensor_poll(): [T5_SEN] [T5] iter 31 — polling S200
[2026-05-14 14:24:19.969] [957556][I][sensor_poll.cpp:535] task_sensor_poll(): [T5_SEN] [T5] T=24°C RH=41% ws=0.0 m/s wd=0° | avg T=24 RH=41 ws=0.0 wd=0° [win T=12 RH=20 W=12]
[2026-05-14 14:24:19.989] [957569][I][climate_control.cpp:434] task_climate_control(): [T6_CLI] [T6] T_avg=24 t_max=28 hyst=5 → step_t=0 | RH_avg=41 rh_max=75 rh_min=50 hyst=12 rh_en=1 → step_rh=0 | resolved=0 (was cur_t=0 cur_rh=0)
[2026-05-14 14:24:21.382] [958973][I][main.cpp:162] task_watchdog_heartbeat(): [GHC] T1 tick 1910  uptime 958 s
[2026-05-14 14:24:26.399] [963990][I][main.cpp:162] task_watchdog_heartbeat(): [GHC] T1 tick 1920  uptime 963 s
[2026-05-14 14:24:31.417] [969008][I][main.cpp:162] task_watchdog_heartbeat(): [GHC] T1 tick 1930  uptime 969 s
[2026-05-14 14:24:36.435] [974026][I][main.cpp:162] task_watchdog_heartbeat(): [GHC] T1 tick 1940  uptime 974 s
[2026-05-14 14:24:41.452] [979043][I][main.cpp:162] task_watchdog_heartbeat(): [GHC] T1 tick 1950  uptime 979 s
[2026-05-14 14:24:46.470] [984061][I][main.cpp:162] task_watchdog_heartbeat(): [GHC] T1 tick 1960  uptime 984 s
[2026-05-14 14:24:49.980] [987569][I][sensor_poll.cpp:359] task_sensor_poll(): [T5_SEN] [T5] iter 32 — woke from 30 s delay
[2026-05-14 14:24:49.987] [987578][I][sensor_poll.cpp:395] task_sensor_poll(): [T5_SEN] [T5] iter 32 — polling FG6485A
[2026-05-14 14:24:50.020] [987610][I][sensor_poll.cpp:432] task_sensor_poll(): [T5_SEN] [T5] iter 32 — polling S200
[2026-05-14 14:24:50.562] [988148][I][sensor_poll.cpp:535] task_sensor_poll(): [T5_SEN] [T5] T=25°C RH=41% ws=0.0 m/s wd=0° | avg T=24 RH=41 ws=0.0 wd=0° [win T=12 RH=20 W=12]
[2026-05-14 14:24:50.581] [988161][I][climate_control.cpp:434] task_climate_control(): [T6_CLI] [T6] T_avg=24 t_max=28 hyst=5 → step_t=0 | RH_avg=41 rh_max=75 rh_min=50 hyst=12 rh_en=1 → step_rh=0 | resolved=0 (was cur_t=0 cur_rh=0)
[2026-05-14 14:24:51.488] [989079][I][main.cpp:162] task_watchdog_heartbeat(): [GHC] T1 tick 1970  uptime 989 s
[2026-05-14 14:24:56.505] [994096][I][main.cpp:162] task_watchdog_heartbeat(): [GHC] T1 tick 1980  uptime 994 s
[2026-05-14 14:25:01.523] [999114][I][main.cpp:162] task_watchdog_heartbeat(): [GHC] T1 tick 1990  uptime 999 s
[2026-05-14 14:25:06.540] [1004131][I][main.cpp:162] task_watchdog_heartbeat(): [GHC] T1 tick 2000  uptime 1004 s
[2026-05-14 14:25:11.558] [1009149][I][main.cpp:162] task_watchdog_heartbeat(): [GHC] T1 tick 2010  uptime 1009 s
[2026-05-14 14:25:16.576] [1014167][I][main.cpp:162] task_watchdog_heartbeat(): [GHC] T1 tick 2020  uptime 1014 s
[2026-05-14 14:25:17.562] [1015149][I][data_manager.cpp:230] read_rtc_and_seed_clock(): [T4] RTC: 2026-05-14 14:25:13 UTC  unix=1778768713  daytime=yes
[2026-05-14 14:25:20.572] [1018161][I][sensor_poll.cpp:359] task_sensor_poll(): [T5_SEN] [T5] iter 33 — woke from 30 s delay
[2026-05-14 14:25:20.580] [1018170][I][sensor_poll.cpp:395] task_sensor_poll(): [T5_SEN] [T5] iter 33 — polling FG6485A
[2026-05-14 14:25:20.612] [1018202][I][sensor_poll.cpp:432] task_sensor_poll(): [T5_SEN] [T5] iter 33 — polling S200
[2026-05-14 14:25:21.154] [1018740][I][sensor_poll.cpp:535] task_sensor_poll(): [T5_SEN] [T5] T=24°C RH=40% ws=0.0 m/s wd=0° | avg T=24 RH=41 ws=0.0 wd=0° [win T=12 RH=20 W=12]
[2026-05-14 14:25:21.174] [1018753][I][climate_control.cpp:434] task_climate_control(): [T6_CLI] [T6] T_avg=24 t_max=28 hyst=5 → step_t=0 | RH_avg=41 rh_max=75 rh_min=50 hyst=12 rh_en=1 → step_rh=0 | resolved=0 (was cur_t=0 cur_rh=0)
[2026-05-14 14:25:21.594] [1019185][I][main.cpp:162] task_watchdog_heartbeat(): [GHC] T1 tick 2030  uptime 1019 s
[2026-05-14 14:25:26.613] [1024203][I][main.cpp:162] task_watchdog_heartbeat(): [GHC] T1 tick 2040  uptime 1024 s
[2026-05-14 14:25:31.631] [1029221][I][main.cpp:162] task_watchdog_heartbeat(): [GHC] T1 tick 2050  uptime 1029 s
[2026-05-14 14:25:36.649] [1034239][I][main.cpp:162] task_watchdog_heartbeat(): [GHC] T1 tick 2060  uptime 1034 s
[2026-05-14 14:25:41.667] [1039257][I][main.cpp:162] task_watchdog_heartbeat(): [GHC] T1 tick 2070  uptime 1039 s
[2026-05-14 14:25:46.685] [1044275][I][main.cpp:162] task_watchdog_heartbeat(): [GHC] T1 tick 2080  uptime 1044 s
[2026-05-14 14:25:51.165] [1048754][I][sensor_poll.cpp:359] task_sensor_poll(): [T5_SEN] [T5] iter 34 — woke from 30 s delay
[2026-05-14 14:25:51.173] [1048763][I][sensor_poll.cpp:395] task_sensor_poll(): [T5_SEN] [T5] iter 34 — polling FG6485A
[2026-05-14 14:25:51.206] [1048795][I][sensor_poll.cpp:432] task_sensor_poll(): [T5_SEN] [T5] iter 34 — polling S200
[2026-05-14 14:25:51.703] [1049293][I][main.cpp:162] task_watchdog_heartbeat(): [GHC] T1 tick 2090  uptime 1049 s
[2026-05-14 14:25:51.748] [1049334][I][sensor_poll.cpp:535] task_sensor_poll(): [T5_SEN] [T5] T=25°C RH=41% ws=0.0 m/s wd=0° | avg T=24 RH=41 ws=0.0 wd=0° [win T=12 RH=20 W=12]
[2026-05-14 14:25:51.768] [1049347][I][climate_control.cpp:434] task_climate_control(): [T6_CLI] [T6] T_avg=24 t_max=28 hyst=5 → step_t=0 | RH_avg=41 rh_max=75 rh_min=50 hyst=12 rh_en=1 → step_rh=0 | resolved=0 (was cur_t=0 cur_rh=0)
[2026-05-14 14:25:56.721] [1054311][I][main.cpp:162] task_watchdog_heartbeat(): [GHC] T1 tick 2100  uptime 1054 s
[2026-05-14 14:26:01.739] [1059329][I][main.cpp:162] task_watchdog_heartbeat(): [GHC] T1 tick 2110  uptime 1059 s
[2026-05-14 14:26:06.757] [1064347][I][main.cpp:162] task_watchdog_heartbeat(): [GHC] T1 tick 2120  uptime 1064 s
[2026-05-14 14:26:11.775] [1069365][I][main.cpp:162] task_watchdog_heartbeat(): [GHC] T1 tick 2130  uptime 1069 s
[2026-05-14 14:26:16.752] [1074339][I][data_manager.cpp:230] read_rtc_and_seed_clock(): [T4] RTC: 2026-05-14 14:26:12 UTC  unix=1778768772  daytime=yes
[2026-05-14 14:26:16.793] [1074383][I][main.cpp:162] task_watchdog_heartbeat(): [GHC] T1 tick 2140  uptime 1074 s
[2026-05-14 14:26:21.759] [1079348][I][sensor_poll.cpp:359] task_sensor_poll(): [T5_SEN] [T5] iter 35 — woke from 30 s delay
[2026-05-14 14:26:21.767] [1079357][I][sensor_poll.cpp:395] task_sensor_poll(): [T5_SEN] [T5] iter 35 — polling FG6485A
[2026-05-14 14:26:21.800] [1079390][I][sensor_poll.cpp:432] task_sensor_poll(): [T5_SEN] [T5] iter 35 — polling S200
[2026-05-14 14:26:21.810] [1079400][I][main.cpp:162] task_watchdog_heartbeat(): [GHC] T1 tick 2150  uptime 1079 s
[2026-05-14 14:26:22.344] [1079930][I][sensor_poll.cpp:535] task_sensor_poll(): [T5_SEN] [T5] T=24°C RH=40% ws=0.0 m/s wd=0° | avg T=24 RH=41 ws=0.0 wd=0° [win T=12 RH=20 W=12]
[2026-05-14 14:26:22.364] [1079943][I][climate_control.cpp:434] task_climate_control(): [T6_CLI] [T6] T_avg=24 t_max=28 hyst=5 → step_t=0 | RH_avg=41 rh_max=75 rh_min=50 hyst=12 rh_en=1 → step_rh=0 | resolved=0 (was cur_t=0 cur_rh=0)
[2026-05-14 14:26:26.827] [1084417][I][main.cpp:162] task_watchdog_heartbeat(): [GHC] T1 tick 2160  uptime 1084 s
[2026-05-14 14:26:31.845] [1089435][I][main.cpp:162] task_watchdog_heartbeat(): [GHC] T1 tick 2170  uptime 1089 s
[2026-05-14 14:26:36.863] [1094453][I][main.cpp:162] task_watchdog_heartbeat(): [GHC] T1 tick 2180  uptime 1094 s
[2026-05-14 14:26:41.881] [1099471][I][main.cpp:162] task_watchdog_heartbeat(): [GHC] T1 tick 2190  uptime 1099 s
[2026-05-14 14:26:46.899] [1104489][I][main.cpp:162] task_watchdog_heartbeat(): [GHC] T1 tick 2200  uptime 1104 s
[2026-05-14 14:26:51.917] [1109507][I][main.cpp:162] task_watchdog_heartbeat(): [GHC] T1 tick 2210  uptime 1109 s
[2026-05-14 14:26:52.355] [1109944][I][sensor_poll.cpp:359] task_sensor_poll(): [T5_SEN] [T5] iter 36 — woke from 30 s delay
[2026-05-14 14:26:52.363] [1109953][I][sensor_poll.cpp:395] task_sensor_poll(): [T5_SEN] [T5] iter 36 — polling FG6485A
[2026-05-14 14:26:52.395] [1109985][I][sensor_poll.cpp:432] task_sensor_poll(): [T5_SEN] [T5] iter 36 — polling S200
[2026-05-14 14:26:52.938] [1110523][I][sensor_poll.cpp:535] task_sensor_poll(): [T5_SEN] [T5] T=24°C RH=41% ws=0.0 m/s wd=0° | avg T=24 RH=41 ws=0.0 wd=0° [win T=12 RH=20 W=12]
[2026-05-14 14:26:52.957] [1110536][I][climate_control.cpp:434] task_climate_control(): [T6_CLI] [T6] T_avg=24 t_max=28 hyst=5 → step_t=0 | RH_avg=41 rh_max=75 rh_min=50 hyst=12 rh_en=1 → step_rh=0 | resolved=0 (was cur_t=0 cur_rh=0)
[2026-05-14 14:26:56.935] [1114525][I][main.cpp:162] task_watchdog_heartbeat(): [GHC] T1 tick 2220  uptime 1114 s
[2026-05-14 14:27:01.953] [1119543][I][main.cpp:162] task_watchdog_heartbeat(): [GHC] T1 tick 2230  uptime 1119 s
[2026-05-14 14:27:06.971] [1124561][I][main.cpp:162] task_watchdog_heartbeat(): [GHC] T1 tick 2240  uptime 1124 s
[2026-05-14 14:27:11.989] [1129579][I][main.cpp:162] task_watchdog_heartbeat(): [GHC] T1 tick 2250  uptime 1129 s
[2026-05-14 14:27:15.939] [1133525][I][data_manager.cpp:230] read_rtc_and_seed_clock(): [T4] RTC: 2026-05-14 14:27:11 UTC  unix=1778768831  daytime=yes
[2026-05-14 14:27:17.007] [1134597][I][main.cpp:162] task_watchdog_heartbeat(): [GHC] T1 tick 2260  uptime 1134 s
[2026-05-14 14:27:22.025] [1139615][I][main.cpp:162] task_watchdog_heartbeat(): [GHC] T1 tick 2270  uptime 1139 s
[2026-05-14 14:27:22.949] [1140537][I][sensor_poll.cpp:359] task_sensor_poll(): [T5_SEN] [T5] iter 37 — woke from 30 s delay
[2026-05-14 14:27:22.957] [1140546][I][sensor_poll.cpp:395] task_sensor_poll(): [T5_SEN] [T5] iter 37 — polling FG6485A
[2026-05-14 14:27:22.989] [1140578][I][sensor_poll.cpp:432] task_sensor_poll(): [T5_SEN] [T5] iter 37 — polling S200
[2026-05-14 14:27:23.530] [1141116][I][sensor_poll.cpp:535] task_sensor_poll(): [T5_SEN] [T5] T=24°C RH=41% ws=0.0 m/s wd=0° | avg T=24 RH=41 ws=0.0 wd=0° [win T=12 RH=20 W=12]
[2026-05-14 14:27:23.551] [1141129][I][climate_control.cpp:434] task_climate_control(): [T6_CLI] [T6] T_avg=24 t_max=28 hyst=5 → step_t=0 | RH_avg=41 rh_max=75 rh_min=50 hyst=12 rh_en=1 → step_rh=0 | resolved=0 (was cur_t=0 cur_rh=0)
[2026-05-14 14:27:27.043] [1144633][I][main.cpp:162] task_watchdog_heartbeat(): [GHC] T1 tick 2280  uptime 1144 s
[2026-05-14 14:27:32.060] [1149650][I][main.cpp:162] task_watchdog_heartbeat(): [GHC] T1 tick 2290  uptime 1149 s
[2026-05-14 14:27:37.079] [1154668][I][main.cpp:162] task_watchdog_heartbeat(): [GHC] T1 tick 2300  uptime 1154 s
[2026-05-14 14:27:42.097] [1159686][I][main.cpp:162] task_watchdog_heartbeat(): [GHC] T1 tick 2310  uptime 1159 s
[2026-05-14 14:27:47.115] [1164704][I][main.cpp:162] task_watchdog_heartbeat(): [GHC] T1 tick 2320  uptime 1164 s
[2026-05-14 14:27:52.133] [1169722][I][main.cpp:162] task_watchdog_heartbeat(): [GHC] T1 tick 2330  uptime 1169 s
[2026-05-14 14:27:53.542] [1171130][I][sensor_poll.cpp:359] task_sensor_poll(): [T5_SEN] [T5] iter 38 — woke from 30 s delay
[2026-05-14 14:27:53.550] [1171139][I][sensor_poll.cpp:395] task_sensor_poll(): [T5_SEN] [T5] iter 38 — polling FG6485A
[2026-05-14 14:27:53.583] [1171171][I][sensor_poll.cpp:432] task_sensor_poll(): [T5_SEN] [T5] iter 38 — polling S200
[2026-05-14 14:27:54.125] [1171710][I][sensor_poll.cpp:535] task_sensor_poll(): [T5_SEN] [T5] T=24°C RH=41% ws=0.0 m/s wd=0° | avg T=24 RH=41 ws=0.0 wd=0° [win T=12 RH=20 W=12]
[2026-05-14 14:27:54.145] [1171723][I][climate_control.cpp:434] task_climate_control(): [T6_CLI] [T6] T_avg=24 t_max=28 hyst=5 → step_t=0 | RH_avg=41 rh_max=75 rh_min=50 hyst=12 rh_en=1 → step_rh=0 | resolved=0 (was cur_t=0 cur_rh=0)
[2026-05-14 14:27:57.151] [1174740][I][main.cpp:162] task_watchdog_heartbeat(): [GHC] T1 tick 2340  uptime 1174 s
[2026-05-14 14:28:02.169] [1179758][I][main.cpp:162] task_watchdog_heartbeat(): [GHC] T1 tick 2350  uptime 1179 s
[2026-05-14 14:28:07.187] [1184776][I][main.cpp:162] task_watchdog_heartbeat(): [GHC] T1 tick 2360  uptime 1184 s
[2026-05-14 14:28:12.205] [1189794][I][main.cpp:162] task_watchdog_heartbeat(): [GHC] T1 tick 2370  uptime 1189 s
[2026-05-14 14:28:15.125] [1192711][I][data_manager.cpp:230] read_rtc_and_seed_clock(): [T4] RTC: 2026-05-14 14:28:10 UTC  unix=1778768890  daytime=yes
[2026-05-14 14:28:17.223] [1194812][I][main.cpp:162] task_watchdog_heartbeat(): [GHC] T1 tick 2380  uptime 1194 s
[2026-05-14 14:28:22.241] [1199830][I][main.cpp:162] task_watchdog_heartbeat(): [GHC] T1 tick 2390  uptime 1199 s
[2026-05-14 14:28:24.136] [1201724][I][sensor_poll.cpp:359] task_sensor_poll(): [T5_SEN] [T5] iter 39 — woke from 30 s delay
[2026-05-14 14:28:24.144] [1201733][I][sensor_poll.cpp:395] task_sensor_poll(): [T5_SEN] [T5] iter 39 — polling FG6485A
[2026-05-14 14:28:24.177] [1201766][I][sensor_poll.cpp:432] task_sensor_poll(): [T5_SEN] [T5] iter 39 — polling S200
[2026-05-14 14:28:24.719] [1202304][I][sensor_poll.cpp:535] task_sensor_poll(): [T5_SEN] [T5] T=24°C RH=41% ws=0.0 m/s wd=0° | avg T=24 RH=41 ws=0.0 wd=0° [win T=12 RH=20 W=12]
[2026-05-14 14:28:24.739] [1202318][I][climate_control.cpp:434] task_climate_control(): [T6_CLI] [T6] T_avg=24 t_max=28 hyst=5 → step_t=0 | RH_avg=41 rh_max=75 rh_min=50 hyst=12 rh_en=1 → step_rh=0 | resolved=0 (was cur_t=0 cur_rh=0)
[2026-05-14 14:28:27.257] [1204847][I][main.cpp:162] task_watchdog_heartbeat(): [GHC] T1 tick 2400  uptime 1204 s
[2026-05-14 14:28:27.265] [1204855][I][main.cpp:247] task_watchdog_heartbeat(): [GHC] stack T1  hwm=2092 B
[2026-05-14 14:28:27.271] [1204863][I][main.cpp:247] task_watchdog_heartbeat(): [GHC] stack T2  hwm=6380 B
[2026-05-14 14:28:27.280] [1204870][I][main.cpp:247] task_watchdog_heartbeat(): [GHC] stack T3  hwm=1980 B
[2026-05-14 14:28:27.288] [1204877][I][main.cpp:247] task_watchdog_heartbeat(): [GHC] stack T4  hwm=3980 B
[2026-05-14 14:28:27.294] [1204885][I][main.cpp:247] task_watchdog_heartbeat(): [GHC] stack T5  hwm=4252 B
[2026-05-14 14:28:27.302] [1204892][I][main.cpp:247] task_watchdog_heartbeat(): [GHC] stack T6  hwm=1904 B
[2026-05-14 14:28:27.308] [1204899][I][main.cpp:247] task_watchdog_heartbeat(): [GHC] stack T7  hwm=2464 B
[2026-05-14 14:28:27.317] [1204907][I][main.cpp:247] task_watchdog_heartbeat(): [GHC] stack T8  hwm=5740 B
[2026-05-14 14:28:27.323] [1204914][I][main.cpp:247] task_watchdog_heartbeat(): [GHC] stack T9  hwm=2524 B
[2026-05-14 14:28:27.331] [1204921][I][main.cpp:247] task_watchdog_heartbeat(): [GHC] stack T10 hwm=5632 B
[2026-05-14 14:28:27.337] [1204929][I][main.cpp:247] task_watchdog_heartbeat(): [GHC] stack T11 hwm=5536 B
[2026-05-14 14:28:27.346] [1204936][I][main.cpp:247] task_watchdog_heartbeat(): [GHC] stack T12 hwm=7512 B
[2026-05-14 14:28:27.354] [1204944][I][main.cpp:247] task_watchdog_heartbeat(): [GHC] stack T14 hwm=6756 B
[2026-05-14 14:28:27.361] [1204951][I][main.cpp:247] task_watchdog_heartbeat(): [GHC] stack T15 hwm=2424 B
[2026-05-14 14:28:32.379] [1209968][I][main.cpp:162] task_watchdog_heartbeat(): [GHC] T1 tick 2410  uptime 1209 s
[2026-05-14 14:28:37.397] [1214986][I][main.cpp:162] task_watchdog_heartbeat(): [GHC] T1 tick 2420  uptime 1214 s
[2026-05-14 14:28:42.415] [1220004][I][main.cpp:162] task_watchdog_heartbeat(): [GHC] T1 tick 2430  uptime 1220 s
[2026-05-14 14:28:47.433] [1225022][I][main.cpp:162] task_watchdog_heartbeat(): [GHC] T1 tick 2440  uptime 1225 s
[2026-05-14 14:28:52.451] [1230040][I][main.cpp:162] task_watchdog_heartbeat(): [GHC] T1 tick 2450  uptime 1230 s
[2026-05-14 14:28:54.730] [1232318][I][sensor_poll.cpp:359] task_sensor_poll(): [T5_SEN] [T5] iter 40 — woke from 30 s delay
[2026-05-14 14:28:54.738] [1232327][I][sensor_poll.cpp:395] task_sensor_poll(): [T5_SEN] [T5] iter 40 — polling FG6485A
[2026-05-14 14:28:54.770] [1232359][I][sensor_poll.cpp:432] task_sensor_poll(): [T5_SEN] [T5] iter 40 — polling S200
[2026-05-14 14:28:55.312] [1232897][I][sensor_poll.cpp:535] task_sensor_poll(): [T5_SEN] [T5] T=24°C RH=41% ws=0.0 m/s wd=0° | avg T=24 RH=41 ws=0.0 wd=0° [win T=12 RH=20 W=12]
[2026-05-14 14:28:55.332] [1232910][I][climate_control.cpp:434] task_climate_control(): [T6_CLI] [T6] T_avg=24 t_max=28 hyst=5 → step_t=0 | RH_avg=41 rh_max=75 rh_min=50 hyst=12 rh_en=1 → step_rh=0 | resolved=0 (was cur_t=0 cur_rh=0)
[2026-05-14 14:28:57.469] [1235058][I][main.cpp:162] task_watchdog_heartbeat(): [GHC] T1 tick 2460  uptime 1235 s
[2026-05-14 14:29:02.487] [1240076][I][main.cpp:162] task_watchdog_heartbeat(): [GHC] T1 tick 2470  uptime 1240 s
[2026-05-14 14:29:07.505] [1245094][I][main.cpp:162] task_watchdog_heartbeat(): [GHC] T1 tick 2480  uptime 1245 s
[2026-05-14 14:29:12.523] [1250112][I][main.cpp:162] task_watchdog_heartbeat(): [GHC] T1 tick 2490  uptime 1250 s
[2026-05-14 14:29:14.312] [1251898][I][data_manager.cpp:230] read_rtc_and_seed_clock(): [T4] RTC: 2026-05-14 14:29:10 UTC  unix=1778768950  daytime=yes
[2026-05-14 14:29:17.541] [1255130][I][main.cpp:162] task_watchdog_heartbeat(): [GHC] T1 tick 2500  uptime 1255 s
[2026-05-14 14:29:22.559] [1260148][I][main.cpp:162] task_watchdog_heartbeat(): [GHC] T1 tick 2510  uptime 1260 s
[2026-05-14 14:29:25.323] [1262911][I][sensor_poll.cpp:359] task_sensor_poll(): [T5_SEN] [T5] iter 41 — woke from 30 s delay
[2026-05-14 14:29:25.332] [1262920][I][sensor_poll.cpp:395] task_sensor_poll(): [T5_SEN] [T5] iter 41 — polling FG6485A
[2026-05-14 14:29:25.364] [1262952][I][sensor_poll.cpp:432] task_sensor_poll(): [T5_SEN] [T5] iter 41 — polling S200
[2026-05-14 14:29:25.906] [1263490][I][sensor_poll.cpp:535] task_sensor_poll(): [T5_SEN] [T5] T=24°C RH=40% ws=0.0 m/s wd=0° | avg T=24 RH=41 ws=0.0 wd=0° [win T=12 RH=20 W=12]
[2026-05-14 14:29:25.925] [1263503][I][climate_control.cpp:434] task_climate_control(): [T6_CLI] [T6] T_avg=24 t_max=28 hyst=5 → step_t=0 | RH_avg=41 rh_max=75 rh_min=50 hyst=12 rh_en=1 → step_rh=0 | resolved=0 (was cur_t=0 cur_rh=0)
[2026-05-14 14:29:27.577] [1265166][I][main.cpp:162] task_watchdog_heartbeat(): [GHC] T1 tick 2520  uptime 1265 s
[2026-05-14 14:29:32.595] [1270184][I][main.cpp:162] task_watchdog_heartbeat(): [GHC] T1 tick 2530  uptime 1270 s
[2026-05-14 14:29:37.613] [1275202][I][main.cpp:162] task_watchdog_heartbeat(): [GHC] T1 tick 2540  uptime 1275 s
[2026-05-14 14:29:42.631] [1280220][I][main.cpp:162] task_watchdog_heartbeat(): [GHC] T1 tick 2550  uptime 1280 s
[2026-05-14 14:29:47.649] [1285238][I][main.cpp:162] task_watchdog_heartbeat(): [GHC] T1 tick 2560  uptime 1285 s
[2026-05-14 14:29:52.667] [1290256][I][main.cpp:162] task_watchdog_heartbeat(): [GHC] T1 tick 2570  uptime 1290 s
[2026-05-14 14:29:55.917] [1293504][I][sensor_poll.cpp:359] task_sensor_poll(): [T5_SEN] [T5] iter 42 — woke from 30 s delay
[2026-05-14 14:29:55.925] [1293513][I][sensor_poll.cpp:395] task_sensor_poll(): [T5_SEN] [T5] iter 42 — polling FG6485A
[2026-05-14 14:29:55.957] [1293545][I][sensor_poll.cpp:432] task_sensor_poll(): [T5_SEN] [T5] iter 42 — polling S200
[2026-05-14 14:29:56.500] [1294084][I][sensor_poll.cpp:535] task_sensor_poll(): [T5_SEN] [T5] T=24°C RH=41% ws=0.0 m/s wd=0° | avg T=24 RH=41 ws=0.0 wd=0° [win T=12 RH=20 W=12]
[2026-05-14 14:29:56.520] [1294097][I][climate_control.cpp:434] task_climate_control(): [T6_CLI] [T6] T_avg=24 t_max=28 hyst=5 → step_t=0 | RH_avg=41 rh_max=75 rh_min=50 hyst=12 rh_en=1 → step_rh=0 | resolved=0 (was cur_t=0 cur_rh=0)
[2026-05-14 14:29:57.685] [1295274][I][main.cpp:162] task_watchdog_heartbeat(): [GHC] T1 tick 2580  uptime 1295 s
[2026-05-14 14:30:02.703] [1300292][I][main.cpp:162] task_watchdog_heartbeat(): [GHC] T1 tick 2590  uptime 1300 s
[2026-05-14 14:30:07.722] [1305310][I][main.cpp:162] task_watchdog_heartbeat(): [GHC] T1 tick 2600  uptime 1305 s
[2026-05-14 14:30:12.740] [1310328][I][main.cpp:162] task_watchdog_heartbeat(): [GHC] T1 tick 2610  uptime 1310 s
[2026-05-14 14:30:13.500] [1311085][I][data_manager.cpp:230] read_rtc_and_seed_clock(): [T4] RTC: 2026-05-14 14:30:09 UTC  unix=1778769009  daytime=yes
[2026-05-14 14:30:17.758] [1315346][I][main.cpp:162] task_watchdog_heartbeat(): [GHC] T1 tick 2620  uptime 1315 s
[2026-05-14 14:30:22.776] [1320364][I][main.cpp:162] task_watchdog_heartbeat(): [GHC] T1 tick 2630  uptime 1320 s
[2026-05-14 14:30:26.511] [1324098][I][sensor_poll.cpp:359] task_sensor_poll(): [T5_SEN] [T5] iter 43 — woke from 30 s delay
[2026-05-14 14:30:26.519] [1324107][I][sensor_poll.cpp:395] task_sensor_poll(): [T5_SEN] [T5] iter 43 — polling FG6485A
[2026-05-14 14:30:26.552] [1324139][I][sensor_poll.cpp:432] task_sensor_poll(): [T5_SEN] [T5] iter 43 — polling S200
[2026-05-14 14:30:27.094] [1324678][I][sensor_poll.cpp:535] task_sensor_poll(): [T5_SEN] [T5] T=25°C RH=40% ws=0.0 m/s wd=0° | avg T=24 RH=41 ws=0.0 wd=0° [win T=12 RH=20 W=12]
[2026-05-14 14:30:27.114] [1324691][I][climate_control.cpp:434] task_climate_control(): [T6_CLI] [T6] T_avg=24 t_max=28 hyst=5 → step_t=0 | RH_avg=41 rh_max=75 rh_min=50 hyst=12 rh_en=1 → step_rh=0 | resolved=0 (was cur_t=0 cur_rh=0)
[2026-05-14 14:30:27.794] [1325382][I][main.cpp:162] task_watchdog_heartbeat(): [GHC] T1 tick 2640  uptime 1325 s
[2026-05-14 14:30:32.812] [1330400][I][main.cpp:162] task_watchdog_heartbeat(): [GHC] T1 tick 2650  uptime 1330 s
[2026-05-14 14:30:37.830] [1335418][I][main.cpp:162] task_watchdog_heartbeat(): [GHC] T1 tick 2660  uptime 1335 s
[2026-05-14 14:30:42.848] [1340436][I][main.cpp:162] task_watchdog_heartbeat(): [GHC] T1 tick 2670  uptime 1340 s
[2026-05-14 14:30:47.866] [1345454][I][main.cpp:162] task_watchdog_heartbeat(): [GHC] T1 tick 2680  uptime 1345 s
[2026-05-14 14:30:52.884] [1350472][I][main.cpp:162] task_watchdog_heartbeat(): [GHC] T1 tick 2690  uptime 1350 s
[2026-05-14 14:30:57.105] [1354692][I][sensor_poll.cpp:359] task_sensor_poll(): [T5_SEN] [T5] iter 44 — woke from 30 s delay
[2026-05-14 14:30:57.113] [1354701][I][sensor_poll.cpp:395] task_sensor_poll(): [T5_SEN] [T5] iter 44 — polling FG6485A
[2026-05-14 14:30:57.145] [1354733][I][sensor_poll.cpp:432] task_sensor_poll(): [T5_SEN] [T5] iter 44 — polling S200
[2026-05-14 14:30:57.687] [1355271][I][sensor_poll.cpp:535] task_sensor_poll(): [T5_SEN] [T5] T=24°C RH=41% ws=0.0 m/s wd=0° | avg T=24 RH=41 ws=0.0 wd=0° [win T=12 RH=20 W=12]
[2026-05-14 14:30:57.707] [1355285][I][climate_control.cpp:434] task_climate_control(): [T6_CLI] [T6] T_avg=24 t_max=28 hyst=5 → step_t=0 | RH_avg=41 rh_max=75 rh_min=50 hyst=12 rh_en=1 → step_rh=0 | resolved=0 (was cur_t=0 cur_rh=0)
[2026-05-14 14:30:57.902] [1355490][I][main.cpp:162] task_watchdog_heartbeat(): [GHC] T1 tick 2700  uptime 1355 s
[2026-05-14 14:31:02.920] [1360508][I][main.cpp:162] task_watchdog_heartbeat(): [GHC] T1 tick 2710  uptime 1360 s
[2026-05-14 14:31:07.938] [1365526][I][main.cpp:162] task_watchdog_heartbeat(): [GHC] T1 tick 2720  uptime 1365 s
[2026-05-14 14:31:12.687] [1370272][I][data_manager.cpp:230] read_rtc_and_seed_clock(): [T4] RTC: 2026-05-14 14:31:08 UTC  unix=1778769068  daytime=yes
[2026-05-14 14:31:12.956] [1370544][I][main.cpp:162] task_watchdog_heartbeat(): [GHC] T1 tick 2730  uptime 1370 s
[2026-05-14 14:31:17.974] [1375562][I][main.cpp:162] task_watchdog_heartbeat(): [GHC] T1 tick 2740  uptime 1375 s
[2026-05-14 14:31:22.992] [1380580][I][main.cpp:162] task_watchdog_heartbeat(): [GHC] T1 tick 2750  uptime 1380 s
[2026-05-14 14:31:27.698] [1385285][I][sensor_poll.cpp:359] task_sensor_poll(): [T5_SEN] [T5] iter 45 — woke from 30 s delay
[2026-05-14 14:31:27.706] [1385294][I][sensor_poll.cpp:395] task_sensor_poll(): [T5_SEN] [T5] iter 45 — polling FG6485A
[2026-05-14 14:31:27.739] [1385326][I][sensor_poll.cpp:432] task_sensor_poll(): [T5_SEN] [T5] iter 45 — polling S200
[2026-05-14 14:31:28.010] [1385598][I][main.cpp:162] task_watchdog_heartbeat(): [GHC] T1 tick 2760  uptime 1385 s
[2026-05-14 14:31:28.280] [1385864][I][sensor_poll.cpp:535] task_sensor_poll(): [T5_SEN] [T5] T=24°C RH=40% ws=0.0 m/s wd=0° | avg T=24 RH=41 ws=0.0 wd=0° [win T=12 RH=20 W=12]
[2026-05-14 14:31:28.300] [1385877][I][climate_control.cpp:434] task_climate_control(): [T6_CLI] [T6] T_avg=24 t_max=28 hyst=5 → step_t=0 | RH_avg=41 rh_max=75 rh_min=50 hyst=12 rh_en=1 → step_rh=0 | resolved=0 (was cur_t=0 cur_rh=0)
[2026-05-14 14:31:33.028] [1390616][I][main.cpp:162] task_watchdog_heartbeat(): [GHC] T1 tick 2770  uptime 1390 s
[2026-05-14 14:31:38.046] [1395634][I][main.cpp:162] task_watchdog_heartbeat(): [GHC] T1 tick 2780  uptime 1395 s
[2026-05-14 14:31:43.063] [1400651][I][main.cpp:162] task_watchdog_heartbeat(): [GHC] T1 tick 2790  uptime 1400 s
[2026-05-14 14:31:48.080] [1405668][I][main.cpp:162] task_watchdog_heartbeat(): [GHC] T1 tick 2800  uptime 1405 s
[2026-05-14 14:31:53.097] [1410685][I][main.cpp:162] task_watchdog_heartbeat(): [GHC] T1 tick 2810  uptime 1410 s
[2026-05-14 14:31:58.115] [1415703][I][main.cpp:162] task_watchdog_heartbeat(): [GHC] T1 tick 2820  uptime 1415 s
[2026-05-14 14:31:58.291] [1415878][I][sensor_poll.cpp:359] task_sensor_poll(): [T5_SEN] [T5] iter 46 — woke from 30 s delay
[2026-05-14 14:31:58.300] [1415887][I][sensor_poll.cpp:395] task_sensor_poll(): [T5_SEN] [T5] iter 46 — polling FG6485A
[2026-05-14 14:31:58.332] [1415919][I][sensor_poll.cpp:432] task_sensor_poll(): [T5_SEN] [T5] iter 46 — polling S200
[2026-05-14 14:31:58.875] [1416458][I][sensor_poll.cpp:535] task_sensor_poll(): [T5_SEN] [T5] T=25°C RH=40% ws=0.0 m/s wd=0° | avg T=24 RH=41 ws=0.0 wd=0° [win T=12 RH=20 W=12]
[2026-05-14 14:31:58.894] [1416471][I][climate_control.cpp:434] task_climate_control(): [T6_CLI] [T6] T_avg=24 t_max=28 hyst=5 → step_t=0 | RH_avg=41 rh_max=75 rh_min=50 hyst=12 rh_en=1 → step_rh=0 | resolved=0 (was cur_t=0 cur_rh=0)
[2026-05-14 14:32:03.133] [1420721][I][main.cpp:162] task_watchdog_heartbeat(): [GHC] T1 tick 2830  uptime 1420 s
[2026-05-14 14:32:08.151] [1425739][I][main.cpp:162] task_watchdog_heartbeat(): [GHC] T1 tick 2840  uptime 1425 s
[2026-05-14 14:32:11.875] [1429459][I][data_manager.cpp:230] read_rtc_and_seed_clock(): [T4] RTC: 2026-05-14 14:32:07 UTC  unix=1778769127  daytime=yes
[2026-05-14 14:32:13.169] [1430757][I][main.cpp:162] task_watchdog_heartbeat(): [GHC] T1 tick 2850  uptime 1430 s
[2026-05-14 14:32:18.187] [1435775][I][main.cpp:162] task_watchdog_heartbeat(): [GHC] T1 tick 2860  uptime 1435 s
[2026-05-14 14:32:23.205] [1440793][I][main.cpp:162] task_watchdog_heartbeat(): [GHC] T1 tick 2870  uptime 1440 s
[2026-05-14 14:32:28.223] [1445811][I][main.cpp:162] task_watchdog_heartbeat(): [GHC] T1 tick 2880  uptime 1445 s
[2026-05-14 14:32:28.886] [1446472][I][sensor_poll.cpp:359] task_sensor_poll(): [T5_SEN] [T5] iter 47 — woke from 30 s delay
[2026-05-14 14:32:28.894] [1446481][I][sensor_poll.cpp:395] task_sensor_poll(): [T5_SEN] [T5] iter 47 — polling FG6485A
[2026-05-14 14:32:28.926] [1446514][I][sensor_poll.cpp:432] task_sensor_poll(): [T5_SEN] [T5] iter 47 — polling S200
[2026-05-14 14:32:29.469] [1447052][I][sensor_poll.cpp:535] task_sensor_poll(): [T5_SEN] [T5] T=25°C RH=40% ws=0.0 m/s wd=0° | avg T=24 RH=41 ws=0.0 wd=0° [win T=12 RH=20 W=12]
[2026-05-14 14:32:29.489] [1447065][I][climate_control.cpp:434] task_climate_control(): [T6_CLI] [T6] T_avg=24 t_max=28 hyst=5 → step_t=0 | RH_avg=41 rh_max=75 rh_min=50 hyst=12 rh_en=1 → step_rh=0 | resolved=0 (was cur_t=0 cur_rh=0)
[2026-05-14 14:32:33.241] [1450829][I][main.cpp:162] task_watchdog_heartbeat(): [GHC] T1 tick 2890  uptime 1450 s
[2026-05-14 14:32:38.259] [1455847][I][main.cpp:162] task_watchdog_heartbeat(): [GHC] T1 tick 2900  uptime 1455 s
[2026-05-14 14:32:43.277] [1460865][I][main.cpp:162] task_watchdog_heartbeat(): [GHC] T1 tick 2910  uptime 1460 s
[2026-05-14 14:32:48.295] [1465883][I][main.cpp:162] task_watchdog_heartbeat(): [GHC] T1 tick 2920  uptime 1465 s
[2026-05-14 14:32:53.313] [1470901][I][main.cpp:162] task_watchdog_heartbeat(): [GHC] T1 tick 2930  uptime 1470 s
[2026-05-14 14:32:58.331] [1475919][I][main.cpp:162] task_watchdog_heartbeat(): [GHC] T1 tick 2940  uptime 1475 s
[2026-05-14 14:32:59.479] [1477066][I][sensor_poll.cpp:359] task_sensor_poll(): [T5_SEN] [T5] iter 48 — woke from 30 s delay
[2026-05-14 14:32:59.487] [1477075][I][sensor_poll.cpp:395] task_sensor_poll(): [T5_SEN] [T5] iter 48 — polling FG6485A
[2026-05-14 14:32:59.519] [1477107][I][sensor_poll.cpp:432] task_sensor_poll(): [T5_SEN] [T5] iter 48 — polling S200
[2026-05-14 14:33:00.062] [1477645][I][sensor_poll.cpp:535] task_sensor_poll(): [T5_SEN] [T5] T=24°C RH=40% ws=0.0 m/s wd=0° | avg T=24 RH=41 ws=0.0 wd=0° [win T=12 RH=20 W=12]
[2026-05-14 14:33:00.081] [1477659][I][climate_control.cpp:434] task_climate_control(): [T6_CLI] [T6] T_avg=24 t_max=28 hyst=5 → step_t=0 | RH_avg=41 rh_max=75 rh_min=50 hyst=12 rh_en=1 → step_rh=0 | resolved=0 (was cur_t=0 cur_rh=0)
[2026-05-14 14:33:03.349] [1480937][I][main.cpp:162] task_watchdog_heartbeat(): [GHC] T1 tick 2950  uptime 1480 s
[2026-05-14 14:33:08.367] [1485955][I][main.cpp:162] task_watchdog_heartbeat(): [GHC] T1 tick 2960  uptime 1485 s
[2026-05-14 14:33:11.061] [1488646][I][data_manager.cpp:230] read_rtc_and_seed_clock(): [T4] RTC: 2026-05-14 14:33:06 UTC  unix=1778769186  daytime=yes
[2026-05-14 14:33:13.385] [1490973][I][main.cpp:162] task_watchdog_heartbeat(): [GHC] T1 tick 2970  uptime 1490 s
[2026-05-14 14:33:18.403] [1495991][I][main.cpp:162] task_watchdog_heartbeat(): [GHC] T1 tick 2980  uptime 1495 s
[2026-05-14 14:33:23.421] [1501009][I][main.cpp:162] task_watchdog_heartbeat(): [GHC] T1 tick 2990  uptime 1501 s
[2026-05-14 14:33:28.439] [1506027][I][main.cpp:162] task_watchdog_heartbeat(): [GHC] T1 tick 3000  uptime 1506 s
[2026-05-14 14:33:30.072] [1507659][I][sensor_poll.cpp:359] task_sensor_poll(): [T5_SEN] [T5] iter 49 — woke from 30 s delay
[2026-05-14 14:33:30.080] [1507668][I][sensor_poll.cpp:395] task_sensor_poll(): [T5_SEN] [T5] iter 49 — polling FG6485A
[2026-05-14 14:33:30.112] [1507700][I][sensor_poll.cpp:432] task_sensor_poll(): [T5_SEN] [T5] iter 49 — polling S200
[2026-05-14 14:33:30.654] [1508238][I][sensor_poll.cpp:535] task_sensor_poll(): [T5_SEN] [T5] T=24°C RH=40% ws=0.0 m/s wd=0° | avg T=24 RH=41 ws=0.0 wd=0° [win T=12 RH=20 W=12]
[2026-05-14 14:33:30.674] [1508251][I][climate_control.cpp:434] task_climate_control(): [T6_CLI] [T6] T_avg=24 t_max=28 hyst=5 → step_t=0 | RH_avg=41 rh_max=75 rh_min=50 hyst=12 rh_en=1 → step_rh=0 | resolved=0 (was cur_t=0 cur_rh=0)
[2026-05-14 14:33:33.457] [1511045][I][main.cpp:162] task_watchdog_heartbeat(): [GHC] T1 tick 3010  uptime 1511 s
[2026-05-14 14:33:38.474] [1516063][I][main.cpp:162] task_watchdog_heartbeat(): [GHC] T1 tick 3020  uptime 1516 s
[2026-05-14 14:33:43.493] [1521081][I][main.cpp:162] task_watchdog_heartbeat(): [GHC] T1 tick 3030  uptime 1521 s
[2026-05-14 14:33:48.511] [1526099][I][main.cpp:162] task_watchdog_heartbeat(): [GHC] T1 tick 3040  uptime 1526 s
[2026-05-14 14:33:53.529] [1531117][I][main.cpp:162] task_watchdog_heartbeat(): [GHC] T1 tick 3050  uptime 1531 s
[2026-05-14 14:33:58.547] [1536135][I][main.cpp:162] task_watchdog_heartbeat(): [GHC] T1 tick 3060  uptime 1536 s
[2026-05-14 14:34:00.665] [1538252][I][sensor_poll.cpp:359] task_sensor_poll(): [T5_SEN] [T5] iter 50 — woke from 30 s delay
[2026-05-14 14:34:00.673] [1538261][I][sensor_poll.cpp:395] task_sensor_poll(): [T5_SEN] [T5] iter 50 — polling FG6485A
[2026-05-14 14:34:00.705] [1538293][I][sensor_poll.cpp:432] task_sensor_poll(): [T5_SEN] [T5] iter 50 — polling S200
[2026-05-14 14:34:01.247] [1538831][I][sensor_poll.cpp:535] task_sensor_poll(): [T5_SEN] [T5] T=24°C RH=40% ws=0.0 m/s wd=0° | avg T=24 RH=41 ws=0.0 wd=0° [win T=12 RH=20 W=12]
[2026-05-14 14:34:01.267] [1538844][I][climate_control.cpp:434] task_climate_control(): [T6_CLI] [T6] T_avg=24 t_max=28 hyst=5 → step_t=0 | RH_avg=41 rh_max=75 rh_min=50 hyst=12 rh_en=1 → step_rh=0 | resolved=0 (was cur_t=0 cur_rh=0)
[2026-05-14 14:34:03.565] [1541153][I][main.cpp:162] task_watchdog_heartbeat(): [GHC] T1 tick 3070  uptime 1541 s
[2026-05-14 14:34:08.582] [1546171][I][main.cpp:162] task_watchdog_heartbeat(): [GHC] T1 tick 3080  uptime 1546 s
[2026-05-14 14:34:10.247] [1547832][I][data_manager.cpp:230] read_rtc_and_seed_clock(): [T4] RTC: 2026-05-14 14:34:06 UTC  unix=1778769246  daytime=yes
[2026-05-14 14:34:13.600] [1551189][I][main.cpp:162] task_watchdog_heartbeat(): [GHC] T1 tick 3090  uptime 1551 s
[2026-05-14 14:34:18.618] [1556207][I][main.cpp:162] task_watchdog_heartbeat(): [GHC] T1 tick 3100  uptime 1556 s
[2026-05-14 14:34:23.636] [1561225][I][main.cpp:162] task_watchdog_heartbeat(): [GHC] T1 tick 3110  uptime 1561 s
[2026-05-14 14:34:28.654] [1566243][I][main.cpp:162] task_watchdog_heartbeat(): [GHC] T1 tick 3120  uptime 1566 s
[2026-05-14 14:34:31.257] [1568845][I][sensor_poll.cpp:359] task_sensor_poll(): [T5_SEN] [T5] iter 51 — woke from 30 s delay
[2026-05-14 14:34:31.266] [1568854][I][sensor_poll.cpp:395] task_sensor_poll(): [T5_SEN] [T5] iter 51 — polling FG6485A
[2026-05-14 14:34:31.298] [1568886][I][sensor_poll.cpp:432] task_sensor_poll(): [T5_SEN] [T5] iter 51 — polling S200
[2026-05-14 14:34:31.841] [1569425][I][sensor_poll.cpp:535] task_sensor_poll(): [T5_SEN] [T5] T=24°C RH=40% ws=0.0 m/s wd=0° | avg T=24 RH=40 ws=0.0 wd=0° [win T=12 RH=20 W=12]
[2026-05-14 14:34:31.861] [1569439][I][climate_control.cpp:434] task_climate_control(): [T6_CLI] [T6] T_avg=24 t_max=28 hyst=5 → step_t=0 | RH_avg=40 rh_max=75 rh_min=50 hyst=12 rh_en=1 → step_rh=0 | resolved=0 (was cur_t=0 cur_rh=0)
[2026-05-14 14:34:33.672] [1571261][I][main.cpp:162] task_watchdog_heartbeat(): [GHC] T1 tick 3130  uptime 1571 s
[2026-05-14 14:34:38.690] [1576279][I][main.cpp:162] task_watchdog_heartbeat(): [GHC] T1 tick 3140  uptime 1576 s
[2026-05-14 14:34:43.708] [1581297][I][main.cpp:162] task_watchdog_heartbeat(): [GHC] T1 tick 3150  uptime 1581 s
[2026-05-14 14:34:48.726] [1586315][I][main.cpp:162] task_watchdog_heartbeat(): [GHC] T1 tick 3160  uptime 1586 s
[2026-05-14 14:34:53.744] [1591333][I][main.cpp:162] task_watchdog_heartbeat(): [GHC] T1 tick 3170  uptime 1591 s
[2026-05-14 14:34:58.762] [1596351][I][main.cpp:162] task_watchdog_heartbeat(): [GHC] T1 tick 3180  uptime 1596 s
[2026-05-14 14:35:01.851] [1599439][I][sensor_poll.cpp:359] task_sensor_poll(): [T5_SEN] [T5] iter 52 — woke from 30 s delay
[2026-05-14 14:35:01.859] [1599448][I][sensor_poll.cpp:395] task_sensor_poll(): [T5_SEN] [T5] iter 52 — polling FG6485A
[2026-05-14 14:35:01.891] [1599480][I][sensor_poll.cpp:432] task_sensor_poll(): [T5_SEN] [T5] iter 52 — polling S200
[2026-05-14 14:35:02.433] [1600018][I][sensor_poll.cpp:535] task_sensor_poll(): [T5_SEN] [T5] T=24°C RH=40% ws=0.0 m/s wd=0° | avg T=24 RH=40 ws=0.0 wd=0° [win T=12 RH=20 W=12]
[2026-05-14 14:35:02.453] [1600031][I][climate_control.cpp:434] task_climate_control(): [T6_CLI] [T6] T_avg=24 t_max=28 hyst=5 → step_t=0 | RH_avg=40 rh_max=75 rh_min=50 hyst=12 rh_en=1 → step_rh=0 | resolved=0 (was cur_t=0 cur_rh=0)
[2026-05-14 14:35:03.780] [1601369][I][main.cpp:162] task_watchdog_heartbeat(): [GHC] T1 tick 3190  uptime 1601 s
[2026-05-14 14:35:08.798] [1606387][I][main.cpp:162] task_watchdog_heartbeat(): [GHC] T1 tick 3200  uptime 1606 s
[2026-05-14 14:35:09.433] [1607019][I][data_manager.cpp:230] read_rtc_and_seed_clock(): [T4] RTC: 2026-05-14 14:35:05 UTC  unix=1778769305  daytime=yes
[2026-05-14 14:35:13.815] [1611404][I][main.cpp:162] task_watchdog_heartbeat(): [GHC] T1 tick 3210  uptime 1611 s
[2026-05-14 14:35:18.832] [1616421][I][main.cpp:162] task_watchdog_heartbeat(): [GHC] T1 tick 3220  uptime 1616 s
[2026-05-14 14:35:23.850] [1621439][I][main.cpp:162] task_watchdog_heartbeat(): [GHC] T1 tick 3230  uptime 1621 s
[2026-05-14 14:35:28.868] [1626457][I][main.cpp:162] task_watchdog_heartbeat(): [GHC] T1 tick 3240  uptime 1626 s
[2026-05-14 14:35:32.444] [1630032][I][sensor_poll.cpp:359] task_sensor_poll(): [T5_SEN] [T5] iter 53 — woke from 30 s delay
[2026-05-14 14:35:32.452] [1630041][I][sensor_poll.cpp:395] task_sensor_poll(): [T5_SEN] [T5] iter 53 — polling FG6485A
[2026-05-14 14:35:32.484] [1630073][I][sensor_poll.cpp:432] task_sensor_poll(): [T5_SEN] [T5] iter 53 — polling S200
[2026-05-14 14:35:33.026] [1630611][I][sensor_poll.cpp:535] task_sensor_poll(): [T5_SEN] [T5] T=24°C RH=40% ws=0.0 m/s wd=0° | avg T=24 RH=40 ws=0.0 wd=0° [win T=12 RH=20 W=12]
[2026-05-14 14:35:33.046] [1630625][I][climate_control.cpp:434] task_climate_control(): [T6_CLI] [T6] T_avg=24 t_max=28 hyst=5 → step_t=0 | RH_avg=40 rh_max=75 rh_min=50 hyst=12 rh_en=1 → step_rh=0 | resolved=0 (was cur_t=0 cur_rh=0)
[2026-05-14 14:35:33.886] [1631475][I][main.cpp:162] task_watchdog_heartbeat(): [GHC] T1 tick 3250  uptime 1631 s
[2026-05-14 14:35:38.904] [1636493][I][main.cpp:162] task_watchdog_heartbeat(): [GHC] T1 tick 3260  uptime 1636 s
[2026-05-14 14:35:43.922] [1641511][I][main.cpp:162] task_watchdog_heartbeat(): [GHC] T1 tick 3270  uptime 1641 s
[2026-05-14 14:35:48.940] [1646529][I][main.cpp:162] task_watchdog_heartbeat(): [GHC] T1 tick 3280  uptime 1646 s
[2026-05-14 14:35:53.958] [1651547][I][main.cpp:162] task_watchdog_heartbeat(): [GHC] T1 tick 3290  uptime 1651 s
[2026-05-14 14:35:58.976] [1656565][I][main.cpp:162] task_watchdog_heartbeat(): [GHC] T1 tick 3300  uptime 1656 s
[2026-05-14 14:36:03.037] [1660625][I][sensor_poll.cpp:359] task_sensor_poll(): [T5_SEN] [T5] iter 54 — woke from 30 s delay
[2026-05-14 14:36:03.045] [1660634][I][sensor_poll.cpp:395] task_sensor_poll(): [T5_SEN] [T5] iter 54 — polling FG6485A
[2026-05-14 14:36:03.077] [1660666][I][sensor_poll.cpp:432] task_sensor_poll(): [T5_SEN] [T5] iter 54 — polling S200
[2026-05-14 14:36:03.619] [1661204][I][sensor_poll.cpp:535] task_sensor_poll(): [T5_SEN] [T5] T=24°C RH=39% ws=0.0 m/s wd=0° | avg T=24 RH=40 ws=0.0 wd=0° [win T=12 RH=20 W=12]
[2026-05-14 14:36:03.639] [1661218][I][climate_control.cpp:434] task_climate_control(): [T6_CLI] [T6] T_avg=24 t_max=28 hyst=5 → step_t=0 | RH_avg=40 rh_max=75 rh_min=50 hyst=12 rh_en=1 → step_rh=0 | resolved=0 (was cur_t=0 cur_rh=0)
[2026-05-14 14:36:03.994] [1661583][I][main.cpp:162] task_watchdog_heartbeat(): [GHC] T1 tick 3310  uptime 1661 s
[2026-05-14 14:36:08.619] [1666205][I][data_manager.cpp:230] read_rtc_and_seed_clock(): [T4] RTC: 2026-05-14 14:36:04 UTC  unix=1778769364  daytime=yes
[2026-05-14 14:36:09.012] [1666601][I][main.cpp:162] task_watchdog_heartbeat(): [GHC] T1 tick 3320  uptime 1666 s
[2026-05-14 14:36:14.030] [1671619][I][main.cpp:162] task_watchdog_heartbeat(): [GHC] T1 tick 3330  uptime 1671 s
[2026-05-14 14:36:19.047] [1676637][I][main.cpp:162] task_watchdog_heartbeat(): [GHC] T1 tick 3340  uptime 1676 s
[2026-05-14 14:36:24.066] [1681655][I][main.cpp:162] task_watchdog_heartbeat(): [GHC] T1 tick 3350  uptime 1681 s
[2026-05-14 14:36:29.084] [1686673][I][main.cpp:162] task_watchdog_heartbeat(): [GHC] T1 tick 3360  uptime 1686 s
[2026-05-14 14:36:33.630] [1691218][I][sensor_poll.cpp:359] task_sensor_poll(): [T5_SEN] [T5] iter 55 — woke from 30 s delay
[2026-05-14 14:36:33.638] [1691227][I][sensor_poll.cpp:395] task_sensor_poll(): [T5_SEN] [T5] iter 55 — polling FG6485A
[2026-05-14 14:36:33.671] [1691259][I][sensor_poll.cpp:432] task_sensor_poll(): [T5_SEN] [T5] iter 55 — polling S200
[2026-05-14 14:36:34.101] [1691691][I][main.cpp:162] task_watchdog_heartbeat(): [GHC] T1 tick 3370  uptime 1691 s
[2026-05-14 14:36:34.213] [1691798][I][sensor_poll.cpp:535] task_sensor_poll(): [T5_SEN] [T5] T=24°C RH=40% ws=0.0 m/s wd=0° | avg T=24 RH=40 ws=0.0 wd=0° [win T=12 RH=20 W=12]
[2026-05-14 14:36:34.233] [1691811][I][climate_control.cpp:434] task_climate_control(): [T6_CLI] [T6] T_avg=24 t_max=28 hyst=5 → step_t=0 | RH_avg=40 rh_max=75 rh_min=50 hyst=12 rh_en=1 → step_rh=0 | resolved=0 (was cur_t=0 cur_rh=0)
[2026-05-14 14:36:39.119] [1696709][I][main.cpp:162] task_watchdog_heartbeat(): [GHC] T1 tick 3380  uptime 1696 s
[2026-05-14 14:36:44.137] [1701727][I][main.cpp:162] task_watchdog_heartbeat(): [GHC] T1 tick 3390  uptime 1701 s
[2026-05-14 14:36:49.155] [1706745][I][main.cpp:162] task_watchdog_heartbeat(): [GHC] T1 tick 3400  uptime 1706 s
[2026-05-14 14:36:54.173] [1711763][I][main.cpp:162] task_watchdog_heartbeat(): [GHC] T1 tick 3410  uptime 1711 s
[2026-05-14 14:36:59.191] [1716781][I][main.cpp:162] task_watchdog_heartbeat(): [GHC] T1 tick 3420  uptime 1716 s
[2026-05-14 14:37:04.209] [1721799][I][main.cpp:162] task_watchdog_heartbeat(): [GHC] T1 tick 3430  uptime 1721 s
[2026-05-14 14:37:04.223] [1721812][I][sensor_poll.cpp:359] task_sensor_poll(): [T5_SEN] [T5] iter 56 — woke from 30 s delay
[2026-05-14 14:37:04.231] [1721821][I][sensor_poll.cpp:395] task_sensor_poll(): [T5_SEN] [T5] iter 56 — polling FG6485A
[2026-05-14 14:37:04.264] [1721853][I][sensor_poll.cpp:432] task_sensor_poll(): [T5_SEN] [T5] iter 56 — polling S200
[2026-05-14 14:37:04.806] [1722391][I][sensor_poll.cpp:535] task_sensor_poll(): [T5_SEN] [T5] T=25°C RH=40% ws=0.0 m/s wd=0° | avg T=24 RH=40 ws=0.0 wd=0° [win T=12 RH=20 W=12]
[2026-05-14 14:37:04.826] [1722404][I][climate_control.cpp:434] task_climate_control(): [T6_CLI] [T6] T_avg=24 t_max=28 hyst=5 → step_t=0 | RH_avg=40 rh_max=75 rh_min=50 hyst=12 rh_en=1 → step_rh=0 | resolved=0 (was cur_t=0 cur_rh=0)
[2026-05-14 14:37:07.806] [1725392][I][data_manager.cpp:230] read_rtc_and_seed_clock(): [T4] RTC: 2026-05-14 14:37:03 UTC  unix=1778769423  daytime=yes
[2026-05-14 14:37:09.227] [1726817][I][main.cpp:162] task_watchdog_heartbeat(): [GHC] T1 tick 3440  uptime 1726 s
[2026-05-14 14:37:14.245] [1731835][I][main.cpp:162] task_watchdog_heartbeat(): [GHC] T1 tick 3450  uptime 1731 s
[2026-05-14 14:37:19.263] [1736853][I][main.cpp:162] task_watchdog_heartbeat(): [GHC] T1 tick 3460  uptime 1736 s
[2026-05-14 14:37:24.281] [1741871][I][main.cpp:162] task_watchdog_heartbeat(): [GHC] T1 tick 3470  uptime 1741 s
[2026-05-14 14:37:29.299] [1746889][I][main.cpp:162] task_watchdog_heartbeat(): [GHC] T1 tick 3480  uptime 1746 s
[2026-05-14 14:37:34.317] [1751907][I][main.cpp:162] task_watchdog_heartbeat(): [GHC] T1 tick 3490  uptime 1751 s
[2026-05-14 14:37:34.816] [1752405][I][sensor_poll.cpp:359] task_sensor_poll(): [T5_SEN] [T5] iter 57 — woke from 30 s delay
[2026-05-14 14:37:34.825] [1752414][I][sensor_poll.cpp:395] task_sensor_poll(): [T5_SEN] [T5] iter 57 — polling FG6485A
[2026-05-14 14:37:34.857] [1752446][I][sensor_poll.cpp:432] task_sensor_poll(): [T5_SEN] [T5] iter 57 — polling S200
[2026-05-14 14:37:35.399] [1752984][I][sensor_poll.cpp:535] task_sensor_poll(): [T5_SEN] [T5] T=24°C RH=40% ws=0.0 m/s wd=0° | avg T=24 RH=40 ws=0.0 wd=0° [win T=12 RH=20 W=12]
[2026-05-14 14:37:35.418] [1752998][I][climate_control.cpp:434] task_climate_control(): [T6_CLI] [T6] T_avg=24 t_max=28 hyst=5 → step_t=0 | RH_avg=40 rh_max=75 rh_min=50 hyst=12 rh_en=1 → step_rh=0 | resolved=0 (was cur_t=0 cur_rh=0)
[2026-05-14 14:37:39.335] [1756925][I][main.cpp:162] task_watchdog_heartbeat(): [GHC] T1 tick 3500  uptime 1756 s
[2026-05-14 14:37:44.353] [1761943][I][main.cpp:162] task_watchdog_heartbeat(): [GHC] T1 tick 3510  uptime 1761 s
[2026-05-14 14:37:49.371] [1766961][I][main.cpp:162] task_watchdog_heartbeat(): [GHC] T1 tick 3520  uptime 1766 s
[2026-05-14 14:37:54.389] [1771979][I][main.cpp:162] task_watchdog_heartbeat(): [GHC] T1 tick 3530  uptime 1771 s
[2026-05-14 14:37:59.407] [1776997][I][main.cpp:162] task_watchdog_heartbeat(): [GHC] T1 tick 3540  uptime 1776 s
[2026-05-14 14:38:04.425] [1782015][I][main.cpp:162] task_watchdog_heartbeat(): [GHC] T1 tick 3550  uptime 1782 s
[2026-05-14 14:38:05.409] [1782998][I][sensor_poll.cpp:359] task_sensor_poll(): [T5_SEN] [T5] iter 58 — woke from 30 s delay
[2026-05-14 14:38:05.417] [1783007][I][sensor_poll.cpp:395] task_sensor_poll(): [T5_SEN] [T5] iter 58 — polling FG6485A
[2026-05-14 14:38:05.450] [1783039][I][sensor_poll.cpp:432] task_sensor_poll(): [T5_SEN] [T5] iter 58 — polling S200
[2026-05-14 14:38:05.992] [1783578][I][sensor_poll.cpp:535] task_sensor_poll(): [T5_SEN] [T5] T=24°C RH=40% ws=0.0 m/s wd=0° | avg T=24 RH=40 ws=0.0 wd=0° [win T=12 RH=20 W=12]
[2026-05-14 14:38:06.012] [1783591][I][climate_control.cpp:434] task_climate_control(): [T6_CLI] [T6] T_avg=24 t_max=28 hyst=5 → step_t=0 | RH_avg=40 rh_max=75 rh_min=50 hyst=12 rh_en=1 → step_rh=0 | resolved=0 (was cur_t=0 cur_rh=0)
[2026-05-14 14:38:06.992] [1784579][I][data_manager.cpp:230] read_rtc_and_seed_clock(): [T4] RTC: 2026-05-14 14:38:02 UTC  unix=1778769482  daytime=yes
[2026-05-14 14:38:09.443] [1787033][I][main.cpp:162] task_watchdog_heartbeat(): [GHC] T1 tick 3560  uptime 1787 s
[2026-05-14 14:38:14.461] [1792051][I][main.cpp:162] task_watchdog_heartbeat(): [GHC] T1 tick 3570  uptime 1792 s
[2026-05-14 14:38:19.479] [1797069][I][main.cpp:162] task_watchdog_heartbeat(): [GHC] T1 tick 3580  uptime 1797 s
[2026-05-14 14:38:24.497] [1802087][I][main.cpp:162] task_watchdog_heartbeat(): [GHC] T1 tick 3590  uptime 1802 s
[2026-05-14 14:38:29.514] [1807105][I][main.cpp:162] task_watchdog_heartbeat(): [GHC] T1 tick 3600  uptime 1807 s
[2026-05-14 14:38:29.522] [1807113][I][main.cpp:247] task_watchdog_heartbeat(): [GHC] stack T1  hwm=2044 B
[2026-05-14 14:38:29.528] [1807121][I][main.cpp:247] task_watchdog_heartbeat(): [GHC] stack T2  hwm=6380 B
[2026-05-14 14:38:29.536] [1807128][I][main.cpp:247] task_watchdog_heartbeat(): [GHC] stack T3  hwm=1980 B
[2026-05-14 14:38:29.545] [1807135][I][main.cpp:247] task_watchdog_heartbeat(): [GHC] stack T4  hwm=3980 B
[2026-05-14 14:38:29.551] [1807143][I][main.cpp:247] task_watchdog_heartbeat(): [GHC] stack T5  hwm=4252 B
[2026-05-14 14:38:29.559] [1807150][I][main.cpp:247] task_watchdog_heartbeat(): [GHC] stack T6  hwm=1904 B
[2026-05-14 14:38:29.566] [1807157][I][main.cpp:247] task_watchdog_heartbeat(): [GHC] stack T7  hwm=2464 B
[2026-05-14 14:38:29.574] [1807165][I][main.cpp:247] task_watchdog_heartbeat(): [GHC] stack T8  hwm=5740 B
[2026-05-14 14:38:29.580] [1807172][I][main.cpp:247] task_watchdog_heartbeat(): [GHC] stack T9  hwm=2524 B
[2026-05-14 14:38:29.589] [1807179][I][main.cpp:247] task_watchdog_heartbeat(): [GHC] stack T10 hwm=5632 B
[2026-05-14 14:38:29.595] [1807187][I][main.cpp:247] task_watchdog_heartbeat(): [GHC] stack T11 hwm=5536 B
[2026-05-14 14:38:29.603] [1807194][I][main.cpp:247] task_watchdog_heartbeat(): [GHC] stack T12 hwm=7464 B
[2026-05-14 14:38:29.611] [1807202][I][main.cpp:247] task_watchdog_heartbeat(): [GHC] stack T14 hwm=6752 B
[2026-05-14 14:38:29.618] [1807209][I][main.cpp:247] task_watchdog_heartbeat(): [GHC] stack T15 hwm=2424 B
[2026-05-14 14:38:34.636] [1812226][I][main.cpp:162] task_watchdog_heartbeat(): [GHC] T1 tick 3610  uptime 1812 s
[2026-05-14 14:38:36.003] [1813592][I][sensor_poll.cpp:359] task_sensor_poll(): [T5_SEN] [T5] iter 59 — woke from 30 s delay
[2026-05-14 14:38:36.011] [1813601][I][sensor_poll.cpp:395] task_sensor_poll(): [T5_SEN] [T5] iter 59 — polling FG6485A
[2026-05-14 14:38:36.044] [1813634][I][sensor_poll.cpp:432] task_sensor_poll(): [T5_SEN] [T5] iter 59 — polling S200
[2026-05-14 14:38:36.586] [1814172][I][sensor_poll.cpp:535] task_sensor_poll(): [T5_SEN] [T5] T=24°C RH=40% ws=0.0 m/s wd=0° | avg T=24 RH=40 ws=0.0 wd=0° [win T=12 RH=20 W=12]
[2026-05-14 14:38:36.606] [1814185][I][climate_control.cpp:434] task_climate_control(): [T6_CLI] [T6] T_avg=24 t_max=28 hyst=5 → step_t=0 | RH_avg=40 rh_max=75 rh_min=50 hyst=12 rh_en=1 → step_rh=0 | resolved=0 (was cur_t=0 cur_rh=0)
[2026-05-14 14:38:39.654] [1817244][I][main.cpp:162] task_watchdog_heartbeat(): [GHC] T1 tick 3620  uptime 1817 s
[2026-05-14 14:38:44.672] [1822262][I][main.cpp:162] task_watchdog_heartbeat(): [GHC] T1 tick 3630  uptime 1822 s
[2026-05-14 14:38:49.690] [1827280][I][main.cpp:162] task_watchdog_heartbeat(): [GHC] T1 tick 3640  uptime 1827 s
[2026-05-14 14:38:54.708] [1832298][I][main.cpp:162] task_watchdog_heartbeat(): [GHC] T1 tick 3650  uptime 1832 s
[2026-05-14 14:38:59.726] [1837316][I][main.cpp:162] task_watchdog_heartbeat(): [GHC] T1 tick 3660  uptime 1837 s
[2026-05-14 14:39:04.744] [1842334][I][main.cpp:162] task_watchdog_heartbeat(): [GHC] T1 tick 3670  uptime 1842 s
[2026-05-14 14:39:06.586] [1844173][I][data_manager.cpp:230] read_rtc_and_seed_clock(): [T4] RTC: 2026-05-14 14:39:02 UTC  unix=1778769542  daytime=yes
[2026-05-14 14:39:06.597] [1844186][I][sensor_poll.cpp:359] task_sensor_poll(): [T5_SEN] [T5] iter 60 — woke from 30 s delay
[2026-05-14 14:39:06.605] [1844195][I][sensor_poll.cpp:395] task_sensor_poll(): [T5_SEN] [T5] iter 60 — polling FG6485A
[2026-05-14 14:39:06.637] [1844227][I][sensor_poll.cpp:432] task_sensor_poll(): [T5_SEN] [T5] iter 60 — polling S200
[2026-05-14 14:39:07.179] [1844765][I][sensor_poll.cpp:535] task_sensor_poll(): [T5_SEN] [T5] T=24°C RH=40% ws=0.0 m/s wd=0° | avg T=24 RH=40 ws=0.0 wd=0° [win T=12 RH=20 W=12]
[2026-05-14 14:39:07.199] [1844778][I][climate_control.cpp:434] task_climate_control(): [T6_CLI] [T6] T_avg=24 t_max=28 hyst=5 → step_t=0 | RH_avg=40 rh_max=75 rh_min=50 hyst=12 rh_en=1 → step_rh=0 | resolved=0 (was cur_t=0 cur_rh=0)
[2026-05-14 14:39:09.762] [1847352][I][main.cpp:162] task_watchdog_heartbeat(): [GHC] T1 tick 3680  uptime 1847 s
[2026-05-14 14:39:14.780] [1852370][I][main.cpp:162] task_watchdog_heartbeat(): [GHC] T1 tick 3690  uptime 1852 s
[2026-05-14 14:39:19.797] [1857388][I][main.cpp:162] task_watchdog_heartbeat(): [GHC] T1 tick 3700  uptime 1857 s
[2026-05-14 14:39:24.816] [1862406][I][main.cpp:162] task_watchdog_heartbeat(): [GHC] T1 tick 3710  uptime 1862 s
[2026-05-14 14:39:29.834] [1867424][I][main.cpp:162] task_watchdog_heartbeat(): [GHC] T1 tick 3720  uptime 1867 s
[2026-05-14 14:39:34.852] [1872442][I][main.cpp:162] task_watchdog_heartbeat(): [GHC] T1 tick 3730  uptime 1872 s
[2026-05-14 14:39:37.190] [1874779][I][sensor_poll.cpp:359] task_sensor_poll(): [T5_SEN] [T5] iter 61 — woke from 30 s delay
[2026-05-14 14:39:37.198] [1874788][I][sensor_poll.cpp:395] task_sensor_poll(): [T5_SEN] [T5] iter 61 — polling FG6485A
[2026-05-14 14:39:37.230] [1874820][I][sensor_poll.cpp:432] task_sensor_poll(): [T5_SEN] [T5] iter 61 — polling S200
[2026-05-14 14:39:37.772] [1875358][I][sensor_poll.cpp:535] task_sensor_poll(): [T5_SEN] [T5] T=24°C RH=39% ws=0.0 m/s wd=0° | avg T=24 RH=40 ws=0.0 wd=0° [win T=12 RH=20 W=12]
[2026-05-14 14:39:37.792] [1875372][I][climate_control.cpp:434] task_climate_control(): [T6_CLI] [T6] T_avg=24 t_max=28 hyst=5 → step_t=0 | RH_avg=40 rh_max=75 rh_min=50 hyst=12 rh_en=1 → step_rh=0 | resolved=0 (was cur_t=0 cur_rh=0)
[2026-05-14 14:39:39.870] [1877460][I][main.cpp:162] task_watchdog_heartbeat(): [GHC] T1 tick 3740  uptime 1877 s
[2026-05-14 14:39:44.888] [1882478][I][main.cpp:162] task_watchdog_heartbeat(): [GHC] T1 tick 3750  uptime 1882 s
[2026-05-14 14:39:49.906] [1887496][I][main.cpp:162] task_watchdog_heartbeat(): [GHC] T1 tick 3760  uptime 1887 s
[2026-05-14 14:39:54.924] [1892514][I][main.cpp:162] task_watchdog_heartbeat(): [GHC] T1 tick 3770  uptime 1892 s
[2026-05-14 14:39:59.942] [1897532][I][main.cpp:162] task_watchdog_heartbeat(): [GHC] T1 tick 3780  uptime 1897 s
[2026-05-14 14:40:04.960] [1902550][I][main.cpp:162] task_watchdog_heartbeat(): [GHC] T1 tick 3790  uptime 1902 s
[2026-05-14 14:40:05.772] [1903359][I][data_manager.cpp:230] read_rtc_and_seed_clock(): [T4] RTC: 2026-05-14 14:40:01 UTC  unix=1778769601  daytime=yes
[2026-05-14 14:40:07.783] [1905372][I][sensor_poll.cpp:359] task_sensor_poll(): [T5_SEN] [T5] iter 62 — woke from 30 s delay
[2026-05-14 14:40:07.791] [1905381][I][sensor_poll.cpp:395] task_sensor_poll(): [T5_SEN] [T5] iter 62 — polling FG6485A
[2026-05-14 14:40:07.823] [1905413][I][sensor_poll.cpp:432] task_sensor_poll(): [T5_SEN] [T5] iter 62 — polling S200
[2026-05-14 14:40:08.365] [1905951][I][sensor_poll.cpp:535] task_sensor_poll(): [T5_SEN] [T5] T=24°C RH=40% ws=0.0 m/s wd=0° | avg T=24 RH=40 ws=0.0 wd=0° [win T=12 RH=20 W=12]
[2026-05-14 14:40:08.385] [1905965][I][climate_control.cpp:434] task_climate_control(): [T6_CLI] [T6] T_avg=24 t_max=28 hyst=5 → step_t=0 | RH_avg=40 rh_max=75 rh_min=50 hyst=12 rh_en=1 → step_rh=0 | resolved=0 (was cur_t=0 cur_rh=0)
[2026-05-14 14:40:09.978] [1907568][I][main.cpp:162] task_watchdog_heartbeat(): [GHC] T1 tick 3800  uptime 1907 s
[2026-05-14 14:40:14.996] [1912586][I][main.cpp:162] task_watchdog_heartbeat(): [GHC] T1 tick 3810  uptime 1912 s
[2026-05-14 14:40:20.014] [1917604][I][main.cpp:162] task_watchdog_heartbeat(): [GHC] T1 tick 3820  uptime 1917 s
[2026-05-14 14:40:25.032] [1922622][I][main.cpp:162] task_watchdog_heartbeat(): [GHC] T1 tick 3830  uptime 1922 s
[2026-05-14 14:40:30.050] [1927640][I][main.cpp:162] task_watchdog_heartbeat(): [GHC] T1 tick 3840  uptime 1927 s
[2026-05-14 14:40:35.068] [1932658][I][main.cpp:162] task_watchdog_heartbeat(): [GHC] T1 tick 3850  uptime 1932 s
[2026-05-14 14:40:38.376] [1935965][I][sensor_poll.cpp:359] task_sensor_poll(): [T5_SEN] [T5] iter 63 — woke from 30 s delay
[2026-05-14 14:40:38.384] [1935974][I][sensor_poll.cpp:395] task_sensor_poll(): [T5_SEN] [T5] iter 63 — polling FG6485A
[2026-05-14 14:40:38.417] [1936006][I][sensor_poll.cpp:432] task_sensor_poll(): [T5_SEN] [T5] iter 63 — polling S200
[2026-05-14 14:40:38.959] [1936545][I][sensor_poll.cpp:535] task_sensor_poll(): [T5_SEN] [T5] T=24°C RH=40% ws=0.0 m/s wd=0° | avg T=24 RH=40 ws=0.0 wd=0° [win T=12 RH=20 W=12]
[2026-05-14 14:40:38.979] [1936559][I][climate_control.cpp:434] task_climate_control(): [T6_CLI] [T6] T_avg=24 t_max=28 hyst=5 → step_t=0 | RH_avg=40 rh_max=75 rh_min=50 hyst=12 rh_en=1 → step_rh=0 | resolved=0 (was cur_t=0 cur_rh=0)
[2026-05-14 14:40:40.086] [1937676][I][main.cpp:162] task_watchdog_heartbeat(): [GHC] T1 tick 3860  uptime 1937 s
[2026-05-14 14:40:45.104] [1942694][I][main.cpp:162] task_watchdog_heartbeat(): [GHC] T1 tick 3870  uptime 1942 s
[2026-05-14 14:40:50.122] [1947712][I][main.cpp:162] task_watchdog_heartbeat(): [GHC] T1 tick 3880  uptime 1947 s
[2026-05-14 14:40:55.140] [1952730][I][main.cpp:162] task_watchdog_heartbeat(): [GHC] T1 tick 3890  uptime 1952 s
[2026-05-14 14:41:00.158] [1957748][I][main.cpp:162] task_watchdog_heartbeat(): [GHC] T1 tick 3900  uptime 1957 s
[2026-05-14 14:41:04.960] [1962547][I][data_manager.cpp:230] read_rtc_and_seed_clock(): [T4] RTC: 2026-05-14 14:41:00 UTC  unix=1778769660  daytime=yes
[2026-05-14 14:41:05.176] [1962766][I][main.cpp:162] task_watchdog_heartbeat(): [GHC] T1 tick 3910  uptime 1962 s
[2026-05-14 14:41:08.970] [1966559][I][sensor_poll.cpp:359] task_sensor_poll(): [T5_SEN] [T5] iter 64 — woke from 30 s delay
[2026-05-14 14:41:08.978] [1966568][I][sensor_poll.cpp:395] task_sensor_poll(): [T5_SEN] [T5] iter 64 — polling FG6485A
[2026-05-14 14:41:09.010] [1966600][I][sensor_poll.cpp:432] task_sensor_poll(): [T5_SEN] [T5] iter 64 — polling S200
[2026-05-14 14:41:09.552] [1967138][I][sensor_poll.cpp:535] task_sensor_poll(): [T5_SEN] [T5] T=24°C RH=40% ws=0.0 m/s wd=0° | avg T=24 RH=40 ws=0.0 wd=0° [win T=12 RH=20 W=12]
[2026-05-14 14:41:09.572] [1967151][I][climate_control.cpp:434] task_climate_control(): [T6_CLI] [T6] T_avg=24 t_max=28 hyst=5 → step_t=0 | RH_avg=40 rh_max=75 rh_min=50 hyst=12 rh_en=1 → step_rh=0 | resolved=0 (was cur_t=0 cur_rh=0)
[2026-05-14 14:41:10.194] [1967784][I][main.cpp:162] task_watchdog_heartbeat(): [GHC] T1 tick 3920  uptime 1967 s
[2026-05-14 14:41:15.212] [1972802][I][main.cpp:162] task_watchdog_heartbeat(): [GHC] T1 tick 3930  uptime 1972 s
[2026-05-14 14:41:20.230] [1977820][I][main.cpp:162] task_watchdog_heartbeat(): [GHC] T1 tick 3940  uptime 1977 s
[2026-05-14 14:41:25.248] [1982838][I][main.cpp:162] task_watchdog_heartbeat(): [GHC] T1 tick 3950  uptime 1982 s
[2026-05-14 14:41:30.266] [1987856][I][main.cpp:162] task_watchdog_heartbeat(): [GHC] T1 tick 3960  uptime 1987 s
[2026-05-14 14:41:35.284] [1992874][I][main.cpp:162] task_watchdog_heartbeat(): [GHC] T1 tick 3970  uptime 1992 s
[2026-05-14 14:41:39.563] [1997152][I][sensor_poll.cpp:359] task_sensor_poll(): [T5_SEN] [T5] iter 65 — woke from 30 s delay
[2026-05-14 14:41:39.571] [1997161][I][sensor_poll.cpp:395] task_sensor_poll(): [T5_SEN] [T5] iter 65 — polling FG6485A
[2026-05-14 14:41:39.603] [1997193][I][sensor_poll.cpp:432] task_sensor_poll(): [T5_SEN] [T5] iter 65 — polling S200
[2026-05-14 14:41:40.145] [1997731][I][sensor_poll.cpp:535] task_sensor_poll(): [T5_SEN] [T5] T=24°C RH=40% ws=0.0 m/s wd=0° | avg T=24 RH=40 ws=0.0 wd=0° [win T=12 RH=20 W=12]
[2026-05-14 14:41:40.165] [1997744][I][climate_control.cpp:434] task_climate_control(): [T6_CLI] [T6] T_avg=24 t_max=28 hyst=5 → step_t=0 | RH_avg=40 rh_max=75 rh_min=50 hyst=12 rh_en=1 → step_rh=0 | resolved=0 (was cur_t=0 cur_rh=0)
[2026-05-14 14:41:40.302] [1997892][I][main.cpp:162] task_watchdog_heartbeat(): [GHC] T1 tick 3980  uptime 1997 s
[2026-05-14 14:41:45.320] [2002910][I][main.cpp:162] task_watchdog_heartbeat(): [GHC] T1 tick 3990  uptime 2002 s
[2026-05-14 14:41:50.337] [2007928][I][main.cpp:162] task_watchdog_heartbeat(): [GHC] T1 tick 4000  uptime 2007 s
[2026-05-14 14:41:55.356] [2012946][I][main.cpp:162] task_watchdog_heartbeat(): [GHC] T1 tick 4010  uptime 2012 s
[2026-05-14 14:42:00.374] [2017964][I][main.cpp:162] task_watchdog_heartbeat(): [GHC] T1 tick 4020  uptime 2017 s
[2026-05-14 14:42:04.145] [2021732][I][data_manager.cpp:230] read_rtc_and_seed_clock(): [T4] RTC: 2026-05-14 14:42:00 UTC  unix=1778769720  daytime=yes
[2026-05-14 14:42:05.391] [2022982][I][main.cpp:162] task_watchdog_heartbeat(): [GHC] T1 tick 4030  uptime 2022 s
[2026-05-14 14:42:10.156] [2027745][I][sensor_poll.cpp:359] task_sensor_poll(): [T5_SEN] [T5] iter 66 — woke from 30 s delay
[2026-05-14 14:42:10.164] [2027754][I][sensor_poll.cpp:395] task_sensor_poll(): [T5_SEN] [T5] iter 66 — polling FG6485A
[2026-05-14 14:42:10.196] [2027786][I][sensor_poll.cpp:432] task_sensor_poll(): [T5_SEN] [T5] iter 66 — polling S200
[2026-05-14 14:42:10.409] [2028000][I][main.cpp:162] task_watchdog_heartbeat(): [GHC] T1 tick 4040  uptime 2028 s
[2026-05-14 14:42:10.740] [2028326][I][sensor_poll.cpp:535] task_sensor_poll(): [T5_SEN] [T5] T=24°C RH=40% ws=0.0 m/s wd=0° | avg T=24 RH=40 ws=0.0 wd=0° [win T=12 RH=20 W=12]
[2026-05-14 14:42:10.760] [2028339][I][climate_control.cpp:434] task_climate_control(): [T6_CLI] [T6] T_avg=24 t_max=28 hyst=5 → step_t=0 | RH_avg=40 rh_max=75 rh_min=50 hyst=12 rh_en=1 → step_rh=0 | resolved=0 (was cur_t=0 cur_rh=0)
[2026-05-14 14:42:15.427] [2033018][I][main.cpp:162] task_watchdog_heartbeat(): [GHC] T1 tick 4050  uptime 2033 s
[2026-05-14 14:42:20.446] [2038036][I][main.cpp:162] task_watchdog_heartbeat(): [GHC] T1 tick 4060  uptime 2038 s
[2026-05-14 14:42:25.463] [2043054][I][main.cpp:162] task_watchdog_heartbeat(): [GHC] T1 tick 4070  uptime 2043 s
[2026-05-14 14:42:30.480] [2048071][I][main.cpp:162] task_watchdog_heartbeat(): [GHC] T1 tick 4080  uptime 2048 s
[2026-05-14 14:42:35.498] [2053089][I][main.cpp:162] task_watchdog_heartbeat(): [GHC] T1 tick 4090  uptime 2053 s
[2026-05-14 14:42:40.515] [2058106][I][main.cpp:162] task_watchdog_heartbeat(): [GHC] T1 tick 4100  uptime 2058 s
[2026-05-14 14:42:40.751] [2058340][I][sensor_poll.cpp:359] task_sensor_poll(): [T5_SEN] [T5] iter 67 — woke from 30 s delay
[2026-05-14 14:42:40.759] [2058349][I][sensor_poll.cpp:395] task_sensor_poll(): [T5_SEN] [T5] iter 67 — polling FG6485A
[2026-05-14 14:42:40.791] [2058381][I][sensor_poll.cpp:432] task_sensor_poll(): [T5_SEN] [T5] iter 67 — polling S200
[2026-05-14 14:42:41.334] [2058920][I][sensor_poll.cpp:535] task_sensor_poll(): [T5_SEN] [T5] T=24°C RH=40% ws=0.0 m/s wd=0° | avg T=24 RH=40 ws=0.0 wd=0° [win T=12 RH=20 W=12]
[2026-05-14 14:42:41.354] [2058934][I][climate_control.cpp:434] task_climate_control(): [T6_CLI] [T6] T_avg=24 t_max=28 hyst=5 → step_t=0 | RH_avg=40 rh_max=75 rh_min=50 hyst=12 rh_en=1 → step_rh=0 | resolved=0 (was cur_t=0 cur_rh=0)
[2026-05-14 14:42:45.534] [2063124][I][main.cpp:162] task_watchdog_heartbeat(): [GHC] T1 tick 4110  uptime 2063 s
[2026-05-14 14:42:50.551] [2068142][I][main.cpp:162] task_watchdog_heartbeat(): [GHC] T1 tick 4120  uptime 2068 s
[2026-05-14 14:42:55.570] [2073160][I][main.cpp:162] task_watchdog_heartbeat(): [GHC] T1 tick 4130  uptime 2073 s
[2026-05-14 14:43:00.587] [2078178][I][main.cpp:162] task_watchdog_heartbeat(): [GHC] T1 tick 4140  uptime 2078 s
[2026-05-14 14:43:03.334] [2080921][I][data_manager.cpp:230] read_rtc_and_seed_clock(): [T4] RTC: 2026-05-14 14:42:59 UTC  unix=1778769779  daytime=yes
[2026-05-14 14:43:05.605] [2083196][I][main.cpp:162] task_watchdog_heartbeat(): [GHC] T1 tick 4150  uptime 2083 s
[2026-05-14 14:43:10.623] [2088214][I][main.cpp:162] task_watchdog_heartbeat(): [GHC] T1 tick 4160  uptime 2088 s
[2026-05-14 14:43:11.345] [2088934][I][sensor_poll.cpp:359] task_sensor_poll(): [T5_SEN] [T5] iter 68 — woke from 30 s delay
[2026-05-14 14:43:11.353] [2088943][I][sensor_poll.cpp:395] task_sensor_poll(): [T5_SEN] [T5] iter 68 — polling FG6485A
[2026-05-14 14:43:11.701] [2089290][I][sensor_poll.cpp:432] task_sensor_poll(): [T5_SEN] [T5] iter 68 — polling S200
[2026-05-14 14:43:12.243] [2089829][I][sensor_poll.cpp:535] task_sensor_poll(): [T5_SEN] [T5] T=24°C RH=40% ws=0.0 m/s wd=0° | avg T=24 RH=40 ws=0.0 wd=0° [win T=12 RH=20 W=12]
[2026-05-14 14:43:12.263] [2089842][I][climate_control.cpp:434] task_climate_control(): [T6_CLI] [T6] T_avg=24 t_max=28 hyst=5 → step_t=0 | RH_avg=40 rh_max=75 rh_min=50 hyst=12 rh_en=1 → step_rh=0 | resolved=0 (was cur_t=0 cur_rh=0)
[2026-05-14 14:43:15.641] [2093232][I][main.cpp:162] task_watchdog_heartbeat(): [GHC] T1 tick 4170  uptime 2093 s
[2026-05-14 14:43:20.659] [2098250][I][main.cpp:162] task_watchdog_heartbeat(): [GHC] T1 tick 4180  uptime 2098 s
[2026-05-14 14:43:25.677] [2103268][I][main.cpp:162] task_watchdog_heartbeat(): [GHC] T1 tick 4190  uptime 2103 s
[2026-05-14 14:43:30.695] [2108286][I][main.cpp:162] task_watchdog_heartbeat(): [GHC] T1 tick 4200  uptime 2108 s
[2026-05-14 14:43:35.713] [2113304][I][main.cpp:162] task_watchdog_heartbeat(): [GHC] T1 tick 4210  uptime 2113 s
[2026-05-14 14:43:40.731] [2118322][I][main.cpp:162] task_watchdog_heartbeat(): [GHC] T1 tick 4220  uptime 2118 s
[2026-05-14 14:43:42.254] [2119843][I][sensor_poll.cpp:359] task_sensor_poll(): [T5_SEN] [T5] iter 69 — woke from 30 s delay
[2026-05-14 14:43:42.262] [2119852][I][sensor_poll.cpp:395] task_sensor_poll(): [T5_SEN] [T5] iter 69 — polling FG6485A
[2026-05-14 14:43:42.294] [2119884][I][sensor_poll.cpp:432] task_sensor_poll(): [T5_SEN] [T5] iter 69 — polling S200
[2026-05-14 14:43:42.835] [2120422][I][sensor_poll.cpp:535] task_sensor_poll(): [T5_SEN] [T5] T=24°C RH=40% ws=0.0 m/s wd=0° | avg T=24 RH=40 ws=0.0 wd=0° [win T=12 RH=20 W=12]
[2026-05-14 14:43:42.856] [2120435][I][climate_control.cpp:434] task_climate_control(): [T6_CLI] [T6] T_avg=24 t_max=28 hyst=5 → step_t=0 | RH_avg=40 rh_max=75 rh_min=50 hyst=12 rh_en=1 → step_rh=0 | resolved=0 (was cur_t=0 cur_rh=0)
[2026-05-14 14:43:45.749] [2123340][I][main.cpp:162] task_watchdog_heartbeat(): [GHC] T1 tick 4230  uptime 2123 s
[2026-05-14 14:43:50.767] [2128358][I][main.cpp:162] task_watchdog_heartbeat(): [GHC] T1 tick 4240  uptime 2128 s
[2026-05-14 14:43:55.785] [2133376][I][main.cpp:162] task_watchdog_heartbeat(): [GHC] T1 tick 4250  uptime 2133 s
[2026-05-14 14:44:00.804] [2138394][I][main.cpp:162] task_watchdog_heartbeat(): [GHC] T1 tick 4260  uptime 2138 s
[2026-05-14 14:44:02.836] [2140423][I][data_manager.cpp:230] read_rtc_and_seed_clock(): [T4] RTC: 2026-05-14 14:43:58 UTC  unix=1778769838  daytime=yes
[2026-05-14 14:44:05.821] [2143412][I][main.cpp:162] task_watchdog_heartbeat(): [GHC] T1 tick 4270  uptime 2143 s
[2026-05-14 14:44:10.839] [2148430][I][main.cpp:162] task_watchdog_heartbeat(): [GHC] T1 tick 4280  uptime 2148 s
[2026-05-14 14:44:12.847] [2150436][I][sensor_poll.cpp:359] task_sensor_poll(): [T5_SEN] [T5] iter 70 — woke from 30 s delay
[2026-05-14 14:44:12.855] [2150445][I][sensor_poll.cpp:395] task_sensor_poll(): [T5_SEN] [T5] iter 70 — polling FG6485A
[2026-05-14 14:44:12.887] [2150477][I][sensor_poll.cpp:432] task_sensor_poll(): [T5_SEN] [T5] iter 70 — polling S200
[2026-05-14 14:44:13.429] [2151015][I][sensor_poll.cpp:535] task_sensor_poll(): [T5_SEN] [T5] T=24°C RH=39% ws=0.0 m/s wd=0° | avg T=24 RH=40 ws=0.0 wd=0° [win T=12 RH=20 W=12]
[2026-05-14 14:44:13.449] [2151028][I][climate_control.cpp:434] task_climate_control(): [T6_CLI] [T6] T_avg=24 t_max=28 hyst=5 → step_t=0 | RH_avg=40 rh_max=75 rh_min=50 hyst=12 rh_en=1 → step_rh=0 | resolved=0 (was cur_t=0 cur_rh=0)
[2026-05-14 14:44:15.858] [2153448][I][main.cpp:162] task_watchdog_heartbeat(): [GHC] T1 tick 4290  uptime 2153 s
[2026-05-14 14:44:20.876] [2158466][I][main.cpp:162] task_watchdog_heartbeat(): [GHC] T1 tick 4300  uptime 2158 s
[2026-05-14 14:44:25.893] [2163484][I][main.cpp:162] task_watchdog_heartbeat(): [GHC] T1 tick 4310  uptime 2163 s
[2026-05-14 14:44:30.911] [2168502][I][main.cpp:162] task_watchdog_heartbeat(): [GHC] T1 tick 4320  uptime 2168 s
[2026-05-14 14:44:35.929] [2173520][I][main.cpp:162] task_watchdog_heartbeat(): [GHC] T1 tick 4330  uptime 2173 s
[2026-05-14 14:44:40.947] [2178538][I][main.cpp:162] task_watchdog_heartbeat(): [GHC] T1 tick 4340  uptime 2178 s
[2026-05-14 14:44:43.440] [2181029][I][sensor_poll.cpp:359] task_sensor_poll(): [T5_SEN] [T5] iter 71 — woke from 30 s delay
[2026-05-14 14:44:43.448] [2181038][I][sensor_poll.cpp:395] task_sensor_poll(): [T5_SEN] [T5] iter 71 — polling FG6485A
[2026-05-14 14:44:43.480] [2181070][I][sensor_poll.cpp:432] task_sensor_poll(): [T5_SEN] [T5] iter 71 — polling S200
[2026-05-14 14:44:44.022] [2181608][I][sensor_poll.cpp:535] task_sensor_poll(): [T5_SEN] [T5] T=24°C RH=39% ws=0.0 m/s wd=0° | avg T=24 RH=40 ws=0.0 wd=0° [win T=12 RH=20 W=12]
[2026-05-14 14:44:44.042] [2181621][I][climate_control.cpp:434] task_climate_control(): [T6_CLI] [T6] T_avg=24 t_max=28 hyst=5 → step_t=0 | RH_avg=40 rh_max=75 rh_min=50 hyst=12 rh_en=1 → step_rh=0 | resolved=0 (was cur_t=0 cur_rh=0)
[2026-05-14 14:44:45.965] [2183556][I][main.cpp:162] task_watchdog_heartbeat(): [GHC] T1 tick 4350  uptime 2183 s
[2026-05-14 14:44:50.983] [2188574][I][main.cpp:162] task_watchdog_heartbeat(): [GHC] T1 tick 4360  uptime 2188 s
[2026-05-14 14:44:56.001] [2193592][I][main.cpp:162] task_watchdog_heartbeat(): [GHC] T1 tick 4370  uptime 2193 s
[2026-05-14 14:45:01.020] [2198610][I][main.cpp:162] task_watchdog_heartbeat(): [GHC] T1 tick 4380  uptime 2198 s
[2026-05-14 14:45:02.023] [2199610][I][data_manager.cpp:230] read_rtc_and_seed_clock(): [T4] RTC: 2026-05-14 14:44:57 UTC  unix=1778769897  daytime=yes
[2026-05-14 14:45:06.037] [2203628][I][main.cpp:162] task_watchdog_heartbeat(): [GHC] T1 tick 4390  uptime 2203 s
[2026-05-14 14:45:11.056] [2208646][I][main.cpp:162] task_watchdog_heartbeat(): [GHC] T1 tick 4400  uptime 2208 s
[2026-05-14 14:45:14.033] [2211622][I][sensor_poll.cpp:359] task_sensor_poll(): [T5_SEN] [T5] iter 72 — woke from 30 s delay
[2026-05-14 14:45:14.041] [2211631][I][sensor_poll.cpp:395] task_sensor_poll(): [T5_SEN] [T5] iter 72 — polling FG6485A
[2026-05-14 14:45:14.074] [2211663][I][sensor_poll.cpp:432] task_sensor_poll(): [T5_SEN] [T5] iter 72 — polling S200
[2026-05-14 14:45:14.616] [2212202][I][sensor_poll.cpp:535] task_sensor_poll(): [T5_SEN] [T5] T=24°C RH=40% ws=0.0 m/s wd=0° | avg T=24 RH=40 ws=0.0 wd=0° [win T=12 RH=20 W=12]
[2026-05-14 14:45:14.636] [2212216][I][climate_control.cpp:434] task_climate_control(): [T6_CLI] [T6] T_avg=24 t_max=28 hyst=5 → step_t=0 | RH_avg=40 rh_max=75 rh_min=50 hyst=12 rh_en=1 → step_rh=0 | resolved=0 (was cur_t=0 cur_rh=0)
[2026-05-14 14:45:16.074] [2213664][I][main.cpp:162] task_watchdog_heartbeat(): [GHC] T1 tick 4410  uptime 2213 s
[2026-05-14 14:45:21.092] [2218682][I][main.cpp:162] task_watchdog_heartbeat(): [GHC] T1 tick 4420  uptime 2218 s
[2026-05-14 14:45:26.110] [2223700][I][main.cpp:162] task_watchdog_heartbeat(): [GHC] T1 tick 4430  uptime 2223 s
[2026-05-14 14:45:31.128] [2228718][I][main.cpp:162] task_watchdog_heartbeat(): [GHC] T1 tick 4440  uptime 2228 s
[2026-05-14 14:45:36.145] [2233736][I][main.cpp:162] task_watchdog_heartbeat(): [GHC] T1 tick 4450  uptime 2233 s
[2026-05-14 14:45:41.164] [2238754][I][main.cpp:162] task_watchdog_heartbeat(): [GHC] T1 tick 4460  uptime 2238 s
[2026-05-14 14:45:44.627] [2242216][I][sensor_poll.cpp:359] task_sensor_poll(): [T5_SEN] [T5] iter 73 — woke from 30 s delay
[2026-05-14 14:45:44.635] [2242225][I][sensor_poll.cpp:395] task_sensor_poll(): [T5_SEN] [T5] iter 73 — polling FG6485A
[2026-05-14 14:45:44.667] [2242257][I][sensor_poll.cpp:432] task_sensor_poll(): [T5_SEN] [T5] iter 73 — polling S200
[2026-05-14 14:45:45.209] [2242795][I][sensor_poll.cpp:535] task_sensor_poll(): [T5_SEN] [T5] T=24°C RH=39% ws=0.0 m/s wd=0° | avg T=24 RH=40 ws=0.0 wd=0° [win T=12 RH=20 W=12]
[2026-05-14 14:45:45.229] [2242808][I][climate_control.cpp:434] task_climate_control(): [T6_CLI] [T6] T_avg=24 t_max=28 hyst=5 → step_t=0 | RH_avg=40 rh_max=75 rh_min=50 hyst=12 rh_en=1 → step_rh=0 | resolved=0 (was cur_t=0 cur_rh=0)
[2026-05-14 14:45:46.181] [2243772][I][main.cpp:162] task_watchdog_heartbeat(): [GHC] T1 tick 4470  uptime 2243 s
[2026-05-14 14:45:51.200] [2248790][I][main.cpp:162] task_watchdog_heartbeat(): [GHC] T1 tick 4480  uptime 2248 s
[2026-05-14 14:45:56.217] [2253808][I][main.cpp:162] task_watchdog_heartbeat(): [GHC] T1 tick 4490  uptime 2253 s
[2026-05-14 14:46:01.213] [2258800][I][data_manager.cpp:230] read_rtc_and_seed_clock(): [T4] RTC: 2026-05-14 14:45:57 UTC  unix=1778769957  daytime=yes
[2026-05-14 14:46:01.235] [2258826][I][main.cpp:162] task_watchdog_heartbeat(): [GHC] T1 tick 4500  uptime 2258 s
[2026-05-14 14:46:06.254] [2263844][I][main.cpp:162] task_watchdog_heartbeat(): [GHC] T1 tick 4510  uptime 2263 s
[2026-05-14 14:46:11.271] [2268861][I][main.cpp:162] task_watchdog_heartbeat(): [GHC] T1 tick 4520  uptime 2268 s
[2026-05-14 14:46:15.220] [2272809][I][sensor_poll.cpp:359] task_sensor_poll(): [T5_SEN] [T5] iter 74 — woke from 30 s delay
[2026-05-14 14:46:15.228] [2272818][I][sensor_poll.cpp:395] task_sensor_poll(): [T5_SEN] [T5] iter 74 — polling FG6485A
[2026-05-14 14:46:15.260] [2272850][I][sensor_poll.cpp:432] task_sensor_poll(): [T5_SEN] [T5] iter 74 — polling S200
[2026-05-14 14:46:15.802] [2273388][I][sensor_poll.cpp:535] task_sensor_poll(): [T5_SEN] [T5] T=24°C RH=40% ws=0.0 m/s wd=0° | avg T=24 RH=40 ws=0.0 wd=0° [win T=12 RH=20 W=12]
[2026-05-14 14:46:15.822] [2273401][I][climate_control.cpp:434] task_climate_control(): [T6_CLI] [T6] T_avg=24 t_max=28 hyst=5 → step_t=0 | RH_avg=40 rh_max=75 rh_min=50 hyst=12 rh_en=1 → step_rh=0 | resolved=0 (was cur_t=0 cur_rh=0)
[2026-05-14 14:46:16.288] [2273878][I][main.cpp:162] task_watchdog_heartbeat(): [GHC] T1 tick 4530  uptime 2273 s
[2026-05-14 14:46:21.305] [2278895][I][main.cpp:162] task_watchdog_heartbeat(): [GHC] T1 tick 4540  uptime 2278 s
[2026-05-14 14:46:26.322] [2283912][I][main.cpp:162] task_watchdog_heartbeat(): [GHC] T1 tick 4550  uptime 2283 s
[2026-05-14 14:46:31.339] [2288930][I][main.cpp:162] task_watchdog_heartbeat(): [GHC] T1 tick 4560  uptime 2288 s
[2026-05-14 14:46:36.358] [2293948][I][main.cpp:162] task_watchdog_heartbeat(): [GHC] T1 tick 4570  uptime 2293 s
[2026-05-14 14:46:41.376] [2298966][I][main.cpp:162] task_watchdog_heartbeat(): [GHC] T1 tick 4580  uptime 2298 s
[2026-05-14 14:46:45.813] [2303402][I][sensor_poll.cpp:359] task_sensor_poll(): [T5_SEN] [T5] iter 75 — woke from 30 s delay
[2026-05-14 14:46:45.821] [2303411][I][sensor_poll.cpp:395] task_sensor_poll(): [T5_SEN] [T5] iter 75 — polling FG6485A
[2026-05-14 14:46:45.853] [2303443][I][sensor_poll.cpp:432] task_sensor_poll(): [T5_SEN] [T5] iter 75 — polling S200
[2026-05-14 14:46:46.395] [2303981][I][sensor_poll.cpp:535] task_sensor_poll(): [T5_SEN] [T5] T=24°C RH=40% ws=0.0 m/s wd=0° | avg T=24 RH=40 ws=0.0 wd=0° [win T=12 RH=20 W=12]
[2026-05-14 14:46:46.404] [2303984][I][main.cpp:162] task_watchdog_heartbeat(): [GHC] T1 tick 4590  uptime 2303 s
[2026-05-14 14:46:46.423] [2304003][I][climate_control.cpp:434] task_climate_control(): [T6_CLI] [T6] T_avg=24 t_max=28 hyst=5 → step_t=0 | RH_avg=40 rh_max=75 rh_min=50 hyst=12 rh_en=1 → step_rh=0 | resolved=0 (was cur_t=0 cur_rh=0)
[2026-05-14 14:46:51.422] [2309012][I][main.cpp:162] task_watchdog_heartbeat(): [GHC] T1 tick 4600  uptime 2309 s
[2026-05-14 14:46:56.440] [2314030][I][main.cpp:162] task_watchdog_heartbeat(): [GHC] T1 tick 4610  uptime 2314 s
[2026-05-14 14:47:00.395] [2317982][I][data_manager.cpp:230] read_rtc_and_seed_clock(): [T4] RTC: 2026-05-14 14:46:56 UTC  unix=1778770016  daytime=yes
[2026-05-14 14:47:01.458] [2319048][I][main.cpp:162] task_watchdog_heartbeat(): [GHC] T1 tick 4620  uptime 2319 s
[2026-05-14 14:47:06.476] [2324066][I][main.cpp:162] task_watchdog_heartbeat(): [GHC] T1 tick 4630  uptime 2324 s
[2026-05-14 14:47:11.494] [2329084][I][main.cpp:162] task_watchdog_heartbeat(): [GHC] T1 tick 4640  uptime 2329 s
[2026-05-14 14:47:16.414] [2334003][I][sensor_poll.cpp:359] task_sensor_poll(): [T5_SEN] [T5] iter 76 — woke from 30 s delay
[2026-05-14 14:47:16.422] [2334012][I][sensor_poll.cpp:395] task_sensor_poll(): [T5_SEN] [T5] iter 76 — polling FG6485A
[2026-05-14 14:47:16.455] [2334044][I][sensor_poll.cpp:432] task_sensor_poll(): [T5_SEN] [T5] iter 76 — polling S200
[2026-05-14 14:47:16.512] [2334102][I][main.cpp:162] task_watchdog_heartbeat(): [GHC] T1 tick 4650  uptime 2334 s
[2026-05-14 14:47:16.997] [2334583][I][sensor_poll.cpp:535] task_sensor_poll(): [T5_SEN] [T5] T=24°C RH=40% ws=0.0 m/s wd=0° | avg T=24 RH=40 ws=0.0 wd=0° [win T=12 RH=20 W=12]
[2026-05-14 14:47:17.017] [2334596][I][climate_control.cpp:434] task_climate_control(): [T6_CLI] [T6] T_avg=24 t_max=28 hyst=5 → step_t=0 | RH_avg=40 rh_max=75 rh_min=50 hyst=12 rh_en=1 → step_rh=0 | resolved=0 (was cur_t=0 cur_rh=0)
[2026-05-14 14:47:21.529] [2339119][I][main.cpp:162] task_watchdog_heartbeat(): [GHC] T1 tick 4660  uptime 2339 s
[2026-05-14 14:47:26.547] [2344137][I][main.cpp:162] task_watchdog_heartbeat(): [GHC] T1 tick 4670  uptime 2344 s
[2026-05-14 14:47:31.564] [2349154][I][main.cpp:162] task_watchdog_heartbeat(): [GHC] T1 tick 4680  uptime 2349 s
[2026-05-14 14:47:36.582] [2354172][I][main.cpp:162] task_watchdog_heartbeat(): [GHC] T1 tick 4690  uptime 2354 s
[2026-05-14 14:47:41.600] [2359190][I][main.cpp:162] task_watchdog_heartbeat(): [GHC] T1 tick 4700  uptime 2359 s
[2026-05-14 14:47:46.618] [2364208][I][main.cpp:162] task_watchdog_heartbeat(): [GHC] T1 tick 4710  uptime 2364 s
[2026-05-14 14:47:47.008] [2364597][I][sensor_poll.cpp:359] task_sensor_poll(): [T5_SEN] [T5] iter 77 — woke from 30 s delay
[2026-05-14 14:47:47.016] [2364606][I][sensor_poll.cpp:395] task_sensor_poll(): [T5_SEN] [T5] iter 77 — polling FG6485A
[2026-05-14 14:47:47.048] [2364638][I][sensor_poll.cpp:432] task_sensor_poll(): [T5_SEN] [T5] iter 77 — polling S200
[2026-05-14 14:47:47.590] [2365176][I][sensor_poll.cpp:535] task_sensor_poll(): [T5_SEN] [T5] T=24°C RH=40% ws=0.0 m/s wd=0° | avg T=24 RH=40 ws=0.0 wd=0° [win T=12 RH=20 W=12]
[2026-05-14 14:47:47.610] [2365189][I][climate_control.cpp:434] task_climate_control(): [T6_CLI] [T6] T_avg=24 t_max=28 hyst=5 → step_t=0 | RH_avg=40 rh_max=75 rh_min=50 hyst=12 rh_en=1 → step_rh=0 | resolved=0 (was cur_t=0 cur_rh=0)
[2026-05-14 14:47:51.636] [2369226][I][main.cpp:162] task_watchdog_heartbeat(): [GHC] T1 tick 4720  uptime 2369 s
[2026-05-14 14:47:56.654] [2374244][I][main.cpp:162] task_watchdog_heartbeat(): [GHC] T1 tick 4730  uptime 2374 s
[2026-05-14 14:47:59.590] [2377177][I][data_manager.cpp:230] read_rtc_and_seed_clock(): [T4] RTC: 2026-05-14 14:47:55 UTC  unix=1778770075  daytime=yes
[2026-05-14 14:48:01.672] [2379262][I][main.cpp:162] task_watchdog_heartbeat(): [GHC] T1 tick 4740  uptime 2379 s
[2026-05-14 14:48:06.690] [2384280][I][main.cpp:162] task_watchdog_heartbeat(): [GHC] T1 tick 4750  uptime 2384 s
[2026-05-14 14:48:11.707] [2389298][I][main.cpp:162] task_watchdog_heartbeat(): [GHC] T1 tick 4760  uptime 2389 s
[2026-05-14 14:48:16.725] [2394316][I][main.cpp:162] task_watchdog_heartbeat(): [GHC] T1 tick 4770  uptime 2394 s
[2026-05-14 14:48:17.601] [2395190][I][sensor_poll.cpp:359] task_sensor_poll(): [T5_SEN] [T5] iter 78 — woke from 30 s delay
[2026-05-14 14:48:17.609] [2395199][I][sensor_poll.cpp:395] task_sensor_poll(): [T5_SEN] [T5] iter 78 — polling FG6485A
[2026-05-14 14:48:17.641] [2395231][I][sensor_poll.cpp:432] task_sensor_poll(): [T5_SEN] [T5] iter 78 — polling S200
[2026-05-14 14:48:18.183] [2395769][I][sensor_poll.cpp:535] task_sensor_poll(): [T5_SEN] [T5] T=24°C RH=40% ws=0.0 m/s wd=0° | avg T=24 RH=40 ws=0.0 wd=0° [win T=12 RH=20 W=12]
[2026-05-14 14:48:18.203] [2395783][I][climate_control.cpp:434] task_climate_control(): [T6_CLI] [T6] T_avg=24 t_max=28 hyst=5 → step_t=0 | RH_avg=40 rh_max=75 rh_min=50 hyst=12 rh_en=1 → step_rh=0 | resolved=0 (was cur_t=0 cur_rh=0)
[2026-05-14 14:48:21.744] [2399334][I][main.cpp:162] task_watchdog_heartbeat(): [GHC] T1 tick 4780  uptime 2399 s
[2026-05-14 14:48:26.762] [2404352][I][main.cpp:162] task_watchdog_heartbeat(): [GHC] T1 tick 4790  uptime 2404 s
[2026-05-14 14:48:31.779] [2409370][I][main.cpp:162] task_watchdog_heartbeat(): [GHC] T1 tick 4800  uptime 2409 s
[2026-05-14 14:48:31.787] [2409378][I][main.cpp:247] task_watchdog_heartbeat(): [GHC] stack T1  hwm=2044 B
[2026-05-14 14:48:31.793] [2409386][I][main.cpp:247] task_watchdog_heartbeat(): [GHC] stack T2  hwm=6380 B
[2026-05-14 14:48:31.802] [2409393][I][main.cpp:247] task_watchdog_heartbeat(): [GHC] stack T3  hwm=1980 B
[2026-05-14 14:48:31.810] [2409400][I][main.cpp:247] task_watchdog_heartbeat(): [GHC] stack T4  hwm=3980 B
[2026-05-14 14:48:31.816] [2409408][I][main.cpp:247] task_watchdog_heartbeat(): [GHC] stack T5  hwm=4252 B
[2026-05-14 14:48:31.824] [2409415][I][main.cpp:247] task_watchdog_heartbeat(): [GHC] stack T6  hwm=1676 B
[2026-05-14 14:48:31.830] [2409422][I][main.cpp:247] task_watchdog_heartbeat(): [GHC] stack T7  hwm=2464 B
[2026-05-14 14:48:31.839] [2409430][I][main.cpp:247] task_watchdog_heartbeat(): [GHC] stack T8  hwm=5740 B
[2026-05-14 14:48:31.845] [2409437][I][main.cpp:247] task_watchdog_heartbeat(): [GHC] stack T9  hwm=2524 B
[2026-05-14 14:48:31.853] [2409444][I][main.cpp:247] task_watchdog_heartbeat(): [GHC] stack T10 hwm=5632 B
[2026-05-14 14:48:31.859] [2409452][I][main.cpp:247] task_watchdog_heartbeat(): [GHC] stack T11 hwm=5536 B
[2026-05-14 14:48:31.868] [2409459][I][main.cpp:247] task_watchdog_heartbeat(): [GHC] stack T12 hwm=7464 B
[2026-05-14 14:48:31.876] [2409467][I][main.cpp:247] task_watchdog_heartbeat(): [GHC] stack T14 hwm=6752 B
[2026-05-14 14:48:31.883] [2409474][I][main.cpp:247] task_watchdog_heartbeat(): [GHC] stack T15 hwm=2424 B
[2026-05-14 14:48:36.901] [2414491][I][main.cpp:162] task_watchdog_heartbeat(): [GHC] T1 tick 4810  uptime 2414 s
[2026-05-14 14:48:41.919] [2419509][I][main.cpp:162] task_watchdog_heartbeat(): [GHC] T1 tick 4820  uptime 2419 s
[2026-05-14 14:48:46.937] [2424527][I][main.cpp:162] task_watchdog_heartbeat(): [GHC] T1 tick 4830  uptime 2424 s
[2026-05-14 14:48:48.194] [2425783][I][sensor_poll.cpp:359] task_sensor_poll(): [T5_SEN] [T5] iter 79 — woke from 30 s delay
[2026-05-14 14:48:48.202] [2425792][I][sensor_poll.cpp:395] task_sensor_poll(): [T5_SEN] [T5] iter 79 — polling FG6485A
[2026-05-14 14:48:48.234] [2425824][I][sensor_poll.cpp:432] task_sensor_poll(): [T5_SEN] [T5] iter 79 — polling S200
[2026-05-14 14:48:48.776] [2426362][I][sensor_poll.cpp:535] task_sensor_poll(): [T5_SEN] [T5] T=24°C RH=40% ws=0.0 m/s wd=0° | avg T=24 RH=40 ws=0.0 wd=0° [win T=12 RH=20 W=12]
[2026-05-14 14:48:48.796] [2426375][I][climate_control.cpp:434] task_climate_control(): [T6_CLI] [T6] T_avg=24 t_max=28 hyst=5 → step_t=0 | RH_avg=40 rh_max=75 rh_min=50 hyst=12 rh_en=1 → step_rh=0 | resolved=0 (was cur_t=0 cur_rh=0)
[2026-05-14 14:48:51.955] [2429545][I][main.cpp:162] task_watchdog_heartbeat(): [GHC] T1 tick 4840  uptime 2429 s
[2026-05-14 14:48:56.973] [2434563][I][main.cpp:162] task_watchdog_heartbeat(): [GHC] T1 tick 4850  uptime 2434 s
[2026-05-14 14:48:58.776] [2436363][I][data_manager.cpp:230] read_rtc_and_seed_clock(): [T4] RTC: 2026-05-14 14:48:54 UTC  unix=1778770134  daytime=yes
[2026-05-14 14:49:01.991] [2439581][I][main.cpp:162] task_watchdog_heartbeat(): [GHC] T1 tick 4860  uptime 2439 s
[2026-05-14 14:49:07.009] [2444599][I][main.cpp:162] task_watchdog_heartbeat(): [GHC] T1 tick 4870  uptime 2444 s
[2026-05-14 14:49:12.027] [2449617][I][main.cpp:162] task_watchdog_heartbeat(): [GHC] T1 tick 4880  uptime 2449 s
[2026-05-14 14:49:17.045] [2454635][I][main.cpp:162] task_watchdog_heartbeat(): [GHC] T1 tick 4890  uptime 2454 s
[2026-05-14 14:49:18.787] [2456376][I][sensor_poll.cpp:359] task_sensor_poll(): [T5_SEN] [T5] iter 80 — woke from 30 s delay
[2026-05-14 14:49:18.795] [2456385][I][sensor_poll.cpp:395] task_sensor_poll(): [T5_SEN] [T5] iter 80 — polling FG6485A
[2026-05-14 14:49:18.828] [2456417][I][sensor_poll.cpp:432] task_sensor_poll(): [T5_SEN] [T5] iter 80 — polling S200
[2026-05-14 14:49:19.370] [2456956][I][sensor_poll.cpp:535] task_sensor_poll(): [T5_SEN] [T5] T=24°C RH=39% ws=0.0 m/s wd=0° | avg T=24 RH=40 ws=0.0 wd=0° [win T=12 RH=20 W=12]
[2026-05-14 14:49:19.390] [2456969][I][climate_control.cpp:434] task_climate_control(): [T6_CLI] [T6] T_avg=24 t_max=28 hyst=5 → step_t=0 | RH_avg=40 rh_max=75 rh_min=50 hyst=12 rh_en=1 → step_rh=0 | resolved=0 (was cur_t=0 cur_rh=0)
[2026-05-14 14:49:22.063] [2459653][I][main.cpp:162] task_watchdog_heartbeat(): [GHC] T1 tick 4900  uptime 2459 s
[2026-05-14 14:49:27.081] [2464671][I][main.cpp:162] task_watchdog_heartbeat(): [GHC] T1 tick 4910  uptime 2464 s
[2026-05-14 14:49:32.099] [2469689][I][main.cpp:162] task_watchdog_heartbeat(): [GHC] T1 tick 4920  uptime 2469 s
[2026-05-14 14:49:37.117] [2474707][I][main.cpp:162] task_watchdog_heartbeat(): [GHC] T1 tick 4930  uptime 2474 s
[2026-05-14 14:49:42.134] [2479724][I][main.cpp:162] task_watchdog_heartbeat(): [GHC] T1 tick 4940  uptime 2479 s
[2026-05-14 14:49:47.151] [2484741][I][main.cpp:162] task_watchdog_heartbeat(): [GHC] T1 tick 4950  uptime 2484 s
[2026-05-14 14:49:49.381] [2486970][I][sensor_poll.cpp:359] task_sensor_poll(): [T5_SEN] [T5] iter 81 — woke from 30 s delay
[2026-05-14 14:49:49.389] [2486979][I][sensor_poll.cpp:395] task_sensor_poll(): [T5_SEN] [T5] iter 81 — polling FG6485A
[2026-05-14 14:49:49.421] [2487011][I][sensor_poll.cpp:432] task_sensor_poll(): [T5_SEN] [T5] iter 81 — polling S200
[2026-05-14 14:49:49.963] [2487549][I][sensor_poll.cpp:535] task_sensor_poll(): [T5_SEN] [T5] T=24°C RH=39% ws=0.0 m/s wd=0° | avg T=24 RH=40 ws=0.0 wd=0° [win T=12 RH=20 W=12]
[2026-05-14 14:49:49.983] [2487562][I][climate_control.cpp:434] task_climate_control(): [T6_CLI] [T6] T_avg=24 t_max=28 hyst=5 → step_t=0 | RH_avg=40 rh_max=75 rh_min=50 hyst=12 rh_en=1 → step_rh=0 | resolved=0 (was cur_t=0 cur_rh=0)
[2026-05-14 14:49:52.168] [2489758][I][main.cpp:162] task_watchdog_heartbeat(): [GHC] T1 tick 4960  uptime 2489 s
[2026-05-14 14:49:57.185] [2494775][I][main.cpp:162] task_watchdog_heartbeat(): [GHC] T1 tick 4970  uptime 2494 s
[2026-05-14 14:49:57.963] [2495550][I][data_manager.cpp:230] read_rtc_and_seed_clock(): [T4] RTC: 2026-05-14 14:49:53 UTC  unix=1778770193  daytime=yes
[2026-05-14 14:50:02.203] [2499793][I][main.cpp:162] task_watchdog_heartbeat(): [GHC] T1 tick 4980  uptime 2499 s
[2026-05-14 14:50:07.221] [2504811][I][main.cpp:162] task_watchdog_heartbeat(): [GHC] T1 tick 4990  uptime 2504 s
[2026-05-14 14:50:12.239] [2509829][I][main.cpp:162] task_watchdog_heartbeat(): [GHC] T1 tick 5000  uptime 2509 s
[2026-05-14 14:50:17.257] [2514847][I][main.cpp:162] task_watchdog_heartbeat(): [GHC] T1 tick 5010  uptime 2514 s
[2026-05-14 14:50:19.974] [2517562][I][sensor_poll.cpp:359] task_sensor_poll(): [T5_SEN] [T5] iter 82 — woke from 30 s delay
[2026-05-14 14:50:19.982] [2517571][I][sensor_poll.cpp:395] task_sensor_poll(): [T5_SEN] [T5] iter 82 — polling FG6485A
[2026-05-14 14:50:20.015] [2517604][I][sensor_poll.cpp:432] task_sensor_poll(): [T5_SEN] [T5] iter 82 — polling S200
[2026-05-14 14:50:20.556] [2518142][I][sensor_poll.cpp:535] task_sensor_poll(): [T5_SEN] [T5] T=24°C RH=40% ws=0.0 m/s wd=0° | avg T=24 RH=40 ws=0.0 wd=0° [win T=12 RH=20 W=12]
[2026-05-14 14:50:20.576] [2518156][I][climate_control.cpp:434] task_climate_control(): [T6_CLI] [T6] T_avg=24 t_max=28 hyst=5 → step_t=0 | RH_avg=40 rh_max=75 rh_min=50 hyst=12 rh_en=1 → step_rh=0 | resolved=0 (was cur_t=0 cur_rh=0)
[2026-05-14 14:50:22.275] [2519865][I][main.cpp:162] task_watchdog_heartbeat(): [GHC] T1 tick 5020  uptime 2519 s
[2026-05-14 14:50:27.293] [2524883][I][main.cpp:162] task_watchdog_heartbeat(): [GHC] T1 tick 5030  uptime 2524 s
[2026-05-14 14:50:32.311] [2529901][I][main.cpp:162] task_watchdog_heartbeat(): [GHC] T1 tick 5040  uptime 2529 s
[2026-05-14 14:50:37.329] [2534919][I][main.cpp:162] task_watchdog_heartbeat(): [GHC] T1 tick 5050  uptime 2534 s
[2026-05-14 14:50:42.347] [2539937][I][main.cpp:162] task_watchdog_heartbeat(): [GHC] T1 tick 5060  uptime 2539 s
[2026-05-14 14:50:47.365] [2544955][I][main.cpp:162] task_watchdog_heartbeat(): [GHC] T1 tick 5070  uptime 2544 s
[2026-05-14 14:50:50.567] [2548156][I][sensor_poll.cpp:359] task_sensor_poll(): [T5_SEN] [T5] iter 83 — woke from 30 s delay
[2026-05-14 14:50:50.575] [2548165][I][sensor_poll.cpp:395] task_sensor_poll(): [T5_SEN] [T5] iter 83 — polling FG6485A
[2026-05-14 14:50:50.608] [2548197][I][sensor_poll.cpp:432] task_sensor_poll(): [T5_SEN] [T5] iter 83 — polling S200
[2026-05-14 14:50:51.149] [2548735][I][sensor_poll.cpp:535] task_sensor_poll(): [T5_SEN] [T5] T=24°C RH=40% ws=0.0 m/s wd=0° | avg T=24 RH=40 ws=0.0 wd=0° [win T=12 RH=20 W=12]
[2026-05-14 14:50:51.169] [2548748][I][climate_control.cpp:434] task_climate_control(): [T6_CLI] [T6] T_avg=24 t_max=28 hyst=5 → step_t=0 | RH_avg=40 rh_max=75 rh_min=50 hyst=12 rh_en=1 → step_rh=0 | resolved=0 (was cur_t=0 cur_rh=0)
[2026-05-14 14:50:52.383] [2549973][I][main.cpp:162] task_watchdog_heartbeat(): [GHC] T1 tick 5080  uptime 2549 s
[2026-05-14 14:50:57.149] [2554736][I][data_manager.cpp:230] read_rtc_and_seed_clock(): [T4] RTC: 2026-05-14 14:50:53 UTC  unix=1778770253  daytime=yes
[2026-05-14 14:50:57.401] [2554991][I][main.cpp:162] task_watchdog_heartbeat(): [GHC] T1 tick 5090  uptime 2554 s
[2026-05-14 14:51:02.419] [2560009][I][main.cpp:162] task_watchdog_heartbeat(): [GHC] T1 tick 5100  uptime 2560 s
[2026-05-14 14:51:07.437] [2565027][I][main.cpp:162] task_watchdog_heartbeat(): [GHC] T1 tick 5110  uptime 2565 s
[2026-05-14 14:51:12.455] [2570045][I][main.cpp:162] task_watchdog_heartbeat(): [GHC] T1 tick 5120  uptime 2570 s
[2026-05-14 14:51:17.473] [2575063][I][main.cpp:162] task_watchdog_heartbeat(): [GHC] T1 tick 5130  uptime 2575 s
[2026-05-14 14:51:21.160] [2578749][I][sensor_poll.cpp:359] task_sensor_poll(): [T5_SEN] [T5] iter 84 — woke from 30 s delay
[2026-05-14 14:51:21.168] [2578758][I][sensor_poll.cpp:395] task_sensor_poll(): [T5_SEN] [T5] iter 84 — polling FG6485A
[2026-05-14 14:51:21.201] [2578790][I][sensor_poll.cpp:432] task_sensor_poll(): [T5_SEN] [T5] iter 84 — polling S200
[2026-05-14 14:51:21.743] [2579329][I][sensor_poll.cpp:535] task_sensor_poll(): [T5_SEN] [T5] T=24°C RH=40% ws=0.0 m/s wd=0° | avg T=24 RH=40 ws=0.0 wd=0° [win T=12 RH=20 W=12]
[2026-05-14 14:51:21.763] [2579342][I][climate_control.cpp:434] task_climate_control(): [T6_CLI] [T6] T_avg=24 t_max=28 hyst=5 → step_t=0 | RH_avg=40 rh_max=75 rh_min=50 hyst=12 rh_en=1 → step_rh=0 | resolved=0 (was cur_t=0 cur_rh=0)
[2026-05-14 14:51:22.491] [2580081][I][main.cpp:162] task_watchdog_heartbeat(): [GHC] T1 tick 5140  uptime 2580 s
[2026-05-14 14:51:27.509] [2585099][I][main.cpp:162] task_watchdog_heartbeat(): [GHC] T1 tick 5150  uptime 2585 s
[2026-05-14 14:51:32.527] [2590117][I][main.cpp:162] task_watchdog_heartbeat(): [GHC] T1 tick 5160  uptime 2590 s
[2026-05-14 14:51:37.545] [2595135][I][main.cpp:162] task_watchdog_heartbeat(): [GHC] T1 tick 5170  uptime 2595 s
[2026-05-14 14:51:42.563] [2600153][I][main.cpp:162] task_watchdog_heartbeat(): [GHC] T1 tick 5180  uptime 2600 s
[2026-05-14 14:51:47.581] [2605171][I][main.cpp:162] task_watchdog_heartbeat(): [GHC] T1 tick 5190  uptime 2605 s
[2026-05-14 14:51:51.754] [2609343][I][sensor_poll.cpp:359] task_sensor_poll(): [T5_SEN] [T5] iter 85 — woke from 30 s delay
[2026-05-14 14:51:51.762] [2609352][I][sensor_poll.cpp:395] task_sensor_poll(): [T5_SEN] [T5] iter 85 — polling FG6485A
[2026-05-14 14:51:51.794] [2609384][I][sensor_poll.cpp:432] task_sensor_poll(): [T5_SEN] [T5] iter 85 — polling S200
[2026-05-14 14:51:52.336] [2609922][I][sensor_poll.cpp:535] task_sensor_poll(): [T5_SEN] [T5] T=24°C RH=40% ws=0.0 m/s wd=0° | avg T=24 RH=40 ws=0.0 wd=0° [win T=12 RH=20 W=12]
[2026-05-14 14:51:52.356] [2609936][I][climate_control.cpp:434] task_climate_control(): [T6_CLI] [T6] T_avg=24 t_max=28 hyst=5 → step_t=0 | RH_avg=40 rh_max=75 rh_min=50 hyst=12 rh_en=1 → step_rh=0 | resolved=0 (was cur_t=0 cur_rh=0)
[2026-05-14 14:51:52.599] [2610189][I][main.cpp:162] task_watchdog_heartbeat(): [GHC] T1 tick 5200  uptime 2610 s
[2026-05-14 14:51:56.336] [2613923][I][data_manager.cpp:230] read_rtc_and_seed_clock(): [T4] RTC: 2026-05-14 14:51:52 UTC  unix=1778770312  daytime=yes
[2026-05-14 14:51:57.617] [2615207][I][main.cpp:162] task_watchdog_heartbeat(): [GHC] T1 tick 5210  uptime 2615 s
[2026-05-14 14:52:02.635] [2620225][I][main.cpp:162] task_watchdog_heartbeat(): [GHC] T1 tick 5220  uptime 2620 s
[2026-05-14 14:52:07.653] [2625243][I][main.cpp:162] task_watchdog_heartbeat(): [GHC] T1 tick 5230  uptime 2625 s
[2026-05-14 14:52:12.671] [2630261][I][main.cpp:162] task_watchdog_heartbeat(): [GHC] T1 tick 5240  uptime 2630 s
[2026-05-14 14:52:17.689] [2635279][I][main.cpp:162] task_watchdog_heartbeat(): [GHC] T1 tick 5250  uptime 2635 s
[2026-05-14 14:52:22.347] [2639936][I][sensor_poll.cpp:359] task_sensor_poll(): [T5_SEN] [T5] iter 86 — woke from 30 s delay
[2026-05-14 14:52:22.356] [2639945][I][sensor_poll.cpp:395] task_sensor_poll(): [T5_SEN] [T5] iter 86 — polling FG6485A
[2026-05-14 14:52:22.388] [2639977][I][sensor_poll.cpp:432] task_sensor_poll(): [T5_SEN] [T5] iter 86 — polling S200
[2026-05-14 14:52:22.707] [2640297][I][main.cpp:162] task_watchdog_heartbeat(): [GHC] T1 tick 5260  uptime 2640 s
[2026-05-14 14:52:22.935] [2640520][I][sensor_poll.cpp:535] task_sensor_poll(): [T5_SEN] [T5] T=24°C RH=40% ws=0.0 m/s wd=0° | avg T=24 RH=40 ws=0.0 wd=0° [win T=12 RH=20 W=12]
[2026-05-14 14:52:22.954] [2640534][I][climate_control.cpp:434] task_climate_control(): [T6_CLI] [T6] T_avg=24 t_max=28 hyst=5 → step_t=0 | RH_avg=40 rh_max=75 rh_min=50 hyst=12 rh_en=1 → step_rh=0 | resolved=0 (was cur_t=0 cur_rh=0)
[2026-05-14 14:52:27.725] [2645315][I][main.cpp:162] task_watchdog_heartbeat(): [GHC] T1 tick 5270  uptime 2645 s
[2026-05-14 14:52:32.743] [2650333][I][main.cpp:162] task_watchdog_heartbeat(): [GHC] T1 tick 5280  uptime 2650 s
[2026-05-14 14:52:37.761] [2655351][I][main.cpp:162] task_watchdog_heartbeat(): [GHC] T1 tick 5290  uptime 2655 s
[2026-05-14 14:52:42.779] [2660369][I][main.cpp:162] task_watchdog_heartbeat(): [GHC] T1 tick 5300  uptime 2660 s
[2026-05-14 14:52:47.797] [2665387][I][main.cpp:162] task_watchdog_heartbeat(): [GHC] T1 tick 5310  uptime 2665 s
[2026-05-14 14:52:52.815] [2670405][I][main.cpp:162] task_watchdog_heartbeat(): [GHC] T1 tick 5320  uptime 2670 s
[2026-05-14 14:52:52.945] [2670534][I][sensor_poll.cpp:359] task_sensor_poll(): [T5_SEN] [T5] iter 87 — woke from 30 s delay
[2026-05-14 14:52:52.954] [2670543][I][sensor_poll.cpp:395] task_sensor_poll(): [T5_SEN] [T5] iter 87 — polling FG6485A
[2026-05-14 14:52:52.986] [2670575][I][sensor_poll.cpp:432] task_sensor_poll(): [T5_SEN] [T5] iter 87 — polling S200
[2026-05-14 14:52:53.528] [2671113][I][sensor_poll.cpp:535] task_sensor_poll(): [T5_SEN] [T5] T=24°C RH=39% ws=0.0 m/s wd=0° | avg T=24 RH=40 ws=0.0 wd=0° [win T=12 RH=20 W=12]
[2026-05-14 14:52:53.547] [2671127][I][climate_control.cpp:434] task_climate_control(): [T6_CLI] [T6] T_avg=24 t_max=28 hyst=5 → step_t=0 | RH_avg=40 rh_max=75 rh_min=50 hyst=12 rh_en=1 → step_rh=0 | resolved=0 (was cur_t=0 cur_rh=0)
[2026-05-14 14:52:55.528] [2673114][I][data_manager.cpp:230] read_rtc_and_seed_clock(): [T4] RTC: 2026-05-14 14:52:51 UTC  unix=1778770371  daytime=yes
[2026-05-14 14:52:57.833] [2675423][I][main.cpp:162] task_watchdog_heartbeat(): [GHC] T1 tick 5330  uptime 2675 s
[2026-05-14 14:53:02.851] [2680441][I][main.cpp:162] task_watchdog_heartbeat(): [GHC] T1 tick 5340  uptime 2680 s
[2026-05-14 14:53:07.869] [2685459][I][main.cpp:162] task_watchdog_heartbeat(): [GHC] T1 tick 5350  uptime 2685 s
[2026-05-14 14:53:12.886] [2690476][I][main.cpp:162] task_watchdog_heartbeat(): [GHC] T1 tick 5360  uptime 2690 s
[2026-05-14 14:53:17.903] [2695493][I][main.cpp:162] task_watchdog_heartbeat(): [GHC] T1 tick 5370  uptime 2695 s
[2026-05-14 14:53:22.921] [2700511][I][main.cpp:162] task_watchdog_heartbeat(): [GHC] T1 tick 5380  uptime 2700 s
[2026-05-14 14:53:23.538] [2701127][I][sensor_poll.cpp:359] task_sensor_poll(): [T5_SEN] [T5] iter 88 — woke from 30 s delay
[2026-05-14 14:53:23.547] [2701136][I][sensor_poll.cpp:395] task_sensor_poll(): [T5_SEN] [T5] iter 88 — polling FG6485A
[2026-05-14 14:53:23.579] [2701168][I][sensor_poll.cpp:432] task_sensor_poll(): [T5_SEN] [T5] iter 88 — polling S200
[2026-05-14 14:53:24.122] [2701707][I][sensor_poll.cpp:535] task_sensor_poll(): [T5_SEN] [T5] T=24°C RH=40% ws=0.0 m/s wd=0° | avg T=24 RH=40 ws=0.0 wd=0° [win T=12 RH=20 W=12]
[2026-05-14 14:53:24.141] [2701720][I][climate_control.cpp:434] task_climate_control(): [T6_CLI] [T6] T_avg=24 t_max=28 hyst=5 → step_t=0 | RH_avg=40 rh_max=75 rh_min=50 hyst=12 rh_en=1 → step_rh=0 | resolved=0 (was cur_t=0 cur_rh=0)
[2026-05-14 14:53:27.939] [2705529][I][main.cpp:162] task_watchdog_heartbeat(): [GHC] T1 tick 5390  uptime 2705 s
[2026-05-14 14:53:32.956] [2710546][I][main.cpp:162] task_watchdog_heartbeat(): [GHC] T1 tick 5400  uptime 2710 s
[2026-05-14 14:53:37.974] [2715564][I][main.cpp:162] task_watchdog_heartbeat(): [GHC] T1 tick 5410  uptime 2715 s
[2026-05-14 14:53:42.992] [2720582][I][main.cpp:162] task_watchdog_heartbeat(): [GHC] T1 tick 5420  uptime 2720 s
[2026-05-14 14:53:48.010] [2725600][I][main.cpp:162] task_watchdog_heartbeat(): [GHC] T1 tick 5430  uptime 2725 s
[2026-05-14 14:53:53.028] [2730618][I][main.cpp:162] task_watchdog_heartbeat(): [GHC] T1 tick 5440  uptime 2730 s
[2026-05-14 14:53:54.133] [2731721][I][sensor_poll.cpp:359] task_sensor_poll(): [T5_SEN] [T5] iter 89 — woke from 30 s delay
[2026-05-14 14:53:54.141] [2731730][I][sensor_poll.cpp:395] task_sensor_poll(): [T5_SEN] [T5] iter 89 — polling FG6485A
[2026-05-14 14:53:54.173] [2731762][I][sensor_poll.cpp:432] task_sensor_poll(): [T5_SEN] [T5] iter 89 — polling S200
[2026-05-14 14:53:54.717] [2732300][I][sensor_poll.cpp:535] task_sensor_poll(): [T5_SEN] [T5] T=24°C RH=39% ws=0.0 m/s wd=0° | avg T=24 RH=39 ws=0.0 wd=0° [win [2732301][I]T=12 RH=20 [data_manageW=12]
[2026-05-14 14:53:54.726] r.cpp:230] read_rtc_and_seed_clock(): [T4] RTC: 2026-05-14 14:53:50 UTC  unix=1778770430  daytime=yes
[2026-05-14 14:53:54.746] [2732325][I][climate_control.cpp:434] task_climate_control(): [T6_CLI] [T6] T_avg=24 t_max=28 hyst=5 → step_t=0 | RH_avg=39 rh_max=75 rh_min=50 hyst=12 rh_en=1 → step_rh=0 | resolved=0 (was cur_t=0 cur_rh=0)
[2026-05-14 14:53:58.047] [2735636][I][main.cpp:162] task_watchdog_heartbeat(): [GHC] T1 tick 5450  uptime 2735 s
[2026-05-14 14:54:03.064] [2740654][I][main.cpp:162] task_watchdog_heartbeat(): [GHC] T1 tick 5460  uptime 2740 s
[2026-05-14 14:54:08.082] [2745672][I][main.cpp:162] task_watchdog_heartbeat(): [GHC] T1 tick 5470  uptime 2745 s
[2026-05-14 14:54:13.100] [2750690][I][main.cpp:162] task_watchdog_heartbeat(): [GHC] T1 tick 5480  uptime 2750 s
[2026-05-14 14:54:18.118] [2755708][I][main.cpp:162] task_watchdog_heartbeat(): [GHC] T1 tick 5490  uptime 2755 s
[2026-05-14 14:54:23.136] [2760726][I][main.cpp:162] task_watchdog_heartbeat(): [GHC] T1 tick 5500  uptime 2760 s
[2026-05-14 14:54:24.737] [2762325][I][sensor_poll.cpp:359] task_sensor_poll(): [T5_SEN] [T5] iter 90 — woke from 30 s delay
[2026-05-14 14:54:24.745] [2762334][I][sensor_poll.cpp:395] task_sensor_poll(): [T5_SEN] [T5] iter 90 — polling FG6485A
[2026-05-14 14:54:24.777] [2762366][I][sensor_poll.cpp:432] task_sensor_poll(): [T5_SEN] [T5] iter 90 — polling S200
[2026-05-14 14:54:25.319] [2762904][I][sensor_poll.cpp:535] task_sensor_poll(): [T5_SEN] [T5] T=24°C RH=40% ws=0.0 m/s wd=0° | avg T=24 RH=39 ws=0.0 wd=0° [win T=12 RH=20 W=12]
[2026-05-14 14:54:25.339] [2762917][I][climate_control.cpp:434] task_climate_control(): [T6_CLI] [T6] T_avg=24 t_max=28 hyst=5 → step_t=0 | RH_avg=39 rh_max=75 rh_min=50 hyst=12 rh_en=1 → step_rh=0 | resolved=0 (was cur_t=0 cur_rh=0)
[2026-05-14 14:54:28.154] [2765744][I][main.cpp:162] task_watchdog_heartbeat(): [GHC] T1 tick 5510  uptime 2765 s
[2026-05-14 14:54:33.173] [2770762][I][main.cpp:162] task_watchdog_heartbeat(): [GHC] T1 tick 5520  uptime 2770 s
[2026-05-14 14:54:38.191] [2775780][I][main.cpp:162] task_watchdog_heartbeat(): [GHC] T1 tick 5530  uptime 2775 s
[2026-05-14 14:54:43.209] [2780798][I][main.cpp:162] task_watchdog_heartbeat(): [GHC] T1 tick 5540  uptime 2780 s
[2026-05-14 14:54:48.227] [2785816][I][main.cpp:162] task_watchdog_heartbeat(): [GHC] T1 tick 5550  uptime 2785 s
[2026-05-14 14:54:53.245] [2790834][I][main.cpp:162] task_watchdog_heartbeat(): [GHC] T1 tick 5560  uptime 2790 s
[2026-05-14 14:54:54.319] [2791905][I][data_manager.cpp:230] read_rtc_and_seed_clock(): [T4] RTC: 2026-05-14 14:54:50 UTC  unix=1778770490  daytime=yes
[2026-05-14 14:54:55.330] [2792918][I][sensor_poll.cpp:359] task_sensor_poll(): [T5_SEN] [T5] iter 91 — woke from 30 s delay
[2026-05-14 14:54:55.338] [2792927][I][sensor_poll.cpp:395] task_sensor_poll(): [T5_SEN] [T5] iter 91 — polling FG6485A
[2026-05-14 14:54:55.370] [2792959][I][sensor_poll.cpp:432] task_sensor_poll(): [T5_SEN] [T5] iter 91 — polling S200
[2026-05-14 14:54:55.913] [2793498][I][sensor_poll.cpp:535] task_sensor_poll(): [T5_SEN] [T5] T=24°C RH=39% ws=0.0 m/s wd=0° | avg T=24 RH=39 ws=0.0 wd=0° [win T=12 RH=20 W=12]
[2026-05-14 14:54:55.933] [2793511][I][climate_control.cpp:434] task_climate_control(): [T6_CLI] [T6] T_avg=24 t_max=28 hyst=5 → step_t=0 | RH_avg=39 rh_max=75 rh_min=50 hyst=12 rh_en=1 → step_rh=0 | resolved=0 (was cur_t=0 cur_rh=0)
[2026-05-14 14:54:58.262] [2795851][I][main.cpp:162] task_watchdog_heartbeat(): [GHC] T1 tick 5570  uptime 2795 s
[2026-05-14 14:55:03.279] [2800869][I][main.cpp:162] task_watchdog_heartbeat(): [GHC] T1 tick 5580  uptime 2800 s
[2026-05-14 14:55:08.297] [2805887][I][main.cpp:162] task_watchdog_heartbeat(): [GHC] T1 tick 5590  uptime 2805 s
[2026-05-14 14:55:13.316] [2810905][I][main.cpp:162] task_watchdog_heartbeat(): [GHC] T1 tick 5600  uptime 2810 s
[2026-05-14 14:55:18.334] [2815923][I][main.cpp:162] task_watchdog_heartbeat(): [GHC] T1 tick 5610  uptime 2815 s
[2026-05-14 14:55:23.352] [2820941][I][main.cpp:162] task_watchdog_heartbeat(): [GHC] T1 tick 5620  uptime 2820 s
[2026-05-14 14:55:25.924] [2823512][I][sensor_poll.cpp:359] task_sensor_poll(): [T5_SEN] [T5] iter 92 — woke from 30 s delay
[2026-05-14 14:55:25.932] [2823521][I][sensor_poll.cpp:395] task_sensor_poll(): [T5_SEN] [T5] iter 92 — polling FG6485A
[2026-05-14 14:55:25.965] [2823553][I][sensor_poll.cpp:432] task_sensor_poll(): [T5_SEN] [T5] iter 92 — polling S200
[2026-05-14 14:55:26.507] [2824092][I][sensor_poll.cpp:535] task_sensor_poll(): [T5_SEN] [T5] T=24°C RH=39% ws=0.0 m/s wd=0° | avg T=24 RH=39 ws=0.0 wd=0° [win T=12 RH=20 W=12]
[2026-05-14 14:55:26.527] [2824105][I][climate_control.cpp:434] task_climate_control(): [T6_CLI] [T6] T_avg=24 t_max=28 hyst=5 → step_t=0 | RH_avg=39 rh_max=75 rh_min=50 hyst=12 rh_en=1 → step_rh=0 | resolved=0 (was cur_t=0 cur_rh=0)
[2026-05-14 14:55:28.370] [2825959][I][main.cpp:162] task_watchdog_heartbeat(): [GHC] T1 tick 5630  uptime 2825 s
[2026-05-14 14:55:33.388] [2830977][I][main.cpp:162] task_watchdog_heartbeat(): [GHC] T1 tick 5640  uptime 2830 s
[2026-05-14 14:55:38.406] [2835995][I][main.cpp:162] task_watchdog_heartbeat(): [GHC] T1 tick 5650  uptime 2835 s
[2026-05-14 14:55:43.424] [2841013][I][main.cpp:162] task_watchdog_heartbeat(): [GHC] T1 tick 5660  uptime 2841 s
[2026-05-14 14:55:48.442] [2846031][I][main.cpp:162] task_watchdog_heartbeat(): [GHC] T1 tick 5670  uptime 2846 s
[2026-05-14 14:55:53.460] [2851049][I][main.cpp:162] task_watchdog_heartbeat(): [GHC] T1 tick 5680  uptime 2851 s
[2026-05-14 14:55:53.507] [2851093][I][data_manager.cpp:230] read_rtc_and_seed_clock(): [T4] RTC: 2026-05-14 14:55:49 UTC  unix=1778770549  daytime=yes
[2026-05-14 14:55:56.518] [2854106][I][sensor_poll.cpp:359] task_sensor_poll(): [T5_SEN] [T5] iter 93 — woke from 30 s delay
[2026-05-14 14:55:56.526] [2854115][I][sensor_poll.cpp:395] task_sensor_poll(): [T5_SEN] [T5] iter 93 — polling FG6485A
[2026-05-14 14:55:56.558] [2854147][I][sensor_poll.cpp:432] task_sensor_poll(): [T5_SEN] [T5] iter 93 — polling S200
[2026-05-14 14:55:57.100] [2854685][I][sensor_poll.cpp:535] task_sensor_poll(): [T5_SEN] [T5] T=24°C RH=39% ws=0.0 m/s wd=0° | avg T=24 RH=39 ws=0.0 wd=0° [win T=12 RH=20 W=12]
[2026-05-14 14:55:57.120] [2854698][I][climate_control.cpp:434] task_climate_control(): [T6_CLI] [T6] T_avg=24 t_max=28 hyst=5 → step_t=0 | RH_avg=39 rh_max=75 rh_min=50 hyst=12 rh_en=1 → step_rh=0 | resolved=0 (was cur_t=0 cur_rh=0)
[2026-05-14 14:55:58.478] [2856067][I][main.cpp:162] task_watchdog_heartbeat(): [GHC] T1 tick 5690  uptime 2856 s
[2026-05-14 14:56:03.496] [2861085][I][main.cpp:162] task_watchdog_heartbeat(): [GHC] T1 tick 5700  uptime 2861 s
[2026-05-14 14:56:08.514] [2866103][I][main.cpp:162] task_watchdog_heartbeat(): [GHC] T1 tick 5710  uptime 2866 s
[2026-05-14 14:56:13.532] [2871121][I][main.cpp:162] task_watchdog_heartbeat(): [GHC] T1 tick 5720  uptime 2871 s
[2026-05-14 14:56:18.550] [2876139][I][main.cpp:162] task_watchdog_heartbeat(): [GHC] T1 tick 5730  uptime 2876 s
[2026-05-14 14:56:23.568] [2881157][I][main.cpp:162] task_watchdog_heartbeat(): [GHC] T1 tick 5740  uptime 2881 s
[2026-05-14 14:56:27.111] [2884699][I][sensor_poll.cpp:359] task_sensor_poll(): [T5_SEN] [T5] iter 94 — woke from 30 s delay
[2026-05-14 14:56:27.119] [2884708][I][sensor_poll.cpp:395] task_sensor_poll(): [T5_SEN] [T5] iter 94 — polling FG6485A
[2026-05-14 14:56:27.151] [2884740][I][sensor_poll.cpp:432] task_sensor_poll(): [T5_SEN] [T5] iter 94 — polling S200
[2026-05-14 14:56:27.693] [2885278][I][sensor_poll.cpp:535] task_sensor_poll(): [T5_SEN] [T5] T=24°C RH=39% ws=0.0 m/s wd=0° | avg T=24 RH=39 ws=0.0 wd=0° [win T=12 RH=20 W=12]
[2026-05-14 14:56:27.713] [2885291][I][climate_control.cpp:434] task_climate_control(): [T6_CLI] [T6] T_avg=24 t_max=28 hyst=5 → step_t=0 | RH_avg=39 rh_max=75 rh_min=50 hyst=12 rh_en=1 → step_rh=0 | resolved=0 (was cur_t=0 cur_rh=0)
[2026-05-14 14:56:28.586] [2886175][I][main.cpp:162] task_watchdog_heartbeat(): [GHC] T1 tick 5750  uptime 2886 s
[2026-05-14 14:56:33.604] [2891193][I][main.cpp:162] task_watchdog_heartbeat(): [GHC] T1 tick 5760  uptime 2891 s
[2026-05-14 14:56:38.622] [2896211][I][main.cpp:162] task_watchdog_heartbeat(): [GHC] T1 tick 5770  uptime 2896 s
[2026-05-14 14:56:43.640] [2901229][I][main.cpp:162] task_watchdog_heartbeat(): [GHC] T1 tick 5780  uptime 2901 s
[2026-05-14 14:56:48.658] [2906247][I][main.cpp:162] task_watchdog_heartbeat(): [GHC] T1 tick 5790  uptime 2906 s
[2026-05-14 14:56:52.693] [2910279][I][data_manager.cpp:230] read_rtc_and_seed_clock(): [T4] RTC: 2026-05-14 14:56:48 UTC  unix=1778770608  daytime=yes
[2026-05-14 14:56:53.676] [2911265][I][main.cpp:162] task_watchdog_heartbeat(): [GHC] T1 tick 5800  uptime 2911 s
[2026-05-14 14:56:57.704] [2915292][I][sensor_poll.cpp:359] task_sensor_poll(): [T5_SEN] [T5] iter 95 — woke from 30 s delay
[2026-05-14 14:56:57.712] [2915301][I][sensor_poll.cpp:395] task_sensor_poll(): [T5_SEN] [T5] iter 95 — polling FG6485A
[2026-05-14 14:56:57.745] [2915333][I][sensor_poll.cpp:432] task_sensor_poll(): [T5_SEN] [T5] iter 95 — polling S200
[2026-05-14 14:56:58.287] [2915872][I][sensor_poll.cpp:535] task_sensor_poll(): [T5_SEN] [T5] T=24°C RH=39% ws=0.0 m/s wd=0° | avg T=24 RH=39 ws=0.0 wd=0° [win T=12 RH=20 W=12]
[2026-05-14 14:56:58.307] [2915885][I][climate_control.cpp:434] task_climate_control(): [T6_CLI] [T6] T_avg=24 t_max=28 hyst=5 → step_t=0 | RH_avg=39 rh_max=75 rh_min=50 hyst=12 rh_en=1 → step_rh=0 | resolved=0 (was cur_t=0 cur_rh=0)
[2026-05-14 14:56:58.693] [2916282][I][main.cpp:162] task_watchdog_heartbeat(): [GHC] T1 tick 5810  uptime 2916 s
[2026-05-14 14:57:03.710] [2921299][I][main.cpp:162] task_watchdog_heartbeat(): [GHC] T1 tick 5820  uptime 2921 s
[2026-05-14 14:57:08.728] [2926317][I][main.cpp:162] task_watchdog_heartbeat(): [GHC] T1 tick 5830  uptime 2926 s
[2026-05-14 14:57:13.746] [2931335][I][main.cpp:162] task_watchdog_heartbeat(): [GHC] T1 tick 5840  uptime 2931 s
[2026-05-14 14:57:18.764] [2936353][I][main.cpp:162] task_watchdog_heartbeat(): [GHC] T1 tick 5850  uptime 2936 s
[2026-05-14 14:57:23.781] [2941370][I][main.cpp:162] task_watchdog_heartbeat(): [GHC] T1 tick 5860  uptime 2941 s
[2026-05-14 14:57:28.299] [2945886][I][sensor_poll.cpp:359] task_sensor_poll(): [T5_SEN] [T5] iter 96 — woke from 30 s delay
[2026-05-14 14:57:28.307] [2945896][I][sensor_poll.cpp:395] task_sensor_poll(): [T5_SEN] [T5] iter 96 — polling FG6485A
[2026-05-14 14:57:28.339] [2945927][I][sensor_poll.cpp:432] task_sensor_poll(): [T5_SEN] [T5] iter 96 — polling S200
[2026-05-14 14:57:28.798] [2946387][I][main.cpp:162] task_watchdog_heartbeat(): [GHC] T1 tick 5870  uptime 2946 s
[2026-05-14 14:57:28.881] [2946466][I][sensor_poll.cpp:535] task_sensor_poll(): [T5_SEN] [T5] T=24°C RH=39% ws=0.0 m/s wd=0° | avg T=24 RH=39 ws=0.0 wd=0° [win T=12 RH=20 W=12]
[2026-05-14 14:57:28.901] [2946479][I][climate_control.cpp:434] task_climate_control(): [T6_CLI] [T6] T_avg=24 t_max=28 hyst=5 → step_t=0 | RH_avg=39 rh_max=75 rh_min=50 hyst=12 rh_en=1 → step_rh=0 | resolved=0 (was cur_t=0 cur_rh=0)
[2026-05-14 14:57:33.816] [2951405][I][main.cpp:162] task_watchdog_heartbeat(): [GHC] T1 tick 5880  uptime 2951 s
[2026-05-14 14:57:38.834] [2956423][I][main.cpp:162] task_watchdog_heartbeat(): [GHC] T1 tick 5890  uptime 2956 s
[2026-05-14 14:57:43.852] [2961441][I][main.cpp:162] task_watchdog_heartbeat(): [GHC] T1 tick 5900  uptime 2961 s
[2026-05-14 14:57:48.870] [2966459][I][main.cpp:162] task_watchdog_heartbeat(): [GHC] T1 tick 5910  uptime 2966 s
[2026-05-14 14:57:51.883] [2969469][I][data_manager.cpp:230] read_rtc_and_seed_clock(): [T4] RTC: 2026-05-14 14:57:47 UTC  unix=1778770667  daytime=yes
[2026-05-14 14:57:53.888] [2971477][I][main.cpp:162] task_watchdog_heartbeat(): [GHC] T1 tick 5920  uptime 2971 s
[2026-05-14 14:57:58.892] [2976480][I][sensor_poll.cpp:359] task_sensor_poll(): [T5_SEN] [T5] iter 97 — woke from 30 s delay
[2026-05-14 14:57:58.901] [2976489][I][sensor_poll.cpp:395] task_sensor_poll(): [T5_SEN] [T5] iter 97 — polling FG6485A
[2026-05-14 14:57:58.907] [2976495][I][main.cpp:162] task_watchdog_heartbeat(): [GHC] T1 tick 5930  uptime 2976 s
[2026-05-14 14:57:58.941] [2976530][I][sensor_poll.cpp:432] task_sensor_poll(): [T5_SEN] [T5] iter 97 — polling S200
[2026-05-14 14:57:59.483] [2977068][I][sensor_poll.cpp:535] task_sensor_poll(): [T5_SEN] [T5] T=24°C RH=39% ws=0.0 m/s wd=0° | avg T=24 RH=39 ws=0.0 wd=0° [win T=12 RH=20 W=12]
[2026-05-14 14:57:59.503] [2977082][I][climate_control.cpp:434] task_climate_control(): [T6_CLI] [T6] T_avg=24 t_max=28 hyst=5 → step_t=0 | RH_avg=39 rh_max=75 rh_min=50 hyst=12 rh_en=1 → step_rh=0 | resolved=0 (was cur_t=0 cur_rh=0)
[2026-05-14 14:58:03.926] [2981515][I][main.cpp:162] task_watchdog_heartbeat(): [GHC] T1 tick 5940  uptime 2981 s
[2026-05-14 14:58:08.944] [2986533][I][main.cpp:162] task_watchdog_heartbeat(): [GHC] T1 tick 5950  uptime 2986 s
[2026-05-14 14:58:13.962] [2991551][I][main.cpp:162] task_watchdog_heartbeat(): [GHC] T1 tick 5960  uptime 2991 s
[2026-05-14 14:58:18.980] [2996569][I][main.cpp:162] task_watchdog_heartbeat(): [GHC] T1 tick 5970  uptime 2996 s
[2026-05-14 14:58:23.998] [3001587][I][main.cpp:162] task_watchdog_heartbeat(): [GHC] T1 tick 5980  uptime 3001 s
[2026-05-14 14:58:29.016] [3006605][I][main.cpp:162] task_watchdog_heartbeat(): [GHC] T1 tick 5990  uptime 3006 s
[2026-05-14 14:58:29.494] [3007082][I][sensor_poll.cpp:359] task_sensor_poll(): [T5_SEN] [T5] iter 98 — woke from 30 s delay
[2026-05-14 14:58:29.503] [3007091][I][sensor_poll.cpp:395] task_sensor_poll(): [T5_SEN] [T5] iter 98 — polling FG6485A
[2026-05-14 14:58:29.535] [3007123][I][sensor_poll.cpp:432] task_sensor_poll(): [T5_SEN] [T5] iter 98 — polling S200
[2026-05-14 14:58:30.077] [3007661][I][sensor_poll.cpp:535] task_sensor_poll(): [T5_SEN] [T5] T=24°C RH=39% ws=0.0 m/s wd=0° | avg T=24 RH=39 ws=0.0 wd=0° [win T=12 RH=20 W=12]
[2026-05-14 14:58:30.096] [3007675][I][climate_control.cpp:434] task_climate_control(): [T6_CLI] [T6] T_avg=24 t_max=28 hyst=5 → step_t=0 | RH_avg=39 rh_max=75 rh_min=50 hyst=12 rh_en=1 → step_rh=0 | resolved=0 (was cur_t=0 cur_rh=0)
[2026-05-14 14:58:34.033] [3011623][I][main.cpp:162] task_watchdog_heartbeat(): [GHC] T1 tick 6000  uptime 3011 s
[2026-05-14 14:58:34.042] [3011631][I][main.cpp:247] task_watchdog_heartbeat(): [GHC] stack T1  hwm=2044 B
[2026-05-14 14:58:34.048] [3011639][I][main.cpp:247] task_watchdog_heartbeat(): [GHC] stack T2  hwm=6380 B
[2026-05-14 14:58:34.056] [3011646][I][main.cpp:247] task_watchdog_heartbeat(): [GHC] stack T3  hwm=1980 B
[2026-05-14 14:58:34.064] [3011653][I][main.cpp:247] task_watchdog_heartbeat(): [GHC] stack T4  hwm=3980 B
[2026-05-14 14:58:34.070] [3011661][I][main.cpp:247] task_watchdog_heartbeat(): [GHC] stack T5  hwm=4252 B
[2026-05-14 14:58:34.079] [3011668][I][main.cpp:247] task_watchdog_heartbeat(): [GHC] stack T6  hwm=1676 B
[2026-05-14 14:58:34.085] [3011675][I][main.cpp:247] task_watchdog_heartbeat(): [GHC] stack T7  hwm=2464 B
[2026-05-14 14:58:34.093] [3011683][I][main.cpp:247] task_watchdog_heartbeat(): [GHC] stack T8  hwm=5740 B
[2026-05-14 14:58:34.099] [3011690][I][main.cpp:247] task_watchdog_heartbeat(): [GHC] stack T9  hwm=2524 B
[2026-05-14 14:58:34.108] [3011697][I][main.cpp:247] task_watchdog_heartbeat(): [GHC] stack T10 hwm=5632 B
[2026-05-14 14:58:34.114] [3011705][I][main.cpp:247] task_watchdog_heartbeat(): [GHC] stack T11 hwm=5536 B
[2026-05-14 14:58:34.122] [3011712][I][main.cpp:247] task_watchdog_heartbeat(): [GHC] stack T12 hwm=7464 B
[2026-05-14 14:58:34.131] [3011720][I][main.cpp:247] task_watchdog_heartbeat(): [GHC] stack T14 hwm=6724 B
[2026-05-14 14:58:34.137] [3011727][I][main.cpp:247] task_watchdog_heartbeat(): [GHC] stack T15 hwm=2424 B
[2026-05-14 14:58:39.155] [3016744][I][main.cpp:162] task_watchdog_heartbeat(): [GHC] T1 tick 6010  uptime 3016 s
[2026-05-14 14:58:44.173] [3021762][I][main.cpp:162] task_watchdog_heartbeat(): [GHC] T1 tick 6020  uptime 3021 s
[2026-05-14 14:58:49.191] [3026780][I][main.cpp:162] task_watchdog_heartbeat(): [GHC] T1 tick 6030  uptime 3026 s
[2026-05-14 14:58:51.151] [3028736][I][data_manager.cpp:230] read_rtc_and_seed_clock(): [T4] RTC: 2026-05-14 14:58:47 UTC  unix=1778770727  daytime=yes
[2026-05-14 14:58:54.209] [3031798][I][main.cpp:162] task_watchdog_heartbeat(): [GHC] T1 tick 6040  uptime 3031 s
[2026-05-14 14:58:59.227] [3036816][I][main.cpp:162] task_watchdog_heartbeat(): [GHC] T1 tick 6050  uptime 3036 s
[2026-05-14 14:59:00.087] [3037675][I][sensor_poll.cpp:359] task_sensor_poll(): [T5_SEN] [T5] iter 99 — woke from 30 s delay
[2026-05-14 14:59:00.096] [3037684][I][sensor_poll.cpp:395] task_sensor_poll(): [T5_SEN] [T5] iter 99 — polling FG6485A
[2026-05-14 14:59:00.128] [3037716][I][sensor_poll.cpp:432] task_sensor_poll(): [T5_SEN] [T5] iter 99 — polling S200
[2026-05-14 14:59:00.671] [3038255][I][sensor_poll.cpp:535] task_sensor_poll(): [T5_SEN] [T5] T=24°C RH=39% ws=0.0 m/s wd=0° | avg T=24 RH=39 ws=0.0 wd=0° [win T=12 RH=20 W=12]
[2026-05-14 14:59:00.691] [3038268][I][climate_control.cpp:434] task_climate_control(): [T6_CLI] [T6] T_avg=24 t_max=28 hyst=5 → step_t=0 | RH_avg=39 rh_max=75 rh_min=50 hyst=12 rh_en=1 → step_rh=0 | resolved=0 (was cur_t=0 cur_rh=0)
[2026-05-14 14:59:04.245] [3041834][I][main.cpp:162] task_watchdog_heartbeat(): [GHC] T1 tick 6060  uptime 3041 s
[2026-05-14 14:59:09.263] [3046852][I][main.cpp:162] task_watchdog_heartbeat(): [GHC] T1 tick 6070  uptime 3046 s
[2026-05-14 14:59:14.281] [3051870][I][main.cpp:162] task_watchdog_heartbeat(): [GHC] T1 tick 6080  uptime 3051 s
[2026-05-14 14:59:19.299] [3056888][I][main.cpp:162] task_watchdog_heartbeat(): [GHC] T1 tick 6090  uptime 3056 s
[2026-05-14 14:59:24.317] [3061906][I][main.cpp:162] task_watchdog_heartbeat(): [GHC] T1 tick 6100  uptime 3061 s
[2026-05-14 14:59:29.335] [3066924][I][main.cpp:162] task_watchdog_heartbeat(): [GHC] T1 tick 6110  uptime 3066 s
[2026-05-14 14:59:30.682] [3068269][I][sensor_poll.cpp:359] task_sensor_poll(): [T5_SEN] [T5] iter 100 — woke from 30 s delay
[2026-05-14 14:59:30.690] [3068278][I][sensor_poll.cpp:395] task_sensor_poll(): [T5_SEN] [T5] iter 100 — polling FG6485A
[2026-05-14 14:59:30.723] [3068310][I][sensor_poll.cpp:432] task_sensor_poll(): [T5_SEN] [T5] iter 100 — polling S200
[2026-05-14 14:59:31.265] [3068849][I][sensor_poll.cpp:535] task_sensor_poll(): [T5_SEN] [T5] T=24°C RH=39% ws=0.0 m/s wd=0° | avg T=24 RH=39 ws=0.0 wd=0° [win T=12 RH=20 W=12]
[2026-05-14 14:59:31.285] [3068862][I][climate_control.cpp:434] task_climate_control(): [T6_CLI] [T6] T_avg=24 t_max=28 hyst=5 → step_t=0 | RH_avg=39 rh_max=75 rh_min=50 hyst=12 rh_en=1 → step_rh=0 | resolved=0 (was cur_t=0 cur_rh=0)
[2026-05-14 14:59:34.353] [3071942][I][main.cpp:162] task_watchdog_heartbeat(): [GHC] T1 tick 6120  uptime 3071 s
[2026-05-14 14:59:39.371] [3076960][I][main.cpp:162] task_watchdog_heartbeat(): [GHC] T1 tick 6130  uptime 3076 s
[2026-05-14 14:59:44.390] [3081978][I][main.cpp:162] task_watchdog_heartbeat(): [GHC] T1 tick 6140  uptime 3081 s
[2026-05-14 14:59:49.408] [3086996][I][main.cpp:162] task_watchdog_heartbeat(): [GHC] T1 tick 6150  uptime 3086 s
[2026-05-14 14:59:50.265] [3087850][I][data_manager.cpp:230] read_rtc_and_seed_clock(): [T4] RTC: 2026-05-14 14:59:46 UTC  unix=1778770786  daytime=yes
[2026-05-14 14:59:54.425] [3092014][I][main.cpp:162] task_watchdog_heartbeat(): [GHC] T1 tick 6160  uptime 3092 s
[2026-05-14 14:59:59.443] [3097032][I][main.cpp:162] task_watchdog_heartbeat(): [GHC] T1 tick 6170  uptime 3097 s
[2026-05-14 15:00:01.276] [3098863][I][sensor_poll.cpp:359] task_sensor_poll(): [T5_SEN] [T5] iter 101 — woke from 30 s delay
[2026-05-14 15:00:01.284] [3098872][I][sensor_poll.cpp:395] task_sensor_poll(): [T5_SEN] [T5] iter 101 — polling FG6485A
[2026-05-14 15:00:01.317] [3098905][I][sensor_poll.cpp:432] task_sensor_poll(): [T5_SEN] [T5] iter 101 — polling S200
[2026-05-14 15:00:01.859] [3099443][I][sensor_poll.cpp:535] task_sensor_poll(): [T5_SEN] [T5] T=24°C RH=39% ws=0.0 m/s wd=0° | avg T=24 RH=39 ws=0.0 wd=0° [win T=12 RH=20 W=12]
[2026-05-14 15:00:01.878] [3099456][I][climate_control.cpp:434] task_climate_control(): [T6_CLI] [T6] T_avg=24 t_max=28 hyst=5 → step_t=0 | RH_avg=39 rh_max=75 rh_min=50 hyst=12 rh_en=1 → step_rh=0 | resolved=0 (was cur_t=0 cur_rh=0)
[2026-05-14 15:00:04.460] [3102049][I][main.cpp:162] task_watchdog_heartbeat(): [GHC] T1 tick 6180  uptime 3102 s
[2026-05-14 15:00:09.478] [3107067][I][main.cpp:162] task_watchdog_heartbeat(): [GHC] T1 tick 6190  uptime 3107 s
[2026-05-14 15:00:14.495] [3112084][I][main.cpp:162] task_watchdog_heartbeat(): [GHC] T1 tick 6200  uptime 3112 s
[2026-05-14 15:00:19.513] [3117102][I][main.cpp:162] task_watchdog_heartbeat(): [GHC] T1 tick 6210  uptime 3117 s
[2026-05-14 15:00:24.532] [3122120][I][main.cpp:162] task_watchdog_heartbeat(): [GHC] T1 tick 6220  uptime 3122 s
[2026-05-14 15:00:29.550] [3127138][I][main.cpp:162] task_watchdog_heartbeat(): [GHC] T1 tick 6230  uptime 3127 s
[2026-05-14 15:00:31.870] [3129457][I][sensor_poll.cpp:359] task_sensor_poll(): [T5_SEN] [T5] iter 102 — woke from 30 s delay
[2026-05-14 15:00:31.878] [3129466][I][sensor_poll.cpp:395] task_sensor_poll(): [T5_SEN] [T5] iter 102 — polling FG6485A
[2026-05-14 15:00:32.226] [3129814][I][sensor_poll.cpp:432] task_sensor_poll(): [T5_SEN] [T5] iter 102 — polling S200
[2026-05-14 15:00:32.768] [3130352][I][sensor_poll.cpp:535] task_sensor_poll(): [T5_SEN] [T5] T=24°C RH=39% ws=0.0 m/s wd=0° | avg T=24 RH=39 ws=0.0 wd=0° [win T=12 RH=20 W=12]
[2026-05-14 15:00:32.788] [3130366][I][climate_control.cpp:434] task_climate_control(): [T6_CLI] [T6] T_avg=24 t_max=28 hyst=5 → step_t=0 | RH_avg=39 rh_max=75 rh_min=50 hyst=12 rh_en=1 → step_rh=0 | resolved=0 (was cur_t=0 cur_rh=0)
[2026-05-14 15:00:34.568] [3132156][I][main.cpp:162] task_watchdog_heartbeat(): [GHC] T1 tick 6240  uptime 3132 s
[2026-05-14 15:00:39.586] [3137174][I][main.cpp:162] task_watchdog_heartbeat(): [GHC] T1 tick 6250  uptime 3137 s
[2026-05-14 15:00:44.604] [3142192][I][main.cpp:162] task_watchdog_heartbeat(): [GHC] T1 tick 6260  uptime 3142 s
[2026-05-14 15:00:49.622] [3147210][I][main.cpp:162] task_watchdog_heartbeat(): [GHC] T1 tick 6270  uptime 3147 s
[2026-05-14 15:00:49.768] [3147353][I][data_manager.cpp:230] read_rtc_and_seed_clock(): [T4] RTC: 2026-05-14 15:00:45 UTC  unix=1778770845  daytime=yes
[2026-05-14 15:00:54.640] [3152228][I][main.cpp:162] task_watchdog_heartbeat(): [GHC] T1 tick 6280  uptime 3152 s
[2026-05-14 15:00:59.658] [3157246][I][main.cpp:162] task_watchdog_heartbeat(): [GHC] T1 tick 6290  uptime 3157 s
[2026-05-14 15:01:02.779] [3160366][I][sensor_poll.cpp:359] task_sensor_poll(): [T5_SEN] [T5] iter 103 — woke from 30 s delay
[2026-05-14 15:01:02.787] [3160375][I][sensor_poll.cpp:395] task_sensor_poll(): [T5_SEN] [T5] iter 103 — polling FG6485A
[2026-05-14 15:01:03.135] [3160723][I][sensor_poll.cpp:432] task_sensor_poll(): [T5_SEN] [T5] iter 103 — polling S200
[2026-05-14 15:01:03.677] [3161261][I][sensor_poll.cpp:535] task_sensor_poll(): [T5_SEN] [T5] T=24°C RH=39% ws=0.0 m/s wd=0° | avg T=24 RH=39 ws=0.0 wd=0° [win T=12 RH=20 W=12]
[2026-05-14 15:01:03.697] [3161274][I][climate_control.cpp:434] task_climate_control(): [T6_CLI] [T6] T_avg=24 t_max=28 hyst=5 → step_t=0 | RH_avg=39 rh_max=75 rh_min=50 hyst=12 rh_en=1 → step_rh=0 | resolved=0 (was cur_t=0 cur_rh=0)
[2026-05-14 15:01:04.676] [3162264][I][main.cpp:162] task_watchdog_heartbeat(): [GHC] T1 tick 6300  uptime 3162 s
[2026-05-14 15:01:09.694] [3167282][I][main.cpp:162] task_watchdog_heartbeat(): [GHC] T1 tick 6310  uptime 3167 s
[2026-05-14 15:01:14.712] [3172300][I][main.cpp:162] task_watchdog_heartbeat(): [GHC] T1 tick 6320  uptime 3172 s
[2026-05-14 15:01:19.730] [3177318][I][main.cpp:162] task_watchdog_heartbeat(): [GHC] T1 tick 6330  uptime 3177 s
[2026-05-14 15:01:24.748] [3182336][I][main.cpp:162] task_watchdog_heartbeat(): [GHC] T1 tick 6340  uptime 3182 s
[2026-05-14 15:01:29.766] [3187354][I][main.cpp:162] task_watchdog_heartbeat(): [GHC] T1 tick 6350  uptime 3187 s
[2026-05-14 15:01:33.688] [3191275][I][sensor_poll.cpp:359] task_sensor_poll(): [T5_SEN] [T5] iter 104 — woke from 30 s delay
[2026-05-14 15:01:33.696] [3191284][I][sensor_poll.cpp:395] task_sensor_poll(): [T5_SEN] [T5] iter 104 — polling FG6485A
[2026-05-14 15:01:33.728] [3191316][I][sensor_poll.cpp:432] task_sensor_poll(): [T5_SEN] [T5] iter 104 — polling S200
[2026-05-14 15:01:34.270] [3191854][I][sensor_poll.cpp:535] task_sensor_poll(): [T5_SEN] [T5] T=24°C RH=39% ws=0.0 m/s wd=0° | avg T=24 RH=39 ws=0.0 wd=0° [win T=12 RH=20 W=12]
[2026-05-14 15:01:34.290] [3191867][I][climate_control.cpp:434] task_climate_control(): [T6_CLI] [T6] T_avg=24 t_max=28 hyst=5 → step_t=0 | RH_avg=39 rh_max=75 rh_min=50 hyst=12 rh_en=1 → step_rh=0 | resolved=0 (was cur_t=0 cur_rh=0)
[2026-05-14 15:01:34.784] [3192372][I][main.cpp:162] task_watchdog_heartbeat(): [GHC] T1 tick 6360  uptime 3192 s
[2026-05-14 15:01:39.802] [3197390][I][main.cpp:162] task_watchdog_heartbeat(): [GHC] T1 tick 6370  uptime 3197 s
[2026-05-14 15:01:44.820] [3202408][I][main.cpp:162] task_watchdog_heartbeat(): [GHC] T1 tick 6380  uptime 3202 s
[2026-05-14 15:01:49.270] [3206855][I][data_manager.cpp:230] read_rtc_and_seed_clock(): [T4] RTC: 2026-05-14 15:01:45 UTC  unix=1778770905  daytime=yes
[2026-05-14 15:01:49.838] [3207426][I][main.cpp:162] task_watchdog_heartbeat(): [GHC] T1 tick 6390  uptime 3207 s
[2026-05-14 15:01:54.856] [3212444][I][main.cpp:162] task_watchdog_heartbeat(): [GHC] T1 tick 6400  uptime 3212 s
[2026-05-14 15:01:59.874] [3217462][I][main.cpp:162] task_watchdog_heartbeat(): [GHC] T1 tick 6410  uptime 3217 s
[2026-05-14 15:02:04.281] [3221868][I][sensor_poll.cpp:359] task_sensor_poll(): [T5_SEN] [T5] iter 105 — woke from 30 s delay
[2026-05-14 15:02:04.289] [3221877][I][sensor_poll.cpp:395] task_sensor_poll(): [T5_SEN] [T5] iter 105 — polling FG6485A
[2026-05-14 15:02:04.322] [3221909][I][sensor_poll.cpp:432] task_sensor_poll(): [T5_SEN] [T5] iter 105 — polling S200
[2026-05-14 15:02:04.864] [3222448][I][sensor_poll.cpp:535] task_sensor_poll(): [T5_SEN] [T5] T=24°C RH=39% ws=0.0 m/s wd=0° | avg T=24 RH=39 ws=0.0 wd=0° [win T=12 RH=20 W=12]
[2026-05-14 15:02:04.884] [3222462][I][climate_control.cpp:434] task_climate_control(): [T6_CLI] [T6] T_avg=24 t_max=28 hyst=5 → step_t=0 | RH_avg=39 rh_max=75 rh_min=50 hyst=12 rh_en=1 → step_rh=0 | resolved=0 (was cur_t=0 cur_rh=0)
[2026-05-14 15:02:04.892] [3222480][I][main.cpp:162] task_watchdog_heartbeat(): [GHC] T1 tick 6420  uptime 3222 s
[2026-05-14 15:02:09.910] [3227498][I][main.cpp:162] task_watchdog_heartbeat(): [GHC] T1 tick 6430  uptime 3227 s
[2026-05-14 15:02:14.928] [3232516][I][main.cpp:162] task_watchdog_heartbeat(): [GHC] T1 tick 6440  uptime 3232 s
[2026-05-14 15:02:19.946] [3237534][I][main.cpp:162] task_watchdog_heartbeat(): [GHC] T1 tick 6450  uptime 3237 s
[2026-05-14 15:02:24.964] [3242552][I][main.cpp:162] task_watchdog_heartbeat(): [GHC] T1 tick 6460  uptime 3242 s
[2026-05-14 15:02:29.982] [3247570][I][main.cpp:162] task_watchdog_heartbeat(): [GHC] T1 tick 6470  uptime 3247 s
[2026-05-14 15:02:34.875] [3252462][I][sensor_poll.cpp:359] task_sensor_poll(): [T5_SEN] [T5] iter 106 — woke from 30 s delay
[2026-05-14 15:02:34.884] [3252471][I][sensor_poll.cpp:395] task_sensor_poll(): [T5_SEN] [T5] iter 106 — polling FG6485A
[2026-05-14 15:02:34.916] [3252503][I][sensor_poll.cpp:432] task_sensor_poll(): [T5_SEN] [T5] iter 106 — polling S200
[2026-05-14 15:02:35.000] [3252588][I][main.cpp:162] task_watchdog_heartbeat(): [GHC] T1 tick 6480  uptime 3252 s
[2026-05-14 15:02:35.458] [3253042][I][sensor_poll.cpp:535] task_sensor_poll(): [T5_SEN] [T5] T=24°C RH=39% ws=0.0 m/s wd=0° | avg T=24 RH=39 ws=0.0 wd=0° [win T=12 RH=20 W=12]
[2026-05-14 15:02:35.478] [3253055][I][climate_control.cpp:434] task_climate_control(): [T6_CLI] [T6] T_avg=24 t_max=28 hyst=5 → step_t=0 | RH_avg=39 rh_max=75 rh_min=50 hyst=12 rh_en=1 → step_rh=0 | resolved=0 (was cur_t=0 cur_rh=0)
[2026-05-14 15:02:40.018] [3257606][I][main.cpp:162] task_watchdog_heartbeat(): [GHC] T1 tick 6490  uptime 3257 s
[2026-05-14 15:02:45.036] [3262624][I][main.cpp:162] task_watchdog_heartbeat(): [GHC] T1 tick 6500  uptime 3262 s
[2026-05-14 15:02:48.458] [3266043][I][data_manager.cpp:230] read_rtc_and_seed_clock(): [T4] RTC: 2026-05-14 15:02:44 UTC  unix=1778770964  daytime=yes
[2026-05-14 15:02:50.054] [3267642][I][main.cpp:162] task_watchdog_heartbeat(): [GHC] T1 tick 6510  uptime 3267 s
[2026-05-14 15:02:55.072] [3272660][I][main.cpp:162] task_watchdog_heartbeat(): [GHC] T1 tick 6520  uptime 3272 s
[2026-05-14 15:03:00.090] [3277678][I][main.cpp:162] task_watchdog_heartbeat(): [GHC] T1 tick 6530  uptime 3277 s
[2026-05-14 15:03:05.108] [3282696][I][main.cpp:162] task_watchdog_heartbeat(): [GHC] T1 tick 6540  uptime 3282 s
[2026-05-14 15:03:05.469] [3283056][I][sensor_poll.cpp:359] task_sensor_poll(): [T5_SEN] [T5] iter 107 — woke from 30 s delay
[2026-05-14 15:03:05.478] [3283065][I][sensor_poll.cpp:395] task_sensor_poll(): [T5_SEN] [T5] iter 107 — polling FG6485A
[2026-05-14 15:03:05.511] [3283098][I][sensor_poll.cpp:432] task_sensor_poll(): [T5_SEN] [T5] iter 107 — polling S200
[2026-05-14 15:03:06.052] [3283636][I][sensor_poll.cpp:535] task_sensor_poll(): [T5_SEN] [T5] T=24°C RH=39% ws=0.0 m/s wd=0° | avg T=24 RH=39 ws=0.0 wd=0° [win T=12 RH=20 W=12]
[2026-05-14 15:03:06.072] [3283649][I][climate_control.cpp:434] task_climate_control(): [T6_CLI] [T6] T_avg=24 t_max=28 hyst=5 → step_t=0 | RH_avg=39 rh_max=75 rh_min=50 hyst=12 rh_en=1 → step_rh=0 | resolved=0 (was cur_t=0 cur_rh=0)
[2026-05-14 15:03:10.126] [3287714][I][main.cpp:162] task_watchdog_heartbeat(): [GHC] T1 tick 6550  uptime 3287 s
[2026-05-14 15:03:15.144] [3292732][I][main.cpp:162] task_watchdog_heartbeat(): [GHC] T1 tick 6560  uptime 3292 s
[2026-05-14 15:03:20.162] [3297750][I][main.cpp:162] task_watchdog_heartbeat(): [GHC] T1 tick 6570  uptime 3297 s
[2026-05-14 15:03:25.180] [3302768][I][main.cpp:162] task_watchdog_heartbeat(): [GHC] T1 tick 6580  uptime 3302 s
[2026-05-14 15:03:30.198] [3307786][I][main.cpp:162] task_watchdog_heartbeat(): [GHC] T1 tick 6590  uptime 3307 s
[2026-05-14 15:03:35.216] [3312804][I][main.cpp:162] task_watchdog_heartbeat(): [GHC] T1 tick 6600  uptime 3312 s
[2026-05-14 15:03:36.063] [3313650][I][sensor_poll.cpp:359] task_sensor_poll(): [T5_SEN] [T5] iter 108 — woke from 30 s delay
[2026-05-14 15:03:36.072] [3313659][I][sensor_poll.cpp:395] task_sensor_poll(): [T5_SEN] [T5] iter 108 — polling FG6485A
[2026-05-14 15:03:36.104] [3313691][I][sensor_poll.cpp:432] task_sensor_poll(): [T5_SEN] [T5] iter 108 — polling S200
[2026-05-14 15:03:36.646] [3314229][I][sensor_poll.cpp:535] task_sensor_poll(): [T5_SEN] [T5] T=24°C RH=39% ws=0.0 m/s wd=0° | avg T=24 RH=39 ws=0.0 wd=0° [win T=12 RH=20 W=12]
[2026-05-14 15:03:36.665] [3314243][I][climate_control.cpp:434] task_climate_control(): [T6_CLI] [T6] T_avg=24 t_max=28 hyst=5 → step_t=0 | RH_avg=39 rh_max=75 rh_min=50 hyst=12 rh_en=1 → step_rh=0 | resolved=0 (was cur_t=0 cur_rh=0)
[2026-05-14 15:03:40.234] [3317822][I][main.cpp:162] task_watchdog_heartbeat(): [GHC] T1 tick 6610  uptime 3317 s
[2026-05-14 15:03:45.251] [3322839][I][main.cpp:162] task_watchdog_heartbeat(): [GHC] T1 tick 6620  uptime 3322 s
[2026-05-14 15:03:47.646] [3325230][I][data_manager.cpp:230] read_rtc_and_seed_clock(): [T4] RTC: 2026-05-14 15:03:43 UTC  unix=1778771023  daytime=yes
[2026-05-14 15:03:50.269] [3327857][I][main.cpp:162] task_watchdog_heartbeat(): [GHC] T1 tick 6630  uptime 3327 s
[2026-05-14 15:03:55.287] [3332875][I][main.cpp:162] task_watchdog_heartbeat(): [GHC] T1 tick 6640  uptime 3332 s
[2026-05-14 15:04:00.305] [3337893][I][main.cpp:162] task_watchdog_heartbeat(): [GHC] T1 tick 6650  uptime 3337 s
[2026-05-14 15:04:05.323] [3342911][I][main.cpp:162] task_watchdog_heartbeat(): [GHC] T1 tick 6660  uptime 3342 s
[2026-05-14 15:04:06.657] [3344243][I][sensor_poll.cpp:359] task_sensor_poll(): [T5_SEN] [T5] iter 109 — woke from 30 s delay
[2026-05-14 15:04:06.665] [3344252][I][sensor_poll.cpp:395] task_sensor_poll(): [T5_SEN] [T5] iter 109 — polling FG6485A
[2026-05-14 15:04:06.697] [3344284][I][sensor_poll.cpp:432] task_sensor_poll(): [T5_SEN] [T5] iter 109 — polling S200
[2026-05-14 15:04:07.240] [3344823][I][sensor_poll.cpp:535] task_sensor_poll(): [T5_SEN] [T5] T=24°C RH=39% ws=0.0 m/s wd=0° | avg T=24 RH=39 ws=0.0 wd=0° [win T=12 RH=20 W=12]
[2026-05-14 15:04:07.260] [3344837][I][climate_control.cpp:434] task_climate_control(): [T6_CLI] [T6] T_avg=24 t_max=28 hyst=5 → step_t=0 | RH_avg=39 rh_max=75 rh_min=50 hyst=12 rh_en=1 → step_rh=0 | resolved=0 (was cur_t=0 cur_rh=0)
[2026-05-14 15:04:10.341] [3347929][I][main.cpp:162] task_watchdog_heartbeat(): [GHC] T1 tick 6670  uptime 3347 s
[2026-05-14 15:04:15.359] [3352947][I][main.cpp:162] task_watchdog_heartbeat(): [GHC] T1 tick 6680  uptime 3352 s
[2026-05-14 15:04:20.377] [3357965][I][main.cpp:162] task_watchdog_heartbeat(): [GHC] T1 tick 6690  uptime 3357 s
[2026-05-14 15:04:25.395] [3362983][I][main.cpp:162] task_watchdog_heartbeat(): [GHC] T1 tick 6700  uptime 3362 s
[2026-05-14 15:04:30.413] [3368001][I][main.cpp:162] task_watchdog_heartbeat(): [GHC] T1 tick 6710  uptime 3368 s
[2026-05-14 15:04:35.431] [3373019][I][main.cpp:162] task_watchdog_heartbeat(): [GHC] T1 tick 6720  uptime 3373 s
[2026-05-14 15:04:37.251] [3374837][I][sensor_poll.cpp:359] task_sensor_poll(): [T5_SEN] [T5] iter 110 — woke from 30 s delay
[2026-05-14 15:04:37.259] [3374846][I][sensor_poll.cpp:395] task_sensor_poll(): [T5_SEN] [T5] iter 110 — polling FG6485A
[2026-05-14 15:04:37.292] [3374878][I][sensor_poll.cpp:432] task_sensor_poll(): [T5_SEN] [T5] iter 110 — polling S200
[2026-05-14 15:04:37.834] [3375417][I][sensor_poll.cpp:535] task_sensor_poll(): [T5_SEN] [T5] T=24°C RH=39% ws=0.0 m/s wd=0° | avg T=24 RH=39 ws=0.0 wd=0° [win T=12 RH=20 W=12]
[2026-05-14 15:04:37.854] [3375431][I][climate_control.cpp:434] task_climate_control(): [T6_CLI] [T6] T_avg=24 t_max=28 hyst=5 → step_t=0 | RH_avg=39 rh_max=75 rh_min=50 hyst=12 rh_en=1 → step_rh=0 | resolved=0 (was cur_t=0 cur_rh=0)
[2026-05-14 15:04:40.450] [3378037][I][main.cpp:162] task_watchdog_heartbeat(): [GHC] T1 tick 6730  uptime 3378 s
[2026-05-14 15:04:45.467] [3383055][I][main.cpp:162] task_watchdog_heartbeat(): [GHC] T1 tick 6740  uptime 3383 s
[2026-05-14 15:04:46.834] [3384418][I][data_manager.cpp:230] read_rtc_and_seed_clock(): [T4] RTC: 2026-05-14 15:04:42 UTC  unix=1778771082  daytime=yes
[2026-05-14 15:04:50.485] [3388073][I][main.cpp:162] task_watchdog_heartbeat(): [GHC] T1 tick 6750  uptime 3388 s
[2026-05-14 15:04:55.504] [3393091][I][main.cpp:162] task_watchdog_heartbeat(): [GHC] T1 tick 6760  uptime 3393 s
[2026-05-14 15:05:00.521] [3398109][I][main.cpp:162] task_watchdog_heartbeat(): [GHC] T1 tick 6770  uptime 3398 s
[2026-05-14 15:05:05.539] [3403127][I][main.cpp:162] task_watchdog_heartbeat(): [GHC] T1 tick 6780  uptime 3403 s
[2026-05-14 15:05:07.844] [3405431][I][sensor_poll.cpp:359] task_sensor_poll(): [T5_SEN] [T5] iter 111 — woke from 30 s delay
[2026-05-14 15:05:07.853] [3405440][I][sensor_poll.cpp:395] task_sensor_poll(): [T5_SEN] [T5] iter 111 — polling FG6485A
[2026-05-14 15:05:07.886] [3405473][I][sensor_poll.cpp:432] task_sensor_poll(): [T5_SEN] [T5] iter 111 — polling S200
[2026-05-14 15:05:08.428] [3406011][I][sensor_poll.cpp:535] task_sensor_poll(): [T5_SEN] [T5] T=24°C RH=39% ws=0.0 m/s wd=0° | avg T=24 RH=39 ws=0.0 wd=0° [win T=12 RH=20 W=12]
[2026-05-14 15:05:08.448] [3406025][I][climate_control.cpp:434] task_climate_control(): [T6_CLI] [T6] T_avg=24 t_max=28 hyst=5 → step_t=0 | RH_avg=39 rh_max=75 rh_min=50 hyst=12 rh_en=1 → step_rh=0 | resolved=0 (was cur_t=0 cur_rh=0)
[2026-05-14 15:05:10.558] [3408145][I][main.cpp:162] task_watchdog_heartbeat(): [GHC] T1 tick 6790  uptime 3408 s
[2026-05-14 15:05:15.576] [3413163][I][main.cpp:162] task_watchdog_heartbeat(): [GHC] T1 tick 6800  uptime 3413 s
[2026-05-14 15:05:20.594] [3418181][I][main.cpp:162] task_watchdog_heartbeat(): [GHC] T1 tick 6810  uptime 3418 s
[2026-05-14 15:05:25.612] [3423199][I][main.cpp:162] task_watchdog_heartbeat(): [GHC] T1 tick 6820  uptime 3423 s
[2026-05-14 15:05:30.630] [3428217][I][main.cpp:162] task_watchdog_heartbeat(): [GHC] T1 tick 6830  uptime 3428 s
[2026-05-14 15:05:35.648] [3433235][I][main.cpp:162] task_watchdog_heartbeat(): [GHC] T1 tick 6840  uptime 3433 s
[2026-05-14 15:05:38.439] [3436025][I][sensor_poll.cpp:359] task_sensor_poll(): [T5_SEN] [T5] iter 112 — woke from 30 s delay
[2026-05-14 15:05:38.447] [3436034][I][sensor_poll.cpp:395] task_sensor_poll(): [T5_SEN] [T5] iter 112 — polling FG6485A
[2026-05-14 15:05:38.479] [3436066][I][sensor_poll.cpp:432] task_sensor_poll(): [T5_SEN] [T5] iter 112 — polling S200
[2026-05-14 15:05:39.021] [3436604][I][sensor_poll.cpp:535] task_sensor_poll(): [T5_SEN] [T5] T=24°C RH=39% ws=0.0 m/s wd=0° | avg T=24 RH=39 ws=0.0 wd=0° [win T=12 RH=20 W=12]
[2026-05-14 15:05:39.041] [3436617][I][climate_control.cpp:434] task_climate_control(): [T6_CLI] [T6] T_avg=24 t_max=28 hyst=5 → step_t=0 | RH_avg=39 rh_max=75 rh_min=50 hyst=12 rh_en=1 → step_rh=0 | resolved=0 (was cur_t=0 cur_rh=0)
[2026-05-14 15:05:40.666] [3438253][I][main.cpp:162] task_watchdog_heartbeat(): [GHC] T1 tick 6850  uptime 3438 s
[2026-05-14 15:05:45.684] [3443271][I][main.cpp:162] task_watchdog_heartbeat(): [GHC] T1 tick 6860  uptime 3443 s
[2026-05-14 15:05:46.021] [3443605][I][data_manager.cpp:230] read_rtc_and_seed_clock(): [T4] RTC: 2026-05-14 15:05:41 UTC  unix=1778771141  daytime=yes
[2026-05-14 15:05:50.702] [3448289][I][main.cpp:162] task_watchdog_heartbeat(): [GHC] T1 tick 6870  uptime 3448 s
[2026-05-14 15:05:55.720] [3453307][I][main.cpp:162] task_watchdog_heartbeat(): [GHC] T1 tick 6880  uptime 3453 s
[2026-05-14 15:06:00.738] [3458325][I][main.cpp:162] task_watchdog_heartbeat(): [GHC] T1 tick 6890  uptime 3458 s
[2026-05-14 15:06:05.756] [3463343][I][main.cpp:162] task_watchdog_heartbeat(): [GHC] T1 tick 6900  uptime 3463 s
[2026-05-14 15:06:09.032] [3466618][I][sensor_poll.cpp:359] task_sensor_poll(): [T5_SEN] [T5] iter 113 — woke from 30 s delay
[2026-05-14 15:06:09.040] [3466627][I][sensor_poll.cpp:395] task_sensor_poll(): [T5_SEN] [T5] iter 113 — polling FG6485A
[2026-05-14 15:06:09.073] [3466659][I][sensor_poll.cpp:432] task_sensor_poll(): [T5_SEN] [T5] iter 113 — polling S200
[2026-05-14 15:06:09.615] [3467198][I][sensor_poll.cpp:535] task_sensor_poll(): [T5_SEN] [T5] T=24°C RH=39% ws=0.0 m/s wd=0° | avg T=24 RH=39 ws=0.0 wd=0° [win T=12 RH=20 W=12]
[2026-05-14 15:06:09.635] [3467211][I][climate_control.cpp:434] task_climate_control(): [T6_CLI] [T6] T_avg=24 t_max=28 hyst=5 → step_t=0 | RH_avg=39 rh_max=75 rh_min=50 hyst=12 rh_en=1 → step_rh=0 | resolved=0 (was cur_t=0 cur_rh=0)
[2026-05-14 15:06:10.774] [3468361][I][main.cpp:162] task_watchdog_heartbeat(): [GHC] T1 tick 6910  uptime 3468 s
[2026-05-14 15:06:15.792] [3473379][I][main.cpp:162] task_watchdog_heartbeat(): [GHC] T1 tick 6920  uptime 3473 s
[2026-05-14 15:06:20.810] [3478397][I][main.cpp:162] task_watchdog_heartbeat(): [GHC] T1 tick 6930  uptime 3478 s
[2026-05-14 15:06:25.828] [3483415][I][main.cpp:162] task_watchdog_heartbeat(): [GHC] T1 tick 6940  uptime 3483 s
[2026-05-14 15:06:30.846] [3488433][I][main.cpp:162] task_watchdog_heartbeat(): [GHC] T1 tick 6950  uptime 3488 s
[2026-05-14 15:06:35.864] [3493451][I][main.cpp:162] task_watchdog_heartbeat(): [GHC] T1 tick 6960  uptime 3493 s
[2026-05-14 15:06:39.626] [3497212][I][sensor_poll.cpp:359] task_sensor_poll(): [T5_SEN] [T5] iter 114 — woke from 30 s delay
[2026-05-14 15:06:39.634] [3497221][I][sensor_poll.cpp:395] task_sensor_poll(): [T5_SEN] [T5] iter 114 — polling FG6485A
[2026-05-14 15:06:39.667] [3497254][I][sensor_poll.cpp:432] task_sensor_poll(): [T5_SEN] [T5] iter 114 — polling S200
[2026-05-14 15:06:40.209] [3497792][I][sensor_poll.cpp:535] task_sensor_poll(): [T5_SEN] [T5] T=24°C RH=39% ws=0.0 m/s wd=0° | avg T=24 RH=39 ws=0.0 wd=0° [win T=12 RH=20 W=12]
[2026-05-14 15:06:40.229] [3497805][I][climate_control.cpp:434] task_climate_control(): [T6_CLI] [T6] T_avg=24 t_max=28 hyst=5 → step_t=0 | RH_avg=39 rh_max=75 rh_min=50 hyst=12 rh_en=1 → step_rh=0 | resolved=0 (was cur_t=0 cur_rh=0)
[2026-05-14 15:06:40.882] [3498469][I][main.cpp:162] task_watchdog_heartbeat(): [GHC] T1 tick 6970  uptime 3498 s
[2026-05-14 15:06:45.209] [3502793][I][data_manager.cpp:230] read_rtc_and_seed_clock(): [T4] RTC: 2026-05-14 15:06:41 UTC  unix=1778771201  daytime=yes
[2026-05-14 15:06:45.900] [3503487][I][main.cpp:162] task_watchdog_heartbeat(): [GHC] T1 tick 6980  uptime 3503 s
[2026-05-14 15:06:50.918] [3508505][I][main.cpp:162] task_watchdog_heartbeat(): [GHC] T1 tick 6990  uptime 3508 s
[2026-05-14 15:06:55.936] [3513523][I][main.cpp:162] task_watchdog_heartbeat(): [GHC] T1 tick 7000  uptime 3513 s
[2026-05-14 15:07:00.954] [3518541][I][main.cpp:162] task_watchdog_heartbeat(): [GHC] T1 tick 7010  uptime 3518 s
[2026-05-14 15:07:05.972] [3523559][I][main.cpp:162] task_watchdog_heartbeat(): [GHC] T1 tick 7020  uptime 3523 s
[2026-05-14 15:07:10.220] [3527806][I][sensor_poll.cpp:359] task_sensor_poll(): [T5_SEN] [T5] iter 115 — woke from 30 s delay
[2026-05-14 15:07:10.229] [3527815][I][sensor_poll.cpp:395] task_sensor_poll(): [T5_SEN] [T5] iter 115 — polling FG6485A
[2026-05-14 15:07:10.262] [3527848][I][sensor_poll.cpp:432] task_sensor_poll(): [T5_SEN] [T5] iter 115 — polling S200
[2026-05-14 15:07:10.804] [3528386][I][sensor_poll.cpp:535] task_sensor_poll(): [T5_SEN] [T5] T=24°C RH=39% ws=0.0 m/s wd=0° | avg T=24 RH=39 ws=0.0 wd=0° [win T=12 RH=20 W=12]
[2026-05-14 15:07:10.824] [3528400][I][climate_control.cpp:434] task_climate_control(): [T6_CLI] [T6] T_avg=24 t_max=28 hyst=5 → step_t=0 | RH_avg=39 rh_max=75 rh_min=50 hyst=12 rh_en=1 → step_rh=0 | resolved=0 (was cur_t=0 cur_rh=0)
[2026-05-14 15:07:10.990] [3528577][I][main.cpp:162] task_watchdog_heartbeat(): [GHC] T1 tick 7030  uptime 3528 s
[2026-05-14 15:07:16.007] [3533594][I][main.cpp:162] task_watchdog_heartbeat(): [GHC] T1 tick 7040  uptime 3533 s
[2026-05-14 15:07:21.024] [3538611][I][main.cpp:162] task_watchdog_heartbeat(): [GHC] T1 tick 7050  uptime 3538 s
[2026-05-14 15:07:26.041] [3543628][I][main.cpp:162] task_watchdog_heartbeat(): [GHC] T1 tick 7060  uptime 3543 s
[2026-05-14 15:07:31.058] [3548645][I][main.cpp:162] task_watchdog_heartbeat(): [GHC] T1 tick 7070  uptime 3548 s
[2026-05-14 15:07:36.076] [3553663][I][main.cpp:162] task_watchdog_heartbeat(): [GHC] T1 tick 7080  uptime 3553 s
[2026-05-14 15:07:40.815] [3558400][I][sensor_poll.cpp:359] task_sensor_poll(): [T5_SEN] [T5] iter 116 — woke from 30 s delay
[2026-05-14 15:07:40.823] [3558409][I][sensor_poll.cpp:395] task_sensor_poll(): [T5_SEN] [T5] iter 116 — polling FG6485A
[2026-05-14 15:07:40.855] [3558441][I][sensor_poll.cpp:432] task_sensor_poll(): [T5_SEN] [T5] iter 116 — polling S200
[2026-05-14 15:07:41.094] [3558681][I][main.cpp:162] task_watchdog_heartbeat(): [GHC] T1 tick 7090  uptime 3558 s
[2026-05-14 15:07:41.397] [3558979][I][sensor_poll.cpp:535] task_sensor_poll(): [T5_SEN] [T5] T=24°C RH=39% ws=0.0 m/s wd=0° | avg T=24 RH=39 ws=0.0 wd=0° [win T=12 RH=20 W=12]
[2026-05-14 15:07:41.417] [3558992][I][climate_control.cpp:434] task_climate_control(): [T6_CLI] [T6] T_avg=24 t_max=28 hyst=5 → step_t=0 | RH_avg=39 rh_max=75 rh_min=50 hyst=12 rh_en=1 → step_rh=0 | resolved=0 (was cur_t=0 cur_rh=0)
[2026-05-14 15:07:44.397] [3561980][I][data_manager.cpp:230] read_rtc_and_seed_clock(): [T4] RTC: 2026-05-14 15:07:40 UTC  unix=1778771260  daytime=yes
[2026-05-14 15:07:46.113] [3563699][I][main.cpp:162] task_watchdog_heartbeat(): [GHC] T1 tick 7100  uptime 3563 s
[2026-05-14 15:07:51.131] [3568717][I][main.cpp:162] task_watchdog_heartbeat(): [GHC] T1 tick 7110  uptime 3568 s
[2026-05-14 15:07:56.149] [3573735][I][main.cpp:162] task_watchdog_heartbeat(): [GHC] T1 tick 7120  uptime 3573 s
[2026-05-14 15:08:01.167] [3578753][I][main.cpp:162] task_watchdog_heartbeat(): [GHC] T1 tick 7130  uptime 3578 s
[2026-05-14 15:08:06.185] [3583771][I][main.cpp:162] task_watchdog_heartbeat(): [GHC] T1 tick 7140  uptime 3583 s
[2026-05-14 15:08:11.203] [3588789][I][main.cpp:162] task_watchdog_heartbeat(): [GHC] T1 tick 7150  uptime 3588 s
[2026-05-14 15:08:11.408] [3588993][I][sensor_poll.cpp:359] task_sensor_poll(): [T5_SEN] [T5] iter 117 — woke from 30 s delay
[2026-05-14 15:08:11.416] [3589002][I][sensor_poll.cpp:395] task_sensor_poll(): [T5_SEN] [T5] iter 117 — polling FG6485A
[2026-05-14 15:08:11.449] [3589034][I][sensor_poll.cpp:432] task_sensor_poll(): [T5_SEN] [T5] iter 117 — polling S200
[2026-05-14 15:08:11.991] [3589573][I][sensor_poll.cpp:535] task_sensor_poll(): [T5_SEN] [T5] T=24°C RH=39% ws=0.0 m/s wd=0° | avg T=24 RH=39 ws=0.0 wd=0° [win T=12 RH=20 W=12]
[2026-05-14 15:08:12.011] [3589586][I][climate_control.cpp:434] task_climate_control(): [T6_CLI] [T6] T_avg=24 t_max=28 hyst=5 → step_t=0 | RH_avg=39 rh_max=75 rh_min=50 hyst=12 rh_en=1 → step_rh=0 | resolved=0 (was cur_t=0 cur_rh=0)
[2026-05-14 15:08:16.221] [3593807][I][main.cpp:162] task_watchdog_heartbeat(): [GHC] T1 tick 7160  uptime 3593 s
[2026-05-14 15:08:21.239] [3598825][I][main.cpp:162] task_watchdog_heartbeat(): [GHC] T1 tick 7170  uptime 3598 s
[2026-05-14 15:08:26.257] [3603843][I][main.cpp:162] task_watchdog_heartbeat(): [GHC] T1 tick 7180  uptime 3603 s
[2026-05-14 15:08:31.275] [3608861][I][main.cpp:162] task_watchdog_heartbeat(): [GHC] T1 tick 7190  uptime 3608 s
[2026-05-14 15:08:36.292] [3613879][I][main.cpp:162] task_watchdog_heartbeat(): [GHC] T1 tick 7200  uptime 3613 s
[2026-05-14 15:08:36.300] [3613887][I][main.cpp:247] task_watchdog_heartbeat(): [GHC] stack T1  hwm=2044 B
[2026-05-14 15:08:36.307] [3613895][I][main.cpp:247] task_watchdog_heartbeat(): [GHC] stack T2  hwm=6380 B
[2026-05-14 15:08:36.315] [3613902][I][main.cpp:247] task_watchdog_heartbeat(): [GHC] stack T3  hwm=1980 B
[2026-05-14 15:08:36.323] [3613909][I][main.cpp:247] task_watchdog_heartbeat(): [GHC] stack T4  hwm=3980 B
[2026-05-14 15:08:36.329] [3613917][I][main.cpp:247] task_watchdog_heartbeat(): [GHC] stack T5  hwm=4252 B
[2026-05-14 15:08:36.338] [3613924][I][main.cpp:247] task_watchdog_heartbeat(): [GHC] stack T6  hwm=1676 B
[2026-05-14 15:08:36.344] [3613931][I][main.cpp:247] task_watchdog_heartbeat(): [GHC] stack T7  hwm=2464 B
[2026-05-14 15:08:36.352] [3613939][I][main.cpp:247] task_watchdog_heartbeat(): [GHC] stack T8  hwm=5740 B
[2026-05-14 15:08:36.358] [3613946][I][main.cpp:247] task_watchdog_heartbeat(): [GHC] stack T9  hwm=2524 B
[2026-05-14 15:08:36.367] [3613953][I][main.cpp:247] task_watchdog_heartbeat(): [GHC] stack T10 hwm=5632 B
[2026-05-14 15:08:36.373] [3613961][I][main.cpp:247] task_watchdog_heartbeat(): [GHC] stack T11 hwm=5536 B
[2026-05-14 15:08:36.381] [3613968][I][main.cpp:247] task_watchdog_heartbeat(): [GHC] stack T12 hwm=7464 B
[2026-05-14 15:08:36.390] [3613976][I][main.cpp:247] task_watchdog_heartbeat(): [GHC] stack T14 hwm=6708 B
[2026-05-14 15:08:36.396] [3613983][I][main.cpp:247] task_watchdog_heartbeat(): [GHC] stack T15 hwm=2376 B
[2026-05-14 15:08:41.414] [3619000][I][main.cpp:162] task_watchdog_heartbeat(): [GHC] T1 tick 7210  uptime 3619 s
[2026-05-14 15:08:42.002] [3619587][I][sensor_poll.cpp:359] task_sensor_poll(): [T5_SEN] [T5] iter 118 — woke from 30 s delay
[2026-05-14 15:08:42.011] [3619596][I][sensor_poll.cpp:395] task_sensor_poll(): [T5_SEN] [T5] iter 118 — polling FG6485A
[2026-05-14 15:08:42.043] [3619628][I][sensor_poll.cpp:432] task_sensor_poll(): [T5_SEN] [T5] iter 118 — polling S200
[2026-05-14 15:08:42.585] [3620167][I][sensor_poll.cpp:535] task_sensor_poll(): [T5_SEN] [T5] T=24°C RH=39% ws=0.0 m/s wd=0° | avg T=24 RH=39 ws=0.0 wd=0° [win T=12 RH=20 W=12]
[2026-05-14 15:08:42.605] [3620180][I][climate_control.cpp:434] task_climate_control(): [T6_CLI] [T6] T_avg=24 t_max=28 hyst=5 → step_t=0 | RH_avg=39 rh_max=75 rh_min=50 hyst=12 rh_en=1 → step_rh=0 | resolved=0 (was cur_t=0 cur_rh=0)
[2026-05-14 15:08:43.585] [3621168][I][data_manager.cpp:230] read_rtc_and_seed_clock(): [T4] RTC: 2026-05-14 15:08:39 UTC  unix=1778771319  daytime=yes
[2026-05-14 15:08:46.432] [3624018][I][main.cpp:162] task_watchdog_heartbeat(): [GHC] T1 tick 7220  uptime 3624 s
[2026-05-14 15:08:51.450] [3629036][I][main.cpp:162] task_watchdog_heartbeat(): [GHC] T1 tick 7230  uptime 3629 s
[2026-05-14 15:08:56.468] [3634054][I][main.cpp:162] task_watchdog_heartbeat(): [GHC] T1 tick 7240  uptime 3634 s
[2026-05-14 15:09:01.486] [3639072][I][main.cpp:162] task_watchdog_heartbeat(): [GHC] T1 tick 7250  uptime 3639 s
[2026-05-14 15:09:06.504] [3644090][I][main.cpp:162] task_watchdog_heartbeat(): [GHC] T1 tick 7260  uptime 3644 s
[2026-05-14 15:09:11.522] [3649108][I][main.cpp:162] task_watchdog_heartbeat(): [GHC] T1 tick 7270  uptime 3649 s
[2026-05-14 15:09:12.597] [3650181][I][sensor_poll.cpp:359] task_sensor_poll(): [T5_SEN] [T5] iter 119 — woke from 30 s delay
[2026-05-14 15:09:12.605] [3650190][I][sensor_poll.cpp:395] task_sensor_poll(): [T5_SEN] [T5] iter 119 — polling FG6485A
[2026-05-14 15:09:12.638] [3650223][I][sensor_poll.cpp:432] task_sensor_poll(): [T5_SEN] [T5] iter 119 — polling S200
[2026-05-14 15:09:13.180] [3650761][I][sensor_poll.cpp:535] task_sensor_poll(): [T5_SEN] [T5] T=24°C RH=39% ws=0.0 m/s wd=0° | avg T=24 RH=39 ws=0.0 wd=0° [win T=12 RH=20 W=12]
[2026-05-14 15:09:13.199] [3650775][I][climate_control.cpp:434] task_climate_control(): [T6_CLI] [T6] T_avg=24 t_max=28 hyst=5 → step_t=0 | RH_avg=39 rh_max=75 rh_min=50 hyst=12 rh_en=1 → step_rh=0 | resolved=0 (was cur_t=0 cur_rh=0)
[2026-05-14 15:09:16.540] [3654126][I][main.cpp:162] task_watchdog_heartbeat(): [GHC] T1 tick 7280  uptime 3654 s
[2026-05-14 15:09:21.558] [3659144][I][main.cpp:162] task_watchdog_heartbeat(): [GHC] T1 tick 7290  uptime 3659 s
[2026-05-14 15:09:26.576] [3664162][I][main.cpp:162] task_watchdog_heartbeat(): [GHC] T1 tick 7300  uptime 3664 s
[2026-05-14 15:09:31.595] [3669180][I][main.cpp:162] task_watchdog_heartbeat(): [GHC] T1 tick 7310  uptime 3669 s
[2026-05-14 15:09:36.612] [3674198][I][main.cpp:162] task_watchdog_heartbeat(): [GHC] T1 tick 7320  uptime 3674 s
[2026-05-14 15:09:41.631] [3679216][I][main.cpp:162] task_watchdog_heartbeat(): [GHC] T1 tick 7330  uptime 3679 s
[2026-05-14 15:09:43.180] [3680762][I][data_manager.cpp:230] read_rtc_and_seed_clock(): [T4] RTC: 2026-05-14 15:09:39 UTC  unix=1778771379  daytime=yes
[2026-05-14 15:09:43.191] [3680775][I][sensor_poll.cpp:359] task_sensor_poll(): [T5_SEN] [T5] iter 120 — woke from 30 s delay
[2026-05-14 15:09:43.199] [3680784][I][sensor_poll.cpp:395] task_sensor_poll(): [T5_SEN] [T5] iter 120 — polling FG6485A
[2026-05-14 15:09:43.231] [3680816][I][sensor_poll.cpp:432] task_sensor_poll(): [T5_SEN] [T5] iter 120 — polling S200
[2026-05-14 15:09:43.773] [3681354][I][sensor_poll.cpp:535] task_sensor_poll(): [T5_SEN] [T5] T=24°C RH=39% ws=0.0 m/s wd=0° | avg T=24 RH=39 ws=0.0 wd=0° [win T=12 RH=20 W=12]
[2026-05-14 15:09:43.793] [3681368][I][climate_control.cpp:434] task_climate_control(): [T6_CLI] [T6] T_avg=24 t_max=28 hyst=5 → step_t=0 | RH_avg=39 rh_max=75 rh_min=50 hyst=12 rh_en=1 → step_rh=0 | resolved=0 (was cur_t=0 cur_rh=0)
[2026-05-14 15:09:46.649] [3684234][I][main.cpp:162] task_watchdog_heartbeat(): [GHC] T1 tick 7340  uptime 3684 s
[2026-05-14 15:09:51.667] [3689252][I][main.cpp:162] task_watchdog_heartbeat(): [GHC] T1 tick 7350  uptime 3689 s
[2026-05-14 15:09:56.685] [3694270][I][main.cpp:162] task_watchdog_heartbeat(): [GHC] T1 tick 7360  uptime 3694 s
[2026-05-14 15:10:01.703] [3699288][I][main.cpp:162] task_watchdog_heartbeat(): [GHC] T1 tick 7370  uptime 3699 s
[2026-05-14 15:10:06.721] [3704306][I][main.cpp:162] task_watchdog_heartbeat(): [GHC] T1 tick 7380  uptime 3704 s
[2026-05-14 15:10:11.739] [3709324][I][main.cpp:162] task_watchdog_heartbeat(): [GHC] T1 tick 7390  uptime 3709 s
[2026-05-14 15:10:13.784] [3711368][I][sensor_poll.cpp:359] task_sensor_poll(): [T5_SEN] [T5] iter 121 — woke from 30 s delay
[2026-05-14 15:10:13.792] [3711377][I][sensor_poll.cpp:395] task_sensor_poll(): [T5_SEN] [T5] iter 121 — polling FG6485A
[2026-05-14 15:10:13.825] [3711409][I][sensor_poll.cpp:432] task_sensor_poll(): [T5_SEN] [T5] iter 121 — polling S200
[2026-05-14 15:10:14.367] [3711948][I][sensor_poll.cpp:535] task_sensor_poll(): [T5_SEN] [T5] T=24°C RH=39% ws=0.0 m/s wd=0° | avg T=24 RH=39 ws=0.0 wd=0° [win T=12 RH=20 W=12]
[2026-05-14 15:10:14.387] [3711961][I][climate_control.cpp:434] task_climate_control(): [T6_CLI] [T6] T_avg=24 t_max=28 hyst=5 → step_t=0 | RH_avg=39 rh_max=75 rh_min=50 hyst=12 rh_en=1 → step_rh=0 | resolved=0 (was cur_t=0 cur_rh=0)
[2026-05-14 15:10:16.757] [3714342][I][main.cpp:162] task_watchdog_heartbeat(): [GHC] T1 tick 7400  uptime 3714 s
[2026-05-14 15:10:21.775] [3719360][I][main.cpp:162] task_watchdog_heartbeat(): [GHC] T1 tick 7410  uptime 3719 s
[2026-05-14 15:10:26.793] [3724378][I][main.cpp:162] task_watchdog_heartbeat(): [GHC] T1 tick 7420  uptime 3724 s
[2026-05-14 15:10:31.811] [3729396][I][main.cpp:162] task_watchdog_heartbeat(): [GHC] T1 tick 7430  uptime 3729 s
[2026-05-14 15:10:36.829] [3734414][I][main.cpp:162] task_watchdog_heartbeat(): [GHC] T1 tick 7440  uptime 3734 s
[2026-05-14 15:10:41.847] [3739432][I][main.cpp:162] task_watchdog_heartbeat(): [GHC] T1 tick 7450  uptime 3739 s
[2026-05-14 15:10:42.367] [3739949][I][data_manager.cpp:230] read_rtc_and_seed_clock(): [T4] RTC: 2026-05-14 15:10:38 UTC  unix=1778771438  daytime=yes
[2026-05-14 15:10:44.378] [3741962][I][sensor_poll.cpp:359] task_sensor_poll(): [T5_SEN] [T5] iter 122 — woke from 30 s delay
[2026-05-14 15:10:44.387] [3741971][I][sensor_poll.cpp:395] task_sensor_poll(): [T5_SEN] [T5] iter 122 — polling FG6485A
[2026-05-14 15:10:44.419] [3742003][I][sensor_poll.cpp:432] task_sensor_poll(): [T5_SEN] [T5] iter 122 — polling S200
[2026-05-14 15:10:44.961] [3742542][I][sensor_poll.cpp:535] task_sensor_poll(): [T5_SEN] [T5] T=24°C RH=39% ws=0.0 m/s wd=0° | avg T=24 RH=39 ws=0.0 wd=0° [win T=12 RH=20 W=12]
[2026-05-14 15:10:44.981] [3742555][I][climate_control.cpp:434] task_climate_control(): [T6_CLI] [T6] T_avg=24 t_max=28 hyst=5 → step_t=0 | RH_avg=39 rh_max=75 rh_min=50 hyst=12 rh_en=1 → step_rh=0 | resolved=0 (was cur_t=0 cur_rh=0)
[2026-05-14 15:10:46.865] [3744450][I][main.cpp:162] task_watchdog_heartbeat(): [GHC] T1 tick 7460  uptime 3744 s
[2026-05-14 15:10:51.883] [3749468][I][main.cpp:162] task_watchdog_heartbeat(): [GHC] T1 tick 7470  uptime 3749 s
[2026-05-14 15:10:56.900] [3754485][I][main.cpp:162] task_watchdog_heartbeat(): [GHC] T1 tick 7480  uptime 3754 s
[2026-05-14 15:11:01.918] [3759503][I][main.cpp:162] task_watchdog_heartbeat(): [GHC] T1 tick 7490  uptime 3759 s
[2026-05-14 15:11:06.936] [3764521][I][main.cpp:162] task_watchdog_heartbeat(): [GHC] T1 tick 7500  uptime 3764 s
[2026-05-14 15:11:11.954] [3769539][I][main.cpp:162] task_watchdog_heartbeat(): [GHC] T1 tick 7510  uptime 3769 s
[2026-05-14 15:11:14.973] [3772556][I][sensor_poll.cpp:359] task_sensor_poll(): [T5_SEN] [T5] iter 123 — woke from 30 s delay
[2026-05-14 15:11:14.981] [3772565][I][sensor_poll.cpp:395] task_sensor_poll(): [T5_SEN] [T5] iter 123 — polling FG6485A
[2026-05-14 15:11:15.014] [3772598][I][sensor_poll.cpp:432] task_sensor_poll(): [T5_SEN] [T5] iter 123 — polling S200
[2026-05-14 15:11:15.556] [3773136][I][sensor_poll.cpp:535] task_sensor_poll(): [T5_SEN] [T5] T=24°C RH=39% ws=0.0 m/s wd=0° | avg T=24 RH=39 ws=0.0 wd=0° [win T=12 RH=20 W=12]
[2026-05-14 15:11:15.576] [3773149][I][climate_control.cpp:434] task_climate_control(): [T6_CLI] [T6] T_avg=24 t_max=28 hyst=5 → step_t=0 | RH_avg=39 rh_max=75 rh_min=50 hyst=12 rh_en=1 → step_rh=0 | resolved=0 (was cur_t=0 cur_rh=0)
[2026-05-14 15:11:16.972] [3774557][I][main.cpp:162] task_watchdog_heartbeat(): [GHC] T1 tick 7520  uptime 3774 s
[2026-05-14 15:11:21.990] [3779575][I][main.cpp:162] task_watchdog_heartbeat(): [GHC] T1 tick 7530  uptime 3779 s
[2026-05-14 15:11:27.008] [3784593][I][main.cpp:162] task_watchdog_heartbeat(): [GHC] T1 tick 7540  uptime 3784 s
[2026-05-14 15:11:32.027] [3789611][I][main.cpp:162] task_watchdog_heartbeat(): [GHC] T1 tick 7550  uptime 3789 s
[2026-05-14 15:11:37.045] [3794629][I][main.cpp:162] task_watchdog_heartbeat(): [GHC] T1 tick 7560  uptime 3794 s
[2026-05-14 15:11:41.556] [3799137][I][data_manager.cpp:230] read_rtc_and_seed_clock(): [T4] RTC: 2026-05-14 15:11:37 UTC  unix=1778771497  daytime=yes
[2026-05-14 15:11:42.063] [3799647][I][main.cpp:162] task_watchdog_heartbeat(): [GHC] T1 tick 7570  uptime 3799 s
[2026-05-14 15:11:45.567] [3803150][I][sensor_poll.cpp:359] task_sensor_poll(): [T5_SEN] [T5] iter 124 — woke from 30 s delay
[2026-05-14 15:11:45.575] [3803159][I][sensor_poll.cpp:395] task_sensor_poll(): [T5_SEN] [T5] iter 124 — polling FG6485A
[2026-05-14 15:11:45.607] [3803191][I][sensor_poll.cpp:432] task_sensor_poll(): [T5_SEN] [T5] iter 124 — polling S200
[2026-05-14 15:11:46.149] [3803729][I][sensor_poll.cpp:535] task_sensor_poll(): [T5_SEN] [T5] T=24°C RH=39% ws=0.0 m/s wd=0° | avg T=24 RH=39 ws=0.0 wd=0° [win T=12 RH=20 W=12]
[2026-05-14 15:11:46.169] [3803742][I][climate_control.cpp:434] task_climate_control(): [T6_CLI] [T6] T_avg=24 t_max=28 hyst=5 → step_t=0 | RH_avg=39 rh_max=75 rh_min=50 hyst=12 rh_en=1 → step_rh=0 | resolved=0 (was cur_t=0 cur_rh=0)
[2026-05-14 15:11:47.080] [3804665][I][main.cpp:162] task_watchdog_heartbeat(): [GHC] T1 tick 7580  uptime 3804 s
[2026-05-14 15:11:52.097] [3809682][I][main.cpp:162] task_watchdog_heartbeat(): [GHC] T1 tick 7590  uptime 3809 s
[2026-05-14 15:11:57.116] [3814700][I][main.cpp:162] task_watchdog_heartbeat(): [GHC] T1 tick 7600  uptime 3814 s
[2026-05-14 15:12:02.132] [3819717][I][main.cpp:162] task_watchdog_heartbeat(): [GHC] T1 tick 7610  uptime 3819 s
[2026-05-14 15:12:07.150] [3824735][I][main.cpp:162] task_watchdog_heartbeat(): [GHC] T1 tick 7620  uptime 3824 s
[2026-05-14 15:12:12.169] [3829753][I][main.cpp:162] task_watchdog_heartbeat(): [GHC] T1 tick 7630  uptime 3829 s
[2026-05-14 15:12:16.160] [3833743][I][sensor_poll.cpp:359] task_sensor_poll(): [T5_SEN] [T5] iter 125 — woke from 30 s delay
[2026-05-14 15:12:16.168] [3833752][I][sensor_poll.cpp:395] task_sensor_poll(): [T5_SEN] [T5] iter 125 — polling FG6485A
[2026-05-14 15:12:16.516] [3834100][I][sensor_poll.cpp:432] task_sensor_poll(): [T5_SEN] [T5] iter 125 — polling S200
[2026-05-14 15:12:17.058] [3834638][I][sensor_poll.cpp:535] task_sensor_poll(): [T5_SEN] [T5] T=24°C RH=39% ws=0.0 m/s wd=0° | avg T=24 RH=39 ws=0.0 wd=0° [win T=12 RH=20 W=12]
[2026-05-14 15:12:17.078] [3834651][I][climate_control.cpp:434] task_climate_control(): [T6_CLI] [T6] T_avg=24 t_max=28 hyst=5 → step_t=0 | RH_avg=39 rh_max=75 rh_min=50 hyst=12 rh_en=1 → step_rh=0 | resolved=0 (was cur_t=0 cur_rh=0)
[2026-05-14 15:12:17.187] [3834771][I][main.cpp:162] task_watchdog_heartbeat(): [GHC] T1 tick 7640  uptime 3834 s
[2026-05-14 15:12:22.205] [3839789][I][main.cpp:162] task_watchdog_heartbeat(): [GHC] T1 tick 7650  uptime 3839 s
[2026-05-14 15:12:27.223] [3844807][I][main.cpp:162] task_watchdog_heartbeat(): [GHC] T1 tick 7660  uptime 3844 s
[2026-05-14 15:12:32.241] [3849825][I][main.cpp:162] task_watchdog_heartbeat(): [GHC] T1 tick 7670  uptime 3849 s
[2026-05-14 15:12:37.259] [3854843][I][main.cpp:162] task_watchdog_heartbeat(): [GHC] T1 tick 7680  uptime 3854 s
[2026-05-14 15:12:41.058] [3858639][I][data_manager.cpp:230] read_rtc_and_seed_clock(): [T4] RTC: 2026-05-14 15:12:36 UTC  unix=1778771556  daytime=yes
[2026-05-14 15:12:42.277] [3859861][I][main.cpp:162] task_watchdog_heartbeat(): [GHC] T1 tick 7690  uptime 3859 s
[2026-05-14 15:12:47.069] [3864652][I][sensor_poll.cpp:359] task_sensor_poll(): [T5_SEN] [T5] iter 126 — woke from 30 s delay
[2026-05-14 15:12:47.078] [3864661][I][sensor_poll.cpp:395] task_sensor_poll(): [T5_SEN] [T5] iter 126 — polling FG6485A
[2026-05-14 15:12:47.109] [3864693][I][sensor_poll.cpp:432] task_sensor_poll(): [T5_SEN] [T5] iter 126 — polling S200
[2026-05-14 15:12:47.295] [3864879][I][main.cpp:162] task_watchdog_heartbeat(): [GHC] T1 tick 7700  uptime 3864 s
[2026-05-14 15:12:47.652] [3865232][I][sensor_poll.cpp:535] task_sensor_poll(): [T5_SEN] [T5] T=24°C RH=39% ws=0.0 m/s wd=0° | avg T=24 RH=39 ws=0.0 wd=0° [win T=12 RH=20 W=12]
[2026-05-14 15:12:47.672] [3865245][I][climate_control.cpp:434] task_climate_control(): [T6_CLI] [T6] T_avg=24 t_max=28 hyst=5 → step_t=0 | RH_avg=39 rh_max=75 rh_min=50 hyst=12 rh_en=1 → step_rh=0 | resolved=0 (was cur_t=0 cur_rh=0)
[2026-05-14 15:12:52.313] [3869897][I][main.cpp:162] task_watchdog_heartbeat(): [GHC] T1 tick 7710  uptime 3869 s
[2026-05-14 15:12:57.331] [3874915][I][main.cpp:162] task_watchdog_heartbeat(): [GHC] T1 tick 7720  uptime 3874 s
[2026-05-14 15:13:02.349] [3879933][I][main.cpp:162] task_watchdog_heartbeat(): [GHC] T1 tick 7730  uptime 3879 s
[2026-05-14 15:13:07.367] [3884951][I][main.cpp:162] task_watchdog_heartbeat(): [GHC] T1 tick 7740  uptime 3884 s
[2026-05-14 15:13:12.385] [3889969][I][main.cpp:162] task_watchdog_heartbeat(): [GHC] T1 tick 7750  uptime 3889 s
[2026-05-14 15:13:17.403] [3894987][I][main.cpp:162] task_watchdog_heartbeat(): [GHC] T1 tick 7760  uptime 3894 s
[2026-05-14 15:13:17.663] [3895246][I][sensor_poll.cpp:359] task_sensor_poll(): [T5_SEN] [T5] iter 127 — woke from 30 s delay
[2026-05-14 15:13:17.672] [3895255][I][sensor_poll.cpp:395] task_sensor_poll(): [T5_SEN] [T5] iter 127 — polling FG6485A
[2026-05-14 15:13:17.704] [3895287][I][sensor_poll.cpp:432] task_sensor_poll(): [T5_SEN] [T5] iter 127 — polling S200
[2026-05-14 15:13:18.247] [3895826][I][sensor_poll.cpp:535] task_sensor_poll(): [T5_SEN] [T5] T=24°C RH=39% ws=0.0 m/s wd=0° | avg T=24 RH=39 ws=0.0 wd=0° [win T=12 RH=20 W=12]
[2026-05-14 15:13:18.266] [3895840][I][climate_control.cpp:434] task_climate_control(): [T6_CLI] [T6] T_avg=24 t_max=28 hyst=5 → step_t=0 | RH_avg=39 rh_max=75 rh_min=50 hyst=12 rh_en=1 → step_rh=0 | resolved=0 (was cur_t=0 cur_rh=0)
[2026-05-14 15:13:22.421] [3900005][I][main.cpp:162] task_watchdog_heartbeat(): [GHC] T1 tick 7770  uptime 3900 s
[2026-05-14 15:13:27.439] [3905023][I][main.cpp:162] task_watchdog_heartbeat(): [GHC] T1 tick 7780  uptime 3905 s
[2026-05-14 15:13:32.457] [3910041][I][main.cpp:162] task_watchdog_heartbeat(): [GHC] T1 tick 7790  uptime 3910 s
[2026-05-14 15:13:37.475] [3915059][I][main.cpp:162] task_watchdog_heartbeat(): [GHC] T1 tick 7800  uptime 3915 s
[2026-05-14 15:13:40.247] [3917827][I][data_manager.cpp:230] read_rtc_and_seed_clock(): [T4] RTC: 2026-05-14 15:13:36 UTC  unix=1778771616  daytime=yes
[2026-05-14 15:13:42.494] [3920077][I][main.cpp:162] task_watchdog_heartbeat(): [GHC] T1 tick 7810  uptime 3920 s
[2026-05-14 15:13:47.511] [3925095][I][main.cpp:162] task_watchdog_heartbeat(): [GHC] T1 tick 7820  uptime 3925 s
[2026-05-14 15:13:48.258] [3925840][I][sensor_poll.cpp:359] task_sensor_poll(): [T5_SEN] [T5] iter 128 — woke from 30 s delay
[2026-05-14 15:13:48.266] [3925849][I][sensor_poll.cpp:395] task_sensor_poll(): [T5_SEN] [T5] iter 128 — polling FG6485A
[2026-05-14 15:13:48.299] [3925882][I][sensor_poll.cpp:432] task_sensor_poll(): [T5_SEN] [T5] iter 128 — polling S200
[2026-05-14 15:13:48.841] [3926420][I][sensor_poll.cpp:535] task_sensor_poll(): [T5_SEN] [T5] T=24°C RH=39% ws=0.0 m/s wd=0° | avg T=24 RH=39 ws=0.0 wd=0° [win T=12 RH=20 W=12]
[2026-05-14 15:13:48.861] [3926434][I][climate_control.cpp:434] task_climate_control(): [T6_CLI] [T6] T_avg=24 t_max=28 hyst=5 → step_t=0 | RH_avg=39 rh_max=75 rh_min=50 hyst=12 rh_en=1 → step_rh=0 | resolved=0 (was cur_t=0 cur_rh=0)
[2026-05-14 15:13:52.528] [3930112][I][main.cpp:162] task_watchdog_heartbeat(): [GHC] T1 tick 7830  uptime 3930 s
[2026-05-14 15:13:57.546] [3935130][I][main.cpp:162] task_watchdog_heartbeat(): [GHC] T1 tick 7840  uptime 3935 s
[2026-05-14 15:14:02.565] [3940148][I][main.cpp:162] task_watchdog_heartbeat(): [GHC] T1 tick 7850  uptime 3940 s
[2026-05-14 15:14:07.583] [3945166][I][main.cpp:162] task_watchdog_heartbeat(): [GHC] T1 tick 7860  uptime 3945 s
[2026-05-14 15:14:12.601] [3950184][I][main.cpp:162] task_watchdog_heartbeat(): [GHC] T1 tick 7870  uptime 3950 s
[2026-05-14 15:14:17.619] [3955202][I][main.cpp:162] task_watchdog_heartbeat(): [GHC] T1 tick 7880  uptime 3955 s
[2026-05-14 15:14:18.852] [3956434][I][sensor_poll.cpp:359] task_sensor_poll(): [T5_SEN] [T5] iter 129 — woke from 30 s delay
[2026-05-14 15:14:18.860] [3956443][I][sensor_poll.cpp:395] task_sensor_poll(): [T5_SEN] [T5] iter 129 — polling FG6485A
[2026-05-14 15:14:18.892] [3956475][I][sensor_poll.cpp:432] task_sensor_poll(): [T5_SEN] [T5] iter 129 — polling S200
[2026-05-14 15:14:19.434] [3957013][I][sensor_poll.cpp:535] task_sensor_poll(): [T5_SEN] [T5] T=24°C RH=39% ws=0.0 m/s wd=0° | avg T=24 RH=39 ws=0.0 wd=0° [win T=12 RH=20 W=12]
[2026-05-14 15:14:19.454] [3957027][I][climate_control.cpp:434] task_climate_control(): [T6_CLI] [T6] T_avg=24 t_max=28 hyst=5 → step_t=0 | RH_avg=39 rh_max=75 rh_min=50 hyst=12 rh_en=1 → step_rh=0 | resolved=0 (was cur_t=0 cur_rh=0)
[2026-05-14 15:14:22.637] [3960220][I][main.cpp:162] task_watchdog_heartbeat(): [GHC] T1 tick 7890  uptime 3960 s
[2026-05-14 15:14:27.654] [3965237][I][main.cpp:162] task_watchdog_heartbeat(): [GHC] T1 tick 7900  uptime 3965 s
[2026-05-14 15:14:32.671] [3970254][I][main.cpp:162] task_watchdog_heartbeat(): [GHC] T1 tick 7910  uptime 3970 s
[2026-05-14 15:14:37.688] [3975271][I][main.cpp:162] task_watchdog_heartbeat(): [GHC] T1 tick 7920  uptime 3975 s
[2026-05-14 15:14:39.434] [3977014][I][data_manager.cpp:230] read_rtc_and_seed_clock(): [T4] RTC: 2026-05-14 15:14:35 UTC  unix=1778771675  daytime=yes
[2026-05-14 15:14:42.706] [3980289][I][main.cpp:162] task_watchdog_heartbeat(): [GHC] T1 tick 7930  uptime 3980 s
[2026-05-14 15:14:47.723] [3985306][I][main.cpp:162] task_watchdog_heartbeat(): [GHC] T1 tick 7940  uptime 3985 s
[2026-05-14 15:14:49.445] [3987027][I][sensor_poll.cpp:359] task_sensor_poll(): [T5_SEN] [T5] iter 130 — woke from 30 s delay
[2026-05-14 15:14:49.453] [3987036][I][sensor_poll.cpp:395] task_sensor_poll(): [T5_SEN] [T5] iter 130 — polling FG6485A
[2026-05-14 15:14:49.486] [3987068][I][sensor_poll.cpp:432] task_sensor_poll(): [T5_SEN] [T5] iter 130 — polling S200
[2026-05-14 15:14:50.028] [3987607][I][sensor_poll.cpp:535] task_sensor_poll(): [T5_SEN] [T5] T=24°C RH=39% ws=0.0 m/s wd=0° | avg T=24 RH=39 ws=0.0 wd=0° [win T=12 RH=20 W=12]
[2026-05-14 15:14:50.048] [3987620][I][climate_control.cpp:434] task_climate_control(): [T6_CLI] [T6] T_avg=24 t_max=28 hyst=5 → step_t=0 | RH_avg=39 rh_max=75 rh_min=50 hyst=12 rh_en=1 → step_rh=0 | resolved=0 (was cur_t=0 cur_rh=0)
[2026-05-14 15:14:52.741] [3990324][I][main.cpp:162] task_watchdog_heartbeat(): [GHC] T1 tick 7950  uptime 3990 s
[2026-05-14 15:14:57.759] [3995342][I][main.cpp:162] task_watchdog_heartbeat(): [GHC] T1 tick 7960  uptime 3995 s
[2026-05-14 15:15:02.777] [4000360][I][main.cpp:162] task_watchdog_heartbeat(): [GHC] T1 tick 7970  uptime 4000 s
[2026-05-14 15:15:07.795] [4005378][I][main.cpp:162] task_watchdog_heartbeat(): [GHC] T1 tick 7980  uptime 4005 s
[2026-05-14 15:15:12.813] [4010396][I][main.cpp:162] task_watchdog_heartbeat(): [GHC] T1 tick 7990  uptime 4010 s
[2026-05-14 15:15:17.831] [4015414][I][main.cpp:162] task_watchdog_heartbeat(): [GHC] T1 tick 8000  uptime 4015 s
[2026-05-14 15:15:20.039] [4017621][I][sensor_poll.cpp:359] task_sensor_poll(): [T5_SEN] [T5] iter 131 — woke from 30 s delay
[2026-05-14 15:15:20.048] [4017630][I][sensor_poll.cpp:395] task_sensor_poll(): [T5_SEN] [T5] iter 131 — polling FG6485A
[2026-05-14 15:15:20.080] [4017663][I][sensor_poll.cpp:432] task_sensor_poll(): [T5_SEN] [T5] iter 131 — polling S200
[2026-05-14 15:15:20.622] [4018201][I][sensor_poll.cpp:535] task_sensor_poll(): [T5_SEN] [T5] T=24°C RH=39% ws=0.0 m/s wd=0° | avg T=24 RH=39 ws=0.0 wd=0° [win T=12 RH=20 W=12]
[2026-05-14 15:15:20.642] [4018214][I][climate_control.cpp:434] task_climate_control(): [T6_CLI] [T6] T_avg=24 t_max=28 hyst=5 → step_t=0 | RH_avg=39 rh_max=75 rh_min=50 hyst=12 rh_en=1 → step_rh=0 | resolved=0 (was cur_t=0 cur_rh=0)
[2026-05-14 15:15:22.849] [4020432][I][main.cpp:162] task_watchdog_heartbeat(): [GHC] T1 tick 8010  uptime 4020 s
[2026-05-14 15:15:27.867] [4025450][I][main.cpp:162] task_watchdog_heartbeat(): [GHC] T1 tick 8020  uptime 4025 s
[2026-05-14 15:15:32.885] [4030468][I][main.cpp:162] task_watchdog_heartbeat(): [GHC] T1 tick 8030  uptime 4030 s
[2026-05-14 15:15:37.903] [4035486][I][main.cpp:162] task_watchdog_heartbeat(): [GHC] T1 tick 8040  uptime 4035 s
[2026-05-14 15:15:38.623] [4036202][I][data_manager.cpp:230] read_rtc_and_seed_clock(): [T4] RTC: 2026-05-14 15:15:34 UTC  unix=1778771734  daytime=yes
[2026-05-14 15:15:42.921] [4040504][I][main.cpp:162] task_watchdog_heartbeat(): [GHC] T1 tick 8050  uptime 4040 s
[2026-05-14 15:15:47.939] [4045522][I][main.cpp:162] task_watchdog_heartbeat(): [GHC] T1 tick 8060  uptime 4045 s
[2026-05-14 15:15:50.633] [4048215][I][sensor_poll.cpp:359] task_sensor_poll(): [T5_SEN] [T5] iter 132 — woke from 30 s delay
[2026-05-14 15:15:50.642] [4048224][I][sensor_poll.cpp:395] task_sensor_poll(): [T5_SEN] [T5] iter 132 — polling FG6485A
[2026-05-14 15:15:50.675] [4048257][I][sensor_poll.cpp:432] task_sensor_poll(): [T5_SEN] [T5] iter 132 — polling S200
[2026-05-14 15:15:51.216] [4048795][I][sensor_poll.cpp:535] task_sensor_poll(): [T5_SEN] [T5] T=24°C RH=39% ws=0.0 m/s wd=0° | avg T=24 RH=39 ws=0.0 wd=0° [win T=12 RH=20 W=12]
[2026-05-14 15:15:51.236] [4048808][I][climate_control.cpp:434] task_climate_control(): [T6_CLI] [T6] T_avg=24 t_max=28 hyst=5 → step_t=0 | RH_avg=39 rh_max=75 rh_min=50 hyst=12 rh_en=1 → step_rh=0 | resolved=0 (was cur_t=0 cur_rh=0)
[2026-05-14 15:15:52.957] [4050540][I][main.cpp:162] task_watchdog_heartbeat(): [GHC] T1 tick 8070  uptime 4050 s
[2026-05-14 15:15:57.975] [4055558][I][main.cpp:162] task_watchdog_heartbeat(): [GHC] T1 tick 8080  uptime 4055 s
[2026-05-14 15:16:02.993] [4060576][I][main.cpp:162] task_watchdog_heartbeat(): [GHC] T1 tick 8090  uptime 4060 s
[2026-05-14 15:16:08.011] [4065594][I][main.cpp:162] task_watchdog_heartbeat(): [GHC] T1 tick 8100  uptime 4065 s
[2026-05-14 15:16:13.029] [4070612][I][main.cpp:162] task_watchdog_heartbeat(): [GHC] T1 tick 8110  uptime 4070 s
[2026-05-14 15:16:18.047] [4075630][I][main.cpp:162] task_watchdog_heartbeat(): [GHC] T1 tick 8120  uptime 4075 s
[2026-05-14 15:16:21.228] [4078809][I][sensor_poll.cpp:359] task_sensor_poll(): [T5_SEN] [T5] iter 133 — woke from 30 s delay
[2026-05-14 15:16:21.236] [4078818][I][sensor_poll.cpp:395] task_sensor_poll(): [T5_SEN] [T5] iter 133 — polling FG6485A
[2026-05-14 15:16:21.268] [4078850][I][sensor_poll.cpp:432] task_sensor_poll(): [T5_SEN] [T5] iter 133 — polling S200
[2026-05-14 15:16:21.810] [4079388][I][sensor_poll.cpp:535] task_sensor_poll(): [T5_SEN] [T5] T=24°C RH=39% ws=0.0 m/s wd=0° | avg T=24 RH=39 ws=0.0 wd=0° [win T=12 RH=20 W=12]
[2026-05-14 15:16:21.830] [4079401][I][climate_control.cpp:434] task_climate_control(): [T6_CLI] [T6] T_avg=24 t_max=28 hyst=5 → step_t=0 | RH_avg=39 rh_max=75 rh_min=50 hyst=12 rh_en=1 → step_rh=0 | resolved=0 (was cur_t=0 cur_rh=0)
[2026-05-14 15:16:23.066] [4080648][I][main.cpp:162] task_watchdog_heartbeat(): [GHC] T1 tick 8130  uptime 4080 s
[2026-05-14 15:16:28.084] [4085666][I][main.cpp:162] task_watchdog_heartbeat(): [GHC] T1 tick 8140  uptime 4085 s
[2026-05-14 15:16:33.102] [4090684][I][main.cpp:162] task_watchdog_heartbeat(): [GHC] T1 tick 8150  uptime 4090 s
[2026-05-14 15:16:37.810] [4095389][I][data_manager.cpp:230] read_rtc_and_seed_clock(): [T4] RTC: 2026-05-14 15:16:33 UTC  unix=1778771793  daytime=yes
[2026-05-14 15:16:38.120] [4095702][I][main.cpp:162] task_watchdog_heartbeat(): [GHC] T1 tick 8160  uptime 4095 s
[2026-05-14 15:16:43.138] [4100720][I][main.cpp:162] task_watchdog_heartbeat(): [GHC] T1 tick 8170  uptime 4100 s
[2026-05-14 15:16:48.156] [4105738][I][main.cpp:162] task_watchdog_heartbeat(): [GHC] T1 tick 8180  uptime 4105 s
[2026-05-14 15:16:51.821] [4109402][I][sensor_poll.cpp:359] task_sensor_poll(): [T5_SEN] [T5] iter 134 — woke from 30 s delay
[2026-05-14 15:16:51.829] [4109411][I][sensor_poll.cpp:395] task_sensor_poll(): [T5_SEN] [T5] iter 134 — polling FG6485A
[2026-05-14 15:16:51.862] [4109443][I][sensor_poll.cpp:432] task_sensor_poll(): [T5_SEN] [T5] iter 134 — polling S200
[2026-05-14 15:16:52.404] [4109982][I][sensor_poll.cpp:535] task_sensor_poll(): [T5_SEN] [T5] T=24°C RH=39% ws=0.0 m/s wd=0° | avg T=24 RH=39 ws=0.0 wd=0° [win T=12 RH=20 W=12]
[2026-05-14 15:16:52.424] [4109996][I][climate_control.cpp:434] task_climate_control(): [T6_CLI] [T6] T_avg=24 t_max=28 hyst=5 → step_t=0 | RH_avg=39 rh_max=75 rh_min=50 hyst=12 rh_en=1 → step_rh=0 | resolved=0 (was cur_t=0 cur_rh=0)
[2026-05-14 15:16:53.173] [4110756][I][main.cpp:162] task_watchdog_heartbeat(): [GHC] T1 tick 8190  uptime 4110 s
[2026-05-14 15:16:58.191] [4115774][I][main.cpp:162] task_watchdog_heartbeat(): [GHC] T1 tick 8200  uptime 4115 s
[2026-05-14 15:17:03.209] [4120792][I][main.cpp:162] task_watchdog_heartbeat(): [GHC] T1 tick 8210  uptime 4120 s
[2026-05-14 15:17:08.227] [4125810][I][main.cpp:162] task_watchdog_heartbeat(): [GHC] T1 tick 8220  uptime 4125 s
[2026-05-14 15:17:13.246] [4130828][I][main.cpp:162] task_watchdog_heartbeat(): [GHC] T1 tick 8230  uptime 4130 s
[2026-05-14 15:17:18.263] [4135846][I][main.cpp:162] task_watchdog_heartbeat(): [GHC] T1 tick 8240  uptime 4135 s
[2026-05-14 15:17:22.415] [4139996][I][sensor_poll.cpp:359] task_sensor_poll(): [T5_SEN] [T5] iter 135 — woke from 30 s delay
[2026-05-14 15:17:22.423] [4140005][I][sensor_poll.cpp:395] task_sensor_poll(): [T5_SEN] [T5] iter 135 — polling FG6485A
[2026-05-14 15:17:22.456] [4140037][I][sensor_poll.cpp:432] task_sensor_poll(): [T5_SEN] [T5] iter 135 — polling S200
[2026-05-14 15:17:22.998] [4140576][I][sensor_poll.cpp:535] task_sensor_poll(): [T5_SEN] [T5] T=24°C RH=39% ws=0.0 m/s wd=0° | avg T=24 RH=39 ws=0.0 wd=0° [win T=12 RH=20 W=12]
[2026-05-14 15:17:23.018] [4140589][I][climate_control.cpp:434] task_climate_control(): [T6_CLI] [T6] T_avg=24 t_max=28 hyst=5 → step_t=0 | RH_avg=39 rh_max=75 rh_min=50 hyst=12 rh_en=1 → step_rh=0 | resolved=0 (was cur_t=0 cur_rh=0)
[2026-05-14 15:17:23.282] [4140864][I][main.cpp:162] task_watchdog_heartbeat(): [GHC] T1 tick 8250  uptime 4140 s
[2026-05-14 15:17:28.300] [4145882][I][main.cpp:162] task_watchdog_heartbeat(): [GHC] T1 tick 8260  uptime 4145 s
[2026-05-14 15:17:33.318] [4150900][I][main.cpp:162] task_watchdog_heartbeat(): [GHC] T1 tick 8270  uptime 4150 s
[2026-05-14 15:17:36.998] [4154577][I][data_manager.cpp:230] read_rtc_and_seed_clock(): [T4] RTC: 2026-05-14 15:17:32 UTC  unix=1778771852  daytime=yes
[2026-05-14 15:17:38.336] [4155918][I][main.cpp:162] task_watchdog_heartbeat(): [GHC] T1 tick 8280  uptime 4155 s
[2026-05-14 15:17:43.354] [4160936][I][main.cpp:162] task_watchdog_heartbeat(): [GHC] T1 tick 8290  uptime 4160 s
[2026-05-14 15:17:48.372] [4165954][I][main.cpp:162] task_watchdog_heartbeat(): [GHC] T1 tick 8300  uptime 4165 s
[2026-05-14 15:17:53.009] [4170590][I][sensor_poll.cpp:359] task_sensor_poll(): [T5_SEN] [T5] iter 136 — woke from 30 s delay
[2026-05-14 15:17:53.018] [4170599][I][sensor_poll.cpp:395] task_sensor_poll(): [T5_SEN] [T5] iter 136 — polling FG6485A
[2026-05-14 15:17:53.050] [4170632][I][sensor_poll.cpp:432] task_sensor_poll(): [T5_SEN] [T5] iter 136 — polling S200
[2026-05-14 15:17:53.390] [4170972][I][main.cpp:162] task_watchdog_heartbeat(): [GHC] T1 tick 8310  uptime 4170 s
[2026-05-14 15:17:53.592] [4171170][I][sensor_poll.cpp:535] task_sensor_poll(): [T5_SEN] [T5] T=24°C RH=39% ws=0.0 m/s wd=0° | avg T=24 RH=39 ws=0.0 wd=0° [win T=12 RH=20 W=12]
[2026-05-14 15:17:53.612] [4171183][I][climate_control.cpp:434] task_climate_control(): [T6_CLI] [T6] T_avg=24 t_max=28 hyst=5 → step_t=0 | RH_avg=39 rh_max=75 rh_min=50 hyst=12 rh_en=1 → step_rh=0 | resolved=0 (was cur_t=0 cur_rh=0)
[2026-05-14 15:17:58.408] [4175990][I][main.cpp:162] task_watchdog_heartbeat(): [GHC] T1 tick 8320  uptime 4175 s
[2026-05-14 15:18:03.425] [4181007][I][main.cpp:162] task_watchdog_heartbeat(): [GHC] T1 tick 8330  uptime 4181 s
[2026-05-14 15:18:08.442] [4186024][I][main.cpp:162] task_watchdog_heartbeat(): [GHC] T1 tick 8340  uptime 4186 s
[2026-05-14 15:18:13.460] [4191042][I][main.cpp:162] task_watchdog_heartbeat(): [GHC] T1 tick 8350  uptime 4191 s
[2026-05-14 15:18:18.477] [4196059][I][main.cpp:162] task_watchdog_heartbeat(): [GHC] T1 tick 8360  uptime 4196 s
[2026-05-14 15:18:23.494] [4201076][I][main.cpp:162] task_watchdog_heartbeat(): [GHC] T1 tick 8370  uptime 4201 s
[2026-05-14 15:18:23.603] [4201184][I][sensor_poll.cpp:359] task_sensor_poll(): [T5_SEN] [T5] iter 137 — woke from 30 s delay
[2026-05-14 15:18:23.612] [4201193][I][sensor_poll.cpp:395] task_sensor_poll(): [T5_SEN] [T5] iter 137 — polling FG6485A
[2026-05-14 15:18:23.644] [4201225][I][sensor_poll.cpp:432] task_sensor_poll(): [T5_SEN] [T5] iter 137 — polling S200
[2026-05-14 15:18:24.185] [4201763][I][sensor_poll.cpp:535] task_sensor_poll(): [T5_SEN] [T5] T=24°C RH=39% ws=0.0 m/s wd=0° | avg T=24 RH=39 ws=0.0 wd=0° [win T=12 RH=20 W=12]
[2026-05-14 15:18:24.205] [4201776][I][climate_control.cpp:434] task_climate_control(): [T6_CLI] [T6] T_avg=24 t_max=28 hyst=5 → step_t=0 | RH_avg=39 rh_max=75 rh_min=50 hyst=12 rh_en=1 → step_rh=0 | resolved=0 (was cur_t=0 cur_rh=0)
[2026-05-14 15:18:28.512] [4206094][I][main.cpp:162] task_watchdog_heartbeat(): [GHC] T1 tick 8380  uptime 4206 s
[2026-05-14 15:18:33.530] [4211112][I][main.cpp:162] task_watchdog_heartbeat(): [GHC] T1 tick 8390  uptime 4211 s
[2026-05-14 15:18:36.186] [4213764][I][data_manager.cpp:230] read_rtc_and_seed_clock(): [T4] RTC: 2026-05-14 15:18:32 UTC  unix=1778771912  daytime=yes
[2026-05-14 15:18:38.547] [4216130][I][main.cpp:162] task_watchdog_heartbeat(): [GHC] T1 tick 8400  uptime 4216 s
[2026-05-14 15:18:38.556] [4216138][I][main.cpp:247] task_watchdog_heartbeat(): [GHC] stack T1  hwm=2044 B
[2026-05-14 15:18:38.562] [4216146][I][main.cpp:247] task_watchdog_heartbeat(): [GHC] stack T2  hwm=6380 B
[2026-05-14 15:18:38.570] [4216153][I][main.cpp:247] task_watchdog_heartbeat(): [GHC] stack T3  hwm=1980 B
[2026-05-14 15:18:38.578] [4216160][I][main.cpp:247] task_watchdog_heartbeat(): [GHC] stack T4  hwm=3980 B
[2026-05-14 15:18:38.584] [4216168][I][main.cpp:247] task_watchdog_heartbeat(): [GHC] stack T5  hwm=4252 B
[2026-05-14 15:18:38.593] [4216175][I][main.cpp:247] task_watchdog_heartbeat(): [GHC] stack T6  hwm=1676 B
[2026-05-14 15:18:38.599] [4216182][I][main.cpp:247] task_watchdog_heartbeat(): [GHC] stack T7  hwm=2464 B
[2026-05-14 15:18:38.607] [4216190][I][main.cpp:247] task_watchdog_heartbeat(): [GHC] stack T8  hwm=5740 B
[2026-05-14 15:18:38.613] [4216197][I][main.cpp:247] task_watchdog_heartbeat(): [GHC] stack T9  hwm=2524 B
[2026-05-14 15:18:38.622] [4216204][I][main.cpp:247] task_watchdog_heartbeat(): [GHC] stack T10 hwm=5632 B
[2026-05-14 15:18:38.628] [4216212][I][main.cpp:247] task_watchdog_heartbeat(): [GHC] stack T11 hwm=5536 B
[2026-05-14 15:18:38.636] [4216219][I][main.cpp:247] task_watchdog_heartbeat(): [GHC] stack T12 hwm=7464 B
[2026-05-14 15:18:38.645] [4216227][I][main.cpp:247] task_watchdog_heartbeat(): [GHC] stack T14 hwm=6708 B
[2026-05-14 15:18:38.652] [4216234][I][main.cpp:247] task_watchdog_heartbeat(): [GHC] stack T15 hwm=2376 B
[2026-05-14 15:18:43.669] [4221251][I][main.cpp:162] task_watchdog_heartbeat(): [GHC] T1 tick 8410  uptime 4221 s
[2026-05-14 15:18:48.687] [4226269][I][main.cpp:162] task_watchdog_heartbeat(): [GHC] T1 tick 8420  uptime 4226 s
[2026-05-14 15:18:53.705] [4231287][I][main.cpp:162] task_watchdog_heartbeat(): [GHC] T1 tick 8430  uptime 4231 s
[2026-05-14 15:18:54.196] [4231777][I][sensor_poll.cpp:359] task_sensor_poll(): [T5_SEN] [T5] iter 138 — woke from 30 s delay
[2026-05-14 15:18:54.205] [4231786][I][sensor_poll.cpp:395] task_sensor_poll(): [T5_SEN] [T5] iter 138 — polling FG6485A
[2026-05-14 15:18:54.237] [4231818][I][sensor_poll.cpp:432] task_sensor_poll(): [T5_SEN] [T5] iter 138 — polling S200
[2026-05-14 15:18:54.780] [4232357][I][sensor_poll.cpp:535] task_sensor_poll(): [T5_SEN] [T5] T=24°C RH=39% ws=0.0 m/s wd=0° | avg T=24 RH=39 ws=0.0 wd=0° [win T=12 RH=20 W=12]
[2026-05-14 15:18:54.800] [4232371][I][climate_control.cpp:434] task_climate_control(): [T6_CLI] [T6] T_avg=24 t_max=28 hyst=5 → step_t=0 | RH_avg=39 rh_max=75 rh_min=50 hyst=12 rh_en=1 → step_rh=0 | resolved=0 (was cur_t=0 cur_rh=0)
[2026-05-14 15:18:58.723] [4236305][I][main.cpp:162] task_watchdog_heartbeat(): [GHC] T1 tick 8440  uptime 4236 s
[2026-05-14 15:19:03.741] [4241323][I][main.cpp:162] task_watchdog_heartbeat(): [GHC] T1 tick 8450  uptime 4241 s
[2026-05-14 15:19:08.759] [4246341][I][main.cpp:162] task_watchdog_heartbeat(): [GHC] T1 tick 8460  uptime 4246 s
[2026-05-14 15:19:13.778] [4251359][I][main.cpp:162] task_watchdog_heartbeat(): [GHC] T1 tick 8470  uptime 4251 s
[2026-05-14 15:19:18.796] [4256377][I][main.cpp:162] task_watchdog_heartbeat(): [GHC] T1 tick 8480  uptime 4256 s
[2026-05-14 15:19:23.814] [4261395][I][main.cpp:162] task_watchdog_heartbeat(): [GHC] T1 tick 8490  uptime 4261 s
[2026-05-14 15:19:24.791] [4262371][I][sensor_poll.cpp:359] task_sensor_poll(): [T5_SEN] [T5] iter 139 — woke from 30 s delay
[2026-05-14 15:19:24.799] [4262380][I][sensor_poll.cpp:395] task_sensor_poll(): [T5_SEN] [T5] iter 139 — polling FG6485A
[2026-05-14 15:19:24.832] [4262412][I][sensor_poll.cpp:432] task_sensor_poll(): [T5_SEN] [T5] iter 139 — polling S200
[2026-05-14 15:19:25.374] [4262951][I][sensor_poll.cpp:535] task_sensor_poll(): [T5_SEN] [T5] T=24°C RH=39% ws=0.0 m/s wd=0° | avg T=24 RH=39 ws=0.0 wd=0° [win T=12 RH=20 W=12]
[2026-05-14 15:19:25.394] [4262964][I][climate_control.cpp:434] task_climate_control(): [T6_CLI] [T6] T_avg=24 t_max=28 hyst=5 → step_t=0 | RH_avg=39 rh_max=75 rh_min=50 hyst=12 rh_en=1 → step_rh=0 | resolved=0 (was cur_t=0 cur_rh=0)
[2026-05-14 15:19:28.832] [4266413][I][main.cpp:162] task_watchdog_heartbeat(): [GHC] T1 tick 8500  uptime 4266 s
[2026-05-14 15:19:33.850] [4271431][I][main.cpp:162] task_watchdog_heartbeat(): [GHC] T1 tick 8510  uptime 4271 s
[2026-05-14 15:19:35.374] [4272952][I][data_manager.cpp:230] read_rtc_and_seed_clock(): [T4] RTC: 2026-05-14 15:19:31 UTC  unix=1778771971  daytime=yes
[2026-05-14 15:19:38.868] [4276449][I][main.cpp:162] task_watchdog_heartbeat(): [GHC] T1 tick 8520  uptime 4276 s
[2026-05-14 15:19:43.886] [4281467][I][main.cpp:162] task_watchdog_heartbeat(): [GHC] T1 tick 8530  uptime 4281 s
[2026-05-14 15:19:48.904] [4286485][I][main.cpp:162] task_watchdog_heartbeat(): [GHC] T1 tick 8540  uptime 4286 s
[2026-05-14 15:19:53.922] [4291503][I][main.cpp:162] task_watchdog_heartbeat(): [GHC] T1 tick 8550  uptime 4291 s
[2026-05-14 15:19:55.385] [4292965][I][sensor_poll.cpp:359] task_sensor_poll(): [T5_SEN] [T5] iter 140 — woke from 30 s delay
[2026-05-14 15:19:55.393] [4292974][I][sensor_poll.cpp:395] task_sensor_poll(): [T5_SEN] [T5] iter 140 — polling FG6485A
[2026-05-14 15:19:55.426] [4293007][I][sensor_poll.cpp:432] task_sensor_poll(): [T5_SEN] [T5] iter 140 — polling S200
[2026-05-14 15:19:55.968] [4293545][I][sensor_poll.cpp:535] task_sensor_poll(): [T5_SEN] [T5] T=24°C RH=39% ws=0.0 m/s wd=0° | avg T=24 RH=39 ws=0.0 wd=0° [win T=12 RH=20 W=12]
[2026-05-14 15:19:55.988] [4293559][I][climate_control.cpp:434] task_climate_control(): [T6_CLI] [T6] T_avg=24 t_max=28 hyst=5 → step_t=0 | RH_avg=39 rh_max=75 rh_min=50 hyst=12 rh_en=1 → step_rh=0 | resolved=0 (was cur_t=0 cur_rh=0)
[2026-05-14 15:19:58.940] [4296521][I][main.cpp:162] task_watchdog_heartbeat(): [GHC] T1 tick 8560  uptime 4296 s
[2026-05-14 15:20:03.957] [4301539][I][main.cpp:162] task_watchdog_heartbeat(): [GHC] T1 tick 8570  uptime 4301 s
[2026-05-14 15:20:08.975] [4306557][I][main.cpp:162] task_watchdog_heartbeat(): [GHC] T1 tick 8580  uptime 4306 s
[2026-05-14 15:20:13.994] [4311575][I][main.cpp:162] task_watchdog_heartbeat(): [GHC] T1 tick 8590  uptime 4311 s
[2026-05-14 15:20:19.012] [4316593][I][main.cpp:162] task_watchdog_heartbeat(): [GHC] T1 tick 8600  uptime 4316 s
[2026-05-14 15:20:24.030] [4321611][I][main.cpp:162] task_watchdog_heartbeat(): [GHC] T1 tick 8610  uptime 4321 s
[2026-05-14 15:20:25.979] [4323559][I][sensor_poll.cpp:359] task_sensor_poll(): [T5_SEN] [T5] iter 141 — woke from 30 s delay
[2026-05-14 15:20:25.987] [4323568][I][sensor_poll.cpp:395] task_sensor_poll(): [T5_SEN] [T5] iter 141 — polling FG6485A
[2026-05-14 15:20:26.021] [4323601][I][sensor_poll.cpp:432] task_sensor_poll(): [T5_SEN] [T5] iter 141 — polling S200
[2026-05-14 15:20:26.562] [4324139][I][sensor_poll.cpp:535] task_sensor_poll(): [T5_SEN] [T5] T=24°C RH=39% ws=0.0 m/s wd=0° | avg T=24 RH=39 ws=0.0 wd=0° [win T=12 RH=20 W=12]
[2026-05-14 15:20:26.582] [4324152][I][climate_control.cpp:434] task_climate_control(): [T6_CLI] [T6] T_avg=24 t_max=28 hyst=5 → step_t=0 | RH_avg=39 rh_max=75 rh_min=50 hyst=12 rh_en=1 → step_rh=0 | resolved=0 (was cur_t=0 cur_rh=0)
[2026-05-14 15:20:29.048] [4326629][I][main.cpp:162] task_watchdog_heartbeat(): [GHC] T1 tick 8620  uptime 4326 s
[2026-05-14 15:20:34.066] [4331647][I][main.cpp:162] task_watchdog_heartbeat(): [GHC] T1 tick 8630  uptime 4331 s
[2026-05-14 15:20:34.562] [4332140][I][data_manager.cpp:230] read_rtc_and_seed_clock(): [T4] RTC: 2026-05-14 15:20:30 UTC  unix=1778772030  daytime=yes
[2026-05-14 15:20:39.084] [4336665][I][main.cpp:162] task_watchdog_heartbeat(): [GHC] T1 tick 8640  uptime 4336 s
[2026-05-14 15:20:44.102] [4341683][I][main.cpp:162] task_watchdog_heartbeat(): [GHC] T1 tick 8650  uptime 4341 s
[2026-05-14 15:20:49.120] [4346701][I][main.cpp:162] task_watchdog_heartbeat(): [GHC] T1 tick 8660  uptime 4346 s
[2026-05-14 15:20:54.138] [4351719][I][main.cpp:162] task_watchdog_heartbeat(): [GHC] T1 tick 8670  uptime 4351 s
[2026-05-14 15:20:56.573] [4354153][I][sensor_poll.cpp:359] task_sensor_poll(): [T5_SEN] [T5] iter 142 — woke from 30 s delay
[2026-05-14 15:20:56.582] [4354162][I][sensor_poll.cpp:395] task_sensor_poll(): [T5_SEN] [T5] iter 142 — polling FG6485A
[2026-05-14 15:20:56.614] [4354194][I][sensor_poll.cpp:432] task_sensor_poll(): [T5_SEN] [T5] iter 142 — polling S200
[2026-05-14 15:20:57.157] [4354733][I][sensor_poll.cpp:535] task_sensor_poll(): [T5_SEN] [T5] T=24°C RH=39% ws=0.0 m/s wd=0° | avg T=24 RH=39 ws=0.0 wd=0° [win T=12 RH=20 W=12]
[2026-05-14 15:20:57.177] [4354747][I][climate_control.cpp:434] task_climate_control(): [T6_CLI] [T6] T_avg=24 t_max=28 hyst=5 → step_t=0 | RH_avg=39 rh_max=75 rh_min=50 hyst=12 rh_en=1 → step_rh=0 | resolved=0 (was cur_t=0 cur_rh=0)
[2026-05-14 15:20:59.155] [4356736][I][main.cpp:162] task_watchdog_heartbeat(): [GHC] T1 tick 8680  uptime 4356 s
[2026-05-14 15:21:04.173] [4361754][I][main.cpp:162] task_watchdog_heartbeat(): [GHC] T1 tick 8690  uptime 4361 s
[2026-05-14 15:21:09.190] [4366771][I][main.cpp:162] task_watchdog_heartbeat(): [GHC] T1 tick 8700  uptime 4366 s
[2026-05-14 15:21:14.208] [4371789][I][main.cpp:162] task_watchdog_heartbeat(): [GHC] T1 tick 8710  uptime 4371 s
[2026-05-14 15:21:19.226] [4376807][I][main.cpp:162] task_watchdog_heartbeat(): [GHC] T1 tick 8720  uptime 4376 s
[2026-05-14 15:21:24.244] [4381825][I][main.cpp:162] task_watchdog_heartbeat(): [GHC] T1 tick 8730  uptime 4381 s
[2026-05-14 15:21:27.168] [4384747][I][sensor_poll.cpp:359] task_sensor_poll(): [T5_SEN] [T5] iter 143 — woke from 30 s delay
[2026-05-14 15:21:27.176] [4384756][I][sensor_poll.cpp:395] task_sensor_poll(): [T5_SEN] [T5] iter 143 — polling FG6485A
[2026-05-14 15:21:27.208] [4384789][I][sensor_poll.cpp:432] task_sensor_poll(): [T5_SEN] [T5] iter 143 — polling S200
[2026-05-14 15:21:27.751] [4385327][I][sensor_poll.cpp:535] task_sensor_poll(): [T5_SEN] [T5] T=24°C RH=39% ws=0.0 m/s wd=0° | avg T=24 RH=39 ws=0.0 wd=0° [win T=12 RH=20 W=12]
[2026-05-14 15:21:27.771] [4385341][I][climate_control.cpp:434] task_climate_control(): [T6_CLI] [T6] T_avg=24 t_max=28 hyst=5 → step_t=0 | RH_avg=39 rh_max=75 rh_min=50 hyst=12 rh_en=1 → step_rh=0 | resolved=0 (was cur_t=0 cur_rh=0)
[2026-05-14 15:21:29.262] [4386843][I][main.cpp:162] task_watchdog_heartbeat(): [GHC] T1 tick 8740  uptime 4386 s
[2026-05-14 15:21:33.751] [4391328][I][data_manager.cpp:230] read_rtc_and_seed_clock(): [T4] RTC: 2026-05-14 15:21:29 UTC  unix=1778772089  daytime=yes
[2026-05-14 15:21:34.280] [4391861][I][main.cpp:162] task_watchdog_heartbeat(): [GHC] T1 tick 8750  uptime 4391 s
[2026-05-14 15:21:39.298] [4396879][I][main.cpp:162] task_watchdog_heartbeat(): [GHC] T1 tick 8760  uptime 4396 s
[2026-05-14 15:21:44.316] [4401897][I][main.cpp:162] task_watchdog_heartbeat(): [GHC] T1 tick 8770  uptime 4401 s
[2026-05-14 15:21:49.334] [4406915][I][main.cpp:162] task_watchdog_heartbeat(): [GHC] T1 tick 8780  uptime 4406 s
[2026-05-14 15:21:54.353] [4411933][I][main.cpp:162] task_watchdog_heartbeat(): [GHC] T1 tick 8790  uptime 4411 s
[2026-05-14 15:21:57.762] [4415341][I][sensor_poll.cpp:359] task_sensor_poll(): [T5_SEN] [T5] iter 144 — woke from 30 s delay
[2026-05-14 15:21:57.770] [4415350][I][sensor_poll.cpp:395] task_sensor_poll(): [T5_SEN] [T5] iter 144 — polling FG6485A
[2026-05-14 15:21:57.803] [4415383][I][sensor_poll.cpp:432] task_sensor_poll(): [T5_SEN] [T5] iter 144 — polling S200
[2026-05-14 15:21:58.345] [4415921][I][sensor_poll.cpp:535] task_sensor_poll(): [T5_SEN] [T5] T=24°C RH=39% ws=0.0 m/s wd=0° | avg T=24 RH=39 ws=0.0 wd=0° [win T=12 RH=20 W=12]
[2026-05-14 15:21:58.365] [4415935][I][climate_control.cpp:434] task_climate_control(): [T6_CLI] [T6] T_avg=24 t_max=28 hyst=5 → step_t=0 | RH_avg=39 rh_max=75 rh_min=50 hyst=12 rh_en=1 → step_rh=0 | resolved=0 (was cur_t=0 cur_rh=0)
[2026-05-14 15:21:59.370] [4416951][I][main.cpp:162] task_watchdog_heartbeat(): [GHC] T1 tick 8800  uptime 4416 s
[2026-05-14 15:22:04.388] [4421969][I][main.cpp:162] task_watchdog_heartbeat(): [GHC] T1 tick 8810  uptime 4421 s
[2026-05-14 15:22:09.407] [4426987][I][main.cpp:162] task_watchdog_heartbeat(): [GHC] T1 tick 8820  uptime 4426 s
[2026-05-14 15:22:14.425] [4432005][I][main.cpp:162] task_watchdog_heartbeat(): [GHC] T1 tick 8830  uptime 4432 s
[2026-05-14 15:22:19.443] [4437023][I][main.cpp:162] task_watchdog_heartbeat(): [GHC] T1 tick 8840  uptime 4437 s
[2026-05-14 15:22:24.461] [4442041][I][main.cpp:162] task_watchdog_heartbeat(): [GHC] T1 tick 8850  uptime 4442 s
[2026-05-14 15:22:28.356] [4445935][I][sensor_poll.cpp:359] task_sensor_poll(): [T5_SEN] [T5] iter 145 — woke from 30 s delay
[2026-05-14 15:22:28.364] [4445944][I][sensor_poll.cpp:395] task_sensor_poll(): [T5_SEN] [T5] iter 145 — polling FG6485A
[2026-05-14 15:22:28.396] [4445976][I][sensor_poll.cpp:432] task_sensor_poll(): [T5_SEN] [T5] iter 145 — polling S200
[2026-05-14 15:22:28.938] [4446514][I][sensor_poll.cpp:535] task_sensor_poll(): [T5_SEN] [T5] T=24°C RH=39% ws=0.0 m/s wd=0° | avg T=24 RH=39 ws=0.0 wd=0° [win T=12 RH=20 W=12]
[2026-05-14 15:22:28.958] [4446527][I][climate_control.cpp:434] task_climate_control(): [T6_CLI] [T6] T_avg=24 t_max=28 hyst=5 → step_t=0 | RH_avg=39 rh_max=75 rh_min=50 hyst=12 rh_en=1 → step_rh=0 | resolved=0 (was cur_t=0 cur_rh=0)
[2026-05-14 15:22:29.479] [4447059][I][main.cpp:162] task_watchdog_heartbeat(): [GHC] T1 tick 8860  uptime 4447 s
[2026-05-14 15:22:32.938] [4450515][I][data_manager.cpp:230] read_rtc_and_seed_clock(): [T4] RTC: 2026-05-14 15:22:28 UTC  unix=1778772148  daytime=yes
[2026-05-14 15:22:34.497] [4452077][I][main.cpp:162] task_watchdog_heartbeat(): [GHC] T1 tick 8870  uptime 4452 s
[2026-05-14 15:22:39.515] [4457095][I][main.cpp:162] task_watchdog_heartbeat(): [GHC] T1 tick 8880  uptime 4457 s
[2026-05-14 15:22:44.533] [4462113][I][main.cpp:162] task_watchdog_heartbeat(): [GHC] T1 tick 8890  uptime 4462 s
[2026-05-14 15:22:49.551] [4467131][I][main.cpp:162] task_watchdog_heartbeat(): [GHC] T1 tick 8900  uptime 4467 s
[2026-05-14 15:22:54.569] [4472149][I][main.cpp:162] task_watchdog_heartbeat(): [GHC] T1 tick 8910  uptime 4472 s
[2026-05-14 15:22:58.949] [4476528][I][sensor_poll.cpp:359] task_sensor_poll(): [T5_SEN] [T5] iter 146 — woke from 30 s delay
[2026-05-14 15:22:58.957] [4476537][I][sensor_poll.cpp:395] task_sensor_poll(): [T5_SEN] [T5] iter 146 — polling FG6485A
[2026-05-14 15:22:58.990] [4476569][I][sensor_poll.cpp:432] task_sensor_poll(): [T5_SEN] [T5] iter 146 — polling S200
[2026-05-14 15:22:59.532] [4477108][I][sensor_poll.cpp:535] task_sensor_poll(): [T5_SEN] [T5] T=24°C RH=39% ws=0.0 m/s wd=0° | avg T=24 RH=39 ws=0.0 wd=0° [win T=12 RH=20 W=12]
[2026-05-14 15:22:59.552] [4477122][I][climate_control.cpp:434] task_climate_control(): [T6_CLI] [T6] T_avg=24 t_max=28 hyst=5 → step_t=0 | RH_avg=39 rh_max=75 rh_min=50 hyst=12 rh_en=1 → step_rh=0 | resolved=0 (was cur_t=0 cur_rh=0)
[2026-05-14 15:22:59.587] [4477167][I][main.cpp:162] task_watchdog_heartbeat(): [GHC] T1 tick 8920  uptime 4477 s
[2026-05-14 15:23:04.605] [4482185][I][main.cpp:162] task_watchdog_heartbeat(): [GHC] T1 tick 8930  uptime 4482 s
[2026-05-14 15:23:09.623] [4487203][I][main.cpp:162] task_watchdog_heartbeat(): [GHC] T1 tick 8940  uptime 4487 s
[2026-05-14 15:23:14.641] [4492221][I][main.cpp:162] task_watchdog_heartbeat(): [GHC] T1 tick 8950  uptime 4492 s
[2026-05-14 15:23:19.659] [4497239][I][main.cpp:162] task_watchdog_heartbeat(): [GHC] T1 tick 8960  uptime 4497 s
[2026-05-14 15:23:24.677] [4502257][I][main.cpp:162] task_watchdog_heartbeat(): [GHC] T1 tick 8970  uptime 4502 s
[2026-05-14 15:23:29.543] [4507122][I][sensor_poll.cpp:359] task_sensor_poll(): [T5_SEN] [T5] iter 147 — woke from 30 s delay
[2026-05-14 15:23:29.551] [4507131][I][sensor_poll.cpp:395] task_sensor_poll(): [T5_SEN] [T5] iter 147 — polling FG6485A
[2026-05-14 15:23:29.584] [4507163][I][sensor_poll.cpp:432] task_sensor_poll(): [T5_SEN] [T5] iter 147 — polling S200
[2026-05-14 15:23:29.695] [4507275][I][main.cpp:162] task_watchdog_heartbeat(): [GHC] T1 tick 8980  uptime 4507 s
[2026-05-14 15:23:30.126] [4507702][I][sensor_poll.cpp:535] task_sensor_poll(): [T5_SEN] [T5] T=24°C RH=39% ws=0.0 m/s wd=0° | avg T=24 RH=39 ws=0.0 wd=0° [win T=12 RH=20 W=12]
[2026-05-14 15:23:30.146] [4507715][I][climate_control.cpp:434] task_climate_control(): [T6_CLI] [T6] T_avg=24 t_max=28 hyst=5 → step_t=0 | RH_avg=39 rh_max=75 rh_min=50 hyst=12 rh_en=1 → step_rh=0 | resolved=0 (was cur_t=0 cur_rh=0)
[2026-05-14 15:23:32.126] [4509703][I][data_manager.cpp:230] read_rtc_and_seed_clock(): [T4] RTC: 2026-05-14 15:23:28 UTC  unix=1778772208  daytime=yes
[2026-05-14 15:23:34.713] [4512293][I][main.cpp:162] task_watchdog_heartbeat(): [GHC] T1 tick 8990  uptime 4512 s
[2026-05-14 15:23:39.731] [4517311][I][main.cpp:162] task_watchdog_heartbeat(): [GHC] T1 tick 9000  uptime 4517 s
[2026-05-14 15:23:44.749] [4522329][I][main.cpp:162] task_watchdog_heartbeat(): [GHC] T1 tick 9010  uptime 4522 s
[2026-05-14 15:23:49.767] [4527347][I][main.cpp:162] task_watchdog_heartbeat(): [GHC] T1 tick 9020  uptime 4527 s
[2026-05-14 15:23:54.785] [4532365][I][main.cpp:162] task_watchdog_heartbeat(): [GHC] T1 tick 9030  uptime 4532 s
[2026-05-14 15:23:59.803] [4537383][I][main.cpp:162] task_watchdog_heartbeat(): [GHC] T1 tick 9040  uptime 4537 s
[2026-05-14 15:24:00.137] [4537716][I][sensor_poll.cpp:359] task_sensor_poll(): [T5_SEN] [T5] iter 148 — woke from 30 s delay
[2026-05-14 15:24:00.146] [4537725][I][sensor_poll.cpp:395] task_sensor_poll(): [T5_SEN] [T5] iter 148 — polling FG6485A
[2026-05-14 15:24:00.179] [4537758][I][sensor_poll.cpp:432] task_sensor_poll(): [T5_SEN] [T5] iter 148 — polling S200
[2026-05-14 15:24:00.720] [4538296][I][sensor_poll.cpp:535] task_sensor_poll(): [T5_SEN] [T5] T=24°C RH=39% ws=0.0 m/s wd=0° | avg T=24 RH=39 ws=0.0 wd=0° [win T=12 RH=20 W=12]
[2026-05-14 15:24:00.740] [4538309][I][climate_control.cpp:434] task_climate_control(): [T6_CLI] [T6] T_avg=24 t_max=28 hyst=5 → step_t=0 | RH_avg=39 rh_max=75 rh_min=50 hyst=12 rh_en=1 → step_rh=0 | resolved=0 (was cur_t=0 cur_rh=0)
[2026-05-14 15:24:04.821] [4542401][I][main.cpp:162] task_watchdog_heartbeat(): [GHC] T1 tick 9050  uptime 4542 s
[2026-05-14 15:24:09.839] [4547419][I][main.cpp:162] task_watchdog_heartbeat(): [GHC] T1 tick 9060  uptime 4547 s
[2026-05-14 15:24:14.857] [4552437][I][main.cpp:162] task_watchdog_heartbeat(): [GHC] T1 tick 9070  uptime 4552 s
[2026-05-14 15:24:19.875] [4557455][I][main.cpp:162] task_watchdog_heartbeat(): [GHC] T1 tick 9080  uptime 4557 s
[2026-05-14 15:24:24.893] [4562473][I][main.cpp:162] task_watchdog_heartbeat(): [GHC] T1 tick 9090  uptime 4562 s
[2026-05-14 15:24:29.911] [4567491][I][main.cpp:162] task_watchdog_heartbeat(): [GHC] T1 tick 9100  uptime 4567 s
[2026-05-14 15:24:30.731] [4568310][I][sensor_poll.cpp:359] task_sensor_poll(): [T5_SEN] [T5] iter 149 — woke from 30 s delay
[2026-05-14 15:24:30.740] [4568319][I][sensor_poll.cpp:395] task_sensor_poll(): [T5_SEN] [T5] iter 149 — polling FG6485A
[2026-05-14 15:24:30.772] [4568351][I][sensor_poll.cpp:432] task_sensor_poll(): [T5_SEN] [T5] iter 149 — polling S200
[2026-05-14 15:24:31.316] [4568889][I][sensor_poll.cpp:535] task_sensor_poll(): [T5_SEN] [T5] T=24°C RH=39% ws=0.0 m/s wd=0° | avg T=24 RH=39 ws=0.0 wd=0° [win [4568890][I]T=12 RH=20 [data_manageW=12]
[2026-05-14 15:24:31.325] r.cpp:230] read_rtc_and_seed_clock(): [T4] RTC: 2026-05-14 15:24:27 UTC  unix=1778772267  daytime=yes
[2026-05-14 15:24:31.345] [4568914][I][climate_control.cpp:434] task_climate_control(): [T6_CLI] [T6] T_avg=24 t_max=28 hyst=5 → step_t=0 | RH_avg=39 rh_max=75 rh_min=50 hyst=12 rh_en=1 → step_rh=0 | resolved=0 (was cur_t=0 cur_rh=0)
[2026-05-14 15:24:34.929] [4572509][I][main.cpp:162] task_watchdog_heartbeat(): [GHC] T1 tick 9110  uptime 4572 s
[2026-05-14 15:24:39.947] [4577527][I][main.cpp:162] task_watchdog_heartbeat(): [GHC] T1 tick 9120  uptime 4577 s
[2026-05-14 15:24:44.965] [4582545][I][main.cpp:162] task_watchdog_heartbeat(): [GHC] T1 tick 9130  uptime 4582 s
[2026-05-14 15:24:49.983] [4587563][I][main.cpp:162] task_watchdog_heartbeat(): [GHC] T1 tick 9140  uptime 4587 s
[2026-05-14 15:24:55.001] [4592581][I][main.cpp:162] task_watchdog_heartbeat(): [GHC] T1 tick 9150  uptime 4592 s
[2026-05-14 15:25:00.019] [4597599][I][main.cpp:162] task_watchdog_heartbeat(): [GHC] T1 tick 9160  uptime 4597 s
[2026-05-14 15:25:01.335] [4598914][I][sensor_poll.cpp:359] task_sensor_poll(): [T5_SEN] [T5] iter 150 — woke from 30 s delay
[2026-05-14 15:25:01.344] [4598923][I][sensor_poll.cpp:395] task_sensor_poll(): [T5_SEN] [T5] iter 150 — polling FG6485A
[2026-05-14 15:25:01.376] [4598955][I][sensor_poll.cpp:432] task_sensor_poll(): [T5_SEN] [T5] iter 150 — polling S200
[2026-05-14 15:25:01.918] [4599493][I][sensor_poll.cpp:535] task_sensor_poll(): [T5_SEN] [T5] T=24°C RH=39% ws=0.0 m/s wd=0° | avg T=24 RH=39 ws=0.0 wd=0° [win T=12 RH=20 W=12]
[2026-05-14 15:25:01.938] [4599506][I][climate_control.cpp:434] task_climate_control(): [T6_CLI] [T6] T_avg=24 t_max=28 hyst=5 → step_t=0 | RH_avg=39 rh_max=75 rh_min=50 hyst=12 rh_en=1 → step_rh=0 | resolved=0 (was cur_t=0 cur_rh=0)
[2026-05-14 15:25:05.037] [4602617][I][main.cpp:162] task_watchdog_heartbeat(): [GHC] T1 tick 9170  uptime 4602 s
[2026-05-14 15:25:10.055] [4607635][I][main.cpp:162] task_watchdog_heartbeat(): [GHC] T1 tick 9180  uptime 4607 s
[2026-05-14 15:25:15.074] [4612653][I][main.cpp:162] task_watchdog_heartbeat(): [GHC] T1 tick 9190  uptime 4612 s
[2026-05-14 15:25:20.091] [4617670][I][main.cpp:162] task_watchdog_heartbeat(): [GHC] T1 tick 9200  uptime 4617 s
[2026-05-14 15:25:25.109] [4622688][I][main.cpp:162] task_watchdog_heartbeat(): [GHC] T1 tick 9210  uptime 4622 s
[2026-05-14 15:25:30.127] [4627706][I][main.cpp:162] task_watchdog_heartbeat(): [GHC] T1 tick 9220  uptime 4627 s
[2026-05-14 15:25:30.918] [4628494][I][data_manager.cpp:230] read_rtc_and_seed_clock(): [T4] RTC: 2026-05-14 15:25:26 UTC  unix=1778772326  daytime=yes
[2026-05-14 15:25:31.929] [4629507][I][sensor_poll.cpp:359] task_sensor_poll(): [T5_SEN] [T5] iter 151 — woke from 30 s delay
[2026-05-14 15:25:31.937] [4629516][I][sensor_poll.cpp:395] task_sensor_poll(): [T5_SEN] [T5] iter 151 — polling FG6485A
[2026-05-14 15:25:31.970] [4629548][I][sensor_poll.cpp:432] task_sensor_poll(): [T5_SEN] [T5] iter 151 — polling S200
[2026-05-14 15:25:32.512] [4630087][I][sensor_poll.cpp:535] task_sensor_poll(): [T5_SEN] [T5] T=24°C RH=39% ws=0.0 m/s wd=0° | avg T=24 RH=39 ws=0.0 wd=0° [win T=12 RH=20 W=12]
[2026-05-14 15:25:32.532] [4630100][I][climate_control.cpp:434] task_climate_control(): [T6_CLI] [T6] T_avg=24 t_max=28 hyst=5 → step_t=0 | RH_avg=39 rh_max=75 rh_min=50 hyst=12 rh_en=1 → step_rh=0 | resolved=0 (was cur_t=0 cur_rh=0)
[2026-05-14 15:25:35.145] [4632724][I][main.cpp:162] task_watchdog_heartbeat(): [GHC] T1 tick 9230  uptime 4632 s
[2026-05-14 15:25:40.163] [4637742][I][main.cpp:162] task_watchdog_heartbeat(): [GHC] T1 tick 9240  uptime 4637 s
[2026-05-14 15:25:45.181] [4642760][I][main.cpp:162] task_watchdog_heartbeat(): [GHC] T1 tick 9250  uptime 4642 s
[2026-05-14 15:25:50.199] [4647778][I][main.cpp:162] task_watchdog_heartbeat(): [GHC] T1 tick 9260  uptime 4647 s
[2026-05-14 15:25:55.217] [4652796][I][main.cpp:162] task_watchdog_heartbeat(): [GHC] T1 tick 9270  uptime 4652 s
[2026-05-14 15:26:00.235] [4657814][I][main.cpp:162] task_watchdog_heartbeat(): [GHC] T1 tick 9280  uptime 4657 s
[2026-05-14 15:26:02.523] [4660101][I][sensor_poll.cpp:359] task_sensor_poll(): [T5_SEN] [T5] iter 152 — woke from 30 s delay
[2026-05-14 15:26:02.531] [4660110][I][sensor_poll.cpp:395] task_sensor_poll(): [T5_SEN] [T5] iter 152 — polling FG6485A
[2026-05-14 15:26:02.564] [4660143][I][sensor_poll.cpp:432] task_sensor_poll(): [T5_SEN] [T5] iter 152 — polling S200
[2026-05-14 15:26:03.106] [4660681][I][sensor_poll.cpp:535] task_sensor_poll(): [T5_SEN] [T5] T=24°C RH=39% ws=0.0 m/s wd=0° | avg T=24 RH=39 ws=0.0 wd=0° [win T=12 RH=20 W=12]
[2026-05-14 15:26:03.126] [4660695][I][climate_control.cpp:434] task_climate_control(): [T6_CLI] [T6] T_avg=24 t_max=28 hyst=5 → step_t=0 | RH_avg=39 rh_max=75 rh_min=50 hyst=12 rh_en=1 → step_rh=0 | resolved=0 (was cur_t=0 cur_rh=0)
[2026-05-14 15:26:05.253] [4662832][I][main.cpp:162] task_watchdog_heartbeat(): [GHC] T1 tick 9290  uptime 4662 s
[2026-05-14 15:26:10.271] [4667850][I][main.cpp:162] task_watchdog_heartbeat(): [GHC] T1 tick 9300  uptime 4667 s
[2026-05-14 15:26:15.289] [4672868][I][main.cpp:162] task_watchdog_heartbeat(): [GHC] T1 tick 9310  uptime 4672 s
[2026-05-14 15:26:20.307] [4677886][I][main.cpp:162] task_watchdog_heartbeat(): [GHC] T1 tick 9320  uptime 4677 s
[2026-05-14 15:26:25.325] [4682904][I][main.cpp:162] task_watchdog_heartbeat(): [GHC] T1 tick 9330  uptime 4682 s
[2026-05-14 15:26:30.106] [4687682][I][data_manager.cpp:230] read_rtc_and_seed_clock(): [T4] RTC: 2026-05-14 15:26:25 UTC  unix=1778772385  daytime=yes
[2026-05-14 15:26:30.343] [4687922][I][main.cpp:162] task_watchdog_heartbeat(): [GHC] T1 tick 9340  uptime 4687 s
[2026-05-14 15:26:33.117] [4690695][I][sensor_poll.cpp:359] task_sensor_poll(): [T5_SEN] [T5] iter 153 — woke from 30 s delay
[2026-05-14 15:26:33.126] [4690704][I][sensor_poll.cpp:395] task_sensor_poll(): [T5_SEN] [T5] iter 153 — polling FG6485A
[2026-05-14 15:26:33.158] [4690736][I][sensor_poll.cpp:432] task_sensor_poll(): [T5_SEN] [T5] iter 153 — polling S200
[2026-05-14 15:26:33.699] [4691274][I][sensor_poll.cpp:535] task_sensor_poll(): [T5_SEN] [T5] T=24°C RH=38% ws=0.0 m/s wd=0° | avg T=24 RH=39 ws=0.0 wd=0° [win T=12 RH=20 W=12]
[2026-05-14 15:26:33.719] [4691287][I][climate_control.cpp:434] task_climate_control(): [T6_CLI] [T6] T_avg=24 t_max=28 hyst=5 → step_t=0 | RH_avg=39 rh_max=75 rh_min=50 hyst=12 rh_en=1 → step_rh=0 | resolved=0 (was cur_t=0 cur_rh=0)
[2026-05-14 15:26:35.361] [4692940][I][main.cpp:162] task_watchdog_heartbeat(): [GHC] T1 tick 9350  uptime 4692 s
[2026-05-14 15:26:40.379] [4697958][I][main.cpp:162] task_watchdog_heartbeat(): [GHC] T1 tick 9360  uptime 4697 s
[2026-05-14 15:26:45.397] [4702976][I][main.cpp:162] task_watchdog_heartbeat(): [GHC] T1 tick 9370  uptime 4702 s
[2026-05-14 15:26:50.415] [4707994][I][main.cpp:162] task_watchdog_heartbeat(): [GHC] T1 tick 9380  uptime 4707 s
[2026-05-14 15:26:55.433] [4713012][I][main.cpp:162] task_watchdog_heartbeat(): [GHC] T1 tick 9390  uptime 4713 s
[2026-05-14 15:27:00.451] [4718030][I][main.cpp:162] task_watchdog_heartbeat(): [GHC] T1 tick 9400  uptime 4718 s
[2026-05-14 15:27:03.710] [4721288][I][sensor_poll.cpp:359] task_sensor_poll(): [T5_SEN] [T5] iter 154 — woke from 30 s delay
[2026-05-14 15:27:03.719] [4721297][I][sensor_poll.cpp:395] task_sensor_poll(): [T5_SEN] [T5] iter 154 — polling FG6485A
[2026-05-14 15:27:03.751] [4721329][I][sensor_poll.cpp:432] task_sensor_poll(): [T5_SEN] [T5] iter 154 — polling S200
[2026-05-14 15:27:04.292] [4721867][I][sensor_poll.cpp:535] task_sensor_poll(): [T5_SEN] [T5] T=24°C RH=38% ws=0.0 m/s wd=0° | avg T=24 RH=39 ws=0.0 wd=0° [win T=12 RH=20 W=12]
[2026-05-14 15:27:04.312] [4721881][I][climate_control.cpp:434] task_climate_control(): [T6_CLI] [T6] T_avg=24 t_max=28 hyst=5 → step_t=0 | RH_avg=39 rh_max=75 rh_min=50 hyst=12 rh_en=1 → step_rh=0 | resolved=0 (was cur_t=0 cur_rh=0)
[2026-05-14 15:27:05.469] [4723048][I][main.cpp:162] task_watchdog_heartbeat(): [GHC] T1 tick 9410  uptime 4723 s
[2026-05-14 15:27:10.487] [4728066][I][main.cpp:162] task_watchdog_heartbeat(): [GHC] T1 tick 9420  uptime 4728 s
[2026-05-14 15:27:15.505] [4733084][I][main.cpp:162] task_watchdog_heartbeat(): [GHC] T1 tick 9430  uptime 4733 s
[2026-05-14 15:27:20.523] [4738102][I][main.cpp:162] task_watchdog_heartbeat(): [GHC] T1 tick 9440  uptime 4738 s
[2026-05-14 15:27:25.541] [4743120][I][main.cpp:162] task_watchdog_heartbeat(): [GHC] T1 tick 9450  uptime 4743 s
[2026-05-14 15:27:29.293] [4746868][I][data_manager.cpp:230] read_rtc_and_seed_clock(): [T4] RTC: 2026-05-14 15:27:25 UTC  unix=1778772445  daytime=yes
[2026-05-14 15:27:30.559] [4748138][I][main.cpp:162] task_watchdog_heartbeat(): [GHC] T1 tick 9460  uptime 4748 s
[2026-05-14 15:27:34.303] [4751881][I][sensor_poll.cpp:359] task_sensor_poll(): [T5_SEN] [T5] iter 155 — woke from 30 s delay
[2026-05-14 15:27:34.312] [4751890][I][sensor_poll.cpp:395] task_sensor_poll(): [T5_SEN] [T5] iter 155 — polling FG6485A
[2026-05-14 15:27:34.344] [4751922][I][sensor_poll.cpp:432] task_sensor_poll(): [T5_SEN] [T5] iter 155 — polling S200
[2026-05-14 15:27:34.887] [4752461][I][sensor_poll.cpp:535] task_sensor_poll(): [T5_SEN] [T5] T=24°C RH=38% ws=0.0 m/s wd=0° | avg T=24 RH=39 ws=0.0 wd=0° [win T=12 RH=20 W=12]
[2026-05-14 15:27:34.906] [4752474][I][climate_control.cpp:434] task_climate_control(): [T6_CLI] [T6] T_avg=24 t_max=28 hyst=5 → step_t=0 | RH_avg=39 rh_max=75 rh_min=50 hyst=12 rh_en=1 → step_rh=0 | resolved=0 (was cur_t=0 cur_rh=0)
[2026-05-14 15:27:35.577] [4753156][I][main.cpp:162] task_watchdog_heartbeat(): [GHC] T1 tick 9470  uptime 4753 s
[2026-05-14 15:27:40.595] [4758174][I][main.cpp:162] task_watchdog_heartbeat(): [GHC] T1 tick 9480  uptime 4758 s
[2026-05-14 15:27:45.613] [4763192][I][main.cpp:162] task_watchdog_heartbeat(): [GHC] T1 tick 9490  uptime 4763 s
[2026-05-14 15:27:50.631] [4768210][I][main.cpp:162] task_watchdog_heartbeat(): [GHC] T1 tick 9500  uptime 4768 s
[2026-05-14 15:27:55.649] [4773228][I][main.cpp:162] task_watchdog_heartbeat(): [GHC] T1 tick 9510  uptime 4773 s
[2026-05-14 15:28:00.667] [4778246][I][main.cpp:162] task_watchdog_heartbeat(): [GHC] T1 tick 9520  uptime 4778 s
[2026-05-14 15:28:04.898] [4782475][I][sensor_poll.cpp:359] task_sensor_poll(): [T5_SEN] [T5] iter 156 — woke from 30 s delay
[2026-05-14 15:28:04.906] [4782484][I][sensor_poll.cpp:395] task_sensor_poll(): [T5_SEN] [T5] iter 156 — polling FG6485A
[2026-05-14 15:28:04.939] [4782517][I][sensor_poll.cpp:432] task_sensor_poll(): [T5_SEN] [T5] iter 156 — polling S200
[2026-05-14 15:28:05.481] [4783055][I][sensor_poll.cpp:535] task_sensor_poll(): [T5_SEN] [T5] T=24°C RH=38% ws=0.0 m/s wd=0° | avg T=24 RH=39 ws=0.0 wd=0° [win T=12 RH=20 W=12]
[2026-05-14 15:28:05.501] [4783068][I][climate_control.cpp:434] task_climate_control(): [T6_CLI] [T6] T_avg=24 t_max=28 hyst=5 → step_t=0 | RH_avg=39 rh_max=75 rh_min=50 hyst=12 rh_en=1 → step_rh=0 | resolved=0 (was cur_t=0 cur_rh=0)
[2026-05-14 15:28:05.685] [4783264][I][main.cpp:162] task_watchdog_heartbeat(): [GHC] T1 tick 9530  uptime 4783 s
[2026-05-14 15:28:10.703] [4788282][I][main.cpp:162] task_watchdog_heartbeat(): [GHC] T1 tick 9540  uptime 4788 s
[2026-05-14 15:28:15.722] [4793300][I][main.cpp:162] task_watchdog_heartbeat(): [GHC] T1 tick 9550  uptime 4793 s
[2026-05-14 15:28:20.739] [4798318][I][main.cpp:162] task_watchdog_heartbeat(): [GHC] T1 tick 9560  uptime 4798 s
[2026-05-14 15:28:25.758] [4803336][I][main.cpp:162] task_watchdog_heartbeat(): [GHC] T1 tick 9570  uptime 4803 s
[2026-05-14 15:28:28.481] [4806056][I][data_manager.cpp:230] read_rtc_and_seed_clock(): [T4] RTC: 2026-05-14 15:28:24 UTC  unix=1778772504  daytime=yes
[2026-05-14 15:28:30.775] [4808354][I][main.cpp:162] task_watchdog_heartbeat(): [GHC] T1 tick 9580  uptime 4808 s
[2026-05-14 15:28:35.492] [4813069][I][sensor_poll.cpp:359] task_sensor_poll(): [T5_SEN] [T5] iter 157 — woke from 30 s delay
[2026-05-14 15:28:35.500] [4813078][I][sensor_poll.cpp:395] task_sensor_poll(): [T5_SEN] [T5] iter 157 — polling FG6485A
[2026-05-14 15:28:35.532] [4813110][I][sensor_poll.cpp:432] task_sensor_poll(): [T5_SEN] [T5] iter 157 — polling S200
[2026-05-14 15:28:35.794] [4813372][I][main.cpp:162] task_watchdog_heartbeat(): [GHC] T1 tick 9590  uptime 4813 s
[2026-05-14 15:28:36.074] [4813648][I][sensor_poll.cpp:535] task_sensor_poll(): [T5_SEN] [T5] T=24°C RH=38% ws=0.0 m/s wd=0° | avg T=24 RH=39 ws=0.0 wd=0° [win T=12 RH=20 W=12]
[2026-05-14 15:28:36.094] [4813661][I][climate_control.cpp:434] task_climate_control(): [T6_CLI] [T6] T_avg=24 t_max=28 hyst=5 → step_t=0 | RH_avg=39 rh_max=75 rh_min=50 hyst=12 rh_en=1 → step_rh=0 | resolved=0 (was cur_t=0 cur_rh=0)
[2026-05-14 15:28:40.811] [4818390][I][main.cpp:162] task_watchdog_heartbeat(): [GHC] T1 tick 9600  uptime 4818 s
[2026-05-14 15:28:40.819] [4818398][I][main.cpp:247] task_watchdog_heartbeat(): [GHC] stack T1  hwm=2044 B
[2026-05-14 15:28:40.825] [4818406][I][main.cpp:247] task_watchdog_heartbeat(): [GHC] stack T2  hwm=6380 B
[2026-05-14 15:28:40.833] [4818413][I][main.cpp:247] task_watchdog_heartbeat(): [GHC] stack T3  hwm=1980 B
[2026-05-14 15:28:40.842] [4818420][I][main.cpp:247] task_watchdog_heartbeat(): [GHC] stack T4  hwm=3980 B
[2026-05-14 15:28:40.848] [4818428][I][main.cpp:247] task_watchdog_heartbeat(): [GHC] stack T5  hwm=4252 B
[2026-05-14 15:28:40.856] [4818435][I][main.cpp:247] task_watchdog_heartbeat(): [GHC] stack T6  hwm=1596 B
[2026-05-14 15:28:40.862] [4818442][I][main.cpp:247] task_watchdog_heartbeat(): [GHC] stack T7  hwm=2464 B
[2026-05-14 15:28:40.871] [4818450][I][main.cpp:247] task_watchdog_heartbeat(): [GHC] stack T8  hwm=5740 B
[2026-05-14 15:28:40.877] [4818457][I][main.cpp:247] task_watchdog_heartbeat(): [GHC] stack T9  hwm=2524 B
[2026-05-14 15:28:40.885] [4818465][I][main.cpp:247] task_watchdog_heartbeat(): [GHC] stack T10 hwm=5632 B
[2026-05-14 15:28:40.891] [4818472][I][main.cpp:247] task_watchdog_heartbeat(): [GHC] stack T11 hwm=5536 B
[2026-05-14 15:28:40.900] [4818479][I][main.cpp:247] task_watchdog_heartbeat(): [GHC] stack T12 hwm=7464 B
[2026-05-14 15:28:40.908] [4818487][I][main.cpp:247] task_watchdog_heartbeat(): [GHC] stack T14 hwm=6692 B
[2026-05-14 15:28:40.915] [4818494][I][main.cpp:247] task_watchdog_heartbeat(): [GHC] stack T15 hwm=2376 B
[2026-05-14 15:28:45.932] [4823511][I][main.cpp:162] task_watchdog_heartbeat(): [GHC] T1 tick 9610  uptime 4823 s
[2026-05-14 15:28:50.951] [4828529][I][main.cpp:162] task_watchdog_heartbeat(): [GHC] T1 tick 9620  uptime 4828 s
[2026-05-14 15:28:55.969] [4833547][I][main.cpp:162] task_watchdog_heartbeat(): [GHC] T1 tick 9630  uptime 4833 s
[2026-05-14 15:29:00.986] [4838564][I][main.cpp:162] task_watchdog_heartbeat(): [GHC] T1 tick 9640  uptime 4838 s
[2026-05-14 15:29:06.004] [4843582][I][main.cpp:162] task_watchdog_heartbeat(): [GHC] T1 tick 9650  uptime 4843 s
[2026-05-14 15:29:06.085] [4843662][I][sensor_poll.cpp:359] task_sensor_poll(): [T5_SEN] [T5] iter 158 — woke from 30 s delay
[2026-05-14 15:29:06.093] [4843671][I][sensor_poll.cpp:395] task_sensor_poll(): [T5_SEN] [T5] iter 158 — polling FG6485A
[2026-05-14 15:29:06.125] [4843703][I][sensor_poll.cpp:432] task_sensor_poll(): [T5_SEN] [T5] iter 158 — polling S200
[2026-05-14 15:29:06.667] [4844241][I][sensor_poll.cpp:535] task_sensor_poll(): [T5_SEN] [T5] T=24°C RH=38% ws=0.0 m/s wd=0° | avg T=24 RH=39 ws=0.0 wd=0° [win T=12 RH=20 W=12]
[2026-05-14 15:29:06.687] [4844255][I][climate_control.cpp:434] task_climate_control(): [T6_CLI] [T6] T_avg=24 t_max=28 hyst=5 → step_t=0 | RH_avg=39 rh_max=75 rh_min=50 hyst=12 rh_en=1 → step_rh=0 | resolved=0 (was cur_t=0 cur_rh=0)
[2026-05-14 15:29:11.022] [4848600][I][main.cpp:162] task_watchdog_heartbeat(): [GHC] T1 tick 9660  uptime 4848 s
[2026-05-14 15:29:16.040] [4853618][I][main.cpp:162] task_watchdog_heartbeat(): [GHC] T1 tick 9670  uptime 4853 s
[2026-05-14 15:29:21.058] [4858636][I][main.cpp:162] task_watchdog_heartbeat(): [GHC] T1 tick 9680  uptime 4858 s
[2026-05-14 15:29:26.076] [4863654][I][main.cpp:162] task_watchdog_heartbeat(): [GHC] T1 tick 9690  uptime 4863 s
[2026-05-14 15:29:27.667] [4865242][I][data_manager.cpp:230] read_rtc_and_seed_clock(): [T4] RTC: 2026-05-14 15:29:23 UTC  unix=1778772563  daytime=yes
[2026-05-14 15:29:31.094] [4868672][I][main.cpp:162] task_watchdog_heartbeat(): [GHC] T1 tick 9700  uptime 4868 s
[2026-05-14 15:29:36.112] [4873690][I][main.cpp:162] task_watchdog_heartbeat(): [GHC] T1 tick 9710  uptime 4873 s
[2026-05-14 15:29:36.678] [4874255][I][sensor_poll.cpp:359] task_sensor_poll(): [T5_SEN] [T5] iter 159 — woke from 30 s delay
[2026-05-14 15:29:36.686] [4874264][I][sensor_poll.cpp:395] task_sensor_poll(): [T5_SEN] [T5] iter 159 — polling FG6485A
[2026-05-14 15:29:36.719] [4874296][I][sensor_poll.cpp:432] task_sensor_poll(): [T5_SEN] [T5] iter 159 — polling S200
[2026-05-14 15:29:37.261] [4874835][I][sensor_poll.cpp:535] task_sensor_poll(): [T5_SEN] [T5] T=24°C RH=38% ws=0.0 m/s wd=0° | avg T=24 RH=39 ws=0.0 wd=0° [win T=12 RH=20 W=12]
[2026-05-14 15:29:37.281] [4874848][I][climate_control.cpp:434] task_climate_control(): [T6_CLI] [T6] T_avg=24 t_max=28 hyst=5 → step_t=0 | RH_avg=39 rh_max=75 rh_min=50 hyst=12 rh_en=1 → step_rh=0 | resolved=0 (was cur_t=0 cur_rh=0)
[2026-05-14 15:29:41.130] [4878708][I][main.cpp:162] task_watchdog_heartbeat(): [GHC] T1 tick 9720  uptime 4878 s
[2026-05-14 15:29:46.148] [4883726][I][main.cpp:162] task_watchdog_heartbeat(): [GHC] T1 tick 9730  uptime 4883 s
[2026-05-14 15:29:51.166] [4888744][I][main.cpp:162] task_watchdog_heartbeat(): [GHC] T1 tick 9740  uptime 4888 s
[2026-05-14 15:29:56.184] [4893762][I][main.cpp:162] task_watchdog_heartbeat(): [GHC] T1 tick 9750  uptime 4893 s
[2026-05-14 15:30:01.202] [4898780][I][main.cpp:162] task_watchdog_heartbeat(): [GHC] T1 tick 9760  uptime 4898 s
[2026-05-14 15:30:06.220] [4903798][I][main.cpp:162] task_watchdog_heartbeat(): [GHC] T1 tick 9770  uptime 4903 s
[2026-05-14 15:30:07.272] [4904849][I][sensor_poll.cpp:359] task_sensor_poll(): [T5_SEN] [T5] iter 160 — woke from 30 s delay
[2026-05-14 15:30:07.281] [4904858][I][sensor_poll.cpp:395] task_sensor_poll(): [T5_SEN] [T5] iter 160 — polling FG6485A
[2026-05-14 15:30:07.313] [4904891][I][sensor_poll.cpp:432] task_sensor_poll(): [T5_SEN] [T5] iter 160 — polling S200
[2026-05-14 15:30:07.855] [4905429][I][sensor_poll.cpp:535] task_sensor_poll(): [T5_SEN] [T5] T=24°C RH=38% ws=0.0 m/s wd=0° | avg T=24 RH=39 ws=0.0 wd=0° [win T=12 RH=20 W=12]
[2026-05-14 15:30:07.875] [4905442][I][climate_control.cpp:434] task_climate_control(): [T6_CLI] [T6] T_avg=24 t_max=28 hyst=5 → step_t=0 | RH_avg=39 rh_max=75 rh_min=50 hyst=12 rh_en=1 → step_rh=0 | resolved=0 (was cur_t=0 cur_rh=0)
[2026-05-14 15:30:11.238] [4908816][I][main.cpp:162] task_watchdog_heartbeat(): [GHC] T1 tick 9780  uptime 4908 s
[2026-05-14 15:30:16.256] [4913834][I][main.cpp:162] task_watchdog_heartbeat(): [GHC] T1 tick 9790  uptime 4913 s
[2026-05-14 15:30:21.274] [4918852][I][main.cpp:162] task_watchdog_heartbeat(): [GHC] T1 tick 9800  uptime 4918 s
[2026-05-14 15:30:26.292] [4923870][I][main.cpp:162] task_watchdog_heartbeat(): [GHC] T1 tick 9810  uptime 4923 s
[2026-05-14 15:30:26.855] [4924430][I][data_manager.cpp:230] read_rtc_and_seed_clock(): [T4] RTC: 2026-05-14 15:30:22 UTC  unix=1778772622  daytime=yes
[2026-05-14 15:30:31.310] [4928888][I][main.cpp:162] task_watchdog_heartbeat(): [GHC] T1 tick 9820  uptime 4928 s
[2026-05-14 15:30:36.328] [4933906][I][main.cpp:162] task_watchdog_heartbeat(): [GHC] T1 tick 9830  uptime 4933 s
[2026-05-14 15:30:37.866] [4935443][I][sensor_poll.cpp:359] task_sensor_poll(): [T5_SEN] [T5] iter 161 — woke from 30 s delay
[2026-05-14 15:30:37.875] [4935452][I][sensor_poll.cpp:395] task_sensor_poll(): [T5_SEN] [T5] iter 161 — polling FG6485A
[2026-05-14 15:30:37.907] [4935484][I][sensor_poll.cpp:432] task_sensor_poll(): [T5_SEN] [T5] iter 161 — polling S200
[2026-05-14 15:30:38.448] [4936022][I][sensor_poll.cpp:535] task_sensor_poll(): [T5_SEN] [T5] T=24°C RH=39% ws=0.0 m/s wd=0° | avg T=24 RH=39 ws=0.0 wd=0° [win T=12 RH=20 W=12]
[2026-05-14 15:30:38.468] [4936035][I][climate_control.cpp:434] task_climate_control(): [T6_CLI] [T6] T_avg=24 t_max=28 hyst=5 → step_t=0 | RH_avg=39 rh_max=75 rh_min=50 hyst=12 rh_en=1 → step_rh=0 | resolved=0 (was cur_t=0 cur_rh=0)
[2026-05-14 15:30:41.346] [4938924][I][main.cpp:162] task_watchdog_heartbeat(): [GHC] T1 tick 9840  uptime 4938 s
[2026-05-14 15:30:46.364] [4943942][I][main.cpp:162] task_watchdog_heartbeat(): [GHC] T1 tick 9850  uptime 4943 s
[2026-05-14 15:30:51.382] [4948960][I][main.cpp:162] task_watchdog_heartbeat(): [GHC] T1 tick 9860  uptime 4948 s
[2026-05-14 15:30:56.400] [4953978][I][main.cpp:162] task_watchdog_heartbeat(): [GHC] T1 tick 9870  uptime 4953 s
[2026-05-14 15:31:01.418] [4958996][I][main.cpp:162] task_watchdog_heartbeat(): [GHC] T1 tick 9880  uptime 4958 s
[2026-05-14 15:31:06.436] [4964014][I][main.cpp:162] task_watchdog_heartbeat(): [GHC] T1 tick 9890  uptime 4964 s
[2026-05-14 15:31:08.459] [4966036][I][sensor_poll.cpp:359] task_sensor_poll(): [T5_SEN] [T5] iter 162 — woke from 30 s delay
[2026-05-14 15:31:08.468] [4966045][I][sensor_poll.cpp:395] task_sensor_poll(): [T5_SEN] [T5] iter 162 — polling FG6485A
[2026-05-14 15:31:08.500] [4966077][I][sensor_poll.cpp:432] task_sensor_poll(): [T5_SEN] [T5] iter 162 — polling S200
[2026-05-14 15:31:09.043] [4966616][I][sensor_poll.cpp:535] task_sensor_poll(): [T5_SEN] [T5] T=24°C RH=38% ws=0.0 m/s wd=0° | avg T=24 RH=39 ws=0.0 wd=0° [win T=12 RH=20 W=12]
[2026-05-14 15:31:09.063] [4966630][I][climate_control.cpp:434] task_climate_control(): [T6_CLI] [T6] T_avg=24 t_max=28 hyst=5 → step_t=0 | RH_avg=39 rh_max=75 rh_min=50 hyst=12 rh_en=1 → step_rh=0 | resolved=0 (was cur_t=0 cur_rh=0)
[2026-05-14 15:31:11.454] [4969032][I][main.cpp:162] task_watchdog_heartbeat(): [GHC] T1 tick 9900  uptime 4969 s
[2026-05-14 15:31:16.472] [4974050][I][main.cpp:162] task_watchdog_heartbeat(): [GHC] T1 tick 9910  uptime 4974 s
[2026-05-14 15:31:21.490] [4979068][I][main.cpp:162] task_watchdog_heartbeat(): [GHC] T1 tick 9920  uptime 4979 s
[2026-05-14 15:31:26.043] [4983617][I][data_manager.cpp:230] read_rtc_and_seed_clock(): [T4] RTC: 2026-05-14 15:31:21 UTC  unix=1778772681  daytime=yes
[2026-05-14 15:31:26.508] [4984086][I][main.cpp:162] task_watchdog_heartbeat(): [GHC] T1 tick 9930  uptime 4984 s
[2026-05-14 15:31:31.526] [4989104][I][main.cpp:162] task_watchdog_heartbeat(): [GHC] T1 tick 9940  uptime 4989 s
[2026-05-14 15:31:36.545] [4994122][I][main.cpp:162] task_watchdog_heartbeat(): [GHC] T1 tick 9950  uptime 4994 s
[2026-05-14 15:31:39.054] [4996630][I][sensor_poll.cpp:359] task_sensor_poll(): [T5_SEN] [T5] iter 163 — woke from 30 s delay
[2026-05-14 15:31:39.062] [4996639][I][sensor_poll.cpp:395] task_sensor_poll(): [T5_SEN] [T5] iter 163 — polling FG6485A
[2026-05-14 15:31:39.094] [4996671][I][sensor_poll.cpp:432] task_sensor_poll(): [T5_SEN] [T5] iter 163 — polling S200
[2026-05-14 15:31:39.637] [4997210][I][sensor_poll.cpp:535] task_sensor_poll(): [T5_SEN] [T5] T=24°C RH=38% ws=0.0 m/s wd=0° | avg T=24 RH=38 ws=0.0 wd=0° [win T=12 RH=20 W=12]
[2026-05-14 15:31:39.657] [4997224][I][climate_control.cpp:434] task_climate_control(): [T6_CLI] [T6] T_avg=24 t_max=28 hyst=5 → step_t=0 | RH_avg=38 rh_max=75 rh_min=50 hyst=12 rh_en=1 → step_rh=0 | resolved=0 (was cur_t=0 cur_rh=0)
[2026-05-14 15:31:41.562] [4999140][I][main.cpp:162] task_watchdog_heartbeat(): [GHC] T1 tick 9960  uptime 4999 s
[2026-05-14 15:31:46.580] [5004158][I][main.cpp:162] task_watchdog_heartbeat(): [GHC] T1 tick 9970  uptime 5004 s
[2026-05-14 15:31:51.598] [5009176][I][main.cpp:162] task_watchdog_heartbeat(): [GHC] T1 tick 9980  uptime 5009 s
[2026-05-14 15:31:56.616] [5014194][I][main.cpp:162] task_watchdog_heartbeat(): [GHC] T1 tick 9990  uptime 5014 s
[2026-05-14 15:32:01.635] [5019212][I][main.cpp:162] task_watchdog_heartbeat(): [GHC] T1 tick 10000  uptime 5019 s
[2026-05-14 15:32:06.653] [5024230][I][main.cpp:162] task_watchdog_heartbeat(): [GHC] T1 tick 10010  uptime 5024 s
[2026-05-14 15:32:09.648] [5027224][I][sensor_poll.cpp:359] task_sensor_poll(): [T5_SEN] [T5] iter 164 — woke from 30 s delay
[2026-05-14 15:32:09.656] [5027233][I][sensor_poll.cpp:395] task_sensor_poll(): [T5_SEN] [T5] iter 164 — polling FG6485A
[2026-05-14 15:32:09.689] [5027266][I][sensor_poll.cpp:432] task_sensor_poll(): [T5_SEN] [T5] iter 164 — polling S200
[2026-05-14 15:32:10.231] [5027804][I][sensor_poll.cpp:535] task_sensor_poll(): [T5_SEN] [T5] T=24°C RH=38% ws=0.0 m/s wd=0° | avg T=24 RH=38 ws=0.0 wd=0° [win T=12 RH=20 W=12]
[2026-05-14 15:32:10.251] [5027817][I][climate_control.cpp:434] task_climate_control(): [T6_CLI] [T6] T_avg=24 t_max=28 hyst=5 → step_t=0 | RH_avg=38 rh_max=75 rh_min=50 hyst=12 rh_en=1 → step_rh=0 | resolved=0 (was cur_t=0 cur_rh=0)
[2026-05-14 15:32:11.671] [5029248][I][main.cpp:162] task_watchdog_heartbeat(): [GHC] T1 tick 10020  uptime 5029 s
[2026-05-14 15:32:16.689] [5034266][I][main.cpp:162] task_watchdog_heartbeat(): [GHC] T1 tick 10030  uptime 5034 s
[2026-05-14 15:32:21.707] [5039284][I][main.cpp:162] task_watchdog_heartbeat(): [GHC] T1 tick 10040  uptime 5039 s
[2026-05-14 15:32:25.231] [5042805][I][data_manager.cpp:230] read_rtc_and_seed_clock(): [T4] RTC: 2026-05-14 15:32:21 UTC  unix=1778772741  daytime=yes
[2026-05-14 15:32:26.725] [5044302][I][main.cpp:162] task_watchdog_heartbeat(): [GHC] T1 tick 10050  uptime 5044 s
[2026-05-14 15:32:31.743] [5049320][I][main.cpp:162] task_watchdog_heartbeat(): [GHC] T1 tick 10060  uptime 5049 s
[2026-05-14 15:32:36.761] [5054338][I][main.cpp:162] task_watchdog_heartbeat(): [GHC] T1 tick 10070  uptime 5054 s
[2026-05-14 15:32:40.242] [5057818][I][sensor_poll.cpp:359] task_sensor_poll(): [T5_SEN] [T5] iter 165 — woke from 30 s delay
[2026-05-14 15:32:40.250] [5057827][I][sensor_poll.cpp:395] task_sensor_poll(): [T5_SEN] [T5] iter 165 — polling FG6485A
[2026-05-14 15:32:40.282] [5057859][I][sensor_poll.cpp:432] task_sensor_poll(): [T5_SEN] [T5] iter 165 — polling S200
[2026-05-14 15:32:40.824] [5058397][I][sensor_poll.cpp:535] task_sensor_poll(): [T5_SEN] [T5] T=24°C RH=38% ws=0.0 m/s wd=0° | avg T=24 RH=38 ws=0.0 wd=0° [win T=12 RH=20 W=12]
[2026-05-14 15:32:40.844] [5058410][I][climate_control.cpp:434] task_climate_control(): [T6_CLI] [T6] T_avg=24 t_max=28 hyst=5 → step_t=0 | RH_avg=38 rh_max=75 rh_min=50 hyst=12 rh_en=1 → step_rh=0 | resolved=0 (was cur_t=0 cur_rh=0)
[2026-05-14 15:32:41.779] [5059356][I][main.cpp:162] task_watchdog_heartbeat(): [GHC] T1 tick 10080  uptime 5059 s
[2026-05-14 15:32:46.797] [5064374][I][main.cpp:162] task_watchdog_heartbeat(): [GHC] T1 tick 10090  uptime 5064 s
[2026-05-14 15:32:51.815] [5069392][I][main.cpp:162] task_watchdog_heartbeat(): [GHC] T1 tick 10100  uptime 5069 s
[2026-05-14 15:32:56.833] [5074410][I][main.cpp:162] task_watchdog_heartbeat(): [GHC] T1 tick 10110  uptime 5074 s
[2026-05-14 15:33:01.851] [5079428][I][main.cpp:162] task_watchdog_heartbeat(): [GHC] T1 tick 10120  uptime 5079 s
[2026-05-14 15:33:06.869] [5084446][I][main.cpp:162] task_watchdog_heartbeat(): [GHC] T1 tick 10130  uptime 5084 s
[2026-05-14 15:33:10.835] [5088411][I][sensor_poll.cpp:359] task_sensor_poll(): [T5_SEN] [T5] iter 166 — woke from 30 s delay
[2026-05-14 15:33:10.843] [5088420][I][sensor_poll.cpp:395] task_sensor_poll(): [T5_SEN] [T5] iter 166 — polling FG6485A
[2026-05-14 15:33:10.876] [5088452][I][sensor_poll.cpp:432] task_sensor_poll(): [T5_SEN] [T5] iter 166 — polling S200
[2026-05-14 15:33:11.417] [5088990][I][sensor_poll.cpp:535] task_sensor_poll(): [T5_SEN] [T5] T=24°C RH=38% ws=0.0 m/s wd=0° | avg T=24 RH=38 ws=0.0 wd=0° [win T=12 RH=20 W=12]
[2026-05-14 15:33:11.437] [5089003][I][climate_control.cpp:434] task_climate_control(): [T6_CLI] [T6] T_avg=24 t_max=28 hyst=5 → step_t=0 | RH_avg=38 rh_max=75 rh_min=50 hyst=12 rh_en=1 → step_rh=0 | resolved=0 (was cur_t=0 cur_rh=0)
[2026-05-14 15:33:11.887] [5089464][I][main.cpp:162] task_watchdog_heartbeat(): [GHC] T1 tick 10140  uptime 5089 s
[2026-05-14 15:33:16.905] [5094482][I][main.cpp:162] task_watchdog_heartbeat(): [GHC] T1 tick 10150  uptime 5094 s
[2026-05-14 15:33:21.923] [5099500][I][main.cpp:162] task_watchdog_heartbeat(): [GHC] T1 tick 10160  uptime 5099 s
[2026-05-14 15:33:24.417] [5101991][I][data_manager.cpp:230] read_rtc_and_seed_clock(): [T4] RTC: 2026-05-14 15:33:20 UTC  unix=1778772800  daytime=yes
[2026-05-14 15:33:26.941] [5104518][I][main.cpp:162] task_watchdog_heartbeat(): [GHC] T1 tick 10170  uptime 5104 s
[2026-05-14 15:33:31.959] [5109536][I][main.cpp:162] task_watchdog_heartbeat(): [GHC] T1 tick 10180  uptime 5109 s
[2026-05-14 15:33:36.977] [5114554][I][main.cpp:162] task_watchdog_heartbeat(): [GHC] T1 tick 10190  uptime 5114 s
[2026-05-14 15:33:41.428] [5119004][I][sensor_poll.cpp:359] task_sensor_poll(): [T5_SEN] [T5] iter 167 — woke from 30 s delay
[2026-05-14 15:33:41.436] [5119013][I][sensor_poll.cpp:395] task_sensor_poll(): [T5_SEN] [T5] iter 167 — polling FG6485A
[2026-05-14 15:33:41.469] [5119045][I][sensor_poll.cpp:432] task_sensor_poll(): [T5_SEN] [T5] iter 167 — polling S200
[2026-05-14 15:33:41.995] [5119572][I][main.cpp:162] task_watchdog_heartbeat(): [GHC] T1 tick 10200  uptime 5119 s
[2026-05-14 15:33:42.011] [5119584][I][sensor_poll.cpp:535] task_sensor_poll(): [T5_SEN] [T5] T=24°C RH=38% ws=0.0 m/s wd=0° | avg T=24 RH=38 ws=0.0 wd=0° [win T=12 RH=20 W=12]
[2026-05-14 15:33:42.031] [5119597][I][climate_control.cpp:434] task_climate_control(): [T6_CLI] [T6] T_avg=24 t_max=28 hyst=5 → step_t=0 | RH_avg=38 rh_max=75 rh_min=50 hyst=12 rh_en=1 → step_rh=0 | resolved=0 (was cur_t=0 cur_rh=0)
[2026-05-14 15:33:47.013] [5124590][I][main.cpp:162] task_watchdog_heartbeat(): [GHC] T1 tick 10210  uptime 5124 s
[2026-05-14 15:33:52.031] [5129608][I][main.cpp:162] task_watchdog_heartbeat(): [GHC] T1 tick 10220  uptime 5129 s
[2026-05-14 15:33:57.049] [5134626][I][main.cpp:162] task_watchdog_heartbeat(): [GHC] T1 tick 10230  uptime 5134 s
[2026-05-14 15:34:02.067] [5139644][I][main.cpp:162] task_watchdog_heartbeat(): [GHC] T1 tick 10240  uptime 5139 s
[2026-05-14 15:34:07.084] [5144661][I][main.cpp:162] task_watchdog_heartbeat(): [GHC] T1 tick 10250  uptime 5144 s
[2026-05-14 15:34:12.022] [5149598][I][sensor_poll.cpp:359] task_sensor_poll(): [T5_SEN] [T5] iter 168 — woke from 30 s delay
[2026-05-14 15:34:12.031] [5149607][I][sensor_poll.cpp:395] task_sensor_poll(): [T5_SEN] [T5] iter 168 — polling FG6485A
[2026-05-14 15:34:12.063] [5149640][I][sensor_poll.cpp:432] task_sensor_poll(): [T5_SEN] [T5] iter 168 — polling S200
[2026-05-14 15:34:12.102] [5149679][I][main.cpp:162] task_watchdog_heartbeat(): [GHC] T1 tick 10260  uptime 5149 s
[2026-05-14 15:34:12.606] [5150178][I][sensor_poll.cpp:535] task_sensor_poll(): [T5_SEN] [T5] T=24°C RH=38% ws=0.0 m/s wd=0° | avg T=24 RH=38 ws=0.0 wd=0° [win T=12 RH=20 W=12]
[2026-05-14 15:34:12.625] [5150191][I][climate_control.cpp:434] task_climate_control(): [T6_CLI] [T6] T_avg=24 t_max=28 hyst=5 → step_t=0 | RH_avg=38 rh_max=75 rh_min=50 hyst=12 rh_en=1 → step_rh=0 | resolved=0 (was cur_t=0 cur_rh=0)
[2026-05-14 15:34:17.120] [5154697][I][main.cpp:162] task_watchdog_heartbeat(): [GHC] T1 tick 10270  uptime 5154 s
[2026-05-14 15:34:22.138] [5159715][I][main.cpp:162] task_watchdog_heartbeat(): [GHC] T1 tick 10280  uptime 5159 s
[2026-05-14 15:34:23.605] [5161179][I][data_manager.cpp:230] read_rtc_and_seed_clock(): [T4] RTC: 2026-05-14 15:34:19 UTC  unix=1778772859  daytime=yes
[2026-05-14 15:34:27.156] [5164733][I][main.cpp:162] task_watchdog_heartbeat(): [GHC] T1 tick 10290  uptime 5164 s
[2026-05-14 15:34:32.174] [5169751][I][main.cpp:162] task_watchdog_heartbeat(): [GHC] T1 tick 10300  uptime 5169 s
[2026-05-14 15:34:37.192] [5174769][I][main.cpp:162] task_watchdog_heartbeat(): [GHC] T1 tick 10310  uptime 5174 s
[2026-05-14 15:34:42.210] [5179787][I][main.cpp:162] task_watchdog_heartbeat(): [GHC] T1 tick 10320  uptime 5179 s
[2026-05-14 15:34:42.617] [5180192][I][sensor_poll.cpp:359] task_sensor_poll(): [T5_SEN] [T5] iter 169 — woke from 30 s delay
[2026-05-14 15:34:42.625] [5180201][I][sensor_poll.cpp:395] task_sensor_poll(): [T5_SEN] [T5] iter 169 — polling FG6485A
[2026-05-14 15:34:42.657] [5180233][I][sensor_poll.cpp:432] task_sensor_poll(): [T5_SEN] [T5] iter 169 — polling S200
[2026-05-14 15:34:43.199] [5180771][I][sensor_poll.cpp:535] task_sensor_poll(): [T5_SEN] [T5] T=24°C RH=38% ws=0.0 m/s wd=0° | avg T=24 RH=38 ws=0.0 wd=0° [win T=12 RH=20 W=12]
[2026-05-14 15:34:43.219] [5180784][I][climate_control.cpp:434] task_climate_control(): [T6_CLI] [T6] T_avg=24 t_max=28 hyst=5 → step_t=0 | RH_avg=38 rh_max=75 rh_min=50 hyst=12 rh_en=1 → step_rh=0 | resolved=0 (was cur_t=0 cur_rh=0)
[2026-05-14 15:34:47.229] [5184805][I][main.cpp:162] task_watchdog_heartbeat(): [GHC] T1 tick 10330  uptime 5184 s
[2026-05-14 15:34:52.246] [5189823][I][main.cpp:162] task_watchdog_heartbeat(): [GHC] T1 tick 10340  uptime 5189 s
[2026-05-14 15:34:57.264] [5194841][I][main.cpp:162] task_watchdog_heartbeat(): [GHC] T1 tick 10350  uptime 5194 s
[2026-05-14 15:35:02.282] [5199859][I][main.cpp:162] task_watchdog_heartbeat(): [GHC] T1 tick 10360  uptime 5199 s
[2026-05-14 15:35:07.300] [5204877][I][main.cpp:162] task_watchdog_heartbeat(): [GHC] T1 tick 10370  uptime 5204 s
[2026-05-14 15:35:12.319] [5209895][I][main.cpp:162] task_watchdog_heartbeat(): [GHC] T1 tick 10380  uptime 5209 s
[2026-05-14 15:35:13.210] [5210785][I][sensor_poll.cpp:359] task_sensor_poll(): [T5_SEN] [T5] iter 170 — woke from 30 s delay
[2026-05-14 15:35:13.218] [5210794][I][sensor_poll.cpp:395] task_sensor_poll(): [T5_SEN] [T5] iter 170 — polling FG6485A
[2026-05-14 15:35:13.250] [5210826][I][sensor_poll.cpp:432] task_sensor_poll(): [T5_SEN] [T5] iter 170 — polling S200
[2026-05-14 15:35:13.792] [5211364][I][sensor_poll.cpp:535] task_sensor_poll(): [T5_SEN] [T5] T=24°C RH=38% ws=0.0 m/s wd=0° | avg T=24 RH=38 ws=0.0 wd=0° [win T=12 RH=20 W=12]
[2026-05-14 15:35:13.812] [5211378][I][climate_control.cpp:434] task_climate_control(): [T6_CLI] [T6] T_avg=24 t_max=28 hyst=5 → step_t=0 | RH_avg=38 rh_max=75 rh_min=50 hyst=12 rh_en=1 → step_rh=0 | resolved=0 (was cur_t=0 cur_rh=0)
[2026-05-14 15:35:17.337] [5214913][I][main.cpp:162] task_watchdog_heartbeat(): [GHC] T1 tick 10390  uptime 5214 s
[2026-05-14 15:35:22.355] [5219931][I][main.cpp:162] task_watchdog_heartbeat(): [GHC] T1 tick 10400  uptime 5219 s
[2026-05-14 15:35:22.792] [5220365][I][data_manager.cpp:230] read_rtc_and_seed_clock(): [T4] RTC: 2026-05-14 15:35:18 UTC  unix=1778772918  daytime=yes
[2026-05-14 15:35:27.373] [5224949][I][main.cpp:162] task_watchdog_heartbeat(): [GHC] T1 tick 10410  uptime 5224 s
[2026-05-14 15:35:32.391] [5229967][I][main.cpp:162] task_watchdog_heartbeat(): [GHC] T1 tick 10420  uptime 5229 s
[2026-05-14 15:35:37.409] [5234985][I][main.cpp:162] task_watchdog_heartbeat(): [GHC] T1 tick 10430  uptime 5234 s
[2026-05-14 15:35:42.427] [5240003][I][main.cpp:162] task_watchdog_heartbeat(): [GHC] T1 tick 10440  uptime 5240 s
[2026-05-14 15:35:43.803] [5241378][I][sensor_poll.cpp:359] task_sensor_poll(): [T5_SEN] [T5] iter 171 — woke from 30 s delay
[2026-05-14 15:35:43.811] [5241387][I][sensor_poll.cpp:395] task_sensor_poll(): [T5_SEN] [T5] iter 171 — polling FG6485A
[2026-05-14 15:35:43.844] [5241419][I][sensor_poll.cpp:432] task_sensor_poll(): [T5_SEN] [T5] iter 171 — polling S200
[2026-05-14 15:35:44.386] [5241958][I][sensor_poll.cpp:535] task_sensor_poll(): [T5_SEN] [T5] T=24°C RH=38% ws=0.0 m/s wd=0° | avg T=24 RH=38 ws=0.0 wd=0° [win T=12 RH=20 W=12]
[2026-05-14 15:35:44.406] [5241971][I][climate_control.cpp:434] task_climate_control(): [T6_CLI] [T6] T_avg=24 t_max=28 hyst=5 → step_t=0 | RH_avg=38 rh_max=75 rh_min=50 hyst=12 rh_en=1 → step_rh=0 | resolved=0 (was cur_t=0 cur_rh=0)
[2026-05-14 15:35:47.445] [5245021][I][main.cpp:162] task_watchdog_heartbeat(): [GHC] T1 tick 10450  uptime 5245 s
[2026-05-14 15:35:52.463] [5250039][I][main.cpp:162] task_watchdog_heartbeat(): [GHC] T1 tick 10460  uptime 5250 s
[2026-05-14 15:35:57.480] [5255057][I][main.cpp:162] task_watchdog_heartbeat(): [GHC] T1 tick 10470  uptime 5255 s
[2026-05-14 15:36:02.499] [5260075][I][main.cpp:162] task_watchdog_heartbeat(): [GHC] T1 tick 10480  uptime 5260 s
[2026-05-14 15:36:07.516] [5265093][I][main.cpp:162] task_watchdog_heartbeat(): [GHC] T1 tick 10490  uptime 5265 s
[2026-05-14 15:36:12.535] [5270111][I][main.cpp:162] task_watchdog_heartbeat(): [GHC] T1 tick 10500  uptime 5270 s
[2026-05-14 15:36:14.397] [5271972][I][sensor_poll.cpp:359] task_sensor_poll(): [T5_SEN] [T5] iter 172 — woke from 30 s delay
[2026-05-14 15:36:14.405] [5271981][I][sensor_poll.cpp:395] task_sensor_poll(): [T5_SEN] [T5] iter 172 — polling FG6485A
[2026-05-14 15:36:14.438] [5272014][I][sensor_poll.cpp:432] task_sensor_poll(): [T5_SEN] [T5] iter 172 — polling S200
[2026-05-14 15:36:14.980] [5272552][I][sensor_poll.cpp:535] task_sensor_poll(): [T5_SEN] [T5] T=24°C RH=38% ws=0.0 m/s wd=0° | avg T=24 RH=38 ws=0.0 wd=0° [win T=12 RH=20 W=12]
[2026-05-14 15:36:15.000] [5272565][I][climate_control.cpp:434] task_climate_control(): [T6_CLI] [T6] T_avg=24 t_max=28 hyst=5 → step_t=0 | RH_avg=38 rh_max=75 rh_min=50 hyst=12 rh_en=1 → step_rh=0 | resolved=0 (was cur_t=0 cur_rh=0)
[2026-05-14 15:36:17.553] [5275129][I][main.cpp:162] task_watchdog_heartbeat(): [GHC] T1 tick 10510  uptime 5275 s
[2026-05-14 15:36:21.980] [5279553][I][data_manager.cpp:230] read_rtc_and_seed_clock(): [T4] RTC: 2026-05-14 15:36:17 UTC  unix=1778772977  daytime=yes
[2026-05-14 15:36:22.571] [5280147][I][main.cpp:162] task_watchdog_heartbeat(): [GHC] T1 tick 10520  uptime 5280 s
[2026-05-14 15:36:27.589] [5285165][I][main.cpp:162] task_watchdog_heartbeat(): [GHC] T1 tick 10530  uptime 5285 s
[2026-05-14 15:36:32.607] [5290183][I][main.cpp:162] task_watchdog_heartbeat(): [GHC] T1 tick 10540  uptime 5290 s
[2026-05-14 15:36:37.625] [5295201][I][main.cpp:162] task_watchdog_heartbeat(): [GHC] T1 tick 10550  uptime 5295 s
[2026-05-14 15:36:42.643] [5300219][I][main.cpp:162] task_watchdog_heartbeat(): [GHC] T1 tick 10560  uptime 5300 s
[2026-05-14 15:36:44.991] [5302566][I][sensor_poll.cpp:359] task_sensor_poll(): [T5_SEN] [T5] iter 173 — woke from 30 s delay
[2026-05-14 15:36:45.000] [5302575][I][sensor_poll.cpp:395] task_sensor_poll(): [T5_SEN] [T5] iter 173 — polling FG6485A
[2026-05-14 15:36:45.033] [5302608][I][sensor_poll.cpp:432] task_sensor_poll(): [T5_SEN] [T5] iter 173 — polling S200
[2026-05-14 15:36:45.574] [5303146][I][sensor_poll.cpp:535] task_sensor_poll(): [T5_SEN] [T5] T=24°C RH=38% ws=0.0 m/s wd=0° | avg T=24 RH=38 ws=0.0 wd=0° [win T=12 RH=20 W=12]
[2026-05-14 15:36:45.594] [5303159][I][climate_control.cpp:434] task_climate_control(): [T6_CLI] [T6] T_avg=24 t_max=28 hyst=5 → step_t=0 | RH_avg=38 rh_max=75 rh_min=50 hyst=12 rh_en=1 → step_rh=0 | resolved=0 (was cur_t=0 cur_rh=0)
[2026-05-14 15:36:47.661] [5305237][I][main.cpp:162] task_watchdog_heartbeat(): [GHC] T1 tick 10570  uptime 5305 s
[2026-05-14 15:36:52.679] [5310255][I][main.cpp:162] task_watchdog_heartbeat(): [GHC] T1 tick 10580  uptime 5310 s
[2026-05-14 15:36:57.697] [5315273][I][main.cpp:162] task_watchdog_heartbeat(): [GHC] T1 tick 10590  uptime 5315 s
[2026-05-14 15:37:02.715] [5320291][I][main.cpp:162] task_watchdog_heartbeat(): [GHC] T1 tick 10600  uptime 5320 s
[2026-05-14 15:37:07.733] [5325309][I][main.cpp:162] task_watchdog_heartbeat(): [GHC] T1 tick 10610  uptime 5325 s
[2026-05-14 15:37:12.751] [5330327][I][main.cpp:162] task_watchdog_heartbeat(): [GHC] T1 tick 10620  uptime 5330 s
[2026-05-14 15:37:15.585] [5333160][I][sensor_poll.cpp:359] task_sensor_poll(): [T5_SEN] [T5] iter 174 — woke from 30 s delay
[2026-05-14 15:37:15.594] [5333169][I][sensor_poll.cpp:395] task_sensor_poll(): [T5_SEN] [T5] iter 174 — polling FG6485A
[2026-05-14 15:37:15.626] [5333201][I][sensor_poll.cpp:432] task_sensor_poll(): [T5_SEN] [T5] iter 174 — polling S200
[2026-05-14 15:37:16.168] [5333740][I][sensor_poll.cpp:535] task_sensor_poll(): [T5_SEN] [T5] T=24°C RH=38% ws=0.0 m/s wd=0° | avg T=24 RH=38 ws=0.0 wd=0° [win T=12 RH=20 W=12]
[2026-05-14 15:37:16.188] [5333753][I][climate_control.cpp:434] task_climate_control(): [T6_CLI] [T6] T_avg=24 t_max=28 hyst=5 → step_t=0 | RH_avg=38 rh_max=75 rh_min=50 hyst=12 rh_en=1 → step_rh=0 | resolved=0 (was cur_t=0 cur_rh=0)
[2026-05-14 15:37:17.769] [5335345][I][main.cpp:162] task_watchdog_heartbeat(): [GHC] T1 tick 10630  uptime 5335 s
[2026-05-14 15:37:21.168] [5338741][I][data_manager.cpp:230] read_rtc_and_seed_clock(): [T4] RTC: 2026-05-14 15:37:17 UTC  unix=1778773037  daytime=yes
[2026-05-14 15:37:22.787] [5340363][I][main.cpp:162] task_watchdog_heartbeat(): [GHC] T1 tick 10640  uptime 5340 s
[2026-05-14 15:37:27.805] [5345381][I][main.cpp:162] task_watchdog_heartbeat(): [GHC] T1 tick 10650  uptime 5345 s
[2026-05-14 15:37:32.823] [5350399][I][main.cpp:162] task_watchdog_heartbeat(): [GHC] T1 tick 10660  uptime 5350 s
[2026-05-14 15:37:37.841] [5355417][I][main.cpp:162] task_watchdog_heartbeat(): [GHC] T1 tick 10670  uptime 5355 s
[2026-05-14 15:37:42.859] [5360435][I][main.cpp:162] task_watchdog_heartbeat(): [GHC] T1 tick 10680  uptime 5360 s
[2026-05-14 15:37:46.179] [5363754][I][sensor_poll.cpp:359] task_sensor_poll(): [T5_SEN] [T5] iter 175 — woke from 30 s delay
[2026-05-14 15:37:46.188] [5363763][I][sensor_poll.cpp:395] task_sensor_poll(): [T5_SEN] [T5] iter 175 — polling FG6485A
[2026-05-14 15:37:46.220] [5363795][I][sensor_poll.cpp:432] task_sensor_poll(): [T5_SEN] [T5] iter 175 — polling S200
[2026-05-14 15:37:46.763] [5364334][I][sensor_poll.cpp:535] task_sensor_poll(): [T5_SEN] [T5] T=24°C RH=38% ws=0.0 m/s wd=0° | avg T=24 RH=38 ws=0.0 wd=0° [win T=12 RH=20 W=12]
[2026-05-14 15:37:46.782] [5364347][I][climate_control.cpp:434] task_climate_control(): [T6_CLI] [T6] T_avg=24 t_max=28 hyst=5 → step_t=0 | RH_avg=38 rh_max=75 rh_min=50 hyst=12 rh_en=1 → step_rh=0 | resolved=0 (was cur_t=0 cur_rh=0)
[2026-05-14 15:37:47.877] [5365453][I][main.cpp:162] task_watchdog_heartbeat(): [GHC] T1 tick 10690  uptime 5365 s
[2026-05-14 15:37:52.895] [5370471][I][main.cpp:162] task_watchdog_heartbeat(): [GHC] T1 tick 10700  uptime 5370 s
[2026-05-14 15:37:57.914] [5375489][I][main.cpp:162] task_watchdog_heartbeat(): [GHC] T1 tick 10710  uptime 5375 s
[2026-05-14 15:38:02.931] [5380507][I][main.cpp:162] task_watchdog_heartbeat(): [GHC] T1 tick 10720  uptime 5380 s
[2026-05-14 15:38:07.949] [5385525][I][main.cpp:162] task_watchdog_heartbeat(): [GHC] T1 tick 10730  uptime 5385 s
[2026-05-14 15:38:12.967] [5390543][I][main.cpp:162] task_watchdog_heartbeat(): [GHC] T1 tick 10740  uptime 5390 s
[2026-05-14 15:38:16.774] [5394348][I][sensor_poll.cpp:359] task_sensor_poll(): [T5_SEN] [T5] iter 176 — woke from 30 s delay
[2026-05-14 15:38:16.782] [5394357][I][sensor_poll.cpp:395] task_sensor_poll(): [T5_SEN] [T5] iter 176 — polling FG6485A
[2026-05-14 15:38:16.815] [5394390][I][sensor_poll.cpp:432] task_sensor_poll(): [T5_SEN] [T5] iter 176 — polling S200
[2026-05-14 15:38:17.357] [5394928][I][sensor_poll.cpp:535] task_sensor_poll(): [T5_SEN] [T5] T=24°C RH=38% ws=0.0 m/s wd=0° | avg T=24 RH=38 ws=0.0 wd=0° [win T=12 RH=20 W=12]
[2026-05-14 15:38:17.377] [5394941][I][climate_control.cpp:434] task_climate_control(): [T6_CLI] [T6] T_avg=24 t_max=28 hyst=5 → step_t=0 | RH_avg=38 rh_max=75 rh_min=50 hyst=12 rh_en=1 → step_rh=0 | resolved=0 (was cur_t=0 cur_rh=0)
[2026-05-14 15:38:17.986] [5395561][I][main.cpp:162] task_watchdog_heartbeat(): [GHC] T1 tick 10750  uptime 5395 s
[2026-05-14 15:38:20.357] [5397929][I][data_manager.cpp:230] read_rtc_and_seed_clock(): [T4] RTC: 2026-05-14 15:38:16 UTC  unix=1778773096  daytime=yes
[2026-05-14 15:38:23.003] [5400579][I][main.cpp:162] task_watchdog_heartbeat(): [GHC] T1 tick 10760  uptime 5400 s
[2026-05-14 15:38:28.022] [5405597][I][main.cpp:162] task_watchdog_heartbeat(): [GHC] T1 tick 10770  uptime 5405 s
[2026-05-14 15:38:33.039] [5410615][I][main.cpp:162] task_watchdog_heartbeat(): [GHC] T1 tick 10780  uptime 5410 s
[2026-05-14 15:38:38.058] [5415633][I][main.cpp:162] task_watchdog_heartbeat(): [GHC] T1 tick 10790  uptime 5415 s
[2026-05-14 15:38:43.075] [5420651][I][main.cpp:162] task_watchdog_heartbeat(): [GHC] T1 tick 10800  uptime 5420 s
[2026-05-14 15:38:43.083] [5420659][I][main.cpp:247] task_watchdog_heartbeat(): [GHC] stack T1  hwm=2044 B
[2026-05-14 15:38:43.089] [5420667][I][main.cpp:247] task_watchdog_heartbeat(): [GHC] stack T2  hwm=6380 B
[2026-05-14 15:38:43.097] [5420674][I][main.cpp:247] task_watchdog_heartbeat(): [GHC] stack T3  hwm=1980 B
[2026-05-14 15:38:43.106] [5420681][I][main.cpp:247] task_watchdog_heartbeat(): [GHC] stack T4  hwm=3980 B
[2026-05-14 15:38:43.112] [5420689][I][main.cpp:247] task_watchdog_heartbeat(): [GHC] stack T5  hwm=4252 B
[2026-05-14 15:38:43.120] [5420696][I][main.cpp:247] task_watchdog_heartbeat(): [GHC] stack T6  hwm=1596 B
[2026-05-14 15:38:43.126] [5420703][I][main.cpp:247] task_watchdog_heartbeat(): [GHC] stack T7  hwm=2464 B
[2026-05-14 15:38:43.134] [5420711][I][main.cpp:247] task_watchdog_heartbeat(): [GHC] stack T8  hwm=5740 B
[2026-05-14 15:38:43.140] [5420718][I][main.cpp:247] task_watchdog_heartbeat(): [GHC] stack T9  hwm=2524 B
[2026-05-14 15:38:43.149] [5420725][I][main.cpp:247] task_watchdog_heartbeat(): [GHC] stack T10 hwm=5632 B
[2026-05-14 15:38:43.155] [5420733][I][main.cpp:247] task_watchdog_heartbeat(): [GHC] stack T11 hwm=5536 B
[2026-05-14 15:38:43.164] [5420740][I][main.cpp:247] task_watchdog_heartbeat(): [GHC] stack T12 hwm=7464 B
[2026-05-14 15:38:43.172] [5420748][I][main.cpp:247] task_watchdog_heartbeat(): [GHC] stack T14 hwm=6692 B
[2026-05-14 15:38:43.179] [5420755][I][main.cpp:247] task_watchdog_heartbeat(): [GHC] stack T15 hwm=2376 B
[2026-05-14 15:38:47.368] [5424942][I][sensor_poll.cpp:359] task_sensor_poll(): [T5_SEN] [T5] iter 177 — woke from 30 s delay
[2026-05-14 15:38:47.376] [5424951][I][sensor_poll.cpp:395] task_sensor_poll(): [T5_SEN] [T5] iter 177 — polling FG6485A
[2026-05-14 15:38:47.408] [5424983][I][sensor_poll.cpp:432] task_sensor_poll(): [T5_SEN] [T5] iter 177 — polling S200
[2026-05-14 15:38:47.950] [5425521][I][sensor_poll.cpp:535] task_sensor_poll(): [T5_SEN] [T5] T=24°C RH=38% ws=0.0 m/s wd=0° | avg T=24 RH=38 ws=0.0 wd=0° [win T=12 RH=20 W=12]
[2026-05-14 15:38:47.970] [5425534][I][climate_control.cpp:434] task_climate_control(): [T6_CLI] [T6] T_avg=24 t_max=28 hyst=5 → step_t=0 | RH_avg=38 rh_max=75 rh_min=50 hyst=12 rh_en=1 → step_rh=0 | resolved=0 (was cur_t=0 cur_rh=0)
[2026-05-14 15:38:48.197] [5425772][I][main.cpp:162] task_watchdog_heartbeat(): [GHC] T1 tick 10810  uptime 5425 s
[2026-05-14 15:38:53.215] [5430790][I][main.cpp:162] task_watchdog_heartbeat(): [GHC] T1 tick 10820  uptime 5430 s
[2026-05-14 15:38:58.233] [5435808][I][main.cpp:162] task_watchdog_heartbeat(): [GHC] T1 tick 10830  uptime 5435 s
[2026-05-14 15:39:03.251] [5440826][I][main.cpp:162] task_watchdog_heartbeat(): [GHC] T1 tick 10840  uptime 5440 s
[2026-05-14 15:39:08.269] [5445844][I][main.cpp:162] task_watchdog_heartbeat(): [GHC] T1 tick 10850  uptime 5445 s
[2026-05-14 15:39:13.287] [5450862][I][main.cpp:162] task_watchdog_heartbeat(): [GHC] T1 tick 10860  uptime 5450 s
[2026-05-14 15:39:17.961] [5455535][I][sensor_poll.cpp:359] task_sensor_poll(): [T5_SEN] [T5] iter 178 — woke from 30 s delay
[2026-05-14 15:39:17.969] [5455544][I][sensor_poll.cpp:395] task_sensor_poll(): [T5_SEN] [T5] iter 178 — polling FG6485A
[2026-05-14 15:39:18.002] [5455576][I][sensor_poll.cpp:432] task_sensor_poll(): [T5_SEN] [T5] iter 178 — polling S200
[2026-05-14 15:39:18.305] [5455880][I][main.cpp:162] task_watchdog_heartbeat(): [GHC] T1 tick 10870  uptime 5455 s
[2026-05-14 15:39:18.543] [5456114][I][sensor_poll.cpp:535] task_sensor_poll(): [T5_SEN] [T5] T=24°C RH=38% ws=0.0 m/s wd=0° | avg T=24 RH=38 ws=0.0 wd=0° [win T=12 RH=20 W=12]
[2026-05-14 15:39:18.563] [5456127][I][climate_control.cpp:434] task_climate_control(): [T6_CLI] [T6] T_avg=24 t_max=28 hyst=5 → step_t=0 | RH_avg=38 rh_max=75 rh_min=50 hyst=12 rh_en=1 → step_rh=0 | resolved=0 (was cur_t=0 cur_rh=0)
[2026-05-14 15:39:19.543] [5457115][I][data_manager.cpp:230] read_rtc_and_seed_clock(): [T4] RTC: 2026-05-14 15:39:15 UTC  unix=1778773155  daytime=yes
[2026-05-14 15:39:23.323] [5460898][I][main.cpp:162] task_watchdog_heartbeat(): [GHC] T1 tick 10880  uptime 5460 s
[2026-05-14 15:39:28.341] [5465916][I][main.cpp:162] task_watchdog_heartbeat(): [GHC] T1 tick 10890  uptime 5465 s
[2026-05-14 15:39:33.359] [5470934][I][main.cpp:162] task_watchdog_heartbeat(): [GHC] T1 tick 10900  uptime 5470 s
[2026-05-14 15:39:38.377] [5475952][I][main.cpp:162] task_watchdog_heartbeat(): [GHC] T1 tick 10910  uptime 5475 s
[2026-05-14 15:39:43.395] [5480970][I][main.cpp:162] task_watchdog_heartbeat(): [GHC] T1 tick 10920  uptime 5480 s
[2026-05-14 15:39:48.413] [5485988][I][main.cpp:162] task_watchdog_heartbeat(): [GHC] T1 tick 10930  uptime 5485 s
[2026-05-14 15:39:48.554] [5486128][I][sensor_poll.cpp:359] task_sensor_poll(): [T5_SEN] [T5] iter 179 — woke from 30 s delay
[2026-05-14 15:39:48.562] [5486137][I][sensor_poll.cpp:395] task_sensor_poll(): [T5_SEN] [T5] iter 179 — polling FG6485A
[2026-05-14 15:39:48.595] [5486169][I][sensor_poll.cpp:432] task_sensor_poll(): [T5_SEN] [T5] iter 179 — polling S200
[2026-05-14 15:39:49.137] [5486708][I][sensor_poll.cpp:535] task_sensor_poll(): [T5_SEN] [T5] T=24°C RH=38% ws=0.0 m/s wd=0° | avg T=24 RH=38 ws=0.0 wd=0° [win T=12 RH=20 W=12]
[2026-05-14 15:39:49.157] [5486722][I][climate_control.cpp:434] task_climate_control(): [T6_CLI] [T6] T_avg=24 t_max=28 hyst=5 → step_t=0 | RH_avg=38 rh_max=75 rh_min=50 hyst=12 rh_en=1 → step_rh=0 | resolved=0 (was cur_t=0 cur_rh=0)
[2026-05-14 15:39:53.431] [5491006][I][main.cpp:162] task_watchdog_heartbeat(): [GHC] T1 tick 10940  uptime 5491 s
[2026-05-14 15:39:58.449] [5496024][I][main.cpp:162] task_watchdog_heartbeat(): [GHC] T1 tick 10950  uptime 5496 s
[2026-05-14 15:40:03.467] [5501042][I][main.cpp:162] task_watchdog_heartbeat(): [GHC] T1 tick 10960  uptime 5501 s
[2026-05-14 15:40:08.485] [5506060][I][main.cpp:162] task_watchdog_heartbeat(): [GHC] T1 tick 10970  uptime 5506 s
[2026-05-14 15:40:13.503] [5511078][I][main.cpp:162] task_watchdog_heartbeat(): [GHC] T1 tick 10980  uptime 5511 s
[2026-05-14 15:40:18.521] [5516096][I][main.cpp:162] task_watchdog_heartbeat(): [GHC] T1 tick 10990  uptime 5516 s
[2026-05-14 15:40:19.137] [5516709][I][data_manager.cpp:230] read_rtc_and_seed_clock(): [T4] RTC: 2026-05-14 15:40:15 UTC  unix=1778773215  daytime=yes
[2026-05-14 15:40:19.148] [5516722][I][sensor_poll.cpp:359] task_sensor_poll(): [T5_SEN] [T5] iter 180 — woke from 30 s delay
[2026-05-14 15:40:19.156] [5516731][I][sensor_poll.cpp:395] task_sensor_poll(): [T5_SEN] [T5] iter 180 — polling FG6485A
[2026-05-14 15:40:19.189] [5516764][I][sensor_poll.cpp:432] task_sensor_poll(): [T5_SEN] [T5] iter 180 — polling S200
[2026-05-14 15:40:19.731] [5517302][I][sensor_poll.cpp:535] task_sensor_poll(): [T5_SEN] [T5] T=24°C RH=39% ws=0.0 m/s wd=0° | avg T=24 RH=38 ws=0.0 wd=0° [win T=12 RH=20 W=12]
[2026-05-14 15:40:19.751] [5517315][I][climate_control.cpp:434] task_climate_control(): [T6_CLI] [T6] T_avg=24 t_max=28 hyst=5 → step_t=0 | RH_avg=38 rh_max=75 rh_min=50 hyst=12 rh_en=1 → step_rh=0 | resolved=0 (was cur_t=0 cur_rh=0)
[2026-05-14 15:40:23.539] [5521114][I][main.cpp:162] task_watchdog_heartbeat(): [GHC] T1 tick 11000  uptime 5521 s
[2026-05-14 15:40:28.557] [5526132][I][main.cpp:162] task_watchdog_heartbeat(): [GHC] T1 tick 11010  uptime 5526 s
[2026-05-14 15:40:33.575] [5531150][I][main.cpp:162] task_watchdog_heartbeat(): [GHC] T1 tick 11020  uptime 5531 s
[2026-05-14 15:40:38.593] [5536168][I][main.cpp:162] task_watchdog_heartbeat(): [GHC] T1 tick 11030  uptime 5536 s
[2026-05-14 15:40:43.611] [5541186][I][main.cpp:162] task_watchdog_heartbeat(): [GHC] T1 tick 11040  uptime 5541 s
[2026-05-14 15:40:48.629] [5546204][I][main.cpp:162] task_watchdog_heartbeat(): [GHC] T1 tick 11050  uptime 5546 s
[2026-05-14 15:40:49.742] [5547316][I][sensor_poll.cpp:359] task_sensor_poll(): [T5_SEN] [T5] iter 181 — woke from 30 s delay
[2026-05-14 15:40:49.751] [5547325][I][sensor_poll.cpp:395] task_sensor_poll(): [T5_SEN] [T5] iter 181 — polling FG6485A
[2026-05-14 15:40:49.783] [5547357][I][sensor_poll.cpp:432] task_sensor_poll(): [T5_SEN] [T5] iter 181 — polling S200
[2026-05-14 15:40:50.324] [5547895][I][sensor_poll.cpp:535] task_sensor_poll(): [T5_SEN] [T5] T=24°C RH=38% ws=0.0 m/s wd=0° | avg T=24 RH=38 ws=0.0 wd=0° [win T=12 RH=20 W=12]
[2026-05-14 15:40:50.344] [5547908][I][climate_control.cpp:434] task_climate_control(): [T6_CLI] [T6] T_avg=24 t_max=28 hyst=5 → step_t=0 | RH_avg=38 rh_max=75 rh_min=50 hyst=12 rh_en=1 → step_rh=0 | resolved=0 (was cur_t=0 cur_rh=0)
[2026-05-14 15:40:53.647] [5551222][I][main.cpp:162] task_watchdog_heartbeat(): [GHC] T1 tick 11060  uptime 5551 s
[2026-05-14 15:40:58.665] [5556240][I][main.cpp:162] task_watchdog_heartbeat(): [GHC] T1 tick 11070  uptime 5556 s
[2026-05-14 15:41:03.683] [5561258][I][main.cpp:162] task_watchdog_heartbeat(): [GHC] T1 tick 11080  uptime 5561 s
[2026-05-14 15:41:08.701] [5566276][I][main.cpp:162] task_watchdog_heartbeat(): [GHC] T1 tick 11090  uptime 5566 s
[2026-05-14 15:41:13.720] [5571294][I][main.cpp:162] task_watchdog_heartbeat(): [GHC] T1 tick 11100  uptime 5571 s
[2026-05-14 15:41:18.325] [5575896][I][data_manager.cpp:230] read_rtc_and_seed_clock(): [T4] RTC: 2026-05-14 15:41:14 UTC  unix=1778773274  daytime=yes
[2026-05-14 15:41:18.738] [5576312][I][main.cpp:162] task_watchdog_heartbeat(): [GHC] T1 tick 11110  uptime 5576 s
[2026-05-14 15:41:20.336] [5577909][I][sensor_poll.cpp:359] task_sensor_poll(): [T5_SEN] [T5] iter 182 — woke from 30 s delay
[2026-05-14 15:41:20.344] [5577918][I][sensor_poll.cpp:395] task_sensor_poll(): [T5_SEN] [T5] iter 182 — polling FG6485A
[2026-05-14 15:41:20.376] [5577950][I][sensor_poll.cpp:432] task_sensor_poll(): [T5_SEN] [T5] iter 182 — polling S200
[2026-05-14 15:41:20.918] [5578488][I][sensor_poll.cpp:535] task_sensor_poll(): [T5_SEN] [T5] T=24°C RH=39% ws=0.0 m/s wd=0° | avg T=24 RH=38 ws=0.0 wd=0° [win T=12 RH=20 W=12]
[2026-05-14 15:41:20.938] [5578501][I][climate_control.cpp:434] task_climate_control(): [T6_CLI] [T6] T_avg=24 t_max=28 hyst=5 → step_t=0 | RH_avg=38 rh_max=75 rh_min=50 hyst=12 rh_en=1 → step_rh=0 | resolved=0 (was cur_t=0 cur_rh=0)
[2026-05-14 15:41:23.756] [5581330][I][main.cpp:162] task_watchdog_heartbeat(): [GHC] T1 tick 11120  uptime 5581 s
[2026-05-14 15:41:28.774] [5586348][I][main.cpp:162] task_watchdog_heartbeat(): [GHC] T1 tick 11130  uptime 5586 s
[2026-05-14 15:41:33.792] [5591366][I][main.cpp:162] task_watchdog_heartbeat(): [GHC] T1 tick 11140  uptime 5591 s
[2026-05-14 15:41:38.810] [5596384][I][main.cpp:162] task_watchdog_heartbeat(): [GHC] T1 tick 11150  uptime 5596 s
[2026-05-14 15:41:43.828] [5601402][I][main.cpp:162] task_watchdog_heartbeat(): [GHC] T1 tick 11160  uptime 5601 s
[2026-05-14 15:41:48.846] [5606420][I][main.cpp:162] task_watchdog_heartbeat(): [GHC] T1 tick 11170  uptime 5606 s
[2026-05-14 15:41:50.929] [5608502][I][sensor_poll.cpp:359] task_sensor_poll(): [T5_SEN] [T5] iter 183 — woke from 30 s delay
[2026-05-14 15:41:50.937] [5608511][I][sensor_poll.cpp:395] task_sensor_poll(): [T5_SEN] [T5] iter 183 — polling FG6485A
[2026-05-14 15:41:50.970] [5608543][I][sensor_poll.cpp:432] task_sensor_poll(): [T5_SEN] [T5] iter 183 — polling S200
[2026-05-14 15:41:51.512] [5609082][I][sensor_poll.cpp:535] task_sensor_poll(): [T5_SEN] [T5] T=24°C RH=39% ws=0.0 m/s wd=0° | avg T=24 RH=38 ws=0.0 wd=0° [win T=12 RH=20 W=12]
[2026-05-14 15:41:51.532] [5609095][I][climate_control.cpp:434] task_climate_control(): [T6_CLI] [T6] T_avg=24 t_max=28 hyst=5 → step_t=0 | RH_avg=38 rh_max=75 rh_min=50 hyst=12 rh_en=1 → step_rh=0 | resolved=0 (was cur_t=0 cur_rh=0)
[2026-05-14 15:41:53.864] [5611438][I][main.cpp:162] task_watchdog_heartbeat(): [GHC] T1 tick 11180  uptime 5611 s
[2026-05-14 15:41:58.882] [5616456][I][main.cpp:162] task_watchdog_heartbeat(): [GHC] T1 tick 11190  uptime 5616 s
[2026-05-14 15:42:03.900] [5621474][I][main.cpp:162] task_watchdog_heartbeat(): [GHC] T1 tick 11200  uptime 5621 s
[2026-05-14 15:42:08.918] [5626492][I][main.cpp:162] task_watchdog_heartbeat(): [GHC] T1 tick 11210  uptime 5626 s
[2026-05-14 15:42:13.936] [5631510][I][main.cpp:162] task_watchdog_heartbeat(): [GHC] T1 tick 11220  uptime 5631 s
[2026-05-14 15:42:17.513] [5635083][I][data_manager.cpp:230] read_rtc_and_seed_clock(): [T4] RTC: 2026-05-14 15:42:13 UTC  unix=1778773333  daytime=yes
[2026-05-14 15:42:18.954] [5636528][I][main.cpp:162] task_watchdog_heartbeat(): [GHC] T1 tick 11230  uptime 5636 s
[2026-05-14 15:42:21.523] [5639096][I][sensor_poll.cpp:359] task_sensor_poll(): [T5_SEN] [T5] iter 184 — woke from 30 s delay
[2026-05-14 15:42:21.532] [5639105][I][sensor_poll.cpp:395] task_sensor_poll(): [T5_SEN] [T5] iter 184 — polling FG6485A
[2026-05-14 15:42:21.564] [5639138][I][sensor_poll.cpp:432] task_sensor_poll(): [T5_SEN] [T5] iter 184 — polling S200
[2026-05-14 15:42:22.107] [5639676][I][sensor_poll.cpp:535] task_sensor_poll(): [T5_SEN] [T5] T=24°C RH=38% ws=0.0 m/s wd=0° | avg T=24 RH=38 ws=0.0 wd=0° [win T=12 RH=20 W=12]
[2026-05-14 15:42:22.127] [5639690][I][climate_control.cpp:434] task_climate_control(): [T6_CLI] [T6] T_avg=24 t_max=28 hyst=5 → step_t=0 | RH_avg=38 rh_max=75 rh_min=50 hyst=12 rh_en=1 → step_rh=0 | resolved=0 (was cur_t=0 cur_rh=0)
[2026-05-14 15:42:23.972] [5641546][I][main.cpp:162] task_watchdog_heartbeat(): [GHC] T1 tick 11240  uptime 5641 s
[2026-05-14 15:42:28.990] [5646564][I][main.cpp:162] task_watchdog_heartbeat(): [GHC] T1 tick 11250  uptime 5646 s
[2026-05-14 15:42:34.008] [5651582][I][main.cpp:162] task_watchdog_heartbeat(): [GHC] T1 tick 11260  uptime 5651 s
[2026-05-14 15:42:39.027] [5656600][I][main.cpp:162] task_watchdog_heartbeat(): [GHC] T1 tick 11270  uptime 5656 s
[2026-05-14 15:42:44.044] [5661618][I][main.cpp:162] task_watchdog_heartbeat(): [GHC] T1 tick 11280  uptime 5661 s
[2026-05-14 15:42:49.063] [5666636][I][main.cpp:162] task_watchdog_heartbeat(): [GHC] T1 tick 11290  uptime 5666 s
[2026-05-14 15:42:52.118] [5669690][I][sensor_poll.cpp:359] task_sensor_poll(): [T5_SEN] [T5] iter 185 — woke from 30 s delay
[2026-05-14 15:42:52.126] [5669699][I][sensor_poll.cpp:395] task_sensor_poll(): [T5_SEN] [T5] iter 185 — polling FG6485A
[2026-05-14 15:42:52.159] [5669732][I][sensor_poll.cpp:432] task_sensor_poll(): [T5_SEN] [T5] iter 185 — polling S200
[2026-05-14 15:42:52.701] [5670270][I][sensor_poll.cpp:535] task_sensor_poll(): [T5_SEN] [T5] T=24°C RH=39% ws=0.0 m/s wd=0° | avg T=24 RH=38 ws=0.0 wd=0° [win T=12 RH=20 W=12]
[2026-05-14 15:42:52.721] [5670284][I][climate_control.cpp:434] task_climate_control(): [T6_CLI] [T6] T_avg=24 t_max=28 hyst=5 → step_t=0 | RH_avg=38 rh_max=75 rh_min=50 hyst=12 rh_en=1 → step_rh=0 | resolved=0 (was cur_t=0 cur_rh=0)
[2026-05-14 15:42:54.081] [5671654][I][main.cpp:162] task_watchdog_heartbeat(): [GHC] T1 tick 11300  uptime 5671 s
[2026-05-14 15:42:59.099] [5676672][I][main.cpp:162] task_watchdog_heartbeat(): [GHC] T1 tick 11310  uptime 5676 s
[2026-05-14 15:43:04.117] [5681690][I][main.cpp:162] task_watchdog_heartbeat(): [GHC] T1 tick 11320  uptime 5681 s
[2026-05-14 15:43:09.135] [5686708][I][main.cpp:162] task_watchdog_heartbeat(): [GHC] T1 tick 11330  uptime 5686 s
[2026-05-14 15:43:14.153] [5691726][I][main.cpp:162] task_watchdog_heartbeat(): [GHC] T1 tick 11340  uptime 5691 s
[2026-05-14 15:43:16.701] [5694271][I][data_manager.cpp:230] read_rtc_and_seed_clock(): [T4] RTC: 2026-05-14 15:43:12 UTC  unix=1778773392  daytime=yes
[2026-05-14 15:43:19.171] [5696744][I][main.cpp:162] task_watchdog_heartbeat(): [GHC] T1 tick 11350  uptime 5696 s
[2026-05-14 15:43:22.712] [5700284][I][sensor_poll.cpp:359] task_sensor_poll(): [T5_SEN] [T5] iter 186 — woke from 30 s delay
[2026-05-14 15:43:22.720] [5700293][I][sensor_poll.cpp:395] task_sensor_poll(): [T5_SEN] [T5] iter 186 — polling FG6485A
[2026-05-14 15:43:22.753] [5700325][I][sensor_poll.cpp:432] task_sensor_poll(): [T5_SEN] [T5] iter 186 — polling S200
[2026-05-14 15:43:23.294] [5700863][I][sensor_poll.cpp:535] task_sensor_poll(): [T5_SEN] [T5] T=24°C RH=39% ws=0.0 m/s wd=0° | avg T=24 RH=38 ws=0.0 wd=0° [win T=12 RH=20 W=12]
[2026-05-14 15:43:23.314] [5700877][I][climate_control.cpp:434] task_climate_control(): [T6_CLI] [T6] T_avg=24 t_max=28 hyst=5 → step_t=0 | RH_avg=38 rh_max=75 rh_min=50 hyst=12 rh_en=1 → step_rh=0 | resolved=0 (was cur_t=0 cur_rh=0)
[2026-05-14 15:43:24.189] [5701762][I][main.cpp:162] task_watchdog_heartbeat(): [GHC] T1 tick 11360  uptime 5701 s
[2026-05-14 15:43:29.207] [5706780][I][main.cpp:162] task_watchdog_heartbeat(): [GHC] T1 tick 11370  uptime 5706 s
[2026-05-14 15:43:34.225] [5711798][I][main.cpp:162] task_watchdog_heartbeat(): [GHC] T1 tick 11380  uptime 5711 s
[2026-05-14 15:43:39.243] [5716816][I][main.cpp:162] task_watchdog_heartbeat(): [GHC] T1 tick 11390  uptime 5716 s
[2026-05-14 15:43:44.261] [5721834][I][main.cpp:162] task_watchdog_heartbeat(): [GHC] T1 tick 11400  uptime 5721 s
[2026-05-14 15:43:49.279] [5726852][I][main.cpp:162] task_watchdog_heartbeat(): [GHC] T1 tick 11410  uptime 5726 s
[2026-05-14 15:43:53.305] [5730877][I][sensor_poll.cpp:359] task_sensor_poll(): [T5_SEN] [T5] iter 187 — woke from 30 s delay
[2026-05-14 15:43:53.314] [5730886][I][sensor_poll.cpp:395] task_sensor_poll(): [T5_SEN] [T5] iter 187 — polling FG6485A
[2026-05-14 15:43:53.346] [5730918][I][sensor_poll.cpp:432] task_sensor_poll(): [T5_SEN] [T5] iter 187 — polling S200
[2026-05-14 15:43:53.888] [5731457][I][sensor_poll.cpp:535] task_sensor_poll(): [T5_SEN] [T5] T=24°C RH=38% ws=0.0 m/s wd=0° | avg T=24 RH=38 ws=0.0 wd=0° [win T=12 RH=20 W=12]
[2026-05-14 15:43:53.908] [5731470][I][climate_control.cpp:434] task_climate_control(): [T6_CLI] [T6] T_avg=24 t_max=28 hyst=5 → step_t=0 | RH_avg=38 rh_max=75 rh_min=50 hyst=12 rh_en=1 → step_rh=0 | resolved=0 (was cur_t=0 cur_rh=0)
[2026-05-14 15:43:54.297] [5731870][I][main.cpp:162] task_watchdog_heartbeat(): [GHC] T1 tick 11420  uptime 5731 s
[2026-05-14 15:43:59.315] [5736888][I][main.cpp:162] task_watchdog_heartbeat(): [GHC] T1 tick 11430  uptime 5736 s
[2026-05-14 15:44:04.333] [5741906][I][main.cpp:162] task_watchdog_heartbeat(): [GHC] T1 tick 11440  uptime 5741 s
[2026-05-14 15:44:09.351] [5746924][I][main.cpp:162] task_watchdog_heartbeat(): [GHC] T1 tick 11450  uptime 5746 s
[2026-05-14 15:44:14.370] [5751942][I][main.cpp:162] task_watchdog_heartbeat(): [GHC] T1 tick 11460  uptime 5751 s
[2026-05-14 15:44:15.889] [5753458][I][data_manager.cpp:230] read_rtc_and_seed_clock(): [T4] RTC: 2026-05-14 15:44:11 UTC  unix=1778773451  daytime=yes
[2026-05-14 15:44:19.388] [5756960][I][main.cpp:162] task_watchdog_heartbeat(): [GHC] T1 tick 11470  uptime 5756 s
[2026-05-14 15:44:23.900] [5761471][I][sensor_poll.cpp:359] task_sensor_poll(): [T5_SEN] [T5] iter 188 — woke from 30 s delay
[2026-05-14 15:44:23.908] [5761480][I][sensor_poll.cpp:395] task_sensor_poll(): [T5_SEN] [T5] iter 188 — polling FG6485A
[2026-05-14 15:44:23.941] [5761513][I][sensor_poll.cpp:432] task_sensor_poll(): [T5_SEN] [T5] iter 188 — polling S200
[2026-05-14 15:44:24.406] [5761978][I][main.cpp:162] task_watchdog_heartbeat(): [GHC] T1 tick 11480  uptime 5761 s
[2026-05-14 15:44:24.483] [5762051][I][sensor_poll.cpp:535] task_sensor_poll(): [T5_SEN] [T5] T=24°C RH=39% ws=0.0 m/s wd=0° | avg T=24 RH=38 ws=0.0 wd=0° [win T=12 RH=20 W=12]
[2026-05-14 15:44:24.503] [5762064][I][climate_control.cpp:434] task_climate_control(): [T6_CLI] [T6] T_avg=24 t_max=28 hyst=5 → step_t=0 | RH_avg=38 rh_max=75 rh_min=50 hyst=12 rh_en=1 → step_rh=0 | resolved=0 (was cur_t=0 cur_rh=0)
[2026-05-14 15:44:29.424] [5766996][I][main.cpp:162] task_watchdog_heartbeat(): [GHC] T1 tick 11490  uptime 5766 s
[2026-05-14 15:44:34.442] [5772014][I][main.cpp:162] task_watchdog_heartbeat(): [GHC] T1 tick 11500  uptime 5772 s
[2026-05-14 15:44:39.460] [5777032][I][main.cpp:162] task_watchdog_heartbeat(): [GHC] T1 tick 11510  uptime 5777 s
[2026-05-14 15:44:44.478] [5782050][I][main.cpp:162] task_watchdog_heartbeat(): [GHC] T1 tick 11520  uptime 5782 s
[2026-05-14 15:44:49.496] [5787068][I][main.cpp:162] task_watchdog_heartbeat(): [GHC] T1 tick 11530  uptime 5787 s
[2026-05-14 15:44:54.494] [5792065][I][sensor_poll.cpp:359] task_sensor_poll(): [T5_SEN] [T5] iter 189 — woke from 30 s delay
[2026-05-14 15:44:54.502] [5792074][I][sensor_poll.cpp:395] task_sensor_poll(): [T5_SEN] [T5] iter 189 — polling FG6485A
[2026-05-14 15:44:54.514] [5792086][I][main.cpp:162] task_watchdog_heartbeat(): [GHC] T1 tick 11540  uptime 5792 s
[2026-05-14 15:44:54.848] [5792419][W][sensor_poll.cpp:425] task_sensor_poll(): [T5_SEN] [T5] T/RH sensor FAULT — two consecutive read failures
[2026-05-14 15:44:54.857] [5792429][I][sensor_poll.cpp:432] task_sensor_poll(): [T5_SEN] [T5] iter 189 — polling S200
[2026-05-14 15:44:55.400] [5792968][I][sensor_poll.cpp:535] task_sensor_poll(): [T5_SEN] [T5] T=24°C RH=38% ws=0.0 m/s wd=0° | avg T=24 RH=38 ws=0.0 wd=0° [win T=12 RH=20 W=12]
[2026-05-14 15:44:55.412] [5792981][I][climate_control.cpp:371] task_climate_control(): [T6_CLI] [T6] inhibited (EG1=0x0c) — evaluation suspended
[2026-05-14 15:44:59.532] [5797104][I][main.cpp:162] task_watchdog_heartbeat(): [GHC] T1 tick 11550  uptime 5797 s
[2026-05-14 15:45:04.550] [5802122][I][main.cpp:162] task_watchdog_heartbeat(): [GHC] T1 tick 11560  uptime 5802 s
[2026-05-14 15:45:09.568] [5807140][I][main.cpp:162] task_watchdog_heartbeat(): [GHC] T1 tick 11570  uptime 5807 s
[2026-05-14 15:45:14.586] [5812158][I][main.cpp:162] task_watchdog_heartbeat(): [GHC] T1 tick 11580  uptime 5812 s
[2026-05-14 15:45:15.400] [5812969][I][data_manager.cpp:230] read_rtc_and_seed_clock(): [T4] RTC: 2026-05-14 15:45:11 UTC  unix=1778773511  daytime=yes
[2026-05-14 15:45:19.604] [5817176][I][main.cpp:162] task_watchdog_heartbeat(): [GHC] T1 tick 11590  uptime 5817 s
[2026-05-14 15:45:24.622] [5822194][I][main.cpp:162] task_watchdog_heartbeat(): [GHC] T1 tick 11600  uptime 5822 s
[2026-05-14 15:45:25.411] [5822982][I][sensor_poll.cpp:359] task_sensor_poll(): [T5_SEN] [T5] iter 190 — woke from 30 s delay
[2026-05-14 15:45:25.420] [5822991][I][sensor_poll.cpp:395] task_sensor_poll(): [T5_SEN] [T5] iter 190 — polling FG6485A
[2026-05-14 15:45:25.453] [5823023][I][sensor_poll.cpp:415] task_sensor_poll(): [T5_SEN] [T5] T/RH sensor fault cleared (T=24.3°C RH=38.7%)
[2026-05-14 15:45:25.462] [5823033][I][sensor_poll.cpp:432] task_sensor_poll(): [T5_SEN] [T5] iter 190 — polling S200
[2026-05-14 15:45:26.004] [5823572][I][sensor_poll.cpp:535] task_sensor_poll(): [T5_SEN] [T5] T=24°C RH=39% ws=0.0 m/s wd=0° | avg T=24 RH=38 ws=0.0 wd=0° [win T=12 RH=20 W=12]
[2026-05-14 15:45:26.016] [5823585][I][climate_control.cpp:378] task_climate_control(): [T6_CLI] [T6] inhibit cleared — resuming evaluation from step 0
[2026-05-14 15:45:26.036] [5823597][I][climate_control.cpp:434] task_climate_control(): [T6_CLI] [T6] T_avg=24 t_max=28 hyst=5 → step_t=0 | RH_avg=38 rh_max=75 rh_min=50 hyst=12 rh_en=1 → step_rh=0 | resolved=0 (was cur_t=0 cur_rh=0)
[2026-05-14 15:45:29.640] [5827212][I][main.cpp:162] task_watchdog_heartbeat(): [GHC] T1 tick 11610  uptime 5827 s
[2026-05-14 15:45:34.658] [5832230][I][main.cpp:162] task_watchdog_heartbeat(): [GHC] T1 tick 11620  uptime 5832 s
[2026-05-14 15:45:39.676] [5837248][I][main.cpp:162] task_watchdog_heartbeat(): [GHC] T1 tick 11630  uptime 5837 s
[2026-05-14 15:45:44.694] [5842266][I][main.cpp:162] task_watchdog_heartbeat(): [GHC] T1 tick 11640  uptime 5842 s
[2026-05-14 15:45:49.712] [5847284][I][main.cpp:162] task_watchdog_heartbeat(): [GHC] T1 tick 11650  uptime 5847 s
[2026-05-14 15:45:54.730] [5852302][I][main.cpp:162] task_watchdog_heartbeat(): [GHC] T1 tick 11660  uptime 5852 s
[2026-05-14 15:45:56.016] [5853586][I][sensor_poll.cpp:359] task_sensor_poll(): [T5_SEN] [T5] iter 191 — woke from 30 s delay
[2026-05-14 15:45:56.024] [5853595][I][sensor_poll.cpp:395] task_sensor_poll(): [T5_SEN] [T5] iter 191 — polling FG6485A
[2026-05-14 15:45:56.056] [5853627][I][sensor_poll.cpp:432] task_sensor_poll(): [T5_SEN] [T5] iter 191 — polling S200
[2026-05-14 15:45:56.599] [5854166][I][sensor_poll.cpp:535] task_sensor_poll(): [T5_SEN] [T5] T=24°C RH=39% ws=0.0 m/s wd=0° | avg T=24 RH=38 ws=0.0 wd=0° [win T=12 RH=20 W=12]
[2026-05-14 15:45:56.619] [5854179][I][climate_control.cpp:434] task_climate_control(): [T6_CLI] [T6] T_avg=24 t_max=28 hyst=5 → step_t=0 | RH_avg=38 rh_max=75 rh_min=50 hyst=12 rh_en=1 → step_rh=0 | resolved=0 (was cur_t=0 cur_rh=0)
[2026-05-14 15:45:59.748] [5857320][I][main.cpp:162] task_watchdog_heartbeat(): [GHC] T1 tick 11670  uptime 5857 s
[2026-05-14 15:46:04.767] [5862338][I][main.cpp:162] task_watchdog_heartbeat(): [GHC] T1 tick 11680  uptime 5862 s
[2026-05-14 15:46:09.785] [5867356][I][main.cpp:162] task_watchdog_heartbeat(): [GHC] T1 tick 11690  uptime 5867 s
[2026-05-14 15:46:14.599] [5872167][I][data_manager.cpp:230] read_rtc_and_seed_clock(): [T4] RTC: 2026-05-14 15:46:10 UTC  unix=1778773570  daytime=yes
[2026-05-14 15:46:14.803] [5872374][I][main.cpp:162] task_watchdog_heartbeat(): [GHC] T1 tick 11700  uptime 5872 s
[2026-05-14 15:46:19.821] [5877392][I][main.cpp:162] task_watchdog_heartbeat(): [GHC] T1 tick 11710  uptime 5877 s
[2026-05-14 15:46:24.839] [5882410][I][main.cpp:162] task_watchdog_heartbeat(): [GHC] T1 tick 11720  uptime 5882 s
[2026-05-14 15:46:26.610] [5884180][I][sensor_poll.cpp:359] task_sensor_poll(): [T5_SEN] [T5] iter 192 — woke from 30 s delay
[2026-05-14 15:46:26.618] [5884189][I][sensor_poll.cpp:395] task_sensor_poll(): [T5_SEN] [T5] iter 192 — polling FG6485A
[2026-05-14 15:46:26.650] [5884221][I][sensor_poll.cpp:432] task_sensor_poll(): [T5_SEN] [T5] iter 192 — polling S200
[2026-05-14 15:46:27.193] [5884760][I][sensor_poll.cpp:535] task_sensor_poll(): [T5_SEN] [T5] T=24°C RH=39% ws=0.0 m/s wd=0° | avg T=24 RH=38 ws=0.0 wd=0° [win T=12 RH=20 W=12]
[2026-05-14 15:46:27.213] [5884773][I][climate_control.cpp:434] task_climate_control(): [T6_CLI] [T6] T_avg=24 t_max=28 hyst=5 → step_t=0 | RH_avg=38 rh_max=75 rh_min=50 hyst=12 rh_en=1 → step_rh=0 | resolved=0 (was cur_t=0 cur_rh=0)
[2026-05-14 15:46:29.857] [5887428][I][main.cpp:162] task_watchdog_heartbeat(): [GHC] T1 tick 11730  uptime 5887 s
[2026-05-14 15:46:34.875] [5892446][I][main.cpp:162] task_watchdog_heartbeat(): [GHC] T1 tick 11740  uptime 5892 s
[2026-05-14 15:46:39.893] [5897464][I][main.cpp:162] task_watchdog_heartbeat(): [GHC] T1 tick 11750  uptime 5897 s
[2026-05-14 15:46:44.911] [5902482][I][main.cpp:162] task_watchdog_heartbeat(): [GHC] T1 tick 11760  uptime 5902 s
[2026-05-14 15:46:49.929] [5907500][I][main.cpp:162] task_watchdog_heartbeat(): [GHC] T1 tick 11770  uptime 5907 s
[2026-05-14 15:46:54.947] [5912518][I][main.cpp:162] task_watchdog_heartbeat(): [GHC] T1 tick 11780  uptime 5912 s
[2026-05-14 15:46:57.204] [5914774][I][sensor_poll.cpp:359] task_sensor_poll(): [T5_SEN] [T5] iter 193 — woke from 30 s delay
[2026-05-14 15:46:57.213] [5914783][I][sensor_poll.cpp:395] task_sensor_poll(): [T5_SEN] [T5] iter 193 — polling FG6485A
[2026-05-14 15:46:57.245] [5914816][I][sensor_poll.cpp:432] task_sensor_poll(): [T5_SEN] [T5] iter 193 — polling S200
[2026-05-14 15:46:57.787] [5915354][I][sensor_poll.cpp:535] task_sensor_poll(): [T5_SEN] [T5] T=24°C RH=39% ws=0.0 m/s wd=0° | avg T=24 RH=38 ws=0.0 wd=0° [win T=12 RH=20 W=12]
[2026-05-14 15:46:57.807] [5915368][I][climate_control.cpp:434] task_climate_control(): [T6_CLI] [T6] T_avg=24 t_max=28 hyst=5 → step_t=0 | RH_avg=38 rh_max=75 rh_min=50 hyst=12 rh_en=1 → step_rh=0 | resolved=0 (was cur_t=0 cur_rh=0)
[2026-05-14 15:46:59.965] [5917536][I][main.cpp:162] task_watchdog_heartbeat(): [GHC] T1 tick 11790  uptime 5917 s
[2026-05-14 15:47:04.983] [5922554][I][main.cpp:162] task_watchdog_heartbeat(): [GHC] T1 tick 11800  uptime 5922 s
[2026-05-14 15:47:10.001] [5927572][I][main.cpp:162] task_watchdog_heartbeat(): [GHC] T1 tick 11810  uptime 5927 s
[2026-05-14 15:47:13.788] [5931355][I][data_manager.cpp:230] read_rtc_and_seed_clock(): [T4] RTC: 2026-05-14 15:47:09 UTC  unix=1778773629  daytime=yes
[2026-05-14 15:47:15.019] [5932590][I][main.cpp:162] task_watchdog_heartbeat(): [GHC] T1 tick 11820  uptime 5932 s
[2026-05-14 15:47:20.037] [5937608][I][main.cpp:162] task_watchdog_heartbeat(): [GHC] T1 tick 11830  uptime 5937 s
[2026-05-14 15:47:25.055] [5942626][I][main.cpp:162] task_watchdog_heartbeat(): [GHC] T1 tick 11840  uptime 5942 s
[2026-05-14 15:47:27.798] [5945368][I][sensor_poll.cpp:359] task_sensor_poll(): [T5_SEN] [T5] iter 194 — woke from 30 s delay
[2026-05-14 15:47:27.807] [5945377][I][sensor_poll.cpp:395] task_sensor_poll(): [T5_SEN] [T5] iter 194 — polling FG6485A
[2026-05-14 15:47:27.839] [5945409][I][sensor_poll.cpp:432] task_sensor_poll(): [T5_SEN] [T5] iter 194 — polling S200
[2026-05-14 15:47:28.381] [5945947][I][sensor_poll.cpp:535] task_sensor_poll(): [T5_SEN] [T5] T=24°C RH=39% ws=0.0 m/s wd=0° | avg T=24 RH=38 ws=0.0 wd=0° [win T=12 RH=20 W=12]
[2026-05-14 15:47:28.400] [5945961][I][climate_control.cpp:434] task_climate_control(): [T6_CLI] [T6] T_avg=24 t_max=28 hyst=5 → step_t=0 | RH_avg=38 rh_max=75 rh_min=50 hyst=12 rh_en=1 → step_rh=0 | resolved=0 (was cur_t=0 cur_rh=0)
[2026-05-14 15:47:30.073] [5947644][I][main.cpp:162] task_watchdog_heartbeat(): [GHC] T1 tick 11850  uptime 5947 s
[2026-05-14 15:47:35.090] [5952661][I][main.cpp:162] task_watchdog_heartbeat(): [GHC] T1 tick 11860  uptime 5952 s
[2026-05-14 15:47:40.108] [5957679][I][main.cpp:162] task_watchdog_heartbeat(): [GHC] T1 tick 11870  uptime 5957 s
[2026-05-14 15:47:45.126] [5962697][I][main.cpp:162] task_watchdog_heartbeat(): [GHC] T1 tick 11880  uptime 5962 s
[2026-05-14 15:47:50.144] [5967715][I][main.cpp:162] task_watchdog_heartbeat(): [GHC] T1 tick 11890  uptime 5967 s
[2026-05-14 15:47:55.163] [5972733][I][main.cpp:162] task_watchdog_heartbeat(): [GHC] T1 tick 11900  uptime 5972 s
[2026-05-14 15:47:58.392] [5975961][I][sensor_poll.cpp:359] task_sensor_poll(): [T5_SEN] [T5] iter 195 — woke from 30 s delay
[2026-05-14 15:47:58.400] [5975970][I][sensor_poll.cpp:395] task_sensor_poll(): [T5_SEN] [T5] iter 195 — polling FG6485A
[2026-05-14 15:47:58.432] [5976002][I][sensor_poll.cpp:432] task_sensor_poll(): [T5_SEN] [T5] iter 195 — polling S200
[2026-05-14 15:47:58.975] [5976541][I][sensor_poll.cpp:535] task_sensor_poll(): [T5_SEN] [T5] T=24°C RH=39% ws=0.0 m/s wd=0° | avg T=24 RH=38 ws=0.0 wd=0° [win T=12 RH=20 W=12]
[2026-05-14 15:47:58.995] [5976554][I][climate_control.cpp:434] task_climate_control(): [T6_CLI] [T6] T_avg=24 t_max=28 hyst=5 → step_t=0 | RH_avg=38 rh_max=75 rh_min=50 hyst=12 rh_en=1 → step_rh=0 | resolved=0 (was cur_t=0 cur_rh=0)
[2026-05-14 15:48:00.181] [5977751][I][main.cpp:162] task_watchdog_heartbeat(): [GHC] T1 tick 11910  uptime 5977 s
[2026-05-14 15:48:05.199] [5982769][I][main.cpp:162] task_watchdog_heartbeat(): [GHC] T1 tick 11920  uptime 5982 s
[2026-05-14 15:48:10.217] [5987787][I][main.cpp:162] task_watchdog_heartbeat(): [GHC] T1 tick 11930  uptime 5987 s
[2026-05-14 15:48:12.975] [5990542][I][data_manager.cpp:230] read_rtc_and_seed_clock(): [T4] RTC: 2026-05-14 15:48:08 UTC  unix=1778773688  daytime=yes
[2026-05-14 15:48:15.235] [5992805][I][main.cpp:162] task_watchdog_heartbeat(): [GHC] T1 tick 11940  uptime 5992 s
[2026-05-14 15:48:20.253] [5997823][I][main.cpp:162] task_watchdog_heartbeat(): [GHC] T1 tick 11950  uptime 5997 s
[2026-05-14 15:48:25.271] [6002841][I][main.cpp:162] task_watchdog_heartbeat(): [GHC] T1 tick 11960  uptime 6002 s
[2026-05-14 15:48:28.986] [6006555][I][sensor_poll.cpp:359] task_sensor_poll(): [T5_SEN] [T5] iter 196 — woke from 30 s delay
[2026-05-14 15:48:28.994] [6006564][I][sensor_poll.cpp:395] task_sensor_poll(): [T5_SEN] [T5] iter 196 — polling FG6485A
[2026-05-14 15:48:29.027] [6006596][I][sensor_poll.cpp:432] task_sensor_poll(): [T5_SEN] [T5] iter 196 — polling S200
[2026-05-14 15:48:29.569] [6007135][I][sensor_poll.cpp:535] task_sensor_poll(): [T5_SEN] [T5] T=24°C RH=39% ws=0.0 m/s wd=0° | avg T=24 RH=38 ws=0.0 wd=0° [win T=12 RH=20 W=12]
[2026-05-14 15:48:29.589] [6007148][I][climate_control.cpp:434] task_climate_control(): [T6_CLI] [T6] T_avg=24 t_max=28 hyst=5 → step_t=0 | RH_avg=38 rh_max=75 rh_min=50 hyst=12 rh_en=1 → step_rh=0 | resolved=0 (was cur_t=0 cur_rh=0)
[2026-05-14 15:48:30.289] [6007859][I][main.cpp:162] task_watchdog_heartbeat(): [GHC] T1 tick 11970  uptime 6007 s
[2026-05-14 15:48:35.307] [6012877][I][main.cpp:162] task_watchdog_heartbeat(): [GHC] T1 tick 11980  uptime 6012 s
[2026-05-14 15:48:40.325] [6017895][I][main.cpp:162] task_watchdog_heartbeat(): [GHC] T1 tick 11990  uptime 6017 s
[2026-05-14 15:48:45.342] [6022913][I][main.cpp:162] task_watchdog_heartbeat(): [GHC] T1 tick 12000  uptime 6022 s
[2026-05-14 15:48:45.350] [6022921][I][main.cpp:247] task_watchdog_heartbeat(): [GHC] stack T1  hwm=2044 B
[2026-05-14 15:48:45.356] [6022929][I][main.cpp:247] task_watchdog_heartbeat(): [GHC] stack T2  hwm=6380 B
[2026-05-14 15:48:45.364] [6022936][I][main.cpp:247] task_watchdog_heartbeat(): [GHC] stack T3  hwm=1980 B
[2026-05-14 15:48:45.373] [6022943][I][main.cpp:247] task_watchdog_heartbeat(): [GHC] stack T4  hwm=3980 B
[2026-05-14 15:48:45.379] [6022951][I][main.cpp:247] task_watchdog_heartbeat(): [GHC] stack T5  hwm=4124 B
[2026-05-14 15:48:45.387] [6022958][I][main.cpp:247] task_watchdog_heartbeat(): [GHC] stack T6  hwm=1596 B
[2026-05-14 15:48:45.394] [6022965][I][main.cpp:247] task_watchdog_heartbeat(): [GHC] stack T7  hwm=2464 B
[2026-05-14 15:48:45.402] [6022973][I][main.cpp:247] task_watchdog_heartbeat(): [GHC] stack T8  hwm=5740 B
[2026-05-14 15:48:45.408] [6022980][I][main.cpp:247] task_watchdog_heartbeat(): [GHC] stack T9  hwm=2524 B
[2026-05-14 15:48:45.416] [6022987][I][main.cpp:247] task_watchdog_heartbeat(): [GHC] stack T10 hwm=5632 B
[2026-05-14 15:48:45.422] [6022995][I][main.cpp:247] task_watchdog_heartbeat(): [GHC] stack T11 hwm=5536 B
[2026-05-14 15:48:45.431] [6023002][I][main.cpp:247] task_watchdog_heartbeat(): [GHC] stack T12 hwm=7464 B
[2026-05-14 15:48:45.439] [6023010][I][main.cpp:247] task_watchdog_heartbeat(): [GHC] stack T14 hwm=6692 B
[2026-05-14 15:48:45.446] [6023017][I][main.cpp:247] task_watchdog_heartbeat(): [GHC] stack T15 hwm=2376 B
[2026-05-14 15:48:50.464] [6028034][I][main.cpp:162] task_watchdog_heartbeat(): [GHC] T1 tick 12010  uptime 6028 s
[2026-05-14 15:48:55.482] [6033052][I][main.cpp:162] task_watchdog_heartbeat(): [GHC] T1 tick 12020  uptime 6033 s
[2026-05-14 15:48:59.580] [6037149][I][sensor_poll.cpp:359] task_sensor_poll(): [T5_SEN] [T5] iter 197 — woke from 30 s delay
[2026-05-14 15:48:59.588] [6037158][I][sensor_poll.cpp:395] task_sensor_poll(): [T5_SEN] [T5] iter 197 — polling FG6485A
[2026-05-14 15:48:59.621] [6037191][I][sensor_poll.cpp:432] task_sensor_poll(): [T5_SEN] [T5] iter 197 — polling S200
[2026-05-14 15:49:00.163] [6037729][I][sensor_poll.cpp:535] task_sensor_poll(): [T5_SEN] [T5] T=24°C RH=38% ws=0.0 m/s wd=0° | avg T=24 RH=38 ws=0.0 wd=0° [win T=12 RH=20 W=12]
[2026-05-14 15:49:00.183] [6037743][I][climate_control.cpp:434] task_climate_control(): [T6_CLI] [T6] T_avg=24 t_max=28 hyst=5 → step_t=0 | RH_avg=38 rh_max=75 rh_min=50 hyst=12 rh_en=1 → step_rh=0 | resolved=0 (was cur_t=0 cur_rh=0)
[2026-05-14 15:49:00.500] [6038070][I][main.cpp:162] task_watchdog_heartbeat(): [GHC] T1 tick 12030  uptime 6038 s
[2026-05-14 15:49:05.518] [6043088][I][main.cpp:162] task_watchdog_heartbeat(): [GHC] T1 tick 12040  uptime 6043 s
[2026-05-14 15:49:10.536] [6048106][I][main.cpp:162] task_watchdog_heartbeat(): [GHC] T1 tick 12050  uptime 6048 s
[2026-05-14 15:49:12.163] [6049730][I][data_manager.cpp:230] read_rtc_and_seed_clock(): [T4] RTC: 2026-05-14 15:49:08 UTC  unix=1778773748  daytime=yes
[2026-05-14 15:49:15.554] [6053124][I][main.cpp:162] task_watchdog_heartbeat(): [GHC] T1 tick 12060  uptime 6053 s
[2026-05-14 15:49:20.572] [6058142][I][main.cpp:162] task_watchdog_heartbeat(): [GHC] T1 tick 12070  uptime 6058 s
[2026-05-14 15:49:25.590] [6063160][I][main.cpp:162] task_watchdog_heartbeat(): [GHC] T1 tick 12080  uptime 6063 s
[2026-05-14 15:49:30.174] [6067743][I][sensor_poll.cpp:359] task_sensor_poll(): [T5_SEN] [T5] iter 198 — woke from 30 s delay
[2026-05-14 15:49:30.183] [6067752][I][sensor_poll.cpp:395] task_sensor_poll(): [T5_SEN] [T5] iter 198 — polling FG6485A
[2026-05-14 15:49:30.215] [6067784][I][sensor_poll.cpp:432] task_sensor_poll(): [T5_SEN] [T5] iter 198 — polling S200
[2026-05-14 15:49:30.608] [6068178][I][main.cpp:162] task_watchdog_heartbeat(): [GHC] T1 tick 12090  uptime 6068 s
[2026-05-14 15:49:30.757] [6068322][I][sensor_poll.cpp:535] task_sensor_poll(): [T5_SEN] [T5] T=24°C RH=39% ws=0.0 m/s wd=0° | avg T=24 RH=38 ws=0.0 wd=0° [win T=12 RH=20 W=12]
[2026-05-14 15:49:30.776] [6068335][I][climate_control.cpp:434] task_climate_control(): [T6_CLI] [T6] T_avg=24 t_max=28 hyst=5 → step_t=0 | RH_avg=38 rh_max=75 rh_min=50 hyst=12 rh_en=1 → step_rh=0 | resolved=0 (was cur_t=0 cur_rh=0)
[2026-05-14 15:49:35.626] [6073196][I][main.cpp:162] task_watchdog_heartbeat(): [GHC] T1 tick 12100  uptime 6073 s
[2026-05-14 15:49:40.644] [6078214][I][main.cpp:162] task_watchdog_heartbeat(): [GHC] T1 tick 12110  uptime 6078 s
[2026-05-14 15:49:45.663] [6083232][I][main.cpp:162] task_watchdog_heartbeat(): [GHC] T1 tick 12120  uptime 6083 s
[2026-05-14 15:49:50.681] [6088250][I][main.cpp:162] task_watchdog_heartbeat(): [GHC] T1 tick 12130  uptime 6088 s
[2026-05-14 15:49:55.698] [6093268][I][main.cpp:162] task_watchdog_heartbeat(): [GHC] T1 tick 12140  uptime 6093 s
[2026-05-14 15:50:00.716] [6098286][I][main.cpp:162] task_watchdog_heartbeat(): [GHC] T1 tick 12150  uptime 6098 s
[2026-05-14 15:50:00.768] [6098336][I][sensor_poll.cpp:359] task_sensor_poll(): [T5_SEN] [T5] iter 199 — woke from 30 s delay
[2026-05-14 15:50:00.776] [6098345][I][sensor_poll.cpp:395] task_sensor_poll(): [T5_SEN] [T5] iter 199 — polling FG6485A
[2026-05-14 15:50:00.808] [6098377][I][sensor_poll.cpp:432] task_sensor_poll(): [T5_SEN] [T5] iter 199 — polling S200
[2026-05-14 15:50:01.350] [6098915][I][sensor_poll.cpp:535] task_sensor_poll(): [T5_SEN] [T5] T=24°C RH=39% ws=0.0 m/s wd=0° | avg T=24 RH=39 ws=0.0 wd=0° [win T=12 RH=20 W=12]
[2026-05-14 15:50:01.370] [6098928][I][climate_control.cpp:434] task_climate_control(): [T6_CLI] [T6] T_avg=24 t_max=28 hyst=5 → step_t=0 | RH_avg=39 rh_max=75 rh_min=50 hyst=12 rh_en=1 → step_rh=0 | resolved=0 (was cur_t=0 cur_rh=0)
[2026-05-14 15:50:05.734] [6103304][I][main.cpp:162] task_watchdog_heartbeat(): [GHC] T1 tick 12160  uptime 6103 s
[2026-05-14 15:50:10.753] [6108322][I][main.cpp:162] task_watchdog_heartbeat(): [GHC] T1 tick 12170  uptime 6108 s
[2026-05-14 15:50:11.350] [6108916][I][data_manager.cpp:230] read_rtc_and_seed_clock(): [T4] RTC: 2026-05-14 15:50:07 UTC  unix=1778773807  daytime=yes
[2026-05-14 15:50:15.771] [6113340][I][main.cpp:162] task_watchdog_heartbeat(): [GHC] T1 tick 12180  uptime 6113 s
[2026-05-14 15:50:20.789] [6118358][I][main.cpp:162] task_watchdog_heartbeat(): [GHC] T1 tick 12190  uptime 6118 s
[2026-05-14 15:50:25.807] [6123376][I][main.cpp:162] task_watchdog_heartbeat(): [GHC] T1 tick 12200  uptime 6123 s
[2026-05-14 15:50:30.825] [6128394][I][main.cpp:162] task_watchdog_heartbeat(): [GHC] T1 tick 12210  uptime 6128 s
[2026-05-14 15:50:31.361] [6128929][I][sensor_poll.cpp:359] task_sensor_poll(): [T5_SEN] [T5] iter 200 — woke from 30 s delay
[2026-05-14 15:50:31.369] [6128938][I][sensor_poll.cpp:395] task_sensor_poll(): [T5_SEN] [T5] iter 200 — polling FG6485A
[2026-05-14 15:50:31.402] [6128970][I][sensor_poll.cpp:432] task_sensor_poll(): [T5_SEN] [T5] iter 200 — polling S200
[2026-05-14 15:50:31.944] [6129509][I][sensor_poll.cpp:535] task_sensor_poll(): [T5_SEN] [T5] T=24°C RH=39% ws=0.0 m/s wd=0° | avg T=24 RH=39 ws=0.0 wd=0° [win T=12 RH=20 W=12]
[2026-05-14 15:50:31.964] [6129522][I][climate_control.cpp:434] task_climate_control(): [T6_CLI] [T6] T_avg=24 t_max=28 hyst=5 → step_t=0 | RH_avg=39 rh_max=75 rh_min=50 hyst=12 rh_en=1 → step_rh=0 | resolved=0 (was cur_t=0 cur_rh=0)
[2026-05-14 15:50:35.843] [6133412][I][main.cpp:162] task_watchdog_heartbeat(): [GHC] T1 tick 12220  uptime 6133 s
[2026-05-14 15:50:40.861] [6138430][I][main.cpp:162] task_watchdog_heartbeat(): [GHC] T1 tick 12230  uptime 6138 s
[2026-05-14 15:50:45.879] [6143448][I][main.cpp:162] task_watchdog_heartbeat(): [GHC] T1 tick 12240  uptime 6143 s
[2026-05-14 15:50:50.897] [6148466][I][main.cpp:162] task_watchdog_heartbeat(): [GHC] T1 tick 12250  uptime 6148 s
[2026-05-14 15:50:55.915] [6153484][I][main.cpp:162] task_watchdog_heartbeat(): [GHC] T1 tick 12260  uptime 6153 s
[2026-05-14 15:51:00.933] [6158502][I][main.cpp:162] task_watchdog_heartbeat(): [GHC] T1 tick 12270  uptime 6158 s
[2026-05-14 15:51:01.955] [6159523][I][sensor_poll.cpp:359] task_sensor_poll(): [T5_SEN] [T5] iter 201 — woke from 30 s delay
[2026-05-14 15:51:01.964] [6159532][I][sensor_poll.cpp:395] task_sensor_poll(): [T5_SEN] [T5] iter 201 — polling FG6485A
[2026-05-14 15:51:01.996] [6159565][I][sensor_poll.cpp:432] task_sensor_poll(): [T5_SEN] [T5] iter 201 — polling S200
[2026-05-14 15:51:02.538] [6160103][I][sensor_poll.cpp:535] task_sensor_poll(): [T5_SEN] [T5] T=24°C RH=39% ws=0.0 m/s wd=0° | avg T=24 RH=39 ws=0.0 wd=0° [win T=12 RH=20 W=12]
[2026-05-14 15:51:02.558] [6160117][I][climate_control.cpp:434] task_climate_control(): [T6_CLI] [T6] T_avg=24 t_max=28 hyst=5 → step_t=0 | RH_avg=39 rh_max=75 rh_min=50 hyst=12 rh_en=1 → step_rh=0 | resolved=0 (was cur_t=0 cur_rh=0)
[2026-05-14 15:51:05.951] [6163520][I][main.cpp:162] task_watchdog_heartbeat(): [GHC] T1 tick 12280  uptime 6163 s
[2026-05-14 15:51:10.538] [6168104][I][data_manager.cpp:230] read_rtc_and_seed_clock(): [T4] RTC: 2026-05-14 15:51:06 UTC  unix=1778773866  daytime=yes
[2026-05-14 15:51:10.969] [6168538][I][main.cpp:162] task_watchdog_heartbeat(): [GHC] T1 tick 12290  uptime 6168 s
[2026-05-14 15:51:15.987] [6173556][I][main.cpp:162] task_watchdog_heartbeat(): [GHC] T1 tick 12300  uptime 6173 s
[2026-05-14 15:51:21.005] [6178574][I][main.cpp:162] task_watchdog_heartbeat(): [GHC] T1 tick 12310  uptime 6178 s
[2026-05-14 15:51:26.023] [6183592][I][main.cpp:162] task_watchdog_heartbeat(): [GHC] T1 tick 12320  uptime 6183 s
[2026-05-14 15:51:31.041] [6188610][I][main.cpp:162] task_watchdog_heartbeat(): [GHC] T1 tick 12330  uptime 6188 s
[2026-05-14 15:51:32.550] [6190117][I][sensor_poll.cpp:359] task_sensor_poll(): [T5_SEN] [T5] iter 202 — woke from 30 s delay
[2026-05-14 15:51:32.558] [6190126][I][sensor_poll.cpp:395] task_sensor_poll(): [T5_SEN] [T5] iter 202 — polling FG6485A
[2026-05-14 15:51:32.591] [6190159][I][sensor_poll.cpp:432] task_sensor_poll(): [T5_SEN] [T5] iter 202 — polling S200
[2026-05-14 15:51:33.134] [6190697][I][sensor_poll.cpp:535] task_sensor_poll(): [T5_SEN] [T5] T=24°C RH=39% ws=0.0 m/s wd=0° | avg T=24 RH=39 ws=0.0 wd=0° [win T=12 RH=20 W=12]
[2026-05-14 15:51:33.152] [6190711][I][climate_control.cpp:434] task_climate_control(): [T6_CLI] [T6] T_avg=24 t_max=28 hyst=5 → step_t=0 | RH_avg=39 rh_max=75 rh_min=50 hyst=12 rh_en=1 → step_rh=0 | resolved=0 (was cur_t=0 cur_rh=0)
[2026-05-14 15:51:36.059] [6193628][I][main.cpp:162] task_watchdog_heartbeat(): [GHC] T1 tick 12340  uptime 6193 s
[2026-05-14 15:51:41.077] [6198646][I][main.cpp:162] task_watchdog_heartbeat(): [GHC] T1 tick 12350  uptime 6198 s
[2026-05-14 15:51:46.094] [6203663][I][main.cpp:162] task_watchdog_heartbeat(): [GHC] T1 tick 12360  uptime 6203 s
[2026-05-14 15:51:51.112] [6208681][I][main.cpp:162] task_watchdog_heartbeat(): [GHC] T1 tick 12370  uptime 6208 s
[2026-05-14 15:51:56.130] [6213699][I][main.cpp:162] task_watchdog_heartbeat(): [GHC] T1 tick 12380  uptime 6213 s
[2026-05-14 15:52:01.148] [6218717][I][main.cpp:162] task_watchdog_heartbeat(): [GHC] T1 tick 12390  uptime 6218 s
[2026-05-14 15:52:03.144] [6220711][I][sensor_poll.cpp:359] task_sensor_poll(): [T5_SEN] [T5] iter 203 — woke from 30 s delay
[2026-05-14 15:52:03.152] [6220720][I][sensor_poll.cpp:395] task_sensor_poll(): [T5_SEN] [T5] iter 203 — polling FG6485A
[2026-05-14 15:52:03.184] [6220752][I][sensor_poll.cpp:432] task_sensor_poll(): [T5_SEN] [T5] iter 203 — polling S200
[2026-05-14 15:52:03.725] [6221290][I][sensor_poll.cpp:535] task_sensor_poll(): [T5_SEN] [T5] T=24°C RH=39% ws=0.0 m/s wd=0° | avg T=24 RH=39 ws=0.0 wd=0° [win T=12 RH=20 W=12]
[2026-05-14 15:52:03.746] [6221304][I][climate_control.cpp:434] task_climate_control(): [T6_CLI] [T6] T_avg=24 t_max=28 hyst=5 → step_t=0 | RH_avg=39 rh_max=75 rh_min=50 hyst=12 rh_en=1 → step_rh=0 | resolved=0 (was cur_t=0 cur_rh=0)
[2026-05-14 15:52:06.167] [6223735][I][main.cpp:162] task_watchdog_heartbeat(): [GHC] T1 tick 12400  uptime 6223 s
[2026-05-14 15:52:09.725] [6227291][I][data_manager.cpp:230] read_rtc_and_seed_clock(): [T4] RTC: 2026-05-14 15:52:05 UTC  unix=1778773925  daytime=yes
[2026-05-14 15:52:11.185] [6228753][I][main.cpp:162] task_watchdog_heartbeat(): [GHC] T1 tick 12410  uptime 6228 s
[2026-05-14 15:52:16.203] [6233771][I][main.cpp:162] task_watchdog_heartbeat(): [GHC] T1 tick 12420  uptime 6233 s
[2026-05-14 15:52:21.221] [6238789][I][main.cpp:162] task_watchdog_heartbeat(): [GHC] T1 tick 12430  uptime 6238 s
[2026-05-14 15:52:26.239] [6243807][I][main.cpp:162] task_watchdog_heartbeat(): [GHC] T1 tick 12440  uptime 6243 s
[2026-05-14 15:52:31.257] [6248825][I][main.cpp:162] task_watchdog_heartbeat(): [GHC] T1 tick 12450  uptime 6248 s
[2026-05-14 15:52:33.737] [6251304][I][sensor_poll.cpp:359] task_sensor_poll(): [T5_SEN] [T5] iter 204 — woke from 30 s delay
[2026-05-14 15:52:33.745] [6251313][I][sensor_poll.cpp:395] task_sensor_poll(): [T5_SEN] [T5] iter 204 — polling FG6485A
[2026-05-14 15:52:33.778] [6251345][I][sensor_poll.cpp:432] task_sensor_poll(): [T5_SEN] [T5] iter 204 — polling S200
[2026-05-14 15:52:34.320] [6251884][I][sensor_poll.cpp:535] task_sensor_poll(): [T5_SEN] [T5] T=24°C RH=39% ws=0.0 m/s wd=0° | avg T=24 RH=39 ws=0.0 wd=0° [win T=12 RH=20 W=12]
[2026-05-14 15:52:34.340] [6251897][I][climate_control.cpp:434] task_climate_control(): [T6_CLI] [T6] T_avg=24 t_max=28 hyst=5 → step_t=0 | RH_avg=39 rh_max=75 rh_min=50 hyst=12 rh_en=1 → step_rh=0 | resolved=0 (was cur_t=0 cur_rh=0)
[2026-05-14 15:52:36.275] [6253843][I][main.cpp:162] task_watchdog_heartbeat(): [GHC] T1 tick 12460  uptime 6253 s
[2026-05-14 15:52:41.293] [6258861][I][main.cpp:162] task_watchdog_heartbeat(): [GHC] T1 tick 12470  uptime 6258 s
[2026-05-14 15:52:46.311] [6263879][I][main.cpp:162] task_watchdog_heartbeat(): [GHC] T1 tick 12480  uptime 6263 s
[2026-05-14 15:52:51.329] [6268897][I][main.cpp:162] task_watchdog_heartbeat(): [GHC] T1 tick 12490  uptime 6268 s
[2026-05-14 15:52:56.347] [6273915][I][main.cpp:162] task_watchdog_heartbeat(): [GHC] T1 tick 12500  uptime 6273 s
[2026-05-14 15:53:01.365] [6278933][I][main.cpp:162] task_watchdog_heartbeat(): [GHC] T1 tick 12510  uptime 6278 s
[2026-05-14 15:53:04.331] [6281898][I][sensor_poll.cpp:359] task_sensor_poll(): [T5_SEN] [T5] iter 205 — woke from 30 s delay
[2026-05-14 15:53:04.339] [6281907][I][sensor_poll.cpp:395] task_sensor_poll(): [T5_SEN] [T5] iter 205 — polling FG6485A
[2026-05-14 15:53:04.372] [6281940][I][sensor_poll.cpp:432] task_sensor_poll(): [T5_SEN] [T5] iter 205 — polling S200
[2026-05-14 15:53:04.914] [6282478][I][sensor_poll.cpp:535] task_sensor_poll(): [T5_SEN] [T5] T=24°C RH=38% ws=0.0 m/s wd=0° | avg T=24 RH=39 ws=0.0 wd=0° [win T=12 RH=20 W=12]
[2026-05-14 15:53:04.934] [6282491][I][climate_control.cpp:434] task_climate_control(): [T6_CLI] [T6] T_avg=24 t_max=28 hyst=5 → step_t=0 | RH_avg=39 rh_max=75 rh_min=50 hyst=12 rh_en=1 → step_rh=0 | resolved=0 (was cur_t=0 cur_rh=0)
[2026-05-14 15:53:06.383] [6283951][I][main.cpp:162] task_watchdog_heartbeat(): [GHC] T1 tick 12520  uptime 6283 s
[2026-05-14 15:53:08.914] [6286479][I][data_manager.cpp:230] read_rtc_and_seed_clock(): [T4] RTC: 2026-05-14 15:53:04 UTC  unix=1778773984  daytime=yes
[2026-05-14 15:53:11.401] [6288969][I][main.cpp:162] task_watchdog_heartbeat(): [GHC] T1 tick 12530  uptime 6288 s
[2026-05-14 15:53:16.419] [6293987][I][main.cpp:162] task_watchdog_heartbeat(): [GHC] T1 tick 12540  uptime 6293 s
[2026-05-14 15:53:21.437] [6299005][I][main.cpp:162] task_watchdog_heartbeat(): [GHC] T1 tick 12550  uptime 6299 s
[2026-05-14 15:53:26.455] [6304023][I][main.cpp:162] task_watchdog_heartbeat(): [GHC] T1 tick 12560  uptime 6304 s
[2026-05-14 15:53:31.473] [6309041][I][main.cpp:162] task_watchdog_heartbeat(): [GHC] T1 tick 12570  uptime 6309 s
[2026-05-14 15:53:34.925] [6312492][I][sensor_poll.cpp:359] task_sensor_poll(): [T5_SEN] [T5] iter 206 — woke from 30 s delay
[2026-05-14 15:53:34.934] [6312501][I][sensor_poll.cpp:395] task_sensor_poll(): [T5_SEN] [T5] iter 206 — polling FG6485A
[2026-05-14 15:53:34.966] [6312533][I][sensor_poll.cpp:432] task_sensor_poll(): [T5_SEN] [T5] iter 206 — polling S200
[2026-05-14 15:53:35.507] [6313071][I][sensor_poll.cpp:535] task_sensor_poll(): [T5_SEN] [T5] T=24°C RH=39% ws=0.0 m/s wd=0° | avg T=24 RH=39 ws=0.0 wd=0° [win T=12 RH=20 W=12]
[2026-05-14 15:53:35.527] [6313084][I][climate_control.cpp:434] task_climate_control(): [T6_CLI] [T6] T_avg=24 t_max=28 hyst=5 → step_t=0 | RH_avg=39 rh_max=75 rh_min=50 hyst=12 rh_en=1 → step_rh=0 | resolved=0 (was cur_t=0 cur_rh=0)
[2026-05-14 15:53:36.491] [6314059][I][main.cpp:162] task_watchdog_heartbeat(): [GHC] T1 tick 12580  uptime 6314 s
[2026-05-14 15:53:41.509] [6319077][I][main.cpp:162] task_watchdog_heartbeat(): [GHC] T1 tick 12590  uptime 6319 s
[2026-05-14 15:53:46.527] [6324095][I][main.cpp:162] task_watchdog_heartbeat(): [GHC] T1 tick 12600  uptime 6324 s
[2026-05-14 15:53:51.545] [6329113][I][main.cpp:162] task_watchdog_heartbeat(): [GHC] T1 tick 12610  uptime 6329 s
[2026-05-14 15:53:56.563] [6334131][I][main.cpp:162] task_watchdog_heartbeat(): [GHC] T1 tick 12620  uptime 6334 s
[2026-05-14 15:54:01.581] [6339149][I][main.cpp:162] task_watchdog_heartbeat(): [GHC] T1 tick 12630  uptime 6339 s
[2026-05-14 15:54:05.519] [6343085][I][sensor_poll.cpp:359] task_sensor_poll(): [T5_SEN] [T5] iter 207 — woke from 30 s delay
[2026-05-14 15:54:05.527] [6343094][I][sensor_poll.cpp:395] task_sensor_poll(): [T5_SEN] [T5] iter 207 — polling FG6485A
[2026-05-14 15:54:05.559] [6343126][I][sensor_poll.cpp:432] task_sensor_poll(): [T5_SEN] [T5] iter 207 — polling S200
[2026-05-14 15:54:06.101] [6343664][I][sensor_poll.cpp:535] task_sensor_poll(): [T5_SEN] [T5] T=24°C RH=39% ws=0.0 m/s wd=0° | avg T=24 RH=39 ws=0.0 wd=0° [win T=12 RH=20 W=12]
[2026-05-14 15:54:06.121] [6343678][I][climate_control.cpp:434] task_climate_control(): [T6_CLI] [T6] T_avg=24 t_max=28 hyst=5 → step_t=0 | RH_avg=39 rh_max=75 rh_min=50 hyst=12 rh_en=1 → step_rh=0 | resolved=0 (was cur_t=0 cur_rh=0)
[2026-05-14 15:54:06.599] [6344167][I][main.cpp:162] task_watchdog_heartbeat(): [GHC] T1 tick 12640  uptime 6344 s
[2026-05-14 15:54:08.101] [6345665][I][data_manager.cpp:230] read_rtc_and_seed_clock(): [T4] RTC: 2026-05-14 15:54:03 UTC  unix=1778774043  daytime=yes
[2026-05-14 15:54:11.617] [6349185][I][main.cpp:162] task_watchdog_heartbeat(): [GHC] T1 tick 12650  uptime 6349 s
[2026-05-14 15:54:16.636] [6354203][I][main.cpp:162] task_watchdog_heartbeat(): [GHC] T1 tick 12660  uptime 6354 s
[2026-05-14 15:54:21.654] [6359221][I][main.cpp:162] task_watchdog_heartbeat(): [GHC] T1 tick 12670  uptime 6359 s
[2026-05-14 15:54:26.672] [6364239][I][main.cpp:162] task_watchdog_heartbeat(): [GHC] T1 tick 12680  uptime 6364 s
[2026-05-14 15:54:31.690] [6369257][I][main.cpp:162] task_watchdog_heartbeat(): [GHC] T1 tick 12690  uptime 6369 s
[2026-05-14 15:54:36.112] [6373678][I][sensor_poll.cpp:359] task_sensor_poll(): [T5_SEN] [T5] iter 208 — woke from 30 s delay
[2026-05-14 15:54:36.120] [6373687][I][sensor_poll.cpp:395] task_sensor_poll(): [T5_SEN] [T5] iter 208 — polling FG6485A
[2026-05-14 15:54:36.153] [6373719][I][sensor_poll.cpp:432] task_sensor_poll(): [T5_SEN] [T5] iter 208 — polling S200
[2026-05-14 15:54:36.695] [6374258][I][sensor_poll.cpp:535] task_sensor_poll(): [T5_SEN] [T5] T=24°C RH=38% ws=0.0 m/s wd=0° | avg T=24 RH=39 ws=0.0 wd=0° [win T=12 RH=20 W=12]
[2026-05-14 15:54:36.718] [6374271][I][climate_control.cpp:434] task_climate_control(): [T6_CLI] [T6] T_avg=24 t_max=28 hyst=5 → step_t=0 | RH_avg=39 rh_max=75 rh_min=50 hyst=12 rh_en=1 → [6374275][I][main.cpp:162] task_watchdog_heartbeat(): [GHC] T1 tick 12700  uptime 6374 s
[2026-05-14 15:54:36.723] step_rh=0 | resolved=0 (was cur_t=0 cur_rh=0)
[2026-05-14 15:54:41.737] [6379304][I][main.cpp:162] task_watchdog_heartbeat(): [GHC] T1 tick 12710  uptime 6379 s
[2026-05-14 15:54:46.755] [6384322][I][main.cpp:162] task_watchdog_heartbeat(): [GHC] T1 tick 12720  uptime 6384 s
[2026-05-14 15:54:51.772] [6389340][I][main.cpp:162] task_watchdog_heartbeat(): [GHC] T1 tick 12730  uptime 6389 s
[2026-05-14 15:54:56.790] [6394358][I][main.cpp:162] task_watchdog_heartbeat(): [GHC] T1 tick 12740  uptime 6394 s
[2026-05-14 15:55:01.808] [6399376][I][main.cpp:162] task_watchdog_heartbeat(): [GHC] T1 tick 12750  uptime 6399 s
[2026-05-14 15:55:06.706] [6404272][I][sensor_poll.cpp:359] task_sensor_poll(): [T5_SEN] [T5] iter 209 — woke from 30 s delay
[2026-05-14 15:55:06.714] [6404281][I][sensor_poll.cpp:395] task_sensor_poll(): [T5_SEN] [T5] iter 209 — polling FG6485A
[2026-05-14 15:55:06.747] [6404314][I][sensor_poll.cpp:432] task_sensor_poll(): [T5_SEN] [T5] iter 209 — polling S200
[2026-05-14 15:55:06.827] [6404394][I][main.cpp:162] task_watchdog_heartbeat(): [GHC] T1 tick 12760  uptime 6404 s
[2026-05-14 15:55:07.292] [6404852][I][sensor_poll.cpp:535] task_sensor_poll(): [T5_SEN] [T5] T=24°C RH=38% ws=0.0 m/s wd=0° | avg T=24 RH=39 ws=0.0 wd=0° [win T[6404853][I=12 RH=20 W=][data_mana12]
[2026-05-14 15:55:07.300] ger.cpp:230] read_rtc_and_seed_clock(): [T4] RTC: 2026-05-14 15:55:03 UTC  unix=1778774103  daytime=yes
[2026-05-14 15:55:07.320] [6404877][I][climate_control.cpp:434] task_climate_control(): [T6_CLI] [T6] T_avg=24 t_max=28 hyst=5 → step_t=0 | RH_avg=39 rh_max=75 rh_min=50 hyst=12 rh_en=1 → step_rh=0 | resolved=0 (was cur_t=0 cur_rh=0)
[2026-05-14 15:55:11.844] [6409411][I][main.cpp:162] task_watchdog_heartbeat(): [GHC] T1 tick 12770  uptime 6409 s
[2026-05-14 15:55:16.862] [6414429][I][main.cpp:162] task_watchdog_heartbeat(): [GHC] T1 tick 12780  uptime 6414 s
[2026-05-14 15:55:21.880] [6419447][I][main.cpp:162] task_watchdog_heartbeat(): [GHC] T1 tick 12790  uptime 6419 s
[2026-05-14 15:55:26.898] [6424465][I][main.cpp:162] task_watchdog_heartbeat(): [GHC] T1 tick 12800  uptime 6424 s
[2026-05-14 15:55:31.916] [6429483][I][main.cpp:162] task_watchdog_heartbeat(): [GHC] T1 tick 12810  uptime 6429 s
[2026-05-14 15:55:36.934] [6434501][I][main.cpp:162] task_watchdog_heartbeat(): [GHC] T1 tick 12820  uptime 6434 s
[2026-05-14 15:55:37.311] [6434877][I][sensor_poll.cpp:359] task_sensor_poll(): [T5_SEN] [T5] iter 210 — woke from 30 s delay
[2026-05-14 15:55:37.320] [6434886][I][sensor_poll.cpp:395] task_sensor_poll(): [T5_SEN] [T5] iter 210 — polling FG6485A
[2026-05-14 15:55:37.352] [6434918][I][sensor_poll.cpp:432] task_sensor_poll(): [T5_SEN] [T5] iter 210 — polling S200
[2026-05-14 15:55:37.893] [6435456][I][sensor_poll.cpp:535] task_sensor_poll(): [T5_SEN] [T5] T=24°C RH=38% ws=0.0 m/s wd=0° | avg T=24 RH=38 ws=0.0 wd=0° [win T=12 RH=20 W=12]
[2026-05-14 15:55:37.913] [6435469][I][climate_control.cpp:434] task_climate_control(): [T6_CLI] [T6] T_avg=24 t_max=28 hyst=5 → step_t=0 | RH_avg=38 rh_max=75 rh_min=50 hyst=12 rh_en=1 → step_rh=0 | resolved=0 (was cur_t=0 cur_rh=0)
[2026-05-14 15:55:41.952] [6439519][I][main.cpp:162] task_watchdog_heartbeat(): [GHC] T1 tick 12830  uptime 6439 s
[2026-05-14 15:55:46.970] [6444537][I][main.cpp:162] task_watchdog_heartbeat(): [GHC] T1 tick 12840  uptime 6444 s
[2026-05-14 15:55:51.988] [6449555][I][main.cpp:162] task_watchdog_heartbeat(): [GHC] T1 tick 12850  uptime 6449 s
[2026-05-14 15:55:57.006] [6454573][I][main.cpp:162] task_watchdog_heartbeat(): [GHC] T1 tick 12860  uptime 6454 s
[2026-05-14 15:56:02.024] [6459591][I][main.cpp:162] task_watchdog_heartbeat(): [GHC] T1 tick 12870  uptime 6459 s
[2026-05-14 15:56:06.893] [6464457][I][data_manager.cpp:230] read_rtc_and_seed_clock(): [T4] RTC: 2026-05-14 15:56:02 UTC  unix=1778774162  daytime=yes
[2026-05-14 15:56:07.042] [6464609][I][main.cpp:162] task_watchdog_heartbeat(): [GHC] T1 tick 12880  uptime 6464 s
[2026-05-14 15:56:07.904] [6465470][I][sensor_poll.cpp:359] task_sensor_poll(): [T5_SEN] [T5] iter 211 — woke from 30 s delay
[2026-05-14 15:56:07.913] [6465479][I][sensor_poll.cpp:395] task_sensor_poll(): [T5_SEN] [T5] iter 211 — polling FG6485A
[2026-05-14 15:56:07.945] [6465511][I][sensor_poll.cpp:432] task_sensor_poll(): [T5_SEN] [T5] iter 211 — polling S200
[2026-05-14 15:56:08.486] [6466049][I][sensor_poll.cpp:535] task_sensor_poll(): [T5_SEN] [T5] T=24°C RH=39% ws=0.0 m/s wd=0° | avg T=24 RH=38 ws=0.0 wd=0° [win T=12 RH=20 W=12]
[2026-05-14 15:56:08.506] [6466062][I][climate_control.cpp:434] task_climate_control(): [T6_CLI] [T6] T_avg=24 t_max=28 hyst=5 → step_t=0 | RH_avg=38 rh_max=75 rh_min=50 hyst=12 rh_en=1 → step_rh=0 | resolved=0 (was cur_t=0 cur_rh=0)
[2026-05-14 15:56:12.060] [6469627][I][main.cpp:162] task_watchdog_heartbeat(): [GHC] T1 tick 12890  uptime 6469 s
[2026-05-14 15:56:17.078] [6474645][I][main.cpp:162] task_watchdog_heartbeat(): [GHC] T1 tick 12900  uptime 6474 s
[2026-05-14 15:56:22.096] [6479663][I][main.cpp:162] task_watchdog_heartbeat(): [GHC] T1 tick 12910  uptime 6479 s
[2026-05-14 15:56:27.114] [6484681][I][main.cpp:162] task_watchdog_heartbeat(): [GHC] T1 tick 12920  uptime 6484 s
[2026-05-14 15:56:32.132] [6489699][I][main.cpp:162] task_watchdog_heartbeat(): [GHC] T1 tick 12930  uptime 6489 s
[2026-05-14 15:56:37.151] [6494717][I][main.cpp:162] task_watchdog_heartbeat(): [GHC] T1 tick 12940  uptime 6494 s
[2026-05-14 15:56:38.498] [6496063][I][sensor_poll.cpp:359] task_sensor_poll(): [T5_SEN] [T5] iter 212 — woke from 30 s delay
[2026-05-14 15:56:38.506] [6496072][I][sensor_poll.cpp:395] task_sensor_poll(): [T5_SEN] [T5] iter 212 — polling FG6485A
[2026-05-14 15:56:38.538] [6496104][I][sensor_poll.cpp:432] task_sensor_poll(): [T5_SEN] [T5] iter 212 — polling S200
[2026-05-14 15:56:39.081] [6496643][I][sensor_poll.cpp:535] task_sensor_poll(): [T5_SEN] [T5] T=24°C RH=39% ws=0.0 m/s wd=0° | avg T=24 RH=38 ws=0.0 wd=0° [win T=12 RH=20 W=12]
[2026-05-14 15:56:39.101] [6496656][I][climate_control.cpp:434] task_climate_control(): [T6_CLI] [T6] T_avg=24 t_max=28 hyst=5 → step_t=0 | RH_avg=38 rh_max=75 rh_min=50 hyst=12 rh_en=1 → step_rh=0 | resolved=0 (was cur_t=0 cur_rh=0)
[2026-05-14 15:56:42.169] [6499735][I][main.cpp:162] task_watchdog_heartbeat(): [GHC] T1 tick 12950  uptime 6499 s
[2026-05-14 15:56:47.187] [6504753][I][main.cpp:162] task_watchdog_heartbeat(): [GHC] T1 tick 12960  uptime 6504 s
[2026-05-14 15:56:52.205] [6509771][I][main.cpp:162] task_watchdog_heartbeat(): [GHC] T1 tick 12970  uptime 6509 s
[2026-05-14 15:56:57.223] [6514789][I][main.cpp:162] task_watchdog_heartbeat(): [GHC] T1 tick 12980  uptime 6514 s
[2026-05-14 15:57:02.241] [6519807][I][main.cpp:162] task_watchdog_heartbeat(): [GHC] T1 tick 12990  uptime 6519 s
[2026-05-14 15:57:06.081] [6523644][I][data_manager.cpp:230] read_rtc_and_seed_clock(): [T4] RTC: 2026-05-14 15:57:01 UTC  unix=1778774221  daytime=yes
[2026-05-14 15:57:07.259] [6524825][I][main.cpp:162] task_watchdog_heartbeat(): [GHC] T1 tick 13000  uptime 6524 s
[2026-05-14 15:57:09.092] [6526657][I][sensor_poll.cpp:359] task_sensor_poll(): [T5_SEN] [T5] iter 213 — woke from 30 s delay
[2026-05-14 15:57:09.100] [6526666][I][sensor_poll.cpp:395] task_sensor_poll(): [T5_SEN] [T5] iter 213 — polling FG6485A
[2026-05-14 15:57:09.133] [6526699][I][sensor_poll.cpp:432] task_sensor_poll(): [T5_SEN] [T5] iter 213 — polling S200
[2026-05-14 15:57:09.675] [6527237][I][sensor_poll.cpp:535] task_sensor_poll(): [T5_SEN] [T5] T=24°C RH=38% ws=0.0 m/s wd=0° | avg T=24 RH=38 ws=0.0 wd=0° [win T=12 RH=20 W=12]
[2026-05-14 15:57:09.695] [6527250][I][climate_control.cpp:434] task_climate_control(): [T6_CLI] [T6] T_avg=24 t_max=28 hyst=5 → step_t=0 | RH_avg=38 rh_max=75 rh_min=50 hyst=12 rh_en=1 → step_rh=0 | resolved=0 (was cur_t=0 cur_rh=0)
[2026-05-14 15:57:12.277] [6529843][I][main.cpp:162] task_watchdog_heartbeat(): [GHC] T1 tick 13010  uptime 6529 s
[2026-05-14 15:57:17.295] [6534861][I][main.cpp:162] task_watchdog_heartbeat(): [GHC] T1 tick 13020  uptime 6534 s
[2026-05-14 15:57:22.313] [6539879][I][main.cpp:162] task_watchdog_heartbeat(): [GHC] T1 tick 13030  uptime 6539 s
[2026-05-14 15:57:27.331] [6544897][I][main.cpp:162] task_watchdog_heartbeat(): [GHC] T1 tick 13040  uptime 6544 s
[2026-05-14 15:57:32.349] [6549915][I][main.cpp:162] task_watchdog_heartbeat(): [GHC] T1 tick 13050  uptime 6549 s
[2026-05-14 15:57:37.367] [6554933][I][main.cpp:162] task_watchdog_heartbeat(): [GHC] T1 tick 13060  uptime 6554 s
[2026-05-14 15:57:39.686] [6557251][I][sensor_poll.cpp:359] task_sensor_poll(): [T5_SEN] [T5] iter 214 — woke from 30 s delay
[2026-05-14 15:57:39.694] [6557260][I][sensor_poll.cpp:395] task_sensor_poll(): [T5_SEN] [T5] iter 214 — polling FG6485A
[2026-05-14 15:57:40.042] [6557608][I][sensor_poll.cpp:432] task_sensor_poll(): [T5_SEN] [T5] iter 214 — polling S200
[2026-05-14 15:57:40.584] [6558146][I][sensor_poll.cpp:535] task_sensor_poll(): [T5_SEN] [T5] T=24°C RH=39% ws=0.0 m/s wd=0° | avg T=24 RH=38 ws=0.0 wd=0° [win T=12 RH=20 W=12]
[2026-05-14 15:57:40.604] [6558159][I][climate_control.cpp:434] task_climate_control(): [T6_CLI] [T6] T_avg=24 t_max=28 hyst=5 → step_t=0 | RH_avg=38 rh_max=75 rh_min=50 hyst=12 rh_en=1 → step_rh=0 | resolved=0 (was cur_t=0 cur_rh=0)
[2026-05-14 15:57:42.385] [6559951][I][main.cpp:162] task_watchdog_heartbeat(): [GHC] T1 tick 13070  uptime 6559 s
[2026-05-14 15:57:47.403] [6564969][I][main.cpp:162] task_watchdog_heartbeat(): [GHC] T1 tick 13080  uptime 6564 s
[2026-05-14 15:57:52.421] [6569987][I][main.cpp:162] task_watchdog_heartbeat(): [GHC] T1 tick 13090  uptime 6569 s
[2026-05-14 15:57:57.439] [6575005][I][main.cpp:162] task_watchdog_heartbeat(): [GHC] T1 tick 13100  uptime 6575 s
[2026-05-14 15:58:02.457] [6580023][I][main.cpp:162] task_watchdog_heartbeat(): [GHC] T1 tick 13110  uptime 6580 s
[2026-05-14 15:58:05.584] [6583147][I][data_manager.cpp:230] read_rtc_and_seed_clock(): [T4] RTC: 2026-05-14 15:58:01 UTC  unix=1778774281  daytime=yes
[2026-05-14 15:58:07.475] [6585041][I][main.cpp:162] task_watchdog_heartbeat(): [GHC] T1 tick 13120  uptime 6585 s
[2026-05-14 15:58:10.595] [6588160][I][sensor_poll.cpp:359] task_sensor_poll(): [T5_SEN] [T5] iter 215 — woke from 30 s delay
[2026-05-14 15:58:10.603] [6588169][I][sensor_poll.cpp:395] task_sensor_poll(): [T5_SEN] [T5] iter 215 — polling FG6485A
[2026-05-14 15:58:10.636] [6588201][I][sensor_poll.cpp:432] task_sensor_poll(): [T5_SEN] [T5] iter 215 — polling S200
[2026-05-14 15:58:11.177] [6588739][I][sensor_poll.cpp:535] task_sensor_poll(): [T5_SEN] [T5] T=24°C RH=39% ws=0.0 m/s wd=0° | avg T=24 RH=38 ws=0.0 wd=0° [win T=12 RH=20 W=12]
[2026-05-14 15:58:11.197] [6588753][I][climate_control.cpp:434] task_climate_control(): [T6_CLI] [T6] T_avg=24 t_max=28 hyst=5 → step_t=0 | RH_avg=38 rh_max=75 rh_min=50 hyst=12 rh_en=1 → step_rh=0 | resolved=0 (was cur_t=0 cur_rh=0)
[2026-05-14 15:58:12.493] [6590059][I][main.cpp:162] task_watchdog_heartbeat(): [GHC] T1 tick 13130  uptime 6590 s
[2026-05-14 15:58:17.511] [6595077][I][main.cpp:162] task_watchdog_heartbeat(): [GHC] T1 tick 13140  uptime 6595 s
[2026-05-14 15:58:22.529] [6600095][I][main.cpp:162] task_watchdog_heartbeat(): [GHC] T1 tick 13150  uptime 6600 s
[2026-05-14 15:58:27.547] [6605113][I][main.cpp:162] task_watchdog_heartbeat(): [GHC] T1 tick 13160  uptime 6605 s
[2026-05-14 15:58:32.565] [6610131][I][main.cpp:162] task_watchdog_heartbeat(): [GHC] T1 tick 13170  uptime 6610 s
[2026-05-14 15:58:37.583] [6615149][I][main.cpp:162] task_watchdog_heartbeat(): [GHC] T1 tick 13180  uptime 6615 s
[2026-05-14 15:58:41.188] [6618753][I][sensor_poll.cpp:359] task_sensor_poll(): [T5_SEN] [T5] iter 216 — woke from 30 s delay
[2026-05-14 15:58:41.197] [6618762][I][sensor_poll.cpp:395] task_sensor_poll(): [T5_SEN] [T5] iter 216 — polling FG6485A
[2026-05-14 15:58:41.229] [6618794][I][sensor_poll.cpp:432] task_sensor_poll(): [T5_SEN] [T5] iter 216 — polling S200
[2026-05-14 15:58:41.771] [6619332][I][sensor_poll.cpp:535] task_sensor_poll(): [T5_SEN] [T5] T=24°C RH=39% ws=0.0 m/s wd=0° | avg T=24 RH=38 ws=0.0 wd=0° [win T=12 RH=20 W=12]
[2026-05-14 15:58:41.791] [6619345][I][climate_control.cpp:434] task_climate_control(): [T6_CLI] [T6] T_avg=24 t_max=28 hyst=5 → step_t=0 | RH_avg=38 rh_max=75 rh_min=50 hyst=12 rh_en=1 → step_rh=0 | resolved=0 (was cur_t=0 cur_rh=0)
[2026-05-14 15:58:42.600] [6620166][I][main.cpp:162] task_watchdog_heartbeat(): [GHC] T1 tick 13190  uptime 6620 s
[2026-05-14 15:58:47.617] [6625184][I][main.cpp:162] task_watchdog_heartbeat(): [GHC] T1 tick 13200  uptime 6625 s
[2026-05-14 15:58:47.626] [6625192][I][main.cpp:247] task_watchdog_heartbeat(): [GHC] stack T1  hwm=2044 B
[2026-05-14 15:58:47.632] [6625200][I][main.cpp:247] task_watchdog_heartbeat(): [GHC] stack T2  hwm=6380 B
[2026-05-14 15:58:47.640] [6625207][I][main.cpp:247] task_watchdog_heartbeat(): [GHC] stack T3  hwm=1980 B
[2026-05-14 15:58:47.648] [6625214][I][main.cpp:247] task_watchdog_heartbeat(): [GHC] stack T4  hwm=3980 B
[2026-05-14 15:58:47.654] [6625222][I][main.cpp:247] task_watchdog_heartbeat(): [GHC] stack T5  hwm=4124 B
[2026-05-14 15:58:47.663] [6625229][I][main.cpp:247] task_watchdog_heartbeat(): [GHC] stack T6  hwm=1596 B
[2026-05-14 15:58:47.669] [6625236][I][main.cpp:247] task_watchdog_heartbeat(): [GHC] stack T7  hwm=2464 B
[2026-05-14 15:58:47.677] [6625244][I][main.cpp:247] task_watchdog_heartbeat(): [GHC] stack T8  hwm=5740 B
[2026-05-14 15:58:47.683] [6625251][I][main.cpp:247] task_watchdog_heartbeat(): [GHC] stack T9  hwm=2524 B
[2026-05-14 15:58:47.692] [6625258][I][main.cpp:247] task_watchdog_heartbeat(): [GHC] stack T10 hwm=5632 B
[2026-05-14 15:58:47.697] [6625266][I][main.cpp:247] task_watchdog_heartbeat(): [GHC] stack T11 hwm=5536 B
[2026-05-14 15:58:47.706] [6625273][I][main.cpp:247] task_watchdog_heartbeat(): [GHC] stack T12 hwm=7464 B
[2026-05-14 15:58:47.715] [6625281][I][main.cpp:247] task_watchdog_heartbeat(): [GHC] stack T14 hwm=6692 B
[2026-05-14 15:58:47.722] [6625288][I][main.cpp:247] task_watchdog_heartbeat(): [GHC] stack T15 hwm=2376 B
[2026-05-14 15:58:52.739] [6630305][I][main.cpp:162] task_watchdog_heartbeat(): [GHC] T1 tick 13210  uptime 6630 s
[2026-05-14 15:58:57.757] [6635323][I][main.cpp:162] task_watchdog_heartbeat(): [GHC] T1 tick 13220  uptime 6635 s
[2026-05-14 15:59:02.775] [6640341][I][main.cpp:162] task_watchdog_heartbeat(): [GHC] T1 tick 13230  uptime 6640 s
[2026-05-14 15:59:04.771] [6642333][I][data_manager.cpp:230] read_rtc_and_seed_clock(): [T4] RTC: 2026-05-14 15:59:00 UTC  unix=1778774340  daytime=yes
[2026-05-14 15:59:07.794] [6645359][I][main.cpp:162] task_watchdog_heartbeat(): [GHC] T1 tick 13240  uptime 6645 s
[2026-05-14 15:59:11.782] [6649346][I][sensor_poll.cpp:359] task_sensor_poll(): [T5_SEN] [T5] iter 217 — woke from 30 s delay
[2026-05-14 15:59:11.790] [6649355][I][sensor_poll.cpp:395] task_sensor_poll(): [T5_SEN] [T5] iter 217 — polling FG6485A
[2026-05-14 15:59:11.822] [6649387][I][sensor_poll.cpp:432] task_sensor_poll(): [T5_SEN] [T5] iter 217 — polling S200
[2026-05-14 15:59:12.365] [6649926][I][sensor_poll.cpp:535] task_sensor_poll(): [T5_SEN] [T5] T=24°C RH=38% ws=0.0 m/s wd=0° | avg T=24 RH=38 ws=0.0 wd=0° [win T=12 RH=20 W=12]
[2026-05-14 15:59:12.385] [6649939][I][climate_control.cpp:434] task_climate_control(): [T6_CLI] [T6] T_avg=24 t_max=28 hyst=5 → step_t=0 | RH_avg=38 rh_max=75 rh_min=50 hyst=12 rh_en=1 → step_rh=0 | resolved=0 (was cur_t=0 cur_rh=0)
[2026-05-14 15:59:12.811] [6650377][I][main.cpp:162] task_watchdog_heartbeat(): [GHC] T1 tick 13250  uptime 6650 s
[2026-05-14 15:59:17.830] [6655395][I][main.cpp:162] task_watchdog_heartbeat(): [GHC] T1 tick 13260  uptime 6655 s
[2026-05-14 15:59:22.847] [6660413][I][main.cpp:162] task_watchdog_heartbeat(): [GHC] T1 tick 13270  uptime 6660 s
[2026-05-14 15:59:27.865] [6665431][I][main.cpp:162] task_watchdog_heartbeat(): [GHC] T1 tick 13280  uptime 6665 s
[2026-05-14 15:59:32.883] [6670449][I][main.cpp:162] task_watchdog_heartbeat(): [GHC] T1 tick 13290  uptime 6670 s
[2026-05-14 15:59:37.901] [6675467][I][main.cpp:162] task_watchdog_heartbeat(): [GHC] T1 tick 13300  uptime 6675 s
[2026-05-14 15:59:42.376] [6679940][I][sensor_poll.cpp:359] task_sensor_poll(): [T5_SEN] [T5] iter 218 — woke from 30 s delay
[2026-05-14 15:59:42.384] [6679949][I][sensor_poll.cpp:395] task_sensor_poll(): [T5_SEN] [T5] iter 218 — polling FG6485A
[2026-05-14 15:59:42.417] [6679982][I][sensor_poll.cpp:432] task_sensor_poll(): [T5_SEN] [T5] iter 218 — polling S200
[2026-05-14 15:59:42.920] [6680485][I][main.cpp:162] task_watchdog_heartbeat(): [GHC] T1 tick 13310  uptime 6680 s
[2026-05-14 15:59:42.959] [6680520][I][sensor_poll.cpp:535] task_sensor_poll(): [T5_SEN] [T5] T=24°C RH=39% ws=0.0 m/s wd=0° | avg T=24 RH=38 ws=0.0 wd=0° [win T=12 RH=20 W=12]
[2026-05-14 15:59:42.979] [6680533][I][climate_control.cpp:434] task_climate_control(): [T6_CLI] [T6] T_avg=24 t_max=28 hyst=5 → step_t=0 | RH_avg=38 rh_max=75 rh_min=50 hyst=12 rh_en=1 → step_rh=0 | resolved=0 (was cur_t=0 cur_rh=0)
[2026-05-14 15:59:47.937] [6685503][I][main.cpp:162] task_watchdog_heartbeat(): [GHC] T1 tick 13320  uptime 6685 s
[2026-05-14 15:59:52.956] [6690521][I][main.cpp:162] task_watchdog_heartbeat(): [GHC] T1 tick 13330  uptime 6690 s
[2026-05-14 15:59:57.974] [6695539][I][main.cpp:162] task_watchdog_heartbeat(): [GHC] T1 tick 13340  uptime 6695 s
[2026-05-14 16:00:02.992] [6700557][I][main.cpp:162] task_watchdog_heartbeat(): [GHC] T1 tick 13350  uptime 6700 s
[2026-05-14 16:00:03.959] [6701521][I][data_manager.cpp:230] read_rtc_and_seed_clock(): [T4] RTC: 2026-05-14 15:59:59 UTC  unix=1778774399  daytime=yes
[2026-05-14 16:00:08.009] [6705575][I][main.cpp:162] task_watchdog_heartbeat(): [GHC] T1 tick 13360  uptime 6705 s
[2026-05-14 16:00:12.970] [6710534][I][sensor_poll.cpp:359] task_sensor_poll(): [T5_SEN] [T5] iter 219 — woke from 30 s delay
[2026-05-14 16:00:12.978] [6710543][I][sensor_poll.cpp:395] task_sensor_poll(): [T5_SEN] [T5] iter 219 — polling FG6485A
[2026-05-14 16:00:13.010] [6710575][I][sensor_poll.cpp:432] task_sensor_poll(): [T5_SEN] [T5] iter 219 — polling S200
[2026-05-14 16:00:13.028] [6710593][I][main.cpp:162] task_watchdog_heartbeat(): [GHC] T1 tick 13370  uptime 6710 s
[2026-05-14 16:00:13.560] [6711121][I][sensor_poll.cpp:535] task_sensor_poll(): [T5_SEN] [T5] T=24°C RH=39% ws=0.0 m/s wd=0° | avg T=24 RH=38 ws=0.0 wd=0° [win T=12 RH=20 W=12]
[2026-05-14 16:00:13.580] [6711134][I][climate_control.cpp:434] task_climate_control(): [T6_CLI] [T6] T_avg=24 t_max=28 hyst=5 → step_t=0 | RH_avg=38 rh_max=75 rh_min=50 hyst=12 rh_en=1 → step_rh=0 | resolved=0 (was cur_t=0 cur_rh=0)
[2026-05-14 16:00:18.045] [6715610][I][main.cpp:162] task_watchdog_heartbeat(): [GHC] T1 tick 13380  uptime 6715 s
[2026-05-14 16:00:23.063] [6720628][I][main.cpp:162] task_watchdog_heartbeat(): [GHC] T1 tick 13390  uptime 6720 s
[2026-05-14 16:00:28.081] [6725646][I][main.cpp:162] task_watchdog_heartbeat(): [GHC] T1 tick 13400  uptime 6725 s
[2026-05-14 16:00:33.099] [6730664][I][main.cpp:162] task_watchdog_heartbeat(): [GHC] T1 tick 13410  uptime 6730 s
[2026-05-14 16:00:38.117] [6735682][I][main.cpp:162] task_watchdog_heartbeat(): [GHC] T1 tick 13420  uptime 6735 s
[2026-05-14 16:00:43.135] [6740700][I][main.cpp:162] task_watchdog_heartbeat(): [GHC] T1 tick 13430  uptime 6740 s
[2026-05-14 16:00:43.571] [6741135][I][sensor_poll.cpp:359] task_sensor_poll(): [T5_SEN] [T5] iter 220 — woke from 30 s delay
[2026-05-14 16:00:43.580] [6741144][I][sensor_poll.cpp:395] task_sensor_poll(): [T5_SEN] [T5] iter 220 — polling FG6485A
[2026-05-14 16:00:43.612] [6741176][I][sensor_poll.cpp:432] task_sensor_poll(): [T5_SEN] [T5] iter 220 — polling S200
[2026-05-14 16:00:44.153] [6741714][I][sensor_poll.cpp:535] task_sensor_poll(): [T5_SEN] [T5] T=24°C RH=39% ws=0.0 m/s wd=0° | avg T=24 RH=38 ws=0.0 wd=0° [win T=12 RH=20 W=12]
[2026-05-14 16:00:44.173] [6741727][I][climate_control.cpp:434] task_climate_control(): [T6_CLI] [T6] T_avg=24 t_max=28 hyst=5 → step_t=0 | RH_avg=38 rh_max=75 rh_min=50 hyst=12 rh_en=1 → step_rh=0 | resolved=0 (was cur_t=0 cur_rh=0)
[2026-05-14 16:00:48.153] [6745718][I][main.cpp:162] task_watchdog_heartbeat(): [GHC] T1 tick 13440  uptime 6745 s
[2026-05-14 16:00:53.171] [6750736][I][main.cpp:162] task_watchdog_heartbeat(): [GHC] T1 tick 13450  uptime 6750 s
[2026-05-14 16:00:58.189] [6755754][I][main.cpp:162] task_watchdog_heartbeat(): [GHC] T1 tick 13460  uptime 6755 s
[2026-05-14 16:01:03.154] [6760716][I][data_manager.cpp:230] read_rtc_and_seed_clock(): [T4] RTC: 2026-05-14 16:00:59 UTC  unix=1778774459  daytime=yes
[2026-05-14 16:01:03.207] [6760772][I][main.cpp:162] task_watchdog_heartbeat(): [GHC] T1 tick 13470  uptime 6760 s
[2026-05-14 16:01:08.225] [6765790][I][main.cpp:162] task_watchdog_heartbeat(): [GHC] T1 tick 13480  uptime 6765 s
[2026-05-14 16:01:13.243] [6770808][I][main.cpp:162] task_watchdog_heartbeat(): [GHC] T1 tick 13490  uptime 6770 s
[2026-05-14 16:01:14.164] [6771728][I][sensor_poll.cpp:359] task_sensor_poll(): [T5_SEN] [T5] iter 221 — woke from 30 s delay
[2026-05-14 16:01:14.173] [6771737][I][sensor_poll.cpp:395] task_sensor_poll(): [T5_SEN] [T5] iter 221 — polling FG6485A
[2026-05-14 16:01:14.205] [6771769][I][sensor_poll.cpp:432] task_sensor_poll(): [T5_SEN] [T5] iter 221 — polling S200
[2026-05-14 16:01:14.748] [6772308][I][sensor_poll.cpp:535] task_sensor_poll(): [T5_SEN] [T5] T=24°C RH=38% ws=0.0 m/s wd=0° | avg T=24 RH=38 ws=0.0 wd=0° [win T=12 RH=20 W=12]
[2026-05-14 16:01:14.768] [6772322][I][climate_control.cpp:434] task_climate_control(): [T6_CLI] [T6] T_avg=24 t_max=28 hyst=5 → step_t=0 | RH_avg=38 rh_max=75 rh_min=50 hyst=12 rh_en=1 → step_rh=0 | resolved=0 (was cur_t=0 cur_rh=0)
[2026-05-14 16:01:18.261] [6775826][I][main.cpp:162] task_watchdog_heartbeat(): [GHC] T1 tick 13500  uptime 6775 s
[2026-05-14 16:01:23.279] [6780844][I][main.cpp:162] task_watchdog_heartbeat(): [GHC] T1 tick 13510  uptime 6780 s
[2026-05-14 16:01:28.297] [6785862][I][main.cpp:162] task_watchdog_heartbeat(): [GHC] T1 tick 13520  uptime 6785 s
[2026-05-14 16:01:33.315] [6790880][I][main.cpp:162] task_watchdog_heartbeat(): [GHC] T1 tick 13530  uptime 6790 s
[2026-05-14 16:01:38.333] [6795898][I][main.cpp:162] task_watchdog_heartbeat(): [GHC] T1 tick 13540  uptime 6795 s
[2026-05-14 16:01:43.352] [6800916][I][main.cpp:162] task_watchdog_heartbeat(): [GHC] T1 tick 13550  uptime 6800 s
[2026-05-14 16:01:44.759] [6802322][I][sensor_poll.cpp:359] task_sensor_poll(): [T5_SEN] [T5] iter 222 — woke from 30 s delay
[2026-05-14 16:01:44.767] [6802331][I][sensor_poll.cpp:395] task_sensor_poll(): [T5_SEN] [T5] iter 222 — polling FG6485A
[2026-05-14 16:01:44.799] [6802364][I][sensor_poll.cpp:432] task_sensor_poll(): [T5_SEN] [T5] iter 222 — polling S200
[2026-05-14 16:01:45.342] [6802902][I][sensor_poll.cpp:535] task_sensor_poll(): [T5_SEN] [T5] T=24°C RH=39% ws=0.0 m/s wd=0° | avg T=24 RH=38 ws=0.0 wd=0° [win T=12 RH=20 W=12]
[2026-05-14 16:01:45.361] [6802915][I][climate_control.cpp:434] task_climate_control(): [T6_CLI] [T6] T_avg=24 t_max=28 hyst=5 → step_t=0 | RH_avg=38 rh_max=75 rh_min=50 hyst=12 rh_en=1 → step_rh=0 | resolved=0 (was cur_t=0 cur_rh=0)
[2026-05-14 16:01:48.369] [6805934][I][main.cpp:162] task_watchdog_heartbeat(): [GHC] T1 tick 13560  uptime 6805 s
[2026-05-14 16:01:53.387] [6810952][I][main.cpp:162] task_watchdog_heartbeat(): [GHC] T1 tick 13570  uptime 6810 s
[2026-05-14 16:01:58.405] [6815970][I][main.cpp:162] task_watchdog_heartbeat(): [GHC] T1 tick 13580  uptime 6815 s
[2026-05-14 16:02:02.342] [6819903][I][data_manager.cpp:230] read_rtc_and_seed_clock(): [T4] RTC: 2026-05-14 16:01:58 UTC  unix=1778774518  daytime=yes
[2026-05-14 16:02:03.423] [6820988][I][main.cpp:162] task_watchdog_heartbeat(): [GHC] T1 tick 13590  uptime 6820 s
[2026-05-14 16:02:08.441] [6826006][I][main.cpp:162] task_watchdog_heartbeat(): [GHC] T1 tick 13600  uptime 6826 s
[2026-05-14 16:02:13.459] [6831024][I][main.cpp:162] task_watchdog_heartbeat(): [GHC] T1 tick 13610  uptime 6831 s
[2026-05-14 16:02:15.353] [6832916][I][sensor_poll.cpp:359] task_sensor_poll(): [T5_SEN] [T5] iter 223 — woke from 30 s delay
[2026-05-14 16:02:15.361] [6832925][I][sensor_poll.cpp:395] task_sensor_poll(): [T5_SEN] [T5] iter 223 — polling FG6485A
[2026-05-14 16:02:15.709] [6833273][I][sensor_poll.cpp:432] task_sensor_poll(): [T5_SEN] [T5] iter 223 — polling S200
[2026-05-14 16:02:16.251] [6833811][I][sensor_poll.cpp:535] task_sensor_poll(): [T5_SEN] [T5] T=24°C RH=39% ws=0.0 m/s wd=0° | avg T=24 RH=38 ws=0.0 wd=0° [win T=12 RH=20 W=12]
[2026-05-14 16:02:16.271] [6833824][I][climate_control.cpp:434] task_climate_control(): [T6_CLI] [T6] T_avg=24 t_max=28 hyst=5 → step_t=0 | RH_avg=38 rh_max=75 rh_min=50 hyst=12 rh_en=1 → step_rh=0 | resolved=0 (was cur_t=0 cur_rh=0)
[2026-05-14 16:02:18.478] [6836042][I][main.cpp:162] task_watchdog_heartbeat(): [GHC] T1 tick 13620  uptime 6836 s
[2026-05-14 16:02:23.496] [6841060][I][main.cpp:162] task_watchdog_heartbeat(): [GHC] T1 tick 13630  uptime 6841 s
[2026-05-14 16:02:28.514] [6846078][I][main.cpp:162] task_watchdog_heartbeat(): [GHC] T1 tick 13640  uptime 6846 s
[2026-05-14 16:02:33.532] [6851096][I][main.cpp:162] task_watchdog_heartbeat(): [GHC] T1 tick 13650  uptime 6851 s
[2026-05-14 16:02:38.550] [6856114][I][main.cpp:162] task_watchdog_heartbeat(): [GHC] T1 tick 13660  uptime 6856 s
[2026-05-14 16:02:43.568] [6861132][I][main.cpp:162] task_watchdog_heartbeat(): [GHC] T1 tick 13670  uptime 6861 s
[2026-05-14 16:02:46.262] [6863825][I][sensor_poll.cpp:359] task_sensor_poll(): [T5_SEN] [T5] iter 224 — woke from 30 s delay
[2026-05-14 16:02:46.270] [6863834][I][sensor_poll.cpp:395] task_sensor_poll(): [T5_SEN] [T5] iter 224 — polling FG6485A
[2026-05-14 16:02:46.302] [6863866][I][sensor_poll.cpp:432] task_sensor_poll(): [T5_SEN] [T5] iter 224 — polling S200
[2026-05-14 16:02:46.844] [6864404][I][sensor_poll.cpp:535] task_sensor_poll(): [T5_SEN] [T5] T=24°C RH=39% ws=0.0 m/s wd=0° | avg T=24 RH=38 ws=0.0 wd=0° [win T=12 RH=20 W=12]
[2026-05-14 16:02:46.864] [6864418][I][climate_control.cpp:434] task_climate_control(): [T6_CLI] [T6] T_avg=24 t_max=28 hyst=5 → step_t=0 | RH_avg=38 rh_max=75 rh_min=50 hyst=12 rh_en=1 → step_rh=0 | resolved=0 (was cur_t=0 cur_rh=0)
[2026-05-14 16:02:48.586] [6866150][I][main.cpp:162] task_watchdog_heartbeat(): [GHC] T1 tick 13680  uptime 6866 s
[2026-05-14 16:02:53.604] [6871168][I][main.cpp:162] task_watchdog_heartbeat(): [GHC] T1 tick 13690  uptime 6871 s
[2026-05-14 16:02:58.622] [6876186][I][main.cpp:162] task_watchdog_heartbeat(): [GHC] T1 tick 13700  uptime 6876 s
[2026-05-14 16:03:01.844] [6879405][I][data_manager.cpp:230] read_rtc_and_seed_clock(): [T4] RTC: 2026-05-14 16:02:57 UTC  unix=1778774577  daytime=yes
[2026-05-14 16:03:03.640] [6881204][I][main.cpp:162] task_watchdog_heartbeat(): [GHC] T1 tick 13710  uptime 6881 s
[2026-05-14 16:03:08.658] [6886222][I][main.cpp:162] task_watchdog_heartbeat(): [GHC] T1 tick 13720  uptime 6886 s
[2026-05-14 16:03:13.676] [6891240][I][main.cpp:162] task_watchdog_heartbeat(): [GHC] T1 tick 13730  uptime 6891 s
[2026-05-14 16:03:16.855] [6894418][I][sensor_poll.cpp:359] task_sensor_poll(): [T5_SEN] [T5] iter 225 — woke from 30 s delay
[2026-05-14 16:03:16.863] [6894427][I][sensor_poll.cpp:395] task_sensor_poll(): [T5_SEN] [T5] iter 225 — polling FG6485A
[2026-05-14 16:03:16.896] [6894459][I][sensor_poll.cpp:432] task_sensor_poll(): [T5_SEN] [T5] iter 225 — polling S200
[2026-05-14 16:03:17.438] [6894998][I][sensor_poll.cpp:535] task_sensor_poll(): [T5_SEN] [T5] T=24°C RH=39% ws=0.0 m/s wd=0° | avg T=24 RH=38 ws=0.0 wd=0° [win T=12 RH=20 W=12]
[2026-05-14 16:03:17.458] [6895012][I][climate_control.cpp:434] task_climate_control(): [T6_CLI] [T6] T_avg=24 t_max=28 hyst=5 → step_t=0 | RH_avg=38 rh_max=75 rh_min=50 hyst=12 rh_en=1 → step_rh=0 | resolved=0 (was cur_t=0 cur_rh=0)
[2026-05-14 16:03:18.694] [6896258][I][main.cpp:162] task_watchdog_heartbeat(): [GHC] T1 tick 13740  uptime 6896 s
[2026-05-14 16:03:23.712] [6901276][I][main.cpp:162] task_watchdog_heartbeat(): [GHC] T1 tick 13750  uptime 6901 s
[2026-05-14 16:03:28.730] [6906294][I][main.cpp:162] task_watchdog_heartbeat(): [GHC] T1 tick 13760  uptime 6906 s
[2026-05-14 16:03:33.748] [6911312][I][main.cpp:162] task_watchdog_heartbeat(): [GHC] T1 tick 13770  uptime 6911 s
[2026-05-14 16:03:38.766] [6916330][I][main.cpp:162] task_watchdog_heartbeat(): [GHC] T1 tick 13780  uptime 6916 s
[2026-05-14 16:03:43.784] [6921348][I][main.cpp:162] task_watchdog_heartbeat(): [GHC] T1 tick 13790  uptime 6921 s
[2026-05-14 16:03:47.449] [6925012][I][sensor_poll.cpp:359] task_sensor_poll(): [T5_SEN] [T5] iter 226 — woke from 30 s delay
[2026-05-14 16:03:47.458] [6925021][I][sensor_poll.cpp:395] task_sensor_poll(): [T5_SEN] [T5] iter 226 — polling FG6485A
[2026-05-14 16:03:47.490] [6925053][I][sensor_poll.cpp:432] task_sensor_poll(): [T5_SEN] [T5] iter 226 — polling S200
[2026-05-14 16:03:48.032] [6925592][I][sensor_poll.cpp:535] task_sensor_poll(): [T5_SEN] [T5] T=24°C RH=39% ws=0.0 m/s wd=0° | avg T=24 RH=38 ws=0.0 wd=0° [win T=12 RH=20 W=12]
[2026-05-14 16:03:48.052] [6925605][I][climate_control.cpp:434] task_climate_control(): [T6_CLI] [T6] T_avg=24 t_max=28 hyst=5 → step_t=0 | RH_avg=38 rh_max=75 rh_min=50 hyst=12 rh_en=1 → step_rh=0 | resolved=0 (was cur_t=0 cur_rh=0)
[2026-05-14 16:03:48.802] [6926366][I][main.cpp:162] task_watchdog_heartbeat(): [GHC] T1 tick 13800  uptime 6926 s
[2026-05-14 16:03:53.820] [6931384][I][main.cpp:162] task_watchdog_heartbeat(): [GHC] T1 tick 13810  uptime 6931 s
[2026-05-14 16:03:58.838] [6936402][I][main.cpp:162] task_watchdog_heartbeat(): [GHC] T1 tick 13820  uptime 6936 s
[2026-05-14 16:04:01.032] [6938593][I][data_manager.cpp:230] read_rtc_and_seed_clock(): [T4] RTC: 2026-05-14 16:03:56 UTC  unix=1778774636  daytime=yes
[2026-05-14 16:04:03.856] [6941420][I][main.cpp:162] task_watchdog_heartbeat(): [GHC] T1 tick 13830  uptime 6941 s
[2026-05-14 16:04:08.874] [6946438][I][main.cpp:162] task_watchdog_heartbeat(): [GHC] T1 tick 13840  uptime 6946 s
[2026-05-14 16:04:13.892] [6951456][I][main.cpp:162] task_watchdog_heartbeat(): [GHC] T1 tick 13850  uptime 6951 s
[2026-05-14 16:04:18.043] [6955606][I][sensor_poll.cpp:359] task_sensor_poll(): [T5_SEN] [T5] iter 227 — woke from 30 s delay
[2026-05-14 16:04:18.052] [6955615][I][sensor_poll.cpp:395] task_sensor_poll(): [T5_SEN] [T5] iter 227 — polling FG6485A
[2026-05-14 16:04:18.085] [6955648][I][sensor_poll.cpp:432] task_sensor_poll(): [T5_SEN] [T5] iter 227 — polling S200
[2026-05-14 16:04:18.626] [6956186][I][sensor_poll.cpp:535] task_sensor_poll(): [T5_SEN] [T5] T=24°C RH=39% ws=0.0 m/s wd=0° | avg T=24 RH=38 ws=0.0 wd=0° [win T=12 RH=20 W=12]
[2026-05-14 16:04:18.646] [6956199][I][climate_control.cpp:434] task_climate_control(): [T6_CLI] [T6] T_avg=24 t_max=28 hyst=5 → step_t=0 | RH_avg=38 rh_max=75 rh_min=50 hyst=12 rh_en=1 → step_rh=0 | resolved=0 (was cur_t=0 cur_rh=0)
[2026-05-14 16:04:18.910] [6956474][I][main.cpp:162] task_watchdog_heartbeat(): [GHC] T1 tick 13860  uptime 6956 s
[2026-05-14 16:04:23.928] [6961492][I][main.cpp:162] task_watchdog_heartbeat(): [GHC] T1 tick 13870  uptime 6961 s
[2026-05-14 16:04:28.946] [6966510][I][main.cpp:162] task_watchdog_heartbeat(): [GHC] T1 tick 13880  uptime 6966 s
[2026-05-14 16:04:33.964] [6971528][I][main.cpp:162] task_watchdog_heartbeat(): [GHC] T1 tick 13890  uptime 6971 s
[2026-05-14 16:04:38.982] [6976546][I][main.cpp:162] task_watchdog_heartbeat(): [GHC] T1 tick 13900  uptime 6976 s
[2026-05-14 16:04:44.000] [6981564][I][main.cpp:162] task_watchdog_heartbeat(): [GHC] T1 tick 13910  uptime 6981 s
[2026-05-14 16:04:48.638] [6986200][I][sensor_poll.cpp:359] task_sensor_poll(): [T5_SEN] [T5] iter 228 — woke from 30 s delay
[2026-05-14 16:04:48.646] [6986209][I][sensor_poll.cpp:395] task_sensor_poll(): [T5_SEN] [T5] iter 228 — polling FG6485A
[2026-05-14 16:04:48.678] [6986241][I][sensor_poll.cpp:432] task_sensor_poll(): [T5_SEN] [T5] iter 228 — polling S200
[2026-05-14 16:04:49.018] [6986582][I][main.cpp:162] task_watchdog_heartbeat(): [GHC] T1 tick 13920  uptime 6986 s
[2026-05-14 16:04:49.220] [6986779][I][sensor_poll.cpp:535] task_sensor_poll(): [T5_SEN] [T5] T=24°C RH=39% ws=0.0 m/s wd=0° | avg T=24 RH=39 ws=0.0 wd=0° [win T=12 RH=20 W=12]
[2026-05-14 16:04:49.239] [6986792][I][climate_control.cpp:434] task_climate_control(): [T6_CLI] [T6] T_avg=24 t_max=28 hyst=5 → step_t=0 | RH_avg=39 rh_max=75 rh_min=50 hyst=12 rh_en=1 → step_rh=0 | resolved=0 (was cur_t=0 cur_rh=0)
[2026-05-14 16:04:54.036] [6991600][I][main.cpp:162] task_watchdog_heartbeat(): [GHC] T1 tick 13930  uptime 6991 s
[2026-05-14 16:04:59.054] [6996618][I][main.cpp:162] task_watchdog_heartbeat(): [GHC] T1 tick 13940  uptime 6996 s
[2026-05-14 16:05:00.220] [6997780][I][data_manager.cpp:230] read_rtc_and_seed_clock(): [T4] RTC: 2026-05-14 16:04:56 UTC  unix=1778774696  daytime=yes
[2026-05-14 16:05:04.072] [7001636][I][main.cpp:162] task_watchdog_heartbeat(): [GHC] T1 tick 13950  uptime 7001 s
[2026-05-14 16:05:09.090] [7006654][I][main.cpp:162] task_watchdog_heartbeat(): [GHC] T1 tick 13960  uptime 7006 s
[2026-05-14 16:05:14.108] [7011671][I][main.cpp:162] task_watchdog_heartbeat(): [GHC] T1 tick 13970  uptime 7011 s
[2026-05-14 16:05:19.126] [7016689][I][main.cpp:162] task_watchdog_heartbeat(): [GHC] T1 tick 13980  uptime 7016 s
[2026-05-14 16:05:19.231] [7016793][I][sensor_poll.cpp:359] task_sensor_poll(): [T5_SEN] [T5] iter 229 — woke from 30 s delay
[2026-05-14 16:05:19.239] [7016802][I][sensor_poll.cpp:395] task_sensor_poll(): [T5_SEN] [T5] iter 229 — polling FG6485A
[2026-05-14 16:05:19.271] [7016834][I][sensor_poll.cpp:432] task_sensor_poll(): [T5_SEN] [T5] iter 229 — polling S200
[2026-05-14 16:05:19.813] [7017372][I][sensor_poll.cpp:535] task_sensor_poll(): [T5_SEN] [T5] T=24°C RH=39% ws=0.0 m/s wd=0° | avg T=24 RH=39 ws=0.0 wd=0° [win T=12 RH=20 W=12]
[2026-05-14 16:05:19.833] [7017385][I][climate_control.cpp:434] task_climate_control(): [T6_CLI] [T6] T_avg=24 t_max=28 hyst=5 → step_t=0 | RH_avg=39 rh_max=75 rh_min=50 hyst=12 rh_en=1 → step_rh=0 | resolved=0 (was cur_t=0 cur_rh=0)
[2026-05-14 16:05:24.144] [7021707][I][main.cpp:162] task_watchdog_heartbeat(): [GHC] T1 tick 13990  uptime 7021 s
[2026-05-14 16:05:29.162] [7026725][I][main.cpp:162] task_watchdog_heartbeat(): [GHC] T1 tick 14000  uptime 7026 s
[2026-05-14 16:05:34.180] [7031743][I][main.cpp:162] task_watchdog_heartbeat(): [GHC] T1 tick 14010  uptime 7031 s
[2026-05-14 16:05:39.198] [7036761][I][main.cpp:162] task_watchdog_heartbeat(): [GHC] T1 tick 14020  uptime 7036 s
[2026-05-14 16:05:44.216] [7041779][I][main.cpp:162] task_watchdog_heartbeat(): [GHC] T1 tick 14030  uptime 7041 s
[2026-05-14 16:05:49.234] [7046797][I][main.cpp:162] task_watchdog_heartbeat(): [GHC] T1 tick 14040  uptime 7046 s
[2026-05-14 16:05:49.824] [7047386][I][sensor_poll.cpp:359] task_sensor_poll(): [T5_SEN] [T5] iter 230 — woke from 30 s delay
[2026-05-14 16:05:49.832] [7047395][I][sensor_poll.cpp:395] task_sensor_poll(): [T5_SEN] [T5] iter 230 — polling FG6485A
[2026-05-14 16:05:49.865] [7047427][I][sensor_poll.cpp:432] task_sensor_poll(): [T5_SEN] [T5] iter 230 — polling S200
[2026-05-14 16:05:50.407] [7047966][I][sensor_poll.cpp:535] task_sensor_poll(): [T5_SEN] [T5] T=24°C RH=39% ws=0.0 m/s wd=0° | avg T=24 RH=39 ws=0.0 wd=0° [win T=12 RH=20 W=12]
[2026-05-14 16:05:50.427] [7047980][I][climate_control.cpp:434] task_climate_control(): [T6_CLI] [T6] T_avg=24 t_max=28 hyst=5 → step_t=0 | RH_avg=39 rh_max=75 rh_min=50 hyst=12 rh_en=1 → step_rh=0 | resolved=0 (was cur_t=0 cur_rh=0)
[2026-05-14 16:05:54.252] [7051815][I][main.cpp:162] task_watchdog_heartbeat(): [GHC] T1 tick 14050  uptime 7051 s
[2026-05-14 16:05:59.270] [7056833][I][main.cpp:162] task_watchdog_heartbeat(): [GHC] T1 tick 14060  uptime 7056 s
[2026-05-14 16:05:59.407] [7056967][I][data_manager.cpp:230] read_rtc_and_seed_clock(): [T4] RTC: 2026-05-14 16:05:55 UTC  unix=1778774755  daytime=yes
[2026-05-14 16:06:04.288] [7061851][I][main.cpp:162] task_watchdog_heartbeat(): [GHC] T1 tick 14070  uptime 7061 s
[2026-05-14 16:06:09.306] [7066869][I][main.cpp:162] task_watchdog_heartbeat(): [GHC] T1 tick 14080  uptime 7066 s
[2026-05-14 16:06:14.324] [7071887][I][main.cpp:162] task_watchdog_heartbeat(): [GHC] T1 tick 14090  uptime 7071 s
[2026-05-14 16:06:19.342] [7076905][I][main.cpp:162] task_watchdog_heartbeat(): [GHC] T1 tick 14100  uptime 7076 s
[2026-05-14 16:06:20.418] [7077980][I][sensor_poll.cpp:359] task_sensor_poll(): [T5_SEN] [T5] iter 231 — woke from 30 s delay
[2026-05-14 16:06:20.426] [7077989][I][sensor_poll.cpp:395] task_sensor_poll(): [T5_SEN] [T5] iter 231 — polling FG6485A
[2026-05-14 16:06:20.459] [7078022][I][sensor_poll.cpp:432] task_sensor_poll(): [T5_SEN] [T5] iter 231 — polling S200
[2026-05-14 16:06:21.001] [7078560][I][sensor_poll.cpp:535] task_sensor_poll(): [T5_SEN] [T5] T=24°C RH=39% ws=0.0 m/s wd=0° | avg T=24 RH=39 ws=0.0 wd=0° [win T=12 RH=20 W=12]
[2026-05-14 16:06:21.021] [7078573][I][climate_control.cpp:434] task_climate_control(): [T6_CLI] [T6] T_avg=24 t_max=28 hyst=5 → step_t=0 | RH_avg=39 rh_max=75 rh_min=50 hyst=12 rh_en=1 → step_rh=0 | resolved=0 (was cur_t=0 cur_rh=0)
[2026-05-14 16:06:24.360] [7081923][I][main.cpp:162] task_watchdog_heartbeat(): [GHC] T1 tick 14110  uptime 7081 s
[2026-05-14 16:06:29.378] [7086941][I][main.cpp:162] task_watchdog_heartbeat(): [GHC] T1 tick 14120  uptime 7086 s
[2026-05-14 16:06:34.396] [7091959][I][main.cpp:162] task_watchdog_heartbeat(): [GHC] T1 tick 14130  uptime 7091 s
[2026-05-14 16:06:39.414] [7096977][I][main.cpp:162] task_watchdog_heartbeat(): [GHC] T1 tick 14140  uptime 7096 s
[2026-05-14 16:06:44.432] [7101995][I][main.cpp:162] task_watchdog_heartbeat(): [GHC] T1 tick 14150  uptime 7101 s
[2026-05-14 16:06:49.450] [7107013][I][main.cpp:162] task_watchdog_heartbeat(): [GHC] T1 tick 14160  uptime 7107 s
[2026-05-14 16:06:51.012] [7108574][I][sensor_poll.cpp:359] task_sensor_poll(): [T5_SEN] [T5] iter 232 — woke from 30 s delay
[2026-05-14 16:06:51.021] [7108583][I][sensor_poll.cpp:395] task_sensor_poll(): [T5_SEN] [T5] iter 232 — polling FG6485A
[2026-05-14 16:06:51.053] [7108615][I][sensor_poll.cpp:432] task_sensor_poll(): [T5_SEN] [T5] iter 232 — polling S200
[2026-05-14 16:06:51.594] [7109153][I][sensor_poll.cpp:535] task_sensor_poll(): [T5_SEN] [T5] T=24°C RH=39% ws=0.0 m/s wd=0° | avg T=24 RH=39 ws=0.0 wd=0° [win T=12 RH=20 W=12]
[2026-05-14 16:06:51.614] [7109167][I][climate_control.cpp:434] task_climate_control(): [T6_CLI] [T6] T_avg=24 t_max=28 hyst=5 → step_t=0 | RH_avg=39 rh_max=75 rh_min=50 hyst=12 rh_en=1 → step_rh=0 | resolved=0 (was cur_t=0 cur_rh=0)
[2026-05-14 16:06:54.468] [7112031][I][main.cpp:162] task_watchdog_heartbeat(): [GHC] T1 tick 14170  uptime 7112 s
[2026-05-14 16:06:58.594] [7116154][I][data_manager.cpp:230] read_rtc_and_seed_clock(): [T4] RTC: 2026-05-14 16:06:54 UTC  unix=1778774814  daytime=yes
[2026-05-14 16:06:59.486] [7117049][I][main.cpp:162] task_watchdog_heartbeat(): [GHC] T1 tick 14180  uptime 7117 s
[2026-05-14 16:07:04.504] [7122067][I][main.cpp:162] task_watchdog_heartbeat(): [GHC] T1 tick 14190  uptime 7122 s
[2026-05-14 16:07:09.522] [7127085][I][main.cpp:162] task_watchdog_heartbeat(): [GHC] T1 tick 14200  uptime 7127 s
[2026-05-14 16:07:14.540] [7132103][I][main.cpp:162] task_watchdog_heartbeat(): [GHC] T1 tick 14210  uptime 7132 s
[2026-05-14 16:07:19.558] [7137121][I][main.cpp:162] task_watchdog_heartbeat(): [GHC] T1 tick 14220  uptime 7137 s
[2026-05-14 16:07:21.605] [7139167][I][sensor_poll.cpp:359] task_sensor_poll(): [T5_SEN] [T5] iter 233 — woke from 30 s delay
[2026-05-14 16:07:21.614] [7139176][I][sensor_poll.cpp:395] task_sensor_poll(): [T5_SEN] [T5] iter 233 — polling FG6485A
[2026-05-14 16:07:21.646] [7139208][I][sensor_poll.cpp:432] task_sensor_poll(): [T5_SEN] [T5] iter 233 — polling S200
[2026-05-14 16:07:22.188] [7139746][I][sensor_poll.cpp:535] task_sensor_poll(): [T5_SEN] [T5] T=24°C RH=39% ws=0.0 m/s wd=0° | avg T=24 RH=39 ws=0.0 wd=0° [win T=12 RH=20 W=12]
[2026-05-14 16:07:22.207] [7139759][I][climate_control.cpp:434] task_climate_control(): [T6_CLI] [T6] T_avg=24 t_max=28 hyst=5 → step_t=0 | RH_avg=39 rh_max=75 rh_min=50 hyst=12 rh_en=1 → step_rh=0 | resolved=0 (was cur_t=0 cur_rh=0)
[2026-05-14 16:07:24.576] [7142139][I][main.cpp:162] task_watchdog_heartbeat(): [GHC] T1 tick 14230  uptime 7142 s
[2026-05-14 16:07:29.594] [7147157][I][main.cpp:162] task_watchdog_heartbeat(): [GHC] T1 tick 14240  uptime 7147 s
[2026-05-14 16:07:34.612] [7152175][I][main.cpp:162] task_watchdog_heartbeat(): [GHC] T1 tick 14250  uptime 7152 s
[2026-05-14 16:07:39.630] [7157193][I][main.cpp:162] task_watchdog_heartbeat(): [GHC] T1 tick 14260  uptime 7157 s
[2026-05-14 16:07:44.649] [7162211][I][main.cpp:162] task_watchdog_heartbeat(): [GHC] T1 tick 14270  uptime 7162 s
[2026-05-14 16:07:49.667] [7167229][I][main.cpp:162] task_watchdog_heartbeat(): [GHC] T1 tick 14280  uptime 7167 s
[2026-05-14 16:07:52.198] [7169760][I][sensor_poll.cpp:359] task_sensor_poll(): [T5_SEN] [T5] iter 234 — woke from 30 s delay
[2026-05-14 16:07:52.207] [7169769][I][sensor_poll.cpp:395] task_sensor_poll(): [T5_SEN] [T5] iter 234 — polling FG6485A
[2026-05-14 16:07:52.239] [7169801][I][sensor_poll.cpp:432] task_sensor_poll(): [T5_SEN] [T5] iter 234 — polling S200
[2026-05-14 16:07:52.782] [7170340][I][sensor_poll.cpp:535] task_sensor_poll(): [T5_SEN] [T5] T=24°C RH=39% ws=0.0 m/s wd=0° | avg T=24 RH=39 ws=0.0 wd=0° [win T=12 RH=20 W=12]
[2026-05-14 16:07:52.802] [7170354][I][climate_control.cpp:434] task_climate_control(): [T6_CLI] [T6] T_avg=24 t_max=28 hyst=5 → step_t=0 | RH_avg=39 rh_max=75 rh_min=50 hyst=12 rh_en=1 → step_rh=0 | resolved=0 (was cur_t=0 cur_rh=0)
[2026-05-14 16:07:54.685] [7172247][I][main.cpp:162] task_watchdog_heartbeat(): [GHC] T1 tick 14290  uptime 7172 s
[2026-05-14 16:07:57.782] [7175341][I][data_manager.cpp:230] read_rtc_and_seed_clock(): [T4] RTC: 2026-05-14 16:07:53 UTC  unix=1778774873  daytime=yes
[2026-05-14 16:07:59.703] [7177265][I][main.cpp:162] task_watchdog_heartbeat(): [GHC] T1 tick 14300  uptime 7177 s
[2026-05-14 16:08:04.721] [7182283][I][main.cpp:162] task_watchdog_heartbeat(): [GHC] T1 tick 14310  uptime 7182 s
[2026-05-14 16:08:09.739] [7187301][I][main.cpp:162] task_watchdog_heartbeat(): [GHC] T1 tick 14320  uptime 7187 s
[2026-05-14 16:08:14.757] [7192319][I][main.cpp:162] task_watchdog_heartbeat(): [GHC] T1 tick 14330  uptime 7192 s
[2026-05-14 16:08:19.775] [7197337][I][main.cpp:162] task_watchdog_heartbeat(): [GHC] T1 tick 14340  uptime 7197 s
[2026-05-14 16:08:22.793] [7200354][I][sensor_poll.cpp:359] task_sensor_poll(): [T5_SEN] [T5] iter 235 — woke from 30 s delay
[2026-05-14 16:08:22.801] [7200363][I][sensor_poll.cpp:395] task_sensor_poll(): [T5_SEN] [T5] iter 235 — polling FG6485A
[2026-05-14 16:08:22.834] [7200396][I][sensor_poll.cpp:432] task_sensor_poll(): [T5_SEN] [T5] iter 235 — polling S200
[2026-05-14 16:08:23.376] [7200934][I][sensor_poll.cpp:535] task_sensor_poll(): [T5_SEN] [T5] T=24°C RH=39% ws=0.0 m/s wd=0° | avg T=24 RH=39 ws=0.0 wd=0° [win T=12 RH=20 W=12]
[2026-05-14 16:08:23.396] [7200948][I][climate_control.cpp:434] task_climate_control(): [T6_CLI] [T6] T_avg=24 t_max=28 hyst=5 → step_t=0 | RH_avg=39 rh_max=75 rh_min=50 hyst=12 rh_en=1 → step_rh=0 | resolved=0 (was cur_t=0 cur_rh=0)
[2026-05-14 16:08:24.793] [7202355][I][main.cpp:162] task_watchdog_heartbeat(): [GHC] T1 tick 14350  uptime 7202 s
[2026-05-14 16:08:29.811] [7207373][I][main.cpp:162] task_watchdog_heartbeat(): [GHC] T1 tick 14360  uptime 7207 s
[2026-05-14 16:08:34.829] [7212391][I][main.cpp:162] task_watchdog_heartbeat(): [GHC] T1 tick 14370  uptime 7212 s
[2026-05-14 16:08:39.847] [7217409][I][main.cpp:162] task_watchdog_heartbeat(): [GHC] T1 tick 14380  uptime 7217 s
[2026-05-14 16:08:44.865] [7222427][I][main.cpp:162] task_watchdog_heartbeat(): [GHC] T1 tick 14390  uptime 7222 s
[2026-05-14 16:08:49.882] [7227445][I][main.cpp:162] task_watchdog_heartbeat(): [GHC] T1 tick 14400  uptime 7227 s
[2026-05-14 16:08:49.890] [7227453][I][main.cpp:247] task_watchdog_heartbeat(): [GHC] stack T1  hwm=2044 B
[2026-05-14 16:08:49.896] [7227461][I][main.cpp:247] task_watchdog_heartbeat(): [GHC] stack T2  hwm=6380 B
[2026-05-14 16:08:49.905] [7227468][I][main.cpp:247] task_watchdog_heartbeat(): [GHC] stack T3  hwm=1980 B
[2026-05-14 16:08:49.913] [7227475][I][main.cpp:247] task_watchdog_heartbeat(): [GHC] stack T4  hwm=3980 B
[2026-05-14 16:08:49.919] [7227483][I][main.cpp:247] task_watchdog_heartbeat(): [GHC] stack T5  hwm=4124 B
[2026-05-14 16:08:49.927] [7227490][I][main.cpp:247] task_watchdog_heartbeat(): [GHC] stack T6  hwm=1596 B
[2026-05-14 16:08:49.933] [7227497][I][main.cpp:247] task_watchdog_heartbeat(): [GHC] stack T7  hwm=2464 B
[2026-05-14 16:08:49.942] [7227505][I][main.cpp:247] task_watchdog_heartbeat(): [GHC] stack T8  hwm=5740 B
[2026-05-14 16:08:49.948] [7227512][I][main.cpp:247] task_watchdog_heartbeat(): [GHC] stack T9  hwm=2524 B
[2026-05-14 16:08:49.956] [7227519][I][main.cpp:247] task_watchdog_heartbeat(): [GHC] stack T10 hwm=5632 B
[2026-05-14 16:08:49.962] [7227527][I][main.cpp:247] task_watchdog_heartbeat(): [GHC] stack T11 hwm=5536 B
[2026-05-14 16:08:49.971] [7227534][I][main.cpp:247] task_watchdog_heartbeat(): [GHC] stack T12 hwm=7464 B
[2026-05-14 16:08:49.979] [7227542][I][main.cpp:247] task_watchdog_heartbeat(): [GHC] stack T14 hwm=6692 B
[2026-05-14 16:08:49.986] [7227549][I][main.cpp:247] task_watchdog_heartbeat(): [GHC] stack T15 hwm=2376 B
[2026-05-14 16:08:53.387] [7230948][I][sensor_poll.cpp:359] task_sensor_poll(): [T5_SEN] [T5] iter 236 — woke from 30 s delay
[2026-05-14 16:08:53.395] [7230957][I][sensor_poll.cpp:395] task_sensor_poll(): [T5_SEN] [T5] iter 236 — polling FG6485A
[2026-05-14 16:08:53.743] [7231305][I][sensor_poll.cpp:432] task_sensor_poll(): [T5_SEN] [T5] iter 236 — polling S200
[2026-05-14 16:08:54.285] [7231843][I][sensor_poll.cpp:535] task_sensor_poll(): [T5_SEN] [T5] T=24°C RH=39% ws=0.0 m/s wd=0° | avg T=24 RH=39 ws=0.0 wd=0° [win T=12 RH=20 W=12]
[2026-05-14 16:08:54.305] [7231856][I][climate_control.cpp:434] task_climate_control(): [T6_CLI] [T6] T_avg=24 t_max=28 hyst=5 → step_t=0 | RH_avg=39 rh_max=75 rh_min=50 hyst=12 rh_en=1 → step_rh=0 | resolved=0 (was cur_t=0 cur_rh=0)
[2026-05-14 16:08:55.003] [7232566][I][main.cpp:162] task_watchdog_heartbeat(): [GHC] T1 tick 14410  uptime 7232 s
[2026-05-14 16:08:57.285] [7234844][I][data_manager.cpp:230] read_rtc_and_seed_clock(): [T4] RTC: 2026-05-14 16:08:53 UTC  unix=1778774933  daytime=yes
[2026-05-14 16:09:00.022] [7237584][I][main.cpp:162] task_watchdog_heartbeat(): [GHC] T1 tick 14420  uptime 7237 s
[2026-05-14 16:09:05.040] [7242602][I][main.cpp:162] task_watchdog_heartbeat(): [GHC] T1 tick 14430  uptime 7242 s
[2026-05-14 16:09:10.058] [7247620][I][main.cpp:162] task_watchdog_heartbeat(): [GHC] T1 tick 14440  uptime 7247 s
[2026-05-14 16:09:15.076] [7252638][I][main.cpp:162] task_watchdog_heartbeat(): [GHC] T1 tick 14450  uptime 7252 s
[2026-05-14 16:09:20.094] [7257656][I][main.cpp:162] task_watchdog_heartbeat(): [GHC] T1 tick 14460  uptime 7257 s
[2026-05-14 16:09:24.296] [7261857][I][sensor_poll.cpp:359] task_sensor_poll(): [T5_SEN] [T5] iter 237 — woke from 30 s delay
[2026-05-14 16:09:24.305] [7261866][I][sensor_poll.cpp:395] task_sensor_poll(): [T5_SEN] [T5] iter 237 — polling FG6485A
[2026-05-14 16:09:24.337] [7261898][I][sensor_poll.cpp:432] task_sensor_poll(): [T5_SEN] [T5] iter 237 — polling S200
[2026-05-14 16:09:24.878] [7262436][I][sensor_poll.cpp:535] task_sensor_poll(): [T5_SEN] [T5] T=24°C RH=39% ws=0.0 m/s wd=0° | avg T=24 RH=39 ws=0.0 wd=0° [win T=12 RH=20 W=12]
[2026-05-14 16:09:24.898] [7262449][I][climate_control.cpp:434] task_climate_control(): [T6_CLI] [T6] T_avg=24 t_max=28 hyst=5 → step_t=0 | RH_avg=39 rh_max=75 rh_min=50 hyst=12 rh_en=1 → step_rh=0 | resolved=0 (was cur_t=0 cur_rh=0)
[2026-05-14 16:09:25.112] [7262674][I][main.cpp:162] task_watchdog_heartbeat(): [GHC] T1 tick 14470  uptime 7262 s
[2026-05-14 16:09:30.130] [7267692][I][main.cpp:162] task_watchdog_heartbeat(): [GHC] T1 tick 14480  uptime 7267 s
[2026-05-14 16:09:35.148] [7272710][I][main.cpp:162] task_watchdog_heartbeat(): [GHC] T1 tick 14490  uptime 7272 s
[2026-05-14 16:09:40.166] [7277728][I][main.cpp:162] task_watchdog_heartbeat(): [GHC] T1 tick 14500  uptime 7277 s
[2026-05-14 16:09:45.184] [7282746][I][main.cpp:162] task_watchdog_heartbeat(): [GHC] T1 tick 14510  uptime 7282 s
[2026-05-14 16:09:50.202] [7287764][I][main.cpp:162] task_watchdog_heartbeat(): [GHC] T1 tick 14520  uptime 7287 s
[2026-05-14 16:09:54.889] [7292450][I][sensor_poll.cpp:359] task_sensor_poll(): [T5_SEN] [T5] iter 238 — woke from 30 s delay
[2026-05-14 16:09:54.898] [7292459][I][sensor_poll.cpp:395] task_sensor_poll(): [T5_SEN] [T5] iter 238 — polling FG6485A
[2026-05-14 16:09:54.930] [7292491][I][sensor_poll.cpp:432] task_sensor_poll(): [T5_SEN] [T5] iter 238 — polling S200
[2026-05-14 16:09:55.220] [7292782][I][main.cpp:162] task_watchdog_heartbeat(): [GHC] T1 tick 14530  uptime 7292 s
[2026-05-14 16:09:55.472] [7293029][I][sensor_poll.cpp:535] task_sensor_poll(): [T5_SEN] [T5] T=24°C RH=39% ws=0.0 m/s wd=0° | avg T=24 RH=39 ws=0.0 wd=0° [win T=12 RH=20 W=12]
[2026-05-14 16:09:55.491] [7293043][I][climate_control.cpp:434] task_climate_control(): [T6_CLI] [T6] T_avg=24 t_max=28 hyst=5 → step_t=0 | RH_avg=39 rh_max=75 rh_min=50 hyst=12 rh_en=1 → step_rh=0 | resolved=0 (was cur_t=0 cur_rh=0)
[2026-05-14 16:09:56.471] [7294030][I][data_manager.cpp:230] read_rtc_and_seed_clock(): [T4] RTC: 2026-05-14 16:09:52 UTC  unix=1778774992  daytime=yes
[2026-05-14 16:10:00.238] [7297800][I][main.cpp:162] task_watchdog_heartbeat(): [GHC] T1 tick 14540  uptime 7297 s
[2026-05-14 16:10:05.256] [7302818][I][main.cpp:162] task_watchdog_heartbeat(): [GHC] T1 tick 14550  uptime 7302 s
[2026-05-14 16:10:10.274] [7307836][I][main.cpp:162] task_watchdog_heartbeat(): [GHC] T1 tick 14560  uptime 7307 s
[2026-05-14 16:10:15.292] [7312854][I][main.cpp:162] task_watchdog_heartbeat(): [GHC] T1 tick 14570  uptime 7312 s
[2026-05-14 16:10:20.310] [7317872][I][main.cpp:162] task_watchdog_heartbeat(): [GHC] T1 tick 14580  uptime 7317 s
[2026-05-14 16:10:25.328] [7322890][I][main.cpp:162] task_watchdog_heartbeat(): [GHC] T1 tick 14590  uptime 7322 s
[2026-05-14 16:10:25.483] [7323043][I][sensor_poll.cpp:359] task_sensor_poll(): [T5_SEN] [T5] iter 239 — woke from 30 s delay
[2026-05-14 16:10:25.491] [7323052][I][sensor_poll.cpp:395] task_sensor_poll(): [T5_SEN] [T5] iter 239 — polling FG6485A
[2026-05-14 16:10:25.523] [7323084][I][sensor_poll.cpp:432] task_sensor_poll(): [T5_SEN] [T5] iter 239 — polling S200
[2026-05-14 16:10:26.066] [7323623][I][sensor_poll.cpp:535] task_sensor_poll(): [T5_SEN] [T5] T=24°C RH=39% ws=0.0 m/s wd=0° | avg T=24 RH=39 ws=0.0 wd=0° [win T=12 RH=20 W=12]
[2026-05-14 16:10:26.086] [7323636][I][climate_control.cpp:434] task_climate_control(): [T6_CLI] [T6] T_avg=24 t_max=28 hyst=5 → step_t=0 | RH_avg=39 rh_max=75 rh_min=50 hyst=12 rh_en=1 → step_rh=0 | resolved=0 (was cur_t=0 cur_rh=0)
[2026-05-14 16:10:30.346] [7327908][I][main.cpp:162] task_watchdog_heartbeat(): [GHC] T1 tick 14600  uptime 7327 s
[2026-05-14 16:10:35.365] [7332926][I][main.cpp:162] task_watchdog_heartbeat(): [GHC] T1 tick 14610  uptime 7332 s
[2026-05-14 16:10:40.383] [7337944][I][main.cpp:162] task_watchdog_heartbeat(): [GHC] T1 tick 14620  uptime 7337 s
[2026-05-14 16:10:45.401] [7342962][I][main.cpp:162] task_watchdog_heartbeat(): [GHC] T1 tick 14630  uptime 7342 s
[2026-05-14 16:10:50.419] [7347980][I][main.cpp:162] task_watchdog_heartbeat(): [GHC] T1 tick 14640  uptime 7347 s
[2026-05-14 16:10:55.436] [7352998][I][main.cpp:162] task_watchdog_heartbeat(): [GHC] T1 tick 14650  uptime 7352 s
[2026-05-14 16:10:56.066] [7353624][I][data_manager.cpp:230] read_rtc_and_seed_clock(): [T4] RTC: 2026-05-14 16:10:51 UTC  unix=1778775051  daytime=yes
[2026-05-14 16:10:56.077] [7353637][I][sensor_poll.cpp:359] task_sensor_poll(): [T5_SEN] [T5] iter 240 — woke from 30 s delay
[2026-05-14 16:10:56.085] [7353646][I][sensor_poll.cpp:395] task_sensor_poll(): [T5_SEN] [T5] iter 240 — polling FG6485A
[2026-05-14 16:10:56.118] [7353679][I][sensor_poll.cpp:432] task_sensor_poll(): [T5_SEN] [T5] iter 240 — polling S200
[2026-05-14 16:10:56.660] [7354217][I][sensor_poll.cpp:535] task_sensor_poll(): [T5_SEN] [T5] T=24°C RH=39% ws=0.0 m/s wd=0° | avg T=24 RH=39 ws=0.0 wd=0° [win T=12 RH=20 W=12]
[2026-05-14 16:10:56.680] [7354231][I][climate_control.cpp:434] task_climate_control(): [T6_CLI] [T6] T_avg=24 t_max=28 hyst=5 → step_t=0 | RH_avg=39 rh_max=75 rh_min=50 hyst=12 rh_en=1 → step_rh=0 | resolved=0 (was cur_t=0 cur_rh=0)
[2026-05-14 16:11:00.455] [7358016][I][main.cpp:162] task_watchdog_heartbeat(): [GHC] T1 tick 14660  uptime 7358 s
[2026-05-14 16:11:05.473] [7363034][I][main.cpp:162] task_watchdog_heartbeat(): [GHC] T1 tick 14670  uptime 7363 s
[2026-05-14 16:11:10.491] [7368052][I][main.cpp:162] task_watchdog_heartbeat(): [GHC] T1 tick 14680  uptime 7368 s
[2026-05-14 16:11:15.509] [7373070][I][main.cpp:162] task_watchdog_heartbeat(): [GHC] T1 tick 14690  uptime 7373 s
[2026-05-14 16:11:20.527] [7378088][I][main.cpp:162] task_watchdog_heartbeat(): [GHC] T1 tick 14700  uptime 7378 s
[2026-05-14 16:11:25.546] [7383107][I][main.cpp:162] task_watchdog_heartbeat(): [GHC] T1 tick 14710  uptime 7383 s
[2026-05-14 16:11:26.671] [7384231][I][sensor_poll.cpp:359] task_sensor_poll(): [T5_SEN] [T5] iter 241 — woke from 30 s delay
[2026-05-14 16:11:26.679] [7384240][I][sensor_poll.cpp:395] task_sensor_poll(): [T5_SEN] [T5] iter 241 — polling FG6485A
[2026-05-14 16:11:26.711] [7384272][I][sensor_poll.cpp:432] task_sensor_poll(): [T5_SEN] [T5] iter 241 — polling S200
[2026-05-14 16:11:27.253] [7384810][I][sensor_poll.cpp:535] task_sensor_poll(): [T5_SEN] [T5] T=24°C RH=39% ws=0.0 m/s wd=0° | avg T=24 RH=39 ws=0.0 wd=0° [win T=12 RH=20 W=12]
[2026-05-14 16:11:27.273] [7384823][I][climate_control.cpp:434] task_climate_control(): [T6_CLI] [T6] T_avg=24 t_max=28 hyst=5 → step_t=0 | RH_avg=39 rh_max=75 rh_min=50 hyst=12 rh_en=1 → step_rh=0 | resolved=0 (was cur_t=0 cur_rh=0)
[2026-05-14 16:11:30.564] [7388125][I][main.cpp:162] task_watchdog_heartbeat(): [GHC] T1 tick 14720  uptime 7388 s
[2026-05-14 16:11:35.582] [7393143][I][main.cpp:162] task_watchdog_heartbeat(): [GHC] T1 tick 14730  uptime 7393 s
[2026-05-14 16:11:40.600] [7398161][I][main.cpp:162] task_watchdog_heartbeat(): [GHC] T1 tick 14740  uptime 7398 s
[2026-05-14 16:11:45.618] [7403179][I][main.cpp:162] task_watchdog_heartbeat(): [GHC] T1 tick 14750  uptime 7403 s
[2026-05-14 16:11:50.636] [7408197][I][main.cpp:162] task_watchdog_heartbeat(): [GHC] T1 tick 14760  uptime 7408 s
[2026-05-14 16:11:55.253] [7412811][I][data_manager.cpp:230] read_rtc_and_seed_clock(): [T4] RTC: 2026-05-14 16:11:51 UTC  unix=1778775111  daytime=yes
[2026-05-14 16:11:55.654] [7413215][I][main.cpp:162] task_watchdog_heartbeat(): [GHC] T1 tick 14770  uptime 7413 s
[2026-05-14 16:11:57.264] [7414824][I][sensor_poll.cpp:359] task_sensor_poll(): [T5_SEN] [T5] iter 242 — woke from 30 s delay
[2026-05-14 16:11:57.273] [7414833][I][sensor_poll.cpp:395] task_sensor_poll(): [T5_SEN] [T5] iter 242 — polling FG6485A
[2026-05-14 16:11:57.305] [7414865][I][sensor_poll.cpp:432] task_sensor_poll(): [T5_SEN] [T5] iter 242 — polling S200
[2026-05-14 16:11:57.846] [7415403][I][sensor_poll.cpp:535] task_sensor_poll(): [T5_SEN] [T5] T=24°C RH=39% ws=0.0 m/s wd=0° | avg T=24 RH=39 ws=0.0 wd=0° [win T=12 RH=20 W=12]
[2026-05-14 16:11:57.866] [7415416][I][climate_control.cpp:434] task_climate_control(): [T6_CLI] [T6] T_avg=24 t_max=28 hyst=5 → step_t=0 | RH_avg=39 rh_max=75 rh_min=50 hyst=12 rh_en=1 → step_rh=0 | resolved=0 (was cur_t=0 cur_rh=0)
[2026-05-14 16:12:00.672] [7418233][I][main.cpp:162] task_watchdog_heartbeat(): [GHC] T1 tick 14780  uptime 7418 s
[2026-05-14 16:12:05.690] [7423251][I][main.cpp:162] task_watchdog_heartbeat(): [GHC] T1 tick 14790  uptime 7423 s
[2026-05-14 16:12:10.708] [7428269][I][main.cpp:162] task_watchdog_heartbeat(): [GHC] T1 tick 14800  uptime 7428 s
[2026-05-14 16:12:15.726] [7433287][I][main.cpp:162] task_watchdog_heartbeat(): [GHC] T1 tick 14810  uptime 7433 s
[2026-05-14 16:12:20.744] [7438305][I][main.cpp:162] task_watchdog_heartbeat(): [GHC] T1 tick 14820  uptime 7438 s
[2026-05-14 16:12:25.762] [7443323][I][main.cpp:162] task_watchdog_heartbeat(): [GHC] T1 tick 14830  uptime 7443 s
[2026-05-14 16:12:27.857] [7445417][I][sensor_poll.cpp:359] task_sensor_poll(): [T5_SEN] [T5] iter 243 — woke from 30 s delay
[2026-05-14 16:12:27.866] [7445426][I][sensor_poll.cpp:395] task_sensor_poll(): [T5_SEN] [T5] iter 243 — polling FG6485A
[2026-05-14 16:12:27.898] [7445458][I][sensor_poll.cpp:432] task_sensor_poll(): [T5_SEN] [T5] iter 243 — polling S200
[2026-05-14 16:12:28.440] [7445997][I][sensor_poll.cpp:535] task_sensor_poll(): [T5_SEN] [T5] T=24°C RH=39% ws=0.0 m/s wd=0° | avg T=24 RH=39 ws=0.0 wd=0° [win T=12 RH=20 W=12]
[2026-05-14 16:12:28.460] [7446011][I][climate_control.cpp:434] task_climate_control(): [T6_CLI] [T6] T_avg=24 t_max=28 hyst=5 → step_t=0 | RH_avg=39 rh_max=75 rh_min=50 hyst=12 rh_en=1 → step_rh=0 | resolved=0 (was cur_t=0 cur_rh=0)
[2026-05-14 16:12:30.780] [7448341][I][main.cpp:162] task_watchdog_heartbeat(): [GHC] T1 tick 14840  uptime 7448 s
[2026-05-14 16:12:35.798] [7453359][I][main.cpp:162] task_watchdog_heartbeat(): [GHC] T1 tick 14850  uptime 7453 s
[2026-05-14 16:12:40.816] [7458377][I][main.cpp:162] task_watchdog_heartbeat(): [GHC] T1 tick 14860  uptime 7458 s
[2026-05-14 16:12:45.834] [7463395][I][main.cpp:162] task_watchdog_heartbeat(): [GHC] T1 tick 14870  uptime 7463 s
[2026-05-14 16:12:50.852] [7468413][I][main.cpp:162] task_watchdog_heartbeat(): [GHC] T1 tick 14880  uptime 7468 s
[2026-05-14 16:12:54.441] [7471998][I][data_manager.cpp:230] read_rtc_and_seed_clock(): [T4] RTC: 2026-05-14 16:12:50 UTC  unix=1778775170  daytime=yes
[2026-05-14 16:12:55.870] [7473431][I][main.cpp:162] task_watchdog_heartbeat(): [GHC] T1 tick 14890  uptime 7473 s
[2026-05-14 16:12:58.451] [7476011][I][sensor_poll.cpp:359] task_sensor_poll(): [T5_SEN] [T5] iter 244 — woke from 30 s delay
[2026-05-14 16:12:58.460] [7476020][I][sensor_poll.cpp:395] task_sensor_poll(): [T5_SEN] [T5] iter 244 — polling FG6485A
[2026-05-14 16:12:58.493] [7476053][I][sensor_poll.cpp:432] task_sensor_poll(): [T5_SEN] [T5] iter 244 — polling S200
[2026-05-14 16:12:59.035] [7476591][I][sensor_poll.cpp:535] task_sensor_poll(): [T5_SEN] [T5] T=24°C RH=39% ws=0.0 m/s wd=0° | avg T=24 RH=39 ws=0.0 wd=0° [win T=12 RH=20 W=12]
[2026-05-14 16:12:59.054] [7476604][I][climate_control.cpp:434] task_climate_control(): [T6_CLI] [T6] T_avg=24 t_max=28 hyst=5 → step_t=0 | RH_avg=39 rh_max=75 rh_min=50 hyst=12 rh_en=1 → step_rh=0 | resolved=0 (was cur_t=0 cur_rh=0)
[2026-05-14 16:13:00.888] [7478449][I][main.cpp:162] task_watchdog_heartbeat(): [GHC] T1 tick 14900  uptime 7478 s
[2026-05-14 16:13:05.906] [7483467][I][main.cpp:162] task_watchdog_heartbeat(): [GHC] T1 tick 14910  uptime 7483 s
[2026-05-14 16:13:10.924] [7488485][I][main.cpp:162] task_watchdog_heartbeat(): [GHC] T1 tick 14920  uptime 7488 s
[2026-05-14 16:13:15.942] [7493503][I][main.cpp:162] task_watchdog_heartbeat(): [GHC] T1 tick 14930  uptime 7493 s
[2026-05-14 16:13:20.960] [7498521][I][main.cpp:162] task_watchdog_heartbeat(): [GHC] T1 tick 14940  uptime 7498 s
[2026-05-14 16:13:25.978] [7503539][I][main.cpp:162] task_watchdog_heartbeat(): [GHC] T1 tick 14950  uptime 7503 s
[2026-05-14 16:13:29.046] [7506605][I][sensor_poll.cpp:359] task_sensor_poll(): [T5_SEN] [T5] iter 245 — woke from 30 s delay
[2026-05-14 16:13:29.054] [7506614][I][sensor_poll.cpp:395] task_sensor_poll(): [T5_SEN] [T5] iter 245 — polling FG6485A
[2026-05-14 16:13:29.085] [7506646][I][sensor_poll.cpp:432] task_sensor_poll(): [T5_SEN] [T5] iter 245 — polling S200
[2026-05-14 16:13:29.628] [7507184][I][sensor_poll.cpp:535] task_sensor_poll(): [T5_SEN] [T5] T=24°C RH=39% ws=0.0 m/s wd=0° | avg T=24 RH=39 ws=0.0 wd=0° [win T=12 RH=20 W=12]
[2026-05-14 16:13:29.648] [7507198][I][climate_control.cpp:434] task_climate_control(): [T6_CLI] [T6] T_avg=24 t_max=28 hyst=5 → step_t=0 | RH_avg=39 rh_max=75 rh_min=50 hyst=12 rh_en=1 → step_rh=0 | resolved=0 (was cur_t=0 cur_rh=0)
[2026-05-14 16:13:30.996] [7508557][I][main.cpp:162] task_watchdog_heartbeat(): [GHC] T1 tick 14960  uptime 7508 s
[2026-05-14 16:13:36.014] [7513575][I][main.cpp:162] task_watchdog_heartbeat(): [GHC] T1 tick 14970  uptime 7513 s
[2026-05-14 16:13:41.033] [7518593][I][main.cpp:162] task_watchdog_heartbeat(): [GHC] T1 tick 14980  uptime 7518 s
[2026-05-14 16:13:46.050] [7523611][I][main.cpp:162] task_watchdog_heartbeat(): [GHC] T1 tick 14990  uptime 7523 s
[2026-05-14 16:13:51.069] [7528629][I][main.cpp:162] task_watchdog_heartbeat(): [GHC] T1 tick 15000  uptime 7528 s
[2026-05-14 16:13:53.628] [7531185][I][data_manager.cpp:230] read_rtc_and_seed_clock(): [T4] RTC: 2026-05-14 16:13:49 UTC  unix=1778775229  daytime=yes
[2026-05-14 16:13:56.086] [7533647][I][main.cpp:162] task_watchdog_heartbeat(): [GHC] T1 tick 15010  uptime 7533 s
[2026-05-14 16:13:59.639] [7537198][I][sensor_poll.cpp:359] task_sensor_poll(): [T5_SEN] [T5] iter 246 — woke from 30 s delay
[2026-05-14 16:13:59.647] [7537207][I][sensor_poll.cpp:395] task_sensor_poll(): [T5_SEN] [T5] iter 246 — polling FG6485A
[2026-05-14 16:13:59.679] [7537239][I][sensor_poll.cpp:432] task_sensor_poll(): [T5_SEN] [T5] iter 246 — polling S200
[2026-05-14 16:14:00.221] [7537777][I][sensor_poll.cpp:535] task_sensor_poll(): [T5_SEN] [T5] T=24°C RH=39% ws=0.0 m/s wd=0° | avg T=24 RH=39 ws=0.0 wd=0° [win T=12 RH=20 W=12]
[2026-05-14 16:14:00.241] [7537790][I][climate_control.cpp:434] task_climate_control(): [T6_CLI] [T6] T_avg=24 t_max=28 hyst=5 → step_t=0 | RH_avg=39 rh_max=75 rh_min=50 hyst=12 rh_en=1 → step_rh=0 | resolved=0 (was cur_t=0 cur_rh=0)
[2026-05-14 16:14:01.104] [7538665][I][main.cpp:162] task_watchdog_heartbeat(): [GHC] T1 tick 15020  uptime 7538 s
[2026-05-14 16:14:06.122] [7543683][I][main.cpp:162] task_watchdog_heartbeat(): [GHC] T1 tick 15030  uptime 7543 s
[2026-05-14 16:14:11.140] [7548701][I][main.cpp:162] task_watchdog_heartbeat(): [GHC] T1 tick 15040  uptime 7548 s
[2026-05-14 16:14:16.159] [7553719][I][main.cpp:162] task_watchdog_heartbeat(): [GHC] T1 tick 15050  uptime 7553 s
[2026-05-14 16:14:21.177] [7558737][I][main.cpp:162] task_watchdog_heartbeat(): [GHC] T1 tick 15060  uptime 7558 s
[2026-05-14 16:14:26.195] [7563755][I][main.cpp:162] task_watchdog_heartbeat(): [GHC] T1 tick 15070  uptime 7563 s
[2026-05-14 16:14:30.232] [7567791][I][sensor_poll.cpp:359] task_sensor_poll(): [T5_SEN] [T5] iter 247 — woke from 30 s delay
[2026-05-14 16:14:30.240] [7567800][I][sensor_poll.cpp:395] task_sensor_poll(): [T5_SEN] [T5] iter 247 — polling FG6485A
[2026-05-14 16:14:30.273] [7567832][I][sensor_poll.cpp:432] task_sensor_poll(): [T5_SEN] [T5] iter 247 — polling S200
[2026-05-14 16:14:30.815] [7568371][I][sensor_poll.cpp:535] task_sensor_poll(): [T5_SEN] [T5] T=24°C RH=39% ws=0.0 m/s wd=0° | avg T=24 RH=39 ws=0.0 wd=0° [win T=12 RH=20 W=12]
[2026-05-14 16:14:30.835] [7568384][I][climate_control.cpp:434] task_climate_control(): [T6_CLI] [T6] T_avg=24 t_max=28 hyst=5 → step_t=0 | RH_avg=39 rh_max=75 rh_min=50 hyst=12 rh_en=1 → step_rh=0 | resolved=0 (was cur_t=0 cur_rh=0)
[2026-05-14 16:14:31.213] [7568773][I][main.cpp:162] task_watchdog_heartbeat(): [GHC] T1 tick 15080  uptime 7568 s
[2026-05-14 16:14:36.231] [7573791][I][main.cpp:162] task_watchdog_heartbeat(): [GHC] T1 tick 15090  uptime 7573 s
[2026-05-14 16:14:41.249] [7578809][I][main.cpp:162] task_watchdog_heartbeat(): [GHC] T1 tick 15100  uptime 7578 s
[2026-05-14 16:14:46.267] [7583827][I][main.cpp:162] task_watchdog_heartbeat(): [GHC] T1 tick 15110  uptime 7583 s
[2026-05-14 16:14:51.285] [7588845][I][main.cpp:162] task_watchdog_heartbeat(): [GHC] T1 tick 15120  uptime 7588 s
[2026-05-14 16:14:52.815] [7590372][I][data_manager.cpp:230] read_rtc_and_seed_clock(): [T4] RTC: 2026-05-14 16:14:48 UTC  unix=1778775288  daytime=yes
[2026-05-14 16:14:56.303] [7593863][I][main.cpp:162] task_watchdog_heartbeat(): [GHC] T1 tick 15130  uptime 7593 s
[2026-05-14 16:15:00.825] [7598384][I][sensor_poll.cpp:359] task_sensor_poll(): [T5_SEN] [T5] iter 248 — woke from 30 s delay
[2026-05-14 16:15:00.834] [7598394][I][sensor_poll.cpp:395] task_sensor_poll(): [T5_SEN] [T5] iter 248 — polling FG6485A
[2026-05-14 16:15:00.866] [7598426][I][sensor_poll.cpp:432] task_sensor_poll(): [T5_SEN] [T5] iter 248 — polling S200
[2026-05-14 16:15:01.321] [7598881][I][main.cpp:162] task_watchdog_heartbeat(): [GHC] T1 tick 15140  uptime 7598 s
[2026-05-14 16:15:01.408] [7598964][I][sensor_poll.cpp:535] task_sensor_poll(): [T5_SEN] [T5] T=24°C RH=39% ws=0.0 m/s wd=0° | avg T=24 RH=39 ws=0.0 wd=0° [win T=12 RH=20 W=12]
[2026-05-14 16:15:01.428] [7598977][I][climate_control.cpp:434] task_climate_control(): [T6_CLI] [T6] T_avg=24 t_max=28 hyst=5 → step_t=0 | RH_avg=39 rh_max=75 rh_min=50 hyst=12 rh_en=1 → step_rh=0 | resolved=0 (was cur_t=0 cur_rh=0)
[2026-05-14 16:15:06.339] [7603899][I][main.cpp:162] task_watchdog_heartbeat(): [GHC] T1 tick 15150  uptime 7603 s
[2026-05-14 16:15:11.357] [7608917][I][main.cpp:162] task_watchdog_heartbeat(): [GHC] T1 tick 15160  uptime 7608 s
[2026-05-14 16:15:16.375] [7613935][I][main.cpp:162] task_watchdog_heartbeat(): [GHC] T1 tick 15170  uptime 7613 s
[2026-05-14 16:15:21.393] [7618953][I][main.cpp:162] task_watchdog_heartbeat(): [GHC] T1 tick 15180  uptime 7618 s
[2026-05-14 16:15:26.411] [7623971][I][main.cpp:162] task_watchdog_heartbeat(): [GHC] T1 tick 15190  uptime 7623 s
[2026-05-14 16:15:31.419] [7628978][I][sensor_poll.cpp:359] task_sensor_poll(): [T5_SEN] [T5] iter 249 — woke from 30 s delay
[2026-05-14 16:15:31.427] [7628987][I][sensor_poll.cpp:395] task_sensor_poll(): [T5_SEN] [T5] iter 249 — polling FG6485A
[2026-05-14 16:15:31.435] [7628989][I][main.cpp:162] task_watchdog_heartbeat(): [GHC] T1 tick 15200  uptime 7628 s
[2026-05-14 16:15:31.469] [7629028][I][sensor_poll.cpp:432] task_sensor_poll(): [T5_SEN] [T5] iter 249 — polling S200
[2026-05-14 16:15:32.010] [7629566][I][sensor_poll.cpp:535] task_sensor_poll(): [T5_SEN] [T5] T=24°C RH=39% ws=0.0 m/s wd=0° | avg T=24 RH=39 ws=0.0 wd=0° [win T=12 RH=20 W=12]
[2026-05-14 16:15:32.030] [7629579][I][climate_control.cpp:434] task_climate_control(): [T6_CLI] [T6] T_avg=24 t_max=28 hyst=5 → step_t=0 | RH_avg=39 rh_max=75 rh_min=50 hyst=12 rh_en=1 → step_rh=0 | resolved=0 (was cur_t=0 cur_rh=0)
[2026-05-14 16:15:36.453] [7634013][I][main.cpp:162] task_watchdog_heartbeat(): [GHC] T1 tick 15210  uptime 7634 s
[2026-05-14 16:15:41.471] [7639031][I][main.cpp:162] task_watchdog_heartbeat(): [GHC] T1 tick 15220  uptime 7639 s
[2026-05-14 16:15:46.489] [7644049][I][main.cpp:162] task_watchdog_heartbeat(): [GHC] T1 tick 15230  uptime 7644 s
[2026-05-14 16:15:51.507] [7649067][I][main.cpp:162] task_watchdog_heartbeat(): [GHC] T1 tick 15240  uptime 7649 s
[2026-05-14 16:15:52.011] [7649568][I][data_manager.cpp:230] read_rtc_and_seed_clock(): [T4] RTC: 2026-05-14 16:15:47 UTC  unix=1778775347  daytime=yes
[2026-05-14 16:15:56.525] [7654085][I][main.cpp:162] task_watchdog_heartbeat(): [GHC] T1 tick 15250  uptime 7654 s
[2026-05-14 16:16:01.543] [7659103][I][main.cpp:162] task_watchdog_heartbeat(): [GHC] T1 tick 15260  uptime 7659 s
[2026-05-14 16:16:02.021] [7659580][I][sensor_poll.cpp:359] task_sensor_poll(): [T5_SEN] [T5] iter 250 — woke from 30 s delay
[2026-05-14 16:16:02.030] [7659589][I][sensor_poll.cpp:395] task_sensor_poll(): [T5_SEN] [T5] iter 250 — polling FG6485A
[2026-05-14 16:16:02.062] [7659621][I][sensor_poll.cpp:432] task_sensor_poll(): [T5_SEN] [T5] iter 250 — polling S200
[2026-05-14 16:16:02.604] [7660160][I][sensor_poll.cpp:535] task_sensor_poll(): [T5_SEN] [T5] T=24°C RH=39% ws=0.0 m/s wd=0° | avg T=24 RH=39 ws=0.0 wd=0° [win T=12 RH=20 W=12]
[2026-05-14 16:16:02.624] [7660173][I][climate_control.cpp:434] task_climate_control(): [T6_CLI] [T6] T_avg=24 t_max=28 hyst=5 → step_t=0 | RH_avg=39 rh_max=75 rh_min=50 hyst=12 rh_en=1 → step_rh=0 | resolved=0 (was cur_t=0 cur_rh=0)
[2026-05-14 16:16:06.561] [7664121][I][main.cpp:162] task_watchdog_heartbeat(): [GHC] T1 tick 15270  uptime 7664 s
[2026-05-14 16:16:11.579] [7669139][I][main.cpp:162] task_watchdog_heartbeat(): [GHC] T1 tick 15280  uptime 7669 s
[2026-05-14 16:16:16.597] [7674157][I][main.cpp:162] task_watchdog_heartbeat(): [GHC] T1 tick 15290  uptime 7674 s
[2026-05-14 16:16:21.615] [7679175][I][main.cpp:162] task_watchdog_heartbeat(): [GHC] T1 tick 15300  uptime 7679 s
[2026-05-14 16:16:26.633] [7684193][I][main.cpp:162] task_watchdog_heartbeat(): [GHC] T1 tick 15310  uptime 7684 s
[2026-05-14 16:16:31.651] [7689211][I][main.cpp:162] task_watchdog_heartbeat(): [GHC] T1 tick 15320  uptime 7689 s
[2026-05-14 16:16:32.615] [7690174][I][sensor_poll.cpp:359] task_sensor_poll(): [T5_SEN] [T5] iter 251 — woke from 30 s delay
[2026-05-14 16:16:32.624] [7690183][I][sensor_poll.cpp:395] task_sensor_poll(): [T5_SEN] [T5] iter 251 — polling FG6485A
[2026-05-14 16:16:32.656] [7690215][I][sensor_poll.cpp:432] task_sensor_poll(): [T5_SEN] [T5] iter 251 — polling S200
[2026-05-14 16:16:33.198] [7690754][I][sensor_poll.cpp:535] task_sensor_poll(): [T5_SEN] [T5] T=24°C RH=39% ws=0.0 m/s wd=0° | avg T=24 RH=39 ws=0.0 wd=0° [win T=12 RH=20 W=12]
[2026-05-14 16:16:33.218] [7690768][I][climate_control.cpp:434] task_climate_control(): [T6_CLI] [T6] T_avg=24 t_max=28 hyst=5 → step_t=0 | RH_avg=39 rh_max=75 rh_min=50 hyst=12 rh_en=1 → step_rh=0 | resolved=0 (was cur_t=0 cur_rh=0)
[2026-05-14 16:16:36.669] [7694229][I][main.cpp:162] task_watchdog_heartbeat(): [GHC] T1 tick 15330  uptime 7694 s
[2026-05-14 16:16:41.687] [7699247][I][main.cpp:162] task_watchdog_heartbeat(): [GHC] T1 tick 15340  uptime 7699 s
[2026-05-14 16:16:46.705] [7704265][I][main.cpp:162] task_watchdog_heartbeat(): [GHC] T1 tick 15350  uptime 7704 s
[2026-05-14 16:16:51.198] [7708755][I][data_manager.cpp:230] read_rtc_and_seed_clock(): [T4] RTC: 2026-05-14 16:16:47 UTC  unix=1778775407  daytime=yes
[2026-05-14 16:16:51.723] [7709283][I][main.cpp:162] task_watchdog_heartbeat(): [GHC] T1 tick 15360  uptime 7709 s
[2026-05-14 16:16:56.741] [7714301][I][main.cpp:162] task_watchdog_heartbeat(): [GHC] T1 tick 15370  uptime 7714 s
[2026-05-14 16:17:01.759] [7719319][I][main.cpp:162] task_watchdog_heartbeat(): [GHC] T1 tick 15380  uptime 7719 s
[2026-05-14 16:17:03.209] [7720768][I][sensor_poll.cpp:359] task_sensor_poll(): [T5_SEN] [T5] iter 252 — woke from 30 s delay
[2026-05-14 16:17:03.218] [7720777][I][sensor_poll.cpp:395] task_sensor_poll(): [T5_SEN] [T5] iter 252 — polling FG6485A
[2026-05-14 16:17:03.250] [7720810][I][sensor_poll.cpp:432] task_sensor_poll(): [T5_SEN] [T5] iter 252 — polling S200
[2026-05-14 16:17:03.793] [7721348][I][sensor_poll.cpp:535] task_sensor_poll(): [T5_SEN] [T5] T=24°C RH=39% ws=0.0 m/s wd=0° | avg T=24 RH=39 ws=0.0 wd=0° [win T=12 RH=20 W=12]
[2026-05-14 16:17:03.812] [7721362][I][climate_control.cpp:434] task_climate_control(): [T6_CLI] [T6] T_avg=24 t_max=28 hyst=5 → step_t=0 | RH_avg=39 rh_max=75 rh_min=50 hyst=12 rh_en=1 → step_rh=0 | resolved=0 (was cur_t=0 cur_rh=0)
[2026-05-14 16:17:06.777] [7724337][I][main.cpp:162] task_watchdog_heartbeat(): [GHC] T1 tick 15390  uptime 7724 s
[2026-05-14 16:17:11.795] [7729355][I][main.cpp:162] task_watchdog_heartbeat(): [GHC] T1 tick 15400  uptime 7729 s
[2026-05-14 16:17:16.813] [7734373][I][main.cpp:162] task_watchdog_heartbeat(): [GHC] T1 tick 15410  uptime 7734 s
[2026-05-14 16:17:21.831] [7739391][I][main.cpp:162] task_watchdog_heartbeat(): [GHC] T1 tick 15420  uptime 7739 s
[2026-05-14 16:17:26.849] [7744409][I][main.cpp:162] task_watchdog_heartbeat(): [GHC] T1 tick 15430  uptime 7744 s
[2026-05-14 16:17:31.867] [7749427][I][main.cpp:162] task_watchdog_heartbeat(): [GHC] T1 tick 15440  uptime 7749 s
[2026-05-14 16:17:33.804] [7751362][I][sensor_poll.cpp:359] task_sensor_poll(): [T5_SEN] [T5] iter 253 — woke from 30 s delay
[2026-05-14 16:17:33.812] [7751371][I][sensor_poll.cpp:395] task_sensor_poll(): [T5_SEN] [T5] iter 253 — polling FG6485A
[2026-05-14 16:17:33.844] [7751403][I][sensor_poll.cpp:432] task_sensor_poll(): [T5_SEN] [T5] iter 253 — polling S200
[2026-05-14 16:17:34.386] [7751941][I][sensor_poll.cpp:535] task_sensor_poll(): [T5_SEN] [T5] T=24°C RH=39% ws=0.0 m/s wd=0° | avg T=24 RH=39 ws=0.0 wd=0° [win T=12 RH=20 W=12]
[2026-05-14 16:17:34.405] [7751954][I][climate_control.cpp:434] task_climate_control(): [T6_CLI] [T6] T_avg=24 t_max=28 hyst=5 → step_t=0 | RH_avg=39 rh_max=75 rh_min=50 hyst=12 rh_en=1 → step_rh=0 | resolved=0 (was cur_t=0 cur_rh=0)
[2026-05-14 16:17:36.885] [7754445][I][main.cpp:162] task_watchdog_heartbeat(): [GHC] T1 tick 15450  uptime 7754 s
[2026-05-14 16:17:41.903] [7759463][I][main.cpp:162] task_watchdog_heartbeat(): [GHC] T1 tick 15460  uptime 7759 s
[2026-05-14 16:17:46.921] [7764481][I][main.cpp:162] task_watchdog_heartbeat(): [GHC] T1 tick 15470  uptime 7764 s
[2026-05-14 16:17:50.388] [7767944][I][data_manager.cpp:230] read_rtc_and_seed_clock(): [T4] RTC: 2026-05-14 16:17:46 UTC  unix=1778775466  daytime=yes
[2026-05-14 16:17:51.939] [7769499][I][main.cpp:162] task_watchdog_heartbeat(): [GHC] T1 tick 15480  uptime 7769 s
[2026-05-14 16:17:56.958] [7774517][I][main.cpp:162] task_watchdog_heartbeat(): [GHC] T1 tick 15490  uptime 7774 s
[2026-05-14 16:18:01.976] [7779535][I][main.cpp:162] task_watchdog_heartbeat(): [GHC] T1 tick 15500  uptime 7779 s
[2026-05-14 16:18:04.396] [7781954][I][sensor_poll.cpp:359] task_sensor_poll(): [T5_SEN] [T5] iter 254 — woke from 30 s delay
[2026-05-14 16:18:04.404] [7781963][I][sensor_poll.cpp:395] task_sensor_poll(): [T5_SEN] [T5] iter 254 — polling FG6485A
[2026-05-14 16:18:04.436] [7781995][I][sensor_poll.cpp:432] task_sensor_poll(): [T5_SEN] [T5] iter 254 — polling S200
[2026-05-14 16:18:04.978] [7782533][I][sensor_poll.cpp:535] task_sensor_poll(): [T5_SEN] [T5] T=24°C RH=39% ws=0.0 m/s wd=0° | avg T=24 RH=39 ws=0.0 wd=0° [win T=12 RH=20 W=12]
[2026-05-14 16:18:04.998] [7782546][I][climate_control.cpp:434] task_climate_control(): [T6_CLI] [T6] T_avg=24 t_max=28 hyst=5 → step_t=0 | RH_avg=39 rh_max=75 rh_min=50 hyst=12 rh_en=1 → step_rh=0 | resolved=0 (was cur_t=0 cur_rh=0)
[2026-05-14 16:18:06.994] [7784553][I][main.cpp:162] task_watchdog_heartbeat(): [GHC] T1 tick 15510  uptime 7784 s
[2026-05-14 16:18:12.012] [7789571][I][main.cpp:162] task_watchdog_heartbeat(): [GHC] T1 tick 15520  uptime 7789 s
[2026-05-14 16:18:17.030] [7794589][I][main.cpp:162] task_watchdog_heartbeat(): [GHC] T1 tick 15530  uptime 7794 s
[2026-05-14 16:18:22.048] [7799607][I][main.cpp:162] task_watchdog_heartbeat(): [GHC] T1 tick 15540  uptime 7799 s
[2026-05-14 16:18:27.066] [7804625][I][main.cpp:162] task_watchdog_heartbeat(): [GHC] T1 tick 15550  uptime 7804 s
[2026-05-14 16:18:32.084] [7809643][I][main.cpp:162] task_watchdog_heartbeat(): [GHC] T1 tick 15560  uptime 7809 s
[2026-05-14 16:18:34.989] [7812547][I][sensor_poll.cpp:359] task_sensor_poll(): [T5_SEN] [T5] iter 255 — woke from 30 s delay
[2026-05-14 16:18:34.997] [7812556][I][sensor_poll.cpp:395] task_sensor_poll(): [T5_SEN] [T5] iter 255 — polling FG6485A
[2026-05-14 16:18:35.030] [7812588][I][sensor_poll.cpp:432] task_sensor_poll(): [T5_SEN] [T5] iter 255 — polling S200
[2026-05-14 16:18:35.572] [7813127][I][sensor_poll.cpp:535] task_sensor_poll(): [T5_SEN] [T5] T=24°C RH=38% ws=0.0 m/s wd=0° | avg T=24 RH=39 ws=0.0 wd=0° [win T=12 RH=20 W=12]
[2026-05-14 16:18:35.592] [7813140][I][climate_control.cpp:434] task_climate_control(): [T6_CLI] [T6] T_avg=24 t_max=28 hyst=5 → step_t=0 | RH_avg=39 rh_max=75 rh_min=50 hyst=12 rh_en=1 → step_rh=0 | resolved=0 (was cur_t=0 cur_rh=0)
[2026-05-14 16:18:37.102] [7814661][I][main.cpp:162] task_watchdog_heartbeat(): [GHC] T1 tick 15570  uptime 7814 s
[2026-05-14 16:18:42.120] [7819679][I][main.cpp:162] task_watchdog_heartbeat(): [GHC] T1 tick 15580  uptime 7819 s
[2026-05-14 16:18:47.138] [7824697][I][main.cpp:162] task_watchdog_heartbeat(): [GHC] T1 tick 15590  uptime 7824 s
[2026-05-14 16:18:49.572] [7827128][I][data_manager.cpp:230] read_rtc_and_seed_clock(): [T4] RTC: 2026-05-14 16:18:45 UTC  unix=1778775525  daytime=yes
[2026-05-14 16:18:52.155] [7829715][I][main.cpp:162] task_watchdog_heartbeat(): [GHC] T1 tick 15600  uptime 7829 s
[2026-05-14 16:18:52.163] [7829723][I][main.cpp:247] task_watchdog_heartbeat(): [GHC] stack T1  hwm=2044 B
[2026-05-14 16:18:52.169] [7829731][I][main.cpp:247] task_watchdog_heartbeat(): [GHC] stack T2  hwm=6380 B
[2026-05-14 16:18:52.178] [7829738][I][main.cpp:247] task_watchdog_heartbeat(): [GHC] stack T3  hwm=1980 B
[2026-05-14 16:18:52.186] [7829745][I][main.cpp:247] task_watchdog_heartbeat(): [GHC] stack T4  hwm=3980 B
[2026-05-14 16:18:52.192] [7829753][I][main.cpp:247] task_watchdog_heartbeat(): [GHC] stack T5  hwm=4124 B
[2026-05-14 16:18:52.200] [7829760][I][main.cpp:247] task_watchdog_heartbeat(): [GHC] stack T6  hwm=1596 B
[2026-05-14 16:18:52.206] [7829767][I][main.cpp:247] task_watchdog_heartbeat(): [GHC] stack T7  hwm=2464 B
[2026-05-14 16:18:52.214] [7829775][I][main.cpp:247] task_watchdog_heartbeat(): [GHC] stack T8  hwm=5740 B
[2026-05-14 16:18:52.221] [7829782][I][main.cpp:247] task_watchdog_heartbeat(): [GHC] stack T9  hwm=2524 B
[2026-05-14 16:18:52.229] [7829789][I][main.cpp:247] task_watchdog_heartbeat(): [GHC] stack T10 hwm=5632 B
[2026-05-14 16:18:52.235] [7829797][I][main.cpp:247] task_watchdog_heartbeat(): [GHC] stack T11 hwm=5536 B
[2026-05-14 16:18:52.244] [7829804][I][main.cpp:247] task_watchdog_heartbeat(): [GHC] stack T12 hwm=7464 B
[2026-05-14 16:18:52.252] [7829812][I][main.cpp:247] task_watchdog_heartbeat(): [GHC] stack T14 hwm=6692 B
[2026-05-14 16:18:52.259] [7829819][I][main.cpp:247] task_watchdog_heartbeat(): [GHC] stack T15 hwm=2376 B
[2026-05-14 16:18:57.277] [7834836][I][main.cpp:162] task_watchdog_heartbeat(): [GHC] T1 tick 15610  uptime 7834 s
[2026-05-14 16:19:02.295] [7839854][I][main.cpp:162] task_watchdog_heartbeat(): [GHC] T1 tick 15620  uptime 7839 s
[2026-05-14 16:19:05.583] [7843141][I][sensor_poll.cpp:359] task_sensor_poll(): [T5_SEN] [T5] iter 256 — woke from 30 s delay
[2026-05-14 16:19:05.591] [7843150][I][sensor_poll.cpp:395] task_sensor_poll(): [T5_SEN] [T5] iter 256 — polling FG6485A
[2026-05-14 16:19:05.624] [7843183][I][sensor_poll.cpp:432] task_sensor_poll(): [T5_SEN] [T5] iter 256 — polling S200
[2026-05-14 16:19:06.166] [7843721][I][sensor_poll.cpp:535] task_sensor_poll(): [T5_SEN] [T5] T=24°C RH=38% ws=0.0 m/s wd=0° | avg T=24 RH=39 ws=0.0 wd=0° [win T=12 RH=20 W=12]
[2026-05-14 16:19:06.186] [7843735][I][climate_control.cpp:434] task_climate_control(): [T6_CLI] [T6] T_avg=24 t_max=28 hyst=5 → step_t=0 | RH_avg=39 rh_max=75 rh_min=50 hyst=12 rh_en=1 → step_rh=0 | resolved=0 (was cur_t=0 cur_rh=0)
[2026-05-14 16:19:07.313] [7844872][I][main.cpp:162] task_watchdog_heartbeat(): [GHC] T1 tick 15630  uptime 7844 s
[2026-05-14 16:19:12.331] [7849890][I][main.cpp:162] task_watchdog_heartbeat(): [GHC] T1 tick 15640  uptime 7849 s
[2026-05-14 16:19:17.349] [7854908][I][main.cpp:162] task_watchdog_heartbeat(): [GHC] T1 tick 15650  uptime 7854 s
[2026-05-14 16:19:22.367] [7859926][I][main.cpp:162] task_watchdog_heartbeat(): [GHC] T1 tick 15660  uptime 7859 s
[2026-05-14 16:19:27.385] [7864944][I][main.cpp:162] task_watchdog_heartbeat(): [GHC] T1 tick 15670  uptime 7864 s
[2026-05-14 16:19:32.403] [7869962][I][main.cpp:162] task_watchdog_heartbeat(): [GHC] T1 tick 15680  uptime 7869 s
[2026-05-14 16:19:36.177] [7873735][I][sensor_poll.cpp:359] task_sensor_poll(): [T5_SEN] [T5] iter 257 — woke from 30 s delay
[2026-05-14 16:19:36.185] [7873744][I][sensor_poll.cpp:395] task_sensor_poll(): [T5_SEN] [T5] iter 257 — polling FG6485A
[2026-05-14 16:19:36.533] [7874092][I][sensor_poll.cpp:432] task_sensor_poll(): [T5_SEN] [T5] iter 257 — polling S200
[2026-05-14 16:19:37.075] [7874630][I][sensor_poll.cpp:535] task_sensor_poll(): [T5_SEN] [T5] T=24°C RH=39% ws=0.0 m/s wd=0° | avg T=24 RH=39 ws=0.0 wd=0° [win T=12 RH=20 W=12]
[2026-05-14 16:19:37.095] [7874644][I][climate_control.cpp:434] task_climate_control(): [T6_CLI] [T6] T_avg=24 t_max=28 hyst=5 → step_t=0 | RH_avg=39 rh_max=75 rh_min=50 hyst=12 rh_en=1 → step_rh=0 | resolved=0 (was cur_t=0 cur_rh=0)
[2026-05-14 16:19:37.421] [7874980][I][main.cpp:162] task_watchdog_heartbeat(): [GHC] T1 tick 15690  uptime 7874 s
[2026-05-14 16:19:42.439] [7879998][I][main.cpp:162] task_watchdog_heartbeat(): [GHC] T1 tick 15700  uptime 7879 s
[2026-05-14 16:19:47.457] [7885016][I][main.cpp:162] task_watchdog_heartbeat(): [GHC] T1 tick 15710  uptime 7885 s
[2026-05-14 16:19:49.075] [7886631][I][data_manager.cpp:230] read_rtc_and_seed_clock(): [T4] RTC: 2026-05-14 16:19:44 UTC  unix=1778775584  daytime=yes
[2026-05-14 16:19:52.475] [7890034][I][main.cpp:162] task_watchdog_heartbeat(): [GHC] T1 tick 15720  uptime 7890 s
[2026-05-14 16:19:57.493] [7895052][I][main.cpp:162] task_watchdog_heartbeat(): [GHC] T1 tick 15730  uptime 7895 s
[2026-05-14 16:20:02.511] [7900070][I][main.cpp:162] task_watchdog_heartbeat(): [GHC] T1 tick 15740  uptime 7900 s
[2026-05-14 16:20:07.086] [7904644][I][sensor_poll.cpp:359] task_sensor_poll(): [T5_SEN] [T5] iter 258 — woke from 30 s delay
[2026-05-14 16:20:07.094] [7904653][I][sensor_poll.cpp:395] task_sensor_poll(): [T5_SEN] [T5] iter 258 — polling FG6485A
[2026-05-14 16:20:07.126] [7904685][I][sensor_poll.cpp:432] task_sensor_poll(): [T5_SEN] [T5] iter 258 — polling S200
[2026-05-14 16:20:07.529] [7905088][I][main.cpp:162] task_watchdog_heartbeat(): [GHC] T1 tick 15750  uptime 7905 s
[2026-05-14 16:20:07.668] [7905223][I][sensor_poll.cpp:535] task_sensor_poll(): [T5_SEN] [T5] T=24°C RH=39% ws=0.0 m/s wd=0° | avg T=24 RH=39 ws=0.0 wd=0° [win T=12 RH=20 W=12]
[2026-05-14 16:20:07.688] [7905237][I][climate_control.cpp:434] task_climate_control(): [T6_CLI] [T6] T_avg=24 t_max=28 hyst=5 → step_t=0 | RH_avg=39 rh_max=75 rh_min=50 hyst=12 rh_en=1 → step_rh=0 | resolved=0 (was cur_t=0 cur_rh=0)
[2026-05-14 16:20:12.547] [7910106][I][main.cpp:162] task_watchdog_heartbeat(): [GHC] T1 tick 15760  uptime 7910 s
[2026-05-14 16:20:17.565] [7915124][I][main.cpp:162] task_watchdog_heartbeat(): [GHC] T1 tick 15770  uptime 7915 s
[2026-05-14 16:20:22.583] [7920142][I][main.cpp:162] task_watchdog_heartbeat(): [GHC] T1 tick 15780  uptime 7920 s
[2026-05-14 16:20:27.601] [7925160][I][main.cpp:162] task_watchdog_heartbeat(): [GHC] T1 tick 15790  uptime 7925 s
[2026-05-14 16:20:32.619] [7930178][I][main.cpp:162] task_watchdog_heartbeat(): [GHC] T1 tick 15800  uptime 7930 s
[2026-05-14 16:20:37.637] [7935196][I][main.cpp:162] task_watchdog_heartbeat(): [GHC] T1 tick 15810  uptime 7935 s
[2026-05-14 16:20:37.679] [7935237][I][sensor_poll.cpp:359] task_sensor_poll(): [T5_SEN] [T5] iter 259 — woke from 30 s delay
[2026-05-14 16:20:37.688] [7935246][I][sensor_poll.cpp:395] task_sensor_poll(): [T5_SEN] [T5] iter 259 — polling FG6485A
[2026-05-14 16:20:37.720] [7935278][I][sensor_poll.cpp:432] task_sensor_poll(): [T5_SEN] [T5] iter 259 — polling S200
[2026-05-14 16:20:38.262] [7935816][I][sensor_poll.cpp:535] task_sensor_poll(): [T5_SEN] [T5] T=24°C RH=39% ws=0.0 m/s wd=0° | avg T=24 RH=39 ws=0.0 wd=0° [win T=12 RH=20 W=12]
[2026-05-14 16:20:38.281] [7935829][I][climate_control.cpp:434] task_climate_control(): [T6_CLI] [T6] T_avg=24 t_max=28 hyst=5 → step_t=0 | RH_avg=39 rh_max=75 rh_min=50 hyst=12 rh_en=1 → step_rh=0 | resolved=0 (was cur_t=0 cur_rh=0)
[2026-05-14 16:20:42.655] [7940214][I][main.cpp:162] task_watchdog_heartbeat(): [GHC] T1 tick 15820  uptime 7940 s
[2026-05-14 16:20:47.673] [7945232][I][main.cpp:162] task_watchdog_heartbeat(): [GHC] T1 tick 15830  uptime 7945 s
[2026-05-14 16:20:48.261] [7945817][I][data_manager.cpp:230] read_rtc_and_seed_clock(): [T4] RTC: 2026-05-14 16:20:44 UTC  unix=1778775644  daytime=yes
[2026-05-14 16:20:52.691] [7950250][I][main.cpp:162] task_watchdog_heartbeat(): [GHC] T1 tick 15840  uptime 7950 s
[2026-05-14 16:20:57.709] [7955268][I][main.cpp:162] task_watchdog_heartbeat(): [GHC] T1 tick 15850  uptime 7955 s
[2026-05-14 16:21:02.727] [7960286][I][main.cpp:162] task_watchdog_heartbeat(): [GHC] T1 tick 15860  uptime 7960 s
[2026-05-14 16:21:07.745] [7965304][I][main.cpp:162] task_watchdog_heartbeat(): [GHC] T1 tick 15870  uptime 7965 s
[2026-05-14 16:21:08.272] [7965830][I][sensor_poll.cpp:359] task_sensor_poll(): [T5_SEN] [T5] iter 260 — woke from 30 s delay
[2026-05-14 16:21:08.281] [7965839][I][sensor_poll.cpp:395] task_sensor_poll(): [T5_SEN] [T5] iter 260 — polling FG6485A
[2026-05-14 16:21:08.313] [7965871][I][sensor_poll.cpp:432] task_sensor_poll(): [T5_SEN] [T5] iter 260 — polling S200
[2026-05-14 16:21:08.855] [7966410][I][sensor_poll.cpp:535] task_sensor_poll(): [T5_SEN] [T5] T=24°C RH=39% ws=0.0 m/s wd=0° | avg T=24 RH=39 ws=0.0 wd=0° [win T=12 RH=20 W=12]
[2026-05-14 16:21:08.875] [7966423][I][climate_control.cpp:434] task_climate_control(): [T6_CLI] [T6] T_avg=24 t_max=28 hyst=5 → step_t=0 | RH_avg=39 rh_max=75 rh_min=50 hyst=12 rh_en=1 → step_rh=0 | resolved=0 (was cur_t=0 cur_rh=0)
[2026-05-14 16:21:12.763] [7970322][I][main.cpp:162] task_watchdog_heartbeat(): [GHC] T1 tick 15880  uptime 7970 s
[2026-05-14 16:21:17.781] [7975340][I][main.cpp:162] task_watchdog_heartbeat(): [GHC] T1 tick 15890  uptime 7975 s
[2026-05-14 16:21:22.799] [7980358][I][main.cpp:162] task_watchdog_heartbeat(): [GHC] T1 tick 15900  uptime 7980 s
[2026-05-14 16:21:27.817] [7985376][I][main.cpp:162] task_watchdog_heartbeat(): [GHC] T1 tick 15910  uptime 7985 s
[2026-05-14 16:21:32.835] [7990394][I][main.cpp:162] task_watchdog_heartbeat(): [GHC] T1 tick 15920  uptime 7990 s
[2026-05-14 16:21:37.853] [7995412][I][main.cpp:162] task_watchdog_heartbeat(): [GHC] T1 tick 15930  uptime 7995 s
[2026-05-14 16:21:38.867] [7996424][I][sensor_poll.cpp:359] task_sensor_poll(): [T5_SEN] [T5] iter 261 — woke from 30 s delay
[2026-05-14 16:21:38.875] [7996433][I][sensor_poll.cpp:395] task_sensor_poll(): [T5_SEN] [T5] iter 261 — polling FG6485A
[2026-05-14 16:21:38.908] [7996466][I][sensor_poll.cpp:432] task_sensor_poll(): [T5_SEN] [T5] iter 261 — polling S200
[2026-05-14 16:21:39.450] [7997004][I][sensor_poll.cpp:535] task_sensor_poll(): [T5_SEN] [T5] T=24°C RH=39% ws=0.0 m/s wd=0° | avg T=24 RH=39 ws=0.0 wd=0° [win T=12 RH=20 W=12]
[2026-05-14 16:21:39.470] [7997018][I][climate_control.cpp:434] task_climate_control(): [T6_CLI] [T6] T_avg=24 t_max=28 hyst=5 → step_t=0 | RH_avg=39 rh_max=75 rh_min=50 hyst=12 rh_en=1 → step_rh=0 | resolved=0 (was cur_t=0 cur_rh=0)
[2026-05-14 16:21:42.872] [8000430][I][main.cpp:162] task_watchdog_heartbeat(): [GHC] T1 tick 15940  uptime 8000 s
[2026-05-14 16:21:47.450] [8005005][I][data_manager.cpp:230] read_rtc_and_seed_clock(): [T4] RTC: 2026-05-14 16:21:43 UTC  unix=1778775703  daytime=yes
[2026-05-14 16:21:47.889] [8005448][I][main.cpp:162] task_watchdog_heartbeat(): [GHC] T1 tick 15950  uptime 8005 s
[2026-05-14 16:21:52.907] [8010466][I][main.cpp:162] task_watchdog_heartbeat(): [GHC] T1 tick 15960  uptime 8010 s
[2026-05-14 16:21:57.926] [8015484][I][main.cpp:162] task_watchdog_heartbeat(): [GHC] T1 tick 15970  uptime 8015 s
[2026-05-14 16:22:02.944] [8020502][I][main.cpp:162] task_watchdog_heartbeat(): [GHC] T1 tick 15980  uptime 8020 s
[2026-05-14 16:22:07.962] [8025520][I][main.cpp:162] task_watchdog_heartbeat(): [GHC] T1 tick 15990  uptime 8025 s
[2026-05-14 16:22:09.461] [8027018][I][sensor_poll.cpp:359] task_sensor_poll(): [T5_SEN] [T5] iter 262 — woke from 30 s delay
[2026-05-14 16:22:09.469] [8027027][I][sensor_poll.cpp:395] task_sensor_poll(): [T5_SEN] [T5] iter 262 — polling FG6485A
[2026-05-14 16:22:09.501] [8027059][I][sensor_poll.cpp:432] task_sensor_poll(): [T5_SEN] [T5] iter 262 — polling S200
[2026-05-14 16:22:10.043] [8027597][I][sensor_poll.cpp:535] task_sensor_poll(): [T5_SEN] [T5] T=24°C RH=39% ws=0.0 m/s wd=0° | avg T=24 RH=39 ws=0.0 wd=0° [win T=12 RH=20 W=12]
[2026-05-14 16:22:10.063] [8027610][I][climate_control.cpp:434] task_climate_control(): [T6_CLI] [T6] T_avg=24 t_max=28 hyst=5 → step_t=0 | RH_avg=39 rh_max=75 rh_min=50 hyst=12 rh_en=1 → step_rh=0 | resolved=0 (was cur_t=0 cur_rh=0)
[2026-05-14 16:22:12.980] [8030538][I][main.cpp:162] task_watchdog_heartbeat(): [GHC] T1 tick 16000  uptime 8030 s
[2026-05-14 16:22:17.998] [8035556][I][main.cpp:162] task_watchdog_heartbeat(): [GHC] T1 tick 16010  uptime 8035 s
[2026-05-14 16:22:23.016] [8040574][I][main.cpp:162] task_watchdog_heartbeat(): [GHC] T1 tick 16020  uptime 8040 s
[2026-05-14 16:22:28.034] [8045592][I][main.cpp:162] task_watchdog_heartbeat(): [GHC] T1 tick 16030  uptime 8045 s
[2026-05-14 16:22:33.052] [8050610][I][main.cpp:162] task_watchdog_heartbeat(): [GHC] T1 tick 16040  uptime 8050 s
[2026-05-14 16:22:38.070] [8055628][I][main.cpp:162] task_watchdog_heartbeat(): [GHC] T1 tick 16050  uptime 8055 s
[2026-05-14 16:22:40.054] [8057611][I][sensor_poll.cpp:359] task_sensor_poll(): [T5_SEN] [T5] iter 263 — woke from 30 s delay
[2026-05-14 16:22:40.062] [8057620][I][sensor_poll.cpp:395] task_sensor_poll(): [T5_SEN] [T5] iter 263 — polling FG6485A
[2026-05-14 16:22:40.094] [8057652][I][sensor_poll.cpp:432] task_sensor_poll(): [T5_SEN] [T5] iter 263 — polling S200
[2026-05-14 16:22:40.636] [8058190][I][sensor_poll.cpp:535] task_sensor_poll(): [T5_SEN] [T5] T=24°C RH=39% ws=0.0 m/s wd=0° | avg T=24 RH=39 ws=0.0 wd=0° [win T=12 RH=20 W=12]
[2026-05-14 16:22:40.656] [8058203][I][climate_control.cpp:434] task_climate_control(): [T6_CLI] [T6] T_avg=24 t_max=28 hyst=5 → step_t=0 | RH_avg=39 rh_max=75 rh_min=50 hyst=12 rh_en=1 → step_rh=0 | resolved=0 (was cur_t=0 cur_rh=0)
[2026-05-14 16:22:43.088] [8060646][I][main.cpp:162] task_watchdog_heartbeat(): [GHC] T1 tick 16060  uptime 8060 s
[2026-05-14 16:22:46.636] [8064191][I][data_manager.cpp:230] read_rtc_and_seed_clock(): [T4] RTC: 2026-05-14 16:22:42 UTC  unix=1778775762  daytime=yes
[2026-05-14 16:22:48.106] [8065664][I][main.cpp:162] task_watchdog_heartbeat(): [GHC] T1 tick 16070  uptime 8065 s
[2026-05-14 16:22:53.124] [8070682][I][main.cpp:162] task_watchdog_heartbeat(): [GHC] T1 tick 16080  uptime 8070 s
[2026-05-14 16:22:58.142] [8075700][I][main.cpp:162] task_watchdog_heartbeat(): [GHC] T1 tick 16090  uptime 8075 s
[2026-05-14 16:23:03.160] [8080718][I][main.cpp:162] task_watchdog_heartbeat(): [GHC] T1 tick 16100  uptime 8080 s
[2026-05-14 16:23:08.178] [8085736][I][main.cpp:162] task_watchdog_heartbeat(): [GHC] T1 tick 16110  uptime 8085 s
[2026-05-14 16:23:10.647] [8088204][I][sensor_poll.cpp:359] task_sensor_poll(): [T5_SEN] [T5] iter 264 — woke from 30 s delay
[2026-05-14 16:23:10.655] [8088213][I][sensor_poll.cpp:395] task_sensor_poll(): [T5_SEN] [T5] iter 264 — polling FG6485A
[2026-05-14 16:23:10.688] [8088245][I][sensor_poll.cpp:432] task_sensor_poll(): [T5_SEN] [T5] iter 264 — polling S200
[2026-05-14 16:23:11.230] [8088784][I][sensor_poll.cpp:535] task_sensor_poll(): [T5_SEN] [T5] T=24°C RH=39% ws=0.0 m/s wd=0° | avg T=24 RH=39 ws=0.0 wd=0° [win T=12 RH=20 W=12]
[2026-05-14 16:23:11.250] [8088797][I][climate_control.cpp:434] task_climate_control(): [T6_CLI] [T6] T_avg=24 t_max=28 hyst=5 → step_t=0 | RH_avg=39 rh_max=75 rh_min=50 hyst=12 rh_en=1 → step_rh=0 | resolved=0 (was cur_t=0 cur_rh=0)
[2026-05-14 16:23:13.196] [8090754][I][main.cpp:162] task_watchdog_heartbeat(): [GHC] T1 tick 16120  uptime 8090 s
[2026-05-14 16:23:18.214] [8095772][I][main.cpp:162] task_watchdog_heartbeat(): [GHC] T1 tick 16130  uptime 8095 s
[2026-05-14 16:23:23.232] [8100790][I][main.cpp:162] task_watchdog_heartbeat(): [GHC] T1 tick 16140  uptime 8100 s
[2026-05-14 16:23:28.250] [8105808][I][main.cpp:162] task_watchdog_heartbeat(): [GHC] T1 tick 16150  uptime 8105 s
[2026-05-14 16:23:33.268] [8110826][I][main.cpp:162] task_watchdog_heartbeat(): [GHC] T1 tick 16160  uptime 8110 s
[2026-05-14 16:23:38.286] [8115844][I][main.cpp:162] task_watchdog_heartbeat(): [GHC] T1 tick 16170  uptime 8115 s
[2026-05-14 16:23:41.241] [8118798][I][sensor_poll.cpp:359] task_sensor_poll(): [T5_SEN] [T5] iter 265 — woke from 30 s delay
[2026-05-14 16:23:41.249] [8118807][I][sensor_poll.cpp:395] task_sensor_poll(): [T5_SEN] [T5] iter 265 — polling FG6485A
[2026-05-14 16:23:41.282] [8118840][I][sensor_poll.cpp:432] task_sensor_poll(): [T5_SEN] [T5] iter 265 — polling S200
[2026-05-14 16:23:41.824] [8119378][I][sensor_poll.cpp:535] task_sensor_poll(): [T5_SEN] [T5] T=24°C RH=39% ws=0.0 m/s wd=0° | avg T=24 RH=39 ws=0.0 wd=0° [win T=12 RH=20 W=12]
[2026-05-14 16:23:41.844] [8119391][I][climate_control.cpp:434] task_climate_control(): [T6_CLI] [T6] T_avg=24 t_max=28 hyst=5 → step_t=0 | RH_avg=39 rh_max=75 rh_min=50 hyst=12 rh_en=1 → step_rh=0 | resolved=0 (was cur_t=0 cur_rh=0)
[2026-05-14 16:23:43.304] [8120862][I][main.cpp:162] task_watchdog_heartbeat(): [GHC] T1 tick 16180  uptime 8120 s
[2026-05-14 16:23:45.824] [8123379][I][data_manager.cpp:230] read_rtc_and_seed_clock(): [T4] RTC: 2026-05-14 16:23:41 UTC  unix=1778775821  daytime=yes
[2026-05-14 16:23:48.322] [8125880][I][main.cpp:162] task_watchdog_heartbeat(): [GHC] T1 tick 16190  uptime 8125 s
[2026-05-14 16:23:53.340] [8130898][I][main.cpp:162] task_watchdog_heartbeat(): [GHC] T1 tick 16200  uptime 8130 s
[2026-05-14 16:23:58.358] [8135916][I][main.cpp:162] task_watchdog_heartbeat(): [GHC] T1 tick 16210  uptime 8135 s
[2026-05-14 16:24:03.376] [8140934][I][main.cpp:162] task_watchdog_heartbeat(): [GHC] T1 tick 16220  uptime 8140 s
[2026-05-14 16:24:08.394] [8145952][I][main.cpp:162] task_watchdog_heartbeat(): [GHC] T1 tick 16230  uptime 8145 s
[2026-05-14 16:24:11.835] [8149392][I][sensor_poll.cpp:359] task_sensor_poll(): [T5_SEN] [T5] iter 266 — woke from 30 s delay
[2026-05-14 16:24:11.844] [8149401][I][sensor_poll.cpp:395] task_sensor_poll(): [T5_SEN] [T5] iter 266 — polling FG6485A
[2026-05-14 16:24:11.877] [8149434][I][sensor_poll.cpp:432] task_sensor_poll(): [T5_SEN] [T5] iter 266 — polling S200
[2026-05-14 16:24:12.418] [8149972][I][sensor_poll.cpp:535] task_sensor_poll(): [T5_SEN] [T5] T=24°C RH=39% ws=0.0 m/s wd=0° | avg T=24 RH=39 ws=0.0 wd=0° [win T=12 RH=20 W=12]
[2026-05-14 16:24:12.438] [8149985][I][climate_control.cpp:434] task_climate_control(): [T6_CLI] [T6] T_avg=24 t_max=28 hyst=5 → step_t=0 | RH_avg=39 rh_max=75 rh_min=50 hyst=12 rh_en=1 → step_rh=0 | resolved=0 (was cur_t=0 cur_rh=0)
[2026-05-14 16:24:13.412] [8150970][I][main.cpp:162] task_watchdog_heartbeat(): [GHC] T1 tick 16240  uptime 8150 s
[2026-05-14 16:24:18.430] [8155988][I][main.cpp:162] task_watchdog_heartbeat(): [GHC] T1 tick 16250  uptime 8155 s
[2026-05-14 16:24:23.448] [8161006][I][main.cpp:162] task_watchdog_heartbeat(): [GHC] T1 tick 16260  uptime 8161 s
[2026-05-14 16:24:28.466] [8166024][I][main.cpp:162] task_watchdog_heartbeat(): [GHC] T1 tick 16270  uptime 8166 s
[2026-05-14 16:24:33.484] [8171042][I][main.cpp:162] task_watchdog_heartbeat(): [GHC] T1 tick 16280  uptime 8171 s
[2026-05-14 16:24:38.502] [8176060][I][main.cpp:162] task_watchdog_heartbeat(): [GHC] T1 tick 16290  uptime 8176 s
[2026-05-14 16:24:42.429] [8179986][I][sensor_poll.cpp:359] task_sensor_poll(): [T5_SEN] [T5] iter 267 — woke from 30 s delay
[2026-05-14 16:24:42.438] [8179995][I][sensor_poll.cpp:395] task_sensor_poll(): [T5_SEN] [T5] iter 267 — polling FG6485A
[2026-05-14 16:24:42.470] [8180027][I][sensor_poll.cpp:432] task_sensor_poll(): [T5_SEN] [T5] iter 267 — polling S200
[2026-05-14 16:24:43.013] [8180566][I][sensor_poll.cpp:535] task_sensor_poll(): [T5_SEN] [T5] T=24°C RH=39% ws=0.0 m/s wd=0° | avg T=24 RH=39 ws=0.0 wd=0° [win T=12 RH=20 W=12]
[2026-05-14 16:24:43.032] [8180579][I][climate_control.cpp:434] task_climate_control(): [T6_CLI] [T6] T_avg=24 t_max=28 hyst=5 → step_t=0 | RH_avg=39 rh_max=75 rh_min=50 hyst=12 rh_en=1 → step_rh=0 | resolved=0 (was cur_t=0 cur_rh=0)
[2026-05-14 16:24:43.520] [8181078][I][main.cpp:162] task_watchdog_heartbeat(): [GHC] T1 tick 16300  uptime 8181 s
[2026-05-14 16:24:45.012] [8182567][I][data_manager.cpp:230] read_rtc_and_seed_clock(): [T4] RTC: 2026-05-14 16:24:40 UTC  unix=1778775880  daytime=yes
[2026-05-14 16:24:48.538] [8186096][I][main.cpp:162] task_watchdog_heartbeat(): [GHC] T1 tick 16310  uptime 8186 s
[2026-05-14 16:24:53.556] [8191114][I][main.cpp:162] task_watchdog_heartbeat(): [GHC] T1 tick 16320  uptime 8191 s
[2026-05-14 16:24:58.574] [8196132][I][main.cpp:162] task_watchdog_heartbeat(): [GHC] T1 tick 16330  uptime 8196 s
[2026-05-14 16:25:03.592] [8201150][I][main.cpp:162] task_watchdog_heartbeat(): [GHC] T1 tick 16340  uptime 8201 s
[2026-05-14 16:25:08.610] [8206168][I][main.cpp:162] task_watchdog_heartbeat(): [GHC] T1 tick 16350  uptime 8206 s
[2026-05-14 16:25:13.023] [8210580][I][sensor_poll.cpp:359] task_sensor_poll(): [T5_SEN] [T5] iter 268 — woke from 30 s delay
[2026-05-14 16:25:13.032] [8210589][I][sensor_poll.cpp:395] task_sensor_poll(): [T5_SEN] [T5] iter 268 — polling FG6485A
[2026-05-14 16:25:13.064] [8210621][I][sensor_poll.cpp:432] task_sensor_poll(): [T5_SEN] [T5] iter 268 — polling S200
[2026-05-14 16:25:13.607] [8211160][I][sensor_poll.cpp:535] task_sensor_poll(): [T5_SEN] [T5] T=24°C RH=39% ws=0.0 m/s wd=0° | avg T=24 RH=39 ws=0.0 wd=0° [win T=12 RH=20 W=12]
[2026-05-14 16:25:13.626] [8211173][I][climate_control.cpp:434] task_climate_control(): [T6_CLI] [T6] T_avg=24 t_max=28 hyst=5 → step_t=0 | RH_avg=39 rh_max=75 rh_min=50 hyst=12 rh_en=1 → step_rh=0 | resolved=0 (was cur_t=0 cur_rh=0)
[2026-05-14 16:25:13.634] [8211186][I][main.cpp:162] task_watchdog_heartbeat(): [GHC] T1 tick 16360  uptime 8211 s
[2026-05-14 16:25:18.652] [8216210][I][main.cpp:162] task_watchdog_heartbeat(): [GHC] T1 tick 16370  uptime 8216 s
[2026-05-14 16:25:23.670] [8221228][I][main.cpp:162] task_watchdog_heartbeat(): [GHC] T1 tick 16380  uptime 8221 s
[2026-05-14 16:25:28.689] [8226246][I][main.cpp:162] task_watchdog_heartbeat(): [GHC] T1 tick 16390  uptime 8226 s
[2026-05-14 16:25:33.707] [8231264][I][main.cpp:162] task_watchdog_heartbeat(): [GHC] T1 tick 16400  uptime 8231 s
[2026-05-14 16:25:38.724] [8236282][I][main.cpp:162] task_watchdog_heartbeat(): [GHC] T1 tick 16410  uptime 8236 s
[2026-05-14 16:25:43.618] [8241174][I][sensor_poll.cpp:359] task_sensor_poll(): [T5_SEN] [T5] iter 269 — woke from 30 s delay
[2026-05-14 16:25:43.626] [8241183][I][sensor_poll.cpp:395] task_sensor_poll(): [T5_SEN] [T5] iter 269 — polling FG6485A
[2026-05-14 16:25:43.659] [8241216][I][sensor_poll.cpp:432] task_sensor_poll(): [T5_SEN] [T5] iter 269 — polling S200
[2026-05-14 16:25:43.743] [8241300][I][main.cpp:162] task_watchdog_heartbeat(): [GHC] T1 tick 16420  uptime 8241 s
[2026-05-14 16:25:44.203] [8241754][I][sensor_poll.cpp:535] task_sensor_poll(): [T5_SEN] [T5] T=24°C RH=39% ws=0.0 m/s wd=0° | avg T=24 RH=39 ws=0.0 wd=0° [win [8241755][I]T=12 RH=20 [data_manageW=12]
[2026-05-14 16:25:44.212] r.cpp:230] read_rtc_and_seed_clock(): [T4] RTC: 2026-05-14 16:25:40 UTC  unix=1778775940  daytime=yes
[2026-05-14 16:25:44.232] [8241779][I][climate_control.cpp:434] task_climate_control(): [T6_CLI] [T6] T_avg=24 t_max=28 hyst=5 → step_t=0 | RH_avg=39 rh_max=75 rh_min=50 hyst=12 rh_en=1 → step_rh=0 | resolved=0 (was cur_t=0 cur_rh=0)
[2026-05-14 16:25:48.761] [8246318][I][main.cpp:162] task_watchdog_heartbeat(): [GHC] T1 tick 16430  uptime 8246 s
[2026-05-14 16:25:53.779] [8251336][I][main.cpp:162] task_watchdog_heartbeat(): [GHC] T1 tick 16440  uptime 8251 s
[2026-05-14 16:25:58.797] [8256354][I][main.cpp:162] task_watchdog_heartbeat(): [GHC] T1 tick 16450  uptime 8256 s
[2026-05-14 16:26:03.815] [8261372][I][main.cpp:162] task_watchdog_heartbeat(): [GHC] T1 tick 16460  uptime 8261 s
[2026-05-14 16:26:08.833] [8266390][I][main.cpp:162] task_watchdog_heartbeat(): [GHC] T1 tick 16470  uptime 8266 s
[2026-05-14 16:26:13.851] [8271408][I][main.cpp:162] task_watchdog_heartbeat(): [GHC] T1 tick 16480  uptime 8271 s
[2026-05-14 16:26:14.223] [8271779][I][sensor_poll.cpp:359] task_sensor_poll(): [T5_SEN] [T5] iter 270 — woke from 30 s delay
[2026-05-14 16:26:14.231] [8271788][I][sensor_poll.cpp:395] task_sensor_poll(): [T5_SEN] [T5] iter 270 — polling FG6485A
[2026-05-14 16:26:14.264] [8271821][I][sensor_poll.cpp:432] task_sensor_poll(): [T5_SEN] [T5] iter 270 — polling S200
[2026-05-14 16:26:14.806] [8272359][I][sensor_poll.cpp:535] task_sensor_poll(): [T5_SEN] [T5] T=24°C RH=39% ws=0.0 m/s wd=0° | avg T=24 RH=39 ws=0.0 wd=0° [win T=12 RH=20 W=12]
[2026-05-14 16:26:14.826] [8272373][I][climate_control.cpp:434] task_climate_control(): [T6_CLI] [T6] T_avg=24 t_max=28 hyst=5 → step_t=0 | RH_avg=39 rh_max=75 rh_min=50 hyst=12 rh_en=1 → step_rh=0 | resolved=0 (was cur_t=0 cur_rh=0)
[2026-05-14 16:26:18.869] [8276426][I][main.cpp:162] task_watchdog_heartbeat(): [GHC] T1 tick 16490  uptime 8276 s
[2026-05-14 16:26:23.887] [8281444][I][main.cpp:162] task_watchdog_heartbeat(): [GHC] T1 tick 16500  uptime 8281 s
[2026-05-14 16:26:28.905] [8286462][I][main.cpp:162] task_watchdog_heartbeat(): [GHC] T1 tick 16510  uptime 8286 s
[2026-05-14 16:26:33.923] [8291480][I][main.cpp:162] task_watchdog_heartbeat(): [GHC] T1 tick 16520  uptime 8291 s
[2026-05-14 16:26:38.941] [8296498][I][main.cpp:162] task_watchdog_heartbeat(): [GHC] T1 tick 16530  uptime 8296 s
[2026-05-14 16:26:43.806] [8301360][I][data_manager.cpp:230] read_rtc_and_seed_clock(): [T4] RTC: 2026-05-14 16:26:39 UTC  unix=1778775999  daytime=yes
[2026-05-14 16:26:43.959] [8301516][I][main.cpp:162] task_watchdog_heartbeat(): [GHC] T1 tick 16540  uptime 8301 s
[2026-05-14 16:26:44.817] [8302373][I][sensor_poll.cpp:359] task_sensor_poll(): [T5_SEN] [T5] iter 271 — woke from 30 s delay
[2026-05-14 16:26:44.825] [8302382][I][sensor_poll.cpp:395] task_sensor_poll(): [T5_SEN] [T5] iter 271 — polling FG6485A
[2026-05-14 16:26:44.858] [8302414][I][sensor_poll.cpp:432] task_sensor_poll(): [T5_SEN] [T5] iter 271 — polling S200
[2026-05-14 16:26:45.399] [8302952][I][sensor_poll.cpp:535] task_sensor_poll(): [T5_SEN] [T5] T=24°C RH=39% ws=0.0 m/s wd=0° | avg T=24 RH=39 ws=0.0 wd=0° [win T=12 RH=20 W=12]
[2026-05-14 16:26:45.419] [8302965][I][climate_control.cpp:434] task_climate_control(): [T6_CLI] [T6] T_avg=24 t_max=28 hyst=5 → step_t=0 | RH_avg=39 rh_max=75 rh_min=50 hyst=12 rh_en=1 → step_rh=0 | resolved=0 (was cur_t=0 cur_rh=0)
[2026-05-14 16:26:48.977] [8306534][I][main.cpp:162] task_watchdog_heartbeat(): [GHC] T1 tick 16550  uptime 8306 s
[2026-05-14 16:26:53.995] [8311552][I][main.cpp:162] task_watchdog_heartbeat(): [GHC] T1 tick 16560  uptime 8311 s
[2026-05-14 16:26:59.013] [8316570][I][main.cpp:162] task_watchdog_heartbeat(): [GHC] T1 tick 16570  uptime 8316 s
[2026-05-14 16:27:04.031] [8321588][I][main.cpp:162] task_watchdog_heartbeat(): [GHC] T1 tick 16580  uptime 8321 s
[2026-05-14 16:27:09.049] [8326606][I][main.cpp:162] task_watchdog_heartbeat(): [GHC] T1 tick 16590  uptime 8326 s
[2026-05-14 16:27:14.067] [8331624][I][main.cpp:162] task_watchdog_heartbeat(): [GHC] T1 tick 16600  uptime 8331 s
[2026-05-14 16:27:15.410] [8332966][I][sensor_poll.cpp:359] task_sensor_poll(): [T5_SEN] [T5] iter 272 — woke from 30 s delay
[2026-05-14 16:27:15.418] [8332975][I][sensor_poll.cpp:395] task_sensor_poll(): [T5_SEN] [T5] iter 272 — polling FG6485A
[2026-05-14 16:27:15.451] [8333007][I][sensor_poll.cpp:432] task_sensor_poll(): [T5_SEN] [T5] iter 272 — polling S200
[2026-05-14 16:27:15.993] [8333546][I][sensor_poll.cpp:535] task_sensor_poll(): [T5_SEN] [T5] T=24°C RH=39% ws=0.0 m/s wd=0° | avg T=24 RH=39 ws=0.0 wd=0° [win T=12 RH=20 W=12]
[2026-05-14 16:27:16.013] [8333559][I][climate_control.cpp:434] task_climate_control(): [T6_CLI] [T6] T_avg=24 t_max=28 hyst=5 → step_t=0 | RH_avg=39 rh_max=75 rh_min=50 hyst=12 rh_en=1 → step_rh=0 | resolved=0 (was cur_t=0 cur_rh=0)
[2026-05-14 16:27:19.085] [8336642][I][main.cpp:162] task_watchdog_heartbeat(): [GHC] T1 tick 16610  uptime 8336 s
[2026-05-14 16:27:24.103] [8341660][I][main.cpp:162] task_watchdog_heartbeat(): [GHC] T1 tick 16620  uptime 8341 s
[2026-05-14 16:27:29.121] [8346678][I][main.cpp:162] task_watchdog_heartbeat(): [GHC] T1 tick 16630  uptime 8346 s
[2026-05-14 16:27:34.139] [8351696][I][main.cpp:162] task_watchdog_heartbeat(): [GHC] T1 tick 16640  uptime 8351 s
[2026-05-14 16:27:39.157] [8356714][I][main.cpp:162] task_watchdog_heartbeat(): [GHC] T1 tick 16650  uptime 8356 s
[2026-05-14 16:27:42.993] [8360547][I][data_manager.cpp:230] read_rtc_and_seed_clock(): [T4] RTC: 2026-05-14 16:27:38 UTC  unix=1778776058  daytime=yes
[2026-05-14 16:27:44.175] [8361732][I][main.cpp:162] task_watchdog_heartbeat(): [GHC] T1 tick 16660  uptime 8361 s
[2026-05-14 16:27:46.004] [8363560][I][sensor_poll.cpp:359] task_sensor_poll(): [T5_SEN] [T5] iter 273 — woke from 30 s delay
[2026-05-14 16:27:46.012] [8363569][I][sensor_poll.cpp:395] task_sensor_poll(): [T5_SEN] [T5] iter 273 — polling FG6485A
[2026-05-14 16:27:46.045] [8363602][I][sensor_poll.cpp:432] task_sensor_poll(): [T5_SEN] [T5] iter 273 — polling S200
[2026-05-14 16:27:46.587] [8364140][I][sensor_poll.cpp:535] task_sensor_poll(): [T5_SEN] [T5] T=24°C RH=39% ws=0.0 m/s wd=0° | avg T=24 RH=39 ws=0.0 wd=0° [win T=12 RH=20 W=12]
[2026-05-14 16:27:46.607] [8364153][I][climate_control.cpp:434] task_climate_control(): [T6_CLI] [T6] T_avg=24 t_max=28 hyst=5 → step_t=0 | RH_avg=39 rh_max=75 rh_min=50 hyst=12 rh_en=1 → step_rh=0 | resolved=0 (was cur_t=0 cur_rh=0)
[2026-05-14 16:27:49.193] [8366750][I][main.cpp:162] task_watchdog_heartbeat(): [GHC] T1 tick 16670  uptime 8366 s
[2026-05-14 16:27:54.211] [8371768][I][main.cpp:162] task_watchdog_heartbeat(): [GHC] T1 tick 16680  uptime 8371 s
[2026-05-14 16:27:59.229] [8376786][I][main.cpp:162] task_watchdog_heartbeat(): [GHC] T1 tick 16690  uptime 8376 s
[2026-05-14 16:28:04.247] [8381804][I][main.cpp:162] task_watchdog_heartbeat(): [GHC] T1 tick 16700  uptime 8381 s
[2026-05-14 16:28:09.265] [8386822][I][main.cpp:162] task_watchdog_heartbeat(): [GHC] T1 tick 16710  uptime 8386 s
[2026-05-14 16:28:14.283] [8391840][I][main.cpp:162] task_watchdog_heartbeat(): [GHC] T1 tick 16720  uptime 8391 s
[2026-05-14 16:28:16.598] [8394154][I][sensor_poll.cpp:359] task_sensor_poll(): [T5_SEN] [T5] iter 274 — woke from 30 s delay
[2026-05-14 16:28:16.607] [8394163][I][sensor_poll.cpp:395] task_sensor_poll(): [T5_SEN] [T5] iter 274 — polling FG6485A
[2026-05-14 16:28:16.640] [8394196][I][sensor_poll.cpp:432] task_sensor_poll(): [T5_SEN] [T5] iter 274 — polling S200
[2026-05-14 16:28:17.182] [8394734][I][sensor_poll.cpp:535] task_sensor_poll(): [T5_SEN] [T5] T=24°C RH=39% ws=0.0 m/s wd=0° | avg T=24 RH=39 ws=0.0 wd=0° [win T=12 RH=20 W=12]
[2026-05-14 16:28:17.201] [8394748][I][climate_control.cpp:434] task_climate_control(): [T6_CLI] [T6] T_avg=24 t_max=28 hyst=5 → step_t=0 | RH_avg=39 rh_max=75 rh_min=50 hyst=12 rh_en=1 → step_rh=0 | resolved=0 (was cur_t=0 cur_rh=0)
[2026-05-14 16:28:19.301] [8396858][I][main.cpp:162] task_watchdog_heartbeat(): [GHC] T1 tick 16730  uptime 8396 s
[2026-05-14 16:28:24.319] [8401876][I][main.cpp:162] task_watchdog_heartbeat(): [GHC] T1 tick 16740  uptime 8401 s
[2026-05-14 16:28:29.337] [8406894][I][main.cpp:162] task_watchdog_heartbeat(): [GHC] T1 tick 16750  uptime 8406 s
[2026-05-14 16:28:34.355] [8411912][I][main.cpp:162] task_watchdog_heartbeat(): [GHC] T1 tick 16760  uptime 8411 s
[2026-05-14 16:28:39.373] [8416930][I][main.cpp:162] task_watchdog_heartbeat(): [GHC] T1 tick 16770  uptime 8416 s
[2026-05-14 16:28:42.182] [8419735][I][data_manager.cpp:230] read_rtc_and_seed_clock(): [T4] RTC: 2026-05-14 16:28:38 UTC  unix=1778776118  daytime=yes
[2026-05-14 16:28:44.391] [8421948][I][main.cpp:162] task_watchdog_heartbeat(): [GHC] T1 tick 16780  uptime 8421 s
[2026-05-14 16:28:47.193] [8424748][I][sensor_poll.cpp:359] task_sensor_poll(): [T5_SEN] [T5] iter 275 — woke from 30 s delay
[2026-05-14 16:28:47.201] [8424757][I][sensor_poll.cpp:395] task_sensor_poll(): [T5_SEN] [T5] iter 275 — polling FG6485A
[2026-05-14 16:28:47.233] [8424789][I][sensor_poll.cpp:432] task_sensor_poll(): [T5_SEN] [T5] iter 275 — polling S200
[2026-05-14 16:28:47.775] [8425327][I][sensor_poll.cpp:535] task_sensor_poll(): [T5_SEN] [T5] T=24°C RH=39% ws=0.0 m/s wd=0° | avg T=24 RH=39 ws=0.0 wd=0° [win T=12 RH=20 W=12]
[2026-05-14 16:28:47.794] [8425340][I][climate_control.cpp:434] task_climate_control(): [T6_CLI] [T6] T_avg=24 t_max=28 hyst=5 → step_t=0 | RH_avg=39 rh_max=75 rh_min=50 hyst=12 rh_en=1 → step_rh=0 | resolved=0 (was cur_t=0 cur_rh=0)
[2026-05-14 16:28:49.410] [8426966][I][main.cpp:162] task_watchdog_heartbeat(): [GHC] T1 tick 16790  uptime 8426 s
[2026-05-14 16:28:54.426] [8431984][I][main.cpp:162] task_watchdog_heartbeat(): [GHC] T1 tick 16800  uptime 8431 s
[2026-05-14 16:28:54.435] [8431992][I][main.cpp:247] task_watchdog_heartbeat(): [GHC] stack T1  hwm=2044 B
[2026-05-14 16:28:54.441] [8432000][I][main.cpp:247] task_watchdog_heartbeat(): [GHC] stack T2  hwm=6380 B
[2026-05-14 16:28:54.449] [8432007][I][main.cpp:247] task_watchdog_heartbeat(): [GHC] stack T3  hwm=1980 B
[2026-05-14 16:28:54.457] [8432014][I][main.cpp:247] task_watchdog_heartbeat(): [GHC] stack T4  hwm=3980 B
[2026-05-14 16:28:54.463] [8432022][I][main.cpp:247] task_watchdog_heartbeat(): [GHC] stack T5  hwm=4124 B
[2026-05-14 16:28:54.472] [8432029][I][main.cpp:247] task_watchdog_heartbeat(): [GHC] stack T6  hwm=1596 B
[2026-05-14 16:28:54.478] [8432036][I][main.cpp:247] task_watchdog_heartbeat(): [GHC] stack T7  hwm=2464 B
[2026-05-14 16:28:54.486] [8432044][I][main.cpp:247] task_watchdog_heartbeat(): [GHC] stack T8  hwm=5740 B
[2026-05-14 16:28:54.492] [8432051][I][main.cpp:247] task_watchdog_heartbeat(): [GHC] stack T9  hwm=2524 B
[2026-05-14 16:28:54.501] [8432058][I][main.cpp:247] task_watchdog_heartbeat(): [GHC] stack T10 hwm=5632 B
[2026-05-14 16:28:54.507] [8432066][I][main.cpp:247] task_watchdog_heartbeat(): [GHC] stack T11 hwm=5536 B
[2026-05-14 16:28:54.516] [8432073][I][main.cpp:247] task_watchdog_heartbeat(): [GHC] stack T12 hwm=7464 B
[2026-05-14 16:28:54.524] [8432081][I][main.cpp:247] task_watchdog_heartbeat(): [GHC] stack T14 hwm=6676 B
[2026-05-14 16:28:54.531] [8432088][I][main.cpp:247] task_watchdog_heartbeat(): [GHC] stack T15 hwm=2376 B
[2026-05-14 16:28:59.549] [8437105][I][main.cpp:162] task_watchdog_heartbeat(): [GHC] T1 tick 16810  uptime 8437 s
[2026-05-14 16:29:04.567] [8442123][I][main.cpp:162] task_watchdog_heartbeat(): [GHC] T1 tick 16820  uptime 8442 s
[2026-05-14 16:29:09.585] [8447141][I][main.cpp:162] task_watchdog_heartbeat(): [GHC] T1 tick 16830  uptime 8447 s
[2026-05-14 16:29:14.603] [8452159][I][main.cpp:162] task_watchdog_heartbeat(): [GHC] T1 tick 16840  uptime 8452 s
[2026-05-14 16:29:17.786] [8455341][I][sensor_poll.cpp:359] task_sensor_poll(): [T5_SEN] [T5] iter 276 — woke from 30 s delay
[2026-05-14 16:29:17.794] [8455350][I][sensor_poll.cpp:395] task_sensor_poll(): [T5_SEN] [T5] iter 276 — polling FG6485A
[2026-05-14 16:29:17.827] [8455382][I][sensor_poll.cpp:432] task_sensor_poll(): [T5_SEN] [T5] iter 276 — polling S200
[2026-05-14 16:29:18.368] [8455921][I][sensor_poll.cpp:535] task_sensor_poll(): [T5_SEN] [T5] T=24°C RH=39% ws=0.0 m/s wd=0° | avg T=24 RH=39 ws=0.0 wd=0° [win T=12 RH=20 W=12]
[2026-05-14 16:29:18.389] [8455934][I][climate_control.cpp:434] task_climate_control(): [T6_CLI] [T6] T_avg=24 t_max=28 hyst=5 → step_t=0 | RH_avg=39 rh_max=75 rh_min=50 hyst=12 rh_en=1 → step_rh=0 | resolved=0 (was cur_t=0 cur_rh=0)
[2026-05-14 16:29:19.621] [8457177][I][main.cpp:162] task_watchdog_heartbeat(): [GHC] T1 tick 16850  uptime 8457 s
[2026-05-14 16:29:24.639] [8462195][I][main.cpp:162] task_watchdog_heartbeat(): [GHC] T1 tick 16860  uptime 8462 s
[2026-05-14 16:29:29.657] [8467213][I][main.cpp:162] task_watchdog_heartbeat(): [GHC] T1 tick 16870  uptime 8467 s
[2026-05-14 16:29:34.675] [8472231][I][main.cpp:162] task_watchdog_heartbeat(): [GHC] T1 tick 16880  uptime 8472 s
[2026-05-14 16:29:39.693] [8477249][I][main.cpp:162] task_watchdog_heartbeat(): [GHC] T1 tick 16890  uptime 8477 s
[2026-05-14 16:29:41.369] [8478922][I][data_manager.cpp:230] read_rtc_and_seed_clock(): [T4] RTC: 2026-05-14 16:29:37 UTC  unix=1778776177  daytime=yes
[2026-05-14 16:29:44.711] [8482267][I][main.cpp:162] task_watchdog_heartbeat(): [GHC] T1 tick 16900  uptime 8482 s
[2026-05-14 16:29:48.380] [8485935][I][sensor_poll.cpp:359] task_sensor_poll(): [T5_SEN] [T5] iter 277 — woke from 30 s delay
[2026-05-14 16:29:48.388] [8485944][I][sensor_poll.cpp:395] task_sensor_poll(): [T5_SEN] [T5] iter 277 — polling FG6485A
[2026-05-14 16:29:48.421] [8485977][I][sensor_poll.cpp:432] task_sensor_poll(): [T5_SEN] [T5] iter 277 — polling S200
[2026-05-14 16:29:48.963] [8486515][I][sensor_poll.cpp:535] task_sensor_poll(): [T5_SEN] [T5] T=24°C RH=39% ws=0.0 m/s wd=0° | avg T=24 RH=39 ws=0.0 wd=0° [win T=12 RH=20 W=12]
[2026-05-14 16:29:48.983] [8486528][I][climate_control.cpp:434] task_climate_control(): [T6_CLI] [T6] T_avg=24 t_max=28 hyst=5 → step_t=0 | RH_avg=39 rh_max=75 rh_min=50 hyst=12 rh_en=1 → step_rh=0 | resolved=0 (was cur_t=0 cur_rh=0)
[2026-05-14 16:29:49.729] [8487285][I][main.cpp:162] task_watchdog_heartbeat(): [GHC] T1 tick 16910  uptime 8487 s
[2026-05-14 16:29:54.747] [8492303][I][main.cpp:162] task_watchdog_heartbeat(): [GHC] T1 tick 16920  uptime 8492 s
[2026-05-14 16:29:59.765] [8497321][I][main.cpp:162] task_watchdog_heartbeat(): [GHC] T1 tick 16930  uptime 8497 s
[2026-05-14 16:30:04.782] [8502339][I][main.cpp:162] task_watchdog_heartbeat(): [GHC] T1 tick 16940  uptime 8502 s
[2026-05-14 16:30:09.801] [8507357][I][main.cpp:162] task_watchdog_heartbeat(): [GHC] T1 tick 16950  uptime 8507 s
[2026-05-14 16:30:14.819] [8512375][I][main.cpp:162] task_watchdog_heartbeat(): [GHC] T1 tick 16960  uptime 8512 s
[2026-05-14 16:30:18.974] [8516529][I][sensor_poll.cpp:359] task_sensor_poll(): [T5_SEN] [T5] iter 278 — woke from 30 s delay
[2026-05-14 16:30:18.982] [8516538][I][sensor_poll.cpp:395] task_sensor_poll(): [T5_SEN] [T5] iter 278 — polling FG6485A
[2026-05-14 16:30:19.330] [8516886][I][sensor_poll.cpp:432] task_sensor_poll(): [T5_SEN] [T5] iter 278 — polling S200
[2026-05-14 16:30:19.837] [8517393][I][main.cpp:162] task_watchdog_heartbeat(): [GHC] T1 tick 16970  uptime 8517 s
[2026-05-14 16:30:19.872] [8517424][I][sensor_poll.cpp:535] task_sensor_poll(): [T5_SEN] [T5] T=24°C RH=39% ws=0.0 m/s wd=0° | avg T=24 RH=39 ws=0.0 wd=0° [win T=12 RH=20 W=12]
[2026-05-14 16:30:19.892] [8517437][I][climate_control.cpp:434] task_climate_control(): [T6_CLI] [T6] T_avg=24 t_max=28 hyst=5 → step_t=0 | RH_avg=39 rh_max=75 rh_min=50 hyst=12 rh_en=1 → step_rh=0 | resolved=0 (was cur_t=0 cur_rh=0)
[2026-05-14 16:30:24.855] [8522411][I][main.cpp:162] task_watchdog_heartbeat(): [GHC] T1 tick 16980  uptime 8522 s
[2026-05-14 16:30:29.873] [8527429][I][main.cpp:162] task_watchdog_heartbeat(): [GHC] T1 tick 16990  uptime 8527 s
[2026-05-14 16:30:34.891] [8532447][I][main.cpp:162] task_watchdog_heartbeat(): [GHC] T1 tick 17000  uptime 8532 s
[2026-05-14 16:30:39.909] [8537465][I][main.cpp:162] task_watchdog_heartbeat(): [GHC] T1 tick 17010  uptime 8537 s
[2026-05-14 16:30:40.872] [8538425][I][data_manager.cpp:230] read_rtc_and_seed_clock(): [T4] RTC: 2026-05-14 16:30:36 UTC  unix=1778776236  daytime=yes
[2026-05-14 16:30:44.927] [8542483][I][main.cpp:162] task_watchdog_heartbeat(): [GHC] T1 tick 17020  uptime 8542 s
[2026-05-14 16:30:49.883] [8547438][I][sensor_poll.cpp:359] task_sensor_poll(): [T5_SEN] [T5] iter 279 — woke from 30 s delay
[2026-05-14 16:30:49.891] [8547447][I][sensor_poll.cpp:395] task_sensor_poll(): [T5_SEN] [T5] iter 279 — polling FG6485A
[2026-05-14 16:30:49.923] [8547479][I][sensor_poll.cpp:432] task_sensor_poll(): [T5_SEN] [T5] iter 279 — polling S200
[2026-05-14 16:30:49.945] [8547501][I][main.cpp:162] task_watchdog_heartbeat(): [GHC] T1 tick 17030  uptime 8547 s
[2026-05-14 16:30:50.465] [8548017][I][sensor_poll.cpp:535] task_sensor_poll(): [T5_SEN] [T5] T=24°C RH=39% ws=0.0 m/s wd=0° | avg T=24 RH=39 ws=0.0 wd=0° [win T=12 RH=20 W=12]
[2026-05-14 16:30:50.485] [8548030][I][climate_control.cpp:434] task_climate_control(): [T6_CLI] [T6] T_avg=24 t_max=28 hyst=5 → step_t=0 | RH_avg=39 rh_max=75 rh_min=50 hyst=12 rh_en=1 → step_rh=0 | resolved=0 (was cur_t=0 cur_rh=0)
[2026-05-14 16:30:54.963] [8552519][I][main.cpp:162] task_watchdog_heartbeat(): [GHC] T1 tick 17040  uptime 8552 s
[2026-05-14 16:30:59.981] [8557537][I][main.cpp:162] task_watchdog_heartbeat(): [GHC] T1 tick 17050  uptime 8557 s
[2026-05-14 16:31:04.999] [8562555][I][main.cpp:162] task_watchdog_heartbeat(): [GHC] T1 tick 17060  uptime 8562 s
[2026-05-14 16:31:10.017] [8567573][I][main.cpp:162] task_watchdog_heartbeat(): [GHC] T1 tick 17070  uptime 8567 s
[2026-05-14 16:31:15.035] [8572591][I][main.cpp:162] task_watchdog_heartbeat(): [GHC] T1 tick 17080  uptime 8572 s
[2026-05-14 16:31:20.053] [8577609][I][main.cpp:162] task_watchdog_heartbeat(): [GHC] T1 tick 17090  uptime 8577 s
[2026-05-14 16:31:20.476] [8578031][I][sensor_poll.cpp:359] task_sensor_poll(): [T5_SEN] [T5] iter 280 — woke from 30 s delay
[2026-05-14 16:31:20.485] [8578040][I][sensor_poll.cpp:395] task_sensor_poll(): [T5_SEN] [T5] iter 280 — polling FG6485A
[2026-05-14 16:31:20.517] [8578072][I][sensor_poll.cpp:432] task_sensor_poll(): [T5_SEN] [T5] iter 280 — polling S200
[2026-05-14 16:31:21.058] [8578610][I][sensor_poll.cpp:535] task_sensor_poll(): [T5_SEN] [T5] T=24°C RH=39% ws=0.0 m/s wd=0° | avg T=24 RH=39 ws=0.0 wd=0° [win T=12 RH=20 W=12]
[2026-05-14 16:31:21.078] [8578623][I][climate_control.cpp:434] task_climate_control(): [T6_CLI] [T6] T_avg=24 t_max=28 hyst=5 → step_t=0 | RH_avg=39 rh_max=75 rh_min=50 hyst=12 rh_en=1 → step_rh=0 | resolved=0 (was cur_t=0 cur_rh=0)
[2026-05-14 16:31:25.071] [8582627][I][main.cpp:162] task_watchdog_heartbeat(): [GHC] T1 tick 17100  uptime 8582 s
[2026-05-14 16:31:30.089] [8587645][I][main.cpp:162] task_watchdog_heartbeat(): [GHC] T1 tick 17110  uptime 8587 s
[2026-05-14 16:31:35.107] [8592663][I][main.cpp:162] task_watchdog_heartbeat(): [GHC] T1 tick 17120  uptime 8592 s
[2026-05-14 16:31:40.059] [8597611][I][data_manager.cpp:230] read_rtc_and_seed_clock(): [T4] RTC: 2026-05-14 16:31:35 UTC  unix=1778776295  daytime=yes
[2026-05-14 16:31:40.125] [8597681][I][main.cpp:162] task_watchdog_heartbeat(): [GHC] T1 tick 17130  uptime 8597 s
[2026-05-14 16:31:45.143] [8602699][I][main.cpp:162] task_watchdog_heartbeat(): [GHC] T1 tick 17140  uptime 8602 s
[2026-05-14 16:31:50.161] [8607717][I][main.cpp:162] task_watchdog_heartbeat(): [GHC] T1 tick 17150  uptime 8607 s
[2026-05-14 16:31:51.069] [8608624][I][sensor_poll.cpp:359] task_sensor_poll(): [T5_SEN] [T5] iter 281 — woke from 30 s delay
[2026-05-14 16:31:51.078] [8608633][I][sensor_poll.cpp:395] task_sensor_poll(): [T5_SEN] [T5] iter 281 — polling FG6485A
[2026-05-14 16:31:51.110] [8608665][I][sensor_poll.cpp:432] task_sensor_poll(): [T5_SEN] [T5] iter 281 — polling S200
[2026-05-14 16:31:51.653] [8609204][I][sensor_poll.cpp:535] task_sensor_poll(): [T5_SEN] [T5] T=24°C RH=39% ws=0.0 m/s wd=0° | avg T=24 RH=39 ws=0.0 wd=0° [win T=12 RH=20 W=12]
[2026-05-14 16:31:51.672] [8609217][I][climate_control.cpp:434] task_climate_control(): [T6_CLI] [T6] T_avg=24 t_max=28 hyst=5 → step_t=0 | RH_avg=39 rh_max=75 rh_min=50 hyst=12 rh_en=1 → step_rh=0 | resolved=0 (was cur_t=0 cur_rh=0)
[2026-05-14 16:31:55.179] [8612735][I][main.cpp:162] task_watchdog_heartbeat(): [GHC] T1 tick 17160  uptime 8612 s
[2026-05-14 16:32:00.197] [8617753][I][main.cpp:162] task_watchdog_heartbeat(): [GHC] T1 tick 17170  uptime 8617 s
[2026-05-14 16:32:05.215] [8622771][I][main.cpp:162] task_watchdog_heartbeat(): [GHC] T1 tick 17180  uptime 8622 s
[2026-05-14 16:32:10.233] [8627789][I][main.cpp:162] task_watchdog_heartbeat(): [GHC] T1 tick 17190  uptime 8627 s
[2026-05-14 16:32:15.252] [8632807][I][main.cpp:162] task_watchdog_heartbeat(): [GHC] T1 tick 17200  uptime 8632 s
[2026-05-14 16:32:20.269] [8637825][I][main.cpp:162] task_watchdog_heartbeat(): [GHC] T1 tick 17210  uptime 8637 s
[2026-05-14 16:32:21.664] [8639218][I][sensor_poll.cpp:359] task_sensor_poll(): [T5_SEN] [T5] iter 282 — woke from 30 s delay
[2026-05-14 16:32:21.672] [8639227][I][sensor_poll.cpp:395] task_sensor_poll(): [T5_SEN] [T5] iter 282 — polling FG6485A
[2026-05-14 16:32:21.705] [8639260][I][sensor_poll.cpp:432] task_sensor_poll(): [T5_SEN] [T5] iter 282 — polling S200
[2026-05-14 16:32:22.247] [8639798][I][sensor_poll.cpp:535] task_sensor_poll(): [T5_SEN] [T5] T=24°C RH=39% ws=0.0 m/s wd=0° | avg T=24 RH=39 ws=0.0 wd=0° [win T=12 RH=20 W=12]
[2026-05-14 16:32:22.266] [8639811][I][climate_control.cpp:434] task_climate_control(): [T6_CLI] [T6] T_avg=24 t_max=28 hyst=5 → step_t=0 | RH_avg=39 rh_max=75 rh_min=50 hyst=12 rh_en=1 → step_rh=0 | resolved=0 (was cur_t=0 cur_rh=0)
[2026-05-14 16:32:25.287] [8642842][I][main.cpp:162] task_watchdog_heartbeat(): [GHC] T1 tick 17220  uptime 8642 s
[2026-05-14 16:32:30.304] [8647860][I][main.cpp:162] task_watchdog_heartbeat(): [GHC] T1 tick 17230  uptime 8647 s
[2026-05-14 16:32:35.322] [8652878][I][main.cpp:162] task_watchdog_heartbeat(): [GHC] T1 tick 17240  uptime 8652 s
[2026-05-14 16:32:39.247] [8656799][I][data_manager.cpp:230] read_rtc_and_seed_clock(): [T4] RTC: 2026-05-14 16:32:35 UTC  unix=1778776355  daytime=yes
[2026-05-14 16:32:40.341] [8657896][I][main.cpp:162] task_watchdog_heartbeat(): [GHC] T1 tick 17250  uptime 8657 s
[2026-05-14 16:32:45.359] [8662914][I][main.cpp:162] task_watchdog_heartbeat(): [GHC] T1 tick 17260  uptime 8662 s
[2026-05-14 16:32:50.377] [8667932][I][main.cpp:162] task_watchdog_heartbeat(): [GHC] T1 tick 17270  uptime 8667 s
[2026-05-14 16:32:52.258] [8669812][I][sensor_poll.cpp:359] task_sensor_poll(): [T5_SEN] [T5] iter 283 — woke from 30 s delay
[2026-05-14 16:32:52.266] [8669821][I][sensor_poll.cpp:395] task_sensor_poll(): [T5_SEN] [T5] iter 283 — polling FG6485A
[2026-05-14 16:32:52.299] [8669854][I][sensor_poll.cpp:432] task_sensor_poll(): [T5_SEN] [T5] iter 283 — polling S200
[2026-05-14 16:32:52.841] [8670392][I][sensor_poll.cpp:535] task_sensor_poll(): [T5_SEN] [T5] T=24°C RH=39% ws=0.0 m/s wd=0° | avg T=24 RH=39 ws=0.0 wd=0° [win T=12 RH=20 W=12]
[2026-05-14 16:32:52.861] [8670405][I][climate_control.cpp:434] task_climate_control(): [T6_CLI] [T6] T_avg=24 t_max=28 hyst=5 → step_t=0 | RH_avg=39 rh_max=75 rh_min=50 hyst=12 rh_en=1 → step_rh=0 | resolved=0 (was cur_t=0 cur_rh=0)
[2026-05-14 16:32:55.394] [8672950][I][main.cpp:162] task_watchdog_heartbeat(): [GHC] T1 tick 17280  uptime 8672 s
[2026-05-14 16:33:00.412] [8677968][I][main.cpp:162] task_watchdog_heartbeat(): [GHC] T1 tick 17290  uptime 8677 s
[2026-05-14 16:33:05.431] [8682986][I][main.cpp:162] task_watchdog_heartbeat(): [GHC] T1 tick 17300  uptime 8682 s
[2026-05-14 16:33:10.449] [8688004][I][main.cpp:162] task_watchdog_heartbeat(): [GHC] T1 tick 17310  uptime 8688 s
[2026-05-14 16:33:15.467] [8693022][I][main.cpp:162] task_watchdog_heartbeat(): [GHC] T1 tick 17320  uptime 8693 s
[2026-05-14 16:33:20.485] [8698040][I][main.cpp:162] task_watchdog_heartbeat(): [GHC] T1 tick 17330  uptime 8698 s
[2026-05-14 16:33:22.852] [8700406][I][sensor_poll.cpp:359] task_sensor_poll(): [T5_SEN] [T5] iter 284 — woke from 30 s delay
[2026-05-14 16:33:22.860] [8700415][I][sensor_poll.cpp:395] task_sensor_poll(): [T5_SEN] [T5] iter 284 — polling FG6485A
[2026-05-14 16:33:22.893] [8700447][I][sensor_poll.cpp:432] task_sensor_poll(): [T5_SEN] [T5] iter 284 — polling S200
[2026-05-14 16:33:23.434] [8700985][I][sensor_poll.cpp:535] task_sensor_poll(): [T5_SEN] [T5] T=24°C RH=39% ws=0.0 m/s wd=0° | avg T=24 RH=39 ws=0.0 wd=0° [win T=12 RH=20 W=12]
[2026-05-14 16:33:23.454] [8700998][I][climate_control.cpp:434] task_climate_control(): [T6_CLI] [T6] T_avg=24 t_max=28 hyst=5 → step_t=0 | RH_avg=39 rh_max=75 rh_min=50 hyst=12 rh_en=1 → step_rh=0 | resolved=0 (was cur_t=0 cur_rh=0)
[2026-05-14 16:33:25.503] [8703058][I][main.cpp:162] task_watchdog_heartbeat(): [GHC] T1 tick 17340  uptime 8703 s
[2026-05-14 16:33:30.521] [8708076][I][main.cpp:162] task_watchdog_heartbeat(): [GHC] T1 tick 17350  uptime 8708 s
[2026-05-14 16:33:35.539] [8713094][I][main.cpp:162] task_watchdog_heartbeat(): [GHC] T1 tick 17360  uptime 8713 s
[2026-05-14 16:33:38.434] [8715986][I][data_manager.cpp:230] read_rtc_and_seed_clock(): [T4] RTC: 2026-05-14 16:33:34 UTC  unix=1778776414  daytime=yes
[2026-05-14 16:33:40.557] [8718112][I][main.cpp:162] task_watchdog_heartbeat(): [GHC] T1 tick 17370  uptime 8718 s
[2026-05-14 16:33:45.575] [8723130][I][main.cpp:162] task_watchdog_heartbeat(): [GHC] T1 tick 17380  uptime 8723 s
[2026-05-14 16:33:50.593] [8728148][I][main.cpp:162] task_watchdog_heartbeat(): [GHC] T1 tick 17390  uptime 8728 s
[2026-05-14 16:33:53.445] [8730999][I][sensor_poll.cpp:359] task_sensor_poll(): [T5_SEN] [T5] iter 285 — woke from 30 s delay
[2026-05-14 16:33:53.453] [8731008][I][sensor_poll.cpp:395] task_sensor_poll(): [T5_SEN] [T5] iter 285 — polling FG6485A
[2026-05-14 16:33:53.486] [8731040][I][sensor_poll.cpp:432] task_sensor_poll(): [T5_SEN] [T5] iter 285 — polling S200
[2026-05-14 16:33:54.028] [8731579][I][sensor_poll.cpp:535] task_sensor_poll(): [T5_SEN] [T5] T=24°C RH=39% ws=0.0 m/s wd=0° | avg T=24 RH=39 ws=0.0 wd=0° [win T=12 RH=20 W=12]
[2026-05-14 16:33:54.048] [8731592][I][climate_control.cpp:434] task_climate_control(): [T6_CLI] [T6] T_avg=24 t_max=28 hyst=5 → step_t=0 | RH_avg=39 rh_max=75 rh_min=50 hyst=12 rh_en=1 → step_rh=0 | resolved=0 (was cur_t=0 cur_rh=0)
[2026-05-14 16:33:55.611] [8733166][I][main.cpp:162] task_watchdog_heartbeat(): [GHC] T1 tick 17400  uptime 8733 s
[2026-05-14 16:34:00.629] [8738184][I][main.cpp:162] task_watchdog_heartbeat(): [GHC] T1 tick 17410  uptime 8738 s
[2026-05-14 16:34:05.647] [8743202][I][main.cpp:162] task_watchdog_heartbeat(): [GHC] T1 tick 17420  uptime 8743 s
[2026-05-14 16:34:10.665] [8748220][I][main.cpp:162] task_watchdog_heartbeat(): [GHC] T1 tick 17430  uptime 8748 s
[2026-05-14 16:34:15.683] [8753238][I][main.cpp:162] task_watchdog_heartbeat(): [GHC] T1 tick 17440  uptime 8753 s
[2026-05-14 16:34:20.701] [8758256][I][main.cpp:162] task_watchdog_heartbeat(): [GHC] T1 tick 17450  uptime 8758 s
[2026-05-14 16:34:24.039] [8761593][I][sensor_poll.cpp:359] task_sensor_poll(): [T5_SEN] [T5] iter 286 — woke from 30 s delay
[2026-05-14 16:34:24.048] [8761602][I][sensor_poll.cpp:395] task_sensor_poll(): [T5_SEN] [T5] iter 286 — polling FG6485A
[2026-05-14 16:34:24.080] [8761635][I][sensor_poll.cpp:432] task_sensor_poll(): [T5_SEN] [T5] iter 286 — polling S200
[2026-05-14 16:34:24.622] [8762173][I][sensor_poll.cpp:535] task_sensor_poll(): [T5_SEN] [T5] T=24°C RH=39% ws=0.0 m/s wd=0° | avg T=24 RH=39 ws=0.0 wd=0° [win T=12 RH=20 W=12]
[2026-05-14 16:34:24.642] [8762187][I][climate_control.cpp:434] task_climate_control(): [T6_CLI] [T6] T_avg=24 t_max=28 hyst=5 → step_t=0 | RH_avg=39 rh_max=75 rh_min=50 hyst=12 rh_en=1 → step_rh=0 | resolved=0 (was cur_t=0 cur_rh=0)
[2026-05-14 16:34:25.719] [8763274][I][main.cpp:162] task_watchdog_heartbeat(): [GHC] T1 tick 17460  uptime 8763 s
[2026-05-14 16:34:30.737] [8768292][I][main.cpp:162] task_watchdog_heartbeat(): [GHC] T1 tick 17470  uptime 8768 s
[2026-05-14 16:34:35.755] [8773310][I][main.cpp:162] task_watchdog_heartbeat(): [GHC] T1 tick 17480  uptime 8773 s
[2026-05-14 16:34:37.622] [8775174][I][data_manager.cpp:230] read_rtc_and_seed_clock(): [T4] RTC: 2026-05-14 16:34:33 UTC  unix=1778776473  daytime=yes
[2026-05-14 16:34:40.773] [8778328][I][main.cpp:162] task_watchdog_heartbeat(): [GHC] T1 tick 17490  uptime 8778 s
[2026-05-14 16:34:45.791] [8783346][I][main.cpp:162] task_watchdog_heartbeat(): [GHC] T1 tick 17500  uptime 8783 s
[2026-05-14 16:34:50.809] [8788364][I][main.cpp:162] task_watchdog_heartbeat(): [GHC] T1 tick 17510  uptime 8788 s
[2026-05-14 16:34:54.633] [8792187][I][sensor_poll.cpp:359] task_sensor_poll(): [T5_SEN] [T5] iter 287 — woke from 30 s delay
[2026-05-14 16:34:54.642] [8792196][I][sensor_poll.cpp:395] task_sensor_poll(): [T5_SEN] [T5] iter 287 — polling FG6485A
[2026-05-14 16:34:54.674] [8792228][I][sensor_poll.cpp:432] task_sensor_poll(): [T5_SEN] [T5] iter 287 — polling S200
[2026-05-14 16:34:55.216] [8792766][I][sensor_poll.cpp:535] task_sensor_poll(): [T5_SEN] [T5] T=24°C RH=39% ws=0.0 m/s wd=0° | avg T=24 RH=39 ws=0.0 wd=0° [win T=12 RH=20 W=12]
[2026-05-14 16:34:55.235] [8792780][I][climate_control.cpp:434] task_climate_control(): [T6_CLI] [T6] T_avg=24 t_max=28 hyst=5 → step_t=0 | RH_avg=39 rh_max=75 rh_min=50 hyst=12 rh_en=1 → step_rh=0 | resolved=0 (was cur_t=0 cur_rh=0)
[2026-05-14 16:34:55.827] [8793382][I][main.cpp:162] task_watchdog_heartbeat(): [GHC] T1 tick 17520  uptime 8793 s
[2026-05-14 16:35:00.845] [8798400][I][main.cpp:162] task_watchdog_heartbeat(): [GHC] T1 tick 17530  uptime 8798 s
[2026-05-14 16:35:05.863] [8803418][I][main.cpp:162] task_watchdog_heartbeat(): [GHC] T1 tick 17540  uptime 8803 s
[2026-05-14 16:35:10.881] [8808436][I][main.cpp:162] task_watchdog_heartbeat(): [GHC] T1 tick 17550  uptime 8808 s
[2026-05-14 16:35:15.899] [8813454][I][main.cpp:162] task_watchdog_heartbeat(): [GHC] T1 tick 17560  uptime 8813 s
[2026-05-14 16:35:20.917] [8818472][I][main.cpp:162] task_watchdog_heartbeat(): [GHC] T1 tick 17570  uptime 8818 s
[2026-05-14 16:35:25.226] [8822780][I][sensor_poll.cpp:359] task_sensor_poll(): [T5_SEN] [T5] iter 288 — woke from 30 s delay
[2026-05-14 16:35:25.235] [8822789][I][sensor_poll.cpp:395] task_sensor_poll(): [T5_SEN] [T5] iter 288 — polling FG6485A
[2026-05-14 16:35:25.267] [8822821][I][sensor_poll.cpp:432] task_sensor_poll(): [T5_SEN] [T5] iter 288 — polling S200
[2026-05-14 16:35:25.809] [8823359][I][sensor_poll.cpp:535] task_sensor_poll(): [T5_SEN] [T5] T=24°C RH=39% ws=0.0 m/s wd=0° | avg T=24 RH=39 ws=0.0 wd=0° [win T=12 RH=20 W=12]
[2026-05-14 16:35:25.828] [8823372][I][climate_control.cpp:434] task_climate_control(): [T6_CLI] [T6] T_avg=24 t_max=28 hyst=5 → step_t=0 | RH_avg=39 rh_max=75 rh_min=50 hyst=12 rh_en=1 → step_rh=0 | resolved=0 (was cur_t=0 cur_rh=0)
[2026-05-14 16:35:25.935] [8823490][I][main.cpp:162] task_watchdog_heartbeat(): [GHC] T1 tick 17580  uptime 8823 s
[2026-05-14 16:35:30.953] [8828508][I][main.cpp:162] task_watchdog_heartbeat(): [GHC] T1 tick 17590  uptime 8828 s
[2026-05-14 16:35:35.971] [8833526][I][main.cpp:162] task_watchdog_heartbeat(): [GHC] T1 tick 17600  uptime 8833 s
[2026-05-14 16:35:36.809] [8834360][I][data_manager.cpp:230] read_rtc_and_seed_clock(): [T4] RTC: 2026-05-14 16:35:32 UTC  unix=1778776532  daytime=yes
[2026-05-14 16:35:40.989] [8838544][I][main.cpp:162] task_watchdog_heartbeat(): [GHC] T1 tick 17610  uptime 8838 s
[2026-05-14 16:35:46.007] [8843562][I][main.cpp:162] task_watchdog_heartbeat(): [GHC] T1 tick 17620  uptime 8843 s
[2026-05-14 16:35:51.025] [8848580][I][main.cpp:162] task_watchdog_heartbeat(): [GHC] T1 tick 17630  uptime 8848 s
[2026-05-14 16:35:55.819] [8853373][I][sensor_poll.cpp:359] task_sensor_poll(): [T5_SEN] [T5] iter 289 — woke from 30 s delay
[2026-05-14 16:35:55.828] [8853382][I][sensor_poll.cpp:395] task_sensor_poll(): [T5_SEN] [T5] iter 289 — polling FG6485A
[2026-05-14 16:35:55.860] [8853414][I][sensor_poll.cpp:432] task_sensor_poll(): [T5_SEN] [T5] iter 289 — polling S200
[2026-05-14 16:35:56.043] [8853598][I][main.cpp:162] task_watchdog_heartbeat(): [GHC] T1 tick 17640  uptime 8853 s
[2026-05-14 16:35:56.403] [8853953][I][sensor_poll.cpp:535] task_sensor_poll(): [T5_SEN] [T5] T=24°C RH=39% ws=0.0 m/s wd=0° | avg T=24 RH=39 ws=0.0 wd=0° [win T=12 RH=20 W=12]
[2026-05-14 16:35:56.423] [8853967][I][climate_control.cpp:434] task_climate_control(): [T6_CLI] [T6] T_avg=24 t_max=28 hyst=5 → step_t=0 | RH_avg=39 rh_max=75 rh_min=50 hyst=12 rh_en=1 → step_rh=0 | resolved=0 (was cur_t=0 cur_rh=0)
[2026-05-14 16:36:01.062] [8858616][I][main.cpp:162] task_watchdog_heartbeat(): [GHC] T1 tick 17650  uptime 8858 s
[2026-05-14 16:36:06.080] [8863634][I][main.cpp:162] task_watchdog_heartbeat(): [GHC] T1 tick 17660  uptime 8863 s
[2026-05-14 16:36:11.098] [8868652][I][main.cpp:162] task_watchdog_heartbeat(): [GHC] T1 tick 17670  uptime 8868 s
[2026-05-14 16:36:16.116] [8873670][I][main.cpp:162] task_watchdog_heartbeat(): [GHC] T1 tick 17680  uptime 8873 s
[2026-05-14 16:36:21.134] [8878688][I][main.cpp:162] task_watchdog_heartbeat(): [GHC] T1 tick 17690  uptime 8878 s
[2026-05-14 16:36:26.152] [8883706][I][main.cpp:162] task_watchdog_heartbeat(): [GHC] T1 tick 17700  uptime 8883 s
[2026-05-14 16:36:26.414] [8883967][I][sensor_poll.cpp:359] task_sensor_poll(): [T5_SEN] [T5] iter 290 — woke from 30 s delay
[2026-05-14 16:36:26.422] [8883976][I][sensor_poll.cpp:395] task_sensor_poll(): [T5_SEN] [T5] iter 290 — polling FG6485A
[2026-05-14 16:36:26.455] [8884009][I][sensor_poll.cpp:432] task_sensor_poll(): [T5_SEN] [T5] iter 290 — polling S200
[2026-05-14 16:36:26.997] [8884547][I][sensor_poll.cpp:535] task_sensor_poll(): [T5_SEN] [T5] T=24°C RH=39% ws=0.0 m/s wd=0° | avg T=24 RH=39 ws=0.0 wd=0° [win T=12 RH=20 W=12]
[2026-05-14 16:36:27.017] [8884561][I][climate_control.cpp:434] task_climate_control(): [T6_CLI] [T6] T_avg=24 t_max=28 hyst=5 → step_t=0 | RH_avg=39 rh_max=75 rh_min=50 hyst=12 rh_en=1 → step_rh=0 | resolved=0 (was cur_t=0 cur_rh=0)
[2026-05-14 16:36:31.170] [8888724][I][main.cpp:162] task_watchdog_heartbeat(): [GHC] T1 tick 17710  uptime 8888 s
[2026-05-14 16:36:35.997] [8893548][I][data_manager.cpp:230] read_rtc_and_seed_clock(): [T4] RTC: 2026-05-14 16:36:31 UTC  unix=1778776591  daytime=yes
[2026-05-14 16:36:36.188] [8893742][I][main.cpp:162] task_watchdog_heartbeat(): [GHC] T1 tick 17720  uptime 8893 s
[2026-05-14 16:36:41.206] [8898760][I][main.cpp:162] task_watchdog_heartbeat(): [GHC] T1 tick 17730  uptime 8898 s
[2026-05-14 16:36:46.224] [8903778][I][main.cpp:162] task_watchdog_heartbeat(): [GHC] T1 tick 17740  uptime 8903 s
[2026-05-14 16:36:51.242] [8908796][I][main.cpp:162] task_watchdog_heartbeat(): [GHC] T1 tick 17750  uptime 8908 s
[2026-05-14 16:36:56.260] [8913814][I][main.cpp:162] task_watchdog_heartbeat(): [GHC] T1 tick 17760  uptime 8913 s
[2026-05-14 16:36:57.008] [8914561][I][sensor_poll.cpp:359] task_sensor_poll(): [T5_SEN] [T5] iter 291 — woke from 30 s delay
[2026-05-14 16:36:57.016] [8914570][I][sensor_poll.cpp:395] task_sensor_poll(): [T5_SEN] [T5] iter 291 — polling FG6485A
[2026-05-14 16:36:57.049] [8914603][I][sensor_poll.cpp:432] task_sensor_poll(): [T5_SEN] [T5] iter 291 — polling S200
[2026-05-14 16:36:57.591] [8915141][I][sensor_poll.cpp:535] task_sensor_poll(): [T5_SEN] [T5] T=24°C RH=39% ws=0.0 m/s wd=0° | avg T=24 RH=39 ws=0.0 wd=0° [win T=12 RH=20 W=12]
[2026-05-14 16:36:57.611] [8915154][I][climate_control.cpp:434] task_climate_control(): [T6_CLI] [T6] T_avg=24 t_max=28 hyst=5 → step_t=0 | RH_avg=39 rh_max=75 rh_min=50 hyst=12 rh_en=1 → step_rh=0 | resolved=0 (was cur_t=0 cur_rh=0)
[2026-05-14 16:37:01.278] [8918832][I][main.cpp:162] task_watchdog_heartbeat(): [GHC] T1 tick 17770  uptime 8918 s
[2026-05-14 16:37:06.296] [8923850][I][main.cpp:162] task_watchdog_heartbeat(): [GHC] T1 tick 17780  uptime 8923 s
[2026-05-14 16:37:11.314] [8928868][I][main.cpp:162] task_watchdog_heartbeat(): [GHC] T1 tick 17790  uptime 8928 s
[2026-05-14 16:37:16.332] [8933886][I][main.cpp:162] task_watchdog_heartbeat(): [GHC] T1 tick 17800  uptime 8933 s
[2026-05-14 16:37:21.350] [8938904][I][main.cpp:162] task_watchdog_heartbeat(): [GHC] T1 tick 17810  uptime 8938 s
[2026-05-14 16:37:26.368] [8943922][I][main.cpp:162] task_watchdog_heartbeat(): [GHC] T1 tick 17820  uptime 8943 s
[2026-05-14 16:37:27.602] [8945155][I][sensor_poll.cpp:359] task_sensor_poll(): [T5_SEN] [T5] iter 292 — woke from 30 s delay
[2026-05-14 16:37:27.610] [8945164][I][sensor_poll.cpp:395] task_sensor_poll(): [T5_SEN] [T5] iter 292 — polling FG6485A
[2026-05-14 16:37:27.643] [8945196][I][sensor_poll.cpp:432] task_sensor_poll(): [T5_SEN] [T5] iter 292 — polling S200
[2026-05-14 16:37:28.184] [8945734][I][sensor_poll.cpp:535] task_sensor_poll(): [T5_SEN] [T5] T=24°C RH=39% ws=0.0 m/s wd=0° | avg T=24 RH=39 ws=0.0 wd=0° [win T=12 RH=20 W=12]
[2026-05-14 16:37:28.204] [8945748][I][climate_control.cpp:434] task_climate_control(): [T6_CLI] [T6] T_avg=24 t_max=28 hyst=5 → step_t=0 | RH_avg=39 rh_max=75 rh_min=50 hyst=12 rh_en=1 → step_rh=0 | resolved=0 (was cur_t=0 cur_rh=0)
[2026-05-14 16:37:31.386] [8948940][I][main.cpp:162] task_watchdog_heartbeat(): [GHC] T1 tick 17830  uptime 8948 s
[2026-05-14 16:37:35.184] [8952735][I][data_manager.cpp:230] read_rtc_and_seed_clock(): [T4] RTC: 2026-05-14 16:37:31 UTC  unix=1778776651  daytime=yes
[2026-05-14 16:37:36.404] [8953958][I][main.cpp:162] task_watchdog_heartbeat(): [GHC] T1 tick 17840  uptime 8953 s
[2026-05-14 16:37:41.422] [8958976][I][main.cpp:162] task_watchdog_heartbeat(): [GHC] T1 tick 17850  uptime 8958 s
[2026-05-14 16:37:46.440] [8963994][I][main.cpp:162] task_watchdog_heartbeat(): [GHC] T1 tick 17860  uptime 8963 s
[2026-05-14 16:37:51.458] [8969012][I][main.cpp:162] task_watchdog_heartbeat(): [GHC] T1 tick 17870  uptime 8969 s
[2026-05-14 16:37:56.476] [8974030][I][main.cpp:162] task_watchdog_heartbeat(): [GHC] T1 tick 17880  uptime 8974 s
[2026-05-14 16:37:58.195] [8975748][I][sensor_poll.cpp:359] task_sensor_poll(): [T5_SEN] [T5] iter 293 — woke from 30 s delay
[2026-05-14 16:37:58.204] [8975757][I][sensor_poll.cpp:395] task_sensor_poll(): [T5_SEN] [T5] iter 293 — polling FG6485A
[2026-05-14 16:37:58.236] [8975789][I][sensor_poll.cpp:432] task_sensor_poll(): [T5_SEN] [T5] iter 293 — polling S200
[2026-05-14 16:37:58.778] [8976328][I][sensor_poll.cpp:535] task_sensor_poll(): [T5_SEN] [T5] T=24°C RH=39% ws=0.0 m/s wd=0° | avg T=24 RH=39 ws=0.0 wd=0° [win T=12 RH=20 W=12]
[2026-05-14 16:37:58.798] [8976341][I][climate_control.cpp:434] task_climate_control(): [T6_CLI] [T6] T_avg=24 t_max=28 hyst=5 → step_t=0 | RH_avg=39 rh_max=75 rh_min=50 hyst=12 rh_en=1 → step_rh=0 | resolved=0 (was cur_t=0 cur_rh=0)
[2026-05-14 16:38:01.494] [8979048][I][main.cpp:162] task_watchdog_heartbeat(): [GHC] T1 tick 17890  uptime 8979 s
[2026-05-14 16:38:06.512] [8984066][I][main.cpp:162] task_watchdog_heartbeat(): [GHC] T1 tick 17900  uptime 8984 s
[2026-05-14 16:38:11.530] [8989084][I][main.cpp:162] task_watchdog_heartbeat(): [GHC] T1 tick 17910  uptime 8989 s
[2026-05-14 16:38:16.548] [8994102][I][main.cpp:162] task_watchdog_heartbeat(): [GHC] T1 tick 17920  uptime 8994 s
[2026-05-14 16:38:21.566] [8999120][I][main.cpp:162] task_watchdog_heartbeat(): [GHC] T1 tick 17930  uptime 8999 s
[2026-05-14 16:38:26.584] [9004138][I][main.cpp:162] task_watchdog_heartbeat(): [GHC] T1 tick 17940  uptime 9004 s
[2026-05-14 16:38:28.789] [9006342][I][sensor_poll.cpp:359] task_sensor_poll(): [T5_SEN] [T5] iter 294 — woke from 30 s delay
[2026-05-14 16:38:28.798] [9006351][I][sensor_poll.cpp:395] task_sensor_poll(): [T5_SEN] [T5] iter 294 — polling FG6485A
[2026-05-14 16:38:28.830] [9006384][I][sensor_poll.cpp:432] task_sensor_poll(): [T5_SEN] [T5] iter 294 — polling S200
[2026-05-14 16:38:29.372] [9006922][I][sensor_poll.cpp:535] task_sensor_poll(): [T5_SEN] [T5] T=24°C RH=39% ws=0.0 m/s wd=0° | avg T=24 RH=39 ws=0.0 wd=0° [win T=12 RH=20 W=12]
[2026-05-14 16:38:29.392] [9006935][I][climate_control.cpp:434] task_climate_control(): [T6_CLI] [T6] T_avg=24 t_max=28 hyst=5 → step_t=0 | RH_avg=39 rh_max=75 rh_min=50 hyst=12 rh_en=1 → step_rh=0 | resolved=0 (was cur_t=0 cur_rh=0)
[2026-05-14 16:38:31.602] [9009156][I][main.cpp:162] task_watchdog_heartbeat(): [GHC] T1 tick 17950  uptime 9009 s
[2026-05-14 16:38:34.373] [9011923][I][data_manager.cpp:230] read_rtc_and_seed_clock(): [T4] RTC: 2026-05-14 16:38:30 UTC  unix=1778776710  daytime=yes
[2026-05-14 16:38:36.620] [9014174][I][main.cpp:162] task_watchdog_heartbeat(): [GHC] T1 tick 17960  uptime 9014 s
[2026-05-14 16:38:41.638] [9019192][I][main.cpp:162] task_watchdog_heartbeat(): [GHC] T1 tick 17970  uptime 9019 s
[2026-05-14 16:38:46.656] [9024210][I][main.cpp:162] task_watchdog_heartbeat(): [GHC] T1 tick 17980  uptime 9024 s
[2026-05-14 16:38:51.674] [9029228][I][main.cpp:162] task_watchdog_heartbeat(): [GHC] T1 tick 17990  uptime 9029 s
[2026-05-14 16:38:56.692] [9034246][I][main.cpp:162] task_watchdog_heartbeat(): [GHC] T1 tick 18000  uptime 9034 s
[2026-05-14 16:38:56.700] [9034254][I][main.cpp:247] task_watchdog_heartbeat(): [GHC] stack T1  hwm=2044 B
[2026-05-14 16:38:56.706] [9034262][I][main.cpp:247] task_watchdog_heartbeat(): [GHC] stack T2  hwm=6380 B
[2026-05-14 16:38:56.714] [9034269][I][main.cpp:247] task_watchdog_heartbeat(): [GHC] stack T3  hwm=1980 B
[2026-05-14 16:38:56.723] [9034276][I][main.cpp:247] task_watchdog_heartbeat(): [GHC] stack T4  hwm=3980 B
[2026-05-14 16:38:56.729] [9034284][I][main.cpp:247] task_watchdog_heartbeat(): [GHC] stack T5  hwm=4124 B
[2026-05-14 16:38:56.737] [9034291][I][main.cpp:247] task_watchdog_heartbeat(): [GHC] stack T6  hwm=1596 B
[2026-05-14 16:38:56.743] [9034298][I][main.cpp:247] task_watchdog_heartbeat(): [GHC] stack T7  hwm=2464 B
[2026-05-14 16:38:56.751] [9034306][I][main.cpp:247] task_watchdog_heartbeat(): [GHC] stack T8  hwm=5740 B
[2026-05-14 16:38:56.758] [9034313][I][main.cpp:247] task_watchdog_heartbeat(): [GHC] stack T9  hwm=2524 B
[2026-05-14 16:38:56.766] [9034321][I][main.cpp:247] task_watchdog_heartbeat(): [GHC] stack T10 hwm=5632 B
[2026-05-14 16:38:56.772] [9034328][I][main.cpp:247] task_watchdog_heartbeat(): [GHC] stack T11 hwm=5536 B
[2026-05-14 16:38:56.780] [9034336][I][main.cpp:247] task_watchdog_heartbeat(): [GHC] stack T12 hwm=7464 B
[2026-05-14 16:38:56.789] [9034343][I][main.cpp:247] task_watchdog_heartbeat(): [GHC] stack T14 hwm=6660 B
[2026-05-14 16:38:56.796] [9034350][I][main.cpp:247] task_watchdog_heartbeat(): [GHC] stack T15 hwm=2376 B
[2026-05-14 16:38:59.383] [9036936][I][sensor_poll.cpp:359] task_sensor_poll(): [T5_SEN] [T5] iter 295 — woke from 30 s delay
[2026-05-14 16:38:59.392] [9036945][I][sensor_poll.cpp:395] task_sensor_poll(): [T5_SEN] [T5] iter 295 — polling FG6485A
[2026-05-14 16:38:59.425] [9036978][I][sensor_poll.cpp:432] task_sensor_poll(): [T5_SEN] [T5] iter 295 — polling S200
[2026-05-14 16:38:59.967] [9037516][I][sensor_poll.cpp:535] task_sensor_poll(): [T5_SEN] [T5] T=24°C RH=39% ws=0.0 m/s wd=0° | avg T=24 RH=39 ws=0.0 wd=0° [win T=12 RH=20 W=12]
[2026-05-14 16:38:59.987] [9037529][I][climate_control.cpp:434] task_climate_control(): [T6_CLI] [T6] T_avg=24 t_max=28 hyst=5 → step_t=0 | RH_avg=39 rh_max=75 rh_min=50 hyst=12 rh_en=1 → step_rh=0 | resolved=0 (was cur_t=0 cur_rh=0)
[2026-05-14 16:39:01.813] [9039367][I][main.cpp:162] task_watchdog_heartbeat(): [GHC] T1 tick 18010  uptime 9039 s
[2026-05-14 16:39:06.831] [9044385][I][main.cpp:162] task_watchdog_heartbeat(): [GHC] T1 tick 18020  uptime 9044 s
[2026-05-14 16:39:11.849] [9049403][I][main.cpp:162] task_watchdog_heartbeat(): [GHC] T1 tick 18030  uptime 9049 s
[2026-05-14 16:39:16.867] [9054421][I][main.cpp:162] task_watchdog_heartbeat(): [GHC] T1 tick 18040  uptime 9054 s
[2026-05-14 16:39:21.886] [9059439][I][main.cpp:162] task_watchdog_heartbeat(): [GHC] T1 tick 18050  uptime 9059 s
[2026-05-14 16:39:26.904] [9064457][I][main.cpp:162] task_watchdog_heartbeat(): [GHC] T1 tick 18060  uptime 9064 s
[2026-05-14 16:39:29.978] [9067530][I][sensor_poll.cpp:359] task_sensor_poll(): [T5_SEN] [T5] iter 296 — woke from 30 s delay
[2026-05-14 16:39:29.986] [9067539][I][sensor_poll.cpp:395] task_sensor_poll(): [T5_SEN] [T5] iter 296 — polling FG6485A
[2026-05-14 16:39:30.018] [9067571][I][sensor_poll.cpp:432] task_sensor_poll(): [T5_SEN] [T5] iter 296 — polling S200
[2026-05-14 16:39:30.559] [9068109][I][sensor_poll.cpp:535] task_sensor_poll(): [T5_SEN] [T5] T=24°C RH=39% ws=0.0 m/s wd=0° | avg T=24 RH=39 ws=0.0 wd=0° [win T=12 RH=20 W=12]
[2026-05-14 16:39:30.579] [9068122][I][climate_control.cpp:434] task_climate_control(): [T6_CLI] [T6] T_avg=24 t_max=28 hyst=5 → step_t=0 | RH_avg=39 rh_max=75 rh_min=50 hyst=12 rh_en=1 → step_rh=0 | resolved=0 (was cur_t=0 cur_rh=0)
[2026-05-14 16:39:31.922] [9069475][I][main.cpp:162] task_watchdog_heartbeat(): [GHC] T1 tick 18070  uptime 9069 s
[2026-05-14 16:39:33.560] [9071110][I][data_manager.cpp:230] read_rtc_and_seed_clock(): [T4] RTC: 2026-05-14 16:39:29 UTC  unix=1778776769  daytime=yes
[2026-05-14 16:39:36.940] [9074493][I][main.cpp:162] task_watchdog_heartbeat(): [GHC] T1 tick 18080  uptime 9074 s
[2026-05-14 16:39:41.958] [9079511][I][main.cpp:162] task_watchdog_heartbeat(): [GHC] T1 tick 18090  uptime 9079 s
[2026-05-14 16:39:46.976] [9084529][I][main.cpp:162] task_watchdog_heartbeat(): [GHC] T1 tick 18100  uptime 9084 s
[2026-05-14 16:39:51.994] [9089547][I][main.cpp:162] task_watchdog_heartbeat(): [GHC] T1 tick 18110  uptime 9089 s
[2026-05-14 16:39:57.012] [9094565][I][main.cpp:162] task_watchdog_heartbeat(): [GHC] T1 tick 18120  uptime 9094 s
[2026-05-14 16:40:00.571] [9098123][I][sensor_poll.cpp:359] task_sensor_poll(): [T5_SEN] [T5] iter 297 — woke from 30 s delay
[2026-05-14 16:40:00.579] [9098132][I][sensor_poll.cpp:395] task_sensor_poll(): [T5_SEN] [T5] iter 297 — polling FG6485A
[2026-05-14 16:40:00.612] [9098164][I][sensor_poll.cpp:432] task_sensor_poll(): [T5_SEN] [T5] iter 297 — polling S200
[2026-05-14 16:40:01.154] [9098703][I][sensor_poll.cpp:535] task_sensor_poll(): [T5_SEN] [T5] T=24°C RH=39% ws=0.0 m/s wd=0° | avg T=24 RH=39 ws=0.0 wd=0° [win T=12 RH=20 W=12]
[2026-05-14 16:40:01.174] [9098717][I][climate_control.cpp:434] task_climate_control(): [T6_CLI] [T6] T_avg=24 t_max=28 hyst=5 → step_t=0 | RH_avg=39 rh_max=75 rh_min=50 hyst=12 rh_en=1 → step_rh=0 | resolved=0 (was cur_t=0 cur_rh=0)
[2026-05-14 16:40:02.030] [9099583][I][main.cpp:162] task_watchdog_heartbeat(): [GHC] T1 tick 18130  uptime 9099 s
[2026-05-14 16:40:07.047] [9104601][I][main.cpp:162] task_watchdog_heartbeat(): [GHC] T1 tick 18140  uptime 9104 s
[2026-05-14 16:40:12.066] [9109619][I][main.cpp:162] task_watchdog_heartbeat(): [GHC] T1 tick 18150  uptime 9109 s
[2026-05-14 16:40:17.084] [9114637][I][main.cpp:162] task_watchdog_heartbeat(): [GHC] T1 tick 18160  uptime 9114 s
[2026-05-14 16:40:22.102] [9119655][I][main.cpp:162] task_watchdog_heartbeat(): [GHC] T1 tick 18170  uptime 9119 s
[2026-05-14 16:40:27.120] [9124673][I][main.cpp:162] task_watchdog_heartbeat(): [GHC] T1 tick 18180  uptime 9124 s
[2026-05-14 16:40:31.165] [9128717][I][sensor_poll.cpp:359] task_sensor_poll(): [T5_SEN] [T5] iter 298 — woke from 30 s delay
[2026-05-14 16:40:31.173] [9128726][I][sensor_poll.cpp:395] task_sensor_poll(): [T5_SEN] [T5] iter 298 — polling FG6485A
[2026-05-14 16:40:31.206] [9128758][I][sensor_poll.cpp:432] task_sensor_poll(): [T5_SEN] [T5] iter 298 — polling S200
[2026-05-14 16:40:31.748] [9129297][I][sensor_poll.cpp:535] task_sensor_poll(): [T5_SEN] [T5] T=24°C RH=39% ws=0.0 m/s wd=0° | avg T=24 RH=39 ws=0.0 wd=0° [win T=12 RH=20 W=12]
[2026-05-14 16:40:31.768] [9129311][I][climate_control.cpp:434] task_climate_control(): [T6_CLI] [T6] T_avg=24 t_max=28 hyst=5 → step_t=0 | RH_avg=39 rh_max=75 rh_min=50 hyst=12 rh_en=1 → step_rh=0 | resolved=0 (was cur_t=0 cur_rh=0)
[2026-05-14 16:40:32.138] [9129691][I][main.cpp:162] task_watchdog_heartbeat(): [GHC] T1 tick 18190  uptime 9129 s
[2026-05-14 16:40:32.748] [9130298][I][data_manager.cpp:230] read_rtc_and_seed_clock(): [T4] RTC: 2026-05-14 16:40:28 UTC  unix=1778776828  daytime=yes
[2026-05-14 16:40:37.156] [9134709][I][main.cpp:162] task_watchdog_heartbeat(): [GHC] T1 tick 18200  uptime 9134 s
[2026-05-14 16:40:42.174] [9139727][I][main.cpp:162] task_watchdog_heartbeat(): [GHC] T1 tick 18210  uptime 9139 s
[2026-05-14 16:40:47.192] [9144745][I][main.cpp:162] task_watchdog_heartbeat(): [GHC] T1 tick 18220  uptime 9144 s
[2026-05-14 16:40:52.210] [9149763][I][main.cpp:162] task_watchdog_heartbeat(): [GHC] T1 tick 18230  uptime 9149 s
[2026-05-14 16:40:57.228] [9154781][I][main.cpp:162] task_watchdog_heartbeat(): [GHC] T1 tick 18240  uptime 9154 s
[2026-05-14 16:41:01.759] [9159311][I][sensor_poll.cpp:359] task_sensor_poll(): [T5_SEN] [T5] iter 299 — woke from 30 s delay
[2026-05-14 16:41:01.767] [9159320][I][sensor_poll.cpp:395] task_sensor_poll(): [T5_SEN] [T5] iter 299 — polling FG6485A
[2026-05-14 16:41:01.800] [9159353][I][sensor_poll.cpp:432] task_sensor_poll(): [T5_SEN] [T5] iter 299 — polling S200
[2026-05-14 16:41:02.246] [9159799][I][main.cpp:162] task_watchdog_heartbeat(): [GHC] T1 tick 18250  uptime 9159 s
[2026-05-14 16:41:02.342] [9159891][I][sensor_poll.cpp:535] task_sensor_poll(): [T5_SEN] [T5] T=24°C RH=39% ws=0.0 m/s wd=0° | avg T=24 RH=39 ws=0.0 wd=0° [win T=12 RH=20 W=12]
[2026-05-14 16:41:02.362] [9159904][I][climate_control.cpp:434] task_climate_control(): [T6_CLI] [T6] T_avg=24 t_max=28 hyst=5 → step_t=0 | RH_avg=39 rh_max=75 rh_min=50 hyst=12 rh_en=1 → step_rh=0 | resolved=0 (was cur_t=0 cur_rh=0)
[2026-05-14 16:41:07.264] [9164817][I][main.cpp:162] task_watchdog_heartbeat(): [GHC] T1 tick 18260  uptime 9164 s
[2026-05-14 16:41:12.282] [9169835][I][main.cpp:162] task_watchdog_heartbeat(): [GHC] T1 tick 18270  uptime 9169 s
[2026-05-14 16:41:17.300] [9174853][I][main.cpp:162] task_watchdog_heartbeat(): [GHC] T1 tick 18280  uptime 9174 s
[2026-05-14 16:41:22.318] [9179871][I][main.cpp:162] task_watchdog_heartbeat(): [GHC] T1 tick 18290  uptime 9179 s
[2026-05-14 16:41:27.336] [9184889][I][main.cpp:162] task_watchdog_heartbeat(): [GHC] T1 tick 18300  uptime 9184 s
[2026-05-14 16:41:32.347] [9189899][I][data_manager.cpp:230] read_rtc_and_seed_clock(): [T4] RTC: 2026-05-14 16:41:28 UTC  unix=1778776888  daytime=yes
[2026-05-14 16:41:32.365] [9189906][I][sensor_poll.cpp:359] task_sensor_poll(): [T5_SEN] [T5] iter 300 — woke from 30[9189907][I][main.cpp:162] task_watchdog_heartbeat(): [GHC] T1 tick 18310  uptime 9189 s
[2026-05-14 16:41:32.365]  s delay
[2026-05-14 16:41:32.375] [9189927][I][sensor_poll.cpp:395] task_sensor_poll(): [T5_SEN] [T5] iter 300 — polling FG6485A
[2026-05-14 16:41:32.408] [9189960][I][sensor_poll.cpp:432] task_sensor_poll(): [T5_SEN] [T5] iter 300 — polling S200
[2026-05-14 16:41:32.949] [9190498][I][sensor_poll.cpp:535] task_sensor_poll(): [T5_SEN] [T5] T=24°C RH=39% ws=0.0 m/s wd=0° | avg T=24 RH=39 ws=0.0 wd=0° [win T=12 RH=20 W=12]
[2026-05-14 16:41:32.969] [9190512][I][climate_control.cpp:434] task_climate_control(): [T6_CLI] [T6] T_avg=24 t_max=28 hyst=5 → step_t=0 | RH_avg=39 rh_max=75 rh_min=50 hyst=12 rh_en=1 → step_rh=0 | resolved=0 (was cur_t=0 cur_rh=0)
[2026-05-14 16:41:37.383] [9194936][I][main.cpp:162] task_watchdog_heartbeat(): [GHC] T1 tick 18320  uptime 9194 s
[2026-05-14 16:41:42.401] [9199954][I][main.cpp:162] task_watchdog_heartbeat(): [GHC] T1 tick 18330  uptime 9199 s
[2026-05-14 16:41:47.419] [9204972][I][main.cpp:162] task_watchdog_heartbeat(): [GHC] T1 tick 18340  uptime 9204 s
[2026-05-14 16:41:52.437] [9209990][I][main.cpp:162] task_watchdog_heartbeat(): [GHC] T1 tick 18350  uptime 9209 s
[2026-05-14 16:41:57.455] [9215008][I][main.cpp:162] task_watchdog_heartbeat(): [GHC] T1 tick 18360  uptime 9215 s
[2026-05-14 16:42:02.473] [9220026][I][main.cpp:162] task_watchdog_heartbeat(): [GHC] T1 tick 18370  uptime 9220 s
[2026-05-14 16:42:02.960] [9220512][I][sensor_poll.cpp:359] task_sensor_poll(): [T5_SEN] [T5] iter 301 — woke from 30 s delay
[2026-05-14 16:42:02.969] [9220521][I][sensor_poll.cpp:395] task_sensor_poll(): [T5_SEN] [T5] iter 301 — polling FG6485A
[2026-05-14 16:42:03.001] [9220553][I][sensor_poll.cpp:432] task_sensor_poll(): [T5_SEN] [T5] iter 301 — polling S200
[2026-05-14 16:42:03.543] [9221092][I][sensor_poll.cpp:535] task_sensor_poll(): [T5_SEN] [T5] T=24°C RH=39% ws=0.0 m/s wd=0° | avg T=24 RH=39 ws=0.0 wd=0° [win T=12 RH=20 W=12]
[2026-05-14 16:42:03.563] [9221105][I][climate_control.cpp:434] task_climate_control(): [T6_CLI] [T6] T_avg=24 t_max=28 hyst=5 → step_t=0 | RH_avg=39 rh_max=75 rh_min=50 hyst=12 rh_en=1 → step_rh=0 | resolved=0 (was cur_t=0 cur_rh=0)
[2026-05-14 16:42:07.491] [9225044][I][main.cpp:162] task_watchdog_heartbeat(): [GHC] T1 tick 18380  uptime 9225 s
[2026-05-14 16:42:12.509] [9230062][I][main.cpp:162] task_watchdog_heartbeat(): [GHC] T1 tick 18390  uptime 9230 s
[2026-05-14 16:42:17.527] [9235080][I][main.cpp:162] task_watchdog_heartbeat(): [GHC] T1 tick 18400  uptime 9235 s
[2026-05-14 16:42:22.545] [9240098][I][main.cpp:162] task_watchdog_heartbeat(): [GHC] T1 tick 18410  uptime 9240 s
[2026-05-14 16:42:27.563] [9245116][I][main.cpp:162] task_watchdog_heartbeat(): [GHC] T1 tick 18420  uptime 9245 s
[2026-05-14 16:42:31.545] [9249094][I][data_manager.cpp:230] read_rtc_and_seed_clock(): [T4] RTC: 2026-05-14 16:42:27 UTC  unix=1778776947  daytime=yes
[2026-05-14 16:42:32.581] [9250134][I][main.cpp:162] task_watchdog_heartbeat(): [GHC] T1 tick 18430  uptime 9250 s
[2026-05-14 16:42:33.555] [9251106][I][sensor_poll.cpp:359] task_sensor_poll(): [T5_SEN] [T5] iter 302 — woke from 30 s delay
[2026-05-14 16:42:33.563] [9251115][I][sensor_poll.cpp:395] task_sensor_poll(): [T5_SEN] [T5] iter 302 — polling FG6485A
[2026-05-14 16:42:33.596] [9251148][I][sensor_poll.cpp:432] task_sensor_poll(): [T5_SEN] [T5] iter 302 — polling S200
[2026-05-14 16:42:34.138] [9251686][I][sensor_poll.cpp:535] task_sensor_poll(): [T5_SEN] [T5] T=24°C RH=39% ws=0.0 m/s wd=0° | avg T=24 RH=39 ws=0.0 wd=0° [win T=12 RH=20 W=12]
[2026-05-14 16:42:34.158] [9251700][I][climate_control.cpp:434] task_climate_control(): [T6_CLI] [T6] T_avg=24 t_max=28 hyst=5 → step_t=0 | RH_avg=39 rh_max=75 rh_min=50 hyst=12 rh_en=1 → step_rh=0 | resolved=0 (was cur_t=0 cur_rh=0)
[2026-05-14 16:42:37.600] [9255152][I][main.cpp:162] task_watchdog_heartbeat(): [GHC] T1 tick 18440  uptime 9255 s
[2026-05-14 16:42:42.618] [9260170][I][main.cpp:162] task_watchdog_heartbeat(): [GHC] T1 tick 18450  uptime 9260 s
[2026-05-14 16:42:47.636] [9265188][I][main.cpp:162] task_watchdog_heartbeat(): [GHC] T1 tick 18460  uptime 9265 s
[2026-05-14 16:42:52.654] [9270206][I][main.cpp:162] task_watchdog_heartbeat(): [GHC] T1 tick 18470  uptime 9270 s
[2026-05-14 16:42:57.672] [9275224][I][main.cpp:162] task_watchdog_heartbeat(): [GHC] T1 tick 18480  uptime 9275 s
[2026-05-14 16:43:02.690] [9280242][I][main.cpp:162] task_watchdog_heartbeat(): [GHC] T1 tick 18490  uptime 9280 s
[2026-05-14 16:43:04.149] [9281700][I][sensor_poll.cpp:359] task_sensor_poll(): [T5_SEN] [T5] iter 303 — woke from 30 s delay
[2026-05-14 16:43:04.157] [9281709][I][sensor_poll.cpp:395] task_sensor_poll(): [T5_SEN] [T5] iter 303 — polling FG6485A
[2026-05-14 16:43:04.190] [9281742][I][sensor_poll.cpp:432] task_sensor_poll(): [T5_SEN] [T5] iter 303 — polling S200
[2026-05-14 16:43:04.732] [9282280][I][sensor_poll.cpp:535] task_sensor_poll(): [T5_SEN] [T5] T=24°C RH=39% ws=0.0 m/s wd=0° | avg T=24 RH=39 ws=0.0 wd=0° [win T=12 RH=20 W=12]
[2026-05-14 16:43:04.752] [9282294][I][climate_control.cpp:434] task_climate_control(): [T6_CLI] [T6] T_avg=24 t_max=28 hyst=5 → step_t=0 | RH_avg=39 rh_max=75 rh_min=50 hyst=12 rh_en=1 → step_rh=0 | resolved=0 (was cur_t=0 cur_rh=0)
[2026-05-14 16:43:07.708] [9285260][I][main.cpp:162] task_watchdog_heartbeat(): [GHC] T1 tick 18500  uptime 9285 s
[2026-05-14 16:43:12.726] [9290278][I][main.cpp:162] task_watchdog_heartbeat(): [GHC] T1 tick 18510  uptime 9290 s
[2026-05-14 16:43:17.744] [9295296][I][main.cpp:162] task_watchdog_heartbeat(): [GHC] T1 tick 18520  uptime 9295 s
[2026-05-14 16:43:22.762] [9300314][I][main.cpp:162] task_watchdog_heartbeat(): [GHC] T1 tick 18530  uptime 9300 s
[2026-05-14 16:43:27.780] [9305332][I][main.cpp:162] task_watchdog_heartbeat(): [GHC] T1 tick 18540  uptime 9305 s
[2026-05-14 16:43:30.739] [9308288][I][data_manager.cpp:230] read_rtc_and_seed_clock(): [T4] RTC: 2026-05-14 16:43:26 UTC  unix=1778777006  daytime=yes
[2026-05-14 16:43:32.798] [9310350][I][main.cpp:162] task_watchdog_heartbeat(): [GHC] T1 tick 18550  uptime 9310 s
[2026-05-14 16:43:34.743] [9312294][I][sensor_poll.cpp:359] task_sensor_poll(): [T5_SEN] [T5] iter 304 — woke from 30 s delay
[2026-05-14 16:43:34.751] [9312303][I][sensor_poll.cpp:395] task_sensor_poll(): [T5_SEN] [T5] iter 304 — polling FG6485A
[2026-05-14 16:43:34.783] [9312335][I][sensor_poll.cpp:432] task_sensor_poll(): [T5_SEN] [T5] iter 304 — polling S200
[2026-05-14 16:43:35.325] [9312873][I][sensor_poll.cpp:535] task_sensor_poll(): [T5_SEN] [T5] T=24°C RH=39% ws=0.0 m/s wd=0° | avg T=24 RH=39 ws=0.0 wd=0° [win T=12 RH=20 W=12]
[2026-05-14 16:43:35.345] [9312886][I][climate_control.cpp:434] task_climate_control(): [T6_CLI] [T6] T_avg=24 t_max=28 hyst=5 → step_t=0 | RH_avg=39 rh_max=75 rh_min=50 hyst=12 rh_en=1 → step_rh=0 | resolved=0 (was cur_t=0 cur_rh=0)
[2026-05-14 16:43:37.816] [9315368][I][main.cpp:162] task_watchdog_heartbeat(): [GHC] T1 tick 18560  uptime 9315 s
[2026-05-14 16:43:42.834] [9320386][I][main.cpp:162] task_watchdog_heartbeat(): [GHC] T1 tick 18570  uptime 9320 s
[2026-05-14 16:43:47.852] [9325404][I][main.cpp:162] task_watchdog_heartbeat(): [GHC] T1 tick 18580  uptime 9325 s
[2026-05-14 16:43:52.870] [9330422][I][main.cpp:162] task_watchdog_heartbeat(): [GHC] T1 tick 18590  uptime 9330 s
[2026-05-14 16:43:57.888] [9335440][I][main.cpp:162] task_watchdog_heartbeat(): [GHC] T1 tick 18600  uptime 9335 s
[2026-05-14 16:44:02.906] [9340458][I][main.cpp:162] task_watchdog_heartbeat(): [GHC] T1 tick 18610  uptime 9340 s
[2026-05-14 16:44:05.336] [9342887][I][sensor_poll.cpp:359] task_sensor_poll(): [T5_SEN] [T5] iter 305 — woke from 30 s delay
[2026-05-14 16:44:05.344] [9342896][I][sensor_poll.cpp:395] task_sensor_poll(): [T5_SEN] [T5] iter 305 — polling FG6485A
[2026-05-14 16:44:05.377] [9342928][I][sensor_poll.cpp:432] task_sensor_poll(): [T5_SEN] [T5] iter 305 — polling S200
[2026-05-14 16:44:05.919] [9343467][I][sensor_poll.cpp:535] task_sensor_poll(): [T5_SEN] [T5] T=24°C RH=39% ws=0.0 m/s wd=0° | avg T=24 RH=39 ws=0.0 wd=0° [win T=12 RH=20 W=12]
[2026-05-14 16:44:05.939] [9343481][I][climate_control.cpp:434] task_climate_control(): [T6_CLI] [T6] T_avg=24 t_max=28 hyst=5 → step_t=0 | RH_avg=39 rh_max=75 rh_min=50 hyst=12 rh_en=1 → step_rh=0 | resolved=0 (was cur_t=0 cur_rh=0)
[2026-05-14 16:44:07.924] [9345476][I][main.cpp:162] task_watchdog_heartbeat(): [GHC] T1 tick 18620  uptime 9345 s
[2026-05-14 16:44:12.942] [9350494][I][main.cpp:162] task_watchdog_heartbeat(): [GHC] T1 tick 18630  uptime 9350 s
[2026-05-14 16:44:17.960] [9355512][I][main.cpp:162] task_watchdog_heartbeat(): [GHC] T1 tick 18640  uptime 9355 s
[2026-05-14 16:44:22.978] [9360530][I][main.cpp:162] task_watchdog_heartbeat(): [GHC] T1 tick 18650  uptime 9360 s
[2026-05-14 16:44:27.996] [9365548][I][main.cpp:162] task_watchdog_heartbeat(): [GHC] T1 tick 18660  uptime 9365 s
[2026-05-14 16:44:29.919] [9367468][I][data_manager.cpp:230] read_rtc_and_seed_clock(): [T4] RTC: 2026-05-14 16:44:25 UTC  unix=1778777065  daytime=yes
[2026-05-14 16:44:33.014] [9370566][I][main.cpp:162] task_watchdog_heartbeat(): [GHC] T1 tick 18670  uptime 9370 s
[2026-05-14 16:44:35.930] [9373481][I][sensor_poll.cpp:359] task_sensor_poll(): [T5_SEN] [T5] iter 306 — woke from 30 s delay
[2026-05-14 16:44:35.939] [9373490][I][sensor_poll.cpp:395] task_sensor_poll(): [T5_SEN] [T5] iter 306 — polling FG6485A
[2026-05-14 16:44:35.971] [9373523][I][sensor_poll.cpp:432] task_sensor_poll(): [T5_SEN] [T5] iter 306 — polling S200
[2026-05-14 16:44:36.513] [9374061][I][sensor_poll.cpp:535] task_sensor_poll(): [T5_SEN] [T5] T=24°C RH=39% ws=0.0 m/s wd=0° | avg T=24 RH=39 ws=0.0 wd=0° [win T=12 RH=20 W=12]
[2026-05-14 16:44:36.533] [9374075][I][climate_control.cpp:434] task_climate_control(): [T6_CLI] [T6] T_avg=24 t_max=28 hyst=5 → step_t=0 | RH_avg=39 rh_max=75 rh_min=50 hyst=12 rh_en=1 → step_rh=0 | resolved=0 (was cur_t=0 cur_rh=0)
[2026-05-14 16:44:38.032] [9375584][I][main.cpp:162] task_watchdog_heartbeat(): [GHC] T1 tick 18680  uptime 9375 s
[2026-05-14 16:44:43.050] [9380602][I][main.cpp:162] task_watchdog_heartbeat(): [GHC] T1 tick 18690  uptime 9380 s
[2026-05-14 16:44:48.068] [9385620][I][main.cpp:162] task_watchdog_heartbeat(): [GHC] T1 tick 18700  uptime 9385 s
[2026-05-14 16:44:53.086] [9390638][I][main.cpp:162] task_watchdog_heartbeat(): [GHC] T1 tick 18710  uptime 9390 s
[2026-05-14 16:44:58.104] [9395656][I][main.cpp:162] task_watchdog_heartbeat(): [GHC] T1 tick 18720  uptime 9395 s
[2026-05-14 16:45:03.121] [9400673][I][main.cpp:162] task_watchdog_heartbeat(): [GHC] T1 tick 18730  uptime 9400 s
[2026-05-14 16:45:06.524] [9404075][I][sensor_poll.cpp:359] task_sensor_poll(): [T5_SEN] [T5] iter 307 — woke from 30 s delay
[2026-05-14 16:45:06.533] [9404084][I][sensor_poll.cpp:395] task_sensor_poll(): [T5_SEN] [T5] iter 307 — polling FG6485A
[2026-05-14 16:45:06.566] [9404117][I][sensor_poll.cpp:432] task_sensor_poll(): [T5_SEN] [T5] iter 307 — polling S200
[2026-05-14 16:45:07.107] [9404655][I][sensor_poll.cpp:535] task_sensor_poll(): [T5_SEN] [T5] T=24°C RH=39% ws=0.0 m/s wd=0° | avg T=24 RH=39 ws=0.0 wd=0° [win T=12 RH=20 W=12]
[2026-05-14 16:45:07.127] [9404669][I][climate_control.cpp:434] task_climate_control(): [T6_CLI] [T6] T_avg=24 t_max=28 hyst=5 → step_t=0 | RH_avg=39 rh_max=75 rh_min=50 hyst=12 rh_en=1 → step_rh=0 | resolved=0 (was cur_t=0 cur_rh=0)
[2026-05-14 16:45:08.138] [9405690][I][main.cpp:162] task_watchdog_heartbeat(): [GHC] T1 tick 18740  uptime 9405 s
[2026-05-14 16:45:13.156] [9410708][I][main.cpp:162] task_watchdog_heartbeat(): [GHC] T1 tick 18750  uptime 9410 s
[2026-05-14 16:45:18.174] [9415726][I][main.cpp:162] task_watchdog_heartbeat(): [GHC] T1 tick 18760  uptime 9415 s
[2026-05-14 16:45:23.192] [9420744][I][main.cpp:162] task_watchdog_heartbeat(): [GHC] T1 tick 18770  uptime 9420 s
[2026-05-14 16:45:28.210] [9425762][I][main.cpp:162] task_watchdog_heartbeat(): [GHC] T1 tick 18780  uptime 9425 s
[2026-05-14 16:45:29.108] [9426656][I][data_manager.cpp:230] read_rtc_and_seed_clock(): [T4] RTC: 2026-05-14 16:45:25 UTC  unix=1778777125  daytime=yes
[2026-05-14 16:45:33.229] [9430780][I][main.cpp:162] task_watchdog_heartbeat(): [GHC] T1 tick 18790  uptime 9430 s
[2026-05-14 16:45:37.119] [9434669][I][sensor_poll.cpp:359] task_sensor_poll(): [T5_SEN] [T5] iter 308 — woke from 30 s delay
[2026-05-14 16:45:37.127] [9434678][I][sensor_poll.cpp:395] task_sensor_poll(): [T5_SEN] [T5] iter 308 — polling FG6485A
[2026-05-14 16:45:37.159] [9434710][I][sensor_poll.cpp:432] task_sensor_poll(): [T5_SEN] [T5] iter 308 — polling S200
[2026-05-14 16:45:37.701] [9435248][I][sensor_poll.cpp:535] task_sensor_poll(): [T5_SEN] [T5] T=24°C RH=39% ws=0.0 m/s wd=0° | avg T=24 RH=39 ws=0.0 wd=0° [win T=12 RH=20 W=12]
[2026-05-14 16:45:37.721] [9435262][I][climate_control.cpp:434] task_climate_control(): [T6_CLI] [T6] T_avg=24 t_max=28 hyst=5 → step_t=0 | RH_avg=39 rh_max=75 rh_min=50 hyst=12 rh_en=1 → step_rh=0 | resolved=0 (was cur_t=0 cur_rh=0)
[2026-05-14 16:45:38.247] [9435798][I][main.cpp:162] task_watchdog_heartbeat(): [GHC] T1 tick 18800  uptime 9435 s
[2026-05-14 16:45:43.264] [9440816][I][main.cpp:162] task_watchdog_heartbeat(): [GHC] T1 tick 18810  uptime 9440 s
[2026-05-14 16:45:48.283] [9445834][I][main.cpp:162] task_watchdog_heartbeat(): [GHC] T1 tick 18820  uptime 9445 s
[2026-05-14 16:45:53.301] [9450852][I][main.cpp:162] task_watchdog_heartbeat(): [GHC] T1 tick 18830  uptime 9450 s
[2026-05-14 16:45:58.319] [9455870][I][main.cpp:162] task_watchdog_heartbeat(): [GHC] T1 tick 18840  uptime 9455 s
[2026-05-14 16:46:03.337] [9460888][I][main.cpp:162] task_watchdog_heartbeat(): [GHC] T1 tick 18850  uptime 9460 s
[2026-05-14 16:46:07.712] [9465262][I][sensor_poll.cpp:359] task_sensor_poll(): [T5_SEN] [T5] iter 309 — woke from 30 s delay
[2026-05-14 16:46:07.720] [9465271][I][sensor_poll.cpp:395] task_sensor_poll(): [T5_SEN] [T5] iter 309 — polling FG6485A
[2026-05-14 16:46:07.753] [9465303][I][sensor_poll.cpp:432] task_sensor_poll(): [T5_SEN] [T5] iter 309 — polling S200
[2026-05-14 16:46:08.295] [9465842][I][sensor_poll.cpp:535] task_sensor_poll(): [T5_SEN] [T5] T=24°C RH=39% ws=0.0 m/s wd=0° | avg T=24 RH=39 ws=0.0 wd=0° [win T=12 RH=20 W=12]
[2026-05-14 16:46:08.315] [9465855][I][climate_control.cpp:434] task_climate_control(): [T6_CLI] [T6] T_avg=24 t_max=28 hyst=5 → step_t=0 | RH_avg=39 rh_max=75 rh_min=50 hyst=12 rh_en=1 → step_rh=0 | resolved=0 (was cur_t=0 cur_rh=0)
[2026-05-14 16:46:08.355] [9465906][I][main.cpp:162] task_watchdog_heartbeat(): [GHC] T1 tick 18860  uptime 9465 s
[2026-05-14 16:46:13.373] [9470924][I][main.cpp:162] task_watchdog_heartbeat(): [GHC] T1 tick 18870  uptime 9470 s
[2026-05-14 16:46:18.391] [9475942][I][main.cpp:162] task_watchdog_heartbeat(): [GHC] T1 tick 18880  uptime 9475 s
[2026-05-14 16:46:23.409] [9480960][I][main.cpp:162] task_watchdog_heartbeat(): [GHC] T1 tick 18890  uptime 9480 s
[2026-05-14 16:46:28.295] [9485843][I][data_manager.cpp:230] read_rtc_and_seed_clock(): [T4] RTC: 2026-05-14 16:46:24 UTC  unix=1778777184  daytime=yes
[2026-05-14 16:46:28.427] [9485978][I][main.cpp:162] task_watchdog_heartbeat(): [GHC] T1 tick 18900  uptime 9485 s
[2026-05-14 16:46:33.445] [9490996][I][main.cpp:162] task_watchdog_heartbeat(): [GHC] T1 tick 18910  uptime 9490 s
[2026-05-14 16:46:38.306] [9495856][I][sensor_poll.cpp:359] task_sensor_poll(): [T5_SEN] [T5] iter 310 — woke from 30 s delay
[2026-05-14 16:46:38.314] [9495865][I][sensor_poll.cpp:395] task_sensor_poll(): [T5_SEN] [T5] iter 310 — polling FG6485A
[2026-05-14 16:46:38.347] [9495898][I][sensor_poll.cpp:432] task_sensor_poll(): [T5_SEN] [T5] iter 310 — polling S200
[2026-05-14 16:46:38.463] [9496014][I][main.cpp:162] task_watchdog_heartbeat(): [GHC] T1 tick 18920  uptime 9496 s
[2026-05-14 16:46:38.889] [9496436][I][sensor_poll.cpp:535] task_sensor_poll(): [T5_SEN] [T5] T=24°C RH=39% ws=0.0 m/s wd=0° | avg T=24 RH=39 ws=0.0 wd=0° [win T=12 RH=20 W=12]
[2026-05-14 16:46:38.909] [9496450][I][climate_control.cpp:434] task_climate_control(): [T6_CLI] [T6] T_avg=24 t_max=28 hyst=5 → step_t=0 | RH_avg=39 rh_max=75 rh_min=50 hyst=12 rh_en=1 → step_rh=0 | resolved=0 (was cur_t=0 cur_rh=0)
[2026-05-14 16:46:43.481] [9501032][I][main.cpp:162] task_watchdog_heartbeat(): [GHC] T1 tick 18930  uptime 9501 s
[2026-05-14 16:46:48.499] [9506050][I][main.cpp:162] task_watchdog_heartbeat(): [GHC] T1 tick 18940  uptime 9506 s
[2026-05-14 16:46:53.517] [9511068][I][main.cpp:162] task_watchdog_heartbeat(): [GHC] T1 tick 18950  uptime 9511 s
[2026-05-14 16:46:58.535] [9516086][I][main.cpp:162] task_watchdog_heartbeat(): [GHC] T1 tick 18960  uptime 9516 s
[2026-05-14 16:47:03.553] [9521104][I][main.cpp:162] task_watchdog_heartbeat(): [GHC] T1 tick 18970  uptime 9521 s
[2026-05-14 16:47:08.571] [9526122][I][main.cpp:162] task_watchdog_heartbeat(): [GHC] T1 tick 18980  uptime 9526 s
[2026-05-14 16:47:08.900] [9526450][I][sensor_poll.cpp:359] task_sensor_poll(): [T5_SEN] [T5] iter 311 — woke from 30 s delay
[2026-05-14 16:47:08.908] [9526459][I][sensor_poll.cpp:395] task_sensor_poll(): [T5_SEN] [T5] iter 311 — polling FG6485A
[2026-05-14 16:47:08.941] [9526492][I][sensor_poll.cpp:432] task_sensor_poll(): [T5_SEN] [T5] iter 311 — polling S200
[2026-05-14 16:47:09.483] [9527030][I][sensor_poll.cpp:535] task_sensor_poll(): [T5_SEN] [T5] T=24°C RH=39% ws=0.0 m/s wd=0° | avg T=24 RH=39 ws=0.0 wd=0° [win T=12 RH=20 W=12]
[2026-05-14 16:47:09.503] [9527044][I][climate_control.cpp:434] task_climate_control(): [T6_CLI] [T6] T_avg=24 t_max=28 hyst=5 → step_t=0 | RH_avg=39 rh_max=75 rh_min=50 hyst=12 rh_en=1 → step_rh=0 | resolved=0 (was cur_t=0 cur_rh=0)
[2026-05-14 16:47:13.589] [9531140][I][main.cpp:162] task_watchdog_heartbeat(): [GHC] T1 tick 18990  uptime 9531 s
[2026-05-14 16:47:18.607] [9536158][I][main.cpp:162] task_watchdog_heartbeat(): [GHC] T1 tick 19000  uptime 9536 s
[2026-05-14 16:47:23.625] [9541176][I][main.cpp:162] task_watchdog_heartbeat(): [GHC] T1 tick 19010  uptime 9541 s
[2026-05-14 16:47:27.483] [9545031][I][data_manager.cpp:230] read_rtc_and_seed_clock(): [T4] RTC: 2026-05-14 16:47:23 UTC  unix=1778777243  daytime=yes
[2026-05-14 16:47:28.643] [9546194][I][main.cpp:162] task_watchdog_heartbeat(): [GHC] T1 tick 19020  uptime 9546 s
[2026-05-14 16:47:33.661] [9551212][I][main.cpp:162] task_watchdog_heartbeat(): [GHC] T1 tick 19030  uptime 9551 s
[2026-05-14 16:47:38.679] [9556230][I][main.cpp:162] task_watchdog_heartbeat(): [GHC] T1 tick 19040  uptime 9556 s
[2026-05-14 16:47:39.494] [9557044][I][sensor_poll.cpp:359] task_sensor_poll(): [T5_SEN] [T5] iter 312 — woke from 30 s delay
[2026-05-14 16:47:39.502] [9557053][I][sensor_poll.cpp:395] task_sensor_poll(): [T5_SEN] [T5] iter 312 — polling FG6485A
[2026-05-14 16:47:39.535] [9557085][I][sensor_poll.cpp:432] task_sensor_poll(): [T5_SEN] [T5] iter 312 — polling S200
[2026-05-14 16:47:40.076] [9557623][I][sensor_poll.cpp:535] task_sensor_poll(): [T5_SEN] [T5] T=24°C RH=39% ws=0.0 m/s wd=0° | avg T=24 RH=39 ws=0.0 wd=0° [win T=12 RH=20 W=12]
[2026-05-14 16:47:40.096] [9557637][I][climate_control.cpp:434] task_climate_control(): [T6_CLI] [T6] T_avg=24 t_max=28 hyst=5 → step_t=0 | RH_avg=39 rh_max=75 rh_min=50 hyst=12 rh_en=1 → step_rh=0 | resolved=0 (was cur_t=0 cur_rh=0)
[2026-05-14 16:47:43.697] [9561248][I][main.cpp:162] task_watchdog_heartbeat(): [GHC] T1 tick 19050  uptime 9561 s
[2026-05-14 16:47:48.715] [9566266][I][main.cpp:162] task_watchdog_heartbeat(): [GHC] T1 tick 19060  uptime 9566 s
[2026-05-14 16:47:53.733] [9571284][I][main.cpp:162] task_watchdog_heartbeat(): [GHC] T1 tick 19070  uptime 9571 s
[2026-05-14 16:47:58.751] [9576302][I][main.cpp:162] task_watchdog_heartbeat(): [GHC] T1 tick 19080  uptime 9576 s
[2026-05-14 16:48:03.769] [9581320][I][main.cpp:162] task_watchdog_heartbeat(): [GHC] T1 tick 19090  uptime 9581 s
[2026-05-14 16:48:08.787] [9586338][I][main.cpp:162] task_watchdog_heartbeat(): [GHC] T1 tick 19100  uptime 9586 s
[2026-05-14 16:48:10.087] [9587637][I][sensor_poll.cpp:359] task_sensor_poll(): [T5_SEN] [T5] iter 313 — woke from 30 s delay
[2026-05-14 16:48:10.096] [9587646][I][sensor_poll.cpp:395] task_sensor_poll(): [T5_SEN] [T5] iter 313 — polling FG6485A
[2026-05-14 16:48:10.128] [9587678][I][sensor_poll.cpp:432] task_sensor_poll(): [T5_SEN] [T5] iter 313 — polling S200
[2026-05-14 16:48:10.669] [9588216][I][sensor_poll.cpp:535] task_sensor_poll(): [T5_SEN] [T5] T=24°C RH=39% ws=0.0 m/s wd=0° | avg T=24 RH=39 ws=0.0 wd=0° [win T=12 RH=20 W=12]
[2026-05-14 16:48:10.689] [9588230][I][climate_control.cpp:434] task_climate_control(): [T6_CLI] [T6] T_avg=24 t_max=28 hyst=5 → step_t=0 | RH_avg=39 rh_max=75 rh_min=50 hyst=12 rh_en=1 → step_rh=0 | resolved=0 (was cur_t=0 cur_rh=0)
[2026-05-14 16:48:13.805] [9591356][I][main.cpp:162] task_watchdog_heartbeat(): [GHC] T1 tick 19110  uptime 9591 s
[2026-05-14 16:48:18.823] [9596374][I][main.cpp:162] task_watchdog_heartbeat(): [GHC] T1 tick 19120  uptime 9596 s
[2026-05-14 16:48:23.841] [9601392][I][main.cpp:162] task_watchdog_heartbeat(): [GHC] T1 tick 19130  uptime 9601 s
[2026-05-14 16:48:26.669] [9604217][I][data_manager.cpp:230] read_rtc_and_seed_clock(): [T4] RTC: 2026-05-14 16:48:22 UTC  unix=1778777302  daytime=yes
[2026-05-14 16:48:28.859] [9606410][I][main.cpp:162] task_watchdog_heartbeat(): [GHC] T1 tick 19140  uptime 9606 s
[2026-05-14 16:48:33.877] [9611428][I][main.cpp:162] task_watchdog_heartbeat(): [GHC] T1 tick 19150  uptime 9611 s
[2026-05-14 16:48:38.895] [9616446][I][main.cpp:162] task_watchdog_heartbeat(): [GHC] T1 tick 19160  uptime 9616 s
[2026-05-14 16:48:40.680] [9618230][I][sensor_poll.cpp:359] task_sensor_poll(): [T5_SEN] [T5] iter 314 — woke from 30 s delay
[2026-05-14 16:48:40.689] [9618239][I][sensor_poll.cpp:395] task_sensor_poll(): [T5_SEN] [T5] iter 314 — polling FG6485A
[2026-05-14 16:48:40.721] [9618272][I][sensor_poll.cpp:432] task_sensor_poll(): [T5_SEN] [T5] iter 314 — polling S200
[2026-05-14 16:48:41.264] [9618810][I][sensor_poll.cpp:535] task_sensor_poll(): [T5_SEN] [T5] T=24°C RH=39% ws=0.0 m/s wd=0° | avg T=24 RH=39 ws=0.0 wd=0° [win T=12 RH=20 W=12]
[2026-05-14 16:48:41.283] [9618823][I][climate_control.cpp:434] task_climate_control(): [T6_CLI] [T6] T_avg=24 t_max=28 hyst=5 → step_t=0 | RH_avg=39 rh_max=75 rh_min=50 hyst=12 rh_en=1 → step_rh=0 | resolved=0 (was cur_t=0 cur_rh=0)
[2026-05-14 16:48:43.913] [9621464][I][main.cpp:162] task_watchdog_heartbeat(): [GHC] T1 tick 19170  uptime 9621 s
[2026-05-14 16:48:48.931] [9626482][I][main.cpp:162] task_watchdog_heartbeat(): [GHC] T1 tick 19180  uptime 9626 s
[2026-05-14 16:48:53.949] [9631500][I][main.cpp:162] task_watchdog_heartbeat(): [GHC] T1 tick 19190  uptime 9631 s
[2026-05-14 16:48:58.966] [9636518][I][main.cpp:162] task_watchdog_heartbeat(): [GHC] T1 tick 19200  uptime 9636 s
[2026-05-14 16:48:58.975] [9636526][I][main.cpp:247] task_watchdog_heartbeat(): [GHC] stack T1  hwm=2012 B
[2026-05-14 16:48:58.981] [9636534][I][main.cpp:247] task_watchdog_heartbeat(): [GHC] stack T2  hwm=6380 B
[2026-05-14 16:48:58.989] [9636541][I][main.cpp:247] task_watchdog_heartbeat(): [GHC] stack T3  hwm=1980 B
[2026-05-14 16:48:58.997] [9636548][I][main.cpp:247] task_watchdog_heartbeat(): [GHC] stack T4  hwm=3980 B
[2026-05-14 16:48:59.004] [9636556][I][main.cpp:247] task_watchdog_heartbeat(): [GHC] stack T5  hwm=4124 B
[2026-05-14 16:48:59.012] [9636563][I][main.cpp:247] task_watchdog_heartbeat(): [GHC] stack T6  hwm=1596 B
[2026-05-14 16:48:59.018] [9636570][I][main.cpp:247] task_watchdog_heartbeat(): [GHC] stack T7  hwm=2464 B
[2026-05-14 16:48:59.026] [9636578][I][main.cpp:247] task_watchdog_heartbeat(): [GHC] stack T8  hwm=5740 B
[2026-05-14 16:48:59.032] [9636585][I][main.cpp:247] task_watchdog_heartbeat(): [GHC] stack T9  hwm=2524 B
[2026-05-14 16:48:59.041] [9636592][I][main.cpp:247] task_watchdog_heartbeat(): [GHC] stack T10 hwm=5632 B
[2026-05-14 16:48:59.047] [9636600][I][main.cpp:247] task_watchdog_heartbeat(): [GHC] stack T11 hwm=5536 B
[2026-05-14 16:48:59.055] [9636607][I][main.cpp:247] task_watchdog_heartbeat(): [GHC] stack T12 hwm=7464 B
[2026-05-14 16:48:59.064] [9636615][I][main.cpp:247] task_watchdog_heartbeat(): [GHC] stack T14 hwm=6640 B
[2026-05-14 16:48:59.071] [9636622][I][main.cpp:247] task_watchdog_heartbeat(): [GHC] stack T15 hwm=2376 B
[2026-05-14 16:49:04.089] [9641639][I][main.cpp:162] task_watchdog_heartbeat(): [GHC] T1 tick 19210  uptime 9641 s
[2026-05-14 16:49:09.107] [9646657][I][main.cpp:162] task_watchdog_heartbeat(): [GHC] T1 tick 19220  uptime 9646 s
[2026-05-14 16:49:11.275] [9648824][I][sensor_poll.cpp:359] task_sensor_poll(): [T5_SEN] [T5] iter 315 — woke from 30 s delay
[2026-05-14 16:49:11.283] [9648833][I][sensor_poll.cpp:395] task_sensor_poll(): [T5_SEN] [T5] iter 315 — polling FG6485A
[2026-05-14 16:49:11.316] [9648866][I][sensor_poll.cpp:432] task_sensor_poll(): [T5_SEN] [T5] iter 315 — polling S200
[2026-05-14 16:49:11.858] [9649404][I][sensor_poll.cpp:535] task_sensor_poll(): [T5_SEN] [T5] T=24°C RH=39% ws=0.0 m/s wd=0° | avg T=24 RH=39 ws=0.0 wd=0° [win T=12 RH=20 W=12]
[2026-05-14 16:49:11.878] [9649417][I][climate_control.cpp:434] task_climate_control(): [T6_CLI] [T6] T_avg=24 t_max=28 hyst=5 → step_t=0 | RH_avg=39 rh_max=75 rh_min=50 hyst=12 rh_en=1 → step_rh=0 | resolved=0 (was cur_t=0 cur_rh=0)
[2026-05-14 16:49:14.125] [9651675][I][main.cpp:162] task_watchdog_heartbeat(): [GHC] T1 tick 19230  uptime 9651 s
[2026-05-14 16:49:19.143] [9656693][I][main.cpp:162] task_watchdog_heartbeat(): [GHC] T1 tick 19240  uptime 9656 s
[2026-05-14 16:49:24.161] [9661711][I][main.cpp:162] task_watchdog_heartbeat(): [GHC] T1 tick 19250  uptime 9661 s
[2026-05-14 16:49:25.858] [9663405][I][data_manager.cpp:230] read_rtc_and_seed_clock(): [T4] RTC: 2026-05-14 16:49:21 UTC  unix=1778777361  daytime=yes
[2026-05-14 16:49:29.179] [9666729][I][main.cpp:162] task_watchdog_heartbeat(): [GHC] T1 tick 19260  uptime 9666 s
[2026-05-14 16:49:34.197] [9671747][I][main.cpp:162] task_watchdog_heartbeat(): [GHC] T1 tick 19270  uptime 9671 s
[2026-05-14 16:49:39.215] [9676765][I][main.cpp:162] task_watchdog_heartbeat(): [GHC] T1 tick 19280  uptime 9676 s
[2026-05-14 16:49:41.869] [9679418][I][sensor_poll.cpp:359] task_sensor_poll(): [T5_SEN] [T5] iter 316 — woke from 30 s delay
[2026-05-14 16:49:41.877] [9679427][I][sensor_poll.cpp:395] task_sensor_poll(): [T5_SEN] [T5] iter 316 — polling FG6485A
[2026-05-14 16:49:41.910] [9679459][I][sensor_poll.cpp:432] task_sensor_poll(): [T5_SEN] [T5] iter 316 — polling S200
[2026-05-14 16:49:42.451] [9679997][I][sensor_poll.cpp:535] task_sensor_poll(): [T5_SEN] [T5] T=24°C RH=39% ws=0.0 m/s wd=0° | avg T=24 RH=39 ws=0.0 wd=0° [win T=12 RH=20 W=12]
[2026-05-14 16:49:42.471] [9680010][I][climate_control.cpp:434] task_climate_control(): [T6_CLI] [T6] T_avg=24 t_max=28 hyst=5 → step_t=0 | RH_avg=39 rh_max=75 rh_min=50 hyst=12 rh_en=1 → step_rh=0 | resolved=0 (was cur_t=0 cur_rh=0)
[2026-05-14 16:49:44.233] [9681783][I][main.cpp:162] task_watchdog_heartbeat(): [GHC] T1 tick 19290  uptime 9681 s
[2026-05-14 16:49:49.251] [9686801][I][main.cpp:162] task_watchdog_heartbeat(): [GHC] T1 tick 19300  uptime 9686 s
[2026-05-14 16:49:54.269] [9691819][I][main.cpp:162] task_watchdog_heartbeat(): [GHC] T1 tick 19310  uptime 9691 s
[2026-05-14 16:49:59.287] [9696837][I][main.cpp:162] task_watchdog_heartbeat(): [GHC] T1 tick 19320  uptime 9696 s
[2026-05-14 16:50:04.305] [9701855][I][main.cpp:162] task_watchdog_heartbeat(): [GHC] T1 tick 19330  uptime 9701 s
[2026-05-14 16:50:09.323] [9706873][I][main.cpp:162] task_watchdog_heartbeat(): [GHC] T1 tick 19340  uptime 9706 s
[2026-05-14 16:50:12.462] [9710011][I][sensor_poll.cpp:359] task_sensor_poll(): [T5_SEN] [T5] iter 317 — woke from 30 s delay
[2026-05-14 16:50:12.471] [9710020][I][sensor_poll.cpp:395] task_sensor_poll(): [T5_SEN] [T5] iter 317 — polling FG6485A
[2026-05-14 16:50:12.503] [9710052][I][sensor_poll.cpp:432] task_sensor_poll(): [T5_SEN] [T5] iter 317 — polling S200
[2026-05-14 16:50:13.046] [9710591][I][sensor_poll.cpp:535] task_sensor_poll(): [T5_SEN] [T5] T=24°C RH=39% ws=0.0 m/s wd=0° | avg T=24 RH=39 ws=0.0 wd=0° [win T=12 RH=20 W=12]
[2026-05-14 16:50:13.065] [9710605][I][climate_control.cpp:434] task_climate_control(): [T6_CLI] [T6] T_avg=24 t_max=28 hyst=5 → step_t=0 | RH_avg=39 rh_max=75 rh_min=50 hyst=12 rh_en=1 → step_rh=0 | resolved=0 (was cur_t=0 cur_rh=0)
[2026-05-14 16:50:14.341] [9711891][I][main.cpp:162] task_watchdog_heartbeat(): [GHC] T1 tick 19350  uptime 9711 s
[2026-05-14 16:50:19.359] [9716909][I][main.cpp:162] task_watchdog_heartbeat(): [GHC] T1 tick 19360  uptime 9716 s
[2026-05-14 16:50:24.377] [9721927][I][main.cpp:162] task_watchdog_heartbeat(): [GHC] T1 tick 19370  uptime 9721 s
[2026-05-14 16:50:25.046] [9722592][I][data_manager.cpp:230] read_rtc_and_seed_clock(): [T4] RTC: 2026-05-14 16:50:20 UTC  unix=1778777420  daytime=yes
[2026-05-14 16:50:29.395] [9726945][I][main.cpp:162] task_watchdog_heartbeat(): [GHC] T1 tick 19380  uptime 9726 s
[2026-05-14 16:50:34.413] [9731963][I][main.cpp:162] task_watchdog_heartbeat(): [GHC] T1 tick 19390  uptime 9731 s
[2026-05-14 16:50:39.432] [9736981][I][main.cpp:162] task_watchdog_heartbeat(): [GHC] T1 tick 19400  uptime 9736 s
[2026-05-14 16:50:43.057] [9740605][I][sensor_poll.cpp:359] task_sensor_poll(): [T5_SEN] [T5] iter 318 — woke from 30 s delay
[2026-05-14 16:50:43.065] [9740614][I][sensor_poll.cpp:395] task_sensor_poll(): [T5_SEN] [T5] iter 318 — polling FG6485A
[2026-05-14 16:50:43.098] [9740646][I][sensor_poll.cpp:432] task_sensor_poll(): [T5_SEN] [T5] iter 318 — polling S200
[2026-05-14 16:50:43.640] [9741185][I][sensor_poll.cpp:535] task_sensor_poll(): [T5_SEN] [T5] T=24°C RH=39% ws=0.0 m/s wd=0° | avg T=24 RH=39 ws=0.0 wd=0° [win T=12 RH=20 W=12]
[2026-05-14 16:50:43.660] [9741199][I][climate_control.cpp:434] task_climate_control(): [T6_CLI] [T6] T_avg=24 t_max=28 hyst=5 → step_t=0 | RH_avg=39 rh_max=75 rh_min=50 hyst=12 rh_en=1 → step_rh=0 | resolved=0 (was cur_t=0 cur_rh=0)
[2026-05-14 16:50:44.450] [9741999][I][main.cpp:162] task_watchdog_heartbeat(): [GHC] T1 tick 19410  uptime 9741 s
[2026-05-14 16:50:49.468] [9747017][I][main.cpp:162] task_watchdog_heartbeat(): [GHC] T1 tick 19420  uptime 9747 s
[2026-05-14 16:50:54.486] [9752035][I][main.cpp:162] task_watchdog_heartbeat(): [GHC] T1 tick 19430  uptime 9752 s
[2026-05-14 16:50:59.504] [9757053][I][main.cpp:162] task_watchdog_heartbeat(): [GHC] T1 tick 19440  uptime 9757 s
[2026-05-14 16:51:04.522] [9762071][I][main.cpp:162] task_watchdog_heartbeat(): [GHC] T1 tick 19450  uptime 9762 s
[2026-05-14 16:51:09.540] [9767089][I][main.cpp:162] task_watchdog_heartbeat(): [GHC] T1 tick 19460  uptime 9767 s
[2026-05-14 16:51:13.651] [9771199][I][sensor_poll.cpp:359] task_sensor_poll(): [T5_SEN] [T5] iter 319 — woke from 30 s delay
[2026-05-14 16:51:13.659] [9771208][I][sensor_poll.cpp:395] task_sensor_poll(): [T5_SEN] [T5] iter 319 — polling FG6485A
[2026-05-14 16:51:13.692] [9771241][I][sensor_poll.cpp:432] task_sensor_poll(): [T5_SEN] [T5] iter 319 — polling S200
[2026-05-14 16:51:14.234] [9771779][I][sensor_poll.cpp:535] task_sensor_poll(): [T5_SEN] [T5] T=24°C RH=39% ws=0.0 m/s wd=0° | avg T=24 RH=39 ws=0.0 wd=0° [win T=12 RH=20 W=12]
[2026-05-14 16:51:14.254] [9771792][I][climate_control.cpp:434] task_climate_control(): [T6_CLI] [T6] T_avg=24 t_max=28 hyst=5 → step_t=0 | RH_avg=39 rh_max=75 rh_min=50 hyst=12 rh_en=1 → step_rh=0 | resolved=0 (was cur_t=0 cur_rh=0)
[2026-05-14 16:51:14.558] [9772107][I][main.cpp:162] task_watchdog_heartbeat(): [GHC] T1 tick 19470  uptime 9772 s
[2026-05-14 16:51:19.576] [9777125][I][main.cpp:162] task_watchdog_heartbeat(): [GHC] T1 tick 19480  uptime 9777 s
[2026-05-14 16:51:24.234] [9781780][I][data_manager.cpp:230] read_rtc_and_seed_clock(): [T4] RTC: 2026-05-14 16:51:20 UTC  unix=1778777480  daytime=yes
[2026-05-14 16:51:24.594] [9782143][I][main.cpp:162] task_watchdog_heartbeat(): [GHC] T1 tick 19490  uptime 9782 s
[2026-05-14 16:51:29.612] [9787161][I][main.cpp:162] task_watchdog_heartbeat(): [GHC] T1 tick 19500  uptime 9787 s
[2026-05-14 16:51:34.630] [9792179][I][main.cpp:162] task_watchdog_heartbeat(): [GHC] T1 tick 19510  uptime 9792 s
[2026-05-14 16:51:39.648] [9797197][I][main.cpp:162] task_watchdog_heartbeat(): [GHC] T1 tick 19520  uptime 9797 s
[2026-05-14 16:51:44.245] [9801793][I][sensor_poll.cpp:359] task_sensor_poll(): [T5_SEN] [T5] iter 320 — woke from 30 s delay
[2026-05-14 16:51:44.253] [9801802][I][sensor_poll.cpp:395] task_sensor_poll(): [T5_SEN] [T5] iter 320 — polling FG6485A
[2026-05-14 16:51:44.286] [9801834][I][sensor_poll.cpp:432] task_sensor_poll(): [T5_SEN] [T5] iter 320 — polling S200
[2026-05-14 16:51:44.666] [9802215][I][main.cpp:162] task_watchdog_heartbeat(): [GHC] T1 tick 19530  uptime 9802 s
[2026-05-14 16:51:44.827] [9802372][I][sensor_poll.cpp:535] task_sensor_poll(): [T5_SEN] [T5] T=24°C RH=39% ws=0.0 m/s wd=0° | avg T=24 RH=39 ws=0.0 wd=0° [win T=12 RH=20 W=12]
[2026-05-14 16:51:44.847] [9802385][I][climate_control.cpp:434] task_climate_control(): [T6_CLI] [T6] T_avg=24 t_max=28 hyst=5 → step_t=0 | RH_avg=39 rh_max=75 rh_min=50 hyst=12 rh_en=1 → step_rh=0 | resolved=0 (was cur_t=0 cur_rh=0)
[2026-05-14 16:51:49.684] [9807233][I][main.cpp:162] task_watchdog_heartbeat(): [GHC] T1 tick 19540  uptime 9807 s
[2026-05-14 16:51:54.702] [9812251][I][main.cpp:162] task_watchdog_heartbeat(): [GHC] T1 tick 19550  uptime 9812 s
[2026-05-14 16:51:59.720] [9817269][I][main.cpp:162] task_watchdog_heartbeat(): [GHC] T1 tick 19560  uptime 9817 s
[2026-05-14 16:52:04.738] [9822287][I][main.cpp:162] task_watchdog_heartbeat(): [GHC] T1 tick 19570  uptime 9822 s
[2026-05-14 16:52:09.756] [9827305][I][main.cpp:162] task_watchdog_heartbeat(): [GHC] T1 tick 19580  uptime 9827 s
[2026-05-14 16:52:14.774] [9832323][I][main.cpp:162] task_watchdog_heartbeat(): [GHC] T1 tick 19590  uptime 9832 s
[2026-05-14 16:52:14.838] [9832386][I][sensor_poll.cpp:359] task_sensor_poll(): [T5_SEN] [T5] iter 321 — woke from 30 s delay
[2026-05-14 16:52:14.847] [9832395][I][sensor_poll.cpp:395] task_sensor_poll(): [T5_SEN] [T5] iter 321 — polling FG6485A
[2026-05-14 16:52:14.879] [9832427][I][sensor_poll.cpp:432] task_sensor_poll(): [T5_SEN] [T5] iter 321 — polling S200
[2026-05-14 16:52:15.421] [9832965][I][sensor_poll.cpp:535] task_sensor_poll(): [T5_SEN] [T5] T=24°C RH=39% ws=0.0 m/s wd=0° | avg T=24 RH=39 ws=0.0 wd=0° [win T=12 RH=20 W=12]
[2026-05-14 16:52:15.440] [9832978][I][climate_control.cpp:434] task_climate_control(): [T6_CLI] [T6] T_avg=24 t_max=28 hyst=5 → step_t=0 | RH_avg=39 rh_max=75 rh_min=50 hyst=12 rh_en=1 → step_rh=0 | resolved=0 (was cur_t=0 cur_rh=0)
[2026-05-14 16:52:19.792] [9837341][I][main.cpp:162] task_watchdog_heartbeat(): [GHC] T1 tick 19600  uptime 9837 s
[2026-05-14 16:52:23.421] [9840966][I][data_manager.cpp:230] read_rtc_and_seed_clock(): [T4] RTC: 2026-05-14 16:52:19 UTC  unix=1778777539  daytime=yes
[2026-05-14 16:52:24.810] [9842359][I][main.cpp:162] task_watchdog_heartbeat(): [GHC] T1 tick 19610  uptime 9842 s
[2026-05-14 16:52:29.828] [9847377][I][main.cpp:162] task_watchdog_heartbeat(): [GHC] T1 tick 19620  uptime 9847 s
[2026-05-14 16:52:34.847] [9852395][I][main.cpp:162] task_watchdog_heartbeat(): [GHC] T1 tick 19630  uptime 9852 s
[2026-05-14 16:52:39.865] [9857413][I][main.cpp:162] task_watchdog_heartbeat(): [GHC] T1 tick 19640  uptime 9857 s
[2026-05-14 16:52:44.883] [9862431][I][main.cpp:162] task_watchdog_heartbeat(): [GHC] T1 tick 19650  uptime 9862 s
[2026-05-14 16:52:45.432] [9862979][I][sensor_poll.cpp:359] task_sensor_poll(): [T5_SEN] [T5] iter 322 — woke from 30 s delay
[2026-05-14 16:52:45.440] [9862988][I][sensor_poll.cpp:395] task_sensor_poll(): [T5_SEN] [T5] iter 322 — polling FG6485A
[2026-05-14 16:52:45.473] [9863020][I][sensor_poll.cpp:432] task_sensor_poll(): [T5_SEN] [T5] iter 322 — polling S200
[2026-05-14 16:52:46.015] [9863559][I][sensor_poll.cpp:535] task_sensor_poll(): [T5_SEN] [T5] T=24°C RH=39% ws=0.0 m/s wd=0° | avg T=24 RH=39 ws=0.0 wd=0° [win T=12 RH=20 W=12]
[2026-05-14 16:52:46.035] [9863572][I][climate_control.cpp:434] task_climate_control(): [T6_CLI] [T6] T_avg=24 t_max=28 hyst=5 → step_t=0 | RH_avg=39 rh_max=75 rh_min=50 hyst=12 rh_en=1 → step_rh=0 | resolved=0 (was cur_t=0 cur_rh=0)
[2026-05-14 16:52:49.901] [9867449][I][main.cpp:162] task_watchdog_heartbeat(): [GHC] T1 tick 19660  uptime 9867 s
[2026-05-14 16:52:54.919] [9872467][I][main.cpp:162] task_watchdog_heartbeat(): [GHC] T1 tick 19670  uptime 9872 s
[2026-05-14 16:52:59.937] [9877485][I][main.cpp:162] task_watchdog_heartbeat(): [GHC] T1 tick 19680  uptime 9877 s
[2026-05-14 16:53:04.955] [9882503][I][main.cpp:162] task_watchdog_heartbeat(): [GHC] T1 tick 19690  uptime 9882 s
[2026-05-14 16:53:09.973] [9887521][I][main.cpp:162] task_watchdog_heartbeat(): [GHC] T1 tick 19700  uptime 9887 s
[2026-05-14 16:53:14.991] [9892539][I][main.cpp:162] task_watchdog_heartbeat(): [GHC] T1 tick 19710  uptime 9892 s
[2026-05-14 16:53:16.026] [9893573][I][sensor_poll.cpp:359] task_sensor_poll(): [T5_SEN] [T5] iter 323 — woke from 30 s delay
[2026-05-14 16:53:16.034] [9893582][I][sensor_poll.cpp:395] task_sensor_poll(): [T5_SEN] [T5] iter 323 — polling FG6485A
[2026-05-14 16:53:16.067] [9893615][I][sensor_poll.cpp:432] task_sensor_poll(): [T5_SEN] [T5] iter 323 — polling S200
[2026-05-14 16:53:16.609] [9894153][I][sensor_poll.cpp:535] task_sensor_poll(): [T5_SEN] [T5] T=24°C RH=39% ws=0.0 m/s wd=0° | avg T=24 RH=39 ws=0.0 wd=0° [win T=12 RH=20 W=12]
[2026-05-14 16:53:16.629] [9894166][I][climate_control.cpp:434] task_climate_control(): [T6_CLI] [T6] T_avg=24 t_max=28 hyst=5 → step_t=0 | RH_avg=39 rh_max=75 rh_min=50 hyst=12 rh_en=1 → step_rh=0 | resolved=0 (was cur_t=0 cur_rh=0)
[2026-05-14 16:53:20.009] [9897557][I][main.cpp:162] task_watchdog_heartbeat(): [GHC] T1 tick 19720  uptime 9897 s
[2026-05-14 16:53:22.609] [9900154][I][data_manager.cpp:230] read_rtc_and_seed_clock(): [T4] RTC: 2026-05-14 16:53:18 UTC  unix=1778777598  daytime=yes
[2026-05-14 16:53:25.027] [9902575][I][main.cpp:162] task_watchdog_heartbeat(): [GHC] T1 tick 19730  uptime 9902 s
[2026-05-14 16:53:30.045] [9907593][I][main.cpp:162] task_watchdog_heartbeat(): [GHC] T1 tick 19740  uptime 9907 s
[2026-05-14 16:53:35.063] [9912611][I][main.cpp:162] task_watchdog_heartbeat(): [GHC] T1 tick 19750  uptime 9912 s
[2026-05-14 16:53:40.081] [9917629][I][main.cpp:162] task_watchdog_heartbeat(): [GHC] T1 tick 19760  uptime 9917 s
[2026-05-14 16:53:45.099] [9922647][I][main.cpp:162] task_watchdog_heartbeat(): [GHC] T1 tick 19770  uptime 9922 s
[2026-05-14 16:53:46.620] [9924167][I][sensor_poll.cpp:359] task_sensor_poll(): [T5_SEN] [T5] iter 324 — woke from 30 s delay
[2026-05-14 16:53:46.629] [9924176][I][sensor_poll.cpp:395] task_sensor_poll(): [T5_SEN] [T5] iter 324 — polling FG6485A
[2026-05-14 16:53:46.661] [9924208][I][sensor_poll.cpp:432] task_sensor_poll(): [T5_SEN] [T5] iter 324 — polling S200
[2026-05-14 16:53:47.202] [9924746][I][sensor_poll.cpp:535] task_sensor_poll(): [T5_SEN] [T5] T=24°C RH=39% ws=0.0 m/s wd=0° | avg T=24 RH=39 ws=0.0 wd=0° [win T=12 RH=20 W=12]
[2026-05-14 16:53:47.222] [9924759][I][climate_control.cpp:434] task_climate_control(): [T6_CLI] [T6] T_avg=24 t_max=28 hyst=5 → step_t=0 | RH_avg=39 rh_max=75 rh_min=50 hyst=12 rh_en=1 → step_rh=0 | resolved=0 (was cur_t=0 cur_rh=0)
[2026-05-14 16:53:50.117] [9927665][I][main.cpp:162] task_watchdog_heartbeat(): [GHC] T1 tick 19780  uptime 9927 s
[2026-05-14 16:53:55.135] [9932683][I][main.cpp:162] task_watchdog_heartbeat(): [GHC] T1 tick 19790  uptime 9932 s
[2026-05-14 16:54:00.153] [9937701][I][main.cpp:162] task_watchdog_heartbeat(): [GHC] T1 tick 19800  uptime 9937 s
[2026-05-14 16:54:05.171] [9942719][I][main.cpp:162] task_watchdog_heartbeat(): [GHC] T1 tick 19810  uptime 9942 s
[2026-05-14 16:54:10.189] [9947737][I][main.cpp:162] task_watchdog_heartbeat(): [GHC] T1 tick 19820  uptime 9947 s
[2026-05-14 16:54:15.207] [9952755][I][main.cpp:162] task_watchdog_heartbeat(): [GHC] T1 tick 19830  uptime 9952 s
[2026-05-14 16:54:17.214] [9954760][I][sensor_poll.cpp:359] task_sensor_poll(): [T5_SEN] [T5] iter 325 — woke from 30 s delay
[2026-05-14 16:54:17.222] [9954769][I][sensor_poll.cpp:395] task_sensor_poll(): [T5_SEN] [T5] iter 325 — polling FG6485A
[2026-05-14 16:54:17.254] [9954801][I][sensor_poll.cpp:432] task_sensor_poll(): [T5_SEN] [T5] iter 325 — polling S200
[2026-05-14 16:54:17.795] [9955339][I][sensor_poll.cpp:535] task_sensor_poll(): [T5_SEN] [T5] T=24°C RH=39% ws=0.0 m/s wd=0° | avg T=24 RH=39 ws=0.0 wd=0° [win T=12 RH=20 W=12]
[2026-05-14 16:54:17.815] [9955353][I][climate_control.cpp:434] task_climate_control(): [T6_CLI] [T6] T_avg=24 t_max=28 hyst=5 → step_t=0 | RH_avg=39 rh_max=75 rh_min=50 hyst=12 rh_en=1 → step_rh=0 | resolved=0 (was cur_t=0 cur_rh=0)
[2026-05-14 16:54:20.225] [9957773][I][main.cpp:162] task_watchdog_heartbeat(): [GHC] T1 tick 19840  uptime 9957 s
[2026-05-14 16:54:21.795] [9959340][I][data_manager.cpp:230] read_rtc_and_seed_clock(): [T4] RTC: 2026-05-14 16:54:17 UTC  unix=1778777657  daytime=yes
[2026-05-14 16:54:25.243] [9962791][I][main.cpp:162] task_watchdog_heartbeat(): [GHC] T1 tick 19850  uptime 9962 s
[2026-05-14 16:54:30.261] [9967809][I][main.cpp:162] task_watchdog_heartbeat(): [GHC] T1 tick 19860  uptime 9967 s
[2026-05-14 16:54:35.279] [9972827][I][main.cpp:162] task_watchdog_heartbeat(): [GHC] T1 tick 19870  uptime 9972 s
[2026-05-14 16:54:40.298] [9977845][I][main.cpp:162] task_watchdog_heartbeat(): [GHC] T1 tick 19880  uptime 9977 s
[2026-05-14 16:54:45.316] [9982863][I][main.cpp:162] task_watchdog_heartbeat(): [GHC] T1 tick 19890  uptime 9982 s
[2026-05-14 16:54:47.807] [9985353][I][sensor_poll.cpp:359] task_sensor_poll(): [T5_SEN] [T5] iter 326 — woke from 30 s delay
[2026-05-14 16:54:47.815] [9985362][I][sensor_poll.cpp:395] task_sensor_poll(): [T5_SEN] [T5] iter 326 — polling FG6485A
[2026-05-14 16:54:47.848] [9985395][I][sensor_poll.cpp:432] task_sensor_poll(): [T5_SEN] [T5] iter 326 — polling S200
[2026-05-14 16:54:48.390] [9985933][I][sensor_poll.cpp:535] task_sensor_poll(): [T5_SEN] [T5] T=24°C RH=39% ws=0.0 m/s wd=0° | avg T=24 RH=39 ws=0.0 wd=0° [win T=12 RH=20 W=12]
[2026-05-14 16:54:48.410] [9985946][I][climate_control.cpp:434] task_climate_control(): [T6_CLI] [T6] T_avg=24 t_max=28 hyst=5 → step_t=0 | RH_avg=39 rh_max=75 rh_min=50 hyst=12 rh_en=1 → step_rh=0 | resolved=0 (was cur_t=0 cur_rh=0)
[2026-05-14 16:54:50.334] [9987881][I][main.cpp:162] task_watchdog_heartbeat(): [GHC] T1 tick 19900  uptime 9987 s
[2026-05-14 16:54:55.352] [9992899][I][main.cpp:162] task_watchdog_heartbeat(): [GHC] T1 tick 19910  uptime 9992 s
[2026-05-14 16:55:00.370] [9997917][I][main.cpp:162] task_watchdog_heartbeat(): [GHC] T1 tick 19920  uptime 9997 s
[2026-05-14 16:55:05.388] [10002935][I][main.cpp:162] task_watchdog_heartbeat(): [GHC] T1 tick 19930  uptime 10002 s
[2026-05-14 16:55:10.406] [10007953][I][main.cpp:162] task_watchdog_heartbeat(): [GHC] T1 tick 19940  uptime 10007 s
[2026-05-14 16:55:15.424] [10012971][I][main.cpp:162] task_watchdog_heartbeat(): [GHC] T1 tick 19950  uptime 10012 s
[2026-05-14 16:55:18.401] [10015947][I][sensor_poll.cpp:359] task_sensor_poll(): [T5_SEN] [T5] iter 327 — woke from 30 s delay
[2026-05-14 16:55:18.410] [10015956][I][sensor_poll.cpp:395] task_sensor_poll(): [T5_SEN] [T5] iter 327 — polling FG6485A
[2026-05-14 16:55:18.440] [10015989][I][sensor_poll.cpp:432] task_sensor_poll(): [T5_SEN] [T5] iter 327 — polling S200
[2026-05-14 16:55:18.984] [10016527][I][sensor_poll.cpp:535] task_sensor_poll(): [T5_SEN] [T5] T=24°C RH=39% ws=0.0 m/s wd=0° | avg T=24 RH=39 ws=0.0 wd=0° [win T=12 RH=20 W=12]
[2026-05-14 16:55:19.004] [10016541][I][climate_control.cpp:434] task_climate_control(): [T6_CLI] [T6] T_avg=24 t_max=28 hyst=5 → step_t=0 | RH_avg=39 rh_max=75 rh_min=50 hyst=12 rh_en=1 → step_rh=0 | resolved=0 (was cur_t=0 cur_rh=0)
[2026-05-14 16:55:20.442] [10017989][I][main.cpp:162] task_watchdog_heartbeat(): [GHC] T1 tick 19960  uptime 10017 s
[2026-05-14 16:55:20.982] [10018528][I][data_manager.cpp:230] read_rtc_and_seed_clock(): [T4] RTC: 2026-05-14 16:55:16 UTC  unix=1778777716  daytime=yes
[2026-05-14 16:55:25.460] [10023007][I][main.cpp:162] task_watchdog_heartbeat(): [GHC] T1 tick 19970  uptime 10023 s
[2026-05-14 16:55:30.478] [10028025][I][main.cpp:162] task_watchdog_heartbeat(): [GHC] T1 tick 19980  uptime 10028 s
[2026-05-14 16:55:35.496] [10033043][I][main.cpp:162] task_watchdog_heartbeat(): [GHC] T1 tick 19990  uptime 10033 s
[2026-05-14 16:55:40.514] [10038061][I][main.cpp:162] task_watchdog_heartbeat(): [GHC] T1 tick 20000  uptime 10038 s
[2026-05-14 16:55:45.532] [10043079][I][main.cpp:162] task_watchdog_heartbeat(): [GHC] T1 tick 20010  uptime 10043 s
[2026-05-14 16:55:48.995] [10046541][I][sensor_poll.cpp:359] task_sensor_poll(): [T5_SEN] [T5] iter 328 — woke from 30 s delay
[2026-05-14 16:55:49.004] [10046550][I][sensor_poll.cpp:395] task_sensor_poll(): [T5_SEN] [T5] iter 328 — polling FG6485A
[2026-05-14 16:55:49.035] [10046583][I][sensor_poll.cpp:432] task_sensor_poll(): [T5_SEN] [T5] iter 328 — polling S200
[2026-05-14 16:55:49.578] [10047121][I][sensor_poll.cpp:535] task_sensor_poll(): [T5_SEN] [T5] T=24°C RH=39% ws=0.0 m/s wd=0° | avg T=24 RH=39 ws=0.0 wd=0° [win T=12 RH=20 W=12]
[2026-05-14 16:55:49.598] [10047135][I][climate_control.cpp:434] task_climate_control(): [T6_CLI] [T6] T_avg=24 t_max=28 hyst=5 → step_t=0 | RH_avg=39 rh_max=75 rh_min=50 hyst=12 rh_en=1 → step_rh=0 | resolved=0 (was cur_t=0 cur_rh=0)
[2026-05-14 16:55:50.550] [10048097][I][main.cpp:162] task_watchdog_heartbeat(): [GHC] T1 tick 20020  uptime 10048 s
[2026-05-14 16:55:55.569] [10053115][I][main.cpp:162] task_watchdog_heartbeat(): [GHC] T1 tick 20030  uptime 10053 s
[2026-05-14 16:56:00.587] [10058133][I][main.cpp:162] task_watchdog_heartbeat(): [GHC] T1 tick 20040  uptime 10058 s
[2026-05-14 16:56:05.604] [10063151][I][main.cpp:162] task_watchdog_heartbeat(): [GHC] T1 tick 20050  uptime 10063 s
[2026-05-14 16:56:10.623] [10068169][I][main.cpp:162] task_watchdog_heartbeat(): [GHC] T1 tick 20060  uptime 10068 s
[2026-05-14 16:56:15.641] [10073187][I][main.cpp:162] task_watchdog_heartbeat(): [GHC] T1 tick 20070  uptime 10073 s
[2026-05-14 16:56:19.590] [10077135][I][sensor_poll.cpp:359] task_sensor_poll(): [T5_SEN] [T5] iter 329 — woke from 30 s delay
[2026-05-14 16:56:19.598] [10077144][I][sensor_poll.cpp:395] task_sensor_poll(): [T5_SEN] [T5] iter 329 — polling FG6485A
[2026-05-14 16:56:19.628] [10077176][I][sensor_poll.cpp:432] task_sensor_poll(): [T5_SEN] [T5] iter 329 — polling S200
[2026-05-14 16:56:20.175] [10077715][I][sensor_poll.cpp:535] task_sensor_poll(): [T5_SEN] [T5] T=24°C RH=38% ws=0.0 m/s wd=0° | avg T=24 RH=39 ws=0.0 wd=0° [win[10077716][ T=12 RH=20 I][data_manW=12]
[2026-05-14 16:56:20.184] ager.cpp:230] read_rtc_and_seed_clock(): [T4] RTC: 2026-05-14 16:56:16 UTC  unix=1778777776  daytime=yes
[2026-05-14 16:56:20.204] [10077740][I][climate_control.cpp:434] task_climate_control(): [T6_CLI] [T6] T_avg=24 t_max=28 hyst=5 → step_t=0 | RH_avg=39 rh_max=75 rh_min=50 hyst=12 rh_en=1 → step_rh=0 | resolved=0 (was cur_t=0 cur_rh=0)
[2026-05-14 16:56:20.659] [10078205][I][main.cpp:162] task_watchdog_heartbeat(): [GHC] T1 tick 20080  uptime 10078 s
[2026-05-14 16:56:25.677] [10083223][I][main.cpp:162] task_watchdog_heartbeat(): [GHC] T1 tick 20090  uptime 10083 s
[2026-05-14 16:56:30.695] [10088241][I][main.cpp:162] task_watchdog_heartbeat(): [GHC] T1 tick 20100  uptime 10088 s
[2026-05-14 16:56:35.713] [10093259][I][main.cpp:162] task_watchdog_heartbeat(): [GHC] T1 tick 20110  uptime 10093 s
[2026-05-14 16:56:40.731] [10098277][I][main.cpp:162] task_watchdog_heartbeat(): [GHC] T1 tick 20120  uptime 10098 s
[2026-05-14 16:56:45.749] [10103295][I][main.cpp:162] task_watchdog_heartbeat(): [GHC] T1 tick 20130  uptime 10103 s
[2026-05-14 16:56:50.195] [10107740][I][sensor_poll.cpp:359] task_sensor_poll(): [T5_SEN] [T5] iter 330 — woke from 30 s delay
[2026-05-14 16:56:50.203] [10107749][I][sensor_poll.cpp:395] task_sensor_poll(): [T5_SEN] [T5] iter 330 — polling FG6485A
[2026-05-14 16:56:50.234] [10107782][I][sensor_poll.cpp:432] task_sensor_poll(): [T5_SEN] [T5] iter 330 — polling S200
[2026-05-14 16:56:50.766] [10108313][I][main.cpp:162] task_watchdog_heartbeat(): [GHC] T1 tick 20140  uptime 10108 s
[2026-05-14 16:56:50.782] [10108324][I][sensor_poll.cpp:535] task_sensor_poll(): [T5_SEN] [T5] T=24°C RH=38% ws=0.0 m/s wd=0° | avg T=24 RH=39 ws=0.0 wd=0° [win T=12 RH=20 W=12]
[2026-05-14 16:56:50.802] [10108338][I][climate_control.cpp:434] task_climate_control(): [T6_CLI] [T6] T_avg=24 t_max=28 hyst=5 → step_t=0 | RH_avg=39 rh_max=75 rh_min=50 hyst=12 rh_en=1 → step_rh=0 | resolved=0 (was cur_t=0 cur_rh=0)
[2026-05-14 16:56:55.785] [10113331][I][main.cpp:162] task_watchdog_heartbeat(): [GHC] T1 tick 20150  uptime 10113 s
[2026-05-14 16:57:00.803] [10118349][I][main.cpp:162] task_watchdog_heartbeat(): [GHC] T1 tick 20160  uptime 10118 s
[2026-05-14 16:57:05.821] [10123367][I][main.cpp:162] task_watchdog_heartbeat(): [GHC] T1 tick 20170  uptime 10123 s
[2026-05-14 16:57:10.839] [10128385][I][main.cpp:162] task_watchdog_heartbeat(): [GHC] T1 tick 20180  uptime 10128 s
[2026-05-14 16:57:15.857] [10133403][I][main.cpp:162] task_watchdog_heartbeat(): [GHC] T1 tick 20190  uptime 10133 s
[2026-05-14 16:57:19.782] [10137327][I][data_manager.cpp:230] read_rtc_and_seed_clock(): [T4] RTC: 2026-05-14 16:57:15 UTC  unix=1778777835  daytime=yes
[2026-05-14 16:57:20.793] [10138338][I][sensor_poll.cpp:359] task_sensor_poll(): [T5_SEN] [T5] iter 331 — woke from 30 s delay
[2026-05-14 16:57:20.801] [10138347][I][sensor_poll.cpp:395] task_sensor_poll(): [T5_SEN] [T5] iter 331 — polling FG6485A
[2026-05-14 16:57:20.832] [10138380][I][sensor_poll.cpp:432] task_sensor_poll(): [T5_SEN] [T5] iter 331 — polling S200
[2026-05-14 16:57:20.875] [10138421][I][main.cpp:162] task_watchdog_heartbeat(): [GHC] T1 tick 20200  uptime 10138 s
[2026-05-14 16:57:21.376] [10138918][I][sensor_poll.cpp:535] task_sensor_poll(): [T5_SEN] [T5] T=24°C RH=38% ws=0.0 m/s wd=0° | avg T=24 RH=39 ws=0.0 wd=0° [win T=12 RH=20 W=12]
[2026-05-14 16:57:21.396] [10138932][I][climate_control.cpp:434] task_climate_control(): [T6_CLI] [T6] T_avg=24 t_max=28 hyst=5 → step_t=0 | RH_avg=39 rh_max=75 rh_min=50 hyst=12 rh_en=1 → step_rh=0 | resolved=0 (was cur_t=0 cur_rh=0)
[2026-05-14 16:57:25.893] [10143439][I][main.cpp:162] task_watchdog_heartbeat(): [GHC] T1 tick 20210  uptime 10143 s
[2026-05-14 16:57:30.911] [10148457][I][main.cpp:162] task_watchdog_heartbeat(): [GHC] T1 tick 20220  uptime 10148 s
[2026-05-14 16:57:35.929] [10153475][I][main.cpp:162] task_watchdog_heartbeat(): [GHC] T1 tick 20230  uptime 10153 s
[2026-05-14 16:57:40.947] [10158493][I][main.cpp:162] task_watchdog_heartbeat(): [GHC] T1 tick 20240  uptime 10158 s
[2026-05-14 16:57:45.965] [10163511][I][main.cpp:162] task_watchdog_heartbeat(): [GHC] T1 tick 20250  uptime 10163 s
[2026-05-14 16:57:50.983] [10168529][I][main.cpp:162] task_watchdog_heartbeat(): [GHC] T1 tick 20260  uptime 10168 s
[2026-05-14 16:57:51.387] [10168932][I][sensor_poll.cpp:359] task_sensor_poll(): [T5_SEN] [T5] iter 332 — woke from 30 s delay
[2026-05-14 16:57:51.396] [10168941][I][sensor_poll.cpp:395] task_sensor_poll(): [T5_SEN] [T5] iter 332 — polling FG6485A
[2026-05-14 16:57:51.427] [10168974][I][sensor_poll.cpp:432] task_sensor_poll(): [T5_SEN] [T5] iter 332 — polling S200
[2026-05-14 16:57:51.970] [10169512][I][sensor_poll.cpp:535] task_sensor_poll(): [T5_SEN] [T5] T=24°C RH=38% ws=0.0 m/s wd=0° | avg T=24 RH=39 ws=0.0 wd=0° [win T=12 RH=20 W=12]
[2026-05-14 16:57:51.990] [10169526][I][climate_control.cpp:434] task_climate_control(): [T6_CLI] [T6] T_avg=24 t_max=28 hyst=5 → step_t=0 | RH_avg=39 rh_max=75 rh_min=50 hyst=12 rh_en=1 → step_rh=0 | resolved=0 (was cur_t=0 cur_rh=0)
[2026-05-14 16:57:56.001] [10173547][I][main.cpp:162] task_watchdog_heartbeat(): [GHC] T1 tick 20270  uptime 10173 s
[2026-05-14 16:58:01.019] [10178565][I][main.cpp:162] task_watchdog_heartbeat(): [GHC] T1 tick 20280  uptime 10178 s
[2026-05-14 16:58:06.037] [10183583][I][main.cpp:162] task_watchdog_heartbeat(): [GHC] T1 tick 20290  uptime 10183 s
[2026-05-14 16:58:11.055] [10188601][I][main.cpp:162] task_watchdog_heartbeat(): [GHC] T1 tick 20300  uptime 10188 s
[2026-05-14 16:58:16.073] [10193619][I][main.cpp:162] task_watchdog_heartbeat(): [GHC] T1 tick 20310  uptime 10193 s
[2026-05-14 16:58:18.969] [10196513][I][data_manager.cpp:230] read_rtc_and_seed_clock(): [T4] RTC: 2026-05-14 16:58:14 UTC  unix=1778777894  daytime=yes
[2026-05-14 16:58:21.092] [10198637][I][main.cpp:162] task_watchdog_heartbeat(): [GHC] T1 tick 20320  uptime 10198 s
[2026-05-14 16:58:21.981] [10199526][I][sensor_poll.cpp:359] task_sensor_poll(): [T5_SEN] [T5] iter 333 — woke from 30 s delay
[2026-05-14 16:58:21.990] [10199535][I][sensor_poll.cpp:395] task_sensor_poll(): [T5_SEN] [T5] iter 333 — polling FG6485A
[2026-05-14 16:58:22.020] [10199567][I][sensor_poll.cpp:432] task_sensor_poll(): [T5_SEN] [T5] iter 333 — polling S200
[2026-05-14 16:58:22.565] [10200106][I][sensor_poll.cpp:535] task_sensor_poll(): [T5_SEN] [T5] T=24°C RH=38% ws=0.0 m/s wd=0° | avg T=24 RH=39 ws=0.0 wd=0° [win T=12 RH=20 W=12]
[2026-05-14 16:58:22.585] [10200120][I][climate_control.cpp:434] task_climate_control(): [T6_CLI] [T6] T_avg=24 t_max=28 hyst=5 → step_t=0 | RH_avg=39 rh_max=75 rh_min=50 hyst=12 rh_en=1 → step_rh=0 | resolved=0 (was cur_t=0 cur_rh=0)
[2026-05-14 16:58:26.110] [10203655][I][main.cpp:162] task_watchdog_heartbeat(): [GHC] T1 tick 20330  uptime 10203 s
[2026-05-14 16:58:31.128] [10208673][I][main.cpp:162] task_watchdog_heartbeat(): [GHC] T1 tick 20340  uptime 10208 s
[2026-05-14 16:58:36.146] [10213691][I][main.cpp:162] task_watchdog_heartbeat(): [GHC] T1 tick 20350  uptime 10213 s
[2026-05-14 16:58:41.164] [10218709][I][main.cpp:162] task_watchdog_heartbeat(): [GHC] T1 tick 20360  uptime 10218 s
[2026-05-14 16:58:46.182] [10223727][I][main.cpp:162] task_watchdog_heartbeat(): [GHC] T1 tick 20370  uptime 10223 s
[2026-05-14 16:58:51.200] [10228745][I][main.cpp:162] task_watchdog_heartbeat(): [GHC] T1 tick 20380  uptime 10228 s
[2026-05-14 16:58:52.576] [10230120][I][sensor_poll.cpp:359] task_sensor_poll(): [T5_SEN] [T5] iter 334 — woke from 30 s delay
[2026-05-14 16:58:52.584] [10230129][I][sensor_poll.cpp:395] task_sensor_poll(): [T5_SEN] [T5] iter 334 — polling FG6485A
[2026-05-14 16:58:52.615] [10230162][I][sensor_poll.cpp:432] task_sensor_poll(): [T5_SEN] [T5] iter 334 — polling S200
[2026-05-14 16:58:53.159] [10230700][I][sensor_poll.cpp:535] task_sensor_poll(): [T5_SEN] [T5] T=24°C RH=38% ws=0.0 m/s wd=0° | avg T=24 RH=38 ws=0.0 wd=0° [win T=12 RH=20 W=12]
[2026-05-14 16:58:53.179] [10230714][I][climate_control.cpp:434] task_climate_control(): [T6_CLI] [T6] T_avg=24 t_max=28 hyst=5 → step_t=0 | RH_avg=38 rh_max=75 rh_min=50 hyst=12 rh_en=1 → step_rh=0 | resolved=0 (was cur_t=0 cur_rh=0)
[2026-05-14 16:58:56.218] [10233763][I][main.cpp:162] task_watchdog_heartbeat(): [GHC] T1 tick 20390  uptime 10233 s
[2026-05-14 16:59:01.235] [10238781][I][main.cpp:162] task_watchdog_heartbeat(): [GHC] T1 tick 20400  uptime 10238 s
[2026-05-14 16:59:01.243] [10238789][I][main.cpp:247] task_watchdog_heartbeat(): [GHC] stack T1  hwm=2012 B
[2026-05-14 16:59:01.251] [10238797][I][main.cpp:247] task_watchdog_heartbeat(): [GHC] stack T2  hwm=6380 B
[2026-05-14 16:59:01.258] [10238804][I][main.cpp:247] task_watchdog_heartbeat(): [GHC] stack T3  hwm=1980 B
[2026-05-14 16:59:01.266] [10238812][I][main.cpp:247] task_watchdog_heartbeat(): [GHC] stack T4  hwm=3980 B
[2026-05-14 16:59:01.272] [10238819][I][main.cpp:247] task_watchdog_heartbeat(): [GHC] stack T5  hwm=4124 B
[2026-05-14 16:59:01.280] [10238827][I][main.cpp:247] task_watchdog_heartbeat(): [GHC] stack T6  hwm=1596 B
[2026-05-14 16:59:01.289] [10238834][I][main.cpp:247] task_watchdog_heartbeat(): [GHC] stack T7  hwm=2464 B
[2026-05-14 16:59:01.294] [10238842][I][main.cpp:247] task_watchdog_heartbeat(): [GHC] stack T8  hwm=5740 B
[2026-05-14 16:59:01.303] [10238849][I][main.cpp:247] task_watchdog_heartbeat(): [GHC] stack T9  hwm=2524 B
[2026-05-14 16:59:01.309] [10238856][I][main.cpp:247] task_watchdog_heartbeat(): [GHC] stack T10 hwm=5632 B
[2026-05-14 16:59:01.318] [10238864][I][main.cpp:247] task_watchdog_heartbeat(): [GHC] stack T11 hwm=5536 B
[2026-05-14 16:59:01.324] [10238872][I][main.cpp:247] task_watchdog_heartbeat(): [GHC] stack T12 hwm=7464 B
[2026-05-14 16:59:01.332] [10238879][I][main.cpp:247] task_watchdog_heartbeat(): [GHC] stack T14 hwm=6640 B
[2026-05-14 16:59:01.340] [10238887][I][main.cpp:247] task_watchdog_heartbeat(): [GHC] stack T15 hwm=2376 B
[2026-05-14 16:59:06.358] [10243903][I][main.cpp:162] task_watchdog_heartbeat(): [GHC] T1 tick 20410  uptime 10243 s
[2026-05-14 16:59:11.376] [10248921][I][main.cpp:162] task_watchdog_heartbeat(): [GHC] T1 tick 20420  uptime 10248 s
[2026-05-14 16:59:16.394] [10253939][I][main.cpp:162] task_watchdog_heartbeat(): [GHC] T1 tick 20430  uptime 10253 s
[2026-05-14 16:59:18.157] [10255701][I][data_manager.cpp:230] read_rtc_and_seed_clock(): [T4] RTC: 2026-05-14 16:59:14 UTC  unix=1778777954  daytime=yes
[2026-05-14 16:59:21.412] [10258957][I][main.cpp:162] task_watchdog_heartbeat(): [GHC] T1 tick 20440  uptime 10258 s
[2026-05-14 16:59:23.170] [10260714][I][sensor_poll.cpp:359] task_sensor_poll(): [T5_SEN] [T5] iter 335 — woke from 30 s delay
[2026-05-14 16:59:23.179] [10260723][I][sensor_poll.cpp:395] task_sensor_poll(): [T5_SEN] [T5] iter 335 — polling FG6485A
[2026-05-14 16:59:23.210] [10260756][I][sensor_poll.cpp:432] task_sensor_poll(): [T5_SEN] [T5] iter 335 — polling S200
[2026-05-14 16:59:23.754] [10261295][I][sensor_poll.cpp:535] task_sensor_poll(): [T5_SEN] [T5] T=24°C RH=39% ws=0.0 m/s wd=0° | avg T=24 RH=38 ws=0.0 wd=0° [win T=12 RH=20 W=12]
[2026-05-14 16:59:23.774] [10261309][I][climate_control.cpp:434] task_climate_control(): [T6_CLI] [T6] T_avg=24 t_max=28 hyst=5 → step_t=0 | RH_avg=38 rh_max=75 rh_min=50 hyst=12 rh_en=1 → step_rh=0 | resolved=0 (was cur_t=0 cur_rh=0)
[2026-05-14 16:59:26.430] [10263975][I][main.cpp:162] task_watchdog_heartbeat(): [GHC] T1 tick 20450  uptime 10263 s
[2026-05-14 16:59:31.448] [10268993][I][main.cpp:162] task_watchdog_heartbeat(): [GHC] T1 tick 20460  uptime 10268 s
[2026-05-14 16:59:36.466] [10274011][I][main.cpp:162] task_watchdog_heartbeat(): [GHC] T1 tick 20470  uptime 10274 s
[2026-05-14 16:59:41.484] [10279029][I][main.cpp:162] task_watchdog_heartbeat(): [GHC] T1 tick 20480  uptime 10279 s
[2026-05-14 16:59:46.502] [10284047][I][main.cpp:162] task_watchdog_heartbeat(): [GHC] T1 tick 20490  uptime 10284 s
[2026-05-14 16:59:51.520] [10289065][I][main.cpp:162] task_watchdog_heartbeat(): [GHC] T1 tick 20500  uptime 10289 s
[2026-05-14 16:59:53.765] [10291309][I][sensor_poll.cpp:359] task_sensor_poll(): [T5_SEN] [T5] iter 336 — woke from 30 s delay
[2026-05-14 16:59:53.774] [10291318][I][sensor_poll.cpp:395] task_sensor_poll(): [T5_SEN] [T5] iter 336 — polling FG6485A
[2026-05-14 16:59:53.805] [10291351][I][sensor_poll.cpp:432] task_sensor_poll(): [T5_SEN] [T5] iter 336 — polling S200
[2026-05-14 16:59:54.348] [10291889][I][sensor_poll.cpp:535] task_sensor_poll(): [T5_SEN] [T5] T=24°C RH=39% ws=0.0 m/s wd=0° | avg T=24 RH=38 ws=0.0 wd=0° [win T=12 RH=20 W=12]
[2026-05-14 16:59:54.368] [10291903][I][climate_control.cpp:434] task_climate_control(): [T6_CLI] [T6] T_avg=24 t_max=28 hyst=5 → step_t=0 | RH_avg=38 rh_max=75 rh_min=50 hyst=12 rh_en=1 → step_rh=0 | resolved=0 (was cur_t=0 cur_rh=0)
[2026-05-14 16:59:56.538] [10294083][I][main.cpp:162] task_watchdog_heartbeat(): [GHC] T1 tick 20510  uptime 10294 s
[2026-05-14 17:00:01.556] [10299101][I][main.cpp:162] task_watchdog_heartbeat(): [GHC] T1 tick 20520  uptime 10299 s
[2026-05-14 17:00:06.574] [10304119][I][main.cpp:162] task_watchdog_heartbeat(): [GHC] T1 tick 20530  uptime 10304 s
[2026-05-14 17:00:11.592] [10309137][I][main.cpp:162] task_watchdog_heartbeat(): [GHC] T1 tick 20540  uptime 10309 s
[2026-05-14 17:00:16.610] [10314155][I][main.cpp:162] task_watchdog_heartbeat(): [GHC] T1 tick 20550  uptime 10314 s
[2026-05-14 17:00:17.347] [10314890][I][data_manager.cpp:230] read_rtc_and_seed_clock(): [T4] RTC: 2026-05-14 17:00:13 UTC  unix=1778778013  daytime=yes
[2026-05-14 17:00:21.628] [10319173][I][main.cpp:162] task_watchdog_heartbeat(): [GHC] T1 tick 20560  uptime 10319 s
[2026-05-14 17:00:24.359] [10321903][I][sensor_poll.cpp:359] task_sensor_poll(): [T5_SEN] [T5] iter 337 — woke from 30 s delay
[2026-05-14 17:00:24.368] [10321912][I][sensor_poll.cpp:395] task_sensor_poll(): [T5_SEN] [T5] iter 337 — polling FG6485A
[2026-05-14 17:00:24.398] [10321944][I][sensor_poll.cpp:432] task_sensor_poll(): [T5_SEN] [T5] iter 337 — polling S200
[2026-05-14 17:00:24.942] [10322483][I][sensor_poll.cpp:535] task_sensor_poll(): [T5_SEN] [T5] T=24°C RH=39% ws=0.0 m/s wd=0° | avg T=24 RH=38 ws=0.0 wd=0° [win T=12 RH=20 W=12]
[2026-05-14 17:00:24.962] [10322497][I][climate_control.cpp:434] task_climate_control(): [T6_CLI] [T6] T_avg=24 t_max=28 hyst=5 → step_t=0 | RH_avg=38 rh_max=75 rh_min=50 hyst=12 rh_en=1 → step_rh=0 | resolved=0 (was cur_t=0 cur_rh=0)
[2026-05-14 17:00:26.646] [10324191][I][main.cpp:162] task_watchdog_heartbeat(): [GHC] T1 tick 20570  uptime 10324 s
[2026-05-14 17:00:31.665] [10329209][I][main.cpp:162] task_watchdog_heartbeat(): [GHC] T1 tick 20580  uptime 10329 s
[2026-05-14 17:00:36.682] [10334227][I][main.cpp:162] task_watchdog_heartbeat(): [GHC] T1 tick 20590  uptime 10334 s
[2026-05-14 17:00:41.701] [10339245][I][main.cpp:162] task_watchdog_heartbeat(): [GHC] T1 tick 20600  uptime 10339 s
[2026-05-14 17:00:46.719] [10344263][I][main.cpp:162] task_watchdog_heartbeat(): [GHC] T1 tick 20610  uptime 10344 s
[2026-05-14 17:00:51.737] [10349281][I][main.cpp:162] task_watchdog_heartbeat(): [GHC] T1 tick 20620  uptime 10349 s
[2026-05-14 17:00:54.953] [10352497][I][sensor_poll.cpp:359] task_sensor_poll(): [T5_SEN] [T5] iter 338 — woke from 30 s delay
[2026-05-14 17:00:54.962] [10352506][I][sensor_poll.cpp:395] task_sensor_poll(): [T5_SEN] [T5] iter 338 — polling FG6485A
[2026-05-14 17:00:54.993] [10352539][I][sensor_poll.cpp:432] task_sensor_poll(): [T5_SEN] [T5] iter 338 — polling S200
[2026-05-14 17:00:55.537] [10353077][I][sensor_poll.cpp:535] task_sensor_poll(): [T5_SEN] [T5] T=24°C RH=39% ws=0.0 m/s wd=0° | avg T=24 RH=38 ws=0.0 wd=0° [win T=12 RH=20 W=12]
[2026-05-14 17:00:55.557] [10353091][I][climate_control.cpp:434] task_climate_control(): [T6_CLI] [T6] T_avg=24 t_max=28 hyst=5 → step_t=0 | RH_avg=38 rh_max=75 rh_min=50 hyst=12 rh_en=1 → step_rh=0 | resolved=0 (was cur_t=0 cur_rh=0)
[2026-05-14 17:00:56.755] [10354299][I][main.cpp:162] task_watchdog_heartbeat(): [GHC] T1 tick 20630  uptime 10354 s
[2026-05-14 17:01:01.773] [10359317][I][main.cpp:162] task_watchdog_heartbeat(): [GHC] T1 tick 20640  uptime 10359 s
[2026-05-14 17:01:06.791] [10364335][I][main.cpp:162] task_watchdog_heartbeat(): [GHC] T1 tick 20650  uptime 10364 s
[2026-05-14 17:01:11.809] [10369353][I][main.cpp:162] task_watchdog_heartbeat(): [GHC] T1 tick 20660  uptime 10369 s
[2026-05-14 17:01:16.535] [10374078][I][data_manager.cpp:230] read_rtc_and_seed_clock(): [T4] RTC: 2026-05-14 17:01:12 UTC  unix=1778778072  daytime=yes
[2026-05-14 17:01:16.827] [10374371][I][main.cpp:162] task_watchdog_heartbeat(): [GHC] T1 tick 20670  uptime 10374 s
[2026-05-14 17:01:21.844] [10379389][I][main.cpp:162] task_watchdog_heartbeat(): [GHC] T1 tick 20680  uptime 10379 s
[2026-05-14 17:01:25.548] [10383091][I][sensor_poll.cpp:359] task_sensor_poll(): [T5_SEN] [T5] iter 339 — woke from 30 s delay
[2026-05-14 17:01:25.556] [10383100][I][sensor_poll.cpp:395] task_sensor_poll(): [T5_SEN] [T5] iter 339 — polling FG6485A
[2026-05-14 17:01:25.587] [10383133][I][sensor_poll.cpp:432] task_sensor_poll(): [T5_SEN] [T5] iter 339 — polling S200
[2026-05-14 17:01:26.131] [10383671][I][sensor_poll.cpp:535] task_sensor_poll(): [T5_SEN] [T5] T=24°C RH=39% ws=0.0 m/s wd=0° | avg T=24 RH=38 ws=0.0 wd=0° [win T=12 RH=20 W=12]
[2026-05-14 17:01:26.151] [10383685][I][climate_control.cpp:434] task_climate_control(): [T6_CLI] [T6] T_avg=24 t_max=28 hyst=5 → step_t=0 | RH_avg=38 rh_max=75 rh_min=50 hyst=12 rh_en=1 → step_rh=0 | resolved=0 (was cur_t=0 cur_rh=0)
[2026-05-14 17:01:26.863] [10384407][I][main.cpp:162] task_watchdog_heartbeat(): [GHC] T1 tick 20690  uptime 10384 s
[2026-05-14 17:01:31.881] [10389425][I][main.cpp:162] task_watchdog_heartbeat(): [GHC] T1 tick 20700  uptime 10389 s
[2026-05-14 17:01:36.899] [10394443][I][main.cpp:162] task_watchdog_heartbeat(): [GHC] T1 tick 20710  uptime 10394 s
[2026-05-14 17:01:41.917] [10399461][I][main.cpp:162] task_watchdog_heartbeat(): [GHC] T1 tick 20720  uptime 10399 s
[2026-05-14 17:01:46.935] [10404479][I][main.cpp:162] task_watchdog_heartbeat(): [GHC] T1 tick 20730  uptime 10404 s
[2026-05-14 17:01:51.953] [10409497][I][main.cpp:162] task_watchdog_heartbeat(): [GHC] T1 tick 20740  uptime 10409 s
[2026-05-14 17:01:56.142] [10413685][I][sensor_poll.cpp:359] task_sensor_poll(): [T5_SEN] [T5] iter 340 — woke from 30 s delay
[2026-05-14 17:01:56.151] [10413694][I][sensor_poll.cpp:395] task_sensor_poll(): [T5_SEN] [T5] iter 340 — polling FG6485A
[2026-05-14 17:01:56.182] [10413727][I][sensor_poll.cpp:432] task_sensor_poll(): [T5_SEN] [T5] iter 340 — polling S200
[2026-05-14 17:01:56.725] [10414265][I][sensor_poll.cpp:535] task_sensor_poll(): [T5_SEN] [T5] T=24°C RH=39% ws=0.0 m/s wd=0° | avg T=24 RH=38 ws=0.0 wd=0° [win T=12 RH=20 W=12]
[2026-05-14 17:01:56.745] [10414279][I][climate_control.cpp:434] task_climate_control(): [T6_CLI] [T6] T_avg=24 t_max=28 hyst=5 → step_t=0 | RH_avg=38 rh_max=75 rh_min=50 hyst=12 rh_en=1 → step_rh=0 | resolved=0 (was cur_t=0 cur_rh=0)
[2026-05-14 17:01:56.971] [10414515][I][main.cpp:162] task_watchdog_heartbeat(): [GHC] T1 tick 20750  uptime 10414 s
[2026-05-14 17:02:01.989] [10419533][I][main.cpp:162] task_watchdog_heartbeat(): [GHC] T1 tick 20760  uptime 10419 s
[2026-05-14 17:02:07.007] [10424551][I][main.cpp:162] task_watchdog_heartbeat(): [GHC] T1 tick 20770  uptime 10424 s
[2026-05-14 17:02:12.025] [10429569][I][main.cpp:162] task_watchdog_heartbeat(): [GHC] T1 tick 20780  uptime 10429 s
[2026-05-14 17:02:15.723] [10433266][I][data_manager.cpp:230] read_rtc_and_seed_clock(): [T4] RTC: 2026-05-14 17:02:11 UTC  unix=1778778131  daytime=yes
[2026-05-14 17:02:17.043] [10434587][I][main.cpp:162] task_watchdog_heartbeat(): [GHC] T1 tick 20790  uptime 10434 s
[2026-05-14 17:02:22.061] [10439605][I][main.cpp:162] task_watchdog_heartbeat(): [GHC] T1 tick 20800  uptime 10439 s
[2026-05-14 17:02:26.736] [10444279][I][sensor_poll.cpp:359] task_sensor_poll(): [T5_SEN] [T5] iter 341 — woke from 30 s delay
[2026-05-14 17:02:26.745] [10444288][I][sensor_poll.cpp:395] task_sensor_poll(): [T5_SEN] [T5] iter 341 — polling FG6485A
[2026-05-14 17:02:26.775] [10444320][I][sensor_poll.cpp:432] task_sensor_poll(): [T5_SEN] [T5] iter 341 — polling S200
[2026-05-14 17:02:27.079] [10444623][I][main.cpp:162] task_watchdog_heartbeat(): [GHC] T1 tick 20810  uptime 10444 s
[2026-05-14 17:02:27.319] [10444859][I][sensor_poll.cpp:535] task_sensor_poll(): [T5_SEN] [T5] T=24°C RH=39% ws=0.0 m/s wd=0° | avg T=24 RH=38 ws=0.0 wd=0° [win T=12 RH=20 W=12]
[2026-05-14 17:02:27.339] [10444873][I][climate_control.cpp:434] task_climate_control(): [T6_CLI] [T6] T_avg=24 t_max=28 hyst=5 → step_t=0 | RH_avg=38 rh_max=75 rh_min=50 hyst=12 rh_en=1 → step_rh=0 | resolved=0 (was cur_t=0 cur_rh=0)
[2026-05-14 17:02:32.097] [10449641][I][main.cpp:162] task_watchdog_heartbeat(): [GHC] T1 tick 20820  uptime 10449 s
[2026-05-14 17:02:37.115] [10454659][I][main.cpp:162] task_watchdog_heartbeat(): [GHC] T1 tick 20830  uptime 10454 s
[2026-05-14 17:02:42.133] [10459677][I][main.cpp:162] task_watchdog_heartbeat(): [GHC] T1 tick 20840  uptime 10459 s
[2026-05-14 17:02:47.152] [10464695][I][main.cpp:162] task_watchdog_heartbeat(): [GHC] T1 tick 20850  uptime 10464 s
[2026-05-14 17:02:52.169] [10469713][I][main.cpp:162] task_watchdog_heartbeat(): [GHC] T1 tick 20860  uptime 10469 s
[2026-05-14 17:02:57.187] [10474731][I][main.cpp:162] task_watchdog_heartbeat(): [GHC] T1 tick 20870  uptime 10474 s
[2026-05-14 17:02:57.330] [10474873][I][sensor_poll.cpp:359] task_sensor_poll(): [T5_SEN] [T5] iter 342 — woke from 30 s delay
[2026-05-14 17:02:57.339] [10474882][I][sensor_poll.cpp:395] task_sensor_poll(): [T5_SEN] [T5] iter 342 — polling FG6485A
[2026-05-14 17:02:57.370] [10474914][I][sensor_poll.cpp:432] task_sensor_poll(): [T5_SEN] [T5] iter 342 — polling S200
[2026-05-14 17:02:57.913] [10475453][I][sensor_poll.cpp:535] task_sensor_poll(): [T5_SEN] [T5] T=24°C RH=39% ws=0.0 m/s wd=0° | avg T=24 RH=38 ws=0.0 wd=0° [win T=12 RH=20 W=12]
[2026-05-14 17:02:57.933] [10475467][I][climate_control.cpp:434] task_climate_control(): [T6_CLI] [T6] T_avg=24 t_max=28 hyst=5 → step_t=0 | RH_avg=38 rh_max=75 rh_min=50 hyst=12 rh_en=1 → step_rh=0 | resolved=0 (was cur_t=0 cur_rh=0)
[2026-05-14 17:03:02.206] [10479749][I][main.cpp:162] task_watchdog_heartbeat(): [GHC] T1 tick 20880  uptime 10479 s
[2026-05-14 17:03:07.224] [10484767][I][main.cpp:162] task_watchdog_heartbeat(): [GHC] T1 tick 20890  uptime 10484 s
[2026-05-14 17:03:12.242] [10489785][I][main.cpp:162] task_watchdog_heartbeat(): [GHC] T1 tick 20900  uptime 10489 s
[2026-05-14 17:03:14.911] [10492454][I][data_manager.cpp:230] read_rtc_and_seed_clock(): [T4] RTC: 2026-05-14 17:03:10 UTC  unix=1778778190  daytime=yes
[2026-05-14 17:03:17.260] [10494803][I][main.cpp:162] task_watchdog_heartbeat(): [GHC] T1 tick 20910  uptime 10494 s
[2026-05-14 17:03:22.278] [10499821][I][main.cpp:162] task_watchdog_heartbeat(): [GHC] T1 tick 20920  uptime 10499 s
[2026-05-14 17:03:27.296] [10504839][I][main.cpp:162] task_watchdog_heartbeat(): [GHC] T1 tick 20930  uptime 10504 s
[2026-05-14 17:03:27.925] [10505467][I][sensor_poll.cpp:359] task_sensor_poll(): [T5_SEN] [T5] iter 343 — woke from 30 s delay
[2026-05-14 17:03:27.933] [10505476][I][sensor_poll.cpp:395] task_sensor_poll(): [T5_SEN] [T5] iter 343 — polling FG6485A
[2026-05-14 17:03:27.964] [10505509][I][sensor_poll.cpp:432] task_sensor_poll(): [T5_SEN] [T5] iter 343 — polling S200
[2026-05-14 17:03:28.508] [10506047][I][sensor_poll.cpp:535] task_sensor_poll(): [T5_SEN] [T5] T=24°C RH=39% ws=0.0 m/s wd=0° | avg T=24 RH=38 ws=0.0 wd=0° [win T=12 RH=20 W=12]
[2026-05-14 17:03:28.528] [10506061][I][climate_control.cpp:434] task_climate_control(): [T6_CLI] [T6] T_avg=24 t_max=28 hyst=5 → step_t=0 | RH_avg=38 rh_max=75 rh_min=50 hyst=12 rh_en=1 → step_rh=0 | resolved=0 (was cur_t=0 cur_rh=0)
[2026-05-14 17:03:32.314] [10509857][I][main.cpp:162] task_watchdog_heartbeat(): [GHC] T1 tick 20940  uptime 10509 s
[2026-05-14 17:03:37.332] [10514875][I][main.cpp:162] task_watchdog_heartbeat(): [GHC] T1 tick 20950  uptime 10514 s
[2026-05-14 17:03:42.350] [10519893][I][main.cpp:162] task_watchdog_heartbeat(): [GHC] T1 tick 20960  uptime 10519 s
[2026-05-14 17:03:47.368] [10524911][I][main.cpp:162] task_watchdog_heartbeat(): [GHC] T1 tick 20970  uptime 10524 s
[2026-05-14 17:03:52.386] [10529929][I][main.cpp:162] task_watchdog_heartbeat(): [GHC] T1 tick 20980  uptime 10529 s
[2026-05-14 17:03:57.404] [10534947][I][main.cpp:162] task_watchdog_heartbeat(): [GHC] T1 tick 20990  uptime 10534 s
[2026-05-14 17:03:58.519] [10536061][I][sensor_poll.cpp:359] task_sensor_poll(): [T5_SEN] [T5] iter 344 — woke from 30 s delay
[2026-05-14 17:03:58.527] [10536070][I][sensor_poll.cpp:395] task_sensor_poll(): [T5_SEN] [T5] iter 344 — polling FG6485A
[2026-05-14 17:03:58.558] [10536103][I][sensor_poll.cpp:432] task_sensor_poll(): [T5_SEN] [T5] iter 344 — polling S200
[2026-05-14 17:03:59.102] [10536641][I][sensor_poll.cpp:535] task_sensor_poll(): [T5_SEN] [T5] T=24°C RH=39% ws=0.0 m/s wd=0° | avg T=24 RH=38 ws=0.0 wd=0° [win T=12 RH=20 W=12]
[2026-05-14 17:03:59.122] [10536655][I][climate_control.cpp:434] task_climate_control(): [T6_CLI] [T6] T_avg=24 t_max=28 hyst=5 → step_t=0 | RH_avg=38 rh_max=75 rh_min=50 hyst=12 rh_en=1 → step_rh=0 | resolved=0 (was cur_t=0 cur_rh=0)
[2026-05-14 17:04:02.422] [10539965][I][main.cpp:162] task_watchdog_heartbeat(): [GHC] T1 tick 21000  uptime 10539 s
[2026-05-14 17:04:07.440] [10544983][I][main.cpp:162] task_watchdog_heartbeat(): [GHC] T1 tick 21010  uptime 10544 s
[2026-05-14 17:04:12.458] [10550001][I][main.cpp:162] task_watchdog_heartbeat(): [GHC] T1 tick 21020  uptime 10550 s
[2026-05-14 17:04:14.100] [10551642][I][data_manager.cpp:230] read_rtc_and_seed_clock(): [T4] RTC: 2026-05-14 17:04:10 UTC  unix=1778778250  daytime=yes
[2026-05-14 17:04:17.476] [10555019][I][main.cpp:162] task_watchdog_heartbeat(): [GHC] T1 tick 21030  uptime 10555 s
[2026-05-14 17:04:22.494] [10560037][I][main.cpp:162] task_watchdog_heartbeat(): [GHC] T1 tick 21040  uptime 10560 s
[2026-05-14 17:04:27.512] [10565055][I][main.cpp:162] task_watchdog_heartbeat(): [GHC] T1 tick 21050  uptime 10565 s
[2026-05-14 17:04:29.113] [10566655][I][sensor_poll.cpp:359] task_sensor_poll(): [T5_SEN] [T5] iter 345 — woke from 30 s delay
[2026-05-14 17:04:29.122] [10566664][I][sensor_poll.cpp:395] task_sensor_poll(): [T5_SEN] [T5] iter 345 — polling FG6485A
[2026-05-14 17:04:29.152] [10566696][I][sensor_poll.cpp:432] task_sensor_poll(): [T5_SEN] [T5] iter 345 — polling S200
[2026-05-14 17:04:29.696] [10567235][I][sensor_poll.cpp:535] task_sensor_poll(): [T5_SEN] [T5] T=24°C RH=39% ws=0.0 m/s wd=0° | avg T=24 RH=38 ws=0.0 wd=0° [win T=12 RH=20 W=12]
[2026-05-14 17:04:29.716] [10567249][I][climate_control.cpp:434] task_climate_control(): [T6_CLI] [T6] T_avg=24 t_max=28 hyst=5 → step_t=0 | RH_avg=38 rh_max=75 rh_min=50 hyst=12 rh_en=1 → step_rh=0 | resolved=0 (was cur_t=0 cur_rh=0)
[2026-05-14 17:04:32.530] [10570073][I][main.cpp:162] task_watchdog_heartbeat(): [GHC] T1 tick 21060  uptime 10570 s
[2026-05-14 17:04:37.548] [10575091][I][main.cpp:162] task_watchdog_heartbeat(): [GHC] T1 tick 21070  uptime 10575 s
[2026-05-14 17:04:42.566] [10580109][I][main.cpp:162] task_watchdog_heartbeat(): [GHC] T1 tick 21080  uptime 10580 s
[2026-05-14 17:04:47.584] [10585127][I][main.cpp:162] task_watchdog_heartbeat(): [GHC] T1 tick 21090  uptime 10585 s
[2026-05-14 17:04:52.602] [10590145][I][main.cpp:162] task_watchdog_heartbeat(): [GHC] T1 tick 21100  uptime 10590 s
[2026-05-14 17:04:57.620] [10595163][I][main.cpp:162] task_watchdog_heartbeat(): [GHC] T1 tick 21110  uptime 10595 s
[2026-05-14 17:04:59.707] [10597249][I][sensor_poll.cpp:359] task_sensor_poll(): [T5_SEN] [T5] iter 346 — woke from 30 s delay
[2026-05-14 17:04:59.716] [10597258][I][sensor_poll.cpp:395] task_sensor_poll(): [T5_SEN] [T5] iter 346 — polling FG6485A
[2026-05-14 17:04:59.746] [10597290][I][sensor_poll.cpp:432] task_sensor_poll(): [T5_SEN] [T5] iter 346 — polling S200
[2026-05-14 17:05:00.290] [10597829][I][sensor_poll.cpp:535] task_sensor_poll(): [T5_SEN] [T5] T=24°C RH=39% ws=0.0 m/s wd=0° | avg T=24 RH=38 ws=0.0 wd=0° [win T=12 RH=20 W=12]
[2026-05-14 17:05:00.310] [10597843][I][climate_control.cpp:434] task_climate_control(): [T6_CLI] [T6] T_avg=24 t_max=28 hyst=5 → step_t=0 | RH_avg=38 rh_max=75 rh_min=50 hyst=12 rh_en=1 → step_rh=0 | resolved=0 (was cur_t=0 cur_rh=0)
[2026-05-14 17:05:02.638] [10600181][I][main.cpp:162] task_watchdog_heartbeat(): [GHC] T1 tick 21120  uptime 10600 s
[2026-05-14 17:05:07.656] [10605199][I][main.cpp:162] task_watchdog_heartbeat(): [GHC] T1 tick 21130  uptime 10605 s
[2026-05-14 17:05:12.674] [10610217][I][main.cpp:162] task_watchdog_heartbeat(): [GHC] T1 tick 21140  uptime 10610 s
[2026-05-14 17:05:13.289] [10610830][I][data_manager.cpp:230] read_rtc_and_seed_clock(): [T4] RTC: 2026-05-14 17:05:09 UTC  unix=1778778309  daytime=yes
[2026-05-14 17:05:17.692] [10615235][I][main.cpp:162] task_watchdog_heartbeat(): [GHC] T1 tick 21150  uptime 10615 s
[2026-05-14 17:05:22.710] [10620253][I][main.cpp:162] task_watchdog_heartbeat(): [GHC] T1 tick 21160  uptime 10620 s
[2026-05-14 17:05:27.729] [10625271][I][main.cpp:162] task_watchdog_heartbeat(): [GHC] T1 tick 21170  uptime 10625 s
[2026-05-14 17:05:30.301] [10627843][I][sensor_poll.cpp:359] task_sensor_poll(): [T5_SEN] [T5] iter 347 — woke from 30 s delay
[2026-05-14 17:05:30.310] [10627852][I][sensor_poll.cpp:395] task_sensor_poll(): [T5_SEN] [T5] iter 347 — polling FG6485A
[2026-05-14 17:05:30.341] [10627885][I][sensor_poll.cpp:432] task_sensor_poll(): [T5_SEN] [T5] iter 347 — polling S200
[2026-05-14 17:05:30.885] [10628423][I][sensor_poll.cpp:535] task_sensor_poll(): [T5_SEN] [T5] T=24°C RH=39% ws=0.0 m/s wd=0° | avg T=24 RH=38 ws=0.0 wd=0° [win T=12 RH=20 W=12]
[2026-05-14 17:05:30.904] [10628437][I][climate_control.cpp:434] task_climate_control(): [T6_CLI] [T6] T_avg=24 t_max=28 hyst=5 → step_t=0 | RH_avg=38 rh_max=75 rh_min=50 hyst=12 rh_en=1 → step_rh=0 | resolved=0 (was cur_t=0 cur_rh=0)
[2026-05-14 17:05:32.747] [10630289][I][main.cpp:162] task_watchdog_heartbeat(): [GHC] T1 tick 21180  uptime 10630 s
[2026-05-14 17:05:37.765] [10635307][I][main.cpp:162] task_watchdog_heartbeat(): [GHC] T1 tick 21190  uptime 10635 s
[2026-05-14 17:05:42.783] [10640325][I][main.cpp:162] task_watchdog_heartbeat(): [GHC] T1 tick 21200  uptime 10640 s
[2026-05-14 17:05:47.801] [10645343][I][main.cpp:162] task_watchdog_heartbeat(): [GHC] T1 tick 21210  uptime 10645 s
[2026-05-14 17:05:52.819] [10650361][I][main.cpp:162] task_watchdog_heartbeat(): [GHC] T1 tick 21220  uptime 10650 s
[2026-05-14 17:05:57.837] [10655379][I][main.cpp:162] task_watchdog_heartbeat(): [GHC] T1 tick 21230  uptime 10655 s
[2026-05-14 17:06:00.896] [10658437][I][sensor_poll.cpp:359] task_sensor_poll(): [T5_SEN] [T5] iter 348 — woke from 30 s delay
[2026-05-14 17:06:00.904] [10658446][I][sensor_poll.cpp:395] task_sensor_poll(): [T5_SEN] [T5] iter 348 — polling FG6485A
[2026-05-14 17:06:00.935] [10658479][I][sensor_poll.cpp:432] task_sensor_poll(): [T5_SEN] [T5] iter 348 — polling S200
[2026-05-14 17:06:01.479] [10659017][I][sensor_poll.cpp:535] task_sensor_poll(): [T5_SEN] [T5] T=24°C RH=39% ws=0.0 m/s wd=0° | avg T=24 RH=38 ws=0.0 wd=0° [win T=12 RH=20 W=12]
[2026-05-14 17:06:01.499] [10659031][I][climate_control.cpp:434] task_climate_control(): [T6_CLI] [T6] T_avg=24 t_max=28 hyst=5 → step_t=0 | RH_avg=38 rh_max=75 rh_min=50 hyst=12 rh_en=1 → step_rh=0 | resolved=0 (was cur_t=0 cur_rh=0)
[2026-05-14 17:06:02.855] [10660397][I][main.cpp:162] task_watchdog_heartbeat(): [GHC] T1 tick 21240  uptime 10660 s
[2026-05-14 17:06:07.873] [10665415][I][main.cpp:162] task_watchdog_heartbeat(): [GHC] T1 tick 21250  uptime 10665 s
[2026-05-14 17:06:12.477] [10670018][I][data_manager.cpp:230] read_rtc_and_seed_clock(): [T4] RTC: 2026-05-14 17:06:08 UTC  unix=1778778368  daytime=yes
[2026-05-14 17:06:12.891] [10670433][I][main.cpp:162] task_watchdog_heartbeat(): [GHC] T1 tick 21260  uptime 10670 s
[2026-05-14 17:06:17.909] [10675451][I][main.cpp:162] task_watchdog_heartbeat(): [GHC] T1 tick 21270  uptime 10675 s
[2026-05-14 17:06:22.926] [10680469][I][main.cpp:162] task_watchdog_heartbeat(): [GHC] T1 tick 21280  uptime 10680 s
[2026-05-14 17:06:27.945] [10685487][I][main.cpp:162] task_watchdog_heartbeat(): [GHC] T1 tick 21290  uptime 10685 s
[2026-05-14 17:06:31.490] [10689031][I][sensor_poll.cpp:359] task_sensor_poll(): [T5_SEN] [T5] iter 349 — woke from 30 s delay
[2026-05-14 17:06:31.498] [10689040][I][sensor_poll.cpp:395] task_sensor_poll(): [T5_SEN] [T5] iter 349 — polling FG6485A
[2026-05-14 17:06:31.529] [10689072][I][sensor_poll.cpp:432] task_sensor_poll(): [T5_SEN] [T5] iter 349 — polling S200
[2026-05-14 17:06:32.073] [10689611][I][sensor_poll.cpp:535] task_sensor_poll(): [T5_SEN] [T5] T=24°C RH=39% ws=0.0 m/s wd=0° | avg T=24 RH=38 ws=0.0 wd=0° [win T=12 RH=20 W=12]
[2026-05-14 17:06:32.093] [10689625][I][climate_control.cpp:434] task_climate_control(): [T6_CLI] [T6] T_avg=24 t_max=28 hyst=5 → step_t=0 | RH_avg=38 rh_max=75 rh_min=50 hyst=12 rh_en=1 → step_rh=0 | resolved=0 (was cur_t=0 cur_rh=0)
[2026-05-14 17:06:32.963] [10690505][I][main.cpp:162] task_watchdog_heartbeat(): [GHC] T1 tick 21300  uptime 10690 s
[2026-05-14 17:06:37.981] [10695523][I][main.cpp:162] task_watchdog_heartbeat(): [GHC] T1 tick 21310  uptime 10695 s
[2026-05-14 17:06:42.999] [10700541][I][main.cpp:162] task_watchdog_heartbeat(): [GHC] T1 tick 21320  uptime 10700 s
[2026-05-14 17:06:48.017] [10705559][I][main.cpp:162] task_watchdog_heartbeat(): [GHC] T1 tick 21330  uptime 10705 s
[2026-05-14 17:06:53.035] [10710577][I][main.cpp:162] task_watchdog_heartbeat(): [GHC] T1 tick 21340  uptime 10710 s
[2026-05-14 17:06:58.053] [10715595][I][main.cpp:162] task_watchdog_heartbeat(): [GHC] T1 tick 21350  uptime 10715 s
[2026-05-14 17:07:02.084] [10719625][I][sensor_poll.cpp:359] task_sensor_poll(): [T5_SEN] [T5] iter 350 — woke from 30 s delay
[2026-05-14 17:07:02.093] [10719634][I][sensor_poll.cpp:395] task_sensor_poll(): [T5_SEN] [T5] iter 350 — polling FG6485A
[2026-05-14 17:07:02.123] [10719666][I][sensor_poll.cpp:432] task_sensor_poll(): [T5_SEN] [T5] iter 350 — polling S200
[2026-05-14 17:07:02.667] [10720205][I][sensor_poll.cpp:535] task_sensor_poll(): [T5_SEN] [T5] T=24°C RH=39% ws=0.0 m/s wd=0° | avg T=24 RH=38 ws=0.0 wd=0° [win T=12 RH=20 W=12]
[2026-05-14 17:07:02.687] [10720219][I][climate_control.cpp:434] task_climate_control(): [T6_CLI] [T6] T_avg=24 t_max=28 hyst=5 → step_t=0 | RH_avg=38 rh_max=75 rh_min=50 hyst=12 rh_en=1 → step_rh=0 | resolved=0 (was cur_t=0 cur_rh=0)
[2026-05-14 17:07:03.071] [10720613][I][main.cpp:162] task_watchdog_heartbeat(): [GHC] T1 tick 21360  uptime 10720 s
[2026-05-14 17:07:08.089] [10725631][I][main.cpp:162] task_watchdog_heartbeat(): [GHC] T1 tick 21370  uptime 10725 s
[2026-05-14 17:07:11.665] [10729206][I][data_manager.cpp:230] read_rtc_and_seed_clock(): [T4] RTC: 2026-05-14 17:07:07 UTC  unix=1778778427  daytime=yes
[2026-05-14 17:07:13.107] [10730649][I][main.cpp:162] task_watchdog_heartbeat(): [GHC] T1 tick 21380  uptime 10730 s
[2026-05-14 17:07:18.125] [10735667][I][main.cpp:162] task_watchdog_heartbeat(): [GHC] T1 tick 21390  uptime 10735 s
[2026-05-14 17:07:23.143] [10740685][I][main.cpp:162] task_watchdog_heartbeat(): [GHC] T1 tick 21400  uptime 10740 s
[2026-05-14 17:07:28.161] [10745703][I][main.cpp:162] task_watchdog_heartbeat(): [GHC] T1 tick 21410  uptime 10745 s
[2026-05-14 17:07:32.678] [10750219][I][sensor_poll.cpp:359] task_sensor_poll(): [T5_SEN] [T5] iter 351 — woke from 30 s delay
[2026-05-14 17:07:32.687] [10750228][I][sensor_poll.cpp:395] task_sensor_poll(): [T5_SEN] [T5] iter 351 — polling FG6485A
[2026-05-14 17:07:32.718] [10750261][I][sensor_poll.cpp:432] task_sensor_poll(): [T5_SEN] [T5] iter 351 — polling S200
[2026-05-14 17:07:33.179] [10750721][I][main.cpp:162] task_watchdog_heartbeat(): [GHC] T1 tick 21420  uptime 10750 s
[2026-05-14 17:07:33.261] [10750799][I][sensor_poll.cpp:535] task_sensor_poll(): [T5_SEN] [T5] T=24°C RH=39% ws=0.0 m/s wd=0° | avg T=24 RH=38 ws=0.0 wd=0° [win T=12 RH=20 W=12]
[2026-05-14 17:07:33.281] [10750813][I][climate_control.cpp:434] task_climate_control(): [T6_CLI] [T6] T_avg=24 t_max=28 hyst=5 → step_t=0 | RH_avg=38 rh_max=75 rh_min=50 hyst=12 rh_en=1 → step_rh=0 | resolved=0 (was cur_t=0 cur_rh=0)
[2026-05-14 17:07:38.197] [10755739][I][main.cpp:162] task_watchdog_heartbeat(): [GHC] T1 tick 21430  uptime 10755 s
[2026-05-14 17:07:43.215] [10760757][I][main.cpp:162] task_watchdog_heartbeat(): [GHC] T1 tick 21440  uptime 10760 s
[2026-05-14 17:07:48.233] [10765775][I][main.cpp:162] task_watchdog_heartbeat(): [GHC] T1 tick 21450  uptime 10765 s
[2026-05-14 17:07:53.252] [10770793][I][main.cpp:162] task_watchdog_heartbeat(): [GHC] T1 tick 21460  uptime 10770 s
[2026-05-14 17:07:58.269] [10775811][I][main.cpp:162] task_watchdog_heartbeat(): [GHC] T1 tick 21470  uptime 10775 s
[2026-05-14 17:08:03.272] [10780813][I][sensor_poll.cpp:359] task_sensor_poll(): [T5_SEN] [T5] iter 352 — woke from 30 s delay
[2026-05-14 17:08:03.281] [10780822][I][sensor_poll.cpp:395] task_sensor_poll(): [T5_SEN] [T5] iter 352 — polling FG6485A
[2026-05-14 17:08:03.289] [10780829][I][main.cpp:162] task_watchdog_heartbeat(): [GHC] T1 tick 21480  uptime 10780 s
[2026-05-14 17:08:03.320] [10780863][I][sensor_poll.cpp:432] task_sensor_poll(): [T5_SEN] [T5] iter 352 — polling S200
[2026-05-14 17:08:03.864] [10781401][I][sensor_poll.cpp:535] task_sensor_poll(): [T5_SEN] [T5] T=24°C RH=39% ws=0.0 m/s wd=0° | avg T=24 RH=39 ws=0.0 wd=0° [win T=12 RH=20 W=12]
[2026-05-14 17:08:03.884] [10781415][I][climate_control.cpp:434] task_climate_control(): [T6_CLI] [T6] T_avg=24 t_max=28 hyst=5 → step_t=0 | RH_avg=39 rh_max=75 rh_min=50 hyst=12 rh_en=1 → step_rh=0 | resolved=0 (was cur_t=0 cur_rh=0)
[2026-05-14 17:08:08.308] [10785849][I][main.cpp:162] task_watchdog_heartbeat(): [GHC] T1 tick 21490  uptime 10785 s
[2026-05-14 17:08:10.862] [10788402][I][data_manager.cpp:230] read_rtc_and_seed_clock(): [T4] RTC: 2026-05-14 17:08:06 UTC  unix=1778778486  daytime=yes
[2026-05-14 17:08:13.326] [10790867][I][main.cpp:162] task_watchdog_heartbeat(): [GHC] T1 tick 21500  uptime 10790 s
[2026-05-14 17:08:18.344] [10795885][I][main.cpp:162] task_watchdog_heartbeat(): [GHC] T1 tick 21510  uptime 10795 s
[2026-05-14 17:08:23.362] [10800903][I][main.cpp:162] task_watchdog_heartbeat(): [GHC] T1 tick 21520  uptime 10800 s
[2026-05-14 17:08:28.380] [10805921][I][main.cpp:162] task_watchdog_heartbeat(): [GHC] T1 tick 21530  uptime 10805 s
[2026-05-14 17:08:33.398] [10810939][I][main.cpp:162] task_watchdog_heartbeat(): [GHC] T1 tick 21540  uptime 10810 s
[2026-05-14 17:08:33.875] [10811415][I][sensor_poll.cpp:359] task_sensor_poll(): [T5_SEN] [T5] iter 353 — woke from 30 s delay
[2026-05-14 17:08:33.883] [10811424][I][sensor_poll.cpp:395] task_sensor_poll(): [T5_SEN] [T5] iter 353 — polling FG6485A
[2026-05-14 17:08:33.914] [10811456][I][sensor_poll.cpp:432] task_sensor_poll(): [T5_SEN] [T5] iter 353 — polling S200
[2026-05-14 17:08:34.458] [10811995][I][sensor_poll.cpp:535] task_sensor_poll(): [T5_SEN] [T5] T=24°C RH=39% ws=0.0 m/s wd=0° | avg T=24 RH=39 ws=0.0 wd=0° [win T=12 RH=20 W=12]
[2026-05-14 17:08:34.478] [10812009][I][climate_control.cpp:434] task_climate_control(): [T6_CLI] [T6] T_avg=24 t_max=28 hyst=5 → step_t=0 | RH_avg=39 rh_max=75 rh_min=50 hyst=12 rh_en=1 → step_rh=0 | resolved=0 (was cur_t=0 cur_rh=0)
[2026-05-14 17:08:38.416] [10815957][I][main.cpp:162] task_watchdog_heartbeat(): [GHC] T1 tick 21550  uptime 10815 s
[2026-05-14 17:08:43.434] [10820975][I][main.cpp:162] task_watchdog_heartbeat(): [GHC] T1 tick 21560  uptime 10820 s
[2026-05-14 17:08:48.452] [10825993][I][main.cpp:162] task_watchdog_heartbeat(): [GHC] T1 tick 21570  uptime 10825 s
[2026-05-14 17:08:53.470] [10831011][I][main.cpp:162] task_watchdog_heartbeat(): [GHC] T1 tick 21580  uptime 10831 s
[2026-05-14 17:08:58.488] [10836029][I][main.cpp:162] task_watchdog_heartbeat(): [GHC] T1 tick 21590  uptime 10836 s
[2026-05-14 17:09:03.505] [10841047][I][main.cpp:162] task_watchdog_heartbeat(): [GHC] T1 tick 21600  uptime 10841 s
[2026-05-14 17:09:03.513] [10841055][I][main.cpp:247] task_watchdog_heartbeat(): [GHC] stack T1  hwm=2012 B
[2026-05-14 17:09:03.521] [10841063][I][main.cpp:247] task_watchdog_heartbeat(): [GHC] stack T2  hwm=6380 B
[2026-05-14 17:09:03.528] [10841070][I][main.cpp:247] task_watchdog_heartbeat(): [GHC] stack T3  hwm=1980 B
[2026-05-14 17:09:03.536] [10841078][I][main.cpp:247] task_watchdog_heartbeat(): [GHC] stack T4  hwm=3948 B
[2026-05-14 17:09:03.542] [10841085][I][main.cpp:247] task_watchdog_heartbeat(): [GHC] stack T5  hwm=4124 B
[2026-05-14 17:09:03.550] [10841093][I][main.cpp:247] task_watchdog_heartbeat(): [GHC] stack T6  hwm=1596 B
[2026-05-14 17:09:03.559] [10841100][I][main.cpp:247] task_watchdog_heartbeat(): [GHC] stack T7  hwm=2464 B
[2026-05-14 17:09:03.565] [10841107][I][main.cpp:247] task_watchdog_heartbeat(): [GHC] stack T8  hwm=5740 B
[2026-05-14 17:09:03.573] [10841115][I][main.cpp:247] task_watchdog_heartbeat(): [GHC] stack T9  hwm=2524 B
[2026-05-14 17:09:03.579] [10841122][I][main.cpp:247] task_watchdog_heartbeat(): [GHC] stack T10 hwm=5632 B
[2026-05-14 17:09:03.588] [10841130][I][main.cpp:247] task_watchdog_heartbeat(): [GHC] stack T11 hwm=5536 B
[2026-05-14 17:09:03.594] [10841138][I][main.cpp:247] task_watchdog_heartbeat(): [GHC] stack T12 hwm=7464 B
[2026-05-14 17:09:03.602] [10841145][I][main.cpp:247] task_watchdog_heartbeat(): [GHC] stack T14 hwm=6640 B
[2026-05-14 17:09:03.610] [10841153][I][main.cpp:247] task_watchdog_heartbeat(): [GHC] stack T15 hwm=2376 B
[2026-05-14 17:09:04.469] [10842009][I][sensor_poll.cpp:359] task_sensor_poll(): [T5_SEN] [T5] iter 354 — woke from 30 s delay
[2026-05-14 17:09:04.477] [10842018][I][sensor_poll.cpp:395] task_sensor_poll(): [T5_SEN] [T5] iter 354 — polling FG6485A
[2026-05-14 17:09:04.508] [10842050][I][sensor_poll.cpp:432] task_sensor_poll(): [T5_SEN] [T5] iter 354 — polling S200
[2026-05-14 17:09:05.052] [10842589][I][sensor_poll.cpp:535] task_sensor_poll(): [T5_SEN] [T5] T=24°C RH=39% ws=0.0 m/s wd=0° | avg T=24 RH=39 ws=0.0 wd=0° [win T=12 RH=20 W=12]
[2026-05-14 17:09:05.072] [10842603][I][climate_control.cpp:434] task_climate_control(): [T6_CLI] [T6] T_avg=24 t_max=28 hyst=5 → step_t=0 | RH_avg=39 rh_max=75 rh_min=50 hyst=12 rh_en=1 → step_rh=0 | resolved=0 (was cur_t=0 cur_rh=0)
[2026-05-14 17:09:08.629] [10846170][I][main.cpp:162] task_watchdog_heartbeat(): [GHC] T1 tick 21610  uptime 10846 s
[2026-05-14 17:09:10.050] [10847590][I][data_manager.cpp:230] read_rtc_and_seed_clock(): [T4] RTC: 2026-05-14 17:09:05 UTC  unix=1778778545  daytime=yes
[2026-05-14 17:09:13.647] [10851188][I][main.cpp:162] task_watchdog_heartbeat(): [GHC] T1 tick 21620  uptime 10851 s
[2026-05-14 17:09:18.665] [10856206][I][main.cpp:162] task_watchdog_heartbeat(): [GHC] T1 tick 21630  uptime 10856 s
[2026-05-14 17:09:23.683] [10861224][I][main.cpp:162] task_watchdog_heartbeat(): [GHC] T1 tick 21640  uptime 10861 s
[2026-05-14 17:09:28.701] [10866242][I][main.cpp:162] task_watchdog_heartbeat(): [GHC] T1 tick 21650  uptime 10866 s
[2026-05-14 17:09:33.719] [10871260][I][main.cpp:162] task_watchdog_heartbeat(): [GHC] T1 tick 21660  uptime 10871 s
[2026-05-14 17:09:35.063] [10872603][I][sensor_poll.cpp:359] task_sensor_poll(): [T5_SEN] [T5] iter 355 — woke from 30 s delay
[2026-05-14 17:09:35.071] [10872612][I][sensor_poll.cpp:395] task_sensor_poll(): [T5_SEN] [T5] iter 355 — polling FG6485A
[2026-05-14 17:09:35.102] [10872645][I][sensor_poll.cpp:432] task_sensor_poll(): [T5_SEN] [T5] iter 355 — polling S200
[2026-05-14 17:09:35.646] [10873183][I][sensor_poll.cpp:535] task_sensor_poll(): [T5_SEN] [T5] T=24°C RH=39% ws=0.0 m/s wd=0° | avg T=24 RH=39 ws=0.0 wd=0° [win T=12 RH=20 W=12]
[2026-05-14 17:09:35.666] [10873197][I][climate_control.cpp:434] task_climate_control(): [T6_CLI] [T6] T_avg=24 t_max=28 hyst=5 → step_t=0 | RH_avg=39 rh_max=75 rh_min=50 hyst=12 rh_en=1 → step_rh=0 | resolved=0 (was cur_t=0 cur_rh=0)
[2026-05-14 17:09:38.737] [10876278][I][main.cpp:162] task_watchdog_heartbeat(): [GHC] T1 tick 21670  uptime 10876 s
[2026-05-14 17:09:43.755] [10881296][I][main.cpp:162] task_watchdog_heartbeat(): [GHC] T1 tick 21680  uptime 10881 s
[2026-05-14 17:09:48.773] [10886314][I][main.cpp:162] task_watchdog_heartbeat(): [GHC] T1 tick 21690  uptime 10886 s
[2026-05-14 17:09:53.791] [10891332][I][main.cpp:162] task_watchdog_heartbeat(): [GHC] T1 tick 21700  uptime 10891 s
[2026-05-14 17:09:58.809] [10896350][I][main.cpp:162] task_watchdog_heartbeat(): [GHC] T1 tick 21710  uptime 10896 s
[2026-05-14 17:10:03.827] [10901368][I][main.cpp:162] task_watchdog_heartbeat(): [GHC] T1 tick 21720  uptime 10901 s
[2026-05-14 17:10:05.657] [10903197][I][sensor_poll.cpp:359] task_sensor_poll(): [T5_SEN] [T5] iter 356 — woke from 30 s delay
[2026-05-14 17:10:05.666] [10903206][I][sensor_poll.cpp:395] task_sensor_poll(): [T5_SEN] [T5] iter 356 — polling FG6485A
[2026-05-14 17:10:05.696] [10903239][I][sensor_poll.cpp:432] task_sensor_poll(): [T5_SEN] [T5] iter 356 — polling S200
[2026-05-14 17:10:06.240] [10903777][I][sensor_poll.cpp:535] task_sensor_poll(): [T5_SEN] [T5] T=24°C RH=39% ws=0.0 m/s wd=0° | avg T=24 RH=39 ws=0.0 wd=0° [win T=12 RH=20 W=12]
[2026-05-14 17:10:06.260] [10903791][I][climate_control.cpp:434] task_climate_control(): [T6_CLI] [T6] T_avg=24 t_max=28 hyst=5 → step_t=0 | RH_avg=39 rh_max=75 rh_min=50 hyst=12 rh_en=1 → step_rh=0 | resolved=0 (was cur_t=0 cur_rh=0)
[2026-05-14 17:10:08.845] [10906386][I][main.cpp:162] task_watchdog_heartbeat(): [GHC] T1 tick 21730  uptime 10906 s
[2026-05-14 17:10:09.239] [10906778][I][data_manager.cpp:230] read_rtc_and_seed_clock(): [T4] RTC: 2026-05-14 17:10:05 UTC  unix=1778778605  daytime=yes
[2026-05-14 17:10:13.863] [10911404][I][main.cpp:162] task_watchdog_heartbeat(): [GHC] T1 tick 21740  uptime 10911 s
[2026-05-14 17:10:18.881] [10916422][I][main.cpp:162] task_watchdog_heartbeat(): [GHC] T1 tick 21750  uptime 10916 s
[2026-05-14 17:10:23.900] [10921440][I][main.cpp:162] task_watchdog_heartbeat(): [GHC] T1 tick 21760  uptime 10921 s
[2026-05-14 17:10:28.917] [10926458][I][main.cpp:162] task_watchdog_heartbeat(): [GHC] T1 tick 21770  uptime 10926 s
[2026-05-14 17:10:33.936] [10931476][I][main.cpp:162] task_watchdog_heartbeat(): [GHC] T1 tick 21780  uptime 10931 s
[2026-05-14 17:10:36.251] [10933791][I][sensor_poll.cpp:359] task_sensor_poll(): [T5_SEN] [T5] iter 357 — woke from 30 s delay
[2026-05-14 17:10:36.260] [10933800][I][sensor_poll.cpp:395] task_sensor_poll(): [T5_SEN] [T5] iter 357 — polling FG6485A
[2026-05-14 17:10:36.290] [10933832][I][sensor_poll.cpp:432] task_sensor_poll(): [T5_SEN] [T5] iter 357 — polling S200
[2026-05-14 17:10:36.835] [10934371][I][sensor_poll.cpp:535] task_sensor_poll(): [T5_SEN] [T5] T=24°C RH=39% ws=0.0 m/s wd=0° | avg T=24 RH=39 ws=0.0 wd=0° [win T=12 RH=20 W=12]
[2026-05-14 17:10:36.855] [10934385][I][climate_control.cpp:434] task_climate_control(): [T6_CLI] [T6] T_avg=24 t_max=28 hyst=5 → step_t=0 | RH_avg=39 rh_max=75 rh_min=50 hyst=12 rh_en=1 → step_rh=0 | resolved=0 (was cur_t=0 cur_rh=0)
[2026-05-14 17:10:38.954] [10936494][I][main.cpp:162] task_watchdog_heartbeat(): [GHC] T1 tick 21790  uptime 10936 s
[2026-05-14 17:10:43.972] [10941512][I][main.cpp:162] task_watchdog_heartbeat(): [GHC] T1 tick 21800  uptime 10941 s
[2026-05-14 17:10:48.989] [10946530][I][main.cpp:162] task_watchdog_heartbeat(): [GHC] T1 tick 21810  uptime 10946 s
[2026-05-14 17:10:54.007] [10951548][I][main.cpp:162] task_watchdog_heartbeat(): [GHC] T1 tick 21820  uptime 10951 s
[2026-05-14 17:10:59.025] [10956566][I][main.cpp:162] task_watchdog_heartbeat(): [GHC] T1 tick 21830  uptime 10956 s
[2026-05-14 17:11:04.043] [10961584][I][main.cpp:162] task_watchdog_heartbeat(): [GHC] T1 tick 21840  uptime 10961 s
[2026-05-14 17:11:06.846] [10964385][I][sensor_poll.cpp:359] task_sensor_poll(): [T5_SEN] [T5] iter 358 — woke from 30 s delay
[2026-05-14 17:11:06.854] [10964394][I][sensor_poll.cpp:395] task_sensor_poll(): [T5_SEN] [T5] iter 358 — polling FG6485A
[2026-05-14 17:11:06.885] [10964427][I][sensor_poll.cpp:432] task_sensor_poll(): [T5_SEN] [T5] iter 358 — polling S200
[2026-05-14 17:11:07.429] [10964965][I][sensor_poll.cpp:535] task_sensor_poll(): [T5_SEN] [T5] T=24°C RH=39% ws=0.0 m/s wd=0° | avg T=24 RH=39 ws=0.0 wd=0° [win T=12 RH=20 W=12]
[2026-05-14 17:11:07.449] [10964979][I][climate_control.cpp:434] task_climate_control(): [T6_CLI] [T6] T_avg=24 t_max=28 hyst=5 → step_t=0 | RH_avg=39 rh_max=75 rh_min=50 hyst=12 rh_en=1 → step_rh=0 | resolved=0 (was cur_t=0 cur_rh=0)
[2026-05-14 17:11:08.427] [10965966][I][data_manager.cpp:230] read_rtc_and_seed_clock(): [T4] RTC: 2026-05-14 17:11:04 UTC  unix=1778778664  daytime=yes
[2026-05-14 17:11:09.062] [10966602][I][main.cpp:162] task_watchdog_heartbeat(): [GHC] T1 tick 21850  uptime 10966 s
[2026-05-14 17:11:14.080] [10971620][I][main.cpp:162] task_watchdog_heartbeat(): [GHC] T1 tick 21860  uptime 10971 s
[2026-05-14 17:11:19.098] [10976638][I][main.cpp:162] task_watchdog_heartbeat(): [GHC] T1 tick 21870  uptime 10976 s
[2026-05-14 17:11:24.115] [10981656][I][main.cpp:162] task_watchdog_heartbeat(): [GHC] T1 tick 21880  uptime 10981 s
[2026-05-14 17:11:29.134] [10986674][I][main.cpp:162] task_watchdog_heartbeat(): [GHC] T1 tick 21890  uptime 10986 s
[2026-05-14 17:11:34.152] [10991692][I][main.cpp:162] task_watchdog_heartbeat(): [GHC] T1 tick 21900  uptime 10991 s
[2026-05-14 17:11:37.440] [10994979][I][sensor_poll.cpp:359] task_sensor_poll(): [T5_SEN] [T5] iter 359 — woke from 30 s delay
[2026-05-14 17:11:37.448] [10994988][I][sensor_poll.cpp:395] task_sensor_poll(): [T5_SEN] [T5] iter 359 — polling FG6485A
[2026-05-14 17:11:37.479] [10995021][I][sensor_poll.cpp:432] task_sensor_poll(): [T5_SEN] [T5] iter 359 — polling S200
[2026-05-14 17:11:38.023] [10995559][I][sensor_poll.cpp:535] task_sensor_poll(): [T5_SEN] [T5] T=24°C RH=39% ws=0.0 m/s wd=0° | avg T=24 RH=39 ws=0.0 wd=0° [win T=12 RH=20 W=12]
[2026-05-14 17:11:38.043] [10995573][I][climate_control.cpp:434] task_climate_control(): [T6_CLI] [T6] T_avg=24 t_max=28 hyst=5 → step_t=0 | RH_avg=39 rh_max=75 rh_min=50 hyst=12 rh_en=1 → step_rh=0 | resolved=0 (was cur_t=0 cur_rh=0)
[2026-05-14 17:11:39.170] [10996710][I][main.cpp:162] task_watchdog_heartbeat(): [GHC] T1 tick 21910  uptime 10996 s
[2026-05-14 17:11:44.188] [11001728][I][main.cpp:162] task_watchdog_heartbeat(): [GHC] T1 tick 21920  uptime 11001 s
[2026-05-14 17:11:49.206] [11006746][I][main.cpp:162] task_watchdog_heartbeat(): [GHC] T1 tick 21930  uptime 11006 s
[2026-05-14 17:11:54.224] [11011764][I][main.cpp:162] task_watchdog_heartbeat(): [GHC] T1 tick 21940  uptime 11011 s
[2026-05-14 17:11:59.242] [11016782][I][main.cpp:162] task_watchdog_heartbeat(): [GHC] T1 tick 21950  uptime 11016 s
[2026-05-14 17:12:04.260] [11021800][I][main.cpp:162] task_watchdog_heartbeat(): [GHC] T1 tick 21960  uptime 11021 s
[2026-05-14 17:12:08.021] [11025560][I][data_manager.cpp:230] read_rtc_and_seed_clock(): [T4] RTC: 2026-05-14 17:12:03 UTC  unix=1778778723  daytime=yes
[2026-05-14 17:12:08.034] [11025573][I][sensor_poll.cpp:359] task_sensor_poll(): [T5_SEN] [T5] iter 360 — woke from 30 s delay
[2026-05-14 17:12:08.042] [11025582][I][sensor_poll.cpp:395] task_sensor_poll(): [T5_SEN] [T5] iter 360 — polling FG6485A
[2026-05-14 17:12:08.388] [11025930][I][sensor_poll.cpp:432] task_sensor_poll(): [T5_SEN] [T5] iter 360 — polling S200
[2026-05-14 17:12:08.932] [11026468][I][sensor_poll.cpp:535] task_sensor_poll(): [T5_SEN] [T5] T=24°C RH=39% ws=0.0 m/s wd=0° | avg T=24 RH=39 ws=0.0 wd=0° [win T=12 RH=20 W=12]
[2026-05-14 17:12:08.952] [11026482][I][climate_control.cpp:434] task_climate_control(): [T6_CLI] [T6] T_avg=24 t_max=28 hyst=5 → step_t=0 | RH_avg=39 rh_max=75 rh_min=50 hyst=12 rh_en=1 → step_rh=0 | resolved=0 (was cur_t=0 cur_rh=0)
[2026-05-14 17:12:09.278] [11026818][I][main.cpp:162] task_watchdog_heartbeat(): [GHC] T1 tick 21970  uptime 11026 s
[2026-05-14 17:12:14.296] [11031836][I][main.cpp:162] task_watchdog_heartbeat(): [GHC] T1 tick 21980  uptime 11031 s
[2026-05-14 17:12:19.314] [11036854][I][main.cpp:162] task_watchdog_heartbeat(): [GHC] T1 tick 21990  uptime 11036 s
[2026-05-14 17:12:24.332] [11041872][I][main.cpp:162] task_watchdog_heartbeat(): [GHC] T1 tick 22000  uptime 11041 s
[2026-05-14 17:12:29.350] [11046890][I][main.cpp:162] task_watchdog_heartbeat(): [GHC] T1 tick 22010  uptime 11046 s
[2026-05-14 17:12:34.368] [11051908][I][main.cpp:162] task_watchdog_heartbeat(): [GHC] T1 tick 22020  uptime 11051 s
[2026-05-14 17:12:38.943] [11056482][I][sensor_poll.cpp:359] task_sensor_poll(): [T5_SEN] [T5] iter 361 — woke from 30 s delay
[2026-05-14 17:12:38.952] [11056491][I][sensor_poll.cpp:395] task_sensor_poll(): [T5_SEN] [T5] iter 361 — polling FG6485A
[2026-05-14 17:12:38.983] [11056524][I][sensor_poll.cpp:432] task_sensor_poll(): [T5_SEN] [T5] iter 361 — polling S200
[2026-05-14 17:12:39.386] [11056926][I][main.cpp:162] task_watchdog_heartbeat(): [GHC] T1 tick 22030  uptime 11056 s
[2026-05-14 17:12:39.526] [11057062][I][sensor_poll.cpp:535] task_sensor_poll(): [T5_SEN] [T5] T=24°C RH=39% ws=0.0 m/s wd=0° | avg T=24 RH=39 ws=0.0 wd=0° [win T=12 RH=20 W=12]
[2026-05-14 17:12:39.546] [11057076][I][climate_control.cpp:434] task_climate_control(): [T6_CLI] [T6] T_avg=24 t_max=28 hyst=5 → step_t=0 | RH_avg=39 rh_max=75 rh_min=50 hyst=12 rh_en=1 → step_rh=0 | resolved=0 (was cur_t=0 cur_rh=0)
[2026-05-14 17:12:44.404] [11061944][I][main.cpp:162] task_watchdog_heartbeat(): [GHC] T1 tick 22040  uptime 11061 s
[2026-05-14 17:12:49.422] [11066962][I][main.cpp:162] task_watchdog_heartbeat(): [GHC] T1 tick 22050  uptime 11066 s
[2026-05-14 17:12:54.440] [11071980][I][main.cpp:162] task_watchdog_heartbeat(): [GHC] T1 tick 22060  uptime 11071 s
[2026-05-14 17:12:59.458] [11076998][I][main.cpp:162] task_watchdog_heartbeat(): [GHC] T1 tick 22070  uptime 11076 s
[2026-05-14 17:13:04.477] [11082016][I][main.cpp:162] task_watchdog_heartbeat(): [GHC] T1 tick 22080  uptime 11082 s
[2026-05-14 17:13:07.525] [11085063][I][data_manager.cpp:230] read_rtc_and_seed_clock(): [T4] RTC: 2026-05-14 17:13:03 UTC  unix=1778778783  daytime=yes
[2026-05-14 17:13:09.495] [11087034][I][main.cpp:162] task_watchdog_heartbeat(): [GHC] T1 tick 22090  uptime 11087 s
[2026-05-14 17:13:09.537] [11087076][I][sensor_poll.cpp:359] task_sensor_poll(): [T5_SEN] [T5] iter 362 — woke from 30 s delay
[2026-05-14 17:13:09.546] [11087085][I][sensor_poll.cpp:395] task_sensor_poll(): [T5_SEN] [T5] iter 362 — polling FG6485A
[2026-05-14 17:13:09.576] [11087117][I][sensor_poll.cpp:432] task_sensor_poll(): [T5_SEN] [T5] iter 362 — polling S200
[2026-05-14 17:13:10.120] [11087656][I][sensor_poll.cpp:535] task_sensor_poll(): [T5_SEN] [T5] T=24°C RH=39% ws=0.0 m/s wd=0° | avg T=24 RH=39 ws=0.0 wd=0° [win T=12 RH=20 W=12]
[2026-05-14 17:13:10.140] [11087670][I][climate_control.cpp:434] task_climate_control(): [T6_CLI] [T6] T_avg=24 t_max=28 hyst=5 → step_t=0 | RH_avg=39 rh_max=75 rh_min=50 hyst=12 rh_en=1 → step_rh=0 | resolved=0 (was cur_t=0 cur_rh=0)
[2026-05-14 17:13:14.513] [11092052][I][main.cpp:162] task_watchdog_heartbeat(): [GHC] T1 tick 22100  uptime 11092 s
[2026-05-14 17:13:19.531] [11097070][I][main.cpp:162] task_watchdog_heartbeat(): [GHC] T1 tick 22110  uptime 11097 s
[2026-05-14 17:13:24.549] [11102088][I][main.cpp:162] task_watchdog_heartbeat(): [GHC] T1 tick 22120  uptime 11102 s
[2026-05-14 17:13:29.567] [11107106][I][main.cpp:162] task_watchdog_heartbeat(): [GHC] T1 tick 22130  uptime 11107 s
[2026-05-14 17:13:34.585] [11112124][I][main.cpp:162] task_watchdog_heartbeat(): [GHC] T1 tick 22140  uptime 11112 s
[2026-05-14 17:13:39.603] [11117142][I][main.cpp:162] task_watchdog_heartbeat(): [GHC] T1 tick 22150  uptime 11117 s
[2026-05-14 17:13:40.131] [11117670][I][sensor_poll.cpp:359] task_sensor_poll(): [T5_SEN] [T5] iter 363 — woke from 30 s delay
[2026-05-14 17:13:40.140] [11117679][I][sensor_poll.cpp:395] task_sensor_poll(): [T5_SEN] [T5] iter 363 — polling FG6485A
[2026-05-14 17:13:40.170] [11117711][I][sensor_poll.cpp:432] task_sensor_poll(): [T5_SEN] [T5] iter 363 — polling S200
[2026-05-14 17:13:40.715] [11118250][I][sensor_poll.cpp:535] task_sensor_poll(): [T5_SEN] [T5] T=24°C RH=39% ws=0.0 m/s wd=0° | avg T=24 RH=39 ws=0.0 wd=0° [win T=12 RH=20 W=12]
[2026-05-14 17:13:40.735] [11118264][I][climate_control.cpp:434] task_climate_control(): [T6_CLI] [T6] T_avg=24 t_max=28 hyst=5 → step_t=0 | RH_avg=39 rh_max=75 rh_min=50 hyst=12 rh_en=1 → step_rh=0 | resolved=0 (was cur_t=0 cur_rh=0)
[2026-05-14 17:13:44.621] [11122160][I][main.cpp:162] task_watchdog_heartbeat(): [GHC] T1 tick 22160  uptime 11122 s
[2026-05-14 17:13:49.639] [11127178][I][main.cpp:162] task_watchdog_heartbeat(): [GHC] T1 tick 22170  uptime 11127 s
[2026-05-14 17:13:54.657] [11132196][I][main.cpp:162] task_watchdog_heartbeat(): [GHC] T1 tick 22180  uptime 11132 s
[2026-05-14 17:13:59.675] [11137214][I][main.cpp:162] task_watchdog_heartbeat(): [GHC] T1 tick 22190  uptime 11137 s
[2026-05-14 17:14:04.693] [11142232][I][main.cpp:162] task_watchdog_heartbeat(): [GHC] T1 tick 22200  uptime 11142 s
[2026-05-14 17:14:06.713] [11144251][I][data_manager.cpp:230] read_rtc_and_seed_clock(): [T4] RTC: 2026-05-14 17:14:02 UTC  unix=1778778842  daytime=yes
[2026-05-14 17:14:09.711] [11147250][I][main.cpp:162] task_watchdog_heartbeat(): [GHC] T1 tick 22210  uptime 11147 s
[2026-05-14 17:14:10.726] [11148264][I][sensor_poll.cpp:359] task_sensor_poll(): [T5_SEN] [T5] iter 364 — woke from 30 s delay
[2026-05-14 17:14:10.734] [11148273][I][sensor_poll.cpp:395] task_sensor_poll(): [T5_SEN] [T5] iter 364 — polling FG6485A
[2026-05-14 17:14:10.765] [11148306][I][sensor_poll.cpp:432] task_sensor_poll(): [T5_SEN] [T5] iter 364 — polling S200
[2026-05-14 17:14:11.309] [11148844][I][sensor_poll.cpp:535] task_sensor_poll(): [T5_SEN] [T5] T=24°C RH=39% ws=0.0 m/s wd=0° | avg T=24 RH=39 ws=0.0 wd=0° [win T=12 RH=20 W=12]
[2026-05-14 17:14:11.329] [11148858][I][climate_control.cpp:434] task_climate_control(): [T6_CLI] [T6] T_avg=24 t_max=28 hyst=5 → step_t=0 | RH_avg=39 rh_max=75 rh_min=50 hyst=12 rh_en=1 → step_rh=0 | resolved=0 (was cur_t=0 cur_rh=0)
[2026-05-14 17:14:14.729] [11152268][I][main.cpp:162] task_watchdog_heartbeat(): [GHC] T1 tick 22220  uptime 11152 s
[2026-05-14 17:14:19.747] [11157286][I][main.cpp:162] task_watchdog_heartbeat(): [GHC] T1 tick 22230  uptime 11157 s
[2026-05-14 17:14:24.765] [11162304][I][main.cpp:162] task_watchdog_heartbeat(): [GHC] T1 tick 22240  uptime 11162 s
[2026-05-14 17:14:29.783] [11167322][I][main.cpp:162] task_watchdog_heartbeat(): [GHC] T1 tick 22250  uptime 11167 s
[2026-05-14 17:14:34.801] [11172340][I][main.cpp:162] task_watchdog_heartbeat(): [GHC] T1 tick 22260  uptime 11172 s
[2026-05-14 17:14:39.819] [11177358][I][main.cpp:162] task_watchdog_heartbeat(): [GHC] T1 tick 22270  uptime 11177 s
[2026-05-14 17:14:41.320] [11178858][I][sensor_poll.cpp:359] task_sensor_poll(): [T5_SEN] [T5] iter 365 — woke from 30 s delay
[2026-05-14 17:14:41.329] [11178867][I][sensor_poll.cpp:395] task_sensor_poll(): [T5_SEN] [T5] iter 365 — polling FG6485A
[2026-05-14 17:14:41.360] [11178900][I][sensor_poll.cpp:432] task_sensor_poll(): [T5_SEN] [T5] iter 365 — polling S200
[2026-05-14 17:14:41.903] [11179438][I][sensor_poll.cpp:535] task_sensor_poll(): [T5_SEN] [T5] T=24°C RH=39% ws=0.0 m/s wd=0° | avg T=24 RH=39 ws=0.0 wd=0° [win T=12 RH=20 W=12]
[2026-05-14 17:14:41.923] [11179452][I][climate_control.cpp:434] task_climate_control(): [T6_CLI] [T6] T_avg=24 t_max=28 hyst=5 → step_t=0 | RH_avg=39 rh_max=75 rh_min=50 hyst=12 rh_en=1 → step_rh=0 | resolved=0 (was cur_t=0 cur_rh=0)
[2026-05-14 17:14:44.837] [11182376][I][main.cpp:162] task_watchdog_heartbeat(): [GHC] T1 tick 22280  uptime 11182 s
[2026-05-14 17:14:49.855] [11187394][I][main.cpp:162] task_watchdog_heartbeat(): [GHC] T1 tick 22290  uptime 11187 s
[2026-05-14 17:14:54.873] [11192412][I][main.cpp:162] task_watchdog_heartbeat(): [GHC] T1 tick 22300  uptime 11192 s
[2026-05-14 17:14:59.891] [11197430][I][main.cpp:162] task_watchdog_heartbeat(): [GHC] T1 tick 22310  uptime 11197 s
[2026-05-14 17:15:04.909] [11202448][I][main.cpp:162] task_watchdog_heartbeat(): [GHC] T1 tick 22320  uptime 11202 s
[2026-05-14 17:15:05.902] [11203440][I][data_manager.cpp:230] read_rtc_and_seed_clock(): [T4] RTC: 2026-05-14 17:15:01 UTC  unix=1778778901  daytime=yes
[2026-05-14 17:15:09.927] [11207466][I][main.cpp:162] task_watchdog_heartbeat(): [GHC] T1 tick 22330  uptime 11207 s
[2026-05-14 17:15:11.914] [11209452][I][sensor_poll.cpp:359] task_sensor_poll(): [T5_SEN] [T5] iter 366 — woke from 30 s delay
[2026-05-14 17:15:11.923] [11209461][I][sensor_poll.cpp:395] task_sensor_poll(): [T5_SEN] [T5] iter 366 — polling FG6485A
[2026-05-14 17:15:11.953] [11209493][I][sensor_poll.cpp:432] task_sensor_poll(): [T5_SEN] [T5] iter 366 — polling S200
[2026-05-14 17:15:12.497] [11210032][I][sensor_poll.cpp:535] task_sensor_poll(): [T5_SEN] [T5] T=24°C RH=39% ws=0.0 m/s wd=0° | avg T=24 RH=39 ws=0.0 wd=0° [win T=12 RH=20 W=12]
[2026-05-14 17:15:12.517] [11210046][I][climate_control.cpp:434] task_climate_control(): [T6_CLI] [T6] T_avg=24 t_max=28 hyst=5 → step_t=0 | RH_avg=39 rh_max=75 rh_min=50 hyst=12 rh_en=1 → step_rh=0 | resolved=0 (was cur_t=0 cur_rh=0)
[2026-05-14 17:15:14.945] [11212484][I][main.cpp:162] task_watchdog_heartbeat(): [GHC] T1 tick 22340  uptime 11212 s
[2026-05-14 17:15:19.963] [11217502][I][main.cpp:162] task_watchdog_heartbeat(): [GHC] T1 tick 22350  uptime 11217 s
[2026-05-14 17:15:24.981] [11222520][I][main.cpp:162] task_watchdog_heartbeat(): [GHC] T1 tick 22360  uptime 11222 s
[2026-05-14 17:15:29.999] [11227538][I][main.cpp:162] task_watchdog_heartbeat(): [GHC] T1 tick 22370  uptime 11227 s
[2026-05-14 17:15:35.017] [11232556][I][main.cpp:162] task_watchdog_heartbeat(): [GHC] T1 tick 22380  uptime 11232 s
[2026-05-14 17:15:40.035] [11237574][I][main.cpp:162] task_watchdog_heartbeat(): [GHC] T1 tick 22390  uptime 11237 s
[2026-05-14 17:15:42.508] [11240046][I][sensor_poll.cpp:359] task_sensor_poll(): [T5_SEN] [T5] iter 367 — woke from 30 s delay
[2026-05-14 17:15:42.517] [11240055][I][sensor_poll.cpp:395] task_sensor_poll(): [T5_SEN] [T5] iter 367 — polling FG6485A
[2026-05-14 17:15:42.548] [11240088][I][sensor_poll.cpp:432] task_sensor_poll(): [T5_SEN] [T5] iter 367 — polling S200
[2026-05-14 17:15:43.091] [11240626][I][sensor_poll.cpp:535] task_sensor_poll(): [T5_SEN] [T5] T=24°C RH=39% ws=0.0 m/s wd=0° | avg T=24 RH=39 ws=0.0 wd=0° [win T=12 RH=20 W=12]
[2026-05-14 17:15:43.111] [11240640][I][climate_control.cpp:434] task_climate_control(): [T6_CLI] [T6] T_avg=24 t_max=28 hyst=5 → step_t=0 | RH_avg=39 rh_max=75 rh_min=50 hyst=12 rh_en=1 → step_rh=0 | resolved=0 (was cur_t=0 cur_rh=0)
[2026-05-14 17:15:45.053] [11242592][I][main.cpp:162] task_watchdog_heartbeat(): [GHC] T1 tick 22400  uptime 11242 s
[2026-05-14 17:15:50.071] [11247610][I][main.cpp:162] task_watchdog_heartbeat(): [GHC] T1 tick 22410  uptime 11247 s
[2026-05-14 17:15:55.090] [11252628][I][main.cpp:162] task_watchdog_heartbeat(): [GHC] T1 tick 22420  uptime 11252 s
[2026-05-14 17:16:00.107] [11257646][I][main.cpp:162] task_watchdog_heartbeat(): [GHC] T1 tick 22430  uptime 11257 s
[2026-05-14 17:16:05.090] [11262628][I][data_manager.cpp:230] read_rtc_and_seed_clock(): [T4] RTC: 2026-05-14 17:16:01 UTC  unix=1778778961  daytime=yes
[2026-05-14 17:16:05.126] [11262664][I][main.cpp:162] task_watchdog_heartbeat(): [GHC] T1 tick 22440  uptime 11262 s
[2026-05-14 17:16:10.144] [11267682][I][main.cpp:162] task_watchdog_heartbeat(): [GHC] T1 tick 22450  uptime 11267 s
[2026-05-14 17:16:13.102] [11270640][I][sensor_poll.cpp:359] task_sensor_poll(): [T5_SEN] [T5] iter 368 — woke from 30 s delay
[2026-05-14 17:16:13.111] [11270649][I][sensor_poll.cpp:395] task_sensor_poll(): [T5_SEN] [T5] iter 368 — polling FG6485A
[2026-05-14 17:16:13.142] [11270682][I][sensor_poll.cpp:432] task_sensor_poll(): [T5_SEN] [T5] iter 368 — polling S200
[2026-05-14 17:16:13.686] [11271220][I][sensor_poll.cpp:535] task_sensor_poll(): [T5_SEN] [T5] T=24°C RH=39% ws=0.0 m/s wd=0° | avg T=24 RH=39 ws=0.0 wd=0° [win T=12 RH=20 W=12]
[2026-05-14 17:16:13.706] [11271234][I][climate_control.cpp:434] task_climate_control(): [T6_CLI] [T6] T_avg=24 t_max=28 hyst=5 → step_t=0 | RH_avg=39 rh_max=75 rh_min=50 hyst=12 rh_en=1 → step_rh=0 | resolved=0 (was cur_t=0 cur_rh=0)
[2026-05-14 17:16:15.161] [11272700][I][main.cpp:162] task_watchdog_heartbeat(): [GHC] T1 tick 22460  uptime 11272 s
[2026-05-14 17:16:20.180] [11277718][I][main.cpp:162] task_watchdog_heartbeat(): [GHC] T1 tick 22470  uptime 11277 s
[2026-05-14 17:16:25.197] [11282736][I][main.cpp:162] task_watchdog_heartbeat(): [GHC] T1 tick 22480  uptime 11282 s
[2026-05-14 17:16:30.215] [11287754][I][main.cpp:162] task_watchdog_heartbeat(): [GHC] T1 tick 22490  uptime 11287 s
[2026-05-14 17:16:35.234] [11292772][I][main.cpp:162] task_watchdog_heartbeat(): [GHC] T1 tick 22500  uptime 11292 s
[2026-05-14 17:16:40.252] [11297790][I][main.cpp:162] task_watchdog_heartbeat(): [GHC] T1 tick 22510  uptime 11297 s
[2026-05-14 17:16:43.697] [11301234][I][sensor_poll.cpp:359] task_sensor_poll(): [T5_SEN] [T5] iter 369 — woke from 30 s delay
[2026-05-14 17:16:43.705] [11301243][I][sensor_poll.cpp:395] task_sensor_poll(): [T5_SEN] [T5] iter 369 — polling FG6485A
[2026-05-14 17:16:43.737] [11301277][I][sensor_poll.cpp:432] task_sensor_poll(): [T5_SEN] [T5] iter 369 — polling S200
[2026-05-14 17:16:44.281] [11301815][I][sensor_poll.cpp:535] task_sensor_poll(): [T5_SEN] [T5] T=24°C RH=39% ws=0.0 m/s wd=0° | avg T=24 RH=39 ws=0.0 wd=0° [win T=12 RH=20 W=12]
[2026-05-14 17:16:44.301] [11301829][I][climate_control.cpp:434] task_climate_control(): [T6_CLI] [T6] T_avg=24 t_max=28 hyst=5 → step_t=0 | RH_avg=39 rh_max=75 rh_min=50 hyst=12 rh_en=1 → step_rh=0 | resolved=0 (was cur_t=0 cur_rh=0)
[2026-05-14 17:16:45.270] [11302808][I][main.cpp:162] task_watchdog_heartbeat(): [GHC] T1 tick 22520  uptime 11302 s
[2026-05-14 17:16:50.288] [11307826][I][main.cpp:162] task_watchdog_heartbeat(): [GHC] T1 tick 22530  uptime 11307 s
[2026-05-14 17:16:55.306] [11312844][I][main.cpp:162] task_watchdog_heartbeat(): [GHC] T1 tick 22540  uptime 11312 s
[2026-05-14 17:17:00.324] [11317862][I][main.cpp:162] task_watchdog_heartbeat(): [GHC] T1 tick 22550  uptime 11317 s
[2026-05-14 17:17:04.281] [11321818][I][data_manager.cpp:230] read_rtc_and_seed_clock(): [T4] RTC: 2026-05-14 17:17:00 UTC  unix=1778779020  daytime=yes
[2026-05-14 17:17:05.342] [11322880][I][main.cpp:162] task_watchdog_heartbeat(): [GHC] T1 tick 22560  uptime 11322 s
[2026-05-14 17:17:10.360] [11327898][I][main.cpp:162] task_watchdog_heartbeat(): [GHC] T1 tick 22570  uptime 11327 s
[2026-05-14 17:17:14.292] [11331829][I][sensor_poll.cpp:359] task_sensor_poll(): [T5_SEN] [T5] iter 370 — woke from 30 s delay
[2026-05-14 17:17:14.300] [11331838][I][sensor_poll.cpp:395] task_sensor_poll(): [T5_SEN] [T5] iter 370 — polling FG6485A
[2026-05-14 17:17:14.331] [11331870][I][sensor_poll.cpp:432] task_sensor_poll(): [T5_SEN] [T5] iter 370 — polling S200
[2026-05-14 17:17:14.875] [11332409][I][sensor_poll.cpp:535] task_sensor_poll(): [T5_SEN] [T5] T=24°C RH=39% ws=0.0 m/s wd=0° | avg T=24 RH=39 ws=0.0 wd=0° [win T=12 RH=20 W=12]
[2026-05-14 17:17:14.895] [11332423][I][climate_control.cpp:434] task_climate_control(): [T6_CLI] [T6] T_avg=24 t_max=28 hyst=5 → step_t=0 | RH_avg=39 rh_max=75 rh_min=50 hyst=12 rh_en=1 → step_rh=0 | resolved=0 (was cur_t=0 cur_rh=0)
[2026-05-14 17:17:15.378] [11332916][I][main.cpp:162] task_watchdog_heartbeat(): [GHC] T1 tick 22580  uptime 11332 s
[2026-05-14 17:17:20.396] [11337934][I][main.cpp:162] task_watchdog_heartbeat(): [GHC] T1 tick 22590  uptime 11337 s
[2026-05-14 17:17:25.414] [11342952][I][main.cpp:162] task_watchdog_heartbeat(): [GHC] T1 tick 22600  uptime 11342 s
[2026-05-14 17:17:30.432] [11347970][I][main.cpp:162] task_watchdog_heartbeat(): [GHC] T1 tick 22610  uptime 11347 s
[2026-05-14 17:17:35.450] [11352988][I][main.cpp:162] task_watchdog_heartbeat(): [GHC] T1 tick 22620  uptime 11352 s
[2026-05-14 17:17:40.468] [11358006][I][main.cpp:162] task_watchdog_heartbeat(): [GHC] T1 tick 22630  uptime 11358 s
[2026-05-14 17:17:44.886] [11362423][I][sensor_poll.cpp:359] task_sensor_poll(): [T5_SEN] [T5] iter 371 — woke from 30 s delay
[2026-05-14 17:17:44.895] [11362432][I][sensor_poll.cpp:395] task_sensor_poll(): [T5_SEN] [T5] iter 371 — polling FG6485A
[2026-05-14 17:17:44.925] [11362464][I][sensor_poll.cpp:432] task_sensor_poll(): [T5_SEN] [T5] iter 371 — polling S200
[2026-05-14 17:17:45.469] [11363003][I][sensor_poll.cpp:535] task_sensor_poll(): [T5_SEN] [T5] T=24°C RH=39% ws=0.0 m/s wd=0° | avg T=24 RH=39 ws=0.0 wd=0° [win T=12 RH=20 W=12]
[2026-05-14 17:17:45.498] [11363017][I][climate_control.cpp:434] task_climate_control(): [T6_CLI] [T6] T_avg=24 t_max=28 hyst=5 → step_t=0 | RH_avg=39 rh_max=75 rh_min=50 hyst=12 rh_en=1 → step_rh=0 | resolved=0 (was cur_t=0 cur_rh=0[11363024][I][main.cpp:162] task_watchdog_heartbeat(): [GHC] T1 tick 22640  uptime 11363 s
[2026-05-14 17:17:45.498] )
[2026-05-14 17:17:50.515] [11368053][I][main.cpp:162] task_watchdog_heartbeat(): [GHC] T1 tick 22650  uptime 11368 s
[2026-05-14 17:17:55.533] [11373071][I][main.cpp:162] task_watchdog_heartbeat(): [GHC] T1 tick 22660  uptime 11373 s
[2026-05-14 17:18:00.551] [11378089][I][main.cpp:162] task_watchdog_heartbeat(): [GHC] T1 tick 22670  uptime 11378 s
[2026-05-14 17:18:03.468] [11381004][I][data_manager.cpp:230] read_rtc_and_seed_clock(): [T4] RTC: 2026-05-14 17:17:59 UTC  unix=1778779079  daytime=yes
[2026-05-14 17:18:05.569] [11383107][I][main.cpp:162] task_watchdog_heartbeat(): [GHC] T1 tick 22680  uptime 11383 s
[2026-05-14 17:18:10.587] [11388125][I][main.cpp:162] task_watchdog_heartbeat(): [GHC] T1 tick 22690  uptime 11388 s
[2026-05-14 17:18:15.480] [11393017][I][sensor_poll.cpp:359] task_sensor_poll(): [T5_SEN] [T5] iter 372 — woke from 30 s delay
[2026-05-14 17:18:15.489] [11393026][I][sensor_poll.cpp:395] task_sensor_poll(): [T5_SEN] [T5] iter 372 — polling FG6485A
[2026-05-14 17:18:15.520] [11393059][I][sensor_poll.cpp:432] task_sensor_poll(): [T5_SEN] [T5] iter 372 — polling S200
[2026-05-14 17:18:15.605] [11393143][I][main.cpp:162] task_watchdog_heartbeat(): [GHC] T1 tick 22700  uptime 11393 s
[2026-05-14 17:18:16.063] [11393597][I][sensor_poll.cpp:535] task_sensor_poll(): [T5_SEN] [T5] T=24°C RH=39% ws=0.0 m/s wd=0° | avg T=24 RH=39 ws=0.0 wd=0° [win T=12 RH=20 W=12]
[2026-05-14 17:18:16.083] [11393611][I][climate_control.cpp:434] task_climate_control(): [T6_CLI] [T6] T_avg=24 t_max=28 hyst=5 → step_t=0 | RH_avg=39 rh_max=75 rh_min=50 hyst=12 rh_en=1 → step_rh=0 | resolved=0 (was cur_t=0 cur_rh=0)
[2026-05-14 17:18:20.623] [11398161][I][main.cpp:162] task_watchdog_heartbeat(): [GHC] T1 tick 22710  uptime 11398 s
[2026-05-14 17:18:25.641] [11403179][I][main.cpp:162] task_watchdog_heartbeat(): [GHC] T1 tick 22720  uptime 11403 s
[2026-05-14 17:18:30.660] [11408197][I][main.cpp:162] task_watchdog_heartbeat(): [GHC] T1 tick 22730  uptime 11408 s
[2026-05-14 17:18:35.678] [11413215][I][main.cpp:162] task_watchdog_heartbeat(): [GHC] T1 tick 22740  uptime 11413 s
[2026-05-14 17:18:40.696] [11418233][I][main.cpp:162] task_watchdog_heartbeat(): [GHC] T1 tick 22750  uptime 11418 s
[2026-05-14 17:18:45.714] [11423251][I][main.cpp:162] task_watchdog_heartbeat(): [GHC] T1 tick 22760  uptime 11423 s
[2026-05-14 17:18:46.074] [11423611][I][sensor_poll.cpp:359] task_sensor_poll(): [T5_SEN] [T5] iter 373 — woke from 30 s delay
[2026-05-14 17:18:46.083] [11423620][I][sensor_poll.cpp:395] task_sensor_poll(): [T5_SEN] [T5] iter 373 — polling FG6485A
[2026-05-14 17:18:46.114] [11423653][I][sensor_poll.cpp:432] task_sensor_poll(): [T5_SEN] [T5] iter 373 — polling S200
[2026-05-14 17:18:46.658] [11424191][I][sensor_poll.cpp:535] task_sensor_poll(): [T5_SEN] [T5] T=24°C RH=39% ws=0.0 m/s wd=0° | avg T=24 RH=39 ws=0.0 wd=0° [win T=12 RH=20 W=12]
[2026-05-14 17:18:46.678] [11424205][I][climate_control.cpp:434] task_climate_control(): [T6_CLI] [T6] T_avg=24 t_max=28 hyst=5 → step_t=0 | RH_avg=39 rh_max=75 rh_min=50 hyst=12 rh_en=1 → step_rh=0 | resolved=0 (was cur_t=0 cur_rh=0)
[2026-05-14 17:18:50.732] [11428269][I][main.cpp:162] task_watchdog_heartbeat(): [GHC] T1 tick 22770  uptime 11428 s
[2026-05-14 17:18:55.750] [11433287][I][main.cpp:162] task_watchdog_heartbeat(): [GHC] T1 tick 22780  uptime 11433 s
[2026-05-14 17:19:00.768] [11438305][I][main.cpp:162] task_watchdog_heartbeat(): [GHC] T1 tick 22790  uptime 11438 s
[2026-05-14 17:19:02.656] [11440192][I][data_manager.cpp:230] read_rtc_and_seed_clock(): [T4] RTC: 2026-05-14 17:18:58 UTC  unix=1778779138  daytime=yes
[2026-05-14 17:19:05.785] [11443323][I][main.cpp:162] task_watchdog_heartbeat(): [GHC] T1 tick 22800  uptime 11443 s
[2026-05-14 17:19:05.793] [11443331][I][main.cpp:247] task_watchdog_heartbeat(): [GHC] stack T1  hwm=2012 B
[2026-05-14 17:19:05.801] [11443339][I][main.cpp:247] task_watchdog_heartbeat(): [GHC] stack T2  hwm=6380 B
[2026-05-14 17:19:05.807] [11443346][I][main.cpp:247] task_watchdog_heartbeat(): [GHC] stack T3  hwm=1980 B
[2026-05-14 17:19:05.816] [11443354][I][main.cpp:247] task_watchdog_heartbeat(): [GHC] stack T4  hwm=3948 B
[2026-05-14 17:19:05.822] [11443361][I][main.cpp:247] task_watchdog_heartbeat(): [GHC] stack T5  hwm=4124 B
[2026-05-14 17:19:05.830] [11443369][I][main.cpp:247] task_watchdog_heartbeat(): [GHC] stack T6  hwm=1596 B
[2026-05-14 17:19:05.838] [11443376][I][main.cpp:247] task_watchdog_heartbeat(): [GHC] stack T7  hwm=2464 B
[2026-05-14 17:19:05.844] [11443383][I][main.cpp:247] task_watchdog_heartbeat(): [GHC] stack T8  hwm=5740 B
[2026-05-14 17:19:05.853] [11443391][I][main.cpp:247] task_watchdog_heartbeat(): [GHC] stack T9  hwm=2524 B
[2026-05-14 17:19:05.859] [11443398][I][main.cpp:247] task_watchdog_heartbeat(): [GHC] stack T10 hwm=5632 B
[2026-05-14 17:19:05.868] [11443406][I][main.cpp:247] task_watchdog_heartbeat(): [GHC] stack T11 hwm=5536 B
[2026-05-14 17:19:05.873] [11443413][I][main.cpp:247] task_watchdog_heartbeat(): [GHC] stack T12 hwm=7416 B
[2026-05-14 17:19:05.882] [11443421][I][main.cpp:247] task_watchdog_heartbeat(): [GHC] stack T14 hwm=6640 B
[2026-05-14 17:19:05.890] [11443429][I][main.cpp:247] task_watchdog_heartbeat(): [GHC] stack T15 hwm=2376 B
[2026-05-14 17:19:10.908] [11448445][I][main.cpp:162] task_watchdog_heartbeat(): [GHC] T1 tick 22810  uptime 11448 s
[2026-05-14 17:19:15.926] [11453463][I][main.cpp:162] task_watchdog_heartbeat(): [GHC] T1 tick 22820  uptime 11453 s
[2026-05-14 17:19:16.669] [11454205][I][sensor_poll.cpp:359] task_sensor_poll(): [T5_SEN] [T5] iter 374 — woke from 30 s delay
[2026-05-14 17:19:16.677] [11454214][I][sensor_poll.cpp:395] task_sensor_poll(): [T5_SEN] [T5] iter 374 — polling FG6485A
[2026-05-14 17:19:16.708] [11454246][I][sensor_poll.cpp:432] task_sensor_poll(): [T5_SEN] [T5] iter 374 — polling S200
[2026-05-14 17:19:17.252] [11454785][I][sensor_poll.cpp:535] task_sensor_poll(): [T5_SEN] [T5] T=24°C RH=38% ws=0.0 m/s wd=0° | avg T=24 RH=39 ws=0.0 wd=0° [win T=12 RH=20 W=12]
[2026-05-14 17:19:17.272] [11454799][I][climate_control.cpp:434] task_climate_control(): [T6_CLI] [T6] T_avg=24 t_max=28 hyst=5 → step_t=0 | RH_avg=39 rh_max=75 rh_min=50 hyst=12 rh_en=1 → step_rh=0 | resolved=0 (was cur_t=0 cur_rh=0)
[2026-05-14 17:19:20.944] [11458481][I][main.cpp:162] task_watchdog_heartbeat(): [GHC] T1 tick 22830  uptime 11458 s
[2026-05-14 17:19:25.962] [11463499][I][main.cpp:162] task_watchdog_heartbeat(): [GHC] T1 tick 22840  uptime 11463 s
[2026-05-14 17:19:30.980] [11468517][I][main.cpp:162] task_watchdog_heartbeat(): [GHC] T1 tick 22850  uptime 11468 s
[2026-05-14 17:19:35.998] [11473535][I][main.cpp:162] task_watchdog_heartbeat(): [GHC] T1 tick 22860  uptime 11473 s
[2026-05-14 17:19:41.016] [11478553][I][main.cpp:162] task_watchdog_heartbeat(): [GHC] T1 tick 22870  uptime 11478 s
[2026-05-14 17:19:46.034] [11483571][I][main.cpp:162] task_watchdog_heartbeat(): [GHC] T1 tick 22880  uptime 11483 s
[2026-05-14 17:19:47.263] [11484799][I][sensor_poll.cpp:359] task_sensor_poll(): [T5_SEN] [T5] iter 375 — woke from 30 s delay
[2026-05-14 17:19:47.271] [11484808][I][sensor_poll.cpp:395] task_sensor_poll(): [T5_SEN] [T5] iter 375 — polling FG6485A
[2026-05-14 17:19:47.302] [11484840][I][sensor_poll.cpp:432] task_sensor_poll(): [T5_SEN] [T5] iter 375 — polling S200
[2026-05-14 17:19:47.846] [11485379][I][sensor_poll.cpp:535] task_sensor_poll(): [T5_SEN] [T5] T=24°C RH=38% ws=0.0 m/s wd=0° | avg T=24 RH=39 ws=0.0 wd=0° [win T=12 RH=20 W=12]
[2026-05-14 17:19:47.866] [11485393][I][climate_control.cpp:434] task_climate_control(): [T6_CLI] [T6] T_avg=24 t_max=28 hyst=5 → step_t=0 | RH_avg=39 rh_max=75 rh_min=50 hyst=12 rh_en=1 → step_rh=0 | resolved=0 (was cur_t=0 cur_rh=0)
[2026-05-14 17:19:51.052] [11488589][I][main.cpp:162] task_watchdog_heartbeat(): [GHC] T1 tick 22890  uptime 11488 s
[2026-05-14 17:19:56.070] [11493607][I][main.cpp:162] task_watchdog_heartbeat(): [GHC] T1 tick 22900  uptime 11493 s
[2026-05-14 17:20:01.088] [11498625][I][main.cpp:162] task_watchdog_heartbeat(): [GHC] T1 tick 22910  uptime 11498 s
[2026-05-14 17:20:01.844] [11499380][I][data_manager.cpp:230] read_rtc_and_seed_clock(): [T4] RTC: 2026-05-14 17:19:57 UTC  unix=1778779197  daytime=yes
[2026-05-14 17:20:06.106] [11503643][I][main.cpp:162] task_watchdog_heartbeat(): [GHC] T1 tick 22920  uptime 11503 s
[2026-05-14 17:20:11.124] [11508661][I][main.cpp:162] task_watchdog_heartbeat(): [GHC] T1 tick 22930  uptime 11508 s
[2026-05-14 17:20:16.142] [11513679][I][main.cpp:162] task_watchdog_heartbeat(): [GHC] T1 tick 22940  uptime 11513 s
[2026-05-14 17:20:17.857] [11515393][I][sensor_poll.cpp:359] task_sensor_poll(): [T5_SEN] [T5] iter 376 — woke from 30 s delay
[2026-05-14 17:20:17.866] [11515402][I][sensor_poll.cpp:395] task_sensor_poll(): [T5_SEN] [T5] iter 376 — polling FG6485A
[2026-05-14 17:20:17.896] [11515435][I][sensor_poll.cpp:432] task_sensor_poll(): [T5_SEN] [T5] iter 376 — polling S200
[2026-05-14 17:20:18.440] [11515973][I][sensor_poll.cpp:535] task_sensor_poll(): [T5_SEN] [T5] T=24°C RH=38% ws=0.0 m/s wd=0° | avg T=24 RH=39 ws=0.0 wd=0° [win T=12 RH=20 W=12]
[2026-05-14 17:20:18.460] [11515987][I][climate_control.cpp:434] task_climate_control(): [T6_CLI] [T6] T_avg=24 t_max=28 hyst=5 → step_t=0 | RH_avg=39 rh_max=75 rh_min=50 hyst=12 rh_en=1 → step_rh=0 | resolved=0 (was cur_t=0 cur_rh=0)
[2026-05-14 17:20:21.160] [11518697][I][main.cpp:162] task_watchdog_heartbeat(): [GHC] T1 tick 22950  uptime 11518 s
[2026-05-14 17:20:26.178] [11523715][I][main.cpp:162] task_watchdog_heartbeat(): [GHC] T1 tick 22960  uptime 11523 s
[2026-05-14 17:20:31.196] [11528733][I][main.cpp:162] task_watchdog_heartbeat(): [GHC] T1 tick 22970  uptime 11528 s
[2026-05-14 17:20:36.214] [11533751][I][main.cpp:162] task_watchdog_heartbeat(): [GHC] T1 tick 22980  uptime 11533 s
[2026-05-14 17:20:41.232] [11538769][I][main.cpp:162] task_watchdog_heartbeat(): [GHC] T1 tick 22990  uptime 11538 s
[2026-05-14 17:20:46.250] [11543787][I][main.cpp:162] task_watchdog_heartbeat(): [GHC] T1 tick 23000  uptime 11543 s
[2026-05-14 17:20:48.451] [11545987][I][sensor_poll.cpp:359] task_sensor_poll(): [T5_SEN] [T5] iter 377 — woke from 30 s delay
[2026-05-14 17:20:48.460] [11545996][I][sensor_poll.cpp:395] task_sensor_poll(): [T5_SEN] [T5] iter 377 — polling FG6485A
[2026-05-14 17:20:48.491] [11546029][I][sensor_poll.cpp:432] task_sensor_poll(): [T5_SEN] [T5] iter 377 — polling S200
[2026-05-14 17:20:49.034] [11546567][I][sensor_poll.cpp:535] task_sensor_poll(): [T5_SEN] [T5] T=24°C RH=38% ws=0.0 m/s wd=0° | avg T=24 RH=39 ws=0.0 wd=0° [win T=12 RH=20 W=12]
[2026-05-14 17:20:49.054] [11546581][I][climate_control.cpp:434] task_climate_control(): [T6_CLI] [T6] T_avg=24 t_max=28 hyst=5 → step_t=0 | RH_avg=39 rh_max=75 rh_min=50 hyst=12 rh_en=1 → step_rh=0 | resolved=0 (was cur_t=0 cur_rh=0)
[2026-05-14 17:20:51.268] [11548805][I][main.cpp:162] task_watchdog_heartbeat(): [GHC] T1 tick 23010  uptime 11548 s
[2026-05-14 17:20:56.286] [11553823][I][main.cpp:162] task_watchdog_heartbeat(): [GHC] T1 tick 23020  uptime 11553 s
[2026-05-14 17:21:01.033] [11558568][I][data_manager.cpp:230] read_rtc_and_seed_clock(): [T4] RTC: 2026-05-14 17:20:56 UTC  unix=1778779256  daytime=yes
[2026-05-14 17:21:01.304] [11558841][I][main.cpp:162] task_watchdog_heartbeat(): [GHC] T1 tick 23030  uptime 11558 s
[2026-05-14 17:21:06.322] [11563859][I][main.cpp:162] task_watchdog_heartbeat(): [GHC] T1 tick 23040  uptime 11563 s
[2026-05-14 17:21:11.341] [11568877][I][main.cpp:162] task_watchdog_heartbeat(): [GHC] T1 tick 23050  uptime 11568 s
[2026-05-14 17:21:16.359] [11573895][I][main.cpp:162] task_watchdog_heartbeat(): [GHC] T1 tick 23060  uptime 11573 s
[2026-05-14 17:21:19.045] [11576581][I][sensor_poll.cpp:359] task_sensor_poll(): [T5_SEN] [T5] iter 378 — woke from 30 s delay
[2026-05-14 17:21:19.054] [11576590][I][sensor_poll.cpp:395] task_sensor_poll(): [T5_SEN] [T5] iter 378 — polling FG6485A
[2026-05-14 17:21:19.084] [11576622][I][sensor_poll.cpp:432] task_sensor_poll(): [T5_SEN] [T5] iter 378 — polling S200
[2026-05-14 17:21:19.628] [11577160][I][sensor_poll.cpp:535] task_sensor_poll(): [T5_SEN] [T5] T=24°C RH=38% ws=0.0 m/s wd=0° | avg T=24 RH=38 ws=0.0 wd=0° [win T=12 RH=20 W=12]
[2026-05-14 17:21:19.648] [11577174][I][climate_control.cpp:434] task_climate_control(): [T6_CLI] [T6] T_avg=24 t_max=28 hyst=5 → step_t=0 | RH_avg=38 rh_max=75 rh_min=50 hyst=12 rh_en=1 → step_rh=0 | resolved=0 (was cur_t=0 cur_rh=0)
[2026-05-14 17:21:21.376] [11578913][I][main.cpp:162] task_watchdog_heartbeat(): [GHC] T1 tick 23070  uptime 11578 s
[2026-05-14 17:21:26.395] [11583931][I][main.cpp:162] task_watchdog_heartbeat(): [GHC] T1 tick 23080  uptime 11583 s
[2026-05-14 17:21:31.413] [11588949][I][main.cpp:162] task_watchdog_heartbeat(): [GHC] T1 tick 23090  uptime 11588 s
[2026-05-14 17:21:36.431] [11593967][I][main.cpp:162] task_watchdog_heartbeat(): [GHC] T1 tick 23100  uptime 11593 s
[2026-05-14 17:21:41.449] [11598985][I][main.cpp:162] task_watchdog_heartbeat(): [GHC] T1 tick 23110  uptime 11598 s
[2026-05-14 17:21:46.467] [11604003][I][main.cpp:162] task_watchdog_heartbeat(): [GHC] T1 tick 23120  uptime 11604 s
[2026-05-14 17:21:49.639] [11607174][I][sensor_poll.cpp:359] task_sensor_poll(): [T5_SEN] [T5] iter 379 — woke from 30 s delay
[2026-05-14 17:21:49.647] [11607183][I][sensor_poll.cpp:395] task_sensor_poll(): [T5_SEN] [T5] iter 379 — polling FG6485A
[2026-05-14 17:21:49.678] [11607215][I][sensor_poll.cpp:432] task_sensor_poll(): [T5_SEN] [T5] iter 379 — polling S200
[2026-05-14 17:21:50.222] [11607754][I][sensor_poll.cpp:535] task_sensor_poll(): [T5_SEN] [T5] T=24°C RH=38% ws=0.0 m/s wd=0° | avg T=24 RH=38 ws=0.0 wd=0° [win T=12 RH=20 W=12]
[2026-05-14 17:21:50.242] [11607768][I][climate_control.cpp:434] task_climate_control(): [T6_CLI] [T6] T_avg=24 t_max=28 hyst=5 → step_t=0 | RH_avg=38 rh_max=75 rh_min=50 hyst=12 rh_en=1 → step_rh=0 | resolved=0 (was cur_t=0 cur_rh=0)
[2026-05-14 17:21:51.485] [11609021][I][main.cpp:162] task_watchdog_heartbeat(): [GHC] T1 tick 23130  uptime 11609 s
[2026-05-14 17:21:56.503] [11614039][I][main.cpp:162] task_watchdog_heartbeat(): [GHC] T1 tick 23140  uptime 11614 s
[2026-05-14 17:22:00.220] [11617755][I][data_manager.cpp:230] read_rtc_and_seed_clock(): [T4] RTC: 2026-05-14 17:21:56 UTC  unix=1778779316  daytime=yes
[2026-05-14 17:22:01.521] [11619057][I][main.cpp:162] task_watchdog_heartbeat(): [GHC] T1 tick 23150  uptime 11619 s
[2026-05-14 17:22:06.539] [11624075][I][main.cpp:162] task_watchdog_heartbeat(): [GHC] T1 tick 23160  uptime 11624 s
[2026-05-14 17:22:11.557] [11629093][I][main.cpp:162] task_watchdog_heartbeat(): [GHC] T1 tick 23170  uptime 11629 s
[2026-05-14 17:22:16.575] [11634111][I][main.cpp:162] task_watchdog_heartbeat(): [GHC] T1 tick 23180  uptime 11634 s
[2026-05-14 17:22:20.233] [11637768][I][sensor_poll.cpp:359] task_sensor_poll(): [T5_SEN] [T5] iter 380 — woke from 30 s delay
[2026-05-14 17:22:20.241] [11637777][I][sensor_poll.cpp:395] task_sensor_poll(): [T5_SEN] [T5] iter 380 — polling FG6485A
[2026-05-14 17:22:20.272] [11637810][I][sensor_poll.cpp:432] task_sensor_poll(): [T5_SEN] [T5] iter 380 — polling S200
[2026-05-14 17:22:20.816] [11638348][I][sensor_poll.cpp:535] task_sensor_poll(): [T5_SEN] [T5] T=24°C RH=38% ws=0.0 m/s wd=0° | avg T=24 RH=38 ws=0.0 wd=0° [win T=12 RH=20 W=12]
[2026-05-14 17:22:20.836] [11638362][I][climate_control.cpp:434] task_climate_control(): [T6_CLI] [T6] T_avg=24 t_max=28 hyst=5 → step_t=0 | RH_avg=38 rh_max=75 rh_min=50 hyst=12 rh_en=1 → step_rh=0 | resolved=0 (was cur_t=0 cur_rh=0)
[2026-05-14 17:22:21.593] [11639129][I][main.cpp:162] task_watchdog_heartbeat(): [GHC] T1 tick 23190  uptime 11639 s
[2026-05-14 17:22:26.611] [11644147][I][main.cpp:162] task_watchdog_heartbeat(): [GHC] T1 tick 23200  uptime 11644 s
[2026-05-14 17:22:31.629] [11649165][I][main.cpp:162] task_watchdog_heartbeat(): [GHC] T1 tick 23210  uptime 11649 s
[2026-05-14 17:22:36.647] [11654183][I][main.cpp:162] task_watchdog_heartbeat(): [GHC] T1 tick 23220  uptime 11654 s
[2026-05-14 17:22:41.665] [11659201][I][main.cpp:162] task_watchdog_heartbeat(): [GHC] T1 tick 23230  uptime 11659 s
[2026-05-14 17:22:46.683] [11664219][I][main.cpp:162] task_watchdog_heartbeat(): [GHC] T1 tick 23240  uptime 11664 s
[2026-05-14 17:22:50.827] [11668362][I][sensor_poll.cpp:359] task_sensor_poll(): [T5_SEN] [T5] iter 381 — woke from 30 s delay
[2026-05-14 17:22:50.836] [11668371][I][sensor_poll.cpp:395] task_sensor_poll(): [T5_SEN] [T5] iter 381 — polling FG6485A
[2026-05-14 17:22:50.867] [11668404][I][sensor_poll.cpp:432] task_sensor_poll(): [T5_SEN] [T5] iter 381 — polling S200
[2026-05-14 17:22:51.410] [11668942][I][sensor_poll.cpp:535] task_sensor_poll(): [T5_SEN] [T5] T=24°C RH=38% ws=0.0 m/s wd=0° | avg T=24 RH=38 ws=0.0 wd=0° [win T=12 RH=20 W=12]
[2026-05-14 17:22:51.430] [11668956][I][climate_control.cpp:434] task_climate_control(): [T6_CLI] [T6] T_avg=24 t_max=28 hyst=5 → step_t=0 | RH_avg=38 rh_max=75 rh_min=50 hyst=12 rh_en=1 → step_rh=0 | resolved=0 (was cur_t=0 cur_rh=0)
[2026-05-14 17:22:51.701] [11669237][I][main.cpp:162] task_watchdog_heartbeat(): [GHC] T1 tick 23250  uptime 11669 s
[2026-05-14 17:22:56.719] [11674255][I][main.cpp:162] task_watchdog_heartbeat(): [GHC] T1 tick 23260  uptime 11674 s
[2026-05-14 17:22:59.408] [11676943][I][data_manager.cpp:230] read_rtc_and_seed_clock(): [T4] RTC: 2026-05-14 17:22:55 UTC  unix=1778779375  daytime=yes
[2026-05-14 17:23:01.737] [11679273][I][main.cpp:162] task_watchdog_heartbeat(): [GHC] T1 tick 23270  uptime 11679 s
[2026-05-14 17:23:06.755] [11684291][I][main.cpp:162] task_watchdog_heartbeat(): [GHC] T1 tick 23280  uptime 11684 s
[2026-05-14 17:23:11.773] [11689309][I][main.cpp:162] task_watchdog_heartbeat(): [GHC] T1 tick 23290  uptime 11689 s
[2026-05-14 17:23:16.791] [11694327][I][main.cpp:162] task_watchdog_heartbeat(): [GHC] T1 tick 23300  uptime 11694 s
[2026-05-14 17:23:21.421] [11698956][I][sensor_poll.cpp:359] task_sensor_poll(): [T5_SEN] [T5] iter 382 — woke from 30 s delay
[2026-05-14 17:23:21.430] [11698965][I][sensor_poll.cpp:395] task_sensor_poll(): [T5_SEN] [T5] iter 382 — polling FG6485A
[2026-05-14 17:23:21.460] [11698997][I][sensor_poll.cpp:432] task_sensor_poll(): [T5_SEN] [T5] iter 382 — polling S200
[2026-05-14 17:23:21.809] [11699345][I][main.cpp:162] task_watchdog_heartbeat(): [GHC] T1 tick 23310  uptime 11699 s
[2026-05-14 17:23:22.004] [11699536][I][sensor_poll.cpp:535] task_sensor_poll(): [T5_SEN] [T5] T=24°C RH=38% ws=0.0 m/s wd=0° | avg T=24 RH=38 ws=0.0 wd=0° [win T=12 RH=20 W=12]
[2026-05-14 17:23:22.024] [11699550][I][climate_control.cpp:434] task_climate_control(): [T6_CLI] [T6] T_avg=24 t_max=28 hyst=5 → step_t=0 | RH_avg=38 rh_max=75 rh_min=50 hyst=12 rh_en=1 → step_rh=0 | resolved=0 (was cur_t=0 cur_rh=0)
[2026-05-14 17:23:26.827] [11704363][I][main.cpp:162] task_watchdog_heartbeat(): [GHC] T1 tick 23320  uptime 11704 s
[2026-05-14 17:23:31.845] [11709381][I][main.cpp:162] task_watchdog_heartbeat(): [GHC] T1 tick 23330  uptime 11709 s
[2026-05-14 17:23:36.863] [11714399][I][main.cpp:162] task_watchdog_heartbeat(): [GHC] T1 tick 23340  uptime 11714 s
[2026-05-14 17:23:41.881] [11719417][I][main.cpp:162] task_watchdog_heartbeat(): [GHC] T1 tick 23350  uptime 11719 s
[2026-05-14 17:23:46.899] [11724435][I][main.cpp:162] task_watchdog_heartbeat(): [GHC] T1 tick 23360  uptime 11724 s
[2026-05-14 17:23:51.917] [11729453][I][main.cpp:162] task_watchdog_heartbeat(): [GHC] T1 tick 23370  uptime 11729 s
[2026-05-14 17:23:52.015] [11729550][I][sensor_poll.cpp:359] task_sensor_poll(): [T5_SEN] [T5] iter 383 — woke from 30 s delay
[2026-05-14 17:23:52.024] [11729559][I][sensor_poll.cpp:395] task_sensor_poll(): [T5_SEN] [T5] iter 383 — polling FG6485A
[2026-05-14 17:23:52.054] [11729591][I][sensor_poll.cpp:432] task_sensor_poll(): [T5_SEN] [T5] iter 383 — polling S200
[2026-05-14 17:23:52.598] [11730130][I][sensor_poll.cpp:535] task_sensor_poll(): [T5_SEN] [T5] T=24°C RH=38% ws=0.0 m/s wd=0° | avg T=24 RH=38 ws=0.0 wd=0° [win T=12 RH=20 W=12]
[2026-05-14 17:23:52.618] [11730144][I][climate_control.cpp:434] task_climate_control(): [T6_CLI] [T6] T_avg=24 t_max=28 hyst=5 → step_t=0 | RH_avg=38 rh_max=75 rh_min=50 hyst=12 rh_en=1 → step_rh=0 | resolved=0 (was cur_t=0 cur_rh=0)
[2026-05-14 17:23:56.935] [11734471][I][main.cpp:162] task_watchdog_heartbeat(): [GHC] T1 tick 23380  uptime 11734 s
[2026-05-14 17:23:58.597] [11736131][I][data_manager.cpp:230] read_rtc_and_seed_clock(): [T4] RTC: 2026-05-14 17:23:54 UTC  unix=1778779434  daytime=yes
[2026-05-14 17:24:01.953] [11739489][I][main.cpp:162] task_watchdog_heartbeat(): [GHC] T1 tick 23390  uptime 11739 s
[2026-05-14 17:24:06.971] [11744507][I][main.cpp:162] task_watchdog_heartbeat(): [GHC] T1 tick 23400  uptime 11744 s
[2026-05-14 17:24:11.989] [11749525][I][main.cpp:162] task_watchdog_heartbeat(): [GHC] T1 tick 23410  uptime 11749 s
[2026-05-14 17:24:17.007] [11754543][I][main.cpp:162] task_watchdog_heartbeat(): [GHC] T1 tick 23420  uptime 11754 s
[2026-05-14 17:24:22.025] [11759561][I][main.cpp:162] task_watchdog_heartbeat(): [GHC] T1 tick 23430  uptime 11759 s
[2026-05-14 17:24:22.609] [11760144][I][sensor_poll.cpp:359] task_sensor_poll(): [T5_SEN] [T5] iter 384 — woke from 30 s delay
[2026-05-14 17:24:22.618] [11760153][I][sensor_poll.cpp:395] task_sensor_poll(): [T5_SEN] [T5] iter 384 — polling FG6485A
[2026-05-14 17:24:22.649] [11760186][I][sensor_poll.cpp:432] task_sensor_poll(): [T5_SEN] [T5] iter 384 — polling S200
[2026-05-14 17:24:23.192] [11760724][I][sensor_poll.cpp:535] task_sensor_poll(): [T5_SEN] [T5] T=24°C RH=38% ws=0.0 m/s wd=0° | avg T=24 RH=38 ws=0.0 wd=0° [win T=12 RH=20 W=12]
[2026-05-14 17:24:23.212] [11760738][I][climate_control.cpp:434] task_climate_control(): [T6_CLI] [T6] T_avg=24 t_max=28 hyst=5 → step_t=0 | RH_avg=38 rh_max=75 rh_min=50 hyst=12 rh_en=1 → step_rh=0 | resolved=0 (was cur_t=0 cur_rh=0)
[2026-05-14 17:24:27.044] [11764579][I][main.cpp:162] task_watchdog_heartbeat(): [GHC] T1 tick 23440  uptime 11764 s
[2026-05-14 17:24:32.061] [11769597][I][main.cpp:162] task_watchdog_heartbeat(): [GHC] T1 tick 23450  uptime 11769 s
[2026-05-14 17:24:37.079] [11774615][I][main.cpp:162] task_watchdog_heartbeat(): [GHC] T1 tick 23460  uptime 11774 s
[2026-05-14 17:24:42.098] [11779633][I][main.cpp:162] task_watchdog_heartbeat(): [GHC] T1 tick 23470  uptime 11779 s
[2026-05-14 17:24:47.115] [11784651][I][main.cpp:162] task_watchdog_heartbeat(): [GHC] T1 tick 23480  uptime 11784 s
[2026-05-14 17:24:52.134] [11789669][I][main.cpp:162] task_watchdog_heartbeat(): [GHC] T1 tick 23490  uptime 11789 s
[2026-05-14 17:24:53.203] [11790738][I][sensor_poll.cpp:359] task_sensor_poll(): [T5_SEN] [T5] iter 385 — woke from 30 s delay
[2026-05-14 17:24:53.212] [11790747][I][sensor_poll.cpp:395] task_sensor_poll(): [T5_SEN] [T5] iter 385 — polling FG6485A
[2026-05-14 17:24:53.243] [11790780][I][sensor_poll.cpp:432] task_sensor_poll(): [T5_SEN] [T5] iter 385 — polling S200
[2026-05-14 17:24:53.787] [11791318][I][sensor_poll.cpp:535] task_sensor_poll(): [T5_SEN] [T5] T=24°C RH=38% ws=0.0 m/s wd=0° | avg T=24 RH=38 ws=0.0 wd=0° [win T=12 RH=20 W=12]
[2026-05-14 17:24:53.807] [11791332][I][climate_control.cpp:434] task_climate_control(): [T6_CLI] [T6] T_avg=24 t_max=28 hyst=5 → step_t=0 | RH_avg=38 rh_max=75 rh_min=50 hyst=12 rh_en=1 → step_rh=0 | resolved=0 (was cur_t=0 cur_rh=0)
[2026-05-14 17:24:57.151] [11794687][I][main.cpp:162] task_watchdog_heartbeat(): [GHC] T1 tick 23500  uptime 11794 s
[2026-05-14 17:24:57.785] [11795319][I][data_manager.cpp:230] read_rtc_and_seed_clock(): [T4] RTC: 2026-05-14 17:24:53 UTC  unix=1778779493  daytime=yes
[2026-05-14 17:25:02.170] [11799705][I][main.cpp:162] task_watchdog_heartbeat(): [GHC] T1 tick 23510  uptime 11799 s
[2026-05-14 17:25:07.187] [11804723][I][main.cpp:162] task_watchdog_heartbeat(): [GHC] T1 tick 23520  uptime 11804 s
[2026-05-14 17:25:12.205] [11809741][I][main.cpp:162] task_watchdog_heartbeat(): [GHC] T1 tick 23530  uptime 11809 s
[2026-05-14 17:25:17.223] [11814759][I][main.cpp:162] task_watchdog_heartbeat(): [GHC] T1 tick 23540  uptime 11814 s
[2026-05-14 17:25:22.242] [11819777][I][main.cpp:162] task_watchdog_heartbeat(): [GHC] T1 tick 23550  uptime 11819 s
[2026-05-14 17:25:23.797] [11821332][I][sensor_poll.cpp:359] task_sensor_poll(): [T5_SEN] [T5] iter 386 — woke from 30 s delay
[2026-05-14 17:25:23.806] [11821341][I][sensor_poll.cpp:395] task_sensor_poll(): [T5_SEN] [T5] iter 386 — polling FG6485A
[2026-05-14 17:25:23.836] [11821373][I][sensor_poll.cpp:432] task_sensor_poll(): [T5_SEN] [T5] iter 386 — polling S200
[2026-05-14 17:25:24.380] [11821911][I][sensor_poll.cpp:535] task_sensor_poll(): [T5_SEN] [T5] T=24°C RH=38% ws=0.0 m/s wd=0° | avg T=24 RH=38 ws=0.0 wd=0° [win T=12 RH=20 W=12]
[2026-05-14 17:25:24.400] [11821925][I][climate_control.cpp:434] task_climate_control(): [T6_CLI] [T6] T_avg=24 t_max=28 hyst=5 → step_t=0 | RH_avg=38 rh_max=75 rh_min=50 hyst=12 rh_en=1 → step_rh=0 | resolved=0 (was cur_t=0 cur_rh=0)
[2026-05-14 17:25:27.260] [11824795][I][main.cpp:162] task_watchdog_heartbeat(): [GHC] T1 tick 23560  uptime 11824 s
[2026-05-14 17:25:32.277] [11829813][I][main.cpp:162] task_watchdog_heartbeat(): [GHC] T1 tick 23570  uptime 11829 s
[2026-05-14 17:25:37.296] [11834831][I][main.cpp:162] task_watchdog_heartbeat(): [GHC] T1 tick 23580  uptime 11834 s
[2026-05-14 17:25:42.314] [11839849][I][main.cpp:162] task_watchdog_heartbeat(): [GHC] T1 tick 23590  uptime 11839 s
[2026-05-14 17:25:47.332] [11844867][I][main.cpp:162] task_watchdog_heartbeat(): [GHC] T1 tick 23600  uptime 11844 s
[2026-05-14 17:25:52.350] [11849885][I][main.cpp:162] task_watchdog_heartbeat(): [GHC] T1 tick 23610  uptime 11849 s
[2026-05-14 17:25:54.390] [11851925][I][sensor_poll.cpp:359] task_sensor_poll(): [T5_SEN] [T5] iter 387 — woke from 30 s delay
[2026-05-14 17:25:54.399] [11851934][I][sensor_poll.cpp:395] task_sensor_poll(): [T5_SEN] [T5] iter 387 — polling FG6485A
[2026-05-14 17:25:54.430] [11851966][I][sensor_poll.cpp:432] task_sensor_poll(): [T5_SEN] [T5] iter 387 — polling S200
[2026-05-14 17:25:54.974] [11852505][I][sensor_poll.cpp:535] task_sensor_poll(): [T5_SEN] [T5] T=24°C RH=38% ws=0.0 m/s wd=0° | avg T=24 RH=38 ws=0.0 wd=0° [win T=12 RH=20 W=12]
[2026-05-14 17:25:54.994] [11852519][I][climate_control.cpp:434] task_climate_control(): [T6_CLI] [T6] T_avg=24 t_max=28 hyst=5 → step_t=0 | RH_avg=38 rh_max=75 rh_min=50 hyst=12 rh_en=1 → step_rh=0 | resolved=0 (was cur_t=0 cur_rh=0)
[2026-05-14 17:25:56.972] [11854506][I][data_manager.cpp:230] read_rtc_and_seed_clock(): [T4] RTC: 2026-05-14 17:25:52 UTC  unix=1778779552  daytime=yes
[2026-05-14 17:25:57.368] [11854903][I][main.cpp:162] task_watchdog_heartbeat(): [GHC] T1 tick 23620  uptime 11854 s
[2026-05-14 17:26:02.386] [11859921][I][main.cpp:162] task_watchdog_heartbeat(): [GHC] T1 tick 23630  uptime 11859 s
[2026-05-14 17:26:07.404] [11864939][I][main.cpp:162] task_watchdog_heartbeat(): [GHC] T1 tick 23640  uptime 11864 s
[2026-05-14 17:26:12.422] [11869957][I][main.cpp:162] task_watchdog_heartbeat(): [GHC] T1 tick 23650  uptime 11869 s
[2026-05-14 17:26:17.440] [11874975][I][main.cpp:162] task_watchdog_heartbeat(): [GHC] T1 tick 23660  uptime 11874 s
[2026-05-14 17:26:22.458] [11879993][I][main.cpp:162] task_watchdog_heartbeat(): [GHC] T1 tick 23670  uptime 11879 s
[2026-05-14 17:26:24.985] [11882519][I][sensor_poll.cpp:359] task_sensor_poll(): [T5_SEN] [T5] iter 388 — woke from 30 s delay
[2026-05-14 17:26:24.993] [11882528][I][sensor_poll.cpp:395] task_sensor_poll(): [T5_SEN] [T5] iter 388 — polling FG6485A
[2026-05-14 17:26:25.024] [11882561][I][sensor_poll.cpp:432] task_sensor_poll(): [T5_SEN] [T5] iter 388 — polling S200
[2026-05-14 17:26:25.568] [11883099][I][sensor_poll.cpp:535] task_sensor_poll(): [T5_SEN] [T5] T=24°C RH=38% ws=0.0 m/s wd=0° | avg T=24 RH=38 ws=0.0 wd=0° [win T=12 RH=20 W=12]
[2026-05-14 17:26:25.588] [11883113][I][climate_control.cpp:434] task_climate_control(): [T6_CLI] [T6] T_avg=24 t_max=28 hyst=5 → step_t=0 | RH_avg=38 rh_max=75 rh_min=50 hyst=12 rh_en=1 → step_rh=0 | resolved=0 (was cur_t=0 cur_rh=0)
[2026-05-14 17:26:27.476] [11885011][I][main.cpp:162] task_watchdog_heartbeat(): [GHC] T1 tick 23680  uptime 11885 s
[2026-05-14 17:26:32.494] [11890029][I][main.cpp:162] task_watchdog_heartbeat(): [GHC] T1 tick 23690  uptime 11890 s
[2026-05-14 17:26:37.512] [11895047][I][main.cpp:162] task_watchdog_heartbeat(): [GHC] T1 tick 23700  uptime 11895 s
[2026-05-14 17:26:42.530] [11900065][I][main.cpp:162] task_watchdog_heartbeat(): [GHC] T1 tick 23710  uptime 11900 s
[2026-05-14 17:26:47.548] [11905083][I][main.cpp:162] task_watchdog_heartbeat(): [GHC] T1 tick 23720  uptime 11905 s
[2026-05-14 17:26:52.566] [11910101][I][main.cpp:162] task_watchdog_heartbeat(): [GHC] T1 tick 23730  uptime 11910 s
[2026-05-14 17:26:55.579] [11913113][I][sensor_poll.cpp:359] task_sensor_poll(): [T5_SEN] [T5] iter 389 — woke from 30 s delay
[2026-05-14 17:26:55.587] [11913122][I][sensor_poll.cpp:395] task_sensor_poll(): [T5_SEN] [T5] iter 389 — polling FG6485A
[2026-05-14 17:26:55.618] [11913155][I][sensor_poll.cpp:432] task_sensor_poll(): [T5_SEN] [T5] iter 389 — polling S200
[2026-05-14 17:26:56.164] [11913693][I][sensor_poll.cpp:535] task_sensor_poll(): [T5_SEN] [T5] T=24°C RH=38% ws=0.0 m/s wd=0° | avg T=24 RH=38 ws=0.0 wd=0° [win[11913694][I T=12 RH=20][data_manag W=12]
[2026-05-14 17:26:56.173] er.cpp:230] read_rtc_and_seed_clock(): [T4] RTC: 2026-05-14 17:26:52 UTC  unix=1778779612  daytime=yes
[2026-05-14 17:26:56.193] [11913718][I][climate_control.cpp:434] task_climate_control(): [T6_CLI] [T6] T_avg=24 t_max=28 hyst=5 → step_t=0 | RH_avg=38 rh_max=75 rh_min=50 hyst=12 rh_en=1 → step_rh=0 | resolved=0 (was cur_t=0 cur_rh=0)
[2026-05-14 17:26:57.584] [11915119][I][main.cpp:162] task_watchdog_heartbeat(): [GHC] T1 tick 23740  uptime 11915 s
[2026-05-14 17:27:02.602] [11920137][I][main.cpp:162] task_watchdog_heartbeat(): [GHC] T1 tick 23750  uptime 11920 s
[2026-05-14 17:27:07.620] [11925155][I][main.cpp:162] task_watchdog_heartbeat(): [GHC] T1 tick 23760  uptime 11925 s
[2026-05-14 17:27:12.638] [11930173][I][main.cpp:162] task_watchdog_heartbeat(): [GHC] T1 tick 23770  uptime 11930 s
[2026-05-14 17:27:17.656] [11935191][I][main.cpp:162] task_watchdog_heartbeat(): [GHC] T1 tick 23780  uptime 11935 s
[2026-05-14 17:27:22.674] [11940209][I][main.cpp:162] task_watchdog_heartbeat(): [GHC] T1 tick 23790  uptime 11940 s
[2026-05-14 17:27:26.184] [11943718][I][sensor_poll.cpp:359] task_sensor_poll(): [T5_SEN] [T5] iter 390 — woke from 30 s delay
[2026-05-14 17:27:26.192] [11943727][I][sensor_poll.cpp:395] task_sensor_poll(): [T5_SEN] [T5] iter 390 — polling FG6485A
[2026-05-14 17:27:26.223] [11943759][I][sensor_poll.cpp:432] task_sensor_poll(): [T5_SEN] [T5] iter 390 — polling S200
[2026-05-14 17:27:26.767] [11944298][I][sensor_poll.cpp:535] task_sensor_poll(): [T5_SEN] [T5] T=24°C RH=38% ws=0.0 m/s wd=0° | avg T=24 RH=38 ws=0.0 wd=0° [win T=12 RH=20 W=12]
[2026-05-14 17:27:26.787] [11944312][I][climate_control.cpp:434] task_climate_control(): [T6_CLI] [T6] T_avg=24 t_max=28 hyst=5 → step_t=0 | RH_avg=38 rh_max=75 rh_min=50 hyst=12 rh_en=1 → step_rh=0 | resolved=0 (was cur_t=0 cur_rh=0)
[2026-05-14 17:27:27.692] [11945227][I][main.cpp:162] task_watchdog_heartbeat(): [GHC] T1 tick 23800  uptime 11945 s
[2026-05-14 17:27:32.710] [11950245][I][main.cpp:162] task_watchdog_heartbeat(): [GHC] T1 tick 23810  uptime 11950 s
[2026-05-14 17:27:37.728] [11955263][I][main.cpp:162] task_watchdog_heartbeat(): [GHC] T1 tick 23820  uptime 11955 s
[2026-05-14 17:27:42.746] [11960281][I][main.cpp:162] task_watchdog_heartbeat(): [GHC] T1 tick 23830  uptime 11960 s
[2026-05-14 17:27:47.764] [11965299][I][main.cpp:162] task_watchdog_heartbeat(): [GHC] T1 tick 23840  uptime 11965 s
[2026-05-14 17:27:52.782] [11970317][I][main.cpp:162] task_watchdog_heartbeat(): [GHC] T1 tick 23850  uptime 11970 s
[2026-05-14 17:27:55.765] [11973299][I][data_manager.cpp:230] read_rtc_and_seed_clock(): [T4] RTC: 2026-05-14 17:27:51 UTC  unix=1778779671  daytime=yes
[2026-05-14 17:27:56.778] [11974312][I][sensor_poll.cpp:359] task_sensor_poll(): [T5_SEN] [T5] iter 391 — woke from 30 s delay
[2026-05-14 17:27:56.786] [11974321][I][sensor_poll.cpp:395] task_sensor_poll(): [T5_SEN] [T5] iter 391 — polling FG6485A
[2026-05-14 17:27:56.817] [11974353][I][sensor_poll.cpp:432] task_sensor_poll(): [T5_SEN] [T5] iter 391 — polling S200
[2026-05-14 17:27:57.361] [11974892][I][sensor_poll.cpp:535] task_sensor_poll(): [T5_SEN] [T5] T=24°C RH=38% ws=0.0 m/s wd=0° | avg T=24 RH=38 ws=0.0 wd=0° [win T=12 RH=20 W=12]
[2026-05-14 17:27:57.381] [11974906][I][climate_control.cpp:434] task_climate_control(): [T6_CLI] [T6] T_avg=24 t_max=28 hyst=5 → step_t=0 | RH_avg=38 rh_max=75 rh_min=50 hyst=12 rh_en=1 → step_rh=0 | resolved=0 (was cur_t=0 cur_rh=0)
[2026-05-14 17:27:57.800] [11975335][I][main.cpp:162] task_watchdog_heartbeat(): [GHC] T1 tick 23860  uptime 11975 s
[2026-05-14 17:28:02.818] [11980353][I][main.cpp:162] task_watchdog_heartbeat(): [GHC] T1 tick 23870  uptime 11980 s
[2026-05-14 17:28:07.836] [11985371][I][main.cpp:162] task_watchdog_heartbeat(): [GHC] T1 tick 23880  uptime 11985 s
[2026-05-14 17:28:12.854] [11990389][I][main.cpp:162] task_watchdog_heartbeat(): [GHC] T1 tick 23890  uptime 11990 s
[2026-05-14 17:28:17.872] [11995407][I][main.cpp:162] task_watchdog_heartbeat(): [GHC] T1 tick 23900  uptime 11995 s
[2026-05-14 17:28:22.890] [12000425][I][main.cpp:162] task_watchdog_heartbeat(): [GHC] T1 tick 23910  uptime 12000 s
[2026-05-14 17:28:27.372] [12004906][I][sensor_poll.cpp:359] task_sensor_poll(): [T5_SEN] [T5] iter 392 — woke from 30 s delay
[2026-05-14 17:28:27.381] [12004915][I][sensor_poll.cpp:395] task_sensor_poll(): [T5_SEN] [T5] iter 392 — polling FG6485A
[2026-05-14 17:28:27.411] [12004948][I][sensor_poll.cpp:432] task_sensor_poll(): [T5_SEN] [T5] iter 392 — polling S200
[2026-05-14 17:28:27.908] [12005443][I][main.cpp:162] task_watchdog_heartbeat(): [GHC] T1 tick 23920  uptime 12005 s
[2026-05-14 17:28:27.955] [12005486][I][sensor_poll.cpp:535] task_sensor_poll(): [T5_SEN] [T5] T=24°C RH=37% ws=0.0 m/s wd=0° | avg T=24 RH=38 ws=0.0 wd=0° [win T=12 RH=20 W=12]
[2026-05-14 17:28:27.975] [12005500][I][climate_control.cpp:434] task_climate_control(): [T6_CLI] [T6] T_avg=24 t_max=28 hyst=5 → step_t=0 | RH_avg=38 rh_max=75 rh_min=50 hyst=12 rh_en=1 → step_rh=0 | resolved=0 (was cur_t=0 cur_rh=0)
[2026-05-14 17:28:32.926] [12010461][I][main.cpp:162] task_watchdog_heartbeat(): [GHC] T1 tick 23930  uptime 12010 s
[2026-05-14 17:28:37.944] [12015479][I][main.cpp:162] task_watchdog_heartbeat(): [GHC] T1 tick 23940  uptime 12015 s
[2026-05-14 17:28:42.962] [12020497][I][main.cpp:162] task_watchdog_heartbeat(): [GHC] T1 tick 23950  uptime 12020 s
[2026-05-14 17:28:47.980] [12025515][I][main.cpp:162] task_watchdog_heartbeat(): [GHC] T1 tick 23960  uptime 12025 s
[2026-05-14 17:28:52.998] [12030533][I][main.cpp:162] task_watchdog_heartbeat(): [GHC] T1 tick 23970  uptime 12030 s
[2026-05-14 17:28:54.955] [12032489][I][data_manager.cpp:230] read_rtc_and_seed_clock(): [T4] RTC: 2026-05-14 17:28:50 UTC  unix=1778779730  daytime=yes
[2026-05-14 17:28:57.966] [12035500][I][sensor_poll.cpp:359] task_sensor_poll(): [T5_SEN] [T5] iter 393 — woke from 30 s delay
[2026-05-14 17:28:57.975] [12035509][I][sensor_poll.cpp:395] task_sensor_poll(): [T5_SEN] [T5] iter 393 — polling FG6485A
[2026-05-14 17:28:58.005] [12035542][I][sensor_poll.cpp:432] task_sensor_poll(): [T5_SEN] [T5] iter 393 — polling S200
[2026-05-14 17:28:58.016] [12035551][I][main.cpp:162] task_watchdog_heartbeat(): [GHC] T1 tick 23980  uptime 12035 s
[2026-05-14 17:28:58.550] [12036081][I][sensor_poll.cpp:535] task_sensor_poll(): [T5_SEN] [T5] T=24°C RH=37% ws=0.0 m/s wd=0° | avg T=24 RH=38 ws=0.0 wd=0° [win T=12 RH=20 W=12]
[2026-05-14 17:28:58.570] [12036095][I][climate_control.cpp:434] task_climate_control(): [T6_CLI] [T6] T_avg=24 t_max=28 hyst=5 → step_t=0 | RH_avg=38 rh_max=75 rh_min=50 hyst=12 rh_en=1 → step_rh=0 | resolved=0 (was cur_t=0 cur_rh=0)
[2026-05-14 17:29:03.034] [12040569][I][main.cpp:162] task_watchdog_heartbeat(): [GHC] T1 tick 23990  uptime 12040 s
[2026-05-14 17:29:08.051] [12045587][I][main.cpp:162] task_watchdog_heartbeat(): [GHC] T1 tick 24000  uptime 12045 s
[2026-05-14 17:29:08.059] [12045595][I][main.cpp:247] task_watchdog_heartbeat(): [GHC] stack T1  hwm=2012 B
[2026-05-14 17:29:08.068] [12045603][I][main.cpp:247] task_watchdog_heartbeat(): [GHC] stack T2  hwm=6380 B
[2026-05-14 17:29:08.074] [12045610][I][main.cpp:247] task_watchdog_heartbeat(): [GHC] stack T3  hwm=1980 B
[2026-05-14 17:29:08.082] [12045618][I][main.cpp:247] task_watchdog_heartbeat(): [GHC] stack T4  hwm=3948 B
[2026-05-14 17:29:08.088] [12045625][I][main.cpp:247] task_watchdog_heartbeat(): [GHC] stack T5  hwm=4124 B
[2026-05-14 17:29:08.097] [12045633][I][main.cpp:247] task_watchdog_heartbeat(): [GHC] stack T6  hwm=1596 B
[2026-05-14 17:29:08.105] [12045640][I][main.cpp:247] task_watchdog_heartbeat(): [GHC] stack T7  hwm=2464 B
[2026-05-14 17:29:08.111] [12045648][I][main.cpp:247] task_watchdog_heartbeat(): [GHC] stack T8  hwm=5740 B
[2026-05-14 17:29:08.120] [12045655][I][main.cpp:247] task_watchdog_heartbeat(): [GHC] stack T9  hwm=2524 B
[2026-05-14 17:29:08.126] [12045663][I][main.cpp:247] task_watchdog_heartbeat(): [GHC] stack T10 hwm=5632 B
[2026-05-14 17:29:08.134] [12045670][I][main.cpp:247] task_watchdog_heartbeat(): [GHC] stack T11 hwm=5536 B
[2026-05-14 17:29:08.140] [12045678][I][main.cpp:247] task_watchdog_heartbeat(): [GHC] stack T12 hwm=7416 B
[2026-05-14 17:29:08.149] [12045685][I][main.cpp:247] task_watchdog_heartbeat(): [GHC] stack T14 hwm=6640 B
[2026-05-14 17:29:08.157] [12045693][I][main.cpp:247] task_watchdog_heartbeat(): [GHC] stack T15 hwm=2376 B
[2026-05-14 17:29:13.175] [12050710][I][main.cpp:162] task_watchdog_heartbeat(): [GHC] T1 tick 24010  uptime 12050 s
[2026-05-14 17:29:18.193] [12055728][I][main.cpp:162] task_watchdog_heartbeat(): [GHC] T1 tick 24020  uptime 12055 s
[2026-05-14 17:29:23.211] [12060746][I][main.cpp:162] task_watchdog_heartbeat(): [GHC] T1 tick 24030  uptime 12060 s
[2026-05-14 17:29:28.229] [12065764][I][main.cpp:162] task_watchdog_heartbeat(): [GHC] T1 tick 24040  uptime 12065 s
[2026-05-14 17:29:28.561] [12066095][I][sensor_poll.cpp:359] task_sensor_poll(): [T5_SEN] [T5] iter 394 — woke from 30 s delay
[2026-05-14 17:29:28.570] [12066104][I][sensor_poll.cpp:395] task_sensor_poll(): [T5_SEN] [T5] iter 394 — polling FG6485A
[2026-05-14 17:29:28.600] [12066136][I][sensor_poll.cpp:432] task_sensor_poll(): [T5_SEN] [T5] iter 394 — polling S200
[2026-05-14 17:29:29.144] [12066675][I][sensor_poll.cpp:535] task_sensor_poll(): [T5_SEN] [T5] T=24°C RH=38% ws=0.0 m/s wd=0° | avg T=24 RH=38 ws=0.0 wd=0° [win T=12 RH=20 W=12]
[2026-05-14 17:29:29.164] [12066689][I][climate_control.cpp:434] task_climate_control(): [T6_CLI] [T6] T_avg=24 t_max=28 hyst=5 → step_t=0 | RH_avg=38 rh_max=75 rh_min=50 hyst=12 rh_en=1 → step_rh=0 | resolved=0 (was cur_t=0 cur_rh=0)
[2026-05-14 17:29:33.247] [12070782][I][main.cpp:162] task_watchdog_heartbeat(): [GHC] T1 tick 24050  uptime 12070 s
[2026-05-14 17:29:38.265] [12075800][I][main.cpp:162] task_watchdog_heartbeat(): [GHC] T1 tick 24060  uptime 12075 s
[2026-05-14 17:29:43.283] [12080818][I][main.cpp:162] task_watchdog_heartbeat(): [GHC] T1 tick 24070  uptime 12080 s
[2026-05-14 17:29:48.301] [12085836][I][main.cpp:162] task_watchdog_heartbeat(): [GHC] T1 tick 24080  uptime 12085 s
[2026-05-14 17:29:53.319] [12090854][I][main.cpp:162] task_watchdog_heartbeat(): [GHC] T1 tick 24090  uptime 12090 s
[2026-05-14 17:29:54.143] [12091676][I][data_manager.cpp:230] read_rtc_and_seed_clock(): [T4] RTC: 2026-05-14 17:29:50 UTC  unix=1778779790  daytime=yes
[2026-05-14 17:29:58.337] [12095872][I][main.cpp:162] task_watchdog_heartbeat(): [GHC] T1 tick 24100  uptime 12095 s
[2026-05-14 17:29:59.155] [12096689][I][sensor_poll.cpp:359] task_sensor_poll(): [T5_SEN] [T5] iter 395 — woke from 30 s delay
[2026-05-14 17:29:59.164] [12096698][I][sensor_poll.cpp:395] task_sensor_poll(): [T5_SEN] [T5] iter 395 — polling FG6485A
[2026-05-14 17:29:59.194] [12096730][I][sensor_poll.cpp:432] task_sensor_poll(): [T5_SEN] [T5] iter 395 — polling S200
[2026-05-14 17:29:59.738] [12097269][I][sensor_poll.cpp:535] task_sensor_poll(): [T5_SEN] [T5] T=24°C RH=38% ws=0.0 m/s wd=0° | avg T=24 RH=38 ws=0.0 wd=0° [win T=12 RH=20 W=12]
[2026-05-14 17:29:59.758] [12097283][I][climate_control.cpp:434] task_climate_control(): [T6_CLI] [T6] T_avg=24 t_max=28 hyst=5 → step_t=0 | RH_avg=38 rh_max=75 rh_min=50 hyst=12 rh_en=1 → step_rh=0 | resolved=0 (was cur_t=0 cur_rh=0)
[2026-05-14 17:30:03.355] [12100890][I][main.cpp:162] task_watchdog_heartbeat(): [GHC] T1 tick 24110  uptime 12100 s
[2026-05-14 17:30:08.373] [12105908][I][main.cpp:162] task_watchdog_heartbeat(): [GHC] T1 tick 24120  uptime 12105 s
[2026-05-14 17:30:13.391] [12110926][I][main.cpp:162] task_watchdog_heartbeat(): [GHC] T1 tick 24130  uptime 12110 s
[2026-05-14 17:30:18.409] [12115944][I][main.cpp:162] task_watchdog_heartbeat(): [GHC] T1 tick 24140  uptime 12115 s
[2026-05-14 17:30:23.427] [12120962][I][main.cpp:162] task_watchdog_heartbeat(): [GHC] T1 tick 24150  uptime 12120 s
[2026-05-14 17:30:28.445] [12125980][I][main.cpp:162] task_watchdog_heartbeat(): [GHC] T1 tick 24160  uptime 12125 s
[2026-05-14 17:30:29.749] [12127283][I][sensor_poll.cpp:359] task_sensor_poll(): [T5_SEN] [T5] iter 396 — woke from 30 s delay
[2026-05-14 17:30:29.758] [12127292][I][sensor_poll.cpp:395] task_sensor_poll(): [T5_SEN] [T5] iter 396 — polling FG6485A
[2026-05-14 17:30:29.789] [12127325][I][sensor_poll.cpp:432] task_sensor_poll(): [T5_SEN] [T5] iter 396 — polling S200
[2026-05-14 17:30:30.333] [12127863][I][sensor_poll.cpp:535] task_sensor_poll(): [T5_SEN] [T5] T=24°C RH=38% ws=0.0 m/s wd=0° | avg T=24 RH=38 ws=0.0 wd=0° [win T=12 RH=20 W=12]
[2026-05-14 17:30:30.353] [12127877][I][climate_control.cpp:434] task_climate_control(): [T6_CLI] [T6] T_avg=24 t_max=28 hyst=5 → step_t=0 | RH_avg=38 rh_max=75 rh_min=50 hyst=12 rh_en=1 → step_rh=0 | resolved=0 (was cur_t=0 cur_rh=0)
[2026-05-14 17:30:33.464] [12130998][I][main.cpp:162] task_watchdog_heartbeat(): [GHC] T1 tick 24170  uptime 12130 s
[2026-05-14 17:30:38.481] [12136016][I][main.cpp:162] task_watchdog_heartbeat(): [GHC] T1 tick 24180  uptime 12136 s
[2026-05-14 17:30:43.500] [12141034][I][main.cpp:162] task_watchdog_heartbeat(): [GHC] T1 tick 24190  uptime 12141 s
[2026-05-14 17:30:48.518] [12146052][I][main.cpp:162] task_watchdog_heartbeat(): [GHC] T1 tick 24200  uptime 12146 s
[2026-05-14 17:30:53.331] [12150864][I][data_manager.cpp:230] read_rtc_and_seed_clock(): [T4] RTC: 2026-05-14 17:30:49 UTC  unix=1778779849  daytime=yes
[2026-05-14 17:30:53.535] [12151070][I][main.cpp:162] task_watchdog_heartbeat(): [GHC] T1 tick 24210  uptime 12151 s
[2026-05-14 17:30:58.554] [12156088][I][main.cpp:162] task_watchdog_heartbeat(): [GHC] T1 tick 24220  uptime 12156 s
[2026-05-14 17:31:00.343] [12157877][I][sensor_poll.cpp:359] task_sensor_poll(): [T5_SEN] [T5] iter 397 — woke from 30 s delay
[2026-05-14 17:31:00.352] [12157886][I][sensor_poll.cpp:395] task_sensor_poll(): [T5_SEN] [T5] iter 397 — polling FG6485A
[2026-05-14 17:31:00.383] [12157919][I][sensor_poll.cpp:432] task_sensor_poll(): [T5_SEN] [T5] iter 397 — polling S200
[2026-05-14 17:31:00.927] [12158457][I][sensor_poll.cpp:535] task_sensor_poll(): [T5_SEN] [T5] T=24°C RH=38% ws=0.0 m/s wd=0° | avg T=24 RH=38 ws=0.0 wd=0° [win T=12 RH=20 W=12]
[2026-05-14 17:31:00.947] [12158471][I][climate_control.cpp:434] task_climate_control(): [T6_CLI] [T6] T_avg=24 t_max=28 hyst=5 → step_t=0 | RH_avg=38 rh_max=75 rh_min=50 hyst=12 rh_en=1 → step_rh=0 | resolved=0 (was cur_t=0 cur_rh=0)
[2026-05-14 17:31:03.572] [12161106][I][main.cpp:162] task_watchdog_heartbeat(): [GHC] T1 tick 24230  uptime 12161 s
[2026-05-14 17:31:08.590] [12166124][I][main.cpp:162] task_watchdog_heartbeat(): [GHC] T1 tick 24240  uptime 12166 s
[2026-05-14 17:31:13.608] [12171142][I][main.cpp:162] task_watchdog_heartbeat(): [GHC] T1 tick 24250  uptime 12171 s
[2026-05-14 17:31:18.626] [12176160][I][main.cpp:162] task_watchdog_heartbeat(): [GHC] T1 tick 24260  uptime 12176 s
[2026-05-14 17:31:23.644] [12181178][I][main.cpp:162] task_watchdog_heartbeat(): [GHC] T1 tick 24270  uptime 12181 s
[2026-05-14 17:31:28.662] [12186196][I][main.cpp:162] task_watchdog_heartbeat(): [GHC] T1 tick 24280  uptime 12186 s
[2026-05-14 17:31:30.938] [12188471][I][sensor_poll.cpp:359] task_sensor_poll(): [T5_SEN] [T5] iter 398 — woke from 30 s delay
[2026-05-14 17:31:30.946] [12188480][I][sensor_poll.cpp:395] task_sensor_poll(): [T5_SEN] [T5] iter 398 — polling FG6485A
[2026-05-14 17:31:30.976] [12188512][I][sensor_poll.cpp:432] task_sensor_poll(): [T5_SEN] [T5] iter 398 — polling S200
[2026-05-14 17:31:31.520] [12189050][I][sensor_poll.cpp:535] task_sensor_poll(): [T5_SEN] [T5] T=24°C RH=38% ws=0.0 m/s wd=0° | avg T=24 RH=38 ws=0.0 wd=0° [win T=12 RH=20 W=12]
[2026-05-14 17:31:31.540] [12189064][I][climate_control.cpp:434] task_climate_control(): [T6_CLI] [T6] T_avg=24 t_max=28 hyst=5 → step_t=0 | RH_avg=38 rh_max=75 rh_min=50 hyst=12 rh_en=1 → step_rh=0 | resolved=0 (was cur_t=0 cur_rh=0)
[2026-05-14 17:31:33.680] [12191214][I][main.cpp:162] task_watchdog_heartbeat(): [GHC] T1 tick 24290  uptime 12191 s
[2026-05-14 17:31:38.698] [12196232][I][main.cpp:162] task_watchdog_heartbeat(): [GHC] T1 tick 24300  uptime 12196 s
[2026-05-14 17:31:43.716] [12201250][I][main.cpp:162] task_watchdog_heartbeat(): [GHC] T1 tick 24310  uptime 12201 s
[2026-05-14 17:31:48.733] [12206268][I][main.cpp:162] task_watchdog_heartbeat(): [GHC] T1 tick 24320  uptime 12206 s
[2026-05-14 17:31:52.518] [12210051][I][data_manager.cpp:230] read_rtc_and_seed_clock(): [T4] RTC: 2026-05-14 17:31:48 UTC  unix=1778779908  daytime=yes
[2026-05-14 17:31:53.752] [12211286][I][main.cpp:162] task_watchdog_heartbeat(): [GHC] T1 tick 24330  uptime 12211 s
[2026-05-14 17:31:58.770] [12216304][I][main.cpp:162] task_watchdog_heartbeat(): [GHC] T1 tick 24340  uptime 12216 s
[2026-05-14 17:32:01.531] [12219064][I][sensor_poll.cpp:359] task_sensor_poll(): [T5_SEN] [T5] iter 399 — woke from 30 s delay
[2026-05-14 17:32:01.539] [12219073][I][sensor_poll.cpp:395] task_sensor_poll(): [T5_SEN] [T5] iter 399 — polling FG6485A
[2026-05-14 17:32:01.570] [12219105][I][sensor_poll.cpp:432] task_sensor_poll(): [T5_SEN] [T5] iter 399 — polling S200
[2026-05-14 17:32:02.114] [12219644][I][sensor_poll.cpp:535] task_sensor_poll(): [T5_SEN] [T5] T=24°C RH=38% ws=0.0 m/s wd=0° | avg T=24 RH=38 ws=0.0 wd=0° [win T=12 RH=20 W=12]
[2026-05-14 17:32:02.134] [12219658][I][climate_control.cpp:434] task_climate_control(): [T6_CLI] [T6] T_avg=24 t_max=28 hyst=5 → step_t=0 | RH_avg=38 rh_max=75 rh_min=50 hyst=12 rh_en=1 → step_rh=0 | resolved=0 (was cur_t=0 cur_rh=0)
[2026-05-14 17:32:03.788] [12221322][I][main.cpp:162] task_watchdog_heartbeat(): [GHC] T1 tick 24350  uptime 12221 s
[2026-05-14 17:32:08.806] [12226340][I][main.cpp:162] task_watchdog_heartbeat(): [GHC] T1 tick 24360  uptime 12226 s
[2026-05-14 17:32:13.824] [12231358][I][main.cpp:162] task_watchdog_heartbeat(): [GHC] T1 tick 24370  uptime 12231 s
[2026-05-14 17:32:18.842] [12236376][I][main.cpp:162] task_watchdog_heartbeat(): [GHC] T1 tick 24380  uptime 12236 s
[2026-05-14 17:32:23.860] [12241394][I][main.cpp:162] task_watchdog_heartbeat(): [GHC] T1 tick 24390  uptime 12241 s
[2026-05-14 17:32:28.878] [12246412][I][main.cpp:162] task_watchdog_heartbeat(): [GHC] T1 tick 24400  uptime 12246 s
[2026-05-14 17:32:32.125] [12249658][I][sensor_poll.cpp:359] task_sensor_poll(): [T5_SEN] [T5] iter 400 — woke from 30 s delay
[2026-05-14 17:32:32.134] [12249667][I][sensor_poll.cpp:395] task_sensor_poll(): [T5_SEN] [T5] iter 400 — polling FG6485A
[2026-05-14 17:32:32.164] [12249700][I][sensor_poll.cpp:432] task_sensor_poll(): [T5_SEN] [T5] iter 400 — polling S200
[2026-05-14 17:32:32.708] [12250238][I][sensor_poll.cpp:535] task_sensor_poll(): [T5_SEN] [T5] T=24°C RH=38% ws=0.0 m/s wd=0° | avg T=24 RH=38 ws=0.0 wd=0° [win T=12 RH=20 W=12]
[2026-05-14 17:32:32.728] [12250252][I][climate_control.cpp:434] task_climate_control(): [T6_CLI] [T6] T_avg=24 t_max=28 hyst=5 → step_t=0 | RH_avg=38 rh_max=75 rh_min=50 hyst=12 rh_en=1 → step_rh=0 | resolved=0 (was cur_t=0 cur_rh=0)
[2026-05-14 17:32:33.896] [12251430][I][main.cpp:162] task_watchdog_heartbeat(): [GHC] T1 tick 24410  uptime 12251 s
[2026-05-14 17:32:38.914] [12256448][I][main.cpp:162] task_watchdog_heartbeat(): [GHC] T1 tick 24420  uptime 12256 s
[2026-05-14 17:32:43.932] [12261466][I][main.cpp:162] task_watchdog_heartbeat(): [GHC] T1 tick 24430  uptime 12261 s
[2026-05-14 17:32:48.950] [12266484][I][main.cpp:162] task_watchdog_heartbeat(): [GHC] T1 tick 24440  uptime 12266 s
[2026-05-14 17:32:51.706] [12269239][I][data_manager.cpp:230] read_rtc_and_seed_clock(): [T4] RTC: 2026-05-14 17:32:47 UTC  unix=1778779967  daytime=yes
[2026-05-14 17:32:53.968] [12271502][I][main.cpp:162] task_watchdog_heartbeat(): [GHC] T1 tick 24450  uptime 12271 s
[2026-05-14 17:32:58.986] [12276520][I][main.cpp:162] task_watchdog_heartbeat(): [GHC] T1 tick 24460  uptime 12276 s
[2026-05-14 17:33:02.719] [12280252][I][sensor_poll.cpp:359] task_sensor_poll(): [T5_SEN] [T5] iter 401 — woke from 30 s delay
[2026-05-14 17:33:02.728] [12280261][I][sensor_poll.cpp:395] task_sensor_poll(): [T5_SEN] [T5] iter 401 — polling FG6485A
[2026-05-14 17:33:02.758] [12280294][I][sensor_poll.cpp:432] task_sensor_poll(): [T5_SEN] [T5] iter 401 — polling S200
[2026-05-14 17:33:03.302] [12280832][I][sensor_poll.cpp:535] task_sensor_poll(): [T5_SEN] [T5] T=24°C RH=38% ws=0.0 m/s wd=0° | avg T=24 RH=38 ws=0.0 wd=0° [win T=12 RH=20 W=12]
[2026-05-14 17:33:03.322] [12280846][I][climate_control.cpp:434] task_climate_control(): [T6_CLI] [T6] T_avg=24 t_max=28 hyst=5 → step_t=0 | RH_avg=38 rh_max=75 rh_min=50 hyst=12 rh_en=1 → step_rh=0 | resolved=0 (was cur_t=0 cur_rh=0)
[2026-05-14 17:33:04.004] [12281538][I][main.cpp:162] task_watchdog_heartbeat(): [GHC] T1 tick 24470  uptime 12281 s
[2026-05-14 17:33:09.022] [12286556][I][main.cpp:162] task_watchdog_heartbeat(): [GHC] T1 tick 24480  uptime 12286 s
[2026-05-14 17:33:14.040] [12291574][I][main.cpp:162] task_watchdog_heartbeat(): [GHC] T1 tick 24490  uptime 12291 s
[2026-05-14 17:33:19.058] [12296592][I][main.cpp:162] task_watchdog_heartbeat(): [GHC] T1 tick 24500  uptime 12296 s
[2026-05-14 17:33:24.076] [12301610][I][main.cpp:162] task_watchdog_heartbeat(): [GHC] T1 tick 24510  uptime 12301 s
[2026-05-14 17:33:29.094] [12306628][I][main.cpp:162] task_watchdog_heartbeat(): [GHC] T1 tick 24520  uptime 12306 s
[2026-05-14 17:33:33.313] [12310846][I][sensor_poll.cpp:359] task_sensor_poll(): [T5_SEN] [T5] iter 402 — woke from 30 s delay
[2026-05-14 17:33:33.322] [12310855][I][sensor_poll.cpp:395] task_sensor_poll(): [T5_SEN] [T5] iter 402 — polling FG6485A
[2026-05-14 17:33:33.351] [12310887][I][sensor_poll.cpp:432] task_sensor_poll(): [T5_SEN] [T5] iter 402 — polling S200
[2026-05-14 17:33:33.896] [12311426][I][sensor_poll.cpp:535] task_sensor_poll(): [T5_SEN] [T5] T=24°C RH=38% ws=0.0 m/s wd=0° | avg T=24 RH=38 ws=0.0 wd=0° [win T=12 RH=20 W=12]
[2026-05-14 17:33:33.916] [12311440][I][climate_control.cpp:434] task_climate_control(): [T6_CLI] [T6] T_avg=24 t_max=28 hyst=5 → step_t=0 | RH_avg=38 rh_max=75 rh_min=50 hyst=12 rh_en=1 → step_rh=0 | resolved=0 (was cur_t=0 cur_rh=0)
[2026-05-14 17:33:34.112] [12311646][I][main.cpp:162] task_watchdog_heartbeat(): [GHC] T1 tick 24530  uptime 12311 s
[2026-05-14 17:33:39.130] [12316664][I][main.cpp:162] task_watchdog_heartbeat(): [GHC] T1 tick 24540  uptime 12316 s
[2026-05-14 17:33:44.148] [12321682][I][main.cpp:162] task_watchdog_heartbeat(): [GHC] T1 tick 24550  uptime 12321 s
[2026-05-14 17:33:49.166] [12326700][I][main.cpp:162] task_watchdog_heartbeat(): [GHC] T1 tick 24560  uptime 12326 s
[2026-05-14 17:33:50.895] [12328427][I][data_manager.cpp:230] read_rtc_and_seed_clock(): [T4] RTC: 2026-05-14 17:33:46 UTC  unix=1778780026  daytime=yes
[2026-05-14 17:33:54.184] [12331718][I][main.cpp:162] task_watchdog_heartbeat(): [GHC] T1 tick 24570  uptime 12331 s
[2026-05-14 17:33:59.202] [12336736][I][main.cpp:162] task_watchdog_heartbeat(): [GHC] T1 tick 24580  uptime 12336 s
[2026-05-14 17:34:03.907] [12341440][I][sensor_poll.cpp:359] task_sensor_poll(): [T5_SEN] [T5] iter 403 — woke from 30 s delay
[2026-05-14 17:34:03.916] [12341449][I][sensor_poll.cpp:395] task_sensor_poll(): [T5_SEN] [T5] iter 403 — polling FG6485A
[2026-05-14 17:34:03.946] [12341481][I][sensor_poll.cpp:432] task_sensor_poll(): [T5_SEN] [T5] iter 403 — polling S200
[2026-05-14 17:34:04.220] [12341754][I][main.cpp:162] task_watchdog_heartbeat(): [GHC] T1 tick 24590  uptime 12341 s
[2026-05-14 17:34:04.490] [12342020][I][sensor_poll.cpp:535] task_sensor_poll(): [T5_SEN] [T5] T=24°C RH=38% ws=0.0 m/s wd=0° | avg T=24 RH=38 ws=0.0 wd=0° [win T=12 RH=20 W=12]
[2026-05-14 17:34:04.510] [12342034][I][climate_control.cpp:434] task_climate_control(): [T6_CLI] [T6] T_avg=24 t_max=28 hyst=5 → step_t=0 | RH_avg=38 rh_max=75 rh_min=50 hyst=12 rh_en=1 → step_rh=0 | resolved=0 (was cur_t=0 cur_rh=0)
[2026-05-14 17:34:09.238] [12346772][I][main.cpp:162] task_watchdog_heartbeat(): [GHC] T1 tick 24600  uptime 12346 s
[2026-05-14 17:34:14.257] [12351790][I][main.cpp:162] task_watchdog_heartbeat(): [GHC] T1 tick 24610  uptime 12351 s
[2026-05-14 17:34:19.274] [12356808][I][main.cpp:162] task_watchdog_heartbeat(): [GHC] T1 tick 24620  uptime 12356 s
[2026-05-14 17:34:24.292] [12361826][I][main.cpp:162] task_watchdog_heartbeat(): [GHC] T1 tick 24630  uptime 12361 s
[2026-05-14 17:34:29.311] [12366844][I][main.cpp:162] task_watchdog_heartbeat(): [GHC] T1 tick 24640  uptime 12366 s
[2026-05-14 17:34:34.329] [12371862][I][main.cpp:162] task_watchdog_heartbeat(): [GHC] T1 tick 24650  uptime 12371 s
[2026-05-14 17:34:34.501] [12372034][I][sensor_poll.cpp:359] task_sensor_poll(): [T5_SEN] [T5] iter 404 — woke from 30 s delay
[2026-05-14 17:34:34.510] [12372043][I][sensor_poll.cpp:395] task_sensor_poll(): [T5_SEN] [T5] iter 404 — polling FG6485A
[2026-05-14 17:34:34.541] [12372076][I][sensor_poll.cpp:432] task_sensor_poll(): [T5_SEN] [T5] iter 404 — polling S200
[2026-05-14 17:34:35.085] [12372614][I][sensor_poll.cpp:535] task_sensor_poll(): [T5_SEN] [T5] T=24°C RH=38% ws=0.0 m/s wd=0° | avg T=24 RH=38 ws=0.0 wd=0° [win T=12 RH=20 W=12]
[2026-05-14 17:34:35.105] [12372628][I][climate_control.cpp:434] task_climate_control(): [T6_CLI] [T6] T_avg=24 t_max=28 hyst=5 → step_t=0 | RH_avg=38 rh_max=75 rh_min=50 hyst=12 rh_en=1 → step_rh=0 | resolved=0 (was cur_t=0 cur_rh=0)
[2026-05-14 17:34:39.347] [12376880][I][main.cpp:162] task_watchdog_heartbeat(): [GHC] T1 tick 24660  uptime 12376 s
[2026-05-14 17:34:44.365] [12381898][I][main.cpp:162] task_watchdog_heartbeat(): [GHC] T1 tick 24670  uptime 12381 s
[2026-05-14 17:34:49.382] [12386916][I][main.cpp:162] task_watchdog_heartbeat(): [GHC] T1 tick 24680  uptime 12386 s
[2026-05-14 17:34:50.083] [12387615][I][data_manager.cpp:230] read_rtc_and_seed_clock(): [T4] RTC: 2026-05-14 17:34:46 UTC  unix=1778780086  daytime=yes
[2026-05-14 17:34:54.400] [12391934][I][main.cpp:162] task_watchdog_heartbeat(): [GHC] T1 tick 24690  uptime 12391 s
[2026-05-14 17:34:59.418] [12396952][I][main.cpp:162] task_watchdog_heartbeat(): [GHC] T1 tick 24700  uptime 12396 s
[2026-05-14 17:35:04.436] [12401970][I][main.cpp:162] task_watchdog_heartbeat(): [GHC] T1 tick 24710  uptime 12401 s
[2026-05-14 17:35:05.095] [12402628][I][sensor_poll.cpp:359] task_sensor_poll(): [T5_SEN] [T5] iter 405 — woke from 30 s delay
[2026-05-14 17:35:05.104] [12402637][I][sensor_poll.cpp:395] task_sensor_poll(): [T5_SEN] [T5] iter 405 — polling FG6485A
[2026-05-14 17:35:05.134] [12402670][I][sensor_poll.cpp:432] task_sensor_poll(): [T5_SEN] [T5] iter 405 — polling S200
[2026-05-14 17:35:05.678] [12403208][I][sensor_poll.cpp:535] task_sensor_poll(): [T5_SEN] [T5] T=24°C RH=38% ws=0.0 m/s wd=0° | avg T=24 RH=38 ws=0.0 wd=0° [win T=12 RH=20 W=12]
[2026-05-14 17:35:05.698] [12403222][I][climate_control.cpp:434] task_climate_control(): [T6_CLI] [T6] T_avg=24 t_max=28 hyst=5 → step_t=0 | RH_avg=38 rh_max=75 rh_min=50 hyst=12 rh_en=1 → step_rh=0 | resolved=0 (was cur_t=0 cur_rh=0)
[2026-05-14 17:35:09.454] [12406988][I][main.cpp:162] task_watchdog_heartbeat(): [GHC] T1 tick 24720  uptime 12406 s
[2026-05-14 17:35:14.472] [12412006][I][main.cpp:162] task_watchdog_heartbeat(): [GHC] T1 tick 24730  uptime 12412 s
[2026-05-14 17:35:19.491] [12417024][I][main.cpp:162] task_watchdog_heartbeat(): [GHC] T1 tick 24740  uptime 12417 s
[2026-05-14 17:35:24.509] [12422042][I][main.cpp:162] task_watchdog_heartbeat(): [GHC] T1 tick 24750  uptime 12422 s
[2026-05-14 17:35:29.527] [12427060][I][main.cpp:162] task_watchdog_heartbeat(): [GHC] T1 tick 24760  uptime 12427 s
[2026-05-14 17:35:34.545] [12432078][I][main.cpp:162] task_watchdog_heartbeat(): [GHC] T1 tick 24770  uptime 12432 s
[2026-05-14 17:35:35.690] [12433222][I][sensor_poll.cpp:359] task_sensor_poll(): [T5_SEN] [T5] iter 406 — woke from 30 s delay
[2026-05-14 17:35:35.698] [12433231][I][sensor_poll.cpp:395] task_sensor_poll(): [T5_SEN] [T5] iter 406 — polling FG6485A
[2026-05-14 17:35:35.728] [12433263][I][sensor_poll.cpp:432] task_sensor_poll(): [T5_SEN] [T5] iter 406 — polling S200
[2026-05-14 17:35:36.273] [12433802][I][sensor_poll.cpp:535] task_sensor_poll(): [T5_SEN] [T5] T=24°C RH=37% ws=0.0 m/s wd=0° | avg T=24 RH=38 ws=0.0 wd=0° [win T=12 RH=20 W=12]
[2026-05-14 17:35:36.293] [12433816][I][climate_control.cpp:434] task_climate_control(): [T6_CLI] [T6] T_avg=24 t_max=28 hyst=5 → step_t=0 | RH_avg=38 rh_max=75 rh_min=50 hyst=12 rh_en=1 → step_rh=0 | resolved=0 (was cur_t=0 cur_rh=0)
[2026-05-14 17:35:39.563] [12437096][I][main.cpp:162] task_watchdog_heartbeat(): [GHC] T1 tick 24780  uptime 12437 s
[2026-05-14 17:35:44.581] [12442114][I][main.cpp:162] task_watchdog_heartbeat(): [GHC] T1 tick 24790  uptime 12442 s
[2026-05-14 17:35:49.271] [12446803][I][data_manager.cpp:230] read_rtc_and_seed_clock(): [T4] RTC: 2026-05-14 17:35:45 UTC  unix=1778780145  daytime=yes
[2026-05-14 17:35:49.599] [12447132][I][main.cpp:162] task_watchdog_heartbeat(): [GHC] T1 tick 24800  uptime 12447 s
[2026-05-14 17:35:54.617] [12452150][I][main.cpp:162] task_watchdog_heartbeat(): [GHC] T1 tick 24810  uptime 12452 s
[2026-05-14 17:35:59.635] [12457168][I][main.cpp:162] task_watchdog_heartbeat(): [GHC] T1 tick 24820  uptime 12457 s
[2026-05-14 17:36:04.653] [12462186][I][main.cpp:162] task_watchdog_heartbeat(): [GHC] T1 tick 24830  uptime 12462 s
[2026-05-14 17:36:06.284] [12463816][I][sensor_poll.cpp:359] task_sensor_poll(): [T5_SEN] [T5] iter 407 — woke from 30 s delay
[2026-05-14 17:36:06.292] [12463825][I][sensor_poll.cpp:395] task_sensor_poll(): [T5_SEN] [T5] iter 407 — polling FG6485A
[2026-05-14 17:36:06.323] [12463857][I][sensor_poll.cpp:432] task_sensor_poll(): [T5_SEN] [T5] iter 407 — polling S200
[2026-05-14 17:36:06.867] [12464396][I][sensor_poll.cpp:535] task_sensor_poll(): [T5_SEN] [T5] T=24°C RH=37% ws=0.0 m/s wd=0° | avg T=24 RH=38 ws=0.0 wd=0° [win T=12 RH=20 W=12]
[2026-05-14 17:36:06.887] [12464410][I][climate_control.cpp:434] task_climate_control(): [T6_CLI] [T6] T_avg=24 t_max=28 hyst=5 → step_t=0 | RH_avg=38 rh_max=75 rh_min=50 hyst=12 rh_en=1 → step_rh=0 | resolved=0 (was cur_t=0 cur_rh=0)
[2026-05-14 17:36:09.671] [12467204][I][main.cpp:162] task_watchdog_heartbeat(): [GHC] T1 tick 24840  uptime 12467 s
[2026-05-14 17:36:14.689] [12472222][I][main.cpp:162] task_watchdog_heartbeat(): [GHC] T1 tick 24850  uptime 12472 s
[2026-05-14 17:36:19.707] [12477240][I][main.cpp:162] task_watchdog_heartbeat(): [GHC] T1 tick 24860  uptime 12477 s
[2026-05-14 17:36:24.725] [12482258][I][main.cpp:162] task_watchdog_heartbeat(): [GHC] T1 tick 24870  uptime 12482 s
[2026-05-14 17:36:29.743] [12487276][I][main.cpp:162] task_watchdog_heartbeat(): [GHC] T1 tick 24880  uptime 12487 s
[2026-05-14 17:36:34.761] [12492294][I][main.cpp:162] task_watchdog_heartbeat(): [GHC] T1 tick 24890  uptime 12492 s
[2026-05-14 17:36:36.878] [12494410][I][sensor_poll.cpp:359] task_sensor_poll(): [T5_SEN] [T5] iter 408 — woke from 30 s delay
[2026-05-14 17:36:36.887] [12494419][I][sensor_poll.cpp:395] task_sensor_poll(): [T5_SEN] [T5] iter 408 — polling FG6485A
[2026-05-14 17:36:36.917] [12494452][I][sensor_poll.cpp:432] task_sensor_poll(): [T5_SEN] [T5] iter 408 — polling S200
[2026-05-14 17:36:37.461] [12494990][I][sensor_poll.cpp:535] task_sensor_poll(): [T5_SEN] [T5] T=24°C RH=37% ws=0.0 m/s wd=0° | avg T=24 RH=38 ws=0.0 wd=0° [win T=12 RH=20 W=12]
[2026-05-14 17:36:37.481] [12495004][I][climate_control.cpp:434] task_climate_control(): [T6_CLI] [T6] T_avg=24 t_max=28 hyst=5 → step_t=0 | RH_avg=38 rh_max=75 rh_min=50 hyst=12 rh_en=1 → step_rh=0 | resolved=0 (was cur_t=0 cur_rh=0)
[2026-05-14 17:36:39.779] [12497312][I][main.cpp:162] task_watchdog_heartbeat(): [GHC] T1 tick 24900  uptime 12497 s
[2026-05-14 17:36:44.797] [12502330][I][main.cpp:162] task_watchdog_heartbeat(): [GHC] T1 tick 24910  uptime 12502 s
[2026-05-14 17:36:48.459] [12505991][I][data_manager.cpp:230] read_rtc_and_seed_clock(): [T4] RTC: 2026-05-14 17:36:44 UTC  unix=1778780204  daytime=yes
[2026-05-14 17:36:49.815] [12507348][I][main.cpp:162] task_watchdog_heartbeat(): [GHC] T1 tick 24920  uptime 12507 s
[2026-05-14 17:36:54.833] [12512366][I][main.cpp:162] task_watchdog_heartbeat(): [GHC] T1 tick 24930  uptime 12512 s
[2026-05-14 17:36:59.851] [12517384][I][main.cpp:162] task_watchdog_heartbeat(): [GHC] T1 tick 24940  uptime 12517 s
[2026-05-14 17:37:04.869] [12522402][I][main.cpp:162] task_watchdog_heartbeat(): [GHC] T1 tick 24950  uptime 12522 s
[2026-05-14 17:37:07.472] [12525004][I][sensor_poll.cpp:359] task_sensor_poll(): [T5_SEN] [T5] iter 409 — woke from 30 s delay
[2026-05-14 17:37:07.480] [12525013][I][sensor_poll.cpp:395] task_sensor_poll(): [T5_SEN] [T5] iter 409 — polling FG6485A
[2026-05-14 17:37:07.512] [12525046][I][sensor_poll.cpp:432] task_sensor_poll(): [T5_SEN] [T5] iter 409 — polling S200
[2026-05-14 17:37:08.055] [12525584][I][sensor_poll.cpp:535] task_sensor_poll(): [T5_SEN] [T5] T=24°C RH=37% ws=0.0 m/s wd=0° | avg T=24 RH=38 ws=0.0 wd=0° [win T=12 RH=20 W=12]
[2026-05-14 17:37:08.075] [12525598][I][climate_control.cpp:434] task_climate_control(): [T6_CLI] [T6] T_avg=24 t_max=28 hyst=5 → step_t=0 | RH_avg=38 rh_max=75 rh_min=50 hyst=12 rh_en=1 → step_rh=0 | resolved=0 (was cur_t=0 cur_rh=0)
[2026-05-14 17:37:09.887] [12527420][I][main.cpp:162] task_watchdog_heartbeat(): [GHC] T1 tick 24960  uptime 12527 s
[2026-05-14 17:37:14.905] [12532438][I][main.cpp:162] task_watchdog_heartbeat(): [GHC] T1 tick 24970  uptime 12532 s
[2026-05-14 17:37:19.923] [12537456][I][main.cpp:162] task_watchdog_heartbeat(): [GHC] T1 tick 24980  uptime 12537 s
[2026-05-14 17:37:24.941] [12542474][I][main.cpp:162] task_watchdog_heartbeat(): [GHC] T1 tick 24990  uptime 12542 s
[2026-05-14 17:37:29.959] [12547492][I][main.cpp:162] task_watchdog_heartbeat(): [GHC] T1 tick 25000  uptime 12547 s
[2026-05-14 17:37:34.977] [12552510][I][main.cpp:162] task_watchdog_heartbeat(): [GHC] T1 tick 25010  uptime 12552 s
[2026-05-14 17:37:38.066] [12555598][I][sensor_poll.cpp:359] task_sensor_poll(): [T5_SEN] [T5] iter 410 — woke from 30 s delay
[2026-05-14 17:37:38.075] [12555607][I][sensor_poll.cpp:395] task_sensor_poll(): [T5_SEN] [T5] iter 410 — polling FG6485A
[2026-05-14 17:37:38.105] [12555639][I][sensor_poll.cpp:432] task_sensor_poll(): [T5_SEN] [T5] iter 410 — polling S200
[2026-05-14 17:37:38.648] [12556177][I][sensor_poll.cpp:535] task_sensor_poll(): [T5_SEN] [T5] T=24°C RH=38% ws=0.0 m/s wd=0° | avg T=24 RH=38 ws=0.0 wd=0° [win T=12 RH=20 W=12]
[2026-05-14 17:37:38.668] [12556191][I][climate_control.cpp:434] task_climate_control(): [T6_CLI] [T6] T_avg=24 t_max=28 hyst=5 → step_t=0 | RH_avg=38 rh_max=75 rh_min=50 hyst=12 rh_en=1 → step_rh=0 | resolved=0 (was cur_t=0 cur_rh=0)
[2026-05-14 17:37:39.995] [12557528][I][main.cpp:162] task_watchdog_heartbeat(): [GHC] T1 tick 25020  uptime 12557 s
[2026-05-14 17:37:45.013] [12562546][I][main.cpp:162] task_watchdog_heartbeat(): [GHC] T1 tick 25030  uptime 12562 s
[2026-05-14 17:37:47.647] [12565178][I][data_manager.cpp:230] read_rtc_and_seed_clock(): [T4] RTC: 2026-05-14 17:37:43 UTC  unix=1778780263  daytime=yes
[2026-05-14 17:37:50.031] [12567564][I][main.cpp:162] task_watchdog_heartbeat(): [GHC] T1 tick 25040  uptime 12567 s
[2026-05-14 17:37:55.049] [12572582][I][main.cpp:162] task_watchdog_heartbeat(): [GHC] T1 tick 25050  uptime 12572 s
[2026-05-14 17:38:00.068] [12577600][I][main.cpp:162] task_watchdog_heartbeat(): [GHC] T1 tick 25060  uptime 12577 s
[2026-05-14 17:38:05.086] [12582618][I][main.cpp:162] task_watchdog_heartbeat(): [GHC] T1 tick 25070  uptime 12582 s
[2026-05-14 17:38:08.659] [12586191][I][sensor_poll.cpp:359] task_sensor_poll(): [T5_SEN] [T5] iter 411 — woke from 30 s delay
[2026-05-14 17:38:08.668] [12586200][I][sensor_poll.cpp:395] task_sensor_poll(): [T5_SEN] [T5] iter 411 — polling FG6485A
[2026-05-14 17:38:08.698] [12586232][I][sensor_poll.cpp:432] task_sensor_poll(): [T5_SEN] [T5] iter 411 — polling S200
[2026-05-14 17:38:09.243] [12586771][I][sensor_poll.cpp:535] task_sensor_poll(): [T5_SEN] [T5] T=24°C RH=38% ws=0.0 m/s wd=0° | avg T=24 RH=38 ws=0.0 wd=0° [win T=12 RH=20 W=12]
[2026-05-14 17:38:09.263] [12586785][I][climate_control.cpp:434] task_climate_control(): [T6_CLI] [T6] T_avg=24 t_max=28 hyst=5 → step_t=0 | RH_avg=38 rh_max=75 rh_min=50 hyst=12 rh_en=1 → step_rh=0 | resolved=0 (was cur_t=0 cur_rh=0)
[2026-05-14 17:38:10.103] [12587636][I][main.cpp:162] task_watchdog_heartbeat(): [GHC] T1 tick 25080  uptime 12587 s
[2026-05-14 17:38:15.122] [12592654][I][main.cpp:162] task_watchdog_heartbeat(): [GHC] T1 tick 25090  uptime 12592 s
[2026-05-14 17:38:20.140] [12597672][I][main.cpp:162] task_watchdog_heartbeat(): [GHC] T1 tick 25100  uptime 12597 s
[2026-05-14 17:38:25.158] [12602690][I][main.cpp:162] task_watchdog_heartbeat(): [GHC] T1 tick 25110  uptime 12602 s
[2026-05-14 17:38:30.176] [12607708][I][main.cpp:162] task_watchdog_heartbeat(): [GHC] T1 tick 25120  uptime 12607 s
[2026-05-14 17:38:35.194] [12612726][I][main.cpp:162] task_watchdog_heartbeat(): [GHC] T1 tick 25130  uptime 12612 s
[2026-05-14 17:38:39.254] [12616785][I][sensor_poll.cpp:359] task_sensor_poll(): [T5_SEN] [T5] iter 412 — woke from 30 s delay
[2026-05-14 17:38:39.262] [12616794][I][sensor_poll.cpp:395] task_sensor_poll(): [T5_SEN] [T5] iter 412 — polling FG6485A
[2026-05-14 17:38:39.293] [12616827][I][sensor_poll.cpp:432] task_sensor_poll(): [T5_SEN] [T5] iter 412 — polling S200
[2026-05-14 17:38:39.837] [12617365][I][sensor_poll.cpp:535] task_sensor_poll(): [T5_SEN] [T5] T=24°C RH=38% ws=0.0 m/s wd=0° | avg T=24 RH=38 ws=0.0 wd=0° [win T=12 RH=20 W=12]
[2026-05-14 17:38:39.857] [12617379][I][climate_control.cpp:434] task_climate_control(): [T6_CLI] [T6] T_avg=24 t_max=28 hyst=5 → step_t=0 | RH_avg=38 rh_max=75 rh_min=50 hyst=12 rh_en=1 → step_rh=0 | resolved=0 (was cur_t=0 cur_rh=0)
[2026-05-14 17:38:40.212] [12617744][I][main.cpp:162] task_watchdog_heartbeat(): [GHC] T1 tick 25140  uptime 12617 s
[2026-05-14 17:38:45.230] [12622762][I][main.cpp:162] task_watchdog_heartbeat(): [GHC] T1 tick 25150  uptime 12622 s
[2026-05-14 17:38:46.835] [12624366][I][data_manager.cpp:230] read_rtc_and_seed_clock(): [T4] RTC: 2026-05-14 17:38:42 UTC  unix=1778780322  daytime=yes
[2026-05-14 17:38:50.248] [12627780][I][main.cpp:162] task_watchdog_heartbeat(): [GHC] T1 tick 25160  uptime 12627 s
[2026-05-14 17:38:55.266] [12632798][I][main.cpp:162] task_watchdog_heartbeat(): [GHC] T1 tick 25170  uptime 12632 s
[2026-05-14 17:39:00.284] [12637816][I][main.cpp:162] task_watchdog_heartbeat(): [GHC] T1 tick 25180  uptime 12637 s
[2026-05-14 17:39:05.302] [12642834][I][main.cpp:162] task_watchdog_heartbeat(): [GHC] T1 tick 25190  uptime 12642 s
[2026-05-14 17:39:09.848] [12647379][I][sensor_poll.cpp:359] task_sensor_poll(): [T5_SEN] [T5] iter 413 — woke from 30 s delay
[2026-05-14 17:39:09.856] [12647388][I][sensor_poll.cpp:395] task_sensor_poll(): [T5_SEN] [T5] iter 413 — polling FG6485A
[2026-05-14 17:39:09.887] [12647421][I][sensor_poll.cpp:432] task_sensor_poll(): [T5_SEN] [T5] iter 413 — polling S200
[2026-05-14 17:39:10.319] [12647852][I][main.cpp:162] task_watchdog_heartbeat(): [GHC] T1 tick 25200  uptime 12647 s
[2026-05-14 17:39:10.327] [12647860][I][main.cpp:247] task_watchdog_heartbeat(): [GHC] stack T1  hwm=2012 B
[2026-05-14 17:39:10.335] [12647868][I][main.cpp:247] task_watchdog_heartbeat(): [GHC] stack T2  hwm=6380 B
[2026-05-14 17:39:10.341] [12647875][I][main.cpp:247] task_watchdog_heartbeat(): [GHC] stack T3  hwm=1980 B
[2026-05-14 17:39:10.350] [12647883][I][main.cpp:247] task_watchdog_heartbeat(): [GHC] stack T4  hwm=3948 B
[2026-05-14 17:39:10.356] [12647890][I][main.cpp:247] task_watchdog_heartbeat(): [GHC] stack T5  hwm=4124 B
[2026-05-14 17:39:10.364] [12647898][I][main.cpp:247] task_watchdog_heartbeat(): [GHC] stack T6  hwm=1596 B
[2026-05-14 17:39:10.372] [12647905][I][main.cpp:247] task_watchdog_heartbeat(): [GHC] stack T7  hwm=2464 B
[2026-05-14 17:39:10.379] [12647912][I][main.cpp:247] task_watchdog_heartbeat(): [GHC] stack T8  hwm=5740 B
[2026-05-14 17:39:10.387] [12647920][I][main.cpp:247] task_watchdog_heartbeat(): [GHC] stack T9  hwm=2524 B
[2026-05-14 17:39:10.393] [12647927][I][main.cpp:247] task_watchdog_heartbeat(): [GHC] stack T10 hwm=5632 B
[2026-05-14 17:39:10.402] [12647935][I][main.cpp:247] task_watchdog_heartbeat(): [GHC] stack T11 hwm=5536 B
[2026-05-14 17:39:10.407] [12647943][I][main.cpp:247] task_watchdog_heartbeat(): [GHC] stack T12 hwm=7416 B
[2026-05-14 17:39:10.416] [12647950][I][main.cpp:247] task_watchdog_heartbeat(): [GHC] stack T14 hwm=6640 B
[2026-05-14 17:39:10.424] [12647957][I][main.cpp:247] task_watchdog_heartbeat(): [GHC] stack T15 hwm=2376 B
[2026-05-14 17:39:10.439] [12647968][I][sensor_poll.cpp:535] task_sensor_poll(): [T5_SEN] [T5] T=24°C RH=38% ws=0.0 m/s wd=0° | avg T=24 RH=38 ws=0.0 wd=0° [win T=12 RH=20 W=12]
[2026-05-14 17:39:10.460] [12647981][I][climate_control.cpp:434] task_climate_control(): [T6_CLI] [T6] T_avg=24 t_max=28 hyst=5 → step_t=0 | RH_avg=38 rh_max=75 rh_min=50 hyst=12 rh_en=1 → step_rh=0 | resolved=0 (was cur_t=0 cur_rh=0)
[2026-05-14 17:39:15.441] [12652974][I][main.cpp:162] task_watchdog_heartbeat(): [GHC] T1 tick 25210  uptime 12652 s
[2026-05-14 17:39:20.460] [12657992][I][main.cpp:162] task_watchdog_heartbeat(): [GHC] T1 tick 25220  uptime 12657 s
[2026-05-14 17:39:25.477] [12663010][I][main.cpp:162] task_watchdog_heartbeat(): [GHC] T1 tick 25230  uptime 12663 s
[2026-05-14 17:39:30.496] [12668028][I][main.cpp:162] task_watchdog_heartbeat(): [GHC] T1 tick 25240  uptime 12668 s
[2026-05-14 17:39:35.514] [12673046][I][main.cpp:162] task_watchdog_heartbeat(): [GHC] T1 tick 25250  uptime 12673 s
[2026-05-14 17:39:40.451] [12677982][I][sensor_poll.cpp:359] task_sensor_poll(): [T5_SEN] [T5] iter 414 — woke from 30 s delay
[2026-05-14 17:39:40.459] [12677991][I][sensor_poll.cpp:395] task_sensor_poll(): [T5_SEN] [T5] iter 414 — polling FG6485A
[2026-05-14 17:39:40.490] [12678023][I][sensor_poll.cpp:432] task_sensor_poll(): [T5_SEN] [T5] iter 414 — polling S200
[2026-05-14 17:39:40.532] [12678064][I][main.cpp:162] task_watchdog_heartbeat(): [GHC] T1 tick 25260  uptime 12678 s
[2026-05-14 17:39:41.033] [12678561][I][sensor_poll.cpp:535] task_sensor_poll(): [T5_SEN] [T5] T=24°C RH=38% ws=0.0 m/s wd=0° | avg T=24 RH=38 ws=0.0 wd=0° [win T=12 RH=20 W=12]
[2026-05-14 17:39:41.053] [12678575][I][climate_control.cpp:434] task_climate_control(): [T6_CLI] [T6] T_avg=24 t_max=28 hyst=5 → step_t=0 | RH_avg=38 rh_max=75 rh_min=50 hyst=12 rh_en=1 → step_rh=0 | resolved=0 (was cur_t=0 cur_rh=0)
[2026-05-14 17:39:45.550] [12683082][I][main.cpp:162] task_watchdog_heartbeat(): [GHC] T1 tick 25270  uptime 12683 s
[2026-05-14 17:39:46.031] [12683562][I][data_manager.cpp:230] read_rtc_and_seed_clock(): [T4] RTC: 2026-05-14 17:39:41 UTC  unix=1778780381  daytime=yes
[2026-05-14 17:39:50.568] [12688100][I][main.cpp:162] task_watchdog_heartbeat(): [GHC] T1 tick 25280  uptime 12688 s
[2026-05-14 17:39:55.586] [12693118][I][main.cpp:162] task_watchdog_heartbeat(): [GHC] T1 tick 25290  uptime 12693 s
[2026-05-14 17:40:00.604] [12698136][I][main.cpp:162] task_watchdog_heartbeat(): [GHC] T1 tick 25300  uptime 12698 s
[2026-05-14 17:40:05.622] [12703154][I][main.cpp:162] task_watchdog_heartbeat(): [GHC] T1 tick 25310  uptime 12703 s
[2026-05-14 17:40:10.640] [12708172][I][main.cpp:162] task_watchdog_heartbeat(): [GHC] T1 tick 25320  uptime 12708 s
[2026-05-14 17:40:11.044] [12708575][I][sensor_poll.cpp:359] task_sensor_poll(): [T5_SEN] [T5] iter 415 — woke from 30 s delay
[2026-05-14 17:40:11.053] [12708584][I][sensor_poll.cpp:395] task_sensor_poll(): [T5_SEN] [T5] iter 415 — polling FG6485A
[2026-05-14 17:40:11.083] [12708616][I][sensor_poll.cpp:432] task_sensor_poll(): [T5_SEN] [T5] iter 415 — polling S200
[2026-05-14 17:40:11.627] [12709155][I][sensor_poll.cpp:535] task_sensor_poll(): [T5_SEN] [T5] T=24°C RH=38% ws=0.0 m/s wd=0° | avg T=24 RH=38 ws=0.0 wd=0° [win T=12 RH=20 W=12]
[2026-05-14 17:40:11.647] [12709169][I][climate_control.cpp:434] task_climate_control(): [T6_CLI] [T6] T_avg=24 t_max=28 hyst=5 → step_t=0 | RH_avg=38 rh_max=75 rh_min=50 hyst=12 rh_en=1 → step_rh=0 | resolved=0 (was cur_t=0 cur_rh=0)
[2026-05-14 17:40:15.658] [12713190][I][main.cpp:162] task_watchdog_heartbeat(): [GHC] T1 tick 25330  uptime 12713 s
[2026-05-14 17:40:20.676] [12718208][I][main.cpp:162] task_watchdog_heartbeat(): [GHC] T1 tick 25340  uptime 12718 s
[2026-05-14 17:40:25.694] [12723226][I][main.cpp:162] task_watchdog_heartbeat(): [GHC] T1 tick 25350  uptime 12723 s
[2026-05-14 17:40:30.712] [12728244][I][main.cpp:162] task_watchdog_heartbeat(): [GHC] T1 tick 25360  uptime 12728 s
[2026-05-14 17:40:35.730] [12733262][I][main.cpp:162] task_watchdog_heartbeat(): [GHC] T1 tick 25370  uptime 12733 s
[2026-05-14 17:40:40.748] [12738280][I][main.cpp:162] task_watchdog_heartbeat(): [GHC] T1 tick 25380  uptime 12738 s
[2026-05-14 17:40:41.638] [12739169][I][sensor_poll.cpp:359] task_sensor_poll(): [T5_SEN] [T5] iter 416 — woke from 30 s delay
[2026-05-14 17:40:41.647] [12739178][I][sensor_poll.cpp:395] task_sensor_poll(): [T5_SEN] [T5] iter 416 — polling FG6485A
[2026-05-14 17:40:41.677] [12739211][I][sensor_poll.cpp:432] task_sensor_poll(): [T5_SEN] [T5] iter 416 — polling S200
[2026-05-14 17:40:42.221] [12739749][I][sensor_poll.cpp:535] task_sensor_poll(): [T5_SEN] [T5] T=24°C RH=38% ws=0.0 m/s wd=0° | avg T=24 RH=38 ws=0.0 wd=0° [win T=12 RH=20 W=12]
[2026-05-14 17:40:42.241] [12739763][I][climate_control.cpp:434] task_climate_control(): [T6_CLI] [T6] T_avg=24 t_max=28 hyst=5 → step_t=0 | RH_avg=38 rh_max=75 rh_min=50 hyst=12 rh_en=1 → step_rh=0 | resolved=0 (was cur_t=0 cur_rh=0)
[2026-05-14 17:40:45.219] [12742750][I][data_manager.cpp:230] read_rtc_and_seed_clock(): [T4] RTC: 2026-05-14 17:40:41 UTC  unix=1778780441  daytime=yes
[2026-05-14 17:40:45.766] [12743298][I][main.cpp:162] task_watchdog_heartbeat(): [GHC] T1 tick 25390  uptime 12743 s
[2026-05-14 17:40:50.784] [12748316][I][main.cpp:162] task_watchdog_heartbeat(): [GHC] T1 tick 25400  uptime 12748 s
[2026-05-14 17:40:55.802] [12753334][I][main.cpp:162] task_watchdog_heartbeat(): [GHC] T1 tick 25410  uptime 12753 s
[2026-05-14 17:41:00.820] [12758352][I][main.cpp:162] task_watchdog_heartbeat(): [GHC] T1 tick 25420  uptime 12758 s
[2026-05-14 17:41:05.838] [12763370][I][main.cpp:162] task_watchdog_heartbeat(): [GHC] T1 tick 25430  uptime 12763 s
[2026-05-14 17:41:10.856] [12768388][I][main.cpp:162] task_watchdog_heartbeat(): [GHC] T1 tick 25440  uptime 12768 s
[2026-05-14 17:41:12.232] [12769763][I][sensor_poll.cpp:359] task_sensor_poll(): [T5_SEN] [T5] iter 417 — woke from 30 s delay
[2026-05-14 17:41:12.241] [12769772][I][sensor_poll.cpp:395] task_sensor_poll(): [T5_SEN] [T5] iter 417 — polling FG6485A
[2026-05-14 17:41:12.272] [12769805][I][sensor_poll.cpp:432] task_sensor_poll(): [T5_SEN] [T5] iter 417 — polling S200
[2026-05-14 17:41:12.815] [12770343][I][sensor_poll.cpp:535] task_sensor_poll(): [T5_SEN] [T5] T=24°C RH=38% ws=0.0 m/s wd=0° | avg T=24 RH=38 ws=0.0 wd=0° [win T=12 RH=20 W=12]
[2026-05-14 17:41:12.836] [12770357][I][climate_control.cpp:434] task_climate_control(): [T6_CLI] [T6] T_avg=24 t_max=28 hyst=5 → step_t=0 | RH_avg=38 rh_max=75 rh_min=50 hyst=12 rh_en=1 → step_rh=0 | resolved=0 (was cur_t=0 cur_rh=0)
[2026-05-14 17:41:15.874] [12773406][I][main.cpp:162] task_watchdog_heartbeat(): [GHC] T1 tick 25450  uptime 12773 s
[2026-05-14 17:41:20.892] [12778424][I][main.cpp:162] task_watchdog_heartbeat(): [GHC] T1 tick 25460  uptime 12778 s
[2026-05-14 17:41:25.910] [12783442][I][main.cpp:162] task_watchdog_heartbeat(): [GHC] T1 tick 25470  uptime 12783 s
[2026-05-14 17:41:30.929] [12788460][I][main.cpp:162] task_watchdog_heartbeat(): [GHC] T1 tick 25480  uptime 12788 s
[2026-05-14 17:41:35.947] [12793478][I][main.cpp:162] task_watchdog_heartbeat(): [GHC] T1 tick 25490  uptime 12793 s
[2026-05-14 17:41:40.965] [12798496][I][main.cpp:162] task_watchdog_heartbeat(): [GHC] T1 tick 25500  uptime 12798 s
[2026-05-14 17:41:42.826] [12800357][I][sensor_poll.cpp:359] task_sensor_poll(): [T5_SEN] [T5] iter 418 — woke from 30 s delay
[2026-05-14 17:41:42.835] [12800366][I][sensor_poll.cpp:395] task_sensor_poll(): [T5_SEN] [T5] iter 418 — polling FG6485A
[2026-05-14 17:41:42.865] [12800398][I][sensor_poll.cpp:432] task_sensor_poll(): [T5_SEN] [T5] iter 418 — polling S200
[2026-05-14 17:41:43.409] [12800936][I][sensor_poll.cpp:535] task_sensor_poll(): [T5_SEN] [T5] T=24°C RH=38% ws=0.0 m/s wd=0° | avg T=24 RH=38 ws=0.0 wd=0° [win T=12 RH=20 W=12]
[2026-05-14 17:41:43.429] [12800950][I][climate_control.cpp:434] task_climate_control(): [T6_CLI] [T6] T_avg=24 t_max=28 hyst=5 → step_t=0 | RH_avg=38 rh_max=75 rh_min=50 hyst=12 rh_en=1 → step_rh=0 | resolved=0 (was cur_t=0 cur_rh=0)
[2026-05-14 17:41:44.407] [12801937][I][data_manager.cpp:230] read_rtc_and_seed_clock(): [T4] RTC: 2026-05-14 17:41:40 UTC  unix=1778780500  daytime=yes
[2026-05-14 17:41:45.983] [12803514][I][main.cpp:162] task_watchdog_heartbeat(): [GHC] T1 tick 25510  uptime 12803 s
[2026-05-14 17:41:51.001] [12808532][I][main.cpp:162] task_watchdog_heartbeat(): [GHC] T1 tick 25520  uptime 12808 s
[2026-05-14 17:41:56.019] [12813550][I][main.cpp:162] task_watchdog_heartbeat(): [GHC] T1 tick 25530  uptime 12813 s
[2026-05-14 17:42:01.037] [12818568][I][main.cpp:162] task_watchdog_heartbeat(): [GHC] T1 tick 25540  uptime 12818 s
[2026-05-14 17:42:06.055] [12823586][I][main.cpp:162] task_watchdog_heartbeat(): [GHC] T1 tick 25550  uptime 12823 s
[2026-05-14 17:42:11.073] [12828604][I][main.cpp:162] task_watchdog_heartbeat(): [GHC] T1 tick 25560  uptime 12828 s
[2026-05-14 17:42:13.420] [12830950][I][sensor_poll.cpp:359] task_sensor_poll(): [T5_SEN] [T5] iter 419 — woke from 30 s delay
[2026-05-14 17:42:13.428] [12830959][I][sensor_poll.cpp:395] task_sensor_poll(): [T5_SEN] [T5] iter 419 — polling FG6485A
[2026-05-14 17:42:13.459] [12830991][I][sensor_poll.cpp:432] task_sensor_poll(): [T5_SEN] [T5] iter 419 — polling S200
[2026-05-14 17:42:14.003] [12831530][I][sensor_poll.cpp:535] task_sensor_poll(): [T5_SEN] [T5] T=24°C RH=38% ws=0.0 m/s wd=0° | avg T=24 RH=38 ws=0.0 wd=0° [win T=12 RH=20 W=12]
[2026-05-14 17:42:14.023] [12831544][I][climate_control.cpp:434] task_climate_control(): [T6_CLI] [T6] T_avg=24 t_max=28 hyst=5 → step_t=0 | RH_avg=38 rh_max=75 rh_min=50 hyst=12 rh_en=1 → step_rh=0 | resolved=0 (was cur_t=0 cur_rh=0)
[2026-05-14 17:42:16.091] [12833622][I][main.cpp:162] task_watchdog_heartbeat(): [GHC] T1 tick 25570  uptime 12833 s
[2026-05-14 17:42:21.109] [12838640][I][main.cpp:162] task_watchdog_heartbeat(): [GHC] T1 tick 25580  uptime 12838 s
[2026-05-14 17:42:26.127] [12843658][I][main.cpp:162] task_watchdog_heartbeat(): [GHC] T1 tick 25590  uptime 12843 s
[2026-05-14 17:42:31.145] [12848676][I][main.cpp:162] task_watchdog_heartbeat(): [GHC] T1 tick 25600  uptime 12848 s
[2026-05-14 17:42:36.163] [12853694][I][main.cpp:162] task_watchdog_heartbeat(): [GHC] T1 tick 25610  uptime 12853 s
[2026-05-14 17:42:41.181] [12858712][I][main.cpp:162] task_watchdog_heartbeat(): [GHC] T1 tick 25620  uptime 12858 s
[2026-05-14 17:42:44.001] [12861531][I][data_manager.cpp:230] read_rtc_and_seed_clock(): [T4] RTC: 2026-05-14 17:42:39 UTC  unix=1778780559  daytime=yes
[2026-05-14 17:42:44.014] [12861544][I][sensor_poll.cpp:359] task_sensor_poll(): [T5_SEN] [T5] iter 420 — woke from 30 s delay
[2026-05-14 17:42:44.022] [12861553][I][sensor_poll.cpp:395] task_sensor_poll(): [T5_SEN] [T5] iter 420 — polling FG6485A
[2026-05-14 17:42:44.053] [12861586][I][sensor_poll.cpp:432] task_sensor_poll(): [T5_SEN] [T5] iter 420 — polling S200
[2026-05-14 17:42:44.597] [12862124][I][sensor_poll.cpp:535] task_sensor_poll(): [T5_SEN] [T5] T=24°C RH=38% ws=0.0 m/s wd=0° | avg T=24 RH=38 ws=0.0 wd=0° [win T=12 RH=20 W=12]
[2026-05-14 17:42:44.617] [12862138][I][climate_control.cpp:434] task_climate_control(): [T6_CLI] [T6] T_avg=24 t_max=28 hyst=5 → step_t=0 | RH_avg=38 rh_max=75 rh_min=50 hyst=12 rh_en=1 → step_rh=0 | resolved=0 (was cur_t=0 cur_rh=0)
[2026-05-14 17:42:46.199] [12863730][I][main.cpp:162] task_watchdog_heartbeat(): [GHC] T1 tick 25630  uptime 12863 s
[2026-05-14 17:42:51.217] [12868748][I][main.cpp:162] task_watchdog_heartbeat(): [GHC] T1 tick 25640  uptime 12868 s
[2026-05-14 17:42:56.235] [12873766][I][main.cpp:162] task_watchdog_heartbeat(): [GHC] T1 tick 25650  uptime 12873 s
[2026-05-14 17:43:01.253] [12878784][I][main.cpp:162] task_watchdog_heartbeat(): [GHC] T1 tick 25660  uptime 12878 s
[2026-05-14 17:43:06.271] [12883802][I][main.cpp:162] task_watchdog_heartbeat(): [GHC] T1 tick 25670  uptime 12883 s
[2026-05-14 17:43:11.289] [12888820][I][main.cpp:162] task_watchdog_heartbeat(): [GHC] T1 tick 25680  uptime 12888 s
[2026-05-14 17:43:14.608] [12892138][I][sensor_poll.cpp:359] task_sensor_poll(): [T5_SEN] [T5] iter 421 — woke from 30 s delay
[2026-05-14 17:43:14.617] [12892147][I][sensor_poll.cpp:395] task_sensor_poll(): [T5_SEN] [T5] iter 421 — polling FG6485A
[2026-05-14 17:43:14.648] [12892180][I][sensor_poll.cpp:432] task_sensor_poll(): [T5_SEN] [T5] iter 421 — polling S200
[2026-05-14 17:43:15.191] [12892718][I][sensor_poll.cpp:535] task_sensor_poll(): [T5_SEN] [T5] T=24°C RH=38% ws=0.0 m/s wd=0° | avg T=24 RH=38 ws=0.0 wd=0° [win T=12 RH=20 W=12]
[2026-05-14 17:43:15.211] [12892732][I][climate_control.cpp:434] task_climate_control(): [T6_CLI] [T6] T_avg=24 t_max=28 hyst=5 → step_t=0 | RH_avg=38 rh_max=75 rh_min=50 hyst=12 rh_en=1 → step_rh=0 | resolved=0 (was cur_t=0 cur_rh=0)
[2026-05-14 17:43:16.307] [12893838][I][main.cpp:162] task_watchdog_heartbeat(): [GHC] T1 tick 25690  uptime 12893 s
[2026-05-14 17:43:21.325] [12898856][I][main.cpp:162] task_watchdog_heartbeat(): [GHC] T1 tick 25700  uptime 12898 s
[2026-05-14 17:43:26.343] [12903874][I][main.cpp:162] task_watchdog_heartbeat(): [GHC] T1 tick 25710  uptime 12903 s
[2026-05-14 17:43:31.361] [12908892][I][main.cpp:162] task_watchdog_heartbeat(): [GHC] T1 tick 25720  uptime 12908 s
[2026-05-14 17:43:36.379] [12913910][I][main.cpp:162] task_watchdog_heartbeat(): [GHC] T1 tick 25730  uptime 12913 s
[2026-05-14 17:43:41.397] [12918928][I][main.cpp:162] task_watchdog_heartbeat(): [GHC] T1 tick 25740  uptime 12918 s
[2026-05-14 17:43:43.189] [12920719][I][data_manager.cpp:230] read_rtc_and_seed_clock(): [T4] RTC: 2026-05-14 17:43:39 UTC  unix=1778780619  daytime=yes
[2026-05-14 17:43:45.202] [12922732][I][sensor_poll.cpp:359] task_sensor_poll(): [T5_SEN] [T5] iter 422 — woke from 30 s delay
[2026-05-14 17:43:45.211] [12922741][I][sensor_poll.cpp:395] task_sensor_poll(): [T5_SEN] [T5] iter 422 — polling FG6485A
[2026-05-14 17:43:45.241] [12922773][I][sensor_poll.cpp:432] task_sensor_poll(): [T5_SEN] [T5] iter 422 — polling S200
[2026-05-14 17:43:45.785] [12923312][I][sensor_poll.cpp:535] task_sensor_poll(): [T5_SEN] [T5] T=24°C RH=38% ws=0.0 m/s wd=0° | avg T=24 RH=38 ws=0.0 wd=0° [win T=12 RH=20 W=12]
[2026-05-14 17:43:45.805] [12923326][I][climate_control.cpp:434] task_climate_control(): [T6_CLI] [T6] T_avg=24 t_max=28 hyst=5 → step_t=0 | RH_avg=38 rh_max=75 rh_min=50 hyst=12 rh_en=1 → step_rh=0 | resolved=0 (was cur_t=0 cur_rh=0)
[2026-05-14 17:43:46.415] [12923946][I][main.cpp:162] task_watchdog_heartbeat(): [GHC] T1 tick 25750  uptime 12923 s
[2026-05-14 17:43:51.433] [12928964][I][main.cpp:162] task_watchdog_heartbeat(): [GHC] T1 tick 25760  uptime 12928 s
[2026-05-14 17:43:56.451] [12933982][I][main.cpp:162] task_watchdog_heartbeat(): [GHC] T1 tick 25770  uptime 12933 s
[2026-05-14 17:44:01.469] [12939000][I][main.cpp:162] task_watchdog_heartbeat(): [GHC] T1 tick 25780  uptime 12939 s
[2026-05-14 17:44:06.487] [12944018][I][main.cpp:162] task_watchdog_heartbeat(): [GHC] T1 tick 25790  uptime 12944 s
[2026-05-14 17:44:11.505] [12949036][I][main.cpp:162] task_watchdog_heartbeat(): [GHC] T1 tick 25800  uptime 12949 s
[2026-05-14 17:44:15.796] [12953326][I][sensor_poll.cpp:359] task_sensor_poll(): [T5_SEN] [T5] iter 423 — woke from 30 s delay
[2026-05-14 17:44:15.805] [12953335][I][sensor_poll.cpp:395] task_sensor_poll(): [T5_SEN] [T5] iter 423 — polling FG6485A
[2026-05-14 17:44:15.835] [12953367][I][sensor_poll.cpp:432] task_sensor_poll(): [T5_SEN] [T5] iter 423 — polling S200
[2026-05-14 17:44:16.379] [12953906][I][sensor_poll.cpp:535] task_sensor_poll(): [T5_SEN] [T5] T=24°C RH=38% ws=0.0 m/s wd=0° | avg T=24 RH=38 ws=0.0 wd=0° [win T=12 RH=20 W=12]
[2026-05-14 17:44:16.400] [12953920][I][climate_control.cpp:434] task_climate_control(): [T6_CLI] [T6] T_avg=24 t_max=28 hyst=5 → step_t=0 | RH_avg=38 rh_max=75 rh_min=50 hyst=12 rh_en=1 → step_rh=0 | resolved=0 (was cur_t=0 cur_rh=0)
[2026-05-14 17:44:16.523] [12954054][I][main.cpp:162] task_watchdog_heartbeat(): [GHC] T1 tick 25810  uptime 12954 s
[2026-05-14 17:44:21.541] [12959072][I][main.cpp:162] task_watchdog_heartbeat(): [GHC] T1 tick 25820  uptime 12959 s
[2026-05-14 17:44:26.559] [12964090][I][main.cpp:162] task_watchdog_heartbeat(): [GHC] T1 tick 25830  uptime 12964 s
[2026-05-14 17:44:31.577] [12969108][I][main.cpp:162] task_watchdog_heartbeat(): [GHC] T1 tick 25840  uptime 12969 s
[2026-05-14 17:44:36.595] [12974126][I][main.cpp:162] task_watchdog_heartbeat(): [GHC] T1 tick 25850  uptime 12974 s
[2026-05-14 17:44:41.613] [12979144][I][main.cpp:162] task_watchdog_heartbeat(): [GHC] T1 tick 25860  uptime 12979 s
[2026-05-14 17:44:42.378] [12979907][I][data_manager.cpp:230] read_rtc_and_seed_clock(): [T4] RTC: 2026-05-14 17:44:38 UTC  unix=1778780678  daytime=yes
[2026-05-14 17:44:46.390] [12983920][I][sensor_poll.cpp:359] task_sensor_poll(): [T5_SEN] [T5] iter 424 — woke from 30 s delay
[2026-05-14 17:44:46.399] [12983929][I][sensor_poll.cpp:395] task_sensor_poll(): [T5_SEN] [T5] iter 424 — polling FG6485A
[2026-05-14 17:44:46.430] [12983962][I][sensor_poll.cpp:432] task_sensor_poll(): [T5_SEN] [T5] iter 424 — polling S200
[2026-05-14 17:44:46.632] [12984162][I][main.cpp:162] task_watchdog_heartbeat(): [GHC] T1 tick 25870  uptime 12984 s
[2026-05-14 17:44:46.974] [12984500][I][sensor_poll.cpp:535] task_sensor_poll(): [T5_SEN] [T5] T=24°C RH=38% ws=0.0 m/s wd=0° | avg T=24 RH=38 ws=0.0 wd=0° [win T=12 RH=20 W=12]
[2026-05-14 17:44:46.994] [12984514][I][climate_control.cpp:434] task_climate_control(): [T6_CLI] [T6] T_avg=24 t_max=28 hyst=5 → step_t=0 | RH_avg=38 rh_max=75 rh_min=50 hyst=12 rh_en=1 → step_rh=0 | resolved=0 (was cur_t=0 cur_rh=0)
[2026-05-14 17:44:51.650] [12989180][I][main.cpp:162] task_watchdog_heartbeat(): [GHC] T1 tick 25880  uptime 12989 s
[2026-05-14 17:44:56.668] [12994198][I][main.cpp:162] task_watchdog_heartbeat(): [GHC] T1 tick 25890  uptime 12994 s
[2026-05-14 17:45:01.686] [12999216][I][main.cpp:162] task_watchdog_heartbeat(): [GHC] T1 tick 25900  uptime 12999 s
[2026-05-14 17:45:06.704] [13004234][I][main.cpp:162] task_watchdog_heartbeat(): [GHC] T1 tick 25910  uptime 13004 s
[2026-05-14 17:45:11.722] [13009252][I][main.cpp:162] task_watchdog_heartbeat(): [GHC] T1 tick 25920  uptime 13009 s
[2026-05-14 17:45:16.740] [13014270][I][main.cpp:162] task_watchdog_heartbeat(): [GHC] T1 tick 25930  uptime 13014 s
[2026-05-14 17:45:16.985] [13014514][I][sensor_poll.cpp:359] task_sensor_poll(): [T5_SEN] [T5] iter 425 — woke from 30 s delay
[2026-05-14 17:45:16.993] [13014523][I][sensor_poll.cpp:395] task_sensor_poll(): [T5_SEN] [T5] iter 425 — polling FG6485A
[2026-05-14 17:45:17.024] [13014556][I][sensor_poll.cpp:432] task_sensor_poll(): [T5_SEN] [T5] iter 425 — polling S200
[2026-05-14 17:45:17.567] [13015094][I][sensor_poll.cpp:535] task_sensor_poll(): [T5_SEN] [T5] T=24°C RH=38% ws=0.0 m/s wd=0° | avg T=24 RH=38 ws=0.0 wd=0° [win T=12 RH=20 W=12]
[2026-05-14 17:45:17.587] [13015108][I][climate_control.cpp:434] task_climate_control(): [T6_CLI] [T6] T_avg=24 t_max=28 hyst=5 → step_t=0 | RH_avg=38 rh_max=75 rh_min=50 hyst=12 rh_en=1 → step_rh=0 | resolved=0 (was cur_t=0 cur_rh=0)
[2026-05-14 17:45:21.757] [13019287][I][main.cpp:162] task_watchdog_heartbeat(): [GHC] T1 tick 25940  uptime 13019 s
[2026-05-14 17:45:26.775] [13024305][I][main.cpp:162] task_watchdog_heartbeat(): [GHC] T1 tick 25950  uptime 13024 s
[2026-05-14 17:45:31.793] [13029323][I][main.cpp:162] task_watchdog_heartbeat(): [GHC] T1 tick 25960  uptime 13029 s
[2026-05-14 17:45:36.811] [13034341][I][main.cpp:162] task_watchdog_heartbeat(): [GHC] T1 tick 25970  uptime 13034 s
[2026-05-14 17:45:41.566] [13039095][I][data_manager.cpp:230] read_rtc_and_seed_clock(): [T4] RTC: 2026-05-14 17:45:37 UTC  unix=1778780737  daytime=yes
[2026-05-14 17:45:41.829] [13039359][I][main.cpp:162] task_watchdog_heartbeat(): [GHC] T1 tick 25980  uptime 13039 s
[2026-05-14 17:45:46.847] [13044377][I][main.cpp:162] task_watchdog_heartbeat(): [GHC] T1 tick 25990  uptime 13044 s
[2026-05-14 17:45:47.579] [13045108][I][sensor_poll.cpp:359] task_sensor_poll(): [T5_SEN] [T5] iter 426 — woke from 30 s delay
[2026-05-14 17:45:47.587] [13045117][I][sensor_poll.cpp:395] task_sensor_poll(): [T5_SEN] [T5] iter 426 — polling FG6485A
[2026-05-14 17:45:47.617] [13045149][I][sensor_poll.cpp:432] task_sensor_poll(): [T5_SEN] [T5] iter 426 — polling S200
[2026-05-14 17:45:48.161] [13045687][I][sensor_poll.cpp:535] task_sensor_poll(): [T5_SEN] [T5] T=24°C RH=38% ws=0.0 m/s wd=0° | avg T=24 RH=38 ws=0.0 wd=0° [win T=12 RH=20 W=12]
[2026-05-14 17:45:48.181] [13045701][I][climate_control.cpp:434] task_climate_control(): [T6_CLI] [T6] T_avg=24 t_max=28 hyst=5 → step_t=0 | RH_avg=38 rh_max=75 rh_min=50 hyst=12 rh_en=1 → step_rh=0 | resolved=0 (was cur_t=0 cur_rh=0)
[2026-05-14 17:45:51.865] [13049395][I][main.cpp:162] task_watchdog_heartbeat(): [GHC] T1 tick 26000  uptime 13049 s
[2026-05-14 17:45:56.883] [13054413][I][main.cpp:162] task_watchdog_heartbeat(): [GHC] T1 tick 26010  uptime 13054 s
[2026-05-14 17:46:01.901] [13059431][I][main.cpp:162] task_watchdog_heartbeat(): [GHC] T1 tick 26020  uptime 13059 s
[2026-05-14 17:46:06.919] [13064449][I][main.cpp:162] task_watchdog_heartbeat(): [GHC] T1 tick 26030  uptime 13064 s
[2026-05-14 17:46:11.937] [13069467][I][main.cpp:162] task_watchdog_heartbeat(): [GHC] T1 tick 26040  uptime 13069 s
[2026-05-14 17:46:16.955] [13074485][I][main.cpp:162] task_watchdog_heartbeat(): [GHC] T1 tick 26050  uptime 13074 s
[2026-05-14 17:46:18.172] [13075701][I][sensor_poll.cpp:359] task_sensor_poll(): [T5_SEN] [T5] iter 427 — woke from 30 s delay
[2026-05-14 17:46:18.180] [13075710][I][sensor_poll.cpp:395] task_sensor_poll(): [T5_SEN] [T5] iter 427 — polling FG6485A
[2026-05-14 17:46:18.211] [13075742][I][sensor_poll.cpp:432] task_sensor_poll(): [T5_SEN] [T5] iter 427 — polling S200
[2026-05-14 17:46:18.755] [13076281][I][sensor_poll.cpp:535] task_sensor_poll(): [T5_SEN] [T5] T=24°C RH=38% ws=0.0 m/s wd=0° | avg T=24 RH=38 ws=0.0 wd=0° [win T=12 RH=20 W=12]
[2026-05-14 17:46:18.775] [13076295][I][climate_control.cpp:434] task_climate_control(): [T6_CLI] [T6] T_avg=24 t_max=28 hyst=5 → step_t=0 | RH_avg=38 rh_max=75 rh_min=50 hyst=12 rh_en=1 → step_rh=0 | resolved=0 (was cur_t=0 cur_rh=0)
[2026-05-14 17:46:21.973] [13079503][I][main.cpp:162] task_watchdog_heartbeat(): [GHC] T1 tick 26060  uptime 13079 s
[2026-05-14 17:46:26.991] [13084521][I][main.cpp:162] task_watchdog_heartbeat(): [GHC] T1 tick 26070  uptime 13084 s
[2026-05-14 17:46:32.009] [13089539][I][main.cpp:162] task_watchdog_heartbeat(): [GHC] T1 tick 26080  uptime 13089 s
[2026-05-14 17:46:37.027] [13094557][I][main.cpp:162] task_watchdog_heartbeat(): [GHC] T1 tick 26090  uptime 13094 s
[2026-05-14 17:46:40.753] [13098282][I][data_manager.cpp:230] read_rtc_and_seed_clock(): [T4] RTC: 2026-05-14 17:46:36 UTC  unix=1778780796  daytime=yes
[2026-05-14 17:46:42.045] [13099575][I][main.cpp:162] task_watchdog_heartbeat(): [GHC] T1 tick 26100  uptime 13099 s
[2026-05-14 17:46:47.063] [13104593][I][main.cpp:162] task_watchdog_heartbeat(): [GHC] T1 tick 26110  uptime 13104 s
[2026-05-14 17:46:48.766] [13106295][I][sensor_poll.cpp:359] task_sensor_poll(): [T5_SEN] [T5] iter 428 — woke from 30 s delay
[2026-05-14 17:46:48.775] [13106304][I][sensor_poll.cpp:395] task_sensor_poll(): [T5_SEN] [T5] iter 428 — polling FG6485A
[2026-05-14 17:46:48.805] [13106337][I][sensor_poll.cpp:432] task_sensor_poll(): [T5_SEN] [T5] iter 428 — polling S200
[2026-05-14 17:46:49.349] [13106875][I][sensor_poll.cpp:535] task_sensor_poll(): [T5_SEN] [T5] T=24°C RH=38% ws=0.0 m/s wd=0° | avg T=24 RH=38 ws=0.0 wd=0° [win T=12 RH=20 W=12]
[2026-05-14 17:46:49.369] [13106889][I][climate_control.cpp:434] task_climate_control(): [T6_CLI] [T6] T_avg=24 t_max=28 hyst=5 → step_t=0 | RH_avg=38 rh_max=75 rh_min=50 hyst=12 rh_en=1 → step_rh=0 | resolved=0 (was cur_t=0 cur_rh=0)
[2026-05-14 17:46:52.081] [13109611][I][main.cpp:162] task_watchdog_heartbeat(): [GHC] T1 tick 26120  uptime 13109 s
[2026-05-14 17:46:57.099] [13114629][I][main.cpp:162] task_watchdog_heartbeat(): [GHC] T1 tick 26130  uptime 13114 s
[2026-05-14 17:47:02.117] [13119647][I][main.cpp:162] task_watchdog_heartbeat(): [GHC] T1 tick 26140  uptime 13119 s
[2026-05-14 17:47:07.135] [13124665][I][main.cpp:162] task_watchdog_heartbeat(): [GHC] T1 tick 26150  uptime 13124 s
[2026-05-14 17:47:12.153] [13129683][I][main.cpp:162] task_watchdog_heartbeat(): [GHC] T1 tick 26160  uptime 13129 s
[2026-05-14 17:47:17.171] [13134701][I][main.cpp:162] task_watchdog_heartbeat(): [GHC] T1 tick 26170  uptime 13134 s
[2026-05-14 17:47:19.360] [13136889][I][sensor_poll.cpp:359] task_sensor_poll(): [T5_SEN] [T5] iter 429 — woke from 30 s delay
[2026-05-14 17:47:19.369] [13136898][I][sensor_poll.cpp:395] task_sensor_poll(): [T5_SEN] [T5] iter 429 — polling FG6485A
[2026-05-14 17:47:19.400] [13136931][I][sensor_poll.cpp:432] task_sensor_poll(): [T5_SEN] [T5] iter 429 — polling S200
[2026-05-14 17:47:19.943] [13137469][I][sensor_poll.cpp:535] task_sensor_poll(): [T5_SEN] [T5] T=24°C RH=38% ws=0.0 m/s wd=0° | avg T=24 RH=38 ws=0.0 wd=0° [win T=12 RH=20 W=12]
[2026-05-14 17:47:19.963] [13137483][I][climate_control.cpp:434] task_climate_control(): [T6_CLI] [T6] T_avg=24 t_max=28 hyst=5 → step_t=0 | RH_avg=38 rh_max=75 rh_min=50 hyst=12 rh_en=1 → step_rh=0 | resolved=0 (was cur_t=0 cur_rh=0)
[2026-05-14 17:47:22.189] [13139719][I][main.cpp:162] task_watchdog_heartbeat(): [GHC] T1 tick 26180  uptime 13139 s
[2026-05-14 17:47:27.207] [13144737][I][main.cpp:162] task_watchdog_heartbeat(): [GHC] T1 tick 26190  uptime 13144 s
[2026-05-14 17:47:32.225] [13149755][I][main.cpp:162] task_watchdog_heartbeat(): [GHC] T1 tick 26200  uptime 13149 s
[2026-05-14 17:47:37.243] [13154773][I][main.cpp:162] task_watchdog_heartbeat(): [GHC] T1 tick 26210  uptime 13154 s
[2026-05-14 17:47:39.942] [13157470][I][data_manager.cpp:230] read_rtc_and_seed_clock(): [T4] RTC: 2026-05-14 17:47:35 UTC  unix=1778780855  daytime=yes
[2026-05-14 17:47:42.261] [13159791][I][main.cpp:162] task_watchdog_heartbeat(): [GHC] T1 tick 26220  uptime 13159 s
[2026-05-14 17:47:47.279] [13164809][I][main.cpp:162] task_watchdog_heartbeat(): [GHC] T1 tick 26230  uptime 13164 s
[2026-05-14 17:47:49.954] [13167483][I][sensor_poll.cpp:359] task_sensor_poll(): [T5_SEN] [T5] iter 430 — woke from 30 s delay
[2026-05-14 17:47:49.963] [13167492][I][sensor_poll.cpp:395] task_sensor_poll(): [T5_SEN] [T5] iter 430 — polling FG6485A
[2026-05-14 17:47:49.993] [13167524][I][sensor_poll.cpp:432] task_sensor_poll(): [T5_SEN] [T5] iter 430 — polling S200
[2026-05-14 17:47:50.538] [13168063][I][sensor_poll.cpp:535] task_sensor_poll(): [T5_SEN] [T5] T=24°C RH=38% ws=0.0 m/s wd=0° | avg T=24 RH=38 ws=0.0 wd=0° [win T=12 RH=20 W=12]
[2026-05-14 17:47:50.558] [13168077][I][climate_control.cpp:434] task_climate_control(): [T6_CLI] [T6] T_avg=24 t_max=28 hyst=5 → step_t=0 | RH_avg=38 rh_max=75 rh_min=50 hyst=12 rh_en=1 → step_rh=0 | resolved=0 (was cur_t=0 cur_rh=0)
[2026-05-14 17:47:52.298] [13169827][I][main.cpp:162] task_watchdog_heartbeat(): [GHC] T1 tick 26240  uptime 13169 s
[2026-05-14 17:47:57.315] [13174845][I][main.cpp:162] task_watchdog_heartbeat(): [GHC] T1 tick 26250  uptime 13174 s
[2026-05-14 17:48:02.334] [13179863][I][main.cpp:162] task_watchdog_heartbeat(): [GHC] T1 tick 26260  uptime 13179 s
[2026-05-14 17:48:07.352] [13184881][I][main.cpp:162] task_watchdog_heartbeat(): [GHC] T1 tick 26270  uptime 13184 s
[2026-05-14 17:48:12.370] [13189899][I][main.cpp:162] task_watchdog_heartbeat(): [GHC] T1 tick 26280  uptime 13189 s
[2026-05-14 17:48:17.388] [13194917][I][main.cpp:162] task_watchdog_heartbeat(): [GHC] T1 tick 26290  uptime 13194 s
[2026-05-14 17:48:20.549] [13198077][I][sensor_poll.cpp:359] task_sensor_poll(): [T5_SEN] [T5] iter 431 — woke from 30 s delay
[2026-05-14 17:48:20.557] [13198086][I][sensor_poll.cpp:395] task_sensor_poll(): [T5_SEN] [T5] iter 431 — polling FG6485A
[2026-05-14 17:48:20.587] [13198118][I][sensor_poll.cpp:432] task_sensor_poll(): [T5_SEN] [T5] iter 431 — polling S200
[2026-05-14 17:48:21.132] [13198657][I][sensor_poll.cpp:535] task_sensor_poll(): [T5_SEN] [T5] T=24°C RH=38% ws=0.0 m/s wd=0° | avg T=24 RH=38 ws=0.0 wd=0° [win T=12 RH=20 W=12]
[2026-05-14 17:48:21.152] [13198671][I][climate_control.cpp:434] task_climate_control(): [T6_CLI] [T6] T_avg=24 t_max=28 hyst=5 → step_t=0 | RH_avg=38 rh_max=75 rh_min=50 hyst=12 rh_en=1 → step_rh=0 | resolved=0 (was cur_t=0 cur_rh=0)
[2026-05-14 17:48:22.406] [13199935][I][main.cpp:162] task_watchdog_heartbeat(): [GHC] T1 tick 26300  uptime 13199 s
[2026-05-14 17:48:27.424] [13204953][I][main.cpp:162] task_watchdog_heartbeat(): [GHC] T1 tick 26310  uptime 13204 s
[2026-05-14 17:48:32.442] [13209971][I][main.cpp:162] task_watchdog_heartbeat(): [GHC] T1 tick 26320  uptime 13209 s
[2026-05-14 17:48:37.460] [13214989][I][main.cpp:162] task_watchdog_heartbeat(): [GHC] T1 tick 26330  uptime 13214 s
[2026-05-14 17:48:39.130] [13216658][I][data_manager.cpp:230] read_rtc_and_seed_clock(): [T4] RTC: 2026-05-14 17:48:35 UTC  unix=1778780915  daytime=yes
[2026-05-14 17:48:42.478] [13220007][I][main.cpp:162] task_watchdog_heartbeat(): [GHC] T1 tick 26340  uptime 13220 s
[2026-05-14 17:48:47.496] [13225025][I][main.cpp:162] task_watchdog_heartbeat(): [GHC] T1 tick 26350  uptime 13225 s
[2026-05-14 17:48:51.143] [13228671][I][sensor_poll.cpp:359] task_sensor_poll(): [T5_SEN] [T5] iter 432 — woke from 30 s delay
[2026-05-14 17:48:51.151] [13228680][I][sensor_poll.cpp:395] task_sensor_poll(): [T5_SEN] [T5] iter 432 — polling FG6485A
[2026-05-14 17:48:51.182] [13228712][I][sensor_poll.cpp:432] task_sensor_poll(): [T5_SEN] [T5] iter 432 — polling S200
[2026-05-14 17:48:51.726] [13229251][I][sensor_poll.cpp:535] task_sensor_poll(): [T5_SEN] [T5] T=24°C RH=38% ws=0.0 m/s wd=0° | avg T=24 RH=38 ws=0.0 wd=0° [win T=12 RH=20 W=12]
[2026-05-14 17:48:51.746] [13229265][I][climate_control.cpp:434] task_climate_control(): [T6_CLI] [T6] T_avg=24 t_max=28 hyst=5 → step_t=0 | RH_avg=38 rh_max=75 rh_min=50 hyst=12 rh_en=1 → step_rh=0 | resolved=0 (was cur_t=0 cur_rh=0)
[2026-05-14 17:48:52.514] [13230043][I][main.cpp:162] task_watchdog_heartbeat(): [GHC] T1 tick 26360  uptime 13230 s
[2026-05-14 17:48:57.532] [13235061][I][main.cpp:162] task_watchdog_heartbeat(): [GHC] T1 tick 26370  uptime 13235 s
[2026-05-14 17:49:02.550] [13240079][I][main.cpp:162] task_watchdog_heartbeat(): [GHC] T1 tick 26380  uptime 13240 s
[2026-05-14 17:49:07.568] [13245097][I][main.cpp:162] task_watchdog_heartbeat(): [GHC] T1 tick 26390  uptime 13245 s
[2026-05-14 17:49:12.585] [13250115][I][main.cpp:162] task_watchdog_heartbeat(): [GHC] T1 tick 26400  uptime 13250 s
[2026-05-14 17:49:12.593] [13250123][I][main.cpp:247] task_watchdog_heartbeat(): [GHC] stack T1  hwm=2012 B
[2026-05-14 17:49:12.601] [13250131][I][main.cpp:247] task_watchdog_heartbeat(): [GHC] stack T2  hwm=6380 B
[2026-05-14 17:49:12.607] [13250138][I][main.cpp:247] task_watchdog_heartbeat(): [GHC] stack T3  hwm=1980 B
[2026-05-14 17:49:12.616] [13250146][I][main.cpp:247] task_watchdog_heartbeat(): [GHC] stack T4  hwm=3948 B
[2026-05-14 17:49:12.622] [13250153][I][main.cpp:247] task_watchdog_heartbeat(): [GHC] stack T5  hwm=4124 B
[2026-05-14 17:49:12.630] [13250161][I][main.cpp:247] task_watchdog_heartbeat(): [GHC] stack T6  hwm=1596 B
[2026-05-14 17:49:12.639] [13250168][I][main.cpp:247] task_watchdog_heartbeat(): [GHC] stack T7  hwm=2464 B
[2026-05-14 17:49:12.645] [13250176][I][main.cpp:247] task_watchdog_heartbeat(): [GHC] stack T8  hwm=5740 B
[2026-05-14 17:49:12.653] [13250183][I][main.cpp:247] task_watchdog_heartbeat(): [GHC] stack T9  hwm=2524 B
[2026-05-14 17:49:12.659] [13250190][I][main.cpp:247] task_watchdog_heartbeat(): [GHC] stack T10 hwm=5632 B
[2026-05-14 17:49:12.668] [13250198][I][main.cpp:247] task_watchdog_heartbeat(): [GHC] stack T11 hwm=5536 B
[2026-05-14 17:49:12.674] [13250206][I][main.cpp:247] task_watchdog_heartbeat(): [GHC] stack T12 hwm=7416 B
[2026-05-14 17:49:12.682] [13250213][I][main.cpp:247] task_watchdog_heartbeat(): [GHC] stack T14 hwm=6592 B
[2026-05-14 17:49:12.690] [13250221][I][main.cpp:247] task_watchdog_heartbeat(): [GHC] stack T15 hwm=2376 B
[2026-05-14 17:49:17.708] [13255237][I][main.cpp:162] task_watchdog_heartbeat(): [GHC] T1 tick 26410  uptime 13255 s
[2026-05-14 17:49:21.737] [13259265][I][sensor_poll.cpp:359] task_sensor_poll(): [T5_SEN] [T5] iter 433 — woke from 30 s delay
[2026-05-14 17:49:21.745] [13259274][I][sensor_poll.cpp:395] task_sensor_poll(): [T5_SEN] [T5] iter 433 — polling FG6485A
[2026-05-14 17:49:21.776] [13259307][I][sensor_poll.cpp:432] task_sensor_poll(): [T5_SEN] [T5] iter 433 — polling S200
[2026-05-14 17:49:22.320] [13259845][I][sensor_poll.cpp:535] task_sensor_poll(): [T5_SEN] [T5] T=24°C RH=38% ws=0.0 m/s wd=0° | avg T=24 RH=38 ws=0.0 wd=0° [win T=12 RH=20 W=12]
[2026-05-14 17:49:22.340] [13259859][I][climate_control.cpp:434] task_climate_control(): [T6_CLI] [T6] T_avg=24 t_max=28 hyst=5 → step_t=0 | RH_avg=38 rh_max=75 rh_min=50 hyst=12 rh_en=1 → step_rh=0 | resolved=0 (was cur_t=0 cur_rh=0)
[2026-05-14 17:49:22.726] [13260255][I][main.cpp:162] task_watchdog_heartbeat(): [GHC] T1 tick 26420  uptime 13260 s
[2026-05-14 17:49:27.744] [13265273][I][main.cpp:162] task_watchdog_heartbeat(): [GHC] T1 tick 26430  uptime 13265 s
[2026-05-14 17:49:32.762] [13270291][I][main.cpp:162] task_watchdog_heartbeat(): [GHC] T1 tick 26440  uptime 13270 s
[2026-05-14 17:49:37.780] [13275309][I][main.cpp:162] task_watchdog_heartbeat(): [GHC] T1 tick 26450  uptime 13275 s
[2026-05-14 17:49:38.318] [13275846][I][data_manager.cpp:230] read_rtc_and_seed_clock(): [T4] RTC: 2026-05-14 17:49:34 UTC  unix=1778780974  daytime=yes
[2026-05-14 17:49:42.798] [13280327][I][main.cpp:162] task_watchdog_heartbeat(): [GHC] T1 tick 26460  uptime 13280 s
[2026-05-14 17:49:47.816] [13285345][I][main.cpp:162] task_watchdog_heartbeat(): [GHC] T1 tick 26470  uptime 13285 s
[2026-05-14 17:49:52.331] [13289859][I][sensor_poll.cpp:359] task_sensor_poll(): [T5_SEN] [T5] iter 434 — woke from 30 s delay
[2026-05-14 17:49:52.340] [13289868][I][sensor_poll.cpp:395] task_sensor_poll(): [T5_SEN] [T5] iter 434 — polling FG6485A
[2026-05-14 17:49:52.371] [13289901][I][sensor_poll.cpp:432] task_sensor_poll(): [T5_SEN] [T5] iter 434 — polling S200
[2026-05-14 17:49:52.834] [13290363][I][main.cpp:162] task_watchdog_heartbeat(): [GHC] T1 tick 26480  uptime 13290 s
[2026-05-14 17:49:52.914] [13290439][I][sensor_poll.cpp:535] task_sensor_poll(): [T5_SEN] [T5] T=24°C RH=38% ws=0.0 m/s wd=0° | avg T=24 RH=38 ws=0.0 wd=0° [win T=12 RH=20 W=12]
[2026-05-14 17:49:52.934] [13290453][I][climate_control.cpp:434] task_climate_control(): [T6_CLI] [T6] T_avg=24 t_max=28 hyst=5 → step_t=0 | RH_avg=38 rh_max=75 rh_min=50 hyst=12 rh_en=1 → step_rh=0 | resolved=0 (was cur_t=0 cur_rh=0)
[2026-05-14 17:49:57.852] [13295381][I][main.cpp:162] task_watchdog_heartbeat(): [GHC] T1 tick 26490  uptime 13295 s
[2026-05-14 17:50:02.870] [13300399][I][main.cpp:162] task_watchdog_heartbeat(): [GHC] T1 tick 26500  uptime 13300 s
[2026-05-14 17:50:07.888] [13305417][I][main.cpp:162] task_watchdog_heartbeat(): [GHC] T1 tick 26510  uptime 13305 s
[2026-05-14 17:50:12.906] [13310435][I][main.cpp:162] task_watchdog_heartbeat(): [GHC] T1 tick 26520  uptime 13310 s
[2026-05-14 17:50:17.924] [13315453][I][main.cpp:162] task_watchdog_heartbeat(): [GHC] T1 tick 26530  uptime 13315 s
[2026-05-14 17:50:22.925] [13320453][I][sensor_poll.cpp:359] task_sensor_poll(): [T5_SEN] [T5] iter 435 — woke from 30 s delay
[2026-05-14 17:50:22.934] [13320462][I][sensor_poll.cpp:395] task_sensor_poll(): [T5_SEN] [T5] iter 435 — polling FG6485A
[2026-05-14 17:50:22.942] [13320471][I][main.cpp:162] task_watchdog_heartbeat(): [GHC] T1 tick 26540  uptime 13320 s
[2026-05-14 17:50:23.280] [13320810][I][sensor_poll.cpp:432] task_sensor_poll(): [T5_SEN] [T5] iter 435 — polling S200
[2026-05-14 17:50:23.824] [13321349][I][sensor_poll.cpp:535] task_sensor_poll(): [T5_SEN] [T5] T=24°C RH=38% ws=0.0 m/s wd=0° | avg T=24 RH=38 ws=0.0 wd=0° [win T=12 RH=20 W=12]
[2026-05-14 17:50:23.844] [13321363][I][climate_control.cpp:434] task_climate_control(): [T6_CLI] [T6] T_avg=24 t_max=28 hyst=5 → step_t=0 | RH_avg=38 rh_max=75 rh_min=50 hyst=12 rh_en=1 → step_rh=0 | resolved=0 (was cur_t=0 cur_rh=0)
[2026-05-14 17:50:27.960] [13325489][I][main.cpp:162] task_watchdog_heartbeat(): [GHC] T1 tick 26550  uptime 13325 s
[2026-05-14 17:50:32.978] [13330507][I][main.cpp:162] task_watchdog_heartbeat(): [GHC] T1 tick 26560  uptime 13330 s
[2026-05-14 17:50:37.823] [13335350][I][data_manager.cpp:230] read_rtc_and_seed_clock(): [T4] RTC: 2026-05-14 17:50:33 UTC  unix=1778781033  daytime=yes
[2026-05-14 17:50:37.996] [13335525][I][main.cpp:162] task_watchdog_heartbeat(): [GHC] T1 tick 26570  uptime 13335 s
[2026-05-14 17:50:43.014] [13340543][I][main.cpp:162] task_watchdog_heartbeat(): [GHC] T1 tick 26580  uptime 13340 s
[2026-05-14 17:50:48.032] [13345561][I][main.cpp:162] task_watchdog_heartbeat(): [GHC] T1 tick 26590  uptime 13345 s
[2026-05-14 17:50:53.050] [13350579][I][main.cpp:162] task_watchdog_heartbeat(): [GHC] T1 tick 26600  uptime 13350 s
[2026-05-14 17:50:53.835] [13351363][I][sensor_poll.cpp:359] task_sensor_poll(): [T5_SEN] [T5] iter 436 — woke from 30 s delay
[2026-05-14 17:50:53.844] [13351372][I][sensor_poll.cpp:395] task_sensor_poll(): [T5_SEN] [T5] iter 436 — polling FG6485A
[2026-05-14 17:50:53.874] [13351404][I][sensor_poll.cpp:432] task_sensor_poll(): [T5_SEN] [T5] iter 436 — polling S200
[2026-05-14 17:50:54.419] [13351943][I][sensor_poll.cpp:535] task_sensor_poll(): [T5_SEN] [T5] T=24°C RH=38% ws=0.0 m/s wd=0° | avg T=24 RH=38 ws=0.0 wd=0° [win T=12 RH=20 W=12]
[2026-05-14 17:50:54.439] [13351957][I][climate_control.cpp:434] task_climate_control(): [T6_CLI] [T6] T_avg=24 t_max=28 hyst=5 → step_t=0 | RH_avg=38 rh_max=75 rh_min=50 hyst=12 rh_en=1 → step_rh=0 | resolved=0 (was cur_t=0 cur_rh=0)
[2026-05-14 17:50:58.068] [13355597][I][main.cpp:162] task_watchdog_heartbeat(): [GHC] T1 tick 26610  uptime 13355 s
[2026-05-14 17:51:03.087] [13360615][I][main.cpp:162] task_watchdog_heartbeat(): [GHC] T1 tick 26620  uptime 13360 s
[2026-05-14 17:51:08.104] [13365633][I][main.cpp:162] task_watchdog_heartbeat(): [GHC] T1 tick 26630  uptime 13365 s
[2026-05-14 17:51:13.123] [13370651][I][main.cpp:162] task_watchdog_heartbeat(): [GHC] T1 tick 26640  uptime 13370 s
[2026-05-14 17:51:18.141] [13375669][I][main.cpp:162] task_watchdog_heartbeat(): [GHC] T1 tick 26650  uptime 13375 s
[2026-05-14 17:51:23.159] [13380687][I][main.cpp:162] task_watchdog_heartbeat(): [GHC] T1 tick 26660  uptime 13380 s
[2026-05-14 17:51:24.430] [13381957][I][sensor_poll.cpp:359] task_sensor_poll(): [T5_SEN] [T5] iter 437 — woke from 30 s delay
[2026-05-14 17:51:24.438] [13381966][I][sensor_poll.cpp:395] task_sensor_poll(): [T5_SEN] [T5] iter 437 — polling FG6485A
[2026-05-14 17:51:24.469] [13381998][I][sensor_poll.cpp:432] task_sensor_poll(): [T5_SEN] [T5] iter 437 — polling S200
[2026-05-14 17:51:25.013] [13382537][I][sensor_poll.cpp:535] task_sensor_poll(): [T5_SEN] [T5] T=24°C RH=38% ws=0.0 m/s wd=0° | avg T=24 RH=38 ws=0.0 wd=0° [win T=12 RH=20 W=12]
[2026-05-14 17:51:25.033] [13382551][I][climate_control.cpp:434] task_climate_control(): [T6_CLI] [T6] T_avg=24 t_max=28 hyst=5 → step_t=0 | RH_avg=38 rh_max=75 rh_min=50 hyst=12 rh_en=1 → step_rh=0 | resolved=0 (was cur_t=0 cur_rh=0)
[2026-05-14 17:51:28.177] [13385705][I][main.cpp:162] task_watchdog_heartbeat(): [GHC] T1 tick 26670  uptime 13385 s
[2026-05-14 17:51:33.195] [13390723][I][main.cpp:162] task_watchdog_heartbeat(): [GHC] T1 tick 26680  uptime 13390 s
[2026-05-14 17:51:37.011] [13394538][I][data_manager.cpp:230] read_rtc_and_seed_clock(): [T4] RTC: 2026-05-14 17:51:32 UTC  unix=1778781092  daytime=yes
[2026-05-14 17:51:38.213] [13395741][I][main.cpp:162] task_watchdog_heartbeat(): [GHC] T1 tick 26690  uptime 13395 s
[2026-05-14 17:51:43.231] [13400759][I][main.cpp:162] task_watchdog_heartbeat(): [GHC] T1 tick 26700  uptime 13400 s
[2026-05-14 17:51:48.249] [13405777][I][main.cpp:162] task_watchdog_heartbeat(): [GHC] T1 tick 26710  uptime 13405 s
[2026-05-14 17:51:53.267] [13410795][I][main.cpp:162] task_watchdog_heartbeat(): [GHC] T1 tick 26720  uptime 13410 s
[2026-05-14 17:51:55.024] [13412551][I][sensor_poll.cpp:359] task_sensor_poll(): [T5_SEN] [T5] iter 438 — woke from 30 s delay
[2026-05-14 17:51:55.032] [13412560][I][sensor_poll.cpp:395] task_sensor_poll(): [T5_SEN] [T5] iter 438 — polling FG6485A
[2026-05-14 17:51:55.063] [13412593][I][sensor_poll.cpp:432] task_sensor_poll(): [T5_SEN] [T5] iter 438 — polling S200
[2026-05-14 17:51:55.607] [13413131][I][sensor_poll.cpp:535] task_sensor_poll(): [T5_SEN] [T5] T=24°C RH=38% ws=0.0 m/s wd=0° | avg T=24 RH=38 ws=0.0 wd=0° [win T=12 RH=20 W=12]
[2026-05-14 17:51:55.627] [13413145][I][climate_control.cpp:434] task_climate_control(): [T6_CLI] [T6] T_avg=24 t_max=28 hyst=5 → step_t=0 | RH_avg=38 rh_max=75 rh_min=50 hyst=12 rh_en=1 → step_rh=0 | resolved=0 (was cur_t=0 cur_rh=0)
[2026-05-14 17:51:58.285] [13415813][I][main.cpp:162] task_watchdog_heartbeat(): [GHC] T1 tick 26730  uptime 13415 s
[2026-05-14 17:52:03.303] [13420831][I][main.cpp:162] task_watchdog_heartbeat(): [GHC] T1 tick 26740  uptime 13420 s
[2026-05-14 17:52:08.321] [13425849][I][main.cpp:162] task_watchdog_heartbeat(): [GHC] T1 tick 26750  uptime 13425 s
[2026-05-14 17:52:13.339] [13430867][I][main.cpp:162] task_watchdog_heartbeat(): [GHC] T1 tick 26760  uptime 13430 s
[2026-05-14 17:52:18.357] [13435885][I][main.cpp:162] task_watchdog_heartbeat(): [GHC] T1 tick 26770  uptime 13435 s
[2026-05-14 17:52:23.375] [13440903][I][main.cpp:162] task_watchdog_heartbeat(): [GHC] T1 tick 26780  uptime 13440 s
[2026-05-14 17:52:25.618] [13443145][I][sensor_poll.cpp:359] task_sensor_poll(): [T5_SEN] [T5] iter 439 — woke from 30 s delay
[2026-05-14 17:52:25.626] [13443154][I][sensor_poll.cpp:395] task_sensor_poll(): [T5_SEN] [T5] iter 439 — polling FG6485A
[2026-05-14 17:52:25.972] [13443502][I][sensor_poll.cpp:432] task_sensor_poll(): [T5_SEN] [T5] iter 439 — polling S200
[2026-05-14 17:52:26.516] [13444040][I][sensor_poll.cpp:535] task_sensor_poll(): [T5_SEN] [T5] T=24°C RH=38% ws=0.0 m/s wd=0° | avg T=24 RH=38 ws=0.0 wd=0° [win T=12 RH=20 W=12]
[2026-05-14 17:52:26.536] [13444054][I][climate_control.cpp:434] task_climate_control(): [T6_CLI] [T6] T_avg=24 t_max=28 hyst=5 → step_t=0 | RH_avg=38 rh_max=75 rh_min=50 hyst=12 rh_en=1 → step_rh=0 | resolved=0 (was cur_t=0 cur_rh=0)
[2026-05-14 17:52:28.393] [13445921][I][main.cpp:162] task_watchdog_heartbeat(): [GHC] T1 tick 26790  uptime 13445 s
[2026-05-14 17:52:33.411] [13450939][I][main.cpp:162] task_watchdog_heartbeat(): [GHC] T1 tick 26800  uptime 13450 s
[2026-05-14 17:52:36.514] [13454041][I][data_manager.cpp:230] read_rtc_and_seed_clock(): [T4] RTC: 2026-05-14 17:52:32 UTC  unix=1778781152  daytime=yes
[2026-05-14 17:52:38.429] [13455957][I][main.cpp:162] task_watchdog_heartbeat(): [GHC] T1 tick 26810  uptime 13455 s
[2026-05-14 17:52:43.447] [13460975][I][main.cpp:162] task_watchdog_heartbeat(): [GHC] T1 tick 26820  uptime 13460 s
[2026-05-14 17:52:48.465] [13465993][I][main.cpp:162] task_watchdog_heartbeat(): [GHC] T1 tick 26830  uptime 13465 s
[2026-05-14 17:52:53.483] [13471011][I][main.cpp:162] task_watchdog_heartbeat(): [GHC] T1 tick 26840  uptime 13471 s
[2026-05-14 17:52:56.527] [13474054][I][sensor_poll.cpp:359] task_sensor_poll(): [T5_SEN] [T5] iter 440 — woke from 30 s delay
[2026-05-14 17:52:56.536] [13474063][I][sensor_poll.cpp:395] task_sensor_poll(): [T5_SEN] [T5] iter 440 — polling FG6485A
[2026-05-14 17:52:56.566] [13474095][I][sensor_poll.cpp:432] task_sensor_poll(): [T5_SEN] [T5] iter 440 — polling S200
[2026-05-14 17:52:57.109] [13474633][I][sensor_poll.cpp:535] task_sensor_poll(): [T5_SEN] [T5] T=24°C RH=38% ws=0.0 m/s wd=0° | avg T=24 RH=38 ws=0.0 wd=0° [win T=12 RH=20 W=12]
[2026-05-14 17:52:57.129] [13474647][I][climate_control.cpp:434] task_climate_control(): [T6_CLI] [T6] T_avg=24 t_max=28 hyst=5 → step_t=0 | RH_avg=38 rh_max=75 rh_min=50 hyst=12 rh_en=1 → step_rh=0 | resolved=0 (was cur_t=0 cur_rh=0)
[2026-05-14 17:52:58.501] [13476029][I][main.cpp:162] task_watchdog_heartbeat(): [GHC] T1 tick 26850  uptime 13476 s
[2026-05-14 17:53:03.519] [13481047][I][main.cpp:162] task_watchdog_heartbeat(): [GHC] T1 tick 26860  uptime 13481 s
[2026-05-14 17:53:08.537] [13486065][I][main.cpp:162] task_watchdog_heartbeat(): [GHC] T1 tick 26870  uptime 13486 s
[2026-05-14 17:53:13.555] [13491083][I][main.cpp:162] task_watchdog_heartbeat(): [GHC] T1 tick 26880  uptime 13491 s
[2026-05-14 17:53:18.573] [13496101][I][main.cpp:162] task_watchdog_heartbeat(): [GHC] T1 tick 26890  uptime 13496 s
[2026-05-14 17:53:23.591] [13501119][I][main.cpp:162] task_watchdog_heartbeat(): [GHC] T1 tick 26900  uptime 13501 s
[2026-05-14 17:53:27.120] [13504647][I][sensor_poll.cpp:359] task_sensor_poll(): [T5_SEN] [T5] iter 441 — woke from 30 s delay
[2026-05-14 17:53:27.129] [13504656][I][sensor_poll.cpp:395] task_sensor_poll(): [T5_SEN] [T5] iter 441 — polling FG6485A
[2026-05-14 17:53:27.159] [13504688][I][sensor_poll.cpp:432] task_sensor_poll(): [T5_SEN] [T5] iter 441 — polling S200
[2026-05-14 17:53:27.703] [13505227][I][sensor_poll.cpp:535] task_sensor_poll(): [T5_SEN] [T5] T=24°C RH=38% ws=0.0 m/s wd=0° | avg T=24 RH=38 ws=0.0 wd=0° [win T=12 RH=20 W=12]
[2026-05-14 17:53:27.723] [13505241][I][climate_control.cpp:434] task_climate_control(): [T6_CLI] [T6] T_avg=24 t_max=28 hyst=5 → step_t=0 | RH_avg=38 rh_max=75 rh_min=50 hyst=12 rh_en=1 → step_rh=0 | resolved=0 (was cur_t=0 cur_rh=0)
[2026-05-14 17:53:28.609] [13506137][I][main.cpp:162] task_watchdog_heartbeat(): [GHC] T1 tick 26910  uptime 13506 s
[2026-05-14 17:53:33.627] [13511155][I][main.cpp:162] task_watchdog_heartbeat(): [GHC] T1 tick 26920  uptime 13511 s
[2026-05-14 17:53:35.701] [13513228][I][data_manager.cpp:230] read_rtc_and_seed_clock(): [T4] RTC: 2026-05-14 17:53:31 UTC  unix=1778781211  daytime=yes
[2026-05-14 17:53:38.645] [13516173][I][main.cpp:162] task_watchdog_heartbeat(): [GHC] T1 tick 26930  uptime 13516 s
[2026-05-14 17:53:43.663] [13521191][I][main.cpp:162] task_watchdog_heartbeat(): [GHC] T1 tick 26940  uptime 13521 s
[2026-05-14 17:53:48.681] [13526209][I][main.cpp:162] task_watchdog_heartbeat(): [GHC] T1 tick 26950  uptime 13526 s
[2026-05-14 17:53:53.699] [13531227][I][main.cpp:162] task_watchdog_heartbeat(): [GHC] T1 tick 26960  uptime 13531 s
[2026-05-14 17:53:57.714] [13535241][I][sensor_poll.cpp:359] task_sensor_poll(): [T5_SEN] [T5] iter 442 — woke from 30 s delay
[2026-05-14 17:53:57.723] [13535250][I][sensor_poll.cpp:395] task_sensor_poll(): [T5_SEN] [T5] iter 442 — polling FG6485A
[2026-05-14 17:53:57.754] [13535283][I][sensor_poll.cpp:432] task_sensor_poll(): [T5_SEN] [T5] iter 442 — polling S200
[2026-05-14 17:53:58.298] [13535821][I][sensor_poll.cpp:535] task_sensor_poll(): [T5_SEN] [T5] T=24°C RH=38% ws=0.0 m/s wd=0° | avg T=24 RH=38 ws=0.0 wd=0° [win T=12 RH=20 W=12]
[2026-05-14 17:53:58.318] [13535835][I][climate_control.cpp:434] task_climate_control(): [T6_CLI] [T6] T_avg=24 t_max=28 hyst=5 → step_t=0 | RH_avg=38 rh_max=75 rh_min=50 hyst=12 rh_en=1 → step_rh=0 | resolved=0 (was cur_t=0 cur_rh=0)
[2026-05-14 17:53:58.717] [13536245][I][main.cpp:162] task_watchdog_heartbeat(): [GHC] T1 tick 26970  uptime 13536 s
[2026-05-14 17:54:03.736] [13541263][I][main.cpp:162] task_watchdog_heartbeat(): [GHC] T1 tick 26980  uptime 13541 s
[2026-05-14 17:54:08.754] [13546281][I][main.cpp:162] task_watchdog_heartbeat(): [GHC] T1 tick 26990  uptime 13546 s
[2026-05-14 17:54:13.772] [13551299][I][main.cpp:162] task_watchdog_heartbeat(): [GHC] T1 tick 27000  uptime 13551 s
[2026-05-14 17:54:18.789] [13556317][I][main.cpp:162] task_watchdog_heartbeat(): [GHC] T1 tick 27010  uptime 13556 s
[2026-05-14 17:54:23.807] [13561335][I][main.cpp:162] task_watchdog_heartbeat(): [GHC] T1 tick 27020  uptime 13561 s
[2026-05-14 17:54:28.309] [13565835][I][sensor_poll.cpp:359] task_sensor_poll(): [T5_SEN] [T5] iter 443 — woke from 30 s delay
[2026-05-14 17:54:28.317] [13565844][I][sensor_poll.cpp:395] task_sensor_poll(): [T5_SEN] [T5] iter 443 — polling FG6485A
[2026-05-14 17:54:28.348] [13565877][I][sensor_poll.cpp:432] task_sensor_poll(): [T5_SEN] [T5] iter 443 — polling S200
[2026-05-14 17:54:28.826] [13566353][I][main.cpp:162] task_watchdog_heartbeat(): [GHC] T1 tick 27030  uptime 13566 s
[2026-05-14 17:54:28.892] [13566415][I][sensor_poll.cpp:535] task_sensor_poll(): [T5_SEN] [T5] T=24°C RH=38% ws=0.0 m/s wd=0° | avg T=24 RH=38 ws=0.0 wd=0° [win T=12 RH=20 W=12]
[2026-05-14 17:54:28.912] [13566429][I][climate_control.cpp:434] task_climate_control(): [T6_CLI] [T6] T_avg=24 t_max=28 hyst=5 → step_t=0 | RH_avg=38 rh_max=75 rh_min=50 hyst=12 rh_en=1 → step_rh=0 | resolved=0 (was cur_t=0 cur_rh=0)
[2026-05-14 17:54:33.844] [13571371][I][main.cpp:162] task_watchdog_heartbeat(): [GHC] T1 tick 27040  uptime 13571 s
[2026-05-14 17:54:34.890] [13572416][I][data_manager.cpp:230] read_rtc_and_seed_clock(): [T4] RTC: 2026-05-14 17:54:30 UTC  unix=1778781270  daytime=yes
[2026-05-14 17:54:38.862] [13576389][I][main.cpp:162] task_watchdog_heartbeat(): [GHC] T1 tick 27050  uptime 13576 s
[2026-05-14 17:54:43.880] [13581407][I][main.cpp:162] task_watchdog_heartbeat(): [GHC] T1 tick 27060  uptime 13581 s
[2026-05-14 17:54:48.898] [13586425][I][main.cpp:162] task_watchdog_heartbeat(): [GHC] T1 tick 27070  uptime 13586 s
[2026-05-14 17:54:53.916] [13591443][I][main.cpp:162] task_watchdog_heartbeat(): [GHC] T1 tick 27080  uptime 13591 s
[2026-05-14 17:54:58.903] [13596429][I][sensor_poll.cpp:359] task_sensor_poll(): [T5_SEN] [T5] iter 444 — woke from 30 s delay
[2026-05-14 17:54:58.911] [13596438][I][sensor_poll.cpp:395] task_sensor_poll(): [T5_SEN] [T5] iter 444 — polling FG6485A
[2026-05-14 17:54:58.934] [13596461][I][main.cpp:162] task_watchdog_heartbeat(): [GHC] T1 tick 27090  uptime 13596 s
[2026-05-14 17:54:58.943] [13596472][I][sensor_poll.cpp:432] task_sensor_poll(): [T5_SEN] [T5] iter 444 — polling S200
[2026-05-14 17:54:59.487] [13597010][I][sensor_poll.cpp:535] task_sensor_poll(): [T5_SEN] [T5] T=24°C RH=38% ws=0.0 m/s wd=0° | avg T=24 RH=38 ws=0.0 wd=0° [win T=12 RH=20 W=12]
[2026-05-14 17:54:59.507] [13597024][I][climate_control.cpp:434] task_climate_control(): [T6_CLI] [T6] T_avg=24 t_max=28 hyst=5 → step_t=0 | RH_avg=38 rh_max=75 rh_min=50 hyst=12 rh_en=1 → step_rh=0 | resolved=0 (was cur_t=0 cur_rh=0)
[2026-05-14 17:55:03.952] [13601479][I][main.cpp:162] task_watchdog_heartbeat(): [GHC] T1 tick 27100  uptime 13601 s
[2026-05-14 17:55:08.970] [13606497][I][main.cpp:162] task_watchdog_heartbeat(): [GHC] T1 tick 27110  uptime 13606 s
[2026-05-14 17:55:13.988] [13611515][I][main.cpp:162] task_watchdog_heartbeat(): [GHC] T1 tick 27120  uptime 13611 s
[2026-05-14 17:55:19.006] [13616533][I][main.cpp:162] task_watchdog_heartbeat(): [GHC] T1 tick 27130  uptime 13616 s
[2026-05-14 17:55:24.024] [13621551][I][main.cpp:162] task_watchdog_heartbeat(): [GHC] T1 tick 27140  uptime 13621 s
[2026-05-14 17:55:29.042] [13626569][I][main.cpp:162] task_watchdog_heartbeat(): [GHC] T1 tick 27150  uptime 13626 s
[2026-05-14 17:55:29.498] [13627024][I][sensor_poll.cpp:359] task_sensor_poll(): [T5_SEN] [T5] iter 445 — woke from 30 s delay
[2026-05-14 17:55:29.506] [13627033][I][sensor_poll.cpp:395] task_sensor_poll(): [T5_SEN] [T5] iter 445 — polling FG6485A
[2026-05-14 17:55:29.537] [13627065][I][sensor_poll.cpp:432] task_sensor_poll(): [T5_SEN] [T5] iter 445 — polling S200
[2026-05-14 17:55:30.081] [13627604][I][sensor_poll.cpp:535] task_sensor_poll(): [T5_SEN] [T5] T=24°C RH=38% ws=0.0 m/s wd=0° | avg T=24 RH=38 ws=0.0 wd=0° [win T=12 RH=20 W=12]
[2026-05-14 17:55:30.101] [13627618][I][climate_control.cpp:434] task_climate_control(): [T6_CLI] [T6] T_avg=24 t_max=28 hyst=5 → step_t=0 | RH_avg=38 rh_max=75 rh_min=50 hyst=12 rh_en=1 → step_rh=0 | resolved=0 (was cur_t=0 cur_rh=0)
[2026-05-14 17:55:34.060] [13631587][I][main.cpp:162] task_watchdog_heartbeat(): [GHC] T1 tick 27160  uptime 13631 s
[2026-05-14 17:55:34.079] [13631605][I][data_manager.cpp:230] read_rtc_and_seed_clock(): [T4] RTC: 2026-05-14 17:55:30 UTC  unix=1778781330  daytime=yes
[2026-05-14 17:55:39.078] [13636605][I][main.cpp:162] task_watchdog_heartbeat(): [GHC] T1 tick 27170  uptime 13636 s
[2026-05-14 17:55:44.096] [13641623][I][main.cpp:162] task_watchdog_heartbeat(): [GHC] T1 tick 27180  uptime 13641 s
[2026-05-14 17:55:49.114] [13646641][I][main.cpp:162] task_watchdog_heartbeat(): [GHC] T1 tick 27190  uptime 13646 s
[2026-05-14 17:55:54.132] [13651659][I][main.cpp:162] task_watchdog_heartbeat(): [GHC] T1 tick 27200  uptime 13651 s
[2026-05-14 17:55:59.150] [13656677][I][main.cpp:162] task_watchdog_heartbeat(): [GHC] T1 tick 27210  uptime 13656 s
[2026-05-14 17:56:00.092] [13657618][I][sensor_poll.cpp:359] task_sensor_poll(): [T5_SEN] [T5] iter 446 — woke from 30 s delay
[2026-05-14 17:56:00.101] [13657627][I][sensor_poll.cpp:395] task_sensor_poll(): [T5_SEN] [T5] iter 446 — polling FG6485A
[2026-05-14 17:56:00.131] [13657660][I][sensor_poll.cpp:432] task_sensor_poll(): [T5_SEN] [T5] iter 446 — polling S200
[2026-05-14 17:56:00.675] [13658198][I][sensor_poll.cpp:535] task_sensor_poll(): [T5_SEN] [T5] T=24°C RH=38% ws=0.0 m/s wd=0° | avg T=24 RH=38 ws=0.0 wd=0° [win T=12 RH=20 W=12]
[2026-05-14 17:56:00.695] [13658212][I][climate_control.cpp:434] task_climate_control(): [T6_CLI] [T6] T_avg=24 t_max=28 hyst=5 → step_t=0 | RH_avg=38 rh_max=75 rh_min=50 hyst=12 rh_en=1 → step_rh=0 | resolved=0 (was cur_t=0 cur_rh=0)
[2026-05-14 17:56:04.168] [13661695][I][main.cpp:162] task_watchdog_heartbeat(): [GHC] T1 tick 27220  uptime 13661 s
[2026-05-14 17:56:09.186] [13666713][I][main.cpp:162] task_watchdog_heartbeat(): [GHC] T1 tick 27230  uptime 13666 s
[2026-05-14 17:56:14.204] [13671731][I][main.cpp:162] task_watchdog_heartbeat(): [GHC] T1 tick 27240  uptime 13671 s
[2026-05-14 17:56:19.222] [13676749][I][main.cpp:162] task_watchdog_heartbeat(): [GHC] T1 tick 27250  uptime 13676 s
[2026-05-14 17:56:24.240] [13681767][I][main.cpp:162] task_watchdog_heartbeat(): [GHC] T1 tick 27260  uptime 13681 s
[2026-05-14 17:56:29.258] [13686785][I][main.cpp:162] task_watchdog_heartbeat(): [GHC] T1 tick 27270  uptime 13686 s
[2026-05-14 17:56:30.686] [13688212][I][sensor_poll.cpp:359] task_sensor_poll(): [T5_SEN] [T5] iter 447 — woke from 30 s delay
[2026-05-14 17:56:30.695] [13688221][I][sensor_poll.cpp:395] task_sensor_poll(): [T5_SEN] [T5] iter 447 — polling FG6485A
[2026-05-14 17:56:30.726] [13688254][I][sensor_poll.cpp:432] task_sensor_poll(): [T5_SEN] [T5] iter 447 — polling S200
[2026-05-14 17:56:31.269] [13688792][I][sensor_poll.cpp:535] task_sensor_poll(): [T5_SEN] [T5] T=24°C RH=38% ws=0.0 m/s wd=0° | avg T=24 RH=38 ws=0.0 wd=0° [win T=12 RH=20 W=12]
[2026-05-14 17:56:31.289] [13688806][I][climate_control.cpp:434] task_climate_control(): [T6_CLI] [T6] T_avg=24 t_max=28 hyst=5 → step_t=0 | RH_avg=38 rh_max=75 rh_min=50 hyst=12 rh_en=1 → step_rh=0 | resolved=0 (was cur_t=0 cur_rh=0)
[2026-05-14 17:56:33.267] [13690793][I][data_manager.cpp:230] read_rtc_and_seed_clock(): [T4] RTC: 2026-05-14 17:56:29 UTC  unix=1778781389  daytime=yes
[2026-05-14 17:56:34.276] [13691803][I][main.cpp:162] task_watchdog_heartbeat(): [GHC] T1 tick 27280  uptime 13691 s
[2026-05-14 17:56:39.294] [13696821][I][main.cpp:162] task_watchdog_heartbeat(): [GHC] T1 tick 27290  uptime 13696 s
[2026-05-14 17:56:44.312] [13701839][I][main.cpp:162] task_watchdog_heartbeat(): [GHC] T1 tick 27300  uptime 13701 s
[2026-05-14 17:56:49.330] [13706857][I][main.cpp:162] task_watchdog_heartbeat(): [GHC] T1 tick 27310  uptime 13706 s
[2026-05-14 17:56:54.349] [13711875][I][main.cpp:162] task_watchdog_heartbeat(): [GHC] T1 tick 27320  uptime 13711 s
[2026-05-14 17:56:59.366] [13716893][I][main.cpp:162] task_watchdog_heartbeat(): [GHC] T1 tick 27330  uptime 13716 s
[2026-05-14 17:57:01.280] [13718806][I][sensor_poll.cpp:359] task_sensor_poll(): [T5_SEN] [T5] iter 448 — woke from 30 s delay
[2026-05-14 17:57:01.289] [13718815][I][sensor_poll.cpp:395] task_sensor_poll(): [T5_SEN] [T5] iter 448 — polling FG6485A
[2026-05-14 17:57:01.319] [13718847][I][sensor_poll.cpp:432] task_sensor_poll(): [T5_SEN] [T5] iter 448 — polling S200
[2026-05-14 17:57:01.862] [13719385][I][sensor_poll.cpp:535] task_sensor_poll(): [T5_SEN] [T5] T=24°C RH=38% ws=0.0 m/s wd=0° | avg T=24 RH=38 ws=0.0 wd=0° [win T=12 RH=20 W=12]
[2026-05-14 17:57:01.883] [13719399][I][climate_control.cpp:434] task_climate_control(): [T6_CLI] [T6] T_avg=24 t_max=28 hyst=5 → step_t=0 | RH_avg=38 rh_max=75 rh_min=50 hyst=12 rh_en=1 → step_rh=0 | resolved=0 (was cur_t=0 cur_rh=0)
[2026-05-14 17:57:04.384] [13721911][I][main.cpp:162] task_watchdog_heartbeat(): [GHC] T1 tick 27340  uptime 13721 s
[2026-05-14 17:57:09.403] [13726929][I][main.cpp:162] task_watchdog_heartbeat(): [GHC] T1 tick 27350  uptime 13726 s
[2026-05-14 17:57:14.421] [13731947][I][main.cpp:162] task_watchdog_heartbeat(): [GHC] T1 tick 27360  uptime 13731 s
[2026-05-14 17:57:19.439] [13736965][I][main.cpp:162] task_watchdog_heartbeat(): [GHC] T1 tick 27370  uptime 13736 s
[2026-05-14 17:57:24.457] [13741983][I][main.cpp:162] task_watchdog_heartbeat(): [GHC] T1 tick 27380  uptime 13741 s
[2026-05-14 17:57:29.475] [13747001][I][main.cpp:162] task_watchdog_heartbeat(): [GHC] T1 tick 27390  uptime 13747 s
[2026-05-14 17:57:31.873] [13749399][I][sensor_poll.cpp:359] task_sensor_poll(): [T5_SEN] [T5] iter 449 — woke from 30 s delay
[2026-05-14 17:57:31.882] [13749408][I][sensor_poll.cpp:395] task_sensor_poll(): [T5_SEN] [T5] iter 449 — polling FG6485A
[2026-05-14 17:57:31.912] [13749440][I][sensor_poll.cpp:432] task_sensor_poll(): [T5_SEN] [T5] iter 449 — polling S200
[2026-05-14 17:57:32.459] [13749979][I][sensor_poll.cpp:535] task_sensor_poll(): [T5_SEN] [T5] T=24°C RH=38% ws=0.0 m/s wd=0° | avg T=24 RH=38 ws=0.0 wd=0° [win[13749980][I T=12 RH=20][data_manag W=12]
[2026-05-14 17:57:32.468] er.cpp:230] read_rtc_and_seed_clock(): [T4] RTC: 2026-05-14 17:57:28 UTC  unix=1778781448  daytime=yes
[2026-05-14 17:57:32.488] [13750004][I][climate_control.cpp:434] task_climate_control(): [T6_CLI] [T6] T_avg=24 t_max=28 hyst=5 → step_t=0 | RH_avg=38 rh_max=75 rh_min=50 hyst=12 rh_en=1 → step_rh=0 | resolved=0 (was cur_t=0 cur_rh=0)
[2026-05-14 17:57:34.493] [13752019][I][main.cpp:162] task_watchdog_heartbeat(): [GHC] T1 tick 27400  uptime 13752 s
[2026-05-14 17:57:39.511] [13757037][I][main.cpp:162] task_watchdog_heartbeat(): [GHC] T1 tick 27410  uptime 13757 s
[2026-05-14 17:57:44.529] [13762055][I][main.cpp:162] task_watchdog_heartbeat(): [GHC] T1 tick 27420  uptime 13762 s
[2026-05-14 17:57:49.547] [13767073][I][main.cpp:162] task_watchdog_heartbeat(): [GHC] T1 tick 27430  uptime 13767 s
[2026-05-14 17:57:54.565] [13772091][I][main.cpp:162] task_watchdog_heartbeat(): [GHC] T1 tick 27440  uptime 13772 s
[2026-05-14 17:57:59.583] [13777109][I][main.cpp:162] task_watchdog_heartbeat(): [GHC] T1 tick 27450  uptime 13777 s
[2026-05-14 17:58:02.479] [13780004][I][sensor_poll.cpp:359] task_sensor_poll(): [T5_SEN] [T5] iter 450 — woke from 30 s delay
[2026-05-14 17:58:02.487] [13780013][I][sensor_poll.cpp:395] task_sensor_poll(): [T5_SEN] [T5] iter 450 — polling FG6485A
[2026-05-14 17:58:02.518] [13780046][I][sensor_poll.cpp:432] task_sensor_poll(): [T5_SEN] [T5] iter 450 — polling S200
[2026-05-14 17:58:03.062] [13780584][I][sensor_poll.cpp:535] task_sensor_poll(): [T5_SEN] [T5] T=24°C RH=38% ws=0.0 m/s wd=0° | avg T=24 RH=38 ws=0.0 wd=0° [win T=12 RH=20 W=12]
[2026-05-14 17:58:03.082] [13780598][I][climate_control.cpp:434] task_climate_control(): [T6_CLI] [T6] T_avg=24 t_max=28 hyst=5 → step_t=0 | RH_avg=38 rh_max=75 rh_min=50 hyst=12 rh_en=1 → step_rh=0 | resolved=0 (was cur_t=0 cur_rh=0)
[2026-05-14 17:58:04.600] [13782126][I][main.cpp:162] task_watchdog_heartbeat(): [GHC] T1 tick 27460  uptime 13782 s
[2026-05-14 17:58:09.618] [13787144][I][main.cpp:162] task_watchdog_heartbeat(): [GHC] T1 tick 27470  uptime 13787 s
[2026-05-14 17:58:14.636] [13792162][I][main.cpp:162] task_watchdog_heartbeat(): [GHC] T1 tick 27480  uptime 13792 s
[2026-05-14 17:58:19.654] [13797180][I][main.cpp:162] task_watchdog_heartbeat(): [GHC] T1 tick 27490  uptime 13797 s
[2026-05-14 17:58:24.672] [13802198][I][main.cpp:162] task_watchdog_heartbeat(): [GHC] T1 tick 27500  uptime 13802 s
[2026-05-14 17:58:29.690] [13807216][I][main.cpp:162] task_watchdog_heartbeat(): [GHC] T1 tick 27510  uptime 13807 s
[2026-05-14 17:58:32.060] [13809585][I][data_manager.cpp:230] read_rtc_and_seed_clock(): [T4] RTC: 2026-05-14 17:58:27 UTC  unix=1778781507  daytime=yes
[2026-05-14 17:58:33.073] [13810598][I][sensor_poll.cpp:359] task_sensor_poll(): [T5_SEN] [T5] iter 451 — woke from 30 s delay
[2026-05-14 17:58:33.082] [13810607][I][sensor_poll.cpp:395] task_sensor_poll(): [T5_SEN] [T5] iter 451 — polling FG6485A
[2026-05-14 17:58:33.112] [13810640][I][sensor_poll.cpp:432] task_sensor_poll(): [T5_SEN] [T5] iter 451 — polling S200
[2026-05-14 17:58:33.656] [13811178][I][sensor_poll.cpp:535] task_sensor_poll(): [T5_SEN] [T5] T=24°C RH=38% ws=0.0 m/s wd=0° | avg T=24 RH=38 ws=0.0 wd=0° [win T=12 RH=20 W=12]
[2026-05-14 17:58:33.676] [13811192][I][climate_control.cpp:434] task_climate_control(): [T6_CLI] [T6] T_avg=24 t_max=28 hyst=5 → step_t=0 | RH_avg=38 rh_max=75 rh_min=50 hyst=12 rh_en=1 → step_rh=0 | resolved=0 (was cur_t=0 cur_rh=0)
[2026-05-14 17:58:34.708] [13812234][I][main.cpp:162] task_watchdog_heartbeat(): [GHC] T1 tick 27520  uptime 13812 s
[2026-05-14 17:58:39.726] [13817252][I][main.cpp:162] task_watchdog_heartbeat(): [GHC] T1 tick 27530  uptime 13817 s
[2026-05-14 17:58:44.744] [13822270][I][main.cpp:162] task_watchdog_heartbeat(): [GHC] T1 tick 27540  uptime 13822 s
[2026-05-14 17:58:49.762] [13827288][I][main.cpp:162] task_watchdog_heartbeat(): [GHC] T1 tick 27550  uptime 13827 s
[2026-05-14 17:58:54.780] [13832306][I][main.cpp:162] task_watchdog_heartbeat(): [GHC] T1 tick 27560  uptime 13832 s
[2026-05-14 17:58:59.798] [13837324][I][main.cpp:162] task_watchdog_heartbeat(): [GHC] T1 tick 27570  uptime 13837 s
[2026-05-14 17:59:03.667] [13841192][I][sensor_poll.cpp:359] task_sensor_poll(): [T5_SEN] [T5] iter 452 — woke from 30 s delay
[2026-05-14 17:59:03.676] [13841201][I][sensor_poll.cpp:395] task_sensor_poll(): [T5_SEN] [T5] iter 452 — polling FG6485A
[2026-05-14 17:59:03.706] [13841233][I][sensor_poll.cpp:432] task_sensor_poll(): [T5_SEN] [T5] iter 452 — polling S200
[2026-05-14 17:59:04.250] [13841772][I][sensor_poll.cpp:535] task_sensor_poll(): [T5_SEN] [T5] T=24°C RH=38% ws=0.0 m/s wd=0° | avg T=24 RH=38 ws=0.0 wd=0° [win T=12 RH=20 W=12]
[2026-05-14 17:59:04.270] [13841786][I][climate_control.cpp:434] task_climate_control(): [T6_CLI] [T6] T_avg=24 t_max=28 hyst=5 → step_t=0 | RH_avg=38 rh_max=75 rh_min=50 hyst=12 rh_en=1 → step_rh=0 | resolved=0 (was cur_t=0 cur_rh=0)
[2026-05-14 17:59:04.816] [13842342][I][main.cpp:162] task_watchdog_heartbeat(): [GHC] T1 tick 27580  uptime 13842 s
[2026-05-14 17:59:09.834] [13847360][I][main.cpp:162] task_watchdog_heartbeat(): [GHC] T1 tick 27590  uptime 13847 s
[2026-05-14 17:59:14.851] [13852378][I][main.cpp:162] task_watchdog_heartbeat(): [GHC] T1 tick 27600  uptime 13852 s
[2026-05-14 17:59:14.860] [13852386][I][main.cpp:247] task_watchdog_heartbeat(): [GHC] stack T1  hwm=2012 B
[2026-05-14 17:59:14.868] [13852394][I][main.cpp:247] task_watchdog_heartbeat(): [GHC] stack T2  hwm=6380 B
[2026-05-14 17:59:14.874] [13852401][I][main.cpp:247] task_watchdog_heartbeat(): [GHC] stack T3  hwm=1980 B
[2026-05-14 17:59:14.882] [13852409][I][main.cpp:247] task_watchdog_heartbeat(): [GHC] stack T4  hwm=3948 B
[2026-05-14 17:59:14.888] [13852416][I][main.cpp:247] task_watchdog_heartbeat(): [GHC] stack T5  hwm=4124 B
[2026-05-14 17:59:14.897] [13852424][I][main.cpp:247] task_watchdog_heartbeat(): [GHC] stack T6  hwm=1596 B
[2026-05-14 17:59:14.905] [13852431][I][main.cpp:247] task_watchdog_heartbeat(): [GHC] stack T7  hwm=2464 B
[2026-05-14 17:59:14.911] [13852438][I][main.cpp:247] task_watchdog_heartbeat(): [GHC] stack T8  hwm=5740 B
[2026-05-14 17:59:14.920] [13852446][I][main.cpp:247] task_watchdog_heartbeat(): [GHC] stack T9  hwm=2524 B
[2026-05-14 17:59:14.926] [13852453][I][main.cpp:247] task_watchdog_heartbeat(): [GHC] stack T10 hwm=5632 B
[2026-05-14 17:59:14.934] [13852461][I][main.cpp:247] task_watchdog_heartbeat(): [GHC] stack T11 hwm=5536 B
[2026-05-14 17:59:14.940] [13852469][I][main.cpp:247] task_watchdog_heartbeat(): [GHC] stack T12 hwm=7416 B
[2026-05-14 17:59:14.949] [13852476][I][main.cpp:247] task_watchdog_heartbeat(): [GHC] stack T14 hwm=6592 B
[2026-05-14 17:59:14.957] [13852483][I][main.cpp:247] task_watchdog_heartbeat(): [GHC] stack T15 hwm=2376 B
[2026-05-14 17:59:19.974] [13857500][I][main.cpp:162] task_watchdog_heartbeat(): [GHC] T1 tick 27610  uptime 13857 s
[2026-05-14 17:59:24.992] [13862518][I][main.cpp:162] task_watchdog_heartbeat(): [GHC] T1 tick 27620  uptime 13862 s
[2026-05-14 17:59:30.011] [13867536][I][main.cpp:162] task_watchdog_heartbeat(): [GHC] T1 tick 27630  uptime 13867 s
[2026-05-14 17:59:31.248] [13868773][I][data_manager.cpp:230] read_rtc_and_seed_clock(): [T4] RTC: 2026-05-14 17:59:27 UTC  unix=1778781567  daytime=yes
[2026-05-14 17:59:34.261] [13871786][I][sensor_poll.cpp:359] task_sensor_poll(): [T5_SEN] [T5] iter 453 — woke from 30 s delay
[2026-05-14 17:59:34.270] [13871795][I][sensor_poll.cpp:395] task_sensor_poll(): [T5_SEN] [T5] iter 453 — polling FG6485A
[2026-05-14 17:59:34.300] [13871827][I][sensor_poll.cpp:432] task_sensor_poll(): [T5_SEN] [T5] iter 453 — polling S200
[2026-05-14 17:59:34.845] [13872366][I][sensor_poll.cpp:535] task_sensor_poll(): [T5_SEN] [T5] T=24°C RH=38% ws=0.0 m/s wd=0° | avg T=24 RH=38 ws=0.0 wd=0° [win T=12 RH=20 W=12]
[2026-05-14 17:59:34.865] [13872380][I][climate_control.cpp:434] task_climate_control(): [T6_CLI] [T6] T_avg=24 t_max=28 hyst=5 → step_t=0 | RH_avg=38 rh_max=75 rh_min=50 hyst=12 rh_en=1 → step_rh=0 | resolved=0 (was cur_t=0 cur_rh=0)
[2026-05-14 17:59:35.029] [13872554][I][main.cpp:162] task_watchdog_heartbeat(): [GHC] T1 tick 27640  uptime 13872 s
[2026-05-14 17:59:40.047] [13877572][I][main.cpp:162] task_watchdog_heartbeat(): [GHC] T1 tick 27650  uptime 13877 s
[2026-05-14 17:59:45.065] [13882590][I][main.cpp:162] task_watchdog_heartbeat(): [GHC] T1 tick 27660  uptime 13882 s
[2026-05-14 17:59:50.083] [13887608][I][main.cpp:162] task_watchdog_heartbeat(): [GHC] T1 tick 27670  uptime 13887 s
[2026-05-14 17:59:55.101] [13892626][I][main.cpp:162] task_watchdog_heartbeat(): [GHC] T1 tick 27680  uptime 13892 s
[2026-05-14 18:00:00.119] [13897644][I][main.cpp:162] task_watchdog_heartbeat(): [GHC] T1 tick 27690  uptime 13897 s
[2026-05-14 18:00:04.855] [13902380][I][sensor_poll.cpp:359] task_sensor_poll(): [T5_SEN] [T5] iter 454 — woke from 30 s delay
[2026-05-14 18:00:04.864] [13902389][I][sensor_poll.cpp:395] task_sensor_poll(): [T5_SEN] [T5] iter 454 — polling FG6485A
[2026-05-14 18:00:04.894] [13902421][I][sensor_poll.cpp:432] task_sensor_poll(): [T5_SEN] [T5] iter 454 — polling S200
[2026-05-14 18:00:05.137] [13902662][I][main.cpp:162] task_watchdog_heartbeat(): [GHC] T1 tick 27700  uptime 13902 s
[2026-05-14 18:00:05.438] [13902960][I][sensor_poll.cpp:535] task_sensor_poll(): [T5_SEN] [T5] T=24°C RH=38% ws=0.0 m/s wd=0° | avg T=24 RH=38 ws=0.0 wd=0° [win T=12 RH=20 W=12]
[2026-05-14 18:00:05.459] [13902974][I][climate_control.cpp:434] task_climate_control(): [T6_CLI] [T6] T_avg=24 t_max=28 hyst=5 → step_t=0 | RH_avg=38 rh_max=75 rh_min=50 hyst=12 rh_en=1 → step_rh=0 | resolved=0 (was cur_t=0 cur_rh=0)
[2026-05-14 18:00:10.154] [13907679][I][main.cpp:162] task_watchdog_heartbeat(): [GHC] T1 tick 27710  uptime 13907 s
[2026-05-14 18:00:15.172] [13912697][I][main.cpp:162] task_watchdog_heartbeat(): [GHC] T1 tick 27720  uptime 13912 s
[2026-05-14 18:00:20.190] [13917715][I][main.cpp:162] task_watchdog_heartbeat(): [GHC] T1 tick 27730  uptime 13917 s
[2026-05-14 18:00:25.208] [13922733][I][main.cpp:162] task_watchdog_heartbeat(): [GHC] T1 tick 27740  uptime 13922 s
[2026-05-14 18:00:30.226] [13927751][I][main.cpp:162] task_watchdog_heartbeat(): [GHC] T1 tick 27750  uptime 13927 s
[2026-05-14 18:00:30.437] [13927961][I][data_manager.cpp:230] read_rtc_and_seed_clock(): [T4] RTC: 2026-05-14 18:00:26 UTC  unix=1778781626  daytime=yes
[2026-05-14 18:00:35.244] [13932769][I][main.cpp:162] task_watchdog_heartbeat(): [GHC] T1 tick 27760  uptime 13932 s
[2026-05-14 18:00:35.450] [13932974][I][sensor_poll.cpp:359] task_sensor_poll(): [T5_SEN] [T5] iter 455 — woke from 30 s delay
[2026-05-14 18:00:35.458] [13932983][I][sensor_poll.cpp:395] task_sensor_poll(): [T5_SEN] [T5] iter 455 — polling FG6485A
[2026-05-14 18:00:35.489] [13933016][I][sensor_poll.cpp:432] task_sensor_poll(): [T5_SEN] [T5] iter 455 — polling S200
[2026-05-14 18:00:36.033] [13933554][I][sensor_poll.cpp:535] task_sensor_poll(): [T5_SEN] [T5] T=24°C RH=38% ws=0.0 m/s wd=0° | avg T=24 RH=38 ws=0.0 wd=0° [win T=12 RH=20 W=12]
[2026-05-14 18:00:36.053] [13933568][I][climate_control.cpp:434] task_climate_control(): [T6_CLI] [T6] T_avg=24 t_max=28 hyst=5 → step_t=0 | RH_avg=38 rh_max=75 rh_min=50 hyst=12 rh_en=1 → step_rh=0 | resolved=0 (was cur_t=0 cur_rh=0)
[2026-05-14 18:00:40.262] [13937787][I][main.cpp:162] task_watchdog_heartbeat(): [GHC] T1 tick 27770  uptime 13937 s
[2026-05-14 18:00:45.280] [13942805][I][main.cpp:162] task_watchdog_heartbeat(): [GHC] T1 tick 27780  uptime 13942 s
[2026-05-14 18:00:50.298] [13947823][I][main.cpp:162] task_watchdog_heartbeat(): [GHC] T1 tick 27790  uptime 13947 s
[2026-05-14 18:00:55.316] [13952841][I][main.cpp:162] task_watchdog_heartbeat(): [GHC] T1 tick 27800  uptime 13952 s
[2026-05-14 18:01:00.334] [13957859][I][main.cpp:162] task_watchdog_heartbeat(): [GHC] T1 tick 27810  uptime 13957 s
[2026-05-14 18:01:05.352] [13962877][I][main.cpp:162] task_watchdog_heartbeat(): [GHC] T1 tick 27820  uptime 13962 s
[2026-05-14 18:01:06.044] [13963568][I][sensor_poll.cpp:359] task_sensor_poll(): [T5_SEN] [T5] iter 456 — woke from 30 s delay
[2026-05-14 18:01:06.053] [13963577][I][sensor_poll.cpp:395] task_sensor_poll(): [T5_SEN] [T5] iter 456 — polling FG6485A
[2026-05-14 18:01:06.083] [13963609][I][sensor_poll.cpp:432] task_sensor_poll(): [T5_SEN] [T5] iter 456 — polling S200
[2026-05-14 18:01:06.626] [13964147][I][sensor_poll.cpp:535] task_sensor_poll(): [T5_SEN] [T5] T=24°C RH=38% ws=0.0 m/s wd=0° | avg T=24 RH=38 ws=0.0 wd=0° [win T=12 RH=20 W=12]
[2026-05-14 18:01:06.646] [13964161][I][climate_control.cpp:434] task_climate_control(): [T6_CLI] [T6] T_avg=24 t_max=28 hyst=5 → step_t=0 | RH_avg=38 rh_max=75 rh_min=50 hyst=12 rh_en=1 → step_rh=0 | resolved=0 (was cur_t=0 cur_rh=0)
[2026-05-14 18:01:10.370] [13967895][I][main.cpp:162] task_watchdog_heartbeat(): [GHC] T1 tick 27830  uptime 13967 s
[2026-05-14 18:01:15.388] [13972913][I][main.cpp:162] task_watchdog_heartbeat(): [GHC] T1 tick 27840  uptime 13972 s
[2026-05-14 18:01:20.406] [13977931][I][main.cpp:162] task_watchdog_heartbeat(): [GHC] T1 tick 27850  uptime 13977 s
[2026-05-14 18:01:25.424] [13982949][I][main.cpp:162] task_watchdog_heartbeat(): [GHC] T1 tick 27860  uptime 13982 s
[2026-05-14 18:01:29.624] [13987148][I][data_manager.cpp:230] read_rtc_and_seed_clock(): [T4] RTC: 2026-05-14 18:01:25 UTC  unix=1778781685  daytime=yes
[2026-05-14 18:01:30.442] [13987967][I][main.cpp:162] task_watchdog_heartbeat(): [GHC] T1 tick 27870  uptime 13987 s
[2026-05-14 18:01:35.460] [13992985][I][main.cpp:162] task_watchdog_heartbeat(): [GHC] T1 tick 27880  uptime 13992 s
[2026-05-14 18:01:36.637] [13994161][I][sensor_poll.cpp:359] task_sensor_poll(): [T5_SEN] [T5] iter 457 — woke from 30 s delay
[2026-05-14 18:01:36.646] [13994170][I][sensor_poll.cpp:395] task_sensor_poll(): [T5_SEN] [T5] iter 457 — polling FG6485A
[2026-05-14 18:01:36.676] [13994202][I][sensor_poll.cpp:432] task_sensor_poll(): [T5_SEN] [T5] iter 457 — polling S200
[2026-05-14 18:01:37.220] [13994741][I][sensor_poll.cpp:535] task_sensor_poll(): [T5_SEN] [T5] T=24°C RH=38% ws=0.0 m/s wd=0° | avg T=24 RH=38 ws=0.0 wd=0° [win T=12 RH=20 W=12]
[2026-05-14 18:01:37.240] [13994755][I][climate_control.cpp:434] task_climate_control(): [T6_CLI] [T6] T_avg=24 t_max=28 hyst=5 → step_t=0 | RH_avg=38 rh_max=75 rh_min=50 hyst=12 rh_en=1 → step_rh=0 | resolved=0 (was cur_t=0 cur_rh=0)
[2026-05-14 18:01:40.478] [13998003][I][main.cpp:162] task_watchdog_heartbeat(): [GHC] T1 tick 27890  uptime 13998 s
[2026-05-14 18:01:45.496] [14003021][I][main.cpp:162] task_watchdog_heartbeat(): [GHC] T1 tick 27900  uptime 14003 s
[2026-05-14 18:01:50.514] [14008039][I][main.cpp:162] task_watchdog_heartbeat(): [GHC] T1 tick 27910  uptime 14008 s
[2026-05-14 18:01:55.532] [14013057][I][main.cpp:162] task_watchdog_heartbeat(): [GHC] T1 tick 27920  uptime 14013 s
[2026-05-14 18:02:00.550] [14018075][I][main.cpp:162] task_watchdog_heartbeat(): [GHC] T1 tick 27930  uptime 14018 s
[2026-05-14 18:02:05.568] [14023093][I][main.cpp:162] task_watchdog_heartbeat(): [GHC] T1 tick 27940  uptime 14023 s
[2026-05-14 18:02:07.231] [14024755][I][sensor_poll.cpp:359] task_sensor_poll(): [T5_SEN] [T5] iter 458 — woke from 30 s delay
[2026-05-14 18:02:07.240] [14024764][I][sensor_poll.cpp:395] task_sensor_poll(): [T5_SEN] [T5] iter 458 — polling FG6485A
[2026-05-14 18:02:07.271] [14024797][I][sensor_poll.cpp:432] task_sensor_poll(): [T5_SEN] [T5] iter 458 — polling S200
[2026-05-14 18:02:07.814] [14025335][I][sensor_poll.cpp:535] task_sensor_poll(): [T5_SEN] [T5] T=24°C RH=38% ws=0.0 m/s wd=0° | avg T=24 RH=38 ws=0.0 wd=0° [win T=12 RH=20 W=12]
[2026-05-14 18:02:07.834] [14025349][I][climate_control.cpp:434] task_climate_control(): [T6_CLI] [T6] T_avg=24 t_max=28 hyst=5 → step_t=0 | RH_avg=38 rh_max=75 rh_min=50 hyst=12 rh_en=1 → step_rh=0 | resolved=0 (was cur_t=0 cur_rh=0)
[2026-05-14 18:02:10.587] [14028111][I][main.cpp:162] task_watchdog_heartbeat(): [GHC] T1 tick 27950  uptime 14028 s
[2026-05-14 18:02:15.605] [14033129][I][main.cpp:162] task_watchdog_heartbeat(): [GHC] T1 tick 27960  uptime 14033 s
[2026-05-14 18:02:20.623] [14038147][I][main.cpp:162] task_watchdog_heartbeat(): [GHC] T1 tick 27970  uptime 14038 s
[2026-05-14 18:02:25.641] [14043165][I][main.cpp:162] task_watchdog_heartbeat(): [GHC] T1 tick 27980  uptime 14043 s
[2026-05-14 18:02:28.813] [14046336][I][data_manager.cpp:230] read_rtc_and_seed_clock(): [T4] RTC: 2026-05-14 18:02:24 UTC  unix=1778781744  daytime=yes
[2026-05-14 18:02:30.658] [14048182][I][main.cpp:162] task_watchdog_heartbeat(): [GHC] T1 tick 27990  uptime 14048 s
[2026-05-14 18:02:35.676] [14053200][I][main.cpp:162] task_watchdog_heartbeat(): [GHC] T1 tick 28000  uptime 14053 s
[2026-05-14 18:02:37.826] [14055349][I][sensor_poll.cpp:359] task_sensor_poll(): [T5_SEN] [T5] iter 459 — woke from 30 s delay
[2026-05-14 18:02:37.834] [14055358][I][sensor_poll.cpp:395] task_sensor_poll(): [T5_SEN] [T5] iter 459 — polling FG6485A
[2026-05-14 18:02:37.865] [14055391][I][sensor_poll.cpp:432] task_sensor_poll(): [T5_SEN] [T5] iter 459 — polling S200
[2026-05-14 18:02:38.408] [14055928][I][sensor_poll.cpp:535] task_sensor_poll(): [T5_SEN] [T5] T=24°C RH=38% ws=0.0 m/s wd=0° | avg T=24 RH=38 ws=0.0 wd=0° [win T=12 RH=20 W=12]
[2026-05-14 18:02:38.428] [14055942][I][climate_control.cpp:434] task_climate_control(): [T6_CLI] [T6] T_avg=24 t_max=28 hyst=5 → step_t=0 | RH_avg=38 rh_max=75 rh_min=50 hyst=12 rh_en=1 → step_rh=0 | resolved=0 (was cur_t=0 cur_rh=0)
[2026-05-14 18:02:40.694] [14058218][I][main.cpp:162] task_watchdog_heartbeat(): [GHC] T1 tick 28010  uptime 14058 s
[2026-05-14 18:02:45.712] [14063236][I][main.cpp:162] task_watchdog_heartbeat(): [GHC] T1 tick 28020  uptime 14063 s
[2026-05-14 18:02:50.730] [14068254][I][main.cpp:162] task_watchdog_heartbeat(): [GHC] T1 tick 28030  uptime 14068 s
[2026-05-14 18:02:55.748] [14073272][I][main.cpp:162] task_watchdog_heartbeat(): [GHC] T1 tick 28040  uptime 14073 s
[2026-05-14 18:03:00.766] [14078290][I][main.cpp:162] task_watchdog_heartbeat(): [GHC] T1 tick 28050  uptime 14078 s
[2026-05-14 18:03:05.784] [14083308][I][main.cpp:162] task_watchdog_heartbeat(): [GHC] T1 tick 28060  uptime 14083 s
[2026-05-14 18:03:08.419] [14085942][I][sensor_poll.cpp:359] task_sensor_poll(): [T5_SEN] [T5] iter 460 — woke from 30 s delay
[2026-05-14 18:03:08.427] [14085951][I][sensor_poll.cpp:395] task_sensor_poll(): [T5_SEN] [T5] iter 460 — polling FG6485A
[2026-05-14 18:03:08.458] [14085984][I][sensor_poll.cpp:432] task_sensor_poll(): [T5_SEN] [T5] iter 460 — polling S200
[2026-05-14 18:03:09.002] [14086522][I][sensor_poll.cpp:535] task_sensor_poll(): [T5_SEN] [T5] T=24°C RH=38% ws=0.0 m/s wd=0° | avg T=24 RH=38 ws=0.0 wd=0° [win T=12 RH=20 W=12]
[2026-05-14 18:03:09.022] [14086536][I][climate_control.cpp:434] task_climate_control(): [T6_CLI] [T6] T_avg=24 t_max=28 hyst=5 → step_t=0 | RH_avg=38 rh_max=75 rh_min=50 hyst=12 rh_en=1 → step_rh=0 | resolved=0 (was cur_t=0 cur_rh=0)
[2026-05-14 18:03:10.802] [14088326][I][main.cpp:162] task_watchdog_heartbeat(): [GHC] T1 tick 28070  uptime 14088 s
[2026-05-14 18:03:15.820] [14093344][I][main.cpp:162] task_watchdog_heartbeat(): [GHC] T1 tick 28080  uptime 14093 s
[2026-05-14 18:03:20.838] [14098362][I][main.cpp:162] task_watchdog_heartbeat(): [GHC] T1 tick 28090  uptime 14098 s
[2026-05-14 18:03:25.856] [14103380][I][main.cpp:162] task_watchdog_heartbeat(): [GHC] T1 tick 28100  uptime 14103 s
[2026-05-14 18:03:28.000] [14105523][I][data_manager.cpp:230] read_rtc_and_seed_clock(): [T4] RTC: 2026-05-14 18:03:23 UTC  unix=1778781803  daytime=yes
[2026-05-14 18:03:30.874] [14108398][I][main.cpp:162] task_watchdog_heartbeat(): [GHC] T1 tick 28110  uptime 14108 s
[2026-05-14 18:03:35.892] [14113416][I][main.cpp:162] task_watchdog_heartbeat(): [GHC] T1 tick 28120  uptime 14113 s
[2026-05-14 18:03:39.013] [14116536][I][sensor_poll.cpp:359] task_sensor_poll(): [T5_SEN] [T5] iter 461 — woke from 30 s delay
[2026-05-14 18:03:39.022] [14116545][I][sensor_poll.cpp:395] task_sensor_poll(): [T5_SEN] [T5] iter 461 — polling FG6485A
[2026-05-14 18:03:39.052] [14116577][I][sensor_poll.cpp:432] task_sensor_poll(): [T5_SEN] [T5] iter 461 — polling S200
[2026-05-14 18:03:39.596] [14117116][I][sensor_poll.cpp:535] task_sensor_poll(): [T5_SEN] [T5] T=24°C RH=38% ws=0.0 m/s wd=0° | avg T=24 RH=38 ws=0.0 wd=0° [win T=12 RH=20 W=12]
[2026-05-14 18:03:39.616] [14117130][I][climate_control.cpp:434] task_climate_control(): [T6_CLI] [T6] T_avg=24 t_max=28 hyst=5 → step_t=0 | RH_avg=38 rh_max=75 rh_min=50 hyst=12 rh_en=1 → step_rh=0 | resolved=0 (was cur_t=0 cur_rh=0)
[2026-05-14 18:03:40.910] [14118434][I][main.cpp:162] task_watchdog_heartbeat(): [GHC] T1 tick 28130  uptime 14118 s
[2026-05-14 18:03:45.928] [14123452][I][main.cpp:162] task_watchdog_heartbeat(): [GHC] T1 tick 28140  uptime 14123 s
[2026-05-14 18:03:50.946] [14128470][I][main.cpp:162] task_watchdog_heartbeat(): [GHC] T1 tick 28150  uptime 14128 s
[2026-05-14 18:03:55.964] [14133488][I][main.cpp:162] task_watchdog_heartbeat(): [GHC] T1 tick 28160  uptime 14133 s
[2026-05-14 18:04:00.982] [14138506][I][main.cpp:162] task_watchdog_heartbeat(): [GHC] T1 tick 28170  uptime 14138 s
[2026-05-14 18:04:06.000] [14143524][I][main.cpp:162] task_watchdog_heartbeat(): [GHC] T1 tick 28180  uptime 14143 s
[2026-05-14 18:04:09.607] [14147130][I][sensor_poll.cpp:359] task_sensor_poll(): [T5_SEN] [T5] iter 462 — woke from 30 s delay
[2026-05-14 18:04:09.616] [14147139][I][sensor_poll.cpp:395] task_sensor_poll(): [T5_SEN] [T5] iter 462 — polling FG6485A
[2026-05-14 18:04:09.646] [14147172][I][sensor_poll.cpp:432] task_sensor_poll(): [T5_SEN] [T5] iter 462 — polling S200
[2026-05-14 18:04:10.190] [14147710][I][sensor_poll.cpp:535] task_sensor_poll(): [T5_SEN] [T5] T=24°C RH=38% ws=0.0 m/s wd=0° | avg T=24 RH=38 ws=0.0 wd=0° [win T=12 RH=20 W=12]
[2026-05-14 18:04:10.210] [14147724][I][climate_control.cpp:434] task_climate_control(): [T6_CLI] [T6] T_avg=24 t_max=28 hyst=5 → step_t=0 | RH_avg=38 rh_max=75 rh_min=50 hyst=12 rh_en=1 → step_rh=0 | resolved=0 (was cur_t=0 cur_rh=0)
[2026-05-14 18:04:11.018] [14148542][I][main.cpp:162] task_watchdog_heartbeat(): [GHC] T1 tick 28190  uptime 14148 s
[2026-05-14 18:04:16.036] [14153560][I][main.cpp:162] task_watchdog_heartbeat(): [GHC] T1 tick 28200  uptime 14153 s
[2026-05-14 18:04:21.054] [14158578][I][main.cpp:162] task_watchdog_heartbeat(): [GHC] T1 tick 28210  uptime 14158 s
[2026-05-14 18:04:26.072] [14163596][I][main.cpp:162] task_watchdog_heartbeat(): [GHC] T1 tick 28220  uptime 14163 s
[2026-05-14 18:04:27.189] [14164711][I][data_manager.cpp:230] read_rtc_and_seed_clock(): [T4] RTC: 2026-05-14 18:04:23 UTC  unix=1778781863  daytime=yes
[2026-05-14 18:04:31.090] [14168614][I][main.cpp:162] task_watchdog_heartbeat(): [GHC] T1 tick 28230  uptime 14168 s
[2026-05-14 18:04:36.108] [14173632][I][main.cpp:162] task_watchdog_heartbeat(): [GHC] T1 tick 28240  uptime 14173 s
[2026-05-14 18:04:40.201] [14177724][I][sensor_poll.cpp:359] task_sensor_poll(): [T5_SEN] [T5] iter 463 — woke from 30 s delay
[2026-05-14 18:04:40.210] [14177733][I][sensor_poll.cpp:395] task_sensor_poll(): [T5_SEN] [T5] iter 463 — polling FG6485A
[2026-05-14 18:04:40.241] [14177766][I][sensor_poll.cpp:432] task_sensor_poll(): [T5_SEN] [T5] iter 463 — polling S200
[2026-05-14 18:04:40.785] [14178304][I][sensor_poll.cpp:535] task_sensor_poll(): [T5_SEN] [T5] T=24°C RH=38% ws=0.0 m/s wd=0° | avg T=24 RH=38 ws=0.0 wd=0° [win T=12 RH=20 W=12]
[2026-05-14 18:04:40.805] [14178318][I][climate_control.cpp:434] task_climate_control(): [T6_CLI] [T6] T_avg=24 t_max=28 hyst=5 → step_t=0 | RH_avg=38 rh_max=75 rh_min=50 hyst=12 rh_en=1 → step_rh=0 | resolved=0 (was cur_t=0 cur_rh=0)
[2026-05-14 18:04:41.127] [14178650][I][main.cpp:162] task_watchdog_heartbeat(): [GHC] T1 tick 28250  uptime 14178 s
[2026-05-14 18:04:46.145] [14183668][I][main.cpp:162] task_watchdog_heartbeat(): [GHC] T1 tick 28260  uptime 14183 s
[2026-05-14 18:04:51.163] [14188686][I][main.cpp:162] task_watchdog_heartbeat(): [GHC] T1 tick 28270  uptime 14188 s
[2026-05-14 18:04:56.180] [14193704][I][main.cpp:162] task_watchdog_heartbeat(): [GHC] T1 tick 28280  uptime 14193 s
[2026-05-14 18:05:01.199] [14198722][I][main.cpp:162] task_watchdog_heartbeat(): [GHC] T1 tick 28290  uptime 14198 s
[2026-05-14 18:05:06.216] [14203740][I][main.cpp:162] task_watchdog_heartbeat(): [GHC] T1 tick 28300  uptime 14203 s
[2026-05-14 18:05:10.796] [14208318][I][sensor_poll.cpp:359] task_sensor_poll(): [T5_SEN] [T5] iter 464 — woke from 30 s delay
[2026-05-14 18:05:10.804] [14208327][I][sensor_poll.cpp:395] task_sensor_poll(): [T5_SEN] [T5] iter 464 — polling FG6485A
[2026-05-14 18:05:10.835] [14208360][I][sensor_poll.cpp:432] task_sensor_poll(): [T5_SEN] [T5] iter 464 — polling S200
[2026-05-14 18:05:11.235] [14208758][I][main.cpp:162] task_watchdog_heartbeat(): [GHC] T1 tick 28310  uptime 14208 s
[2026-05-14 18:05:11.379] [14208898][I][sensor_poll.cpp:535] task_sensor_poll(): [T5_SEN] [T5] T=24°C RH=38% ws=0.0 m/s wd=0° | avg T=24 RH=38 ws=0.0 wd=0° [win T=12 RH=20 W=12]
[2026-05-14 18:05:11.399] [14208912][I][climate_control.cpp:434] task_climate_control(): [T6_CLI] [T6] T_avg=24 t_max=28 hyst=5 → step_t=0 | RH_avg=38 rh_max=75 rh_min=50 hyst=12 rh_en=1 → step_rh=0 | resolved=0 (was cur_t=0 cur_rh=0)
[2026-05-14 18:05:16.253] [14213776][I][main.cpp:162] task_watchdog_heartbeat(): [GHC] T1 tick 28320  uptime 14213 s
[2026-05-14 18:05:21.271] [14218794][I][main.cpp:162] task_watchdog_heartbeat(): [GHC] T1 tick 28330  uptime 14218 s
[2026-05-14 18:05:26.289] [14223812][I][main.cpp:162] task_watchdog_heartbeat(): [GHC] T1 tick 28340  uptime 14223 s
[2026-05-14 18:05:26.377] [14223899][I][data_manager.cpp:230] read_rtc_and_seed_clock(): [T4] RTC: 2026-05-14 18:05:22 UTC  unix=1778781922  daytime=yes
[2026-05-14 18:05:31.307] [14228830][I][main.cpp:162] task_watchdog_heartbeat(): [GHC] T1 tick 28350  uptime 14228 s
[2026-05-14 18:05:36.325] [14233848][I][main.cpp:162] task_watchdog_heartbeat(): [GHC] T1 tick 28360  uptime 14233 s
[2026-05-14 18:05:41.343] [14238866][I][main.cpp:162] task_watchdog_heartbeat(): [GHC] T1 tick 28370  uptime 14238 s
[2026-05-14 18:05:41.390] [14238912][I][sensor_poll.cpp:359] task_sensor_poll(): [T5_SEN] [T5] iter 465 — woke from 30 s delay
[2026-05-14 18:05:41.398] [14238921][I][sensor_poll.cpp:395] task_sensor_poll(): [T5_SEN] [T5] iter 465 — polling FG6485A
[2026-05-14 18:05:41.429] [14238953][I][sensor_poll.cpp:432] task_sensor_poll(): [T5_SEN] [T5] iter 465 — polling S200
[2026-05-14 18:05:41.973] [14239492][I][sensor_poll.cpp:535] task_sensor_poll(): [T5_SEN] [T5] T=24°C RH=38% ws=0.0 m/s wd=0° | avg T=24 RH=38 ws=0.0 wd=0° [win T=12 RH=20 W=12]
[2026-05-14 18:05:41.993] [14239506][I][climate_control.cpp:434] task_climate_control(): [T6_CLI] [T6] T_avg=24 t_max=28 hyst=5 → step_t=0 | RH_avg=38 rh_max=75 rh_min=50 hyst=12 rh_en=1 → step_rh=0 | resolved=0 (was cur_t=0 cur_rh=0)
[2026-05-14 18:05:46.361] [14243884][I][main.cpp:162] task_watchdog_heartbeat(): [GHC] T1 tick 28380  uptime 14243 s
[2026-05-14 18:05:51.379] [14248902][I][main.cpp:162] task_watchdog_heartbeat(): [GHC] T1 tick 28390  uptime 14248 s
[2026-05-14 18:05:56.397] [14253920][I][main.cpp:162] task_watchdog_heartbeat(): [GHC] T1 tick 28400  uptime 14253 s
[2026-05-14 18:06:01.415] [14258938][I][main.cpp:162] task_watchdog_heartbeat(): [GHC] T1 tick 28410  uptime 14258 s
[2026-05-14 18:06:06.433] [14263956][I][main.cpp:162] task_watchdog_heartbeat(): [GHC] T1 tick 28420  uptime 14263 s
[2026-05-14 18:06:11.451] [14268974][I][main.cpp:162] task_watchdog_heartbeat(): [GHC] T1 tick 28430  uptime 14268 s
[2026-05-14 18:06:11.984] [14269506][I][sensor_poll.cpp:359] task_sensor_poll(): [T5_SEN] [T5] iter 466 — woke from 30 s delay
[2026-05-14 18:06:11.992] [14269515][I][sensor_poll.cpp:395] task_sensor_poll(): [T5_SEN] [T5] iter 466 — polling FG6485A
[2026-05-14 18:06:12.023] [14269547][I][sensor_poll.cpp:432] task_sensor_poll(): [T5_SEN] [T5] iter 466 — polling S200
[2026-05-14 18:06:12.567] [14270086][I][sensor_poll.cpp:535] task_sensor_poll(): [T5_SEN] [T5] T=24°C RH=38% ws=0.0 m/s wd=0° | avg T=24 RH=38 ws=0.0 wd=0° [win T=12 RH=20 W=12]
[2026-05-14 18:06:12.587] [14270100][I][climate_control.cpp:434] task_climate_control(): [T6_CLI] [T6] T_avg=24 t_max=28 hyst=5 → step_t=0 | RH_avg=38 rh_max=75 rh_min=50 hyst=12 rh_en=1 → step_rh=0 | resolved=0 (was cur_t=0 cur_rh=0)
[2026-05-14 18:06:16.469] [14273992][I][main.cpp:162] task_watchdog_heartbeat(): [GHC] T1 tick 28440  uptime 14273 s
[2026-05-14 18:06:21.487] [14279010][I][main.cpp:162] task_watchdog_heartbeat(): [GHC] T1 tick 28450  uptime 14279 s
[2026-05-14 18:06:25.565] [14283087][I][data_manager.cpp:230] read_rtc_and_seed_clock(): [T4] RTC: 2026-05-14 18:06:21 UTC  unix=1778781981  daytime=yes
[2026-05-14 18:06:26.505] [14284028][I][main.cpp:162] task_watchdog_heartbeat(): [GHC] T1 tick 28460  uptime 14284 s
[2026-05-14 18:06:31.523] [14289046][I][main.cpp:162] task_watchdog_heartbeat(): [GHC] T1 tick 28470  uptime 14289 s
[2026-05-14 18:06:36.541] [14294064][I][main.cpp:162] task_watchdog_heartbeat(): [GHC] T1 tick 28480  uptime 14294 s
[2026-05-14 18:06:41.559] [14299082][I][main.cpp:162] task_watchdog_heartbeat(): [GHC] T1 tick 28490  uptime 14299 s
[2026-05-14 18:06:42.578] [14300100][I][sensor_poll.cpp:359] task_sensor_poll(): [T5_SEN] [T5] iter 467 — woke from 30 s delay
[2026-05-14 18:06:42.587] [14300109][I][sensor_poll.cpp:395] task_sensor_poll(): [T5_SEN] [T5] iter 467 — polling FG6485A
[2026-05-14 18:06:42.617] [14300142][I][sensor_poll.cpp:432] task_sensor_poll(): [T5_SEN] [T5] iter 467 — polling S200
[2026-05-14 18:06:43.161] [14300680][I][sensor_poll.cpp:535] task_sensor_poll(): [T5_SEN] [T5] T=24°C RH=38% ws=0.0 m/s wd=0° | avg T=24 RH=38 ws=0.0 wd=0° [win T=12 RH=20 W=12]
[2026-05-14 18:06:43.181] [14300694][I][climate_control.cpp:434] task_climate_control(): [T6_CLI] [T6] T_avg=24 t_max=28 hyst=5 → step_t=0 | RH_avg=38 rh_max=75 rh_min=50 hyst=12 rh_en=1 → step_rh=0 | resolved=0 (was cur_t=0 cur_rh=0)
[2026-05-14 18:06:46.577] [14304100][I][main.cpp:162] task_watchdog_heartbeat(): [GHC] T1 tick 28500  uptime 14304 s
[2026-05-14 18:06:51.595] [14309118][I][main.cpp:162] task_watchdog_heartbeat(): [GHC] T1 tick 28510  uptime 14309 s
[2026-05-14 18:06:56.613] [14314136][I][main.cpp:162] task_watchdog_heartbeat(): [GHC] T1 tick 28520  uptime 14314 s
[2026-05-14 18:07:01.631] [14319154][I][main.cpp:162] task_watchdog_heartbeat(): [GHC] T1 tick 28530  uptime 14319 s
[2026-05-14 18:07:06.649] [14324172][I][main.cpp:162] task_watchdog_heartbeat(): [GHC] T1 tick 28540  uptime 14324 s
[2026-05-14 18:07:11.667] [14329190][I][main.cpp:162] task_watchdog_heartbeat(): [GHC] T1 tick 28550  uptime 14329 s
[2026-05-14 18:07:13.172] [14330694][I][sensor_poll.cpp:359] task_sensor_poll(): [T5_SEN] [T5] iter 468 — woke from 30 s delay
[2026-05-14 18:07:13.181] [14330703][I][sensor_poll.cpp:395] task_sensor_poll(): [T5_SEN] [T5] iter 468 — polling FG6485A
[2026-05-14 18:07:13.212] [14330736][I][sensor_poll.cpp:432] task_sensor_poll(): [T5_SEN] [T5] iter 468 — polling S200
[2026-05-14 18:07:13.756] [14331274][I][sensor_poll.cpp:535] task_sensor_poll(): [T5_SEN] [T5] T=24°C RH=38% ws=0.0 m/s wd=0° | avg T=24 RH=38 ws=0.0 wd=0° [win T=12 RH=20 W=12]
[2026-05-14 18:07:13.776] [14331288][I][climate_control.cpp:434] task_climate_control(): [T6_CLI] [T6] T_avg=24 t_max=28 hyst=5 → step_t=0 | RH_avg=38 rh_max=75 rh_min=50 hyst=12 rh_en=1 → step_rh=0 | resolved=0 (was cur_t=0 cur_rh=0)
[2026-05-14 18:07:16.685] [14334208][I][main.cpp:162] task_watchdog_heartbeat(): [GHC] T1 tick 28560  uptime 14334 s
[2026-05-14 18:07:21.703] [14339226][I][main.cpp:162] task_watchdog_heartbeat(): [GHC] T1 tick 28570  uptime 14339 s
[2026-05-14 18:07:24.754] [14342275][I][data_manager.cpp:230] read_rtc_and_seed_clock(): [T4] RTC: 2026-05-14 18:07:20 UTC  unix=1778782040  daytime=yes
[2026-05-14 18:07:26.722] [14344244][I][main.cpp:162] task_watchdog_heartbeat(): [GHC] T1 tick 28580  uptime 14344 s
[2026-05-14 18:07:31.740] [14349262][I][main.cpp:162] task_watchdog_heartbeat(): [GHC] T1 tick 28590  uptime 14349 s
[2026-05-14 18:07:36.758] [14354280][I][main.cpp:162] task_watchdog_heartbeat(): [GHC] T1 tick 28600  uptime 14354 s
[2026-05-14 18:07:41.776] [14359298][I][main.cpp:162] task_watchdog_heartbeat(): [GHC] T1 tick 28610  uptime 14359 s
[2026-05-14 18:07:43.767] [14361288][I][sensor_poll.cpp:359] task_sensor_poll(): [T5_SEN] [T5] iter 469 — woke from 30 s delay
[2026-05-14 18:07:43.775] [14361297][I][sensor_poll.cpp:395] task_sensor_poll(): [T5_SEN] [T5] iter 469 — polling FG6485A
[2026-05-14 18:07:43.805] [14361329][I][sensor_poll.cpp:432] task_sensor_poll(): [T5_SEN] [T5] iter 469 — polling S200
[2026-05-14 18:07:44.350] [14361868][I][sensor_poll.cpp:535] task_sensor_poll(): [T5_SEN] [T5] T=24°C RH=38% ws=0.0 m/s wd=0° | avg T=24 RH=38 ws=0.0 wd=0° [win T=12 RH=20 W=12]
[2026-05-14 18:07:44.370] [14361882][I][climate_control.cpp:434] task_climate_control(): [T6_CLI] [T6] T_avg=24 t_max=28 hyst=5 → step_t=0 | RH_avg=38 rh_max=75 rh_min=50 hyst=12 rh_en=1 → step_rh=0 | resolved=0 (was cur_t=0 cur_rh=0)
[2026-05-14 18:07:46.794] [14364316][I][main.cpp:162] task_watchdog_heartbeat(): [GHC] T1 tick 28620  uptime 14364 s
[2026-05-14 18:07:51.812] [14369334][I][main.cpp:162] task_watchdog_heartbeat(): [GHC] T1 tick 28630  uptime 14369 s
[2026-05-14 18:07:56.830] [14374352][I][main.cpp:162] task_watchdog_heartbeat(): [GHC] T1 tick 28640  uptime 14374 s
[2026-05-14 18:08:01.848] [14379370][I][main.cpp:162] task_watchdog_heartbeat(): [GHC] T1 tick 28650  uptime 14379 s
[2026-05-14 18:08:06.866] [14384388][I][main.cpp:162] task_watchdog_heartbeat(): [GHC] T1 tick 28660  uptime 14384 s
[2026-05-14 18:08:11.884] [14389406][I][main.cpp:162] task_watchdog_heartbeat(): [GHC] T1 tick 28670  uptime 14389 s
[2026-05-14 18:08:14.361] [14391882][I][sensor_poll.cpp:359] task_sensor_poll(): [T5_SEN] [T5] iter 470 — woke from 30 s delay
[2026-05-14 18:08:14.369] [14391891][I][sensor_poll.cpp:395] task_sensor_poll(): [T5_SEN] [T5] iter 470 — polling FG6485A
[2026-05-14 18:08:14.400] [14391923][I][sensor_poll.cpp:432] task_sensor_poll(): [T5_SEN] [T5] iter 470 — polling S200
[2026-05-14 18:08:14.943] [14392462][I][sensor_poll.cpp:535] task_sensor_poll(): [T5_SEN] [T5] T=24°C RH=38% ws=0.0 m/s wd=0° | avg T=24 RH=38 ws=0.0 wd=0° [win T=12 RH=20 W=12]
[2026-05-14 18:08:14.964] [14392476][I][climate_control.cpp:434] task_climate_control(): [T6_CLI] [T6] T_avg=24 t_max=28 hyst=5 → step_t=0 | RH_avg=38 rh_max=75 rh_min=50 hyst=12 rh_en=1 → step_rh=0 | resolved=0 (was cur_t=0 cur_rh=0)
[2026-05-14 18:08:16.902] [14394424][I][main.cpp:162] task_watchdog_heartbeat(): [GHC] T1 tick 28680  uptime 14394 s
[2026-05-14 18:08:21.920] [14399442][I][main.cpp:162] task_watchdog_heartbeat(): [GHC] T1 tick 28690  uptime 14399 s
[2026-05-14 18:08:23.941] [14401463][I][data_manager.cpp:230] read_rtc_and_seed_clock(): [T4] RTC: 2026-05-14 18:08:19 UTC  unix=1778782099  daytime=yes
[2026-05-14 18:08:26.938] [14404460][I][main.cpp:162] task_watchdog_heartbeat(): [GHC] T1 tick 28700  uptime 14404 s
[2026-05-14 18:08:31.956] [14409478][I][main.cpp:162] task_watchdog_heartbeat(): [GHC] T1 tick 28710  uptime 14409 s
[2026-05-14 18:08:36.974] [14414496][I][main.cpp:162] task_watchdog_heartbeat(): [GHC] T1 tick 28720  uptime 14414 s
[2026-05-14 18:08:41.992] [14419514][I][main.cpp:162] task_watchdog_heartbeat(): [GHC] T1 tick 28730  uptime 14419 s
[2026-05-14 18:08:44.955] [14422476][I][sensor_poll.cpp:359] task_sensor_poll(): [T5_SEN] [T5] iter 471 — woke from 30 s delay
[2026-05-14 18:08:44.963] [14422485][I][sensor_poll.cpp:395] task_sensor_poll(): [T5_SEN] [T5] iter 471 — polling FG6485A
[2026-05-14 18:08:44.994] [14422518][I][sensor_poll.cpp:432] task_sensor_poll(): [T5_SEN] [T5] iter 471 — polling S200
[2026-05-14 18:08:45.538] [14423056][I][sensor_poll.cpp:535] task_sensor_poll(): [T5_SEN] [T5] T=24°C RH=38% ws=0.0 m/s wd=0° | avg T=24 RH=38 ws=0.0 wd=0° [win T=12 RH=20 W=12]
[2026-05-14 18:08:45.558] [14423070][I][climate_control.cpp:434] task_climate_control(): [T6_CLI] [T6] T_avg=24 t_max=28 hyst=5 → step_t=0 | RH_avg=38 rh_max=75 rh_min=50 hyst=12 rh_en=1 → step_rh=0 | resolved=0 (was cur_t=0 cur_rh=0)
[2026-05-14 18:08:47.010] [14424532][I][main.cpp:162] task_watchdog_heartbeat(): [GHC] T1 tick 28740  uptime 14424 s
[2026-05-14 18:08:52.028] [14429550][I][main.cpp:162] task_watchdog_heartbeat(): [GHC] T1 tick 28750  uptime 14429 s
[2026-05-14 18:08:57.046] [14434568][I][main.cpp:162] task_watchdog_heartbeat(): [GHC] T1 tick 28760  uptime 14434 s
[2026-05-14 18:09:02.064] [14439586][I][main.cpp:162] task_watchdog_heartbeat(): [GHC] T1 tick 28770  uptime 14439 s
[2026-05-14 18:09:07.082] [14444604][I][main.cpp:162] task_watchdog_heartbeat(): [GHC] T1 tick 28780  uptime 14444 s
[2026-05-14 18:09:12.100] [14449622][I][main.cpp:162] task_watchdog_heartbeat(): [GHC] T1 tick 28790  uptime 14449 s
[2026-05-14 18:09:15.549] [14453070][I][sensor_poll.cpp:359] task_sensor_poll(): [T5_SEN] [T5] iter 472 — woke from 30 s delay
[2026-05-14 18:09:15.557] [14453079][I][sensor_poll.cpp:395] task_sensor_poll(): [T5_SEN] [T5] iter 472 — polling FG6485A
[2026-05-14 18:09:15.589] [14453112][I][sensor_poll.cpp:432] task_sensor_poll(): [T5_SEN] [T5] iter 472 — polling S200
[2026-05-14 18:09:16.132] [14453650][I][sensor_poll.cpp:535] task_sensor_poll(): [T5_SEN] [T5] T=24°C RH=38% ws=0.0 m/s wd=0° | avg T=24 RH=38 ws=0.0 wd=0° [win T=12 RH=20 W=12]
[2026-05-14 18:09:16.152] [14453664][I][climate_control.cpp:434] task_climate_control(): [T6_CLI] [T6] T_avg=24 t_max=28 hyst=5 → step_t=0 | RH_avg=38 rh_max=75 rh_min=50 hyst=12 rh_en=1 → step_rh=0 | resolved=0 (was cur_t=0 cur_rh=0)
[2026-05-14 18:09:17.117] [14454640][I][main.cpp:162] task_watchdog_heartbeat(): [GHC] T1 tick 28800  uptime 14454 s
[2026-05-14 18:09:17.125] [14454648][I][main.cpp:247] task_watchdog_heartbeat(): [GHC] stack T1  hwm=2012 B
[2026-05-14 18:09:17.134] [14454656][I][main.cpp:247] task_watchdog_heartbeat(): [GHC] stack T2  hwm=6380 B
[2026-05-14 18:09:17.140] [14454663][I][main.cpp:247] task_watchdog_heartbeat(): [GHC] stack T3  hwm=1980 B
[2026-05-14 18:09:17.148] [14454671][I][main.cpp:247] task_watchdog_heartbeat(): [GHC] stack T4  hwm=3948 B
[2026-05-14 18:09:17.154] [14454678][I][main.cpp:247] task_watchdog_heartbeat(): [GHC] stack T5  hwm=4124 B
[2026-05-14 18:09:17.162] [14454686][I][main.cpp:247] task_watchdog_heartbeat(): [GHC] stack T6  hwm=1596 B
[2026-05-14 18:09:17.171] [14454693][I][main.cpp:247] task_watchdog_heartbeat(): [GHC] stack T7  hwm=2464 B
[2026-05-14 18:09:17.177] [14454700][I][main.cpp:247] task_watchdog_heartbeat(): [GHC] stack T8  hwm=5740 B
[2026-05-14 18:09:17.185] [14454708][I][main.cpp:247] task_watchdog_heartbeat(): [GHC] stack T9  hwm=2524 B
[2026-05-14 18:09:17.192] [14454715][I][main.cpp:247] task_watchdog_heartbeat(): [GHC] stack T10 hwm=5632 B
[2026-05-14 18:09:17.200] [14454723][I][main.cpp:247] task_watchdog_heartbeat(): [GHC] stack T11 hwm=5536 B
[2026-05-14 18:09:17.206] [14454731][I][main.cpp:247] task_watchdog_heartbeat(): [GHC] stack T12 hwm=7416 B
[2026-05-14 18:09:17.215] [14454738][I][main.cpp:247] task_watchdog_heartbeat(): [GHC] stack T14 hwm=6560 B
[2026-05-14 18:09:17.222] [14454746][I][main.cpp:247] task_watchdog_heartbeat(): [GHC] stack T15 hwm=2376 B
[2026-05-14 18:09:22.240] [14459762][I][main.cpp:162] task_watchdog_heartbeat(): [GHC] T1 tick 28810  uptime 14459 s
[2026-05-14 18:09:23.233] [14460754][I][data_manager.cpp:230] read_rtc_and_seed_clock(): [T4] RTC: 2026-05-14 18:09:19 UTC  unix=1778782159  daytime=yes
[2026-05-14 18:09:27.258] [14464780][I][main.cpp:162] task_watchdog_heartbeat(): [GHC] T1 tick 28820  uptime 14464 s
[2026-05-14 18:09:32.276] [14469798][I][main.cpp:162] task_watchdog_heartbeat(): [GHC] T1 tick 28830  uptime 14469 s
[2026-05-14 18:09:37.294] [14474816][I][main.cpp:162] task_watchdog_heartbeat(): [GHC] T1 tick 28840  uptime 14474 s
[2026-05-14 18:09:42.312] [14479834][I][main.cpp:162] task_watchdog_heartbeat(): [GHC] T1 tick 28850  uptime 14479 s
[2026-05-14 18:09:46.143] [14483664][I][sensor_poll.cpp:359] task_sensor_poll(): [T5_SEN] [T5] iter 473 — woke from 30 s delay
[2026-05-14 18:09:46.152] [14483673][I][sensor_poll.cpp:395] task_sensor_poll(): [T5_SEN] [T5] iter 473 — polling FG6485A
[2026-05-14 18:09:46.182] [14483705][I][sensor_poll.cpp:432] task_sensor_poll(): [T5_SEN] [T5] iter 473 — polling S200
[2026-05-14 18:09:46.726] [14484244][I][sensor_poll.cpp:535] task_sensor_poll(): [T5_SEN] [T5] T=24°C RH=38% ws=0.0 m/s wd=0° | avg T=24 RH=38 ws=0.0 wd=0° [win T=12 RH=20 W=12]
[2026-05-14 18:09:46.746] [14484258][I][climate_control.cpp:434] task_climate_control(): [T6_CLI] [T6] T_avg=24 t_max=28 hyst=5 → step_t=0 | RH_avg=38 rh_max=75 rh_min=50 hyst=12 rh_en=1 → step_rh=0 | resolved=0 (was cur_t=0 cur_rh=0)
[2026-05-14 18:09:47.330] [14484852][I][main.cpp:162] task_watchdog_heartbeat(): [GHC] T1 tick 28860  uptime 14484 s
[2026-05-14 18:09:52.348] [14489870][I][main.cpp:162] task_watchdog_heartbeat(): [GHC] T1 tick 28870  uptime 14489 s
[2026-05-14 18:09:57.366] [14494888][I][main.cpp:162] task_watchdog_heartbeat(): [GHC] T1 tick 28880  uptime 14494 s
[2026-05-14 18:10:02.384] [14499906][I][main.cpp:162] task_watchdog_heartbeat(): [GHC] T1 tick 28890  uptime 14499 s
[2026-05-14 18:10:07.402] [14504924][I][main.cpp:162] task_watchdog_heartbeat(): [GHC] T1 tick 28900  uptime 14504 s
[2026-05-14 18:10:12.420] [14509942][I][main.cpp:162] task_watchdog_heartbeat(): [GHC] T1 tick 28910  uptime 14509 s
[2026-05-14 18:10:16.737] [14514258][I][sensor_poll.cpp:359] task_sensor_poll(): [T5_SEN] [T5] iter 474 — woke from 30 s delay
[2026-05-14 18:10:16.746] [14514267][I][sensor_poll.cpp:395] task_sensor_poll(): [T5_SEN] [T5] iter 474 — polling FG6485A
[2026-05-14 18:10:16.777] [14514299][I][sensor_poll.cpp:432] task_sensor_poll(): [T5_SEN] [T5] iter 474 — polling S200
[2026-05-14 18:10:17.321] [14514838][I][sensor_poll.cpp:535] task_sensor_poll(): [T5_SEN] [T5] T=24°C RH=38% ws=0.0 m/s wd=0° | avg T=24 RH=38 ws=0.0 wd=0° [win T=12 RH=20 W=12]
[2026-05-14 18:10:17.341] [14514852][I][climate_control.cpp:434] task_climate_control(): [T6_CLI] [T6] T_avg=24 t_max=28 hyst=5 → step_t=0 | RH_avg=38 rh_max=75 rh_min=50 hyst=12 rh_en=1 → step_rh=0 | resolved=0 (was cur_t=0 cur_rh=0)
[2026-05-14 18:10:17.438] [14514960][I][main.cpp:162] task_watchdog_heartbeat(): [GHC] T1 tick 28920  uptime 14514 s
[2026-05-14 18:10:22.319] [14519839][I][data_manager.cpp:230] read_rtc_and_seed_clock(): [T4] RTC: 2026-05-14 18:10:18 UTC  unix=1778782218  daytime=yes
[2026-05-14 18:10:22.457] [14519978][I][main.cpp:162] task_watchdog_heartbeat(): [GHC] T1 tick 28930  uptime 14519 s
[2026-05-14 18:10:27.475] [14524996][I][main.cpp:162] task_watchdog_heartbeat(): [GHC] T1 tick 28940  uptime 14524 s
[2026-05-14 18:10:32.492] [14530014][I][main.cpp:162] task_watchdog_heartbeat(): [GHC] T1 tick 28950  uptime 14530 s
[2026-05-14 18:10:37.510] [14535032][I][main.cpp:162] task_watchdog_heartbeat(): [GHC] T1 tick 28960  uptime 14535 s
[2026-05-14 18:10:42.529] [14540050][I][main.cpp:162] task_watchdog_heartbeat(): [GHC] T1 tick 28970  uptime 14540 s
[2026-05-14 18:10:47.332] [14544852][I][sensor_poll.cpp:359] task_sensor_poll(): [T5_SEN] [T5] iter 475 — woke from 30 s delay
[2026-05-14 18:10:47.340] [14544861][I][sensor_poll.cpp:395] task_sensor_poll(): [T5_SEN] [T5] iter 475 — polling FG6485A
[2026-05-14 18:10:47.371] [14544894][I][sensor_poll.cpp:432] task_sensor_poll(): [T5_SEN] [T5] iter 475 — polling S200
[2026-05-14 18:10:47.547] [14545068][I][main.cpp:162] task_watchdog_heartbeat(): [GHC] T1 tick 28980  uptime 14545 s
[2026-05-14 18:10:47.915] [14545432][I][sensor_poll.cpp:535] task_sensor_poll(): [T5_SEN] [T5] T=24°C RH=38% ws=0.0 m/s wd=0° | avg T=24 RH=38 ws=0.0 wd=0° [win T=12 RH=20 W=12]
[2026-05-14 18:10:47.935] [14545446][I][climate_control.cpp:434] task_climate_control(): [T6_CLI] [T6] T_avg=24 t_max=28 hyst=5 → step_t=0 | RH_avg=38 rh_max=75 rh_min=50 hyst=12 rh_en=1 → step_rh=0 | resolved=0 (was cur_t=0 cur_rh=0)
[2026-05-14 18:10:52.565] [14550086][I][main.cpp:162] task_watchdog_heartbeat(): [GHC] T1 tick 28990  uptime 14550 s
[2026-05-14 18:10:57.583] [14555104][I][main.cpp:162] task_watchdog_heartbeat(): [GHC] T1 tick 29000  uptime 14555 s
[2026-05-14 18:11:02.601] [14560122][I][main.cpp:162] task_watchdog_heartbeat(): [GHC] T1 tick 29010  uptime 14560 s
[2026-05-14 18:11:07.619] [14565140][I][main.cpp:162] task_watchdog_heartbeat(): [GHC] T1 tick 29020  uptime 14565 s
[2026-05-14 18:11:12.637] [14570158][I][main.cpp:162] task_watchdog_heartbeat(): [GHC] T1 tick 29030  uptime 14570 s
[2026-05-14 18:11:17.655] [14575176][I][main.cpp:162] task_watchdog_heartbeat(): [GHC] T1 tick 29040  uptime 14575 s
[2026-05-14 18:11:17.926] [14575446][I][sensor_poll.cpp:359] task_sensor_poll(): [T5_SEN] [T5] iter 476 — woke from 30 s delay
[2026-05-14 18:11:17.934] [14575455][I][sensor_poll.cpp:395] task_sensor_poll(): [T5_SEN] [T5] iter 476 — polling FG6485A
[2026-05-14 18:11:17.965] [14575488][I][sensor_poll.cpp:432] task_sensor_poll(): [T5_SEN] [T5] iter 476 — polling S200
[2026-05-14 18:11:18.509] [14576026][I][sensor_poll.cpp:535] task_sensor_poll(): [T5_SEN] [T5] T=24°C RH=38% ws=0.0 m/s wd=0° | avg T=24 RH=38 ws=0.0 wd=0° [win T=12 RH=20 W=12]
[2026-05-14 18:11:18.529] [14576040][I][climate_control.cpp:434] task_climate_control(): [T6_CLI] [T6] T_avg=24 t_max=28 hyst=5 → step_t=0 | RH_avg=38 rh_max=75 rh_min=50 hyst=12 rh_en=1 → step_rh=0 | resolved=0 (was cur_t=0 cur_rh=0)
[2026-05-14 18:11:21.507] [14579027][I][data_manager.cpp:230] read_rtc_and_seed_clock(): [T4] RTC: 2026-05-14 18:11:17 UTC  unix=1778782277  daytime=yes
[2026-05-14 18:11:22.673] [14580194][I][main.cpp:162] task_watchdog_heartbeat(): [GHC] T1 tick 29050  uptime 14580 s
[2026-05-14 18:11:27.691] [14585212][I][main.cpp:162] task_watchdog_heartbeat(): [GHC] T1 tick 29060  uptime 14585 s
[2026-05-14 18:11:32.709] [14590230][I][main.cpp:162] task_watchdog_heartbeat(): [GHC] T1 tick 29070  uptime 14590 s
[2026-05-14 18:11:37.727] [14595248][I][main.cpp:162] task_watchdog_heartbeat(): [GHC] T1 tick 29080  uptime 14595 s
[2026-05-14 18:11:42.745] [14600266][I][main.cpp:162] task_watchdog_heartbeat(): [GHC] T1 tick 29090  uptime 14600 s
[2026-05-14 18:11:47.763] [14605284][I][main.cpp:162] task_watchdog_heartbeat(): [GHC] T1 tick 29100  uptime 14605 s
[2026-05-14 18:11:48.520] [14606040][I][sensor_poll.cpp:359] task_sensor_poll(): [T5_SEN] [T5] iter 477 — woke from 30 s delay
[2026-05-14 18:11:48.529] [14606049][I][sensor_poll.cpp:395] task_sensor_poll(): [T5_SEN] [T5] iter 477 — polling FG6485A
[2026-05-14 18:11:48.559] [14606081][I][sensor_poll.cpp:432] task_sensor_poll(): [T5_SEN] [T5] iter 477 — polling S200
[2026-05-14 18:11:49.102] [14606619][I][sensor_poll.cpp:535] task_sensor_poll(): [T5_SEN] [T5] T=24°C RH=38% ws=0.0 m/s wd=0° | avg T=24 RH=38 ws=0.0 wd=0° [win T=12 RH=20 W=12]
[2026-05-14 18:11:49.122] [14606633][I][climate_control.cpp:434] task_climate_control(): [T6_CLI] [T6] T_avg=24 t_max=28 hyst=5 → step_t=0 | RH_avg=38 rh_max=75 rh_min=50 hyst=12 rh_en=1 → step_rh=0 | resolved=0 (was cur_t=0 cur_rh=0)
[2026-05-14 18:11:52.781] [14610302][I][main.cpp:162] task_watchdog_heartbeat(): [GHC] T1 tick 29110  uptime 14610 s
[2026-05-14 18:11:57.799] [14615320][I][main.cpp:162] task_watchdog_heartbeat(): [GHC] T1 tick 29120  uptime 14615 s
[2026-05-14 18:12:02.817] [14620338][I][main.cpp:162] task_watchdog_heartbeat(): [GHC] T1 tick 29130  uptime 14620 s
[2026-05-14 18:12:07.835] [14625356][I][main.cpp:162] task_watchdog_heartbeat(): [GHC] T1 tick 29140  uptime 14625 s
[2026-05-14 18:12:12.853] [14630374][I][main.cpp:162] task_watchdog_heartbeat(): [GHC] T1 tick 29150  uptime 14630 s
[2026-05-14 18:12:17.871] [14635392][I][main.cpp:162] task_watchdog_heartbeat(): [GHC] T1 tick 29160  uptime 14635 s
[2026-05-14 18:12:19.113] [14636633][I][sensor_poll.cpp:359] task_sensor_poll(): [T5_SEN] [T5] iter 478 — woke from 30 s delay
[2026-05-14 18:12:19.122] [14636642][I][sensor_poll.cpp:395] task_sensor_poll(): [T5_SEN] [T5] iter 478 — polling FG6485A
[2026-05-14 18:12:19.152] [14636674][I][sensor_poll.cpp:432] task_sensor_poll(): [T5_SEN] [T5] iter 478 — polling S200
[2026-05-14 18:12:19.696] [14637213][I][sensor_poll.cpp:535] task_sensor_poll(): [T5_SEN] [T5] T=24°C RH=38% ws=0.0 m/s wd=0° | avg T=24 RH=38 ws=0.0 wd=0° [win T=12 RH=20 W=12]
[2026-05-14 18:12:19.716] [14637227][I][climate_control.cpp:434] task_climate_control(): [T6_CLI] [T6] T_avg=24 t_max=28 hyst=5 → step_t=0 | RH_avg=38 rh_max=75 rh_min=50 hyst=12 rh_en=1 → step_rh=0 | resolved=0 (was cur_t=0 cur_rh=0)
[2026-05-14 18:12:20.694] [14638214][I][data_manager.cpp:230] read_rtc_and_seed_clock(): [T4] RTC: 2026-05-14 18:12:16 UTC  unix=1778782336  daytime=yes
[2026-05-14 18:12:22.889] [14640410][I][main.cpp:162] task_watchdog_heartbeat(): [GHC] T1 tick 29170  uptime 14640 s
[2026-05-14 18:12:27.907] [14645428][I][main.cpp:162] task_watchdog_heartbeat(): [GHC] T1 tick 29180  uptime 14645 s
[2026-05-14 18:12:32.925] [14650446][I][main.cpp:162] task_watchdog_heartbeat(): [GHC] T1 tick 29190  uptime 14650 s
[2026-05-14 18:12:37.943] [14655464][I][main.cpp:162] task_watchdog_heartbeat(): [GHC] T1 tick 29200  uptime 14655 s
[2026-05-14 18:12:42.961] [14660482][I][main.cpp:162] task_watchdog_heartbeat(): [GHC] T1 tick 29210  uptime 14660 s
[2026-05-14 18:12:47.979] [14665500][I][main.cpp:162] task_watchdog_heartbeat(): [GHC] T1 tick 29220  uptime 14665 s
[2026-05-14 18:12:49.707] [14667227][I][sensor_poll.cpp:359] task_sensor_poll(): [T5_SEN] [T5] iter 479 — woke from 30 s delay
[2026-05-14 18:12:49.716] [14667236][I][sensor_poll.cpp:395] task_sensor_poll(): [T5_SEN] [T5] iter 479 — polling FG6485A
[2026-05-14 18:12:49.747] [14667269][I][sensor_poll.cpp:432] task_sensor_poll(): [T5_SEN] [T5] iter 479 — polling S200
[2026-05-14 18:12:50.290] [14667807][I][sensor_poll.cpp:535] task_sensor_poll(): [T5_SEN] [T5] T=24°C RH=38% ws=0.0 m/s wd=0° | avg T=24 RH=38 ws=0.0 wd=0° [win T=12 RH=20 W=12]
[2026-05-14 18:12:50.311] [14667821][I][climate_control.cpp:434] task_climate_control(): [T6_CLI] [T6] T_avg=24 t_max=28 hyst=5 → step_t=0 | RH_avg=38 rh_max=75 rh_min=50 hyst=12 rh_en=1 → step_rh=0 | resolved=0 (was cur_t=0 cur_rh=0)
[2026-05-14 18:12:52.997] [14670518][I][main.cpp:162] task_watchdog_heartbeat(): [GHC] T1 tick 29230  uptime 14670 s
[2026-05-14 18:12:58.015] [14675536][I][main.cpp:162] task_watchdog_heartbeat(): [GHC] T1 tick 29240  uptime 14675 s
[2026-05-14 18:13:03.033] [14680554][I][main.cpp:162] task_watchdog_heartbeat(): [GHC] T1 tick 29250  uptime 14680 s
[2026-05-14 18:13:08.051] [14685572][I][main.cpp:162] task_watchdog_heartbeat(): [GHC] T1 tick 29260  uptime 14685 s
[2026-05-14 18:13:13.069] [14690590][I][main.cpp:162] task_watchdog_heartbeat(): [GHC] T1 tick 29270  uptime 14690 s
[2026-05-14 18:13:18.087] [14695608][I][main.cpp:162] task_watchdog_heartbeat(): [GHC] T1 tick 29280  uptime 14695 s
[2026-05-14 18:13:20.289] [14697808][I][data_manager.cpp:230] read_rtc_and_seed_clock(): [T4] RTC: 2026-05-14 18:13:16 UTC  unix=1778782396  daytime=yes
[2026-05-14 18:13:20.301] [14697821][I][sensor_poll.cpp:359] task_sensor_poll(): [T5_SEN] [T5] iter 480 — woke from 30 s delay
[2026-05-14 18:13:20.310] [14697830][I][sensor_poll.cpp:395] task_sensor_poll(): [T5_SEN] [T5] iter 480 — polling FG6485A
[2026-05-14 18:13:20.341] [14697863][I][sensor_poll.cpp:432] task_sensor_poll(): [T5_SEN] [T5] iter 480 — polling S200
[2026-05-14 18:13:20.885] [14698401][I][sensor_poll.cpp:535] task_sensor_poll(): [T5_SEN] [T5] T=24°C RH=38% ws=0.0 m/s wd=0° | avg T=24 RH=38 ws=0.0 wd=0° [win T=12 RH=20 W=12]
[2026-05-14 18:13:20.905] [14698415][I][climate_control.cpp:434] task_climate_control(): [T6_CLI] [T6] T_avg=24 t_max=28 hyst=5 → step_t=0 | RH_avg=38 rh_max=75 rh_min=50 hyst=12 rh_en=1 → step_rh=0 | resolved=0 (was cur_t=0 cur_rh=0)
[2026-05-14 18:13:23.105] [14700626][I][main.cpp:162] task_watchdog_heartbeat(): [GHC] T1 tick 29290  uptime 14700 s
[2026-05-14 18:13:28.124] [14705644][I][main.cpp:162] task_watchdog_heartbeat(): [GHC] T1 tick 29300  uptime 14705 s
[2026-05-14 18:13:33.142] [14710662][I][main.cpp:162] task_watchdog_heartbeat(): [GHC] T1 tick 29310  uptime 14710 s
[2026-05-14 18:13:38.160] [14715680][I][main.cpp:162] task_watchdog_heartbeat(): [GHC] T1 tick 29320  uptime 14715 s
[2026-05-14 18:13:43.178] [14720698][I][main.cpp:162] task_watchdog_heartbeat(): [GHC] T1 tick 29330  uptime 14720 s
[2026-05-14 18:13:48.196] [14725716][I][main.cpp:162] task_watchdog_heartbeat(): [GHC] T1 tick 29340  uptime 14725 s
[2026-05-14 18:13:50.896] [14728415][I][sensor_poll.cpp:359] task_sensor_poll(): [T5_SEN] [T5] iter 481 — woke from 30 s delay
[2026-05-14 18:13:50.904] [14728424][I][sensor_poll.cpp:395] task_sensor_poll(): [T5_SEN] [T5] iter 481 — polling FG6485A
[2026-05-14 18:13:50.934] [14728456][I][sensor_poll.cpp:432] task_sensor_poll(): [T5_SEN] [T5] iter 481 — polling S200
[2026-05-14 18:13:51.478] [14728994][I][sensor_poll.cpp:535] task_sensor_poll(): [T5_SEN] [T5] T=24°C RH=38% ws=0.0 m/s wd=0° | avg T=24 RH=38 ws=0.0 wd=0° [win T=12 RH=20 W=12]
[2026-05-14 18:13:51.498] [14729008][I][climate_control.cpp:434] task_climate_control(): [T6_CLI] [T6] T_avg=24 t_max=28 hyst=5 → step_t=0 | RH_avg=38 rh_max=75 rh_min=50 hyst=12 rh_en=1 → step_rh=0 | resolved=0 (was cur_t=0 cur_rh=0)
[2026-05-14 18:13:53.214] [14730734][I][main.cpp:162] task_watchdog_heartbeat(): [GHC] T1 tick 29350  uptime 14730 s
[2026-05-14 18:13:58.232] [14735752][I][main.cpp:162] task_watchdog_heartbeat(): [GHC] T1 tick 29360  uptime 14735 s
[2026-05-14 18:14:03.250] [14740770][I][main.cpp:162] task_watchdog_heartbeat(): [GHC] T1 tick 29370  uptime 14740 s
[2026-05-14 18:14:08.268] [14745788][I][main.cpp:162] task_watchdog_heartbeat(): [GHC] T1 tick 29380  uptime 14745 s
[2026-05-14 18:14:13.286] [14750806][I][main.cpp:162] task_watchdog_heartbeat(): [GHC] T1 tick 29390  uptime 14750 s
[2026-05-14 18:14:18.304] [14755824][I][main.cpp:162] task_watchdog_heartbeat(): [GHC] T1 tick 29400  uptime 14755 s
[2026-05-14 18:14:19.476] [14756995][I][data_manager.cpp:230] read_rtc_and_seed_clock(): [T4] RTC: 2026-05-14 18:14:15 UTC  unix=1778782455  daytime=yes
[2026-05-14 18:14:21.489] [14759008][I][sensor_poll.cpp:359] task_sensor_poll(): [T5_SEN] [T5] iter 482 — woke from 30 s delay
[2026-05-14 18:14:21.497] [14759017][I][sensor_poll.cpp:395] task_sensor_poll(): [T5_SEN] [T5] iter 482 — polling FG6485A
[2026-05-14 18:14:21.528] [14759049][I][sensor_poll.cpp:432] task_sensor_poll(): [T5_SEN] [T5] iter 482 — polling S200
[2026-05-14 18:14:22.072] [14759588][I][sensor_poll.cpp:535] task_sensor_poll(): [T5_SEN] [T5] T=24°C RH=38% ws=0.0 m/s wd=0° | avg T=24 RH=38 ws=0.0 wd=0° [win T=12 RH=20 W=12]
[2026-05-14 18:14:22.092] [14759602][I][climate_control.cpp:434] task_climate_control(): [T6_CLI] [T6] T_avg=24 t_max=28 hyst=5 → step_t=0 | RH_avg=38 rh_max=75 rh_min=50 hyst=12 rh_en=1 → step_rh=0 | resolved=0 (was cur_t=0 cur_rh=0)
[2026-05-14 18:14:23.305] [14760822][E][status_post_supervisor.cpp:100] planned_reboot(): [T15] PLANNED REBOOT — T14 cumulative heap drop crossed 64 KB
[2026-05-14 18:14:23.322] [14760842][I][main.cpp:162] task_watchdog_heartbeat(): [GHC] T1 tick 29410  uptime 14760 s
[2026-05-14 18:14:23.565] [14761087][W][WiFiGeneric.cpp:1062] _eventCallback(): Reason: 8 - ASSOC_LEAVE
[2026-05-14 18:14:23.657] x��ESP-ROM:esp32s3-20210327
[2026-05-14 18:14:23.659] Build:Mar 27 2021
[2026-05-14 18:14:23.665] rst:0xc (RTC_SW_CPU_RST),boot:0x2b (SPI_FAST_FLASH_BOOT)
[2026-05-14 18:14:23.665] Saved PC:0x403778e0
[2026-05-14 18:14:23.667] SPIWP:0xee
[2026-05-14 18:14:23.668] mode:DIO, clock div:1
[2026-05-14 18:14:23.671] load:0x3fce3808,len:0x4bc
[2026-05-14 18:14:23.673] load:0x403c9700,len:0xbd8
[2026-05-14 18:14:23.676] load:0x403cc700,len:0x2a0c
[2026-05-14 18:14:23.678] entry 0x403c98d0
[2026-05-14 18:14:23.891] E (237) esp_core_dump_flash: No core dump partition found!
[2026-05-14 18:14:23.897] E (237) esp_core_dump_flash: No core dump partition found!
[2026-05-14 18:14:23.903] [   238][I][esp32-hal-psram.c:96] psramInit(): PSRAM enabled
[2026-05-14 18:14:24.128] [   472][I][main.cpp:340] setup(): [GHC] === Greenhouse Controller v1.18.3 ===
[2026-05-14 18:14:24.137] [   479][I][main.cpp:348] setup(): [GHC] Phase 0 boot — id=5C88  esp_reset_reason=3
[2026-05-14 18:14:24.140] [   487][I][main.cpp:368] setup(): [GHC] GPIO OK
[2026-05-14 18:14:24.149] [   491][I][esp32-hal-i2c.c:75] i2cInit(): Initialising I2C Master: sda=1 scl=2 freq=400000
[2026-05-14 18:14:24.155] [   500][I][main.cpp:372] setup(): [GHC] I2C OK
[2026-05-14 18:14:24.158] [   504][I][main.cpp:381] setup(): [GHC] RTC OK
[2026-05-14 18:14:24.164] [   510][I][main.cpp:391] setup(): [GHC] NVS OK
[2026-05-14 18:14:24.172] [   514][I][ota_manager.cpp:142] ota_check_rollback(): [T13_OTA] [OTA] Boot fail counter = 0
[2026-05-14 18:14:24.189] [   526][I][ota_manager.cpp:164] ota_check_rollback(): [T13_OTA] [OTA] Fail counter incremented to 1 (resets after 30000 ms healthy uptime)
[2026-05-14 18:14:24.195] [   539][I][main.cpp:405] setup(): [GHC] PIN auth OK
[2026-05-14 18:14:24.202] [   544][I][main.cpp:411] setup(): [GHC] WDT: T1 will subscribe at 500 ms kick interval
[2026-05-14 18:14:24.207] [   552][I][main.cpp:434] setup(): [GHC] RTOS primitives created
[2026-05-14 18:14:24.216] [   558][I][main.cpp:162] task_watchdog_heartbeat(): [GHC] T1 tick 0  uptime 0 s
[2026-05-14 18:14:24.225] [   566][I][relay_controller.cpp:701] task_relay_controller(): [T2] T2 starting
[2026-05-14 18:14:24.234] [   574][I][relay_controller.cpp:739] task_relay_controller(): [T2] CH1: travel=21 s  dwell_open=300 s  dwell_close=0 s
[2026-05-14 18:14:24.246] [   585][I][relay_controller.cpp:739] task_relay_controller(): [T2] CH2: travel=21 s  dwell_open=300 s  dwell_close=0 s
[2026-05-14 18:14:24.257] [   597][I][relay_controller.cpp:739] task_relay_controller(): [T2] CH3: travel=171 s  dwell_open=1500 s  dwell_close=600 s
[2026-05-14 18:14:24.269] [   608][I][relay_controller.cpp:751] task_relay_controller(): [T2] GPIO42 ISR attached (MOTOR_ALARM, CHANGE, not suppressed during MOVING)
[2026-05-14 18:14:24.283] [   621][I][relay_controller.cpp:818] task_relay_controller(): [T2] T2 boot calibration skipped — NVS-recovered window state (all three channels CLOSED)
[2026-05-14 18:14:24.292] [   635][I][safety_monitor.cpp:103] task_safety_monitor(): [T3_WIND] [T3] task alive
[2026-05-14 18:14:24.317] [   653][I][data_manager.cpp:639] task_data_manager(): [T4] NVS loaded — poll=30s  t_max_day=28°C  v_max=6 m/s  tz=CET-1CEST,M3.5.0,M10.5.0/3
[2026-05-14 18:14:24.328] [   667][I][data_manager.cpp:230] read_rtc_and_seed_clock(): [T4] RTC: 2026-05-14 18:14:20 UTC  unix=1778782460  daytime=yes
[2026-05-14 18:14:24.336] [   666][I][climate_control.cpp:330] task_climate_control(): [T6_CLI] [T6] task alive
[2026-05-14 18:14:24.342] [   686][I][keypad_scan.cpp:62] task_keypad_scan(): [T7_KPD] T7 task alive
[2026-05-14 18:14:24.348] [   693][I][ui_display.cpp:1660] task_ui_display(): [T8_UI] T8 task alive
[2026-05-14 18:14:24.357] [   700][I][event_logger.cpp:761] task_event_logger(): [T9_LOG] [T9] task alive
[2026-05-14 18:14:24.405] [   746][I][event_logger.cpp:588] sd_open_active_file(): [T9_LOG] [T9] Resuming log file /20260514031520.csv
[2026-05-14 18:14:24.413] [   756][I][event_logger.cpp:770] task_event_logger(): [T9_LOG] [T9] SD ready
[2026-05-14 18:14:24.433] [   764][I][network_manager.[   764[] [ I ]7[6m4a]i[nI.]c[pspt:a4t8u3s]_ psoesttu_ps(u)p:e r[vGiHsCo]r .Aclplp :t2a1s0k]s  tsapsakwseat- _phstusup rvisor(): [T15] T15 started — supervising T14 every 30000 ms
[2026-05-14 18:14:24.447] [   783][W][status_post_supervisor.cpp:195] load_persisted_state(): [T15] boot resumed from PLANNED REBOOT — clearing flag once T14 makes one successful POST
[2026-05-14 18:14:24.447] ning
[2026-05-14 18:14:24.452] cpp:668] task_network_manager(): [T10_NET] T10 task alive
[2026-05-14 18:14:24.458] [   798][I][web_server.cpp:1303] task_web_server(): [T11_WEB] T11 task alive
[2026-05-14 18:14:24.471] [   799][I][status_post.cpp:766] task_status_post(): [T14] T14 started — status reporting (idle until configured)
[2026-05-14 18:14:24.480] [   822][I][web_server.cpp:1318] task_web_server(): [T11_WEB] LittleFS partition A mounted OK
[2026-05-14 18:14:24.490] [   833][I][web_server.cpp:1320] task_web_server(): [T11_WEB] index.html: present
[2026-05-14 18:14:24.544] 
[2026-05-14 18:14:24.550] assert failed: tcpip_api_call IDF/components/lwip/lwip/src/api/tcpip.c:497 (Invalid mbox)
[2026-05-14 18:14:24.550] 
[2026-05-14 18:14:24.550] 
[2026-05-14 18:14:24.566] Backtrace: 0x40377caa:0x3fcb6bf0 0x4037d491:0x3fcb6c10 0x40383d2d:0x3fcb6c30 0x4203d909:0x3fcb6d60 0x420a1e3f:0x3fcb6d90 0x4201ccd9:0x3fcb6de0 0x420135c9:0x3fcb6e00
[2026-05-14 18:14:24.566] 
[2026-05-14 18:14:24.567] 
[2026-05-14 18:14:24.567] 
[2026-05-14 18:14:24.567] 
[2026-05-14 18:14:24.569] ELF file SHA256: 74189abfe6a102c4
[2026-05-14 18:14:24.569] 
[2026-05-14 18:14:24.577] E (908) esp_core_dump_flash: Core dump flash config is corrupted! CRC=0x7bd5c66f instead of 0x0
[2026-05-14 18:14:24.579] Rebooting...
[2026-05-14 18:14:24.587] ESP-ROM:esp32s3-20210327
[2026-05-14 18:14:24.589] Build:Mar 27 2021
[2026-05-14 18:14:24.595] rst:0xc (RTC_SW_CPU_RST),boot:0x2b (SPI_FAST_FLASH_BOOT)
[2026-05-14 18:14:24.595] Saved PC:0x403778e0
[2026-05-14 18:14:24.598] SPIWP:0xee
[2026-05-14 18:14:24.598] mode:DIO, clock div:1
[2026-05-14 18:14:24.600] load:0x3fce3808,len:0x4bc
[2026-05-14 18:14:24.603] load:0x403c9700,len:0xbd8
[2026-05-14 18:14:24.606] load:0x403cc700,len:0x2a0c
[2026-05-14 18:14:24.608] entry 0x403c98d0
[2026-05-14 18:14:24.821] E (237) esp_core_dump_flash: No core dump partition found!
[2026-05-14 18:14:24.826] E (237) esp_core_dump_flash: No core dump partition found!
[2026-05-14 18:14:24.833] [   238][I][esp32-hal-psram.c:96] psramInit(): PSRAM enabled
[2026-05-14 18:14:25.062] [   475][I][main.cpp:340] setup(): [GHC] === Greenhouse Controller v1.18.3 ===
[2026-05-14 18:14:25.070] [   482][I][main.cpp:348] setup(): [GHC] Phase 0 boot — id=5C88  esp_reset_reason=4
[2026-05-14 18:14:25.073] [   490][I][main.cpp:368] setup(): [GHC] GPIO OK
[2026-05-14 18:14:25.082] [   494][I][esp32-hal-i2c.c:75] i2cInit(): Initialising I2C Master: sda=1 scl=2 freq=400000
[2026-05-14 18:14:25.088] [   503][I][main.cpp:372] setup(): [GHC] I2C OK
[2026-05-14 18:14:25.092] [   508][I][main.cpp:381] setup(): [GHC] RTC OK
[2026-05-14 18:14:25.097] [   513][I][main.cpp:391] setup(): [GHC] NVS OK
[2026-05-14 18:14:25.105] [   517][I][ota_manager.cpp:142] ota_check_rollback(): [T13_OTA] [OTA] Boot fail counter = 1
[2026-05-14 18:14:25.122] [   529][I][ota_manager.cpp:164] ota_check_rollback(): [T13_OTA] [OTA] Fail counter incremented to 2 (resets after 30000 ms healthy uptime)
[2026-05-14 18:14:25.128] [   542][I][main.cpp:405] setup(): [GHC] PIN auth OK
[2026-05-14 18:14:25.134] [   547][I][main.cpp:411] setup(): [GHC] WDT: T1 will subscribe at 500 ms kick interval
[2026-05-14 18:14:25.140] [   555][I][main.cpp:434] setup(): [GHC] RTOS primitives created
[2026-05-14 18:14:25.149] [   561][I][main.cpp:162] task_watchdog_heartbeat(): [GHC] T1 tick 0  uptime 0 s
[2026-05-14 18:14:25.158] [   569][I][relay_controller.cpp:701] task_relay_controller(): [T2] T2 starting
[2026-05-14 18:14:25.167] [   577][I][relay_controller.cpp:739] task_relay_controller(): [T2] CH1: travel=21 s  dwell_open=300 s  dwell_close=0 s
[2026-05-14 18:14:25.179] [   588][I][relay_controller.cpp:739] task_relay_controller(): [T2] CH2: travel=21 s  dwell_open=300 s  dwell_close=0 s
[2026-05-14 18:14:25.190] [   600][I][relay_controller.cpp:739] task_relay_controller(): [T2] CH3: travel=171 s  dwell_open=1500 s  dwell_close=600 s
[2026-05-14 18:14:25.203] [   611][I][relay_controller.cpp:751] task_relay_controller(): [T2] GPIO42 ISR attached (MOTOR_ALARM, CHANGE, not suppressed during MOVING)
[2026-05-14 18:14:25.217] [   624][I][relay_controller.cpp:818] task_relay_controller(): [T2] T2 boot calibration skipped — NVS-recovered window state (all three channels CLOSED)
[2026-05-14 18:14:25.225] [   637][I][safety_monitor.cpp:103] task_safety_monitor(): [T3_WIND] [T3] task alive
[2026-05-14 18:14:25.250] [   656][I][data_manager.cpp:639] task_data_manager(): [T4] NVS loaded — poll=30s  t_max_day=28°C  v_max=6 m/s  tz=CET-1CEST,M3.5.0,M10.5.0/3
[2026-05-14 18:14:25.261] [   670][I][data_manager.cpp:230] read_rtc_and_seed_clock(): [T4] RTC: 2026-05-14 18:14:21 UTC  unix=1778782461  daytime=yes
[2026-05-14 18:14:25.269] [   670][I][climate_control.cpp:330] task_climate_control(): [T6_CLI] [T6] task alive
[2026-05-14 18:14:25.275] [   689][I][keypad_scan.cpp:62] task_keypad_scan(): [T7_KPD] T7 task alive
[2026-05-14 18:14:25.281] [   696][I][ui_display.cpp:1660] task_ui_display(): [T8_UI] T8 task alive
[2026-05-14 18:14:25.290] [   703][I][event_logger.cpp:761] task_event_logger(): [T9_LOG] [T9] task alive
[2026-05-14 18:14:25.338] [   748][I][event_logger.cpp:588] sd_open_active_file(): [T9_LOG] [T9] Resuming log file /20260514031520.csv
[2026-05-14 18:14:25.346] [   758][I][event_logger.cpp:770] task_event_logger(): [T9_LOG] [T9] SD ready
[2026-05-14 18:14:25.374] [   767][I][network_manager.cp[   [7 6 7 ]7[6I7]][[sIt]a[tmuasi_np.ocsptp_:s4u8p3e]r vsiestourp.(c)p:p :[2G1H0C]]  tAalslk _tsatsakss_pown_s -erchsou(er [T15] T15 started — supervising T14 every 30000 ms
[2026-05-14 18:14:25.374] running
[2026-05-14 18:14:25.379] p:668] task_network_manager(): [T10_NET] T10 task alive
[2026-05-14 18:14:25.385] [   794][I][web_server.cpp:1303] task_web_server(): [T11_WEB] T11 task alive
[2026-05-14 18:14:25.400] [   797][W][status_post_supervisor.cpp:195] load_persisted_state(): [T15] boot resumed from PLANNED REBOOT — clearing flag once T14 makes one successful POST
[2026-05-14 18:14:25.411] [   795][I][status_post.cpp:766] task_status_post(): [T14] T14 started — status reporting (idle until configured)
[2026-05-14 18:14:25.419] [   828][I][web_server.cpp:1318] task_web_server(): [T11_WEB] LittleFS partition A mounted OK
[2026-05-14 18:14:25.429] [   843][I][web_server.cpp:1320] task_web_server(): [T11_WEB] index.html: present
[2026-05-14 18:14:25.440] [   845][I][network_manager.cpp:677] task_network_manager(): [T10_NET] NVS WiFi: ssid='casaminerva_nomap' psk=***
[2026-05-14 18:14:25.451] [   862][I][web_server.cpp:1329] task_web_server(): [T11_WEB] HTTP server started on port 80
[2026-05-14 18:14:25.522] [   932][I][network_manager.cpp:689] task_network_manager(): [T10_NET] AP SSID will be 'Greenhouse-5C88'
[2026-05-14 18:14:25.532] [   942][I][network_manager.cpp:698] task_network_manager(): [T10_NET] Connecting to SSID 'casaminerva_nomap'
[2026-05-14 18:14:25.546] [   958][I][ui_display.cpp:1674] task_ui_display(): [T8_UI] LCD init OK (0x3E)
[2026-05-14 18:14:26.452] [  1863][I][data_manager.cpp:894] dm_status_snapshot(): [T4] Asset version (from manifest.json): 1.18.3
[2026-05-14 18:14:30.166] [  5578][I][main.cpp:162] task_watchdog_heartbeat(): [GHC] T1 tick 10  uptime 5 s
[2026-05-14 18:14:30.590] [  6000][I][network_manager.cpp:560] step_client(): [T10_NET] WiFi connected: IP=192.168.20.150 RSSI=-36 dBm
[2026-05-14 18:14:30.599] [  6010][I][network_manager.cpp:493] run_ntp_sync(): [T10_NET] Starting NTP sync (pool.ntp.org)
[2026-05-14 18:14:31.607] [  7019][I][network_manager.cpp:517] run_ntp_sync(): [T10_NET] NTP sync OK — unix=1778782467
[2026-05-14 18:14:31.617] [  7028][I][network_manager.cpp:434] do_geo_sync(): [T10_NET] Starting geo/timezone sync via ip-api.com
[2026-05-14 18:14:31.713] [  7123][I][network_manager.cpp:456] do_geo_sync(): [T10_NET] Geo: lat=52.2181 lon=5.9391 timezone='Europe/Amsterdam'
[2026-05-14 18:14:31.726] [  7134][I][network_manager.cpp:475] do_geo_sync(): [T10_NET] TZ applied: 'CET-1CEST,M3.5.0,M10.5.0/3'  (IANA='Europe/Amsterdam')
[2026-05-14 18:14:32.270] [  7682][I][data_manager.cpp:494] apply_config_update(): [T4] Q4 applied: system/lat_deg = 52
[2026-05-14 18:14:32.278] [  7691][I][data_manager.cpp:494] apply_config_update(): [T4] Q4 applied: system/lat_frac = 218
[2026-05-14 18:14:32.288] [  7700][I][data_manager.cpp:494] apply_config_update(): [T4] Q4 applied: system/lon_deg = 5
[2026-05-14 18:14:32.297] [  7709][I][data_manager.cpp:494] apply_config_update(): [T4] Q4 applied: system/lon_frac = 939
[2026-05-14 18:14:32.308] [  7718][I][data_manager.cpp:590] handle_ntp_sync(): [T4] TN4: DS1307 updated → 2026-05-14 18:14:28 UTC
[2026-05-14 18:14:33.259] [  8670][I][sensor_poll.cpp:329] task_sensor_poll(): [T5_SEN] [T5] task alive — boot grace expired
[2026-05-14 18:14:33.268] [  8679][I][sensor_poll.cpp:332] task_sensor_poll(): [T5_SEN] [T5] calling modbus_init...
[2026-05-14 18:14:33.279] [  8688][I][sensor_poll.cpp:334] task_sensor_poll(): [T5_SEN] [T5] Modbus RTU initialised (9600 baud) — init complete
[2026-05-14 18:14:35.183] [ 10595][I][main.cpp:162] task_watchdog_heartbeat(): [GHC] T1 tick 20  uptime 10 s
[2026-05-14 18:14:40.200] [ 15612][I][main.cpp:162] task_watchdog_heartbeat(): [GHC] T1 tick 30  uptime 15 s
[2026-05-14 18:14:45.217] [ 20629][I][main.cpp:162] task_watchdog_heartbeat(): [GHC] T1 tick 40  uptime 20 s
[2026-05-14 18:14:50.234] [ 25646][I][main.cpp:162] task_watchdog_heartbeat(): [GHC] T1 tick 50  uptime 25 s
[2026-05-14 18:14:55.251] [ 30663][I][main.cpp:162] task_watchdog_heartbeat(): [GHC] T1 tick 60  uptime 30 s
[2026-05-14 18:14:55.266] [ 30675][I][ota_manager.cpp:170] ota_mark_healthy(): [T13_OTA] [OTA] Boot marked healthy — fail counter reset to 0
[2026-05-14 18:14:55.414] [ 30822][I][status_post_supervisor.cpp:263] task_status_post_supervisor(): [T15] planned-reboot flag cleared (T14 healthy)
[2026-05-14 18:15:00.283] [ 35695][I][main.cpp:162] task_watchdog_heartbeat(): [GHC] T1 tick 70  uptime 35 s
[2026-05-14 18:15:03.287] [ 38698][I][sensor_poll.cpp:359] task_sensor_poll(): [T5_SEN] [T5] iter 1 — woke from 30 s delay
[2026-05-14 18:15:03.296] [ 38707][I][sensor_poll.cpp:378] task_sensor_poll(): [T5_SEN] [T5] T avg window → 12 sample(s)
[2026-05-14 18:15:03.304] [ 38715][I][sensor_poll.cpp:383] task_sensor_poll(): [T5_SEN] [T5] RH avg window → 20 sample(s)
[2026-05-14 18:15:03.313] [ 38724][I][sensor_poll.cpp:389] task_sensor_poll(): [T5_SEN] [T5] Wind avg window → 12 sample(s)
[2026-05-14 18:15:03.321] [ 38733][I][sensor_poll.cpp:395] task_sensor_poll(): [T5_SEN] [T5] iter 1 — polling FG6485A
[2026-05-14 18:15:03.353] [ 38765][I][sensor_poll.cpp:432] task_sensor_poll(): [T5_SEN] [T5] iter 1 — polling S200
[2026-05-14 18:15:03.893] [ 39303][W][sensor_poll.cpp:460] task_sensor_poll(): [T5_SEN] [T5] Wind sensor FAULT — two consecutive read failures
[2026-05-14 18:15:03.907] [ 39313][I][sensor_poll.cpp:535] task_sensor_poll(): [T5_SEN] [T5] T=24°C RH=38% ws=0.0 m/s wd=0° | avg T=24 RH=38 ws=0.0 wd=0° [win T=12 RH=20 W=12]
[2026-05-14 18:15:03.926] [ 39327][I][climate_control.cpp:434] task_climate_control(): [T6_CLI] [T6] T_avg=24 t_max=28 hyst=5 → step_t=0 | RH_avg=38 rh_max=75 rh_min=50 hyst=12 rh_en=1 → step_rh=0 | resolved=0 (was cur_t=0 cur_rh=0)
[2026-05-14 18:15:05.300] [ 40712][I][main.cpp:162] task_watchdog_heartbeat(): [GHC] T1 tick 80  uptime 40 s
[2026-05-14 18:15:10.317] [ 45729][I][main.cpp:162] task_watchdog_heartbeat(): [GHC] T1 tick 90  uptime 45 s
[2026-05-14 18:15:15.334] [ 50746][I][main.cpp:162] task_watchdog_heartbeat(): [GHC] T1 tick 100  uptime 50 s
[2026-05-14 18:15:20.351] [ 55763][I][main.cpp:162] task_watchdog_heartbeat(): [GHC] T1 tick 110  uptime 55 s
[2026-05-14 18:15:25.368] [ 60780][I][main.cpp:162] task_watchdog_heartbeat(): [GHC] T1 tick 120  uptime 60 s
[2026-05-14 18:15:30.385] [ 65797][I][main.cpp:162] task_watchdog_heartbeat(): [GHC] T1 tick 130  uptime 65 s
[2026-05-14 18:15:31.908] [ 67316][I][data_manager.cpp:230] read_rtc_and_seed_clock(): [T4] RTC: 2026-05-14 18:15:27 UTC  unix=1778782527  daytime=yes
[2026-05-14 18:15:33.917] [ 69327][I][sensor_poll.cpp:359] task_sensor_poll(): [T5_SEN] [T5] iter 2 — woke from 30 s delay
[2026-05-14 18:15:33.924] [ 69336][I][sensor_poll.cpp:395] task_sensor_poll(): [T5_SEN] [T5] iter 2 — polling FG6485A
[2026-05-14 18:15:33.957] [ 69368][I][sensor_poll.cpp:432] task_sensor_poll(): [T5_SEN] [T5] iter 2 — polling S200
[2026-05-14 18:15:34.499] [ 69906][I][sensor_poll.cpp:535] task_sensor_poll(): [T5_SEN] [T5] T=24°C RH=38% ws=0.0 m/s wd=0° | avg T=24 RH=38 ws=0.0 wd=0° [win T=12 RH=20 W=12]
[2026-05-14 18:15:34.519] [ 69919][I][climate_control.cpp:434] task_climate_control(): [T6_CLI] [T6] T_avg=24 t_max=28 hyst=5 → step_t=0 | RH_avg=38 rh_max=75 rh_min=50 hyst=12 rh_en=1 → step_rh=0 | resolved=0 (was cur_t=0 cur_rh=0)
[2026-05-14 18:15:35.402] [ 70814][I][main.cpp:162] task_watchdog_heartbeat(): [GHC] T1 tick 140  uptime 70 s
[2026-05-14 18:15:40.419] [ 75831][I][main.cpp:162] task_watchdog_heartbeat(): [GHC] T1 tick 150  uptime 75 s
[2026-05-14 18:15:45.436] [ 80848][I][main.cpp:162] task_watchdog_heartbeat(): [GHC] T1 tick 160  uptime 80 s
[2026-05-14 18:15:50.453] [ 85865][I][main.cpp:162] task_watchdog_heartbeat(): [GHC] T1 tick 170  uptime 85 s
[2026-05-14 18:15:55.470] [ 90882][I][main.cpp:162] task_watchdog_heartbeat(): [GHC] T1 tick 180  uptime 90 s
[2026-05-14 18:16:00.488] [ 95900][I][main.cpp:162] task_watchdog_heartbeat(): [GHC] T1 tick 190  uptime 95 s
[2026-05-14 18:16:04.510] [ 99920][I][sensor_poll.cpp:359] task_sensor_poll(): [T5_SEN] [T5] iter 3 — woke from 30 s delay
[2026-05-14 18:16:04.517] [ 99929][I][sensor_poll.cpp:395] task_sensor_poll(): [T5_SEN] [T5] iter 3 — polling FG6485A
[2026-05-14 18:16:04.550] [ 99961][I][sensor_poll.cpp:432] task_sensor_poll(): [T5_SEN] [T5] iter 3 — polling S200
[2026-05-14 18:16:05.092] [100499][I][sensor_poll.cpp:535] task_sensor_poll(): [T5_SEN] [T5] T=24°C RH=38% ws=0.0 m/s wd=0° | avg T=24 RH=38 ws=0.0 wd=0° [win T=12 RH=20 W=12]
[2026-05-14 18:16:05.112] [100512][I][climate_control.cpp:434] task_climate_control(): [T6_CLI] [T6] T_avg=24 t_max=28 hyst=5 → step_t=0 | RH_avg=38 rh_max=75 rh_min=50 hyst=12 rh_en=1 → step_rh=0 | resolved=0 (was cur_t=0 cur_rh=0)
[2026-05-14 18:16:05.505] [100917][I][main.cpp:162] task_watchdog_heartbeat(): [GHC] T1 tick 200  uptime 100 s
[2026-05-14 18:16:10.523] [105934][I][main.cpp:162] task_watchdog_heartbeat(): [GHC] T1 tick 210  uptime 105 s
[2026-05-14 18:16:15.540] [110951][I][main.cpp:162] task_watchdog_heartbeat(): [GHC] T1 tick 220  uptime 110 s
[2026-05-14 18:16:20.556] [115968][I][main.cpp:162] task_watchdog_heartbeat(): [GHC] T1 tick 230  uptime 115 s
[2026-05-14 18:16:25.574] [120985][I][main.cpp:162] task_watchdog_heartbeat(): [GHC] T1 tick 240  uptime 120 s
[2026-05-14 18:16:30.591] [126002][I][main.cpp:162] task_watchdog_heartbeat(): [GHC] T1 tick 250  uptime 126 s
[2026-05-14 18:16:31.093] [126501][I][data_manager.cpp:230] read_rtc_and_seed_clock(): [T4] RTC: 2026-05-14 18:16:26 UTC  unix=1778782586  daytime=yes
[2026-05-14 18:16:35.103] [130513][I][sensor_poll.cpp:359] task_sensor_poll(): [T5_SEN] [T5] iter 4 — woke from 30 s delay
[2026-05-14 18:16:35.111] [130522][I][sensor_poll.cpp:395] task_sensor_poll(): [T5_SEN] [T5] iter 4 — polling FG6485A
[2026-05-14 18:16:35.143] [130554][I][sensor_poll.cpp:432] task_sensor_poll(): [T5_SEN] [T5] iter 4 — polling S200
[2026-05-14 18:16:35.608] [131019][I][main.cpp:162] task_watchdog_heartbeat(): [GHC] T1 tick 260  uptime 131 s
[2026-05-14 18:16:35.685] [131092][I][sensor_poll.cpp:535] task_sensor_poll(): [T5_SEN] [T5] T=24°C RH=38% ws=0.0 m/s wd=0° | avg T=24 RH=38 ws=0.0 wd=0° [win T=12 RH=20 W=12]
[2026-05-14 18:16:35.705] [131105][I][climate_control.cpp:434] task_climate_control(): [T6_CLI] [T6] T_avg=24 t_max=28 hyst=5 → step_t=0 | RH_avg=38 rh_max=75 rh_min=50 hyst=12 rh_en=1 → step_rh=0 | resolved=0 (was cur_t=0 cur_rh=0)
[2026-05-14 18:16:40.625] [136036][I][main.cpp:162] task_watchdog_heartbeat(): [GHC] T1 tick 270  uptime 136 s
[2026-05-14 18:16:45.642] [141053][I][main.cpp:162] task_watchdog_heartbeat(): [GHC] T1 tick 280  uptime 141 s
[2026-05-14 18:16:50.659] [146070][I][main.cpp:162] task_watchdog_heartbeat(): [GHC] T1 tick 290  uptime 146 s
[2026-05-14 18:16:55.676] [151087][I][main.cpp:162] task_watchdog_heartbeat(): [GHC] T1 tick 300  uptime 151 s
[2026-05-14 18:17:00.694] [156105][I][main.cpp:162] task_watchdog_heartbeat(): [GHC] T1 tick 310  uptime 156 s
[2026-05-14 18:17:05.696] [161106][I][sensor_poll.cpp:359] task_sensor_poll(): [T5_SEN] [T5] iter 5 — woke from 30 s delay
[2026-05-14 18:17:05.705] [161115][I][sensor_poll.cpp:395] task_sensor_poll(): [T5_SEN] [T5] iter 5 — polling FG6485A
[2026-05-14 18:17:05.712] [161122][I][main.cpp:162] task_watchdog_heartbeat(): [GHC] T1 tick 320  uptime 161 s
[2026-05-14 18:17:05.745] [161155][I][sensor_poll.cpp:432] task_sensor_poll(): [T5_SEN] [T5] iter 5 — polling S200
[2026-05-14 18:17:06.287] [161693][I][sensor_poll.cpp:535] task_sensor_poll(): [T5_SEN] [T5] T=24°C RH=38% ws=0.0 m/s wd=0° | avg T=24 RH=38 ws=0.0 wd=0° [win T=12 RH=20 W=12]
[2026-05-14 18:17:06.306] [161706][I][climate_control.cpp:434] task_climate_control(): [T6_CLI] [T6] T_avg=24 t_max=28 hyst=5 → step_t=0 | RH_avg=38 rh_max=75 rh_min=50 hyst=12 rh_en=1 → step_rh=0 | resolved=0 (was cur_t=0 cur_rh=0)
[2026-05-14 18:17:10.729] [166140][I][main.cpp:162] task_watchdog_heartbeat(): [GHC] T1 tick 330  uptime 166 s
[2026-05-14 18:17:15.746] [171157][I][main.cpp:162] task_watchdog_heartbeat(): [GHC] T1 tick 340  uptime 171 s
[2026-05-14 18:17:20.763] [176174][I][main.cpp:162] task_watchdog_heartbeat(): [GHC] T1 tick 350  uptime 176 s
[2026-05-14 18:17:25.780] [181191][I][main.cpp:162] task_watchdog_heartbeat(): [GHC] T1 tick 360  uptime 181 s
[2026-05-14 18:17:30.286] [185694][I][data_manager.cpp:230] read_rtc_and_seed_clock(): [T4] RTC: 2026-05-14 18:17:25 UTC  unix=1778782645  daytime=yes
[2026-05-14 18:17:30.797] [186208][I][main.cpp:162] task_watchdog_heartbeat(): [GHC] T1 tick 370  uptime 186 s
[2026-05-14 18:17:35.814] [191225][I][main.cpp:162] task_watchdog_heartbeat(): [GHC] T1 tick 380  uptime 191 s
[2026-05-14 18:17:36.297] [191707][I][sensor_poll.cpp:359] task_sensor_poll(): [T5_SEN] [T5] iter 6 — woke from 30 s delay
[2026-05-14 18:17:36.305] [191716][I][sensor_poll.cpp:395] task_sensor_poll(): [T5_SEN] [T5] iter 6 — polling FG6485A
[2026-05-14 18:17:36.337] [191747][I][sensor_poll.cpp:432] task_sensor_poll(): [T5_SEN] [T5] iter 6 — polling S200
[2026-05-14 18:17:36.879] [192285][I][sensor_poll.cpp:535] task_sensor_poll(): [T5_SEN] [T5] T=24°C RH=38% ws=0.0 m/s wd=0° | avg T=24 RH=38 ws=0.0 wd=0° [win T=12 RH=20 W=12]
[2026-05-14 18:17:36.898] [192298][I][climate_control.cpp:434] task_climate_control(): [T6_CLI] [T6] T_avg=24 t_max=28 hyst=5 → step_t=0 | RH_avg=38 rh_max=75 rh_min=50 hyst=12 rh_en=1 → step_rh=0 | resolved=0 (was cur_t=0 cur_rh=0)
[2026-05-14 18:17:40.831] [196242][I][main.cpp:162] task_watchdog_heartbeat(): [GHC] T1 tick 390  uptime 196 s
[2026-05-14 18:17:45.848] [201259][I][main.cpp:162] task_watchdog_heartbeat(): [GHC] T1 tick 400  uptime 201 s
[2026-05-14 18:17:50.865] [206276][I][main.cpp:162] task_watchdog_heartbeat(): [GHC] T1 tick 410  uptime 206 s
[2026-05-14 18:17:55.882] [211293][I][main.cpp:162] task_watchdog_heartbeat(): [GHC] T1 tick 420  uptime 211 s
[2026-05-14 18:18:00.900] [216311][I][main.cpp:162] task_watchdog_heartbeat(): [GHC] T1 tick 430  uptime 216 s
[2026-05-14 18:18:05.917] [221328][I][main.cpp:162] task_watchdog_heartbeat(): [GHC] T1 tick 440  uptime 221 s
[2026-05-14 18:18:06.890] [222299][I][sensor_poll.cpp:359] task_sensor_poll(): [T5_SEN] [T5] iter 7 — woke from 30 s delay
[2026-05-14 18:18:06.897] [222308][I][sensor_poll.cpp:395] task_sensor_poll(): [T5_SEN] [T5] iter 7 — polling FG6485A
[2026-05-14 18:18:06.930] [222340][I][sensor_poll.cpp:432] task_sensor_poll(): [T5_SEN] [T5] iter 7 — polling S200
[2026-05-14 18:18:07.472] [222878][I][sensor_poll.cpp:535] task_sensor_poll(): [T5_SEN] [T5] T=24°C RH=38% ws=0.0 m/s wd=0° | avg T=24 RH=38 ws=0.0 wd=0° [win T=12 RH=20 W=12]
[2026-05-14 18:18:07.492] [222891][I][climate_control.cpp:434] task_climate_control(): [T6_CLI] [T6] T_avg=24 t_max=28 hyst=5 → step_t=0 | RH_avg=38 rh_max=75 rh_min=50 hyst=12 rh_en=1 → step_rh=0 | resolved=0 (was cur_t=0 cur_rh=0)
[2026-05-14 18:18:10.934] [226345][I][main.cpp:162] task_watchdog_heartbeat(): [GHC] T1 tick 450  uptime 226 s
[2026-05-14 18:18:15.951] [231362][I][main.cpp:162] task_watchdog_heartbeat(): [GHC] T1 tick 460  uptime 231 s
[2026-05-14 18:18:20.968] [236379][I][main.cpp:162] task_watchdog_heartbeat(): [GHC] T1 tick 470  uptime 236 s
[2026-05-14 18:18:25.985] [241396][I][main.cpp:162] task_watchdog_heartbeat(): [GHC] T1 tick 480  uptime 241 s
[2026-05-14 18:18:29.473] [244880][I][data_manager.cpp:230] read_rtc_and_seed_clock(): [T4] RTC: 2026-05-14 18:18:25 UTC  unix=1778782705  daytime=yes
[2026-05-14 18:18:31.002] [246413][I][main.cpp:162] task_watchdog_heartbeat(): [GHC] T1 tick 490  uptime 246 s
[2026-05-14 18:18:36.019] [251430][I][main.cpp:162] task_watchdog_heartbeat(): [GHC] T1 tick 500  uptime 251 s
[2026-05-14 18:18:37.483] [252892][I][sensor_poll.cpp:359] task_sensor_poll(): [T5_SEN] [T5] iter 8 — woke from 30 s delay
[2026-05-14 18:18:37.490] [252901][I][sensor_poll.cpp:395] task_sensor_poll(): [T5_SEN] [T5] iter 8 — polling FG6485A
[2026-05-14 18:18:37.523] [252933][I][sensor_poll.cpp:432] task_sensor_poll(): [T5_SEN] [T5] iter 8 — polling S200
[2026-05-14 18:18:38.065] [253471][I][sensor_poll.cpp:535] task_sensor_poll(): [T5_SEN] [T5] T=24°C RH=38% ws=0.0 m/s wd=0° | avg T=24 RH=38 ws=0.0 wd=0° [win T=12 RH=20 W=12]
[2026-05-14 18:18:38.085] [253484][I][climate_control.cpp:434] task_climate_control(): [T6_CLI] [T6] T_avg=24 t_max=28 hyst=5 → step_t=0 | RH_avg=38 rh_max=75 rh_min=50 hyst=12 rh_en=1 → step_rh=0 | resolved=0 (was cur_t=0 cur_rh=0)
[2026-05-14 18:18:41.036] [256447][I][main.cpp:162] task_watchdog_heartbeat(): [GHC] T1 tick 510  uptime 256 s
[2026-05-14 18:18:46.053] [261464][I][main.cpp:162] task_watchdog_heartbeat(): [GHC] T1 tick 520  uptime 261 s
[2026-05-14 18:18:51.070] [266481][I][main.cpp:162] task_watchdog_heartbeat(): [GHC] T1 tick 530  uptime 266 s
[2026-05-14 18:18:56.087] [271498][I][main.cpp:162] task_watchdog_heartbeat(): [GHC] T1 tick 540  uptime 271 s
[2026-05-14 18:19:01.105] [276516][I][main.cpp:162] task_watchdog_heartbeat(): [GHC] T1 tick 550  uptime 276 s
[2026-05-14 18:19:06.122] [281533][I][main.cpp:162] task_watchdog_heartbeat(): [GHC] T1 tick 560  uptime 281 s
[2026-05-14 18:19:08.076] [283485][I][sensor_poll.cpp:359] task_sensor_poll(): [T5_SEN] [T5] iter 9 — woke from 30 s delay
[2026-05-14 18:19:08.084] [283494][I][sensor_poll.cpp:395] task_sensor_poll(): [T5_SEN] [T5] iter 9 — polling FG6485A
[2026-05-14 18:19:08.116] [283526][I][sensor_poll.cpp:432] task_sensor_poll(): [T5_SEN] [T5] iter 9 — polling S200
[2026-05-14 18:19:08.658] [284064][I][sensor_poll.cpp:535] task_sensor_poll(): [T5_SEN] [T5] T=24°C RH=38% ws=0.0 m/s wd=0° | avg T=24 RH=38 ws=0.0 wd=0° [win T=12 RH=20 W=12]
[2026-05-14 18:19:08.678] [284077][I][climate_control.cpp:434] task_climate_control(): [T6_CLI] [T6] T_avg=24 t_max=28 hyst=5 → step_t=0 | RH_avg=38 rh_max=75 rh_min=50 hyst=12 rh_en=1 → step_rh=0 | resolved=0 (was cur_t=0 cur_rh=0)
[2026-05-14 18:19:11.139] [286550][I][main.cpp:162] task_watchdog_heartbeat(): [GHC] T1 tick 570  uptime 286 s
[2026-05-14 18:19:16.156] [291567][I][main.cpp:162] task_watchdog_heartbeat(): [GHC] T1 tick 580  uptime 291 s
[2026-05-14 18:19:21.174] [296584][I][main.cpp:162] task_watchdog_heartbeat(): [GHC] T1 tick 590  uptime 296 s
[2026-05-14 18:19:26.191] [301601][I][main.cpp:162] task_watchdog_heartbeat(): [GHC] T1 tick 600  uptime 301 s
[2026-05-14 18:19:28.659] [304066][I][data_manager.cpp:230] read_rtc_and_seed_clock(): [T4] RTC: 2026-05-14 18:19:24 UTC  unix=1778782764  daytime=yes
[2026-05-14 18:19:31.208] [306618][I][main.cpp:162] task_watchdog_heartbeat(): [GHC] T1 tick 610  uptime 306 s
[2026-05-14 18:19:36.225] [311635][I][main.cpp:162] task_watchdog_heartbeat(): [GHC] T1 tick 620  uptime 311 s
[2026-05-14 18:19:38.669] [314078][I][sensor_poll.cpp:359] task_sensor_poll(): [T5_SEN] [T5] iter 10 — woke from 30 s delay
[2026-05-14 18:19:38.677] [314087][I][sensor_poll.cpp:395] task_sensor_poll(): [T5_SEN] [T5] iter 10 — polling FG6485A
[2026-05-14 18:19:38.710] [314119][I][sensor_poll.cpp:432] task_sensor_poll(): [T5_SEN] [T5] iter 10 — polling S200
[2026-05-14 18:19:39.251] [314657][I][sensor_poll.cpp:535] task_sensor_poll(): [T5_SEN] [T5] T=24°C RH=38% ws=0.0 m/s wd=0° | avg T=24 RH=38 ws=0.0 wd=0° [win T=12 RH=20 W=12]
[2026-05-14 18:19:39.271] [314670][I][climate_control.cpp:434] task_climate_control(): [T6_CLI] [T6] T_avg=24 t_max=28 hyst=5 → step_t=0 | RH_avg=38 rh_max=75 rh_min=50 hyst=12 rh_en=1 → step_rh=0 | resolved=0 (was cur_t=0 cur_rh=0)
[2026-05-14 18:19:41.242] [316652][I][main.cpp:162] task_watchdog_heartbeat(): [GHC] T1 tick 630  uptime 316 s
[2026-05-14 18:19:46.259] [321669][I][main.cpp:162] task_watchdog_heartbeat(): [GHC] T1 tick 640  uptime 321 s
[2026-05-14 18:19:51.276] [326686][I][main.cpp:162] task_watchdog_heartbeat(): [GHC] T1 tick 650  uptime 326 s
[2026-05-14 18:19:56.293] [331703][I][main.cpp:162] task_watchdog_heartbeat(): [GHC] T1 tick 660  uptime 331 s
[2026-05-14 18:20:01.311] [336721][I][main.cpp:162] task_watchdog_heartbeat(): [GHC] T1 tick 670  uptime 336 s
[2026-05-14 18:20:06.328] [341738][I][main.cpp:162] task_watchdog_heartbeat(): [GHC] T1 tick 680  uptime 341 s
[2026-05-14 18:20:09.262] [344671][I][sensor_poll.cpp:359] task_sensor_poll(): [T5_SEN] [T5] iter 11 — woke from 30 s delay
[2026-05-14 18:20:09.270] [344680][I][sensor_poll.cpp:395] task_sensor_poll(): [T5_SEN] [T5] iter 11 — polling FG6485A
[2026-05-14 18:20:09.302] [344712][I][sensor_poll.cpp:432] task_sensor_poll(): [T5_SEN] [T5] iter 11 — polling S200
[2026-05-14 18:20:09.845] [345250][I][sensor_poll.cpp:535] task_sensor_poll(): [T5_SEN] [T5] T=24°C RH=38% ws=0.0 m/s wd=0° | avg T=24 RH=38 ws=0.0 wd=0° [win T=12 RH=20 W=12]
[2026-05-14 18:20:09.864] [345263][I][climate_control.cpp:434] task_climate_control(): [T6_CLI] [T6] T_avg=24 t_max=28 hyst=5 → step_t=0 | RH_avg=38 rh_max=75 rh_min=50 hyst=12 rh_en=1 → step_rh=0 | resolved=0 (was cur_t=0 cur_rh=0)
[2026-05-14 18:20:11.345] [346755][I][main.cpp:162] task_watchdog_heartbeat(): [GHC] T1 tick 690  uptime 346 s
[2026-05-14 18:20:16.362] [351772][I][main.cpp:162] task_watchdog_heartbeat(): [GHC] T1 tick 700  uptime 351 s
[2026-05-14 18:20:21.379] [356789][I][main.cpp:162] task_watchdog_heartbeat(): [GHC] T1 tick 710  uptime 356 s
[2026-05-14 18:20:26.396] [361806][I][main.cpp:162] task_watchdog_heartbeat(): [GHC] T1 tick 720  uptime 361 s
[2026-05-14 18:20:27.845] [363251][I][data_manager.cpp:230] read_rtc_and_seed_clock(): [T4] RTC: 2026-05-14 18:20:23 UTC  unix=1778782823  daytime=yes
[2026-05-14 18:20:31.413] [366823][I][main.cpp:162] task_watchdog_heartbeat(): [GHC] T1 tick 730  uptime 366 s
[2026-05-14 18:20:36.430] [371840][I][main.cpp:162] task_watchdog_heartbeat(): [GHC] T1 tick 740  uptime 371 s
[2026-05-14 18:20:39.856] [375264][I][sensor_poll.cpp:359] task_sensor_poll(): [T5_SEN] [T5] iter 12 — woke from 30 s delay
[2026-05-14 18:20:39.863] [375273][I][sensor_poll.cpp:395] task_sensor_poll(): [T5_SEN] [T5] iter 12 — polling FG6485A
[2026-05-14 18:20:39.896] [375305][I][sensor_poll.cpp:432] task_sensor_poll(): [T5_SEN] [T5] iter 12 — polling S200
[2026-05-14 18:20:40.438] [375843][I][sensor_poll.cpp:535] task_sensor_poll(): [T5_SEN] [T5] T=24°C RH=38% ws=0.0 m/s wd=0° | avg T=24 RH=38 ws=0.0 wd=0° [win T=12 RH=20 W=12]
[2026-05-14 18:20:40.457] [375856][I][climate_control.cpp:434] task_climate_control(): [T6_CLI] [T6] T_avg=24 t_max=28 hyst=5 → step_t=0 | RH_avg=38 rh_max=75 rh_min=50 hyst=12 rh_en=1 → step_rh=0 | resolved=0 (was cur_t=0 cur_rh=0)
[2026-05-14 18:20:41.447] [376857][I][main.cpp:162] task_watchdog_heartbeat(): [GHC] T1 tick 750  uptime 376 s
[2026-05-14 18:20:46.464] [381874][I][main.cpp:162] task_watchdog_heartbeat(): [GHC] T1 tick 760  uptime 381 s
[2026-05-14 18:20:51.481] [386891][I][main.cpp:162] task_watchdog_heartbeat(): [GHC] T1 tick 770  uptime 386 s
[2026-05-14 18:20:56.498] [391908][I][main.cpp:162] task_watchdog_heartbeat(): [GHC] T1 tick 780  uptime 391 s
[2026-05-14 18:21:01.516] [396926][I][main.cpp:162] task_watchdog_heartbeat(): [GHC] T1 tick 790  uptime 396 s
[2026-05-14 18:21:06.533] [401943][I][main.cpp:162] task_watchdog_heartbeat(): [GHC] T1 tick 800  uptime 401 s
[2026-05-14 18:21:10.449] [405857][I][sensor_poll.cpp:359] task_sensor_poll(): [T5_SEN] [T5] iter 13 — woke from 30 s delay
[2026-05-14 18:21:10.456] [405866][I][sensor_poll.cpp:395] task_sensor_poll(): [T5_SEN] [T5] iter 13 — polling FG6485A
[2026-05-14 18:21:10.489] [405898][I][sensor_poll.cpp:432] task_sensor_poll(): [T5_SEN] [T5] iter 13 — polling S200
[2026-05-14 18:21:11.031] [406436][I][sensor_poll.cpp:535] task_sensor_poll(): [T5_SEN] [T5] T=24°C RH=38% ws=0.0 m/s wd=0° | avg T=24 RH=38 ws=0.0 wd=0° [win T=12 RH=20 W=12]
[2026-05-14 18:21:11.050] [406449][I][climate_control.cpp:434] task_climate_control(): [T6_CLI] [T6] T_avg=24 t_max=28 hyst=5 → step_t=0 | RH_avg=38 rh_max=75 rh_min=50 hyst=12 rh_en=1 → step_rh=0 | resolved=0 (was cur_t=0 cur_rh=0)
[2026-05-14 18:21:11.550] [406960][I][main.cpp:162] task_watchdog_heartbeat(): [GHC] T1 tick 810  uptime 406 s
[2026-05-14 18:21:16.567] [411977][I][main.cpp:162] task_watchdog_heartbeat(): [GHC] T1 tick 820  uptime 411 s
[2026-05-14 18:21:21.584] [416994][I][main.cpp:162] task_watchdog_heartbeat(): [GHC] T1 tick 830  uptime 416 s
[2026-05-14 18:21:26.601] [422011][I][main.cpp:162] task_watchdog_heartbeat(): [GHC] T1 tick 840  uptime 422 s
[2026-05-14 18:21:27.031] [422437][I][data_manager.cpp:230] read_rtc_and_seed_clock(): [T4] RTC: 2026-05-14 18:21:22 UTC  unix=1778782882  daytime=yes
[2026-05-14 18:21:31.618] [427028][I][main.cpp:162] task_watchdog_heartbeat(): [GHC] T1 tick 850  uptime 427 s
[2026-05-14 18:21:36.635] [432045][I][main.cpp:162] task_watchdog_heartbeat(): [GHC] T1 tick 860  uptime 432 s
[2026-05-14 18:21:41.042] [436450][I][sensor_poll.cpp:359] task_sensor_poll(): [T5_SEN] [T5] iter 14 — woke from 30 s delay
[2026-05-14 18:21:41.050] [436459][I][sensor_poll.cpp:395] task_sensor_poll(): [T5_SEN] [T5] iter 14 — polling FG6485A
[2026-05-14 18:21:41.082] [436491][I][sensor_poll.cpp:432] task_sensor_poll(): [T5_SEN] [T5] iter 14 — polling S200
[2026-05-14 18:21:41.624] [437029][I][sensor_poll.cpp:535] task_sensor_poll(): [T5_SEN] [T5] T=24°C RH=38% ws=0.0 m/s wd=0° | avg T=24 RH=38 ws=0.0 wd=0° [win T=12 RH=20 W=12]
[2026-05-14 18:21:41.644] [437042][I][climate_control.cpp:434] task_climate_control(): [T6_CLI] [T6] T_avg=24 t_max=28 hyst=5 → step_t=0 | RH_avg=38 rh_max=75 rh_min=50 hyst=12 rh_en=1 → step_rh=0 | resolved=0 (was cur_t=0 cur_rh=0)
[2026-05-14 18:21:41.651] [437061][I][main.cpp:162] task_watchdog_heartbeat(): [GHC] T1 tick 870  uptime 437 s
[2026-05-14 18:21:46.669] [442079][I][main.cpp:162] task_watchdog_heartbeat(): [GHC] T1 tick 880  uptime 442 s
[2026-05-14 18:21:51.686] [447096][I][main.cpp:162] task_watchdog_heartbeat(): [GHC] T1 tick 890  uptime 447 s
[2026-05-14 18:21:56.703] [452113][I][main.cpp:162] task_watchdog_heartbeat(): [GHC] T1 tick 900  uptime 452 s
[2026-05-14 18:22:01.721] [457131][I][main.cpp:162] task_watchdog_heartbeat(): [GHC] T1 tick 910  uptime 457 s
[2026-05-14 18:22:06.738] [462148][I][main.cpp:162] task_watchdog_heartbeat(): [GHC] T1 tick 920  uptime 462 s
[2026-05-14 18:22:11.635] [467043][I][sensor_poll.cpp:359] task_sensor_poll(): [T5_SEN] [T5] iter 15 — woke from 30 s delay
[2026-05-14 18:22:11.643] [467052][I][sensor_poll.cpp:395] task_sensor_poll(): [T5_SEN] [T5] iter 15 — polling FG6485A
[2026-05-14 18:22:11.675] [467084][I][sensor_poll.cpp:432] task_sensor_poll(): [T5_SEN] [T5] iter 15 — polling S200
[2026-05-14 18:22:11.755] [467165][I][main.cpp:162] task_watchdog_heartbeat(): [GHC] T1 tick 930  uptime 467 s
[2026-05-14 18:22:12.217] [467622][I][sensor_poll.cpp:535] task_sensor_poll(): [T5_SEN] [T5] T=24°C RH=38% ws=0.0 m/s wd=0° | avg T=24 RH=38 ws=0.0 wd=0° [win T=12 RH=20 W=12]
[2026-05-14 18:22:12.237] [467635][I][climate_control.cpp:434] task_climate_control(): [T6_CLI] [T6] T_avg=24 t_max=28 hyst=5 → step_t=0 | RH_avg=38 rh_max=75 rh_min=50 hyst=12 rh_en=1 → step_rh=0 | resolved=0 (was cur_t=0 cur_rh=0)
[2026-05-14 18:22:16.772] [472182][I][main.cpp:162] task_watchdog_heartbeat(): [GHC] T1 tick 940  uptime 472 s
[2026-05-14 18:22:21.790] [477199][I][main.cpp:162] task_watchdog_heartbeat(): [GHC] T1 tick 950  uptime 477 s
[2026-05-14 18:22:26.217] [481623][I][data_manager.cpp:230] read_rtc_and_seed_clock(): [T4] RTC: 2026-05-14 18:22:21 UTC  unix=1778782941  daytime=yes
[2026-05-14 18:22:26.807] [482216][I][main.cpp:162] task_watchdog_heartbeat(): [GHC] T1 tick 960  uptime 482 s
[2026-05-14 18:22:31.824] [487233][I][main.cpp:162] task_watchdog_heartbeat(): [GHC] T1 tick 970  uptime 487 s
[2026-05-14 18:22:36.841] [492250][I][main.cpp:162] task_watchdog_heartbeat(): [GHC] T1 tick 980  uptime 492 s
[2026-05-14 18:22:41.858] [497267][I][main.cpp:162] task_watchdog_heartbeat(): [GHC] T1 tick 990  uptime 497 s
[2026-05-14 18:22:42.228] [497636][I][sensor_poll.cpp:359] task_sensor_poll(): [T5_SEN] [T5] iter 16 — woke from 30 s delay
[2026-05-14 18:22:42.236] [497645][I][sensor_poll.cpp:395] task_sensor_poll(): [T5_SEN] [T5] iter 16 — polling FG6485A
[2026-05-14 18:22:42.268] [497677][I][sensor_poll.cpp:432] task_sensor_poll(): [T5_SEN] [T5] iter 16 — polling S200
[2026-05-14 18:22:42.810] [498215][I][sensor_poll.cpp:535] task_sensor_poll(): [T5_SEN] [T5] T=24°C RH=38% ws=0.0 m/s wd=0° | avg T=24 RH=38 ws=0.0 wd=0° [win T=12 RH=20 W=12]
[2026-05-14 18:22:42.830] [498228][I][climate_control.cpp:434] task_climate_control(): [T6_CLI] [T6] T_avg=24 t_max=28 hyst=5 → step_t=0 | RH_avg=38 rh_max=75 rh_min=50 hyst=12 rh_en=1 → step_rh=0 | resolved=0 (was cur_t=0 cur_rh=0)
[2026-05-14 18:22:46.875] [502284][I][main.cpp:162] task_watchdog_heartbeat(): [GHC] T1 tick 1000  uptime 502 s
[2026-05-14 18:22:51.892] [507301][I][main.cpp:162] task_watchdog_heartbeat(): [GHC] T1 tick 1010  uptime 507 s
[2026-05-14 18:22:56.909] [512318][I][main.cpp:162] task_watchdog_heartbeat(): [GHC] T1 tick 1020  uptime 512 s
[2026-05-14 18:23:01.927] [517336][I][main.cpp:162] task_watchdog_heartbeat(): [GHC] T1 tick 1030  uptime 517 s
[2026-05-14 18:23:06.944] [522353][I][main.cpp:162] task_watchdog_heartbeat(): [GHC] T1 tick 1040  uptime 522 s
[2026-05-14 18:23:11.961] [527370][I][main.cpp:162] task_watchdog_heartbeat(): [GHC] T1 tick 1050  uptime 527 s
[2026-05-14 18:23:12.821] [528229][I][sensor_poll.cpp:359] task_sensor_poll(): [T5_SEN] [T5] iter 17 — woke from 30 s delay
[2026-05-14 18:23:12.829] [528238][I][sensor_poll.cpp:395] task_sensor_poll(): [T5_SEN] [T5] iter 17 — polling FG6485A
[2026-05-14 18:23:12.862] [528270][I][sensor_poll.cpp:432] task_sensor_poll(): [T5_SEN] [T5] iter 17 — polling S200
[2026-05-14 18:23:13.404] [528808][I][sensor_poll.cpp:535] task_sensor_poll(): [T5_SEN] [T5] T=24°C RH=38% ws=0.0 m/s wd=0° | avg T=24 RH=38 ws=0.0 wd=0° [win T=12 RH=20 W=12]
[2026-05-14 18:23:13.423] [528821][I][climate_control.cpp:434] task_climate_control(): [T6_CLI] [T6] T_avg=24 t_max=28 hyst=5 → step_t=0 | RH_avg=38 rh_max=75 rh_min=50 hyst=12 rh_en=1 → step_rh=0 | resolved=0 (was cur_t=0 cur_rh=0)
[2026-05-14 18:23:16.978] [532387][I][main.cpp:162] task_watchdog_heartbeat(): [GHC] T1 tick 1060  uptime 532 s
[2026-05-14 18:23:21.995] [537404][I][main.cpp:162] task_watchdog_heartbeat(): [GHC] T1 tick 1070  uptime 537 s
[2026-05-14 18:23:25.403] [540809][I][data_manager.cpp:230] read_rtc_and_seed_clock(): [T4] RTC: 2026-05-14 18:23:21 UTC  unix=1778783001  daytime=yes
[2026-05-14 18:23:27.012] [542421][I][main.cpp:162] task_watchdog_heartbeat(): [GHC] T1 tick 1080  uptime 542 s
[2026-05-14 18:23:32.029] [547438][I][main.cpp:162] task_watchdog_heartbeat(): [GHC] T1 tick 1090  uptime 547 s
[2026-05-14 18:23:37.046] [552455][I][main.cpp:162] task_watchdog_heartbeat(): [GHC] T1 tick 1100  uptime 552 s
[2026-05-14 18:23:42.063] [557472][I][main.cpp:162] task_watchdog_heartbeat(): [GHC] T1 tick 1110  uptime 557 s
[2026-05-14 18:23:43.414] [558822][I][sensor_poll.cpp:359] task_sensor_poll(): [T5_SEN] [T5] iter 18 — woke from 30 s delay
[2026-05-14 18:23:43.422] [558831][I][sensor_poll.cpp:395] task_sensor_poll(): [T5_SEN] [T5] iter 18 — polling FG6485A
[2026-05-14 18:23:43.455] [558863][I][sensor_poll.cpp:432] task_sensor_poll(): [T5_SEN] [T5] iter 18 — polling S200
[2026-05-14 18:23:43.997] [559401][I][sensor_poll.cpp:535] task_sensor_poll(): [T5_SEN] [T5] T=24°C RH=38% ws=0.0 m/s wd=0° | avg T=24 RH=38 ws=0.0 wd=0° [win T=12 RH=20 W=12]
[2026-05-14 18:23:44.016] [559414][I][climate_control.cpp:434] task_climate_control(): [T6_CLI] [T6] T_avg=24 t_max=28 hyst=5 → step_t=0 | RH_avg=38 rh_max=75 rh_min=50 hyst=12 rh_en=1 → step_rh=0 | resolved=0 (was cur_t=0 cur_rh=0)
[2026-05-14 18:23:47.080] [562489][I][main.cpp:162] task_watchdog_heartbeat(): [GHC] T1 tick 1120  uptime 562 s
[2026-05-14 18:23:52.097] [567506][I][main.cpp:162] task_watchdog_heartbeat(): [GHC] T1 tick 1130  uptime 567 s
[2026-05-14 18:23:57.114] [572523][I][main.cpp:162] task_watchdog_heartbeat(): [GHC] T1 tick 1140  uptime 572 s
[2026-05-14 18:24:02.132] [577541][I][main.cpp:162] task_watchdog_heartbeat(): [GHC] T1 tick 1150  uptime 577 s
[2026-05-14 18:24:07.149] [582558][I][main.cpp:162] task_watchdog_heartbeat(): [GHC] T1 tick 1160  uptime 582 s
[2026-05-14 18:24:12.166] [587575][I][main.cpp:162] task_watchdog_heartbeat(): [GHC] T1 tick 1170  uptime 587 s
[2026-05-14 18:24:14.008] [589415][I][sensor_poll.cpp:359] task_sensor_poll(): [T5_SEN] [T5] iter 19 — woke from 30 s delay
[2026-05-14 18:24:14.016] [589424][I][sensor_poll.cpp:395] task_sensor_poll(): [T5_SEN] [T5] iter 19 — polling FG6485A
[2026-05-14 18:24:14.048] [589456][I][sensor_poll.cpp:432] task_sensor_poll(): [T5_SEN] [T5] iter 19 — polling S200
[2026-05-14 18:24:14.590] [589994][I][sensor_poll.cpp:535] task_sensor_poll(): [T5_SEN] [T5] T=24°C RH=38% ws=0.0 m/s wd=0° | avg T=24 RH=38 ws=0.0 wd=0° [win T=12 RH=20 W=12]
[2026-05-14 18:24:14.610] [590007][I][climate_control.cpp:434] task_climate_control(): [T6_CLI] [T6] T_avg=24 t_max=28 hyst=5 → step_t=0 | RH_avg=38 rh_max=75 rh_min=50 hyst=12 rh_en=1 → step_rh=0 | resolved=0 (was cur_t=0 cur_rh=0)
[2026-05-14 18:24:17.183] [592592][I][main.cpp:162] task_watchdog_heartbeat(): [GHC] T1 tick 1180  uptime 592 s
[2026-05-14 18:24:22.200] [597609][I][main.cpp:162] task_watchdog_heartbeat(): [GHC] T1 tick 1190  uptime 597 s
[2026-05-14 18:24:24.590] [599995][I][data_manager.cpp:230] read_rtc_and_seed_clock(): [T4] RTC: 2026-05-14 18:24:20 UTC  unix=1778783060  daytime=yes
[2026-05-14 18:24:27.217] [602626][I][main.cpp:162] task_watchdog_heartbeat(): [GHC] T1 tick 1200  uptime 602 s
[2026-05-14 18:24:27.225] [602634][I][main.cpp:247] task_watchdog_heartbeat(): [GHC] stack T1  hwm=2092 B
[2026-05-14 18:24:27.231] [602641][I][main.cpp:247] task_watchdog_heartbeat(): [GHC] stack T2  hwm=6220 B
[2026-05-14 18:24:27.239] [602648][I][main.cpp:247] task_watchdog_heartbeat(): [GHC] stack T3  hwm=1980 B
[2026-05-14 18:24:27.245] [602656][I][main.cpp:247] task_watchdog_heartbeat(): [GHC] stack T4  hwm=3980 B
[2026-05-14 18:24:27.254] [602663][I][main.cpp:247] task_watchdog_heartbeat(): [GHC] stack T5  hwm=4252 B
[2026-05-14 18:24:27.260] [602670][I][main.cpp:247] task_watchdog_heartbeat(): [GHC] stack T6  hwm=1904 B
[2026-05-14 18:24:27.268] [602677][I][main.cpp:247] task_watchdog_heartbeat(): [GHC] stack T7  hwm=2464 B
[2026-05-14 18:24:27.274] [602685][I][main.cpp:247] task_watchdog_heartbeat(): [GHC] stack T8  hwm=5740 B
[2026-05-14 18:24:27.282] [602692][I][main.cpp:247] task_watchdog_heartbeat(): [GHC] stack T9  hwm=2720 B
[2026-05-14 18:24:27.291] [602699][I][main.cpp:247] task_watchdog_heartbeat(): [GHC] stack T10 hwm=5632 B
[2026-05-14 18:24:27.297] [602707][I][main.cpp:247] task_watchdog_heartbeat(): [GHC] stack T11 hwm=5696 B
[2026-05-14 18:24:27.306] [602714][I][main.cpp:247] task_watchdog_heartbeat(): [GHC] stack T12 hwm=7464 B
[2026-05-14 18:24:27.312] [602722][I][main.cpp:247] task_watchdog_heartbeat(): [GHC] stack T14 hwm=6672 B
[2026-05-14 18:24:27.319] [602729][I][main.cpp:247] task_watchdog_heartbeat(): [GHC] stack T15 hwm=2316 B
[2026-05-14 18:24:32.337] [607746][I][main.cpp:162] task_watchdog_heartbeat(): [GHC] T1 tick 1210  uptime 607 s
[2026-05-14 18:24:37.354] [612763][I][main.cpp:162] task_watchdog_heartbeat(): [GHC] T1 tick 1220  uptime 612 s
[2026-05-14 18:24:42.371] [617780][I][main.cpp:162] task_watchdog_heartbeat(): [GHC] T1 tick 1230  uptime 617 s
[2026-05-14 18:24:44.601] [620008][I][sensor_poll.cpp:359] task_sensor_poll(): [T5_SEN] [T5] iter 20 — woke from 30 s delay
[2026-05-14 18:24:44.609] [620017][I][sensor_poll.cpp:395] task_sensor_poll(): [T5_SEN] [T5] iter 20 — polling FG6485A
[2026-05-14 18:24:44.641] [620049][I][sensor_poll.cpp:432] task_sensor_poll(): [T5_SEN] [T5] iter 20 — polling S200
[2026-05-14 18:24:45.183] [620587][I][sensor_poll.cpp:535] task_sensor_poll(): [T5_SEN] [T5] T=24°C RH=38% ws=0.0 m/s wd=0° | avg T=24 RH=38 ws=0.0 wd=0° [win T=12 RH=20 W=12]
[2026-05-14 18:24:45.202] [620600][I][climate_control.cpp:434] task_climate_control(): [T6_CLI] [T6] T_avg=24 t_max=28 hyst=5 → step_t=0 | RH_avg=38 rh_max=75 rh_min=50 hyst=12 rh_en=1 → step_rh=0 | resolved=0 (was cur_t=0 cur_rh=0)
[2026-05-14 18:24:47.388] [622797][I][main.cpp:162] task_watchdog_heartbeat(): [GHC] T1 tick 1240  uptime 622 s
[2026-05-14 18:24:52.406] [627814][I][main.cpp:162] task_watchdog_heartbeat(): [GHC] T1 tick 1250  uptime 627 s
[2026-05-14 18:24:57.423] [632831][I][main.cpp:162] task_watchdog_heartbeat(): [GHC] T1 tick 1260  uptime 632 s
[2026-05-14 18:25:02.440] [637849][I][main.cpp:162] task_watchdog_heartbeat(): [GHC] T1 tick 1270  uptime 637 s
[2026-05-14 18:25:07.458] [642866][I][main.cpp:162] task_watchdog_heartbeat(): [GHC] T1 tick 1280  uptime 642 s
[2026-05-14 18:25:12.475] [647883][I][main.cpp:162] task_watchdog_heartbeat(): [GHC] T1 tick 1290  uptime 647 s
[2026-05-14 18:25:15.194] [650601][I][sensor_poll.cpp:359] task_sensor_poll(): [T5_SEN] [T5] iter 21 — woke from 30 s delay
[2026-05-14 18:25:15.202] [650610][I][sensor_poll.cpp:395] task_sensor_poll(): [T5_SEN] [T5] iter 21 — polling FG6485A
[2026-05-14 18:25:15.234] [650642][I][sensor_poll.cpp:432] task_sensor_poll(): [T5_SEN] [T5] iter 21 — polling S200
[2026-05-14 18:25:15.776] [651180][I][sensor_poll.cpp:535] task_sensor_poll(): [T5_SEN] [T5] T=24°C RH=38% ws=0.0 m/s wd=0° | avg T=24 RH=38 ws=0.0 wd=0° [win T=12 RH=20 W=12]
[2026-05-14 18:25:15.796] [651193][I][climate_control.cpp:434] task_climate_control(): [T6_CLI] [T6] T_avg=24 t_max=28 hyst=5 → step_t=0 | RH_avg=38 rh_max=75 rh_min=50 hyst=12 rh_en=1 → step_rh=0 | resolved=0 (was cur_t=0 cur_rh=0)
[2026-05-14 18:25:17.492] [652900][I][main.cpp:162] task_watchdog_heartbeat(): [GHC] T1 tick 1300  uptime 652 s
[2026-05-14 18:25:22.509] [657917][I][main.cpp:162] task_watchdog_heartbeat(): [GHC] T1 tick 1310  uptime 657 s
[2026-05-14 18:25:23.776] [659181][I][data_manager.cpp:230] read_rtc_and_seed_clock(): [T4] RTC: 2026-05-14 18:25:19 UTC  unix=1778783119  daytime=yes
[2026-05-14 18:25:27.526] [662934][I][main.cpp:162] task_watchdog_heartbeat(): [GHC] T1 tick 1320  uptime 662 s
[2026-05-14 18:25:32.543] [667951][I][main.cpp:162] task_watchdog_heartbeat(): [GHC] T1 tick 1330  uptime 667 s
[2026-05-14 18:25:37.560] [672968][I][main.cpp:162] task_watchdog_heartbeat(): [GHC] T1 tick 1340  uptime 672 s
[2026-05-14 18:25:42.577] [677985][I][main.cpp:162] task_watchdog_heartbeat(): [GHC] T1 tick 1350  uptime 677 s
[2026-05-14 18:25:45.787] [681194][I][sensor_poll.cpp:359] task_sensor_poll(): [T5_SEN] [T5] iter 22 — woke from 30 s delay
[2026-05-14 18:25:45.795] [681203][I][sensor_poll.cpp:395] task_sensor_poll(): [T5_SEN] [T5] iter 22 — polling FG6485A
[2026-05-14 18:25:45.828] [681235][I][sensor_poll.cpp:432] task_sensor_poll(): [T5_SEN] [T5] iter 22 — polling S200
[2026-05-14 18:25:46.369] [681773][I][sensor_poll.cpp:535] task_sensor_poll(): [T5_SEN] [T5] T=24°C RH=38% ws=0.0 m/s wd=0° | avg T=24 RH=38 ws=0.0 wd=0° [win T=12 RH=20 W=12]
[2026-05-14 18:25:46.389] [681786][I][climate_control.cpp:434] task_climate_control(): [T6_CLI] [T6] T_avg=24 t_max=28 hyst=5 → step_t=0 | RH_avg=38 rh_max=75 rh_min=50 hyst=12 rh_en=1 → step_rh=0 | resolved=0 (was cur_t=0 cur_rh=0)
[2026-05-14 18:25:47.594] [683002][I][main.cpp:162] task_watchdog_heartbeat(): [GHC] T1 tick 1360  uptime 683 s
[2026-05-14 18:25:52.611] [688019][I][main.cpp:162] task_watchdog_heartbeat(): [GHC] T1 tick 1370  uptime 688 s
[2026-05-14 18:25:57.628] [693036][I][main.cpp:162] task_watchdog_heartbeat(): [GHC] T1 tick 1380  uptime 693 s
[2026-05-14 18:26:02.646] [698054][I][main.cpp:162] task_watchdog_heartbeat(): [GHC] T1 tick 1390  uptime 698 s
[2026-05-14 18:26:07.663] [703071][I][main.cpp:162] task_watchdog_heartbeat(): [GHC] T1 tick 1400  uptime 703 s
[2026-05-14 18:26:12.680] [708088][I][main.cpp:162] task_watchdog_heartbeat(): [GHC] T1 tick 1410  uptime 708 s
[2026-05-14 18:26:16.380] [711787][I][sensor_poll.cpp:359] task_sensor_poll(): [T5_SEN] [T5] iter 23 — woke from 30 s delay
[2026-05-14 18:26:16.388] [711796][I][sensor_poll.cpp:395] task_sensor_poll(): [T5_SEN] [T5] iter 23 — polling FG6485A
[2026-05-14 18:26:16.420] [711827][I][sensor_poll.cpp:432] task_sensor_poll(): [T5_SEN] [T5] iter 23 — polling S200
[2026-05-14 18:26:16.963] [712366][I][sensor_poll.cpp:535] task_sensor_poll(): [T5_SEN] [T5] T=24°C RH=38% ws=0.0 m/s wd=0° | avg T=24 RH=38 ws=0.0 wd=0° [win T=12 RH=20 W=12]
[2026-05-14 18:26:16.982] [712379][I][climate_control.cpp:434] task_climate_control(): [T6_CLI] [T6] T_avg=24 t_max=28 hyst=5 → step_t=0 | RH_avg=38 rh_max=75 rh_min=50 hyst=12 rh_en=1 → step_rh=0 | resolved=0 (was cur_t=0 cur_rh=0)
[2026-05-14 18:26:17.697] [713105][I][main.cpp:162] task_watchdog_heartbeat(): [GHC] T1 tick 1420  uptime 713 s
[2026-05-14 18:26:22.714] [718122][I][main.cpp:162] task_watchdog_heartbeat(): [GHC] T1 tick 1430  uptime 718 s
[2026-05-14 18:26:22.962] [718367][I][data_manager.cpp:230] read_rtc_and_seed_clock(): [T4] RTC: 2026-05-14 18:26:18 UTC  unix=1778783178  daytime=yes
[2026-05-14 18:26:27.731] [723139][I][main.cpp:162] task_watchdog_heartbeat(): [GHC] T1 tick 1440  uptime 723 s
[2026-05-14 18:26:32.748] [728156][I][main.cpp:162] task_watchdog_heartbeat(): [GHC] T1 tick 1450  uptime 728 s
[2026-05-14 18:26:37.765] [733173][I][main.cpp:162] task_watchdog_heartbeat(): [GHC] T1 tick 1460  uptime 733 s
[2026-05-14 18:26:42.782] [738190][I][main.cpp:162] task_watchdog_heartbeat(): [GHC] T1 tick 1470  uptime 738 s
[2026-05-14 18:26:46.974] [742380][I][sensor_poll.cpp:359] task_sensor_poll(): [T5_SEN] [T5] iter 24 — woke from 30 s delay
[2026-05-14 18:26:46.982] [742389][I][sensor_poll.cpp:395] task_sensor_poll(): [T5_SEN] [T5] iter 24 — polling FG6485A
[2026-05-14 18:26:47.014] [742421][I][sensor_poll.cpp:432] task_sensor_poll(): [T5_SEN] [T5] iter 24 — polling S200
[2026-05-14 18:26:47.556] [742959][I][sensor_poll.cpp:535] task_sensor_poll(): [T5_SEN] [T5] T=24°C RH=38% ws=0.0 m/s wd=0° | avg T=24 RH=38 ws=0.0 wd=0° [win T=12 RH=20 W=12]
[2026-05-14 18:26:47.575] [742972][I][climate_control.cpp:434] task_climate_control(): [T6_CLI] [T6] T_avg=24 t_max=28 hyst=5 → step_t=0 | RH_avg=38 rh_max=75 rh_min=50 hyst=12 rh_en=1 → step_rh=0 | resolved=0 (was cur_t=0 cur_rh=0)
[2026-05-14 18:26:47.799] [743207][I][main.cpp:162] task_watchdog_heartbeat(): [GHC] T1 tick 1480  uptime 743 s
[2026-05-14 18:26:52.816] [748224][I][main.cpp:162] task_watchdog_heartbeat(): [GHC] T1 tick 1490  uptime 748 s
[2026-05-14 18:26:57.833] [753241][I][main.cpp:162] task_watchdog_heartbeat(): [GHC] T1 tick 1500  uptime 753 s
[2026-05-14 18:27:02.851] [758259][I][main.cpp:162] task_watchdog_heartbeat(): [GHC] T1 tick 1510  uptime 758 s
[2026-05-14 18:27:07.868] [763276][I][main.cpp:162] task_watchdog_heartbeat(): [GHC] T1 tick 1520  uptime 763 s
[2026-05-14 18:27:12.885] [768293][I][main.cpp:162] task_watchdog_heartbeat(): [GHC] T1 tick 1530  uptime 768 s
[2026-05-14 18:27:17.567] [772973][I][sensor_poll.cpp:359] task_sensor_poll(): [T5_SEN] [T5] iter 25 — woke from 30 s delay
[2026-05-14 18:27:17.575] [772982][I][sensor_poll.cpp:395] task_sensor_poll(): [T5_SEN] [T5] iter 25 — polling FG6485A
[2026-05-14 18:27:17.607] [773014][I][sensor_poll.cpp:432] task_sensor_poll(): [T5_SEN] [T5] iter 25 — polling S200
[2026-05-14 18:27:17.902] [773310][I][main.cpp:162] task_watchdog_heartbeat(): [GHC] T1 tick 1540  uptime 773 s
[2026-05-14 18:27:18.149] [773552][I][sensor_poll.cpp:535] task_sensor_poll(): [T5_SEN] [T5] T=24°C RH=38% ws=0.0 m/s wd=0° | avg T=24 RH=38 ws=0.0 wd=0° [win T=12 RH=20 W=12]
[2026-05-14 18:27:18.168] [773565][I][climate_control.cpp:434] task_climate_control(): [T6_CLI] [T6] T_avg=24 t_max=28 hyst=5 → step_t=0 | RH_avg=38 rh_max=75 rh_min=50 hyst=12 rh_en=1 → step_rh=0 | resolved=0 (was cur_t=0 cur_rh=0)
[2026-05-14 18:27:22.149] [777553][I][data_manager.cpp:230] read_rtc_and_seed_clock(): [T4] RTC: 2026-05-14 18:27:17 UTC  unix=1778783237  daytime=yes
[2026-05-14 18:27:22.919] [778327][I][main.cpp:162] task_watchdog_heartbeat(): [GHC] T1 tick 1550  uptime 778 s
[2026-05-14 18:27:27.936] [783344][I][main.cpp:162] task_watchdog_heartbeat(): [GHC] T1 tick 1560  uptime 783 s
[2026-05-14 18:27:32.953] [788361][I][main.cpp:162] task_watchdog_heartbeat(): [GHC] T1 tick 1570  uptime 788 s
[2026-05-14 18:27:37.970] [793378][I][main.cpp:162] task_watchdog_heartbeat(): [GHC] T1 tick 1580  uptime 793 s
[2026-05-14 18:27:42.987] [798395][I][main.cpp:162] task_watchdog_heartbeat(): [GHC] T1 tick 1590  uptime 798 s
[2026-05-14 18:27:48.004] [803412][I][main.cpp:162] task_watchdog_heartbeat(): [GHC] T1 tick 1600  uptime 803 s
[2026-05-14 18:27:48.160] [803566][I][sensor_poll.cpp:359] task_sensor_poll(): [T5_SEN] [T5] iter 26 — woke from 30 s delay
[2026-05-14 18:27:48.168] [803575][I][sensor_poll.cpp:395] task_sensor_poll(): [T5_SEN] [T5] iter 26 — polling FG6485A
[2026-05-14 18:27:48.200] [803607][I][sensor_poll.cpp:432] task_sensor_poll(): [T5_SEN] [T5] iter 26 — polling S200
[2026-05-14 18:27:48.742] [804145][I][sensor_poll.cpp:535] task_sensor_poll(): [T5_SEN] [T5] T=24°C RH=38% ws=0.0 m/s wd=0° | avg T=24 RH=38 ws=0.0 wd=0° [win T=12 RH=20 W=12]
[2026-05-14 18:27:48.762] [804158][I][climate_control.cpp:434] task_climate_control(): [T6_CLI] [T6] T_avg=24 t_max=28 hyst=5 → step_t=0 | RH_avg=38 rh_max=75 rh_min=50 hyst=12 rh_en=1 → step_rh=0 | resolved=0 (was cur_t=0 cur_rh=0)
[2026-05-14 18:27:53.021] [808429][I][main.cpp:162] task_watchdog_heartbeat(): [GHC] T1 tick 1610  uptime 808 s
[2026-05-14 18:27:58.039] [813446][I][main.cpp:162] task_watchdog_heartbeat(): [GHC] T1 tick 1620  uptime 813 s
[2026-05-14 18:28:03.057] [818464][I][main.cpp:162] task_watchdog_heartbeat(): [GHC] T1 tick 1630  uptime 818 s
[2026-05-14 18:28:08.074] [823481][I][main.cpp:162] task_watchdog_heartbeat(): [GHC] T1 tick 1640  uptime 823 s
[2026-05-14 18:28:13.091] [828498][I][main.cpp:162] task_watchdog_heartbeat(): [GHC] T1 tick 1650  uptime 828 s
[2026-05-14 18:28:18.108] [833515][I][main.cpp:162] task_watchdog_heartbeat(): [GHC] T1 tick 1660  uptime 833 s
[2026-05-14 18:28:18.753] [834159][I][sensor_poll.cpp:359] task_sensor_poll(): [T5_SEN] [T5] iter 27 — woke from 30 s delay
[2026-05-14 18:28:18.761] [834168][I][sensor_poll.cpp:395] task_sensor_poll(): [T5_SEN] [T5] iter 27 — polling FG6485A
[2026-05-14 18:28:18.794] [834200][I][sensor_poll.cpp:432] task_sensor_poll(): [T5_SEN] [T5] iter 27 — polling S200
[2026-05-14 18:28:19.336] [834739][I][sensor_poll.cpp:535] task_sensor_poll(): [T5_SEN] [T5] T=24°C RH=38% ws=0.0 m/s wd=0° | avg T=24 RH=38 ws=0.0 wd=0° [win T=12 RH=20 W=12]
[2026-05-14 18:28:19.356] [834752][I][climate_control.cpp:434] task_climate_control(): [T6_CLI] [T6] T_avg=24 t_max=28 hyst=5 → step_t=0 | RH_avg=38 rh_max=75 rh_min=50 hyst=12 rh_en=1 → step_rh=0 | resolved=0 (was cur_t=0 cur_rh=0)
[2026-05-14 18:28:21.336] [836740][I][data_manager.cpp:230] read_rtc_and_seed_clock(): [T4] RTC: 2026-05-14 18:28:17 UTC  unix=1778783297  daytime=yes
[2026-05-14 18:28:23.125] [838532][I][main.cpp:162] task_watchdog_heartbeat(): [GHC] T1 tick 1670  uptime 838 s
[2026-05-14 18:28:28.142] [843549][I][main.cpp:162] task_watchdog_heartbeat(): [GHC] T1 tick 1680  uptime 843 s
[2026-05-14 18:28:33.159] [848566][I][main.cpp:162] task_watchdog_heartbeat(): [GHC] T1 tick 1690  uptime 848 s
[2026-05-14 18:28:38.177] [853584][I][main.cpp:162] task_watchdog_heartbeat(): [GHC] T1 tick 1700  uptime 853 s
[2026-05-14 18:28:43.194] [858601][I][main.cpp:162] task_watchdog_heartbeat(): [GHC] T1 tick 1710  uptime 858 s
[2026-05-14 18:28:48.211] [863618][I][main.cpp:162] task_watchdog_heartbeat(): [GHC] T1 tick 1720  uptime 863 s
[2026-05-14 18:28:49.347] [864753][I][sensor_poll.cpp:359] task_sensor_poll(): [T5_SEN] [T5] iter 28 — woke from 30 s delay
[2026-05-14 18:28:49.355] [864762][I][sensor_poll.cpp:395] task_sensor_poll(): [T5_SEN] [T5] iter 28 — polling FG6485A
[2026-05-14 18:28:49.387] [864794][I][sensor_poll.cpp:432] task_sensor_poll(): [T5_SEN] [T5] iter 28 — polling S200
[2026-05-14 18:28:49.929] [865332][I][sensor_poll.cpp:535] task_sensor_poll(): [T5_SEN] [T5] T=24°C RH=38% ws=0.0 m/s wd=0° | avg T=24 RH=38 ws=0.0 wd=0° [win T=12 RH=20 W=12]
[2026-05-14 18:28:49.949] [865345][I][climate_control.cpp:434] task_climate_control(): [T6_CLI] [T6] T_avg=24 t_max=28 hyst=5 → step_t=0 | RH_avg=38 rh_max=75 rh_min=50 hyst=12 rh_en=1 → step_rh=0 | resolved=0 (was cur_t=0 cur_rh=0)
[2026-05-14 18:28:53.228] [868635][I][main.cpp:162] task_watchdog_heartbeat(): [GHC] T1 tick 1730  uptime 868 s
[2026-05-14 18:28:58.245] [873652][I][main.cpp:162] task_watchdog_heartbeat(): [GHC] T1 tick 1740  uptime 873 s
[2026-05-14 18:29:03.263] [878670][I][main.cpp:162] task_watchdog_heartbeat(): [GHC] T1 tick 1750  uptime 878 s
[2026-05-14 18:29:08.280] [883687][I][main.cpp:162] task_watchdog_heartbeat(): [GHC] T1 tick 1760  uptime 883 s
[2026-05-14 18:29:13.297] [888704][I][main.cpp:162] task_watchdog_heartbeat(): [GHC] T1 tick 1770  uptime 888 s
[2026-05-14 18:29:18.314] [893721][I][main.cpp:162] task_watchdog_heartbeat(): [GHC] T1 tick 1780  uptime 893 s
[2026-05-14 18:29:19.940] [895346][I][sensor_poll.cpp:359] task_sensor_poll(): [T5_SEN] [T5] iter 29 — woke from 30 s delay
[2026-05-14 18:29:19.949] [895355][I][sensor_poll.cpp:395] task_sensor_poll(): [T5_SEN] [T5] iter 29 — polling FG6485A
[2026-05-14 18:29:19.981] [895387][I][sensor_poll.cpp:432] task_sensor_poll(): [T5_SEN] [T5] iter 29 — polling S200
[2026-05-14 18:29:20.525] [895925][I][sensor_poll.cpp:535] task_sensor_poll(): [T5_SEN] [T5] T=24°C RH=38% ws=0.0 m/s wd=0° | avg T=24 RH=38 ws=0.0 wd=0° [win T[895926][I]=12 RH=20 W=[data_manag12]
[2026-05-14 18:29:20.534] er.cpp:230] read_rtc_and_seed_clock(): [T4] RTC: 2026-05-14 18:29:16 UTC  unix=1778783356  daytime=yes
[2026-05-14 18:29:20.553] [895950][I][climate_control.cpp:434] task_climate_control(): [T6_CLI] [T6] T_avg=24 t_max=28 hyst=5 → step_t=0 | RH_avg=38 rh_max=75 rh_min=50 hyst=12 rh_en=1 → step_rh=0 | resolved=0 (was cur_t=0 cur_rh=0)
[2026-05-14 18:29:23.331] [898738][I][main.cpp:162] task_watchdog_heartbeat(): [GHC] T1 tick 1790  uptime 898 s
[2026-05-14 18:29:28.348] [903755][I][main.cpp:162] task_watchdog_heartbeat(): [GHC] T1 tick 1800  uptime 903 s
[2026-05-14 18:29:33.365] [908772][I][main.cpp:162] task_watchdog_heartbeat(): [GHC] T1 tick 1810  uptime 908 s
[2026-05-14 18:29:38.382] [913789][I][main.cpp:162] task_watchdog_heartbeat(): [GHC] T1 tick 1820  uptime 913 s
[2026-05-14 18:29:43.399] [918806][I][main.cpp:162] task_watchdog_heartbeat(): [GHC] T1 tick 1830  uptime 918 s
[2026-05-14 18:29:48.416] [923823][I][main.cpp:162] task_watchdog_heartbeat(): [GHC] T1 tick 1840  uptime 923 s
[2026-05-14 18:29:50.545] [925950][I][sensor_poll.cpp:359] task_sensor_poll(): [T5_SEN] [T5] iter 30 — woke from 30 s delay
[2026-05-14 18:29:50.552] [925959][I][sensor_poll.cpp:395] task_sensor_poll(): [T5_SEN] [T5] iter 30 — polling FG6485A
[2026-05-14 18:29:50.585] [925991][I][sensor_poll.cpp:432] task_sensor_poll(): [T5_SEN] [T5] iter 30 — polling S200
[2026-05-14 18:29:51.127] [926529][I][sensor_poll.cpp:535] task_sensor_poll(): [T5_SEN] [T5] T=24°C RH=38% ws=0.0 m/s wd=0° | avg T=24 RH=38 ws=0.0 wd=0° [win T=12 RH=20 W=12]
[2026-05-14 18:29:51.146] [926542][I][climate_control.cpp:434] task_climate_control(): [T6_CLI] [T6] T_avg=24 t_max=28 hyst=5 → step_t=0 | RH_avg=38 rh_max=75 rh_min=50 hyst=12 rh_en=1 → step_rh=0 | resolved=0 (was cur_t=0 cur_rh=0)
[2026-05-14 18:29:53.433] [928840][I][main.cpp:162] task_watchdog_heartbeat(): [GHC] T1 tick 1850  uptime 928 s
[2026-05-14 18:29:58.450] [933857][I][main.cpp:162] task_watchdog_heartbeat(): [GHC] T1 tick 1860  uptime 933 s
[2026-05-14 18:30:03.468] [938875][I][main.cpp:162] task_watchdog_heartbeat(): [GHC] T1 tick 1870  uptime 938 s
[2026-05-14 18:30:08.485] [943892][I][main.cpp:162] task_watchdog_heartbeat(): [GHC] T1 tick 1880  uptime 943 s
[2026-05-14 18:30:13.502] [948909][I][main.cpp:162] task_watchdog_heartbeat(): [GHC] T1 tick 1890  uptime 948 s
[2026-05-14 18:30:18.519] [953926][I][main.cpp:162] task_watchdog_heartbeat(): [GHC] T1 tick 1900  uptime 953 s
[2026-05-14 18:30:20.127] [955530][I][data_manager.cpp:230] read_rtc_and_seed_clock(): [T4] RTC: 2026-05-14 18:30:15 UTC  unix=1778783415  daytime=yes
[2026-05-14 18:30:21.138] [956543][I][sensor_poll.cpp:359] task_sensor_poll(): [T5_SEN] [T5] iter 31 — woke from 30 s delay
[2026-05-14 18:30:21.146] [956552][I][sensor_poll.cpp:395] task_sensor_poll(): [T5_SEN] [T5] iter 31 — polling FG6485A
[2026-05-14 18:30:21.178] [956583][I][sensor_poll.cpp:432] task_sensor_poll(): [T5_SEN] [T5] iter 31 — polling S200
[2026-05-14 18:30:21.720] [957122][I][sensor_poll.cpp:535] task_sensor_poll(): [T5_SEN] [T5] T=24°C RH=38% ws=0.0 m/s wd=0° | avg T=24 RH=38 ws=0.0 wd=0° [win T=12 RH=20 W=12]
[2026-05-14 18:30:21.740] [957135][I][climate_control.cpp:434] task_climate_control(): [T6_CLI] [T6] T_avg=24 t_max=28 hyst=5 → step_t=0 | RH_avg=38 rh_max=75 rh_min=50 hyst=12 rh_en=1 → step_rh=0 | resolved=0 (was cur_t=0 cur_rh=0)
[2026-05-14 18:30:23.536] [958943][I][main.cpp:162] task_watchdog_heartbeat(): [GHC] T1 tick 1910  uptime 958 s
[2026-05-14 18:30:28.554] [963960][I][main.cpp:162] task_watchdog_heartbeat(): [GHC] T1 tick 1920  uptime 963 s
[2026-05-14 18:30:33.570] [968977][I][main.cpp:162] task_watchdog_heartbeat(): [GHC] T1 tick 1930  uptime 968 s
[2026-05-14 18:30:38.588] [973994][I][main.cpp:162] task_watchdog_heartbeat(): [GHC] T1 tick 1940  uptime 973 s
[2026-05-14 18:30:43.605] [979011][I][main.cpp:162] task_watchdog_heartbeat(): [GHC] T1 tick 1950  uptime 979 s
[2026-05-14 18:30:48.622] [984028][I][main.cpp:162] task_watchdog_heartbeat(): [GHC] T1 tick 1960  uptime 984 s
[2026-05-14 18:30:51.731] [987136][I][sensor_poll.cpp:359] task_sensor_poll(): [T5_SEN] [T5] iter 32 — woke from 30 s delay
[2026-05-14 18:30:51.739] [987145][I][sensor_poll.cpp:395] task_sensor_poll(): [T5_SEN] [T5] iter 32 — polling FG6485A
[2026-05-14 18:30:51.771] [987177][I][sensor_poll.cpp:432] task_sensor_poll(): [T5_SEN] [T5] iter 32 — polling S200
[2026-05-14 18:30:52.313] [987715][I][sensor_poll.cpp:535] task_sensor_poll(): [T5_SEN] [T5] T=24°C RH=38% ws=0.0 m/s wd=0° | avg T=24 RH=38 ws=0.0 wd=0° [win T=12 RH=20 W=12]
[2026-05-14 18:30:52.333] [987729][I][climate_control.cpp:434] task_climate_control(): [T6_CLI] [T6] T_avg=24 t_max=28 hyst=5 → step_t=0 | RH_avg=38 rh_max=75 rh_min=50 hyst=12 rh_en=1 → step_rh=0 | resolved=0 (was cur_t=0 cur_rh=0)
[2026-05-14 18:30:53.639] [989045][I][main.cpp:162] task_watchdog_heartbeat(): [GHC] T1 tick 1970  uptime 989 s
[2026-05-14 18:30:58.656] [994062][I][main.cpp:162] task_watchdog_heartbeat(): [GHC] T1 tick 1980  uptime 994 s
[2026-05-14 18:31:03.674] [999080][I][main.cpp:162] task_watchdog_heartbeat(): [GHC] T1 tick 1990  uptime 999 s
[2026-05-14 18:31:08.691] [1004097][I][main.cpp:162] task_watchdog_heartbeat(): [GHC] T1 tick 2000  uptime 1004 s
[2026-05-14 18:31:13.709] [1009115][I][main.cpp:162] task_watchdog_heartbeat(): [GHC] T1 tick 2010  uptime 1009 s
[2026-05-14 18:31:18.727] [1014133][I][main.cpp:162] task_watchdog_heartbeat(): [GHC] T1 tick 2020  uptime 1014 s
[2026-05-14 18:31:19.313] [1014716][I][data_manager.cpp:230] read_rtc_and_seed_clock(): [T4] RTC: 2026-05-14 18:31:15 UTC  unix=1778783475  daytime=yes
[2026-05-14 18:31:22.324] [1017729][I][sensor_poll.cpp:359] task_sensor_poll(): [T5_SEN] [T5] iter 33 — woke from 30 s delay
[2026-05-14 18:31:22.332] [1017738][I][sensor_poll.cpp:395] task_sensor_poll(): [T5_SEN] [T5] iter 33 — polling FG6485A
[2026-05-14 18:31:22.364] [1017770][I][sensor_poll.cpp:432] task_sensor_poll(): [T5_SEN] [T5] iter 33 — polling S200
[2026-05-14 18:31:22.906] [1018308][I][sensor_poll.cpp:535] task_sensor_poll(): [T5_SEN] [T5] T=24°C RH=38% ws=0.0 m/s wd=0° | avg T=24 RH=38 ws=0.0 wd=0° [win T=12 RH=20 W=12]
[2026-05-14 18:31:22.926] [1018321][I][climate_control.cpp:434] task_climate_control(): [T6_CLI] [T6] T_avg=24 t_max=28 hyst=5 → step_t=0 | RH_avg=38 rh_max=75 rh_min=50 hyst=12 rh_en=1 → step_rh=0 | resolved=0 (was cur_t=0 cur_rh=0)
[2026-05-14 18:31:23.745] [1019151][I][main.cpp:162] task_watchdog_heartbeat(): [GHC] T1 tick 2030  uptime 1019 s
[2026-05-14 18:31:28.763] [1024169][I][main.cpp:162] task_watchdog_heartbeat(): [GHC] T1 tick 2040  uptime 1024 s
[2026-05-14 18:31:33.781] [1029187][I][main.cpp:162] task_watchdog_heartbeat(): [GHC] T1 tick 2050  uptime 1029 s
[2026-05-14 18:31:38.799] [1034205][I][main.cpp:162] task_watchdog_heartbeat(): [GHC] T1 tick 2060  uptime 1034 s
[2026-05-14 18:31:43.817] [1039223][I][main.cpp:162] task_watchdog_heartbeat(): [GHC] T1 tick 2070  uptime 1039 s
[2026-05-14 18:31:48.835] [1044241][I][main.cpp:162] task_watchdog_heartbeat(): [GHC] T1 tick 2080  uptime 1044 s
[2026-05-14 18:31:52.917] [1048322][I][sensor_poll.cpp:359] task_sensor_poll(): [T5_SEN] [T5] iter 34 — woke from 30 s delay
[2026-05-14 18:31:52.925] [1048331][I][sensor_poll.cpp:395] task_sensor_poll(): [T5_SEN] [T5] iter 34 — polling FG6485A
[2026-05-14 18:31:52.958] [1048363][I][sensor_poll.cpp:432] task_sensor_poll(): [T5_SEN] [T5] iter 34 — polling S200
[2026-05-14 18:31:53.500] [1048902][I][sensor_poll.cpp:535] task_sensor_poll(): [T5_SEN] [T5] T=24°C RH=38% ws=0.0 m/s wd=0° | avg T=24 RH=38 ws=0.0 wd=0° [win T=12 RH=20 W=12]
[2026-05-14 18:31:53.520] [1048915][I][climate_control.cpp:434] task_climate_control(): [T6_CLI] [T6] T_avg=24 t_max=28 hyst=5 → step_t=0 | RH_avg=38 rh_max=75 rh_min=50 hyst=12 rh_en=1 → step_rh=0 | resolved=0 (was cur_t=0 cur_rh=0)
[2026-05-14 18:31:53.853] [1049259][I][main.cpp:162] task_watchdog_heartbeat(): [GHC] T1 tick 2090  uptime 1049 s
[2026-05-14 18:31:58.871] [1054277][I][main.cpp:162] task_watchdog_heartbeat(): [GHC] T1 tick 2100  uptime 1054 s
[2026-05-14 18:32:03.889] [1059295][I][main.cpp:162] task_watchdog_heartbeat(): [GHC] T1 tick 2110  uptime 1059 s
[2026-05-14 18:32:08.907] [1064313][I][main.cpp:162] task_watchdog_heartbeat(): [GHC] T1 tick 2120  uptime 1064 s
[2026-05-14 18:32:13.925] [1069331][I][main.cpp:162] task_watchdog_heartbeat(): [GHC] T1 tick 2130  uptime 1069 s
[2026-05-14 18:32:18.500] [1073903][I][data_manager.cpp:230] read_rtc_and_seed_clock(): [T4] RTC: 2026-05-14 18:32:14 UTC  unix=1778783534  daytime=yes
[2026-05-14 18:32:18.943] [1074349][I][main.cpp:162] task_watchdog_heartbeat(): [GHC] T1 tick 2140  uptime 1074 s
[2026-05-14 18:32:23.511] [1078916][I][sensor_poll.cpp:359] task_sensor_poll(): [T5_SEN] [T5] iter 35 — woke from 30 s delay
[2026-05-14 18:32:23.520] [1078925][I][sensor_poll.cpp:395] task_sensor_poll(): [T5_SEN] [T5] iter 35 — polling FG6485A
[2026-05-14 18:32:23.552] [1078957][I][sensor_poll.cpp:432] task_sensor_poll(): [T5_SEN] [T5] iter 35 — polling S200
[2026-05-14 18:32:23.961] [1079367][I][main.cpp:162] task_watchdog_heartbeat(): [GHC] T1 tick 2150  uptime 1079 s
[2026-05-14 18:32:24.095] [1079496][I][sensor_poll.cpp:535] task_sensor_poll(): [T5_SEN] [T5] T=24°C RH=38% ws=0.0 m/s wd=0° | avg T=24 RH=38 ws=0.0 wd=0° [win T=12 RH=20 W=12]
[2026-05-14 18:32:24.115] [1079510][I][climate_control.cpp:434] task_climate_control(): [T6_CLI] [T6] T_avg=24 t_max=28 hyst=5 → step_t=0 | RH_avg=38 rh_max=75 rh_min=50 hyst=12 rh_en=1 → step_rh=0 | resolved=0 (was cur_t=0 cur_rh=0)
[2026-05-14 18:32:28.979] [1084385][I][main.cpp:162] task_watchdog_heartbeat(): [GHC] T1 tick 2160  uptime 1084 s
[2026-05-14 18:32:33.997] [1089403][I][main.cpp:162] task_watchdog_heartbeat(): [GHC] T1 tick 2170  uptime 1089 s
[2026-05-14 18:32:39.015] [1094421][I][main.cpp:162] task_watchdog_heartbeat(): [GHC] T1 tick 2180  uptime 1094 s
[2026-05-14 18:32:44.033] [1099439][I][main.cpp:162] task_watchdog_heartbeat(): [GHC] T1 tick 2190  uptime 1099 s
[2026-05-14 18:32:49.051] [1104457][I][main.cpp:162] task_watchdog_heartbeat(): [GHC] T1 tick 2200  uptime 1104 s
[2026-05-14 18:32:54.069] [1109475][I][main.cpp:162] task_watchdog_heartbeat(): [GHC] T1 tick 2210  uptime 1109 s
[2026-05-14 18:32:54.105] [1109510][I][sensor_poll.cpp:359] task_sensor_poll(): [T5_SEN] [T5] iter 36 — woke from 30 s delay
[2026-05-14 18:32:54.114] [1109519][I][sensor_poll.cpp:395] task_sensor_poll(): [T5_SEN] [T5] iter 36 — polling FG6485A
[2026-05-14 18:32:54.461] [1109865][I][sensor_poll.cpp:432] task_sensor_poll(): [T5_SEN] [T5] iter 36 — polling S200
[2026-05-14 18:32:55.003] [1110404][I][sensor_poll.cpp:535] task_sensor_poll(): [T5_SEN] [T5] T=24°C RH=38% ws=0.0 m/s wd=0° | avg T=24 RH=38 ws=0.0 wd=0° [win T=12 RH=20 W=12]
[2026-05-14 18:32:55.023] [1110417][I][climate_control.cpp:434] task_climate_control(): [T6_CLI] [T6] T_avg=24 t_max=28 hyst=5 → step_t=0 | RH_avg=38 rh_max=75 rh_min=50 hyst=12 rh_en=1 → step_rh=0 | resolved=0 (was cur_t=0 cur_rh=0)
[2026-05-14 18:32:59.087] [1114493][I][main.cpp:162] task_watchdog_heartbeat(): [GHC] T1 tick 2220  uptime 1114 s
[2026-05-14 18:33:04.105] [1119511][I][main.cpp:162] task_watchdog_heartbeat(): [GHC] T1 tick 2230  uptime 1119 s
[2026-05-14 18:33:09.123] [1124529][I][main.cpp:162] task_watchdog_heartbeat(): [GHC] T1 tick 2240  uptime 1124 s
[2026-05-14 18:33:14.141] [1129547][I][main.cpp:162] task_watchdog_heartbeat(): [GHC] T1 tick 2250  uptime 1129 s
[2026-05-14 18:33:18.003] [1133405][I][data_manager.cpp:230] read_rtc_and_seed_clock(): [T4] RTC: 2026-05-14 18:33:13 UTC  unix=1778783593  daytime=yes
[2026-05-14 18:33:19.159] [1134565][I][main.cpp:162] task_watchdog_heartbeat(): [GHC] T1 tick 2260  uptime 1134 s
[2026-05-14 18:33:24.177] [1139583][I][main.cpp:162] task_watchdog_heartbeat(): [GHC] T1 tick 2270  uptime 1139 s
[2026-05-14 18:33:25.014] [1140418][I][sensor_poll.cpp:359] task_sensor_poll(): [T5_SEN] [T5] iter 37 — woke from 30 s delay
[2026-05-14 18:33:25.022] [1140427][I][sensor_poll.cpp:395] task_sensor_poll(): [T5_SEN] [T5] iter 37 — polling FG6485A
[2026-05-14 18:33:25.054] [1140459][I][sensor_poll.cpp:432] task_sensor_poll(): [T5_SEN] [T5] iter 37 — polling S200
[2026-05-14 18:33:25.596] [1140997][I][sensor_poll.cpp:535] task_sensor_poll(): [T5_SEN] [T5] T=24°C RH=38% ws=0.0 m/s wd=0° | avg T=24 RH=38 ws=0.0 wd=0° [win T=12 RH=20 W=12]
[2026-05-14 18:33:25.616] [1141011][I][climate_control.cpp:434] task_climate_control(): [T6_CLI] [T6] T_avg=24 t_max=28 hyst=5 → step_t=0 | RH_avg=38 rh_max=75 rh_min=50 hyst=12 rh_en=1 → step_rh=0 | resolved=0 (was cur_t=0 cur_rh=0)
[2026-05-14 18:33:29.195] [1144601][I][main.cpp:162] task_watchdog_heartbeat(): [GHC] T1 tick 2280  uptime 1144 s
[2026-05-14 18:33:34.213] [1149619][I][main.cpp:162] task_watchdog_heartbeat(): [GHC] T1 tick 2290  uptime 1149 s
[2026-05-14 18:33:39.231] [1154637][I][main.cpp:162] task_watchdog_heartbeat(): [GHC] T1 tick 2300  uptime 1154 s
[2026-05-14 18:33:44.249] [1159655][I][main.cpp:162] task_watchdog_heartbeat(): [GHC] T1 tick 2310  uptime 1159 s
[2026-05-14 18:33:49.267] [1164673][I][main.cpp:162] task_watchdog_heartbeat(): [GHC] T1 tick 2320  uptime 1164 s
[2026-05-14 18:33:54.286] [1169691][I][main.cpp:162] task_watchdog_heartbeat(): [GHC] T1 tick 2330  uptime 1169 s
[2026-05-14 18:33:55.607] [1171011][I][sensor_poll.cpp:359] task_sensor_poll(): [T5_SEN] [T5] iter 38 — woke from 30 s delay
[2026-05-14 18:33:55.615] [1171020][I][sensor_poll.cpp:395] task_sensor_poll(): [T5_SEN] [T5] iter 38 — polling FG6485A
[2026-05-14 18:33:55.647] [1171052][I][sensor_poll.cpp:432] task_sensor_poll(): [T5_SEN] [T5] iter 38 — polling S200
[2026-05-14 18:33:56.189] [1171590][I][sensor_poll.cpp:535] task_sensor_poll(): [T5_SEN] [T5] T=24°C RH=38% ws=0.0 m/s wd=0° | avg T=24 RH=38 ws=0.0 wd=0° [win T=12 RH=20 W=12]
[2026-05-14 18:33:56.209] [1171603][I][climate_control.cpp:434] task_climate_control(): [T6_CLI] [T6] T_avg=24 t_max=28 hyst=5 → step_t=0 | RH_avg=38 rh_max=75 rh_min=50 hyst=12 rh_en=1 → step_rh=0 | resolved=0 (was cur_t=0 cur_rh=0)
[2026-05-14 18:33:59.304] [1174709][I][main.cpp:162] task_watchdog_heartbeat(): [GHC] T1 tick 2340  uptime 1174 s
[2026-05-14 18:34:04.322] [1179727][I][main.cpp:162] task_watchdog_heartbeat(): [GHC] T1 tick 2350  uptime 1179 s
[2026-05-14 18:34:09.339] [1184744][I][main.cpp:162] task_watchdog_heartbeat(): [GHC] T1 tick 2360  uptime 1184 s
[2026-05-14 18:34:14.355] [1189761][I][main.cpp:162] task_watchdog_heartbeat(): [GHC] T1 tick 2370  uptime 1189 s
[2026-05-14 18:34:17.189] [1192591][I][data_manager.cpp:230] read_rtc_and_seed_clock(): [T4] RTC: 2026-05-14 18:34:12 UTC  unix=1778783652  daytime=yes
[2026-05-14 18:34:19.372] [1194778][I][main.cpp:162] task_watchdog_heartbeat(): [GHC] T1 tick 2380  uptime 1194 s
[2026-05-14 18:34:24.391] [1199796][I][main.cpp:162] task_watchdog_heartbeat(): [GHC] T1 tick 2390  uptime 1199 s
[2026-05-14 18:34:26.200] [1201604][I][sensor_poll.cpp:359] task_sensor_poll(): [T5_SEN] [T5] iter 39 — woke from 30 s delay
[2026-05-14 18:34:26.208] [1201613][I][sensor_poll.cpp:395] task_sensor_poll(): [T5_SEN] [T5] iter 39 — polling FG6485A
[2026-05-14 18:34:26.240] [1201645][I][sensor_poll.cpp:432] task_sensor_poll(): [T5_SEN] [T5] iter 39 — polling S200
[2026-05-14 18:34:26.782] [1202183][I][sensor_poll.cpp:535] task_sensor_poll(): [T5_SEN] [T5] T=24°C RH=38% ws=0.0 m/s wd=0° | avg T=24 RH=38 ws=0.0 wd=0° [win T=12 RH=20 W=12]
[2026-05-14 18:34:26.802] [1202197][I][climate_control.cpp:434] task_climate_control(): [T6_CLI] [T6] T_avg=24 t_max=28 hyst=5 → step_t=0 | RH_avg=38 rh_max=75 rh_min=50 hyst=12 rh_en=1 → step_rh=0 | resolved=0 (was cur_t=0 cur_rh=0)
[2026-05-14 18:34:29.408] [1204814][I][main.cpp:162] task_watchdog_heartbeat(): [GHC] T1 tick 2400  uptime 1204 s
[2026-05-14 18:34:29.416] [1204822][I][main.cpp:247] task_watchdog_heartbeat(): [GHC] stack T1  hwm=2044 B
[2026-05-14 18:34:29.422] [1204830][I][main.cpp:247] task_watchdog_heartbeat(): [GHC] stack T2  hwm=6220 B
[2026-05-14 18:34:29.430] [1204837][I][main.cpp:247] task_watchdog_heartbeat(): [GHC] stack T3  hwm=1980 B
[2026-05-14 18:34:29.439] [1204844][I][main.cpp:247] task_watchdog_heartbeat(): [GHC] stack T4  hwm=3948 B
[2026-05-14 18:34:29.445] [1204852][I][main.cpp:247] task_watchdog_heartbeat(): [GHC] stack T5  hwm=4252 B
[2026-05-14 18:34:29.453] [1204859][I][main.cpp:247] task_watchdog_heartbeat(): [GHC] stack T6  hwm=1904 B
[2026-05-14 18:34:29.459] [1204866][I][main.cpp:247] task_watchdog_heartbeat(): [GHC] stack T7  hwm=2464 B
[2026-05-14 18:34:29.468] [1204874][I][main.cpp:247] task_watchdog_heartbeat(): [GHC] stack T8  hwm=5740 B
[2026-05-14 18:34:29.474] [1204881][I][main.cpp:247] task_watchdog_heartbeat(): [GHC] stack T9  hwm=2720 B
[2026-05-14 18:34:29.482] [1204888][I][main.cpp:247] task_watchdog_heartbeat(): [GHC] stack T10 hwm=5632 B
[2026-05-14 18:34:29.488] [1204896][I][main.cpp:247] task_watchdog_heartbeat(): [GHC] stack T11 hwm=5696 B
[2026-05-14 18:34:29.497] [1204903][I][main.cpp:247] task_watchdog_heartbeat(): [GHC] stack T12 hwm=7464 B
[2026-05-14 18:34:29.505] [1204911][I][main.cpp:247] task_watchdog_heartbeat(): [GHC] stack T14 hwm=6672 B
[2026-05-14 18:34:29.512] [1204918][I][main.cpp:247] task_watchdog_heartbeat(): [GHC] stack T15 hwm=2316 B
[2026-05-14 18:34:34.530] [1209935][I][main.cpp:162] task_watchdog_heartbeat(): [GHC] T1 tick 2410  uptime 1209 s
[2026-05-14 18:34:39.548] [1214953][I][main.cpp:162] task_watchdog_heartbeat(): [GHC] T1 tick 2420  uptime 1214 s
[2026-05-14 18:34:44.566] [1219971][I][main.cpp:162] task_watchdog_heartbeat(): [GHC] T1 tick 2430  uptime 1219 s
[2026-05-14 18:34:49.584] [1224989][I][main.cpp:162] task_watchdog_heartbeat(): [GHC] T1 tick 2440  uptime 1224 s
[2026-05-14 18:34:54.602] [1230007][I][main.cpp:162] task_watchdog_heartbeat(): [GHC] T1 tick 2450  uptime 1230 s
[2026-05-14 18:34:56.793] [1232197][I][sensor_poll.cpp:359] task_sensor_poll(): [T5_SEN] [T5] iter 40 — woke from 30 s delay
[2026-05-14 18:34:56.801] [1232206][I][sensor_poll.cpp:395] task_sensor_poll(): [T5_SEN] [T5] iter 40 — polling FG6485A
[2026-05-14 18:34:56.834] [1232238][I][sensor_poll.cpp:432] task_sensor_poll(): [T5_SEN] [T5] iter 40 — polling S200
[2026-05-14 18:34:57.376] [1232777][I][sensor_poll.cpp:535] task_sensor_poll(): [T5_SEN] [T5] T=24°C RH=38% ws=0.0 m/s wd=0° | avg T=24 RH=38 ws=0.0 wd=0° [win T=12 RH=20 W=12]
[2026-05-14 18:34:57.396] [1232790][I][climate_control.cpp:434] task_climate_control(): [T6_CLI] [T6] T_avg=24 t_max=28 hyst=5 → step_t=0 | RH_avg=38 rh_max=75 rh_min=50 hyst=12 rh_en=1 → step_rh=0 | resolved=0 (was cur_t=0 cur_rh=0)
[2026-05-14 18:34:59.620] [1235025][I][main.cpp:162] task_watchdog_heartbeat(): [GHC] T1 tick 2460  uptime 1235 s
[2026-05-14 18:35:04.637] [1240043][I][main.cpp:162] task_watchdog_heartbeat(): [GHC] T1 tick 2470  uptime 1240 s
[2026-05-14 18:35:09.656] [1245061][I][main.cpp:162] task_watchdog_heartbeat(): [GHC] T1 tick 2480  uptime 1245 s
[2026-05-14 18:35:14.674] [1250079][I][main.cpp:162] task_watchdog_heartbeat(): [GHC] T1 tick 2490  uptime 1250 s
[2026-05-14 18:35:16.376] [1251778][I][data_manager.cpp:230] read_rtc_and_seed_clock(): [T4] RTC: 2026-05-14 18:35:12 UTC  unix=1778783712  daytime=yes
[2026-05-14 18:35:19.692] [1255097][I][main.cpp:162] task_watchdog_heartbeat(): [GHC] T1 tick 2500  uptime 1255 s
[2026-05-14 18:35:24.710] [1260115][I][main.cpp:162] task_watchdog_heartbeat(): [GHC] T1 tick 2510  uptime 1260 s
[2026-05-14 18:35:27.387] [1262791][I][sensor_poll.cpp:359] task_sensor_poll(): [T5_SEN] [T5] iter 41 — woke from 30 s delay
[2026-05-14 18:35:27.395] [1262800][I][sensor_poll.cpp:395] task_sensor_poll(): [T5_SEN] [T5] iter 41 — polling FG6485A
[2026-05-14 18:35:27.427] [1262832][I][sensor_poll.cpp:432] task_sensor_poll(): [T5_SEN] [T5] iter 41 — polling S200
[2026-05-14 18:35:27.969] [1263370][I][sensor_poll.cpp:535] task_sensor_poll(): [T5_SEN] [T5] T=24°C RH=38% ws=0.0 m/s wd=0° | avg T=24 RH=38 ws=0.0 wd=0° [win T=12 RH=20 W=12]
[2026-05-14 18:35:27.989] [1263384][I][climate_control.cpp:434] task_climate_control(): [T6_CLI] [T6] T_avg=24 t_max=28 hyst=5 → step_t=0 | RH_avg=38 rh_max=75 rh_min=50 hyst=12 rh_en=1 → step_rh=0 | resolved=0 (was cur_t=0 cur_rh=0)
[2026-05-14 18:35:29.728] [1265133][I][main.cpp:162] task_watchdog_heartbeat(): [GHC] T1 tick 2520  uptime 1265 s
[2026-05-14 18:35:34.746] [1270151][I][main.cpp:162] task_watchdog_heartbeat(): [GHC] T1 tick 2530  uptime 1270 s
[2026-05-14 18:35:39.764] [1275169][I][main.cpp:162] task_watchdog_heartbeat(): [GHC] T1 tick 2540  uptime 1275 s
[2026-05-14 18:35:44.782] [1280187][I][main.cpp:162] task_watchdog_heartbeat(): [GHC] T1 tick 2550  uptime 1280 s
[2026-05-14 18:35:49.800] [1285205][I][main.cpp:162] task_watchdog_heartbeat(): [GHC] T1 tick 2560  uptime 1285 s
[2026-05-14 18:35:54.818] [1290223][I][main.cpp:162] task_watchdog_heartbeat(): [GHC] T1 tick 2570  uptime 1290 s
[2026-05-14 18:35:57.980] [1293384][I][sensor_poll.cpp:359] task_sensor_poll(): [T5_SEN] [T5] iter 42 — woke from 30 s delay
[2026-05-14 18:35:57.988] [1293393][I][sensor_poll.cpp:395] task_sensor_poll(): [T5_SEN] [T5] iter 42 — polling FG6485A
[2026-05-14 18:35:58.021] [1293425][I][sensor_poll.cpp:432] task_sensor_poll(): [T5_SEN] [T5] iter 42 — polling S200
[2026-05-14 18:35:58.562] [1293963][I][sensor_poll.cpp:535] task_sensor_poll(): [T5_SEN] [T5] T=24°C RH=38% ws=0.0 m/s wd=0° | avg T=24 RH=38 ws=0.0 wd=0° [win T=12 RH=20 W=12]
[2026-05-14 18:35:58.582] [1293976][I][climate_control.cpp:434] task_climate_control(): [T6_CLI] [T6] T_avg=24 t_max=28 hyst=5 → step_t=0 | RH_avg=38 rh_max=75 rh_min=50 hyst=12 rh_en=1 → step_rh=0 | resolved=0 (was cur_t=0 cur_rh=0)
[2026-05-14 18:35:59.836] [1295241][I][main.cpp:162] task_watchdog_heartbeat(): [GHC] T1 tick 2580  uptime 1295 s
[2026-05-14 18:36:04.854] [1300259][I][main.cpp:162] task_watchdog_heartbeat(): [GHC] T1 tick 2590  uptime 1300 s
[2026-05-14 18:36:09.872] [1305277][I][main.cpp:162] task_watchdog_heartbeat(): [GHC] T1 tick 2600  uptime 1305 s
[2026-05-14 18:36:14.890] [1310295][I][main.cpp:162] task_watchdog_heartbeat(): [GHC] T1 tick 2610  uptime 1310 s
[2026-05-14 18:36:15.562] [1310964][I][data_manager.cpp:230] read_rtc_and_seed_clock(): [T4] RTC: 2026-05-14 18:36:11 UTC  unix=1778783771  daytime=yes
[2026-05-14 18:36:19.908] [1315313][I][main.cpp:162] task_watchdog_heartbeat(): [GHC] T1 tick 2620  uptime 1315 s
[2026-05-14 18:36:24.926] [1320331][I][main.cpp:162] task_watchdog_heartbeat(): [GHC] T1 tick 2630  uptime 1320 s
[2026-05-14 18:36:28.573] [1323977][I][sensor_poll.cpp:359] task_sensor_poll(): [T5_SEN] [T5] iter 43 — woke from 30 s delay
[2026-05-14 18:36:28.582] [1323986][I][sensor_poll.cpp:395] task_sensor_poll(): [T5_SEN] [T5] iter 43 — polling FG6485A
[2026-05-14 18:36:28.614] [1324018][I][sensor_poll.cpp:432] task_sensor_poll(): [T5_SEN] [T5] iter 43 — polling S200
[2026-05-14 18:36:29.157] [1324557][I][sensor_poll.cpp:535] task_sensor_poll(): [T5_SEN] [T5] T=24°C RH=38% ws=0.0 m/s wd=0° | avg T=24 RH=38 ws=0.0 wd=0° [win T=12 RH=20 W=12]
[2026-05-14 18:36:29.176] [1324570][I][climate_control.cpp:434] task_climate_control(): [T6_CLI] [T6] T_avg=24 t_max=28 hyst=5 → step_t=0 | RH_avg=38 rh_max=75 rh_min=50 hyst=12 rh_en=1 → step_rh=0 | resolved=0 (was cur_t=0 cur_rh=0)
[2026-05-14 18:36:29.944] [1325349][I][main.cpp:162] task_watchdog_heartbeat(): [GHC] T1 tick 2640  uptime 1325 s
[2026-05-14 18:36:34.962] [1330367][I][main.cpp:162] task_watchdog_heartbeat(): [GHC] T1 tick 2650  uptime 1330 s
[2026-05-14 18:36:39.980] [1335385][I][main.cpp:162] task_watchdog_heartbeat(): [GHC] T1 tick 2660  uptime 1335 s
[2026-05-14 18:36:44.998] [1340403][I][main.cpp:162] task_watchdog_heartbeat(): [GHC] T1 tick 2670  uptime 1340 s
[2026-05-14 18:36:50.016] [1345421][I][main.cpp:162] task_watchdog_heartbeat(): [GHC] T1 tick 2680  uptime 1345 s
[2026-05-14 18:36:55.034] [1350439][I][main.cpp:162] task_watchdog_heartbeat(): [GHC] T1 tick 2690  uptime 1350 s
[2026-05-14 18:36:59.168] [1354571][I][sensor_poll.cpp:359] task_sensor_poll(): [T5_SEN] [T5] iter 44 — woke from 30 s delay
[2026-05-14 18:36:59.176] [1354580][I][sensor_poll.cpp:395] task_sensor_poll(): [T5_SEN] [T5] iter 44 — polling FG6485A
[2026-05-14 18:36:59.208] [1354612][I][sensor_poll.cpp:432] task_sensor_poll(): [T5_SEN] [T5] iter 44 — polling S200
[2026-05-14 18:36:59.751] [1355151][I][sensor_poll.cpp:535] task_sensor_poll(): [T5_SEN] [T5] T=24°C RH=38% ws=0.0 m/s wd=0° | avg T=24 RH=38 ws=0.0 wd=0° [win T=12 RH=20 W=12]
[2026-05-14 18:36:59.771] [1355164][I][climate_control.cpp:434] task_climate_control(): [T6_CLI] [T6] T_avg=24 t_max=28 hyst=5 → step_t=0 | RH_avg=38 rh_max=75 rh_min=50 hyst=12 rh_en=1 → step_rh=0 | resolved=0 (was cur_t=0 cur_rh=0)
[2026-05-14 18:37:00.052] [1355457][I][main.cpp:162] task_watchdog_heartbeat(): [GHC] T1 tick 2700  uptime 1355 s
[2026-05-14 18:37:05.070] [1360475][I][main.cpp:162] task_watchdog_heartbeat(): [GHC] T1 tick 2710  uptime 1360 s
[2026-05-14 18:37:10.088] [1365493][I][main.cpp:162] task_watchdog_heartbeat(): [GHC] T1 tick 2720  uptime 1365 s
[2026-05-14 18:37:14.751] [1370152][I][data_manager.cpp:230] read_rtc_and_seed_clock(): [T4] RTC: 2026-05-14 18:37:10 UTC  unix=1778783830  daytime=yes
[2026-05-14 18:37:15.105] [1370510][I][main.cpp:162] task_watchdog_heartbeat(): [GHC] T1 tick 2730  uptime 1370 s
[2026-05-14 18:37:20.122] [1375527][I][main.cpp:162] task_watchdog_heartbeat(): [GHC] T1 tick 2740  uptime 1375 s
[2026-05-14 18:37:25.140] [1380545][I][main.cpp:162] task_watchdog_heartbeat(): [GHC] T1 tick 2750  uptime 1380 s
[2026-05-14 18:37:29.762] [1385165][I][sensor_poll.cpp:359] task_sensor_poll(): [T5_SEN] [T5] iter 45 — woke from 30 s delay
[2026-05-14 18:37:29.770] [1385174][I][sensor_poll.cpp:395] task_sensor_poll(): [T5_SEN] [T5] iter 45 — polling FG6485A
[2026-05-14 18:37:30.117] [1385520][I][sensor_poll.cpp:432] task_sensor_poll(): [T5_SEN] [T5] iter 45 — polling S200
[2026-05-14 18:37:30.158] [1385563][I][main.cpp:162] task_watchdog_heartbeat(): [GHC] T1 tick 2760  uptime 1385 s
[2026-05-14 18:37:30.659] [1386059][I][sensor_poll.cpp:535] task_sensor_poll(): [T5_SEN] [T5] T=24°C RH=38% ws=0.0 m/s wd=0° | avg T=24 RH=38 ws=0.0 wd=0° [win T=12 RH=20 W=12]
[2026-05-14 18:37:30.679] [1386073][I][climate_control.cpp:434] task_climate_control(): [T6_CLI] [T6] T_avg=24 t_max=28 hyst=5 → step_t=0 | RH_avg=38 rh_max=75 rh_min=50 hyst=12 rh_en=1 → step_rh=0 | resolved=0 (was cur_t=0 cur_rh=0)
[2026-05-14 18:37:35.177] [1390581][I][main.cpp:162] task_watchdog_heartbeat(): [GHC] T1 tick 2770  uptime 1390 s
[2026-05-14 18:37:40.195] [1395599][I][main.cpp:162] task_watchdog_heartbeat(): [GHC] T1 tick 2780  uptime 1395 s
[2026-05-14 18:37:45.213] [1400617][I][main.cpp:162] task_watchdog_heartbeat(): [GHC] T1 tick 2790  uptime 1400 s
[2026-05-14 18:37:50.231] [1405635][I][main.cpp:162] task_watchdog_heartbeat(): [GHC] T1 tick 2800  uptime 1405 s
[2026-05-14 18:37:55.249] [1410653][I][main.cpp:162] task_watchdog_heartbeat(): [GHC] T1 tick 2810  uptime 1410 s
[2026-05-14 18:38:00.267] [1415671][I][main.cpp:162] task_watchdog_heartbeat(): [GHC] T1 tick 2820  uptime 1415 s
[2026-05-14 18:38:00.670] [1416073][I][sensor_poll.cpp:359] task_sensor_poll(): [T5_SEN] [T5] iter 46 — woke from 30 s delay
[2026-05-14 18:38:00.678] [1416082][I][sensor_poll.cpp:395] task_sensor_poll(): [T5_SEN] [T5] iter 46 — polling FG6485A
[2026-05-14 18:38:00.710] [1416114][I][sensor_poll.cpp:432] task_sensor_poll(): [T5_SEN] [T5] iter 46 — polling S200
[2026-05-14 18:38:01.252] [1416652][I][sensor_poll.cpp:535] task_sensor_poll(): [T5_SEN] [T5] T=24°C RH=38% ws=0.0 m/s wd=0° | avg T=24 RH=38 ws=0.0 wd=0° [win T=12 RH=20 W=12]
[2026-05-14 18:38:01.272] [1416665][I][climate_control.cpp:434] task_climate_control(): [T6_CLI] [T6] T_avg=24 t_max=28 hyst=5 → step_t=0 | RH_avg=38 rh_max=75 rh_min=50 hyst=12 rh_en=1 → step_rh=0 | resolved=0 (was cur_t=0 cur_rh=0)
[2026-05-14 18:38:05.285] [1420689][I][main.cpp:162] task_watchdog_heartbeat(): [GHC] T1 tick 2830  uptime 1420 s
[2026-05-14 18:38:10.303] [1425707][I][main.cpp:162] task_watchdog_heartbeat(): [GHC] T1 tick 2840  uptime 1425 s
[2026-05-14 18:38:14.252] [1429653][I][data_manager.cpp:230] read_rtc_and_seed_clock(): [T4] RTC: 2026-05-14 18:38:09 UTC  unix=1778783889  daytime=yes
[2026-05-14 18:38:15.321] [1430725][I][main.cpp:162] task_watchdog_heartbeat(): [GHC] T1 tick 2850  uptime 1430 s
[2026-05-14 18:38:20.339] [1435743][I][main.cpp:162] task_watchdog_heartbeat(): [GHC] T1 tick 2860  uptime 1435 s
[2026-05-14 18:38:25.357] [1440761][I][main.cpp:162] task_watchdog_heartbeat(): [GHC] T1 tick 2870  uptime 1440 s
[2026-05-14 18:38:30.375] [1445779][I][main.cpp:162] task_watchdog_heartbeat(): [GHC] T1 tick 2880  uptime 1445 s
[2026-05-14 18:38:31.263] [1446666][I][sensor_poll.cpp:359] task_sensor_poll(): [T5_SEN] [T5] iter 47 — woke from 30 s delay
[2026-05-14 18:38:31.271] [1446675][I][sensor_poll.cpp:395] task_sensor_poll(): [T5_SEN] [T5] iter 47 — polling FG6485A
[2026-05-14 18:38:31.303] [1446707][I][sensor_poll.cpp:432] task_sensor_poll(): [T5_SEN] [T5] iter 47 — polling S200
[2026-05-14 18:38:31.845] [1447245][I][sensor_poll.cpp:535] task_sensor_poll(): [T5_SEN] [T5] T=24°C RH=38% ws=0.0 m/s wd=0° | avg T=24 RH=38 ws=0.0 wd=0° [win T=12 RH=20 W=12]
[2026-05-14 18:38:31.865] [1447258][I][climate_control.cpp:434] task_climate_control(): [T6_CLI] [T6] T_avg=24 t_max=28 hyst=5 → step_t=0 | RH_avg=38 rh_max=75 rh_min=50 hyst=12 rh_en=1 → step_rh=0 | resolved=0 (was cur_t=0 cur_rh=0)
[2026-05-14 18:38:34.150] [1449555][I][web_server.cpp:552] operator()(): [T11_WEB] Login OK: role=admin
[2026-05-14 18:38:35.393] [1450797][I][main.cpp:162] task_watchdog_heartbeat(): [GHC] T1 tick 2890  uptime 1450 s
[2026-05-14 18:38:40.411] [1455815][I][main.cpp:162] task_watchdog_heartbeat(): [GHC] T1 tick 2900  uptime 1455 s
[2026-05-14 18:38:45.616] [1461020][I][main.cpp:162] task_watchdog_heartbeat(): [GHC] T1 tick 2910  uptime 1461 s
[2026-05-14 18:38:50.654] [1466058][I][main.cpp:162] task_watchdog_heartbeat(): [GHC] T1 tick 2920  uptime 1466 s
[2026-05-14 18:38:55.672] [1471076][I][main.cpp:162] task_watchdog_heartbeat(): [GHC] T1 tick 2930  uptime 1471 s
[2026-05-14 18:39:00.689] [1476093][I][main.cpp:162] task_watchdog_heartbeat(): [GHC] T1 tick 2940  uptime 1476 s
[2026-05-14 18:39:01.856] [1477259][I][sensor_poll.cpp:359] task_sensor_poll(): [T5_SEN] [T5] iter 48 — woke from 30 s delay
[2026-05-14 18:39:01.864] [1477268][I][sensor_poll.cpp:395] task_sensor_poll(): [T5_SEN] [T5] iter 48 — polling FG6485A
[2026-05-14 18:39:01.897] [1477300][I][sensor_poll.cpp:432] task_sensor_poll(): [T5_SEN] [T5] iter 48 — polling S200
[2026-05-14 18:39:02.438] [1477838][I][sensor_poll.cpp:535] task_sensor_poll(): [T5_SEN] [T5] T=24°C RH=38% ws=0.0 m/s wd=0° | avg T=24 RH=38 ws=0.0 wd=0° [win T=12 RH=20 W=12]
[2026-05-14 18:39:02.458] [1477852][I][climate_control.cpp:434] task_climate_control(): [T6_CLI] [T6] T_avg=24 t_max=28 hyst=5 → step_t=0 | RH_avg=38 rh_max=75 rh_min=50 hyst=12 rh_en=1 → step_rh=0 | resolved=0 (was cur_t=0 cur_rh=0)
[2026-05-14 18:39:05.707] [1481111][I][main.cpp:162] task_watchdog_heartbeat(): [GHC] T1 tick 2950  uptime 1481 s
[2026-05-14 18:39:10.725] [1486129][I][main.cpp:162] task_watchdog_heartbeat(): [GHC] T1 tick 2960  uptime 1486 s
[2026-05-14 18:39:13.438] [1488839][I][data_manager.cpp:230] read_rtc_and_seed_clock(): [T4] RTC: 2026-05-14 18:39:09 UTC  unix=1778783949  daytime=yes
[2026-05-14 18:39:15.743] [1491147][I][main.cpp:162] task_watchdog_heartbeat(): [GHC] T1 tick 2970  uptime 1491 s
[2026-05-14 18:39:20.761] [1496165][I][main.cpp:162] task_watchdog_heartbeat(): [GHC] T1 tick 2980  uptime 1496 s
[2026-05-14 18:39:25.779] [1501183][I][main.cpp:162] task_watchdog_heartbeat(): [GHC] T1 tick 2990  uptime 1501 s
[2026-05-14 18:39:30.797] [1506201][I][main.cpp:162] task_watchdog_heartbeat(): [GHC] T1 tick 3000  uptime 1506 s
[2026-05-14 18:39:32.449] [1507852][I][sensor_poll.cpp:359] task_sensor_poll(): [T5_SEN] [T5] iter 49 — woke from 30 s delay
[2026-05-14 18:39:32.457] [1507861][I][sensor_poll.cpp:395] task_sensor_poll(): [T5_SEN] [T5] iter 49 — polling FG6485A
[2026-05-14 18:39:32.490] [1507893][I][sensor_poll.cpp:432] task_sensor_poll(): [T5_SEN] [T5] iter 49 — polling S200
[2026-05-14 18:39:33.032] [1508432][I][sensor_poll.cpp:535] task_sensor_poll(): [T5_SEN] [T5] T=24°C RH=38% ws=0.0 m/s wd=0° | avg T=24 RH=38 ws=0.0 wd=0° [win T=12 RH=20 W=12]
[2026-05-14 18:39:33.052] [1508445][I][climate_control.cpp:434] task_climate_control(): [T6_CLI] [T6] T_avg=24 t_max=28 hyst=5 → step_t=0 | RH_avg=38 rh_max=75 rh_min=50 hyst=12 rh_en=1 → step_rh=0 | resolved=0 (was cur_t=0 cur_rh=0)
[2026-05-14 18:39:35.815] [1511219][I][main.cpp:162] task_watchdog_heartbeat(): [GHC] T1 tick 3010  uptime 1511 s
[2026-05-14 18:39:40.833] [1516237][I][main.cpp:162] task_watchdog_heartbeat(): [GHC] T1 tick 3020  uptime 1516 s
[2026-05-14 18:39:45.851] [1521255][I][main.cpp:162] task_watchdog_heartbeat(): [GHC] T1 tick 3030  uptime 1521 s
[2026-05-14 18:39:50.869] [1526273][I][main.cpp:162] task_watchdog_heartbeat(): [GHC] T1 tick 3040  uptime 1526 s
[2026-05-14 18:39:55.887] [1531291][I][main.cpp:162] task_watchdog_heartbeat(): [GHC] T1 tick 3050  uptime 1531 s
[2026-05-14 18:40:00.905] [1536309][I][main.cpp:162] task_watchdog_heartbeat(): [GHC] T1 tick 3060  uptime 1536 s
[2026-05-14 18:40:03.043] [1538446][I][sensor_poll.cpp:359] task_sensor_poll(): [T5_SEN] [T5] iter 50 — woke from 30 s delay
[2026-05-14 18:40:03.051] [1538455][I][sensor_poll.cpp:395] task_sensor_poll(): [T5_SEN] [T5] iter 50 — polling FG6485A
[2026-05-14 18:40:03.083] [1538487][I][sensor_poll.cpp:432] task_sensor_poll(): [T5_SEN] [T5] iter 50 — polling S200
[2026-05-14 18:40:03.625] [1539025][I][sensor_poll.cpp:535] task_sensor_poll(): [T5_SEN] [T5] T=24°C RH=38% ws=0.0 m/s wd=0° | avg T=24 RH=38 ws=0.0 wd=0° [win T=12 RH=20 W=12]
[2026-05-14 18:40:03.645] [1539039][I][climate_control.cpp:434] task_climate_control(): [T6_CLI] [T6] T_avg=24 t_max=28 hyst=5 → step_t=0 | RH_avg=38 rh_max=75 rh_min=50 hyst=12 rh_en=1 → step_rh=0 | resolved=0 (was cur_t=0 cur_rh=0)
[2026-05-14 18:40:05.923] [1541327][I][main.cpp:162] task_watchdog_heartbeat(): [GHC] T1 tick 3070  uptime 1541 s
[2026-05-14 18:40:10.941] [1546345][I][main.cpp:162] task_watchdog_heartbeat(): [GHC] T1 tick 3080  uptime 1546 s
[2026-05-14 18:40:12.625] [1548026][I][data_manager.cpp:230] read_rtc_and_seed_clock(): [T4] RTC: 2026-05-14 18:40:08 UTC  unix=1778784008  daytime=yes
[2026-05-14 18:40:15.959] [1551363][I][main.cpp:162] task_watchdog_heartbeat(): [GHC] T1 tick 3090  uptime 1551 s
[2026-05-14 18:40:20.977] [1556381][I][main.cpp:162] task_watchdog_heartbeat(): [GHC] T1 tick 3100  uptime 1556 s
