timestamp,type,initiator,ch,param,value_a,value_b
2026-05-14T01:15:38,SYSTEM,SYS,0,0,7,271
2026-05-14T01:15:38,SYSTEM,SYS,0,0,8,8189
2026-05-14T01:15:38,RELAY,SYS,1,0,4,0
2026-05-14T01:15:38,RELAY,SYS,2,0,4,0
2026-05-14T01:15:38,RELAY,SYS,3,0,4,0
2026-05-14T01:15:26,SYSTEM,SYS,0,0,5,5
2026-05-14T01:15:26,SYSTEM,WEB,0,0,0,3
2026-05-14T01:15:28,SYSTEM,WEB,0,0,1,0
2026-05-14T01:15:31,SYSTEM,SYS,0,0,1,1
2026-05-14T01:15:32,SYSTEM,SYS,0,0,2,1
2026-05-14T01:15:32,SYSTEM,SYS,0,0,4,1
2026-05-14T01:15:51,RELAY,SYS,1,0,1,0
2026-05-14T01:15:51,RELAY,SYS,2,0,1,0
2026-05-14T01:15:33,ALARM,SYS,0,0,2,0
2026-05-14T01:16:04,SENSOR,SYS,0,0,23,37
2026-05-14T01:15:33,MODE,SYS,0,0,3,768
2026-05-14T01:16:26,SYSTEM,SYS,0,0,7,133
2026-05-14T01:16:26,SYSTEM,SYS,0,0,8,8144
2026-05-14T01:16:34,SENSOR,SYS,0,0,23,37
2026-05-14T01:17:05,SENSOR,SYS,0,0,23,37
2026-05-14T01:17:25,SYSTEM,SYS,0,0,7,133
2026-05-14T01:17:25,SYSTEM,SYS,0,0,8,8144
2026-05-14T01:17:35,SENSOR,SYS,0,0,23,37
2026-05-14T01:18:09,SENSOR,SYS,0,0,23,37
2026-05-14T01:18:24,RELAY,SYS,3,0,1,0
2026-05-14T01:18:24,RELAY,SYS,1,0,2,0
2026-05-14T01:18:24,RELAY,SYS,2,0,2,0
2026-05-14T01:18:29,SYSTEM,SYS,0,0,7,133
2026-05-14T01:18:29,SYSTEM,SYS,0,0,8,8144
2026-05-14T01:18:37,SENSOR,SYS,0,0,23,37
2026-05-14T01:18:47,RELAY,SYS,1,0,3,0
2026-05-14T01:18:47,RELAY,SYS,2,0,3,0
2026-05-14T01:19:08,SENSOR,SYS,0,0,23,37
2026-05-14T01:19:26,SYSTEM,SYS,0,0,7,133
2026-05-14T01:19:26,SYSTEM,SYS,0,0,8,8144
2026-05-14T01:19:38,SENSOR,SYS,0,0,23,37
2026-05-14T01:20:09,SENSOR,SYS,0,0,23,37
2026-05-14T01:20:26,SYSTEM,SYS,0,0,7,133
2026-05-14T01:20:26,SYSTEM,SYS,0,0,8,8144
2026-05-14T01:20:39,SENSOR,SYS,0,0,23,37
2026-05-14T01:21:10,SENSOR,SYS,0,0,23,37
2026-05-14T01:21:26,SYSTEM,SYS,0,0,7,133
2026-05-14T01:21:26,SYSTEM,SYS,0,0,8,8144
2026-05-14T01:21:40,SENSOR,SYS,0,0,23,37
2026-05-14T01:22:11,SENSOR,SYS,0,0,23,37
2026-05-14T01:22:26,SYSTEM,SYS,0,0,7,133
2026-05-14T01:22:26,SYSTEM,SYS,0,0,8,8144
2026-05-14T01:22:41,SENSOR,SYS,0,0,23,37
2026-05-14T01:23:12,SENSOR,SYS,0,0,23,37
2026-05-14T01:23:26,SYSTEM,SYS,0,0,7,133
2026-05-14T01:23:26,SYSTEM,SYS,0,0,8,8144
2026-05-14T01:23:42,SENSOR,SYS,0,0,23,37
2026-05-14T01:24:13,SENSOR,SYS,0,0,23,37
2026-05-14T01:24:27,SYSTEM,SYS,0,0,7,133
2026-05-14T01:24:27,SYSTEM,SYS,0,0,8,8144
2026-05-14T01:24:44,SENSOR,SYS,0,0,23,37
2026-05-14T01:25:15,SENSOR,SYS,0,0,23,37
2026-05-14T01:25:27,SYSTEM,SYS,0,0,7,133
2026-05-14T01:25:27,SYSTEM,SYS,0,0,8,8144
2026-05-14T01:25:45,SENSOR,SYS,0,0,23,37
2026-05-14T01:26:16,SENSOR,SYS,0,0,23,37
2026-05-14T01:26:27,SYSTEM,SYS,0,0,7,133
2026-05-14T01:26:27,SYSTEM,SYS,0,0,8,8144
2026-05-14T01:26:46,SENSOR,SYS,0,0,23,37
2026-05-14T01:27:17,SENSOR,SYS,0,0,23,37
2026-05-14T01:27:27,SYSTEM,SYS,0,0,7,133
2026-05-14T01:27:27,SYSTEM,SYS,0,0,8,8144
2026-05-14T01:27:47,SENSOR,SYS,0,0,23,37
2026-05-14T01:28:18,SENSOR,SYS,0,0,23,37
2026-05-14T01:28:28,SYSTEM,SYS,0,0,7,133
2026-05-14T01:28:28,SYSTEM,SYS,0,0,8,8144
2026-05-14T01:28:49,SENSOR,SYS,0,0,23,36
2026-05-14T01:28:49,RELAY,SYS,3,0,2,0
2026-05-14T01:29:20,SENSOR,SYS,0,0,23,37
2026-05-14T01:29:28,SYSTEM,SYS,0,0,7,133
2026-05-14T01:29:28,SYSTEM,SYS,0,0,8,8144
2026-05-14T01:29:50,SENSOR,SYS,0,0,23,37
2026-05-14T01:30:21,SENSOR,SYS,0,0,23,37
2026-05-14T01:30:28,SYSTEM,SYS,0,0,7,133
2026-05-14T01:30:28,SYSTEM,SYS,0,0,8,8144
2026-05-14T01:30:51,SENSOR,SYS,0,0,23,37
2026-05-14T01:31:22,SENSOR,SYS,0,0,23,37
2026-05-14T01:31:28,SYSTEM,SYS,0,0,7,133
2026-05-14T01:31:28,SYSTEM,SYS,0,0,8,8144
2026-05-14T01:31:45,RELAY,SYS,3,0,3,0
2026-05-14T01:31:53,SENSOR,SYS,0,0,23,37
2026-05-14T01:32:23,SENSOR,SYS,0,0,23,37
2026-05-14T01:32:28,SYSTEM,SYS,0,0,7,133
2026-05-14T01:32:28,SYSTEM,SYS,0,0,8,8144
2026-05-14T01:32:54,SENSOR,SYS,0,0,23,37
2026-05-14T01:33:24,SENSOR,SYS,0,0,23,37
2026-05-14T01:33:28,SYSTEM,SYS,0,0,7,133
2026-05-14T01:33:28,SYSTEM,SYS,0,0,8,8144
2026-05-14T01:33:55,SENSOR,SYS,0,0,23,37
2026-05-14T01:34:25,SENSOR,SYS,0,0,23,37
2026-05-14T01:34:28,SYSTEM,SYS,0,0,7,133
2026-05-14T01:34:28,SYSTEM,SYS,0,0,8,8144
2026-05-14T01:34:56,SENSOR,SYS,0,0,23,37
2026-05-14T01:35:27,SENSOR,SYS,0,0,23,37
2026-05-14T01:35:29,SYSTEM,SYS,0,0,7,133
2026-05-14T01:35:29,SYSTEM,SYS,0,0,8,8144
2026-05-14T01:35:58,SENSOR,SYS,0,0,23,37
2026-05-14T01:36:28,SENSOR,SYS,0,0,23,37
2026-05-14T01:36:30,SYSTEM,SYS,0,0,7,133
2026-05-14T01:36:30,SYSTEM,SYS,0,0,8,8144
2026-05-14T01:36:59,SENSOR,SYS,0,0,23,37
2026-05-14T01:37:29,SENSOR,SYS,0,0,23,37
2026-05-14T01:37:30,SYSTEM,SYS,0,0,7,133
2026-05-14T01:37:30,SYSTEM,SYS,0,0,8,8144
2026-05-14T01:38:00,SENSOR,SYS,0,0,23,37
2026-05-14T01:38:30,SYSTEM,SYS,0,0,7,133
2026-05-14T01:38:30,SYSTEM,SYS,0,0,8,8144
2026-05-14T01:38:30,SENSOR,SYS,0,0,23,37
2026-05-14T01:39:01,SENSOR,SYS,0,0,23,37
2026-05-14T01:39:30,SYSTEM,SYS,0,0,7,133
2026-05-14T01:39:30,SYSTEM,SYS,0,0,8,8144
2026-05-14T01:39:31,SENSOR,SYS,0,0,23,37
2026-05-14T01:40:02,SENSOR,SYS,0,0,23,37
2026-05-14T01:40:30,SYSTEM,SYS,0,0,7,133
2026-05-14T01:40:30,SYSTEM,SYS,0,0,8,8144
2026-05-14T01:40:33,SENSOR,SYS,0,0,23,37
2026-05-14T01:41:04,SENSOR,SYS,0,0,23,37
2026-05-14T01:41:30,SYSTEM,SYS,0,0,7,133
2026-05-14T01:41:30,SYSTEM,SYS,0,0,8,8144
2026-05-14T01:41:34,SENSOR,SYS,0,0,23,37
2026-05-14T01:42:05,SENSOR,SYS,0,0,23,37
2026-05-14T01:42:30,SYSTEM,SYS,0,0,7,133
2026-05-14T01:42:30,SYSTEM,SYS,0,0,8,8144
2026-05-14T01:42:35,SENSOR,SYS,0,0,23,37
2026-05-14T01:43:06,SENSOR,SYS,0,0,23,37
2026-05-14T01:43:30,SYSTEM,SYS,0,0,7,133
2026-05-14T01:43:30,SYSTEM,SYS,0,0,8,8144
2026-05-14T01:43:36,SENSOR,SYS,0,0,23,37
2026-05-14T01:44:07,SENSOR,SYS,0,0,23,37
2026-05-14T01:44:31,SYSTEM,SYS,0,0,7,133
2026-05-14T01:44:31,SYSTEM,SYS,0,0,8,8144
2026-05-14T01:44:38,SENSOR,SYS,0,0,23,37
2026-05-14T01:45:09,SENSOR,SYS,0,0,23,36
2026-05-14T01:45:31,SYSTEM,SYS,0,0,7,133
2026-05-14T01:45:31,SYSTEM,SYS,0,0,8,8144
2026-05-14T01:45:39,SENSOR,SYS,0,0,23,36
2026-05-14T01:46:09,SENSOR,SYS,0,0,23,36
2026-05-14T01:46:31,SYSTEM,SYS,0,0,7,133
2026-05-14T01:46:31,SYSTEM,SYS,0,0,8,8144
2026-05-14T01:46:40,SENSOR,SYS,0,0,23,36
2026-05-14T01:47:11,SENSOR,SYS,0,0,23,36
2026-05-14T01:47:32,SYSTEM,SYS,0,0,7,133
2026-05-14T01:47:32,SYSTEM,SYS,0,0,8,8144
2026-05-14T01:47:42,SENSOR,SYS,0,0,23,36
2026-05-14T01:48:12,SENSOR,SYS,0,0,23,36
2026-05-14T01:48:32,SYSTEM,SYS,0,0,7,133
2026-05-14T01:48:32,SYSTEM,SYS,0,0,8,8144
2026-05-14T01:48:43,SENSOR,SYS,0,0,23,36
2026-05-14T01:49:13,SENSOR,SYS,0,0,23,36
2026-05-14T01:49:32,SYSTEM,SYS,0,0,7,133
2026-05-14T01:49:32,SYSTEM,SYS,0,0,8,8144
2026-05-14T01:49:44,SENSOR,SYS,0,0,23,36
2026-05-14T01:50:14,SENSOR,SYS,0,0,23,36
2026-05-14T01:50:32,SYSTEM,SYS,0,0,7,133
2026-05-14T01:50:32,SYSTEM,SYS,0,0,8,8144
2026-05-14T01:50:45,SENSOR,SYS,0,0,23,36
2026-05-14T01:51:15,SENSOR,SYS,0,0,23,36
2026-05-14T01:51:32,SYSTEM,SYS,0,0,7,133
2026-05-14T01:51:32,SYSTEM,SYS,0,0,8,8144
2026-05-14T01:51:46,SENSOR,SYS,0,0,23,36
2026-05-14T01:52:17,SENSOR,SYS,0,0,23,36
2026-05-14T01:52:33,SYSTEM,SYS,0,0,7,133
2026-05-14T01:52:33,SYSTEM,SYS,0,0,8,8144
2026-05-14T01:52:48,SENSOR,SYS,0,0,23,36
2026-05-14T01:53:18,SENSOR,SYS,0,0,23,36
2026-05-14T01:53:33,SYSTEM,SYS,0,0,7,133
2026-05-14T01:53:33,SYSTEM,SYS,0,0,8,8144
2026-05-14T01:53:49,SENSOR,SYS,0,0,23,36
2026-05-14T01:54:19,SENSOR,SYS,0,0,23,36
2026-05-14T01:54:33,SYSTEM,SYS,0,0,7,133
2026-05-14T01:54:33,SYSTEM,SYS,0,0,8,8144
2026-05-14T01:54:50,SENSOR,SYS,0,0,23,36
2026-05-14T01:55:20,SENSOR,SYS,0,0,23,36
2026-05-14T01:55:33,SYSTEM,SYS,0,0,7,133
2026-05-14T01:55:33,SYSTEM,SYS,0,0,8,8144
2026-05-14T01:55:51,SENSOR,SYS,0,0,23,36
2026-05-14T01:56:21,SENSOR,SYS,0,0,23,36
2026-05-14T01:56:34,SYSTEM,SYS,0,0,7,133
2026-05-14T01:56:34,SYSTEM,SYS,0,0,8,8144
2026-05-14T01:56:52,SENSOR,SYS,0,0,23,36
2026-05-14T01:57:23,SENSOR,SYS,0,0,23,36
2026-05-14T01:57:35,SYSTEM,SYS,0,0,7,133
2026-05-14T01:57:35,SYSTEM,SYS,0,0,8,8144
2026-05-14T01:57:54,SENSOR,SYS,0,0,23,36
2026-05-14T01:58:24,SENSOR,SYS,0,0,23,36
2026-05-14T01:58:35,SYSTEM,SYS,0,0,7,133
2026-05-14T01:58:35,SYSTEM,SYS,0,0,8,8144
2026-05-14T01:58:55,SENSOR,SYS,0,0,23,36
2026-05-14T01:59:25,SENSOR,SYS,0,0,23,36
2026-05-14T01:59:35,SYSTEM,SYS,0,0,7,133
2026-05-14T01:59:35,SYSTEM,SYS,0,0,8,8144
2026-05-14T01:59:56,SENSOR,SYS,0,0,23,36
2026-05-14T02:00:26,SENSOR,SYS,0,0,23,36
2026-05-14T02:00:35,SYSTEM,SYS,0,0,7,133
2026-05-14T02:00:35,SYSTEM,SYS,0,0,8,8144
2026-05-14T02:00:57,SENSOR,SYS,0,0,23,36
2026-05-14T02:01:27,SENSOR,SYS,0,0,23,36
2026-05-14T02:01:35,SYSTEM,SYS,0,0,7,132
2026-05-14T02:01:35,SYSTEM,SYS,0,0,8,8144
2026-05-14T02:01:58,SENSOR,SYS,0,0,23,36
2026-05-14T02:02:29,SENSOR,SYS,0,0,23,36
2026-05-14T02:02:35,SYSTEM,SYS,0,0,7,132
2026-05-14T02:02:35,SYSTEM,SYS,0,0,8,8144
2026-05-14T02:02:59,SENSOR,SYS,0,0,23,36
2026-05-14T02:03:30,SENSOR,SYS,0,0,23,36
2026-05-14T02:03:35,SYSTEM,SYS,0,0,7,133
2026-05-14T02:03:35,SYSTEM,SYS,0,0,8,8144
2026-05-14T02:04:00,SENSOR,SYS,0,0,23,36
2026-05-14T02:04:31,SENSOR,SYS,0,0,23,36
2026-05-14T02:04:35,SYSTEM,SYS,0,0,7,133
2026-05-14T02:04:35,SYSTEM,SYS,0,0,8,8144
2026-05-14T02:05:02,SENSOR,SYS,0,0,23,36
2026-05-14T02:05:33,SENSOR,SYS,0,0,23,36
2026-05-14T02:05:36,SYSTEM,SYS,0,0,7,133
2026-05-14T02:05:36,SYSTEM,SYS,0,0,8,8144
2026-05-14T02:06:03,SENSOR,SYS,0,0,23,36
2026-05-14T02:06:34,SENSOR,SYS,0,0,23,36
2026-05-14T02:06:36,SYSTEM,SYS,0,0,7,132
2026-05-14T02:06:36,SYSTEM,SYS,0,0,8,8144
2026-05-14T02:07:04,SENSOR,SYS,0,0,23,36
2026-05-14T02:07:35,SENSOR,SYS,0,0,23,36
2026-05-14T02:07:36,SYSTEM,SYS,0,0,7,132
2026-05-14T02:07:36,SYSTEM,SYS,0,0,8,8144
2026-05-14T02:08:05,SENSOR,SYS,0,0,23,36
2026-05-14T02:08:36,SENSOR,SYS,0,0,23,36
2026-05-14T02:08:36,SYSTEM,SYS,0,0,7,132
2026-05-14T02:08:36,SYSTEM,SYS,0,0,8,8144
2026-05-14T02:09:07,SENSOR,SYS,0,0,23,36
2026-05-14T02:09:37,SYSTEM,SYS,0,0,7,132
2026-05-14T02:09:37,SYSTEM,SYS,0,0,8,8144
2026-05-14T02:09:38,SENSOR,SYS,0,0,23,36
2026-05-14T02:10:08,SENSOR,SYS,0,0,23,36
2026-05-14T02:10:37,SYSTEM,SYS,0,0,7,132
2026-05-14T02:10:37,SYSTEM,SYS,0,0,8,8144
2026-05-14T02:10:39,SENSOR,SYS,0,0,23,36
2026-05-14T02:11:09,SENSOR,SYS,0,0,23,36
2026-05-14T02:11:37,SYSTEM,SYS,0,0,7,133
2026-05-14T02:11:37,SYSTEM,SYS,0,0,8,8144
2026-05-14T02:11:40,SENSOR,SYS,0,0,23,36
2026-05-14T02:12:10,SENSOR,SYS,0,0,23,36
2026-05-14T02:12:37,SYSTEM,SYS,0,0,7,132
2026-05-14T02:12:37,SYSTEM,SYS,0,0,8,8144
2026-05-14T02:12:41,SENSOR,SYS,0,0,23,36
2026-05-14T02:13:11,SENSOR,SYS,0,0,23,36
2026-05-14T02:13:37,SYSTEM,SYS,0,0,7,132
2026-05-14T02:13:37,SYSTEM,SYS,0,0,8,8144
2026-05-14T02:13:42,SENSOR,SYS,0,0,23,36
2026-05-14T02:14:12,SENSOR,SYS,0,0,23,36
2026-05-14T02:14:37,SYSTEM,SYS,0,0,7,132
2026-05-14T02:14:37,SYSTEM,SYS,0,0,8,8144
2026-05-14T02:14:43,SENSOR,SYS,0,0,23,36
2026-05-14T02:15:14,SENSOR,SYS,0,0,23,36
2026-05-14T02:15:38,SYSTEM,SYS,0,0,7,132
2026-05-14T02:15:38,SYSTEM,SYS,0,0,8,8144
2026-05-14T02:15:45,SENSOR,SYS,0,0,23,36
2026-05-14T02:16:15,SENSOR,SYS,0,0,23,36
2026-05-14T02:16:38,SYSTEM,SYS,0,0,7,132
2026-05-14T02:16:38,SYSTEM,SYS,0,0,8,8144
2026-05-14T02:16:46,SENSOR,SYS,0,0,23,36
2026-05-14T02:17:17,SENSOR,SYS,0,0,23,36
2026-05-14T02:17:39,SYSTEM,SYS,0,0,7,132
2026-05-14T02:17:39,SYSTEM,SYS,0,0,8,8144
2026-05-14T02:17:47,SENSOR,SYS,0,0,23,36
2026-05-14T02:18:18,SENSOR,SYS,0,0,23,36
2026-05-14T02:18:39,SYSTEM,SYS,0,0,7,132
2026-05-14T02:18:39,SYSTEM,SYS,0,0,8,8144
2026-05-14T02:18:48,SENSOR,SYS,0,0,23,36
2026-05-14T02:19:19,SENSOR,SYS,0,0,23,36
2026-05-14T02:19:39,SYSTEM,SYS,0,0,7,132
2026-05-14T02:19:39,SYSTEM,SYS,0,0,8,8144
2026-05-14T02:19:49,SENSOR,SYS,0,0,23,36
2026-05-14T02:20:20,SENSOR,SYS,0,0,23,36
2026-05-14T02:20:39,SYSTEM,SYS,0,0,7,132
2026-05-14T02:20:39,SYSTEM,SYS,0,0,8,8144
2026-05-14T02:20:50,SENSOR,SYS,0,0,23,36
2026-05-14T02:21:21,SENSOR,SYS,0,0,23,36
2026-05-14T02:21:39,SYSTEM,SYS,0,0,7,132
2026-05-14T02:21:39,SYSTEM,SYS,0,0,8,8144
2026-05-14T02:21:52,SENSOR,SYS,0,0,23,36
2026-05-14T02:22:23,SENSOR,SYS,0,0,23,36
2026-05-14T02:22:40,SYSTEM,SYS,0,0,7,132
2026-05-14T02:22:40,SYSTEM,SYS,0,0,8,8144
2026-05-14T02:22:53,SENSOR,SYS,0,0,23,36
2026-05-14T02:23:24,SENSOR,SYS,0,0,23,36
2026-05-14T02:23:40,SYSTEM,SYS,0,0,7,132
2026-05-14T02:23:40,SYSTEM,SYS,0,0,8,8144
2026-05-14T02:23:54,SENSOR,SYS,0,0,23,36
2026-05-14T02:24:25,SENSOR,SYS,0,0,23,36
2026-05-14T02:24:40,SYSTEM,SYS,0,0,7,132
2026-05-14T02:24:40,SYSTEM,SYS,0,0,8,8144
2026-05-14T02:24:55,SENSOR,SYS,0,0,23,36
2026-05-14T02:25:26,SENSOR,SYS,0,0,23,36
2026-05-14T02:25:40,SYSTEM,SYS,0,0,7,132
2026-05-14T02:25:40,SYSTEM,SYS,0,0,8,8144
2026-05-14T02:25:56,SENSOR,SYS,0,0,23,36
2026-05-14T02:26:27,SENSOR,SYS,0,0,23,36
2026-05-14T02:26:41,SYSTEM,SYS,0,0,7,132
2026-05-14T02:26:41,SYSTEM,SYS,0,0,8,8144
2026-05-14T02:26:58,SENSOR,SYS,0,0,23,36
2026-05-14T02:27:29,SENSOR,SYS,0,0,23,36
2026-05-14T02:27:41,SYSTEM,SYS,0,0,7,132
2026-05-14T02:27:41,SYSTEM,SYS,0,0,8,8144
2026-05-14T02:27:59,SENSOR,SYS,0,0,23,36
2026-05-14T02:28:30,SENSOR,SYS,0,0,23,36
2026-05-14T02:28:41,SYSTEM,SYS,0,0,7,132
2026-05-14T02:28:41,SYSTEM,SYS,0,0,8,8144
2026-05-14T02:29:00,SENSOR,SYS,0,0,23,36
2026-05-14T02:29:31,SENSOR,SYS,0,0,23,36
2026-05-14T02:29:41,SYSTEM,SYS,0,0,7,132
2026-05-14T02:29:41,SYSTEM,SYS,0,0,8,8144
2026-05-14T02:30:01,SENSOR,SYS,0,0,23,36
2026-05-14T02:30:32,SENSOR,SYS,0,0,23,36
2026-05-14T02:30:42,SYSTEM,SYS,0,0,7,132
2026-05-14T02:30:42,SYSTEM,SYS,0,0,8,8144
2026-05-14T02:31:03,SENSOR,SYS,0,0,23,36
2026-05-14T02:31:34,SENSOR,SYS,0,0,23,36
2026-05-14T02:31:42,SYSTEM,SYS,0,0,7,132
2026-05-14T02:31:42,SYSTEM,SYS,0,0,8,8144
2026-05-14T02:32:04,SENSOR,SYS,0,0,23,36
2026-05-14T02:32:34,SENSOR,SYS,0,0,23,36
2026-05-14T02:32:41,SYSTEM,SYS,0,0,7,132
2026-05-14T02:32:41,SYSTEM,SYS,0,0,8,8144
2026-05-14T02:33:05,SENSOR,SYS,0,0,23,36
2026-05-14T02:33:36,SENSOR,SYS,0,0,23,36
2026-05-14T02:33:42,SYSTEM,SYS,0,0,7,132
2026-05-14T02:33:42,SYSTEM,SYS,0,0,8,8144
2026-05-14T02:34:07,SENSOR,SYS,0,0,23,36
2026-05-14T02:34:37,SENSOR,SYS,0,0,23,36
2026-05-14T02:34:43,SYSTEM,SYS,0,0,7,132
2026-05-14T02:34:43,SYSTEM,SYS,0,0,8,8144
2026-05-14T02:35:08,SENSOR,SYS,0,0,23,36
2026-05-14T02:35:38,SENSOR,SYS,0,0,23,36
2026-05-14T02:35:43,SYSTEM,SYS,0,0,7,132
2026-05-14T02:35:43,SYSTEM,SYS,0,0,8,8144
2026-05-14T02:36:09,SENSOR,SYS,0,0,23,36
2026-05-14T02:36:39,SENSOR,SYS,0,0,23,36
2026-05-14T02:36:43,SYSTEM,SYS,0,0,7,132
2026-05-14T02:36:43,SYSTEM,SYS,0,0,8,8144
2026-05-14T02:37:10,SENSOR,SYS,0,0,23,36
2026-05-14T02:37:40,SENSOR,SYS,0,0,23,36
2026-05-14T02:37:43,SYSTEM,SYS,0,0,7,132
2026-05-14T02:37:43,SYSTEM,SYS,0,0,8,8144
2026-05-14T02:38:11,SENSOR,SYS,0,0,23,36
2026-05-14T02:38:42,SENSOR,SYS,0,0,23,36
2026-05-14T02:38:44,SYSTEM,SYS,0,0,7,132
2026-05-14T02:38:44,SYSTEM,SYS,0,0,8,8144
2026-05-14T02:39:13,SENSOR,SYS,0,0,23,36
2026-05-14T02:39:43,SENSOR,SYS,0,0,23,36
2026-05-14T02:39:44,SYSTEM,SYS,0,0,7,132
2026-05-14T02:39:44,SYSTEM,SYS,0,0,8,8144
2026-05-14T02:40:14,SENSOR,SYS,0,0,23,36
2026-05-14T02:40:44,SYSTEM,SYS,0,0,7,132
2026-05-14T02:40:44,SYSTEM,SYS,0,0,8,8144
2026-05-14T02:40:44,SENSOR,SYS,0,0,23,36
2026-05-14T02:41:15,SENSOR,SYS,0,0,23,36
2026-05-14T02:41:44,SYSTEM,SYS,0,0,7,132
2026-05-14T02:41:44,SYSTEM,SYS,0,0,8,8144
2026-05-14T02:41:45,SENSOR,SYS,0,0,23,36
2026-05-14T02:42:16,SENSOR,SYS,0,0,23,36
2026-05-14T02:42:44,SYSTEM,SYS,0,0,7,132
2026-05-14T02:42:44,SYSTEM,SYS,0,0,8,8144
2026-05-14T02:42:46,SENSOR,SYS,0,0,23,36
2026-05-14T02:43:17,SENSOR,SYS,0,0,23,36
2026-05-14T02:43:45,SYSTEM,SYS,0,0,7,132
2026-05-14T02:43:45,SYSTEM,SYS,0,0,8,8144
2026-05-14T02:43:48,SENSOR,SYS,0,0,23,36
2026-05-14T02:44:19,SENSOR,SYS,0,0,23,36
2026-05-14T02:44:45,SYSTEM,SYS,0,0,7,132
2026-05-14T02:44:45,SYSTEM,SYS,0,0,8,8144
2026-05-14T02:44:49,SENSOR,SYS,0,0,23,36
2026-05-14T02:45:20,SENSOR,SYS,0,0,23,36
2026-05-14T02:45:45,SYSTEM,SYS,0,0,7,132
2026-05-14T02:45:45,SYSTEM,SYS,0,0,8,8144
2026-05-14T02:45:50,SENSOR,SYS,0,0,23,36
2026-05-14T02:46:21,SENSOR,SYS,0,0,23,36
2026-05-14T02:46:45,SYSTEM,SYS,0,0,7,132
2026-05-14T02:46:45,SYSTEM,SYS,0,0,8,8144
2026-05-14T02:46:51,SENSOR,SYS,0,0,23,36
2026-05-14T02:47:22,SENSOR,SYS,0,0,23,36
2026-05-14T02:47:46,SYSTEM,SYS,0,0,7,132
2026-05-14T02:47:46,SYSTEM,SYS,0,0,8,8144
2026-05-14T02:47:53,SENSOR,SYS,0,0,23,36
2026-05-14T02:48:23,SENSOR,SYS,0,0,23,36
2026-05-14T02:48:46,SYSTEM,SYS,0,0,7,132
2026-05-14T02:48:46,SYSTEM,SYS,0,0,8,8144
2026-05-14T02:48:54,SENSOR,SYS,0,0,23,36
2026-05-14T02:49:24,SENSOR,SYS,0,0,23,36
2026-05-14T02:49:46,SYSTEM,SYS,0,0,7,132
2026-05-14T02:49:46,SYSTEM,SYS,0,0,8,8144
2026-05-14T02:49:55,SENSOR,SYS,0,0,23,36
2026-05-14T02:50:25,SENSOR,SYS,0,0,23,36
2026-05-14T02:50:46,SYSTEM,SYS,0,0,7,132
2026-05-14T02:50:46,SYSTEM,SYS,0,0,8,8144
2026-05-14T02:50:56,SENSOR,SYS,0,0,23,36
2026-05-14T02:51:26,SENSOR,SYS,0,0,23,36
2026-05-14T02:51:46,SYSTEM,SYS,0,0,7,132
2026-05-14T02:51:46,SYSTEM,SYS,0,0,8,8144
2026-05-14T02:51:57,SENSOR,SYS,0,0,23,36
2026-05-14T02:52:28,SENSOR,SYS,0,0,23,36
2026-05-14T02:52:47,SYSTEM,SYS,0,0,7,132
2026-05-14T02:52:47,SYSTEM,SYS,0,0,8,8144
2026-05-14T02:52:59,SENSOR,SYS,0,0,23,36
2026-05-14T02:53:29,SENSOR,SYS,0,0,23,36
2026-05-14T02:53:47,SYSTEM,SYS,0,0,7,132
2026-05-14T02:53:47,SYSTEM,SYS,0,0,8,8144
2026-05-14T02:54:00,SENSOR,SYS,0,0,23,36
2026-05-14T02:54:30,SENSOR,SYS,0,0,23,36
2026-05-14T02:54:47,SYSTEM,SYS,0,0,7,132
2026-05-14T02:54:47,SYSTEM,SYS,0,0,8,8144
2026-05-14T02:55:01,SENSOR,SYS,0,0,23,36
2026-05-14T02:55:31,SENSOR,SYS,0,0,23,36
2026-05-14T02:55:47,SYSTEM,SYS,0,0,7,132
2026-05-14T02:55:47,SYSTEM,SYS,0,0,8,8144
2026-05-14T02:56:02,SENSOR,SYS,0,0,23,36
2026-05-14T02:56:32,SENSOR,SYS,0,0,23,36
2026-05-14T02:56:47,SYSTEM,SYS,0,0,7,132
2026-05-14T02:56:47,SYSTEM,SYS,0,0,8,8144
2026-05-14T02:57:03,SENSOR,SYS,0,0,23,36
2026-05-14T02:57:34,SENSOR,SYS,0,0,23,36
2026-05-14T02:57:48,SYSTEM,SYS,0,0,7,132
2026-05-14T02:57:48,SYSTEM,SYS,0,0,8,8144
2026-05-14T02:58:05,SENSOR,SYS,0,0,23,36
2026-05-14T02:58:35,SENSOR,SYS,0,0,23,36
2026-05-14T02:58:48,SYSTEM,SYS,0,0,7,132
2026-05-14T02:58:48,SYSTEM,SYS,0,0,8,8144
2026-05-14T02:59:06,SENSOR,SYS,0,0,23,36
2026-05-14T02:59:36,SENSOR,SYS,0,0,23,36
2026-05-14T02:59:48,SYSTEM,SYS,0,0,7,132
2026-05-14T02:59:48,SYSTEM,SYS,0,0,8,8144
2026-05-14T03:00:07,SENSOR,SYS,0,0,23,36
2026-05-14T03:00:37,SENSOR,SYS,0,0,23,36
2026-05-14T03:00:48,SYSTEM,SYS,0,0,7,132
2026-05-14T03:00:48,SYSTEM,SYS,0,0,8,8144
2026-05-14T03:01:08,SENSOR,SYS,0,0,23,36
2026-05-14T03:01:38,SENSOR,SYS,0,0,23,36
2026-05-14T03:01:48,SYSTEM,SYS,0,0,7,132
2026-05-14T03:01:48,SYSTEM,SYS,0,0,8,8144
2026-05-14T03:02:09,SENSOR,SYS,0,0,23,36
2026-05-14T03:02:40,SENSOR,SYS,0,0,23,36
2026-05-14T03:02:49,SYSTEM,SYS,0,0,7,132
2026-05-14T03:02:49,SYSTEM,SYS,0,0,8,8144
2026-05-14T03:03:10,SENSOR,SYS,0,0,23,36
2026-05-14T03:03:41,SENSOR,SYS,0,0,23,36
2026-05-14T03:03:49,SYSTEM,SYS,0,0,7,132
2026-05-14T03:03:49,SYSTEM,SYS,0,0,8,8144
2026-05-14T03:04:11,SENSOR,SYS,0,0,23,36
2026-05-14T03:04:42,SENSOR,SYS,0,0,23,36
2026-05-14T03:04:49,SYSTEM,SYS,0,0,7,132
2026-05-14T03:04:49,SYSTEM,SYS,0,0,8,8144
2026-05-14T03:05:13,SENSOR,SYS,0,0,23,36
2026-05-14T03:05:44,SENSOR,SYS,0,0,23,36
2026-05-14T03:05:50,SYSTEM,SYS,0,0,7,132
2026-05-14T03:05:50,SYSTEM,SYS,0,0,8,8144
2026-05-14T03:06:14,SENSOR,SYS,0,0,23,36
2026-05-14T03:06:45,SENSOR,SYS,0,0,23,36
2026-05-14T03:06:50,SYSTEM,SYS,0,0,7,132
2026-05-14T03:06:50,SYSTEM,SYS,0,0,8,8144
2026-05-14T03:07:15,SENSOR,SYS,0,0,23,36
2026-05-14T03:07:46,SENSOR,SYS,0,0,23,36
2026-05-14T03:07:50,SYSTEM,SYS,0,0,7,132
2026-05-14T03:07:50,SYSTEM,SYS,0,0,8,8144
2026-05-14T03:08:16,SENSOR,SYS,0,0,23,36
2026-05-14T03:08:47,SENSOR,SYS,0,0,23,36
2026-05-14T03:08:50,SYSTEM,SYS,0,0,7,132
2026-05-14T03:08:50,SYSTEM,SYS,0,0,8,8144
2026-05-14T03:09:17,SENSOR,SYS,0,0,23,36
2026-05-14T03:09:48,SENSOR,SYS,0,0,23,36
2026-05-14T03:09:50,SYSTEM,SYS,0,0,7,132
2026-05-14T03:09:50,SYSTEM,SYS,0,0,8,8144
2026-05-14T03:10:18,SENSOR,SYS,0,0,23,36
2026-05-14T03:10:49,SENSOR,SYS,0,0,23,36
2026-05-14T03:10:50,SYSTEM,SYS,0,0,7,132
2026-05-14T03:10:50,SYSTEM,SYS,0,0,8,8144
2026-05-14T03:11:20,SENSOR,SYS,0,0,23,36
2026-05-14T03:11:51,SENSOR,SYS,0,0,23,36
2026-05-14T03:11:51,SYSTEM,SYS,0,0,7,132
2026-05-14T03:11:51,SYSTEM,SYS,0,0,8,8144
2026-05-14T03:12:21,SENSOR,SYS,0,0,23,36
2026-05-14T03:12:51,SYSTEM,SYS,0,0,7,132
2026-05-14T03:12:51,SYSTEM,SYS,0,0,8,8144
2026-05-14T03:12:52,SENSOR,SYS,0,0,23,36
2026-05-14T03:13:22,SENSOR,SYS,0,0,23,36
2026-05-14T03:13:51,SYSTEM,SYS,0,0,7,132
2026-05-14T03:13:51,SYSTEM,SYS,0,0,8,8144
2026-05-14T03:13:53,SENSOR,SYS,0,0,23,36
2026-05-14T03:14:23,SENSOR,SYS,0,0,23,36
2026-05-14T03:14:51,SYSTEM,SYS,0,0,7,132
2026-05-14T03:14:51,SYSTEM,SYS,0,0,8,8144
2026-05-14T03:14:54,SENSOR,SYS,0,0,23,36
2026-05-14T03:15:25,SENSOR,SYS,0,0,23,36
2026-05-14T03:15:52,SYSTEM,SYS,0,0,7,132
2026-05-14T03:15:52,SYSTEM,SYS,0,0,8,8144
2026-05-14T03:15:56,SENSOR,SYS,0,0,23,36
2026-05-14T03:16:26,SENSOR,SYS,0,0,23,36
2026-05-14T03:16:52,SYSTEM,SYS,0,0,7,132
2026-05-14T03:16:52,SYSTEM,SYS,0,0,8,8144
2026-05-14T03:16:57,SENSOR,SYS,0,0,23,36
2026-05-14T03:17:27,SENSOR,SYS,0,0,23,36
2026-05-14T03:17:52,SYSTEM,SYS,0,0,7,132
2026-05-14T03:17:52,SYSTEM,SYS,0,0,8,8144
2026-05-14T03:17:57,SENSOR,SYS,0,0,23,36
2026-05-14T03:18:28,SENSOR,SYS,0,0,23,36
2026-05-14T03:18:52,SYSTEM,SYS,0,0,7,132
2026-05-14T03:18:52,SYSTEM,SYS,0,0,8,8144
2026-05-14T03:18:59,SENSOR,SYS,0,0,23,36
2026-05-14T03:19:30,SENSOR,SYS,0,0,23,36
2026-05-14T03:19:53,SYSTEM,SYS,0,0,7,132
2026-05-14T03:19:53,SYSTEM,SYS,0,0,8,8144
2026-05-14T03:20:00,SENSOR,SYS,0,0,23,36
2026-05-14T03:20:31,SENSOR,SYS,0,0,23,36
2026-05-14T03:20:53,SYSTEM,SYS,0,0,7,132
2026-05-14T03:20:53,SYSTEM,SYS,0,0,8,8144
2026-05-14T03:21:01,SENSOR,SYS,0,0,23,36
2026-05-14T03:21:32,SENSOR,SYS,0,0,23,36
2026-05-14T03:21:53,SYSTEM,SYS,0,0,7,132
2026-05-14T03:21:53,SYSTEM,SYS,0,0,8,8144
2026-05-14T03:22:02,SENSOR,SYS,0,0,23,36
2026-05-14T03:22:33,SENSOR,SYS,0,0,23,36
2026-05-14T03:22:53,SYSTEM,SYS,0,0,7,132
2026-05-14T03:22:53,SYSTEM,SYS,0,0,8,8144
2026-05-14T03:23:03,SENSOR,SYS,0,0,23,36
2026-05-14T03:23:34,SENSOR,SYS,0,0,23,36
2026-05-14T03:23:54,SYSTEM,SYS,0,0,7,132
2026-05-14T03:23:54,SYSTEM,SYS,0,0,8,8144
2026-05-14T03:24:05,SENSOR,SYS,0,0,23,36
2026-05-14T03:24:36,SENSOR,SYS,0,0,23,36
2026-05-14T03:24:54,SYSTEM,SYS,0,0,7,132
2026-05-14T03:24:54,SYSTEM,SYS,0,0,8,8144
2026-05-14T03:25:06,SENSOR,SYS,0,0,23,36
2026-05-14T03:25:37,SENSOR,SYS,0,0,23,36
2026-05-14T03:25:54,SYSTEM,SYS,0,0,7,132
2026-05-14T03:25:54,SYSTEM,SYS,0,0,8,8144
2026-05-14T03:26:07,SENSOR,SYS,0,0,23,36
2026-05-14T03:26:38,SENSOR,SYS,0,0,23,36
2026-05-14T03:26:54,SYSTEM,SYS,0,0,7,132
2026-05-14T03:26:54,SYSTEM,SYS,0,0,8,8144
2026-05-14T03:27:08,SENSOR,SYS,0,0,23,36
2026-05-14T03:27:39,SENSOR,SYS,0,0,23,36
2026-05-14T03:27:54,SYSTEM,SYS,0,0,7,132
2026-05-14T03:27:54,SYSTEM,SYS,0,0,8,8144
2026-05-14T03:28:09,SENSOR,SYS,0,0,23,36
2026-05-14T03:28:40,SENSOR,SYS,0,0,23,36
2026-05-14T03:28:55,SYSTEM,SYS,0,0,7,132
2026-05-14T03:28:55,SYSTEM,SYS,0,0,8,8144
2026-05-14T03:29:11,SENSOR,SYS,0,0,23,36
2026-05-14T03:29:42,SENSOR,SYS,0,0,23,36
2026-05-14T03:29:55,SYSTEM,SYS,0,0,7,132
2026-05-14T03:29:55,SYSTEM,SYS,0,0,8,8144
2026-05-14T03:30:12,SENSOR,SYS,0,0,23,36
2026-05-14T03:30:43,SENSOR,SYS,0,0,23,36
2026-05-14T03:30:55,SYSTEM,SYS,0,0,7,132
2026-05-14T03:30:55,SYSTEM,SYS,0,0,8,8144
2026-05-14T03:31:13,SENSOR,SYS,0,0,23,36
2026-05-14T03:31:44,SENSOR,SYS,0,0,23,36
2026-05-14T03:31:55,SYSTEM,SYS,0,0,7,132
2026-05-14T03:31:55,SYSTEM,SYS,0,0,8,8144
2026-05-14T03:32:14,SENSOR,SYS,0,0,23,36
2026-05-14T03:32:45,SENSOR,SYS,0,0,23,36
2026-05-14T03:32:55,SYSTEM,SYS,0,0,7,132
2026-05-14T03:32:55,SYSTEM,SYS,0,0,8,8144
2026-05-14T03:33:15,SENSOR,SYS,0,0,23,36
2026-05-14T03:33:46,SENSOR,SYS,0,0,23,36
2026-05-14T03:33:56,SYSTEM,SYS,0,0,7,132
2026-05-14T03:33:56,SYSTEM,SYS,0,0,8,8144
2026-05-14T03:34:17,SENSOR,SYS,0,0,23,36
2026-05-14T03:34:47,SENSOR,SYS,0,0,23,36
2026-05-14T03:34:56,SYSTEM,SYS,0,0,7,132
2026-05-14T03:34:56,SYSTEM,SYS,0,0,8,8144
2026-05-14T03:35:18,SENSOR,SYS,0,0,23,36
2026-05-14T03:35:48,SENSOR,SYS,0,0,23,36
2026-05-14T03:35:56,SYSTEM,SYS,0,0,7,132
2026-05-14T03:35:56,SYSTEM,SYS,0,0,8,8144
2026-05-14T03:36:19,SENSOR,SYS,0,0,23,36
2026-05-14T03:36:49,SENSOR,SYS,0,0,23,36
2026-05-14T03:36:56,SYSTEM,SYS,0,0,7,132
2026-05-14T03:36:56,SYSTEM,SYS,0,0,8,8144
2026-05-14T03:37:20,SENSOR,SYS,0,0,23,36
2026-05-14T03:37:51,SENSOR,SYS,0,0,23,36
2026-05-14T03:37:57,SYSTEM,SYS,0,0,7,132
2026-05-14T03:37:57,SYSTEM,SYS,0,0,8,8144
2026-05-14T03:38:22,SENSOR,SYS,0,0,23,36
2026-05-14T03:38:52,SENSOR,SYS,0,0,23,36
2026-05-14T03:38:57,SYSTEM,SYS,0,0,7,132
2026-05-14T03:38:57,SYSTEM,SYS,0,0,8,8144
2026-05-14T03:39:23,SENSOR,SYS,0,0,23,36
2026-05-14T03:39:53,SENSOR,SYS,0,0,23,36
2026-05-14T03:39:57,SYSTEM,SYS,0,0,7,132
2026-05-14T03:39:57,SYSTEM,SYS,0,0,8,8144
2026-05-14T03:40:24,SENSOR,SYS,0,0,23,36
2026-05-14T03:40:54,SENSOR,SYS,0,0,23,36
2026-05-14T03:40:57,SYSTEM,SYS,0,0,7,132
2026-05-14T03:40:57,SYSTEM,SYS,0,0,8,8144
2026-05-14T03:41:25,SENSOR,SYS,0,0,23,36
2026-05-14T03:41:55,SENSOR,SYS,0,0,23,36
2026-05-14T03:41:57,SYSTEM,SYS,0,0,7,132
2026-05-14T03:41:57,SYSTEM,SYS,0,0,8,8144
2026-05-14T03:42:26,SENSOR,SYS,0,0,23,36
2026-05-14T03:42:57,SENSOR,SYS,0,0,23,36
2026-05-14T03:42:58,SYSTEM,SYS,0,0,7,132
2026-05-14T03:42:58,SYSTEM,SYS,0,0,8,8144
2026-05-14T03:43:28,SENSOR,SYS,0,0,23,36
2026-05-14T03:43:58,SENSOR,SYS,0,0,23,36
2026-05-14T03:43:58,RELAY,SYS,1,0,4,0
2026-05-14T03:43:58,SYSTEM,SYS,0,0,7,132
2026-05-14T03:43:58,SYSTEM,SYS,0,0,8,8144
2026-05-14T03:43:58,RELAY,SYS,2,0,4,0
2026-05-14T03:43:37,MODE,SYS,0,0,0,0
2026-05-14T03:43:58,RELAY,SYS,3,0,4,0
2026-05-14T03:44:24,RELAY,SYS,1,0,1,0
2026-05-14T03:44:24,RELAY,SYS,2,0,1,0
2026-05-14T03:44:29,SENSOR,SYS,0,0,23,36
2026-05-14T03:44:58,SYSTEM,SYS,0,0,7,132
2026-05-14T03:44:58,SYSTEM,SYS,0,0,8,8144
2026-05-14T03:44:59,SENSOR,SYS,0,0,23,36
2026-05-14T03:45:30,SENSOR,SYS,0,0,23,36
2026-05-14T03:45:58,SYSTEM,SYS,0,0,7,132
2026-05-14T03:45:58,SYSTEM,SYS,0,0,8,8144
2026-05-14T03:46:00,SENSOR,SYS,0,0,23,36
2026-05-14T03:46:31,SENSOR,SYS,0,0,23,36
2026-05-14T03:46:54,RELAY,SYS,3,0,1,0
2026-05-14T03:46:58,SYSTEM,SYS,0,0,7,132
2026-05-14T03:46:58,SYSTEM,SYS,0,0,8,8144
2026-05-14T03:47:01,SENSOR,SYS,0,0,23,36
2026-05-14T03:47:32,SENSOR,SYS,0,0,23,36
2026-05-14T03:47:59,SYSTEM,SYS,0,0,7,132
2026-05-14T03:47:59,SYSTEM,SYS,0,0,8,8144
2026-05-14T03:48:03,SENSOR,SYS,0,0,23,36
2026-05-14T03:48:33,SENSOR,SYS,0,0,23,36
2026-05-14T03:48:59,SYSTEM,SYS,0,0,7,132
2026-05-14T03:48:59,SYSTEM,SYS,0,0,8,8144
2026-05-14T03:49:04,SENSOR,SYS,0,0,23,36
2026-05-14T03:49:34,SENSOR,SYS,0,0,23,36
2026-05-14T03:49:59,SYSTEM,SYS,0,0,7,132
2026-05-14T03:49:59,SYSTEM,SYS,0,0,8,8144
2026-05-14T03:50:05,SENSOR,SYS,0,0,23,36
2026-05-14T03:50:36,SENSOR,SYS,0,0,23,36
2026-05-14T03:51:00,SYSTEM,SYS,0,0,7,132
2026-05-14T03:51:00,SYSTEM,SYS,0,0,8,8144
2026-05-14T03:51:07,SENSOR,SYS,0,0,23,36
2026-05-14T03:51:37,SENSOR,SYS,0,0,23,36
2026-05-14T03:52:00,SYSTEM,SYS,0,0,7,132
2026-05-14T03:52:00,SYSTEM,SYS,0,0,8,8144
2026-05-14T03:52:08,SENSOR,SYS,0,0,23,36
2026-05-14T03:52:38,SENSOR,SYS,0,0,23,36
2026-05-14T03:53:00,SYSTEM,SYS,0,0,7,132
2026-05-14T03:53:00,SYSTEM,SYS,0,0,8,8144
2026-05-14T03:53:09,SENSOR,SYS,0,0,23,36
2026-05-14T03:53:39,SENSOR,SYS,0,0,23,36
2026-05-14T03:54:00,SYSTEM,SYS,0,0,7,132
2026-05-14T03:54:00,SYSTEM,SYS,0,0,8,8144
2026-05-14T03:54:10,SENSOR,SYS,0,0,23,36
2026-05-14T03:54:40,SENSOR,SYS,0,0,23,36
2026-05-14T03:55:00,SYSTEM,SYS,0,0,7,132
2026-05-14T03:55:00,SYSTEM,SYS,0,0,8,8144
2026-05-14T03:55:11,SENSOR,SYS,0,0,23,36
2026-05-14T03:55:41,SENSOR,SYS,0,0,23,36
2026-05-14T03:56:00,SYSTEM,SYS,0,0,7,132
2026-05-14T03:56:00,SYSTEM,SYS,0,0,8,8144
2026-05-14T03:56:12,SENSOR,SYS,0,0,23,36
2026-05-14T03:56:43,SENSOR,SYS,0,0,23,36
2026-05-14T03:57:01,SYSTEM,SYS,0,0,7,132
2026-05-14T03:57:01,SYSTEM,SYS,0,0,8,8144
2026-05-14T03:57:14,SENSOR,SYS,0,0,23,36
2026-05-14T03:57:44,SENSOR,SYS,0,0,23,36
2026-05-14T03:58:01,SYSTEM,SYS,0,0,7,132
2026-05-14T03:58:01,SYSTEM,SYS,0,0,8,8144
2026-05-14T03:58:15,SENSOR,SYS,0,0,23,36
2026-05-14T03:58:45,SENSOR,SYS,0,0,23,36
2026-05-14T03:59:01,SYSTEM,SYS,0,0,7,132
2026-05-14T03:59:01,SYSTEM,SYS,0,0,8,8144
2026-05-14T03:59:16,SENSOR,SYS,0,0,23,36
2026-05-14T03:59:47,SENSOR,SYS,0,0,23,36
2026-05-14T04:00:02,SYSTEM,SYS,0,0,7,132
2026-05-14T04:00:02,SYSTEM,SYS,0,0,8,8144
2026-05-14T04:00:18,SENSOR,SYS,0,0,23,36
2026-05-14T04:00:48,SENSOR,SYS,0,0,23,36
2026-05-14T04:01:02,SYSTEM,SYS,0,0,7,132
2026-05-14T04:01:02,SYSTEM,SYS,0,0,8,8144
2026-05-14T04:01:19,SENSOR,SYS,0,0,23,36
2026-05-14T04:01:49,SENSOR,SYS,0,0,23,36
2026-05-14T04:02:02,SYSTEM,SYS,0,0,7,132
2026-05-14T04:02:02,SYSTEM,SYS,0,0,8,8144
2026-05-14T04:02:20,SENSOR,SYS,0,0,23,36
2026-05-14T04:02:50,SENSOR,SYS,0,0,23,36
2026-05-14T04:03:02,SYSTEM,SYS,0,0,7,132
2026-05-14T04:03:02,SYSTEM,SYS,0,0,8,8144
2026-05-14T04:03:21,SENSOR,SYS,0,0,23,36
2026-05-14T04:03:51,SENSOR,SYS,0,0,23,36
2026-05-14T04:04:02,SYSTEM,SYS,0,0,7,132
2026-05-14T04:04:02,SYSTEM,SYS,0,0,8,8144
2026-05-14T04:04:22,SENSOR,SYS,0,0,23,36
2026-05-14T04:04:53,SENSOR,SYS,0,0,23,36
2026-05-14T04:05:03,SYSTEM,SYS,0,0,7,132
2026-05-14T04:05:03,SYSTEM,SYS,0,0,8,8144
2026-05-14T04:05:23,SENSOR,SYS,0,0,23,36
2026-05-14T04:05:54,SENSOR,SYS,0,0,23,36
2026-05-14T04:06:03,SYSTEM,SYS,0,0,7,132
2026-05-14T04:06:03,SYSTEM,SYS,0,0,8,8144
2026-05-14T04:06:24,SENSOR,SYS,0,0,23,36
2026-05-14T04:06:55,SENSOR,SYS,0,0,23,36
2026-05-14T04:07:03,SYSTEM,SYS,0,0,7,132
2026-05-14T04:07:03,SYSTEM,SYS,0,0,8,8144
2026-05-14T04:07:25,SENSOR,SYS,0,0,23,36
2026-05-14T04:07:56,SENSOR,SYS,0,0,23,36
2026-05-14T04:08:03,SYSTEM,SYS,0,0,7,132
2026-05-14T04:08:03,SYSTEM,SYS,0,0,8,8144
2026-05-14T04:08:27,SENSOR,SYS,0,0,23,36
2026-05-14T04:08:58,SENSOR,SYS,0,0,23,36
2026-05-14T04:09:04,SYSTEM,SYS,0,0,7,132
2026-05-14T04:09:04,SYSTEM,SYS,0,0,8,8144
2026-05-14T04:09:28,SENSOR,SYS,0,0,23,36
2026-05-14T04:09:59,SENSOR,SYS,0,0,23,36
2026-05-14T04:10:04,SYSTEM,SYS,0,0,7,132
2026-05-14T04:10:04,SYSTEM,SYS,0,0,8,8144
2026-05-14T04:10:29,SENSOR,SYS,0,0,23,36
2026-05-14T04:11:00,SENSOR,SYS,0,0,23,36
2026-05-14T04:11:04,SYSTEM,SYS,0,0,7,132
2026-05-14T04:11:04,SYSTEM,SYS,0,0,8,8144
2026-05-14T04:11:30,SENSOR,SYS,0,0,23,36
2026-05-14T04:12:01,SENSOR,SYS,0,0,23,36
2026-05-14T04:12:04,SYSTEM,SYS,0,0,7,132
2026-05-14T04:12:04,SYSTEM,SYS,0,0,8,8144
2026-05-14T04:12:31,SENSOR,SYS,0,0,23,36
2026-05-14T04:13:02,SENSOR,SYS,0,0,23,36
2026-05-14T04:13:04,SYSTEM,SYS,0,0,7,132
2026-05-14T04:13:04,SYSTEM,SYS,0,0,8,8144
2026-05-14T04:13:33,SENSOR,SYS,0,0,23,36
2026-05-14T04:14:04,SENSOR,SYS,0,0,23,36
2026-05-14T04:14:05,SYSTEM,SYS,0,0,7,132
2026-05-14T04:14:05,SYSTEM,SYS,0,0,8,8144
2026-05-14T04:14:34,SENSOR,SYS,0,0,23,36
2026-05-14T04:15:05,SENSOR,SYS,0,0,23,36
2026-05-14T04:15:05,SYSTEM,SYS,0,0,7,132
2026-05-14T04:15:05,SYSTEM,SYS,0,0,8,8144
2026-05-14T04:15:35,SENSOR,SYS,0,0,23,36
2026-05-14T04:16:05,SYSTEM,SYS,0,0,7,132
2026-05-14T04:16:05,SYSTEM,SYS,0,0,8,8144
2026-05-14T04:16:06,SENSOR,SYS,0,0,23,36
2026-05-14T04:16:36,SENSOR,SYS,0,0,23,36
2026-05-14T04:17:05,SYSTEM,SYS,0,0,7,132
2026-05-14T04:17:05,SYSTEM,SYS,0,0,8,8144
2026-05-14T04:17:07,SENSOR,SYS,0,0,23,36
2026-05-14T04:17:37,SENSOR,SYS,0,0,23,36
2026-05-14T04:18:05,SYSTEM,SYS,0,0,7,132
2026-05-14T04:18:05,SYSTEM,SYS,0,0,8,8144
2026-05-14T04:18:08,SENSOR,SYS,0,0,23,36
2026-05-14T04:18:42,SENSOR,SYS,0,0,23,36
2026-05-14T04:19:09,SYSTEM,SYS,0,0,7,132
2026-05-14T04:19:09,SYSTEM,SYS,0,0,8,8144
2026-05-14T04:19:09,SENSOR,SYS,0,0,23,36
2026-05-14T04:19:40,SENSOR,SYS,0,0,23,36
2026-05-14T04:20:06,SYSTEM,SYS,0,0,7,132
2026-05-14T04:20:06,SYSTEM,SYS,0,0,8,8144
2026-05-14T04:20:10,SENSOR,SYS,0,0,23,36
2026-05-14T04:20:41,SENSOR,SYS,0,0,23,36
2026-05-14T04:21:06,SYSTEM,SYS,0,0,7,132
2026-05-14T04:21:06,SYSTEM,SYS,0,0,8,8144
2026-05-14T04:21:12,SENSOR,SYS,0,0,23,36
2026-05-14T04:21:43,SENSOR,SYS,0,0,23,36
2026-05-14T04:22:07,SYSTEM,SYS,0,0,7,132
2026-05-14T04:22:07,SYSTEM,SYS,0,0,8,8144
2026-05-14T04:22:13,SENSOR,SYS,0,0,23,36
2026-05-14T04:22:44,SENSOR,SYS,0,0,23,36
2026-05-14T04:23:07,SYSTEM,SYS,0,0,7,132
2026-05-14T04:23:07,SYSTEM,SYS,0,0,8,8144
2026-05-14T04:23:14,SENSOR,SYS,0,0,23,36
2026-05-14T04:23:45,SENSOR,SYS,0,0,23,36
2026-05-14T04:24:07,SYSTEM,SYS,0,0,7,132
2026-05-14T04:24:07,SYSTEM,SYS,0,0,8,8144
2026-05-14T04:24:15,SENSOR,SYS,0,0,23,36
2026-05-14T04:24:46,SENSOR,SYS,0,0,23,36
2026-05-14T04:25:07,SYSTEM,SYS,0,0,7,132
2026-05-14T04:25:07,SYSTEM,SYS,0,0,8,8144
2026-05-14T04:25:16,SENSOR,SYS,0,0,23,36
2026-05-14T04:25:47,SENSOR,SYS,0,0,23,36
2026-05-14T04:26:07,SYSTEM,SYS,0,0,7,132
2026-05-14T04:26:07,SYSTEM,SYS,0,0,8,8144
2026-05-14T04:26:17,SENSOR,SYS,0,0,23,36
2026-05-14T04:26:48,SENSOR,SYS,0,0,23,36
2026-05-14T04:27:08,SYSTEM,SYS,0,0,7,132
2026-05-14T04:27:08,SYSTEM,SYS,0,0,8,8144
2026-05-14T04:27:19,SENSOR,SYS,0,0,23,36
2026-05-14T04:27:50,SENSOR,SYS,0,0,23,36
2026-05-14T04:28:08,SYSTEM,SYS,0,0,7,132
2026-05-14T04:28:08,SYSTEM,SYS,0,0,8,8144
2026-05-14T04:28:20,SENSOR,SYS,0,0,23,36
2026-05-14T04:28:51,SENSOR,SYS,0,0,23,36
2026-05-14T04:29:08,SYSTEM,SYS,0,0,7,132
2026-05-14T04:29:08,SYSTEM,SYS,0,0,8,8144
2026-05-14T04:29:21,SENSOR,SYS,0,0,23,36
2026-05-14T04:29:52,SENSOR,SYS,0,0,23,36
2026-05-14T04:30:08,SYSTEM,SYS,0,0,7,132
2026-05-14T04:30:08,SYSTEM,SYS,0,0,8,8144
2026-05-14T04:30:22,SENSOR,SYS,0,0,23,36
2026-05-14T04:30:53,SENSOR,SYS,0,0,23,36
2026-05-14T04:31:08,SYSTEM,SYS,0,0,7,132
2026-05-14T04:31:08,SYSTEM,SYS,0,0,8,8144
2026-05-14T04:31:23,SENSOR,SYS,0,0,23,36
2026-05-14T04:31:54,SENSOR,SYS,0,0,23,36
2026-05-14T04:32:09,SYSTEM,SYS,0,0,7,132
2026-05-14T04:32:09,SYSTEM,SYS,0,0,8,8144
2026-05-14T04:32:25,SENSOR,SYS,0,0,23,36
2026-05-14T04:32:56,SENSOR,SYS,0,0,23,36
2026-05-14T04:33:09,SYSTEM,SYS,0,0,7,132
2026-05-14T04:33:09,SYSTEM,SYS,0,0,8,8144
2026-05-14T04:33:26,SENSOR,SYS,0,0,23,36
2026-05-14T04:33:57,SENSOR,SYS,0,0,23,36
2026-05-14T04:34:09,SYSTEM,SYS,0,0,7,132
2026-05-14T04:34:09,SYSTEM,SYS,0,0,8,8144
2026-05-14T04:34:27,SENSOR,SYS,0,0,23,36
2026-05-14T04:34:58,SENSOR,SYS,0,0,23,36
2026-05-14T04:35:10,SYSTEM,SYS,0,0,7,132
2026-05-14T04:35:10,SYSTEM,SYS,0,0,8,8144
2026-05-14T04:35:29,SENSOR,SYS,0,0,23,36
2026-05-14T04:35:59,SENSOR,SYS,0,0,23,36
2026-05-14T04:36:10,SYSTEM,SYS,0,0,7,132
2026-05-14T04:36:10,SYSTEM,SYS,0,0,8,8144
2026-05-14T04:36:30,SENSOR,SYS,0,0,23,36
2026-05-14T04:37:00,SENSOR,SYS,0,0,23,36
2026-05-14T04:37:10,SYSTEM,SYS,0,0,7,132
2026-05-14T04:37:10,SYSTEM,SYS,0,0,8,8144
2026-05-14T04:37:31,SENSOR,SYS,0,0,23,36
2026-05-14T04:38:01,SENSOR,SYS,0,0,23,36
2026-05-14T04:38:10,SYSTEM,SYS,0,0,7,132
2026-05-14T04:38:10,SYSTEM,SYS,0,0,8,8144
2026-05-14T04:38:32,SENSOR,SYS,0,0,23,36
2026-05-14T04:39:02,SENSOR,SYS,0,0,23,36
2026-05-14T04:39:10,SYSTEM,SYS,0,0,7,132
2026-05-14T04:39:10,SYSTEM,SYS,0,0,8,8144
2026-05-14T04:39:33,SENSOR,SYS,0,0,23,36
2026-05-14T04:40:04,SENSOR,SYS,0,0,23,36
2026-05-14T04:40:11,SYSTEM,SYS,0,0,7,132
2026-05-14T04:40:11,SYSTEM,SYS,0,0,8,8144
2026-05-14T04:40:35,SENSOR,SYS,0,0,23,36
2026-05-14T04:41:05,SENSOR,SYS,0,0,23,36
2026-05-14T04:41:11,SYSTEM,SYS,0,0,7,132
2026-05-14T04:41:11,SYSTEM,SYS,0,0,8,8144
2026-05-14T04:41:36,SENSOR,SYS,0,0,23,36
2026-05-14T04:42:06,SENSOR,SYS,0,0,23,36
2026-05-14T04:42:11,SYSTEM,SYS,0,0,7,132
2026-05-14T04:42:11,SYSTEM,SYS,0,0,8,8144
2026-05-14T04:42:37,SENSOR,SYS,0,0,23,36
2026-05-14T04:43:07,SENSOR,SYS,0,0,23,36
2026-05-14T04:43:11,SYSTEM,SYS,0,0,7,132
2026-05-14T04:43:11,SYSTEM,SYS,0,0,8,8144
2026-05-14T04:43:38,SENSOR,SYS,0,0,23,36
2026-05-14T04:44:08,SENSOR,SYS,0,0,23,36
2026-05-14T04:44:11,SYSTEM,SYS,0,0,7,130
2026-05-14T04:44:11,SYSTEM,SYS,0,0,8,8144
2026-05-14T04:44:39,SENSOR,SYS,0,0,23,36
2026-05-14T04:45:09,SENSOR,SYS,0,0,23,36
2026-05-14T04:45:11,SYSTEM,SYS,0,0,7,130
2026-05-14T04:45:11,SYSTEM,SYS,0,0,8,8144
2026-05-14T04:45:40,SENSOR,SYS,0,0,23,36
2026-05-14T04:46:11,SENSOR,SYS,0,0,23,36
2026-05-14T04:46:13,SYSTEM,SYS,0,0,7,130
2026-05-14T04:46:13,SYSTEM,SYS,0,0,8,8144
2026-05-14T04:46:42,SENSOR,SYS,0,0,23,37
2026-05-14T04:47:12,SENSOR,SYS,0,0,23,37
2026-05-14T04:47:13,SYSTEM,SYS,0,0,7,129
2026-05-14T04:47:13,SYSTEM,SYS,0,0,8,8144
2026-05-14T04:47:43,SENSOR,SYS,0,0,23,37
2026-05-14T04:48:13,SYSTEM,SYS,0,0,7,129
2026-05-14T04:48:13,SYSTEM,SYS,0,0,8,8144
2026-05-14T04:48:13,SENSOR,SYS,0,0,23,37
2026-05-14T04:48:44,SENSOR,SYS,0,0,23,37
2026-05-14T04:49:13,SYSTEM,SYS,0,0,7,130
2026-05-14T04:49:13,SYSTEM,SYS,0,0,8,8144
2026-05-14T04:49:14,SENSOR,SYS,0,0,23,37
2026-05-14T04:49:45,SENSOR,SYS,0,0,23,37
2026-05-14T04:50:14,SYSTEM,SYS,0,0,7,129
2026-05-14T04:50:14,SYSTEM,SYS,0,0,8,8144
2026-05-14T04:50:16,SENSOR,SYS,0,0,23,37
2026-05-14T04:50:46,SENSOR,SYS,0,0,23,37
2026-05-14T04:51:14,SYSTEM,SYS,0,0,7,130
2026-05-14T04:51:14,SYSTEM,SYS,0,0,8,8144
2026-05-14T04:51:17,SENSOR,SYS,0,0,23,37
2026-05-14T04:51:47,SENSOR,SYS,0,0,23,37
2026-05-14T04:52:14,SYSTEM,SYS,0,0,7,130
2026-05-14T04:52:14,SYSTEM,SYS,0,0,8,8144
2026-05-14T04:52:18,SENSOR,SYS,0,0,23,37
2026-05-14T04:52:48,SENSOR,SYS,0,0,23,37
2026-05-14T04:53:14,SYSTEM,SYS,0,0,7,130
2026-05-14T04:53:14,SYSTEM,SYS,0,0,8,8144
2026-05-14T04:53:19,SENSOR,SYS,0,0,23,37
2026-05-14T04:53:50,SENSOR,SYS,0,0,23,37
2026-05-14T04:54:15,SYSTEM,SYS,0,0,7,130
2026-05-14T04:54:15,SYSTEM,SYS,0,0,8,8144
2026-05-14T04:54:21,SENSOR,SYS,0,0,23,38
2026-05-14T04:54:51,SENSOR,SYS,0,0,23,38
2026-05-14T04:55:15,SYSTEM,SYS,0,0,7,130
2026-05-14T04:55:15,SYSTEM,SYS,0,0,8,8144
2026-05-14T04:55:22,SENSOR,SYS,0,0,23,38
2026-05-14T04:55:52,SENSOR,SYS,0,0,23,38
2026-05-14T04:56:15,SYSTEM,SYS,0,0,7,130
2026-05-14T04:56:15,SYSTEM,SYS,0,0,8,8144
2026-05-14T04:56:23,SENSOR,SYS,0,0,23,38
2026-05-14T04:56:53,SENSOR,SYS,0,0,23,38
2026-05-14T04:57:15,SYSTEM,SYS,0,0,7,130
2026-05-14T04:57:15,SYSTEM,SYS,0,0,8,8144
2026-05-14T04:57:24,SENSOR,SYS,0,0,23,38
2026-05-14T04:57:54,SENSOR,SYS,0,0,23,38
2026-05-14T04:58:15,SYSTEM,SYS,0,0,7,130
2026-05-14T04:58:15,SYSTEM,SYS,0,0,8,8144
2026-05-14T04:58:25,SENSOR,SYS,0,0,23,38
2026-05-14T04:58:56,SENSOR,SYS,0,0,23,38
2026-05-14T04:59:16,SYSTEM,SYS,0,0,7,130
2026-05-14T04:59:16,SYSTEM,SYS,0,0,8,8144
2026-05-14T04:59:27,SENSOR,SYS,0,0,23,38
2026-05-14T04:59:57,SENSOR,SYS,0,0,23,38
2026-05-14T05:00:16,SYSTEM,SYS,0,0,7,130
2026-05-14T05:00:16,SYSTEM,SYS,0,0,8,8144
2026-05-14T05:00:28,SENSOR,SYS,0,0,23,38
2026-05-14T05:00:58,SENSOR,SYS,0,0,23,38
2026-05-14T05:01:16,SYSTEM,SYS,0,0,7,130
2026-05-14T05:01:16,SYSTEM,SYS,0,0,8,8144
2026-05-14T05:01:29,SENSOR,SYS,0,0,23,38
2026-05-14T05:01:59,SENSOR,SYS,0,0,23,38
2026-05-14T05:02:16,SYSTEM,SYS,0,0,7,130
2026-05-14T05:02:16,SYSTEM,SYS,0,0,8,8144
2026-05-14T05:02:30,SENSOR,SYS,0,0,23,38
2026-05-14T05:03:00,SENSOR,SYS,0,0,23,39
2026-05-14T05:03:16,SYSTEM,SYS,0,0,7,130
2026-05-14T05:03:16,SYSTEM,SYS,0,0,8,8144
2026-05-14T05:03:31,SENSOR,SYS,0,0,23,39
2026-05-14T05:04:01,SENSOR,SYS,0,0,23,39
2026-05-14T05:04:16,SYSTEM,SYS,0,0,7,130
2026-05-14T05:04:16,SYSTEM,SYS,0,0,8,8144
2026-05-14T05:04:32,SENSOR,SYS,0,0,23,39
2026-05-14T05:05:03,SENSOR,SYS,0,0,23,39
2026-05-14T05:05:17,SYSTEM,SYS,0,0,7,130
2026-05-14T05:05:17,SYSTEM,SYS,0,0,8,8144
2026-05-14T05:05:33,SENSOR,SYS,0,0,23,39
2026-05-14T05:06:04,SENSOR,SYS,0,0,23,39
2026-05-14T05:06:17,SYSTEM,SYS,0,0,7,129
2026-05-14T05:06:17,SYSTEM,SYS,0,0,8,8144
2026-05-14T05:06:34,SENSOR,SYS,0,0,23,39
2026-05-14T05:07:05,SENSOR,SYS,0,0,23,39
2026-05-14T05:07:17,SYSTEM,SYS,0,0,7,128
2026-05-14T05:07:17,SYSTEM,SYS,0,0,8,8144
2026-05-14T05:07:36,SENSOR,SYS,0,0,23,39
2026-05-14T05:08:07,SENSOR,SYS,0,0,23,39
2026-05-14T05:08:18,SYSTEM,SYS,0,0,7,130
2026-05-14T05:08:18,SYSTEM,SYS,0,0,8,8144
2026-05-14T05:08:37,SENSOR,SYS,0,0,23,39
2026-05-14T05:09:08,SENSOR,SYS,0,0,23,39
2026-05-14T05:09:18,SYSTEM,SYS,0,0,7,130
2026-05-14T05:09:18,SYSTEM,SYS,0,0,8,8144
2026-05-14T05:09:38,SENSOR,SYS,0,0,23,39
2026-05-14T05:10:09,SENSOR,SYS,0,0,23,39
2026-05-14T05:10:18,SYSTEM,SYS,0,0,7,129
2026-05-14T05:10:18,SYSTEM,SYS,0,0,8,8144
2026-05-14T05:10:39,SENSOR,SYS,0,0,23,39
2026-05-14T05:11:10,SENSOR,SYS,0,0,23,39
2026-05-14T05:11:18,SYSTEM,SYS,0,0,7,129
2026-05-14T05:11:18,SYSTEM,SYS,0,0,8,8144
2026-05-14T05:11:40,SENSOR,SYS,0,0,23,39
2026-05-14T05:12:11,SENSOR,SYS,0,0,23,39
2026-05-14T05:12:18,SYSTEM,SYS,0,0,7,130
2026-05-14T05:12:18,SYSTEM,SYS,0,0,8,8144
2026-05-14T05:12:42,SENSOR,SYS,0,0,23,39
2026-05-14T05:13:13,SENSOR,SYS,0,0,23,39
2026-05-14T05:13:19,SYSTEM,SYS,0,0,7,129
2026-05-14T05:13:19,SYSTEM,SYS,0,0,8,8144
2026-05-14T05:13:43,SENSOR,SYS,0,0,23,39
2026-05-14T05:14:14,SENSOR,SYS,0,0,23,39
2026-05-14T05:14:19,SYSTEM,SYS,0,0,7,129
2026-05-14T05:14:19,SYSTEM,SYS,0,0,8,8144
2026-05-14T05:14:44,SENSOR,SYS,0,0,23,39
2026-05-14T05:15:15,SENSOR,SYS,0,0,23,39
2026-05-14T05:15:19,SYSTEM,SYS,0,0,7,130
2026-05-14T05:15:19,SYSTEM,SYS,0,0,8,8144
2026-05-14T05:15:45,SENSOR,SYS,0,0,23,39
2026-05-14T05:16:16,SENSOR,SYS,0,0,23,39
2026-05-14T05:16:19,SYSTEM,SYS,0,0,7,130
2026-05-14T05:16:19,SYSTEM,SYS,0,0,8,8144
2026-05-14T05:16:46,SENSOR,SYS,0,0,23,39
2026-05-14T05:17:17,SENSOR,SYS,0,0,23,39
2026-05-14T05:17:19,SYSTEM,SYS,0,0,7,130
2026-05-14T05:17:19,SYSTEM,SYS,0,0,8,8144
2026-05-14T05:17:48,SENSOR,SYS,0,0,23,39
2026-05-14T05:18:19,SENSOR,SYS,0,0,23,39
2026-05-14T05:18:20,SYSTEM,SYS,0,0,7,129
2026-05-14T05:18:20,SYSTEM,SYS,0,0,8,8144
2026-05-14T05:18:49,SENSOR,SYS,0,0,23,39
2026-05-14T05:19:20,SENSOR,SYS,0,0,23,39
2026-05-14T05:19:20,SYSTEM,SYS,0,0,7,130
2026-05-14T05:19:20,SYSTEM,SYS,0,0,8,8144
2026-05-14T05:19:50,SENSOR,SYS,0,0,23,39
2026-05-14T05:20:20,SYSTEM,SYS,0,0,7,130
2026-05-14T05:20:20,SYSTEM,SYS,0,0,8,8144
2026-05-14T05:20:20,SENSOR,SYS,0,0,23,39
2026-05-14T05:20:51,SENSOR,SYS,0,0,23,39
2026-05-14T05:21:21,SYSTEM,SYS,0,0,7,129
2026-05-14T05:21:21,SYSTEM,SYS,0,0,8,8144
2026-05-14T05:21:22,SENSOR,SYS,0,0,23,38
2026-05-14T05:21:53,SENSOR,SYS,0,0,23,38
2026-05-14T05:22:21,SYSTEM,SYS,0,0,7,130
2026-05-14T05:22:21,SYSTEM,SYS,0,0,8,8144
2026-05-14T05:22:23,SENSOR,SYS,0,0,23,38
2026-05-14T05:22:54,SENSOR,SYS,0,0,23,38
2026-05-14T05:23:21,SYSTEM,SYS,0,0,7,130
2026-05-14T05:23:21,SYSTEM,SYS,0,0,8,8144
2026-05-14T05:23:24,SENSOR,SYS,0,0,23,38
2026-05-14T05:23:55,SENSOR,SYS,0,0,23,38
2026-05-14T05:24:22,SYSTEM,SYS,0,0,7,130
2026-05-14T05:24:22,SYSTEM,SYS,0,0,8,8144
2026-05-14T05:24:26,SENSOR,SYS,0,0,23,38
2026-05-14T05:24:57,SENSOR,SYS,0,0,23,38
2026-05-14T05:25:22,SYSTEM,SYS,0,0,7,130
2026-05-14T05:25:22,SYSTEM,SYS,0,0,8,8144
2026-05-14T05:25:27,SENSOR,SYS,0,0,23,38
2026-05-14T05:25:58,SENSOR,SYS,0,0,23,38
2026-05-14T05:26:22,SYSTEM,SYS,0,0,7,129
2026-05-14T05:26:22,SYSTEM,SYS,0,0,8,8144
2026-05-14T05:26:28,SENSOR,SYS,0,0,23,38
2026-05-14T05:26:59,SENSOR,SYS,0,0,23,38
2026-05-14T05:27:22,SYSTEM,SYS,0,0,7,130
2026-05-14T05:27:22,SYSTEM,SYS,0,0,8,8144
2026-05-14T05:27:29,SENSOR,SYS,0,0,23,38
2026-05-14T05:28:00,SENSOR,SYS,0,0,23,38
2026-05-14T05:28:22,SYSTEM,SYS,0,0,7,130
2026-05-14T05:28:22,SYSTEM,SYS,0,0,8,8144
2026-05-14T05:28:30,SENSOR,SYS,0,0,23,38
2026-05-14T05:29:01,SENSOR,SYS,0,0,23,38
2026-05-14T05:29:23,SYSTEM,SYS,0,0,7,129
2026-05-14T05:29:23,SYSTEM,SYS,0,0,8,8144
2026-05-14T05:29:32,SENSOR,SYS,0,0,23,38
2026-05-14T05:30:03,SENSOR,SYS,0,0,23,38
2026-05-14T05:30:23,SYSTEM,SYS,0,0,7,130
2026-05-14T05:30:23,SYSTEM,SYS,0,0,8,8144
2026-05-14T05:30:33,SENSOR,SYS,0,0,23,38
2026-05-14T05:31:04,SENSOR,SYS,0,0,23,38
2026-05-14T05:31:23,SYSTEM,SYS,0,0,7,130
2026-05-14T05:31:23,SYSTEM,SYS,0,0,8,8144
2026-05-14T05:31:34,SENSOR,SYS,0,0,23,38
2026-05-14T05:32:05,SENSOR,SYS,0,0,23,38
2026-05-14T05:32:23,SYSTEM,SYS,0,0,7,130
2026-05-14T05:32:23,SYSTEM,SYS,0,0,8,8144
2026-05-14T05:32:35,SENSOR,SYS,0,0,23,38
2026-05-14T05:33:06,SENSOR,SYS,0,0,23,38
2026-05-14T05:33:23,SYSTEM,SYS,0,0,7,130
2026-05-14T05:33:23,SYSTEM,SYS,0,0,8,8144
2026-05-14T05:33:36,SENSOR,SYS,0,0,23,38
2026-05-14T05:34:07,SENSOR,SYS,0,0,23,38
2026-05-14T05:34:23,SYSTEM,SYS,0,0,7,127
2026-05-14T05:34:23,SYSTEM,SYS,0,0,8,8144
2026-05-14T05:34:37,SENSOR,SYS,0,0,23,38
2026-05-14T05:35:08,SENSOR,SYS,0,0,23,38
2026-05-14T05:35:24,SYSTEM,SYS,0,0,7,83
2026-05-14T05:35:24,SYSTEM,SYS,0,0,8,8144
2026-05-14T05:35:39,SENSOR,SYS,0,0,23,38
2026-05-14T05:36:09,SENSOR,SYS,0,0,23,38
2026-05-14T05:36:24,SYSTEM,SYS,0,0,7,129
2026-05-14T05:36:24,SYSTEM,SYS,0,0,8,8144
2026-05-14T05:36:40,SENSOR,SYS,0,0,23,38
2026-05-14T05:37:10,SENSOR,SYS,0,0,23,38
2026-05-14T05:37:24,SYSTEM,SYS,0,0,7,85
2026-05-14T05:37:24,SYSTEM,SYS,0,0,8,8144
2026-05-14T05:37:41,SENSOR,SYS,0,0,23,38
2026-05-14T05:38:12,SENSOR,SYS,0,0,23,38
2026-05-14T05:38:25,SYSTEM,SYS,0,0,7,130
2026-05-14T05:38:25,SYSTEM,SYS,0,0,8,8144
2026-05-14T05:38:43,SENSOR,SYS,0,0,23,38
2026-05-14T05:39:13,SENSOR,SYS,0,0,23,38
2026-05-14T05:39:25,SYSTEM,SYS,0,0,7,130
2026-05-14T05:39:25,SYSTEM,SYS,0,0,8,8144
2026-05-14T05:39:44,SENSOR,SYS,0,0,23,38
2026-05-14T05:40:14,SENSOR,SYS,0,0,23,38
2026-05-14T05:40:25,SYSTEM,SYS,0,0,7,130
2026-05-14T05:40:25,SYSTEM,SYS,0,0,8,8144
2026-05-14T05:40:45,SENSOR,SYS,0,0,23,38
2026-05-14T05:41:15,SENSOR,SYS,0,0,23,38
2026-05-14T05:41:25,SYSTEM,SYS,0,0,7,129
2026-05-14T05:41:25,SYSTEM,SYS,0,0,8,8144
2026-05-14T05:41:46,SENSOR,SYS,0,0,24,38
2026-05-14T05:42:16,SENSOR,SYS,0,0,24,38
2026-05-14T05:42:25,SYSTEM,SYS,0,0,7,130
2026-05-14T05:42:25,SYSTEM,SYS,0,0,8,8144
2026-05-14T05:42:47,SENSOR,SYS,0,0,24,38
2026-05-14T05:43:18,SENSOR,SYS,0,0,24,38
2026-05-14T05:43:26,SYSTEM,SYS,0,0,7,130
2026-05-14T05:43:26,SYSTEM,SYS,0,0,8,8144
2026-05-14T05:43:49,SENSOR,SYS,0,0,24,38
2026-05-14T05:44:19,SENSOR,SYS,0,0,24,38
2026-05-14T05:44:26,SYSTEM,SYS,0,0,7,129
2026-05-14T05:44:26,SYSTEM,SYS,0,0,8,8144
2026-05-14T05:44:50,SENSOR,SYS,0,0,24,38
2026-05-14T05:45:20,SENSOR,SYS,0,0,24,38
2026-05-14T05:45:26,SYSTEM,SYS,0,0,7,130
2026-05-14T05:45:26,SYSTEM,SYS,0,0,8,8144
2026-05-14T05:45:51,SENSOR,SYS,0,0,24,38
2026-05-14T05:46:21,SENSOR,SYS,0,0,24,38
2026-05-14T05:46:26,SYSTEM,SYS,0,0,7,130
2026-05-14T05:46:26,SYSTEM,SYS,0,0,8,8144
2026-05-14T05:46:52,SENSOR,SYS,0,0,24,38
2026-05-14T05:47:22,SENSOR,SYS,0,0,24,38
2026-05-14T05:47:26,SYSTEM,SYS,0,0,7,130
2026-05-14T05:47:26,SYSTEM,SYS,0,0,8,8144
2026-05-14T05:47:53,SENSOR,SYS,0,0,24,38
2026-05-14T05:48:24,SENSOR,SYS,0,0,24,38
2026-05-14T05:48:27,SYSTEM,SYS,0,0,7,130
2026-05-14T05:48:27,SYSTEM,SYS,0,0,8,8144
2026-05-14T05:48:55,SENSOR,SYS,0,0,24,38
2026-05-14T05:49:25,SENSOR,SYS,0,0,24,38
2026-05-14T05:49:27,SYSTEM,SYS,0,0,7,127
2026-05-14T05:49:27,SYSTEM,SYS,0,0,8,8144
2026-05-14T05:49:56,SENSOR,SYS,0,0,24,38
2026-05-14T05:50:26,SENSOR,SYS,0,0,24,38
2026-05-14T05:50:27,SYSTEM,SYS,0,0,7,130
2026-05-14T05:50:27,SYSTEM,SYS,0,0,8,8144
2026-05-14T05:50:56,SENSOR,SYS,0,0,24,38
2026-05-14T05:51:27,SENSOR,SYS,0,0,24,38
2026-05-14T05:51:27,SYSTEM,SYS,0,0,7,129
2026-05-14T05:51:27,SYSTEM,SYS,0,0,8,8144
2026-05-14T05:51:58,SENSOR,SYS,0,0,24,38
2026-05-14T05:52:28,SYSTEM,SYS,0,0,7,129
2026-05-14T05:52:28,SYSTEM,SYS,0,0,8,8144
2026-05-14T05:52:29,SENSOR,SYS,0,0,24,38
2026-05-14T05:52:59,SENSOR,SYS,0,0,24,38
2026-05-14T05:53:28,SYSTEM,SYS,0,0,7,130
2026-05-14T05:53:28,SYSTEM,SYS,0,0,8,8144
2026-05-14T05:53:30,SENSOR,SYS,0,0,24,38
2026-05-14T05:54:00,SENSOR,SYS,0,0,24,38
2026-05-14T05:54:28,SYSTEM,SYS,0,0,7,130
2026-05-14T05:54:28,SYSTEM,SYS,0,0,8,8144
2026-05-14T05:54:31,SENSOR,SYS,0,0,24,38
2026-05-14T05:55:01,SENSOR,SYS,0,0,24,38
2026-05-14T05:55:28,SYSTEM,SYS,0,0,7,129
2026-05-14T05:55:28,SYSTEM,SYS,0,0,8,8144
2026-05-14T05:55:32,SENSOR,SYS,0,0,24,38
2026-05-14T05:56:02,SENSOR,SYS,0,0,24,38
2026-05-14T05:56:28,SYSTEM,SYS,0,0,7,129
2026-05-14T05:56:28,SYSTEM,SYS,0,0,8,8144
2026-05-14T05:56:33,SENSOR,SYS,0,0,24,38
2026-05-14T05:57:04,SENSOR,SYS,0,0,24,38
2026-05-14T05:57:29,SYSTEM,SYS,0,0,7,129
2026-05-14T05:57:29,SYSTEM,SYS,0,0,8,8144
2026-05-14T05:57:35,SENSOR,SYS,0,0,24,38
2026-05-14T05:58:05,SENSOR,SYS,0,0,24,38
2026-05-14T05:58:29,SYSTEM,SYS,0,0,7,130
2026-05-14T05:58:29,SYSTEM,SYS,0,0,8,8144
2026-05-14T05:58:36,SENSOR,SYS,0,0,24,38
2026-05-14T05:59:06,SENSOR,SYS,0,0,24,38
2026-05-14T05:59:29,SYSTEM,SYS,0,0,7,129
2026-05-14T05:59:29,SYSTEM,SYS,0,0,8,8144
2026-05-14T05:59:37,SENSOR,SYS,0,0,24,38
2026-05-14T06:00:07,SENSOR,SYS,0,0,24,38
2026-05-14T06:00:29,SYSTEM,SYS,0,0,7,130
2026-05-14T06:00:29,SYSTEM,SYS,0,0,8,8144
2026-05-14T06:00:38,SENSOR,SYS,0,0,23,38
2026-05-14T06:01:08,SENSOR,SYS,0,0,23,39
2026-05-14T06:01:29,SYSTEM,SYS,0,0,7,130
2026-05-14T06:01:29,SYSTEM,SYS,0,0,8,8144
2026-05-14T06:01:39,SENSOR,SYS,0,0,23,39
2026-05-14T06:02:10,SENSOR,SYS,0,0,23,39
2026-05-14T06:02:30,SYSTEM,SYS,0,0,7,130
2026-05-14T06:02:30,SYSTEM,SYS,0,0,8,8144
2026-05-14T06:02:41,SENSOR,SYS,0,0,23,39
2026-05-14T06:03:11,SENSOR,SYS,0,0,23,39
2026-05-14T06:03:30,SYSTEM,SYS,0,0,7,130
2026-05-14T06:03:30,SYSTEM,SYS,0,0,8,8144
2026-05-14T06:03:42,SENSOR,SYS,0,0,23,39
2026-05-14T06:04:12,SENSOR,SYS,0,0,23,39
2026-05-14T06:04:30,SYSTEM,SYS,0,0,7,129
2026-05-14T06:04:30,SYSTEM,SYS,0,0,8,8144
2026-05-14T06:04:43,SENSOR,SYS,0,0,23,39
2026-05-14T06:05:13,SENSOR,SYS,0,0,23,39
2026-05-14T06:05:30,SYSTEM,SYS,0,0,7,130
2026-05-14T06:05:30,SYSTEM,SYS,0,0,8,8144
2026-05-14T06:05:44,SENSOR,SYS,0,0,23,39
2026-05-14T06:06:14,SENSOR,SYS,0,0,23,39
2026-05-14T06:06:30,SYSTEM,SYS,0,0,7,130
2026-05-14T06:06:30,SYSTEM,SYS,0,0,8,8144
2026-05-14T06:06:45,SENSOR,SYS,0,0,23,39
2026-05-14T06:07:16,SENSOR,SYS,0,0,23,39
2026-05-14T06:07:31,SYSTEM,SYS,0,0,7,129
2026-05-14T06:07:31,SYSTEM,SYS,0,0,8,8144
2026-05-14T06:07:46,SENSOR,SYS,0,0,23,40
2026-05-14T06:08:17,SENSOR,SYS,0,0,23,40
2026-05-14T06:08:31,SYSTEM,SYS,0,0,7,130
2026-05-14T06:08:31,SYSTEM,SYS,0,0,8,8144
2026-05-14T06:08:47,SENSOR,SYS,0,0,23,40
2026-05-14T06:09:18,SENSOR,SYS,0,0,23,40
2026-05-14T06:09:31,SYSTEM,SYS,0,0,7,130
2026-05-14T06:09:31,SYSTEM,SYS,0,0,8,8144
2026-05-14T06:09:48,SENSOR,SYS,0,0,23,40
2026-05-14T06:10:19,SENSOR,SYS,0,0,23,40
2026-05-14T06:10:31,SYSTEM,SYS,0,0,7,130
2026-05-14T06:10:31,SYSTEM,SYS,0,0,8,8144
2026-05-14T06:10:50,SENSOR,SYS,0,0,23,40
2026-05-14T06:11:21,SENSOR,SYS,0,0,23,40
2026-05-14T06:11:32,SYSTEM,SYS,0,0,7,130
2026-05-14T06:11:32,SYSTEM,SYS,0,0,8,8144
2026-05-14T06:11:51,SENSOR,SYS,0,0,23,40
2026-05-14T06:12:22,SENSOR,SYS,0,0,23,40
2026-05-14T06:12:32,SYSTEM,SYS,0,0,7,130
2026-05-14T06:12:32,SYSTEM,SYS,0,0,8,8144
2026-05-14T06:12:52,SENSOR,SYS,0,0,23,40
2026-05-14T06:13:23,SENSOR,SYS,0,0,23,40
2026-05-14T06:13:32,SYSTEM,SYS,0,0,7,130
2026-05-14T06:13:32,SYSTEM,SYS,0,0,8,8144
2026-05-14T06:13:53,SENSOR,SYS,0,0,23,40
2026-05-14T06:14:24,SENSOR,SYS,0,0,23,40
2026-05-14T06:14:32,SYSTEM,SYS,0,0,7,130
2026-05-14T06:14:32,SYSTEM,SYS,0,0,8,8144
2026-05-14T06:14:54,SENSOR,SYS,0,0,23,40
2026-05-14T06:15:25,SENSOR,SYS,0,0,23,40
2026-05-14T06:15:32,SYSTEM,SYS,0,0,7,130
2026-05-14T06:15:32,SYSTEM,SYS,0,0,8,8144
2026-05-14T06:15:56,SENSOR,SYS,0,0,23,40
2026-05-14T06:16:27,SENSOR,SYS,0,0,23,40
2026-05-14T06:16:33,SYSTEM,SYS,0,0,7,130
2026-05-14T06:16:33,SYSTEM,SYS,0,0,8,8144
2026-05-14T06:16:57,SENSOR,SYS,0,0,23,40
2026-05-14T06:17:28,SENSOR,SYS,0,0,23,40
2026-05-14T06:17:33,SYSTEM,SYS,0,0,7,130
2026-05-14T06:17:33,SYSTEM,SYS,0,0,8,8144
2026-05-14T06:17:58,SENSOR,SYS,0,0,23,40
2026-05-14T06:18:29,SENSOR,SYS,0,0,23,40
2026-05-14T06:18:33,SYSTEM,SYS,0,0,7,130
2026-05-14T06:18:33,SYSTEM,SYS,0,0,8,8144
2026-05-14T06:18:59,SENSOR,SYS,0,0,23,40
2026-05-14T06:19:30,SENSOR,SYS,0,0,23,40
2026-05-14T06:19:33,SYSTEM,SYS,0,0,7,130
2026-05-14T06:19:33,SYSTEM,SYS,0,0,8,8144
2026-05-14T06:20:00,SENSOR,SYS,0,0,23,40
2026-05-14T06:20:31,SENSOR,SYS,0,0,23,40
2026-05-14T06:20:34,SYSTEM,SYS,0,0,7,130
2026-05-14T06:20:34,SYSTEM,SYS,0,0,8,8144
2026-05-14T06:21:02,SENSOR,SYS,0,0,23,40
2026-05-14T06:21:32,SENSOR,SYS,0,0,23,40
2026-05-14T06:21:34,SYSTEM,SYS,0,0,7,130
2026-05-14T06:21:34,SYSTEM,SYS,0,0,8,8144
2026-05-14T06:22:03,SENSOR,SYS,0,0,23,40
2026-05-14T06:22:33,SENSOR,SYS,0,0,23,40
2026-05-14T06:22:34,SYSTEM,SYS,0,0,7,129
2026-05-14T06:22:34,SYSTEM,SYS,0,0,8,8144
2026-05-14T06:23:04,SENSOR,SYS,0,0,23,40
2026-05-14T06:23:35,SYSTEM,SYS,0,0,7,129
2026-05-14T06:23:35,SYSTEM,SYS,0,0,8,8144
2026-05-14T06:23:35,SENSOR,SYS,0,0,23,40
2026-05-14T06:24:06,SENSOR,SYS,0,0,23,40
2026-05-14T06:24:35,SYSTEM,SYS,0,0,7,130
2026-05-14T06:24:35,SYSTEM,SYS,0,0,8,8144
2026-05-14T06:24:36,SENSOR,SYS,0,0,23,40
2026-05-14T06:25:07,SENSOR,SYS,0,0,23,40
2026-05-14T06:25:35,SYSTEM,SYS,0,0,7,130
2026-05-14T06:25:35,SYSTEM,SYS,0,0,8,8144
2026-05-14T06:25:37,SENSOR,SYS,0,0,23,40
2026-05-14T06:26:08,SENSOR,SYS,0,0,23,40
2026-05-14T06:26:35,SYSTEM,SYS,0,0,7,130
2026-05-14T06:26:35,SYSTEM,SYS,0,0,8,8144
2026-05-14T06:26:38,SENSOR,SYS,0,0,23,40
2026-05-14T06:27:09,SENSOR,SYS,0,0,23,40
2026-05-14T06:27:35,SYSTEM,SYS,0,0,7,127
2026-05-14T06:27:35,SYSTEM,SYS,0,0,8,8144
2026-05-14T06:27:39,SENSOR,SYS,0,0,23,40
2026-05-14T06:28:10,SENSOR,SYS,0,0,23,40
2026-05-14T06:28:35,SYSTEM,SYS,0,0,7,129
2026-05-14T06:28:35,SYSTEM,SYS,0,0,8,8144
2026-05-14T06:28:40,SENSOR,SYS,0,0,23,40
2026-05-14T06:29:11,SENSOR,SYS,0,0,23,40
2026-05-14T06:29:36,SYSTEM,SYS,0,0,7,130
2026-05-14T06:29:36,SYSTEM,SYS,0,0,8,8144
2026-05-14T06:29:42,SENSOR,SYS,0,0,23,40
2026-05-14T06:30:13,SENSOR,SYS,0,0,23,40
2026-05-14T06:30:36,SYSTEM,SYS,0,0,7,129
2026-05-14T06:30:36,SYSTEM,SYS,0,0,8,8144
2026-05-14T06:30:43,SENSOR,SYS,0,0,23,40
2026-05-14T06:31:14,SENSOR,SYS,0,0,23,40
2026-05-14T06:31:36,SYSTEM,SYS,0,0,7,129
2026-05-14T06:31:36,SYSTEM,SYS,0,0,8,8144
2026-05-14T06:31:44,SENSOR,SYS,0,0,23,40
2026-05-14T06:32:15,SENSOR,SYS,0,0,23,40
2026-05-14T06:32:36,SYSTEM,SYS,0,0,7,130
2026-05-14T06:32:36,SYSTEM,SYS,0,0,8,8144
2026-05-14T06:32:45,SENSOR,SYS,0,0,23,40
2026-05-14T06:33:16,SENSOR,SYS,0,0,23,40
2026-05-14T06:33:36,SYSTEM,SYS,0,0,7,130
2026-05-14T06:33:36,SYSTEM,SYS,0,0,8,8144
2026-05-14T06:33:46,SENSOR,SYS,0,0,23,40
2026-05-14T06:34:17,SENSOR,SYS,0,0,23,40
2026-05-14T06:34:37,SYSTEM,SYS,0,0,7,130
2026-05-14T06:34:37,SYSTEM,SYS,0,0,8,8144
2026-05-14T06:34:48,SENSOR,SYS,0,0,23,40
2026-05-14T06:35:19,SENSOR,SYS,0,0,23,40
2026-05-14T06:35:37,SYSTEM,SYS,0,0,7,129
2026-05-14T06:35:37,SYSTEM,SYS,0,0,8,8144
2026-05-14T06:35:49,SENSOR,SYS,0,0,23,40
2026-05-14T06:36:20,SENSOR,SYS,0,0,23,40
2026-05-14T06:36:37,SYSTEM,SYS,0,0,7,130
2026-05-14T06:36:37,SYSTEM,SYS,0,0,8,8144
2026-05-14T06:36:50,SENSOR,SYS,0,0,23,40
2026-05-14T06:37:21,SENSOR,SYS,0,0,23,40
2026-05-14T06:37:38,SYSTEM,SYS,0,0,7,130
2026-05-14T06:37:38,SYSTEM,SYS,0,0,8,8144
2026-05-14T06:37:52,SENSOR,SYS,0,0,23,40
2026-05-14T06:38:22,SENSOR,SYS,0,0,23,40
2026-05-14T06:38:38,SYSTEM,SYS,0,0,7,129
2026-05-14T06:38:38,SYSTEM,SYS,0,0,8,8144
2026-05-14T06:38:53,SENSOR,SYS,0,0,23,40
2026-05-14T06:39:23,SENSOR,SYS,0,0,23,40
2026-05-14T06:39:38,SYSTEM,SYS,0,0,7,130
2026-05-14T06:39:38,SYSTEM,SYS,0,0,8,8144
2026-05-14T06:39:54,SENSOR,SYS,0,0,23,40
2026-05-14T06:40:24,SENSOR,SYS,0,0,23,40
2026-05-14T06:40:38,SYSTEM,SYS,0,0,7,130
2026-05-14T06:40:38,SYSTEM,SYS,0,0,8,8144
2026-05-14T06:40:55,SENSOR,SYS,0,0,23,40
2026-05-14T06:41:25,SENSOR,SYS,0,0,23,40
2026-05-14T06:41:38,SYSTEM,SYS,0,0,7,130
2026-05-14T06:41:38,SYSTEM,SYS,0,0,8,8144
2026-05-14T06:41:56,SENSOR,SYS,0,0,23,40
2026-05-14T06:42:27,SENSOR,SYS,0,0,23,40
2026-05-14T06:42:39,SYSTEM,SYS,0,0,7,130
2026-05-14T06:42:39,SYSTEM,SYS,0,0,8,8144
2026-05-14T06:42:58,SENSOR,SYS,0,0,23,40
2026-05-14T06:43:28,SENSOR,SYS,0,0,23,40
2026-05-14T06:43:39,SYSTEM,SYS,0,0,7,130
2026-05-14T06:43:39,SYSTEM,SYS,0,0,8,8144
2026-05-14T06:43:59,SENSOR,SYS,0,0,23,40
2026-05-14T06:44:29,SENSOR,SYS,0,0,23,40
2026-05-14T06:44:39,SYSTEM,SYS,0,0,7,130
2026-05-14T06:44:39,SYSTEM,SYS,0,0,8,8144
2026-05-14T06:45:00,SENSOR,SYS,0,0,23,40
2026-05-14T06:45:30,SENSOR,SYS,0,0,23,40
2026-05-14T06:45:39,SYSTEM,SYS,0,0,7,129
2026-05-14T06:45:39,SYSTEM,SYS,0,0,8,8144
2026-05-14T06:46:01,SENSOR,SYS,0,0,23,40
2026-05-14T06:46:31,SENSOR,SYS,0,0,23,40
2026-05-14T06:46:39,SYSTEM,SYS,0,0,7,130
2026-05-14T06:46:39,SYSTEM,SYS,0,0,8,8144
2026-05-14T06:47:02,SENSOR,SYS,0,0,23,40
2026-05-14T06:47:32,SENSOR,SYS,0,0,23,40
2026-05-14T06:47:39,SYSTEM,SYS,0,0,7,130
2026-05-14T06:47:39,SYSTEM,SYS,0,0,8,8144
2026-05-14T06:48:03,SENSOR,SYS,0,0,23,40
2026-05-14T06:48:34,SENSOR,SYS,0,0,23,40
2026-05-14T06:48:41,SYSTEM,SYS,0,0,7,130
2026-05-14T06:48:41,SYSTEM,SYS,0,0,8,8144
2026-05-14T06:49:05,SENSOR,SYS,0,0,23,40
2026-05-14T06:49:35,SENSOR,SYS,0,0,23,40
2026-05-14T06:49:41,SYSTEM,SYS,0,0,7,130
2026-05-14T06:49:41,SYSTEM,SYS,0,0,8,8144
2026-05-14T06:50:06,SENSOR,SYS,0,0,23,40
2026-05-14T06:50:36,SENSOR,SYS,0,0,23,40
2026-05-14T06:50:41,SYSTEM,SYS,0,0,7,129
2026-05-14T06:50:41,SYSTEM,SYS,0,0,8,8144
2026-05-14T06:51:07,SENSOR,SYS,0,0,23,40
2026-05-14T06:51:37,SENSOR,SYS,0,0,23,40
2026-05-14T06:51:40,SYSTEM,SYS,0,0,7,130
2026-05-14T06:51:40,SYSTEM,SYS,0,0,8,8144
2026-05-14T06:52:08,SENSOR,SYS,0,0,23,40
2026-05-14T06:52:39,SENSOR,SYS,0,0,23,40
2026-05-14T06:52:41,SYSTEM,SYS,0,0,7,130
2026-05-14T06:52:41,SYSTEM,SYS,0,0,8,8144
2026-05-14T06:53:09,SENSOR,SYS,0,0,23,40
2026-05-14T06:53:40,SENSOR,SYS,0,0,23,40
2026-05-14T06:53:41,SYSTEM,SYS,0,0,7,129
2026-05-14T06:53:41,SYSTEM,SYS,0,0,8,8144
2026-05-14T06:54:10,SENSOR,SYS,0,0,23,40
2026-05-14T06:54:41,SENSOR,SYS,0,0,23,40
2026-05-14T06:54:41,SYSTEM,SYS,0,0,7,127
2026-05-14T06:54:41,SYSTEM,SYS,0,0,8,8144
2026-05-14T06:55:12,SENSOR,SYS,0,0,23,40
2026-05-14T06:55:42,SYSTEM,SYS,0,0,7,130
2026-05-14T06:55:42,SYSTEM,SYS,0,0,8,8144
2026-05-14T06:55:43,SENSOR,SYS,0,0,23,40
2026-05-14T06:56:13,SENSOR,SYS,0,0,23,40
2026-05-14T06:56:42,SYSTEM,SYS,0,0,7,130
2026-05-14T06:56:42,SYSTEM,SYS,0,0,8,8144
2026-05-14T06:56:44,SENSOR,SYS,0,0,23,40
2026-05-14T06:57:14,SENSOR,SYS,0,0,23,40
2026-05-14T06:57:42,SYSTEM,SYS,0,0,7,130
2026-05-14T06:57:42,SYSTEM,SYS,0,0,8,8144
2026-05-14T06:57:45,SENSOR,SYS,0,0,23,40
2026-05-14T06:58:15,SENSOR,SYS,0,0,23,40
2026-05-14T06:58:42,SYSTEM,SYS,0,0,7,129
2026-05-14T06:58:42,SYSTEM,SYS,0,0,8,8144
2026-05-14T06:58:46,SENSOR,SYS,0,0,23,40
2026-05-14T06:59:16,SENSOR,SYS,0,0,23,40
2026-05-14T06:59:42,SYSTEM,SYS,0,0,7,130
2026-05-14T06:59:42,SYSTEM,SYS,0,0,8,8144
2026-05-14T06:59:47,SENSOR,SYS,0,0,23,40
2026-05-14T07:00:17,SENSOR,SYS,0,0,23,40
2026-05-14T07:00:42,SYSTEM,SYS,0,0,7,130
2026-05-14T07:00:42,SYSTEM,SYS,0,0,8,8144
2026-05-14T07:00:48,SENSOR,SYS,0,0,23,40
2026-05-14T07:01:19,SENSOR,SYS,0,0,23,40
2026-05-14T07:01:43,SYSTEM,SYS,0,0,7,129
2026-05-14T07:01:43,SYSTEM,SYS,0,0,8,8144
2026-05-14T07:01:50,SENSOR,SYS,0,0,23,40
2026-05-14T07:02:20,SENSOR,SYS,0,0,23,40
2026-05-14T07:02:43,SYSTEM,SYS,0,0,7,130
2026-05-14T07:02:43,SYSTEM,SYS,0,0,8,8144
2026-05-14T07:02:51,SENSOR,SYS,0,0,23,40
2026-05-14T07:03:21,SENSOR,SYS,0,0,23,40
2026-05-14T07:03:43,SYSTEM,SYS,0,0,7,127
2026-05-14T07:03:43,SYSTEM,SYS,0,0,8,8144
2026-05-14T07:03:52,SENSOR,SYS,0,0,23,40
2026-05-14T07:04:23,SENSOR,SYS,0,0,23,40
2026-05-14T07:04:44,SYSTEM,SYS,0,0,7,130
2026-05-14T07:04:44,SYSTEM,SYS,0,0,8,8144
2026-05-14T07:04:54,SENSOR,SYS,0,0,23,40
2026-05-14T07:05:24,SENSOR,SYS,0,0,23,40
2026-05-14T07:05:44,SYSTEM,SYS,0,0,7,130
2026-05-14T07:05:44,SYSTEM,SYS,0,0,8,8144
2026-05-14T07:05:55,SENSOR,SYS,0,0,23,40
2026-05-14T07:06:26,SENSOR,SYS,0,0,23,40
2026-05-14T07:06:45,SYSTEM,SYS,0,0,7,129
2026-05-14T07:06:45,SYSTEM,SYS,0,0,8,8144
2026-05-14T07:06:57,SENSOR,SYS,0,0,23,40
2026-05-14T07:07:27,SENSOR,SYS,0,0,23,40
2026-05-14T07:07:45,SYSTEM,SYS,0,0,7,130
2026-05-14T07:07:45,SYSTEM,SYS,0,0,8,8144
2026-05-14T07:07:57,SENSOR,SYS,0,0,23,40
2026-05-14T07:08:28,SENSOR,SYS,0,0,23,40
2026-05-14T07:08:44,SYSTEM,SYS,0,0,7,129
2026-05-14T07:08:44,SYSTEM,SYS,0,0,8,8144
2026-05-14T07:08:59,SENSOR,SYS,0,0,23,40
2026-05-14T07:09:30,SENSOR,SYS,0,0,23,40
2026-05-14T07:09:45,SYSTEM,SYS,0,0,7,130
2026-05-14T07:09:45,SYSTEM,SYS,0,0,8,8144
2026-05-14T07:10:00,SENSOR,SYS,0,0,23,40
2026-05-14T07:10:31,SENSOR,SYS,0,0,23,40
2026-05-14T07:10:45,SYSTEM,SYS,0,0,7,130
2026-05-14T07:10:45,SYSTEM,SYS,0,0,8,8144
2026-05-14T07:11:01,SENSOR,SYS,0,0,23,40
2026-05-14T07:11:32,SENSOR,SYS,0,0,23,40
2026-05-14T07:11:45,SYSTEM,SYS,0,0,7,130
2026-05-14T07:11:45,SYSTEM,SYS,0,0,8,8144
2026-05-14T07:12:02,SENSOR,SYS,0,0,23,40
2026-05-14T07:12:33,SENSOR,SYS,0,0,23,40
2026-05-14T07:12:45,SYSTEM,SYS,0,0,7,130
2026-05-14T07:12:45,SYSTEM,SYS,0,0,8,8144
2026-05-14T07:13:03,SENSOR,SYS,0,0,23,40
2026-05-14T07:13:34,SENSOR,SYS,0,0,23,40
2026-05-14T07:13:45,SYSTEM,SYS,0,0,7,129
2026-05-14T07:13:45,SYSTEM,SYS,0,0,8,8144
2026-05-14T07:14:04,SENSOR,SYS,0,0,23,40
2026-05-14T07:14:35,SENSOR,SYS,0,0,23,40
2026-05-14T07:14:45,SYSTEM,SYS,0,0,7,130
2026-05-14T07:14:45,SYSTEM,SYS,0,0,8,8144
2026-05-14T07:15:06,SENSOR,SYS,0,0,23,40
2026-05-14T07:15:37,SENSOR,SYS,0,0,23,40
2026-05-14T07:15:47,SYSTEM,SYS,0,0,7,130
2026-05-14T07:15:47,SYSTEM,SYS,0,0,8,8144
2026-05-14T07:16:07,SENSOR,SYS,0,0,23,40
2026-05-14T07:16:38,SENSOR,SYS,0,0,23,40
2026-05-14T07:16:47,SYSTEM,SYS,0,0,7,129
2026-05-14T07:16:47,SYSTEM,SYS,0,0,8,8144
2026-05-14T07:17:08,SENSOR,SYS,0,0,23,40
2026-05-14T07:17:39,SENSOR,SYS,0,0,23,40
2026-05-14T07:17:47,SYSTEM,SYS,0,0,7,130
2026-05-14T07:17:47,SYSTEM,SYS,0,0,8,8144
2026-05-14T07:18:09,SENSOR,SYS,0,0,23,40
2026-05-14T07:18:43,SENSOR,SYS,0,0,23,40
2026-05-14T07:18:50,SYSTEM,SYS,0,0,7,130
2026-05-14T07:18:50,SYSTEM,SYS,0,0,8,8144
2026-05-14T07:19:10,SENSOR,SYS,0,0,23,40
2026-05-14T07:19:41,SENSOR,SYS,0,0,23,40
2026-05-14T07:19:48,SYSTEM,SYS,0,0,7,130
2026-05-14T07:19:48,SYSTEM,SYS,0,0,8,8144
2026-05-14T07:20:12,SENSOR,SYS,0,0,23,40
2026-05-14T07:20:43,SENSOR,SYS,0,0,23,40
2026-05-14T07:20:48,SYSTEM,SYS,0,0,7,130
2026-05-14T07:20:48,SYSTEM,SYS,0,0,8,8144
2026-05-14T07:21:13,SENSOR,SYS,0,0,23,40
2026-05-14T07:21:44,SENSOR,SYS,0,0,23,40
2026-05-14T07:21:48,SYSTEM,SYS,0,0,7,127
2026-05-14T07:21:48,SYSTEM,SYS,0,0,8,8144
2026-05-14T07:22:14,SENSOR,SYS,0,0,23,40
2026-05-14T07:22:45,SENSOR,SYS,0,0,23,40
2026-05-14T07:22:48,SYSTEM,SYS,0,0,7,129
2026-05-14T07:22:48,SYSTEM,SYS,0,0,8,8144
2026-05-14T07:23:16,SENSOR,SYS,0,0,23,40
2026-05-14T07:23:46,SENSOR,SYS,0,0,23,40
2026-05-14T07:23:48,SYSTEM,SYS,0,0,7,129
2026-05-14T07:23:48,SYSTEM,SYS,0,0,8,8144
2026-05-14T07:24:17,SENSOR,SYS,0,0,23,40
2026-05-14T07:24:47,SENSOR,SYS,0,0,23,40
2026-05-14T07:24:48,SYSTEM,SYS,0,0,7,130
2026-05-14T07:24:48,SYSTEM,SYS,0,0,8,8144
2026-05-14T07:25:18,SENSOR,SYS,0,0,23,40
2026-05-14T07:25:48,SENSOR,SYS,0,0,23,40
2026-05-14T07:25:48,SYSTEM,SYS,0,0,7,130
2026-05-14T07:25:48,SYSTEM,SYS,0,0,8,8144
2026-05-14T07:26:19,SENSOR,SYS,0,0,23,40
2026-05-14T07:26:48,SYSTEM,SYS,0,0,7,130
2026-05-14T07:26:48,SYSTEM,SYS,0,0,8,8144
2026-05-14T07:26:49,SENSOR,SYS,0,0,23,40
2026-05-14T07:27:20,SENSOR,SYS,0,0,23,40
2026-05-14T07:27:49,SYSTEM,SYS,0,0,7,130
2026-05-14T07:27:49,SYSTEM,SYS,0,0,8,8144
2026-05-14T07:27:51,SENSOR,SYS,0,0,23,40
2026-05-14T07:28:22,SENSOR,SYS,0,0,23,40
2026-05-14T07:28:49,SYSTEM,SYS,0,0,7,130
2026-05-14T07:28:49,SYSTEM,SYS,0,0,8,8144
2026-05-14T07:28:52,SENSOR,SYS,0,0,23,40
2026-05-14T07:29:23,SENSOR,SYS,0,0,23,40
2026-05-14T07:29:49,SYSTEM,SYS,0,0,7,130
2026-05-14T07:29:49,SYSTEM,SYS,0,0,8,8144
2026-05-14T07:29:53,SENSOR,SYS,0,0,23,40
2026-05-14T07:30:24,SENSOR,SYS,0,0,23,40
2026-05-14T07:30:50,SYSTEM,SYS,0,0,7,130
2026-05-14T07:30:50,SYSTEM,SYS,0,0,8,8144
2026-05-14T07:30:54,SENSOR,SYS,0,0,23,40
2026-05-14T07:31:25,SENSOR,SYS,0,0,23,40
2026-05-14T07:31:50,SYSTEM,SYS,0,0,7,130
2026-05-14T07:31:50,SYSTEM,SYS,0,0,8,8144
2026-05-14T07:31:55,SENSOR,SYS,0,0,23,40
2026-05-14T07:32:26,SENSOR,SYS,0,0,23,40
2026-05-14T07:32:50,SYSTEM,SYS,0,0,7,130
2026-05-14T07:32:50,SYSTEM,SYS,0,0,8,8144
2026-05-14T07:32:57,SENSOR,SYS,0,0,23,40
2026-05-14T07:33:28,SENSOR,SYS,0,0,23,40
2026-05-14T07:33:50,SYSTEM,SYS,0,0,7,130
2026-05-14T07:33:50,SYSTEM,SYS,0,0,8,8144
2026-05-14T07:33:58,SENSOR,SYS,0,0,23,40
2026-05-14T07:34:29,SENSOR,SYS,0,0,23,40
2026-05-14T07:34:50,SYSTEM,SYS,0,0,7,130
2026-05-14T07:34:50,SYSTEM,SYS,0,0,8,8144
2026-05-14T07:34:59,SENSOR,SYS,0,0,23,40
2026-05-14T07:35:30,SENSOR,SYS,0,0,23,40
2026-05-14T07:35:50,SYSTEM,SYS,0,0,7,130
2026-05-14T07:35:50,SYSTEM,SYS,0,0,8,8144
2026-05-14T07:36:00,SENSOR,SYS,0,0,23,40
2026-05-14T07:36:31,SENSOR,SYS,0,0,23,40
2026-05-14T07:36:51,SYSTEM,SYS,0,0,7,130
2026-05-14T07:36:51,SYSTEM,SYS,0,0,8,8144
2026-05-14T07:37:02,SENSOR,SYS,0,0,23,40
2026-05-14T07:37:33,SENSOR,SYS,0,0,23,40
2026-05-14T07:37:51,SYSTEM,SYS,0,0,7,130
2026-05-14T07:37:51,SYSTEM,SYS,0,0,8,8144
2026-05-14T07:38:03,SENSOR,SYS,0,0,23,40
2026-05-14T07:38:33,SENSOR,SYS,0,0,23,40
2026-05-14T07:38:51,SYSTEM,SYS,0,0,7,130
2026-05-14T07:38:51,SYSTEM,SYS,0,0,8,8144
2026-05-14T07:39:04,SENSOR,SYS,0,0,23,40
2026-05-14T07:39:35,SENSOR,SYS,0,0,23,40
2026-05-14T07:39:52,SYSTEM,SYS,0,0,7,130
2026-05-14T07:39:52,SYSTEM,SYS,0,0,8,8144
2026-05-14T07:40:06,SENSOR,SYS,0,0,23,40
2026-05-14T07:40:36,SENSOR,SYS,0,0,23,40
2026-05-14T07:40:52,SYSTEM,SYS,0,0,7,130
2026-05-14T07:40:52,SYSTEM,SYS,0,0,8,8144
2026-05-14T07:41:07,SENSOR,SYS,0,0,23,40
2026-05-14T07:41:37,SENSOR,SYS,0,0,23,40
2026-05-14T07:41:52,SYSTEM,SYS,0,0,7,130
2026-05-14T07:41:52,SYSTEM,SYS,0,0,8,8144
2026-05-14T07:42:08,SENSOR,SYS,0,0,22,40
2026-05-14T07:42:38,SENSOR,SYS,0,0,22,40
2026-05-14T07:42:52,SYSTEM,SYS,0,0,7,130
2026-05-14T07:42:52,SYSTEM,SYS,0,0,8,8144
2026-05-14T07:43:09,SENSOR,SYS,0,0,22,40
2026-05-14T07:43:39,SENSOR,SYS,0,0,22,40
2026-05-14T07:43:52,SYSTEM,SYS,0,0,7,130
2026-05-14T07:43:52,SYSTEM,SYS,0,0,8,8144
2026-05-14T07:44:10,SENSOR,SYS,0,0,22,40
2026-05-14T07:44:40,SENSOR,SYS,0,0,22,40
2026-05-14T07:44:52,SYSTEM,SYS,0,0,7,130
2026-05-14T07:44:52,SYSTEM,SYS,0,0,8,8144
2026-05-14T07:45:11,SENSOR,SYS,0,0,22,40
2026-05-14T07:45:42,SENSOR,SYS,0,0,22,40
2026-05-14T07:45:53,SYSTEM,SYS,0,0,7,130
2026-05-14T07:45:53,SYSTEM,SYS,0,0,8,8144
2026-05-14T07:46:13,SENSOR,SYS,0,0,22,40
2026-05-14T07:46:43,SENSOR,SYS,0,0,22,40
2026-05-14T07:46:53,SYSTEM,SYS,0,0,7,130
2026-05-14T07:46:53,SYSTEM,SYS,0,0,8,8144
2026-05-14T07:47:14,SENSOR,SYS,0,0,22,40
2026-05-14T07:47:44,SENSOR,SYS,0,0,22,40
2026-05-14T07:47:53,SYSTEM,SYS,0,0,7,130
2026-05-14T07:47:53,SYSTEM,SYS,0,0,8,8144
2026-05-14T07:48:15,SENSOR,SYS,0,0,22,40
2026-05-14T07:48:45,SENSOR,SYS,0,0,22,40
2026-05-14T07:48:53,SYSTEM,SYS,0,0,7,130
2026-05-14T07:48:53,SYSTEM,SYS,0,0,8,8144
2026-05-14T07:49:16,SENSOR,SYS,0,0,22,40
2026-05-14T07:49:46,SENSOR,SYS,0,0,22,40
2026-05-14T07:49:54,SYSTEM,SYS,0,0,7,130
2026-05-14T07:49:54,SYSTEM,SYS,0,0,8,8144
2026-05-14T07:50:17,SENSOR,SYS,0,0,22,40
2026-05-14T07:50:48,SENSOR,SYS,0,0,22,40
2026-05-14T07:50:54,SYSTEM,SYS,0,0,7,129
2026-05-14T07:50:54,SYSTEM,SYS,0,0,8,8144
2026-05-14T07:51:19,SENSOR,SYS,0,0,22,40
2026-05-14T07:51:49,SENSOR,SYS,0,0,22,40
2026-05-14T07:51:54,SYSTEM,SYS,0,0,7,130
2026-05-14T07:51:54,SYSTEM,SYS,0,0,8,8144
2026-05-14T07:52:20,SENSOR,SYS,0,0,22,40
2026-05-14T07:52:50,SENSOR,SYS,0,0,22,40
2026-05-14T07:52:54,SYSTEM,SYS,0,0,7,129
2026-05-14T07:52:54,SYSTEM,SYS,0,0,8,8144
2026-05-14T07:53:21,SENSOR,SYS,0,0,22,40
2026-05-14T07:53:52,SENSOR,SYS,0,0,22,40
2026-05-14T07:53:55,SYSTEM,SYS,0,0,7,130
2026-05-14T07:53:55,SYSTEM,SYS,0,0,8,8144
2026-05-14T07:54:22,SENSOR,SYS,0,0,22,40
2026-05-14T07:54:53,SENSOR,SYS,0,0,23,40
2026-05-14T07:54:55,SYSTEM,SYS,0,0,7,129
2026-05-14T07:54:55,SYSTEM,SYS,0,0,8,8144
2026-05-14T07:55:23,SENSOR,SYS,0,0,23,40
2026-05-14T07:55:54,SENSOR,SYS,0,0,23,40
2026-05-14T07:55:55,SYSTEM,SYS,0,0,7,129
2026-05-14T07:55:55,SYSTEM,SYS,0,0,8,8144
2026-05-14T07:56:24,SENSOR,SYS,0,0,23,40
2026-05-14T07:56:55,SENSOR,SYS,0,0,23,40
2026-05-14T07:56:55,SYSTEM,SYS,0,0,7,130
2026-05-14T07:56:55,SYSTEM,SYS,0,0,8,8144
2026-05-14T07:57:26,SENSOR,SYS,0,0,23,40
2026-05-14T07:57:56,SYSTEM,SYS,0,0,7,130
2026-05-14T07:57:56,SYSTEM,SYS,0,0,8,8144
2026-05-14T07:57:57,SENSOR,SYS,0,0,23,40
2026-05-14T07:58:27,SENSOR,SYS,0,0,23,40
2026-05-14T07:58:56,SYSTEM,SYS,0,0,7,130
2026-05-14T07:58:56,SYSTEM,SYS,0,0,8,8144
2026-05-14T07:58:58,SENSOR,SYS,0,0,23,40
2026-05-14T07:59:28,SENSOR,SYS,0,0,23,40
2026-05-14T07:59:56,SYSTEM,SYS,0,0,7,130
2026-05-14T07:59:56,SYSTEM,SYS,0,0,8,8144
2026-05-14T07:59:59,SENSOR,SYS,0,0,23,40
2026-05-14T08:00:29,SENSOR,SYS,0,0,23,40
2026-05-14T08:00:56,SYSTEM,SYS,0,0,7,129
2026-05-14T08:00:56,SYSTEM,SYS,0,0,8,8144
2026-05-14T08:01:00,SENSOR,SYS,0,0,23,40
2026-05-14T08:01:30,SENSOR,SYS,0,0,23,40
2026-05-14T08:01:56,SYSTEM,SYS,0,0,7,130
2026-05-14T08:01:56,SYSTEM,SYS,0,0,8,8144
2026-05-14T08:02:01,SENSOR,SYS,0,0,23,40
2026-05-14T08:02:32,SENSOR,SYS,0,0,23,40
2026-05-14T08:02:57,SYSTEM,SYS,0,0,7,129
2026-05-14T08:02:57,SYSTEM,SYS,0,0,8,8144
2026-05-14T08:03:03,SENSOR,SYS,0,0,23,40
2026-05-14T08:03:33,SENSOR,SYS,0,0,23,40
2026-05-14T08:03:57,SYSTEM,SYS,0,0,7,130
2026-05-14T08:03:57,SYSTEM,SYS,0,0,8,8144
2026-05-14T08:04:04,SENSOR,SYS,0,0,23,40
2026-05-14T08:04:34,SENSOR,SYS,0,0,22,40
2026-05-14T08:04:57,SYSTEM,SYS,0,0,7,130
2026-05-14T08:04:57,SYSTEM,SYS,0,0,8,8144
2026-05-14T08:05:05,SENSOR,SYS,0,0,22,40
2026-05-14T08:05:35,SENSOR,SYS,0,0,22,40
2026-05-14T08:05:57,SYSTEM,SYS,0,0,7,130
2026-05-14T08:05:57,SYSTEM,SYS,0,0,8,8144
2026-05-14T08:06:06,SENSOR,SYS,0,0,22,40
2026-05-14T08:06:36,SENSOR,SYS,0,0,22,40
2026-05-14T08:06:57,SYSTEM,SYS,0,0,7,130
2026-05-14T08:06:57,SYSTEM,SYS,0,0,8,8144
2026-05-14T08:07:07,SENSOR,SYS,0,0,22,40
2026-05-14T08:07:38,SENSOR,SYS,0,0,22,40
2026-05-14T08:07:58,SYSTEM,SYS,0,0,7,129
2026-05-14T08:07:58,SYSTEM,SYS,0,0,8,8144
2026-05-14T08:08:09,SENSOR,SYS,0,0,22,40
2026-05-14T08:08:39,SENSOR,SYS,0,0,22,40
2026-05-14T08:08:58,SYSTEM,SYS,0,0,7,130
2026-05-14T08:08:58,SYSTEM,SYS,0,0,8,8144
2026-05-14T08:09:09,SENSOR,SYS,0,0,22,40
2026-05-14T08:09:40,SENSOR,SYS,0,0,22,40
2026-05-14T08:09:58,SYSTEM,SYS,0,0,7,130
2026-05-14T08:09:58,SYSTEM,SYS,0,0,8,8144
2026-05-14T08:10:11,SENSOR,SYS,0,0,22,40
2026-05-14T08:10:42,SENSOR,SYS,0,0,22,40
2026-05-14T08:10:59,SYSTEM,SYS,0,0,7,130
2026-05-14T08:10:59,SYSTEM,SYS,0,0,8,8144
2026-05-14T08:11:12,SENSOR,SYS,0,0,22,40
2026-05-14T08:11:43,SENSOR,SYS,0,0,22,40
2026-05-14T08:11:59,SYSTEM,SYS,0,0,7,130
2026-05-14T08:11:59,SYSTEM,SYS,0,0,8,8144
2026-05-14T08:12:13,SENSOR,SYS,0,0,22,40
2026-05-14T08:12:44,SENSOR,SYS,0,0,22,40
2026-05-14T08:12:59,SYSTEM,SYS,0,0,7,130
2026-05-14T08:12:59,SYSTEM,SYS,0,0,8,8144
2026-05-14T08:13:14,SENSOR,SYS,0,0,22,40
2026-05-14T08:13:45,SENSOR,SYS,0,0,22,40
2026-05-14T08:13:59,SYSTEM,SYS,0,0,7,130
2026-05-14T08:13:59,SYSTEM,SYS,0,0,8,8144
2026-05-14T08:14:15,SENSOR,SYS,0,0,22,40
2026-05-14T08:14:46,SENSOR,SYS,0,0,22,40
2026-05-14T08:14:59,SYSTEM,SYS,0,0,7,130
2026-05-14T08:14:59,SYSTEM,SYS,0,0,8,8144
2026-05-14T08:15:16,SENSOR,SYS,0,0,22,40
2026-05-14T08:15:47,SENSOR,SYS,0,0,22,40
2026-05-14T08:15:59,SYSTEM,SYS,0,0,7,130
2026-05-14T08:15:59,SYSTEM,SYS,0,0,8,8144
2026-05-14T08:16:18,SENSOR,SYS,0,0,22,40
2026-05-14T08:16:49,SENSOR,SYS,0,0,22,40
2026-05-14T08:17:00,SYSTEM,SYS,0,0,7,130
2026-05-14T08:17:00,SYSTEM,SYS,0,0,8,8144
2026-05-14T08:17:19,SENSOR,SYS,0,0,22,40
2026-05-14T08:17:50,SENSOR,SYS,0,0,22,40
2026-05-14T08:18:00,SYSTEM,SYS,0,0,7,130
2026-05-14T08:18:00,SYSTEM,SYS,0,0,8,8144
2026-05-14T08:18:20,SENSOR,SYS,0,0,22,40
2026-05-14T08:18:51,SENSOR,SYS,0,0,22,40
2026-05-14T08:19:00,SYSTEM,SYS,0,0,7,130
2026-05-14T08:19:00,SYSTEM,SYS,0,0,8,8144
2026-05-14T08:19:21,SENSOR,SYS,0,0,22,40
2026-05-14T08:19:52,SENSOR,SYS,0,0,22,40
2026-05-14T08:20:00,SYSTEM,SYS,0,0,7,130
2026-05-14T08:20:00,SYSTEM,SYS,0,0,8,8144
2026-05-14T08:20:22,SENSOR,SYS,0,0,22,40
2026-05-14T08:20:53,SENSOR,SYS,0,0,22,40
2026-05-14T08:21:01,SYSTEM,SYS,0,0,7,130
2026-05-14T08:21:01,SYSTEM,SYS,0,0,8,8144
2026-05-14T08:21:24,SENSOR,SYS,0,0,22,40
2026-05-14T08:21:55,SENSOR,SYS,0,0,22,40
2026-05-14T08:22:01,SYSTEM,SYS,0,0,7,130
2026-05-14T08:22:01,SYSTEM,SYS,0,0,8,8144
2026-05-14T08:22:25,SENSOR,SYS,0,0,22,40
2026-05-14T08:22:56,SENSOR,SYS,0,0,22,40
2026-05-14T08:23:01,SYSTEM,SYS,0,0,7,130
2026-05-14T08:23:01,SYSTEM,SYS,0,0,8,8144
2026-05-14T08:23:15,SYSTEM,SYS,0,0,0,0
2026-05-14T08:23:22,SYSTEM,SYS,0,0,1,0
2026-05-14T08:23:25,SYSTEM,SYS,0,0,2,0
2026-05-14T08:23:26,SYSTEM,SYS,0,0,7,269
2026-05-14T08:23:26,SYSTEM,SYS,0,0,8,8189
2026-05-14T08:23:26,RELAY,SYS,1,0,4,0
2026-05-14T08:23:26,RELAY,SYS,2,0,4,0
2026-05-14T08:23:26,RELAY,SYS,3,0,4,0
2026-05-14T08:23:27,SYSTEM,SYS,0,0,5,3
2026-05-14T08:23:29,SYSTEM,WEB,0,0,1,0
2026-05-14T08:23:32,SYSTEM,SYS,0,0,1,1
2026-05-14T08:23:33,SYSTEM,SYS,0,0,2,1
2026-05-14T08:23:33,SYSTEM,SYS,0,0,4,1
2026-05-14T08:23:55,RELAY,SYS,1,0,1,0
2026-05-14T08:23:55,RELAY,SYS,2,0,1,0
2026-05-14T08:23:34,ALARM,SYS,0,0,2,0
2026-05-14T08:24:08,SENSOR,SYS,0,0,22,40
2026-05-14T08:24:29,SYSTEM,SYS,0,0,7,124
2026-05-14T08:24:29,SYSTEM,SYS,0,0,8,8144
2026-05-14T08:24:35,SENSOR,SYS,0,0,22,40
2026-05-14T08:25:06,SENSOR,SYS,0,0,22,40
2026-05-14T08:25:26,SYSTEM,SYS,0,0,7,122
2026-05-14T08:25:26,SYSTEM,SYS,0,0,8,8144
2026-05-14T08:25:36,SENSOR,SYS,0,0,22,40
2026-05-14T08:26:07,SENSOR,SYS,0,0,22,40
2026-05-14T08:26:22,RELAY,SYS,3,0,1,0
2026-05-14T08:26:26,SYSTEM,SYS,0,0,7,124
2026-05-14T08:26:26,SYSTEM,SYS,0,0,8,8144
2026-05-14T08:26:37,SENSOR,SYS,0,0,22,40
2026-05-14T08:27:08,SENSOR,SYS,0,0,22,40
2026-05-14T08:27:26,SYSTEM,SYS,0,0,7,124
2026-05-14T08:27:26,SYSTEM,SYS,0,0,8,8144
2026-05-14T08:27:39,SENSOR,SYS,0,0,22,40
2026-05-14T08:28:10,SENSOR,SYS,0,0,22,40
2026-05-14T08:28:27,SYSTEM,SYS,0,0,7,124
2026-05-14T08:28:27,SYSTEM,SYS,0,0,8,8144
2026-05-14T08:28:40,SENSOR,SYS,0,0,22,40
2026-05-14T08:29:11,SENSOR,SYS,0,0,22,41
2026-05-14T08:29:27,SYSTEM,SYS,0,0,7,124
2026-05-14T08:29:27,SYSTEM,SYS,0,0,8,8144
2026-05-14T08:29:41,SENSOR,SYS,0,0,22,41
2026-05-14T08:30:12,SENSOR,SYS,0,0,22,41
2026-05-14T08:30:27,SYSTEM,SYS,0,0,7,124
2026-05-14T08:30:27,SYSTEM,SYS,0,0,8,8144
2026-05-14T08:30:42,SENSOR,SYS,0,0,22,41
2026-05-14T08:31:13,SENSOR,SYS,0,0,22,41
2026-05-14T08:31:27,SYSTEM,SYS,0,0,7,124
2026-05-14T08:31:27,SYSTEM,SYS,0,0,8,8144
2026-05-14T08:31:43,SENSOR,SYS,0,0,22,41
2026-05-14T08:32:14,SENSOR,SYS,0,0,22,41
2026-05-14T08:32:28,SYSTEM,SYS,0,0,7,124
2026-05-14T08:32:28,SYSTEM,SYS,0,0,8,8144
2026-05-14T08:32:45,SENSOR,SYS,0,0,22,41
2026-05-14T08:33:16,SENSOR,SYS,0,0,22,41
2026-05-14T08:33:28,SYSTEM,SYS,0,0,7,124
2026-05-14T08:33:28,SYSTEM,SYS,0,0,8,8144
2026-05-14T08:33:46,SENSOR,SYS,0,0,22,41
2026-05-14T08:34:17,SENSOR,SYS,0,0,22,41
2026-05-14T08:34:28,SYSTEM,SYS,0,0,7,124
2026-05-14T08:34:28,SYSTEM,SYS,0,0,8,8144
2026-05-14T08:34:47,SENSOR,SYS,0,0,22,41
2026-05-14T08:35:18,SENSOR,SYS,0,0,22,41
2026-05-14T08:35:28,SYSTEM,SYS,0,0,7,124
2026-05-14T08:35:28,SYSTEM,SYS,0,0,8,8144
2026-05-14T08:35:48,SENSOR,SYS,0,0,22,41
2026-05-14T08:36:19,SENSOR,SYS,0,0,22,41
2026-05-14T08:36:28,SYSTEM,SYS,0,0,7,124
2026-05-14T08:36:28,SYSTEM,SYS,0,0,8,8144
2026-05-14T08:36:49,SENSOR,SYS,0,0,22,41
2026-05-14T08:37:20,SENSOR,SYS,0,0,22,41
2026-05-14T08:37:29,SYSTEM,SYS,0,0,7,124
2026-05-14T08:37:29,SYSTEM,SYS,0,0,8,8144
2026-05-14T08:37:51,SENSOR,SYS,0,0,22,41
2026-05-14T08:38:22,SENSOR,SYS,0,0,22,42
2026-05-14T08:38:29,SYSTEM,SYS,0,0,7,124
2026-05-14T08:38:29,SYSTEM,SYS,0,0,8,8144
2026-05-14T08:38:52,SENSOR,SYS,0,0,22,42
2026-05-14T08:39:22,SENSOR,SYS,0,0,22,42
2026-05-14T08:39:29,SYSTEM,SYS,0,0,7,124
2026-05-14T08:39:29,SYSTEM,SYS,0,0,8,8144
2026-05-14T08:39:53,SENSOR,SYS,0,0,22,42
2026-05-14T08:40:23,SENSOR,SYS,0,0,22,42
2026-05-14T08:40:29,SYSTEM,SYS,0,0,7,124
2026-05-14T08:40:29,SYSTEM,SYS,0,0,8,8144
2026-05-14T08:40:54,SENSOR,SYS,0,0,22,42
2026-05-14T08:41:25,SENSOR,SYS,0,0,22,42
2026-05-14T08:41:30,SYSTEM,SYS,0,0,7,124
2026-05-14T08:41:30,SYSTEM,SYS,0,0,8,8144
2026-05-14T08:41:56,SENSOR,SYS,0,0,22,42
2026-05-14T08:42:26,SENSOR,SYS,0,0,22,42
2026-05-14T08:42:30,SYSTEM,SYS,0,0,7,124
2026-05-14T08:42:30,SYSTEM,SYS,0,0,8,8144
2026-05-14T08:42:57,SENSOR,SYS,0,0,22,42
2026-05-14T08:43:27,SENSOR,SYS,0,0,22,42
2026-05-14T08:43:30,SYSTEM,SYS,0,0,7,124
2026-05-14T08:43:30,SYSTEM,SYS,0,0,8,8144
2026-05-14T08:43:58,SENSOR,SYS,0,0,22,42
2026-05-14T08:44:28,SENSOR,SYS,0,0,22,42
2026-05-14T08:44:30,SYSTEM,SYS,0,0,7,124
2026-05-14T08:44:30,SYSTEM,SYS,0,0,8,8144
2026-05-14T08:44:59,SENSOR,SYS,0,0,22,43
2026-05-14T08:45:29,SENSOR,SYS,0,0,22,43
2026-05-14T08:45:30,SYSTEM,SYS,0,0,7,124
2026-05-14T08:45:30,SYSTEM,SYS,0,0,8,8144
2026-05-14T08:46:00,SENSOR,SYS,0,0,22,43
2026-05-14T08:46:31,SENSOR,SYS,0,0,22,43
2026-05-14T08:46:31,SYSTEM,SYS,0,0,7,124
2026-05-14T08:46:31,SYSTEM,SYS,0,0,8,8144
2026-05-14T08:47:02,SENSOR,SYS,0,0,22,43
2026-05-14T08:47:31,SYSTEM,SYS,0,0,7,124
2026-05-14T08:47:31,SYSTEM,SYS,0,0,8,8144
2026-05-14T08:47:32,SENSOR,SYS,0,0,22,43
2026-05-14T08:48:03,SENSOR,SYS,0,0,22,43
2026-05-14T08:48:31,SYSTEM,SYS,0,0,7,124
2026-05-14T08:48:31,SYSTEM,SYS,0,0,8,8144
2026-05-14T08:48:33,SENSOR,SYS,0,0,22,43
2026-05-14T08:49:04,SENSOR,SYS,0,0,22,43
2026-05-14T08:49:31,SYSTEM,SYS,0,0,7,124
2026-05-14T08:49:31,SYSTEM,SYS,0,0,8,8144
2026-05-14T08:49:34,SENSOR,SYS,0,0,22,43
2026-05-14T08:50:05,SENSOR,SYS,0,0,22,43
2026-05-14T08:50:31,SYSTEM,SYS,0,0,7,124
2026-05-14T08:50:31,SYSTEM,SYS,0,0,8,8144
2026-05-14T08:50:35,SENSOR,SYS,0,0,22,43
2026-05-14T08:51:06,SENSOR,SYS,0,0,22,43
2026-05-14T08:51:32,SYSTEM,SYS,0,0,7,124
2026-05-14T08:51:32,SYSTEM,SYS,0,0,8,8144
2026-05-14T08:51:37,SENSOR,SYS,0,0,22,43
2026-05-14T08:52:08,SENSOR,SYS,0,0,22,43
2026-05-14T08:52:32,SYSTEM,SYS,0,0,7,123
2026-05-14T08:52:32,SYSTEM,SYS,0,0,8,8144
2026-05-14T08:52:38,SENSOR,SYS,0,0,22,43
2026-05-14T08:53:09,SENSOR,SYS,0,0,22,43
2026-05-14T08:53:32,SYSTEM,SYS,0,0,7,123
2026-05-14T08:53:32,SYSTEM,SYS,0,0,8,8144
2026-05-14T08:53:39,SENSOR,SYS,0,0,22,43
2026-05-14T08:54:09,SENSOR,SYS,0,0,22,43
2026-05-14T08:54:32,SYSTEM,SYS,0,0,7,123
2026-05-14T08:54:32,SYSTEM,SYS,0,0,8,8144
2026-05-14T08:54:40,SENSOR,SYS,0,0,22,43
2026-05-14T08:55:11,SENSOR,SYS,0,0,22,43
2026-05-14T08:55:33,SYSTEM,SYS,0,0,7,124
2026-05-14T08:55:33,SYSTEM,SYS,0,0,8,8144
2026-05-14T08:55:42,SENSOR,SYS,0,0,22,43
2026-05-14T08:56:12,SENSOR,SYS,0,0,22,43
2026-05-14T08:56:33,SYSTEM,SYS,0,0,7,124
2026-05-14T08:56:33,SYSTEM,SYS,0,0,8,8144
2026-05-14T08:56:43,SENSOR,SYS,0,0,22,43
2026-05-14T08:57:13,SENSOR,SYS,0,0,22,43
2026-05-14T08:57:33,SYSTEM,SYS,0,0,7,123
2026-05-14T08:57:33,SYSTEM,SYS,0,0,8,8144
2026-05-14T08:57:44,SENSOR,SYS,0,0,22,43
2026-05-14T08:58:14,SENSOR,SYS,0,0,22,43
2026-05-14T08:58:33,SYSTEM,SYS,0,0,7,123
2026-05-14T08:58:33,SYSTEM,SYS,0,0,8,8144
2026-05-14T08:58:45,SENSOR,SYS,0,0,22,43
2026-05-14T08:59:15,SENSOR,SYS,0,0,22,43
2026-05-14T08:59:33,SYSTEM,SYS,0,0,7,123
2026-05-14T08:59:33,SYSTEM,SYS,0,0,8,8144
2026-05-14T08:59:46,SENSOR,SYS,0,0,22,43
2026-05-14T09:00:17,SENSOR,SYS,0,0,22,43
2026-05-14T09:00:34,SYSTEM,SYS,0,0,7,123
2026-05-14T09:00:34,SYSTEM,SYS,0,0,8,8144
2026-05-14T09:00:48,SENSOR,SYS,0,0,22,43
2026-05-14T09:01:18,SENSOR,SYS,0,0,22,43
2026-05-14T09:01:34,SYSTEM,SYS,0,0,7,123
2026-05-14T09:01:34,SYSTEM,SYS,0,0,8,8144
2026-05-14T09:01:49,SENSOR,SYS,0,0,22,43
2026-05-14T09:02:19,SENSOR,SYS,0,0,22,43
2026-05-14T09:02:34,SYSTEM,SYS,0,0,7,123
2026-05-14T09:02:34,SYSTEM,SYS,0,0,8,8144
2026-05-14T09:02:50,SENSOR,SYS,0,0,22,43
2026-05-14T09:03:20,SENSOR,SYS,0,0,22,43
2026-05-14T09:03:34,SYSTEM,SYS,0,0,7,123
2026-05-14T09:03:34,SYSTEM,SYS,0,0,8,8144
2026-05-14T09:03:51,SENSOR,SYS,0,0,22,43
2026-05-14T09:04:21,SENSOR,SYS,0,0,22,43
2026-05-14T09:04:35,SYSTEM,SYS,0,0,7,123
2026-05-14T09:04:35,SYSTEM,SYS,0,0,8,8144
2026-05-14T09:04:52,SENSOR,SYS,0,0,22,43
2026-05-14T09:05:23,SENSOR,SYS,0,0,22,43
2026-05-14T09:05:36,SYSTEM,SYS,0,0,7,123
2026-05-14T09:05:36,SYSTEM,SYS,0,0,8,8144
2026-05-14T09:05:54,SENSOR,SYS,0,0,22,43
2026-05-14T09:06:24,SENSOR,SYS,0,0,22,43
2026-05-14T09:06:36,SYSTEM,SYS,0,0,7,123
2026-05-14T09:06:36,SYSTEM,SYS,0,0,8,8144
2026-05-14T09:06:55,SENSOR,SYS,0,0,22,43
2026-05-14T09:07:25,SENSOR,SYS,0,0,22,43
2026-05-14T09:07:36,SYSTEM,SYS,0,0,7,123
2026-05-14T09:07:36,SYSTEM,SYS,0,0,8,8144
2026-05-14T09:07:56,SENSOR,SYS,0,0,22,43
2026-05-14T09:08:26,SENSOR,SYS,0,0,22,43
2026-05-14T09:08:36,SYSTEM,SYS,0,0,7,123
2026-05-14T09:08:36,SYSTEM,SYS,0,0,8,8144
2026-05-14T09:08:57,SENSOR,SYS,0,0,22,43
2026-05-14T09:09:27,SENSOR,SYS,0,0,22,43
2026-05-14T09:09:36,SYSTEM,SYS,0,0,7,123
2026-05-14T09:09:36,SYSTEM,SYS,0,0,8,8144
2026-05-14T09:09:58,SENSOR,SYS,0,0,22,43
2026-05-14T09:10:29,SENSOR,SYS,0,0,22,43
2026-05-14T09:10:36,SYSTEM,SYS,0,0,7,123
2026-05-14T09:10:36,SYSTEM,SYS,0,0,8,8144
2026-05-14T09:10:59,SENSOR,SYS,0,0,22,43
2026-05-14T09:11:30,SENSOR,SYS,0,0,22,43
2026-05-14T09:11:36,SYSTEM,SYS,0,0,7,123
2026-05-14T09:11:36,SYSTEM,SYS,0,0,8,8144
2026-05-14T09:12:00,SENSOR,SYS,0,0,22,43
2026-05-14T09:12:31,SENSOR,SYS,0,0,22,43
2026-05-14T09:12:36,SYSTEM,SYS,0,0,7,123
2026-05-14T09:12:36,SYSTEM,SYS,0,0,8,8144
2026-05-14T09:13:01,SENSOR,SYS,0,0,22,43
2026-05-14T09:13:32,SENSOR,SYS,0,0,22,43
2026-05-14T09:13:36,SYSTEM,SYS,0,0,7,123
2026-05-14T09:13:36,SYSTEM,SYS,0,0,8,8144
2026-05-14T09:14:03,SENSOR,SYS,0,0,22,43
2026-05-14T09:14:34,SENSOR,SYS,0,0,22,43
2026-05-14T09:14:38,SYSTEM,SYS,0,0,7,123
2026-05-14T09:14:38,SYSTEM,SYS,0,0,8,8144
2026-05-14T09:15:04,SENSOR,SYS,0,0,22,43
2026-05-14T09:15:35,SENSOR,SYS,0,0,22,43
2026-05-14T09:15:37,SYSTEM,SYS,0,0,7,123
2026-05-14T09:15:37,SYSTEM,SYS,0,0,8,8144
2026-05-14T09:16:06,SENSOR,SYS,0,0,22,43
2026-05-14T09:16:37,SENSOR,SYS,0,0,22,43
2026-05-14T09:16:38,SYSTEM,SYS,0,0,7,123
2026-05-14T09:16:38,SYSTEM,SYS,0,0,8,8144
2026-05-14T09:17:07,SENSOR,SYS,0,0,22,43
2026-05-14T09:17:38,SENSOR,SYS,0,0,22,43
2026-05-14T09:17:38,SYSTEM,SYS,0,0,7,123
2026-05-14T09:17:38,SYSTEM,SYS,0,0,8,8144
2026-05-14T09:18:08,SENSOR,SYS,0,0,22,43
2026-05-14T09:18:38,SYSTEM,SYS,0,0,7,123
2026-05-14T09:18:38,SYSTEM,SYS,0,0,8,8144
2026-05-14T09:18:39,SENSOR,SYS,0,0,22,43
2026-05-14T09:19:09,SENSOR,SYS,0,0,22,43
2026-05-14T09:19:38,SYSTEM,SYS,0,0,7,123
2026-05-14T09:19:38,SYSTEM,SYS,0,0,8,8144
2026-05-14T09:19:40,SENSOR,SYS,0,0,22,43
2026-05-14T09:20:10,SENSOR,SYS,0,0,22,43
2026-05-14T09:20:38,SYSTEM,SYS,0,0,7,123
2026-05-14T09:20:38,SYSTEM,SYS,0,0,8,8144
2026-05-14T09:20:41,SENSOR,SYS,0,0,22,43
2026-05-14T09:21:12,SENSOR,SYS,0,0,22,43
2026-05-14T09:21:39,SYSTEM,SYS,0,0,7,123
2026-05-14T09:21:39,SYSTEM,SYS,0,0,8,8144
2026-05-14T09:21:43,SENSOR,SYS,0,0,22,43
2026-05-14T09:22:13,SENSOR,SYS,0,0,22,43
2026-05-14T09:22:39,SYSTEM,SYS,0,0,7,123
2026-05-14T09:22:39,SYSTEM,SYS,0,0,8,8144
2026-05-14T09:22:44,SENSOR,SYS,0,0,22,43
2026-05-14T09:23:14,SENSOR,SYS,0,0,22,44
2026-05-14T09:23:39,SYSTEM,SYS,0,0,7,123
2026-05-14T09:23:39,SYSTEM,SYS,0,0,8,8144
2026-05-14T09:23:45,SENSOR,SYS,0,0,22,44
2026-05-14T09:24:15,SENSOR,SYS,0,0,22,44
2026-05-14T09:24:39,SYSTEM,SYS,0,0,7,123
2026-05-14T09:24:39,SYSTEM,SYS,0,0,8,8144
2026-05-14T09:24:46,SENSOR,SYS,0,0,22,44
2026-05-14T09:25:17,SENSOR,SYS,0,0,22,44
2026-05-14T09:25:40,SYSTEM,SYS,0,0,7,123
2026-05-14T09:25:40,SYSTEM,SYS,0,0,8,8144
2026-05-14T09:25:47,SENSOR,SYS,0,0,22,44
2026-05-14T09:26:18,SENSOR,SYS,0,0,22,44
2026-05-14T09:26:40,SYSTEM,SYS,0,0,7,123
2026-05-14T09:26:40,SYSTEM,SYS,0,0,8,8144
2026-05-14T09:26:48,SENSOR,SYS,0,0,22,44
2026-05-14T09:27:19,SENSOR,SYS,0,0,22,44
2026-05-14T09:27:40,SYSTEM,SYS,0,0,7,123
2026-05-14T09:27:40,SYSTEM,SYS,0,0,8,8144
2026-05-14T09:27:49,SENSOR,SYS,0,0,22,44
2026-05-14T09:28:20,SENSOR,SYS,0,0,22,44
2026-05-14T09:28:40,SYSTEM,SYS,0,0,7,120
2026-05-14T09:28:40,SYSTEM,SYS,0,0,8,8144
2026-05-14T09:28:50,SENSOR,SYS,0,0,22,44
2026-05-14T09:29:21,SENSOR,SYS,0,0,22,45
2026-05-14T09:29:40,SYSTEM,SYS,0,0,7,123
2026-05-14T09:29:40,SYSTEM,SYS,0,0,8,8144
2026-05-14T09:29:52,SENSOR,SYS,0,0,22,45
2026-05-14T09:30:23,SENSOR,SYS,0,0,22,45
2026-05-14T09:30:41,SYSTEM,SYS,0,0,7,122
2026-05-14T09:30:41,SYSTEM,SYS,0,0,8,8144
2026-05-14T09:30:53,SENSOR,SYS,0,0,22,45
2026-05-14T09:31:24,SENSOR,SYS,0,0,22,45
2026-05-14T09:31:41,SYSTEM,SYS,0,0,7,122
2026-05-14T09:31:41,SYSTEM,SYS,0,0,8,8144
2026-05-14T09:31:54,SENSOR,SYS,0,0,22,45
2026-05-14T09:32:25,SENSOR,SYS,0,0,22,45
2026-05-14T09:32:42,SYSTEM,SYS,0,0,7,123
2026-05-14T09:32:42,SYSTEM,SYS,0,0,8,8144
2026-05-14T09:32:56,SENSOR,SYS,0,0,22,45
2026-05-14T09:33:27,SENSOR,SYS,0,0,22,45
2026-05-14T09:33:42,SYSTEM,SYS,0,0,7,122
2026-05-14T09:33:42,SYSTEM,SYS,0,0,8,8144
2026-05-14T09:33:57,SENSOR,SYS,0,0,22,45
2026-05-14T09:34:28,SENSOR,SYS,0,0,22,45
2026-05-14T09:34:42,SYSTEM,SYS,0,0,7,122
2026-05-14T09:34:42,SYSTEM,SYS,0,0,8,8144
2026-05-14T09:34:58,SENSOR,SYS,0,0,22,45
2026-05-14T09:35:29,SENSOR,SYS,0,0,22,45
2026-05-14T09:35:42,SYSTEM,SYS,0,0,7,122
2026-05-14T09:35:42,SYSTEM,SYS,0,0,8,8144
2026-05-14T09:36:00,SENSOR,SYS,0,0,22,45
2026-05-14T09:36:31,SENSOR,SYS,0,0,22,45
2026-05-14T09:36:42,SYSTEM,SYS,0,0,7,122
2026-05-14T09:36:42,SYSTEM,SYS,0,0,8,8144
2026-05-14T09:37:01,SENSOR,SYS,0,0,22,45
2026-05-14T09:37:32,SENSOR,SYS,0,0,22,45
2026-05-14T09:37:42,SYSTEM,SYS,0,0,7,122
2026-05-14T09:37:42,SYSTEM,SYS,0,0,8,8144
2026-05-14T09:38:02,SENSOR,SYS,0,0,22,45
2026-05-14T09:38:33,SENSOR,SYS,0,0,22,45
2026-05-14T09:38:42,SYSTEM,SYS,0,0,7,123
2026-05-14T09:38:42,SYSTEM,SYS,0,0,8,8144
2026-05-14T09:39:03,SENSOR,SYS,0,0,22,45
2026-05-14T09:39:34,SENSOR,SYS,0,0,22,45
2026-05-14T09:39:42,SYSTEM,SYS,0,0,7,123
2026-05-14T09:39:42,SYSTEM,SYS,0,0,8,8144
2026-05-14T09:40:04,SENSOR,SYS,0,0,22,45
2026-05-14T09:40:35,SENSOR,SYS,0,0,22,45
2026-05-14T09:40:43,SYSTEM,SYS,0,0,7,123
2026-05-14T09:40:43,SYSTEM,SYS,0,0,8,8144
2026-05-14T09:41:06,SENSOR,SYS,0,0,22,45
2026-05-14T09:41:37,SENSOR,SYS,0,0,22,45
2026-05-14T09:41:44,SYSTEM,SYS,0,0,7,123
2026-05-14T09:41:44,SYSTEM,SYS,0,0,8,8144
2026-05-14T09:41:58,SYSTEM,SYS,0,0,0,0
2026-05-14T09:42:05,SYSTEM,SYS,0,0,1,0
2026-05-14T09:42:07,SYSTEM,SYS,0,0,2,0
2026-05-14T09:42:08,SENSOR,SYS,0,0,22,45
2026-05-14T09:42:09,SYSTEM,SYS,0,0,7,269
2026-05-14T09:42:09,SYSTEM,SYS,0,0,8,8189
2026-05-14T09:42:09,SYSTEM,SYS,0,0,12,251
2026-05-14T09:42:09,SYSTEM,SYS,0,0,10,0
2026-05-14T09:42:09,SYSTEM,SYS,0,0,5,3
2026-05-14T09:42:09,SYSTEM,SYS,0,0,11,23688
2026-05-14T09:42:11,SYSTEM,WEB,0,0,1,0
2026-05-14T09:42:14,SYSTEM,SYS,0,0,1,1
2026-05-14T09:42:15,SYSTEM,SYS,0,0,2,1
2026-05-14T09:42:15,SYSTEM,SYS,0,0,4,1
2026-05-14T09:42:16,ALARM,SYS,0,0,2,0
2026-05-14T09:42:50,SENSOR,SYS,0,0,22,45
2026-05-14T09:43:12,SYSTEM,SYS,0,0,7,126
2026-05-14T09:43:12,SYSTEM,SYS,0,0,8,8144
2026-05-14T09:43:12,SYSTEM,SYS,0,0,12,77
2026-05-14T09:43:17,SENSOR,SYS,0,0,22,45
2026-05-14T09:43:48,SENSOR,SYS,0,0,22,45
2026-05-14T09:44:08,SYSTEM,SYS,0,0,7,122
2026-05-14T09:44:08,SYSTEM,SYS,0,0,8,8144
2026-05-14T09:44:08,SYSTEM,SYS,0,0,12,77
2026-05-14T09:44:18,SENSOR,SYS,0,0,22,45
2026-05-14T09:44:49,SENSOR,SYS,0,0,22,45
2026-05-14T09:45:08,SYSTEM,SYS,0,0,7,122
2026-05-14T09:45:08,SYSTEM,SYS,0,0,8,8144
2026-05-14T09:45:08,SYSTEM,SYS,0,0,12,77
2026-05-14T09:45:20,SENSOR,SYS,0,0,22,45
2026-05-14T09:45:51,SENSOR,SYS,0,0,22,45
2026-05-14T09:46:09,SYSTEM,SYS,0,0,7,124
2026-05-14T09:46:09,SYSTEM,SYS,0,0,8,8144
2026-05-14T09:46:09,SYSTEM,SYS,0,0,12,77
2026-05-14T09:46:21,SENSOR,SYS,0,0,22,45
2026-05-14T09:46:52,SENSOR,SYS,0,0,22,45
2026-05-14T09:47:09,SYSTEM,SYS,0,0,7,124
2026-05-14T09:47:09,SYSTEM,SYS,0,0,8,8144
2026-05-14T09:47:09,SYSTEM,SYS,0,0,12,77
2026-05-14T09:47:22,SENSOR,SYS,0,0,22,44
2026-05-14T09:47:53,SENSOR,SYS,0,0,22,44
2026-05-14T09:48:09,SYSTEM,SYS,0,0,7,124
2026-05-14T09:48:09,SYSTEM,SYS,0,0,8,8144
2026-05-14T09:48:09,SYSTEM,SYS,0,0,12,77
2026-05-14T09:48:23,SENSOR,SYS,0,0,22,44
2026-05-14T09:48:54,SENSOR,SYS,0,0,22,44
2026-05-14T09:49:09,SYSTEM,SYS,0,0,7,124
2026-05-14T09:49:09,SYSTEM,SYS,0,0,8,8144
2026-05-14T09:49:09,SYSTEM,SYS,0,0,12,77
2026-05-14T09:49:24,SENSOR,SYS,0,0,22,44
2026-05-14T09:49:55,SENSOR,SYS,0,0,22,44
2026-05-14T09:50:10,SYSTEM,SYS,0,0,7,124
2026-05-14T09:50:10,SYSTEM,SYS,0,0,8,8144
2026-05-14T09:50:10,SYSTEM,SYS,0,0,12,77
2026-05-14T09:50:26,SENSOR,SYS,0,0,22,44
2026-05-14T09:50:57,SENSOR,SYS,0,0,22,44
2026-05-14T09:51:10,SYSTEM,SYS,0,0,7,124
2026-05-14T09:51:10,SYSTEM,SYS,0,0,8,8144
2026-05-14T09:51:10,SYSTEM,SYS,0,0,12,77
2026-05-14T09:51:27,SENSOR,SYS,0,0,22,44
2026-05-14T09:51:58,SENSOR,SYS,0,0,22,44
2026-05-14T09:52:10,SYSTEM,SYS,0,0,7,124
2026-05-14T09:52:10,SYSTEM,SYS,0,0,8,8144
2026-05-14T09:52:10,SYSTEM,SYS,0,0,12,77
2026-05-14T09:52:28,SENSOR,SYS,0,0,22,44
2026-05-14T09:52:59,SENSOR,SYS,0,0,22,44
2026-05-14T09:53:10,SYSTEM,SYS,0,0,7,124
2026-05-14T09:53:10,SYSTEM,SYS,0,0,8,8144
2026-05-14T09:53:10,SYSTEM,SYS,0,0,12,77
2026-05-14T09:53:29,SENSOR,SYS,0,0,22,44
2026-05-14T09:54:00,SENSOR,SYS,0,0,22,44
2026-05-14T09:54:11,SYSTEM,SYS,0,0,7,124
2026-05-14T09:54:11,SYSTEM,SYS,0,0,8,8144
2026-05-14T09:54:11,SYSTEM,SYS,0,0,12,77
2026-05-14T09:54:31,SENSOR,SYS,0,0,22,44
2026-05-14T09:55:02,SENSOR,SYS,0,0,22,44
2026-05-14T09:55:11,SYSTEM,SYS,0,0,7,124
2026-05-14T09:55:11,SYSTEM,SYS,0,0,8,8144
2026-05-14T09:55:11,SYSTEM,SYS,0,0,12,77
2026-05-14T09:55:32,SENSOR,SYS,0,0,22,43
2026-05-14T09:56:03,SENSOR,SYS,0,0,22,43
2026-05-14T09:56:11,SYSTEM,SYS,0,0,7,124
2026-05-14T09:56:11,SYSTEM,SYS,0,0,8,8144
2026-05-14T09:56:11,SYSTEM,SYS,0,0,12,77
2026-05-14T09:56:33,SENSOR,SYS,0,0,22,43
2026-05-14T09:57:04,SENSOR,SYS,0,0,22,44
2026-05-14T09:57:11,SYSTEM,SYS,0,0,7,124
2026-05-14T09:57:11,SYSTEM,SYS,0,0,8,8144
2026-05-14T09:57:11,SYSTEM,SYS,0,0,12,77
2026-05-14T09:57:34,SENSOR,SYS,0,0,22,44
2026-05-14T09:58:05,SENSOR,SYS,0,0,22,44
2026-05-14T09:58:12,SYSTEM,SYS,0,0,7,124
2026-05-14T09:58:12,SYSTEM,SYS,0,0,8,8144
2026-05-14T09:58:12,SYSTEM,SYS,0,0,12,77
2026-05-14T09:58:36,SENSOR,SYS,0,0,22,44
2026-05-14T09:59:06,SENSOR,SYS,0,0,22,44
2026-05-14T09:59:12,SYSTEM,SYS,0,0,7,124
2026-05-14T09:59:12,SYSTEM,SYS,0,0,8,8144
2026-05-14T09:59:12,SYSTEM,SYS,0,0,12,77
2026-05-14T09:59:37,SENSOR,SYS,0,0,22,44
2026-05-14T10:00:07,SENSOR,SYS,0,0,22,44
2026-05-14T10:00:11,SYSTEM,SYS,0,0,7,124
2026-05-14T10:00:11,SYSTEM,SYS,0,0,8,8144
2026-05-14T10:00:11,SYSTEM,SYS,0,0,12,77
2026-05-14T10:00:38,SENSOR,SYS,0,0,22,44
2026-05-14T10:01:09,SENSOR,SYS,0,0,22,44
2026-05-14T10:01:12,SYSTEM,SYS,0,0,7,124
2026-05-14T10:01:12,SYSTEM,SYS,0,0,8,8144
2026-05-14T10:01:12,SYSTEM,SYS,0,0,12,77
2026-05-14T10:01:40,SENSOR,SYS,0,0,22,44
2026-05-14T10:02:10,SENSOR,SYS,0,0,22,44
2026-05-14T10:02:12,SYSTEM,SYS,0,0,7,124
2026-05-14T10:02:12,SYSTEM,SYS,0,0,8,8144
2026-05-14T10:02:12,SYSTEM,SYS,0,0,12,77
2026-05-14T10:02:41,SENSOR,SYS,0,0,22,44
2026-05-14T10:03:11,SENSOR,SYS,0,0,22,44
2026-05-14T10:03:12,SYSTEM,SYS,0,0,7,124
2026-05-14T10:03:12,SYSTEM,SYS,0,0,8,8144
2026-05-14T10:03:12,SYSTEM,SYS,0,0,12,77
2026-05-14T10:03:42,SENSOR,SYS,0,0,22,45
2026-05-14T10:04:12,SENSOR,SYS,0,0,22,45
2026-05-14T10:04:13,SYSTEM,SYS,0,0,7,124
2026-05-14T10:04:13,SYSTEM,SYS,0,0,8,8144
2026-05-14T10:04:13,SYSTEM,SYS,0,0,12,77
2026-05-14T10:04:43,SENSOR,SYS,0,0,22,45
2026-05-14T10:05:13,SYSTEM,SYS,0,0,7,121
2026-05-14T10:05:13,SYSTEM,SYS,0,0,8,8142
2026-05-14T10:05:13,SYSTEM,SYS,0,0,12,77
2026-05-14T10:05:13,SENSOR,SYS,0,0,22,45
2026-05-14T10:05:44,SENSOR,SYS,0,0,22,45
2026-05-14T10:06:13,SYSTEM,SYS,0,0,7,124
2026-05-14T10:06:13,SYSTEM,SYS,0,0,8,8144
2026-05-14T10:06:13,SYSTEM,SYS,0,0,12,77
2026-05-14T10:06:15,SENSOR,SYS,0,0,22,45
2026-05-14T10:06:46,SENSOR,SYS,0,0,22,45
2026-05-14T10:07:13,SYSTEM,SYS,0,0,7,124
2026-05-14T10:07:13,SYSTEM,SYS,0,0,8,8144
2026-05-14T10:07:13,SYSTEM,SYS,0,0,12,77
2026-05-14T10:07:16,SENSOR,SYS,0,0,22,45
2026-05-14T10:07:47,SENSOR,SYS,0,0,22,45
2026-05-14T10:08:13,SYSTEM,SYS,0,0,7,124
2026-05-14T10:08:13,SYSTEM,SYS,0,0,8,8144
2026-05-14T10:08:13,SYSTEM,SYS,0,0,12,77
2026-05-14T10:08:17,SENSOR,SYS,0,0,22,45
2026-05-14T10:08:48,SENSOR,SYS,0,0,22,45
2026-05-14T10:09:13,SYSTEM,SYS,0,0,7,123
2026-05-14T10:09:13,SYSTEM,SYS,0,0,8,8144
2026-05-14T10:09:13,SYSTEM,SYS,0,0,12,77
2026-05-14T10:09:18,SENSOR,SYS,0,0,22,45
2026-05-14T10:09:49,SENSOR,SYS,0,0,22,45
2026-05-14T10:10:14,SYSTEM,SYS,0,0,7,124
2026-05-14T10:10:14,SYSTEM,SYS,0,0,8,8144
2026-05-14T10:10:14,SYSTEM,SYS,0,0,12,77
2026-05-14T10:10:20,SENSOR,SYS,0,0,22,45
2026-05-14T10:10:51,SENSOR,SYS,0,0,22,45
2026-05-14T10:11:14,SYSTEM,SYS,0,0,7,124
2026-05-14T10:11:14,SYSTEM,SYS,0,0,8,8144
2026-05-14T10:11:14,SYSTEM,SYS,0,0,12,77
2026-05-14T10:11:21,SENSOR,SYS,0,0,22,45
2026-05-14T10:11:52,SENSOR,SYS,0,0,22,45
2026-05-14T10:12:14,SYSTEM,SYS,0,0,7,121
2026-05-14T10:12:14,SYSTEM,SYS,0,0,8,8144
2026-05-14T10:12:14,SYSTEM,SYS,0,0,12,77
2026-05-14T10:12:22,SENSOR,SYS,0,0,22,45
2026-05-14T10:12:53,SENSOR,SYS,0,0,22,45
2026-05-14T10:13:15,SYSTEM,SYS,0,0,7,123
2026-05-14T10:13:15,SYSTEM,SYS,0,0,8,8144
2026-05-14T10:13:15,SYSTEM,SYS,0,0,12,77
2026-05-14T10:13:24,SENSOR,SYS,0,0,22,45
2026-05-14T10:13:54,SENSOR,SYS,0,0,22,45
2026-05-14T10:14:15,SYSTEM,SYS,0,0,7,123
2026-05-14T10:14:15,SYSTEM,SYS,0,0,8,8144
2026-05-14T10:14:15,SYSTEM,SYS,0,0,12,77
2026-05-14T10:14:25,SENSOR,SYS,0,0,22,45
2026-05-14T10:14:55,SENSOR,SYS,0,0,22,45
2026-05-14T10:15:15,SYSTEM,SYS,0,0,7,124
2026-05-14T10:15:15,SYSTEM,SYS,0,0,8,8144
2026-05-14T10:15:15,SYSTEM,SYS,0,0,12,77
2026-05-14T10:15:26,SENSOR,SYS,0,0,22,45
2026-05-14T10:15:56,SENSOR,SYS,0,0,22,45
2026-05-14T10:16:15,SYSTEM,SYS,0,0,7,124
2026-05-14T10:16:15,SYSTEM,SYS,0,0,8,8144
2026-05-14T10:16:15,SYSTEM,SYS,0,0,12,77
2026-05-14T10:16:27,SENSOR,SYS,0,0,22,45
2026-05-14T10:16:57,SENSOR,SYS,0,0,22,45
2026-05-14T10:17:15,SYSTEM,SYS,0,0,7,123
2026-05-14T10:17:15,SYSTEM,SYS,0,0,8,8144
2026-05-14T10:17:15,SYSTEM,SYS,0,0,12,77
2026-05-14T10:17:28,SENSOR,SYS,0,0,22,45
2026-05-14T10:17:58,SENSOR,SYS,0,0,22,45
2026-05-14T10:18:15,SYSTEM,SYS,0,0,7,123
2026-05-14T10:18:15,SYSTEM,SYS,0,0,8,8144
2026-05-14T10:18:15,SYSTEM,SYS,0,0,12,77
2026-05-14T10:18:29,SENSOR,SYS,0,0,22,45
2026-05-14T10:19:00,SENSOR,SYS,0,0,22,45
2026-05-14T10:19:16,SYSTEM,SYS,0,0,7,123
2026-05-14T10:19:16,SYSTEM,SYS,0,0,8,8144
2026-05-14T10:19:16,SYSTEM,SYS,0,0,12,77
2026-05-14T10:19:31,SENSOR,SYS,0,0,22,45
2026-05-14T10:20:01,SENSOR,SYS,0,0,22,45
2026-05-14T10:20:16,SYSTEM,SYS,0,0,7,123
2026-05-14T10:20:16,SYSTEM,SYS,0,0,8,8144
2026-05-14T10:20:16,SYSTEM,SYS,0,0,12,77
2026-05-14T10:20:32,SENSOR,SYS,0,0,22,45
2026-05-14T10:21:02,SENSOR,SYS,0,0,22,45
2026-05-14T10:21:16,SYSTEM,SYS,0,0,7,121
2026-05-14T10:21:16,SYSTEM,SYS,0,0,8,8144
2026-05-14T10:21:16,SYSTEM,SYS,0,0,12,77
2026-05-14T10:21:33,SENSOR,SYS,0,0,22,45
2026-05-14T10:22:03,SENSOR,SYS,0,0,22,45
2026-05-14T10:22:16,SYSTEM,SYS,0,0,7,123
2026-05-14T10:22:16,SYSTEM,SYS,0,0,8,8144
2026-05-14T10:22:16,SYSTEM,SYS,0,0,12,77
2026-05-14T10:22:34,SENSOR,SYS,0,0,22,45
2026-05-14T10:23:04,SENSOR,SYS,0,0,22,45
2026-05-14T10:23:17,SYSTEM,SYS,0,0,7,123
2026-05-14T10:23:17,SYSTEM,SYS,0,0,8,8144
2026-05-14T10:23:17,SYSTEM,SYS,0,0,12,77
2026-05-14T10:23:35,SENSOR,SYS,0,0,22,45
2026-05-14T10:24:06,SENSOR,SYS,0,0,22,45
2026-05-14T10:24:18,SYSTEM,SYS,0,0,7,123
2026-05-14T10:24:18,SYSTEM,SYS,0,0,8,8144
2026-05-14T10:24:18,SYSTEM,SYS,0,0,12,77
2026-05-14T10:24:37,SENSOR,SYS,0,0,22,45
2026-05-14T10:25:07,SENSOR,SYS,0,0,22,45
2026-05-14T10:25:18,SYSTEM,SYS,0,0,7,123
2026-05-14T10:25:18,SYSTEM,SYS,0,0,8,8144
2026-05-14T10:25:18,SYSTEM,SYS,0,0,12,77
2026-05-14T10:25:38,SENSOR,SYS,0,0,22,45
2026-05-14T10:26:08,SENSOR,SYS,0,0,22,45
2026-05-14T10:26:18,SYSTEM,SYS,0,0,7,123
2026-05-14T10:26:18,SYSTEM,SYS,0,0,8,8144
2026-05-14T10:26:18,SYSTEM,SYS,0,0,12,77
2026-05-14T10:26:39,SENSOR,SYS,0,0,22,45
2026-05-14T10:27:09,SENSOR,SYS,0,0,22,45
2026-05-14T10:27:18,SYSTEM,SYS,0,0,7,123
2026-05-14T10:27:18,SYSTEM,SYS,0,0,8,8144
2026-05-14T10:27:18,SYSTEM,SYS,0,0,12,77
2026-05-14T10:27:40,SENSOR,SYS,0,0,22,45
2026-05-14T10:28:10,SENSOR,SYS,0,0,22,45
2026-05-14T10:28:18,SYSTEM,SYS,0,0,7,123
2026-05-14T10:28:18,SYSTEM,SYS,0,0,8,8144
2026-05-14T10:28:18,SYSTEM,SYS,0,0,12,77
2026-05-14T10:28:41,SENSOR,SYS,0,0,22,45
2026-05-14T10:29:12,SENSOR,SYS,0,0,22,45
2026-05-14T10:29:18,SYSTEM,SYS,0,0,7,123
2026-05-14T10:29:18,SYSTEM,SYS,0,0,8,8144
2026-05-14T10:29:18,SYSTEM,SYS,0,0,12,77
2026-05-14T10:29:42,SENSOR,SYS,0,0,22,45
2026-05-14T10:30:13,SENSOR,SYS,0,0,22,45
2026-05-14T10:30:18,SYSTEM,SYS,0,0,7,123
2026-05-14T10:30:18,SYSTEM,SYS,0,0,8,8144
2026-05-14T10:30:18,SYSTEM,SYS,0,0,12,77
2026-05-14T10:30:43,SENSOR,SYS,0,0,22,45
2026-05-14T10:31:14,SENSOR,SYS,0,0,22,45
2026-05-14T10:31:18,SYSTEM,SYS,0,0,7,123
2026-05-14T10:31:18,SYSTEM,SYS,0,0,8,8144
2026-05-14T10:31:18,SYSTEM,SYS,0,0,12,77
2026-05-14T10:31:44,SENSOR,SYS,0,0,22,45
2026-05-14T10:32:15,SENSOR,SYS,0,0,22,45
2026-05-14T10:32:18,SYSTEM,SYS,0,0,7,123
2026-05-14T10:32:18,SYSTEM,SYS,0,0,8,8144
2026-05-14T10:32:18,SYSTEM,SYS,0,0,12,77
2026-05-14T10:32:46,SENSOR,SYS,0,0,22,45
2026-05-14T10:33:17,SENSOR,SYS,0,0,22,45
2026-05-14T10:33:20,SYSTEM,SYS,0,0,7,123
2026-05-14T10:33:20,SYSTEM,SYS,0,0,8,8144
2026-05-14T10:33:20,SYSTEM,SYS,0,0,12,77
2026-05-14T10:33:47,SENSOR,SYS,0,0,22,45
2026-05-14T10:34:18,SENSOR,SYS,0,0,22,45
2026-05-14T10:34:20,SYSTEM,SYS,0,0,7,123
2026-05-14T10:34:20,SYSTEM,SYS,0,0,8,8144
2026-05-14T10:34:20,SYSTEM,SYS,0,0,12,77
2026-05-14T10:34:48,SENSOR,SYS,0,0,22,45
2026-05-14T10:35:19,SENSOR,SYS,0,0,22,45
2026-05-14T10:35:20,SYSTEM,SYS,0,0,7,123
2026-05-14T10:35:20,SYSTEM,SYS,0,0,8,8144
2026-05-14T10:35:20,SYSTEM,SYS,0,0,12,77
2026-05-14T10:35:49,SENSOR,SYS,0,0,22,45
2026-05-14T10:36:20,SYSTEM,SYS,0,0,7,123
2026-05-14T10:36:20,SYSTEM,SYS,0,0,8,8144
2026-05-14T10:36:20,SYSTEM,SYS,0,0,12,77
2026-05-14T10:36:20,SENSOR,SYS,0,0,22,45
2026-05-14T10:36:50,SENSOR,SYS,0,0,22,45
2026-05-14T10:37:20,SYSTEM,SYS,0,0,7,123
2026-05-14T10:37:20,SYSTEM,SYS,0,0,8,8144
2026-05-14T10:37:20,SYSTEM,SYS,0,0,12,77
2026-05-14T10:37:21,SENSOR,SYS,0,0,22,45
2026-05-14T10:37:52,SENSOR,SYS,0,0,22,45
2026-05-14T10:38:21,SYSTEM,SYS,0,0,7,120
2026-05-14T10:38:21,SYSTEM,SYS,0,0,8,8144
2026-05-14T10:38:21,SYSTEM,SYS,0,0,12,77
2026-05-14T10:38:23,SENSOR,SYS,0,0,22,45
2026-05-14T10:38:53,SENSOR,SYS,0,0,22,45
2026-05-14T10:39:21,SYSTEM,SYS,0,0,7,123
2026-05-14T10:39:21,SYSTEM,SYS,0,0,8,8144
2026-05-14T10:39:21,SYSTEM,SYS,0,0,12,77
2026-05-14T10:39:24,SENSOR,SYS,0,0,22,45
2026-05-14T10:39:54,SENSOR,SYS,0,0,22,45
2026-05-14T10:40:21,SYSTEM,SYS,0,0,7,123
2026-05-14T10:40:21,SYSTEM,SYS,0,0,8,8144
2026-05-14T10:40:21,SYSTEM,SYS,0,0,12,77
2026-05-14T10:40:25,SENSOR,SYS,0,0,22,45
2026-05-14T10:40:55,SENSOR,SYS,0,0,22,45
2026-05-14T10:41:21,SYSTEM,SYS,0,0,7,123
2026-05-14T10:41:21,SYSTEM,SYS,0,0,8,8144
2026-05-14T10:41:21,SYSTEM,SYS,0,0,12,77
2026-05-14T10:41:26,SENSOR,SYS,0,0,22,45
2026-05-14T10:41:56,SENSOR,SYS,0,0,22,45
2026-05-14T10:42:21,SYSTEM,SYS,0,0,7,123
2026-05-14T10:42:21,SYSTEM,SYS,0,0,8,8144
2026-05-14T10:42:21,SYSTEM,SYS,0,0,12,77
2026-05-14T10:42:27,SENSOR,SYS,0,0,22,45
2026-05-14T10:42:57,SENSOR,SYS,0,0,22,45
2026-05-14T10:43:21,SYSTEM,SYS,0,0,7,123
2026-05-14T10:43:21,SYSTEM,SYS,0,0,8,8144
2026-05-14T10:43:21,SYSTEM,SYS,0,0,12,77
2026-05-14T10:43:28,SENSOR,SYS,0,0,22,45
2026-05-14T10:43:59,SENSOR,SYS,0,0,22,45
2026-05-14T10:44:22,SYSTEM,SYS,0,0,7,123
2026-05-14T10:44:22,SYSTEM,SYS,0,0,8,8144
2026-05-14T10:44:22,SYSTEM,SYS,0,0,12,77
2026-05-14T10:44:29,SENSOR,SYS,0,0,22,45
2026-05-14T10:45:00,SENSOR,SYS,0,0,22,45
2026-05-14T10:45:22,SYSTEM,SYS,0,0,7,123
2026-05-14T10:45:22,SYSTEM,SYS,0,0,8,8144
2026-05-14T10:45:22,SYSTEM,SYS,0,0,12,77
2026-05-14T10:45:30,SENSOR,SYS,0,0,22,45
2026-05-14T10:46:01,SENSOR,SYS,0,0,22,45
2026-05-14T10:46:22,SYSTEM,SYS,0,0,7,123
2026-05-14T10:46:22,SYSTEM,SYS,0,0,8,8144
2026-05-14T10:46:22,SYSTEM,SYS,0,0,12,77
2026-05-14T10:46:32,SENSOR,SYS,0,0,22,45
2026-05-14T10:47:03,SENSOR,SYS,0,0,22,45
2026-05-14T10:47:23,SYSTEM,SYS,0,0,7,121
2026-05-14T10:47:23,SYSTEM,SYS,0,0,8,8144
2026-05-14T10:47:23,SYSTEM,SYS,0,0,12,77
2026-05-14T10:47:33,SENSOR,SYS,0,0,22,45
2026-05-14T10:48:04,SENSOR,SYS,0,0,22,45
2026-05-14T10:48:23,SYSTEM,SYS,0,0,7,123
2026-05-14T10:48:23,SYSTEM,SYS,0,0,8,8144
2026-05-14T10:48:23,SYSTEM,SYS,0,0,12,77
2026-05-14T10:48:34,SENSOR,SYS,0,0,22,45
2026-05-14T10:49:05,SENSOR,SYS,0,0,22,45
2026-05-14T10:49:23,SYSTEM,SYS,0,0,7,123
2026-05-14T10:49:23,SYSTEM,SYS,0,0,8,8144
2026-05-14T10:49:23,SYSTEM,SYS,0,0,12,77
2026-05-14T10:49:35,SENSOR,SYS,0,0,22,45
2026-05-14T10:50:06,SENSOR,SYS,0,0,22,45
2026-05-14T10:50:23,SYSTEM,SYS,0,0,7,123
2026-05-14T10:50:23,SYSTEM,SYS,0,0,8,8144
2026-05-14T10:50:23,SYSTEM,SYS,0,0,12,77
2026-05-14T10:50:36,SENSOR,SYS,0,0,22,45
2026-05-14T10:51:07,SENSOR,SYS,0,0,22,45
2026-05-14T10:51:24,SYSTEM,SYS,0,0,7,123
2026-05-14T10:51:24,SYSTEM,SYS,0,0,8,8144
2026-05-14T10:51:24,SYSTEM,SYS,0,0,12,77
2026-05-14T10:51:38,SENSOR,SYS,0,0,22,45
2026-05-14T10:52:09,SENSOR,SYS,0,0,22,45
2026-05-14T10:52:24,SYSTEM,SYS,0,0,7,123
2026-05-14T10:52:24,SYSTEM,SYS,0,0,8,8144
2026-05-14T10:52:24,SYSTEM,SYS,0,0,12,77
2026-05-14T10:52:39,SENSOR,SYS,0,0,22,45
2026-05-14T10:53:10,SENSOR,SYS,0,0,22,45
2026-05-14T10:53:23,SYSTEM,SYS,0,0,7,123
2026-05-14T10:53:23,SYSTEM,SYS,0,0,8,8144
2026-05-14T10:53:23,SYSTEM,SYS,0,0,12,77
2026-05-14T10:53:40,SENSOR,SYS,0,0,22,45
2026-05-14T10:54:11,SENSOR,SYS,0,0,22,45
2026-05-14T10:54:24,SYSTEM,SYS,0,0,7,123
2026-05-14T10:54:24,SYSTEM,SYS,0,0,8,8144
2026-05-14T10:54:24,SYSTEM,SYS,0,0,12,77
2026-05-14T10:54:42,SENSOR,SYS,0,0,22,45
2026-05-14T10:55:13,SENSOR,SYS,0,0,22,45
2026-05-14T10:55:24,SYSTEM,SYS,0,0,7,123
2026-05-14T10:55:24,SYSTEM,SYS,0,0,8,8144
2026-05-14T10:55:24,SYSTEM,SYS,0,0,12,77
2026-05-14T10:55:43,SENSOR,SYS,0,0,22,45
2026-05-14T10:56:14,SENSOR,SYS,0,0,22,45
2026-05-14T10:56:24,SYSTEM,SYS,0,0,7,120
2026-05-14T10:56:24,SYSTEM,SYS,0,0,8,8144
2026-05-14T10:56:24,SYSTEM,SYS,0,0,12,77
2026-05-14T10:56:44,SENSOR,SYS,0,0,22,45
2026-05-14T10:57:15,SENSOR,SYS,0,0,22,46
2026-05-14T10:57:24,SYSTEM,SYS,0,0,7,123
2026-05-14T10:57:24,SYSTEM,SYS,0,0,8,8144
2026-05-14T10:57:24,SYSTEM,SYS,0,0,12,77
2026-05-14T10:57:45,SENSOR,SYS,0,0,22,46
2026-05-14T10:58:16,SENSOR,SYS,0,0,22,46
2026-05-14T10:58:24,SYSTEM,SYS,0,0,7,123
2026-05-14T10:58:24,SYSTEM,SYS,0,0,8,8144
2026-05-14T10:58:24,SYSTEM,SYS,0,0,12,77
2026-05-14T10:58:46,SENSOR,SYS,0,0,22,46
2026-05-14T10:59:17,SENSOR,SYS,0,0,22,46
2026-05-14T10:59:25,SYSTEM,SYS,0,0,7,123
2026-05-14T10:59:25,SYSTEM,SYS,0,0,8,8144
2026-05-14T10:59:25,SYSTEM,SYS,0,0,12,77
2026-05-14T10:59:48,SENSOR,SYS,0,0,22,46
2026-05-14T11:00:18,SENSOR,SYS,0,0,22,46
2026-05-14T11:00:25,SYSTEM,SYS,0,0,7,123
2026-05-14T11:00:25,SYSTEM,SYS,0,0,8,8144
2026-05-14T11:00:25,SYSTEM,SYS,0,0,12,77
2026-05-14T11:00:49,SENSOR,SYS,0,0,22,46
2026-05-14T11:01:19,SENSOR,SYS,0,0,22,46
2026-05-14T11:01:25,SYSTEM,SYS,0,0,7,123
2026-05-14T11:01:25,SYSTEM,SYS,0,0,8,8144
2026-05-14T11:01:25,SYSTEM,SYS,0,0,12,77
2026-05-14T11:01:50,SENSOR,SYS,0,0,22,46
2026-05-14T11:02:21,SENSOR,SYS,0,0,22,46
2026-05-14T11:02:26,SYSTEM,SYS,0,0,7,123
2026-05-14T11:02:26,SYSTEM,SYS,0,0,8,8144
2026-05-14T11:02:26,SYSTEM,SYS,0,0,12,77
2026-05-14T11:02:52,SENSOR,SYS,0,0,22,46
2026-05-14T11:03:22,SENSOR,SYS,0,0,22,45
2026-05-14T11:03:26,SYSTEM,SYS,0,0,7,123
2026-05-14T11:03:26,SYSTEM,SYS,0,0,8,8144
2026-05-14T11:03:26,SYSTEM,SYS,0,0,12,77
2026-05-14T11:03:53,SENSOR,SYS,0,0,22,45
2026-05-14T11:04:23,SENSOR,SYS,0,0,22,45
2026-05-14T11:04:26,SYSTEM,SYS,0,0,7,123
2026-05-14T11:04:26,SYSTEM,SYS,0,0,8,8144
2026-05-14T11:04:26,SYSTEM,SYS,0,0,12,77
2026-05-14T11:04:54,SENSOR,SYS,0,0,22,45
2026-05-14T11:05:24,SENSOR,SYS,0,0,22,45
2026-05-14T11:05:26,SYSTEM,SYS,0,0,7,123
2026-05-14T11:05:26,SYSTEM,SYS,0,0,8,8144
2026-05-14T11:05:26,SYSTEM,SYS,0,0,12,77
2026-05-14T11:05:55,SENSOR,SYS,0,0,22,45
2026-05-14T11:06:25,SENSOR,SYS,0,0,22,45
2026-05-14T11:06:26,SYSTEM,SYS,0,0,7,123
2026-05-14T11:06:26,SYSTEM,SYS,0,0,8,8144
2026-05-14T11:06:26,SYSTEM,SYS,0,0,12,77
2026-05-14T11:06:56,SENSOR,SYS,0,0,22,45
2026-05-14T11:07:27,SENSOR,SYS,0,0,22,45
2026-05-14T11:07:27,SYSTEM,SYS,0,0,7,123
2026-05-14T11:07:27,SYSTEM,SYS,0,0,8,8144
2026-05-14T11:07:27,SYSTEM,SYS,0,0,12,77
2026-05-14T11:07:58,SENSOR,SYS,0,0,22,45
2026-05-14T11:08:27,SYSTEM,SYS,0,0,7,123
2026-05-14T11:08:27,SYSTEM,SYS,0,0,8,8144
2026-05-14T11:08:27,SYSTEM,SYS,0,0,12,77
2026-05-14T11:08:28,SENSOR,SYS,0,0,22,45
2026-05-14T11:08:59,SENSOR,SYS,0,0,22,45
2026-05-14T11:09:27,SYSTEM,SYS,0,0,7,123
2026-05-14T11:09:27,SYSTEM,SYS,0,0,8,8144
2026-05-14T11:09:27,SYSTEM,SYS,0,0,12,77
2026-05-14T11:09:29,SENSOR,SYS,0,0,22,45
2026-05-14T11:10:00,SENSOR,SYS,0,0,22,45
2026-05-14T11:10:27,SYSTEM,SYS,0,0,7,123
2026-05-14T11:10:27,SYSTEM,SYS,0,0,8,8144
2026-05-14T11:10:27,SYSTEM,SYS,0,0,12,77
2026-05-14T11:10:30,SENSOR,SYS,0,0,22,45
2026-05-14T11:11:01,SENSOR,SYS,0,0,22,45
2026-05-14T11:11:27,SYSTEM,SYS,0,0,7,123
2026-05-14T11:11:27,SYSTEM,SYS,0,0,8,8144
2026-05-14T11:11:27,SYSTEM,SYS,0,0,12,77
2026-05-14T11:11:31,SENSOR,SYS,0,0,22,45
2026-05-14T11:12:02,SENSOR,SYS,0,0,22,45
2026-05-14T11:12:27,SYSTEM,SYS,0,0,7,123
2026-05-14T11:12:27,SYSTEM,SYS,0,0,8,8144
2026-05-14T11:12:27,SYSTEM,SYS,0,0,12,77
2026-05-14T11:12:32,SENSOR,SYS,0,0,22,45
2026-05-14T11:13:03,SENSOR,SYS,0,0,22,45
2026-05-14T11:13:29,SYSTEM,SYS,0,0,7,123
2026-05-14T11:13:29,SYSTEM,SYS,0,0,8,8144
2026-05-14T11:13:29,SYSTEM,SYS,0,0,12,77
2026-05-14T11:13:34,SENSOR,SYS,0,0,22,45
2026-05-14T11:14:04,SENSOR,SYS,0,0,22,44
2026-05-14T11:14:28,SYSTEM,SYS,0,0,7,123
2026-05-14T11:14:28,SYSTEM,SYS,0,0,8,8144
2026-05-14T11:14:28,SYSTEM,SYS,0,0,12,77
2026-05-14T11:14:35,SENSOR,SYS,0,0,22,44
2026-05-14T11:15:05,SENSOR,SYS,0,0,22,44
2026-05-14T11:15:28,SYSTEM,SYS,0,0,7,123
2026-05-14T11:15:28,SYSTEM,SYS,0,0,8,8144
2026-05-14T11:15:28,SYSTEM,SYS,0,0,12,77
2026-05-14T11:15:36,SENSOR,SYS,0,0,22,44
2026-05-14T11:16:07,SENSOR,SYS,0,0,22,44
2026-05-14T11:16:29,SYSTEM,SYS,0,0,7,123
2026-05-14T11:16:29,SYSTEM,SYS,0,0,8,8144
2026-05-14T11:16:29,SYSTEM,SYS,0,0,12,77
2026-05-14T11:16:38,SENSOR,SYS,0,0,22,44
2026-05-14T11:17:08,SENSOR,SYS,0,0,22,44
2026-05-14T11:17:29,SYSTEM,SYS,0,0,7,123
2026-05-14T11:17:29,SYSTEM,SYS,0,0,8,8144
2026-05-14T11:17:29,SYSTEM,SYS,0,0,12,77
2026-05-14T11:17:39,SENSOR,SYS,0,0,22,44
2026-05-14T11:18:09,SENSOR,SYS,0,0,22,44
2026-05-14T11:18:29,SYSTEM,SYS,0,0,7,123
2026-05-14T11:18:29,SYSTEM,SYS,0,0,8,8144
2026-05-14T11:18:29,SYSTEM,SYS,0,0,12,77
2026-05-14T11:18:40,SENSOR,SYS,0,0,22,44
2026-05-14T11:19:11,SENSOR,SYS,0,0,22,44
2026-05-14T11:19:30,SYSTEM,SYS,0,0,7,122
2026-05-14T11:19:30,SYSTEM,SYS,0,0,8,8144
2026-05-14T11:19:30,SYSTEM,SYS,0,0,12,77
2026-05-14T11:19:42,SENSOR,SYS,0,0,22,44
2026-05-14T11:20:12,SENSOR,SYS,0,0,22,44
2026-05-14T11:20:30,SYSTEM,SYS,0,0,7,122
2026-05-14T11:20:30,SYSTEM,SYS,0,0,8,8144
2026-05-14T11:20:30,SYSTEM,SYS,0,0,12,77
2026-05-14T11:20:43,SENSOR,SYS,0,0,22,44
2026-05-14T11:21:13,SENSOR,SYS,0,0,22,44
2026-05-14T11:21:30,SYSTEM,SYS,0,0,7,123
2026-05-14T11:21:30,SYSTEM,SYS,0,0,8,8144
2026-05-14T11:21:30,SYSTEM,SYS,0,0,12,77
2026-05-14T11:21:44,SENSOR,SYS,0,0,22,44
2026-05-14T11:22:14,SENSOR,SYS,0,0,22,44
2026-05-14T11:22:30,SYSTEM,SYS,0,0,7,122
2026-05-14T11:22:30,SYSTEM,SYS,0,0,8,8144
2026-05-14T11:22:30,SYSTEM,SYS,0,0,12,77
2026-05-14T11:22:45,SENSOR,SYS,0,0,22,44
2026-05-14T11:23:15,SENSOR,SYS,0,0,22,44
2026-05-14T11:23:30,SYSTEM,SYS,0,0,7,123
2026-05-14T11:23:30,SYSTEM,SYS,0,0,8,8144
2026-05-14T11:23:30,SYSTEM,SYS,0,0,12,77
2026-05-14T11:23:46,SENSOR,SYS,0,0,22,44
2026-05-14T11:24:16,SENSOR,SYS,0,0,22,44
2026-05-14T11:24:30,SYSTEM,SYS,0,0,7,123
2026-05-14T11:24:30,SYSTEM,SYS,0,0,8,8144
2026-05-14T11:24:30,SYSTEM,SYS,0,0,12,77
2026-05-14T11:24:47,SENSOR,SYS,0,0,22,44
2026-05-14T11:25:18,SENSOR,SYS,0,0,22,44
2026-05-14T11:25:31,SYSTEM,SYS,0,0,7,123
2026-05-14T11:25:31,SYSTEM,SYS,0,0,8,8144
2026-05-14T11:25:31,SYSTEM,SYS,0,0,12,77
2026-05-14T11:25:49,SENSOR,SYS,0,0,22,44
2026-05-14T11:26:19,SENSOR,SYS,0,0,22,44
2026-05-14T11:26:31,SYSTEM,SYS,0,0,7,123
2026-05-14T11:26:31,SYSTEM,SYS,0,0,8,8144
2026-05-14T11:26:31,SYSTEM,SYS,0,0,12,77
2026-05-14T11:26:50,SENSOR,SYS,0,0,22,44
2026-05-14T11:27:20,SENSOR,SYS,0,0,22,44
2026-05-14T11:27:31,SYSTEM,SYS,0,0,7,123
2026-05-14T11:27:31,SYSTEM,SYS,0,0,8,8144
2026-05-14T11:27:31,SYSTEM,SYS,0,0,12,77
2026-05-14T11:27:51,SENSOR,SYS,0,0,22,44
2026-05-14T11:28:21,SENSOR,SYS,0,0,22,44
2026-05-14T11:28:31,SYSTEM,SYS,0,0,7,123
2026-05-14T11:28:31,SYSTEM,SYS,0,0,8,8144
2026-05-14T11:28:31,SYSTEM,SYS,0,0,12,77
2026-05-14T11:28:52,SENSOR,SYS,0,0,22,44
2026-05-14T11:29:23,SENSOR,SYS,0,0,22,44
2026-05-14T11:29:32,SYSTEM,SYS,0,0,7,123
2026-05-14T11:29:32,SYSTEM,SYS,0,0,8,8144
2026-05-14T11:29:32,SYSTEM,SYS,0,0,12,77
2026-05-14T11:29:53,SENSOR,SYS,0,0,22,44
2026-05-14T11:30:24,SENSOR,SYS,0,0,22,44
2026-05-14T11:30:32,SYSTEM,SYS,0,0,7,122
2026-05-14T11:30:32,SYSTEM,SYS,0,0,8,8144
2026-05-14T11:30:32,SYSTEM,SYS,0,0,12,77
2026-05-14T11:30:54,SENSOR,SYS,0,0,22,44
2026-05-14T11:31:25,SENSOR,SYS,0,0,22,44
2026-05-14T11:31:32,SYSTEM,SYS,0,0,7,123
2026-05-14T11:31:32,SYSTEM,SYS,0,0,8,8144
2026-05-14T11:31:32,SYSTEM,SYS,0,0,12,77
2026-05-14T11:31:56,SENSOR,SYS,0,0,22,44
2026-05-14T11:32:27,SENSOR,SYS,0,0,22,44
2026-05-14T11:32:33,SYSTEM,SYS,0,0,7,120
2026-05-14T11:32:33,SYSTEM,SYS,0,0,8,8144
2026-05-14T11:32:33,SYSTEM,SYS,0,0,12,77
2026-05-14T11:32:57,SENSOR,SYS,0,0,22,44
2026-05-14T11:33:28,SENSOR,SYS,0,0,22,44
2026-05-14T11:33:33,SYSTEM,SYS,0,0,7,123
2026-05-14T11:33:33,SYSTEM,SYS,0,0,8,8144
2026-05-14T11:33:33,SYSTEM,SYS,0,0,12,77
2026-05-14T11:33:58,SENSOR,SYS,0,0,22,44
2026-05-14T11:34:29,SENSOR,SYS,0,0,22,45
2026-05-14T11:34:33,SYSTEM,SYS,0,0,7,123
2026-05-14T11:34:33,SYSTEM,SYS,0,0,8,8144
2026-05-14T11:34:33,SYSTEM,SYS,0,0,12,77
2026-05-14T11:34:59,SENSOR,SYS,0,0,22,45
2026-05-14T11:35:30,SENSOR,SYS,0,0,22,45
2026-05-14T11:35:33,SYSTEM,SYS,0,0,7,123
2026-05-14T11:35:33,SYSTEM,SYS,0,0,8,8144
2026-05-14T11:35:33,SYSTEM,SYS,0,0,12,77
2026-05-14T11:36:00,SENSOR,SYS,0,0,22,45
2026-05-14T11:36:31,SENSOR,SYS,0,0,22,45
2026-05-14T11:36:33,SYSTEM,SYS,0,0,7,123
2026-05-14T11:36:33,SYSTEM,SYS,0,0,8,8144
2026-05-14T11:36:33,SYSTEM,SYS,0,0,12,77
2026-05-14T11:37:02,SENSOR,SYS,0,0,22,45
2026-05-14T11:37:33,SENSOR,SYS,0,0,22,45
2026-05-14T11:37:34,SYSTEM,SYS,0,0,7,123
2026-05-14T11:37:34,SYSTEM,SYS,0,0,8,8144
2026-05-14T11:37:34,SYSTEM,SYS,0,0,12,77
2026-05-14T11:38:03,SENSOR,SYS,0,0,22,45
2026-05-14T11:38:34,SENSOR,SYS,0,0,22,45
2026-05-14T11:38:34,SYSTEM,SYS,0,0,7,123
2026-05-14T11:38:34,SYSTEM,SYS,0,0,8,8144
2026-05-14T11:38:34,SYSTEM,SYS,0,0,12,77
2026-05-14T11:39:04,SENSOR,SYS,0,0,22,45
2026-05-14T11:39:34,SYSTEM,SYS,0,0,7,123
2026-05-14T11:39:34,SYSTEM,SYS,0,0,8,8144
2026-05-14T11:39:34,SYSTEM,SYS,0,0,12,77
2026-05-14T11:39:35,SENSOR,SYS,0,0,22,45
2026-05-14T11:40:05,SENSOR,SYS,0,0,22,45
2026-05-14T11:40:34,SYSTEM,SYS,0,0,7,123
2026-05-14T11:40:34,SYSTEM,SYS,0,0,8,8144
2026-05-14T11:40:34,SYSTEM,SYS,0,0,12,77
2026-05-14T11:40:36,SENSOR,SYS,0,0,22,45
2026-05-14T11:41:06,SENSOR,SYS,0,0,22,45
2026-05-14T11:41:34,SYSTEM,SYS,0,0,7,123
2026-05-14T11:41:34,SYSTEM,SYS,0,0,8,8144
2026-05-14T11:41:34,SYSTEM,SYS,0,0,12,77
2026-05-14T11:41:37,SENSOR,SYS,0,0,22,44
2026-05-14T11:42:08,SENSOR,SYS,0,0,22,44
2026-05-14T11:42:35,SYSTEM,SYS,0,0,7,123
2026-05-14T11:42:35,SYSTEM,SYS,0,0,8,8144
2026-05-14T11:42:35,SYSTEM,SYS,0,0,12,77
2026-05-14T11:42:39,SENSOR,SYS,0,0,22,44
2026-05-14T11:43:09,SENSOR,SYS,0,0,22,44
2026-05-14T11:43:35,SYSTEM,SYS,0,0,7,123
2026-05-14T11:43:35,SYSTEM,SYS,0,0,8,8144
2026-05-14T11:43:35,SYSTEM,SYS,0,0,12,77
2026-05-14T11:43:40,SENSOR,SYS,0,0,22,44
2026-05-14T11:44:10,SENSOR,SYS,0,0,22,44
2026-05-14T11:44:35,SYSTEM,SYS,0,0,7,123
2026-05-14T11:44:35,SYSTEM,SYS,0,0,8,8144
2026-05-14T11:44:35,SYSTEM,SYS,0,0,12,77
2026-05-14T11:44:41,SENSOR,SYS,0,0,22,44
2026-05-14T11:45:12,SENSOR,SYS,0,0,22,44
2026-05-14T11:45:36,SYSTEM,SYS,0,0,7,123
2026-05-14T11:45:36,SYSTEM,SYS,0,0,8,8144
2026-05-14T11:45:36,SYSTEM,SYS,0,0,12,77
2026-05-14T11:45:42,SENSOR,SYS,0,0,22,44
2026-05-14T11:46:13,SENSOR,SYS,0,0,22,44
2026-05-14T11:46:36,SYSTEM,SYS,0,0,7,123
2026-05-14T11:46:36,SYSTEM,SYS,0,0,8,8144
2026-05-14T11:46:36,SYSTEM,SYS,0,0,12,77
2026-05-14T11:46:43,SENSOR,SYS,0,0,22,44
2026-05-14T11:47:14,SENSOR,SYS,0,0,22,44
2026-05-14T11:47:36,SYSTEM,SYS,0,0,7,123
2026-05-14T11:47:36,SYSTEM,SYS,0,0,8,8144
2026-05-14T11:47:36,SYSTEM,SYS,0,0,12,77
2026-05-14T11:47:44,SENSOR,SYS,0,0,22,44
2026-05-14T11:48:15,SENSOR,SYS,0,0,22,44
2026-05-14T11:48:36,SYSTEM,SYS,0,0,7,123
2026-05-14T11:48:36,SYSTEM,SYS,0,0,8,8144
2026-05-14T11:48:36,SYSTEM,SYS,0,0,12,77
2026-05-14T11:48:46,SENSOR,SYS,0,0,22,44
2026-05-14T11:48:56,SYSTEM,SYS,0,0,0,0
2026-05-14T11:49:03,SYSTEM,SYS,0,0,1,0
2026-05-14T11:49:05,SYSTEM,SYS,0,0,2,0
2026-05-14T11:49:07,SYSTEM,SYS,0,0,7,269
2026-05-14T11:49:07,SYSTEM,SYS,0,0,8,8189
2026-05-14T11:49:07,SYSTEM,SYS,0,0,12,251
2026-05-14T11:49:07,SYSTEM,SYS,0,0,10,0
2026-05-14T11:49:07,SYSTEM,SYS,0,0,5,3
2026-05-14T11:49:07,SYSTEM,SYS,0,0,11,23688
2026-05-14T11:49:09,SYSTEM,WEB,0,0,1,0
2026-05-14T11:49:12,SYSTEM,SYS,0,0,1,1
2026-05-14T11:49:13,SYSTEM,SYS,0,0,2,1
2026-05-14T11:49:13,SYSTEM,SYS,0,0,4,1
2026-05-14T11:49:14,ALARM,SYS,0,0,2,0
2026-05-14T11:49:49,SENSOR,SYS,0,0,22,44
2026-05-14T11:50:11,SYSTEM,SYS,0,0,7,126
2026-05-14T11:50:11,SYSTEM,SYS,0,0,8,8144
2026-05-14T11:50:11,SYSTEM,SYS,0,0,12,77
2026-05-14T11:50:15,SENSOR,SYS,0,0,22,44
2026-05-14T11:50:46,SENSOR,SYS,0,0,22,44
2026-05-14T11:51:06,SYSTEM,SYS,0,0,7,126
2026-05-14T11:51:06,SYSTEM,SYS,0,0,8,8144
2026-05-14T11:51:06,SYSTEM,SYS,0,0,12,77
2026-05-14T11:51:16,SENSOR,SYS,0,0,22,44
2026-05-14T11:51:47,SENSOR,SYS,0,0,22,44
2026-05-14T11:52:06,SYSTEM,SYS,0,0,7,126
2026-05-14T11:52:06,SYSTEM,SYS,0,0,8,8144
2026-05-14T11:52:06,SYSTEM,SYS,0,0,12,77
2026-05-14T11:52:17,SENSOR,SYS,0,0,22,44
2026-05-14T11:52:48,SENSOR,SYS,0,0,22,44
2026-05-14T11:53:06,SYSTEM,SYS,0,0,7,126
2026-05-14T11:53:06,SYSTEM,SYS,0,0,8,8144
2026-05-14T11:53:06,SYSTEM,SYS,0,0,12,77
2026-05-14T11:53:19,SENSOR,SYS,0,0,22,44
2026-05-14T11:53:50,SENSOR,SYS,0,0,22,44
2026-05-14T11:54:07,SYSTEM,SYS,0,0,7,126
2026-05-14T11:54:07,SYSTEM,SYS,0,0,8,8144
2026-05-14T11:54:07,SYSTEM,SYS,0,0,12,77
2026-05-14T11:54:20,SENSOR,SYS,0,0,22,44
2026-05-14T11:54:51,SENSOR,SYS,0,0,22,44
2026-05-14T11:55:07,SYSTEM,SYS,0,0,7,126
2026-05-14T11:55:07,SYSTEM,SYS,0,0,8,8144
2026-05-14T11:55:07,SYSTEM,SYS,0,0,12,77
2026-05-14T11:55:21,SENSOR,SYS,0,0,22,44
2026-05-14T11:55:52,SENSOR,SYS,0,0,22,44
2026-05-14T11:56:07,SYSTEM,SYS,0,0,7,126
2026-05-14T11:56:07,SYSTEM,SYS,0,0,8,8144
2026-05-14T11:56:07,SYSTEM,SYS,0,0,12,77
2026-05-14T11:56:22,SENSOR,SYS,0,0,22,44
2026-05-14T11:56:53,SENSOR,SYS,0,0,22,44
2026-05-14T11:57:07,SYSTEM,SYS,0,0,7,126
2026-05-14T11:57:07,SYSTEM,SYS,0,0,8,8144
2026-05-14T11:57:07,SYSTEM,SYS,0,0,12,77
2026-05-14T11:57:23,SENSOR,SYS,0,0,22,44
2026-05-14T11:57:54,SENSOR,SYS,0,0,22,44
2026-05-14T11:58:08,SYSTEM,SYS,0,0,7,126
2026-05-14T11:58:08,SYSTEM,SYS,0,0,8,8144
2026-05-14T11:58:08,SYSTEM,SYS,0,0,12,77
2026-05-14T11:58:25,SENSOR,SYS,0,0,22,44
2026-05-14T11:58:56,SENSOR,SYS,0,0,22,44
2026-05-14T11:59:08,SYSTEM,SYS,0,0,7,124
2026-05-14T11:59:08,SYSTEM,SYS,0,0,8,8144
2026-05-14T11:59:08,SYSTEM,SYS,0,0,12,77
2026-05-14T11:59:26,SENSOR,SYS,0,0,22,44
2026-05-14T11:59:57,SENSOR,SYS,0,0,22,44
2026-05-14T12:00:08,SYSTEM,SYS,0,0,7,124
2026-05-14T12:00:08,SYSTEM,SYS,0,0,8,8144
2026-05-14T12:00:08,SYSTEM,SYS,0,0,12,77
2026-05-14T12:00:27,SENSOR,SYS,0,0,22,44
2026-05-14T12:00:58,SENSOR,SYS,0,0,22,44
2026-05-14T12:01:08,SYSTEM,SYS,0,0,7,121
2026-05-14T12:01:08,SYSTEM,SYS,0,0,8,8144
2026-05-14T12:01:08,SYSTEM,SYS,0,0,12,77
2026-05-14T12:01:28,SENSOR,SYS,0,0,22,44
2026-05-14T12:01:59,SENSOR,SYS,0,0,22,44
2026-05-14T12:02:08,SYSTEM,SYS,0,0,7,124
2026-05-14T12:02:08,SYSTEM,SYS,0,0,8,8144
2026-05-14T12:02:08,SYSTEM,SYS,0,0,12,77
2026-05-14T12:02:29,SENSOR,SYS,0,0,22,44
2026-05-14T12:03:00,SENSOR,SYS,0,0,22,44
2026-05-14T12:03:09,SYSTEM,SYS,0,0,7,124
2026-05-14T12:03:09,SYSTEM,SYS,0,0,8,8144
2026-05-14T12:03:09,SYSTEM,SYS,0,0,12,77
2026-05-14T12:03:31,SENSOR,SYS,0,0,22,44
2026-05-14T12:04:02,SENSOR,SYS,0,0,22,44
2026-05-14T12:04:09,SYSTEM,SYS,0,0,7,124
2026-05-14T12:04:09,SYSTEM,SYS,0,0,8,8144
2026-05-14T12:04:09,SYSTEM,SYS,0,0,12,77
2026-05-14T12:04:32,SENSOR,SYS,0,0,22,44
2026-05-14T12:05:02,SENSOR,SYS,0,0,22,44
2026-05-14T12:05:09,SYSTEM,SYS,0,0,7,123
2026-05-14T12:05:09,SYSTEM,SYS,0,0,8,8144
2026-05-14T12:05:09,SYSTEM,SYS,0,0,12,77
2026-05-14T12:05:33,SENSOR,SYS,0,0,22,44
2026-05-14T12:06:04,SENSOR,SYS,0,0,22,44
2026-05-14T12:06:10,SYSTEM,SYS,0,0,7,123
2026-05-14T12:06:10,SYSTEM,SYS,0,0,8,8144
2026-05-14T12:06:10,SYSTEM,SYS,0,0,12,77
2026-05-14T12:06:35,SENSOR,SYS,0,0,22,44
2026-05-14T12:07:05,SENSOR,SYS,0,0,22,44
2026-05-14T12:07:10,SYSTEM,SYS,0,0,7,123
2026-05-14T12:07:10,SYSTEM,SYS,0,0,8,8144
2026-05-14T12:07:10,SYSTEM,SYS,0,0,12,77
2026-05-14T12:07:36,SENSOR,SYS,0,0,22,44
2026-05-14T12:08:06,SENSOR,SYS,0,0,22,44
2026-05-14T12:08:10,SYSTEM,SYS,0,0,7,123
2026-05-14T12:08:10,SYSTEM,SYS,0,0,8,8144
2026-05-14T12:08:10,SYSTEM,SYS,0,0,12,77
2026-05-14T12:08:37,SENSOR,SYS,0,0,22,44
2026-05-14T12:09:07,SENSOR,SYS,0,0,22,44
2026-05-14T12:09:10,SYSTEM,SYS,0,0,7,123
2026-05-14T12:09:10,SYSTEM,SYS,0,0,8,8144
2026-05-14T12:09:10,SYSTEM,SYS,0,0,12,77
2026-05-14T12:09:38,SENSOR,SYS,0,0,22,44
2026-05-14T12:10:08,SENSOR,SYS,0,0,22,44
2026-05-14T12:10:10,SYSTEM,SYS,0,0,7,121
2026-05-14T12:10:10,SYSTEM,SYS,0,0,8,8144
2026-05-14T12:10:10,SYSTEM,SYS,0,0,12,77
2026-05-14T12:10:39,SENSOR,SYS,0,0,22,44
2026-05-14T12:11:09,SENSOR,SYS,0,0,22,44
2026-05-14T12:11:10,SYSTEM,SYS,0,0,7,123
2026-05-14T12:11:10,SYSTEM,SYS,0,0,8,8144
2026-05-14T12:11:10,SYSTEM,SYS,0,0,12,77
2026-05-14T12:11:40,SENSOR,SYS,0,0,22,44
2026-05-14T12:12:11,SENSOR,SYS,0,0,22,43
2026-05-14T12:12:11,SYSTEM,SYS,0,0,7,123
2026-05-14T12:12:11,SYSTEM,SYS,0,0,8,8144
2026-05-14T12:12:11,SYSTEM,SYS,0,0,12,77
2026-05-14T12:12:42,SENSOR,SYS,0,0,22,43
2026-05-14T12:13:11,SYSTEM,SYS,0,0,7,123
2026-05-14T12:13:11,SYSTEM,SYS,0,0,8,8144
2026-05-14T12:13:11,SYSTEM,SYS,0,0,12,77
2026-05-14T12:13:12,SENSOR,SYS,0,0,22,43
2026-05-14T12:13:43,SENSOR,SYS,0,0,22,43
2026-05-14T12:14:11,SYSTEM,SYS,0,0,7,123
2026-05-14T12:14:11,SYSTEM,SYS,0,0,8,8144
2026-05-14T12:14:11,SYSTEM,SYS,0,0,12,77
2026-05-14T12:14:13,SENSOR,SYS,0,0,22,43
2026-05-14T12:14:44,SENSOR,SYS,0,0,22,43
2026-05-14T12:15:11,SYSTEM,SYS,0,0,7,123
2026-05-14T12:15:11,SYSTEM,SYS,0,0,8,8144
2026-05-14T12:15:11,SYSTEM,SYS,0,0,12,77
2026-05-14T12:15:14,SENSOR,SYS,0,0,22,43
2026-05-14T12:15:45,SENSOR,SYS,0,0,23,43
2026-05-14T12:16:11,SYSTEM,SYS,0,0,7,123
2026-05-14T12:16:11,SYSTEM,SYS,0,0,8,8144
2026-05-14T12:16:11,SYSTEM,SYS,0,0,12,77
2026-05-14T12:16:15,SENSOR,SYS,0,0,23,43
2026-05-14T12:16:46,SENSOR,SYS,0,0,23,43
2026-05-14T12:17:12,SYSTEM,SYS,0,0,7,123
2026-05-14T12:17:12,SYSTEM,SYS,0,0,8,8144
2026-05-14T12:17:12,SYSTEM,SYS,0,0,12,77
2026-05-14T12:17:17,SENSOR,SYS,0,0,23,42
2026-05-14T12:17:48,SENSOR,SYS,0,0,23,42
2026-05-14T12:18:12,SYSTEM,SYS,0,0,7,123
2026-05-14T12:18:12,SYSTEM,SYS,0,0,8,8144
2026-05-14T12:18:12,SYSTEM,SYS,0,0,12,77
2026-05-14T12:18:18,SENSOR,SYS,0,0,23,42
2026-05-14T12:18:49,SENSOR,SYS,0,0,23,42
2026-05-14T12:19:12,SYSTEM,SYS,0,0,7,121
2026-05-14T12:19:12,SYSTEM,SYS,0,0,8,8144
2026-05-14T12:19:12,SYSTEM,SYS,0,0,12,77
2026-05-14T12:19:19,SENSOR,SYS,0,0,24,42
2026-05-14T12:19:50,SENSOR,SYS,0,0,24,41
2026-05-14T12:20:13,SYSTEM,SYS,0,0,7,123
2026-05-14T12:20:13,SYSTEM,SYS,0,0,8,8144
2026-05-14T12:20:13,SYSTEM,SYS,0,0,12,77
2026-05-14T12:20:21,SENSOR,SYS,0,0,24,41
2026-05-14T12:20:51,SENSOR,SYS,0,0,24,41
2026-05-14T12:21:13,SYSTEM,SYS,0,0,7,123
2026-05-14T12:21:13,SYSTEM,SYS,0,0,8,8144
2026-05-14T12:21:13,SYSTEM,SYS,0,0,12,77
2026-05-14T12:21:22,SENSOR,SYS,0,0,24,41
2026-05-14T12:21:52,SENSOR,SYS,0,0,24,41
2026-05-14T12:22:13,SYSTEM,SYS,0,0,7,123
2026-05-14T12:22:13,SYSTEM,SYS,0,0,8,8144
2026-05-14T12:22:13,SYSTEM,SYS,0,0,12,77
2026-05-14T12:22:23,SENSOR,SYS,0,0,24,40
2026-05-14T12:22:53,SENSOR,SYS,0,0,24,40
2026-05-14T12:23:13,SYSTEM,SYS,0,0,7,123
2026-05-14T12:23:13,SYSTEM,SYS,0,0,8,8144
2026-05-14T12:23:13,SYSTEM,SYS,0,0,12,77
2026-05-14T12:23:24,SENSOR,SYS,0,0,24,40
2026-05-14T12:23:54,SENSOR,SYS,0,0,24,40
2026-05-14T12:24:13,SYSTEM,SYS,0,0,7,123
2026-05-14T12:24:13,SYSTEM,SYS,0,0,8,8144
2026-05-14T12:24:13,SYSTEM,SYS,0,0,12,77
2026-05-14T12:24:25,SENSOR,SYS,0,0,24,39
2026-05-14T12:24:55,SENSOR,SYS,0,0,24,39
2026-05-14T12:25:13,SYSTEM,SYS,0,0,7,123
2026-05-14T12:25:13,SYSTEM,SYS,0,0,8,8144
2026-05-14T12:25:13,SYSTEM,SYS,0,0,12,77
2026-05-14T12:25:26,SENSOR,SYS,0,0,24,39
2026-05-14T12:25:57,SENSOR,SYS,0,0,24,39
2026-05-14T12:26:14,SYSTEM,SYS,0,0,7,123
2026-05-14T12:26:14,SYSTEM,SYS,0,0,8,8144
2026-05-14T12:26:14,SYSTEM,SYS,0,0,12,77
2026-05-14T12:26:28,SENSOR,SYS,0,0,24,39
2026-05-14T12:26:58,SENSOR,SYS,0,0,25,39
2026-05-14T12:27:14,SYSTEM,SYS,0,0,7,123
2026-05-14T12:27:14,SYSTEM,SYS,0,0,8,8144
2026-05-14T12:27:14,SYSTEM,SYS,0,0,12,77
2026-05-14T12:27:29,SENSOR,SYS,0,0,25,39
2026-05-14T12:27:59,SENSOR,SYS,0,0,25,39
2026-05-14T12:28:14,SYSTEM,SYS,0,0,7,121
2026-05-14T12:28:14,SYSTEM,SYS,0,0,8,8144
2026-05-14T12:28:14,SYSTEM,SYS,0,0,12,77
2026-05-14T12:28:30,SENSOR,SYS,0,0,25,39
2026-05-14T12:29:00,SENSOR,SYS,0,0,25,39
2026-05-14T12:29:14,SYSTEM,SYS,0,0,7,123
2026-05-14T12:29:14,SYSTEM,SYS,0,0,8,8144
2026-05-14T12:29:14,SYSTEM,SYS,0,0,12,77
2026-05-14T12:29:31,SENSOR,SYS,0,0,25,38
2026-05-14T12:30:01,SENSOR,SYS,0,0,25,38
2026-05-14T12:30:15,SYSTEM,SYS,0,0,7,123
2026-05-14T12:30:15,SYSTEM,SYS,0,0,8,8144
2026-05-14T12:30:15,SYSTEM,SYS,0,0,12,77
2026-05-14T12:30:32,SENSOR,SYS,0,0,25,38
2026-05-14T12:31:03,SENSOR,SYS,0,0,25,38
2026-05-14T12:31:16,SYSTEM,SYS,0,0,7,123
2026-05-14T12:31:16,SYSTEM,SYS,0,0,8,8144
2026-05-14T12:31:16,SYSTEM,SYS,0,0,12,77
2026-05-14T12:31:34,SENSOR,SYS,0,0,25,38
2026-05-14T12:32:04,SENSOR,SYS,0,0,25,38
2026-05-14T12:32:16,SYSTEM,SYS,0,0,7,123
2026-05-14T12:32:16,SYSTEM,SYS,0,0,8,8144
2026-05-14T12:32:16,SYSTEM,SYS,0,0,12,77
2026-05-14T12:32:35,SENSOR,SYS,0,0,25,38
2026-05-14T12:33:05,SENSOR,SYS,0,0,25,38
2026-05-14T12:33:16,SYSTEM,SYS,0,0,7,123
2026-05-14T12:33:16,SYSTEM,SYS,0,0,8,8144
2026-05-14T12:33:16,SYSTEM,SYS,0,0,12,77
2026-05-14T12:33:36,SENSOR,SYS,0,0,25,38
2026-05-14T12:34:06,SENSOR,SYS,0,0,25,38
2026-05-14T12:34:16,SYSTEM,SYS,0,0,7,123
2026-05-14T12:34:16,SYSTEM,SYS,0,0,8,8144
2026-05-14T12:34:16,SYSTEM,SYS,0,0,12,77
2026-05-14T12:34:37,SENSOR,SYS,0,0,25,38
2026-05-14T12:35:07,SENSOR,SYS,0,0,25,38
2026-05-14T12:35:16,SYSTEM,SYS,0,0,7,123
2026-05-14T12:35:16,SYSTEM,SYS,0,0,8,8144
2026-05-14T12:35:16,SYSTEM,SYS,0,0,12,77
2026-05-14T12:35:38,SENSOR,SYS,0,0,25,38
2026-05-14T12:36:09,SENSOR,SYS,0,0,25,38
2026-05-14T12:36:16,SYSTEM,SYS,0,0,7,123
2026-05-14T12:36:16,SYSTEM,SYS,0,0,8,8144
2026-05-14T12:36:16,SYSTEM,SYS,0,0,12,77
2026-05-14T12:36:39,SENSOR,SYS,0,0,25,38
2026-05-14T12:37:10,SENSOR,SYS,0,0,25,38
2026-05-14T12:37:16,SYSTEM,SYS,0,0,7,123
2026-05-14T12:37:16,SYSTEM,SYS,0,0,8,8144
2026-05-14T12:37:16,SYSTEM,SYS,0,0,12,77
2026-05-14T12:37:40,SENSOR,SYS,0,0,25,38
2026-05-14T12:38:11,SENSOR,SYS,0,0,25,38
2026-05-14T12:38:16,SYSTEM,SYS,0,0,7,123
2026-05-14T12:38:16,SYSTEM,SYS,0,0,8,8144
2026-05-14T12:38:16,SYSTEM,SYS,0,0,12,77
2026-05-14T12:38:42,SENSOR,SYS,0,0,25,38
2026-05-14T12:39:13,SENSOR,SYS,0,0,25,38
2026-05-14T12:39:17,SYSTEM,SYS,0,0,7,120
2026-05-14T12:39:17,SYSTEM,SYS,0,0,8,8144
2026-05-14T12:39:17,SYSTEM,SYS,0,0,12,77
2026-05-14T12:39:43,SENSOR,SYS,0,0,25,38
2026-05-14T12:40:14,SENSOR,SYS,0,0,25,38
2026-05-14T12:40:18,SYSTEM,SYS,0,0,7,122
2026-05-14T12:40:18,SYSTEM,SYS,0,0,8,8144
2026-05-14T12:40:18,SYSTEM,SYS,0,0,12,77
2026-05-14T12:40:44,SENSOR,SYS,0,0,25,38
2026-05-14T12:41:15,SENSOR,SYS,0,0,25,38
2026-05-14T12:41:18,SYSTEM,SYS,0,0,7,122
2026-05-14T12:41:18,SYSTEM,SYS,0,0,8,8144
2026-05-14T12:41:18,SYSTEM,SYS,0,0,12,77
2026-05-14T12:41:45,SENSOR,SYS,0,0,25,38
2026-05-14T12:42:16,SENSOR,SYS,0,0,25,38
2026-05-14T12:42:18,SYSTEM,SYS,0,0,7,123
2026-05-14T12:42:18,SYSTEM,SYS,0,0,8,8144
2026-05-14T12:42:18,SYSTEM,SYS,0,0,12,77
2026-05-14T12:42:46,SENSOR,SYS,0,0,25,38
2026-05-14T12:43:17,SENSOR,SYS,0,0,25,38
2026-05-14T12:43:18,SYSTEM,SYS,0,0,7,123
2026-05-14T12:43:18,SYSTEM,SYS,0,0,8,8144
2026-05-14T12:43:18,SYSTEM,SYS,0,0,12,77
2026-05-14T12:43:47,SENSOR,SYS,0,0,25,38
2026-05-14T12:44:18,SYSTEM,SYS,0,0,7,123
2026-05-14T12:44:18,SYSTEM,SYS,0,0,8,8144
2026-05-14T12:44:18,SYSTEM,SYS,0,0,12,77
2026-05-14T12:44:18,SENSOR,SYS,0,0,25,38
2026-05-14T12:44:49,SENSOR,SYS,0,0,25,38
2026-05-14T12:45:19,SYSTEM,SYS,0,0,7,123
2026-05-14T12:45:19,SYSTEM,SYS,0,0,8,8144
2026-05-14T12:45:19,SYSTEM,SYS,0,0,12,77
2026-05-14T12:45:20,SENSOR,SYS,0,0,25,38
2026-05-14T12:45:50,SENSOR,SYS,0,0,25,38
2026-05-14T12:46:19,SYSTEM,SYS,0,0,7,123
2026-05-14T12:46:19,SYSTEM,SYS,0,0,8,8144
2026-05-14T12:46:19,SYSTEM,SYS,0,0,12,77
2026-05-14T12:46:21,SENSOR,SYS,0,0,25,38
2026-05-14T12:46:51,SENSOR,SYS,0,0,25,38
2026-05-14T12:47:19,SYSTEM,SYS,0,0,7,123
2026-05-14T12:47:19,SYSTEM,SYS,0,0,8,8144
2026-05-14T12:47:19,SYSTEM,SYS,0,0,12,77
2026-05-14T12:47:22,SENSOR,SYS,0,0,25,38
2026-05-14T12:47:52,SENSOR,SYS,0,0,25,38
2026-05-14T12:48:19,SYSTEM,SYS,0,0,7,123
2026-05-14T12:48:19,SYSTEM,SYS,0,0,8,8144
2026-05-14T12:48:19,SYSTEM,SYS,0,0,12,77
2026-05-14T12:48:23,SENSOR,SYS,0,0,25,38
2026-05-14T12:48:53,SENSOR,SYS,0,0,25,38
2026-05-14T12:49:19,SYSTEM,SYS,0,0,7,123
2026-05-14T12:49:19,SYSTEM,SYS,0,0,8,8144
2026-05-14T12:49:19,SYSTEM,SYS,0,0,12,77
2026-05-14T12:49:24,SENSOR,SYS,0,0,25,38
2026-05-14T12:49:55,SENSOR,SYS,0,0,25,38
2026-05-14T12:50:20,SYSTEM,SYS,0,0,7,123
2026-05-14T12:50:20,SYSTEM,SYS,0,0,8,8144
2026-05-14T12:50:20,SYSTEM,SYS,0,0,12,77
2026-05-14T12:50:25,SENSOR,SYS,0,0,25,38
2026-05-14T12:50:56,SENSOR,SYS,0,0,25,38
2026-05-14T12:51:20,SYSTEM,SYS,0,0,7,122
2026-05-14T12:51:20,SYSTEM,SYS,0,0,8,8144
2026-05-14T12:51:20,SYSTEM,SYS,0,0,12,77
2026-05-14T12:51:26,SENSOR,SYS,0,0,25,38
2026-05-14T12:51:57,SENSOR,SYS,0,0,25,38
2026-05-14T12:52:20,SYSTEM,SYS,0,0,7,122
2026-05-14T12:52:20,SYSTEM,SYS,0,0,8,8144
2026-05-14T12:52:20,SYSTEM,SYS,0,0,12,77
2026-05-14T12:52:28,SENSOR,SYS,0,0,25,38
2026-05-14T12:52:59,SENSOR,SYS,0,0,25,38
2026-05-14T12:53:21,SYSTEM,SYS,0,0,7,123
2026-05-14T12:53:21,SYSTEM,SYS,0,0,8,8144
2026-05-14T12:53:21,SYSTEM,SYS,0,0,12,77
2026-05-14T12:53:29,SENSOR,SYS,0,0,25,38
2026-05-14T12:54:00,SENSOR,SYS,0,0,25,38
2026-05-14T12:54:21,SYSTEM,SYS,0,0,7,120
2026-05-14T12:54:21,SYSTEM,SYS,0,0,8,8144
2026-05-14T12:54:21,SYSTEM,SYS,0,0,12,77
2026-05-14T12:54:30,SENSOR,SYS,0,0,25,38
2026-05-14T12:55:01,SENSOR,SYS,0,0,25,38
2026-05-14T12:55:21,SYSTEM,SYS,0,0,7,123
2026-05-14T12:55:21,SYSTEM,SYS,0,0,8,8144
2026-05-14T12:55:21,SYSTEM,SYS,0,0,12,77
2026-05-14T12:55:31,SENSOR,SYS,0,0,25,38
2026-05-14T12:56:02,SENSOR,SYS,0,0,25,38
2026-05-14T12:56:20,SYSTEM,SYS,0,0,7,122
2026-05-14T12:56:20,SYSTEM,SYS,0,0,8,8144
2026-05-14T12:56:20,SYSTEM,SYS,0,0,12,77
2026-05-14T12:56:32,SENSOR,SYS,0,0,25,38
2026-05-14T12:57:03,SENSOR,SYS,0,0,25,38
2026-05-14T12:57:21,SYSTEM,SYS,0,0,7,123
2026-05-14T12:57:21,SYSTEM,SYS,0,0,8,8144
2026-05-14T12:57:21,SYSTEM,SYS,0,0,12,77
2026-05-14T12:57:33,SENSOR,SYS,0,0,25,38
2026-05-14T12:58:04,SENSOR,SYS,0,0,25,38
2026-05-14T12:58:22,SYSTEM,SYS,0,0,7,123
2026-05-14T12:58:22,SYSTEM,SYS,0,0,8,8144
2026-05-14T12:58:22,SYSTEM,SYS,0,0,12,77
2026-05-14T12:58:35,SENSOR,SYS,0,0,25,39
2026-05-14T12:59:06,SENSOR,SYS,0,0,25,39
2026-05-14T12:59:22,SYSTEM,SYS,0,0,7,123
2026-05-14T12:59:22,SYSTEM,SYS,0,0,8,8144
2026-05-14T12:59:22,SYSTEM,SYS,0,0,12,77
2026-05-14T12:59:36,SENSOR,SYS,0,0,25,39
2026-05-14T13:00:07,SENSOR,SYS,0,0,25,39
2026-05-14T13:00:22,SYSTEM,SYS,0,0,7,123
2026-05-14T13:00:22,SYSTEM,SYS,0,0,8,8144
2026-05-14T13:00:22,SYSTEM,SYS,0,0,12,77
2026-05-14T13:00:37,SENSOR,SYS,0,0,25,39
2026-05-14T13:01:08,SENSOR,SYS,0,0,25,39
2026-05-14T13:01:22,SYSTEM,SYS,0,0,7,123
2026-05-14T13:01:22,SYSTEM,SYS,0,0,8,8144
2026-05-14T13:01:22,SYSTEM,SYS,0,0,12,77
2026-05-14T13:01:38,SENSOR,SYS,0,0,25,39
2026-05-14T13:02:09,SENSOR,SYS,0,0,25,39
2026-05-14T13:02:22,SYSTEM,SYS,0,0,7,123
2026-05-14T13:02:22,SYSTEM,SYS,0,0,8,8144
2026-05-14T13:02:22,SYSTEM,SYS,0,0,12,77
2026-05-14T13:02:39,SENSOR,SYS,0,0,25,39
2026-05-14T13:03:10,SENSOR,SYS,0,0,25,39
2026-05-14T13:03:23,SYSTEM,SYS,0,0,7,120
2026-05-14T13:03:23,SYSTEM,SYS,0,0,8,8144
2026-05-14T13:03:23,SYSTEM,SYS,0,0,12,77
2026-05-14T13:03:41,SENSOR,SYS,0,0,25,39
2026-05-14T13:04:12,SENSOR,SYS,0,0,25,39
2026-05-14T13:04:23,SYSTEM,SYS,0,0,7,123
2026-05-14T13:04:23,SYSTEM,SYS,0,0,8,8144
2026-05-14T13:04:23,SYSTEM,SYS,0,0,12,77
2026-05-14T13:04:42,SENSOR,SYS,0,0,25,39
2026-05-14T13:05:13,SENSOR,SYS,0,0,25,39
2026-05-14T13:05:23,SYSTEM,SYS,0,0,7,123
2026-05-14T13:05:23,SYSTEM,SYS,0,0,8,8144
2026-05-14T13:05:23,SYSTEM,SYS,0,0,12,77
2026-05-14T13:05:43,SENSOR,SYS,0,0,25,39
2026-05-14T13:06:14,SENSOR,SYS,0,0,25,39
2026-05-14T13:06:23,SYSTEM,SYS,0,0,7,123
2026-05-14T13:06:23,SYSTEM,SYS,0,0,8,8144
2026-05-14T13:06:23,SYSTEM,SYS,0,0,12,77
2026-05-14T13:06:45,SENSOR,SYS,0,0,25,39
2026-05-14T13:07:15,SENSOR,SYS,0,0,25,39
2026-05-14T13:07:23,SYSTEM,SYS,0,0,7,123
2026-05-14T13:07:23,SYSTEM,SYS,0,0,8,8144
2026-05-14T13:07:23,SYSTEM,SYS,0,0,12,77
2026-05-14T13:07:46,SENSOR,SYS,0,0,25,39
2026-05-14T13:08:16,SENSOR,SYS,0,0,25,39
2026-05-14T13:08:23,SYSTEM,SYS,0,0,7,123
2026-05-14T13:08:23,SYSTEM,SYS,0,0,8,8144
2026-05-14T13:08:23,SYSTEM,SYS,0,0,12,77
2026-05-14T13:08:47,SENSOR,SYS,0,0,25,39
2026-05-14T13:09:17,SENSOR,SYS,0,0,25,39
2026-05-14T13:09:24,SYSTEM,SYS,0,0,7,123
2026-05-14T13:09:24,SYSTEM,SYS,0,0,8,8144
2026-05-14T13:09:24,SYSTEM,SYS,0,0,12,77
2026-05-14T13:09:48,SENSOR,SYS,0,0,25,39
2026-05-14T13:10:18,SENSOR,SYS,0,0,25,39
2026-05-14T13:10:24,SYSTEM,SYS,0,0,7,123
2026-05-14T13:10:24,SYSTEM,SYS,0,0,8,8144
2026-05-14T13:10:24,SYSTEM,SYS,0,0,12,77
2026-05-14T13:10:49,SENSOR,SYS,0,0,25,39
2026-05-14T13:11:20,SENSOR,SYS,0,0,25,39
2026-05-14T13:11:25,SYSTEM,SYS,0,0,7,123
2026-05-14T13:11:25,SYSTEM,SYS,0,0,8,8144
2026-05-14T13:11:25,SYSTEM,SYS,0,0,12,77
2026-05-14T13:11:51,SENSOR,SYS,0,0,25,39
2026-05-14T13:12:21,SENSOR,SYS,0,0,25,39
2026-05-14T13:12:25,SYSTEM,SYS,0,0,7,122
2026-05-14T13:12:25,SYSTEM,SYS,0,0,8,8144
2026-05-14T13:12:25,SYSTEM,SYS,0,0,12,77
2026-05-14T13:12:52,SENSOR,SYS,0,0,25,39
2026-05-14T13:13:22,SENSOR,SYS,0,0,25,39
2026-05-14T13:13:25,SYSTEM,SYS,0,0,7,123
2026-05-14T13:13:25,SYSTEM,SYS,0,0,8,8144
2026-05-14T13:13:25,SYSTEM,SYS,0,0,12,77
2026-05-14T13:13:53,SENSOR,SYS,0,0,25,39
2026-05-14T13:14:23,SENSOR,SYS,0,0,25,39
2026-05-14T13:14:25,SYSTEM,SYS,0,0,7,122
2026-05-14T13:14:25,SYSTEM,SYS,0,0,8,8144
2026-05-14T13:14:25,SYSTEM,SYS,0,0,12,77
2026-05-14T13:14:54,SENSOR,SYS,0,0,25,39
2026-05-14T13:15:24,SENSOR,SYS,0,0,25,39
2026-05-14T13:15:25,SYSTEM,SYS,0,0,7,123
2026-05-14T13:15:25,SYSTEM,SYS,0,0,8,8144
2026-05-14T13:15:25,SYSTEM,SYS,0,0,12,77
2026-05-14T13:15:55,SENSOR,SYS,0,0,25,39
2026-05-14T13:16:25,SYSTEM,SYS,0,0,7,125
2026-05-14T13:16:25,SYSTEM,SYS,0,0,8,8144
2026-05-14T13:16:25,SYSTEM,SYS,0,0,12,77
2026-05-14T13:16:25,SENSOR,SYS,0,0,25,39
2026-05-14T13:16:56,SENSOR,SYS,0,0,25,39
2026-05-14T13:17:26,SYSTEM,SYS,0,0,7,124
2026-05-14T13:17:26,SYSTEM,SYS,0,0,8,8144
2026-05-14T13:17:26,SYSTEM,SYS,0,0,12,77
2026-05-14T13:17:27,SENSOR,SYS,0,0,25,39
2026-05-14T13:17:58,SENSOR,SYS,0,0,25,39
2026-05-14T13:18:26,SYSTEM,SYS,0,0,7,124
2026-05-14T13:18:26,SYSTEM,SYS,0,0,8,8144
2026-05-14T13:18:26,SYSTEM,SYS,0,0,12,77
2026-05-14T13:18:28,SENSOR,SYS,0,0,25,39
2026-05-14T13:18:59,SENSOR,SYS,0,0,25,39
2026-05-14T13:19:26,SYSTEM,SYS,0,0,7,124
2026-05-14T13:19:26,SYSTEM,SYS,0,0,8,8144
2026-05-14T13:19:26,SYSTEM,SYS,0,0,12,77
2026-05-14T13:19:29,SENSOR,SYS,0,0,25,39
2026-05-14T13:20:00,SENSOR,SYS,0,0,25,39
2026-05-14T13:20:27,SYSTEM,SYS,0,0,7,124
2026-05-14T13:20:27,SYSTEM,SYS,0,0,8,8144
2026-05-14T13:20:27,SYSTEM,SYS,0,0,12,77
2026-05-14T13:20:31,SENSOR,SYS,0,0,25,39
2026-05-14T13:21:01,SENSOR,SYS,0,0,25,39
2026-05-14T13:21:26,SYSTEM,SYS,0,0,7,124
2026-05-14T13:21:26,SYSTEM,SYS,0,0,8,8144
2026-05-14T13:21:26,SYSTEM,SYS,0,0,12,77
2026-05-14T13:21:32,SENSOR,SYS,0,0,25,39
2026-05-14T13:22:02,SENSOR,SYS,0,0,25,39
2026-05-14T13:22:26,SYSTEM,SYS,0,0,7,124
2026-05-14T13:22:26,SYSTEM,SYS,0,0,8,8144
2026-05-14T13:22:26,SYSTEM,SYS,0,0,12,77
2026-05-14T13:22:33,SENSOR,SYS,0,0,25,39
2026-05-14T13:23:04,SENSOR,SYS,0,0,25,39
2026-05-14T13:23:27,SYSTEM,SYS,0,0,7,124
2026-05-14T13:23:27,SYSTEM,SYS,0,0,8,8144
2026-05-14T13:23:27,SYSTEM,SYS,0,0,12,77
2026-05-14T13:23:35,SENSOR,SYS,0,0,25,39
2026-05-14T13:24:05,SENSOR,SYS,0,0,25,39
2026-05-14T13:24:27,SYSTEM,SYS,0,0,7,124
2026-05-14T13:24:27,SYSTEM,SYS,0,0,8,8144
2026-05-14T13:24:27,SYSTEM,SYS,0,0,12,77
2026-05-14T13:24:36,SENSOR,SYS,0,0,25,39
2026-05-14T13:25:06,SENSOR,SYS,0,0,25,39
2026-05-14T13:25:27,SYSTEM,SYS,0,0,7,124
2026-05-14T13:25:27,SYSTEM,SYS,0,0,8,8144
2026-05-14T13:25:27,SYSTEM,SYS,0,0,12,77
2026-05-14T13:25:37,SENSOR,SYS,0,0,25,39
2026-05-14T13:26:07,SENSOR,SYS,0,0,25,39
2026-05-14T13:26:27,SYSTEM,SYS,0,0,7,124
2026-05-14T13:26:27,SYSTEM,SYS,0,0,8,8144
2026-05-14T13:26:27,SYSTEM,SYS,0,0,12,77
2026-05-14T13:26:38,SENSOR,SYS,0,0,25,39
2026-05-14T13:27:08,SENSOR,SYS,0,0,25,39
2026-05-14T13:27:28,SYSTEM,SYS,0,0,7,124
2026-05-14T13:27:28,SYSTEM,SYS,0,0,8,8144
2026-05-14T13:27:28,SYSTEM,SYS,0,0,12,77
2026-05-14T13:27:39,SENSOR,SYS,0,0,25,39
2026-05-14T13:28:09,SENSOR,SYS,0,0,25,39
2026-05-14T13:28:28,SYSTEM,SYS,0,0,7,124
2026-05-14T13:28:28,SYSTEM,SYS,0,0,8,8144
2026-05-14T13:28:28,SYSTEM,SYS,0,0,12,77
2026-05-14T13:28:40,SENSOR,SYS,0,0,25,39
2026-05-14T13:29:11,SENSOR,SYS,0,0,25,39
2026-05-14T13:29:29,SYSTEM,SYS,0,0,7,125
2026-05-14T13:29:29,SYSTEM,SYS,0,0,8,8144
2026-05-14T13:29:29,SYSTEM,SYS,0,0,12,77
2026-05-14T13:29:42,SENSOR,SYS,0,0,25,39
2026-05-14T13:30:12,SENSOR,SYS,0,0,25,39
2026-05-14T13:30:29,SYSTEM,SYS,0,0,7,124
2026-05-14T13:30:29,SYSTEM,SYS,0,0,8,8144
2026-05-14T13:30:29,SYSTEM,SYS,0,0,12,77
2026-05-14T13:30:43,SENSOR,SYS,0,0,25,39
2026-05-14T13:31:13,SENSOR,SYS,0,0,25,39
2026-05-14T13:31:29,SYSTEM,SYS,0,0,7,125
2026-05-14T13:31:29,SYSTEM,SYS,0,0,8,8144
2026-05-14T13:31:29,SYSTEM,SYS,0,0,12,77
2026-05-14T13:31:44,SENSOR,SYS,0,0,25,39
2026-05-14T13:32:14,SENSOR,SYS,0,0,25,39
2026-05-14T13:32:29,SYSTEM,SYS,0,0,7,124
2026-05-14T13:32:29,SYSTEM,SYS,0,0,8,8144
2026-05-14T13:32:29,SYSTEM,SYS,0,0,12,77
2026-05-14T13:32:45,SENSOR,SYS,0,0,25,39
2026-05-14T13:33:16,SENSOR,SYS,0,0,25,39
2026-05-14T13:33:29,SYSTEM,SYS,0,0,7,125
2026-05-14T13:33:29,SYSTEM,SYS,0,0,8,8144
2026-05-14T13:33:29,SYSTEM,SYS,0,0,12,77
2026-05-14T13:33:47,SENSOR,SYS,0,0,25,39
2026-05-14T13:34:17,SENSOR,SYS,0,0,25,39
2026-05-14T13:34:30,SYSTEM,SYS,0,0,7,125
2026-05-14T13:34:30,SYSTEM,SYS,0,0,8,8144
2026-05-14T13:34:30,SYSTEM,SYS,0,0,12,77
2026-05-14T13:34:48,SENSOR,SYS,0,0,25,39
2026-05-14T13:35:18,SENSOR,SYS,0,0,25,39
2026-05-14T13:35:30,SYSTEM,SYS,0,0,7,125
2026-05-14T13:35:30,SYSTEM,SYS,0,0,8,8144
2026-05-14T13:35:30,SYSTEM,SYS,0,0,12,77
2026-05-14T13:35:49,SENSOR,SYS,0,0,25,39
2026-05-14T13:36:19,SENSOR,SYS,0,0,25,39
2026-05-14T13:36:30,SYSTEM,SYS,0,0,7,124
2026-05-14T13:36:30,SYSTEM,SYS,0,0,8,8144
2026-05-14T13:36:30,SYSTEM,SYS,0,0,12,77
2026-05-14T13:36:50,SENSOR,SYS,0,0,25,39
2026-05-14T13:37:21,SENSOR,SYS,0,0,25,39
2026-05-14T13:37:30,SYSTEM,SYS,0,0,7,125
2026-05-14T13:37:30,SYSTEM,SYS,0,0,8,8144
2026-05-14T13:37:30,SYSTEM,SYS,0,0,12,77
2026-05-14T13:37:51,SENSOR,SYS,0,0,25,39
2026-05-14T13:38:22,SENSOR,SYS,0,0,25,39
2026-05-14T13:38:30,SYSTEM,SYS,0,0,7,124
2026-05-14T13:38:30,SYSTEM,SYS,0,0,8,8144
2026-05-14T13:38:30,SYSTEM,SYS,0,0,12,77
2026-05-14T13:38:53,SENSOR,SYS,0,0,25,39
2026-05-14T13:39:24,SENSOR,SYS,0,0,25,39
2026-05-14T13:39:31,SYSTEM,SYS,0,0,7,125
2026-05-14T13:39:31,SYSTEM,SYS,0,0,8,8144
2026-05-14T13:39:31,SYSTEM,SYS,0,0,12,77
2026-05-14T13:39:54,SENSOR,SYS,0,0,25,39
2026-05-14T13:40:25,SENSOR,SYS,0,0,25,39
2026-05-14T13:40:31,SYSTEM,SYS,0,0,7,125
2026-05-14T13:40:31,SYSTEM,SYS,0,0,8,8144
2026-05-14T13:40:31,SYSTEM,SYS,0,0,12,77
2026-05-14T13:40:55,SENSOR,SYS,0,0,25,39
2026-05-14T13:41:26,SENSOR,SYS,0,0,25,39
2026-05-14T13:41:31,SYSTEM,SYS,0,0,7,125
2026-05-14T13:41:31,SYSTEM,SYS,0,0,8,8144
2026-05-14T13:41:31,SYSTEM,SYS,0,0,12,77
2026-05-14T13:41:56,SENSOR,SYS,0,0,25,39
2026-05-14T13:42:27,SENSOR,SYS,0,0,25,39
2026-05-14T13:42:31,SYSTEM,SYS,0,0,7,124
2026-05-14T13:42:31,SYSTEM,SYS,0,0,8,8144
2026-05-14T13:42:31,SYSTEM,SYS,0,0,12,77
2026-05-14T13:42:57,SENSOR,SYS,0,0,25,39
2026-05-14T13:43:28,SENSOR,SYS,0,0,25,39
2026-05-14T13:43:31,SYSTEM,SYS,0,0,7,125
2026-05-14T13:43:31,SYSTEM,SYS,0,0,8,8144
2026-05-14T13:43:31,SYSTEM,SYS,0,0,12,77
2026-05-14T13:43:59,SENSOR,SYS,0,0,25,39
2026-05-14T13:44:30,SENSOR,SYS,0,0,25,40
2026-05-14T13:44:32,SYSTEM,SYS,0,0,7,124
2026-05-14T13:44:32,SYSTEM,SYS,0,0,8,8144
2026-05-14T13:44:32,SYSTEM,SYS,0,0,12,77
2026-05-14T13:45:00,SENSOR,SYS,0,0,25,40
2026-05-14T13:45:31,SENSOR,SYS,0,0,25,40
2026-05-14T13:45:32,SYSTEM,SYS,0,0,7,125
2026-05-14T13:45:32,SYSTEM,SYS,0,0,8,8144
2026-05-14T13:45:32,SYSTEM,SYS,0,0,12,77
2026-05-14T13:46:01,SENSOR,SYS,0,0,25,40
2026-05-14T13:46:32,SENSOR,SYS,0,0,25,40
2026-05-14T13:46:32,SYSTEM,SYS,0,0,7,125
2026-05-14T13:46:32,SYSTEM,SYS,0,0,8,8144
2026-05-14T13:46:32,SYSTEM,SYS,0,0,12,77
2026-05-14T13:47:02,SENSOR,SYS,0,0,25,40
2026-05-14T13:47:32,SYSTEM,SYS,0,0,7,125
2026-05-14T13:47:32,SYSTEM,SYS,0,0,8,8144
2026-05-14T13:47:32,SYSTEM,SYS,0,0,12,77
2026-05-14T13:47:33,SENSOR,SYS,0,0,25,40
2026-05-14T13:48:03,SENSOR,SYS,0,0,25,40
2026-05-14T13:48:32,SYSTEM,SYS,0,0,7,125
2026-05-14T13:48:32,SYSTEM,SYS,0,0,8,8144
2026-05-14T13:48:32,SYSTEM,SYS,0,0,12,77
2026-05-14T13:48:34,SENSOR,SYS,0,0,25,40
2026-05-14T13:49:04,SENSOR,SYS,0,0,25,40
2026-05-14T13:49:32,SYSTEM,SYS,0,0,7,125
2026-05-14T13:49:32,SYSTEM,SYS,0,0,8,8144
2026-05-14T13:49:32,SYSTEM,SYS,0,0,12,77
2026-05-14T13:49:35,SENSOR,SYS,0,0,25,40
2026-05-14T13:50:06,SENSOR,SYS,0,0,25,40
2026-05-14T13:50:33,SYSTEM,SYS,0,0,7,125
2026-05-14T13:50:33,SYSTEM,SYS,0,0,8,8144
2026-05-14T13:50:33,SYSTEM,SYS,0,0,12,77
2026-05-14T13:50:37,SENSOR,SYS,0,0,25,40
2026-05-14T13:51:07,SENSOR,SYS,0,0,25,40
2026-05-14T13:51:33,SYSTEM,SYS,0,0,7,125
2026-05-14T13:51:33,SYSTEM,SYS,0,0,8,8144
2026-05-14T13:51:33,SYSTEM,SYS,0,0,12,77
2026-05-14T13:51:37,SENSOR,SYS,0,0,25,40
2026-05-14T13:52:08,SENSOR,SYS,0,0,25,40
2026-05-14T13:52:33,SYSTEM,SYS,0,0,7,125
2026-05-14T13:52:33,SYSTEM,SYS,0,0,8,8144
2026-05-14T13:52:33,SYSTEM,SYS,0,0,12,77
2026-05-14T13:52:39,SENSOR,SYS,0,0,25,40
2026-05-14T13:53:10,SENSOR,SYS,0,0,25,40
2026-05-14T13:53:34,SYSTEM,SYS,0,0,7,125
2026-05-14T13:53:34,SYSTEM,SYS,0,0,8,8144
2026-05-14T13:53:34,SYSTEM,SYS,0,0,12,77
2026-05-14T13:53:40,SENSOR,SYS,0,0,25,40
2026-05-14T13:54:11,SENSOR,SYS,0,0,25,40
2026-05-14T13:54:34,SYSTEM,SYS,0,0,7,125
2026-05-14T13:54:34,SYSTEM,SYS,0,0,8,8144
2026-05-14T13:54:34,SYSTEM,SYS,0,0,12,77
2026-05-14T13:54:41,SENSOR,SYS,0,0,25,40
2026-05-14T13:55:12,SENSOR,SYS,0,0,25,40
2026-05-14T13:55:34,SYSTEM,SYS,0,0,7,125
2026-05-14T13:55:34,SYSTEM,SYS,0,0,8,8144
2026-05-14T13:55:34,SYSTEM,SYS,0,0,12,77
2026-05-14T13:55:42,SENSOR,SYS,0,0,25,40
2026-05-14T13:56:13,SENSOR,SYS,0,0,25,40
2026-05-14T13:56:34,SYSTEM,SYS,0,0,7,125
2026-05-14T13:56:34,SYSTEM,SYS,0,0,8,8144
2026-05-14T13:56:34,SYSTEM,SYS,0,0,12,77
2026-05-14T13:56:33,ALARM,SYS,0,0,1,0
2026-05-14T13:56:44,SENSOR,SYS,0,0,25,40
2026-05-14T13:56:33,ALARM,SYS,0,0,-1,0
2026-05-14T13:57:14,SENSOR,SYS,0,0,25,40
2026-05-14T13:57:35,SYSTEM,SYS,0,0,7,123
2026-05-14T13:57:35,SYSTEM,SYS,0,0,8,8144
2026-05-14T13:57:35,SYSTEM,SYS,0,0,12,77
2026-05-14T13:57:45,SENSOR,SYS,0,0,25,40
2026-05-14T13:58:16,SENSOR,SYS,0,0,25,40
2026-05-14T13:58:35,SYSTEM,SYS,0,0,7,123
2026-05-14T13:58:35,SYSTEM,SYS,0,0,8,8144
2026-05-14T13:58:35,SYSTEM,SYS,0,0,12,77
2026-05-14T13:58:47,SENSOR,SYS,0,0,25,40
2026-05-14T13:59:18,SENSOR,SYS,0,0,25,40
2026-05-14T13:59:35,SYSTEM,SYS,0,0,7,123
2026-05-14T13:59:35,SYSTEM,SYS,0,0,8,8144
2026-05-14T13:59:35,SYSTEM,SYS,0,0,12,77
2026-05-14T13:59:48,SENSOR,SYS,0,0,25,40
2026-05-14T14:00:19,SENSOR,SYS,0,0,25,40
2026-05-14T14:00:35,SYSTEM,SYS,0,0,7,122
2026-05-14T14:00:35,SYSTEM,SYS,0,0,8,8144
2026-05-14T14:00:35,SYSTEM,SYS,0,0,12,77
2026-05-14T14:00:49,SENSOR,SYS,0,0,25,40
2026-05-14T14:01:20,SENSOR,SYS,0,0,25,40
2026-05-14T14:01:35,SYSTEM,SYS,0,0,7,122
2026-05-14T14:01:35,SYSTEM,SYS,0,0,8,8144
2026-05-14T14:01:35,SYSTEM,SYS,0,0,12,77
2026-05-14T14:01:50,SENSOR,SYS,0,0,25,40
2026-05-14T14:02:21,SENSOR,SYS,0,0,25,40
2026-05-14T14:02:35,SYSTEM,SYS,0,0,7,122
2026-05-14T14:02:35,SYSTEM,SYS,0,0,8,8144
2026-05-14T14:02:35,SYSTEM,SYS,0,0,12,77
2026-05-14T14:02:51,SENSOR,SYS,0,0,25,40
2026-05-14T14:03:22,SENSOR,SYS,0,0,25,40
2026-05-14T14:03:36,SYSTEM,SYS,0,0,7,122
2026-05-14T14:03:36,SYSTEM,SYS,0,0,8,8144
2026-05-14T14:03:36,SYSTEM,SYS,0,0,12,77
2026-05-14T14:03:53,SENSOR,SYS,0,0,25,40
2026-05-14T14:04:24,SENSOR,SYS,0,0,25,40
2026-05-14T14:04:36,SYSTEM,SYS,0,0,7,122
2026-05-14T14:04:36,SYSTEM,SYS,0,0,8,8144
2026-05-14T14:04:36,SYSTEM,SYS,0,0,12,77
2026-05-14T14:04:54,SENSOR,SYS,0,0,25,40
2026-05-14T14:05:25,SENSOR,SYS,0,0,25,40
2026-05-14T14:05:37,SYSTEM,SYS,0,0,7,122
2026-05-14T14:05:37,SYSTEM,SYS,0,0,8,8144
2026-05-14T14:05:37,SYSTEM,SYS,0,0,12,77
2026-05-14T14:05:55,SENSOR,SYS,0,0,25,40
2026-05-14T14:06:25,SENSOR,SYS,0,0,25,40
2026-05-14T14:06:36,SYSTEM,SYS,0,0,7,122
2026-05-14T14:06:36,SYSTEM,SYS,0,0,8,8144
2026-05-14T14:06:36,SYSTEM,SYS,0,0,12,77
2026-05-14T14:06:56,SENSOR,SYS,0,0,25,40
2026-05-14T14:07:27,SENSOR,SYS,0,0,25,40
2026-05-14T14:07:37,SYSTEM,SYS,0,0,7,122
2026-05-14T14:07:37,SYSTEM,SYS,0,0,8,8144
2026-05-14T14:07:37,SYSTEM,SYS,0,0,12,77
2026-05-14T14:07:58,SENSOR,SYS,0,0,25,40
2026-05-14T14:08:06,SYSTEM,SYS,0,0,0,0
2026-05-14T14:08:13,SYSTEM,SYS,0,0,1,0
2026-05-14T14:08:17,SYSTEM,SYS,0,0,2,0
2026-05-14T14:08:18,SYSTEM,SYS,0,0,7,269
2026-05-14T14:08:18,SYSTEM,SYS,0,0,8,8189
2026-05-14T14:08:18,SYSTEM,SYS,0,0,12,251
2026-05-14T14:08:18,SYSTEM,SYS,0,0,10,0
2026-05-14T14:08:19,SYSTEM,SYS,0,0,5,3
2026-05-14T14:08:19,SYSTEM,SYS,0,0,11,23688
2026-05-14T14:08:21,SYSTEM,WEB,0,0,1,0
2026-05-14T14:08:24,SYSTEM,SYS,0,0,1,1
2026-05-14T14:08:25,SYSTEM,SYS,0,0,2,1
2026-05-14T14:08:25,SYSTEM,SYS,0,0,4,1
2026-05-14T14:08:26,ALARM,SYS,0,0,2,0
2026-05-14T14:08:57,SENSOR,SYS,0,0,25,41
2026-05-14T14:09:19,SYSTEM,SYS,0,0,7,126
2026-05-14T14:09:19,SYSTEM,SYS,0,0,8,8144
2026-05-14T14:09:19,SYSTEM,SYS,0,0,12,77
2026-05-14T14:09:27,SENSOR,SYS,0,0,25,41
2026-05-14T14:09:58,SENSOR,SYS,0,0,24,41
2026-05-14T14:10:18,SYSTEM,SYS,0,0,7,126
2026-05-14T14:10:18,SYSTEM,SYS,0,0,8,8144
2026-05-14T14:10:18,SYSTEM,SYS,0,0,12,77
2026-05-14T14:10:28,SENSOR,SYS,0,0,24,41
2026-05-14T14:11:04,SENSOR,SYS,0,0,24,41
2026-05-14T14:11:23,SYSTEM,SYS,0,0,7,126
2026-05-14T14:11:23,SYSTEM,SYS,0,0,8,8144
2026-05-14T14:11:23,SYSTEM,SYS,0,0,12,77
2026-05-14T14:11:30,SENSOR,SYS,0,0,24,41
2026-05-14T14:12:01,SENSOR,SYS,0,0,24,41
2026-05-14T14:12:19,SYSTEM,SYS,0,0,7,126
2026-05-14T14:12:19,SYSTEM,SYS,0,0,8,8144
2026-05-14T14:12:19,SYSTEM,SYS,0,0,12,77
2026-05-14T14:12:31,SENSOR,SYS,0,0,24,41
2026-05-14T14:13:02,SENSOR,SYS,0,0,24,41
2026-05-14T14:13:19,SYSTEM,SYS,0,0,7,126
2026-05-14T14:13:19,SYSTEM,SYS,0,0,8,8144
2026-05-14T14:13:19,SYSTEM,SYS,0,0,12,77
2026-05-14T14:13:32,SENSOR,SYS,0,0,24,41
2026-05-14T14:14:03,SENSOR,SYS,0,0,24,41
2026-05-14T14:14:19,SYSTEM,SYS,0,0,7,126
2026-05-14T14:14:19,SYSTEM,SYS,0,0,8,8144
2026-05-14T14:14:19,SYSTEM,SYS,0,0,12,77
2026-05-14T14:14:33,SENSOR,SYS,0,0,24,41
2026-05-14T14:15:04,SENSOR,SYS,0,0,24,41
2026-05-14T14:15:19,SYSTEM,SYS,0,0,7,126
2026-05-14T14:15:19,SYSTEM,SYS,0,0,8,8144
2026-05-14T14:15:19,SYSTEM,SYS,0,0,12,77
2026-05-14T14:15:34,SENSOR,SYS,0,0,24,41
2026-05-14T14:16:05,SENSOR,SYS,0,0,24,41
2026-05-14T14:16:20,SYSTEM,SYS,0,0,7,126
2026-05-14T14:16:20,SYSTEM,SYS,0,0,8,8144
2026-05-14T14:16:20,SYSTEM,SYS,0,0,12,77
2026-05-14T14:16:36,SENSOR,SYS,0,0,24,41
2026-05-14T14:17:07,SENSOR,SYS,0,0,24,41
2026-05-14T14:17:20,SYSTEM,SYS,0,0,7,126
2026-05-14T14:17:20,SYSTEM,SYS,0,0,8,8144
2026-05-14T14:17:20,SYSTEM,SYS,0,0,12,77
2026-05-14T14:17:37,SENSOR,SYS,0,0,24,41
2026-05-14T14:18:08,SENSOR,SYS,0,0,24,41
2026-05-14T14:18:20,SYSTEM,SYS,0,0,7,124
2026-05-14T14:18:20,SYSTEM,SYS,0,0,8,8144
2026-05-14T14:18:20,SYSTEM,SYS,0,0,12,77
2026-05-14T14:18:38,SENSOR,SYS,0,0,24,41
2026-05-14T14:19:09,SENSOR,SYS,0,0,24,41
2026-05-14T14:19:20,SYSTEM,SYS,0,0,7,121
2026-05-14T14:19:20,SYSTEM,SYS,0,0,8,8144
2026-05-14T14:19:20,SYSTEM,SYS,0,0,12,77
2026-05-14T14:19:39,SENSOR,SYS,0,0,24,41
2026-05-14T14:20:10,SENSOR,SYS,0,0,24,41
2026-05-14T14:20:21,SYSTEM,SYS,0,0,7,125
2026-05-14T14:20:21,SYSTEM,SYS,0,0,8,8144
2026-05-14T14:20:21,SYSTEM,SYS,0,0,12,77
2026-05-14T14:20:41,SENSOR,SYS,0,0,24,41
2026-05-14T14:21:12,SENSOR,SYS,0,0,24,41
2026-05-14T14:21:21,SYSTEM,SYS,0,0,7,126
2026-05-14T14:21:21,SYSTEM,SYS,0,0,8,8144
2026-05-14T14:21:21,SYSTEM,SYS,0,0,12,77
2026-05-14T14:21:42,SENSOR,SYS,0,0,24,41
2026-05-14T14:22:13,SENSOR,SYS,0,0,24,41
2026-05-14T14:22:21,SYSTEM,SYS,0,0,7,126
2026-05-14T14:22:21,SYSTEM,SYS,0,0,8,8144
2026-05-14T14:22:21,SYSTEM,SYS,0,0,12,77
2026-05-14T14:22:43,SENSOR,SYS,0,0,24,41
2026-05-14T14:23:14,SENSOR,SYS,0,0,24,41
2026-05-14T14:23:21,SYSTEM,SYS,0,0,7,126
2026-05-14T14:23:21,SYSTEM,SYS,0,0,8,8144
2026-05-14T14:23:21,SYSTEM,SYS,0,0,12,77
2026-05-14T14:23:44,SENSOR,SYS,0,0,24,41
2026-05-14T14:24:15,SENSOR,SYS,0,0,24,41
2026-05-14T14:24:22,SYSTEM,SYS,0,0,7,126
2026-05-14T14:24:22,SYSTEM,SYS,0,0,8,8144
2026-05-14T14:24:22,SYSTEM,SYS,0,0,12,77
2026-05-14T14:24:46,SENSOR,SYS,0,0,24,41
2026-05-14T14:25:16,SENSOR,SYS,0,0,24,41
2026-05-14T14:25:22,SYSTEM,SYS,0,0,7,126
2026-05-14T14:25:22,SYSTEM,SYS,0,0,8,8144
2026-05-14T14:25:22,SYSTEM,SYS,0,0,12,77
2026-05-14T14:25:47,SENSOR,SYS,0,0,24,41
2026-05-14T14:26:17,SENSOR,SYS,0,0,24,41
2026-05-14T14:26:22,SYSTEM,SYS,0,0,7,126
2026-05-14T14:26:22,SYSTEM,SYS,0,0,8,8144
2026-05-14T14:26:22,SYSTEM,SYS,0,0,12,77
2026-05-14T14:26:48,SENSOR,SYS,0,0,24,41
2026-05-14T14:27:18,SENSOR,SYS,0,0,24,41
2026-05-14T14:27:22,SYSTEM,SYS,0,0,7,126
2026-05-14T14:27:22,SYSTEM,SYS,0,0,8,8144
2026-05-14T14:27:22,SYSTEM,SYS,0,0,12,77
2026-05-14T14:27:49,SENSOR,SYS,0,0,24,41
2026-05-14T14:28:19,SENSOR,SYS,0,0,24,41
2026-05-14T14:28:22,SYSTEM,SYS,0,0,7,126
2026-05-14T14:28:22,SYSTEM,SYS,0,0,8,8144
2026-05-14T14:28:22,SYSTEM,SYS,0,0,12,77
2026-05-14T14:28:50,SENSOR,SYS,0,0,24,41
2026-05-14T14:29:21,SENSOR,SYS,0,0,24,41
2026-05-14T14:29:23,SYSTEM,SYS,0,0,7,126
2026-05-14T14:29:23,SYSTEM,SYS,0,0,8,8144
2026-05-14T14:29:23,SYSTEM,SYS,0,0,12,77
2026-05-14T14:29:52,SENSOR,SYS,0,0,24,41
2026-05-14T14:30:22,SENSOR,SYS,0,0,24,41
2026-05-14T14:30:23,SYSTEM,SYS,0,0,7,125
2026-05-14T14:30:23,SYSTEM,SYS,0,0,8,8144
2026-05-14T14:30:23,SYSTEM,SYS,0,0,12,77
2026-05-14T14:30:53,SENSOR,SYS,0,0,24,41
2026-05-14T14:31:23,SYSTEM,SYS,0,0,7,126
2026-05-14T14:31:23,SYSTEM,SYS,0,0,8,8144
2026-05-14T14:31:23,SYSTEM,SYS,0,0,12,77
2026-05-14T14:31:23,SENSOR,SYS,0,0,24,41
2026-05-14T14:31:54,SENSOR,SYS,0,0,24,41
2026-05-14T14:32:23,SYSTEM,SYS,0,0,7,126
2026-05-14T14:32:23,SYSTEM,SYS,0,0,8,8144
2026-05-14T14:32:23,SYSTEM,SYS,0,0,12,77
2026-05-14T14:32:24,SENSOR,SYS,0,0,24,41
2026-05-14T14:32:55,SENSOR,SYS,0,0,24,41
2026-05-14T14:33:23,SYSTEM,SYS,0,0,7,126
2026-05-14T14:33:23,SYSTEM,SYS,0,0,8,8144
2026-05-14T14:33:23,SYSTEM,SYS,0,0,12,77
2026-05-14T14:33:25,SENSOR,SYS,0,0,24,41
2026-05-14T14:33:56,SENSOR,SYS,0,0,24,41
2026-05-14T14:34:24,SYSTEM,SYS,0,0,7,126
2026-05-14T14:34:24,SYSTEM,SYS,0,0,8,8144
2026-05-14T14:34:24,SYSTEM,SYS,0,0,12,77
2026-05-14T14:34:27,SENSOR,SYS,0,0,24,40
2026-05-14T14:34:58,SENSOR,SYS,0,0,24,40
2026-05-14T14:35:24,SYSTEM,SYS,0,0,7,125
2026-05-14T14:35:24,SYSTEM,SYS,0,0,8,8144
2026-05-14T14:35:24,SYSTEM,SYS,0,0,12,77
2026-05-14T14:35:28,SENSOR,SYS,0,0,24,40
2026-05-14T14:35:59,SENSOR,SYS,0,0,24,40
2026-05-14T14:36:24,SYSTEM,SYS,0,0,7,125
2026-05-14T14:36:24,SYSTEM,SYS,0,0,8,8144
2026-05-14T14:36:24,SYSTEM,SYS,0,0,12,77
2026-05-14T14:36:29,SENSOR,SYS,0,0,24,40
2026-05-14T14:37:00,SENSOR,SYS,0,0,24,40
2026-05-14T14:37:24,SYSTEM,SYS,0,0,7,125
2026-05-14T14:37:24,SYSTEM,SYS,0,0,8,8144
2026-05-14T14:37:24,SYSTEM,SYS,0,0,12,77
2026-05-14T14:37:30,SENSOR,SYS,0,0,24,40
2026-05-14T14:38:01,SENSOR,SYS,0,0,24,40
2026-05-14T14:38:24,SYSTEM,SYS,0,0,7,125
2026-05-14T14:38:24,SYSTEM,SYS,0,0,8,8144
2026-05-14T14:38:24,SYSTEM,SYS,0,0,12,77
2026-05-14T14:38:31,SENSOR,SYS,0,0,24,40
2026-05-14T14:39:02,SENSOR,SYS,0,0,24,40
2026-05-14T14:39:25,SYSTEM,SYS,0,0,7,125
2026-05-14T14:39:25,SYSTEM,SYS,0,0,8,8144
2026-05-14T14:39:25,SYSTEM,SYS,0,0,12,77
2026-05-14T14:39:33,SENSOR,SYS,0,0,24,40
2026-05-14T14:40:03,SENSOR,SYS,0,0,24,40
2026-05-14T14:40:25,SYSTEM,SYS,0,0,7,125
2026-05-14T14:40:25,SYSTEM,SYS,0,0,8,8144
2026-05-14T14:40:25,SYSTEM,SYS,0,0,12,77
2026-05-14T14:40:34,SENSOR,SYS,0,0,24,40
2026-05-14T14:41:04,SENSOR,SYS,0,0,24,40
2026-05-14T14:41:25,SYSTEM,SYS,0,0,7,125
2026-05-14T14:41:25,SYSTEM,SYS,0,0,8,8144
2026-05-14T14:41:25,SYSTEM,SYS,0,0,12,77
2026-05-14T14:41:35,SENSOR,SYS,0,0,24,40
2026-05-14T14:42:06,SENSOR,SYS,0,0,24,40
2026-05-14T14:42:26,SYSTEM,SYS,0,0,7,125
2026-05-14T14:42:26,SYSTEM,SYS,0,0,8,8144
2026-05-14T14:42:26,SYSTEM,SYS,0,0,12,77
2026-05-14T14:42:37,SENSOR,SYS,0,0,24,40
2026-05-14T14:43:07,SENSOR,SYS,0,0,24,40
2026-05-14T14:43:26,SYSTEM,SYS,0,0,7,125
2026-05-14T14:43:26,SYSTEM,SYS,0,0,8,8144
2026-05-14T14:43:26,SYSTEM,SYS,0,0,12,77
2026-05-14T14:43:38,SENSOR,SYS,0,0,24,40
2026-05-14T14:44:08,SENSOR,SYS,0,0,24,40
2026-05-14T14:44:26,SYSTEM,SYS,0,0,7,125
2026-05-14T14:44:26,SYSTEM,SYS,0,0,8,8144
2026-05-14T14:44:26,SYSTEM,SYS,0,0,12,77
2026-05-14T14:44:39,SENSOR,SYS,0,0,24,40
2026-05-14T14:45:09,SENSOR,SYS,0,0,24,40
2026-05-14T14:45:26,SYSTEM,SYS,0,0,7,125
2026-05-14T14:45:26,SYSTEM,SYS,0,0,8,8144
2026-05-14T14:45:26,SYSTEM,SYS,0,0,12,77
2026-05-14T14:45:40,SENSOR,SYS,0,0,24,40
2026-05-14T14:46:11,SENSOR,SYS,0,0,24,40
2026-05-14T14:46:27,SYSTEM,SYS,0,0,7,125
2026-05-14T14:46:27,SYSTEM,SYS,0,0,8,8144
2026-05-14T14:46:27,SYSTEM,SYS,0,0,12,77
2026-05-14T14:46:42,SENSOR,SYS,0,0,24,40
2026-05-14T14:47:12,SENSOR,SYS,0,0,24,40
2026-05-14T14:47:27,SYSTEM,SYS,0,0,7,125
2026-05-14T14:47:27,SYSTEM,SYS,0,0,8,8144
2026-05-14T14:47:27,SYSTEM,SYS,0,0,12,77
2026-05-14T14:47:43,SENSOR,SYS,0,0,24,40
2026-05-14T14:48:13,SENSOR,SYS,0,0,24,40
2026-05-14T14:48:27,SYSTEM,SYS,0,0,7,125
2026-05-14T14:48:27,SYSTEM,SYS,0,0,8,8144
2026-05-14T14:48:27,SYSTEM,SYS,0,0,12,77
2026-05-14T14:48:44,SENSOR,SYS,0,0,24,40
2026-05-14T14:49:14,SENSOR,SYS,0,0,24,40
2026-05-14T14:49:27,SYSTEM,SYS,0,0,7,125
2026-05-14T14:49:27,SYSTEM,SYS,0,0,8,8144
2026-05-14T14:49:27,SYSTEM,SYS,0,0,12,77
2026-05-14T14:49:45,SENSOR,SYS,0,0,24,40
2026-05-14T14:50:15,SENSOR,SYS,0,0,24,40
2026-05-14T14:50:27,SYSTEM,SYS,0,0,7,125
2026-05-14T14:50:27,SYSTEM,SYS,0,0,8,8144
2026-05-14T14:50:27,SYSTEM,SYS,0,0,12,77
2026-05-14T14:50:46,SENSOR,SYS,0,0,24,40
2026-05-14T14:51:17,SENSOR,SYS,0,0,24,40
2026-05-14T14:51:28,SYSTEM,SYS,0,0,7,125
2026-05-14T14:51:28,SYSTEM,SYS,0,0,8,8144
2026-05-14T14:51:28,SYSTEM,SYS,0,0,12,77
2026-05-14T14:51:48,SENSOR,SYS,0,0,24,40
2026-05-14T14:52:18,SENSOR,SYS,0,0,24,40
2026-05-14T14:52:28,SYSTEM,SYS,0,0,7,125
2026-05-14T14:52:28,SYSTEM,SYS,0,0,8,8144
2026-05-14T14:52:28,SYSTEM,SYS,0,0,12,77
2026-05-14T14:52:49,SENSOR,SYS,0,0,24,40
2026-05-14T14:53:19,SENSOR,SYS,0,0,24,40
2026-05-14T14:53:28,SYSTEM,SYS,0,0,7,125
2026-05-14T14:53:28,SYSTEM,SYS,0,0,8,8144
2026-05-14T14:53:28,SYSTEM,SYS,0,0,12,77
2026-05-14T14:53:50,SENSOR,SYS,0,0,24,39
2026-05-14T14:54:20,SENSOR,SYS,0,0,24,39
2026-05-14T14:54:28,SYSTEM,SYS,0,0,7,125
2026-05-14T14:54:28,SYSTEM,SYS,0,0,8,8144
2026-05-14T14:54:28,SYSTEM,SYS,0,0,12,77
2026-05-14T14:54:51,SENSOR,SYS,0,0,24,39
2026-05-14T14:55:22,SENSOR,SYS,0,0,24,39
2026-05-14T14:55:29,SYSTEM,SYS,0,0,7,125
2026-05-14T14:55:29,SYSTEM,SYS,0,0,8,8144
2026-05-14T14:55:29,SYSTEM,SYS,0,0,12,77
2026-05-14T14:55:52,SENSOR,SYS,0,0,24,39
2026-05-14T14:56:23,SENSOR,SYS,0,0,24,39
2026-05-14T14:56:29,SYSTEM,SYS,0,0,7,125
2026-05-14T14:56:29,SYSTEM,SYS,0,0,8,8144
2026-05-14T14:56:29,SYSTEM,SYS,0,0,12,77
2026-05-14T14:56:53,SENSOR,SYS,0,0,24,39
2026-05-14T14:57:24,SENSOR,SYS,0,0,24,39
2026-05-14T14:57:29,SYSTEM,SYS,0,0,7,125
2026-05-14T14:57:29,SYSTEM,SYS,0,0,8,8144
2026-05-14T14:57:29,SYSTEM,SYS,0,0,12,77
2026-05-14T14:57:54,SENSOR,SYS,0,0,24,39
2026-05-14T14:58:25,SENSOR,SYS,0,0,24,39
2026-05-14T14:58:29,SYSTEM,SYS,0,0,7,125
2026-05-14T14:58:29,SYSTEM,SYS,0,0,8,8144
2026-05-14T14:58:29,SYSTEM,SYS,0,0,12,77
2026-05-14T14:58:56,SENSOR,SYS,0,0,24,39
2026-05-14T14:59:27,SENSOR,SYS,0,0,24,39
2026-05-14T14:59:30,SYSTEM,SYS,0,0,7,125
2026-05-14T14:59:30,SYSTEM,SYS,0,0,8,8144
2026-05-14T14:59:30,SYSTEM,SYS,0,0,12,77
2026-05-14T14:59:57,SENSOR,SYS,0,0,24,39
2026-05-14T15:00:28,SENSOR,SYS,0,0,24,39
2026-05-14T15:00:30,SYSTEM,SYS,0,0,7,125
2026-05-14T15:00:30,SYSTEM,SYS,0,0,8,8144
2026-05-14T15:00:30,SYSTEM,SYS,0,0,12,77
2026-05-14T15:00:58,SENSOR,SYS,0,0,24,39
2026-05-14T15:01:29,SENSOR,SYS,0,0,24,39
2026-05-14T15:01:30,SYSTEM,SYS,0,0,7,125
2026-05-14T15:01:30,SYSTEM,SYS,0,0,8,8144
2026-05-14T15:01:30,SYSTEM,SYS,0,0,12,77
2026-05-14T15:02:00,SENSOR,SYS,0,0,24,39
2026-05-14T15:02:30,SYSTEM,SYS,0,0,7,125
2026-05-14T15:02:30,SYSTEM,SYS,0,0,8,8144
2026-05-14T15:02:30,SYSTEM,SYS,0,0,12,77
2026-05-14T15:02:31,SENSOR,SYS,0,0,24,39
2026-05-14T15:03:01,SENSOR,SYS,0,0,24,39
2026-05-14T15:03:30,SYSTEM,SYS,0,0,7,125
2026-05-14T15:03:30,SYSTEM,SYS,0,0,8,8144
2026-05-14T15:03:30,SYSTEM,SYS,0,0,12,77
2026-05-14T15:03:32,SENSOR,SYS,0,0,24,39
2026-05-14T15:04:02,SENSOR,SYS,0,0,24,39
2026-05-14T15:04:30,SYSTEM,SYS,0,0,7,125
2026-05-14T15:04:30,SYSTEM,SYS,0,0,8,8144
2026-05-14T15:04:30,SYSTEM,SYS,0,0,12,77
2026-05-14T15:04:33,SENSOR,SYS,0,0,24,39
2026-05-14T15:05:03,SENSOR,SYS,0,0,24,39
2026-05-14T15:05:30,SYSTEM,SYS,0,0,7,125
2026-05-14T15:05:30,SYSTEM,SYS,0,0,8,8144
2026-05-14T15:05:30,SYSTEM,SYS,0,0,12,77
2026-05-14T15:05:34,SENSOR,SYS,0,0,24,39
2026-05-14T15:06:04,SENSOR,SYS,0,0,24,39
2026-05-14T15:06:30,SYSTEM,SYS,0,0,7,125
2026-05-14T15:06:30,SYSTEM,SYS,0,0,8,8144
2026-05-14T15:06:30,SYSTEM,SYS,0,0,12,77
2026-05-14T15:06:35,SENSOR,SYS,0,0,24,39
2026-05-14T15:07:06,SENSOR,SYS,0,0,24,39
2026-05-14T15:07:31,SYSTEM,SYS,0,0,7,125
2026-05-14T15:07:31,SYSTEM,SYS,0,0,8,8144
2026-05-14T15:07:31,SYSTEM,SYS,0,0,12,77
2026-05-14T15:07:37,SENSOR,SYS,0,0,24,39
2026-05-14T15:08:07,SENSOR,SYS,0,0,24,39
2026-05-14T15:08:31,SYSTEM,SYS,0,0,7,125
2026-05-14T15:08:31,SYSTEM,SYS,0,0,8,8144
2026-05-14T15:08:31,SYSTEM,SYS,0,0,12,77
2026-05-14T15:08:38,SENSOR,SYS,0,0,24,39
2026-05-14T15:09:08,SENSOR,SYS,0,0,24,39
2026-05-14T15:09:32,SYSTEM,SYS,0,0,7,125
2026-05-14T15:09:32,SYSTEM,SYS,0,0,8,8144
2026-05-14T15:09:32,SYSTEM,SYS,0,0,12,77
2026-05-14T15:09:39,SENSOR,SYS,0,0,24,39
2026-05-14T15:10:10,SENSOR,SYS,0,0,24,39
2026-05-14T15:10:32,SYSTEM,SYS,0,0,7,125
2026-05-14T15:10:32,SYSTEM,SYS,0,0,8,8144
2026-05-14T15:10:32,SYSTEM,SYS,0,0,12,77
2026-05-14T15:10:40,SENSOR,SYS,0,0,24,39
2026-05-14T15:11:11,SENSOR,SYS,0,0,24,39
2026-05-14T15:11:32,SYSTEM,SYS,0,0,7,125
2026-05-14T15:11:32,SYSTEM,SYS,0,0,8,8144
2026-05-14T15:11:32,SYSTEM,SYS,0,0,12,77
2026-05-14T15:11:41,SENSOR,SYS,0,0,24,39
2026-05-14T15:12:12,SENSOR,SYS,0,0,24,39
2026-05-14T15:12:32,SYSTEM,SYS,0,0,7,125
2026-05-14T15:12:32,SYSTEM,SYS,0,0,8,8144
2026-05-14T15:12:32,SYSTEM,SYS,0,0,12,77
2026-05-14T15:12:42,SENSOR,SYS,0,0,24,39
2026-05-14T15:13:13,SENSOR,SYS,0,0,24,39
2026-05-14T15:13:32,SYSTEM,SYS,0,0,7,125
2026-05-14T15:13:32,SYSTEM,SYS,0,0,8,8144
2026-05-14T15:13:32,SYSTEM,SYS,0,0,12,77
2026-05-14T15:13:44,SENSOR,SYS,0,0,24,39
2026-05-14T15:14:15,SENSOR,SYS,0,0,24,39
2026-05-14T15:14:33,SYSTEM,SYS,0,0,7,125
2026-05-14T15:14:33,SYSTEM,SYS,0,0,8,8144
2026-05-14T15:14:33,SYSTEM,SYS,0,0,12,77
2026-05-14T15:14:45,SENSOR,SYS,0,0,24,39
2026-05-14T15:15:16,SENSOR,SYS,0,0,24,39
2026-05-14T15:15:33,SYSTEM,SYS,0,0,7,125
2026-05-14T15:15:33,SYSTEM,SYS,0,0,8,8144
2026-05-14T15:15:33,SYSTEM,SYS,0,0,12,77
2026-05-14T15:15:46,SENSOR,SYS,0,0,24,39
2026-05-14T15:16:17,SENSOR,SYS,0,0,24,39
2026-05-14T15:16:33,SYSTEM,SYS,0,0,7,125
2026-05-14T15:16:33,SYSTEM,SYS,0,0,8,8144
2026-05-14T15:16:33,SYSTEM,SYS,0,0,12,77
2026-05-14T15:16:47,SENSOR,SYS,0,0,24,39
2026-05-14T15:17:18,SENSOR,SYS,0,0,24,39
2026-05-14T15:17:33,SYSTEM,SYS,0,0,7,125
2026-05-14T15:17:33,SYSTEM,SYS,0,0,8,8144
2026-05-14T15:17:33,SYSTEM,SYS,0,0,12,77
2026-05-14T15:17:48,SENSOR,SYS,0,0,24,39
2026-05-14T15:18:19,SENSOR,SYS,0,0,24,39
2026-05-14T15:18:34,SYSTEM,SYS,0,0,7,125
2026-05-14T15:18:34,SYSTEM,SYS,0,0,8,8144
2026-05-14T15:18:34,SYSTEM,SYS,0,0,12,77
2026-05-14T15:18:50,SENSOR,SYS,0,0,24,39
2026-05-14T15:19:21,SENSOR,SYS,0,0,24,39
2026-05-14T15:19:34,SYSTEM,SYS,0,0,7,125
2026-05-14T15:19:34,SYSTEM,SYS,0,0,8,8144
2026-05-14T15:19:34,SYSTEM,SYS,0,0,12,77
2026-05-14T15:19:51,SENSOR,SYS,0,0,24,39
2026-05-14T15:20:22,SENSOR,SYS,0,0,24,39
2026-05-14T15:20:34,SYSTEM,SYS,0,0,7,125
2026-05-14T15:20:34,SYSTEM,SYS,0,0,8,8144
2026-05-14T15:20:34,SYSTEM,SYS,0,0,12,77
2026-05-14T15:20:52,SENSOR,SYS,0,0,24,39
2026-05-14T15:21:23,SENSOR,SYS,0,0,24,39
2026-05-14T15:21:34,SYSTEM,SYS,0,0,7,125
2026-05-14T15:21:34,SYSTEM,SYS,0,0,8,8144
2026-05-14T15:21:34,SYSTEM,SYS,0,0,12,77
2026-05-14T15:21:53,SENSOR,SYS,0,0,24,39
2026-05-14T15:22:24,SENSOR,SYS,0,0,24,39
2026-05-14T15:22:34,SYSTEM,SYS,0,0,7,125
2026-05-14T15:22:34,SYSTEM,SYS,0,0,8,8144
2026-05-14T15:22:34,SYSTEM,SYS,0,0,12,77
2026-05-14T15:22:54,SENSOR,SYS,0,0,24,39
2026-05-14T15:23:25,SENSOR,SYS,0,0,24,39
2026-05-14T15:23:35,SYSTEM,SYS,0,0,7,125
2026-05-14T15:23:35,SYSTEM,SYS,0,0,8,8144
2026-05-14T15:23:35,SYSTEM,SYS,0,0,12,77
2026-05-14T15:23:56,SENSOR,SYS,0,0,24,39
2026-05-14T15:24:27,SENSOR,SYS,0,0,24,39
2026-05-14T15:24:35,SYSTEM,SYS,0,0,7,125
2026-05-14T15:24:35,SYSTEM,SYS,0,0,8,8144
2026-05-14T15:24:35,SYSTEM,SYS,0,0,12,77
2026-05-14T15:24:57,SENSOR,SYS,0,0,24,39
2026-05-14T15:25:27,SENSOR,SYS,0,0,24,39
2026-05-14T15:25:35,SYSTEM,SYS,0,0,7,125
2026-05-14T15:25:35,SYSTEM,SYS,0,0,8,8144
2026-05-14T15:25:35,SYSTEM,SYS,0,0,12,77
2026-05-14T15:25:58,SENSOR,SYS,0,0,24,39
2026-05-14T15:26:28,SENSOR,SYS,0,0,24,39
2026-05-14T15:26:35,SYSTEM,SYS,0,0,7,125
2026-05-14T15:26:35,SYSTEM,SYS,0,0,8,8144
2026-05-14T15:26:35,SYSTEM,SYS,0,0,12,77
2026-05-14T15:26:59,SENSOR,SYS,0,0,24,39
2026-05-14T15:27:30,SENSOR,SYS,0,0,24,39
2026-05-14T15:27:36,SYSTEM,SYS,0,0,7,125
2026-05-14T15:27:36,SYSTEM,SYS,0,0,8,8144
2026-05-14T15:27:36,SYSTEM,SYS,0,0,12,77
2026-05-14T15:28:01,SENSOR,SYS,0,0,24,39
2026-05-14T15:28:31,SENSOR,SYS,0,0,24,39
2026-05-14T15:28:36,SYSTEM,SYS,0,0,7,125
2026-05-14T15:28:36,SYSTEM,SYS,0,0,8,8144
2026-05-14T15:28:36,SYSTEM,SYS,0,0,12,77
2026-05-14T15:29:02,SENSOR,SYS,0,0,24,39
2026-05-14T15:29:32,SENSOR,SYS,0,0,24,39
2026-05-14T15:29:36,SYSTEM,SYS,0,0,7,125
2026-05-14T15:29:36,SYSTEM,SYS,0,0,8,8144
2026-05-14T15:29:36,SYSTEM,SYS,0,0,12,77
2026-05-14T15:30:03,SENSOR,SYS,0,0,24,39
2026-05-14T15:30:33,SENSOR,SYS,0,0,24,39
2026-05-14T15:30:36,SYSTEM,SYS,0,0,7,125
2026-05-14T15:30:36,SYSTEM,SYS,0,0,8,8144
2026-05-14T15:30:36,SYSTEM,SYS,0,0,12,77
2026-05-14T15:31:04,SENSOR,SYS,0,0,24,39
2026-05-14T15:31:34,SENSOR,SYS,0,0,24,38
2026-05-14T15:31:36,SYSTEM,SYS,0,0,7,125
2026-05-14T15:31:36,SYSTEM,SYS,0,0,8,8144
2026-05-14T15:31:36,SYSTEM,SYS,0,0,12,77
2026-05-14T15:32:05,SENSOR,SYS,0,0,24,38
2026-05-14T15:32:36,SENSOR,SYS,0,0,24,38
2026-05-14T15:32:37,SYSTEM,SYS,0,0,7,125
2026-05-14T15:32:37,SYSTEM,SYS,0,0,8,8144
2026-05-14T15:32:37,SYSTEM,SYS,0,0,12,77
2026-05-14T15:33:07,SENSOR,SYS,0,0,24,38
2026-05-14T15:33:37,SYSTEM,SYS,0,0,7,125
2026-05-14T15:33:37,SYSTEM,SYS,0,0,8,8144
2026-05-14T15:33:37,SYSTEM,SYS,0,0,12,77
2026-05-14T15:33:37,SENSOR,SYS,0,0,24,38
2026-05-14T15:34:08,SENSOR,SYS,0,0,24,38
2026-05-14T15:34:37,SYSTEM,SYS,0,0,7,125
2026-05-14T15:34:37,SYSTEM,SYS,0,0,8,8144
2026-05-14T15:34:37,SYSTEM,SYS,0,0,12,77
2026-05-14T15:34:38,SENSOR,SYS,0,0,24,38
2026-05-14T15:35:09,SENSOR,SYS,0,0,24,38
2026-05-14T15:35:37,SYSTEM,SYS,0,0,7,125
2026-05-14T15:35:37,SYSTEM,SYS,0,0,8,8144
2026-05-14T15:35:37,SYSTEM,SYS,0,0,12,77
2026-05-14T15:35:39,SENSOR,SYS,0,0,24,38
2026-05-14T15:36:10,SENSOR,SYS,0,0,24,38
2026-05-14T15:36:37,SYSTEM,SYS,0,0,7,125
2026-05-14T15:36:37,SYSTEM,SYS,0,0,8,8144
2026-05-14T15:36:37,SYSTEM,SYS,0,0,12,77
2026-05-14T15:36:40,SENSOR,SYS,0,0,24,38
2026-05-14T15:37:11,SENSOR,SYS,0,0,24,38
2026-05-14T15:37:38,SYSTEM,SYS,0,0,7,125
2026-05-14T15:37:38,SYSTEM,SYS,0,0,8,8144
2026-05-14T15:37:38,SYSTEM,SYS,0,0,12,77
2026-05-14T15:37:42,SENSOR,SYS,0,0,24,38
2026-05-14T15:38:13,SENSOR,SYS,0,0,24,38
2026-05-14T15:38:38,SYSTEM,SYS,0,0,7,125
2026-05-14T15:38:38,SYSTEM,SYS,0,0,8,8144
2026-05-14T15:38:38,SYSTEM,SYS,0,0,12,77
2026-05-14T15:38:43,SENSOR,SYS,0,0,24,38
2026-05-14T15:39:14,SENSOR,SYS,0,0,24,38
2026-05-14T15:39:38,SYSTEM,SYS,0,0,7,125
2026-05-14T15:39:38,SYSTEM,SYS,0,0,8,8144
2026-05-14T15:39:38,SYSTEM,SYS,0,0,12,77
2026-05-14T15:39:44,SENSOR,SYS,0,0,24,38
2026-05-14T15:40:15,SENSOR,SYS,0,0,24,38
2026-05-14T15:40:39,SYSTEM,SYS,0,0,7,125
2026-05-14T15:40:39,SYSTEM,SYS,0,0,8,8144
2026-05-14T15:40:39,SYSTEM,SYS,0,0,12,77
2026-05-14T15:40:46,SENSOR,SYS,0,0,24,38
2026-05-14T15:41:16,SENSOR,SYS,0,0,24,38
2026-05-14T15:41:39,SYSTEM,SYS,0,0,7,125
2026-05-14T15:41:39,SYSTEM,SYS,0,0,8,8144
2026-05-14T15:41:39,SYSTEM,SYS,0,0,12,77
2026-05-14T15:41:47,SENSOR,SYS,0,0,24,38
2026-05-14T15:42:17,SENSOR,SYS,0,0,24,38
2026-05-14T15:42:39,SYSTEM,SYS,0,0,7,125
2026-05-14T15:42:39,SYSTEM,SYS,0,0,8,8144
2026-05-14T15:42:39,SYSTEM,SYS,0,0,12,77
2026-05-14T15:42:48,SENSOR,SYS,0,0,24,38
2026-05-14T15:43:18,SENSOR,SYS,0,0,24,38
2026-05-14T15:43:39,SYSTEM,SYS,0,0,7,125
2026-05-14T15:43:39,SYSTEM,SYS,0,0,8,8144
2026-05-14T15:43:39,SYSTEM,SYS,0,0,12,77
2026-05-14T15:43:49,SENSOR,SYS,0,0,24,38
2026-05-14T15:44:19,SENSOR,SYS,0,0,24,38
2026-05-14T15:44:39,SYSTEM,SYS,0,0,7,125
2026-05-14T15:44:39,SYSTEM,SYS,0,0,8,8144
2026-05-14T15:44:39,SYSTEM,SYS,0,0,12,77
2026-05-14T15:44:11,ALARM,SYS,0,0,1,0
2026-05-14T15:44:50,SENSOR,SYS,0,0,24,38
2026-05-14T15:45:11,ALARM,SYS,0,0,-1,0
2026-05-14T15:45:21,SENSOR,SYS,0,0,24,38
2026-05-14T15:45:40,SYSTEM,SYS,0,0,7,125
2026-05-14T15:45:40,SYSTEM,SYS,0,0,8,8144
2026-05-14T15:45:40,SYSTEM,SYS,0,0,12,77
2026-05-14T15:45:52,SENSOR,SYS,0,0,24,38
2026-05-14T15:46:22,SENSOR,SYS,0,0,24,38
2026-05-14T15:46:40,SYSTEM,SYS,0,0,7,125
2026-05-14T15:46:40,SYSTEM,SYS,0,0,8,8144
2026-05-14T15:46:40,SYSTEM,SYS,0,0,12,77
2026-05-14T15:46:53,SENSOR,SYS,0,0,24,38
2026-05-14T15:47:23,SENSOR,SYS,0,0,24,38
2026-05-14T15:47:40,SYSTEM,SYS,0,0,7,125
2026-05-14T15:47:40,SYSTEM,SYS,0,0,8,8144
2026-05-14T15:47:40,SYSTEM,SYS,0,0,12,77
2026-05-14T15:47:54,SENSOR,SYS,0,0,24,38
2026-05-14T15:48:24,SENSOR,SYS,0,0,24,38
2026-05-14T15:48:40,SYSTEM,SYS,0,0,7,125
2026-05-14T15:48:40,SYSTEM,SYS,0,0,8,8144
2026-05-14T15:48:40,SYSTEM,SYS,0,0,12,77
2026-05-14T15:48:55,SENSOR,SYS,0,0,24,38
2026-05-14T15:49:26,SENSOR,SYS,0,0,24,38
2026-05-14T15:49:41,SYSTEM,SYS,0,0,7,125
2026-05-14T15:49:41,SYSTEM,SYS,0,0,8,8144
2026-05-14T15:49:41,SYSTEM,SYS,0,0,12,77
2026-05-14T15:49:57,SENSOR,SYS,0,0,24,39
2026-05-14T15:50:27,SENSOR,SYS,0,0,24,39
2026-05-14T15:50:41,SYSTEM,SYS,0,0,7,125
2026-05-14T15:50:41,SYSTEM,SYS,0,0,8,8144
2026-05-14T15:50:41,SYSTEM,SYS,0,0,12,77
2026-05-14T15:50:58,SENSOR,SYS,0,0,24,39
2026-05-14T15:51:28,SENSOR,SYS,0,0,24,39
2026-05-14T15:51:41,SYSTEM,SYS,0,0,7,125
2026-05-14T15:51:41,SYSTEM,SYS,0,0,8,8144
2026-05-14T15:51:41,SYSTEM,SYS,0,0,12,77
2026-05-14T15:51:59,SENSOR,SYS,0,0,24,39
2026-05-14T15:52:29,SENSOR,SYS,0,0,24,39
2026-05-14T15:52:41,SYSTEM,SYS,0,0,7,125
2026-05-14T15:52:41,SYSTEM,SYS,0,0,8,8144
2026-05-14T15:52:41,SYSTEM,SYS,0,0,12,77
2026-05-14T15:53:00,SENSOR,SYS,0,0,24,39
2026-05-14T15:53:30,SENSOR,SYS,0,0,24,39
2026-05-14T15:53:41,SYSTEM,SYS,0,0,7,125
2026-05-14T15:53:41,SYSTEM,SYS,0,0,8,8144
2026-05-14T15:53:41,SYSTEM,SYS,0,0,12,77
2026-05-14T15:54:01,SENSOR,SYS,0,0,24,39
2026-05-14T15:54:31,SENSOR,SYS,0,0,24,39
2026-05-14T15:54:41,SYSTEM,SYS,0,0,7,125
2026-05-14T15:54:41,SYSTEM,SYS,0,0,8,8144
2026-05-14T15:54:41,SYSTEM,SYS,0,0,12,77
2026-05-14T15:55:02,SENSOR,SYS,0,0,24,39
2026-05-14T15:55:33,SENSOR,SYS,0,0,24,38
2026-05-14T15:55:42,SYSTEM,SYS,0,0,7,125
2026-05-14T15:55:42,SYSTEM,SYS,0,0,8,8144
2026-05-14T15:55:42,SYSTEM,SYS,0,0,12,77
2026-05-14T15:56:03,SENSOR,SYS,0,0,24,38
2026-05-14T15:56:34,SENSOR,SYS,0,0,24,38
2026-05-14T15:56:42,SYSTEM,SYS,0,0,7,125
2026-05-14T15:56:42,SYSTEM,SYS,0,0,8,8144
2026-05-14T15:56:42,SYSTEM,SYS,0,0,12,77
2026-05-14T15:57:04,SENSOR,SYS,0,0,24,38
2026-05-14T15:57:35,SENSOR,SYS,0,0,24,38
2026-05-14T15:57:42,SYSTEM,SYS,0,0,7,125
2026-05-14T15:57:42,SYSTEM,SYS,0,0,8,8144
2026-05-14T15:57:42,SYSTEM,SYS,0,0,12,77
2026-05-14T15:58:06,SENSOR,SYS,0,0,24,38
2026-05-14T15:58:37,SENSOR,SYS,0,0,24,38
2026-05-14T15:58:43,SYSTEM,SYS,0,0,7,125
2026-05-14T15:58:43,SYSTEM,SYS,0,0,8,8144
2026-05-14T15:58:43,SYSTEM,SYS,0,0,12,77
2026-05-14T15:59:07,SENSOR,SYS,0,0,24,38
2026-05-14T15:59:38,SENSOR,SYS,0,0,24,38
2026-05-14T15:59:43,SYSTEM,SYS,0,0,7,125
2026-05-14T15:59:43,SYSTEM,SYS,0,0,8,8144
2026-05-14T15:59:43,SYSTEM,SYS,0,0,12,77
2026-05-14T16:00:08,SENSOR,SYS,0,0,24,38
2026-05-14T16:00:39,SENSOR,SYS,0,0,24,38
2026-05-14T16:00:43,SYSTEM,SYS,0,0,7,125
2026-05-14T16:00:43,SYSTEM,SYS,0,0,8,8144
2026-05-14T16:00:43,SYSTEM,SYS,0,0,12,77
2026-05-14T16:01:10,SENSOR,SYS,0,0,24,38
2026-05-14T16:01:41,SENSOR,SYS,0,0,24,38
2026-05-14T16:01:44,SYSTEM,SYS,0,0,7,125
2026-05-14T16:01:44,SYSTEM,SYS,0,0,8,8144
2026-05-14T16:01:44,SYSTEM,SYS,0,0,12,77
2026-05-14T16:02:11,SENSOR,SYS,0,0,24,38
2026-05-14T16:02:42,SENSOR,SYS,0,0,24,38
2026-05-14T16:02:44,SYSTEM,SYS,0,0,7,125
2026-05-14T16:02:44,SYSTEM,SYS,0,0,8,8144
2026-05-14T16:02:44,SYSTEM,SYS,0,0,12,77
2026-05-14T16:03:12,SENSOR,SYS,0,0,24,38
2026-05-14T16:03:43,SENSOR,SYS,0,0,24,38
2026-05-14T16:03:43,SYSTEM,SYS,0,0,7,125
2026-05-14T16:03:43,SYSTEM,SYS,0,0,8,8144
2026-05-14T16:03:43,SYSTEM,SYS,0,0,12,77
2026-05-14T16:04:13,SENSOR,SYS,0,0,24,38
2026-05-14T16:04:43,SYSTEM,SYS,0,0,7,125
2026-05-14T16:04:43,SYSTEM,SYS,0,0,8,8144
2026-05-14T16:04:43,SYSTEM,SYS,0,0,12,77
2026-05-14T16:04:44,SENSOR,SYS,0,0,24,39
2026-05-14T16:05:15,SENSOR,SYS,0,0,24,39
2026-05-14T16:05:45,SYSTEM,SYS,0,0,7,125
2026-05-14T16:05:45,SYSTEM,SYS,0,0,8,8144
2026-05-14T16:05:45,SYSTEM,SYS,0,0,12,77
2026-05-14T16:05:46,SENSOR,SYS,0,0,24,39
2026-05-14T16:06:16,SENSOR,SYS,0,0,24,39
2026-05-14T16:06:45,SYSTEM,SYS,0,0,7,125
2026-05-14T16:06:45,SYSTEM,SYS,0,0,8,8144
2026-05-14T16:06:45,SYSTEM,SYS,0,0,12,77
2026-05-14T16:06:47,SENSOR,SYS,0,0,24,39
2026-05-14T16:07:17,SENSOR,SYS,0,0,24,39
2026-05-14T16:07:45,SYSTEM,SYS,0,0,7,125
2026-05-14T16:07:45,SYSTEM,SYS,0,0,8,8144
2026-05-14T16:07:45,SYSTEM,SYS,0,0,12,77
2026-05-14T16:07:48,SENSOR,SYS,0,0,24,39
2026-05-14T16:08:18,SENSOR,SYS,0,0,24,39
2026-05-14T16:08:45,SYSTEM,SYS,0,0,7,125
2026-05-14T16:08:45,SYSTEM,SYS,0,0,8,8144
2026-05-14T16:08:45,SYSTEM,SYS,0,0,12,77
2026-05-14T16:08:49,SENSOR,SYS,0,0,24,39
2026-05-14T16:09:20,SENSOR,SYS,0,0,24,39
2026-05-14T16:09:45,SYSTEM,SYS,0,0,7,125
2026-05-14T16:09:45,SYSTEM,SYS,0,0,8,8144
2026-05-14T16:09:45,SYSTEM,SYS,0,0,12,77
2026-05-14T16:09:51,SENSOR,SYS,0,0,24,39
2026-05-14T16:10:21,SENSOR,SYS,0,0,24,39
2026-05-14T16:10:45,SYSTEM,SYS,0,0,7,125
2026-05-14T16:10:45,SYSTEM,SYS,0,0,8,8144
2026-05-14T16:10:45,SYSTEM,SYS,0,0,12,77
2026-05-14T16:10:51,SENSOR,SYS,0,0,24,39
2026-05-14T16:11:22,SENSOR,SYS,0,0,24,39
2026-05-14T16:11:45,SYSTEM,SYS,0,0,7,125
2026-05-14T16:11:45,SYSTEM,SYS,0,0,8,8144
2026-05-14T16:11:45,SYSTEM,SYS,0,0,12,77
2026-05-14T16:11:53,SENSOR,SYS,0,0,24,39
2026-05-14T16:12:24,SENSOR,SYS,0,0,24,39
2026-05-14T16:12:46,SYSTEM,SYS,0,0,7,125
2026-05-14T16:12:46,SYSTEM,SYS,0,0,8,8144
2026-05-14T16:12:46,SYSTEM,SYS,0,0,12,77
2026-05-14T16:12:54,SENSOR,SYS,0,0,24,39
2026-05-14T16:13:25,SENSOR,SYS,0,0,24,39
2026-05-14T16:13:46,SYSTEM,SYS,0,0,7,125
2026-05-14T16:13:46,SYSTEM,SYS,0,0,8,8144
2026-05-14T16:13:46,SYSTEM,SYS,0,0,12,77
2026-05-14T16:13:55,SENSOR,SYS,0,0,24,39
2026-05-14T16:14:26,SENSOR,SYS,0,0,24,39
2026-05-14T16:14:46,SYSTEM,SYS,0,0,7,125
2026-05-14T16:14:46,SYSTEM,SYS,0,0,8,8144
2026-05-14T16:14:46,SYSTEM,SYS,0,0,12,77
2026-05-14T16:14:56,SENSOR,SYS,0,0,24,39
2026-05-14T16:15:27,SENSOR,SYS,0,0,24,39
2026-05-14T16:15:46,SYSTEM,SYS,0,0,7,125
2026-05-14T16:15:46,SYSTEM,SYS,0,0,8,8144
2026-05-14T16:15:46,SYSTEM,SYS,0,0,12,77
2026-05-14T16:15:57,SENSOR,SYS,0,0,24,39
2026-05-14T16:16:28,SENSOR,SYS,0,0,24,39
2026-05-14T16:16:47,SYSTEM,SYS,0,0,7,125
2026-05-14T16:16:47,SYSTEM,SYS,0,0,8,8144
2026-05-14T16:16:47,SYSTEM,SYS,0,0,12,77
2026-05-14T16:16:59,SENSOR,SYS,0,0,24,39
2026-05-14T16:17:30,SENSOR,SYS,0,0,24,39
2026-05-14T16:17:47,SYSTEM,SYS,0,0,7,125
2026-05-14T16:17:47,SYSTEM,SYS,0,0,8,8144
2026-05-14T16:17:47,SYSTEM,SYS,0,0,12,77
2026-05-14T16:18:00,SENSOR,SYS,0,0,24,39
2026-05-14T16:18:31,SENSOR,SYS,0,0,24,39
2026-05-14T16:18:47,SYSTEM,SYS,0,0,7,125
2026-05-14T16:18:47,SYSTEM,SYS,0,0,8,8144
2026-05-14T16:18:47,SYSTEM,SYS,0,0,12,77
2026-05-14T16:19:01,SENSOR,SYS,0,0,24,39
2026-05-14T16:19:32,SENSOR,SYS,0,0,24,39
2026-05-14T16:19:47,SYSTEM,SYS,0,0,7,125
2026-05-14T16:19:47,SYSTEM,SYS,0,0,8,8144
2026-05-14T16:19:47,SYSTEM,SYS,0,0,12,77
2026-05-14T16:20:02,SENSOR,SYS,0,0,24,39
2026-05-14T16:20:33,SENSOR,SYS,0,0,24,39
2026-05-14T16:20:48,SYSTEM,SYS,0,0,7,125
2026-05-14T16:20:48,SYSTEM,SYS,0,0,8,8144
2026-05-14T16:20:48,SYSTEM,SYS,0,0,12,77
2026-05-14T16:21:04,SENSOR,SYS,0,0,24,39
2026-05-14T16:21:35,SENSOR,SYS,0,0,24,39
2026-05-14T16:21:48,SYSTEM,SYS,0,0,7,125
2026-05-14T16:21:48,SYSTEM,SYS,0,0,8,8144
2026-05-14T16:21:48,SYSTEM,SYS,0,0,12,77
2026-05-14T16:22:05,SENSOR,SYS,0,0,24,39
2026-05-14T16:22:36,SENSOR,SYS,0,0,24,39
2026-05-14T16:22:48,SYSTEM,SYS,0,0,7,125
2026-05-14T16:22:48,SYSTEM,SYS,0,0,8,8144
2026-05-14T16:22:48,SYSTEM,SYS,0,0,12,77
2026-05-14T16:23:06,SENSOR,SYS,0,0,24,39
2026-05-14T16:23:37,SENSOR,SYS,0,0,24,39
2026-05-14T16:23:48,SYSTEM,SYS,0,0,7,125
2026-05-14T16:23:48,SYSTEM,SYS,0,0,8,8144
2026-05-14T16:23:48,SYSTEM,SYS,0,0,12,77
2026-05-14T16:24:07,SENSOR,SYS,0,0,24,39
2026-05-14T16:24:38,SENSOR,SYS,0,0,24,39
2026-05-14T16:24:48,SYSTEM,SYS,0,0,7,125
2026-05-14T16:24:48,SYSTEM,SYS,0,0,8,8144
2026-05-14T16:24:48,SYSTEM,SYS,0,0,12,77
2026-05-14T16:25:08,SENSOR,SYS,0,0,24,39
2026-05-14T16:25:39,SENSOR,SYS,0,0,24,39
2026-05-14T16:25:49,SYSTEM,SYS,0,0,7,125
2026-05-14T16:25:49,SYSTEM,SYS,0,0,8,8144
2026-05-14T16:25:49,SYSTEM,SYS,0,0,12,77
2026-05-14T16:26:10,SENSOR,SYS,0,0,24,39
2026-05-14T16:26:40,SENSOR,SYS,0,0,24,39
2026-05-14T16:26:49,SYSTEM,SYS,0,0,7,125
2026-05-14T16:26:49,SYSTEM,SYS,0,0,8,8144
2026-05-14T16:26:49,SYSTEM,SYS,0,0,12,77
2026-05-14T16:27:11,SENSOR,SYS,0,0,24,39
2026-05-14T16:27:41,SENSOR,SYS,0,0,24,39
2026-05-14T16:27:49,SYSTEM,SYS,0,0,7,125
2026-05-14T16:27:49,SYSTEM,SYS,0,0,8,8144
2026-05-14T16:27:49,SYSTEM,SYS,0,0,12,77
2026-05-14T16:28:12,SENSOR,SYS,0,0,24,39
2026-05-14T16:28:43,SENSOR,SYS,0,0,24,39
2026-05-14T16:28:50,SYSTEM,SYS,0,0,7,125
2026-05-14T16:28:50,SYSTEM,SYS,0,0,8,8144
2026-05-14T16:28:50,SYSTEM,SYS,0,0,12,77
2026-05-14T16:29:14,SENSOR,SYS,0,0,24,39
2026-05-14T16:29:44,SENSOR,SYS,0,0,24,39
2026-05-14T16:29:50,SYSTEM,SYS,0,0,7,125
2026-05-14T16:29:50,SYSTEM,SYS,0,0,8,8144
2026-05-14T16:29:50,SYSTEM,SYS,0,0,12,77
2026-05-14T16:30:15,SENSOR,SYS,0,0,24,39
2026-05-14T16:30:45,SENSOR,SYS,0,0,24,39
2026-05-14T16:30:50,SYSTEM,SYS,0,0,7,125
2026-05-14T16:30:50,SYSTEM,SYS,0,0,8,8144
2026-05-14T16:30:50,SYSTEM,SYS,0,0,12,77
2026-05-14T16:31:16,SENSOR,SYS,0,0,24,39
2026-05-14T16:31:46,SENSOR,SYS,0,0,24,39
2026-05-14T16:31:50,SYSTEM,SYS,0,0,7,125
2026-05-14T16:31:50,SYSTEM,SYS,0,0,8,8144
2026-05-14T16:31:50,SYSTEM,SYS,0,0,12,77
2026-05-14T16:32:17,SENSOR,SYS,0,0,24,39
2026-05-14T16:32:48,SENSOR,SYS,0,0,24,39
2026-05-14T16:32:51,SYSTEM,SYS,0,0,7,125
2026-05-14T16:32:51,SYSTEM,SYS,0,0,8,8144
2026-05-14T16:32:51,SYSTEM,SYS,0,0,12,77
2026-05-14T16:33:19,SENSOR,SYS,0,0,24,39
2026-05-14T16:33:49,SENSOR,SYS,0,0,24,39
2026-05-14T16:33:51,SYSTEM,SYS,0,0,7,125
2026-05-14T16:33:51,SYSTEM,SYS,0,0,8,8144
2026-05-14T16:33:51,SYSTEM,SYS,0,0,12,77
2026-05-14T16:34:20,SENSOR,SYS,0,0,24,39
2026-05-14T16:34:50,SENSOR,SYS,0,0,24,39
2026-05-14T16:34:51,SYSTEM,SYS,0,0,7,125
2026-05-14T16:34:51,SYSTEM,SYS,0,0,8,8144
2026-05-14T16:34:51,SYSTEM,SYS,0,0,12,77
2026-05-14T16:35:21,SENSOR,SYS,0,0,24,39
2026-05-14T16:35:51,SYSTEM,SYS,0,0,7,125
2026-05-14T16:35:51,SYSTEM,SYS,0,0,8,8144
2026-05-14T16:35:51,SYSTEM,SYS,0,0,12,77
2026-05-14T16:35:51,SENSOR,SYS,0,0,24,39
2026-05-14T16:36:22,SENSOR,SYS,0,0,24,39
2026-05-14T16:36:51,SYSTEM,SYS,0,0,7,125
2026-05-14T16:36:51,SYSTEM,SYS,0,0,8,8144
2026-05-14T16:36:51,SYSTEM,SYS,0,0,12,77
2026-05-14T16:36:52,SENSOR,SYS,0,0,24,39
2026-05-14T16:37:23,SENSOR,SYS,0,0,24,39
2026-05-14T16:37:52,SYSTEM,SYS,0,0,7,125
2026-05-14T16:37:52,SYSTEM,SYS,0,0,8,8144
2026-05-14T16:37:52,SYSTEM,SYS,0,0,12,77
2026-05-14T16:37:54,SENSOR,SYS,0,0,24,39
2026-05-14T16:38:25,SENSOR,SYS,0,0,24,39
2026-05-14T16:38:52,SYSTEM,SYS,0,0,7,125
2026-05-14T16:38:52,SYSTEM,SYS,0,0,8,8144
2026-05-14T16:38:52,SYSTEM,SYS,0,0,12,77
2026-05-14T16:38:55,SENSOR,SYS,0,0,24,39
2026-05-14T16:39:26,SENSOR,SYS,0,0,24,39
2026-05-14T16:39:52,SYSTEM,SYS,0,0,7,125
2026-05-14T16:39:52,SYSTEM,SYS,0,0,8,8144
2026-05-14T16:39:52,SYSTEM,SYS,0,0,12,77
2026-05-14T16:39:56,SENSOR,SYS,0,0,24,39
2026-05-14T16:40:27,SENSOR,SYS,0,0,24,39
2026-05-14T16:40:52,SYSTEM,SYS,0,0,7,125
2026-05-14T16:40:52,SYSTEM,SYS,0,0,8,8144
2026-05-14T16:40:52,SYSTEM,SYS,0,0,12,77
2026-05-14T16:40:57,SENSOR,SYS,0,0,24,39
2026-05-14T16:41:28,SENSOR,SYS,0,0,24,39
2026-05-14T16:41:53,SYSTEM,SYS,0,0,7,125
2026-05-14T16:41:53,SYSTEM,SYS,0,0,8,8144
2026-05-14T16:41:53,SYSTEM,SYS,0,0,12,77
2026-05-14T16:41:59,SENSOR,SYS,0,0,24,39
2026-05-14T16:42:29,SENSOR,SYS,0,0,24,39
2026-05-14T16:42:53,SYSTEM,SYS,0,0,7,125
2026-05-14T16:42:53,SYSTEM,SYS,0,0,8,8144
2026-05-14T16:42:53,SYSTEM,SYS,0,0,12,77
2026-05-14T16:43:00,SENSOR,SYS,0,0,24,39
2026-05-14T16:43:30,SENSOR,SYS,0,0,24,39
2026-05-14T16:43:53,SYSTEM,SYS,0,0,7,125
2026-05-14T16:43:53,SYSTEM,SYS,0,0,8,8144
2026-05-14T16:43:53,SYSTEM,SYS,0,0,12,77
2026-05-14T16:44:01,SENSOR,SYS,0,0,24,39
2026-05-14T16:44:31,SENSOR,SYS,0,0,24,39
2026-05-14T16:44:53,SYSTEM,SYS,0,0,7,125
2026-05-14T16:44:53,SYSTEM,SYS,0,0,8,8144
2026-05-14T16:44:53,SYSTEM,SYS,0,0,12,77
2026-05-14T16:45:02,SENSOR,SYS,0,0,24,39
2026-05-14T16:45:33,SENSOR,SYS,0,0,24,39
2026-05-14T16:45:54,SYSTEM,SYS,0,0,7,125
2026-05-14T16:45:54,SYSTEM,SYS,0,0,8,8144
2026-05-14T16:45:54,SYSTEM,SYS,0,0,12,77
2026-05-14T16:46:04,SENSOR,SYS,0,0,24,39
2026-05-14T16:46:34,SENSOR,SYS,0,0,24,39
2026-05-14T16:46:54,SYSTEM,SYS,0,0,7,125
2026-05-14T16:46:54,SYSTEM,SYS,0,0,8,8144
2026-05-14T16:46:54,SYSTEM,SYS,0,0,12,77
2026-05-14T16:47:05,SENSOR,SYS,0,0,24,39
2026-05-14T16:47:35,SENSOR,SYS,0,0,24,39
2026-05-14T16:47:54,SYSTEM,SYS,0,0,7,125
2026-05-14T16:47:54,SYSTEM,SYS,0,0,8,8144
2026-05-14T16:47:54,SYSTEM,SYS,0,0,12,77
2026-05-14T16:48:06,SENSOR,SYS,0,0,24,39
2026-05-14T16:48:36,SENSOR,SYS,0,0,24,39
2026-05-14T16:48:54,SYSTEM,SYS,0,0,7,125
2026-05-14T16:48:54,SYSTEM,SYS,0,0,8,8144
2026-05-14T16:48:54,SYSTEM,SYS,0,0,12,77
2026-05-14T16:49:07,SENSOR,SYS,0,0,24,39
2026-05-14T16:49:37,SENSOR,SYS,0,0,24,39
2026-05-14T16:49:54,SYSTEM,SYS,0,0,7,125
2026-05-14T16:49:54,SYSTEM,SYS,0,0,8,8144
2026-05-14T16:49:54,SYSTEM,SYS,0,0,12,77
2026-05-14T16:50:08,SENSOR,SYS,0,0,24,39
2026-05-14T16:50:38,SENSOR,SYS,0,0,24,39
2026-05-14T16:50:54,SYSTEM,SYS,0,0,7,125
2026-05-14T16:50:54,SYSTEM,SYS,0,0,8,8144
2026-05-14T16:50:54,SYSTEM,SYS,0,0,12,77
2026-05-14T16:51:09,SENSOR,SYS,0,0,24,39
2026-05-14T16:51:40,SENSOR,SYS,0,0,24,39
2026-05-14T16:51:55,SYSTEM,SYS,0,0,7,125
2026-05-14T16:51:55,SYSTEM,SYS,0,0,8,8144
2026-05-14T16:51:55,SYSTEM,SYS,0,0,12,77
2026-05-14T16:52:11,SENSOR,SYS,0,0,24,39
2026-05-14T16:52:41,SENSOR,SYS,0,0,24,39
2026-05-14T16:52:55,SYSTEM,SYS,0,0,7,125
2026-05-14T16:52:55,SYSTEM,SYS,0,0,8,8144
2026-05-14T16:52:55,SYSTEM,SYS,0,0,12,77
2026-05-14T16:53:12,SENSOR,SYS,0,0,24,39
2026-05-14T16:53:42,SENSOR,SYS,0,0,24,39
2026-05-14T16:53:55,SYSTEM,SYS,0,0,7,125
2026-05-14T16:53:55,SYSTEM,SYS,0,0,8,8144
2026-05-14T16:53:55,SYSTEM,SYS,0,0,12,77
2026-05-14T16:54:13,SENSOR,SYS,0,0,24,39
2026-05-14T16:54:43,SENSOR,SYS,0,0,24,39
2026-05-14T16:54:55,SYSTEM,SYS,0,0,7,125
2026-05-14T16:54:55,SYSTEM,SYS,0,0,8,8144
2026-05-14T16:54:55,SYSTEM,SYS,0,0,12,77
2026-05-14T16:55:14,SENSOR,SYS,0,0,24,39
2026-05-14T16:55:44,SENSOR,SYS,0,0,24,39
2026-05-14T16:55:55,SYSTEM,SYS,0,0,7,125
2026-05-14T16:55:55,SYSTEM,SYS,0,0,8,8144
2026-05-14T16:55:55,SYSTEM,SYS,0,0,12,77
2026-05-14T16:56:15,SENSOR,SYS,0,0,24,39
2026-05-14T16:56:46,SENSOR,SYS,0,0,24,39
2026-05-14T16:56:56,SYSTEM,SYS,0,0,7,125
2026-05-14T16:56:56,SYSTEM,SYS,0,0,8,8144
2026-05-14T16:56:56,SYSTEM,SYS,0,0,12,77
2026-05-14T16:57:16,SENSOR,SYS,0,0,24,39
2026-05-14T16:57:47,SENSOR,SYS,0,0,24,39
2026-05-14T16:57:56,SYSTEM,SYS,0,0,7,125
2026-05-14T16:57:56,SYSTEM,SYS,0,0,8,8144
2026-05-14T16:57:56,SYSTEM,SYS,0,0,12,77
2026-05-14T16:58:17,SENSOR,SYS,0,0,24,39
2026-05-14T16:58:48,SENSOR,SYS,0,0,24,38
2026-05-14T16:58:56,SYSTEM,SYS,0,0,7,125
2026-05-14T16:58:56,SYSTEM,SYS,0,0,8,8144
2026-05-14T16:58:56,SYSTEM,SYS,0,0,12,77
2026-05-14T16:59:19,SENSOR,SYS,0,0,24,38
2026-05-14T16:59:50,SENSOR,SYS,0,0,24,38
2026-05-14T16:59:57,SYSTEM,SYS,0,0,7,125
2026-05-14T16:59:57,SYSTEM,SYS,0,0,8,8144
2026-05-14T16:59:57,SYSTEM,SYS,0,0,12,77
2026-05-14T17:00:20,SENSOR,SYS,0,0,24,38
2026-05-14T17:00:51,SENSOR,SYS,0,0,24,38
2026-05-14T17:00:57,SYSTEM,SYS,0,0,7,125
2026-05-14T17:00:57,SYSTEM,SYS,0,0,8,8144
2026-05-14T17:00:57,SYSTEM,SYS,0,0,12,77
2026-05-14T17:01:21,SENSOR,SYS,0,0,24,38
2026-05-14T17:01:52,SENSOR,SYS,0,0,24,38
2026-05-14T17:01:57,SYSTEM,SYS,0,0,7,125
2026-05-14T17:01:57,SYSTEM,SYS,0,0,8,8144
2026-05-14T17:01:57,SYSTEM,SYS,0,0,12,77
2026-05-14T17:02:22,SENSOR,SYS,0,0,24,38
2026-05-14T17:02:53,SENSOR,SYS,0,0,24,38
2026-05-14T17:02:57,SYSTEM,SYS,0,0,7,125
2026-05-14T17:02:57,SYSTEM,SYS,0,0,8,8144
2026-05-14T17:02:57,SYSTEM,SYS,0,0,12,77
2026-05-14T17:03:23,SENSOR,SYS,0,0,24,38
2026-05-14T17:03:54,SENSOR,SYS,0,0,24,38
2026-05-14T17:03:57,SYSTEM,SYS,0,0,7,125
2026-05-14T17:03:57,SYSTEM,SYS,0,0,8,8144
2026-05-14T17:03:57,SYSTEM,SYS,0,0,12,77
2026-05-14T17:04:25,SENSOR,SYS,0,0,24,38
2026-05-14T17:04:56,SENSOR,SYS,0,0,24,38
2026-05-14T17:04:58,SYSTEM,SYS,0,0,7,125
2026-05-14T17:04:58,SYSTEM,SYS,0,0,8,8144
2026-05-14T17:04:58,SYSTEM,SYS,0,0,12,77
2026-05-14T17:05:26,SENSOR,SYS,0,0,24,38
2026-05-14T17:05:57,SENSOR,SYS,0,0,24,38
2026-05-14T17:05:58,SYSTEM,SYS,0,0,7,125
2026-05-14T17:05:58,SYSTEM,SYS,0,0,8,8144
2026-05-14T17:05:58,SYSTEM,SYS,0,0,12,77
2026-05-14T17:06:27,SENSOR,SYS,0,0,24,38
2026-05-14T17:06:58,SENSOR,SYS,0,0,24,38
2026-05-14T17:06:58,SYSTEM,SYS,0,0,7,125
2026-05-14T17:06:58,SYSTEM,SYS,0,0,8,8144
2026-05-14T17:06:58,SYSTEM,SYS,0,0,12,77
2026-05-14T17:07:28,SENSOR,SYS,0,0,24,38
2026-05-14T17:07:58,SYSTEM,SYS,0,0,7,125
2026-05-14T17:07:58,SYSTEM,SYS,0,0,8,8144
2026-05-14T17:07:58,SYSTEM,SYS,0,0,12,77
2026-05-14T17:07:59,SENSOR,SYS,0,0,24,39
2026-05-14T17:08:29,SENSOR,SYS,0,0,24,39
2026-05-14T17:08:58,SYSTEM,SYS,0,0,7,125
2026-05-14T17:08:58,SYSTEM,SYS,0,0,8,8144
2026-05-14T17:08:58,SYSTEM,SYS,0,0,12,77
2026-05-14T17:09:00,SENSOR,SYS,0,0,24,39
2026-05-14T17:09:30,SENSOR,SYS,0,0,24,39
2026-05-14T17:09:58,SYSTEM,SYS,0,0,7,125
2026-05-14T17:09:58,SYSTEM,SYS,0,0,8,8144
2026-05-14T17:09:58,SYSTEM,SYS,0,0,12,77
2026-05-14T17:10:01,SENSOR,SYS,0,0,24,39
2026-05-14T17:10:32,SENSOR,SYS,0,0,24,39
2026-05-14T17:11:04,SYSTEM,SYS,0,0,7,125
2026-05-14T17:11:04,SYSTEM,SYS,0,0,8,8144
2026-05-14T17:11:04,SYSTEM,SYS,0,0,12,77
2026-05-14T17:11:07,SENSOR,SYS,0,0,24,39
2026-05-14T17:11:33,SENSOR,SYS,0,0,24,39
2026-05-14T17:11:59,SYSTEM,SYS,0,0,7,125
2026-05-14T17:11:59,SYSTEM,SYS,0,0,8,8144
2026-05-14T17:11:59,SYSTEM,SYS,0,0,12,77
2026-05-14T17:12:03,SENSOR,SYS,0,0,24,39
2026-05-14T17:12:34,SENSOR,SYS,0,0,24,39
2026-05-14T17:12:59,SYSTEM,SYS,0,0,7,125
2026-05-14T17:12:59,SYSTEM,SYS,0,0,8,8144
2026-05-14T17:12:59,SYSTEM,SYS,0,0,12,77
2026-05-14T17:13:05,SENSOR,SYS,0,0,24,39
2026-05-14T17:13:36,SENSOR,SYS,0,0,24,39
2026-05-14T17:14:00,SYSTEM,SYS,0,0,7,125
2026-05-14T17:14:00,SYSTEM,SYS,0,0,8,8144
2026-05-14T17:14:00,SYSTEM,SYS,0,0,12,77
2026-05-14T17:14:06,SENSOR,SYS,0,0,24,39
2026-05-14T17:14:37,SENSOR,SYS,0,0,24,39
2026-05-14T17:15:00,SYSTEM,SYS,0,0,7,125
2026-05-14T17:15:00,SYSTEM,SYS,0,0,8,8144
2026-05-14T17:15:00,SYSTEM,SYS,0,0,12,77
2026-05-14T17:15:07,SENSOR,SYS,0,0,24,39
2026-05-14T17:15:38,SENSOR,SYS,0,0,24,39
2026-05-14T17:16:01,SYSTEM,SYS,0,0,7,125
2026-05-14T17:16:01,SYSTEM,SYS,0,0,8,8144
2026-05-14T17:16:01,SYSTEM,SYS,0,0,12,77
2026-05-14T17:16:09,SENSOR,SYS,0,0,24,39
2026-05-14T17:16:40,SENSOR,SYS,0,0,24,39
2026-05-14T17:17:01,SYSTEM,SYS,0,0,7,125
2026-05-14T17:17:01,SYSTEM,SYS,0,0,8,8144
2026-05-14T17:17:01,SYSTEM,SYS,0,0,12,77
2026-05-14T17:17:10,SENSOR,SYS,0,0,24,39
2026-05-14T17:17:41,SENSOR,SYS,0,0,24,39
2026-05-14T17:18:01,SYSTEM,SYS,0,0,7,125
2026-05-14T17:18:01,SYSTEM,SYS,0,0,8,8144
2026-05-14T17:18:01,SYSTEM,SYS,0,0,12,77
2026-05-14T17:18:11,SENSOR,SYS,0,0,24,39
2026-05-14T17:18:42,SENSOR,SYS,0,0,24,39
2026-05-14T17:19:01,SYSTEM,SYS,0,0,7,125
2026-05-14T17:19:01,SYSTEM,SYS,0,0,8,8144
2026-05-14T17:19:01,SYSTEM,SYS,0,0,12,77
2026-05-14T17:19:12,SENSOR,SYS,0,0,24,39
2026-05-14T17:19:43,SENSOR,SYS,0,0,24,39
2026-05-14T17:20:01,SYSTEM,SYS,0,0,7,125
2026-05-14T17:20:01,SYSTEM,SYS,0,0,8,8144
2026-05-14T17:20:01,SYSTEM,SYS,0,0,12,77
2026-05-14T17:20:13,SENSOR,SYS,0,0,24,39
2026-05-14T17:20:44,SENSOR,SYS,0,0,24,39
2026-05-14T17:21:01,SYSTEM,SYS,0,0,7,125
2026-05-14T17:21:01,SYSTEM,SYS,0,0,8,8144
2026-05-14T17:21:01,SYSTEM,SYS,0,0,12,77
2026-05-14T17:21:14,SENSOR,SYS,0,0,24,38
2026-05-14T17:21:45,SENSOR,SYS,0,0,24,38
2026-05-14T17:22:02,SYSTEM,SYS,0,0,7,125
2026-05-14T17:22:02,SYSTEM,SYS,0,0,8,8144
2026-05-14T17:22:02,SYSTEM,SYS,0,0,12,77
2026-05-14T17:22:16,SENSOR,SYS,0,0,24,38
2026-05-14T17:22:47,SENSOR,SYS,0,0,24,38
2026-05-14T17:23:02,SYSTEM,SYS,0,0,7,125
2026-05-14T17:23:02,SYSTEM,SYS,0,0,8,8144
2026-05-14T17:23:02,SYSTEM,SYS,0,0,12,77
2026-05-14T17:23:17,SENSOR,SYS,0,0,24,38
2026-05-14T17:23:48,SENSOR,SYS,0,0,24,38
2026-05-14T17:24:02,SYSTEM,SYS,0,0,7,125
2026-05-14T17:24:02,SYSTEM,SYS,0,0,8,8144
2026-05-14T17:24:02,SYSTEM,SYS,0,0,12,77
2026-05-14T17:24:18,SENSOR,SYS,0,0,24,38
2026-05-14T17:24:49,SENSOR,SYS,0,0,24,38
2026-05-14T17:25:02,SYSTEM,SYS,0,0,7,125
2026-05-14T17:25:02,SYSTEM,SYS,0,0,8,8144
2026-05-14T17:25:02,SYSTEM,SYS,0,0,12,77
2026-05-14T17:25:19,SENSOR,SYS,0,0,24,38
2026-05-14T17:25:50,SENSOR,SYS,0,0,24,38
2026-05-14T17:26:02,SYSTEM,SYS,0,0,7,125
2026-05-14T17:26:02,SYSTEM,SYS,0,0,8,8144
2026-05-14T17:26:02,SYSTEM,SYS,0,0,12,77
2026-05-14T17:26:20,SENSOR,SYS,0,0,24,38
2026-05-14T17:26:51,SENSOR,SYS,0,0,24,38
2026-05-14T17:27:03,SYSTEM,SYS,0,0,7,125
2026-05-14T17:27:03,SYSTEM,SYS,0,0,8,8144
2026-05-14T17:27:03,SYSTEM,SYS,0,0,12,77
2026-05-14T17:27:22,SENSOR,SYS,0,0,24,38
2026-05-14T17:27:52,SENSOR,SYS,0,0,24,38
2026-05-14T17:28:03,SYSTEM,SYS,0,0,7,125
2026-05-14T17:28:03,SYSTEM,SYS,0,0,8,8144
2026-05-14T17:28:03,SYSTEM,SYS,0,0,12,77
2026-05-14T17:28:23,SENSOR,SYS,0,0,24,38
2026-05-14T17:28:53,SENSOR,SYS,0,0,24,38
2026-05-14T17:29:03,SYSTEM,SYS,0,0,7,125
2026-05-14T17:29:03,SYSTEM,SYS,0,0,8,8144
2026-05-14T17:29:03,SYSTEM,SYS,0,0,12,77
2026-05-14T17:29:24,SENSOR,SYS,0,0,24,38
2026-05-14T17:29:55,SENSOR,SYS,0,0,24,38
2026-05-14T17:30:04,SYSTEM,SYS,0,0,7,125
2026-05-14T17:30:04,SYSTEM,SYS,0,0,8,8144
2026-05-14T17:30:04,SYSTEM,SYS,0,0,12,77
2026-05-14T17:30:26,SENSOR,SYS,0,0,24,38
2026-05-14T17:30:56,SENSOR,SYS,0,0,24,38
2026-05-14T17:31:04,SYSTEM,SYS,0,0,7,125
2026-05-14T17:31:04,SYSTEM,SYS,0,0,8,8144
2026-05-14T17:31:04,SYSTEM,SYS,0,0,12,77
2026-05-14T17:31:27,SENSOR,SYS,0,0,24,38
2026-05-14T17:31:57,SENSOR,SYS,0,0,24,38
2026-05-14T17:32:04,SYSTEM,SYS,0,0,7,125
2026-05-14T17:32:04,SYSTEM,SYS,0,0,8,8144
2026-05-14T17:32:04,SYSTEM,SYS,0,0,12,77
2026-05-14T17:32:28,SENSOR,SYS,0,0,24,38
2026-05-14T17:32:58,SENSOR,SYS,0,0,24,38
2026-05-14T17:33:04,SYSTEM,SYS,0,0,7,125
2026-05-14T17:33:04,SYSTEM,SYS,0,0,8,8144
2026-05-14T17:33:04,SYSTEM,SYS,0,0,12,77
2026-05-14T17:33:29,SENSOR,SYS,0,0,24,38
2026-05-14T17:33:59,SENSOR,SYS,0,0,24,38
2026-05-14T17:34:04,SYSTEM,SYS,0,0,7,125
2026-05-14T17:34:04,SYSTEM,SYS,0,0,8,8144
2026-05-14T17:34:04,SYSTEM,SYS,0,0,12,77
2026-05-14T17:34:30,SENSOR,SYS,0,0,24,38
2026-05-14T17:35:01,SENSOR,SYS,0,0,24,38
2026-05-14T17:35:05,SYSTEM,SYS,0,0,7,125
2026-05-14T17:35:05,SYSTEM,SYS,0,0,8,8144
2026-05-14T17:35:05,SYSTEM,SYS,0,0,12,77
2026-05-14T17:35:32,SENSOR,SYS,0,0,24,38
2026-05-14T17:36:02,SENSOR,SYS,0,0,24,38
2026-05-14T17:36:05,SYSTEM,SYS,0,0,7,125
2026-05-14T17:36:05,SYSTEM,SYS,0,0,8,8144
2026-05-14T17:36:05,SYSTEM,SYS,0,0,12,77
2026-05-14T17:36:33,SENSOR,SYS,0,0,24,38
2026-05-14T17:37:03,SENSOR,SYS,0,0,24,38
2026-05-14T17:37:05,SYSTEM,SYS,0,0,7,125
2026-05-14T17:37:05,SYSTEM,SYS,0,0,8,8144
2026-05-14T17:37:05,SYSTEM,SYS,0,0,12,77
2026-05-14T17:37:34,SENSOR,SYS,0,0,24,38
2026-05-14T17:38:04,SENSOR,SYS,0,0,24,38
2026-05-14T17:38:05,SYSTEM,SYS,0,0,7,125
2026-05-14T17:38:05,SYSTEM,SYS,0,0,8,8144
2026-05-14T17:38:05,SYSTEM,SYS,0,0,12,77
2026-05-14T17:38:35,SENSOR,SYS,0,0,24,38
2026-05-14T17:39:05,SYSTEM,SYS,0,0,7,125
2026-05-14T17:39:05,SYSTEM,SYS,0,0,8,8144
2026-05-14T17:39:05,SYSTEM,SYS,0,0,12,77
2026-05-14T17:39:05,SENSOR,SYS,0,0,24,38
2026-05-14T17:39:36,SENSOR,SYS,0,0,24,38
2026-05-14T17:40:05,SYSTEM,SYS,0,0,7,125
2026-05-14T17:40:05,SYSTEM,SYS,0,0,8,8144
2026-05-14T17:40:05,SYSTEM,SYS,0,0,12,77
2026-05-14T17:40:06,SENSOR,SYS,0,0,24,38
2026-05-14T17:40:37,SENSOR,SYS,0,0,24,38
2026-05-14T17:41:06,SYSTEM,SYS,0,0,7,125
2026-05-14T17:41:06,SYSTEM,SYS,0,0,8,8144
2026-05-14T17:41:06,SYSTEM,SYS,0,0,12,77
2026-05-14T17:41:08,SENSOR,SYS,0,0,24,38
2026-05-14T17:41:39,SENSOR,SYS,0,0,24,38
2026-05-14T17:42:06,SYSTEM,SYS,0,0,7,125
2026-05-14T17:42:06,SYSTEM,SYS,0,0,8,8144
2026-05-14T17:42:06,SYSTEM,SYS,0,0,12,77
2026-05-14T17:42:09,SENSOR,SYS,0,0,24,38
2026-05-14T17:42:39,SENSOR,SYS,0,0,24,38
2026-05-14T17:43:06,SYSTEM,SYS,0,0,7,125
2026-05-14T17:43:06,SYSTEM,SYS,0,0,8,8144
2026-05-14T17:43:06,SYSTEM,SYS,0,0,12,77
2026-05-14T17:43:10,SENSOR,SYS,0,0,24,38
2026-05-14T17:43:41,SENSOR,SYS,0,0,24,38
2026-05-14T17:44:07,SYSTEM,SYS,0,0,7,125
2026-05-14T17:44:07,SYSTEM,SYS,0,0,8,8144
2026-05-14T17:44:07,SYSTEM,SYS,0,0,12,77
2026-05-14T17:44:12,SENSOR,SYS,0,0,24,38
2026-05-14T17:44:42,SENSOR,SYS,0,0,24,38
2026-05-14T17:45:07,SYSTEM,SYS,0,0,7,125
2026-05-14T17:45:07,SYSTEM,SYS,0,0,8,8144
2026-05-14T17:45:07,SYSTEM,SYS,0,0,12,77
2026-05-14T17:45:13,SENSOR,SYS,0,0,24,38
2026-05-14T17:45:43,SENSOR,SYS,0,0,24,38
2026-05-14T17:46:07,SYSTEM,SYS,0,0,7,125
2026-05-14T17:46:07,SYSTEM,SYS,0,0,8,8144
2026-05-14T17:46:07,SYSTEM,SYS,0,0,12,77
2026-05-14T17:46:14,SENSOR,SYS,0,0,24,38
2026-05-14T17:46:44,SENSOR,SYS,0,0,24,38
2026-05-14T17:47:07,SYSTEM,SYS,0,0,7,125
2026-05-14T17:47:07,SYSTEM,SYS,0,0,8,8144
2026-05-14T17:47:07,SYSTEM,SYS,0,0,12,77
2026-05-14T17:47:15,SENSOR,SYS,0,0,24,38
2026-05-14T17:47:45,SENSOR,SYS,0,0,24,38
2026-05-14T17:48:07,SYSTEM,SYS,0,0,7,125
2026-05-14T17:48:07,SYSTEM,SYS,0,0,8,8144
2026-05-14T17:48:07,SYSTEM,SYS,0,0,12,77
2026-05-14T17:48:16,SENSOR,SYS,0,0,24,38
2026-05-14T17:48:47,SENSOR,SYS,0,0,24,38
2026-05-14T17:49:08,SYSTEM,SYS,0,0,7,125
2026-05-14T17:49:08,SYSTEM,SYS,0,0,8,8144
2026-05-14T17:49:08,SYSTEM,SYS,0,0,12,77
2026-05-14T17:49:18,SENSOR,SYS,0,0,24,38
2026-05-14T17:49:48,SENSOR,SYS,0,0,24,38
2026-05-14T17:50:08,SYSTEM,SYS,0,0,7,125
2026-05-14T17:50:08,SYSTEM,SYS,0,0,8,8144
2026-05-14T17:50:08,SYSTEM,SYS,0,0,12,77
2026-05-14T17:50:19,SENSOR,SYS,0,0,24,38
2026-05-14T17:50:49,SENSOR,SYS,0,0,24,38
2026-05-14T17:51:08,SYSTEM,SYS,0,0,7,125
2026-05-14T17:51:08,SYSTEM,SYS,0,0,8,8144
2026-05-14T17:51:08,SYSTEM,SYS,0,0,12,77
2026-05-14T17:51:20,SENSOR,SYS,0,0,24,38
2026-05-14T17:51:50,SENSOR,SYS,0,0,24,38
2026-05-14T17:52:08,SYSTEM,SYS,0,0,7,125
2026-05-14T17:52:08,SYSTEM,SYS,0,0,8,8144
2026-05-14T17:52:08,SYSTEM,SYS,0,0,12,77
2026-05-14T17:52:21,SENSOR,SYS,0,0,24,38
2026-05-14T17:52:52,SENSOR,SYS,0,0,24,38
2026-05-14T17:53:09,SYSTEM,SYS,0,0,7,125
2026-05-14T17:53:09,SYSTEM,SYS,0,0,8,8144
2026-05-14T17:53:09,SYSTEM,SYS,0,0,12,77
2026-05-14T17:53:23,SENSOR,SYS,0,0,24,38
2026-05-14T17:53:53,SENSOR,SYS,0,0,24,38
2026-05-14T17:54:09,SYSTEM,SYS,0,0,7,125
2026-05-14T17:54:09,SYSTEM,SYS,0,0,8,8144
2026-05-14T17:54:09,SYSTEM,SYS,0,0,12,77
2026-05-14T17:54:24,SENSOR,SYS,0,0,24,38
2026-05-14T17:54:54,SENSOR,SYS,0,0,24,38
2026-05-14T17:55:09,SYSTEM,SYS,0,0,7,125
2026-05-14T17:55:09,SYSTEM,SYS,0,0,8,8144
2026-05-14T17:55:09,SYSTEM,SYS,0,0,12,77
2026-05-14T17:55:25,SENSOR,SYS,0,0,24,38
2026-05-14T17:55:56,SENSOR,SYS,0,0,24,38
2026-05-14T17:56:10,SYSTEM,SYS,0,0,7,125
2026-05-14T17:56:10,SYSTEM,SYS,0,0,8,8144
2026-05-14T17:56:10,SYSTEM,SYS,0,0,12,77
2026-05-14T17:56:27,SENSOR,SYS,0,0,24,38
2026-05-14T17:56:57,SENSOR,SYS,0,0,24,38
2026-05-14T17:57:10,SYSTEM,SYS,0,0,7,125
2026-05-14T17:57:10,SYSTEM,SYS,0,0,8,8144
2026-05-14T17:57:10,SYSTEM,SYS,0,0,12,77
2026-05-14T17:57:28,SENSOR,SYS,0,0,24,38
2026-05-14T17:57:58,SENSOR,SYS,0,0,24,38
2026-05-14T17:58:10,SYSTEM,SYS,0,0,7,125
2026-05-14T17:58:10,SYSTEM,SYS,0,0,8,8144
2026-05-14T17:58:10,SYSTEM,SYS,0,0,12,77
2026-05-14T17:58:28,SENSOR,SYS,0,0,24,38
2026-05-14T17:58:59,SENSOR,SYS,0,0,24,38
2026-05-14T17:59:09,SYSTEM,SYS,0,0,7,125
2026-05-14T17:59:09,SYSTEM,SYS,0,0,8,8144
2026-05-14T17:59:09,SYSTEM,SYS,0,0,12,77
2026-05-14T17:59:30,SENSOR,SYS,0,0,24,38
2026-05-14T18:00:01,SENSOR,SYS,0,0,24,38
2026-05-14T18:00:10,SYSTEM,SYS,0,0,7,79
2026-05-14T18:00:10,SYSTEM,SYS,0,0,8,8144
2026-05-14T18:00:10,SYSTEM,SYS,0,0,12,69
2026-05-14T18:00:31,SENSOR,SYS,0,0,24,38
2026-05-14T18:01:02,SENSOR,SYS,0,0,24,38
2026-05-14T18:01:10,SYSTEM,SYS,0,0,7,125
2026-05-14T18:01:10,SYSTEM,SYS,0,0,8,8144
2026-05-14T18:01:10,SYSTEM,SYS,0,0,12,77
2026-05-14T18:01:32,SENSOR,SYS,0,0,24,38
2026-05-14T18:02:03,SENSOR,SYS,0,0,24,38
2026-05-14T18:02:10,SYSTEM,SYS,0,0,7,82
2026-05-14T18:02:10,SYSTEM,SYS,0,0,8,8144
2026-05-14T18:02:10,SYSTEM,SYS,0,0,12,71
2026-05-14T18:02:33,SENSOR,SYS,0,0,24,38
2026-05-14T18:03:04,SENSOR,SYS,0,0,24,38
2026-05-14T18:03:11,SYSTEM,SYS,0,0,7,125
2026-05-14T18:03:11,SYSTEM,SYS,0,0,8,8144
2026-05-14T18:03:11,SYSTEM,SYS,0,0,12,77
2026-05-14T18:03:34,SENSOR,SYS,0,0,24,38
2026-05-14T18:04:05,SENSOR,SYS,0,0,24,38
2026-05-14T18:04:11,SYSTEM,SYS,0,0,7,125
2026-05-14T18:04:11,SYSTEM,SYS,0,0,8,8144
2026-05-14T18:04:11,SYSTEM,SYS,0,0,12,77
2026-05-14T18:04:36,SENSOR,SYS,0,0,24,38
2026-05-14T18:05:07,SENSOR,SYS,0,0,24,38
2026-05-14T18:05:12,SYSTEM,SYS,0,0,7,125
2026-05-14T18:05:12,SYSTEM,SYS,0,0,8,8144
2026-05-14T18:05:12,SYSTEM,SYS,0,0,12,77
2026-05-14T18:05:37,SENSOR,SYS,0,0,24,38
2026-05-14T18:06:08,SENSOR,SYS,0,0,24,38
2026-05-14T18:06:12,SYSTEM,SYS,0,0,7,125
2026-05-14T18:06:12,SYSTEM,SYS,0,0,8,8144
2026-05-14T18:06:12,SYSTEM,SYS,0,0,12,77
2026-05-14T18:06:38,SENSOR,SYS,0,0,24,38
2026-05-14T18:07:09,SENSOR,SYS,0,0,24,38
2026-05-14T18:07:12,SYSTEM,SYS,0,0,7,125
2026-05-14T18:07:12,SYSTEM,SYS,0,0,8,8144
2026-05-14T18:07:12,SYSTEM,SYS,0,0,12,77
2026-05-14T18:07:39,SENSOR,SYS,0,0,24,38
2026-05-14T18:08:10,SENSOR,SYS,0,0,24,38
2026-05-14T18:08:12,SYSTEM,SYS,0,0,7,125
2026-05-14T18:08:12,SYSTEM,SYS,0,0,8,8144
2026-05-14T18:08:12,SYSTEM,SYS,0,0,12,77
2026-05-14T18:08:40,SENSOR,SYS,0,0,24,38
2026-05-14T18:09:11,SENSOR,SYS,0,0,24,38
2026-05-14T18:09:12,SYSTEM,SYS,0,0,7,125
2026-05-14T18:09:12,SYSTEM,SYS,0,0,8,8144
2026-05-14T18:09:12,SYSTEM,SYS,0,0,12,77
2026-05-14T18:09:42,SENSOR,SYS,0,0,24,38
2026-05-14T18:10:13,SENSOR,SYS,0,0,24,38
2026-05-14T18:10:13,SYSTEM,SYS,0,0,7,125
2026-05-14T18:10:13,SYSTEM,SYS,0,0,8,8144
2026-05-14T18:10:13,SYSTEM,SYS,0,0,12,77
2026-05-14T18:10:43,SENSOR,SYS,0,0,24,38
2026-05-14T18:11:13,SYSTEM,SYS,0,0,7,125
2026-05-14T18:11:13,SYSTEM,SYS,0,0,8,8144
2026-05-14T18:11:13,SYSTEM,SYS,0,0,12,77
2026-05-14T18:11:14,SENSOR,SYS,0,0,24,38
2026-05-14T18:11:44,SENSOR,SYS,0,0,24,38
2026-05-14T18:12:13,SYSTEM,SYS,0,0,7,125
2026-05-14T18:12:13,SYSTEM,SYS,0,0,8,8144
2026-05-14T18:12:13,SYSTEM,SYS,0,0,12,77
2026-05-14T18:12:15,SENSOR,SYS,0,0,24,38
2026-05-14T18:12:45,SENSOR,SYS,0,0,24,38
2026-05-14T18:13:13,SYSTEM,SYS,0,0,7,125
2026-05-14T18:13:13,SYSTEM,SYS,0,0,8,8144
2026-05-14T18:13:13,SYSTEM,SYS,0,0,12,77
2026-05-14T18:13:16,SENSOR,SYS,0,0,24,38
2026-05-14T18:13:47,SENSOR,SYS,0,0,24,38
2026-05-14T18:14:14,SYSTEM,SYS,0,0,7,125
2026-05-14T18:14:14,SYSTEM,SYS,0,0,8,8144
2026-05-14T18:14:14,SYSTEM,SYS,0,0,12,77
2026-05-14T18:14:17,SENSOR,SYS,0,0,24,38
2026-05-14T18:14:19,SYSTEM,SYS,0,0,7,269
2026-05-14T18:14:19,SYSTEM,SYS,0,0,8,8189
2026-05-14T18:14:19,SYSTEM,SYS,0,0,12,251
2026-05-14T18:14:20,SYSTEM,SYS,0,0,7,269
2026-05-14T18:14:20,SYSTEM,SYS,0,0,8,8189
2026-05-14T18:14:20,SYSTEM,SYS,0,0,12,251
2026-05-14T18:14:20,SYSTEM,SYS,0,0,10,0
2026-05-14T18:14:21,SYSTEM,SYS,0,0,5,4
2026-05-14T18:14:21,SYSTEM,SYS,0,0,11,23688
2026-05-14T18:14:23,SYSTEM,WEB,0,0,1,0
2026-05-14T18:14:26,SYSTEM,SYS,0,0,1,1
2026-05-14T18:14:27,SYSTEM,SYS,0,0,2,1
2026-05-14T18:14:27,SYSTEM,SYS,0,0,4,1
2026-05-14T18:14:28,ALARM,SYS,0,0,2,0
2026-05-14T18:14:59,SENSOR,SYS,0,0,24,38
2026-05-14T18:15:21,SYSTEM,SYS,0,0,7,127
2026-05-14T18:15:21,SYSTEM,SYS,0,0,8,8144
2026-05-14T18:15:21,SYSTEM,SYS,0,0,12,77
2026-05-14T18:15:29,SENSOR,SYS,0,0,24,38
2026-05-14T18:16:00,SENSOR,SYS,0,0,24,38
2026-05-14T18:16:20,SYSTEM,SYS,0,0,7,127
2026-05-14T18:16:20,SYSTEM,SYS,0,0,8,8144
2026-05-14T18:16:20,SYSTEM,SYS,0,0,12,77
2026-05-14T18:16:30,SENSOR,SYS,0,0,24,38
2026-05-14T18:17:06,SENSOR,SYS,0,0,24,38
2026-05-14T18:17:25,SYSTEM,SYS,0,0,7,127
2026-05-14T18:17:25,SYSTEM,SYS,0,0,8,8144
2026-05-14T18:17:25,SYSTEM,SYS,0,0,12,77
2026-05-14T18:17:31,SENSOR,SYS,0,0,24,38
2026-05-14T18:18:02,SENSOR,SYS,0,0,24,38
2026-05-14T18:18:20,SYSTEM,SYS,0,0,7,127
2026-05-14T18:18:20,SYSTEM,SYS,0,0,8,8144
2026-05-14T18:18:20,SYSTEM,SYS,0,0,12,77
2026-05-14T18:18:33,SENSOR,SYS,0,0,24,38
2026-05-14T18:19:04,SENSOR,SYS,0,0,24,38
2026-05-14T18:19:21,SYSTEM,SYS,0,0,7,127
2026-05-14T18:19:21,SYSTEM,SYS,0,0,8,8144
2026-05-14T18:19:21,SYSTEM,SYS,0,0,12,77
2026-05-14T18:19:34,SENSOR,SYS,0,0,24,38
2026-05-14T18:20:05,SENSOR,SYS,0,0,24,38
2026-05-14T18:20:21,SYSTEM,SYS,0,0,7,127
2026-05-14T18:20:21,SYSTEM,SYS,0,0,8,8144
2026-05-14T18:20:21,SYSTEM,SYS,0,0,12,77
2026-05-14T18:20:35,SENSOR,SYS,0,0,24,38
2026-05-14T18:21:06,SENSOR,SYS,0,0,24,38
2026-05-14T18:21:21,SYSTEM,SYS,0,0,7,127
2026-05-14T18:21:21,SYSTEM,SYS,0,0,8,8144
2026-05-14T18:21:21,SYSTEM,SYS,0,0,12,77
2026-05-14T18:21:36,SENSOR,SYS,0,0,24,38
2026-05-14T18:22:07,SENSOR,SYS,0,0,24,38
2026-05-14T18:22:21,SYSTEM,SYS,0,0,7,127
2026-05-14T18:22:21,SYSTEM,SYS,0,0,8,8144
2026-05-14T18:22:21,SYSTEM,SYS,0,0,12,77
2026-05-14T18:22:37,SENSOR,SYS,0,0,24,38
2026-05-14T18:23:08,SENSOR,SYS,0,0,24,38
2026-05-14T18:23:22,SYSTEM,SYS,0,0,7,127
2026-05-14T18:23:22,SYSTEM,SYS,0,0,8,8144
2026-05-14T18:23:22,SYSTEM,SYS,0,0,12,77
2026-05-14T18:23:39,SENSOR,SYS,0,0,24,38
2026-05-14T18:24:10,SENSOR,SYS,0,0,24,38
2026-05-14T18:24:22,SYSTEM,SYS,0,0,7,127
2026-05-14T18:24:22,SYSTEM,SYS,0,0,8,8144
2026-05-14T18:24:22,SYSTEM,SYS,0,0,12,77
2026-05-14T18:24:40,SENSOR,SYS,0,0,24,38
2026-05-14T18:25:11,SENSOR,SYS,0,0,24,38
2026-05-14T18:25:22,SYSTEM,SYS,0,0,7,126
2026-05-14T18:25:22,SYSTEM,SYS,0,0,8,8144
2026-05-14T18:25:22,SYSTEM,SYS,0,0,12,77
2026-05-14T18:25:41,SENSOR,SYS,0,0,24,38
2026-05-14T18:26:12,SENSOR,SYS,0,0,24,38
2026-05-14T18:26:22,SYSTEM,SYS,0,0,7,126
2026-05-14T18:26:22,SYSTEM,SYS,0,0,8,8144
2026-05-14T18:26:22,SYSTEM,SYS,0,0,12,77
2026-05-14T18:26:42,SENSOR,SYS,0,0,24,38
2026-05-14T18:27:13,SENSOR,SYS,0,0,24,38
2026-05-14T18:27:22,SYSTEM,SYS,0,0,7,127
2026-05-14T18:27:22,SYSTEM,SYS,0,0,8,8144
2026-05-14T18:27:22,SYSTEM,SYS,0,0,12,77
2026-05-14T18:27:43,SENSOR,SYS,0,0,24,38
2026-05-14T18:28:14,SENSOR,SYS,0,0,24,38
2026-05-14T18:28:23,SYSTEM,SYS,0,0,7,127
2026-05-14T18:28:23,SYSTEM,SYS,0,0,8,8144
2026-05-14T18:28:23,SYSTEM,SYS,0,0,12,77
2026-05-14T18:28:45,SENSOR,SYS,0,0,24,38
2026-05-14T18:29:16,SENSOR,SYS,0,0,24,38
2026-05-14T18:29:23,SYSTEM,SYS,0,0,7,126
2026-05-14T18:29:23,SYSTEM,SYS,0,0,8,8144
2026-05-14T18:29:23,SYSTEM,SYS,0,0,12,77
2026-05-14T18:29:46,SENSOR,SYS,0,0,24,38
2026-05-14T18:30:16,SENSOR,SYS,0,0,24,38
2026-05-14T18:30:23,SYSTEM,SYS,0,0,7,126
2026-05-14T18:30:23,SYSTEM,SYS,0,0,8,8144
2026-05-14T18:30:23,SYSTEM,SYS,0,0,12,77
2026-05-14T18:30:47,SENSOR,SYS,0,0,24,38
2026-05-14T18:31:18,SENSOR,SYS,0,0,24,38
2026-05-14T18:31:24,SYSTEM,SYS,0,0,7,126
2026-05-14T18:31:24,SYSTEM,SYS,0,0,8,8144
2026-05-14T18:31:24,SYSTEM,SYS,0,0,12,77
2026-05-14T18:31:49,SENSOR,SYS,0,0,24,38
2026-05-14T18:32:19,SENSOR,SYS,0,0,24,38
2026-05-14T18:32:24,SYSTEM,SYS,0,0,7,126
2026-05-14T18:32:24,SYSTEM,SYS,0,0,8,8144
2026-05-14T18:32:24,SYSTEM,SYS,0,0,12,77
2026-05-14T18:32:50,SENSOR,SYS,0,0,24,38
2026-05-14T18:33:20,SENSOR,SYS,0,0,24,38
2026-05-14T18:33:24,SYSTEM,SYS,0,0,7,126
2026-05-14T18:33:24,SYSTEM,SYS,0,0,8,8144
2026-05-14T18:33:24,SYSTEM,SYS,0,0,12,77
2026-05-14T18:33:51,SENSOR,SYS,0,0,24,38
2026-05-14T18:34:21,SENSOR,SYS,0,0,24,38
2026-05-14T18:34:24,SYSTEM,SYS,0,0,7,126
2026-05-14T18:34:24,SYSTEM,SYS,0,0,8,8144
2026-05-14T18:34:24,SYSTEM,SYS,0,0,12,77
2026-05-14T18:34:52,SENSOR,SYS,0,0,24,38
2026-05-14T18:35:23,SENSOR,SYS,0,0,24,38
2026-05-14T18:35:25,SYSTEM,SYS,0,0,7,126
2026-05-14T18:35:25,SYSTEM,SYS,0,0,8,8144
2026-05-14T18:35:25,SYSTEM,SYS,0,0,12,77
2026-05-14T18:35:54,SENSOR,SYS,0,0,24,38
2026-05-14T18:36:24,SENSOR,SYS,0,0,24,38
2026-05-14T18:36:25,SYSTEM,SYS,0,0,7,126
2026-05-14T18:36:25,SYSTEM,SYS,0,0,8,8144
2026-05-14T18:36:25,SYSTEM,SYS,0,0,12,77
2026-05-14T18:36:55,SENSOR,SYS,0,0,24,38
2026-05-14T18:37:25,SYSTEM,SYS,0,0,7,126
2026-05-14T18:37:25,SYSTEM,SYS,0,0,8,8144
2026-05-14T18:37:25,SYSTEM,SYS,0,0,12,77
2026-05-14T18:37:25,SENSOR,SYS,0,0,24,38
2026-05-14T18:37:56,SENSOR,SYS,0,0,24,38
2026-05-14T18:38:25,SYSTEM,SYS,0,0,7,124
2026-05-14T18:38:25,SYSTEM,SYS,0,0,8,8144
2026-05-14T18:38:25,SYSTEM,SYS,0,0,12,77
2026-05-14T18:38:26,SENSOR,SYS,0,0,24,38
