dateTime,airTemperature,airHumidity,lumosity
2026-03-17 00:02:48,6.94,100,NULL
2026-03-17 00:22:48,7.32,100,NULL
2026-03-17 00:42:48,7.63,100,NULL
2026-03-17 01:02:48,7.78,100,NULL
2026-03-17 01:22:48,7.96,100,NULL
2026-03-17 01:42:48,8.05,100,NULL
2026-03-17 02:02:48,8.13,100,NULL
2026-03-17 02:22:48,8.12,100,NULL
2026-03-17 02:42:48,8.15,100,NULL
2026-03-17 03:02:48,8.22,100,NULL
2026-03-17 03:42:48,8.4,100,NULL
2026-03-17 04:02:48,8.49,100,NULL
2026-03-17 04:22:48,8.53,100,NULL
2026-03-17 05:02:49,8.64,100,NULL
2026-03-17 05:22:48,8.69,100,NULL
2026-03-17 06:02:48,8.78,100,NULL
2026-03-17 06:22:48,8.79,100,NULL
2026-03-17 06:42:48,8.97,100,NULL
2026-03-17 07:02:47,9.04,100,NULL
2026-03-17 07:22:47,9.15,100,NULL
2026-03-17 08:22:47,10.06,100,NULL
2026-03-17 08:42:47,10.46,100,NULL
2026-03-17 09:22:47,11.03,100,NULL
2026-03-17 09:42:47,11.31,100,NULL
2026-03-17 10:02:50,11.55,100,NULL
2026-03-17 10:22:47,12.05,100,NULL
2026-03-17 11:02:47,12.57,100,NULL
2026-03-17 12:02:47,13.63,95.8,NULL
2026-03-17 13:42:47,15.94,91.9,NULL
2026-03-17 14:02:47,16.17,86.9,NULL
2026-03-17 14:22:47,16.35,87.1,NULL
2026-03-17 15:02:47,16.95,88,NULL
2026-03-17 15:22:47,17.4,89.5,NULL
2026-03-17 16:02:47,19.15,87.1,NULL
2026-03-17 16:22:47,19.52,85.6,NULL
2026-03-17 16:42:47,19.15,84.6,NULL
2026-03-17 17:22:47,17.77,85.4,NULL
2026-03-17 17:42:47,17.66,84.5,NULL
2026-03-17 18:02:47,16.58,82.8,NULL
2026-03-17 18:22:47,14.7,85.3,NULL
2026-03-17 18:42:46,13.02,88.4,NULL
2026-03-17 19:02:46,11.79,90.9,NULL
2026-03-17 19:22:46,10.79,92.7,NULL
2026-03-17 19:42:46,10.11,94.1,NULL
2026-03-17 20:02:46,9.53,95.1,NULL
2026-03-17 20:42:46,8.67,96.5,NULL
2026-03-17 21:02:49,8.4,97.4,NULL
2026-03-17 21:22:46,8.3,98.9,NULL
2026-03-17 21:42:46,8.09,100,NULL
2026-03-17 22:02:46,7.81,100,NULL
2026-03-17 22:22:46,7.54,100,NULL
2026-03-17 23:02:46,7.07,100,NULL
2026-03-17 23:22:46,6.94,100,NULL
2026-03-18 00:02:46,6.83,100,NULL
2026-03-18 00:22:46,6.86,100,NULL
2026-03-18 00:42:46,6.81,100,NULL
2026-03-18 01:02:46,6.76,100,NULL
2026-03-18 01:22:46,6.7,100,NULL
2026-03-18 01:42:46,6.59,100,NULL
2026-03-18 02:02:46,6.32,100,NULL
2026-03-18 02:22:46,6.02,100,NULL
2026-03-18 02:42:46,5.76,100,NULL
2026-03-18 03:02:46,5.5,100,NULL
2026-03-18 03:22:46,5.52,100,NULL
2026-03-18 03:42:46,5.57,100,NULL
2026-03-18 04:02:46,5.62,100,NULL
2026-03-18 04:22:46,5.5,100,NULL
2026-03-18 04:42:46,5.3,100,NULL
2026-03-18 05:02:46,4.96,100,NULL
2026-03-18 05:22:46,4.63,100,NULL
2026-03-18 05:42:46,4.31,100,NULL
2026-03-18 06:02:46,4.08,100,NULL
2026-03-18 06:22:46,3.9,100,NULL
2026-03-18 06:42:46,3.68,100,NULL
2026-03-18 07:02:46,3.64,100,NULL
2026-03-18 08:02:46,5.87,100,NULL
2026-03-18 08:22:46,7.54,100,NULL
2026-03-18 08:42:46,9.07,100,NULL
2026-03-18 09:02:46,11.04,100,NULL
2026-03-18 10:22:46,20.88,73.3,NULL
2026-03-18 10:42:45,23.8,70.5,NULL
2026-03-18 11:02:46,25.31,67.1,NULL
2026-03-18 11:22:45,26.72,64.9,NULL
2026-03-18 11:42:45,27.86,65,NULL
2026-03-18 12:02:45,28.33,65.6,NULL
2026-03-18 12:22:45,28.51,66.7,NULL
2026-03-18 12:42:45,29.29,65.8,NULL
2026-03-18 13:22:45,29.6,64.3,NULL
2026-03-18 13:42:45,30.56,65.1,NULL
2026-03-18 14:02:45,31.15,64.3,NULL
2026-03-18 14:22:45,31.72,64.9,NULL
2026-03-18 14:42:45,32.08,63.8,NULL
2026-03-18 15:02:45,31.74,62.7,NULL
2026-03-18 15:22:45,31.22,65.6,NULL
2026-03-18 15:42:45,30.45,65,NULL
2026-03-18 16:02:45,30.32,53.1,NULL
2026-03-18 16:22:45,28.96,56,NULL
2026-03-18 16:42:45,27.78,56.8,NULL
2026-03-18 17:02:45,24.72,65.3,NULL
2026-03-18 17:22:45,23.23,67.7,NULL
2026-03-18 17:42:45,21.94,68.1,NULL
2026-03-18 18:22:47,16.54,78.3,NULL
2026-03-18 18:42:45,14.31,83,NULL
2026-03-18 19:22:45,11.22,88.1,NULL
2026-03-18 19:42:45,10.23,89.4,NULL
2026-03-18 20:02:45,9.53,91,NULL
2026-03-18 20:22:45,8.96,92,NULL
2026-03-18 20:42:45,8.47,92.6,NULL
2026-03-18 21:22:44,7.54,93.7,NULL
2026-03-18 21:42:44,7.15,94.4,NULL
2026-03-18 22:02:44,6.9,95.2,NULL
2026-03-18 22:22:44,6.7,96.3,NULL
2026-03-18 22:42:44,6.41,97.3,NULL
2026-03-18 23:02:44,6.07,97.9,NULL
2026-03-19 00:02:44,5.07,98.5,NULL
2026-03-19 00:22:44,4.75,98.5,NULL
2026-03-19 00:42:44,4.52,98.7,NULL
2026-03-19 01:02:44,4.21,98.9,NULL
2026-03-19 01:22:44,3.94,99.3,NULL
2026-03-19 01:42:44,3.71,99.7,NULL
2026-03-19 02:02:44,3.49,100,NULL
2026-03-19 02:22:44,3.25,100,NULL
2026-03-19 02:42:44,3.23,100,NULL
2026-03-19 03:02:44,2.97,100,NULL
2026-03-19 03:22:44,2.77,100,NULL
2026-03-19 03:42:44,2.56,100,NULL
2026-03-19 04:02:44,2.39,100,NULL
2026-03-19 04:22:44,2.24,100,NULL
2026-03-19 05:02:44,2.06,100,NULL
2026-03-19 05:22:44,2.01,100,NULL
2026-03-19 05:42:44,1.87,100,NULL
2026-03-19 06:02:44,1.74,100,NULL
2026-03-19 06:22:44,1.67,100,NULL
2026-03-19 06:42:44,1.63,100,NULL
2026-03-19 07:02:44,1.74,100,NULL
2026-03-19 07:22:44,2.15,100,NULL
2026-03-19 07:42:44,2.85,100,NULL
2026-03-19 08:02:44,3.9,100,NULL
2026-03-19 08:42:44,6.94,100,NULL
2026-03-19 09:02:44,9.48,100,NULL
2026-03-19 09:22:44,12.39,100,NULL
2026-03-19 09:42:44,16.17,90,NULL
2026-03-19 10:22:44,21.68,56.6,NULL
2026-03-19 11:02:44,18.47,58.1,NULL
2026-03-19 11:22:44,19.59,56,NULL
2026-03-19 11:42:44,20.12,53.9,NULL
2026-03-19 12:42:44,23.41,47.1,NULL
2026-03-19 13:02:44,22.87,46.8,NULL
2026-03-19 13:22:43,22.64,47.7,NULL
2026-03-19 13:42:43,23.19,44.4,NULL
2026-03-19 14:02:43,23.5,42.3,NULL
2026-03-19 14:22:43,23.53,44.6,NULL
2026-03-19 15:02:43,23.73,41.3,NULL
2026-03-19 15:22:43,22.9,42.2,NULL
2026-03-19 16:02:43,21.72,44.3,NULL
2026-03-19 16:22:43,20.85,46,NULL
2026-03-19 16:42:43,20.53,43.1,NULL
2026-03-19 17:02:43,19.86,44.6,NULL
2026-03-19 17:22:43,18.8,45.3,NULL
2026-03-19 17:42:43,17.46,50.7,NULL
2026-03-19 18:02:44,16.18,66.7,NULL
2026-03-19 18:42:43,13.18,81.3,NULL
2026-03-19 19:02:43,11.7,84.5,NULL
2026-03-19 19:22:43,10.56,86.7,NULL
2026-03-19 19:42:43,9.82,89.2,NULL
2026-03-19 20:02:43,9.48,91,NULL
2026-03-19 20:22:43,9.03,91.3,NULL
2026-03-19 21:22:43,7.93,93,NULL
2026-03-19 21:42:43,7.65,93.8,NULL
2026-03-19 22:02:43,7.25,93.8,NULL
2026-03-19 22:22:43,7.09,94.5,NULL
2026-03-19 22:42:43,6.86,95.2,NULL
2026-03-19 23:02:43,6.61,95.8,NULL
2026-03-19 23:22:43,6.28,96,NULL
2026-03-19 23:42:43,6.16,96.4,NULL
2026-03-20 00:02:43,6.19,97.7,NULL
2026-03-20 00:22:43,6.18,99.2,NULL
2026-03-20 00:42:43,6.36,100,NULL
2026-03-20 01:02:43,6.68,100,NULL
2026-03-20 01:22:43,6.85,100,NULL
2026-03-20 01:42:42,6.61,100,NULL
2026-03-20 02:02:42,6.19,100,NULL
2026-03-20 02:42:42,5.62,100,NULL
2026-03-20 03:02:42,5.68,100,NULL
2026-03-20 03:22:42,5.78,100,NULL
2026-03-20 03:42:42,5.73,100,NULL
2026-03-20 04:02:42,6.11,100,NULL
2026-03-20 04:22:42,6.65,100,NULL
2026-03-20 05:02:42,6.78,100,NULL
2026-03-20 05:22:42,6.23,100,NULL
2026-03-20 05:42:42,5.73,100,NULL
2026-03-20 06:02:42,5.33,100,NULL
2026-03-20 06:42:42,4.96,100,NULL
2026-03-20 07:02:42,4.96,100,NULL
2026-03-20 07:22:42,5.38,100,NULL
2026-03-20 07:42:42,6.34,100,NULL
2026-03-20 08:02:42,7.45,100,NULL
2026-03-20 08:22:42,8.59,100,NULL
2026-03-20 08:42:42,9.87,100,NULL
2026-03-20 09:02:42,11.55,94.8,NULL
2026-03-20 09:22:42,13.95,89.4,NULL
2026-03-20 09:42:42,17.54,76.7,NULL
2026-03-20 10:02:42,17.72,50.9,NULL
2026-03-20 10:22:42,15.34,57.1,NULL
2026-03-20 10:42:42,15.16,54.4,NULL
2026-03-20 11:02:42,15.76,56,NULL
2026-03-20 11:22:42,16.46,52.6,NULL
2026-03-20 11:42:42,17.05,47.8,NULL
2026-03-20 12:02:42,16.96,45.9,NULL
2026-03-20 12:22:42,17.95,48.3,NULL
2026-03-20 12:42:42,18.33,45.5,NULL
2026-03-20 13:22:42,18.21,44.4,NULL
2026-03-20 13:42:42,18.45,43.6,NULL
2026-03-20 14:02:42,18.09,42.2,NULL
2026-03-20 14:22:42,18.06,45,NULL
2026-03-20 14:42:42,18.12,43.5,NULL
2026-03-20 15:02:42,18.35,44,NULL
2026-03-20 15:22:41,18.3,43.4,NULL
2026-03-20 16:02:41,17.68,44.1,NULL
2026-03-20 16:22:41,17.23,44.1,NULL
2026-03-20 16:42:41,17.09,42.6,NULL
2026-03-20 17:02:41,17.92,60.4,NULL
2026-03-20 17:22:41,19.17,66.5,NULL
2026-03-20 17:42:41,18.31,69.4,NULL
2026-03-20 18:02:41,17.09,69.8,NULL
2026-03-20 18:22:41,14.36,75.4,NULL
2026-03-20 18:42:41,12.11,79.5,NULL
2026-03-20 19:02:41,10.36,83.5,NULL
2026-03-20 19:22:41,9.12,86,NULL
2026-03-20 19:42:41,8.44,88.1,NULL
2026-03-20 20:02:41,7.92,89.4,NULL
2026-03-20 20:22:41,7.47,90.3,NULL
2026-03-20 21:22:41,6.29,92,NULL
2026-03-20 22:02:41,5.69,93.3,NULL
2026-03-21 11:51:44,17.16,63.7,NULL
2026-03-21 12:11:42,19.42,55.7,NULL
2026-03-21 12:31:42,20.53,51.5,NULL
2026-03-21 12:38:30,20.75,53.2,NULL
2026-03-24 10:28:28,21.38,68.5,NULL
2026-03-24 10:29:08,22.03,69.7,NULL
2026-03-24 10:49:08,23.36,60.3,NULL
2026-03-24 11:09:08,24.39,62.9,NULL
2026-03-24 11:29:08,25.32,58,NULL
2026-03-24 11:49:08,24.5,58.2,NULL
2026-03-24 12:09:08,23.92,60.6,NULL
2026-03-24 12:49:08,25.32,63.2,NULL
2026-03-24 13:09:08,24.4,57.8,NULL
2026-03-24 13:29:07,22.85,59,NULL
2026-03-24 14:09:07,20.87,74.5,NULL
2026-03-24 14:29:07,19.86,72.8,NULL
2026-03-24 14:49:07,18.85,76.9,NULL
2026-03-24 15:29:07,17.99,76.1,NULL
2026-03-24 16:09:07,17.2,81.4,NULL
2026-03-24 16:49:07,16.04,83.6,NULL
2026-03-24 17:09:07,15.14,70.4,NULL
2026-03-24 17:29:07,14.31,69.8,NULL
2026-03-24 17:49:07,13.7,70.3,NULL
2026-03-24 18:09:07,13.09,71.5,NULL
2026-03-24 18:29:07,12.42,70.5,NULL
2026-03-24 18:49:07,11.8,72.1,NULL
2026-03-24 19:09:06,11.41,72.7,NULL
2026-03-24 19:29:06,11.07,73.5,NULL
2026-03-24 19:49:06,10.66,74.8,NULL
2026-03-24 20:09:06,10.58,76.2,NULL
2026-03-24 20:29:06,10.62,74.7,NULL
2026-03-24 20:49:06,10.78,74.3,NULL
2026-03-24 21:09:06,10.69,74.4,NULL
2026-03-24 21:29:06,10.72,74.9,NULL
2026-03-24 21:49:13,10.87,74.2,NULL
2026-03-24 22:09:06,10.62,74.4,NULL
2026-03-24 22:29:06,10.59,74.8,NULL
2026-03-24 22:49:06,10.66,75.3,NULL
2026-03-24 23:09:06,10.8,73.6,NULL
2026-03-24 23:29:06,11.04,73.2,NULL
2026-03-25 00:09:06,11.75,69.7,NULL
2026-03-25 00:29:06,11.94,69.9,NULL
2026-03-25 00:49:06,11.9,71.7,NULL
2026-03-25 01:29:06,10.84,81,NULL
2026-03-25 02:09:05,10.19,85.2,NULL
2026-03-25 02:29:12,9.72,83,NULL
2026-03-25 02:49:12,9.12,84.3,NULL
2026-03-25 03:09:05,8.79,83.7,NULL
2026-03-25 03:29:05,8.78,85.6,NULL
2026-03-25 03:49:05,8.25,82.8,NULL
2026-03-25 04:09:05,7.36,84.4,NULL
2026-03-25 04:29:05,7.1,85.3,NULL
2026-03-25 04:49:05,7.06,83.5,NULL
2026-03-25 05:09:05,7.15,81.6,NULL
2026-03-25 05:29:05,7.39,80,NULL
2026-03-25 06:09:05,7.33,85,NULL
2026-03-25 06:29:05,7.39,86.6,NULL
2026-03-25 06:49:05,7.15,88.1,NULL
2026-03-25 07:09:05,6.67,87.2,NULL
2026-03-25 07:29:05,6.58,89,NULL
2026-03-25 07:49:05,7.12,90,NULL
2026-03-25 08:09:05,7.46,89,NULL
2026-03-25 08:29:05,7.9,87.8,NULL
2026-03-25 08:49:05,7.93,85,NULL
2026-03-25 09:09:05,7.56,83.5,NULL
2026-03-25 09:29:04,8.89,86,NULL
2026-03-25 09:49:04,10.43,88.6,NULL
2026-03-25 10:09:04,10.69,87.2,NULL
2026-03-25 10:29:04,10.74,88,NULL
2026-03-25 10:49:04,12.19,89,NULL
2026-03-25 11:29:04,12.95,87.5,NULL
2026-03-25 11:49:04,17.37,80.3,NULL
2026-03-25 12:09:04,16,77.4,NULL
2026-03-25 12:29:04,19.58,77.6,NULL
2026-03-25 13:29:04,18.66,71.3,NULL
2026-03-25 14:29:04,15.65,74.3,NULL
2026-03-25 14:49:04,17.32,78.4,NULL
2026-03-25 15:09:04,15.81,76.2,NULL
2026-03-25 15:29:03,17.35,77.6,NULL
2026-03-25 15:49:03,18,72.8,NULL
2026-03-25 16:09:03,15.34,75.2,NULL
2026-03-25 16:29:10,13.28,79.5,NULL
2026-03-25 16:49:03,11.99,83.6,NULL
2026-03-25 17:09:03,11.28,84.3,NULL
2026-03-25 17:29:03,10.25,85,NULL
2026-03-25 17:49:10,9,86.7,NULL
2026-03-25 18:09:03,8.01,86.7,NULL
2026-03-25 18:29:03,6.94,88.2,NULL
2026-03-25 18:49:03,6.29,90,NULL
2026-03-25 19:09:03,5.94,91.3,NULL
2026-03-25 19:29:03,5.47,92,NULL
2026-03-25 19:49:03,5.37,92.8,NULL
2026-03-25 20:29:03,4.97,95.6,NULL
2026-03-25 20:49:03,4.86,95.8,NULL
2026-03-25 21:09:03,5.08,97,NULL
2026-03-25 21:49:03,5.25,100,NULL
2026-03-25 22:09:03,5.08,100,NULL
2026-03-25 22:29:03,5.2,100,NULL
2026-03-25 22:49:03,5.31,100,NULL
2026-03-25 23:09:02,5.41,100,NULL
2026-03-25 23:29:02,5.5,100,NULL
2026-03-25 23:49:02,5.39,100,NULL
2026-03-26 00:09:02,4.87,100,NULL
2026-03-26 00:29:02,4.87,100,NULL
2026-03-26 00:49:02,5.03,100,NULL
2026-03-26 01:09:02,4.71,100,NULL
2026-03-26 01:29:02,4.18,100,NULL
2026-03-26 01:49:02,3.51,100,NULL
2026-03-26 02:29:02,3.33,100,NULL
2026-03-26 02:49:02,3.78,100,NULL
2026-03-26 03:49:02,3.23,100,NULL
2026-03-26 04:09:02,2.74,100,NULL
2026-03-26 04:29:02,2.5,100,NULL
2026-03-26 05:09:02,2.74,100,NULL
2026-03-26 05:29:02,2.57,100,NULL
2026-03-26 05:49:02,2.86,100,NULL
2026-03-26 06:09:09,3.42,100,NULL
2026-03-26 06:29:02,4,100,NULL
2026-03-26 06:49:02,4.31,100,NULL
2026-03-26 07:09:02,3.94,100,NULL
2026-03-26 07:29:09,4.48,100,NULL
2026-03-26 08:09:02,7.78,100,NULL
2026-03-26 08:29:01,10.81,100,NULL
2026-03-26 08:49:01,15.22,94,NULL
2026-03-26 09:09:01,17.89,75.5,NULL
2026-03-26 09:29:08,19.95,65.4,NULL
2026-03-26 09:49:01,13.58,70.3,NULL
2026-03-26 10:09:01,15.82,72.9,NULL
2026-03-26 10:29:01,18.76,61.5,NULL
2026-03-26 10:49:08,19.52,57.3,NULL
2026-03-26 11:09:08,17.64,59.4,NULL
2026-03-26 11:29:08,17.64,56.4,NULL
2026-03-26 11:49:08,18.74,52.6,NULL
2026-03-26 12:09:08,18.66,58.8,NULL
2026-03-26 12:29:01,17.67,61.1,NULL
2026-03-26 12:49:01,20.29,53.8,NULL
2026-03-26 13:49:01,17.75,57.7,NULL
2026-03-26 14:09:01,19.28,52.7,NULL
2026-03-26 14:29:00,19.2,52.7,NULL
2026-03-26 14:49:00,18.33,51,NULL
2026-03-26 15:09:00,13.32,61.7,NULL
2026-03-26 15:29:00,13.17,73,NULL
2026-03-26 15:49:00,16.17,62.3,NULL
2026-03-26 16:09:00,15.78,64.3,NULL
2026-03-26 16:29:07,12.21,62.5,NULL
2026-03-26 16:49:00,9.55,74,NULL
2026-03-26 17:09:00,8.55,80.3,NULL
2026-03-26 17:29:07,7.94,83.2,NULL
2026-03-26 18:09:00,6.05,85.2,NULL
2026-03-26 18:29:00,5.08,87.5,NULL
2026-03-26 18:49:00,4.3,89,NULL
2026-03-26 19:09:00,3.81,90.6,NULL
2026-03-26 19:29:00,3.62,92,NULL
2026-03-26 19:49:14,3.45,93.7,NULL
2026-03-26 20:09:07,3.71,95.5,NULL
2026-03-26 20:29:00,3.89,97.9,NULL
2026-03-26 20:49:00,3.75,99.7,NULL
2026-03-26 21:09:00,3.62,100,NULL
2026-03-26 21:29:00,3.35,100,NULL
2026-03-26 21:49:00,3.19,100,NULL
2026-03-26 22:09:06,2.76,100,NULL
2026-03-26 22:28:59,2.45,100,NULL
2026-03-26 22:48:59,2.37,100,NULL
2026-03-26 23:08:59,2.26,100,NULL
2026-03-27 00:08:59,1.93,100,NULL
2026-03-27 00:28:59,1.86,100,NULL
2026-03-27 00:49:06,1.77,100,NULL
2026-03-27 01:09:06,1.6,100,NULL
2026-03-27 01:28:59,1.44,100,NULL
2026-03-27 01:48:59,1.31,100,NULL
2026-03-27 02:08:59,1.16,100,NULL
2026-03-27 02:28:59,1.12,100,NULL
2026-03-27 02:48:59,1.04,100,NULL
2026-03-27 03:08:59,0.9,100,NULL
2026-03-27 03:28:59,0.82,100,NULL
2026-03-27 03:49:06,0.82,100,NULL
2026-03-27 04:08:59,0.69,100,NULL
2026-03-27 04:28:59,0.49,100,NULL
2026-03-27 05:08:59,-0.01,100,NULL
2026-03-27 05:48:59,0.13,100,NULL
2026-03-27 06:08:59,1.21,100,NULL
2026-03-27 06:28:59,2.66,100,NULL
2026-03-27 06:48:59,3.49,100,NULL
2026-03-27 07:08:59,4.65,100,NULL
2026-03-27 08:08:58,11.25,97.8,NULL
2026-03-27 08:28:58,14.81,76.6,NULL
2026-03-27 08:48:58,16.79,70.6,NULL
2026-03-27 09:08:58,18.58,66.2,NULL
2026-03-27 09:29:05,20.37,65.1,NULL
2026-03-27 09:49:05,21.97,56.9,NULL
2026-03-27 10:08:58,22.98,58.6,NULL
2026-03-27 10:28:58,24.82,58.3,NULL
2026-03-27 10:48:58,26.98,55.1,NULL
2026-03-27 11:08:58,25.32,53.5,NULL
2026-03-27 11:28:58,24.7,57.2,NULL
2026-03-27 11:48:58,27.05,53.7,NULL
2026-03-27 12:08:58,24.74,53.9,NULL
2026-03-27 12:28:58,24.2,58.1,NULL
2026-03-27 13:08:58,21.42,58.6,NULL
2026-03-27 13:28:58,21.09,63,NULL
2026-03-27 14:08:57,19.99,65.2,NULL
2026-03-27 14:28:57,18.87,67.8,NULL
2026-03-27 15:08:57,17.54,67,NULL
2026-03-27 15:28:57,17.09,67.3,NULL
2026-03-27 15:48:57,17,76,NULL
2026-03-27 16:09:04,16.36,79.8,NULL
2026-03-27 16:28:57,15.2,81.5,NULL
2026-03-27 16:49:04,14.3,83.8,NULL
2026-03-27 17:08:57,13.6,84.9,NULL
2026-03-27 17:28:57,12.84,85.9,NULL
2026-03-27 17:48:57,11.94,87.2,NULL
2026-03-27 18:08:57,11.33,88.4,NULL
2026-03-27 18:28:57,10.84,89.8,NULL
2026-03-27 18:48:57,10.45,90.7,NULL
2026-03-27 19:08:57,10.11,91.4,NULL
2026-03-27 19:28:57,9.71,91.7,NULL
2026-03-27 20:08:57,9.04,92.4,NULL
2026-03-27 20:28:56,8.78,92.7,NULL
2026-03-27 20:48:56,8.71,93.5,NULL
2026-03-27 21:08:56,8.77,95,NULL
2026-03-27 21:28:56,8.78,96.9,NULL
2026-03-27 21:48:56,8.78,98.3,NULL
2026-03-27 22:08:56,8.78,99,NULL
2026-03-27 22:28:56,8.78,99.6,NULL
2026-03-27 22:48:56,8.78,99.8,NULL
2026-03-27 23:08:56,8.66,100,NULL
2026-03-27 23:28:56,8.57,99.9,NULL
2026-03-27 23:48:56,8.4,99.9,NULL
2026-03-28 00:08:56,8.11,99.8,NULL
2026-03-28 00:28:56,7.9,99.7,NULL
2026-03-28 01:28:56,7.59,100,NULL
2026-03-28 01:48:56,7.56,100,NULL
2026-03-28 02:08:56,7.54,100,NULL
2026-03-28 02:28:56,7.53,100,NULL
2026-03-28 02:49:03,7.52,100,NULL
2026-03-28 03:08:56,7.53,100,NULL
2026-03-28 03:28:56,7.55,100,NULL
2026-03-28 03:48:56,7.62,100,NULL
2026-03-28 04:48:55,7.56,100,NULL
2026-03-28 05:08:55,7.45,100,NULL
2026-03-28 05:28:55,7.49,100,NULL
2026-03-28 05:48:55,7.48,100,NULL
2026-03-28 06:08:55,7.49,100,NULL
2026-03-28 06:48:55,8.43,100,NULL
2026-03-28 07:08:55,9.24,100,NULL
2026-03-28 07:28:55,9.24,100,NULL
2026-03-28 07:48:55,8.94,100,NULL
2026-03-28 08:08:55,8.78,100,NULL
2026-03-28 08:28:55,8.78,100,NULL
2026-03-28 08:48:55,8.81,100,NULL
2026-03-28 09:08:55,9.59,100,NULL
2026-03-28 09:28:55,10.85,100,NULL
2026-03-28 09:48:55,13.95,97.3,NULL
2026-03-28 10:08:55,16.54,85.3,NULL
2026-03-28 10:28:55,17.46,81.8,NULL
2026-03-28 11:28:54,21.96,77.8,NULL
2026-03-28 12:08:54,24.61,68.7,NULL
2026-03-28 12:48:54,22.23,69,NULL
2026-03-28 13:28:54,20.64,70.1,NULL
2026-03-28 13:48:54,19.97,76.3,NULL
2026-03-28 14:28:54,19.78,72.7,NULL
2026-03-28 15:08:54,23.27,71.9,NULL
2026-03-28 15:28:54,21.86,69.6,NULL
2026-03-28 15:48:54,22.36,66.1,NULL
2026-03-28 16:08:54,20.43,68.4,NULL
2026-03-28 16:28:54,19.87,68.1,NULL
2026-03-28 16:48:54,19.34,66.3,NULL
2026-03-28 17:08:53,16.87,68.7,NULL
2026-03-28 17:28:53,12.93,77,NULL
2026-03-28 17:48:53,10.52,83.1,NULL
2026-03-28 18:28:53,8.3,87.9,NULL
2026-03-28 18:48:53,7.47,90.1,NULL
2026-03-28 19:08:53,7.01,91.7,NULL
2026-03-28 19:28:53,6.35,91.9,NULL
2026-03-28 19:48:53,5.89,92.5,NULL
2026-03-28 20:08:53,6.02,94.7,NULL
2026-03-28 20:28:53,6.22,97.9,NULL
2026-03-28 20:49:00,6.42,100,NULL
2026-03-28 21:08:53,6.75,100,NULL
2026-03-28 21:28:53,6.64,100,NULL
2026-03-28 21:48:53,6.51,100,NULL
2026-03-28 22:09:00,6.19,100,NULL
2026-03-28 22:49:00,5.94,100,NULL
2026-03-28 23:08:53,5.47,100,NULL
2026-03-28 23:28:53,5.19,100,NULL
2026-03-28 23:48:53,5.32,100,NULL
2026-03-29 00:09:00,5.26,100,NULL
2026-03-29 00:28:53,5.14,100,NULL
2026-03-29 00:48:53,4.65,100,NULL
2026-03-29 01:08:52,4.2,100,NULL
2026-03-29 01:28:52,3.84,100,NULL
2026-03-29 01:48:59,3.9,100,NULL
2026-03-29 02:08:59,4.11,100,NULL
2026-03-29 02:28:52,3.83,100,NULL
2026-03-29 02:48:52,3.36,100,NULL
2026-03-29 03:08:52,3.15,100,NULL
2026-03-29 03:28:52,2.85,100,NULL
2026-03-29 03:48:52,2.63,100,NULL
2026-03-29 04:28:52,2.37,100,NULL
2026-03-29 04:48:52,2.24,100,NULL
2026-03-29 05:08:52,2.18,100,NULL
2026-03-29 05:28:52,2.19,100,NULL
2026-03-29 05:48:52,2.41,100,NULL
2026-03-29 06:08:52,3.19,100,NULL
2026-03-29 06:28:52,3.95,100,NULL
2026-03-29 07:08:52,6.72,100,NULL
2026-03-29 07:28:52,8.78,100,NULL
2026-03-29 07:48:59,11.03,100,NULL
2026-03-29 08:08:52,13.7,100,NULL
2026-03-29 08:28:52,17.09,87.4,NULL
2026-03-29 08:48:59,19.87,76.4,NULL
2026-03-29 09:08:52,22.29,73.2,NULL
2026-03-29 09:48:51,23.78,50.7,NULL
2026-03-29 10:08:51,24.83,66.6,NULL
2026-03-29 10:28:58,22.73,68,NULL
2026-03-29 10:48:58,24.8,76.4,NULL
2026-03-29 11:08:51,28.27,67.1,NULL
2026-03-29 11:28:58,25.98,67.9,NULL
2026-03-29 11:48:51,26.6,72.4,NULL
2026-03-29 12:08:51,30.16,67.4,NULL
2026-03-29 12:28:58,29.93,66.6,NULL
2026-03-29 12:48:58,27.59,65.1,NULL
2026-03-29 13:08:51,23.79,69.9,NULL
2026-03-29 13:28:51,21.62,74.2,NULL
2026-03-29 13:48:51,20.86,75.4,NULL
2026-03-29 14:08:58,20.18,75.6,NULL
2026-03-29 14:28:51,19.58,77,NULL
2026-03-29 14:48:51,18.27,78,NULL
2026-03-29 15:28:50,16.46,80.7,NULL
2026-03-29 15:48:50,15.9,81.5,NULL
2026-03-29 16:08:50,15.22,81.9,NULL
2026-03-29 17:08:50,12.88,85.7,NULL
2026-03-29 17:48:50,11.29,88.5,NULL
2026-03-29 18:08:50,10.72,90,NULL
2026-03-29 18:28:50,10.16,90.2,NULL
2026-03-29 19:08:50,8.92,90.5,NULL
2026-03-29 19:28:50,8.52,91.3,NULL
2026-03-29 19:48:57,8.15,92.2,NULL
2026-03-29 20:08:50,7.95,93.3,NULL
2026-03-29 20:28:50,7.82,94.7,NULL
2026-03-29 20:48:50,7.69,96.2,NULL
2026-03-29 21:08:50,7.66,97.7,NULL
2026-03-29 21:28:50,7.68,99.4,NULL
2026-03-29 22:08:50,7.83,100,NULL
2026-03-29 22:28:49,7.93,100,NULL
2026-03-29 22:48:49,8.08,100,NULL
2026-03-29 23:08:49,8.22,100,NULL
2026-03-29 23:28:49,8.12,100,NULL
2026-03-29 23:48:49,7.78,100,NULL
2026-03-30 00:08:56,7.67,100,NULL
2026-03-30 00:28:49,7.68,100,NULL
2026-03-30 00:48:49,7.66,100,NULL
2026-03-30 01:08:49,7.54,100,NULL
2026-03-30 01:28:49,7.38,100,NULL
2026-03-30 01:48:49,7.19,100,NULL
2026-03-30 02:08:49,6.94,100,NULL
2026-03-30 02:28:49,6.63,100,NULL
2026-03-30 02:48:49,6.07,100,NULL
2026-03-30 03:08:49,6.02,100,NULL
2026-03-30 04:08:49,5.26,100,NULL
2026-03-30 04:28:49,5.47,100,NULL
2026-03-30 04:48:49,5.62,100,NULL
2026-03-30 05:08:49,5.52,100,NULL
2026-03-30 05:28:49,5.14,100,NULL
2026-03-30 05:48:49,5.12,100,NULL
2026-03-30 06:08:56,5.88,100,NULL
2026-03-30 06:28:48,6.77,100,NULL
2026-03-30 06:48:55,8.1,100,NULL
2026-03-30 07:08:48,9.63,100,NULL
2026-03-30 07:28:55,10.99,100,NULL
2026-03-30 07:48:48,12.93,93.3,NULL
2026-03-30 08:08:48,14.99,86.7,NULL
2026-03-30 08:28:48,15.85,83.8,NULL
2026-03-30 08:48:48,17.38,80.6,NULL
2026-03-30 09:08:48,17.69,74.4,NULL
2026-03-30 09:28:48,17.68,76,NULL
2026-03-30 09:48:48,20.17,80.8,NULL
2026-03-30 10:08:48,24.01,72.5,NULL
2026-03-30 10:28:48,22.24,68.6,NULL
2026-03-30 10:48:48,24.13,71.8,NULL
2026-03-30 11:08:48,26.17,63.4,NULL
2026-03-30 11:28:48,19.34,70.9,NULL
2026-03-30 12:28:48,17.87,70.1,NULL
2026-03-30 12:48:47,13.52,76.9,NULL
2026-03-30 13:08:47,13.09,85.5,NULL
2026-03-30 13:28:47,15.93,86.6,NULL
2026-03-30 13:48:54,17.64,78,NULL
2026-03-30 14:08:54,18.98,78.9,NULL
2026-03-30 14:28:47,20.51,70.9,NULL
2026-03-30 14:48:47,21.29,73.8,NULL
2026-03-30 15:08:47,21.4,71.1,NULL
2026-03-30 15:28:47,19.86,70.8,NULL
2026-03-30 15:48:47,16.63,75.1,NULL
2026-03-30 16:08:47,17.45,73.7,NULL
2026-03-30 16:28:47,14.67,74.9,NULL
2026-03-30 16:48:47,13.99,78,NULL
2026-03-30 17:08:47,12.47,78.9,NULL
2026-03-30 18:28:47,8.08,89.1,NULL
2026-03-30 18:48:47,7.22,89.8,NULL
2026-03-30 19:08:47,6.94,91.8,NULL
2026-03-30 19:28:46,6.77,93.3,NULL
2026-03-30 19:48:46,6.24,93.5,NULL
2026-03-30 20:08:46,5.76,93.7,NULL
2026-03-30 20:28:46,5.33,94,NULL
2026-03-30 20:48:53,5.34,95.3,NULL
2026-03-30 21:08:46,5.05,97.2,NULL
2026-03-30 21:28:46,4.65,98.2,NULL
2026-03-30 21:48:46,4.39,98.5,NULL
2026-03-30 22:08:46,4.27,99.1,NULL
2026-03-30 22:28:46,4.21,100,NULL
2026-03-30 22:48:46,4.23,100,NULL
2026-03-30 23:28:46,3.79,100,NULL
2026-03-30 23:48:46,3.55,100,NULL
2026-03-31 00:08:46,3.43,100,NULL
2026-03-31 00:48:46,3.5,100,NULL
2026-03-31 01:08:46,3.45,100,NULL
2026-03-31 01:28:46,3.35,100,NULL
2026-03-31 01:48:53,3.23,100,NULL
2026-03-31 02:08:46,2.85,100,NULL
2026-03-31 02:28:46,2.74,100,NULL
2026-03-31 02:48:46,2.85,100,NULL
2026-03-31 03:08:46,3.24,100,NULL
2026-03-31 03:28:46,3.65,100,NULL
2026-03-31 03:48:46,4.06,100,NULL
2026-03-31 04:08:45,4.44,100,NULL
2026-03-31 04:48:45,4.76,100,NULL
2026-03-31 05:28:45,5.22,100,NULL
2026-03-31 05:48:45,5.92,100,NULL
2026-03-31 06:08:45,6.56,100,NULL
2026-03-31 06:28:45,7.15,100,NULL
2026-03-31 06:48:45,8.03,100,NULL
2026-03-31 07:08:45,9.09,100,NULL
2026-03-31 07:28:45,10.06,100,NULL
2026-03-31 07:48:45,11.2,100,NULL
2026-03-31 08:08:45,12.36,100,NULL
2026-03-31 08:28:45,13.53,100,NULL
2026-03-31 08:48:45,14.05,90.9,NULL
2026-03-31 09:08:52,14.57,89.5,NULL
2026-03-31 09:48:45,16.39,86.1,NULL
2026-03-31 10:08:45,18.1,87.9,NULL
2026-03-31 10:28:45,20.6,79.3,NULL
2026-03-31 10:48:45,20.19,77.8,NULL
2026-03-31 11:08:51,20.57,76.5,NULL
2026-03-31 11:28:44,21.67,75.6,NULL
2026-03-31 11:48:44,22.13,73.2,NULL
2026-03-31 12:08:51,23.57,75.1,NULL
2026-03-31 12:28:44,23.09,47.1,NULL
2026-03-31 12:48:44,19.31,47.5,NULL
2026-03-31 13:28:44,16.52,57.9,NULL
2026-03-31 13:48:51,16.84,55.9,NULL
2026-03-31 14:08:44,15.18,60.2,NULL
2026-03-31 14:28:44,14.7,60.2,NULL
2026-03-31 15:08:44,14.4,61.6,NULL
2026-03-31 15:28:44,13.46,60.6,NULL
2026-03-31 15:48:44,14.34,73.7,NULL
2026-03-31 16:08:51,14.96,75.2,NULL
2026-03-31 16:28:44,14.31,77.6,NULL
2026-03-31 16:48:44,13.21,79.3,NULL
2026-03-31 17:08:44,14.1,77.1,NULL
2026-03-31 17:28:43,13.16,78.8,NULL
2026-03-31 17:48:43,11.67,81.7,NULL
2026-03-31 18:08:43,10.26,84.6,NULL
2026-03-31 18:48:43,8.19,88.3,NULL
2026-03-31 19:08:50,7.63,89.8,NULL
2026-03-31 19:28:50,6.94,89.9,NULL
2026-03-31 19:48:50,6.17,90.1,NULL
2026-03-31 20:08:43,5.62,91,NULL
2026-03-31 20:28:43,5.19,91.9,NULL
2026-03-31 20:48:43,4.83,92.7,NULL
2026-03-31 21:08:43,4.53,93.4,NULL
2026-03-31 21:28:43,4.28,94.2,NULL
2026-03-31 21:48:43,4.05,95,NULL
2026-03-31 22:08:43,3.81,95.7,NULL
2026-03-31 22:28:43,3.53,96.3,NULL
2026-03-31 22:48:43,3.24,96.8,NULL
2026-03-31 23:08:43,3.23,97.3,NULL
2026-03-31 23:28:43,2.95,97.9,NULL
2026-04-01 00:08:43,2.65,99.2,NULL
2026-04-01 00:28:43,2.57,100,NULL
2026-04-01 00:48:43,2.47,100,NULL
2026-04-01 01:08:43,2.33,100,NULL
2026-04-01 01:28:43,2.31,100,NULL
2026-04-01 02:28:42,2.61,100,NULL
2026-04-01 02:48:42,2.81,100,NULL
2026-04-01 03:08:42,3.37,100,NULL
2026-04-01 03:28:49,4.02,100,NULL
2026-04-01 03:48:49,4.42,100,NULL
2026-04-01 04:28:42,4.99,100,NULL
2026-04-01 04:48:42,5.2,100,NULL
2026-04-01 05:08:42,5.37,100,NULL
2026-04-01 05:28:49,5.52,100,NULL
2026-04-01 05:48:42,5.76,100,NULL
2026-04-01 06:08:42,6.17,100,NULL
2026-04-01 06:28:42,6.98,100,NULL
2026-04-01 06:48:42,7.88,100,NULL
2026-04-01 07:08:42,8.99,100,NULL
2026-04-01 07:28:56,10.5,100,NULL
2026-04-01 07:48:42,12.6,100,NULL
2026-04-01 08:08:42,14.67,93.3,NULL
2026-04-01 08:28:42,17.72,84.9,NULL
2026-04-01 08:48:42,20.34,72.2,NULL
2026-04-01 09:08:42,22.72,60.4,NULL
2026-04-01 09:28:42,18.8,57.6,NULL
2026-04-01 09:48:41,18.49,56.8,NULL
2026-04-01 10:08:41,18.47,53.6,NULL
2026-04-01 10:28:41,18.92,54.9,NULL
2026-04-01 11:08:41,21.29,48,NULL
2026-04-01 11:28:41,21.34,45.4,NULL
2026-04-01 11:48:41,20.05,48,NULL
2026-04-01 12:08:41,20.77,47.4,NULL
2026-04-01 12:28:41,21.22,48,NULL
2026-04-01 12:48:41,21.95,42.7,NULL
2026-04-01 13:28:41,21.22,43.2,NULL
2026-04-01 13:48:41,21.85,40.9,NULL
2026-04-01 14:08:41,21.16,43.3,NULL
2026-04-01 14:28:41,20.99,43.7,NULL
2026-04-01 14:48:48,20.4,43,NULL
2026-04-01 15:08:41,19.95,45.9,NULL
2026-04-01 15:28:41,21.96,63.8,NULL
2026-04-01 15:48:40,24.57,63.3,NULL
2026-04-01 16:08:40,25.32,61.7,NULL
2026-04-01 16:28:40,24.53,62.2,NULL
2026-04-01 16:48:40,23.42,60,NULL
2026-04-01 17:08:40,21.07,63.6,NULL
2026-04-01 17:28:40,17.68,69.5,NULL
2026-04-01 17:48:40,14.48,76.1,NULL
2026-04-01 18:08:40,12.32,80.5,NULL
2026-04-01 18:28:40,10.65,83.9,NULL
2026-04-01 18:48:40,9.44,86.3,NULL
2026-04-01 19:08:40,8.54,87.8,NULL
2026-04-01 20:08:40,6.63,90.6,NULL
2026-04-01 20:28:40,6.19,91.5,NULL
2026-04-01 20:48:40,5.83,92.1,NULL
2026-04-01 21:08:40,5.43,92.6,NULL
2026-04-01 21:28:47,5.08,93,NULL
2026-04-01 21:48:47,4.72,93.5,NULL
2026-04-01 22:08:40,4.44,94,NULL
2026-04-01 22:28:40,4.19,94.4,NULL
2026-04-01 22:48:39,3.94,94.9,NULL
2026-04-01 23:28:39,3.51,96.1,NULL
2026-04-02 00:08:39,3.62,98.5,NULL
2026-04-02 00:28:39,3.55,99.9,NULL
2026-04-02 00:48:39,3.4,100,NULL
2026-04-02 01:08:39,3.87,100,NULL
2026-04-02 01:28:39,4.57,100,NULL
2026-04-02 02:08:39,5.52,100,NULL
2026-04-02 02:48:39,6.02,100,NULL
2026-04-02 03:08:39,6.22,100,NULL
2026-04-02 03:28:39,6.44,100,NULL
2026-04-02 03:48:39,6.67,100,NULL
2026-04-02 04:08:46,6.91,100,NULL
2026-04-02 04:28:39,6.94,100,NULL
2026-04-02 04:48:39,6.94,100,NULL
2026-04-02 05:08:39,7.01,100,NULL
2026-04-02 05:28:39,7.16,100,NULL
2026-04-02 05:48:39,7.31,100,NULL
2026-04-02 06:08:39,7.39,100,NULL
2026-04-02 06:28:39,7.5,100,NULL
2026-04-02 07:08:38,8.45,100,NULL
2026-04-02 08:08:38,11.4,100,NULL
2026-04-02 08:28:38,13.11,100,NULL
2026-04-02 08:48:38,15.43,100,NULL
2026-04-02 09:28:38,17.08,91.3,NULL
2026-04-02 09:48:38,18.13,86.5,NULL
2026-04-02 10:08:38,19.14,83.9,NULL
2026-04-02 10:28:38,18.69,83.9,NULL
2026-04-02 10:48:38,18.51,85.9,NULL
2026-04-02 11:08:38,18.26,86.2,NULL
2026-04-02 11:28:45,17.08,85.7,NULL
2026-04-02 11:48:38,15.53,86.3,NULL
2026-04-02 12:08:38,14.51,87.5,NULL
2026-04-02 12:28:38,13.81,88.6,NULL
2026-04-02 12:48:38,13.7,88.9,NULL
2026-04-02 13:08:38,14.61,89.4,NULL
2026-04-02 13:48:38,15.81,85.4,NULL
2026-04-02 14:08:37,15.33,84.5,NULL
2026-04-02 14:28:37,14.88,84.2,NULL
2026-04-02 14:48:37,15.59,86,NULL
2026-04-02 16:08:37,13.13,86,NULL
2026-04-02 16:28:37,12.11,87.9,NULL
2026-04-02 16:48:37,11.49,89.3,NULL
2026-04-02 17:08:37,10.99,90.3,NULL
2026-04-02 17:28:37,10.52,91.5,NULL
2026-04-02 17:48:44,10.01,91.8,NULL
2026-04-02 18:08:37,9.59,93,NULL
2026-04-02 18:28:37,9.15,93.5,NULL
2026-04-02 18:48:44,8.78,94.1,NULL
2026-04-02 19:08:37,8.51,94.6,NULL
2026-04-02 19:28:37,8.31,95.3,NULL
2026-04-02 19:48:37,8.22,96.1,NULL
2026-04-02 20:08:37,8.19,97.1,NULL
2026-04-02 20:28:36,8.13,98.2,NULL
2026-04-02 20:48:36,8.08,99.3,NULL
2026-04-02 21:28:36,7.93,100,NULL
2026-04-02 22:28:36,7.52,100,NULL
2026-04-02 22:48:36,7.39,100,NULL
2026-04-02 23:08:36,7.24,100,NULL
2026-04-02 23:28:36,7.11,100,NULL
2026-04-02 23:48:36,6.87,100,NULL
2026-04-03 00:08:43,6.58,100,NULL
2026-04-03 00:28:36,6.42,100,NULL
2026-04-03 00:48:43,6.19,100,NULL
2026-04-03 01:08:36,5.92,100,NULL
2026-04-03 01:28:36,5.62,100,NULL
2026-04-03 01:48:36,5.22,100,NULL
2026-04-03 02:08:36,4.71,100,NULL
2026-04-03 02:28:36,4.37,100,NULL
2026-04-03 02:48:36,4.28,100,NULL
2026-04-03 03:08:36,4.19,100,NULL
2026-04-03 03:28:36,4.19,100,NULL
2026-04-03 04:28:36,4.51,100,NULL
2026-04-03 04:48:35,4.68,100,NULL
2026-04-03 05:08:35,4.69,100,NULL
2026-04-03 05:28:35,4.75,100,NULL
2026-04-03 05:48:35,5.11,100,NULL
2026-04-03 06:08:42,5.84,100,NULL
2026-04-03 06:28:35,6.44,100,NULL
2026-04-03 06:48:35,7.09,100,NULL
2026-04-03 07:08:42,7.83,100,NULL
2026-04-03 07:28:42,8.77,100,NULL
2026-04-03 07:48:35,9.7,100,NULL
2026-04-03 08:08:35,10.33,100,NULL
2026-04-03 08:28:35,11.3,100,NULL
2026-04-03 08:48:35,12.6,100,NULL
2026-04-03 09:08:35,14.62,95.9,NULL
2026-04-03 09:48:35,20.46,71.3,NULL
2026-04-03 10:08:35,23.5,63.4,NULL
2026-04-03 10:28:35,24.17,59.6,NULL
2026-04-03 10:48:35,23.96,60.3,NULL
2026-04-03 11:08:35,25.65,59.4,NULL
2026-04-03 11:48:34,20.77,49.5,NULL
2026-04-03 12:08:41,21.77,50.9,NULL
2026-04-03 12:28:34,21.21,50.9,NULL
2026-04-03 12:48:34,19.99,53,NULL
2026-04-03 13:08:34,20.4,54.8,NULL
2026-04-03 13:28:34,20.88,51.7,NULL
2026-04-03 13:48:34,19.34,54.1,NULL
2026-04-03 14:08:34,18.54,56.1,NULL
2026-04-03 14:28:34,16.89,57.4,NULL
2026-04-03 14:48:34,16.82,59.8,NULL
2026-04-03 15:28:34,18.84,75.1,NULL
2026-04-03 16:28:34,16.24,81.4,NULL
2026-04-03 17:08:34,13.85,86,NULL
2026-04-03 17:48:33,12.5,89.5,NULL
2026-04-03 18:08:33,12.11,90.9,NULL
2026-04-03 18:28:33,11.8,92,NULL
2026-04-03 19:08:33,11.49,94.1,NULL
2026-04-03 19:28:33,11.44,95.4,NULL
2026-04-03 19:48:40,11.44,96.6,NULL
2026-04-03 20:08:40,11.46,97.9,NULL
2026-04-03 20:28:40,11.52,99,NULL
2026-04-03 20:48:33,11.55,100,NULL
2026-04-03 21:08:33,11.63,100,NULL
2026-04-03 21:28:40,11.74,100,NULL
2026-04-03 21:48:33,11.85,100,NULL
2026-04-03 22:08:40,11.94,100,NULL
2026-04-03 22:28:33,12.06,100,NULL
2026-04-03 22:48:33,12.12,100,NULL
2026-04-03 23:48:33,12.25,100,NULL
2026-04-04 00:08:40,12.13,100,NULL
2026-04-04 00:28:32,11.86,100,NULL
2026-04-04 00:48:32,11.55,100,NULL
2026-04-04 01:08:32,11.21,100,NULL
2026-04-04 01:28:32,10.94,100,NULL
2026-04-04 01:48:32,10.74,100,NULL
2026-04-04 02:08:39,10.62,100,NULL
2026-04-04 02:28:32,10.45,100,NULL
2026-04-04 02:48:32,10.33,100,NULL
2026-04-04 03:08:32,10.19,100,NULL
2026-04-04 03:28:32,10.06,100,NULL
2026-04-04 04:08:32,9.81,100,NULL
2026-04-04 04:28:32,9.61,100,NULL
2026-04-04 05:28:32,8.51,100,NULL
2026-04-04 05:48:32,8.54,100,NULL
2026-04-04 06:28:32,9.62,100,NULL
2026-04-04 06:48:32,11.07,100,NULL
2026-04-04 07:08:32,12.47,99.9,NULL
2026-04-04 07:48:31,15.57,81.7,NULL
2026-04-04 08:28:31,17.31,78.2,NULL
2026-04-04 09:08:31,18.66,58.2,NULL
2026-04-04 09:28:38,17.43,61.7,NULL
2026-04-04 09:48:31,20.28,53.6,NULL
2026-04-04 10:08:31,22.12,45.8,NULL
2026-04-04 10:28:31,21.68,44.2,NULL
2026-04-04 10:48:31,21.77,44.7,NULL
2026-04-04 11:08:31,22.27,49.8,NULL
2026-04-04 11:28:31,20.91,47.5,NULL
2026-04-04 11:48:38,21.53,46.2,NULL
2026-04-04 12:08:31,20.34,47.1,NULL
2026-04-04 12:28:38,19.6,52.8,NULL
2026-04-04 12:48:31,20.14,52.7,NULL
2026-04-04 13:28:30,23.79,47.4,NULL
2026-04-04 13:48:37,21.54,59.2,NULL
2026-04-04 14:08:30,22.72,73,NULL
2026-04-04 14:28:30,25.82,75.1,NULL
2026-04-04 15:08:30,27.28,72.2,NULL
2026-04-04 15:28:30,26.15,72.7,NULL
2026-04-04 15:48:44,23.92,75.5,NULL
2026-04-04 16:08:37,23.52,78.3,NULL
2026-04-04 16:28:30,22.43,77.1,NULL
2026-04-04 16:48:30,22.03,76,NULL
2026-04-04 17:08:30,21,74.9,NULL
2026-04-04 17:28:30,18.45,78.7,NULL
2026-04-04 17:48:30,16.83,83.1,NULL
2026-04-04 18:08:30,15.85,85.5,NULL
2026-04-04 18:48:30,14.03,87.9,NULL
2026-04-04 19:08:30,13.28,89.1,NULL
2026-04-04 19:28:29,12.8,90.2,NULL
2026-04-04 19:48:36,12.47,91.3,NULL
2026-04-04 20:08:29,12.23,92,NULL
2026-04-04 20:28:29,12.05,92.8,NULL
2026-04-04 20:48:29,11.88,93.4,NULL
2026-04-04 21:08:29,11.73,94.1,NULL
2026-04-04 21:28:29,11.55,94.6,NULL
2026-04-04 21:48:29,11.55,95.5,NULL
2026-04-04 22:08:36,11.55,96.7,NULL
2026-04-04 22:28:29,11.67,98.1,NULL
2026-04-04 22:48:29,11.7,99,NULL
2026-04-04 23:08:29,11.71,99.6,NULL
2026-04-04 23:28:29,11.74,99.9,NULL
2026-04-04 23:48:29,11.78,100,NULL
2026-04-05 00:08:29,11.85,100,NULL
2026-04-05 00:28:29,11.93,100,NULL
2026-04-05 00:48:29,12,100,NULL
2026-04-05 01:08:29,12.02,100,NULL
2026-04-05 01:28:29,12,100,NULL
2026-04-05 02:08:29,11.99,100,NULL
2026-04-05 02:48:28,12.15,100,NULL
2026-04-05 03:08:28,12.3,100,NULL
2026-04-05 03:28:28,12.34,100,NULL
2026-04-05 03:48:28,12.29,99.5,NULL
2026-04-05 04:48:28,12.35,97.5,NULL
2026-04-05 05:28:28,12.14,96.6,NULL
2026-04-05 05:48:42,12,96.5,NULL
2026-04-05 06:08:35,12.2,97.2,NULL
2026-04-05 06:28:28,12.56,97.8,NULL
2026-04-05 06:48:28,12.59,96.7,NULL
2026-04-05 07:08:35,12.55,95.2,NULL
2026-04-05 07:28:28,13.25,95.7,NULL
2026-04-05 07:48:28,13.8,94.1,NULL
2026-04-05 08:28:35,16.08,92.1,NULL
2026-04-05 08:48:35,17.09,89.1,NULL
2026-04-05 09:08:27,18.87,87.1,NULL
2026-04-05 09:48:27,23.46,76.9,NULL
2026-04-05 10:08:27,23.19,75.5,NULL
2026-04-05 10:28:27,28.8,71.3,NULL
2026-04-05 10:48:27,22.78,44.6,NULL
2026-04-05 11:08:27,18.59,53.4,NULL
2026-04-05 11:28:27,18.36,53.3,NULL
2026-04-05 11:48:27,18.28,53.7,NULL
2026-04-05 12:08:34,18.24,51,NULL
2026-04-05 12:28:27,22.06,48.3,NULL
2026-04-05 12:48:27,23.5,45.2,NULL
2026-04-05 13:08:27,21.7,45.1,NULL
2026-04-05 13:28:27,20.27,43.6,NULL
2026-04-05 13:48:27,17.74,49.7,NULL
2026-04-05 14:08:27,17.09,55.5,NULL
2026-04-05 14:28:27,19.24,52.2,NULL
2026-04-05 14:48:26,17.09,50.2,NULL
2026-04-05 15:08:26,14.31,58.2,NULL
2026-04-05 15:28:26,13.34,62.7,NULL
2026-04-05 15:48:26,17.09,72.1,NULL
2026-04-05 16:08:26,20.04,68.7,NULL
2026-04-05 16:28:26,18.63,73.1,NULL
2026-04-05 16:48:26,17.46,74.6,NULL
2026-04-05 17:28:26,15.36,78.8,NULL
2026-04-05 17:48:26,13.91,81.5,NULL
2026-04-05 18:28:26,11.63,86.5,NULL
2026-04-05 18:48:26,10.63,85.6,NULL
2026-04-05 19:08:26,9.66,86.7,NULL
2026-04-05 19:28:26,8.7,87.4,NULL
2026-04-05 19:48:26,7.94,89.1,NULL
2026-04-05 20:08:26,7.55,90.5,NULL
2026-04-05 20:28:26,7.25,91.6,NULL
2026-04-05 20:48:26,6.94,91.8,NULL
2026-04-05 21:08:26,6.87,93.1,NULL
2026-04-05 21:28:26,6.88,94.7,NULL
2026-04-05 22:08:25,6.58,96.8,NULL
2026-04-05 22:28:25,6.07,96.2,NULL
2026-04-05 22:48:25,5.71,95.9,NULL
2026-04-05 23:08:25,5.37,95.9,NULL
2026-04-05 23:28:25,5.13,96.2,NULL
2026-04-06 00:08:25,4.66,96.6,NULL
2026-04-06 00:28:25,4.49,96.8,NULL
2026-04-06 00:48:25,4.36,96.9,NULL
2026-04-06 01:08:25,4.24,97.2,NULL
2026-04-06 01:28:25,4.16,97.7,NULL
2026-04-06 01:48:25,4.07,98.3,NULL
2026-04-06 02:08:25,4.01,99,NULL
2026-04-06 02:28:25,3.96,99.7,NULL
2026-04-06 02:48:25,3.91,100,NULL
2026-04-06 03:08:25,3.79,100,NULL
2026-04-06 03:28:25,3.74,100,NULL
2026-04-06 03:48:25,3.65,100,NULL
2026-04-06 04:28:25,3.43,100,NULL
2026-04-06 04:48:25,3.3,100,NULL
2026-04-06 05:08:25,3.25,100,NULL
2026-04-06 06:08:25,5.79,100,NULL
2026-04-06 06:28:24,7.21,100,NULL
2026-04-06 06:48:31,8.97,100,NULL
2026-04-06 07:08:24,10.86,98.2,NULL
2026-04-06 07:48:24,15.44,87.9,NULL
2026-04-06 08:08:31,18.25,81.2,NULL
2026-04-06 08:28:24,20.63,54.1,NULL
2026-04-06 08:48:31,17.62,51.3,NULL
2026-04-06 09:08:24,16.93,52.8,NULL
2026-04-06 09:28:24,16.8,51.8,NULL
2026-04-06 09:48:24,17.26,48.9,NULL
2026-04-06 10:08:31,17.37,47.5,NULL
2026-04-06 10:28:38,17.16,47.9,NULL
2026-04-06 10:48:24,18.45,49,NULL
2026-04-06 11:28:31,19.86,43.8,NULL
2026-04-06 11:48:24,19.69,43.2,NULL
2026-04-06 12:28:24,19.83,42.7,NULL
2026-04-06 12:48:25,19.86,39.4,NULL
2026-04-06 13:08:24,19.17,43.8,NULL
2026-04-06 13:28:23,18.61,42.4,NULL
2026-04-06 13:48:23,20.01,43.4,NULL
2026-04-06 14:08:23,19.45,41.3,NULL
2026-04-06 14:28:23,18.72,45.5,NULL
2026-04-06 14:48:25,16.81,41.1,NULL
2026-04-06 15:08:23,16.23,40.8,NULL
2026-04-06 15:28:23,16.27,44.2,NULL
2026-04-06 15:48:30,16.7,40.9,NULL
2026-04-06 16:08:25,15.68,43.9,NULL
2026-04-06 16:28:23,15.09,45.5,NULL
2026-04-06 16:48:23,14.87,41,NULL
2026-04-06 17:08:23,13.65,48.4,NULL
2026-04-06 17:28:23,12.22,50,NULL
2026-04-06 17:48:23,10.99,58.7,NULL
2026-04-06 18:08:23,10.05,73.8,NULL
2026-04-06 18:28:23,9.21,80.7,NULL
2026-04-06 18:48:30,8.23,83.5,NULL
2026-04-06 19:08:22,7.44,86.1,NULL
2026-04-06 19:28:22,6.87,87.1,NULL
2026-04-06 20:08:22,6.02,89.7,NULL
2026-04-06 20:48:24,5.38,90.6,NULL
2026-04-06 21:08:22,5.1,91.1,NULL
2026-04-06 21:28:23,4.81,91.4,NULL
2026-04-06 21:48:23,4.56,91.6,NULL
2026-04-06 22:08:22,4.3,91.9,NULL
2026-04-06 22:28:22,4.05,92.1,NULL
2026-04-06 22:48:22,3.86,92.6,NULL
2026-04-06 23:08:22,3.64,92.8,NULL
2026-04-06 23:28:22,3.48,93.2,NULL
2026-04-06 23:48:23,3.24,93.5,NULL
2026-04-07 00:08:22,3.19,93.6,NULL
2026-04-07 00:48:29,2.78,94.2,NULL
2026-04-07 01:08:29,2.68,94.7,NULL
2026-04-07 01:28:22,2.6,95.2,NULL
2026-04-07 01:48:22,2.5,95.7,NULL
2026-04-07 02:08:29,2.35,96,NULL
2026-04-07 02:28:22,2.21,96.1,NULL
2026-04-07 02:48:22,2.13,96.2,NULL
2026-04-07 03:08:22,2.01,96.3,NULL
2026-04-07 03:28:22,1.91,96.5,NULL
2026-04-07 03:48:22,1.79,96.6,NULL
2026-04-07 04:08:22,1.67,96.7,NULL
2026-04-07 04:28:22,1.56,96.9,NULL
2026-04-07 04:48:28,1.48,97,NULL
2026-04-07 05:08:24,1.48,97.1,NULL
2026-04-07 06:08:22,3.95,97.3,NULL
2026-04-07 06:28:22,5.12,96.9,NULL
2026-04-07 06:48:22,6.85,96.8,NULL
2026-04-07 07:08:28,8.96,94.5,NULL
2026-04-07 07:28:22,11.55,87.2,NULL
2026-04-07 07:48:22,14.47,78.3,NULL
2026-04-07 08:08:22,17.05,76.1,NULL
2026-04-07 08:28:22,19.3,68.6,NULL
2026-04-07 08:48:28,21.68,67.6,NULL
2026-04-07 09:08:28,22.04,40.2,NULL
2026-04-07 09:28:21,17.64,43.5,NULL
2026-04-07 09:48:24,17.87,43.5,NULL
2026-04-07 10:08:22,18.56,41.4,NULL
2026-04-07 10:28:21,19.38,42.3,NULL
2026-04-07 10:48:21,19.42,42.9,NULL
2026-04-07 11:08:21,19.52,51.4,NULL
2026-04-07 11:28:20,19.86,46.4,NULL
2026-04-07 11:48:21,19.48,43.6,NULL
2026-04-07 12:08:21,20.25,41.6,NULL
2026-04-07 12:28:20,20.95,39.2,NULL
2026-04-07 12:48:20,20.66,39.6,NULL
2026-04-07 13:28:20,21.1,36.3,NULL
2026-04-07 14:08:20,21.08,41,NULL
2026-04-07 14:28:20,21.17,36.5,NULL
2026-04-07 15:08:20,22.59,61.7,NULL
2026-04-07 15:28:20,25.19,69.2,NULL
2026-04-07 15:48:20,26.75,69.8,NULL
2026-04-07 16:08:20,27.35,67.3,NULL
2026-04-07 16:28:20,26.9,65.3,NULL
2026-04-07 16:48:20,25.53,65.9,NULL
2026-04-07 17:08:19,23.71,67.9,NULL
2026-04-07 17:28:26,20.81,72.1,NULL
2026-04-07 17:48:33,17.41,76.5,NULL
2026-04-07 18:08:19,15.02,80.7,NULL
2026-04-07 18:28:19,13.23,83.5,NULL
2026-04-07 18:48:19,11.77,85.9,NULL
2026-04-07 19:08:19,10.62,87.6,NULL
2026-04-07 19:28:19,9.76,88.9,NULL
2026-04-07 19:48:19,9.02,89.8,NULL
2026-04-07 20:28:19,8.11,91.8,NULL
2026-04-07 20:48:19,7.68,92.2,NULL
2026-04-07 21:08:19,7.34,92.9,NULL
2026-04-07 21:28:19,7.04,93.5,NULL
2026-04-07 21:48:19,6.79,94.2,NULL
2026-04-07 22:08:19,6.55,94.9,NULL
2026-04-07 22:28:19,6.37,95.7,NULL
2026-04-07 22:48:19,6.2,96.7,NULL
2026-04-07 23:08:19,5.99,97.3,NULL
2026-04-07 23:28:19,5.73,97.6,NULL
2026-04-07 23:48:19,5.46,97.7,NULL
2026-04-08 00:08:19,5.29,97.9,NULL
2026-04-08 00:28:18,4.97,98.1,NULL
2026-04-08 00:48:19,4.69,98.2,NULL
2026-04-08 02:08:18,3.78,98.8,NULL
2026-04-08 02:48:18,3.39,99.7,NULL
2026-04-08 03:28:18,3.23,100,NULL
2026-04-08 03:48:18,3.02,100,NULL
2026-04-08 04:08:18,2.81,100,NULL
2026-04-08 04:48:18,2.58,100,NULL
2026-04-08 05:08:18,2.57,100,NULL
2026-04-08 05:28:18,3.37,100,NULL
2026-04-08 05:48:18,4.13,100,NULL
2026-04-08 06:08:18,4.84,100,NULL
2026-04-08 06:28:18,6.34,100,NULL
2026-04-08 06:48:18,8.23,100,NULL
2026-04-08 07:08:32,10.42,100,NULL
2026-04-08 07:28:18,13.12,100,NULL
2026-04-08 07:48:18,16.15,84.1,NULL
2026-04-08 08:08:18,17.52,61.1,NULL
2026-04-08 08:28:25,16.19,63.4,NULL
2026-04-08 08:48:17,16.48,57.9,NULL
2026-04-08 09:08:17,17.31,56.8,NULL
2026-04-08 09:28:17,18.71,52.7,NULL
2026-04-08 09:48:24,19.82,48.3,NULL
2026-04-08 10:08:17,20.49,47.1,NULL
2026-04-08 10:28:17,21.43,45.7,NULL
2026-04-08 10:48:18,21.91,42.4,NULL
2026-04-08 11:08:17,22.95,43.9,NULL
2026-04-08 11:48:17,23.17,40.9,NULL
2026-04-08 12:08:17,24.78,37.6,NULL
2026-04-08 12:28:17,24.62,34.6,NULL
2026-04-08 12:48:17,23.71,38.6,NULL
2026-04-08 13:08:17,23.93,35.6,NULL
2026-04-08 13:28:17,23.45,35,NULL
2026-04-08 13:48:17,23.14,37.7,NULL
2026-04-08 15:08:16,23.69,30.5,NULL
2026-04-08 15:28:23,22.84,35.3,NULL
2026-04-08 15:48:16,25.01,54,NULL
2026-04-08 16:08:16,25.85,62.8,NULL
2026-04-08 16:28:23,25.7,67.2,NULL
2026-04-08 16:48:23,25.88,66.4,NULL
2026-04-08 17:08:16,24.33,67.1,NULL
2026-04-08 17:28:16,21.5,70.6,NULL
2026-04-08 18:28:16,15.1,81.7,NULL
2026-04-08 18:48:23,13.66,83.9,NULL
2026-04-08 19:08:16,12.36,86.1,NULL
2026-04-08 19:28:16,11.49,87.6,NULL
2026-04-08 19:48:16,10.75,88.7,NULL
2026-04-08 20:08:16,10.16,89.7,NULL
2026-04-08 20:28:16,9.74,90.6,NULL
2026-04-08 20:48:15,9.4,91.2,NULL
2026-04-08 21:08:15,9.19,92.1,NULL
2026-04-08 21:28:15,9.12,93.3,NULL
2026-04-08 21:48:15,8.89,94.1,NULL
2026-04-08 22:08:15,8.78,94.1,NULL
2026-04-08 22:48:15,7.98,93.8,NULL
2026-04-08 23:08:15,7.93,94.3,NULL
2026-04-08 23:28:15,8.06,95.9,NULL
2026-04-08 23:48:15,8.2,98.1,NULL
2026-04-09 00:08:15,8.34,100,NULL
2026-04-09 00:28:15,8.36,100,NULL
2026-04-09 00:48:15,8.16,100,NULL
2026-04-09 01:08:15,7.65,100,NULL
2026-04-09 01:28:15,7.2,100,NULL
2026-04-09 01:48:22,6.9,100,NULL
2026-04-09 02:08:15,6.82,100,NULL
2026-04-09 02:28:15,7.04,100,NULL
2026-04-09 02:48:15,7.22,100,NULL
2026-04-09 03:08:15,7.26,100,NULL
2026-04-09 03:28:15,7.15,100,NULL
2026-04-09 03:48:15,6.82,100,NULL
2026-04-09 04:28:14,6.48,100,NULL
2026-04-09 04:48:14,6.36,100,NULL
2026-04-09 05:48:14,7.07,100,NULL
2026-04-09 06:08:14,8.08,100,NULL
2026-04-09 06:28:14,9.03,100,NULL
2026-04-09 06:48:14,11.12,100,NULL
2026-04-09 07:08:14,12.43,100,NULL
2026-04-09 07:28:14,13.67,93.1,NULL
2026-04-09 07:48:14,16.47,91.1,NULL
2026-04-09 08:08:21,19.24,71.5,NULL
2026-04-09 08:48:21,21.66,67.5,NULL
2026-04-09 09:08:14,23.88,63.2,NULL
2026-04-09 09:28:21,26.19,61.5,NULL
2026-04-09 09:48:14,28.05,60.8,NULL
2026-04-09 10:08:14,25.9,42.2,NULL
2026-04-09 10:28:21,24.81,41.4,NULL
2026-04-09 10:48:13,23.64,43.8,NULL
2026-04-09 11:08:13,25.12,43.2,NULL
2026-04-09 11:28:13,25.89,39.5,NULL
2026-04-09 11:48:14,25.79,40.2,NULL
2026-04-09 12:08:13,27.43,40,NULL
2026-04-09 12:48:13,23.87,42.3,NULL
2026-04-09 13:08:13,23.19,44.3,NULL
2026-04-09 13:28:13,23.29,44.8,NULL
2026-04-09 13:48:13,23.34,46.8,NULL
2026-04-09 14:08:13,22.59,44.2,NULL
2026-04-09 14:28:13,23.1,40.7,NULL
2026-04-09 14:48:13,24.66,40.1,NULL
2026-04-09 15:08:13,24.96,37.9,NULL
2026-04-09 15:28:13,24.79,38,NULL
2026-04-09 15:48:13,23.06,41,NULL
2026-04-09 16:08:13,22.69,40.4,NULL
2026-04-09 16:28:13,21,43.4,NULL
2026-04-09 17:08:12,19.84,62.3,NULL
2026-04-09 17:28:12,19.34,68.1,NULL
2026-04-09 18:08:12,17.64,79.8,NULL
2026-04-09 18:28:12,16.64,83.4,NULL
2026-04-09 18:48:12,15.97,86.6,NULL
2026-04-09 19:08:12,15.53,88.7,NULL
2026-04-09 19:28:12,15.21,90.1,NULL
2026-04-09 19:48:12,14.87,90.6,NULL
2026-04-09 20:08:12,14.63,91.3,NULL
2026-04-09 20:28:12,14.31,91,NULL
2026-04-09 20:48:12,13.87,90.8,NULL
2026-04-09 21:08:12,13.73,92,NULL
2026-04-09 21:48:12,13.88,94.8,NULL
2026-04-09 22:08:20,14.3,97.5,NULL
2026-04-09 22:28:12,14.13,95.7,NULL
2026-04-09 22:48:11,13.62,92.2,NULL
2026-04-09 23:08:11,13.18,92.3,NULL
2026-04-09 23:28:11,12.72,92,NULL
2026-04-09 23:48:11,12.33,91.7,NULL
2026-04-10 00:08:11,11.94,92.5,NULL
2026-04-10 00:28:11,11.55,92.9,NULL
2026-04-10 00:48:11,11.38,93.4,NULL
2026-04-10 01:08:11,11.19,93.8,NULL
2026-04-10 01:28:11,10.99,93.8,NULL
2026-04-10 01:48:11,10.75,93.8,NULL
2026-04-10 02:08:11,10.52,93.8,NULL
2026-04-10 02:48:11,9.75,93.5,NULL
2026-04-10 03:08:25,9.48,93.8,NULL
2026-04-10 03:28:11,9.19,93.7,NULL
2026-04-10 03:48:11,8.98,94.1,NULL
2026-04-10 04:08:11,8.78,94.5,NULL
2026-04-10 04:28:11,8.58,94.5,NULL
2026-04-10 05:28:11,8.39,96.2,NULL
2026-04-10 05:48:10,8.62,96.8,NULL
2026-04-10 06:08:10,9.15,97.4,NULL
2026-04-10 06:48:10,11.49,96,NULL
2026-04-10 07:08:10,12.56,90.3,NULL
2026-04-10 07:28:10,13.83,87.4,NULL
2026-04-10 07:48:10,15.23,88,NULL
2026-04-10 08:28:10,16.17,68.7,NULL
2026-04-10 08:48:10,16.14,70.7,NULL
2026-04-10 09:08:17,16.5,73.8,NULL
2026-04-10 09:28:17,16.67,74.9,NULL
2026-04-10 09:48:10,18.45,73.2,NULL
2026-04-10 10:08:10,20.26,68.9,NULL
2026-04-10 10:28:10,21.01,67.3,NULL
2026-04-10 10:48:10,21.64,64.1,NULL
2026-04-10 11:08:10,26.56,56.6,NULL
2026-04-10 11:28:10,24.49,53.8,NULL
2026-04-10 12:08:09,23.69,57.9,NULL
2026-04-10 12:28:09,21.98,56.5,NULL
2026-04-10 13:08:17,20.77,65.8,NULL
2026-04-10 13:28:17,23.96,60.9,NULL
2026-04-10 13:48:09,25.44,54.4,NULL
2026-04-10 14:08:09,24.33,55.7,NULL
2026-04-10 14:48:17,20.12,65.2,NULL
2026-04-10 15:08:09,21.38,74.7,NULL
2026-04-10 15:28:09,20.61,74.5,NULL
2026-04-10 15:48:09,19.5,78,NULL
2026-04-10 16:08:17,20.69,76.9,NULL
2026-04-10 16:28:09,20.19,75.9,NULL
2026-04-10 16:48:09,18.63,78.2,NULL
2026-04-10 17:08:17,17.41,80.2,NULL
2026-04-10 17:28:09,16.51,80.9,NULL
2026-04-10 17:48:09,15.23,81.3,NULL
2026-04-10 18:08:08,13.61,82.3,NULL
2026-04-10 18:28:15,12.06,84.3,NULL
2026-04-10 18:48:08,10.75,85.8,NULL
2026-04-10 19:08:08,9.81,87.7,NULL
2026-04-10 19:28:08,8.84,88.3,NULL
2026-04-10 19:48:08,8.27,89.4,NULL
2026-04-10 20:08:15,7.7,90.3,NULL
2026-04-10 20:28:15,7.24,91,NULL
2026-04-10 20:48:08,6.94,91.7,NULL
2026-04-10 21:08:15,6.63,92.4,NULL
2026-04-10 21:28:08,6.27,92.7,NULL
2026-04-10 21:48:08,6,92.9,NULL
2026-04-10 22:08:08,5.67,93.3,NULL
2026-04-10 22:48:08,5.12,93.9,NULL
2026-04-10 23:08:08,4.9,94.3,NULL
2026-04-10 23:48:08,4.53,95.1,NULL
2026-04-11 00:08:08,4.48,95.8,NULL
2026-04-11 00:28:08,4.63,96.8,NULL
2026-04-11 01:08:08,5.13,100,NULL
2026-04-11 01:28:08,5.34,100,NULL
2026-04-11 01:48:07,5.79,100,NULL
2026-04-11 02:08:07,6.01,100,NULL
2026-04-11 02:28:07,5.75,100,NULL
2026-04-11 02:48:07,5.29,100,NULL
2026-04-11 03:08:07,4.89,100,NULL
2026-04-11 03:28:07,4.68,100,NULL
2026-04-11 04:08:07,4.69,100,NULL
2026-04-11 04:28:07,4.83,100,NULL
2026-04-11 04:48:07,5.03,100,NULL
2026-04-11 05:08:07,5.4,100,NULL
2026-04-11 05:28:07,5.88,100,NULL
2026-04-11 05:48:14,6.51,100,NULL
2026-04-11 06:08:07,7.39,100,NULL
2026-04-11 06:28:07,8.59,100,NULL
2026-04-11 06:48:07,10.02,100,NULL
2026-04-11 07:08:07,11.3,100,NULL
2026-04-11 07:28:07,12.83,95.5,NULL
2026-04-11 08:48:07,19.86,77.7,NULL
2026-04-11 09:08:07,21.74,75.9,NULL
2026-04-11 09:28:06,24.57,71.3,NULL
2026-04-11 09:48:06,25.53,68.6,NULL
2026-04-11 10:08:06,26.08,68.5,NULL
2026-04-11 10:28:06,28.08,65.5,NULL
2026-04-11 10:48:06,27.58,62.4,NULL
2026-04-11 11:08:06,27.29,63.9,NULL
2026-04-11 11:28:06,24.25,45.2,NULL
2026-04-11 11:48:06,21.52,46.2,NULL
2026-04-11 12:08:06,21.5,43.5,NULL
2026-04-11 12:28:06,20.77,45.5,NULL
2026-04-11 12:48:06,20.66,45.3,NULL
2026-04-11 13:48:06,22.46,40.1,NULL
2026-04-11 14:08:06,21.9,42.2,NULL
2026-04-11 14:28:06,20.63,42.8,NULL
2026-04-11 14:48:06,20.66,55,NULL
2026-04-11 15:08:05,20.34,60.7,NULL
2026-04-11 15:28:05,20.31,66.4,NULL
2026-04-11 15:48:05,19.54,71.8,NULL
2026-04-11 16:08:05,18.88,74.3,NULL
2026-04-11 16:28:05,17.54,79.5,NULL
2026-04-11 16:48:12,16.43,84.6,NULL
2026-04-11 17:08:05,15.54,86.5,NULL
2026-04-11 17:28:05,14.58,87.3,NULL
2026-04-11 17:48:05,13.71,88.6,NULL
2026-04-11 18:08:05,12.98,89.2,NULL
2026-04-11 18:28:12,12.24,89.3,NULL
2026-04-11 18:48:05,11.73,90.7,NULL
2026-04-11 19:08:05,11.44,91.7,NULL
2026-04-11 19:28:05,11.18,92.6,NULL
2026-04-11 19:48:05,10.99,93.4,NULL
2026-04-11 20:08:05,10.82,94.3,NULL
2026-04-11 20:28:05,10.71,95.4,NULL
2026-04-11 21:08:05,10.07,95.9,NULL
2026-04-11 21:28:05,9.76,95.6,NULL
2026-04-11 21:48:04,9.7,96.3,NULL
2026-04-11 22:08:04,9.37,96.4,NULL
2026-04-11 22:28:04,9.24,96.6,NULL
2026-04-11 23:08:04,8.79,98.1,NULL
2026-04-11 23:28:04,8.51,97.8,NULL
2026-04-11 23:48:04,8.04,97.3,NULL
2026-04-12 00:08:04,7.67,97.3,NULL
2026-04-12 00:28:04,7.39,97.4,NULL
2026-04-12 00:48:04,7.17,97.6,NULL
2026-04-12 01:08:05,6.94,97.8,NULL
2026-04-12 01:28:04,6.77,98,NULL
2026-04-12 01:48:04,6.51,98,NULL
2026-04-12 02:08:04,6.32,98,NULL
2026-04-12 02:48:04,6.14,98.8,NULL
2026-04-12 03:48:04,5.97,100,NULL
2026-04-12 04:08:04,5.76,100,NULL
2026-04-12 04:48:04,5.22,100,NULL
2026-04-12 05:28:03,5.41,100,NULL
2026-04-12 05:48:03,5.84,100,NULL
2026-04-12 06:28:03,7.67,100,NULL
2026-04-12 06:48:03,9.61,100,NULL
2026-04-12 07:08:10,12.76,100,NULL
2026-04-12 07:28:03,15.41,93.4,NULL
2026-04-12 07:48:03,18.31,84.2,NULL
2026-04-12 08:08:03,21.12,78.7,NULL
2026-04-12 08:28:03,21.22,54.2,NULL
2026-04-12 08:48:03,19.58,55.4,NULL
2026-04-12 09:08:03,19.86,56.9,NULL
2026-04-12 09:28:03,20.63,52.2,NULL
2026-04-12 09:48:03,21.29,50.9,NULL
2026-04-12 10:08:03,22.4,50.1,NULL
2026-04-12 10:28:03,23.27,45.7,NULL
2026-04-12 10:48:03,23.08,44,NULL
2026-04-12 11:08:03,24.75,41.5,NULL
2026-04-12 11:28:03,24.6,44.9,NULL
2026-04-12 11:48:02,24.15,42.7,NULL
2026-04-12 12:28:02,22.94,42.5,NULL
2026-04-12 12:48:02,22.95,41.6,NULL
2026-04-12 13:48:02,21.14,43.2,NULL
2026-04-12 14:08:02,24.1,65.3,NULL
2026-04-12 14:28:02,28.18,68.7,NULL
2026-04-12 14:48:02,29.49,68.6,NULL
2026-04-12 15:08:02,29.04,69.8,NULL
2026-04-12 15:28:02,28.17,64.4,NULL
2026-04-12 15:48:02,26.72,69.8,NULL
2026-04-12 16:08:02,24.92,68,NULL
2026-04-12 16:28:02,23.38,71.6,NULL
2026-04-12 16:48:02,21.82,73.5,NULL
2026-04-12 17:08:02,20.56,74.9,NULL
2026-04-12 17:48:01,17.3,78.1,NULL
2026-04-12 18:08:01,15.82,80.6,NULL
2026-04-12 18:28:01,14.31,81.9,NULL
2026-04-12 18:48:01,13.04,84.7,NULL
2026-04-12 19:08:01,11.94,86.3,NULL
2026-04-12 19:28:01,11.08,87.7,NULL
2026-04-12 19:48:02,10.42,88.7,NULL
2026-04-12 20:48:01,9.07,91.5,NULL
2026-04-12 21:08:01,8.78,91.8,NULL
2026-04-12 21:28:08,8.51,92.4,NULL
2026-04-12 21:48:01,8.19,92.6,NULL
2026-04-12 22:08:01,7.93,93,NULL
2026-04-12 22:28:01,7.69,93.4,NULL
2026-04-12 22:48:01,7.39,93.6,NULL
2026-04-12 23:08:01,7.03,93.5,NULL
2026-04-12 23:28:01,6.63,93.4,NULL
2026-04-12 23:48:01,6.34,93.5,NULL
2026-04-13 00:48:00,5.49,94.3,NULL
2026-04-13 01:28:00,4.95,94.6,NULL
2026-04-13 01:48:00,4.75,94.9,NULL
2026-04-13 02:08:00,4.63,95.4,NULL
2026-04-13 02:48:00,4.33,96.7,NULL
2026-04-13 03:08:00,4.23,97.2,NULL
2026-04-13 03:28:00,4.25,98,NULL
2026-04-13 03:48:00,4.27,99.1,NULL
2026-04-13 04:08:00,4.3,100,NULL
2026-04-13 04:28:07,4.3,100,NULL
2026-04-13 04:48:07,4.25,100,NULL
2026-04-13 05:08:00,4.25,100,NULL
2026-04-13 05:28:07,4.55,100,NULL
2026-04-13 05:48:00,5.16,100,NULL
2026-04-13 06:28:04,7.09,100,NULL
2026-04-13 06:48:00,8.33,100,NULL
2026-04-13 07:08:00,9.63,100,NULL
2026-04-13 07:28:00,11.08,99.7,NULL
2026-04-13 07:48:07,12.72,94.1,NULL
2026-04-13 08:08:07,14.32,89.9,NULL
2026-04-13 08:28:00,15.8,87.8,NULL
2026-04-13 08:48:06,17.05,84.9,NULL
2026-04-13 09:07:59,18.61,83.1,NULL
2026-04-13 09:27:59,20.5,81.5,NULL
2026-04-13 09:47:59,22.03,78.9,NULL
2026-04-13 10:08:06,23.07,77.7,NULL
2026-04-13 10:27:59,23.65,76.5,NULL
2026-04-13 11:07:59,23.69,77.4,NULL
2026-04-13 11:28:06,24.01,77,NULL
2026-04-13 11:47:59,24.24,77,NULL
2026-04-13 12:07:59,25.32,76.5,NULL
2026-04-13 12:27:59,25.84,76.6,NULL
2026-04-13 12:47:59,26.04,75.3,NULL
2026-04-13 13:07:59,25.93,76.1,NULL
2026-04-13 13:47:59,25.04,76.8,NULL
2026-04-13 14:07:59,23.43,76.2,NULL
2026-04-13 14:27:59,21,75.7,NULL
2026-04-13 14:47:58,18.22,77.5,NULL
2026-04-13 15:07:58,17.55,81.8,NULL
2026-04-13 15:28:05,17.65,81.6,NULL
2026-04-13 15:47:58,18.04,83.9,NULL
2026-04-13 16:08:12,18.26,84.8,NULL
2026-04-13 16:28:05,18.02,85.3,NULL
2026-04-13 16:48:05,17.38,83.4,NULL
2026-04-13 17:07:58,16.09,83.8,NULL
2026-04-13 17:27:58,15.01,86.3,NULL
2026-04-13 17:47:58,14.3,87.1,NULL
2026-04-13 18:08:05,13.39,88.5,NULL
2026-04-13 18:27:58,12.65,89.2,NULL
2026-04-13 18:48:05,11.94,89.9,NULL
2026-04-13 19:07:58,11.5,91.1,NULL
2026-04-13 19:27:58,11.18,92.2,NULL
2026-04-13 19:47:58,10.91,92.8,NULL
2026-04-13 20:07:58,10.65,93.5,NULL
2026-04-13 20:27:58,10.36,93.6,NULL
2026-04-13 20:47:58,10.15,94.1,NULL
2026-04-13 21:27:57,9.77,95.5,NULL
2026-04-13 21:47:57,9.58,96.2,NULL
2026-04-13 22:07:57,9.48,96.9,NULL
2026-04-13 22:27:57,9.27,97.5,NULL
2026-04-13 22:47:57,8.93,97.6,NULL
2026-04-13 23:07:57,8.7,97.6,NULL
2026-04-13 23:27:57,8.15,97.1,NULL
2026-04-13 23:47:57,7.67,96.7,NULL
2026-04-14 00:07:57,7.12,96.4,NULL
2026-04-14 00:27:57,6.58,96.2,NULL
2026-04-14 00:47:57,5.96,95.9,NULL
2026-04-14 01:07:57,5.42,96.1,NULL
2026-04-14 01:27:57,4.97,96.3,NULL
2026-04-14 01:47:57,4.65,96.7,NULL
2026-04-14 02:07:57,4.37,97,NULL
2026-04-14 02:27:57,4.18,97.3,NULL
2026-04-14 02:47:57,3.95,97.4,NULL
2026-04-14 03:07:57,3.76,97.5,NULL
2026-04-14 03:27:57,3.57,97.8,NULL
2026-04-14 03:47:57,3.4,98.1,NULL
2026-04-14 04:07:57,3.24,98.6,NULL
2026-04-14 04:27:57,3.23,99.3,NULL
2026-04-14 04:47:57,3.23,99.9,NULL
2026-04-14 05:07:56,3.25,100,NULL
2026-04-14 05:27:56,3.94,100,NULL
2026-04-14 06:47:56,9.97,100,NULL
2026-04-14 07:07:56,12.34,100,NULL
2026-04-14 07:27:56,14.72,90.4,NULL
2026-04-14 07:47:56,17.47,78.6,NULL
2026-04-14 08:07:56,20.14,75,NULL
2026-04-14 08:27:56,19.86,60.3,NULL
2026-04-14 08:47:56,19.15,59.9,NULL
2026-04-14 09:27:56,19.29,56.4,NULL
2026-04-14 09:47:56,22.46,47.1,NULL
2026-04-14 10:08:10,21.52,46.5,NULL
2026-04-14 10:27:56,22.67,48.8,NULL
2026-04-14 10:47:56,21.64,49.9,NULL
2026-04-14 11:08:03,25.66,43.6,NULL
2026-04-14 11:28:03,22.92,50.4,NULL
2026-04-14 11:47:55,25.32,42.6,NULL
2026-04-14 12:07:55,26.4,34.8,NULL
2026-04-14 12:28:02,24.16,41.2,NULL
2026-04-14 12:48:02,26.63,37.7,NULL
2026-04-14 13:08:02,26.29,34.9,NULL
2026-04-14 13:27:55,22.59,41.9,NULL
2026-04-14 13:48:02,21.73,41.7,NULL
2026-04-14 14:07:55,22.59,44.1,NULL
2026-04-14 14:47:55,19.86,45.8,NULL
2026-04-14 15:07:55,20.88,61,NULL
2026-04-14 15:27:55,25.88,67.4,NULL
2026-04-14 16:07:55,30.19,60.6,NULL
2026-04-14 16:27:55,28.51,63.7,NULL
2026-04-14 16:47:55,25.8,67.6,NULL
2026-04-14 17:07:55,24.03,71.2,NULL
2026-04-14 17:28:08,21.68,75.7,NULL
2026-04-14 17:47:54,19.86,78.5,NULL
2026-04-14 18:07:54,18.16,80.5,NULL
2026-04-14 18:27:54,16.34,81.6,NULL
2026-04-14 18:47:54,14.49,82.4,NULL
2026-04-14 19:07:54,12.89,84.2,NULL
2026-04-14 19:28:01,11.55,85.8,NULL
2026-04-14 19:47:54,10.62,87.3,NULL
2026-04-14 20:08:01,9.89,88.2,NULL
2026-04-14 20:27:54,9.34,89.3,NULL
2026-04-14 20:48:01,8.78,89.8,NULL
2026-04-14 21:07:54,8.48,90.4,NULL
2026-04-14 21:27:54,8.05,90.7,NULL
2026-04-14 21:47:54,7.67,91,NULL
2026-04-14 22:07:55,7.36,91.3,NULL
2026-04-14 22:27:54,7.01,91.4,NULL
2026-04-14 23:47:54,5.89,92.3,NULL
2026-04-15 00:07:54,5.67,92.5,NULL
2026-04-15 00:47:53,5.2,92.9,NULL
2026-04-15 01:07:53,4.98,93.1,NULL
2026-04-15 02:07:53,4.41,93.8,NULL
2026-04-15 02:27:53,4.24,93.9,NULL
2026-04-15 02:47:53,4.06,94.1,NULL
2026-04-15 03:07:53,3.95,94.4,NULL
2026-04-15 03:27:53,3.8,94.8,NULL
2026-04-15 03:47:53,3.63,94.9,NULL
2026-04-15 04:08:00,3.56,95.3,NULL
2026-04-15 04:28:00,3.46,95.7,NULL
2026-04-15 04:48:00,3.48,96.1,NULL
2026-04-15 05:07:53,3.77,96.7,NULL
2026-04-15 05:28:00,4.53,97.5,NULL
2026-04-15 05:47:53,5.49,97.7,NULL
2026-04-15 06:07:53,6.94,97.5,NULL
2026-04-15 06:27:53,8.98,97.2,NULL
2026-04-15 07:07:53,14.3,89.1,NULL
2026-04-15 08:27:53,23.5,67.2,NULL
2026-04-15 08:47:52,25.72,65.5,NULL
2026-04-15 09:07:52,26.5,43,NULL
2026-04-15 09:27:52,25.32,40.9,NULL
2026-04-15 09:47:52,24.42,41.4,NULL
2026-04-15 10:07:52,24.42,44.5,NULL
2026-04-15 10:47:56,24.41,40,NULL
2026-04-15 11:07:52,25.32,37.3,NULL
2026-04-15 11:27:52,24.57,38.4,NULL
2026-04-15 11:47:52,23.1,39.8,NULL
2026-04-15 12:07:52,23.2,42.4,NULL
2026-04-15 12:27:59,22.93,42,NULL
2026-04-15 13:07:52,24.98,40.3,NULL
2026-04-15 13:27:59,25.78,37,NULL
2026-04-15 13:47:52,27.27,39.4,NULL
2026-04-15 14:07:59,26.72,35.1,NULL
2026-04-15 14:27:51,26.33,36.3,NULL
2026-04-15 14:47:58,25.94,38.2,NULL
2026-04-15 15:07:58,25.32,35.9,NULL
2026-04-15 15:27:58,24.32,47.2,NULL
2026-04-15 15:47:51,25.73,58.8,NULL
2026-04-15 16:07:58,26.76,65,NULL
2026-04-15 16:27:51,26.05,66.7,NULL
2026-04-15 16:47:51,26.06,68.6,NULL
2026-04-15 17:07:51,23.69,72.1,NULL
2026-04-15 17:47:51,20.29,80.2,NULL
2026-04-15 18:07:51,19.22,82.9,NULL
2026-04-15 18:27:51,18.29,85.6,NULL
2026-04-15 18:47:58,17.33,86.6,NULL
2026-04-15 19:07:51,16.58,88.7,NULL
2026-04-15 19:27:51,16,89.5,NULL
2026-04-15 19:47:51,15.41,90,NULL
2026-04-15 20:07:50,15,90.6,NULL
2026-04-15 20:27:50,14.66,91.6,NULL
2026-04-15 20:47:50,14.59,92.8,NULL
2026-04-15 21:07:50,14.64,94.4,NULL
2026-04-15 21:27:50,14.67,96,NULL
2026-04-15 21:47:50,14.66,97.1,NULL
2026-04-15 22:07:50,14.55,97.3,NULL
2026-04-15 22:27:50,14.31,97,NULL
2026-04-15 22:47:50,13.92,96.4,NULL
2026-04-15 23:07:50,13.63,96.7,NULL
2026-04-15 23:27:50,13.53,97.3,NULL
2026-04-15 23:47:50,13.39,97.7,NULL
2026-04-16 00:07:50,13.27,98,NULL
2026-04-16 00:47:50,13.32,100,NULL
2026-04-16 01:07:51,13.3,100,NULL
2026-04-16 01:27:50,13.33,100,NULL
2026-04-16 01:47:50,13.45,100,NULL
2026-04-16 02:07:50,13.51,100,NULL
2026-04-16 02:27:50,13.42,100,NULL
2026-04-16 03:47:49,11.77,100,NULL
2026-04-16 04:07:49,11.17,100,NULL
2026-04-16 04:27:56,10.57,100,NULL
2026-04-16 04:47:56,10.15,100,NULL
2026-04-16 05:07:58,10.21,100,NULL
2026-04-16 05:27:49,10.52,100,NULL
2026-04-16 05:47:49,11.29,100,NULL
2026-04-16 06:07:49,12.17,100,NULL
2026-04-16 06:27:56,13.09,98.1,NULL
2026-04-16 06:47:49,15.2,97.7,NULL
2026-04-16 07:07:49,17.87,93.7,NULL
2026-04-16 07:27:49,21.05,88.2,NULL
2026-04-16 07:47:49,24.12,81.6,NULL
2026-04-16 08:27:49,28.09,72.3,NULL
2026-04-16 09:07:48,32.91,69.3,NULL
2026-04-16 09:27:48,29.46,44.3,NULL
2026-04-16 09:47:48,26.94,44.1,NULL
2026-04-16 10:07:48,26.39,45.6,NULL
2026-04-16 10:27:48,27.52,42.6,NULL
2026-04-16 10:47:51,26.93,45.1,NULL
2026-04-16 11:07:48,27.58,45.1,NULL
2026-04-16 11:27:48,25.56,41.9,NULL
2026-04-16 11:47:48,23.74,50.2,NULL
2026-04-16 12:07:48,23.22,50.7,NULL
2026-04-16 13:07:48,22.74,53.8,NULL
2026-04-16 13:28:02,22.71,52.5,NULL
2026-04-16 13:47:48,22.31,51.9,NULL
2026-04-16 14:07:55,22.78,51.2,NULL
2026-04-16 14:27:48,24.24,50.9,NULL
2026-04-16 14:47:47,24.97,53.9,NULL
2026-04-16 15:07:47,25.99,63.9,NULL
2026-04-16 15:27:47,26.3,67.7,NULL
2026-04-16 16:07:54,24.72,74.5,NULL
2026-04-16 16:27:47,23.67,75.7,NULL
2026-04-16 16:47:47,24.12,75.5,NULL
2026-04-16 17:07:51,23.79,75.5,NULL
2026-04-16 17:27:47,22.43,78.9,NULL
2026-04-16 17:47:47,21.29,78.8,NULL
2026-04-16 18:07:47,19.62,79.3,NULL
2026-04-16 18:27:47,17.55,81.6,NULL
2026-04-16 19:07:47,15.46,88.8,NULL
2026-04-16 19:27:47,14.88,89.3,NULL
2026-04-16 19:47:47,14.58,91.3,NULL
2026-04-16 20:07:47,14.3,91.4,NULL
2026-04-16 20:27:47,13.54,91,NULL
2026-04-16 21:07:53,13.25,93.7,NULL
2026-04-16 21:27:46,13,93.8,NULL
2026-04-16 21:47:51,12.33,92.1,NULL
2026-04-16 22:07:53,11.55,91.4,NULL
2026-04-16 22:27:53,11.05,92.8,NULL
2026-04-16 22:47:53,10.86,93.9,NULL
2026-04-16 23:07:46,10.6,93.9,NULL
2026-04-16 23:27:46,10.44,94.5,NULL
2026-04-16 23:47:46,10.61,96.3,NULL
2026-04-17 00:07:46,10.74,99.3,NULL
2026-04-17 00:27:46,10.92,100,NULL
2026-04-17 00:47:46,10.97,100,NULL
2026-04-17 01:07:46,10.77,100,NULL
2026-04-17 01:47:46,9.82,100,NULL
2026-04-17 02:07:53,9.32,100,NULL
2026-04-17 02:27:46,8.78,100,NULL
2026-04-17 02:47:46,8.36,100,NULL
2026-04-17 03:07:46,8.04,100,NULL
2026-04-17 03:27:46,7.75,100,NULL
2026-04-17 03:47:45,7.4,100,NULL
2026-04-17 04:07:45,7.18,100,NULL
2026-04-17 04:27:51,7.06,100,NULL
2026-04-17 04:47:45,7.01,100,NULL
2026-04-17 05:07:52,7.39,100,NULL
2026-04-17 05:27:45,7.95,100,NULL
2026-04-17 05:47:45,8.27,100,NULL
2026-04-17 06:07:45,9.46,100,NULL
2026-04-17 06:47:52,13.77,100,NULL
2026-04-17 07:07:45,15.04,94.5,NULL
2026-04-17 07:27:45,16.59,94,NULL
2026-04-17 07:47:45,19.42,89.2,NULL
2026-04-17 08:07:52,20.79,85.7,NULL
2026-04-17 08:27:45,22.13,63.7,NULL
2026-04-17 08:47:45,23.14,54.8,NULL
2026-04-17 09:07:45,24.58,51.7,NULL
2026-04-17 09:27:45,26.1,50,NULL
2026-04-17 09:47:45,26.61,45.9,NULL
2026-04-17 10:07:45,27.8,48.5,NULL
2026-04-17 10:27:44,26.71,46,NULL
2026-04-17 10:47:44,27.92,41.3,NULL
2026-04-17 11:07:44,29.48,42.8,NULL
2026-04-17 11:27:51,29.87,41.2,NULL
2026-04-17 11:47:44,27.23,42.4,NULL
2026-04-17 12:07:44,29.37,41.5,NULL
2026-04-17 12:27:44,28.57,41.7,NULL
2026-04-17 13:47:44,22.75,48.3,NULL
2026-04-17 14:07:44,23.66,47.8,NULL
2026-04-17 14:27:44,23.38,49.8,NULL
2026-04-17 14:47:44,25.32,62.7,NULL
2026-04-17 15:07:44,27.85,64.9,NULL
2026-04-17 15:27:49,29.46,66.9,NULL
2026-04-17 16:27:43,28.8,68.5,NULL
2026-04-17 16:47:43,26.13,72.9,NULL
2026-04-17 17:07:44,24.66,75.5,NULL
2026-04-17 17:27:43,23.17,78.3,NULL
2026-04-17 17:47:43,21.55,80,NULL
2026-04-17 18:07:43,19.86,81.7,NULL
2026-04-17 18:27:43,18.47,83.4,NULL
2026-04-17 18:47:55,16.96,84.8,NULL
2026-04-17 19:07:43,15.68,86.5,NULL
2026-04-17 19:27:50,14.58,87.6,NULL
2026-04-17 19:47:43,13.83,89.5,NULL
2026-04-17 20:07:43,13.66,91.7,NULL
2026-04-17 20:27:43,13.89,94.6,NULL
2026-04-17 20:47:43,14.26,97.6,NULL
2026-04-17 21:07:43,14.3,99.3,NULL
2026-04-17 21:27:43,14.3,99.6,NULL
2026-04-17 22:07:42,13.69,98.1,NULL
2026-04-17 22:27:42,13.46,98.2,NULL
2026-04-17 22:47:42,13.45,98.9,NULL
2026-04-17 23:07:42,13.57,99.6,NULL
2026-04-17 23:27:47,13.66,100,NULL
2026-04-17 23:47:42,13.7,100,NULL
2026-04-18 00:47:42,13.61,100,NULL
2026-04-18 01:07:42,13.58,100,NULL
2026-04-18 01:27:42,13.47,100,NULL
2026-04-18 01:47:49,13.21,100,NULL
2026-04-18 02:27:42,11.55,97.5,NULL
2026-04-18 02:47:42,10.78,97.7,NULL
2026-04-18 03:07:42,10.18,98.1,NULL
2026-04-18 04:07:42,9.56,100,NULL
2026-04-18 04:27:42,9.48,100,NULL
2026-04-18 04:47:41,9.7,100,NULL
2026-04-18 05:07:48,10.22,100,NULL
2026-04-18 05:27:41,10.92,100,NULL
2026-04-18 05:47:41,11.73,100,NULL
2026-04-18 06:07:41,12.48,100,NULL
2026-04-18 06:47:48,14.09,100,NULL
2026-04-18 07:07:41,15.1,100,NULL
2026-04-18 07:27:48,16.49,95.9,NULL
2026-04-18 07:47:41,19.03,86.8,NULL
2026-04-18 08:07:41,20.77,80.6,NULL
2026-04-18 08:27:41,22.02,78.8,NULL
2026-04-18 08:47:48,23.65,75,NULL
2026-04-18 09:27:41,23.91,56.7,NULL
2026-04-18 09:47:41,24.08,59,NULL
2026-04-18 10:07:41,23.29,54.4,NULL
2026-04-18 10:27:41,23.65,54.5,NULL
2026-04-18 10:47:40,22.51,53.9,NULL
2026-04-18 11:07:40,21.98,57.7,NULL
2026-04-18 11:27:40,22.46,58,NULL
2026-04-18 11:47:40,22.7,57.9,NULL
2026-04-18 12:07:47,24.43,65.1,NULL
2026-04-18 13:07:40,29.72,70.8,NULL
2026-04-18 13:27:47,28.84,70.8,NULL
2026-04-18 13:47:40,26.45,73.8,NULL
2026-04-18 14:07:40,23.17,76.1,NULL
2026-04-18 14:27:40,20.46,79.3,NULL
2026-04-18 14:47:40,18.65,82.6,NULL
2026-04-18 15:07:40,17.99,84.5,NULL
2026-04-18 15:27:40,18.75,84.9,NULL
2026-04-18 15:47:40,19.84,85.6,NULL
2026-04-18 16:07:40,20.63,82.6,NULL
2026-04-18 16:27:40,20.04,82.6,NULL
2026-04-18 17:27:39,17.76,83.7,NULL
2026-04-18 17:47:39,16.74,86.1,NULL
2026-04-18 18:07:46,15.97,87.8,NULL
2026-04-18 18:27:39,15.46,88.5,NULL
2026-04-18 18:47:39,15.02,89.8,NULL
2026-04-18 19:07:39,14.57,89.7,NULL
2026-04-18 19:27:39,14.17,89.5,NULL
2026-04-18 19:47:39,13.57,89.8,NULL
2026-04-18 20:07:39,12.97,90.2,NULL
2026-04-18 20:27:39,11.97,89.3,NULL
2026-04-18 20:47:39,10.99,89.5,NULL
2026-04-18 21:07:39,10.15,90.2,NULL
2026-04-18 21:27:39,9.48,90.8,NULL
2026-04-18 21:47:39,8.95,91.6,NULL
2026-04-18 22:27:39,7.91,91.9,NULL
2026-04-18 22:47:46,7.49,92.3,NULL
2026-04-18 23:07:46,7.1,92.7,NULL
2026-04-18 23:27:45,6.81,93.2,NULL
2026-04-18 23:47:45,6.66,94,NULL
2026-04-19 00:07:38,6.55,95.1,NULL
2026-04-19 00:27:38,6.61,96.4,NULL
2026-04-19 00:47:38,6.7,98.4,NULL
2026-04-19 01:07:38,6.8,100,NULL
2026-04-19 01:27:38,6.85,100,NULL
2026-04-19 01:47:45,6.86,100,NULL
2026-04-19 02:07:38,6.94,100,NULL
2026-04-19 02:27:38,6.95,100,NULL
2026-04-19 02:47:38,7.02,100,NULL
2026-04-19 03:27:38,6.81,100,NULL
2026-04-19 03:47:38,6.66,100,NULL
2026-04-19 04:07:38,6.65,100,NULL
2026-04-19 04:27:38,7.16,100,NULL
2026-04-19 04:47:45,7.53,100,NULL
2026-04-19 05:07:38,7.98,100,NULL
2026-04-19 05:27:39,8.58,100,NULL
2026-04-19 05:47:38,9.24,100,NULL
2026-04-19 06:07:38,10.28,100,NULL
2026-04-19 06:27:38,11.49,100,NULL
2026-04-19 07:07:44,14.02,100,NULL
2026-04-19 08:07:37,23.89,78,NULL
2026-04-19 08:27:44,21.99,55.8,NULL
2026-04-19 08:47:37,17.66,60.9,NULL
2026-04-19 09:07:44,17.61,63.1,NULL
2026-04-19 09:27:37,18.01,59,NULL
2026-04-19 09:47:51,18,59.4,NULL
2026-04-19 10:07:44,16.57,63.8,NULL
2026-04-19 10:27:37,16.2,66.4,NULL
2026-04-19 10:47:48,16.63,63.7,NULL
2026-04-19 11:07:37,17.16,63.4,NULL
2026-04-19 11:27:37,18.19,55.4,NULL
2026-04-19 11:47:44,21.05,57.3,NULL
2026-04-19 12:07:37,19.95,50.4,NULL
2026-04-19 12:27:44,18.28,59.3,NULL
2026-04-19 12:47:37,18.07,56.8,NULL
2026-04-19 13:07:36,18.46,58.3,NULL
2026-04-19 13:27:36,16.24,58.7,NULL
2026-04-19 13:47:36,15.38,62.8,NULL
2026-04-19 14:07:36,15.29,62.7,NULL
2026-04-19 14:27:36,15.02,62.1,NULL
2026-04-19 14:47:36,15.93,60.3,NULL
2026-04-19 15:27:36,14.52,62.9,NULL
2026-04-19 15:47:36,16.13,67.2,NULL
2026-04-19 16:07:36,17.03,73.7,NULL
2026-04-19 17:07:36,14.9,80.7,NULL
2026-04-19 18:07:36,13.43,81.8,NULL
2026-04-19 18:47:36,11.21,84.6,NULL
2026-04-19 19:07:36,10.23,85.3,NULL
2026-04-19 19:27:42,9.41,86.9,NULL
2026-04-19 19:47:42,8.78,88.4,NULL
2026-04-19 20:07:35,8.49,89.5,NULL
2026-04-19 20:27:35,8.09,90.1,NULL
2026-04-19 20:47:35,7.75,90.6,NULL
2026-04-19 21:07:35,7.4,91,NULL
2026-04-19 21:27:42,7.21,91.6,NULL
2026-04-19 21:47:35,7.05,92.1,NULL
2026-04-19 22:07:42,6.88,92.5,NULL
2026-04-19 22:27:35,6.77,93.1,NULL
2026-04-19 22:47:35,6.65,93.5,NULL
2026-04-19 23:07:42,6.65,94.2,NULL
2026-04-19 23:27:35,6.68,95.3,NULL
2026-04-20 00:07:35,6.38,96.3,NULL
2026-04-20 00:27:38,6.2,96.2,NULL
2026-04-20 00:47:35,5.99,96.1,NULL
2026-04-20 01:07:35,5.67,95.8,NULL
2026-04-20 01:27:35,5.64,96.2,NULL
2026-04-20 01:47:35,5.31,96.2,NULL
2026-04-20 02:07:35,5.05,96.1,NULL
2026-04-20 02:27:42,5.12,96.4,NULL
2026-04-20 02:47:35,5.44,97.5,NULL
2026-04-20 03:07:34,5.73,100,NULL
2026-04-20 03:27:34,5.82,100,NULL
2026-04-20 03:47:34,5.63,100,NULL
2026-04-20 04:07:34,5.4,100,NULL
2026-04-20 04:47:34,4.64,100,NULL
2026-04-20 05:07:34,4.88,100,NULL
2026-04-20 05:27:34,5.55,100,NULL
2026-04-20 05:47:52,6.7,100,NULL
2026-04-20 06:07:34,8.08,100,NULL
2026-04-20 06:27:34,10.01,99.4,NULL
2026-04-20 06:47:34,11.94,92.6,NULL
2026-04-20 07:27:34,13.72,67.4,NULL
2026-04-20 07:47:34,13.88,68,NULL
2026-04-20 08:07:41,15.83,65,NULL
2026-04-20 08:27:34,15.95,65.3,NULL
2026-04-20 08:47:34,16.04,61.6,NULL
2026-04-20 09:07:41,15.33,66.1,NULL
2026-04-20 09:27:34,18.15,56.3,NULL
2026-04-20 09:47:34,17.26,52,NULL
2026-04-20 10:07:34,19.22,52.2,NULL
2026-04-20 10:27:33,20.95,48.4,NULL
2026-04-20 10:47:33,18.86,52.3,NULL
2026-04-20 11:07:33,16.32,50,NULL
2026-04-20 11:27:33,21.29,54.4,NULL
2026-04-20 11:47:33,19.86,46.5,NULL
2026-04-20 12:07:40,19.99,44.7,NULL
2026-04-20 12:27:33,19.15,45,NULL
2026-04-20 12:47:33,22.17,40.9,NULL
2026-04-20 13:27:33,22.24,41.8,NULL
2026-04-20 13:47:33,21.32,43.3,NULL
2026-04-20 14:47:33,16.1,50.8,NULL
2026-04-20 15:07:33,16.43,68.3,NULL
2026-04-20 15:27:33,17.7,75.1,NULL
2026-04-20 16:07:33,17.18,76.4,NULL
2026-04-20 16:27:32,16.15,77.7,NULL
2026-04-20 16:47:32,15.07,80.2,NULL
2026-04-20 17:27:32,13.21,83.4,NULL
2026-04-20 17:47:32,12.53,84.8,NULL
2026-04-20 18:07:32,11.9,86.1,NULL
2026-04-20 18:27:39,11.31,87.1,NULL
2026-04-20 18:47:32,10.84,88.4,NULL
2026-04-20 19:07:32,10.56,89.7,NULL
2026-04-20 19:27:32,10.25,89.9,NULL
2026-04-20 19:47:32,10.04,90.8,NULL
2026-04-20 20:27:32,9.7,91.9,NULL
2026-04-20 20:47:32,9.53,92.2,NULL
2026-04-20 21:07:32,9.44,92.7,NULL
2026-04-20 21:27:32,9.39,93.3,NULL
2026-04-20 21:47:39,9.29,93.4,NULL
2026-04-20 22:07:38,9.21,93.5,NULL
2026-04-20 22:27:32,9.08,93.4,NULL
2026-04-20 22:47:31,8.94,93.4,NULL
2026-04-20 23:07:31,8.78,93.4,NULL
2026-04-20 23:27:31,8.78,93.5,NULL
2026-04-20 23:47:31,8.68,93.6,NULL
2026-04-21 00:27:31,8.67,94.2,NULL
2026-04-21 00:47:31,8.62,94.4,NULL
2026-04-21 01:07:38,8.54,94.6,NULL
2026-04-21 01:27:31,8.4,94.5,NULL
2026-04-21 01:47:38,8.18,94.3,NULL
2026-04-21 02:07:31,7.97,94.1,NULL
2026-04-21 02:27:31,7.92,94.6,NULL
2026-04-21 02:47:31,7.8,94.5,NULL
2026-04-21 03:07:31,7.66,94.5,NULL
2026-04-21 03:27:38,7.22,94,NULL
2026-04-21 03:47:38,6.6,93.3,NULL
2026-04-21 04:07:31,6.24,93.8,NULL
2026-04-21 04:27:31,5.62,93.1,NULL
2026-04-21 04:47:38,5.15,92.9,NULL
2026-04-21 05:27:38,5.88,93.2,NULL
2026-04-21 05:47:31,6.77,92,NULL
2026-04-21 06:07:32,7.98,90.2,NULL
2026-04-21 06:27:31,9.37,88.3,NULL
2026-04-21 06:47:30,10.8,86.9,NULL
2026-04-21 07:07:30,12.92,83.5,NULL
2026-04-21 07:27:44,14.89,76,NULL
2026-04-21 07:47:30,16.61,69.1,NULL
2026-04-21 08:07:30,16.77,51.1,NULL
2026-04-21 08:27:30,13.42,55.4,NULL
2026-04-21 08:47:30,13.28,56.9,NULL
2026-04-21 09:07:30,13.78,56.1,NULL
2026-04-21 09:27:30,14.62,53.5,NULL
2026-04-21 09:47:30,15.41,52.2,NULL
2026-04-21 10:07:30,15.79,50.8,NULL
2026-04-21 11:07:30,17.84,47.5,NULL
2026-04-21 11:47:30,18.7,50.2,NULL
2026-04-21 12:47:29,20.27,41.6,NULL
2026-04-21 13:27:29,21.2,38,NULL
2026-04-21 13:47:29,21.06,38.8,NULL
2026-04-21 14:07:29,20.23,38.7,NULL
2026-04-21 14:27:29,20.37,34.1,NULL
2026-04-21 15:07:29,25.82,60.9,NULL
2026-04-21 15:47:29,29,60,NULL
2026-04-21 16:07:29,29,55.4,NULL
2026-04-21 16:27:29,27.63,57.1,NULL
2026-04-21 16:47:29,25.32,59.8,NULL
2026-04-21 17:07:29,22.45,66.1,NULL
2026-04-21 17:27:29,19.86,71.7,NULL
2026-04-21 17:47:29,17.72,74.4,NULL
2026-04-21 18:07:30,15.64,77.3,NULL
2026-04-21 18:27:29,14.03,80.6,NULL
2026-04-21 18:47:35,12.53,82.7,NULL
2026-04-21 19:07:29,11.22,84.6,NULL
2026-04-21 19:27:28,10.32,86.2,NULL
2026-04-21 20:27:28,8.78,89,NULL
2026-04-21 20:47:31,8.55,89.7,NULL
2026-04-21 21:07:28,8.12,89.5,NULL
2026-04-21 21:27:28,7.83,90,NULL
2026-04-21 21:47:28,7.46,90.1,NULL
2026-04-21 22:47:28,6.58,91.1,NULL
2026-04-21 23:07:29,6.36,91.5,NULL
2026-04-21 23:47:28,5.83,91.7,NULL
2026-04-22 00:07:28,5.59,91.9,NULL
2026-04-22 00:27:28,5.3,92,NULL
2026-04-22 00:47:35,5.01,92.2,NULL
2026-04-22 01:07:28,4.78,92.3,NULL
2026-04-22 01:47:35,4.36,92.9,NULL
2026-04-22 02:07:28,4.19,93.2,NULL
2026-04-22 02:27:27,3.94,93.3,NULL
2026-04-22 02:47:27,3.75,93.3,NULL
2026-04-22 03:07:35,3.48,93.4,NULL
2026-04-22 03:27:27,3.24,93.4,NULL
2026-04-22 03:47:34,3.11,93.6,NULL
2026-04-22 04:07:27,2.91,93.7,NULL
2026-04-22 04:27:27,2.74,93.8,NULL
2026-04-22 04:47:27,2.86,94,NULL
2026-04-22 05:07:27,3.81,94.3,NULL
2026-04-22 05:27:27,4.63,94,NULL
2026-04-22 05:47:27,5.68,93.6,NULL
2026-04-22 06:07:27,7.45,93.1,NULL
2026-04-22 06:27:27,9.62,90,NULL
2026-04-22 06:47:27,11.88,87.2,NULL
2026-04-22 07:07:27,14.63,83.4,NULL
2026-04-22 07:27:27,17.11,68.8,NULL
2026-04-22 07:47:27,17.03,57.7,NULL
2026-04-22 08:27:27,15.47,56.6,NULL
2026-04-22 08:47:28,16.78,54,NULL
2026-04-22 09:07:27,18.19,50.4,NULL
2026-04-22 09:27:27,19,45.8,NULL
2026-04-22 10:27:26,20.93,40,NULL
2026-04-22 10:47:26,21.68,36.5,NULL
2026-04-22 11:07:26,21.93,36.2,NULL
2026-04-22 11:27:26,22.19,36.2,NULL
2026-04-22 11:47:26,22.44,34.2,NULL
2026-04-22 12:27:26,23.33,34.7,NULL
2026-04-22 12:47:33,23.39,31.4,NULL
2026-04-22 13:07:26,22.83,33.1,NULL
2026-04-22 13:27:26,23.42,31,NULL
2026-04-22 13:47:35,23.73,31.9,NULL
2026-04-22 14:07:26,22.89,31.4,NULL
2026-04-22 14:27:26,22.25,31.9,NULL
2026-04-22 14:47:26,22.19,31.8,NULL
2026-04-22 15:07:26,26.4,50.5,NULL
2026-04-22 15:27:26,30.69,54.3,NULL
2026-04-22 15:47:32,31.79,55,NULL
2026-04-22 16:27:25,30.82,54.6,NULL
2026-04-22 16:47:25,28.08,57.8,NULL
2026-04-22 17:07:32,24.69,63.5,NULL
2026-04-22 17:47:25,19.62,73,NULL
2026-04-22 18:07:25,17.5,76.2,NULL
2026-04-22 18:27:25,15.78,78.9,NULL
2026-04-22 18:47:25,14.3,79.9,NULL
2026-04-22 19:07:25,13.16,82,NULL
2026-04-22 19:27:32,12.22,83,NULL
2026-04-22 19:47:25,11.49,84.2,NULL
2026-04-22 20:07:25,10.91,85.6,NULL
2026-04-22 20:27:25,10.36,86.2,NULL
2026-04-22 20:47:25,9.88,87.1,NULL
2026-04-22 21:07:25,9.48,87.5,NULL
2026-04-22 21:27:25,9.09,87.7,NULL
2026-04-22 21:47:25,8.78,88.2,NULL
2026-04-22 22:07:24,8.5,88.7,NULL
2026-04-22 22:27:24,7.95,88.5,NULL
2026-04-22 23:07:24,7.17,89.6,NULL
2026-04-22 23:27:24,6.82,89.8,NULL
2026-04-22 23:47:24,6.48,90.1,NULL
2026-04-23 00:47:24,5.87,91.2,NULL
2026-04-23 01:07:24,5.62,91.1,NULL
2026-04-23 01:27:26,6.14,92.8,NULL
2026-04-23 01:47:24,6.94,95.7,NULL
2026-04-23 02:07:24,7.39,98.3,NULL
2026-04-23 02:47:24,7.36,98.3,NULL
2026-04-23 03:07:31,7.35,97.9,NULL
2026-04-23 03:27:24,7.33,97.8,NULL
2026-04-23 03:47:24,7.35,97.8,NULL
2026-04-23 04:07:24,7.21,97.4,NULL
2026-04-23 04:27:31,7.2,97.5,NULL
2026-04-23 04:47:24,7.21,97.4,NULL
2026-04-23 05:07:24,7.47,97.8,NULL
2026-04-23 05:27:24,7.78,97.5,NULL
2026-04-23 06:07:23,9.09,94.2,NULL
2026-04-23 07:07:23,13.86,85.2,NULL
2026-04-23 07:27:23,15.61,81.4,NULL
2026-04-23 07:47:23,19.3,76.4,NULL
2026-04-23 08:07:23,22.08,71.1,NULL
2026-04-23 08:27:23,17.26,59.3,NULL
2026-04-23 08:47:29,16.91,55.7,NULL
2026-04-23 09:47:26,20.52,49.6,NULL
2026-04-23 10:07:23,20.92,47,NULL
2026-04-23 10:27:23,22.3,49.1,NULL
2026-04-23 10:47:37,22.59,45.5,NULL
2026-04-23 11:07:30,23.35,39.5,NULL
2026-04-23 11:27:24,23.23,38.5,NULL
2026-04-23 11:47:30,23.09,41.3,NULL
2026-04-23 12:07:29,24.28,38.5,NULL
2026-04-23 12:27:22,24.54,41.6,NULL
2026-04-23 12:47:22,24.83,36,NULL
2026-04-23 13:07:22,24.83,41.4,NULL
2026-04-23 13:27:29,24.95,39.2,NULL
2026-04-23 13:47:22,24.82,39.2,NULL
2026-04-23 14:07:22,24.28,41,NULL
2026-04-23 14:27:22,23.5,45.2,NULL
2026-04-23 14:47:22,22.97,46.9,NULL
2026-04-23 15:07:22,23.21,56.3,NULL
2026-04-23 15:27:22,27.64,56.5,NULL
2026-04-23 15:47:22,28.49,56.9,NULL
2026-04-23 16:07:22,29.07,58.3,NULL
2026-04-23 16:27:22,28.18,55.3,NULL
2026-04-23 16:47:22,25.82,59.3,NULL
2026-04-23 17:07:25,22.87,64.6,NULL
2026-04-23 17:27:21,20.48,68.9,NULL
2026-04-23 17:47:21,18.51,73.3,NULL
2026-04-23 18:07:22,16.73,74.5,NULL
2026-04-23 18:27:21,15.32,77.6,NULL
2026-04-23 18:47:25,13.82,79.7,NULL
2026-04-23 19:07:21,12.53,81.7,NULL
2026-04-23 20:07:21,10.16,85.9,NULL
2026-04-23 20:27:28,9.6,86.5,NULL
2026-04-23 20:47:25,9.17,87.6,NULL
2026-04-23 21:07:22,8.78,87.6,NULL
2026-04-23 21:27:21,8.31,88.2,NULL
2026-04-23 21:47:21,7.85,88.3,NULL
2026-04-23 22:07:21,7.52,89,NULL
2026-04-23 22:27:21,7.31,89.5,NULL
2026-04-23 22:47:21,7.47,91.2,NULL
2026-04-23 23:27:23,8.55,94,NULL
2026-04-23 23:47:21,8.78,93.8,NULL
2026-04-24 00:07:21,8.78,93.2,NULL
2026-04-24 00:47:20,8.16,92,NULL
2026-04-24 02:07:20,8.54,93.8,NULL
2026-04-24 02:47:22,8.81,94.2,NULL
2026-04-24 03:07:20,9.03,94.2,NULL
2026-04-24 03:47:20,9.19,94,NULL
2026-04-24 04:07:20,9.29,94.2,NULL
2026-04-24 04:27:27,9.29,94.1,NULL
2026-04-24 04:47:20,9.17,93.2,NULL
2026-04-24 05:07:23,9.42,93.6,NULL
2026-04-24 05:27:20,9.83,93.3,NULL
2026-04-24 05:47:20,10.44,92.1,NULL
2026-04-24 06:07:22,11.31,90.5,NULL
2026-04-24 06:27:20,12.43,88.3,NULL
2026-04-24 06:47:20,14.42,85.6,NULL
2026-04-24 07:07:20,15.48,80.5,NULL
2026-04-24 07:27:27,12.23,68.9,NULL
2026-04-24 07:47:19,12.11,71.2,NULL
2026-04-24 08:07:26,13.09,71.4,NULL
2026-04-24 08:27:19,12.99,67.5,NULL
2026-04-24 08:47:26,14.46,64,NULL
2026-04-24 09:07:19,15.15,62,NULL
2026-04-24 10:07:19,17.82,54.1,NULL
2026-04-24 10:47:19,18.72,53.8,NULL
2026-04-24 11:07:19,18.79,49,NULL
2026-04-24 11:27:19,19.19,54,NULL
2026-04-24 12:27:19,19.97,54.3,NULL
2026-04-24 13:07:19,22.14,46,NULL
2026-04-24 13:27:19,22.19,44.3,NULL
2026-04-24 13:47:18,23.14,50.1,NULL
2026-04-24 14:07:18,22.88,49.1,NULL
2026-04-24 14:27:25,22.47,45.6,NULL
2026-04-24 14:47:18,22.43,51.1,NULL
2026-04-24 15:07:18,27.05,57,NULL
2026-04-24 15:27:18,29.46,58.6,NULL
2026-04-24 15:47:18,29.85,57.6,NULL
2026-04-24 16:07:18,29.45,58.9,NULL
2026-04-24 16:27:25,27.92,58.3,NULL
2026-04-24 17:07:25,22.59,65.7,NULL
2026-04-24 17:27:18,19.89,69.1,NULL
2026-04-24 17:47:18,18,73.9,NULL
2026-04-24 18:07:18,16.11,77.6,NULL
2026-04-24 18:27:18,14.6,79,NULL
2026-04-24 18:47:25,13.16,81.3,NULL
2026-04-24 19:07:18,11.92,83.5,NULL
2026-04-24 19:27:25,10.95,85.3,NULL
2026-04-24 19:47:17,10.23,86.5,NULL
2026-04-24 20:07:17,9.64,87.6,NULL
2026-04-24 20:47:17,8.66,88.4,NULL
2026-04-24 21:07:17,8.16,88.8,NULL
2026-04-24 21:27:17,7.75,89,NULL
2026-04-24 21:47:24,7.67,90.5,NULL
2026-04-24 22:07:17,7.97,92,NULL
2026-04-24 22:27:17,8.25,92.7,NULL
2026-04-24 22:47:17,8.54,93,NULL
2026-04-24 23:07:17,8.71,92.8,NULL
2026-04-24 23:27:17,8.78,92.6,NULL
2026-04-24 23:47:17,8.78,92.5,NULL
2026-04-25 00:07:17,8.78,92.4,NULL
2026-04-25 00:27:24,8.81,92.8,NULL
2026-04-25 00:47:17,8.78,92.5,NULL
2026-04-25 01:07:17,8.66,91.8,NULL
2026-04-25 01:27:17,8.67,92.8,NULL
2026-04-25 02:07:24,8.31,92.6,NULL
2026-04-25 02:27:31,8.35,93.1,NULL
2026-04-25 02:47:24,8.25,93.2,NULL
2026-04-25 03:07:16,8.18,93.3,NULL
2026-04-25 03:27:30,8.11,93.4,NULL
2026-04-25 03:47:16,8.08,93.5,NULL
2026-04-25 04:07:23,8.07,93.7,NULL
2026-04-25 04:27:16,8.08,93.8,NULL
2026-04-25 05:07:23,8.23,93.5,NULL
2026-04-25 06:07:16,9.88,92.4,NULL
2026-04-25 06:27:16,10.86,91.7,NULL
2026-04-25 06:47:23,12.47,90,NULL
2026-04-25 07:07:16,14.32,86.3,NULL
2026-04-25 07:27:16,13.13,70,NULL
2026-04-25 07:47:16,12.55,72,NULL
2026-04-25 08:07:16,14.59,65.2,NULL
2026-04-25 08:27:23,16.51,60.9,NULL
2026-04-25 08:47:16,18.45,54.9,NULL
2026-04-25 09:07:23,18.33,54.3,NULL
2026-04-25 09:27:16,19.45,50.9,NULL
2026-04-25 09:47:16,20.25,45.7,NULL
2026-04-25 10:27:15,22.12,42.8,NULL
2026-04-25 10:47:15,22.28,39,NULL
2026-04-25 11:07:22,23.04,43.2,NULL
2026-04-25 11:27:15,23.93,38.8,NULL
2026-04-25 11:47:15,23.72,36.8,NULL
2026-04-25 12:07:15,24.13,31.1,NULL
2026-04-25 12:27:22,24.79,35.8,NULL
2026-04-25 12:47:22,23.61,34.3,NULL
2026-04-25 13:07:15,23.62,38.4,NULL
2026-04-25 13:27:15,23.96,38.6,NULL
2026-04-25 13:47:22,24.66,37.6,NULL
2026-04-25 14:07:15,25.12,34.2,NULL
2026-04-25 14:27:15,25.59,49,NULL
2026-04-25 14:47:15,30.73,53.2,NULL
2026-04-25 15:07:22,32.81,57,NULL
2026-04-25 15:27:15,32.92,57.2,NULL
2026-04-25 15:47:14,32.07,54.5,NULL
2026-04-25 16:07:14,30.74,55.3,NULL
2026-04-25 16:27:14,29.56,57.8,NULL
2026-04-25 17:07:14,24.91,64.2,NULL
2026-04-25 17:27:14,22.21,68,NULL
2026-04-25 18:07:14,18.28,75.7,NULL
2026-04-25 18:27:14,16.86,77.4,NULL
2026-04-25 18:47:14,15.41,80.3,NULL
2026-04-25 19:07:14,14.3,82,NULL
2026-04-25 19:47:14,12.39,84.9,NULL
2026-04-25 20:07:14,11.66,85.8,NULL
2026-04-25 20:27:14,11.07,86.7,NULL
2026-04-25 20:47:14,10.6,87.4,NULL
2026-04-25 21:07:14,10.34,88.6,NULL
2026-04-25 21:27:14,9.97,87.9,NULL
2026-04-25 21:47:21,9.47,87.9,NULL
2026-04-25 22:07:13,8.95,88,NULL
2026-04-25 22:27:13,8.63,88.6,NULL
2026-04-25 23:07:13,7.95,89.3,NULL
2026-04-25 23:47:13,7.39,89.9,NULL
2026-04-26 00:07:13,7.21,90.4,NULL
2026-04-26 00:27:13,7.59,92.2,NULL
2026-04-26 00:47:13,7.4,91.6,NULL
2026-04-26 01:07:13,7.04,90.8,NULL
2026-04-26 02:07:13,6.08,91,NULL
2026-04-26 02:27:13,5.88,91.2,NULL
2026-04-26 02:47:13,5.62,91.2,NULL
2026-04-26 03:07:13,5.29,91,NULL
2026-04-26 03:27:13,4.98,91.2,NULL
2026-04-26 03:47:13,4.71,91.3,NULL
2026-04-26 04:07:13,4.56,91.6,NULL
2026-04-26 04:27:13,4.51,91.8,NULL
2026-04-26 04:47:13,4.75,91.8,NULL
2026-04-26 05:07:13,5.38,91.6,NULL
2026-04-26 05:27:13,6.51,91.6,NULL
2026-04-26 05:47:12,7.85,91.2,NULL
2026-04-26 06:07:12,9.55,90.2,NULL
2026-04-26 06:27:12,11.51,88,NULL
2026-04-26 06:47:12,14.05,85.6,NULL
2026-04-26 07:27:12,19.3,78.3,NULL
2026-04-26 07:47:12,21.82,73.5,NULL
2026-04-26 08:27:12,15.59,55.1,NULL
2026-04-26 08:47:12,17.2,52.3,NULL
2026-04-26 09:27:12,17.24,48.3,NULL
2026-04-26 10:07:12,19.77,45.9,NULL
2026-04-26 10:27:12,21.79,41.3,NULL
2026-04-26 10:47:12,21.39,44.5,NULL
2026-04-26 11:07:12,22.34,46.7,NULL
2026-04-26 11:47:12,21.95,37,NULL
2026-04-26 12:07:18,22.71,37.2,NULL
2026-04-26 12:27:11,23.64,33.9,NULL
2026-04-26 12:47:18,23.96,35.2,NULL
2026-04-26 13:07:11,22.77,34.4,NULL
2026-04-26 13:27:11,23.19,36,NULL
2026-04-26 13:47:11,23.04,36,NULL
2026-04-26 14:07:11,22.75,35.4,NULL
2026-04-26 14:27:18,22.01,36,NULL
2026-04-26 14:47:11,21.28,36.1,NULL
2026-04-26 15:07:18,24.67,53.3,NULL
2026-04-26 15:27:11,28.54,56.6,NULL
2026-04-26 15:47:11,30.13,57.3,NULL
2026-04-26 16:07:11,30.05,58.6,NULL
2026-04-26 16:27:11,28.47,58.8,NULL
2026-04-26 16:47:11,27.52,59.1,NULL
2026-04-26 17:07:11,24.39,64.5,NULL
2026-04-26 17:27:11,21.81,69,NULL
2026-04-26 18:07:10,17.48,76.1,NULL
2026-04-26 18:27:10,15.85,78.4,NULL
2026-04-26 18:47:10,14.43,80.7,NULL
2026-04-26 19:07:10,13.29,82.5,NULL
2026-04-26 19:27:10,12.25,83.7,NULL
2026-04-26 19:47:10,11.55,85.1,NULL
2026-04-26 20:47:10,10.1,86.7,NULL
2026-04-26 21:47:10,8.74,87.7,NULL
2026-04-26 22:07:10,8.27,88,NULL
2026-04-26 22:27:17,7.91,88.3,NULL
2026-04-26 22:47:17,7.61,88.8,NULL
2026-04-26 23:07:17,7.37,89.3,NULL
2026-04-26 23:27:10,7.08,89.4,NULL
2026-04-27 00:07:10,6.63,89.7,NULL
2026-04-27 00:27:10,6.34,89.7,NULL
2026-04-27 00:47:09,6.02,89.9,NULL
2026-04-27 01:07:16,5.74,89.9,NULL
2026-04-27 01:27:16,5.42,89.8,NULL
2026-04-27 01:47:10,5.14,90,NULL
2026-04-27 02:07:09,4.9,90.2,NULL
2026-04-27 02:27:16,4.68,90.3,NULL
2026-04-27 02:47:09,4.41,90.2,NULL
2026-04-27 03:07:09,4.15,90.4,NULL
2026-04-27 03:27:16,3.94,90.6,NULL
2026-04-27 03:47:16,3.79,90.8,NULL
2026-04-27 04:07:09,3.66,91,NULL
2026-04-27 04:27:09,3.67,91.2,NULL
2026-04-27 04:47:09,3.87,91.3,NULL
2026-04-27 05:07:09,4.56,91.4,NULL
2026-04-27 05:27:09,5.64,91,NULL
2026-04-27 05:47:09,7.63,90.9,NULL
2026-04-27 06:07:16,9.79,88.4,NULL
2026-04-27 07:07:09,15.01,80.3,NULL
2026-04-27 07:27:09,15.16,61.6,NULL
2026-04-27 07:47:09,12.35,68.8,NULL
2026-04-27 08:07:09,12.83,68.9,NULL
2026-04-27 08:27:08,13.72,67.2,NULL
2026-04-27 08:47:08,14.66,64.3,NULL
2026-04-27 09:27:08,18.26,54,NULL
2026-04-27 09:47:08,19.36,47.2,NULL
2026-04-27 10:07:15,20.32,46.8,NULL
2026-04-27 10:27:15,21.57,41.6,NULL
2026-04-27 10:47:08,22.23,41.7,NULL
2026-04-27 11:07:08,22.59,41.3,NULL
2026-04-27 11:27:08,22.89,38.1,NULL
2026-04-27 11:47:22,22.88,39,NULL
2026-04-27 12:07:08,22.21,34.7,NULL
2026-04-27 12:27:08,21.23,34.5,NULL
2026-04-27 12:47:22,21.11,31.8,NULL
2026-04-27 13:07:08,20.86,35.2,NULL
2026-04-27 13:27:08,19.86,35.2,NULL
2026-04-27 13:47:08,19.03,39,NULL
2026-04-27 14:07:08,18.72,41.4,NULL
2026-04-27 14:27:07,18.45,40.4,NULL
2026-04-27 14:47:07,18.33,39.8,NULL
2026-04-27 15:07:07,19.53,54.7,NULL
2026-04-27 15:27:07,22.89,60.2,NULL
2026-04-27 15:47:07,24.06,60.1,NULL
2026-04-27 16:07:07,23.08,64.6,NULL
2026-04-27 16:27:07,22.04,69.3,NULL
2026-04-27 16:47:07,21.22,72.5,NULL
2026-04-27 17:07:07,20.21,73.6,NULL
2026-04-27 17:27:07,19.34,75.9,NULL
2026-04-27 17:47:07,18.32,76.6,NULL
2026-04-27 18:07:07,17.37,80.3,NULL
2026-04-27 18:47:07,14.79,81.1,NULL
2026-04-27 19:07:07,13.81,83,NULL
2026-04-27 19:27:07,13.21,84.9,NULL
2026-04-27 19:47:07,12.81,85.2,NULL
2026-04-27 20:07:07,12.52,85.7,NULL
2026-04-27 20:27:06,12.26,86.5,NULL
2026-04-27 20:47:06,12.09,87,NULL
2026-04-27 21:07:06,11.85,87.1,NULL
2026-04-27 21:27:06,11.55,87.1,NULL
2026-04-27 21:47:06,11.37,87.6,NULL
2026-04-27 22:07:06,11.07,87.6,NULL
2026-04-27 22:47:06,10.47,87.7,NULL
2026-04-27 23:07:06,10.15,88.3,NULL
2026-04-28 00:07:06,9.54,89.3,NULL
2026-04-28 00:27:06,9.34,89.5,NULL
2026-04-28 00:47:06,9.12,89.7,NULL
2026-04-28 01:07:06,8.92,90,NULL
2026-04-28 01:27:13,8.78,90.3,NULL
2026-04-28 01:47:06,8.7,90.5,NULL
2026-04-28 02:07:06,8.62,91,NULL
2026-04-28 02:27:06,8.57,91.5,NULL
2026-04-28 02:47:06,8.52,91.6,NULL
2026-04-28 03:07:06,8.45,91.8,NULL
2026-04-28 03:27:06,8.25,91.5,NULL
2026-04-28 03:47:05,8.08,91.5,NULL
2026-04-28 04:07:05,7.86,91.3,NULL
2026-04-28 04:27:05,7.66,91,NULL
2026-04-28 04:47:05,7.75,91.4,NULL
2026-04-28 05:07:05,8.4,91.7,NULL
2026-04-28 05:47:05,10.43,88.6,NULL
2026-04-28 06:07:05,11.61,86.8,NULL
2026-04-28 06:27:05,13.46,84.4,NULL
2026-04-28 06:47:05,15.74,81.3,NULL
2026-04-28 07:07:05,18.63,75.5,NULL
2026-04-28 07:27:05,15.03,54.5,NULL
2026-04-28 07:47:05,13.62,58.8,NULL
2026-04-28 08:27:05,14.64,54.2,NULL
2026-04-28 08:47:05,15.77,51.7,NULL
2026-04-28 09:27:05,17.64,47.2,NULL
2026-04-28 09:47:12,17.84,45.1,NULL
2026-04-28 10:47:04,19.96,39.7,NULL
2026-04-28 11:07:11,20.88,35.5,NULL
2026-04-28 11:27:04,21.16,35.3,NULL
2026-04-28 11:47:18,21.22,35.3,NULL
2026-04-28 12:07:11,21.5,33.8,NULL
2026-04-28 12:27:18,21.61,34,NULL
2026-04-28 12:47:04,21.42,33.5,NULL
2026-04-28 13:07:04,21.59,32.2,NULL
2026-04-28 13:27:11,22.04,31.5,NULL
2026-04-28 13:47:04,22.3,31.5,NULL
2026-04-28 14:27:04,21.59,29.5,NULL
2026-04-28 14:47:04,21.39,34,NULL
2026-04-28 15:07:04,26.94,45.7,NULL
2026-04-28 15:27:04,29.86,49.2,NULL
2026-04-28 15:47:04,30.17,51.7,NULL
2026-04-28 16:07:03,29.26,55.8,NULL
2026-04-28 16:27:03,28.36,57.8,NULL
2026-04-28 16:47:03,27.02,59.3,NULL
2026-04-28 17:07:03,24.27,64.3,NULL
2026-04-28 17:27:03,21.75,68.3,NULL
2026-04-28 17:47:03,19.81,70.4,NULL
2026-04-28 18:07:03,18.12,72.9,NULL
2026-04-28 18:27:03,16.96,75.3,NULL
2026-04-28 18:47:03,15.72,77.2,NULL
2026-04-28 19:27:03,13.52,81.5,NULL
2026-04-28 19:47:03,12.56,82.6,NULL
2026-04-28 20:07:03,11.8,83.2,NULL
2026-04-28 20:27:10,11.15,84.1,NULL
2026-04-28 20:47:10,10.62,85.7,NULL
2026-04-28 21:07:03,10.25,85.8,NULL
2026-04-28 21:27:10,9.87,86.3,NULL
2026-04-28 22:07:03,9.14,86.3,NULL
2026-04-28 22:27:09,8.78,86.6,NULL
2026-04-28 22:47:02,8.56,87.2,NULL
2026-04-28 23:07:02,8.3,87.3,NULL
2026-04-28 23:27:02,8.03,87.6,NULL
2026-04-28 23:47:09,7.89,87.9,NULL
2026-04-29 00:07:02,7.78,88.1,NULL
2026-04-29 00:27:09,7.59,87.7,NULL
2026-04-29 00:47:02,7.42,87.7,NULL
2026-04-29 01:07:02,7.38,88,NULL
2026-04-29 01:27:02,7.17,87.8,NULL
2026-04-29 01:47:02,6.89,87.9,NULL
2026-04-29 02:27:02,6.35,88.3,NULL
2026-04-29 02:47:02,6.01,88.1,NULL
2026-04-29 03:07:02,5.74,88.5,NULL
2026-04-29 03:27:02,5.53,88.7,NULL
2026-04-29 03:47:02,5.31,88.7,NULL
2026-04-29 04:07:02,5.12,88.9,NULL
2026-04-29 04:27:02,5.15,89,NULL
2026-04-29 04:47:02,6.01,88.2,NULL
2026-04-29 05:07:09,7.07,87,NULL
2026-04-29 05:27:02,8.04,85.7,NULL
2026-04-29 05:47:02,9.48,86.8,NULL
2026-04-29 06:07:01,11.12,85.8,NULL
2026-04-29 06:27:08,12.92,82.1,NULL
2026-04-29 06:47:01,15.1,79.1,NULL
2026-04-29 07:27:01,13.69,52.2,NULL
2026-04-29 07:47:01,14.45,50.7,NULL
2026-04-29 08:07:08,15.68,47.4,NULL
2026-04-29 08:27:01,17.09,44.3,NULL
2026-04-29 08:47:01,18.55,41.1,NULL
2026-04-29 09:07:15,19.46,37.7,NULL
2026-04-29 09:27:01,19.75,35.2,NULL
2026-04-29 09:47:08,21.05,34.5,NULL
2026-04-29 10:07:08,21.45,32.1,NULL
2026-04-29 10:27:01,22.03,31.2,NULL
2026-04-29 10:47:01,23.04,29.6,NULL
2026-04-29 11:27:01,23.56,26.6,NULL
2026-04-29 11:47:01,24.18,25,NULL
2026-04-29 12:07:08,24.12,24.3,NULL
2026-04-29 12:27:07,24.47,24.2,NULL
2026-04-29 12:47:00,24.87,21.4,NULL
2026-04-29 13:07:00,24.47,22.5,NULL
2026-04-29 13:27:00,24.9,23.8,NULL
2026-04-29 13:47:00,24.39,22.1,NULL
2026-04-29 14:07:00,24.57,23.2,NULL
2026-04-29 14:27:00,23.77,23.8,NULL
2026-04-29 15:07:00,23.32,25.8,NULL
2026-04-29 15:27:00,27.28,38.1,NULL
2026-04-29 15:47:00,29.55,42.1,NULL
2026-04-29 16:07:07,29.29,45.6,NULL
2026-04-29 16:27:00,28.51,48.2,NULL
2026-04-29 16:47:00,27.37,52.3,NULL
2026-04-29 17:07:00,24.5,57.9,NULL
2026-04-29 17:27:00,21.75,62.8,NULL
2026-04-29 17:47:07,19.66,66.2,NULL
2026-04-29 18:26:59,16.83,72.2,NULL
2026-04-29 18:46:59,15.76,74.3,NULL
2026-04-29 19:06:59,14.51,77.3,NULL
2026-04-29 19:46:59,12.69,79.8,NULL
2026-04-29 20:06:59,12.06,81.4,NULL
2026-04-29 20:26:59,11.55,82.5,NULL
2026-04-29 20:46:59,11.11,82.7,NULL
2026-04-29 21:06:59,10.66,83,NULL
2026-04-29 21:47:06,9.53,84.3,NULL
2026-04-29 22:06:59,9.02,84.9,NULL
2026-04-29 22:26:59,8.72,85.3,NULL
2026-04-29 22:46:59,8.31,85.5,NULL
2026-04-29 23:07:06,8.06,86,NULL
2026-04-29 23:46:59,7.63,86.9,NULL
2026-04-30 00:06:59,7.57,87.2,NULL
2026-04-30 00:26:59,7.46,86.9,NULL
2026-04-30 00:46:58,7.39,87.1,NULL
2026-04-30 01:06:58,7.17,86.9,NULL
2026-04-30 01:26:58,6.77,86.4,NULL
2026-04-30 01:46:58,6.34,86.6,NULL
2026-04-30 02:07:05,6.02,87.1,NULL
2026-04-30 02:26:58,5.76,87.4,NULL
2026-04-30 02:46:58,5.57,87.7,NULL
2026-04-30 03:06:58,5.29,87.5,NULL
2026-04-30 03:26:58,5.05,87.8,NULL
2026-04-30 03:47:05,4.97,88.2,NULL
2026-04-30 04:06:58,4.75,87.8,NULL
2026-04-30 04:26:58,4.71,88.1,NULL
2026-04-30 04:46:58,5.62,87.8,NULL
2026-04-30 05:06:58,6.67,86.6,NULL
2026-04-30 05:26:58,7.76,87.1,NULL
2026-04-30 05:46:58,9.48,86.6,NULL
2026-04-30 06:06:58,11.51,86.1,NULL
2026-04-30 06:26:58,13.95,79.2,NULL
2026-04-30 07:46:58,17.24,38.2,NULL
2026-04-30 08:06:58,17.64,34.8,NULL
2026-04-30 08:26:57,18.43,32.1,NULL
2026-04-30 08:46:57,20.46,29.2,NULL
2026-04-30 09:06:57,20.95,26.9,NULL
2026-04-30 09:26:57,21.59,24.8,NULL
2026-04-30 10:26:57,24.42,22.8,NULL
2026-04-30 10:46:57,24.67,22.7,NULL
2026-04-30 11:06:57,25.93,21,NULL
2026-04-30 11:27:04,25.89,21.2,NULL
2026-04-30 11:46:57,26.08,20.8,NULL
2026-04-30 12:26:57,26.52,19.3,NULL
2026-04-30 12:46:57,26.46,19.2,NULL
2026-04-30 13:06:57,26.56,20.4,NULL
2026-04-30 13:26:57,27.03,18.6,NULL
2026-04-30 13:47:11,27.16,18.5,NULL
2026-04-30 14:07:03,27.53,18.6,NULL
2026-04-30 14:26:56,27.18,19.1,NULL
2026-04-30 14:46:56,26.55,18.6,NULL
2026-04-30 15:07:03,26.23,20.3,NULL
2026-04-30 15:26:56,28.71,30.1,NULL
2026-04-30 15:46:56,30.97,35,NULL
2026-04-30 16:07:03,31.02,38.1,NULL
2026-04-30 16:27:03,30.09,40.5,NULL
2026-04-30 16:47:03,28.77,43.2,NULL
2026-04-30 17:06:56,26.08,48.8,NULL
2026-04-30 17:26:56,23.5,54,NULL
2026-04-30 17:46:56,21.37,57.1,NULL
2026-04-30 18:06:56,19.79,61.5,NULL
2026-04-30 18:26:56,18.61,64,NULL
2026-04-30 18:46:56,17.64,66.5,NULL
2026-04-30 19:06:56,16.29,69.7,NULL
2026-04-30 19:26:56,15.21,72.9,NULL
2026-04-30 19:46:56,14.36,74.9,NULL
2026-04-30 20:26:55,13.27,77.5,NULL
2026-04-30 20:46:55,12.86,78.7,NULL
2026-04-30 21:06:55,12.51,80.2,NULL
2026-04-30 21:26:55,12.11,81.1,NULL
2026-04-30 21:46:55,11.67,81.7,NULL
2026-04-30 22:06:55,11.37,82.7,NULL
2026-04-30 23:06:55,10.51,83.5,NULL
2026-04-30 23:26:55,10.15,84.5,NULL
2026-04-30 23:46:55,9.83,84.8,NULL
2026-05-01 00:06:55,9.64,85.3,NULL
2026-05-01 00:27:02,9.44,85.5,NULL
2026-05-01 00:46:55,9.11,85.5,NULL
2026-05-01 01:07:02,8.78,85.3,NULL
2026-05-01 01:26:55,8.31,85.9,NULL
2026-05-01 02:06:55,7.39,85.9,NULL
2026-05-01 02:26:55,7.04,86.5,NULL
2026-05-01 02:46:55,6.75,86.6,NULL
2026-05-01 03:06:54,6.41,86.6,NULL
2026-05-01 03:26:54,6.16,87,NULL
2026-05-01 03:46:54,5.99,87,NULL
2026-05-01 04:07:01,5.71,87.1,NULL
2026-05-01 04:26:54,5.76,87.3,NULL
2026-05-01 04:46:54,6.58,86.6,NULL
2026-05-01 05:07:01,7.6,85.9,NULL
2026-05-01 05:46:54,10.19,86.1,NULL
2026-05-01 06:06:54,12.24,85.6,NULL
2026-05-01 06:26:54,14.7,84.5,NULL
2026-05-01 06:46:54,17.72,77,NULL
2026-05-01 07:06:54,20.22,70.7,NULL
2026-05-01 07:47:01,19.03,40.8,NULL
2026-05-01 08:06:54,19.84,34.6,NULL
2026-05-01 08:26:54,21.15,32.4,NULL
2026-05-01 08:46:54,22.23,31.4,NULL
2026-05-01 09:07:01,23.06,29.8,NULL
2026-05-01 09:26:54,23.94,27.3,NULL
2026-05-01 09:47:00,25,25.7,NULL
2026-05-01 10:06:53,25.49,25.7,NULL
2026-05-01 10:27:00,26.31,24.9,NULL
2026-05-01 10:46:53,26.67,24.8,NULL
2026-05-01 11:06:53,26.9,24.8,NULL
2026-05-01 11:26:53,27.61,24,NULL
2026-05-01 12:06:53,29.6,21.2,NULL
2026-05-01 12:26:53,30.38,20.8,NULL
2026-05-01 12:47:00,30.52,20.9,NULL
2026-05-01 13:07:00,30.27,21.2,NULL
2026-05-01 13:26:53,30.03,20.5,NULL
2026-05-01 13:46:53,29.43,21.5,NULL
2026-05-01 14:06:53,29.15,21.8,NULL
2026-05-01 14:27:00,29.6,20.3,NULL
2026-05-01 14:46:53,30.3,20.3,NULL
2026-05-01 15:06:53,29.94,19.7,NULL
2026-05-01 15:26:52,30.08,24.8,NULL
2026-05-01 15:46:52,33.68,27.8,NULL
2026-05-01 16:06:52,34.95,32,NULL
2026-05-01 16:26:52,34.36,34.8,NULL
2026-05-01 16:46:59,33.29,37.4,NULL
2026-05-01 17:06:59,30.45,43.8,NULL
2026-05-01 17:26:52,27.97,49.9,NULL
2026-05-01 17:46:52,25.59,55.5,NULL
2026-05-01 18:06:52,23.69,61.3,NULL
2026-05-01 18:26:52,22.31,65.9,NULL
2026-05-01 19:26:52,17.82,76.1,NULL
2026-05-01 20:06:52,15.31,79.5,NULL
2026-05-01 20:26:52,14.43,80.9,NULL
2026-05-01 20:46:52,13.73,82,NULL
2026-05-01 21:06:52,13.02,82.3,NULL
2026-05-01 21:46:51,11.85,83.2,NULL
2026-05-01 22:06:51,11.37,83.9,NULL
2026-05-01 22:26:51,10.95,84.1,NULL
2026-05-01 22:46:51,10.47,84.4,NULL
2026-05-01 23:06:51,10.07,84.7,NULL
2026-05-01 23:26:51,9.74,85,NULL
2026-05-02 00:06:51,9.11,85.3,NULL
2026-05-02 00:26:51,8.78,85.5,NULL
2026-05-02 00:46:58,8.56,85.7,NULL
2026-05-02 01:26:51,8.13,85.9,NULL
2026-05-02 02:06:51,7.79,86.4,NULL
2026-05-02 02:46:51,7.42,86.7,NULL
2026-05-02 03:06:51,7.33,86.9,NULL
2026-05-02 03:26:51,7.2,87,NULL
2026-05-02 03:46:51,7.12,87.2,NULL
2026-05-02 04:06:51,7.01,87.1,NULL
2026-05-02 04:27:05,7.16,87.3,NULL
2026-05-02 04:46:50,8.08,86.7,NULL
2026-05-02 05:06:50,9.12,86.4,NULL
2026-05-02 05:26:50,10.55,86.4,NULL
2026-05-02 14:06:49,43.23,43.3,NULL
2026-05-02 14:26:49,41.99,44.4,NULL
2026-05-02 14:46:49,40.16,48,NULL
2026-05-02 15:06:49,40.51,48.7,NULL
2026-05-02 15:47:03,40.52,48,NULL
2026-05-02 16:06:56,37.49,52.5,NULL
2026-05-02 16:26:49,35.59,56.4,NULL
2026-05-02 16:46:49,34.48,58.3,NULL
2026-05-02 17:06:49,32.45,62.6,NULL
2026-05-02 17:26:48,30.05,66.7,NULL
2026-05-02 17:46:48,27.9,70,NULL
2026-05-02 18:06:55,25.89,71.1,NULL
2026-05-02 18:26:48,23.81,69.6,NULL
2026-05-02 18:46:55,22.29,69.4,NULL
2026-05-02 19:06:48,21.08,70.2,NULL
2026-05-02 19:26:48,20.07,73.2,NULL
2026-05-02 20:06:55,18.56,76.9,NULL
2026-05-02 20:26:48,17.81,79.5,NULL
2026-05-02 20:46:48,17.38,80.7,NULL
2026-05-02 21:06:48,16.78,82.9,NULL
2026-05-02 21:26:48,16.12,83.4,NULL
2026-05-02 21:46:48,15.6,85.8,NULL
2026-05-02 22:26:48,15.65,88,NULL
2026-05-02 22:46:48,15.75,88.5,NULL
2026-05-02 23:06:48,15.83,88.9,NULL
2026-05-02 23:46:47,15.88,87.3,NULL
2026-05-03 00:06:47,15.48,87,NULL
2026-05-03 00:26:54,15.3,87.7,NULL
2026-05-03 01:06:47,14.99,88.8,NULL
2026-05-03 01:26:54,14.7,88.9,NULL
2026-05-03 01:46:47,14.65,89.5,NULL
2026-05-03 02:06:47,14.4,89.3,NULL
2026-05-03 02:26:47,14.3,89.7,NULL
2026-05-03 02:46:47,14.3,90.3,NULL
2026-05-03 03:06:54,14.3,91.3,NULL
2026-05-03 03:46:47,14.3,90.6,NULL
2026-05-03 04:06:47,14.31,91.2,NULL
2026-05-03 04:26:47,14.44,92.1,NULL
2026-05-03 04:46:47,14.72,91.7,NULL
2026-05-03 05:06:47,15.19,91.6,NULL
2026-05-03 05:26:47,16.04,89.7,NULL
2026-05-03 05:46:53,16.91,87.9,NULL
2026-05-03 06:06:46,18.53,85.2,NULL
2026-05-03 06:46:46,21.66,77.5,NULL
2026-05-03 07:06:53,22.59,76.3,NULL
2026-05-03 07:26:46,24.37,71.2,NULL
2026-05-03 07:46:46,25.4,70.7,NULL
2026-05-03 08:06:46,27.75,65.5,NULL
2026-05-03 08:26:46,29.45,64.6,NULL
2026-05-03 09:06:46,31.86,58.1,NULL
2026-05-03 09:26:46,30.82,58.2,NULL
2026-05-03 09:46:46,30.25,60.9,NULL
2026-05-03 10:06:46,31.22,59.1,NULL
2026-05-03 10:26:46,31.57,55.1,NULL
2026-05-03 10:46:53,32.34,53.9,NULL
2026-05-03 11:06:46,33.57,49.4,NULL
2026-05-03 11:46:53,34.77,45.6,NULL
2026-05-03 12:06:45,33.41,47.3,NULL
2026-05-03 12:26:45,31.3,49.1,NULL
2026-05-03 12:46:45,28.25,55.7,NULL
2026-05-03 13:06:52,26.42,59.5,NULL
2026-05-03 13:26:45,24.9,64.5,NULL
2026-05-03 13:46:45,24.09,67.1,NULL
2026-05-03 14:06:45,23.87,69.2,NULL
2026-05-03 14:26:52,23.81,69.4,NULL
2026-05-03 14:46:45,23.79,69.2,NULL
2026-05-03 15:06:45,23.36,70,NULL
2026-05-03 15:26:45,22.98,71,NULL
2026-05-03 15:46:52,22.79,71.4,NULL
2026-05-03 16:06:45,23.17,71.3,NULL
2026-05-03 16:26:45,23.34,69.7,NULL
2026-05-03 16:46:45,22,71.3,NULL
2026-05-03 17:26:44,19.54,78.3,NULL
2026-05-03 17:46:44,18.56,81.2,NULL
2026-05-03 18:06:44,17.99,82.5,NULL
2026-05-03 18:26:44,17.5,84.4,NULL
2026-05-03 18:46:44,17.09,85.6,NULL
2026-05-03 19:06:44,16.78,86.8,NULL
2026-05-03 19:26:44,16.53,87.6,NULL
2026-05-03 19:46:44,16.38,88.4,NULL
2026-05-03 20:06:44,16.26,88.9,NULL
2026-05-03 20:26:44,16.09,89,NULL
2026-05-03 20:46:51,15.9,89.3,NULL
2026-05-03 21:06:44,15.48,88,NULL
2026-05-03 21:26:44,14.94,87.6,NULL
2026-05-03 21:46:44,14.39,88,NULL
2026-05-03 22:06:51,14.15,88.8,NULL
2026-05-03 22:26:51,13.84,88.8,NULL
2026-05-03 22:46:44,13.48,88.5,NULL
2026-05-03 23:06:44,13.25,89.1,NULL
2026-05-04 00:06:43,12.45,88.8,NULL
2026-05-04 00:46:43,12,90.1,NULL
2026-05-04 01:06:43,11.94,90.7,NULL
2026-05-04 02:06:43,11.55,88.9,NULL
2026-05-04 02:46:43,10.86,89.9,NULL
2026-05-04 03:26:43,11.11,91.6,NULL
2026-05-04 04:26:43,12.84,96.7,NULL
2026-05-04 05:26:43,14.48,96.1,NULL
2026-05-04 05:46:43,14.83,94.4,NULL
2026-05-04 06:06:50,15.24,93.1,NULL
2026-05-04 06:46:49,17.09,89.2,NULL
2026-05-04 07:06:56,18,85.1,NULL
2026-05-04 07:26:56,18.11,83.7,NULL
2026-05-04 07:46:42,18.72,81.7,NULL
2026-05-04 08:06:42,20.29,78.5,NULL
2026-05-04 08:26:49,21.44,73.3,NULL
2026-05-04 08:46:42,22.19,68.6,NULL
2026-05-04 09:06:42,22.84,67.8,NULL
2026-05-04 09:26:42,24.3,62.5,NULL
2026-05-04 09:46:42,25.58,58.2,NULL
2026-05-04 10:06:49,28.02,53.6,NULL
2026-05-04 10:26:49,29.14,49.8,NULL
2026-05-04 10:46:42,27.96,52.6,NULL
2026-05-04 11:06:42,30.16,48.4,NULL
2026-05-04 11:26:42,30.23,45.4,NULL
2026-05-04 11:46:49,30.96,42.6,NULL
2026-05-04 12:06:41,25.81,52.1,NULL
2026-05-04 12:26:41,22.57,63,NULL
2026-05-04 13:06:41,23.53,59.7,NULL
2026-05-04 14:06:42,20.86,67.4,NULL
2026-05-04 14:26:41,20.77,68.9,NULL
2026-05-04 15:06:41,22.05,64.6,NULL
2026-05-04 15:26:41,20.53,68.7,NULL
2026-05-04 15:46:41,19.55,72.4,NULL
2026-05-04 16:46:41,19.42,79.9,NULL
2026-05-04 17:06:41,19.36,80.4,NULL
2026-05-04 17:26:41,18.77,80.8,NULL
2026-05-04 17:46:40,18.27,81.1,NULL
2026-05-04 18:06:40,17.77,82,NULL
2026-05-04 18:26:40,17.09,82.9,NULL
2026-05-04 18:46:47,16.68,84.2,NULL
2026-05-04 19:06:47,16.34,85,NULL
2026-05-04 19:26:40,15.91,85.6,NULL
2026-05-04 19:46:40,15.53,85.5,NULL
2026-05-04 20:06:40,15.32,86.3,NULL
2026-05-04 20:26:47,14.98,85.4,NULL
2026-05-04 20:46:40,14.66,85.2,NULL
2026-05-04 21:06:40,14.48,85.9,NULL
2026-05-04 22:06:40,13.43,85.3,NULL
2026-05-04 22:26:40,13.21,85.9,NULL
2026-05-04 22:46:40,12.94,86.1,NULL
2026-05-04 23:06:47,12.76,86.3,NULL
2026-05-04 23:26:40,12.52,86.3,NULL
2026-05-04 23:46:39,12.3,86.7,NULL
2026-05-05 00:06:39,12.09,86.6,NULL
2026-05-05 00:26:39,11.8,85.9,NULL
2026-05-05 00:46:39,11.54,86,NULL
2026-05-05 01:06:39,11.34,86,NULL
2026-05-05 01:26:39,11.21,86.6,NULL
2026-05-05 01:46:39,11.11,86,NULL
2026-05-05 02:06:39,10.93,85.5,NULL
2026-05-05 02:26:39,10.82,86.4,NULL
2026-05-05 02:46:39,10.63,86.2,NULL
2026-05-05 03:06:39,10.52,85.9,NULL
2026-05-05 03:46:39,10.23,86.7,NULL
2026-05-05 04:26:39,10.32,87.4,NULL
2026-05-05 04:46:39,10.32,87,NULL
2026-05-05 05:06:39,10.23,87.2,NULL
2026-05-05 05:26:39,10.26,87.2,NULL
2026-05-05 05:46:39,10.19,87,NULL
2026-05-05 06:06:46,10.16,88.2,NULL
2026-05-05 06:26:39,10.33,88.8,NULL
2026-05-05 06:46:38,10.62,87.8,NULL
2026-05-05 07:06:38,10.74,87.4,NULL
2026-05-05 07:26:45,9.82,87.3,NULL
2026-05-05 07:46:45,9.86,87.9,NULL
2026-05-05 08:06:38,9.9,87.3,NULL
2026-05-05 08:26:38,10.28,85.7,NULL
2026-05-05 09:26:38,11.4,83,NULL
2026-05-05 09:46:38,11.92,79.7,NULL
2026-05-05 10:26:45,12.56,79.6,NULL
2026-05-05 10:46:45,12.28,78,NULL
2026-05-05 11:06:38,11.75,80.6,NULL
2026-05-05 11:26:38,12.14,80.6,NULL
2026-05-05 11:46:45,13.21,81.5,NULL
2026-05-05 12:06:38,17.09,78.9,NULL
2026-05-05 12:26:38,18.64,74.8,NULL
2026-05-05 12:46:45,19.32,72.3,NULL
2026-05-05 13:06:45,19.93,71.3,NULL
2026-05-05 13:26:37,20.41,70,NULL
2026-05-05 13:46:37,19.86,68.9,NULL
2026-05-05 14:06:37,19.39,70.6,NULL
2026-05-05 14:26:37,19.84,70.3,NULL
2026-05-05 14:46:44,20.25,68.5,NULL
2026-05-05 15:06:37,20.87,69.6,NULL
2026-05-05 15:26:37,19.46,75.3,NULL
2026-05-05 15:46:44,18.36,78.5,NULL
2026-05-05 16:06:37,18,80,NULL
2026-05-05 16:26:37,17.64,80.8,NULL
2026-05-05 17:06:37,16.84,81.6,NULL
2026-05-05 17:26:44,16.12,82.3,NULL
2026-05-05 17:46:37,15.33,84.1,NULL
2026-05-05 18:06:37,14.64,85.5,NULL
2026-05-05 18:26:44,14.07,86.2,NULL
2026-05-05 18:46:37,13.53,86.9,NULL
2026-05-05 19:06:51,13.19,88.2,NULL
2026-05-05 19:26:36,12.88,88.7,NULL
2026-05-05 19:46:36,12.65,89.3,NULL
2026-05-05 20:06:36,12.43,89.3,NULL
2026-05-05 20:46:36,12.11,89.9,NULL
2026-05-05 21:06:36,11.96,89.8,NULL
2026-05-05 21:26:36,11.85,90,NULL
2026-05-05 21:46:36,11.75,90.2,NULL
2026-05-05 22:06:43,11.67,90.6,NULL
2026-05-05 22:26:36,11.55,90.6,NULL
2026-05-05 22:46:36,11.5,90.1,NULL
2026-05-05 23:06:36,11.37,90.2,NULL
2026-05-05 23:26:36,11.24,90.5,NULL
2026-05-05 23:46:36,11.12,90.6,NULL
2026-05-06 00:06:43,10.99,90.6,NULL
2026-05-06 00:26:36,10.89,91.1,NULL
2026-05-06 01:06:36,10.62,91.8,NULL
2026-05-06 01:26:43,10.45,92.1,NULL
2026-05-06 01:46:36,10.41,92.9,NULL
2026-05-06 02:06:36,10.41,93.5,NULL
2026-05-06 02:26:35,10.41,94,NULL
2026-05-06 02:46:35,10.36,94.2,NULL
2026-05-06 03:06:35,10.32,94.2,NULL
2026-05-06 03:26:49,10.28,94.2,NULL
2026-05-06 03:46:35,10.25,94.2,NULL
2026-05-06 04:06:35,10.25,94.2,NULL
2026-05-06 04:26:35,10.28,94.2,NULL
2026-05-06 04:46:35,10.44,94.3,NULL
2026-05-06 05:06:35,10.62,94.4,NULL
2026-05-06 05:26:35,10.92,94.2,NULL
2026-05-06 05:46:35,11.34,93.8,NULL
2026-05-06 06:06:35,11.8,92.9,NULL
2026-05-06 06:26:35,12.2,91.4,NULL
2026-05-06 07:06:35,13.34,87.6,NULL
2026-05-06 07:46:35,15.38,78.8,NULL
2026-05-06 08:06:35,15.94,76.5,NULL
2026-05-06 08:26:35,15.73,76.4,NULL
2026-05-06 08:46:35,15.35,78,NULL
2026-05-06 09:26:34,17.21,73.2,NULL
2026-05-06 09:46:34,17.59,73.1,NULL
2026-05-06 10:26:34,18.64,66.5,NULL
2026-05-06 10:46:34,18.72,65.2,NULL
2026-05-06 11:26:34,17.55,69,NULL
2026-05-06 11:46:34,18.5,68.5,NULL
2026-05-06 12:06:34,20.08,64.2,NULL
2026-05-06 12:26:48,20.4,61.7,NULL
2026-05-06 12:46:41,19.86,64.6,NULL
2026-05-06 13:06:34,19.84,66.2,NULL
2026-05-06 13:26:34,19.05,66.3,NULL
2026-05-06 13:46:34,18.45,67.6,NULL
2026-05-06 14:06:34,18.65,65.6,NULL
2026-05-06 14:26:34,18.69,69.4,NULL
2026-05-06 14:46:34,18.18,73.5,NULL
2026-05-06 15:06:40,17.89,76.5,NULL
2026-05-06 15:26:40,17.84,77.5,NULL
2026-05-06 15:46:33,17.82,78.5,NULL
2026-05-06 16:06:33,18.34,78.4,NULL
2026-05-06 16:46:33,18.3,78.2,NULL
2026-05-06 17:06:33,17.97,78.3,NULL
2026-05-06 17:26:33,17.68,79.3,NULL
2026-05-06 17:46:33,17.09,80,NULL
2026-05-06 18:06:33,16.08,81.1,NULL
2026-05-06 18:26:33,15.08,83.1,NULL
2026-05-06 18:46:33,14.31,84.9,NULL
2026-05-06 19:06:33,13.6,86.2,NULL
2026-05-06 19:26:33,12.99,87.2,NULL
2026-05-06 20:06:33,12.54,89.4,NULL
2026-05-06 20:26:33,12.35,89.8,NULL
2026-05-06 20:46:33,12.07,89.6,NULL
2026-05-06 21:06:33,11.63,88.9,NULL
2026-05-06 21:26:40,11.04,88.3,NULL
2026-05-06 21:46:33,10.43,88.2,NULL
2026-05-06 22:06:40,9.82,87.8,NULL
2026-05-06 22:46:32,8.78,88.3,NULL
2026-05-06 23:06:32,8.43,88.8,NULL
2026-05-06 23:26:32,8.05,89,NULL
2026-05-06 23:46:32,7.78,89.6,NULL
