# capture started 2026-05-14 05:57:24  port=/dev/ttyUSB1
# connected 2026-05-14 05:57:24.177
[2026-05-14 05:57:27.131] [16919209][I][main.cpp:160] task_watchdog_heartbeat(): [GHC] T1 tick 33710  uptime 16919 s
[2026-05-14 05:57:32.149] [16924227][I][main.cpp:160] task_watchdog_heartbeat(): [GHC] T1 tick 33720  uptime 16924 s
[2026-05-14 05:57:37.167] [16929245][I][main.cpp:160] task_watchdog_heartbeat(): [GHC] T1 tick 33730  uptime 16929 s
[2026-05-14 05:57:37.191] [16929268][I][sensor_poll.cpp:359] task_sensor_poll(): [T5_SEN] [T5] iter 553 — woke from 30 s delay
[2026-05-14 05:57:37.200] [16929277][I][sensor_poll.cpp:395] task_sensor_poll(): [T5_SEN] [T5] iter 553 — polling FG6485A
[2026-05-14 05:57:37.230] [16929309][I][sensor_poll.cpp:432] task_sensor_poll(): [T5_SEN] [T5] iter 553 — polling S200
[2026-05-14 05:57:37.774] [16929848][I][sensor_poll.cpp:535] task_sensor_poll(): [T5_SEN] [T5] T=24°C RH=38% ws=0.0 m/s wd=0° | avg T=24 RH=38 ws=0.0 wd=0° [win T=12 RH=20 W=12]
[2026-05-14 05:57:37.794] [16929862][I][climate_control.cpp:434] task_climate_control(): [T6_CLI] [T6] T_avg=24 t_max=28 hyst=5 → step_t=0 | RH_avg=38 rh_max=75 rh_min=50 hyst=12 rh_en=1 → step_rh=0 | resolved=0 (was cur_t=0 cur_rh=0)
[2026-05-14 05:57:42.185] [16934263][I][main.cpp:160] task_watchdog_heartbeat(): [GHC] T1 tick 33740  uptime 16934 s
[2026-05-14 05:57:47.203] [16939281][I][main.cpp:160] task_watchdog_heartbeat(): [GHC] T1 tick 33750  uptime 16939 s
[2026-05-14 05:57:52.221] [16944299][I][main.cpp:160] task_watchdog_heartbeat(): [GHC] T1 tick 33760  uptime 16944 s
[2026-05-14 05:57:53.773] [16945849][I][data_manager.cpp:229] read_rtc_and_seed_clock(): [T4] RTC: 2026-05-14 05:57:51 UTC  unix=1778738271  daytime=yes
[2026-05-14 05:57:57.239] [16949317][I][main.cpp:160] task_watchdog_heartbeat(): [GHC] T1 tick 33770  uptime 16949 s
[2026-05-14 05:58:02.257] [16954335][I][main.cpp:160] task_watchdog_heartbeat(): [GHC] T1 tick 33780  uptime 16954 s
[2026-05-14 05:58:07.275] [16959353][I][main.cpp:160] task_watchdog_heartbeat(): [GHC] T1 tick 33790  uptime 16959 s
[2026-05-14 05:58:07.786] [16959863][I][sensor_poll.cpp:359] task_sensor_poll(): [T5_SEN] [T5] iter 554 — woke from 30 s delay
[2026-05-14 05:58:07.794] [16959872][I][sensor_poll.cpp:395] task_sensor_poll(): [T5_SEN] [T5] iter 554 — polling FG6485A
[2026-05-14 05:58:07.825] [16959904][I][sensor_poll.cpp:432] task_sensor_poll(): [T5_SEN] [T5] iter 554 — polling S200
[2026-05-14 05:58:08.369] [16960443][I][sensor_poll.cpp:535] task_sensor_poll(): [T5_SEN] [T5] T=24°C RH=38% ws=0.0 m/s wd=0° | avg T=24 RH=38 ws=0.0 wd=0° [win T=12 RH=20 W=12]
[2026-05-14 05:58:08.389] [16960457][I][climate_control.cpp:434] task_climate_control(): [T6_CLI] [T6] T_avg=24 t_max=28 hyst=5 → step_t=0 | RH_avg=38 rh_max=75 rh_min=50 hyst=12 rh_en=1 → step_rh=0 | resolved=0 (was cur_t=0 cur_rh=0)
[2026-05-14 05:58:12.293] [16964371][I][main.cpp:160] task_watchdog_heartbeat(): [GHC] T1 tick 33800  uptime 16964 s
[2026-05-14 05:58:17.311] [16969389][I][main.cpp:160] task_watchdog_heartbeat(): [GHC] T1 tick 33810  uptime 16969 s
[2026-05-14 05:58:22.329] [16974407][I][main.cpp:160] task_watchdog_heartbeat(): [GHC] T1 tick 33820  uptime 16974 s
[2026-05-14 05:58:27.348] [16979425][I][main.cpp:160] task_watchdog_heartbeat(): [GHC] T1 tick 33830  uptime 16979 s
[2026-05-14 05:58:32.365] [16984443][I][main.cpp:160] task_watchdog_heartbeat(): [GHC] T1 tick 33840  uptime 16984 s
[2026-05-14 05:58:37.384] [16989461][I][main.cpp:160] task_watchdog_heartbeat(): [GHC] T1 tick 33850  uptime 16989 s
[2026-05-14 05:58:38.380] [16990457][I][sensor_poll.cpp:359] task_sensor_poll(): [T5_SEN] [T5] iter 555 — woke from 30 s delay
[2026-05-14 05:58:38.389] [16990466][I][sensor_poll.cpp:395] task_sensor_poll(): [T5_SEN] [T5] iter 555 — polling FG6485A
[2026-05-14 05:58:38.420] [16990499][I][sensor_poll.cpp:432] task_sensor_poll(): [T5_SEN] [T5] iter 555 — polling S200
[2026-05-14 05:58:38.964] [16991037][I][sensor_poll.cpp:535] task_sensor_poll(): [T5_SEN] [T5] T=23°C RH=39% ws=0.0 m/s wd=0° | avg T=24 RH=38 ws=0.0 wd=0° [win T=12 RH=20 W=12]
[2026-05-14 05:58:38.984] [16991051][I][climate_control.cpp:434] task_climate_control(): [T6_CLI] [T6] T_avg=24 t_max=28 hyst=5 → step_t=0 | RH_avg=38 rh_max=75 rh_min=50 hyst=12 rh_en=1 → step_rh=0 | resolved=0 (was cur_t=0 cur_rh=0)
[2026-05-14 05:58:42.401] [16994479][I][main.cpp:160] task_watchdog_heartbeat(): [GHC] T1 tick 33860  uptime 16994 s
[2026-05-14 05:58:47.420] [16999497][I][main.cpp:160] task_watchdog_heartbeat(): [GHC] T1 tick 33870  uptime 16999 s
[2026-05-14 05:58:52.438] [17004515][I][main.cpp:160] task_watchdog_heartbeat(): [GHC] T1 tick 33880  uptime 17004 s
[2026-05-14 05:58:52.962] [17005038][I][data_manager.cpp:229] read_rtc_and_seed_clock(): [T4] RTC: 2026-05-14 05:58:50 UTC  unix=1778738330  daytime=yes
[2026-05-14 05:58:57.456] [17009533][I][main.cpp:160] task_watchdog_heartbeat(): [GHC] T1 tick 33890  uptime 17009 s
[2026-05-14 05:59:02.474] [17014551][I][main.cpp:160] task_watchdog_heartbeat(): [GHC] T1 tick 33900  uptime 17014 s
[2026-05-14 05:59:07.488] [17019566][I][main.cpp:160] task_watchdog_heartbeat(): [GHC] T1 tick 33910  uptime 17019 s
[2026-05-14 05:59:08.975] [17021051][I][sensor_poll.cpp:359] task_sensor_poll(): [T5_SEN] [T5] iter 556 — woke from 30 s delay
[2026-05-14 05:59:08.983] [17021060][I][sensor_poll.cpp:395] task_sensor_poll(): [T5_SEN] [T5] iter 556 — polling FG6485A
[2026-05-14 05:59:09.014] [17021093][I][sensor_poll.cpp:432] task_sensor_poll(): [T5_SEN] [T5] iter 556 — polling S200
[2026-05-14 05:59:09.558] [17021631][I][sensor_poll.cpp:535] task_sensor_poll(): [T5_SEN] [T5] T=23°C RH=39% ws=0.0 m/s wd=0° | avg T=24 RH=38 ws=0.0 wd=0° [win T=12 RH=20 W=12]
[2026-05-14 05:59:09.578] [17021645][I][climate_control.cpp:434] task_climate_control(): [T6_CLI] [T6] T_avg=24 t_max=28 hyst=5 → step_t=0 | RH_avg=38 rh_max=75 rh_min=50 hyst=12 rh_en=1 → step_rh=0 | resolved=0 (was cur_t=0 cur_rh=0)
[2026-05-14 05:59:12.506] [17024583][I][main.cpp:160] task_watchdog_heartbeat(): [GHC] T1 tick 33920  uptime 17024 s
[2026-05-14 05:59:17.524] [17029601][I][main.cpp:160] task_watchdog_heartbeat(): [GHC] T1 tick 33930  uptime 17029 s
[2026-05-14 05:59:22.542] [17034619][I][main.cpp:160] task_watchdog_heartbeat(): [GHC] T1 tick 33940  uptime 17034 s
[2026-05-14 05:59:27.560] [17039637][I][main.cpp:160] task_watchdog_heartbeat(): [GHC] T1 tick 33950  uptime 17039 s
[2026-05-14 05:59:32.578] [17044655][I][main.cpp:160] task_watchdog_heartbeat(): [GHC] T1 tick 33960  uptime 17044 s
[2026-05-14 05:59:37.596] [17049673][I][main.cpp:160] task_watchdog_heartbeat(): [GHC] T1 tick 33970  uptime 17049 s
[2026-05-14 05:59:39.569] [17051645][I][sensor_poll.cpp:359] task_sensor_poll(): [T5_SEN] [T5] iter 557 — woke from 30 s delay
[2026-05-14 05:59:39.577] [17051654][I][sensor_poll.cpp:395] task_sensor_poll(): [T5_SEN] [T5] iter 557 — polling FG6485A
[2026-05-14 05:59:39.608] [17051686][I][sensor_poll.cpp:432] task_sensor_poll(): [T5_SEN] [T5] iter 557 — polling S200
[2026-05-14 05:59:40.152] [17052225][I][sensor_poll.cpp:535] task_sensor_poll(): [T5_SEN] [T5] T=23°C RH=39% ws=0.0 m/s wd=0° | avg T=24 RH=38 ws=0.0 wd=0° [win T=12 RH=20 W=12]
[2026-05-14 05:59:40.172] [17052239][I][climate_control.cpp:434] task_climate_control(): [T6_CLI] [T6] T_avg=24 t_max=28 hyst=5 → step_t=0 | RH_avg=38 rh_max=75 rh_min=50 hyst=12 rh_en=1 → step_rh=0 | resolved=0 (was cur_t=0 cur_rh=0)
[2026-05-14 05:59:42.614] [17054691][I][main.cpp:160] task_watchdog_heartbeat(): [GHC] T1 tick 33980  uptime 17054 s
[2026-05-14 05:59:47.632] [17059709][I][main.cpp:160] task_watchdog_heartbeat(): [GHC] T1 tick 33990  uptime 17059 s
[2026-05-14 05:59:52.151] [17064226][I][data_manager.cpp:229] read_rtc_and_seed_clock(): [T4] RTC: 2026-05-14 05:59:49 UTC  unix=1778738389  daytime=yes
[2026-05-14 05:59:52.650] [17064727][I][main.cpp:160] task_watchdog_heartbeat(): [GHC] T1 tick 34000  uptime 17064 s
[2026-05-14 05:59:57.668] [17069745][I][main.cpp:160] task_watchdog_heartbeat(): [GHC] T1 tick 34010  uptime 17069 s
[2026-05-14 06:00:02.686] [17074763][I][main.cpp:160] task_watchdog_heartbeat(): [GHC] T1 tick 34020  uptime 17074 s
[2026-05-14 06:00:07.704] [17079781][I][main.cpp:160] task_watchdog_heartbeat(): [GHC] T1 tick 34030  uptime 17079 s
[2026-05-14 06:00:10.163] [17082239][I][sensor_poll.cpp:359] task_sensor_poll(): [T5_SEN] [T5] iter 558 — woke from 30 s delay
[2026-05-14 06:00:10.171] [17082248][I][sensor_poll.cpp:395] task_sensor_poll(): [T5_SEN] [T5] iter 558 — polling FG6485A
[2026-05-14 06:00:10.202] [17082280][I][sensor_poll.cpp:432] task_sensor_poll(): [T5_SEN] [T5] iter 558 — polling S200
[2026-05-14 06:00:10.746] [17082819][I][sensor_poll.cpp:535] task_sensor_poll(): [T5_SEN] [T5] T=23°C RH=39% ws=0.0 m/s wd=0° | avg T=24 RH=38 ws=0.0 wd=0° [win T=12 RH=20 W=12]
[2026-05-14 06:00:10.766] [17082833][I][climate_control.cpp:434] task_climate_control(): [T6_CLI] [T6] T_avg=24 t_max=28 hyst=5 → step_t=0 | RH_avg=38 rh_max=75 rh_min=50 hyst=12 rh_en=1 → step_rh=0 | resolved=0 (was cur_t=0 cur_rh=0)
[2026-05-14 06:00:12.722] [17084799][I][main.cpp:160] task_watchdog_heartbeat(): [GHC] T1 tick 34040  uptime 17084 s
[2026-05-14 06:00:17.740] [17089817][I][main.cpp:160] task_watchdog_heartbeat(): [GHC] T1 tick 34050  uptime 17089 s
[2026-05-14 06:00:22.758] [17094835][I][main.cpp:160] task_watchdog_heartbeat(): [GHC] T1 tick 34060  uptime 17094 s
[2026-05-14 06:00:27.776] [17099853][I][main.cpp:160] task_watchdog_heartbeat(): [GHC] T1 tick 34070  uptime 17099 s
[2026-05-14 06:00:32.794] [17104871][I][main.cpp:160] task_watchdog_heartbeat(): [GHC] T1 tick 34080  uptime 17104 s
[2026-05-14 06:00:37.812] [17109889][I][main.cpp:160] task_watchdog_heartbeat(): [GHC] T1 tick 34090  uptime 17109 s
[2026-05-14 06:00:40.757] [17112833][I][sensor_poll.cpp:359] task_sensor_poll(): [T5_SEN] [T5] iter 559 — woke from 30 s delay
[2026-05-14 06:00:40.766] [17112842][I][sensor_poll.cpp:395] task_sensor_poll(): [T5_SEN] [T5] iter 559 — polling FG6485A
[2026-05-14 06:00:40.796] [17112875][I][sensor_poll.cpp:432] task_sensor_poll(): [T5_SEN] [T5] iter 559 — polling S200
[2026-05-14 06:00:41.340] [17113413][I][sensor_poll.cpp:535] task_sensor_poll(): [T5_SEN] [T5] T=23°C RH=39% ws=0.0 m/s wd=0° | avg T=23 RH=38 ws=0.0 wd=0° [win T=12 RH=20 W=12]
[2026-05-14 06:00:41.361] [17113427][I][climate_control.cpp:434] task_climate_control(): [T6_CLI] [T6] T_avg=23 t_max=28 hyst=5 → step_t=0 | RH_avg=38 rh_max=75 rh_min=50 hyst=12 rh_en=1 → step_rh=0 | resolved=0 (was cur_t=0 cur_rh=0)
[2026-05-14 06:00:42.830] [17114907][I][main.cpp:160] task_watchdog_heartbeat(): [GHC] T1 tick 34100  uptime 17114 s
[2026-05-14 06:00:47.848] [17119925][I][main.cpp:160] task_watchdog_heartbeat(): [GHC] T1 tick 34110  uptime 17119 s
[2026-05-14 06:00:51.339] [17123414][I][data_manager.cpp:229] read_rtc_and_seed_clock(): [T4] RTC: 2026-05-14 06:00:48 UTC  unix=1778738448  daytime=yes
[2026-05-14 06:00:52.866] [17124943][I][main.cpp:160] task_watchdog_heartbeat(): [GHC] T1 tick 34120  uptime 17124 s
[2026-05-14 06:00:57.885] [17129961][I][main.cpp:160] task_watchdog_heartbeat(): [GHC] T1 tick 34130  uptime 17129 s
[2026-05-14 06:01:02.903] [17134979][I][main.cpp:160] task_watchdog_heartbeat(): [GHC] T1 tick 34140  uptime 17134 s
[2026-05-14 06:01:07.921] [17139997][I][main.cpp:160] task_watchdog_heartbeat(): [GHC] T1 tick 34150  uptime 17139 s
[2026-05-14 06:01:11.352] [17143427][I][sensor_poll.cpp:359] task_sensor_poll(): [T5_SEN] [T5] iter 560 — woke from 30 s delay
[2026-05-14 06:01:11.360] [17143436][I][sensor_poll.cpp:395] task_sensor_poll(): [T5_SEN] [T5] iter 560 — polling FG6485A
[2026-05-14 06:01:11.391] [17143469][I][sensor_poll.cpp:432] task_sensor_poll(): [T5_SEN] [T5] iter 560 — polling S200
[2026-05-14 06:01:11.935] [17144007][I][sensor_poll.cpp:535] task_sensor_poll(): [T5_SEN] [T5] T=23°C RH=39% ws=0.0 m/s wd=0° | avg T=23 RH=39 ws=0.0 wd=0° [win T=12 RH=20 W=12]
[2026-05-14 06:01:11.955] [17144021][I][climate_control.cpp:434] task_climate_control(): [T6_CLI] [T6] T_avg=23 t_max=28 hyst=5 → step_t=0 | RH_avg=39 rh_max=75 rh_min=50 hyst=12 rh_en=1 → step_rh=0 | resolved=0 (was cur_t=0 cur_rh=0)
[2026-05-14 06:01:12.939] [17145015][I][main.cpp:160] task_watchdog_heartbeat(): [GHC] T1 tick 34160  uptime 17145 s
[2026-05-14 06:01:17.957] [17150033][I][main.cpp:160] task_watchdog_heartbeat(): [GHC] T1 tick 34170  uptime 17150 s
[2026-05-14 06:01:22.975] [17155051][I][main.cpp:160] task_watchdog_heartbeat(): [GHC] T1 tick 34180  uptime 17155 s
[2026-05-14 06:01:27.991] [17160067][I][main.cpp:160] task_watchdog_heartbeat(): [GHC] T1 tick 34190  uptime 17160 s
[2026-05-14 06:01:33.008] [17165084][I][main.cpp:160] task_watchdog_heartbeat(): [GHC] T1 tick 34200  uptime 17165 s
[2026-05-14 06:01:38.026] [17170102][I][main.cpp:160] task_watchdog_heartbeat(): [GHC] T1 tick 34210  uptime 17170 s
[2026-05-14 06:01:41.946] [17174021][I][sensor_poll.cpp:359] task_sensor_poll(): [T5_SEN] [T5] iter 561 — woke from 30 s delay
[2026-05-14 06:01:41.954] [17174030][I][sensor_poll.cpp:395] task_sensor_poll(): [T5_SEN] [T5] iter 561 — polling FG6485A
[2026-05-14 06:01:41.985] [17174062][I][sensor_poll.cpp:432] task_sensor_poll(): [T5_SEN] [T5] iter 561 — polling S200
[2026-05-14 06:01:42.529] [17174601][I][sensor_poll.cpp:535] task_sensor_poll(): [T5_SEN] [T5] T=23°C RH=40% ws=0.0 m/s wd=0° | avg T=23 RH=39 ws=0.0 wd=0° [win T=12 RH=20 W=12]
[2026-05-14 06:01:42.549] [17174615][I][climate_control.cpp:434] task_climate_control(): [T6_CLI] [T6] T_avg=23 t_max=28 hyst=5 → step_t=0 | RH_avg=39 rh_max=75 rh_min=50 hyst=12 rh_en=1 → step_rh=0 | resolved=0 (was cur_t=0 cur_rh=0)
[2026-05-14 06:01:43.044] [17175120][I][main.cpp:160] task_watchdog_heartbeat(): [GHC] T1 tick 34220  uptime 17175 s
[2026-05-14 06:01:48.062] [17180138][I][main.cpp:160] task_watchdog_heartbeat(): [GHC] T1 tick 34230  uptime 17180 s
[2026-05-14 06:01:50.527] [17182602][I][data_manager.cpp:229] read_rtc_and_seed_clock(): [T4] RTC: 2026-05-14 06:01:48 UTC  unix=1778738508  daytime=yes
[2026-05-14 06:01:53.080] [17185156][I][main.cpp:160] task_watchdog_heartbeat(): [GHC] T1 tick 34240  uptime 17185 s
[2026-05-14 06:01:58.098] [17190174][I][main.cpp:160] task_watchdog_heartbeat(): [GHC] T1 tick 34250  uptime 17190 s
[2026-05-14 06:02:03.116] [17195192][I][main.cpp:160] task_watchdog_heartbeat(): [GHC] T1 tick 34260  uptime 17195 s
[2026-05-14 06:02:08.134] [17200210][I][main.cpp:160] task_watchdog_heartbeat(): [GHC] T1 tick 34270  uptime 17200 s
[2026-05-14 06:02:12.540] [17204615][I][sensor_poll.cpp:359] task_sensor_poll(): [T5_SEN] [T5] iter 562 — woke from 30 s delay
[2026-05-14 06:02:12.549] [17204624][I][sensor_poll.cpp:395] task_sensor_poll(): [T5_SEN] [T5] iter 562 — polling FG6485A
[2026-05-14 06:02:12.579] [17204656][I][sensor_poll.cpp:432] task_sensor_poll(): [T5_SEN] [T5] iter 562 — polling S200
[2026-05-14 06:02:13.123] [17205195][I][sensor_poll.cpp:535] task_sensor_poll(): [T5_SEN] [T5] T=23°C RH=40% ws=0.0 m/s wd=0° | avg T=23 RH=39 ws=0.0 wd=0° [win T=12 RH=20 W=12]
[2026-05-14 06:02:13.143] [17205209][I][climate_control.cpp:434] task_climate_control(): [T6_CLI] [T6] T_avg=23 t_max=28 hyst=5 → step_t=0 | RH_avg=39 rh_max=75 rh_min=50 hyst=12 rh_en=1 → step_rh=0 | resolved=0 (was cur_t=0 cur_rh=0)
[2026-05-14 06:02:13.152] [17205228][I][main.cpp:160] task_watchdog_heartbeat(): [GHC] T1 tick 34280  uptime 17205 s
[2026-05-14 06:02:18.169] [17210245][I][main.cpp:160] task_watchdog_heartbeat(): [GHC] T1 tick 34290  uptime 17210 s
[2026-05-14 06:02:23.187] [17215263][I][main.cpp:160] task_watchdog_heartbeat(): [GHC] T1 tick 34300  uptime 17215 s
[2026-05-14 06:02:28.205] [17220281][I][main.cpp:160] task_watchdog_heartbeat(): [GHC] T1 tick 34310  uptime 17220 s
[2026-05-14 06:02:33.223] [17225299][I][main.cpp:160] task_watchdog_heartbeat(): [GHC] T1 tick 34320  uptime 17225 s
[2026-05-14 06:02:38.241] [17230317][I][main.cpp:160] task_watchdog_heartbeat(): [GHC] T1 tick 34330  uptime 17230 s
[2026-05-14 06:02:43.134] [17235209][I][sensor_poll.cpp:359] task_sensor_poll(): [T5_SEN] [T5] iter 563 — woke from 30 s delay
[2026-05-14 06:02:43.143] [17235218][I][sensor_poll.cpp:395] task_sensor_poll(): [T5_SEN] [T5] iter 563 — polling FG6485A
[2026-05-14 06:02:43.174] [17235251][I][sensor_poll.cpp:432] task_sensor_poll(): [T5_SEN] [T5] iter 563 — polling S200
[2026-05-14 06:02:43.259] [17235335][I][main.cpp:160] task_watchdog_heartbeat(): [GHC] T1 tick 34340  uptime 17235 s
[2026-05-14 06:02:43.717] [17235789][I][sensor_poll.cpp:535] task_sensor_poll(): [T5_SEN] [T5] T=23°C RH=40% ws=0.0 m/s wd=0° | avg T=23 RH=39 ws=0.0 wd=0° [win T=12 RH=20 W=12]
[2026-05-14 06:02:43.737] [17235803][I][climate_control.cpp:434] task_climate_control(): [T6_CLI] [T6] T_avg=23 t_max=28 hyst=5 → step_t=0 | RH_avg=39 rh_max=75 rh_min=50 hyst=12 rh_en=1 → step_rh=0 | resolved=0 (was cur_t=0 cur_rh=0)
[2026-05-14 06:02:48.278] [17240353][I][main.cpp:160] task_watchdog_heartbeat(): [GHC] T1 tick 34350  uptime 17240 s
[2026-05-14 06:02:49.716] [17241790][I][data_manager.cpp:229] read_rtc_and_seed_clock(): [T4] RTC: 2026-05-14 06:02:47 UTC  unix=1778738567  daytime=yes
[2026-05-14 06:02:53.295] [17245371][I][main.cpp:160] task_watchdog_heartbeat(): [GHC] T1 tick 34360  uptime 17245 s
[2026-05-14 06:02:58.314] [17250389][I][main.cpp:160] task_watchdog_heartbeat(): [GHC] T1 tick 34370  uptime 17250 s
[2026-05-14 06:03:03.332] [17255407][I][main.cpp:160] task_watchdog_heartbeat(): [GHC] T1 tick 34380  uptime 17255 s
[2026-05-14 06:03:08.350] [17260425][I][main.cpp:160] task_watchdog_heartbeat(): [GHC] T1 tick 34390  uptime 17260 s
[2026-05-14 06:03:13.368] [17265443][I][main.cpp:160] task_watchdog_heartbeat(): [GHC] T1 tick 34400  uptime 17265 s
[2026-05-14 06:03:13.729] [17265803][I][sensor_poll.cpp:359] task_sensor_poll(): [T5_SEN] [T5] iter 564 — woke from 30 s delay
[2026-05-14 06:03:13.737] [17265812][I][sensor_poll.cpp:395] task_sensor_poll(): [T5_SEN] [T5] iter 564 — polling FG6485A
[2026-05-14 06:03:13.768] [17265845][I][sensor_poll.cpp:432] task_sensor_poll(): [T5_SEN] [T5] iter 564 — polling S200
[2026-05-14 06:03:14.312] [17266383][I][sensor_poll.cpp:535] task_sensor_poll(): [T5_SEN] [T5] T=23°C RH=40% ws=0.0 m/s wd=0° | avg T=23 RH=39 ws=0.0 wd=0° [win T=12 RH=20 W=12]
[2026-05-14 06:03:14.332] [17266397][I][climate_control.cpp:434] task_climate_control(): [T6_CLI] [T6] T_avg=23 t_max=28 hyst=5 → step_t=0 | RH_avg=39 rh_max=75 rh_min=50 hyst=12 rh_en=1 → step_rh=0 | resolved=0 (was cur_t=0 cur_rh=0)
[2026-05-14 06:03:18.386] [17270461][I][main.cpp:160] task_watchdog_heartbeat(): [GHC] T1 tick 34410  uptime 17270 s
[2026-05-14 06:03:23.404] [17275479][I][main.cpp:160] task_watchdog_heartbeat(): [GHC] T1 tick 34420  uptime 17275 s
[2026-05-14 06:03:28.422] [17280497][I][main.cpp:160] task_watchdog_heartbeat(): [GHC] T1 tick 34430  uptime 17280 s
[2026-05-14 06:03:33.440] [17285515][I][main.cpp:160] task_watchdog_heartbeat(): [GHC] T1 tick 34440  uptime 17285 s
[2026-05-14 06:03:38.458] [17290533][I][main.cpp:160] task_watchdog_heartbeat(): [GHC] T1 tick 34450  uptime 17290 s
[2026-05-14 06:03:43.476] [17295551][I][main.cpp:160] task_watchdog_heartbeat(): [GHC] T1 tick 34460  uptime 17295 s
[2026-05-14 06:03:44.323] [17296397][I][sensor_poll.cpp:359] task_sensor_poll(): [T5_SEN] [T5] iter 565 — woke from 30 s delay
[2026-05-14 06:03:44.331] [17296406][I][sensor_poll.cpp:395] task_sensor_poll(): [T5_SEN] [T5] iter 565 — polling FG6485A
[2026-05-14 06:03:44.362] [17296438][I][sensor_poll.cpp:432] task_sensor_poll(): [T5_SEN] [T5] iter 565 — polling S200
[2026-05-14 06:03:44.905] [17296976][I][sensor_poll.cpp:535] task_sensor_poll(): [T5_SEN] [T5] T=23°C RH=40% ws=0.0 m/s wd=0° | avg T=23 RH=39 ws=0.0 wd=0° [win T=12 RH=20 W=12]
[2026-05-14 06:03:44.925] [17296990][I][climate_control.cpp:434] task_climate_control(): [T6_CLI] [T6] T_avg=23 t_max=28 hyst=5 → step_t=0 | RH_avg=39 rh_max=75 rh_min=50 hyst=12 rh_en=1 → step_rh=0 | resolved=0 (was cur_t=0 cur_rh=0)
[2026-05-14 06:03:48.492] [17300567][I][main.cpp:160] task_watchdog_heartbeat(): [GHC] T1 tick 34470  uptime 17300 s
[2026-05-14 06:03:48.903] [17300977][I][data_manager.cpp:229] read_rtc_and_seed_clock(): [T4] RTC: 2026-05-14 06:03:46 UTC  unix=1778738626  daytime=yes
[2026-05-14 06:03:53.509] [17305584][I][main.cpp:160] task_watchdog_heartbeat(): [GHC] T1 tick 34480  uptime 17305 s
[2026-05-14 06:03:58.527] [17310602][I][main.cpp:160] task_watchdog_heartbeat(): [GHC] T1 tick 34490  uptime 17310 s
[2026-05-14 06:04:03.545] [17315620][I][main.cpp:160] task_watchdog_heartbeat(): [GHC] T1 tick 34500  uptime 17315 s
[2026-05-14 06:04:08.563] [17320638][I][main.cpp:160] task_watchdog_heartbeat(): [GHC] T1 tick 34510  uptime 17320 s
[2026-05-14 06:04:13.581] [17325656][I][main.cpp:160] task_watchdog_heartbeat(): [GHC] T1 tick 34520  uptime 17325 s
[2026-05-14 06:04:14.916] [17326990][I][sensor_poll.cpp:359] task_sensor_poll(): [T5_SEN] [T5] iter 566 — woke from 30 s delay
[2026-05-14 06:04:14.925] [17326999][I][sensor_poll.cpp:395] task_sensor_poll(): [T5_SEN] [T5] iter 566 — polling FG6485A
[2026-05-14 06:04:14.955] [17327031][I][sensor_poll.cpp:432] task_sensor_poll(): [T5_SEN] [T5] iter 566 — polling S200
[2026-05-14 06:04:15.499] [17327570][I][sensor_poll.cpp:535] task_sensor_poll(): [T5_SEN] [T5] T=23°C RH=40% ws=0.0 m/s wd=0° | avg T=23 RH=39 ws=0.0 wd=0° [win T=12 RH=20 W=12]
[2026-05-14 06:04:15.519] [17327584][I][climate_control.cpp:434] task_climate_control(): [T6_CLI] [T6] T_avg=23 t_max=28 hyst=5 → step_t=0 | RH_avg=39 rh_max=75 rh_min=50 hyst=12 rh_en=1 → step_rh=0 | resolved=0 (was cur_t=0 cur_rh=0)
[2026-05-14 06:04:18.599] [17330674][I][main.cpp:160] task_watchdog_heartbeat(): [GHC] T1 tick 34530  uptime 17330 s
[2026-05-14 06:04:23.617] [17335692][I][main.cpp:160] task_watchdog_heartbeat(): [GHC] T1 tick 34540  uptime 17335 s
[2026-05-14 06:04:28.635] [17340710][I][main.cpp:160] task_watchdog_heartbeat(): [GHC] T1 tick 34550  uptime 17340 s
[2026-05-14 06:04:33.653] [17345728][I][main.cpp:160] task_watchdog_heartbeat(): [GHC] T1 tick 34560  uptime 17345 s
[2026-05-14 06:04:38.671] [17350746][I][main.cpp:160] task_watchdog_heartbeat(): [GHC] T1 tick 34570  uptime 17350 s
[2026-05-14 06:04:43.690] [17355764][I][main.cpp:160] task_watchdog_heartbeat(): [GHC] T1 tick 34580  uptime 17355 s
[2026-05-14 06:04:45.510] [17357584][I][sensor_poll.cpp:359] task_sensor_poll(): [T5_SEN] [T5] iter 567 — woke from 30 s delay
[2026-05-14 06:04:45.519] [17357593][I][sensor_poll.cpp:395] task_sensor_poll(): [T5_SEN] [T5] iter 567 — polling FG6485A
[2026-05-14 06:04:45.550] [17357626][I][sensor_poll.cpp:432] task_sensor_poll(): [T5_SEN] [T5] iter 567 — polling S200
[2026-05-14 06:04:46.094] [17358164][I][sensor_poll.cpp:535] task_sensor_poll(): [T5_SEN] [T5] T=23°C RH=39% ws=0.0 m/s wd=0° | avg T=23 RH=39 ws=0.0 wd=0° [win T=12 RH=20 W=12]
[2026-05-14 06:04:46.114] [17358178][I][climate_control.cpp:434] task_climate_control(): [T6_CLI] [T6] T_avg=23 t_max=28 hyst=5 → step_t=0 | RH_avg=39 rh_max=75 rh_min=50 hyst=12 rh_en=1 → step_rh=0 | resolved=0 (was cur_t=0 cur_rh=0)
[2026-05-14 06:04:48.092] [17360165][I][data_manager.cpp:229] read_rtc_and_seed_clock(): [T4] RTC: 2026-05-14 06:04:45 UTC  unix=1778738685  daytime=yes
[2026-05-14 06:04:48.707] [17360782][I][main.cpp:160] task_watchdog_heartbeat(): [GHC] T1 tick 34590  uptime 17360 s
[2026-05-14 06:04:53.726] [17365800][I][main.cpp:160] task_watchdog_heartbeat(): [GHC] T1 tick 34600  uptime 17365 s
[2026-05-14 06:04:58.744] [17370818][I][main.cpp:160] task_watchdog_heartbeat(): [GHC] T1 tick 34610  uptime 17370 s
[2026-05-14 06:05:03.761] [17375836][I][main.cpp:160] task_watchdog_heartbeat(): [GHC] T1 tick 34620  uptime 17375 s
[2026-05-14 06:05:08.779] [17380854][I][main.cpp:160] task_watchdog_heartbeat(): [GHC] T1 tick 34630  uptime 17380 s
[2026-05-14 06:05:13.798] [17385872][I][main.cpp:160] task_watchdog_heartbeat(): [GHC] T1 tick 34640  uptime 17385 s
[2026-05-14 06:05:16.105] [17388178][I][sensor_poll.cpp:359] task_sensor_poll(): [T5_SEN] [T5] iter 568 — woke from 30 s delay
[2026-05-14 06:05:16.113] [17388187][I][sensor_poll.cpp:395] task_sensor_poll(): [T5_SEN] [T5] iter 568 — polling FG6485A
[2026-05-14 06:05:16.144] [17388220][I][sensor_poll.cpp:432] task_sensor_poll(): [T5_SEN] [T5] iter 568 — polling S200
[2026-05-14 06:05:16.688] [17388758][I][sensor_poll.cpp:535] task_sensor_poll(): [T5_SEN] [T5] T=23°C RH=40% ws=0.0 m/s wd=0° | avg T=23 RH=39 ws=0.0 wd=0° [win T=12 RH=20 W=12]
[2026-05-14 06:05:16.708] [17388772][I][climate_control.cpp:434] task_climate_control(): [T6_CLI] [T6] T_avg=23 t_max=28 hyst=5 → step_t=0 | RH_avg=39 rh_max=75 rh_min=50 hyst=12 rh_en=1 → step_rh=0 | resolved=0 (was cur_t=0 cur_rh=0)
[2026-05-14 06:05:18.816] [17390890][I][main.cpp:160] task_watchdog_heartbeat(): [GHC] T1 tick 34650  uptime 17390 s
[2026-05-14 06:05:23.834] [17395908][I][main.cpp:160] task_watchdog_heartbeat(): [GHC] T1 tick 34660  uptime 17395 s
[2026-05-14 06:05:28.852] [17400926][I][main.cpp:160] task_watchdog_heartbeat(): [GHC] T1 tick 34670  uptime 17400 s
[2026-05-14 06:05:33.870] [17405944][I][main.cpp:160] task_watchdog_heartbeat(): [GHC] T1 tick 34680  uptime 17405 s
[2026-05-14 06:05:38.888] [17410962][I][main.cpp:160] task_watchdog_heartbeat(): [GHC] T1 tick 34690  uptime 17410 s
[2026-05-14 06:05:43.906] [17415980][I][main.cpp:160] task_watchdog_heartbeat(): [GHC] T1 tick 34700  uptime 17415 s
[2026-05-14 06:05:46.699] [17418772][I][sensor_poll.cpp:359] task_sensor_poll(): [T5_SEN] [T5] iter 569 — woke from 30 s delay
[2026-05-14 06:05:46.707] [17418781][I][sensor_poll.cpp:395] task_sensor_poll(): [T5_SEN] [T5] iter 569 — polling FG6485A
[2026-05-14 06:05:46.738] [17418813][I][sensor_poll.cpp:432] task_sensor_poll(): [T5_SEN] [T5] iter 569 — polling S200
[2026-05-14 06:05:47.284] [17419352][I][sensor_poll.cpp:535] task_sensor_poll(): [T5_SEN] [T5] T=23°C RH=40% ws=0.0 m/s wd=0° | avg T=23 RH=39 ws=0.0 wd=0° [win[17419353][ T=12 RH=20 I][data_manW=12]
[2026-05-14 06:05:47.293] ager.cpp:229] read_rtc_and_seed_clock(): [T4] RTC: 2026-05-14 06:05:44 UTC  unix=1778738744  daytime=yes
[2026-05-14 06:05:47.313] [17419377][I][climate_control.cpp:434] task_climate_control(): [T6_CLI] [T6] T_avg=23 t_max=28 hyst=5 → step_t=0 | RH_avg=39 rh_max=75 rh_min=50 hyst=12 rh_en=1 → step_rh=0 | resolved=0 (was cur_t=0 cur_rh=0)
[2026-05-14 06:05:48.924] [17420998][I][main.cpp:160] task_watchdog_heartbeat(): [GHC] T1 tick 34710  uptime 17420 s
[2026-05-14 06:05:53.942] [17426016][I][main.cpp:160] task_watchdog_heartbeat(): [GHC] T1 tick 34720  uptime 17426 s
[2026-05-14 06:05:58.960] [17431034][I][main.cpp:160] task_watchdog_heartbeat(): [GHC] T1 tick 34730  uptime 17431 s
[2026-05-14 06:06:03.978] [17436052][I][main.cpp:160] task_watchdog_heartbeat(): [GHC] T1 tick 34740  uptime 17436 s
[2026-05-14 06:06:08.993] [17441067][I][main.cpp:160] task_watchdog_heartbeat(): [GHC] T1 tick 34750  uptime 17441 s
[2026-05-14 06:06:14.011] [17446085][I][main.cpp:160] task_watchdog_heartbeat(): [GHC] T1 tick 34760  uptime 17446 s
[2026-05-14 06:06:17.304] [17449377][I][sensor_poll.cpp:359] task_sensor_poll(): [T5_SEN] [T5] iter 570 — woke from 30 s delay
[2026-05-14 06:06:17.313] [17449386][I][sensor_poll.cpp:395] task_sensor_poll(): [T5_SEN] [T5] iter 570 — polling FG6485A
[2026-05-14 06:06:17.343] [17449418][I][sensor_poll.cpp:432] task_sensor_poll(): [T5_SEN] [T5] iter 570 — polling S200
[2026-05-14 06:06:17.887] [17449957][I][sensor_poll.cpp:535] task_sensor_poll(): [T5_SEN] [T5] T=23°C RH=40% ws=0.0 m/s wd=0° | avg T=23 RH=39 ws=0.0 wd=0° [win T=12 RH=20 W=12]
[2026-05-14 06:06:17.907] [17449971][I][climate_control.cpp:434] task_climate_control(): [T6_CLI] [T6] T_avg=23 t_max=28 hyst=5 → step_t=0 | RH_avg=39 rh_max=75 rh_min=50 hyst=12 rh_en=1 → step_rh=0 | resolved=0 (was cur_t=0 cur_rh=0)
[2026-05-14 06:06:19.029] [17451103][I][main.cpp:160] task_watchdog_heartbeat(): [GHC] T1 tick 34770  uptime 17451 s
[2026-05-14 06:06:24.047] [17456121][I][main.cpp:160] task_watchdog_heartbeat(): [GHC] T1 tick 34780  uptime 17456 s
[2026-05-14 06:06:29.065] [17461139][I][main.cpp:160] task_watchdog_heartbeat(): [GHC] T1 tick 34790  uptime 17461 s
[2026-05-14 06:06:34.082] [17466157][I][main.cpp:160] task_watchdog_heartbeat(): [GHC] T1 tick 34800  uptime 17466 s
[2026-05-14 06:06:34.090] [17466165][I][main.cpp:231] task_watchdog_heartbeat(): [GHC] stack T1  hwm=1980 B
[2026-05-14 06:06:34.099] [17466173][I][main.cpp:231] task_watchdog_heartbeat(): [GHC] stack T2  hwm=6196 B
[2026-05-14 06:06:34.105] [17466180][I][main.cpp:231] task_watchdog_heartbeat(): [GHC] stack T3  hwm=1980 B
[2026-05-14 06:06:34.113] [17466188][I][main.cpp:231] task_watchdog_heartbeat(): [GHC] stack T4  hwm=3956 B
[2026-05-14 06:06:34.119] [17466195][I][main.cpp:231] task_watchdog_heartbeat(): [GHC] stack T5  hwm=4260 B
[2026-05-14 06:06:34.127] [17466202][I][main.cpp:231] task_watchdog_heartbeat(): [GHC] stack T6  hwm=1604 B
[2026-05-14 06:06:34.136] [17466210][I][main.cpp:231] task_watchdog_heartbeat(): [GHC] stack T7  hwm=2472 B
[2026-05-14 06:06:34.142] [17466217][I][main.cpp:231] task_watchdog_heartbeat(): [GHC] stack T8  hwm=5940 B
[2026-05-14 06:06:34.150] [17466225][I][main.cpp:231] task_watchdog_heartbeat(): [GHC] stack T9  hwm=2532 B
[2026-05-14 06:06:34.156] [17466232][I][main.cpp:231] task_watchdog_heartbeat(): [GHC] stack T10 hwm=5636 B
[2026-05-14 06:06:34.165] [17466240][I][main.cpp:231] task_watchdog_heartbeat(): [GHC] stack T11 hwm=5508 B
[2026-05-14 06:06:34.171] [17466247][I][main.cpp:231] task_watchdog_heartbeat(): [GHC] stack T12 hwm=7508 B
[2026-05-14 06:06:34.180] [17466255][I][main.cpp:231] task_watchdog_heartbeat(): [GHC] stack T14 hwm=7732 B
[2026-05-14 06:06:39.198] [17471272][I][main.cpp:160] task_watchdog_heartbeat(): [GHC] T1 tick 34810  uptime 17471 s
[2026-05-14 06:06:44.217] [17476290][I][main.cpp:160] task_watchdog_heartbeat(): [GHC] T1 tick 34820  uptime 17476 s
[2026-05-14 06:06:46.886] [17478958][I][data_manager.cpp:229] read_rtc_and_seed_clock(): [T4] RTC: 2026-05-14 06:06:44 UTC  unix=1778738804  daytime=yes
[2026-05-14 06:06:47.898] [17479971][I][sensor_poll.cpp:359] task_sensor_poll(): [T5_SEN] [T5] iter 571 — woke from 30 s delay
[2026-05-14 06:06:47.907] [17479980][I][sensor_poll.cpp:395] task_sensor_poll(): [T5_SEN] [T5] iter 571 — polling FG6485A
[2026-05-14 06:06:47.938] [17480013][I][sensor_poll.cpp:432] task_sensor_poll(): [T5_SEN] [T5] iter 571 — polling S200
[2026-05-14 06:06:48.482] [17480551][I][sensor_poll.cpp:535] task_sensor_poll(): [T5_SEN] [T5] T=23°C RH=40% ws=0.0 m/s wd=0° | avg T=23 RH=39 ws=0.0 wd=0° [win T=12 RH=20 W=12]
[2026-05-14 06:06:48.501] [17480565][I][climate_control.cpp:434] task_climate_control(): [T6_CLI] [T6] T_avg=23 t_max=28 hyst=5 → step_t=0 | RH_avg=39 rh_max=75 rh_min=50 hyst=12 rh_en=1 → step_rh=0 | resolved=0 (was cur_t=0 cur_rh=0)
[2026-05-14 06:06:49.235] [17481308][I][main.cpp:160] task_watchdog_heartbeat(): [GHC] T1 tick 34830  uptime 17481 s
[2026-05-14 06:06:54.253] [17486326][I][main.cpp:160] task_watchdog_heartbeat(): [GHC] T1 tick 34840  uptime 17486 s
[2026-05-14 06:06:59.271] [17491344][I][main.cpp:160] task_watchdog_heartbeat(): [GHC] T1 tick 34850  uptime 17491 s
[2026-05-14 06:07:04.289] [17496362][I][main.cpp:160] task_watchdog_heartbeat(): [GHC] T1 tick 34860  uptime 17496 s
[2026-05-14 06:07:09.306] [17501380][I][main.cpp:160] task_watchdog_heartbeat(): [GHC] T1 tick 34870  uptime 17501 s
[2026-05-14 06:07:14.324] [17506398][I][main.cpp:160] task_watchdog_heartbeat(): [GHC] T1 tick 34880  uptime 17506 s
[2026-05-14 06:07:18.493] [17510565][I][sensor_poll.cpp:359] task_sensor_poll(): [T5_SEN] [T5] iter 572 — woke from 30 s delay
[2026-05-14 06:07:18.501] [17510574][I][sensor_poll.cpp:395] task_sensor_poll(): [T5_SEN] [T5] iter 572 — polling FG6485A
[2026-05-14 06:07:18.532] [17510607][I][sensor_poll.cpp:432] task_sensor_poll(): [T5_SEN] [T5] iter 572 — polling S200
[2026-05-14 06:07:19.076] [17511145][I][sensor_poll.cpp:535] task_sensor_poll(): [T5_SEN] [T5] T=23°C RH=40% ws=0.0 m/s wd=0° | avg T=23 RH=39 ws=0.0 wd=0° [win T=12 RH=20 W=12]
[2026-05-14 06:07:19.096] [17511159][I][climate_control.cpp:434] task_climate_control(): [T6_CLI] [T6] T_avg=23 t_max=28 hyst=5 → step_t=0 | RH_avg=39 rh_max=75 rh_min=50 hyst=12 rh_en=1 → step_rh=0 | resolved=0 (was cur_t=0 cur_rh=0)
[2026-05-14 06:07:19.342] [17511416][I][main.cpp:160] task_watchdog_heartbeat(): [GHC] T1 tick 34890  uptime 17511 s
[2026-05-14 06:07:24.361] [17516434][I][main.cpp:160] task_watchdog_heartbeat(): [GHC] T1 tick 34900  uptime 17516 s
[2026-05-14 06:07:29.379] [17521452][I][main.cpp:160] task_watchdog_heartbeat(): [GHC] T1 tick 34910  uptime 17521 s
[2026-05-14 06:07:34.397] [17526470][I][main.cpp:160] task_watchdog_heartbeat(): [GHC] T1 tick 34920  uptime 17526 s
[2026-05-14 06:07:39.415] [17531488][I][main.cpp:160] task_watchdog_heartbeat(): [GHC] T1 tick 34930  uptime 17531 s
[2026-05-14 06:07:44.433] [17536506][I][main.cpp:160] task_watchdog_heartbeat(): [GHC] T1 tick 34940  uptime 17536 s
[2026-05-14 06:07:46.074] [17538146][I][data_manager.cpp:229] read_rtc_and_seed_clock(): [T4] RTC: 2026-05-14 06:07:43 UTC  unix=1778738863  daytime=yes
[2026-05-14 06:07:49.087] [17541159][I][sensor_poll.cpp:359] task_sensor_poll(): [T5_SEN] [T5] iter 573 — woke from 30 s delay
[2026-05-14 06:07:49.095] [17541168][I][sensor_poll.cpp:395] task_sensor_poll(): [T5_SEN] [T5] iter 573 — polling FG6485A
[2026-05-14 06:07:49.126] [17541200][I][sensor_poll.cpp:432] task_sensor_poll(): [T5_SEN] [T5] iter 573 — polling S200
[2026-05-14 06:07:49.451] [17541524][I][main.cpp:160] task_watchdog_heartbeat(): [GHC] T1 tick 34950  uptime 17541 s
[2026-05-14 06:07:49.670] [17541739][I][sensor_poll.cpp:535] task_sensor_poll(): [T5_SEN] [T5] T=23°C RH=40% ws=0.0 m/s wd=0° | avg T=23 RH=40 ws=0.0 wd=0° [win T=12 RH=20 W=12]
[2026-05-14 06:07:49.690] [17541753][I][climate_control.cpp:434] task_climate_control(): [T6_CLI] [T6] T_avg=23 t_max=28 hyst=5 → step_t=0 | RH_avg=40 rh_max=75 rh_min=50 hyst=12 rh_en=1 → step_rh=0 | resolved=0 (was cur_t=0 cur_rh=0)
[2026-05-14 06:07:54.469] [17546542][I][main.cpp:160] task_watchdog_heartbeat(): [GHC] T1 tick 34960  uptime 17546 s
[2026-05-14 06:07:59.487] [17551560][I][main.cpp:160] task_watchdog_heartbeat(): [GHC] T1 tick 34970  uptime 17551 s
[2026-05-14 06:08:04.505] [17556578][I][main.cpp:160] task_watchdog_heartbeat(): [GHC] T1 tick 34980  uptime 17556 s
[2026-05-14 06:08:09.523] [17561596][I][main.cpp:160] task_watchdog_heartbeat(): [GHC] T1 tick 34990  uptime 17561 s
[2026-05-14 06:08:14.541] [17566614][I][main.cpp:160] task_watchdog_heartbeat(): [GHC] T1 tick 35000  uptime 17566 s
[2026-05-14 06:08:19.559] [17571632][I][main.cpp:160] task_watchdog_heartbeat(): [GHC] T1 tick 35010  uptime 17571 s
[2026-05-14 06:08:19.681] [17571753][I][sensor_poll.cpp:359] task_sensor_poll(): [T5_SEN] [T5] iter 574 — woke from 30 s delay
[2026-05-14 06:08:19.690] [17571762][I][sensor_poll.cpp:395] task_sensor_poll(): [T5_SEN] [T5] iter 574 — polling FG6485A
[2026-05-14 06:08:19.720] [17571794][I][sensor_poll.cpp:432] task_sensor_poll(): [T5_SEN] [T5] iter 574 — polling S200
[2026-05-14 06:08:20.264] [17572333][I][sensor_poll.cpp:535] task_sensor_poll(): [T5_SEN] [T5] T=23°C RH=40% ws=0.0 m/s wd=0° | avg T=23 RH=40 ws=0.0 wd=0° [win T=12 RH=20 W=12]
[2026-05-14 06:08:20.284] [17572347][I][climate_control.cpp:434] task_climate_control(): [T6_CLI] [T6] T_avg=23 t_max=28 hyst=5 → step_t=0 | RH_avg=40 rh_max=75 rh_min=50 hyst=12 rh_en=1 → step_rh=0 | resolved=0 (was cur_t=0 cur_rh=0)
[2026-05-14 06:08:24.577] [17576650][I][main.cpp:160] task_watchdog_heartbeat(): [GHC] T1 tick 35020  uptime 17576 s
[2026-05-14 06:08:29.595] [17581668][I][main.cpp:160] task_watchdog_heartbeat(): [GHC] T1 tick 35030  uptime 17581 s
[2026-05-14 06:08:34.613] [17586686][I][main.cpp:160] task_watchdog_heartbeat(): [GHC] T1 tick 35040  uptime 17586 s
[2026-05-14 06:08:39.631] [17591704][I][main.cpp:160] task_watchdog_heartbeat(): [GHC] T1 tick 35050  uptime 17591 s
[2026-05-14 06:08:44.649] [17596722][I][main.cpp:160] task_watchdog_heartbeat(): [GHC] T1 tick 35060  uptime 17596 s
[2026-05-14 06:08:45.263] [17597334][I][data_manager.cpp:229] read_rtc_and_seed_clock(): [T4] RTC: 2026-05-14 06:08:42 UTC  unix=1778738922  daytime=yes
[2026-05-14 06:08:49.667] [17601740][I][main.cpp:160] task_watchdog_heartbeat(): [GHC] T1 tick 35070  uptime 17601 s
[2026-05-14 06:08:50.275] [17602347][I][sensor_poll.cpp:359] task_sensor_poll(): [T5_SEN] [T5] iter 575 — woke from 30 s delay
[2026-05-14 06:08:50.284] [17602356][I][sensor_poll.cpp:395] task_sensor_poll(): [T5_SEN] [T5] iter 575 — polling FG6485A
[2026-05-14 06:08:50.314] [17602389][I][sensor_poll.cpp:432] task_sensor_poll(): [T5_SEN] [T5] iter 575 — polling S200
[2026-05-14 06:08:50.858] [17602927][I][sensor_poll.cpp:535] task_sensor_poll(): [T5_SEN] [T5] T=23°C RH=40% ws=0.0 m/s wd=0° | avg T=23 RH=40 ws=0.0 wd=0° [win T=12 RH=20 W=12]
[2026-05-14 06:08:50.878] [17602941][I][climate_control.cpp:434] task_climate_control(): [T6_CLI] [T6] T_avg=23 t_max=28 hyst=5 → step_t=0 | RH_avg=40 rh_max=75 rh_min=50 hyst=12 rh_en=1 → step_rh=0 | resolved=0 (was cur_t=0 cur_rh=0)
[2026-05-14 06:08:54.685] [17606758][I][main.cpp:160] task_watchdog_heartbeat(): [GHC] T1 tick 35080  uptime 17606 s
[2026-05-14 06:08:59.704] [17611776][I][main.cpp:160] task_watchdog_heartbeat(): [GHC] T1 tick 35090  uptime 17611 s
[2026-05-14 06:09:04.722] [17616794][I][main.cpp:160] task_watchdog_heartbeat(): [GHC] T1 tick 35100  uptime 17616 s
[2026-05-14 06:09:09.739] [17621812][I][main.cpp:160] task_watchdog_heartbeat(): [GHC] T1 tick 35110  uptime 17621 s
[2026-05-14 06:09:14.758] [17626830][I][main.cpp:160] task_watchdog_heartbeat(): [GHC] T1 tick 35120  uptime 17626 s
[2026-05-14 06:09:19.776] [17631848][I][main.cpp:160] task_watchdog_heartbeat(): [GHC] T1 tick 35130  uptime 17631 s
[2026-05-14 06:09:20.869] [17632941][I][sensor_poll.cpp:359] task_sensor_poll(): [T5_SEN] [T5] iter 576 — woke from 30 s delay
[2026-05-14 06:09:20.878] [17632950][I][sensor_poll.cpp:395] task_sensor_poll(): [T5_SEN] [T5] iter 576 — polling FG6485A
[2026-05-14 06:09:20.909] [17632983][I][sensor_poll.cpp:432] task_sensor_poll(): [T5_SEN] [T5] iter 576 — polling S200
[2026-05-14 06:09:21.453] [17633521][I][sensor_poll.cpp:535] task_sensor_poll(): [T5_SEN] [T5] T=23°C RH=40% ws=0.0 m/s wd=0° | avg T=23 RH=40 ws=0.0 wd=0° [win T=12 RH=20 W=12]
[2026-05-14 06:09:21.473] [17633535][I][climate_control.cpp:434] task_climate_control(): [T6_CLI] [T6] T_avg=23 t_max=28 hyst=5 → step_t=0 | RH_avg=40 rh_max=75 rh_min=50 hyst=12 rh_en=1 → step_rh=0 | resolved=0 (was cur_t=0 cur_rh=0)
[2026-05-14 06:09:24.794] [17636866][I][main.cpp:160] task_watchdog_heartbeat(): [GHC] T1 tick 35140  uptime 17636 s
[2026-05-14 06:09:29.812] [17641884][I][main.cpp:160] task_watchdog_heartbeat(): [GHC] T1 tick 35150  uptime 17641 s
[2026-05-14 06:09:34.830] [17646902][I][main.cpp:160] task_watchdog_heartbeat(): [GHC] T1 tick 35160  uptime 17646 s
[2026-05-14 06:09:39.848] [17651920][I][main.cpp:160] task_watchdog_heartbeat(): [GHC] T1 tick 35170  uptime 17651 s
[2026-05-14 06:09:44.451] [17656522][I][data_manager.cpp:229] read_rtc_and_seed_clock(): [T4] RTC: 2026-05-14 06:09:41 UTC  unix=1778738981  daytime=yes
[2026-05-14 06:09:44.866] [17656938][I][main.cpp:160] task_watchdog_heartbeat(): [GHC] T1 tick 35180  uptime 17656 s
[2026-05-14 06:09:49.884] [17661956][I][main.cpp:160] task_watchdog_heartbeat(): [GHC] T1 tick 35190  uptime 17661 s
[2026-05-14 06:09:51.464] [17663535][I][sensor_poll.cpp:359] task_sensor_poll(): [T5_SEN] [T5] iter 577 — woke from 30 s delay
[2026-05-14 06:09:51.472] [17663544][I][sensor_poll.cpp:395] task_sensor_poll(): [T5_SEN] [T5] iter 577 — polling FG6485A
[2026-05-14 06:09:51.502] [17663576][I][sensor_poll.cpp:432] task_sensor_poll(): [T5_SEN] [T5] iter 577 — polling S200
[2026-05-14 06:09:52.046] [17664114][I][sensor_poll.cpp:535] task_sensor_poll(): [T5_SEN] [T5] T=23°C RH=40% ws=0.0 m/s wd=0° | avg T=23 RH=40 ws=0.0 wd=0° [win T=12 RH=20 W=12]
[2026-05-14 06:09:52.066] [17664128][I][climate_control.cpp:434] task_climate_control(): [T6_CLI] [T6] T_avg=23 t_max=28 hyst=5 → step_t=0 | RH_avg=40 rh_max=75 rh_min=50 hyst=12 rh_en=1 → step_rh=0 | resolved=0 (was cur_t=0 cur_rh=0)
[2026-05-14 06:09:54.902] [17666974][I][main.cpp:160] task_watchdog_heartbeat(): [GHC] T1 tick 35200  uptime 17666 s
[2026-05-14 06:09:59.920] [17671992][I][main.cpp:160] task_watchdog_heartbeat(): [GHC] T1 tick 35210  uptime 17671 s
[2026-05-14 06:10:04.938] [17677010][I][main.cpp:160] task_watchdog_heartbeat(): [GHC] T1 tick 35220  uptime 17677 s
[2026-05-14 06:10:09.956] [17682028][I][main.cpp:160] task_watchdog_heartbeat(): [GHC] T1 tick 35230  uptime 17682 s
[2026-05-14 06:10:14.974] [17687046][I][main.cpp:160] task_watchdog_heartbeat(): [GHC] T1 tick 35240  uptime 17687 s
[2026-05-14 06:10:19.992] [17692064][I][main.cpp:160] task_watchdog_heartbeat(): [GHC] T1 tick 35250  uptime 17692 s
[2026-05-14 06:10:22.057] [17694128][I][sensor_poll.cpp:359] task_sensor_poll(): [T5_SEN] [T5] iter 578 — woke from 30 s delay
[2026-05-14 06:10:22.065] [17694137][I][sensor_poll.cpp:395] task_sensor_poll(): [T5_SEN] [T5] iter 578 — polling FG6485A
[2026-05-14 06:10:22.096] [17694169][I][sensor_poll.cpp:432] task_sensor_poll(): [T5_SEN] [T5] iter 578 — polling S200
[2026-05-14 06:10:22.640] [17694708][I][sensor_poll.cpp:535] task_sensor_poll(): [T5_SEN] [T5] T=23°C RH=40% ws=0.0 m/s wd=0° | avg T=23 RH=40 ws=0.0 wd=0° [win T=12 RH=20 W=12]
[2026-05-14 06:10:22.660] [17694722][I][climate_control.cpp:434] task_climate_control(): [T6_CLI] [T6] T_avg=23 t_max=28 hyst=5 → step_t=0 | RH_avg=40 rh_max=75 rh_min=50 hyst=12 rh_en=1 → step_rh=0 | resolved=0 (was cur_t=0 cur_rh=0)
[2026-05-14 06:10:25.010] [17697082][I][main.cpp:160] task_watchdog_heartbeat(): [GHC] T1 tick 35260  uptime 17697 s
[2026-05-14 06:10:30.028] [17702100][I][main.cpp:160] task_watchdog_heartbeat(): [GHC] T1 tick 35270  uptime 17702 s
[2026-05-14 06:10:35.046] [17707118][I][main.cpp:160] task_watchdog_heartbeat(): [GHC] T1 tick 35280  uptime 17707 s
[2026-05-14 06:10:40.064] [17712136][I][main.cpp:160] task_watchdog_heartbeat(): [GHC] T1 tick 35290  uptime 17712 s
[2026-05-14 06:10:43.638] [17715709][I][data_manager.cpp:229] read_rtc_and_seed_clock(): [T4] RTC: 2026-05-14 06:10:41 UTC  unix=1778739041  daytime=yes
[2026-05-14 06:10:45.082] [17717154][I][main.cpp:160] task_watchdog_heartbeat(): [GHC] T1 tick 35300  uptime 17717 s
[2026-05-14 06:10:50.100] [17722172][I][main.cpp:160] task_watchdog_heartbeat(): [GHC] T1 tick 35310  uptime 17722 s
[2026-05-14 06:10:52.651] [17724722][I][sensor_poll.cpp:359] task_sensor_poll(): [T5_SEN] [T5] iter 579 — woke from 30 s delay
[2026-05-14 06:10:52.660] [17724731][I][sensor_poll.cpp:395] task_sensor_poll(): [T5_SEN] [T5] iter 579 — polling FG6485A
[2026-05-14 06:10:52.690] [17724764][I][sensor_poll.cpp:432] task_sensor_poll(): [T5_SEN] [T5] iter 579 — polling S200
[2026-05-14 06:10:53.234] [17725302][I][sensor_poll.cpp:535] task_sensor_poll(): [T5_SEN] [T5] T=23°C RH=40% ws=0.0 m/s wd=0° | avg T=23 RH=40 ws=0.0 wd=0° [win T=12 RH=20 W=12]
[2026-05-14 06:10:53.254] [17725316][I][climate_control.cpp:434] task_climate_control(): [T6_CLI] [T6] T_avg=23 t_max=28 hyst=5 → step_t=0 | RH_avg=40 rh_max=75 rh_min=50 hyst=12 rh_en=1 → step_rh=0 | resolved=0 (was cur_t=0 cur_rh=0)
[2026-05-14 06:10:55.118] [17727190][I][main.cpp:160] task_watchdog_heartbeat(): [GHC] T1 tick 35320  uptime 17727 s
[2026-05-14 06:11:00.136] [17732208][I][main.cpp:160] task_watchdog_heartbeat(): [GHC] T1 tick 35330  uptime 17732 s
[2026-05-14 06:11:05.154] [17737226][I][main.cpp:160] task_watchdog_heartbeat(): [GHC] T1 tick 35340  uptime 17737 s
[2026-05-14 06:11:10.172] [17742244][I][main.cpp:160] task_watchdog_heartbeat(): [GHC] T1 tick 35350  uptime 17742 s
[2026-05-14 06:11:15.190] [17747262][I][main.cpp:160] task_watchdog_heartbeat(): [GHC] T1 tick 35360  uptime 17747 s
[2026-05-14 06:11:20.208] [17752280][I][main.cpp:160] task_watchdog_heartbeat(): [GHC] T1 tick 35370  uptime 17752 s
[2026-05-14 06:11:23.245] [17755316][I][sensor_poll.cpp:359] task_sensor_poll(): [T5_SEN] [T5] iter 580 — woke from 30 s delay
[2026-05-14 06:11:23.254] [17755325][I][sensor_poll.cpp:395] task_sensor_poll(): [T5_SEN] [T5] iter 580 — polling FG6485A
[2026-05-14 06:11:23.285] [17755358][I][sensor_poll.cpp:432] task_sensor_poll(): [T5_SEN] [T5] iter 580 — polling S200
[2026-05-14 06:11:23.828] [17755896][I][sensor_poll.cpp:535] task_sensor_poll(): [T5_SEN] [T5] T=23°C RH=40% ws=0.0 m/s wd=0° | avg T=23 RH=40 ws=0.0 wd=0° [win T=12 RH=20 W=12]
[2026-05-14 06:11:23.848] [17755910][I][climate_control.cpp:434] task_climate_control(): [T6_CLI] [T6] T_avg=23 t_max=28 hyst=5 → step_t=0 | RH_avg=40 rh_max=75 rh_min=50 hyst=12 rh_en=1 → step_rh=0 | resolved=0 (was cur_t=0 cur_rh=0)
[2026-05-14 06:11:25.226] [17757298][I][main.cpp:160] task_watchdog_heartbeat(): [GHC] T1 tick 35380  uptime 17757 s
[2026-05-14 06:11:30.244] [17762316][I][main.cpp:160] task_watchdog_heartbeat(): [GHC] T1 tick 35390  uptime 17762 s
[2026-05-14 06:11:35.263] [17767334][I][main.cpp:160] task_watchdog_heartbeat(): [GHC] T1 tick 35400  uptime 17767 s
[2026-05-14 06:11:40.281] [17772352][I][main.cpp:160] task_watchdog_heartbeat(): [GHC] T1 tick 35410  uptime 17772 s
[2026-05-14 06:11:42.827] [17774897][I][data_manager.cpp:229] read_rtc_and_seed_clock(): [T4] RTC: 2026-05-14 06:11:40 UTC  unix=1778739100  daytime=yes
[2026-05-14 06:11:45.299] [17777370][I][main.cpp:160] task_watchdog_heartbeat(): [GHC] T1 tick 35420  uptime 17777 s
[2026-05-14 06:11:50.317] [17782388][I][main.cpp:160] task_watchdog_heartbeat(): [GHC] T1 tick 35430  uptime 17782 s
[2026-05-14 06:11:53.840] [17785910][I][sensor_poll.cpp:359] task_sensor_poll(): [T5_SEN] [T5] iter 581 — woke from 30 s delay
[2026-05-14 06:11:53.848] [17785919][I][sensor_poll.cpp:395] task_sensor_poll(): [T5_SEN] [T5] iter 581 — polling FG6485A
[2026-05-14 06:11:53.879] [17785952][I][sensor_poll.cpp:432] task_sensor_poll(): [T5_SEN] [T5] iter 581 — polling S200
[2026-05-14 06:11:54.422] [17786490][I][sensor_poll.cpp:535] task_sensor_poll(): [T5_SEN] [T5] T=23°C RH=40% ws=0.0 m/s wd=0° | avg T=23 RH=40 ws=0.0 wd=0° [win T=12 RH=20 W=12]
[2026-05-14 06:11:54.443] [17786504][I][climate_control.cpp:434] task_climate_control(): [T6_CLI] [T6] T_avg=23 t_max=28 hyst=5 → step_t=0 | RH_avg=40 rh_max=75 rh_min=50 hyst=12 rh_en=1 → step_rh=0 | resolved=0 (was cur_t=0 cur_rh=0)
[2026-05-14 06:11:55.335] [17787406][I][main.cpp:160] task_watchdog_heartbeat(): [GHC] T1 tick 35440  uptime 17787 s
[2026-05-14 06:12:00.353] [17792424][I][main.cpp:160] task_watchdog_heartbeat(): [GHC] T1 tick 35450  uptime 17792 s
[2026-05-14 06:12:05.371] [17797442][I][main.cpp:160] task_watchdog_heartbeat(): [GHC] T1 tick 35460  uptime 17797 s
[2026-05-14 06:12:10.388] [17802460][I][main.cpp:160] task_watchdog_heartbeat(): [GHC] T1 tick 35470  uptime 17802 s
[2026-05-14 06:12:15.407] [17807478][I][main.cpp:160] task_watchdog_heartbeat(): [GHC] T1 tick 35480  uptime 17807 s
[2026-05-14 06:12:20.425] [17812496][I][main.cpp:160] task_watchdog_heartbeat(): [GHC] T1 tick 35490  uptime 17812 s
[2026-05-14 06:12:24.434] [17816504][I][sensor_poll.cpp:359] task_sensor_poll(): [T5_SEN] [T5] iter 582 — woke from 30 s delay
[2026-05-14 06:12:24.442] [17816513][I][sensor_poll.cpp:395] task_sensor_poll(): [T5_SEN] [T5] iter 582 — polling FG6485A
[2026-05-14 06:12:24.473] [17816545][I][sensor_poll.cpp:432] task_sensor_poll(): [T5_SEN] [T5] iter 582 — polling S200
[2026-05-14 06:12:25.017] [17817084][I][sensor_poll.cpp:535] task_sensor_poll(): [T5_SEN] [T5] T=23°C RH=40% ws=0.0 m/s wd=0° | avg T=23 RH=40 ws=0.0 wd=0° [win T=12 RH=20 W=12]
[2026-05-14 06:12:25.037] [17817098][I][climate_control.cpp:434] task_climate_control(): [T6_CLI] [T6] T_avg=23 t_max=28 hyst=5 → step_t=0 | RH_avg=40 rh_max=75 rh_min=50 hyst=12 rh_en=1 → step_rh=0 | resolved=0 (was cur_t=0 cur_rh=0)
[2026-05-14 06:12:25.443] [17817514][I][main.cpp:160] task_watchdog_heartbeat(): [GHC] T1 tick 35500  uptime 17817 s
[2026-05-14 06:12:30.461] [17822532][I][main.cpp:160] task_watchdog_heartbeat(): [GHC] T1 tick 35510  uptime 17822 s
[2026-05-14 06:12:35.479] [17827550][I][main.cpp:160] task_watchdog_heartbeat(): [GHC] T1 tick 35520  uptime 17827 s
[2026-05-14 06:12:40.497] [17832568][I][main.cpp:160] task_watchdog_heartbeat(): [GHC] T1 tick 35530  uptime 17832 s
[2026-05-14 06:12:42.015] [17834085][I][data_manager.cpp:229] read_rtc_and_seed_clock(): [T4] RTC: 2026-05-14 06:12:39 UTC  unix=1778739159  daytime=yes
[2026-05-14 06:12:45.514] [17837585][I][main.cpp:160] task_watchdog_heartbeat(): [GHC] T1 tick 35540  uptime 17837 s
[2026-05-14 06:12:50.532] [17842603][I][main.cpp:160] task_watchdog_heartbeat(): [GHC] T1 tick 35550  uptime 17842 s
[2026-05-14 06:12:55.028] [17847098][I][sensor_poll.cpp:359] task_sensor_poll(): [T5_SEN] [T5] iter 583 — woke from 30 s delay
[2026-05-14 06:12:55.037] [17847107][I][sensor_poll.cpp:395] task_sensor_poll(): [T5_SEN] [T5] iter 583 — polling FG6485A
[2026-05-14 06:12:55.067] [17847139][I][sensor_poll.cpp:432] task_sensor_poll(): [T5_SEN] [T5] iter 583 — polling S200
[2026-05-14 06:12:55.550] [17847621][I][main.cpp:160] task_watchdog_heartbeat(): [GHC] T1 tick 35560  uptime 17847 s
[2026-05-14 06:12:55.611] [17847678][I][sensor_poll.cpp:535] task_sensor_poll(): [T5_SEN] [T5] T=23°C RH=40% ws=0.0 m/s wd=0° | avg T=23 RH=40 ws=0.0 wd=0° [win T=12 RH=20 W=12]
[2026-05-14 06:12:55.631] [17847692][I][climate_control.cpp:434] task_climate_control(): [T6_CLI] [T6] T_avg=23 t_max=28 hyst=5 → step_t=0 | RH_avg=40 rh_max=75 rh_min=50 hyst=12 rh_en=1 → step_rh=0 | resolved=0 (was cur_t=0 cur_rh=0)
[2026-05-14 06:13:00.568] [17852639][I][main.cpp:160] task_watchdog_heartbeat(): [GHC] T1 tick 35570  uptime 17852 s
[2026-05-14 06:13:05.586] [17857657][I][main.cpp:160] task_watchdog_heartbeat(): [GHC] T1 tick 35580  uptime 17857 s
[2026-05-14 06:13:10.604] [17862675][I][main.cpp:160] task_watchdog_heartbeat(): [GHC] T1 tick 35590  uptime 17862 s
[2026-05-14 06:13:15.622] [17867693][I][main.cpp:160] task_watchdog_heartbeat(): [GHC] T1 tick 35600  uptime 17867 s
[2026-05-14 06:13:20.640] [17872711][I][main.cpp:160] task_watchdog_heartbeat(): [GHC] T1 tick 35610  uptime 17872 s
[2026-05-14 06:13:25.622] [17877692][I][sensor_poll.cpp:359] task_sensor_poll(): [T5_SEN] [T5] iter 584 — woke from 30 s delay
[2026-05-14 06:13:25.631] [17877701][I][sensor_poll.cpp:395] task_sensor_poll(): [T5_SEN] [T5] iter 584 — polling FG6485A
[2026-05-14 06:13:25.658] [17877729][I][main.cpp:160] task_watchdog_heartbeat(): [GHC] T1 tick 35620  uptime 17877 s
[2026-05-14 06:13:25.668] [17877740][I][sensor_poll.cpp:432] task_sensor_poll(): [T5_SEN] [T5] iter 584 — polling S200
[2026-05-14 06:13:26.211] [17878278][I][sensor_poll.cpp:535] task_sensor_poll(): [T5_SEN] [T5] T=23°C RH=40% ws=0.0 m/s wd=0° | avg T=23 RH=40 ws=0.0 wd=0° [win T=12 RH=20 W=12]
[2026-05-14 06:13:26.231] [17878292][I][climate_control.cpp:434] task_climate_control(): [T6_CLI] [T6] T_avg=23 t_max=28 hyst=5 → step_t=0 | RH_avg=40 rh_max=75 rh_min=50 hyst=12 rh_en=1 → step_rh=0 | resolved=0 (was cur_t=0 cur_rh=0)
[2026-05-14 06:13:30.676] [17882747][I][main.cpp:160] task_watchdog_heartbeat(): [GHC] T1 tick 35630  uptime 17882 s
[2026-05-14 06:13:35.694] [17887765][I][main.cpp:160] task_watchdog_heartbeat(): [GHC] T1 tick 35640  uptime 17887 s
[2026-05-14 06:13:40.712] [17892783][I][main.cpp:160] task_watchdog_heartbeat(): [GHC] T1 tick 35650  uptime 17892 s
[2026-05-14 06:13:41.211] [17893280][I][data_manager.cpp:229] read_rtc_and_seed_clock(): [T4] RTC: 2026-05-14 06:13:38 UTC  unix=1778739218  daytime=yes
[2026-05-14 06:13:45.730] [17897801][I][main.cpp:160] task_watchdog_heartbeat(): [GHC] T1 tick 35660  uptime 17897 s
[2026-05-14 06:13:50.748] [17902819][I][main.cpp:160] task_watchdog_heartbeat(): [GHC] T1 tick 35670  uptime 17902 s
[2026-05-14 06:13:55.767] [17907837][I][main.cpp:160] task_watchdog_heartbeat(): [GHC] T1 tick 35680  uptime 17907 s
[2026-05-14 06:13:56.222] [17908292][I][sensor_poll.cpp:359] task_sensor_poll(): [T5_SEN] [T5] iter 585 — woke from 30 s delay
[2026-05-14 06:13:56.231] [17908301][I][sensor_poll.cpp:395] task_sensor_poll(): [T5_SEN] [T5] iter 585 — polling FG6485A
[2026-05-14 06:13:56.262] [17908334][I][sensor_poll.cpp:432] task_sensor_poll(): [T5_SEN] [T5] iter 585 — polling S200
[2026-05-14 06:13:56.805] [17908872][I][sensor_poll.cpp:535] task_sensor_poll(): [T5_SEN] [T5] T=23°C RH=40% ws=0.0 m/s wd=0° | avg T=23 RH=40 ws=0.0 wd=0° [win T=12 RH=20 W=12]
[2026-05-14 06:13:56.826] [17908886][I][climate_control.cpp:434] task_climate_control(): [T6_CLI] [T6] T_avg=23 t_max=28 hyst=5 → step_t=0 | RH_avg=40 rh_max=75 rh_min=50 hyst=12 rh_en=1 → step_rh=0 | resolved=0 (was cur_t=0 cur_rh=0)
[2026-05-14 06:14:00.784] [17912855][I][main.cpp:160] task_watchdog_heartbeat(): [GHC] T1 tick 35690  uptime 17912 s
[2026-05-14 06:14:05.803] [17917873][I][main.cpp:160] task_watchdog_heartbeat(): [GHC] T1 tick 35700  uptime 17917 s
[2026-05-14 06:14:10.821] [17922891][I][main.cpp:160] task_watchdog_heartbeat(): [GHC] T1 tick 35710  uptime 17922 s
[2026-05-14 06:14:15.839] [17927909][I][main.cpp:160] task_watchdog_heartbeat(): [GHC] T1 tick 35720  uptime 17927 s
[2026-05-14 06:14:20.857] [17932927][I][main.cpp:160] task_watchdog_heartbeat(): [GHC] T1 tick 35730  uptime 17932 s
[2026-05-14 06:14:25.875] [17937945][I][main.cpp:160] task_watchdog_heartbeat(): [GHC] T1 tick 35740  uptime 17937 s
[2026-05-14 06:14:26.817] [17938886][I][sensor_poll.cpp:359] task_sensor_poll(): [T5_SEN] [T5] iter 586 — woke from 30 s delay
[2026-05-14 06:14:26.825] [17938895][I][sensor_poll.cpp:395] task_sensor_poll(): [T5_SEN] [T5] iter 586 — polling FG6485A
[2026-05-14 06:14:26.855] [17938927][I][sensor_poll.cpp:432] task_sensor_poll(): [T5_SEN] [T5] iter 586 — polling S200
[2026-05-14 06:14:27.400] [17939466][I][sensor_poll.cpp:535] task_sensor_poll(): [T5_SEN] [T5] T=23°C RH=40% ws=0.0 m/s wd=0° | avg T=23 RH=40 ws=0.0 wd=0° [win T=12 RH=20 W=12]
[2026-05-14 06:14:27.420] [17939480][I][climate_control.cpp:434] task_climate_control(): [T6_CLI] [T6] T_avg=23 t_max=28 hyst=5 → step_t=0 | RH_avg=40 rh_max=75 rh_min=50 hyst=12 rh_en=1 → step_rh=0 | resolved=0 (was cur_t=0 cur_rh=0)
[2026-05-14 06:14:30.893] [17942963][I][main.cpp:160] task_watchdog_heartbeat(): [GHC] T1 tick 35750  uptime 17942 s
[2026-05-14 06:14:35.911] [17947981][I][main.cpp:160] task_watchdog_heartbeat(): [GHC] T1 tick 35760  uptime 17947 s
[2026-05-14 06:14:40.398] [17952467][I][data_manager.cpp:229] read_rtc_and_seed_clock(): [T4] RTC: 2026-05-14 06:14:37 UTC  unix=1778739277  daytime=yes
[2026-05-14 06:14:40.929] [17952999][I][main.cpp:160] task_watchdog_heartbeat(): [GHC] T1 tick 35770  uptime 17952 s
[2026-05-14 06:14:45.947] [17958017][I][main.cpp:160] task_watchdog_heartbeat(): [GHC] T1 tick 35780  uptime 17958 s
[2026-05-14 06:14:50.965] [17963035][I][main.cpp:160] task_watchdog_heartbeat(): [GHC] T1 tick 35790  uptime 17963 s
[2026-05-14 06:14:55.983] [17968053][I][main.cpp:160] task_watchdog_heartbeat(): [GHC] T1 tick 35800  uptime 17968 s
[2026-05-14 06:14:57.411] [17969480][I][sensor_poll.cpp:359] task_sensor_poll(): [T5_SEN] [T5] iter 587 — woke from 30 s delay
[2026-05-14 06:14:57.419] [17969489][I][sensor_poll.cpp:395] task_sensor_poll(): [T5_SEN] [T5] iter 587 — polling FG6485A
[2026-05-14 06:14:57.450] [17969521][I][sensor_poll.cpp:432] task_sensor_poll(): [T5_SEN] [T5] iter 587 — polling S200
[2026-05-14 06:14:57.994] [17970060][I][sensor_poll.cpp:535] task_sensor_poll(): [T5_SEN] [T5] T=23°C RH=40% ws=0.0 m/s wd=0° | avg T=23 RH=40 ws=0.0 wd=0° [win T=12 RH=20 W=12]
[2026-05-14 06:14:58.014] [17970074][I][climate_control.cpp:434] task_climate_control(): [T6_CLI] [T6] T_avg=23 t_max=28 hyst=5 → step_t=0 | RH_avg=40 rh_max=75 rh_min=50 hyst=12 rh_en=1 → step_rh=0 | resolved=0 (was cur_t=0 cur_rh=0)
[2026-05-14 06:15:00.999] [17973069][I][main.cpp:160] task_watchdog_heartbeat(): [GHC] T1 tick 35810  uptime 17973 s
[2026-05-14 06:15:06.016] [17978086][I][main.cpp:160] task_watchdog_heartbeat(): [GHC] T1 tick 35820  uptime 17978 s
[2026-05-14 06:15:11.034] [17983104][I][main.cpp:160] task_watchdog_heartbeat(): [GHC] T1 tick 35830  uptime 17983 s
[2026-05-14 06:15:16.052] [17988122][I][main.cpp:160] task_watchdog_heartbeat(): [GHC] T1 tick 35840  uptime 17988 s
[2026-05-14 06:15:21.070] [17993140][I][main.cpp:160] task_watchdog_heartbeat(): [GHC] T1 tick 35850  uptime 17993 s
[2026-05-14 06:15:26.088] [17998158][I][main.cpp:160] task_watchdog_heartbeat(): [GHC] T1 tick 35860  uptime 17998 s
[2026-05-14 06:15:28.005] [18000074][I][sensor_poll.cpp:359] task_sensor_poll(): [T5_SEN] [T5] iter 588 — woke from 30 s delay
[2026-05-14 06:15:28.014] [18000083][I][sensor_poll.cpp:395] task_sensor_poll(): [T5_SEN] [T5] iter 588 — polling FG6485A
[2026-05-14 06:15:28.044] [18000116][I][sensor_poll.cpp:432] task_sensor_poll(): [T5_SEN] [T5] iter 588 — polling S200
[2026-05-14 06:15:28.588] [18000654][I][sensor_poll.cpp:535] task_sensor_poll(): [T5_SEN] [T5] T=23°C RH=40% ws=0.0 m/s wd=0° | avg T=23 RH=40 ws=0.0 wd=0° [win T=12 RH=20 W=12]
[2026-05-14 06:15:28.608] [18000668][I][climate_control.cpp:434] task_climate_control(): [T6_CLI] [T6] T_avg=23 t_max=28 hyst=5 → step_t=0 | RH_avg=40 rh_max=75 rh_min=50 hyst=12 rh_en=1 → step_rh=0 | resolved=0 (was cur_t=0 cur_rh=0)
[2026-05-14 06:15:31.106] [18003176][I][main.cpp:160] task_watchdog_heartbeat(): [GHC] T1 tick 35870  uptime 18003 s
[2026-05-14 06:15:36.124] [18008194][I][main.cpp:160] task_watchdog_heartbeat(): [GHC] T1 tick 35880  uptime 18008 s
[2026-05-14 06:15:39.586] [18011655][I][data_manager.cpp:229] read_rtc_and_seed_clock(): [T4] RTC: 2026-05-14 06:15:37 UTC  unix=1778739337  daytime=yes
[2026-05-14 06:15:41.142] [18013212][I][main.cpp:160] task_watchdog_heartbeat(): [GHC] T1 tick 35890  uptime 18013 s
[2026-05-14 06:15:46.160] [18018230][I][main.cpp:160] task_watchdog_heartbeat(): [GHC] T1 tick 35900  uptime 18018 s
[2026-05-14 06:15:51.178] [18023248][I][main.cpp:160] task_watchdog_heartbeat(): [GHC] T1 tick 35910  uptime 18023 s
[2026-05-14 06:15:56.196] [18028266][I][main.cpp:160] task_watchdog_heartbeat(): [GHC] T1 tick 35920  uptime 18028 s
[2026-05-14 06:15:58.599] [18030668][I][sensor_poll.cpp:359] task_sensor_poll(): [T5_SEN] [T5] iter 589 — woke from 30 s delay
[2026-05-14 06:15:58.608] [18030677][I][sensor_poll.cpp:395] task_sensor_poll(): [T5_SEN] [T5] iter 589 — polling FG6485A
[2026-05-14 06:15:58.639] [18030710][I][sensor_poll.cpp:432] task_sensor_poll(): [T5_SEN] [T5] iter 589 — polling S200
[2026-05-14 06:15:59.182] [18031248][I][sensor_poll.cpp:535] task_sensor_poll(): [T5_SEN] [T5] T=23°C RH=40% ws=0.0 m/s wd=0° | avg T=23 RH=40 ws=0.0 wd=0° [win T=12 RH=20 W=12]
[2026-05-14 06:15:59.202] [18031262][I][climate_control.cpp:434] task_climate_control(): [T6_CLI] [T6] T_avg=23 t_max=28 hyst=5 → step_t=0 | RH_avg=40 rh_max=75 rh_min=50 hyst=12 rh_en=1 → step_rh=0 | resolved=0 (was cur_t=0 cur_rh=0)
[2026-05-14 06:16:01.214] [18033284][I][main.cpp:160] task_watchdog_heartbeat(): [GHC] T1 tick 35930  uptime 18033 s
[2026-05-14 06:16:06.232] [18038302][I][main.cpp:160] task_watchdog_heartbeat(): [GHC] T1 tick 35940  uptime 18038 s
[2026-05-14 06:16:11.250] [18043320][I][main.cpp:160] task_watchdog_heartbeat(): [GHC] T1 tick 35950  uptime 18043 s
[2026-05-14 06:16:16.269] [18048338][I][main.cpp:160] task_watchdog_heartbeat(): [GHC] T1 tick 35960  uptime 18048 s
[2026-05-14 06:16:21.286] [18053356][I][main.cpp:160] task_watchdog_heartbeat(): [GHC] T1 tick 35970  uptime 18053 s
[2026-05-14 06:16:26.305] [18058374][I][main.cpp:160] task_watchdog_heartbeat(): [GHC] T1 tick 35980  uptime 18058 s
[2026-05-14 06:16:29.193] [18061262][I][sensor_poll.cpp:359] task_sensor_poll(): [T5_SEN] [T5] iter 590 — woke from 30 s delay
[2026-05-14 06:16:29.202] [18061271][I][sensor_poll.cpp:395] task_sensor_poll(): [T5_SEN] [T5] iter 590 — polling FG6485A
[2026-05-14 06:16:29.232] [18061303][I][sensor_poll.cpp:432] task_sensor_poll(): [T5_SEN] [T5] iter 590 — polling S200
[2026-05-14 06:16:29.777] [18061842][I][sensor_poll.cpp:535] task_sensor_poll(): [T5_SEN] [T5] T=23°C RH=40% ws=0.0 m/s wd=0° | avg T=23 RH=40 ws=0.0 wd=0° [win T=12 RH=20 W=12]
[2026-05-14 06:16:29.797] [18061856][I][climate_control.cpp:434] task_climate_control(): [T6_CLI] [T6] T_avg=23 t_max=28 hyst=5 → step_t=0 | RH_avg=40 rh_max=75 rh_min=50 hyst=12 rh_en=1 → step_rh=0 | resolved=0 (was cur_t=0 cur_rh=0)
[2026-05-14 06:16:31.322] [18063392][I][main.cpp:160] task_watchdog_heartbeat(): [GHC] T1 tick 35990  uptime 18063 s
[2026-05-14 06:16:36.339] [18068410][I][main.cpp:160] task_watchdog_heartbeat(): [GHC] T1 tick 36000  uptime 18068 s
[2026-05-14 06:16:36.348] [18068418][I][main.cpp:231] task_watchdog_heartbeat(): [GHC] stack T1  hwm=1980 B
[2026-05-14 06:16:36.356] [18068426][I][main.cpp:231] task_watchdog_heartbeat(): [GHC] stack T2  hwm=6196 B
[2026-05-14 06:16:36.362] [18068433][I][main.cpp:231] task_watchdog_heartbeat(): [GHC] stack T3  hwm=1980 B
[2026-05-14 06:16:36.370] [18068441][I][main.cpp:231] task_watchdog_heartbeat(): [GHC] stack T4  hwm=3956 B
[2026-05-14 06:16:36.376] [18068448][I][main.cpp:231] task_watchdog_heartbeat(): [GHC] stack T5  hwm=4260 B
[2026-05-14 06:16:36.385] [18068455][I][main.cpp:231] task_watchdog_heartbeat(): [GHC] stack T6  hwm=1604 B
[2026-05-14 06:16:36.393] [18068463][I][main.cpp:231] task_watchdog_heartbeat(): [GHC] stack T7  hwm=2472 B
[2026-05-14 06:16:36.399] [18068470][I][main.cpp:231] task_watchdog_heartbeat(): [GHC] stack T8  hwm=5940 B
[2026-05-14 06:16:36.408] [18068478][I][main.cpp:231] task_watchdog_heartbeat(): [GHC] stack T9  hwm=2532 B
[2026-05-14 06:16:36.414] [18068485][I][main.cpp:231] task_watchdog_heartbeat(): [GHC] stack T10 hwm=5636 B
[2026-05-14 06:16:36.422] [18068493][I][main.cpp:231] task_watchdog_heartbeat(): [GHC] stack T11 hwm=5508 B
[2026-05-14 06:16:36.428] [18068500][I][main.cpp:231] task_watchdog_heartbeat(): [GHC] stack T12 hwm=7508 B
[2026-05-14 06:16:36.437] [18068508][I][main.cpp:231] task_watchdog_heartbeat(): [GHC] stack T14 hwm=7732 B
[2026-05-14 06:16:38.775] [18070843][I][data_manager.cpp:229] read_rtc_and_seed_clock(): [T4] RTC: 2026-05-14 06:16:36 UTC  unix=1778739396  daytime=yes
[2026-05-14 06:16:41.456] [18073525][I][main.cpp:160] task_watchdog_heartbeat(): [GHC] T1 tick 36010  uptime 18073 s
[2026-05-14 06:16:46.474] [18078543][I][main.cpp:160] task_watchdog_heartbeat(): [GHC] T1 tick 36020  uptime 18078 s
[2026-05-14 06:16:51.492] [18083561][I][main.cpp:160] task_watchdog_heartbeat(): [GHC] T1 tick 36030  uptime 18083 s
[2026-05-14 06:16:56.500] [18088570][I][main.cpp:160] task_watchdog_heartbeat(): [GHC] T1 tick 36040  uptime 18088 s
[2026-05-14 06:16:59.788] [18091856][I][sensor_poll.cpp:359] task_sensor_poll(): [T5_SEN] [T5] iter 591 — woke from 30 s delay
[2026-05-14 06:16:59.796] [18091865][I][sensor_poll.cpp:395] task_sensor_poll(): [T5_SEN] [T5] iter 591 — polling FG6485A
[2026-05-14 06:16:59.827] [18091897][I][sensor_poll.cpp:432] task_sensor_poll(): [T5_SEN] [T5] iter 591 — polling S200
[2026-05-14 06:17:00.371] [18092436][I][sensor_poll.cpp:535] task_sensor_poll(): [T5_SEN] [T5] T=23°C RH=40% ws=0.0 m/s wd=0° | avg T=23 RH=40 ws=0.0 wd=0° [win T=12 RH=20 W=12]
[2026-05-14 06:17:00.391] [18092450][I][climate_control.cpp:434] task_climate_control(): [T6_CLI] [T6] T_avg=23 t_max=28 hyst=5 → step_t=0 | RH_avg=40 rh_max=75 rh_min=50 hyst=12 rh_en=1 → step_rh=0 | resolved=0 (was cur_t=0 cur_rh=0)
[2026-05-14 06:17:01.517] [18093587][I][main.cpp:160] task_watchdog_heartbeat(): [GHC] T1 tick 36050  uptime 18093 s
[2026-05-14 06:17:06.536] [18098605][I][main.cpp:160] task_watchdog_heartbeat(): [GHC] T1 tick 36060  uptime 18098 s
[2026-05-14 06:17:11.553] [18103623][I][main.cpp:160] task_watchdog_heartbeat(): [GHC] T1 tick 36070  uptime 18103 s
[2026-05-14 06:17:16.572] [18108641][I][main.cpp:160] task_watchdog_heartbeat(): [GHC] T1 tick 36080  uptime 18108 s
[2026-05-14 06:17:21.590] [18113659][I][main.cpp:160] task_watchdog_heartbeat(): [GHC] T1 tick 36090  uptime 18113 s
[2026-05-14 06:17:26.608] [18118677][I][main.cpp:160] task_watchdog_heartbeat(): [GHC] T1 tick 36100  uptime 18118 s
[2026-05-14 06:17:30.382] [18122450][I][sensor_poll.cpp:359] task_sensor_poll(): [T5_SEN] [T5] iter 592 — woke from 30 s delay
[2026-05-14 06:17:30.390] [18122459][I][sensor_poll.cpp:395] task_sensor_poll(): [T5_SEN] [T5] iter 592 — polling FG6485A
[2026-05-14 06:17:30.421] [18122492][I][sensor_poll.cpp:432] task_sensor_poll(): [T5_SEN] [T5] iter 592 — polling S200
[2026-05-14 06:17:30.965] [18123030][I][sensor_poll.cpp:535] task_sensor_poll(): [T5_SEN] [T5] T=23°C RH=40% ws=0.0 m/s wd=0° | avg T=23 RH=40 ws=0.0 wd=0° [win T=12 RH=20 W=12]
[2026-05-14 06:17:30.985] [18123044][I][climate_control.cpp:434] task_climate_control(): [T6_CLI] [T6] T_avg=23 t_max=28 hyst=5 → step_t=0 | RH_avg=40 rh_max=75 rh_min=50 hyst=12 rh_en=1 → step_rh=0 | resolved=0 (was cur_t=0 cur_rh=0)
[2026-05-14 06:17:31.626] [18123695][I][main.cpp:160] task_watchdog_heartbeat(): [GHC] T1 tick 36110  uptime 18123 s
[2026-05-14 06:17:36.644] [18128713][I][main.cpp:160] task_watchdog_heartbeat(): [GHC] T1 tick 36120  uptime 18128 s
[2026-05-14 06:17:37.963] [18130031][I][data_manager.cpp:229] read_rtc_and_seed_clock(): [T4] RTC: 2026-05-14 06:17:35 UTC  unix=1778739455  daytime=yes
[2026-05-14 06:17:41.662] [18133731][I][main.cpp:160] task_watchdog_heartbeat(): [GHC] T1 tick 36130  uptime 18133 s
[2026-05-14 06:17:46.680] [18138749][I][main.cpp:160] task_watchdog_heartbeat(): [GHC] T1 tick 36140  uptime 18138 s
[2026-05-14 06:17:51.698] [18143767][I][main.cpp:160] task_watchdog_heartbeat(): [GHC] T1 tick 36150  uptime 18143 s
[2026-05-14 06:17:56.716] [18148785][I][main.cpp:160] task_watchdog_heartbeat(): [GHC] T1 tick 36160  uptime 18148 s
[2026-05-14 06:18:00.976] [18153044][I][sensor_poll.cpp:359] task_sensor_poll(): [T5_SEN] [T5] iter 593 — woke from 30 s delay
[2026-05-14 06:18:00.985] [18153053][I][sensor_poll.cpp:395] task_sensor_poll(): [T5_SEN] [T5] iter 593 — polling FG6485A
[2026-05-14 06:18:01.016] [18153086][I][sensor_poll.cpp:432] task_sensor_poll(): [T5_SEN] [T5] iter 593 — polling S200
[2026-05-14 06:18:01.559] [18153624][I][sensor_poll.cpp:535] task_sensor_poll(): [T5_SEN] [T5] T=23°C RH=41% ws=0.0 m/s wd=0° | avg T=23 RH=40 ws=0.0 wd=0° [win T=12 RH=20 W=12]
[2026-05-14 06:18:01.579] [18153638][I][climate_control.cpp:434] task_climate_control(): [T6_CLI] [T6] T_avg=23 t_max=28 hyst=5 → step_t=0 | RH_avg=40 rh_max=75 rh_min=50 hyst=12 rh_en=1 → step_rh=0 | resolved=0 (was cur_t=0 cur_rh=0)
[2026-05-14 06:18:01.734] [18153803][I][main.cpp:160] task_watchdog_heartbeat(): [GHC] T1 tick 36170  uptime 18153 s
[2026-05-14 06:18:06.752] [18158821][I][main.cpp:160] task_watchdog_heartbeat(): [GHC] T1 tick 36180  uptime 18158 s
[2026-05-14 06:18:11.770] [18163839][I][main.cpp:160] task_watchdog_heartbeat(): [GHC] T1 tick 36190  uptime 18163 s
[2026-05-14 06:18:16.788] [18168857][I][main.cpp:160] task_watchdog_heartbeat(): [GHC] T1 tick 36200  uptime 18168 s
[2026-05-14 06:18:21.806] [18173875][I][main.cpp:160] task_watchdog_heartbeat(): [GHC] T1 tick 36210  uptime 18173 s
[2026-05-14 06:18:26.824] [18178893][I][main.cpp:160] task_watchdog_heartbeat(): [GHC] T1 tick 36220  uptime 18178 s
[2026-05-14 06:18:31.570] [18183638][I][sensor_poll.cpp:359] task_sensor_poll(): [T5_SEN] [T5] iter 594 — woke from 30 s delay
[2026-05-14 06:18:31.579] [18183647][I][sensor_poll.cpp:395] task_sensor_poll(): [T5_SEN] [T5] iter 594 — polling FG6485A
[2026-05-14 06:18:31.609] [18183679][I][sensor_poll.cpp:432] task_sensor_poll(): [T5_SEN] [T5] iter 594 — polling S200
[2026-05-14 06:18:31.842] [18183911][I][main.cpp:160] task_watchdog_heartbeat(): [GHC] T1 tick 36230  uptime 18183 s
[2026-05-14 06:18:32.153] [18184218][I][sensor_poll.cpp:535] task_sensor_poll(): [T5_SEN] [T5] T=23°C RH=40% ws=0.0 m/s wd=0° | avg T=23 RH=40 ws=0.0 wd=0° [win T=12 RH=20 W=12]
[2026-05-14 06:18:32.173] [18184232][I][climate_control.cpp:434] task_climate_control(): [T6_CLI] [T6] T_avg=23 t_max=28 hyst=5 → step_t=0 | RH_avg=40 rh_max=75 rh_min=50 hyst=12 rh_en=1 → step_rh=0 | resolved=0 (was cur_t=0 cur_rh=0)
[2026-05-14 06:18:36.860] [18188929][I][main.cpp:160] task_watchdog_heartbeat(): [GHC] T1 tick 36240  uptime 18188 s
[2026-05-14 06:18:37.152] [18189219][I][data_manager.cpp:229] read_rtc_and_seed_clock(): [T4] RTC: 2026-05-14 06:18:34 UTC  unix=1778739514  daytime=yes
[2026-05-14 06:18:41.878] [18193947][I][main.cpp:160] task_watchdog_heartbeat(): [GHC] T1 tick 36250  uptime 18193 s
[2026-05-14 06:18:46.896] [18198965][I][main.cpp:160] task_watchdog_heartbeat(): [GHC] T1 tick 36260  uptime 18198 s
[2026-05-14 06:18:51.915] [18203983][I][main.cpp:160] task_watchdog_heartbeat(): [GHC] T1 tick 36270  uptime 18203 s
[2026-05-14 06:18:56.933] [18209001][I][main.cpp:160] task_watchdog_heartbeat(): [GHC] T1 tick 36280  uptime 18209 s
[2026-05-14 06:19:01.951] [18214019][I][main.cpp:160] task_watchdog_heartbeat(): [GHC] T1 tick 36290  uptime 18214 s
[2026-05-14 06:19:02.164] [18214232][I][sensor_poll.cpp:359] task_sensor_poll(): [T5_SEN] [T5] iter 595 — woke from 30 s delay
[2026-05-14 06:19:02.173] [18214241][I][sensor_poll.cpp:395] task_sensor_poll(): [T5_SEN] [T5] iter 595 — polling FG6485A
[2026-05-14 06:19:02.203] [18214273][I][sensor_poll.cpp:432] task_sensor_poll(): [T5_SEN] [T5] iter 595 — polling S200
[2026-05-14 06:19:02.748] [18214812][I][sensor_poll.cpp:535] task_sensor_poll(): [T5_SEN] [T5] T=23°C RH=41% ws=0.0 m/s wd=0° | avg T=23 RH=40 ws=0.0 wd=0° [win T=12 RH=20 W=12]
[2026-05-14 06:19:02.768] [18214826][I][climate_control.cpp:434] task_climate_control(): [T6_CLI] [T6] T_avg=23 t_max=28 hyst=5 → step_t=0 | RH_avg=40 rh_max=75 rh_min=50 hyst=12 rh_en=1 → step_rh=0 | resolved=0 (was cur_t=0 cur_rh=0)
[2026-05-14 06:19:06.969] [18219037][I][main.cpp:160] task_watchdog_heartbeat(): [GHC] T1 tick 36300  uptime 18219 s
[2026-05-14 06:19:11.987] [18224055][I][main.cpp:160] task_watchdog_heartbeat(): [GHC] T1 tick 36310  uptime 18224 s
[2026-05-14 06:19:17.002] [18229071][I][main.cpp:160] task_watchdog_heartbeat(): [GHC] T1 tick 36320  uptime 18229 s
[2026-05-14 06:19:22.021] [18234089][I][main.cpp:160] task_watchdog_heartbeat(): [GHC] T1 tick 36330  uptime 18234 s
[2026-05-14 06:19:27.039] [18239107][I][main.cpp:160] task_watchdog_heartbeat(): [GHC] T1 tick 36340  uptime 18239 s
[2026-05-14 06:19:32.057] [18244125][I][main.cpp:160] task_watchdog_heartbeat(): [GHC] T1 tick 36350  uptime 18244 s
[2026-05-14 06:19:32.759] [18244826][I][sensor_poll.cpp:359] task_sensor_poll(): [T5_SEN] [T5] iter 596 — woke from 30 s delay
[2026-05-14 06:19:32.767] [18244835][I][sensor_poll.cpp:395] task_sensor_poll(): [T5_SEN] [T5] iter 596 — polling FG6485A
[2026-05-14 06:19:32.798] [18244868][I][sensor_poll.cpp:432] task_sensor_poll(): [T5_SEN] [T5] iter 596 — polling S200
[2026-05-14 06:19:33.342] [18245406][I][sensor_poll.cpp:535] task_sensor_poll(): [T5_SEN] [T5] T=23°C RH=40% ws=0.0 m/s wd=0° | avg T=23 RH=40 ws=0.0 wd=0° [win T=12 RH=20 W=12]
[2026-05-14 06:19:33.362] [18245420][I][climate_control.cpp:434] task_climate_control(): [T6_CLI] [T6] T_avg=23 t_max=28 hyst=5 → step_t=0 | RH_avg=40 rh_max=75 rh_min=50 hyst=12 rh_en=1 → step_rh=0 | resolved=0 (was cur_t=0 cur_rh=0)
[2026-05-14 06:19:36.340] [18248407][I][data_manager.cpp:229] read_rtc_and_seed_clock(): [T4] RTC: 2026-05-14 06:19:33 UTC  unix=1778739573  daytime=yes
[2026-05-14 06:19:37.075] [18249143][I][main.cpp:160] task_watchdog_heartbeat(): [GHC] T1 tick 36360  uptime 18249 s
[2026-05-14 06:19:42.093] [18254161][I][main.cpp:160] task_watchdog_heartbeat(): [GHC] T1 tick 36370  uptime 18254 s
[2026-05-14 06:19:47.111] [18259179][I][main.cpp:160] task_watchdog_heartbeat(): [GHC] T1 tick 36380  uptime 18259 s
[2026-05-14 06:19:52.129] [18264197][I][main.cpp:160] task_watchdog_heartbeat(): [GHC] T1 tick 36390  uptime 18264 s
[2026-05-14 06:19:57.147] [18269215][I][main.cpp:160] task_watchdog_heartbeat(): [GHC] T1 tick 36400  uptime 18269 s
[2026-05-14 06:20:02.165] [18274233][I][main.cpp:160] task_watchdog_heartbeat(): [GHC] T1 tick 36410  uptime 18274 s
[2026-05-14 06:20:03.353] [18275420][I][sensor_poll.cpp:359] task_sensor_poll(): [T5_SEN] [T5] iter 597 — woke from 30 s delay
[2026-05-14 06:20:03.361] [18275429][I][sensor_poll.cpp:395] task_sensor_poll(): [T5_SEN] [T5] iter 597 — polling FG6485A
[2026-05-14 06:20:03.392] [18275462][I][sensor_poll.cpp:432] task_sensor_poll(): [T5_SEN] [T5] iter 597 — polling S200
[2026-05-14 06:20:03.935] [18276000][I][sensor_poll.cpp:535] task_sensor_poll(): [T5_SEN] [T5] T=23°C RH=40% ws=0.0 m/s wd=0° | avg T=23 RH=40 ws=0.0 wd=0° [win T=12 RH=20 W=12]
[2026-05-14 06:20:03.956] [18276014][I][climate_control.cpp:434] task_climate_control(): [T6_CLI] [T6] T_avg=23 t_max=28 hyst=5 → step_t=0 | RH_avg=40 rh_max=75 rh_min=50 hyst=12 rh_en=1 → step_rh=0 | resolved=0 (was cur_t=0 cur_rh=0)
[2026-05-14 06:20:07.183] [18279251][I][main.cpp:160] task_watchdog_heartbeat(): [GHC] T1 tick 36420  uptime 18279 s
[2026-05-14 06:20:12.201] [18284269][I][main.cpp:160] task_watchdog_heartbeat(): [GHC] T1 tick 36430  uptime 18284 s
[2026-05-14 06:20:17.219] [18289287][I][main.cpp:160] task_watchdog_heartbeat(): [GHC] T1 tick 36440  uptime 18289 s
[2026-05-14 06:20:22.237] [18294305][I][main.cpp:160] task_watchdog_heartbeat(): [GHC] T1 tick 36450  uptime 18294 s
[2026-05-14 06:20:27.255] [18299323][I][main.cpp:160] task_watchdog_heartbeat(): [GHC] T1 tick 36460  uptime 18299 s
[2026-05-14 06:20:32.273] [18304341][I][main.cpp:160] task_watchdog_heartbeat(): [GHC] T1 tick 36470  uptime 18304 s
[2026-05-14 06:20:33.947] [18306014][I][sensor_poll.cpp:359] task_sensor_poll(): [T5_SEN] [T5] iter 598 — woke from 30 s delay
[2026-05-14 06:20:33.955] [18306023][I][sensor_poll.cpp:395] task_sensor_poll(): [T5_SEN] [T5] iter 598 — polling FG6485A
[2026-05-14 06:20:33.986] [18306055][I][sensor_poll.cpp:432] task_sensor_poll(): [T5_SEN] [T5] iter 598 — polling S200
[2026-05-14 06:20:34.530] [18306594][I][sensor_poll.cpp:535] task_sensor_poll(): [T5_SEN] [T5] T=23°C RH=40% ws=0.0 m/s wd=0° | avg T=23 RH=40 ws=0.0 wd=0° [win T=12 RH=20 W=12]
[2026-05-14 06:20:34.550] [18306608][I][climate_control.cpp:434] task_climate_control(): [T6_CLI] [T6] T_avg=23 t_max=28 hyst=5 → step_t=0 | RH_avg=40 rh_max=75 rh_min=50 hyst=12 rh_en=1 → step_rh=0 | resolved=0 (was cur_t=0 cur_rh=0)
[2026-05-14 06:20:35.528] [18307595][I][data_manager.cpp:229] read_rtc_and_seed_clock(): [T4] RTC: 2026-05-14 06:20:33 UTC  unix=1778739633  daytime=yes
[2026-05-14 06:20:37.291] [18309359][I][main.cpp:160] task_watchdog_heartbeat(): [GHC] T1 tick 36480  uptime 18309 s
[2026-05-14 06:20:42.309] [18314377][I][main.cpp:160] task_watchdog_heartbeat(): [GHC] T1 tick 36490  uptime 18314 s
[2026-05-14 06:20:47.327] [18319395][I][main.cpp:160] task_watchdog_heartbeat(): [GHC] T1 tick 36500  uptime 18319 s
[2026-05-14 06:20:52.345] [18324413][I][main.cpp:160] task_watchdog_heartbeat(): [GHC] T1 tick 36510  uptime 18324 s
[2026-05-14 06:20:57.363] [18329431][I][main.cpp:160] task_watchdog_heartbeat(): [GHC] T1 tick 36520  uptime 18329 s
[2026-05-14 06:21:02.381] [18334449][I][main.cpp:160] task_watchdog_heartbeat(): [GHC] T1 tick 36530  uptime 18334 s
[2026-05-14 06:21:04.541] [18336608][I][sensor_poll.cpp:359] task_sensor_poll(): [T5_SEN] [T5] iter 599 — woke from 30 s delay
[2026-05-14 06:21:04.549] [18336617][I][sensor_poll.cpp:395] task_sensor_poll(): [T5_SEN] [T5] iter 599 — polling FG6485A
[2026-05-14 06:21:04.580] [18336649][I][sensor_poll.cpp:432] task_sensor_poll(): [T5_SEN] [T5] iter 599 — polling S200
[2026-05-14 06:21:05.124] [18337188][I][sensor_poll.cpp:535] task_sensor_poll(): [T5_SEN] [T5] T=23°C RH=40% ws=0.0 m/s wd=0° | avg T=23 RH=40 ws=0.0 wd=0° [win T=12 RH=20 W=12]
[2026-05-14 06:21:05.144] [18337202][I][climate_control.cpp:434] task_climate_control(): [T6_CLI] [T6] T_avg=23 t_max=28 hyst=5 → step_t=0 | RH_avg=40 rh_max=75 rh_min=50 hyst=12 rh_en=1 → step_rh=0 | resolved=0 (was cur_t=0 cur_rh=0)
[2026-05-14 06:21:07.399] [18339467][I][main.cpp:160] task_watchdog_heartbeat(): [GHC] T1 tick 36540  uptime 18339 s
[2026-05-14 06:21:12.417] [18344485][I][main.cpp:160] task_watchdog_heartbeat(): [GHC] T1 tick 36550  uptime 18344 s
[2026-05-14 06:21:17.435] [18349503][I][main.cpp:160] task_watchdog_heartbeat(): [GHC] T1 tick 36560  uptime 18349 s
[2026-05-14 06:21:22.453] [18354521][I][main.cpp:160] task_watchdog_heartbeat(): [GHC] T1 tick 36570  uptime 18354 s
[2026-05-14 06:21:27.471] [18359539][I][main.cpp:160] task_watchdog_heartbeat(): [GHC] T1 tick 36580  uptime 18359 s
[2026-05-14 06:21:32.489] [18364557][I][main.cpp:160] task_watchdog_heartbeat(): [GHC] T1 tick 36590  uptime 18364 s
[2026-05-14 06:21:35.123] [18367189][I][data_manager.cpp:229] read_rtc_and_seed_clock(): [T4] RTC: 2026-05-14 06:21:32 UTC  unix=1778739692  daytime=yes
[2026-05-14 06:21:35.135] [18367202][I][sensor_poll.cpp:359] task_sensor_poll(): [T5_SEN] [T5] iter 600 — woke from 30 s delay
[2026-05-14 06:21:35.144] [18367211][I][sensor_poll.cpp:395] task_sensor_poll(): [T5_SEN] [T5] iter 600 — polling FG6485A
[2026-05-14 06:21:35.175] [18367244][I][sensor_poll.cpp:432] task_sensor_poll(): [T5_SEN] [T5] iter 600 — polling S200
[2026-05-14 06:21:35.718] [18367782][I][sensor_poll.cpp:535] task_sensor_poll(): [T5_SEN] [T5] T=23°C RH=40% ws=0.0 m/s wd=0° | avg T=23 RH=40 ws=0.0 wd=0° [win T=12 RH=20 W=12]
[2026-05-14 06:21:35.738] [18367796][I][climate_control.cpp:434] task_climate_control(): [T6_CLI] [T6] T_avg=23 t_max=28 hyst=5 → step_t=0 | RH_avg=40 rh_max=75 rh_min=50 hyst=12 rh_en=1 → step_rh=0 | resolved=0 (was cur_t=0 cur_rh=0)
[2026-05-14 06:21:37.504] [18369572][I][main.cpp:160] task_watchdog_heartbeat(): [GHC] T1 tick 36600  uptime 18369 s
[2026-05-14 06:21:42.522] [18374589][I][main.cpp:160] task_watchdog_heartbeat(): [GHC] T1 tick 36610  uptime 18374 s
[2026-05-14 06:21:47.539] [18379607][I][main.cpp:160] task_watchdog_heartbeat(): [GHC] T1 tick 36620  uptime 18379 s
[2026-05-14 06:21:52.557] [18384625][I][main.cpp:160] task_watchdog_heartbeat(): [GHC] T1 tick 36630  uptime 18384 s
[2026-05-14 06:21:57.576] [18389643][I][main.cpp:160] task_watchdog_heartbeat(): [GHC] T1 tick 36640  uptime 18389 s
[2026-05-14 06:22:02.593] [18394661][I][main.cpp:160] task_watchdog_heartbeat(): [GHC] T1 tick 36650  uptime 18394 s
[2026-05-14 06:22:05.730] [18397796][I][sensor_poll.cpp:359] task_sensor_poll(): [T5_SEN] [T5] iter 601 — woke from 30 s delay
[2026-05-14 06:22:05.738] [18397805][I][sensor_poll.cpp:395] task_sensor_poll(): [T5_SEN] [T5] iter 601 — polling FG6485A
[2026-05-14 06:22:05.769] [18397838][I][sensor_poll.cpp:432] task_sensor_poll(): [T5_SEN] [T5] iter 601 — polling S200
[2026-05-14 06:22:06.313] [18398376][I][sensor_poll.cpp:535] task_sensor_poll(): [T5_SEN] [T5] T=23°C RH=40% ws=0.0 m/s wd=0° | avg T=23 RH=40 ws=0.0 wd=0° [win T=12 RH=20 W=12]
[2026-05-14 06:22:06.333] [18398390][I][climate_control.cpp:434] task_climate_control(): [T6_CLI] [T6] T_avg=23 t_max=28 hyst=5 → step_t=0 | RH_avg=40 rh_max=75 rh_min=50 hyst=12 rh_en=1 → step_rh=0 | resolved=0 (was cur_t=0 cur_rh=0)
[2026-05-14 06:22:07.612] [18399679][I][main.cpp:160] task_watchdog_heartbeat(): [GHC] T1 tick 36660  uptime 18399 s
[2026-05-14 06:22:12.630] [18404697][I][main.cpp:160] task_watchdog_heartbeat(): [GHC] T1 tick 36670  uptime 18404 s
[2026-05-14 06:22:17.648] [18409715][I][main.cpp:160] task_watchdog_heartbeat(): [GHC] T1 tick 36680  uptime 18409 s
[2026-05-14 06:22:22.666] [18414733][I][main.cpp:160] task_watchdog_heartbeat(): [GHC] T1 tick 36690  uptime 18414 s
[2026-05-14 06:22:27.684] [18419751][I][main.cpp:160] task_watchdog_heartbeat(): [GHC] T1 tick 36700  uptime 18419 s
[2026-05-14 06:22:32.702] [18424769][I][main.cpp:160] task_watchdog_heartbeat(): [GHC] T1 tick 36710  uptime 18424 s
[2026-05-14 06:22:34.311] [18426377][I][data_manager.cpp:229] read_rtc_and_seed_clock(): [T4] RTC: 2026-05-14 06:22:31 UTC  unix=1778739751  daytime=yes
[2026-05-14 06:22:36.324] [18428390][I][sensor_poll.cpp:359] task_sensor_poll(): [T5_SEN] [T5] iter 602 — woke from 30 s delay
[2026-05-14 06:22:36.332] [18428399][I][sensor_poll.cpp:395] task_sensor_poll(): [T5_SEN] [T5] iter 602 — polling FG6485A
[2026-05-14 06:22:36.362] [18428431][I][sensor_poll.cpp:432] task_sensor_poll(): [T5_SEN] [T5] iter 602 — polling S200
[2026-05-14 06:22:36.907] [18428970][I][sensor_poll.cpp:535] task_sensor_poll(): [T5_SEN] [T5] T=23°C RH=40% ws=0.0 m/s wd=0° | avg T=23 RH=40 ws=0.0 wd=0° [win T=12 RH=20 W=12]
[2026-05-14 06:22:36.927] [18428984][I][climate_control.cpp:434] task_climate_control(): [T6_CLI] [T6] T_avg=23 t_max=28 hyst=5 → step_t=0 | RH_avg=40 rh_max=75 rh_min=50 hyst=12 rh_en=1 → step_rh=0 | resolved=0 (was cur_t=0 cur_rh=0)
[2026-05-14 06:22:37.720] [18429787][I][main.cpp:160] task_watchdog_heartbeat(): [GHC] T1 tick 36720  uptime 18429 s
[2026-05-14 06:22:42.738] [18434805][I][main.cpp:160] task_watchdog_heartbeat(): [GHC] T1 tick 36730  uptime 18434 s
[2026-05-14 06:22:47.756] [18439823][I][main.cpp:160] task_watchdog_heartbeat(): [GHC] T1 tick 36740  uptime 18439 s
[2026-05-14 06:22:52.774] [18444841][I][main.cpp:160] task_watchdog_heartbeat(): [GHC] T1 tick 36750  uptime 18444 s
[2026-05-14 06:22:57.792] [18449859][I][main.cpp:160] task_watchdog_heartbeat(): [GHC] T1 tick 36760  uptime 18449 s
[2026-05-14 06:23:02.810] [18454877][I][main.cpp:160] task_watchdog_heartbeat(): [GHC] T1 tick 36770  uptime 18454 s
[2026-05-14 06:23:06.918] [18458984][I][sensor_poll.cpp:359] task_sensor_poll(): [T5_SEN] [T5] iter 603 — woke from 30 s delay
[2026-05-14 06:23:06.927] [18458993][I][sensor_poll.cpp:395] task_sensor_poll(): [T5_SEN] [T5] iter 603 — polling FG6485A
[2026-05-14 06:23:06.957] [18459025][I][sensor_poll.cpp:432] task_sensor_poll(): [T5_SEN] [T5] iter 603 — polling S200
[2026-05-14 06:23:07.501] [18459564][I][sensor_poll.cpp:535] task_sensor_poll(): [T5_SEN] [T5] T=23°C RH=40% ws=0.0 m/s wd=0° | avg T=23 RH=40 ws=0.0 wd=0° [win T=12 RH=20 W=12]
[2026-05-14 06:23:07.521] [18459578][I][climate_control.cpp:434] task_climate_control(): [T6_CLI] [T6] T_avg=23 t_max=28 hyst=5 → step_t=0 | RH_avg=40 rh_max=75 rh_min=50 hyst=12 rh_en=1 → step_rh=0 | resolved=0 (was cur_t=0 cur_rh=0)
[2026-05-14 06:23:07.828] [18459895][I][main.cpp:160] task_watchdog_heartbeat(): [GHC] T1 tick 36780  uptime 18459 s
[2026-05-14 06:23:12.846] [18464913][I][main.cpp:160] task_watchdog_heartbeat(): [GHC] T1 tick 36790  uptime 18464 s
[2026-05-14 06:23:17.864] [18469931][I][main.cpp:160] task_watchdog_heartbeat(): [GHC] T1 tick 36800  uptime 18469 s
[2026-05-14 06:23:22.882] [18474949][I][main.cpp:160] task_watchdog_heartbeat(): [GHC] T1 tick 36810  uptime 18474 s
[2026-05-14 06:23:27.900] [18479967][I][main.cpp:160] task_watchdog_heartbeat(): [GHC] T1 tick 36820  uptime 18479 s
[2026-05-14 06:23:32.918] [18484985][I][main.cpp:160] task_watchdog_heartbeat(): [GHC] T1 tick 36830  uptime 18484 s
[2026-05-14 06:23:33.499] [18485565][I][data_manager.cpp:229] read_rtc_and_seed_clock(): [T4] RTC: 2026-05-14 06:23:31 UTC  unix=1778739811  daytime=yes
[2026-05-14 06:23:37.512] [18489578][I][sensor_poll.cpp:359] task_sensor_poll(): [T5_SEN] [T5] iter 604 — woke from 30 s delay
[2026-05-14 06:23:37.521] [18489587][I][sensor_poll.cpp:395] task_sensor_poll(): [T5_SEN] [T5] iter 604 — polling FG6485A
[2026-05-14 06:23:37.551] [18489620][I][sensor_poll.cpp:432] task_sensor_poll(): [T5_SEN] [T5] iter 604 — polling S200
[2026-05-14 06:23:37.936] [18490003][I][main.cpp:160] task_watchdog_heartbeat(): [GHC] T1 tick 36840  uptime 18490 s
[2026-05-14 06:23:38.095] [18490158][I][sensor_poll.cpp:535] task_sensor_poll(): [T5_SEN] [T5] T=23°C RH=40% ws=0.0 m/s wd=0° | avg T=23 RH=40 ws=0.0 wd=0° [win T=12 RH=20 W=12]
[2026-05-14 06:23:38.115] [18490172][I][climate_control.cpp:434] task_climate_control(): [T6_CLI] [T6] T_avg=23 t_max=28 hyst=5 → step_t=0 | RH_avg=40 rh_max=75 rh_min=50 hyst=12 rh_en=1 → step_rh=0 | resolved=0 (was cur_t=0 cur_rh=0)
[2026-05-14 06:23:42.954] [18495021][I][main.cpp:160] task_watchdog_heartbeat(): [GHC] T1 tick 36850  uptime 18495 s
[2026-05-14 06:23:47.972] [18500039][I][main.cpp:160] task_watchdog_heartbeat(): [GHC] T1 tick 36860  uptime 18500 s
[2026-05-14 06:23:52.990] [18505057][I][main.cpp:160] task_watchdog_heartbeat(): [GHC] T1 tick 36870  uptime 18505 s
[2026-05-14 06:23:58.005] [18510072][I][main.cpp:160] task_watchdog_heartbeat(): [GHC] T1 tick 36880  uptime 18510 s
[2026-05-14 06:24:03.022] [18515089][I][main.cpp:160] task_watchdog_heartbeat(): [GHC] T1 tick 36890  uptime 18515 s
[2026-05-14 06:24:08.040] [18520107][I][main.cpp:160] task_watchdog_heartbeat(): [GHC] T1 tick 36900  uptime 18520 s
[2026-05-14 06:24:08.106] [18520172][I][sensor_poll.cpp:359] task_sensor_poll(): [T5_SEN] [T5] iter 605 — woke from 30 s delay
[2026-05-14 06:24:08.115] [18520181][I][sensor_poll.cpp:395] task_sensor_poll(): [T5_SEN] [T5] iter 605 — polling FG6485A
[2026-05-14 06:24:08.146] [18520214][I][sensor_poll.cpp:432] task_sensor_poll(): [T5_SEN] [T5] iter 605 — polling S200
[2026-05-14 06:24:08.690] [18520752][I][sensor_poll.cpp:535] task_sensor_poll(): [T5_SEN] [T5] T=23°C RH=40% ws=0.0 m/s wd=0° | avg T=23 RH=40 ws=0.0 wd=0° [win T=12 RH=20 W=12]
[2026-05-14 06:24:08.710] [18520766][I][climate_control.cpp:434] task_climate_control(): [T6_CLI] [T6] T_avg=23 t_max=28 hyst=5 → step_t=0 | RH_avg=40 rh_max=75 rh_min=50 hyst=12 rh_en=1 → step_rh=0 | resolved=0 (was cur_t=0 cur_rh=0)
[2026-05-14 06:24:13.058] [18525125][I][main.cpp:160] task_watchdog_heartbeat(): [GHC] T1 tick 36910  uptime 18525 s
[2026-05-14 06:24:18.076] [18530143][I][main.cpp:160] task_watchdog_heartbeat(): [GHC] T1 tick 36920  uptime 18530 s
[2026-05-14 06:24:23.095] [18535161][I][main.cpp:160] task_watchdog_heartbeat(): [GHC] T1 tick 36930  uptime 18535 s
[2026-05-14 06:24:28.113] [18540179][I][main.cpp:160] task_watchdog_heartbeat(): [GHC] T1 tick 36940  uptime 18540 s
[2026-05-14 06:24:32.688] [18544753][I][data_manager.cpp:229] read_rtc_and_seed_clock(): [T4] RTC: 2026-05-14 06:24:30 UTC  unix=1778739870  daytime=yes
[2026-05-14 06:24:33.131] [18545197][I][main.cpp:160] task_watchdog_heartbeat(): [GHC] T1 tick 36950  uptime 18545 s
[2026-05-14 06:24:38.149] [18550215][I][main.cpp:160] task_watchdog_heartbeat(): [GHC] T1 tick 36960  uptime 18550 s
[2026-05-14 06:24:38.701] [18550766][I][sensor_poll.cpp:359] task_sensor_poll(): [T5_SEN] [T5] iter 606 — woke from 30 s delay
[2026-05-14 06:24:38.709] [18550775][I][sensor_poll.cpp:395] task_sensor_poll(): [T5_SEN] [T5] iter 606 — polling FG6485A
[2026-05-14 06:24:38.740] [18550808][I][sensor_poll.cpp:432] task_sensor_poll(): [T5_SEN] [T5] iter 606 — polling S200
[2026-05-14 06:24:39.284] [18551346][I][sensor_poll.cpp:535] task_sensor_poll(): [T5_SEN] [T5] T=23°C RH=40% ws=0.0 m/s wd=0° | avg T=23 RH=40 ws=0.0 wd=0° [win T=12 RH=20 W=12]
[2026-05-14 06:24:39.304] [18551360][I][climate_control.cpp:434] task_climate_control(): [T6_CLI] [T6] T_avg=23 t_max=28 hyst=5 → step_t=0 | RH_avg=40 rh_max=75 rh_min=50 hyst=12 rh_en=1 → step_rh=0 | resolved=0 (was cur_t=0 cur_rh=0)
[2026-05-14 06:24:43.167] [18555233][I][main.cpp:160] task_watchdog_heartbeat(): [GHC] T1 tick 36970  uptime 18555 s
[2026-05-14 06:24:48.184] [18560250][I][main.cpp:160] task_watchdog_heartbeat(): [GHC] T1 tick 36980  uptime 18560 s
[2026-05-14 06:24:53.202] [18565268][I][main.cpp:160] task_watchdog_heartbeat(): [GHC] T1 tick 36990  uptime 18565 s
[2026-05-14 06:24:58.220] [18570286][I][main.cpp:160] task_watchdog_heartbeat(): [GHC] T1 tick 37000  uptime 18570 s
[2026-05-14 06:25:03.237] [18575304][I][main.cpp:160] task_watchdog_heartbeat(): [GHC] T1 tick 37010  uptime 18575 s
[2026-05-14 06:25:08.255] [18580322][I][main.cpp:160] task_watchdog_heartbeat(): [GHC] T1 tick 37020  uptime 18580 s
[2026-05-14 06:25:09.295] [18581360][I][sensor_poll.cpp:359] task_sensor_poll(): [T5_SEN] [T5] iter 607 — woke from 30 s delay
[2026-05-14 06:25:09.303] [18581369][I][sensor_poll.cpp:395] task_sensor_poll(): [T5_SEN] [T5] iter 607 — polling FG6485A
[2026-05-14 06:25:09.334] [18581401][I][sensor_poll.cpp:432] task_sensor_poll(): [T5_SEN] [T5] iter 607 — polling S200
[2026-05-14 06:25:09.878] [18581940][I][sensor_poll.cpp:535] task_sensor_poll(): [T5_SEN] [T5] T=23°C RH=40% ws=0.0 m/s wd=0° | avg T=23 RH=40 ws=0.0 wd=0° [win T=12 RH=20 W=12]
[2026-05-14 06:25:09.898] [18581954][I][climate_control.cpp:434] task_climate_control(): [T6_CLI] [T6] T_avg=23 t_max=28 hyst=5 → step_t=0 | RH_avg=40 rh_max=75 rh_min=50 hyst=12 rh_en=1 → step_rh=0 | resolved=0 (was cur_t=0 cur_rh=0)
[2026-05-14 06:25:13.274] [18585340][I][main.cpp:160] task_watchdog_heartbeat(): [GHC] T1 tick 37030  uptime 18585 s
[2026-05-14 06:25:18.292] [18590358][I][main.cpp:160] task_watchdog_heartbeat(): [GHC] T1 tick 37040  uptime 18590 s
[2026-05-14 06:25:23.310] [18595376][I][main.cpp:160] task_watchdog_heartbeat(): [GHC] T1 tick 37050  uptime 18595 s
[2026-05-14 06:25:28.328] [18600394][I][main.cpp:160] task_watchdog_heartbeat(): [GHC] T1 tick 37060  uptime 18600 s
[2026-05-14 06:25:31.876] [18603941][I][data_manager.cpp:229] read_rtc_and_seed_clock(): [T4] RTC: 2026-05-14 06:25:29 UTC  unix=1778739929  daytime=yes
[2026-05-14 06:25:33.346] [18605412][I][main.cpp:160] task_watchdog_heartbeat(): [GHC] T1 tick 37070  uptime 18605 s
[2026-05-14 06:25:38.364] [18610430][I][main.cpp:160] task_watchdog_heartbeat(): [GHC] T1 tick 37080  uptime 18610 s
[2026-05-14 06:25:39.889] [18611954][I][sensor_poll.cpp:359] task_sensor_poll(): [T5_SEN] [T5] iter 608 — woke from 30 s delay
[2026-05-14 06:25:39.897] [18611963][I][sensor_poll.cpp:395] task_sensor_poll(): [T5_SEN] [T5] iter 608 — polling FG6485A
[2026-05-14 06:25:39.928] [18611996][I][sensor_poll.cpp:432] task_sensor_poll(): [T5_SEN] [T5] iter 608 — polling S200
[2026-05-14 06:25:40.472] [18612534][I][sensor_poll.cpp:535] task_sensor_poll(): [T5_SEN] [T5] T=23°C RH=40% ws=0.0 m/s wd=0° | avg T=23 RH=40 ws=0.0 wd=0° [win T=12 RH=20 W=12]
[2026-05-14 06:25:40.492] [18612548][I][climate_control.cpp:434] task_climate_control(): [T6_CLI] [T6] T_avg=23 t_max=28 hyst=5 → step_t=0 | RH_avg=40 rh_max=75 rh_min=50 hyst=12 rh_en=1 → step_rh=0 | resolved=0 (was cur_t=0 cur_rh=0)
[2026-05-14 06:25:43.382] [18615448][I][main.cpp:160] task_watchdog_heartbeat(): [GHC] T1 tick 37090  uptime 18615 s
[2026-05-14 06:25:48.400] [18620466][I][main.cpp:160] task_watchdog_heartbeat(): [GHC] T1 tick 37100  uptime 18620 s
[2026-05-14 06:25:53.418] [18625484][I][main.cpp:160] task_watchdog_heartbeat(): [GHC] T1 tick 37110  uptime 18625 s
[2026-05-14 06:25:58.436] [18630502][I][main.cpp:160] task_watchdog_heartbeat(): [GHC] T1 tick 37120  uptime 18630 s
[2026-05-14 06:26:03.454] [18635520][I][main.cpp:160] task_watchdog_heartbeat(): [GHC] T1 tick 37130  uptime 18635 s
[2026-05-14 06:26:08.472] [18640538][I][main.cpp:160] task_watchdog_heartbeat(): [GHC] T1 tick 37140  uptime 18640 s
[2026-05-14 06:26:10.483] [18642548][I][sensor_poll.cpp:359] task_sensor_poll(): [T5_SEN] [T5] iter 609 — woke from 30 s delay
[2026-05-14 06:26:10.492] [18642557][I][sensor_poll.cpp:395] task_sensor_poll(): [T5_SEN] [T5] iter 609 — polling FG6485A
[2026-05-14 06:26:10.523] [18642590][I][sensor_poll.cpp:432] task_sensor_poll(): [T5_SEN] [T5] iter 609 — polling S200
[2026-05-14 06:26:11.066] [18643128][I][sensor_poll.cpp:535] task_sensor_poll(): [T5_SEN] [T5] T=23°C RH=40% ws=0.0 m/s wd=0° | avg T=23 RH=40 ws=0.0 wd=0° [win T=12 RH=20 W=12]
[2026-05-14 06:26:11.086] [18643142][I][climate_control.cpp:434] task_climate_control(): [T6_CLI] [T6] T_avg=23 t_max=28 hyst=5 → step_t=0 | RH_avg=40 rh_max=75 rh_min=50 hyst=12 rh_en=1 → step_rh=0 | resolved=0 (was cur_t=0 cur_rh=0)
[2026-05-14 06:26:13.490] [18645556][I][main.cpp:160] task_watchdog_heartbeat(): [GHC] T1 tick 37150  uptime 18645 s
[2026-05-14 06:26:18.506] [18650572][I][main.cpp:160] task_watchdog_heartbeat(): [GHC] T1 tick 37160  uptime 18650 s
[2026-05-14 06:26:23.523] [18655589][I][main.cpp:160] task_watchdog_heartbeat(): [GHC] T1 tick 37170  uptime 18655 s
[2026-05-14 06:26:28.541] [18660607][I][main.cpp:160] task_watchdog_heartbeat(): [GHC] T1 tick 37180  uptime 18660 s
[2026-05-14 06:26:31.064] [18663129][I][data_manager.cpp:229] read_rtc_and_seed_clock(): [T4] RTC: 2026-05-14 06:26:28 UTC  unix=1778739988  daytime=yes
[2026-05-14 06:26:33.559] [18665625][I][main.cpp:160] task_watchdog_heartbeat(): [GHC] T1 tick 37190  uptime 18665 s
[2026-05-14 06:26:38.576] [18670643][I][main.cpp:160] task_watchdog_heartbeat(): [GHC] T1 tick 37200  uptime 18670 s
[2026-05-14 06:26:38.584] [18670651][I][main.cpp:231] task_watchdog_heartbeat(): [GHC] stack T1  hwm=1980 B
[2026-05-14 06:26:38.593] [18670659][I][main.cpp:231] task_watchdog_heartbeat(): [GHC] stack T2  hwm=6196 B
[2026-05-14 06:26:38.599] [18670666][I][main.cpp:231] task_watchdog_heartbeat(): [GHC] stack T3  hwm=1980 B
[2026-05-14 06:26:38.607] [18670674][I][main.cpp:231] task_watchdog_heartbeat(): [GHC] stack T4  hwm=3956 B
[2026-05-14 06:26:38.613] [18670681][I][main.cpp:231] task_watchdog_heartbeat(): [GHC] stack T5  hwm=4260 B
[2026-05-14 06:26:38.621] [18670688][I][main.cpp:231] task_watchdog_heartbeat(): [GHC] stack T6  hwm=1604 B
[2026-05-14 06:26:38.630] [18670696][I][main.cpp:231] task_watchdog_heartbeat(): [GHC] stack T7  hwm=2472 B
[2026-05-14 06:26:38.636] [18670703][I][main.cpp:231] task_watchdog_heartbeat(): [GHC] stack T8  hwm=5940 B
[2026-05-14 06:26:38.644] [18670711][I][main.cpp:231] task_watchdog_heartbeat(): [GHC] stack T9  hwm=2532 B
[2026-05-14 06:26:38.651] [18670718][I][main.cpp:231] task_watchdog_heartbeat(): [GHC] stack T10 hwm=5636 B
[2026-05-14 06:26:38.659] [18670726][I][main.cpp:231] task_watchdog_heartbeat(): [GHC] stack T11 hwm=5508 B
[2026-05-14 06:26:38.665] [18670734][I][main.cpp:231] task_watchdog_heartbeat(): [GHC] stack T12 hwm=7508 B
[2026-05-14 06:26:38.674] [18670741][I][main.cpp:231] task_watchdog_heartbeat(): [GHC] stack T14 hwm=7732 B
[2026-05-14 06:26:41.077] [18673142][I][sensor_poll.cpp:359] task_sensor_poll(): [T5_SEN] [T5] iter 610 — woke from 30 s delay
[2026-05-14 06:26:41.086] [18673151][I][sensor_poll.cpp:395] task_sensor_poll(): [T5_SEN] [T5] iter 610 — polling FG6485A
[2026-05-14 06:26:41.117] [18673184][I][sensor_poll.cpp:432] task_sensor_poll(): [T5_SEN] [T5] iter 610 — polling S200
[2026-05-14 06:26:41.660] [18673722][I][sensor_poll.cpp:535] task_sensor_poll(): [T5_SEN] [T5] T=23°C RH=40% ws=0.0 m/s wd=0° | avg T=23 RH=40 ws=0.0 wd=0° [win T=12 RH=20 W=12]
[2026-05-14 06:26:41.680] [18673736][I][climate_control.cpp:434] task_climate_control(): [T6_CLI] [T6] T_avg=23 t_max=28 hyst=5 → step_t=0 | RH_avg=40 rh_max=75 rh_min=50 hyst=12 rh_en=1 → step_rh=0 | resolved=0 (was cur_t=0 cur_rh=0)
[2026-05-14 06:26:43.692] [18675758][I][main.cpp:160] task_watchdog_heartbeat(): [GHC] T1 tick 37210  uptime 18675 s
[2026-05-14 06:26:48.710] [18680776][I][main.cpp:160] task_watchdog_heartbeat(): [GHC] T1 tick 37220  uptime 18680 s
[2026-05-14 06:26:53.728] [18685794][I][main.cpp:160] task_watchdog_heartbeat(): [GHC] T1 tick 37230  uptime 18685 s
[2026-05-14 06:26:58.746] [18690812][I][main.cpp:160] task_watchdog_heartbeat(): [GHC] T1 tick 37240  uptime 18690 s
[2026-05-14 06:27:03.764] [18695830][I][main.cpp:160] task_watchdog_heartbeat(): [GHC] T1 tick 37250  uptime 18695 s
[2026-05-14 06:27:08.782] [18700848][I][main.cpp:160] task_watchdog_heartbeat(): [GHC] T1 tick 37260  uptime 18700 s
[2026-05-14 06:27:11.671] [18703736][I][sensor_poll.cpp:359] task_sensor_poll(): [T5_SEN] [T5] iter 611 — woke from 30 s delay
[2026-05-14 06:27:11.680] [18703745][I][sensor_poll.cpp:395] task_sensor_poll(): [T5_SEN] [T5] iter 611 — polling FG6485A
[2026-05-14 06:27:11.710] [18703777][I][sensor_poll.cpp:432] task_sensor_poll(): [T5_SEN] [T5] iter 611 — polling S200
[2026-05-14 06:27:12.254] [18704316][I][sensor_poll.cpp:535] task_sensor_poll(): [T5_SEN] [T5] T=23°C RH=40% ws=0.0 m/s wd=0° | avg T=23 RH=40 ws=0.0 wd=0° [win T=12 RH=20 W=12]
[2026-05-14 06:27:12.275] [18704330][I][climate_control.cpp:434] task_climate_control(): [T6_CLI] [T6] T_avg=23 t_max=28 hyst=5 → step_t=0 | RH_avg=40 rh_max=75 rh_min=50 hyst=12 rh_en=1 → step_rh=0 | resolved=0 (was cur_t=0 cur_rh=0)
[2026-05-14 06:27:13.800] [18705866][I][main.cpp:160] task_watchdog_heartbeat(): [GHC] T1 tick 37270  uptime 18705 s
[2026-05-14 06:27:18.819] [18710884][I][main.cpp:160] task_watchdog_heartbeat(): [GHC] T1 tick 37280  uptime 18710 s
[2026-05-14 06:27:23.836] [18715902][I][main.cpp:160] task_watchdog_heartbeat(): [GHC] T1 tick 37290  uptime 18715 s
[2026-05-14 06:27:28.855] [18720920][I][main.cpp:160] task_watchdog_heartbeat(): [GHC] T1 tick 37300  uptime 18720 s
[2026-05-14 06:27:30.253] [18722317][I][data_manager.cpp:229] read_rtc_and_seed_clock(): [T4] RTC: 2026-05-14 06:27:27 UTC  unix=1778740047  daytime=yes
[2026-05-14 06:27:33.873] [18725938][I][main.cpp:160] task_watchdog_heartbeat(): [GHC] T1 tick 37310  uptime 18725 s
[2026-05-14 06:27:38.891] [18730956][I][main.cpp:160] task_watchdog_heartbeat(): [GHC] T1 tick 37320  uptime 18730 s
[2026-05-14 06:27:42.266] [18734330][I][sensor_poll.cpp:359] task_sensor_poll(): [T5_SEN] [T5] iter 612 — woke from 30 s delay
[2026-05-14 06:27:42.274] [18734339][I][sensor_poll.cpp:395] task_sensor_poll(): [T5_SEN] [T5] iter 612 — polling FG6485A
[2026-05-14 06:27:42.305] [18734372][I][sensor_poll.cpp:432] task_sensor_poll(): [T5_SEN] [T5] iter 612 — polling S200
[2026-05-14 06:27:42.849] [18734910][I][sensor_poll.cpp:535] task_sensor_poll(): [T5_SEN] [T5] T=23°C RH=40% ws=0.0 m/s wd=0° | avg T=23 RH=40 ws=0.0 wd=0° [win T=12 RH=20 W=12]
[2026-05-14 06:27:42.869] [18734924][I][climate_control.cpp:434] task_climate_control(): [T6_CLI] [T6] T_avg=23 t_max=28 hyst=5 → step_t=0 | RH_avg=40 rh_max=75 rh_min=50 hyst=12 rh_en=1 → step_rh=0 | resolved=0 (was cur_t=0 cur_rh=0)
[2026-05-14 06:27:43.909] [18735974][I][main.cpp:160] task_watchdog_heartbeat(): [GHC] T1 tick 37330  uptime 18735 s
[2026-05-14 06:27:48.927] [18740992][I][main.cpp:160] task_watchdog_heartbeat(): [GHC] T1 tick 37340  uptime 18740 s
[2026-05-14 06:27:53.945] [18746010][I][main.cpp:160] task_watchdog_heartbeat(): [GHC] T1 tick 37350  uptime 18746 s
[2026-05-14 06:27:58.963] [18751028][I][main.cpp:160] task_watchdog_heartbeat(): [GHC] T1 tick 37360  uptime 18751 s
[2026-05-14 06:28:03.981] [18756046][I][main.cpp:160] task_watchdog_heartbeat(): [GHC] T1 tick 37370  uptime 18756 s
[2026-05-14 06:28:08.999] [18761064][I][main.cpp:160] task_watchdog_heartbeat(): [GHC] T1 tick 37380  uptime 18761 s
[2026-05-14 06:28:12.860] [18764924][I][sensor_poll.cpp:359] task_sensor_poll(): [T5_SEN] [T5] iter 613 — woke from 30 s delay
[2026-05-14 06:28:12.868] [18764933][I][sensor_poll.cpp:395] task_sensor_poll(): [T5_SEN] [T5] iter 613 — polling FG6485A
[2026-05-14 06:28:12.899] [18764966][I][sensor_poll.cpp:432] task_sensor_poll(): [T5_SEN] [T5] iter 613 — polling S200
[2026-05-14 06:28:13.443] [18765504][I][sensor_poll.cpp:535] task_sensor_poll(): [T5_SEN] [T5] T=23°C RH=40% ws=0.0 m/s wd=0° | avg T=23 RH=40 ws=0.0 wd=0° [win T=12 RH=20 W=12]
[2026-05-14 06:28:13.463] [18765518][I][climate_control.cpp:434] task_climate_control(): [T6_CLI] [T6] T_avg=23 t_max=28 hyst=5 → step_t=0 | RH_avg=40 rh_max=75 rh_min=50 hyst=12 rh_en=1 → step_rh=0 | resolved=0 (was cur_t=0 cur_rh=0)
[2026-05-14 06:28:14.017] [18766082][I][main.cpp:160] task_watchdog_heartbeat(): [GHC] T1 tick 37390  uptime 18766 s
[2026-05-14 06:28:19.035] [18771100][I][main.cpp:160] task_watchdog_heartbeat(): [GHC] T1 tick 37400  uptime 18771 s
[2026-05-14 06:28:24.053] [18776118][I][main.cpp:160] task_watchdog_heartbeat(): [GHC] T1 tick 37410  uptime 18776 s
[2026-05-14 06:28:29.071] [18781136][I][main.cpp:160] task_watchdog_heartbeat(): [GHC] T1 tick 37420  uptime 18781 s
[2026-05-14 06:28:29.441] [18781505][I][data_manager.cpp:229] read_rtc_and_seed_clock(): [T4] RTC: 2026-05-14 06:28:26 UTC  unix=1778740106  daytime=yes
[2026-05-14 06:28:34.089] [18786154][I][main.cpp:160] task_watchdog_heartbeat(): [GHC] T1 tick 37430  uptime 18786 s
[2026-05-14 06:28:39.107] [18791172][I][main.cpp:160] task_watchdog_heartbeat(): [GHC] T1 tick 37440  uptime 18791 s
[2026-05-14 06:28:43.454] [18795518][I][sensor_poll.cpp:359] task_sensor_poll(): [T5_SEN] [T5] iter 614 — woke from 30 s delay
[2026-05-14 06:28:43.462] [18795527][I][sensor_poll.cpp:395] task_sensor_poll(): [T5_SEN] [T5] iter 614 — polling FG6485A
[2026-05-14 06:28:43.494] [18795560][I][sensor_poll.cpp:432] task_sensor_poll(): [T5_SEN] [T5] iter 614 — polling S200
[2026-05-14 06:28:44.037] [18796098][I][sensor_poll.cpp:535] task_sensor_poll(): [T5_SEN] [T5] T=23°C RH=40% ws=0.0 m/s wd=0° | avg T=23 RH=40 ws=0.0 wd=0° [win T=12 RH=20 W=12]
[2026-05-14 06:28:44.057] [18796112][I][climate_control.cpp:434] task_climate_control(): [T6_CLI] [T6] T_avg=23 t_max=28 hyst=5 → step_t=0 | RH_avg=40 rh_max=75 rh_min=50 hyst=12 rh_en=1 → step_rh=0 | resolved=0 (was cur_t=0 cur_rh=0)
[2026-05-14 06:28:44.125] [18796190][I][main.cpp:160] task_watchdog_heartbeat(): [GHC] T1 tick 37450  uptime 18796 s
[2026-05-14 06:28:49.143] [18801208][I][main.cpp:160] task_watchdog_heartbeat(): [GHC] T1 tick 37460  uptime 18801 s
[2026-05-14 06:28:54.161] [18806226][I][main.cpp:160] task_watchdog_heartbeat(): [GHC] T1 tick 37470  uptime 18806 s
[2026-05-14 06:28:59.179] [18811244][I][main.cpp:160] task_watchdog_heartbeat(): [GHC] T1 tick 37480  uptime 18811 s
[2026-05-14 06:29:04.197] [18816262][I][main.cpp:160] task_watchdog_heartbeat(): [GHC] T1 tick 37490  uptime 18816 s
[2026-05-14 06:29:09.215] [18821280][I][main.cpp:160] task_watchdog_heartbeat(): [GHC] T1 tick 37500  uptime 18821 s
[2026-05-14 06:29:14.048] [18826112][I][sensor_poll.cpp:359] task_sensor_poll(): [T5_SEN] [T5] iter 615 — woke from 30 s delay
[2026-05-14 06:29:14.057] [18826121][I][sensor_poll.cpp:395] task_sensor_poll(): [T5_SEN] [T5] iter 615 — polling FG6485A
[2026-05-14 06:29:14.087] [18826153][I][sensor_poll.cpp:432] task_sensor_poll(): [T5_SEN] [T5] iter 615 — polling S200
[2026-05-14 06:29:14.233] [18826298][I][main.cpp:160] task_watchdog_heartbeat(): [GHC] T1 tick 37510  uptime 18826 s
[2026-05-14 06:29:14.631] [18826692][I][sensor_poll.cpp:535] task_sensor_poll(): [T5_SEN] [T5] T=23°C RH=40% ws=0.0 m/s wd=0° | avg T=23 RH=40 ws=0.0 wd=0° [win T=12 RH=20 W=12]
[2026-05-14 06:29:14.651] [18826706][I][climate_control.cpp:434] task_climate_control(): [T6_CLI] [T6] T_avg=23 t_max=28 hyst=5 → step_t=0 | RH_avg=40 rh_max=75 rh_min=50 hyst=12 rh_en=1 → step_rh=0 | resolved=0 (was cur_t=0 cur_rh=0)
[2026-05-14 06:29:19.251] [18831316][I][main.cpp:160] task_watchdog_heartbeat(): [GHC] T1 tick 37520  uptime 18831 s
[2026-05-14 06:29:24.269] [18836334][I][main.cpp:160] task_watchdog_heartbeat(): [GHC] T1 tick 37530  uptime 18836 s
[2026-05-14 06:29:28.629] [18840693][I][data_manager.cpp:229] read_rtc_and_seed_clock(): [T4] RTC: 2026-05-14 06:29:26 UTC  unix=1778740166  daytime=yes
[2026-05-14 06:29:29.287] [18841352][I][main.cpp:160] task_watchdog_heartbeat(): [GHC] T1 tick 37540  uptime 18841 s
[2026-05-14 06:29:34.305] [18846370][I][main.cpp:160] task_watchdog_heartbeat(): [GHC] T1 tick 37550  uptime 18846 s
[2026-05-14 06:29:39.323] [18851388][I][main.cpp:160] task_watchdog_heartbeat(): [GHC] T1 tick 37560  uptime 18851 s
[2026-05-14 06:29:44.341] [18856406][I][main.cpp:160] task_watchdog_heartbeat(): [GHC] T1 tick 37570  uptime 18856 s
[2026-05-14 06:29:44.642] [18856706][I][sensor_poll.cpp:359] task_sensor_poll(): [T5_SEN] [T5] iter 616 — woke from 30 s delay
[2026-05-14 06:29:44.651] [18856715][I][sensor_poll.cpp:395] task_sensor_poll(): [T5_SEN] [T5] iter 616 — polling FG6485A
[2026-05-14 06:29:44.681] [18856747][I][sensor_poll.cpp:432] task_sensor_poll(): [T5_SEN] [T5] iter 616 — polling S200
[2026-05-14 06:29:45.225] [18857286][I][sensor_poll.cpp:535] task_sensor_poll(): [T5_SEN] [T5] T=23°C RH=40% ws=0.0 m/s wd=0° | avg T=23 RH=40 ws=0.0 wd=0° [win T=12 RH=20 W=12]
[2026-05-14 06:29:45.245] [18857300][I][climate_control.cpp:434] task_climate_control(): [T6_CLI] [T6] T_avg=23 t_max=28 hyst=5 → step_t=0 | RH_avg=40 rh_max=75 rh_min=50 hyst=12 rh_en=1 → step_rh=0 | resolved=0 (was cur_t=0 cur_rh=0)
[2026-05-14 06:29:49.359] [18861424][I][main.cpp:160] task_watchdog_heartbeat(): [GHC] T1 tick 37580  uptime 18861 s
[2026-05-14 06:29:54.377] [18866442][I][main.cpp:160] task_watchdog_heartbeat(): [GHC] T1 tick 37590  uptime 18866 s
[2026-05-14 06:29:59.396] [18871460][I][main.cpp:160] task_watchdog_heartbeat(): [GHC] T1 tick 37600  uptime 18871 s
[2026-05-14 06:30:04.413] [18876478][I][main.cpp:160] task_watchdog_heartbeat(): [GHC] T1 tick 37610  uptime 18876 s
[2026-05-14 06:30:09.431] [18881496][I][main.cpp:160] task_watchdog_heartbeat(): [GHC] T1 tick 37620  uptime 18881 s
[2026-05-14 06:30:14.450] [18886514][I][main.cpp:160] task_watchdog_heartbeat(): [GHC] T1 tick 37630  uptime 18886 s
[2026-05-14 06:30:15.236] [18887300][I][sensor_poll.cpp:359] task_sensor_poll(): [T5_SEN] [T5] iter 617 — woke from 30 s delay
[2026-05-14 06:30:15.245] [18887309][I][sensor_poll.cpp:395] task_sensor_poll(): [T5_SEN] [T5] iter 617 — polling FG6485A
[2026-05-14 06:30:15.276] [18887342][I][sensor_poll.cpp:432] task_sensor_poll(): [T5_SEN] [T5] iter 617 — polling S200
[2026-05-14 06:30:15.820] [18887880][I][sensor_poll.cpp:535] task_sensor_poll(): [T5_SEN] [T5] T=23°C RH=40% ws=0.0 m/s wd=0° | avg T=23 RH=40 ws=0.0 wd=0° [win T=12 RH=20 W=12]
[2026-05-14 06:30:15.840] [18887894][I][climate_control.cpp:434] task_climate_control(): [T6_CLI] [T6] T_avg=23 t_max=28 hyst=5 → step_t=0 | RH_avg=40 rh_max=75 rh_min=50 hyst=12 rh_en=1 → step_rh=0 | resolved=0 (was cur_t=0 cur_rh=0)
[2026-05-14 06:30:19.468] [18891532][I][main.cpp:160] task_watchdog_heartbeat(): [GHC] T1 tick 37640  uptime 18891 s
[2026-05-14 06:30:24.486] [18896550][I][main.cpp:160] task_watchdog_heartbeat(): [GHC] T1 tick 37650  uptime 18896 s
[2026-05-14 06:30:27.818] [18899881][I][data_manager.cpp:229] read_rtc_and_seed_clock(): [T4] RTC: 2026-05-14 06:30:25 UTC  unix=1778740225  daytime=yes
[2026-05-14 06:30:29.504] [18901568][I][main.cpp:160] task_watchdog_heartbeat(): [GHC] T1 tick 37660  uptime 18901 s
[2026-05-14 06:30:34.522] [18906586][I][main.cpp:160] task_watchdog_heartbeat(): [GHC] T1 tick 37670  uptime 18906 s
[2026-05-14 06:30:39.540] [18911604][I][main.cpp:160] task_watchdog_heartbeat(): [GHC] T1 tick 37680  uptime 18911 s
[2026-05-14 06:30:44.558] [18916622][I][main.cpp:160] task_watchdog_heartbeat(): [GHC] T1 tick 37690  uptime 18916 s
[2026-05-14 06:30:45.831] [18917894][I][sensor_poll.cpp:359] task_sensor_poll(): [T5_SEN] [T5] iter 618 — woke from 30 s delay
[2026-05-14 06:30:45.839] [18917903][I][sensor_poll.cpp:395] task_sensor_poll(): [T5_SEN] [T5] iter 618 — polling FG6485A
[2026-05-14 06:30:45.870] [18917936][I][sensor_poll.cpp:432] task_sensor_poll(): [T5_SEN] [T5] iter 618 — polling S200
[2026-05-14 06:30:46.414] [18918474][I][sensor_poll.cpp:535] task_sensor_poll(): [T5_SEN] [T5] T=23°C RH=40% ws=0.0 m/s wd=0° | avg T=23 RH=40 ws=0.0 wd=0° [win T=12 RH=20 W=12]
[2026-05-14 06:30:46.434] [18918488][I][climate_control.cpp:434] task_climate_control(): [T6_CLI] [T6] T_avg=23 t_max=28 hyst=5 → step_t=0 | RH_avg=40 rh_max=75 rh_min=50 hyst=12 rh_en=1 → step_rh=0 | resolved=0 (was cur_t=0 cur_rh=0)
[2026-05-14 06:30:49.576] [18921640][I][main.cpp:160] task_watchdog_heartbeat(): [GHC] T1 tick 37700  uptime 18921 s
[2026-05-14 06:30:54.594] [18926658][I][main.cpp:160] task_watchdog_heartbeat(): [GHC] T1 tick 37710  uptime 18926 s
[2026-05-14 06:30:59.612] [18931676][I][main.cpp:160] task_watchdog_heartbeat(): [GHC] T1 tick 37720  uptime 18931 s
[2026-05-14 06:31:04.630] [18936694][I][main.cpp:160] task_watchdog_heartbeat(): [GHC] T1 tick 37730  uptime 18936 s
[2026-05-14 06:31:09.648] [18941712][I][main.cpp:160] task_watchdog_heartbeat(): [GHC] T1 tick 37740  uptime 18941 s
[2026-05-14 06:31:14.666] [18946730][I][main.cpp:160] task_watchdog_heartbeat(): [GHC] T1 tick 37750  uptime 18946 s
[2026-05-14 06:31:16.425] [18948488][I][sensor_poll.cpp:359] task_sensor_poll(): [T5_SEN] [T5] iter 619 — woke from 30 s delay
[2026-05-14 06:31:16.433] [18948497][I][sensor_poll.cpp:395] task_sensor_poll(): [T5_SEN] [T5] iter 619 — polling FG6485A
[2026-05-14 06:31:16.464] [18948529][I][sensor_poll.cpp:432] task_sensor_poll(): [T5_SEN] [T5] iter 619 — polling S200
[2026-05-14 06:31:17.007] [18949067][I][sensor_poll.cpp:535] task_sensor_poll(): [T5_SEN] [T5] T=23°C RH=40% ws=0.0 m/s wd=0° | avg T=23 RH=40 ws=0.0 wd=0° [win T=12 RH=20 W=12]
[2026-05-14 06:31:17.027] [18949081][I][climate_control.cpp:434] task_climate_control(): [T6_CLI] [T6] T_avg=23 t_max=28 hyst=5 → step_t=0 | RH_avg=40 rh_max=75 rh_min=50 hyst=12 rh_en=1 → step_rh=0 | resolved=0 (was cur_t=0 cur_rh=0)
[2026-05-14 06:31:19.684] [18951748][I][main.cpp:160] task_watchdog_heartbeat(): [GHC] T1 tick 37760  uptime 18951 s
[2026-05-14 06:31:24.702] [18956766][I][main.cpp:160] task_watchdog_heartbeat(): [GHC] T1 tick 37770  uptime 18956 s
[2026-05-14 06:31:27.005] [18959068][I][data_manager.cpp:229] read_rtc_and_seed_clock(): [T4] RTC: 2026-05-14 06:31:24 UTC  unix=1778740284  daytime=yes
[2026-05-14 06:31:29.720] [18961784][I][main.cpp:160] task_watchdog_heartbeat(): [GHC] T1 tick 37780  uptime 18961 s
[2026-05-14 06:31:34.738] [18966802][I][main.cpp:160] task_watchdog_heartbeat(): [GHC] T1 tick 37790  uptime 18966 s
[2026-05-14 06:31:39.756] [18971820][I][main.cpp:160] task_watchdog_heartbeat(): [GHC] T1 tick 37800  uptime 18971 s
[2026-05-14 06:31:44.774] [18976838][I][main.cpp:160] task_watchdog_heartbeat(): [GHC] T1 tick 37810  uptime 18976 s
[2026-05-14 06:31:47.018] [18979081][I][sensor_poll.cpp:359] task_sensor_poll(): [T5_SEN] [T5] iter 620 — woke from 30 s delay
[2026-05-14 06:31:47.026] [18979090][I][sensor_poll.cpp:395] task_sensor_poll(): [T5_SEN] [T5] iter 620 — polling FG6485A
[2026-05-14 06:31:47.057] [18979122][I][sensor_poll.cpp:432] task_sensor_poll(): [T5_SEN] [T5] iter 620 — polling S200
[2026-05-14 06:31:47.601] [18979661][I][sensor_poll.cpp:535] task_sensor_poll(): [T5_SEN] [T5] T=23°C RH=40% ws=0.0 m/s wd=0° | avg T=23 RH=40 ws=0.0 wd=0° [win T=12 RH=20 W=12]
[2026-05-14 06:31:47.621] [18979675][I][climate_control.cpp:434] task_climate_control(): [T6_CLI] [T6] T_avg=23 t_max=28 hyst=5 → step_t=0 | RH_avg=40 rh_max=75 rh_min=50 hyst=12 rh_en=1 → step_rh=0 | resolved=0 (was cur_t=0 cur_rh=0)
[2026-05-14 06:31:49.792] [18981856][I][main.cpp:160] task_watchdog_heartbeat(): [GHC] T1 tick 37820  uptime 18981 s
[2026-05-14 06:31:54.810] [18986874][I][main.cpp:160] task_watchdog_heartbeat(): [GHC] T1 tick 37830  uptime 18986 s
[2026-05-14 06:31:59.828] [18991892][I][main.cpp:160] task_watchdog_heartbeat(): [GHC] T1 tick 37840  uptime 18991 s
[2026-05-14 06:32:04.846] [18996910][I][main.cpp:160] task_watchdog_heartbeat(): [GHC] T1 tick 37850  uptime 18996 s
[2026-05-14 06:32:09.864] [19001928][I][main.cpp:160] task_watchdog_heartbeat(): [GHC] T1 tick 37860  uptime 19001 s
[2026-05-14 06:32:14.882] [19006946][I][main.cpp:160] task_watchdog_heartbeat(): [GHC] T1 tick 37870  uptime 19006 s
[2026-05-14 06:32:17.612] [19009675][I][sensor_poll.cpp:359] task_sensor_poll(): [T5_SEN] [T5] iter 621 — woke from 30 s delay
[2026-05-14 06:32:17.621] [19009684][I][sensor_poll.cpp:395] task_sensor_poll(): [T5_SEN] [T5] iter 621 — polling FG6485A
[2026-05-14 06:32:17.651] [19009717][I][sensor_poll.cpp:432] task_sensor_poll(): [T5_SEN] [T5] iter 621 — polling S200
[2026-05-14 06:32:18.195] [19010255][I][sensor_poll.cpp:535] task_sensor_poll(): [T5_SEN] [T5] T=23°C RH=40% ws=0.0 m/s wd=0° | avg T=23 RH=40 ws=0.0 wd=0° [win T=12 RH=20 W=12]
[2026-05-14 06:32:18.215] [19010269][I][climate_control.cpp:434] task_climate_control(): [T6_CLI] [T6] T_avg=23 t_max=28 hyst=5 → step_t=0 | RH_avg=40 rh_max=75 rh_min=50 hyst=12 rh_en=1 → step_rh=0 | resolved=0 (was cur_t=0 cur_rh=0)
[2026-05-14 06:32:19.900] [19011964][I][main.cpp:160] task_watchdog_heartbeat(): [GHC] T1 tick 37880  uptime 19011 s
[2026-05-14 06:32:24.918] [19016982][I][main.cpp:160] task_watchdog_heartbeat(): [GHC] T1 tick 37890  uptime 19016 s
[2026-05-14 06:32:26.194] [19018256][I][data_manager.cpp:229] read_rtc_and_seed_clock(): [T4] RTC: 2026-05-14 06:32:23 UTC  unix=1778740343  daytime=yes
[2026-05-14 06:32:29.936] [19022000][I][main.cpp:160] task_watchdog_heartbeat(): [GHC] T1 tick 37900  uptime 19022 s
[2026-05-14 06:32:34.954] [19027018][I][main.cpp:160] task_watchdog_heartbeat(): [GHC] T1 tick 37910  uptime 19027 s
[2026-05-14 06:32:39.972] [19032036][I][main.cpp:160] task_watchdog_heartbeat(): [GHC] T1 tick 37920  uptime 19032 s
[2026-05-14 06:32:44.991] [19037054][I][main.cpp:160] task_watchdog_heartbeat(): [GHC] T1 tick 37930  uptime 19037 s
[2026-05-14 06:32:48.206] [19040269][I][sensor_poll.cpp:359] task_sensor_poll(): [T5_SEN] [T5] iter 622 — woke from 30 s delay
[2026-05-14 06:32:48.215] [19040278][I][sensor_poll.cpp:395] task_sensor_poll(): [T5_SEN] [T5] iter 622 — polling FG6485A
[2026-05-14 06:32:48.246] [19040311][I][sensor_poll.cpp:432] task_sensor_poll(): [T5_SEN] [T5] iter 622 — polling S200
[2026-05-14 06:32:48.790] [19040849][I][sensor_poll.cpp:535] task_sensor_poll(): [T5_SEN] [T5] T=23°C RH=40% ws=0.0 m/s wd=0° | avg T=23 RH=40 ws=0.0 wd=0° [win T=12 RH=20 W=12]
[2026-05-14 06:32:48.810] [19040863][I][climate_control.cpp:434] task_climate_control(): [T6_CLI] [T6] T_avg=23 t_max=28 hyst=5 → step_t=0 | RH_avg=40 rh_max=75 rh_min=50 hyst=12 rh_en=1 → step_rh=0 | resolved=0 (was cur_t=0 cur_rh=0)
[2026-05-14 06:32:50.008] [19042072][I][main.cpp:160] task_watchdog_heartbeat(): [GHC] T1 tick 37940  uptime 19042 s
[2026-05-14 06:32:55.026] [19047090][I][main.cpp:160] task_watchdog_heartbeat(): [GHC] T1 tick 37950  uptime 19047 s
[2026-05-14 06:33:00.044] [19052108][I][main.cpp:160] task_watchdog_heartbeat(): [GHC] T1 tick 37960  uptime 19052 s
[2026-05-14 06:33:05.063] [19057126][I][main.cpp:160] task_watchdog_heartbeat(): [GHC] T1 tick 37970  uptime 19057 s
[2026-05-14 06:33:10.081] [19062144][I][main.cpp:160] task_watchdog_heartbeat(): [GHC] T1 tick 37980  uptime 19062 s
[2026-05-14 06:33:15.099] [19067162][I][main.cpp:160] task_watchdog_heartbeat(): [GHC] T1 tick 37990  uptime 19067 s
[2026-05-14 06:33:18.801] [19070863][I][sensor_poll.cpp:359] task_sensor_poll(): [T5_SEN] [T5] iter 623 — woke from 30 s delay
[2026-05-14 06:33:18.809] [19070872][I][sensor_poll.cpp:395] task_sensor_poll(): [T5_SEN] [T5] iter 623 — polling FG6485A
[2026-05-14 06:33:18.839] [19070904][I][sensor_poll.cpp:432] task_sensor_poll(): [T5_SEN] [T5] iter 623 — polling S200
[2026-05-14 06:33:19.383] [19071442][I][sensor_poll.cpp:535] task_sensor_poll(): [T5_SEN] [T5] T=23°C RH=40% ws=0.0 m/s wd=0° | avg T=23 RH=40 ws=0.0 wd=0° [win T=12 RH=20 W=12]
[2026-05-14 06:33:19.403] [19071456][I][climate_control.cpp:434] task_climate_control(): [T6_CLI] [T6] T_avg=23 t_max=28 hyst=5 → step_t=0 | RH_avg=40 rh_max=75 rh_min=50 hyst=12 rh_en=1 → step_rh=0 | resolved=0 (was cur_t=0 cur_rh=0)
[2026-05-14 06:33:20.117] [19072180][I][main.cpp:160] task_watchdog_heartbeat(): [GHC] T1 tick 38000  uptime 19072 s
[2026-05-14 06:33:25.135] [19077198][I][main.cpp:160] task_watchdog_heartbeat(): [GHC] T1 tick 38010  uptime 19077 s
[2026-05-14 06:33:25.381] [19077443][I][data_manager.cpp:229] read_rtc_and_seed_clock(): [T4] RTC: 2026-05-14 06:33:22 UTC  unix=1778740402  daytime=yes
[2026-05-14 06:33:30.153] [19082216][I][main.cpp:160] task_watchdog_heartbeat(): [GHC] T1 tick 38020  uptime 19082 s
[2026-05-14 06:33:35.171] [19087234][I][main.cpp:160] task_watchdog_heartbeat(): [GHC] T1 tick 38030  uptime 19087 s
[2026-05-14 06:33:40.189] [19092252][I][main.cpp:160] task_watchdog_heartbeat(): [GHC] T1 tick 38040  uptime 19092 s
[2026-05-14 06:33:45.207] [19097270][I][main.cpp:160] task_watchdog_heartbeat(): [GHC] T1 tick 38050  uptime 19097 s
[2026-05-14 06:33:49.394] [19101456][I][sensor_poll.cpp:359] task_sensor_poll(): [T5_SEN] [T5] iter 624 — woke from 30 s delay
[2026-05-14 06:33:49.402] [19101465][I][sensor_poll.cpp:395] task_sensor_poll(): [T5_SEN] [T5] iter 624 — polling FG6485A
[2026-05-14 06:33:49.433] [19101497][I][sensor_poll.cpp:432] task_sensor_poll(): [T5_SEN] [T5] iter 624 — polling S200
[2026-05-14 06:33:49.977] [19102036][I][sensor_poll.cpp:535] task_sensor_poll(): [T5_SEN] [T5] T=23°C RH=40% ws=0.0 m/s wd=0° | avg T=23 RH=40 ws=0.0 wd=0° [win T=12 RH=20 W=12]
[2026-05-14 06:33:49.997] [19102050][I][climate_control.cpp:434] task_climate_control(): [T6_CLI] [T6] T_avg=23 t_max=28 hyst=5 → step_t=0 | RH_avg=40 rh_max=75 rh_min=50 hyst=12 rh_en=1 → step_rh=0 | resolved=0 (was cur_t=0 cur_rh=0)
[2026-05-14 06:33:50.225] [19102288][I][main.cpp:160] task_watchdog_heartbeat(): [GHC] T1 tick 38060  uptime 19102 s
[2026-05-14 06:33:55.243] [19107306][I][main.cpp:160] task_watchdog_heartbeat(): [GHC] T1 tick 38070  uptime 19107 s
[2026-05-14 06:34:00.261] [19112324][I][main.cpp:160] task_watchdog_heartbeat(): [GHC] T1 tick 38080  uptime 19112 s
[2026-05-14 06:34:05.279] [19117342][I][main.cpp:160] task_watchdog_heartbeat(): [GHC] T1 tick 38090  uptime 19117 s
[2026-05-14 06:34:10.297] [19122360][I][main.cpp:160] task_watchdog_heartbeat(): [GHC] T1 tick 38100  uptime 19122 s
[2026-05-14 06:34:15.315] [19127378][I][main.cpp:160] task_watchdog_heartbeat(): [GHC] T1 tick 38110  uptime 19127 s
[2026-05-14 06:34:19.988] [19132050][I][sensor_poll.cpp:359] task_sensor_poll(): [T5_SEN] [T5] iter 625 — woke from 30 s delay
[2026-05-14 06:34:19.996] [19132059][I][sensor_poll.cpp:395] task_sensor_poll(): [T5_SEN] [T5] iter 625 — polling FG6485A
[2026-05-14 06:34:20.027] [19132092][I][sensor_poll.cpp:432] task_sensor_poll(): [T5_SEN] [T5] iter 625 — polling S200
[2026-05-14 06:34:20.339] [19132402][I][main.cpp:160] task_watchdog_heartbeat(): [GHC] T1 tick 38120  uptime 19132 s
[2026-05-14 06:34:20.571] [19132630][I][sensor_poll.cpp:535] task_sensor_poll(): [T5_SEN] [T5] T=23°C RH=40% ws=0.0 m/s wd=0° | avg T=23 RH=40 ws=0.0 wd=0° [win T=12 RH=20 W=12]
[2026-05-14 06:34:20.591] [19132644][I][climate_control.cpp:434] task_climate_control(): [T6_CLI] [T6] T_avg=23 t_max=28 hyst=5 → step_t=0 | RH_avg=40 rh_max=75 rh_min=50 hyst=12 rh_en=1 → step_rh=0 | resolved=0 (was cur_t=0 cur_rh=0)
[2026-05-14 06:34:24.569] [19136631][I][data_manager.cpp:229] read_rtc_and_seed_clock(): [T4] RTC: 2026-05-14 06:34:22 UTC  unix=1778740462  daytime=yes
[2026-05-14 06:34:25.357] [19137420][I][main.cpp:160] task_watchdog_heartbeat(): [GHC] T1 tick 38130  uptime 19137 s
[2026-05-14 06:34:30.375] [19142438][I][main.cpp:160] task_watchdog_heartbeat(): [GHC] T1 tick 38140  uptime 19142 s
[2026-05-14 06:34:35.393] [19147456][I][main.cpp:160] task_watchdog_heartbeat(): [GHC] T1 tick 38150  uptime 19147 s
[2026-05-14 06:34:40.411] [19152474][I][main.cpp:160] task_watchdog_heartbeat(): [GHC] T1 tick 38160  uptime 19152 s
[2026-05-14 06:34:45.429] [19157492][I][main.cpp:160] task_watchdog_heartbeat(): [GHC] T1 tick 38170  uptime 19157 s
[2026-05-14 06:34:50.447] [19162510][I][main.cpp:160] task_watchdog_heartbeat(): [GHC] T1 tick 38180  uptime 19162 s
[2026-05-14 06:34:50.582] [19162644][I][sensor_poll.cpp:359] task_sensor_poll(): [T5_SEN] [T5] iter 626 — woke from 30 s delay
[2026-05-14 06:34:50.591] [19162653][I][sensor_poll.cpp:395] task_sensor_poll(): [T5_SEN] [T5] iter 626 — polling FG6485A
[2026-05-14 06:34:50.622] [19162686][I][sensor_poll.cpp:432] task_sensor_poll(): [T5_SEN] [T5] iter 626 — polling S200
[2026-05-14 06:34:51.165] [19163224][I][sensor_poll.cpp:535] task_sensor_poll(): [T5_SEN] [T5] T=23°C RH=40% ws=0.0 m/s wd=0° | avg T=23 RH=40 ws=0.0 wd=0° [win T=12 RH=20 W=12]
[2026-05-14 06:34:51.185] [19163238][I][climate_control.cpp:434] task_climate_control(): [T6_CLI] [T6] T_avg=23 t_max=28 hyst=5 → step_t=0 | RH_avg=40 rh_max=75 rh_min=50 hyst=12 rh_en=1 → step_rh=0 | resolved=0 (was cur_t=0 cur_rh=0)
[2026-05-14 06:34:55.465] [19167528][I][main.cpp:160] task_watchdog_heartbeat(): [GHC] T1 tick 38190  uptime 19167 s
[2026-05-14 06:35:00.483] [19172546][I][main.cpp:160] task_watchdog_heartbeat(): [GHC] T1 tick 38200  uptime 19172 s
[2026-05-14 06:35:05.501] [19177564][I][main.cpp:160] task_watchdog_heartbeat(): [GHC] T1 tick 38210  uptime 19177 s
[2026-05-14 06:35:10.513] [19182576][I][main.cpp:160] task_watchdog_heartbeat(): [GHC] T1 tick 38220  uptime 19182 s
[2026-05-14 06:35:15.531] [19187594][I][main.cpp:160] task_watchdog_heartbeat(): [GHC] T1 tick 38230  uptime 19187 s
[2026-05-14 06:35:20.549] [19192612][I][main.cpp:160] task_watchdog_heartbeat(): [GHC] T1 tick 38240  uptime 19192 s
[2026-05-14 06:35:21.176] [19193238][I][sensor_poll.cpp:359] task_sensor_poll(): [T5_SEN] [T5] iter 627 — woke from 30 s delay
[2026-05-14 06:35:21.184] [19193247][I][sensor_poll.cpp:395] task_sensor_poll(): [T5_SEN] [T5] iter 627 — polling FG6485A
[2026-05-14 06:35:21.215] [19193279][I][sensor_poll.cpp:432] task_sensor_poll(): [T5_SEN] [T5] iter 627 — polling S200
[2026-05-14 06:35:21.758] [19193817][I][sensor_poll.cpp:535] task_sensor_poll(): [T5_SEN] [T5] T=23°C RH=40% ws=0.0 m/s wd=0° | avg T=23 RH=40 ws=0.0 wd=0° [win T=12 RH=20 W=12]
[2026-05-14 06:35:21.778] [19193831][I][climate_control.cpp:434] task_climate_control(): [T6_CLI] [T6] T_avg=23 t_max=28 hyst=5 → step_t=0 | RH_avg=40 rh_max=75 rh_min=50 hyst=12 rh_en=1 → step_rh=0 | resolved=0 (was cur_t=0 cur_rh=0)
[2026-05-14 06:35:23.756] [19195818][I][data_manager.cpp:229] read_rtc_and_seed_clock(): [T4] RTC: 2026-05-14 06:35:21 UTC  unix=1778740521  daytime=yes
[2026-05-14 06:35:25.567] [19197630][I][main.cpp:160] task_watchdog_heartbeat(): [GHC] T1 tick 38250  uptime 19197 s
[2026-05-14 06:35:30.585] [19202648][I][main.cpp:160] task_watchdog_heartbeat(): [GHC] T1 tick 38260  uptime 19202 s
[2026-05-14 06:35:35.603] [19207666][I][main.cpp:160] task_watchdog_heartbeat(): [GHC] T1 tick 38270  uptime 19207 s
[2026-05-14 06:35:40.621] [19212684][I][main.cpp:160] task_watchdog_heartbeat(): [GHC] T1 tick 38280  uptime 19212 s
[2026-05-14 06:35:45.639] [19217702][I][main.cpp:160] task_watchdog_heartbeat(): [GHC] T1 tick 38290  uptime 19217 s
[2026-05-14 06:35:50.657] [19222720][I][main.cpp:160] task_watchdog_heartbeat(): [GHC] T1 tick 38300  uptime 19222 s
[2026-05-14 06:35:51.769] [19223831][I][sensor_poll.cpp:359] task_sensor_poll(): [T5_SEN] [T5] iter 628 — woke from 30 s delay
[2026-05-14 06:35:51.777] [19223840][I][sensor_poll.cpp:395] task_sensor_poll(): [T5_SEN] [T5] iter 628 — polling FG6485A
[2026-05-14 06:35:51.808] [19223872][I][sensor_poll.cpp:432] task_sensor_poll(): [T5_SEN] [T5] iter 628 — polling S200
[2026-05-14 06:35:52.352] [19224411][I][sensor_poll.cpp:535] task_sensor_poll(): [T5_SEN] [T5] T=23°C RH=40% ws=0.0 m/s wd=0° | avg T=23 RH=40 ws=0.0 wd=0° [win T=12 RH=20 W=12]
[2026-05-14 06:35:52.372] [19224425][I][climate_control.cpp:434] task_climate_control(): [T6_CLI] [T6] T_avg=23 t_max=28 hyst=5 → step_t=0 | RH_avg=40 rh_max=75 rh_min=50 hyst=12 rh_en=1 → step_rh=0 | resolved=0 (was cur_t=0 cur_rh=0)
[2026-05-14 06:35:55.675] [19227738][I][main.cpp:160] task_watchdog_heartbeat(): [GHC] T1 tick 38310  uptime 19227 s
[2026-05-14 06:36:00.693] [19232756][I][main.cpp:160] task_watchdog_heartbeat(): [GHC] T1 tick 38320  uptime 19232 s
[2026-05-14 06:36:05.711] [19237774][I][main.cpp:160] task_watchdog_heartbeat(): [GHC] T1 tick 38330  uptime 19237 s
[2026-05-14 06:36:10.729] [19242792][I][main.cpp:160] task_watchdog_heartbeat(): [GHC] T1 tick 38340  uptime 19242 s
[2026-05-14 06:36:15.747] [19247810][I][main.cpp:160] task_watchdog_heartbeat(): [GHC] T1 tick 38350  uptime 19247 s
[2026-05-14 06:36:20.765] [19252828][I][main.cpp:160] task_watchdog_heartbeat(): [GHC] T1 tick 38360  uptime 19252 s
[2026-05-14 06:36:22.363] [19254425][I][sensor_poll.cpp:359] task_sensor_poll(): [T5_SEN] [T5] iter 629 — woke from 30 s delay
[2026-05-14 06:36:22.372] [19254434][I][sensor_poll.cpp:395] task_sensor_poll(): [T5_SEN] [T5] iter 629 — polling FG6485A
[2026-05-14 06:36:22.402] [19254467][I][sensor_poll.cpp:432] task_sensor_poll(): [T5_SEN] [T5] iter 629 — polling S200
[2026-05-14 06:36:22.949] [19255005][I][sensor_poll.cpp:535] task_sensor_poll(): [T5_SEN] [T5] T=23°C RH=40% ws=0.0 m/s wd=0° | avg T=23 RH=40 ws=0.0 wd=0° [win[19255006][I T=12 RH=20][data_manag W=12]
[2026-05-14 06:36:22.958] er.cpp:229] read_rtc_and_seed_clock(): [T4] RTC: 2026-05-14 06:36:20 UTC  unix=1778740580  daytime=yes
[2026-05-14 06:36:22.978] [19255030][I][climate_control.cpp:434] task_climate_control(): [T6_CLI] [T6] T_avg=23 t_max=28 hyst=5 → step_t=0 | RH_avg=40 rh_max=75 rh_min=50 hyst=12 rh_en=1 → step_rh=0 | resolved=0 (was cur_t=0 cur_rh=0)
[2026-05-14 06:36:25.783] [19257846][I][main.cpp:160] task_watchdog_heartbeat(): [GHC] T1 tick 38370  uptime 19257 s
[2026-05-14 06:36:30.801] [19262864][I][main.cpp:160] task_watchdog_heartbeat(): [GHC] T1 tick 38380  uptime 19262 s
[2026-05-14 06:36:35.819] [19267882][I][main.cpp:160] task_watchdog_heartbeat(): [GHC] T1 tick 38390  uptime 19267 s
[2026-05-14 06:36:40.836] [19272900][I][main.cpp:160] task_watchdog_heartbeat(): [GHC] T1 tick 38400  uptime 19272 s
[2026-05-14 06:36:40.844] [19272908][I][main.cpp:231] task_watchdog_heartbeat(): [GHC] stack T1  hwm=1980 B
[2026-05-14 06:36:40.852] [19272916][I][main.cpp:231] task_watchdog_heartbeat(): [GHC] stack T2  hwm=6196 B
[2026-05-14 06:36:40.859] [19272923][I][main.cpp:231] task_watchdog_heartbeat(): [GHC] stack T3  hwm=1980 B
[2026-05-14 06:36:40.867] [19272931][I][main.cpp:231] task_watchdog_heartbeat(): [GHC] stack T4  hwm=3956 B
[2026-05-14 06:36:40.873] [19272938][I][main.cpp:231] task_watchdog_heartbeat(): [GHC] stack T5  hwm=4260 B
[2026-05-14 06:36:40.881] [19272945][I][main.cpp:231] task_watchdog_heartbeat(): [GHC] stack T6  hwm=1604 B
[2026-05-14 06:36:40.890] [19272953][I][main.cpp:231] task_watchdog_heartbeat(): [GHC] stack T7  hwm=2472 B
[2026-05-14 06:36:40.896] [19272960][I][main.cpp:231] task_watchdog_heartbeat(): [GHC] stack T8  hwm=5940 B
[2026-05-14 06:36:40.904] [19272968][I][main.cpp:231] task_watchdog_heartbeat(): [GHC] stack T9  hwm=2532 B
[2026-05-14 06:36:40.910] [19272975][I][main.cpp:231] task_watchdog_heartbeat(): [GHC] stack T10 hwm=5636 B
[2026-05-14 06:36:40.919] [19272983][I][main.cpp:231] task_watchdog_heartbeat(): [GHC] stack T11 hwm=5508 B
[2026-05-14 06:36:40.925] [19272991][I][main.cpp:231] task_watchdog_heartbeat(): [GHC] stack T12 hwm=7508 B
[2026-05-14 06:36:40.934] [19272998][I][main.cpp:231] task_watchdog_heartbeat(): [GHC] stack T14 hwm=7732 B
[2026-05-14 06:36:45.952] [19278015][I][main.cpp:160] task_watchdog_heartbeat(): [GHC] T1 tick 38410  uptime 19278 s
[2026-05-14 06:36:50.970] [19283033][I][main.cpp:160] task_watchdog_heartbeat(): [GHC] T1 tick 38420  uptime 19283 s
[2026-05-14 06:36:52.968] [19285030][I][sensor_poll.cpp:359] task_sensor_poll(): [T5_SEN] [T5] iter 630 — woke from 30 s delay
[2026-05-14 06:36:52.976] [19285039][I][sensor_poll.cpp:395] task_sensor_poll(): [T5_SEN] [T5] iter 630 — polling FG6485A
[2026-05-14 06:36:53.008] [19285072][I][sensor_poll.cpp:432] task_sensor_poll(): [T5_SEN] [T5] iter 630 — polling S200
[2026-05-14 06:36:53.551] [19285610][I][sensor_poll.cpp:535] task_sensor_poll(): [T5_SEN] [T5] T=23°C RH=40% ws=0.0 m/s wd=0° | avg T=23 RH=40 ws=0.0 wd=0° [win T=12 RH=20 W=12]
[2026-05-14 06:36:53.571] [19285624][I][climate_control.cpp:434] task_climate_control(): [T6_CLI] [T6] T_avg=23 t_max=28 hyst=5 → step_t=0 | RH_avg=40 rh_max=75 rh_min=50 hyst=12 rh_en=1 → step_rh=0 | resolved=0 (was cur_t=0 cur_rh=0)
[2026-05-14 06:36:55.988] [19288051][I][main.cpp:160] task_watchdog_heartbeat(): [GHC] T1 tick 38430  uptime 19288 s
[2026-05-14 06:37:01.006] [19293069][I][main.cpp:160] task_watchdog_heartbeat(): [GHC] T1 tick 38440  uptime 19293 s
[2026-05-14 06:37:06.024] [19298087][I][main.cpp:160] task_watchdog_heartbeat(): [GHC] T1 tick 38450  uptime 19298 s
[2026-05-14 06:37:11.042] [19303105][I][main.cpp:160] task_watchdog_heartbeat(): [GHC] T1 tick 38460  uptime 19303 s
[2026-05-14 06:37:16.060] [19308123][I][main.cpp:160] task_watchdog_heartbeat(): [GHC] T1 tick 38470  uptime 19308 s
[2026-05-14 06:37:21.078] [19313141][I][main.cpp:160] task_watchdog_heartbeat(): [GHC] T1 tick 38480  uptime 19313 s
[2026-05-14 06:37:22.549] [19314611][I][data_manager.cpp:229] read_rtc_and_seed_clock(): [T4] RTC: 2026-05-14 06:37:20 UTC  unix=1778740640  daytime=yes
[2026-05-14 06:37:23.562] [19315624][I][sensor_poll.cpp:359] task_sensor_poll(): [T5_SEN] [T5] iter 631 — woke from 30 s delay
[2026-05-14 06:37:23.571] [19315633][I][sensor_poll.cpp:395] task_sensor_poll(): [T5_SEN] [T5] iter 631 — polling FG6485A
[2026-05-14 06:37:23.601] [19315665][I][sensor_poll.cpp:432] task_sensor_poll(): [T5_SEN] [T5] iter 631 — polling S200
[2026-05-14 06:37:24.145] [19316204][I][sensor_poll.cpp:535] task_sensor_poll(): [T5_SEN] [T5] T=23°C RH=40% ws=0.0 m/s wd=0° | avg T=23 RH=40 ws=0.0 wd=0° [win T=12 RH=20 W=12]
[2026-05-14 06:37:24.165] [19316218][I][climate_control.cpp:434] task_climate_control(): [T6_CLI] [T6] T_avg=23 t_max=28 hyst=5 → step_t=0 | RH_avg=40 rh_max=75 rh_min=50 hyst=12 rh_en=1 → step_rh=0 | resolved=0 (was cur_t=0 cur_rh=0)
[2026-05-14 06:37:26.096] [19318159][I][main.cpp:160] task_watchdog_heartbeat(): [GHC] T1 tick 38490  uptime 19318 s
[2026-05-14 06:37:31.114] [19323177][I][main.cpp:160] task_watchdog_heartbeat(): [GHC] T1 tick 38500  uptime 19323 s
[2026-05-14 06:37:36.132] [19328195][I][main.cpp:160] task_watchdog_heartbeat(): [GHC] T1 tick 38510  uptime 19328 s
[2026-05-14 06:37:41.150] [19333213][I][main.cpp:160] task_watchdog_heartbeat(): [GHC] T1 tick 38520  uptime 19333 s
[2026-05-14 06:37:46.168] [19338231][I][main.cpp:160] task_watchdog_heartbeat(): [GHC] T1 tick 38530  uptime 19338 s
[2026-05-14 06:37:51.185] [19343248][I][main.cpp:160] task_watchdog_heartbeat(): [GHC] T1 tick 38540  uptime 19343 s
[2026-05-14 06:37:54.156] [19346218][I][sensor_poll.cpp:359] task_sensor_poll(): [T5_SEN] [T5] iter 632 — woke from 30 s delay
[2026-05-14 06:37:54.165] [19346227][I][sensor_poll.cpp:395] task_sensor_poll(): [T5_SEN] [T5] iter 632 — polling FG6485A
[2026-05-14 06:37:54.195] [19346259][I][sensor_poll.cpp:432] task_sensor_poll(): [T5_SEN] [T5] iter 632 — polling S200
[2026-05-14 06:37:54.739] [19346798][I][sensor_poll.cpp:535] task_sensor_poll(): [T5_SEN] [T5] T=23°C RH=40% ws=0.0 m/s wd=0° | avg T=23 RH=40 ws=0.0 wd=0° [win T=12 RH=20 W=12]
[2026-05-14 06:37:54.759] [19346812][I][climate_control.cpp:434] task_climate_control(): [T6_CLI] [T6] T_avg=23 t_max=28 hyst=5 → step_t=0 | RH_avg=40 rh_max=75 rh_min=50 hyst=12 rh_en=1 → step_rh=0 | resolved=0 (was cur_t=0 cur_rh=0)
[2026-05-14 06:37:56.203] [19348266][I][main.cpp:160] task_watchdog_heartbeat(): [GHC] T1 tick 38550  uptime 19348 s
[2026-05-14 06:38:01.221] [19353284][I][main.cpp:160] task_watchdog_heartbeat(): [GHC] T1 tick 38560  uptime 19353 s
[2026-05-14 06:38:06.239] [19358302][I][main.cpp:160] task_watchdog_heartbeat(): [GHC] T1 tick 38570  uptime 19358 s
[2026-05-14 06:38:11.257] [19363320][I][main.cpp:160] task_watchdog_heartbeat(): [GHC] T1 tick 38580  uptime 19363 s
[2026-05-14 06:38:16.275] [19368338][I][main.cpp:160] task_watchdog_heartbeat(): [GHC] T1 tick 38590  uptime 19368 s
[2026-05-14 06:38:21.293] [19373356][I][main.cpp:160] task_watchdog_heartbeat(): [GHC] T1 tick 38600  uptime 19373 s
[2026-05-14 06:38:21.739] [19373801][I][data_manager.cpp:229] read_rtc_and_seed_clock(): [T4] RTC: 2026-05-14 06:38:19 UTC  unix=1778740699  daytime=yes
[2026-05-14 06:38:24.750] [19376812][I][sensor_poll.cpp:359] task_sensor_poll(): [T5_SEN] [T5] iter 633 — woke from 30 s delay
[2026-05-14 06:38:24.759] [19376821][I][sensor_poll.cpp:395] task_sensor_poll(): [T5_SEN] [T5] iter 633 — polling FG6485A
[2026-05-14 06:38:24.789] [19376854][I][sensor_poll.cpp:432] task_sensor_poll(): [T5_SEN] [T5] iter 633 — polling S200
[2026-05-14 06:38:25.333] [19377392][I][sensor_poll.cpp:535] task_sensor_poll(): [T5_SEN] [T5] T=23°C RH=40% ws=0.0 m/s wd=0° | avg T=23 RH=40 ws=0.0 wd=0° [win T=12 RH=20 W=12]
[2026-05-14 06:38:25.353] [19377406][I][climate_control.cpp:434] task_climate_control(): [T6_CLI] [T6] T_avg=23 t_max=28 hyst=5 → step_t=0 | RH_avg=40 rh_max=75 rh_min=50 hyst=12 rh_en=1 → step_rh=0 | resolved=0 (was cur_t=0 cur_rh=0)
[2026-05-14 06:38:26.311] [19378374][I][main.cpp:160] task_watchdog_heartbeat(): [GHC] T1 tick 38610  uptime 19378 s
[2026-05-14 06:38:31.329] [19383392][I][main.cpp:160] task_watchdog_heartbeat(): [GHC] T1 tick 38620  uptime 19383 s
[2026-05-14 06:38:36.347] [19388410][I][main.cpp:160] task_watchdog_heartbeat(): [GHC] T1 tick 38630  uptime 19388 s
[2026-05-14 06:38:41.365] [19393428][I][main.cpp:160] task_watchdog_heartbeat(): [GHC] T1 tick 38640  uptime 19393 s
[2026-05-14 06:38:46.383] [19398446][I][main.cpp:160] task_watchdog_heartbeat(): [GHC] T1 tick 38650  uptime 19398 s
[2026-05-14 06:38:51.401] [19403464][I][main.cpp:160] task_watchdog_heartbeat(): [GHC] T1 tick 38660  uptime 19403 s
[2026-05-14 06:38:55.344] [19407406][I][sensor_poll.cpp:359] task_sensor_poll(): [T5_SEN] [T5] iter 634 — woke from 30 s delay
[2026-05-14 06:38:55.353] [19407415][I][sensor_poll.cpp:395] task_sensor_poll(): [T5_SEN] [T5] iter 634 — polling FG6485A
[2026-05-14 06:38:55.384] [19407448][I][sensor_poll.cpp:432] task_sensor_poll(): [T5_SEN] [T5] iter 634 — polling S200
[2026-05-14 06:38:55.928] [19407987][I][sensor_poll.cpp:535] task_sensor_poll(): [T5_SEN] [T5] T=23°C RH=40% ws=0.0 m/s wd=0° | avg T=23 RH=40 ws=0.0 wd=0° [win T=12 RH=20 W=12]
[2026-05-14 06:38:55.948] [19408001][I][climate_control.cpp:434] task_climate_control(): [T6_CLI] [T6] T_avg=23 t_max=28 hyst=5 → step_t=0 | RH_avg=40 rh_max=75 rh_min=50 hyst=12 rh_en=1 → step_rh=0 | resolved=0 (was cur_t=0 cur_rh=0)
[2026-05-14 06:38:56.419] [19408482][I][main.cpp:160] task_watchdog_heartbeat(): [GHC] T1 tick 38670  uptime 19408 s
[2026-05-14 06:39:01.437] [19413500][I][main.cpp:160] task_watchdog_heartbeat(): [GHC] T1 tick 38680  uptime 19413 s
[2026-05-14 06:39:06.455] [19418518][I][main.cpp:160] task_watchdog_heartbeat(): [GHC] T1 tick 38690  uptime 19418 s
[2026-05-14 06:39:11.473] [19423536][I][main.cpp:160] task_watchdog_heartbeat(): [GHC] T1 tick 38700  uptime 19423 s
[2026-05-14 06:39:16.491] [19428554][I][main.cpp:160] task_watchdog_heartbeat(): [GHC] T1 tick 38710  uptime 19428 s
[2026-05-14 06:39:20.926] [19432988][I][data_manager.cpp:229] read_rtc_and_seed_clock(): [T4] RTC: 2026-05-14 06:39:18 UTC  unix=1778740758  daytime=yes
[2026-05-14 06:39:21.509] [19433572][I][main.cpp:160] task_watchdog_heartbeat(): [GHC] T1 tick 38720  uptime 19433 s
[2026-05-14 06:39:25.939] [19438001][I][sensor_poll.cpp:359] task_sensor_poll(): [T5_SEN] [T5] iter 635 — woke from 30 s delay
[2026-05-14 06:39:25.948] [19438010][I][sensor_poll.cpp:395] task_sensor_poll(): [T5_SEN] [T5] iter 635 — polling FG6485A
[2026-05-14 06:39:25.979] [19438043][I][sensor_poll.cpp:432] task_sensor_poll(): [T5_SEN] [T5] iter 635 — polling S200
[2026-05-14 06:39:26.522] [19438581][I][sensor_poll.cpp:535] task_sensor_poll(): [T5_SEN] [T5] T=23°C RH=40% ws=0.0 m/s wd=0° | avg T=23 RH=40 ws=0.0 wd=0° [win T=12 RH=20 W=12]
[2026-05-14 06:39:26.531] [19438590][I][main.cpp:160] task_watchdog_heartbeat(): [GHC] T1 tick 38730  uptime 19438 s
[2026-05-14 06:39:26.551] [19438603][I][climate_control.cpp:434] task_climate_control(): [T6_CLI] [T6] T_avg=23 t_max=28 hyst=5 → step_t=0 | RH_avg=40 rh_max=75 rh_min=50 hyst=12 rh_en=1 → step_rh=0 | resolved=0 (was cur_t=0 cur_rh=0)
[2026-05-14 06:39:31.549] [19443612][I][main.cpp:160] task_watchdog_heartbeat(): [GHC] T1 tick 38740  uptime 19443 s
[2026-05-14 06:39:36.567] [19448630][I][main.cpp:160] task_watchdog_heartbeat(): [GHC] T1 tick 38750  uptime 19448 s
[2026-05-14 06:39:41.585] [19453648][I][main.cpp:160] task_watchdog_heartbeat(): [GHC] T1 tick 38760  uptime 19453 s
[2026-05-14 06:39:46.603] [19458666][I][main.cpp:160] task_watchdog_heartbeat(): [GHC] T1 tick 38770  uptime 19458 s
[2026-05-14 06:39:51.621] [19463684][I][main.cpp:160] task_watchdog_heartbeat(): [GHC] T1 tick 38780  uptime 19463 s
[2026-05-14 06:39:56.541] [19468603][I][sensor_poll.cpp:359] task_sensor_poll(): [T5_SEN] [T5] iter 636 — woke from 30 s delay
[2026-05-14 06:39:56.550] [19468612][I][sensor_poll.cpp:395] task_sensor_poll(): [T5_SEN] [T5] iter 636 — polling FG6485A
[2026-05-14 06:39:56.580] [19468644][I][sensor_poll.cpp:432] task_sensor_poll(): [T5_SEN] [T5] iter 636 — polling S200
[2026-05-14 06:39:56.639] [19468702][I][main.cpp:160] task_watchdog_heartbeat(): [GHC] T1 tick 38790  uptime 19468 s
[2026-05-14 06:39:57.124] [19469183][I][sensor_poll.cpp:535] task_sensor_poll(): [T5_SEN] [T5] T=23°C RH=40% ws=0.0 m/s wd=0° | avg T=23 RH=40 ws=0.0 wd=0° [win T=12 RH=20 W=12]
[2026-05-14 06:39:57.144] [19469197][I][climate_control.cpp:434] task_climate_control(): [T6_CLI] [T6] T_avg=23 t_max=28 hyst=5 → step_t=0 | RH_avg=40 rh_max=75 rh_min=50 hyst=12 rh_en=1 → step_rh=0 | resolved=0 (was cur_t=0 cur_rh=0)
[2026-05-14 06:40:01.657] [19473720][I][main.cpp:160] task_watchdog_heartbeat(): [GHC] T1 tick 38800  uptime 19473 s
[2026-05-14 06:40:06.675] [19478738][I][main.cpp:160] task_watchdog_heartbeat(): [GHC] T1 tick 38810  uptime 19478 s
[2026-05-14 06:40:11.693] [19483756][I][main.cpp:160] task_watchdog_heartbeat(): [GHC] T1 tick 38820  uptime 19483 s
[2026-05-14 06:40:16.711] [19488774][I][main.cpp:160] task_watchdog_heartbeat(): [GHC] T1 tick 38830  uptime 19488 s
[2026-05-14 06:40:20.123] [19492184][I][data_manager.cpp:229] read_rtc_and_seed_clock(): [T4] RTC: 2026-05-14 06:40:17 UTC  unix=1778740817  daytime=yes
[2026-05-14 06:40:21.729] [19493792][I][main.cpp:160] task_watchdog_heartbeat(): [GHC] T1 tick 38840  uptime 19493 s
[2026-05-14 06:40:26.747] [19498810][I][main.cpp:160] task_watchdog_heartbeat(): [GHC] T1 tick 38850  uptime 19498 s
[2026-05-14 06:40:27.135] [19499197][I][sensor_poll.cpp:359] task_sensor_poll(): [T5_SEN] [T5] iter 637 — woke from 30 s delay
[2026-05-14 06:40:27.144] [19499206][I][sensor_poll.cpp:395] task_sensor_poll(): [T5_SEN] [T5] iter 637 — polling FG6485A
[2026-05-14 06:40:27.175] [19499239][I][sensor_poll.cpp:432] task_sensor_poll(): [T5_SEN] [T5] iter 637 — polling S200
[2026-05-14 06:40:27.718] [19499777][I][sensor_poll.cpp:535] task_sensor_poll(): [T5_SEN] [T5] T=23°C RH=40% ws=0.0 m/s wd=0° | avg T=23 RH=40 ws=0.0 wd=0° [win T=12 RH=20 W=12]
[2026-05-14 06:40:27.738] [19499791][I][climate_control.cpp:434] task_climate_control(): [T6_CLI] [T6] T_avg=23 t_max=28 hyst=5 → step_t=0 | RH_avg=40 rh_max=75 rh_min=50 hyst=12 rh_en=1 → step_rh=0 | resolved=0 (was cur_t=0 cur_rh=0)
[2026-05-14 06:40:31.766] [19503828][I][main.cpp:160] task_watchdog_heartbeat(): [GHC] T1 tick 38860  uptime 19503 s
[2026-05-14 06:40:36.783] [19508846][I][main.cpp:160] task_watchdog_heartbeat(): [GHC] T1 tick 38870  uptime 19508 s
[2026-05-14 06:40:41.802] [19513864][I][main.cpp:160] task_watchdog_heartbeat(): [GHC] T1 tick 38880  uptime 19513 s
[2026-05-14 06:40:46.819] [19518882][I][main.cpp:160] task_watchdog_heartbeat(): [GHC] T1 tick 38890  uptime 19518 s
[2026-05-14 06:40:51.837] [19523900][I][main.cpp:160] task_watchdog_heartbeat(): [GHC] T1 tick 38900  uptime 19523 s
[2026-05-14 06:40:56.855] [19528918][I][main.cpp:160] task_watchdog_heartbeat(): [GHC] T1 tick 38910  uptime 19528 s
[2026-05-14 06:40:57.729] [19529791][I][sensor_poll.cpp:359] task_sensor_poll(): [T5_SEN] [T5] iter 638 — woke from 30 s delay
[2026-05-14 06:40:57.738] [19529800][I][sensor_poll.cpp:395] task_sensor_poll(): [T5_SEN] [T5] iter 638 — polling FG6485A
[2026-05-14 06:40:57.769] [19529833][I][sensor_poll.cpp:432] task_sensor_poll(): [T5_SEN] [T5] iter 638 — polling S200
[2026-05-14 06:40:58.313] [19530371][I][sensor_poll.cpp:535] task_sensor_poll(): [T5_SEN] [T5] T=23°C RH=40% ws=0.0 m/s wd=0° | avg T=23 RH=40 ws=0.0 wd=0° [win T=12 RH=20 W=12]
[2026-05-14 06:40:58.333] [19530385][I][climate_control.cpp:434] task_climate_control(): [T6_CLI] [T6] T_avg=23 t_max=28 hyst=5 → step_t=0 | RH_avg=40 rh_max=75 rh_min=50 hyst=12 rh_en=1 → step_rh=0 | resolved=0 (was cur_t=0 cur_rh=0)
[2026-05-14 06:41:01.874] [19533936][I][main.cpp:160] task_watchdog_heartbeat(): [GHC] T1 tick 38920  uptime 19533 s
[2026-05-14 06:41:06.892] [19538954][I][main.cpp:160] task_watchdog_heartbeat(): [GHC] T1 tick 38930  uptime 19538 s
[2026-05-14 06:41:11.910] [19543972][I][main.cpp:160] task_watchdog_heartbeat(): [GHC] T1 tick 38940  uptime 19543 s
[2026-05-14 06:41:16.927] [19548990][I][main.cpp:160] task_watchdog_heartbeat(): [GHC] T1 tick 38950  uptime 19548 s
[2026-05-14 06:41:19.311] [19551372][I][data_manager.cpp:229] read_rtc_and_seed_clock(): [T4] RTC: 2026-05-14 06:41:16 UTC  unix=1778740876  daytime=yes
[2026-05-14 06:41:21.945] [19554008][I][main.cpp:160] task_watchdog_heartbeat(): [GHC] T1 tick 38960  uptime 19554 s
[2026-05-14 06:41:26.964] [19559026][I][main.cpp:160] task_watchdog_heartbeat(): [GHC] T1 tick 38970  uptime 19559 s
[2026-05-14 06:41:28.324] [19560385][I][sensor_poll.cpp:359] task_sensor_poll(): [T5_SEN] [T5] iter 639 — woke from 30 s delay
[2026-05-14 06:41:28.332] [19560394][I][sensor_poll.cpp:395] task_sensor_poll(): [T5_SEN] [T5] iter 639 — polling FG6485A
[2026-05-14 06:41:28.362] [19560426][I][sensor_poll.cpp:432] task_sensor_poll(): [T5_SEN] [T5] iter 639 — polling S200
[2026-05-14 06:41:28.906] [19560964][I][sensor_poll.cpp:535] task_sensor_poll(): [T5_SEN] [T5] T=23°C RH=40% ws=0.0 m/s wd=0° | avg T=23 RH=40 ws=0.0 wd=0° [win T=12 RH=20 W=12]
[2026-05-14 06:41:28.926] [19560978][I][climate_control.cpp:434] task_climate_control(): [T6_CLI] [T6] T_avg=23 t_max=28 hyst=5 → step_t=0 | RH_avg=40 rh_max=75 rh_min=50 hyst=12 rh_en=1 → step_rh=0 | resolved=0 (was cur_t=0 cur_rh=0)
[2026-05-14 06:41:31.982] [19564044][I][main.cpp:160] task_watchdog_heartbeat(): [GHC] T1 tick 38980  uptime 19564 s
[2026-05-14 06:41:37.000] [19569062][I][main.cpp:160] task_watchdog_heartbeat(): [GHC] T1 tick 38990  uptime 19569 s
[2026-05-14 06:41:42.014] [19574077][I][main.cpp:160] task_watchdog_heartbeat(): [GHC] T1 tick 39000  uptime 19574 s
[2026-05-14 06:41:47.032] [19579094][I][main.cpp:160] task_watchdog_heartbeat(): [GHC] T1 tick 39010  uptime 19579 s
[2026-05-14 06:41:52.050] [19584112][I][main.cpp:160] task_watchdog_heartbeat(): [GHC] T1 tick 39020  uptime 19584 s
[2026-05-14 06:41:57.068] [19589130][I][main.cpp:160] task_watchdog_heartbeat(): [GHC] T1 tick 39030  uptime 19589 s
[2026-05-14 06:41:58.917] [19590978][I][sensor_poll.cpp:359] task_sensor_poll(): [T5_SEN] [T5] iter 640 — woke from 30 s delay
[2026-05-14 06:41:58.925] [19590987][I][sensor_poll.cpp:395] task_sensor_poll(): [T5_SEN] [T5] iter 640 — polling FG6485A
[2026-05-14 06:41:58.956] [19591019][I][sensor_poll.cpp:432] task_sensor_poll(): [T5_SEN] [T5] iter 640 — polling S200
[2026-05-14 06:41:59.500] [19591558][I][sensor_poll.cpp:535] task_sensor_poll(): [T5_SEN] [T5] T=23°C RH=40% ws=0.0 m/s wd=0° | avg T=23 RH=40 ws=0.0 wd=0° [win T=12 RH=20 W=12]
[2026-05-14 06:41:59.520] [19591572][I][climate_control.cpp:434] task_climate_control(): [T6_CLI] [T6] T_avg=23 t_max=28 hyst=5 → step_t=0 | RH_avg=40 rh_max=75 rh_min=50 hyst=12 rh_en=1 → step_rh=0 | resolved=0 (was cur_t=0 cur_rh=0)
[2026-05-14 06:42:02.086] [19594148][I][main.cpp:160] task_watchdog_heartbeat(): [GHC] T1 tick 39040  uptime 19594 s
[2026-05-14 06:42:07.104] [19599166][I][main.cpp:160] task_watchdog_heartbeat(): [GHC] T1 tick 39050  uptime 19599 s
[2026-05-14 06:42:12.122] [19604184][I][main.cpp:160] task_watchdog_heartbeat(): [GHC] T1 tick 39060  uptime 19604 s
[2026-05-14 06:42:17.140] [19609202][I][main.cpp:160] task_watchdog_heartbeat(): [GHC] T1 tick 39070  uptime 19609 s
[2026-05-14 06:42:18.498] [19610559][I][data_manager.cpp:229] read_rtc_and_seed_clock(): [T4] RTC: 2026-05-14 06:42:16 UTC  unix=1778740936  daytime=yes
[2026-05-14 06:42:22.158] [19614220][I][main.cpp:160] task_watchdog_heartbeat(): [GHC] T1 tick 39080  uptime 19614 s
[2026-05-14 06:42:27.176] [19619238][I][main.cpp:160] task_watchdog_heartbeat(): [GHC] T1 tick 39090  uptime 19619 s
[2026-05-14 06:42:29.511] [19621572][I][sensor_poll.cpp:359] task_sensor_poll(): [T5_SEN] [T5] iter 641 — woke from 30 s delay
[2026-05-14 06:42:29.519] [19621581][I][sensor_poll.cpp:395] task_sensor_poll(): [T5_SEN] [T5] iter 641 — polling FG6485A
[2026-05-14 06:42:29.550] [19621614][I][sensor_poll.cpp:432] task_sensor_poll(): [T5_SEN] [T5] iter 641 — polling S200
[2026-05-14 06:42:30.094] [19622152][I][sensor_poll.cpp:535] task_sensor_poll(): [T5_SEN] [T5] T=23°C RH=40% ws=0.0 m/s wd=0° | avg T=23 RH=40 ws=0.0 wd=0° [win T=12 RH=20 W=12]
[2026-05-14 06:42:30.114] [19622166][I][climate_control.cpp:434] task_climate_control(): [T6_CLI] [T6] T_avg=23 t_max=28 hyst=5 → step_t=0 | RH_avg=40 rh_max=75 rh_min=50 hyst=12 rh_en=1 → step_rh=0 | resolved=0 (was cur_t=0 cur_rh=0)
[2026-05-14 06:42:32.194] [19624256][I][main.cpp:160] task_watchdog_heartbeat(): [GHC] T1 tick 39100  uptime 19624 s
[2026-05-14 06:42:37.212] [19629274][I][main.cpp:160] task_watchdog_heartbeat(): [GHC] T1 tick 39110  uptime 19629 s
[2026-05-14 06:42:42.230] [19634292][I][main.cpp:160] task_watchdog_heartbeat(): [GHC] T1 tick 39120  uptime 19634 s
[2026-05-14 06:42:47.248] [19639310][I][main.cpp:160] task_watchdog_heartbeat(): [GHC] T1 tick 39130  uptime 19639 s
[2026-05-14 06:42:52.266] [19644328][I][main.cpp:160] task_watchdog_heartbeat(): [GHC] T1 tick 39140  uptime 19644 s
[2026-05-14 06:42:57.284] [19649346][I][main.cpp:160] task_watchdog_heartbeat(): [GHC] T1 tick 39150  uptime 19649 s
[2026-05-14 06:43:00.105] [19652166][I][sensor_poll.cpp:359] task_sensor_poll(): [T5_SEN] [T5] iter 642 — woke from 30 s delay
[2026-05-14 06:43:00.113] [19652175][I][sensor_poll.cpp:395] task_sensor_poll(): [T5_SEN] [T5] iter 642 — polling FG6485A
[2026-05-14 06:43:00.144] [19652208][I][sensor_poll.cpp:432] task_sensor_poll(): [T5_SEN] [T5] iter 642 — polling S200
[2026-05-14 06:43:00.688] [19652746][I][sensor_poll.cpp:535] task_sensor_poll(): [T5_SEN] [T5] T=23°C RH=40% ws=0.0 m/s wd=0° | avg T=23 RH=40 ws=0.0 wd=0° [win T=12 RH=20 W=12]
[2026-05-14 06:43:00.708] [19652760][I][climate_control.cpp:434] task_climate_control(): [T6_CLI] [T6] T_avg=23 t_max=28 hyst=5 → step_t=0 | RH_avg=40 rh_max=75 rh_min=50 hyst=12 rh_en=1 → step_rh=0 | resolved=0 (was cur_t=0 cur_rh=0)
[2026-05-14 06:43:02.302] [19654364][I][main.cpp:160] task_watchdog_heartbeat(): [GHC] T1 tick 39160  uptime 19654 s
[2026-05-14 06:43:07.320] [19659382][I][main.cpp:160] task_watchdog_heartbeat(): [GHC] T1 tick 39170  uptime 19659 s
[2026-05-14 06:43:12.338] [19664400][I][main.cpp:160] task_watchdog_heartbeat(): [GHC] T1 tick 39180  uptime 19664 s
[2026-05-14 06:43:17.356] [19669418][I][main.cpp:160] task_watchdog_heartbeat(): [GHC] T1 tick 39190  uptime 19669 s
[2026-05-14 06:43:17.686] [19669747][I][data_manager.cpp:229] read_rtc_and_seed_clock(): [T4] RTC: 2026-05-14 06:43:15 UTC  unix=1778740995  daytime=yes
[2026-05-14 06:43:22.374] [19674436][I][main.cpp:160] task_watchdog_heartbeat(): [GHC] T1 tick 39200  uptime 19674 s
[2026-05-14 06:43:27.392] [19679454][I][main.cpp:160] task_watchdog_heartbeat(): [GHC] T1 tick 39210  uptime 19679 s
[2026-05-14 06:43:30.699] [19682760][I][sensor_poll.cpp:359] task_sensor_poll(): [T5_SEN] [T5] iter 643 — woke from 30 s delay
[2026-05-14 06:43:30.707] [19682769][I][sensor_poll.cpp:395] task_sensor_poll(): [T5_SEN] [T5] iter 643 — polling FG6485A
[2026-05-14 06:43:30.738] [19682801][I][sensor_poll.cpp:432] task_sensor_poll(): [T5_SEN] [T5] iter 643 — polling S200
[2026-05-14 06:43:31.281] [19683339][I][sensor_poll.cpp:535] task_sensor_poll(): [T5_SEN] [T5] T=23°C RH=40% ws=0.0 m/s wd=0° | avg T=23 RH=40 ws=0.0 wd=0° [win T=12 RH=20 W=12]
[2026-05-14 06:43:31.301] [19683353][I][climate_control.cpp:434] task_climate_control(): [T6_CLI] [T6] T_avg=23 t_max=28 hyst=5 → step_t=0 | RH_avg=40 rh_max=75 rh_min=50 hyst=12 rh_en=1 → step_rh=0 | resolved=0 (was cur_t=0 cur_rh=0)
[2026-05-14 06:43:32.410] [19684472][I][main.cpp:160] task_watchdog_heartbeat(): [GHC] T1 tick 39220  uptime 19684 s
[2026-05-14 06:43:37.428] [19689490][I][main.cpp:160] task_watchdog_heartbeat(): [GHC] T1 tick 39230  uptime 19689 s
[2026-05-14 06:43:42.446] [19694508][I][main.cpp:160] task_watchdog_heartbeat(): [GHC] T1 tick 39240  uptime 19694 s
[2026-05-14 06:43:47.464] [19699526][I][main.cpp:160] task_watchdog_heartbeat(): [GHC] T1 tick 39250  uptime 19699 s
[2026-05-14 06:43:52.482] [19704544][I][main.cpp:160] task_watchdog_heartbeat(): [GHC] T1 tick 39260  uptime 19704 s
[2026-05-14 06:43:57.500] [19709562][I][main.cpp:160] task_watchdog_heartbeat(): [GHC] T1 tick 39270  uptime 19709 s
[2026-05-14 06:44:01.292] [19713353][I][sensor_poll.cpp:359] task_sensor_poll(): [T5_SEN] [T5] iter 644 — woke from 30 s delay
[2026-05-14 06:44:01.300] [19713362][I][sensor_poll.cpp:395] task_sensor_poll(): [T5_SEN] [T5] iter 644 — polling FG6485A
[2026-05-14 06:44:01.331] [19713394][I][sensor_poll.cpp:432] task_sensor_poll(): [T5_SEN] [T5] iter 644 — polling S200
[2026-05-14 06:44:01.875] [19713933][I][sensor_poll.cpp:535] task_sensor_poll(): [T5_SEN] [T5] T=23°C RH=40% ws=0.0 m/s wd=0° | avg T=23 RH=40 ws=0.0 wd=0° [win T=12 RH=20 W=12]
[2026-05-14 06:44:01.895] [19713947][I][climate_control.cpp:434] task_climate_control(): [T6_CLI] [T6] T_avg=23 t_max=28 hyst=5 → step_t=0 | RH_avg=40 rh_max=75 rh_min=50 hyst=12 rh_en=1 → step_rh=0 | resolved=0 (was cur_t=0 cur_rh=0)
[2026-05-14 06:44:02.515] [19714577][I][main.cpp:160] task_watchdog_heartbeat(): [GHC] T1 tick 39280  uptime 19714 s
[2026-05-14 06:44:07.532] [19719594][I][main.cpp:160] task_watchdog_heartbeat(): [GHC] T1 tick 39290  uptime 19719 s
[2026-05-14 06:44:12.550] [19724612][I][main.cpp:160] task_watchdog_heartbeat(): [GHC] T1 tick 39300  uptime 19724 s
[2026-05-14 06:44:16.873] [19728934][I][data_manager.cpp:229] read_rtc_and_seed_clock(): [T4] RTC: 2026-05-14 06:44:14 UTC  unix=1778741054  daytime=yes
[2026-05-14 06:44:17.568] [19729630][I][main.cpp:160] task_watchdog_heartbeat(): [GHC] T1 tick 39310  uptime 19729 s
[2026-05-14 06:44:22.586] [19734648][I][main.cpp:160] task_watchdog_heartbeat(): [GHC] T1 tick 39320  uptime 19734 s
[2026-05-14 06:44:27.604] [19739666][I][main.cpp:160] task_watchdog_heartbeat(): [GHC] T1 tick 39330  uptime 19739 s
[2026-05-14 06:44:31.886] [19743947][I][sensor_poll.cpp:359] task_sensor_poll(): [T5_SEN] [T5] iter 645 — woke from 30 s delay
[2026-05-14 06:44:31.894] [19743956][I][sensor_poll.cpp:395] task_sensor_poll(): [T5_SEN] [T5] iter 645 — polling FG6485A
[2026-05-14 06:44:31.925] [19743989][I][sensor_poll.cpp:432] task_sensor_poll(): [T5_SEN] [T5] iter 645 — polling S200
[2026-05-14 06:44:32.469] [19744527][I][sensor_poll.cpp:535] task_sensor_poll(): [T5_SEN] [T5] T=23°C RH=40% ws=0.0 m/s wd=0° | avg T=23 RH=40 ws=0.0 wd=0° [win T=12 RH=20 W=12]
[2026-05-14 06:44:32.489] [19744541][I][climate_control.cpp:434] task_climate_control(): [T6_CLI] [T6] T_avg=23 t_max=28 hyst=5 → step_t=0 | RH_avg=40 rh_max=75 rh_min=50 hyst=12 rh_en=1 → step_rh=0 | resolved=0 (was cur_t=0 cur_rh=0)
[2026-05-14 06:44:32.622] [19744684][I][main.cpp:160] task_watchdog_heartbeat(): [GHC] T1 tick 39340  uptime 19744 s
[2026-05-14 06:44:37.640] [19749702][I][main.cpp:160] task_watchdog_heartbeat(): [GHC] T1 tick 39350  uptime 19749 s
[2026-05-14 06:44:42.658] [19754720][I][main.cpp:160] task_watchdog_heartbeat(): [GHC] T1 tick 39360  uptime 19754 s
[2026-05-14 06:44:47.676] [19759738][I][main.cpp:160] task_watchdog_heartbeat(): [GHC] T1 tick 39370  uptime 19759 s
[2026-05-14 06:44:52.694] [19764756][I][main.cpp:160] task_watchdog_heartbeat(): [GHC] T1 tick 39380  uptime 19764 s
[2026-05-14 06:44:57.712] [19769774][I][main.cpp:160] task_watchdog_heartbeat(): [GHC] T1 tick 39390  uptime 19769 s
[2026-05-14 06:45:02.480] [19774541][I][sensor_poll.cpp:359] task_sensor_poll(): [T5_SEN] [T5] iter 646 — woke from 30 s delay
[2026-05-14 06:45:02.489] [19774550][I][sensor_poll.cpp:395] task_sensor_poll(): [T5_SEN] [T5] iter 646 — polling FG6485A
[2026-05-14 06:45:02.519] [19774583][I][sensor_poll.cpp:432] task_sensor_poll(): [T5_SEN] [T5] iter 646 — polling S200
[2026-05-14 06:45:02.730] [19774792][I][main.cpp:160] task_watchdog_heartbeat(): [GHC] T1 tick 39400  uptime 19774 s
[2026-05-14 06:45:03.063] [19775121][I][sensor_poll.cpp:535] task_sensor_poll(): [T5_SEN] [T5] T=23°C RH=40% ws=0.0 m/s wd=0° | avg T=23 RH=40 ws=0.0 wd=0° [win T=12 RH=20 W=12]
[2026-05-14 06:45:03.083] [19775135][I][climate_control.cpp:434] task_climate_control(): [T6_CLI] [T6] T_avg=23 t_max=28 hyst=5 → step_t=0 | RH_avg=40 rh_max=75 rh_min=50 hyst=12 rh_en=1 → step_rh=0 | resolved=0 (was cur_t=0 cur_rh=0)
[2026-05-14 06:45:07.748] [19779810][I][main.cpp:160] task_watchdog_heartbeat(): [GHC] T1 tick 39410  uptime 19779 s
[2026-05-14 06:45:12.766] [19784828][I][main.cpp:160] task_watchdog_heartbeat(): [GHC] T1 tick 39420  uptime 19784 s
[2026-05-14 06:45:16.061] [19788122][I][data_manager.cpp:229] read_rtc_and_seed_clock(): [T4] RTC: 2026-05-14 06:45:13 UTC  unix=1778741113  daytime=yes
[2026-05-14 06:45:17.784] [19789846][I][main.cpp:160] task_watchdog_heartbeat(): [GHC] T1 tick 39430  uptime 19789 s
[2026-05-14 06:45:22.802] [19794864][I][main.cpp:160] task_watchdog_heartbeat(): [GHC] T1 tick 39440  uptime 19794 s
[2026-05-14 06:45:27.820] [19799882][I][main.cpp:160] task_watchdog_heartbeat(): [GHC] T1 tick 39450  uptime 19799 s
[2026-05-14 06:45:32.838] [19804900][I][main.cpp:160] task_watchdog_heartbeat(): [GHC] T1 tick 39460  uptime 19804 s
[2026-05-14 06:45:33.074] [19805135][I][sensor_poll.cpp:359] task_sensor_poll(): [T5_SEN] [T5] iter 647 — woke from 30 s delay
[2026-05-14 06:45:33.083] [19805144][I][sensor_poll.cpp:395] task_sensor_poll(): [T5_SEN] [T5] iter 647 — polling FG6485A
[2026-05-14 06:45:33.114] [19805177][I][sensor_poll.cpp:432] task_sensor_poll(): [T5_SEN] [T5] iter 647 — polling S200
[2026-05-14 06:45:33.657] [19805715][I][sensor_poll.cpp:535] task_sensor_poll(): [T5_SEN] [T5] T=23°C RH=40% ws=0.0 m/s wd=0° | avg T=23 RH=40 ws=0.0 wd=0° [win T=12 RH=20 W=12]
[2026-05-14 06:45:33.677] [19805729][I][climate_control.cpp:434] task_climate_control(): [T6_CLI] [T6] T_avg=23 t_max=28 hyst=5 → step_t=0 | RH_avg=40 rh_max=75 rh_min=50 hyst=12 rh_en=1 → step_rh=0 | resolved=0 (was cur_t=0 cur_rh=0)
[2026-05-14 06:45:37.856] [19809918][I][main.cpp:160] task_watchdog_heartbeat(): [GHC] T1 tick 39470  uptime 19809 s
[2026-05-14 06:45:42.874] [19814936][I][main.cpp:160] task_watchdog_heartbeat(): [GHC] T1 tick 39480  uptime 19814 s
[2026-05-14 06:45:47.892] [19819954][I][main.cpp:160] task_watchdog_heartbeat(): [GHC] T1 tick 39490  uptime 19819 s
[2026-05-14 06:45:52.910] [19824972][I][main.cpp:160] task_watchdog_heartbeat(): [GHC] T1 tick 39500  uptime 19824 s
[2026-05-14 06:45:57.928] [19829990][I][main.cpp:160] task_watchdog_heartbeat(): [GHC] T1 tick 39510  uptime 19829 s
[2026-05-14 06:46:02.946] [19835008][I][main.cpp:160] task_watchdog_heartbeat(): [GHC] T1 tick 39520  uptime 19835 s
[2026-05-14 06:46:03.668] [19835729][I][sensor_poll.cpp:359] task_sensor_poll(): [T5_SEN] [T5] iter 648 — woke from 30 s delay
[2026-05-14 06:46:03.677] [19835738][I][sensor_poll.cpp:395] task_sensor_poll(): [T5_SEN] [T5] iter 648 — polling FG6485A
[2026-05-14 06:46:03.707] [19835770][I][sensor_poll.cpp:432] task_sensor_poll(): [T5_SEN] [T5] iter 648 — polling S200
[2026-05-14 06:46:04.251] [19836309][I][sensor_poll.cpp:535] task_sensor_poll(): [T5_SEN] [T5] T=23°C RH=40% ws=0.0 m/s wd=0° | avg T=23 RH=40 ws=0.0 wd=0° [win T=12 RH=20 W=12]
[2026-05-14 06:46:04.271] [19836323][I][climate_control.cpp:434] task_climate_control(): [T6_CLI] [T6] T_avg=23 t_max=28 hyst=5 → step_t=0 | RH_avg=40 rh_max=75 rh_min=50 hyst=12 rh_en=1 → step_rh=0 | resolved=0 (was cur_t=0 cur_rh=0)
[2026-05-14 06:46:07.964] [19840026][I][main.cpp:160] task_watchdog_heartbeat(): [GHC] T1 tick 39530  uptime 19840 s
[2026-05-14 06:46:12.982] [19845044][I][main.cpp:160] task_watchdog_heartbeat(): [GHC] T1 tick 39540  uptime 19845 s
[2026-05-14 06:46:15.250] [19847310][I][data_manager.cpp:229] read_rtc_and_seed_clock(): [T4] RTC: 2026-05-14 06:46:12 UTC  unix=1778741172  daytime=yes
[2026-05-14 06:46:18.000] [19850062][I][main.cpp:160] task_watchdog_heartbeat(): [GHC] T1 tick 39550  uptime 19850 s
[2026-05-14 06:46:23.016] [19855078][I][main.cpp:160] task_watchdog_heartbeat(): [GHC] T1 tick 39560  uptime 19855 s
[2026-05-14 06:46:28.035] [19860096][I][main.cpp:160] task_watchdog_heartbeat(): [GHC] T1 tick 39570  uptime 19860 s
[2026-05-14 06:46:33.053] [19865114][I][main.cpp:160] task_watchdog_heartbeat(): [GHC] T1 tick 39580  uptime 19865 s
[2026-05-14 06:46:34.262] [19866323][I][sensor_poll.cpp:359] task_sensor_poll(): [T5_SEN] [T5] iter 649 — woke from 30 s delay
[2026-05-14 06:46:34.271] [19866332][I][sensor_poll.cpp:395] task_sensor_poll(): [T5_SEN] [T5] iter 649 — polling FG6485A
[2026-05-14 06:46:34.302] [19866364][I][sensor_poll.cpp:432] task_sensor_poll(): [T5_SEN] [T5] iter 649 — polling S200
[2026-05-14 06:46:34.846] [19866903][I][sensor_poll.cpp:535] task_sensor_poll(): [T5_SEN] [T5] T=23°C RH=40% ws=0.0 m/s wd=0° | avg T=23 RH=40 ws=0.0 wd=0° [win T=12 RH=20 W=12]
[2026-05-14 06:46:34.866] [19866917][I][climate_control.cpp:434] task_climate_control(): [T6_CLI] [T6] T_avg=23 t_max=28 hyst=5 → step_t=0 | RH_avg=40 rh_max=75 rh_min=50 hyst=12 rh_en=1 → step_rh=0 | resolved=0 (was cur_t=0 cur_rh=0)
[2026-05-14 06:46:38.071] [19870132][I][main.cpp:160] task_watchdog_heartbeat(): [GHC] T1 tick 39590  uptime 19870 s
[2026-05-14 06:46:43.087] [19875150][I][main.cpp:160] task_watchdog_heartbeat(): [GHC] T1 tick 39600  uptime 19875 s
[2026-05-14 06:46:43.096] [19875158][I][main.cpp:231] task_watchdog_heartbeat(): [GHC] stack T1  hwm=1980 B
[2026-05-14 06:46:43.104] [19875166][I][main.cpp:231] task_watchdog_heartbeat(): [GHC] stack T2  hwm=6196 B
[2026-05-14 06:46:43.110] [19875173][I][main.cpp:231] task_watchdog_heartbeat(): [GHC] stack T3  hwm=1980 B
[2026-05-14 06:46:43.118] [19875181][I][main.cpp:231] task_watchdog_heartbeat(): [GHC] stack T4  hwm=3956 B
[2026-05-14 06:46:43.124] [19875188][I][main.cpp:231] task_watchdog_heartbeat(): [GHC] stack T5  hwm=4260 B
[2026-05-14 06:46:43.133] [19875195][I][main.cpp:231] task_watchdog_heartbeat(): [GHC] stack T6  hwm=1604 B
[2026-05-14 06:46:43.141] [19875203][I][main.cpp:231] task_watchdog_heartbeat(): [GHC] stack T7  hwm=2472 B
[2026-05-14 06:46:43.147] [19875210][I][main.cpp:231] task_watchdog_heartbeat(): [GHC] stack T8  hwm=5940 B
[2026-05-14 06:46:43.156] [19875218][I][main.cpp:231] task_watchdog_heartbeat(): [GHC] stack T9  hwm=2532 B
[2026-05-14 06:46:43.162] [19875225][I][main.cpp:231] task_watchdog_heartbeat(): [GHC] stack T10 hwm=5636 B
[2026-05-14 06:46:43.170] [19875233][I][main.cpp:231] task_watchdog_heartbeat(): [GHC] stack T11 hwm=5508 B
[2026-05-14 06:46:43.176] [19875240][I][main.cpp:231] task_watchdog_heartbeat(): [GHC] stack T12 hwm=7508 B
[2026-05-14 06:46:43.185] [19875248][I][main.cpp:231] task_watchdog_heartbeat(): [GHC] stack T14 hwm=7732 B
[2026-05-14 06:46:48.204] [19880265][I][main.cpp:160] task_watchdog_heartbeat(): [GHC] T1 tick 39610  uptime 19880 s
[2026-05-14 06:46:53.222] [19885283][I][main.cpp:160] task_watchdog_heartbeat(): [GHC] T1 tick 39620  uptime 19885 s
[2026-05-14 06:46:58.240] [19890301][I][main.cpp:160] task_watchdog_heartbeat(): [GHC] T1 tick 39630  uptime 19890 s
[2026-05-14 06:47:03.258] [19895319][I][main.cpp:160] task_watchdog_heartbeat(): [GHC] T1 tick 39640  uptime 19895 s
[2026-05-14 06:47:04.857] [19896917][I][sensor_poll.cpp:359] task_sensor_poll(): [T5_SEN] [T5] iter 650 — woke from 30 s delay
[2026-05-14 06:47:04.865] [19896926][I][sensor_poll.cpp:395] task_sensor_poll(): [T5_SEN] [T5] iter 650 — polling FG6485A
[2026-05-14 06:47:04.896] [19896959][I][sensor_poll.cpp:432] task_sensor_poll(): [T5_SEN] [T5] iter 650 — polling S200
[2026-05-14 06:47:05.440] [19897497][I][sensor_poll.cpp:535] task_sensor_poll(): [T5_SEN] [T5] T=23°C RH=40% ws=0.0 m/s wd=0° | avg T=23 RH=40 ws=0.0 wd=0° [win T=12 RH=20 W=12]
[2026-05-14 06:47:05.460] [19897511][I][climate_control.cpp:434] task_climate_control(): [T6_CLI] [T6] T_avg=23 t_max=28 hyst=5 → step_t=0 | RH_avg=40 rh_max=75 rh_min=50 hyst=12 rh_en=1 → step_rh=0 | resolved=0 (was cur_t=0 cur_rh=0)
[2026-05-14 06:47:08.276] [19900337][I][main.cpp:160] task_watchdog_heartbeat(): [GHC] T1 tick 39650  uptime 19900 s
[2026-05-14 06:47:13.294] [19905355][I][main.cpp:160] task_watchdog_heartbeat(): [GHC] T1 tick 39660  uptime 19905 s
[2026-05-14 06:47:14.438] [19906498][I][data_manager.cpp:229] read_rtc_and_seed_clock(): [T4] RTC: 2026-05-14 06:47:11 UTC  unix=1778741231  daytime=yes
[2026-05-14 06:47:18.312] [19910373][I][main.cpp:160] task_watchdog_heartbeat(): [GHC] T1 tick 39670  uptime 19910 s
[2026-05-14 06:47:23.330] [19915391][I][main.cpp:160] task_watchdog_heartbeat(): [GHC] T1 tick 39680  uptime 19915 s
[2026-05-14 06:47:28.348] [19920409][I][main.cpp:160] task_watchdog_heartbeat(): [GHC] T1 tick 39690  uptime 19920 s
[2026-05-14 06:47:33.366] [19925427][I][main.cpp:160] task_watchdog_heartbeat(): [GHC] T1 tick 39700  uptime 19925 s
[2026-05-14 06:47:35.451] [19927511][I][sensor_poll.cpp:359] task_sensor_poll(): [T5_SEN] [T5] iter 651 — woke from 30 s delay
[2026-05-14 06:47:35.459] [19927520][I][sensor_poll.cpp:395] task_sensor_poll(): [T5_SEN] [T5] iter 651 — polling FG6485A
[2026-05-14 06:47:35.490] [19927553][I][sensor_poll.cpp:432] task_sensor_poll(): [T5_SEN] [T5] iter 651 — polling S200
[2026-05-14 06:47:36.034] [19928091][I][sensor_poll.cpp:535] task_sensor_poll(): [T5_SEN] [T5] T=23°C RH=40% ws=0.0 m/s wd=0° | avg T=23 RH=40 ws=0.0 wd=0° [win T=12 RH=20 W=12]
[2026-05-14 06:47:36.054] [19928105][I][climate_control.cpp:434] task_climate_control(): [T6_CLI] [T6] T_avg=23 t_max=28 hyst=5 → step_t=0 | RH_avg=40 rh_max=75 rh_min=50 hyst=12 rh_en=1 → step_rh=0 | resolved=0 (was cur_t=0 cur_rh=0)
[2026-05-14 06:47:38.384] [19930445][I][main.cpp:160] task_watchdog_heartbeat(): [GHC] T1 tick 39710  uptime 19930 s
[2026-05-14 06:47:43.402] [19935463][I][main.cpp:160] task_watchdog_heartbeat(): [GHC] T1 tick 39720  uptime 19935 s
[2026-05-14 06:47:48.420] [19940481][I][main.cpp:160] task_watchdog_heartbeat(): [GHC] T1 tick 39730  uptime 19940 s
[2026-05-14 06:47:53.438] [19945499][I][main.cpp:160] task_watchdog_heartbeat(): [GHC] T1 tick 39740  uptime 19945 s
[2026-05-14 06:47:58.456] [19950517][I][main.cpp:160] task_watchdog_heartbeat(): [GHC] T1 tick 39750  uptime 19950 s
[2026-05-14 06:48:03.474] [19955535][I][main.cpp:160] task_watchdog_heartbeat(): [GHC] T1 tick 39760  uptime 19955 s
[2026-05-14 06:48:06.045] [19958105][I][sensor_poll.cpp:359] task_sensor_poll(): [T5_SEN] [T5] iter 652 — woke from 30 s delay
[2026-05-14 06:48:06.053] [19958114][I][sensor_poll.cpp:395] task_sensor_poll(): [T5_SEN] [T5] iter 652 — polling FG6485A
[2026-05-14 06:48:06.083] [19958146][I][sensor_poll.cpp:432] task_sensor_poll(): [T5_SEN] [T5] iter 652 — polling S200
[2026-05-14 06:48:06.627] [19958684][I][sensor_poll.cpp:535] task_sensor_poll(): [T5_SEN] [T5] T=23°C RH=40% ws=0.0 m/s wd=0° | avg T=23 RH=40 ws=0.0 wd=0° [win T=12 RH=20 W=12]
[2026-05-14 06:48:06.647] [19958698][I][climate_control.cpp:434] task_climate_control(): [T6_CLI] [T6] T_avg=23 t_max=28 hyst=5 → step_t=0 | RH_avg=40 rh_max=75 rh_min=50 hyst=12 rh_en=1 → step_rh=0 | resolved=0 (was cur_t=0 cur_rh=0)
[2026-05-14 06:48:08.492] [19960553][I][main.cpp:160] task_watchdog_heartbeat(): [GHC] T1 tick 39770  uptime 19960 s
[2026-05-14 06:48:13.510] [19965571][I][main.cpp:160] task_watchdog_heartbeat(): [GHC] T1 tick 39780  uptime 19965 s
[2026-05-14 06:48:13.625] [19965685][I][data_manager.cpp:229] read_rtc_and_seed_clock(): [T4] RTC: 2026-05-14 06:48:11 UTC  unix=1778741291  daytime=yes
[2026-05-14 06:48:18.528] [19970589][I][main.cpp:160] task_watchdog_heartbeat(): [GHC] T1 tick 39790  uptime 19970 s
[2026-05-14 06:48:23.546] [19975607][I][main.cpp:160] task_watchdog_heartbeat(): [GHC] T1 tick 39800  uptime 19975 s
[2026-05-14 06:48:28.564] [19980625][I][main.cpp:160] task_watchdog_heartbeat(): [GHC] T1 tick 39810  uptime 19980 s
[2026-05-14 06:48:33.582] [19985643][I][main.cpp:160] task_watchdog_heartbeat(): [GHC] T1 tick 39820  uptime 19985 s
[2026-05-14 06:48:36.638] [19988698][I][sensor_poll.cpp:359] task_sensor_poll(): [T5_SEN] [T5] iter 653 — woke from 30 s delay
[2026-05-14 06:48:36.646] [19988707][I][sensor_poll.cpp:395] task_sensor_poll(): [T5_SEN] [T5] iter 653 — polling FG6485A
[2026-05-14 06:48:36.677] [19988739][I][sensor_poll.cpp:432] task_sensor_poll(): [T5_SEN] [T5] iter 653 — polling S200
[2026-05-14 06:48:37.221] [19989278][I][sensor_poll.cpp:535] task_sensor_poll(): [T5_SEN] [T5] T=23°C RH=40% ws=0.0 m/s wd=0° | avg T=23 RH=40 ws=0.0 wd=0° [win T=12 RH=20 W=12]
[2026-05-14 06:48:37.241] [19989292][I][climate_control.cpp:434] task_climate_control(): [T6_CLI] [T6] T_avg=23 t_max=28 hyst=5 → step_t=0 | RH_avg=40 rh_max=75 rh_min=50 hyst=12 rh_en=1 → step_rh=0 | resolved=0 (was cur_t=0 cur_rh=0)
[2026-05-14 06:48:38.600] [19990661][I][main.cpp:160] task_watchdog_heartbeat(): [GHC] T1 tick 39830  uptime 19990 s
[2026-05-14 06:48:43.618] [19995679][I][main.cpp:160] task_watchdog_heartbeat(): [GHC] T1 tick 39840  uptime 19995 s
[2026-05-14 06:48:48.636] [20000697][I][main.cpp:160] task_watchdog_heartbeat(): [GHC] T1 tick 39850  uptime 20000 s
[2026-05-14 06:48:53.654] [20005715][I][main.cpp:160] task_watchdog_heartbeat(): [GHC] T1 tick 39860  uptime 20005 s
[2026-05-14 06:48:58.672] [20010733][I][main.cpp:160] task_watchdog_heartbeat(): [GHC] T1 tick 39870  uptime 20010 s
[2026-05-14 06:49:03.690] [20015751][I][main.cpp:160] task_watchdog_heartbeat(): [GHC] T1 tick 39880  uptime 20015 s
[2026-05-14 06:49:07.232] [20019292][I][sensor_poll.cpp:359] task_sensor_poll(): [T5_SEN] [T5] iter 654 — woke from 30 s delay
[2026-05-14 06:49:07.241] [20019301][I][sensor_poll.cpp:395] task_sensor_poll(): [T5_SEN] [T5] iter 654 — polling FG6485A
[2026-05-14 06:49:07.271] [20019334][I][sensor_poll.cpp:432] task_sensor_poll(): [T5_SEN] [T5] iter 654 — polling S200
[2026-05-14 06:49:07.815] [20019872][I][sensor_poll.cpp:535] task_sensor_poll(): [T5_SEN] [T5] T=23°C RH=40% ws=0.0 m/s wd=0° | avg T=23 RH=40 ws=0.0 wd=0° [win T=12 RH=20 W=12]
[2026-05-14 06:49:07.835] [20019886][I][climate_control.cpp:434] task_climate_control(): [T6_CLI] [T6] T_avg=23 t_max=28 hyst=5 → step_t=0 | RH_avg=40 rh_max=75 rh_min=50 hyst=12 rh_en=1 → step_rh=0 | resolved=0 (was cur_t=0 cur_rh=0)
[2026-05-14 06:49:08.708] [20020769][I][main.cpp:160] task_watchdog_heartbeat(): [GHC] T1 tick 39890  uptime 20020 s
[2026-05-14 06:49:12.813] [20024873][I][data_manager.cpp:229] read_rtc_and_seed_clock(): [T4] RTC: 2026-05-14 06:49:10 UTC  unix=1778741350  daytime=yes
[2026-05-14 06:49:13.726] [20025787][I][main.cpp:160] task_watchdog_heartbeat(): [GHC] T1 tick 39900  uptime 20025 s
[2026-05-14 06:49:18.744] [20030805][I][main.cpp:160] task_watchdog_heartbeat(): [GHC] T1 tick 39910  uptime 20030 s
[2026-05-14 06:49:23.762] [20035823][I][main.cpp:160] task_watchdog_heartbeat(): [GHC] T1 tick 39920  uptime 20035 s
[2026-05-14 06:49:28.780] [20040841][I][main.cpp:160] task_watchdog_heartbeat(): [GHC] T1 tick 39930  uptime 20040 s
[2026-05-14 06:49:33.798] [20045859][I][main.cpp:160] task_watchdog_heartbeat(): [GHC] T1 tick 39940  uptime 20045 s
[2026-05-14 06:49:37.826] [20049886][I][sensor_poll.cpp:359] task_sensor_poll(): [T5_SEN] [T5] iter 655 — woke from 30 s delay
[2026-05-14 06:49:37.835] [20049895][I][sensor_poll.cpp:395] task_sensor_poll(): [T5_SEN] [T5] iter 655 — polling FG6485A
[2026-05-14 06:49:37.865] [20049927][I][sensor_poll.cpp:432] task_sensor_poll(): [T5_SEN] [T5] iter 655 — polling S200
[2026-05-14 06:49:38.408] [20050465][I][sensor_poll.cpp:535] task_sensor_poll(): [T5_SEN] [T5] T=23°C RH=40% ws=0.0 m/s wd=0° | avg T=23 RH=40 ws=0.0 wd=0° [win T=12 RH=20 W=12]
[2026-05-14 06:49:38.428] [20050479][I][climate_control.cpp:434] task_climate_control(): [T6_CLI] [T6] T_avg=23 t_max=28 hyst=5 → step_t=0 | RH_avg=40 rh_max=75 rh_min=50 hyst=12 rh_en=1 → step_rh=0 | resolved=0 (was cur_t=0 cur_rh=0)
[2026-05-14 06:49:38.816] [20050877][I][main.cpp:160] task_watchdog_heartbeat(): [GHC] T1 tick 39950  uptime 20050 s
[2026-05-14 06:49:43.834] [20055895][I][main.cpp:160] task_watchdog_heartbeat(): [GHC] T1 tick 39960  uptime 20055 s
[2026-05-14 06:49:48.852] [20060913][I][main.cpp:160] task_watchdog_heartbeat(): [GHC] T1 tick 39970  uptime 20060 s
[2026-05-14 06:49:53.870] [20065931][I][main.cpp:160] task_watchdog_heartbeat(): [GHC] T1 tick 39980  uptime 20065 s
[2026-05-14 06:49:58.888] [20070949][I][main.cpp:160] task_watchdog_heartbeat(): [GHC] T1 tick 39990  uptime 20070 s
[2026-05-14 06:50:03.906] [20075967][I][main.cpp:160] task_watchdog_heartbeat(): [GHC] T1 tick 40000  uptime 20075 s
[2026-05-14 06:50:08.419] [20080479][I][sensor_poll.cpp:359] task_sensor_poll(): [T5_SEN] [T5] iter 656 — woke from 30 s delay
[2026-05-14 06:50:08.428] [20080488][I][sensor_poll.cpp:395] task_sensor_poll(): [T5_SEN] [T5] iter 656 — polling FG6485A
[2026-05-14 06:50:08.458] [20080520][I][sensor_poll.cpp:432] task_sensor_poll(): [T5_SEN] [T5] iter 656 — polling S200
[2026-05-14 06:50:08.924] [20080985][I][main.cpp:160] task_watchdog_heartbeat(): [GHC] T1 tick 40010  uptime 20080 s
[2026-05-14 06:50:09.003] [20081059][I][sensor_poll.cpp:535] task_sensor_poll(): [T5_SEN] [T5] T=23°C RH=40% ws=0.0 m/s wd=0° | avg T=23 RH=40 ws=0.0 wd=0° [win T=12 RH=20 W=12]
[2026-05-14 06:50:09.022] [20081073][I][climate_control.cpp:434] task_climate_control(): [T6_CLI] [T6] T_avg=23 t_max=28 hyst=5 → step_t=0 | RH_avg=40 rh_max=75 rh_min=50 hyst=12 rh_en=1 → step_rh=0 | resolved=0 (was cur_t=0 cur_rh=0)
[2026-05-14 06:50:12.000] [20084060][I][data_manager.cpp:229] read_rtc_and_seed_clock(): [T4] RTC: 2026-05-14 06:50:09 UTC  unix=1778741409  daytime=yes
[2026-05-14 06:50:13.942] [20086003][I][main.cpp:160] task_watchdog_heartbeat(): [GHC] T1 tick 40020  uptime 20086 s
[2026-05-14 06:50:18.960] [20091021][I][main.cpp:160] task_watchdog_heartbeat(): [GHC] T1 tick 40030  uptime 20091 s
[2026-05-14 06:50:23.979] [20096039][I][main.cpp:160] task_watchdog_heartbeat(): [GHC] T1 tick 40040  uptime 20096 s
[2026-05-14 06:50:28.996] [20101057][I][main.cpp:160] task_watchdog_heartbeat(): [GHC] T1 tick 40050  uptime 20101 s
[2026-05-14 06:50:34.015] [20106075][I][main.cpp:160] task_watchdog_heartbeat(): [GHC] T1 tick 40060  uptime 20106 s
[2026-05-14 06:50:39.013] [20111073][I][sensor_poll.cpp:359] task_sensor_poll(): [T5_SEN] [T5] iter 657 — woke from 30 s delay
[2026-05-14 06:50:39.022] [20111082][I][sensor_poll.cpp:395] task_sensor_poll(): [T5_SEN] [T5] iter 657 — polling FG6485A
[2026-05-14 06:50:39.032] [20111093][I][main.cpp:160] task_watchdog_heartbeat(): [GHC] T1 tick 40070  uptime 20111 s
[2026-05-14 06:50:39.172] [20111235][I][sensor_poll.cpp:432] task_sensor_poll(): [T5_SEN] [T5] iter 657 — polling S200
[2026-05-14 06:50:39.716] [20111773][I][sensor_poll.cpp:535] task_sensor_poll(): [T5_SEN] [T5] T=23°C RH=40% ws=0.0 m/s wd=0° | avg T=23 RH=40 ws=0.0 wd=0° [win T=12 RH=20 W=12]
[2026-05-14 06:50:39.736] [20111787][I][climate_control.cpp:434] task_climate_control(): [T6_CLI] [T6] T_avg=23 t_max=28 hyst=5 → step_t=0 | RH_avg=40 rh_max=75 rh_min=50 hyst=12 rh_en=1 → step_rh=0 | resolved=0 (was cur_t=0 cur_rh=0)
[2026-05-14 06:50:44.050] [20116111][I][main.cpp:160] task_watchdog_heartbeat(): [GHC] T1 tick 40080  uptime 20116 s
[2026-05-14 06:50:49.068] [20121129][I][main.cpp:160] task_watchdog_heartbeat(): [GHC] T1 tick 40090  uptime 20121 s
[2026-05-14 06:50:54.086] [20126147][I][main.cpp:160] task_watchdog_heartbeat(): [GHC] T1 tick 40100  uptime 20126 s
[2026-05-14 06:50:59.104] [20131165][I][main.cpp:160] task_watchdog_heartbeat(): [GHC] T1 tick 40110  uptime 20131 s
[2026-05-14 06:51:04.122] [20136183][I][main.cpp:160] task_watchdog_heartbeat(): [GHC] T1 tick 40120  uptime 20136 s
[2026-05-14 06:51:09.140] [20141201][I][main.cpp:160] task_watchdog_heartbeat(): [GHC] T1 tick 40130  uptime 20141 s
[2026-05-14 06:51:09.728] [20141787][I][sensor_poll.cpp:359] task_sensor_poll(): [T5_SEN] [T5] iter 658 — woke from 30 s delay
[2026-05-14 06:51:09.736] [20141796][I][sensor_poll.cpp:395] task_sensor_poll(): [T5_SEN] [T5] iter 658 — polling FG6485A
[2026-05-14 06:51:09.767] [20141829][I][sensor_poll.cpp:432] task_sensor_poll(): [T5_SEN] [T5] iter 658 — polling S200
[2026-05-14 06:51:10.311] [20142367][I][sensor_poll.cpp:535] task_sensor_poll(): [T5_SEN] [T5] T=23°C RH=40% ws=0.0 m/s wd=0° | avg T=23 RH=40 ws=0.0 wd=0° [win T=12 RH=20 W=12]
[2026-05-14 06:51:10.331] [20142381][I][climate_control.cpp:434] task_climate_control(): [T6_CLI] [T6] T_avg=23 t_max=28 hyst=5 → step_t=0 | RH_avg=40 rh_max=75 rh_min=50 hyst=12 rh_en=1 → step_rh=0 | resolved=0 (was cur_t=0 cur_rh=0)
[2026-05-14 06:51:11.309] [20143368][I][data_manager.cpp:229] read_rtc_and_seed_clock(): [T4] RTC: 2026-05-14 06:51:08 UTC  unix=1778741468  daytime=yes
[2026-05-14 06:51:14.158] [20146219][I][main.cpp:160] task_watchdog_heartbeat(): [GHC] T1 tick 40140  uptime 20146 s
[2026-05-14 06:51:19.176] [20151237][I][main.cpp:160] task_watchdog_heartbeat(): [GHC] T1 tick 40150  uptime 20151 s
[2026-05-14 06:51:24.194] [20156255][I][main.cpp:160] task_watchdog_heartbeat(): [GHC] T1 tick 40160  uptime 20156 s
[2026-05-14 06:51:29.212] [20161273][I][main.cpp:160] task_watchdog_heartbeat(): [GHC] T1 tick 40170  uptime 20161 s
[2026-05-14 06:51:34.230] [20166291][I][main.cpp:160] task_watchdog_heartbeat(): [GHC] T1 tick 40180  uptime 20166 s
[2026-05-14 06:51:39.249] [20171309][I][main.cpp:160] task_watchdog_heartbeat(): [GHC] T1 tick 40190  uptime 20171 s
[2026-05-14 06:51:40.322] [20172381][I][sensor_poll.cpp:359] task_sensor_poll(): [T5_SEN] [T5] iter 659 — woke from 30 s delay
[2026-05-14 06:51:40.330] [20172390][I][sensor_poll.cpp:395] task_sensor_poll(): [T5_SEN] [T5] iter 659 — polling FG6485A
[2026-05-14 06:51:40.360] [20172422][I][sensor_poll.cpp:432] task_sensor_poll(): [T5_SEN] [T5] iter 659 — polling S200
[2026-05-14 06:51:40.905] [20172961][I][sensor_poll.cpp:535] task_sensor_poll(): [T5_SEN] [T5] T=23°C RH=40% ws=0.0 m/s wd=0° | avg T=23 RH=40 ws=0.0 wd=0° [win T=12 RH=20 W=12]
[2026-05-14 06:51:40.925] [20172975][I][climate_control.cpp:434] task_climate_control(): [T6_CLI] [T6] T_avg=23 t_max=28 hyst=5 → step_t=0 | RH_avg=40 rh_max=75 rh_min=50 hyst=12 rh_en=1 → step_rh=0 | resolved=0 (was cur_t=0 cur_rh=0)
[2026-05-14 06:51:44.266] [20176327][I][main.cpp:160] task_watchdog_heartbeat(): [GHC] T1 tick 40200  uptime 20176 s
[2026-05-14 06:51:49.285] [20181345][I][main.cpp:160] task_watchdog_heartbeat(): [GHC] T1 tick 40210  uptime 20181 s
[2026-05-14 06:51:54.303] [20186363][I][main.cpp:160] task_watchdog_heartbeat(): [GHC] T1 tick 40220  uptime 20186 s
[2026-05-14 06:51:59.321] [20191381][I][main.cpp:160] task_watchdog_heartbeat(): [GHC] T1 tick 40230  uptime 20191 s
[2026-05-14 06:52:04.339] [20196399][I][main.cpp:160] task_watchdog_heartbeat(): [GHC] T1 tick 40240  uptime 20196 s
[2026-05-14 06:52:09.357] [20201417][I][main.cpp:160] task_watchdog_heartbeat(): [GHC] T1 tick 40250  uptime 20201 s
[2026-05-14 06:52:10.903] [20202962][I][data_manager.cpp:229] read_rtc_and_seed_clock(): [T4] RTC: 2026-05-14 06:52:08 UTC  unix=1778741528  daytime=yes
[2026-05-14 06:52:10.916] [20202975][I][sensor_poll.cpp:359] task_sensor_poll(): [T5_SEN] [T5] iter 660 — woke from 30 s delay
[2026-05-14 06:52:10.924] [20202984][I][sensor_poll.cpp:395] task_sensor_poll(): [T5_SEN] [T5] iter 660 — polling FG6485A
[2026-05-14 06:52:10.955] [20203016][I][sensor_poll.cpp:432] task_sensor_poll(): [T5_SEN] [T5] iter 660 — polling S200
[2026-05-14 06:52:11.499] [20203555][I][sensor_poll.cpp:535] task_sensor_poll(): [T5_SEN] [T5] T=23°C RH=40% ws=0.0 m/s wd=0° | avg T=23 RH=40 ws=0.0 wd=0° [win T=12 RH=20 W=12]
[2026-05-14 06:52:11.519] [20203569][I][climate_control.cpp:434] task_climate_control(): [T6_CLI] [T6] T_avg=23 t_max=28 hyst=5 → step_t=0 | RH_avg=40 rh_max=75 rh_min=50 hyst=12 rh_en=1 → step_rh=0 | resolved=0 (was cur_t=0 cur_rh=0)
[2026-05-14 06:52:14.375] [20206435][I][main.cpp:160] task_watchdog_heartbeat(): [GHC] T1 tick 40260  uptime 20206 s
[2026-05-14 06:52:19.393] [20211453][I][main.cpp:160] task_watchdog_heartbeat(): [GHC] T1 tick 40270  uptime 20211 s
[2026-05-14 06:52:24.411] [20216471][I][main.cpp:160] task_watchdog_heartbeat(): [GHC] T1 tick 40280  uptime 20216 s
[2026-05-14 06:52:29.429] [20221489][I][main.cpp:160] task_watchdog_heartbeat(): [GHC] T1 tick 40290  uptime 20221 s
[2026-05-14 06:52:34.447] [20226507][I][main.cpp:160] task_watchdog_heartbeat(): [GHC] T1 tick 40300  uptime 20226 s
[2026-05-14 06:52:39.465] [20231525][I][main.cpp:160] task_watchdog_heartbeat(): [GHC] T1 tick 40310  uptime 20231 s
[2026-05-14 06:52:41.510] [20233569][I][sensor_poll.cpp:359] task_sensor_poll(): [T5_SEN] [T5] iter 661 — woke from 30 s delay
[2026-05-14 06:52:41.518] [20233578][I][sensor_poll.cpp:395] task_sensor_poll(): [T5_SEN] [T5] iter 661 — polling FG6485A
[2026-05-14 06:52:41.549] [20233611][I][sensor_poll.cpp:432] task_sensor_poll(): [T5_SEN] [T5] iter 661 — polling S200
[2026-05-14 06:52:42.093] [20234149][I][sensor_poll.cpp:535] task_sensor_poll(): [T5_SEN] [T5] T=23°C RH=40% ws=0.0 m/s wd=0° | avg T=23 RH=40 ws=0.0 wd=0° [win T=12 RH=20 W=12]
[2026-05-14 06:52:42.113] [20234163][I][climate_control.cpp:434] task_climate_control(): [T6_CLI] [T6] T_avg=23 t_max=28 hyst=5 → step_t=0 | RH_avg=40 rh_max=75 rh_min=50 hyst=12 rh_en=1 → step_rh=0 | resolved=0 (was cur_t=0 cur_rh=0)
[2026-05-14 06:52:44.483] [20236543][I][main.cpp:160] task_watchdog_heartbeat(): [GHC] T1 tick 40320  uptime 20236 s
[2026-05-14 06:52:49.501] [20241561][I][main.cpp:160] task_watchdog_heartbeat(): [GHC] T1 tick 40330  uptime 20241 s
[2026-05-14 06:52:54.519] [20246579][I][main.cpp:160] task_watchdog_heartbeat(): [GHC] T1 tick 40340  uptime 20246 s
[2026-05-14 06:52:59.537] [20251597][I][main.cpp:160] task_watchdog_heartbeat(): [GHC] T1 tick 40350  uptime 20251 s
[2026-05-14 06:53:04.555] [20256615][I][main.cpp:160] task_watchdog_heartbeat(): [GHC] T1 tick 40360  uptime 20256 s
[2026-05-14 06:53:09.573] [20261633][I][main.cpp:160] task_watchdog_heartbeat(): [GHC] T1 tick 40370  uptime 20261 s
[2026-05-14 06:53:10.091] [20262150][I][data_manager.cpp:229] read_rtc_and_seed_clock(): [T4] RTC: 2026-05-14 06:53:07 UTC  unix=1778741587  daytime=yes
[2026-05-14 06:53:12.104] [20264163][I][sensor_poll.cpp:359] task_sensor_poll(): [T5_SEN] [T5] iter 662 — woke from 30 s delay
[2026-05-14 06:53:12.113] [20264172][I][sensor_poll.cpp:395] task_sensor_poll(): [T5_SEN] [T5] iter 662 — polling FG6485A
[2026-05-14 06:53:12.144] [20264205][I][sensor_poll.cpp:432] task_sensor_poll(): [T5_SEN] [T5] iter 662 — polling S200
[2026-05-14 06:53:12.687] [20264743][I][sensor_poll.cpp:535] task_sensor_poll(): [T5_SEN] [T5] T=23°C RH=40% ws=0.0 m/s wd=0° | avg T=23 RH=40 ws=0.0 wd=0° [win T=12 RH=20 W=12]
[2026-05-14 06:53:12.707] [20264757][I][climate_control.cpp:434] task_climate_control(): [T6_CLI] [T6] T_avg=23 t_max=28 hyst=5 → step_t=0 | RH_avg=40 rh_max=75 rh_min=50 hyst=12 rh_en=1 → step_rh=0 | resolved=0 (was cur_t=0 cur_rh=0)
[2026-05-14 06:53:14.591] [20266651][I][main.cpp:160] task_watchdog_heartbeat(): [GHC] T1 tick 40380  uptime 20266 s
[2026-05-14 06:53:19.609] [20271669][I][main.cpp:160] task_watchdog_heartbeat(): [GHC] T1 tick 40390  uptime 20271 s
[2026-05-14 06:53:24.627] [20276687][I][main.cpp:160] task_watchdog_heartbeat(): [GHC] T1 tick 40400  uptime 20276 s
[2026-05-14 06:53:29.645] [20281705][I][main.cpp:160] task_watchdog_heartbeat(): [GHC] T1 tick 40410  uptime 20281 s
[2026-05-14 06:53:34.663] [20286723][I][main.cpp:160] task_watchdog_heartbeat(): [GHC] T1 tick 40420  uptime 20286 s
[2026-05-14 06:53:39.681] [20291741][I][main.cpp:160] task_watchdog_heartbeat(): [GHC] T1 tick 40430  uptime 20291 s
[2026-05-14 06:53:42.698] [20294757][I][sensor_poll.cpp:359] task_sensor_poll(): [T5_SEN] [T5] iter 663 — woke from 30 s delay
[2026-05-14 06:53:42.707] [20294766][I][sensor_poll.cpp:395] task_sensor_poll(): [T5_SEN] [T5] iter 663 — polling FG6485A
[2026-05-14 06:53:42.737] [20294798][I][sensor_poll.cpp:432] task_sensor_poll(): [T5_SEN] [T5] iter 663 — polling S200
[2026-05-14 06:53:43.281] [20295337][I][sensor_poll.cpp:535] task_sensor_poll(): [T5_SEN] [T5] T=23°C RH=40% ws=0.0 m/s wd=0° | avg T=23 RH=40 ws=0.0 wd=0° [win T=12 RH=20 W=12]
[2026-05-14 06:53:43.301] [20295351][I][climate_control.cpp:434] task_climate_control(): [T6_CLI] [T6] T_avg=23 t_max=28 hyst=5 → step_t=0 | RH_avg=40 rh_max=75 rh_min=50 hyst=12 rh_en=1 → step_rh=0 | resolved=0 (was cur_t=0 cur_rh=0)
[2026-05-14 06:53:44.699] [20296759][I][main.cpp:160] task_watchdog_heartbeat(): [GHC] T1 tick 40440  uptime 20296 s
[2026-05-14 06:53:49.717] [20301777][I][main.cpp:160] task_watchdog_heartbeat(): [GHC] T1 tick 40450  uptime 20301 s
[2026-05-14 06:53:54.735] [20306795][I][main.cpp:160] task_watchdog_heartbeat(): [GHC] T1 tick 40460  uptime 20306 s
[2026-05-14 06:53:59.753] [20311813][I][main.cpp:160] task_watchdog_heartbeat(): [GHC] T1 tick 40470  uptime 20311 s
[2026-05-14 06:54:04.771] [20316831][I][main.cpp:160] task_watchdog_heartbeat(): [GHC] T1 tick 40480  uptime 20316 s
[2026-05-14 06:54:09.280] [20321338][I][data_manager.cpp:229] read_rtc_and_seed_clock(): [T4] RTC: 2026-05-14 06:54:06 UTC  unix=1778741646  daytime=yes
[2026-05-14 06:54:09.789] [20321849][I][main.cpp:160] task_watchdog_heartbeat(): [GHC] T1 tick 40490  uptime 20321 s
[2026-05-14 06:54:13.292] [20325351][I][sensor_poll.cpp:359] task_sensor_poll(): [T5_SEN] [T5] iter 664 — woke from 30 s delay
[2026-05-14 06:54:13.301] [20325360][I][sensor_poll.cpp:395] task_sensor_poll(): [T5_SEN] [T5] iter 664 — polling FG6485A
[2026-05-14 06:54:13.331] [20325392][I][sensor_poll.cpp:432] task_sensor_poll(): [T5_SEN] [T5] iter 664 — polling S200
[2026-05-14 06:54:13.876] [20325931][I][sensor_poll.cpp:535] task_sensor_poll(): [T5_SEN] [T5] T=23°C RH=40% ws=0.0 m/s wd=0° | avg T=23 RH=40 ws=0.0 wd=0° [win T=12 RH=20 W=12]
[2026-05-14 06:54:13.896] [20325945][I][climate_control.cpp:434] task_climate_control(): [T6_CLI] [T6] T_avg=23 t_max=28 hyst=5 → step_t=0 | RH_avg=40 rh_max=75 rh_min=50 hyst=12 rh_en=1 → step_rh=0 | resolved=0 (was cur_t=0 cur_rh=0)
[2026-05-14 06:54:14.807] [20326867][I][main.cpp:160] task_watchdog_heartbeat(): [GHC] T1 tick 40500  uptime 20326 s
[2026-05-14 06:54:19.825] [20331885][I][main.cpp:160] task_watchdog_heartbeat(): [GHC] T1 tick 40510  uptime 20331 s
[2026-05-14 06:54:24.843] [20336903][I][main.cpp:160] task_watchdog_heartbeat(): [GHC] T1 tick 40520  uptime 20336 s
[2026-05-14 06:54:29.862] [20341921][I][main.cpp:160] task_watchdog_heartbeat(): [GHC] T1 tick 40530  uptime 20341 s
[2026-05-14 06:54:34.880] [20346939][I][main.cpp:160] task_watchdog_heartbeat(): [GHC] T1 tick 40540  uptime 20346 s
[2026-05-14 06:54:39.898] [20351957][I][main.cpp:160] task_watchdog_heartbeat(): [GHC] T1 tick 40550  uptime 20351 s
[2026-05-14 06:54:43.887] [20355945][I][sensor_poll.cpp:359] task_sensor_poll(): [T5_SEN] [T5] iter 665 — woke from 30 s delay
[2026-05-14 06:54:43.895] [20355954][I][sensor_poll.cpp:395] task_sensor_poll(): [T5_SEN] [T5] iter 665 — polling FG6485A
[2026-05-14 06:54:43.926] [20355987][I][sensor_poll.cpp:432] task_sensor_poll(): [T5_SEN] [T5] iter 665 — polling S200
[2026-05-14 06:54:44.470] [20356525][I][sensor_poll.cpp:535] task_sensor_poll(): [T5_SEN] [T5] T=23°C RH=40% ws=0.0 m/s wd=0° | avg T=23 RH=40 ws=0.0 wd=0° [win T=12 RH=20 W=12]
[2026-05-14 06:54:44.490] [20356539][I][climate_control.cpp:434] task_climate_control(): [T6_CLI] [T6] T_avg=23 t_max=28 hyst=5 → step_t=0 | RH_avg=40 rh_max=75 rh_min=50 hyst=12 rh_en=1 → step_rh=0 | resolved=0 (was cur_t=0 cur_rh=0)
[2026-05-14 06:54:44.916] [20356975][I][main.cpp:160] task_watchdog_heartbeat(): [GHC] T1 tick 40560  uptime 20356 s
[2026-05-14 06:54:49.934] [20361993][I][main.cpp:160] task_watchdog_heartbeat(): [GHC] T1 tick 40570  uptime 20361 s
[2026-05-14 06:54:54.952] [20367011][I][main.cpp:160] task_watchdog_heartbeat(): [GHC] T1 tick 40580  uptime 20367 s
[2026-05-14 06:54:59.970] [20372029][I][main.cpp:160] task_watchdog_heartbeat(): [GHC] T1 tick 40590  uptime 20372 s
[2026-05-14 06:55:04.988] [20377047][I][main.cpp:160] task_watchdog_heartbeat(): [GHC] T1 tick 40600  uptime 20377 s
[2026-05-14 06:55:08.467] [20380526][I][data_manager.cpp:229] read_rtc_and_seed_clock(): [T4] RTC: 2026-05-14 06:55:06 UTC  unix=1778741706  daytime=yes
[2026-05-14 06:55:10.006] [20382065][I][main.cpp:160] task_watchdog_heartbeat(): [GHC] T1 tick 40610  uptime 20382 s
[2026-05-14 06:55:14.481] [20386539][I][sensor_poll.cpp:359] task_sensor_poll(): [T5_SEN] [T5] iter 666 — woke from 30 s delay
[2026-05-14 06:55:14.489] [20386548][I][sensor_poll.cpp:395] task_sensor_poll(): [T5_SEN] [T5] iter 666 — polling FG6485A
[2026-05-14 06:55:14.520] [20386581][I][sensor_poll.cpp:432] task_sensor_poll(): [T5_SEN] [T5] iter 666 — polling S200
[2026-05-14 06:55:15.020] [20387080][I][main.cpp:160] task_watchdog_heartbeat(): [GHC] T1 tick 40620  uptime 20387 s
[2026-05-14 06:55:15.063] [20387119][I][sensor_poll.cpp:535] task_sensor_poll(): [T5_SEN] [T5] T=23°C RH=40% ws=0.0 m/s wd=0° | avg T=23 RH=40 ws=0.0 wd=0° [win T=12 RH=20 W=12]
[2026-05-14 06:55:15.084] [20387133][I][climate_control.cpp:434] task_climate_control(): [T6_CLI] [T6] T_avg=23 t_max=28 hyst=5 → step_t=0 | RH_avg=40 rh_max=75 rh_min=50 hyst=12 rh_en=1 → step_rh=0 | resolved=0 (was cur_t=0 cur_rh=0)
[2026-05-14 06:55:20.039] [20392098][I][main.cpp:160] task_watchdog_heartbeat(): [GHC] T1 tick 40630  uptime 20392 s
[2026-05-14 06:55:25.057] [20397116][I][main.cpp:160] task_watchdog_heartbeat(): [GHC] T1 tick 40640  uptime 20397 s
[2026-05-14 06:55:30.074] [20402134][I][main.cpp:160] task_watchdog_heartbeat(): [GHC] T1 tick 40650  uptime 20402 s
[2026-05-14 06:55:35.092] [20407152][I][main.cpp:160] task_watchdog_heartbeat(): [GHC] T1 tick 40660  uptime 20407 s
[2026-05-14 06:55:40.110] [20412170][I][main.cpp:160] task_watchdog_heartbeat(): [GHC] T1 tick 40670  uptime 20412 s
[2026-05-14 06:55:45.075] [20417133][I][sensor_poll.cpp:359] task_sensor_poll(): [T5_SEN] [T5] iter 667 — woke from 30 s delay
[2026-05-14 06:55:45.083] [20417142][I][sensor_poll.cpp:395] task_sensor_poll(): [T5_SEN] [T5] iter 667 — polling FG6485A
[2026-05-14 06:55:45.114] [20417174][I][sensor_poll.cpp:432] task_sensor_poll(): [T5_SEN] [T5] iter 667 — polling S200
[2026-05-14 06:55:45.129] [20417188][I][main.cpp:160] task_watchdog_heartbeat(): [GHC] T1 tick 40680  uptime 20417 s
[2026-05-14 06:55:45.663] [20417718][I][sensor_poll.cpp:535] task_sensor_poll(): [T5_SEN] [T5] T=23°C RH=40% ws=0.0 m/s wd=0° | avg T=23 RH=40 ws=0.0 wd=0° [win T=12 RH=20 W=12]
[2026-05-14 06:55:45.683] [20417732][I][climate_control.cpp:434] task_climate_control(): [T6_CLI] [T6] T_avg=23 t_max=28 hyst=5 → step_t=0 | RH_avg=40 rh_max=75 rh_min=50 hyst=12 rh_en=1 → step_rh=0 | resolved=0 (was cur_t=0 cur_rh=0)
[2026-05-14 06:55:50.146] [20422206][I][main.cpp:160] task_watchdog_heartbeat(): [GHC] T1 tick 40690  uptime 20422 s
[2026-05-14 06:55:55.165] [20427224][I][main.cpp:160] task_watchdog_heartbeat(): [GHC] T1 tick 40700  uptime 20427 s
[2026-05-14 06:56:00.183] [20432242][I][main.cpp:160] task_watchdog_heartbeat(): [GHC] T1 tick 40710  uptime 20432 s
[2026-05-14 06:56:05.201] [20437260][I][main.cpp:160] task_watchdog_heartbeat(): [GHC] T1 tick 40720  uptime 20437 s
[2026-05-14 06:56:07.661] [20439719][I][data_manager.cpp:229] read_rtc_and_seed_clock(): [T4] RTC: 2026-05-14 06:56:05 UTC  unix=1778741765  daytime=yes
[2026-05-14 06:56:10.219] [20442278][I][main.cpp:160] task_watchdog_heartbeat(): [GHC] T1 tick 40730  uptime 20442 s
[2026-05-14 06:56:15.237] [20447296][I][main.cpp:160] task_watchdog_heartbeat(): [GHC] T1 tick 40740  uptime 20447 s
[2026-05-14 06:56:15.674] [20447732][I][sensor_poll.cpp:359] task_sensor_poll(): [T5_SEN] [T5] iter 668 — woke from 30 s delay
[2026-05-14 06:56:15.682] [20447741][I][sensor_poll.cpp:395] task_sensor_poll(): [T5_SEN] [T5] iter 668 — polling FG6485A
[2026-05-14 06:56:15.713] [20447773][I][sensor_poll.cpp:432] task_sensor_poll(): [T5_SEN] [T5] iter 668 — polling S200
[2026-05-14 06:56:16.257] [20448312][I][sensor_poll.cpp:535] task_sensor_poll(): [T5_SEN] [T5] T=23°C RH=40% ws=0.0 m/s wd=0° | avg T=23 RH=40 ws=0.0 wd=0° [win T=12 RH=20 W=12]
[2026-05-14 06:56:16.277] [20448326][I][climate_control.cpp:434] task_climate_control(): [T6_CLI] [T6] T_avg=23 t_max=28 hyst=5 → step_t=0 | RH_avg=40 rh_max=75 rh_min=50 hyst=12 rh_en=1 → step_rh=0 | resolved=0 (was cur_t=0 cur_rh=0)
[2026-05-14 06:56:20.255] [20452314][I][main.cpp:160] task_watchdog_heartbeat(): [GHC] T1 tick 40750  uptime 20452 s
[2026-05-14 06:56:25.273] [20457332][I][main.cpp:160] task_watchdog_heartbeat(): [GHC] T1 tick 40760  uptime 20457 s
[2026-05-14 06:56:30.291] [20462350][I][main.cpp:160] task_watchdog_heartbeat(): [GHC] T1 tick 40770  uptime 20462 s
[2026-05-14 06:56:35.309] [20467368][I][main.cpp:160] task_watchdog_heartbeat(): [GHC] T1 tick 40780  uptime 20467 s
[2026-05-14 06:56:40.327] [20472386][I][main.cpp:160] task_watchdog_heartbeat(): [GHC] T1 tick 40790  uptime 20472 s
[2026-05-14 06:56:45.344] [20477404][I][main.cpp:160] task_watchdog_heartbeat(): [GHC] T1 tick 40800  uptime 20477 s
[2026-05-14 06:56:45.352] [20477412][I][main.cpp:231] task_watchdog_heartbeat(): [GHC] stack T1  hwm=1980 B
[2026-05-14 06:56:45.360] [20477420][I][main.cpp:231] task_watchdog_heartbeat(): [GHC] stack T2  hwm=6196 B
[2026-05-14 06:56:45.367] [20477427][I][main.cpp:231] task_watchdog_heartbeat(): [GHC] stack T3  hwm=1980 B
[2026-05-14 06:56:45.375] [20477435][I][main.cpp:231] task_watchdog_heartbeat(): [GHC] stack T4  hwm=3956 B
[2026-05-14 06:56:45.381] [20477442][I][main.cpp:231] task_watchdog_heartbeat(): [GHC] stack T5  hwm=4260 B
[2026-05-14 06:56:45.389] [20477449][I][main.cpp:231] task_watchdog_heartbeat(): [GHC] stack T6  hwm=1604 B
[2026-05-14 06:56:45.398] [20477457][I][main.cpp:231] task_watchdog_heartbeat(): [GHC] stack T7  hwm=2472 B
[2026-05-14 06:56:45.404] [20477464][I][main.cpp:231] task_watchdog_heartbeat(): [GHC] stack T8  hwm=5940 B
[2026-05-14 06:56:45.412] [20477472][I][main.cpp:231] task_watchdog_heartbeat(): [GHC] stack T9  hwm=2532 B
[2026-05-14 06:56:45.418] [20477479][I][main.cpp:231] task_watchdog_heartbeat(): [GHC] stack T10 hwm=5636 B
[2026-05-14 06:56:45.427] [20477487][I][main.cpp:231] task_watchdog_heartbeat(): [GHC] stack T11 hwm=5508 B
[2026-05-14 06:56:45.433] [20477494][I][main.cpp:231] task_watchdog_heartbeat(): [GHC] stack T12 hwm=7508 B
[2026-05-14 06:56:45.442] [20477502][I][main.cpp:231] task_watchdog_heartbeat(): [GHC] stack T14 hwm=7732 B
[2026-05-14 06:56:46.268] [20478326][I][sensor_poll.cpp:359] task_sensor_poll(): [T5_SEN] [T5] iter 669 — woke from 30 s delay
[2026-05-14 06:56:46.277] [20478335][I][sensor_poll.cpp:395] task_sensor_poll(): [T5_SEN] [T5] iter 669 — polling FG6485A
[2026-05-14 06:56:46.307] [20478368][I][sensor_poll.cpp:432] task_sensor_poll(): [T5_SEN] [T5] iter 669 — polling S200
[2026-05-14 06:56:46.851] [20478906][I][sensor_poll.cpp:535] task_sensor_poll(): [T5_SEN] [T5] T=23°C RH=40% ws=0.0 m/s wd=0° | avg T=23 RH=40 ws=0.0 wd=0° [win T=12 RH=20 W=12]
[2026-05-14 06:56:46.871] [20478920][I][climate_control.cpp:434] task_climate_control(): [T6_CLI] [T6] T_avg=23 t_max=28 hyst=5 → step_t=0 | RH_avg=40 rh_max=75 rh_min=50 hyst=12 rh_en=1 → step_rh=0 | resolved=0 (was cur_t=0 cur_rh=0)
[2026-05-14 06:56:50.460] [20482519][I][main.cpp:160] task_watchdog_heartbeat(): [GHC] T1 tick 40810  uptime 20482 s
[2026-05-14 06:56:55.478] [20487537][I][main.cpp:160] task_watchdog_heartbeat(): [GHC] T1 tick 40820  uptime 20487 s
[2026-05-14 06:57:00.496] [20492555][I][main.cpp:160] task_watchdog_heartbeat(): [GHC] T1 tick 40830  uptime 20492 s
[2026-05-14 06:57:05.514] [20497573][I][main.cpp:160] task_watchdog_heartbeat(): [GHC] T1 tick 40840  uptime 20497 s
[2026-05-14 06:57:06.849] [20498907][I][data_manager.cpp:229] read_rtc_and_seed_clock(): [T4] RTC: 2026-05-14 06:57:04 UTC  unix=1778741824  daytime=yes
[2026-05-14 06:57:10.523] [20502582][I][main.cpp:160] task_watchdog_heartbeat(): [GHC] T1 tick 40850  uptime 20502 s
[2026-05-14 06:57:15.540] [20507599][I][main.cpp:160] task_watchdog_heartbeat(): [GHC] T1 tick 40860  uptime 20507 s
[2026-05-14 06:57:16.862] [20508920][I][sensor_poll.cpp:359] task_sensor_poll(): [T5_SEN] [T5] iter 670 — woke from 30 s delay
[2026-05-14 06:57:16.871] [20508929][I][sensor_poll.cpp:395] task_sensor_poll(): [T5_SEN] [T5] iter 670 — polling FG6485A
[2026-05-14 06:57:16.902] [20508962][I][sensor_poll.cpp:432] task_sensor_poll(): [T5_SEN] [T5] iter 670 — polling S200
[2026-05-14 06:57:17.445] [20509500][I][sensor_poll.cpp:535] task_sensor_poll(): [T5_SEN] [T5] T=23°C RH=40% ws=0.0 m/s wd=0° | avg T=23 RH=40 ws=0.0 wd=0° [win T=12 RH=20 W=12]
[2026-05-14 06:57:17.465] [20509514][I][climate_control.cpp:434] task_climate_control(): [T6_CLI] [T6] T_avg=23 t_max=28 hyst=5 → step_t=0 | RH_avg=40 rh_max=75 rh_min=50 hyst=12 rh_en=1 → step_rh=0 | resolved=0 (was cur_t=0 cur_rh=0)
[2026-05-14 06:57:20.558] [20512617][I][main.cpp:160] task_watchdog_heartbeat(): [GHC] T1 tick 40870  uptime 20512 s
[2026-05-14 06:57:25.576] [20517635][I][main.cpp:160] task_watchdog_heartbeat(): [GHC] T1 tick 40880  uptime 20517 s
[2026-05-14 06:57:30.594] [20522653][I][main.cpp:160] task_watchdog_heartbeat(): [GHC] T1 tick 40890  uptime 20522 s
[2026-05-14 06:57:35.612] [20527671][I][main.cpp:160] task_watchdog_heartbeat(): [GHC] T1 tick 40900  uptime 20527 s
[2026-05-14 06:57:40.630] [20532689][I][main.cpp:160] task_watchdog_heartbeat(): [GHC] T1 tick 40910  uptime 20532 s
[2026-05-14 06:57:45.648] [20537707][I][main.cpp:160] task_watchdog_heartbeat(): [GHC] T1 tick 40920  uptime 20537 s
[2026-05-14 06:57:47.456] [20539514][I][sensor_poll.cpp:359] task_sensor_poll(): [T5_SEN] [T5] iter 671 — woke from 30 s delay
[2026-05-14 06:57:47.465] [20539523][I][sensor_poll.cpp:395] task_sensor_poll(): [T5_SEN] [T5] iter 671 — polling FG6485A
[2026-05-14 06:57:47.495] [20539555][I][sensor_poll.cpp:432] task_sensor_poll(): [T5_SEN] [T5] iter 671 — polling S200
[2026-05-14 06:57:48.040] [20540094][I][sensor_poll.cpp:535] task_sensor_poll(): [T5_SEN] [T5] T=23°C RH=40% ws=0.0 m/s wd=0° | avg T=23 RH=40 ws=0.0 wd=0° [win T=12 RH=20 W=12]
[2026-05-14 06:57:48.060] [20540108][I][climate_control.cpp:434] task_climate_control(): [T6_CLI] [T6] T_avg=23 t_max=28 hyst=5 → step_t=0 | RH_avg=40 rh_max=75 rh_min=50 hyst=12 rh_en=1 → step_rh=0 | resolved=0 (was cur_t=0 cur_rh=0)
[2026-05-14 06:57:50.666] [20542725][I][main.cpp:160] task_watchdog_heartbeat(): [GHC] T1 tick 40930  uptime 20542 s
[2026-05-14 06:57:55.684] [20547743][I][main.cpp:160] task_watchdog_heartbeat(): [GHC] T1 tick 40940  uptime 20547 s
[2026-05-14 06:58:00.702] [20552761][I][main.cpp:160] task_watchdog_heartbeat(): [GHC] T1 tick 40950  uptime 20552 s
[2026-05-14 06:58:05.721] [20557779][I][main.cpp:160] task_watchdog_heartbeat(): [GHC] T1 tick 40960  uptime 20557 s
[2026-05-14 06:58:06.038] [20558095][I][data_manager.cpp:229] read_rtc_and_seed_clock(): [T4] RTC: 2026-05-14 06:58:03 UTC  unix=1778741883  daytime=yes
[2026-05-14 06:58:10.739] [20562797][I][main.cpp:160] task_watchdog_heartbeat(): [GHC] T1 tick 40970  uptime 20562 s
[2026-05-14 06:58:15.757] [20567815][I][main.cpp:160] task_watchdog_heartbeat(): [GHC] T1 tick 40980  uptime 20567 s
[2026-05-14 06:58:18.050] [20570108][I][sensor_poll.cpp:359] task_sensor_poll(): [T5_SEN] [T5] iter 672 — woke from 30 s delay
[2026-05-14 06:58:18.059] [20570117][I][sensor_poll.cpp:395] task_sensor_poll(): [T5_SEN] [T5] iter 672 — polling FG6485A
[2026-05-14 06:58:18.089] [20570149][I][sensor_poll.cpp:432] task_sensor_poll(): [T5_SEN] [T5] iter 672 — polling S200
[2026-05-14 06:58:18.634] [20570688][I][sensor_poll.cpp:535] task_sensor_poll(): [T5_SEN] [T5] T=23°C RH=40% ws=0.0 m/s wd=0° | avg T=23 RH=40 ws=0.0 wd=0° [win T=12 RH=20 W=12]
[2026-05-14 06:58:18.654] [20570702][I][climate_control.cpp:434] task_climate_control(): [T6_CLI] [T6] T_avg=23 t_max=28 hyst=5 → step_t=0 | RH_avg=40 rh_max=75 rh_min=50 hyst=12 rh_en=1 → step_rh=0 | resolved=0 (was cur_t=0 cur_rh=0)
[2026-05-14 06:58:20.775] [20572833][I][main.cpp:160] task_watchdog_heartbeat(): [GHC] T1 tick 40990  uptime 20572 s
[2026-05-14 06:58:25.793] [20577851][I][main.cpp:160] task_watchdog_heartbeat(): [GHC] T1 tick 41000  uptime 20577 s
[2026-05-14 06:58:30.811] [20582869][I][main.cpp:160] task_watchdog_heartbeat(): [GHC] T1 tick 41010  uptime 20582 s
[2026-05-14 06:58:35.829] [20587887][I][main.cpp:160] task_watchdog_heartbeat(): [GHC] T1 tick 41020  uptime 20587 s
[2026-05-14 06:58:40.847] [20592905][I][main.cpp:160] task_watchdog_heartbeat(): [GHC] T1 tick 41030  uptime 20592 s
[2026-05-14 06:58:45.865] [20597923][I][main.cpp:160] task_watchdog_heartbeat(): [GHC] T1 tick 41040  uptime 20597 s
[2026-05-14 06:58:48.645] [20600702][I][sensor_poll.cpp:359] task_sensor_poll(): [T5_SEN] [T5] iter 673 — woke from 30 s delay
[2026-05-14 06:58:48.653] [20600711][I][sensor_poll.cpp:395] task_sensor_poll(): [T5_SEN] [T5] iter 673 — polling FG6485A
[2026-05-14 06:58:48.684] [20600744][I][sensor_poll.cpp:432] task_sensor_poll(): [T5_SEN] [T5] iter 673 — polling S200
[2026-05-14 06:58:49.227] [20601282][I][sensor_poll.cpp:535] task_sensor_poll(): [T5_SEN] [T5] T=23°C RH=40% ws=0.0 m/s wd=0° | avg T=23 RH=40 ws=0.0 wd=0° [win T=12 RH=20 W=12]
[2026-05-14 06:58:49.248] [20601296][I][climate_control.cpp:434] task_climate_control(): [T6_CLI] [T6] T_avg=23 t_max=28 hyst=5 → step_t=0 | RH_avg=40 rh_max=75 rh_min=50 hyst=12 rh_en=1 → step_rh=0 | resolved=0 (was cur_t=0 cur_rh=0)
[2026-05-14 06:58:50.883] [20602941][I][main.cpp:160] task_watchdog_heartbeat(): [GHC] T1 tick 41050  uptime 20602 s
[2026-05-14 06:58:55.901] [20607959][I][main.cpp:160] task_watchdog_heartbeat(): [GHC] T1 tick 41060  uptime 20607 s
[2026-05-14 06:59:00.919] [20612977][I][main.cpp:160] task_watchdog_heartbeat(): [GHC] T1 tick 41070  uptime 20612 s
[2026-05-14 06:59:05.226] [20617283][I][data_manager.cpp:229] read_rtc_and_seed_clock(): [T4] RTC: 2026-05-14 06:59:02 UTC  unix=1778741942  daytime=yes
[2026-05-14 06:59:05.937] [20617995][I][main.cpp:160] task_watchdog_heartbeat(): [GHC] T1 tick 41080  uptime 20617 s
[2026-05-14 06:59:10.955] [20623013][I][main.cpp:160] task_watchdog_heartbeat(): [GHC] T1 tick 41090  uptime 20623 s
[2026-05-14 06:59:15.973] [20628031][I][main.cpp:160] task_watchdog_heartbeat(): [GHC] T1 tick 41100  uptime 20628 s
[2026-05-14 06:59:19.239] [20631296][I][sensor_poll.cpp:359] task_sensor_poll(): [T5_SEN] [T5] iter 674 — woke from 30 s delay
[2026-05-14 06:59:19.247] [20631305][I][sensor_poll.cpp:395] task_sensor_poll(): [T5_SEN] [T5] iter 674 — polling FG6485A
[2026-05-14 06:59:19.278] [20631338][I][sensor_poll.cpp:432] task_sensor_poll(): [T5_SEN] [T5] iter 674 — polling S200
[2026-05-14 06:59:19.822] [20631876][I][sensor_poll.cpp:535] task_sensor_poll(): [T5_SEN] [T5] T=23°C RH=40% ws=0.0 m/s wd=0° | avg T=23 RH=40 ws=0.0 wd=0° [win T=12 RH=20 W=12]
[2026-05-14 06:59:19.842] [20631890][I][climate_control.cpp:434] task_climate_control(): [T6_CLI] [T6] T_avg=23 t_max=28 hyst=5 → step_t=0 | RH_avg=40 rh_max=75 rh_min=50 hyst=12 rh_en=1 → step_rh=0 | resolved=0 (was cur_t=0 cur_rh=0)
[2026-05-14 06:59:20.991] [20633049][I][main.cpp:160] task_watchdog_heartbeat(): [GHC] T1 tick 41110  uptime 20633 s
[2026-05-14 06:59:26.009] [20638067][I][main.cpp:160] task_watchdog_heartbeat(): [GHC] T1 tick 41120  uptime 20638 s
[2026-05-14 06:59:31.025] [20643083][I][main.cpp:160] task_watchdog_heartbeat(): [GHC] T1 tick 41130  uptime 20643 s
[2026-05-14 06:59:36.042] [20648100][I][main.cpp:160] task_watchdog_heartbeat(): [GHC] T1 tick 41140  uptime 20648 s
[2026-05-14 06:59:41.060] [20653118][I][main.cpp:160] task_watchdog_heartbeat(): [GHC] T1 tick 41150  uptime 20653 s
[2026-05-14 06:59:46.078] [20658136][I][main.cpp:160] task_watchdog_heartbeat(): [GHC] T1 tick 41160  uptime 20658 s
[2026-05-14 06:59:49.833] [20661890][I][sensor_poll.cpp:359] task_sensor_poll(): [T5_SEN] [T5] iter 675 — woke from 30 s delay
[2026-05-14 06:59:49.841] [20661899][I][sensor_poll.cpp:395] task_sensor_poll(): [T5_SEN] [T5] iter 675 — polling FG6485A
[2026-05-14 06:59:49.872] [20661931][I][sensor_poll.cpp:432] task_sensor_poll(): [T5_SEN] [T5] iter 675 — polling S200
[2026-05-14 06:59:50.415] [20662469][I][sensor_poll.cpp:535] task_sensor_poll(): [T5_SEN] [T5] T=23°C RH=40% ws=0.0 m/s wd=0° | avg T=23 RH=40 ws=0.0 wd=0° [win T=12 RH=20 W=12]
[2026-05-14 06:59:50.435] [20662483][I][climate_control.cpp:434] task_climate_control(): [T6_CLI] [T6] T_avg=23 t_max=28 hyst=5 → step_t=0 | RH_avg=40 rh_max=75 rh_min=50 hyst=12 rh_en=1 → step_rh=0 | resolved=0 (was cur_t=0 cur_rh=0)
[2026-05-14 06:59:51.096] [20663154][I][main.cpp:160] task_watchdog_heartbeat(): [GHC] T1 tick 41170  uptime 20663 s
[2026-05-14 06:59:56.114] [20668172][I][main.cpp:160] task_watchdog_heartbeat(): [GHC] T1 tick 41180  uptime 20668 s
[2026-05-14 07:00:01.132] [20673190][I][main.cpp:160] task_watchdog_heartbeat(): [GHC] T1 tick 41190  uptime 20673 s
[2026-05-14 07:00:04.413] [20676470][I][data_manager.cpp:229] read_rtc_and_seed_clock(): [T4] RTC: 2026-05-14 07:00:01 UTC  unix=1778742001  daytime=yes
[2026-05-14 07:00:06.150] [20678208][I][main.cpp:160] task_watchdog_heartbeat(): [GHC] T1 tick 41200  uptime 20678 s
[2026-05-14 07:00:11.168] [20683226][I][main.cpp:160] task_watchdog_heartbeat(): [GHC] T1 tick 41210  uptime 20683 s
[2026-05-14 07:00:16.186] [20688244][I][main.cpp:160] task_watchdog_heartbeat(): [GHC] T1 tick 41220  uptime 20688 s
[2026-05-14 07:00:20.426] [20692483][I][sensor_poll.cpp:359] task_sensor_poll(): [T5_SEN] [T5] iter 676 — woke from 30 s delay
[2026-05-14 07:00:20.435] [20692492][I][sensor_poll.cpp:395] task_sensor_poll(): [T5_SEN] [T5] iter 676 — polling FG6485A
[2026-05-14 07:00:20.465] [20692524][I][sensor_poll.cpp:432] task_sensor_poll(): [T5_SEN] [T5] iter 676 — polling S200
[2026-05-14 07:00:21.009] [20693063][I][sensor_poll.cpp:535] task_sensor_poll(): [T5_SEN] [T5] T=23°C RH=40% ws=0.0 m/s wd=0° | avg T=23 RH=40 ws=0.0 wd=0° [win T=12 RH=20 W=12]
[2026-05-14 07:00:21.029] [20693077][I][climate_control.cpp:434] task_climate_control(): [T6_CLI] [T6] T_avg=23 t_max=28 hyst=5 → step_t=0 | RH_avg=40 rh_max=75 rh_min=50 hyst=12 rh_en=1 → step_rh=0 | resolved=0 (was cur_t=0 cur_rh=0)
[2026-05-14 07:00:21.204] [20693262][I][main.cpp:160] task_watchdog_heartbeat(): [GHC] T1 tick 41230  uptime 20693 s
[2026-05-14 07:00:26.222] [20698280][I][main.cpp:160] task_watchdog_heartbeat(): [GHC] T1 tick 41240  uptime 20698 s
[2026-05-14 07:00:31.240] [20703298][I][main.cpp:160] task_watchdog_heartbeat(): [GHC] T1 tick 41250  uptime 20703 s
[2026-05-14 07:00:36.258] [20708316][I][main.cpp:160] task_watchdog_heartbeat(): [GHC] T1 tick 41260  uptime 20708 s
[2026-05-14 07:00:41.276] [20713334][I][main.cpp:160] task_watchdog_heartbeat(): [GHC] T1 tick 41270  uptime 20713 s
[2026-05-14 07:00:46.294] [20718352][I][main.cpp:160] task_watchdog_heartbeat(): [GHC] T1 tick 41280  uptime 20718 s
[2026-05-14 07:00:51.020] [20723077][I][sensor_poll.cpp:359] task_sensor_poll(): [T5_SEN] [T5] iter 677 — woke from 30 s delay
[2026-05-14 07:00:51.029] [20723086][I][sensor_poll.cpp:395] task_sensor_poll(): [T5_SEN] [T5] iter 677 — polling FG6485A
[2026-05-14 07:00:51.059] [20723119][I][sensor_poll.cpp:432] task_sensor_poll(): [T5_SEN] [T5] iter 677 — polling S200
[2026-05-14 07:00:51.312] [20723370][I][main.cpp:160] task_watchdog_heartbeat(): [GHC] T1 tick 41290  uptime 20723 s
[2026-05-14 07:00:51.603] [20723657][I][sensor_poll.cpp:535] task_sensor_poll(): [T5_SEN] [T5] T=23°C RH=40% ws=0.0 m/s wd=0° | avg T=23 RH=40 ws=0.0 wd=0° [win T=12 RH=20 W=12]
[2026-05-14 07:00:51.623] [20723671][I][climate_control.cpp:434] task_climate_control(): [T6_CLI] [T6] T_avg=23 t_max=28 hyst=5 → step_t=0 | RH_avg=40 rh_max=75 rh_min=50 hyst=12 rh_en=1 → step_rh=0 | resolved=0 (was cur_t=0 cur_rh=0)
[2026-05-14 07:00:56.330] [20728388][I][main.cpp:160] task_watchdog_heartbeat(): [GHC] T1 tick 41300  uptime 20728 s
[2026-05-14 07:01:01.348] [20733406][I][main.cpp:160] task_watchdog_heartbeat(): [GHC] T1 tick 41310  uptime 20733 s
[2026-05-14 07:01:03.602] [20735658][I][data_manager.cpp:229] read_rtc_and_seed_clock(): [T4] RTC: 2026-05-14 07:01:01 UTC  unix=1778742061  daytime=yes
[2026-05-14 07:01:06.366] [20738424][I][main.cpp:160] task_watchdog_heartbeat(): [GHC] T1 tick 41320  uptime 20738 s
[2026-05-14 07:01:11.384] [20743442][I][main.cpp:160] task_watchdog_heartbeat(): [GHC] T1 tick 41330  uptime 20743 s
[2026-05-14 07:01:16.402] [20748460][I][main.cpp:160] task_watchdog_heartbeat(): [GHC] T1 tick 41340  uptime 20748 s
[2026-05-14 07:01:21.420] [20753478][I][main.cpp:160] task_watchdog_heartbeat(): [GHC] T1 tick 41350  uptime 20753 s
[2026-05-14 07:01:21.614] [20753671][I][sensor_poll.cpp:359] task_sensor_poll(): [T5_SEN] [T5] iter 678 — woke from 30 s delay
[2026-05-14 07:01:21.623] [20753680][I][sensor_poll.cpp:395] task_sensor_poll(): [T5_SEN] [T5] iter 678 — polling FG6485A
[2026-05-14 07:01:21.654] [20753713][I][sensor_poll.cpp:432] task_sensor_poll(): [T5_SEN] [T5] iter 678 — polling S200
[2026-05-14 07:01:22.198] [20754251][I][sensor_poll.cpp:535] task_sensor_poll(): [T5_SEN] [T5] T=23°C RH=40% ws=0.0 m/s wd=0° | avg T=23 RH=40 ws=0.0 wd=0° [win T=12 RH=20 W=12]
[2026-05-14 07:01:22.218] [20754265][I][climate_control.cpp:434] task_climate_control(): [T6_CLI] [T6] T_avg=23 t_max=28 hyst=5 → step_t=0 | RH_avg=40 rh_max=75 rh_min=50 hyst=12 rh_en=1 → step_rh=0 | resolved=0 (was cur_t=0 cur_rh=0)
[2026-05-14 07:01:26.438] [20758496][I][main.cpp:160] task_watchdog_heartbeat(): [GHC] T1 tick 41360  uptime 20758 s
[2026-05-14 07:01:31.457] [20763514][I][main.cpp:160] task_watchdog_heartbeat(): [GHC] T1 tick 41370  uptime 20763 s
[2026-05-14 07:01:36.475] [20768532][I][main.cpp:160] task_watchdog_heartbeat(): [GHC] T1 tick 41380  uptime 20768 s
[2026-05-14 07:01:41.493] [20773550][I][main.cpp:160] task_watchdog_heartbeat(): [GHC] T1 tick 41390  uptime 20773 s
[2026-05-14 07:01:46.511] [20778568][I][main.cpp:160] task_watchdog_heartbeat(): [GHC] T1 tick 41400  uptime 20778 s
[2026-05-14 07:01:51.526] [20783584][I][main.cpp:160] task_watchdog_heartbeat(): [GHC] T1 tick 41410  uptime 20783 s
[2026-05-14 07:01:52.208] [20784265][I][sensor_poll.cpp:359] task_sensor_poll(): [T5_SEN] [T5] iter 679 — woke from 30 s delay
[2026-05-14 07:01:52.217] [20784274][I][sensor_poll.cpp:395] task_sensor_poll(): [T5_SEN] [T5] iter 679 — polling FG6485A
[2026-05-14 07:01:52.247] [20784306][I][sensor_poll.cpp:432] task_sensor_poll(): [T5_SEN] [T5] iter 679 — polling S200
[2026-05-14 07:01:52.791] [20784844][I][sensor_poll.cpp:535] task_sensor_poll(): [T5_SEN] [T5] T=23°C RH=40% ws=0.0 m/s wd=0° | avg T=23 RH=40 ws=0.0 wd=0° [win T=12 RH=20 W=12]
[2026-05-14 07:01:52.811] [20784858][I][climate_control.cpp:434] task_climate_control(): [T6_CLI] [T6] T_avg=23 t_max=28 hyst=5 → step_t=0 | RH_avg=40 rh_max=75 rh_min=50 hyst=12 rh_en=1 → step_rh=0 | resolved=0 (was cur_t=0 cur_rh=0)
[2026-05-14 07:01:56.544] [20788601][I][main.cpp:160] task_watchdog_heartbeat(): [GHC] T1 tick 41420  uptime 20788 s
[2026-05-14 07:02:01.562] [20793619][I][main.cpp:160] task_watchdog_heartbeat(): [GHC] T1 tick 41430  uptime 20793 s
[2026-05-14 07:02:02.789] [20794845][I][data_manager.cpp:229] read_rtc_and_seed_clock(): [T4] RTC: 2026-05-14 07:02:00 UTC  unix=1778742120  daytime=yes
[2026-05-14 07:02:06.580] [20798637][I][main.cpp:160] task_watchdog_heartbeat(): [GHC] T1 tick 41440  uptime 20798 s
[2026-05-14 07:02:11.598] [20803655][I][main.cpp:160] task_watchdog_heartbeat(): [GHC] T1 tick 41450  uptime 20803 s
[2026-05-14 07:02:16.616] [20808673][I][main.cpp:160] task_watchdog_heartbeat(): [GHC] T1 tick 41460  uptime 20808 s
[2026-05-14 07:02:21.642] [20813699][I][main.cpp:160] task_watchdog_heartbeat(): [GHC] T1 tick 41470  uptime 20813 s
[2026-05-14 07:02:22.802] [20814858][I][sensor_poll.cpp:359] task_sensor_poll(): [T5_SEN] [T5] iter 680 — woke from 30 s delay
[2026-05-14 07:02:22.810] [20814867][I][sensor_poll.cpp:395] task_sensor_poll(): [T5_SEN] [T5] iter 680 — polling FG6485A
[2026-05-14 07:02:22.841] [20814899][I][sensor_poll.cpp:432] task_sensor_poll(): [T5_SEN] [T5] iter 680 — polling S200
[2026-05-14 07:02:23.385] [20815438][I][sensor_poll.cpp:535] task_sensor_poll(): [T5_SEN] [T5] T=23°C RH=40% ws=0.0 m/s wd=0° | avg T=23 RH=40 ws=0.0 wd=0° [win T=12 RH=20 W=12]
[2026-05-14 07:02:23.405] [20815452][I][climate_control.cpp:434] task_climate_control(): [T6_CLI] [T6] T_avg=23 t_max=28 hyst=5 → step_t=0 | RH_avg=40 rh_max=75 rh_min=50 hyst=12 rh_en=1 → step_rh=0 | resolved=0 (was cur_t=0 cur_rh=0)
[2026-05-14 07:02:26.660] [20818717][I][main.cpp:160] task_watchdog_heartbeat(): [GHC] T1 tick 41480  uptime 20818 s
[2026-05-14 07:02:31.678] [20823735][I][main.cpp:160] task_watchdog_heartbeat(): [GHC] T1 tick 41490  uptime 20823 s
[2026-05-14 07:02:36.696] [20828753][I][main.cpp:160] task_watchdog_heartbeat(): [GHC] T1 tick 41500  uptime 20828 s
[2026-05-14 07:02:41.714] [20833771][I][main.cpp:160] task_watchdog_heartbeat(): [GHC] T1 tick 41510  uptime 20833 s
[2026-05-14 07:02:46.732] [20838789][I][main.cpp:160] task_watchdog_heartbeat(): [GHC] T1 tick 41520  uptime 20838 s
[2026-05-14 07:02:51.750] [20843807][I][main.cpp:160] task_watchdog_heartbeat(): [GHC] T1 tick 41530  uptime 20843 s
[2026-05-14 07:02:53.396] [20845452][I][sensor_poll.cpp:359] task_sensor_poll(): [T5_SEN] [T5] iter 681 — woke from 30 s delay
[2026-05-14 07:02:53.404] [20845461][I][sensor_poll.cpp:395] task_sensor_poll(): [T5_SEN] [T5] iter 681 — polling FG6485A
[2026-05-14 07:02:53.435] [20845494][I][sensor_poll.cpp:432] task_sensor_poll(): [T5_SEN] [T5] iter 681 — polling S200
[2026-05-14 07:02:53.979] [20846032][I][sensor_poll.cpp:535] task_sensor_poll(): [T5_SEN] [T5] T=23°C RH=40% ws=0.0 m/s wd=0° | avg T=23 RH=40 ws=0.0 wd=0° [win T=12 RH=20 W=12]
[2026-05-14 07:02:53.999] [20846046][I][climate_control.cpp:434] task_climate_control(): [T6_CLI] [T6] T_avg=23 t_max=28 hyst=5 → step_t=0 | RH_avg=40 rh_max=75 rh_min=50 hyst=12 rh_en=1 → step_rh=0 | resolved=0 (was cur_t=0 cur_rh=0)
[2026-05-14 07:02:56.768] [20848825][I][main.cpp:160] task_watchdog_heartbeat(): [GHC] T1 tick 41540  uptime 20848 s
[2026-05-14 07:03:01.786] [20853843][I][main.cpp:160] task_watchdog_heartbeat(): [GHC] T1 tick 41550  uptime 20853 s
[2026-05-14 07:03:01.977] [20854033][I][data_manager.cpp:229] read_rtc_and_seed_clock(): [T4] RTC: 2026-05-14 07:02:59 UTC  unix=1778742179  daytime=yes
[2026-05-14 07:03:06.804] [20858861][I][main.cpp:160] task_watchdog_heartbeat(): [GHC] T1 tick 41560  uptime 20858 s
[2026-05-14 07:03:11.822] [20863879][I][main.cpp:160] task_watchdog_heartbeat(): [GHC] T1 tick 41570  uptime 20863 s
[2026-05-14 07:03:16.840] [20868897][I][main.cpp:160] task_watchdog_heartbeat(): [GHC] T1 tick 41580  uptime 20868 s
[2026-05-14 07:03:21.858] [20873915][I][main.cpp:160] task_watchdog_heartbeat(): [GHC] T1 tick 41590  uptime 20873 s
[2026-05-14 07:03:23.990] [20876046][I][sensor_poll.cpp:359] task_sensor_poll(): [T5_SEN] [T5] iter 682 — woke from 30 s delay
[2026-05-14 07:03:23.999] [20876055][I][sensor_poll.cpp:395] task_sensor_poll(): [T5_SEN] [T5] iter 682 — polling FG6485A
[2026-05-14 07:03:24.029] [20876088][I][sensor_poll.cpp:432] task_sensor_poll(): [T5_SEN] [T5] iter 682 — polling S200
[2026-05-14 07:03:24.573] [20876626][I][sensor_poll.cpp:535] task_sensor_poll(): [T5_SEN] [T5] T=23°C RH=40% ws=0.0 m/s wd=0° | avg T=23 RH=40 ws=0.0 wd=0° [win T=12 RH=20 W=12]
[2026-05-14 07:03:24.593] [20876640][I][climate_control.cpp:434] task_climate_control(): [T6_CLI] [T6] T_avg=23 t_max=28 hyst=5 → step_t=0 | RH_avg=40 rh_max=75 rh_min=50 hyst=12 rh_en=1 → step_rh=0 | resolved=0 (was cur_t=0 cur_rh=0)
[2026-05-14 07:03:26.876] [20878933][I][main.cpp:160] task_watchdog_heartbeat(): [GHC] T1 tick 41600  uptime 20878 s
[2026-05-14 07:03:31.894] [20883951][I][main.cpp:160] task_watchdog_heartbeat(): [GHC] T1 tick 41610  uptime 20883 s
[2026-05-14 07:03:36.912] [20888969][I][main.cpp:160] task_watchdog_heartbeat(): [GHC] T1 tick 41620  uptime 20888 s
[2026-05-14 07:03:41.930] [20893987][I][main.cpp:160] task_watchdog_heartbeat(): [GHC] T1 tick 41630  uptime 20893 s
[2026-05-14 07:03:46.948] [20899005][I][main.cpp:160] task_watchdog_heartbeat(): [GHC] T1 tick 41640  uptime 20899 s
[2026-05-14 07:03:51.966] [20904023][I][main.cpp:160] task_watchdog_heartbeat(): [GHC] T1 tick 41650  uptime 20904 s
[2026-05-14 07:03:54.584] [20906640][I][sensor_poll.cpp:359] task_sensor_poll(): [T5_SEN] [T5] iter 683 — woke from 30 s delay
[2026-05-14 07:03:54.593] [20906649][I][sensor_poll.cpp:395] task_sensor_poll(): [T5_SEN] [T5] iter 683 — polling FG6485A
[2026-05-14 07:03:54.939] [20906997][I][sensor_poll.cpp:432] task_sensor_poll(): [T5_SEN] [T5] iter 683 — polling S200
[2026-05-14 07:03:55.482] [20907535][I][sensor_poll.cpp:535] task_sensor_poll(): [T5_SEN] [T5] T=23°C RH=40% ws=0.0 m/s wd=0° | avg T=23 RH=40 ws=0.0 wd=0° [win T=12 RH=20 W=12]
[2026-05-14 07:03:55.502] [20907549][I][climate_control.cpp:434] task_climate_control(): [T6_CLI] [T6] T_avg=23 t_max=28 hyst=5 → step_t=0 | RH_avg=40 rh_max=75 rh_min=50 hyst=12 rh_en=1 → step_rh=0 | resolved=0 (was cur_t=0 cur_rh=0)
[2026-05-14 07:03:56.984] [20909041][I][main.cpp:160] task_watchdog_heartbeat(): [GHC] T1 tick 41660  uptime 20909 s
[2026-05-14 07:04:01.480] [20913536][I][data_manager.cpp:229] read_rtc_and_seed_clock(): [T4] RTC: 2026-05-14 07:03:59 UTC  unix=1778742239  daytime=yes
[2026-05-14 07:04:02.002] [20914059][I][main.cpp:160] task_watchdog_heartbeat(): [GHC] T1 tick 41670  uptime 20914 s
[2026-05-14 07:04:07.020] [20919077][I][main.cpp:160] task_watchdog_heartbeat(): [GHC] T1 tick 41680  uptime 20919 s
[2026-05-14 07:04:12.029] [20924086][I][main.cpp:160] task_watchdog_heartbeat(): [GHC] T1 tick 41690  uptime 20924 s
[2026-05-14 07:04:17.046] [20929103][I][main.cpp:160] task_watchdog_heartbeat(): [GHC] T1 tick 41700  uptime 20929 s
[2026-05-14 07:04:22.064] [20934121][I][main.cpp:160] task_watchdog_heartbeat(): [GHC] T1 tick 41710  uptime 20934 s
[2026-05-14 07:04:25.493] [20937549][I][sensor_poll.cpp:359] task_sensor_poll(): [T5_SEN] [T5] iter 684 — woke from 30 s delay
[2026-05-14 07:04:25.502] [20937558][I][sensor_poll.cpp:395] task_sensor_poll(): [T5_SEN] [T5] iter 684 — polling FG6485A
[2026-05-14 07:04:25.848] [20937906][I][sensor_poll.cpp:432] task_sensor_poll(): [T5_SEN] [T5] iter 684 — polling S200
[2026-05-14 07:04:26.391] [20938444][I][sensor_poll.cpp:535] task_sensor_poll(): [T5_SEN] [T5] T=23°C RH=40% ws=0.0 m/s wd=0° | avg T=23 RH=40 ws=0.0 wd=0° [win T=12 RH=20 W=12]
[2026-05-14 07:04:26.411] [20938458][I][climate_control.cpp:434] task_climate_control(): [T6_CLI] [T6] T_avg=23 t_max=28 hyst=5 → step_t=0 | RH_avg=40 rh_max=75 rh_min=50 hyst=12 rh_en=1 → step_rh=0 | resolved=0 (was cur_t=0 cur_rh=0)
[2026-05-14 07:04:27.082] [20939139][I][main.cpp:160] task_watchdog_heartbeat(): [GHC] T1 tick 41720  uptime 20939 s
[2026-05-14 07:04:32.100] [20944157][I][main.cpp:160] task_watchdog_heartbeat(): [GHC] T1 tick 41730  uptime 20944 s
[2026-05-14 07:04:37.118] [20949175][I][main.cpp:160] task_watchdog_heartbeat(): [GHC] T1 tick 41740  uptime 20949 s
[2026-05-14 07:04:42.136] [20954193][I][main.cpp:160] task_watchdog_heartbeat(): [GHC] T1 tick 41750  uptime 20954 s
[2026-05-14 07:04:47.154] [20959211][I][main.cpp:160] task_watchdog_heartbeat(): [GHC] T1 tick 41760  uptime 20959 s
[2026-05-14 07:04:52.173] [20964229][I][main.cpp:160] task_watchdog_heartbeat(): [GHC] T1 tick 41770  uptime 20964 s
[2026-05-14 07:04:56.402] [20968458][I][sensor_poll.cpp:359] task_sensor_poll(): [T5_SEN] [T5] iter 685 — woke from 30 s delay
[2026-05-14 07:04:56.411] [20968467][I][sensor_poll.cpp:395] task_sensor_poll(): [T5_SEN] [T5] iter 685 — polling FG6485A
[2026-05-14 07:04:56.757] [20968815][I][sensor_poll.cpp:432] task_sensor_poll(): [T5_SEN] [T5] iter 685 — polling S200
[2026-05-14 07:04:57.191] [20969247][I][main.cpp:160] task_watchdog_heartbeat(): [GHC] T1 tick 41780  uptime 20969 s
[2026-05-14 07:04:57.301] [20969353][I][sensor_poll.cpp:535] task_sensor_poll(): [T5_SEN] [T5] T=23°C RH=40% ws=0.0 m/s wd=0° | avg T=23 RH=40 ws=0.0 wd=0° [win T=12 RH=20 W=12]
[2026-05-14 07:04:57.321] [20969367][I][climate_control.cpp:434] task_climate_control(): [T6_CLI] [T6] T_avg=23 t_max=28 hyst=5 → step_t=0 | RH_avg=40 rh_max=75 rh_min=50 hyst=12 rh_en=1 → step_rh=0 | resolved=0 (was cur_t=0 cur_rh=0)
[2026-05-14 07:05:01.299] [20973354][I][data_manager.cpp:229] read_rtc_and_seed_clock(): [T4] RTC: 2026-05-14 07:04:58 UTC  unix=1778742298  daytime=yes
[2026-05-14 07:05:02.209] [20974265][I][main.cpp:160] task_watchdog_heartbeat(): [GHC] T1 tick 41790  uptime 20974 s
[2026-05-14 07:05:07.226] [20979283][I][main.cpp:160] task_watchdog_heartbeat(): [GHC] T1 tick 41800  uptime 20979 s
[2026-05-14 07:05:12.245] [20984301][I][main.cpp:160] task_watchdog_heartbeat(): [GHC] T1 tick 41810  uptime 20984 s
[2026-05-14 07:05:17.263] [20989319][I][main.cpp:160] task_watchdog_heartbeat(): [GHC] T1 tick 41820  uptime 20989 s
[2026-05-14 07:05:22.281] [20994337][I][main.cpp:160] task_watchdog_heartbeat(): [GHC] T1 tick 41830  uptime 20994 s
[2026-05-14 07:05:27.299] [20999355][I][main.cpp:160] task_watchdog_heartbeat(): [GHC] T1 tick 41840  uptime 20999 s
[2026-05-14 07:05:27.312] [20999367][I][sensor_poll.cpp:359] task_sensor_poll(): [T5_SEN] [T5] iter 686 — woke from 30 s delay
[2026-05-14 07:05:27.320] [20999376][I][sensor_poll.cpp:395] task_sensor_poll(): [T5_SEN] [T5] iter 686 — polling FG6485A
[2026-05-14 07:05:27.350] [20999408][I][sensor_poll.cpp:432] task_sensor_poll(): [T5_SEN] [T5] iter 686 — polling S200
[2026-05-14 07:05:27.895] [20999947][I][sensor_poll.cpp:535] task_sensor_poll(): [T5_SEN] [T5] T=23°C RH=40% ws=0.0 m/s wd=0° | avg T=23 RH=40 ws=0.0 wd=0° [win T=12 RH=20 W=12]
[2026-05-14 07:05:27.915] [20999961][I][climate_control.cpp:434] task_climate_control(): [T6_CLI] [T6] T_avg=23 t_max=28 hyst=5 → step_t=0 | RH_avg=40 rh_max=75 rh_min=50 hyst=12 rh_en=1 → step_rh=0 | resolved=0 (was cur_t=0 cur_rh=0)
[2026-05-14 07:05:32.317] [21004373][I][main.cpp:160] task_watchdog_heartbeat(): [GHC] T1 tick 41850  uptime 21004 s
[2026-05-14 07:05:37.335] [21009391][I][main.cpp:160] task_watchdog_heartbeat(): [GHC] T1 tick 41860  uptime 21009 s
[2026-05-14 07:05:42.353] [21014409][I][main.cpp:160] task_watchdog_heartbeat(): [GHC] T1 tick 41870  uptime 21014 s
[2026-05-14 07:05:47.371] [21019427][I][main.cpp:160] task_watchdog_heartbeat(): [GHC] T1 tick 41880  uptime 21019 s
[2026-05-14 07:05:52.389] [21024445][I][main.cpp:160] task_watchdog_heartbeat(): [GHC] T1 tick 41890  uptime 21024 s
[2026-05-14 07:05:57.407] [21029463][I][main.cpp:160] task_watchdog_heartbeat(): [GHC] T1 tick 41900  uptime 21029 s
[2026-05-14 07:05:57.906] [21029961][I][sensor_poll.cpp:359] task_sensor_poll(): [T5_SEN] [T5] iter 687 — woke from 30 s delay
[2026-05-14 07:05:57.914] [21029970][I][sensor_poll.cpp:395] task_sensor_poll(): [T5_SEN] [T5] iter 687 — polling FG6485A
[2026-05-14 07:05:57.945] [21030002][I][sensor_poll.cpp:432] task_sensor_poll(): [T5_SEN] [T5] iter 687 — polling S200
[2026-05-14 07:05:58.489] [21030541][I][sensor_poll.cpp:535] task_sensor_poll(): [T5_SEN] [T5] T=23°C RH=40% ws=0.0 m/s wd=0° | avg T=23 RH=40 ws=0.0 wd=0° [win T=12 RH=20 W=12]
[2026-05-14 07:05:58.509] [21030555][I][climate_control.cpp:434] task_climate_control(): [T6_CLI] [T6] T_avg=23 t_max=28 hyst=5 → step_t=0 | RH_avg=40 rh_max=75 rh_min=50 hyst=12 rh_en=1 → step_rh=0 | resolved=0 (was cur_t=0 cur_rh=0)
[2026-05-14 07:06:00.487] [21032542][I][data_manager.cpp:229] read_rtc_and_seed_clock(): [T4] RTC: 2026-05-14 07:05:58 UTC  unix=1778742358  daytime=yes
[2026-05-14 07:06:02.425] [21034481][I][main.cpp:160] task_watchdog_heartbeat(): [GHC] T1 tick 41910  uptime 21034 s
[2026-05-14 07:06:07.443] [21039499][I][main.cpp:160] task_watchdog_heartbeat(): [GHC] T1 tick 41920  uptime 21039 s
[2026-05-14 07:06:12.461] [21044517][I][main.cpp:160] task_watchdog_heartbeat(): [GHC] T1 tick 41930  uptime 21044 s
[2026-05-14 07:06:17.479] [21049535][I][main.cpp:160] task_watchdog_heartbeat(): [GHC] T1 tick 41940  uptime 21049 s
[2026-05-14 07:06:22.497] [21054553][I][main.cpp:160] task_watchdog_heartbeat(): [GHC] T1 tick 41950  uptime 21054 s
[2026-05-14 07:06:27.515] [21059571][I][main.cpp:160] task_watchdog_heartbeat(): [GHC] T1 tick 41960  uptime 21059 s
[2026-05-14 07:06:28.500] [21060555][I][sensor_poll.cpp:359] task_sensor_poll(): [T5_SEN] [T5] iter 688 — woke from 30 s delay
[2026-05-14 07:06:28.508] [21060564][I][sensor_poll.cpp:395] task_sensor_poll(): [T5_SEN] [T5] iter 688 — polling FG6485A
[2026-05-14 07:06:28.539] [21060597][I][sensor_poll.cpp:432] task_sensor_poll(): [T5_SEN] [T5] iter 688 — polling S200
[2026-05-14 07:06:29.083] [21061135][I][sensor_poll.cpp:535] task_sensor_poll(): [T5_SEN] [T5] T=23°C RH=40% ws=0.0 m/s wd=0° | avg T=23 RH=40 ws=0.0 wd=0° [win T=12 RH=20 W=12]
[2026-05-14 07:06:29.103] [21061149][I][climate_control.cpp:434] task_climate_control(): [T6_CLI] [T6] T_avg=23 t_max=28 hyst=5 → step_t=0 | RH_avg=40 rh_max=75 rh_min=50 hyst=12 rh_en=1 → step_rh=0 | resolved=0 (was cur_t=0 cur_rh=0)
[2026-05-14 07:06:32.531] [21064587][I][main.cpp:160] task_watchdog_heartbeat(): [GHC] T1 tick 41970  uptime 21064 s
[2026-05-14 07:06:37.549] [21069605][I][main.cpp:160] task_watchdog_heartbeat(): [GHC] T1 tick 41980  uptime 21069 s
[2026-05-14 07:06:42.567] [21074623][I][main.cpp:160] task_watchdog_heartbeat(): [GHC] T1 tick 41990  uptime 21074 s
[2026-05-14 07:06:47.584] [21079641][I][main.cpp:160] task_watchdog_heartbeat(): [GHC] T1 tick 42000  uptime 21079 s
[2026-05-14 07:06:47.592] [21079649][I][main.cpp:231] task_watchdog_heartbeat(): [GHC] stack T1  hwm=1980 B
[2026-05-14 07:06:47.600] [21079657][I][main.cpp:231] task_watchdog_heartbeat(): [GHC] stack T2  hwm=6196 B
[2026-05-14 07:06:47.606] [21079664][I][main.cpp:231] task_watchdog_heartbeat(): [GHC] stack T3  hwm=1980 B
[2026-05-14 07:06:47.615] [21079672][I][main.cpp:231] task_watchdog_heartbeat(): [GHC] stack T4  hwm=3956 B
[2026-05-14 07:06:47.621] [21079679][I][main.cpp:231] task_watchdog_heartbeat(): [GHC] stack T5  hwm=4260 B
[2026-05-14 07:06:47.629] [21079686][I][main.cpp:231] task_watchdog_heartbeat(): [GHC] stack T6  hwm=1604 B
[2026-05-14 07:06:47.638] [21079694][I][main.cpp:231] task_watchdog_heartbeat(): [GHC] stack T7  hwm=2472 B
[2026-05-14 07:06:47.643] [21079701][I][main.cpp:231] task_watchdog_heartbeat(): [GHC] stack T8  hwm=5940 B
[2026-05-14 07:06:47.652] [21079709][I][main.cpp:231] task_watchdog_heartbeat(): [GHC] stack T9  hwm=2532 B
[2026-05-14 07:06:47.658] [21079716][I][main.cpp:231] task_watchdog_heartbeat(): [GHC] stack T10 hwm=5636 B
[2026-05-14 07:06:47.667] [21079724][I][main.cpp:231] task_watchdog_heartbeat(): [GHC] stack T11 hwm=5508 B
[2026-05-14 07:06:47.673] [21079731][I][main.cpp:231] task_watchdog_heartbeat(): [GHC] stack T12 hwm=7508 B
[2026-05-14 07:06:47.682] [21079739][I][main.cpp:231] task_watchdog_heartbeat(): [GHC] stack T14 hwm=7732 B
[2026-05-14 07:06:52.699] [21084755][I][main.cpp:160] task_watchdog_heartbeat(): [GHC] T1 tick 42010  uptime 21084 s
[2026-05-14 07:06:57.717] [21089773][I][main.cpp:160] task_watchdog_heartbeat(): [GHC] T1 tick 42020  uptime 21089 s
[2026-05-14 07:06:59.094] [21091149][I][sensor_poll.cpp:359] task_sensor_poll(): [T5_SEN] [T5] iter 689 — woke from 30 s delay
[2026-05-14 07:06:59.103] [21091158][I][sensor_poll.cpp:395] task_sensor_poll(): [T5_SEN] [T5] iter 689 — polling FG6485A
[2026-05-14 07:06:59.134] [21091191][I][sensor_poll.cpp:432] task_sensor_poll(): [T5_SEN] [T5] iter 689 — polling S200
[2026-05-14 07:06:59.680] [21091729][I][sensor_poll.cpp:535] task_sensor_poll(): [T5_SEN] [T5] T=23°C RH=40% ws=0.0 m/s wd=0° | avg T=23 RH=40 ws=0.0 wd=0° [win [21091730][T=12 RH=20 WI][data_man=12]
[2026-05-14 07:06:59.689] ager.cpp:229] read_rtc_and_seed_clock(): [T4] RTC: 2026-05-14 07:06:57 UTC  unix=1778742417  daytime=yes
[2026-05-14 07:06:59.709] [21091754][I][climate_control.cpp:434] task_climate_control(): [T6_CLI] [T6] T_avg=23 t_max=28 hyst=5 → step_t=0 | RH_avg=40 rh_max=75 rh_min=50 hyst=12 rh_en=1 → step_rh=0 | resolved=0 (was cur_t=0 cur_rh=0)
[2026-05-14 07:07:02.735] [21094791][I][main.cpp:160] task_watchdog_heartbeat(): [GHC] T1 tick 42030  uptime 21094 s
[2026-05-14 07:07:07.753] [21099809][I][main.cpp:160] task_watchdog_heartbeat(): [GHC] T1 tick 42040  uptime 21099 s
[2026-05-14 07:07:12.771] [21104827][I][main.cpp:160] task_watchdog_heartbeat(): [GHC] T1 tick 42050  uptime 21104 s
[2026-05-14 07:07:17.789] [21109845][I][main.cpp:160] task_watchdog_heartbeat(): [GHC] T1 tick 42060  uptime 21109 s
[2026-05-14 07:07:22.807] [21114863][I][main.cpp:160] task_watchdog_heartbeat(): [GHC] T1 tick 42070  uptime 21114 s
[2026-05-14 07:07:27.825] [21119881][I][main.cpp:160] task_watchdog_heartbeat(): [GHC] T1 tick 42080  uptime 21119 s
[2026-05-14 07:07:29.699] [21121754][I][sensor_poll.cpp:359] task_sensor_poll(): [T5_SEN] [T5] iter 690 — woke from 30 s delay
[2026-05-14 07:07:29.708] [21121763][I][sensor_poll.cpp:395] task_sensor_poll(): [T5_SEN] [T5] iter 690 — polling FG6485A
[2026-05-14 07:07:29.738] [21121795][I][sensor_poll.cpp:432] task_sensor_poll(): [T5_SEN] [T5] iter 690 — polling S200
[2026-05-14 07:07:30.281] [21122333][I][sensor_poll.cpp:535] task_sensor_poll(): [T5_SEN] [T5] T=23°C RH=40% ws=0.0 m/s wd=0° | avg T=23 RH=40 ws=0.0 wd=0° [win T=12 RH=20 W=12]
[2026-05-14 07:07:30.301] [21122347][I][climate_control.cpp:434] task_climate_control(): [T6_CLI] [T6] T_avg=23 t_max=28 hyst=5 → step_t=0 | RH_avg=40 rh_max=75 rh_min=50 hyst=12 rh_en=1 → step_rh=0 | resolved=0 (was cur_t=0 cur_rh=0)
[2026-05-14 07:07:32.843] [21124899][I][main.cpp:160] task_watchdog_heartbeat(): [GHC] T1 tick 42090  uptime 21124 s
[2026-05-14 07:07:37.861] [21129917][I][main.cpp:160] task_watchdog_heartbeat(): [GHC] T1 tick 42100  uptime 21129 s
[2026-05-14 07:07:42.879] [21134935][I][main.cpp:160] task_watchdog_heartbeat(): [GHC] T1 tick 42110  uptime 21134 s
[2026-05-14 07:07:47.897] [21139953][I][main.cpp:160] task_watchdog_heartbeat(): [GHC] T1 tick 42120  uptime 21139 s
[2026-05-14 07:07:52.915] [21144971][I][main.cpp:160] task_watchdog_heartbeat(): [GHC] T1 tick 42130  uptime 21144 s
[2026-05-14 07:07:57.933] [21149989][I][main.cpp:160] task_watchdog_heartbeat(): [GHC] T1 tick 42140  uptime 21149 s
[2026-05-14 07:07:59.279] [21151334][I][data_manager.cpp:229] read_rtc_and_seed_clock(): [T4] RTC: 2026-05-14 07:07:56 UTC  unix=1778742476  daytime=yes
[2026-05-14 07:08:00.292] [21152347][I][sensor_poll.cpp:359] task_sensor_poll(): [T5_SEN] [T5] iter 691 — woke from 30 s delay
[2026-05-14 07:08:00.301] [21152356][I][sensor_poll.cpp:395] task_sensor_poll(): [T5_SEN] [T5] iter 691 — polling FG6485A
[2026-05-14 07:08:00.331] [21152388][I][sensor_poll.cpp:432] task_sensor_poll(): [T5_SEN] [T5] iter 691 — polling S200
[2026-05-14 07:08:00.875] [21152927][I][sensor_poll.cpp:535] task_sensor_poll(): [T5_SEN] [T5] T=23°C RH=40% ws=0.0 m/s wd=0° | avg T=23 RH=40 ws=0.0 wd=0° [win T=12 RH=20 W=12]
[2026-05-14 07:08:00.895] [21152941][I][climate_control.cpp:434] task_climate_control(): [T6_CLI] [T6] T_avg=23 t_max=28 hyst=5 → step_t=0 | RH_avg=40 rh_max=75 rh_min=50 hyst=12 rh_en=1 → step_rh=0 | resolved=0 (was cur_t=0 cur_rh=0)
[2026-05-14 07:08:02.951] [21155007][I][main.cpp:160] task_watchdog_heartbeat(): [GHC] T1 tick 42150  uptime 21155 s
[2026-05-14 07:08:07.970] [21160025][I][main.cpp:160] task_watchdog_heartbeat(): [GHC] T1 tick 42160  uptime 21160 s
[2026-05-14 07:08:12.987] [21165043][I][main.cpp:160] task_watchdog_heartbeat(): [GHC] T1 tick 42170  uptime 21165 s
[2026-05-14 07:08:18.005] [21170061][I][main.cpp:160] task_watchdog_heartbeat(): [GHC] T1 tick 42180  uptime 21170 s
[2026-05-14 07:08:23.024] [21175079][I][main.cpp:160] task_watchdog_heartbeat(): [GHC] T1 tick 42190  uptime 21175 s
[2026-05-14 07:08:28.032] [21180088][I][main.cpp:160] task_watchdog_heartbeat(): [GHC] T1 tick 42200  uptime 21180 s
[2026-05-14 07:08:30.886] [21182941][I][sensor_poll.cpp:359] task_sensor_poll(): [T5_SEN] [T5] iter 692 — woke from 30 s delay
[2026-05-14 07:08:30.895] [21182950][I][sensor_poll.cpp:395] task_sensor_poll(): [T5_SEN] [T5] iter 692 — polling FG6485A
[2026-05-14 07:08:30.926] [21182983][I][sensor_poll.cpp:432] task_sensor_poll(): [T5_SEN] [T5] iter 692 — polling S200
[2026-05-14 07:08:31.470] [21183521][I][sensor_poll.cpp:535] task_sensor_poll(): [T5_SEN] [T5] T=23°C RH=40% ws=0.0 m/s wd=0° | avg T=23 RH=40 ws=0.0 wd=0° [win T=12 RH=20 W=12]
[2026-05-14 07:08:31.490] [21183535][I][climate_control.cpp:434] task_climate_control(): [T6_CLI] [T6] T_avg=23 t_max=28 hyst=5 → step_t=0 | RH_avg=40 rh_max=75 rh_min=50 hyst=12 rh_en=1 → step_rh=0 | resolved=0 (was cur_t=0 cur_rh=0)
[2026-05-14 07:08:33.050] [21185105][I][main.cpp:160] task_watchdog_heartbeat(): [GHC] T1 tick 42210  uptime 21185 s
[2026-05-14 07:08:38.068] [21190123][I][main.cpp:160] task_watchdog_heartbeat(): [GHC] T1 tick 42220  uptime 21190 s
[2026-05-14 07:08:43.086] [21195141][I][main.cpp:160] task_watchdog_heartbeat(): [GHC] T1 tick 42230  uptime 21195 s
[2026-05-14 07:08:48.104] [21200159][I][main.cpp:160] task_watchdog_heartbeat(): [GHC] T1 tick 42240  uptime 21200 s
[2026-05-14 07:08:53.122] [21205177][I][main.cpp:160] task_watchdog_heartbeat(): [GHC] T1 tick 42250  uptime 21205 s
[2026-05-14 07:08:58.140] [21210195][I][main.cpp:160] task_watchdog_heartbeat(): [GHC] T1 tick 42260  uptime 21210 s
[2026-05-14 07:08:58.468] [21210522][I][data_manager.cpp:229] read_rtc_and_seed_clock(): [T4] RTC: 2026-05-14 07:08:56 UTC  unix=1778742536  daytime=yes
[2026-05-14 07:09:01.481] [21213535][I][sensor_poll.cpp:359] task_sensor_poll(): [T5_SEN] [T5] iter 693 — woke from 30 s delay
[2026-05-14 07:09:01.489] [21213544][I][sensor_poll.cpp:395] task_sensor_poll(): [T5_SEN] [T5] iter 693 — polling FG6485A
[2026-05-14 07:09:01.520] [21213577][I][sensor_poll.cpp:432] task_sensor_poll(): [T5_SEN] [T5] iter 693 — polling S200
[2026-05-14 07:09:02.064] [21214115][I][sensor_poll.cpp:535] task_sensor_poll(): [T5_SEN] [T5] T=23°C RH=40% ws=0.0 m/s wd=0° | avg T=23 RH=40 ws=0.0 wd=0° [win T=12 RH=20 W=12]
[2026-05-14 07:09:02.084] [21214129][I][climate_control.cpp:434] task_climate_control(): [T6_CLI] [T6] T_avg=23 t_max=28 hyst=5 → step_t=0 | RH_avg=40 rh_max=75 rh_min=50 hyst=12 rh_en=1 → step_rh=0 | resolved=0 (was cur_t=0 cur_rh=0)
[2026-05-14 07:09:03.158] [21215213][I][main.cpp:160] task_watchdog_heartbeat(): [GHC] T1 tick 42270  uptime 21215 s
[2026-05-14 07:09:08.176] [21220231][I][main.cpp:160] task_watchdog_heartbeat(): [GHC] T1 tick 42280  uptime 21220 s
[2026-05-14 07:09:13.194] [21225249][I][main.cpp:160] task_watchdog_heartbeat(): [GHC] T1 tick 42290  uptime 21225 s
[2026-05-14 07:09:18.212] [21230267][I][main.cpp:160] task_watchdog_heartbeat(): [GHC] T1 tick 42300  uptime 21230 s
[2026-05-14 07:09:23.230] [21235285][I][main.cpp:160] task_watchdog_heartbeat(): [GHC] T1 tick 42310  uptime 21235 s
[2026-05-14 07:09:28.248] [21240303][I][main.cpp:160] task_watchdog_heartbeat(): [GHC] T1 tick 42320  uptime 21240 s
[2026-05-14 07:09:32.075] [21244129][I][sensor_poll.cpp:359] task_sensor_poll(): [T5_SEN] [T5] iter 694 — woke from 30 s delay
[2026-05-14 07:09:32.084] [21244138][I][sensor_poll.cpp:395] task_sensor_poll(): [T5_SEN] [T5] iter 694 — polling FG6485A
[2026-05-14 07:09:32.115] [21244171][I][sensor_poll.cpp:432] task_sensor_poll(): [T5_SEN] [T5] iter 694 — polling S200
[2026-05-14 07:09:32.659] [21244710][I][sensor_poll.cpp:535] task_sensor_poll(): [T5_SEN] [T5] T=23°C RH=40% ws=0.0 m/s wd=0° | avg T=23 RH=40 ws=0.0 wd=0° [win T=12 RH=20 W=12]
[2026-05-14 07:09:32.680] [21244724][I][climate_control.cpp:434] task_climate_control(): [T6_CLI] [T6] T_avg=23 t_max=28 hyst=5 → step_t=0 | RH_avg=40 rh_max=75 rh_min=50 hyst=12 rh_en=1 → step_rh=0 | resolved=0 (was cur_t=0 cur_rh=0)
[2026-05-14 07:09:33.266] [21245321][I][main.cpp:160] task_watchdog_heartbeat(): [GHC] T1 tick 42330  uptime 21245 s
[2026-05-14 07:09:38.284] [21250339][I][main.cpp:160] task_watchdog_heartbeat(): [GHC] T1 tick 42340  uptime 21250 s
[2026-05-14 07:09:43.302] [21255357][I][main.cpp:160] task_watchdog_heartbeat(): [GHC] T1 tick 42350  uptime 21255 s
[2026-05-14 07:09:48.320] [21260375][I][main.cpp:160] task_watchdog_heartbeat(): [GHC] T1 tick 42360  uptime 21260 s
[2026-05-14 07:09:53.338] [21265393][I][main.cpp:160] task_watchdog_heartbeat(): [GHC] T1 tick 42370  uptime 21265 s
[2026-05-14 07:09:57.658] [21269711][I][data_manager.cpp:229] read_rtc_and_seed_clock(): [T4] RTC: 2026-05-14 07:09:55 UTC  unix=1778742595  daytime=yes
[2026-05-14 07:09:58.356] [21270411][I][main.cpp:160] task_watchdog_heartbeat(): [GHC] T1 tick 42380  uptime 21270 s
[2026-05-14 07:10:02.670] [21274724][I][sensor_poll.cpp:359] task_sensor_poll(): [T5_SEN] [T5] iter 695 — woke from 30 s delay
[2026-05-14 07:10:02.679] [21274733][I][sensor_poll.cpp:395] task_sensor_poll(): [T5_SEN] [T5] iter 695 — polling FG6485A
[2026-05-14 07:10:02.709] [21274765][I][sensor_poll.cpp:432] task_sensor_poll(): [T5_SEN] [T5] iter 695 — polling S200
[2026-05-14 07:10:03.253] [21275304][I][sensor_poll.cpp:535] task_sensor_poll(): [T5_SEN] [T5] T=23°C RH=40% ws=0.0 m/s wd=0° | avg T=23 RH=40 ws=0.0 wd=0° [win T=12 RH=20 W=12]
[2026-05-14 07:10:03.273] [21275318][I][climate_control.cpp:434] task_climate_control(): [T6_CLI] [T6] T_avg=23 t_max=28 hyst=5 → step_t=0 | RH_avg=40 rh_max=75 rh_min=50 hyst=12 rh_en=1 → step_rh=0 | resolved=0 (was cur_t=0 cur_rh=0)
[2026-05-14 07:10:03.374] [21275429][I][main.cpp:160] task_watchdog_heartbeat(): [GHC] T1 tick 42390  uptime 21275 s
[2026-05-14 07:10:08.392] [21280447][I][main.cpp:160] task_watchdog_heartbeat(): [GHC] T1 tick 42400  uptime 21280 s
[2026-05-14 07:10:13.410] [21285465][I][main.cpp:160] task_watchdog_heartbeat(): [GHC] T1 tick 42410  uptime 21285 s
[2026-05-14 07:10:18.429] [21290483][I][main.cpp:160] task_watchdog_heartbeat(): [GHC] T1 tick 42420  uptime 21290 s
[2026-05-14 07:10:23.446] [21295501][I][main.cpp:160] task_watchdog_heartbeat(): [GHC] T1 tick 42430  uptime 21295 s
[2026-05-14 07:10:28.465] [21300519][I][main.cpp:160] task_watchdog_heartbeat(): [GHC] T1 tick 42440  uptime 21300 s
[2026-05-14 07:10:33.265] [21305318][I][sensor_poll.cpp:359] task_sensor_poll(): [T5_SEN] [T5] iter 696 — woke from 30 s delay
[2026-05-14 07:10:33.273] [21305327][I][sensor_poll.cpp:395] task_sensor_poll(): [T5_SEN] [T5] iter 696 — polling FG6485A
[2026-05-14 07:10:33.303] [21305360][I][sensor_poll.cpp:432] task_sensor_poll(): [T5_SEN] [T5] iter 696 — polling S200
[2026-05-14 07:10:33.483] [21305537][I][main.cpp:160] task_watchdog_heartbeat(): [GHC] T1 tick 42450  uptime 21305 s
[2026-05-14 07:10:33.848] [21305898][I][sensor_poll.cpp:535] task_sensor_poll(): [T5_SEN] [T5] T=23°C RH=40% ws=0.0 m/s wd=0° | avg T=23 RH=40 ws=0.0 wd=0° [win T=12 RH=20 W=12]
[2026-05-14 07:10:33.868] [21305912][I][climate_control.cpp:434] task_climate_control(): [T6_CLI] [T6] T_avg=23 t_max=28 hyst=5 → step_t=0 | RH_avg=40 rh_max=75 rh_min=50 hyst=12 rh_en=1 → step_rh=0 | resolved=0 (was cur_t=0 cur_rh=0)
[2026-05-14 07:10:38.501] [21310555][I][main.cpp:160] task_watchdog_heartbeat(): [GHC] T1 tick 42460  uptime 21310 s
[2026-05-14 07:10:43.519] [21315573][I][main.cpp:160] task_watchdog_heartbeat(): [GHC] T1 tick 42470  uptime 21315 s
[2026-05-14 07:10:48.535] [21320590][I][main.cpp:160] task_watchdog_heartbeat(): [GHC] T1 tick 42480  uptime 21320 s
[2026-05-14 07:10:53.554] [21325608][I][main.cpp:160] task_watchdog_heartbeat(): [GHC] T1 tick 42490  uptime 21325 s
[2026-05-14 07:10:56.846] [21328899][I][data_manager.cpp:229] read_rtc_and_seed_clock(): [T4] RTC: 2026-05-14 07:10:54 UTC  unix=1778742654  daytime=yes
[2026-05-14 07:10:58.572] [21330626][I][main.cpp:160] task_watchdog_heartbeat(): [GHC] T1 tick 42500  uptime 21330 s
[2026-05-14 07:11:03.590] [21335644][I][main.cpp:160] task_watchdog_heartbeat(): [GHC] T1 tick 42510  uptime 21335 s
[2026-05-14 07:11:03.859] [21335912][I][sensor_poll.cpp:359] task_sensor_poll(): [T5_SEN] [T5] iter 697 — woke from 30 s delay
[2026-05-14 07:11:03.867] [21335921][I][sensor_poll.cpp:395] task_sensor_poll(): [T5_SEN] [T5] iter 697 — polling FG6485A
[2026-05-14 07:11:03.898] [21335954][I][sensor_poll.cpp:432] task_sensor_poll(): [T5_SEN] [T5] iter 697 — polling S200
[2026-05-14 07:11:04.442] [21336492][I][sensor_poll.cpp:535] task_sensor_poll(): [T5_SEN] [T5] T=23°C RH=40% ws=0.0 m/s wd=0° | avg T=23 RH=40 ws=0.0 wd=0° [win T=12 RH=20 W=12]
[2026-05-14 07:11:04.462] [21336506][I][climate_control.cpp:434] task_climate_control(): [T6_CLI] [T6] T_avg=23 t_max=28 hyst=5 → step_t=0 | RH_avg=40 rh_max=75 rh_min=50 hyst=12 rh_en=1 → step_rh=0 | resolved=0 (was cur_t=0 cur_rh=0)
[2026-05-14 07:11:08.608] [21340662][I][main.cpp:160] task_watchdog_heartbeat(): [GHC] T1 tick 42520  uptime 21340 s
[2026-05-14 07:11:13.626] [21345680][I][main.cpp:160] task_watchdog_heartbeat(): [GHC] T1 tick 42530  uptime 21345 s
[2026-05-14 07:11:18.644] [21350698][I][main.cpp:160] task_watchdog_heartbeat(): [GHC] T1 tick 42540  uptime 21350 s
[2026-05-14 07:11:23.662] [21355716][I][main.cpp:160] task_watchdog_heartbeat(): [GHC] T1 tick 42550  uptime 21355 s
[2026-05-14 07:11:28.680] [21360734][I][main.cpp:160] task_watchdog_heartbeat(): [GHC] T1 tick 42560  uptime 21360 s
[2026-05-14 07:11:33.698] [21365752][I][main.cpp:160] task_watchdog_heartbeat(): [GHC] T1 tick 42570  uptime 21365 s
[2026-05-14 07:11:34.453] [21366506][I][sensor_poll.cpp:359] task_sensor_poll(): [T5_SEN] [T5] iter 698 — woke from 30 s delay
[2026-05-14 07:11:34.462] [21366515][I][sensor_poll.cpp:395] task_sensor_poll(): [T5_SEN] [T5] iter 698 — polling FG6485A
[2026-05-14 07:11:34.493] [21366548][I][sensor_poll.cpp:432] task_sensor_poll(): [T5_SEN] [T5] iter 698 — polling S200
[2026-05-14 07:11:35.036] [21367086][I][sensor_poll.cpp:535] task_sensor_poll(): [T5_SEN] [T5] T=23°C RH=40% ws=0.0 m/s wd=0° | avg T=23 RH=40 ws=0.0 wd=0° [win T=12 RH=20 W=12]
[2026-05-14 07:11:35.056] [21367100][I][climate_control.cpp:434] task_climate_control(): [T6_CLI] [T6] T_avg=23 t_max=28 hyst=5 → step_t=0 | RH_avg=40 rh_max=75 rh_min=50 hyst=12 rh_en=1 → step_rh=0 | resolved=0 (was cur_t=0 cur_rh=0)
[2026-05-14 07:11:38.716] [21370770][I][main.cpp:160] task_watchdog_heartbeat(): [GHC] T1 tick 42580  uptime 21370 s
[2026-05-14 07:11:43.734] [21375788][I][main.cpp:160] task_watchdog_heartbeat(): [GHC] T1 tick 42590  uptime 21375 s
[2026-05-14 07:11:48.752] [21380806][I][main.cpp:160] task_watchdog_heartbeat(): [GHC] T1 tick 42600  uptime 21380 s
[2026-05-14 07:11:53.770] [21385824][I][main.cpp:160] task_watchdog_heartbeat(): [GHC] T1 tick 42610  uptime 21385 s
[2026-05-14 07:11:56.035] [21388087][I][data_manager.cpp:229] read_rtc_and_seed_clock(): [T4] RTC: 2026-05-14 07:11:53 UTC  unix=1778742713  daytime=yes
[2026-05-14 07:11:58.788] [21390842][I][main.cpp:160] task_watchdog_heartbeat(): [GHC] T1 tick 42620  uptime 21390 s
[2026-05-14 07:12:03.807] [21395861][I][main.cpp:160] task_watchdog_heartbeat(): [GHC] T1 tick 42630  uptime 21395 s
[2026-05-14 07:12:05.047] [21397100][I][sensor_poll.cpp:359] task_sensor_poll(): [T5_SEN] [T5] iter 699 — woke from 30 s delay
[2026-05-14 07:12:05.056] [21397109][I][sensor_poll.cpp:395] task_sensor_poll(): [T5_SEN] [T5] iter 699 — polling FG6485A
[2026-05-14 07:12:05.086] [21397141][I][sensor_poll.cpp:432] task_sensor_poll(): [T5_SEN] [T5] iter 699 — polling S200
[2026-05-14 07:12:05.631] [21397680][I][sensor_poll.cpp:535] task_sensor_poll(): [T5_SEN] [T5] T=23°C RH=40% ws=0.0 m/s wd=0° | avg T=23 RH=40 ws=0.0 wd=0° [win T=12 RH=20 W=12]
[2026-05-14 07:12:05.650] [21397694][I][climate_control.cpp:434] task_climate_control(): [T6_CLI] [T6] T_avg=23 t_max=28 hyst=5 → step_t=0 | RH_avg=40 rh_max=75 rh_min=50 hyst=12 rh_en=1 → step_rh=0 | resolved=0 (was cur_t=0 cur_rh=0)
[2026-05-14 07:12:08.826] [21400879][I][main.cpp:160] task_watchdog_heartbeat(): [GHC] T1 tick 42640  uptime 21400 s
[2026-05-14 07:12:13.843] [21405897][I][main.cpp:160] task_watchdog_heartbeat(): [GHC] T1 tick 42650  uptime 21405 s
[2026-05-14 07:12:18.862] [21410915][I][main.cpp:160] task_watchdog_heartbeat(): [GHC] T1 tick 42660  uptime 21410 s
[2026-05-14 07:12:23.880] [21415933][I][main.cpp:160] task_watchdog_heartbeat(): [GHC] T1 tick 42670  uptime 21415 s
[2026-05-14 07:12:28.898] [21420951][I][main.cpp:160] task_watchdog_heartbeat(): [GHC] T1 tick 42680  uptime 21420 s
[2026-05-14 07:12:33.916] [21425969][I][main.cpp:160] task_watchdog_heartbeat(): [GHC] T1 tick 42690  uptime 21425 s
[2026-05-14 07:12:35.642] [21427694][I][sensor_poll.cpp:359] task_sensor_poll(): [T5_SEN] [T5] iter 700 — woke from 30 s delay
[2026-05-14 07:12:35.650] [21427703][I][sensor_poll.cpp:395] task_sensor_poll(): [T5_SEN] [T5] iter 700 — polling FG6485A
[2026-05-14 07:12:35.681] [21427736][I][sensor_poll.cpp:432] task_sensor_poll(): [T5_SEN] [T5] iter 700 — polling S200
[2026-05-14 07:12:36.225] [21428274][I][sensor_poll.cpp:535] task_sensor_poll(): [T5_SEN] [T5] T=23°C RH=40% ws=0.0 m/s wd=0° | avg T=23 RH=40 ws=0.0 wd=0° [win T=12 RH=20 W=12]
[2026-05-14 07:12:36.245] [21428288][I][climate_control.cpp:434] task_climate_control(): [T6_CLI] [T6] T_avg=23 t_max=28 hyst=5 → step_t=0 | RH_avg=40 rh_max=75 rh_min=50 hyst=12 rh_en=1 → step_rh=0 | resolved=0 (was cur_t=0 cur_rh=0)
[2026-05-14 07:12:38.934] [21430987][I][main.cpp:160] task_watchdog_heartbeat(): [GHC] T1 tick 42700  uptime 21430 s
[2026-05-14 07:12:43.952] [21436005][I][main.cpp:160] task_watchdog_heartbeat(): [GHC] T1 tick 42710  uptime 21436 s
[2026-05-14 07:12:48.970] [21441023][I][main.cpp:160] task_watchdog_heartbeat(): [GHC] T1 tick 42720  uptime 21441 s
[2026-05-14 07:12:53.988] [21446041][I][main.cpp:160] task_watchdog_heartbeat(): [GHC] T1 tick 42730  uptime 21446 s
[2026-05-14 07:12:55.223] [21447275][I][data_manager.cpp:229] read_rtc_and_seed_clock(): [T4] RTC: 2026-05-14 07:12:52 UTC  unix=1778742772  daytime=yes
[2026-05-14 07:12:59.006] [21451059][I][main.cpp:160] task_watchdog_heartbeat(): [GHC] T1 tick 42740  uptime 21451 s
[2026-05-14 07:13:04.024] [21456077][I][main.cpp:160] task_watchdog_heartbeat(): [GHC] T1 tick 42750  uptime 21456 s
[2026-05-14 07:13:06.236] [21458288][I][sensor_poll.cpp:359] task_sensor_poll(): [T5_SEN] [T5] iter 701 — woke from 30 s delay
[2026-05-14 07:13:06.244] [21458297][I][sensor_poll.cpp:395] task_sensor_poll(): [T5_SEN] [T5] iter 701 — polling FG6485A
[2026-05-14 07:13:06.275] [21458330][I][sensor_poll.cpp:432] task_sensor_poll(): [T5_SEN] [T5] iter 701 — polling S200
[2026-05-14 07:13:06.819] [21458868][I][sensor_poll.cpp:535] task_sensor_poll(): [T5_SEN] [T5] T=23°C RH=40% ws=0.0 m/s wd=0° | avg T=23 RH=40 ws=0.0 wd=0° [win T=12 RH=20 W=12]
[2026-05-14 07:13:06.839] [21458882][I][climate_control.cpp:434] task_climate_control(): [T6_CLI] [T6] T_avg=23 t_max=28 hyst=5 → step_t=0 | RH_avg=40 rh_max=75 rh_min=50 hyst=12 rh_en=1 → step_rh=0 | resolved=0 (was cur_t=0 cur_rh=0)
[2026-05-14 07:13:09.037] [21461090][I][main.cpp:160] task_watchdog_heartbeat(): [GHC] T1 tick 42760  uptime 21461 s
[2026-05-14 07:13:14.054] [21466107][I][main.cpp:160] task_watchdog_heartbeat(): [GHC] T1 tick 42770  uptime 21466 s
[2026-05-14 07:13:19.072] [21471125][I][main.cpp:160] task_watchdog_heartbeat(): [GHC] T1 tick 42780  uptime 21471 s
[2026-05-14 07:13:24.090] [21476143][I][main.cpp:160] task_watchdog_heartbeat(): [GHC] T1 tick 42790  uptime 21476 s
[2026-05-14 07:13:29.108] [21481161][I][main.cpp:160] task_watchdog_heartbeat(): [GHC] T1 tick 42800  uptime 21481 s
[2026-05-14 07:13:34.126] [21486179][I][main.cpp:160] task_watchdog_heartbeat(): [GHC] T1 tick 42810  uptime 21486 s
[2026-05-14 07:13:36.830] [21488882][I][sensor_poll.cpp:359] task_sensor_poll(): [T5_SEN] [T5] iter 702 — woke from 30 s delay
[2026-05-14 07:13:36.839] [21488891][I][sensor_poll.cpp:395] task_sensor_poll(): [T5_SEN] [T5] iter 702 — polling FG6485A
[2026-05-14 07:13:36.870] [21488924][I][sensor_poll.cpp:432] task_sensor_poll(): [T5_SEN] [T5] iter 702 — polling S200
[2026-05-14 07:13:37.413] [21489462][I][sensor_poll.cpp:535] task_sensor_poll(): [T5_SEN] [T5] T=23°C RH=40% ws=0.0 m/s wd=0° | avg T=23 RH=40 ws=0.0 wd=0° [win T=12 RH=20 W=12]
[2026-05-14 07:13:37.433] [21489476][I][climate_control.cpp:434] task_climate_control(): [T6_CLI] [T6] T_avg=23 t_max=28 hyst=5 → step_t=0 | RH_avg=40 rh_max=75 rh_min=50 hyst=12 rh_en=1 → step_rh=0 | resolved=0 (was cur_t=0 cur_rh=0)
[2026-05-14 07:13:39.144] [21491197][I][main.cpp:160] task_watchdog_heartbeat(): [GHC] T1 tick 42820  uptime 21491 s
[2026-05-14 07:13:44.162] [21496215][I][main.cpp:160] task_watchdog_heartbeat(): [GHC] T1 tick 42830  uptime 21496 s
[2026-05-14 07:13:49.180] [21501233][I][main.cpp:160] task_watchdog_heartbeat(): [GHC] T1 tick 42840  uptime 21501 s
[2026-05-14 07:13:54.198] [21506251][I][main.cpp:160] task_watchdog_heartbeat(): [GHC] T1 tick 42850  uptime 21506 s
[2026-05-14 07:13:54.411] [21506463][I][data_manager.cpp:229] read_rtc_and_seed_clock(): [T4] RTC: 2026-05-14 07:13:51 UTC  unix=1778742831  daytime=yes
[2026-05-14 07:13:59.216] [21511269][I][main.cpp:160] task_watchdog_heartbeat(): [GHC] T1 tick 42860  uptime 21511 s
[2026-05-14 07:14:04.234] [21516287][I][main.cpp:160] task_watchdog_heartbeat(): [GHC] T1 tick 42870  uptime 21516 s
[2026-05-14 07:14:07.424] [21519476][I][sensor_poll.cpp:359] task_sensor_poll(): [T5_SEN] [T5] iter 703 — woke from 30 s delay
[2026-05-14 07:14:07.433] [21519485][I][sensor_poll.cpp:395] task_sensor_poll(): [T5_SEN] [T5] iter 703 — polling FG6485A
[2026-05-14 07:14:07.463] [21519517][I][sensor_poll.cpp:432] task_sensor_poll(): [T5_SEN] [T5] iter 703 — polling S200
[2026-05-14 07:14:08.007] [21520056][I][sensor_poll.cpp:535] task_sensor_poll(): [T5_SEN] [T5] T=23°C RH=40% ws=0.0 m/s wd=0° | avg T=23 RH=40 ws=0.0 wd=0° [win T=12 RH=20 W=12]
[2026-05-14 07:14:08.027] [21520070][I][climate_control.cpp:434] task_climate_control(): [T6_CLI] [T6] T_avg=23 t_max=28 hyst=5 → step_t=0 | RH_avg=40 rh_max=75 rh_min=50 hyst=12 rh_en=1 → step_rh=0 | resolved=0 (was cur_t=0 cur_rh=0)
[2026-05-14 07:14:09.252] [21521305][I][main.cpp:160] task_watchdog_heartbeat(): [GHC] T1 tick 42880  uptime 21521 s
[2026-05-14 07:14:14.270] [21526323][I][main.cpp:160] task_watchdog_heartbeat(): [GHC] T1 tick 42890  uptime 21526 s
[2026-05-14 07:14:19.288] [21531341][I][main.cpp:160] task_watchdog_heartbeat(): [GHC] T1 tick 42900  uptime 21531 s
[2026-05-14 07:14:24.306] [21536359][I][main.cpp:160] task_watchdog_heartbeat(): [GHC] T1 tick 42910  uptime 21536 s
[2026-05-14 07:14:29.325] [21541377][I][main.cpp:160] task_watchdog_heartbeat(): [GHC] T1 tick 42920  uptime 21541 s
[2026-05-14 07:14:34.343] [21546395][I][main.cpp:160] task_watchdog_heartbeat(): [GHC] T1 tick 42930  uptime 21546 s
[2026-05-14 07:14:38.018] [21550070][I][sensor_poll.cpp:359] task_sensor_poll(): [T5_SEN] [T5] iter 704 — woke from 30 s delay
[2026-05-14 07:14:38.027] [21550079][I][sensor_poll.cpp:395] task_sensor_poll(): [T5_SEN] [T5] iter 704 — polling FG6485A
[2026-05-14 07:14:38.058] [21550111][I][sensor_poll.cpp:432] task_sensor_poll(): [T5_SEN] [T5] iter 704 — polling S200
[2026-05-14 07:14:38.602] [21550650][I][sensor_poll.cpp:535] task_sensor_poll(): [T5_SEN] [T5] T=23°C RH=40% ws=0.0 m/s wd=0° | avg T=23 RH=40 ws=0.0 wd=0° [win T=12 RH=20 W=12]
[2026-05-14 07:14:38.622] [21550664][I][climate_control.cpp:434] task_climate_control(): [T6_CLI] [T6] T_avg=23 t_max=28 hyst=5 → step_t=0 | RH_avg=40 rh_max=75 rh_min=50 hyst=12 rh_en=1 → step_rh=0 | resolved=0 (was cur_t=0 cur_rh=0)
[2026-05-14 07:14:39.361] [21551413][I][main.cpp:160] task_watchdog_heartbeat(): [GHC] T1 tick 42940  uptime 21551 s
[2026-05-14 07:14:44.378] [21556431][I][main.cpp:160] task_watchdog_heartbeat(): [GHC] T1 tick 42950  uptime 21556 s
[2026-05-14 07:14:49.396] [21561449][I][main.cpp:160] task_watchdog_heartbeat(): [GHC] T1 tick 42960  uptime 21561 s
[2026-05-14 07:14:53.600] [21565651][I][data_manager.cpp:229] read_rtc_and_seed_clock(): [T4] RTC: 2026-05-14 07:14:51 UTC  unix=1778742891  daytime=yes
[2026-05-14 07:14:54.414] [21566467][I][main.cpp:160] task_watchdog_heartbeat(): [GHC] T1 tick 42970  uptime 21566 s
[2026-05-14 07:14:59.433] [21571485][I][main.cpp:160] task_watchdog_heartbeat(): [GHC] T1 tick 42980  uptime 21571 s
[2026-05-14 07:15:04.450] [21576503][I][main.cpp:160] task_watchdog_heartbeat(): [GHC] T1 tick 42990  uptime 21576 s
[2026-05-14 07:15:08.613] [21580664][I][sensor_poll.cpp:359] task_sensor_poll(): [T5_SEN] [T5] iter 705 — woke from 30 s delay
[2026-05-14 07:15:08.621] [21580673][I][sensor_poll.cpp:395] task_sensor_poll(): [T5_SEN] [T5] iter 705 — polling FG6485A
[2026-05-14 07:15:08.652] [21580706][I][sensor_poll.cpp:432] task_sensor_poll(): [T5_SEN] [T5] iter 705 — polling S200
[2026-05-14 07:15:09.196] [21581244][I][sensor_poll.cpp:535] task_sensor_poll(): [T5_SEN] [T5] T=23°C RH=40% ws=0.0 m/s wd=0° | avg T=23 RH=40 ws=0.0 wd=0° [win T=12 RH=20 W=12]
[2026-05-14 07:15:09.216] [21581258][I][climate_control.cpp:434] task_climate_control(): [T6_CLI] [T6] T_avg=23 t_max=28 hyst=5 → step_t=0 | RH_avg=40 rh_max=75 rh_min=50 hyst=12 rh_en=1 → step_rh=0 | resolved=0 (was cur_t=0 cur_rh=0)
[2026-05-14 07:15:09.469] [21581521][I][main.cpp:160] task_watchdog_heartbeat(): [GHC] T1 tick 43000  uptime 21581 s
[2026-05-14 07:15:14.487] [21586539][I][main.cpp:160] task_watchdog_heartbeat(): [GHC] T1 tick 43010  uptime 21586 s
[2026-05-14 07:15:19.505] [21591557][I][main.cpp:160] task_watchdog_heartbeat(): [GHC] T1 tick 43020  uptime 21591 s
[2026-05-14 07:15:24.523] [21596575][I][main.cpp:160] task_watchdog_heartbeat(): [GHC] T1 tick 43030  uptime 21596 s
[2026-05-14 07:15:29.539] [21601591][I][main.cpp:160] task_watchdog_heartbeat(): [GHC] T1 tick 43040  uptime 21601 s
[2026-05-14 07:15:34.556] [21606608][I][main.cpp:160] task_watchdog_heartbeat(): [GHC] T1 tick 43050  uptime 21606 s
[2026-05-14 07:15:39.207] [21611258][I][sensor_poll.cpp:359] task_sensor_poll(): [T5_SEN] [T5] iter 706 — woke from 30 s delay
[2026-05-14 07:15:39.215] [21611267][I][sensor_poll.cpp:395] task_sensor_poll(): [T5_SEN] [T5] iter 706 — polling FG6485A
[2026-05-14 07:15:39.246] [21611300][I][sensor_poll.cpp:432] task_sensor_poll(): [T5_SEN] [T5] iter 706 — polling S200
[2026-05-14 07:15:39.574] [21611626][I][main.cpp:160] task_watchdog_heartbeat(): [GHC] T1 tick 43060  uptime 21611 s
[2026-05-14 07:15:39.793] [21611841][I][sensor_poll.cpp:535] task_sensor_poll(): [T5_SEN] [T5] T=23°C RH=40% ws=0.0 m/s wd=0° | avg T=23 RH=40 ws=0.0 wd=0° [win T=12 RH=20 W=12]
[2026-05-14 07:15:39.813] [21611855][I][climate_control.cpp:434] task_climate_control(): [T6_CLI] [T6] T_avg=23 t_max=28 hyst=5 → step_t=0 | RH_avg=40 rh_max=75 rh_min=50 hyst=12 rh_en=1 → step_rh=0 | resolved=0 (was cur_t=0 cur_rh=0)
[2026-05-14 07:15:44.592] [21616644][I][main.cpp:160] task_watchdog_heartbeat(): [GHC] T1 tick 43070  uptime 21616 s
[2026-05-14 07:15:49.610] [21621662][I][main.cpp:160] task_watchdog_heartbeat(): [GHC] T1 tick 43080  uptime 21621 s
[2026-05-14 07:15:52.791] [21624842][I][data_manager.cpp:229] read_rtc_and_seed_clock(): [T4] RTC: 2026-05-14 07:15:50 UTC  unix=1778742950  daytime=yes
[2026-05-14 07:15:54.628] [21626680][I][main.cpp:160] task_watchdog_heartbeat(): [GHC] T1 tick 43090  uptime 21626 s
[2026-05-14 07:15:59.646] [21631698][I][main.cpp:160] task_watchdog_heartbeat(): [GHC] T1 tick 43100  uptime 21631 s
[2026-05-14 07:16:04.664] [21636716][I][main.cpp:160] task_watchdog_heartbeat(): [GHC] T1 tick 43110  uptime 21636 s
[2026-05-14 07:16:09.682] [21641734][I][main.cpp:160] task_watchdog_heartbeat(): [GHC] T1 tick 43120  uptime 21641 s
[2026-05-14 07:16:09.804] [21641855][I][sensor_poll.cpp:359] task_sensor_poll(): [T5_SEN] [T5] iter 707 — woke from 30 s delay
[2026-05-14 07:16:09.813] [21641864][I][sensor_poll.cpp:395] task_sensor_poll(): [T5_SEN] [T5] iter 707 — polling FG6485A
[2026-05-14 07:16:09.843] [21641896][I][sensor_poll.cpp:432] task_sensor_poll(): [T5_SEN] [T5] iter 707 — polling S200
[2026-05-14 07:16:10.387] [21642435][I][sensor_poll.cpp:535] task_sensor_poll(): [T5_SEN] [T5] T=23°C RH=40% ws=0.0 m/s wd=0° | avg T=23 RH=40 ws=0.0 wd=0° [win T=12 RH=20 W=12]
[2026-05-14 07:16:10.407] [21642449][I][climate_control.cpp:434] task_climate_control(): [T6_CLI] [T6] T_avg=23 t_max=28 hyst=5 → step_t=0 | RH_avg=40 rh_max=75 rh_min=50 hyst=12 rh_en=1 → step_rh=0 | resolved=0 (was cur_t=0 cur_rh=0)
[2026-05-14 07:16:14.700] [21646752][I][main.cpp:160] task_watchdog_heartbeat(): [GHC] T1 tick 43130  uptime 21646 s
[2026-05-14 07:16:19.718] [21651770][I][main.cpp:160] task_watchdog_heartbeat(): [GHC] T1 tick 43140  uptime 21651 s
[2026-05-14 07:16:24.736] [21656788][I][main.cpp:160] task_watchdog_heartbeat(): [GHC] T1 tick 43150  uptime 21656 s
[2026-05-14 07:16:29.754] [21661806][I][main.cpp:160] task_watchdog_heartbeat(): [GHC] T1 tick 43160  uptime 21661 s
[2026-05-14 07:16:34.772] [21666824][I][main.cpp:160] task_watchdog_heartbeat(): [GHC] T1 tick 43170  uptime 21666 s
[2026-05-14 07:16:39.790] [21671842][I][main.cpp:160] task_watchdog_heartbeat(): [GHC] T1 tick 43180  uptime 21671 s
[2026-05-14 07:16:40.398] [21672449][I][sensor_poll.cpp:359] task_sensor_poll(): [T5_SEN] [T5] iter 708 — woke from 30 s delay
[2026-05-14 07:16:40.407] [21672458][I][sensor_poll.cpp:395] task_sensor_poll(): [T5_SEN] [T5] iter 708 — polling FG6485A
[2026-05-14 07:16:40.437] [21672491][I][sensor_poll.cpp:432] task_sensor_poll(): [T5_SEN] [T5] iter 708 — polling S200
[2026-05-14 07:16:40.981] [21673029][I][sensor_poll.cpp:535] task_sensor_poll(): [T5_SEN] [T5] T=23°C RH=40% ws=0.0 m/s wd=0° | avg T=23 RH=40 ws=0.0 wd=0° [win T=12 RH=20 W=12]
[2026-05-14 07:16:41.001] [21673043][I][climate_control.cpp:434] task_climate_control(): [T6_CLI] [T6] T_avg=23 t_max=28 hyst=5 → step_t=0 | RH_avg=40 rh_max=75 rh_min=50 hyst=12 rh_en=1 → step_rh=0 | resolved=0 (was cur_t=0 cur_rh=0)
[2026-05-14 07:16:44.809] [21676860][I][main.cpp:160] task_watchdog_heartbeat(): [GHC] T1 tick 43190  uptime 21676 s
[2026-05-14 07:16:49.825] [21681878][I][main.cpp:160] task_watchdog_heartbeat(): [GHC] T1 tick 43200  uptime 21681 s
[2026-05-14 07:16:49.834] [21681886][I][main.cpp:231] task_watchdog_heartbeat(): [GHC] stack T1  hwm=1980 B
[2026-05-14 07:16:49.842] [21681894][I][main.cpp:231] task_watchdog_heartbeat(): [GHC] stack T2  hwm=6196 B
[2026-05-14 07:16:49.848] [21681901][I][main.cpp:231] task_watchdog_heartbeat(): [GHC] stack T3  hwm=1980 B
[2026-05-14 07:16:49.856] [21681909][I][main.cpp:231] task_watchdog_heartbeat(): [GHC] stack T4  hwm=3956 B
[2026-05-14 07:16:49.862] [21681916][I][main.cpp:231] task_watchdog_heartbeat(): [GHC] stack T5  hwm=4260 B
[2026-05-14 07:16:49.871] [21681923][I][main.cpp:231] task_watchdog_heartbeat(): [GHC] stack T6  hwm=1604 B
[2026-05-14 07:16:49.879] [21681931][I][main.cpp:231] task_watchdog_heartbeat(): [GHC] stack T7  hwm=2472 B
[2026-05-14 07:16:49.885] [21681938][I][main.cpp:231] task_watchdog_heartbeat(): [GHC] stack T8  hwm=5940 B
[2026-05-14 07:16:49.894] [21681946][I][main.cpp:231] task_watchdog_heartbeat(): [GHC] stack T9  hwm=2532 B
[2026-05-14 07:16:49.900] [21681953][I][main.cpp:231] task_watchdog_heartbeat(): [GHC] stack T10 hwm=5636 B
[2026-05-14 07:16:49.908] [21681961][I][main.cpp:231] task_watchdog_heartbeat(): [GHC] stack T11 hwm=5508 B
[2026-05-14 07:16:49.914] [21681968][I][main.cpp:231] task_watchdog_heartbeat(): [GHC] stack T12 hwm=7508 B
[2026-05-14 07:16:49.923] [21681976][I][main.cpp:231] task_watchdog_heartbeat(): [GHC] stack T14 hwm=7732 B
[2026-05-14 07:16:51.980] [21684030][I][data_manager.cpp:229] read_rtc_and_seed_clock(): [T4] RTC: 2026-05-14 07:16:49 UTC  unix=1778743009  daytime=yes
[2026-05-14 07:16:54.942] [21686993][I][main.cpp:160] task_watchdog_heartbeat(): [GHC] T1 tick 43210  uptime 21686 s
[2026-05-14 07:16:59.960] [21692011][I][main.cpp:160] task_watchdog_heartbeat(): [GHC] T1 tick 43220  uptime 21692 s
[2026-05-14 07:17:04.978] [21697029][I][main.cpp:160] task_watchdog_heartbeat(): [GHC] T1 tick 43230  uptime 21697 s
[2026-05-14 07:17:09.996] [21702047][I][main.cpp:160] task_watchdog_heartbeat(): [GHC] T1 tick 43240  uptime 21702 s
[2026-05-14 07:17:10.993] [21703043][I][sensor_poll.cpp:359] task_sensor_poll(): [T5_SEN] [T5] iter 709 — woke from 30 s delay
[2026-05-14 07:17:11.001] [21703052][I][sensor_poll.cpp:395] task_sensor_poll(): [T5_SEN] [T5] iter 709 — polling FG6485A
[2026-05-14 07:17:11.032] [21703085][I][sensor_poll.cpp:432] task_sensor_poll(): [T5_SEN] [T5] iter 709 — polling S200
[2026-05-14 07:17:11.576] [21703623][I][sensor_poll.cpp:535] task_sensor_poll(): [T5_SEN] [T5] T=23°C RH=39% ws=0.0 m/s wd=0° | avg T=23 RH=40 ws=0.0 wd=0° [win T=12 RH=20 W=12]
[2026-05-14 07:17:11.596] [21703637][I][climate_control.cpp:434] task_climate_control(): [T6_CLI] [T6] T_avg=23 t_max=28 hyst=5 → step_t=0 | RH_avg=40 rh_max=75 rh_min=50 hyst=12 rh_en=1 → step_rh=0 | resolved=0 (was cur_t=0 cur_rh=0)
[2026-05-14 07:17:15.014] [21707065][I][main.cpp:160] task_watchdog_heartbeat(): [GHC] T1 tick 43250  uptime 21707 s
[2026-05-14 07:17:20.032] [21712083][I][main.cpp:160] task_watchdog_heartbeat(): [GHC] T1 tick 43260  uptime 21712 s
[2026-05-14 07:17:25.040] [21717092][I][main.cpp:160] task_watchdog_heartbeat(): [GHC] T1 tick 43270  uptime 21717 s
[2026-05-14 07:17:30.058] [21722109][I][main.cpp:160] task_watchdog_heartbeat(): [GHC] T1 tick 43280  uptime 21722 s
[2026-05-14 07:17:35.076] [21727127][I][main.cpp:160] task_watchdog_heartbeat(): [GHC] T1 tick 43290  uptime 21727 s
[2026-05-14 07:17:40.094] [21732145][I][main.cpp:160] task_watchdog_heartbeat(): [GHC] T1 tick 43300  uptime 21732 s
[2026-05-14 07:17:41.587] [21733637][I][sensor_poll.cpp:359] task_sensor_poll(): [T5_SEN] [T5] iter 710 — woke from 30 s delay
[2026-05-14 07:17:41.595] [21733646][I][sensor_poll.cpp:395] task_sensor_poll(): [T5_SEN] [T5] iter 710 — polling FG6485A
[2026-05-14 07:17:41.626] [21733679][I][sensor_poll.cpp:432] task_sensor_poll(): [T5_SEN] [T5] iter 710 — polling S200
[2026-05-14 07:17:42.170] [21734217][I][sensor_poll.cpp:535] task_sensor_poll(): [T5_SEN] [T5] T=23°C RH=40% ws=0.0 m/s wd=0° | avg T=23 RH=40 ws=0.0 wd=0° [win T=12 RH=20 W=12]
[2026-05-14 07:17:42.190] [21734231][I][climate_control.cpp:434] task_climate_control(): [T6_CLI] [T6] T_avg=23 t_max=28 hyst=5 → step_t=0 | RH_avg=40 rh_max=75 rh_min=50 hyst=12 rh_en=1 → step_rh=0 | resolved=0 (was cur_t=0 cur_rh=0)
[2026-05-14 07:17:45.112] [21737163][I][main.cpp:160] task_watchdog_heartbeat(): [GHC] T1 tick 43310  uptime 21737 s
[2026-05-14 07:17:50.130] [21742181][I][main.cpp:160] task_watchdog_heartbeat(): [GHC] T1 tick 43320  uptime 21742 s
[2026-05-14 07:17:51.168] [21743218][I][data_manager.cpp:229] read_rtc_and_seed_clock(): [T4] RTC: 2026-05-14 07:17:48 UTC  unix=1778743068  daytime=yes
[2026-05-14 07:17:55.148] [21747199][I][main.cpp:160] task_watchdog_heartbeat(): [GHC] T1 tick 43330  uptime 21747 s
[2026-05-14 07:18:00.166] [21752217][I][main.cpp:160] task_watchdog_heartbeat(): [GHC] T1 tick 43340  uptime 21752 s
[2026-05-14 07:18:05.184] [21757235][I][main.cpp:160] task_watchdog_heartbeat(): [GHC] T1 tick 43350  uptime 21757 s
[2026-05-14 07:18:10.202] [21762253][I][main.cpp:160] task_watchdog_heartbeat(): [GHC] T1 tick 43360  uptime 21762 s
[2026-05-14 07:18:12.181] [21764231][I][sensor_poll.cpp:359] task_sensor_poll(): [T5_SEN] [T5] iter 711 — woke from 30 s delay
[2026-05-14 07:18:12.190] [21764240][I][sensor_poll.cpp:395] task_sensor_poll(): [T5_SEN] [T5] iter 711 — polling FG6485A
[2026-05-14 07:18:12.222] [21764274][I][sensor_poll.cpp:432] task_sensor_poll(): [T5_SEN] [T5] iter 711 — polling S200
[2026-05-14 07:18:12.766] [21764813][I][sensor_poll.cpp:535] task_sensor_poll(): [T5_SEN] [T5] T=23°C RH=40% ws=0.0 m/s wd=0° | avg T=23 RH=40 ws=0.0 wd=0° [win T=12 RH=20 W=12]
[2026-05-14 07:18:12.786] [21764827][I][climate_control.cpp:434] task_climate_control(): [T6_CLI] [T6] T_avg=23 t_max=28 hyst=5 → step_t=0 | RH_avg=40 rh_max=75 rh_min=50 hyst=12 rh_en=1 → step_rh=0 | resolved=0 (was cur_t=0 cur_rh=0)
[2026-05-14 07:18:15.220] [21767271][I][main.cpp:160] task_watchdog_heartbeat(): [GHC] T1 tick 43370  uptime 21767 s
[2026-05-14 07:18:20.238] [21772289][I][main.cpp:160] task_watchdog_heartbeat(): [GHC] T1 tick 43380  uptime 21772 s
[2026-05-14 07:18:25.256] [21777307][I][main.cpp:160] task_watchdog_heartbeat(): [GHC] T1 tick 43390  uptime 21777 s
[2026-05-14 07:18:30.274] [21782325][I][main.cpp:160] task_watchdog_heartbeat(): [GHC] T1 tick 43400  uptime 21782 s
[2026-05-14 07:18:35.292] [21787343][I][main.cpp:160] task_watchdog_heartbeat(): [GHC] T1 tick 43410  uptime 21787 s
[2026-05-14 07:18:40.310] [21792361][I][main.cpp:160] task_watchdog_heartbeat(): [GHC] T1 tick 43420  uptime 21792 s
[2026-05-14 07:18:42.777] [21794827][I][sensor_poll.cpp:359] task_sensor_poll(): [T5_SEN] [T5] iter 712 — woke from 30 s delay
[2026-05-14 07:18:42.786] [21794836][I][sensor_poll.cpp:395] task_sensor_poll(): [T5_SEN] [T5] iter 712 — polling FG6485A
[2026-05-14 07:18:42.816] [21794868][I][sensor_poll.cpp:432] task_sensor_poll(): [T5_SEN] [T5] iter 712 — polling S200
[2026-05-14 07:18:43.360] [21795407][I][sensor_poll.cpp:535] task_sensor_poll(): [T5_SEN] [T5] T=23°C RH=40% ws=0.0 m/s wd=0° | avg T=23 RH=40 ws=0.0 wd=0° [win T=12 RH=20 W=12]
[2026-05-14 07:18:43.380] [21795421][I][climate_control.cpp:434] task_climate_control(): [T6_CLI] [T6] T_avg=23 t_max=28 hyst=5 → step_t=0 | RH_avg=40 rh_max=75 rh_min=50 hyst=12 rh_en=1 → step_rh=0 | resolved=0 (was cur_t=0 cur_rh=0)
[2026-05-14 07:18:45.328] [21797379][I][main.cpp:160] task_watchdog_heartbeat(): [GHC] T1 tick 43430  uptime 21797 s
[2026-05-14 07:18:50.346] [21802397][I][main.cpp:160] task_watchdog_heartbeat(): [GHC] T1 tick 43440  uptime 21802 s
[2026-05-14 07:18:50.358] [21802407][I][data_manager.cpp:229] read_rtc_and_seed_clock(): [T4] RTC: 2026-05-14 07:18:47 UTC  unix=1778743127  daytime=yes
[2026-05-14 07:18:55.364] [21807415][I][main.cpp:160] task_watchdog_heartbeat(): [GHC] T1 tick 43450  uptime 21807 s
[2026-05-14 07:19:00.382] [21812433][I][main.cpp:160] task_watchdog_heartbeat(): [GHC] T1 tick 43460  uptime 21812 s
[2026-05-14 07:19:05.400] [21817451][I][main.cpp:160] task_watchdog_heartbeat(): [GHC] T1 tick 43470  uptime 21817 s
[2026-05-14 07:19:10.419] [21822469][I][main.cpp:160] task_watchdog_heartbeat(): [GHC] T1 tick 43480  uptime 21822 s
[2026-05-14 07:19:13.371] [21825421][I][sensor_poll.cpp:359] task_sensor_poll(): [T5_SEN] [T5] iter 713 — woke from 30 s delay
[2026-05-14 07:19:13.380] [21825430][I][sensor_poll.cpp:395] task_sensor_poll(): [T5_SEN] [T5] iter 713 — polling FG6485A
[2026-05-14 07:19:13.411] [21825463][I][sensor_poll.cpp:432] task_sensor_poll(): [T5_SEN] [T5] iter 713 — polling S200
[2026-05-14 07:19:13.956] [21826002][I][sensor_poll.cpp:535] task_sensor_poll(): [T5_SEN] [T5] T=23°C RH=40% ws=0.0 m/s wd=0° | avg T=23 RH=40 ws=0.0 wd=0° [win T=12 RH=20 W=12]
[2026-05-14 07:19:13.975] [21826016][I][climate_control.cpp:434] task_climate_control(): [T6_CLI] [T6] T_avg=23 t_max=28 hyst=5 → step_t=0 | RH_avg=40 rh_max=75 rh_min=50 hyst=12 rh_en=1 → step_rh=0 | resolved=0 (was cur_t=0 cur_rh=0)
[2026-05-14 07:19:15.436] [21827487][I][main.cpp:160] task_watchdog_heartbeat(): [GHC] T1 tick 43490  uptime 21827 s
[2026-05-14 07:19:20.454] [21832505][I][main.cpp:160] task_watchdog_heartbeat(): [GHC] T1 tick 43500  uptime 21832 s
[2026-05-14 07:19:25.472] [21837523][I][main.cpp:160] task_watchdog_heartbeat(): [GHC] T1 tick 43510  uptime 21837 s
[2026-05-14 07:19:30.491] [21842541][I][main.cpp:160] task_watchdog_heartbeat(): [GHC] T1 tick 43520  uptime 21842 s
[2026-05-14 07:19:35.509] [21847559][I][main.cpp:160] task_watchdog_heartbeat(): [GHC] T1 tick 43530  uptime 21847 s
[2026-05-14 07:19:40.527] [21852577][I][main.cpp:160] task_watchdog_heartbeat(): [GHC] T1 tick 43540  uptime 21852 s
[2026-05-14 07:19:43.967] [21856016][I][sensor_poll.cpp:359] task_sensor_poll(): [T5_SEN] [T5] iter 714 — woke from 30 s delay
[2026-05-14 07:19:43.975] [21856025][I][sensor_poll.cpp:395] task_sensor_poll(): [T5_SEN] [T5] iter 714 — polling FG6485A
[2026-05-14 07:19:44.006] [21856058][I][sensor_poll.cpp:432] task_sensor_poll(): [T5_SEN] [T5] iter 714 — polling S200
[2026-05-14 07:19:44.549] [21856596][I][sensor_poll.cpp:535] task_sensor_poll(): [T5_SEN] [T5] T=23°C RH=40% ws=0.0 m/s wd=0° | avg T=23 RH=40 ws=0.0 wd=0° [win T=12 RH=20 W=12]
[2026-05-14 07:19:44.570] [21856610][I][climate_control.cpp:434] task_climate_control(): [T6_CLI] [T6] T_avg=23 t_max=28 hyst=5 → step_t=0 | RH_avg=40 rh_max=75 rh_min=50 hyst=12 rh_en=1 → step_rh=0 | resolved=0 (was cur_t=0 cur_rh=0)
[2026-05-14 07:19:45.543] [21857594][I][main.cpp:160] task_watchdog_heartbeat(): [GHC] T1 tick 43550  uptime 21857 s
[2026-05-14 07:19:49.553] [21861603][I][data_manager.cpp:229] read_rtc_and_seed_clock(): [T4] RTC: 2026-05-14 07:19:47 UTC  unix=1778743187  daytime=yes
[2026-05-14 07:19:50.560] [21862611][I][main.cpp:160] task_watchdog_heartbeat(): [GHC] T1 tick 43560  uptime 21862 s
[2026-05-14 07:19:55.579] [21867629][I][main.cpp:160] task_watchdog_heartbeat(): [GHC] T1 tick 43570  uptime 21867 s
[2026-05-14 07:20:00.597] [21872647][I][main.cpp:160] task_watchdog_heartbeat(): [GHC] T1 tick 43580  uptime 21872 s
[2026-05-14 07:20:05.614] [21877665][I][main.cpp:160] task_watchdog_heartbeat(): [GHC] T1 tick 43590  uptime 21877 s
[2026-05-14 07:20:10.633] [21882683][I][main.cpp:160] task_watchdog_heartbeat(): [GHC] T1 tick 43600  uptime 21882 s
[2026-05-14 07:20:14.561] [21886610][I][sensor_poll.cpp:359] task_sensor_poll(): [T5_SEN] [T5] iter 715 — woke from 30 s delay
[2026-05-14 07:20:14.569] [21886619][I][sensor_poll.cpp:395] task_sensor_poll(): [T5_SEN] [T5] iter 715 — polling FG6485A
[2026-05-14 07:20:14.600] [21886651][I][sensor_poll.cpp:432] task_sensor_poll(): [T5_SEN] [T5] iter 715 — polling S200
[2026-05-14 07:20:15.143] [21887189][I][sensor_poll.cpp:535] task_sensor_poll(): [T5_SEN] [T5] T=23°C RH=40% ws=0.0 m/s wd=0° | avg T=23 RH=40 ws=0.0 wd=0° [win T=12 RH=20 W=12]
[2026-05-14 07:20:15.163] [21887203][I][climate_control.cpp:434] task_climate_control(): [T6_CLI] [T6] T_avg=23 t_max=28 hyst=5 → step_t=0 | RH_avg=40 rh_max=75 rh_min=50 hyst=12 rh_en=1 → step_rh=0 | resolved=0 (was cur_t=0 cur_rh=0)
[2026-05-14 07:20:15.651] [21887701][I][main.cpp:160] task_watchdog_heartbeat(): [GHC] T1 tick 43610  uptime 21887 s
[2026-05-14 07:20:20.669] [21892719][I][main.cpp:160] task_watchdog_heartbeat(): [GHC] T1 tick 43620  uptime 21892 s
[2026-05-14 07:20:25.687] [21897737][I][main.cpp:160] task_watchdog_heartbeat(): [GHC] T1 tick 43630  uptime 21897 s
[2026-05-14 07:20:30.705] [21902755][I][main.cpp:160] task_watchdog_heartbeat(): [GHC] T1 tick 43640  uptime 21902 s
[2026-05-14 07:20:35.723] [21907773][I][main.cpp:160] task_watchdog_heartbeat(): [GHC] T1 tick 43650  uptime 21907 s
[2026-05-14 07:20:40.741] [21912791][I][main.cpp:160] task_watchdog_heartbeat(): [GHC] T1 tick 43660  uptime 21912 s
[2026-05-14 07:20:45.154] [21917203][I][sensor_poll.cpp:359] task_sensor_poll(): [T5_SEN] [T5] iter 716 — woke from 30 s delay
[2026-05-14 07:20:45.163] [21917212][I][sensor_poll.cpp:395] task_sensor_poll(): [T5_SEN] [T5] iter 716 — polling FG6485A
[2026-05-14 07:20:45.193] [21917244][I][sensor_poll.cpp:432] task_sensor_poll(): [T5_SEN] [T5] iter 716 — polling S200
[2026-05-14 07:20:45.737] [21917783][I][sensor_poll.cpp:535] task_sensor_poll(): [T5_SEN] [T5] T=23°C RH=40% ws=0.0 m/s wd=0° | avg T=23 RH=40 ws=0.0 wd=0° [win T=12 RH=20 W=12]
[2026-05-14 07:20:45.756] [21917797][I][climate_control.cpp:434] task_climate_control(): [T6_CLI] [T6] T_avg=23 t_max=28 hyst=5 → step_t=0 | RH_avg=40 rh_max=75 rh_min=50 hyst=12 rh_en=1 → step_rh=0 | resolved=0 (was cur_t=0 cur_rh=0)
[2026-05-14 07:20:45.765] [21917809][I][main.cpp:160] task_watchdog_heartbeat(): [GHC] T1 tick 43670  uptime 21917 s
[2026-05-14 07:20:48.735] [21920784][I][data_manager.cpp:229] read_rtc_and_seed_clock(): [T4] RTC: 2026-05-14 07:20:46 UTC  unix=1778743246  daytime=yes
[2026-05-14 07:20:50.783] [21922833][I][main.cpp:160] task_watchdog_heartbeat(): [GHC] T1 tick 43680  uptime 21922 s
[2026-05-14 07:20:55.801] [21927851][I][main.cpp:160] task_watchdog_heartbeat(): [GHC] T1 tick 43690  uptime 21927 s
[2026-05-14 07:21:00.819] [21932869][I][main.cpp:160] task_watchdog_heartbeat(): [GHC] T1 tick 43700  uptime 21932 s
[2026-05-14 07:21:05.837] [21937887][I][main.cpp:160] task_watchdog_heartbeat(): [GHC] T1 tick 43710  uptime 21937 s
[2026-05-14 07:21:10.855] [21942905][I][main.cpp:160] task_watchdog_heartbeat(): [GHC] T1 tick 43720  uptime 21942 s
[2026-05-14 07:21:15.748] [21947797][I][sensor_poll.cpp:359] task_sensor_poll(): [T5_SEN] [T5] iter 717 — woke from 30 s delay
[2026-05-14 07:21:15.757] [21947806][I][sensor_poll.cpp:395] task_sensor_poll(): [T5_SEN] [T5] iter 717 — polling FG6485A
[2026-05-14 07:21:15.788] [21947839][I][sensor_poll.cpp:432] task_sensor_poll(): [T5_SEN] [T5] iter 717 — polling S200
[2026-05-14 07:21:15.873] [21947923][I][main.cpp:160] task_watchdog_heartbeat(): [GHC] T1 tick 43730  uptime 21947 s
[2026-05-14 07:21:16.331] [21948377][I][sensor_poll.cpp:535] task_sensor_poll(): [T5_SEN] [T5] T=23°C RH=40% ws=0.0 m/s wd=0° | avg T=23 RH=40 ws=0.0 wd=0° [win T=12 RH=20 W=12]
[2026-05-14 07:21:16.351] [21948391][I][climate_control.cpp:434] task_climate_control(): [T6_CLI] [T6] T_avg=23 t_max=28 hyst=5 → step_t=0 | RH_avg=40 rh_max=75 rh_min=50 hyst=12 rh_en=1 → step_rh=0 | resolved=0 (was cur_t=0 cur_rh=0)
[2026-05-14 07:21:20.891] [21952941][I][main.cpp:160] task_watchdog_heartbeat(): [GHC] T1 tick 43740  uptime 21952 s
[2026-05-14 07:21:25.909] [21957959][I][main.cpp:160] task_watchdog_heartbeat(): [GHC] T1 tick 43750  uptime 21957 s
[2026-05-14 07:21:30.927] [21962977][I][main.cpp:160] task_watchdog_heartbeat(): [GHC] T1 tick 43760  uptime 21962 s
[2026-05-14 07:21:35.945] [21967995][I][main.cpp:160] task_watchdog_heartbeat(): [GHC] T1 tick 43770  uptime 21967 s
[2026-05-14 07:21:40.963] [21973013][I][main.cpp:160] task_watchdog_heartbeat(): [GHC] T1 tick 43780  uptime 21973 s
[2026-05-14 07:21:45.982] [21978031][I][main.cpp:160] task_watchdog_heartbeat(): [GHC] T1 tick 43790  uptime 21978 s
[2026-05-14 07:21:46.342] [21978391][I][sensor_poll.cpp:359] task_sensor_poll(): [T5_SEN] [T5] iter 718 — woke from 30 s delay
[2026-05-14 07:21:46.351] [21978400][I][sensor_poll.cpp:395] task_sensor_poll(): [T5_SEN] [T5] iter 718 — polling FG6485A
[2026-05-14 07:21:46.382] [21978433][I][sensor_poll.cpp:432] task_sensor_poll(): [T5_SEN] [T5] iter 718 — polling S200
[2026-05-14 07:21:46.926] [21978971][I][sensor_poll.cpp:535] task_sensor_poll(): [T5_SEN] [T5] T=23°C RH=40% ws=0.0 m/s wd=0° | avg T=23 RH=40 ws=0.0 wd=0° [win T=12 RH=20 W=12]
[2026-05-14 07:21:46.945] [21978985][I][climate_control.cpp:434] task_climate_control(): [T6_CLI] [T6] T_avg=23 t_max=28 hyst=5 → step_t=0 | RH_avg=40 rh_max=75 rh_min=50 hyst=12 rh_en=1 → step_rh=0 | resolved=0 (was cur_t=0 cur_rh=0)
[2026-05-14 07:21:47.924] [21979972][I][data_manager.cpp:229] read_rtc_and_seed_clock(): [T4] RTC: 2026-05-14 07:21:45 UTC  unix=1778743305  daytime=yes
[2026-05-14 07:21:51.000] [21983049][I][main.cpp:160] task_watchdog_heartbeat(): [GHC] T1 tick 43800  uptime 21983 s
[2026-05-14 07:21:56.018] [21988067][I][main.cpp:160] task_watchdog_heartbeat(): [GHC] T1 tick 43810  uptime 21988 s
[2026-05-14 07:22:01.036] [21993085][I][main.cpp:160] task_watchdog_heartbeat(): [GHC] T1 tick 43820  uptime 21993 s
[2026-05-14 07:22:06.045] [21998095][I][main.cpp:160] task_watchdog_heartbeat(): [GHC] T1 tick 43830  uptime 21998 s
[2026-05-14 07:22:11.063] [22003112][I][main.cpp:160] task_watchdog_heartbeat(): [GHC] T1 tick 43840  uptime 22003 s
[2026-05-14 07:22:16.081] [22008130][I][main.cpp:160] task_watchdog_heartbeat(): [GHC] T1 tick 43850  uptime 22008 s
[2026-05-14 07:22:16.937] [22008985][I][sensor_poll.cpp:359] task_sensor_poll(): [T5_SEN] [T5] iter 719 — woke from 30 s delay
[2026-05-14 07:22:16.945] [22008994][I][sensor_poll.cpp:395] task_sensor_poll(): [T5_SEN] [T5] iter 719 — polling FG6485A
[2026-05-14 07:22:16.975] [22009026][I][sensor_poll.cpp:432] task_sensor_poll(): [T5_SEN] [T5] iter 719 — polling S200
[2026-05-14 07:22:17.519] [22009565][I][sensor_poll.cpp:535] task_sensor_poll(): [T5_SEN] [T5] T=23°C RH=40% ws=0.0 m/s wd=0° | avg T=23 RH=40 ws=0.0 wd=0° [win T=12 RH=20 W=12]
[2026-05-14 07:22:17.540] [22009579][I][climate_control.cpp:434] task_climate_control(): [T6_CLI] [T6] T_avg=23 t_max=28 hyst=5 → step_t=0 | RH_avg=40 rh_max=75 rh_min=50 hyst=12 rh_en=1 → step_rh=0 | resolved=0 (was cur_t=0 cur_rh=0)
[2026-05-14 07:22:21.099] [22013148][I][main.cpp:160] task_watchdog_heartbeat(): [GHC] T1 tick 43860  uptime 22013 s
[2026-05-14 07:22:26.117] [22018166][I][main.cpp:160] task_watchdog_heartbeat(): [GHC] T1 tick 43870  uptime 22018 s
[2026-05-14 07:22:31.135] [22023184][I][main.cpp:160] task_watchdog_heartbeat(): [GHC] T1 tick 43880  uptime 22023 s
[2026-05-14 07:22:36.153] [22028202][I][main.cpp:160] task_watchdog_heartbeat(): [GHC] T1 tick 43890  uptime 22028 s
[2026-05-14 07:22:41.171] [22033220][I][main.cpp:160] task_watchdog_heartbeat(): [GHC] T1 tick 43900  uptime 22033 s
[2026-05-14 07:22:46.189] [22038238][I][main.cpp:160] task_watchdog_heartbeat(): [GHC] T1 tick 43910  uptime 22038 s
[2026-05-14 07:22:47.518] [22039566][I][data_manager.cpp:229] read_rtc_and_seed_clock(): [T4] RTC: 2026-05-14 07:22:45 UTC  unix=1778743365  daytime=yes
[2026-05-14 07:22:47.531] [22039579][I][sensor_poll.cpp:359] task_sensor_poll(): [T5_SEN] [T5] iter 720 — woke from 30 s delay
[2026-05-14 07:22:47.539] [22039588][I][sensor_poll.cpp:395] task_sensor_poll(): [T5_SEN] [T5] iter 720 — polling FG6485A
[2026-05-14 07:22:47.570] [22039620][I][sensor_poll.cpp:432] task_sensor_poll(): [T5_SEN] [T5] iter 720 — polling S200
[2026-05-14 07:22:48.114] [22040159][I][sensor_poll.cpp:535] task_sensor_poll(): [T5_SEN] [T5] T=23°C RH=40% ws=0.0 m/s wd=0° | avg T=23 RH=40 ws=0.0 wd=0° [win T=12 RH=20 W=12]
[2026-05-14 07:22:48.134] [22040173][I][climate_control.cpp:434] task_climate_control(): [T6_CLI] [T6] T_avg=23 t_max=28 hyst=5 → step_t=0 | RH_avg=40 rh_max=75 rh_min=50 hyst=12 rh_en=1 → step_rh=0 | resolved=0 (was cur_t=0 cur_rh=0)
[2026-05-14 07:22:51.207] [22043256][I][main.cpp:160] task_watchdog_heartbeat(): [GHC] T1 tick 43920  uptime 22043 s
[2026-05-14 07:22:56.225] [22048274][I][main.cpp:160] task_watchdog_heartbeat(): [GHC] T1 tick 43930  uptime 22048 s
[2026-05-14 07:23:01.243] [22053292][I][main.cpp:160] task_watchdog_heartbeat(): [GHC] T1 tick 43940  uptime 22053 s
[2026-05-14 07:23:06.261] [22058310][I][main.cpp:160] task_watchdog_heartbeat(): [GHC] T1 tick 43950  uptime 22058 s
[2026-05-14 07:23:11.279] [22063328][I][main.cpp:160] task_watchdog_heartbeat(): [GHC] T1 tick 43960  uptime 22063 s
[2026-05-14 07:23:16.297] [22068346][I][main.cpp:160] task_watchdog_heartbeat(): [GHC] T1 tick 43970  uptime 22068 s
[2026-05-14 07:23:18.125] [22070173][I][sensor_poll.cpp:359] task_sensor_poll(): [T5_SEN] [T5] iter 721 — woke from 30 s delay
[2026-05-14 07:23:18.133] [22070182][I][sensor_poll.cpp:395] task_sensor_poll(): [T5_SEN] [T5] iter 721 — polling FG6485A
[2026-05-14 07:23:18.164] [22070215][I][sensor_poll.cpp:432] task_sensor_poll(): [T5_SEN] [T5] iter 721 — polling S200
[2026-05-14 07:23:18.708] [22070753][I][sensor_poll.cpp:535] task_sensor_poll(): [T5_SEN] [T5] T=23°C RH=39% ws=0.0 m/s wd=0° | avg T=23 RH=40 ws=0.0 wd=0° [win T=12 RH=20 W=12]
[2026-05-14 07:23:18.728] [22070767][I][climate_control.cpp:434] task_climate_control(): [T6_CLI] [T6] T_avg=23 t_max=28 hyst=5 → step_t=0 | RH_avg=40 rh_max=75 rh_min=50 hyst=12 rh_en=1 → step_rh=0 | resolved=0 (was cur_t=0 cur_rh=0)
[2026-05-14 07:23:21.315] [22073364][I][main.cpp:160] task_watchdog_heartbeat(): [GHC] T1 tick 43980  uptime 22073 s
[2026-05-14 07:23:26.333] [22078382][I][main.cpp:160] task_watchdog_heartbeat(): [GHC] T1 tick 43990  uptime 22078 s
[2026-05-14 07:23:31.351] [22083400][I][main.cpp:160] task_watchdog_heartbeat(): [GHC] T1 tick 44000  uptime 22083 s
[2026-05-14 07:23:36.369] [22088418][I][main.cpp:160] task_watchdog_heartbeat(): [GHC] T1 tick 44010  uptime 22088 s
[2026-05-14 07:23:41.387] [22093436][I][main.cpp:160] task_watchdog_heartbeat(): [GHC] T1 tick 44020  uptime 22093 s
[2026-05-14 07:23:46.405] [22098454][I][main.cpp:160] task_watchdog_heartbeat(): [GHC] T1 tick 44030  uptime 22098 s
[2026-05-14 07:23:46.706] [22098754][I][data_manager.cpp:229] read_rtc_and_seed_clock(): [T4] RTC: 2026-05-14 07:23:44 UTC  unix=1778743424  daytime=yes
[2026-05-14 07:23:48.719] [22100767][I][sensor_poll.cpp:359] task_sensor_poll(): [T5_SEN] [T5] iter 722 — woke from 30 s delay
[2026-05-14 07:23:48.728] [22100776][I][sensor_poll.cpp:395] task_sensor_poll(): [T5_SEN] [T5] iter 722 — polling FG6485A
[2026-05-14 07:23:48.759] [22100809][I][sensor_poll.cpp:432] task_sensor_poll(): [T5_SEN] [T5] iter 722 — polling S200
[2026-05-14 07:23:49.302] [22101347][I][sensor_poll.cpp:535] task_sensor_poll(): [T5_SEN] [T5] T=23°C RH=40% ws=0.0 m/s wd=0° | avg T=23 RH=40 ws=0.0 wd=0° [win T=12 RH=20 W=12]
[2026-05-14 07:23:49.322] [22101361][I][climate_control.cpp:434] task_climate_control(): [T6_CLI] [T6] T_avg=23 t_max=28 hyst=5 → step_t=0 | RH_avg=40 rh_max=75 rh_min=50 hyst=12 rh_en=1 → step_rh=0 | resolved=0 (was cur_t=0 cur_rh=0)
[2026-05-14 07:23:51.423] [22103472][I][main.cpp:160] task_watchdog_heartbeat(): [GHC] T1 tick 44040  uptime 22103 s
[2026-05-14 07:23:56.441] [22108490][I][main.cpp:160] task_watchdog_heartbeat(): [GHC] T1 tick 44050  uptime 22108 s
[2026-05-14 07:24:01.459] [22113508][I][main.cpp:160] task_watchdog_heartbeat(): [GHC] T1 tick 44060  uptime 22113 s
[2026-05-14 07:24:06.477] [22118526][I][main.cpp:160] task_watchdog_heartbeat(): [GHC] T1 tick 44070  uptime 22118 s
[2026-05-14 07:24:11.495] [22123544][I][main.cpp:160] task_watchdog_heartbeat(): [GHC] T1 tick 44080  uptime 22123 s
[2026-05-14 07:24:16.513] [22128562][I][main.cpp:160] task_watchdog_heartbeat(): [GHC] T1 tick 44090  uptime 22128 s
[2026-05-14 07:24:19.313] [22131361][I][sensor_poll.cpp:359] task_sensor_poll(): [T5_SEN] [T5] iter 723 — woke from 30 s delay
[2026-05-14 07:24:19.322] [22131370][I][sensor_poll.cpp:395] task_sensor_poll(): [T5_SEN] [T5] iter 723 — polling FG6485A
[2026-05-14 07:24:19.352] [22131402][I][sensor_poll.cpp:432] task_sensor_poll(): [T5_SEN] [T5] iter 723 — polling S200
[2026-05-14 07:24:19.896] [22131941][I][sensor_poll.cpp:535] task_sensor_poll(): [T5_SEN] [T5] T=23°C RH=40% ws=0.0 m/s wd=0° | avg T=23 RH=40 ws=0.0 wd=0° [win T=12 RH=20 W=12]
[2026-05-14 07:24:19.916] [22131955][I][climate_control.cpp:434] task_climate_control(): [T6_CLI] [T6] T_avg=23 t_max=28 hyst=5 → step_t=0 | RH_avg=40 rh_max=75 rh_min=50 hyst=12 rh_en=1 → step_rh=0 | resolved=0 (was cur_t=0 cur_rh=0)
[2026-05-14 07:24:21.531] [22133580][I][main.cpp:160] task_watchdog_heartbeat(): [GHC] T1 tick 44100  uptime 22133 s
[2026-05-14 07:24:26.547] [22138596][I][main.cpp:160] task_watchdog_heartbeat(): [GHC] T1 tick 44110  uptime 22138 s
[2026-05-14 07:24:31.566] [22143614][I][main.cpp:160] task_watchdog_heartbeat(): [GHC] T1 tick 44120  uptime 22143 s
[2026-05-14 07:24:36.583] [22148632][I][main.cpp:160] task_watchdog_heartbeat(): [GHC] T1 tick 44130  uptime 22148 s
[2026-05-14 07:24:41.601] [22153650][I][main.cpp:160] task_watchdog_heartbeat(): [GHC] T1 tick 44140  uptime 22153 s
[2026-05-14 07:24:45.895] [22157942][I][data_manager.cpp:229] read_rtc_and_seed_clock(): [T4] RTC: 2026-05-14 07:24:43 UTC  unix=1778743483  daytime=yes
[2026-05-14 07:24:46.620] [22158668][I][main.cpp:160] task_watchdog_heartbeat(): [GHC] T1 tick 44150  uptime 22158 s
[2026-05-14 07:24:49.908] [22161955][I][sensor_poll.cpp:359] task_sensor_poll(): [T5_SEN] [T5] iter 724 — woke from 30 s delay
[2026-05-14 07:24:49.916] [22161964][I][sensor_poll.cpp:395] task_sensor_poll(): [T5_SEN] [T5] iter 724 — polling FG6485A
[2026-05-14 07:24:49.946] [22161996][I][sensor_poll.cpp:432] task_sensor_poll(): [T5_SEN] [T5] iter 724 — polling S200
[2026-05-14 07:24:50.491] [22162535][I][sensor_poll.cpp:535] task_sensor_poll(): [T5_SEN] [T5] T=23°C RH=39% ws=0.0 m/s wd=0° | avg T=23 RH=40 ws=0.0 wd=0° [win T=12 RH=20 W=12]
[2026-05-14 07:24:50.511] [22162549][I][climate_control.cpp:434] task_climate_control(): [T6_CLI] [T6] T_avg=23 t_max=28 hyst=5 → step_t=0 | RH_avg=40 rh_max=75 rh_min=50 hyst=12 rh_en=1 → step_rh=0 | resolved=0 (was cur_t=0 cur_rh=0)
[2026-05-14 07:24:51.638] [22163686][I][main.cpp:160] task_watchdog_heartbeat(): [GHC] T1 tick 44160  uptime 22163 s
[2026-05-14 07:24:56.655] [22168704][I][main.cpp:160] task_watchdog_heartbeat(): [GHC] T1 tick 44170  uptime 22168 s
[2026-05-14 07:25:01.674] [22173722][I][main.cpp:160] task_watchdog_heartbeat(): [GHC] T1 tick 44180  uptime 22173 s
[2026-05-14 07:25:06.691] [22178740][I][main.cpp:160] task_watchdog_heartbeat(): [GHC] T1 tick 44190  uptime 22178 s
[2026-05-14 07:25:11.709] [22183757][I][main.cpp:160] task_watchdog_heartbeat(): [GHC] T1 tick 44200  uptime 22183 s
[2026-05-14 07:25:16.727] [22188775][I][main.cpp:160] task_watchdog_heartbeat(): [GHC] T1 tick 44210  uptime 22188 s
[2026-05-14 07:25:20.502] [22192549][I][sensor_poll.cpp:359] task_sensor_poll(): [T5_SEN] [T5] iter 725 — woke from 30 s delay
[2026-05-14 07:25:20.510] [22192558][I][sensor_poll.cpp:395] task_sensor_poll(): [T5_SEN] [T5] iter 725 — polling FG6485A
[2026-05-14 07:25:20.541] [22192591][I][sensor_poll.cpp:432] task_sensor_poll(): [T5_SEN] [T5] iter 725 — polling S200
[2026-05-14 07:25:21.085] [22193129][I][sensor_poll.cpp:535] task_sensor_poll(): [T5_SEN] [T5] T=23°C RH=40% ws=0.0 m/s wd=0° | avg T=23 RH=40 ws=0.0 wd=0° [win T=12 RH=20 W=12]
[2026-05-14 07:25:21.105] [22193143][I][climate_control.cpp:434] task_climate_control(): [T6_CLI] [T6] T_avg=23 t_max=28 hyst=5 → step_t=0 | RH_avg=40 rh_max=75 rh_min=50 hyst=12 rh_en=1 → step_rh=0 | resolved=0 (was cur_t=0 cur_rh=0)
[2026-05-14 07:25:21.745] [22193793][I][main.cpp:160] task_watchdog_heartbeat(): [GHC] T1 tick 44220  uptime 22193 s
[2026-05-14 07:25:26.763] [22198811][I][main.cpp:160] task_watchdog_heartbeat(): [GHC] T1 tick 44230  uptime 22198 s
[2026-05-14 07:25:31.781] [22203829][I][main.cpp:160] task_watchdog_heartbeat(): [GHC] T1 tick 44240  uptime 22203 s
[2026-05-14 07:25:36.799] [22208847][I][main.cpp:160] task_watchdog_heartbeat(): [GHC] T1 tick 44250  uptime 22208 s
[2026-05-14 07:25:41.817] [22213865][I][main.cpp:160] task_watchdog_heartbeat(): [GHC] T1 tick 44260  uptime 22213 s
[2026-05-14 07:25:45.083] [22217130][I][data_manager.cpp:229] read_rtc_and_seed_clock(): [T4] RTC: 2026-05-14 07:25:42 UTC  unix=1778743542  daytime=yes
[2026-05-14 07:25:46.835] [22218883][I][main.cpp:160] task_watchdog_heartbeat(): [GHC] T1 tick 44270  uptime 22218 s
[2026-05-14 07:25:51.096] [22223143][I][sensor_poll.cpp:359] task_sensor_poll(): [T5_SEN] [T5] iter 726 — woke from 30 s delay
[2026-05-14 07:25:51.104] [22223152][I][sensor_poll.cpp:395] task_sensor_poll(): [T5_SEN] [T5] iter 726 — polling FG6485A
[2026-05-14 07:25:51.135] [22223185][I][sensor_poll.cpp:432] task_sensor_poll(): [T5_SEN] [T5] iter 726 — polling S200
[2026-05-14 07:25:51.679] [22223723][I][sensor_poll.cpp:535] task_sensor_poll(): [T5_SEN] [T5] T=23°C RH=39% ws=0.0 m/s wd=0° | avg T=23 RH=40 ws=0.0 wd=0° [win T=12 RH=20 W=12]
[2026-05-14 07:25:51.699] [22223737][I][climate_control.cpp:434] task_climate_control(): [T6_CLI] [T6] T_avg=23 t_max=28 hyst=5 → step_t=0 | RH_avg=40 rh_max=75 rh_min=50 hyst=12 rh_en=1 → step_rh=0 | resolved=0 (was cur_t=0 cur_rh=0)
[2026-05-14 07:25:51.853] [22223901][I][main.cpp:160] task_watchdog_heartbeat(): [GHC] T1 tick 44280  uptime 22223 s
[2026-05-14 07:25:56.871] [22228919][I][main.cpp:160] task_watchdog_heartbeat(): [GHC] T1 tick 44290  uptime 22228 s
[2026-05-14 07:26:01.889] [22233937][I][main.cpp:160] task_watchdog_heartbeat(): [GHC] T1 tick 44300  uptime 22233 s
[2026-05-14 07:26:06.907] [22238955][I][main.cpp:160] task_watchdog_heartbeat(): [GHC] T1 tick 44310  uptime 22238 s
[2026-05-14 07:26:11.925] [22243973][I][main.cpp:160] task_watchdog_heartbeat(): [GHC] T1 tick 44320  uptime 22243 s
[2026-05-14 07:26:16.943] [22248991][I][main.cpp:160] task_watchdog_heartbeat(): [GHC] T1 tick 44330  uptime 22248 s
[2026-05-14 07:26:21.690] [22253737][I][sensor_poll.cpp:359] task_sensor_poll(): [T5_SEN] [T5] iter 727 — woke from 30 s delay
[2026-05-14 07:26:21.699] [22253746][I][sensor_poll.cpp:395] task_sensor_poll(): [T5_SEN] [T5] iter 727 — polling FG6485A
[2026-05-14 07:26:21.729] [22253778][I][sensor_poll.cpp:432] task_sensor_poll(): [T5_SEN] [T5] iter 727 — polling S200
[2026-05-14 07:26:21.961] [22254009][I][main.cpp:160] task_watchdog_heartbeat(): [GHC] T1 tick 44340  uptime 22254 s
[2026-05-14 07:26:22.273] [22254317][I][sensor_poll.cpp:535] task_sensor_poll(): [T5_SEN] [T5] T=23°C RH=39% ws=0.0 m/s wd=0° | avg T=23 RH=40 ws=0.0 wd=0° [win T=12 RH=20 W=12]
[2026-05-14 07:26:22.293] [22254331][I][climate_control.cpp:434] task_climate_control(): [T6_CLI] [T6] T_avg=23 t_max=28 hyst=5 → step_t=0 | RH_avg=40 rh_max=75 rh_min=50 hyst=12 rh_en=1 → step_rh=0 | resolved=0 (was cur_t=0 cur_rh=0)
[2026-05-14 07:26:26.979] [22259027][I][main.cpp:160] task_watchdog_heartbeat(): [GHC] T1 tick 44350  uptime 22259 s
[2026-05-14 07:26:31.997] [22264045][I][main.cpp:160] task_watchdog_heartbeat(): [GHC] T1 tick 44360  uptime 22264 s
[2026-05-14 07:26:37.015] [22269063][I][main.cpp:160] task_watchdog_heartbeat(): [GHC] T1 tick 44370  uptime 22269 s
[2026-05-14 07:26:42.033] [22274081][I][main.cpp:160] task_watchdog_heartbeat(): [GHC] T1 tick 44380  uptime 22274 s
[2026-05-14 07:26:44.272] [22276318][I][data_manager.cpp:229] read_rtc_and_seed_clock(): [T4] RTC: 2026-05-14 07:26:41 UTC  unix=1778743601  daytime=yes
[2026-05-14 07:26:47.049] [22279097][I][main.cpp:160] task_watchdog_heartbeat(): [GHC] T1 tick 44390  uptime 22279 s
[2026-05-14 07:26:52.065] [22284114][I][main.cpp:160] task_watchdog_heartbeat(): [GHC] T1 tick 44400  uptime 22284 s
[2026-05-14 07:26:52.073] [22284122][I][main.cpp:231] task_watchdog_heartbeat(): [GHC] stack T1  hwm=1980 B
[2026-05-14 07:26:52.082] [22284130][I][main.cpp:231] task_watchdog_heartbeat(): [GHC] stack T2  hwm=6196 B
[2026-05-14 07:26:52.088] [22284137][I][main.cpp:231] task_watchdog_heartbeat(): [GHC] stack T3  hwm=1980 B
[2026-05-14 07:26:52.096] [22284145][I][main.cpp:231] task_watchdog_heartbeat(): [GHC] stack T4  hwm=3956 B
[2026-05-14 07:26:52.102] [22284152][I][main.cpp:231] task_watchdog_heartbeat(): [GHC] stack T5  hwm=4260 B
[2026-05-14 07:26:52.111] [22284159][I][main.cpp:231] task_watchdog_heartbeat(): [GHC] stack T6  hwm=1604 B
[2026-05-14 07:26:52.119] [22284167][I][main.cpp:231] task_watchdog_heartbeat(): [GHC] stack T7  hwm=2472 B
[2026-05-14 07:26:52.125] [22284174][I][main.cpp:231] task_watchdog_heartbeat(): [GHC] stack T8  hwm=5940 B
[2026-05-14 07:26:52.133] [22284182][I][main.cpp:231] task_watchdog_heartbeat(): [GHC] stack T9  hwm=2532 B
[2026-05-14 07:26:52.139] [22284189][I][main.cpp:231] task_watchdog_heartbeat(): [GHC] stack T10 hwm=5636 B
[2026-05-14 07:26:52.148] [22284197][I][main.cpp:231] task_watchdog_heartbeat(): [GHC] stack T11 hwm=5508 B
[2026-05-14 07:26:52.154] [22284204][I][main.cpp:231] task_watchdog_heartbeat(): [GHC] stack T12 hwm=7508 B
[2026-05-14 07:26:52.163] [22284212][I][main.cpp:231] task_watchdog_heartbeat(): [GHC] stack T14 hwm=7732 B
[2026-05-14 07:26:52.284] [22284331][I][sensor_poll.cpp:359] task_sensor_poll(): [T5_SEN] [T5] iter 728 — woke from 30 s delay
[2026-05-14 07:26:52.293] [22284340][I][sensor_poll.cpp:395] task_sensor_poll(): [T5_SEN] [T5] iter 728 — polling FG6485A
[2026-05-14 07:26:52.323] [22284372][I][sensor_poll.cpp:432] task_sensor_poll(): [T5_SEN] [T5] iter 728 — polling S200
[2026-05-14 07:26:52.867] [22284911][I][sensor_poll.cpp:535] task_sensor_poll(): [T5_SEN] [T5] T=23°C RH=39% ws=0.0 m/s wd=0° | avg T=23 RH=40 ws=0.0 wd=0° [win T=12 RH=20 W=12]
[2026-05-14 07:26:52.887] [22284925][I][climate_control.cpp:434] task_climate_control(): [T6_CLI] [T6] T_avg=23 t_max=28 hyst=5 → step_t=0 | RH_avg=40 rh_max=75 rh_min=50 hyst=12 rh_en=1 → step_rh=0 | resolved=0 (was cur_t=0 cur_rh=0)
[2026-05-14 07:26:57.182] [22289229][I][main.cpp:160] task_watchdog_heartbeat(): [GHC] T1 tick 44410  uptime 22289 s
[2026-05-14 07:27:02.199] [22294247][I][main.cpp:160] task_watchdog_heartbeat(): [GHC] T1 tick 44420  uptime 22294 s
[2026-05-14 07:27:07.218] [22299265][I][main.cpp:160] task_watchdog_heartbeat(): [GHC] T1 tick 44430  uptime 22299 s
[2026-05-14 07:27:12.236] [22304283][I][main.cpp:160] task_watchdog_heartbeat(): [GHC] T1 tick 44440  uptime 22304 s
[2026-05-14 07:27:17.254] [22309301][I][main.cpp:160] task_watchdog_heartbeat(): [GHC] T1 tick 44450  uptime 22309 s
[2026-05-14 07:27:22.272] [22314319][I][main.cpp:160] task_watchdog_heartbeat(): [GHC] T1 tick 44460  uptime 22314 s
[2026-05-14 07:27:22.878] [22314925][I][sensor_poll.cpp:359] task_sensor_poll(): [T5_SEN] [T5] iter 729 — woke from 30 s delay
[2026-05-14 07:27:22.887] [22314934][I][sensor_poll.cpp:395] task_sensor_poll(): [T5_SEN] [T5] iter 729 — polling FG6485A
[2026-05-14 07:27:22.918] [22314967][I][sensor_poll.cpp:432] task_sensor_poll(): [T5_SEN] [T5] iter 729 — polling S200
[2026-05-14 07:27:23.462] [22315505][I][sensor_poll.cpp:535] task_sensor_poll(): [T5_SEN] [T5] T=23°C RH=40% ws=0.0 m/s wd=0° | avg T=23 RH=40 ws=0.0 wd=0° [win T=12 RH=20 W=12]
[2026-05-14 07:27:23.482] [22315519][I][climate_control.cpp:434] task_climate_control(): [T6_CLI] [T6] T_avg=23 t_max=28 hyst=5 → step_t=0 | RH_avg=40 rh_max=75 rh_min=50 hyst=12 rh_en=1 → step_rh=0 | resolved=0 (was cur_t=0 cur_rh=0)
[2026-05-14 07:27:27.290] [22319337][I][main.cpp:160] task_watchdog_heartbeat(): [GHC] T1 tick 44470  uptime 22319 s
[2026-05-14 07:27:32.308] [22324355][I][main.cpp:160] task_watchdog_heartbeat(): [GHC] T1 tick 44480  uptime 22324 s
[2026-05-14 07:27:37.326] [22329373][I][main.cpp:160] task_watchdog_heartbeat(): [GHC] T1 tick 44490  uptime 22329 s
[2026-05-14 07:27:42.344] [22334391][I][main.cpp:160] task_watchdog_heartbeat(): [GHC] T1 tick 44500  uptime 22334 s
[2026-05-14 07:27:43.460] [22335506][I][data_manager.cpp:229] read_rtc_and_seed_clock(): [T4] RTC: 2026-05-14 07:27:41 UTC  unix=1778743661  daytime=yes
[2026-05-14 07:27:47.362] [22339409][I][main.cpp:160] task_watchdog_heartbeat(): [GHC] T1 tick 44510  uptime 22339 s
[2026-05-14 07:27:52.380] [22344427][I][main.cpp:160] task_watchdog_heartbeat(): [GHC] T1 tick 44520  uptime 22344 s
[2026-05-14 07:27:53.473] [22345519][I][sensor_poll.cpp:359] task_sensor_poll(): [T5_SEN] [T5] iter 730 — woke from 30 s delay
[2026-05-14 07:27:53.481] [22345528][I][sensor_poll.cpp:395] task_sensor_poll(): [T5_SEN] [T5] iter 730 — polling FG6485A
[2026-05-14 07:27:53.512] [22345561][I][sensor_poll.cpp:432] task_sensor_poll(): [T5_SEN] [T5] iter 730 — polling S200
[2026-05-14 07:27:54.056] [22346099][I][sensor_poll.cpp:535] task_sensor_poll(): [T5_SEN] [T5] T=23°C RH=40% ws=0.0 m/s wd=0° | avg T=23 RH=40 ws=0.0 wd=0° [win T=12 RH=20 W=12]
[2026-05-14 07:27:54.076] [22346113][I][climate_control.cpp:434] task_climate_control(): [T6_CLI] [T6] T_avg=23 t_max=28 hyst=5 → step_t=0 | RH_avg=40 rh_max=75 rh_min=50 hyst=12 rh_en=1 → step_rh=0 | resolved=0 (was cur_t=0 cur_rh=0)
[2026-05-14 07:27:57.398] [22349445][I][main.cpp:160] task_watchdog_heartbeat(): [GHC] T1 tick 44530  uptime 22349 s
[2026-05-14 07:28:02.416] [22354463][I][main.cpp:160] task_watchdog_heartbeat(): [GHC] T1 tick 44540  uptime 22354 s
[2026-05-14 07:28:07.434] [22359481][I][main.cpp:160] task_watchdog_heartbeat(): [GHC] T1 tick 44550  uptime 22359 s
[2026-05-14 07:28:12.452] [22364499][I][main.cpp:160] task_watchdog_heartbeat(): [GHC] T1 tick 44560  uptime 22364 s
[2026-05-14 07:28:17.470] [22369517][I][main.cpp:160] task_watchdog_heartbeat(): [GHC] T1 tick 44570  uptime 22369 s
[2026-05-14 07:28:22.488] [22374535][I][main.cpp:160] task_watchdog_heartbeat(): [GHC] T1 tick 44580  uptime 22374 s
[2026-05-14 07:28:24.067] [22376113][I][sensor_poll.cpp:359] task_sensor_poll(): [T5_SEN] [T5] iter 731 — woke from 30 s delay
[2026-05-14 07:28:24.075] [22376122][I][sensor_poll.cpp:395] task_sensor_poll(): [T5_SEN] [T5] iter 731 — polling FG6485A
[2026-05-14 07:28:24.107] [22376155][I][sensor_poll.cpp:432] task_sensor_poll(): [T5_SEN] [T5] iter 731 — polling S200
[2026-05-14 07:28:24.650] [22376693][I][sensor_poll.cpp:535] task_sensor_poll(): [T5_SEN] [T5] T=23°C RH=40% ws=0.0 m/s wd=0° | avg T=23 RH=40 ws=0.0 wd=0° [win T=12 RH=20 W=12]
[2026-05-14 07:28:24.670] [22376707][I][climate_control.cpp:434] task_climate_control(): [T6_CLI] [T6] T_avg=23 t_max=28 hyst=5 → step_t=0 | RH_avg=40 rh_max=75 rh_min=50 hyst=12 rh_en=1 → step_rh=0 | resolved=0 (was cur_t=0 cur_rh=0)
[2026-05-14 07:28:27.506] [22379553][I][main.cpp:160] task_watchdog_heartbeat(): [GHC] T1 tick 44590  uptime 22379 s
[2026-05-14 07:28:32.524] [22384571][I][main.cpp:160] task_watchdog_heartbeat(): [GHC] T1 tick 44600  uptime 22384 s
[2026-05-14 07:28:37.542] [22389589][I][main.cpp:160] task_watchdog_heartbeat(): [GHC] T1 tick 44610  uptime 22389 s
[2026-05-14 07:28:42.554] [22394601][I][main.cpp:160] task_watchdog_heartbeat(): [GHC] T1 tick 44620  uptime 22394 s
[2026-05-14 07:28:42.648] [22394694][I][data_manager.cpp:229] read_rtc_and_seed_clock(): [T4] RTC: 2026-05-14 07:28:40 UTC  unix=1778743720  daytime=yes
[2026-05-14 07:28:47.572] [22399619][I][main.cpp:160] task_watchdog_heartbeat(): [GHC] T1 tick 44630  uptime 22399 s
[2026-05-14 07:28:52.590] [22404637][I][main.cpp:160] task_watchdog_heartbeat(): [GHC] T1 tick 44640  uptime 22404 s
[2026-05-14 07:28:54.661] [22406707][I][sensor_poll.cpp:359] task_sensor_poll(): [T5_SEN] [T5] iter 732 — woke from 30 s delay
[2026-05-14 07:28:54.670] [22406716][I][sensor_poll.cpp:395] task_sensor_poll(): [T5_SEN] [T5] iter 732 — polling FG6485A
[2026-05-14 07:28:54.700] [22406748][I][sensor_poll.cpp:432] task_sensor_poll(): [T5_SEN] [T5] iter 732 — polling S200
[2026-05-14 07:28:55.244] [22407287][I][sensor_poll.cpp:535] task_sensor_poll(): [T5_SEN] [T5] T=23°C RH=40% ws=0.0 m/s wd=0° | avg T=23 RH=40 ws=0.0 wd=0° [win T=12 RH=20 W=12]
[2026-05-14 07:28:55.264] [22407301][I][climate_control.cpp:434] task_climate_control(): [T6_CLI] [T6] T_avg=23 t_max=28 hyst=5 → step_t=0 | RH_avg=40 rh_max=75 rh_min=50 hyst=12 rh_en=1 → step_rh=0 | resolved=0 (was cur_t=0 cur_rh=0)
[2026-05-14 07:28:57.608] [22409655][I][main.cpp:160] task_watchdog_heartbeat(): [GHC] T1 tick 44650  uptime 22409 s
[2026-05-14 07:29:02.626] [22414673][I][main.cpp:160] task_watchdog_heartbeat(): [GHC] T1 tick 44660  uptime 22414 s
[2026-05-14 07:29:07.644] [22419691][I][main.cpp:160] task_watchdog_heartbeat(): [GHC] T1 tick 44670  uptime 22419 s
[2026-05-14 07:29:12.662] [22424709][I][main.cpp:160] task_watchdog_heartbeat(): [GHC] T1 tick 44680  uptime 22424 s
[2026-05-14 07:29:17.680] [22429727][I][main.cpp:160] task_watchdog_heartbeat(): [GHC] T1 tick 44690  uptime 22429 s
[2026-05-14 07:29:22.698] [22434745][I][main.cpp:160] task_watchdog_heartbeat(): [GHC] T1 tick 44700  uptime 22434 s
[2026-05-14 07:29:25.255] [22437301][I][sensor_poll.cpp:359] task_sensor_poll(): [T5_SEN] [T5] iter 733 — woke from 30 s delay
[2026-05-14 07:29:25.264] [22437310][I][sensor_poll.cpp:395] task_sensor_poll(): [T5_SEN] [T5] iter 733 — polling FG6485A
[2026-05-14 07:29:25.294] [22437343][I][sensor_poll.cpp:432] task_sensor_poll(): [T5_SEN] [T5] iter 733 — polling S200
[2026-05-14 07:29:25.838] [22437881][I][sensor_poll.cpp:535] task_sensor_poll(): [T5_SEN] [T5] T=23°C RH=40% ws=0.0 m/s wd=0° | avg T=23 RH=40 ws=0.0 wd=0° [win T=12 RH=20 W=12]
[2026-05-14 07:29:25.858] [22437895][I][climate_control.cpp:434] task_climate_control(): [T6_CLI] [T6] T_avg=23 t_max=28 hyst=5 → step_t=0 | RH_avg=40 rh_max=75 rh_min=50 hyst=12 rh_en=1 → step_rh=0 | resolved=0 (was cur_t=0 cur_rh=0)
[2026-05-14 07:29:27.716] [22439763][I][main.cpp:160] task_watchdog_heartbeat(): [GHC] T1 tick 44710  uptime 22439 s
[2026-05-14 07:29:32.734] [22444781][I][main.cpp:160] task_watchdog_heartbeat(): [GHC] T1 tick 44720  uptime 22444 s
[2026-05-14 07:29:37.752] [22449799][I][main.cpp:160] task_watchdog_heartbeat(): [GHC] T1 tick 44730  uptime 22449 s
[2026-05-14 07:29:41.837] [22453882][I][data_manager.cpp:229] read_rtc_and_seed_clock(): [T4] RTC: 2026-05-14 07:29:39 UTC  unix=1778743779  daytime=yes
[2026-05-14 07:29:42.770] [22454817][I][main.cpp:160] task_watchdog_heartbeat(): [GHC] T1 tick 44740  uptime 22454 s
[2026-05-14 07:29:47.788] [22459835][I][main.cpp:160] task_watchdog_heartbeat(): [GHC] T1 tick 44750  uptime 22459 s
[2026-05-14 07:29:52.806] [22464853][I][main.cpp:160] task_watchdog_heartbeat(): [GHC] T1 tick 44760  uptime 22464 s
[2026-05-14 07:29:55.849] [22467895][I][sensor_poll.cpp:359] task_sensor_poll(): [T5_SEN] [T5] iter 734 — woke from 30 s delay
[2026-05-14 07:29:55.858] [22467904][I][sensor_poll.cpp:395] task_sensor_poll(): [T5_SEN] [T5] iter 734 — polling FG6485A
[2026-05-14 07:29:55.889] [22467937][I][sensor_poll.cpp:432] task_sensor_poll(): [T5_SEN] [T5] iter 734 — polling S200
[2026-05-14 07:29:56.433] [22468475][I][sensor_poll.cpp:535] task_sensor_poll(): [T5_SEN] [T5] T=23°C RH=40% ws=0.0 m/s wd=0° | avg T=23 RH=40 ws=0.0 wd=0° [win T=12 RH=20 W=12]
[2026-05-14 07:29:56.453] [22468489][I][climate_control.cpp:434] task_climate_control(): [T6_CLI] [T6] T_avg=23 t_max=28 hyst=5 → step_t=0 | RH_avg=40 rh_max=75 rh_min=50 hyst=12 rh_en=1 → step_rh=0 | resolved=0 (was cur_t=0 cur_rh=0)
[2026-05-14 07:29:57.825] [22469871][I][main.cpp:160] task_watchdog_heartbeat(): [GHC] T1 tick 44770  uptime 22469 s
[2026-05-14 07:30:02.842] [22474889][I][main.cpp:160] task_watchdog_heartbeat(): [GHC] T1 tick 44780  uptime 22474 s
[2026-05-14 07:30:07.861] [22479907][I][main.cpp:160] task_watchdog_heartbeat(): [GHC] T1 tick 44790  uptime 22479 s
[2026-05-14 07:30:12.879] [22484925][I][main.cpp:160] task_watchdog_heartbeat(): [GHC] T1 tick 44800  uptime 22484 s
[2026-05-14 07:30:17.897] [22489943][I][main.cpp:160] task_watchdog_heartbeat(): [GHC] T1 tick 44810  uptime 22489 s
[2026-05-14 07:30:22.915] [22494961][I][main.cpp:160] task_watchdog_heartbeat(): [GHC] T1 tick 44820  uptime 22494 s
[2026-05-14 07:30:26.444] [22498489][I][sensor_poll.cpp:359] task_sensor_poll(): [T5_SEN] [T5] iter 735 — woke from 30 s delay
[2026-05-14 07:30:26.452] [22498498][I][sensor_poll.cpp:395] task_sensor_poll(): [T5_SEN] [T5] iter 735 — polling FG6485A
[2026-05-14 07:30:26.483] [22498531][I][sensor_poll.cpp:432] task_sensor_poll(): [T5_SEN] [T5] iter 735 — polling S200
[2026-05-14 07:30:27.027] [22499069][I][sensor_poll.cpp:535] task_sensor_poll(): [T5_SEN] [T5] T=23°C RH=40% ws=0.0 m/s wd=0° | avg T=23 RH=40 ws=0.0 wd=0° [win T=12 RH=20 W=12]
[2026-05-14 07:30:27.047] [22499083][I][climate_control.cpp:434] task_climate_control(): [T6_CLI] [T6] T_avg=23 t_max=28 hyst=5 → step_t=0 | RH_avg=40 rh_max=75 rh_min=50 hyst=12 rh_en=1 → step_rh=0 | resolved=0 (was cur_t=0 cur_rh=0)
[2026-05-14 07:30:27.933] [22499979][I][main.cpp:160] task_watchdog_heartbeat(): [GHC] T1 tick 44830  uptime 22499 s
[2026-05-14 07:30:32.951] [22504997][I][main.cpp:160] task_watchdog_heartbeat(): [GHC] T1 tick 44840  uptime 22504 s
[2026-05-14 07:30:37.969] [22510015][I][main.cpp:160] task_watchdog_heartbeat(): [GHC] T1 tick 44850  uptime 22510 s
[2026-05-14 07:30:41.025] [22513070][I][data_manager.cpp:229] read_rtc_and_seed_clock(): [T4] RTC: 2026-05-14 07:30:38 UTC  unix=1778743838  daytime=yes
[2026-05-14 07:30:42.987] [22515033][I][main.cpp:160] task_watchdog_heartbeat(): [GHC] T1 tick 44860  uptime 22515 s
[2026-05-14 07:30:48.005] [22520051][I][main.cpp:160] task_watchdog_heartbeat(): [GHC] T1 tick 44870  uptime 22520 s
[2026-05-14 07:30:53.023] [22525069][I][main.cpp:160] task_watchdog_heartbeat(): [GHC] T1 tick 44880  uptime 22525 s
[2026-05-14 07:30:57.038] [22529083][I][sensor_poll.cpp:359] task_sensor_poll(): [T5_SEN] [T5] iter 736 — woke from 30 s delay
[2026-05-14 07:30:57.046] [22529092][I][sensor_poll.cpp:395] task_sensor_poll(): [T5_SEN] [T5] iter 736 — polling FG6485A
[2026-05-14 07:30:57.077] [22529124][I][sensor_poll.cpp:432] task_sensor_poll(): [T5_SEN] [T5] iter 736 — polling S200
[2026-05-14 07:30:57.621] [22529663][I][sensor_poll.cpp:535] task_sensor_poll(): [T5_SEN] [T5] T=23°C RH=40% ws=0.0 m/s wd=0° | avg T=23 RH=40 ws=0.0 wd=0° [win T=12 RH=20 W=12]
[2026-05-14 07:30:57.641] [22529677][I][climate_control.cpp:434] task_climate_control(): [T6_CLI] [T6] T_avg=23 t_max=28 hyst=5 → step_t=0 | RH_avg=40 rh_max=75 rh_min=50 hyst=12 rh_en=1 → step_rh=0 | resolved=0 (was cur_t=0 cur_rh=0)
[2026-05-14 07:30:58.041] [22530087][I][main.cpp:160] task_watchdog_heartbeat(): [GHC] T1 tick 44890  uptime 22530 s
[2026-05-14 07:31:03.056] [22535102][I][main.cpp:160] task_watchdog_heartbeat(): [GHC] T1 tick 44900  uptime 22535 s
[2026-05-14 07:31:08.074] [22540120][I][main.cpp:160] task_watchdog_heartbeat(): [GHC] T1 tick 44910  uptime 22540 s
[2026-05-14 07:31:13.092] [22545138][I][main.cpp:160] task_watchdog_heartbeat(): [GHC] T1 tick 44920  uptime 22545 s
[2026-05-14 07:31:18.110] [22550156][I][main.cpp:160] task_watchdog_heartbeat(): [GHC] T1 tick 44930  uptime 22550 s
[2026-05-14 07:31:23.128] [22555174][I][main.cpp:160] task_watchdog_heartbeat(): [GHC] T1 tick 44940  uptime 22555 s
[2026-05-14 07:31:27.632] [22559677][I][sensor_poll.cpp:359] task_sensor_poll(): [T5_SEN] [T5] iter 737 — woke from 30 s delay
[2026-05-14 07:31:27.640] [22559686][I][sensor_poll.cpp:395] task_sensor_poll(): [T5_SEN] [T5] iter 737 — polling FG6485A
[2026-05-14 07:31:27.671] [22559718][I][sensor_poll.cpp:432] task_sensor_poll(): [T5_SEN] [T5] iter 737 — polling S200
[2026-05-14 07:31:28.146] [22560192][I][main.cpp:160] task_watchdog_heartbeat(): [GHC] T1 tick 44950  uptime 22560 s
[2026-05-14 07:31:28.215] [22560257][I][sensor_poll.cpp:535] task_sensor_poll(): [T5_SEN] [T5] T=23°C RH=40% ws=0.0 m/s wd=0° | avg T=23 RH=40 ws=0.0 wd=0° [win T=12 RH=20 W=12]
[2026-05-14 07:31:28.235] [22560271][I][climate_control.cpp:434] task_climate_control(): [T6_CLI] [T6] T_avg=23 t_max=28 hyst=5 → step_t=0 | RH_avg=40 rh_max=75 rh_min=50 hyst=12 rh_en=1 → step_rh=0 | resolved=0 (was cur_t=0 cur_rh=0)
[2026-05-14 07:31:33.164] [22565210][I][main.cpp:160] task_watchdog_heartbeat(): [GHC] T1 tick 44960  uptime 22565 s
[2026-05-14 07:31:38.182] [22570228][I][main.cpp:160] task_watchdog_heartbeat(): [GHC] T1 tick 44970  uptime 22570 s
[2026-05-14 07:31:40.213] [22572258][I][data_manager.cpp:229] read_rtc_and_seed_clock(): [T4] RTC: 2026-05-14 07:31:37 UTC  unix=1778743897  daytime=yes
[2026-05-14 07:31:43.200] [22575246][I][main.cpp:160] task_watchdog_heartbeat(): [GHC] T1 tick 44980  uptime 22575 s
[2026-05-14 07:31:48.218] [22580264][I][main.cpp:160] task_watchdog_heartbeat(): [GHC] T1 tick 44990  uptime 22580 s
[2026-05-14 07:31:53.236] [22585282][I][main.cpp:160] task_watchdog_heartbeat(): [GHC] T1 tick 45000  uptime 22585 s
[2026-05-14 07:31:58.226] [22590271][I][sensor_poll.cpp:359] task_sensor_poll(): [T5_SEN] [T5] iter 738 — woke from 30 s delay
[2026-05-14 07:31:58.235] [22590280][I][sensor_poll.cpp:395] task_sensor_poll(): [T5_SEN] [T5] iter 738 — polling FG6485A
[2026-05-14 07:31:58.254] [22590300][I][main.cpp:160] task_watchdog_heartbeat(): [GHC] T1 tick 45010  uptime 22590 s
[2026-05-14 07:31:58.588] [22590636][I][sensor_poll.cpp:432] task_sensor_poll(): [T5_SEN] [T5] iter 738 — polling S200
[2026-05-14 07:31:59.132] [22591174][I][sensor_poll.cpp:535] task_sensor_poll(): [T5_SEN] [T5] T=23°C RH=40% ws=0.0 m/s wd=0° | avg T=23 RH=40 ws=0.0 wd=0° [win T=12 RH=20 W=12]
[2026-05-14 07:31:59.152] [22591188][I][climate_control.cpp:434] task_climate_control(): [T6_CLI] [T6] T_avg=23 t_max=28 hyst=5 → step_t=0 | RH_avg=40 rh_max=75 rh_min=50 hyst=12 rh_en=1 → step_rh=0 | resolved=0 (was cur_t=0 cur_rh=0)
[2026-05-14 07:32:03.272] [22595318][I][main.cpp:160] task_watchdog_heartbeat(): [GHC] T1 tick 45020  uptime 22595 s
[2026-05-14 07:32:08.290] [22600336][I][main.cpp:160] task_watchdog_heartbeat(): [GHC] T1 tick 45030  uptime 22600 s
[2026-05-14 07:32:13.308] [22605354][I][main.cpp:160] task_watchdog_heartbeat(): [GHC] T1 tick 45040  uptime 22605 s
[2026-05-14 07:32:18.326] [22610372][I][main.cpp:160] task_watchdog_heartbeat(): [GHC] T1 tick 45050  uptime 22610 s
[2026-05-14 07:32:23.344] [22615390][I][main.cpp:160] task_watchdog_heartbeat(): [GHC] T1 tick 45060  uptime 22615 s
[2026-05-14 07:32:28.362] [22620408][I][main.cpp:160] task_watchdog_heartbeat(): [GHC] T1 tick 45070  uptime 22620 s
[2026-05-14 07:32:29.143] [22621188][I][sensor_poll.cpp:359] task_sensor_poll(): [T5_SEN] [T5] iter 739 — woke from 30 s delay
[2026-05-14 07:32:29.152] [22621197][I][sensor_poll.cpp:395] task_sensor_poll(): [T5_SEN] [T5] iter 739 — polling FG6485A
[2026-05-14 07:32:29.183] [22621230][I][sensor_poll.cpp:432] task_sensor_poll(): [T5_SEN] [T5] iter 739 — polling S200
[2026-05-14 07:32:29.727] [22621768][I][sensor_poll.cpp:535] task_sensor_poll(): [T5_SEN] [T5] T=23°C RH=40% ws=0.0 m/s wd=0° | avg T=23 RH=40 ws=0.0 wd=0° [win T=12 RH=20 W=12]
[2026-05-14 07:32:29.747] [22621782][I][climate_control.cpp:434] task_climate_control(): [T6_CLI] [T6] T_avg=23 t_max=28 hyst=5 → step_t=0 | RH_avg=40 rh_max=75 rh_min=50 hyst=12 rh_en=1 → step_rh=0 | resolved=0 (was cur_t=0 cur_rh=0)
[2026-05-14 07:32:33.380] [22625426][I][main.cpp:160] task_watchdog_heartbeat(): [GHC] T1 tick 45080  uptime 22625 s
[2026-05-14 07:32:38.398] [22630444][I][main.cpp:160] task_watchdog_heartbeat(): [GHC] T1 tick 45090  uptime 22630 s
[2026-05-14 07:32:39.725] [22631769][I][data_manager.cpp:229] read_rtc_and_seed_clock(): [T4] RTC: 2026-05-14 07:32:37 UTC  unix=1778743957  daytime=yes
[2026-05-14 07:32:43.417] [22635462][I][main.cpp:160] task_watchdog_heartbeat(): [GHC] T1 tick 45100  uptime 22635 s
[2026-05-14 07:32:48.435] [22640480][I][main.cpp:160] task_watchdog_heartbeat(): [GHC] T1 tick 45110  uptime 22640 s
[2026-05-14 07:32:53.453] [22645498][I][main.cpp:160] task_watchdog_heartbeat(): [GHC] T1 tick 45120  uptime 22645 s
[2026-05-14 07:32:58.471] [22650516][I][main.cpp:160] task_watchdog_heartbeat(): [GHC] T1 tick 45130  uptime 22650 s
[2026-05-14 07:32:59.738] [22651782][I][sensor_poll.cpp:359] task_sensor_poll(): [T5_SEN] [T5] iter 740 — woke from 30 s delay
[2026-05-14 07:32:59.746] [22651791][I][sensor_poll.cpp:395] task_sensor_poll(): [T5_SEN] [T5] iter 740 — polling FG6485A
[2026-05-14 07:32:59.777] [22651824][I][sensor_poll.cpp:432] task_sensor_poll(): [T5_SEN] [T5] iter 740 — polling S200
[2026-05-14 07:33:00.321] [22652362][I][sensor_poll.cpp:535] task_sensor_poll(): [T5_SEN] [T5] T=23°C RH=40% ws=0.0 m/s wd=0° | avg T=23 RH=40 ws=0.0 wd=0° [win T=12 RH=20 W=12]
[2026-05-14 07:33:00.341] [22652376][I][climate_control.cpp:434] task_climate_control(): [T6_CLI] [T6] T_avg=23 t_max=28 hyst=5 → step_t=0 | RH_avg=40 rh_max=75 rh_min=50 hyst=12 rh_en=1 → step_rh=0 | resolved=0 (was cur_t=0 cur_rh=0)
[2026-05-14 07:33:03.489] [22655534][I][main.cpp:160] task_watchdog_heartbeat(): [GHC] T1 tick 45140  uptime 22655 s
[2026-05-14 07:33:08.507] [22660552][I][main.cpp:160] task_watchdog_heartbeat(): [GHC] T1 tick 45150  uptime 22660 s
[2026-05-14 07:33:13.525] [22665570][I][main.cpp:160] task_watchdog_heartbeat(): [GHC] T1 tick 45160  uptime 22665 s
[2026-05-14 07:33:18.543] [22670588][I][main.cpp:160] task_watchdog_heartbeat(): [GHC] T1 tick 45170  uptime 22670 s
[2026-05-14 07:33:23.555] [22675601][I][main.cpp:160] task_watchdog_heartbeat(): [GHC] T1 tick 45180  uptime 22675 s
[2026-05-14 07:33:28.574] [22680619][I][main.cpp:160] task_watchdog_heartbeat(): [GHC] T1 tick 45190  uptime 22680 s
[2026-05-14 07:33:30.332] [22682376][I][sensor_poll.cpp:359] task_sensor_poll(): [T5_SEN] [T5] iter 741 — woke from 30 s delay
[2026-05-14 07:33:30.340] [22682385][I][sensor_poll.cpp:395] task_sensor_poll(): [T5_SEN] [T5] iter 741 — polling FG6485A
[2026-05-14 07:33:30.371] [22682417][I][sensor_poll.cpp:432] task_sensor_poll(): [T5_SEN] [T5] iter 741 — polling S200
[2026-05-14 07:33:30.915] [22682956][I][sensor_poll.cpp:535] task_sensor_poll(): [T5_SEN] [T5] T=23°C RH=40% ws=0.0 m/s wd=0° | avg T=23 RH=40 ws=0.0 wd=0° [win T=12 RH=20 W=12]
[2026-05-14 07:33:30.935] [22682970][I][climate_control.cpp:434] task_climate_control(): [T6_CLI] [T6] T_avg=23 t_max=28 hyst=5 → step_t=0 | RH_avg=40 rh_max=75 rh_min=50 hyst=12 rh_en=1 → step_rh=0 | resolved=0 (was cur_t=0 cur_rh=0)
[2026-05-14 07:33:33.592] [22685637][I][main.cpp:160] task_watchdog_heartbeat(): [GHC] T1 tick 45200  uptime 22685 s
[2026-05-14 07:33:38.610] [22690655][I][main.cpp:160] task_watchdog_heartbeat(): [GHC] T1 tick 45210  uptime 22690 s
[2026-05-14 07:33:38.913] [22690957][I][data_manager.cpp:229] read_rtc_and_seed_clock(): [T4] RTC: 2026-05-14 07:33:36 UTC  unix=1778744016  daytime=yes
[2026-05-14 07:33:43.628] [22695673][I][main.cpp:160] task_watchdog_heartbeat(): [GHC] T1 tick 45220  uptime 22695 s
[2026-05-14 07:33:48.646] [22700691][I][main.cpp:160] task_watchdog_heartbeat(): [GHC] T1 tick 45230  uptime 22700 s
[2026-05-14 07:33:53.664] [22705709][I][main.cpp:160] task_watchdog_heartbeat(): [GHC] T1 tick 45240  uptime 22705 s
[2026-05-14 07:33:58.682] [22710727][I][main.cpp:160] task_watchdog_heartbeat(): [GHC] T1 tick 45250  uptime 22710 s
[2026-05-14 07:34:00.926] [22712970][I][sensor_poll.cpp:359] task_sensor_poll(): [T5_SEN] [T5] iter 742 — woke from 30 s delay
[2026-05-14 07:34:00.934] [22712979][I][sensor_poll.cpp:395] task_sensor_poll(): [T5_SEN] [T5] iter 742 — polling FG6485A
[2026-05-14 07:34:00.965] [22713012][I][sensor_poll.cpp:432] task_sensor_poll(): [T5_SEN] [T5] iter 742 — polling S200
[2026-05-14 07:34:01.509] [22713550][I][sensor_poll.cpp:535] task_sensor_poll(): [T5_SEN] [T5] T=23°C RH=40% ws=0.0 m/s wd=0° | avg T=23 RH=40 ws=0.0 wd=0° [win T=12 RH=20 W=12]
[2026-05-14 07:34:01.529] [22713564][I][climate_control.cpp:434] task_climate_control(): [T6_CLI] [T6] T_avg=23 t_max=28 hyst=5 → step_t=0 | RH_avg=40 rh_max=75 rh_min=50 hyst=12 rh_en=1 → step_rh=0 | resolved=0 (was cur_t=0 cur_rh=0)
[2026-05-14 07:34:03.700] [22715745][I][main.cpp:160] task_watchdog_heartbeat(): [GHC] T1 tick 45260  uptime 22715 s
[2026-05-14 07:34:08.718] [22720763][I][main.cpp:160] task_watchdog_heartbeat(): [GHC] T1 tick 45270  uptime 22720 s
[2026-05-14 07:34:13.736] [22725781][I][main.cpp:160] task_watchdog_heartbeat(): [GHC] T1 tick 45280  uptime 22725 s
[2026-05-14 07:34:18.754] [22730799][I][main.cpp:160] task_watchdog_heartbeat(): [GHC] T1 tick 45290  uptime 22730 s
[2026-05-14 07:34:23.772] [22735817][I][main.cpp:160] task_watchdog_heartbeat(): [GHC] T1 tick 45300  uptime 22735 s
[2026-05-14 07:34:28.790] [22740835][I][main.cpp:160] task_watchdog_heartbeat(): [GHC] T1 tick 45310  uptime 22740 s
[2026-05-14 07:34:31.520] [22743564][I][sensor_poll.cpp:359] task_sensor_poll(): [T5_SEN] [T5] iter 743 — woke from 30 s delay
[2026-05-14 07:34:31.529] [22743573][I][sensor_poll.cpp:395] task_sensor_poll(): [T5_SEN] [T5] iter 743 — polling FG6485A
[2026-05-14 07:34:31.559] [22743606][I][sensor_poll.cpp:432] task_sensor_poll(): [T5_SEN] [T5] iter 743 — polling S200
[2026-05-14 07:34:32.103] [22744144][I][sensor_poll.cpp:535] task_sensor_poll(): [T5_SEN] [T5] T=23°C RH=40% ws=0.0 m/s wd=0° | avg T=23 RH=40 ws=0.0 wd=0° [win T=12 RH=20 W=12]
[2026-05-14 07:34:32.123] [22744158][I][climate_control.cpp:434] task_climate_control(): [T6_CLI] [T6] T_avg=23 t_max=28 hyst=5 → step_t=0 | RH_avg=40 rh_max=75 rh_min=50 hyst=12 rh_en=1 → step_rh=0 | resolved=0 (was cur_t=0 cur_rh=0)
[2026-05-14 07:34:33.808] [22745853][I][main.cpp:160] task_watchdog_heartbeat(): [GHC] T1 tick 45320  uptime 22745 s
[2026-05-14 07:34:38.101] [22750145][I][data_manager.cpp:229] read_rtc_and_seed_clock(): [T4] RTC: 2026-05-14 07:34:35 UTC  unix=1778744075  daytime=yes
[2026-05-14 07:34:38.826] [22750871][I][main.cpp:160] task_watchdog_heartbeat(): [GHC] T1 tick 45330  uptime 22750 s
[2026-05-14 07:34:43.844] [22755889][I][main.cpp:160] task_watchdog_heartbeat(): [GHC] T1 tick 45340  uptime 22755 s
[2026-05-14 07:34:48.862] [22760907][I][main.cpp:160] task_watchdog_heartbeat(): [GHC] T1 tick 45350  uptime 22760 s
[2026-05-14 07:34:53.880] [22765925][I][main.cpp:160] task_watchdog_heartbeat(): [GHC] T1 tick 45360  uptime 22765 s
[2026-05-14 07:34:58.898] [22770943][I][main.cpp:160] task_watchdog_heartbeat(): [GHC] T1 tick 45370  uptime 22770 s
[2026-05-14 07:35:02.114] [22774158][I][sensor_poll.cpp:359] task_sensor_poll(): [T5_SEN] [T5] iter 744 — woke from 30 s delay
[2026-05-14 07:35:02.123] [22774167][I][sensor_poll.cpp:395] task_sensor_poll(): [T5_SEN] [T5] iter 744 — polling FG6485A
[2026-05-14 07:35:02.153] [22774200][I][sensor_poll.cpp:432] task_sensor_poll(): [T5_SEN] [T5] iter 744 — polling S200
[2026-05-14 07:35:02.697] [22774738][I][sensor_poll.cpp:535] task_sensor_poll(): [T5_SEN] [T5] T=23°C RH=39% ws=0.0 m/s wd=0° | avg T=23 RH=40 ws=0.0 wd=0° [win T=12 RH=20 W=12]
[2026-05-14 07:35:02.717] [22774752][I][climate_control.cpp:434] task_climate_control(): [T6_CLI] [T6] T_avg=23 t_max=28 hyst=5 → step_t=0 | RH_avg=40 rh_max=75 rh_min=50 hyst=12 rh_en=1 → step_rh=0 | resolved=0 (was cur_t=0 cur_rh=0)
[2026-05-14 07:35:03.916] [22775961][I][main.cpp:160] task_watchdog_heartbeat(): [GHC] T1 tick 45380  uptime 22775 s
[2026-05-14 07:35:08.934] [22780979][I][main.cpp:160] task_watchdog_heartbeat(): [GHC] T1 tick 45390  uptime 22780 s
[2026-05-14 07:35:13.952] [22785997][I][main.cpp:160] task_watchdog_heartbeat(): [GHC] T1 tick 45400  uptime 22785 s
[2026-05-14 07:35:18.970] [22791015][I][main.cpp:160] task_watchdog_heartbeat(): [GHC] T1 tick 45410  uptime 22791 s
[2026-05-14 07:35:23.988] [22796033][I][main.cpp:160] task_watchdog_heartbeat(): [GHC] T1 tick 45420  uptime 22796 s
[2026-05-14 07:35:29.006] [22801051][I][main.cpp:160] task_watchdog_heartbeat(): [GHC] T1 tick 45430  uptime 22801 s
[2026-05-14 07:35:32.708] [22804752][I][sensor_poll.cpp:359] task_sensor_poll(): [T5_SEN] [T5] iter 745 — woke from 30 s delay
[2026-05-14 07:35:32.717] [22804761][I][sensor_poll.cpp:395] task_sensor_poll(): [T5_SEN] [T5] iter 745 — polling FG6485A
[2026-05-14 07:35:32.747] [22804793][I][sensor_poll.cpp:432] task_sensor_poll(): [T5_SEN] [T5] iter 745 — polling S200
[2026-05-14 07:35:33.291] [22805332][I][sensor_poll.cpp:535] task_sensor_poll(): [T5_SEN] [T5] T=23°C RH=39% ws=0.0 m/s wd=0° | avg T=23 RH=40 ws=0.0 wd=0° [win T=12 RH=20 W=12]
[2026-05-14 07:35:33.311] [22805346][I][climate_control.cpp:434] task_climate_control(): [T6_CLI] [T6] T_avg=23 t_max=28 hyst=5 → step_t=0 | RH_avg=40 rh_max=75 rh_min=50 hyst=12 rh_en=1 → step_rh=0 | resolved=0 (was cur_t=0 cur_rh=0)
[2026-05-14 07:35:34.025] [22806069][I][main.cpp:160] task_watchdog_heartbeat(): [GHC] T1 tick 45440  uptime 22806 s
[2026-05-14 07:35:37.290] [22809333][I][data_manager.cpp:229] read_rtc_and_seed_clock(): [T4] RTC: 2026-05-14 07:35:34 UTC  unix=1778744134  daytime=yes
[2026-05-14 07:35:39.042] [22811087][I][main.cpp:160] task_watchdog_heartbeat(): [GHC] T1 tick 45450  uptime 22811 s
[2026-05-14 07:35:44.056] [22816101][I][main.cpp:160] task_watchdog_heartbeat(): [GHC] T1 tick 45460  uptime 22816 s
[2026-05-14 07:35:49.074] [22821118][I][main.cpp:160] task_watchdog_heartbeat(): [GHC] T1 tick 45470  uptime 22821 s
[2026-05-14 07:35:54.092] [22826136][I][main.cpp:160] task_watchdog_heartbeat(): [GHC] T1 tick 45480  uptime 22826 s
[2026-05-14 07:35:59.110] [22831154][I][main.cpp:160] task_watchdog_heartbeat(): [GHC] T1 tick 45490  uptime 22831 s
[2026-05-14 07:36:03.303] [22835346][I][sensor_poll.cpp:359] task_sensor_poll(): [T5_SEN] [T5] iter 746 — woke from 30 s delay
[2026-05-14 07:36:03.311] [22835355][I][sensor_poll.cpp:395] task_sensor_poll(): [T5_SEN] [T5] iter 746 — polling FG6485A
[2026-05-14 07:36:03.342] [22835387][I][sensor_poll.cpp:432] task_sensor_poll(): [T5_SEN] [T5] iter 746 — polling S200
[2026-05-14 07:36:03.886] [22835926][I][sensor_poll.cpp:535] task_sensor_poll(): [T5_SEN] [T5] T=23°C RH=40% ws=0.0 m/s wd=0° | avg T=23 RH=40 ws=0.0 wd=0° [win T=12 RH=20 W=12]
[2026-05-14 07:36:03.906] [22835940][I][climate_control.cpp:434] task_climate_control(): [T6_CLI] [T6] T_avg=23 t_max=28 hyst=5 → step_t=0 | RH_avg=40 rh_max=75 rh_min=50 hyst=12 rh_en=1 → step_rh=0 | resolved=0 (was cur_t=0 cur_rh=0)
[2026-05-14 07:36:04.128] [22836172][I][main.cpp:160] task_watchdog_heartbeat(): [GHC] T1 tick 45500  uptime 22836 s
[2026-05-14 07:36:09.146] [22841190][I][main.cpp:160] task_watchdog_heartbeat(): [GHC] T1 tick 45510  uptime 22841 s
[2026-05-14 07:36:14.164] [22846208][I][main.cpp:160] task_watchdog_heartbeat(): [GHC] T1 tick 45520  uptime 22846 s
[2026-05-14 07:36:19.182] [22851226][I][main.cpp:160] task_watchdog_heartbeat(): [GHC] T1 tick 45530  uptime 22851 s
[2026-05-14 07:36:24.200] [22856244][I][main.cpp:160] task_watchdog_heartbeat(): [GHC] T1 tick 45540  uptime 22856 s
[2026-05-14 07:36:29.218] [22861262][I][main.cpp:160] task_watchdog_heartbeat(): [GHC] T1 tick 45550  uptime 22861 s
[2026-05-14 07:36:33.897] [22865940][I][sensor_poll.cpp:359] task_sensor_poll(): [T5_SEN] [T5] iter 747 — woke from 30 s delay
[2026-05-14 07:36:33.905] [22865949][I][sensor_poll.cpp:395] task_sensor_poll(): [T5_SEN] [T5] iter 747 — polling FG6485A
[2026-05-14 07:36:33.936] [22865982][I][sensor_poll.cpp:432] task_sensor_poll(): [T5_SEN] [T5] iter 747 — polling S200
[2026-05-14 07:36:34.236] [22866280][I][main.cpp:160] task_watchdog_heartbeat(): [GHC] T1 tick 45560  uptime 22866 s
[2026-05-14 07:36:34.480] [22866520][I][sensor_poll.cpp:535] task_sensor_poll(): [T5_SEN] [T5] T=23°C RH=40% ws=0.0 m/s wd=0° | avg T=23 RH=40 ws=0.0 wd=0° [win T=12 RH=20 W=12]
[2026-05-14 07:36:34.500] [22866534][I][climate_control.cpp:434] task_climate_control(): [T6_CLI] [T6] T_avg=23 t_max=28 hyst=5 → step_t=0 | RH_avg=40 rh_max=75 rh_min=50 hyst=12 rh_en=1 → step_rh=0 | resolved=0 (was cur_t=0 cur_rh=0)
[2026-05-14 07:36:36.478] [22868521][I][data_manager.cpp:229] read_rtc_and_seed_clock(): [T4] RTC: 2026-05-14 07:36:34 UTC  unix=1778744194  daytime=yes
[2026-05-14 07:36:39.254] [22871298][I][main.cpp:160] task_watchdog_heartbeat(): [GHC] T1 tick 45570  uptime 22871 s
[2026-05-14 07:36:44.272] [22876316][I][main.cpp:160] task_watchdog_heartbeat(): [GHC] T1 tick 45580  uptime 22876 s
[2026-05-14 07:36:49.290] [22881334][I][main.cpp:160] task_watchdog_heartbeat(): [GHC] T1 tick 45590  uptime 22881 s
[2026-05-14 07:36:54.306] [22886352][I][main.cpp:160] task_watchdog_heartbeat(): [GHC] T1 tick 45600  uptime 22886 s
[2026-05-14 07:36:54.315] [22886360][I][main.cpp:231] task_watchdog_heartbeat(): [GHC] stack T1  hwm=1980 B
[2026-05-14 07:36:54.323] [22886368][I][main.cpp:231] task_watchdog_heartbeat(): [GHC] stack T2  hwm=6196 B
[2026-05-14 07:36:54.329] [22886375][I][main.cpp:231] task_watchdog_heartbeat(): [GHC] stack T3  hwm=1980 B
[2026-05-14 07:36:54.338] [22886383][I][main.cpp:231] task_watchdog_heartbeat(): [GHC] stack T4  hwm=3956 B
[2026-05-14 07:36:54.344] [22886390][I][main.cpp:231] task_watchdog_heartbeat(): [GHC] stack T5  hwm=4260 B
[2026-05-14 07:36:54.352] [22886398][I][main.cpp:231] task_watchdog_heartbeat(): [GHC] stack T6  hwm=1604 B
[2026-05-14 07:36:54.360] [22886405][I][main.cpp:231] task_watchdog_heartbeat(): [GHC] stack T7  hwm=2472 B
[2026-05-14 07:36:54.366] [22886412][I][main.cpp:231] task_watchdog_heartbeat(): [GHC] stack T8  hwm=5940 B
[2026-05-14 07:36:54.375] [22886420][I][main.cpp:231] task_watchdog_heartbeat(): [GHC] stack T9  hwm=2532 B
[2026-05-14 07:36:54.381] [22886427][I][main.cpp:231] task_watchdog_heartbeat(): [GHC] stack T10 hwm=5636 B
[2026-05-14 07:36:54.390] [22886435][I][main.cpp:231] task_watchdog_heartbeat(): [GHC] stack T11 hwm=5508 B
[2026-05-14 07:36:54.396] [22886443][I][main.cpp:231] task_watchdog_heartbeat(): [GHC] stack T12 hwm=7508 B
[2026-05-14 07:36:54.405] [22886450][I][main.cpp:231] task_watchdog_heartbeat(): [GHC] stack T14 hwm=7732 B
[2026-05-14 07:36:59.423] [22891467][I][main.cpp:160] task_watchdog_heartbeat(): [GHC] T1 tick 45610  uptime 22891 s
[2026-05-14 07:37:04.441] [22896485][I][main.cpp:160] task_watchdog_heartbeat(): [GHC] T1 tick 45620  uptime 22896 s
[2026-05-14 07:37:04.491] [22896534][I][sensor_poll.cpp:359] task_sensor_poll(): [T5_SEN] [T5] iter 748 — woke from 30 s delay
[2026-05-14 07:37:04.499] [22896543][I][sensor_poll.cpp:395] task_sensor_poll(): [T5_SEN] [T5] iter 748 — polling FG6485A
[2026-05-14 07:37:04.530] [22896576][I][sensor_poll.cpp:432] task_sensor_poll(): [T5_SEN] [T5] iter 748 — polling S200
[2026-05-14 07:37:05.074] [22897114][I][sensor_poll.cpp:535] task_sensor_poll(): [T5_SEN] [T5] T=23°C RH=40% ws=0.0 m/s wd=0° | avg T=23 RH=40 ws=0.0 wd=0° [win T=12 RH=20 W=12]
[2026-05-14 07:37:05.094] [22897128][I][climate_control.cpp:434] task_climate_control(): [T6_CLI] [T6] T_avg=23 t_max=28 hyst=5 → step_t=0 | RH_avg=40 rh_max=75 rh_min=50 hyst=12 rh_en=1 → step_rh=0 | resolved=0 (was cur_t=0 cur_rh=0)
[2026-05-14 07:37:09.459] [22901503][I][main.cpp:160] task_watchdog_heartbeat(): [GHC] T1 tick 45630  uptime 22901 s
[2026-05-14 07:37:14.477] [22906521][I][main.cpp:160] task_watchdog_heartbeat(): [GHC] T1 tick 45640  uptime 22906 s
[2026-05-14 07:37:19.495] [22911539][I][main.cpp:160] task_watchdog_heartbeat(): [GHC] T1 tick 45650  uptime 22911 s
[2026-05-14 07:37:24.513] [22916557][I][main.cpp:160] task_watchdog_heartbeat(): [GHC] T1 tick 45660  uptime 22916 s
[2026-05-14 07:37:29.531] [22921575][I][main.cpp:160] task_watchdog_heartbeat(): [GHC] T1 tick 45670  uptime 22921 s
[2026-05-14 07:37:34.549] [22926593][I][main.cpp:160] task_watchdog_heartbeat(): [GHC] T1 tick 45680  uptime 22926 s
[2026-05-14 07:37:35.085] [22927128][I][sensor_poll.cpp:359] task_sensor_poll(): [T5_SEN] [T5] iter 749 — woke from 30 s delay
[2026-05-14 07:37:35.093] [22927137][I][sensor_poll.cpp:395] task_sensor_poll(): [T5_SEN] [T5] iter 749 — polling FG6485A
[2026-05-14 07:37:35.124] [22927169][I][sensor_poll.cpp:432] task_sensor_poll(): [T5_SEN] [T5] iter 749 — polling S200
[2026-05-14 07:37:35.671] [22927708][I][sensor_poll.cpp:535] task_sensor_poll(): [T5_SEN] [T5] T=23°C RH=40% ws=0.0 m/s wd=0° | avg T=23 RH=40 ws=0.0 wd=0° [win [22927709][T=12 RH=20 WI][data_man=12]
[2026-05-14 07:37:35.680] ager.cpp:229] read_rtc_and_seed_clock(): [T4] RTC: 2026-05-14 07:37:33 UTC  unix=1778744253  daytime=yes
[2026-05-14 07:37:35.699] [22927733][I][climate_control.cpp:434] task_climate_control(): [T6_CLI] [T6] T_avg=23 t_max=28 hyst=5 → step_t=0 | RH_avg=40 rh_max=75 rh_min=50 hyst=12 rh_en=1 → step_rh=0 | resolved=0 (was cur_t=0 cur_rh=0)
[2026-05-14 07:37:39.567] [22931611][I][main.cpp:160] task_watchdog_heartbeat(): [GHC] T1 tick 45690  uptime 22931 s
[2026-05-14 07:37:44.585] [22936629][I][main.cpp:160] task_watchdog_heartbeat(): [GHC] T1 tick 45700  uptime 22936 s
[2026-05-14 07:37:49.603] [22941647][I][main.cpp:160] task_watchdog_heartbeat(): [GHC] T1 tick 45710  uptime 22941 s
[2026-05-14 07:37:54.621] [22946665][I][main.cpp:160] task_watchdog_heartbeat(): [GHC] T1 tick 45720  uptime 22946 s
[2026-05-14 07:37:59.639] [22951683][I][main.cpp:160] task_watchdog_heartbeat(): [GHC] T1 tick 45730  uptime 22951 s
[2026-05-14 07:38:04.657] [22956701][I][main.cpp:160] task_watchdog_heartbeat(): [GHC] T1 tick 45740  uptime 22956 s
[2026-05-14 07:38:05.690] [22957733][I][sensor_poll.cpp:359] task_sensor_poll(): [T5_SEN] [T5] iter 750 — woke from 30 s delay
[2026-05-14 07:38:05.699] [22957742][I][sensor_poll.cpp:395] task_sensor_poll(): [T5_SEN] [T5] iter 750 — polling FG6485A
[2026-05-14 07:38:05.729] [22957774][I][sensor_poll.cpp:432] task_sensor_poll(): [T5_SEN] [T5] iter 750 — polling S200
[2026-05-14 07:38:06.273] [22958313][I][sensor_poll.cpp:535] task_sensor_poll(): [T5_SEN] [T5] T=23°C RH=40% ws=0.0 m/s wd=0° | avg T=23 RH=40 ws=0.0 wd=0° [win T=12 RH=20 W=12]
[2026-05-14 07:38:06.293] [22958327][I][climate_control.cpp:434] task_climate_control(): [T6_CLI] [T6] T_avg=23 t_max=28 hyst=5 → step_t=0 | RH_avg=40 rh_max=75 rh_min=50 hyst=12 rh_en=1 → step_rh=0 | resolved=0 (was cur_t=0 cur_rh=0)
[2026-05-14 07:38:09.675] [22961719][I][main.cpp:160] task_watchdog_heartbeat(): [GHC] T1 tick 45750  uptime 22961 s
[2026-05-14 07:38:14.693] [22966737][I][main.cpp:160] task_watchdog_heartbeat(): [GHC] T1 tick 45760  uptime 22966 s
[2026-05-14 07:38:19.711] [22971755][I][main.cpp:160] task_watchdog_heartbeat(): [GHC] T1 tick 45770  uptime 22971 s
[2026-05-14 07:38:24.729] [22976773][I][main.cpp:160] task_watchdog_heartbeat(): [GHC] T1 tick 45780  uptime 22976 s
[2026-05-14 07:38:29.747] [22981791][I][main.cpp:160] task_watchdog_heartbeat(): [GHC] T1 tick 45790  uptime 22981 s
[2026-05-14 07:38:34.765] [22986809][I][main.cpp:160] task_watchdog_heartbeat(): [GHC] T1 tick 45800  uptime 22986 s
[2026-05-14 07:38:35.272] [22987314][I][data_manager.cpp:229] read_rtc_and_seed_clock(): [T4] RTC: 2026-05-14 07:38:32 UTC  unix=1778744312  daytime=yes
[2026-05-14 07:38:36.284] [22988327][I][sensor_poll.cpp:359] task_sensor_poll(): [T5_SEN] [T5] iter 751 — woke from 30 s delay
[2026-05-14 07:38:36.293] [22988336][I][sensor_poll.cpp:395] task_sensor_poll(): [T5_SEN] [T5] iter 751 — polling FG6485A
[2026-05-14 07:38:36.324] [22988369][I][sensor_poll.cpp:432] task_sensor_poll(): [T5_SEN] [T5] iter 751 — polling S200
[2026-05-14 07:38:36.867] [22988907][I][sensor_poll.cpp:535] task_sensor_poll(): [T5_SEN] [T5] T=23°C RH=40% ws=0.0 m/s wd=0° | avg T=23 RH=40 ws=0.0 wd=0° [win T=12 RH=20 W=12]
[2026-05-14 07:38:36.887] [22988921][I][climate_control.cpp:434] task_climate_control(): [T6_CLI] [T6] T_avg=23 t_max=28 hyst=5 → step_t=0 | RH_avg=40 rh_max=75 rh_min=50 hyst=12 rh_en=1 → step_rh=0 | resolved=0 (was cur_t=0 cur_rh=0)
[2026-05-14 07:38:39.783] [22991827][I][main.cpp:160] task_watchdog_heartbeat(): [GHC] T1 tick 45810  uptime 22991 s
[2026-05-14 07:38:44.801] [22996845][I][main.cpp:160] task_watchdog_heartbeat(): [GHC] T1 tick 45820  uptime 22996 s
[2026-05-14 07:38:49.819] [23001863][I][main.cpp:160] task_watchdog_heartbeat(): [GHC] T1 tick 45830  uptime 23001 s
[2026-05-14 07:38:54.838] [23006881][I][main.cpp:160] task_watchdog_heartbeat(): [GHC] T1 tick 45840  uptime 23006 s
[2026-05-14 07:38:59.856] [23011899][I][main.cpp:160] task_watchdog_heartbeat(): [GHC] T1 tick 45850  uptime 23011 s
[2026-05-14 07:39:04.874] [23016917][I][main.cpp:160] task_watchdog_heartbeat(): [GHC] T1 tick 45860  uptime 23016 s
[2026-05-14 07:39:06.879] [23018921][I][sensor_poll.cpp:359] task_sensor_poll(): [T5_SEN] [T5] iter 752 — woke from 30 s delay
[2026-05-14 07:39:06.887] [23018930][I][sensor_poll.cpp:395] task_sensor_poll(): [T5_SEN] [T5] iter 752 — polling FG6485A
[2026-05-14 07:39:06.918] [23018963][I][sensor_poll.cpp:432] task_sensor_poll(): [T5_SEN] [T5] iter 752 — polling S200
[2026-05-14 07:39:07.463] [23019502][I][sensor_poll.cpp:535] task_sensor_poll(): [T5_SEN] [T5] T=23°C RH=40% ws=0.0 m/s wd=0° | avg T=23 RH=40 ws=0.0 wd=0° [win T=12 RH=20 W=12]
[2026-05-14 07:39:07.483] [23019516][I][climate_control.cpp:434] task_climate_control(): [T6_CLI] [T6] T_avg=23 t_max=28 hyst=5 → step_t=0 | RH_avg=40 rh_max=75 rh_min=50 hyst=12 rh_en=1 → step_rh=0 | resolved=0 (was cur_t=0 cur_rh=0)
[2026-05-14 07:39:09.892] [23021935][I][main.cpp:160] task_watchdog_heartbeat(): [GHC] T1 tick 45870  uptime 23021 s
[2026-05-14 07:39:14.910] [23026953][I][main.cpp:160] task_watchdog_heartbeat(): [GHC] T1 tick 45880  uptime 23026 s
[2026-05-14 07:39:19.927] [23031971][I][main.cpp:160] task_watchdog_heartbeat(): [GHC] T1 tick 45890  uptime 23031 s
[2026-05-14 07:39:24.946] [23036989][I][main.cpp:160] task_watchdog_heartbeat(): [GHC] T1 tick 45900  uptime 23036 s
[2026-05-14 07:39:29.964] [23042007][I][main.cpp:160] task_watchdog_heartbeat(): [GHC] T1 tick 45910  uptime 23042 s
[2026-05-14 07:39:34.462] [23046504][I][data_manager.cpp:229] read_rtc_and_seed_clock(): [T4] RTC: 2026-05-14 07:39:32 UTC  unix=1778744372  daytime=yes
[2026-05-14 07:39:34.982] [23047025][I][main.cpp:160] task_watchdog_heartbeat(): [GHC] T1 tick 45920  uptime 23047 s
[2026-05-14 07:39:37.474] [23049516][I][sensor_poll.cpp:359] task_sensor_poll(): [T5_SEN] [T5] iter 753 — woke from 30 s delay
[2026-05-14 07:39:37.482] [23049525][I][sensor_poll.cpp:395] task_sensor_poll(): [T5_SEN] [T5] iter 753 — polling FG6485A
[2026-05-14 07:39:37.513] [23049557][I][sensor_poll.cpp:432] task_sensor_poll(): [T5_SEN] [T5] iter 753 — polling S200
[2026-05-14 07:39:38.057] [23050096][I][sensor_poll.cpp:535] task_sensor_poll(): [T5_SEN] [T5] T=23°C RH=40% ws=0.0 m/s wd=0° | avg T=23 RH=40 ws=0.0 wd=0° [win T=12 RH=20 W=12]
[2026-05-14 07:39:38.077] [23050110][I][climate_control.cpp:434] task_climate_control(): [T6_CLI] [T6] T_avg=23 t_max=28 hyst=5 → step_t=0 | RH_avg=40 rh_max=75 rh_min=50 hyst=12 rh_en=1 → step_rh=0 | resolved=0 (was cur_t=0 cur_rh=0)
[2026-05-14 07:39:40.000] [23052043][I][main.cpp:160] task_watchdog_heartbeat(): [GHC] T1 tick 45930  uptime 23052 s
[2026-05-14 07:39:45.018] [23057061][I][main.cpp:160] task_watchdog_heartbeat(): [GHC] T1 tick 45940  uptime 23057 s
[2026-05-14 07:39:50.036] [23062079][I][main.cpp:160] task_watchdog_heartbeat(): [GHC] T1 tick 45950  uptime 23062 s
[2026-05-14 07:39:55.054] [23067097][I][main.cpp:160] task_watchdog_heartbeat(): [GHC] T1 tick 45960  uptime 23067 s
[2026-05-14 07:40:00.072] [23072115][I][main.cpp:160] task_watchdog_heartbeat(): [GHC] T1 tick 45970  uptime 23072 s
[2026-05-14 07:40:05.090] [23077133][I][main.cpp:160] task_watchdog_heartbeat(): [GHC] T1 tick 45980  uptime 23077 s
[2026-05-14 07:40:08.068] [23080110][I][sensor_poll.cpp:359] task_sensor_poll(): [T5_SEN] [T5] iter 754 — woke from 30 s delay
[2026-05-14 07:40:08.076] [23080119][I][sensor_poll.cpp:395] task_sensor_poll(): [T5_SEN] [T5] iter 754 — polling FG6485A
[2026-05-14 07:40:08.107] [23080151][I][sensor_poll.cpp:432] task_sensor_poll(): [T5_SEN] [T5] iter 754 — polling S200
[2026-05-14 07:40:08.652] [23080690][I][sensor_poll.cpp:535] task_sensor_poll(): [T5_SEN] [T5] T=22°C RH=40% ws=0.0 m/s wd=0° | avg T=23 RH=40 ws=0.0 wd=0° [win T=12 RH=20 W=12]
[2026-05-14 07:40:08.671] [23080704][I][climate_control.cpp:434] task_climate_control(): [T6_CLI] [T6] T_avg=23 t_max=28 hyst=5 → step_t=0 | RH_avg=40 rh_max=75 rh_min=50 hyst=12 rh_en=1 → step_rh=0 | resolved=0 (was cur_t=0 cur_rh=0)
[2026-05-14 07:40:10.108] [23082151][I][main.cpp:160] task_watchdog_heartbeat(): [GHC] T1 tick 45990  uptime 23082 s
[2026-05-14 07:40:15.126] [23087169][I][main.cpp:160] task_watchdog_heartbeat(): [GHC] T1 tick 46000  uptime 23087 s
[2026-05-14 07:40:20.144] [23092187][I][main.cpp:160] task_watchdog_heartbeat(): [GHC] T1 tick 46010  uptime 23092 s
[2026-05-14 07:40:25.162] [23097205][I][main.cpp:160] task_watchdog_heartbeat(): [GHC] T1 tick 46020  uptime 23097 s
[2026-05-14 07:40:30.180] [23102223][I][main.cpp:160] task_watchdog_heartbeat(): [GHC] T1 tick 46030  uptime 23102 s
[2026-05-14 07:40:33.649] [23105691][I][data_manager.cpp:229] read_rtc_and_seed_clock(): [T4] RTC: 2026-05-14 07:40:31 UTC  unix=1778744431  daytime=yes
[2026-05-14 07:40:35.198] [23107241][I][main.cpp:160] task_watchdog_heartbeat(): [GHC] T1 tick 46040  uptime 23107 s
[2026-05-14 07:40:38.662] [23110704][I][sensor_poll.cpp:359] task_sensor_poll(): [T5_SEN] [T5] iter 755 — woke from 30 s delay
[2026-05-14 07:40:38.671] [23110713][I][sensor_poll.cpp:395] task_sensor_poll(): [T5_SEN] [T5] iter 755 — polling FG6485A
[2026-05-14 07:40:38.701] [23110746][I][sensor_poll.cpp:432] task_sensor_poll(): [T5_SEN] [T5] iter 755 — polling S200
[2026-05-14 07:40:39.245] [23111284][I][sensor_poll.cpp:535] task_sensor_poll(): [T5_SEN] [T5] T=23°C RH=40% ws=0.0 m/s wd=0° | avg T=23 RH=40 ws=0.0 wd=0° [win T=12 RH=20 W=12]
[2026-05-14 07:40:39.265] [23111298][I][climate_control.cpp:434] task_climate_control(): [T6_CLI] [T6] T_avg=23 t_max=28 hyst=5 → step_t=0 | RH_avg=40 rh_max=75 rh_min=50 hyst=12 rh_en=1 → step_rh=0 | resolved=0 (was cur_t=0 cur_rh=0)
[2026-05-14 07:40:40.216] [23112259][I][main.cpp:160] task_watchdog_heartbeat(): [GHC] T1 tick 46050  uptime 23112 s
[2026-05-14 07:40:45.234] [23117277][I][main.cpp:160] task_watchdog_heartbeat(): [GHC] T1 tick 46060  uptime 23117 s
[2026-05-14 07:40:50.252] [23122295][I][main.cpp:160] task_watchdog_heartbeat(): [GHC] T1 tick 46070  uptime 23122 s
[2026-05-14 07:40:55.270] [23127313][I][main.cpp:160] task_watchdog_heartbeat(): [GHC] T1 tick 46080  uptime 23127 s
[2026-05-14 07:41:00.288] [23132331][I][main.cpp:160] task_watchdog_heartbeat(): [GHC] T1 tick 46090  uptime 23132 s
[2026-05-14 07:41:05.306] [23137349][I][main.cpp:160] task_watchdog_heartbeat(): [GHC] T1 tick 46100  uptime 23137 s
[2026-05-14 07:41:09.256] [23141298][I][sensor_poll.cpp:359] task_sensor_poll(): [T5_SEN] [T5] iter 756 — woke from 30 s delay
[2026-05-14 07:41:09.265] [23141307][I][sensor_poll.cpp:395] task_sensor_poll(): [T5_SEN] [T5] iter 756 — polling FG6485A
[2026-05-14 07:41:09.296] [23141340][I][sensor_poll.cpp:432] task_sensor_poll(): [T5_SEN] [T5] iter 756 — polling S200
[2026-05-14 07:41:09.839] [23141878][I][sensor_poll.cpp:535] task_sensor_poll(): [T5_SEN] [T5] T=23°C RH=40% ws=0.0 m/s wd=0° | avg T=23 RH=40 ws=0.0 wd=0° [win T=12 RH=20 W=12]
[2026-05-14 07:41:09.859] [23141892][I][climate_control.cpp:434] task_climate_control(): [T6_CLI] [T6] T_avg=23 t_max=28 hyst=5 → step_t=0 | RH_avg=40 rh_max=75 rh_min=50 hyst=12 rh_en=1 → step_rh=0 | resolved=0 (was cur_t=0 cur_rh=0)
[2026-05-14 07:41:10.324] [23142367][I][main.cpp:160] task_watchdog_heartbeat(): [GHC] T1 tick 46110  uptime 23142 s
[2026-05-14 07:41:15.342] [23147385][I][main.cpp:160] task_watchdog_heartbeat(): [GHC] T1 tick 46120  uptime 23147 s
[2026-05-14 07:41:20.360] [23152403][I][main.cpp:160] task_watchdog_heartbeat(): [GHC] T1 tick 46130  uptime 23152 s
[2026-05-14 07:41:25.378] [23157421][I][main.cpp:160] task_watchdog_heartbeat(): [GHC] T1 tick 46140  uptime 23157 s
[2026-05-14 07:41:30.396] [23162439][I][main.cpp:160] task_watchdog_heartbeat(): [GHC] T1 tick 46150  uptime 23162 s
[2026-05-14 07:41:32.838] [23164880][I][data_manager.cpp:229] read_rtc_and_seed_clock(): [T4] RTC: 2026-05-14 07:41:30 UTC  unix=1778744490  daytime=yes
[2026-05-14 07:41:35.414] [23167457][I][main.cpp:160] task_watchdog_heartbeat(): [GHC] T1 tick 46160  uptime 23167 s
[2026-05-14 07:41:39.850] [23171892][I][sensor_poll.cpp:359] task_sensor_poll(): [T5_SEN] [T5] iter 757 — woke from 30 s delay
[2026-05-14 07:41:39.859] [23171901][I][sensor_poll.cpp:395] task_sensor_poll(): [T5_SEN] [T5] iter 757 — polling FG6485A
[2026-05-14 07:41:39.889] [23171933][I][sensor_poll.cpp:432] task_sensor_poll(): [T5_SEN] [T5] iter 757 — polling S200
[2026-05-14 07:41:40.433] [23172472][I][sensor_poll.cpp:535] task_sensor_poll(): [T5_SEN] [T5] T=23°C RH=40% ws=0.0 m/s wd=0° | avg T=23 RH=40 ws=0.0 wd=0° [win T=12 RH=20 W=12]
[2026-05-14 07:41:40.442] [23172475][I][main.cpp:160] task_watchdog_heartbeat(): [GHC] T1 tick 46170  uptime 23172 s
[2026-05-14 07:41:40.462] [23172494][I][climate_control.cpp:434] task_climate_control(): [T6_CLI] [T6] T_avg=23 t_max=28 hyst=5 → step_t=0 | RH_avg=40 rh_max=75 rh_min=50 hyst=12 rh_en=1 → step_rh=0 | resolved=0 (was cur_t=0 cur_rh=0)
[2026-05-14 07:41:45.460] [23177503][I][main.cpp:160] task_watchdog_heartbeat(): [GHC] T1 tick 46180  uptime 23177 s
[2026-05-14 07:41:50.478] [23182521][I][main.cpp:160] task_watchdog_heartbeat(): [GHC] T1 tick 46190  uptime 23182 s
[2026-05-14 07:41:55.496] [23187539][I][main.cpp:160] task_watchdog_heartbeat(): [GHC] T1 tick 46200  uptime 23187 s
[2026-05-14 07:42:00.515] [23192557][I][main.cpp:160] task_watchdog_heartbeat(): [GHC] T1 tick 46210  uptime 23192 s
[2026-05-14 07:42:05.533] [23197575][I][main.cpp:160] task_watchdog_heartbeat(): [GHC] T1 tick 46220  uptime 23197 s
[2026-05-14 07:42:10.452] [23202494][I][sensor_poll.cpp:359] task_sensor_poll(): [T5_SEN] [T5] iter 758 — woke from 30 s delay
[2026-05-14 07:42:10.461] [23202503][I][sensor_poll.cpp:395] task_sensor_poll(): [T5_SEN] [T5] iter 758 — polling FG6485A
[2026-05-14 07:42:10.492] [23202535][I][sensor_poll.cpp:432] task_sensor_poll(): [T5_SEN] [T5] iter 758 — polling S200
[2026-05-14 07:42:10.550] [23202593][I][main.cpp:160] task_watchdog_heartbeat(): [GHC] T1 tick 46230  uptime 23202 s
[2026-05-14 07:42:11.036] [23203074][I][sensor_poll.cpp:535] task_sensor_poll(): [T5_SEN] [T5] T=22°C RH=40% ws=0.0 m/s wd=0° | avg T=22 RH=40 ws=0.0 wd=0° [win T=12 RH=20 W=12]
[2026-05-14 07:42:11.056] [23203088][I][climate_control.cpp:434] task_climate_control(): [T6_CLI] [T6] T_avg=22 t_max=28 hyst=5 → step_t=0 | RH_avg=40 rh_max=75 rh_min=50 hyst=12 rh_en=1 → step_rh=0 | resolved=0 (was cur_t=0 cur_rh=0)
[2026-05-14 07:42:15.559] [23207602][I][main.cpp:160] task_watchdog_heartbeat(): [GHC] T1 tick 46240  uptime 23207 s
[2026-05-14 07:42:20.577] [23212619][I][main.cpp:160] task_watchdog_heartbeat(): [GHC] T1 tick 46250  uptime 23212 s
[2026-05-14 07:42:25.595] [23217637][I][main.cpp:160] task_watchdog_heartbeat(): [GHC] T1 tick 46260  uptime 23217 s
[2026-05-14 07:42:30.613] [23222655][I][main.cpp:160] task_watchdog_heartbeat(): [GHC] T1 tick 46270  uptime 23222 s
[2026-05-14 07:42:32.034] [23224075][I][data_manager.cpp:229] read_rtc_and_seed_clock(): [T4] RTC: 2026-05-14 07:42:29 UTC  unix=1778744549  daytime=yes
[2026-05-14 07:42:35.631] [23227673][I][main.cpp:160] task_watchdog_heartbeat(): [GHC] T1 tick 46280  uptime 23227 s
[2026-05-14 07:42:40.649] [23232691][I][main.cpp:160] task_watchdog_heartbeat(): [GHC] T1 tick 46290  uptime 23232 s
[2026-05-14 07:42:41.047] [23233088][I][sensor_poll.cpp:359] task_sensor_poll(): [T5_SEN] [T5] iter 759 — woke from 30 s delay
[2026-05-14 07:42:41.055] [23233097][I][sensor_poll.cpp:395] task_sensor_poll(): [T5_SEN] [T5] iter 759 — polling FG6485A
[2026-05-14 07:42:41.086] [23233130][I][sensor_poll.cpp:432] task_sensor_poll(): [T5_SEN] [T5] iter 759 — polling S200
[2026-05-14 07:42:41.630] [23233668][I][sensor_poll.cpp:535] task_sensor_poll(): [T5_SEN] [T5] T=23°C RH=40% ws=0.0 m/s wd=0° | avg T=22 RH=40 ws=0.0 wd=0° [win T=12 RH=20 W=12]
[2026-05-14 07:42:41.650] [23233682][I][climate_control.cpp:434] task_climate_control(): [T6_CLI] [T6] T_avg=22 t_max=28 hyst=5 → step_t=0 | RH_avg=40 rh_max=75 rh_min=50 hyst=12 rh_en=1 → step_rh=0 | resolved=0 (was cur_t=0 cur_rh=0)
[2026-05-14 07:42:45.666] [23237708][I][main.cpp:160] task_watchdog_heartbeat(): [GHC] T1 tick 46300  uptime 23237 s
[2026-05-14 07:42:50.684] [23242726][I][main.cpp:160] task_watchdog_heartbeat(): [GHC] T1 tick 46310  uptime 23242 s
[2026-05-14 07:42:55.702] [23247744][I][main.cpp:160] task_watchdog_heartbeat(): [GHC] T1 tick 46320  uptime 23247 s
[2026-05-14 07:43:00.720] [23252762][I][main.cpp:160] task_watchdog_heartbeat(): [GHC] T1 tick 46330  uptime 23252 s
[2026-05-14 07:43:05.738] [23257780][I][main.cpp:160] task_watchdog_heartbeat(): [GHC] T1 tick 46340  uptime 23257 s
[2026-05-14 07:43:10.756] [23262798][I][main.cpp:160] task_watchdog_heartbeat(): [GHC] T1 tick 46350  uptime 23262 s
[2026-05-14 07:43:11.641] [23263682][I][sensor_poll.cpp:359] task_sensor_poll(): [T5_SEN] [T5] iter 760 — woke from 30 s delay
[2026-05-14 07:43:11.649] [23263691][I][sensor_poll.cpp:395] task_sensor_poll(): [T5_SEN] [T5] iter 760 — polling FG6485A
[2026-05-14 07:43:11.680] [23263724][I][sensor_poll.cpp:432] task_sensor_poll(): [T5_SEN] [T5] iter 760 — polling S200
[2026-05-14 07:43:12.224] [23264262][I][sensor_poll.cpp:535] task_sensor_poll(): [T5_SEN] [T5] T=23°C RH=39% ws=0.0 m/s wd=0° | avg T=22 RH=40 ws=0.0 wd=0° [win T=12 RH=20 W=12]
[2026-05-14 07:43:12.244] [23264276][I][climate_control.cpp:434] task_climate_control(): [T6_CLI] [T6] T_avg=22 t_max=28 hyst=5 → step_t=0 | RH_avg=40 rh_max=75 rh_min=50 hyst=12 rh_en=1 → step_rh=0 | resolved=0 (was cur_t=0 cur_rh=0)
[2026-05-14 07:43:15.774] [23267816][I][main.cpp:160] task_watchdog_heartbeat(): [GHC] T1 tick 46360  uptime 23267 s
[2026-05-14 07:43:20.792] [23272834][I][main.cpp:160] task_watchdog_heartbeat(): [GHC] T1 tick 46370  uptime 23272 s
[2026-05-14 07:43:25.810] [23277852][I][main.cpp:160] task_watchdog_heartbeat(): [GHC] T1 tick 46380  uptime 23277 s
[2026-05-14 07:43:30.828] [23282870][I][main.cpp:160] task_watchdog_heartbeat(): [GHC] T1 tick 46390  uptime 23282 s
[2026-05-14 07:43:31.222] [23283263][I][data_manager.cpp:229] read_rtc_and_seed_clock(): [T4] RTC: 2026-05-14 07:43:28 UTC  unix=1778744608  daytime=yes
[2026-05-14 07:43:35.846] [23287888][I][main.cpp:160] task_watchdog_heartbeat(): [GHC] T1 tick 46400  uptime 23287 s
[2026-05-14 07:43:40.864] [23292906][I][main.cpp:160] task_watchdog_heartbeat(): [GHC] T1 tick 46410  uptime 23292 s
[2026-05-14 07:43:42.235] [23294276][I][sensor_poll.cpp:359] task_sensor_poll(): [T5_SEN] [T5] iter 761 — woke from 30 s delay
[2026-05-14 07:43:42.243] [23294285][I][sensor_poll.cpp:395] task_sensor_poll(): [T5_SEN] [T5] iter 761 — polling FG6485A
[2026-05-14 07:43:42.274] [23294317][I][sensor_poll.cpp:432] task_sensor_poll(): [T5_SEN] [T5] iter 761 — polling S200
[2026-05-14 07:43:42.818] [23294856][I][sensor_poll.cpp:535] task_sensor_poll(): [T5_SEN] [T5] T=23°C RH=39% ws=0.0 m/s wd=0° | avg T=22 RH=40 ws=0.0 wd=0° [win T=12 RH=20 W=12]
[2026-05-14 07:43:42.838] [23294870][I][climate_control.cpp:434] task_climate_control(): [T6_CLI] [T6] T_avg=22 t_max=28 hyst=5 → step_t=0 | RH_avg=40 rh_max=75 rh_min=50 hyst=12 rh_en=1 → step_rh=0 | resolved=0 (was cur_t=0 cur_rh=0)
[2026-05-14 07:43:45.882] [23297924][I][main.cpp:160] task_watchdog_heartbeat(): [GHC] T1 tick 46420  uptime 23297 s
[2026-05-14 07:43:50.900] [23302942][I][main.cpp:160] task_watchdog_heartbeat(): [GHC] T1 tick 46430  uptime 23302 s
[2026-05-14 07:43:55.918] [23307960][I][main.cpp:160] task_watchdog_heartbeat(): [GHC] T1 tick 46440  uptime 23307 s
[2026-05-14 07:44:00.936] [23312978][I][main.cpp:160] task_watchdog_heartbeat(): [GHC] T1 tick 46450  uptime 23312 s
[2026-05-14 07:44:05.954] [23317996][I][main.cpp:160] task_watchdog_heartbeat(): [GHC] T1 tick 46460  uptime 23317 s
[2026-05-14 07:44:10.972] [23323014][I][main.cpp:160] task_watchdog_heartbeat(): [GHC] T1 tick 46470  uptime 23323 s
[2026-05-14 07:44:12.829] [23324870][I][sensor_poll.cpp:359] task_sensor_poll(): [T5_SEN] [T5] iter 762 — woke from 30 s delay
[2026-05-14 07:44:12.838] [23324879][I][sensor_poll.cpp:395] task_sensor_poll(): [T5_SEN] [T5] iter 762 — polling FG6485A
[2026-05-14 07:44:12.868] [23324911][I][sensor_poll.cpp:432] task_sensor_poll(): [T5_SEN] [T5] iter 762 — polling S200
[2026-05-14 07:44:13.412] [23325450][I][sensor_poll.cpp:535] task_sensor_poll(): [T5_SEN] [T5] T=23°C RH=40% ws=0.0 m/s wd=0° | avg T=22 RH=40 ws=0.0 wd=0° [win T=12 RH=20 W=12]
[2026-05-14 07:44:13.432] [23325464][I][climate_control.cpp:434] task_climate_control(): [T6_CLI] [T6] T_avg=22 t_max=28 hyst=5 → step_t=0 | RH_avg=40 rh_max=75 rh_min=50 hyst=12 rh_en=1 → step_rh=0 | resolved=0 (was cur_t=0 cur_rh=0)
[2026-05-14 07:44:15.990] [23328032][I][main.cpp:160] task_watchdog_heartbeat(): [GHC] T1 tick 46480  uptime 23328 s
[2026-05-14 07:44:21.008] [23333050][I][main.cpp:160] task_watchdog_heartbeat(): [GHC] T1 tick 46490  uptime 23333 s
[2026-05-14 07:44:26.026] [23338068][I][main.cpp:160] task_watchdog_heartbeat(): [GHC] T1 tick 46500  uptime 23338 s
[2026-05-14 07:44:30.410] [23342451][I][data_manager.cpp:229] read_rtc_and_seed_clock(): [T4] RTC: 2026-05-14 07:44:27 UTC  unix=1778744667  daytime=yes
[2026-05-14 07:44:31.044] [23343086][I][main.cpp:160] task_watchdog_heartbeat(): [GHC] T1 tick 46510  uptime 23343 s
[2026-05-14 07:44:36.060] [23348102][I][main.cpp:160] task_watchdog_heartbeat(): [GHC] T1 tick 46520  uptime 23348 s
[2026-05-14 07:44:41.077] [23353119][I][main.cpp:160] task_watchdog_heartbeat(): [GHC] T1 tick 46530  uptime 23353 s
[2026-05-14 07:44:43.423] [23355464][I][sensor_poll.cpp:359] task_sensor_poll(): [T5_SEN] [T5] iter 763 — woke from 30 s delay
[2026-05-14 07:44:43.432] [23355473][I][sensor_poll.cpp:395] task_sensor_poll(): [T5_SEN] [T5] iter 763 — polling FG6485A
[2026-05-14 07:44:43.463] [23355506][I][sensor_poll.cpp:432] task_sensor_poll(): [T5_SEN] [T5] iter 763 — polling S200
[2026-05-14 07:44:44.006] [23356044][I][sensor_poll.cpp:535] task_sensor_poll(): [T5_SEN] [T5] T=23°C RH=39% ws=0.0 m/s wd=0° | avg T=22 RH=40 ws=0.0 wd=0° [win T=12 RH=20 W=12]
[2026-05-14 07:44:44.026] [23356058][I][climate_control.cpp:434] task_climate_control(): [T6_CLI] [T6] T_avg=22 t_max=28 hyst=5 → step_t=0 | RH_avg=40 rh_max=75 rh_min=50 hyst=12 rh_en=1 → step_rh=0 | resolved=0 (was cur_t=0 cur_rh=0)
[2026-05-14 07:44:46.095] [23358137][I][main.cpp:160] task_watchdog_heartbeat(): [GHC] T1 tick 46540  uptime 23358 s
[2026-05-14 07:44:51.113] [23363155][I][main.cpp:160] task_watchdog_heartbeat(): [GHC] T1 tick 46550  uptime 23363 s
[2026-05-14 07:44:56.131] [23368173][I][main.cpp:160] task_watchdog_heartbeat(): [GHC] T1 tick 46560  uptime 23368 s
[2026-05-14 07:45:01.149] [23373191][I][main.cpp:160] task_watchdog_heartbeat(): [GHC] T1 tick 46570  uptime 23373 s
[2026-05-14 07:45:06.167] [23378209][I][main.cpp:160] task_watchdog_heartbeat(): [GHC] T1 tick 46580  uptime 23378 s
[2026-05-14 07:45:11.186] [23383227][I][main.cpp:160] task_watchdog_heartbeat(): [GHC] T1 tick 46590  uptime 23383 s
[2026-05-14 07:45:14.017] [23386058][I][sensor_poll.cpp:359] task_sensor_poll(): [T5_SEN] [T5] iter 764 — woke from 30 s delay
[2026-05-14 07:45:14.026] [23386067][I][sensor_poll.cpp:395] task_sensor_poll(): [T5_SEN] [T5] iter 764 — polling FG6485A
[2026-05-14 07:45:14.057] [23386100][I][sensor_poll.cpp:432] task_sensor_poll(): [T5_SEN] [T5] iter 764 — polling S200
[2026-05-14 07:45:14.600] [23386638][I][sensor_poll.cpp:535] task_sensor_poll(): [T5_SEN] [T5] T=23°C RH=40% ws=0.0 m/s wd=0° | avg T=22 RH=40 ws=0.0 wd=0° [win T=12 RH=20 W=12]
[2026-05-14 07:45:14.620] [23386652][I][climate_control.cpp:434] task_climate_control(): [T6_CLI] [T6] T_avg=22 t_max=28 hyst=5 → step_t=0 | RH_avg=40 rh_max=75 rh_min=50 hyst=12 rh_en=1 → step_rh=0 | resolved=0 (was cur_t=0 cur_rh=0)
[2026-05-14 07:45:16.203] [23388245][I][main.cpp:160] task_watchdog_heartbeat(): [GHC] T1 tick 46600  uptime 23388 s
[2026-05-14 07:45:21.221] [23393263][I][main.cpp:160] task_watchdog_heartbeat(): [GHC] T1 tick 46610  uptime 23393 s
[2026-05-14 07:45:26.239] [23398281][I][main.cpp:160] task_watchdog_heartbeat(): [GHC] T1 tick 46620  uptime 23398 s
[2026-05-14 07:45:29.599] [23401639][I][data_manager.cpp:229] read_rtc_and_seed_clock(): [T4] RTC: 2026-05-14 07:45:27 UTC  unix=1778744727  daytime=yes
[2026-05-14 07:45:31.257] [23403299][I][main.cpp:160] task_watchdog_heartbeat(): [GHC] T1 tick 46630  uptime 23403 s
[2026-05-14 07:45:36.276] [23408317][I][main.cpp:160] task_watchdog_heartbeat(): [GHC] T1 tick 46640  uptime 23408 s
[2026-05-14 07:45:41.294] [23413335][I][main.cpp:160] task_watchdog_heartbeat(): [GHC] T1 tick 46650  uptime 23413 s
[2026-05-14 07:45:44.611] [23416652][I][sensor_poll.cpp:359] task_sensor_poll(): [T5_SEN] [T5] iter 765 — woke from 30 s delay
[2026-05-14 07:45:44.620] [23416661][I][sensor_poll.cpp:395] task_sensor_poll(): [T5_SEN] [T5] iter 765 — polling FG6485A
[2026-05-14 07:45:44.650] [23416693][I][sensor_poll.cpp:432] task_sensor_poll(): [T5_SEN] [T5] iter 765 — polling S200
[2026-05-14 07:45:45.195] [23417232][I][sensor_poll.cpp:535] task_sensor_poll(): [T5_SEN] [T5] T=23°C RH=40% ws=0.0 m/s wd=0° | avg T=22 RH=40 ws=0.0 wd=0° [win T=12 RH=20 W=12]
[2026-05-14 07:45:45.215] [23417246][I][climate_control.cpp:434] task_climate_control(): [T6_CLI] [T6] T_avg=22 t_max=28 hyst=5 → step_t=0 | RH_avg=40 rh_max=75 rh_min=50 hyst=12 rh_en=1 → step_rh=0 | resolved=0 (was cur_t=0 cur_rh=0)
[2026-05-14 07:45:46.312] [23418353][I][main.cpp:160] task_watchdog_heartbeat(): [GHC] T1 tick 46660  uptime 23418 s
[2026-05-14 07:45:51.330] [23423371][I][main.cpp:160] task_watchdog_heartbeat(): [GHC] T1 tick 46670  uptime 23423 s
[2026-05-14 07:45:56.348] [23428389][I][main.cpp:160] task_watchdog_heartbeat(): [GHC] T1 tick 46680  uptime 23428 s
[2026-05-14 07:46:01.366] [23433407][I][main.cpp:160] task_watchdog_heartbeat(): [GHC] T1 tick 46690  uptime 23433 s
[2026-05-14 07:46:06.384] [23438425][I][main.cpp:160] task_watchdog_heartbeat(): [GHC] T1 tick 46700  uptime 23438 s
[2026-05-14 07:46:11.402] [23443443][I][main.cpp:160] task_watchdog_heartbeat(): [GHC] T1 tick 46710  uptime 23443 s
[2026-05-14 07:46:15.206] [23447246][I][sensor_poll.cpp:359] task_sensor_poll(): [T5_SEN] [T5] iter 766 — woke from 30 s delay
[2026-05-14 07:46:15.214] [23447255][I][sensor_poll.cpp:395] task_sensor_poll(): [T5_SEN] [T5] iter 766 — polling FG6485A
[2026-05-14 07:46:15.245] [23447287][I][sensor_poll.cpp:432] task_sensor_poll(): [T5_SEN] [T5] iter 766 — polling S200
[2026-05-14 07:46:15.789] [23447826][I][sensor_poll.cpp:535] task_sensor_poll(): [T5_SEN] [T5] T=23°C RH=40% ws=0.0 m/s wd=0° | avg T=22 RH=40 ws=0.0 wd=0° [win T=12 RH=20 W=12]
[2026-05-14 07:46:15.809] [23447840][I][climate_control.cpp:434] task_climate_control(): [T6_CLI] [T6] T_avg=22 t_max=28 hyst=5 → step_t=0 | RH_avg=40 rh_max=75 rh_min=50 hyst=12 rh_en=1 → step_rh=0 | resolved=0 (was cur_t=0 cur_rh=0)
[2026-05-14 07:46:16.420] [23448461][I][main.cpp:160] task_watchdog_heartbeat(): [GHC] T1 tick 46720  uptime 23448 s
[2026-05-14 07:46:21.438] [23453479][I][main.cpp:160] task_watchdog_heartbeat(): [GHC] T1 tick 46730  uptime 23453 s
[2026-05-14 07:46:26.456] [23458497][I][main.cpp:160] task_watchdog_heartbeat(): [GHC] T1 tick 46740  uptime 23458 s
[2026-05-14 07:46:28.787] [23460827][I][data_manager.cpp:229] read_rtc_and_seed_clock(): [T4] RTC: 2026-05-14 07:46:26 UTC  unix=1778744786  daytime=yes
[2026-05-14 07:46:31.474] [23463515][I][main.cpp:160] task_watchdog_heartbeat(): [GHC] T1 tick 46750  uptime 23463 s
[2026-05-14 07:46:36.492] [23468533][I][main.cpp:160] task_watchdog_heartbeat(): [GHC] T1 tick 46760  uptime 23468 s
[2026-05-14 07:46:41.510] [23473551][I][main.cpp:160] task_watchdog_heartbeat(): [GHC] T1 tick 46770  uptime 23473 s
[2026-05-14 07:46:45.800] [23477840][I][sensor_poll.cpp:359] task_sensor_poll(): [T5_SEN] [T5] iter 767 — woke from 30 s delay
[2026-05-14 07:46:45.808] [23477849][I][sensor_poll.cpp:395] task_sensor_poll(): [T5_SEN] [T5] iter 767 — polling FG6485A
[2026-05-14 07:46:45.839] [23477882][I][sensor_poll.cpp:432] task_sensor_poll(): [T5_SEN] [T5] iter 767 — polling S200
[2026-05-14 07:46:46.383] [23478420][I][sensor_poll.cpp:535] task_sensor_poll(): [T5_SEN] [T5] T=23°C RH=40% ws=0.0 m/s wd=0° | avg T=22 RH=40 ws=0.0 wd=0° [win T=12 RH=20 W=12]
[2026-05-14 07:46:46.403] [23478434][I][climate_control.cpp:434] task_climate_control(): [T6_CLI] [T6] T_avg=22 t_max=28 hyst=5 → step_t=0 | RH_avg=40 rh_max=75 rh_min=50 hyst=12 rh_en=1 → step_rh=0 | resolved=0 (was cur_t=0 cur_rh=0)
[2026-05-14 07:46:46.528] [23478569][I][main.cpp:160] task_watchdog_heartbeat(): [GHC] T1 tick 46780  uptime 23478 s
[2026-05-14 07:46:51.546] [23483587][I][main.cpp:160] task_watchdog_heartbeat(): [GHC] T1 tick 46790  uptime 23483 s
[2026-05-14 07:46:56.559] [23488602][I][main.cpp:160] task_watchdog_heartbeat(): [GHC] T1 tick 46800  uptime 23488 s
[2026-05-14 07:46:56.568] [23488610][I][main.cpp:231] task_watchdog_heartbeat(): [GHC] stack T1  hwm=1980 B
[2026-05-14 07:46:56.576] [23488618][I][main.cpp:231] task_watchdog_heartbeat(): [GHC] stack T2  hwm=6196 B
[2026-05-14 07:46:56.582] [23488625][I][main.cpp:231] task_watchdog_heartbeat(): [GHC] stack T3  hwm=1980 B
[2026-05-14 07:46:56.590] [23488632][I][main.cpp:231] task_watchdog_heartbeat(): [GHC] stack T4  hwm=3956 B
[2026-05-14 07:46:56.596] [23488640][I][main.cpp:231] task_watchdog_heartbeat(): [GHC] stack T5  hwm=4260 B
[2026-05-14 07:46:56.605] [23488647][I][main.cpp:231] task_watchdog_heartbeat(): [GHC] stack T6  hwm=1604 B
[2026-05-14 07:46:56.613] [23488655][I][main.cpp:231] task_watchdog_heartbeat(): [GHC] stack T7  hwm=2472 B
[2026-05-14 07:46:56.619] [23488662][I][main.cpp:231] task_watchdog_heartbeat(): [GHC] stack T8  hwm=5940 B
[2026-05-14 07:46:56.628] [23488670][I][main.cpp:231] task_watchdog_heartbeat(): [GHC] stack T9  hwm=2532 B
[2026-05-14 07:46:56.634] [23488677][I][main.cpp:231] task_watchdog_heartbeat(): [GHC] stack T10 hwm=5636 B
[2026-05-14 07:46:56.642] [23488685][I][main.cpp:231] task_watchdog_heartbeat(): [GHC] stack T11 hwm=5508 B
[2026-05-14 07:46:56.648] [23488692][I][main.cpp:231] task_watchdog_heartbeat(): [GHC] stack T12 hwm=7508 B
[2026-05-14 07:46:56.658] [23488700][I][main.cpp:231] task_watchdog_heartbeat(): [GHC] stack T14 hwm=7732 B
[2026-05-14 07:47:01.676] [23493717][I][main.cpp:160] task_watchdog_heartbeat(): [GHC] T1 tick 46810  uptime 23493 s
[2026-05-14 07:47:06.694] [23498735][I][main.cpp:160] task_watchdog_heartbeat(): [GHC] T1 tick 46820  uptime 23498 s
[2026-05-14 07:47:11.712] [23503753][I][main.cpp:160] task_watchdog_heartbeat(): [GHC] T1 tick 46830  uptime 23503 s
[2026-05-14 07:47:16.394] [23508434][I][sensor_poll.cpp:359] task_sensor_poll(): [T5_SEN] [T5] iter 768 — woke from 30 s delay
[2026-05-14 07:47:16.402] [23508443][I][sensor_poll.cpp:395] task_sensor_poll(): [T5_SEN] [T5] iter 768 — polling FG6485A
[2026-05-14 07:47:16.433] [23508476][I][sensor_poll.cpp:432] task_sensor_poll(): [T5_SEN] [T5] iter 768 — polling S200
[2026-05-14 07:47:16.730] [23508771][I][main.cpp:160] task_watchdog_heartbeat(): [GHC] T1 tick 46840  uptime 23508 s
[2026-05-14 07:47:16.977] [23509014][I][sensor_poll.cpp:535] task_sensor_poll(): [T5_SEN] [T5] T=23°C RH=40% ws=0.0 m/s wd=0° | avg T=22 RH=40 ws=0.0 wd=0° [win T=12 RH=20 W=12]
[2026-05-14 07:47:16.997] [23509028][I][climate_control.cpp:434] task_climate_control(): [T6_CLI] [T6] T_avg=22 t_max=28 hyst=5 → step_t=0 | RH_avg=40 rh_max=75 rh_min=50 hyst=12 rh_en=1 → step_rh=0 | resolved=0 (was cur_t=0 cur_rh=0)
[2026-05-14 07:47:21.748] [23513789][I][main.cpp:160] task_watchdog_heartbeat(): [GHC] T1 tick 46850  uptime 23513 s
[2026-05-14 07:47:26.766] [23518807][I][main.cpp:160] task_watchdog_heartbeat(): [GHC] T1 tick 46860  uptime 23518 s
[2026-05-14 07:47:27.975] [23520015][I][data_manager.cpp:229] read_rtc_and_seed_clock(): [T4] RTC: 2026-05-14 07:47:25 UTC  unix=1778744845  daytime=yes
[2026-05-14 07:47:31.784] [23523825][I][main.cpp:160] task_watchdog_heartbeat(): [GHC] T1 tick 46870  uptime 23523 s
[2026-05-14 07:47:36.802] [23528843][I][main.cpp:160] task_watchdog_heartbeat(): [GHC] T1 tick 46880  uptime 23528 s
[2026-05-14 07:47:41.820] [23533861][I][main.cpp:160] task_watchdog_heartbeat(): [GHC] T1 tick 46890  uptime 23533 s
[2026-05-14 07:47:46.838] [23538879][I][main.cpp:160] task_watchdog_heartbeat(): [GHC] T1 tick 46900  uptime 23538 s
[2026-05-14 07:47:46.988] [23539028][I][sensor_poll.cpp:359] task_sensor_poll(): [T5_SEN] [T5] iter 769 — woke from 30 s delay
[2026-05-14 07:47:46.997] [23539037][I][sensor_poll.cpp:395] task_sensor_poll(): [T5_SEN] [T5] iter 769 — polling FG6485A
[2026-05-14 07:47:47.027] [23539069][I][sensor_poll.cpp:432] task_sensor_poll(): [T5_SEN] [T5] iter 769 — polling S200
[2026-05-14 07:47:47.571] [23539608][I][sensor_poll.cpp:535] task_sensor_poll(): [T5_SEN] [T5] T=22°C RH=40% ws=0.0 m/s wd=0° | avg T=22 RH=40 ws=0.0 wd=0° [win T=12 RH=20 W=12]
[2026-05-14 07:47:47.591] [23539622][I][climate_control.cpp:434] task_climate_control(): [T6_CLI] [T6] T_avg=22 t_max=28 hyst=5 → step_t=0 | RH_avg=40 rh_max=75 rh_min=50 hyst=12 rh_en=1 → step_rh=0 | resolved=0 (was cur_t=0 cur_rh=0)
[2026-05-14 07:47:51.856] [23543897][I][main.cpp:160] task_watchdog_heartbeat(): [GHC] T1 tick 46910  uptime 23543 s
[2026-05-14 07:47:56.874] [23548915][I][main.cpp:160] task_watchdog_heartbeat(): [GHC] T1 tick 46920  uptime 23548 s
[2026-05-14 07:48:01.892] [23553933][I][main.cpp:160] task_watchdog_heartbeat(): [GHC] T1 tick 46930  uptime 23553 s
[2026-05-14 07:48:06.910] [23558951][I][main.cpp:160] task_watchdog_heartbeat(): [GHC] T1 tick 46940  uptime 23558 s
[2026-05-14 07:48:11.928] [23563969][I][main.cpp:160] task_watchdog_heartbeat(): [GHC] T1 tick 46950  uptime 23563 s
[2026-05-14 07:48:16.946] [23568987][I][main.cpp:160] task_watchdog_heartbeat(): [GHC] T1 tick 46960  uptime 23568 s
[2026-05-14 07:48:17.582] [23569622][I][sensor_poll.cpp:359] task_sensor_poll(): [T5_SEN] [T5] iter 770 — woke from 30 s delay
[2026-05-14 07:48:17.591] [23569631][I][sensor_poll.cpp:395] task_sensor_poll(): [T5_SEN] [T5] iter 770 — polling FG6485A
[2026-05-14 07:48:17.621] [23569663][I][sensor_poll.cpp:432] task_sensor_poll(): [T5_SEN] [T5] iter 770 — polling S200
[2026-05-14 07:48:18.165] [23570202][I][sensor_poll.cpp:535] task_sensor_poll(): [T5_SEN] [T5] T=22°C RH=40% ws=0.0 m/s wd=0° | avg T=22 RH=40 ws=0.0 wd=0° [win T=12 RH=20 W=12]
[2026-05-14 07:48:18.185] [23570216][I][climate_control.cpp:434] task_climate_control(): [T6_CLI] [T6] T_avg=22 t_max=28 hyst=5 → step_t=0 | RH_avg=40 rh_max=75 rh_min=50 hyst=12 rh_en=1 → step_rh=0 | resolved=0 (was cur_t=0 cur_rh=0)
[2026-05-14 07:48:21.964] [23574005][I][main.cpp:160] task_watchdog_heartbeat(): [GHC] T1 tick 46970  uptime 23574 s
[2026-05-14 07:48:26.982] [23579023][I][main.cpp:160] task_watchdog_heartbeat(): [GHC] T1 tick 46980  uptime 23579 s
[2026-05-14 07:48:27.163] [23579203][I][data_manager.cpp:229] read_rtc_and_seed_clock(): [T4] RTC: 2026-05-14 07:48:24 UTC  unix=1778744904  daytime=yes
[2026-05-14 07:48:32.000] [23584041][I][main.cpp:160] task_watchdog_heartbeat(): [GHC] T1 tick 46990  uptime 23584 s
[2026-05-14 07:48:37.018] [23589059][I][main.cpp:160] task_watchdog_heartbeat(): [GHC] T1 tick 47000  uptime 23589 s
[2026-05-14 07:48:42.036] [23594077][I][main.cpp:160] task_watchdog_heartbeat(): [GHC] T1 tick 47010  uptime 23594 s
[2026-05-14 07:48:47.054] [23599095][I][main.cpp:160] task_watchdog_heartbeat(): [GHC] T1 tick 47020  uptime 23599 s
[2026-05-14 07:48:48.176] [23600216][I][sensor_poll.cpp:359] task_sensor_poll(): [T5_SEN] [T5] iter 771 — woke from 30 s delay
[2026-05-14 07:48:48.185] [23600225][I][sensor_poll.cpp:395] task_sensor_poll(): [T5_SEN] [T5] iter 771 — polling FG6485A
[2026-05-14 07:48:48.215] [23600258][I][sensor_poll.cpp:432] task_sensor_poll(): [T5_SEN] [T5] iter 771 — polling S200
[2026-05-14 07:48:48.759] [23600796][I][sensor_poll.cpp:535] task_sensor_poll(): [T5_SEN] [T5] T=23°C RH=40% ws=0.0 m/s wd=0° | avg T=22 RH=40 ws=0.0 wd=0° [win T=12 RH=20 W=12]
[2026-05-14 07:48:48.779] [23600810][I][climate_control.cpp:434] task_climate_control(): [T6_CLI] [T6] T_avg=22 t_max=28 hyst=5 → step_t=0 | RH_avg=40 rh_max=75 rh_min=50 hyst=12 rh_en=1 → step_rh=0 | resolved=0 (was cur_t=0 cur_rh=0)
[2026-05-14 07:48:52.072] [23604113][I][main.cpp:160] task_watchdog_heartbeat(): [GHC] T1 tick 47030  uptime 23604 s
[2026-05-14 07:48:57.090] [23609131][I][main.cpp:160] task_watchdog_heartbeat(): [GHC] T1 tick 47040  uptime 23609 s
[2026-05-14 07:49:02.108] [23614149][I][main.cpp:160] task_watchdog_heartbeat(): [GHC] T1 tick 47050  uptime 23614 s
[2026-05-14 07:49:07.126] [23619167][I][main.cpp:160] task_watchdog_heartbeat(): [GHC] T1 tick 47060  uptime 23619 s
[2026-05-14 07:49:12.144] [23624185][I][main.cpp:160] task_watchdog_heartbeat(): [GHC] T1 tick 47070  uptime 23624 s
[2026-05-14 07:49:17.162] [23629203][I][main.cpp:160] task_watchdog_heartbeat(): [GHC] T1 tick 47080  uptime 23629 s
[2026-05-14 07:49:18.770] [23630810][I][sensor_poll.cpp:359] task_sensor_poll(): [T5_SEN] [T5] iter 772 — woke from 30 s delay
[2026-05-14 07:49:18.779] [23630819][I][sensor_poll.cpp:395] task_sensor_poll(): [T5_SEN] [T5] iter 772 — polling FG6485A
[2026-05-14 07:49:18.810] [23630852][I][sensor_poll.cpp:432] task_sensor_poll(): [T5_SEN] [T5] iter 772 — polling S200
[2026-05-14 07:49:19.354] [23631390][I][sensor_poll.cpp:535] task_sensor_poll(): [T5_SEN] [T5] T=23°C RH=40% ws=0.0 m/s wd=0° | avg T=22 RH=40 ws=0.0 wd=0° [win T=12 RH=20 W=12]
[2026-05-14 07:49:19.374] [23631404][I][climate_control.cpp:434] task_climate_control(): [T6_CLI] [T6] T_avg=22 t_max=28 hyst=5 → step_t=0 | RH_avg=40 rh_max=75 rh_min=50 hyst=12 rh_en=1 → step_rh=0 | resolved=0 (was cur_t=0 cur_rh=0)
[2026-05-14 07:49:22.181] [23634221][I][main.cpp:160] task_watchdog_heartbeat(): [GHC] T1 tick 47090  uptime 23634 s
[2026-05-14 07:49:26.352] [23638391][I][data_manager.cpp:229] read_rtc_and_seed_clock(): [T4] RTC: 2026-05-14 07:49:23 UTC  unix=1778744963  daytime=yes
[2026-05-14 07:49:27.199] [23639239][I][main.cpp:160] task_watchdog_heartbeat(): [GHC] T1 tick 47100  uptime 23639 s
[2026-05-14 07:49:32.259] [23644299][I][main.cpp:160] task_watchdog_heartbeat(): [GHC] T1 tick 47110  uptime 23644 s
[2026-05-14 07:49:37.277] [23649317][I][main.cpp:160] task_watchdog_heartbeat(): [GHC] T1 tick 47120  uptime 23649 s
[2026-05-14 07:49:42.295] [23654335][I][main.cpp:160] task_watchdog_heartbeat(): [GHC] T1 tick 47130  uptime 23654 s
[2026-05-14 07:49:47.313] [23659353][I][main.cpp:160] task_watchdog_heartbeat(): [GHC] T1 tick 47140  uptime 23659 s
[2026-05-14 07:49:49.365] [23661404][I][sensor_poll.cpp:359] task_sensor_poll(): [T5_SEN] [T5] iter 773 — woke from 30 s delay
[2026-05-14 07:49:49.373] [23661413][I][sensor_poll.cpp:395] task_sensor_poll(): [T5_SEN] [T5] iter 773 — polling FG6485A
[2026-05-14 07:49:49.719] [23661761][I][sensor_poll.cpp:432] task_sensor_poll(): [T5_SEN] [T5] iter 773 — polling S200
[2026-05-14 07:49:50.263] [23662299][I][sensor_poll.cpp:535] task_sensor_poll(): [T5_SEN] [T5] T=23°C RH=39% ws=0.0 m/s wd=0° | avg T=22 RH=40 ws=0.0 wd=0° [win T=12 RH=20 W=12]
[2026-05-14 07:49:50.283] [23662313][I][climate_control.cpp:434] task_climate_control(): [T6_CLI] [T6] T_avg=22 t_max=28 hyst=5 → step_t=0 | RH_avg=40 rh_max=75 rh_min=50 hyst=12 rh_en=1 → step_rh=0 | resolved=0 (was cur_t=0 cur_rh=0)
[2026-05-14 07:49:52.331] [23664371][I][main.cpp:160] task_watchdog_heartbeat(): [GHC] T1 tick 47150  uptime 23664 s
[2026-05-14 07:49:57.349] [23669389][I][main.cpp:160] task_watchdog_heartbeat(): [GHC] T1 tick 47160  uptime 23669 s
[2026-05-14 07:50:02.367] [23674407][I][main.cpp:160] task_watchdog_heartbeat(): [GHC] T1 tick 47170  uptime 23674 s
[2026-05-14 07:50:07.385] [23679425][I][main.cpp:160] task_watchdog_heartbeat(): [GHC] T1 tick 47180  uptime 23679 s
[2026-05-14 07:50:12.403] [23684443][I][main.cpp:160] task_watchdog_heartbeat(): [GHC] T1 tick 47190  uptime 23684 s
[2026-05-14 07:50:17.421] [23689461][I][main.cpp:160] task_watchdog_heartbeat(): [GHC] T1 tick 47200  uptime 23689 s
[2026-05-14 07:50:20.274] [23692313][I][sensor_poll.cpp:359] task_sensor_poll(): [T5_SEN] [T5] iter 774 — woke from 30 s delay
[2026-05-14 07:50:20.282] [23692322][I][sensor_poll.cpp:395] task_sensor_poll(): [T5_SEN] [T5] iter 774 — polling FG6485A
[2026-05-14 07:50:20.312] [23692354][I][sensor_poll.cpp:432] task_sensor_poll(): [T5_SEN] [T5] iter 774 — polling S200
[2026-05-14 07:50:20.856] [23692892][I][sensor_poll.cpp:535] task_sensor_poll(): [T5_SEN] [T5] T=23°C RH=40% ws=0.0 m/s wd=0° | avg T=22 RH=40 ws=0.0 wd=0° [win T=12 RH=20 W=12]
[2026-05-14 07:50:20.876] [23692906][I][climate_control.cpp:434] task_climate_control(): [T6_CLI] [T6] T_avg=22 t_max=28 hyst=5 → step_t=0 | RH_avg=40 rh_max=75 rh_min=50 hyst=12 rh_en=1 → step_rh=0 | resolved=0 (was cur_t=0 cur_rh=0)
[2026-05-14 07:50:22.439] [23694479][I][main.cpp:160] task_watchdog_heartbeat(): [GHC] T1 tick 47210  uptime 23694 s
[2026-05-14 07:50:25.854] [23697893][I][data_manager.cpp:229] read_rtc_and_seed_clock(): [T4] RTC: 2026-05-14 07:50:23 UTC  unix=1778745023  daytime=yes
[2026-05-14 07:50:27.457] [23699497][I][main.cpp:160] task_watchdog_heartbeat(): [GHC] T1 tick 47220  uptime 23699 s
[2026-05-14 07:50:32.475] [23704515][I][main.cpp:160] task_watchdog_heartbeat(): [GHC] T1 tick 47230  uptime 23704 s
[2026-05-14 07:50:37.493] [23709533][I][main.cpp:160] task_watchdog_heartbeat(): [GHC] T1 tick 47240  uptime 23709 s
[2026-05-14 07:50:42.511] [23714551][I][main.cpp:160] task_watchdog_heartbeat(): [GHC] T1 tick 47250  uptime 23714 s
[2026-05-14 07:50:47.529] [23719569][I][main.cpp:160] task_watchdog_heartbeat(): [GHC] T1 tick 47260  uptime 23719 s
[2026-05-14 07:50:50.867] [23722906][I][sensor_poll.cpp:359] task_sensor_poll(): [T5_SEN] [T5] iter 775 — woke from 30 s delay
[2026-05-14 07:50:50.876] [23722915][I][sensor_poll.cpp:395] task_sensor_poll(): [T5_SEN] [T5] iter 775 — polling FG6485A
[2026-05-14 07:50:50.906] [23722947][I][sensor_poll.cpp:432] task_sensor_poll(): [T5_SEN] [T5] iter 775 — polling S200
[2026-05-14 07:50:51.450] [23723486][I][sensor_poll.cpp:535] task_sensor_poll(): [T5_SEN] [T5] T=22°C RH=40% ws=0.0 m/s wd=0° | avg T=22 RH=40 ws=0.0 wd=0° [win T=12 RH=20 W=12]
[2026-05-14 07:50:51.470] [23723500][I][climate_control.cpp:434] task_climate_control(): [T6_CLI] [T6] T_avg=22 t_max=28 hyst=5 → step_t=0 | RH_avg=40 rh_max=75 rh_min=50 hyst=12 rh_en=1 → step_rh=0 | resolved=0 (was cur_t=0 cur_rh=0)
[2026-05-14 07:50:52.547] [23724587][I][main.cpp:160] task_watchdog_heartbeat(): [GHC] T1 tick 47270  uptime 23724 s
[2026-05-14 07:50:57.563] [23729603][I][main.cpp:160] task_watchdog_heartbeat(): [GHC] T1 tick 47280  uptime 23729 s
[2026-05-14 07:51:02.581] [23734621][I][main.cpp:160] task_watchdog_heartbeat(): [GHC] T1 tick 47290  uptime 23734 s
[2026-05-14 07:51:07.599] [23739639][I][main.cpp:160] task_watchdog_heartbeat(): [GHC] T1 tick 47300  uptime 23739 s
[2026-05-14 07:51:12.617] [23744657][I][main.cpp:160] task_watchdog_heartbeat(): [GHC] T1 tick 47310  uptime 23744 s
[2026-05-14 07:51:17.635] [23749675][I][main.cpp:160] task_watchdog_heartbeat(): [GHC] T1 tick 47320  uptime 23749 s
[2026-05-14 07:51:21.461] [23753500][I][sensor_poll.cpp:359] task_sensor_poll(): [T5_SEN] [T5] iter 776 — woke from 30 s delay
[2026-05-14 07:51:21.470] [23753509][I][sensor_poll.cpp:395] task_sensor_poll(): [T5_SEN] [T5] iter 776 — polling FG6485A
[2026-05-14 07:51:21.500] [23753542][I][sensor_poll.cpp:432] task_sensor_poll(): [T5_SEN] [T5] iter 776 — polling S200
[2026-05-14 07:51:22.044] [23754080][I][sensor_poll.cpp:535] task_sensor_poll(): [T5_SEN] [T5] T=23°C RH=40% ws=0.0 m/s wd=0° | avg T=22 RH=40 ws=0.0 wd=0° [win T=12 RH=20 W=12]
[2026-05-14 07:51:22.064] [23754094][I][climate_control.cpp:434] task_climate_control(): [T6_CLI] [T6] T_avg=22 t_max=28 hyst=5 → step_t=0 | RH_avg=40 rh_max=75 rh_min=50 hyst=12 rh_en=1 → step_rh=0 | resolved=0 (was cur_t=0 cur_rh=0)
[2026-05-14 07:51:22.653] [23754693][I][main.cpp:160] task_watchdog_heartbeat(): [GHC] T1 tick 47330  uptime 23754 s
[2026-05-14 07:51:25.042] [23757081][I][data_manager.cpp:229] read_rtc_and_seed_clock(): [T4] RTC: 2026-05-14 07:51:22 UTC  unix=1778745082  daytime=yes
[2026-05-14 07:51:27.671] [23759711][I][main.cpp:160] task_watchdog_heartbeat(): [GHC] T1 tick 47340  uptime 23759 s
[2026-05-14 07:51:32.689] [23764729][I][main.cpp:160] task_watchdog_heartbeat(): [GHC] T1 tick 47350  uptime 23764 s
[2026-05-14 07:51:37.707] [23769747][I][main.cpp:160] task_watchdog_heartbeat(): [GHC] T1 tick 47360  uptime 23769 s
[2026-05-14 07:51:42.725] [23774765][I][main.cpp:160] task_watchdog_heartbeat(): [GHC] T1 tick 47370  uptime 23774 s
[2026-05-14 07:51:47.743] [23779783][I][main.cpp:160] task_watchdog_heartbeat(): [GHC] T1 tick 47380  uptime 23779 s
[2026-05-14 07:51:52.055] [23784094][I][sensor_poll.cpp:359] task_sensor_poll(): [T5_SEN] [T5] iter 777 — woke from 30 s delay
[2026-05-14 07:51:52.064] [23784103][I][sensor_poll.cpp:395] task_sensor_poll(): [T5_SEN] [T5] iter 777 — polling FG6485A
[2026-05-14 07:51:52.095] [23784136][I][sensor_poll.cpp:432] task_sensor_poll(): [T5_SEN] [T5] iter 777 — polling S200
[2026-05-14 07:51:52.638] [23784674][I][sensor_poll.cpp:535] task_sensor_poll(): [T5_SEN] [T5] T=23°C RH=40% ws=0.0 m/s wd=0° | avg T=22 RH=40 ws=0.0 wd=0° [win T=12 RH=20 W=12]
[2026-05-14 07:51:52.658] [23784688][I][climate_control.cpp:434] task_climate_control(): [T6_CLI] [T6] T_avg=22 t_max=28 hyst=5 → step_t=0 | RH_avg=40 rh_max=75 rh_min=50 hyst=12 rh_en=1 → step_rh=0 | resolved=0 (was cur_t=0 cur_rh=0)
[2026-05-14 07:51:52.761] [23784801][I][main.cpp:160] task_watchdog_heartbeat(): [GHC] T1 tick 47390  uptime 23784 s
[2026-05-14 07:51:57.779] [23789819][I][main.cpp:160] task_watchdog_heartbeat(): [GHC] T1 tick 47400  uptime 23789 s
[2026-05-14 07:52:02.797] [23794837][I][main.cpp:160] task_watchdog_heartbeat(): [GHC] T1 tick 47410  uptime 23794 s
[2026-05-14 07:52:07.815] [23799855][I][main.cpp:160] task_watchdog_heartbeat(): [GHC] T1 tick 47420  uptime 23799 s
[2026-05-14 07:52:12.833] [23804873][I][main.cpp:160] task_watchdog_heartbeat(): [GHC] T1 tick 47430  uptime 23804 s
[2026-05-14 07:52:17.851] [23809891][I][main.cpp:160] task_watchdog_heartbeat(): [GHC] T1 tick 47440  uptime 23809 s
[2026-05-14 07:52:22.649] [23814688][I][sensor_poll.cpp:359] task_sensor_poll(): [T5_SEN] [T5] iter 778 — woke from 30 s delay
[2026-05-14 07:52:22.658] [23814697][I][sensor_poll.cpp:395] task_sensor_poll(): [T5_SEN] [T5] iter 778 — polling FG6485A
[2026-05-14 07:52:22.688] [23814729][I][sensor_poll.cpp:432] task_sensor_poll(): [T5_SEN] [T5] iter 778 — polling S200
[2026-05-14 07:52:22.870] [23814909][I][main.cpp:160] task_watchdog_heartbeat(): [GHC] T1 tick 47450  uptime 23814 s
[2026-05-14 07:52:23.232] [23815267][I][sensor_poll.cpp:535] task_sensor_poll(): [T5_SEN] [T5] T=23°C RH=40% ws=0.0 m/s wd=0° | avg T=22 RH=40 ws=0.0 wd=0° [win T=12 RH=20 W=12]
[2026-05-14 07:52:23.252] [23815281][I][climate_control.cpp:434] task_climate_control(): [T6_CLI] [T6] T_avg=22 t_max=28 hyst=5 → step_t=0 | RH_avg=40 rh_max=75 rh_min=50 hyst=12 rh_en=1 → step_rh=0 | resolved=0 (was cur_t=0 cur_rh=0)
[2026-05-14 07:52:24.230] [23816268][I][data_manager.cpp:229] read_rtc_and_seed_clock(): [T4] RTC: 2026-05-14 07:52:21 UTC  unix=1778745141  daytime=yes
[2026-05-14 07:52:27.888] [23819927][I][main.cpp:160] task_watchdog_heartbeat(): [GHC] T1 tick 47460  uptime 23819 s
[2026-05-14 07:52:32.907] [23824946][I][main.cpp:160] task_watchdog_heartbeat(): [GHC] T1 tick 47470  uptime 23824 s
[2026-05-14 07:52:37.925] [23829964][I][main.cpp:160] task_watchdog_heartbeat(): [GHC] T1 tick 47480  uptime 23829 s
[2026-05-14 07:52:42.942] [23834982][I][main.cpp:160] task_watchdog_heartbeat(): [GHC] T1 tick 47490  uptime 23834 s
[2026-05-14 07:52:47.961] [23840000][I][main.cpp:160] task_watchdog_heartbeat(): [GHC] T1 tick 47500  uptime 23840 s
[2026-05-14 07:52:52.979] [23845018][I][main.cpp:160] task_watchdog_heartbeat(): [GHC] T1 tick 47510  uptime 23845 s
[2026-05-14 07:52:53.243] [23845281][I][sensor_poll.cpp:359] task_sensor_poll(): [T5_SEN] [T5] iter 779 — woke from 30 s delay
[2026-05-14 07:52:53.251] [23845290][I][sensor_poll.cpp:395] task_sensor_poll(): [T5_SEN] [T5] iter 779 — polling FG6485A
[2026-05-14 07:52:53.282] [23845322][I][sensor_poll.cpp:432] task_sensor_poll(): [T5_SEN] [T5] iter 779 — polling S200
[2026-05-14 07:52:53.826] [23845861][I][sensor_poll.cpp:535] task_sensor_poll(): [T5_SEN] [T5] T=23°C RH=40% ws=0.0 m/s wd=0° | avg T=22 RH=40 ws=0.0 wd=0° [win T=12 RH=20 W=12]
[2026-05-14 07:52:53.846] [23845875][I][climate_control.cpp:434] task_climate_control(): [T6_CLI] [T6] T_avg=22 t_max=28 hyst=5 → step_t=0 | RH_avg=40 rh_max=75 rh_min=50 hyst=12 rh_en=1 → step_rh=0 | resolved=0 (was cur_t=0 cur_rh=0)
[2026-05-14 07:52:57.996] [23850036][I][main.cpp:160] task_watchdog_heartbeat(): [GHC] T1 tick 47520  uptime 23850 s
[2026-05-14 07:53:03.014] [23855054][I][main.cpp:160] task_watchdog_heartbeat(): [GHC] T1 tick 47530  uptime 23855 s
[2026-05-14 07:53:08.032] [23860072][I][main.cpp:160] task_watchdog_heartbeat(): [GHC] T1 tick 47540  uptime 23860 s
[2026-05-14 07:53:13.051] [23865090][I][main.cpp:160] task_watchdog_heartbeat(): [GHC] T1 tick 47550  uptime 23865 s
[2026-05-14 07:53:18.063] [23870103][I][main.cpp:160] task_watchdog_heartbeat(): [GHC] T1 tick 47560  uptime 23870 s
[2026-05-14 07:53:23.081] [23875120][I][main.cpp:160] task_watchdog_heartbeat(): [GHC] T1 tick 47570  uptime 23875 s
[2026-05-14 07:53:23.824] [23875862][I][data_manager.cpp:229] read_rtc_and_seed_clock(): [T4] RTC: 2026-05-14 07:53:21 UTC  unix=1778745201  daytime=yes
[2026-05-14 07:53:23.837] [23875875][I][sensor_poll.cpp:359] task_sensor_poll(): [T5_SEN] [T5] iter 780 — woke from 30 s delay
[2026-05-14 07:53:23.845] [23875884][I][sensor_poll.cpp:395] task_sensor_poll(): [T5_SEN] [T5] iter 780 — polling FG6485A
[2026-05-14 07:53:23.876] [23875917][I][sensor_poll.cpp:432] task_sensor_poll(): [T5_SEN] [T5] iter 780 — polling S200
[2026-05-14 07:53:24.420] [23876455][I][sensor_poll.cpp:535] task_sensor_poll(): [T5_SEN] [T5] T=23°C RH=39% ws=0.0 m/s wd=0° | avg T=22 RH=40 ws=0.0 wd=0° [win T=12 RH=20 W=12]
[2026-05-14 07:53:24.440] [23876469][I][climate_control.cpp:434] task_climate_control(): [T6_CLI] [T6] T_avg=22 t_max=28 hyst=5 → step_t=0 | RH_avg=40 rh_max=75 rh_min=50 hyst=12 rh_en=1 → step_rh=0 | resolved=0 (was cur_t=0 cur_rh=0)
[2026-05-14 07:53:28.099] [23880138][I][main.cpp:160] task_watchdog_heartbeat(): [GHC] T1 tick 47580  uptime 23880 s
[2026-05-14 07:53:33.116] [23885156][I][main.cpp:160] task_watchdog_heartbeat(): [GHC] T1 tick 47590  uptime 23885 s
[2026-05-14 07:53:38.135] [23890174][I][main.cpp:160] task_watchdog_heartbeat(): [GHC] T1 tick 47600  uptime 23890 s
[2026-05-14 07:53:43.153] [23895192][I][main.cpp:160] task_watchdog_heartbeat(): [GHC] T1 tick 47610  uptime 23895 s
[2026-05-14 07:53:48.171] [23900210][I][main.cpp:160] task_watchdog_heartbeat(): [GHC] T1 tick 47620  uptime 23900 s
[2026-05-14 07:53:53.189] [23905228][I][main.cpp:160] task_watchdog_heartbeat(): [GHC] T1 tick 47630  uptime 23905 s
[2026-05-14 07:53:54.431] [23906469][I][sensor_poll.cpp:359] task_sensor_poll(): [T5_SEN] [T5] iter 781 — woke from 30 s delay
[2026-05-14 07:53:54.439] [23906478][I][sensor_poll.cpp:395] task_sensor_poll(): [T5_SEN] [T5] iter 781 — polling FG6485A
[2026-05-14 07:53:54.470] [23906511][I][sensor_poll.cpp:432] task_sensor_poll(): [T5_SEN] [T5] iter 781 — polling S200
[2026-05-14 07:53:55.014] [23907049][I][sensor_poll.cpp:535] task_sensor_poll(): [T5_SEN] [T5] T=23°C RH=40% ws=0.0 m/s wd=0° | avg T=22 RH=40 ws=0.0 wd=0° [win T=12 RH=20 W=12]
[2026-05-14 07:53:55.034] [23907063][I][climate_control.cpp:434] task_climate_control(): [T6_CLI] [T6] T_avg=22 t_max=28 hyst=5 → step_t=0 | RH_avg=40 rh_max=75 rh_min=50 hyst=12 rh_en=1 → step_rh=0 | resolved=0 (was cur_t=0 cur_rh=0)
[2026-05-14 07:53:58.207] [23910246][I][main.cpp:160] task_watchdog_heartbeat(): [GHC] T1 tick 47640  uptime 23910 s
[2026-05-14 07:54:03.225] [23915264][I][main.cpp:160] task_watchdog_heartbeat(): [GHC] T1 tick 47650  uptime 23915 s
[2026-05-14 07:54:08.243] [23920282][I][main.cpp:160] task_watchdog_heartbeat(): [GHC] T1 tick 47660  uptime 23920 s
[2026-05-14 07:54:13.261] [23925300][I][main.cpp:160] task_watchdog_heartbeat(): [GHC] T1 tick 47670  uptime 23925 s
[2026-05-14 07:54:18.279] [23930318][I][main.cpp:160] task_watchdog_heartbeat(): [GHC] T1 tick 47680  uptime 23930 s
[2026-05-14 07:54:23.012] [23935050][I][data_manager.cpp:229] read_rtc_and_seed_clock(): [T4] RTC: 2026-05-14 07:54:20 UTC  unix=1778745260  daytime=yes
[2026-05-14 07:54:23.297] [23935336][I][main.cpp:160] task_watchdog_heartbeat(): [GHC] T1 tick 47690  uptime 23935 s
[2026-05-14 07:54:25.025] [23937063][I][sensor_poll.cpp:359] task_sensor_poll(): [T5_SEN] [T5] iter 782 — woke from 30 s delay
[2026-05-14 07:54:25.034] [23937072][I][sensor_poll.cpp:395] task_sensor_poll(): [T5_SEN] [T5] iter 782 — polling FG6485A
[2026-05-14 07:54:25.065] [23937105][I][sensor_poll.cpp:432] task_sensor_poll(): [T5_SEN] [T5] iter 782 — polling S200
[2026-05-14 07:54:25.608] [23937643][I][sensor_poll.cpp:535] task_sensor_poll(): [T5_SEN] [T5] T=23°C RH=40% ws=0.0 m/s wd=0° | avg T=22 RH=40 ws=0.0 wd=0° [win T=12 RH=20 W=12]
[2026-05-14 07:54:25.628] [23937657][I][climate_control.cpp:434] task_climate_control(): [T6_CLI] [T6] T_avg=22 t_max=28 hyst=5 → step_t=0 | RH_avg=40 rh_max=75 rh_min=50 hyst=12 rh_en=1 → step_rh=0 | resolved=0 (was cur_t=0 cur_rh=0)
[2026-05-14 07:54:28.315] [23940354][I][main.cpp:160] task_watchdog_heartbeat(): [GHC] T1 tick 47700  uptime 23940 s
[2026-05-14 07:54:33.333] [23945372][I][main.cpp:160] task_watchdog_heartbeat(): [GHC] T1 tick 47710  uptime 23945 s
[2026-05-14 07:54:38.351] [23950390][I][main.cpp:160] task_watchdog_heartbeat(): [GHC] T1 tick 47720  uptime 23950 s
[2026-05-14 07:54:43.369] [23955408][I][main.cpp:160] task_watchdog_heartbeat(): [GHC] T1 tick 47730  uptime 23955 s
[2026-05-14 07:54:48.387] [23960426][I][main.cpp:160] task_watchdog_heartbeat(): [GHC] T1 tick 47740  uptime 23960 s
[2026-05-14 07:54:53.405] [23965444][I][main.cpp:160] task_watchdog_heartbeat(): [GHC] T1 tick 47750  uptime 23965 s
[2026-05-14 07:54:55.619] [23967657][I][sensor_poll.cpp:359] task_sensor_poll(): [T5_SEN] [T5] iter 783 — woke from 30 s delay
[2026-05-14 07:54:55.628] [23967666][I][sensor_poll.cpp:395] task_sensor_poll(): [T5_SEN] [T5] iter 783 — polling FG6485A
[2026-05-14 07:54:55.658] [23967698][I][sensor_poll.cpp:432] task_sensor_poll(): [T5_SEN] [T5] iter 783 — polling S200
[2026-05-14 07:54:56.202] [23968237][I][sensor_poll.cpp:535] task_sensor_poll(): [T5_SEN] [T5] T=23°C RH=40% ws=0.0 m/s wd=0° | avg T=23 RH=40 ws=0.0 wd=0° [win T=12 RH=20 W=12]
[2026-05-14 07:54:56.222] [23968251][I][climate_control.cpp:434] task_climate_control(): [T6_CLI] [T6] T_avg=23 t_max=28 hyst=5 → step_t=0 | RH_avg=40 rh_max=75 rh_min=50 hyst=12 rh_en=1 → step_rh=0 | resolved=0 (was cur_t=0 cur_rh=0)
[2026-05-14 07:54:58.423] [23970462][I][main.cpp:160] task_watchdog_heartbeat(): [GHC] T1 tick 47760  uptime 23970 s
[2026-05-14 07:55:03.441] [23975480][I][main.cpp:160] task_watchdog_heartbeat(): [GHC] T1 tick 47770  uptime 23975 s
[2026-05-14 07:55:08.459] [23980498][I][main.cpp:160] task_watchdog_heartbeat(): [GHC] T1 tick 47780  uptime 23980 s
[2026-05-14 07:55:13.477] [23985516][I][main.cpp:160] task_watchdog_heartbeat(): [GHC] T1 tick 47790  uptime 23985 s
[2026-05-14 07:55:18.495] [23990534][I][main.cpp:160] task_watchdog_heartbeat(): [GHC] T1 tick 47800  uptime 23990 s
[2026-05-14 07:55:22.201] [23994238][I][data_manager.cpp:229] read_rtc_and_seed_clock(): [T4] RTC: 2026-05-14 07:55:19 UTC  unix=1778745319  daytime=yes
[2026-05-14 07:55:23.513] [23995552][I][main.cpp:160] task_watchdog_heartbeat(): [GHC] T1 tick 47810  uptime 23995 s
[2026-05-14 07:55:26.213] [23998251][I][sensor_poll.cpp:359] task_sensor_poll(): [T5_SEN] [T5] iter 784 — woke from 30 s delay
[2026-05-14 07:55:26.222] [23998260][I][sensor_poll.cpp:395] task_sensor_poll(): [T5_SEN] [T5] iter 784 — polling FG6485A
[2026-05-14 07:55:26.252] [23998292][I][sensor_poll.cpp:432] task_sensor_poll(): [T5_SEN] [T5] iter 784 — polling S200
[2026-05-14 07:55:26.796] [23998831][I][sensor_poll.cpp:535] task_sensor_poll(): [T5_SEN] [T5] T=23°C RH=40% ws=0.0 m/s wd=0° | avg T=23 RH=40 ws=0.0 wd=0° [win T=12 RH=20 W=12]
[2026-05-14 07:55:26.816] [23998845][I][climate_control.cpp:434] task_climate_control(): [T6_CLI] [T6] T_avg=23 t_max=28 hyst=5 → step_t=0 | RH_avg=40 rh_max=75 rh_min=50 hyst=12 rh_en=1 → step_rh=0 | resolved=0 (was cur_t=0 cur_rh=0)
[2026-05-14 07:55:28.531] [24000570][I][main.cpp:160] task_watchdog_heartbeat(): [GHC] T1 tick 47820  uptime 24000 s
[2026-05-14 07:55:33.549] [24005588][I][main.cpp:160] task_watchdog_heartbeat(): [GHC] T1 tick 47830  uptime 24005 s
[2026-05-14 07:55:38.564] [24010603][I][main.cpp:160] task_watchdog_heartbeat(): [GHC] T1 tick 47840  uptime 24010 s
[2026-05-14 07:55:43.581] [24015620][I][main.cpp:160] task_watchdog_heartbeat(): [GHC] T1 tick 47850  uptime 24015 s
[2026-05-14 07:55:48.599] [24020638][I][main.cpp:160] task_watchdog_heartbeat(): [GHC] T1 tick 47860  uptime 24020 s
[2026-05-14 07:55:53.617] [24025656][I][main.cpp:160] task_watchdog_heartbeat(): [GHC] T1 tick 47870  uptime 24025 s
[2026-05-14 07:55:56.807] [24028845][I][sensor_poll.cpp:359] task_sensor_poll(): [T5_SEN] [T5] iter 785 — woke from 30 s delay
[2026-05-14 07:55:56.816] [24028854][I][sensor_poll.cpp:395] task_sensor_poll(): [T5_SEN] [T5] iter 785 — polling FG6485A
[2026-05-14 07:55:56.847] [24028887][I][sensor_poll.cpp:432] task_sensor_poll(): [T5_SEN] [T5] iter 785 — polling S200
[2026-05-14 07:55:57.391] [24029425][I][sensor_poll.cpp:535] task_sensor_poll(): [T5_SEN] [T5] T=23°C RH=40% ws=0.0 m/s wd=0° | avg T=23 RH=40 ws=0.0 wd=0° [win T=12 RH=20 W=12]
[2026-05-14 07:55:57.411] [24029439][I][climate_control.cpp:434] task_climate_control(): [T6_CLI] [T6] T_avg=23 t_max=28 hyst=5 → step_t=0 | RH_avg=40 rh_max=75 rh_min=50 hyst=12 rh_en=1 → step_rh=0 | resolved=0 (was cur_t=0 cur_rh=0)
[2026-05-14 07:55:58.636] [24030674][I][main.cpp:160] task_watchdog_heartbeat(): [GHC] T1 tick 47880  uptime 24030 s
[2026-05-14 07:56:03.654] [24035692][I][main.cpp:160] task_watchdog_heartbeat(): [GHC] T1 tick 47890  uptime 24035 s
[2026-05-14 07:56:08.672] [24040710][I][main.cpp:160] task_watchdog_heartbeat(): [GHC] T1 tick 47900  uptime 24040 s
[2026-05-14 07:56:13.690] [24045728][I][main.cpp:160] task_watchdog_heartbeat(): [GHC] T1 tick 47910  uptime 24045 s
[2026-05-14 07:56:18.708] [24050746][I][main.cpp:160] task_watchdog_heartbeat(): [GHC] T1 tick 47920  uptime 24050 s
[2026-05-14 07:56:21.389] [24053426][I][data_manager.cpp:229] read_rtc_and_seed_clock(): [T4] RTC: 2026-05-14 07:56:18 UTC  unix=1778745378  daytime=yes
[2026-05-14 07:56:23.726] [24055764][I][main.cpp:160] task_watchdog_heartbeat(): [GHC] T1 tick 47930  uptime 24055 s
[2026-05-14 07:56:27.402] [24059439][I][sensor_poll.cpp:359] task_sensor_poll(): [T5_SEN] [T5] iter 786 — woke from 30 s delay
[2026-05-14 07:56:27.410] [24059448][I][sensor_poll.cpp:395] task_sensor_poll(): [T5_SEN] [T5] iter 786 — polling FG6485A
[2026-05-14 07:56:27.441] [24059481][I][sensor_poll.cpp:432] task_sensor_poll(): [T5_SEN] [T5] iter 786 — polling S200
[2026-05-14 07:56:27.985] [24060019][I][sensor_poll.cpp:535] task_sensor_poll(): [T5_SEN] [T5] T=23°C RH=40% ws=0.0 m/s wd=0° | avg T=23 RH=40 ws=0.0 wd=0° [win T=12 RH=20 W=12]
[2026-05-14 07:56:28.005] [24060033][I][climate_control.cpp:434] task_climate_control(): [T6_CLI] [T6] T_avg=23 t_max=28 hyst=5 → step_t=0 | RH_avg=40 rh_max=75 rh_min=50 hyst=12 rh_en=1 → step_rh=0 | resolved=0 (was cur_t=0 cur_rh=0)
[2026-05-14 07:56:28.744] [24060782][I][main.cpp:160] task_watchdog_heartbeat(): [GHC] T1 tick 47940  uptime 24060 s
[2026-05-14 07:56:33.762] [24065800][I][main.cpp:160] task_watchdog_heartbeat(): [GHC] T1 tick 47950  uptime 24065 s
[2026-05-14 07:56:38.780] [24070818][I][main.cpp:160] task_watchdog_heartbeat(): [GHC] T1 tick 47960  uptime 24070 s
[2026-05-14 07:56:43.798] [24075836][I][main.cpp:160] task_watchdog_heartbeat(): [GHC] T1 tick 47970  uptime 24075 s
[2026-05-14 07:56:48.816] [24080854][I][main.cpp:160] task_watchdog_heartbeat(): [GHC] T1 tick 47980  uptime 24080 s
[2026-05-14 07:56:53.834] [24085872][I][main.cpp:160] task_watchdog_heartbeat(): [GHC] T1 tick 47990  uptime 24085 s
[2026-05-14 07:56:57.996] [24090033][I][sensor_poll.cpp:359] task_sensor_poll(): [T5_SEN] [T5] iter 787 — woke from 30 s delay
[2026-05-14 07:56:58.004] [24090042][I][sensor_poll.cpp:395] task_sensor_poll(): [T5_SEN] [T5] iter 787 — polling FG6485A
[2026-05-14 07:56:58.035] [24090074][I][sensor_poll.cpp:432] task_sensor_poll(): [T5_SEN] [T5] iter 787 — polling S200
[2026-05-14 07:56:58.579] [24090613][I][sensor_poll.cpp:535] task_sensor_poll(): [T5_SEN] [T5] T=23°C RH=40% ws=0.0 m/s wd=0° | avg T=23 RH=40 ws=0.0 wd=0° [win T=12 RH=20 W=12]
[2026-05-14 07:56:58.599] [24090627][I][climate_control.cpp:434] task_climate_control(): [T6_CLI] [T6] T_avg=23 t_max=28 hyst=5 → step_t=0 | RH_avg=40 rh_max=75 rh_min=50 hyst=12 rh_en=1 → step_rh=0 | resolved=0 (was cur_t=0 cur_rh=0)
[2026-05-14 07:56:58.850] [24090890][I][main.cpp:160] task_watchdog_heartbeat(): [GHC] T1 tick 48000  uptime 24090 s
[2026-05-14 07:56:58.859] [24090898][I][main.cpp:231] task_watchdog_heartbeat(): [GHC] stack T1  hwm=1980 B
[2026-05-14 07:56:58.867] [24090906][I][main.cpp:231] task_watchdog_heartbeat(): [GHC] stack T2  hwm=6196 B
[2026-05-14 07:56:58.873] [24090913][I][main.cpp:231] task_watchdog_heartbeat(): [GHC] stack T3  hwm=1980 B
[2026-05-14 07:56:58.882] [24090921][I][main.cpp:231] task_watchdog_heartbeat(): [GHC] stack T4  hwm=3956 B
[2026-05-14 07:56:58.888] [24090928][I][main.cpp:231] task_watchdog_heartbeat(): [GHC] stack T5  hwm=4260 B
[2026-05-14 07:56:58.896] [24090936][I][main.cpp:231] task_watchdog_heartbeat(): [GHC] stack T6  hwm=1604 B
[2026-05-14 07:56:58.904] [24090943][I][main.cpp:231] task_watchdog_heartbeat(): [GHC] stack T7  hwm=2472 B
[2026-05-14 07:56:58.910] [24090950][I][main.cpp:231] task_watchdog_heartbeat(): [GHC] stack T8  hwm=5940 B
[2026-05-14 07:56:58.919] [24090958][I][main.cpp:231] task_watchdog_heartbeat(): [GHC] stack T9  hwm=2532 B
[2026-05-14 07:56:58.925] [24090965][I][main.cpp:231] task_watchdog_heartbeat(): [GHC] stack T10 hwm=5636 B
[2026-05-14 07:56:58.934] [24090973][I][main.cpp:231] task_watchdog_heartbeat(): [GHC] stack T11 hwm=5508 B
[2026-05-14 07:56:58.939] [24090981][I][main.cpp:231] task_watchdog_heartbeat(): [GHC] stack T12 hwm=7508 B
[2026-05-14 07:56:58.949] [24090988][I][main.cpp:231] task_watchdog_heartbeat(): [GHC] stack T14 hwm=7732 B
[2026-05-14 07:57:03.967] [24096005][I][main.cpp:160] task_watchdog_heartbeat(): [GHC] T1 tick 48010  uptime 24096 s
[2026-05-14 07:57:08.985] [24101023][I][main.cpp:160] task_watchdog_heartbeat(): [GHC] T1 tick 48020  uptime 24101 s
[2026-05-14 07:57:14.003] [24106041][I][main.cpp:160] task_watchdog_heartbeat(): [GHC] T1 tick 48030  uptime 24106 s
[2026-05-14 07:57:19.021] [24111059][I][main.cpp:160] task_watchdog_heartbeat(): [GHC] T1 tick 48040  uptime 24111 s
[2026-05-14 07:57:20.577] [24112614][I][data_manager.cpp:229] read_rtc_and_seed_clock(): [T4] RTC: 2026-05-14 07:57:18 UTC  unix=1778745438  daytime=yes
[2026-05-14 07:57:24.039] [24116077][I][main.cpp:160] task_watchdog_heartbeat(): [GHC] T1 tick 48050  uptime 24116 s
[2026-05-14 07:57:28.590] [24120627][I][sensor_poll.cpp:359] task_sensor_poll(): [T5_SEN] [T5] iter 788 — woke from 30 s delay
[2026-05-14 07:57:28.598] [24120636][I][sensor_poll.cpp:395] task_sensor_poll(): [T5_SEN] [T5] iter 788 — polling FG6485A
[2026-05-14 07:57:28.629] [24120669][I][sensor_poll.cpp:432] task_sensor_poll(): [T5_SEN] [T5] iter 788 — polling S200
[2026-05-14 07:57:29.057] [24121095][I][main.cpp:160] task_watchdog_heartbeat(): [GHC] T1 tick 48060  uptime 24121 s
[2026-05-14 07:57:29.173] [24121207][I][sensor_poll.cpp:535] task_sensor_poll(): [T5_SEN] [T5] T=23°C RH=40% ws=0.0 m/s wd=0° | avg T=23 RH=40 ws=0.0 wd=0° [win T=12 RH=20 W=12]
[2026-05-14 07:57:29.193] [24121221][I][climate_control.cpp:434] task_climate_control(): [T6_CLI] [T6] T_avg=23 t_max=28 hyst=5 → step_t=0 | RH_avg=40 rh_max=75 rh_min=50 hyst=12 rh_en=1 → step_rh=0 | resolved=0 (was cur_t=0 cur_rh=0)
[2026-05-14 07:57:34.075] [24126113][I][main.cpp:160] task_watchdog_heartbeat(): [GHC] T1 tick 48070  uptime 24126 s
[2026-05-14 07:57:39.093] [24131131][I][main.cpp:160] task_watchdog_heartbeat(): [GHC] T1 tick 48080  uptime 24131 s
[2026-05-14 07:57:44.111] [24136149][I][main.cpp:160] task_watchdog_heartbeat(): [GHC] T1 tick 48090  uptime 24136 s
[2026-05-14 07:57:49.129] [24141167][I][main.cpp:160] task_watchdog_heartbeat(): [GHC] T1 tick 48100  uptime 24141 s
[2026-05-14 07:57:54.147] [24146185][I][main.cpp:160] task_watchdog_heartbeat(): [GHC] T1 tick 48110  uptime 24146 s
[2026-05-14 07:57:59.165] [24151203][I][main.cpp:160] task_watchdog_heartbeat(): [GHC] T1 tick 48120  uptime 24151 s
[2026-05-14 07:57:59.184] [24151221][I][sensor_poll.cpp:359] task_sensor_poll(): [T5_SEN] [T5] iter 789 — woke from 30 s delay
[2026-05-14 07:57:59.193] [24151230][I][sensor_poll.cpp:395] task_sensor_poll(): [T5_SEN] [T5] iter 789 — polling FG6485A
[2026-05-14 07:57:59.223] [24151263][I][sensor_poll.cpp:432] task_sensor_poll(): [T5_SEN] [T5] iter 789 — polling S200
[2026-05-14 07:57:59.767] [24151801][I][sensor_poll.cpp:535] task_sensor_poll(): [T5_SEN] [T5] T=23°C RH=40% ws=0.0 m/s wd=0° | avg T=23 RH=40 ws=0.0 wd=0° [win T=12 RH=20 W=12]
[2026-05-14 07:57:59.787] [24151815][I][climate_control.cpp:434] task_climate_control(): [T6_CLI] [T6] T_avg=23 t_max=28 hyst=5 → step_t=0 | RH_avg=40 rh_max=75 rh_min=50 hyst=12 rh_en=1 → step_rh=0 | resolved=0 (was cur_t=0 cur_rh=0)
[2026-05-14 07:58:04.183] [24156221][I][main.cpp:160] task_watchdog_heartbeat(): [GHC] T1 tick 48130  uptime 24156 s
[2026-05-14 07:58:09.201] [24161239][I][main.cpp:160] task_watchdog_heartbeat(): [GHC] T1 tick 48140  uptime 24161 s
[2026-05-14 07:58:14.219] [24166257][I][main.cpp:160] task_watchdog_heartbeat(): [GHC] T1 tick 48150  uptime 24166 s
[2026-05-14 07:58:19.237] [24171275][I][main.cpp:160] task_watchdog_heartbeat(): [GHC] T1 tick 48160  uptime 24171 s
[2026-05-14 07:58:19.765] [24171802][I][data_manager.cpp:229] read_rtc_and_seed_clock(): [T4] RTC: 2026-05-14 07:58:17 UTC  unix=1778745497  daytime=yes
[2026-05-14 07:58:24.255] [24176293][I][main.cpp:160] task_watchdog_heartbeat(): [GHC] T1 tick 48170  uptime 24176 s
[2026-05-14 07:58:29.273] [24181311][I][main.cpp:160] task_watchdog_heartbeat(): [GHC] T1 tick 48180  uptime 24181 s
[2026-05-14 07:58:29.778] [24181815][I][sensor_poll.cpp:359] task_sensor_poll(): [T5_SEN] [T5] iter 790 — woke from 30 s delay
[2026-05-14 07:58:29.787] [24181824][I][sensor_poll.cpp:395] task_sensor_poll(): [T5_SEN] [T5] iter 790 — polling FG6485A
[2026-05-14 07:58:29.818] [24181857][I][sensor_poll.cpp:432] task_sensor_poll(): [T5_SEN] [T5] iter 790 — polling S200
[2026-05-14 07:58:30.361] [24182395][I][sensor_poll.cpp:535] task_sensor_poll(): [T5_SEN] [T5] T=23°C RH=40% ws=0.0 m/s wd=0° | avg T=23 RH=40 ws=0.0 wd=0° [win T=12 RH=20 W=12]
[2026-05-14 07:58:30.381] [24182409][I][climate_control.cpp:434] task_climate_control(): [T6_CLI] [T6] T_avg=23 t_max=28 hyst=5 → step_t=0 | RH_avg=40 rh_max=75 rh_min=50 hyst=12 rh_en=1 → step_rh=0 | resolved=0 (was cur_t=0 cur_rh=0)
[2026-05-14 07:58:34.291] [24186329][I][main.cpp:160] task_watchdog_heartbeat(): [GHC] T1 tick 48190  uptime 24186 s
[2026-05-14 07:58:39.309] [24191347][I][main.cpp:160] task_watchdog_heartbeat(): [GHC] T1 tick 48200  uptime 24191 s
[2026-05-14 07:58:44.327] [24196365][I][main.cpp:160] task_watchdog_heartbeat(): [GHC] T1 tick 48210  uptime 24196 s
[2026-05-14 07:58:49.345] [24201383][I][main.cpp:160] task_watchdog_heartbeat(): [GHC] T1 tick 48220  uptime 24201 s
[2026-05-14 07:58:54.363] [24206401][I][main.cpp:160] task_watchdog_heartbeat(): [GHC] T1 tick 48230  uptime 24206 s
[2026-05-14 07:58:59.381] [24211419][I][main.cpp:160] task_watchdog_heartbeat(): [GHC] T1 tick 48240  uptime 24211 s
[2026-05-14 07:59:00.372] [24212409][I][sensor_poll.cpp:359] task_sensor_poll(): [T5_SEN] [T5] iter 791 — woke from 30 s delay
[2026-05-14 07:59:00.381] [24212418][I][sensor_poll.cpp:395] task_sensor_poll(): [T5_SEN] [T5] iter 791 — polling FG6485A
[2026-05-14 07:59:00.411] [24212450][I][sensor_poll.cpp:432] task_sensor_poll(): [T5_SEN] [T5] iter 791 — polling S200
[2026-05-14 07:59:00.956] [24212989][I][sensor_poll.cpp:535] task_sensor_poll(): [T5_SEN] [T5] T=23°C RH=40% ws=0.0 m/s wd=0° | avg T=23 RH=40 ws=0.0 wd=0° [win T=12 RH=20 W=12]
[2026-05-14 07:59:00.976] [24213003][I][climate_control.cpp:434] task_climate_control(): [T6_CLI] [T6] T_avg=23 t_max=28 hyst=5 → step_t=0 | RH_avg=40 rh_max=75 rh_min=50 hyst=12 rh_en=1 → step_rh=0 | resolved=0 (was cur_t=0 cur_rh=0)
[2026-05-14 07:59:04.399] [24216437][I][main.cpp:160] task_watchdog_heartbeat(): [GHC] T1 tick 48250  uptime 24216 s
[2026-05-14 07:59:09.417] [24221455][I][main.cpp:160] task_watchdog_heartbeat(): [GHC] T1 tick 48260  uptime 24221 s
[2026-05-14 07:59:14.436] [24226473][I][main.cpp:160] task_watchdog_heartbeat(): [GHC] T1 tick 48270  uptime 24226 s
[2026-05-14 07:59:18.954] [24230990][I][data_manager.cpp:229] read_rtc_and_seed_clock(): [T4] RTC: 2026-05-14 07:59:16 UTC  unix=1778745556  daytime=yes
[2026-05-14 07:59:19.454] [24231491][I][main.cpp:160] task_watchdog_heartbeat(): [GHC] T1 tick 48280  uptime 24231 s
[2026-05-14 07:59:24.472] [24236509][I][main.cpp:160] task_watchdog_heartbeat(): [GHC] T1 tick 48290  uptime 24236 s
[2026-05-14 07:59:29.490] [24241527][I][main.cpp:160] task_watchdog_heartbeat(): [GHC] T1 tick 48300  uptime 24241 s
[2026-05-14 07:59:30.966] [24243003][I][sensor_poll.cpp:359] task_sensor_poll(): [T5_SEN] [T5] iter 792 — woke from 30 s delay
[2026-05-14 07:59:30.975] [24243012][I][sensor_poll.cpp:395] task_sensor_poll(): [T5_SEN] [T5] iter 792 — polling FG6485A
[2026-05-14 07:59:31.006] [24243044][I][sensor_poll.cpp:432] task_sensor_poll(): [T5_SEN] [T5] iter 792 — polling S200
[2026-05-14 07:59:31.550] [24243583][I][sensor_poll.cpp:535] task_sensor_poll(): [T5_SEN] [T5] T=23°C RH=40% ws=0.0 m/s wd=0° | avg T=23 RH=40 ws=0.0 wd=0° [win T=12 RH=20 W=12]
[2026-05-14 07:59:31.570] [24243597][I][climate_control.cpp:434] task_climate_control(): [T6_CLI] [T6] T_avg=23 t_max=28 hyst=5 → step_t=0 | RH_avg=40 rh_max=75 rh_min=50 hyst=12 rh_en=1 → step_rh=0 | resolved=0 (was cur_t=0 cur_rh=0)
[2026-05-14 07:59:34.508] [24246545][I][main.cpp:160] task_watchdog_heartbeat(): [GHC] T1 tick 48310  uptime 24246 s
[2026-05-14 07:59:39.526] [24251563][I][main.cpp:160] task_watchdog_heartbeat(): [GHC] T1 tick 48320  uptime 24251 s
[2026-05-14 07:59:44.544] [24256581][I][main.cpp:160] task_watchdog_heartbeat(): [GHC] T1 tick 48330  uptime 24256 s
[2026-05-14 07:59:49.562] [24261599][I][main.cpp:160] task_watchdog_heartbeat(): [GHC] T1 tick 48340  uptime 24261 s
[2026-05-14 07:59:54.580] [24266617][I][main.cpp:160] task_watchdog_heartbeat(): [GHC] T1 tick 48350  uptime 24266 s
[2026-05-14 07:59:59.598] [24271635][I][main.cpp:160] task_watchdog_heartbeat(): [GHC] T1 tick 48360  uptime 24271 s
[2026-05-14 08:00:01.561] [24273597][I][sensor_poll.cpp:359] task_sensor_poll(): [T5_SEN] [T5] iter 793 — woke from 30 s delay
[2026-05-14 08:00:01.569] [24273606][I][sensor_poll.cpp:395] task_sensor_poll(): [T5_SEN] [T5] iter 793 — polling FG6485A
[2026-05-14 08:00:01.600] [24273639][I][sensor_poll.cpp:432] task_sensor_poll(): [T5_SEN] [T5] iter 793 — polling S200
[2026-05-14 08:00:02.144] [24274178][I][sensor_poll.cpp:535] task_sensor_poll(): [T5_SEN] [T5] T=23°C RH=40% ws=0.0 m/s wd=0° | avg T=23 RH=40 ws=0.0 wd=0° [win T=12 RH=20 W=12]
[2026-05-14 08:00:02.165] [24274192][I][climate_control.cpp:434] task_climate_control(): [T6_CLI] [T6] T_avg=23 t_max=28 hyst=5 → step_t=0 | RH_avg=40 rh_max=75 rh_min=50 hyst=12 rh_en=1 → step_rh=0 | resolved=0 (was cur_t=0 cur_rh=0)
[2026-05-14 08:00:04.615] [24276653][I][main.cpp:160] task_watchdog_heartbeat(): [GHC] T1 tick 48370  uptime 24276 s
[2026-05-14 08:00:09.634] [24281671][I][main.cpp:160] task_watchdog_heartbeat(): [GHC] T1 tick 48380  uptime 24281 s
[2026-05-14 08:00:14.652] [24286689][I][main.cpp:160] task_watchdog_heartbeat(): [GHC] T1 tick 48390  uptime 24286 s
[2026-05-14 08:00:18.143] [24290179][I][data_manager.cpp:229] read_rtc_and_seed_clock(): [T4] RTC: 2026-05-14 08:00:15 UTC  unix=1778745615  daytime=yes
[2026-05-14 08:00:19.670] [24291707][I][main.cpp:160] task_watchdog_heartbeat(): [GHC] T1 tick 48400  uptime 24291 s
[2026-05-14 08:00:24.688] [24296725][I][main.cpp:160] task_watchdog_heartbeat(): [GHC] T1 tick 48410  uptime 24296 s
[2026-05-14 08:00:29.706] [24301743][I][main.cpp:160] task_watchdog_heartbeat(): [GHC] T1 tick 48420  uptime 24301 s
[2026-05-14 08:00:32.156] [24304192][I][sensor_poll.cpp:359] task_sensor_poll(): [T5_SEN] [T5] iter 794 — woke from 30 s delay
[2026-05-14 08:00:32.164] [24304201][I][sensor_poll.cpp:395] task_sensor_poll(): [T5_SEN] [T5] iter 794 — polling FG6485A
[2026-05-14 08:00:32.196] [24304234][I][sensor_poll.cpp:432] task_sensor_poll(): [T5_SEN] [T5] iter 794 — polling S200
[2026-05-14 08:00:32.739] [24304772][I][sensor_poll.cpp:535] task_sensor_poll(): [T5_SEN] [T5] T=23°C RH=40% ws=0.0 m/s wd=0° | avg T=23 RH=40 ws=0.0 wd=0° [win T=12 RH=20 W=12]
[2026-05-14 08:00:32.759] [24304786][I][climate_control.cpp:434] task_climate_control(): [T6_CLI] [T6] T_avg=23 t_max=28 hyst=5 → step_t=0 | RH_avg=40 rh_max=75 rh_min=50 hyst=12 rh_en=1 → step_rh=0 | resolved=0 (was cur_t=0 cur_rh=0)
[2026-05-14 08:00:34.724] [24306761][I][main.cpp:160] task_watchdog_heartbeat(): [GHC] T1 tick 48430  uptime 24306 s
[2026-05-14 08:00:39.742] [24311779][I][main.cpp:160] task_watchdog_heartbeat(): [GHC] T1 tick 48440  uptime 24311 s
[2026-05-14 08:00:44.760] [24316797][I][main.cpp:160] task_watchdog_heartbeat(): [GHC] T1 tick 48450  uptime 24316 s
[2026-05-14 08:00:49.778] [24321815][I][main.cpp:160] task_watchdog_heartbeat(): [GHC] T1 tick 48460  uptime 24321 s
[2026-05-14 08:00:54.796] [24326833][I][main.cpp:160] task_watchdog_heartbeat(): [GHC] T1 tick 48470  uptime 24326 s
[2026-05-14 08:00:59.814] [24331851][I][main.cpp:160] task_watchdog_heartbeat(): [GHC] T1 tick 48480  uptime 24331 s
[2026-05-14 08:01:02.750] [24334786][I][sensor_poll.cpp:359] task_sensor_poll(): [T5_SEN] [T5] iter 795 — woke from 30 s delay
[2026-05-14 08:01:02.758] [24334795][I][sensor_poll.cpp:395] task_sensor_poll(): [T5_SEN] [T5] iter 795 — polling FG6485A
[2026-05-14 08:01:02.789] [24334827][I][sensor_poll.cpp:432] task_sensor_poll(): [T5_SEN] [T5] iter 795 — polling S200
[2026-05-14 08:01:03.334] [24335366][I][sensor_poll.cpp:535] task_sensor_poll(): [T5_SEN] [T5] T=23°C RH=40% ws=0.0 m/s wd=0° | avg T=23 RH=40 ws=0.0 wd=0° [win T=12 RH=20 W=12]
[2026-05-14 08:01:03.354] [24335380][I][climate_control.cpp:434] task_climate_control(): [T6_CLI] [T6] T_avg=23 t_max=28 hyst=5 → step_t=0 | RH_avg=40 rh_max=75 rh_min=50 hyst=12 rh_en=1 → step_rh=0 | resolved=0 (was cur_t=0 cur_rh=0)
[2026-05-14 08:01:04.831] [24336868][I][main.cpp:160] task_watchdog_heartbeat(): [GHC] T1 tick 48490  uptime 24336 s
[2026-05-14 08:01:09.849] [24341886][I][main.cpp:160] task_watchdog_heartbeat(): [GHC] T1 tick 48500  uptime 24341 s
[2026-05-14 08:01:14.867] [24346904][I][main.cpp:160] task_watchdog_heartbeat(): [GHC] T1 tick 48510  uptime 24346 s
[2026-05-14 08:01:17.333] [24349369][I][data_manager.cpp:229] read_rtc_and_seed_clock(): [T4] RTC: 2026-05-14 08:01:14 UTC  unix=1778745674  daytime=yes
[2026-05-14 08:01:19.885] [24351922][I][main.cpp:160] task_watchdog_heartbeat(): [GHC] T1 tick 48520  uptime 24351 s
[2026-05-14 08:01:24.903] [24356940][I][main.cpp:160] task_watchdog_heartbeat(): [GHC] T1 tick 48530  uptime 24356 s
[2026-05-14 08:01:29.921] [24361958][I][main.cpp:160] task_watchdog_heartbeat(): [GHC] T1 tick 48540  uptime 24361 s
[2026-05-14 08:01:33.344] [24365380][I][sensor_poll.cpp:359] task_sensor_poll(): [T5_SEN] [T5] iter 796 — woke from 30 s delay
[2026-05-14 08:01:33.353] [24365389][I][sensor_poll.cpp:395] task_sensor_poll(): [T5_SEN] [T5] iter 796 — polling FG6485A
[2026-05-14 08:01:33.383] [24365421][I][sensor_poll.cpp:432] task_sensor_poll(): [T5_SEN] [T5] iter 796 — polling S200
[2026-05-14 08:01:33.928] [24365960][I][sensor_poll.cpp:535] task_sensor_poll(): [T5_SEN] [T5] T=23°C RH=40% ws=0.0 m/s wd=0° | avg T=23 RH=40 ws=0.0 wd=0° [win T=12 RH=20 W=12]
[2026-05-14 08:01:33.948] [24365974][I][climate_control.cpp:434] task_climate_control(): [T6_CLI] [T6] T_avg=23 t_max=28 hyst=5 → step_t=0 | RH_avg=40 rh_max=75 rh_min=50 hyst=12 rh_en=1 → step_rh=0 | resolved=0 (was cur_t=0 cur_rh=0)
[2026-05-14 08:01:34.938] [24366975][I][main.cpp:160] task_watchdog_heartbeat(): [GHC] T1 tick 48550  uptime 24366 s
[2026-05-14 08:01:39.956] [24371993][I][main.cpp:160] task_watchdog_heartbeat(): [GHC] T1 tick 48560  uptime 24371 s
[2026-05-14 08:01:44.974] [24377011][I][main.cpp:160] task_watchdog_heartbeat(): [GHC] T1 tick 48570  uptime 24377 s
[2026-05-14 08:01:49.992] [24382029][I][main.cpp:160] task_watchdog_heartbeat(): [GHC] T1 tick 48580  uptime 24382 s
[2026-05-14 08:01:55.010] [24387047][I][main.cpp:160] task_watchdog_heartbeat(): [GHC] T1 tick 48590  uptime 24387 s
[2026-05-14 08:02:00.028] [24392065][I][main.cpp:160] task_watchdog_heartbeat(): [GHC] T1 tick 48600  uptime 24392 s
[2026-05-14 08:02:03.938] [24395974][I][sensor_poll.cpp:359] task_sensor_poll(): [T5_SEN] [T5] iter 797 — woke from 30 s delay
[2026-05-14 08:02:03.947] [24395983][I][sensor_poll.cpp:395] task_sensor_poll(): [T5_SEN] [T5] iter 797 — polling FG6485A
[2026-05-14 08:02:03.978] [24396016][I][sensor_poll.cpp:432] task_sensor_poll(): [T5_SEN] [T5] iter 797 — polling S200
[2026-05-14 08:02:04.521] [24396554][I][sensor_poll.cpp:535] task_sensor_poll(): [T5_SEN] [T5] T=22°C RH=40% ws=0.0 m/s wd=0° | avg T=23 RH=40 ws=0.0 wd=0° [win T=12 RH=20 W=12]
[2026-05-14 08:02:04.541] [24396568][I][climate_control.cpp:434] task_climate_control(): [T6_CLI] [T6] T_avg=23 t_max=28 hyst=5 → step_t=0 | RH_avg=40 rh_max=75 rh_min=50 hyst=12 rh_en=1 → step_rh=0 | resolved=0 (was cur_t=0 cur_rh=0)
[2026-05-14 08:02:05.046] [24397083][I][main.cpp:160] task_watchdog_heartbeat(): [GHC] T1 tick 48610  uptime 24397 s
[2026-05-14 08:02:10.064] [24402101][I][main.cpp:160] task_watchdog_heartbeat(): [GHC] T1 tick 48620  uptime 24402 s
[2026-05-14 08:02:15.082] [24407119][I][main.cpp:160] task_watchdog_heartbeat(): [GHC] T1 tick 48630  uptime 24407 s
[2026-05-14 08:02:16.520] [24408555][I][data_manager.cpp:229] read_rtc_and_seed_clock(): [T4] RTC: 2026-05-14 08:02:14 UTC  unix=1778745734  daytime=yes
[2026-05-14 08:02:20.100] [24412137][I][main.cpp:160] task_watchdog_heartbeat(): [GHC] T1 tick 48640  uptime 24412 s
[2026-05-14 08:02:25.119] [24417155][I][main.cpp:160] task_watchdog_heartbeat(): [GHC] T1 tick 48650  uptime 24417 s
[2026-05-14 08:02:30.137] [24422173][I][main.cpp:160] task_watchdog_heartbeat(): [GHC] T1 tick 48660  uptime 24422 s
[2026-05-14 08:02:34.532] [24426568][I][sensor_poll.cpp:359] task_sensor_poll(): [T5_SEN] [T5] iter 798 — woke from 30 s delay
[2026-05-14 08:02:34.541] [24426577][I][sensor_poll.cpp:395] task_sensor_poll(): [T5_SEN] [T5] iter 798 — polling FG6485A
[2026-05-14 08:02:34.572] [24426610][I][sensor_poll.cpp:432] task_sensor_poll(): [T5_SEN] [T5] iter 798 — polling S200
[2026-05-14 08:02:35.116] [24427148][I][sensor_poll.cpp:535] task_sensor_poll(): [T5_SEN] [T5] T=23°C RH=40% ws=0.0 m/s wd=0° | avg T=23 RH=40 ws=0.0 wd=0° [win T=12 RH=20 W=12]
[2026-05-14 08:02:35.136] [24427162][I][climate_control.cpp:434] task_climate_control(): [T6_CLI] [T6] T_avg=23 t_max=28 hyst=5 → step_t=0 | RH_avg=40 rh_max=75 rh_min=50 hyst=12 rh_en=1 → step_rh=0 | resolved=0 (was cur_t=0 cur_rh=0)
[2026-05-14 08:02:35.154] [24427191][I][main.cpp:160] task_watchdog_heartbeat(): [GHC] T1 tick 48670  uptime 24427 s
[2026-05-14 08:02:40.173] [24432209][I][main.cpp:160] task_watchdog_heartbeat(): [GHC] T1 tick 48680  uptime 24432 s
[2026-05-14 08:02:45.190] [24437227][I][main.cpp:160] task_watchdog_heartbeat(): [GHC] T1 tick 48690  uptime 24437 s
[2026-05-14 08:02:50.208] [24442245][I][main.cpp:160] task_watchdog_heartbeat(): [GHC] T1 tick 48700  uptime 24442 s
[2026-05-14 08:02:55.227] [24447263][I][main.cpp:160] task_watchdog_heartbeat(): [GHC] T1 tick 48710  uptime 24447 s
[2026-05-14 08:03:00.245] [24452281][I][main.cpp:160] task_watchdog_heartbeat(): [GHC] T1 tick 48720  uptime 24452 s
[2026-05-14 08:03:05.127] [24457162][I][sensor_poll.cpp:359] task_sensor_poll(): [T5_SEN] [T5] iter 799 — woke from 30 s delay
[2026-05-14 08:03:05.135] [24457171][I][sensor_poll.cpp:395] task_sensor_poll(): [T5_SEN] [T5] iter 799 — polling FG6485A
[2026-05-14 08:03:05.165] [24457203][I][sensor_poll.cpp:432] task_sensor_poll(): [T5_SEN] [T5] iter 799 — polling S200
[2026-05-14 08:03:05.263] [24457299][I][main.cpp:160] task_watchdog_heartbeat(): [GHC] T1 tick 48730  uptime 24457 s
[2026-05-14 08:03:05.710] [24457742][I][sensor_poll.cpp:535] task_sensor_poll(): [T5_SEN] [T5] T=23°C RH=40% ws=0.0 m/s wd=0° | avg T=23 RH=40 ws=0.0 wd=0° [win T=12 RH=20 W=12]
[2026-05-14 08:03:05.730] [24457756][I][climate_control.cpp:434] task_climate_control(): [T6_CLI] [T6] T_avg=23 t_max=28 hyst=5 → step_t=0 | RH_avg=40 rh_max=75 rh_min=50 hyst=12 rh_en=1 → step_rh=0 | resolved=0 (was cur_t=0 cur_rh=0)
[2026-05-14 08:03:10.280] [24462316][I][main.cpp:160] task_watchdog_heartbeat(): [GHC] T1 tick 48740  uptime 24462 s
[2026-05-14 08:03:15.298] [24467334][I][main.cpp:160] task_watchdog_heartbeat(): [GHC] T1 tick 48750  uptime 24467 s
[2026-05-14 08:03:15.708] [24467743][I][data_manager.cpp:229] read_rtc_and_seed_clock(): [T4] RTC: 2026-05-14 08:03:13 UTC  unix=1778745793  daytime=yes
[2026-05-14 08:03:20.316] [24472352][I][main.cpp:160] task_watchdog_heartbeat(): [GHC] T1 tick 48760  uptime 24472 s
[2026-05-14 08:03:25.334] [24477370][I][main.cpp:160] task_watchdog_heartbeat(): [GHC] T1 tick 48770  uptime 24477 s
[2026-05-14 08:03:30.352] [24482388][I][main.cpp:160] task_watchdog_heartbeat(): [GHC] T1 tick 48780  uptime 24482 s
[2026-05-14 08:03:35.370] [24487406][I][main.cpp:160] task_watchdog_heartbeat(): [GHC] T1 tick 48790  uptime 24487 s
[2026-05-14 08:03:35.721] [24487756][I][sensor_poll.cpp:359] task_sensor_poll(): [T5_SEN] [T5] iter 800 — woke from 30 s delay
[2026-05-14 08:03:35.729] [24487765][I][sensor_poll.cpp:395] task_sensor_poll(): [T5_SEN] [T5] iter 800 — polling FG6485A
[2026-05-14 08:03:35.760] [24487797][I][sensor_poll.cpp:432] task_sensor_poll(): [T5_SEN] [T5] iter 800 — polling S200
[2026-05-14 08:03:36.304] [24488336][I][sensor_poll.cpp:535] task_sensor_poll(): [T5_SEN] [T5] T=23°C RH=40% ws=0.0 m/s wd=0° | avg T=23 RH=40 ws=0.0 wd=0° [win T=12 RH=20 W=12]
[2026-05-14 08:03:36.324] [24488350][I][climate_control.cpp:434] task_climate_control(): [T6_CLI] [T6] T_avg=23 t_max=28 hyst=5 → step_t=0 | RH_avg=40 rh_max=75 rh_min=50 hyst=12 rh_en=1 → step_rh=0 | resolved=0 (was cur_t=0 cur_rh=0)
[2026-05-14 08:03:40.388] [24492424][I][main.cpp:160] task_watchdog_heartbeat(): [GHC] T1 tick 48800  uptime 24492 s
[2026-05-14 08:03:45.406] [24497442][I][main.cpp:160] task_watchdog_heartbeat(): [GHC] T1 tick 48810  uptime 24497 s
[2026-05-14 08:03:50.424] [24502460][I][main.cpp:160] task_watchdog_heartbeat(): [GHC] T1 tick 48820  uptime 24502 s
[2026-05-14 08:03:55.442] [24507478][I][main.cpp:160] task_watchdog_heartbeat(): [GHC] T1 tick 48830  uptime 24507 s
[2026-05-14 08:04:00.460] [24512496][I][main.cpp:160] task_watchdog_heartbeat(): [GHC] T1 tick 48840  uptime 24512 s
[2026-05-14 08:04:05.478] [24517514][I][main.cpp:160] task_watchdog_heartbeat(): [GHC] T1 tick 48850  uptime 24517 s
[2026-05-14 08:04:06.315] [24518350][I][sensor_poll.cpp:359] task_sensor_poll(): [T5_SEN] [T5] iter 801 — woke from 30 s delay
[2026-05-14 08:04:06.323] [24518359][I][sensor_poll.cpp:395] task_sensor_poll(): [T5_SEN] [T5] iter 801 — polling FG6485A
[2026-05-14 08:04:06.354] [24518392][I][sensor_poll.cpp:432] task_sensor_poll(): [T5_SEN] [T5] iter 801 — polling S200
[2026-05-14 08:04:06.898] [24518930][I][sensor_poll.cpp:535] task_sensor_poll(): [T5_SEN] [T5] T=23°C RH=40% ws=0.0 m/s wd=0° | avg T=23 RH=40 ws=0.0 wd=0° [win T=12 RH=20 W=12]
[2026-05-14 08:04:06.918] [24518944][I][climate_control.cpp:434] task_climate_control(): [T6_CLI] [T6] T_avg=23 t_max=28 hyst=5 → step_t=0 | RH_avg=40 rh_max=75 rh_min=50 hyst=12 rh_en=1 → step_rh=0 | resolved=0 (was cur_t=0 cur_rh=0)
[2026-05-14 08:04:10.496] [24522532][I][main.cpp:160] task_watchdog_heartbeat(): [GHC] T1 tick 48860  uptime 24522 s
[2026-05-14 08:04:14.896] [24526931][I][data_manager.cpp:229] read_rtc_and_seed_clock(): [T4] RTC: 2026-05-14 08:04:12 UTC  unix=1778745852  daytime=yes
[2026-05-14 08:04:15.514] [24527550][I][main.cpp:160] task_watchdog_heartbeat(): [GHC] T1 tick 48870  uptime 24527 s
[2026-05-14 08:04:20.532] [24532568][I][main.cpp:160] task_watchdog_heartbeat(): [GHC] T1 tick 48880  uptime 24532 s
[2026-05-14 08:04:25.550] [24537586][I][main.cpp:160] task_watchdog_heartbeat(): [GHC] T1 tick 48890  uptime 24537 s
[2026-05-14 08:04:30.568] [24542604][I][main.cpp:160] task_watchdog_heartbeat(): [GHC] T1 tick 48900  uptime 24542 s
[2026-05-14 08:04:35.586] [24547622][I][main.cpp:160] task_watchdog_heartbeat(): [GHC] T1 tick 48910  uptime 24547 s
[2026-05-14 08:04:36.909] [24548944][I][sensor_poll.cpp:359] task_sensor_poll(): [T5_SEN] [T5] iter 802 — woke from 30 s delay
[2026-05-14 08:04:36.918] [24548953][I][sensor_poll.cpp:395] task_sensor_poll(): [T5_SEN] [T5] iter 802 — polling FG6485A
[2026-05-14 08:04:36.949] [24548986][I][sensor_poll.cpp:432] task_sensor_poll(): [T5_SEN] [T5] iter 802 — polling S200
[2026-05-14 08:04:37.492] [24549524][I][sensor_poll.cpp:535] task_sensor_poll(): [T5_SEN] [T5] T=22°C RH=40% ws=0.0 m/s wd=0° | avg T=22 RH=40 ws=0.0 wd=0° [win T=12 RH=20 W=12]
[2026-05-14 08:04:37.512] [24549538][I][climate_control.cpp:434] task_climate_control(): [T6_CLI] [T6] T_avg=22 t_max=28 hyst=5 → step_t=0 | RH_avg=40 rh_max=75 rh_min=50 hyst=12 rh_en=1 → step_rh=0 | resolved=0 (was cur_t=0 cur_rh=0)
[2026-05-14 08:04:40.604] [24552640][I][main.cpp:160] task_watchdog_heartbeat(): [GHC] T1 tick 48920  uptime 24552 s
[2026-05-14 08:04:45.622] [24557658][I][main.cpp:160] task_watchdog_heartbeat(): [GHC] T1 tick 48930  uptime 24557 s
[2026-05-14 08:04:50.640] [24562676][I][main.cpp:160] task_watchdog_heartbeat(): [GHC] T1 tick 48940  uptime 24562 s
[2026-05-14 08:04:55.658] [24567694][I][main.cpp:160] task_watchdog_heartbeat(): [GHC] T1 tick 48950  uptime 24567 s
[2026-05-14 08:05:00.676] [24572712][I][main.cpp:160] task_watchdog_heartbeat(): [GHC] T1 tick 48960  uptime 24572 s
[2026-05-14 08:05:05.694] [24577730][I][main.cpp:160] task_watchdog_heartbeat(): [GHC] T1 tick 48970  uptime 24577 s
[2026-05-14 08:05:07.503] [24579538][I][sensor_poll.cpp:359] task_sensor_poll(): [T5_SEN] [T5] iter 803 — woke from 30 s delay
[2026-05-14 08:05:07.512] [24579547][I][sensor_poll.cpp:395] task_sensor_poll(): [T5_SEN] [T5] iter 803 — polling FG6485A
[2026-05-14 08:05:07.542] [24579579][I][sensor_poll.cpp:432] task_sensor_poll(): [T5_SEN] [T5] iter 803 — polling S200
[2026-05-14 08:05:08.087] [24580118][I][sensor_poll.cpp:535] task_sensor_poll(): [T5_SEN] [T5] T=23°C RH=40% ws=0.0 m/s wd=0° | avg T=22 RH=40 ws=0.0 wd=0° [win T=12 RH=20 W=12]
[2026-05-14 08:05:08.107] [24580132][I][climate_control.cpp:434] task_climate_control(): [T6_CLI] [T6] T_avg=22 t_max=28 hyst=5 → step_t=0 | RH_avg=40 rh_max=75 rh_min=50 hyst=12 rh_en=1 → step_rh=0 | resolved=0 (was cur_t=0 cur_rh=0)
[2026-05-14 08:05:10.712] [24582748][I][main.cpp:160] task_watchdog_heartbeat(): [GHC] T1 tick 48980  uptime 24582 s
[2026-05-14 08:05:14.085] [24586119][I][data_manager.cpp:229] read_rtc_and_seed_clock(): [T4] RTC: 2026-05-14 08:05:11 UTC  unix=1778745911  daytime=yes
[2026-05-14 08:05:15.730] [24587766][I][main.cpp:160] task_watchdog_heartbeat(): [GHC] T1 tick 48990  uptime 24587 s
[2026-05-14 08:05:20.749] [24592784][I][main.cpp:160] task_watchdog_heartbeat(): [GHC] T1 tick 49000  uptime 24592 s
[2026-05-14 08:05:25.766] [24597802][I][main.cpp:160] task_watchdog_heartbeat(): [GHC] T1 tick 49010  uptime 24597 s
[2026-05-14 08:05:30.784] [24602820][I][main.cpp:160] task_watchdog_heartbeat(): [GHC] T1 tick 49020  uptime 24602 s
[2026-05-14 08:05:35.803] [24607838][I][main.cpp:160] task_watchdog_heartbeat(): [GHC] T1 tick 49030  uptime 24607 s
